src,case,side,response,engaged,sense,trigger_step,steps_after,outcome,min_range,vport_frames,heading_dev_3s,pre_return,dcpa,tcpa,ct,u_pf,d_pf,u_prog,d_prog,u_exist,d_exist,u_smooth,d_smooth,u_obs,d_obs,u_bnd,d_bnd,u_dom,d_dom,u_col,d_col,u_terminal,d_terminal,u_total,d_total
dev,0,starboard,stand_on,True,1,4.0,65,goal,2.4574192601541522,0,0.5505684110076459,4.9075934188025006,2.455380360551736,9.042169361535493,268.8460486216667,-0.13253432189726533,-0.03395029971782926,96.84390630618708,29.212868131286907,-16.25,-4.906426874260996,-0.13154573700905914,-0.04564534106794616,0.0,0.0,0.0,0.0,0.0,0.0,-1.1428025146021654,-1.0166154049819343,100.0,4.011088748687537,179.1870237326786,27.221318959945737
dev,0,starboard,compliant_30,True,1,4.0,66,goal,2.9459230219705512,0,22.293560813689737,4.9075934188025006,2.455380360551736,9.042169361535493,268.8460486216667,-8.467731687766896,-2.6185483874966575,96.70732535432184,28.49014436682159,-16.5,-4.915963137984165,-1.84806701818512,-1.1100439253994716,0.0,0.0,0.0,0.0,0.0,0.0,-0.17592679302178832,-0.1714920350642678,100.0,3.8145054892676895,169.71559985534805,23.488602370144715
dev,0,starboard,wrong_30,True,1,4.0,66,goal,2.1027489116013776,0,-21.90958228613067,4.9075934188025006,2.455380360551736,9.042169361535493,268.8460486216667,-12.174150912010392,-2.769053730373622,96.76518248459826,28.519524600730083,-16.5,-4.915963137984165,-1.8442090753262255,-1.1126406144025573,0.0,0.0,0.0,0.0,-0.6195324904849787,-0.3656834937370421,-3.9539833411374548,-3.4629624455838695,100.0,3.8145054892676895,161.67330666563922,19.707726667916518
dev,0,starboard,compliant_60,True,1,4.0,66,goal,2.9459230219705512,0,22.293560813689737,4.9075934188025006,2.455380360551736,9.042169361535493,268.8460486216667,-8.467731687766896,-2.6185483874966575,96.70732535432184,28.49014436682159,-16.5,-4.915963137984165,-1.84806701818512,-1.1100439253994716,0.0,0.0,0.0,0.0,0.0,0.0,-0.17592679302178832,-0.1714920350642678,100.0,3.8145054892676895,169.71559985534805,23.488602370144715
dev,0,starboard,wrong_60,True,1,4.0,66,goal,2.1027489116013776,0,-21.90958228613067,4.9075934188025006,2.455380360551736,9.042169361535493,268.8460486216667,-12.174150912010392,-2.769053730373622,96.76518248459826,28.519524600730083,-16.5,-4.915963137984165,-1.8442090753262255,-1.1126406144025573,0.0,0.0,0.0,0.0,-0.6195324904849787,-0.3656834937370421,-3.9539833411374548,-3.4629624455838695,100.0,3.8145054892676895,161.67330666563922,19.707726667916518
dev,1,starboard,stand_on,True,1,3.0,13,target,1.4474066954307028,0,0.6230700819080255,1.6744419298435758,0.3757033796243289,9.49896904568514,250.8363733912049,-0.016902021777070564,-0.01298416517193198,18.900673829932792,14.352547028698755,-3.25,-2.4467453872682734,-0.03512012432014276,-0.02395784311611731,0.0,0.0,0.0,0.0,-4.464882457320245,-2.5021910792649567,-19.347988367710766,-16.533863371257922,-300.0,-164.14699271722827,-308.21421914119543,-171.31418753460872
dev,1,starboard,compliant_30,True,1,3.0,68,goal,1.3314072170240165,0,19.30198750634571,1.6744419298435758,0.3757033796243289,9.49896904568514,250.8363733912049,-27.209470130162227,-7.120442541636792,96.98862671358714,27.610904862804848,-17.0,-4.933656455871912,-4.279675935886756,-2.2344705540755423,0.0,0.0,0.0,0.0,0.0,0.0,-11.445179223475309,-10.594708455014846,100.0,3.449770389516387,137.05430142406283,6.177397245722143
dev,1,starboard,wrong_30,True,1,3.0,15,target,1.2969062697115843,0,-18.76235515044425,1.6744419298435758,0.3757033796243289,9.49896904568514,250.8363733912049,-3.7299471525339807,-2.1855972872962934,20.13051177312456,14.863343563335253,-3.75,-2.7005401828309017,-2.4443406818200515,-1.6442731062331322,0.0,0.0,0.0,0.0,-0.004301358149153239,-0.0021284783009874143,-51.39760344407126,-40.5691895281447,-300.0,-148.451597880062,-341.19568086344987,-180.68998289953277
dev,1,starboard,compliant_60,True,1,3.0,69,goal,1.4335319510600821,0,19.30198750634571,1.6744419298435758,0.3757033796243289,9.49896904568514,250.8363733912049,-41.638416539475905,-9.82885731385448,96.45384348819441,26.986991179518785,-17.25,-4.941858199159086,-2.6990062985787757,-1.0289049947714213,0.0,0.0,0.0,0.0,0.0,0.0,-11.445179223475309,-10.594708455014846,100.0,3.2806973148697316,123.42124142666442,3.8733595315886826
dev,1,starboard,wrong_60,True,1,3.0,16,target,1.2132389142584603,0,-18.76235515044425,1.6744419298435758,0.3757033796243289,9.49896904568514,250.8363733912049,-5.1707274635387686,-2.908571199716311,20.452734090560792,15.00275717610353,-4.0,-2.818186843227314,-0.7964826296813499,-0.5260780338956993,0.0,0.0,0.0,0.0,-0.019490445004683492,-0.009171943057763804,-51.39746527649477,-40.569092334481496,-300.0,-141.17599247569487,-340.93143172415876,-173.00433565396992
dev,2,port,stand_on,True,-1,3.0,13,target,1.4791883584436905,0,-0.44273459731186904,2.307676202942061,1.4601377428364724,8.377208724734128,82.39726623201037,-0.015667038423046065,-0.011733363089417331,19.177881736495067,14.434289810726387,-3.25,-2.4467453872682734,-0.03513068479635344,-0.025094450055510264,0.0,0.0,0.0,0.0,-7.182805351443221,-4.219527049496982,-2.3507894398980946,-1.7732485518338534,-300.0,-164.14699271722827,-293.65651077806564,-158.18905170824593
dev,2,port,compliant_30,True,-1,3.0,69,goal,1.9859580952522478,0,-18.967073623469048,2.307676202942061,1.4601377428364724,8.377208724734128,82.39726623201037,-43.01807424600861,-8.425935960612584,96.65409663367456,27.080930536230372,-17.25,-4.941858199159086,-4.351358663719365,-2.23828865697148,0.0,0.0,0.0,0.0,-0.19715989477080342,-0.13739467530296268,-0.31153119937489115,-0.22586976401361875,100.0,3.2806973148697316,131.5259726298009,14.392280595040374
dev,2,port,wrong_30,True,-1,3.0,15,target,1.3257089406361857,0,18.812021541348997,2.307676202942061,1.4601377428364724,8.377208724734128,82.39726623201037,-4.753432985371846,-2.7532341506329168,19.914312679462697,14.652371606868744,-3.75,-2.7005401828309017,-2.4477125881166897,-1.6456867504115262,0.0,0.0,0.0,0.0,-3.6885579243791167,-1.8544076006247376,-57.41144925217041,-35.57502244013352,-300.0,-148.451597880062,-352.1368400705754,-178.32811739782687
dev,2,port,compliant_60,True,-1,3.0,83,goal,2.0057686521844094,0,-18.967073623469048,2.307676202942061,1.4601377428364724,8.377208724734128,82.39726623201037,-115.83191141239864,-16.298842144260846,103.08256425047554,25.46867810927848,-20.75,-5.022253005137024,-2.655282005435415,-0.8341494180116824,0.0,0.0,-38.93501975713356,-0.8428165878252846,-0.1933865270699794,-0.13486535909254294,-0.1551216512149523,-0.1402892408045706,100.0,1.6234158618441348,24.561842897222988,3.8188782159906633
dev,2,port,wrong_60,True,-1,3.0,17,target,1.2846461257416846,0,18.812021541348997,2.307676202942061,1.4601377428364724,8.377208724734128,82.39726623201037,-8.590873480502523,-4.581398358738211,21.210242258210737,15.22082229850256,-4.25,-2.9300676466682667,-1.0912100657944155,-0.6018861920879652,0.0,0.0,0.0,0.0,-3.6156660029697214,-1.673585796268926,-70.73315784294981,-41.322122989265495,-300.0,-134.25696412914309,-367.0706651340057,-170.14520281366939
dev,3,port,stand_on,False,0,,0,target,1.3923856471774323,0,,-291.71206898232657,0.8128280920360667,10.13576215092496,70.71932239246014,0.0,0.0,0.0,0.0,0.0,0.0,0.0,0.0,0.0,0.0,0.0,0.0,0.0,0.0,0.0,0.0,0.0,0.0,0.0,0.0
dev,3,port,compliant_30,False,0,,0,target,1.3923856471774323,0,,-291.71206898232657,0.8128280920360667,10.13576215092496,70.71932239246014,0.0,0.0,0.0,0.0,0.0,0.0,0.0,0.0,0.0,0.0,0.0,0.0,0.0,0.0,0.0,0.0,0.0,0.0,0.0,0.0
dev,3,port,wrong_30,False,0,,0,target,1.3923856471774323,0,,-291.71206898232657,0.8128280920360667,10.13576215092496,70.71932239246014,0.0,0.0,0.0,0.0,0.0,0.0,0.0,0.0,0.0,0.0,0.0,0.0,0.0,0.0,0.0,0.0,0.0,0.0,0.0,0.0
dev,3,port,compliant_60,False,0,,0,target,1.3923856471774323,0,,-291.71206898232657,0.8128280920360667,10.13576215092496,70.71932239246014,0.0,0.0,0.0,0.0,0.0,0.0,0.0,0.0,0.0,0.0,0.0,0.0,0.0,0.0,0.0,0.0,0.0,0.0,0.0,0.0
dev,3,port,wrong_60,False,0,,0,target,1.3923856471774323,0,,-291.71206898232657,0.8128280920360667,10.13576215092496,70.71932239246014,0.0,0.0,0.0,0.0,0.0,0.0,0.0,0.0,0.0,0.0,0.0,0.0,0.0,0.0,0.0,0.0,0.0,0.0,0.0,0.0
dev,4,starboard,stand_on,False,0,,0,goal,2.509249648765573,0,,179.84576260522914,2.4658059993829493,8.556858237844443,249.48839528708197,0.0,0.0,0.0,0.0,0.0,0.0,0.0,0.0,0.0,0.0,0.0,0.0,0.0,0.0,0.0,0.0,0.0,0.0,0.0,0.0
dev,4,starboard,compliant_30,False,0,,0,goal,2.509249648765573,0,,179.84576260522914,2.4658059993829493,8.556858237844443,249.48839528708197,0.0,0.0,0.0,0.0,0.0,0.0,0.0,0.0,0.0,0.0,0.0,0.0,0.0,0.0,0.0,0.0,0.0,0.0,0.0,0.0
dev,4,starboard,wrong_30,False,0,,0,goal,2.509249648765573,0,,179.84576260522914,2.4658059993829493,8.556858237844443,249.48839528708197,0.0,0.0,0.0,0.0,0.0,0.0,0.0,0.0,0.0,0.0,0.0,0.0,0.0,0.0,0.0,0.0,0.0,0.0,0.0,0.0
dev,4,starboard,compliant_60,False,0,,0,goal,2.509249648765573,0,,179.84576260522914,2.4658059993829493,8.556858237844443,249.48839528708197,0.0,0.0,0.0,0.0,0.0,0.0,0.0,0.0,0.0,0.0,0.0,0.0,0.0,0.0,0.0,0.0,0.0,0.0,0.0,0.0
dev,4,starboard,wrong_60,False,0,,0,goal,2.509249648765573,0,,179.84576260522914,2.4658059993829493,8.556858237844443,249.48839528708197,0.0,0.0,0.0,0.0,0.0,0.0,0.0,0.0,0.0,0.0,0.0,0.0,0.0,0.0,0.0,0.0,0.0,0.0,0.0,0.0
dev,5,starboard,stand_on,True,1,3.0,13,target,1.7503996417243397,0,0.44536940719294194,2.2681363971852457,0.011672841727625172,9.689499897718894,217.56740935493644,-0.01926266827710954,-0.014898867676590205,19.21156621572326,14.52265386265272,-3.25,-2.4467453872682734,-0.03319930814494535,-0.02410475777933953,0.0,0.0,0.0,0.0,-1.6552097271371022,-0.9156144670915703,-34.581960563634695,-25.726584816302914,-300.0,-164.14699271722827,-320.3280660514706,-178.75228715069423
dev,5,starboard,compliant_30,True,1,3.0,69,goal,1.1070731454387288,0,19.971582147155658,2.2681363971852457,0.011672841727625172,9.689499897718894,217.56740935493644,-65.04964821894087,-12.262999713828785,97.78656509798564,27.272122389255188,-17.25,-4.941858199159086,-4.725643703867805,-2.336511929416022,0.0,0.0,0.0,0.0,-0.384173792038964,-0.1828260187470806,-16.81960249846525,-12.557686898013245,100.0,3.2806973148697316,93.55749688467274,-1.7290630550393007
dev,5,starboard,wrong_30,True,1,3.0,17,target,1.1189751268506343,0,-19.836882430448895,2.2681363971852457,0.011672841727625172,9.689499897718894,217.56740935493644,-5.39229308198581,-3.0599614318053114,22.00195027009493,15.680977930990208,-4.25,-2.9300676466682667,-3.2777185615964317,-2.0425952743256928,0.0,0.0,0.0,0.0,-0.1477547755239322,-0.06636281435946573,-114.02054547846586,-72.93241512343889,-300.0,-134.25696412914309,-405.0863616274771,-199.6073884887505
dev,5,starboard,compliant_60,True,1,3.0,47,other,1.3030535451608583,0,19.971582147155658,2.2681363971852457,0.011672841727625172,9.689499897718894,217.56740935493644,-68.41090620773848,-17.462883995302057,54.783976791301775,22.591367298908132,-11.75,-4.620247035021842,-2.31562402380096,-0.8746328035178921,0.0,0.0,-75.99666370755318,-9.139343433857956,0.0,0.0,-9.962151575270505,-9.037877630843347,-300.0,-29.731444655662333,-413.65136872306135,-48.2750622552973
dev,5,starboard,wrong_60,True,1,3.0,17,target,1.3299227290757685,0,-19.836882430448895,2.2681363971852457,0.011672841727625172,9.689499897718894,217.56740935493644,-7.302289031160261,-4.010920963073417,20.935898008070605,15.148813215313469,-4.25,-2.9300676466682667,-0.7614271505306505,-0.44364840997131744,0.0,0.0,0.0,0.0,0.0,0.0,-107.73518165760596,-69.7760398960184,-300.0,-134.25696412914309,-399.11299983122626,-196.26882782956102
dev,6,port,stand_on,True,-1,3.0,66,goal,2.4026930488924227,0,-0.4494879164394092,3.2826743174321606,2.4529873854013067,9.062939829678658,93.3183488559975,-4.010568023802069,-1.0183565464127398,97.06065249644715,29.00707211977472,-16.5,-4.915963137984165,-0.13300154324091468,-0.046307664495463294,0.0,0.0,0.0,0.0,0.0,0.0,-12.785849418599888,-10.242803166867864,100.0,3.8145054892676895,163.6312335108043,16.59814709328218
dev,6,port,compliant_30,True,-1,3.0,69,goal,1.549586925653223,0,-21.215477508903973,3.2826743174321606,2.4529873854013067,9.062939829678658,93.3183488559975,-40.26261527580502,-8.66809615738552,97.24333580325266,27.444882263542336,-17.25,-4.941858199159086,-4.084443724877912,-2.121518904861733,0.0,0.0,0.0,0.0,0.0,0.0,-17.590708207258338,-12.158991062965224,100.0,3.2806973148697316,118.0555685953114,2.835115254040504
dev,6,port,wrong_30,True,-1,3.0,69,goal,3.0006477708241923,0,21.130167746581748,3.2826743174321606,2.4529873854013067,9.062939829678658,93.3183488559975,-99.1886091840826,-19.041657418462602,97.2479269617806,27.44788295543999,-17.25,-4.941858199159086,-4.090564701803102,-2.1262108335559997,0.0,0.0,-4.870150425889682,-1.2667982789100294,0.0,0.0,-45.55304372934779,-32.279217782156564,100.0,3.2806973148697316,26.29555892065744,-28.927162241934564
dev,6,port,compliant_60,True,-1,3.0,93,other,1.3405334641292797,0,-21.215477508903973,3.2826743174321606,2.4529873854013067,9.062939829678658,93.3183488559975,-124.65888938726279,-16.9878566788434,103.00438498040785,25.682450758477962,-23.25,-5.05335956119959,-2.3575045011456295,-0.7125663665994805,0.0,0.0,-101.36095347689695,-1.158592832639235,0.0,0.0,-14.319112997756452,-10.360216138007369,-300.0,-2.9465293377090407,-462.94207538265397,-11.536670156520152
dev,6,port,wrong_60,True,-1,3.0,17,other,3.0631332759980108,0,21.130167746581748,3.2826743174321606,2.4529873854013067,9.062939829678658,93.3183488559975,-11.017592881986,-5.973142700575808,21.89153803780956,15.574364431195463,-4.25,-2.9300676466682667,-0.6341828972982739,-0.3901947445782958,0.0,0.0,-22.300612715757914,-10.169034236267654,0.0,0.0,-42.07960376789695,-30.38324171897513,-300.0,-134.25696412914309,-358.3904542251296,-168.52828074501278
dev,7,port,stand_on,True,-1,4.0,15,target,1.5119560495237954,0,0.0,3.505306866068736,0.17000430075675282,11.63413261725211,79.82436139105627,0.0,0.0,21.604704786723506,15.760214413701188,-3.75,-2.7005401828309017,0.0,0.0,0.0,0.0,0.0,0.0,-0.07801049470575042,-0.03863185150506224,-51.56146133232229,-36.536042347245704,-300.0,-148.451597880062,-333.78476704030453,-171.96659784794247
dev,7,port,compliant_30,True,-1,4.0,15,target,1.325599079454343,0,-20.366824600699147,3.505306866068736,0.17000430075675282,11.63413261725211,79.82436139105627,-4.409515401683544,-2.575539749706917,20.434963623814774,15.011125902954754,-3.75,-2.7005401828309017,-2.637142802732345,-1.7633241049250081,0.0,0.0,0.0,0.0,-7.782663674510896,-4.154598436972662,-26.111572744473065,-19.045828592149626,-300.0,-148.451597880062,-324.2559309995851,-163.68030304369236
dev,7,port,wrong_30,True,-1,4.0,21,target,1.221101002738146,0,20.36682460069912,3.505306866068736,0.17000430075675282,11.63413261725211,79.82436139105627,-10.010899690607564,-4.882649743324391,28.83364764369445,18.526637374238447,-5.25,-3.3253802757266895,-3.8459027818378004,-2.2972261626077524,0.0,0.0,0.0,0.0,-0.02675271516982368,-0.009792358969026386,-166.72491456082736,-98.75276369305298,-300.0,-109.80970238196865,-457.02482210474807,-200.55087724141106
dev,7,port,compliant_60,True,-1,4.0,16,target,1.324589707687971,0,-20.366824600699147,3.505306866068736,0.17000430075675282,11.63413261725211,79.82436139105627,-6.702445584779305,-3.7200402533225687,20.64521599483274,15.080340559850443,-4.0,-2.818186843227314,-0.5725099823173707,-0.35384580836894886,0.0,0.0,0.0,0.0,-2.0619972163280273,-1.1683108367922954,-13.838916613779991,-12.449090299280186,-300.0,-141.17599247569487,-306.53065340237197,-146.60512595683574
dev,7,port,wrong_60,True,-1,4.0,27,other,1.6923712454287527,0,20.36682460069912,3.505306866068736,0.17000430075675282,11.63413261725211,79.82436139105627,-27.6441865493728,-10.932310296304069,30.365481441548692,18.621354107196197,-6.75,-3.7875747257496717,-0.7416585868906012,-0.42415011211261183,0.0,0.0,-107.75470038411349,-34.301281454317675,0.0,0.0,-206.8715763854383,-110.66441138788292,-300.0,-81.22627785359812,-619.3966404642665,-222.71465172276885
dev,8,port,stand_on,True,-1,3.0,11,target,1.7740798348736135,0,-0.7347138469496599,1.4558108329805004,0.23622966892240083,8.507879150870341,151.61089879673176,-0.011119527677586727,-0.009190254115801993,15.838234667983054,12.583668119075787,-2.75,-2.1661175391763514,-0.02363715985522376,-0.017555124662556532,0.0,0.0,0.0,0.0,-3.7675457102257868,-2.3342405788344767,-30.846173355780135,-23.987957890369533,-300.0,-181.50182014126085,-321.5602410855557,-197.43321340934378
dev,8,port,compliant_30,True,-1,3.0,71,goal,1.1914602878783076,0,-22.996796806572434,1.4558108329805004,0.23622966892240083,8.507879150870341,151.61089879673176,-41.05737975226658,-10.096322239103571,97.85093005395704,26.426851840339253,-17.75,-4.957075485029767,-5.120149948902157,-2.612313143072876,0.0,0.0,0.0,0.0,-0.04108315120675047,-0.021318211617415875,-13.038455621553915,-10.53457383712045,100.0,2.9670038450977003,120.84386158002764,1.1722527694928733
dev,8,port,wrong_30,True,-1,3.0,13,target,1.2120240576408743,0,22.371735035685447,1.4558108329805004,0.23622966892240083,8.507879150870341,151.61089879673176,-4.614415324282584,-2.8944723134703474,17.03760957049756,13.145977869517239,-3.25,-2.4467453872682734,-3.2678585129662583,-2.1559388951006575,0.0,0.0,0.0,0.0,-0.05355414203635177,-0.02930250454272814,-65.1744412820497,-49.455337917516594,-300.0,-164.14699271722827,-359.3226596908373,-207.98281186560962
dev,8,port,compliant_60,True,-1,3.0,86,goal,1.2911794252908926,0,-23.00110349105455,1.4558108329805004,0.23622966892240083,8.507879150870341,151.61089879673176,-126.93318550170746,-20.245316963456023,103.01475656020743,23.46814635816932,-21.5,-5.033273687417616,-4.798193819504592,-1.7056157905147864,0.0,0.0,0.0,0.0,-0.008786487154507657,-0.004429033511829954,-9.371322008814339,-8.595519730497566,100.0,1.3962323750362355,40.40326874302654,-10.719776472192263
dev,8,port,wrong_60,True,-1,3.0,13,target,1.2102672382236175,0,22.372656931972813,1.4558108329805004,0.23622966892240083,8.507879150870341,151.61089879673176,-5.386388886495954,-3.3363235122746353,16.879127285970622,13.050638807048397,-3.25,-2.4467453872682734,-1.137003923564663,-0.6935181427699209,0.0,0.0,0.0,0.0,-0.013102695346380613,-0.007169226791994664,-77.50702944810088,-56.38839842747341,-300.0,-164.14699271722827,-370.4143976675373,-213.96850860675812
dev,9,starboard,stand_on,False,0,,0,target,1.6025527304863096,0,,-280.24005951642175,1.5379687920128267,9.281948455447523,257.9345989647785,0.0,0.0,0.0,0.0,0.0,0.0,0.0,0.0,0.0,0.0,0.0,0.0,0.0,0.0,0.0,0.0,0.0,0.0,0.0,0.0
dev,9,starboard,compliant_30,False,0,,0,target,1.6025527304863096,0,,-280.24005951642175,1.5379687920128267,9.281948455447523,257.9345989647785,0.0,0.0,0.0,0.0,0.0,0.0,0.0,0.0,0.0,0.0,0.0,0.0,0.0,0.0,0.0,0.0,0.0,0.0,0.0,0.0
dev,9,starboard,wrong_30,False,0,,0,target,1.6025527304863096,0,,-280.24005951642175,1.5379687920128267,9.281948455447523,257.9345989647785,0.0,0.0,0.0,0.0,0.0,0.0,0.0,0.0,0.0,0.0,0.0,0.0,0.0,0.0,0.0,0.0,0.0,0.0,0.0,0.0
dev,9,starboard,compliant_60,False,0,,0,target,1.6025527304863096,0,,-280.24005951642175,1.5379687920128267,9.281948455447523,257.9345989647785,0.0,0.0,0.0,0.0,0.0,0.0,0.0,0.0,0.0,0.0,0.0,0.0,0.0,0.0,0.0,0.0,0.0,0.0,0.0,0.0
dev,9,starboard,wrong_60,False,0,,0,target,1.6025527304863096,0,,-280.24005951642175,1.5379687920128267,9.281948455447523,257.9345989647785,0.0,0.0,0.0,0.0,0.0,0.0,0.0,0.0,0.0,0.0,0.0,0.0,0.0,0.0,0.0,0.0,0.0,0.0,0.0,0.0
dev,10,port,stand_on,True,-1,3.0,66,goal,2.2469144467632263,0,0.46229476772489875,3.6566067551970125,2.226126868249491,9.64953455321088,165.26412353887025,-4.710796588748995,-1.189459284427483,96.82393418536527,28.944368837243363,-16.5,-4.915963137984165,-0.13665470606160413,-0.04684643448246125,0.0,0.0,0.0,0.0,0.0,0.0,-5.250112809683272,-3.367402482152929,100.0,3.8145054892676895,170.2263700808714,23.239202987464015
dev,10,port,compliant_30,True,-1,3.0,70,goal,1.1235909641544053,0,-20.814315374401076,3.6566067551970125,2.226126868249491,9.64953455321088,165.26412353887025,-55.47652001264077,-10.791613569734194,97.10798717153476,27.022724707978856,-17.5,-4.949657975417023,-5.516256765421668,-2.6739312739274737,0.0,0.0,0.0,0.0,-1.6562055976315995,-0.8276822486817427,-15.875025193732009,-8.162469713881677,100.0,3.1199105031747614,101.08397960210871,2.737280429511509
dev,10,port,wrong_30,True,-1,3.0,70,goal,3.20846399854781,0,20.92221082267787,3.6566067551970125,2.226126868249491,9.64953455321088,165.26412353887025,-96.01888114052831,-17.405781283349,97.40119167377529,27.07430443318803,-17.5,-4.949657975417023,-5.0864966199114185,-2.547511007140749,0.0,0.0,0.0,0.0,0.0,0.0,-29.41038488549087,-19.12598222141469,100.0,3.1199105031747614,49.385429027844694,-13.834717550958672
dev,10,port,compliant_60,True,-1,3.0,15,target,1.6397987698333536,0,-20.814315374401076,3.6566067551970125,2.226126868249491,9.64953455321088,165.26412353887025,-5.73566915542852,-3.42487521772234,19.460966247857392,14.407541464927249,-3.75,-2.7005401828309017,-0.5245352838765598,-0.33414484906976377,0.0,0.0,0.0,0.0,-5.018270583847329,-2.5632754550424455,-0.5872780153195466,-0.533121297807308,-300.0,-148.451597880062,-296.15478679061454,-143.6000134176075
dev,10,port,wrong_60,True,-1,3.0,28,other,3.3707672985663293,0,20.92221082267787,3.6566067551970125,2.226126868249491,9.64953455321088,165.26412353887025,-32.48402074652971,-12.941740917161155,32.58604708538994,19.039495921670614,-7.0,-3.851945877440659,-1.4861294133452247,-0.6944013444435577,0.0,0.0,-99.50871007327999,-30.69332752507655,0.0,0.0,-25.064333878687517,-17.024921759091622,-300.0,-77.24538202918453,-432.9571470264525,-123.41222353072746
dev,11,port,stand_on,True,-1,5.0,13,target,1.6208633091517703,0,-0.5041724846581701,4.277672625319472,0.23366396928340888,10.766328830535238,123.49873427544586,-0.015448128050695065,-0.011813659542096728,19.23723337922938,14.536697821656423,-3.25,-2.4467453872682734,-0.03359180199794534,-0.024444341093195914,0.0,0.0,0.0,0.0,-2.15732525610731,-1.1945491802046497,-36.547115595766265,-26.28746345460777,-300.0,-164.14699271722827,-322.76624740269284,-179.57531091828784
dev,11,port,compliant_30,True,-1,5.0,64,goal,1.3025147324985167,0,-21.746226960061165,4.277672625319472,0.23366396928340888,10.766328830535238,123.49873427544586,-36.30153806983457,-8.183769809299557,92.14745380411063,27.612346073289544,-16.0,-4.896399152389277,-4.278056318260358,-2.2693551334781157,0.0,0.0,0.0,0.0,-0.0045323067435962625,-0.0022697864269145885,-13.195500038498768,-10.249424950323329,100.0,4.2178030665087585,122.36782707077333,6.22893030788111
dev,11,port,wrong_30,True,-1,5.0,15,target,1.3987088539425006,0,21.361036738096516,4.277672625319472,0.23366396928340888,10.766328830535238,123.49873427544586,-3.742594299135428,-2.219095776209116,20.77159813410246,15.170768185690319,-3.75,-2.7005401828309017,-2.3720965585599174,-1.6394786567479678,0.0,0.0,0.0,0.0,0.0,0.0,-42.787769110310556,-34.56097159264478,-300.0,-148.451597880062,-331.88086183390345,-174.40091590280446
dev,11,port,compliant_60,True,-1,5.0,95,other,1.5152215228986605,0,-21.746605668951133,4.277672625319472,0.23366396928340888,10.766328830535238,123.49873427544586,-143.5487339406721,-18.460225635965188,99.49107044266752,25.3541661709015,-23.75,-5.057915318198266,-2.9423966681253537,-0.9398747791141556,0.0,0.0,-156.488885825256,-1.7855746179078316,0.0,0.0,-8.075110429412506,-7.503779115264449,-300.0,-2.66478831651162,-535.3140564207985,-11.057991612060011
dev,11,port,wrong_60,True,-1,5.0,16,target,1.3036896018483508,0,21.361036738096516,4.277672625319472,0.23366396928340888,10.766328830535238,123.49873427544586,-5.104697230900759,-2.9168481220722646,21.114125967887098,15.300826422626246,-4.0,-2.818186843227314,-0.8649276811719631,-0.5854866548921174,0.0,0.0,0.0,0.0,-3.815229208647234e-05,-1.7953959001767774e-05,-42.783247172686906,-34.5577906460465,-300.0,-141.17599247569487,-331.6387842691646,-166.75349627326582
dev,12,port,stand_on,True,-1,3.0,66,goal,1.637678374515448,0,0.6225940013509614,1.7218789296689931,1.624241388782099,8.020618658983967,169.30086923475568,-5.283266593419209,-1.3510134394351057,96.43011508030663,28.84404488225415,-16.5,-4.915963137984165,-0.12425308626524068,-0.043499856905919745,0.0,0.0,0.0,0.0,0.0,0.0,-11.637454088825148,-8.13096755482199,100.0,3.8145054892676895,162.88514131179704,18.217106382374656
dev,12,port,compliant_30,True,-1,3.0,12,target,1.4686478805277894,0,-19.5807524195543,1.7218789296689931,1.624241388782099,8.020618658983967,169.30086923475568,-2.571159584121327,-1.7269593761808464,15.877449856080364,12.520317745413003,-3.0,-2.3099562266705833,-2.2641129459762563,-1.55186927452691,0.0,0.0,0.0,0.0,-6.0543721434265,-3.673709799471227,-4.260467027803126,-3.4640326534838186,-300.0,-172.60642499307843,-302.27266184524683,-172.8126345779988
dev,12,port,wrong_30,True,-1,3.0,69,goal,2.278341735027325,0,20.0801007400394,1.7218789296689931,1.624241388782099,8.020618658983967,169.30086923475568,-34.829069171812144,-8.35529666167777,96.06692548227149,27.071030472656762,-17.25,-4.941858199159086,-4.079585743592891,-2.197409421243632,0.0,0.0,0.0,0.0,0.0,0.0,-38.255572872227376,-27.643486687985494,100.0,3.2806973148697316,101.65269769463907,-12.786323182539485
dev,12,port,compliant_60,True,-1,3.0,11,target,1.6030983337264564,0,-19.5807524195543,1.7218789296689931,1.624241388782099,8.020618658983967,169.30086923475568,-1.9887218274851641,-1.3933060482046544,15.365314707286775,12.224441471579091,-2.75,-2.1661175391763514,-0.125,-0.125,0.0,0.0,0.0,0.0,-4.187723730512166,-2.612593031292782,-4.07806864930252,-3.355575200045236,-300.0,-181.50182014126085,-297.7641995000131,-178.92997048840078
dev,12,port,wrong_60,True,-1,3.0,75,goal,2.2997922669389643,0,20.0801007400394,1.7218789296689931,1.624241388782099,8.020618658983967,169.30086923475568,-72.1016698786129,-13.860692001975469,100.08438220583793,25.904693437717143,-18.75,-4.983284049286526,-2.3202843353451525,-0.7194239430130718,0.0,0.0,0.0,0.0,0.0,0.0,-38.26336848871872,-27.648222251810793,100.0,2.4267330287830675,68.64905950316115,-18.880195779585648
dev,13,port,stand_on,True,-1,4.0,16,target,1.4310450430111379,0,-0.6270256288285054,4.240594091843393,1.4394070464462696,10.383855597374302,116.28327931154196,-0.023276079860124255,-0.016044007652799574,24.0,16.909121059363887,-4.0,-2.818186843227314,-0.0445367429401487,-0.02866386946309042,0.0,0.0,0.0,0.0,-2.6499807363816177,-1.4078951932892325,-21.454544128524674,-14.575750328392525,-300.0,-141.17599247569487,-304.17233768770654,-143.11341165835594
dev,13,port,compliant_30,True,-1,4.0,67,goal,2.4468805711839923,0,-21.90200524511056,4.240594091843393,1.4394070464462696,10.383855597374302,116.28327931154196,-24.010467005377983,-6.958139646328499,95.40322801144808,27.294170374138098,-16.75,-4.925032029898121,-3.7680941815900577,-2.0613680257100766,0.0,0.0,0.0,0.0,0.0,0.0,-2.186334727138623,-2.0483629787287807,100.0,3.6275567655825034,148.6883320973414,14.928824459055125
dev,13,port,wrong_30,True,-1,4.0,17,target,1.3208390101108376,0,21.35584623421363,4.240594091843393,1.4394070464462696,10.383855597374302,116.28327931154196,-5.529907205216463,-3.1330967964051593,22.097619420328208,15.72353823838274,-4.25,-2.9300676466682667,-3.0666348561108467,-1.998257538067986,0.0,0.0,0.0,0.0,-5.1106568053438295,-2.337738923310972,-59.26616577612128,-41.294985315800886,-300.0,-134.25696412914309,-355.1257452224642,-170.22757211101361
dev,13,port,compliant_60,True,-1,4.0,68,goal,2.5770346112394953,0,-21.90282613040563,4.240594091843393,1.4394070464462696,10.383855597374302,116.28327931154196,-33.42709346945745,-9.01934774335616,95.14804751854686,26.720714132198346,-17.0,-4.933656455871912,-2.4313079288276125,-1.0230325675666703,0.0,0.0,0.0,0.0,0.0,0.0,-2.186334727138623,-2.0483629787287807,100.0,3.449770389516387,140.10331139312316,13.14608477619121
dev,13,port,wrong_60,True,-1,4.0,18,target,1.2953409189697846,0,21.35584623421363,4.240594091843393,1.4394070464462696,10.383855597374302,116.28327931154196,-9.419664596739384,-4.985126676573906,21.579534986245605,15.407159473957924,-4.5,-3.03646517751543,-1.0759372638714186,-0.6065446882825767,0.0,0.0,0.0,0.0,-0.19865288786384666,-0.08488723620656463,-92.44750517454273,-56.50872326227441,-300.0,-127.67703701659627,-386.06222493677177,-177.49162458349124
dev,14,port,stand_on,False,0,,0,target,1.2697686520441611,0,,-287.64838255541827,0.9180185044120603,12.325303409659567,89.27241364287374,0.0,0.0,0.0,0.0,0.0,0.0,0.0,0.0,0.0,0.0,0.0,0.0,0.0,0.0,0.0,0.0,0.0,0.0,0.0,0.0
dev,14,port,compliant_30,False,0,,0,target,1.2697686520441611,0,,-287.64838255541827,0.9180185044120603,12.325303409659567,89.27241364287374,0.0,0.0,0.0,0.0,0.0,0.0,0.0,0.0,0.0,0.0,0.0,0.0,0.0,0.0,0.0,0.0,0.0,0.0,0.0,0.0
dev,14,port,wrong_30,False,0,,0,target,1.2697686520441611,0,,-287.64838255541827,0.9180185044120603,12.325303409659567,89.27241364287374,0.0,0.0,0.0,0.0,0.0,0.0,0.0,0.0,0.0,0.0,0.0,0.0,0.0,0.0,0.0,0.0,0.0,0.0,0.0,0.0
dev,14,port,compliant_60,False,0,,0,target,1.2697686520441611,0,,-287.64838255541827,0.9180185044120603,12.325303409659567,89.27241364287374,0.0,0.0,0.0,0.0,0.0,0.0,0.0,0.0,0.0,0.0,0.0,0.0,0.0,0.0,0.0,0.0,0.0,0.0,0.0,0.0
dev,14,port,wrong_60,False,0,,0,target,1.2697686520441611,0,,-287.64838255541827,0.9180185044120603,12.325303409659567,89.27241364287374,0.0,0.0,0.0,0.0,0.0,0.0,0.0,0.0,0.0,0.0,0.0,0.0,0.0,0.0,0.0,0.0,0.0,0.0,0.0,0.0
dev,15,starboard,stand_on,True,1,5.0,13,target,1.6017786767413897,0,-0.5756060282295721,5.6329201731706195,1.622891763736585,9.608986499702809,262.9418030030328,-0.02474265946933829,-0.018391935756626072,19.5,14.680472323609642,-3.25,-2.4467453872682734,-0.031394627396206146,-0.023154857350240126,0.0,0.0,0.0,0.0,-1.7402554387558895,-1.1175294938974774,-4.55429161004426,-4.177094535649726,-300.0,-164.14699271722827,-290.1006843356657,-157.24943660354097
dev,15,starboard,compliant_30,True,1,5.0,63,goal,2.1517012249259384,0,21.407714202759678,5.6329201731706195,1.622891763736585,9.608986499702809,262.9418030030328,-6.703979134775021,-2.1259537310130243,93.42807363861155,28.742815762458115,-15.75,-4.885854644723005,-2.141382379894836,-1.2558855004001044,0.0,0.0,0.0,0.0,0.0,0.0,-3.4140577532635725,-3.1829664925824073,100.0,4.435170554047622,165.4186543706781,21.7273259477872
dev,15,starboard,wrong_30,True,1,5.0,14,target,1.3542297070646607,0,-22.124501522687353,5.6329201731706195,1.622891763736585,9.608986499702809,262.9418030030328,-2.3346390156526056,-1.4346656048522783,19.09712194581372,14.364164018176785,-3.5,-2.57683051793085,-1.2991724784204735,-0.9311098233374144,0.0,0.0,0.0,0.0,-9.767079575173774,-5.318987312614903,-13.45766942254242,-11.645898801054788,-300.0,-156.10215679509182,-311.2614385459756,-163.64548483670526
dev,15,starboard,compliant_60,True,1,5.0,63,goal,2.1517012249259384,0,21.407714202759678,5.6329201731706195,1.622891763736585,9.608986499702809,262.9418030030328,-6.703979134775021,-2.1259537310130243,93.42807363861155,28.742815762458115,-15.75,-4.885854644723005,-2.141382379894836,-1.2558855004001044,0.0,0.0,0.0,0.0,0.0,0.0,-3.4140577532635725,-3.1829664925824073,100.0,4.435170554047622,165.4186543706781,21.7273259477872
dev,15,starboard,wrong_60,True,1,5.0,14,target,1.3542297070646607,0,-22.124501522687353,5.6329201731706195,1.622891763736585,9.608986499702809,262.9418030030328,-2.3346390156526056,-1.4346656048522783,19.09712194581372,14.364164018176785,-3.5,-2.57683051793085,-1.2991724784204735,-0.9311098233374144,0.0,0.0,0.0,0.0,-9.767079575173774,-5.318987312614903,-13.45766942254242,-11.645898801054788,-300.0,-156.10215679509182,-311.2614385459756,-163.64548483670526
dev,16,starboard,stand_on,True,1,5.0,66,goal,2.4223843550380053,0,0.5566968127504879,5.398082805522536,2.3463067862190936,8.140740085111329,256.19074597247004,-7.375255267987706,-1.994284601665176,94.60400092599313,28.296482739177545,-16.5,-4.915963137984165,-0.11701464189879132,-0.04249539774459535,0.0,0.0,0.0,0.0,0.0,0.0,-0.9739746574374065,-0.9513109674975012,100.0,3.8145054892676895,169.6377563586692,24.206934123553797
dev,16,starboard,compliant_30,True,1,5.0,70,goal,2.8284187833888432,0,21.562167839447113,5.398082805522536,2.3463067862190936,8.140740085111329,256.19074597247004,-35.47148957591882,-10.785448819178793,93.93874170932169,26.04582376898435,-17.5,-4.949657975417023,-3.654150149614051,-1.8782977618773593,0.0,0.0,0.0,0.0,0.0,0.0,-0.9218483807401373,-0.9017708907528428,100.0,3.1199105031747614,136.39125360304868,10.650558824933093
dev,16,starboard,wrong_30,True,1,5.0,71,goal,2.040962950893858,0,-21.02782817512417,5.398082805522536,2.3463067862190936,8.140740085111329,256.19074597247004,-39.19770892383477,-10.390046283900709,93.9167065402887,25.63756896848996,-17.75,-4.957075485029767,-5.2663803079761005,-2.70298512899809,0.0,0.0,0.0,0.0,-4.0867234007974105,-2.4068981134498055,-29.77056157786918,-20.60134381829199,100.0,2.9670038450977003,97.84533232981124,-12.453776016082704
dev,16,starboard,compliant_60,True,1,5.0,70,goal,2.830626637837696,0,21.562167839447113,5.398082805522536,2.3463067862190936,8.140740085111329,256.19074597247004,-37.02599185989216,-11.20048373074431,93.5530633282158,25.921233867240197,-17.5,-4.949657975417023,-3.2656020633044904,-1.5560184558988703,0.0,0.0,0.0,0.0,0.0,0.0,-0.9218483807401373,-0.9017708907528428,100.0,3.1199105031747614,134.839621024279,10.433213317601913
dev,16,starboard,wrong_60,True,1,5.0,77,goal,2.0465356277119273,0,-21.02782817512417,5.398082805522536,2.3463067862190936,8.140740085111329,256.19074597247004,-85.3832870482221,-17.09789895349864,95.58914489609955,23.882163089292295,-19.25,-4.994540281327025,-3.7284806630010503,-1.2335705042538165,0.0,0.0,0.0,0.0,-7.996213764844504,-4.343785143373805,-26.832570601867875,-19.147512301810004,100.0,2.1946938520632315,52.39859281816402,-20.740450242907762
dev,17,port,stand_on,False,0,,0,target,1.3112664523947755,0,,-287.61613217203393,1.0854240390193897,8.18335307064365,123.51645874137515,0.0,0.0,0.0,0.0,0.0,0.0,0.0,0.0,0.0,0.0,0.0,0.0,0.0,0.0,0.0,0.0,0.0,0.0,0.0,0.0
dev,17,port,compliant_30,False,0,,0,target,1.3112664523947755,0,,-287.61613217203393,1.0854240390193897,8.18335307064365,123.51645874137515,0.0,0.0,0.0,0.0,0.0,0.0,0.0,0.0,0.0,0.0,0.0,0.0,0.0,0.0,0.0,0.0,0.0,0.0,0.0,0.0
dev,17,port,wrong_30,False,0,,0,target,1.3112664523947755,0,,-287.61613217203393,1.0854240390193897,8.18335307064365,123.51645874137515,0.0,0.0,0.0,0.0,0.0,0.0,0.0,0.0,0.0,0.0,0.0,0.0,0.0,0.0,0.0,0.0,0.0,0.0,0.0,0.0
dev,17,port,compliant_60,False,0,,0,target,1.3112664523947755,0,,-287.61613217203393,1.0854240390193897,8.18335307064365,123.51645874137515,0.0,0.0,0.0,0.0,0.0,0.0,0.0,0.0,0.0,0.0,0.0,0.0,0.0,0.0,0.0,0.0,0.0,0.0,0.0,0.0
dev,17,port,wrong_60,False,0,,0,target,1.3112664523947755,0,,-287.61613217203393,1.0854240390193897,8.18335307064365,123.51645874137515,0.0,0.0,0.0,0.0,0.0,0.0,0.0,0.0,0.0,0.0,0.0,0.0,0.0,0.0,0.0,0.0,0.0,0.0,0.0,0.0
dev,18,starboard,stand_on,True,1,4.0,63,goal,2.2442979205906006,0,0.5672193070041374,4.075715129326599,2.255702132700812,8.105535018521422,273.95202456626794,-0.11639733258370466,-0.027437678950581867,94.49991268616168,29.315040554499706,-15.75,-4.885854644723005,-0.12999856804345478,-0.048028213031461965,0.0,0.0,0.0,0.0,0.0,0.0,-17.77048141533456,-14.651049698481302,100.0,4.435170554047622,160.73303537019996,14.137840873360982
dev,18,starboard,compliant_30,True,1,4.0,66,goal,1.6026139195615414,0,20.917158746862015,4.075715129326599,2.255702132700812,8.105535018521422,273.95202456626794,-29.002647767131705,-6.989559724652407,94.74191394818172,27.720931450923803,-16.5,-4.915963137984165,-3.9134056201663663,-2.135550593198314,0.0,0.0,0.0,0.0,0.0,0.0,-18.969874735443646,-14.963178080983639,100.0,3.8145054892676895,126.35598582544,2.531185403372971
dev,18,starboard,wrong_30,True,1,4.0,66,goal,2.6704484240846513,0,-20.486981872147908,4.075715129326599,2.255702132700812,8.105535018521422,273.95202456626794,-44.86711282235251,-11.040947778780234,94.94974841255237,27.789783323401807,-16.5,-4.915963137984165,-3.9005105108813103,-2.1925346814859843,0.0,0.0,0.0,0.0,0.0,0.0,-37.078902810842564,-28.85915711690236,100.0,3.8145054892676895,92.60322226847597,-15.404313902483247
dev,18,starboard,compliant_60,True,1,4.0,75,goal,1.5304302405701775,0,20.917158746862015,4.075715129326599,2.255702132700812,8.105535018521422,273.95202456626794,-78.26433350205936,-13.925054068547581,101.49197422823747,26.46834402445888,-18.75,-4.983284049286526,-2.2051910149126464,-0.6804089793339657,0.0,0.0,0.0,0.0,0.0,0.0,-19.009629795570962,-14.962838651635565,100.0,2.4267330287830675,83.26281991569451,-5.656508695561692
dev,18,starboard,wrong_60,True,1,4.0,67,goal,2.6751351152830605,0,-20.486981872147908,4.075715129326599,2.255702132700812,8.105535018521422,273.95202456626794,-64.20003740544476,-14.62418007022313,94.77534616391785,27.260080903120397,-16.75,-4.925032029898121,-2.329130793431816,-0.9619785435641837,0.0,0.0,0.0,0.0,0.0,0.0,-37.05876900399372,-28.84599076217458,100.0,3.6275567655825034,74.43740896104755,-18.469543737157114
dev,19,port,stand_on,True,-1,3.0,13,target,1.8284712502660705,0,0.4768920197925013,2.11659002464906,0.21478633800013247,9.527681597408542,132.71447147476437,-0.9130548457845353,-0.6604380851843646,18.18908198936667,13.887803148225602,-3.25,-2.4467453872682734,-0.0345527814132361,-0.024771566215901934,0.0,0.0,0.0,0.0,-0.26247465933342107,-0.1446806958796556,-37.321632217528126,-27.439721068913787,-300.0,-164.14699271722827,-323.59263251469264,-180.97554637246466
dev,19,port,compliant_30,True,-1,3.0,15,target,0.9738534733768442,0,-20.62563716572504,2.11659002464906,0.21478633800013247,9.527681597408542,132.71447147476437,-4.767059077304208,-2.947447660171161,20.03027963424307,14.685378430830262,-3.75,-2.7005401828309017,-2.6519982821728942,-1.7828851555965544,0.0,0.0,0.0,0.0,-2.6616537081014715,-1.3648064621859355,-17.705924790116324,-13.022108758003148,-300.0,-148.451597880062,-311.5063562234518,-155.58400766801944
dev,19,port,wrong_30,True,-1,3.0,17,target,1.1606599087053422,0,20.738406364811027,2.11659002464906,0.21478633800013247,9.527681597408542,132.71447147476437,-8.017733541987393,-4.559510236685153,21.83669205591584,15.522320374928253,-4.25,-2.9300676466682667,-2.939695024400538,-1.9542614101315083,0.0,0.0,0.0,0.0,-0.06532370330624761,-0.02923545454246181,-75.38498204366375,-53.637555063631794,-300.0,-134.25696412914309,-368.82104225744206,-181.845273565874
dev,19,port,compliant_60,True,-1,3.0,99,other,1.088021002333123,0,-20.62563716572504,2.11659002464906,0.21478633800013247,9.527681597408542,132.71447147476437,-138.78390797350917,-17.95994408382094,103.0174603077223,24.992456404831188,-24.75,-5.065761648421189,-2.7600225765564734,-0.8793409471032283,0.0,0.0,-135.04494810394388,-1.2144215957599596,-0.5260390167651411,-0.2509897225643159,-11.714548560206758,-9.947434566167832,-300.0,-2.179548851302899,-510.5620059232591,-12.504985010309175
dev,19,port,wrong_60,True,-1,3.0,17,target,1.3685008914308117,0,20.738406364811027,2.11659002464906,0.21478633800013247,9.527681597408542,132.71447147476437,-9.916925276028051,-5.51081843952074,20.78292835606437,14.991221408180763,-4.25,-2.9300676466682667,-0.625,-0.39857832119538045,0.0,0.0,0.0,0.0,0.0,0.0,-76.45168045709065,-54.079302169070836,-300.0,-134.25696412914309,-370.4606773770543,-182.18450929741755
extra,20,port,stand_on,True,-1,3.0,65,goal,1.3033330990272411,0,0.4303060464534383,1.874959009186328,1.2886820187703671,8.076125752574956,165.20349718063247,-2.372697858099564,-0.6207154315549523,96.23550917802325,29.106222169381052,-16.25,-4.906426874260996,-0.13507377198305381,-0.048500373714813985,0.0,0.0,0.0,0.0,0.0,0.0,-21.101222906206427,-15.503380005691382,100.0,4.011088748687537,156.3765146417342,12.038288232846448
extra,20,port,compliant_30,True,-1,3.0,10,target,1.82915961375498,0,-18.154471888517605,1.874959009186328,1.2886820187703671,8.076125752574956,165.20349718063247,-1.2244651875659445,-0.8556151120461315,14.372037655450711,11.649779116491407,-2.5,-2.0148660223919674,-1.7735296939104046,-1.239169939861333,0.0,0.0,0.0,0.0,-3.1296090748362433,-2.0301310956524734,-9.316263002864593,-7.626646854235715,-300.0,-190.85564581916123,-303.5718293037265,-192.97229572685742
extra,20,port,wrong_30,True,-1,3.0,69,goal,1.940289924483694,0,18.297245492672744,1.874959009186328,1.2886820187703671,8.076125752574956,165.20349718063247,-56.15982580709044,-12.914865785119057,96.9597220486166,27.31823739251336,-17.25,-4.941858199159086,-4.465274694360378,-2.276254707031607,0.0,0.0,0.0,0.0,0.0,0.0,-42.51254436081034,-31.0702932370267,100.0,3.2806973148697316,76.57207718635544,-20.604337220953358
extra,20,port,compliant_60,True,-1,3.0,10,target,1.8291928555774792,0,-18.154471888517605,1.874959009186328,1.2886820187703671,8.076125752574956,165.20349718063247,-1.2371158606027062,-0.8637300827000495,14.366448335014336,11.646196162712068,-2.5,-2.0148660223919674,-0.125,-0.125,0.0,0.0,0.0,0.0,-3.1574338638658803,-2.0479810304086152,-9.946669745116193,-8.04837116121395,-300.0,-190.85564581916123,-302.59977113457046,-192.30939795316374
extra,20,port,wrong_60,True,-1,3.0,75,goal,1.9650559560867273,0,18.297245492672744,1.874959009186328,1.2886820187703671,8.076125752574956,165.20349718063247,-107.3391951368388,-19.884231615909872,100.78031575464586,26.125578120411244,-18.75,-4.983284049286526,-2.5119635054969036,-0.7562038773066592,0.0,0.0,-23.44944692683226,-5.735027736826736,0.0,0.0,-42.54938145419785,-31.092134185552606,100.0,2.4267330287830675,6.180328731280042,-33.89857031568808
extra,21,port,stand_on,True,-1,3.0,65,goal,1.917483053068326,0,0.6116752833993928,2.3480735133198745,1.9022276738249768,8.381542773417003,140.96215434663077,-1.2963478518852014,-0.3343112274848645,96.6982721938882,29.224321700637812,-16.25,-4.906426874260996,-0.13358443241684043,-0.04518098072765145,0.0,0.0,0.0,0.0,0.0,0.0,-6.2501572906624965,-4.885745540000229,100.0,4.011088748687537,172.76818261892367,23.063745826851612
extra,21,port,compliant_30,True,-1,3.0,68,goal,1.0734352995956917,0,-18.887958452948453,2.3480735133198745,1.9022276738249768,8.381542773417003,140.96215434663077,-48.75910158620621,-9.472211176005779,95.9568077706996,27.39116753734679,-17.0,-4.933656455871912,-4.409252708088509,-2.2224454212440583,0.0,0.0,0.0,0.0,-1.057100471547355,-0.5675223890499481,-10.27851033285513,-6.149643081542752,100.0,3.449770389516387,114.45284267200239,7.495459403148726
extra,21,port,wrong_30,True,-1,3.0,68,goal,2.574123883557635,0,19.391721188968802,2.3480735133198745,1.9022276738249768,8.381542773417003,140.96215434663077,-42.968526722869676,-9.91202773516013,96.01795643493448,27.37304836114459,-17.0,-4.933656455871912,-4.159812408376904,-2.1856608105677586,0.0,0.0,0.0,0.0,0.0,0.0,-44.271956533327064,-30.93733088656296,100.0,3.449770389516387,87.61766077036083,-17.145857137501785
extra,21,port,compliant_60,True,-1,3.0,96,other,0.9837764015882535,0,-18.887958452948453,2.3480735133198745,1.9022276738249768,8.381542773417003,140.96215434663077,-139.5489836720195,-17.447862800859994,103.00499954215968,25.48294841006604,-24.0,-5.060027140843343,-2.762542051276808,-0.8685916242136944,0.0,0.0,-119.52391466095662,-1.2138526421002092,-3.0400364302510847,-1.6241553273004619,-4.630766180122251,-3.410416235774051,-300.0,-2.534187174092323,-490.5012434524666,-6.676144535118037
extra,21,port,wrong_60,True,-1,3.0,80,goal,2.6120757987048204,0,19.391721188968802,2.3480735133198745,1.9022276738249768,8.381542773417003,140.96215434663077,-103.58619118846957,-17.707598794389764,103.00499954215974,25.89283922511139,-20.0,-5.00943912777496,-2.4526234514194387,-0.7733867111021896,0.0,0.0,0.0,0.0,0.0,0.0,-44.266113284220054,-30.934217939396316,100.0,1.8875647833468536,32.70007161805067,-26.644238564204983
extra,22,port,stand_on,True,-1,5.0,9,target,1.2692744366996929,0,0.0,3.4519829519349434,0.7997711825715756,8.391214640456305,80.28473314540098,-0.1961296944531754,-0.1558465955689333,12.833083886391696,10.679527166353711,-2.25,-1.8558196508759996,0.0,0.0,0.0,0.0,0.0,0.0,-0.0030307324492144677,-0.002027474416305196,-47.11187966021853,-38.39939324305763,-300.0,-200.69152757090401,-336.72795620072924,-230.42508736846918
extra,22,port,compliant_30,True,-1,5.0,7,target,1.6396257666017862,0,-19.767221453966158,3.4519829519349434,0.7997711825715756,8.391214640456305,80.28473314540098,-0.38676865740767785,-0.3055231808919174,10.059701394929007,8.74304323655071,-1.75,-1.5127147874836875,-0.6208019531580078,-0.4917448898776169,0.0,0.0,0.0,0.0,-0.03388941563991319,-0.025068013402754403,-23.634285992400887,-21.161300530708914,-300.0,-221.910112016484,-316.36604462367745,-236.66342018229818
extra,22,port,wrong_30,True,-1,5.0,11,target,1.2851407258165863,0,20.950125357780166,3.4519829519349434,0.7997711825715756,8.391214640456305,80.28473314540098,-2.37556255236456,-1.5874321641259812,15.055338209816814,12.063028976247358,-2.75,-2.1661175391763514,-2.3022233134194128,-1.604428942338008,0.0,0.0,0.0,0.0,-0.02031343145305537,-0.012289749273480956,-85.12890761534848,-64.83357965081264,-300.0,-181.50182014126085,-377.5216687027687,-239.64263921073996
extra,22,port,compliant_60,True,-1,5.0,7,target,1.6396257666017862,0,-19.767221453966158,3.4519829519349434,0.7997711825715756,8.391214640456305,80.28473314540098,-0.38676865740767785,-0.3055231808919174,10.059701394929007,8.74304323655071,-1.75,-1.5127147874836875,-0.125,-0.125,0.0,0.0,0.0,0.0,-0.03388941563991319,-0.025068013402754403,-23.634285992400887,-21.161300530708914,-300.0,-221.910112016484,-315.8702426705195,-236.29667529242056
extra,22,port,wrong_60,True,-1,5.0,11,target,1.2898330267416795,0,20.950125357780166,3.4519829519349434,0.7997711825715756,8.391214640456305,80.28473314540098,-2.445295249453409,-1.6305934987705233,15.029714689978146,12.047116119936181,-2.75,-2.1661175391763514,-0.125,-0.125,0.0,0.0,0.0,0.0,-0.02332362237463457,-0.014110933044278701,-85.12890761534848,-64.83357965081264,-300.0,-181.50182014126085,-375.4428117971984,-238.22410564312847
extra,23,port,stand_on,True,-1,3.0,67,goal,1.0549189691542153,0,0.4478616567544975,1.917847682550228,1.0289409575342001,8.34849077865939,169.6818509998182,-1.2985358372105282,-0.3052339012599955,97.25215207767859,28.61926209501834,-16.75,-4.925032029898121,-0.13790301036898778,-0.048096257688652014,0.0,0.0,0.0,0.0,-0.6365437000198793,-0.3374037758310285,-40.86548918037504,-27.75075306505614,100.0,3.6275567655825034,137.56368034970416,-1.1197001691330977
extra,23,port,compliant_30,True,-1,3.0,11,target,1.7691498256780613,0,-21.571838114517732,1.917847682550228,1.0289409575342001,8.34849077865939,169.6818509998182,-2.040324020639269,-1.3644408361366152,15.15635435874302,12.047657008857936,-2.75,-2.1661175391763514,-2.168460228517967,-1.5218849670407404,0.0,0.0,0.0,0.0,-2.1197083282094833,-1.2938688317368763,-8.121152334515525,-7.3841146458833355,-300.0,-181.50182014126085,-302.04329055313923,-183.18458995237683
extra,23,port,wrong_30,True,-1,3.0,70,goal,1.7996048747272142,0,21.654432995900578,1.917847682550228,1.0289409575342001,8.34849077865939,169.6818509998182,-50.145601773416935,-8.665285337879432,97.50980395496639,27.06780386519217,-17.5,-4.949657975417023,-3.9897911709675595,-2.099667318722417,0.0,0.0,0.0,0.0,0.0,0.0,-56.969513523004785,-41.17073197058301,100.0,3.1199105031747614,68.9048974875771,-26.69762823423495
extra,23,port,compliant_60,True,-1,3.0,11,target,1.7742311591616902,0,-21.571838114517732,1.917847682550228,1.0289409575342001,8.34849077865939,169.6818509998182,-2.144472375028951,-1.4287021696682938,15.108585440611778,12.018233731732709,-2.75,-2.1661175391763514,-0.125,-0.125,0.0,0.0,0.0,0.0,-1.655203425888247,-1.0103257240698138,-8.121152334515525,-7.3841146458833355,-300.0,-181.50182014126085,-299.68724269482095,-181.59784648832593
extra,23,port,wrong_60,True,-1,3.0,73,other,1.8711285751561166,0,21.654432995900578,1.917847682550228,1.0289409575342001,8.34849077865939,169.6818509998182,-95.07598657670543,-15.151833635321465,96.2500547566793,25.546297144484132,-18.25,-4.970837725601496,-2.2610572489368415,-0.7044437617668533,0.0,0.0,-87.60555028697465,-2.833374044021767,0.0,0.0,-54.805794141592585,-39.93289888356901,-300.0,-8.049915281965678,-461.7483334975302,-46.09700618776213
extra,24,port,stand_on,True,-1,4.0,12,target,1.3305369120212118,0,-0.6169443885332839,3.587408216407122,0.6978291421627819,9.854866551592066,72.96287994799005,-0.013210711667749342,-0.00990162016331647,17.829731511251175,13.727938773917622,-3.0,-2.3099562266705833,-0.034383133432721306,-0.02443611124060178,0.0,0.0,0.0,0.0,-5.0698305459923825,-2.9822576716121887,-28.34402253910762,-20.93172609722128,-300.0,-172.60642499307843,-318.6317154189493,-185.13676394606878
extra,24,port,compliant_30,True,-1,4.0,13,target,1.4841524662834493,0,-19.544656599368977,3.587408216407122,0.6978291421627819,9.854866551592066,72.96287994799005,-2.923425815895238,-1.8410947609963368,17.08750228187599,13.204207897093893,-3.25,-2.4467453872682734,-2.7866691713899954,-1.8432579404881049,0.0,0.0,0.0,0.0,-2.9634785648197126,-1.9405398862670191,-6.052778321687163,-5.5871878005684215,-300.0,-164.14699271722827,-300.88884959191614,-164.60161059572255
extra,24,port,wrong_30,True,-1,4.0,15,target,1.1535913916440033,0,19.0164808200916,3.587408216407122,0.6978291421627819,9.854866551592066,72.96287994799005,-4.393211015380836,-2.5999610396820616,20.291269515013532,14.86422032551074,-3.75,-2.7005401828309017,-2.393777528405862,-1.6078350575821467,0.0,0.0,0.0,0.0,-0.526495181374274,-0.26071923940030717,-82.53510905853693,-55.99844697118681,-300.0,-148.451597880062,-373.3073232686844,-196.75488004523348
extra,24,port,compliant_60,True,-1,4.0,13,target,1.5110757416132563,0,-19.544656599368977,3.587408216407122,0.6978291421627819,9.854866551592066,72.96287994799005,-3.2738003788497716,-2.0422942447052574,16.95900525622625,13.12972246488142,-3.25,-2.4467453872682734,-0.625,-0.39857832119538045,0.0,0.0,0.0,0.0,-2.5702088539396053,-1.7053685300828354,-5.873929597652932,-5.48932953322998,-300.0,-164.14699271722827,-298.6339335742161,-163.09958626882857
extra,24,port,wrong_60,True,-1,4.0,18,target,0.8660790237120682,0,19.0164808200916,3.587408216407122,0.6978291421627819,9.854866551592066,72.96287994799005,-8.961394032028593,-4.725313975612326,22.638097848875475,15.871448094535271,-4.5,-3.03646517751543,-0.8165706020481878,-0.47263674965134717,0.0,0.0,0.0,0.0,-2.131300293074606,-0.9267707906629875,-70.92060377680225,-49.86342844332511,-300.0,-127.67703701659627,-364.6917708550782,-170.8302040588282
extra,25,port,stand_on,True,-1,5.0,63,goal,1.7499673337914161,0,-0.4991931384169561,5.083204478733728,1.7114964535774937,9.125276473308926,117.42066645048683,-2.179745295244294,-0.6005583347036626,93.2663717513179,28.96975303256021,-15.75,-4.885854644723005,-0.12348269117907197,-0.04724967808743297,0.0,0.0,0.0,0.0,-0.1398038362742073,-0.0913545819218282,-3.345564911418749,-2.8290282046666446,100.0,4.435170554047622,171.72777501720157,24.95087814250526
extra,25,port,compliant_30,True,-1,5.0,66,goal,2.3717172669496907,0,-21.233431529512927,5.083204478733728,1.7114964535774937,9.125276473308926,117.42066645048683,-20.368503164227402,-6.123092287227412,93.92880105590011,27.51996279053948,-16.5,-4.915963137984165,-2.742125417410056,-1.5503902392709807,0.0,0.0,0.0,0.0,0.0,0.0,-0.8616114684447825,-0.8193839333707159,100.0,3.8145054892676895,153.45656100581786,17.9256386819539
extra,25,port,wrong_30,True,-1,5.0,14,target,1.3084836701226117,0,20.698945899657474,5.083204478733728,1.7114964535774937,9.125276473308926,117.42066645048683,-3.6164999884327287,-2.2528137786893967,18.811593325623722,14.12792925223919,-3.5,-2.57683051793085,-2.4103092342590946,-1.6534589713498398,0.0,0.0,0.0,0.0,-9.327032005499419,-5.0715908041064495,-48.82411249082113,-32.81075543153954,-300.0,-156.10215679509182,-348.8663603933886,-186.3396770464687
extra,25,port,compliant_60,True,-1,5.0,66,goal,2.380628780620364,0,-21.233431529512927,5.083204478733728,1.7114964535774937,9.125276473308926,117.42066645048683,-21.274731469687303,-6.383734221087412,93.69699556376968,27.433893260766652,-16.5,-4.915963137984165,-2.3262329379753126,-1.2219269471387246,0.0,0.0,0.0,0.0,0.0,0.0,-0.8616114684447825,-0.8193839333707159,100.0,3.8145054892676895,152.7344196876623,17.907390510453325
extra,25,port,wrong_60,True,-1,5.0,14,target,1.329719288180389,0,20.698945899657474,5.083204478733728,1.7114964535774937,9.125276473308926,117.42066645048683,-4.321038145929336,-2.6407756834507126,18.443628821657537,13.925688510567849,-3.5,-2.57683051793085,-0.3336205341444156,-0.23582303487883838,0.0,0.0,0.0,0.0,-7.541078942146002,-4.061756729252579,-50.11091249025962,-33.563166495721376,-300.0,-156.10215679509182,-347.36302129082185,-185.2548207457583
extra,26,port,stand_on,True,-1,6.0,12,target,1.3302918521027571,0,-0.36208811812116437,6.628008565769852,1.1787530582134091,9.283423797658875,109.89036330359264,-0.14652166208990736,-0.11047636805531917,16.68476914697862,13.08008829261883,-3.0,-2.3099562266705833,-0.02959672067802487,-0.021856113476083905,0.0,0.0,0.0,0.0,-7.27405284024969,-4.665935571976066,-6.548947141658298,-5.839026513418643,-300.0,-172.60642499307843,-300.3143492176973,-172.4735874940563
extra,26,port,compliant_30,True,-1,6.0,65,goal,1.7246991392785211,0,-20.05262657922384,6.628008565769852,1.1787530582134091,9.283423797658875,109.89036330359264,-15.122642385715537,-4.455452570700272,93.69027697542147,27.863766207177825,-16.25,-4.906426874260996,-2.0235472172388818,-1.0851752780553607,0.0,0.0,0.0,0.0,0.0,0.0,-3.806812519825986,-3.551852348458814,100.0,4.011088748687537,156.48727485264106,17.87594788438992
extra,26,port,wrong_30,True,-1,6.0,12,target,1.301911865177785,0,19.87607820852901,6.628008565769852,1.1787530582134091,9.283423797658875,109.89036330359264,-2.2069809013768307,-1.4632015662762297,15.83357487810944,12.513558699751728,-3.0,-2.3099562266705833,-1.0369731805344387,-0.7714108083458769,0.0,0.0,0.0,0.0,-7.38114193159141,-4.391466248384921,-13.003269472325893,-11.305298219034583,-300.0,-172.60642499307843,-310.7947906077191,-180.3341993620389
extra,26,port,compliant_60,True,-1,6.0,65,goal,1.7246991392785211,0,-20.05262657922384,6.628008565769852,1.1787530582134091,9.283423797658875,109.89036330359264,-15.122642385715537,-4.455452570700272,93.69027697542147,27.863766207177825,-16.25,-4.906426874260996,-2.0235472172388818,-1.0851752780553607,0.0,0.0,0.0,0.0,0.0,0.0,-3.806812519825986,-3.551852348458814,100.0,4.011088748687537,156.48727485264106,17.87594788438992
extra,26,port,wrong_60,True,-1,6.0,12,target,1.301911865177785,0,19.87607820852901,6.628008565769852,1.1787530582134091,9.283423797658875,109.89036330359264,-2.2069809013768307,-1.4632015662762297,15.83357487810944,12.513558699751728,-3.0,-2.3099562266705833,-1.0369731805344387,-0.7714108083458769,0.0,0.0,0.0,0.0,-7.38114193159141,-4.391466248384921,-13.003269472325893,-11.305298219034583,-300.0,-172.60642499307843,-310.7947906077191,-180.3341993620389
extra,27,port,stand_on,False,0,,0,goal,2.2520089832444525,0,,183.7284599988243,2.244381690608302,10.287139545264704,97.96788479376694,0.0,0.0,0.0,0.0,0.0,0.0,0.0,0.0,0.0,0.0,0.0,0.0,0.0,0.0,0.0,0.0,0.0,0.0,0.0,0.0
extra,27,port,compliant_30,False,0,,0,goal,2.2520089832444525,0,,183.7284599988243,2.244381690608302,10.287139545264704,97.96788479376694,0.0,0.0,0.0,0.0,0.0,0.0,0.0,0.0,0.0,0.0,0.0,0.0,0.0,0.0,0.0,0.0,0.0,0.0,0.0,0.0
extra,27,port,wrong_30,False,0,,0,goal,2.2520089832444525,0,,183.7284599988243,2.244381690608302,10.287139545264704,97.96788479376694,0.0,0.0,0.0,0.0,0.0,0.0,0.0,0.0,0.0,0.0,0.0,0.0,0.0,0.0,0.0,0.0,0.0,0.0,0.0,0.0
extra,27,port,compliant_60,False,0,,0,goal,2.2520089832444525,0,,183.7284599988243,2.244381690608302,10.287139545264704,97.96788479376694,0.0,0.0,0.0,0.0,0.0,0.0,0.0,0.0,0.0,0.0,0.0,0.0,0.0,0.0,0.0,0.0,0.0,0.0,0.0,0.0
extra,27,port,wrong_60,False,0,,0,goal,2.2520089832444525,0,,183.7284599988243,2.244381690608302,10.287139545264704,97.96788479376694,0.0,0.0,0.0,0.0,0.0,0.0,0.0,0.0,0.0,0.0,0.0,0.0,0.0,0.0,0.0,0.0,0.0,0.0,0.0,0.0
extra,28,port,stand_on,False,0,,0,goal,2.2772429739655706,0,,183.75,2.29127875820775,10.647273049159221,116.3230736313287,0.0,0.0,0.0,0.0,0.0,0.0,0.0,0.0,0.0,0.0,0.0,0.0,0.0,0.0,0.0,0.0,0.0,0.0,0.0,0.0
extra,28,port,compliant_30,False,0,,0,goal,2.2772429739655706,0,,183.75,2.29127875820775,10.647273049159221,116.3230736313287,0.0,0.0,0.0,0.0,0.0,0.0,0.0,0.0,0.0,0.0,0.0,0.0,0.0,0.0,0.0,0.0,0.0,0.0,0.0,0.0
extra,28,port,wrong_30,False,0,,0,goal,2.2772429739655706,0,,183.75,2.29127875820775,10.647273049159221,116.3230736313287,0.0,0.0,0.0,0.0,0.0,0.0,0.0,0.0,0.0,0.0,0.0,0.0,0.0,0.0,0.0,0.0,0.0,0.0,0.0,0.0
extra,28,port,compliant_60,False,0,,0,goal,2.2772429739655706,0,,183.75,2.29127875820775,10.647273049159221,116.3230736313287,0.0,0.0,0.0,0.0,0.0,0.0,0.0,0.0,0.0,0.0,0.0,0.0,0.0,0.0,0.0,0.0,0.0,0.0,0.0,0.0
extra,28,port,wrong_60,False,0,,0,goal,2.2772429739655706,0,,183.75,2.29127875820775,10.647273049159221,116.3230736313287,0.0,0.0,0.0,0.0,0.0,0.0,0.0,0.0,0.0,0.0,0.0,0.0,0.0,0.0,0.0,0.0,0.0,0.0,0.0,0.0
extra,29,port,stand_on,True,-1,6.0,13,target,1.2877100744793433,0,0.0,3.5402937299294033,0.9591245878997936,10.344693181629388,95.51666977547727,-0.7062167106353713,-0.5173206081251932,19.20209413949371,14.463787860489587,-3.25,-2.4467453872682734,0.0,0.0,0.0,0.0,0.0,0.0,-8.095414349646271,-4.574263303364521,-12.346980826409018,-9.20239132612059,-300.0,-164.14699271722827,-305.19651774719694,-166.42392548161726
extra,29,port,compliant_30,True,-1,6.0,66,goal,1.7396403078676776,0,-20.6596253082605,3.5402937299294033,0.9591245878997936,10.344693181629388,95.51666977547727,-66.87722037117325,-13.990743450569852,92.36661838738848,27.09753363611701,-16.5,-4.915963137984165,-4.2106490721327265,-2.236829621002914,0.0,0.0,0.0,0.0,-0.011848954943574614,-0.007958229652319801,-8.215639321447709,-5.698507940411018,100.0,3.8145054892676895,96.55126066769122,4.062036745764432
extra,29,port,wrong_30,True,-1,6.0,14,target,1.377128989438618,0,20.659625308260416,3.5402937299294033,0.9591245878997936,10.344693181629388,95.51666977547727,-4.562446630761018,-2.8363425262558266,18.789546196273598,14.107471712426669,-3.5,-2.57683051793085,-2.4208868626475715,-1.6615923208624843,0.0,0.0,0.0,0.0,-0.27613233218016275,-0.1436828420472738,-56.48808583670066,-39.62233629071109,-300.0,-156.10215679509182,-348.45800546601583,-188.83546958047268
extra,29,port,compliant_60,True,-1,6.0,78,goal,1.7892811385702603,0,-20.6596253082605,3.5402937299294033,0.9591245878997936,10.344693181629388,95.51666977547727,-129.82738980567098,-21.568128101729588,98.52628512933002,25.510302281668622,-19.5,-4.999758111366748,-2.399331448165672,-0.7646287064161753,0.0,0.0,0.0,0.0,-0.009479856095722857,-0.006373044703548682,-3.0269074886470415,-2.922126461076786,100.0,2.087132015888835,43.76317653075061,-2.6635801277353885
extra,29,port,wrong_60,True,-1,6.0,15,target,1.198112067006998,0,20.659625308260416,3.5402937299294033,0.9591245878997936,10.344693181629388,95.51666977547727,-6.416284893663741,-3.7915970554472893,19.457662053161904,14.424166841493165,-3.75,-2.7005401828309017,-0.4326562140128374,-0.2847426055453041,0.0,0.0,-0.013290203334228866,-0.006576506403724008,-0.29967749998458304,-0.14829201240471201,-59.81190191699078,-41.235772672382986,-300.0,-148.451597880062,-351.26614867482425,-182.19495207358375
extra,30,port,stand_on,False,0,,0,goal,2.0446919895398614,0,,181.66416674318117,2.0097272780020066,11.751998599316869,91.75096000825314,0.0,0.0,0.0,0.0,0.0,0.0,0.0,0.0,0.0,0.0,0.0,0.0,0.0,0.0,0.0,0.0,0.0,0.0,0.0,0.0
extra,30,port,compliant_30,False,0,,0,goal,2.0446919895398614,0,,181.66416674318117,2.0097272780020066,11.751998599316869,91.75096000825314,0.0,0.0,0.0,0.0,0.0,0.0,0.0,0.0,0.0,0.0,0.0,0.0,0.0,0.0,0.0,0.0,0.0,0.0,0.0,0.0
extra,30,port,wrong_30,False,0,,0,goal,2.0446919895398614,0,,181.66416674318117,2.0097272780020066,11.751998599316869,91.75096000825314,0.0,0.0,0.0,0.0,0.0,0.0,0.0,0.0,0.0,0.0,0.0,0.0,0.0,0.0,0.0,0.0,0.0,0.0,0.0,0.0
extra,30,port,compliant_60,False,0,,0,goal,2.0446919895398614,0,,181.66416674318117,2.0097272780020066,11.751998599316869,91.75096000825314,0.0,0.0,0.0,0.0,0.0,0.0,0.0,0.0,0.0,0.0,0.0,0.0,0.0,0.0,0.0,0.0,0.0,0.0,0.0,0.0
extra,30,port,wrong_60,False,0,,0,goal,2.0446919895398614,0,,181.66416674318117,2.0097272780020066,11.751998599316869,91.75096000825314,0.0,0.0,0.0,0.0,0.0,0.0,0.0,0.0,0.0,0.0,0.0,0.0,0.0,0.0,0.0,0.0,0.0,0.0,0.0,0.0
extra,31,port,stand_on,True,-1,4.0,8,target,1.4771591747570616,0,-0.6186181285032717,2.3779099767783527,0.02667894717152175,8.064826060113022,96.32395479414221,-0.09808820635385018,-0.08108392833741351,11.95513246316312,10.094353122797909,-2.0,-1.6885767112335797,-0.020993309124019463,-0.016593112834141437,0.0,0.0,0.0,0.0,-0.8427933207558652,-0.5950244141340438,-33.864291818370425,-29.226717831447232,-300.0,-211.0343084998707,-324.871034191441,-232.5479513750592
extra,31,port,compliant_30,True,-1,4.0,8,target,1.4929161051403108,0,-18.354506229414937,2.3779099767783527,0.02667894717152175,8.064826060113022,96.32395479414221,-0.4840430243516144,-0.36468208494495,11.482285837877846,9.755987411232793,-2.0,-1.6885767112335797,-0.8167881768850123,-0.6185896335530855,0.0,0.0,0.0,0.0,-5.35503422635131,-3.8508178619663553,-22.921014695294318,-20.927525204674318,-300.0,-211.0343084998707,-320.0945942850044,-228.72851258501018
extra,31,port,wrong_30,True,-1,4.0,10,target,1.221367953253967,0,17.80143020829098,2.3779099767783527,0.02667894717152175,8.064826060113022,96.32395479414221,-1.0563582437671888,-0.7340358714183893,13.650781266019983,11.200190913103226,-2.5,-2.0148660223919674,-1.7118447431447876,-1.1973391114422953,0.0,0.0,0.0,0.0,-0.04443241767652479,-0.028267259236532845,-71.88348342801233,-56.32658511129432,-300.0,-190.85564581916123,-363.5453375665808,-239.9565482818415
extra,31,port,compliant_60,True,-1,4.0,8,target,1.4929160734734668,0,-18.354506229414937,2.3779099767783527,0.02667894717152175,8.064826060113022,96.32395479414221,-0.4840508142187121,-0.3646875647090043,11.482284249900797,9.755986294173999,-2.0,-1.6885767112335797,-0.125,-0.125,0.0,0.0,0.0,0.0,-5.355053427879258,-3.850831369236931,-22.921014695294318,-20.927525204674318,-300.0,-211.0343084998707,-319.40283468749146,-228.23494305555053
extra,31,port,wrong_60,True,-1,4.0,10,target,1.221831424238901,0,17.80143020829098,2.3779099767783527,0.02667894717152175,8.064826060113022,96.32395479414221,-1.061010208107126,-0.7370417856348754,13.649330788355497,11.19924941861349,-2.5,-2.0148660223919674,-0.125,-0.125,0.0,0.0,0.0,0.0,-0.04278699513929451,-0.02722046529990455,-71.88348342801233,-56.32658511129432,-300.0,-190.85564581916123,-361.96294984290324,-238.8871097851688
extra,32,port,stand_on,True,-1,4.0,22,target,1.4178641529596758,0,0.0,1.2001905106955966,1.129856652817254,13.757773936734637,81.13174778489838,-0.8472323213805746,-0.4902167303808163,31.48190091470493,19.873612283520675,-5.5,-3.4124035543497997,0.0,0.0,0.0,0.0,0.0,0.0,-11.174083812667993,-4.282967609764357,-16.412615184937547,-11.776365916028348,-300.0,-104.4279343477325,-302.4520304042812,-104.51627587473514
extra,32,port,compliant_30,True,-1,4.0,22,target,1.6577403409633495,0,-19.334006557344537,1.2001905106955966,1.129856652817254,13.757773936734637,81.13174778489838,-3.592251673668122,-1.9346254806769698,31.614481818480918,19.746555586544755,-5.5,-3.4124035543497997,-1.1622317566813207,-0.8635945636272278,0.0,0.0,0.0,0.0,-5.025053896777226,-2.011480689227437,-45.735618814230236,-24.84216671265367,-300.0,-104.4279343477325,-329.400674322876,-117.74564976172285
extra,32,port,wrong_30,True,-1,4.0,22,target,1.3045023753271439,0,19.33400655734448,1.2001905106955966,1.129856652817254,13.757773936734637,81.13174778489838,-3.590181604320053,-1.9339049037903853,31.905583229107034,19.847885983202744,-5.5,-3.4124035543497997,-1.1622317566813207,-0.8635945636272278,0.0,0.0,0.0,0.0,-11.517652865134082,-4.296603898422119,-14.484223949987692,-11.901965317792707,-300.0,-104.4279343477325,-304.3487069470161,-106.988520602512
extra,32,port,compliant_60,True,-1,4.0,22,target,1.6577403409633495,0,-19.334006557344537,1.2001905106955966,1.129856652817254,13.757773936734637,81.13174778489838,-3.592251673668122,-1.9346254806769698,31.614481818480918,19.746555586544755,-5.5,-3.4124035543497997,-1.1622317566813207,-0.8635945636272278,0.0,0.0,0.0,0.0,-5.025053896777226,-2.011480689227437,-45.735618814230236,-24.84216671265367,-300.0,-104.4279343477325,-329.400674322876,-117.74564976172285
extra,32,port,wrong_60,True,-1,4.0,22,target,1.3045023753271439,0,19.33400655734448,1.2001905106955966,1.129856652817254,13.757773936734637,81.13174778489838,-3.590181604320053,-1.9339049037903853,31.905583229107034,19.847885983202744,-5.5,-3.4124035543497997,-1.1622317566813207,-0.8635945636272278,0.0,0.0,0.0,0.0,-11.517652865134082,-4.296603898422119,-14.484223949987692,-11.901965317792707,-300.0,-104.4279343477325,-304.3487069470161,-106.988520602512
extra,33,port,stand_on,True,-1,3.0,11,target,1.5808818378567548,0,0.0,0.5003847617922406,0.08786263144850065,8.624472087591743,93.99610098369725,-0.2096599374785496,-0.15928564505948842,15.2467992204016,12.230696518127836,-2.75,-2.1661175391763514,0.0,0.0,0.0,0.0,0.0,0.0,-0.060820084486298734,-0.03698937630168994,-41.01513642562196,-31.523809206590734,-300.0,-181.50182014126085,-328.78881722718523,-203.1573253902613
extra,33,port,compliant_30,True,-1,3.0,11,target,1.4532843390684655,0,-21.599749154247206,0.5003847617922406,0.08786263144850065,8.624472087591743,93.99610098369725,-2.0318000006755557,-1.3665457247498967,14.565993049782042,11.770675920246818,-2.75,-2.1661175391763514,-2.2286525800137627,-1.5593331564509008,0.0,0.0,0.0,0.0,-8.793234641894363,-5.584213602453161,-15.932473125032047,-14.342326012650165,-300.0,-181.50182014126085,-317.1701672978337,-194.7496802564945
extra,33,port,wrong_30,True,-1,3.0,14,target,1.1234275750516445,0,21.599749154247235,0.5003847617922406,0.08786263144850065,8.624472087591743,93.99610098369725,-3.900403226352248,-2.3916195992211176,18.528099602344923,14.01696722519823,-3.5,-2.57683051793085,-2.401900224115493,-1.6512689858797684,0.0,0.0,0.0,0.0,-0.1379727821357429,-0.07197817644246549,-98.39720685916522,-69.33270346989103,-300.0,-156.10215679509182,-389.8093834894238,-218.1095903192588
extra,33,port,compliant_60,True,-1,3.0,11,target,1.4546472474862966,0,-21.599749154247206,0.5003847617922406,0.08786263144850065,8.624472087591743,93.99610098369725,-2.0946592771705883,-1.4057081652806271,14.548263905180395,11.75946216323075,-2.75,-2.1661175391763514,-0.125,-0.125,0.0,0.0,0.0,0.0,-8.577514324573464,-5.451470515188003,-15.950216381077041,-14.354109310702245,-300.0,-181.50182014126085,-314.9491260776407,-193.24476350837733
extra,33,port,wrong_60,True,-1,3.0,14,target,1.1118497703952628,0,21.599749154247235,0.5003847617922406,0.08786263144850065,8.624472087591743,93.99610098369725,-4.664169996713108,-2.8119544353022916,18.635981280398436,14.061174443832655,-3.5,-2.57683051793085,-0.3091278094576637,-0.22286605667253437,0.0,0.0,0.0,0.0,-0.21636736823342656,-0.11258470947105241,-92.8882552304186,-66.25143380134143,-300.0,-156.10215679509182,-382.9419391244244,-214.01665187197733
extra,34,port,stand_on,False,0,,0,target,1.489188655125939,0,,-284.2640297382709,1.3471932055915956,9.62033735672108,93.77755032082155,0.0,0.0,0.0,0.0,0.0,0.0,0.0,0.0,0.0,0.0,0.0,0.0,0.0,0.0,0.0,0.0,0.0,0.0,0.0,0.0
extra,34,port,compliant_30,False,0,,0,target,1.489188655125939,0,,-284.2640297382709,1.3471932055915956,9.62033735672108,93.77755032082155,0.0,0.0,0.0,0.0,0.0,0.0,0.0,0.0,0.0,0.0,0.0,0.0,0.0,0.0,0.0,0.0,0.0,0.0,0.0,0.0
extra,34,port,wrong_30,False,0,,0,target,1.489188655125939,0,,-284.2640297382709,1.3471932055915956,9.62033735672108,93.77755032082155,0.0,0.0,0.0,0.0,0.0,0.0,0.0,0.0,0.0,0.0,0.0,0.0,0.0,0.0,0.0,0.0,0.0,0.0,0.0,0.0
extra,34,port,compliant_60,False,0,,0,target,1.489188655125939,0,,-284.2640297382709,1.3471932055915956,9.62033735672108,93.77755032082155,0.0,0.0,0.0,0.0,0.0,0.0,0.0,0.0,0.0,0.0,0.0,0.0,0.0,0.0,0.0,0.0,0.0,0.0,0.0,0.0
extra,34,port,wrong_60,False,0,,0,target,1.489188655125939,0,,-284.2640297382709,1.3471932055915956,9.62033735672108,93.77755032082155,0.0,0.0,0.0,0.0,0.0,0.0,0.0,0.0,0.0,0.0,0.0,0.0,0.0,0.0,0.0,0.0,0.0,0.0,0.0,0.0
extra,35,port,stand_on,False,0,,0,goal,2.3977194593487994,0,,180.46541538198014,2.3750311421417165,11.129415166108352,100.98201237859212,0.0,0.0,0.0,0.0,0.0,0.0,0.0,0.0,0.0,0.0,0.0,0.0,0.0,0.0,0.0,0.0,0.0,0.0,0.0,0.0
extra,35,port,compliant_30,False,0,,0,goal,2.3977194593487994,0,,180.46541538198014,2.3750311421417165,11.129415166108352,100.98201237859212,0.0,0.0,0.0,0.0,0.0,0.0,0.0,0.0,0.0,0.0,0.0,0.0,0.0,0.0,0.0,0.0,0.0,0.0,0.0,0.0
extra,35,port,wrong_30,False,0,,0,goal,2.3977194593487994,0,,180.46541538198014,2.3750311421417165,11.129415166108352,100.98201237859212,0.0,0.0,0.0,0.0,0.0,0.0,0.0,0.0,0.0,0.0,0.0,0.0,0.0,0.0,0.0,0.0,0.0,0.0,0.0,0.0
extra,35,port,compliant_60,False,0,,0,goal,2.3977194593487994,0,,180.46541538198014,2.3750311421417165,11.129415166108352,100.98201237859212,0.0,0.0,0.0,0.0,0.0,0.0,0.0,0.0,0.0,0.0,0.0,0.0,0.0,0.0,0.0,0.0,0.0,0.0,0.0,0.0
extra,35,port,wrong_60,False,0,,0,goal,2.3977194593487994,0,,180.46541538198014,2.3750311421417165,11.129415166108352,100.98201237859212,0.0,0.0,0.0,0.0,0.0,0.0,0.0,0.0,0.0,0.0,0.0,0.0,0.0,0.0,0.0,0.0,0.0,0.0,0.0,0.0
extra,36,port,stand_on,True,-1,11.0,58,goal,1.9192877963110406,0,0.0,12.7897606555817,1.8310179858704978,13.897915242402224,87.0718041417223,-4.600185207267905,-1.4405986920802938,84.91887142264696,28.30143097464447,-14.5,-4.824398616842987,0.0,0.0,0.0,0.0,0.0,0.0,-0.40138737790758205,-0.23043934300436783,-14.015332659927482,-8.676250025967379,100.0,5.702042635437159,151.401966177544,18.831786932186603
extra,36,port,compliant_30,True,-1,11.0,61,goal,2.8064926232918936,0,-19.81693912177218,12.7897606555817,1.8310179858704978,13.897915242402224,87.0718041417223,-34.770716105297865,-9.13746059395756,84.5365154619668,26.60328891272608,-15.25,-4.863107367762888,-3.924288056538613,-2.1826536102103256,0.0,0.0,0.0,0.0,0.0,0.0,-1.0813624716018717,-1.0813624716018717,100.0,4.904089407128558,129.51014882852846,14.242794276321995
extra,36,port,wrong_30,True,-1,11.0,18,target,1.4840778459760435,0,19.816939121772208,12.7897606555817,1.8310179858704978,13.897915242402224,87.0718041417223,-6.841755057698986,-3.8737878977502223,24.07521599618487,16.51975474729196,-4.5,-3.03646517751543,-3.0055639082485137,-1.8931851729851323,0.0,0.0,0.0,0.0,-7.7205686321295195,-3.4263392248764184,-74.39149847042621,-44.80990066251607,-300.0,-127.67703701659627,-372.3841700723184,-168.1969604049476
extra,36,port,compliant_60,True,-1,11.0,63,goal,2.8767126759753845,0,-19.81693912177218,12.7897606555817,1.8310179858704978,13.897915242402224,87.0718041417223,-55.08256835159517,-12.86045483723103,84.92044914170764,25.903120209654002,-15.75,-4.885854644723005,-2.1413183171937193,-0.7858691504052365,0.0,0.0,0.0,0.0,0.0,0.0,-1.0813624716018717,-1.0813624716018717,100.0,4.435170554047622,110.86520000131688,10.72474965974048
extra,36,port,wrong_60,True,-1,11.0,22,target,1.2318295118111342,0,19.816939121772208,12.7897606555817,1.8310179858704978,13.897915242402224,87.0718041417223,-15.385761039554602,-7.326063984802749,25.463698240586176,16.898300273065747,-5.5,-3.4124035543497997,-0.7278865995536936,-0.4061762175047584,0.0,0.0,0.0,0.0,-3.751257619178033,-1.3608353056480067,-98.73609849772612,-53.43324528576021,-300.0,-104.4279343477325,-398.6373055154263,-153.46835842273228
extra,37,port,stand_on,True,-1,7.0,10,target,1.596821382547763,0,-0.12921281342175917,5.722793049669619,0.2738832528844373,10.129063025483234,131.25077071753023,-0.03201379217426814,-0.02511993389853388,14.664905783332497,11.869875582891359,-2.5,-2.0148660223919674,-0.023752570925846178,-0.0174512373216291,0.0,0.0,0.0,0.0,-3.8405569432764937,-2.4932228499135105,-26.78387235136208,-21.59124532646524,-300.0,-190.85564581916123,-318.5152898744062,-205.12767560626074
extra,37,port,compliant_30,True,-1,7.0,64,goal,1.0165005712623385,0,-20.816851725356514,5.722793049669619,0.2738832528844373,10.129063025483234,131.25077071753023,-48.050039344442546,-10.973100436128785,91.4741886086632,27.54071949624123,-16.0,-4.896399152389277,-4.071062673275481,-2.1233541051959146,0.0,0.0,0.0,0.0,-1.7353307237556879,-1.0255346365517841,-19.605460760609773,-15.260354106288608,100.0,4.2178030665087585,102.01229510657971,-2.52021987380438
extra,37,port,wrong_30,True,-1,7.0,11,target,1.4135943794392625,0,20.92085810152909,5.722793049669619,0.2738832528844373,10.129063025483234,131.25077071753023,-1.5631659608140442,-1.0356048583354018,15.397852499490815,12.280198724835092,-2.75,-2.1661175391763514,-2.221407047256485,-1.553868934161214,0.0,0.0,0.0,0.0,0.0,0.0,-67.09340878808388,-50.513106800912915,-300.0,-181.50182014126085,-358.23012929666356,-224.49031954901164
extra,37,port,compliant_60,True,-1,7.0,74,goal,1.065220134153118,0,-20.816851725356514,5.722793049669619,0.2738832528844373,10.129063025483234,131.25077071753023,-100.09785745634343,-18.27358973868608,97.01650138448186,26.29037992941497,-18.5,-4.9772172167145685,-2.2079411732896106,-0.6933671486149524,0.0,0.0,0.0,0.0,-1.2256468958427968,-0.730130105637644,-26.558437663546115,-19.469215093801022,100.0,2.5517964452291038,48.426618195459895,-15.301342928810193
extra,37,port,wrong_60,True,-1,7.0,11,target,1.421516856931996,0,20.92085810152909,5.722793049669619,0.2738832528844373,10.129063025483234,131.25077071753023,-1.6380911670197116,-1.0818728130428896,15.365845174415826,12.260428757606151,-2.75,-2.1661175391763514,-0.125,-0.125,0.0,0.0,0.0,0.0,0.0,0.0,-66.91131561516659,-50.40275627692599,-300.0,-181.50182014126085,-356.05856160777046,-223.01713801279993
extra,38,port,stand_on,True,-1,2.0,12,target,1.6760460673103053,0,0.35524025565175066,0.323564142287341,0.4597123027826569,7.899734055465003,135.51574490448562,-0.01675223060291353,-0.012628819255726485,16.764778415628136,13.140872731352228,-3.0,-2.3099562266705833,-0.03494314202985345,-0.026950207107703135,0.0,0.0,0.0,0.0,-3.934346334785321,-2.319813995882921,-29.119859374617167,-22.143777140312032,-300.0,-172.60642499307843,-319.3411226664071,-186.27867865095516
extra,38,port,compliant_30,True,-1,2.0,69,goal,1.2395283706580558,0,-20.559951346416483,0.323564142287341,0.4597123027826569,7.899734055465003,135.51574490448562,-31.168104720236496,-7.024092603993171,99.22751021585225,27.889926837915684,-17.25,-4.941858199159086,-4.0334721527823145,-2.0975468686434877,0.0,0.0,0.0,0.0,-0.01385396668852688,-0.007601860684602084,-9.14664351514641,-8.311880944069646,100.0,3.2806973148697316,137.6154358609985,8.787643676235424
extra,38,port,wrong_30,True,-1,2.0,13,target,1.4407702585799653,0,20.896887553533787,0.323564142287341,0.4597123027826569,7.899734055465003,135.51574490448562,-2.523271493786742,-1.5785904014944516,17.132748732269047,13.275496485433818,-3.25,-2.4467453872682734,-2.5759206156603636,-1.7659858830445236,0.0,0.0,0.0,0.0,0.0,0.0,-44.923028918665224,-35.69379856791696,-300.0,-164.14699271722827,-336.1394722958433,-192.35661647151866
extra,38,port,compliant_60,True,-1,2.0,78,goal,1.2910729320747152,0,-20.559951346416483,0.323564142287341,0.4597123027826569,7.899734055465003,135.51574490448562,-82.4792100877314,-13.930982905239706,104.4995862707681,26.58363938946101,-19.5,-4.999758111366748,-2.2127405892578236,-0.6878584475475409,0.0,0.0,0.0,0.0,0.0,0.0,-8.449384136570155,-7.910709448639836,100.0,2.087132015888835,91.85825145720872,1.141462492556014
extra,38,port,wrong_60,True,-1,2.0,13,target,1.3673722979972078,0,20.896887553533787,0.323564142287341,0.4597123027826569,7.899734055465003,135.51574490448562,-2.8692717873284335,-1.7770335128696477,17.24307128238861,13.331313648399192,-3.25,-2.4467453872682734,-0.7468070504037883,-0.49755255492486333,0.0,0.0,0.0,0.0,0.0,0.0,-44.9116397021646,-35.68607776488723,-300.0,-164.14699271722827,-334.5346472575082,-191.22308828877908
extra,39,port,stand_on,True,-1,3.0,16,target,0.9270587249208262,0,-0.6105737217265528,1.6389173117943772,0.9443533018400391,8.874335072959203,151.13807803193458,-0.2201214440249445,-0.1483257050074666,22.543540017112264,16.16392912883231,-4.0,-2.818186843227314,-0.04159278869909962,-0.02723752181334481,0.0,0.0,0.0,0.0,-2.678871792919381,-1.3339075025462535,-16.82656782423332,-13.148640478084387,-300.0,-141.17599247569487,-301.2236138327645,-142.48836139754133
extra,39,port,compliant_30,True,-1,3.0,11,target,1.8671104235734277,0,-20.294023481183217,1.6389173117943772,0.9443533018400391,8.874335072959203,151.13807803193458,-2.8270758947624115,-1.9197113302390976,15.012301261596745,11.983510077450267,-2.75,-2.1661175391763514,-2.1925635444548366,-1.5257236834855936,0.0,0.0,0.0,0.0,-2.5624010886859234,-1.5867587136379813,-5.933829560189286,-5.625241010553687,-300.0,-181.50182014126085,-301.2535688264957,-182.3418623409033
extra,39,port,wrong_30,True,-1,3.0,70,goal,1.7311745460870183,0,19.820704568146027,1.6389173117943772,0.9443533018400391,8.874335072959203,151.13807803193458,-41.66584762275452,-10.069885839563668,96.90762931302352,26.57677122302393,-17.5,-4.949657975417023,-4.0405424467013145,-2.091387263573512,0.0,0.0,0.0,0.0,0.0,0.0,-61.32978930824392,-42.84798987401335,100.0,3.1199105031747614,72.37144993532377,-30.262239226368866
extra,39,port,compliant_60,True,-1,3.0,11,target,1.871859463633959,0,-20.294023481183217,1.6389173117943772,0.9443533018400391,8.874335072959203,151.13807803193458,-2.921434524497124,-1.9779378934240228,14.974285656725977,11.960124051961408,-2.75,-2.1661175391763514,-0.125,-0.125,0.0,0.0,0.0,0.0,-2.2930264379228205,-1.4220406503787655,-5.933829560189286,-5.625241010553687,-300.0,-181.50182014126085,-299.04900486588326,-180.85803318283226
extra,39,port,wrong_60,True,-1,3.0,81,goal,1.8133120212189744,0,19.820704568146027,1.6389173117943772,0.9443533018400391,8.874335072959203,151.13807803193458,-96.317040376592,-17.232217745066265,103.02697705996667,24.763303756944484,-20.25,-5.0139267660937215,-2.4302081336829158,-0.712985566368193,0.0,0.0,0.0,0.0,0.0,0.0,-61.41659197939679,-42.90106937234585,100.0,1.7950553275045067,22.613136570294955,-39.30184036542504
extra,40,port,stand_on,True,-1,4.0,19,target,1.323066975032001,0,0.49680306845891664,4.255740788690009,1.037967590849548,12.438611287037226,88.72246528513524,-0.7530863141805666,-0.47319277387595304,27.852870239507777,18.48610590135664,-4.75,-3.137648170685011,-0.05671996898189822,-0.0353358903127427,0.0,0.0,0.0,0.0,-10.504850560456875,-4.542892275904556,-12.06058179273794,-9.343046757765478,-300.0,-121.41959180349701,-300.2723683968495,-120.46560177068412
extra,40,port,compliant_30,True,-1,4.0,69,goal,2.484177067846231,0,-19.988699256037307,4.255740788690009,1.037967590849548,12.438611287037226,88.72246528513524,-48.15559503362468,-10.899243618476893,94.9541220968044,26.404652181901064,-17.25,-4.941858199159086,-4.913111940624017,-2.4863322844200835,0.0,0.0,0.0,0.0,0.0,0.0,-13.417804049476148,-8.532385578029444,100.0,3.2806973148697316,111.21761107307955,2.8255298166852874
extra,40,port,wrong_30,True,-1,4.0,23,target,1.2924200881630312,0,20.16270436275437,4.255740788690009,1.037967590849548,12.438611287037226,88.72246528513524,-15.401478180358165,-7.372581938105244,27.850277795131547,17.78084894973728,-5.75,-3.4951618264300532,-3.9016278688728327,-2.2975441033726263,0.0,0.0,0.0,0.0,-12.438959008632825,-4.415686842465119,-40.97594543502782,-30.385669186219424,-300.0,-99.30992649630404,-350.61773269776006,-129.49572144315923
extra,40,port,compliant_60,True,-1,4.0,84,goal,2.835361895196989,0,-19.988699256037307,4.255740788690009,1.037967590849548,12.438611287037226,88.72246528513524,-108.74785936467546,-18.252482122079925,101.51102823603462,24.189790448582592,-21.0,-5.026112635965683,-2.882083878042877,-0.8817344585887461,0.0,0.0,0.0,0.0,0.0,0.0,-4.115808697401793,-3.89069278135918,100.0,1.543852331463605,64.76527629591449,-2.3173792179473374
extra,40,port,wrong_60,True,-1,4.0,24,target,1.2616202928684546,0,20.16270436275437,4.255740788690009,1.037967590849548,12.438611287037226,88.72246528513524,-20.346681876360474,-9.300599600834033,28.17289637667458,17.671454250378623,-6.0,-3.5738641197252914,-1.1084300094980222,-0.5549168483776203,0.0,0.0,0.0,0.0,-8.009818585630029,-2.5936607388273947,-40.87172351688122,-30.32846703171917,-300.0,-94.44275195428551,-348.16375761169513,-123.1228060433904
extra,41,port,stand_on,True,-1,5.0,9,target,1.863082364429957,0,-0.4736553105927044,3.642864805711729,0.3641870563725938,8.711756632176154,136.4645229023845,-0.027311867689488123,-0.02327785372731481,12.43177570893494,10.39202509638096,-2.25,-1.8558196508759996,-0.02232431983607763,-0.017963133277552838,0.0,0.0,0.0,0.0,-0.17099065856740658,-0.11508867112114185,-27.778263384419922,-22.84293346248823,-300.0,-200.69152757090401,-317.81711452157793,-215.15458524601328
extra,41,port,compliant_30,True,-1,5.0,9,target,1.8219709102231383,0,-21.490941916330257,3.642864805711729,0.3641870563725938,8.711756632176154,136.4645229023845,-1.0241585699381628,-0.7336345662332885,12.072382140653655,10.13215659516654,-2.25,-1.8558196508759996,-1.6250193196337932,-1.1810749407025847,0.0,0.0,0.0,0.0,-4.110660703599907,-2.844066734809153,-12.247463944851674,-11.288803679697718,-300.0,-200.69152757090401,-309.18492039736986,-208.46277054805623
extra,41,port,wrong_30,True,-1,5.0,11,target,1.2240569144774622,0,21.126384860982256,3.642864805711729,0.3641870563725938,8.711756632176154,136.4645229023845,-1.8819997492910077,-1.255384153996732,15.324028823762214,12.19029437384604,-2.75,-2.1661175391763514,-2.557800382139274,-1.7589042685274356,0.0,0.0,0.0,0.0,-0.005549586512995507,-0.0033575335104669246,-57.44468126885617,-45.34993600525125,-300.0,-181.50182014126085,-349.31600216303724,-219.84522526787705
extra,41,port,compliant_60,True,-1,5.0,9,target,1.8220252185302994,0,-21.49104775121998,3.642864805711729,0.3641870563725938,8.711756632176154,136.4645229023845,-1.026905395871407,-0.7354928215145798,12.071760869073355,10.131736374071497,-2.25,-1.8558196508759996,-0.125,-0.125,0.0,0.0,0.0,0.0,-4.104252988088685,-2.8397511706006924,-12.247463944851674,-11.288803679697718,-300.0,-200.69152757090401,-307.6818614597384,-207.40465851952152
extra,41,port,wrong_60,True,-1,5.0,11,target,1.235700477961901,0,21.126384860982256,3.642864805711729,0.3641870563725938,8.711756632176154,136.4645229023845,-1.9916057978931851,-1.323076177764422,15.273968536613769,12.159453685581589,-2.75,-2.1661175391763514,-0.125,-0.125,0.0,0.0,0.0,0.0,-0.00216215790342369,-0.0013081186496807075,-70.30669957514904,-53.28229204776952,-300.0,-181.50182014126085,-359.90149899433186,-226.24016033903922
extra,42,port,stand_on,True,-1,3.0,62,goal,2.0589534610123774,0,0.0,3.031493154926637,2.0095090229155694,8.351799355619692,122.17068235514907,0.0,0.0,93.0,29.24860031002732,-15.5,-4.874766718337886,0.0,0.0,0.0,0.0,0.0,0.0,0.0,0.0,-13.756270098511973,-10.696035823539509,100.0,4.663740229999249,163.74372990148802,18.34153799814917
extra,42,port,compliant_30,True,-1,3.0,67,goal,1.1729803598209927,0,-21.024746560040285,3.031493154926637,2.0095090229155694,8.351799355619692,122.17068235514907,-40.08904089719364,-9.572029094951132,96.05059315482158,27.56493232932246,-16.75,-4.925032029898121,-4.91617457322741,-2.498922615457434,0.0,0.0,0.0,0.0,-0.10292798149572052,-0.05256309520662783,-18.72653447178249,-11.872743814994186,100.0,3.6275567655825034,115.46591523112232,2.27119844439746
extra,42,port,wrong_30,True,-1,3.0,67,goal,2.6256131030071095,0,21.02474656004034,3.031493154926637,2.0095090229155694,8.351799355619692,122.17068235514907,-29.48646165615909,-8.287540369132026,95.54505389128838,27.39031047211077,-16.75,-4.925032029898121,-4.354726639912202,-2.3540783079226757,0.0,0.0,0.0,0.0,0.0,0.0,-42.20026118346587,-29.561154800772204,100.0,3.6275567655825034,102.75360441175121,-14.109938270031751
extra,42,port,compliant_60,True,-1,3.0,118,other,1.0441795270740692,0,-21.024746560040285,3.031493154926637,2.0095090229155694,8.351799355619692,122.17068235514907,-180.6196611767398,-19.484146854934146,102.46264774271621,25.019351218339033,-29.5,-5.087439965771319,-3.119611399276442,-1.0405841432616592,0.0,0.0,-102.14892267892729,-0.3328052810393264,-1.1967518588157007,-0.6219767551987412,-7.62277834635231,-6.260884165666936,-300.0,-0.8388998066232835,-521.7450777173954,-8.647385754156378
extra,42,port,wrong_60,True,-1,3.0,75,goal,2.6517767898789804,0,21.02474656004034,3.031493154926637,2.0095090229155694,8.351799355619692,122.17068235514907,-74.10746749474534,-15.640299719668398,100.75396177869554,25.71332631994763,-18.75,-4.983284049286526,-2.508723502419347,-0.8197768501413775,0.0,0.0,0.0,0.0,0.0,0.0,-42.202970628695084,-29.56375389984491,100.0,2.4267330287830675,63.18480015283578,-22.867055170210516
extra,43,port,stand_on,True,-1,3.0,66,goal,1.3704783471207884,0,0.6041474265455804,1.7933743455878381,1.3447351972123966,10.295642109322806,147.1705576285613,-1.2532818070257954,-0.3157169352620338,98.04541601033863,29.239581234221095,-16.5,-4.915963137984165,-0.1357255658932278,-0.04642505829157867,0.0,0.0,0.0,0.0,0.0,0.0,-36.33557293594163,-22.23152726859303,100.0,3.8145054892676895,143.82083570147796,5.544454323357977
extra,43,port,compliant_30,True,-1,3.0,14,target,1.8030125577542535,0,-19.8034706333882,1.7933743455878381,1.3447351972123966,10.295642109322806,147.1705576285613,-3.4107719739554443,-2.087795390005157,19.162840357112138,14.333792368679601,-3.5,-2.57683051793085,-2.379607772771405,-1.6241082503228745,0.0,0.0,0.0,0.0,-3.295629404495021,-1.7485783110247164,-6.893525480645026,-4.92170439593377,-300.0,-156.10215679509182,-300.31669427475475,-154.72738129162957
extra,43,port,wrong_30,True,-1,3.0,72,goal,2.4199143479545424,0,20.298806557088085,1.7933743455878381,1.3447351972123966,10.295642109322806,147.1705576285613,-62.62935233184039,-11.528774557051237,100.7931573359864,27.407513118501868,-18.0,-4.9641294628665245,-5.431879535940986,-2.5952919068008473,0.0,0.0,0.0,0.0,0.0,0.0,-73.64921193498026,-47.00346168447974,100.0,2.8215911347029534,41.08271353322476,-35.86255335799353
extra,43,port,compliant_60,True,-1,3.0,14,target,1.8421405791824923,0,-19.8034706333882,1.7933743455878381,1.3447351972123966,10.295642109322806,147.1705576285613,-4.115787549564024,-2.4745208091932906,18.77817094413308,14.123808548514768,-3.5,-2.57683051793085,-0.42572317985116115,-0.2847982814014611,0.0,0.0,0.0,0.0,-0.9704928035985282,-0.5118706043435698,-3.230266800791367,-2.9807897312313627,-300.0,-156.10215679509182,-293.464099389672,-150.80715819067757
extra,43,port,wrong_60,True,-1,3.0,98,other,2.6969903086850615,0,20.298806557088085,1.7933743455878381,1.3447351972123966,10.295642109322806,147.1705576285613,-152.8680328902341,-19.52367972722431,103.01195164290755,25.058612184970556,-24.5,-5.06394535771177,-2.792450608586825,-0.8731460713352779,0.0,0.0,-153.61841726886433,-1.5000524918284044,0.0,0.0,-70.33171884977821,-45.56033615158465,-300.0,-2.291873454966313,-601.098667974556,-49.75442106968017
extra,44,port,stand_on,True,-1,3.0,10,target,1.6732859456978182,0,0.6083083041997668,1.25207494321582,0.11661246175267037,7.9449979394625005,142.90611959003056,-0.03555975088390273,-0.02823305347841569,14.672255379538258,11.876225151597414,-2.5,-2.0148660223919674,-0.022108793376568053,-0.016614213090342143,0.0,0.0,0.0,0.0,-2.2152323508276854,-1.4255448249184786,-6.271664276714247,-5.36389340011772,-300.0,-190.85564581916123,-296.37230979226416,-187.82857218156073
extra,44,port,compliant_30,True,-1,3.0,67,goal,0.8429617336715454,0,-21.097751757235528,1.25207494321582,0.11661246175267037,7.9449979394625005,142.90611959003056,-45.31852595968838,-9.94857663615443,96.04045180960587,27.733643165417575,-16.75,-4.925032029898121,-3.9498432087347655,-2.138487121638698,0.0,0.0,0.0,0.0,-4.400456495547967,-2.5239809219279463,-13.66247608324413,-8.801611162012206,100.0,3.6275567655825034,111.95915006239062,3.023512059368678
extra,44,port,wrong_30,True,-1,3.0,12,target,1.273999835962954,0,21.55567519746856,1.25207494321582,0.11661246175267037,7.9449979394625005,142.90611959003056,-2.144611709169855,-1.3877319669854276,15.84838494975586,12.542359663925334,-3.0,-2.3099562266705833,-2.205502298791857,-1.5439381880680163,0.0,0.0,0.0,0.0,-0.023428772966457078,-0.013479855812382126,-49.59447064693043,-35.920290323094676,-300.0,-172.60642499307843,-341.11962847810275,-201.2394618897842
extra,44,port,compliant_60,True,-1,3.0,15,target,0.8894137824184827,0,-21.097751757235528,1.25207494321582,0.11661246175267037,7.9449979394625005,142.90611959003056,-5.106841205275618,-2.9534266812944336,20.0375820476142,14.776754858834307,-3.75,-2.7005401828309017,-0.31767785172831964,-0.22379468394157248,0.0,0.0,0.0,0.0,-3.654013829367215,-2.0873652317691205,-11.75140862144109,-7.85827156941611,-300.0,-148.451597880062,-304.54235946019804,-149.49824137047983
extra,44,port,wrong_60,True,-1,3.0,12,target,1.287893010231244,0,21.55567519746856,1.25207494321582,0.11661246175267037,7.9449979394625005,142.90611959003056,-2.3160830910635792,-1.4902187827939626,15.793011839776725,12.508703267590382,-3.0,-2.3099562266705833,-0.125,-0.125,0.0,0.0,0.0,0.0,-0.0019029175600667576,-0.0010948526569989154,-49.33920608021634,-35.76585371150742,-300.0,-172.60642499307843,-338.9891802490633,-199.78984529911702
extra,45,port,stand_on,True,-1,9.0,59,goal,2.2975361867453294,0,0.0,10.0317263299217,2.302113344627434,9.34536136132256,158.4529536503171,-2.4096693246746814,-0.7334502165146601,87.51815634136968,28.735745669915335,-14.75,-4.837955081369003,0.0,0.0,0.0,0.0,0.0,0.0,0.0,0.0,-5.206105868663636,-4.037670792044562,100.0,5.422585810406311,165.15238114803134,24.54925539039342
extra,45,port,compliant_30,True,-1,9.0,62,goal,1.8778601392900416,0,-21.402372744616287,10.0317263299217,2.302113344627434,9.34536136132256,158.4529536503171,-57.39656498020872,-13.401083230085296,87.46765882867112,27.095364577197824,-15.5,-4.874766718337886,-3.933611896517935,-2.1894439784260142,0.0,0.0,0.0,0.0,0.0,0.0,-0.9628627139188791,-0.9154505994109998,100.0,4.663740229999249,109.67461923802558,10.378360280936874
extra,45,port,wrong_30,True,-1,9.0,62,goal,2.6108879250852652,0,21.402372744616343,10.0317263299217,2.302113344627434,9.34536136132256,158.4529536503171,-48.078696004275905,-11.91176222466327,87.59449431864333,27.133645400306133,-15.5,-4.874766718337886,-3.919416409543986,-2.22636010115783,0.0,0.0,0.0,0.0,0.0,0.0,-18.506128438006876,-14.353656073020403,100.0,4.663740229999249,101.59025346681656,-1.5691594868740086
extra,45,port,compliant_60,True,-1,9.0,65,goal,1.8667177287523593,0,-21.402372744616287,10.0317263299217,2.302113344627434,9.34536136132256,158.4529536503171,-94.88057248674129,-19.562131289653998,88.34699300226711,26.121034048385926,-16.25,-4.906426874260996,-2.2182636474155255,-0.7405584653724158,0.0,0.0,-0.12244684166030137,-0.034393854716241026,0.0,0.0,-0.9628627139188791,-0.9154505994109998,100.0,4.011088748687537,73.91284731253111,3.973161713658813
extra,45,port,wrong_60,True,-1,9.0,63,goal,2.61146450552523,0,21.402372744616343,10.0317263299217,2.302113344627434,9.34536136132256,158.4529536503171,-68.50515668266816,-15.738199384662778,87.2267668294585,26.55638033206559,-15.75,-4.885854644723005,-2.240174542427132,-0.9351156944966159,0.0,0.0,0.0,0.0,0.0,0.0,-18.50550081510361,-14.353214573135771,100.0,4.435170554047622,82.2259347892596,-4.920833410904957
extra,46,port,stand_on,False,0,,0,target,1.2920619702967242,0,,-285.30262802624554,1.04821542919003,10.966924574695305,106.92672852775569,0.0,0.0,0.0,0.0,0.0,0.0,0.0,0.0,0.0,0.0,0.0,0.0,0.0,0.0,0.0,0.0,0.0,0.0,0.0,0.0
extra,46,port,compliant_30,False,0,,0,target,1.2920619702967242,0,,-285.30262802624554,1.04821542919003,10.966924574695305,106.92672852775569,0.0,0.0,0.0,0.0,0.0,0.0,0.0,0.0,0.0,0.0,0.0,0.0,0.0,0.0,0.0,0.0,0.0,0.0,0.0,0.0
extra,46,port,wrong_30,False,0,,0,target,1.2920619702967242,0,,-285.30262802624554,1.04821542919003,10.966924574695305,106.92672852775569,0.0,0.0,0.0,0.0,0.0,0.0,0.0,0.0,0.0,0.0,0.0,0.0,0.0,0.0,0.0,0.0,0.0,0.0,0.0,0.0
extra,46,port,compliant_60,False,0,,0,target,1.2920619702967242,0,,-285.30262802624554,1.04821542919003,10.966924574695305,106.92672852775569,0.0,0.0,0.0,0.0,0.0,0.0,0.0,0.0,0.0,0.0,0.0,0.0,0.0,0.0,0.0,0.0,0.0,0.0,0.0,0.0
extra,46,port,wrong_60,False,0,,0,target,1.2920619702967242,0,,-285.30262802624554,1.04821542919003,10.966924574695305,106.92672852775569,0.0,0.0,0.0,0.0,0.0,0.0,0.0,0.0,0.0,0.0,0.0,0.0,0.0,0.0,0.0,0.0,0.0,0.0,0.0,0.0
extra,47,port,stand_on,True,-1,5.0,64,goal,2.5094764234304976,0,0.559813806164982,5.756485840464832,2.4881278941031697,10.535284686089286,99.17460422804386,-3.287062573746864,-0.8860426068812995,94.0231327533832,28.832447671459935,-16.0,-4.896399152389277,-0.12677396110199296,-0.04781563777641796,0.0,0.0,0.0,0.0,0.0,0.0,-3.342848458288215,-1.873386080432762,100.0,4.2178030665087585,171.26644776024614,25.346607260488934
extra,47,port,compliant_30,True,-1,5.0,67,goal,3.3300001599951976,0,-17.780460455578577,5.756485840464832,2.4881278941031697,10.535284686089286,99.17460422804386,-43.54599886686963,-9.422328877425558,93.7285558099703,27.161545723363442,-16.75,-4.925032029898121,-4.219140666597337,-2.2101927401698136,0.0,0.0,0.0,0.0,0.0,0.0,0.0,0.0,100.0,3.6275567655825034,129.21341627650332,14.231548841452451
extra,47,port,wrong_30,True,-1,5.0,20,target,1.8026343155782554,0,18.470018956908632,5.756485840464832,2.4881278941031697,10.535284686089286,99.17460422804386,-7.024644058984382,-3.6939329026864742,26.316436143806072,17.46488864748027,-5.0,-3.2338721904083823,-3.676102534638508,-2.155083177966295,0.0,0.0,0.0,0.0,-3.131143234057585,-1.4305264454378497,-43.50949438112807,-26.232177984077975,-300.0,-115.46882366804526,-336.0249480650025,-134.74952772114196
extra,47,port,compliant_60,True,-1,5.0,69,goal,3.362736075524877,0,-17.780460455578577,5.756485840464832,2.4881278941031697,10.535284686089286,99.17460422804386,-68.84070874303325,-13.308364738278005,94.289102417871,26.49870617111803,-17.25,-4.941858199159086,-2.4760071289870833,-0.852326829103258,0.0,0.0,0.0,0.0,0.0,0.0,0.0,0.0,100.0,3.2806973148697316,105.72238654585068,10.676853719447413
extra,47,port,wrong_60,True,-1,5.0,22,target,1.666518668563132,0,18.470018956908632,5.756485840464832,2.4881278941031697,10.535284686089286,99.17460422804386,-13.384333101838207,-6.28079352292004,25.599440875111224,17.020995056957283,-5.5,-3.4124035543497997,-0.8927231163895399,-0.4904962850358529,0.0,0.0,0.0,0.0,-7.803079442245549,-2.88590157574827,-67.55876098112113,-35.37394095333307,-300.0,-104.4279343477325,-369.53945576648323,-135.85047518216226
extra,48,port,stand_on,True,-1,6.0,10,target,1.4187413285197714,0,-0.5390987695085698,4.991356871047652,0.7510617104214806,9.085518553201702,138.7536095118283,-1.4648289458114554,-1.1586982534212542,14.210769425090543,11.464600214116556,-2.5,-2.0148660223919674,-0.01901617376605621,-0.01438359900945125,0.0,0.0,0.0,0.0,-5.7335242403430335,-3.8112423370017665,-14.483802326192666,-12.366970568805517,-300.0,-190.85564581916123,-309.99040226102267,-198.75720638567464
extra,48,port,compliant_30,True,-1,6.0,70,goal,1.427373151576119,0,-20.20686256228248,4.991356871047652,0.7510617104214806,9.085518553201702,138.7536095118283,-40.560588981905,-9.80011255303381,93.61535609049835,26.1549228202184,-17.5,-4.949657975417023,-4.369635241365647,-2.283136455451192,0.0,0.0,0.0,0.0,0.0,0.0,-6.957898349922275,-6.470671211327391,100.0,3.1199105031747614,124.22723351730544,5.771255128163745
extra,48,port,wrong_30,True,-1,6.0,10,target,1.6067472490593333,0,19.808838426493992,4.991356871047652,0.7510617104214806,9.085518553201702,138.7536095118283,-2.42353374407625,-1.8106382993192622,13.223278855227505,10.815562413302679,-2.5,-2.0148660223919674,-1.6006939957805173,-1.1464800068750445,0.0,0.0,0.0,0.0,-0.6273293851072959,-0.40329098681033526,-31.059724514076436,-25.60539496991318,-300.0,-190.85564581916123,-324.988002783813,-211.02075369116835
extra,48,port,compliant_60,True,-1,6.0,74,goal,1.4478148077019,0,-20.20686256228248,4.991356871047652,0.7510617104214806,9.085518553201702,138.7536095118283,-77.03630951026244,-15.22869836953991,94.82648274744795,24.94974583676057,-18.5,-4.9772172167145685,-2.341202774038581,-0.7515431247540495,0.0,0.0,0.0,0.0,0.0,0.0,-6.954970185008429,-6.468986477735494,100.0,2.5517964452291038,89.9940002781385,0.0750970932456525
extra,48,port,wrong_60,True,-1,6.0,10,target,1.6074494584893435,0,19.808838426493992,4.991356871047652,0.7510617104214806,9.085518553201702,138.7536095118283,-2.433650063224203,-1.8171576871859496,13.219405253431827,10.813060882203658,-2.5,-2.0148660223919674,-0.7926518353247332,-0.5661435436304054,0.0,0.0,0.0,0.0,-0.5861766102959006,-0.37688914861869277,-31.059724514076436,-25.60539496991318,-300.0,-190.85564581916123,-324.15279776948944,-210.42303630869776
extra,49,port,stand_on,True,-1,2.0,12,target,1.6591597278984636,0,0.0,-0.09671148320842837,0.23581283620188936,8.059138062633508,123.49643227746961,-0.5753617894823383,-0.4222590615834396,16.590958773521358,13.015041193115438,-3.0,-2.3099562266705833,0.0,0.0,0.0,0.0,0.0,0.0,-1.8612741982160879,-1.0931293864757954,-34.98277456540223,-26.24225449898161,-300.0,-172.60642499307843,-323.8284517795793,-189.65898297367443
extra,49,port,compliant_30,True,-1,2.0,70,goal,1.0908569594174968,0,-22.183139042996572,-0.09671148320842837,0.23581283620188936,8.059138062633508,123.49643227746961,-37.55732675201557,-8.61966135179454,98.4836184728911,27.430622461531534,-17.5,-4.949657975417023,-3.811294251779295,-2.0830570857343202,0.0,0.0,0.0,0.0,-1.4858758731212949,-0.8425122450333795,-11.557571264214776,-10.211853266767047,100.0,3.1199105031747614,126.57155033176016,3.843791039959985
extra,49,port,wrong_30,True,-1,2.0,13,target,1.3358674441197376,0,22.18313904299663,-0.09671148320842837,0.23581283620188936,8.059138062633508,123.49643227746961,-3.232109788578774,-2.086859677368512,17.631532792467436,13.511122518720132,-3.25,-2.4467453872682734,-2.185576750981291,-1.5302359292898269,0.0,0.0,0.0,0.0,0.0,0.0,-82.86470906033087,-59.11133717678136,-300.0,-164.14699271722827,-373.9008628074235,-215.8110483692161
extra,49,port,compliant_60,True,-1,2.0,75,goal,1.1781705252688597,0,-22.18432032551243,-0.09671148320842837,0.23581283620188936,8.059138062633508,123.49643227746961,-78.95403309272281,-14.853277352717338,101.02521207441853,26.127040662490856,-18.75,-4.983284049286526,-2.2062211085333803,-0.7146470344894852,0.0,0.0,0.0,0.0,-0.29843481866278027,-0.1710755476292147,-10.277389377739473,-9.475294537549058,100.0,2.4267330287830675,90.53913367676009,-1.6438048303976989
extra,49,port,wrong_60,True,-1,2.0,14,target,1.235050390917682,0,22.18432032551243,-0.09671148320842837,0.23581283620188936,8.059138062633508,123.49643227746961,-4.493778953717235,-2.769238212703657,17.81734367711276,13.600731987662039,-3.5,-2.57683051793085,-0.31386799944226595,-0.22550805272989605,0.0,0.0,0.0,0.0,-0.0024908726101271353,-0.0012961019558088856,-86.50717020861389,-60.96446766020721,-300.0,-156.10215679509182,-376.99996435727076,-209.0387653529572
extra,50,port,stand_on,True,-1,2.0,11,target,1.8214545511428575,0,-0.37888111313765194,0.16296557319286364,0.13439779211239677,7.969175900186956,162.02758684041703,-0.7227881530485405,-0.5458498284299171,16.163037768642713,12.743608246162383,-2.75,-2.1661175391763514,-0.03233370999164236,-0.02488753872825864,0.0,0.0,0.0,0.0,-1.8047435108217655,-1.100582593236462,-35.21547118622365,-27.230918895344594,-300.0,-181.50182014126085,-324.36229879144287,-199.82656829001405
extra,50,port,compliant_30,True,-1,2.0,15,target,0.7315438086291586,0,-21.639185177103116,0.16296557319286364,0.13439779211239677,7.969175900186956,162.02758684041703,-5.658203106582302,-3.412036869744842,19.20558479442704,14.300176780927746,-3.75,-2.7005401828309017,-2.6790701078707126,-1.788754999324802,0.0,0.0,0.0,0.0,-5.677561538379939,-2.9405336078842446,-36.101861038188,-23.70846172880221,-300.0,-148.451597880062,-334.6611109965939,-168.70174848772126
extra,50,port,wrong_30,True,-1,2.0,14,target,1.0519051945602231,0,21.28609046648313,0.16296557319286364,0.13439779211239677,7.969175900186956,162.02758684041703,-3.8431258433463165,-2.4303475811088893,18.471398324405605,13.927498743381623,-3.5,-2.57683051793085,-2.417966692697468,-1.662810685078172,0.0,0.0,0.0,0.0,-0.3174039864252521,-0.1652511048426363,-92.22441174890537,-64.34411018781928,-300.0,-156.10215679509182,-383.8315099469688,-213.35400812849002
extra,50,port,compliant_60,True,-1,2.0,14,target,0.8717810109295585,0,-21.639185177103116,0.16296557319286364,0.13439779211239677,7.969175900186956,162.02758684041703,-5.497317187414916,-3.36997458091997,18.119019480101496,13.730053212418163,-3.5,-2.57683051793085,-0.3137507295007822,-0.2253367729044073,0.0,0.0,0.0,0.0,-1.690962082213193,-0.8950205657297629,-16.921890441301166,-13.705396829590814,-300.0,-156.10215679509182,-309.80490096032855,-163.14466284974947
extra,50,port,wrong_60,True,-1,2.0,14,target,1.1787110064390443,0,21.28609046648313,0.16296557319286364,0.13439779211239677,7.969175900186956,162.02758684041703,-4.485989025954776,-2.7847175693572717,17.93290132719335,13.636573355242682,-3.5,-2.57683051793085,-0.3047765543717844,-0.22039749860627453,0.0,0.0,0.0,0.0,-0.04656928971637903,-0.02423188855047419,-90.37472761210662,-63.33512650887488,-300.0,-156.10215679509182,-380.7791611549562,-211.40688742316888
extra,51,port,stand_on,False,0,,0,goal,1.780285251761006,0,,182.6041164837933,1.7482129504159856,8.832635490162104,133.2860649757251,0.0,0.0,0.0,0.0,0.0,0.0,0.0,0.0,0.0,0.0,0.0,0.0,0.0,0.0,0.0,0.0,0.0,0.0,0.0,0.0
extra,51,port,compliant_30,False,0,,0,goal,1.780285251761006,0,,182.6041164837933,1.7482129504159856,8.832635490162104,133.2860649757251,0.0,0.0,0.0,0.0,0.0,0.0,0.0,0.0,0.0,0.0,0.0,0.0,0.0,0.0,0.0,0.0,0.0,0.0,0.0,0.0
extra,51,port,wrong_30,False,0,,0,goal,1.780285251761006,0,,182.6041164837933,1.7482129504159856,8.832635490162104,133.2860649757251,0.0,0.0,0.0,0.0,0.0,0.0,0.0,0.0,0.0,0.0,0.0,0.0,0.0,0.0,0.0,0.0,0.0,0.0,0.0,0.0
extra,51,port,compliant_60,False,0,,0,goal,1.780285251761006,0,,182.6041164837933,1.7482129504159856,8.832635490162104,133.2860649757251,0.0,0.0,0.0,0.0,0.0,0.0,0.0,0.0,0.0,0.0,0.0,0.0,0.0,0.0,0.0,0.0,0.0,0.0,0.0,0.0
extra,51,port,wrong_60,False,0,,0,goal,1.780285251761006,0,,182.6041164837933,1.7482129504159856,8.832635490162104,133.2860649757251,0.0,0.0,0.0,0.0,0.0,0.0,0.0,0.0,0.0,0.0,0.0,0.0,0.0,0.0,0.0,0.0,0.0,0.0,0.0,0.0
extra,52,port,stand_on,True,-1,5.0,63,goal,1.969472165461736,0,0.4788804480146496,5.432525857012086,1.9776295015634138,10.045883423989157,93.35841816124592,-0.7668994529932006,-0.20593551568280283,94.17278906098345,29.225548852549004,-15.75,-4.885854644723005,-0.1349121242251081,-0.05011974089711391,0.0,0.0,0.0,0.0,-0.16480944858248253,-0.10286242442650337,-1.0610734881452855,-0.5992534258769571,100.0,4.435170554047622,176.29509454703737,27.816693654990246
extra,52,port,compliant_30,True,-1,5.0,66,goal,2.7598129572999337,0,-22.12168365143509,5.432525857012086,1.9776295015634138,10.045883423989157,93.35841816124592,-25.21823189080624,-6.986626775816408,94.12535425765645,27.527820294779097,-16.5,-4.915963137984165,-4.188922647222021,-2.324156028220203,0.0,0.0,0.0,0.0,0.0,0.0,0.0,0.0,100.0,3.8145054892676895,148.2181997196282,17.115579842026012
extra,52,port,wrong_30,True,-1,5.0,17,target,1.4942716725174823,0,22.474285927501484,5.432525857012086,1.9776295015634138,10.045883423989157,93.35841816124592,-4.875917296609897,-2.7879912292942355,22.144397968804892,15.773408150588207,-4.25,-2.9300676466682667,-3.3051627327149213,-2.085960825557399,0.0,0.0,0.0,0.0,-9.542800971694538,-4.573993652152314,-36.26803033866554,-24.330529346856288,-300.0,-134.25696412914309,-336.09751337088,-155.1920986790834
extra,52,port,compliant_60,True,-1,5.0,67,goal,2.7924849661816977,0,-22.12168365143509,5.432525857012086,1.9776295015634138,10.045883423989157,93.35841816124592,-40.52500034740162,-10.062165071883944,93.47927181237847,26.839433183732456,-16.75,-4.925032029898121,-2.3639172568623366,-0.9350436549273994,0.0,0.0,0.0,0.0,0.0,0.0,0.0,0.0,100.0,3.6275567655825034,133.84035420811452,14.544749192605497
extra,52,port,wrong_60,True,-1,5.0,18,target,1.3636798785011308,0,22.475753675857163,5.432525857012086,1.9776295015634138,10.045883423989157,93.35841816124592,-8.433207390602757,-4.47763461110458,22.567053804033144,15.867951658380715,-4.5,-3.03646517751543,-0.685893549995491,-0.4076468130927255,0.0,0.0,0.0,0.0,-3.999893849420159,-1.7558556444125126,-58.60449960972294,-34.683819499192765,-300.0,-127.67703701659627,-353.6564405957082,-156.17050710353357
extra,53,port,stand_on,True,-1,4.0,13,target,1.7471176094279148,0,0.492544732467195,3.0028775983781797,0.09968089290758042,10.214724505091896,148.82131529560868,-0.3837625708749923,-0.2739270223216243,18.71005936470941,14.213374275292253,-3.25,-2.4467453872682734,-0.03451766690000023,-0.025018343354287167,0.0,0.0,0.0,0.0,-2.2675107412328,-1.2670610650169192,-31.521849943258353,-23.22869244668047,-300.0,-164.14699271722827,-318.7475815575567,-177.1750627065776
extra,53,port,compliant_30,True,-1,4.0,68,goal,1.0297993829158913,0,-21.13655147849977,3.0028775983781797,0.09968089290758042,10.214724505091896,148.82131529560868,-81.9336991383733,-17.413400410653903,95.19807653575488,27.06872536975064,-17.0,-4.933656455871912,-4.184448783594771,-2.2452327415461912,0.0,0.0,0.0,0.0,-1.2696100873084286,-0.5945727208890342,-12.459921903010205,-9.71641246332084,100.0,3.449770389516387,78.35039662346817,-4.384779033014851
extra,53,port,wrong_30,True,-1,4.0,18,target,1.093786073311513,0,21.28519505983303,3.0028775983781797,0.09968089290758042,10.214724505091896,148.82131529560868,-6.180713637959776,-3.488572875793733,23.557746485580576,16.316630378366874,-4.5,-3.03646517751543,-3.715412718938473,-2.2665527024833074,0.0,0.0,0.0,0.0,-0.36651490258843444,-0.1587704662443595,-109.35096277446806,-70.37736373135836,-300.0,-127.67703701659627,-400.55585754837415,-190.6881315916246
extra,53,port,compliant_60,True,-1,4.0,17,other,1.2721264595234594,0,-21.13655147849977,3.0028775983781797,0.09968089290758042,10.214724505091896,148.82131529560868,-11.596740525124268,-6.303044915532823,21.369073383123588,15.293813362879051,-4.25,-2.9300676466682667,-0.6631177080161876,-0.3963337234673545,0.0,0.0,-20.172737001924503,-9.154395623308885,-0.00020827465864164724,-9.320774458087052e-05,-7.6860755705769215,-7.087025767515485,-300.0,-134.25696412914309,-322.99980569717695,-144.83411165050143
extra,53,port,wrong_60,True,-1,4.0,17,target,1.4133541595009422,0,21.28519505983303,3.0028775983781797,0.09968089290758042,10.214724505091896,148.82131529560868,-7.6957161362929405,-4.289231699278135,21.16867318093897,15.200622938019603,-4.25,-2.9300676466682667,-0.6636468919261986,-0.39650730685438507,0.0,0.0,0.0,0.0,0.0,0.0,-99.40780084427541,-65.70460385767836,-300.0,-134.25696412914309,-390.8484906915556,-192.37675170160264
extra,54,port,stand_on,True,-1,3.0,68,goal,1.3330398746532721,0,0.7089107741468581,1.7192595764388845,1.334326418838495,8.31993418830121,138.52672523535574,-5.220550601982545,-1.297151521460708,97.62020458231477,28.42912785294466,-17.0,-4.933656455871912,-0.12409129014990204,-0.042270113311094246,0.0,0.0,0.0,0.0,0.0,0.0,-29.8361645108316,-21.422293843142114,100.0,3.449770389516387,145.43939817935072,4.183526308675218
extra,54,port,compliant_30,True,-1,3.0,11,target,1.837548469822701,0,-21.84827517989038,1.7192595764388845,1.334326418838495,8.31993418830121,138.52672523535574,-2.9547867590890387,-2.0200503497533986,14.138025449137306,11.408143535548641,-2.75,-2.1661175391763514,-2.5243784007568664,-1.7407790120522904,0.0,0.0,0.0,0.0,-3.625891493201689,-2.2581764870757413,-6.461234418787126,-5.914473788176391,-300.0,-181.50182014126085,-304.17826562269744,-184.19327378194637
extra,54,port,wrong_30,True,-1,3.0,72,goal,2.0271871191456725,0,22.442510675493168,1.7192595764388845,1.334326418838495,8.31993418830121,138.52672523535574,-47.97455946295414,-10.48368318201186,96.3561127664039,25.877736962798792,-18.0,-4.9641294628665245,-4.85497897311161,-2.5568866087526367,0.0,0.0,0.0,0.0,0.0,0.0,-55.87460674208082,-40.31394498451097,100.0,2.8215911347029534,69.65196758825732,-29.619316140640247
extra,54,port,compliant_60,True,-1,3.0,11,target,1.838525782033868,0,-21.84827517989038,1.7192595764388845,1.334326418838495,8.31993418830121,138.52672523535574,-3.0502278659409754,-2.079434086172405,14.109588966663631,11.390311654492928,-2.75,-2.1661175391763514,-0.125,-0.125,0.0,0.0,0.0,0.0,-3.8355185903169717,-2.388288242051007,-6.461234418787126,-5.914473788176391,-300.0,-181.50182014126085,-302.1123919083814,-182.78482214234407
extra,54,port,wrong_60,True,-1,3.0,82,goal,2.074977022461981,0,22.443112665615814,1.7192595764388845,1.334326418838495,8.31993418830121,138.52672523535574,-119.06896811642109,-18.796304323659342,101.92653609082974,23.826793551110946,-20.5,-5.018194465482414,-3.9282642927979587,-1.3772633495476378,0.0,0.0,-25.987983285553366,-0.4870368835660704,0.0,0.0,-54.95101929230928,-39.780130406731786,100.0,1.7070797554767716,-22.50969889625196,-39.92505612239953
extra,55,port,stand_on,True,-1,3.0,11,target,1.7327894450898427,0,0.6073986135405676,1.065908329906509,0.0791196667470409,8.815255787706876,135.0749966059358,-0.030480565413886884,-0.024673483497738735,16.19976530393206,12.81396196678833,-2.75,-2.1661175391763514,-0.024711840403371432,-0.01825881799003349,0.0,0.0,0.0,0.0,-1.7382941067118987,-1.0642830812189084,-27.723110659053763,-21.926678545591958,-300.0,-181.50182014126085,-316.0668318676509,-193.8878696419475
extra,55,port,compliant_30,True,-1,3.0,68,goal,0.9625581403527673,0,-21.49633188131537,1.065908329906509,0.0791196667470409,8.815255787706876,135.0749966059358,-43.72280876032743,-8.534338097438583,97.83196081465321,27.872864010921045,-17.0,-4.933656455871912,-4.672301328999181,-2.362203229185343,0.0,0.0,0.0,0.0,-2.0950246012757825,-1.1182992437327743,-24.188428623755012,-16.662490773675792,100.0,3.449770389516387,106.15339750029581,-2.2883533994669714
extra,55,port,wrong_30,True,-1,3.0,13,target,1.2761559066231527,0,21.951467434019662,1.065908329906509,0.0791196667470409,8.815255787706876,135.0749966059358,-2.8330366541718317,-1.7729484040367791,18.218346738689686,13.873950362016577,-3.25,-2.4467453872682734,-1.8915786121633857,-1.345607958400039,0.0,0.0,0.0,0.0,-0.026755958792202064,-0.01463970057668684,-37.11117447661972,-30.80098249680899,-300.0,-164.14699271722827,-326.8941989630575,-186.65396630230248
extra,55,port,compliant_60,True,-1,3.0,89,other,1.0646109306811273,0,-21.49633188131537,1.065908329906509,0.0791196667470409,8.815255787706876,135.0749966059358,-119.89369768826239,-16.426326486999184,103.0011140246184,26.05938822543904,-22.25,-5.042752117286885,-2.3667057211464377,-0.7192631443078975,0.0,0.0,-67.75319670531377,-0.8925991949286254,-0.6653485058936771,-0.34968083267932515,-14.351046368786044,-11.530292633931467,-300.0,-3.6025239575116887,-424.2788809647839,-12.504050142206033
extra,55,port,wrong_60,True,-1,3.0,14,target,1.2474168993100412,0,21.951522798216956,1.065908329906509,0.0791196667470409,8.815255787706876,135.0749966059358,-3.663854091735757,-2.2204513095927307,18.340136449206415,13.929483796715425,-3.5,-2.57683051793085,-0.9880662675052179,-0.6810705682137737,0.0,0.0,0.0,0.0,-0.018948706416328075,-0.009859779800219359,-37.11146753387186,-30.80119927136782,-300.0,-156.10215679509182,-326.9422001503227,-178.4620844452818
extra,56,port,stand_on,True,-1,3.0,14,target,1.6818382463622477,0,-0.635083201283436,2.1527446503355323,0.4733816710184513,10.098435960155314,143.26919875514375,-0.34479898693372646,-0.23356840877694995,20.41091664141527,15.099330450097401,-3.5,-2.57683051793085,-0.03278083624569734,-0.02278307204145636,0.0,0.0,0.0,0.0,-4.755622468733744,-2.5463802820872674,-19.213578914440046,-14.511884741416582,-300.0,-156.10215679509182,-307.43586456493796,-160.8942733672475
extra,56,port,compliant_30,True,-1,3.0,70,goal,1.6460387669559156,0,-20.995401054498075,2.1527446503355323,0.4733816710184513,10.098435960155314,143.26919875514375,-86.37520975643461,-16.59912253650604,97.91409313394504,27.271565563198354,-17.5,-4.949657975417023,-5.377620410665735,-2.6223258507013,0.0,0.0,0.0,0.0,0.0,0.0,-22.256324581331945,-14.628402862826052,100.0,3.1199105031747614,66.40493838551275,-8.4080331590773
extra,56,port,wrong_30,True,-1,3.0,16,target,1.421467836945357,0,20.498165454685562,2.1527446503355323,0.4733816710184513,10.098435960155314,143.26919875514375,-4.362508235932648,-2.5398207377901905,21.106936428441497,15.250441796609937,-4.0,-2.818186843227314,-2.911128545205541,-1.8972203265419505,0.0,0.0,0.0,0.0,-0.04158794845117319,-0.019570732992074708,-64.71924883206837,-46.32123522119876,-300.0,-141.17599247569487,-354.9275371332162,-179.52158454083522
extra,56,port,compliant_60,True,-1,3.0,21,other,1.9172318192117042,0,-20.995401054498075,2.1527446503355323,0.4733816710184513,10.098435960155314,143.26919875514375,-17.470084462473533,-8.28451476387615,24.44342069567764,16.561066461562177,-5.25,-3.3253802757266895,-1.1314905392277694,-0.5912800968918369,0.0,0.0,-31.617803113976954,-11.96362543272917,0.0,0.0,-8.727125638653291,-7.884064991596053,-300.0,-109.80970238196865,-339.7530830586539,-125.29750148122636
extra,56,port,wrong_60,True,-1,3.0,17,target,1.238676051342235,0,20.498165454685562,2.1527446503355323,0.4733816710184513,10.098435960155314,143.26919875514375,-6.906512511883257,-3.7770129340923217,21.62288794931441,15.435345876150558,-4.25,-2.9300676466682667,-0.8443692116790089,-0.4888627850131835,0.0,0.0,0.0,0.0,-0.0011492330738237257,-0.0005143084785612559,-64.89047115914954,-46.46151040527428,-300.0,-134.25696412914309,-355.26961416647123,-172.47958633251915
extra,57,port,stand_on,False,0,,0,goal,2.014253128265434,0,,177.66852030832047,1.9573850794529726,8.40952499842309,111.57520120844195,0.0,0.0,0.0,0.0,0.0,0.0,0.0,0.0,0.0,0.0,0.0,0.0,0.0,0.0,0.0,0.0,0.0,0.0,0.0,0.0
extra,57,port,compliant_30,False,0,,0,goal,2.014253128265434,0,,177.66852030832047,1.9573850794529726,8.40952499842309,111.57520120844195,0.0,0.0,0.0,0.0,0.0,0.0,0.0,0.0,0.0,0.0,0.0,0.0,0.0,0.0,0.0,0.0,0.0,0.0,0.0,0.0
extra,57,port,wrong_30,False,0,,0,goal,2.014253128265434,0,,177.66852030832047,1.9573850794529726,8.40952499842309,111.57520120844195,0.0,0.0,0.0,0.0,0.0,0.0,0.0,0.0,0.0,0.0,0.0,0.0,0.0,0.0,0.0,0.0,0.0,0.0,0.0,0.0
extra,57,port,compliant_60,False,0,,0,goal,2.014253128265434,0,,177.66852030832047,1.9573850794529726,8.40952499842309,111.57520120844195,0.0,0.0,0.0,0.0,0.0,0.0,0.0,0.0,0.0,0.0,0.0,0.0,0.0,0.0,0.0,0.0,0.0,0.0,0.0,0.0
extra,57,port,wrong_60,False,0,,0,goal,2.014253128265434,0,,177.66852030832047,1.9573850794529726,8.40952499842309,111.57520120844195,0.0,0.0,0.0,0.0,0.0,0.0,0.0,0.0,0.0,0.0,0.0,0.0,0.0,0.0,0.0,0.0,0.0,0.0,0.0,0.0
extra,58,port,stand_on,True,-1,3.0,17,target,1.5513396076137775,0,0.44722029942926156,2.667820595906438,1.4981231406335496,10.312421164561544,76.89783490461863,-0.10968159825117818,-0.07517158361927749,24.472027209938776,17.089134902447768,-4.25,-2.9300676466682667,-0.04885872299221074,-0.031544171795165145,0.0,0.0,0.0,0.0,-8.243545783615339,-4.07903129071845,-13.65902171889961,-9.86913600264506,-300.0,-134.25696412914309,-301.83908061381953,-134.15277992214155
extra,58,port,compliant_30,True,-1,3.0,68,goal,2.3650592599201636,0,-21.039314041935825,2.667820595906438,1.4981231406335496,10.312421164561544,76.89783490461863,-47.796986427633385,-9.269773759192656,96.74846238702791,27.598671924254237,-17.0,-4.933656455871912,-4.869773926174542,-2.44165386165004,0.0,0.0,0.0,0.0,0.0,0.0,-11.865711941094949,-7.271358112487744,100.0,3.449770389516387,115.21599009212504,7.132000124568274
extra,58,port,wrong_30,True,-1,3.0,19,target,1.3462194334640312,0,21.142652757506198,2.667820595906438,1.4981231406335496,10.312421164561544,76.89783490461863,-9.297159341993044,-4.812044210862081,25.681506972460035,17.28258216213941,-4.75,-3.137648170685011,-3.4521265293935155,-2.1343669076395178,0.0,0.0,0.0,0.0,-5.236257992687103,-2.1757808786832156,-83.40235158633185,-50.68292905510252,-300.0,-121.41959180349701,-380.4563884779455,-167.07977886432994
extra,58,port,compliant_60,True,-1,3.0,90,other,2.4753355223959947,0,-21.039314041935825,2.667820595906438,1.4981231406335496,10.312421164561544,76.89783490461863,-110.17339254021388,-15.775039611522647,103.01067588340241,26.013863529296554,-22.5,-5.045607087651986,-2.394566552196168,-0.7444931497760079,0.0,0.0,-76.43637556969345,-0.9723255397932403,0.0,0.0,-2.6731366595449675,-2.575440905950167,-300.0,-3.4259644381199856,-411.166795438246,-2.5250072035174798
extra,58,port,wrong_60,True,-1,3.0,21,other,1.5404019571570309,0,21.142652757506198,2.667820595906438,1.4981231406335496,10.312421164561544,76.89783490461863,-16.805608828506145,-7.945011367893061,25.33173711350691,16.96660012410473,-5.25,-3.3253802757266895,-0.6901541647915099,-0.39315454979459336,0.0,0.0,-23.041630494562106,-8.602624325300638,0.0,0.0,-94.74970862912325,-54.59582048789296,-300.0,-109.80970238196865,-415.2053650034761,-167.70509326447186
extra,59,port,stand_on,True,-1,3.0,16,target,1.4295671217332966,0,0.0,-0.03037471828820948,1.3402119517802504,9.789689426954158,88.74910393779417,-0.29056058949615826,-0.19323572166308112,23.023360045807024,16.436533833335318,-4.0,-2.818186843227314,0.0,0.0,0.0,0.0,0.0,0.0,-8.059960374461479,-4.255286539151454,-22.51495711562737,-17.394928254297415,-300.0,-141.17599247569487,-311.842118033778,-149.40109600069883
extra,59,port,compliant_30,True,-1,3.0,69,goal,2.2459950070418966,0,-21.758992373595447,-0.03037471828820948,1.3402119517802504,9.789689426954158,88.74910393779417,-81.50704613331945,-14.958673705301816,97.50049053965863,27.472299586507834,-17.25,-4.941858199159086,-4.726731446963079,-2.3175501413966293,0.0,0.0,0.0,0.0,0.0,0.0,-18.045250058323063,-13.190037746927928,100.0,3.2806973148697316,75.97146290105303,-4.655122891407894
extra,59,port,wrong_30,True,-1,3.0,16,target,1.3191758001054068,0,20.2735987494693,-0.03037471828820948,1.3402119517802504,9.789689426954158,88.74910393779417,-2.554739511522622,-1.5539296960173676,22.88707477884548,16.252622709068557,-4.0,-2.818186843227314,-1.0526608784825262,-0.7943247552333481,0.0,0.0,0.0,0.0,-8.865999407007186,-4.47785347221953,-30.668174137273656,-23.59750958251305,-300.0,-141.17599247569487,-324.2544991554405,-158.16517411583692
extra,59,port,compliant_60,True,-1,3.0,102,other,2.351096523726537,0,-21.759439000423527,-0.03037471828820948,1.3402119517802504,9.789689426954158,88.74910393779417,-182.70096005628207,-21.86465138764334,102.98453579634281,25.694343686060837,-25.5,-5.070693659573268,-2.1608555640181257,-0.6514980740440498,0.0,0.0,-634.316373351191,-41.73762385546119,0.0,0.0,-8.466716725185133,-8.228580661108042,-300.0,-1.8745391989118811,-1050.1603699003335,-53.733243150680934
extra,59,port,wrong_60,True,-1,3.0,16,target,1.3191758001054068,0,20.2735987494693,-0.03037471828820948,1.3402119517802504,9.789689426954158,88.74910393779417,-2.554739511522622,-1.5539296960173676,22.88707477884548,16.252622709068557,-4.0,-2.818186843227314,-1.0526608784825262,-0.7943247552333481,0.0,0.0,0.0,0.0,-8.865999407007186,-4.47785347221953,-30.668174137273656,-23.59750958251305,-300.0,-141.17599247569487,-324.2544991554405,-158.16517411583692
extra,60,port,stand_on,True,-1,8.0,59,goal,1.5547409501082339,0,0.0,9.043149139957572,1.552923232349679,8.571178009385477,159.89588478448948,-0.07034664806919966,-0.021231335191184465,88.5,29.027730488214026,-14.75,-4.837955081369003,0.0,0.0,0.0,0.0,0.0,0.0,0.0,0.0,-4.391344712370336,-3.546771532199203,100.0,5.422585810406311,169.28830863956046,26.044358349860946
extra,60,port,compliant_30,True,-1,8.0,63,goal,1.2431590558607701,0,-20.659448251528374,9.043149139957572,1.552923232349679,8.571178009385477,159.89588478448948,-84.04878276957125,-18.768345374030908,89.94297211135678,27.44613400609046,-15.75,-4.885854644723005,-4.4152381420134486,-2.3609022692147197,0.0,0.0,-6.738190895039889,-2.251277821992679,-0.09153544647785651,-0.06233604408304442,-1.9050362738211883,-1.7704338229170054,100.0,4.435170554047622,76.99418858443315,1.7821545831767218
extra,60,port,wrong_30,True,-1,8.0,62,goal,1.825660985319586,0,20.65944825152829,9.043149139957572,1.552923232349679,8.571178009385477,159.89588478448948,-67.3086685074422,-16.176550096929255,88.88616558099197,27.52011814781164,-15.5,-4.874766718337886,-3.7788338953908798,-2.1129378714368716,0.0,0.0,-108.8387468849758,-43.34287857071111,0.0,0.0,-17.953893332749885,-14.319474544024528,100.0,4.663740229999249,-24.4939770395668,-48.64274942362876
extra,60,port,compliant_60,True,-1,8.0,17,other,1.2400023434995395,0,-20.659448251528374,9.043149139957572,1.552923232349679,8.571178009385477,159.89588478448948,-12.1328749227345,-6.476826521591891,21.28551682329091,15.370305097177045,-4.25,-2.9300676466682667,-0.625,-0.39857832119538045,0.0,0.0,-43.83428361087719,-20.693069338372812,-0.09628183133586331,-0.06548411691595309,-1.9050362738211883,-1.7704338229170054,-300.0,-134.25696412914309,-341.55795981547783,-151.22111879962736
extra,60,port,wrong_60,True,-1,8.0,20,other,1.8261197017658293,0,20.65944825152829,9.043149139957572,1.552923232349679,8.571178009385477,159.89588478448948,-16.392151349803587,-8.099329827073413,26.71994534109037,17.698215089829038,-5.0,-3.2338721904083823,-1.7177718494329568,-0.9423098565945053,0.0,0.0,-118.05328848388406,-55.50800334808671,0.0,0.0,-17.953893332749885,-14.319474544024528,-300.0,-115.46882366804526,-432.39715967478014,-179.87359834440377
extra,61,port,stand_on,False,0,,0,target,1.2643384402228437,0,,-290.7710542450951,0.5431787022273554,10.426730229858837,86.87261323629703,0.0,0.0,0.0,0.0,0.0,0.0,0.0,0.0,0.0,0.0,0.0,0.0,0.0,0.0,0.0,0.0,0.0,0.0,0.0,0.0
extra,61,port,compliant_30,False,0,,0,target,1.2643384402228437,0,,-290.7710542450951,0.5431787022273554,10.426730229858837,86.87261323629703,0.0,0.0,0.0,0.0,0.0,0.0,0.0,0.0,0.0,0.0,0.0,0.0,0.0,0.0,0.0,0.0,0.0,0.0,0.0,0.0
extra,61,port,wrong_30,False,0,,0,target,1.2643384402228437,0,,-290.7710542450951,0.5431787022273554,10.426730229858837,86.87261323629703,0.0,0.0,0.0,0.0,0.0,0.0,0.0,0.0,0.0,0.0,0.0,0.0,0.0,0.0,0.0,0.0,0.0,0.0,0.0,0.0
extra,61,port,compliant_60,False,0,,0,target,1.2643384402228437,0,,-290.7710542450951,0.5431787022273554,10.426730229858837,86.87261323629703,0.0,0.0,0.0,0.0,0.0,0.0,0.0,0.0,0.0,0.0,0.0,0.0,0.0,0.0,0.0,0.0,0.0,0.0,0.0,0.0
extra,61,port,wrong_60,False,0,,0,target,1.2643384402228437,0,,-290.7710542450951,0.5431787022273554,10.426730229858837,86.87261323629703,0.0,0.0,0.0,0.0,0.0,0.0,0.0,0.0,0.0,0.0,0.0,0.0,0.0,0.0,0.0,0.0,0.0,0.0,0.0,0.0
extra,62,port,stand_on,True,-1,4.0,65,goal,2.006779831186811,0,0.70234911213754,4.8689455314661725,1.9271644245341892,13.502770749140481,82.61647177053577,-5.077811263907064,-1.3281303813829204,95.12959223314826,28.815820688875792,-16.25,-4.906426874260996,-0.12002577967863948,-0.04398383605853647,0.0,0.0,0.0,0.0,-1.1584255590385377,-0.46088721529061694,-13.800420322558036,-7.003608465027169,100.0,4.011088748687537,158.72290930796598,19.083872665543087
extra,62,port,compliant_30,True,-1,4.0,70,goal,3.436189832978698,0,-21.27781419066423,4.8689455314661725,1.9271644245341892,13.502770749140481,82.61647177053577,-43.60179360372978,-10.360834112904412,95.82108941723976,26.430222556743683,-17.5,-4.949657975417023,-5.154115634351412,-2.673023224281058,0.0,0.0,0.0,0.0,0.0,0.0,-5.737357225559634,-2.9647768574704014,100.0,3.1199105031747614,123.82782295359894,8.601840889845553
extra,62,port,wrong_30,True,-1,4.0,27,other,1.7251136669845983,0,21.87055020813648,4.8689455314661725,1.9271644245341892,13.502770749140481,82.61647177053577,-24.93758265323703,-10.469446301831244,33.36686165227323,19.520071806089568,-6.75,-3.7875747257496717,-7.562732828679595,-3.6157613132590454,0.0,0.0,-31.525354269866728,-8.807951570546486,-0.0010491003699774992,-0.0002840483938270165,-122.81051112749914,-60.15667565549772,-300.0,-81.22627785359812,-460.2203683273792,-148.54389966278654
extra,62,port,compliant_60,True,-1,4.0,81,goal,3.960500572061377,0,-21.27781419066423,4.8689455314661725,1.9271644245341892,13.502770749140481,82.61647177053577,-100.82913496810082,-18.138311667317364,101.45754103368633,24.132673658746693,-20.25,-5.0139267660937215,-3.5216033925278736,-1.1606228242604093,0.0,0.0,0.0,0.0,0.0,0.0,-0.04478921606299199,-0.03852133947281006,100.0,1.7950553275045067,76.81201345699465,1.5763463891068952
extra,62,port,wrong_60,True,-1,4.0,22,other,3.533969064590318,0,21.87055020813648,4.8689455314661725,1.9271644245341892,13.502770749140481,82.61647177053577,-21.36269438704716,-10.173074096015128,23.64827245020114,16.005270418716304,-5.5,-3.4124035543497997,-1.319998347063724,-0.7315807686575478,0.0,0.0,-30.002119244261923,-10.764207626621968,0.0,0.0,-94.69068428148267,-52.22419072343731,-300.0,-104.4279343477325,-429.22722380965433,-165.72812069809794
extra,63,port,stand_on,True,-1,3.0,12,target,1.3390297423620878,0,-0.6602450251717755,1.8051504563574094,0.2836863659179187,8.8034294415469,80.22876337051724,-0.13279870535478266,-0.09864887713336909,16.74214779462491,13.125622478934302,-3.0,-2.3099562266705833,-0.031088687409563207,-0.02183947162220976,0.0,0.0,0.0,0.0,-0.001399233120898465,-0.0008050554224339732,-44.47367673308101,-33.98905909189363,-300.0,-172.60642499307843,-330.89681556434135,-195.90111123688635
extra,63,port,compliant_30,True,-1,3.0,11,target,1.4722472446578332,0,-21.203375894490023,1.8051504563574094,0.2836863659179187,8.8034294415469,80.22876337051724,-2.1931397722232577,-1.4760240674886231,14.40994921471699,11.660541906773227,-2.75,-2.1661175391763514,-2.4404944920948037,-1.6900287383765316,0.0,0.0,0.0,0.0,-4.977898405655504,-3.0934624792577554,-16.767473110291366,-13.88137184992948,-300.0,-181.50182014126085,-314.71905656554793,-192.14828290871637
extra,63,port,wrong_30,True,-1,3.0,15,target,1.0896432095058146,0,20.66128087794027,1.8051504563574094,0.2836863659179187,8.8034294415469,80.22876337051724,-6.071434869946841,-3.5728168168690324,19.419681676839243,14.437292296205182,-3.75,-2.7005401828309017,-2.7227032082425073,-1.8386232524818227,0.0,0.0,0.0,0.0,-0.36065214255933387,-0.18025446900451014,-113.19443063861377,-78.25228812672239,-300.0,-148.451597880062,-406.6795391825232,-220.55882843176548
extra,63,port,compliant_60,True,-1,3.0,11,target,1.4721359333128963,0,-21.203375894490023,1.8051504563574094,0.2836863659179187,8.8034294415469,80.22876337051724,-2.2722553900367117,-1.5253636159843893,14.388158965578857,11.646746099662908,-2.75,-2.1661175391763514,-0.125,-0.125,0.0,0.0,0.0,0.0,-5.327060404269494,-3.310520339095519,-13.606485839091942,-11.924483739062158,-300.0,-181.50182014126085,-309.6926426678193,-188.90655927491636
extra,63,port,wrong_60,True,-1,3.0,15,target,1.0965253313965149,0,20.66128087794027,1.8051504563574094,0.2836863659179187,8.8034294415469,80.22876337051724,-7.410879112713909,-4.283941007069343,19.182933614029988,14.29453958344357,-3.75,-2.7005401828309017,-1.066333921190342,-0.6194980576638907,0.0,0.0,0.0,0.0,-0.5031477353478442,-0.24995636137346294,-105.07461754390418,-73.79168481752373,-300.0,-148.451597880062,-398.62204469912626,-215.80267872307974
extra,64,port,stand_on,True,-1,4.0,25,target,1.6573670414354509,0,0.0,3.1698011785981435,1.515756825381325,14.49828646776681,84.6627543190597,-1.8008223478352856,-0.9792284915940048,35.82849640965655,21.20385897957585,-6.25,-3.648709217553374,0.0,0.0,0.0,0.0,0.0,0.0,-3.816072186210564,-1.3628037080906747,-17.357004741365778,-11.287318864888164,-300.0,-89.81411739369929,-293.3954028657551,-85.88831869624966
extra,64,port,compliant_30,True,-1,4.0,69,goal,3.1356287753976524,0,-20.059749863741217,3.1698011785981435,1.515756825381325,14.49828646776681,84.6627543190597,-74.18584382030005,-13.243940400154353,95.30877479366569,26.96226957963594,-17.25,-4.941858199159086,-5.457729049520674,-2.5790597795308194,0.0,0.0,0.0,0.0,0.0,0.0,-17.47948116367228,-10.840811797755144,100.0,3.2806973148697316,80.93572076017269,-1.3627032820937317
extra,64,port,wrong_30,True,-1,4.0,28,target,1.3184003095946921,0,20.05974986374116,3.1698011785981435,1.515756825381325,14.49828646776681,84.6627543190597,-17.934179692577104,-7.32189145401553,36.44738650659151,20.62177183648359,-7.0,-3.851945877440659,-4.268036562270818,-2.396758317998408,0.0,0.0,0.0,0.0,-0.6717216127387525,-0.17396259796999541,-92.68489195347597,-55.90355088321638,-300.0,-77.24538202918453,-386.1114433144711,-126.27171932334191
extra,64,port,compliant_60,True,-1,4.0,111,other,3.7564254777089285,0,-20.059749863741217,3.1698011785981435,1.515756825381325,14.49828646776681,84.6627543190597,-200.49639668729122,-20.628540424836896,101.51009213300856,24.9926881434866,-27.75,-5.0817213613726055,-2.483971170247553,-0.7533257077161205,0.0,0.0,-184.69065844076582,-1.9622123639402775,0.0,0.0,-5.041204133239838,-4.768165223982539,-300.0,-1.1925546314055337,-618.9521382985358,-9.393831569767372
extra,64,port,wrong_60,True,-1,4.0,30,other,2.3442798668880536,0,20.05974986374116,3.1698011785981435,1.515756825381325,14.49828646776681,84.6627543190597,-31.30466607713204,-11.660969217484409,32.8339527757309,19.022476318535332,-7.5,-3.971378317936393,-1.1876300484739772,-0.5084170900557032,0.0,0.0,-66.4232660073717,-16.920097135973343,0.0,0.0,-162.48063443651483,-78.59439883699287,-300.0,-69.8593388844017,-536.0622437937616,-162.49212316430908
extra,65,port,stand_on,True,-1,3.0,11,target,1.6605134767277059,0,0.0,0.5789605815835288,0.08690411885214744,8.940929329904163,96.37597043262959,-0.37514409308398233,-0.28440909917114493,16.064306664630262,12.71349126573277,-2.75,-2.1661175391763514,0.0,0.0,0.0,0.0,0.0,0.0,-0.010466254648449585,-0.00633214756251844,-41.12970401431502,-32.34797163471803,-300.0,-181.50182014126085,-328.2010076974172,-203.59315929615613
extra,65,port,compliant_30,True,-1,3.0,12,target,1.3920077467767606,0,-20.31147993520358,0.5789605815835288,0.08690411885214744,8.940929329904163,96.37597043262959,-2.7226644305916183,-1.788305364778948,15.727059262428412,12.455341839641674,-3.0,-2.3099562266705833,-2.3823644467894107,-1.6404984140353958,0.0,0.0,0.0,0.0,-8.856250436604153,-5.394342902083757,-16.599950055243955,-14.899065874903211,-300.0,-172.60642499307843,-317.83417010680074,-186.18325193590866
extra,65,port,wrong_30,True,-1,3.0,15,target,1.152508639294396,0,20.311479935203607,0.5789605815835288,0.08690411885214744,8.940929329904163,96.37597043262959,-4.567351352487408,-2.750338080355435,19.35474376896521,14.421744581165894,-3.75,-2.7005401828309017,-2.5898847059658605,-1.7443430312531147,0.0,0.0,0.0,0.0,-0.09595881108101291,-0.04793806860222997,-108.4033449290939,-75.50721333927517,-300.0,-148.451597880062,-400.05179602966297,-216.78022600121295
extra,65,port,compliant_60,True,-1,3.0,12,target,1.3975820899899556,0,-20.31147993520358,0.5789605815835288,0.08690411885214744,8.940929329904163,96.37597043262959,-2.8845274364549933,-1.8850574624500487,15.676617391985104,12.424679046747787,-3.0,-2.3099562266705833,-0.125,-0.125,0.0,0.0,0.0,0.0,-8.026102151010152,-4.904332610737181,-16.584034994287634,-14.888419148587516,-300.0,-172.60642499307843,-314.9430471897677,-184.29451139477598
extra,65,port,wrong_60,True,-1,3.0,15,target,1.1200739814948637,0,20.311479935203607,0.5789605815835288,0.08690411885214744,8.940929329904163,96.37597043262959,-5.6896252563485055,-3.3454535836513206,19.496839572570906,14.471099055018612,-3.75,-2.7005401828309017,-0.5980584340310031,-0.37178307810916544,0.0,0.0,0.0,0.0,-0.2215229138514826,-0.10961810176099969,-107.71759653727993,-75.06266877210727,-300.0,-148.451597880062,-398.47996356894004,-215.57056254350306
extra,66,port,stand_on,False,0,,0,target,1.6010087079166793,0,,-280.56618703484946,0.007728927055630497,11.084484152900535,122.5258211898687,0.0,0.0,0.0,0.0,0.0,0.0,0.0,0.0,0.0,0.0,0.0,0.0,0.0,0.0,0.0,0.0,0.0,0.0,0.0,0.0
extra,66,port,compliant_30,False,0,,0,target,1.6010087079166793,0,,-280.56618703484946,0.007728927055630497,11.084484152900535,122.5258211898687,0.0,0.0,0.0,0.0,0.0,0.0,0.0,0.0,0.0,0.0,0.0,0.0,0.0,0.0,0.0,0.0,0.0,0.0,0.0,0.0
extra,66,port,wrong_30,False,0,,0,target,1.6010087079166793,0,,-280.56618703484946,0.007728927055630497,11.084484152900535,122.5258211898687,0.0,0.0,0.0,0.0,0.0,0.0,0.0,0.0,0.0,0.0,0.0,0.0,0.0,0.0,0.0,0.0,0.0,0.0,0.0,0.0
extra,66,port,compliant_60,False,0,,0,target,1.6010087079166793,0,,-280.56618703484946,0.007728927055630497,11.084484152900535,122.5258211898687,0.0,0.0,0.0,0.0,0.0,0.0,0.0,0.0,0.0,0.0,0.0,0.0,0.0,0.0,0.0,0.0,0.0,0.0,0.0,0.0
extra,66,port,wrong_60,False,0,,0,target,1.6010087079166793,0,,-280.56618703484946,0.007728927055630497,11.084484152900535,122.5258211898687,0.0,0.0,0.0,0.0,0.0,0.0,0.0,0.0,0.0,0.0,0.0,0.0,0.0,0.0,0.0,0.0,0.0,0.0,0.0,0.0
extra,67,port,stand_on,True,-1,3.0,65,goal,0.9669307288964685,0,-0.6087137231806992,2.1630275207579723,0.9751755381099405,8.651289435162258,158.23867910570206,-1.6665853219714557,-0.4100661548724594,96.60218389356767,29.197943405223302,-16.25,-4.906426874260996,-0.13659570088929066,-0.045470527555837165,0.0,0.0,0.0,0.0,-1.874544014011049,-0.9606262314066599,-40.63325642663235,-27.475149751824915,100.0,4.011088748687537,136.04120243006352,-0.5887073860100331
extra,67,port,compliant_30,True,-1,3.0,11,target,1.8736466994334624,0,-19.42415242144307,2.1630275207579723,0.9751755381099405,8.651289435162258,158.23867910570206,-1.9207886753211523,-1.2885472530279531,15.051977395083638,12.056995706009108,-2.75,-2.1661175391763514,-2.169918604506049,-1.4987494259450598,0.0,0.0,0.0,0.0,-3.0145233973965118,-1.8779133607746827,-8.637464087993365,-7.802347348338261,-300.0,-181.50182014126085,-303.4407173701334,-184.07849936251404
extra,67,port,wrong_30,True,-1,3.0,68,goal,1.7635665410094494,0,18.92518596692082,2.1630275207579723,0.9751755381099405,8.651289435162258,158.23867910570206,-38.10859426849896,-8.376619648533351,96.07090560925172,27.3797312298712,-17.0,-4.933656455871912,-4.06234278849983,-2.106762848078413,0.0,0.0,0.0,0.0,0.0,0.0,-71.2331665434042,-49.36829536501018,100.0,3.449770389516387,65.66680200884873,-33.95583269810626
extra,67,port,compliant_60,True,-1,3.0,11,target,1.8753418676880547,0,-19.42415242144307,2.1630275207579723,0.9751755381099405,8.651289435162258,158.23867910570206,-1.9731649489915193,-1.3209567950830572,15.032758078239755,12.045068440921284,-2.75,-2.1661175391763514,-0.125,-0.125,0.0,0.0,0.0,0.0,-2.821890714910708,-1.7594575550974612,-8.637464087993365,-7.802347348338261,-300.0,-181.50182014126085,-301.27476167365586,-182.6306309380347
extra,67,port,wrong_60,True,-1,3.0,97,other,1.8188645745247318,0,18.92518596692082,2.1630275207579723,0.9751755381099405,8.651289435162258,158.23867910570206,-126.21191128606947,-16.101028378343287,103.0057058306245,25.79255396966789,-24.25,-5.062035463165965,-2.4722682760086654,-0.7711418483860097,0.0,0.0,-165.39782797905806,-1.7348565447308315,0.0,0.0,-70.37655283836928,-48.91250600270714,-300.0,-2.4099867871459972,-585.702854548881,-49.19900105481134
extra,68,port,stand_on,True,-1,4.0,13,target,1.2581475028163265,0,0.48413404875589094,3.612431710315774,1.0025457407799752,9.452783422446835,96.53157641353533,-0.3568077440413219,-0.2594197237838272,18.89318791656102,14.288984295230023,-3.25,-2.4467453872682734,-0.03562085636723249,-0.025760101792153024,0.0,0.0,0.0,0.0,0.0,0.0,-45.34534537455268,-33.03835352112142,-300.0,-164.14699271722827,-330.09458605840024,-185.62828715596393
extra,68,port,compliant_30,True,-1,4.0,11,target,1.638293832327675,0,-18.797173987133874,3.612431710315774,1.0025457407799752,9.452783422446835,96.53157641353533,-2.276851683962685,-1.547801452779478,14.524752753180623,11.700950960863988,-2.75,-2.1661175391763514,-2.110184593911706,-1.4497463087982474,0.0,0.0,0.0,0.0,-3.0423491061288574,-1.8875227672001973,-19.027854925204412,-16.306179682457458,-300.0,-181.50182014126085,-314.682487556027,-193.15823693080858
extra,68,port,wrong_30,True,-1,4.0,17,target,1.6596152323406423,0,18.98907789999268,3.612431710315774,1.0025457407799752,9.452783422446835,96.53157641353533,-6.223194852402755,-3.55746920181813,22.161185592473938,15.663634799630998,-4.25,-2.9300676466682667,-3.0669026662364205,-1.9120932515502873,0.0,0.0,0.0,0.0,0.0,0.0,-88.78942705417266,-61.04535556188031,-300.0,-134.25696412914309,-380.1683389803379,-188.03831499142908
extra,68,port,compliant_60,True,-1,4.0,11,target,1.6382298666621165,0,-18.797173987133874,3.612431710315774,1.0025457407799752,9.452783422446835,96.53157641353533,-2.317164578660599,-1.572795056268711,14.513004412317775,11.693617469455038,-2.75,-2.1661175391763514,-0.125,-0.125,0.0,0.0,0.0,0.0,-3.21027498497997,-1.9912380913422165,-18.793394062894517,-16.157161145104684,-300.0,-181.50182014126085,-312.6828292142173,-191.82051450369778
extra,68,port,wrong_60,True,-1,4.0,16,target,1.750917444752621,0,18.98907789999268,3.612431710315774,1.0025457407799752,9.452783422446835,96.53157641353533,-6.73033507720723,-3.8635738482169915,19.990177811496075,14.637040579953839,-4.0,-2.818186843227314,-0.5851546051014509,-0.35452551546626393,0.0,0.0,0.0,0.0,0.0,0.0,-88.72676814155085,-60.97921144650808,-300.0,-141.17599247569487,-380.0520800123635,-194.5544495491597
extra,69,port,stand_on,True,-1,4.0,67,goal,1.9574024145809836,0,-0.5989560945058656,3.8957352308848017,1.9075567591674394,7.889486150841063,129.2789866278585,-5.658621088645359,-1.432089120428764,96.20752464790884,28.392213600126357,-16.75,-4.925032029898121,-0.12974331490803037,-0.04509305512080559,0.0,0.0,0.0,0.0,0.0,0.0,-12.768519592023653,-9.538898540591163,100.0,3.6275567655825034,160.9006406523318,16.078657619670008
extra,69,port,compliant_30,True,-1,4.0,70,goal,2.445217708448553,0,-20.19527791067435,3.8957352308848017,1.9075567591674394,7.889486150841063,129.2789866278585,-43.520050222511394,-8.868612871306146,95.94687645396648,26.678601725208555,-17.5,-4.949657975417023,-4.221933786422851,-2.253821475750391,0.0,0.0,0.0,0.0,0.0,0.0,-2.462258738586863,-2.3394618063729653,100.0,3.1199105031747614,128.24263370644536,11.386958099536795
extra,69,port,wrong_30,True,-1,4.0,14,target,1.521013040856121,0,19.718590599714105,3.8957352308848017,1.9075567591674394,7.889486150841063,129.2789866278585,-4.14993307683302,-2.6029730286727073,17.971372713676022,13.604917292427896,-3.5,-2.57683051793085,-2.301543300205532,-1.572581359067237,0.0,0.0,0.0,0.0,-6.048373962840251,-3.547433382939771,-54.50363335030488,-36.73073811738691,-300.0,-156.10215679509182,-352.5321109765077,-189.5277959086614
extra,69,port,compliant_60,True,-1,4.0,72,goal,2.4540553010441033,0,-20.19527791067435,3.8957352308848017,1.9075567591674394,7.889486150841063,129.2789866278585,-77.04630627573664,-13.661724122062726,95.42165153752573,25.66331965089431,-18.0,-4.9641294628665245,-2.267611003092186,-0.7505653720995782,0.0,0.0,0.0,0.0,0.0,0.0,-2.462258738586863,-2.3394618063729653,100.0,2.8215911347029534,95.64547552011004,6.769030022195468
extra,69,port,wrong_60,True,-1,4.0,14,target,1.5111349939745293,0,19.718590599714105,3.8957352308848017,1.9075567591674394,7.889486150841063,129.2789866278585,-4.742149385871251,-2.928444738750555,17.94082140749691,13.58046343439939,-3.5,-2.57683051793085,-0.28635476689672146,-0.20978053089054122,0.0,0.0,0.0,0.0,-8.104321464307768,-4.6536748105646835,-52.342196511249426,-35.53801979638507,-300.0,-156.10215679509182,-351.03420072082827,-188.42844375521412
extra,70,port,stand_on,False,0,,0,goal,1.7996117520080168,0,,184.7004076490423,1.8167215966728674,9.128093332666488,129.64770307152835,0.0,0.0,0.0,0.0,0.0,0.0,0.0,0.0,0.0,0.0,0.0,0.0,0.0,0.0,0.0,0.0,0.0,0.0,0.0,0.0
extra,70,port,compliant_30,False,0,,0,goal,1.7996117520080168,0,,184.7004076490423,1.8167215966728674,9.128093332666488,129.64770307152835,0.0,0.0,0.0,0.0,0.0,0.0,0.0,0.0,0.0,0.0,0.0,0.0,0.0,0.0,0.0,0.0,0.0,0.0,0.0,0.0
extra,70,port,wrong_30,False,0,,0,goal,1.7996117520080168,0,,184.7004076490423,1.8167215966728674,9.128093332666488,129.64770307152835,0.0,0.0,0.0,0.0,0.0,0.0,0.0,0.0,0.0,0.0,0.0,0.0,0.0,0.0,0.0,0.0,0.0,0.0,0.0,0.0
extra,70,port,compliant_60,False,0,,0,goal,1.7996117520080168,0,,184.7004076490423,1.8167215966728674,9.128093332666488,129.64770307152835,0.0,0.0,0.0,0.0,0.0,0.0,0.0,0.0,0.0,0.0,0.0,0.0,0.0,0.0,0.0,0.0,0.0,0.0,0.0,0.0
extra,70,port,wrong_60,False,0,,0,goal,1.7996117520080168,0,,184.7004076490423,1.8167215966728674,9.128093332666488,129.64770307152835,0.0,0.0,0.0,0.0,0.0,0.0,0.0,0.0,0.0,0.0,0.0,0.0,0.0,0.0,0.0,0.0,0.0,0.0,0.0,0.0
extra,71,port,stand_on,True,-1,4.0,15,target,1.574770048408087,0,0.0,3.974353345369439,0.49678351276533,11.551696003457366,90.17449716826863,-0.3861565732706149,-0.26617579191898144,22.069999035552115,15.966929430440779,-3.75,-2.7005401828309017,0.0,0.0,0.0,0.0,0.0,0.0,0.0,0.0,-68.99970762893598,-46.931554918347175,-300.0,-148.451597880062,-351.0658651666545,-182.38293934271826
extra,71,port,compliant_30,True,-1,4.0,15,target,1.366256293200731,0,-20.826586223084405,3.974353345369439,0.49678351276533,11.551696003457366,90.17449716826863,-4.827974897905841,-2.88303046031108,20.17513758864625,14.836277354898105,-3.75,-2.7005401828309017,-2.7165409196119037,-1.8174703516225736,0.0,0.0,0.0,0.0,-8.760747342280041,-4.582414657584044,-23.78648288432068,-17.814740001996945,-300.0,-148.451597880062,-323.6666084554722,-163.41351617950943
extra,71,port,wrong_30,True,-1,4.0,22,target,1.4380869758818158,0,20.82658622308449,3.974353345369439,0.49678351276533,11.551696003457366,90.17449716826863,-11.403340939940989,-5.521370542080446,28.959783393821063,18.476300439432908,-5.5,-3.4124035543497997,-4.423177442597836,-2.5252561814409,0.0,0.0,0.0,0.0,0.0,0.0,-135.83454626689831,-81.63842332867874,-300.0,-104.4279343477325,-428.2012812556161,-179.04908751484948
extra,71,port,compliant_60,True,-1,4.0,17,target,1.1780670228473187,0,-20.826586223084405,3.974353345369439,0.49678351276533,11.551696003457366,90.17449716826863,-8.43287493850323,-4.618255832072997,20.92388432317889,15.15283074675302,-4.25,-2.9300676466682667,-0.6761646750796046,-0.4036247107115437,0.0,0.0,0.0,0.0,-3.166609132029628,-1.655466721517641,-15.07239492617522,-13.286834234273897,-300.0,-134.25696412914309,-310.6741593486088,-141.99838252763442
extra,71,port,wrong_60,True,-1,4.0,23,other,1.9293014203861079,0,20.82658622308449,3.974353345369439,0.49678351276533,11.551696003457366,90.17449716826863,-18.99398639142024,-8.570638326775093,26.503303072190004,17.334574200662463,-5.75,-3.4951618264300532,-0.7600359663674858,-0.43798483969842217,0.0,0.0,-30.735384480416897,-10.497705845942178,0.0,0.0,-148.64712760952398,-84.82607414428912,-300.0,-99.30992649630404,-478.38323137553857,-189.80291727877645
extra,72,port,stand_on,True,-1,5.0,63,goal,1.2913171117022633,0,-0.5029785079485691,4.03798972558291,1.3058187526077942,7.957749990394716,168.85294922926352,-1.051984403890446,-0.26850842929160074,94.2279768831306,29.24075771856063,-15.75,-4.885854644723005,-0.13596330779332272,-0.050121345189379406,0.0,0.0,0.0,0.0,0.0,0.0,-17.650440997038068,-13.781592862327228,100.0,4.435170554047622,159.63958817440877,14.68985099107704
extra,72,port,compliant_30,True,-1,5.0,9,target,1.6073108579087165,0,-21.281445580915772,4.03798972558291,1.3058187526077942,7.957749990394716,168.85294922926352,-0.6324065017376819,-0.47579302815842467,12.21182372445869,10.250110998589397,-2.25,-1.8558196508759996,-1.625,-1.1810599134787645,0.0,0.0,0.0,0.0,-3.764457117966738,-2.599829243677143,-12.600840853046908,-10.084639663302802,-300.0,-200.69152757090401,-308.66088074829264,-206.63855807180775
extra,72,port,wrong_30,True,-1,5.0,67,goal,1.7614294723761224,0,20.866446225541438,4.03798972558291,1.3058187526077942,7.957749990394716,168.85294922926352,-27.005198994568445,-7.404232144286165,94.33858810226904,27.15313304314573,-16.75,-4.925032029898121,-4.53761689340538,-2.438940581197502,0.0,0.0,0.0,0.0,0.0,0.0,-37.96356371081439,-29.116785302493287,100.0,3.6275567655825034,108.08220850348083,-13.104300249146842
extra,72,port,compliant_60,True,-1,5.0,9,target,1.6073039097757098,0,-21.281445580915772,4.03798972558291,1.3058187526077942,7.957749990394716,168.85294922926352,-0.6325874248488336,-0.47591468289689015,12.211404582217664,10.249828255025403,-2.25,-1.8558196508759996,-0.125,-0.125,0.0,0.0,0.0,0.0,-3.7714666013034286,-2.604553888732383,-12.631567196359825,-10.105470451116986,-300.0,-200.69152757090401,-307.1992166402944,-205.60845798950086
extra,72,port,wrong_60,True,-1,5.0,69,goal,1.7639183694943947,0,20.866446225541438,4.03798972558291,1.3058187526077942,7.957749990394716,168.85294922926352,-48.15127405757639,-11.25908969763661,94.09677420687215,26.209038300788617,-17.25,-4.941858199159086,-2.4636670736379447,-0.8449469813667811,0.0,0.0,0.0,0.0,0.0,0.0,-37.961609591053076,-29.11475567257061,100.0,3.2806973148697316,88.27022348460474,-16.67091493507474
extra,73,port,stand_on,True,-1,3.0,16,target,1.2159616146222307,0,-0.6550806678725962,0.31985293350775024,0.5986980966554095,11.043513086974166,72.7343229809268,-0.021029721787948152,-0.01442830917828385,23.43052302863903,16.64113280395076,-4.0,-2.818186843227314,-0.04133721090302834,-0.027853727626358068,0.0,0.0,0.0,0.0,-0.013766485268694175,-0.0064783240690331105,-58.05287013416513,-40.06548834451379,-300.0,-141.17599247569487,-338.6984805234858,-167.4672952203589
extra,73,port,compliant_30,True,-1,3.0,14,target,1.4001646856968426,0,-20.830451443937704,0.31985293350775024,0.5986980966554095,11.043513086974166,72.7343229809268,-3.3400289174137106,-2.0108555678548146,18.555278190831668,14.054430686113019,-3.5,-2.57683051793085,-2.647813909607397,-1.8089768143667122,0.0,0.0,0.0,0.0,-7.823674040869919,-4.237180894173403,-20.65668758859769,-16.43043839394979,-300.0,-156.10215679509182,-319.41292626565706,-169.11200829725436
extra,73,port,wrong_30,True,-1,3.0,22,target,1.3734337390842963,0,20.29764372763907,0.31985293350775024,0.5986980966554095,11.043513086974166,72.7343229809268,-16.83849573611773,-7.826596366142833,29.53476429068228,18.74401655627176,-5.5,-3.4124035543497997,-4.074779132188645,-2.4049000656516806,0.0,0.0,-8.870098622388204,-3.152931254599159,0.0,0.0,-150.50632695432816,-86.87570386819108,-300.0,-104.4279343477325,-456.2549361543405,-189.3564529003953
extra,73,port,compliant_60,True,-1,3.0,14,target,1.4229177775959105,0,-20.830451443937704,0.31985293350775024,0.5986980966554095,11.043513086974166,72.7343229809268,-4.240866092430098,-2.5083805364967002,18.186830833200972,13.84886155698433,-3.5,-2.57683051793085,-0.8816093245666821,-0.5318396505295601,0.0,0.0,0.0,0.0,-8.742712252413536,-4.768164440287772,-17.15333060199698,-14.512206751854595,-300.0,-156.10215679509182,-316.3316874382063,-167.15071713520697
extra,73,port,wrong_60,True,-1,3.0,18,other,2.2607443082392384,0,20.29764372763907,0.31985293350775024,0.5986980966554095,11.043513086974166,72.7343229809268,-13.170066407095002,-6.779101425628718,21.667298965065733,15.519287542981957,-4.5,-3.03646517751543,-1.568681195547323,-0.8540769476037648,0.0,0.0,-33.84317695924767,-14.919164369523138,0.0,0.0,-112.85540669143276,-72.16217810479563,-300.0,-127.67703701659627,-444.270032288257,-209.90873549868098
extra,74,port,stand_on,True,-1,3.0,14,target,0.9194661492859055,0,-0.45160255095532875,1.7076985137694836,0.8377197123961897,8.486205501462516,149.5313624805211,-0.01756010696876298,-0.012800125154907912,19.756499092842574,14.803334931870424,-3.5,-2.57683051793085,-0.04126178184714113,-0.028116104869480997,0.0,0.0,0.0,0.0,-1.9025540188208874,-1.0195787581289373,-30.074423370733,-21.04654952093519,-300.0,-156.10215679509182,-315.77930018552723,-165.98269689024076
extra,74,port,compliant_30,True,-1,3.0,11,target,1.8618241434631342,0,-22.335299707505726,1.7076985137694836,0.8377197123961897,8.486205501462516,149.5313624805211,-1.6823307849713451,-1.1193523760162887,15.069190619711206,12.073646336771189,-2.75,-2.1661175391763514,-2.1146556800122736,-1.4891084489782898,0.0,0.0,0.0,0.0,-2.807676969392219,-1.7378441641322964,-6.265405979754519,-5.576530221435992,-300.0,-181.50182014126085,-300.55087879441913,-181.51712655422887
extra,74,port,wrong_30,True,-1,3.0,68,goal,1.6082088189885195,0,22.258033227194517,1.7076985137694836,0.8377197123961897,8.486205501462516,149.5313624805211,-49.78523324633243,-10.61362565355419,97.5519877103388,27.795760799723084,-17.0,-4.933656455871912,-4.2666369167096745,-2.1882590333161254,0.0,0.0,0.0,0.0,0.0,0.0,-67.57422489075901,-46.608616128545826,100.0,3.449770389516387,58.925892656537684,-33.09862608204858
extra,74,port,compliant_60,True,-1,3.0,11,target,1.8651610801403322,0,-22.336909120959604,1.7076985137694836,0.8377197123961897,8.486205501462516,149.5313624805211,-1.7820774377634063,-1.1812885231712198,15.03022395337034,12.049361402105204,-2.75,-2.1661175391763514,-0.125,-0.125,0.0,0.0,0.0,0.0,-2.411965194925802,-1.494271936599426,-6.265405979754519,-5.576530221435992,-300.0,-181.50182014126085,-298.3042246590734,-179.99566695953862
extra,74,port,wrong_60,True,-1,3.0,92,other,1.6896156396227813,0,22.259017800638333,1.7076985137694836,0.8377197123961897,8.486205501462516,149.5313624805211,-128.0505053161845,-18.808159678127232,103.00317232991934,26.142420179646333,-23.0,-5.050904120084833,-2.2843906944131516,-0.7161283414126483,0.0,0.0,-118.4696144483222,-1.4680031069442936,0.0,0.0,-65.23683650704281,-45.33238363836721,-300.0,-3.0983808274533255,-534.0381746360433,-48.331539532743214
extra,75,port,stand_on,True,-1,5.0,60,goal,2.2678933591565884,0,0.5621124969276821,5.69437235043087,2.3492851090953097,8.68774625103794,89.33632529543165,-0.1265975901034414,-0.030590615451734693,90.0,29.105082865470404,-15.0,-4.8508471442450665,-0.13682584335405829,-0.04893757742098805,0.0,0.0,0.0,0.0,0.0,0.0,-2.942946967052176,-2.1598421809792177,100.0,5.1568251504253295,171.79362959949032,27.171690497798725
extra,75,port,compliant_30,True,-1,5.0,64,goal,2.7346908198800035,0,-19.82660256152235,5.69437235043087,2.3492851090953097,8.68774625103794,89.33632529543165,-19.173145483045538,-5.638893639361041,92.87224778504532,27.969495635951926,-16.0,-4.896399152389277,-3.6356009174308475,-1.8879181825402878,0.0,0.0,0.0,0.0,0.0,0.0,-0.4746974218237844,-0.4746974218237844,100.0,4.2178030665087585,153.58880396274515,19.289390306346295
extra,75,port,wrong_30,True,-1,5.0,15,target,1.7895203453501365,0,20.311400248271383,5.69437235043087,2.3492851090953097,8.68774625103794,89.33632529543165,-3.3480791609286746,-1.9402828933099792,20.720280131747096,15.173668390561744,-3.75,-2.7005401828309017,-3.050527937380313,-2.0099903483260055,0.0,0.0,0.0,0.0,-6.440329268316527,-3.552026007884219,-24.702369081979494,-17.716267942098362,-300.0,-148.451597880062,-320.5710253168579,-161.19703686394973
extra,75,port,compliant_60,True,-1,5.0,64,goal,2.7370136274441794,0,-19.82660256152235,5.69437235043087,2.3492851090953097,8.68774625103794,89.33632529543165,-22.614852783438607,-6.481870995431741,92.27916468011861,27.74282304282514,-16.0,-4.896399152389277,-2.9403171108634014,-1.351917463740373,0.0,0.0,0.0,0.0,0.0,0.0,-0.4746974218237844,-0.4746974218237844,100.0,4.2178030665087585,150.2492973639928,18.755741075948727
extra,75,port,wrong_60,True,-1,5.0,16,target,1.7986136592294606,0,20.311400248271383,5.69437235043087,2.3492851090953097,8.68774625103794,89.33632529543165,-5.473142679631044,-3.009743006691879,20.203656809149898,14.891830059211975,-4.0,-2.818186843227314,-0.653086475004585,-0.4147380079993767,0.0,0.0,0.0,0.0,-9.008893118667412,-4.680253617464695,-24.45116447653911,-17.563959761623273,-300.0,-141.17599247569487,-323.38262994069225,-154.77104365348944
extra,76,port,stand_on,True,-1,4.0,17,target,1.5317271781418562,0,-0.6206815676167423,2.7466899076149778,0.2968674861443385,11.8074850267953,119.75431486309851,-0.9329464473167856,-0.6121937584171722,23.826357250207625,16.725898164082174,-4.25,-2.9300676466682667,-0.04550911434825572,-0.029877440208430268,0.0,0.0,0.0,0.0,-5.961029063829461,-2.767173405148988,-14.22004163719706,-11.952373931265184,-300.0,-134.25696412914309,-301.58316901248395,-135.82275214676895
extra,76,port,compliant_30,True,-1,4.0,19,target,1.3089644499831783,0,-21.456933767242276,2.7466899076149778,0.2968674861443385,11.8074850267953,119.75431486309851,-5.789798907759942,-3.251410681358398,24.988446135318302,16.962801701427274,-4.75,-3.137648170685011,-1.8158105311380828,-1.1409721282002119,0.0,0.0,0.0,0.0,-10.951351265554967,-4.837591663481612,-7.781527990121438,-7.184235451149501,-300.0,-121.41959180349701,-306.1000425592561,-124.00864819694448
extra,76,port,wrong_30,True,-1,4.0,17,target,1.653539739520345,0,19.819989786585865,2.7466899076149778,0.2968674861443385,11.8074850267953,119.75431486309851,-3.3728855703233203,-2.038732458633856,23.61162952788575,16.491218343144535,-4.25,-2.9300676466682667,-1.3510337498633656,-0.9865902681832973,0.0,0.0,0.0,0.0,-2.743266137388477,-1.2519080179635664,-5.714837377823259,-5.467352594663499,-300.0,-134.25696412914309,-293.8203933075127,-130.44039677211103
extra,76,port,compliant_60,True,-1,4.0,19,target,1.3089644499831783,0,-21.456933767242276,2.7466899076149778,0.2968674861443385,11.8074850267953,119.75431486309851,-5.789798907759942,-3.251410681358398,24.988446135318302,16.962801701427274,-4.75,-3.137648170685011,-1.8158105311380828,-1.1409721282002119,0.0,0.0,0.0,0.0,-10.951351265554967,-4.837591663481612,-7.781527990121438,-7.184235451149501,-300.0,-121.41959180349701,-306.1000425592561,-124.00864819694448
extra,76,port,wrong_60,True,-1,4.0,17,target,1.653539739520345,0,19.819989786585865,2.7466899076149778,0.2968674861443385,11.8074850267953,119.75431486309851,-3.3728855703233203,-2.038732458633856,23.61162952788575,16.491218343144535,-4.25,-2.9300676466682667,-1.3510337498633656,-0.9865902681832973,0.0,0.0,0.0,0.0,-2.743266137388477,-1.2519080179635664,-5.714837377823259,-5.467352594663499,-300.0,-134.25696412914309,-293.8203933075127,-130.44039677211103
extra,77,port,stand_on,False,0,,0,target,1.3152309690819985,0,,-289.370798750526,1.0085881934799152,9.915693535555796,97.89790091998529,0.0,0.0,0.0,0.0,0.0,0.0,0.0,0.0,0.0,0.0,0.0,0.0,0.0,0.0,0.0,0.0,0.0,0.0,0.0,0.0
extra,77,port,compliant_30,False,0,,0,target,1.3152309690819985,0,,-289.370798750526,1.0085881934799152,9.915693535555796,97.89790091998529,0.0,0.0,0.0,0.0,0.0,0.0,0.0,0.0,0.0,0.0,0.0,0.0,0.0,0.0,0.0,0.0,0.0,0.0,0.0,0.0
extra,77,port,wrong_30,False,0,,0,target,1.3152309690819985,0,,-289.370798750526,1.0085881934799152,9.915693535555796,97.89790091998529,0.0,0.0,0.0,0.0,0.0,0.0,0.0,0.0,0.0,0.0,0.0,0.0,0.0,0.0,0.0,0.0,0.0,0.0,0.0,0.0
extra,77,port,compliant_60,False,0,,0,target,1.3152309690819985,0,,-289.370798750526,1.0085881934799152,9.915693535555796,97.89790091998529,0.0,0.0,0.0,0.0,0.0,0.0,0.0,0.0,0.0,0.0,0.0,0.0,0.0,0.0,0.0,0.0,0.0,0.0,0.0,0.0
extra,77,port,wrong_60,False,0,,0,target,1.3152309690819985,0,,-289.370798750526,1.0085881934799152,9.915693535555796,97.89790091998529,0.0,0.0,0.0,0.0,0.0,0.0,0.0,0.0,0.0,0.0,0.0,0.0,0.0,0.0,0.0,0.0,0.0,0.0,0.0,0.0
extra,78,port,stand_on,True,-1,3.0,62,goal,0.9404653464161484,0,-0.667984915634122,2.3999023577738594,0.9406804847908603,9.199486820730476,159.65081551339154,-0.1406826760538289,-0.03500151979481342,93.0,29.24860031002732,-15.5,-4.874766718337886,-0.15016707859222966,-0.052076486766673764,0.0,0.0,0.0,0.0,-2.011943582493916,-0.9926227014147689,-35.62245068311538,-23.60596953276747,100.0,4.663740229999249,139.57475597974465,4.351903580944956
extra,78,port,compliant_30,True,-1,3.0,12,target,1.9427295737058972,0,-20.668973536544627,2.3999023577738594,0.9406804847908603,9.199486820730476,159.65081551339154,-2.4279697294640163,-1.5470254526463676,16.306630816667113,12.814291341972915,-3.0,-2.3099562266705833,-2.640597181028007,-1.806247355472151,0.0,0.0,0.0,0.0,-0.7979224543977552,-0.4653486163107684,-7.099109098065901,-6.569338282121393,-300.0,-172.60642499307843,-299.65896764628854,-172.49004958432678
extra,78,port,wrong_30,True,-1,3.0,67,goal,1.899860235298417,0,20.13385898970529,2.3999023577738594,0.9406804847908603,9.199486820730476,159.65081551339154,-41.71114821099417,-9.015048845651755,96.09844746763345,27.5912562387877,-16.75,-4.925032029898121,-4.971003115202061,-2.4779492972612553,0.0,0.0,0.0,0.0,0.0,0.0,-68.20484578591206,-45.94799888336574,100.0,3.6275567655825034,64.46145035552516,-31.147216051806673
extra,78,port,compliant_60,True,-1,3.0,12,target,1.8694899345143736,0,-20.668973536544627,2.3999023577738594,0.9406804847908603,9.199486820730476,159.65081551339154,-2.715474324872094,-1.7179332005370718,16.425756125248906,12.880519062909759,-3.0,-2.3099562266705833,-0.1669542135842903,-0.149138556067268,0.0,0.0,0.0,0.0,-0.35362672901835257,-0.20537521769031428,-7.099109098065901,-6.569338282121393,-300.0,-172.60642499307843,-296.9094082402917,-170.6776474132553
extra,78,port,wrong_60,True,-1,3.0,108,other,2.0128144643803276,0,20.13385898970529,2.3999023577738594,0.9406804847908603,9.199486820730476,159.65081551339154,-168.03168827000164,-18.87643204940212,102.43117035233358,24.991188214735473,-27.0,-5.078583687460547,-3.728392063672888,-1.2748709771091296,0.0,0.0,-199.2381814817867,-1.3321841257400442,0.0,0.0,-62.11907320798908,-43.0192967426012,-300.0,-1.3865973453660858,-657.6861646711168,-45.97677671294365
extra,79,port,stand_on,True,-1,3.0,10,target,1.5797148931535403,0,-0.6063043598614399,1.0681539353499896,0.3377490144527978,8.050949120176725,96.76312880933642,-0.1737529710299759,-0.13604878785173155,14.003891619369064,11.440063421269745,-2.5,-2.0148660223919674,-0.02158778506477038,-0.016289954860929576,0.0,0.0,0.0,0.0,0.0,0.0,-39.4434120549152,-32.027685191476074,-300.0,-190.85564581916123,-328.1348611916409,-213.6104723544722
extra,79,port,compliant_30,True,-1,3.0,9,target,1.5890294554640787,0,-21.02366885037094,1.0681539353499896,0.3377490144527978,8.050949120176725,96.76312880933642,-0.9549230856911834,-0.6900855706561109,13.016801787401896,10.784975138115037,-2.25,-1.8558196508759996,-1.625,-1.1810599134787645,0.0,0.0,0.0,0.0,-2.729481171832297,-1.8404291674677582,-19.154261122258628,-17.144839886048032,-300.0,-200.69152757090401,-313.6968635923802,-212.61878662131565
extra,79,port,wrong_30,True,-1,3.0,12,target,1.1703863869754334,0,20.555299727968475,1.0681539353499896,0.3377490144527978,8.050949120176725,96.76312880933642,-2.5992265773014394,-1.6850700449467033,16.783143430357363,13.06926468323276,-3.0,-2.3099562266705833,-2.2501833268476927,-1.5623841368226579,0.0,0.0,0.0,0.0,-0.08080913883382168,-0.04649392186958435,-87.00667251123782,-64.87380051120347,-300.0,-172.60642499307843,-378.1537481238634,-230.01486515135866
extra,79,port,compliant_60,True,-1,3.0,9,target,1.588951277585358,0,-21.02366885037094,1.0681539353499896,0.3377490144527978,8.050949120176725,96.76312880933642,-0.9593159392393646,-0.6930307197536304,13.015032612849687,10.783789825845272,-2.25,-1.8558196508759996,-0.125,-0.125,0.0,0.0,0.0,0.0,-2.755039334092495,-1.8575523080835121,-19.129541848080926,-17.12819039825651,-300.0,-200.69152757090401,-312.2038645085631,-211.5673308220284
extra,79,port,wrong_60,True,-1,3.0,12,target,1.1914318164802116,0,20.555299727968475,1.0681539353499896,0.3377490144527978,8.050949120176725,96.76312880933642,-2.79965216866978,-1.8036816937012783,16.68321793166491,13.010270106002412,-3.0,-2.3099562266705833,-0.125,-0.125,0.0,0.0,0.0,0.0,-0.07026686107388457,-0.0404283722848284,-85.9819200203674,-64.27585554266037,-300.0,-172.60642499307843,-375.29362111844614,-228.15107672239307
extra,80,starboard,stand_on,False,0,,0,goal,1.7086303163492351,0,,181.06513891812034,1.695573397813987,9.182240912791821,234.48882999465405,0.0,0.0,0.0,0.0,0.0,0.0,0.0,0.0,0.0,0.0,0.0,0.0,0.0,0.0,0.0,0.0,0.0,0.0,0.0,0.0
extra,80,starboard,compliant_30,False,0,,0,goal,1.7086303163492351,0,,181.06513891812034,1.695573397813987,9.182240912791821,234.48882999465405,0.0,0.0,0.0,0.0,0.0,0.0,0.0,0.0,0.0,0.0,0.0,0.0,0.0,0.0,0.0,0.0,0.0,0.0,0.0,0.0
extra,80,starboard,wrong_30,False,0,,0,goal,1.7086303163492351,0,,181.06513891812034,1.695573397813987,9.182240912791821,234.48882999465405,0.0,0.0,0.0,0.0,0.0,0.0,0.0,0.0,0.0,0.0,0.0,0.0,0.0,0.0,0.0,0.0,0.0,0.0,0.0,0.0
extra,80,starboard,compliant_60,False,0,,0,goal,1.7086303163492351,0,,181.06513891812034,1.695573397813987,9.182240912791821,234.48882999465405,0.0,0.0,0.0,0.0,0.0,0.0,0.0,0.0,0.0,0.0,0.0,0.0,0.0,0.0,0.0,0.0,0.0,0.0,0.0,0.0
extra,80,starboard,wrong_60,False,0,,0,goal,1.7086303163492351,0,,181.06513891812034,1.695573397813987,9.182240912791821,234.48882999465405,0.0,0.0,0.0,0.0,0.0,0.0,0.0,0.0,0.0,0.0,0.0,0.0,0.0,0.0,0.0,0.0,0.0,0.0,0.0,0.0
extra,81,starboard,stand_on,True,1,3.0,13,target,1.5431410890410837,0,0.0,2.3504873545891316,0.5684607986909216,9.258480994714345,231.0506221115764,-0.15265754280644828,-0.10977517813945047,18.5760563172346,14.171983171078008,-3.25,-2.4467453872682734,0.0,0.0,0.0,0.0,0.0,0.0,-0.06354680351436227,-0.034770055645583865,-25.419265591598133,-19.08435354691404,-300.0,-164.14699271722827,-310.3094136206843,-171.65065371411762
extra,81,starboard,compliant_30,True,1,3.0,12,target,1.6790739209839733,0,19.139836357498325,2.3504873545891316,0.5684607986909216,9.258480994714345,231.0506221115764,-2.2119664283248577,-1.4274882294520612,16.645668967417574,13.011405285479945,-3.0,-2.3099562266705833,-2.3014538630684704,-1.5695830956079466,0.0,0.0,0.0,0.0,-3.3675806114041307,-1.998070874087233,-7.984862367089543,-7.2175574865181815,-300.0,-172.60642499307843,-302.22019430246945,-174.1176756199345
extra,81,starboard,wrong_30,True,1,3.0,17,target,1.4117553669599472,0,-19.139836357498325,2.3504873545891316,0.5684607986909216,9.258480994714345,231.0506221115764,-5.055748039440811,-2.8362277757585037,22.11207721625385,15.787502204249137,-4.25,-2.9300676466682667,-2.8764993433456745,-1.8379280507552709,0.0,0.0,0.0,0.0,0.0,0.0,-86.1685932668505,-56.779233655192066,-300.0,-134.25696412914309,-376.23876343338316,-182.85291905326807
extra,81,starboard,compliant_60,True,1,3.0,13,target,1.5124669234354366,0,19.139836357498325,2.3504873545891316,0.5684607986909216,9.258480994714345,231.0506221115764,-3.022541957193129,-1.8781863936385519,17.034257035501998,13.22739096925515,-3.25,-2.4467453872682734,-0.1755693035741217,-0.15266933035165553,0.0,0.0,0.0,0.0,-4.38440496185858,-2.530406079640664,-7.984862367089543,-7.2175574865181815,-300.0,-164.14699271722827,-301.7831215542134,-165.14516642539044
extra,81,starboard,wrong_60,True,1,3.0,16,target,1.5983552812097541,0,-19.139836357498325,2.3504873545891316,0.5684607986909216,9.258480994714345,231.0506221115764,-5.8145395921557705,-3.2611596875117055,20.393107700402393,14.953563243162606,-4.0,-2.818186843227314,-0.706458993203718,-0.417061199634709,0.0,0.0,0.0,0.0,0.0,0.0,-84.48879489950217,-55.97105856846229,-300.0,-141.17599247569487,-374.61668578445926,-188.68989553136828
extra,82,starboard,stand_on,True,1,3.0,67,goal,1.1130741061318064,0,-0.621002975423238,1.7612739185463526,1.0945016222231025,9.412504239420237,190.13082405768745,-2.4404385067929506,-0.6288038512629002,96.66734721253017,28.47309044776708,-16.75,-4.925032029898121,-0.13222422808472242,-0.04545983851159819,0.0,0.0,0.0,0.0,-0.2773566721896331,-0.13151100185345233,-21.21754126817249,-12.580076302650099,100.0,3.6275567655825034,155.84978653729038,13.789764189173411
extra,82,starboard,compliant_30,True,1,3.0,13,target,1.8732737547046514,0,20.734737938167257,1.7612739185463526,1.0945016222231025,9.412504239420237,190.13082405768745,-2.9141437895380715,-1.854696043309558,17.01095005668614,13.086818100567394,-3.25,-2.4467453872682734,-2.3248145376783924,-1.6100730399371497,0.0,0.0,0.0,0.0,-1.3875681947504805,-0.7688485639633877,-2.9781781341124622,-1.962088828020112,-300.0,-164.14699271722827,-295.84375459939326,-159.70262647915936
extra,82,starboard,wrong_30,True,1,3.0,71,goal,2.07243079148901,0,-21.220195030443165,1.7612739185463526,1.0945016222231025,9.412504239420237,190.13082405768745,-57.72736678810765,-11.913886080235029,97.81342176160985,26.851056758516993,-17.75,-4.957075485029767,-5.056515183710191,-2.517856622947952,0.0,0.0,0.0,0.0,0.0,0.0,-56.1055132882204,-36.635042509668715,100.0,2.9670038450977003,61.1740265015716,-26.20580009426677
extra,82,starboard,compliant_60,True,1,3.0,13,target,1.8952365816670258,0,20.734737938167257,1.7612739185463526,1.0945016222231025,9.412504239420237,190.13082405768745,-3.2936261278527823,-2.0715857097820285,16.848245326451995,12.993416588372423,-3.25,-2.4467453872682734,-0.20810898977359216,-0.17047363579700675,0.0,0.0,0.0,0.0,-0.27399693316813023,-0.15077240420549717,-0.8767630636326017,-0.7943126061523098,-300.0,-164.14699271722827,-291.0542497879751,-156.78746587206098
extra,82,starboard,wrong_60,True,1,3.0,98,other,2.2489792257075956,0,-21.220195030443165,1.7612739185463526,1.0945016222231025,9.412504239420237,190.13082405768745,-150.7873982070975,-20.424834453948293,103.12047843267312,24.883776950462718,-24.5,-5.06394535771177,-2.5063143449422087,-0.76679035224865,0.0,0.0,-163.8401811580364,-1.6301130345780652,0.0,0.0,-57.198691200769446,-37.16321714812582,-300.0,-2.291873454966313,-595.7121064781725,-42.456996851116195
extra,83,starboard,stand_on,True,1,6.0,63,goal,1.6548939098064597,0,0.29624576785161594,6.088378766264677,1.607961826144391,12.216056293288318,252.87018012588294,-1.171681581801704,-0.3199111809668284,93.04027981316779,28.879291459934898,-15.75,-4.885854644723005,-0.12115740721590634,-0.044503370177491064,0.0,0.0,0.0,0.0,-0.7024081923026326,-0.35990069123316937,-2.190005359624433,-1.996079472134861,100.0,4.435170554047622,173.1050272722231,25.70821265474717
extra,83,starboard,compliant_30,True,1,6.0,65,goal,2.6867488241750483,0,21.597086177669212,6.088378766264677,1.607961826144391,12.216056293288318,252.87018012588294,-23.852624272593435,-6.313532641598963,92.02986675092465,27.31232635330242,-16.25,-4.906426874260996,-3.9276771469067167,-2.2167097929320874,0.0,0.0,0.0,0.0,0.0,0.0,-1.2857213119458661,-1.2070551388092645,100.0,4.011088748687537,146.71384401947864,16.679690654388647
extra,83,starboard,wrong_30,True,1,6.0,18,target,1.4086263251943587,0,-20.179661935327886,6.088378766264677,1.607961826144391,12.216056293288318,252.87018012588294,-2.7851141368823606,-1.5976371349766494,25.994529607162704,17.581115816656588,-4.5,-3.03646517751543,-1.311765446143831,-0.9660145334706036,0.0,0.0,0.0,0.0,-2.7691861882076085,-1.3375530857016986,-2.9268499091122804,-2.6925075764226913,-300.0,-127.67703701659627,-288.2983860731834,-119.72609870802675
extra,83,starboard,compliant_60,True,1,6.0,66,goal,2.904351724714521,0,21.59732101012409,6.088378766264677,1.607961826144391,12.216056293288318,252.87018012588294,-36.01003570237173,-8.737404276983106,91.73894594991519,26.740863239703316,-16.5,-4.915963137984165,-2.3164748667813675,-0.9524750364376602,0.0,0.0,0.0,0.0,0.0,0.0,-1.2857213119458661,-1.2070551388092645,100.0,3.8145054892676895,135.62671406881623,14.74247113875681
extra,83,starboard,wrong_60,True,1,6.0,18,target,1.4086263251943587,0,-20.179661935327886,6.088378766264677,1.607961826144391,12.216056293288318,252.87018012588294,-2.7851141368823606,-1.5976371349766494,25.994529607162704,17.581115816656588,-4.5,-3.03646517751543,-1.311765446143831,-0.9660145334706036,0.0,0.0,0.0,0.0,-2.7691861882076085,-1.3375530857016986,-2.9268499091122804,-2.6925075764226913,-300.0,-127.67703701659627,-288.2983860731834,-119.72609870802675
extra,84,starboard,stand_on,True,1,3.0,64,goal,2.4540211381306634,0,-0.6246084961521774,3.232915863661482,2.436358792568576,8.087355574453785,191.65126991129262,-0.11429264951479023,-0.02738801203833662,96.0,29.378394914335665,-16.0,-4.896399152389277,-0.14673857943631824,-0.04755965362899973,0.0,0.0,0.0,0.0,0.0,0.0,-4.346645045527124,-3.025973450209825,100.0,4.2178030665087585,175.39232372552175,25.59887771257798
extra,84,starboard,compliant_30,True,1,3.0,68,goal,1.6825059692253117,0,19.025454984442888,3.232915863661482,2.436358792568576,8.087355574453785,191.65126991129262,-57.80743896568541,-11.68135896514795,96.85631887134396,27.522493627613514,-17.0,-4.933656455871912,-4.319008193949003,-2.162600010265716,0.0,0.0,0.0,0.0,0.0,0.0,-3.9274239553954553,-2.073721288121341,100.0,3.449770389516387,113.8024477563141,10.120927297722982
extra,84,starboard,wrong_30,True,1,3.0,68,goal,3.075961027965057,0,-19.530489637824758,3.232915863661482,2.436358792568576,8.087355574453785,191.65126991129262,-29.83685071066233,-7.516937273938183,96.76575823970452,27.459162636256714,-17.0,-4.933656455871912,-4.207709769780322,-2.2012379054066726,0.0,0.0,0.0,0.0,0.0,0.0,-19.922676624590558,-14.098931750113934,100.0,3.449770389516387,125.79852113467132,2.1581696404423996
extra,84,starboard,compliant_60,True,1,3.0,81,goal,1.580272127419185,0,19.025454984442888,3.232915863661482,2.436358792568576,8.087355574453785,191.65126991129262,-120.92248734989147,-19.15824518463475,102.98548049858816,25.86719913059316,-20.25,-5.0139267660937215,-2.5368369210072164,-0.765859725322712,0.0,0.0,0.0,0.0,0.0,0.0,-0.14020853466432337,-0.13333692137683076,100.0,1.7950553275045067,59.13594769302515,2.590885860669652
extra,84,starboard,wrong_60,True,1,3.0,70,goal,3.0907208144378995,0,-19.530489637824758,3.232915863661482,2.436358792568576,8.087355574453785,191.65126991129262,-54.574342493871924,-11.827117806900558,96.12920525304277,26.3789559948134,-17.5,-4.949657975417023,-2.269915832340035,-0.7341934134138504,0.0,0.0,0.0,0.0,0.0,0.0,-17.592305897654647,-12.758299765058704,100.0,3.1199105031747614,104.19264102917616,-0.7704024628019752
extra,85,starboard,stand_on,True,1,3.0,12,target,1.49211752653939,0,0.0,2.2510653539394534,0.34693294653325685,8.863814025881144,244.56640376679877,-0.2583177286369124,-0.1910283293595053,17.6221576074761,13.630972307189513,-3.0,-2.3099562266705833,0.0,0.0,0.0,0.0,0.0,0.0,-2.5432212110809904,-1.4791536470396238,-37.662928886769684,-28.739505597555002,-300.0,-172.60642499307843,-325.8423102190115,-191.69509648651365
extra,85,starboard,compliant_30,True,1,3.0,68,goal,1.2102150839476478,0,20.990193876823753,2.2510653539394534,0.34693294653325685,8.863814025881144,244.56640376679877,-42.607059329255385,-9.668749038284068,96.14918930992499,27.397701787463433,-17.0,-4.933656455871912,-4.473045852080123,-2.358445880787545,0.0,0.0,0.0,0.0,-0.46851059831483927,-0.269701173667368,-23.698193189105943,-17.36738066568287,100.0,3.449770389516387,107.9023803411687,-3.7504610373139444
extra,85,starboard,wrong_30,True,1,3.0,14,target,1.3147461226503243,0,-20.990193876823696,2.2510653539394534,0.34693294653325685,8.863814025881144,244.56640376679877,-3.796898140112803,-2.3508722633884274,18.40282156983697,13.937261012883242,-3.5,-2.57683051793085,-2.4391425838654808,-1.6781450594744447,0.0,0.0,0.0,0.0,-0.0006549338408255143,-0.0003407886170365204,-96.38601917455802,-67.89444476481333,-300.0,-156.10215679509182,-387.71989326254015,-216.66552917643264
extra,85,starboard,compliant_60,True,1,3.0,77,goal,1.305218303621993,0,20.990193876823753,2.2510653539394534,0.34693294653325685,8.863814025881144,244.56640376679877,-81.31215138369694,-15.64043532278188,102.89070471484762,25.907812619541765,-19.25,-4.994540281327025,-2.3703813001010468,-0.7552540686070862,0.0,0.0,0.0,0.0,-0.03925353953472904,-0.024757937402286753,-12.549814639155748,-11.578355229090173,100.0,2.1946938520632315,87.36910385235915,-4.890836367603454
extra,85,starboard,wrong_60,True,1,3.0,14,target,1.1795017103397156,0,-20.990193876823696,2.2510653539394534,0.34693294653325685,8.863814025881144,244.56640376679877,-4.538568819644767,-2.7589373084784015,18.72938302806396,14.09598020256666,-3.5,-2.57683051793085,-0.3336716244444915,-0.23587151885230012,0.0,0.0,0.0,0.0,-0.043244955122372516,-0.022502102550364344,-93.0500057782222,-66.06502216401994,-300.0,-156.10215679509182,-382.7361081493699,-213.665340204357
extra,86,starboard,stand_on,True,1,5.0,12,target,1.2759443857705393,0,0.47835285453828646,4.157911022051331,1.231030263220085,8.33425001614874,229.57421249382168,-0.1500769428538904,-0.11258294188877385,16.718843485921568,13.106959878226258,-3.0,-2.3099562266705833,-0.03747080169583122,-0.027166830451268487,0.0,0.0,0.0,0.0,-3.6002624851733125,-2.3487824888492117,-13.722508066283215,-10.690410492097042,-300.0,-172.60642499307843,-303.79147481008465,-174.98836409480907
extra,86,starboard,compliant_30,True,1,5.0,66,goal,1.75362587449534,0,20.15903864887281,4.157911022051331,1.231030263220085,8.33425001614874,229.57421249382168,-32.35056613152069,-8.377004411039936,93.18882057067731,27.203388683484828,-16.5,-4.915963137984165,-4.082393093167406,-2.2257668152022485,0.0,0.0,0.0,0.0,0.0,0.0,-3.734045273921123,-3.4761770150317166,100.0,3.8145054892676895,136.52181607206808,12.022982793494451
extra,86,starboard,wrong_30,True,1,5.0,11,target,1.319240182463614,0,-19.779248117040993,4.157911022051331,1.231030263220085,8.33425001614874,229.57421249382168,-1.9903210377333964,-1.3438849875831855,14.98863290382215,12.014209351301766,-2.75,-2.1661175391763514,-2.1470364229984655,-1.4895402363926666,0.0,0.0,0.0,0.0,-5.1441281373516325,-3.179489010506308,-46.34343811109439,-33.96035768474851,-300.0,-181.50182014126085,-343.38629080535577,-211.6270002483661
extra,86,starboard,compliant_60,True,1,5.0,69,goal,1.7629037569454244,0,20.15903864887281,4.157911022051331,1.231030263220085,8.33425001614874,229.57421249382168,-60.7364340372853,-13.267599019691307,94.03184237766773,26.196988989852528,-17.25,-4.941858199159086,-2.2647489691922575,-0.7387651176778914,0.0,0.0,0.0,0.0,0.0,0.0,-3.734045273921123,-3.4761770150317166,100.0,3.2806973148697316,110.04661409726904,7.053286953162258
extra,86,starboard,wrong_60,True,1,5.0,11,target,1.3225869452683163,0,-19.779248117040993,4.157911022051331,1.231030263220085,8.33425001614874,229.57421249382168,-2.0650509426438353,-1.3902823780804046,14.96304439241812,11.998289495817504,-2.75,-2.1661175391763514,-0.125,-0.125,0.0,0.0,0.0,0.0,-4.797261174271382,-2.9655140166942173,-46.47298583027582,-34.03437451660521,-300.0,-181.50182014126085,-341.2472535547729,-210.18481909599953
extra,87,starboard,stand_on,False,0,,0,target,1.7172695454752338,0,,-285.72765189716677,0.24089996881679565,8.150044405244993,240.01888764049914,0.0,0.0,0.0,0.0,0.0,0.0,0.0,0.0,0.0,0.0,0.0,0.0,0.0,0.0,0.0,0.0,0.0,0.0,0.0,0.0
extra,87,starboard,compliant_30,False,0,,0,target,1.7172695454752338,0,,-285.72765189716677,0.24089996881679565,8.150044405244993,240.01888764049914,0.0,0.0,0.0,0.0,0.0,0.0,0.0,0.0,0.0,0.0,0.0,0.0,0.0,0.0,0.0,0.0,0.0,0.0,0.0,0.0
extra,87,starboard,wrong_30,False,0,,0,target,1.7172695454752338,0,,-285.72765189716677,0.24089996881679565,8.150044405244993,240.01888764049914,0.0,0.0,0.0,0.0,0.0,0.0,0.0,0.0,0.0,0.0,0.0,0.0,0.0,0.0,0.0,0.0,0.0,0.0,0.0,0.0
extra,87,starboard,compliant_60,False,0,,0,target,1.7172695454752338,0,,-285.72765189716677,0.24089996881679565,8.150044405244993,240.01888764049914,0.0,0.0,0.0,0.0,0.0,0.0,0.0,0.0,0.0,0.0,0.0,0.0,0.0,0.0,0.0,0.0,0.0,0.0,0.0,0.0
extra,87,starboard,wrong_60,False,0,,0,target,1.7172695454752338,0,,-285.72765189716677,0.24089996881679565,8.150044405244993,240.01888764049914,0.0,0.0,0.0,0.0,0.0,0.0,0.0,0.0,0.0,0.0,0.0,0.0,0.0,0.0,0.0,0.0,0.0,0.0,0.0,0.0
extra,88,starboard,stand_on,True,1,4.0,66,goal,2.1351234489756754,0,0.6140018534139813,4.5422458901063925,2.070921658700693,8.254232122225709,289.84828062781827,-4.602678928785304,-1.1914389753866663,96.49338780857227,28.83901013806946,-16.5,-4.915963137984165,-0.12922703682938783,-0.04532977459766944,0.0,0.0,0.0,0.0,-1.3755512127737473,-0.9373544199235149,-4.379981129316563,-3.4547136348413936,100.0,3.8145054892676895,169.50594950086725,22.10871568460374
extra,88,starboard,compliant_30,True,1,4.0,69,goal,2.493002906021699,0,20.941589079864798,4.5422458901063925,2.070921658700693,8.254232122225709,289.84828062781827,-31.676922226857254,-7.9208502723984475,96.25114891399313,27.0994790149072,-17.25,-4.941858199159086,-4.401119142630756,-2.3395672886606844,0.0,0.0,0.0,0.0,-0.0018667546816017158,-0.0014520016641081674,-1.0319987598001588,-0.982490922946409,100.0,3.2806973148697316,141.88924203002335,14.193957644948197
extra,88,starboard,wrong_30,True,1,4.0,17,target,1.8701364788720005,0,-20.46648574945931,4.5422458901063925,2.070921658700693,8.254232122225709,289.84828062781827,-5.682802479187495,-3.282452636108044,22.052295044140813,15.658629287277163,-4.25,-2.9300676466682667,-2.9065960936246666,-1.9002641341723454,0.0,0.0,0.0,0.0,-6.068720396318499,-3.057375128195452,-29.281475384080025,-21.071926276546563,-300.0,-134.25696412914309,-326.1372993090699,-150.84042066355659
extra,88,starboard,compliant_60,True,1,4.0,71,goal,2.4957687631142975,0,20.941589079864798,4.5422458901063925,2.070921658700693,8.254232122225709,289.84828062781827,-59.477748020431136,-12.5974752092787,95.54029547516674,26.00372881623828,-17.75,-4.957075485029767,-2.3261211056453144,-0.766529478897073,0.0,0.0,0.0,0.0,-0.0018667546816017158,-0.0014520016641081674,-1.0319987598001588,-0.982490922946409,100.0,2.9670038450977003,114.95256083460853,9.665709563519922
extra,88,starboard,wrong_60,True,1,4.0,20,target,1.9101096937067052,0,-20.46648574945931,4.5422458901063925,2.070921658700693,8.254232122225709,289.84828062781827,-11.015667539585886,-5.6194714549595925,24.44774988346891,16.559667448240305,-5.0,-3.2338721904083823,-0.7056731209543443,-0.42931109531771583,0.0,0.0,0.0,0.0,-6.920416589165856,-3.0209713828965783,-35.433413076622934,-23.629824423238063,-300.0,-115.46882366804526,-334.6274204428601,-134.8426067666253
extra,89,starboard,stand_on,False,0,,0,target,1.296525248684451,0,,-286.3569417553394,0.4268845652485728,10.48651961736039,271.7459775151454,0.0,0.0,0.0,0.0,0.0,0.0,0.0,0.0,0.0,0.0,0.0,0.0,0.0,0.0,0.0,0.0,0.0,0.0,0.0,0.0
extra,89,starboard,compliant_30,False,0,,0,target,1.296525248684451,0,,-286.3569417553394,0.4268845652485728,10.48651961736039,271.7459775151454,0.0,0.0,0.0,0.0,0.0,0.0,0.0,0.0,0.0,0.0,0.0,0.0,0.0,0.0,0.0,0.0,0.0,0.0,0.0,0.0
extra,89,starboard,wrong_30,False,0,,0,target,1.296525248684451,0,,-286.3569417553394,0.4268845652485728,10.48651961736039,271.7459775151454,0.0,0.0,0.0,0.0,0.0,0.0,0.0,0.0,0.0,0.0,0.0,0.0,0.0,0.0,0.0,0.0,0.0,0.0,0.0,0.0
extra,89,starboard,compliant_60,False,0,,0,target,1.296525248684451,0,,-286.3569417553394,0.4268845652485728,10.48651961736039,271.7459775151454,0.0,0.0,0.0,0.0,0.0,0.0,0.0,0.0,0.0,0.0,0.0,0.0,0.0,0.0,0.0,0.0,0.0,0.0,0.0,0.0
extra,89,starboard,wrong_60,False,0,,0,target,1.296525248684451,0,,-286.3569417553394,0.4268845652485728,10.48651961736039,271.7459775151454,0.0,0.0,0.0,0.0,0.0,0.0,0.0,0.0,0.0,0.0,0.0,0.0,0.0,0.0,0.0,0.0,0.0,0.0,0.0,0.0
extra,90,starboard,stand_on,True,1,3.0,66,goal,2.3929821700716754,0,0.6030649598836817,2.984261643807397,2.406932899486312,8.233880895841194,235.62307711916296,-1.2338413939542168,-0.3053808756061157,97.58046455220087,29.097756625420786,-16.5,-4.915963137984165,-0.13008431479055343,-0.04533463641245167,0.0,0.0,0.0,0.0,0.0,0.0,-4.064170330029568,-3.4048169160391764,100.0,3.8145054892676895,175.65236851342652,24.240766548646565
extra,90,starboard,compliant_30,True,1,3.0,69,goal,1.5890892567651904,0,18.33363112098968,2.984261643807397,2.406932899486312,8.233880895841194,235.62307711916296,-43.60228563400596,-8.727583226101576,96.93022652172245,27.275344640423768,-17.25,-4.941858199159086,-4.193638282243025,-2.100554721334011,0.0,0.0,0.0,0.0,0.0,0.0,-5.191223220794957,-3.88407142541527,100.0,3.2806973148697316,126.6930793846785,10.901974383283559
extra,90,starboard,wrong_30,True,1,3.0,69,goal,2.9906199229246977,0,-17.832863823988646,2.984261643807397,2.406932899486312,8.233880895841194,235.62307711916296,-40.60219546132648,-9.805732056765184,97.01515812959714,27.298875718767892,-17.25,-4.941858199159086,-4.250286427723349,-2.1621095986699066,0.0,0.0,0.0,0.0,0.0,0.0,-31.057079089013218,-22.24654163072872,100.0,3.2806973148697316,103.8555971515341,-8.576668451685274
extra,90,starboard,compliant_60,True,1,3.0,94,other,1.47807796887102,0,18.33363112098968,2.984261643807397,2.406932899486312,8.233880895841194,235.62307711916296,-143.0702874355818,-17.47915738574214,103.03414122906018,25.451563404106416,-23.5,-5.05569466126784,-2.7588027421051424,-0.8496249818970754,0.0,0.0,-88.88404326380751,-0.9467110632933176,0.0,0.0,-3.813617234502986,-3.158001641913952,-300.0,-2.8021200818997345,-458.9926094469373,-4.839746411907645
extra,90,starboard,wrong_60,True,1,3.0,76,goal,3.0073883838018842,0,-17.832863823988646,2.984261643807397,2.406932899486312,8.233880895841194,235.62307711916296,-84.60208918943493,-16.127636368694525,102.42429351498465,26.22646645194482,-19.0,-4.9890535466968675,-2.3062454884158625,-0.6926425846228124,0.0,0.0,0.0,0.0,0.0,0.0,-31.057480822426214,-22.2468242291721,100.0,2.3077989641363876,65.45847801470765,-15.521891313105094
extra,91,starboard,stand_on,False,0,,0,target,1.4087910408699202,0,,-284.3226660587423,1.30025611641973,9.273387231482698,254.8204201945951,0.0,0.0,0.0,0.0,0.0,0.0,0.0,0.0,0.0,0.0,0.0,0.0,0.0,0.0,0.0,0.0,0.0,0.0,0.0,0.0
extra,91,starboard,compliant_30,False,0,,0,target,1.4087910408699202,0,,-284.3226660587423,1.30025611641973,9.273387231482698,254.8204201945951,0.0,0.0,0.0,0.0,0.0,0.0,0.0,0.0,0.0,0.0,0.0,0.0,0.0,0.0,0.0,0.0,0.0,0.0,0.0,0.0
extra,91,starboard,wrong_30,False,0,,0,target,1.4087910408699202,0,,-284.3226660587423,1.30025611641973,9.273387231482698,254.8204201945951,0.0,0.0,0.0,0.0,0.0,0.0,0.0,0.0,0.0,0.0,0.0,0.0,0.0,0.0,0.0,0.0,0.0,0.0,0.0,0.0
extra,91,starboard,compliant_60,False,0,,0,target,1.4087910408699202,0,,-284.3226660587423,1.30025611641973,9.273387231482698,254.8204201945951,0.0,0.0,0.0,0.0,0.0,0.0,0.0,0.0,0.0,0.0,0.0,0.0,0.0,0.0,0.0,0.0,0.0,0.0,0.0,0.0
extra,91,starboard,wrong_60,False,0,,0,target,1.4087910408699202,0,,-284.3226660587423,1.30025611641973,9.273387231482698,254.8204201945951,0.0,0.0,0.0,0.0,0.0,0.0,0.0,0.0,0.0,0.0,0.0,0.0,0.0,0.0,0.0,0.0,0.0,0.0,0.0,0.0
extra,92,starboard,stand_on,True,1,4.0,66,goal,1.6332737447495524,0,0.5886514544584998,3.944938860517673,1.662118003068931,10.88196881863876,199.17120712435843,-2.116579497139328,-0.5548487122152312,96.70693696230279,28.85206820854443,-16.5,-4.915963137984165,-0.13450994555513507,-0.0474601568025519,0.0,0.0,0.0,0.0,0.0,0.0,-24.40882300840316,-15.827420451583947,100.0,3.8145054892676895,153.54702451120517,11.320881239226226
extra,92,starboard,compliant_30,True,1,4.0,15,target,1.8225278333263892,0,21.803908592702385,3.944938860517673,1.662118003068931,10.88196881863876,199.17120712435843,-4.666415793929462,-2.7920487240620893,19.72761668362646,14.547030097650381,-3.75,-2.7005401828309017,-2.6694556905092055,-1.7811923510783292,0.0,0.0,0.0,0.0,-3.9370938970941642,-2.0108425814870445,-13.19182455496979,-8.463227497255803,-300.0,-148.451597880062,-308.4871732528762,-151.6524191191258
extra,92,starboard,wrong_30,True,1,4.0,69,goal,2.786724373717319,0,-21.372731837782226,3.944938860517673,1.662118003068931,10.88196881863876,199.17120712435843,-62.45238535054267,-10.667537783683777,96.15893115446323,27.13174137870173,-17.25,-4.941858199159086,-5.46813214987219,-2.625998860289011,0.0,0.0,0.0,0.0,0.0,0.0,-55.100800659853476,-36.08650546931326,100.0,3.2806973148697316,55.887612994194896,-23.909461618873674
extra,92,starboard,compliant_60,True,1,4.0,15,target,1.8749323486021208,0,21.80391492868398,3.944938860517673,1.662118003068931,10.88196881863876,199.17120712435843,-5.814716048695556,-3.403355844722636,19.133718234057213,14.229832802876256,-3.75,-2.7005401828309017,-0.40271005387049286,-0.2693050952743235,0.0,0.0,0.0,0.0,-1.111690380917657,-0.5600421473045148,-3.7176211835939195,-3.4948629023207114,-300.0,-148.451597880062,-295.6630194330204,-144.64987124963884
extra,92,starboard,wrong_60,True,1,4.0,60,other,3.0853629349858283,0,-21.372731837782226,3.944938860517673,1.662118003068931,10.88196881863876,199.17120712435843,-85.81202681327629,-16.950526082166867,75.07615114763804,24.17464336660448,-15.0,-4.8508471442450665,-1.961842303587054,-0.7354446387731005,0.0,0.0,-45.913690112584504,-2.554339655387783,0.0,0.0,-55.096902218672405,-36.18318023790686,-300.0,-15.470475451275988,-428.7083103004822,-52.570169843151184
extra,93,starboard,stand_on,False,0,,0,goal,2.4993020523054854,0,,177.50411089796182,2.459042642952658,10.519589097800942,271.4737429065678,0.0,0.0,0.0,0.0,0.0,0.0,0.0,0.0,0.0,0.0,0.0,0.0,0.0,0.0,0.0,0.0,0.0,0.0,0.0,0.0
extra,93,starboard,compliant_30,False,0,,0,goal,2.4993020523054854,0,,177.50411089796182,2.459042642952658,10.519589097800942,271.4737429065678,0.0,0.0,0.0,0.0,0.0,0.0,0.0,0.0,0.0,0.0,0.0,0.0,0.0,0.0,0.0,0.0,0.0,0.0,0.0,0.0
extra,93,starboard,wrong_30,False,0,,0,goal,2.4993020523054854,0,,177.50411089796182,2.459042642952658,10.519589097800942,271.4737429065678,0.0,0.0,0.0,0.0,0.0,0.0,0.0,0.0,0.0,0.0,0.0,0.0,0.0,0.0,0.0,0.0,0.0,0.0,0.0,0.0
extra,93,starboard,compliant_60,False,0,,0,goal,2.4993020523054854,0,,177.50411089796182,2.459042642952658,10.519589097800942,271.4737429065678,0.0,0.0,0.0,0.0,0.0,0.0,0.0,0.0,0.0,0.0,0.0,0.0,0.0,0.0,0.0,0.0,0.0,0.0,0.0,0.0
extra,93,starboard,wrong_60,False,0,,0,goal,2.4993020523054854,0,,177.50411089796182,2.459042642952658,10.519589097800942,271.4737429065678,0.0,0.0,0.0,0.0,0.0,0.0,0.0,0.0,0.0,0.0,0.0,0.0,0.0,0.0,0.0,0.0,0.0,0.0,0.0,0.0
extra,94,starboard,stand_on,True,1,3.0,10,target,1.836317045637753,0,-0.6909681121148878,1.612936019769288,0.19351206665387394,8.078543851443314,210.50483052927177,-0.369967924358081,-0.28914159621218744,14.508808612807421,11.748204860768073,-2.5,-2.0148660223919674,-0.02077792963471012,-0.015763417155066427,0.0,0.0,0.0,0.0,-0.7133981641926298,-0.4559239903923644,-30.885070265562703,-24.16584361525156,-300.0,-190.85564581916123,-319.9804056709407,-206.0489795997963
extra,94,starboard,compliant_30,True,1,3.0,13,target,0.8287635430704121,0,20.802023316419422,1.612936019769288,0.19351206665387394,8.078543851443314,210.50483052927177,-4.488891225854059,-2.8698409889879666,16.442034239666306,12.811584030396586,-3.25,-2.4467453872682734,-2.555632905385913,-1.7437401691612713,0.0,0.0,0.0,0.0,-5.442095097775203,-3.122870199088825,-14.933394311871258,-12.350958671781472,-300.0,-164.14699271722827,-314.2279793012201,-173.8695641031195
extra,94,starboard,wrong_30,True,1,3.0,13,target,1.2103684687161946,0,-21.369400785685855,1.612936019769288,0.19351206665387394,8.078543851443314,210.50483052927177,-4.164964094584161,-2.681552238542418,16.415058477219855,12.792219257687131,-3.25,-2.4467453872682734,-2.5960460872734945,-1.7803031249969457,0.0,0.0,0.0,0.0,-0.012687915886970002,-0.006942277455650899,-83.10168107569216,-59.06983754826415,-300.0,-164.14699271722827,-376.7103206962169,-217.34015403606858
extra,94,starboard,compliant_60,True,1,3.0,13,target,0.7970971611589369,0,20.802023316419422,1.612936019769288,0.19351206665387394,8.078543851443314,210.50483052927177,-4.94028636943295,-3.1290319337622425,16.501988995320964,12.839106265409486,-3.25,-2.4467453872682734,-0.4735889198015286,-0.3176550422851572,0.0,0.0,0.0,0.0,-4.420097703024652,-2.532343742730344,-16.144113047667922,-13.07880527547465,-300.0,-164.14699271722827,-312.7260970446061,-172.81246783333944
extra,94,starboard,wrong_60,True,1,3.0,13,target,1.2375583560167849,0,-21.369400785685855,1.612936019769288,0.19351206665387394,8.078543851443314,210.50483052927177,-4.624254455546403,-2.946091820968117,16.265333644881608,12.704623093154353,-3.25,-2.4467453872682734,-0.48889963284545956,-0.32664519211165444,0.0,0.0,0.0,0.0,-0.0016218423087388874,-0.0008874017921368494,-81.09091073263215,-57.90469429926432,-300.0,-164.14699271722827,-373.19035301845116,-215.06743372547842
extra,95,starboard,stand_on,False,0,,0,target,1.4710119210086106,0,,-277.9006801789147,1.322141113919633,11.688958021756907,255.02285589805467,0.0,0.0,0.0,0.0,0.0,0.0,0.0,0.0,0.0,0.0,0.0,0.0,0.0,0.0,0.0,0.0,0.0,0.0,0.0,0.0
extra,95,starboard,compliant_30,False,0,,0,target,1.4710119210086106,0,,-277.9006801789147,1.322141113919633,11.688958021756907,255.02285589805467,0.0,0.0,0.0,0.0,0.0,0.0,0.0,0.0,0.0,0.0,0.0,0.0,0.0,0.0,0.0,0.0,0.0,0.0,0.0,0.0
extra,95,starboard,wrong_30,False,0,,0,target,1.4710119210086106,0,,-277.9006801789147,1.322141113919633,11.688958021756907,255.02285589805467,0.0,0.0,0.0,0.0,0.0,0.0,0.0,0.0,0.0,0.0,0.0,0.0,0.0,0.0,0.0,0.0,0.0,0.0,0.0,0.0
extra,95,starboard,compliant_60,False,0,,0,target,1.4710119210086106,0,,-277.9006801789147,1.322141113919633,11.688958021756907,255.02285589805467,0.0,0.0,0.0,0.0,0.0,0.0,0.0,0.0,0.0,0.0,0.0,0.0,0.0,0.0,0.0,0.0,0.0,0.0,0.0,0.0
extra,95,starboard,wrong_60,False,0,,0,target,1.4710119210086106,0,,-277.9006801789147,1.322141113919633,11.688958021756907,255.02285589805467,0.0,0.0,0.0,0.0,0.0,0.0,0.0,0.0,0.0,0.0,0.0,0.0,0.0,0.0,0.0,0.0,0.0,0.0,0.0,0.0
extra,96,starboard,stand_on,True,1,3.0,17,target,1.3992464478393944,0,0.593128300682622,2.47671137975861,1.3296998897625454,10.334122489032941,273.28874990952227,-0.021769591095112784,-0.014620860135545217,24.812460063024737,17.250784759969452,-4.25,-2.9300676466682667,-0.04331760910349532,-0.02791477993712146,0.0,0.0,0.0,0.0,-8.772523456369612,-4.313744065489315,-9.441967152011024,-6.483502525586269,-300.0,-134.25696412914309,-297.7171177455545,-130.77602924699016
extra,96,starboard,compliant_30,True,1,3.0,70,goal,2.2569660994806937,0,21.09474572174551,2.47671137975861,1.3296998897625454,10.334122489032941,273.28874990952227,-54.98050716671608,-9.830304474083949,99.61388418362272,27.735229492248557,-17.5,-4.949657975417023,-5.230592686998264,-2.507662084607167,0.0,0.0,0.0,0.0,0.0,0.0,-10.134337163786395,-5.405300803162499,100.0,3.1199105031747614,111.76844716612197,8.162214658152681
extra,96,starboard,wrong_30,True,1,3.0,18,target,1.33838048835747,0,-20.641893681238912,2.47671137975861,1.3296998897625454,10.334122489032941,273.28874990952227,-6.553123630131314,-3.5157938221464997,24.457112267098967,16.810400885253053,-4.5,-3.03646517751543,-3.3057898226604356,-2.054730636510517,0.0,0.0,0.0,0.0,-2.8142891969541024,-1.2137507828531526,-76.72431551399889,-46.83453306604552,-300.0,-127.67703701659627,-369.44040589664576,-167.52190961641435
extra,96,starboard,compliant_60,True,1,3.0,89,other,2.4109548449478324,0,21.09474572174551,2.47671137975861,1.3296998897625454,10.334122489032941,273.28874990952227,-120.88278739061903,-16.43210845413169,103.00671344420134,26.014610676184628,-22.25,-5.042752117286885,-2.320945571669189,-0.6974457918798184,0.0,0.0,-65.60110120815771,-0.8605751020111445,0.0,0.0,-0.6079228715200226,-0.5781286019221775,-300.0,-3.6025239575116887,-408.6560435977646,-1.1989233485587767
extra,96,starboard,wrong_60,True,1,3.0,22,target,1.031203465668369,0,-20.641893681238912,2.47671137975861,1.3296998897625454,10.334122489032941,273.28874990952227,-16.209861309552693,-7.405889085533181,26.36873365089997,17.387176069832254,-5.5,-3.4124035543497997,-0.6345979305446718,-0.35715622881119335,0.0,0.0,0.0,0.0,-1.5200705271783532,-0.5395313138751056,-102.16040162059275,-55.94153908711578,-300.0,-104.4279343477325,-399.65619773696847,-154.69727754758532
extra,97,starboard,stand_on,False,0,,0,goal,2.28472226390287,0,,183.0454060055115,2.2959546720594846,8.34847687848089,238.79618412988916,0.0,0.0,0.0,0.0,0.0,0.0,0.0,0.0,0.0,0.0,0.0,0.0,0.0,0.0,0.0,0.0,0.0,0.0,0.0,0.0
extra,97,starboard,compliant_30,False,0,,0,goal,2.28472226390287,0,,183.0454060055115,2.2959546720594846,8.34847687848089,238.79618412988916,0.0,0.0,0.0,0.0,0.0,0.0,0.0,0.0,0.0,0.0,0.0,0.0,0.0,0.0,0.0,0.0,0.0,0.0,0.0,0.0
extra,97,starboard,wrong_30,False,0,,0,goal,2.28472226390287,0,,183.0454060055115,2.2959546720594846,8.34847687848089,238.79618412988916,0.0,0.0,0.0,0.0,0.0,0.0,0.0,0.0,0.0,0.0,0.0,0.0,0.0,0.0,0.0,0.0,0.0,0.0,0.0,0.0
extra,97,starboard,compliant_60,False,0,,0,goal,2.28472226390287,0,,183.0454060055115,2.2959546720594846,8.34847687848089,238.79618412988916,0.0,0.0,0.0,0.0,0.0,0.0,0.0,0.0,0.0,0.0,0.0,0.0,0.0,0.0,0.0,0.0,0.0,0.0,0.0,0.0
extra,97,starboard,wrong_60,False,0,,0,goal,2.28472226390287,0,,183.0454060055115,2.2959546720594846,8.34847687848089,238.79618412988916,0.0,0.0,0.0,0.0,0.0,0.0,0.0,0.0,0.0,0.0,0.0,0.0,0.0,0.0,0.0,0.0,0.0,0.0,0.0,0.0
extra,98,starboard,stand_on,True,1,3.0,10,target,1.8814452610583465,0,0.43892368745599697,1.405553202145557,0.42202352994667486,7.912645993642445,196.82386970885653,-0.15867168877364723,-0.12481867598681272,14.310937153716017,11.636372694346358,-2.5,-2.0148660223919674,-0.0236373422230437,-0.018279865773304853,0.0,0.0,0.0,0.0,-0.8267753087747264,-0.531992298567966,-21.02912391595471,-16.698715648210705,-300.0,-190.85564581916123,-310.2272711020101,-198.60794563574564
extra,98,starboard,compliant_30,True,1,3.0,10,target,1.846792357203168,0,20.10844542961331,1.405553202145557,0.42202352994667486,7.912645993642445,196.82386970885653,-2.3508515886860284,-1.6441885085032124,13.695726339180766,11.19409513163569,-2.5,-2.0148660223919674,-1.93372932811282,-1.3645657394753903,0.0,0.0,0.0,0.0,-0.8073925260365966,-0.5194049127853685,-7.256118545377927,-6.822329920211631,-300.0,-190.85564581916123,-301.1523656490326,-192.0269057908931
extra,98,starboard,wrong_30,True,1,3.0,13,target,1.0946991071436027,0,-20.006125440108917,1.405553202145557,0.42202352994667486,7.912645993642445,196.82386970885653,-4.036567668990928,-2.5985085169994346,16.93280319693271,13.085919339696472,-3.25,-2.4467453872682734,-2.2294962794967885,-1.5381746873568833,0.0,0.0,0.0,0.0,-0.21896729344823776,-0.11987634524780479,-59.83503661934088,-43.04703094981242,-300.0,-164.14699271722827,-352.6372646643441,-200.81140926421662
extra,98,starboard,compliant_60,True,1,3.0,10,target,1.8479902362580733,0,20.10844542961331,1.405553202145557,0.42202352994667486,7.912645993642445,196.82386970885653,-2.3750351714593956,-1.6597591476606848,13.688183056676639,11.189244002222843,-2.5,-2.0148660223919674,-0.125,-0.125,0.0,0.0,0.0,0.0,-0.7481249905701826,-0.48144592708316,-7.256118545377927,-6.822329920211631,-300.0,-190.85564581916123,-299.31609565073086,-190.76980283428583
extra,98,starboard,wrong_60,True,1,3.0,13,target,1.1560758902220516,0,-20.006125440108917,1.405553202145557,0.42202352994667486,7.912645993642445,196.82386970885653,-4.394864241300111,-2.804179885816819,16.572628327168488,12.884755940147128,-3.25,-2.4467453872682734,-0.1289453839349335,-0.12715874302678065,0.0,0.0,0.0,0.0,-0.088531183819703,-0.04844061339801944,-59.87578401223427,-43.06417592686472,-300.0,-164.14699271722827,-351.16549649412053,-199.75293733345575
extra,99,starboard,stand_on,False,0,,0,goal,2.0238030334398447,0,,181.10514806114878,2.007014511319736,9.169702129777306,259.4714398478096,0.0,0.0,0.0,0.0,0.0,0.0,0.0,0.0,0.0,0.0,0.0,0.0,0.0,0.0,0.0,0.0,0.0,0.0,0.0,0.0
extra,99,starboard,compliant_30,False,0,,0,goal,2.0238030334398447,0,,181.10514806114878,2.007014511319736,9.169702129777306,259.4714398478096,0.0,0.0,0.0,0.0,0.0,0.0,0.0,0.0,0.0,0.0,0.0,0.0,0.0,0.0,0.0,0.0,0.0,0.0,0.0,0.0
extra,99,starboard,wrong_30,False,0,,0,goal,2.0238030334398447,0,,181.10514806114878,2.007014511319736,9.169702129777306,259.4714398478096,0.0,0.0,0.0,0.0,0.0,0.0,0.0,0.0,0.0,0.0,0.0,0.0,0.0,0.0,0.0,0.0,0.0,0.0,0.0,0.0
extra,99,starboard,compliant_60,False,0,,0,goal,2.0238030334398447,0,,181.10514806114878,2.007014511319736,9.169702129777306,259.4714398478096,0.0,0.0,0.0,0.0,0.0,0.0,0.0,0.0,0.0,0.0,0.0,0.0,0.0,0.0,0.0,0.0,0.0,0.0,0.0,0.0
extra,99,starboard,wrong_60,False,0,,0,goal,2.0238030334398447,0,,181.10514806114878,2.007014511319736,9.169702129777306,259.4714398478096,0.0,0.0,0.0,0.0,0.0,0.0,0.0,0.0,0.0,0.0,0.0,0.0,0.0,0.0,0.0,0.0,0.0,0.0,0.0,0.0
extra,100,starboard,stand_on,False,0,,0,target,1.233082037733818,0,,-287.5998828172012,0.8341347954714793,9.738665446272039,271.5029464365352,0.0,0.0,0.0,0.0,0.0,0.0,0.0,0.0,0.0,0.0,0.0,0.0,0.0,0.0,0.0,0.0,0.0,0.0,0.0,0.0
extra,100,starboard,compliant_30,False,0,,0,target,1.233082037733818,0,,-287.5998828172012,0.8341347954714793,9.738665446272039,271.5029464365352,0.0,0.0,0.0,0.0,0.0,0.0,0.0,0.0,0.0,0.0,0.0,0.0,0.0,0.0,0.0,0.0,0.0,0.0,0.0,0.0
extra,100,starboard,wrong_30,False,0,,0,target,1.233082037733818,0,,-287.5998828172012,0.8341347954714793,9.738665446272039,271.5029464365352,0.0,0.0,0.0,0.0,0.0,0.0,0.0,0.0,0.0,0.0,0.0,0.0,0.0,0.0,0.0,0.0,0.0,0.0,0.0,0.0
extra,100,starboard,compliant_60,False,0,,0,target,1.233082037733818,0,,-287.5998828172012,0.8341347954714793,9.738665446272039,271.5029464365352,0.0,0.0,0.0,0.0,0.0,0.0,0.0,0.0,0.0,0.0,0.0,0.0,0.0,0.0,0.0,0.0,0.0,0.0,0.0,0.0
extra,100,starboard,wrong_60,False,0,,0,target,1.233082037733818,0,,-287.5998828172012,0.8341347954714793,9.738665446272039,271.5029464365352,0.0,0.0,0.0,0.0,0.0,0.0,0.0,0.0,0.0,0.0,0.0,0.0,0.0,0.0,0.0,0.0,0.0,0.0,0.0,0.0
extra,101,starboard,stand_on,False,0,,0,target,1.479473842793919,0,,-277.3509875330141,1.4249437619760288,12.139019117762583,264.72328706602474,0.0,0.0,0.0,0.0,0.0,0.0,0.0,0.0,0.0,0.0,0.0,0.0,0.0,0.0,0.0,0.0,0.0,0.0,0.0,0.0
extra,101,starboard,compliant_30,False,0,,0,target,1.479473842793919,0,,-277.3509875330141,1.4249437619760288,12.139019117762583,264.72328706602474,0.0,0.0,0.0,0.0,0.0,0.0,0.0,0.0,0.0,0.0,0.0,0.0,0.0,0.0,0.0,0.0,0.0,0.0,0.0,0.0
extra,101,starboard,wrong_30,False,0,,0,target,1.479473842793919,0,,-277.3509875330141,1.4249437619760288,12.139019117762583,264.72328706602474,0.0,0.0,0.0,0.0,0.0,0.0,0.0,0.0,0.0,0.0,0.0,0.0,0.0,0.0,0.0,0.0,0.0,0.0,0.0,0.0
extra,101,starboard,compliant_60,False,0,,0,target,1.479473842793919,0,,-277.3509875330141,1.4249437619760288,12.139019117762583,264.72328706602474,0.0,0.0,0.0,0.0,0.0,0.0,0.0,0.0,0.0,0.0,0.0,0.0,0.0,0.0,0.0,0.0,0.0,0.0,0.0,0.0
extra,101,starboard,wrong_60,False,0,,0,target,1.479473842793919,0,,-277.3509875330141,1.4249437619760288,12.139019117762583,264.72328706602474,0.0,0.0,0.0,0.0,0.0,0.0,0.0,0.0,0.0,0.0,0.0,0.0,0.0,0.0,0.0,0.0,0.0,0.0,0.0,0.0
extra,102,starboard,stand_on,True,1,3.0,65,goal,1.5120290187914316,0,0.43915243624198297,2.9575940084371153,1.5290089140368301,8.559719135135303,214.00761658417952,-1.2126783446797746,-0.30591734925122266,96.92120123707623,29.29185359036271,-16.25,-4.906426874260996,-0.14433722692538145,-0.04929201528315102,0.0,0.0,0.0,0.0,0.0,0.0,-19.902652237521384,-14.476829576706029,100.0,4.011088748687537,159.41153342794968,13.564476523548844
extra,102,starboard,compliant_30,True,1,3.0,12,target,1.8855459684107256,0,20.110493324048775,2.9575940084371153,1.5290089140368301,8.559719135135303,214.00761658417952,-2.3633511521614867,-1.5323712756146426,15.815100608874731,12.519527182782562,-3.0,-2.3099562266705833,-2.3684447305270098,-1.6281730796864098,0.0,0.0,0.0,0.0,-2.687016965685946,-1.5952323696416482,-8.229708612325805,-6.357992233402797,-300.0,-172.60642499307843,-302.8334208518255,-173.51062299531196
extra,102,starboard,wrong_30,True,1,3.0,68,goal,2.243921092018961,0,-19.991516772135128,2.9575940084371153,1.5290089140368301,8.559719135135303,214.00761658417952,-44.82982345199216,-10.142806436380742,96.03167621532565,27.376425652164713,-17.0,-4.933656455871912,-4.135703472330151,-2.201858084112165,0.0,0.0,0.0,0.0,0.0,0.0,-42.700509880396474,-30.534565399302203,100.0,3.449770389516387,87.36563941060686,-16.98669033398592
extra,102,starboard,compliant_60,True,1,3.0,12,target,1.8853837838046323,0,20.110493324048775,2.9575940084371153,1.5290089140368301,8.559719135135303,214.00761658417952,-2.5203296502644683,-1.6261904030364283,15.76671729168659,12.490120849850117,-3.0,-2.3099562266705833,-0.125,-0.125,0.0,0.0,0.0,0.0,-3.264114586424824,-1.9369724716408918,-9.15081079119648,-6.915264640073159,-300.0,-172.60642499307843,-302.2935377361992,-173.02968788464938
extra,102,starboard,wrong_60,True,1,3.0,78,goal,2.2944820106205825,0,-19.991516772135128,2.9575940084371153,1.5290089140368301,8.559719135135303,214.00761658417952,-104.48423523762753,-18.036671927845035,102.99525462492042,25.834363710164734,-19.5,-4.999758111366748,-2.538205526049972,-0.8028804328048825,0.0,0.0,0.0,0.0,0.0,0.0,-42.70025913902254,-30.53319579547289,100.0,2.087132015888835,33.77255472222038,-26.451010541435984
extra,103,starboard,stand_on,False,0,,0,goal,2.0864369646193794,0,,183.4132168869877,2.0826020678149924,8.899193520323005,265.44454323971433,0.0,0.0,0.0,0.0,0.0,0.0,0.0,0.0,0.0,0.0,0.0,0.0,0.0,0.0,0.0,0.0,0.0,0.0,0.0,0.0
extra,103,starboard,compliant_30,False,0,,0,goal,2.0864369646193794,0,,183.4132168869877,2.0826020678149924,8.899193520323005,265.44454323971433,0.0,0.0,0.0,0.0,0.0,0.0,0.0,0.0,0.0,0.0,0.0,0.0,0.0,0.0,0.0,0.0,0.0,0.0,0.0,0.0
extra,103,starboard,wrong_30,False,0,,0,goal,2.0864369646193794,0,,183.4132168869877,2.0826020678149924,8.899193520323005,265.44454323971433,0.0,0.0,0.0,0.0,0.0,0.0,0.0,0.0,0.0,0.0,0.0,0.0,0.0,0.0,0.0,0.0,0.0,0.0,0.0,0.0
extra,103,starboard,compliant_60,False,0,,0,goal,2.0864369646193794,0,,183.4132168869877,2.0826020678149924,8.899193520323005,265.44454323971433,0.0,0.0,0.0,0.0,0.0,0.0,0.0,0.0,0.0,0.0,0.0,0.0,0.0,0.0,0.0,0.0,0.0,0.0,0.0,0.0
extra,103,starboard,wrong_60,False,0,,0,goal,2.0864369646193794,0,,183.4132168869877,2.0826020678149924,8.899193520323005,265.44454323971433,0.0,0.0,0.0,0.0,0.0,0.0,0.0,0.0,0.0,0.0,0.0,0.0,0.0,0.0,0.0,0.0,0.0,0.0,0.0,0.0
extra,104,starboard,stand_on,True,1,3.0,66,goal,1.5820897952083632,0,0.4510341829586082,2.665075415072889,1.6077592515660313,9.537167600175593,207.48914742979522,-2.7244736334179143,-0.6938524776815804,97.43231067154679,29.08882368950318,-16.5,-4.915963137984165,-0.13232562224454963,-0.047664938563373574,0.0,0.0,0.0,0.0,0.0,0.0,-8.749251684921498,-5.933298481686096,100.0,3.8145054892676895,169.32625973096282,21.312550142855656
extra,104,starboard,compliant_30,True,1,3.0,13,target,1.8927236334831863,0,21.52034883017558,2.665075415072889,1.6077592515660313,9.537167600175593,207.48914742979522,-3.1827789949327827,-2.0332264657815178,17.88046159525172,13.64496673209804,-3.25,-2.4467453872682734,-2.215519437197395,-1.5488405946195332,0.0,0.0,0.0,0.0,-2.4711350931102936,-1.378906814189815,-4.953691551747422,-3.3558017322704834,-300.0,-164.14699271722827,-298.1926634817362,-161.26554697925985
extra,104,starboard,wrong_30,True,1,3.0,69,goal,2.543366280730465,0,-21.437296578882467,2.665075415072889,1.6077592515660313,9.537167600175593,207.48914742979522,-56.679303313435824,-10.321031081355617,97.02294357847668,27.360527780225393,-17.25,-4.941858199159086,-4.884128399772192,-2.4263571904556938,0.0,0.0,0.0,0.0,0.0,0.0,-51.77405212541892,-34.140420506472715,100.0,3.2806973148697316,66.43545973984975,-21.188441882347988
extra,104,starboard,compliant_60,True,1,3.0,14,target,1.8114585582328382,0,21.52034883017558,2.665075415072889,1.6077592515660313,9.537167600175593,207.48914742979522,-4.415129742533564,-2.697840496520098,17.851545158191012,13.617930338249149,-3.5,-2.57683051793085,-0.24599337115301978,-0.18870511371367849,0.0,0.0,0.0,0.0,-4.719282394331014,-2.549122823445508,-1.5834547484979928,-1.481092372477966,-300.0,-156.10215679509182,-296.6123150983246,-151.97781778093076
extra,104,starboard,wrong_60,True,1,3.0,91,other,2.7119777919974495,0,-21.437296578882467,2.665075415072889,1.6077592515660313,9.537167600175593,207.48914742979522,-122.1124076741832,-16.543665323304413,103.01234554398188,25.813572596797062,-22.75,-5.048322136061955,-2.2361253396610183,-0.6936082870932095,0.0,0.0,-82.02091468663593,-1.0014459903913193,0.0,0.0,-44.90163949417813,-30.80645612363174,-300.0,-3.258058091963351,-471.00874165067637,-31.537983355648926
extra,105,starboard,stand_on,False,0,,0,target,1.6663426936317371,0,,-281.3350715968078,0.49392574096503383,9.722859969645214,257.242404895081,0.0,0.0,0.0,0.0,0.0,0.0,0.0,0.0,0.0,0.0,0.0,0.0,0.0,0.0,0.0,0.0,0.0,0.0,0.0,0.0
extra,105,starboard,compliant_30,False,0,,0,target,1.6663426936317371,0,,-281.3350715968078,0.49392574096503383,9.722859969645214,257.242404895081,0.0,0.0,0.0,0.0,0.0,0.0,0.0,0.0,0.0,0.0,0.0,0.0,0.0,0.0,0.0,0.0,0.0,0.0,0.0,0.0
extra,105,starboard,wrong_30,False,0,,0,target,1.6663426936317371,0,,-281.3350715968078,0.49392574096503383,9.722859969645214,257.242404895081,0.0,0.0,0.0,0.0,0.0,0.0,0.0,0.0,0.0,0.0,0.0,0.0,0.0,0.0,0.0,0.0,0.0,0.0,0.0,0.0
extra,105,starboard,compliant_60,False,0,,0,target,1.6663426936317371,0,,-281.3350715968078,0.49392574096503383,9.722859969645214,257.242404895081,0.0,0.0,0.0,0.0,0.0,0.0,0.0,0.0,0.0,0.0,0.0,0.0,0.0,0.0,0.0,0.0,0.0,0.0,0.0,0.0
extra,105,starboard,wrong_60,False,0,,0,target,1.6663426936317371,0,,-281.3350715968078,0.49392574096503383,9.722859969645214,257.242404895081,0.0,0.0,0.0,0.0,0.0,0.0,0.0,0.0,0.0,0.0,0.0,0.0,0.0,0.0,0.0,0.0,0.0,0.0,0.0,0.0
extra,106,starboard,stand_on,True,1,3.0,11,target,1.3924719320474908,0,0.0,1.9071397447632135,0.17250038302680376,8.986591085796299,286.2664770810877,-0.19144569647802345,-0.12788415781306053,15.779803166734645,12.543045391096188,-2.75,-2.1661175391763514,0.0,0.0,0.0,0.0,0.0,0.0,-0.783936234817468,-0.4790191105948218,-46.39687371702344,-36.69656163076111,-300.0,-181.50182014126085,-334.3424524815843,-208.42835718851
extra,106,starboard,compliant_30,True,1,3.0,11,target,1.2964442505306162,0,18.15985107679387,1.9071397447632135,0.17250038302680376,8.986591085796299,286.2664770810877,-1.6150864936153664,-1.0548791081269298,15.154347544151447,12.128773401851142,-2.75,-2.1661175391763514,-2.1150740250545965,-1.446707960874889,0.0,0.0,0.0,0.0,-9.907486682196671,-6.311767837377305,-30.65093451328173,-26.536603890535986,-300.0,-181.50182014126085,-331.88423416999694,-206.88912307550117
extra,106,starboard,wrong_30,True,1,3.0,15,target,0.997352373347405,0,-18.15985107679387,1.9071397447632135,0.17250038302680376,8.986591085796299,286.2664770810877,-4.122202466884542,-2.379652484771134,19.78216413568942,14.665925393732861,-3.75,-2.7005401828309017,-2.3867761417239297,-1.5970238747851409,0.0,0.0,0.0,0.0,-0.7665758809788011,-0.3857504686417388,-108.26347679697285,-74.53612162143384,-300.0,-148.451597880062,-399.5068671508707,-215.3847611187919
extra,106,starboard,compliant_60,True,1,3.0,11,target,1.297768578371974,0,18.15985107679387,1.9071397447632135,0.17250038302680376,8.986591085796299,286.2664770810877,-1.651450748544614,-1.07735685897811,15.14060905045668,12.120252961112842,-2.75,-2.1661175391763514,-0.125,-0.125,0.0,0.0,0.0,0.0,-9.732457521965177,-6.205113352165567,-30.650016832354087,-26.53595835000269,-300.0,-181.50182014126085,-329.7683160524072,-205.49111328047073
extra,106,starboard,wrong_60,True,1,3.0,16,target,0.8525165699710155,0,-18.15985107679387,1.9071397447632135,0.17250038302680376,8.986591085796299,286.2664770810877,-6.109561534613098,-3.3612866289412726,21.024611995413537,15.243116510691594,-4.0,-2.818186843227314,-0.6416637949793937,-0.3834493781137781,0.0,0.0,0.0,0.0,-2.0589456145622362,-0.9885441709357286,-108.23716859671282,-74.50870634841536,-300.0,-141.17599247569487,-400.022727545454,-207.99304933463674
extra,107,starboard,stand_on,True,1,3.0,16,target,1.3382079673559957,0,-0.6744199355357239,1.8052999119475435,0.7249530174539178,10.450357974101376,228.51753845381117,-2.2673887247378417,-1.515379006074735,22.61709757527339,16.04467337912284,-4.0,-2.818186843227314,-0.03841452188337858,-0.02560544010782746,0.0,0.0,0.0,0.0,-0.18366161568161302,-0.08642870291180454,-48.56375441641815,-32.18607470134697,-300.0,-141.17599247569487,-332.4361217034476,-161.76299379024067
extra,107,starboard,compliant_30,True,1,3.0,15,target,1.592546260434705,0,19.920830166547887,1.8052999119475435,0.7249530174539178,10.450357974101376,228.51753845381117,-5.25383600916078,-3.2963541752428176,19.55528973898481,14.396870330966557,-3.75,-2.7005401828309017,-2.54267348186666,-1.7038216921343277,0.0,0.0,0.0,0.0,-3.0521670477126834,-1.5446011567498092,-16.144912489273644,-11.87423478443087,-300.0,-148.451597880062,-311.188299289029,-155.17427954048418
extra,107,starboard,wrong_30,True,1,3.0,73,goal,1.6856870600232416,0,-20.447269211984235,1.8052999119475435,0.7249530174539178,10.450357974101376,228.51753845381117,-73.52244794746011,-13.646675014188293,97.48849784548567,26.386156625382867,-18.25,-4.970837725601496,-6.0918220546749815,-2.7623188418202487,0.0,0.0,0.0,0.0,0.0,0.0,-110.60988014592218,-69.81161999391541,100.0,2.683305093988559,-10.985652302571594,-62.12198985615402
extra,107,starboard,compliant_60,True,1,3.0,105,other,0.9692113666518989,0,19.920830166547887,1.8052999119475435,0.7249530174539178,10.450357974101376,228.51753845381117,-181.88116052218652,-20.892458492220545,103.03825736552031,24.187865895296397,-26.25,-5.074935476969799,-2.7378124684131686,-0.8176111465610667,0.0,0.0,-213.56913917245583,-2.092013230204877,-1.8096730645246122,-0.7825544271973103,-9.253776017914305,-8.320313475653771,-300.0,-1.6122130991267511,-632.4633038799741,-15.404233452637722
extra,107,starboard,wrong_60,True,1,3.0,104,other,2.054631912435092,0,-20.447269211984235,1.8052999119475435,0.7249530174539178,10.450357974101376,228.51753845381117,-177.89458516165206,-21.299406401095226,103.0382573655203,24.158049179562223,-26.0,-5.0735919660538595,-2.750923019884423,-0.8246010505147494,0.0,0.0,-169.83934514216952,-1.2639622682662148,0.0,0.0,-108.98009511027642,-68.8320582116192,-300.0,-1.6952996503972688,-682.4266910684621,-74.8308703683843
extra,108,starboard,stand_on,True,1,3.0,12,target,1.1854155584252832,0,0.6214518212461826,1.8947754140028363,0.909238280935962,8.027365062860538,213.403785825662,-0.6417629066605179,-0.47530287206082633,17.39076506024282,13.457691500206984,-3.0,-2.3099562266705833,-0.029858247765070962,-0.02122177390591004,0.0,0.0,0.0,0.0,-5.147119992365779,-3.1455844976045197,-19.924240039190227,-14.300384313145711,-300.0,-172.60642499307843,-311.3522161257388,-179.401183176259
extra,108,starboard,compliant_30,True,1,3.0,69,goal,1.6654150749721934,0,22.373774426708678,1.8947754140028363,0.909238280935962,8.027365062860538,213.403785825662,-51.1113978660296,-10.537251597932126,96.63143076692445,27.26695167470332,-17.25,-4.941858199159086,-3.8620276392880357,-2.084704638242458,0.0,0.0,0.0,0.0,0.0,0.0,-7.269875327229517,-5.658956299539768,100.0,3.2806973148697316,117.1381299343773,7.324878254699614
extra,108,starboard,wrong_30,True,1,3.0,11,target,1.6206154408158584,0,-21.922698027431352,1.8947754140028363,0.909238280935962,8.027365062860538,213.403785825662,-2.2101298751247405,-1.5217934356853278,15.113689283077475,12.06762965168066,-2.75,-2.1661175391763514,-2.170790615844127,-1.523434087758297,0.0,0.0,0.0,0.0,-0.3686930518819964,-0.2230615333000622,-50.8014222371783,-36.94376041608006,-300.0,-181.50182014126085,-343.1873464969517,-211.8123575015803
extra,108,starboard,compliant_60,True,1,3.0,74,goal,1.7153872762298161,0,22.375948845325382,1.8947754140028363,0.909238280935962,8.027365062860538,213.403785825662,-92.61596579155169,-16.639957125506353,99.19042030579135,25.968400418350804,-18.5,-4.9772172167145685,-2.2551141370922783,-0.7222078630646553,0.0,0.0,0.0,0.0,0.0,0.0,-4.356121101551881,-4.035570141378561,100.0,2.5517964452291038,81.4632192755955,2.1452445169157697
extra,108,starboard,wrong_60,True,1,3.0,11,target,1.7183680547420332,0,-21.922698027431352,1.8947754140028363,0.909238280935962,8.027365062860538,213.403785825662,-2.2929068780059545,-1.5731848962506532,14.835363306778012,11.898653297596644,-2.75,-2.1661175391763514,-0.125,-0.125,0.0,0.0,0.0,0.0,-0.06687577877509014,-0.0404602519034772,-50.02483806674551,-36.467408775977454,-300.0,-181.50182014126085,-340.42425741674856,-209.97533830697213
extra,109,starboard,stand_on,True,1,4.0,66,goal,2.3058988474541504,0,0.6092182314812931,3.7492842749648183,2.17334827654507,11.225629128466123,286.7212353179809,-7.004311318325026,-1.8071274200910874,95.18430477321162,28.495934397045485,-16.5,-4.915963137984165,-0.12313828477910302,-0.04445215756335637,0.0,0.0,0.0,0.0,-0.1641956744266561,-0.08732434219845887,-1.4698765908990903,-0.9446165660031222,100.0,3.8145054892676895,169.92278290478174,24.51095626247298
extra,109,starboard,compliant_30,True,1,4.0,69,goal,3.179746357172179,0,21.60296564191836,3.7492842749648183,2.17334827654507,11.225629128466123,286.7212353179809,-46.66131337891804,-9.630060466607356,95.32174097257352,26.911917532799734,-17.25,-4.941858199159086,-4.016136295445801,-2.164933184235889,0.0,0.0,0.0,0.0,0.0,0.0,-3.477083085884714,-1.9149485552266445,100.0,3.2806973148697316,123.91720821232497,11.540814442440494
extra,109,starboard,wrong_30,True,1,4.0,23,target,1.7083262932479624,0,-21.16200447252868,3.7492842749648183,2.17334827654507,11.225629128466123,286.7212353179809,-11.227958539037019,-5.455778224078948,29.448466035614594,18.494429754019308,-5.75,-3.4951618264300532,-4.21595547862603,-2.4360654775711676,0.0,0.0,0.0,0.0,-10.798698618951017,-3.93873611766378,-56.23652937756974,-33.88322204877849,-300.0,-99.30992649630404,-358.7806759785692,-130.02446043680717
extra,109,starboard,compliant_60,True,1,4.0,78,goal,3.2777587854784516,0,21.60296564191836,3.7492842749648183,2.17334827654507,11.225629128466123,286.7212353179809,-101.52589234893989,-16.473982827275304,101.55850629012066,25.537378306609412,-19.5,-4.999758111366748,-2.3009221586820363,-0.7363773591818551,0.0,0.0,0.0,0.0,0.0,0.0,-0.15552502717493005,-0.15552502717493005,100.0,2.087132015888835,78.07616675532381,5.2588669974994104
extra,109,starboard,wrong_60,True,1,4.0,29,other,1.6325579472967702,0,-21.16200447252868,3.7492842749648183,2.17334827654507,11.225629128466123,286.7212353179809,-29.59995409655571,-11.373256883562,31.698543156720184,18.64361542118687,-7.25,-3.9131622021993913,-0.7119724211988903,-0.4005357127151542,0.0,0.0,-19.046539234495434,-4.714905173136152,-0.14012795925651647,-0.034550005854989026,-102.20253439838815,-48.604246517194156,-300.0,-73.45958971047875,-427.2525849531745,-123.85663078395373
extra,110,starboard,stand_on,False,0,,0,goal,2.3851173936360888,0,,182.90952202331243,2.3890794887548514,8.499421707719748,201.1985101706489,0.0,0.0,0.0,0.0,0.0,0.0,0.0,0.0,0.0,0.0,0.0,0.0,0.0,0.0,0.0,0.0,0.0,0.0,0.0,0.0
extra,110,starboard,compliant_30,False,0,,0,goal,2.3851173936360888,0,,182.90952202331243,2.3890794887548514,8.499421707719748,201.1985101706489,0.0,0.0,0.0,0.0,0.0,0.0,0.0,0.0,0.0,0.0,0.0,0.0,0.0,0.0,0.0,0.0,0.0,0.0,0.0,0.0
extra,110,starboard,wrong_30,False,0,,0,goal,2.3851173936360888,0,,182.90952202331243,2.3890794887548514,8.499421707719748,201.1985101706489,0.0,0.0,0.0,0.0,0.0,0.0,0.0,0.0,0.0,0.0,0.0,0.0,0.0,0.0,0.0,0.0,0.0,0.0,0.0,0.0
extra,110,starboard,compliant_60,False,0,,0,goal,2.3851173936360888,0,,182.90952202331243,2.3890794887548514,8.499421707719748,201.1985101706489,0.0,0.0,0.0,0.0,0.0,0.0,0.0,0.0,0.0,0.0,0.0,0.0,0.0,0.0,0.0,0.0,0.0,0.0,0.0,0.0
extra,110,starboard,wrong_60,False,0,,0,goal,2.3851173936360888,0,,182.90952202331243,2.3890794887548514,8.499421707719748,201.1985101706489,0.0,0.0,0.0,0.0,0.0,0.0,0.0,0.0,0.0,0.0,0.0,0.0,0.0,0.0,0.0,0.0,0.0,0.0,0.0,0.0
extra,111,starboard,stand_on,True,1,3.0,14,target,1.6925197720691207,0,0.6280444046895184,2.603841737122636,1.6340062523999397,8.721686080894992,288.93452081415114,-0.1287345185188311,-0.090622627908721,19.64593522570283,14.722769466369503,-3.5,-2.57683051793085,-0.03842445646688293,-0.025800106639106778,0.0,0.0,0.0,0.0,-5.675675654326994,-3.466720566993216,-12.664844845365709,-10.086757069161285,-300.0,-156.10215679509182,-302.3617442489756,-157.6261182173555
extra,111,starboard,compliant_30,True,1,3.0,69,goal,2.2469354548122107,0,22.545110300692755,2.603841737122636,1.6340062523999397,8.721686080894992,288.93452081415114,-61.87319869759328,-11.496291713126137,98.00648032451025,27.519005477660855,-17.25,-4.941858199159086,-4.18134466314231,-2.18937499891774,0.0,0.0,0.0,0.0,-0.013239206274185896,-0.010297737421552983,-7.324955978111917,-5.412178003762346,100.0,3.2806973148697316,107.36374177938856,6.749702140143725
extra,111,starboard,wrong_30,True,1,3.0,16,target,1.4664712148244008,0,-22.066697016626676,2.603841737122636,1.6340062523999397,8.721686080894992,288.93452081415114,-4.19978909501917,-2.4634306313761245,20.71833888483496,15.086437314532871,-4.0,-2.818186843227314,-2.845791098456852,-1.8852395177947072,0.0,0.0,0.0,0.0,-7.387933533328972,-3.6214310751169654,-46.436562454835254,-33.9507695674272,-300.0,-141.17599247569487,-344.15173729680527,-170.82861279610432
extra,111,starboard,compliant_60,True,1,3.0,62,other,2.2612275642267563,0,22.546774697413866,2.603841737122636,1.6340062523999397,8.721686080894992,288.93452081415114,-90.1957013507838,-18.059779486798664,82.13679545986774,25.44735780668385,-15.5,-4.874766718337886,-1.964919467993166,-0.7925178998874863,0.0,0.0,-87.04443726539782,-4.8473240094588945,-0.013239206274185896,-0.010297737421552983,-3.70179260838448,-3.5387535717565664,-300.0,-13.991220689997744,-416.28329443896575,-20.667302306974946
extra,111,starboard,wrong_60,True,1,3.0,20,target,1.2530184919942924,0,-22.066697016626676,2.603841737122636,1.6340062523999397,8.721686080894992,288.93452081415114,-10.701185968657258,-5.33390056430663,24.10754706444362,16.453163276875095,-5.0,-3.2338721904083823,-0.7109888309340349,-0.41774686262576927,0.0,0.0,0.0,0.0,-4.664898204790823,-1.9012523682204745,-102.54190739531744,-59.332866354294325,-300.0,-115.46882366804526,-399.5114333352559,-169.23529873102575
extra,112,starboard,stand_on,True,1,3.0,65,goal,2.3493705228996453,0,0.0,2.4662266164352604,2.3191918273354952,8.042550877853097,285.2395991250809,-2.643199095750012,-0.6709868666864311,96.41967154170148,29.17376451028766,-16.25,-4.906426874260996,0.0,0.0,0.0,0.0,0.0,0.0,-0.5482744991166107,-0.3508883799474391,-14.316209408189879,-12.33854987107289,100.0,4.011088748687537,162.66198853864498,14.91800126700744
extra,112,starboard,compliant_30,True,1,3.0,69,goal,2.795245038367373,0,21.22668997631581,2.4662266164352604,2.3191918273354952,8.042550877853097,285.2395991250809,-37.6051616031286,-9.727118001617011,96.78042350790436,27.145388778065872,-17.25,-4.941858199159086,-4.147147099510413,-2.2604653179651697,0.0,0.0,0.0,0.0,0.0,0.0,-9.313860480188598,-8.87408351748664,100.0,3.2806973148697316,128.46425432507675,4.622561056707696
extra,112,starboard,wrong_30,True,1,3.0,69,goal,2.196890915784362,0,-21.22668997631581,2.4662266164352604,2.3191918273354952,8.042550877853097,285.2395991250809,-45.40170892220159,-10.693874429403497,96.97080668496723,27.22098058619643,-17.25,-4.941858199159086,-4.290015371995729,-2.2784573468820133,0.0,0.0,0.0,0.0,-2.3816991190854684,-1.1694218459446948,-67.97586114620694,-47.70959931024898,100.0,3.2806973148697316,59.6715221254775,-36.291533230572114
extra,112,starboard,compliant_60,True,1,3.0,72,goal,2.805564011937637,0,21.22668997631581,2.4662266164352604,2.3191918273354952,8.042550877853097,285.2395991250809,-67.05664315474071,-14.946003649748189,96.98571345753763,25.938127731744853,-18.0,-4.9641294628665245,-2.303715350664706,-0.7613697923037084,0.0,0.0,0.0,0.0,0.0,0.0,-8.680640395986368,-8.509757334260097,100.0,2.8215911347029534,100.94471455614584,-0.42154137273071246
extra,112,starboard,wrong_60,True,1,3.0,113,other,2.2939109531498416,0,-21.22668997631581,2.4662266164352604,2.3191918273354952,8.042550877853097,285.2395991250809,-184.75895882246425,-21.151720977820577,102.98866245297049,24.93639203433999,-28.25,-5.083565221889723,-2.615858648266908,-0.8117020849222698,0.0,0.0,-36.22368657230535,-0.14153839424470424,-1.9940551640871118,-0.7318989474257382,-79.31076996156267,-53.02186618744075,-300.0,-1.0785250321118964,-530.1646667157158,-57.084424811515674
extra,113,starboard,stand_on,True,1,4.0,66,goal,2.154071020273395,0,-0.6953253112025095,4.163060174501366,2.1290041352460705,8.536851635277579,243.64053989896132,-5.019574872063356,-1.3255522799685004,95.82826122255376,28.637350299341335,-16.5,-4.915963137984165,-0.12764738527474803,-0.04484126357661757,0.0,0.0,0.0,0.0,0.0,0.0,-8.790614383989837,-5.900392093772458,100.0,3.8145054892676895,165.39042458122583,20.26510701330728
extra,113,starboard,compliant_30,True,1,4.0,71,goal,2.8418208628976327,0,21.814210412679927,4.163060174501366,2.1290041352460705,8.536851635277579,243.64053989896132,-36.32680608053146,-9.535301167321068,95.59348415168657,26.040498311492872,-17.75,-4.957075485029767,-4.44800758710895,-2.3140333239912043,0.0,0.0,0.0,0.0,0.0,0.0,-0.28809164255131897,-0.2605449174832566,100.0,2.9670038450977003,136.78057884149484,11.940547262765275
extra,113,starboard,wrong_30,True,1,4.0,16,target,1.618930005690167,0,-22.41533497382693,4.163060174501366,2.1290041352460705,8.536851635277579,243.64053989896132,-6.596241752074097,-3.9360514659787214,20.42883936676966,14.786121645079868,-4.0,-2.818186843227314,-3.1899465945111576,-2.0787331989415145,0.0,0.0,0.0,0.0,-5.214267288364402,-2.7662465396814353,-36.044671816275816,-25.087546100679617,-300.0,-141.17599247569487,-334.6162880844558,-163.0766349791236
extra,113,starboard,compliant_60,True,1,4.0,72,goal,2.855466733864387,0,21.814210412679927,4.163060174501366,2.1290041352460705,8.536851635277579,243.64053989896132,-48.47844686304047,-11.720317849817764,95.11475434312844,25.45543813900161,-18.0,-4.9641294628665245,-3.0596058650227356,-1.2253057870491988,0.0,0.0,0.0,0.0,0.0,0.0,-0.28809164255131897,-0.2605449174832566,100.0,2.8215911347029534,125.28860997251391,10.106731256487821
extra,113,starboard,wrong_60,True,1,4.0,17,target,1.5967643859473721,0,-22.416038747571974,4.163060174501366,2.1290041352460705,8.536851635277579,243.64053989896132,-9.993368017892761,-5.599880515281516,19.527993188955175,14.307339573078902,-4.25,-2.9300676466682667,-1.7384122611908381,-0.9870532446226534,0.0,0.0,0.0,0.0,-10.34694154347908,-4.972257083259982,-35.60425137388203,-24.82472585944762,-300.0,-134.25696412914309,-342.40498000748954,-159.26360890534423
extra,114,starboard,stand_on,True,1,3.0,14,target,1.1829411585181522,0,0.0,2.015032801894251,1.1695071458851267,8.187610352990378,227.08687775681886,0.0,0.0,21.0,15.4609831075851,-3.5,-2.57683051793085,0.0,0.0,0.0,0.0,0.0,0.0,-0.12685480061781304,-0.06720158162177979,-32.52149257589125,-24.33889744524158,-300.0,-156.10215679509182,-315.14834737650904,-167.6241032323009
extra,114,starboard,compliant_30,True,1,3.0,10,target,1.8224649031312008,0,21.723709716769918,2.015032801894251,1.1695071458851267,8.187610352990378,227.08687775681886,-1.3197287833899747,-0.8978015134739389,13.667949790879806,11.219840144852963,-2.5,-2.0148660223919674,-2.0277520625866505,-1.4372849301786792,0.0,0.0,0.0,0.0,-2.977100596658012,-1.9454161681432796,-9.528643348624128,-8.585422123502433,-300.0,-190.85564581916123,-304.68527500037897,-194.51659643199855
extra,114,starboard,wrong_30,True,1,3.0,67,goal,1.8571362457510203,0,-21.723709716769918,2.015032801894251,1.1695071458851267,8.187610352990378,227.08687775681886,-49.84995020860365,-11.520395667239853,96.9202335174826,27.953196059884508,-16.75,-4.925032029898121,-3.951348177926942,-2.1315767858784094,0.0,0.0,0.0,0.0,0.0,0.0,-60.49484820628711,-44.99350164912527,100.0,3.6275567655825034,65.8740869246649,-31.989753306674643
extra,114,starboard,compliant_60,True,1,3.0,10,target,1.8223242333086154,0,21.723709716769918,2.015032801894251,1.1695071458851267,8.187610352990378,227.08687775681886,-1.336012962454182,-0.9083425744894917,13.663114495195906,11.216693423225363,-2.5,-2.0148660223919674,-0.125,-0.125,0.0,0.0,0.0,0.0,-3.0514146949255254,-1.9934858219407205,-9.51163724845351,-8.574045522764882,-300.0,-190.85564581916123,-302.8609504106373,-193.25469233752293
extra,114,starboard,wrong_60,True,1,3.0,72,goal,1.8967239698932084,0,-21.723709716769918,2.015032801894251,1.1695071458851267,8.187610352990378,227.08687775681886,-98.71302160899924,-18.876992249332332,99.87095403855945,26.72504414916596,-18.0,-4.9641294628665245,-2.275380821678646,-0.718353452694176,0.0,0.0,0.0,0.0,0.0,0.0,-60.497790692489446,-44.995023979615794,100.0,2.8215911347029534,20.38476091539212,-40.00786386063991
extra,115,starboard,stand_on,True,1,13.0,55,goal,2.393632437959053,0,0.0,15.428830683785304,2.393641913542816,8.136346181130802,201.6319729058307,-2.6994480710089235,-0.8982772465705142,81.35681334639665,28.300155206940442,-13.75,-4.7793914952784915,0.0,0.0,0.0,0.0,0.0,0.0,0.0,0.0,-0.09573862903947078,-0.09573862903947078,100.0,6.629832272038515,164.81162664634826,29.15658010809048
extra,115,starboard,compliant_30,True,1,13.0,56,goal,2.390392277451256,0,19.506297950310483,15.428830683785304,2.393641913542816,8.136346181130802,201.6319729058307,-10.54403920172053,-3.4051153019266027,81.77156698990196,27.868420948725074,-14.0,-4.795153756586528,-1.4468938102717344,-0.9906399027397784,0.0,0.0,0.0,0.0,0.0,0.0,-0.09573862903947078,-0.09573862903947078,100.0,6.304904523214537,155.6848953488702,24.88667788164723
extra,115,starboard,wrong_30,True,1,13.0,56,goal,2.396858574691981,0,-19.506297950310454,15.428830683785304,2.393641913542816,8.136346181130802,201.6319729058307,-10.54403920172053,-3.4051153019266027,81.77156698990196,27.868420948725074,-14.0,-4.795153756586528,-1.4468938102717344,-0.9906399027397784,0.0,0.0,0.0,0.0,0.0,0.0,-0.6894834096102156,-0.632710765717688,100.0,6.304904523214537,155.09115056829947,24.349705744969015
extra,115,starboard,compliant_60,True,1,13.0,56,goal,2.390392277451256,0,19.506297950310483,15.428830683785304,2.393641913542816,8.136346181130802,201.6319729058307,-10.54403920172053,-3.4051153019266027,81.77156698990196,27.868420948725074,-14.0,-4.795153756586528,-1.4468938102717344,-0.9906399027397784,0.0,0.0,0.0,0.0,0.0,0.0,-0.09573862903947078,-0.09573862903947078,100.0,6.304904523214537,155.6848953488702,24.88667788164723
extra,115,starboard,wrong_60,True,1,13.0,56,goal,2.396858574691981,0,-19.506297950310454,15.428830683785304,2.393641913542816,8.136346181130802,201.6319729058307,-10.54403920172053,-3.4051153019266027,81.77156698990196,27.868420948725074,-14.0,-4.795153756586528,-1.4468938102717344,-0.9906399027397784,0.0,0.0,0.0,0.0,0.0,0.0,-0.6894834096102156,-0.632710765717688,100.0,6.304904523214537,155.09115056829947,24.349705744969015
extra,116,starboard,stand_on,True,1,3.0,15,target,1.3221511378245903,0,0.0,3.4531802948615824,0.7393834170949398,9.935225109622838,227.340866109127,-0.9694218720728334,-0.6636382317024654,21.49913172705799,15.63258682860058,-3.75,-2.7005401828309017,0.0,0.0,0.0,0.0,0.0,0.0,-0.18151309692568723,-0.08995693315404006,-32.72272880964282,-22.532795269546916,-300.0,-148.451597880062,-316.12453205158334,-158.80594166869574
extra,116,starboard,compliant_30,True,1,3.0,15,target,1.406865133873157,0,21.714400574753995,3.4531802948615824,0.7393834170949398,9.935225109622838,227.340866109127,-5.910516784891136,-3.596992891731759,18.701253514528045,14.009906922419137,-3.75,-2.7005401828309017,-2.956832077033674,-1.971479740404148,0.0,0.0,0.0,0.0,-3.9225136624737282,-2.0111456696247476,-13.326572800358688,-9.13114769518858,-300.0,-148.451597880062,-311.16518181022917,-153.852997137423
extra,116,starboard,wrong_30,True,1,3.0,71,goal,1.6723612908897274,0,-21.714400574753995,3.4531802948615824,0.7393834170949398,9.935225109622838,227.340866109127,-71.19932381383545,-13.531040242967963,96.77591611890449,26.509016867567862,-17.75,-4.957075485029767,-6.503032000647394,-3.1627885499674795,0.0,0.0,0.0,0.0,0.0,0.0,-83.671857718526,-54.05929099176737,100.0,2.9670038450977003,17.65170258589565,-46.234174557067014
extra,116,starboard,compliant_60,True,1,3.0,34,other,0.8956975160533364,0,21.714400574753995,3.4531802948615824,0.7393834170949398,9.935225109622838,227.340866109127,-42.99923298581812,-14.976298095501837,35.777800801811225,19.200654871952537,-8.5,-4.177075497950919,-3.129811169788655,-1.38089345722195,0.0,0.0,-75.52883239341539,-16.699727846375076,-3.0061158655351847,-1.337651905104758,-7.9324470868944745,-6.382593411117206,-300.0,-57.13843792950813,-405.3186386996406,-82.89202327082734
extra,116,starboard,wrong_60,True,1,3.0,117,other,1.9478421311241072,0,-21.714400574753995,3.4531802948615824,0.7393834170949398,9.935225109622838,227.340866109127,-218.40118092306324,-22.611963322243163,103.00055834191824,23.60376233611636,-29.25,-5.086740882599132,-4.297513325955645,-1.4748707901847629,0.0,0.0,-194.6738841736076,-0.7879441713787895,0.0,0.0,-90.32931345625937,-56.74130140547885,-300.0,-0.8821331061365961,-733.9513335369676,-63.98119134190494
extra,117,starboard,stand_on,True,1,4.0,15,target,1.4326544229208091,0,-0.4704655571156309,4.177795748538995,1.4438782850493266,9.156638966311657,238.8689081433311,-0.054280709377987235,-0.037537589613058385,21.132564315136356,15.487317499123876,-3.75,-2.7005401828309017,-0.039485874158047614,-0.027200967382533425,0.0,0.0,0.0,0.0,-2.495370693681018,-1.4604453629397312,-14.399746013418762,-10.748879280050263,-300.0,-148.451597880062,-299.60631897549945,-147.9388837637546
extra,117,starboard,compliant_30,True,1,4.0,67,goal,2.227027535568779,0,21.01465958855232,4.177795748538995,1.4438782850493266,9.156638966311657,238.8689081433311,-24.12144678781803,-6.556899348805613,95.58441422753351,27.588211075858496,-16.75,-4.925032029898121,-4.079620123616968,-2.264333023702778,0.0,0.0,0.0,0.0,0.0,0.0,-2.3358270142139537,-2.2302231884365895,100.0,3.6275567655825034,148.29752030188456,15.239280250597897
extra,117,starboard,wrong_30,True,1,4.0,14,target,1.315240502655046,0,-21.164760140539272,4.177795748538995,1.4438782850493266,9.156638966311657,238.8689081433311,-3.081075810310411,-1.8884962753149854,18.975893352141604,14.230800232037776,-3.5,-2.57683051793085,-2.3797434237224344,-1.6405216923563875,0.0,0.0,0.0,0.0,-4.088469737580656,-2.152081035464495,-64.2459294039592,-43.05256108185669,-300.0,-156.10215679509182,-358.3193250234311,-193.18184716597744
extra,117,starboard,compliant_60,True,1,4.0,68,goal,2.2802672749396984,0,21.01465958855232,4.177795748538995,1.4438782850493266,9.156638966311657,238.8689081433311,-36.92780131693979,-9.144247837805109,95.28401470575473,27.01034455066737,-17.0,-4.933656455871912,-2.370191833044868,-0.9492541878288395,0.0,0.0,0.0,0.0,0.0,0.0,-2.3358270142139537,-2.2302231884365895,100.0,3.449770389516387,136.65019454155612,13.202733270241303
extra,117,starboard,wrong_60,True,1,4.0,14,target,1.3724600193014187,0,-21.164760140539272,4.177795748538995,1.4438782850493266,9.156638966311657,238.8689081433311,-3.7898479952991693,-2.2787678449905795,18.596215233247154,14.02201656257292,-3.5,-2.57683051793085,-0.674762083290716,-0.41239791573687057,0.0,0.0,0.0,0.0,-1.0503122583872058,-0.5486767952647309,-48.52177175717667,-34.64195519576949,-300.0,-156.10215679509182,-338.94047886090664,-182.5387685022114
extra,118,starboard,stand_on,True,1,3.0,11,target,1.4320060355711823,0,0.0,0.2972792999066649,0.13426901923148632,9.166793242959411,285.8352197257131,-0.13003197417913337,-0.09600700188991318,15.859044068112965,12.603659755098223,-2.75,-2.1661175391763514,0.0,0.0,0.0,0.0,0.0,0.0,-0.14613643359491105,-0.08841841408432947,-39.89963979124259,-31.652496556872347,-300.0,-181.50182014126085,-327.06676413090366,-202.90119989818555
extra,118,starboard,compliant_30,True,1,3.0,11,target,1.3545849953165556,0,21.75899237359542,0.2972792999066649,0.13426901923148632,9.166793242959411,285.8352197257131,-1.9711475972331987,-1.3076915548800732,14.74456189391932,11.871890360554797,-2.75,-2.1661175391763514,-2.100729701955026,-1.4796998503886016,0.0,0.0,0.0,0.0,-10.350598958753752,-6.582359309904427,-21.18288866726442,-18.619426634939018,-300.0,-181.50182014126085,-323.6108030312871,-199.78522466999453
extra,118,starboard,wrong_30,True,1,3.0,15,target,1.0848685465786392,0,-21.758992373595447,0.2972792999066649,0.13426901923148632,9.166793242959411,285.8352197257131,-4.130571287165085,-2.429214464844997,20.532419559620863,15.014540604730874,-3.75,-2.7005401828309017,-2.529834899070896,-1.6978006956954432,0.0,0.0,0.0,0.0,-0.22049666374783122,-0.10911027353529427,-108.22418448668245,-75.0286447530648,-300.0,-148.451597880062,-398.3226677770454,-215.40236764530255
extra,118,starboard,compliant_60,True,1,3.0,11,target,1.3567552134927656,0,21.759439000423583,0.2972792999066649,0.13426901923148632,9.166793242959411,285.8352197257131,-2.0589329578016873,-1.3623411679634394,14.716456496789005,11.854255939712678,-2.75,-2.1661175391763514,-0.125,-0.125,0.0,0.0,0.0,0.0,-10.195976684815731,-6.489130789272064,-21.177632059682093,-18.615728886451713,-300.0,-181.50182014126085,-321.5910852055105,-198.40588258441176
extra,118,starboard,wrong_60,True,1,3.0,17,target,1.0445083507211315,0,-21.759439000423527,0.2972792999066649,0.13426901923148632,9.166793242959411,285.8352197257131,-7.609230722527549,-4.110794455775351,21.845712265328892,15.568810635721434,-4.25,-2.9300676466682667,-0.4273507038967068,-0.27170835718739955,0.0,0.0,0.0,0.0,-0.8813244567009043,-0.40103644538662553,-121.8851137739922,-80.94038899137125,-300.0,-134.25696412914309,-413.2073073917885,-207.34214938981054
extra,119,starboard,stand_on,True,1,5.0,63,goal,1.9743322222186173,0,0.4836648683681233,5.913326624846374,1.9542189372524135,11.227467070348728,284.81787159840417,-0.18969972000292656,-0.048966797950462194,94.44915869411483,29.300627971571267,-15.75,-4.885854644723005,-0.13799117298142338,-0.05120020065564524,0.0,0.0,0.0,0.0,-1.8229106194830078,-0.971491686686587,-10.363078662801113,-7.168901401337004,100.0,4.435170554047622,166.18547851884637,20.609383794266186
extra,119,starboard,compliant_30,True,1,5.0,66,goal,2.80020273998587,0,20.858001984819907,5.913326624846374,1.9542189372524135,11.227467070348728,284.81787159840417,-36.74902838954977,-8.126474468833866,94.29254431833995,27.60097404434672,-16.5,-4.915963137984165,-4.443801962717939,-2.3017073740274365,0.0,0.0,0.0,0.0,0.0,0.0,-4.4721881988721455,-2.9764192940225875,100.0,3.8145054892676895,132.1275257672001,13.094915258746356
extra,119,starboard,wrong_30,True,1,5.0,20,target,1.5674665713839047,0,-20.463019380799665,5.913326624846374,1.9542189372524135,11.227467070348728,284.81787159840417,-9.281838581790522,-4.655861340744307,27.13465840480141,17.88394702647748,-5.0,-3.2338721904083823,-4.215024186752563,-2.454586385595565,0.0,0.0,0.0,0.0,-8.394231090999142,-3.4080344372696674,-59.300296679039086,-37.53094066226167,-300.0,-115.46882366804526,-359.0567321337799,-148.86817165784737
extra,119,starboard,compliant_60,True,1,5.0,90,other,2.878265852189633,0,20.858001984819907,5.913326624846374,1.9542189372524135,11.227467070348728,284.81787159840417,-111.5544843025551,-15.977293545982763,99.99180474860661,25.90928875411344,-22.5,-5.045607087651986,-2.7602590127895303,-0.8589457970338127,0.0,0.0,-105.12215201106173,-1.4067347697305284,0.0,0.0,-1.466576532139488,-1.3688116006191349,-300.0,-3.4259644381199856,-443.41166710993923,-2.1740684850247693
extra,119,starboard,wrong_60,True,1,5.0,23,other,1.730109893778232,0,-20.463019380799665,5.913326624846374,1.9542189372524135,11.227467070348728,284.81787159840417,-19.497382162025943,-8.6438534183906,26.818558927343574,17.5192414804346,-5.75,-3.4951618264300532,-0.7591670262561934,-0.43853375278533024,0.0,0.0,-26.173687349785197,-8.87899403010368,0.0,0.0,-87.74871416477157,-47.920303643173085,-300.0,-99.30992649630404,-413.1103917754953,-151.1675316867522
extra,120,starboard,stand_on,False,0,,0,target,1.638100743736004,0,,-284.9826960463146,1.545365579250228,9.190933740990749,285.059406799448,0.0,0.0,0.0,0.0,0.0,0.0,0.0,0.0,0.0,0.0,0.0,0.0,0.0,0.0,0.0,0.0,0.0,0.0,0.0,0.0
extra,120,starboard,compliant_30,False,0,,0,target,1.638100743736004,0,,-284.9826960463146,1.545365579250228,9.190933740990749,285.059406799448,0.0,0.0,0.0,0.0,0.0,0.0,0.0,0.0,0.0,0.0,0.0,0.0,0.0,0.0,0.0,0.0,0.0,0.0,0.0,0.0
extra,120,starboard,wrong_30,False,0,,0,target,1.638100743736004,0,,-284.9826960463146,1.545365579250228,9.190933740990749,285.059406799448,0.0,0.0,0.0,0.0,0.0,0.0,0.0,0.0,0.0,0.0,0.0,0.0,0.0,0.0,0.0,0.0,0.0,0.0,0.0,0.0
extra,120,starboard,compliant_60,False,0,,0,target,1.638100743736004,0,,-284.9826960463146,1.545365579250228,9.190933740990749,285.059406799448,0.0,0.0,0.0,0.0,0.0,0.0,0.0,0.0,0.0,0.0,0.0,0.0,0.0,0.0,0.0,0.0,0.0,0.0,0.0,0.0
extra,120,starboard,wrong_60,False,0,,0,target,1.638100743736004,0,,-284.9826960463146,1.545365579250228,9.190933740990749,285.059406799448,0.0,0.0,0.0,0.0,0.0,0.0,0.0,0.0,0.0,0.0,0.0,0.0,0.0,0.0,0.0,0.0,0.0,0.0,0.0,0.0
extra,121,starboard,stand_on,False,0,,0,goal,1.930710930330899,0,,179.29627374014552,1.8760664853938898,10.96196018931976,252.47463988482892,0.0,0.0,0.0,0.0,0.0,0.0,0.0,0.0,0.0,0.0,0.0,0.0,0.0,0.0,0.0,0.0,0.0,0.0,0.0,0.0
extra,121,starboard,compliant_30,False,0,,0,goal,1.930710930330899,0,,179.29627374014552,1.8760664853938898,10.96196018931976,252.47463988482892,0.0,0.0,0.0,0.0,0.0,0.0,0.0,0.0,0.0,0.0,0.0,0.0,0.0,0.0,0.0,0.0,0.0,0.0,0.0,0.0
extra,121,starboard,wrong_30,False,0,,0,goal,1.930710930330899,0,,179.29627374014552,1.8760664853938898,10.96196018931976,252.47463988482892,0.0,0.0,0.0,0.0,0.0,0.0,0.0,0.0,0.0,0.0,0.0,0.0,0.0,0.0,0.0,0.0,0.0,0.0,0.0,0.0
extra,121,starboard,compliant_60,False,0,,0,goal,1.930710930330899,0,,179.29627374014552,1.8760664853938898,10.96196018931976,252.47463988482892,0.0,0.0,0.0,0.0,0.0,0.0,0.0,0.0,0.0,0.0,0.0,0.0,0.0,0.0,0.0,0.0,0.0,0.0,0.0,0.0
extra,121,starboard,wrong_60,False,0,,0,goal,1.930710930330899,0,,179.29627374014552,1.8760664853938898,10.96196018931976,252.47463988482892,0.0,0.0,0.0,0.0,0.0,0.0,0.0,0.0,0.0,0.0,0.0,0.0,0.0,0.0,0.0,0.0,0.0,0.0,0.0,0.0
extra,122,starboard,stand_on,True,1,3.0,15,target,0.8648751546162332,0,-0.6563474766147124,1.624415411792988,0.8300072664900269,8.95139575985203,207.25450169589644,-0.18369061080994398,-0.12571225555928028,21.73383656811956,15.78852249614072,-3.75,-2.7005401828309017,-0.039191435025443734,-0.02616450914124163,0.0,0.0,0.0,0.0,-2.084089610761045,-1.0583425574364975,-41.48149197571169,-28.885185712432104,-300.0,-148.451597880062,-325.80462706418854,-165.4590206013213
extra,122,starboard,compliant_30,True,1,3.0,12,target,1.877221193514226,0,20.66228476272562,1.624415411792988,0.8300072664900269,8.95139575985203,207.25450169589644,-2.7938192578673933,-1.8167632568877061,16.0365117595264,12.615362097998013,-3.0,-2.3099562266705833,-2.5744737880036337,-1.7640983326745603,0.0,0.0,0.0,0.0,-1.2757586889875268,-0.7457913515576524,-9.19729918126659,-8.38274122671919,-300.0,-172.60642499307843,-302.80483915659875,-175.0104132895901
extra,122,starboard,wrong_30,True,1,3.0,69,goal,1.7087858731192966,0,-21.20237415468347,1.624415411792988,0.8300072664900269,8.95139575985203,207.25450169589644,-61.90323346647611,-11.819119804667986,96.64230943075339,27.0532401204398,-17.25,-4.941858199159086,-4.695789890618332,-2.4483584001147247,0.0,0.0,0.0,0.0,0.0,0.0,-80.00350755935793,-54.749067200112655,100.0,3.2806973148697316,32.78977851430102,-43.624466168744924
extra,122,starboard,compliant_60,True,1,3.0,12,target,1.790763454796231,0,20.66228476272562,1.624415411792988,0.8300072664900269,8.95139575985203,207.25450169589644,-3.0504704568533456,-1.9691168520272628,16.159773270080258,12.684198501215624,-3.0,-2.3099562266705833,-0.15623539856804314,-0.14297143493354617,0.0,0.0,0.0,0.0,-0.7216336357155595,-0.4203834192406744,-9.19729918126659,-8.38274122671919,-300.0,-172.60642499307843,-299.9658654023233,-173.14739565145408
extra,122,starboard,wrong_60,True,1,3.0,60,other,1.8170054911501317,0,-21.20237415468347,1.624415411792988,0.8300072664900269,8.95139575985203,207.25450169589644,-93.56599321621282,-19.40434013920802,73.10905039208907,23.677671865531444,-15.0,-4.8508471442450665,-2.8957854247894708,-1.1651934627176008,0.0,0.0,-95.76429773627692,-6.062927901812726,0.0,0.0,-75.51968942136533,-52.369057994963086,-300.0,-15.470475451275988,-509.6367154065555,-75.64517022869104
extra,123,starboard,stand_on,False,0,,0,goal,1.5183486832082729,0,,177.02527881093525,1.4925154421534583,9.244361233763458,226.35863566926764,0.0,0.0,0.0,0.0,0.0,0.0,0.0,0.0,0.0,0.0,0.0,0.0,0.0,0.0,0.0,0.0,0.0,0.0,0.0,0.0
extra,123,starboard,compliant_30,False,0,,0,goal,1.5183486832082729,0,,177.02527881093525,1.4925154421534583,9.244361233763458,226.35863566926764,0.0,0.0,0.0,0.0,0.0,0.0,0.0,0.0,0.0,0.0,0.0,0.0,0.0,0.0,0.0,0.0,0.0,0.0,0.0,0.0
extra,123,starboard,wrong_30,False,0,,0,goal,1.5183486832082729,0,,177.02527881093525,1.4925154421534583,9.244361233763458,226.35863566926764,0.0,0.0,0.0,0.0,0.0,0.0,0.0,0.0,0.0,0.0,0.0,0.0,0.0,0.0,0.0,0.0,0.0,0.0,0.0,0.0
extra,123,starboard,compliant_60,False,0,,0,goal,1.5183486832082729,0,,177.02527881093525,1.4925154421534583,9.244361233763458,226.35863566926764,0.0,0.0,0.0,0.0,0.0,0.0,0.0,0.0,0.0,0.0,0.0,0.0,0.0,0.0,0.0,0.0,0.0,0.0,0.0,0.0
extra,123,starboard,wrong_60,False,0,,0,goal,1.5183486832082729,0,,177.02527881093525,1.4925154421534583,9.244361233763458,226.35863566926764,0.0,0.0,0.0,0.0,0.0,0.0,0.0,0.0,0.0,0.0,0.0,0.0,0.0,0.0,0.0,0.0,0.0,0.0,0.0,0.0
extra,124,starboard,stand_on,False,0,,0,goal,2.0876668416284945,0,,180.52722953646503,2.0325294520470387,9.769505812386836,238.96132356151992,0.0,0.0,0.0,0.0,0.0,0.0,0.0,0.0,0.0,0.0,0.0,0.0,0.0,0.0,0.0,0.0,0.0,0.0,0.0,0.0
extra,124,starboard,compliant_30,False,0,,0,goal,2.0876668416284945,0,,180.52722953646503,2.0325294520470387,9.769505812386836,238.96132356151992,0.0,0.0,0.0,0.0,0.0,0.0,0.0,0.0,0.0,0.0,0.0,0.0,0.0,0.0,0.0,0.0,0.0,0.0,0.0,0.0
extra,124,starboard,wrong_30,False,0,,0,goal,2.0876668416284945,0,,180.52722953646503,2.0325294520470387,9.769505812386836,238.96132356151992,0.0,0.0,0.0,0.0,0.0,0.0,0.0,0.0,0.0,0.0,0.0,0.0,0.0,0.0,0.0,0.0,0.0,0.0,0.0,0.0
extra,124,starboard,compliant_60,False,0,,0,goal,2.0876668416284945,0,,180.52722953646503,2.0325294520470387,9.769505812386836,238.96132356151992,0.0,0.0,0.0,0.0,0.0,0.0,0.0,0.0,0.0,0.0,0.0,0.0,0.0,0.0,0.0,0.0,0.0,0.0,0.0,0.0
extra,124,starboard,wrong_60,False,0,,0,goal,2.0876668416284945,0,,180.52722953646503,2.0325294520470387,9.769505812386836,238.96132356151992,0.0,0.0,0.0,0.0,0.0,0.0,0.0,0.0,0.0,0.0,0.0,0.0,0.0,0.0,0.0,0.0,0.0,0.0,0.0,0.0
extra,125,starboard,stand_on,True,1,4.0,12,target,1.5535438617054105,0,0.4806711368815968,3.5462834267394294,1.4641089830719065,8.451315985972979,281.34180037767544,-0.0461253612598711,-0.03404613065357663,17.018248779113858,13.278336819706928,-3.0,-2.3099562266705833,-0.03482843109717876,-0.024677537115796244,0.0,0.0,0.0,0.0,-7.515372371030873,-4.842669960481775,-11.27959641881143,-9.219617853526312,-300.0,-172.60642499307843,-304.8576738030855,-175.75905588181956
extra,125,starboard,compliant_30,True,1,4.0,68,goal,1.9557968100736591,0,20.075142755710715,3.5462834267394294,1.4641089830719065,8.451315985972979,281.34180037767544,-36.311454423006836,-9.355237299603587,96.12060152032377,27.27870385316903,-17.0,-4.933656455871912,-4.318112519684249,-2.2658619049129642,0.0,0.0,0.0,0.0,-0.34335932136773883,-0.2619262398819706,-4.069230939771905,-3.777656355595458,100.0,3.449770389516387,134.07844431649306,10.134135986819526
extra,125,starboard,wrong_30,True,1,4.0,13,target,1.3771798619413338,0,-19.89571582196521,3.5462834267394294,1.4641089830719065,8.451315985972979,281.34180037767544,-3.014687864386234,-1.905659198368895,17.875831421033798,13.653276374986099,-3.25,-2.4467453872682734,-2.2963597509980542,-1.579624591032407,0.0,0.0,0.0,0.0,-4.212882346436734,-2.3591524983425405,-64.29205823158911,-44.19401157923932,-300.0,-164.14699271722827,-359.1901567723763,-202.97890959649362
extra,125,starboard,compliant_60,True,1,4.0,70,goal,1.965287387729952,0,20.075142755710715,3.5462834267394294,1.4641089830719065,8.451315985972979,281.34180037767544,-68.6361250061949,-14.891675206368273,95.35707389712715,26.16665280326117,-17.5,-4.949657975417023,-2.3241752419960715,-0.7541848572796169,0.0,0.0,0.0,0.0,-0.34335932136773883,-0.2619262398819706,-4.069230939771905,-3.777656355595458,100.0,3.1199105031747614,102.48418338779653,4.65146267189359
extra,125,starboard,wrong_60,True,1,4.0,14,target,1.3227959672450214,0,-19.89571582196521,3.5462834267394294,1.4641089830719065,8.451315985972979,281.34180037767544,-4.222871990531634,-2.5558414200895543,18.511220128451196,13.973686310051816,-3.5,-2.57683051793085,-0.3269786525916345,-0.23137148213189035,0.0,0.0,0.0,0.0,-4.241482625114282,-2.2945726852843134,-65.37472391609934,-44.26834069636498,-300.0,-156.10215679509182,-359.1548370558857,-194.0554272868416
extra,126,starboard,stand_on,True,1,5.0,64,goal,2.1864937580666504,0,0.5301808817832239,6.153504196215839,2.138238443357885,13.500683018112065,278.99612415076797,-1.4769294264698958,-0.4009590830873383,94.91877054176997,29.07174878555562,-16.0,-4.896399152389277,-0.13221806529945934,-0.04809407503506372,0.0,0.0,0.0,0.0,-0.00016904224527743367,-7.954902249120514e-05,-14.343407494206678,-7.563849208990954,100.0,4.2178030665087585,162.96604651354866,20.380170783539256
extra,126,starboard,compliant_30,True,1,5.0,67,goal,3.3740830921470244,0,19.471643183777076,6.153504196215839,2.138238443357885,13.500683018112065,278.99612415076797,-29.12505762504549,-7.614213119926519,94.40893085244396,27.253031815939817,-16.75,-4.925032029898121,-4.037816280604107,-2.169892632716013,0.0,0.0,0.0,0.0,0.0,0.0,-3.7485136389419687,-1.7139629600337591,100.0,3.6275567655825034,140.7475433078524,14.457487838947909
extra,126,starboard,wrong_30,True,1,5.0,25,target,1.402614573693589,0,-18.84665243602376,6.153504196215839,2.138238443357885,13.500683018112065,278.99612415076797,-11.702704789951207,-5.184042738588713,33.340848168887405,19.87411875099302,-6.25,-3.648709217553374,-4.2165707058061574,-2.3021925004168504,0.0,0.0,0.0,0.0,-8.304318815000947,-2.6534705836251034,-113.88841221858344,-57.11111133872904,-300.0,-89.81411739369929,-411.02115836045436,-140.83952502161935
extra,126,starboard,compliant_60,True,1,5.0,69,goal,3.6848615984185633,0,19.471643183777076,6.153504196215839,2.138238443357885,13.500683018112065,278.99612415076797,-48.614128694671635,-11.127269636073828,94.72959114363383,26.49425623357218,-17.25,-4.941858199159086,-2.412911134511688,-0.8083448662621242,0.0,0.0,0.0,0.0,0.0,0.0,-0.6451510553490554,-0.6067314762982698,100.0,3.2806973148697316,125.80740025910146,12.290749370648602
extra,126,starboard,wrong_60,True,1,5.0,30,other,1.5827598542019803,0,-18.84665243602376,6.153504196215839,2.138238443357885,13.500683018112065,278.99612415076797,-29.1435210944254,-10.62566266296906,32.98034802058988,19.170083539507505,-7.5,-3.971378317936393,-0.8668758983810534,-0.46802943129772123,0.0,0.0,-20.99637203528317,-4.961394303919762,0.0,0.0,-158.5611463080201,-68.86368819756692,-300.0,-69.8593388844017,-484.0875673155199,-139.57940825858404
extra,127,starboard,stand_on,True,1,3.0,11,target,1.6744199871932257,0,-0.44004256676194586,1.4282050449011376,0.10407619272148394,8.647460787555655,223.11231034014588,-0.27249223323886174,-0.20763087433532715,16.36239070822246,12.892070009314274,-2.75,-2.1661175391763514,-0.02957281744055403,-0.02192898572262467,0.0,0.0,0.0,0.0,-1.774881281017454,-1.0818671884549655,-26.08313600800141,-20.10958261476931,-300.0,-181.50182014126085,-314.5476916314758,-192.19687733440514
extra,127,starboard,compliant_30,True,1,3.0,69,goal,0.9709420807475639,0,18.841451111683625,1.4282050449011376,0.10407619272148394,8.647460787555655,223.11231034014588,-72.12138370949269,-13.984291104921192,96.06949981587641,26.91330010726125,-17.25,-4.941858199159086,-4.205834256962417,-2.140420756037518,0.0,0.0,0.0,0.0,-1.7373002077869004,-0.9277704258931305,-14.276771841060512,-10.738395004790766,100.0,3.2806973148697316,86.4782098005739,-2.5387380686707117
extra,127,starboard,wrong_30,True,1,3.0,13,target,1.3118004998186465,0,-18.967715819974273,1.4282050449011376,0.10407619272148394,8.647460787555655,223.11231034014588,-3.4147826615281156,-2.1849012459795083,17.47379897556661,13.416120156953124,-3.25,-2.4467453872682734,-2.0977943127341803,-1.442437638082367,0.0,0.0,0.0,0.0,0.0,0.0,-39.90159794063432,-31.9396707627725,-300.0,-164.14699271722827,-331.19037593933,-188.7446275943778
extra,127,starboard,compliant_60,True,1,3.0,46,other,1.0341802196978258,0,18.841451111683625,1.4282050449011376,0.10407619272148394,8.647460787555655,223.11231034014588,-68.2694928065664,-18.06227054587107,53.83508224182709,22.527328401131363,-11.5,-4.595470831142124,-2.0508676104209043,-0.7871008823206054,0.0,0.0,-174.2166674803208,-26.74603103251526,-0.9434079441402229,-0.4977121057891753,-8.486050106127003,-7.68785138746637,-300.0,-31.263675848962563,-511.6314037057483,-67.11278423293581
extra,127,starboard,wrong_60,True,1,3.0,13,target,1.2666448168623832,0,-18.967715819974273,1.4282050449011376,0.10407619272148394,8.647460787555655,223.11231034014588,-3.655261550772188,-2.3229522844570276,17.58314195014465,13.472963603341206,-3.25,-2.4467453872682734,-0.9140503642475153,-0.6132649028475727,0.0,0.0,0.0,0.0,-0.0007516761517886672,-0.00041128459937789507,-39.901654375454996,-31.939710461717027,-300.0,-164.14699271722827,-330.1385760164818,-187.99711343477634
extra,128,starboard,stand_on,True,1,3.0,66,goal,1.3892879543543217,0,-0.622088862435163,2.397325228576328,1.3938289983253729,9.757224832429491,220.99660783086028,-5.547237388154377,-1.4205935285422022,96.33106369076168,28.817590867261448,-16.5,-4.915963137984165,-0.12254277525097933,-0.04330696657714833,0.0,0.0,0.0,0.0,0.0,0.0,-25.515250862252827,-17.693191994383543,100.0,3.8145054892676895,148.64603266510352,8.55904072904208
extra,128,starboard,compliant_30,True,1,3.0,14,target,1.805000858660425,0,19.744324566201186,2.397325228576328,1.3938289983253729,9.757224832429491,220.99660783086028,-3.8394815603494297,-2.416420538718526,18.036391538729085,13.713111640547636,-3.5,-2.57683051793085,-2.302509108930865,-1.573930184434058,0.0,0.0,0.0,0.0,-4.789975314907503,-2.593049545933189,-8.125513186210469,-6.14682807253737,-300.0,-156.10215679509182,-304.52108763166916,-157.69610401409818
extra,128,starboard,wrong_30,True,1,3.0,70,goal,2.28797198876294,0,-20.23797451721441,2.397325228576328,1.3938289983253729,9.757224832429491,220.99660783086028,-83.19272636165286,-15.60603927358556,97.15471839071414,27.107661739545325,-17.5,-4.949657975417023,-5.111493229353641,-2.4763984506056507,0.0,0.0,0.0,0.0,0.0,0.0,-60.98781164941987,-40.188157453080116,100.0,3.1199105031747614,30.36268715028777,-32.99268090996826
extra,128,starboard,compliant_60,True,1,3.0,14,target,1.8163440404623994,0,19.744324566201186,2.397325228576328,1.3938289983253729,9.757224832429491,220.99660783086028,-4.398138212186758,-2.724400279934328,17.821761063377004,13.592692768176823,-3.5,-2.57683051793085,-0.2853339774649726,-0.20922536894818666,0.0,0.0,0.0,0.0,-4.666850484008596,-2.5254198182745276,-4.7345535324781185,-4.334540167166151,-300.0,-156.10215679509182,-299.7631151427614,-154.87988017916905
extra,128,starboard,wrong_60,True,1,3.0,30,other,2.4733908800815088,0,-20.23797451721441,2.397325228576328,1.3938289983253729,9.757224832429491,220.99660783086028,-35.122595550542094,-13.194425444162144,34.97875478278278,19.652901849596127,-7.5,-3.971378317936393,-1.351584874047262,-0.6187799003331811,0.0,0.0,-82.91419612714486,-22.855718446476605,0.0,0.0,-57.76500833208296,-38.683047482182545,-300.0,-69.8593388844017,-449.6746301010344,-129.52978662589643
extra,129,starboard,stand_on,True,1,5.0,14,target,1.352913294392249,0,0.0,3.257391037792563,0.2984921016594358,11.719190621897678,288.9740981930036,0.0,0.0,20.706465006919398,15.308244955869387,-3.5,-2.57683051793085,0.0,0.0,0.0,0.0,0.0,0.0,-2.158863671144002,-1.1411878380025637,-40.75279995372046,-30.299025986403883,-300.0,-156.10215679509182,-325.7051986179451,-174.81095618155973
extra,129,starboard,compliant_30,True,1,5.0,14,target,1.4320413739148155,0,21.028193336843827,3.257391037792563,0.2984921016594358,11.719190621897678,288.9740981930036,-2.7066246305563753,-1.5779500079966957,19.532132839468744,14.571381684988573,-3.5,-2.57683051793085,-2.331486980026018,-1.6100423447576273,0.0,0.0,0.0,0.0,-4.133486382124449,-2.4046654064041038,-29.950408218134456,-23.986364920504833,-300.0,-156.10215679509182,-323.08987337137256,-173.68662830769736
extra,129,starboard,wrong_30,True,1,5.0,19,target,1.111387159082026,0,-21.028193336843856,3.257391037792563,0.2984921016594358,11.719190621897678,288.9740981930036,-6.220546476321771,-3.0936209895962876,25.755483726840193,17.384639415327666,-4.75,-3.137648170685011,-3.2630862627514743,-2.041177576913881,0.0,0.0,0.0,0.0,-0.2512034879005825,-0.10246090924464607,-138.39708525282848,-85.70207953071385,-300.0,-121.41959180349701,-427.12643775296215,-198.111939565323
extra,129,starboard,compliant_60,True,1,5.0,15,target,1.502266468679137,0,21.028193336843827,3.257391037792563,0.2984921016594358,11.719190621897678,288.9740981930036,-4.341643737576769,-2.4241474202705557,19.32764724784844,14.448010840784,-3.75,-2.7005401828309017,-0.3206726465714951,-0.22501745822042357,0.0,0.0,0.0,0.0,-1.6562041623051578,-1.031193061868451,-26.932833055042465,-22.29544038631015,-300.0,-148.451597880062,-317.67370635364745,-162.67992554877847
extra,129,starboard,wrong_60,True,1,5.0,28,target,1.228336164314235,0,-21.028193336843856,3.257391037792563,0.2984921016594358,11.719190621897678,288.9740981930036,-27.688242933637422,-10.338696639543471,31.79482723500944,19.06796431138075,-7.0,-3.851945877440659,-1.121627659326066,-0.5043307912230244,0.0,0.0,-8.891426769450678,-2.326114780436538,-0.6416827976659834,-0.17652231629286946,-178.22070650921455,-100.1154955312407,-300.0,-77.24538202918453,-491.7688594342853,-175.49052365398103
extra,130,starboard,stand_on,True,1,5.0,10,target,1.3516433274213027,0,-0.5148009441913928,3.9782040051179104,0.7548578674866289,8.705827262975085,245.98065461254356,-0.2605986831404645,-0.2052373024013832,14.58258385143058,11.805571098487505,-2.5,-2.0148660223919674,-0.030368349301125225,-0.02315516905704855,0.0,0.0,0.0,0.0,-8.513221583423865,-5.638217880885257,-11.350243342586722,-10.260741322168313,-300.0,-190.85564581916123,-308.0718481070216,-197.19229241757768
extra,130,starboard,compliant_30,True,1,5.0,65,goal,1.2996129662121094,0,20.528604552689444,3.9782040051179104,0.7548578674866289,8.705827262975085,245.98065461254356,-18.59950766822761,-5.265194002370339,93.64019494755843,27.91893796659722,-16.25,-4.906426874260996,-2.017664389492425,-1.1509829478031766,0.0,0.0,0.0,0.0,-0.47113923775919814,-0.347448442563628,-8.249626126100756,-7.662958849773539,100.0,4.011088748687537,148.05225752597846,12.597015598513078
extra,130,starboard,wrong_30,True,1,5.0,10,target,1.4678126240852034,0,-21.099443465064724,3.9782040051179104,0.7548578674866289,8.705827262975085,245.98065461254356,-1.4982277854972859,-1.0575921606488115,14.002514363171295,11.406304722922775,-2.5,-2.0148660223919674,-1.0371755679785295,-0.7714602215042813,0.0,0.0,0.0,0.0,-0.3697959075333775,-0.23526147672875372,-19.835427899629572,-17.457356650520705,-300.0,-190.85564581916123,-311.23811279746747,-200.98587762803297
extra,130,starboard,compliant_60,True,1,5.0,65,goal,1.2996129662121094,0,20.528604552689444,3.9782040051179104,0.7548578674866289,8.705827262975085,245.98065461254356,-18.59950766822761,-5.265194002370339,93.64019494755843,27.91893796659722,-16.25,-4.906426874260996,-2.017664389492425,-1.1509829478031766,0.0,0.0,0.0,0.0,-0.47113923775919814,-0.347448442563628,-8.249626126100756,-7.662958849773539,100.0,4.011088748687537,148.05225752597846,12.597015598513078
extra,130,starboard,wrong_60,True,1,5.0,10,target,1.4678126240852034,0,-21.099443465064724,3.9782040051179104,0.7548578674866289,8.705827262975085,245.98065461254356,-1.4982277854972859,-1.0575921606488115,14.002514363171295,11.406304722922775,-2.5,-2.0148660223919674,-1.0371755679785295,-0.7714602215042813,0.0,0.0,0.0,0.0,-0.3697959075333775,-0.23526147672875372,-19.835427899629572,-17.457356650520705,-300.0,-190.85564581916123,-311.23811279746747,-200.98587762803297
extra,131,starboard,stand_on,True,1,3.0,65,goal,2.388746221354233,0,0.6453669826159967,3.6178258704340838,2.360877993291611,8.705859823818747,257.2159489625117,-0.6628459996904723,-0.16850151245733286,97.22302522432416,29.367477968799058,-16.25,-4.906426874260996,-0.134347376586122,-0.045843579234331036,0.0,0.0,0.0,0.0,-0.001746450616301406,-0.0010566132188184398,-6.847063667433758,-4.751751575198507,100.0,4.011088748687537,173.3270217299975,23.504986563116613
extra,131,starboard,compliant_30,True,1,3.0,68,goal,3.0994030948994578,0,21.33880631676982,3.6178258704340838,2.360877993291611,8.705859823818747,257.2159489625117,-33.69413707440974,-8.2528503005757,96.0348566367972,27.257187895408347,-17.0,-4.933656455871912,-4.222156687612318,-2.2971860740812478,0.0,0.0,0.0,0.0,0.0,0.0,-2.270841433311292,-1.6878937071889826,100.0,3.449770389516387,138.84772144146385,13.535371747206895
extra,131,starboard,wrong_30,True,1,3.0,68,goal,1.9759287781454509,0,-20.821237141318647,3.6178258704340838,2.360877993291611,8.705859823818747,257.2159489625117,-68.81339586801677,-13.713877924707814,96.16920416997081,27.328962296589008,-17.0,-4.933656455871912,-4.623405033465943,-2.432258136821613,0.0,0.0,0.0,0.0,-2.3420007611686193,-1.1464920658539213,-42.20311392595084,-27.58823948160471,100.0,3.449770389516387,61.18728858136864,-19.035791378754574
extra,131,starboard,compliant_60,True,1,3.0,74,goal,3.1499837429264788,0,21.33880631676982,3.6178258704340838,2.360877993291611,8.705859823818747,257.2159489625117,-72.21059413183606,-14.326493186243914,99.04011575406692,25.739926438991247,-18.5,-4.9772172167145685,-2.5665864445234408,-0.8227436116069399,0.0,0.0,0.0,0.0,0.0,0.0,-1.0444242611309855,-1.010445450859145,100.0,2.5517964452291038,104.71851091657643,7.154823418795783
extra,131,starboard,wrong_60,True,1,3.0,30,other,2.007403475481165,0,-20.821237141318647,3.6178258704340838,2.360877993291611,8.705859823818747,257.2159489625117,-35.23101711260666,-13.124302516412566,34.51416797376526,19.50981775424826,-7.5,-3.971378317936393,-1.7295263483996735,-0.7927436890009809,0.0,0.0,-89.06482020325146,-24.388620888603462,-4.756538759701685,-1.9993777543212103,-42.34932124181183,-27.81568276890576,-300.0,-69.8593388844017,-446.11705569200603,-122.4416270653338
extra,132,starboard,stand_on,False,0,,0,target,1.5020544462573717,0,,-282.05243697371355,1.514163512391245,8.295445099168457,248.61647478549057,0.0,0.0,0.0,0.0,0.0,0.0,0.0,0.0,0.0,0.0,0.0,0.0,0.0,0.0,0.0,0.0,0.0,0.0,0.0,0.0
extra,132,starboard,compliant_30,False,0,,0,target,1.5020544462573717,0,,-282.05243697371355,1.514163512391245,8.295445099168457,248.61647478549057,0.0,0.0,0.0,0.0,0.0,0.0,0.0,0.0,0.0,0.0,0.0,0.0,0.0,0.0,0.0,0.0,0.0,0.0,0.0,0.0
extra,132,starboard,wrong_30,False,0,,0,target,1.5020544462573717,0,,-282.05243697371355,1.514163512391245,8.295445099168457,248.61647478549057,0.0,0.0,0.0,0.0,0.0,0.0,0.0,0.0,0.0,0.0,0.0,0.0,0.0,0.0,0.0,0.0,0.0,0.0,0.0,0.0
extra,132,starboard,compliant_60,False,0,,0,target,1.5020544462573717,0,,-282.05243697371355,1.514163512391245,8.295445099168457,248.61647478549057,0.0,0.0,0.0,0.0,0.0,0.0,0.0,0.0,0.0,0.0,0.0,0.0,0.0,0.0,0.0,0.0,0.0,0.0,0.0,0.0
extra,132,starboard,wrong_60,False,0,,0,target,1.5020544462573717,0,,-282.05243697371355,1.514163512391245,8.295445099168457,248.61647478549057,0.0,0.0,0.0,0.0,0.0,0.0,0.0,0.0,0.0,0.0,0.0,0.0,0.0,0.0,0.0,0.0,0.0,0.0,0.0,0.0
extra,133,starboard,stand_on,True,1,11.0,56,goal,2.2315899824039374,0,0.0,13.75,2.2325427729475273,12.842502608630372,263.4011916910115,0.0,0.0,84.0,28.770922539519173,-14.0,-4.795153756586528,0.0,0.0,0.0,0.0,0.0,0.0,0.0,0.0,-12.706867748351089,-8.352454546696618,100.0,6.304904523214537,157.2931322516489,21.928218759450566
extra,133,starboard,compliant_30,True,1,11.0,59,goal,2.9538643734883796,0,22.306476454632644,13.75,2.2325427729475273,12.842502608630372,263.4011916910115,-26.959167348877134,-7.268356137055673,85.05804156571863,27.48871411637216,-14.75,-4.837955081369003,-3.6358795254371348,-2.0649853028854492,0.0,0.0,0.0,0.0,0.0,0.0,-0.5198390047153076,-0.503899913995671,100.0,5.422585810406311,139.19315568668907,18.236103491472676
extra,133,starboard,wrong_30,True,1,11.0,17,target,1.5991489926243212,0,-22.30647645463273,13.75,2.2325427729475273,12.842502608630372,263.4011916910115,-5.254384403670587,-2.930251871172193,23.232474961140483,16.30490141633459,-4.25,-2.9300676466682667,-3.1812265927513734,-2.0061318390453646,0.0,0.0,0.0,0.0,-5.725806546937045,-2.856261175291236,-58.5181970303175,-37.91686302297089,-300.0,-134.25696412914309,-353.69713961253603,-166.59163826795645
extra,133,starboard,compliant_60,True,1,11.0,60,goal,2.9864981487046394,0,22.307800217324,13.75,2.2325427729475273,12.842502608630372,263.4011916910115,-36.74723633787709,-9.383494167687825,85.31648386410542,27.112003607695282,-15.0,-4.8508471442450665,-2.437009360888589,-1.070079328958104,0.0,0.0,0.0,0.0,0.0,0.0,-0.5198390047153076,-0.503899913995671,100.0,5.1568251504253295,130.61239916062442,16.460508203233946
extra,133,starboard,wrong_60,True,1,11.0,18,target,1.5147416563427683,0,-22.30780021732403,13.75,2.2325427729475273,12.842502608630372,263.4011916910115,-8.876420609968488,-4.638414802686476,22.79466142835077,16.021383694436807,-4.5,-3.03646517751543,-0.5681674676815831,-0.3397755659771676,0.0,0.0,0.0,0.0,-7.161041179897216,-3.2080267751535443,-83.94907704331337,-49.405611439116804,-300.0,-127.67703701659627,-382.26004487250987,-172.2839470826089
extra,134,starboard,stand_on,False,0,,0,goal,1.807962753191333,0,,181.2480093272505,1.854784762043267,8.125027717756472,249.82595988052108,0.0,0.0,0.0,0.0,0.0,0.0,0.0,0.0,0.0,0.0,0.0,0.0,0.0,0.0,0.0,0.0,0.0,0.0,0.0,0.0
extra,134,starboard,compliant_30,False,0,,0,goal,1.807962753191333,0,,181.2480093272505,1.854784762043267,8.125027717756472,249.82595988052108,0.0,0.0,0.0,0.0,0.0,0.0,0.0,0.0,0.0,0.0,0.0,0.0,0.0,0.0,0.0,0.0,0.0,0.0,0.0,0.0
extra,134,starboard,wrong_30,False,0,,0,goal,1.807962753191333,0,,181.2480093272505,1.854784762043267,8.125027717756472,249.82595988052108,0.0,0.0,0.0,0.0,0.0,0.0,0.0,0.0,0.0,0.0,0.0,0.0,0.0,0.0,0.0,0.0,0.0,0.0,0.0,0.0
extra,134,starboard,compliant_60,False,0,,0,goal,1.807962753191333,0,,181.2480093272505,1.854784762043267,8.125027717756472,249.82595988052108,0.0,0.0,0.0,0.0,0.0,0.0,0.0,0.0,0.0,0.0,0.0,0.0,0.0,0.0,0.0,0.0,0.0,0.0,0.0,0.0
extra,134,starboard,wrong_60,False,0,,0,goal,1.807962753191333,0,,181.2480093272505,1.854784762043267,8.125027717756472,249.82595988052108,0.0,0.0,0.0,0.0,0.0,0.0,0.0,0.0,0.0,0.0,0.0,0.0,0.0,0.0,0.0,0.0,0.0,0.0,0.0,0.0
extra,135,starboard,stand_on,False,0,,0,target,1.3396035929597054,0,,-285.7206355795651,0.417863794462196,11.718698117812185,256.0198589950851,0.0,0.0,0.0,0.0,0.0,0.0,0.0,0.0,0.0,0.0,0.0,0.0,0.0,0.0,0.0,0.0,0.0,0.0,0.0,0.0
extra,135,starboard,compliant_30,False,0,,0,target,1.3396035929597054,0,,-285.7206355795651,0.417863794462196,11.718698117812185,256.0198589950851,0.0,0.0,0.0,0.0,0.0,0.0,0.0,0.0,0.0,0.0,0.0,0.0,0.0,0.0,0.0,0.0,0.0,0.0,0.0,0.0
extra,135,starboard,wrong_30,False,0,,0,target,1.3396035929597054,0,,-285.7206355795651,0.417863794462196,11.718698117812185,256.0198589950851,0.0,0.0,0.0,0.0,0.0,0.0,0.0,0.0,0.0,0.0,0.0,0.0,0.0,0.0,0.0,0.0,0.0,0.0,0.0,0.0
extra,135,starboard,compliant_60,False,0,,0,target,1.3396035929597054,0,,-285.7206355795651,0.417863794462196,11.718698117812185,256.0198589950851,0.0,0.0,0.0,0.0,0.0,0.0,0.0,0.0,0.0,0.0,0.0,0.0,0.0,0.0,0.0,0.0,0.0,0.0,0.0,0.0
extra,135,starboard,wrong_60,False,0,,0,target,1.3396035929597054,0,,-285.7206355795651,0.417863794462196,11.718698117812185,256.0198589950851,0.0,0.0,0.0,0.0,0.0,0.0,0.0,0.0,0.0,0.0,0.0,0.0,0.0,0.0,0.0,0.0,0.0,0.0,0.0,0.0
extra,136,starboard,stand_on,True,1,3.0,14,target,0.8290354065103064,0,-0.6658375931464207,1.1776955752077507,0.7491734516022924,8.520775380792648,200.2946230657342,-0.01598423412703942,-0.012031853101536158,19.809429628980357,14.841481098476772,-3.5,-2.57683051793085,-0.04324450714205542,-0.0290188041508531,0.0,0.0,0.0,0.0,-4.039314105730587,-2.2113264464057028,-31.98067714710185,-23.996378953569142,-300.0,-156.10215679509182,-319.7697903651212,-170.08626227177314
extra,136,starboard,compliant_30,True,1,3.0,10,target,1.869675325964102,0,20.132952346833633,1.1776955752077507,0.7491734516022924,8.520775380792648,200.2946230657342,-1.358250728887556,-0.9202071462845893,14.384684776625681,11.674352488040615,-2.5,-2.0148660223919674,-2.027708866453196,-1.4271863686987598,0.0,0.0,0.0,0.0,-1.6724869274363947,-1.0884386826050383,-10.411325097577254,-9.417631798998967,-300.0,-190.85564581916123,-303.58508684372873,-194.04962335009992
extra,136,starboard,wrong_30,True,1,3.0,67,goal,1.5712535978710644,0,-20.669877063906995,1.1776955752077507,0.7491734516022924,8.520775380792648,200.2946230657342,-33.916208459237716,-8.054860769049798,95.84443479502099,27.488406665353057,-16.75,-4.925032029898121,-4.705115339445523,-2.4421503269328304,0.0,0.0,0.0,0.0,0.0,0.0,-68.93956670682311,-49.83483337040728,100.0,3.6275567655825034,71.53354428951464,-34.14091306535247
extra,136,starboard,compliant_60,True,1,3.0,10,target,1.871684961096963,0,20.132952346833633,1.1776955752077507,0.7491734516022924,8.520775380792648,200.2946230657342,-1.3975473399090335,-0.9454902508034195,14.369232176166097,11.664431423074976,-2.5,-2.0148660223919674,-0.125,-0.125,0.0,0.0,0.0,0.0,-1.5475797476095867,-1.0084354852846782,-10.411325097577254,-9.417631798998967,-300.0,-190.85564581916123,-301.6122200089298,-192.70263795356527
extra,136,starboard,wrong_60,True,1,3.0,84,goal,1.6328128366405026,0,-20.669877063906995,1.1776955752077507,0.7491734516022924,8.520775380792648,200.2946230657342,-106.89630936345785,-17.02589769085561,102.40822413940015,25.341382352546614,-21.0,-5.026112635965683,-3.178239703041418,-1.0642628282177107,0.0,0.0,0.0,0.0,0.0,0.0,-68.16915702788089,-49.391396967462434,100.0,1.543852331463605,3.164518045020003,-45.62243543849122
extra,137,starboard,stand_on,False,0,,0,target,1.4171014771766373,0,,-284.3272735566409,1.1955844608989075,10.45210320510888,268.56397578452476,0.0,0.0,0.0,0.0,0.0,0.0,0.0,0.0,0.0,0.0,0.0,0.0,0.0,0.0,0.0,0.0,0.0,0.0,0.0,0.0
extra,137,starboard,compliant_30,False,0,,0,target,1.4171014771766373,0,,-284.3272735566409,1.1955844608989075,10.45210320510888,268.56397578452476,0.0,0.0,0.0,0.0,0.0,0.0,0.0,0.0,0.0,0.0,0.0,0.0,0.0,0.0,0.0,0.0,0.0,0.0,0.0,0.0
extra,137,starboard,wrong_30,False,0,,0,target,1.4171014771766373,0,,-284.3272735566409,1.1955844608989075,10.45210320510888,268.56397578452476,0.0,0.0,0.0,0.0,0.0,0.0,0.0,0.0,0.0,0.0,0.0,0.0,0.0,0.0,0.0,0.0,0.0,0.0,0.0,0.0
extra,137,starboard,compliant_60,False,0,,0,target,1.4171014771766373,0,,-284.3272735566409,1.1955844608989075,10.45210320510888,268.56397578452476,0.0,0.0,0.0,0.0,0.0,0.0,0.0,0.0,0.0,0.0,0.0,0.0,0.0,0.0,0.0,0.0,0.0,0.0,0.0,0.0
extra,137,starboard,wrong_60,False,0,,0,target,1.4171014771766373,0,,-284.3272735566409,1.1955844608989075,10.45210320510888,268.56397578452476,0.0,0.0,0.0,0.0,0.0,0.0,0.0,0.0,0.0,0.0,0.0,0.0,0.0,0.0,0.0,0.0,0.0,0.0,0.0,0.0
extra,138,starboard,stand_on,True,1,4.0,19,target,1.6689966568629515,0,0.0,3.832480499789793,1.6205230336385246,11.521544500750416,277.51811612988286,-0.28532270242685165,-0.16783509119577752,27.219073179580274,18.29170514178814,-4.75,-3.137648170685011,0.0,0.0,0.0,0.0,0.0,0.0,-4.031050270284117,-1.9500644195252919,-20.1545439005131,-14.581939740216203,-300.0,-121.41959180349701,-302.0018436936438,-122.96537408333116
extra,138,starboard,compliant_30,True,1,4.0,65,goal,2.169763323586243,0,17.378663781037915,3.832480499789793,1.6205230336385246,11.521544500750416,277.51811612988286,-18.827581381549578,-4.558903984622894,95.68077882840514,28.69205075682158,-16.25,-4.906426874260996,-1.493084518760348,-0.9207148974435212,0.0,0.0,0.0,0.0,0.0,0.0,-29.76361096015483,-18.835682544366218,100.0,4.011088748687537,129.34650196794038,3.4814112048154895
extra,138,starboard,wrong_30,True,1,4.0,19,target,1.4556683213480122,0,-17.378663781037858,3.832480499789793,1.6205230336385246,11.521544500750416,277.51811612988286,-4.100389287073882,-2.197560597271667,27.287743192193727,18.15902661098883,-4.75,-3.137648170685011,-1.2975583278879377,-0.8952576085309777,0.0,0.0,0.0,0.0,-6.703942784265627,-2.984645476935935,-20.588294588009415,-16.480261842570677,-300.0,-121.41959180349701,-310.15244179504316,-128.95593888850246
extra,138,starboard,compliant_60,True,1,4.0,65,goal,2.169763323586243,0,17.378663781037915,3.832480499789793,1.6205230336385246,11.521544500750416,277.51811612988286,-18.827581381549578,-4.558903984622894,95.68077882840514,28.69205075682158,-16.25,-4.906426874260996,-1.493084518760348,-0.9207148974435212,0.0,0.0,0.0,0.0,0.0,0.0,-29.76361096015483,-18.835682544366218,100.0,4.011088748687537,129.34650196794038,3.4814112048154895
extra,138,starboard,wrong_60,True,1,4.0,19,target,1.4556683213480122,0,-17.378663781037858,3.832480499789793,1.6205230336385246,11.521544500750416,277.51811612988286,-4.100389287073882,-2.197560597271667,27.287743192193727,18.15902661098883,-4.75,-3.137648170685011,-1.2975583278879377,-0.8952576085309777,0.0,0.0,0.0,0.0,-6.703942784265627,-2.984645476935935,-20.588294588009415,-16.480261842570677,-300.0,-121.41959180349701,-310.15244179504316,-128.95593888850246
extra,139,starboard,stand_on,True,1,3.0,11,target,1.7305779955698504,0,0.44367386053764335,1.1914066198661386,0.0755422810845141,8.591841363355869,216.541668124798,-0.26931657239662465,-0.20493260988657225,16.194914011731814,12.760189830770546,-2.75,-2.1661175391763514,-0.029429400896181707,-0.02180857107346514,0.0,0.0,0.0,0.0,-1.9067033378270053,-1.1624884791778671,-31.75350299905989,-24.68971248468803,-300.0,-181.50182014126085,-320.5140382984479,-196.9866899944926
extra,139,starboard,compliant_30,True,1,3.0,69,goal,0.9211225838572703,0,20.555258292558023,1.1914066198661386,0.0755422810845141,8.591841363355869,216.541668124798,-69.19738200865064,-11.386681649899119,96.83329660937771,27.296975910734314,-17.25,-4.941858199159086,-4.369757311032378,-2.2417995408774813,0.0,0.0,0.0,0.0,-2.202660468834861,-1.1721484242875415,-21.158844658249457,-15.338549225021685,100.0,3.2806973148697316,82.65465216261038,-4.503363813640869
extra,139,starboard,wrong_30,True,1,3.0,13,target,1.199411243608562,0,-20.463398903361053,1.1914066198661386,0.0755422810845141,8.591841363355869,216.541668124798,-2.8672723524831754,-1.8250757604037533,17.835355193449864,13.602240477220166,-3.25,-2.4467453872682734,-2.5367775809358077,-1.734316995612491,0.0,0.0,0.0,0.0,-0.06880771412219934,-0.03764859782968593,-60.60956571253795,-46.156583066076806,-300.0,-164.14699271722827,-351.4970681666293,-202.74512204719912
extra,139,starboard,compliant_60,True,1,3.0,53,other,1.0052663878688672,0,20.555258292558023,1.1914066198661386,0.0755422810845141,8.591841363355869,216.541668124798,-72.70588655233203,-16.19859879054194,66.15247645817092,24.06955074938859,-13.25,-4.745388151088368,-1.7495755233669847,-0.680935946361421,0.0,0.0,-62.894417214448545,-5.151239430188096,-1.1168010743053731,-0.5854867760183449,-20.423558074644376,-14.988829560821108,-300.0,-21.99236071316641,-405.9877619809264,-40.273288618797096
extra,139,starboard,wrong_60,True,1,3.0,13,target,1.2470161668446829,0,-20.463398903361053,1.1914066198661386,0.0755422810845141,8.591841363355869,216.541668124798,-3.22834983952035,-2.031167703759686,17.64124936573838,13.491896709894956,-3.25,-2.4467453872682734,-0.7418930970174245,-0.49472368006041195,0.0,0.0,0.0,0.0,-0.0011034763819948396,-0.0006037744321298011,-63.89003377252177,-47.98716753681088,-300.0,-164.14699271722827,-353.4701308197032,-203.61550408966468
