SAC baseline: seeds=[0, 1, 2] timesteps=1,000,000 num_envs=8
Curriculum boundaries (total env steps): [0]
Stage at t=0: 0, at t=1,000,000: 0

======================================================================
SEED 0
======================================================================
Using cpu device
Logging to ./sac_baseline_log/sac_seed0_2
[CURRICULUM] t=0 -> stage 0 (fixed_rpm=True, delta=3.0, floor=9.0, ceil=15.0)
---------------------------------
| rollout/           |          |
|    ep_len_mean     | 102      |
|    ep_rew_mean     | -980     |
| time/              |          |
|    episodes        | 4        |
|    fps             | 194      |
|    time_elapsed    | 4        |
|    total_timesteps | 912      |
| train/             |          |
|    actor_loss      | -2.18    |
|    critic_loss     | 3.92e+03 |
|    ent_coef        | 0.995    |
|    ent_coef_loss   | -0.0168  |
|    learning_rate   | 5e-05    |
|    n_updates       | 101      |
---------------------------------
---------------------------------
| rollout/           |          |
|    ep_len_mean     | 106      |
|    ep_rew_mean     | -978     |
| time/              |          |
|    episodes        | 8        |
|    fps             | 160      |
|    time_elapsed    | 8        |
|    total_timesteps | 1408     |
| train/             |          |
|    actor_loss      | -0.971   |
|    critic_loss     | 3.89e+03 |
|    ent_coef        | 0.992    |
|    ent_coef_loss   | -0.0273  |
|    learning_rate   | 5e-05    |
|    n_updates       | 163      |
---------------------------------
---------------------------------
| rollout/           |          |
|    ep_len_mean     | 108      |
|    ep_rew_mean     | -889     |
| time/              |          |
|    episodes        | 12       |
|    fps             | 152      |
|    time_elapsed    | 10       |
|    total_timesteps | 1624     |
| train/             |          |
|    actor_loss      | -0.78    |
|    critic_loss     | 9.71e+03 |
|    ent_coef        | 0.991    |
|    ent_coef_loss   | -0.0318  |
|    learning_rate   | 5e-05    |
|    n_updates       | 190      |
---------------------------------
---------------------------------
| rollout/           |          |
|    ep_len_mean     | 100      |
|    ep_rew_mean     | -914     |
| time/              |          |
|    episodes        | 16       |
|    fps             | 144      |
|    time_elapsed    | 14       |
|    total_timesteps | 2168     |
| train/             |          |
|    actor_loss      | 0.206    |
|    critic_loss     | 5.8e+03  |
|    ent_coef        | 0.987    |
|    ent_coef_loss   | -0.0433  |
|    learning_rate   | 5e-05    |
|    n_updates       | 258      |
---------------------------------
---------------------------------
| rollout/           |          |
|    ep_len_mean     | 111      |
|    ep_rew_mean     | -818     |
| time/              |          |
|    episodes        | 20       |
|    fps             | 140      |
|    time_elapsed    | 17       |
|    total_timesteps | 2520     |
| train/             |          |
|    actor_loss      | 0.477    |
|    critic_loss     | 5.83e+03 |
|    ent_coef        | 0.985    |
|    ent_coef_loss   | -0.0506  |
|    learning_rate   | 5e-05    |
|    n_updates       | 302      |
---------------------------------
---------------------------------
| rollout/           |          |
|    ep_len_mean     | 108      |
|    ep_rew_mean     | -846     |
| time/              |          |
|    episodes        | 24       |
|    fps             | 133      |
|    time_elapsed    | 24       |
|    total_timesteps | 3224     |
| train/             |          |
|    actor_loss      | 1.54     |
|    critic_loss     | 1.89e+03 |
|    ent_coef        | 0.981    |
|    ent_coef_loss   | -0.0656  |
|    learning_rate   | 5e-05    |
|    n_updates       | 390      |
---------------------------------
---------------------------------
| rollout/           |          |
|    ep_len_mean     | 107      |
|    ep_rew_mean     | -865     |
| time/              |          |
|    episodes        | 28       |
|    fps             | 132      |
|    time_elapsed    | 25       |
|    total_timesteps | 3424     |
| train/             |          |
|    actor_loss      | 2.04     |
|    critic_loss     | 9.69e+03 |
|    ent_coef        | 0.979    |
|    ent_coef_loss   | -0.0694  |
|    learning_rate   | 5e-05    |
|    n_updates       | 415      |
---------------------------------
---------------------------------
| rollout/           |          |
|    ep_len_mean     | 108      |
|    ep_rew_mean     | -879     |
| time/              |          |
|    episodes        | 32       |
|    fps             | 133      |
|    time_elapsed    | 29       |
|    total_timesteps | 3936     |
| train/             |          |
|    actor_loss      | 2.93     |
|    critic_loss     | 5.73e+03 |
|    ent_coef        | 0.976    |
|    ent_coef_loss   | -0.0802  |
|    learning_rate   | 5e-05    |
|    n_updates       | 479      |
---------------------------------
---------------------------------
| rollout/           |          |
|    ep_len_mean     | 111      |
|    ep_rew_mean     | -890     |
| time/              |          |
|    episodes        | 36       |
|    fps             | 131      |
|    time_elapsed    | 34       |
|    total_timesteps | 4528     |
| train/             |          |
|    actor_loss      | 3.63     |
|    critic_loss     | 5.77e+03 |
|    ent_coef        | 0.973    |
|    ent_coef_loss   | -0.0926  |
|    learning_rate   | 5e-05    |
|    n_updates       | 553      |
---------------------------------
---------------------------------
| rollout/           |          |
|    ep_len_mean     | 116      |
|    ep_rew_mean     | -898     |
| time/              |          |
|    episodes        | 40       |
|    fps             | 128      |
|    time_elapsed    | 40       |
|    total_timesteps | 5184     |
| train/             |          |
|    actor_loss      | 6.48     |
|    critic_loss     | 7.65e+03 |
|    ent_coef        | 0.969    |
|    ent_coef_loss   | -0.106   |
|    learning_rate   | 5e-05    |
|    n_updates       | 635      |
---------------------------------
---------------------------------
| rollout/           |          |
|    ep_len_mean     | 119      |
|    ep_rew_mean     | -857     |
| time/              |          |
|    episodes        | 44       |
|    fps             | 127      |
|    time_elapsed    | 44       |
|    total_timesteps | 5688     |
| train/             |          |
|    actor_loss      | 7.57     |
|    critic_loss     | 3.84e+03 |
|    ent_coef        | 0.966    |
|    ent_coef_loss   | -0.117   |
|    learning_rate   | 5e-05    |
|    n_updates       | 698      |
---------------------------------
---------------------------------
| rollout/           |          |
|    ep_len_mean     | 119      |
|    ep_rew_mean     | -867     |
| time/              |          |
|    episodes        | 48       |
|    fps             | 125      |
|    time_elapsed    | 49       |
|    total_timesteps | 6240     |
| train/             |          |
|    actor_loss      | 8.09     |
|    critic_loss     | 5.06e+03 |
|    ent_coef        | 0.962    |
|    ent_coef_loss   | -0.129   |
|    learning_rate   | 5e-05    |
|    n_updates       | 767      |
---------------------------------
---------------------------------
| rollout/           |          |
|    ep_len_mean     | 120      |
|    ep_rew_mean     | -875     |
| time/              |          |
|    episodes        | 52       |
|    fps             | 124      |
|    time_elapsed    | 54       |
|    total_timesteps | 6744     |
| train/             |          |
|    actor_loss      | 9.87     |
|    critic_loss     | 9.42e+03 |
|    ent_coef        | 0.959    |
|    ent_coef_loss   | -0.139   |
|    learning_rate   | 5e-05    |
|    n_updates       | 830      |
---------------------------------
---------------------------------
| rollout/           |          |
|    ep_len_mean     | 122      |
|    ep_rew_mean     | -863     |
| time/              |          |
|    episodes        | 56       |
|    fps             | 122      |
|    time_elapsed    | 60       |
|    total_timesteps | 7480     |
| train/             |          |
|    actor_loss      | 11.6     |
|    critic_loss     | 1.68e+03 |
|    ent_coef        | 0.955    |
|    ent_coef_loss   | -0.152   |
|    learning_rate   | 5e-05    |
|    n_updates       | 922      |
---------------------------------
---------------------------------
| rollout/           |          |
|    ep_len_mean     | 123      |
|    ep_rew_mean     | -871     |
| time/              |          |
|    episodes        | 60       |
|    fps             | 122      |
|    time_elapsed    | 64       |
|    total_timesteps | 7936     |
| train/             |          |
|    actor_loss      | 12.2     |
|    critic_loss     | 5.6e+03  |
|    ent_coef        | 0.952    |
|    ent_coef_loss   | -0.162   |
|    learning_rate   | 5e-05    |
|    n_updates       | 979      |
---------------------------------
---------------------------------
| rollout/           |          |
|    ep_len_mean     | 124      |
|    ep_rew_mean     | -878     |
| time/              |          |
|    episodes        | 64       |
|    fps             | 122      |
|    time_elapsed    | 68       |
|    total_timesteps | 8352     |
| train/             |          |
|    actor_loss      | 13.2     |
|    critic_loss     | 8.51e+03 |
|    ent_coef        | 0.95     |
|    ent_coef_loss   | -0.169   |
|    learning_rate   | 5e-05    |
|    n_updates       | 1031     |
---------------------------------
---------------------------------
| rollout/           |          |
|    ep_len_mean     | 123      |
|    ep_rew_mean     | -885     |
| time/              |          |
|    episodes        | 68       |
|    fps             | 122      |
|    time_elapsed    | 71       |
|    total_timesteps | 8776     |
| train/             |          |
|    actor_loss      | 14.6     |
|    critic_loss     | 1.22e+04 |
|    ent_coef        | 0.947    |
|    ent_coef_loss   | -0.177   |
|    learning_rate   | 5e-05    |
|    n_updates       | 1084     |
---------------------------------
---------------------------------
| rollout/           |          |
|    ep_len_mean     | 123      |
|    ep_rew_mean     | -890     |
| time/              |          |
|    episodes        | 72       |
|    fps             | 122      |
|    time_elapsed    | 75       |
|    total_timesteps | 9240     |
| train/             |          |
|    actor_loss      | 16.5     |
|    critic_loss     | 8.57e+03 |
|    ent_coef        | 0.945    |
|    ent_coef_loss   | -0.184   |
|    learning_rate   | 5e-05    |
|    n_updates       | 1142     |
---------------------------------
---------------------------------
| rollout/           |          |
|    ep_len_mean     | 123      |
|    ep_rew_mean     | -895     |
| time/              |          |
|    episodes        | 76       |
|    fps             | 121      |
|    time_elapsed    | 80       |
|    total_timesteps | 9744     |
| train/             |          |
|    actor_loss      | 18.5     |
|    critic_loss     | 5.5e+03  |
|    ent_coef        | 0.942    |
|    ent_coef_loss   | -0.195   |
|    learning_rate   | 5e-05    |
|    n_updates       | 1205     |
---------------------------------
---------------------------------
| rollout/           |          |
|    ep_len_mean     | 123      |
|    ep_rew_mean     | -900     |
| time/              |          |
|    episodes        | 80       |
|    fps             | 121      |
|    time_elapsed    | 84       |
|    total_timesteps | 10280    |
| train/             |          |
|    actor_loss      | 18.4     |
|    critic_loss     | 5.15e+03 |
|    ent_coef        | 0.939    |
|    ent_coef_loss   | -0.197   |
|    learning_rate   | 5e-05    |
|    n_updates       | 1272     |
---------------------------------
---------------------------------
| rollout/           |          |
|    ep_len_mean     | 123      |
|    ep_rew_mean     | -904     |
| time/              |          |
|    episodes        | 84       |
|    fps             | 121      |
|    time_elapsed    | 89       |
|    total_timesteps | 10944    |
| train/             |          |
|    actor_loss      | 21.9     |
|    critic_loss     | 6.19e+03 |
|    ent_coef        | 0.935    |
|    ent_coef_loss   | -0.207   |
|    learning_rate   | 5e-05    |
|    n_updates       | 1355     |
---------------------------------
---------------------------------
| rollout/           |          |
|    ep_len_mean     | 124      |
|    ep_rew_mean     | -908     |
| time/              |          |
|    episodes        | 88       |
|    fps             | 122      |
|    time_elapsed    | 92       |
|    total_timesteps | 11336    |
| train/             |          |
|    actor_loss      | 24.7     |
|    critic_loss     | 1e+04    |
|    ent_coef        | 0.933    |
|    ent_coef_loss   | -0.214   |
|    learning_rate   | 5e-05    |
|    n_updates       | 1404     |
---------------------------------
---------------------------------
| rollout/           |          |
|    ep_len_mean     | 125      |
|    ep_rew_mean     | -911     |
| time/              |          |
|    episodes        | 92       |
|    fps             | 122      |
|    time_elapsed    | 97       |
|    total_timesteps | 11960    |
| train/             |          |
|    actor_loss      | 28.3     |
|    critic_loss     | 8.26e+03 |
|    ent_coef        | 0.93     |
|    ent_coef_loss   | -0.218   |
|    learning_rate   | 5e-05    |
|    n_updates       | 1482     |
---------------------------------
---------------------------------
| rollout/           |          |
|    ep_len_mean     | 125      |
|    ep_rew_mean     | -914     |
| time/              |          |
|    episodes        | 96       |
|    fps             | 122      |
|    time_elapsed    | 100      |
|    total_timesteps | 12384    |
| train/             |          |
|    actor_loss      | 30.4     |
|    critic_loss     | 6.36e+03 |
|    ent_coef        | 0.927    |
|    ent_coef_loss   | -0.225   |
|    learning_rate   | 5e-05    |
|    n_updates       | 1535     |
---------------------------------
---------------------------------
| rollout/           |          |
|    ep_len_mean     | 125      |
|    ep_rew_mean     | -918     |
| time/              |          |
|    episodes        | 100      |
|    fps             | 123      |
|    time_elapsed    | 105      |
|    total_timesteps | 12976    |
| train/             |          |
|    actor_loss      | 24.2     |
|    critic_loss     | 4.63e+03 |
|    ent_coef        | 0.924    |
|    ent_coef_loss   | -0.231   |
|    learning_rate   | 5e-05    |
|    n_updates       | 1609     |
---------------------------------
---------------------------------
| rollout/           |          |
|    ep_len_mean     | 126      |
|    ep_rew_mean     | -918     |
| time/              |          |
|    episodes        | 104      |
|    fps             | 122      |
|    time_elapsed    | 110      |
|    total_timesteps | 13520    |
| train/             |          |
|    actor_loss      | 35.3     |
|    critic_loss     | 2.3e+03  |
|    ent_coef        | 0.921    |
|    ent_coef_loss   | -0.231   |
|    learning_rate   | 5e-05    |
|    n_updates       | 1677     |
---------------------------------
---------------------------------
| rollout/           |          |
|    ep_len_mean     | 127      |
|    ep_rew_mean     | -919     |
| time/              |          |
|    episodes        | 108      |
|    fps             | 122      |
|    time_elapsed    | 115      |
|    total_timesteps | 14152    |
| train/             |          |
|    actor_loss      | 35.8     |
|    critic_loss     | 3.96e+03 |
|    ent_coef        | 0.918    |
|    ent_coef_loss   | -0.233   |
|    learning_rate   | 5e-05    |
|    n_updates       | 1756     |
---------------------------------
---------------------------------
| rollout/           |          |
|    ep_len_mean     | 128      |
|    ep_rew_mean     | -930     |
| time/              |          |
|    episodes        | 112      |
|    fps             | 123      |
|    time_elapsed    | 119      |
|    total_timesteps | 14688    |
| train/             |          |
|    actor_loss      | 45.1     |
|    critic_loss     | 5.85e+03 |
|    ent_coef        | 0.915    |
|    ent_coef_loss   | -0.235   |
|    learning_rate   | 5e-05    |
|    n_updates       | 1823     |
---------------------------------
---------------------------------
| rollout/           |          |
|    ep_len_mean     | 131      |
|    ep_rew_mean     | -931     |
| time/              |          |
|    episodes        | 116      |
|    fps             | 122      |
|    time_elapsed    | 123      |
|    total_timesteps | 15128    |
| train/             |          |
|    actor_loss      | 39.8     |
|    critic_loss     | 1.14e+04 |
|    ent_coef        | 0.913    |
|    ent_coef_loss   | -0.255   |
|    learning_rate   | 5e-05    |
|    n_updates       | 1878     |
---------------------------------
---------------------------------
| rollout/           |          |
|    ep_len_mean     | 130      |
|    ep_rew_mean     | -953     |
| time/              |          |
|    episodes        | 120      |
|    fps             | 123      |
|    time_elapsed    | 126      |
|    total_timesteps | 15568    |
| train/             |          |
|    actor_loss      | 52.6     |
|    critic_loss     | 1.12e+04 |
|    ent_coef        | 0.911    |
|    ent_coef_loss   | -0.251   |
|    learning_rate   | 5e-05    |
|    n_updates       | 1933     |
---------------------------------
---------------------------------
| rollout/           |          |
|    ep_len_mean     | 131      |
|    ep_rew_mean     | -954     |
| time/              |          |
|    episodes        | 124      |
|    fps             | 123      |
|    time_elapsed    | 131      |
|    total_timesteps | 16344    |
| train/             |          |
|    actor_loss      | 49.1     |
|    critic_loss     | 4.22e+03 |
|    ent_coef        | 0.907    |
|    ent_coef_loss   | -0.26    |
|    learning_rate   | 5e-05    |
|    n_updates       | 2030     |
---------------------------------
---------------------------------
| rollout/           |          |
|    ep_len_mean     | 133      |
|    ep_rew_mean     | -955     |
| time/              |          |
|    episodes        | 128      |
|    fps             | 123      |
|    time_elapsed    | 135      |
|    total_timesteps | 16776    |
| train/             |          |
|    actor_loss      | 45.1     |
|    critic_loss     | 5.22e+03 |
|    ent_coef        | 0.905    |
|    ent_coef_loss   | -0.261   |
|    learning_rate   | 5e-05    |
|    n_updates       | 2084     |
---------------------------------
---------------------------------
| rollout/           |          |
|    ep_len_mean     | 134      |
|    ep_rew_mean     | -956     |
| time/              |          |
|    episodes        | 132      |
|    fps             | 123      |
|    time_elapsed    | 142      |
|    total_timesteps | 17624    |
| train/             |          |
|    actor_loss      | 56.3     |
|    critic_loss     | 874      |
|    ent_coef        | 0.901    |
|    ent_coef_loss   | -0.261   |
|    learning_rate   | 5e-05    |
|    n_updates       | 2190     |
---------------------------------
---------------------------------
| rollout/           |          |
|    ep_len_mean     | 135      |
|    ep_rew_mean     | -957     |
| time/              |          |
|    episodes        | 136      |
|    fps             | 122      |
|    time_elapsed    | 146      |
|    total_timesteps | 17976    |
| train/             |          |
|    actor_loss      | 61.6     |
|    critic_loss     | 6.91e+03 |
|    ent_coef        | 0.899    |
|    ent_coef_loss   | -0.269   |
|    learning_rate   | 5e-05    |
|    n_updates       | 2234     |
---------------------------------
---------------------------------
| rollout/           |          |
|    ep_len_mean     | 134      |
|    ep_rew_mean     | -958     |
| time/              |          |
|    episodes        | 140      |
|    fps             | 122      |
|    time_elapsed    | 150      |
|    total_timesteps | 18448    |
| train/             |          |
|    actor_loss      | 59.1     |
|    critic_loss     | 7.54e+03 |
|    ent_coef        | 0.897    |
|    ent_coef_loss   | -0.261   |
|    learning_rate   | 5e-05    |
|    n_updates       | 2293     |
---------------------------------
---------------------------------
| rollout/           |          |
|    ep_len_mean     | 133      |
|    ep_rew_mean     | -981     |
| time/              |          |
|    episodes        | 144      |
|    fps             | 122      |
|    time_elapsed    | 154      |
|    total_timesteps | 19016    |
| train/             |          |
|    actor_loss      | 65.9     |
|    critic_loss     | 2.16e+03 |
|    ent_coef        | 0.894    |
|    ent_coef_loss   | -0.279   |
|    learning_rate   | 5e-05    |
|    n_updates       | 2364     |
---------------------------------
---------------------------------
| rollout/           |          |
|    ep_len_mean     | 133      |
|    ep_rew_mean     | -981     |
| time/              |          |
|    episodes        | 148      |
|    fps             | 123      |
|    time_elapsed    | 159      |
|    total_timesteps | 19568    |
| train/             |          |
|    actor_loss      | 71.9     |
|    critic_loss     | 5.81e+03 |
|    ent_coef        | 0.892    |
|    ent_coef_loss   | -0.28    |
|    learning_rate   | 5e-05    |
|    n_updates       | 2433     |
---------------------------------
---------------------------------
| rollout/           |          |
|    ep_len_mean     | 133      |
|    ep_rew_mean     | -982     |
| time/              |          |
|    episodes        | 152      |
|    fps             | 122      |
|    time_elapsed    | 161      |
|    total_timesteps | 19808    |
| train/             |          |
|    actor_loss      | 61.9     |
|    critic_loss     | 1.02e+03 |
|    ent_coef        | 0.89     |
|    ent_coef_loss   | -0.29    |
|    learning_rate   | 5e-05    |
|    n_updates       | 2463     |
---------------------------------
---------------------------------
| rollout/           |          |
|    ep_len_mean     | 131      |
|    ep_rew_mean     | -994     |
| time/              |          |
|    episodes        | 156      |
|    fps             | 123      |
|    time_elapsed    | 164      |
|    total_timesteps | 20248    |
| train/             |          |
|    actor_loss      | 63.6     |
|    critic_loss     | 2.78e+03 |
|    ent_coef        | 0.888    |
|    ent_coef_loss   | -0.287   |
|    learning_rate   | 5e-05    |
|    n_updates       | 2518     |
---------------------------------
---------------------------------
| rollout/           |          |
|    ep_len_mean     | 130      |
|    ep_rew_mean     | -995     |
| time/              |          |
|    episodes        | 160      |
|    fps             | 123      |
|    time_elapsed    | 169      |
|    total_timesteps | 20896    |
| train/             |          |
|    actor_loss      | 71       |
|    critic_loss     | 7.07e+03 |
|    ent_coef        | 0.885    |
|    ent_coef_loss   | -0.301   |
|    learning_rate   | 5e-05    |
|    n_updates       | 2599     |
---------------------------------
---------------------------------
| rollout/           |          |
|    ep_len_mean     | 131      |
|    ep_rew_mean     | -995     |
| time/              |          |
|    episodes        | 164      |
|    fps             | 123      |
|    time_elapsed    | 173      |
|    total_timesteps | 21504    |
| train/             |          |
|    actor_loss      | 79.2     |
|    critic_loss     | 5.6e+03  |
|    ent_coef        | 0.882    |
|    ent_coef_loss   | -0.286   |
|    learning_rate   | 5e-05    |
|    n_updates       | 2675     |
---------------------------------
---------------------------------
| rollout/           |          |
|    ep_len_mean     | 133      |
|    ep_rew_mean     | -996     |
| time/              |          |
|    episodes        | 168      |
|    fps             | 123      |
|    time_elapsed    | 179      |
|    total_timesteps | 22264    |
| train/             |          |
|    actor_loss      | 76.5     |
|    critic_loss     | 2.28e+03 |
|    ent_coef        | 0.879    |
|    ent_coef_loss   | -0.297   |
|    learning_rate   | 5e-05    |
|    n_updates       | 2770     |
---------------------------------
---------------------------------
| rollout/           |          |
|    ep_len_mean     | 134      |
|    ep_rew_mean     | -997     |
| time/              |          |
|    episodes        | 172      |
|    fps             | 124      |
|    time_elapsed    | 183      |
|    total_timesteps | 22736    |
| train/             |          |
|    actor_loss      | 78.7     |
|    critic_loss     | 3.36e+03 |
|    ent_coef        | 0.876    |
|    ent_coef_loss   | -0.3     |
|    learning_rate   | 5e-05    |
|    n_updates       | 2829     |
---------------------------------
---------------------------------
| rollout/           |          |
|    ep_len_mean     | 134      |
|    ep_rew_mean     | -998     |
| time/              |          |
|    episodes        | 176      |
|    fps             | 124      |
|    time_elapsed    | 185      |
|    total_timesteps | 23112    |
| train/             |          |
|    actor_loss      | 88.5     |
|    critic_loss     | 3.99e+03 |
|    ent_coef        | 0.875    |
|    ent_coef_loss   | -0.318   |
|    learning_rate   | 5e-05    |
|    n_updates       | 2876     |
---------------------------------
---------------------------------
| rollout/           |          |
|    ep_len_mean     | 134      |
|    ep_rew_mean     | -998     |
| time/              |          |
|    episodes        | 180      |
|    fps             | 124      |
|    time_elapsed    | 191      |
|    total_timesteps | 23840    |
| train/             |          |
|    actor_loss      | 87.6     |
|    critic_loss     | 5.53e+03 |
|    ent_coef        | 0.871    |
|    ent_coef_loss   | -0.331   |
|    learning_rate   | 5e-05    |
|    n_updates       | 2967     |
---------------------------------
---------------------------------
| rollout/           |          |
|    ep_len_mean     | 135      |
|    ep_rew_mean     | -999     |
| time/              |          |
|    episodes        | 184      |
|    fps             | 124      |
|    time_elapsed    | 193      |
|    total_timesteps | 24032    |
| train/             |          |
|    actor_loss      | 92.8     |
|    critic_loss     | 3.18e+03 |
|    ent_coef        | 0.87     |
|    ent_coef_loss   | -0.325   |
|    learning_rate   | 5e-05    |
|    n_updates       | 2991     |
---------------------------------
---------------------------------
| rollout/           |          |
|    ep_len_mean     | 133      |
|    ep_rew_mean     | -999     |
| time/              |          |
|    episodes        | 188      |
|    fps             | 124      |
|    time_elapsed    | 199      |
|    total_timesteps | 24784    |
| train/             |          |
|    actor_loss      | 96.3     |
|    critic_loss     | 3.47e+03 |
|    ent_coef        | 0.867    |
|    ent_coef_loss   | -0.341   |
|    learning_rate   | 5e-05    |
|    n_updates       | 3085     |
---------------------------------
---------------------------------
| rollout/           |          |
|    ep_len_mean     | 134      |
|    ep_rew_mean     | -1e+03   |
| time/              |          |
|    episodes        | 192      |
|    fps             | 124      |
|    time_elapsed    | 203      |
|    total_timesteps | 25216    |
| train/             |          |
|    actor_loss      | 87.2     |
|    critic_loss     | 5.11e+03 |
|    ent_coef        | 0.864    |
|    ent_coef_loss   | -0.34    |
|    learning_rate   | 5e-05    |
|    n_updates       | 3139     |
---------------------------------
---------------------------------
| rollout/           |          |
|    ep_len_mean     | 134      |
|    ep_rew_mean     | -1e+03   |
| time/              |          |
|    episodes        | 196      |
|    fps             | 124      |
|    time_elapsed    | 208      |
|    total_timesteps | 25904    |
| train/             |          |
|    actor_loss      | 98.6     |
|    critic_loss     | 2.23e+03 |
|    ent_coef        | 0.861    |
|    ent_coef_loss   | -0.367   |
|    learning_rate   | 5e-05    |
|    n_updates       | 3225     |
---------------------------------
---------------------------------
| rollout/           |          |
|    ep_len_mean     | 134      |
|    ep_rew_mean     | -1e+03   |
| time/              |          |
|    episodes        | 200      |
|    fps             | 123      |
|    time_elapsed    | 212      |
|    total_timesteps | 26328    |
| train/             |          |
|    actor_loss      | 98.2     |
|    critic_loss     | 5.18e+03 |
|    ent_coef        | 0.859    |
|    ent_coef_loss   | -0.361   |
|    learning_rate   | 5e-05    |
|    n_updates       | 3278     |
---------------------------------
---------------------------------
| rollout/           |          |
|    ep_len_mean     | 133      |
|    ep_rew_mean     | -1e+03   |
| time/              |          |
|    episodes        | 204      |
|    fps             | 123      |
|    time_elapsed    | 217      |
|    total_timesteps | 26920    |
| train/             |          |
|    actor_loss      | 106      |
|    critic_loss     | 5.17e+03 |
|    ent_coef        | 0.856    |
|    ent_coef_loss   | -0.39    |
|    learning_rate   | 5e-05    |
|    n_updates       | 3352     |
---------------------------------
---------------------------------
| rollout/           |          |
|    ep_len_mean     | 133      |
|    ep_rew_mean     | -1e+03   |
| time/              |          |
|    episodes        | 208      |
|    fps             | 123      |
|    time_elapsed    | 221      |
|    total_timesteps | 27352    |
| train/             |          |
|    actor_loss      | 108      |
|    critic_loss     | 2.02e+03 |
|    ent_coef        | 0.854    |
|    ent_coef_loss   | -0.386   |
|    learning_rate   | 5e-05    |
|    n_updates       | 3406     |
---------------------------------
---------------------------------
| rollout/           |          |
|    ep_len_mean     | 133      |
|    ep_rew_mean     | -1e+03   |
| time/              |          |
|    episodes        | 212      |
|    fps             | 123      |
|    time_elapsed    | 227      |
|    total_timesteps | 28032    |
| train/             |          |
|    actor_loss      | 110      |
|    critic_loss     | 3.14e+03 |
|    ent_coef        | 0.85     |
|    ent_coef_loss   | -0.403   |
|    learning_rate   | 5e-05    |
|    n_updates       | 3491     |
---------------------------------
---------------------------------
| rollout/           |          |
|    ep_len_mean     | 132      |
|    ep_rew_mean     | -1e+03   |
| time/              |          |
|    episodes        | 216      |
|    fps             | 123      |
|    time_elapsed    | 230      |
|    total_timesteps | 28456    |
| train/             |          |
|    actor_loss      | 111      |
|    critic_loss     | 2.23e+03 |
|    ent_coef        | 0.848    |
|    ent_coef_loss   | -0.406   |
|    learning_rate   | 5e-05    |
|    n_updates       | 3544     |
---------------------------------
---------------------------------
| rollout/           |          |
|    ep_len_mean     | 132      |
|    ep_rew_mean     | -999     |
| time/              |          |
|    episodes        | 220      |
|    fps             | 123      |
|    time_elapsed    | 233      |
|    total_timesteps | 28888    |
| train/             |          |
|    actor_loss      | 125      |
|    critic_loss     | 788      |
|    ent_coef        | 0.846    |
|    ent_coef_loss   | -0.395   |
|    learning_rate   | 5e-05    |
|    n_updates       | 3598     |
---------------------------------
---------------------------------
| rollout/           |          |
|    ep_len_mean     | 133      |
|    ep_rew_mean     | -999     |
| time/              |          |
|    episodes        | 224      |
|    fps             | 123      |
|    time_elapsed    | 239      |
|    total_timesteps | 29544    |
| train/             |          |
|    actor_loss      | 125      |
|    critic_loss     | 789      |
|    ent_coef        | 0.843    |
|    ent_coef_loss   | -0.409   |
|    learning_rate   | 5e-05    |
|    n_updates       | 3680     |
---------------------------------
---------------------------------
| rollout/           |          |
|    ep_len_mean     | 132      |
|    ep_rew_mean     | -999     |
| time/              |          |
|    episodes        | 228      |
|    fps             | 123      |
|    time_elapsed    | 242      |
|    total_timesteps | 30000    |
| train/             |          |
|    actor_loss      | 117      |
|    critic_loss     | 5.23e+03 |
|    ent_coef        | 0.84     |
|    ent_coef_loss   | -0.44    |
|    learning_rate   | 5e-05    |
|    n_updates       | 3737     |
---------------------------------
---------------------------------
| rollout/           |          |
|    ep_len_mean     | 133      |
|    ep_rew_mean     | -999     |
| time/              |          |
|    episodes        | 232      |
|    fps             | 123      |
|    time_elapsed    | 247      |
|    total_timesteps | 30640    |
| train/             |          |
|    actor_loss      | 110      |
|    critic_loss     | 5.25e+03 |
|    ent_coef        | 0.837    |
|    ent_coef_loss   | -0.469   |
|    learning_rate   | 5e-05    |
|    n_updates       | 3817     |
---------------------------------
---------------------------------
| rollout/           |          |
|    ep_len_mean     | 131      |
|    ep_rew_mean     | -998     |
| time/              |          |
|    episodes        | 236      |
|    fps             | 123      |
|    time_elapsed    | 250      |
|    total_timesteps | 30944    |
| train/             |          |
|    actor_loss      | 98.3     |
|    critic_loss     | 1.67e+03 |
|    ent_coef        | 0.835    |
|    ent_coef_loss   | -0.479   |
|    learning_rate   | 5e-05    |
|    n_updates       | 3855     |
---------------------------------
---------------------------------
| rollout/           |          |
|    ep_len_mean     | 131      |
|    ep_rew_mean     | -998     |
| time/              |          |
|    episodes        | 240      |
|    fps             | 123      |
|    time_elapsed    | 255      |
|    total_timesteps | 31560    |
| train/             |          |
|    actor_loss      | 116      |
|    critic_loss     | 3.12e+03 |
|    ent_coef        | 0.832    |
|    ent_coef_loss   | -0.489   |
|    learning_rate   | 5e-05    |
|    n_updates       | 3932     |
---------------------------------
---------------------------------
| rollout/           |          |
|    ep_len_mean     | 131      |
|    ep_rew_mean     | -997     |
| time/              |          |
|    episodes        | 244      |
|    fps             | 123      |
|    time_elapsed    | 258      |
|    total_timesteps | 31976    |
| train/             |          |
|    actor_loss      | 133      |
|    critic_loss     | 1.8e+03  |
|    ent_coef        | 0.83     |
|    ent_coef_loss   | -0.481   |
|    learning_rate   | 5e-05    |
|    n_updates       | 3984     |
---------------------------------
---------------------------------
| rollout/           |          |
|    ep_len_mean     | 131      |
|    ep_rew_mean     | -997     |
| time/              |          |
|    episodes        | 248      |
|    fps             | 123      |
|    time_elapsed    | 264      |
|    total_timesteps | 32688    |
| train/             |          |
|    actor_loss      | 131      |
|    critic_loss     | 5.17e+03 |
|    ent_coef        | 0.826    |
|    ent_coef_loss   | -0.494   |
|    learning_rate   | 5e-05    |
|    n_updates       | 4073     |
---------------------------------
---------------------------------
| rollout/           |          |
|    ep_len_mean     | 131      |
|    ep_rew_mean     | -997     |
| time/              |          |
|    episodes        | 252      |
|    fps             | 123      |
|    time_elapsed    | 267      |
|    total_timesteps | 33032    |
| train/             |          |
|    actor_loss      | 123      |
|    critic_loss     | 1.14e+03 |
|    ent_coef        | 0.824    |
|    ent_coef_loss   | -0.495   |
|    learning_rate   | 5e-05    |
|    n_updates       | 4116     |
---------------------------------
---------------------------------
| rollout/           |          |
|    ep_len_mean     | 131      |
|    ep_rew_mean     | -996     |
| time/              |          |
|    episodes        | 256      |
|    fps             | 123      |
|    time_elapsed    | 273      |
|    total_timesteps | 33768    |
| train/             |          |
|    actor_loss      | 135      |
|    critic_loss     | 1.09e+03 |
|    ent_coef        | 0.82     |
|    ent_coef_loss   | -0.546   |
|    learning_rate   | 5e-05    |
|    n_updates       | 4208     |
---------------------------------
---------------------------------
| rollout/           |          |
|    ep_len_mean     | 133      |
|    ep_rew_mean     | -995     |
| time/              |          |
|    episodes        | 260      |
|    fps             | 123      |
|    time_elapsed    | 277      |
|    total_timesteps | 34152    |
| train/             |          |
|    actor_loss      | 105      |
|    critic_loss     | 447      |
|    ent_coef        | 0.818    |
|    ent_coef_loss   | -0.535   |
|    learning_rate   | 5e-05    |
|    n_updates       | 4256     |
---------------------------------
---------------------------------
| rollout/           |          |
|    ep_len_mean     | 133      |
|    ep_rew_mean     | -995     |
| time/              |          |
|    episodes        | 264      |
|    fps             | 123      |
|    time_elapsed    | 282      |
|    total_timesteps | 34760    |
| train/             |          |
|    actor_loss      | 137      |
|    critic_loss     | 2.47e+03 |
|    ent_coef        | 0.815    |
|    ent_coef_loss   | -0.555   |
|    learning_rate   | 5e-05    |
|    n_updates       | 4332     |
---------------------------------
---------------------------------
| rollout/           |          |
|    ep_len_mean     | 131      |
|    ep_rew_mean     | -994     |
| time/              |          |
|    episodes        | 268      |
|    fps             | 123      |
|    time_elapsed    | 284      |
|    total_timesteps | 34952    |
| train/             |          |
|    actor_loss      | 140      |
|    critic_loss     | 2.53e+03 |
|    ent_coef        | 0.814    |
|    ent_coef_loss   | -0.56    |
|    learning_rate   | 5e-05    |
|    n_updates       | 4356     |
---------------------------------
---------------------------------
| rollout/           |          |
|    ep_len_mean     | 130      |
|    ep_rew_mean     | -994     |
| time/              |          |
|    episodes        | 272      |
|    fps             | 123      |
|    time_elapsed    | 289      |
|    total_timesteps | 35568    |
| train/             |          |
|    actor_loss      | 132      |
|    critic_loss     | 1.44e+03 |
|    ent_coef        | 0.811    |
|    ent_coef_loss   | -0.545   |
|    learning_rate   | 5e-05    |
|    n_updates       | 4433     |
---------------------------------
---------------------------------
| rollout/           |          |
|    ep_len_mean     | 128      |
|    ep_rew_mean     | -993     |
| time/              |          |
|    episodes        | 276      |
|    fps             | 122      |
|    time_elapsed    | 293      |
|    total_timesteps | 36104    |
| train/             |          |
|    actor_loss      | 137      |
|    critic_loss     | 3.98e+03 |
|    ent_coef        | 0.808    |
|    ent_coef_loss   | -0.551   |
|    learning_rate   | 5e-05    |
|    n_updates       | 4500     |
---------------------------------
---------------------------------
| rollout/           |          |
|    ep_len_mean     | 129      |
|    ep_rew_mean     | -993     |
| time/              |          |
|    episodes        | 280      |
|    fps             | 122      |
|    time_elapsed    | 299      |
|    total_timesteps | 36712    |
| train/             |          |
|    actor_loss      | 133      |
|    critic_loss     | 2.45e+03 |
|    ent_coef        | 0.805    |
|    ent_coef_loss   | -0.568   |
|    learning_rate   | 5e-05    |
|    n_updates       | 4576     |
---------------------------------
---------------------------------
| rollout/           |          |
|    ep_len_mean     | 130      |
|    ep_rew_mean     | -993     |
| time/              |          |
|    episodes        | 284      |
|    fps             | 122      |
|    time_elapsed    | 303      |
|    total_timesteps | 37280    |
| train/             |          |
|    actor_loss      | 147      |
|    critic_loss     | 4.38e+03 |
|    ent_coef        | 0.802    |
|    ent_coef_loss   | -0.569   |
|    learning_rate   | 5e-05    |
|    n_updates       | 4647     |
---------------------------------
---------------------------------
| rollout/           |          |
|    ep_len_mean     | 130      |
|    ep_rew_mean     | -992     |
| time/              |          |
|    episodes        | 288      |
|    fps             | 122      |
|    time_elapsed    | 308      |
|    total_timesteps | 37840    |
| train/             |          |
|    actor_loss      | 151      |
|    critic_loss     | 4.16e+03 |
|    ent_coef        | 0.799    |
|    ent_coef_loss   | -0.576   |
|    learning_rate   | 5e-05    |
|    n_updates       | 4717     |
---------------------------------
---------------------------------
| rollout/           |          |
|    ep_len_mean     | 130      |
|    ep_rew_mean     | -992     |
| time/              |          |
|    episodes        | 292      |
|    fps             | 122      |
|    time_elapsed    | 312      |
|    total_timesteps | 38280    |
| train/             |          |
|    actor_loss      | 146      |
|    critic_loss     | 3.44e+03 |
|    ent_coef        | 0.797    |
|    ent_coef_loss   | -0.594   |
|    learning_rate   | 5e-05    |
|    n_updates       | 4772     |
---------------------------------
---------------------------------
| rollout/           |          |
|    ep_len_mean     | 131      |
|    ep_rew_mean     | -992     |
| time/              |          |
|    episodes        | 296      |
|    fps             | 122      |
|    time_elapsed    | 318      |
|    total_timesteps | 38936    |
| train/             |          |
|    actor_loss      | 150      |
|    critic_loss     | 2.73e+03 |
|    ent_coef        | 0.794    |
|    ent_coef_loss   | -0.632   |
|    learning_rate   | 5e-05    |
|    n_updates       | 4854     |
---------------------------------
---------------------------------
| rollout/           |          |
|    ep_len_mean     | 130      |
|    ep_rew_mean     | -991     |
| time/              |          |
|    episodes        | 300      |
|    fps             | 121      |
|    time_elapsed    | 324      |
|    total_timesteps | 39456    |
| train/             |          |
|    actor_loss      | 152      |
|    critic_loss     | 1.41e+03 |
|    ent_coef        | 0.791    |
|    ent_coef_loss   | -0.629   |
|    learning_rate   | 5e-05    |
|    n_updates       | 4919     |
---------------------------------
---------------------------------
| rollout/           |          |
|    ep_len_mean     | 130      |
|    ep_rew_mean     | -992     |
| time/              |          |
|    episodes        | 304      |
|    fps             | 121      |
|    time_elapsed    | 328      |
|    total_timesteps | 39936    |
| train/             |          |
|    actor_loss      | 163      |
|    critic_loss     | 2.51e+03 |
|    ent_coef        | 0.789    |
|    ent_coef_loss   | -0.608   |
|    learning_rate   | 5e-05    |
|    n_updates       | 4979     |
---------------------------------
---------------------------------
| rollout/           |          |
|    ep_len_mean     | 131      |
|    ep_rew_mean     | -992     |
| time/              |          |
|    episodes        | 308      |
|    fps             | 121      |
|    time_elapsed    | 331      |
|    total_timesteps | 40352    |
| train/             |          |
|    actor_loss      | 163      |
|    critic_loss     | 2.16e+03 |
|    ent_coef        | 0.787    |
|    ent_coef_loss   | -0.651   |
|    learning_rate   | 5e-05    |
|    n_updates       | 5031     |
---------------------------------
---------------------------------
| rollout/           |          |
|    ep_len_mean     | 129      |
|    ep_rew_mean     | -991     |
| time/              |          |
|    episodes        | 312      |
|    fps             | 121      |
|    time_elapsed    | 334      |
|    total_timesteps | 40696    |
| train/             |          |
|    actor_loss      | 154      |
|    critic_loss     | 597      |
|    ent_coef        | 0.785    |
|    ent_coef_loss   | -0.658   |
|    learning_rate   | 5e-05    |
|    n_updates       | 5074     |
---------------------------------
---------------------------------
| rollout/           |          |
|    ep_len_mean     | 129      |
|    ep_rew_mean     | -991     |
| time/              |          |
|    episodes        | 316      |
|    fps             | 121      |
|    time_elapsed    | 341      |
|    total_timesteps | 41456    |
| train/             |          |
|    actor_loss      | 156      |
|    critic_loss     | 1.6e+03  |
|    ent_coef        | 0.781    |
|    ent_coef_loss   | -0.703   |
|    learning_rate   | 5e-05    |
|    n_updates       | 5169     |
---------------------------------
---------------------------------
| rollout/           |          |
|    ep_len_mean     | 131      |
|    ep_rew_mean     | -991     |
| time/              |          |
|    episodes        | 320      |
|    fps             | 121      |
|    time_elapsed    | 346      |
|    total_timesteps | 42088    |
| train/             |          |
|    actor_loss      | 172      |
|    critic_loss     | 1.33e+03 |
|    ent_coef        | 0.778    |
|    ent_coef_loss   | -0.685   |
|    learning_rate   | 5e-05    |
|    n_updates       | 5248     |
---------------------------------
---------------------------------
| rollout/           |          |
|    ep_len_mean     | 131      |
|    ep_rew_mean     | -990     |
| time/              |          |
|    episodes        | 324      |
|    fps             | 121      |
|    time_elapsed    | 349      |
|    total_timesteps | 42464    |
| train/             |          |
|    actor_loss      | 157      |
|    critic_loss     | 1.69e+03 |
|    ent_coef        | 0.776    |
|    ent_coef_loss   | -0.714   |
|    learning_rate   | 5e-05    |
|    n_updates       | 5295     |
---------------------------------
---------------------------------
| rollout/           |          |
|    ep_len_mean     | 131      |
|    ep_rew_mean     | -990     |
| time/              |          |
|    episodes        | 328      |
|    fps             | 121      |
|    time_elapsed    | 355      |
|    total_timesteps | 43128    |
| train/             |          |
|    actor_loss      | 166      |
|    critic_loss     | 3.11e+03 |
|    ent_coef        | 0.772    |
|    ent_coef_loss   | -0.721   |
|    learning_rate   | 5e-05    |
|    n_updates       | 5378     |
---------------------------------
---------------------------------
| rollout/           |          |
|    ep_len_mean     | 130      |
|    ep_rew_mean     | -979     |
| time/              |          |
|    episodes        | 332      |
|    fps             | 121      |
|    time_elapsed    | 358      |
|    total_timesteps | 43560    |
| train/             |          |
|    actor_loss      | 161      |
|    critic_loss     | 832      |
|    ent_coef        | 0.77     |
|    ent_coef_loss   | -0.716   |
|    learning_rate   | 5e-05    |
|    n_updates       | 5432     |
---------------------------------
---------------------------------
| rollout/           |          |
|    ep_len_mean     | 130      |
|    ep_rew_mean     | -978     |
| time/              |          |
|    episodes        | 336      |
|    fps             | 121      |
|    time_elapsed    | 362      |
|    total_timesteps | 44088    |
| train/             |          |
|    actor_loss      | 170      |
|    critic_loss     | 1.16e+03 |
|    ent_coef        | 0.768    |
|    ent_coef_loss   | -0.725   |
|    learning_rate   | 5e-05    |
|    n_updates       | 5498     |
---------------------------------
---------------------------------
| rollout/           |          |
|    ep_len_mean     | 130      |
|    ep_rew_mean     | -978     |
| time/              |          |
|    episodes        | 340      |
|    fps             | 121      |
|    time_elapsed    | 368      |
|    total_timesteps | 44728    |
| train/             |          |
|    actor_loss      | 160      |
|    critic_loss     | 2.61e+03 |
|    ent_coef        | 0.764    |
|    ent_coef_loss   | -0.758   |
|    learning_rate   | 5e-05    |
|    n_updates       | 5578     |
---------------------------------
---------------------------------
| rollout/           |          |
|    ep_len_mean     | 130      |
|    ep_rew_mean     | -978     |
| time/              |          |
|    episodes        | 344      |
|    fps             | 121      |
|    time_elapsed    | 371      |
|    total_timesteps | 45112    |
| train/             |          |
|    actor_loss      | 171      |
|    critic_loss     | 1.03e+03 |
|    ent_coef        | 0.763    |
|    ent_coef_loss   | -0.767   |
|    learning_rate   | 5e-05    |
|    n_updates       | 5626     |
---------------------------------
---------------------------------
| rollout/           |          |
|    ep_len_mean     | 131      |
|    ep_rew_mean     | -978     |
| time/              |          |
|    episodes        | 348      |
|    fps             | 121      |
|    time_elapsed    | 376      |
|    total_timesteps | 45712    |
| train/             |          |
|    actor_loss      | 172      |
|    critic_loss     | 1.77e+03 |
|    ent_coef        | 0.76     |
|    ent_coef_loss   | -0.757   |
|    learning_rate   | 5e-05    |
|    n_updates       | 5701     |
---------------------------------
---------------------------------
| rollout/           |          |
|    ep_len_mean     | 132      |
|    ep_rew_mean     | -977     |
| time/              |          |
|    episodes        | 352      |
|    fps             | 121      |
|    time_elapsed    | 378      |
|    total_timesteps | 46000    |
| train/             |          |
|    actor_loss      | 172      |
|    critic_loss     | 303      |
|    ent_coef        | 0.758    |
|    ent_coef_loss   | -0.79    |
|    learning_rate   | 5e-05    |
|    n_updates       | 5737     |
---------------------------------
---------------------------------
| rollout/           |          |
|    ep_len_mean     | 132      |
|    ep_rew_mean     | -977     |
| time/              |          |
|    episodes        | 356      |
|    fps             | 121      |
|    time_elapsed    | 384      |
|    total_timesteps | 46736    |
| train/             |          |
|    actor_loss      | 176      |
|    critic_loss     | 1.99e+03 |
|    ent_coef        | 0.755    |
|    ent_coef_loss   | -0.798   |
|    learning_rate   | 5e-05    |
|    n_updates       | 5829     |
---------------------------------
---------------------------------
| rollout/           |          |
|    ep_len_mean     | 131      |
|    ep_rew_mean     | -978     |
| time/              |          |
|    episodes        | 360      |
|    fps             | 121      |
|    time_elapsed    | 389      |
|    total_timesteps | 47392    |
| train/             |          |
|    actor_loss      | 166      |
|    critic_loss     | 258      |
|    ent_coef        | 0.751    |
|    ent_coef_loss   | -0.836   |
|    learning_rate   | 5e-05    |
|    n_updates       | 5911     |
---------------------------------
---------------------------------
| rollout/           |          |
|    ep_len_mean     | 131      |
|    ep_rew_mean     | -967     |
| time/              |          |
|    episodes        | 364      |
|    fps             | 121      |
|    time_elapsed    | 392      |
|    total_timesteps | 47768    |
| train/             |          |
|    actor_loss      | 185      |
|    critic_loss     | 1.35e+03 |
|    ent_coef        | 0.75     |
|    ent_coef_loss   | -0.804   |
|    learning_rate   | 5e-05    |
|    n_updates       | 5958     |
---------------------------------
---------------------------------
| rollout/           |          |
|    ep_len_mean     | 131      |
|    ep_rew_mean     | -967     |
| time/              |          |
|    episodes        | 368      |
|    fps             | 121      |
|    time_elapsed    | 395      |
|    total_timesteps | 48088    |
| train/             |          |
|    actor_loss      | 176      |
|    critic_loss     | 1.01e+03 |
|    ent_coef        | 0.748    |
|    ent_coef_loss   | -0.824   |
|    learning_rate   | 5e-05    |
|    n_updates       | 5998     |
---------------------------------
---------------------------------
| rollout/           |          |
|    ep_len_mean     | 131      |
|    ep_rew_mean     | -967     |
| time/              |          |
|    episodes        | 372      |
|    fps             | 121      |
|    time_elapsed    | 401      |
|    total_timesteps | 48752    |
| train/             |          |
|    actor_loss      | 178      |
|    critic_loss     | 145      |
|    ent_coef        | 0.745    |
|    ent_coef_loss   | -0.839   |
|    learning_rate   | 5e-05    |
|    n_updates       | 6081     |
---------------------------------
---------------------------------
| rollout/           |          |
|    ep_len_mean     | 132      |
|    ep_rew_mean     | -967     |
| time/              |          |
|    episodes        | 376      |
|    fps             | 121      |
|    time_elapsed    | 405      |
|    total_timesteps | 49112    |
| train/             |          |
|    actor_loss      | 183      |
|    critic_loss     | 376      |
|    ent_coef        | 0.743    |
|    ent_coef_loss   | -0.848   |
|    learning_rate   | 5e-05    |
|    n_updates       | 6126     |
---------------------------------
---------------------------------
| rollout/           |          |
|    ep_len_mean     | 131      |
|    ep_rew_mean     | -966     |
| time/              |          |
|    episodes        | 380      |
|    fps             | 121      |
|    time_elapsed    | 411      |
|    total_timesteps | 49880    |
| train/             |          |
|    actor_loss      | 161      |
|    critic_loss     | 1.2e+03  |
|    ent_coef        | 0.739    |
|    ent_coef_loss   | -0.884   |
|    learning_rate   | 5e-05    |
|    n_updates       | 6222     |
---------------------------------
[EVAL @50000] obs=0 ep=0 succ=1 reason=goal cte=0.05 front=16.00 R=106.5
[EVAL @50000] obs=0 ep=1 succ=1 reason=goal cte=0.06 front=16.00 R=106.3
[EVAL @50000] obs=0 ep=2 succ=1 reason=goal cte=0.12 front=16.00 R=105.4
[EVAL @50000] obs=0 ep=3 succ=1 reason=goal cte=0.10 front=16.00 R=105.6
[EVAL @50000] obs=0 ep=4 succ=0 reason=border cte=1.14 front=16.00 R=-973.9
[EVAL @50000] obs=0 ep=5 succ=0 reason=border cte=1.32 front=16.00 R=-977.0
[EVAL @50000] obs=0 ep=6 succ=1 reason=goal cte=0.08 front=16.00 R=106.0
[EVAL @50000] obs=0 ep=7 succ=0 reason=border cte=1.40 front=16.00 R=-977.5
[EVAL @50000] obs=0 ep=8 succ=1 reason=goal cte=0.05 front=16.00 R=106.5
[EVAL @50000] obs=0 ep=9 succ=0 reason=border cte=0.98 front=16.00 R=-968.6
[EVAL @50000] obs=1 ep=0 succ=0 reason=border cte=1.35 front=8.87 R=-978.5
[EVAL @50000] obs=1 ep=1 succ=0 reason=border cte=0.49 front=6.01 R=-970.6
[EVAL @50000] obs=1 ep=2 succ=0 reason=border cte=0.68 front=3.95 R=-978.9
[EVAL @50000] obs=1 ep=3 succ=1 reason=goal cte=0.17 front=10.51 R=104.2
[EVAL @50000] obs=1 ep=4 succ=0 reason=border cte=0.70 front=3.07 R=-980.7
[EVAL @50000] obs=1 ep=5 succ=0 reason=border cte=1.54 front=6.31 R=-983.2
[EVAL @50000] obs=1 ep=6 succ=0 reason=border cte=0.70 front=4.03 R=-983.6
[EVAL @50000] obs=1 ep=7 succ=0 reason=border cte=1.22 front=3.71 R=-981.1
[EVAL @50000] obs=1 ep=8 succ=0 reason=border cte=0.64 front=5.49 R=-987.1
[EVAL @50000] obs=1 ep=9 succ=0 reason=border cte=1.54 front=6.99 R=-981.5
[EVAL @50000] obs=2 ep=0 succ=0 reason=obstacle cte=0.14 front=0.23 R=-989.5
[EVAL @50000] obs=2 ep=1 succ=0 reason=obstacle cte=0.24 front=0.28 R=-985.4
[EVAL @50000] obs=2 ep=2 succ=0 reason=border cte=1.02 front=5.46 R=-976.2
[EVAL @50000] obs=2 ep=3 succ=0 reason=border cte=1.48 front=7.33 R=-979.6
[EVAL @50000] obs=2 ep=4 succ=0 reason=border cte=1.11 front=4.95 R=-978.9
[EVAL @50000] obs=2 ep=5 succ=0 reason=border cte=1.68 front=3.77 R=-996.5
[EVAL @50000] obs=2 ep=6 succ=0 reason=obstacle cte=0.13 front=1.73 R=-993.3
[EVAL @50000] obs=2 ep=7 succ=0 reason=border cte=0.72 front=4.55 R=-983.6
[EVAL @50000] obs=2 ep=8 succ=0 reason=obstacle cte=0.38 front=1.25 R=-980.1
[EVAL @50000] obs=2 ep=9 succ=0 reason=border cte=0.90 front=3.74 R=-980.2
[EVAL @50000] obs=3 ep=0 succ=0 reason=border cte=0.91 front=4.66 R=-980.0
[EVAL @50000] obs=3 ep=1 succ=0 reason=border cte=1.03 front=3.32 R=-983.4
[EVAL @50000] obs=3 ep=2 succ=0 reason=border cte=0.81 front=8.06 R=-975.8
[EVAL @50000] obs=3 ep=3 succ=0 reason=obstacle cte=0.47 front=0.21 R=-979.2
[EVAL @50000] obs=3 ep=4 succ=0 reason=border cte=0.45 front=5.55 R=-987.8
[EVAL @50000] obs=3 ep=5 succ=0 reason=border cte=0.93 front=11.31 R=-993.0
[EVAL @50000] obs=3 ep=6 succ=0 reason=border cte=1.10 front=8.44 R=-978.8
[EVAL @50000] obs=3 ep=7 succ=0 reason=border cte=0.44 front=5.09 R=-974.8
[EVAL @50000] obs=3 ep=8 succ=0 reason=border cte=1.54 front=4.05 R=-985.7
[EVAL @50000] obs=3 ep=9 succ=0 reason=border cte=1.53 front=2.91 R=-982.4
[EVAL @50000] obs=4 ep=0 succ=0 reason=obstacle cte=0.08 front=0.23 R=-992.7
[EVAL @50000] obs=4 ep=1 succ=0 reason=obstacle cte=0.31 front=0.15 R=-976.7
[EVAL @50000] obs=4 ep=2 succ=0 reason=border cte=1.01 front=3.98 R=-981.2
[EVAL @50000] obs=4 ep=3 succ=0 reason=obstacle cte=0.38 front=0.28 R=-980.1
[EVAL @50000] obs=4 ep=4 succ=0 reason=border cte=1.36 front=6.84 R=-982.6
[EVAL @50000] obs=4 ep=5 succ=0 reason=border cte=1.18 front=2.85 R=-980.2
[EVAL @50000] obs=4 ep=6 succ=0 reason=obstacle cte=0.32 front=2.78 R=-979.1
[EVAL @50000] obs=4 ep=7 succ=0 reason=border cte=1.07 front=7.42 R=-977.3
[EVAL @50000] obs=4 ep=8 succ=0 reason=obstacle cte=0.26 front=0.39 R=-990.7
[EVAL @50000] obs=4 ep=9 succ=0 reason=border cte=1.17 front=7.14 R=-979.5
[EVAL @50000] obs=5 ep=0 succ=0 reason=border cte=1.66 front=3.82 R=-993.3
[EVAL @50000] obs=5 ep=1 succ=0 reason=obstacle cte=0.20 front=1.33 R=-990.8
[EVAL @50000] obs=5 ep=2 succ=0 reason=border cte=0.55 front=4.82 R=-985.5
[EVAL @50000] obs=5 ep=3 succ=0 reason=obstacle cte=0.40 front=0.33 R=-980.5
[EVAL @50000] obs=5 ep=4 succ=0 reason=border cte=0.55 front=6.79 R=-981.8
[EVAL @50000] obs=5 ep=5 succ=0 reason=border cte=1.32 front=4.50 R=-980.2
[EVAL @50000] obs=5 ep=6 succ=0 reason=border cte=0.81 front=5.10 R=-989.6
[EVAL @50000] obs=5 ep=7 succ=0 reason=border cte=0.52 front=3.29 R=-991.1
[EVAL @50000] obs=5 ep=8 succ=0 reason=obstacle cte=0.18 front=2.70 R=-986.5
[EVAL @50000] obs=5 ep=9 succ=0 reason=obstacle cte=0.13 front=2.05 R=-990.0
New BEST model saved: score=-3.192, success=0.117
------------------------------------------
| eval/                       |          |
|    border_rate              | 0.65     |
|    collision_rate           | 0.883    |
|    max_block_alpha          | 1        |
|    max_rpm                  | 12       |
|    mean_abs_course_error    | 11.8     |
|    mean_abs_cte             | 0.747    |
|    mean_abs_lookahead_error | 19.4     |
|    mean_d_end               | 9.3      |
|    mean_ep_len              | 144      |
|    mean_ep_reward           | -856     |
|    mean_lambda              | 0.5      |
|    mean_progress_per_step   | 0.0725   |
|    mean_r_border            | -0.01    |
|    mean_r_center            | 0        |
|    mean_r_exist             | -0.5     |
|    mean_r_local             | 0        |
|    mean_r_oa                | -0.00395 |
|    mean_r_pf                | 0.886    |
|    mean_rpm                 | 12       |
|    mean_sector_pen          | 6.29     |
|    mean_speed               | 0.83     |
|    min_front_clearance      | 0.153    |
|    min_min_lidar_all        | 0.144    |
|    min_p10_front            | 0.144    |
|    min_rpm                  | 12       |
|    min_sector_range         | 0.144    |
|    obs_0_border_rate        | 0.4      |
|    obs_0_mean_abs_cte       | 0.529    |
|    obs_0_obstacle_rate      | 0        |
|    obs_0_success_rate       | 0.6      |
|    obs_0_timeout_rate       | 0        |
|    obs_1_border_rate        | 0.9      |
|    obs_1_mean_abs_cte       | 0.904    |
|    obs_1_obstacle_rate      | 0        |
|    obs_1_success_rate       | 0.1      |
|    obs_1_timeout_rate       | 0        |
|    obs_2_border_rate        | 0.6      |
|    obs_2_mean_abs_cte       | 0.78     |
|    obs_2_obstacle_rate      | 0.4      |
|    obs_2_success_rate       | 0        |
|    obs_2_timeout_rate       | 0        |
|    obs_3_border_rate        | 0.9      |
|    obs_3_mean_abs_cte       | 0.922    |
|    obs_3_obstacle_rate      | 0.1      |
|    obs_3_success_rate       | 0        |
|    obs_3_timeout_rate       | 0        |
|    obs_4_border_rate        | 0.5      |
|    obs_4_mean_abs_cte       | 0.714    |
|    obs_4_obstacle_rate      | 0.5      |
|    obs_4_success_rate       | 0        |
|    obs_4_timeout_rate       | 0        |
|    obs_5_border_rate        | 0.6      |
|    obs_5_mean_abs_cte       | 0.632    |
|    obs_5_obstacle_rate      | 0.4      |
|    obs_5_success_rate       | 0        |
|    obs_5_timeout_rate       | 0        |
|    obstacle_rate            | 0.233    |
|    p10_sector_range         | 0.147    |
|    reward_info_rate         | 1        |
|    selection_score          | -3.19    |
|    std_ep_reward            | 349      |
|    success_rate             | 0.117    |
|    timeout_rate             | 0        |
|    timesteps                | 50000    |
| rollout/                    |          |
|    ep_len_mean              | 130      |
|    ep_rew_mean              | -966     |
| time/                       |          |
|    episodes                 | 384      |
|    fps                      | 112      |
|    time_elapsed             | 445      |
|    total_timesteps          | 50240    |
| train/                      |          |
|    actor_loss               | 180      |
|    critic_loss              | 1.28e+03 |
|    ent_coef                 | 0.738    |
|    ent_coef_loss            | -0.893   |
|    learning_rate            | 5e-05    |
|    n_updates                | 6267     |
------------------------------------------
---------------------------------
| rollout/           |          |
|    ep_len_mean     | 131      |
|    ep_rew_mean     | -965     |
| time/              |          |
|    episodes        | 388      |
|    fps             | 112      |
|    time_elapsed    | 449      |
|    total_timesteps | 50640    |
| train/             |          |
|    actor_loss      | 187      |
|    critic_loss     | 983      |
|    ent_coef        | 0.736    |
|    ent_coef_loss   | -0.891   |
|    learning_rate   | 5e-05    |
|    n_updates       | 6317     |
---------------------------------
---------------------------------
| rollout/           |          |
|    ep_len_mean     | 131      |
|    ep_rew_mean     | -954     |
| time/              |          |
|    episodes        | 392      |
|    fps             | 112      |
|    time_elapsed    | 460      |
|    total_timesteps | 51664    |
| train/             |          |
|    actor_loss      | 191      |
|    critic_loss     | 3.11e+03 |
|    ent_coef        | 0.731    |
|    ent_coef_loss   | -0.916   |
|    learning_rate   | 5e-05    |
|    n_updates       | 6445     |
---------------------------------
---------------------------------
| rollout/           |          |
|    ep_len_mean     | 132      |
|    ep_rew_mean     | -942     |
| time/              |          |
|    episodes        | 396      |
|    fps             | 111      |
|    time_elapsed    | 463      |
|    total_timesteps | 51904    |
| train/             |          |
|    actor_loss      | 184      |
|    critic_loss     | 855      |
|    ent_coef        | 0.73     |
|    ent_coef_loss   | -0.928   |
|    learning_rate   | 5e-05    |
|    n_updates       | 6475     |
---------------------------------
---------------------------------
| rollout/           |          |
|    ep_len_mean     | 131      |
|    ep_rew_mean     | -942     |
| time/              |          |
|    episodes        | 400      |
|    fps             | 112      |
|    time_elapsed    | 468      |
|    total_timesteps | 52464    |
| train/             |          |
|    actor_loss      | 201      |
|    critic_loss     | 1.36e+03 |
|    ent_coef        | 0.727    |
|    ent_coef_loss   | -0.953   |
|    learning_rate   | 5e-05    |
|    n_updates       | 6545     |
---------------------------------
---------------------------------
| rollout/           |          |
|    ep_len_mean     | 131      |
|    ep_rew_mean     | -942     |
| time/              |          |
|    episodes        | 404      |
|    fps             | 112      |
|    time_elapsed    | 475      |
|    total_timesteps | 53360    |
| train/             |          |
|    actor_loss      | 209      |
|    critic_loss     | 3.03e+03 |
|    ent_coef        | 0.723    |
|    ent_coef_loss   | -0.916   |
|    learning_rate   | 5e-05    |
|    n_updates       | 6657     |
---------------------------------
---------------------------------
| rollout/           |          |
|    ep_len_mean     | 132      |
|    ep_rew_mean     | -941     |
| time/              |          |
|    episodes        | 408      |
|    fps             | 112      |
|    time_elapsed    | 476      |
|    total_timesteps | 53480    |
| train/             |          |
|    actor_loss      | 183      |
|    critic_loss     | 194      |
|    ent_coef        | 0.722    |
|    ent_coef_loss   | -0.952   |
|    learning_rate   | 5e-05    |
|    n_updates       | 6672     |
---------------------------------
---------------------------------
| rollout/           |          |
|    ep_len_mean     | 134      |
|    ep_rew_mean     | -941     |
| time/              |          |
|    episodes        | 412      |
|    fps             | 112      |
|    time_elapsed    | 485      |
|    total_timesteps | 54520    |
| train/             |          |
|    actor_loss      | 185      |
|    critic_loss     | 1.79e+03 |
|    ent_coef        | 0.717    |
|    ent_coef_loss   | -0.968   |
|    learning_rate   | 5e-05    |
|    n_updates       | 6802     |
---------------------------------
---------------------------------
| rollout/           |          |
|    ep_len_mean     | 136      |
|    ep_rew_mean     | -940     |
| time/              |          |
|    episodes        | 416      |
|    fps             | 112      |
|    time_elapsed    | 488      |
|    total_timesteps | 54904    |
| train/             |          |
|    actor_loss      | 183      |
|    critic_loss     | 1.04e+03 |
|    ent_coef        | 0.716    |
|    ent_coef_loss   | -0.965   |
|    learning_rate   | 5e-05    |
|    n_updates       | 6850     |
---------------------------------
---------------------------------
| rollout/           |          |
|    ep_len_mean     | 136      |
|    ep_rew_mean     | -940     |
| time/              |          |
|    episodes        | 420      |
|    fps             | 112      |
|    time_elapsed    | 494      |
|    total_timesteps | 55656    |
| train/             |          |
|    actor_loss      | 205      |
|    critic_loss     | 981      |
|    ent_coef        | 0.712    |
|    ent_coef_loss   | -1.01    |
|    learning_rate   | 5e-05    |
|    n_updates       | 6944     |
---------------------------------
---------------------------------
| rollout/           |          |
|    ep_len_mean     | 136      |
|    ep_rew_mean     | -940     |
| time/              |          |
|    episodes        | 424      |
|    fps             | 112      |
|    time_elapsed    | 499      |
|    total_timesteps | 56216    |
| train/             |          |
|    actor_loss      | 210      |
|    critic_loss     | 1.08e+03 |
|    ent_coef        | 0.71     |
|    ent_coef_loss   | -1.03    |
|    learning_rate   | 5e-05    |
|    n_updates       | 7014     |
---------------------------------
---------------------------------
| rollout/           |          |
|    ep_len_mean     | 137      |
|    ep_rew_mean     | -940     |
| time/              |          |
|    episodes        | 428      |
|    fps             | 112      |
|    time_elapsed    | 504      |
|    total_timesteps | 56856    |
| train/             |          |
|    actor_loss      | 197      |
|    critic_loss     | 511      |
|    ent_coef        | 0.707    |
|    ent_coef_loss   | -1.02    |
|    learning_rate   | 5e-05    |
|    n_updates       | 7094     |
---------------------------------
---------------------------------
| rollout/           |          |
|    ep_len_mean     | 137      |
|    ep_rew_mean     | -950     |
| time/              |          |
|    episodes        | 432      |
|    fps             | 112      |
|    time_elapsed    | 510      |
|    total_timesteps | 57592    |
| train/             |          |
|    actor_loss      | 203      |
|    critic_loss     | 353      |
|    ent_coef        | 0.703    |
|    ent_coef_loss   | -1.06    |
|    learning_rate   | 5e-05    |
|    n_updates       | 7186     |
---------------------------------
---------------------------------
| rollout/           |          |
|    ep_len_mean     | 138      |
|    ep_rew_mean     | -950     |
| time/              |          |
|    episodes        | 436      |
|    fps             | 112      |
|    time_elapsed    | 513      |
|    total_timesteps | 57936    |
| train/             |          |
|    actor_loss      | 210      |
|    critic_loss     | 158      |
|    ent_coef        | 0.702    |
|    ent_coef_loss   | -1.03    |
|    learning_rate   | 5e-05    |
|    n_updates       | 7229     |
---------------------------------
---------------------------------
| rollout/           |          |
|    ep_len_mean     | 140      |
|    ep_rew_mean     | -950     |
| time/              |          |
|    episodes        | 440      |
|    fps             | 112      |
|    time_elapsed    | 519      |
|    total_timesteps | 58640    |
| train/             |          |
|    actor_loss      | 219      |
|    critic_loss     | 1.43e+03 |
|    ent_coef        | 0.699    |
|    ent_coef_loss   | -1.05    |
|    learning_rate   | 5e-05    |
|    n_updates       | 7317     |
---------------------------------
---------------------------------
| rollout/           |          |
|    ep_len_mean     | 140      |
|    ep_rew_mean     | -950     |
| time/              |          |
|    episodes        | 444      |
|    fps             | 112      |
|    time_elapsed    | 525      |
|    total_timesteps | 59296    |
| train/             |          |
|    actor_loss      | 224      |
|    critic_loss     | 3.36e+03 |
|    ent_coef        | 0.696    |
|    ent_coef_loss   | -1.06    |
|    learning_rate   | 5e-05    |
|    n_updates       | 7399     |
---------------------------------
---------------------------------
| rollout/           |          |
|    ep_len_mean     | 141      |
|    ep_rew_mean     | -951     |
| time/              |          |
|    episodes        | 448      |
|    fps             | 112      |
|    time_elapsed    | 531      |
|    total_timesteps | 59920    |
| train/             |          |
|    actor_loss      | 205      |
|    critic_loss     | 1.19e+03 |
|    ent_coef        | 0.693    |
|    ent_coef_loss   | -1.09    |
|    learning_rate   | 5e-05    |
|    n_updates       | 7477     |
---------------------------------
---------------------------------
| rollout/           |          |
|    ep_len_mean     | 141      |
|    ep_rew_mean     | -951     |
| time/              |          |
|    episodes        | 452      |
|    fps             | 112      |
|    time_elapsed    | 534      |
|    total_timesteps | 60352    |
| train/             |          |
|    actor_loss      | 226      |
|    critic_loss     | 1.22e+03 |
|    ent_coef        | 0.691    |
|    ent_coef_loss   | -1.09    |
|    learning_rate   | 5e-05    |
|    n_updates       | 7531     |
---------------------------------
---------------------------------
| rollout/           |          |
|    ep_len_mean     | 142      |
|    ep_rew_mean     | -951     |
| time/              |          |
|    episodes        | 456      |
|    fps             | 112      |
|    time_elapsed    | 540      |
|    total_timesteps | 60888    |
| train/             |          |
|    actor_loss      | 222      |
|    critic_loss     | 377      |
|    ent_coef        | 0.689    |
|    ent_coef_loss   | -1.12    |
|    learning_rate   | 5e-05    |
|    n_updates       | 7598     |
---------------------------------
---------------------------------
| rollout/           |          |
|    ep_len_mean     | 142      |
|    ep_rew_mean     | -951     |
| time/              |          |
|    episodes        | 460      |
|    fps             | 112      |
|    time_elapsed    | 547      |
|    total_timesteps | 61592    |
| train/             |          |
|    actor_loss      | 194      |
|    critic_loss     | 525      |
|    ent_coef        | 0.686    |
|    ent_coef_loss   | -1.12    |
|    learning_rate   | 5e-05    |
|    n_updates       | 7686     |
---------------------------------
---------------------------------
| rollout/           |          |
|    ep_len_mean     | 143      |
|    ep_rew_mean     | -962     |
| time/              |          |
|    episodes        | 464      |
|    fps             | 112      |
|    time_elapsed    | 553      |
|    total_timesteps | 62184    |
| train/             |          |
|    actor_loss      | 210      |
|    critic_loss     | 623      |
|    ent_coef        | 0.683    |
|    ent_coef_loss   | -1.12    |
|    learning_rate   | 5e-05    |
|    n_updates       | 7760     |
---------------------------------
---------------------------------
| rollout/           |          |
|    ep_len_mean     | 145      |
|    ep_rew_mean     | -951     |
| time/              |          |
|    episodes        | 468      |
|    fps             | 112      |
|    time_elapsed    | 558      |
|    total_timesteps | 62680    |
| train/             |          |
|    actor_loss      | 214      |
|    critic_loss     | 1.49e+03 |
|    ent_coef        | 0.681    |
|    ent_coef_loss   | -1.12    |
|    learning_rate   | 5e-05    |
|    n_updates       | 7822     |
---------------------------------
---------------------------------
| rollout/           |          |
|    ep_len_mean     | 146      |
|    ep_rew_mean     | -951     |
| time/              |          |
|    episodes        | 472      |
|    fps             | 112      |
|    time_elapsed    | 566      |
|    total_timesteps | 63448    |
| train/             |          |
|    actor_loss      | 198      |
|    critic_loss     | 822      |
|    ent_coef        | 0.677    |
|    ent_coef_loss   | -1.18    |
|    learning_rate   | 5e-05    |
|    n_updates       | 7918     |
---------------------------------
---------------------------------
| rollout/           |          |
|    ep_len_mean     | 146      |
|    ep_rew_mean     | -950     |
| time/              |          |
|    episodes        | 476      |
|    fps             | 111      |
|    time_elapsed    | 571      |
|    total_timesteps | 63968    |
| train/             |          |
|    actor_loss      | 225      |
|    critic_loss     | 568      |
|    ent_coef        | 0.675    |
|    ent_coef_loss   | -1.18    |
|    learning_rate   | 5e-05    |
|    n_updates       | 7983     |
---------------------------------
---------------------------------
| rollout/           |          |
|    ep_len_mean     | 147      |
|    ep_rew_mean     | -950     |
| time/              |          |
|    episodes        | 480      |
|    fps             | 111      |
|    time_elapsed    | 578      |
|    total_timesteps | 64704    |
| train/             |          |
|    actor_loss      | 218      |
|    critic_loss     | 2.87e+03 |
|    ent_coef        | 0.672    |
|    ent_coef_loss   | -1.18    |
|    learning_rate   | 5e-05    |
|    n_updates       | 8075     |
---------------------------------
---------------------------------
| rollout/           |          |
|    ep_len_mean     | 149      |
|    ep_rew_mean     | -951     |
| time/              |          |
|    episodes        | 484      |
|    fps             | 111      |
|    time_elapsed    | 580      |
|    total_timesteps | 64928    |
| train/             |          |
|    actor_loss      | 252      |
|    critic_loss     | 1.25e+03 |
|    ent_coef        | 0.671    |
|    ent_coef_loss   | -1.2     |
|    learning_rate   | 5e-05    |
|    n_updates       | 8103     |
---------------------------------
---------------------------------
| rollout/           |          |
|    ep_len_mean     | 148      |
|    ep_rew_mean     | -951     |
| time/              |          |
|    episodes        | 488      |
|    fps             | 111      |
|    time_elapsed    | 588      |
|    total_timesteps | 65840    |
| train/             |          |
|    actor_loss      | 232      |
|    critic_loss     | 1.09e+03 |
|    ent_coef        | 0.667    |
|    ent_coef_loss   | -1.2     |
|    learning_rate   | 5e-05    |
|    n_updates       | 8217     |
---------------------------------
---------------------------------
| rollout/           |          |
|    ep_len_mean     | 148      |
|    ep_rew_mean     | -962     |
| time/              |          |
|    episodes        | 492      |
|    fps             | 112      |
|    time_elapsed    | 591      |
|    total_timesteps | 66240    |
| train/             |          |
|    actor_loss      | 228      |
|    critic_loss     | 775      |
|    ent_coef        | 0.665    |
|    ent_coef_loss   | -1.25    |
|    learning_rate   | 5e-05    |
|    n_updates       | 8267     |
---------------------------------
---------------------------------
| rollout/           |          |
|    ep_len_mean     | 146      |
|    ep_rew_mean     | -973     |
| time/              |          |
|    episodes        | 496      |
|    fps             | 112      |
|    time_elapsed    | 594      |
|    total_timesteps | 66592    |
| train/             |          |
|    actor_loss      | 228      |
|    critic_loss     | 993      |
|    ent_coef        | 0.664    |
|    ent_coef_loss   | -1.26    |
|    learning_rate   | 5e-05    |
|    n_updates       | 8311     |
---------------------------------
---------------------------------
| rollout/           |          |
|    ep_len_mean     | 146      |
|    ep_rew_mean     | -973     |
| time/              |          |
|    episodes        | 500      |
|    fps             | 112      |
|    time_elapsed    | 598      |
|    total_timesteps | 67112    |
| train/             |          |
|    actor_loss      | 225      |
|    critic_loss     | 498      |
|    ent_coef        | 0.662    |
|    ent_coef_loss   | -1.27    |
|    learning_rate   | 5e-05    |
|    n_updates       | 8376     |
---------------------------------
---------------------------------
| rollout/           |          |
|    ep_len_mean     | 147      |
|    ep_rew_mean     | -963     |
| time/              |          |
|    episodes        | 504      |
|    fps             | 112      |
|    time_elapsed    | 603      |
|    total_timesteps | 67672    |
| train/             |          |
|    actor_loss      | 257      |
|    critic_loss     | 1.38e+03 |
|    ent_coef        | 0.659    |
|    ent_coef_loss   | -1.23    |
|    learning_rate   | 5e-05    |
|    n_updates       | 8446     |
---------------------------------
---------------------------------
| rollout/           |          |
|    ep_len_mean     | 147      |
|    ep_rew_mean     | -963     |
| time/              |          |
|    episodes        | 508      |
|    fps             | 112      |
|    time_elapsed    | 609      |
|    total_timesteps | 68408    |
| train/             |          |
|    actor_loss      | 243      |
|    critic_loss     | 1.19e+03 |
|    ent_coef        | 0.656    |
|    ent_coef_loss   | -1.29    |
|    learning_rate   | 5e-05    |
|    n_updates       | 8538     |
---------------------------------
---------------------------------
| rollout/           |          |
|    ep_len_mean     | 146      |
|    ep_rew_mean     | -963     |
| time/              |          |
|    episodes        | 512      |
|    fps             | 112      |
|    time_elapsed    | 612      |
|    total_timesteps | 68808    |
| train/             |          |
|    actor_loss      | 241      |
|    critic_loss     | 1.56e+03 |
|    ent_coef        | 0.654    |
|    ent_coef_loss   | -1.31    |
|    learning_rate   | 5e-05    |
|    n_updates       | 8588     |
---------------------------------
---------------------------------
| rollout/           |          |
|    ep_len_mean     | 145      |
|    ep_rew_mean     | -952     |
| time/              |          |
|    episodes        | 516      |
|    fps             | 112      |
|    time_elapsed    | 618      |
|    total_timesteps | 69536    |
| train/             |          |
|    actor_loss      | 249      |
|    critic_loss     | 1.5e+03  |
|    ent_coef        | 0.651    |
|    ent_coef_loss   | -1.31    |
|    learning_rate   | 5e-05    |
|    n_updates       | 8679     |
---------------------------------
---------------------------------
| rollout/           |          |
|    ep_len_mean     | 144      |
|    ep_rew_mean     | -952     |
| time/              |          |
|    episodes        | 520      |
|    fps             | 112      |
|    time_elapsed    | 621      |
|    total_timesteps | 69992    |
| train/             |          |
|    actor_loss      | 227      |
|    critic_loss     | 371      |
|    ent_coef        | 0.65     |
|    ent_coef_loss   | -1.3     |
|    learning_rate   | 5e-05    |
|    n_updates       | 8736     |
---------------------------------
---------------------------------
| rollout/           |          |
|    ep_len_mean     | 145      |
|    ep_rew_mean     | -952     |
| time/              |          |
|    episodes        | 524      |
|    fps             | 112      |
|    time_elapsed    | 627      |
|    total_timesteps | 70640    |
| train/             |          |
|    actor_loss      | 244      |
|    critic_loss     | 1.11e+03 |
|    ent_coef        | 0.647    |
|    ent_coef_loss   | -1.35    |
|    learning_rate   | 5e-05    |
|    n_updates       | 8817     |
---------------------------------
---------------------------------
| rollout/           |          |
|    ep_len_mean     | 143      |
|    ep_rew_mean     | -952     |
| time/              |          |
|    episodes        | 528      |
|    fps             | 112      |
|    time_elapsed    | 630      |
|    total_timesteps | 71104    |
| train/             |          |
|    actor_loss      | 235      |
|    critic_loss     | 1.67e+03 |
|    ent_coef        | 0.645    |
|    ent_coef_loss   | -1.36    |
|    learning_rate   | 5e-05    |
|    n_updates       | 8875     |
---------------------------------
---------------------------------
| rollout/           |          |
|    ep_len_mean     | 144      |
|    ep_rew_mean     | -952     |
| time/              |          |
|    episodes        | 532      |
|    fps             | 112      |
|    time_elapsed    | 637      |
|    total_timesteps | 71944    |
| train/             |          |
|    actor_loss      | 243      |
|    critic_loss     | 2.14e+03 |
|    ent_coef        | 0.641    |
|    ent_coef_loss   | -1.36    |
|    learning_rate   | 5e-05    |
|    n_updates       | 8980     |
---------------------------------
---------------------------------
| rollout/           |          |
|    ep_len_mean     | 145      |
|    ep_rew_mean     | -953     |
| time/              |          |
|    episodes        | 536      |
|    fps             | 112      |
|    time_elapsed    | 642      |
|    total_timesteps | 72496    |
| train/             |          |
|    actor_loss      | 228      |
|    critic_loss     | 1.29e+03 |
|    ent_coef        | 0.639    |
|    ent_coef_loss   | -1.39    |
|    learning_rate   | 5e-05    |
|    n_updates       | 9049     |
---------------------------------
---------------------------------
| rollout/           |          |
|    ep_len_mean     | 145      |
|    ep_rew_mean     | -953     |
| time/              |          |
|    episodes        | 540      |
|    fps             | 112      |
|    time_elapsed    | 645      |
|    total_timesteps | 72952    |
| train/             |          |
|    actor_loss      | 248      |
|    critic_loss     | 1.24e+03 |
|    ent_coef        | 0.637    |
|    ent_coef_loss   | -1.4     |
|    learning_rate   | 5e-05    |
|    n_updates       | 9106     |
---------------------------------
---------------------------------
| rollout/           |          |
|    ep_len_mean     | 144      |
|    ep_rew_mean     | -953     |
| time/              |          |
|    episodes        | 544      |
|    fps             | 112      |
|    time_elapsed    | 651      |
|    total_timesteps | 73600    |
| train/             |          |
|    actor_loss      | 264      |
|    critic_loss     | 734      |
|    ent_coef        | 0.635    |
|    ent_coef_loss   | -1.38    |
|    learning_rate   | 5e-05    |
|    n_updates       | 9187     |
---------------------------------
---------------------------------
| rollout/           |          |
|    ep_len_mean     | 143      |
|    ep_rew_mean     | -952     |
| time/              |          |
|    episodes        | 548      |
|    fps             | 112      |
|    time_elapsed    | 654      |
|    total_timesteps | 73992    |
| train/             |          |
|    actor_loss      | 238      |
|    critic_loss     | 692      |
|    ent_coef        | 0.633    |
|    ent_coef_loss   | -1.42    |
|    learning_rate   | 5e-05    |
|    n_updates       | 9236     |
---------------------------------
---------------------------------
| rollout/           |          |
|    ep_len_mean     | 142      |
|    ep_rew_mean     | -952     |
| time/              |          |
|    episodes        | 552      |
|    fps             | 113      |
|    time_elapsed    | 660      |
|    total_timesteps | 74608    |
| train/             |          |
|    actor_loss      | 255      |
|    critic_loss     | 1.37e+03 |
|    ent_coef        | 0.631    |
|    ent_coef_loss   | -1.44    |
|    learning_rate   | 5e-05    |
|    n_updates       | 9313     |
---------------------------------
---------------------------------
| rollout/           |          |
|    ep_len_mean     | 142      |
|    ep_rew_mean     | -952     |
| time/              |          |
|    episodes        | 556      |
|    fps             | 113      |
|    time_elapsed    | 663      |
|    total_timesteps | 75032    |
| train/             |          |
|    actor_loss      | 250      |
|    critic_loss     | 772      |
|    ent_coef        | 0.629    |
|    ent_coef_loss   | -1.45    |
|    learning_rate   | 5e-05    |
|    n_updates       | 9366     |
---------------------------------
---------------------------------
| rollout/           |          |
|    ep_len_mean     | 140      |
|    ep_rew_mean     | -951     |
| time/              |          |
|    episodes        | 560      |
|    fps             | 113      |
|    time_elapsed    | 667      |
|    total_timesteps | 75504    |
| train/             |          |
|    actor_loss      | 264      |
|    critic_loss     | 1.75e+03 |
|    ent_coef        | 0.627    |
|    ent_coef_loss   | -1.46    |
|    learning_rate   | 5e-05    |
|    n_updates       | 9425     |
---------------------------------
---------------------------------
| rollout/           |          |
|    ep_len_mean     | 139      |
|    ep_rew_mean     | -951     |
| time/              |          |
|    episodes        | 564      |
|    fps             | 113      |
|    time_elapsed    | 674      |
|    total_timesteps | 76368    |
| train/             |          |
|    actor_loss      | 261      |
|    critic_loss     | 1.33e+03 |
|    ent_coef        | 0.624    |
|    ent_coef_loss   | -1.44    |
|    learning_rate   | 5e-05    |
|    n_updates       | 9533     |
---------------------------------
---------------------------------
| rollout/           |          |
|    ep_len_mean     | 139      |
|    ep_rew_mean     | -962     |
| time/              |          |
|    episodes        | 568      |
|    fps             | 113      |
|    time_elapsed    | 676      |
|    total_timesteps | 76608    |
| train/             |          |
|    actor_loss      | 243      |
|    critic_loss     | 930      |
|    ent_coef        | 0.623    |
|    ent_coef_loss   | -1.49    |
|    learning_rate   | 5e-05    |
|    n_updates       | 9563     |
---------------------------------
---------------------------------
| rollout/           |          |
|    ep_len_mean     | 139      |
|    ep_rew_mean     | -962     |
| time/              |          |
|    episodes        | 572      |
|    fps             | 113      |
|    time_elapsed    | 682      |
|    total_timesteps | 77360    |
| train/             |          |
|    actor_loss      | 266      |
|    critic_loss     | 394      |
|    ent_coef        | 0.62     |
|    ent_coef_loss   | -1.47    |
|    learning_rate   | 5e-05    |
|    n_updates       | 9657     |
---------------------------------
---------------------------------
| rollout/           |          |
|    ep_len_mean     | 139      |
|    ep_rew_mean     | -962     |
| time/              |          |
|    episodes        | 576      |
|    fps             | 113      |
|    time_elapsed    | 685      |
|    total_timesteps | 77752    |
| train/             |          |
|    actor_loss      | 248      |
|    critic_loss     | 261      |
|    ent_coef        | 0.618    |
|    ent_coef_loss   | -1.48    |
|    learning_rate   | 5e-05    |
|    n_updates       | 9706     |
---------------------------------
---------------------------------
| rollout/           |          |
|    ep_len_mean     | 139      |
|    ep_rew_mean     | -963     |
| time/              |          |
|    episodes        | 580      |
|    fps             | 113      |
|    time_elapsed    | 693      |
|    total_timesteps | 78696    |
| train/             |          |
|    actor_loss      | 260      |
|    critic_loss     | 3.13e+03 |
|    ent_coef        | 0.614    |
|    ent_coef_loss   | -1.51    |
|    learning_rate   | 5e-05    |
|    n_updates       | 9824     |
---------------------------------
---------------------------------
| rollout/           |          |
|    ep_len_mean     | 139      |
|    ep_rew_mean     | -963     |
| time/              |          |
|    episodes        | 584      |
|    fps             | 113      |
|    time_elapsed    | 695      |
|    total_timesteps | 78912    |
| train/             |          |
|    actor_loss      | 262      |
|    critic_loss     | 442      |
|    ent_coef        | 0.614    |
|    ent_coef_loss   | -1.53    |
|    learning_rate   | 5e-05    |
|    n_updates       | 9851     |
---------------------------------
---------------------------------
| rollout/           |          |
|    ep_len_mean     | 139      |
|    ep_rew_mean     | -963     |
| time/              |          |
|    episodes        | 588      |
|    fps             | 113      |
|    time_elapsed    | 700      |
|    total_timesteps | 79544    |
| train/             |          |
|    actor_loss      | 256      |
|    critic_loss     | 1.33e+03 |
|    ent_coef        | 0.611    |
|    ent_coef_loss   | -1.57    |
|    learning_rate   | 5e-05    |
|    n_updates       | 9930     |
---------------------------------
---------------------------------
| rollout/           |          |
|    ep_len_mean     | 138      |
|    ep_rew_mean     | -963     |
| time/              |          |
|    episodes        | 592      |
|    fps             | 113      |
|    time_elapsed    | 704      |
|    total_timesteps | 80016    |
| train/             |          |
|    actor_loss      | 266      |
|    critic_loss     | 1.3e+03  |
|    ent_coef        | 0.609    |
|    ent_coef_loss   | -1.53    |
|    learning_rate   | 5e-05    |
|    n_updates       | 9989     |
---------------------------------
---------------------------------
| rollout/           |          |
|    ep_len_mean     | 139      |
|    ep_rew_mean     | -963     |
| time/              |          |
|    episodes        | 596      |
|    fps             | 113      |
|    time_elapsed    | 710      |
|    total_timesteps | 80840    |
| train/             |          |
|    actor_loss      | 256      |
|    critic_loss     | 774      |
|    ent_coef        | 0.606    |
|    ent_coef_loss   | -1.61    |
|    learning_rate   | 5e-05    |
|    n_updates       | 10092    |
---------------------------------
---------------------------------
| rollout/           |          |
|    ep_len_mean     | 141      |
|    ep_rew_mean     | -962     |
| time/              |          |
|    episodes        | 600      |
|    fps             | 113      |
|    time_elapsed    | 715      |
|    total_timesteps | 81392    |
| train/             |          |
|    actor_loss      | 271      |
|    critic_loss     | 302      |
|    ent_coef        | 0.604    |
|    ent_coef_loss   | -1.61    |
|    learning_rate   | 5e-05    |
|    n_updates       | 10161    |
---------------------------------
---------------------------------
| rollout/           |          |
|    ep_len_mean     | 141      |
|    ep_rew_mean     | -973     |
| time/              |          |
|    episodes        | 604      |
|    fps             | 113      |
|    time_elapsed    | 718      |
|    total_timesteps | 81800    |
| train/             |          |
|    actor_loss      | 281      |
|    critic_loss     | 284      |
|    ent_coef        | 0.602    |
|    ent_coef_loss   | -1.58    |
|    learning_rate   | 5e-05    |
|    n_updates       | 10212    |
---------------------------------
---------------------------------
| rollout/           |          |
|    ep_len_mean     | 139      |
|    ep_rew_mean     | -973     |
| time/              |          |
|    episodes        | 608      |
|    fps             | 113      |
|    time_elapsed    | 722      |
|    total_timesteps | 82272    |
| train/             |          |
|    actor_loss      | 285      |
|    critic_loss     | 605      |
|    ent_coef        | 0.6      |
|    ent_coef_loss   | -1.64    |
|    learning_rate   | 5e-05    |
|    n_updates       | 10271    |
---------------------------------
---------------------------------
| rollout/           |          |
|    ep_len_mean     | 140      |
|    ep_rew_mean     | -973     |
| time/              |          |
|    episodes        | 612      |
|    fps             | 113      |
|    time_elapsed    | 727      |
|    total_timesteps | 82816    |
| train/             |          |
|    actor_loss      | 299      |
|    critic_loss     | 1.05e+03 |
|    ent_coef        | 0.598    |
|    ent_coef_loss   | -1.63    |
|    learning_rate   | 5e-05    |
|    n_updates       | 10339    |
---------------------------------
---------------------------------
| rollout/           |          |
|    ep_len_mean     | 139      |
|    ep_rew_mean     | -984     |
| time/              |          |
|    episodes        | 616      |
|    fps             | 113      |
|    time_elapsed    | 734      |
|    total_timesteps | 83400    |
| train/             |          |
|    actor_loss      | 267      |
|    critic_loss     | 2.22e+03 |
|    ent_coef        | 0.596    |
|    ent_coef_loss   | -1.62    |
|    learning_rate   | 5e-05    |
|    n_updates       | 10412    |
---------------------------------
---------------------------------
| rollout/           |          |
|    ep_len_mean     | 139      |
|    ep_rew_mean     | -973     |
| time/              |          |
|    episodes        | 620      |
|    fps             | 113      |
|    time_elapsed    | 738      |
|    total_timesteps | 83856    |
| train/             |          |
|    actor_loss      | 269      |
|    critic_loss     | 1.16e+03 |
|    ent_coef        | 0.594    |
|    ent_coef_loss   | -1.66    |
|    learning_rate   | 5e-05    |
|    n_updates       | 10469    |
---------------------------------
---------------------------------
| rollout/           |          |
|    ep_len_mean     | 138      |
|    ep_rew_mean     | -973     |
| time/              |          |
|    episodes        | 624      |
|    fps             | 113      |
|    time_elapsed    | 743      |
|    total_timesteps | 84464    |
| train/             |          |
|    actor_loss      | 279      |
|    critic_loss     | 1.12e+03 |
|    ent_coef        | 0.592    |
|    ent_coef_loss   | -1.7     |
|    learning_rate   | 5e-05    |
|    n_updates       | 10545    |
---------------------------------
---------------------------------
| rollout/           |          |
|    ep_len_mean     | 139      |
|    ep_rew_mean     | -962     |
| time/              |          |
|    episodes        | 628      |
|    fps             | 113      |
|    time_elapsed    | 746      |
|    total_timesteps | 84792    |
| train/             |          |
|    actor_loss      | 256      |
|    critic_loss     | 671      |
|    ent_coef        | 0.591    |
|    ent_coef_loss   | -1.67    |
|    learning_rate   | 5e-05    |
|    n_updates       | 10586    |
---------------------------------
---------------------------------
| rollout/           |          |
|    ep_len_mean     | 136      |
|    ep_rew_mean     | -962     |
| time/              |          |
|    episodes        | 632      |
|    fps             | 113      |
|    time_elapsed    | 750      |
|    total_timesteps | 85256    |
| train/             |          |
|    actor_loss      | 272      |
|    critic_loss     | 1.32e+03 |
|    ent_coef        | 0.589    |
|    ent_coef_loss   | -1.68    |
|    learning_rate   | 5e-05    |
|    n_updates       | 10644    |
---------------------------------
---------------------------------
| rollout/           |          |
|    ep_len_mean     | 135      |
|    ep_rew_mean     | -962     |
| time/              |          |
|    episodes        | 636      |
|    fps             | 113      |
|    time_elapsed    | 757      |
|    total_timesteps | 86184    |
| train/             |          |
|    actor_loss      | 283      |
|    critic_loss     | 1.23e+03 |
|    ent_coef        | 0.586    |
|    ent_coef_loss   | -1.68    |
|    learning_rate   | 5e-05    |
|    n_updates       | 10760    |
---------------------------------
---------------------------------
| rollout/           |          |
|    ep_len_mean     | 136      |
|    ep_rew_mean     | -951     |
| time/              |          |
|    episodes        | 640      |
|    fps             | 113      |
|    time_elapsed    | 761      |
|    total_timesteps | 86712    |
| train/             |          |
|    actor_loss      | 282      |
|    critic_loss     | 2.41e+03 |
|    ent_coef        | 0.584    |
|    ent_coef_loss   | -1.7     |
|    learning_rate   | 5e-05    |
|    n_updates       | 10826    |
---------------------------------
---------------------------------
| rollout/           |          |
|    ep_len_mean     | 136      |
|    ep_rew_mean     | -951     |
| time/              |          |
|    episodes        | 644      |
|    fps             | 113      |
|    time_elapsed    | 764      |
|    total_timesteps | 87104    |
| train/             |          |
|    actor_loss      | 274      |
|    critic_loss     | 1.05e+03 |
|    ent_coef        | 0.582    |
|    ent_coef_loss   | -1.71    |
|    learning_rate   | 5e-05    |
|    n_updates       | 10875    |
---------------------------------
---------------------------------
| rollout/           |          |
|    ep_len_mean     | 135      |
|    ep_rew_mean     | -941     |
| time/              |          |
|    episodes        | 648      |
|    fps             | 114      |
|    time_elapsed    | 769      |
|    total_timesteps | 87704    |
| train/             |          |
|    actor_loss      | 280      |
|    critic_loss     | 1.3e+03  |
|    ent_coef        | 0.58     |
|    ent_coef_loss   | -1.69    |
|    learning_rate   | 5e-05    |
|    n_updates       | 10950    |
---------------------------------
---------------------------------
| rollout/           |          |
|    ep_len_mean     | 136      |
|    ep_rew_mean     | -941     |
| time/              |          |
|    episodes        | 652      |
|    fps             | 114      |
|    time_elapsed    | 771      |
|    total_timesteps | 87944    |
| train/             |          |
|    actor_loss      | 312      |
|    critic_loss     | 1.23e+03 |
|    ent_coef        | 0.579    |
|    ent_coef_loss   | -1.74    |
|    learning_rate   | 5e-05    |
|    n_updates       | 10980    |
---------------------------------
---------------------------------
| rollout/           |          |
|    ep_len_mean     | 137      |
|    ep_rew_mean     | -941     |
| time/              |          |
|    episodes        | 656      |
|    fps             | 114      |
|    time_elapsed    | 778      |
|    total_timesteps | 88800    |
| train/             |          |
|    actor_loss      | 281      |
|    critic_loss     | 295      |
|    ent_coef        | 0.576    |
|    ent_coef_loss   | -1.75    |
|    learning_rate   | 5e-05    |
|    n_updates       | 11087    |
---------------------------------
---------------------------------
| rollout/           |          |
|    ep_len_mean     | 139      |
|    ep_rew_mean     | -940     |
| time/              |          |
|    episodes        | 660      |
|    fps             | 114      |
|    time_elapsed    | 782      |
|    total_timesteps | 89248    |
| train/             |          |
|    actor_loss      | 292      |
|    critic_loss     | 1.32e+03 |
|    ent_coef        | 0.574    |
|    ent_coef_loss   | -1.72    |
|    learning_rate   | 5e-05    |
|    n_updates       | 11143    |
---------------------------------
---------------------------------
| rollout/           |          |
|    ep_len_mean     | 139      |
|    ep_rew_mean     | -940     |
| time/              |          |
|    episodes        | 664      |
|    fps             | 114      |
|    time_elapsed    | 787      |
|    total_timesteps | 89920    |
| train/             |          |
|    actor_loss      | 275      |
|    critic_loss     | 471      |
|    ent_coef        | 0.572    |
|    ent_coef_loss   | -1.74    |
|    learning_rate   | 5e-05    |
|    n_updates       | 11227    |
---------------------------------
---------------------------------
| rollout/           |          |
|    ep_len_mean     | 138      |
|    ep_rew_mean     | -940     |
| time/              |          |
|    episodes        | 668      |
|    fps             | 114      |
|    time_elapsed    | 793      |
|    total_timesteps | 90472    |
| train/             |          |
|    actor_loss      | 304      |
|    critic_loss     | 903      |
|    ent_coef        | 0.57     |
|    ent_coef_loss   | -1.76    |
|    learning_rate   | 5e-05    |
|    n_updates       | 11296    |
---------------------------------
---------------------------------
| rollout/           |          |
|    ep_len_mean     | 138      |
|    ep_rew_mean     | -940     |
| time/              |          |
|    episodes        | 672      |
|    fps             | 114      |
|    time_elapsed    | 798      |
|    total_timesteps | 91160    |
| train/             |          |
|    actor_loss      | 302      |
|    critic_loss     | 720      |
|    ent_coef        | 0.568    |
|    ent_coef_loss   | -1.76    |
|    learning_rate   | 5e-05    |
|    n_updates       | 11382    |
---------------------------------
---------------------------------
| rollout/           |          |
|    ep_len_mean     | 138      |
|    ep_rew_mean     | -940     |
| time/              |          |
|    episodes        | 676      |
|    fps             | 114      |
|    time_elapsed    | 801      |
|    total_timesteps | 91536    |
| train/             |          |
|    actor_loss      | 285      |
|    critic_loss     | 513      |
|    ent_coef        | 0.566    |
|    ent_coef_loss   | -1.79    |
|    learning_rate   | 5e-05    |
|    n_updates       | 11429    |
---------------------------------
---------------------------------
| rollout/           |          |
|    ep_len_mean     | 137      |
|    ep_rew_mean     | -940     |
| time/              |          |
|    episodes        | 680      |
|    fps             | 114      |
|    time_elapsed    | 805      |
|    total_timesteps | 92088    |
| train/             |          |
|    actor_loss      | 314      |
|    critic_loss     | 544      |
|    ent_coef        | 0.564    |
|    ent_coef_loss   | -1.78    |
|    learning_rate   | 5e-05    |
|    n_updates       | 11498    |
---------------------------------
---------------------------------
| rollout/           |          |
|    ep_len_mean     | 136      |
|    ep_rew_mean     | -939     |
| time/              |          |
|    episodes        | 684      |
|    fps             | 114      |
|    time_elapsed    | 811      |
|    total_timesteps | 92728    |
| train/             |          |
|    actor_loss      | 281      |
|    critic_loss     | 1.01e+03 |
|    ent_coef        | 0.562    |
|    ent_coef_loss   | -1.81    |
|    learning_rate   | 5e-05    |
|    n_updates       | 11578    |
---------------------------------
---------------------------------
| rollout/           |          |
|    ep_len_mean     | 136      |
|    ep_rew_mean     | -939     |
| time/              |          |
|    episodes        | 688      |
|    fps             | 114      |
|    time_elapsed    | 813      |
|    total_timesteps | 93016    |
| train/             |          |
|    actor_loss      | 273      |
|    critic_loss     | 1.74e+03 |
|    ent_coef        | 0.561    |
|    ent_coef_loss   | -1.8     |
|    learning_rate   | 5e-05    |
|    n_updates       | 11614    |
---------------------------------
---------------------------------
| rollout/           |          |
|    ep_len_mean     | 136      |
|    ep_rew_mean     | -940     |
| time/              |          |
|    episodes        | 692      |
|    fps             | 114      |
|    time_elapsed    | 820      |
|    total_timesteps | 93872    |
| train/             |          |
|    actor_loss      | 288      |
|    critic_loss     | 2.11e+03 |
|    ent_coef        | 0.558    |
|    ent_coef_loss   | -1.83    |
|    learning_rate   | 5e-05    |
|    n_updates       | 11721    |
---------------------------------
---------------------------------
| rollout/           |          |
|    ep_len_mean     | 137      |
|    ep_rew_mean     | -940     |
| time/              |          |
|    episodes        | 696      |
|    fps             | 114      |
|    time_elapsed    | 823      |
|    total_timesteps | 94184    |
| train/             |          |
|    actor_loss      | 292      |
|    critic_loss     | 557      |
|    ent_coef        | 0.557    |
|    ent_coef_loss   | -1.84    |
|    learning_rate   | 5e-05    |
|    n_updates       | 11760    |
---------------------------------
---------------------------------
| rollout/           |          |
|    ep_len_mean     | 135      |
|    ep_rew_mean     | -940     |
| time/              |          |
|    episodes        | 700      |
|    fps             | 114      |
|    time_elapsed    | 828      |
|    total_timesteps | 94864    |
| train/             |          |
|    actor_loss      | 308      |
|    critic_loss     | 2.62e+03 |
|    ent_coef        | 0.555    |
|    ent_coef_loss   | -1.87    |
|    learning_rate   | 5e-05    |
|    n_updates       | 11845    |
---------------------------------
---------------------------------
| rollout/           |          |
|    ep_len_mean     | 135      |
|    ep_rew_mean     | -940     |
| time/              |          |
|    episodes        | 704      |
|    fps             | 114      |
|    time_elapsed    | 831      |
|    total_timesteps | 95192    |
| train/             |          |
|    actor_loss      | 308      |
|    critic_loss     | 1.19e+03 |
|    ent_coef        | 0.553    |
|    ent_coef_loss   | -1.86    |
|    learning_rate   | 5e-05    |
|    n_updates       | 11886    |
---------------------------------
---------------------------------
| rollout/           |          |
|    ep_len_mean     | 135      |
|    ep_rew_mean     | -941     |
| time/              |          |
|    episodes        | 708      |
|    fps             | 114      |
|    time_elapsed    | 838      |
|    total_timesteps | 96064    |
| train/             |          |
|    actor_loss      | 308      |
|    critic_loss     | 870      |
|    ent_coef        | 0.55     |
|    ent_coef_loss   | -1.88    |
|    learning_rate   | 5e-05    |
|    n_updates       | 11995    |
---------------------------------
---------------------------------
| rollout/           |          |
|    ep_len_mean     | 136      |
|    ep_rew_mean     | -930     |
| time/              |          |
|    episodes        | 712      |
|    fps             | 114      |
|    time_elapsed    | 840      |
|    total_timesteps | 96392    |
| train/             |          |
|    actor_loss      | 308      |
|    critic_loss     | 498      |
|    ent_coef        | 0.549    |
|    ent_coef_loss   | -1.86    |
|    learning_rate   | 5e-05    |
|    n_updates       | 12036    |
---------------------------------
---------------------------------
| rollout/           |          |
|    ep_len_mean     | 137      |
|    ep_rew_mean     | -930     |
| time/              |          |
|    episodes        | 716      |
|    fps             | 114      |
|    time_elapsed    | 848      |
|    total_timesteps | 97360    |
| train/             |          |
|    actor_loss      | 303      |
|    critic_loss     | 977      |
|    ent_coef        | 0.546    |
|    ent_coef_loss   | -1.91    |
|    learning_rate   | 5e-05    |
|    n_updates       | 12157    |
---------------------------------
---------------------------------
| rollout/           |          |
|    ep_len_mean     | 136      |
|    ep_rew_mean     | -941     |
| time/              |          |
|    episodes        | 720      |
|    fps             | 114      |
|    time_elapsed    | 849      |
|    total_timesteps | 97536    |
| train/             |          |
|    actor_loss      | 306      |
|    critic_loss     | 500      |
|    ent_coef        | 0.545    |
|    ent_coef_loss   | -1.92    |
|    learning_rate   | 5e-05    |
|    n_updates       | 12179    |
---------------------------------
---------------------------------
| rollout/           |          |
|    ep_len_mean     | 137      |
|    ep_rew_mean     | -930     |
| time/              |          |
|    episodes        | 724      |
|    fps             | 114      |
|    time_elapsed    | 854      |
|    total_timesteps | 98072    |
| train/             |          |
|    actor_loss      | 297      |
|    critic_loss     | 822      |
|    ent_coef        | 0.544    |
|    ent_coef_loss   | -1.89    |
|    learning_rate   | 5e-05    |
|    n_updates       | 12246    |
---------------------------------
---------------------------------
| rollout/           |          |
|    ep_len_mean     | 139      |
|    ep_rew_mean     | -940     |
| time/              |          |
|    episodes        | 728      |
|    fps             | 114      |
|    time_elapsed    | 859      |
|    total_timesteps | 98808    |
| train/             |          |
|    actor_loss      | 312      |
|    critic_loss     | 324      |
|    ent_coef        | 0.541    |
|    ent_coef_loss   | -1.92    |
|    learning_rate   | 5e-05    |
|    n_updates       | 12338    |
---------------------------------
---------------------------------
| rollout/           |          |
|    ep_len_mean     | 140      |
|    ep_rew_mean     | -940     |
| time/              |          |
|    episodes        | 732      |
|    fps             | 114      |
|    time_elapsed    | 861      |
|    total_timesteps | 99016    |
| train/             |          |
|    actor_loss      | 295      |
|    critic_loss     | 1.21e+03 |
|    ent_coef        | 0.54     |
|    ent_coef_loss   | -1.93    |
|    learning_rate   | 5e-05    |
|    n_updates       | 12364    |
---------------------------------
---------------------------------
| rollout/           |          |
|    ep_len_mean     | 138      |
|    ep_rew_mean     | -940     |
| time/              |          |
|    episodes        | 736      |
|    fps             | 115      |
|    time_elapsed    | 868      |
|    total_timesteps | 99888    |
| train/             |          |
|    actor_loss      | 304      |
|    critic_loss     | 228      |
|    ent_coef        | 0.537    |
|    ent_coef_loss   | -1.91    |
|    learning_rate   | 5e-05    |
|    n_updates       | 12473    |
---------------------------------
[EVAL @100000] obs=0 ep=0 succ=1 reason=goal cte=0.21 front=16.00 R=104.2
[EVAL @100000] obs=0 ep=1 succ=1 reason=goal cte=0.21 front=16.00 R=104.3
[EVAL @100000] obs=0 ep=2 succ=1 reason=goal cte=0.30 front=16.00 R=102.0
[EVAL @100000] obs=0 ep=3 succ=1 reason=goal cte=0.20 front=16.00 R=104.5
[EVAL @100000] obs=0 ep=4 succ=0 reason=border cte=1.22 front=16.00 R=-977.2
[EVAL @100000] obs=0 ep=5 succ=0 reason=border cte=1.53 front=16.00 R=-989.5
[EVAL @100000] obs=0 ep=6 succ=1 reason=goal cte=0.20 front=16.00 R=104.4
[EVAL @100000] obs=0 ep=7 succ=0 reason=border cte=1.66 front=16.00 R=-993.0
[EVAL @100000] obs=0 ep=8 succ=1 reason=goal cte=0.21 front=16.00 R=104.2
[EVAL @100000] obs=0 ep=9 succ=1 reason=goal cte=0.10 front=16.00 R=105.6
[EVAL @100000] obs=1 ep=0 succ=0 reason=border cte=1.54 front=10.65 R=-990.0
[EVAL @100000] obs=1 ep=1 succ=0 reason=border cte=0.44 front=4.32 R=-970.6
[EVAL @100000] obs=1 ep=2 succ=0 reason=border cte=0.62 front=3.14 R=-975.9
[EVAL @100000] obs=1 ep=3 succ=1 reason=goal cte=0.15 front=8.13 R=104.3
[EVAL @100000] obs=1 ep=4 succ=0 reason=obstacle cte=0.29 front=2.38 R=-976.0
[EVAL @100000] obs=1 ep=5 succ=0 reason=border cte=1.70 front=8.76 R=-996.5
[EVAL @100000] obs=1 ep=6 succ=0 reason=obstacle cte=0.35 front=2.30 R=-977.1
[EVAL @100000] obs=1 ep=7 succ=0 reason=border cte=1.41 front=5.75 R=-991.7
[EVAL @100000] obs=1 ep=8 succ=0 reason=border cte=0.64 front=5.54 R=-988.9
[EVAL @100000] obs=1 ep=9 succ=0 reason=border cte=1.72 front=10.02 R=-997.3
[EVAL @100000] obs=2 ep=0 succ=0 reason=obstacle cte=0.19 front=0.33 R=-989.9
[EVAL @100000] obs=2 ep=1 succ=0 reason=border cte=1.33 front=2.36 R=-998.0
[EVAL @100000] obs=2 ep=2 succ=0 reason=border cte=0.84 front=3.20 R=-972.8
[EVAL @100000] obs=2 ep=3 succ=0 reason=border cte=1.67 front=10.30 R=-995.2
[EVAL @100000] obs=2 ep=4 succ=0 reason=border cte=0.98 front=3.27 R=-976.5
[EVAL @100000] obs=2 ep=5 succ=0 reason=border cte=1.62 front=3.77 R=-997.7
[EVAL @100000] obs=2 ep=6 succ=0 reason=border cte=1.04 front=2.25 R=-995.2
[EVAL @100000] obs=2 ep=7 succ=0 reason=border cte=0.62 front=2.82 R=-979.8
[EVAL @100000] obs=2 ep=8 succ=0 reason=obstacle cte=0.38 front=2.06 R=-979.5
[EVAL @100000] obs=2 ep=9 succ=0 reason=border cte=0.94 front=4.21 R=-984.3
[EVAL @100000] obs=3 ep=0 succ=0 reason=border cte=0.77 front=3.18 R=-978.3
[EVAL @100000] obs=3 ep=1 succ=0 reason=border cte=0.97 front=3.22 R=-985.1
[EVAL @100000] obs=3 ep=2 succ=0 reason=border cte=0.93 front=9.55 R=-984.3
[EVAL @100000] obs=3 ep=3 succ=0 reason=obstacle cte=0.66 front=0.44 R=-981.4
[EVAL @100000] obs=3 ep=4 succ=0 reason=border cte=0.38 front=3.88 R=-980.2
[EVAL @100000] obs=3 ep=5 succ=0 reason=border cte=0.97 front=11.54 R=-993.0
[EVAL @100000] obs=3 ep=6 succ=0 reason=border cte=1.09 front=6.38 R=-971.6
[EVAL @100000] obs=3 ep=7 succ=0 reason=border cte=0.43 front=4.55 R=-973.8
[EVAL @100000] obs=3 ep=8 succ=0 reason=border cte=1.61 front=5.37 R=-998.5
[EVAL @100000] obs=3 ep=9 succ=0 reason=border cte=1.59 front=5.67 R=-996.9
[EVAL @100000] obs=4 ep=0 succ=0 reason=obstacle cte=0.10 front=0.32 R=-993.2
[EVAL @100000] obs=4 ep=1 succ=0 reason=obstacle cte=0.77 front=2.46 R=-980.8
[EVAL @100000] obs=4 ep=2 succ=0 reason=border cte=1.09 front=6.07 R=-984.0
[EVAL @100000] obs=4 ep=3 succ=0 reason=border cte=1.81 front=4.62 R=-1006.6
[EVAL @100000] obs=4 ep=4 succ=0 reason=border cte=1.45 front=8.75 R=-993.7
[EVAL @100000] obs=4 ep=5 succ=0 reason=border cte=1.16 front=4.40 R=-988.2
[EVAL @100000] obs=4 ep=6 succ=0 reason=border cte=1.67 front=5.18 R=-999.8
[EVAL @100000] obs=4 ep=7 succ=0 reason=border cte=0.91 front=4.16 R=-971.3
[EVAL @100000] obs=4 ep=8 succ=0 reason=obstacle cte=0.30 front=0.40 R=-990.9
[EVAL @100000] obs=4 ep=9 succ=0 reason=border cte=1.15 front=7.24 R=-981.2
[EVAL @100000] obs=5 ep=0 succ=0 reason=border cte=1.60 front=4.08 R=-996.3
[EVAL @100000] obs=5 ep=1 succ=0 reason=obstacle cte=0.22 front=1.51 R=-991.4
[EVAL @100000] obs=5 ep=2 succ=0 reason=obstacle cte=0.31 front=0.15 R=-990.5
[EVAL @100000] obs=5 ep=3 succ=0 reason=border cte=1.41 front=3.18 R=-991.3
[EVAL @100000] obs=5 ep=4 succ=0 reason=border cte=0.46 front=5.77 R=-978.8
[EVAL @100000] obs=5 ep=5 succ=0 reason=border cte=1.24 front=5.08 R=-988.3
[EVAL @100000] obs=5 ep=6 succ=0 reason=obstacle cte=0.25 front=5.27 R=-990.9
[EVAL @100000] obs=5 ep=7 succ=0 reason=border cte=0.50 front=3.15 R=-991.1
[EVAL @100000] obs=5 ep=8 succ=0 reason=border cte=1.20 front=3.05 R=-996.0
[EVAL @100000] obs=5 ep=9 succ=0 reason=border cte=1.12 front=2.69 R=-992.7
------------------------------------------
| eval/                       |          |
|    border_rate              | 0.683    |
|    collision_rate           | 0.867    |
|    max_block_alpha          | 1        |
|    max_rpm                  | 12       |
|    mean_abs_course_error    | 15.8     |
|    mean_abs_cte             | 0.874    |
|    mean_abs_lookahead_error | 24.5     |
|    mean_d_end               | 10.1     |
|    mean_ep_len              | 145      |
|    mean_ep_reward           | -842     |
|    mean_lambda              | 0.5      |
|    mean_progress_per_step   | 0.0666   |
|    mean_r_border            | -0.0103  |
|    mean_r_center            | 0        |
|    mean_r_exist             | -0.5     |
|    mean_r_local             | 0        |
|    mean_r_oa                | -0.00364 |
|    mean_r_pf                | 0.867    |
|    mean_rpm                 | 12       |
|    mean_sector_pen          | 5.28     |
|    mean_speed               | 0.789    |
|    min_front_clearance      | 0.149    |
|    min_min_lidar_all        | 0.13     |
|    min_p10_front            | 0.139    |
|    min_rpm                  | 12       |
|    min_sector_range         | 0.13     |
|    obs_0_border_rate        | 0.3      |
|    obs_0_mean_abs_cte       | 0.584    |
|    obs_0_obstacle_rate      | 0        |
|    obs_0_success_rate       | 0.7      |
|    obs_0_timeout_rate       | 0        |
|    obs_1_border_rate        | 0.7      |
|    obs_1_mean_abs_cte       | 0.885    |
|    obs_1_obstacle_rate      | 0.2      |
|    obs_1_success_rate       | 0.1      |
|    obs_1_timeout_rate       | 0        |
|    obs_2_border_rate        | 0.8      |
|    obs_2_mean_abs_cte       | 0.962    |
|    obs_2_obstacle_rate      | 0.2      |
|    obs_2_success_rate       | 0        |
|    obs_2_timeout_rate       | 0        |
|    obs_3_border_rate        | 0.9      |
|    obs_3_mean_abs_cte       | 0.939    |
|    obs_3_obstacle_rate      | 0.1      |
|    obs_3_success_rate       | 0        |
|    obs_3_timeout_rate       | 0        |
|    obs_4_border_rate        | 0.7      |
|    obs_4_mean_abs_cte       | 1.04     |
|    obs_4_obstacle_rate      | 0.3      |
|    obs_4_success_rate       | 0        |
|    obs_4_timeout_rate       | 0        |
|    obs_5_border_rate        | 0.7      |
|    obs_5_mean_abs_cte       | 0.832    |
|    obs_5_obstacle_rate      | 0.3      |
|    obs_5_success_rate       | 0        |
|    obs_5_timeout_rate       | 0        |
|    obstacle_rate            | 0.183    |
|    p10_sector_range         | 0.153    |
|    reward_info_rate         | 1        |
|    selection_score          | -3.23    |
|    std_ep_reward            | 371      |
|    success_rate             | 0.133    |
|    timeout_rate             | 0        |
|    timesteps                | 100000   |
| rollout/                    |          |
|    ep_len_mean              | 138      |
|    ep_rew_mean              | -940     |
| time/                       |          |
|    episodes                 | 740      |
|    fps                      | 111      |
|    time_elapsed             | 903      |
|    total_timesteps          | 100264   |
| train/                      |          |
|    actor_loss               | 325      |
|    critic_loss              | 1.4e+03  |
|    ent_coef                 | 0.536    |
|    ent_coef_loss            | -1.92    |
|    learning_rate            | 5e-05    |
|    n_updates                | 12520    |
------------------------------------------
---------------------------------
| rollout/           |          |
|    ep_len_mean     | 140      |
|    ep_rew_mean     | -929     |
| time/              |          |
|    episodes        | 744      |
|    fps             | 111      |
|    time_elapsed    | 912      |
|    total_timesteps | 101416   |
| train/             |          |
|    actor_loss      | 290      |
|    critic_loss     | 211      |
|    ent_coef        | 0.532    |
|    ent_coef_loss   | -1.95    |
|    learning_rate   | 5e-05    |
|    n_updates       | 12664    |
---------------------------------
---------------------------------
| rollout/           |          |
|    ep_len_mean     | 142      |
|    ep_rew_mean     | -940     |
| time/              |          |
|    episodes        | 748      |
|    fps             | 111      |
|    time_elapsed    | 915      |
|    total_timesteps | 101744   |
| train/             |          |
|    actor_loss      | 309      |
|    critic_loss     | 772      |
|    ent_coef        | 0.531    |
|    ent_coef_loss   | -1.95    |
|    learning_rate   | 5e-05    |
|    n_updates       | 12705    |
---------------------------------
---------------------------------
| rollout/           |          |
|    ep_len_mean     | 143      |
|    ep_rew_mean     | -940     |
| time/              |          |
|    episodes        | 752      |
|    fps             | 111      |
|    time_elapsed    | 920      |
|    total_timesteps | 102448   |
| train/             |          |
|    actor_loss      | 306      |
|    critic_loss     | 648      |
|    ent_coef        | 0.529    |
|    ent_coef_loss   | -1.98    |
|    learning_rate   | 5e-05    |
|    n_updates       | 12793    |
---------------------------------
---------------------------------
| rollout/           |          |
|    ep_len_mean     | 142      |
|    ep_rew_mean     | -940     |
| time/              |          |
|    episodes        | 756      |
|    fps             | 111      |
|    time_elapsed    | 927      |
|    total_timesteps | 103096   |
| train/             |          |
|    actor_loss      | 318      |
|    critic_loss     | 325      |
|    ent_coef        | 0.527    |
|    ent_coef_loss   | -1.96    |
|    learning_rate   | 5e-05    |
|    n_updates       | 12874    |
---------------------------------
---------------------------------
| rollout/           |          |
|    ep_len_mean     | 142      |
|    ep_rew_mean     | -940     |
| time/              |          |
|    episodes        | 760      |
|    fps             | 111      |
|    time_elapsed    | 932      |
|    total_timesteps | 103632   |
| train/             |          |
|    actor_loss      | 312      |
|    critic_loss     | 1.16e+03 |
|    ent_coef        | 0.525    |
|    ent_coef_loss   | -1.99    |
|    learning_rate   | 5e-05    |
|    n_updates       | 12941    |
---------------------------------
---------------------------------
| rollout/           |          |
|    ep_len_mean     | 142      |
|    ep_rew_mean     | -941     |
| time/              |          |
|    episodes        | 764      |
|    fps             | 111      |
|    time_elapsed    | 938      |
|    total_timesteps | 104320   |
| train/             |          |
|    actor_loss      | 320      |
|    critic_loss     | 933      |
|    ent_coef        | 0.523    |
|    ent_coef_loss   | -2.06    |
|    learning_rate   | 5e-05    |
|    n_updates       | 13027    |
---------------------------------
---------------------------------
| rollout/           |          |
|    ep_len_mean     | 142      |
|    ep_rew_mean     | -941     |
| time/              |          |
|    episodes        | 768      |
|    fps             | 111      |
|    time_elapsed    | 940      |
|    total_timesteps | 104552   |
| train/             |          |
|    actor_loss      | 318      |
|    critic_loss     | 1.36e+03 |
|    ent_coef        | 0.522    |
|    ent_coef_loss   | -2.01    |
|    learning_rate   | 5e-05    |
|    n_updates       | 13056    |
---------------------------------
---------------------------------
| rollout/           |          |
|    ep_len_mean     | 142      |
|    ep_rew_mean     | -930     |
| time/              |          |
|    episodes        | 772      |
|    fps             | 111      |
|    time_elapsed    | 944      |
|    total_timesteps | 105120   |
| train/             |          |
|    actor_loss      | 342      |
|    critic_loss     | 2.29e+03 |
|    ent_coef        | 0.52     |
|    ent_coef_loss   | -2.03    |
|    learning_rate   | 5e-05    |
|    n_updates       | 13127    |
---------------------------------
---------------------------------
| rollout/           |          |
|    ep_len_mean     | 142      |
|    ep_rew_mean     | -930     |
| time/              |          |
|    episodes        | 776      |
|    fps             | 111      |
|    time_elapsed    | 950      |
|    total_timesteps | 105736   |
| train/             |          |
|    actor_loss      | 338      |
|    critic_loss     | 754      |
|    ent_coef        | 0.518    |
|    ent_coef_loss   | -2.03    |
|    learning_rate   | 5e-05    |
|    n_updates       | 13204    |
---------------------------------
---------------------------------
| rollout/           |          |
|    ep_len_mean     | 142      |
|    ep_rew_mean     | -930     |
| time/              |          |
|    episodes        | 780      |
|    fps             | 111      |
|    time_elapsed    | 954      |
|    total_timesteps | 106240   |
| train/             |          |
|    actor_loss      | 316      |
|    critic_loss     | 210      |
|    ent_coef        | 0.517    |
|    ent_coef_loss   | -2.04    |
|    learning_rate   | 5e-05    |
|    n_updates       | 13267    |
---------------------------------
---------------------------------
| rollout/           |          |
|    ep_len_mean     | 141      |
|    ep_rew_mean     | -930     |
| time/              |          |
|    episodes        | 784      |
|    fps             | 111      |
|    time_elapsed    | 958      |
|    total_timesteps | 106816   |
| train/             |          |
|    actor_loss      | 312      |
|    critic_loss     | 496      |
|    ent_coef        | 0.515    |
|    ent_coef_loss   | -2.07    |
|    learning_rate   | 5e-05    |
|    n_updates       | 13339    |
---------------------------------
---------------------------------
| rollout/           |          |
|    ep_len_mean     | 142      |
|    ep_rew_mean     | -930     |
| time/              |          |
|    episodes        | 788      |
|    fps             | 111      |
|    time_elapsed    | 962      |
|    total_timesteps | 107264   |
| train/             |          |
|    actor_loss      | 308      |
|    critic_loss     | 194      |
|    ent_coef        | 0.513    |
|    ent_coef_loss   | -2.08    |
|    learning_rate   | 5e-05    |
|    n_updates       | 13395    |
---------------------------------
---------------------------------
| rollout/           |          |
|    ep_len_mean     | 141      |
|    ep_rew_mean     | -929     |
| time/              |          |
|    episodes        | 792      |
|    fps             | 111      |
|    time_elapsed    | 970      |
|    total_timesteps | 108208   |
| train/             |          |
|    actor_loss      | 329      |
|    critic_loss     | 303      |
|    ent_coef        | 0.51     |
|    ent_coef_loss   | -2.07    |
|    learning_rate   | 5e-05    |
|    n_updates       | 13513    |
---------------------------------
---------------------------------
| rollout/           |          |
|    ep_len_mean     | 143      |
|    ep_rew_mean     | -930     |
| time/              |          |
|    episodes        | 796      |
|    fps             | 111      |
|    time_elapsed    | 975      |
|    total_timesteps | 108784   |
| train/             |          |
|    actor_loss      | 330      |
|    critic_loss     | 444      |
|    ent_coef        | 0.509    |
|    ent_coef_loss   | -2.13    |
|    learning_rate   | 5e-05    |
|    n_updates       | 13585    |
---------------------------------
---------------------------------
| rollout/           |          |
|    ep_len_mean     | 144      |
|    ep_rew_mean     | -930     |
| time/              |          |
|    episodes        | 800      |
|    fps             | 111      |
|    time_elapsed    | 979      |
|    total_timesteps | 109224   |
| train/             |          |
|    actor_loss      | 321      |
|    critic_loss     | 469      |
|    ent_coef        | 0.507    |
|    ent_coef_loss   | -2.09    |
|    learning_rate   | 5e-05    |
|    n_updates       | 13640    |
---------------------------------
---------------------------------
| rollout/           |          |
|    ep_len_mean     | 146      |
|    ep_rew_mean     | -930     |
| time/              |          |
|    episodes        | 804      |
|    fps             | 111      |
|    time_elapsed    | 986      |
|    total_timesteps | 110128   |
| train/             |          |
|    actor_loss      | 333      |
|    critic_loss     | 2e+03    |
|    ent_coef        | 0.504    |
|    ent_coef_loss   | -2.13    |
|    learning_rate   | 5e-05    |
|    n_updates       | 13753    |
---------------------------------
---------------------------------
| rollout/           |          |
|    ep_len_mean     | 148      |
|    ep_rew_mean     | -908     |
| time/              |          |
|    episodes        | 808      |
|    fps             | 111      |
|    time_elapsed    | 990      |
|    total_timesteps | 110736   |
| train/             |          |
|    actor_loss      | 315      |
|    critic_loss     | 311      |
|    ent_coef        | 0.502    |
|    ent_coef_loss   | -2.09    |
|    learning_rate   | 5e-05    |
|    n_updates       | 13829    |
---------------------------------
---------------------------------
| rollout/           |          |
|    ep_len_mean     | 148      |
|    ep_rew_mean     | -908     |
| time/              |          |
|    episodes        | 812      |
|    fps             | 111      |
|    time_elapsed    | 997      |
|    total_timesteps | 111584   |
| train/             |          |
|    actor_loss      | 307      |
|    critic_loss     | 1.09e+03 |
|    ent_coef        | 0.5      |
|    ent_coef_loss   | -2.12    |
|    learning_rate   | 5e-05    |
|    n_updates       | 13935    |
---------------------------------
---------------------------------
| rollout/           |          |
|    ep_len_mean     | 148      |
|    ep_rew_mean     | -908     |
| time/              |          |
|    episodes        | 816      |
|    fps             | 111      |
|    time_elapsed    | 1003     |
|    total_timesteps | 112312   |
| train/             |          |
|    actor_loss      | 344      |
|    critic_loss     | 655      |
|    ent_coef        | 0.498    |
|    ent_coef_loss   | -2.16    |
|    learning_rate   | 5e-05    |
|    n_updates       | 14026    |
---------------------------------
---------------------------------
| rollout/           |          |
|    ep_len_mean     | 147      |
|    ep_rew_mean     | -908     |
| time/              |          |
|    episodes        | 820      |
|    fps             | 111      |
|    time_elapsed    | 1007     |
|    total_timesteps | 112712   |
| train/             |          |
|    actor_loss      | 361      |
|    critic_loss     | 801      |
|    ent_coef        | 0.496    |
|    ent_coef_loss   | -2.12    |
|    learning_rate   | 5e-05    |
|    n_updates       | 14076    |
---------------------------------
---------------------------------
| rollout/           |          |
|    ep_len_mean     | 148      |
|    ep_rew_mean     | -920     |
| time/              |          |
|    episodes        | 824      |
|    fps             | 111      |
|    time_elapsed    | 1012     |
|    total_timesteps | 113368   |
| train/             |          |
|    actor_loss      | 349      |
|    critic_loss     | 1.14e+03 |
|    ent_coef        | 0.494    |
|    ent_coef_loss   | -2.12    |
|    learning_rate   | 5e-05    |
|    n_updates       | 14158    |
---------------------------------
---------------------------------
| rollout/           |          |
|    ep_len_mean     | 151      |
|    ep_rew_mean     | -921     |
| time/              |          |
|    episodes        | 828      |
|    fps             | 112      |
|    time_elapsed    | 1020     |
|    total_timesteps | 114360   |
| train/             |          |
|    actor_loss      | 352      |
|    critic_loss     | 979      |
|    ent_coef        | 0.491    |
|    ent_coef_loss   | -2.13    |
|    learning_rate   | 5e-05    |
|    n_updates       | 14282    |
---------------------------------
---------------------------------
| rollout/           |          |
|    ep_len_mean     | 154      |
|    ep_rew_mean     | -921     |
| time/              |          |
|    episodes        | 832      |
|    fps             | 112      |
|    time_elapsed    | 1023     |
|    total_timesteps | 114656   |
| train/             |          |
|    actor_loss      | 338      |
|    critic_loss     | 718      |
|    ent_coef        | 0.491    |
|    ent_coef_loss   | -2.16    |
|    learning_rate   | 5e-05    |
|    n_updates       | 14319    |
---------------------------------
---------------------------------
| rollout/           |          |
|    ep_len_mean     | 156      |
|    ep_rew_mean     | -910     |
| time/              |          |
|    episodes        | 836      |
|    fps             | 112      |
|    time_elapsed    | 1032     |
|    total_timesteps | 115688   |
| train/             |          |
|    actor_loss      | 340      |
|    critic_loss     | 626      |
|    ent_coef        | 0.487    |
|    ent_coef_loss   | -2.16    |
|    learning_rate   | 5e-05    |
|    n_updates       | 14448    |
---------------------------------
---------------------------------
| rollout/           |          |
|    ep_len_mean     | 156      |
|    ep_rew_mean     | -899     |
| time/              |          |
|    episodes        | 840      |
|    fps             | 112      |
|    time_elapsed    | 1033     |
|    total_timesteps | 115904   |
| train/             |          |
|    actor_loss      | 349      |
|    critic_loss     | 546      |
|    ent_coef        | 0.487    |
|    ent_coef_loss   | -2.15    |
|    learning_rate   | 5e-05    |
|    n_updates       | 14475    |
---------------------------------
---------------------------------
| rollout/           |          |
|    ep_len_mean     | 156      |
|    ep_rew_mean     | -899     |
| time/              |          |
|    episodes        | 844      |
|    fps             | 112      |
|    time_elapsed    | 1042     |
|    total_timesteps | 116888   |
| train/             |          |
|    actor_loss      | 349      |
|    critic_loss     | 203      |
|    ent_coef        | 0.484    |
|    ent_coef_loss   | -2.17    |
|    learning_rate   | 5e-05    |
|    n_updates       | 14598    |
---------------------------------
---------------------------------
| rollout/           |          |
|    ep_len_mean     | 156      |
|    ep_rew_mean     | -899     |
| time/              |          |
|    episodes        | 848      |
|    fps             | 112      |
|    time_elapsed    | 1045     |
|    total_timesteps | 117328   |
| train/             |          |
|    actor_loss      | 352      |
|    critic_loss     | 686      |
|    ent_coef        | 0.483    |
|    ent_coef_loss   | -2.17    |
|    learning_rate   | 5e-05    |
|    n_updates       | 14653    |
---------------------------------
---------------------------------
| rollout/           |          |
|    ep_len_mean     | 156      |
|    ep_rew_mean     | -899     |
| time/              |          |
|    episodes        | 852      |
|    fps             | 112      |
|    time_elapsed    | 1054     |
|    total_timesteps | 118424   |
| train/             |          |
|    actor_loss      | 362      |
|    critic_loss     | 612      |
|    ent_coef        | 0.479    |
|    ent_coef_loss   | -2.21    |
|    learning_rate   | 5e-05    |
|    n_updates       | 14790    |
---------------------------------
---------------------------------
| rollout/           |          |
|    ep_len_mean     | 160      |
|    ep_rew_mean     | -899     |
| time/              |          |
|    episodes        | 856      |
|    fps             | 112      |
|    time_elapsed    | 1059     |
|    total_timesteps | 119000   |
| train/             |          |
|    actor_loss      | 348      |
|    critic_loss     | 877      |
|    ent_coef        | 0.478    |
|    ent_coef_loss   | -2.18    |
|    learning_rate   | 5e-05    |
|    n_updates       | 14862    |
---------------------------------
---------------------------------
| rollout/           |          |
|    ep_len_mean     | 161      |
|    ep_rew_mean     | -898     |
| time/              |          |
|    episodes        | 860      |
|    fps             | 112      |
|    time_elapsed    | 1065     |
|    total_timesteps | 119760   |
| train/             |          |
|    actor_loss      | 376      |
|    critic_loss     | 951      |
|    ent_coef        | 0.475    |
|    ent_coef_loss   | -2.22    |
|    learning_rate   | 5e-05    |
|    n_updates       | 14957    |
---------------------------------
---------------------------------
| rollout/           |          |
|    ep_len_mean     | 161      |
|    ep_rew_mean     | -876     |
| time/              |          |
|    episodes        | 864      |
|    fps             | 112      |
|    time_elapsed    | 1070     |
|    total_timesteps | 120456   |
| train/             |          |
|    actor_loss      | 362      |
|    critic_loss     | 320      |
|    ent_coef        | 0.473    |
|    ent_coef_loss   | -2.19    |
|    learning_rate   | 5e-05    |
|    n_updates       | 15044    |
---------------------------------
---------------------------------
| rollout/           |          |
|    ep_len_mean     | 163      |
|    ep_rew_mean     | -876     |
| time/              |          |
|    episodes        | 868      |
|    fps             | 112      |
|    time_elapsed    | 1075     |
|    total_timesteps | 121112   |
| train/             |          |
|    actor_loss      | 320      |
|    critic_loss     | 942      |
|    ent_coef        | 0.472    |
|    ent_coef_loss   | -2.18    |
|    learning_rate   | 5e-05    |
|    n_updates       | 15126    |
---------------------------------
---------------------------------
| rollout/           |          |
|    ep_len_mean     | 164      |
|    ep_rew_mean     | -875     |
| time/              |          |
|    episodes        | 872      |
|    fps             | 112      |
|    time_elapsed    | 1081     |
|    total_timesteps | 121840   |
| train/             |          |
|    actor_loss      | 357      |
|    critic_loss     | 1.07e+03 |
|    ent_coef        | 0.469    |
|    ent_coef_loss   | -2.25    |
|    learning_rate   | 5e-05    |
|    n_updates       | 15217    |
---------------------------------
---------------------------------
| rollout/           |          |
|    ep_len_mean     | 165      |
|    ep_rew_mean     | -865     |
| time/              |          |
|    episodes        | 876      |
|    fps             | 112      |
|    time_elapsed    | 1087     |
|    total_timesteps | 122600   |
| train/             |          |
|    actor_loss      | 342      |
|    critic_loss     | 340      |
|    ent_coef        | 0.467    |
|    ent_coef_loss   | -2.22    |
|    learning_rate   | 5e-05    |
|    n_updates       | 15312    |
---------------------------------
---------------------------------
| rollout/           |          |
|    ep_len_mean     | 166      |
|    ep_rew_mean     | -865     |
| time/              |          |
|    episodes        | 880      |
|    fps             | 112      |
|    time_elapsed    | 1092     |
|    total_timesteps | 123192   |
| train/             |          |
|    actor_loss      | 366      |
|    critic_loss     | 519      |
|    ent_coef        | 0.466    |
|    ent_coef_loss   | -2.23    |
|    learning_rate   | 5e-05    |
|    n_updates       | 15386    |
---------------------------------
---------------------------------
| rollout/           |          |
|    ep_len_mean     | 167      |
|    ep_rew_mean     | -865     |
| time/              |          |
|    episodes        | 884      |
|    fps             | 112      |
|    time_elapsed    | 1095     |
|    total_timesteps | 123536   |
| train/             |          |
|    actor_loss      | 358      |
|    critic_loss     | 2.3e+03  |
|    ent_coef        | 0.465    |
|    ent_coef_loss   | -2.25    |
|    learning_rate   | 5e-05    |
|    n_updates       | 15429    |
---------------------------------
---------------------------------
| rollout/           |          |
|    ep_len_mean     | 168      |
|    ep_rew_mean     | -854     |
| time/              |          |
|    episodes        | 888      |
|    fps             | 112      |
|    time_elapsed    | 1102     |
|    total_timesteps | 124352   |
| train/             |          |
|    actor_loss      | 366      |
|    critic_loss     | 577      |
|    ent_coef        | 0.462    |
|    ent_coef_loss   | -2.26    |
|    learning_rate   | 5e-05    |
|    n_updates       | 15531    |
---------------------------------
---------------------------------
| rollout/           |          |
|    ep_len_mean     | 170      |
|    ep_rew_mean     | -854     |
| time/              |          |
|    episodes        | 892      |
|    fps             | 112      |
|    time_elapsed    | 1106     |
|    total_timesteps | 124904   |
| train/             |          |
|    actor_loss      | 348      |
|    critic_loss     | 955      |
|    ent_coef        | 0.461    |
|    ent_coef_loss   | -2.26    |
|    learning_rate   | 5e-05    |
|    n_updates       | 15600    |
---------------------------------
---------------------------------
| rollout/           |          |
|    ep_len_mean     | 169      |
|    ep_rew_mean     | -843     |
| time/              |          |
|    episodes        | 896      |
|    fps             | 113      |
|    time_elapsed    | 1113     |
|    total_timesteps | 125800   |
| train/             |          |
|    actor_loss      | 360      |
|    critic_loss     | 1.32e+03 |
|    ent_coef        | 0.458    |
|    ent_coef_loss   | -2.25    |
|    learning_rate   | 5e-05    |
|    n_updates       | 15712    |
---------------------------------
---------------------------------
| rollout/           |          |
|    ep_len_mean     | 170      |
|    ep_rew_mean     | -843     |
| time/              |          |
|    episodes        | 900      |
|    fps             | 113      |
|    time_elapsed    | 1117     |
|    total_timesteps | 126360   |
| train/             |          |
|    actor_loss      | 373      |
|    critic_loss     | 942      |
|    ent_coef        | 0.457    |
|    ent_coef_loss   | -2.27    |
|    learning_rate   | 5e-05    |
|    n_updates       | 15782    |
---------------------------------
---------------------------------
| rollout/           |          |
|    ep_len_mean     | 169      |
|    ep_rew_mean     | -832     |
| time/              |          |
|    episodes        | 904      |
|    fps             | 113      |
|    time_elapsed    | 1123     |
|    total_timesteps | 127120   |
| train/             |          |
|    actor_loss      | 359      |
|    critic_loss     | 452      |
|    ent_coef        | 0.455    |
|    ent_coef_loss   | -2.24    |
|    learning_rate   | 5e-05    |
|    n_updates       | 15877    |
---------------------------------
---------------------------------
| rollout/           |          |
|    ep_len_mean     | 169      |
|    ep_rew_mean     | -821     |
| time/              |          |
|    episodes        | 908      |
|    fps             | 113      |
|    time_elapsed    | 1127     |
|    total_timesteps | 127656   |
| train/             |          |
|    actor_loss      | 373      |
|    critic_loss     | 1.72e+03 |
|    ent_coef        | 0.453    |
|    ent_coef_loss   | -2.32    |
|    learning_rate   | 5e-05    |
|    n_updates       | 15944    |
---------------------------------
---------------------------------
| rollout/           |          |
|    ep_len_mean     | 169      |
|    ep_rew_mean     | -832     |
| time/              |          |
|    episodes        | 912      |
|    fps             | 113      |
|    time_elapsed    | 1132     |
|    total_timesteps | 128200   |
| train/             |          |
|    actor_loss      | 372      |
|    critic_loss     | 890      |
|    ent_coef        | 0.452    |
|    ent_coef_loss   | -2.35    |
|    learning_rate   | 5e-05    |
|    n_updates       | 16012    |
---------------------------------
---------------------------------
| rollout/           |          |
|    ep_len_mean     | 170      |
|    ep_rew_mean     | -832     |
| time/              |          |
|    episodes        | 916      |
|    fps             | 113      |
|    time_elapsed    | 1140     |
|    total_timesteps | 129128   |
| train/             |          |
|    actor_loss      | 365      |
|    critic_loss     | 579      |
|    ent_coef        | 0.449    |
|    ent_coef_loss   | -2.36    |
|    learning_rate   | 5e-05    |
|    n_updates       | 16128    |
---------------------------------
---------------------------------
| rollout/           |          |
|    ep_len_mean     | 172      |
|    ep_rew_mean     | -799     |
| time/              |          |
|    episodes        | 920      |
|    fps             | 113      |
|    time_elapsed    | 1144     |
|    total_timesteps | 129664   |
| train/             |          |
|    actor_loss      | 384      |
|    critic_loss     | 1.43e+03 |
|    ent_coef        | 0.448    |
|    ent_coef_loss   | -2.27    |
|    learning_rate   | 5e-05    |
|    n_updates       | 16195    |
---------------------------------
---------------------------------
| rollout/           |          |
|    ep_len_mean     | 173      |
|    ep_rew_mean     | -799     |
| time/              |          |
|    episodes        | 924      |
|    fps             | 113      |
|    time_elapsed    | 1148     |
|    total_timesteps | 130136   |
| train/             |          |
|    actor_loss      | 368      |
|    critic_loss     | 1.8e+03  |
|    ent_coef        | 0.446    |
|    ent_coef_loss   | -2.29    |
|    learning_rate   | 5e-05    |
|    n_updates       | 16254    |
---------------------------------
---------------------------------
| rollout/           |          |
|    ep_len_mean     | 170      |
|    ep_rew_mean     | -787     |
| time/              |          |
|    episodes        | 928      |
|    fps             | 113      |
|    time_elapsed    | 1155     |
|    total_timesteps | 130968   |
| train/             |          |
|    actor_loss      | 377      |
|    critic_loss     | 3.46e+03 |
|    ent_coef        | 0.444    |
|    ent_coef_loss   | -2.33    |
|    learning_rate   | 5e-05    |
|    n_updates       | 16358    |
---------------------------------
---------------------------------
| rollout/           |          |
|    ep_len_mean     | 169      |
|    ep_rew_mean     | -777     |
| time/              |          |
|    episodes        | 932      |
|    fps             | 113      |
|    time_elapsed    | 1159     |
|    total_timesteps | 131472   |
| train/             |          |
|    actor_loss      | 384      |
|    critic_loss     | 326      |
|    ent_coef        | 0.443    |
|    ent_coef_loss   | -2.3     |
|    learning_rate   | 5e-05    |
|    n_updates       | 16421    |
---------------------------------
---------------------------------
| rollout/           |          |
|    ep_len_mean     | 166      |
|    ep_rew_mean     | -787     |
| time/              |          |
|    episodes        | 936      |
|    fps             | 113      |
|    time_elapsed    | 1167     |
|    total_timesteps | 132456   |
| train/             |          |
|    actor_loss      | 380      |
|    critic_loss     | 763      |
|    ent_coef        | 0.44     |
|    ent_coef_loss   | -2.31    |
|    learning_rate   | 5e-05    |
|    n_updates       | 16544    |
---------------------------------
---------------------------------
| rollout/           |          |
|    ep_len_mean     | 167      |
|    ep_rew_mean     | -809     |
| time/              |          |
|    episodes        | 940      |
|    fps             | 113      |
|    time_elapsed    | 1169     |
|    total_timesteps | 132728   |
| train/             |          |
|    actor_loss      | 374      |
|    critic_loss     | 2.7e+03  |
|    ent_coef        | 0.439    |
|    ent_coef_loss   | -2.32    |
|    learning_rate   | 5e-05    |
|    n_updates       | 16578    |
---------------------------------
---------------------------------
| rollout/           |          |
|    ep_len_mean     | 166      |
|    ep_rew_mean     | -820     |
| time/              |          |
|    episodes        | 944      |
|    fps             | 113      |
|    time_elapsed    | 1176     |
|    total_timesteps | 133512   |
| train/             |          |
|    actor_loss      | 381      |
|    critic_loss     | 359      |
|    ent_coef        | 0.437    |
|    ent_coef_loss   | -2.35    |
|    learning_rate   | 5e-05    |
|    n_updates       | 16676    |
---------------------------------
---------------------------------
| rollout/           |          |
|    ep_len_mean     | 164      |
|    ep_rew_mean     | -820     |
| time/              |          |
|    episodes        | 948      |
|    fps             | 113      |
|    time_elapsed    | 1177     |
|    total_timesteps | 133696   |
| train/             |          |
|    actor_loss      | 379      |
|    critic_loss     | 437      |
|    ent_coef        | 0.437    |
|    ent_coef_loss   | -2.34    |
|    learning_rate   | 5e-05    |
|    n_updates       | 16699    |
---------------------------------
---------------------------------
| rollout/           |          |
|    ep_len_mean     | 164      |
|    ep_rew_mean     | -820     |
| time/              |          |
|    episodes        | 952      |
|    fps             | 113      |
|    time_elapsed    | 1185     |
|    total_timesteps | 134664   |
| train/             |          |
|    actor_loss      | 379      |
|    critic_loss     | 969      |
|    ent_coef        | 0.434    |
|    ent_coef_loss   | -2.3     |
|    learning_rate   | 5e-05    |
|    n_updates       | 16820    |
---------------------------------
---------------------------------
| rollout/           |          |
|    ep_len_mean     | 164      |
|    ep_rew_mean     | -810     |
| time/              |          |
|    episodes        | 956      |
|    fps             | 113      |
|    time_elapsed    | 1193     |
|    total_timesteps | 135664   |
| train/             |          |
|    actor_loss      | 400      |
|    critic_loss     | 989      |
|    ent_coef        | 0.432    |
|    ent_coef_loss   | -2.39    |
|    learning_rate   | 5e-05    |
|    n_updates       | 16945    |
---------------------------------
---------------------------------
| rollout/           |          |
|    ep_len_mean     | 165      |
|    ep_rew_mean     | -809     |
| time/              |          |
|    episodes        | 960      |
|    fps             | 113      |
|    time_elapsed    | 1202     |
|    total_timesteps | 136728   |
| train/             |          |
|    actor_loss      | 385      |
|    critic_loss     | 689      |
|    ent_coef        | 0.429    |
|    ent_coef_loss   | -2.4     |
|    learning_rate   | 5e-05    |
|    n_updates       | 17078    |
---------------------------------
---------------------------------
| rollout/           |          |
|    ep_len_mean     | 168      |
|    ep_rew_mean     | -821     |
| time/              |          |
|    episodes        | 964      |
|    fps             | 113      |
|    time_elapsed    | 1210     |
|    total_timesteps | 137616   |
| train/             |          |
|    actor_loss      | 371      |
|    critic_loss     | 730      |
|    ent_coef        | 0.426    |
|    ent_coef_loss   | -2.3     |
|    learning_rate   | 5e-05    |
|    n_updates       | 17189    |
---------------------------------
---------------------------------
| rollout/           |          |
|    ep_len_mean     | 170      |
|    ep_rew_mean     | -810     |
| time/              |          |
|    episodes        | 968      |
|    fps             | 113      |
|    time_elapsed    | 1213     |
|    total_timesteps | 138064   |
| train/             |          |
|    actor_loss      | 370      |
|    critic_loss     | 389      |
|    ent_coef        | 0.425    |
|    ent_coef_loss   | -2.33    |
|    learning_rate   | 5e-05    |
|    n_updates       | 17245    |
---------------------------------
---------------------------------
| rollout/           |          |
|    ep_len_mean     | 171      |
|    ep_rew_mean     | -820     |
| time/              |          |
|    episodes        | 972      |
|    fps             | 113      |
|    time_elapsed    | 1220     |
|    total_timesteps | 138800   |
| train/             |          |
|    actor_loss      | 383      |
|    critic_loss     | 957      |
|    ent_coef        | 0.423    |
|    ent_coef_loss   | -2.36    |
|    learning_rate   | 5e-05    |
|    n_updates       | 17337    |
---------------------------------
---------------------------------
| rollout/           |          |
|    ep_len_mean     | 171      |
|    ep_rew_mean     | -820     |
| time/              |          |
|    episodes        | 976      |
|    fps             | 113      |
|    time_elapsed    | 1226     |
|    total_timesteps | 139528   |
| train/             |          |
|    actor_loss      | 404      |
|    critic_loss     | 254      |
|    ent_coef        | 0.422    |
|    ent_coef_loss   | -2.36    |
|    learning_rate   | 5e-05    |
|    n_updates       | 17428    |
---------------------------------
---------------------------------
| rollout/           |          |
|    ep_len_mean     | 174      |
|    ep_rew_mean     | -788     |
| time/              |          |
|    episodes        | 980      |
|    fps             | 113      |
|    time_elapsed    | 1235     |
|    total_timesteps | 140728   |
| train/             |          |
|    actor_loss      | 382      |
|    critic_loss     | 1.68e+03 |
|    ent_coef        | 0.419    |
|    ent_coef_loss   | -2.4     |
|    learning_rate   | 5e-05    |
|    n_updates       | 17578    |
---------------------------------
---------------------------------
| rollout/           |          |
|    ep_len_mean     | 176      |
|    ep_rew_mean     | -755     |
| time/              |          |
|    episodes        | 984      |
|    fps             | 113      |
|    time_elapsed    | 1238     |
|    total_timesteps | 141136   |
| train/             |          |
|    actor_loss      | 402      |
|    critic_loss     | 1.09e+03 |
|    ent_coef        | 0.418    |
|    ent_coef_loss   | -2.36    |
|    learning_rate   | 5e-05    |
|    n_updates       | 17629    |
---------------------------------
---------------------------------
| rollout/           |          |
|    ep_len_mean     | 176      |
|    ep_rew_mean     | -755     |
| time/              |          |
|    episodes        | 988      |
|    fps             | 113      |
|    time_elapsed    | 1246     |
|    total_timesteps | 142072   |
| train/             |          |
|    actor_loss      | 381      |
|    critic_loss     | 355      |
|    ent_coef        | 0.415    |
|    ent_coef_loss   | -2.28    |
|    learning_rate   | 5e-05    |
|    n_updates       | 17746    |
---------------------------------
---------------------------------
| rollout/           |          |
|    ep_len_mean     | 177      |
|    ep_rew_mean     | -712     |
| time/              |          |
|    episodes        | 992      |
|    fps             | 114      |
|    time_elapsed    | 1252     |
|    total_timesteps | 142816   |
| train/             |          |
|    actor_loss      | 379      |
|    critic_loss     | 373      |
|    ent_coef        | 0.413    |
|    ent_coef_loss   | -2.4     |
|    learning_rate   | 5e-05    |
|    n_updates       | 17839    |
---------------------------------
---------------------------------
| rollout/           |          |
|    ep_len_mean     | 177      |
|    ep_rew_mean     | -701     |
| time/              |          |
|    episodes        | 996      |
|    fps             | 113      |
|    time_elapsed    | 1254     |
|    total_timesteps | 143024   |
| train/             |          |
|    actor_loss      | 379      |
|    critic_loss     | 534      |
|    ent_coef        | 0.413    |
|    ent_coef_loss   | -2.36    |
|    learning_rate   | 5e-05    |
|    n_updates       | 17865    |
---------------------------------
---------------------------------
| rollout/           |          |
|    ep_len_mean     | 174      |
|    ep_rew_mean     | -701     |
| time/              |          |
|    episodes        | 1000     |
|    fps             | 113      |
|    time_elapsed    | 1262     |
|    total_timesteps | 143904   |
| train/             |          |
|    actor_loss      | 374      |
|    critic_loss     | 694      |
|    ent_coef        | 0.411    |
|    ent_coef_loss   | -2.46    |
|    learning_rate   | 5e-05    |
|    n_updates       | 17975    |
---------------------------------
---------------------------------
| rollout/           |          |
|    ep_len_mean     | 175      |
|    ep_rew_mean     | -690     |
| time/              |          |
|    episodes        | 1004     |
|    fps             | 113      |
|    time_elapsed    | 1266     |
|    total_timesteps | 144360   |
| train/             |          |
|    actor_loss      | 381      |
|    critic_loss     | 377      |
|    ent_coef        | 0.41     |
|    ent_coef_loss   | -2.34    |
|    learning_rate   | 5e-05    |
|    n_updates       | 18032    |
---------------------------------
---------------------------------
| rollout/           |          |
|    ep_len_mean     | 176      |
|    ep_rew_mean     | -701     |
| time/              |          |
|    episodes        | 1008     |
|    fps             | 113      |
|    time_elapsed    | 1275     |
|    total_timesteps | 145296   |
| train/             |          |
|    actor_loss      | 376      |
|    critic_loss     | 1.54e+03 |
|    ent_coef        | 0.407    |
|    ent_coef_loss   | -2.35    |
|    learning_rate   | 5e-05    |
|    n_updates       | 18149    |
---------------------------------
---------------------------------
| rollout/           |          |
|    ep_len_mean     | 175      |
|    ep_rew_mean     | -691     |
| time/              |          |
|    episodes        | 1012     |
|    fps             | 113      |
|    time_elapsed    | 1278     |
|    total_timesteps | 145768   |
| train/             |          |
|    actor_loss      | 370      |
|    critic_loss     | 744      |
|    ent_coef        | 0.406    |
|    ent_coef_loss   | -2.35    |
|    learning_rate   | 5e-05    |
|    n_updates       | 18208    |
---------------------------------
---------------------------------
| rollout/           |          |
|    ep_len_mean     | 175      |
|    ep_rew_mean     | -669     |
| time/              |          |
|    episodes        | 1016     |
|    fps             | 113      |
|    time_elapsed    | 1283     |
|    total_timesteps | 146232   |
| train/             |          |
|    actor_loss      | 381      |
|    critic_loss     | 513      |
|    ent_coef        | 0.405    |
|    ent_coef_loss   | -2.44    |
|    learning_rate   | 5e-05    |
|    n_updates       | 18266    |
---------------------------------
---------------------------------
| rollout/           |          |
|    ep_len_mean     | 175      |
|    ep_rew_mean     | -691     |
| time/              |          |
|    episodes        | 1020     |
|    fps             | 114      |
|    time_elapsed    | 1292     |
|    total_timesteps | 147480   |
| train/             |          |
|    actor_loss      | 409      |
|    critic_loss     | 569      |
|    ent_coef        | 0.402    |
|    ent_coef_loss   | -2.37    |
|    learning_rate   | 5e-05    |
|    n_updates       | 18422    |
---------------------------------
---------------------------------
| rollout/           |          |
|    ep_len_mean     | 175      |
|    ep_rew_mean     | -670     |
| time/              |          |
|    episodes        | 1024     |
|    fps             | 114      |
|    time_elapsed    | 1297     |
|    total_timesteps | 147928   |
| train/             |          |
|    actor_loss      | 379      |
|    critic_loss     | 598      |
|    ent_coef        | 0.401    |
|    ent_coef_loss   | -2.4     |
|    learning_rate   | 5e-05    |
|    n_updates       | 18478    |
---------------------------------
---------------------------------
| rollout/           |          |
|    ep_len_mean     | 176      |
|    ep_rew_mean     | -658     |
| time/              |          |
|    episodes        | 1028     |
|    fps             | 113      |
|    time_elapsed    | 1306     |
|    total_timesteps | 148824   |
| train/             |          |
|    actor_loss      | 362      |
|    critic_loss     | 781      |
|    ent_coef        | 0.399    |
|    ent_coef_loss   | -2.42    |
|    learning_rate   | 5e-05    |
|    n_updates       | 18590    |
---------------------------------
---------------------------------
| rollout/           |          |
|    ep_len_mean     | 177      |
|    ep_rew_mean     | -647     |
| time/              |          |
|    episodes        | 1032     |
|    fps             | 113      |
|    time_elapsed    | 1312     |
|    total_timesteps | 149536   |
| train/             |          |
|    actor_loss      | 386      |
|    critic_loss     | 504      |
|    ent_coef        | 0.397    |
|    ent_coef_loss   | -2.41    |
|    learning_rate   | 5e-05    |
|    n_updates       | 18679    |
---------------------------------
[EVAL @150000] obs=0 ep=0 succ=1 reason=goal cte=0.41 front=16.00 R=100.2
[EVAL @150000] obs=0 ep=1 succ=1 reason=goal cte=0.41 front=16.00 R=100.4
[EVAL @150000] obs=0 ep=2 succ=1 reason=goal cte=0.43 front=16.00 R=100.0
[EVAL @150000] obs=0 ep=3 succ=1 reason=goal cte=0.38 front=16.00 R=100.9
[EVAL @150000] obs=0 ep=4 succ=1 reason=goal cte=0.20 front=16.00 R=104.1
[EVAL @150000] obs=0 ep=5 succ=1 reason=goal cte=0.10 front=16.00 R=105.4
[EVAL @150000] obs=0 ep=6 succ=1 reason=goal cte=0.39 front=16.00 R=100.7
[EVAL @150000] obs=0 ep=7 succ=1 reason=goal cte=0.11 front=16.00 R=105.3
[EVAL @150000] obs=0 ep=8 succ=1 reason=goal cte=0.42 front=16.00 R=100.5
[EVAL @150000] obs=0 ep=9 succ=1 reason=goal cte=0.28 front=16.00 R=102.6
[EVAL @150000] obs=1 ep=0 succ=1 reason=goal cte=0.62 front=6.03 R=100.5
[EVAL @150000] obs=1 ep=1 succ=1 reason=goal cte=0.62 front=3.81 R=107.7
[EVAL @150000] obs=1 ep=2 succ=0 reason=obstacle cte=0.14 front=1.59 R=-974.8
[EVAL @150000] obs=1 ep=3 succ=1 reason=goal cte=0.33 front=6.96 R=104.3
[EVAL @150000] obs=1 ep=4 succ=0 reason=obstacle cte=0.11 front=0.32 R=-976.9
[EVAL @150000] obs=1 ep=5 succ=1 reason=goal cte=1.03 front=5.67 R=96.0
[EVAL @150000] obs=1 ep=6 succ=0 reason=obstacle cte=0.26 front=1.99 R=-976.3
[EVAL @150000] obs=1 ep=7 succ=1 reason=goal cte=0.92 front=5.41 R=100.7
[EVAL @150000] obs=1 ep=8 succ=1 reason=goal cte=0.64 front=5.08 R=102.8
[EVAL @150000] obs=1 ep=9 succ=1 reason=goal cte=0.88 front=5.37 R=96.2
[EVAL @150000] obs=2 ep=0 succ=0 reason=obstacle cte=0.23 front=1.31 R=-990.1
[EVAL @150000] obs=2 ep=1 succ=0 reason=obstacle cte=0.61 front=2.34 R=-987.2
[EVAL @150000] obs=2 ep=2 succ=0 reason=border cte=1.28 front=3.19 R=-977.3
[EVAL @150000] obs=2 ep=3 succ=1 reason=goal cte=1.03 front=6.58 R=96.2
[EVAL @150000] obs=2 ep=4 succ=1 reason=goal cte=1.90 front=3.47 R=71.7
[EVAL @150000] obs=2 ep=5 succ=1 reason=goal cte=1.30 front=3.83 R=93.0
[EVAL @150000] obs=2 ep=6 succ=1 reason=goal cte=1.22 front=2.46 R=94.0
[EVAL @150000] obs=2 ep=7 succ=1 reason=goal cte=1.16 front=2.54 R=91.8
[EVAL @150000] obs=2 ep=8 succ=1 reason=goal cte=0.15 front=9.25 R=106.5
[EVAL @150000] obs=2 ep=9 succ=1 reason=goal cte=1.13 front=3.44 R=99.2
[EVAL @150000] obs=3 ep=0 succ=0 reason=border cte=0.90 front=2.74 R=-975.5
[EVAL @150000] obs=3 ep=1 succ=1 reason=goal cte=1.83 front=3.24 R=61.8
[EVAL @150000] obs=3 ep=2 succ=0 reason=border cte=0.69 front=6.02 R=-965.3
[EVAL @150000] obs=3 ep=3 succ=0 reason=obstacle cte=0.58 front=0.54 R=-979.9
[EVAL @150000] obs=3 ep=4 succ=0 reason=border cte=0.40 front=2.87 R=-976.4
[EVAL @150000] obs=3 ep=5 succ=0 reason=border cte=0.89 front=2.40 R=-968.9
[EVAL @150000] obs=3 ep=6 succ=0 reason=border cte=1.75 front=4.11 R=-970.1
[EVAL @150000] obs=3 ep=7 succ=0 reason=border cte=0.44 front=3.72 R=-969.0
[EVAL @150000] obs=3 ep=8 succ=1 reason=goal cte=1.73 front=5.30 R=82.0
[EVAL @150000] obs=3 ep=9 succ=1 reason=goal cte=1.99 front=4.02 R=77.7
[EVAL @150000] obs=4 ep=0 succ=0 reason=obstacle cte=0.32 front=1.41 R=-996.2
[EVAL @150000] obs=4 ep=1 succ=0 reason=obstacle cte=0.23 front=0.43 R=-975.4
[EVAL @150000] obs=4 ep=2 succ=0 reason=border cte=1.03 front=2.88 R=-974.2
[EVAL @150000] obs=4 ep=3 succ=0 reason=border cte=2.49 front=3.50 R=-988.6
[EVAL @150000] obs=4 ep=4 succ=1 reason=goal cte=1.54 front=8.48 R=87.0
[EVAL @150000] obs=4 ep=5 succ=1 reason=goal cte=1.93 front=4.53 R=75.0
[EVAL @150000] obs=4 ep=6 succ=1 reason=goal cte=2.14 front=4.25 R=75.9
[EVAL @150000] obs=4 ep=7 succ=0 reason=border cte=1.27 front=5.01 R=-976.4
[EVAL @150000] obs=4 ep=8 succ=0 reason=obstacle cte=0.33 front=0.39 R=-990.8
[EVAL @150000] obs=4 ep=9 succ=1 reason=goal cte=1.84 front=5.71 R=85.1
[EVAL @150000] obs=5 ep=0 succ=0 reason=border cte=2.15 front=4.07 R=-983.0
[EVAL @150000] obs=5 ep=1 succ=0 reason=obstacle cte=0.23 front=1.33 R=-991.3
[EVAL @150000] obs=5 ep=2 succ=0 reason=obstacle cte=0.49 front=0.95 R=-996.8
[EVAL @150000] obs=5 ep=3 succ=1 reason=goal cte=2.30 front=2.68 R=71.2
[EVAL @150000] obs=5 ep=4 succ=0 reason=border cte=0.44 front=5.06 R=-975.5
[EVAL @150000] obs=5 ep=5 succ=1 reason=goal cte=2.18 front=4.71 R=72.0
[EVAL @150000] obs=5 ep=6 succ=0 reason=border cte=1.14 front=5.66 R=-986.9
[EVAL @150000] obs=5 ep=7 succ=0 reason=border cte=0.54 front=2.92 R=-988.0
[EVAL @150000] obs=5 ep=8 succ=1 reason=goal cte=1.90 front=3.15 R=80.6
[EVAL @150000] obs=5 ep=9 succ=1 reason=goal cte=2.05 front=2.99 R=69.3
New BEST model saved: score=2.509, success=0.583
------------------------------------------
| eval/                       |          |
|    border_rate              | 0.233    |
|    collision_rate           | 0.417    |
|    max_block_alpha          | 1        |
|    max_rpm                  | 12       |
|    mean_abs_course_error    | 12.9     |
|    mean_abs_cte             | 0.94     |
|    mean_abs_lookahead_error | 18.4     |
|    mean_d_end               | 5.05     |
|    mean_ep_len              | 195      |
|    mean_ep_reward           | -355     |
|    mean_lambda              | 0.5      |
|    mean_progress_per_step   | 0.0763   |
|    mean_r_border            | -0.00766 |
|    mean_r_center            | 0        |
|    mean_r_exist             | -0.5     |
|    mean_r_local             | 0        |
|    mean_r_oa                | -0.00358 |
|    mean_r_pf                | 0.855    |
|    mean_rpm                 | 12       |
|    mean_sector_pen          | 6.08     |
|    mean_speed               | 0.834    |
|    min_front_clearance      | 0.321    |
|    min_min_lidar_all        | 0.307    |
|    min_p10_front            | 0.308    |
|    min_rpm                  | 12       |
|    min_sector_range         | 0.307    |
|    obs_0_border_rate        | 0        |
|    obs_0_mean_abs_cte       | 0.313    |
|    obs_0_obstacle_rate      | 0        |
|    obs_0_success_rate       | 1        |
|    obs_0_timeout_rate       | 0        |
|    obs_1_border_rate        | 0        |
|    obs_1_mean_abs_cte       | 0.555    |
|    obs_1_obstacle_rate      | 0.3      |
|    obs_1_success_rate       | 0.7      |
|    obs_1_timeout_rate       | 0        |
|    obs_2_border_rate        | 0.1      |
|    obs_2_mean_abs_cte       | 1        |
|    obs_2_obstacle_rate      | 0.2      |
|    obs_2_success_rate       | 0.7      |
|    obs_2_timeout_rate       | 0        |
|    obs_3_border_rate        | 0.6      |
|    obs_3_mean_abs_cte       | 1.12     |
|    obs_3_obstacle_rate      | 0.1      |
|    obs_3_success_rate       | 0.3      |
|    obs_3_timeout_rate       | 0        |
|    obs_4_border_rate        | 0.3      |
|    obs_4_mean_abs_cte       | 1.31     |
|    obs_4_obstacle_rate      | 0.3      |
|    obs_4_success_rate       | 0.4      |
|    obs_4_timeout_rate       | 0        |
|    obs_5_border_rate        | 0.4      |
|    obs_5_mean_abs_cte       | 1.34     |
|    obs_5_obstacle_rate      | 0.2      |
|    obs_5_success_rate       | 0.4      |
|    obs_5_timeout_rate       | 0        |
|    obstacle_rate            | 0.183    |
|    p10_sector_range         | 0.313    |
|    reward_info_rate         | 1        |
|    selection_score          | 2.51     |
|    std_ep_reward            | 529      |
|    success_rate             | 0.583    |
|    timeout_rate             | 0        |
|    timesteps                | 150000   |
| rollout/                    |          |
|    ep_len_mean              | 182      |
|    ep_rew_mean              | -604     |
| time/                       |          |
|    episodes                 | 1036     |
|    fps                      | 109      |
|    time_elapsed             | 1369     |
|    total_timesteps          | 150384   |
| train/                      |          |
|    actor_loss               | 381      |
|    critic_loss              | 538      |
|    ent_coef                 | 0.395    |
|    ent_coef_loss            | -2.36    |
|    learning_rate            | 5e-05    |
|    n_updates                | 18785    |
------------------------------------------
---------------------------------
| rollout/           |          |
|    ep_len_mean     | 181      |
|    ep_rew_mean     | -572     |
| time/              |          |
|    episodes        | 1040     |
|    fps             | 109      |
|    time_elapsed    | 1375     |
|    total_timesteps | 151000   |
| train/             |          |
|    actor_loss      | 385      |
|    critic_loss     | 293      |
|    ent_coef        | 0.394    |
|    ent_coef_loss   | -2.34    |
|    learning_rate   | 5e-05    |
|    n_updates       | 18862    |
---------------------------------
---------------------------------
| rollout/           |          |
|    ep_len_mean     | 182      |
|    ep_rew_mean     | -560     |
| time/              |          |
|    episodes        | 1044     |
|    fps             | 109      |
|    time_elapsed    | 1382     |
|    total_timesteps | 151632   |
| train/             |          |
|    actor_loss      | 383      |
|    critic_loss     | 463      |
|    ent_coef        | 0.392    |
|    ent_coef_loss   | -2.4     |
|    learning_rate   | 5e-05    |
|    n_updates       | 18941    |
---------------------------------
---------------------------------
| rollout/           |          |
|    ep_len_mean     | 185      |
|    ep_rew_mean     | -527     |
| time/              |          |
|    episodes        | 1048     |
|    fps             | 109      |
|    time_elapsed    | 1392     |
|    total_timesteps | 152640   |
| train/             |          |
|    actor_loss      | 384      |
|    critic_loss     | 1.2e+03  |
|    ent_coef        | 0.39     |
|    ent_coef_loss   | -2.4     |
|    learning_rate   | 5e-05    |
|    n_updates       | 19067    |
---------------------------------
---------------------------------
| rollout/           |          |
|    ep_len_mean     | 187      |
|    ep_rew_mean     | -495     |
| time/              |          |
|    episodes        | 1052     |
|    fps             | 109      |
|    time_elapsed    | 1398     |
|    total_timesteps | 153144   |
| train/             |          |
|    actor_loss      | 410      |
|    critic_loss     | 3.03e+03 |
|    ent_coef        | 0.389    |
|    ent_coef_loss   | -2.34    |
|    learning_rate   | 5e-05    |
|    n_updates       | 19130    |
---------------------------------
---------------------------------
| rollout/           |          |
|    ep_len_mean     | 186      |
|    ep_rew_mean     | -484     |
| time/              |          |
|    episodes        | 1056     |
|    fps             | 109      |
|    time_elapsed    | 1407     |
|    total_timesteps | 154168   |
| train/             |          |
|    actor_loss      | 389      |
|    critic_loss     | 1.33e+03 |
|    ent_coef        | 0.386    |
|    ent_coef_loss   | -2.43    |
|    learning_rate   | 5e-05    |
|    n_updates       | 19258    |
---------------------------------
---------------------------------
| rollout/           |          |
|    ep_len_mean     | 187      |
|    ep_rew_mean     | -442     |
| time/              |          |
|    episodes        | 1060     |
|    fps             | 109      |
|    time_elapsed    | 1415     |
|    total_timesteps | 155008   |
| train/             |          |
|    actor_loss      | 401      |
|    critic_loss     | 226      |
|    ent_coef        | 0.384    |
|    ent_coef_loss   | -2.41    |
|    learning_rate   | 5e-05    |
|    n_updates       | 19363    |
---------------------------------
---------------------------------
| rollout/           |          |
|    ep_len_mean     | 187      |
|    ep_rew_mean     | -420     |
| time/              |          |
|    episodes        | 1064     |
|    fps             | 109      |
|    time_elapsed    | 1424     |
|    total_timesteps | 156080   |
| train/             |          |
|    actor_loss      | 406      |
|    critic_loss     | 714      |
|    ent_coef        | 0.382    |
|    ent_coef_loss   | -2.37    |
|    learning_rate   | 5e-05    |
|    n_updates       | 19497    |
---------------------------------
---------------------------------
| rollout/           |          |
|    ep_len_mean     | 185      |
|    ep_rew_mean     | -409     |
| time/              |          |
|    episodes        | 1068     |
|    fps             | 109      |
|    time_elapsed    | 1432     |
|    total_timesteps | 157080   |
| train/             |          |
|    actor_loss      | 385      |
|    critic_loss     | 1.15e+03 |
|    ent_coef        | 0.38     |
|    ent_coef_loss   | -2.39    |
|    learning_rate   | 5e-05    |
|    n_updates       | 19622    |
---------------------------------
---------------------------------
| rollout/           |          |
|    ep_len_mean     | 188      |
|    ep_rew_mean     | -388     |
| time/              |          |
|    episodes        | 1072     |
|    fps             | 109      |
|    time_elapsed    | 1440     |
|    total_timesteps | 157880   |
| train/             |          |
|    actor_loss      | 378      |
|    critic_loss     | 360      |
|    ent_coef        | 0.378    |
|    ent_coef_loss   | -2.4     |
|    learning_rate   | 5e-05    |
|    n_updates       | 19722    |
---------------------------------
---------------------------------
| rollout/           |          |
|    ep_len_mean     | 189      |
|    ep_rew_mean     | -366     |
| time/              |          |
|    episodes        | 1076     |
|    fps             | 109      |
|    time_elapsed    | 1445     |
|    total_timesteps | 158472   |
| train/             |          |
|    actor_loss      | 383      |
|    critic_loss     | 490      |
|    ent_coef        | 0.376    |
|    ent_coef_loss   | -2.45    |
|    learning_rate   | 5e-05    |
|    n_updates       | 19796    |
---------------------------------
---------------------------------
| rollout/           |          |
|    ep_len_mean     | 188      |
|    ep_rew_mean     | -377     |
| time/              |          |
|    episodes        | 1080     |
|    fps             | 109      |
|    time_elapsed    | 1451     |
|    total_timesteps | 159136   |
| train/             |          |
|    actor_loss      | 396      |
|    critic_loss     | 1.18e+03 |
|    ent_coef        | 0.375    |
|    ent_coef_loss   | -2.4     |
|    learning_rate   | 5e-05    |
|    n_updates       | 19879    |
---------------------------------
---------------------------------
| rollout/           |          |
|    ep_len_mean     | 186      |
|    ep_rew_mean     | -388     |
| time/              |          |
|    episodes        | 1084     |
|    fps             | 109      |
|    time_elapsed    | 1459     |
|    total_timesteps | 160048   |
| train/             |          |
|    actor_loss      | 400      |
|    critic_loss     | 1.06e+03 |
|    ent_coef        | 0.373    |
|    ent_coef_loss   | -2.47    |
|    learning_rate   | 5e-05    |
|    n_updates       | 19993    |
---------------------------------
---------------------------------
| rollout/           |          |
|    ep_len_mean     | 190      |
|    ep_rew_mean     | -356     |
| time/              |          |
|    episodes        | 1088     |
|    fps             | 109      |
|    time_elapsed    | 1467     |
|    total_timesteps | 160960   |
| train/             |          |
|    actor_loss      | 411      |
|    critic_loss     | 346      |
|    ent_coef        | 0.371    |
|    ent_coef_loss   | -2.5     |
|    learning_rate   | 5e-05    |
|    n_updates       | 20107    |
---------------------------------
---------------------------------
| rollout/           |          |
|    ep_len_mean     | 189      |
|    ep_rew_mean     | -366     |
| time/              |          |
|    episodes        | 1092     |
|    fps             | 109      |
|    time_elapsed    | 1473     |
|    total_timesteps | 161608   |
| train/             |          |
|    actor_loss      | 409      |
|    critic_loss     | 280      |
|    ent_coef        | 0.369    |
|    ent_coef_loss   | -2.4     |
|    learning_rate   | 5e-05    |
|    n_updates       | 20188    |
---------------------------------
---------------------------------
| rollout/           |          |
|    ep_len_mean     | 189      |
|    ep_rew_mean     | -356     |
| time/              |          |
|    episodes        | 1096     |
|    fps             | 109      |
|    time_elapsed    | 1481     |
|    total_timesteps | 162528   |
| train/             |          |
|    actor_loss      | 396      |
|    critic_loss     | 990      |
|    ent_coef        | 0.367    |
|    ent_coef_loss   | -2.5     |
|    learning_rate   | 5e-05    |
|    n_updates       | 20303    |
---------------------------------
---------------------------------
| rollout/           |          |
|    ep_len_mean     | 193      |
|    ep_rew_mean     | -324     |
| time/              |          |
|    episodes        | 1100     |
|    fps             | 109      |
|    time_elapsed    | 1487     |
|    total_timesteps | 163136   |
| train/             |          |
|    actor_loss      | 381      |
|    critic_loss     | 545      |
|    ent_coef        | 0.366    |
|    ent_coef_loss   | -2.5     |
|    learning_rate   | 5e-05    |
|    n_updates       | 20379    |
---------------------------------
---------------------------------
| rollout/           |          |
|    ep_len_mean     | 192      |
|    ep_rew_mean     | -335     |
| time/              |          |
|    episodes        | 1104     |
|    fps             | 109      |
|    time_elapsed    | 1494     |
|    total_timesteps | 163832   |
| train/             |          |
|    actor_loss      | 412      |
|    critic_loss     | 387      |
|    ent_coef        | 0.364    |
|    ent_coef_loss   | -2.46    |
|    learning_rate   | 5e-05    |
|    n_updates       | 20466    |
---------------------------------
---------------------------------
| rollout/           |          |
|    ep_len_mean     | 193      |
|    ep_rew_mean     | -324     |
| time/              |          |
|    episodes        | 1108     |
|    fps             | 109      |
|    time_elapsed    | 1500     |
|    total_timesteps | 164384   |
| train/             |          |
|    actor_loss      | 391      |
|    critic_loss     | 1.08e+03 |
|    ent_coef        | 0.363    |
|    ent_coef_loss   | -2.47    |
|    learning_rate   | 5e-05    |
|    n_updates       | 20535    |
---------------------------------
---------------------------------
| rollout/           |          |
|    ep_len_mean     | 197      |
|    ep_rew_mean     | -292     |
| time/              |          |
|    episodes        | 1112     |
|    fps             | 109      |
|    time_elapsed    | 1515     |
|    total_timesteps | 166000   |
| train/             |          |
|    actor_loss      | 390      |
|    critic_loss     | 169      |
|    ent_coef        | 0.36     |
|    ent_coef_loss   | -2.44    |
|    learning_rate   | 5e-05    |
|    n_updates       | 20737    |
---------------------------------
---------------------------------
| rollout/           |          |
|    ep_len_mean     | 200      |
|    ep_rew_mean     | -270     |
| time/              |          |
|    episodes        | 1116     |
|    fps             | 109      |
|    time_elapsed    | 1519     |
|    total_timesteps | 166384   |
| train/             |          |
|    actor_loss      | 397      |
|    critic_loss     | 847      |
|    ent_coef        | 0.359    |
|    ent_coef_loss   | -2.39    |
|    learning_rate   | 5e-05    |
|    n_updates       | 20785    |
---------------------------------
---------------------------------
| rollout/           |          |
|    ep_len_mean     | 202      |
|    ep_rew_mean     | -259     |
| time/              |          |
|    episodes        | 1120     |
|    fps             | 109      |
|    time_elapsed    | 1529     |
|    total_timesteps | 167200   |
| train/             |          |
|    actor_loss      | 413      |
|    critic_loss     | 619      |
|    ent_coef        | 0.357    |
|    ent_coef_loss   | -2.43    |
|    learning_rate   | 5e-05    |
|    n_updates       | 20887    |
---------------------------------
---------------------------------
| rollout/           |          |
|    ep_len_mean     | 202      |
|    ep_rew_mean     | -249     |
| time/              |          |
|    episodes        | 1124     |
|    fps             | 109      |
|    time_elapsed    | 1540     |
|    total_timesteps | 168376   |
| train/             |          |
|    actor_loss      | 377      |
|    critic_loss     | 623      |
|    ent_coef        | 0.355    |
|    ent_coef_loss   | -2.45    |
|    learning_rate   | 5e-05    |
|    n_updates       | 21034    |
---------------------------------
---------------------------------
| rollout/           |          |
|    ep_len_mean     | 203      |
|    ep_rew_mean     | -238     |
| time/              |          |
|    episodes        | 1128     |
|    fps             | 109      |
|    time_elapsed    | 1548     |
|    total_timesteps | 169208   |
| train/             |          |
|    actor_loss      | 388      |
|    critic_loss     | 1.04e+03 |
|    ent_coef        | 0.353    |
|    ent_coef_loss   | -2.4     |
|    learning_rate   | 5e-05    |
|    n_updates       | 21138    |
---------------------------------
---------------------------------
| rollout/           |          |
|    ep_len_mean     | 203      |
|    ep_rew_mean     | -249     |
| time/              |          |
|    episodes        | 1132     |
|    fps             | 109      |
|    time_elapsed    | 1555     |
|    total_timesteps | 170008   |
| train/             |          |
|    actor_loss      | 394      |
|    critic_loss     | 541      |
|    ent_coef        | 0.351    |
|    ent_coef_loss   | -2.37    |
|    learning_rate   | 5e-05    |
|    n_updates       | 21238    |
---------------------------------
---------------------------------
| rollout/           |          |
|    ep_len_mean     | 201      |
|    ep_rew_mean     | -260     |
| time/              |          |
|    episodes        | 1136     |
|    fps             | 109      |
|    time_elapsed    | 1557     |
|    total_timesteps | 170272   |
| train/             |          |
|    actor_loss      | 395      |
|    critic_loss     | 305      |
|    ent_coef        | 0.351    |
|    ent_coef_loss   | -2.5     |
|    learning_rate   | 5e-05    |
|    n_updates       | 21271    |
---------------------------------
---------------------------------
| rollout/           |          |
|    ep_len_mean     | 202      |
|    ep_rew_mean     | -260     |
| time/              |          |
|    episodes        | 1140     |
|    fps             | 109      |
|    time_elapsed    | 1568     |
|    total_timesteps | 171456   |
| train/             |          |
|    actor_loss      | 385      |
|    critic_loss     | 537      |
|    ent_coef        | 0.348    |
|    ent_coef_loss   | -2.41    |
|    learning_rate   | 5e-05    |
|    n_updates       | 21419    |
---------------------------------
---------------------------------
| rollout/           |          |
|    ep_len_mean     | 203      |
|    ep_rew_mean     | -239     |
| time/              |          |
|    episodes        | 1144     |
|    fps             | 109      |
|    time_elapsed    | 1573     |
|    total_timesteps | 172072   |
| train/             |          |
|    actor_loss      | 384      |
|    critic_loss     | 704      |
|    ent_coef        | 0.347    |
|    ent_coef_loss   | -2.42    |
|    learning_rate   | 5e-05    |
|    n_updates       | 21496    |
---------------------------------
---------------------------------
| rollout/           |          |
|    ep_len_mean     | 203      |
|    ep_rew_mean     | -239     |
| time/              |          |
|    episodes        | 1148     |
|    fps             | 109      |
|    time_elapsed    | 1584     |
|    total_timesteps | 173216   |
| train/             |          |
|    actor_loss      | 400      |
|    critic_loss     | 885      |
|    ent_coef        | 0.345    |
|    ent_coef_loss   | -2.56    |
|    learning_rate   | 5e-05    |
|    n_updates       | 21639    |
---------------------------------
---------------------------------
| rollout/           |          |
|    ep_len_mean     | 205      |
|    ep_rew_mean     | -228     |
| time/              |          |
|    episodes        | 1152     |
|    fps             | 109      |
|    time_elapsed    | 1588     |
|    total_timesteps | 173528   |
| train/             |          |
|    actor_loss      | 397      |
|    critic_loss     | 1.84e+03 |
|    ent_coef        | 0.344    |
|    ent_coef_loss   | -2.33    |
|    learning_rate   | 5e-05    |
|    n_updates       | 21678    |
---------------------------------
---------------------------------
| rollout/           |          |
|    ep_len_mean     | 202      |
|    ep_rew_mean     | -228     |
| time/              |          |
|    episodes        | 1156     |
|    fps             | 109      |
|    time_elapsed    | 1598     |
|    total_timesteps | 174512   |
| train/             |          |
|    actor_loss      | 377      |
|    critic_loss     | 513      |
|    ent_coef        | 0.342    |
|    ent_coef_loss   | -2.38    |
|    learning_rate   | 5e-05    |
|    n_updates       | 21801    |
---------------------------------
---------------------------------
| rollout/           |          |
|    ep_len_mean     | 200      |
|    ep_rew_mean     | -238     |
| time/              |          |
|    episodes        | 1160     |
|    fps             | 109      |
|    time_elapsed    | 1607     |
|    total_timesteps | 175408   |
| train/             |          |
|    actor_loss      | 380      |
|    critic_loss     | 438      |
|    ent_coef        | 0.34     |
|    ent_coef_loss   | -2.37    |
|    learning_rate   | 5e-05    |
|    n_updates       | 21913    |
---------------------------------
---------------------------------
| rollout/           |          |
|    ep_len_mean     | 200      |
|    ep_rew_mean     | -228     |
| time/              |          |
|    episodes        | 1164     |
|    fps             | 109      |
|    time_elapsed    | 1610     |
|    total_timesteps | 175824   |
| train/             |          |
|    actor_loss      | 378      |
|    critic_loss     | 548      |
|    ent_coef        | 0.339    |
|    ent_coef_loss   | -2.44    |
|    learning_rate   | 5e-05    |
|    n_updates       | 21965    |
---------------------------------
---------------------------------
| rollout/           |          |
|    ep_len_mean     | 198      |
|    ep_rew_mean     | -250     |
| time/              |          |
|    episodes        | 1168     |
|    fps             | 109      |
|    time_elapsed    | 1618     |
|    total_timesteps | 176672   |
| train/             |          |
|    actor_loss      | 415      |
|    critic_loss     | 2.48e+03 |
|    ent_coef        | 0.338    |
|    ent_coef_loss   | -2.31    |
|    learning_rate   | 5e-05    |
|    n_updates       | 22071    |
---------------------------------
---------------------------------
| rollout/           |          |
|    ep_len_mean     | 195      |
|    ep_rew_mean     | -239     |
| time/              |          |
|    episodes        | 1172     |
|    fps             | 109      |
|    time_elapsed    | 1621     |
|    total_timesteps | 177008   |
| train/             |          |
|    actor_loss      | 409      |
|    critic_loss     | 603      |
|    ent_coef        | 0.337    |
|    ent_coef_loss   | -2.3     |
|    learning_rate   | 5e-05    |
|    n_updates       | 22113    |
---------------------------------
---------------------------------
| rollout/           |          |
|    ep_len_mean     | 194      |
|    ep_rew_mean     | -250     |
| time/              |          |
|    episodes        | 1176     |
|    fps             | 109      |
|    time_elapsed    | 1628     |
|    total_timesteps | 177872   |
| train/             |          |
|    actor_loss      | 406      |
|    critic_loss     | 2.14e+03 |
|    ent_coef        | 0.335    |
|    ent_coef_loss   | -2.39    |
|    learning_rate   | 5e-05    |
|    n_updates       | 22221    |
---------------------------------
---------------------------------
| rollout/           |          |
|    ep_len_mean     | 194      |
|    ep_rew_mean     | -239     |
| time/              |          |
|    episodes        | 1180     |
|    fps             | 109      |
|    time_elapsed    | 1634     |
|    total_timesteps | 178552   |
| train/             |          |
|    actor_loss      | 394      |
|    critic_loss     | 1.01e+03 |
|    ent_coef        | 0.334    |
|    ent_coef_loss   | -2.43    |
|    learning_rate   | 5e-05    |
|    n_updates       | 22306    |
---------------------------------
---------------------------------
| rollout/           |          |
|    ep_len_mean     | 194      |
|    ep_rew_mean     | -249     |
| time/              |          |
|    episodes        | 1184     |
|    fps             | 109      |
|    time_elapsed    | 1642     |
|    total_timesteps | 179432   |
| train/             |          |
|    actor_loss      | 382      |
|    critic_loss     | 379      |
|    ent_coef        | 0.332    |
|    ent_coef_loss   | -2.41    |
|    learning_rate   | 5e-05    |
|    n_updates       | 22416    |
---------------------------------
---------------------------------
| rollout/           |          |
|    ep_len_mean     | 193      |
|    ep_rew_mean     | -259     |
| time/              |          |
|    episodes        | 1188     |
|    fps             | 109      |
|    time_elapsed    | 1648     |
|    total_timesteps | 180152   |
| train/             |          |
|    actor_loss      | 380      |
|    critic_loss     | 1.14e+03 |
|    ent_coef        | 0.331    |
|    ent_coef_loss   | -2.37    |
|    learning_rate   | 5e-05    |
|    n_updates       | 22506    |
---------------------------------
---------------------------------
| rollout/           |          |
|    ep_len_mean     | 195      |
|    ep_rew_mean     | -259     |
| time/              |          |
|    episodes        | 1192     |
|    fps             | 109      |
|    time_elapsed    | 1657     |
|    total_timesteps | 181040   |
| train/             |          |
|    actor_loss      | 381      |
|    critic_loss     | 227      |
|    ent_coef        | 0.329    |
|    ent_coef_loss   | -2.51    |
|    learning_rate   | 5e-05    |
|    n_updates       | 22617    |
---------------------------------
---------------------------------
| rollout/           |          |
|    ep_len_mean     | 194      |
|    ep_rew_mean     | -281     |
| time/              |          |
|    episodes        | 1196     |
|    fps             | 109      |
|    time_elapsed    | 1664     |
|    total_timesteps | 181728   |
| train/             |          |
|    actor_loss      | 390      |
|    critic_loss     | 564      |
|    ent_coef        | 0.328    |
|    ent_coef_loss   | -2.54    |
|    learning_rate   | 5e-05    |
|    n_updates       | 22703    |
---------------------------------
---------------------------------
| rollout/           |          |
|    ep_len_mean     | 192      |
|    ep_rew_mean     | -291     |
| time/              |          |
|    episodes        | 1200     |
|    fps             | 109      |
|    time_elapsed    | 1668     |
|    total_timesteps | 182192   |
| train/             |          |
|    actor_loss      | 376      |
|    critic_loss     | 275      |
|    ent_coef        | 0.327    |
|    ent_coef_loss   | -2.45    |
|    learning_rate   | 5e-05    |
|    n_updates       | 22761    |
---------------------------------
---------------------------------
| rollout/           |          |
|    ep_len_mean     | 192      |
|    ep_rew_mean     | -291     |
| time/              |          |
|    episodes        | 1204     |
|    fps             | 109      |
|    time_elapsed    | 1676     |
|    total_timesteps | 183048   |
| train/             |          |
|    actor_loss      | 368      |
|    critic_loss     | 215      |
|    ent_coef        | 0.325    |
|    ent_coef_loss   | -2.39    |
|    learning_rate   | 5e-05    |
|    n_updates       | 22868    |
---------------------------------
---------------------------------
| rollout/           |          |
|    ep_len_mean     | 191      |
|    ep_rew_mean     | -291     |
| time/              |          |
|    episodes        | 1208     |
|    fps             | 109      |
|    time_elapsed    | 1680     |
|    total_timesteps | 183552   |
| train/             |          |
|    actor_loss      | 383      |
|    critic_loss     | 491      |
|    ent_coef        | 0.324    |
|    ent_coef_loss   | -2.51    |
|    learning_rate   | 5e-05    |
|    n_updates       | 22931    |
---------------------------------
---------------------------------
| rollout/           |          |
|    ep_len_mean     | 190      |
|    ep_rew_mean     | -290     |
| time/              |          |
|    episodes        | 1212     |
|    fps             | 109      |
|    time_elapsed    | 1690     |
|    total_timesteps | 184640   |
| train/             |          |
|    actor_loss      | 402      |
|    critic_loss     | 1.26e+03 |
|    ent_coef        | 0.322    |
|    ent_coef_loss   | -2.25    |
|    learning_rate   | 5e-05    |
|    n_updates       | 23067    |
---------------------------------
---------------------------------
| rollout/           |          |
|    ep_len_mean     | 188      |
|    ep_rew_mean     | -301     |
| time/              |          |
|    episodes        | 1216     |
|    fps             | 109      |
|    time_elapsed    | 1695     |
|    total_timesteps | 185136   |
| train/             |          |
|    actor_loss      | 400      |
|    critic_loss     | 515      |
|    ent_coef        | 0.321    |
|    ent_coef_loss   | -2.42    |
|    learning_rate   | 5e-05    |
|    n_updates       | 23129    |
---------------------------------
---------------------------------
| rollout/           |          |
|    ep_len_mean     | 184      |
|    ep_rew_mean     | -301     |
| time/              |          |
|    episodes        | 1220     |
|    fps             | 109      |
|    time_elapsed    | 1701     |
|    total_timesteps | 185776   |
| train/             |          |
|    actor_loss      | 397      |
|    critic_loss     | 700      |
|    ent_coef        | 0.32     |
|    ent_coef_loss   | -2.42    |
|    learning_rate   | 5e-05    |
|    n_updates       | 23209    |
---------------------------------
---------------------------------
| rollout/           |          |
|    ep_len_mean     | 186      |
|    ep_rew_mean     | -290     |
| time/              |          |
|    episodes        | 1224     |
|    fps             | 109      |
|    time_elapsed    | 1712     |
|    total_timesteps | 186928   |
| train/             |          |
|    actor_loss      | 411      |
|    critic_loss     | 1.12e+03 |
|    ent_coef        | 0.318    |
|    ent_coef_loss   | -2.37    |
|    learning_rate   | 5e-05    |
|    n_updates       | 23353    |
---------------------------------
---------------------------------
| rollout/           |          |
|    ep_len_mean     | 186      |
|    ep_rew_mean     | -290     |
| time/              |          |
|    episodes        | 1228     |
|    fps             | 109      |
|    time_elapsed    | 1717     |
|    total_timesteps | 187440   |
| train/             |          |
|    actor_loss      | 381      |
|    critic_loss     | 621      |
|    ent_coef        | 0.317    |
|    ent_coef_loss   | -2.46    |
|    learning_rate   | 5e-05    |
|    n_updates       | 23417    |
---------------------------------
---------------------------------
| rollout/           |          |
|    ep_len_mean     | 186      |
|    ep_rew_mean     | -279     |
| time/              |          |
|    episodes        | 1232     |
|    fps             | 109      |
|    time_elapsed    | 1724     |
|    total_timesteps | 188344   |
| train/             |          |
|    actor_loss      | 396      |
|    critic_loss     | 247      |
|    ent_coef        | 0.315    |
|    ent_coef_loss   | -2.34    |
|    learning_rate   | 5e-05    |
|    n_updates       | 23530    |
---------------------------------
---------------------------------
| rollout/           |          |
|    ep_len_mean     | 186      |
|    ep_rew_mean     | -279     |
| time/              |          |
|    episodes        | 1236     |
|    fps             | 109      |
|    time_elapsed    | 1730     |
|    total_timesteps | 189024   |
| train/             |          |
|    actor_loss      | 404      |
|    critic_loss     | 967      |
|    ent_coef        | 0.314    |
|    ent_coef_loss   | -2.24    |
|    learning_rate   | 5e-05    |
|    n_updates       | 23615    |
---------------------------------
---------------------------------
| rollout/           |          |
|    ep_len_mean     | 184      |
|    ep_rew_mean     | -300     |
| time/              |          |
|    episodes        | 1240     |
|    fps             | 109      |
|    time_elapsed    | 1737     |
|    total_timesteps | 189736   |
| train/             |          |
|    actor_loss      | 382      |
|    critic_loss     | 453      |
|    ent_coef        | 0.313    |
|    ent_coef_loss   | -2.32    |
|    learning_rate   | 5e-05    |
|    n_updates       | 23704    |
---------------------------------
---------------------------------
| rollout/           |          |
|    ep_len_mean     | 183      |
|    ep_rew_mean     | -311     |
| time/              |          |
|    episodes        | 1244     |
|    fps             | 109      |
|    time_elapsed    | 1744     |
|    total_timesteps | 190424   |
| train/             |          |
|    actor_loss      | 365      |
|    critic_loss     | 302      |
|    ent_coef        | 0.311    |
|    ent_coef_loss   | -2.31    |
|    learning_rate   | 5e-05    |
|    n_updates       | 23790    |
---------------------------------
---------------------------------
| rollout/           |          |
|    ep_len_mean     | 183      |
|    ep_rew_mean     | -311     |
| time/              |          |
|    episodes        | 1248     |
|    fps             | 109      |
|    time_elapsed    | 1750     |
|    total_timesteps | 191088   |
| train/             |          |
|    actor_loss      | 407      |
|    critic_loss     | 434      |
|    ent_coef        | 0.31     |
|    ent_coef_loss   | -2.34    |
|    learning_rate   | 5e-05    |
|    n_updates       | 23873    |
---------------------------------
---------------------------------
| rollout/           |          |
|    ep_len_mean     | 180      |
|    ep_rew_mean     | -333     |
| time/              |          |
|    episodes        | 1252     |
|    fps             | 109      |
|    time_elapsed    | 1755     |
|    total_timesteps | 191616   |
| train/             |          |
|    actor_loss      | 395      |
|    critic_loss     | 252      |
|    ent_coef        | 0.309    |
|    ent_coef_loss   | -2.1     |
|    learning_rate   | 5e-05    |
|    n_updates       | 23939    |
---------------------------------
---------------------------------
| rollout/           |          |
|    ep_len_mean     | 181      |
|    ep_rew_mean     | -322     |
| time/              |          |
|    episodes        | 1256     |
|    fps             | 109      |
|    time_elapsed    | 1762     |
|    total_timesteps | 192480   |
| train/             |          |
|    actor_loss      | 388      |
|    critic_loss     | 281      |
|    ent_coef        | 0.308    |
|    ent_coef_loss   | -2.2     |
|    learning_rate   | 5e-05    |
|    n_updates       | 24047    |
---------------------------------
---------------------------------
| rollout/           |          |
|    ep_len_mean     | 182      |
|    ep_rew_mean     | -311     |
| time/              |          |
|    episodes        | 1260     |
|    fps             | 109      |
|    time_elapsed    | 1768     |
|    total_timesteps | 193192   |
| train/             |          |
|    actor_loss      | 379      |
|    critic_loss     | 741      |
|    ent_coef        | 0.306    |
|    ent_coef_loss   | -2.23    |
|    learning_rate   | 5e-05    |
|    n_updates       | 24136    |
---------------------------------
---------------------------------
| rollout/           |          |
|    ep_len_mean     | 179      |
|    ep_rew_mean     | -332     |
| time/              |          |
|    episodes        | 1264     |
|    fps             | 109      |
|    time_elapsed    | 1779     |
|    total_timesteps | 194120   |
| train/             |          |
|    actor_loss      | 385      |
|    critic_loss     | 747      |
|    ent_coef        | 0.305    |
|    ent_coef_loss   | -2.43    |
|    learning_rate   | 5e-05    |
|    n_updates       | 24252    |
---------------------------------
---------------------------------
| rollout/           |          |
|    ep_len_mean     | 183      |
|    ep_rew_mean     | -300     |
| time/              |          |
|    episodes        | 1268     |
|    fps             | 108      |
|    time_elapsed    | 1786     |
|    total_timesteps | 194752   |
| train/             |          |
|    actor_loss      | 377      |
|    critic_loss     | 1.03e+03 |
|    ent_coef        | 0.304    |
|    ent_coef_loss   | -2.16    |
|    learning_rate   | 5e-05    |
|    n_updates       | 24331    |
---------------------------------
---------------------------------
| rollout/           |          |
|    ep_len_mean     | 182      |
|    ep_rew_mean     | -300     |
| time/              |          |
|    episodes        | 1272     |
|    fps             | 108      |
|    time_elapsed    | 1792     |
|    total_timesteps | 195336   |
| train/             |          |
|    actor_loss      | 403      |
|    critic_loss     | 507      |
|    ent_coef        | 0.303    |
|    ent_coef_loss   | -2.37    |
|    learning_rate   | 5e-05    |
|    n_updates       | 24404    |
---------------------------------
---------------------------------
| rollout/           |          |
|    ep_len_mean     | 182      |
|    ep_rew_mean     | -310     |
| time/              |          |
|    episodes        | 1276     |
|    fps             | 108      |
|    time_elapsed    | 1803     |
|    total_timesteps | 196312   |
| train/             |          |
|    actor_loss      | 383      |
|    critic_loss     | 972      |
|    ent_coef        | 0.301    |
|    ent_coef_loss   | -2.4     |
|    learning_rate   | 5e-05    |
|    n_updates       | 24526    |
---------------------------------
---------------------------------
| rollout/           |          |
|    ep_len_mean     | 182      |
|    ep_rew_mean     | -310     |
| time/              |          |
|    episodes        | 1280     |
|    fps             | 108      |
|    time_elapsed    | 1807     |
|    total_timesteps | 196760   |
| train/             |          |
|    actor_loss      | 380      |
|    critic_loss     | 614      |
|    ent_coef        | 0.3      |
|    ent_coef_loss   | -2.28    |
|    learning_rate   | 5e-05    |
|    n_updates       | 24582    |
---------------------------------
---------------------------------
| rollout/           |          |
|    ep_len_mean     | 186      |
|    ep_rew_mean     | -278     |
| time/              |          |
|    episodes        | 1284     |
|    fps             | 108      |
|    time_elapsed    | 1819     |
|    total_timesteps | 198080   |
| train/             |          |
|    actor_loss      | 368      |
|    critic_loss     | 562      |
|    ent_coef        | 0.298    |
|    ent_coef_loss   | -2.24    |
|    learning_rate   | 5e-05    |
|    n_updates       | 24747    |
---------------------------------
---------------------------------
| rollout/           |          |
|    ep_len_mean     | 185      |
|    ep_rew_mean     | -268     |
| time/              |          |
|    episodes        | 1288     |
|    fps             | 108      |
|    time_elapsed    | 1823     |
|    total_timesteps | 198544   |
| train/             |          |
|    actor_loss      | 370      |
|    critic_loss     | 470      |
|    ent_coef        | 0.297    |
|    ent_coef_loss   | -2.33    |
|    learning_rate   | 5e-05    |
|    n_updates       | 24805    |
---------------------------------
---------------------------------
| rollout/           |          |
|    ep_len_mean     | 184      |
|    ep_rew_mean     | -268     |
| time/              |          |
|    episodes        | 1292     |
|    fps             | 108      |
|    time_elapsed    | 1831     |
|    total_timesteps | 199488   |
| train/             |          |
|    actor_loss      | 371      |
|    critic_loss     | 575      |
|    ent_coef        | 0.295    |
|    ent_coef_loss   | -2.24    |
|    learning_rate   | 5e-05    |
|    n_updates       | 24923    |
---------------------------------
---------------------------------
| rollout/           |          |
|    ep_len_mean     | 183      |
|    ep_rew_mean     | -278     |
| time/              |          |
|    episodes        | 1296     |
|    fps             | 108      |
|    time_elapsed    | 1835     |
|    total_timesteps | 199840   |
| train/             |          |
|    actor_loss      | 366      |
|    critic_loss     | 1.05e+03 |
|    ent_coef        | 0.295    |
|    ent_coef_loss   | -2.15    |
|    learning_rate   | 5e-05    |
|    n_updates       | 24967    |
---------------------------------
[EVAL @200000] obs=0 ep=0 succ=1 reason=goal cte=0.51 front=16.00 R=98.8
[EVAL @200000] obs=0 ep=1 succ=1 reason=goal cte=0.50 front=16.00 R=99.0
[EVAL @200000] obs=0 ep=2 succ=1 reason=goal cte=0.53 front=16.00 R=98.2
[EVAL @200000] obs=0 ep=3 succ=1 reason=goal cte=0.47 front=16.00 R=99.2
[EVAL @200000] obs=0 ep=4 succ=1 reason=goal cte=0.24 front=16.00 R=103.3
[EVAL @200000] obs=0 ep=5 succ=1 reason=goal cte=0.15 front=16.00 R=105.0
[EVAL @200000] obs=0 ep=6 succ=1 reason=goal cte=0.48 front=16.00 R=98.9
[EVAL @200000] obs=0 ep=7 succ=1 reason=goal cte=0.12 front=16.00 R=105.5
[EVAL @200000] obs=0 ep=8 succ=1 reason=goal cte=0.51 front=16.00 R=98.7
[EVAL @200000] obs=0 ep=9 succ=1 reason=goal cte=0.33 front=16.00 R=101.6
[EVAL @200000] obs=1 ep=0 succ=1 reason=goal cte=0.51 front=6.04 R=102.9
[EVAL @200000] obs=1 ep=1 succ=1 reason=goal cte=0.41 front=3.92 R=106.7
[EVAL @200000] obs=1 ep=2 succ=0 reason=obstacle cte=0.14 front=1.39 R=-975.1
[EVAL @200000] obs=1 ep=3 succ=1 reason=goal cte=0.31 front=6.97 R=104.0
[EVAL @200000] obs=1 ep=4 succ=0 reason=obstacle cte=0.12 front=0.29 R=-977.1
[EVAL @200000] obs=1 ep=5 succ=1 reason=goal cte=0.85 front=4.86 R=100.8
[EVAL @200000] obs=1 ep=6 succ=0 reason=obstacle cte=0.17 front=1.67 R=-978.9
[EVAL @200000] obs=1 ep=7 succ=1 reason=goal cte=0.66 front=5.13 R=103.2
[EVAL @200000] obs=1 ep=8 succ=1 reason=goal cte=0.48 front=3.94 R=103.9
[EVAL @200000] obs=1 ep=9 succ=1 reason=goal cte=0.80 front=5.43 R=99.1
[EVAL @200000] obs=2 ep=0 succ=0 reason=obstacle cte=0.37 front=2.22 R=-990.4
[EVAL @200000] obs=2 ep=1 succ=0 reason=obstacle cte=0.42 front=2.05 R=-987.3
[EVAL @200000] obs=2 ep=2 succ=1 reason=goal cte=1.30 front=3.09 R=89.2
[EVAL @200000] obs=2 ep=3 succ=1 reason=goal cte=0.77 front=6.14 R=98.3
[EVAL @200000] obs=2 ep=4 succ=1 reason=goal cte=1.37 front=3.17 R=89.5
[EVAL @200000] obs=2 ep=5 succ=1 reason=goal cte=1.02 front=4.09 R=96.6
[EVAL @200000] obs=2 ep=6 succ=0 reason=obstacle cte=0.95 front=0.16 R=-968.2
[EVAL @200000] obs=2 ep=7 succ=1 reason=goal cte=0.79 front=2.73 R=103.2
[EVAL @200000] obs=2 ep=8 succ=1 reason=goal cte=0.14 front=9.25 R=106.4
[EVAL @200000] obs=2 ep=9 succ=1 reason=goal cte=0.75 front=3.43 R=104.8
[EVAL @200000] obs=3 ep=0 succ=1 reason=goal cte=1.32 front=2.76 R=90.6
[EVAL @200000] obs=3 ep=1 succ=1 reason=goal cte=1.32 front=3.13 R=90.2
[EVAL @200000] obs=3 ep=2 succ=1 reason=goal cte=1.07 front=6.16 R=76.6
[EVAL @200000] obs=3 ep=3 succ=0 reason=obstacle cte=0.48 front=0.21 R=-978.5
[EVAL @200000] obs=3 ep=4 succ=0 reason=obstacle cte=0.18 front=2.11 R=-974.4
[EVAL @200000] obs=3 ep=5 succ=1 reason=goal cte=1.45 front=2.54 R=87.5
[EVAL @200000] obs=3 ep=6 succ=1 reason=goal cte=1.16 front=4.00 R=92.5
[EVAL @200000] obs=3 ep=7 succ=0 reason=obstacle cte=0.45 front=2.08 R=-965.0
[EVAL @200000] obs=3 ep=8 succ=1 reason=goal cte=1.25 front=5.17 R=93.0
[EVAL @200000] obs=3 ep=9 succ=1 reason=goal cte=1.45 front=4.26 R=90.1
[EVAL @200000] obs=4 ep=0 succ=0 reason=obstacle cte=0.34 front=1.68 R=-995.9
[EVAL @200000] obs=4 ep=1 succ=0 reason=obstacle cte=0.20 front=0.12 R=-973.3
[EVAL @200000] obs=4 ep=2 succ=0 reason=obstacle cte=0.37 front=2.68 R=-971.1
[EVAL @200000] obs=4 ep=3 succ=0 reason=obstacle cte=0.68 front=3.44 R=-985.8
[EVAL @200000] obs=4 ep=4 succ=1 reason=goal cte=1.09 front=6.84 R=93.5
[EVAL @200000] obs=4 ep=5 succ=1 reason=goal cte=1.38 front=4.61 R=90.3
[EVAL @200000] obs=4 ep=6 succ=1 reason=goal cte=1.57 front=4.24 R=87.8
[EVAL @200000] obs=4 ep=7 succ=1 reason=goal cte=1.45 front=4.70 R=86.8
[EVAL @200000] obs=4 ep=8 succ=0 reason=obstacle cte=0.23 front=0.10 R=-989.5
[EVAL @200000] obs=4 ep=9 succ=1 reason=goal cte=1.33 front=5.74 R=88.7
[EVAL @200000] obs=5 ep=0 succ=1 reason=goal cte=1.53 front=4.17 R=87.2
[EVAL @200000] obs=5 ep=1 succ=0 reason=obstacle cte=0.19 front=0.60 R=-990.9
[EVAL @200000] obs=5 ep=2 succ=0 reason=obstacle cte=0.38 front=0.19 R=-991.5
[EVAL @200000] obs=5 ep=3 succ=0 reason=obstacle cte=0.45 front=2.56 R=-981.4
[EVAL @200000] obs=5 ep=4 succ=0 reason=border cte=0.54 front=4.55 R=-971.8
[EVAL @200000] obs=5 ep=5 succ=1 reason=goal cte=1.57 front=4.54 R=88.2
[EVAL @200000] obs=5 ep=6 succ=0 reason=obstacle cte=0.80 front=3.53 R=-980.7
[EVAL @200000] obs=5 ep=7 succ=0 reason=border cte=0.93 front=2.61 R=-985.0
[EVAL @200000] obs=5 ep=8 succ=1 reason=goal cte=1.24 front=3.21 R=94.0
[EVAL @200000] obs=5 ep=9 succ=1 reason=goal cte=1.41 front=3.13 R=91.9
New BEST model saved: score=3.822, success=0.667
------------------------------------------
| eval/                       |          |
|    border_rate              | 0.0333   |
|    collision_rate           | 0.333    |
|    max_block_alpha          | 1        |
|    max_rpm                  | 12       |
|    mean_abs_course_error    | 10.3     |
|    mean_abs_cte             | 0.733    |
|    mean_abs_lookahead_error | 14.5     |
|    mean_d_end               | 4.97     |
|    mean_ep_len              | 184      |
|    mean_ep_reward           | -263     |
|    mean_lambda              | 0.5      |
|    mean_progress_per_step   | 0.0803   |
|    mean_r_border            | -0.00299 |
|    mean_r_center            | 0        |
|    mean_r_exist             | -0.5     |
|    mean_r_local             | 0        |
|    mean_r_oa                | -0.00385 |
|    mean_r_pf                | 0.88     |
|    mean_rpm                 | 12       |
|    mean_sector_pen          | 7.48     |
|    mean_speed               | 0.843    |
|    min_front_clearance      | 0.0957   |
|    min_min_lidar_all        | 0.0934   |
|    min_p10_front            | 0.0937   |
|    min_rpm                  | 12       |
|    min_sector_range         | 0.0934   |
|    obs_0_border_rate        | 0        |
|    obs_0_mean_abs_cte       | 0.384    |
|    obs_0_obstacle_rate      | 0        |
|    obs_0_success_rate       | 1        |
|    obs_0_timeout_rate       | 0        |
|    obs_1_border_rate        | 0        |
|    obs_1_mean_abs_cte       | 0.446    |
|    obs_1_obstacle_rate      | 0.3      |
|    obs_1_success_rate       | 0.7      |
|    obs_1_timeout_rate       | 0        |
|    obs_2_border_rate        | 0        |
|    obs_2_mean_abs_cte       | 0.788    |
|    obs_2_obstacle_rate      | 0.3      |
|    obs_2_success_rate       | 0.7      |
|    obs_2_timeout_rate       | 0        |
|    obs_3_border_rate        | 0        |
|    obs_3_mean_abs_cte       | 1.01     |
|    obs_3_obstacle_rate      | 0.3      |
|    obs_3_success_rate       | 0.7      |
|    obs_3_timeout_rate       | 0        |
|    obs_4_border_rate        | 0        |
|    obs_4_mean_abs_cte       | 0.865    |
|    obs_4_obstacle_rate      | 0.5      |
|    obs_4_success_rate       | 0.5      |
|    obs_4_timeout_rate       | 0        |
|    obs_5_border_rate        | 0.2      |
|    obs_5_mean_abs_cte       | 0.904    |
|    obs_5_obstacle_rate      | 0.4      |
|    obs_5_success_rate       | 0.4      |
|    obs_5_timeout_rate       | 0        |
|    obstacle_rate            | 0.3      |
|    p10_sector_range         | 0.0952   |
|    reward_info_rate         | 1        |
|    selection_score          | 3.82     |
|    std_ep_reward            | 508      |
|    success_rate             | 0.667    |
|    timeout_rate             | 0        |
|    timesteps                | 200000   |
| rollout/                    |          |
|    ep_len_mean              | 183      |
|    ep_rew_mean              | -278     |
| time/                       |          |
|    episodes                 | 1300     |
|    fps                      | 106      |
|    time_elapsed             | 1886     |
|    total_timesteps          | 200560   |
| train/                      |          |
|    actor_loss               | 374      |
|    critic_loss              | 663      |
|    ent_coef                 | 0.293    |
|    ent_coef_loss            | -2.34    |
|    learning_rate            | 5e-05    |
|    n_updates                | 25057    |
------------------------------------------
---------------------------------
| rollout/           |          |
|    ep_len_mean     | 184      |
|    ep_rew_mean     | -267     |
| time/              |          |
|    episodes        | 1304     |
|    fps             | 106      |
|    time_elapsed    | 1896     |
|    total_timesteps | 201408   |
| train/             |          |
|    actor_loss      | 389      |
|    critic_loss     | 164      |
|    ent_coef        | 0.292    |
|    ent_coef_loss   | -2.28    |
|    learning_rate   | 5e-05    |
|    n_updates       | 25163    |
---------------------------------
---------------------------------
| rollout/           |          |
|    ep_len_mean     | 182      |
|    ep_rew_mean     | -278     |
| time/              |          |
|    episodes        | 1308     |
|    fps             | 106      |
|    time_elapsed    | 1899     |
|    total_timesteps | 201776   |
| train/             |          |
|    actor_loss      | 370      |
|    critic_loss     | 939      |
|    ent_coef        | 0.291    |
|    ent_coef_loss   | -2.37    |
|    learning_rate   | 5e-05    |
|    n_updates       | 25209    |
---------------------------------
---------------------------------
| rollout/           |          |
|    ep_len_mean     | 181      |
|    ep_rew_mean     | -300     |
| time/              |          |
|    episodes        | 1312     |
|    fps             | 106      |
|    time_elapsed    | 1905     |
|    total_timesteps | 202400   |
| train/             |          |
|    actor_loss      | 397      |
|    critic_loss     | 467      |
|    ent_coef        | 0.29     |
|    ent_coef_loss   | -2.14    |
|    learning_rate   | 5e-05    |
|    n_updates       | 25287    |
---------------------------------
---------------------------------
| rollout/           |          |
|    ep_len_mean     | 180      |
|    ep_rew_mean     | -311     |
| time/              |          |
|    episodes        | 1316     |
|    fps             | 106      |
|    time_elapsed    | 1914     |
|    total_timesteps | 203536   |
| train/             |          |
|    actor_loss      | 373      |
|    critic_loss     | 879      |
|    ent_coef        | 0.288    |
|    ent_coef_loss   | -2.43    |
|    learning_rate   | 5e-05    |
|    n_updates       | 25429    |
---------------------------------
---------------------------------
| rollout/           |          |
|    ep_len_mean     | 183      |
|    ep_rew_mean     | -300     |
| time/              |          |
|    episodes        | 1320     |
|    fps             | 106      |
|    time_elapsed    | 1917     |
|    total_timesteps | 204024   |
| train/             |          |
|    actor_loss      | 394      |
|    critic_loss     | 292      |
|    ent_coef        | 0.287    |
|    ent_coef_loss   | -2.32    |
|    learning_rate   | 5e-05    |
|    n_updates       | 25490    |
---------------------------------
---------------------------------
| rollout/           |          |
|    ep_len_mean     | 182      |
|    ep_rew_mean     | -300     |
| time/              |          |
|    episodes        | 1324     |
|    fps             | 106      |
|    time_elapsed    | 1927     |
|    total_timesteps | 205216   |
| train/             |          |
|    actor_loss      | 383      |
|    critic_loss     | 364      |
|    ent_coef        | 0.285    |
|    ent_coef_loss   | -2.09    |
|    learning_rate   | 5e-05    |
|    n_updates       | 25639    |
---------------------------------
---------------------------------
| rollout/           |          |
|    ep_len_mean     | 181      |
|    ep_rew_mean     | -289     |
| time/              |          |
|    episodes        | 1328     |
|    fps             | 106      |
|    time_elapsed    | 1929     |
|    total_timesteps | 205512   |
| train/             |          |
|    actor_loss      | 396      |
|    critic_loss     | 1.16e+03 |
|    ent_coef        | 0.285    |
|    ent_coef_loss   | -2.11    |
|    learning_rate   | 5e-05    |
|    n_updates       | 25676    |
---------------------------------
---------------------------------
| rollout/           |          |
|    ep_len_mean     | 182      |
|    ep_rew_mean     | -279     |
| time/              |          |
|    episodes        | 1332     |
|    fps             | 106      |
|    time_elapsed    | 1939     |
|    total_timesteps | 206736   |
| train/             |          |
|    actor_loss      | 361      |
|    critic_loss     | 355      |
|    ent_coef        | 0.283    |
|    ent_coef_loss   | -2.27    |
|    learning_rate   | 5e-05    |
|    n_updates       | 25829    |
---------------------------------
---------------------------------
| rollout/           |          |
|    ep_len_mean     | 182      |
|    ep_rew_mean     | -279     |
| time/              |          |
|    episodes        | 1336     |
|    fps             | 106      |
|    time_elapsed    | 1943     |
|    total_timesteps | 207208   |
| train/             |          |
|    actor_loss      | 373      |
|    critic_loss     | 392      |
|    ent_coef        | 0.282    |
|    ent_coef_loss   | -2.14    |
|    learning_rate   | 5e-05    |
|    n_updates       | 25888    |
---------------------------------
---------------------------------
| rollout/           |          |
|    ep_len_mean     | 184      |
|    ep_rew_mean     | -257     |
| time/              |          |
|    episodes        | 1340     |
|    fps             | 106      |
|    time_elapsed    | 1952     |
|    total_timesteps | 208272   |
| train/             |          |
|    actor_loss      | 371      |
|    critic_loss     | 493      |
|    ent_coef        | 0.28     |
|    ent_coef_loss   | -2.25    |
|    learning_rate   | 5e-05    |
|    n_updates       | 26021    |
---------------------------------
---------------------------------
| rollout/           |          |
|    ep_len_mean     | 186      |
|    ep_rew_mean     | -246     |
| time/              |          |
|    episodes        | 1344     |
|    fps             | 106      |
|    time_elapsed    | 1957     |
|    total_timesteps | 208984   |
| train/             |          |
|    actor_loss      | 379      |
|    critic_loss     | 1.3e+03  |
|    ent_coef        | 0.279    |
|    ent_coef_loss   | -2.3     |
|    learning_rate   | 5e-05    |
|    n_updates       | 26110    |
---------------------------------
---------------------------------
| rollout/           |          |
|    ep_len_mean     | 187      |
|    ep_rew_mean     | -236     |
| time/              |          |
|    episodes        | 1348     |
|    fps             | 106      |
|    time_elapsed    | 1966     |
|    total_timesteps | 210008   |
| train/             |          |
|    actor_loss      | 370      |
|    critic_loss     | 522      |
|    ent_coef        | 0.277    |
|    ent_coef_loss   | -2.3     |
|    learning_rate   | 5e-05    |
|    n_updates       | 26238    |
---------------------------------
---------------------------------
| rollout/           |          |
|    ep_len_mean     | 190      |
|    ep_rew_mean     | -225     |
| time/              |          |
|    episodes        | 1352     |
|    fps             | 106      |
|    time_elapsed    | 1971     |
|    total_timesteps | 210624   |
| train/             |          |
|    actor_loss      | 387      |
|    critic_loss     | 570      |
|    ent_coef        | 0.276    |
|    ent_coef_loss   | -2.08    |
|    learning_rate   | 5e-05    |
|    n_updates       | 26315    |
---------------------------------
---------------------------------
| rollout/           |          |
|    ep_len_mean     | 190      |
|    ep_rew_mean     | -224     |
| time/              |          |
|    episodes        | 1356     |
|    fps             | 106      |
|    time_elapsed    | 1977     |
|    total_timesteps | 211312   |
| train/             |          |
|    actor_loss      | 399      |
|    critic_loss     | 368      |
|    ent_coef        | 0.275    |
|    ent_coef_loss   | -2.23    |
|    learning_rate   | 5e-05    |
|    n_updates       | 26401    |
---------------------------------
---------------------------------
| rollout/           |          |
|    ep_len_mean     | 189      |
|    ep_rew_mean     | -235     |
| time/              |          |
|    episodes        | 1360     |
|    fps             | 106      |
|    time_elapsed    | 1984     |
|    total_timesteps | 212128   |
| train/             |          |
|    actor_loss      | 370      |
|    critic_loss     | 336      |
|    ent_coef        | 0.274    |
|    ent_coef_loss   | -2.24    |
|    learning_rate   | 5e-05    |
|    n_updates       | 26503    |
---------------------------------
---------------------------------
| rollout/           |          |
|    ep_len_mean     | 188      |
|    ep_rew_mean     | -235     |
| time/              |          |
|    episodes        | 1364     |
|    fps             | 106      |
|    time_elapsed    | 1988     |
|    total_timesteps | 212664   |
| train/             |          |
|    actor_loss      | 377      |
|    critic_loss     | 507      |
|    ent_coef        | 0.273    |
|    ent_coef_loss   | -2.14    |
|    learning_rate   | 5e-05    |
|    n_updates       | 26570    |
---------------------------------
---------------------------------
| rollout/           |          |
|    ep_len_mean     | 186      |
|    ep_rew_mean     | -257     |
| time/              |          |
|    episodes        | 1368     |
|    fps             | 106      |
|    time_elapsed    | 1994     |
|    total_timesteps | 213360   |
| train/             |          |
|    actor_loss      | 385      |
|    critic_loss     | 533      |
|    ent_coef        | 0.272    |
|    ent_coef_loss   | -2.19    |
|    learning_rate   | 5e-05    |
|    n_updates       | 26657    |
---------------------------------
---------------------------------
| rollout/           |          |
|    ep_len_mean     | 187      |
|    ep_rew_mean     | -246     |
| time/              |          |
|    episodes        | 1372     |
|    fps             | 106      |
|    time_elapsed    | 2003     |
|    total_timesteps | 214352   |
| train/             |          |
|    actor_loss      | 383      |
|    critic_loss     | 297      |
|    ent_coef        | 0.27     |
|    ent_coef_loss   | -2.05    |
|    learning_rate   | 5e-05    |
|    n_updates       | 26781    |
---------------------------------
---------------------------------
| rollout/           |          |
|    ep_len_mean     | 187      |
|    ep_rew_mean     | -235     |
| time/              |          |
|    episodes        | 1376     |
|    fps             | 107      |
|    time_elapsed    | 2004     |
|    total_timesteps | 214552   |
| train/             |          |
|    actor_loss      | 365      |
|    critic_loss     | 203      |
|    ent_coef        | 0.27     |
|    ent_coef_loss   | -2.15    |
|    learning_rate   | 5e-05    |
|    n_updates       | 26806    |
---------------------------------
---------------------------------
| rollout/           |          |
|    ep_len_mean     | 186      |
|    ep_rew_mean     | -246     |
| time/              |          |
|    episodes        | 1380     |
|    fps             | 107      |
|    time_elapsed    | 2012     |
|    total_timesteps | 215520   |
| train/             |          |
|    actor_loss      | 358      |
|    critic_loss     | 1e+03    |
|    ent_coef        | 0.269    |
|    ent_coef_loss   | -2       |
|    learning_rate   | 5e-05    |
|    n_updates       | 26927    |
---------------------------------
---------------------------------
| rollout/           |          |
|    ep_len_mean     | 184      |
|    ep_rew_mean     | -256     |
| time/              |          |
|    episodes        | 1384     |
|    fps             | 107      |
|    time_elapsed    | 2017     |
|    total_timesteps | 216160   |
| train/             |          |
|    actor_loss      | 356      |
|    critic_loss     | 325      |
|    ent_coef        | 0.268    |
|    ent_coef_loss   | -1.97    |
|    learning_rate   | 5e-05    |
|    n_updates       | 27007    |
---------------------------------
---------------------------------
| rollout/           |          |
|    ep_len_mean     | 184      |
|    ep_rew_mean     | -267     |
| time/              |          |
|    episodes        | 1388     |
|    fps             | 107      |
|    time_elapsed    | 2027     |
|    total_timesteps | 217376   |
| train/             |          |
|    actor_loss      | 389      |
|    critic_loss     | 582      |
|    ent_coef        | 0.266    |
|    ent_coef_loss   | -2.06    |
|    learning_rate   | 5e-05    |
|    n_updates       | 27159    |
---------------------------------
---------------------------------
| rollout/           |          |
|    ep_len_mean     | 184      |
|    ep_rew_mean     | -256     |
| time/              |          |
|    episodes        | 1392     |
|    fps             | 107      |
|    time_elapsed    | 2029     |
|    total_timesteps | 217624   |
| train/             |          |
|    actor_loss      | 355      |
|    critic_loss     | 247      |
|    ent_coef        | 0.265    |
|    ent_coef_loss   | -2.03    |
|    learning_rate   | 5e-05    |
|    n_updates       | 27190    |
---------------------------------
---------------------------------
| rollout/           |          |
|    ep_len_mean     | 184      |
|    ep_rew_mean     | -246     |
| time/              |          |
|    episodes        | 1396     |
|    fps             | 107      |
|    time_elapsed    | 2035     |
|    total_timesteps | 218328   |
| train/             |          |
|    actor_loss      | 376      |
|    critic_loss     | 1.11e+03 |
|    ent_coef        | 0.264    |
|    ent_coef_loss   | -2.07    |
|    learning_rate   | 5e-05    |
|    n_updates       | 27278    |
---------------------------------
---------------------------------
| rollout/           |          |
|    ep_len_mean     | 185      |
|    ep_rew_mean     | -245     |
| time/              |          |
|    episodes        | 1400     |
|    fps             | 107      |
|    time_elapsed    | 2040     |
|    total_timesteps | 218968   |
| train/             |          |
|    actor_loss      | 361      |
|    critic_loss     | 767      |
|    ent_coef        | 0.263    |
|    ent_coef_loss   | -2.16    |
|    learning_rate   | 5e-05    |
|    n_updates       | 27358    |
---------------------------------
---------------------------------
| rollout/           |          |
|    ep_len_mean     | 183      |
|    ep_rew_mean     | -267     |
| time/              |          |
|    episodes        | 1404     |
|    fps             | 107      |
|    time_elapsed    | 2046     |
|    total_timesteps | 219776   |
| train/             |          |
|    actor_loss      | 366      |
|    critic_loss     | 555      |
|    ent_coef        | 0.262    |
|    ent_coef_loss   | -1.93    |
|    learning_rate   | 5e-05    |
|    n_updates       | 27459    |
---------------------------------
---------------------------------
| rollout/           |          |
|    ep_len_mean     | 186      |
|    ep_rew_mean     | -245     |
| time/              |          |
|    episodes        | 1408     |
|    fps             | 107      |
|    time_elapsed    | 2052     |
|    total_timesteps | 220448   |
| train/             |          |
|    actor_loss      | 370      |
|    critic_loss     | 709      |
|    ent_coef        | 0.261    |
|    ent_coef_loss   | -2.08    |
|    learning_rate   | 5e-05    |
|    n_updates       | 27543    |
---------------------------------
---------------------------------
| rollout/           |          |
|    ep_len_mean     | 186      |
|    ep_rew_mean     | -245     |
| time/              |          |
|    episodes        | 1412     |
|    fps             | 107      |
|    time_elapsed    | 2056     |
|    total_timesteps | 220936   |
| train/             |          |
|    actor_loss      | 374      |
|    critic_loss     | 1.14e+03 |
|    ent_coef        | 0.261    |
|    ent_coef_loss   | -1.99    |
|    learning_rate   | 5e-05    |
|    n_updates       | 27604    |
---------------------------------
---------------------------------
| rollout/           |          |
|    ep_len_mean     | 188      |
|    ep_rew_mean     | -224     |
| time/              |          |
|    episodes        | 1416     |
|    fps             | 107      |
|    time_elapsed    | 2067     |
|    total_timesteps | 222352   |
| train/             |          |
|    actor_loss      | 372      |
|    critic_loss     | 451      |
|    ent_coef        | 0.258    |
|    ent_coef_loss   | -2.05    |
|    learning_rate   | 5e-05    |
|    n_updates       | 27781    |
---------------------------------
---------------------------------
| rollout/           |          |
|    ep_len_mean     | 187      |
|    ep_rew_mean     | -234     |
| time/              |          |
|    episodes        | 1420     |
|    fps             | 107      |
|    time_elapsed    | 2070     |
|    total_timesteps | 222720   |
| train/             |          |
|    actor_loss      | 368      |
|    critic_loss     | 443      |
|    ent_coef        | 0.258    |
|    ent_coef_loss   | -2.08    |
|    learning_rate   | 5e-05    |
|    n_updates       | 27827    |
---------------------------------
---------------------------------
| rollout/           |          |
|    ep_len_mean     | 187      |
|    ep_rew_mean     | -245     |
| time/              |          |
|    episodes        | 1424     |
|    fps             | 107      |
|    time_elapsed    | 2078     |
|    total_timesteps | 223672   |
| train/             |          |
|    actor_loss      | 359      |
|    critic_loss     | 1.02e+03 |
|    ent_coef        | 0.256    |
|    ent_coef_loss   | -2.15    |
|    learning_rate   | 5e-05    |
|    n_updates       | 27946    |
---------------------------------
---------------------------------
| rollout/           |          |
|    ep_len_mean     | 185      |
|    ep_rew_mean     | -255     |
| time/              |          |
|    episodes        | 1428     |
|    fps             | 107      |
|    time_elapsed    | 2084     |
|    total_timesteps | 224352   |
| train/             |          |
|    actor_loss      | 364      |
|    critic_loss     | 757      |
|    ent_coef        | 0.256    |
|    ent_coef_loss   | -2.1     |
|    learning_rate   | 5e-05    |
|    n_updates       | 28031    |
---------------------------------
---------------------------------
| rollout/           |          |
|    ep_len_mean     | 186      |
|    ep_rew_mean     | -255     |
| time/              |          |
|    episodes        | 1432     |
|    fps             | 107      |
|    time_elapsed    | 2091     |
|    total_timesteps | 225216   |
| train/             |          |
|    actor_loss      | 386      |
|    critic_loss     | 245      |
|    ent_coef        | 0.254    |
|    ent_coef_loss   | -1.77    |
|    learning_rate   | 5e-05    |
|    n_updates       | 28139    |
---------------------------------
---------------------------------
| rollout/           |          |
|    ep_len_mean     | 184      |
|    ep_rew_mean     | -266     |
| time/              |          |
|    episodes        | 1436     |
|    fps             | 107      |
|    time_elapsed    | 2095     |
|    total_timesteps | 225712   |
| train/             |          |
|    actor_loss      | 358      |
|    critic_loss     | 464      |
|    ent_coef        | 0.254    |
|    ent_coef_loss   | -1.99    |
|    learning_rate   | 5e-05    |
|    n_updates       | 28201    |
---------------------------------
---------------------------------
| rollout/           |          |
|    ep_len_mean     | 184      |
|    ep_rew_mean     | -266     |
| time/              |          |
|    episodes        | 1440     |
|    fps             | 107      |
|    time_elapsed    | 2101     |
|    total_timesteps | 226376   |
| train/             |          |
|    actor_loss      | 347      |
|    critic_loss     | 1.06e+03 |
|    ent_coef        | 0.253    |
|    ent_coef_loss   | -1.88    |
|    learning_rate   | 5e-05    |
|    n_updates       | 28284    |
---------------------------------
---------------------------------
| rollout/           |          |
|    ep_len_mean     | 182      |
|    ep_rew_mean     | -287     |
| time/              |          |
|    episodes        | 1444     |
|    fps             | 107      |
|    time_elapsed    | 2104     |
|    total_timesteps | 226816   |
| train/             |          |
|    actor_loss      | 357      |
|    critic_loss     | 1.1e+03  |
|    ent_coef        | 0.252    |
|    ent_coef_loss   | -2.05    |
|    learning_rate   | 5e-05    |
|    n_updates       | 28339    |
---------------------------------
---------------------------------
| rollout/           |          |
|    ep_len_mean     | 180      |
|    ep_rew_mean     | -308     |
| time/              |          |
|    episodes        | 1448     |
|    fps             | 107      |
|    time_elapsed    | 2114     |
|    total_timesteps | 227936   |
| train/             |          |
|    actor_loss      | 364      |
|    critic_loss     | 263      |
|    ent_coef        | 0.25     |
|    ent_coef_loss   | -1.85    |
|    learning_rate   | 5e-05    |
|    n_updates       | 28479    |
---------------------------------
---------------------------------
| rollout/           |          |
|    ep_len_mean     | 181      |
|    ep_rew_mean     | -298     |
| time/              |          |
|    episodes        | 1452     |
|    fps             | 107      |
|    time_elapsed    | 2120     |
|    total_timesteps | 228608   |
| train/             |          |
|    actor_loss      | 364      |
|    critic_loss     | 224      |
|    ent_coef        | 0.249    |
|    ent_coef_loss   | -2.03    |
|    learning_rate   | 5e-05    |
|    n_updates       | 28563    |
---------------------------------
---------------------------------
| rollout/           |          |
|    ep_len_mean     | 179      |
|    ep_rew_mean     | -330     |
| time/              |          |
|    episodes        | 1456     |
|    fps             | 107      |
|    time_elapsed    | 2127     |
|    total_timesteps | 229272   |
| train/             |          |
|    actor_loss      | 368      |
|    critic_loss     | 458      |
|    ent_coef        | 0.248    |
|    ent_coef_loss   | -2.04    |
|    learning_rate   | 5e-05    |
|    n_updates       | 28646    |
---------------------------------
---------------------------------
| rollout/           |          |
|    ep_len_mean     | 179      |
|    ep_rew_mean     | -330     |
| time/              |          |
|    episodes        | 1460     |
|    fps             | 107      |
|    time_elapsed    | 2137     |
|    total_timesteps | 230256   |
| train/             |          |
|    actor_loss      | 360      |
|    critic_loss     | 523      |
|    ent_coef        | 0.247    |
|    ent_coef_loss   | -2.11    |
|    learning_rate   | 5e-05    |
|    n_updates       | 28769    |
---------------------------------
---------------------------------
| rollout/           |          |
|    ep_len_mean     | 179      |
|    ep_rew_mean     | -340     |
| time/              |          |
|    episodes        | 1464     |
|    fps             | 107      |
|    time_elapsed    | 2139     |
|    total_timesteps | 230512   |
| train/             |          |
|    actor_loss      | 356      |
|    critic_loss     | 611      |
|    ent_coef        | 0.247    |
|    ent_coef_loss   | -1.9     |
|    learning_rate   | 5e-05    |
|    n_updates       | 28801    |
---------------------------------
---------------------------------
| rollout/           |          |
|    ep_len_mean     | 181      |
|    ep_rew_mean     | -319     |
| time/              |          |
|    episodes        | 1468     |
|    fps             | 107      |
|    time_elapsed    | 2146     |
|    total_timesteps | 231248   |
| train/             |          |
|    actor_loss      | 362      |
|    critic_loss     | 641      |
|    ent_coef        | 0.246    |
|    ent_coef_loss   | -1.88    |
|    learning_rate   | 5e-05    |
|    n_updates       | 28893    |
---------------------------------
---------------------------------
| rollout/           |          |
|    ep_len_mean     | 179      |
|    ep_rew_mean     | -351     |
| time/              |          |
|    episodes        | 1472     |
|    fps             | 107      |
|    time_elapsed    | 2155     |
|    total_timesteps | 232320   |
| train/             |          |
|    actor_loss      | 366      |
|    critic_loss     | 497      |
|    ent_coef        | 0.244    |
|    ent_coef_loss   | -1.89    |
|    learning_rate   | 5e-05    |
|    n_updates       | 29027    |
---------------------------------
---------------------------------
| rollout/           |          |
|    ep_len_mean     | 180      |
|    ep_rew_mean     | -340     |
| time/              |          |
|    episodes        | 1476     |
|    fps             | 107      |
|    time_elapsed    | 2159     |
|    total_timesteps | 232792   |
| train/             |          |
|    actor_loss      | 361      |
|    critic_loss     | 552      |
|    ent_coef        | 0.243    |
|    ent_coef_loss   | -2       |
|    learning_rate   | 5e-05    |
|    n_updates       | 29086    |
---------------------------------
---------------------------------
| rollout/           |          |
|    ep_len_mean     | 182      |
|    ep_rew_mean     | -329     |
| time/              |          |
|    episodes        | 1480     |
|    fps             | 107      |
|    time_elapsed    | 2167     |
|    total_timesteps | 233728   |
| train/             |          |
|    actor_loss      | 363      |
|    critic_loss     | 831      |
|    ent_coef        | 0.242    |
|    ent_coef_loss   | -2.08    |
|    learning_rate   | 5e-05    |
|    n_updates       | 29203    |
---------------------------------
---------------------------------
| rollout/           |          |
|    ep_len_mean     | 183      |
|    ep_rew_mean     | -318     |
| time/              |          |
|    episodes        | 1484     |
|    fps             | 107      |
|    time_elapsed    | 2173     |
|    total_timesteps | 234448   |
| train/             |          |
|    actor_loss      | 349      |
|    critic_loss     | 501      |
|    ent_coef        | 0.241    |
|    ent_coef_loss   | -1.94    |
|    learning_rate   | 5e-05    |
|    n_updates       | 29293    |
---------------------------------
---------------------------------
| rollout/           |          |
|    ep_len_mean     | 181      |
|    ep_rew_mean     | -318     |
| time/              |          |
|    episodes        | 1488     |
|    fps             | 107      |
|    time_elapsed    | 2179     |
|    total_timesteps | 235208   |
| train/             |          |
|    actor_loss      | 362      |
|    critic_loss     | 737      |
|    ent_coef        | 0.24     |
|    ent_coef_loss   | -1.95    |
|    learning_rate   | 5e-05    |
|    n_updates       | 29388    |
---------------------------------
---------------------------------
| rollout/           |          |
|    ep_len_mean     | 180      |
|    ep_rew_mean     | -329     |
| time/              |          |
|    episodes        | 1492     |
|    fps             | 107      |
|    time_elapsed    | 2184     |
|    total_timesteps | 235728   |
| train/             |          |
|    actor_loss      | 364      |
|    critic_loss     | 457      |
|    ent_coef        | 0.239    |
|    ent_coef_loss   | -1.76    |
|    learning_rate   | 5e-05    |
|    n_updates       | 29453    |
---------------------------------
---------------------------------
| rollout/           |          |
|    ep_len_mean     | 181      |
|    ep_rew_mean     | -329     |
| time/              |          |
|    episodes        | 1496     |
|    fps             | 107      |
|    time_elapsed    | 2191     |
|    total_timesteps | 236552   |
| train/             |          |
|    actor_loss      | 366      |
|    critic_loss     | 1.42e+03 |
|    ent_coef        | 0.238    |
|    ent_coef_loss   | -2.05    |
|    learning_rate   | 5e-05    |
|    n_updates       | 29556    |
---------------------------------
---------------------------------
| rollout/           |          |
|    ep_len_mean     | 181      |
|    ep_rew_mean     | -339     |
| time/              |          |
|    episodes        | 1500     |
|    fps             | 108      |
|    time_elapsed    | 2195     |
|    total_timesteps | 237136   |
| train/             |          |
|    actor_loss      | 352      |
|    critic_loss     | 513      |
|    ent_coef        | 0.237    |
|    ent_coef_loss   | -1.92    |
|    learning_rate   | 5e-05    |
|    n_updates       | 29629    |
---------------------------------
---------------------------------
| rollout/           |          |
|    ep_len_mean     | 183      |
|    ep_rew_mean     | -317     |
| time/              |          |
|    episodes        | 1504     |
|    fps             | 108      |
|    time_elapsed    | 2204     |
|    total_timesteps | 238128   |
| train/             |          |
|    actor_loss      | 352      |
|    critic_loss     | 2e+03    |
|    ent_coef        | 0.236    |
|    ent_coef_loss   | -1.79    |
|    learning_rate   | 5e-05    |
|    n_updates       | 29753    |
---------------------------------
---------------------------------
| rollout/           |          |
|    ep_len_mean     | 184      |
|    ep_rew_mean     | -317     |
| time/              |          |
|    episodes        | 1508     |
|    fps             | 108      |
|    time_elapsed    | 2212     |
|    total_timesteps | 239120   |
| train/             |          |
|    actor_loss      | 364      |
|    critic_loss     | 439      |
|    ent_coef        | 0.235    |
|    ent_coef_loss   | -1.9     |
|    learning_rate   | 5e-05    |
|    n_updates       | 29877    |
---------------------------------
---------------------------------
| rollout/           |          |
|    ep_len_mean     | 186      |
|    ep_rew_mean     | -306     |
| time/              |          |
|    episodes        | 1512     |
|    fps             | 108      |
|    time_elapsed    | 2216     |
|    total_timesteps | 239744   |
| train/             |          |
|    actor_loss      | 350      |
|    critic_loss     | 342      |
|    ent_coef        | 0.234    |
|    ent_coef_loss   | -1.88    |
|    learning_rate   | 5e-05    |
|    n_updates       | 29955    |
---------------------------------
---------------------------------
| rollout/           |          |
|    ep_len_mean     | 185      |
|    ep_rew_mean     | -306     |
| time/              |          |
|    episodes        | 1516     |
|    fps             | 108      |
|    time_elapsed    | 2223     |
|    total_timesteps | 240832   |
| train/             |          |
|    actor_loss      | 362      |
|    critic_loss     | 800      |
|    ent_coef        | 0.232    |
|    ent_coef_loss   | -1.85    |
|    learning_rate   | 5e-05    |
|    n_updates       | 30091    |
---------------------------------
---------------------------------
| rollout/           |          |
|    ep_len_mean     | 185      |
|    ep_rew_mean     | -296     |
| time/              |          |
|    episodes        | 1520     |
|    fps             | 108      |
|    time_elapsed    | 2225     |
|    total_timesteps | 241000   |
| train/             |          |
|    actor_loss      | 340      |
|    critic_loss     | 1.44e+03 |
|    ent_coef        | 0.232    |
|    ent_coef_loss   | -1.97    |
|    learning_rate   | 5e-05    |
|    n_updates       | 30112    |
---------------------------------
---------------------------------
| rollout/           |          |
|    ep_len_mean     | 183      |
|    ep_rew_mean     | -328     |
| time/              |          |
|    episodes        | 1524     |
|    fps             | 108      |
|    time_elapsed    | 2233     |
|    total_timesteps | 242216   |
| train/             |          |
|    actor_loss      | 372      |
|    critic_loss     | 316      |
|    ent_coef        | 0.23     |
|    ent_coef_loss   | -1.71    |
|    learning_rate   | 5e-05    |
|    n_updates       | 30264    |
---------------------------------
---------------------------------
| rollout/           |          |
|    ep_len_mean     | 183      |
|    ep_rew_mean     | -338     |
| time/              |          |
|    episodes        | 1528     |
|    fps             | 108      |
|    time_elapsed    | 2235     |
|    total_timesteps | 242512   |
| train/             |          |
|    actor_loss      | 358      |
|    critic_loss     | 450      |
|    ent_coef        | 0.23     |
|    ent_coef_loss   | -1.95    |
|    learning_rate   | 5e-05    |
|    n_updates       | 30301    |
---------------------------------
---------------------------------
| rollout/           |          |
|    ep_len_mean     | 184      |
|    ep_rew_mean     | -338     |
| time/              |          |
|    episodes        | 1532     |
|    fps             | 108      |
|    time_elapsed    | 2241     |
|    total_timesteps | 243384   |
| train/             |          |
|    actor_loss      | 362      |
|    critic_loss     | 1.03e+03 |
|    ent_coef        | 0.229    |
|    ent_coef_loss   | -1.69    |
|    learning_rate   | 5e-05    |
|    n_updates       | 30410    |
---------------------------------
---------------------------------
| rollout/           |          |
|    ep_len_mean     | 186      |
|    ep_rew_mean     | -327     |
| time/              |          |
|    episodes        | 1536     |
|    fps             | 108      |
|    time_elapsed    | 2246     |
|    total_timesteps | 244176   |
| train/             |          |
|    actor_loss      | 361      |
|    critic_loss     | 519      |
|    ent_coef        | 0.228    |
|    ent_coef_loss   | -1.75    |
|    learning_rate   | 5e-05    |
|    n_updates       | 30509    |
---------------------------------
---------------------------------
| rollout/           |          |
|    ep_len_mean     | 185      |
|    ep_rew_mean     | -327     |
| time/              |          |
|    episodes        | 1540     |
|    fps             | 108      |
|    time_elapsed    | 2252     |
|    total_timesteps | 244952   |
| train/             |          |
|    actor_loss      | 338      |
|    critic_loss     | 537      |
|    ent_coef        | 0.227    |
|    ent_coef_loss   | -2       |
|    learning_rate   | 5e-05    |
|    n_updates       | 30606    |
---------------------------------
---------------------------------
| rollout/           |          |
|    ep_len_mean     | 186      |
|    ep_rew_mean     | -306     |
| time/              |          |
|    episodes        | 1544     |
|    fps             | 108      |
|    time_elapsed    | 2260     |
|    total_timesteps | 246032   |
| train/             |          |
|    actor_loss      | 367      |
|    critic_loss     | 802      |
|    ent_coef        | 0.226    |
|    ent_coef_loss   | -1.76    |
|    learning_rate   | 5e-05    |
|    n_updates       | 30741    |
---------------------------------
---------------------------------
| rollout/           |          |
|    ep_len_mean     | 189      |
|    ep_rew_mean     | -284     |
| time/              |          |
|    episodes        | 1548     |
|    fps             | 108      |
|    time_elapsed    | 2266     |
|    total_timesteps | 246760   |
| train/             |          |
|    actor_loss      | 359      |
|    critic_loss     | 1.25e+03 |
|    ent_coef        | 0.225    |
|    ent_coef_loss   | -1.62    |
|    learning_rate   | 5e-05    |
|    n_updates       | 30832    |
---------------------------------
---------------------------------
| rollout/           |          |
|    ep_len_mean     | 186      |
|    ep_rew_mean     | -316     |
| time/              |          |
|    episodes        | 1552     |
|    fps             | 108      |
|    time_elapsed    | 2269     |
|    total_timesteps | 247184   |
| train/             |          |
|    actor_loss      | 353      |
|    critic_loss     | 742      |
|    ent_coef        | 0.224    |
|    ent_coef_loss   | -1.71    |
|    learning_rate   | 5e-05    |
|    n_updates       | 30885    |
---------------------------------
---------------------------------
| rollout/           |          |
|    ep_len_mean     | 187      |
|    ep_rew_mean     | -284     |
| time/              |          |
|    episodes        | 1556     |
|    fps             | 108      |
|    time_elapsed    | 2274     |
|    total_timesteps | 247944   |
| train/             |          |
|    actor_loss      | 375      |
|    critic_loss     | 700      |
|    ent_coef        | 0.223    |
|    ent_coef_loss   | -1.78    |
|    learning_rate   | 5e-05    |
|    n_updates       | 30980    |
---------------------------------
---------------------------------
| rollout/           |          |
|    ep_len_mean     | 187      |
|    ep_rew_mean     | -284     |
| time/              |          |
|    episodes        | 1560     |
|    fps             | 109      |
|    time_elapsed    | 2280     |
|    total_timesteps | 248688   |
| train/             |          |
|    actor_loss      | 362      |
|    critic_loss     | 244      |
|    ent_coef        | 0.222    |
|    ent_coef_loss   | -1.65    |
|    learning_rate   | 5e-05    |
|    n_updates       | 31073    |
---------------------------------
---------------------------------
| rollout/           |          |
|    ep_len_mean     | 188      |
|    ep_rew_mean     | -263     |
| time/              |          |
|    episodes        | 1564     |
|    fps             | 109      |
|    time_elapsed    | 2285     |
|    total_timesteps | 249432   |
| train/             |          |
|    actor_loss      | 345      |
|    critic_loss     | 309      |
|    ent_coef        | 0.221    |
|    ent_coef_loss   | -1.74    |
|    learning_rate   | 5e-05    |
|    n_updates       | 31166    |
---------------------------------
[EVAL @250000] obs=0 ep=0 succ=1 reason=goal cte=0.50 front=16.00 R=98.9
[EVAL @250000] obs=0 ep=1 succ=1 reason=goal cte=0.50 front=16.00 R=99.0
[EVAL @250000] obs=0 ep=2 succ=1 reason=goal cte=0.52 front=16.00 R=98.4
[EVAL @250000] obs=0 ep=3 succ=1 reason=goal cte=0.48 front=16.00 R=98.9
[EVAL @250000] obs=0 ep=4 succ=1 reason=goal cte=0.37 front=16.00 R=101.1
[EVAL @250000] obs=0 ep=5 succ=1 reason=goal cte=0.35 front=16.00 R=101.7
[EVAL @250000] obs=0 ep=6 succ=1 reason=goal cte=0.49 front=16.00 R=99.1
[EVAL @250000] obs=0 ep=7 succ=1 reason=goal cte=0.34 front=16.00 R=101.7
[EVAL @250000] obs=0 ep=8 succ=1 reason=goal cte=0.50 front=16.00 R=98.9
[EVAL @250000] obs=0 ep=9 succ=1 reason=goal cte=0.40 front=16.00 R=100.4
[EVAL @250000] obs=1 ep=0 succ=1 reason=goal cte=0.47 front=3.79 R=107.6
[EVAL @250000] obs=1 ep=1 succ=1 reason=goal cte=0.31 front=4.05 R=107.9
[EVAL @250000] obs=1 ep=2 succ=0 reason=obstacle cte=0.19 front=2.15 R=-973.7
[EVAL @250000] obs=1 ep=3 succ=1 reason=goal cte=0.31 front=6.66 R=104.0
[EVAL @250000] obs=1 ep=4 succ=0 reason=obstacle cte=0.15 front=1.19 R=-977.2
[EVAL @250000] obs=1 ep=5 succ=1 reason=goal cte=0.64 front=3.45 R=107.6
[EVAL @250000] obs=1 ep=6 succ=0 reason=obstacle cte=0.23 front=2.52 R=-977.5
[EVAL @250000] obs=1 ep=7 succ=1 reason=goal cte=0.50 front=3.34 R=107.9
[EVAL @250000] obs=1 ep=8 succ=1 reason=goal cte=0.45 front=4.96 R=104.6
[EVAL @250000] obs=1 ep=9 succ=1 reason=goal cte=0.66 front=3.53 R=106.8
[EVAL @250000] obs=2 ep=0 succ=0 reason=obstacle cte=0.19 front=1.32 R=-991.7
[EVAL @250000] obs=2 ep=1 succ=0 reason=obstacle cte=0.49 front=2.83 R=-989.2
[EVAL @250000] obs=2 ep=2 succ=0 reason=obstacle cte=0.48 front=0.48 R=-963.3
[EVAL @250000] obs=2 ep=3 succ=1 reason=goal cte=0.57 front=3.20 R=109.7
[EVAL @250000] obs=2 ep=4 succ=0 reason=obstacle cte=0.44 front=1.10 R=-967.5
[EVAL @250000] obs=2 ep=5 succ=1 reason=goal cte=0.65 front=2.62 R=100.3
[EVAL @250000] obs=2 ep=6 succ=0 reason=obstacle cte=0.64 front=0.20 R=-968.0
[EVAL @250000] obs=2 ep=7 succ=1 reason=goal cte=0.46 front=3.20 R=104.7
[EVAL @250000] obs=2 ep=8 succ=1 reason=goal cte=0.19 front=9.24 R=104.2
[EVAL @250000] obs=2 ep=9 succ=1 reason=goal cte=0.47 front=3.36 R=108.3
[EVAL @250000] obs=3 ep=0 succ=0 reason=obstacle cte=0.57 front=1.40 R=-966.7
[EVAL @250000] obs=3 ep=1 succ=0 reason=obstacle cte=0.59 front=0.64 R=-978.0
[EVAL @250000] obs=3 ep=2 succ=1 reason=goal cte=0.93 front=4.77 R=99.3
[EVAL @250000] obs=3 ep=3 succ=0 reason=obstacle cte=0.41 front=0.61 R=-982.7
[EVAL @250000] obs=3 ep=4 succ=0 reason=obstacle cte=0.52 front=2.63 R=-974.4
[EVAL @250000] obs=3 ep=5 succ=0 reason=obstacle cte=0.45 front=1.04 R=-958.0
[EVAL @250000] obs=3 ep=6 succ=1 reason=goal cte=0.84 front=4.04 R=96.9
[EVAL @250000] obs=3 ep=7 succ=0 reason=border cte=0.52 front=3.00 R=-966.6
[EVAL @250000] obs=3 ep=8 succ=0 reason=obstacle cte=0.67 front=3.71 R=-973.0
[EVAL @250000] obs=3 ep=9 succ=0 reason=obstacle cte=0.69 front=0.83 R=-970.3
[EVAL @250000] obs=4 ep=0 succ=0 reason=obstacle cte=0.30 front=1.61 R=-996.7
[EVAL @250000] obs=4 ep=1 succ=1 reason=goal cte=0.21 front=7.92 R=105.6
[EVAL @250000] obs=4 ep=2 succ=0 reason=obstacle cte=0.42 front=3.23 R=-972.7
[EVAL @250000] obs=4 ep=3 succ=0 reason=obstacle cte=0.58 front=3.30 R=-984.7
[EVAL @250000] obs=4 ep=4 succ=1 reason=goal cte=0.85 front=4.74 R=101.0
[EVAL @250000] obs=4 ep=5 succ=0 reason=obstacle cte=0.69 front=2.39 R=-976.9
[EVAL @250000] obs=4 ep=6 succ=0 reason=obstacle cte=0.77 front=2.21 R=-971.5
[EVAL @250000] obs=4 ep=7 succ=0 reason=obstacle cte=0.56 front=4.73 R=-962.5
[EVAL @250000] obs=4 ep=8 succ=0 reason=obstacle cte=0.27 front=0.42 R=-990.8
[EVAL @250000] obs=4 ep=9 succ=0 reason=obstacle cte=0.66 front=1.79 R=-966.9
[EVAL @250000] obs=5 ep=0 succ=0 reason=obstacle cte=0.69 front=3.58 R=-986.9
[EVAL @250000] obs=5 ep=1 succ=0 reason=obstacle cte=0.28 front=1.90 R=-991.4
[EVAL @250000] obs=5 ep=2 succ=0 reason=obstacle cte=0.49 front=1.15 R=-997.7
[EVAL @250000] obs=5 ep=3 succ=0 reason=obstacle cte=0.46 front=2.87 R=-982.2
[EVAL @250000] obs=5 ep=4 succ=0 reason=obstacle cte=0.42 front=1.17 R=-967.3
[EVAL @250000] obs=5 ep=5 succ=0 reason=obstacle cte=0.89 front=2.59 R=-972.6
[EVAL @250000] obs=5 ep=6 succ=0 reason=obstacle cte=0.66 front=1.07 R=-976.9
[EVAL @250000] obs=5 ep=7 succ=1 reason=goal cte=0.96 front=1.92 R=96.7
[EVAL @250000] obs=5 ep=8 succ=0 reason=obstacle cte=0.71 front=3.21 R=-978.3
[EVAL @250000] obs=5 ep=9 succ=1 reason=goal cte=0.96 front=3.27 R=97.9
------------------------------------------
| eval/                       |          |
|    border_rate              | 0.0167   |
|    collision_rate           | 0.533    |
|    max_block_alpha          | 1        |
|    max_rpm                  | 12       |
|    mean_abs_course_error    | 9.09     |
|    mean_abs_cte             | 0.516    |
|    mean_abs_lookahead_error | 13.2     |
|    mean_d_end               | 6.41     |
|    mean_ep_len              | 165      |
|    mean_ep_reward           | -473     |
|    mean_lambda              | 0.5      |
|    mean_progress_per_step   | 0.0798   |
|    mean_r_border            | -0.00116 |
|    mean_r_center            | 0        |
|    mean_r_exist             | -0.5     |
|    mean_r_local             | 0        |
|    mean_r_oa                | -0.00397 |
|    mean_r_pf                | 0.914    |
|    mean_rpm                 | 12       |
|    mean_sector_pen          | 9.24     |
|    mean_speed               | 0.83     |
|    min_front_clearance      | 0.199    |
|    min_min_lidar_all        | 0.169    |
|    min_p10_front            | 0.184    |
|    min_rpm                  | 12       |
|    min_sector_range         | 0.169    |
|    obs_0_border_rate        | 0        |
|    obs_0_mean_abs_cte       | 0.447    |
|    obs_0_obstacle_rate      | 0        |
|    obs_0_success_rate       | 1        |
|    obs_0_timeout_rate       | 0        |
|    obs_1_border_rate        | 0        |
|    obs_1_mean_abs_cte       | 0.391    |
|    obs_1_obstacle_rate      | 0.3      |
|    obs_1_success_rate       | 0.7      |
|    obs_1_timeout_rate       | 0        |
|    obs_2_border_rate        | 0        |
|    obs_2_mean_abs_cte       | 0.457    |
|    obs_2_obstacle_rate      | 0.5      |
|    obs_2_success_rate       | 0.5      |
|    obs_2_timeout_rate       | 0        |
|    obs_3_border_rate        | 0.1      |
|    obs_3_mean_abs_cte       | 0.619    |
|    obs_3_obstacle_rate      | 0.7      |
|    obs_3_success_rate       | 0.2      |
|    obs_3_timeout_rate       | 0        |
|    obs_4_border_rate        | 0        |
|    obs_4_mean_abs_cte       | 0.532    |
|    obs_4_obstacle_rate      | 0.8      |
|    obs_4_success_rate       | 0.2      |
|    obs_4_timeout_rate       | 0        |
|    obs_5_border_rate        | 0        |
|    obs_5_mean_abs_cte       | 0.652    |
|    obs_5_obstacle_rate      | 0.8      |
|    obs_5_success_rate       | 0.2      |
|    obs_5_timeout_rate       | 0        |
|    obstacle_rate            | 0.517    |
|    p10_sector_range         | 0.203    |
|    reward_info_rate         | 1        |
|    selection_score          | 0.849    |
|    std_ep_reward            | 538      |
|    success_rate             | 0.467    |
|    timeout_rate             | 0        |
|    timesteps                | 250000   |
| rollout/                    |          |
|    ep_len_mean              | 186      |
|    ep_rew_mean              | -295     |
| time/                       |          |
|    episodes                 | 1568     |
|    fps                      | 107      |
|    time_elapsed             | 2324     |
|    total_timesteps          | 250104   |
| train/                      |          |
|    actor_loss               | 341      |
|    critic_loss              | 524      |
|    ent_coef                 | 0.22     |
|    ent_coef_loss            | -1.64    |
|    learning_rate            | 5e-05    |
|    n_updates                | 31250    |
------------------------------------------
---------------------------------
| rollout/           |          |
|    ep_len_mean     | 186      |
|    ep_rew_mean     | -274     |
| time/              |          |
|    episodes        | 1572     |
|    fps             | 107      |
|    time_elapsed    | 2331     |
|    total_timesteps | 250664   |
| train/             |          |
|    actor_loss      | 344      |
|    critic_loss     | 452      |
|    ent_coef        | 0.22     |
|    ent_coef_loss   | -1.62    |
|    learning_rate   | 5e-05    |
|    n_updates       | 31320    |
---------------------------------
---------------------------------
| rollout/           |          |
|    ep_len_mean     | 186      |
|    ep_rew_mean     | -295     |
| time/              |          |
|    episodes        | 1576     |
|    fps             | 105      |
|    time_elapsed    | 2391     |
|    total_timesteps | 251400   |
| train/             |          |
|    actor_loss      | 366      |
|    critic_loss     | 1.05e+03 |
|    ent_coef        | 0.219    |
|    ent_coef_loss   | -1.67    |
|    learning_rate   | 5e-05    |
|    n_updates       | 31412    |
---------------------------------
---------------------------------
| rollout/           |          |
|    ep_len_mean     | 185      |
|    ep_rew_mean     | -306     |
| time/              |          |
|    episodes        | 1580     |
|    fps             | 103      |
|    time_elapsed    | 2445     |
|    total_timesteps | 251952   |
| train/             |          |
|    actor_loss      | 339      |
|    critic_loss     | 320      |
|    ent_coef        | 0.218    |
|    ent_coef_loss   | -1.8     |
|    learning_rate   | 5e-05    |
|    n_updates       | 31481    |
---------------------------------
---------------------------------
| rollout/           |          |
|    ep_len_mean     | 184      |
|    ep_rew_mean     | -327     |
| time/              |          |
|    episodes        | 1584     |
|    fps             | 100      |
|    time_elapsed    | 2524     |
|    total_timesteps | 252992   |
| train/             |          |
|    actor_loss      | 337      |
|    critic_loss     | 568      |
|    ent_coef        | 0.217    |
|    ent_coef_loss   | -1.87    |
|    learning_rate   | 5e-05    |
|    n_updates       | 31611    |
---------------------------------
---------------------------------
| rollout/           |          |
|    ep_len_mean     | 185      |
|    ep_rew_mean     | -316     |
| time/              |          |
|    episodes        | 1588     |
|    fps             | 98       |
|    time_elapsed    | 2574     |
|    total_timesteps | 253776   |
| train/             |          |
|    actor_loss      | 334      |
|    critic_loss     | 449      |
|    ent_coef        | 0.216    |
|    ent_coef_loss   | -1.57    |
|    learning_rate   | 5e-05    |
|    n_updates       | 31709    |
---------------------------------
---------------------------------
| rollout/           |          |
|    ep_len_mean     | 187      |
|    ep_rew_mean     | -306     |
| time/              |          |
|    episodes        | 1592     |
|    fps             | 97       |
|    time_elapsed    | 2606     |
|    total_timesteps | 254320   |
| train/             |          |
|    actor_loss      | 334      |
|    critic_loss     | 578      |
|    ent_coef        | 0.215    |
|    ent_coef_loss   | -1.48    |
|    learning_rate   | 5e-05    |
|    n_updates       | 31777    |
---------------------------------
---------------------------------
| rollout/           |          |
|    ep_len_mean     | 185      |
|    ep_rew_mean     | -316     |
| time/              |          |
|    episodes        | 1596     |
|    fps             | 96       |
|    time_elapsed    | 2651     |
|    total_timesteps | 255088   |
| train/             |          |
|    actor_loss      | 335      |
|    critic_loss     | 677      |
|    ent_coef        | 0.214    |
|    ent_coef_loss   | -1.65    |
|    learning_rate   | 5e-05    |
|    n_updates       | 31873    |
---------------------------------
---------------------------------
| rollout/           |          |
|    ep_len_mean     | 185      |
|    ep_rew_mean     | -306     |
| time/              |          |
|    episodes        | 1600     |
|    fps             | 95       |
|    time_elapsed    | 2688     |
|    total_timesteps | 255592   |
| train/             |          |
|    actor_loss      | 349      |
|    critic_loss     | 649      |
|    ent_coef        | 0.214    |
|    ent_coef_loss   | -1.44    |
|    learning_rate   | 5e-05    |
|    n_updates       | 31936    |
---------------------------------
---------------------------------
| rollout/           |          |
|    ep_len_mean     | 185      |
|    ep_rew_mean     | -306     |
| time/              |          |
|    episodes        | 1604     |
|    fps             | 93       |
|    time_elapsed    | 2748     |
|    total_timesteps | 256368   |
| train/             |          |
|    actor_loss      | 338      |
|    critic_loss     | 1.29e+03 |
|    ent_coef        | 0.213    |
|    ent_coef_loss   | -1.64    |
|    learning_rate   | 5e-05    |
|    n_updates       | 32033    |
---------------------------------
---------------------------------
| rollout/           |          |
|    ep_len_mean     | 182      |
|    ep_rew_mean     | -328     |
| time/              |          |
|    episodes        | 1608     |
|    fps             | 92       |
|    time_elapsed    | 2789     |
|    total_timesteps | 257200   |
| train/             |          |
|    actor_loss      | 333      |
|    critic_loss     | 957      |
|    ent_coef        | 0.212    |
|    ent_coef_loss   | -1.48    |
|    learning_rate   | 5e-05    |
|    n_updates       | 32137    |
---------------------------------
---------------------------------
| rollout/           |          |
|    ep_len_mean     | 181      |
|    ep_rew_mean     | -339     |
| time/              |          |
|    episodes        | 1612     |
|    fps             | 91       |
|    time_elapsed    | 2806     |
|    total_timesteps | 257544   |
| train/             |          |
|    actor_loss      | 355      |
|    critic_loss     | 510      |
|    ent_coef        | 0.211    |
|    ent_coef_loss   | -1.7     |
|    learning_rate   | 5e-05    |
|    n_updates       | 32180    |
---------------------------------
---------------------------------
| rollout/           |          |
|    ep_len_mean     | 179      |
|    ep_rew_mean     | -371     |
| time/              |          |
|    episodes        | 1616     |
|    fps             | 90       |
|    time_elapsed    | 2861     |
|    total_timesteps | 258560   |
| train/             |          |
|    actor_loss      | 335      |
|    critic_loss     | 1.07e+03 |
|    ent_coef        | 0.21     |
|    ent_coef_loss   | -1.61    |
|    learning_rate   | 5e-05    |
|    n_updates       | 32307    |
---------------------------------
---------------------------------
| rollout/           |          |
|    ep_len_mean     | 179      |
|    ep_rew_mean     | -381     |
| time/              |          |
|    episodes        | 1620     |
|    fps             | 89       |
|    time_elapsed    | 2890     |
|    total_timesteps | 259176   |
| train/             |          |
|    actor_loss      | 358      |
|    critic_loss     | 477      |
|    ent_coef        | 0.209    |
|    ent_coef_loss   | -1.46    |
|    learning_rate   | 5e-05    |
|    n_updates       | 32384    |
---------------------------------
---------------------------------
| rollout/           |          |
|    ep_len_mean     | 178      |
|    ep_rew_mean     | -371     |
| time/              |          |
|    episodes        | 1624     |
|    fps             | 89       |
|    time_elapsed    | 2910     |
|    total_timesteps | 259592   |
| train/             |          |
|    actor_loss      | 335      |
|    critic_loss     | 265      |
|    ent_coef        | 0.209    |
|    ent_coef_loss   | -1.4     |
|    learning_rate   | 5e-05    |
|    n_updates       | 32436    |
---------------------------------
---------------------------------
| rollout/           |          |
|    ep_len_mean     | 179      |
|    ep_rew_mean     | -360     |
| time/              |          |
|    episodes        | 1628     |
|    fps             | 87       |
|    time_elapsed    | 2969     |
|    total_timesteps | 260312   |
| train/             |          |
|    actor_loss      | 350      |
|    critic_loss     | 547      |
|    ent_coef        | 0.208    |
|    ent_coef_loss   | -1.54    |
|    learning_rate   | 5e-05    |
|    n_updates       | 32526    |
---------------------------------
---------------------------------
| rollout/           |          |
|    ep_len_mean     | 177      |
|    ep_rew_mean     | -371     |
| time/              |          |
|    episodes        | 1632     |
|    fps             | 86       |
|    time_elapsed    | 3025     |
|    total_timesteps | 261296   |
| train/             |          |
|    actor_loss      | 335      |
|    critic_loss     | 692      |
|    ent_coef        | 0.207    |
|    ent_coef_loss   | -1.67    |
|    learning_rate   | 5e-05    |
|    n_updates       | 32649    |
---------------------------------
---------------------------------
| rollout/           |          |
|    ep_len_mean     | 177      |
|    ep_rew_mean     | -361     |
| time/              |          |
|    episodes        | 1636     |
|    fps             | 85       |
|    time_elapsed    | 3067     |
|    total_timesteps | 261920   |
| train/             |          |
|    actor_loss      | 354      |
|    critic_loss     | 389      |
|    ent_coef        | 0.206    |
|    ent_coef_loss   | -1.52    |
|    learning_rate   | 5e-05    |
|    n_updates       | 32727    |
---------------------------------
---------------------------------
| rollout/           |          |
|    ep_len_mean     | 178      |
|    ep_rew_mean     | -350     |
| time/              |          |
|    episodes        | 1640     |
|    fps             | 84       |
|    time_elapsed    | 3105     |
|    total_timesteps | 262752   |
| train/             |          |
|    actor_loss      | 338      |
|    critic_loss     | 493      |
|    ent_coef        | 0.205    |
|    ent_coef_loss   | -1.68    |
|    learning_rate   | 5e-05    |
|    n_updates       | 32831    |
---------------------------------
---------------------------------
| rollout/           |          |
|    ep_len_mean     | 177      |
|    ep_rew_mean     | -361     |
| time/              |          |
|    episodes        | 1644     |
|    fps             | 84       |
|    time_elapsed    | 3132     |
|    total_timesteps | 263312   |
| train/             |          |
|    actor_loss      | 322      |
|    critic_loss     | 551      |
|    ent_coef        | 0.204    |
|    ent_coef_loss   | -1.35    |
|    learning_rate   | 5e-05    |
|    n_updates       | 32901    |
---------------------------------
---------------------------------
| rollout/           |          |
|    ep_len_mean     | 176      |
|    ep_rew_mean     | -372     |
| time/              |          |
|    episodes        | 1648     |
|    fps             | 83       |
|    time_elapsed    | 3182     |
|    total_timesteps | 264432   |
| train/             |          |
|    actor_loss      | 336      |
|    critic_loss     | 378      |
|    ent_coef        | 0.203    |
|    ent_coef_loss   | -1.55    |
|    learning_rate   | 5e-05    |
|    n_updates       | 33041    |
---------------------------------
---------------------------------
| rollout/           |          |
|    ep_len_mean     | 177      |
|    ep_rew_mean     | -350     |
| time/              |          |
|    episodes        | 1652     |
|    fps             | 82       |
|    time_elapsed    | 3196     |
|    total_timesteps | 264776   |
| train/             |          |
|    actor_loss      | 345      |
|    critic_loss     | 434      |
|    ent_coef        | 0.203    |
|    ent_coef_loss   | -1.67    |
|    learning_rate   | 5e-05    |
|    n_updates       | 33084    |
---------------------------------
---------------------------------
| rollout/           |          |
|    ep_len_mean     | 177      |
|    ep_rew_mean     | -361     |
| time/              |          |
|    episodes        | 1656     |
|    fps             | 82       |
|    time_elapsed    | 3239     |
|    total_timesteps | 265848   |
| train/             |          |
|    actor_loss      | 342      |
|    critic_loss     | 149      |
|    ent_coef        | 0.202    |
|    ent_coef_loss   | -1.62    |
|    learning_rate   | 5e-05    |
|    n_updates       | 33218    |
---------------------------------
---------------------------------
| rollout/           |          |
|    ep_len_mean     | 178      |
|    ep_rew_mean     | -361     |
| time/              |          |
|    episodes        | 1660     |
|    fps             | 81       |
|    time_elapsed    | 3267     |
|    total_timesteps | 266584   |
| train/             |          |
|    actor_loss      | 340      |
|    critic_loss     | 1.66e+03 |
|    ent_coef        | 0.201    |
|    ent_coef_loss   | -1.39    |
|    learning_rate   | 5e-05    |
|    n_updates       | 33310    |
---------------------------------
---------------------------------
| rollout/           |          |
|    ep_len_mean     | 178      |
|    ep_rew_mean     | -361     |
| time/              |          |
|    episodes        | 1664     |
|    fps             | 80       |
|    time_elapsed    | 3309     |
|    total_timesteps | 267456   |
| train/             |          |
|    actor_loss      | 324      |
|    critic_loss     | 1.69e+03 |
|    ent_coef        | 0.2      |
|    ent_coef_loss   | -1.42    |
|    learning_rate   | 5e-05    |
|    n_updates       | 33419    |
---------------------------------
---------------------------------
| rollout/           |          |
|    ep_len_mean     | 180      |
|    ep_rew_mean     | -328     |
| time/              |          |
|    episodes        | 1668     |
|    fps             | 80       |
|    time_elapsed    | 3338     |
|    total_timesteps | 267952   |
| train/             |          |
|    actor_loss      | 333      |
|    critic_loss     | 761      |
|    ent_coef        | 0.199    |
|    ent_coef_loss   | -1.35    |
|    learning_rate   | 5e-05    |
|    n_updates       | 33481    |
---------------------------------
---------------------------------
| rollout/           |          |
|    ep_len_mean     | 182      |
|    ep_rew_mean     | -317     |
| time/              |          |
|    episodes        | 1672     |
|    fps             | 79       |
|    time_elapsed    | 3383     |
|    total_timesteps | 269168   |
| train/             |          |
|    actor_loss      | 328      |
|    critic_loss     | 317      |
|    ent_coef        | 0.198    |
|    ent_coef_loss   | -1.5     |
|    learning_rate   | 5e-05    |
|    n_updates       | 33633    |
---------------------------------
---------------------------------
| rollout/           |          |
|    ep_len_mean     | 183      |
|    ep_rew_mean     | -296     |
| time/              |          |
|    episodes        | 1676     |
|    fps             | 79       |
|    time_elapsed    | 3405     |
|    total_timesteps | 269640   |
| train/             |          |
|    actor_loss      | 342      |
|    critic_loss     | 235      |
|    ent_coef        | 0.197    |
|    ent_coef_loss   | -1.56    |
|    learning_rate   | 5e-05    |
|    n_updates       | 33692    |
---------------------------------
---------------------------------
| rollout/           |          |
|    ep_len_mean     | 184      |
|    ep_rew_mean     | -275     |
| time/              |          |
|    episodes        | 1680     |
|    fps             | 78       |
|    time_elapsed    | 3439     |
|    total_timesteps | 270632   |
| train/             |          |
|    actor_loss      | 340      |
|    critic_loss     | 639      |
|    ent_coef        | 0.196    |
|    ent_coef_loss   | -1.4     |
|    learning_rate   | 5e-05    |
|    n_updates       | 33816    |
---------------------------------
---------------------------------
| rollout/           |          |
|    ep_len_mean     | 186      |
|    ep_rew_mean     | -253     |
| time/              |          |
|    episodes        | 1684     |
|    fps             | 78       |
|    time_elapsed    | 3461     |
|    total_timesteps | 271288   |
| train/             |          |
|    actor_loss      | 348      |
|    critic_loss     | 695      |
|    ent_coef        | 0.196    |
|    ent_coef_loss   | -1.51    |
|    learning_rate   | 5e-05    |
|    n_updates       | 33898    |
---------------------------------
---------------------------------
| rollout/           |          |
|    ep_len_mean     | 185      |
|    ep_rew_mean     | -275     |
| time/              |          |
|    episodes        | 1688     |
|    fps             | 77       |
|    time_elapsed    | 3506     |
|    total_timesteps | 272320   |
| train/             |          |
|    actor_loss      | 327      |
|    critic_loss     | 831      |
|    ent_coef        | 0.194    |
|    ent_coef_loss   | -1.5     |
|    learning_rate   | 5e-05    |
|    n_updates       | 34027    |
---------------------------------
---------------------------------
| rollout/           |          |
|    ep_len_mean     | 185      |
|    ep_rew_mean     | -275     |
| time/              |          |
|    episodes        | 1692     |
|    fps             | 77       |
|    time_elapsed    | 3527     |
|    total_timesteps | 272864   |
| train/             |          |
|    actor_loss      | 331      |
|    critic_loss     | 855      |
|    ent_coef        | 0.194    |
|    ent_coef_loss   | -1.38    |
|    learning_rate   | 5e-05    |
|    n_updates       | 34095    |
---------------------------------
---------------------------------
| rollout/           |          |
|    ep_len_mean     | 187      |
|    ep_rew_mean     | -243     |
| time/              |          |
|    episodes        | 1696     |
|    fps             | 76       |
|    time_elapsed    | 3571     |
|    total_timesteps | 273896   |
| train/             |          |
|    actor_loss      | 323      |
|    critic_loss     | 617      |
|    ent_coef        | 0.193    |
|    ent_coef_loss   | -1.71    |
|    learning_rate   | 5e-05    |
|    n_updates       | 34224    |
---------------------------------
---------------------------------
| rollout/           |          |
|    ep_len_mean     | 189      |
|    ep_rew_mean     | -221     |
| time/              |          |
|    episodes        | 1700     |
|    fps             | 76       |
|    time_elapsed    | 3595     |
|    total_timesteps | 274568   |
| train/             |          |
|    actor_loss      | 340      |
|    critic_loss     | 845      |
|    ent_coef        | 0.192    |
|    ent_coef_loss   | -1.32    |
|    learning_rate   | 5e-05    |
|    n_updates       | 34308    |
---------------------------------
---------------------------------
| rollout/           |          |
|    ep_len_mean     | 190      |
|    ep_rew_mean     | -210     |
| time/              |          |
|    episodes        | 1704     |
|    fps             | 75       |
|    time_elapsed    | 3631     |
|    total_timesteps | 275496   |
| train/             |          |
|    actor_loss      | 342      |
|    critic_loss     | 392      |
|    ent_coef        | 0.191    |
|    ent_coef_loss   | -1.27    |
|    learning_rate   | 5e-05    |
|    n_updates       | 34424    |
---------------------------------
---------------------------------
| rollout/           |          |
|    ep_len_mean     | 191      |
|    ep_rew_mean     | -189     |
| time/              |          |
|    episodes        | 1708     |
|    fps             | 75       |
|    time_elapsed    | 3655     |
|    total_timesteps | 276176   |
| train/             |          |
|    actor_loss      | 338      |
|    critic_loss     | 2.34e+03 |
|    ent_coef        | 0.19     |
|    ent_coef_loss   | -1.4     |
|    learning_rate   | 5e-05    |
|    n_updates       | 34509    |
---------------------------------
---------------------------------
| rollout/           |          |
|    ep_len_mean     | 191      |
|    ep_rew_mean     | -189     |
| time/              |          |
|    episodes        | 1712     |
|    fps             | 75       |
|    time_elapsed    | 3690     |
|    total_timesteps | 277016   |
| train/             |          |
|    actor_loss      | 321      |
|    critic_loss     | 818      |
|    ent_coef        | 0.189    |
|    ent_coef_loss   | -1.28    |
|    learning_rate   | 5e-05    |
|    n_updates       | 34614    |
---------------------------------
---------------------------------
| rollout/           |          |
|    ep_len_mean     | 191      |
|    ep_rew_mean     | -168     |
| time/              |          |
|    episodes        | 1716     |
|    fps             | 74       |
|    time_elapsed    | 3720     |
|    total_timesteps | 277632   |
| train/             |          |
|    actor_loss      | 331      |
|    critic_loss     | 809      |
|    ent_coef        | 0.189    |
|    ent_coef_loss   | -1.39    |
|    learning_rate   | 5e-05    |
|    n_updates       | 34691    |
---------------------------------
---------------------------------
| rollout/           |          |
|    ep_len_mean     | 191      |
|    ep_rew_mean     | -157     |
| time/              |          |
|    episodes        | 1720     |
|    fps             | 73       |
|    time_elapsed    | 3765     |
|    total_timesteps | 278544   |
| train/             |          |
|    actor_loss      | 341      |
|    critic_loss     | 643      |
|    ent_coef        | 0.188    |
|    ent_coef_loss   | -0.97    |
|    learning_rate   | 5e-05    |
|    n_updates       | 34805    |
---------------------------------
---------------------------------
| rollout/           |          |
|    ep_len_mean     | 193      |
|    ep_rew_mean     | -147     |
| time/              |          |
|    episodes        | 1724     |
|    fps             | 73       |
|    time_elapsed    | 3784     |
|    total_timesteps | 279000   |
| train/             |          |
|    actor_loss      | 335      |
|    critic_loss     | 1.33e+03 |
|    ent_coef        | 0.187    |
|    ent_coef_loss   | -1.48    |
|    learning_rate   | 5e-05    |
|    n_updates       | 34862    |
---------------------------------
---------------------------------
| rollout/           |          |
|    ep_len_mean     | 194      |
|    ep_rew_mean     | -157     |
| time/              |          |
|    episodes        | 1728     |
|    fps             | 73       |
|    time_elapsed    | 3825     |
|    total_timesteps | 280104   |
| train/             |          |
|    actor_loss      | 345      |
|    critic_loss     | 1.65e+03 |
|    ent_coef        | 0.186    |
|    ent_coef_loss   | -1.18    |
|    learning_rate   | 5e-05    |
|    n_updates       | 35000    |
---------------------------------
---------------------------------
| rollout/           |          |
|    ep_len_mean     | 196      |
|    ep_rew_mean     | -136     |
| time/              |          |
|    episodes        | 1732     |
|    fps             | 72       |
|    time_elapsed    | 3843     |
|    total_timesteps | 280488   |
| train/             |          |
|    actor_loss      | 345      |
|    critic_loss     | 1.34e+03 |
|    ent_coef        | 0.186    |
|    ent_coef_loss   | -1.15    |
|    learning_rate   | 5e-05    |
|    n_updates       | 35048    |
---------------------------------
---------------------------------
| rollout/           |          |
|    ep_len_mean     | 196      |
|    ep_rew_mean     | -147     |
| time/              |          |
|    episodes        | 1736     |
|    fps             | 72       |
|    time_elapsed    | 3909     |
|    total_timesteps | 281720   |
| train/             |          |
|    actor_loss      | 337      |
|    critic_loss     | 808      |
|    ent_coef        | 0.184    |
|    ent_coef_loss   | -1.4     |
|    learning_rate   | 5e-05    |
|    n_updates       | 35202    |
---------------------------------
---------------------------------
| rollout/           |          |
|    ep_len_mean     | 196      |
|    ep_rew_mean     | -147     |
| time/              |          |
|    episodes        | 1740     |
|    fps             | 71       |
|    time_elapsed    | 3962     |
|    total_timesteps | 282408   |
| train/             |          |
|    actor_loss      | 322      |
|    critic_loss     | 325      |
|    ent_coef        | 0.184    |
|    ent_coef_loss   | -1.16    |
|    learning_rate   | 5e-05    |
|    n_updates       | 35288    |
---------------------------------
---------------------------------
| rollout/           |          |
|    ep_len_mean     | 198      |
|    ep_rew_mean     | -125     |
| time/              |          |
|    episodes        | 1744     |
|    fps             | 70       |
|    time_elapsed    | 4024     |
|    total_timesteps | 283248   |
| train/             |          |
|    actor_loss      | 319      |
|    critic_loss     | 1.83e+03 |
|    ent_coef        | 0.183    |
|    ent_coef_loss   | -1.37    |
|    learning_rate   | 5e-05    |
|    n_updates       | 35393    |
---------------------------------
---------------------------------
| rollout/           |          |
|    ep_len_mean     | 197      |
|    ep_rew_mean     | -126     |
| time/              |          |
|    episodes        | 1748     |
|    fps             | 69       |
|    time_elapsed    | 4057     |
|    total_timesteps | 283760   |
| train/             |          |
|    actor_loss      | 309      |
|    critic_loss     | 571      |
|    ent_coef        | 0.182    |
|    ent_coef_loss   | -1.44    |
|    learning_rate   | 5e-05    |
|    n_updates       | 35457    |
---------------------------------
---------------------------------
| rollout/           |          |
|    ep_len_mean     | 198      |
|    ep_rew_mean     | -126     |
| time/              |          |
|    episodes        | 1752     |
|    fps             | 69       |
|    time_elapsed    | 4103     |
|    total_timesteps | 284984   |
| train/             |          |
|    actor_loss      | 343      |
|    critic_loss     | 287      |
|    ent_coef        | 0.181    |
|    ent_coef_loss   | -1.57    |
|    learning_rate   | 5e-05    |
|    n_updates       | 35610    |
---------------------------------
---------------------------------
| rollout/           |          |
|    ep_len_mean     | 200      |
|    ep_rew_mean     | -115     |
| time/              |          |
|    episodes        | 1756     |
|    fps             | 69       |
|    time_elapsed    | 4131     |
|    total_timesteps | 285576   |
| train/             |          |
|    actor_loss      | 337      |
|    critic_loss     | 484      |
|    ent_coef        | 0.18     |
|    ent_coef_loss   | -1.2     |
|    learning_rate   | 5e-05    |
|    n_updates       | 35684    |
---------------------------------
---------------------------------
| rollout/           |          |
|    ep_len_mean     | 201      |
|    ep_rew_mean     | -105     |
| time/              |          |
|    episodes        | 1760     |
|    fps             | 68       |
|    time_elapsed    | 4175     |
|    total_timesteps | 286864   |
| train/             |          |
|    actor_loss      | 330      |
|    critic_loss     | 321      |
|    ent_coef        | 0.179    |
|    ent_coef_loss   | -1.05    |
|    learning_rate   | 5e-05    |
|    n_updates       | 35845    |
---------------------------------
---------------------------------
| rollout/           |          |
|    ep_len_mean     | 202      |
|    ep_rew_mean     | -94.2    |
| time/              |          |
|    episodes        | 1764     |
|    fps             | 68       |
|    time_elapsed    | 4196     |
|    total_timesteps | 287392   |
| train/             |          |
|    actor_loss      | 306      |
|    critic_loss     | 260      |
|    ent_coef        | 0.178    |
|    ent_coef_loss   | -1.58    |
|    learning_rate   | 5e-05    |
|    n_updates       | 35911    |
---------------------------------
---------------------------------
| rollout/           |          |
|    ep_len_mean     | 201      |
|    ep_rew_mean     | -94.3    |
| time/              |          |
|    episodes        | 1768     |
|    fps             | 68       |
|    time_elapsed    | 4232     |
|    total_timesteps | 288328   |
| train/             |          |
|    actor_loss      | 328      |
|    critic_loss     | 1.97e+03 |
|    ent_coef        | 0.178    |
|    ent_coef_loss   | -1.48    |
|    learning_rate   | 5e-05    |
|    n_updates       | 36028    |
---------------------------------
---------------------------------
| rollout/           |          |
|    ep_len_mean     | 201      |
|    ep_rew_mean     | -94.5    |
| time/              |          |
|    episodes        | 1772     |
|    fps             | 67       |
|    time_elapsed    | 4265     |
|    total_timesteps | 289128   |
| train/             |          |
|    actor_loss      | 313      |
|    critic_loss     | 200      |
|    ent_coef        | 0.177    |
|    ent_coef_loss   | -1.2     |
|    learning_rate   | 5e-05    |
|    n_updates       | 36128    |
---------------------------------
---------------------------------
| rollout/           |          |
|    ep_len_mean     | 201      |
|    ep_rew_mean     | -83.6    |
| time/              |          |
|    episodes        | 1776     |
|    fps             | 67       |
|    time_elapsed    | 4290     |
|    total_timesteps | 289832   |
| train/             |          |
|    actor_loss      | 312      |
|    critic_loss     | 1.55e+03 |
|    ent_coef        | 0.176    |
|    ent_coef_loss   | -1.13    |
|    learning_rate   | 5e-05    |
|    n_updates       | 36216    |
---------------------------------
---------------------------------
| rollout/           |          |
|    ep_len_mean     | 201      |
|    ep_rew_mean     | -83.7    |
| time/              |          |
|    episodes        | 1780     |
|    fps             | 67       |
|    time_elapsed    | 4323     |
|    total_timesteps | 290744   |
| train/             |          |
|    actor_loss      | 313      |
|    critic_loss     | 1.02e+03 |
|    ent_coef        | 0.175    |
|    ent_coef_loss   | -1.13    |
|    learning_rate   | 5e-05    |
|    n_updates       | 36330    |
---------------------------------
---------------------------------
| rollout/           |          |
|    ep_len_mean     | 201      |
|    ep_rew_mean     | -83.9    |
| time/              |          |
|    episodes        | 1784     |
|    fps             | 66       |
|    time_elapsed    | 4360     |
|    total_timesteps | 291656   |
| train/             |          |
|    actor_loss      | 323      |
|    critic_loss     | 639      |
|    ent_coef        | 0.174    |
|    ent_coef_loss   | -1.41    |
|    learning_rate   | 5e-05    |
|    n_updates       | 36444    |
---------------------------------
---------------------------------
| rollout/           |          |
|    ep_len_mean     | 201      |
|    ep_rew_mean     | -73      |
| time/              |          |
|    episodes        | 1788     |
|    fps             | 66       |
|    time_elapsed    | 4374     |
|    total_timesteps | 291984   |
| train/             |          |
|    actor_loss      | 340      |
|    critic_loss     | 1.35e+03 |
|    ent_coef        | 0.174    |
|    ent_coef_loss   | -1.3     |
|    learning_rate   | 5e-05    |
|    n_updates       | 36485    |
---------------------------------
---------------------------------
| rollout/           |          |
|    ep_len_mean     | 201      |
|    ep_rew_mean     | -62.3    |
| time/              |          |
|    episodes        | 1792     |
|    fps             | 66       |
|    time_elapsed    | 4429     |
|    total_timesteps | 293296   |
| train/             |          |
|    actor_loss      | 312      |
|    critic_loss     | 312      |
|    ent_coef        | 0.173    |
|    ent_coef_loss   | -1.43    |
|    learning_rate   | 5e-05    |
|    n_updates       | 36649    |
---------------------------------
---------------------------------
| rollout/           |          |
|    ep_len_mean     | 202      |
|    ep_rew_mean     | -62.5    |
| time/              |          |
|    episodes        | 1796     |
|    fps             | 66       |
|    time_elapsed    | 4443     |
|    total_timesteps | 293632   |
| train/             |          |
|    actor_loss      | 314      |
|    critic_loss     | 2.09e+03 |
|    ent_coef        | 0.172    |
|    ent_coef_loss   | -0.908   |
|    learning_rate   | 5e-05    |
|    n_updates       | 36691    |
---------------------------------
---------------------------------
| rollout/           |          |
|    ep_len_mean     | 201      |
|    ep_rew_mean     | -73.2    |
| time/              |          |
|    episodes        | 1800     |
|    fps             | 65       |
|    time_elapsed    | 4509     |
|    total_timesteps | 294760   |
| train/             |          |
|    actor_loss      | 327      |
|    critic_loss     | 321      |
|    ent_coef        | 0.171    |
|    ent_coef_loss   | -1.26    |
|    learning_rate   | 5e-05    |
|    n_updates       | 36832    |
---------------------------------
---------------------------------
| rollout/           |          |
|    ep_len_mean     | 202      |
|    ep_rew_mean     | -62.6    |
| time/              |          |
|    episodes        | 1804     |
|    fps             | 64       |
|    time_elapsed    | 4573     |
|    total_timesteps | 295712   |
| train/             |          |
|    actor_loss      | 313      |
|    critic_loss     | 924      |
|    ent_coef        | 0.17     |
|    ent_coef_loss   | -1.23    |
|    learning_rate   | 5e-05    |
|    n_updates       | 36951    |
---------------------------------
---------------------------------
| rollout/           |          |
|    ep_len_mean     | 201      |
|    ep_rew_mean     | -62.5    |
| time/              |          |
|    episodes        | 1808     |
|    fps             | 64       |
|    time_elapsed    | 4614     |
|    total_timesteps | 296456   |
| train/             |          |
|    actor_loss      | 311      |
|    critic_loss     | 922      |
|    ent_coef        | 0.17     |
|    ent_coef_loss   | -0.987   |
|    learning_rate   | 5e-05    |
|    n_updates       | 37044    |
---------------------------------
---------------------------------
| rollout/           |          |
|    ep_len_mean     | 202      |
|    ep_rew_mean     | -62.4    |
| time/              |          |
|    episodes        | 1812     |
|    fps             | 63       |
|    time_elapsed    | 4646     |
|    total_timesteps | 296936   |
| train/             |          |
|    actor_loss      | 316      |
|    critic_loss     | 859      |
|    ent_coef        | 0.169    |
|    ent_coef_loss   | -1.16    |
|    learning_rate   | 5e-05    |
|    n_updates       | 37104    |
---------------------------------
---------------------------------
| rollout/           |          |
|    ep_len_mean     | 202      |
|    ep_rew_mean     | -62.2    |
| time/              |          |
|    episodes        | 1816     |
|    fps             | 63       |
|    time_elapsed    | 4694     |
|    total_timesteps | 297712   |
| train/             |          |
|    actor_loss      | 311      |
|    critic_loss     | 903      |
|    ent_coef        | 0.169    |
|    ent_coef_loss   | -0.994   |
|    learning_rate   | 5e-05    |
|    n_updates       | 37201    |
---------------------------------
---------------------------------
| rollout/           |          |
|    ep_len_mean     | 203      |
|    ep_rew_mean     | -62.2    |
| time/              |          |
|    episodes        | 1820     |
|    fps             | 62       |
|    time_elapsed    | 4759     |
|    total_timesteps | 298736   |
| train/             |          |
|    actor_loss      | 319      |
|    critic_loss     | 368      |
|    ent_coef        | 0.168    |
|    ent_coef_loss   | -1.18    |
|    learning_rate   | 5e-05    |
|    n_updates       | 37329    |
---------------------------------
---------------------------------
| rollout/           |          |
|    ep_len_mean     | 204      |
|    ep_rew_mean     | -62.2    |
| time/              |          |
|    episodes        | 1824     |
|    fps             | 62       |
|    time_elapsed    | 4786     |
|    total_timesteps | 299288   |
| train/             |          |
|    actor_loss      | 319      |
|    critic_loss     | 206      |
|    ent_coef        | 0.167    |
|    ent_coef_loss   | -1.3     |
|    learning_rate   | 5e-05    |
|    n_updates       | 37398    |
---------------------------------
[EVAL @300000] obs=0 ep=0 succ=1 reason=goal cte=0.32 front=16.00 R=102.1
[EVAL @300000] obs=0 ep=1 succ=1 reason=goal cte=0.32 front=16.00 R=102.2
[EVAL @300000] obs=0 ep=2 succ=1 reason=goal cte=0.33 front=16.00 R=102.0
[EVAL @300000] obs=0 ep=3 succ=1 reason=goal cte=0.31 front=16.00 R=102.4
[EVAL @300000] obs=0 ep=4 succ=1 reason=goal cte=0.27 front=16.00 R=102.8
[EVAL @300000] obs=0 ep=5 succ=1 reason=goal cte=0.26 front=16.00 R=103.0
[EVAL @300000] obs=0 ep=6 succ=1 reason=goal cte=0.31 front=16.00 R=102.3
[EVAL @300000] obs=0 ep=7 succ=1 reason=goal cte=0.24 front=16.00 R=103.3
[EVAL @300000] obs=0 ep=8 succ=1 reason=goal cte=0.32 front=16.00 R=102.1
[EVAL @300000] obs=0 ep=9 succ=1 reason=goal cte=0.25 front=16.00 R=103.1
[EVAL @300000] obs=1 ep=0 succ=1 reason=goal cte=0.46 front=6.13 R=103.2
[EVAL @300000] obs=1 ep=1 succ=1 reason=goal cte=0.43 front=4.97 R=105.3
[EVAL @300000] obs=1 ep=2 succ=1 reason=goal cte=0.84 front=3.02 R=104.1
[EVAL @300000] obs=1 ep=3 succ=1 reason=goal cte=0.29 front=7.43 R=104.0
[EVAL @300000] obs=1 ep=4 succ=1 reason=goal cte=0.96 front=2.30 R=98.7
[EVAL @300000] obs=1 ep=5 succ=1 reason=goal cte=0.71 front=4.65 R=101.4
[EVAL @300000] obs=1 ep=6 succ=1 reason=goal cte=0.91 front=3.26 R=102.0
[EVAL @300000] obs=1 ep=7 succ=1 reason=goal cte=0.55 front=4.33 R=104.0
[EVAL @300000] obs=1 ep=8 succ=1 reason=goal cte=0.49 front=5.49 R=102.6
[EVAL @300000] obs=1 ep=9 succ=1 reason=goal cte=0.74 front=4.02 R=104.1
[EVAL @300000] obs=2 ep=0 succ=1 reason=goal cte=1.28 front=2.46 R=93.3
[EVAL @300000] obs=2 ep=1 succ=1 reason=goal cte=1.42 front=3.08 R=83.4
[EVAL @300000] obs=2 ep=2 succ=1 reason=goal cte=1.06 front=3.88 R=98.8
[EVAL @300000] obs=2 ep=3 succ=1 reason=goal cte=0.64 front=5.86 R=100.9
[EVAL @300000] obs=2 ep=4 succ=0 reason=obstacle cte=0.52 front=3.93 R=-969.7
[EVAL @300000] obs=2 ep=5 succ=1 reason=goal cte=0.80 front=4.22 R=96.6
[EVAL @300000] obs=2 ep=6 succ=0 reason=obstacle cte=0.89 front=1.44 R=-971.4
[EVAL @300000] obs=2 ep=7 succ=1 reason=goal cte=0.62 front=4.23 R=101.0
[EVAL @300000] obs=2 ep=8 succ=0 reason=border cte=0.59 front=2.74 R=-987.3
[EVAL @300000] obs=2 ep=9 succ=1 reason=goal cte=0.66 front=3.83 R=104.9
[EVAL @300000] obs=3 ep=0 succ=1 reason=goal cte=1.38 front=3.54 R=90.2
[EVAL @300000] obs=3 ep=1 succ=0 reason=obstacle cte=0.67 front=4.04 R=-979.8
[EVAL @300000] obs=3 ep=2 succ=1 reason=goal cte=0.88 front=6.55 R=100.3
[EVAL @300000] obs=3 ep=3 succ=0 reason=border cte=1.20 front=2.44 R=-1001.9
[EVAL @300000] obs=3 ep=4 succ=0 reason=border cte=0.51 front=3.98 R=-980.0
[EVAL @300000] obs=3 ep=5 succ=1 reason=goal cte=1.41 front=3.36 R=85.1
[EVAL @300000] obs=3 ep=6 succ=1 reason=goal cte=0.96 front=5.14 R=96.0
[EVAL @300000] obs=3 ep=7 succ=0 reason=border cte=0.50 front=3.85 R=-970.1
[EVAL @300000] obs=3 ep=8 succ=1 reason=goal cte=0.95 front=5.24 R=96.4
[EVAL @300000] obs=3 ep=9 succ=1 reason=goal cte=1.36 front=4.08 R=93.9
[EVAL @300000] obs=4 ep=0 succ=1 reason=goal cte=1.60 front=1.74 R=76.4
[EVAL @300000] obs=4 ep=1 succ=0 reason=obstacle cte=0.22 front=0.59 R=-977.9
[EVAL @300000] obs=4 ep=2 succ=0 reason=obstacle cte=1.27 front=3.90 R=-969.0
[EVAL @300000] obs=4 ep=3 succ=1 reason=goal cte=1.80 front=4.13 R=79.7
[EVAL @300000] obs=4 ep=4 succ=1 reason=goal cte=1.06 front=6.22 R=93.2
[EVAL @300000] obs=4 ep=5 succ=1 reason=goal cte=1.22 front=5.31 R=95.7
[EVAL @300000] obs=4 ep=6 succ=1 reason=goal cte=1.54 front=3.90 R=88.3
[EVAL @300000] obs=4 ep=7 succ=1 reason=goal cte=1.51 front=5.56 R=82.2
[EVAL @300000] obs=4 ep=8 succ=0 reason=border cte=1.01 front=1.90 R=-1002.8
[EVAL @300000] obs=4 ep=9 succ=1 reason=goal cte=1.21 front=5.20 R=93.6
[EVAL @300000] obs=5 ep=0 succ=1 reason=goal cte=1.38 front=5.37 R=91.7
[EVAL @300000] obs=5 ep=1 succ=1 reason=goal cte=1.32 front=2.52 R=90.2
[EVAL @300000] obs=5 ep=2 succ=0 reason=border cte=0.59 front=1.96 R=-1005.5
[EVAL @300000] obs=5 ep=3 succ=1 reason=goal cte=1.53 front=3.73 R=89.3
[EVAL @300000] obs=5 ep=4 succ=0 reason=border cte=0.73 front=4.91 R=-976.4
[EVAL @300000] obs=5 ep=5 succ=1 reason=goal cte=1.53 front=5.54 R=88.7
[EVAL @300000] obs=5 ep=6 succ=0 reason=obstacle cte=1.42 front=5.02 R=-985.4
[EVAL @300000] obs=5 ep=7 succ=1 reason=goal cte=1.08 front=3.66 R=85.5
[EVAL @300000] obs=5 ep=8 succ=1 reason=goal cte=0.96 front=3.26 R=95.0
[EVAL @300000] obs=5 ep=9 succ=1 reason=goal cte=1.08 front=3.40 R=93.4
New BEST model saved: score=5.622, success=0.783
------------------------------------------
| eval/                       |          |
|    border_rate              | 0.117    |
|    collision_rate           | 0.217    |
|    max_block_alpha          | 1        |
|    max_rpm                  | 12       |
|    mean_abs_course_error    | 11.7     |
|    mean_abs_cte             | 0.861    |
|    mean_abs_lookahead_error | 16.4     |
|    mean_d_end               | 3.35     |
|    mean_ep_len              | 205      |
|    mean_ep_reward           | -137     |
|    mean_lambda              | 0.5      |
|    mean_progress_per_step   | 0.0815   |
|    mean_r_border            | -0.00439 |
|    mean_r_center            | 0        |
|    mean_r_exist             | -0.5     |
|    mean_r_local             | 0        |
|    mean_r_oa                | -0.00335 |
|    mean_r_pf                | 0.857    |
|    mean_rpm                 | 12       |
|    mean_sector_pen          | 8.22     |
|    mean_speed               | 0.861    |
|    min_front_clearance      | 0.59     |
|    min_min_lidar_all        | 0.334    |
|    min_p10_front            | 0.445    |
|    min_rpm                  | 12       |
|    min_sector_range         | 0.334    |
|    obs_0_border_rate        | 0        |
|    obs_0_mean_abs_cte       | 0.291    |
|    obs_0_obstacle_rate      | 0        |
|    obs_0_success_rate       | 1        |
|    obs_0_timeout_rate       | 0        |
|    obs_1_border_rate        | 0        |
|    obs_1_mean_abs_cte       | 0.638    |
|    obs_1_obstacle_rate      | 0        |
|    obs_1_success_rate       | 1        |
|    obs_1_timeout_rate       | 0        |
|    obs_2_border_rate        | 0.1      |
|    obs_2_mean_abs_cte       | 0.848    |
|    obs_2_obstacle_rate      | 0.2      |
|    obs_2_success_rate       | 0.7      |
|    obs_2_timeout_rate       | 0        |
|    obs_3_border_rate        | 0.3      |
|    obs_3_mean_abs_cte       | 0.982    |
|    obs_3_obstacle_rate      | 0.1      |
|    obs_3_success_rate       | 0.6      |
|    obs_3_timeout_rate       | 0        |
|    obs_4_border_rate        | 0.1      |
|    obs_4_mean_abs_cte       | 1.25     |
|    obs_4_obstacle_rate      | 0.2      |
|    obs_4_success_rate       | 0.7      |
|    obs_4_timeout_rate       | 0        |
|    obs_5_border_rate        | 0.2      |
|    obs_5_mean_abs_cte       | 1.16     |
|    obs_5_obstacle_rate      | 0.1      |
|    obs_5_success_rate       | 0.7      |
|    obs_5_timeout_rate       | 0        |
|    obstacle_rate            | 0.1      |
|    p10_sector_range         | 0.411    |
|    reward_info_rate         | 1        |
|    selection_score          | 5.62     |
|    std_ep_reward            | 445      |
|    success_rate             | 0.783    |
|    timeout_rate             | 0        |
|    timesteps                | 300000   |
| rollout/                    |          |
|    ep_len_mean              | 203      |
|    ep_rew_mean              | -62.2    |
| time/                       |          |
|    episodes                 | 1828     |
|    fps                      | 58       |
|    time_elapsed             | 5149     |
|    total_timesteps          | 300616   |
| train/                      |          |
|    actor_loss               | 323      |
|    critic_loss              | 1.08e+03 |
|    ent_coef                 | 0.166    |
|    ent_coef_loss            | -0.653   |
|    learning_rate            | 5e-05    |
|    n_updates                | 37564    |
------------------------------------------
---------------------------------
| rollout/           |          |
|    ep_len_mean     | 203      |
|    ep_rew_mean     | -62.1    |
| time/              |          |
|    episodes        | 1832     |
|    fps             | 58       |
|    time_elapsed    | 5183     |
|    total_timesteps | 301032   |
| train/             |          |
|    actor_loss      | 323      |
|    critic_loss     | 740      |
|    ent_coef        | 0.165    |
|    ent_coef_loss   | -0.978   |
|    learning_rate   | 5e-05    |
|    n_updates       | 37616    |
---------------------------------
Traceback (most recent call last):
  File "C:\Users\hntran\OneDrive - University of Tasmania\Documents\PhD\asv-path-replanning\asv-lidar\paper_pooling\src\train_sac_baseline.py", line 244, in <module>
