policy,class,width,dcpa_m,ct_deg,crossing_side,dcpa_below_floor,crossing_escapable,outcome,collided,collided_target,steps,return,colregs_integral,frames_v_port,frames_v_bow,frames_v_side,frames_v_hold,frames_v_r8,integral_v_port,integral_v_bow,integral_v_side,integral_v_hold,integral_v_r8,mean_speed,max_speed,min_target_range,rms_cte,estops,estop_reasons,estop_then_target_collision,first_engaged_cls,engaged_frames,p_port_sense,ever_port_sense_non_overtaking,r_path_max,set,case_id,scenario,stratum,supervisor,behaviour
model,head_on,9.201050650314883,0.3795356237898264,178.95927753168954,,,,goal,False,False,58,28.95647568513496,-80.64029343825395,21,0,27,0,14,8.473401854314293,0.0,9.117207989348914,0.0,1.3055567772760164,0.665561956698072,0.8541968046568349,2.3182214122653555,1.3260093035209308,0,,False,head_on,27,0.0,False,0.0,tier_b,B-00-00,0,basin,off,cv
model,head_on,9.222510656862552,1.13358741649509,180.00418128547236,,,,goal,False,False,60,41.52469805579254,-33.07340031950431,9,0,5,0,7,4.9805514332694685,0.0,1.0456462873020484,0.0,1.0345209090073455,0.6834555898851169,0.862136377740433,2.4637603347067056,1.9871301580252865,0,,False,head_on,25,0.0,False,0.0,tier_b,B-00-01,1,basin,off,cv
model,head_on,9.227601416936492,0.3111495018368153,185.8184109182404,,,,goal,False,False,62,57.93321353934424,-2.0606318128783867,0,5,0,0,2,0.0,0.3120952711938133,0.0,0.0,0.1146133823264469,0.6553845401295348,0.9264588895359308,2.8196094859041523,2.162751262995368,0,,False,crossing,13,0.0,False,0.0,tier_b,B-00-02,2,basin,off,cv
model,head_on,9.211701876994978,0.0740218435444108,177.28911239474493,,,,goal,False,False,62,-26.42150594793009,-77.71461185024042,25,0,26,0,5,9.6313844685991,0.0,8.018189856506162,0.0,0.2608389438339283,0.646341677838848,0.8414836484795005,2.708670816702004,2.3660520202792643,0,,False,head_on,26,0.0,False,0.0,tier_b,B-00-03,3,basin,off,cv
model,head_on,9.264485118721964,0.3626861566840971,186.68262445978752,,,,goal,False,False,61,77.32830237701666,-13.099524937830664,8,0,0,0,3,2.5770062050874585,0.0,0.0,0.0,0.0762987161439437,0.649834370960903,0.7839455500480514,2.608505347043082,1.5534372388456903,0,,False,crossing,11,0.0,False,0.0,tier_b,B-00-04,4,basin,off,cv
model,head_on,9.279173642526487,1.5737887332183131,176.16465774492912,,,,goal,False,False,62,83.95558594060047,-48.07473297489234,20,0,26,0,3,5.294708179217899,0.0,5.871457772896615,0.0,0.1619287789635392,0.6182571333491172,0.7749660354235469,3.1627645907414914,1.0869020680647468,0,,False,head_on,26,0.0,False,0.0,tier_b,B-00-05,5,basin,off,cv
model,head_on,9.263500800417557,0.3276717884184064,186.411902250338,,,,goal,False,False,62,15.881528407650435,-30.822466627455864,16,1,0,0,1,6.09513064982696,0.0439747211217341,0.0,0.0,0.0964211202799618,0.6705013346616892,0.8792892729927152,3.0386179557328816,2.426863746075599,0,,False,crossing,17,0.0,False,0.0,tier_b,B-00-06,6,basin,off,cv
model,head_on,9.217044165236686,1.5298989422236204,183.93190001103895,,,,goal,False,False,63,93.9398181578201,-52.59753608439161,20,0,31,0,3,3.1690860734470983,0.0,10.118415339151886,0.0,0.1076143999737069,0.5975587817297799,0.7151659903553144,2.8261549887715938,0.8630850682498129,0,,False,head_on,31,0.0,False,0.0,tier_b,B-00-07,7,basin,off,cv
model,head_on,9.23906371178969,1.2066477096482957,180.7054566274249,,,,goal,False,False,58,36.49393483775633,-58.6820012761028,13,0,14,0,6,8.987037566746475,0.0,3.1912760360017254,0.0,0.6016825758003403,0.6800788844326509,0.9706787037218024,1.8672423515735408,0.6297588219078578,0,,False,head_on,26,0.0,False,0.0,tier_b,B-00-08,8,basin,off,cv
model,head_on,9.20081860180611,0.5759708659372964,176.20715365651006,,,,goal,False,False,60,82.09495289080411,-36.065062507562,13,0,7,0,8,5.013147912006504,0.0,1.0063863477999804,0.0,1.6948865535666382,0.6544093853338998,0.948482884791673,1.749984920716149,1.3600768226623372,0,,False,head_on,24,0.0,False,0.0,tier_b,B-00-09,9,basin,off,cv
model,head_on,9.232109315190328,1.7023597866023747,179.98883902002405,,,,goal,False,False,63,115.97582294966554,-10.955084275782577,16,0,21,0,0,1.0881446876227043,0.0,1.5468800200139412,0.0,0.0,0.6213838093018083,0.7507328752636313,3.861364522271386,1.33165961671765,0,,False,head_on,27,0.0,False,0.0,tier_b,B-00-10,10,basin,off,cv
model,head_on,9.204527093615056,1.0939816058571048,187.4782660753667,,,,goal,False,False,59,72.94303318648089,-18.8549267254172,8,0,3,0,5,2.932039931048167,0.0,0.482587737573791,0.0,0.5786696025473607,0.7028263331540399,0.96452937360159,1.8581005328901925,1.7945333623658404,0,,False,head_on,24,0.0,False,0.0,tier_b,B-00-11,11,basin,off,cv
model,head_on,9.204828784973326,0.5805061151729531,183.6892070283172,,,,goal,False,False,60,100.51851699014472,-23.182623217916145,4,0,11,0,3,2.4775199514642967,0.0,2.6478734403439126,0.0,0.308123349539953,0.6570907001329399,0.9698705613916964,1.4573798857495337,0.7295936491758689,0,,False,head_on,24,0.0,False,0.0,tier_b,B-00-12,12,basin,off,cv
model,head_on,9.289461395278718,0.4768490170173729,186.3313669604084,,,,goal,False,False,63,94.17937990816958,-16.539465108233014,5,0,9,0,6,1.4466816104757694,0.0,1.644721914862751,0.0,0.768309387304901,0.6444977787655004,0.9510944684656928,1.5804557681310478,1.296397604244865,0,,False,head_on,24,0.0,False,0.0,tier_b,B-00-13,13,basin,off,cv
model,head_on,9.214673860059683,0.4183507993449766,171.4805020485412,,,,goal,False,False,61,113.05531017248995,-19.302220957653045,8,0,0,0,4,3.0645121681021465,0.0,0.0,0.0,0.9184190501216488,0.631726210359177,0.835521524040154,2.057741871899646,1.0154515298060731,0,,False,head_on,18,0.0,False,0.0,tier_b,B-00-14,14,basin,off,cv
model,head_on,9.210984975853394,0.6800938662761706,178.68720366977095,,,,goal,False,False,64,44.35450945323275,-23.90385496486739,6,0,4,0,8,2.4484681727866917,0.0,1.0303086385652451,0.0,1.7944058690529747,0.6641857466090275,0.8886824515469942,2.562278253327265,2.2683649304620688,0,,False,head_on,22,0.0,False,0.0,tier_b,B-00-15,15,basin,off,cv
model,head_on,9.23122588458803,0.911497933345034,172.2571361325166,,,,goal,False,False,60,101.66462900719333,-29.438701773650266,8,0,5,0,4,4.4836045793038215,0.0,1.03299653587571,0.0,0.7835714615430643,0.6506844862802316,0.9326800401014718,1.6939663094858506,0.4416198750029537,0,,False,head_on,20,0.0,False,0.0,tier_b,B-00-16,16,basin,off,cv
model,head_on,9.200509195158867,0.5207322767713294,180.1240609809239,,,,goal,False,False,59,72.29671071937382,-23.99637146406995,10,0,2,0,6,4.177853038981143,0.0,0.2485035704560513,0.0,0.5380857927714461,0.6849350372741936,0.8776964527649654,2.2648725636144262,1.7646353847162717,0,,False,head_on,27,0.0,False,0.0,tier_b,B-00-17,17,basin,off,cv
model,head_on,9.20975026044725,1.2616438722917735,180.06389600978335,,,,goal,False,False,57,97.1654184077541,0.0,0,0,0,0,0,0.0,0.0,0.0,0.0,0.0,0.691575628997854,0.8532592668076348,3.928401763763756,1.7900130616588168,0,,False,never,0,0.0,False,0.0,tier_b,B-00-18,18,basin,off,cv
model,head_on,9.34114738208815,1.5877926054028224,183.08248573965344,,,,goal,False,False,65,119.18483909309724,-20.60953914076889,11,0,0,0,4,3.808144856775314,0.0,0.0,0.0,0.3909382443846846,0.6079486984668098,0.8727645570736607,3.099758596234332,0.7652583933942416,0,,False,head_on,27,0.0,False,0.0,tier_b,B-00-19,19,basin,off,cv
model,head_on,9.27433265325314,1.1617670806769254,177.4063701601212,,,,goal,False,False,62,115.92650899754308,-26.57578634374324,6,0,7,0,2,3.953554268494583,0.0,1.480891491381882,0.0,0.3721074101600616,0.6362627288208149,0.8489516396590474,2.019707465917105,0.5056008567886441,0,,False,head_on,22,0.0,False,0.0,tier_b,B-01-00,20,basin,off,re
model,head_on,9.22382710589348,0.3746545793457778,182.6914241951244,,,,goal,False,False,63,108.14459579230346,-23.385239129034805,8,0,2,0,6,3.572693393656301,0.0,0.350581404710199,0.0,0.986291949662088,0.6220090654234054,0.8949712297088745,2.027331859406001,0.9159010004772956,0,,False,head_on,23,0.0,False,0.0,tier_b,B-01-01,21,basin,off,re
model,head_on,9.217776370165236,1.9328187521485696,182.7523072172884,,,,goal,False,False,63,116.54877176076393,-25.651843040351224,7,0,1,0,5,3.719693757550244,0.0,0.0089496225378452,0.0,1.60158673318695,0.6050211339544738,0.8204400382138278,2.4881115217940204,0.3787521170858117,0,,False,head_on,20,0.0,False,0.0,tier_b,B-01-02,22,basin,off,re
model,head_on,9.202986195604916,0.2115441716810377,170.53448994405818,,,,goal,False,False,61,39.7198271240552,-15.396571844469124,3,0,8,0,7,0.6508598874903643,0.0,1.2693828177745634,0.0,1.6900082794229756,0.6885967933347271,0.8972901980055177,1.5635349253542845,2.438146239054786,0,,False,head_on,20,0.0,False,0.0,tier_b,B-01-03,23,basin,off,re
model,head_on,9.426943731983418,0.444074221815381,187.3874051658495,,,,collision:obstacle,True,False,48,-371.9155940876497,-37.015760520613895,7,0,26,0,2,0.889733896911572,0.0,8.983093126294733,0.0,0.0605427724979073,0.5579235638885703,0.7530993200240613,1.977455624349774,1.262652648468518,0,,False,head_on,26,0.0,False,0.0,tier_b,B-01-04,24,basin,off,re
model,head_on,9.200231435094338,0.7601626404654938,179.55373171964945,,,,goal,False,False,62,115.62372367273632,-14.701034736313732,9,0,0,0,5,2.4408368616104044,0.0,0.0,0.0,0.5819760602982743,0.6225602551313988,0.8004171094069028,2.3230926882342984,1.039516991891057,0,,False,head_on,21,0.0,False,0.0,tier_b,B-01-05,25,basin,off,re
model,head_on,9.300729462140197,0.4907812762822736,180.39008287060133,,,,goal,False,False,56,59.75870429724793,-46.61333990679426,11,0,5,0,11,6.404782510333184,0.0,0.7374848656559249,0.0,2.7232713253963694,0.7027620778657513,0.9270157039650746,1.4843620019676225,1.074304302413348,0,,False,head_on,24,0.0,False,0.0,tier_b,B-01-06,26,basin,off,re
model,head_on,9.278345624670196,0.0876846891904896,172.92675308091736,,,,collision:target,True,True,25,-302.1084943473165,-18.07124520163954,4,0,15,0,6,0.9381773375960496,0.0,2.8331886395183323,0.0,0.7172862840606887,0.5808528044042542,0.725640182523508,1.270084543897613,0.2964414688130144,0,,False,head_on,21,0.0,False,0.0,tier_b,B-01-07,27,basin,off,re
model,head_on,9.245518109439786,1.5604044988807242,181.0718761681306,,,,goal,False,False,66,104.48349866808704,-40.97263633591045,13,0,24,0,10,1.227424863468523,0.0,8.181831669015335,0.0,1.2093976118413416,0.5751394948673196,0.6821889090456216,2.323867337573443,0.6239753576161271,0,,False,head_on,24,0.0,False,0.0,tier_b,B-01-08,28,basin,off,re
model,head_on,9.211667837413923,0.8338205925396898,189.8049088605852,,,,goal,False,False,62,132.6589930653217,-3.857614026191984,7,1,0,0,0,0.7793012348885952,1.4729998674232892e-05,0.0,0.0,0.0,0.6118575966650026,0.7781258945279104,2.444491008926614,0.921868150188354,0,,False,crossing,22,0.0,False,0.0,tier_b,B-01-09,29,basin,off,re
model,head_on,9.203210751227637,1.4223699758268815,184.6129587610424,,,,goal,False,False,63,125.75599930243204,-17.316712233229694,15,0,0,0,4,3.0265758569896977,0.0,0.0,0.0,0.5189248313623754,0.6142457251257709,0.7951912336699777,2.665370069510153,0.6848415612796236,0,,False,head_on,25,0.0,False,0.0,tier_b,B-01-10,30,basin,off,re
model,head_on,9.244515379983476,1.4868756911998968,183.60038852428104,,,,goal,False,False,58,71.37925074313041,-23.77697112031204,11,0,0,0,5,4.322152339818087,0.0,0.0,0.0,0.5294037862694472,0.6969783095096453,0.9668503442005688,3.062572563996854,1.2151509486022976,0,,False,head_on,22,0.0,False,0.0,tier_b,B-01-11,31,basin,off,re
model,head_on,9.200225500826145,0.5899479392232831,189.2362237238048,,,,goal,False,False,59,71.04221699066127,-20.26119724876583,5,0,0,0,8,1.3959583236253672,0.0,0.0,0.0,2.9669341215156133,0.665998939341269,0.9557352935842778,1.6127217606110151,0.9051596803808848,0,,False,head_on,10,0.0,False,0.0,tier_b,B-01-12,32,basin,off,re
model,head_on,9.21591083701563,1.9692993347311831,179.1373502782262,,,,goal,False,False,61,32.95347226124099,-55.08318386478838,23,0,22,0,1,9.092216569867205,0.0,2.5030367124580977,0.0,0.2368399286881257,0.6455313365886192,0.7621019053585699,3.664072343600561,1.7663888957772165,0,,False,head_on,23,0.0,False,0.0,tier_b,B-01-13,33,basin,off,re
model,head_on,9.286416237673734,1.005576796011224,179.10235302222068,,,,goal,False,False,64,104.9395249020488,-38.38744038711344,14,0,0,0,5,6.840581227817479,0.0,0.0,0.0,1.0059029576482037,0.6083842830797515,0.8075752080188993,2.1584934802722144,0.6543263108225676,0,,False,head_on,23,0.0,False,0.0,tier_b,B-01-14,34,basin,off,re
model,head_on,9.311066723611471,0.9411731537378314,189.52863652514128,,,,goal,False,False,63,117.72355955453504,-29.84142324573646,9,1,0,0,11,4.726419340692133,0.0014730293862141,0.0,0.0,1.430745780855252,0.6122727700238032,0.6799478188542102,2.2978320702799744,0.6344912727158192,0,,False,crossing,18,0.0,False,0.0,tier_b,B-01-15,35,basin,off,re
model,head_on,9.200006265576246,1.5159147659622918,178.72341169426187,,,,goal,False,False,59,79.97327482140676,-53.21512352397106,18,0,8,0,5,8.902258158002894,0.0,1.8618625591945064,0.0,0.5436089841681095,0.6565726259437898,0.8681434286331062,1.9253936653578136,0.5971662770679991,0,,False,head_on,28,0.0,False,0.0,tier_b,B-01-16,36,basin,off,re
model,head_on,9.22114650453297,0.7428668060270553,184.26874233517697,,,,goal,False,False,63,98.65827873924545,-37.62702697922082,11,0,24,0,1,1.7840722439195082,0.0,7.975099775069138,0.0,0.0190022625711905,0.6043450483835618,0.7376966017370161,2.471764484966309,1.1229637287271863,0,,False,head_on,25,0.0,False,0.0,tier_b,B-01-17,37,basin,off,re
model,head_on,9.200470430032327,0.2928937121848394,185.39955660403396,,,,collision:target,True,True,30,-337.88992436934285,-18.59630646845729,0,0,20,0,0,0.0,0.0,5.165640685682578,0.0,0.0,0.575023915294335,0.6452546060825933,1.7034634981386154,0.7790755033899647,0,,False,head_on,21,0.0,False,0.0,tier_b,B-01-18,38,basin,off,re
model,head_on,9.352939218815166,1.066486818993451,171.15925359824612,,,,collision:target,True,True,26,-307.6673377568917,-28.928568058336182,5,0,24,0,1,2.002355823161293,0.0,5.003438913219314,0.0,0.2232281435773889,0.5722728799507564,0.695735461115902,1.8395392931879488,0.2573479058749472,0,,False,head_on,24,0.0,False,0.0,tier_b,B-01-19,39,basin,off,re
model,head_on,9.256330245640896,1.5474947809722523,187.2342081353497,,,,collision:target,True,True,31,-321.92500348407475,-25.4099378318726,4,0,8,0,9,0.4358604934457297,0.0,0.7543144383814874,0.0,4.56375475803175,0.5168781533087997,0.5884071910465274,1.938261527498426,0.9805211735108844,0,,False,head_on,10,0.0,False,0.0,tier_b,B-02-00,40,basin,off,nc
model,head_on,9.281601739441284,1.3405400952264204,172.94377414042276,,,,goal,False,False,64,80.3480201190096,-15.489892898245923,7,0,19,0,0,0.5447234620419938,0.0,3.5537532669827923,0.0,0.0,0.6092916936473876,0.7471777600780539,3.1353808600043798,1.1301113647164758,0,,False,head_on,23,0.0,False,0.0,tier_b,B-02-01,41,basin,off,nc
model,head_on,9.204720813060794,0.038078027907568,173.94089562375711,,,,goal,False,False,60,25.28924471753615,-28.071910797740465,9,0,4,0,7,3.984381958519153,0.0,0.7117138097668004,0.0,1.2860111973133717,0.7072249983507951,0.9054479955596172,2.2066061319527908,2.197321842491088,0,,False,head_on,23,0.0,False,0.0,tier_b,B-02-02,42,basin,off,nc
model,head_on,9.29621242204588,0.7415014641403002,174.1759991409701,,,,collision:target,True,True,31,-310.88769318001005,-27.191729570796184,4,0,16,0,9,1.791486314523994,0.0,3.8189008294068905,0.0,1.0168509617861343,0.6234881213843838,0.7949135276215133,0.9355452711362252,0.5022612894003073,0,,False,head_on,25,0.0,False,0.0,tier_b,B-02-03,43,basin,off,nc
model,head_on,9.275651035120449,0.335488764722645,182.62160393304384,,,,goal,False,False,63,13.600717694421064,-62.74590479494835,22,0,26,0,8,5.654509673363728,0.0,8.858311537849689,0.0,0.6369245278975602,0.6366260811190995,0.8004390211664688,2.3984711344925063,1.692420318260039,0,,False,head_on,26,0.0,False,0.0,tier_b,B-02-04,44,basin,off,nc
model,head_on,9.229951581013864,0.1710491520658996,186.591260843747,,,,goal,False,False,64,105.65241843292684,-22.812060322506937,8,0,1,0,6,3.9561741590336186,0.0,0.0579568103403244,0.0,0.6711897151256351,0.6207493889255622,0.8690491118652709,2.204027811712326,1.226891487471392,0,,False,head_on,24,0.0,False,0.0,tier_b,B-02-05,45,basin,off,nc
model,head_on,9.233553308203,0.5619209417395277,187.36177101255709,,,,goal,False,False,62,85.7048113679826,-20.766525721343672,10,0,2,0,5,3.636925598281875,0.0,0.1682068858198256,0.0,0.4795998268660037,0.651432790273696,0.8757911056344911,2.85979529874903,1.3896483186954909,0,,False,head_on,27,0.0,False,0.0,tier_b,B-02-06,46,basin,off,nc
model,head_on,9.334546561988192,1.5897840087463606,185.567855299883,,,,goal,False,False,65,124.51985327553788,-17.74029546754563,9,0,0,0,6,2.901820605964644,0.0,0.0,0.0,0.750285215115698,0.6093844059718149,0.866702464207623,2.849073705552828,0.6552320861337935,0,,False,head_on,23,0.0,False,0.0,tier_b,B-02-07,47,basin,off,nc
model,head_on,9.365056400865678,0.8539494126094023,172.71492502312827,,,,goal,False,False,64,93.1907190588665,-44.28677547602952,10,0,26,0,8,2.467404772026248,0.0,8.206447338059306,0.0,0.5622025416635741,0.6128914752039986,0.7112598343441006,2.711397585289978,1.1500986741367314,0,,False,head_on,26,0.0,False,0.0,tier_b,B-02-08,48,basin,off,nc
model,head_on,9.403528215758516,1.4069194440777255,188.63191750342895,,,,goal,False,False,67,124.60893934145268,-20.79944970723472,13,0,0,0,4,3.7687659748903775,0.0,0.0,0.0,0.4764573625616337,0.5892051426191418,0.766622097429509,2.6910094496066668,0.7335241093691036,0,,False,head_on,22,0.0,False,0.0,tier_b,B-02-09,49,basin,off,nc
model,head_on,9.31502694743324,1.500484760725203,179.69860973926174,,,,goal,False,False,64,112.23448419949956,-34.83283417339402,14,0,3,0,8,5.500483760260388,0.0,0.1343591329881024,0.0,1.5826103736328745,0.614828609726306,0.7748845023922519,2.370320495374609,0.5336122132373617,0,,False,head_on,23,0.0,False,0.0,tier_b,B-02-10,50,basin,off,nc
model,head_on,9.28945567360151,0.3727570193837672,172.21756266106624,,,,goal,False,False,56,78.16001009783291,-16.44446499391318,10,0,1,0,4,2.613473891227252,0.0,0.1077638622807864,0.0,0.693293184028322,0.707397586736689,0.8987993387565839,2.122158690970971,1.008048764771183,0,,False,head_on,21,0.0,False,0.0,tier_b,B-02-11,51,basin,off,nc
model,head_on,9.252438644524617,1.969661290550588,176.24305999260258,,,,goal,False,False,64,126.34132695220868,-27.41283913404473,12,0,25,0,5,0.2477313709152996,0.0,6.980164044084407,0.0,0.2351062865133629,0.5990748681602435,0.6696496577626528,2.871065990102056,0.5484524263898549,0,,False,head_on,25,0.0,False,0.0,tier_b,B-02-12,52,basin,off,nc
model,head_on,9.232390648429304,0.1565344319281632,189.6379104841306,,,,goal,False,False,66,52.91547965608011,-65.599601020615,19,0,29,0,6,6.3009477657855175,0.0,7.929477766889295,0.0,1.3030643598167146,0.5851159079234607,0.7725638060302269,1.384967388210894,1.1048333665661194,0,,False,head_on,29,0.0,False,0.0,tier_b,B-02-13,53,basin,off,nc
model,head_on,9.205743827437516,0.2461463452933365,170.46802077352527,,,,goal,False,False,60,97.79790976558772,-29.647410172945147,10,0,5,0,6,3.8116701129108734,0.0,1.0902111197058364,0.0,1.523307351798957,0.6500333120713293,0.922998641558341,1.2791624943114732,0.8213140647472171,0,,False,head_on,20,0.0,False,0.0,tier_b,B-02-14,54,basin,off,nc
model,head_on,9.21489430307935,0.2319072749485009,183.9612282286232,,,,goal,False,False,60,7.226526809020925,-42.97052925373567,16,0,25,0,3,3.552561458293236,0.0,6.89842105601168,0.0,0.122452051898247,0.6637829182762596,0.8482829712851823,3.1091421869888687,2.322529585666228,0,,False,head_on,25,0.0,False,0.0,tier_b,B-02-15,55,basin,off,nc
model,head_on,9.276960375115012,1.1226602107865504,170.36582971145847,,,,goal,False,False,65,94.83597011603108,-39.86538690152141,14,0,20,0,4,2.436967045283307,0.0,6.999887229516199,0.0,0.5784013335801602,0.5889986786815198,0.6959906401104956,2.2734393451634,1.0244058614006633,0,,False,head_on,20,0.0,False,0.0,tier_b,B-02-16,56,basin,off,nc
model,head_on,9.309294234930904,0.147219415480909,189.8406545053813,,,,goal,False,False,69,76.8761915339292,-49.33753382663989,13,0,25,0,5,4.298845738130457,0.0,6.798941497033734,0.0,0.7960128963494847,0.5619337673069817,0.7220369959748496,1.3768530247880042,0.9581742768646138,0,,False,head_on,25,0.0,False,0.0,tier_b,B-02-17,57,basin,off,nc
model,head_on,9.200258425260442,1.2288990454134774,179.23971580496945,,,,goal,False,False,57,78.72228808095477,-44.08510415840355,15,0,7,0,10,6.409862801593137,0.0,1.1680603092165414,0.0,1.8113924838528823,0.6723104328105961,0.9689360672823352,1.861942486822964,0.5033669233562722,0,,False,head_on,23,0.0,False,0.0,tier_b,B-02-18,58,basin,off,nc
model,head_on,9.202012305050516,0.8987680832950979,177.13534794289967,,,,goal,False,False,56,73.04744827140857,-34.914537528653184,9,0,15,0,2,4.460022247226603,0.0,3.2106273193778443,0.0,0.2842597900269462,0.6954588551415456,0.9620749436365142,1.703513288977244,0.6293043027428785,0,,False,head_on,26,0.0,False,0.0,tier_b,B-02-19,59,basin,off,nc
model,crossing,9.330877499311676,2.0229818515646305,142.9733531968989,port,,True,collision:target,True,True,22,-324.2701761562974,-10.59344751079083,2,1,0,0,5,0.6369583019700545,0.8395999030256528,0.0,0.0,0.7298854213471281,0.4158332400453517,0.57810117882623,0.8759335436040873,0.467811561148216,0,,False,crossing,14,1.0,True,0.0,tier_b,B-03-00,60,basin,off,cv
model,crossing,9.238491441800932,1.257700989202459,238.57996241282973,starboard,,True,collision:target,True,True,19,-336.0110287472089,-30.993611724668565,10,1,0,0,4,4.746619455285641,0.4052185572478657,0.0,0.0,1.220447458361713,0.4838978577559505,0.6400328142904592,1.2930191302869702,0.3882940098492209,0,,False,crossing,16,0.0,False,0.0,tier_b,B-03-01,61,basin,off,cv
model,crossing,9.240093955177118,2.231034711560081,260.5896970595145,starboard,,True,goal,False,False,86,-89.04368764331359,-16.95140143331366,13,0,0,0,3,3.297975145591249,0.0,0.0,0.0,0.1392054361415508,0.4534704419964734,0.8891096006214149,3.0584127934779013,0.9345046493344092,0,,False,crossing,18,0.0,False,0.0,tier_b,B-03-02,62,basin,off,cv
model,crossing,9.201517480454864,2.0084584574246174,275.60243456813623,starboard,,True,goal,False,False,69,92.52460357149164,-25.337547320309383,9,0,0,0,3,4.434993111630006,0.0,0.0,0.0,0.7520736483868571,0.5503004841836006,0.7042794684434398,2.204338972004833,0.7430803538725345,0,,False,crossing,10,0.0,False,0.0,tier_b,B-03-03,63,basin,off,cv
model,crossing,9.260113930250167,0.2859667630882159,138.91656669025917,port,,True,collision:target,True,True,16,-335.50893665549074,-27.77973297914276,13,0,0,0,8,3.667412733023189,0.0,0.0,0.0,2.1391199890395494,0.4066050959046679,0.5457883547209016,1.5939554875210122,0.1523169113867971,0,,False,crossing,13,1.0,True,0.0,tier_b,B-03-04,64,basin,off,cv
model,crossing,9.237840941101046,0.5502840017265848,207.7121290530307,starboard,,True,goal,False,False,60,14.860681096388191,-71.92125722252953,18,15,0,0,7,12.299609841099636,0.7581829144078874,0.0,0.0,1.618929573948283,0.6608662116901081,0.879583952599459,1.9329735813206492,1.2747297091836227,0,,False,crossing,19,0.0,False,0.0,tier_b,B-03-05,65,basin,off,cv
model,crossing,9.211327034375728,0.0603920799497881,260.0280844491019,starboard,,True,collision:target,True,True,20,-349.3361052854633,-37.92952717999211,12,6,0,0,2,5.207896644115063,2.159168220370045,0.0,0.0,0.3250124668424043,0.4530801304796735,0.6091048401905031,1.3538281641653789,0.1635505883142371,0,,False,crossing,18,0.0,False,0.0,tier_b,B-03-06,66,basin,off,cv
model,crossing,9.322534511039123,0.5930397068558804,103.58840207093462,port,,True,collision:boundary,True,False,47,-390.4315765325528,-3.291451124142915,0,0,0,0,2,0.0,0.0,0.0,0.0,0.73143358314287,0.5041183623509301,0.6922600035129889,1.761745599724493,1.6831803145756623,0,,False,crossing,15,1.0,True,0.0,tier_b,B-03-07,67,basin,off,cv
model,crossing,9.38374683148518,1.4192463365211565,273.11473987217323,starboard,,True,goal,False,False,84,-8.005234901714687,-10.175311220054096,10,0,0,0,3,1.9259701131390088,0.0,0.0,0.0,0.1426131466702219,0.502962565795985,0.7767668820412554,3.1925082134412337,1.0837775755639512,0,,False,crossing,33,0.0,False,0.0,tier_b,B-03-08,68,basin,off,cv
model,crossing,9.201593276637976,0.3073618577114048,135.28689016963023,port,,False,goal,False,False,74,1.130775699892908,-3.2533555065366224,1,0,0,0,1,0.217346960455172,0.0,0.0,0.0,0.4838862338407824,0.5632374078739898,0.8235169459067446,1.5319979564171462,2.689087582326917,0,,False,crossing,17,1.0,True,0.0,tier_b,B-03-09,69,basin,off,cv
model,crossing,9.40098472489406,2.465391222055432,77.88933403414416,port,,True,collision:target,True,True,17,-314.6003364053444,-13.481815698503157,1,15,0,0,1,0.0087317544681127,2.6936327628350947,0.0,0.0,0.0233580750782834,0.516088986237054,0.7378651816817583,1.2581825807745852,0.6633427585034636,0,,False,crossing,15,1.0,True,0.0,tier_b,B-03-10,70,basin,off,cv
model,crossing,9.201175690895838,1.5622646265707425,123.45730483776164,port,,True,goal,False,False,66,95.1434759825492,0.0,0,0,0,0,0,0.0,0.0,0.0,0.0,0.0,0.5943946246060258,0.7339399164168067,2.915622504618684,1.6780312167630025,0,,False,never,0,0.0,False,0.0,tier_b,B-03-11,71,basin,off,cv
model,crossing,9.314565232180996,0.6521833898558921,268.977941256137,starboard,,True,collision:target,True,True,19,-295.8171962053156,0.0,0,0,0,0,0,0.0,0.0,0.0,0.0,0.0,0.5179392964983618,0.6429588194732323,1.482847108178663,0.8094866484050078,0,,False,never,0,0.0,False,0.0,tier_b,B-03-12,72,basin,off,cv
model,crossing,9.335227303646349,1.9554168095833968,75.85050993155522,port,,True,goal,False,False,80,9.149551810070337,-3.119645949451737,7,0,0,0,1,0.5629444839434301,0.0,0.0,0.0,0.074015723095946,0.5162591082220278,0.7324956540808285,3.220679317953092,2.334854453435982,0,,False,crossing,10,1.0,True,0.0,tier_b,B-03-13,73,basin,off,cv
model,crossing,9.210022881938844,0.0057111335262258,281.6063487279274,starboard,,False,collision:target,True,True,28,-367.27003139745705,-40.09582622773423,15,0,0,0,14,4.69035118224203,0.0,0.0,0.0,3.7507973056969286,0.3517203880860026,0.5499707264570342,1.5600058107303585,0.3075209202527411,0,,False,crossing,21,0.0,False,0.0,tier_b,B-03-14,74,basin,off,cv
model,crossing,9.201092418652424,0.2107579181403868,68.87657035594039,port,,False,collision:target,True,True,17,-335.5346631288681,-32.00571447739457,7,1,0,0,9,1.9358051851098868,0.8686755210547805,0.0,0.0,4.027452218195437,0.4939413953464393,0.6085296955238376,1.320762987436388,0.246798270912,0,,False,crossing,12,1.0,True,0.0,tier_b,B-03-15,75,basin,off,cv
model,crossing,9.237973158896006,2.22153400131721,73.65372992762265,port,,True,goal,False,False,77,-126.53494083254222,-8.131300030682084,6,0,0,0,2,1.463428156938914,0.0,0.0,0.0,0.1971845897409907,0.5421116857291692,0.8579183350501864,3.3612901031731117,1.904289906809285,0,,False,crossing,11,1.0,True,0.0,tier_b,B-03-16,76,basin,off,cv
model,crossing,9.22158192110366,0.1358321528349695,277.27515777197266,starboard,,True,collision:target,True,True,28,-356.5941983873001,-24.9581265382274,10,0,0,0,9,3.2267609398663626,0.0,0.0,0.0,1.9968133079753123,0.3538955413936691,0.5469538805778377,1.4585601732192195,0.2896467106449121,0,,False,crossing,24,0.0,False,0.0,tier_b,B-03-17,77,basin,off,cv
model,crossing,9.237563948226011,1.2098525599380203,199.80318687283807,starboard,,True,goal,False,False,62,54.04555405310514,-40.12756871935469,11,6,0,0,6,7.419916854413478,0.0240084396968279,0.0,0.0,0.7289196696685943,0.6338280814930269,0.7695925713162416,2.4718290321109087,1.771209113195295,0,,False,crossing,14,0.0,False,0.0,tier_b,B-03-18,78,basin,off,cv
model,crossing,9.266883250942996,0.53724528402496,124.07276332236594,port,,True,collision:target,True,True,17,-304.27400898833656,0.0,0,0,0,0,0,0.0,0.0,0.0,0.0,0.0,0.4237826584501321,0.5483517620668745,1.3659446505697093,0.1251664747859546,0,,False,never,0,0.0,False,0.0,tier_b,B-03-19,79,basin,off,cv
model,crossing,9.204718687799774,0.7792305127844068,86.02031430015951,port,,True,goal,False,False,80,-61.594456774699765,-2.621741656907924,0,0,0,0,4,0.0,0.0,0.0,0.0,0.5826092570906499,0.5305091669797621,0.8264688699788538,2.492960539700993,2.362442326534983,0,,False,crossing,18,1.0,True,0.0,tier_b,B-04-00,80,basin,off,re
model,crossing,9.470886766165224,1.2637917724747307,95.74456904742506,port,,True,goal,False,False,76,40.0410070812258,-12.530201653944424,8,0,0,0,5,1.812921481576189,0.0,0.0,0.0,0.7902756266982865,0.5381916530803568,0.8778341508327396,2.4712903296604987,1.3506081332455273,0,,False,crossing,17,1.0,True,0.0,tier_b,B-04-01,81,basin,off,re
model,crossing,9.243634658067052,0.0115621156995146,136.01355255317026,port,,True,collision:target,True,True,17,-327.1532587854102,-23.621538400023653,7,4,0,0,9,1.4320868892825438,0.4774989366867546,0.0,0.0,3.1486863469945843,0.4234459333718999,0.5452784339245311,1.6318213564937425,0.0790455724542159,0,,False,crossing,15,1.0,True,0.0,tier_b,B-04-02,82,basin,off,re
model,crossing,9.329433801063674,0.8176006137484946,130.0610229832874,port,,False,collision:target,True,True,17,-339.7526620151873,-39.40275819672035,10,2,0,0,3,7.11728330167041,0.1684856767894372,0.0,0.0,0.7418226118542462,0.4524127057440584,0.5822969934611114,1.792358797232402,0.2373693122418286,0,,False,crossing,14,1.0,True,0.0,tier_b,B-04-03,83,basin,off,re
model,crossing,9.200232254515456,0.229795866767434,222.67033261256643,starboard,,True,collision:target,True,True,18,-325.5107232825025,-27.31376262487943,10,9,0,0,2,4.441328857006831,0.8316751797231736,0.0,0.0,0.2694205873479797,0.4765559174731508,0.6276084737660518,1.8489929806985057,0.3998590651236154,0,,False,crossing,15,0.0,False,0.0,tier_b,B-04-04,84,basin,off,re
model,crossing,9.356387110289646,2.269274861684816,191.85943145848017,starboard,,True,goal,False,False,64,127.2380960956922,-11.949504117249456,10,0,0,0,0,2.414041235807971,0.0,0.0,0.0,0.0,0.606741054527875,0.7460541242011044,3.184657755464413,0.8260855625001514,0,,False,crossing,16,0.0,False,0.0,tier_b,B-04-05,85,basin,off,re
model,crossing,9.200369012852647,1.7907390951500732,266.9991911382316,starboard,,True,goal,False,False,92,-36.6344798569275,-21.94336399994156,11,0,0,0,4,3.87106203144782,0.0,0.0,0.0,0.6181348765055212,0.4921809253172963,0.7831187482008488,2.907563927917491,2.0384973151333,0,,False,crossing,23,0.0,False,0.0,tier_b,B-04-06,86,basin,off,re
model,crossing,9.268554645857137,0.0383645135928822,270.853364719973,starboard,,False,collision:target,True,True,15,-331.3233859827008,-25.49781401277369,8,1,0,0,7,2.853748363174225,0.6077453476150518,0.0,0.0,1.8585378098592844,0.4221747327671853,0.5571856395183216,1.3369424851552256,0.1680976169375344,0,,False,crossing,13,0.0,False,0.0,tier_b,B-04-07,87,basin,off,re
model,crossing,9.25238181258938,0.567675215689496,198.7491131814405,starboard,,False,goal,False,False,55,45.86203100256189,-43.55631288090767,13,11,0,0,6,7.055317966285921,0.3988782664048906,0.0,0.0,1.4795647842418114,0.711056578470889,0.8778911606361172,1.973124057515168,1.418339137067391,0,,False,crossing,14,0.0,False,0.0,tier_b,B-04-08,88,basin,off,re
model,crossing,9.309577280028208,1.411625274959324,73.04756165662562,port,,True,goal,False,False,72,78.9177735191268,-0.8210238934153358,2,0,0,0,1,0.0434889675998241,0.0,0.0,0.0,0.1346118897324903,0.5665681242803768,0.727738695731989,3.961772809124516,1.7916440740099415,0,,False,crossing,18,0.8888888888888888,True,0.0,tier_b,B-04-09,89,basin,off,re
model,crossing,9.203033357494174,0.2415270902636671,217.21425503362173,starboard,,True,collision:target,True,True,18,-353.9684064585179,-52.697411897330255,11,6,0,0,11,6.478111130635255,0.8785316732571159,0.0,0.0,3.6182288929028936,0.4555319784059921,0.598914499431157,1.7870722011608111,0.4850562111251564,0,,False,crossing,15,0.0,False,0.0,tier_b,B-04-10,90,basin,off,re
model,crossing,9.234731276653031,1.605051391748081,72.44378390693646,port,,True,goal,False,False,70,54.90509852446617,-0.429019637554131,3,0,0,0,1,0.0441651465703132,0.0,0.0,0.0,0.0467560360069067,0.5784621341175692,0.8455200992387496,3.662516053747926,2.1789452464425816,0,,False,crossing,17,1.0,True,0.0,tier_b,B-04-11,91,basin,off,re
model,crossing,9.200004532647997,0.6368414973256759,87.17022061930312,port,,True,goal,False,False,67,71.5468866669773,-0.8398423554527564,0,0,0,0,1,0.0,0.0,0.0,0.0,0.186631634545057,0.6067414900437187,0.800277623495771,2.9959550214496016,2.237990397133339,0,,False,crossing,18,1.0,True,0.0,tier_b,B-04-12,92,basin,off,re
model,crossing,9.254517564116696,1.732614541775389,149.68982183769972,port,,True,collision:target,True,True,19,-307.7097423122213,-1.6132686820782314,0,0,0,0,2,0.0,0.0,0.0,0.0,0.3585041515729403,0.4298887238956801,0.6504074103484099,1.9047041624906336,0.6154617077213264,0,,False,crossing,17,1.0,True,0.0,tier_b,B-04-13,93,basin,off,re
model,crossing,9.200468191333483,0.5432402369499534,132.71244073314776,port,,True,goal,False,False,66,87.83287886665691,-1.4130236555635816,1,0,0,0,1,0.0421073475346511,0.0,0.0,0.0,0.2676871745037907,0.5889254139376681,0.7864386223850709,2.1802955787172427,1.3422030627780377,0,,False,crossing,16,1.0,True,0.0,tier_b,B-04-14,94,basin,off,re
model,crossing,9.37951772870855,1.4092468911533416,137.2759195130861,port,,False,collision:target,True,True,18,-323.8624236826876,-24.287462580847453,7,5,0,0,3,3.625382493398946,0.84318118993238,0.0,0.0,0.4817938551905312,0.4622246290625277,0.6060783982832828,1.3395031251663243,0.3090897611137751,0,,False,crossing,16,1.0,True,0.0,tier_b,B-04-15,95,basin,off,re
model,crossing,9.22856688450767,0.4325946293831956,132.88993822994345,port,,True,collision:target,True,True,15,-320.0423657771346,-15.972387258625352,5,0,0,0,3,2.2711801190932537,0.0,0.0,0.0,1.0511212598030548,0.4500927671511414,0.5503544216268561,1.436201348237413,0.074830594755173,0,,False,crossing,7,1.0,True,0.0,tier_b,B-04-16,96,basin,off,re
model,crossing,9.261168358149533,0.3800792392697646,130.2918487988835,port,,True,goal,False,False,67,82.96829367559742,-2.5997628159593846,1,0,0,0,1,0.3161330628292447,0.0,0.0,0.0,0.2299787011010273,0.5983818871756412,0.8390414580811006,2.1095162036319404,1.924222690567014,0,,False,crossing,16,1.0,True,0.0,tier_b,B-04-17,97,basin,off,re
model,crossing,9.387131015734026,0.6019081895970513,145.65391894093102,port,,True,goal,False,False,76,105.42126757077732,-7.019220054900031,6,1,0,0,3,0.6025067544188909,0.3397512015339266,0.0,0.0,0.5233429273185742,0.514872779926311,0.6895294627970426,1.0682287627053917,0.6949659833686305,0,,False,crossing,19,1.0,True,0.0,tier_b,B-04-18,98,basin,off,re
model,crossing,9.411203164528796,0.3524520422006777,228.384296632726,starboard,,True,collision:target,True,True,16,-348.6834183631245,-40.89456488487277,15,0,0,0,5,7.0684799121476205,0.0,0.0,0.0,1.3123531821648968,0.4014224802969334,0.5575343538975983,1.5649163464748934,0.2545647057832005,0,,False,crossing,15,0.0,False,0.0,tier_b,B-04-19,99,basin,off,re
model,crossing,9.200706279714865,0.2580893191785541,231.7080280272063,starboard,,True,collision:target,True,True,17,-315.2819128156041,-9.935846561806146,1,2,0,0,4,0.290330586607427,0.5310630681854009,0.0,0.0,1.3044328823514773,0.4406910538215448,0.5890053056121899,1.6410176549081583,0.4192974520400575,0,,False,crossing,10,0.0,False,0.0,tier_b,B-05-00,100,basin,off,nc
model,crossing,9.216210094803998,2.417752396114681,247.95272431710384,starboard,,True,goal,False,False,59,48.86155444929337,-17.697403510996743,3,15,0,0,4,0.3464824547187829,2.5583373611551674,0.0,0.0,0.7374545383157077,0.6705674707191124,0.9001754635840867,1.3844162905648252,2.1022671007287586,0,,False,crossing,15,0.0,False,0.0,tier_b,B-05-01,101,basin,off,nc
model,crossing,9.215623177051167,1.4873487938689045,105.2928310770994,port,,False,collision:target,True,True,19,-337.1090478458188,-32.468589071178044,10,6,0,0,1,5.45594038396474,0.9120929744030228,0.0,0.0,0.2104053216128038,0.48196078528187,0.7511981671059574,1.5949930743225424,0.6888746741881563,0,,False,crossing,17,1.0,True,0.0,tier_b,B-05-02,102,basin,off,nc
model,crossing,9.213270431695069,0.3553567901759372,252.88143754819663,starboard,,True,collision:target,True,True,17,-315.1178073202491,-12.397519062690542,4,1,0,0,2,1.3265883451815563,0.4349724648941985,0.0,0.0,0.8172873450701228,0.458049530592283,0.5592721669386914,1.3327925365478677,0.2518723459899563,0,,False,crossing,16,0.0,False,0.0,tier_b,B-05-03,103,basin,off,nc
model,crossing,9.211809026931432,0.9515372231990188,160.45417521803344,port,,False,collision:target,True,True,15,-314.4103292163546,-5.445482204458712,2,0,0,0,5,0.1721848555834463,0.0,0.0,0.0,1.0207038154045898,0.4118417333376358,0.5458130810772475,1.826483717975852,0.1514947056368052,0,,False,crossing,13,1.0,True,0.0,tier_b,B-05-04,104,basin,off,nc
model,crossing,9.21839401844697,1.8062505610752355,104.4884246730779,port,,True,goal,False,False,62,65.9234868300137,-0.7099929054726034,1,0,0,0,1,0.059693023411235,0.0,0.0,0.0,0.0921138754637754,0.6543783450988764,0.8447712985307751,3.3056395903431253,2.0846912354398173,0,,False,crossing,13,1.0,True,0.0,tier_b,B-05-05,105,basin,off,nc
model,crossing,9.200720800350496,2.127250002349644,226.01222781833783,starboard,,True,collision:target,True,True,21,-315.7648930204484,0.0,0,0,0,0,0,0.0,0.0,0.0,0.0,0.0,0.458578944011847,0.6326170563257594,1.3546466246995337,0.8002653479215699,0,,False,never,0,0.0,False,0.0,tier_b,B-05-06,106,basin,off,nc
model,crossing,9.215286445654044,0.8117411341797673,81.47856525673441,port,,True,goal,False,False,70,59.042192587792414,-6.704326201847958,0,1,0,0,2,0.0,0.6932632680627056,0.0,0.0,0.727260672208348,0.5792304554156114,0.8362678868690597,2.1986867871221243,2.219357441698884,0,,False,crossing,15,1.0,True,0.0,tier_b,B-05-07,107,basin,off,nc
model,crossing,9.2263960669926,1.6819854812629311,284.8234292978913,starboard,,True,goal,False,False,70,58.70131835471901,-7.132750167362032,10,0,0,0,2,1.1899760448597518,0.0,0.0,0.0,0.276081943401391,0.5537918846804657,0.906365484959308,3.0448832446715337,0.4515144297166349,0,,False,crossing,19,0.0,False,0.0,tier_b,B-05-08,108,basin,off,nc
model,crossing,9.32008951347376,1.135129196971054,143.31966161417364,port,,False,collision:target,True,True,17,-311.6749710055445,-5.142140544622672,0,2,0,0,4,0.0,0.0572427074802175,0.0,0.0,1.079730920576799,0.4007305487498439,0.5610565572122554,1.8558631476731515,0.3636159523687217,0,,False,crossing,15,1.0,True,0.0,tier_b,B-05-09,109,basin,off,nc
model,crossing,9.385721352234496,1.101512207539723,157.86281711377936,port,,False,collision:target,True,True,21,-329.16643603864577,-20.376197552182383,7,0,0,0,15,0.4161484969559277,0.0,0.0,0.0,4.070280553833452,0.3929588714496412,0.5463570370674327,1.8492888377438648,0.1164398525457371,0,,False,crossing,19,1.0,True,0.0,tier_b,B-05-10,110,basin,off,nc
model,crossing,9.224280439849588,2.007293642915143,279.44608599744123,starboard,,True,goal,False,False,80,-30.38820516941485,-33.890306586354114,17,0,0,0,2,6.658029376754294,0.0,0.0,0.0,0.2073469269823018,0.4925941684575058,0.7055457454635891,2.7209096322340187,1.322207552350167,0,,False,crossing,20,0.0,False,0.0,tier_b,B-05-11,111,basin,off,nc
model,crossing,9.242440755971442,0.8191370874231221,80.80910659952784,port,,False,collision:target,True,True,12,-314.58951407016906,-21.461388046012114,1,6,0,0,4,0.0030141818594326,2.8918321724097225,0.0,0.0,1.5848663538621766,0.515589878155713,0.6027693817665345,1.6284086850276862,0.1696935290408807,0,,False,crossing,9,1.0,True,0.0,tier_b,B-05-12,112,basin,off,nc
model,crossing,9.200734089771071,2.42791685748975,77.60170120950792,port,,True,goal,False,False,73,25.606445635832277,0.0,0,0,0,0,0,0.0,0.0,0.0,0.0,0.0,0.5650503305478057,0.7351629896123927,4.482868154578558,2.517248851186291,0,,False,crossing,15,1.0,True,0.0,tier_b,B-05-13,113,basin,off,nc
model,crossing,9.201922042439248,1.7448573110820975,97.9733263243578,port,,True,goal,False,False,71,120.5716517799594,-1.332911168562526,0,0,0,0,2,0.0,0.0,0.0,0.0,0.2962024819027835,0.5368659832319851,0.6667974440967414,3.087912865422291,0.7198867595322419,0,,False,crossing,12,1.0,True,0.0,tier_b,B-05-14,114,basin,off,nc
model,crossing,9.210289614228753,1.3646181904166412,240.4950166344852,starboard,,True,collision:target,True,True,16,-303.784733111847,0.0,0,0,0,0,0,0.0,0.0,0.0,0.0,0.0,0.5073835150580153,0.6607737544453002,1.3532968089551092,0.5950450543256389,0,,False,never,0,0.0,False,0.0,tier_b,B-05-15,115,basin,off,nc
model,crossing,9.202557876894945,0.8775763774858016,205.4572338903664,starboard,,False,goal,False,False,63,29.728985962748865,-56.34180540871282,20,17,0,0,6,9.674514246274208,0.6275518397483718,0.0,0.0,1.1881285073113454,0.6205417052329835,0.8277667665805302,2.199625796327815,1.6551137421188993,0,,False,crossing,20,0.0,False,0.0,tier_b,B-05-16,116,basin,off,nc
model,crossing,9.200007316122752,0.6831058562121795,131.93554503895228,port,,False,collision:target,True,True,18,-332.0920788871063,-30.543884643868488,11,4,0,0,2,5.153983273418919,0.3565231698190767,0.0,0.0,0.7259728332978672,0.4614618420557321,0.6334703914787809,1.7210008367315164,0.3164484775531202,0,,False,crossing,16,1.0,True,0.0,tier_b,B-05-17,117,basin,off,nc
model,crossing,9.22320668595492,0.4344433547543083,97.38973420096866,port,,True,collision:target,True,True,22,-323.9308554305949,-13.413183723764764,4,0,0,0,2,1.9556291438741304,0.0,0.0,0.0,0.8295154359084038,0.4411431177764243,0.6324583895660366,1.3374458891367895,0.2141204939326924,0,,False,crossing,4,1.0,True,0.0,tier_b,B-05-18,118,basin,off,nc
model,crossing,9.339982268508692,0.6058694525165631,90.87155766463692,port,,False,collision:target,True,True,21,-323.211133563108,-11.63519268896474,0,3,0,0,5,0.0,1.2045764199294615,0.0,0.0,1.2605643134030893,0.4187363360442286,0.5943652839018277,1.2817589259571494,0.3156860876824844,0,,False,crossing,18,1.0,True,0.0,tier_b,B-05-19,119,basin,off,nc
model,overtaking,9.217016676076229,0.7050661416026955,2.751896715549613,,,,goal,False,False,80,-74.67441447596252,-135.4521369316831,42,13,6,0,13,23.2436673887519,1.1595003549877518,1.3633796894950074,0.0,2.16628660399773,0.5325014772954644,0.695181568479323,2.302357839154528,2.2616847799162443,0,,False,overtaking,73,0.0,False,0.0,tier_b,B-06-00,120,basin,off,cv
model,overtaking,9.20839864947216,1.222686384166272,-8.618763366062442,,,,goal,False,False,93,9.02548629323188,-77.9981967933212,31,3,53,0,4,3.057182225625394,0.7112492590247728,16.06322797227306,0.0,0.3370756098044081,0.4077201266187777,0.8123806963703427,1.7140613516030774,0.3751489555114917,0,,False,overtaking,84,0.0,False,0.0,tier_b,B-06-01,121,basin,off,cv
model,overtaking,9.225440673837724,0.9165861617121268,-6.456878945402444,,,,goal,False,False,65,-1.5716564817041814,-69.63993981063271,48,1,0,0,0,14.029840463383202,0.0388342458355272,0.0,0.0,0.0,0.6033835194349555,0.6982078324760778,3.0418353613579376,1.4647974915177764,0,,False,overtaking,53,0.0,False,0.0,tier_b,B-06-02,122,basin,off,cv
model,overtaking,9.329409704326867,0.7067123366219907,8.906828243136012,,,,goal,False,False,68,29.96961144925585,-63.29631583188673,37,0,0,0,2,12.753226696587054,0.0,0.0,0.0,0.0372985963957298,0.5855282633978179,0.702611911288399,3.1753344318500702,1.8751199630720208,0,,False,overtaking,57,0.0,False,0.0,tier_b,B-06-03,123,basin,off,cv
model,overtaking,9.253937805212828,0.984205361322041,-3.263816162059692,,,,goal,False,False,118,-70.31964330174068,-71.52902588524654,32,1,50,0,2,4.824443008379359,0.0692754259440347,13.063674607757632,0.0,0.0613091216485057,0.3222918290987274,0.5500737445822278,2.983759199980457,0.2011275234144833,0,,False,overtaking,83,0.0,False,0.0,tier_b,B-06-04,124,basin,off,cv
model,overtaking,9.403333139407776,1.8835367064658048,-6.754171342172503,,,,goal,False,False,113,-64.97978267385282,-66.2497029679868,25,1,50,0,3,4.117475852455573,0.1077029630934276,12.464214716563257,0.0,0.1030877447536735,0.3396464230619292,0.5456679293901094,2.9037951167130407,0.5870037494359062,0,,False,overtaking,81,0.0,False,0.0,tier_b,B-06-05,125,basin,off,cv
model,overtaking,9.312453564977488,0.466128049541149,-7.085673200637763,,,,goal,False,False,67,27.138829098251563,-64.38574535813552,39,9,0,0,5,11.774608730346754,0.5206038180399453,0.0,0.0,0.7832096096936293,0.5905100657518076,0.6966490242135047,2.200396935182112,2.0188959476446806,0,,False,overtaking,50,0.0,False,0.0,tier_b,B-06-06,126,basin,off,cv
model,overtaking,9.200000666897902,0.5433941009058441,-8.662780220701272,,,,goal,False,False,75,-40.14649481043942,-115.91632140185584,53,20,0,0,3,20.67389650619173,2.495865060628679,0.0,0.0,0.272444810243284,0.5661683917127645,0.7180904591179555,2.1560300804860844,2.460664673626654,0,,False,overtaking,69,0.0,False,0.0,tier_b,B-06-07,127,basin,off,cv
model,overtaking,9.220235851911836,0.3446039038499784,8.41519054387767,,,,goal,False,False,105,13.869610933322662,-25.461869930188406,23,0,18,0,0,1.695041884368066,0.0,4.742059056268466,0.0,0.0,0.3582676819131872,0.5430867946364094,3.523157657072544,0.3311580479834147,0,,False,overtaking,65,0.0,False,0.0,tier_b,B-06-08,128,basin,off,cv
model,overtaking,9.227401620536057,1.7604500606651974,6.019718404961015,,,,collision:boundary,True,False,100,-637.5893903743853,-125.7320807254088,47,6,2,0,25,22.177787719022472,0.389976056718104,0.35500478139557,0.0,2.831918404993097,0.517545003845677,0.6589605670209613,2.260318080129598,2.619758023158558,0,,False,overtaking,70,0.0,False,0.0,tier_b,B-06-09,129,basin,off,cv
model,overtaking,9.288292197368149,0.244835954932981,6.581433309724179,,,,goal,False,False,72,-1.6523337332658343,-84.54752310201388,38,1,1,0,1,16.876368626804712,0.0124976824046364,0.2608371825436422,0.0,0.0019157809489989,0.5672082135934031,0.6861836504801574,3.008069288265024,2.212524838547423,0,,False,overtaking,57,0.0,False,0.0,tier_b,B-06-10,130,basin,off,cv
model,overtaking,9.4714229725623,0.30574369011869,-7.374418842022461,,,,goal,False,False,68,17.86091431041484,-70.61808980949914,41,6,0,0,1,13.830659065324438,0.3912462886414822,0.0,0.0,0.0488129571928588,0.6020301387359293,0.6796972976729306,2.9316969370736685,2.253665631267681,0,,False,overtaking,62,0.0,False,0.0,tier_b,B-06-11,131,basin,off,cv
model,overtaking,9.43892060411972,1.5253415474808054,-1.7605355360611323,,,,goal,False,False,126,-75.3097704524278,-35.17705586311294,14,1,36,0,0,0.5293703073153468,0.0066781887911461,9.03433772427383,0.0,0.0,0.3094295098109004,0.5427664506226428,3.731558627844143,0.4463775735452449,0,,False,overtaking,75,0.0,False,0.0,tier_b,B-06-12,132,basin,off,cv
model,overtaking,9.356925374869007,0.945243983198403,-3.711880853278407,,,,goal,False,False,72,19.66061748805264,-61.47635268397742,25,26,0,0,17,7.6761586936659665,2.897537296734604,0.0,0.0,2.030346118109908,0.5589832554965445,0.7058959427730824,2.192848931796346,1.9918920353214715,0,,False,overtaking,39,0.0,False,0.0,tier_b,B-06-13,133,basin,off,cv
model,overtaking,9.201705291610567,0.0481633001633654,6.838357024498219,,,,goal,False,False,113,-34.92971964892449,-27.93517503677527,16,0,35,0,0,0.489961898288132,0.0,7.086073233402506,0.0,0.0,0.3351731527403926,0.5433352758823378,3.584168669818759,0.676191251030039,0,,False,overtaking,79,0.0,False,0.0,tier_b,B-06-14,134,basin,off,cv
model,overtaking,9.200315756528903,1.098197584734694,3.3987834475205663,,,,goal,False,False,64,-15.148932353094168,-104.07230132402093,38,2,0,0,4,20.88338013269257,0.0080382412362894,0.0,0.0,0.1466178606828928,0.5984799007061817,0.7062431408004417,2.808784400135073,1.4252592937660973,0,,False,overtaking,47,0.0,False,0.0,tier_b,B-06-15,135,basin,off,cv
model,overtaking,9.209977053368092,0.4648958433520493,5.615825607046434,,,,goal,False,False,67,53.13693284100097,-40.44250127359557,25,0,2,0,1,7.679099424735344,0.0,0.5129463164698729,0.0,0.1298560848586806,0.587405397330461,0.6807968933425778,3.5041282284394515,2.0578374258399146,0,,False,overtaking,45,0.0,False,0.0,tier_b,B-06-16,136,basin,off,cv
model,overtaking,9.293443319164194,0.7501591541669446,3.6811135241780217,,,,goal,False,False,65,43.18963211630605,-50.36320652145472,46,7,0,0,6,9.878872524921237,0.1173587066095042,0.0,0.0,0.1959693167505618,0.6063148967865757,0.7213361100537468,2.655541348877636,1.8783157891238145,0,,False,overtaking,57,0.0,False,0.0,tier_b,B-06-17,137,basin,off,cv
model,overtaking,9.261088593327411,0.3967794023411553,0.942094834672746,,,,goal,False,False,65,30.23016965867791,-62.302492006564016,26,0,0,0,1,12.502168558772771,0.0,0.0,0.0,0.0926128090308406,0.6237894008279455,0.6989236628086944,3.1087998704418043,2.0022011600043403,0,,False,overtaking,43,0.0,False,0.0,tier_b,B-06-18,138,basin,off,cv
model,overtaking,9.226408642497487,1.4114137494770642,-6.5337083014531245,,,,goal,False,False,64,95.35342739910097,-10.348295843187566,27,0,0,0,0,2.0905648168055686,0.0,0.0,0.0,0.0,0.6123421910601126,0.7025660689772921,4.1544985343277805,1.881759048236418,0,,False,overtaking,36,0.0,False,0.0,tier_b,B-06-19,139,basin,off,cv
model,overtaking,9.237318635066163,0.6955108624999942,8.502895358359591,,,,collision:boundary,True,False,101,-548.3504483495516,-137.37974469833586,43,13,12,0,23,19.486560790841686,1.8534724742829864,3.135075439832812,0.0,4.709633847814903,0.4511767633743718,0.5907483820328375,1.694968128741935,1.4214720629895914,0,,False,overtaking,92,0.0,False,0.0,tier_b,B-07-00,140,basin,off,re
model,overtaking,9.20862851148156,1.8700119096817152,-7.244673280696084,,,,goal,False,False,59,112.08418740824632,0.0,0,0,0,0,0,0.0,0.0,0.0,0.0,0.0,0.6658119816861661,0.7442572083053941,4.076895336748519,1.8111788214698576,0,,False,never,0,0.0,False,0.0,tier_b,B-07-01,141,basin,off,re
model,overtaking,9.202335923999566,0.3265016702521537,4.755399329358097,,,,goal,False,False,69,-34.36928959632438,-115.52830433778465,45,0,0,0,1,23.23994116560324,0.0,0.0,0.0,0.1090212373441529,0.6084035773800478,0.7015619122350393,3.620487372535988,2.675418950227592,0,,False,overtaking,59,0.0,False,0.0,tier_b,B-07-02,142,basin,off,re
model,overtaking,9.293015255899276,0.9710119403809374,-4.649419898074171,,,,goal,False,False,69,-7.135764551478999,-85.97318468620408,39,8,2,0,17,14.843367046656644,0.3283626749984076,0.4939212626517419,0.0,2.02111244854784,0.5911240511701811,0.7120659310845049,2.2036165580637634,2.458370789403707,0,,False,overtaking,55,0.0,False,0.0,tier_b,B-07-03,143,basin,off,re
model,overtaking,9.283208573028874,0.590858996109658,2.166140678298074,,,,goal,False,False,97,-86.25406544490494,-129.01340862594526,39,12,19,0,16,18.15343661407929,2.536073132880887,3.98449871975882,0.0,3.334856119853999,0.4681414558720844,0.6480939107131403,1.8173667022459137,1.759399970103493,0,,False,overtaking,82,0.0,False,0.0,tier_b,B-07-04,144,basin,off,re
model,overtaking,9.220721747140464,1.4440943071107697,-3.2381786297647537,,,,goal,False,False,64,22.91115586325417,-73.90368965935771,42,0,0,0,0,14.93003831502176,0.0,0.0,0.0,0.0,0.6132281309230183,0.6772781270964207,4.2349548363925065,2.258383443880022,0,,False,overtaking,54,0.0,False,0.0,tier_b,B-07-05,145,basin,off,re
model,overtaking,9.235301134425187,0.4786878619338552,-2.242403672861313,,,,goal,False,False,69,42.05787059677303,-44.33517644495885,27,2,0,0,10,8.35100192180699,0.0058083330681102,0.0,0.0,0.659770151850466,0.5773582303624331,0.6679159325813484,2.611478218445525,2.1102931076835545,0,,False,overtaking,48,0.0,False,0.0,tier_b,B-07-06,146,basin,off,re
model,overtaking,9.210772885835906,1.118854926084452,-9.379588430721498,,,,goal,False,False,99,-22.368917918390903,-76.24600251100254,26,1,59,0,1,3.9882249824659217,0.1075416852732909,15.428387270712731,0.0,0.0955029624728015,0.384401817513697,0.7610362889442249,2.4706534126042565,0.2175826449784613,0,,False,overtaking,72,0.0,False,0.0,tier_b,B-07-07,147,basin,off,re
model,overtaking,9.201297608530824,0.948580564783577,4.66416800103744,,,,goal,False,False,63,23.57069059746607,-67.94145421734756,37,0,0,0,1,13.685792909267484,0.0,0.0,0.0,0.0437287369941173,0.6338458180796388,0.7462525370397379,3.8051219577397912,2.3666737875419326,0,,False,overtaking,51,0.0,False,0.0,tier_b,B-07-08,148,basin,off,re
model,overtaking,9.314342443114086,1.3343859203914925,6.76369823927924,,,,goal,False,False,118,-140.71909150587464,-127.70347309008034,69,2,28,0,0,21.0119621670702,0.2088329553557797,6.294593676131041,0.0,0.0,0.3213686648779905,0.5595323258637418,4.304423618283994,0.3158607810074574,0,,False,overtaking,82,0.0,False,0.0,tier_b,B-07-09,149,basin,off,re
model,overtaking,9.315117655309152,0.6673426336536532,4.539541054003408,,,,goal,False,False,67,60.96598434768143,-29.926360547176905,19,0,0,0,0,6.04572940347008,0.0,0.0,0.0,0.0,0.5931842556009442,0.6847631957007613,3.573008416076236,2.038180145784351,0,,False,overtaking,36,0.0,False,0.0,tier_b,B-07-10,150,basin,off,re
model,overtaking,9.22853476359556,0.7949817246542223,5.362336825936062,,,,goal,False,False,65,32.17813039897554,-62.08716785627461,33,0,0,0,1,12.412843428525983,0.0,0.0,0.0,0.1430206411268753,0.6084642113449632,0.7000132376993863,3.387515180760718,2.24501558029227,0,,False,overtaking,45,0.0,False,0.0,tier_b,B-07-11,151,basin,off,re
model,overtaking,9.20887238342961,1.5936706563985252,7.086398227872522,,,,goal,False,False,64,83.08843446650424,-8.513322993539656,28,0,0,0,0,1.7198632310181126,0.0,0.0,0.0,0.0,0.6196114868142342,0.7218040415668738,4.560155902521648,2.294364780766068,0,,False,overtaking,36,0.0,False,0.0,tier_b,B-07-12,152,basin,off,re
model,overtaking,9.216839652941829,1.6016624116391511,5.262289951952228,,,,goal,False,False,95,-132.48282825103632,-160.90093696483993,51,13,14,0,22,25.17059867678628,1.1159999962804503,3.8397490907982768,0.0,3.7687059569524113,0.4718417601496724,0.63748023084097,2.303927779157591,2.281995314994055,0,,False,overtaking,82,0.0,False,0.0,tier_b,B-07-13,153,basin,off,re
model,overtaking,9.255519260104249,0.352987554375868,3.157311854169309,,,,goal,False,False,65,23.56549525432929,-63.97133031976508,40,0,0,0,1,12.878842683990396,0.0,0.0,0.0,0.0491242297805796,0.6307931231192297,0.7609500692357664,3.3771954014764787,2.409258654994629,0,,False,overtaking,52,0.0,False,0.0,tier_b,B-07-14,154,basin,off,re
model,overtaking,9.215509090809306,1.7752520106799483,3.50927978990223,,,,goal,False,False,119,-152.15727075496025,-132.44370564526028,76,2,38,0,2,19.776235450973918,0.1671804042833805,9.179672407095744,0.0,0.15043922137599,0.3161042019920393,0.557007010575488,3.529376797370516,0.4133467765277573,0,,False,overtaking,87,0.0,False,0.0,tier_b,B-07-15,155,basin,off,re
model,overtaking,9.291005947685234,0.120634886264868,-1.313765613830494,,,,goal,False,False,68,67.26039505448843,-23.54218849761559,17,0,0,0,2,4.717794063703373,0.0,0.0,0.0,0.0420239738408652,0.5834404713807019,0.6470298977378379,2.8624325183339665,2.0380560870854394,0,,False,overtaking,36,0.0,False,0.0,tier_b,B-07-16,156,basin,off,re
model,overtaking,9.205389690325374,0.4588894555135605,6.666781674074301,,,,goal,False,False,68,-10.327023576399611,-86.69522448698984,28,0,2,0,1,17.288435411805228,0.0,0.297722932760243,0.0,0.0101481423593451,0.5844760200218925,0.692982871170991,3.9725562964496497,2.450212634589327,0,,False,overtaking,41,0.0,False,0.0,tier_b,B-07-17,157,basin,off,re
model,overtaking,9.2228486192688,0.6437987319681227,-3.4629356248216165,,,,goal,False,False,64,23.92586450296692,-65.5567627387693,36,0,0,0,1,13.221732904232676,0.0,0.0,0.0,0.0242633028483432,0.6208286840808613,0.7580140418425999,3.7742067441551153,2.3756579306144325,0,,False,overtaking,49,0.0,False,0.0,tier_b,B-07-18,158,basin,off,re
model,overtaking,9.225994588178112,1.4726543869922135,2.14369871642881,,,,goal,False,False,123,-39.233968625038926,-42.72068280857879,22,1,37,0,3,0.7957671875470155,0.0073118982267724,10.52464780395761,0.0,0.1903798310558102,0.3089353778418911,0.5429499118034787,2.888926940427236,0.1777638885100573,0,,False,overtaking,97,0.0,False,0.0,tier_b,B-07-19,159,basin,off,re
model,overtaking,9.202826174856394,1.8658931692162015,-1.4134208463222802,,,,goal,False,False,65,103.22048407643734,-0.4700349174061953,8,0,0,0,0,0.0949565489709485,0.0,0.0,0.0,0.0,0.6065305052930405,0.6946677160357079,4.741765150755874,2.098698363017654,0,,False,overtaking,15,0.0,False,0.0,tier_b,B-08-00,160,basin,off,nc
model,overtaking,9.223586837236766,0.4852630859566313,7.947943010148403,,,,goal,False,False,69,48.032317407028906,-35.687424987776275,20,0,0,0,2,7.038772692247732,0.0,0.0,0.0,0.187888924700002,0.580625879272515,0.693406062257002,3.856541881283551,2.3752403244184443,0,,False,overtaking,34,0.0,False,0.0,tier_b,B-08-01,161,basin,off,nc
model,overtaking,9.324634189278775,1.521213226634342,-0.1016153356693223,,,,goal,False,False,67,91.01542338060186,-6.922185533750718,14,0,0,0,1,1.37805771249374,0.0,0.0,0.0,0.0223999682014902,0.6045445412484161,0.7078681237419182,4.497812467939935,2.141401267693902,0,,False,overtaking,25,0.0,False,0.0,tier_b,B-08-02,162,basin,off,nc
model,overtaking,9.201445899888215,1.1211468026239688,-5.499755077898718,,,,goal,False,False,64,46.80257384536901,-44.181701833546576,45,0,0,0,0,8.92559633000941,0.0,0.0,0.0,0.0,0.6341009657993021,0.7050442207384385,3.9134784473527966,2.481221649769031,0,,False,overtaking,55,0.0,False,0.0,tier_b,B-08-03,163,basin,off,nc
model,overtaking,9.21773170156655,1.7859137701757974,-4.391160300370627,,,,goal,False,False,96,7.798903029696078,-71.30727580327202,36,4,47,0,7,4.105286482722083,0.3500330155611408,12.682234159966088,0.0,0.7994225135315844,0.3930720774748679,0.7700471745529415,2.109743029363396,0.2058448143311921,0,,False,overtaking,79,0.0,False,0.0,tier_b,B-08-04,164,basin,off,nc
model,overtaking,9.224828604838036,1.0279798656456742,-1.0573866499295388,,,,goal,False,False,111,-49.46733380140097,-66.8913151762671,26,4,62,0,1,2.7137240948760075,0.21625370096333,14.527752785680253,0.0,0.0195589018696626,0.3443673453418316,0.5460796892694458,2.602306389614573,0.3031368217997775,0,,False,overtaking,89,0.0,False,0.0,tier_b,B-08-05,165,basin,off,nc
model,overtaking,9.207283694138823,0.0211592045885906,-7.334374927666074,,,,goal,False,False,67,20.40912105216749,-68.46523988088121,43,0,0,0,1,13.814428695731747,0.0,0.0,0.0,0.0186261860020165,0.6222348220036726,0.7265468441332352,3.206525955305935,2.43731846403329,0,,False,overtaking,61,0.0,False,0.0,tier_b,B-08-06,166,basin,off,nc
model,overtaking,9.249749621825773,0.3985333505421971,-6.131124078940598,,,,goal,False,False,66,13.592837903469686,-72.86269951045968,43,12,0,0,7,14.214912893419514,0.1855255771571855,0.0,0.0,0.351228684690002,0.620798625173227,0.7739720266885426,2.655191626781636,2.418521762122869,0,,False,overtaking,56,0.0,False,0.0,tier_b,B-08-07,167,basin,off,nc
model,overtaking,9.436169496045949,0.7878924456258161,7.165970628024571,,,,goal,False,False,130,-89.01402083195289,-64.55045988323702,32,0,35,0,7,5.56864280023686,0.0,9.585509957282383,0.0,0.550631594632882,0.3009847073546419,0.5462329820921766,2.486968189737883,0.3771255671829486,0,,False,overtaking,87,0.0,False,0.0,tier_b,B-08-08,168,basin,off,nc
model,overtaking,9.229515026318891,1.040478185072131,-5.885302635044216,,,,goal,False,False,64,59.64769507414204,-36.608098217188406,38,0,0,0,0,7.395575397411799,0.0,0.0,0.0,0.0,0.6129898769326768,0.7030987954269793,3.0717299617429843,1.5762900074945858,0,,False,overtaking,50,0.0,False,0.0,tier_b,B-08-09,169,basin,off,nc
model,overtaking,9.370275779233848,0.4992216841537722,-2.8798086621817927,,,,goal,False,False,67,35.40509685570521,-49.24015590518374,43,7,0,0,3,9.750248752397336,0.0815731985090974,0.0,0.0,0.1272527218215285,0.6058956331965042,0.7455269986368731,2.813991958837883,2.174836942898633,0,,False,overtaking,55,0.0,False,0.0,tier_b,B-08-10,170,basin,off,nc
model,overtaking,9.200440778044294,0.5375469357908986,2.9879215617206167,,,,goal,False,False,97,-13.676657526950066,-61.60960807562938,30,0,27,0,4,7.035010609973982,0.0,6.153253446837237,0.0,1.0299095883653564,0.4222801812210919,0.6190936339989036,1.8850672726965907,1.148230455679657,0,,False,overtaking,77,0.0,False,0.0,tier_b,B-08-11,171,basin,off,nc
model,overtaking,9.309395668763356,0.265542389110653,9.88770235233514,,,,goal,False,False,88,48.887915441228415,-19.78278613591752,6,1,18,0,0,1.0494990171204974,0.0892988398151932,3.929371317801626,0.0,0.0,0.4797040706019515,0.6757922895642221,3.0951784135289238,1.5114971331632572,0,,False,overtaking,52,0.0,False,0.0,tier_b,B-08-12,172,basin,off,nc
model,overtaking,9.204875415860784,1.1272047415291218,-5.371385987906487,,,,goal,False,False,64,64.9652006447678,-25.62416075308154,40,0,0,0,0,5.176598131935665,0.0,0.0,0.0,0.0,0.6139370269774023,0.7078909207581727,3.1676346540191047,1.9057564784160668,0,,False,overtaking,59,0.0,False,0.0,tier_b,B-08-13,173,basin,off,nc
model,overtaking,9.201383075582118,0.1859423402514624,-7.648081300261262,,,,goal,False,False,64,59.65694632452865,-36.02496609773347,22,0,1,0,5,6.747987806999495,0.0,0.0859333900746748,0.0,0.5140147219593628,0.6121471004554218,0.6972325353749189,2.325978031260901,1.7003449610934018,0,,False,overtaking,45,0.0,False,0.0,tier_b,B-08-14,174,basin,off,nc
model,overtaking,9.20065040950496,0.4507784176862255,-3.998535066635336,,,,goal,False,False,69,-38.54373634219516,-123.19436792895144,45,16,0,0,3,24.139148172720343,0.5253353101873677,0.0,0.0,0.2455943752351667,0.6103728295199456,0.7215005891738661,2.620279389308568,2.5751826311665456,0,,False,overtaking,64,0.0,False,0.0,tier_b,B-08-15,175,basin,off,nc
model,overtaking,9.3291056655864,0.4013688241290278,-2.6412169799750984,,,,goal,False,False,67,50.643921702417074,-38.85067807872976,21,0,0,0,1,7.803296724305494,0.0,0.0,0.0,0.0498576207594584,0.5976226238111396,0.6686747809090796,3.3622740413698766,2.0639866271437954,0,,False,overtaking,39,0.0,False,0.0,tier_b,B-08-16,176,basin,off,nc
model,overtaking,9.231064088505306,1.2645939764148455,-6.299085950554712,,,,goal,False,False,64,76.03504118128001,-26.42660640763155,37,0,0,0,0,5.338708365178087,0.0,0.0,0.0,0.0,0.6101717223297912,0.7199030541333767,3.1849580757949423,1.399288530450512,0,,False,overtaking,41,0.0,False,0.0,tier_b,B-08-17,177,basin,off,nc
model,overtaking,9.31855498079544,1.3210319582406749,-1.6894524809757634,,,,goal,False,False,65,62.12371717014993,-32.42785270342099,28,0,0,0,0,6.551081354226464,0.0,0.0,0.0,0.0,0.6065050080787447,0.6966091695730564,3.8639290141688143,1.7928192779042385,0,,False,overtaking,45,0.0,False,0.0,tier_b,B-08-18,178,basin,off,nc
model,overtaking,9.229882434629188,1.089446271626464,3.540682633184913,,,,goal,False,False,77,-14.306131389370805,-18.32182022438841,30,0,0,0,0,3.70137782310877,0.0,0.0,0.0,0.0,0.5352209589422307,0.6565135245071126,3.5780283076303245,2.1306304343648472,0,,False,overtaking,54,0.0,False,0.0,tier_b,B-08-19,179,basin,off,nc
model,being_overtaken,9.273493236199498,1.8624143719013235,-8.902097191092933,,False,,goal,False,False,49,88.57764648143441,-21.615935199989973,0,0,0,16,0,0.0,0.0,0.0,5.337267950614809,0.0,0.5412086822387766,0.6931148589083421,3.3151383544685,1.4720718570331748,0,,False,being_overtaken,16,0.0,False,0.0,tier_b,B-09-00,180,basin,off,cv
model,being_overtaken,9.217607022899784,1.5906365392492274,6.189092943004855,,False,,goal,False,False,53,77.7242167589317,-25.22874940894655,0,0,0,5,0,0.0,0.0,0.0,6.229320841715197,0.0,0.4538046262974833,0.6915908548486489,1.3003379878425734,0.6360192736447202,0,,False,being_overtaken,16,0.0,False,0.0,tier_b,B-09-01,181,basin,off,cv
model,being_overtaken,9.255587351263731,1.1613891645434418,-0.8352424648167727,,False,,goal,False,False,46,92.38879011908791,-28.21432056695336,0,0,0,10,0,0.0,0.0,0.0,6.966498905420582,0.0,0.5243644217966335,0.6454950489467146,2.084428346570113,0.959104323921949,0,,False,being_overtaken,19,0.0,False,0.0,tier_b,B-09-02,182,basin,off,cv
model,being_overtaken,9.250348763135506,1.7977552113536803,-3.5475180180360333,,False,,goal,False,False,43,86.7360313037715,-43.83135797817931,0,0,0,14,0,0.0,0.0,0.0,10.822557525476372,0.0,0.5639667029908007,0.7337735281781148,1.939918947222509,0.236375410286644,0,,False,being_overtaken,27,0.0,False,0.0,tier_b,B-09-03,183,basin,off,cv
model,being_overtaken,9.22795648132154,1.9941677015431467,-2.3648618685453577,,False,,goal,False,False,44,109.1497236142741,-19.16946765962348,0,0,0,17,0,0.0,0.0,0.0,4.733201891265056,0.0,0.5545351292052707,0.6794960259508348,2.829895529997479,0.7571949754876618,0,,False,being_overtaken,19,0.0,False,0.0,tier_b,B-09-04,184,basin,off,cv
model,being_overtaken,9.205422207041057,1.6404072407823604,-0.7485242194691732,,False,,goal,False,False,43,119.86565639910388,-17.804222861171766,0,0,0,13,0,0.0,0.0,0.0,4.396104410165868,0.0,0.5587841388640501,0.6652988280493142,2.061017799136477,0.3907352049091918,0,,False,being_overtaken,23,0.0,False,0.0,tier_b,B-09-05,185,basin,off,cv
model,being_overtaken,9.231188874487817,1.340368245862548,4.823936508557827,,False,,goal,False,False,46,105.87188720502668,-22.684235609949678,0,0,0,10,0,0.0,0.0,0.0,5.6010458296172025,0.0,0.5242979565516042,0.6622845164654312,1.278764517196612,0.3180537775458545,0,,False,being_overtaken,21,0.0,False,0.0,tier_b,B-09-06,186,basin,off,cv
model,being_overtaken,9.306570037248152,1.9931677532460887,-8.148925558501691,,False,,goal,False,False,53,95.44656902312671,-24.974476233764985,0,0,0,18,0,0.0,0.0,0.0,6.166537341670366,0.0,0.5094406241306396,0.651382149204564,3.179830318997089,1.1344409819098895,0,,False,being_overtaken,19,0.0,False,0.0,tier_b,B-09-07,187,basin,off,cv
model,being_overtaken,9.31876586064638,1.8721708685827283,-2.6070181173307727,,False,,goal,False,False,44,76.1565115515793,-56.41235497304454,0,0,0,14,0,0.0,0.0,0.0,13.928976536554208,0.0,0.5558077415134083,0.7450284690411155,2.044411030263322,0.1923511177706054,0,,False,being_overtaken,26,0.0,False,0.0,tier_b,B-09-08,188,basin,off,cv
model,being_overtaken,9.249443229558986,1.921760822222618,-7.380586831028621,,False,,goal,False,False,53,-7.971864656290506,-3.0420607528407944,0,0,0,4,0,0.0,0.0,0.0,0.7511261118125417,0.0,0.4721559019624624,0.6732608745448382,2.3840320662452794,1.1557864100068094,0,,False,being_overtaken,15,0.0,False,0.0,tier_b,B-09-09,189,basin,off,cv
model,being_overtaken,9.203184269661492,1.843844839977306,-0.9619646850153014,,False,,goal,False,False,42,108.40047254109062,-28.014769894886964,0,0,0,18,0,0.0,0.0,0.0,6.917227134539991,0.0,0.5817974093711153,0.7263250321307835,2.3008100753835024,0.3467746901852999,0,,False,being_overtaken,28,0.0,False,0.0,tier_b,B-09-10,190,basin,off,cv
model,being_overtaken,9.25307424643198,1.1108330766827543,1.607400018626592,,False,,goal,False,False,45,106.43332928977992,-24.4035469205414,0,0,0,12,0,0.0,0.0,0.0,6.025567140874421,0.0,0.5416605964053103,0.6584035288542095,1.479165700631217,0.5157281857976453,0,,False,being_overtaken,24,0.0,False,0.0,tier_b,B-09-11,191,basin,off,cv
model,being_overtaken,9.235632032674806,1.848583916571433,-0.2425773065007757,,False,,goal,False,False,44,104.0096184076989,-23.92947868942455,0,0,0,12,0,0.0,0.0,0.0,6.098987493598727,0.0,0.5586346545760861,0.7602291756456147,2.0972058122381667,0.1879266116366037,0,,False,being_overtaken,25,0.0,False,0.0,tier_b,B-09-12,192,basin,off,cv
model,being_overtaken,9.200223992512749,1.880247196049088,4.851620794650593,,False,,goal,False,False,45,106.6523758868562,-23.49115360552845,0,0,0,8,0,0.0,0.0,0.0,5.800284840871221,0.0,0.5493674839406857,0.6929634017245945,1.9864187442139187,0.2827884509550749,0,,False,being_overtaken,18,0.0,False,0.0,tier_b,B-09-13,193,basin,off,cv
model,being_overtaken,9.226481771773116,1.5840743156666974,3.9745590510219593,,False,,goal,False,False,50,-33.16274346802845,-11.810687929480103,0,0,0,4,0,0.0,0.0,0.0,2.9162192418469397,0.0,0.5082378857340116,0.6689874120559632,1.826480192370955,1.5600946418449364,0,,False,being_overtaken,11,0.0,False,0.0,tier_b,B-09-14,194,basin,off,cv
model,being_overtaken,9.24882857954596,1.471695882073571,5.848713078592571,,False,,goal,False,False,49,109.4158870174622,-9.54770344016698,0,0,0,8,0,0.0,0.0,0.0,2.357457639547402,0.0,0.5043525843398943,0.7412809005955223,1.9074010745870125,0.2380628902493962,0,,False,being_overtaken,17,0.0,False,0.0,tier_b,B-09-15,195,basin,off,cv
model,being_overtaken,9.2000557627246,1.3115357577179512,-3.336619991866976,,False,,goal,False,False,45,113.03871587194205,-16.554579887449037,0,0,0,11,0,0.0,0.0,0.0,4.087550589493589,0.0,0.5384475708165104,0.6728883885624419,1.800332588740323,0.5428811693336927,0,,False,being_overtaken,21,0.0,False,0.0,tier_b,B-09-16,196,basin,off,cv
model,being_overtaken,9.206193309648413,1.6399952535113682,-8.767670035024747,,False,,collision:target,True,True,14,-310.8399432435413,-16.58017799942507,0,0,0,5,0,0.0,0.0,0.0,4.093871110969153,0.0,0.4871724766498982,0.6553638175443566,1.7631552588200283,0.2754653215717981,0,,False,being_overtaken,13,0.0,False,0.0,tier_b,B-09-17,197,basin,off,cv
model,being_overtaken,9.212969204739892,1.89761480211908,5.806877306962388,,False,,goal,False,False,44,115.8459388103494,-16.965324776628016,0,0,0,10,0,0.0,0.0,0.0,4.188969080648892,0.0,0.5480970318985997,0.6512056258711366,2.4818887095721123,0.7141065728503272,0,,False,being_overtaken,16,0.0,False,0.0,tier_b,B-09-18,198,basin,off,cv
model,being_overtaken,9.241544285848647,1.3128118964065598,-3.848274730984212,,False,,goal,False,False,44,95.4985906398021,-26.193874207237627,0,0,0,8,0,0.0,0.0,0.0,6.467623261046328,0.0,0.5492342789342849,0.7894441530651067,1.1890733853897542,0.1586899397644577,0,,False,being_overtaken,18,0.0,False,0.0,tier_b,B-09-19,199,basin,off,cv
model,being_overtaken,9.299183658994504,1.773151827696595,-1.6900412891160776,,False,,goal,False,False,45,10.401121105971384,-23.47883229633563,1,0,0,8,1,0.8083637826016763,0.0,0.0,4.550731288331119,0.2326599677147337,0.5802883336818856,0.7653779790469547,1.5499607335780543,0.6901841906418099,0,,False,being_overtaken,11,0.0,False,0.0,tier_b,B-10-00,200,basin,off,re
model,being_overtaken,9.208428406002527,1.8002544236295193,-7.975902988781078,,False,,goal,False,False,45,118.05509053985696,-13.964138842633483,0,0,0,12,0,0.0,0.0,0.0,3.4479355166996246,0.0,0.5372413361339504,0.6696156787844223,2.2024939075153904,0.4283861265351279,0,,False,being_overtaken,20,0.0,False,0.0,tier_b,B-10-01,201,basin,off,re
model,being_overtaken,9.200097472568554,1.7443342445294665,9.875833022670356,,False,,collision:obstacle,True,False,8,-357.5024809197773,-26.46584704153116,0,0,0,7,0,0.0,0.0,0.0,6.534777047291643,0.0,0.4562864723033757,0.5462533743801264,4.1210478083829285,0.0962577570016553,0,,False,being_overtaken,7,0.0,False,0.0,tier_b,B-10-02,202,basin,off,re
model,being_overtaken,9.302207649734385,1.777266012011609,-9.931571327253923,,False,,goal,False,False,44,96.50119386503869,-36.38564361663454,0,0,0,12,0,0.0,0.0,0.0,8.984109534971493,0.0,0.5655872658936691,0.7313823846330552,1.5970684484306197,0.1611296056265271,0,,False,being_overtaken,23,0.0,False,0.0,tier_b,B-10-03,203,basin,off,re
model,being_overtaken,9.444761284079842,1.3087089012898343,4.681091863494736,,False,,goal,False,False,49,90.51027852625786,-30.860888313306678,0,0,0,9,0,0.0,0.0,0.0,7.619972423038685,0.0,0.5226093566026958,0.6759037309341501,1.444122462421831,0.2592214032114451,0,,False,being_overtaken,21,0.0,False,0.0,tier_b,B-10-04,204,basin,off,re
model,being_overtaken,9.214925193316624,1.1701787995312545,-1.3084080958413722,,False,,goal,False,False,46,93.98669517092353,-25.578503058846383,0,0,0,7,0,0.0,0.0,0.0,6.315679767616391,0.0,0.5234710933174388,0.6644889023106845,1.994586103784708,1.0167536826688548,0,,False,being_overtaken,18,0.0,False,0.0,tier_b,B-10-05,205,basin,off,re
model,being_overtaken,9.345445770673976,1.4379363850772926,4.981252912227472,,False,,goal,False,False,51,84.6999791561916,-27.887099421297957,0,0,0,9,0,0.0,0.0,0.0,6.88570356081431,0.0,0.4961913332914365,0.7151697060047879,1.592672238656642,0.3271391154495081,0,,False,being_overtaken,17,0.0,False,0.0,tier_b,B-10-06,206,basin,off,re
model,being_overtaken,9.322783768923756,1.5358173143953695,3.367055013572058,,False,,goal,False,False,44,107.14093093743426,-24.164830729467617,0,0,0,12,0,0.0,0.0,0.0,5.966624871473485,0.0,0.5573206796468096,0.6399318724877602,2.270276674674754,0.7565086903318305,0,,False,being_overtaken,21,0.0,False,0.0,tier_b,B-10-07,207,basin,off,re
model,being_overtaken,9.201314005451428,1.9971843329164896,9.00989998728025,,False,,goal,False,False,45,123.91741697392702,-12.878053033464564,0,0,0,10,0,0.0,0.0,0.0,3.179766181102362,0.0,0.5374280443294384,0.6475130751431412,1.981113066399484,0.2036501459652386,0,,False,being_overtaken,21,0.0,False,0.0,tier_b,B-10-08,208,basin,off,re
model,being_overtaken,9.20072806159274,1.54947173218287,4.609127711992633,,False,,goal,False,False,46,102.02964151002654,-23.697940804841693,0,0,0,9,0,0.0,0.0,0.0,5.851343408602887,0.0,0.5291014625491974,0.7321584691955715,1.82211370716402,0.1744582563166744,0,,False,being_overtaken,21,0.0,False,0.0,tier_b,B-10-09,209,basin,off,re
model,being_overtaken,9.21645897876405,1.9690709051734865,1.176519119898927,,False,,goal,False,False,43,121.57033861518865,-15.638399300191995,0,0,0,12,0,0.0,0.0,0.0,3.8613331605412338,0.0,0.5563101702020908,0.6396545348598772,2.44002943911348,0.4666521957391468,0,,False,being_overtaken,24,0.0,False,0.0,tier_b,B-10-10,210,basin,off,re
model,being_overtaken,9.30620762191582,1.954788173821367,9.561566394234376,,False,,collision:target,True,True,17,-434.5138562882516,-26.066166208278997,0,0,0,8,0,0.0,0.0,0.0,6.4360904217972825,0.0,0.4615214218213995,0.5434333027665391,1.7295945763854903,0.2902951309967511,0,,False,being_overtaken,16,0.0,False,0.0,tier_b,B-10-11,211,basin,off,re
model,being_overtaken,9.201269707763345,1.7772566114764492,-9.49576632141824,,False,,goal,False,False,41,-9.238767312734709,-36.98532327181318,0,0,0,13,0,0.0,0.0,0.0,9.132178585632884,0.0,0.5908444033348577,0.7579577073946804,1.819816093881416,0.3906571955116806,0,,False,being_overtaken,17,0.0,False,0.0,tier_b,B-10-12,212,basin,off,re
model,being_overtaken,9.20007231710936,1.5173470694376625,-5.727268467660743,,False,,goal,False,False,41,98.22106831610216,-27.05136969086564,0,0,0,8,0,0.0,0.0,0.0,6.679350540954479,0.0,0.5872759982577443,0.8332700956515751,1.587815298672443,0.186950194888381,0,,False,being_overtaken,16,0.0,False,0.0,tier_b,B-10-13,213,basin,off,re
model,being_overtaken,9.205150564445342,1.294253026574379,2.488002109063279,,False,,goal,False,False,47,116.45304283569403,-13.738347807295174,0,0,0,8,0,0.0,0.0,0.0,3.3921846437765866,0.0,0.5203055025805152,0.6158208834299085,1.5058795254261743,0.550233446227871,0,,False,being_overtaken,18,0.0,False,0.0,tier_b,B-10-14,214,basin,off,re
model,being_overtaken,9.313661266320532,1.7903252631685758,-5.812314507573984,,False,,goal,False,False,43,116.48463817766034,-13.18593500235965,0,0,0,9,0,0.0,0.0,0.0,3.255786420335716,0.0,0.5805603168114735,0.7926953098274407,1.9633357599974972,0.2672043575177455,0,,False,being_overtaken,24,0.0,False,0.0,tier_b,B-10-15,215,basin,off,re
model,being_overtaken,9.326073276028978,1.265549603341842,2.743333719372105,,False,,goal,False,False,49,-17.451816853149907,-20.33106292068615,0,0,1,5,1,0.0,0.0,0.3172428405534397,4.345555680246651,0.3532195977099628,0.5169976754230381,0.7860642476329593,0.9134375468709378,0.470215505025248,0,,False,being_overtaken,18,0.0,False,0.0,tier_b,B-10-16,216,basin,off,re
model,being_overtaken,9.205824497383704,1.8152384603032223,0.838151042915797,,False,,goal,False,False,46,86.91920816340304,-36.95390466838569,0,0,0,9,0,0.0,0.0,0.0,9.124420905774246,0.0,0.5374695374504864,0.7121188065952283,1.5604796881331455,0.3891228773086622,0,,False,being_overtaken,17,0.0,False,0.0,tier_b,B-10-17,217,basin,off,re
model,being_overtaken,9.20054983344852,1.5415350386735858,5.016089318996162,,False,,goal,False,False,43,117.33469776579751,-23.2851184652349,0,0,0,15,0,0.0,0.0,0.0,5.749411966724667,0.0,0.5672774530734594,0.6690107509910918,1.9467366590626607,0.4300176637133686,0,,False,being_overtaken,22,0.0,False,0.0,tier_b,B-10-18,218,basin,off,re
model,being_overtaken,9.20759743400066,1.8315257360462056,-4.576958939054121,,False,,goal,False,False,46,101.52811681368796,-20.07718529265536,0,0,0,23,0,0.0,0.0,0.0,4.957329701890211,0.0,0.5309271092815748,0.6521554644661053,3.110627014903355,1.044593480014337,0,,False,being_overtaken,23,0.0,False,0.0,tier_b,B-10-19,219,basin,off,re
model,being_overtaken,9.236527995337298,1.1519614688414712,-2.2195555121721178,,False,,collision:obstacle,True,False,15,-356.4788629734238,-19.43962078095501,0,0,0,9,0,0.0,0.0,0.0,4.799906365667904,0.0,0.4101749074995899,0.5429256716217254,2.1641872197145418,0.0629342996258999,0,,False,being_overtaken,14,0.0,False,0.0,tier_b,B-11-00,220,basin,off,nc
model,being_overtaken,9.23433805559084,1.622927630240563,-4.373363126865904,,False,,goal,False,False,45,91.77696694457724,-35.483158114677146,0,0,0,24,0,0.0,0.0,0.0,8.76127360856226,0.0,0.539925686430105,0.6251143610671878,2.765864299677853,0.9084379826796428,0,,False,being_overtaken,25,0.0,False,0.0,tier_b,B-11-01,221,basin,off,nc
model,being_overtaken,9.201707197154532,1.4145163420230074,-5.789142480465928,,False,,goal,False,False,41,119.1853329989128,-18.40993292514853,0,0,0,14,0,0.0,0.0,0.0,4.54566245065396,0.0,0.5856257837137159,0.705529584917351,1.8128408424367983,0.3287134367543426,0,,False,being_overtaken,27,0.0,False,0.0,tier_b,B-11-02,222,basin,off,nc
model,being_overtaken,9.322281665781562,1.755871175235038,1.8276934949897257,,False,,goal,False,False,47,119.62427473986985,-10.51860130063056,0,0,0,7,0,0.0,0.0,0.0,2.5971855063285334,0.0,0.5248467295056448,0.6269336764155609,2.1894433621755462,0.6944331231520939,0,,False,being_overtaken,17,0.0,False,0.0,tier_b,B-11-03,223,basin,off,nc
model,being_overtaken,9.23313027898548,1.5192526816727558,3.4855574671074336,,False,,goal,False,False,42,117.3379766707778,-17.76477728379152,0,0,0,8,0,0.0,0.0,0.0,4.386364761430005,0.0,0.573261234076193,0.6654749507501576,2.0662143384092952,0.5561731132019411,0,,False,being_overtaken,20,0.0,False,0.0,tier_b,B-11-04,224,basin,off,nc
model,being_overtaken,9.328713025918816,1.700483358405682,7.310556981282541,,False,,goal,False,False,43,115.99001625188042,-23.792359541665533,0,0,0,14,0,0.0,0.0,0.0,5.874656676954452,0.0,0.5670551051450579,0.6668439923422822,1.9268409069869972,0.3472962625298051,0,,False,being_overtaken,24,0.0,False,0.0,tier_b,B-11-05,225,basin,off,nc
model,being_overtaken,9.452026588751458,1.680421345776952,-8.856849843423404,,False,,goal,False,False,44,111.29667403524348,-22.01779583794359,0,0,0,10,0,0.0,0.0,0.0,5.436492799492244,0.0,0.5723595078223337,0.7268289228000373,1.7093684309287438,0.2245858563709521,0,,False,being_overtaken,21,0.0,False,0.0,tier_b,B-11-06,226,basin,off,nc
model,being_overtaken,9.202024764188364,1.56702171598217,7.263154250248537,,False,,goal,False,False,46,94.99439930652044,-34.50080640406395,0,0,0,9,0,0.0,0.0,0.0,8.518717630633075,0.0,0.5304914336028066,0.706410101690579,2.0306498410088545,0.324222896914754,0,,False,being_overtaken,22,0.0,False,0.0,tier_b,B-11-07,227,basin,off,nc
model,being_overtaken,9.205580976620242,1.969239954635124,8.024768894352754,,False,,goal,False,False,42,108.76122409794502,-10.7947127943863,0,0,0,6,0,0.0,0.0,0.0,2.6653611837990865,0.0,0.5790936816628618,0.8141451841449362,2.483606235389232,0.449222268989851,0,,False,being_overtaken,20,0.0,False,0.0,tier_b,B-11-08,228,basin,off,nc
model,being_overtaken,9.316795130165278,1.714406399088104,-3.420953533593877,,False,,goal,False,False,46,114.18042801343194,-15.583600052805853,0,0,0,10,0,0.0,0.0,0.0,3.847802482174284,0.0,0.5339393427999011,0.6506479247860374,2.397800593078772,0.736434562279692,0,,False,being_overtaken,20,0.0,False,0.0,tier_b,B-11-09,229,basin,off,nc
model,being_overtaken,9.200443326565946,1.457454310852382,-0.08477589960005,,False,,goal,False,False,46,94.69948053418128,-32.69856676843198,0,0,0,7,0,0.0,0.0,0.0,8.073720189736292,0.0,0.5360130053486042,0.7371693841042305,1.3899438451451651,0.2534013220286373,0,,False,being_overtaken,17,0.0,False,0.0,tier_b,B-11-10,230,basin,off,nc
model,being_overtaken,9.206488158792665,1.249139189269402,-1.8360824900204664,,False,,goal,False,False,46,100.8695940886577,-23.077700428923286,0,0,0,6,0,0.0,0.0,0.0,5.698197636771182,0.0,0.5330577243461104,0.6303026459268765,1.956411907762063,0.9467236379360952,0,,False,being_overtaken,18,0.0,False,0.0,tier_b,B-11-11,231,basin,off,nc
model,being_overtaken,9.201817379891112,1.5868221001976754,-6.447278365339926,,False,,goal,False,False,48,95.39588835200104,-23.226252306724348,0,0,0,19,0,0.0,0.0,0.0,5.734877112771444,0.0,0.5085948788499538,0.6369095554510477,2.9171374081137955,1.04423043062308,0,,False,being_overtaken,21,0.0,False,0.0,tier_b,B-11-12,232,basin,off,nc
model,being_overtaken,9.265928733697365,1.914901801590538,7.536306606785324,,False,,goal,False,False,44,118.93946712215364,-17.515848269826385,0,0,0,8,0,0.0,0.0,0.0,4.324900807364539,0.0,0.5520889614979092,0.6505652854015072,2.1652481348563715,0.4557456237615102,0,,False,being_overtaken,18,0.0,False,0.0,tier_b,B-11-13,233,basin,off,nc
model,being_overtaken,9.207812378871468,1.6182907081800413,-6.38840641167887,,False,,goal,False,False,43,73.30351951017977,-47.92280427555223,0,0,0,12,0,0.0,0.0,0.0,11.8327911791487,0.0,0.5600881134034515,0.8389781480105691,1.2563700580144204,0.2232607087154349,0,,False,being_overtaken,22,0.0,False,0.0,tier_b,B-11-14,234,basin,off,nc
model,being_overtaken,9.21108669976416,1.9390273205707047,-4.564300457657893,,False,,goal,False,False,53,37.36799795449344,-19.673502852236705,0,0,0,7,0,0.0,0.0,0.0,4.857655025243632,0.0,0.4727339887108556,0.7887656286731018,1.4149779187205476,0.4366087886806735,0,,False,being_overtaken,17,0.0,False,0.0,tier_b,B-11-15,235,basin,off,nc
model,being_overtaken,9.221168572677229,1.4296023952972596,5.560865880555664,,False,,goal,False,False,48,96.7441156713576,-25.66564740221305,0,0,0,8,0,0.0,0.0,0.0,6.337196889435322,0.0,0.5060483439218324,0.612570207727587,1.872336919654451,0.7764464221981908,0,,False,being_overtaken,18,0.0,False,0.0,tier_b,B-11-16,236,basin,off,nc
model,being_overtaken,9.414002768205252,1.934871513123896,-1.7154115817046645,,False,,goal,False,False,46,108.64216225097356,-20.898698394852957,0,0,0,15,0,0.0,0.0,0.0,5.160172443173569,0.0,0.545673726180423,0.6671727968107586,2.930110909390598,0.9124980152163708,0,,False,being_overtaken,15,0.0,False,0.0,tier_b,B-11-17,237,basin,off,nc
model,being_overtaken,9.238161656216224,1.8510050629498669,-9.69042242316346,,False,,goal,False,False,48,112.25708877909742,-10.604592690638034,0,0,0,6,0,0.0,0.0,0.0,2.6184179483056877,0.0,0.5114890521131296,0.6449844043713635,2.3539877580688446,0.7757491588824124,0,,False,being_overtaken,16,0.0,False,0.0,tier_b,B-11-18,238,basin,off,nc
model,being_overtaken,9.203283790009095,1.976876814721316,4.232526013512521,,False,,goal,False,False,41,119.1277334525196,-17.40076565471424,0,0,0,10,0,0.0,0.0,0.0,4.296485346843022,0.0,0.5861668414195871,0.7240958389015839,2.341429363423487,0.4243537877410482,0,,False,being_overtaken,18,0.0,False,0.0,tier_b,B-11-19,239,basin,off,nc
model,,9.30488348176209,9.029598896143826,4.158090470612009,,,,goal,False,False,68,30.48149764620153,-1.683004293702037,0,0,3,0,0,0.0,0.0,0.4675011926950103,0.0,0.0,0.5836963731213761,0.8397010664729879,8.953403526951792,1.3250075761903264,0,,False,overtaking,4,0.0,False,0.0,tier_b,B-12-00,240,basin,off,cv
model,,9.2012073397275,12.46016934480864,8.413048248032709,,,,goal,False,False,61,79.06839953834869,0.0,0,0,0,0,0,0.0,0.0,0.0,0.0,0.0,0.6530983397802973,0.8514471872815029,10.717504979783884,2.05544417062767,0,,False,never,0,0.0,False,0.0,tier_b,B-12-01,241,basin,off,cv
model,,9.240832309787862,8.327858718555156,-8.618871375233892,,,,goal,False,False,71,137.45639007650303,0.0,0,0,0,0,0,0.0,0.0,0.0,0.0,0.0,0.5395254147833983,0.6543186018522209,6.994645680005154,0.7182456841268555,0,,False,never,0,0.0,False,0.0,tier_b,B-12-02,242,basin,off,cv
model,,9.209613430807394,0.4090377056668267,-4.006128619525182,,,,goal,False,False,64,153.97960254502132,0.0,0,0,0,0,0,0.0,0.0,0.0,0.0,0.0,0.5893106238026322,0.6473981346608879,8.342743169207532,0.3686733811796827,0,,False,never,0,0.0,False,0.0,tier_b,B-12-03,243,basin,off,cv
model,,9.222222692405213,6.427816235372899,4.135813535926339,,,,goal,False,False,68,131.08588731370074,0.0,0,0,0,0,0,0.0,0.0,0.0,0.0,0.0,0.5591455895668174,0.6793930262485547,8.869511865884219,0.6246025609896201,0,,False,never,0,0.0,False,0.0,tier_b,B-12-04,244,basin,off,cv
model,,9.207109273635014,8.286866095533389,-6.539628900567138,,,,goal,False,False,74,39.42265768744363,0.0,0,0,0,0,0,0.0,0.0,0.0,0.0,0.0,0.5416413660793438,0.8880198019986769,8.463891166216383,1.6530254164176172,0,,False,never,0,0.0,False,0.0,tier_b,B-12-05,245,basin,off,cv
model,,9.211675845089818,0.5917051485899124,-0.737576121396458,,,,goal,False,False,66,82.58195857319558,0.0,0,0,0,0,0,0.0,0.0,0.0,0.0,0.0,0.5933816971491045,0.7494585071672432,7.257508751702466,1.27793436925724,0,,False,never,0,0.0,False,0.0,tier_b,B-12-06,246,basin,off,cv
model,,9.216234127179748,5.343295000181682,-0.1792553045267002,,,,collision:obstacle,True,False,19,-366.2910354406834,0.0,0,0,0,0,0,0.0,0.0,0.0,0.0,0.0,0.5210520876865191,0.6582224144662556,8.083443231869945,0.4678359463829967,0,,False,never,0,0.0,False,0.0,tier_b,B-12-07,247,basin,off,cv
model,,9.247723476290856,8.897409741494434,-9.370052266913786,,,,goal,False,False,68,96.39551389421648,0.0,0,0,0,0,0,0.0,0.0,0.0,0.0,0.0,0.5822021251176852,0.7139086250399913,9.19168614799696,0.9247383713010268,0,,False,never,0,0.0,False,0.0,tier_b,B-12-08,248,basin,off,cv
model,,9.202798325012864,6.174447797492404,1.5770474796407985,,,,goal,False,False,65,150.30512556582687,0.0,0,0,0,0,0,0.0,0.0,0.0,0.0,0.0,0.580456295114916,0.6548636234484891,8.96595655842263,0.4245873889120958,0,,False,never,0,0.0,False,0.0,tier_b,B-12-09,249,basin,off,cv
model,,9.245421973273926,3.218655129061905,4.109816038650964,,,,goal,False,False,69,145.22378715158143,0.0,0,0,0,0,0,0.0,0.0,0.0,0.0,0.0,0.5509614247493108,0.6502864375302746,8.17234063219268,0.5579397979135086,0,,False,never,0,0.0,False,0.0,tier_b,B-12-10,250,basin,off,cv
model,,9.364386760114982,6.942946008668546,3.3036720105717627,,,,goal,False,False,72,-20.761720571544146,0.0,0,0,0,0,0,0.0,0.0,0.0,0.0,0.0,0.5765051209963238,0.7430600764135132,11.326789570028346,2.0269729983615616,0,,False,never,0,0.0,False,0.0,tier_b,B-12-11,251,basin,off,cv
model,,9.42218824429176,3.2108681814983844,-0.0486931849066571,,,,goal,False,False,77,129.34374478782246,0.0,0,0,0,0,0,0.0,0.0,0.0,0.0,0.0,0.5108890450349771,0.6351170646160081,6.396635070248986,0.5101940401473861,0,,False,never,0,0.0,False,0.0,tier_b,B-12-12,252,basin,off,cv
model,,9.211658850794736,9.995008443511558,-5.20652939404465,,,,collision:obstacle,True,False,69,-415.1643733999651,0.0,0,0,0,0,0,0.0,0.0,0.0,0.0,0.0,0.4163207618082764,0.5952681031127401,10.346280647574254,1.7373635150651348,0,,False,never,0,0.0,False,0.0,tier_b,B-12-13,253,basin,off,cv
model,,9.23773615674578,3.081336877306396,-4.5449172070392745,,,,goal,False,False,68,79.93194045321064,-0.1615972103731321,0,0,2,0,0,0.0,0.0,0.0448881139925367,0.0,0.0,0.5771216364565994,0.8647061899027608,9.283503396167802,0.7821148422823251,0,,False,overtaking,5,0.0,False,0.0,tier_b,B-12-14,254,basin,off,cv
model,,9.201136240571582,4.313634398625434,-0.0067703474592111,,,,goal,False,False,62,92.39524412302458,-2.2951802015885487,0,0,3,0,0,0.0,0.0,0.637550055996819,0.0,0.0,0.630536401402415,0.8787403523042975,8.736688687042784,0.9233561556671168,0,,False,overtaking,6,0.0,False,0.0,tier_b,B-12-15,255,basin,off,cv
model,,9.225547056701243,2.858630262586399,-5.1636294285445095,,,,goal,False,False,64,153.50226749490022,0.0,0,0,0,0,0,0.0,0.0,0.0,0.0,0.0,0.5934803768571686,0.6774190871186998,8.67112644216879,0.2995676214163863,0,,False,never,0,0.0,False,0.0,tier_b,B-12-16,256,basin,off,cv
model,,9.376183095992204,9.235585421155369,-5.118675898826918,,,,goal,False,False,69,101.9911959504151,0.0,0,0,0,0,0,0.0,0.0,0.0,0.0,0.0,0.5703657143864385,0.727642398020292,8.93614378606132,1.3656462562476652,0,,False,never,0,0.0,False,0.0,tier_b,B-12-17,257,basin,off,cv
model,,9.230167988731292,8.505493054128213,9.616393634029189,,,,goal,False,False,67,106.19187598305638,0.0,0,0,0,0,0,0.0,0.0,0.0,0.0,0.0,0.6022016448133777,0.7486575120510799,8.837344009294608,1.6755506503813993,0,,False,never,0,0.0,False,0.0,tier_b,B-12-18,258,basin,off,cv
model,,9.201400279328713,4.479439535546382,-7.028370133961028,,,,goal,False,False,66,105.65925718193526,0.0,0,0,0,0,0,0.0,0.0,0.0,0.0,0.0,0.5839543961571805,0.7409293756826232,5.680437384205083,1.4405387465161432,0,,False,never,0,0.0,False,0.0,tier_b,B-12-19,259,basin,off,cv
model,head_on,7.792846914849714,0.0093143672867632,172.92164482322224,,,,goal,False,False,66,42.53279458181961,-79.18467479688731,20,0,24,0,8,9.085539059551545,0.0,7.376294766378903,0.0,1.701465620698477,0.5809231180943712,0.7256332984779288,1.477279864367437,1.0017549869441198,0,,False,head_on,24,0.0,False,0.0,tier_b,B-13-00,260,channel-wide,off,cv
model,head_on,7.790294836557913,0.3752576619067185,184.77878356541345,,,,goal,False,False,57,34.5877381538657,-8.92371183619418,6,2,0,0,4,1.396485975040055,0.0568033028121627,0.0,0.0,0.3844288690723786,0.6859382883081634,0.9372862469955544,2.7591409838340835,1.7832944309966718,0,,False,crossing,7,0.0,False,0.0,tier_b,B-13-01,261,channel-wide,off,cv
model,head_on,9.637295055006769,1.3278886192114847,171.2735525454521,,,,goal,False,False,62,119.21776699260344,-29.796810270216007,10,0,2,0,5,4.827659880700889,0.0,0.4616061102735284,0.0,0.9418026363915346,0.6178505940369293,0.7983146146714141,2.0760357235119864,0.4073444537057427,0,,False,head_on,23,0.0,False,0.0,tier_b,B-13-02,262,channel-wide,off,cv
model,head_on,8.43255833217449,1.141603265464577,187.85806553712405,,,,goal,False,False,62,101.74402638390424,-3.6444440292377807,5,0,0,0,0,0.7362513190379355,0.0,0.0,0.0,0.0,0.624338803753145,0.7954585406969953,3.351248094411704,1.4776571131348557,0,,False,crossing,6,0.0,False,0.0,tier_b,B-13-03,263,channel-wide,off,cv
model,head_on,9.698800759156418,1.629095683209738,182.12356767063324,,,,goal,False,False,63,-122.88616137507024,-8.714173569060812,8,2,0,0,1,1.6573440205897243,0.0491910443826643,0.0,0.0,0.0592944438772195,0.6327695750779956,0.8832459886574756,3.758024124036254,1.8670334456290136,0,,False,crossing,20,0.0,False,0.0,tier_b,B-13-04,264,channel-wide,off,cv
model,head_on,10.306978625787393,1.7045079492164317,170.20835134101517,,,,goal,False,False,61,64.36117123416773,-44.09892359218264,7,0,26,0,17,0.3734707000862719,0.0,9.400986097411389,0.0,1.8681541502387973,0.619144564882065,0.9221496326992644,2.1517698799666785,0.3258049360257342,0,,False,head_on,26,0.0,False,0.0,tier_b,B-13-05,265,channel-wide,off,cv
model,head_on,8.200239072263525,1.0043922090426631,188.73896204479345,,,,goal,False,False,61,86.68126828035417,-48.75908141213304,16,0,28,0,7,3.0135041619331204,0.0,8.75783119815316,0.0,0.5142318882694932,0.6186222936457567,0.7596123483082791,2.446223177148177,0.861177736856555,0,,False,head_on,28,0.0,False,0.0,tier_b,B-13-06,266,channel-wide,off,cv
model,head_on,7.868583456524304,0.7789071391158584,177.23586641605198,,,,goal,False,False,60,99.75670548079728,0.0,0,0,0,0,0,0.0,0.0,0.0,0.0,0.0,0.6523741493927402,0.8217982180452367,2.674500523786329,1.4125340223430762,0,,False,never,0,0.0,False,0.0,tier_b,B-13-07,267,channel-wide,off,cv
model,head_on,9.189822531901148,1.1385031740092308,183.54460886108745,,,,collision:target,True,True,28,-304.09235352214074,-21.29672106136313,4,0,16,0,5,1.511049128933849,0.0,2.803020935951477,0.0,0.8280338897145019,0.5871757953108573,0.6776756994634039,1.0090410378969616,0.7908097108660088,0,,False,head_on,23,0.0,False,0.0,tier_b,B-13-08,268,channel-wide,off,cv
model,head_on,8.153023511935245,0.1361963975488709,170.06855478210497,,,,goal,False,False,59,-0.6697746918251539,-100.67115657627156,23,0,24,0,13,12.308023147301547,0.0,7.868112156187299,0.0,2.5380529410788024,0.6493492878887664,0.8368288689562999,1.831524439149249,1.2998328637895502,0,,False,head_on,25,0.0,False,0.0,tier_b,B-13-09,269,channel-wide,off,cv
model,head_on,7.270085390108681,0.7728161262860731,179.09089019027329,,,,goal,False,False,58,80.42883131353224,-46.79864510544537,15,0,5,0,8,7.083577254688304,0.0,0.7198198204862263,0.0,2.031908075775076,0.6621873315291642,0.9672891692894772,1.7198967647475851,0.4827127376307403,0,,False,head_on,22,0.0,False,0.0,tier_b,B-13-10,270,channel-wide,off,cv
model,head_on,9.06813582871718,1.1137334799026584,174.73030194178168,,,,goal,False,False,62,104.8758368404663,-34.90210316532836,12,0,1,0,7,5.6128146550724605,0.0,0.0582997320586203,0.0,1.5352870194019212,0.6213619270331977,0.8692027604768341,2.1446220458328,0.5368984212761915,0,,False,head_on,22,0.0,False,0.0,tier_b,B-13-11,271,channel-wide,off,cv
model,head_on,8.918840375646077,0.1260595920225684,188.6229728218304,,,,goal,False,False,64,93.36324837966048,-37.53081572810142,13,0,25,0,0,1.77556539128012,0.0,7.983824178129118,0.0,0.0,0.5911214558549971,0.6902159503183658,1.51835178962329,1.0920092756891235,0,,False,head_on,25,0.0,False,0.0,tier_b,B-13-12,272,channel-wide,off,cv
model,head_on,7.636599559181045,0.3651535901678837,172.88190679872173,,,,goal,False,False,62,42.76077641080915,-72.09606330253096,23,0,26,0,8,6.835791708188325,0.0,9.275486017455703,0.0,1.0815877075907183,0.6153716071844443,0.7727012461470772,2.17841220782313,1.1531788029046386,0,,False,head_on,26,0.0,False,0.0,tier_b,B-13-13,273,channel-wide,off,cv
model,head_on,9.222816271048146,0.9878604659530814,182.72415701983988,,,,goal,False,False,62,106.81497150089623,-14.15672612205651,6,0,24,0,0,0.0991191474211032,0.0,3.7961350950894586,0.0,0.0,0.6225157448480921,0.7689656164957352,3.3762314987570217,1.5023283400692875,0,,False,head_on,24,0.0,False,0.0,tier_b,B-13-14,274,channel-wide,off,cv
model,head_on,8.359682333023628,0.2137344018169236,176.57058070091435,,,,goal,False,False,58,85.06466891555907,-38.26725397907815,13,0,7,0,7,5.764585563506571,0.0,1.5650871785238512,0.0,0.9107203548966116,0.6637005274862238,0.9558423419075284,1.5948038099393391,0.690372321314654,0,,False,head_on,25,0.0,False,0.0,tier_b,B-13-15,275,channel-wide,off,cv
model,head_on,9.904129972420815,0.7418034567997758,173.56514030665667,,,,goal,False,False,58,73.24393771824816,-33.61750424575191,10,0,23,0,2,1.5668429430835529,0.0,7.102886892652785,0.0,0.0647197475418419,0.6696851373101269,0.8540500361176333,2.5864672741966235,1.5320542637341268,0,,False,head_on,23,0.0,False,0.0,tier_b,B-13-16,276,channel-wide,off,cv
model,head_on,8.958716390466178,1.2897092942477535,189.37937031159944,,,,goal,False,False,60,77.66741047223638,-27.05777422849596,7,0,3,0,7,4.180725475053113,0.0,0.351506988449858,0.0,1.1328351041252358,0.6617662936302309,0.9190275793084648,2.7856185837496485,0.8833561185627203,0,,False,head_on,23,0.0,False,0.0,tier_b,B-13-17,277,channel-wide,off,cv
model,head_on,7.612956603081886,1.5173877853956683,177.20450553536722,,,,goal,False,False,62,-131.99356995998028,-25.06006121106657,24,0,15,0,0,3.9507929349838897,0.0,1.528787828582311,0.0,0.0,0.655050782785784,0.7918203927036028,4.019471507374498,2.3269441337508967,0,,False,head_on,24,0.0,False,0.0,tier_b,B-13-18,278,channel-wide,off,cv
model,head_on,7.940595754622528,1.9516769861004355,179.43432823982928,,,,goal,False,False,57,51.16790483548456,-16.217093178121893,7,0,2,0,3,2.563163575662771,0.0,0.6525244424200826,0.0,0.2622989968619729,0.7210744576740331,0.9893880806191858,3.208695576033042,1.592384327850057,0,,False,head_on,24,0.0,False,0.0,tier_b,B-13-19,279,channel-wide,off,cv
model,head_on,10.046262025748751,0.4451395945221037,181.3728520836446,,,,goal,False,False,62,5.110706209764871,-24.445617317084125,5,0,13,0,4,1.1650775861847005,0.0,4.33687658009169,0.0,0.681272794919949,0.638890806845041,0.8609945946118404,1.6182528517845716,2.276097464520466,0,,False,head_on,13,0.0,False,0.0,tier_b,B-14-00,280,channel-wide,off,re
model,head_on,8.783928901695827,1.557619163836761,186.13833543030512,,,,goal,False,False,64,95.07708795123531,-38.24356091969775,21,0,25,0,1,3.480213776239927,0.0,5.816480462946988,0.0,0.0171495690446563,0.6014836197940859,0.7130406520299044,3.2080682660617588,1.0753493003854924,0,,False,head_on,26,0.0,False,0.0,tier_b,B-14-01,281,channel-wide,off,re
model,head_on,8.771256109531745,0.8560836946954598,187.63388114081303,,,,goal,False,False,60,106.34006995082235,-0.5847823069793973,4,0,0,0,0,0.1181378397938176,0.0,0.0,0.0,0.0,0.6448328432487479,0.8250290013367007,3.0651346159784416,1.4328256844632388,0,,False,crossing,7,0.0,False,0.0,tier_b,B-14-02,282,channel-wide,off,re
model,head_on,8.108656582497455,1.90952125055403,172.86253639642985,,,,collision:target,True,True,32,-356.93135716668155,-35.45703766422184,17,0,0,0,2,6.815398637214255,0.0,0.0,0.0,0.3824032022247291,0.4378097960961223,0.7165499464837751,1.9345943424475025,1.1066321295295107,0,,False,crossing,23,1.0,True,0.0,tier_b,B-14-03,283,channel-wide,off,re
model,head_on,7.87736022585243,1.9480692299567948,176.1474985629072,,,,collision:target,True,True,23,-308.3020516420888,-10.218964360700657,6,0,8,0,2,0.8790601012999996,0.0,0.72475281626559,0.0,0.7241126046021193,0.5870827140010421,0.6894917746403076,1.887408387287148,1.1362784888055284,0,,False,head_on,12,0.0,False,0.0,tier_b,B-14-04,284,channel-wide,off,re
model,head_on,9.730265851586946,0.871152846557109,181.4597367699919,,,,goal,False,False,62,103.22271100471092,-35.78865596764947,10,0,5,0,6,5.498656417795461,0.0,1.2415687318782138,0.0,0.9112576144000828,0.620980406341597,0.8700290325228619,1.8364295135700672,0.4890090006612308,0,,False,head_on,24,0.0,False,0.0,tier_b,B-14-05,285,channel-wide,off,re
model,head_on,9.814197641549516,1.2814564500724512,172.96623103734285,,,,goal,False,False,65,97.11851440049782,-42.711266968960565,12,0,23,0,13,1.4280620216305584,0.0,8.049312106725576,0.0,1.4810747505949389,0.5831810732106328,0.7203398292324525,2.4153189778013378,0.7885435705506707,0,,False,head_on,23,0.0,False,0.0,tier_b,B-14-06,286,channel-wide,off,re
model,head_on,8.608484922678755,0.3032240255117304,189.35852085396937,,,,goal,False,False,68,93.00624359455172,-37.41582966112465,15,0,25,0,4,1.822142220003393,0.0,7.597457355783241,0.0,0.2323064869529287,0.5628251442463288,0.6536597248999524,1.4499963848679425,0.8701606554726536,0,,False,head_on,26,0.0,False,0.0,tier_b,B-14-07,287,channel-wide,off,re
model,head_on,8.792057265376059,1.6634387974833196,175.3500319148207,,,,goal,False,False,65,112.63569108250664,-15.345707384778825,9,0,24,0,0,0.4717521104485893,0.0,3.614037343905085,0.0,0.0,0.592639448492488,0.7176573098678115,3.57432308649218,1.2324921527654165,0,,False,head_on,25,0.0,False,0.0,tier_b,B-14-08,288,channel-wide,off,re
model,head_on,8.491232314553665,0.0952808061683907,189.52258483651065,,,,goal,False,False,65,73.61720948099425,-58.0052556004009,18,0,19,0,11,4.802438197319542,0.0,5.945509345276826,0.0,2.8509673068161345,0.589900624053797,0.717356687896214,1.537054652936843,0.8863239845502571,0,,False,head_on,19,0.0,False,0.0,tier_b,B-14-09,289,channel-wide,off,re
model,head_on,9.936691639691386,1.4075018825986154,189.3811274125535,,,,goal,False,False,63,117.51162618365224,-25.14561425346572,7,0,7,0,5,3.772785897591985,0.0,1.056621882294565,0.0,0.5925522853611015,0.6171156954625688,0.8358162327565716,2.212734519993004,0.5975627935143877,0,,False,head_on,24,0.0,False,0.0,tier_b,B-14-10,290,channel-wide,off,re
model,head_on,8.787367639877006,0.0794076464327626,179.28594556903266,,,,goal,False,False,61,57.56133575625376,-36.06946781372055,12,0,15,0,9,2.3499978815328126,0.0,5.423267262163583,0.0,1.0918258125209377,0.6359493249487399,0.8072775220174286,2.308800903990021,1.735263438673574,0,,False,head_on,15,0.0,False,0.0,tier_b,B-14-11,291,channel-wide,off,re
model,head_on,7.956813656684488,1.9394827565656017,170.7891224573258,,,,goal,False,False,58,77.93883920404797,0.0,0,0,0,0,0,0.0,0.0,0.0,0.0,0.0,0.6755890492229947,0.9090712566910212,3.969514668967068,1.5993061225654006,0,,False,never,0,0.0,False,0.0,tier_b,B-14-12,292,channel-wide,off,re
model,head_on,9.702351115013112,0.9176201637484456,179.05531621172736,,,,goal,False,False,62,112.71140743528176,-23.49155696171997,13,0,3,0,4,3.896991549684844,0.0,0.8330642751220986,0.0,0.2672038667423189,0.6250447591778188,0.8575022032115635,2.3618566825913447,0.7811748780841872,0,,False,head_on,28,0.0,False,0.0,tier_b,B-14-13,293,channel-wide,off,re
model,head_on,8.591605754365338,0.616774546963468,188.49498024389715,,,,goal,False,False,65,-71.63459871721024,-110.46941187841574,24,0,29,0,20,13.889696010653845,0.0,5.758282275310128,0.0,4.6634667632361655,0.5959320597993186,0.9358141384858494,1.1226947308513968,1.0030748039940736,0,,False,head_on,32,0.0,False,0.0,tier_b,B-14-14,294,channel-wide,off,re
model,head_on,9.01519041646922,1.0682554610688233,173.91335742545994,,,,goal,False,False,62,98.09533320898224,-29.725468000393544,7,0,21,0,1,1.28129367613962,0.0,6.427596472310106,0.0,0.0541593340413413,0.611463385611175,0.7364815181741252,2.6794846941593438,1.1867073930599117,0,,False,head_on,21,0.0,False,0.0,tier_b,B-14-15,295,channel-wide,off,re
model,head_on,8.776509822800241,0.8412385996831719,173.19211443302896,,,,goal,False,False,56,63.77511940626912,-15.076154223510168,7,0,0,0,5,2.204962665252543,0.0,0.0,0.0,0.9247975623355736,0.7151166392275561,0.8981649755790695,2.54554732308605,1.1665241590576811,0,,False,head_on,19,0.0,False,0.0,tier_b,B-14-16,296,channel-wide,off,re
model,head_on,9.854378305716526,1.3103197490672986,183.1837133480428,,,,goal,False,False,63,121.31792034973,-21.568908161084355,12,0,0,0,6,2.8198769520027342,0.0,0.0,0.0,1.6912260552601817,0.6122463444922035,0.8265373733400041,2.31560457483608,0.6067192232665767,0,,False,head_on,23,0.0,False,0.0,tier_b,B-14-17,297,channel-wide,off,re
model,head_on,9.307574720970852,1.0768083362737235,184.25135745509164,,,,goal,False,False,59,110.2344801712036,-19.701385028262745,7,0,6,0,5,2.4771683690979,0.0,0.9460055174958416,0.0,0.8963959418318023,0.6490956455680349,0.9316472078564624,1.840613992701064,0.5127209251274638,0,,False,head_on,21,0.0,False,0.0,tier_b,B-14-18,298,channel-wide,off,re
model,head_on,9.201640768341765,0.5124768099295549,180.2496258584517,,,,goal,False,False,62,69.01168491644408,-54.704152866268565,17,0,22,0,9,4.629077031388858,0.0,7.7483905322732785,0.0,0.86578125437998,0.6211282584983314,0.7135918590778014,2.31076342509172,1.1686796859797175,0,,False,head_on,22,0.0,False,0.0,tier_b,B-14-19,299,channel-wide,off,re
model,head_on,9.079706825187085,0.519023800112753,188.37778465688257,,,,goal,False,False,57,67.5028573797862,-29.006013197245988,11,0,8,0,9,3.560119313387465,0.0,1.3875749542241416,0.0,1.4195895023935825,0.7076250965410014,0.9428435562921968,1.4607592334973811,1.190556457739824,0,,False,head_on,23,0.0,False,0.0,tier_b,B-15-00,300,channel-wide,off,nc
model,head_on,9.054501784463682,0.604838046659889,178.34993262325384,,,,goal,False,False,65,67.65738373136621,-46.7648269835521,14,0,25,0,8,3.0659997628617406,0.0,7.640299263156212,0.0,0.9073446244498038,0.5939600125327488,0.750481450218062,1.4259386377191838,1.326187524035981,0,,False,head_on,25,0.0,False,0.0,tier_b,B-15-01,301,channel-wide,off,nc
model,head_on,9.678263618970249,1.1269116382224869,178.83102400407796,,,,goal,False,False,61,77.03381069503212,-23.37216298086484,11,0,19,0,1,1.6109142485597203,0.0,4.247683318714663,0.0,0.0236616673603191,0.644926489365702,0.8404477568513207,3.2184637180216926,1.8354482829671623,0,,False,head_on,19,0.0,False,0.0,tier_b,B-15-02,302,channel-wide,off,nc
model,head_on,9.750160062042406,0.219946398246805,172.62122033320705,,,,goal,False,False,61,90.1663369550646,-36.070020060349805,8,0,10,0,7,4.364774683503822,0.0,1.9243488294575253,0.0,1.6748287979908427,0.6358467364538772,0.9444669706239376,1.2189556905697432,0.8451520487063084,0,,False,head_on,21,0.0,False,0.0,tier_b,B-15-03,303,channel-wide,off,nc
model,head_on,8.137140310265712,1.1922231970902744,189.96301610170923,,,,goal,False,False,61,92.66084329469749,-4.920783336045156,10,0,0,0,0,0.994097643645486,0.0,0.0,0.0,0.0,0.6339217122774422,0.8420034397135061,3.3279019162395778,1.3311346330852796,0,,False,crossing,25,0.0,False,0.0,tier_b,B-15-04,304,channel-wide,off,nc
model,head_on,9.677816338145249,1.8144001286116345,187.3472883444425,,,,goal,False,False,65,133.12420452613225,-7.655230869605721,12,0,0,0,1,1.5267575827388762,0.0,0.0,0.0,0.021729074455174,0.5904078611209733,0.7337684167482296,3.308252077741076,0.8926873387993687,0,,False,crossing,26,0.0,False,0.0,tier_b,B-15-05,305,channel-wide,off,nc
model,head_on,8.415483015006048,0.2827822953860239,176.25206878577902,,,,goal,False,False,60,73.37090967898094,-60.588096656065765,15,0,10,0,7,9.80436016820403,0.0,1.9065354853709773,0.0,1.1539969058045103,0.6424102708334785,0.8875427549208781,1.41353323549651,0.5270488402968504,0,,False,head_on,26,0.0,False,0.0,tier_b,B-15-06,306,channel-wide,off,nc
model,head_on,10.484191664882571,0.8592002649653392,173.97318650021955,,,,goal,False,False,59,78.48419695945908,-29.553654181180693,9,0,5,0,6,4.552091577691364,0.0,1.0630273639325811,0.0,0.7097560803224773,0.6767424737520676,0.9540559998576424,1.7778162404262554,1.5135506507406702,0,,False,head_on,25,0.0,False,0.0,tier_b,B-15-07,307,channel-wide,off,nc
model,head_on,9.709412657304313,1.8051650223510651,187.30059723641625,,,,goal,False,False,62,95.53318354825198,-2.0186070350985443,8,0,0,0,0,0.4077994010300089,0.0,0.0,0.0,0.0,0.6288947482388855,0.8351385117503077,4.072571368496593,1.769243082495754,0,,False,crossing,22,0.0,False,0.0,tier_b,B-15-08,308,channel-wide,off,nc
model,head_on,7.661693556977207,1.7170723371184666,185.38442459579767,,,,goal,False,False,62,105.78925262134754,-15.09951130317186,14,0,21,0,0,1.3647932178851574,0.0,2.317718020733426,0.0,0.0,0.6217012948004402,0.7713574970356467,3.5575030518954085,1.0890624745169386,0,,False,head_on,26,0.0,False,0.0,tier_b,B-15-09,309,channel-wide,off,nc
model,head_on,8.66214033771933,0.3074212607734878,183.28425074756333,,,,goal,False,False,60,97.3369520727664,-31.245440836474224,12,0,5,0,5,4.770152437036071,0.0,0.7948312303103394,0.0,1.0603986320063226,0.6412528469561658,0.9555089850679144,1.787151115579876,0.8368479258885443,0,,False,head_on,24,0.0,False,0.0,tier_b,B-15-10,310,channel-wide,off,nc
model,head_on,8.353874589102995,1.126447716544327,176.3075853465309,,,,goal,False,False,62,103.371766630344,-32.216880965008855,6,0,23,0,2,0.6992258885143863,0.0,7.96232779354176,0.0,0.0202961689138468,0.6113925341730848,0.7052267056644953,2.4068569154999477,0.8364935672028135,0,,False,head_on,23,0.0,False,0.0,tier_b,B-15-11,311,channel-wide,off,nc
model,head_on,8.505870797582359,1.3381262906128648,172.27865806875414,,,,goal,False,False,59,111.90754806859782,-19.33152298540661,6,0,0,0,4,3.3059624578991533,0.0,0.0,0.0,0.6593352930679567,0.6419137458612248,0.822711939673181,1.3499970378770223,0.2154125030084242,0,,False,crossing,13,1.0,True,0.0,tier_b,B-15-12,312,channel-wide,off,nc
model,head_on,8.124942263504181,0.4091321738184257,185.1998700532474,,,,collision:obstacle,True,False,48,-386.08696583359045,-30.20590962041114,11,1,0,0,5,5.600517402146669,0.002395415432591,0.0,0.0,0.5492202607541798,0.6395333965921496,0.8960716085914419,2.386625859702725,2.2892140759211457,0,,False,crossing,12,0.0,False,0.0,tier_b,B-15-13,313,channel-wide,off,nc
model,head_on,7.738611160238525,0.8300514659476823,176.06913160172437,,,,goal,False,False,55,83.26628800774473,-32.462355371713365,10,0,5,0,6,5.359496641233031,0.0,0.8863359623166503,0.0,0.6093416740599812,0.6954676378353876,1.0090954379303891,1.6907940585581576,0.4924434161495891,0,,False,head_on,24,0.0,False,0.0,tier_b,B-15-14,314,channel-wide,off,nc
model,head_on,8.83633859320105,1.3034973464822712,181.02339764630275,,,,goal,False,False,62,110.55827009387788,-8.76469044397796,5,0,20,0,0,0.149897250600531,0.0,2.2285275148625923,0.0,0.0,0.6280314193882672,0.7642439691586865,3.555671450968148,1.3884388083342316,0,,False,head_on,22,0.0,False,0.0,tier_b,B-15-15,315,channel-wide,off,nc
model,head_on,8.125696325065835,0.2244186990469847,182.13052102261435,,,,goal,False,False,61,83.19601669549237,-41.918870265568856,13,0,7,0,7,6.584461858422545,0.0,1.4405154557823334,0.0,0.91998409456908,0.6398885854069867,0.914424359090916,1.4620558064611515,0.6458333689542128,0,,False,head_on,24,0.0,False,0.0,tier_b,B-15-16,316,channel-wide,off,nc
model,head_on,9.241229655990544,0.4354552237124669,173.04193159748235,,,,goal,False,False,64,80.41205856162168,-49.77395091391207,13,0,22,0,7,3.674637211056032,0.0,7.540180632651222,0.0,0.9866325425867356,0.6038986956055494,0.6997720106473215,2.1999555700266717,1.2212265093541002,0,,False,head_on,22,0.0,False,0.0,tier_b,B-15-17,317,channel-wide,off,nc
model,head_on,10.403539010892306,0.8830717244367781,173.08940635934107,,,,goal,False,False,62,61.07381191700686,-71.0704232807074,25,0,27,0,4,8.91432479212314,0.0,6.896002745785476,0.0,0.4708679277489216,0.6197734346897241,0.7476289518562462,2.862417891751281,1.3592910369319235,0,,False,head_on,27,0.0,False,0.0,tier_b,B-15-18,318,channel-wide,off,nc
model,head_on,8.173054042828321,0.6214605067159544,171.10204104445222,,,,goal,False,False,57,86.46162557527612,-40.530359302751606,13,0,7,0,3,6.756654004204397,0.0,1.5662206479624103,0.0,0.3214505887278136,0.6697607575192559,0.9370368539941516,1.579954477005787,0.4509016614540533,0,,False,head_on,23,0.0,False,0.0,tier_b,B-15-19,319,channel-wide,off,nc
model,crossing,10.07360233021756,0.2831688567220136,129.78078761993967,port,,False,collision:target,True,True,13,-351.9656255185423,-54.18010793558695,8,2,0,0,9,5.928489488054524,0.2370184344790729,0.0,0.0,5.302568261469584,0.478104714951281,0.6204760882931851,1.7767810900549474,0.1075150690067937,0,,False,crossing,9,1.0,True,0.0,tier_b,B-16-00,320,channel-wide,off,cv
model,crossing,9.145448357281952,1.16592953555636,272.1001717312929,starboard,,True,goal,False,False,85,-25.753783051859983,-30.70987604782583,13,1,0,0,2,5.194889124516299,0.4569659936099244,0.0,0.0,0.607376269578003,0.4689060885553587,0.6600413088189233,2.0198631184614624,1.8474422005443252,0,,False,crossing,17,0.0,False,0.0,tier_b,B-16-01,321,channel-wide,off,cv
model,crossing,10.11163070055754,0.7192709724502868,210.94503459620475,starboard,,False,goal,False,False,62,97.92906547576489,-39.36538992489813,12,12,0,0,4,6.713767172144436,0.625321709059498,0.0,0.0,0.6748666584308117,0.6072190312182048,0.8187652196185587,1.3516918636921094,0.4638580320155957,0,,False,crossing,16,0.0,False,0.0,tier_b,B-16-02,322,channel-wide,off,cv
model,crossing,8.733878307021056,2.220450560249402,97.3156784701437,port,,True,collision:obstacle,True,False,51,-388.1964336202861,-1.432970847344757,1,0,0,0,1,0.067880547537805,0.0,0.0,0.0,0.2437693637850272,0.4756063263931313,0.690764044071891,3.780492073955328,2.3692737433356754,0,,False,crossing,14,1.0,True,0.0,tier_b,B-16-03,323,channel-wide,off,cv
model,crossing,8.332075361531635,2.125426802174445,259.66447714591425,starboard,,True,goal,False,False,84,-60.53961162598824,-72.39709579145898,24,1,0,0,2,13.793606732787646,0.6295727220057121,0.0,0.0,0.2227461089404118,0.4655969913083173,0.7250372187812549,3.627562623145028,1.0725648675135016,0,,False,crossing,24,0.0,False,0.0,tier_b,B-16-04,324,channel-wide,off,cv
model,crossing,9.235156223486369,0.0390533829299843,88.96741154614911,port,,True,collision:target,True,True,26,-355.9884052987182,-30.407271516979108,9,4,0,0,6,3.381233321896828,1.9590353214427652,0.0,0.0,0.8828759405440281,0.3784488961572899,0.5447844982177351,1.4014092270167449,0.2712732020491779,0,,False,crossing,22,1.0,True,0.0,tier_b,B-16-05,325,channel-wide,off,cv
model,crossing,8.249147005102213,0.7832681528854559,287.27759588280344,starboard,,True,collision:target,True,True,32,-377.890206356558,-53.71399795443784,19,5,0,0,5,7.981742392406199,2.408095512369421,0.0,0.0,0.5076222946218902,0.4188629404360238,0.6658957163978053,1.557333401982431,0.8373792122758611,0,,False,crossing,28,0.0,False,0.0,tier_b,B-16-06,326,channel-wide,off,cv
model,crossing,8.100117535519196,1.3103315283841674,282.70329751814364,starboard,,True,goal,False,False,89,-30.90024073015768,-43.477190908808,17,2,0,0,2,7.230097853381474,1.5515181716043878,0.0,0.0,0.2092815550038043,0.440017645349944,0.8299293288899456,3.815581275902699,0.9781298910959252,0,,False,crossing,26,0.0,False,0.0,tier_b,B-16-07,327,channel-wide,off,cv
model,crossing,7.649566738855102,2.303622869010253,133.61285712038574,port,,True,collision:target,True,True,19,-322.4893284723767,-22.88471493345217,7,2,0,0,2,3.86172662281836,0.1809529523562772,0.0,0.0,0.6385446747417142,0.5096344342981075,0.6387383797529523,0.9808736217514002,0.7092125003746736,0,,False,crossing,13,1.0,True,0.0,tier_b,B-16-08,328,channel-wide,off,cv
model,crossing,9.161533041610346,0.2249123234310115,113.1289742691578,port,,True,collision:target,True,True,20,-316.6762986059588,-13.4447548011599,8,1,0,0,2,2.038593196224066,0.1174921270830468,0.0,0.0,0.6160294335088191,0.4782001940944934,0.666396153626694,1.385772220487128,0.5247359805128541,0,,False,crossing,16,1.0,True,0.0,tier_b,B-16-09,329,channel-wide,off,cv
model,crossing,7.351746232190597,1.6324019484821193,289.871672036949,starboard,,True,goal,False,False,88,-27.164720388643687,-37.38284679044288,18,4,0,0,3,6.309082063287935,0.9500987814899566,0.0,0.0,0.3222003575094034,0.4430533183171212,0.7564217773129976,3.257508963492141,1.2608217685897252,0,,False,crossing,24,0.0,False,0.0,tier_b,B-16-10,330,channel-wide,off,cv
model,crossing,9.48929092164436,0.2919594041850928,88.27725328897893,port,,False,collision:target,True,True,15,-336.3023988303084,-24.26859474325456,6,2,0,0,2,3.786964038925825,0.615872274992602,0.0,0.0,0.5499011087462987,0.4774881330528326,0.6741080923561568,1.296497352870556,0.4172013275560851,0,,False,crossing,14,1.0,True,0.0,tier_b,B-16-11,331,channel-wide,off,cv
model,crossing,8.80480325262227,1.8771919242344568,262.03166842384206,starboard,,True,goal,False,False,66,76.76760468446231,-45.567553352950014,11,3,0,0,4,7.167049606245997,1.2850192354394308,0.0,0.0,0.8288472414682543,0.5727272624759105,0.7067842343824974,1.8665097898053584,0.6888137625207723,0,,False,crossing,18,0.0,False,0.0,tier_b,B-16-12,332,channel-wide,off,cv
model,crossing,7.994785572329416,1.3604922119831784,241.82061908178017,starboard,,False,goal,False,False,63,113.74970851504642,-23.802400897944217,8,13,0,0,1,2.804336191020893,1.9104655405589317,0.0,0.0,0.1031405170275738,0.607503194017811,0.8253033786489596,1.763471260223519,0.4843620037902454,0,,False,crossing,14,0.0,False,0.0,tier_b,B-16-13,333,channel-wide,off,cv
model,crossing,8.667883026233199,2.422701088097801,266.56161659279724,starboard,,True,goal,False,False,68,-13.058100362307854,-64.42067739244317,20,0,0,0,3,12.174653310269012,0.0,0.0,0.0,0.923587445913678,0.5742881412901683,0.8127377792730509,2.6702258461612045,1.728186964879478,0,,False,crossing,20,0.0,False,0.0,tier_b,B-16-14,334,channel-wide,off,cv
model,crossing,8.059730693714494,0.0979968880218373,242.1416298106393,starboard,,True,collision:target,True,True,19,-345.12050937296493,-44.16546103190271,12,11,0,0,3,6.944393043057364,1.733449296891354,0.0,0.0,0.2689203220347892,0.4514697458686199,0.6266005924619942,1.6343441379885109,0.3951158289083647,0,,False,crossing,17,0.0,False,0.0,tier_b,B-16-15,335,channel-wide,off,cv
model,crossing,8.71138692556929,1.1704759146195878,103.72876565783986,port,,True,goal,False,False,74,1.0413861287680817,-13.778318043417888,5,1,0,0,6,0.9249251248016568,0.4567902956763753,0.0,0.0,1.5419614915670286,0.5397423744596339,0.8174063690685475,1.7790509291177277,1.7021307644172827,0,,False,crossing,17,1.0,True,0.0,tier_b,B-16-16,336,channel-wide,off,cv
model,crossing,8.587531976005327,0.9921840564393224,252.6946982346504,starboard,,True,goal,False,False,66,44.91034489616238,-35.05688383290357,10,5,0,0,3,4.958785754815162,1.6475199811334658,0.0,0.0,0.523482319990637,0.5819164637415571,0.8635546530536433,1.4858824688065109,0.3647010940248463,0,,False,crossing,20,0.0,False,0.0,tier_b,B-16-17,337,channel-wide,off,cv
model,crossing,8.001959152895452,1.1115312163703144,119.62736711684394,port,,True,goal,False,False,65,81.3766547268541,-3.585844747239568,0,0,0,0,3,0.0,0.0,0.0,0.0,0.7968543882754595,0.594249412759189,0.7691875406053834,2.295924958754958,1.4983773787039258,0,,False,crossing,16,1.0,True,0.0,tier_b,B-16-18,338,channel-wide,off,cv
model,crossing,9.03818106617598,2.136903653858805,128.43994679013568,port,,True,collision:target,True,True,17,-318.0787147797367,-19.59562788135212,8,10,0,0,1,2.313005421622248,1.4538574532132904,0.0,0.0,0.2110348113147123,0.5093606334710813,0.6558144691211126,1.0348004610559072,0.5838295102973302,0,,False,crossing,14,1.0,True,0.0,tier_b,B-16-19,339,channel-wide,off,cv
model,crossing,8.176699070625776,1.7662613382689405,280.46385830768315,starboard,,True,collision:obstacle,True,False,79,-494.629479199384,-28.791053559841902,19,1,0,0,3,4.600167379997568,0.9040807898862816,0.0,0.0,0.3433389153148528,0.3283717487685253,0.6180793855918065,2.7986329189474413,2.230918610891174,0,,False,crossing,33,0.0,False,0.0,tier_b,B-17-00,340,channel-wide,off,re
model,crossing,7.900352530104357,0.6140045902488772,273.75358858168704,starboard,,False,collision:target,True,True,21,-330.9608468646405,-23.709227032313677,10,8,0,0,0,2.534687370432239,2.2550554643786045,0.0,0.0,0.0,0.4405385957156931,0.6392604104195583,1.4930741286108786,0.3314235989050274,0,,False,crossing,19,0.0,False,0.0,tier_b,B-17-01,341,channel-wide,off,re
model,crossing,8.792580833562003,2.359906981396368,143.56195893416566,port,,True,collision:obstacle,True,False,46,-370.0296136365448,-7.751045874041299,3,1,0,0,1,1.3782947096187992,0.0453731652810275,0.0,0.0,0.1564199762860349,0.5404827133441817,0.6558409587513147,1.3383049405858611,2.018931510983065,0,,False,crossing,14,1.0,True,0.0,tier_b,B-17-02,342,channel-wide,off,re
model,crossing,7.541630622185718,0.9429538648807224,287.9471384935,starboard,,True,goal,False,False,85,-40.78178927026112,-35.86009298942903,13,4,0,0,3,4.5598118315772656,2.591336870241157,0.0,0.0,0.102645981206185,0.4832077933239184,0.8820550938853815,2.517522263336918,1.2395434001722945,0,,False,crossing,31,0.0,False,0.0,tier_b,B-17-03,343,channel-wide,off,re
model,crossing,8.846401750792571,0.7378615259052235,70.12711432585569,port,,True,goal,False,False,76,-22.219647926043805,-24.16052534836981,0,7,0,0,6,0.0,3.873377106175096,0.0,0.0,1.108290816178461,0.5182096401648684,0.7764007847262471,1.737091756988154,1.1308939823004227,0,,False,crossing,16,1.0,True,0.0,tier_b,B-17-04,344,channel-wide,off,re
model,crossing,8.09999716588025,0.0399209846579198,93.94729219073326,port,,False,collision:target,True,True,19,-365.1348454201925,-55.49241566334516,11,6,0,0,1,9.195665042709402,1.7171066410871836,0.0,0.0,0.3275990730115674,0.4649250079542022,0.6722647111174944,1.3163787503958746,0.4821508814515693,0,,False,crossing,17,1.0,True,0.0,tier_b,B-17-05,345,channel-wide,off,re
model,crossing,9.212393153438978,0.7826621389568598,81.2147840019835,port,,True,goal,False,False,73,61.94188925069474,-5.577995138380994,0,1,0,0,3,0.0,0.4940509371289034,0.0,0.0,0.6960984443539826,0.5376313210756548,0.8048847699975649,2.2162688854466066,1.7410201631492728,0,,False,crossing,15,1.0,True,0.0,tier_b,B-17-06,346,channel-wide,off,re
model,crossing,9.82271548251163,1.136175349877375,232.0485996055878,starboard,,False,goal,False,False,62,73.54750007047559,-39.577865637888166,11,13,0,0,6,5.3956465117189785,1.3203320472385611,0.0,0.0,1.4075048380107438,0.62950010156754,0.8275459630785765,2.166301530826184,1.290125695172166,0,,False,crossing,13,0.0,False,0.0,tier_b,B-17-07,347,channel-wide,off,re
model,crossing,9.595178869840366,0.906587203680923,229.01463311657747,starboard,,False,collision:target,True,True,22,-390.7982475433515,-85.6378153885323,19,17,0,0,17,11.377991230978443,2.405536510410819,0.0,0.0,3.868745126367876,0.4355073528274973,0.5518635234061628,1.2563367657347564,0.503968923223315,0,,False,crossing,19,0.0,False,0.0,tier_b,B-17-08,348,channel-wide,off,re
model,crossing,9.76798383615542,0.7502927866738582,290.1052943010978,starboard,,True,goal,False,False,80,23.070150652454146,-35.115794711309775,13,0,0,0,5,6.351884434939266,0.0,0.0,0.0,0.8164370574134238,0.4810194168792535,0.6765672407176462,2.0862728317769057,1.23362199847889,0,,False,crossing,19,0.0,False,0.0,tier_b,B-17-09,349,channel-wide,off,re
model,crossing,8.88334654986449,1.0439868472647476,285.1651307467794,starboard,,True,collision:target,True,True,23,-342.71752350529886,-30.30473540713788,8,2,0,0,4,3.720498398671976,1.4321662100048065,0.0,0.0,1.2403372381431803,0.43334079294287,0.6214225517487779,1.8362756565661773,0.3206838392590052,0,,False,crossing,14,0.0,False,0.0,tier_b,B-17-10,350,channel-wide,off,re
model,crossing,8.113287058489254,0.5467918540043817,100.41428502966212,port,,True,goal,False,False,66,25.512183463191064,-4.779222381632927,0,2,0,0,2,0.0,0.5921283279094409,0.0,0.0,0.4107082574402653,0.6122953301107031,0.8034258103175765,2.401865271707475,2.240985778049086,0,,False,crossing,15,1.0,True,0.0,tier_b,B-17-11,351,channel-wide,off,re
model,crossing,9.393137076672604,1.7592645869301244,268.8119943738173,starboard,,True,goal,False,False,100,-210.0093292851797,-74.14917701597906,27,1,0,0,5,14.12161192986052,0.294897363681436,0.0,0.0,0.6194346695436378,0.4026588470569469,0.7970933299294451,3.3494549069338286,1.8902713808562863,0,,False,crossing,27,0.0,False,0.0,tier_b,B-17-12,352,channel-wide,off,re
model,crossing,7.862894096219931,0.3727707768147228,98.3167612098575,port,,True,goal,False,False,72,90.54230176429024,-11.541606714670948,4,3,0,0,2,0.9717624827786352,1.101533409722542,0.0,0.0,0.2841760103978044,0.5254053023004356,0.7198408097738829,2.139798680151064,0.8241173591428723,0,,False,crossing,13,1.0,True,0.0,tier_b,B-17-13,353,channel-wide,off,re
model,crossing,7.736478867868061,2.105632763836722,115.42404016816845,port,,True,collision:target,True,True,15,-308.6111953117524,-5.464337001458253,3,7,0,0,1,0.5975759810877443,0.3011966791617985,0.0,0.0,0.2256471851606699,0.4571233326460137,0.5889977565927563,1.2679701146348272,0.4443573822965671,0,,False,crossing,13,1.0,True,0.0,tier_b,B-17-14,354,channel-wide,off,re
model,crossing,8.635580775763815,1.1256073860124691,89.0526132284811,port,,True,goal,False,False,71,-14.099121286654906,-17.49846749114875,9,0,0,0,6,3.246399962747142,0.0,0.0,0.0,0.3175083723445334,0.5648751543935336,0.7960785263295045,2.9058017383456867,1.976732022075785,0,,False,crossing,17,1.0,True,0.0,tier_b,B-17-15,355,channel-wide,off,re
model,crossing,7.601685632358984,1.2379977741158,288.8089930863026,starboard,,True,goal,False,False,72,2.8023017233348924,-34.21341148046184,13,1,0,0,3,5.622357823709507,0.740193632272398,0.0,0.0,0.6043651814628153,0.5372690930467263,0.7988139800842943,2.3743121174576647,0.830488352653517,0,,False,crossing,18,0.0,False,0.0,tier_b,B-17-16,356,channel-wide,off,re
model,crossing,8.493902928489998,1.0805603604897138,68.38707295242229,port,,False,collision:target,True,True,26,-347.65719157807297,-16.972548888018554,9,3,0,0,0,1.966373284095909,1.4624244710593546,0.0,0.0,0.0,0.3876518971375844,0.6472190841865424,1.5474831430866391,0.7586329605144303,0,,False,crossing,22,1.0,True,0.0,tier_b,B-17-17,357,channel-wide,off,re
model,crossing,9.271085645876664,1.216944266383482,278.25746847247297,starboard,,True,collision:target,True,True,28,-298.7387272719621,0.0,0,0,0,0,0,0.0,0.0,0.0,0.0,0.0,0.5759688397125643,0.6823267522818127,1.5426534485798418,1.1641337679176311,0,,False,never,0,0.0,False,0.0,tier_b,B-17-18,358,channel-wide,off,re
model,crossing,10.087802345364452,1.5844336201437557,125.92517244226904,port,,True,goal,False,False,71,125.92749445098472,0.0,0,0,0,0,0,0.0,0.0,0.0,0.0,0.0,0.5298405042249055,0.6557822671842022,2.2168455198299184,0.5025191789368639,0,,False,never,0,0.0,False,0.0,tier_b,B-17-19,359,channel-wide,off,re
model,crossing,8.811187564367176,0.3619446703494158,272.4477661224229,starboard,,True,collision:target,True,True,26,-370.4649560055535,-41.63131640983708,16,4,0,0,7,6.334447937864037,1.3292068105372703,0.0,0.0,0.8213834233890228,0.4000271119438032,0.6136342903683983,1.3002897219440344,0.4751592346269572,0,,False,crossing,23,0.0,False,0.0,tier_b,B-18-00,360,channel-wide,off,nc
model,crossing,8.6464931375671,0.1886293631984081,72.27943745748438,port,,True,goal,False,False,77,45.35194054268639,-5.653877476444266,5,3,0,0,2,0.4289590085993947,0.6464553745312493,0.0,0.0,0.0734613955439063,0.5134578358055748,0.7396505727272868,2.628381661491481,2.01540067080663,0,,False,crossing,24,1.0,True,0.0,tier_b,B-18-01,361,channel-wide,off,nc
model,crossing,8.088683141773084,2.442100088775187,87.4200736178467,port,,True,collision:obstacle,True,False,65,-694.4087276458916,-0.6999409172370362,0,0,0,0,3,0.0,0.0,0.0,0.0,0.1555424260526747,0.4794059990685707,0.6910017385020052,3.995826040173319,2.494719315794484,0,,False,crossing,17,1.0,True,0.0,tier_b,B-18-02,362,channel-wide,off,nc
model,crossing,7.609260228617032,1.6069779417303356,261.56184260795754,starboard,,True,goal,False,False,68,33.95192412652827,-54.35884042552776,15,3,0,0,6,8.493180619349365,1.381508570750969,0.0,0.0,1.2175842076735788,0.5676380245833349,0.7109394371875337,2.039498742112683,0.9376450752595072,0,,False,crossing,19,0.0,False,0.0,tier_b,B-18-03,363,channel-wide,off,nc
model,crossing,8.042229116975154,1.3952168647085963,71.08056328963109,port,,True,goal,False,False,72,83.76870648406388,-4.976462698214465,11,0,0,0,1,0.9442734653608328,0.0,0.0,0.0,0.0671797877062984,0.5400042432308475,0.7018788837989091,3.541453569840601,1.2621769099544309,0,,False,crossing,19,1.0,True,0.0,tier_b,B-18-04,364,channel-wide,off,nc
model,crossing,9.511639355418684,2.2714383827594067,279.611928047069,starboard,,True,goal,False,False,67,34.0628942409066,-49.74593369446082,15,2,0,0,2,8.247607059608281,1.2817814029259125,0.0,0.0,0.8363131969580552,0.5819366644540166,0.7744015958691,2.382392360841557,1.3870335694707354,0,,False,crossing,15,0.0,False,0.0,tier_b,B-18-05,365,channel-wide,off,nc
model,crossing,8.708692896314258,1.588749851297948,287.60933323086,starboard,,True,goal,False,False,90,-88.30287181349527,-84.4264122222444,27,3,3,0,4,15.44677701286233,1.4176073180243836,0.0920994825015998,0.0,0.1369225882998621,0.4360996262233912,0.7089629504666366,3.5339447563729127,1.5549141106177446,0,,False,crossing,33,0.0,False,0.0,tier_b,B-18-06,366,channel-wide,off,nc
model,crossing,8.931956752387729,0.0192905946034141,125.18511954670949,port,,True,goal,False,False,70,80.3343785595631,-3.184927628689468,0,1,0,0,2,0.0,0.0323649165118636,0.0,0.0,0.6721602871012761,0.5620498959612902,0.7751072523039113,1.3908029769158603,1.488809690473891,0,,False,crossing,18,1.0,True,0.0,tier_b,B-18-07,367,channel-wide,off,nc
model,crossing,8.656789550580742,1.487359367920712,96.18257069179413,port,,False,collision:target,True,True,16,-308.01532354288025,-7.490543507862815,0,9,0,0,4,0.0,1.3849743629349769,0.0,0.0,0.1410934247410402,0.4334565463356105,0.5555493555939001,1.7746993052743052,0.1727950524987923,0,,False,crossing,14,1.0,True,0.0,tier_b,B-18-08,368,channel-wide,off,nc
model,crossing,9.237596086559794,0.6728831009956326,94.3091227969706,port,,False,goal,False,False,73,11.715228047308528,-10.406653639198476,1,4,0,0,6,0.0735381462557241,1.3540819598226226,0.0,0.0,0.7422075809134798,0.5781681507878151,0.8684944760153043,1.5827382668017018,2.4984334104534383,0,,False,crossing,20,1.0,True,0.0,tier_b,B-18-09,369,channel-wide,off,nc
model,crossing,8.75518967194813,2.429176166305287,255.53546248673285,starboard,,True,goal,False,False,72,6.187406179945356,-14.5529328653773,9,0,0,0,1,2.632447726488261,0.0,0.0,0.0,0.3382925820578695,0.5323207614166138,0.7699142463332626,2.501454315699849,1.264004353229043,0,,False,crossing,21,0.0,False,0.0,tier_b,B-18-10,370,channel-wide,off,nc
model,crossing,8.541160305047624,2.022250233511523,81.18310128811346,port,,False,collision:target,True,True,16,-319.48659710170847,-19.50356530441061,6,11,0,0,0,1.88014752214273,2.0599666807685053,0.0,0.0,0.0,0.4926844537563173,0.6736598325018662,1.3324677949133688,0.5207239577567027,0,,False,crossing,14,1.0,True,0.0,tier_b,B-18-11,371,channel-wide,off,nc
model,crossing,10.181182824326328,1.6049202117195027,75.47191122464527,port,,True,goal,False,False,73,108.33859765379285,-2.0015794789153656,1,0,0,0,4,0.1086211314316413,0.0,0.0,0.0,0.3253121951841646,0.5253109246061054,0.6852892671467474,3.5402127933906904,1.2348693346592878,0,,False,crossing,21,0.9523809523809524,True,0.0,tier_b,B-18-12,372,channel-wide,off,nc
model,crossing,9.266430833598122,0.196847158913736,94.0165995093258,port,,True,collision:target,True,True,21,-332.8151763515245,-21.89792737714083,5,3,0,0,3,2.382887265108904,1.3198959104668042,0.0,0.0,0.793144590675795,0.4518215287305732,0.6358679289696225,1.4088211891139362,0.3079063203374058,0,,False,crossing,16,1.0,True,0.0,tier_b,B-18-13,373,channel-wide,off,nc
model,crossing,9.561492818040042,1.8183001150257412,277.74110985299706,starboard,,True,goal,False,False,84,-43.90968057428846,-67.69293360643937,21,2,0,0,4,11.743082169623625,1.2059921505868352,0.0,0.0,0.7988923825327914,0.4766762844198943,0.7687735628611034,2.6032843205908,1.948726662834788,0,,False,crossing,23,0.0,False,0.0,tier_b,B-18-14,374,channel-wide,off,nc
model,crossing,7.737171049235257,1.063253514871102,272.63298871997586,starboard,,True,collision:target,True,True,29,-322.36607977807506,-10.503922568522636,0,2,0,0,4,0.0,1.472875948214533,0.0,0.0,0.7140414721912659,0.4432456326293565,0.6367616041395295,1.323675629297414,0.7264083741158334,0,,False,crossing,6,0.0,False,0.0,tier_b,B-18-15,375,channel-wide,off,nc
model,crossing,8.588168154291932,0.2444721776136968,88.47465023751468,port,,True,collision:target,True,True,26,-322.41271832217024,-15.122227815218633,10,2,0,0,1,2.244805000609391,0.6104024018842965,0.0,0.0,0.2197669273055285,0.4690243443008418,0.6527367190576644,1.3678673239659054,0.5475040674133375,0,,False,crossing,15,1.0,True,0.0,tier_b,B-18-16,376,channel-wide,off,nc
model,crossing,9.389213696840628,1.7918558631465618,277.972003869809,starboard,,True,goal,False,False,73,-40.80766459781643,-39.17022620834434,14,1,0,0,2,6.71593572010129,0.6987264109615656,0.0,0.0,0.5790326911477525,0.5645655385930088,0.9517447543182216,2.4834220098904307,1.2307465109147386,0,,False,crossing,18,0.0,False,0.0,tier_b,B-18-17,377,channel-wide,off,nc
model,crossing,8.813442063577671,2.143370505413022,277.23846477765125,starboard,,True,goal,False,False,82,8.570948034899331,-70.79762419293235,21,2,0,0,3,12.91850137813588,1.2121782762501117,0.0,0.0,0.1890577563825997,0.4635294549514638,0.6967537981747287,3.9080826503702673,0.793883277281706,0,,False,crossing,26,0.0,False,0.0,tier_b,B-18-18,378,channel-wide,off,nc
model,crossing,7.837246246306428,0.493358430148024,97.62277272816648,port,,True,goal,False,False,67,40.02785323697663,-11.729464732244075,4,3,0,0,1,1.2357106810608,0.8776611145112609,0.0,0.0,0.2818387431471936,0.5905934892564566,0.8362032939686175,1.7682937616343744,1.7121903462061272,0,,False,crossing,15,1.0,True,0.0,tier_b,B-18-19,379,channel-wide,off,nc
model,overtaking,8.468458488204133,1.8890794814792784,1.5767284165258657,,,,goal,False,False,64,26.467597817221133,-68.11027181093198,52,0,0,0,0,13.759650870895348,0.0,0.0,0.0,0.0,0.60079107135079,0.6809712717945084,4.120478375636663,1.9171474483630924,0,,False,overtaking,57,0.0,False,0.0,tier_b,B-19-00,380,channel-wide,off,cv
model,overtaking,7.939959713204382,1.462510712415506,7.140706293694446,,,,goal,False,False,64,53.81730774838904,-41.16515132986429,28,0,0,0,1,8.178255088344617,0.0,0.0,0.0,0.1517308094574278,0.6042634861170493,0.7040854825784056,3.651362623444831,1.6573418236162285,0,,False,overtaking,41,0.0,False,0.0,tier_b,B-19-01,381,channel-wide,off,cv
model,overtaking,8.658701332997925,1.5278232961066804,2.234052733317469,,,,goal,False,False,64,76.36864960194771,-26.10390669032502,22,0,0,0,1,5.153688945047083,0.0,0.0,0.0,0.1318103138537672,0.618219512994344,0.700064582524785,4.164855982685394,1.7419622407205515,0,,False,overtaking,30,0.0,False,0.0,tier_b,B-19-02,382,channel-wide,off,cv
model,overtaking,7.834574628206746,1.8048767855522263,8.465492255596303,,,,goal,False,False,114,-191.5128008115068,-179.1790088077879,82,1,30,0,0,31.06667555194384,0.2023837776449135,6.776990312867681,0.0,0.0,0.3291739832401268,0.5537614635338897,3.5285791134448634,0.6154200889902448,0,,False,overtaking,94,0.0,False,0.0,tier_b,B-19-03,383,channel-wide,off,cv
model,overtaking,7.866993368890282,1.3109112083486332,-7.093137823178724,,,,goal,False,False,64,43.53171341154739,-58.85875450697047,26,0,0,0,1,11.888683155464314,0.0,0.0,0.0,0.0021717527604716,0.6097644575058407,0.680243718432147,3.489000199522375,1.6163777906273886,0,,False,overtaking,38,0.0,False,0.0,tier_b,B-19-04,384,channel-wide,off,cv
model,overtaking,9.936811254314172,1.79687587956281,-5.637209320017296,,,,collision:boundary,True,False,123,-625.435292723603,-82.04331671192868,34,9,9,0,7,11.485073637916862,2.210899857174764,1.768519839080372,0.0,1.7514614423412869,0.4802877303226787,0.6424031694530602,1.5972914270160998,2.628163045160709,0,,False,overtaking,83,0.0,False,0.0,tier_b,B-19-05,385,channel-wide,off,cv
model,overtaking,8.498625072952807,0.7259192527173752,-4.551015201288633,,,,goal,False,False,62,36.946575120195824,-55.77152831852733,22,0,1,0,1,10.992401863960804,0.0,0.0557526512443263,0.0,0.257428788320396,0.6310092099546254,0.7251827660080472,3.4773157787788693,1.9331112115123896,0,,False,overtaking,33,0.0,False,0.0,tier_b,B-19-06,386,channel-wide,off,cv
model,overtaking,9.47917065533331,0.0126836081403389,-9.573760891804282,,,,goal,False,False,67,-38.94296666531906,-121.96111147264784,42,1,0,0,1,24.540376785011212,0.0432211974519378,0.0,0.0,0.0605114354345287,0.6009841780852677,0.7269629445786813,3.3262994770550014,2.4151564252961046,0,,False,overtaking,57,0.0,False,0.0,tier_b,B-19-07,387,channel-wide,off,cv
model,overtaking,8.575400006968684,0.4651663696699002,-9.65991275970643,,,,goal,False,False,69,23.8399167623719,-25.268039043565164,27,16,2,0,4,4.369881236717105,0.2142511537953388,0.5102051727912604,0.0,0.1644100196622285,0.5735186589826963,0.7194924052847237,2.7213836775741687,2.149527962436245,0,,False,overtaking,48,0.0,False,0.0,tier_b,B-19-08,388,channel-wide,off,cv
model,overtaking,8.951292486754223,1.353757007424926,-4.049082541308211,,,,goal,False,False,65,63.913698384938925,-22.922529039815306,36,0,0,0,0,4.630813947437437,0.0,0.0,0.0,0.0,0.6248081906711536,0.7051534341696135,4.302427260351989,2.2620857524079674,0,,False,overtaking,44,0.0,False,0.0,tier_b,B-19-09,389,channel-wide,off,cv
model,overtaking,9.197285322846058,1.1543837437277702,-6.952958051398117,,,,goal,False,False,63,75.76726101353849,-24.438655559616738,39,0,0,0,0,4.937102133255907,0.0,0.0,0.0,0.0,0.6185820900762635,0.6936483597990686,3.8410364550679454,2.118455236831239,0,,False,overtaking,51,0.0,False,0.0,tier_b,B-19-10,390,channel-wide,off,cv
model,overtaking,8.902239990428725,1.451813176418732,-9.906135129256032,,,,goal,False,False,63,47.061417586674665,-54.12855702038225,37,0,0,0,0,10.93506202431965,0.0,0.0,0.0,0.0,0.6223742032549484,0.6929446628583431,4.0804866057966445,1.9143366364000935,0,,False,overtaking,50,0.0,False,0.0,tier_b,B-19-11,391,channel-wide,off,cv
model,overtaking,8.883772278887642,0.3804996625670513,-7.176384964118354,,,,collision:boundary,True,False,91,-529.9495350325689,-99.13709285176265,45,13,1,0,1,18.58410114814852,1.086841884755552,0.1837245957177788,0.0,0.2454480654007785,0.5624162115331418,0.6532645136628485,2.1631974503245512,2.2169224132798786,0,,False,overtaking,52,0.0,False,0.0,tier_b,B-19-12,392,channel-wide,off,cv
model,overtaking,8.383867528604732,1.2745074657110176,-6.624315004851078,,,,goal,False,False,61,68.09290093345285,-16.727952696311387,33,0,0,0,0,3.379384383093209,0.0,0.0,0.0,0.0,0.6398437453986636,0.7320377515978594,4.007449217062184,2.1610997704121324,0,,False,overtaking,49,0.0,False,0.0,tier_b,B-19-13,393,channel-wide,off,cv
model,overtaking,8.984777575936752,1.6581162199247887,-8.155944043287045,,,,collision:obstacle,True,False,23,-386.1929443025117,-17.056602967548564,11,2,4,0,0,2.337074210593601,0.3361181140235338,1.062305822414928,0.0,0.0,0.3642998253396927,0.5440367900341653,6.15193596950485,0.0425206374798181,0,,False,overtaking,18,0.0,False,0.0,tier_b,B-19-14,394,channel-wide,off,cv
model,overtaking,10.17678161647227,1.7273284055189322,-0.3462353992512099,,,,goal,False,False,115,-46.758893374178456,-43.40278731057349,18,1,39,0,1,0.879140460495413,0.0832771464588773,10.70310857901998,0.0,0.0239176159284064,0.3253816686715606,0.5442795129503445,3.253829384129176,0.3726103692247917,0,,False,overtaking,72,0.0,False,0.0,tier_b,B-19-15,395,channel-wide,off,cv
model,overtaking,8.41492077339874,1.8224471017467456,-7.213071072184238,,,,collision:target,True,True,87,-412.4668765220028,-48.00412680609934,24,3,4,0,7,7.262836775105882,0.8566735618987646,0.9319097042980516,0.0,0.9905946005451888,0.4522966336008577,0.5961782234672827,0.9809317429756688,2.4993974592410773,0,,False,overtaking,76,0.0,False,0.0,tier_b,B-19-16,396,channel-wide,off,cv
model,overtaking,8.757317660005024,0.0909829692769448,-8.734753433889221,,,,goal,False,False,62,46.81370388083586,-46.06237263502197,36,0,0,0,1,9.291018866037072,0.0,0.0,0.0,0.0159620551418834,0.6314416361315278,0.7078141585801155,2.8942858361092023,2.03222559730054,0,,False,overtaking,45,0.0,False,0.0,tier_b,B-19-17,397,channel-wide,off,cv
model,overtaking,9.05755982668752,1.566731586021876,0.7579302778721253,,,,goal,False,False,109,-62.22245012698112,-73.7545420399125,43,0,48,0,2,5.860010723081337,0.0,12.382656887913786,0.0,0.0377609253711627,0.3431989524454886,0.5612131978692039,3.4983439623338977,0.5234477834717288,0,,False,overtaking,89,0.0,False,0.0,tier_b,B-19-18,398,channel-wide,off,cv
model,overtaking,9.04842001495346,0.4819881067155624,7.277326123102064,,,,goal,False,False,79,32.81840364612394,-38.12149974961313,24,0,15,0,0,5.1989313937567685,0.0,3.4407748195880905,0.0,0.0,0.5147481333323853,0.678753314718487,2.766482560137994,1.731232883116454,0,,False,overtaking,55,0.0,False,0.0,tier_b,B-19-19,399,channel-wide,off,cv
model,overtaking,8.528882412860577,0.0092824046396067,-8.417555169374824,,,,goal,False,False,64,45.479881070780166,-43.59106883365211,31,3,0,0,1,8.672084034875839,0.0372903249757022,0.0,0.0,0.1065923894193293,0.6081943075451127,0.7128091254450393,2.86315345067058,2.04065749699892,0,,False,overtaking,38,0.0,False,0.0,tier_b,B-20-00,400,channel-wide,off,re
model,overtaking,8.37093372029781,1.824289783897188,7.432810208940541,,,,goal,False,False,63,87.63713663019874,-12.40690765353948,19,0,0,0,0,2.506445990614036,0.0,0.0,0.0,0.0,0.6242140539649812,0.7243356108782221,4.28615813862284,1.8274678266352795,0,,False,overtaking,27,0.0,False,0.0,tier_b,B-20-01,401,channel-wide,off,re
model,overtaking,8.701987072945464,1.4733756542999703,-4.770921676789703,,,,goal,False,False,64,88.9426769979697,-13.35578013115556,27,0,0,0,0,2.698137400233445,0.0,0.0,0.0,0.0,0.6117897688039245,0.69244228515321,4.2534807505115655,1.9192970911889744,0,,False,overtaking,37,0.0,False,0.0,tier_b,B-20-02,402,channel-wide,off,re
model,overtaking,8.241153717319555,0.0176789277227078,2.092250378539708,,,,goal,False,False,68,0.7858530058517914,-80.42034628710175,39,7,2,0,6,15.22322022461125,0.1802845445270654,0.5483565413031826,0.0,0.4886475847057028,0.5995731503278199,0.6900774310652871,2.639666959381634,2.3626225126068348,0,,False,overtaking,61,0.0,False,0.0,tier_b,B-20-03,403,channel-wide,off,re
model,overtaking,9.077619936354328,0.4068401753454296,8.093392708756625,,,,goal,False,False,70,53.316779560296304,-43.18982592179224,27,0,2,0,0,8.464369951182059,0.0,0.3586651842891745,0.0,0.0,0.5601443112723777,0.6679468329362646,3.332976358358962,1.8219620266923424,0,,False,overtaking,51,0.0,False,0.0,tier_b,B-20-04,404,channel-wide,off,re
model,overtaking,7.438429675401338,0.0730602943483451,5.44320270342617,,,,goal,False,False,72,32.26691016315746,-41.71047776090813,32,2,9,0,5,7.296026563033971,0.0212209020750181,1.2247311026483751,0.0,0.2402379642409972,0.5426291240627739,0.7156242802978848,2.643059100608514,1.5677887243276825,0,,False,overtaking,54,0.0,False,0.0,tier_b,B-20-05,405,channel-wide,off,re
model,overtaking,8.057504374484907,1.243905965110267,-0.4337811643097371,,,,goal,False,False,61,68.76357708911168,-18.92424820993489,31,0,0,0,0,3.823080446451494,0.0,0.0,0.0,0.0,0.6393540637596381,0.716748337646797,3.837017530574578,1.9446526130695148,0,,False,overtaking,41,0.0,False,0.0,tier_b,B-20-06,406,channel-wide,off,re
model,overtaking,9.931518503991088,0.5037760508122735,-6.1249791199742525,,,,goal,False,False,69,27.544139376997904,-57.98644098192692,26,1,0,0,1,11.567903865461508,0.0081675101528424,0.0,0.0,0.1521972605857511,0.6056074123225365,0.6799393440451785,2.915919426394593,2.4289313222037814,0,,False,overtaking,46,0.0,False,0.0,tier_b,B-20-07,407,channel-wide,off,re
model,overtaking,7.616977935620565,0.1474027724456581,8.759608913418017,,,,goal,False,False,75,39.59681984047944,-36.39892625175696,18,0,12,0,3,4.626467911900908,0.0,3.428393212978896,0.0,0.2568210046940961,0.5134718272172237,0.7220718466317224,2.490687298204368,1.2992455318548697,0,,False,overtaking,53,0.0,False,0.0,tier_b,B-20-08,408,channel-wide,off,re
model,overtaking,8.485512034384586,1.8639807165468096,-3.433799988439352,,,,goal,False,False,101,10.839357059253471,-52.30353665766485,26,1,36,0,1,4.50995469137477,0.0464413847743258,8.20729313924732,0.0,0.045137950985881,0.3718214148098399,0.542675355300738,3.1267028642569885,0.3559354922152919,0,,False,overtaking,74,0.0,False,0.0,tier_b,B-20-09,409,channel-wide,off,re
model,overtaking,8.214010606709078,1.0788280222360762,-8.545642428510183,,,,goal,False,False,61,72.55723307087386,-17.13030182898153,35,0,0,0,0,3.460667036157884,0.0,0.0,0.0,0.0,0.6341739808709564,0.7093512674858716,3.94943623977382,2.040104518672291,0,,False,overtaking,43,0.0,False,0.0,tier_b,B-20-10,410,channel-wide,off,re
model,overtaking,8.420923987844168,0.4186494811155712,-0.3050374182382693,,,,goal,False,False,63,53.27218197615839,-44.10742235067281,27,1,0,0,1,8.868372816260774,0.0024006687177653,0.0,0.0,0.0437985777842333,0.6164449229469006,0.6907410718170839,2.9668752277180737,1.8656433295737676,0,,False,overtaking,47,0.0,False,0.0,tier_b,B-20-11,411,channel-wide,off,re
model,overtaking,7.611138885567528,1.0456050888234951,-5.384105434667963,,,,goal,False,False,75,18.85846666479111,-55.87809046956216,31,8,0,0,8,7.37672223364401,1.4851902236992711,0.0,0.0,2.6692497346028734,0.5334327199201225,0.6910484752995852,1.2926266135505424,2.0631775806244117,0,,False,overtaking,61,0.0,False,0.0,tier_b,B-20-12,412,channel-wide,off,re
model,overtaking,8.135933019221326,1.947294773658794,-8.669662582224333,,,,goal,False,False,97,-9.45166654698386,-59.62024033290267,27,0,47,0,1,3.6287640893937514,0.0,11.56060392245426,0.0,0.008818659904061,0.3882401973038571,0.6267767147126602,3.200437502120565,0.4009761486980115,0,,False,overtaking,56,0.0,False,0.0,tier_b,B-20-13,413,channel-wide,off,re
model,overtaking,9.7086951975665,0.1940369587370822,1.8708700402559837,,,,goal,False,False,73,31.458017615417745,-54.84289709994516,31,1,0,0,1,11.076452284123253,0.0001905771577535,0.0,0.0,0.0030033192453688,0.57430014793215,0.6914329933873904,2.745458460944057,2.2522329358446,0,,False,overtaking,61,0.0,False,0.0,tier_b,B-20-14,414,channel-wide,off,re
model,overtaking,9.56735743001202,1.3491242965603318,-7.756951576874453,,,,collision:obstacle,True,False,29,-393.4947456978633,-2.6342239485965164,0,0,3,0,0,0.0,0.0,0.7317288746101435,0.0,0.0,0.358486049940341,0.5441093186633236,6.473893808886063,0.1372407586655047,0,,False,overtaking,3,0.0,False,0.0,tier_b,B-20-15,415,channel-wide,off,re
model,overtaking,8.378828456705033,0.7058863609663593,0.5567275289904927,,,,goal,False,False,63,36.711340068105216,-48.71412895102087,34,0,0,0,1,9.79016801382464,0.0,0.0,0.0,0.0561771739086436,0.617738088121175,0.7231540237467744,3.29937776691354,2.12055655952904,0,,False,overtaking,53,0.0,False,0.0,tier_b,B-20-16,416,channel-wide,off,re
model,overtaking,7.697574287232197,1.9841873597230613,4.160351062392063,,,,goal,False,False,83,-89.75996477114762,-96.66270919616994,24,21,43,0,9,3.677136100205956,4.650173292070141,11.581169825278858,0.0,3.055625851866523,0.458757625637076,0.8090656714341551,1.3635639576362304,0.3633707895415587,0,,False,overtaking,54,0.0,False,0.0,tier_b,B-20-17,417,channel-wide,off,re
model,overtaking,8.649580548000994,1.0427519223353696,6.899343264938029,,,,goal,False,False,79,-70.6753395667835,-89.05876890376291,34,14,30,0,5,9.655772370590528,3.1118271971710154,6.900343466015124,0.0,0.2262032368197435,0.4825239766391603,0.9375317048642312,1.2381498554346602,0.6218155193075962,0,,False,overtaking,44,0.0,False,0.0,tier_b,B-20-18,418,channel-wide,off,re
model,overtaking,9.90062908252031,1.7237862369603791,3.777776940546058,,,,goal,False,False,65,78.73451429377059,-12.473274548914468,39,0,0,0,0,2.519853444225146,0.0,0.0,0.0,0.0,0.6247745160666323,0.7181720713936165,4.264079592703813,2.3049750792045725,0,,False,overtaking,52,0.0,False,0.0,tier_b,B-20-19,419,channel-wide,off,re
model,overtaking,9.378038939293296,1.500356931531722,6.512026887064401,,,,goal,False,False,66,92.45612617779123,-11.125328637452649,25,0,0,0,0,2.2475411388793223,0.0,0.0,0.0,0.0,0.5931486613646181,0.6817016618446207,4.126491948752131,1.8818990388170829,0,,False,overtaking,39,0.0,False,0.0,tier_b,B-21-00,420,channel-wide,off,nc
model,overtaking,8.395527068617241,0.6170947014340373,-9.642317684415646,,,,goal,False,False,65,-2.0535968798307778,-84.96879815311566,45,12,0,0,12,14.845375871218454,0.8886892505652045,0.0,0.0,1.574483511174783,0.6205861748243369,0.7243630066902326,2.3470789278737065,2.300504587391145,0,,False,overtaking,57,0.0,False,0.0,tier_b,B-21-01,421,channel-wide,off,nc
model,overtaking,8.278197406608703,0.9433950806873186,1.501581382284913,,,,goal,False,False,64,15.969025557751069,-63.505243091151776,37,0,0,0,0,12.82934203861652,0.0,0.0,0.0,0.0,0.6034433662249783,0.6996300985799281,3.240580447328957,1.7872833232412766,0,,False,overtaking,48,0.0,False,0.0,tier_b,B-21-02,422,channel-wide,off,nc
model,overtaking,9.216296988408274,0.1787226194188709,-9.3260295991365,,,,goal,False,False,66,12.815353546422967,-74.38136576269454,28,4,0,0,5,14.87237932282606,0.0086705470469467,0.0,0.0,0.1600375348495932,0.5927343927612827,0.6742743733607763,2.8078936661899,2.139648964334365,0,,False,overtaking,43,0.0,False,0.0,tier_b,B-21-03,423,channel-wide,off,nc
model,overtaking,8.985337490196263,1.1430350725217666,4.322931523118935,,,,goal,False,False,64,80.26609426421842,-17.053422631887535,31,0,0,0,0,3.4451358852298064,0.0,0.0,0.0,0.0,0.6099439019820803,0.6879871735320782,3.8157101184098994,1.9580149382687868,0,,False,overtaking,44,0.0,False,0.0,tier_b,B-21-04,424,channel-wide,off,nc
model,overtaking,7.624133937659979,0.2913564863429998,-9.987121092706577,,,,goal,False,False,63,12.77352284463352,-73.80464867746097,39,14,0,0,9,13.113257701921246,0.55949342367731,0.0,0.0,1.3610068012773642,0.6138178745305757,0.7017361044029947,2.3341386770195096,1.9809501321303025,0,,False,overtaking,50,0.0,False,0.0,tier_b,B-21-05,425,channel-wide,off,nc
model,overtaking,8.421515852901232,0.8560978279106035,-1.6080366736785194,,,,goal,False,False,64,56.2249110930352,-21.549012002913127,44,0,0,0,0,4.353335758164269,0.0,0.0,0.0,0.0,0.6140067606537929,0.7299760692589468,3.5402458863635933,2.1627887017397183,0,,False,overtaking,49,0.0,False,0.0,tier_b,B-21-06,426,channel-wide,off,nc
model,overtaking,9.092767431169143,0.6533809699687441,-5.724143649145588,,,,goal,False,False,73,-66.01307445501406,-152.73642189589447,58,16,0,0,28,24.83635220906505,2.3099189136192733,0.0,0.0,4.080528853023782,0.5752409857588792,0.6706273002348763,2.05216737126068,2.326710247790215,0,,False,overtaking,68,0.0,False,0.0,tier_b,B-21-07,427,channel-wide,off,nc
model,overtaking,9.296261209093764,0.7756114460540446,8.13760132006999,,,,goal,False,False,68,16.567074172927533,-67.58755685858316,33,0,0,0,0,13.654051890622863,0.0,0.0,0.0,0.0,0.5780333856852937,0.6558230126227638,3.854030084703538,2.3060549770201435,0,,False,overtaking,51,0.0,False,0.0,tier_b,B-21-08,428,channel-wide,off,nc
model,overtaking,10.353620285104466,1.1382303405482792,-1.232848140727043,,,,goal,False,False,132,-110.39060220006252,-47.32975333410029,14,1,55,0,0,1.5383498931957005,0.2173460439304254,10.733071790368324,0.0,0.0,0.2843666227088915,0.5450157163818605,3.8584915963247792,0.1940088485546912,0,,False,overtaking,94,0.0,False,0.0,tier_b,B-21-09,429,channel-wide,off,nc
model,overtaking,9.017789531701837,0.3608644895826651,6.902361284648158,,,,goal,False,False,81,-20.30990409036976,-98.20251421431136,39,7,9,0,4,17.29217297142344,0.5789882246933705,2.242914301890731,0.0,0.370172179272563,0.5575147493366619,0.6791370079357463,2.747326566641977,2.068892648092437,0,,False,overtaking,69,0.0,False,0.0,tier_b,B-21-10,430,channel-wide,off,nc
model,overtaking,9.667097571254333,0.1345952313955669,-4.98515215083321,,,,goal,False,False,66,52.48338085082292,-31.35561885921524,23,0,0,0,1,6.158718763322131,0.0,0.0,0.0,0.1933246623934847,0.6001724148393764,0.7409273031673722,3.122713217111296,2.331788823568905,0,,False,overtaking,36,0.0,False,0.0,tier_b,B-21-11,431,channel-wide,off,nc
model,overtaking,7.986782007228162,0.0008371971187062,3.7955657573828674,,,,goal,False,False,66,36.24259321313614,-48.194468276995565,35,0,0,0,0,9.73625621757486,0.0,0.0,0.0,0.0,0.5915440975829093,0.6813898819118136,2.930586823066781,2.27559894142243,0,,False,overtaking,56,0.0,False,0.0,tier_b,B-21-12,432,channel-wide,off,nc
model,overtaking,7.255804114526941,1.525241379421712,-6.500071617480816,,,,goal,False,False,63,72.75597409015343,-18.96234264918564,40,0,0,0,0,3.8307762927647753,0.0,0.0,0.0,0.0,0.6189813257120784,0.683770587337878,3.376812504445277,1.6791894966629106,0,,False,overtaking,44,0.0,False,0.0,tier_b,B-21-13,433,channel-wide,off,nc
model,overtaking,9.987862266636014,0.560584205389552,3.053956886962389,,,,collision:boundary,True,False,103,-444.1244916707101,-84.91328343678745,34,9,19,0,11,9.9103915473681,1.6425674329624975,4.796198358329432,0.0,2.324404976481113,0.4479980732885317,0.5474122028657976,1.5409905976125282,1.314881966952539,0,,False,overtaking,91,0.0,False,0.0,tier_b,B-21-14,434,channel-wide,off,nc
model,overtaking,9.883911040969082,1.8880968108508605,3.8409567095622874,,,,collision:target,True,True,100,-683.1995053060984,-257.53385894819763,72,12,0,0,8,47.33337496312635,3.8818767677526633,0.0,0.0,0.9716889985542044,0.4464028463670318,0.5603985595709515,1.1670273783726974,2.9838859345106097,0,,False,overtaking,72,0.0,False,0.0,tier_b,B-21-15,435,channel-wide,off,nc
model,overtaking,7.19528812386838,1.8932576976136384,-1.3394959825967163,,,,goal,False,False,116,-97.98113390910602,-94.41520123622688,21,1,55,0,4,7.892116320225612,0.0276104420371911,14.634442939989071,0.0,0.5619020397922927,0.3270045162215906,0.628749128799624,2.525400606399644,0.5468977508968992,0,,False,overtaking,90,0.0,False,0.0,tier_b,B-21-16,436,channel-wide,off,nc
model,overtaking,7.738069776104006,0.2784433353755646,-8.300198316240529,,,,goal,False,False,63,33.16487959603184,-51.9887082923808,38,3,0,0,2,10.444766174226404,0.0185971413741946,0.0,0.0,0.0433466400350777,0.6243528089440192,0.7264835206370365,2.918331178643912,2.048737635262572,0,,False,overtaking,49,0.0,False,0.0,tier_b,B-21-17,437,channel-wide,off,nc
model,overtaking,10.084461620184904,0.4205209528772882,0.9015131304951858,,,,collision:target,True,True,96,-497.5167321096524,-157.6476784682639,55,17,10,0,23,20.91854382795399,6.341654124651319,2.214027479673704,0.0,3.373078014520074,0.4936699234256756,0.5902604271712345,1.1829714290294917,1.9165825121640427,0,,False,overtaking,86,0.0,False,0.0,tier_b,B-21-18,438,channel-wide,off,nc
model,overtaking,9.547207582007758,0.7710360542284334,-4.574168504555141,,,,goal,False,False,66,43.60069200189978,-44.02581209015207,29,0,0,0,1,8.858437349661864,0.0,0.0,0.0,0.0392327131835234,0.5976912273182289,0.7029142449696074,4.004158930026327,2.3053336158961666,0,,False,overtaking,37,0.0,False,0.0,tier_b,B-21-19,439,channel-wide,off,nc
model,being_overtaken,9.176140960107354,1.9876231448331287,8.304486130195926,,False,,goal,False,False,90,-20.567241952437698,-8.33983915778973,0,0,0,4,0,0.0,0.0,0.0,2.0592195451332667,0.0,0.4383923022933179,0.6665215382739597,2.0178795171072044,1.772758823981745,0,,False,being_overtaken,18,0.0,False,0.0,tier_b,B-22-00,440,channel-wide,off,cv
model,being_overtaken,7.787487590991263,1.7160441962329505,2.1642800805827385,,False,,goal,False,False,65,89.53578855928512,-40.329388734943215,0,0,0,10,0,0.0,0.0,0.0,9.957873761714374,0.0,0.5908962854110799,0.7854968803549414,1.5927588418638785,0.6086800653163141,0,,False,being_overtaken,19,0.0,False,0.0,tier_b,B-22-01,441,channel-wide,off,cv
model,being_overtaken,7.830659890535026,1.8405923958576564,-3.566293229645105,,False,,goal,False,False,68,30.87593356693813,-29.779241510144285,7,0,1,14,0,0.1622807945890719,0.0,0.0244007791972226,7.132866363411945,0.0,0.5761857593993778,0.6802502708061406,3.0146495561226523,1.9091263343734604,0,,False,being_overtaken,22,0.0,False,0.0,tier_b,B-22-02,442,channel-wide,off,cv
model,being_overtaken,8.408735368317396,1.8561415582299683,0.7076318525954228,,False,,goal,False,False,71,37.952020347025645,-18.76668332977397,0,1,0,11,0,0.0,0.0738329141039422,0.0,4.543508741965297,0.0,0.5516245747682739,0.6837182023637133,2.908042522390712,1.5168286669306914,0,,False,being_overtaken,17,0.0,False,0.0,tier_b,B-22-03,443,channel-wide,off,cv
model,being_overtaken,9.843491584074446,1.7099442632523971,-7.750604792903937,,False,,goal,False,False,72,61.4085292136307,-30.4837103628254,0,0,0,20,0,0.0,0.0,0.0,7.52684206489516,0.0,0.5301623326905917,0.727499325214876,3.047113127276908,1.4463614714827395,0,,False,being_overtaken,20,0.0,False,0.0,tier_b,B-22-04,444,channel-wide,off,cv
model,being_overtaken,9.716295924913602,1.6723976105429958,-4.742870313522902,,False,,goal,False,False,72,71.2870553384291,-17.16721993783013,0,0,0,12,0,0.0,0.0,0.0,4.238819737735833,0.0,0.5483999949930791,0.7147572638815997,3.044927681032373,1.7502875806372706,0,,False,being_overtaken,12,0.0,False,0.0,tier_b,B-22-05,445,channel-wide,off,cv
model,being_overtaken,8.049056476873343,1.556278143242964,-5.372490966861983,,False,,goal,False,False,72,53.85111934700384,-18.42752714304558,0,0,0,18,0,0.0,0.0,0.0,4.550006701986563,0.0,0.5411194533136716,0.740766589222752,3.3058701259684606,1.660314332124558,0,,False,being_overtaken,18,0.0,False,0.0,tier_b,B-22-06,446,channel-wide,off,cv
model,being_overtaken,7.799354909629701,1.6611901037744503,-2.8854686619446817,,False,,goal,False,False,68,96.40916013536814,-13.926720465689094,0,0,0,9,0,0.0,0.0,0.0,3.438696411281257,0.0,0.5680108154993703,0.7448109576179862,2.5960036605491417,1.111555618273188,0,,False,being_overtaken,16,0.0,False,0.0,tier_b,B-22-07,447,channel-wide,off,cv
model,being_overtaken,8.690239765618927,1.474073368222048,5.519243872692378,,False,,goal,False,False,71,116.89388194748712,-13.398926284550706,0,0,0,4,0,0.0,0.0,0.0,3.30837686038289,0.0,0.5485365877332797,0.7269097159650604,1.4840497316816403,0.5031907496762177,0,,False,being_overtaken,16,0.0,False,0.0,tier_b,B-22-08,448,channel-wide,off,cv
model,being_overtaken,7.881090102230327,2.065411905633429,-9.26958123163976,,False,,goal,False,False,71,-38.74540440505156,-17.215180069578473,0,0,0,13,0,0.0,0.0,0.0,4.250661745574932,0.0,0.5519499048427492,0.6955178481027273,3.132564343637065,1.849402696584056,0,,False,being_overtaken,13,0.0,False,0.0,tier_b,B-22-09,449,channel-wide,off,cv
model,being_overtaken,9.098864756057598,1.6445286236483645,-4.7520507615088174,,False,,collision:obstacle,True,False,60,-468.8311787056932,-12.048558450061837,0,0,0,5,0,0.0,0.0,0.0,2.974952703718972,0.0,0.4369654279419028,0.555039852359687,2.392145105624285,2.190379263041989,0,,False,being_overtaken,13,0.0,False,0.0,tier_b,B-22-10,450,channel-wide,off,cv
model,being_overtaken,9.017872907729128,1.534551817588098,9.098256866868876,,False,,goal,False,False,74,79.13505896172967,-20.6723866322986,0,0,0,5,0,0.0,0.0,0.0,5.104292995629283,0.0,0.5214651842177139,0.7110615964475562,1.5973565532492044,0.8746174327802703,0,,False,being_overtaken,15,0.0,False,0.0,tier_b,B-22-11,451,channel-wide,off,cv
model,being_overtaken,8.105401831753472,1.534323642569582,8.13629336769647,,False,,goal,False,False,69,67.18487441731338,-48.65076195419857,0,0,0,11,0,0.0,0.0,0.0,12.012533815851498,0.0,0.5577593753566834,0.7408913016240347,1.6590157138124548,0.6579098047108428,0,,False,being_overtaken,26,0.0,False,0.0,tier_b,B-22-12,452,channel-wide,off,cv
model,being_overtaken,7.864085188417205,1.9608852618795736,-7.893296692196108,,False,,goal,False,False,69,84.00022121915865,-16.264375499470074,0,0,0,13,0,0.0,0.0,0.0,4.015895185054339,0.0,0.5628144933674601,0.6788220329748685,3.057533101513509,1.3401491626937208,0,,False,being_overtaken,13,0.0,False,0.0,tier_b,B-22-13,453,channel-wide,off,cv
model,being_overtaken,9.408533292885377,1.5697097422529702,-6.486197967087861,,False,,goal,False,False,72,88.53449720018786,-20.798013339068845,0,0,0,13,0,0.0,0.0,0.0,5.135311935572554,0.0,0.5354819851661777,0.714217218454011,2.690651631523803,1.2473209934891558,0,,False,being_overtaken,16,0.0,False,0.0,tier_b,B-22-14,454,channel-wide,off,cv
model,being_overtaken,9.538599116218393,1.8746514359692283,8.068747088689715,,False,,goal,False,False,68,110.32925725101111,-21.09657212619678,0,0,0,6,0,0.0,0.0,0.0,5.20903015461649,0.0,0.5621910201798441,0.7304347190912905,2.0264423163029064,0.6007918276350532,0,,False,being_overtaken,19,0.0,False,0.0,tier_b,B-22-15,455,channel-wide,off,cv
model,being_overtaken,8.133942791782424,1.5455606303359282,7.337138630819112,,False,,goal,False,False,77,82.01188915868133,-17.76648843370543,0,0,0,6,0,0.0,0.0,0.0,4.386787267581587,0.0,0.4991396312145209,0.7273740760902723,1.7138954969455276,0.3388892547041994,0,,False,being_overtaken,19,0.0,False,0.0,tier_b,B-22-16,456,channel-wide,off,cv
model,being_overtaken,8.995555980542592,1.8271139129257772,-5.859736971695648,,False,,goal,False,False,72,18.77654905279526,-35.16028216051326,0,0,0,14,0,0.0,0.0,0.0,8.681551150744014,0.0,0.5411944392911445,0.6892946543898101,2.855192316291023,1.4846186651646698,0,,False,being_overtaken,15,0.0,False,0.0,tier_b,B-22-17,457,channel-wide,off,cv
model,being_overtaken,10.199644183683365,1.6065873276064564,-7.240453989250293,,False,,goal,False,False,68,86.04667472175448,-13.515383866723676,2,0,0,6,0,0.5364573785762123,0.0,0.0,2.681461689573192,0.0,0.5712386897982316,0.68664978242309,2.571605326928452,1.5715952428444315,0,,False,being_overtaken,17,0.0,False,0.0,tier_b,B-22-18,458,channel-wide,off,cv
model,being_overtaken,8.971209679180744,1.9348478321623988,4.681644550689345,,False,,goal,False,False,68,104.61742826108971,-25.14355094191445,0,0,0,11,0,0.0,0.0,0.0,6.208284183188754,0.0,0.5623769321115248,0.7228355454981662,2.0981799447797225,0.5108269088540592,0,,False,being_overtaken,22,0.0,False,0.0,tier_b,B-22-19,459,channel-wide,off,cv
model,being_overtaken,8.997736007412094,1.8719798176796527,7.562298772641302,,False,,goal,False,False,66,112.31121098184109,-16.290713049708494,0,0,0,7,0,0.0,0.0,0.0,4.0223982838786405,0.0,0.5804953229377424,0.7790488528346807,2.1262170108113247,0.550620832274251,0,,False,being_overtaken,20,0.0,False,0.0,tier_b,B-23-00,460,channel-wide,off,re
model,being_overtaken,9.280914526653158,1.8991711810998813,7.771645627693946,,False,,goal,False,False,75,-7.78964090558901,-55.181482315076906,0,0,0,8,0,0.0,0.0,0.0,14.884013715625125,0.0,0.5272258715601397,0.7708217261316908,1.401729981963287,1.740307243333196,0,,False,being_overtaken,19,0.0,False,0.0,tier_b,B-23-01,461,channel-wide,off,re
model,being_overtaken,8.362939562143401,1.771933915149615,7.94887649577689,,False,,goal,False,False,67,103.07292459490152,-18.690410944579043,0,0,0,7,0,0.0,0.0,0.0,4.614916282612109,0.0,0.5776085501785139,0.7708838498885179,2.077721984289865,0.7073046234776819,0,,False,being_overtaken,16,0.0,False,0.0,tier_b,B-23-02,462,channel-wide,off,re
model,being_overtaken,9.428004410012353,1.6073830435301206,7.606140418726643,,False,,goal,False,False,72,90.49935188050672,-28.01668252438049,0,0,0,6,0,0.0,0.0,0.0,6.917699388735923,0.0,0.5374410332437214,0.7432068542796569,1.7574088319301666,0.5211856525884213,0,,False,being_overtaken,17,0.0,False,0.0,tier_b,B-23-03,463,channel-wide,off,re
model,being_overtaken,8.293797301955069,1.845379619210776,2.044419699169476,,False,,goal,False,False,80,6.442275279111243,-36.50012363440052,0,0,0,6,0,0.0,0.0,0.0,9.054402050073914,0.0,0.4793123004742062,0.7721447466017034,1.265010398020442,1.1604944740075278,0,,False,being_overtaken,20,0.0,False,0.0,tier_b,B-23-04,464,channel-wide,off,re
model,being_overtaken,9.854291046698089,2.1231303294610084,-9.909304134018296,,False,,goal,False,False,73,87.89189253057117,-19.685899514203403,0,0,0,24,0,0.0,0.0,0.0,4.86071592943294,0.0,0.5348292069804021,0.7145096301027046,3.526506545405724,1.3135472788345577,0,,False,being_overtaken,27,0.0,False,0.0,tier_b,B-23-05,465,channel-wide,off,re
model,being_overtaken,9.629790189691873,1.64106838579003,3.834188958125084,,False,,goal,False,False,67,57.77026899168667,-43.0401607886234,0,0,0,15,0,0.0,0.0,0.0,10.627200194721825,0.0,0.584985821956168,0.8194583819707479,1.7400438381740264,0.6842824878228093,0,,False,being_overtaken,24,0.0,False,0.0,tier_b,B-23-06,466,channel-wide,off,re
model,being_overtaken,7.948109270309695,1.3683473913920756,-3.1107924413628973,,False,,goal,False,False,69,0.2109529652879302,-16.144361872561973,0,0,0,6,0,0.0,0.0,0.0,3.9862621907560425,0.0,0.5698406254145599,0.743790540158484,2.058880709325147,1.7156403702620204,0,,False,being_overtaken,12,0.0,False,0.0,tier_b,B-23-07,467,channel-wide,off,re
model,being_overtaken,7.672503872601322,1.4938548387174084,4.131282748524471,,False,,goal,False,False,67,70.70579862666911,-51.13191492471101,0,0,0,14,0,0.0,0.0,0.0,12.625164178940988,0.0,0.5710547228901436,0.7668352586960983,1.6840708768690205,0.5915263127665157,0,,False,being_overtaken,24,0.0,False,0.0,tier_b,B-23-08,468,channel-wide,off,re
model,being_overtaken,7.978192491225289,1.9771335862570685,-8.91964174148698,,False,,goal,False,False,72,26.10324349494992,-33.142278368713264,5,2,1,20,1,1.6623290587254178,0.3247410643808352,0.1274322089321191,5.634226047611354,0.0064244031901539,0.5332609130847951,0.6988336454162426,3.345108220522208,1.4283852097850829,0,,False,being_overtaken,26,0.0,False,0.0,tier_b,B-23-09,469,channel-wide,off,re
model,being_overtaken,8.10620508678502,1.7230386898978356,-3.43688015591082,,False,,goal,False,False,69,94.2756813240038,-17.303187119692026,0,0,0,12,0,0.0,0.0,0.0,4.272391881405437,0.0,0.5533966531732913,0.6888924726840029,2.7169023135179744,1.0794507485160811,0,,False,being_overtaken,16,0.0,False,0.0,tier_b,B-23-10,470,channel-wide,off,re
model,being_overtaken,9.088319523493857,1.5351782310889264,-3.5114801933301294,,False,,goal,False,False,66,43.60142621090564,-24.736263156132296,5,0,1,10,0,0.1868999480970773,0.0,0.0696360821681041,5.8173872882090345,0.0,0.6030216322999673,0.7290312757595971,2.88913923556348,1.9785406202573532,0,,False,being_overtaken,16,0.0,False,0.0,tier_b,B-23-11,471,channel-wide,off,re
model,being_overtaken,7.659173454426465,2.078260832878576,-9.434247459104212,,False,,goal,False,False,75,-12.62383893326475,-14.485241046973943,0,0,0,11,0,0.0,0.0,0.0,3.5766027276478862,0.0,0.5071493826631814,0.7179997711211613,2.8369068858124336,0.8937023427089928,0,,False,being_overtaken,14,0.0,False,0.0,tier_b,B-23-12,472,channel-wide,off,re
model,being_overtaken,8.740825435087887,1.6193852075255402,5.995745097227768,,False,,collision:obstacle,True,False,47,-366.55076845847526,-21.26720909192568,0,0,0,6,0,0.0,0.0,0.0,5.251162738747081,0.0,0.4487104551369206,0.6532315022999425,1.5065628804667464,0.318017228300392,0,,False,being_overtaken,15,0.0,False,0.0,tier_b,B-23-13,473,channel-wide,off,re
model,being_overtaken,10.470545416493248,1.602002777279986,8.006497405962879,,False,,collision:boundary,True,False,80,-485.6920194773473,-60.93708386339242,0,0,0,12,0,0.0,0.0,0.0,15.10192091283814,0.0,0.5077392014836112,0.826013034462153,1.5497178771465168,1.4669804479897692,0,,False,being_overtaken,21,0.0,False,0.0,tier_b,B-23-14,474,channel-wide,off,re
model,being_overtaken,8.835335670640362,1.7937008923235322,7.913044103514924,,False,,collision:boundary,True,False,68,-335.4187956063771,-23.41284280737521,0,0,0,7,0,0.0,0.0,0.0,5.780948841327213,0.0,0.5821169290413545,0.7735907578076516,1.7339932345121662,0.9922575084604828,0,,False,being_overtaken,19,0.0,False,0.0,tier_b,B-23-15,475,channel-wide,off,re
model,being_overtaken,8.33538518020256,1.94531212496073,4.198536355303606,,False,,goal,False,False,65,19.344703447200654,-21.07449401050641,0,0,1,7,0,0.0,0.0,0.0477924441677966,5.161096595432678,0.0,0.5970472180282204,0.8861344548803383,1.7237020668174272,0.9562991524115284,0,,False,being_overtaken,18,0.0,False,0.0,tier_b,B-23-16,476,channel-wide,off,re
model,being_overtaken,8.818489309429765,1.9589682271879547,2.391148402005978,,False,,goal,False,False,64,82.31006907852279,-40.31019311946029,5,1,5,9,4,1.4392053703126122,0.041075724603306,1.8582334544027057,5.805339437008532,0.6181192319760448,0.5971537042987857,0.7820035294674572,2.03071649986617,0.403985880282035,0,,False,being_overtaken,20,0.0,False,0.0,tier_b,B-23-17,477,channel-wide,off,re
model,being_overtaken,7.96127678037857,1.987953265588875,7.864067900036733,,False,,goal,False,False,65,39.51797319845562,-20.108557689213136,0,0,0,7,0,0.0,0.0,0.0,4.965075972645218,0.0,0.5841718780466751,0.8429668977880087,1.979369142011406,0.6656741501834239,0,,False,being_overtaken,19,0.0,False,0.0,tier_b,B-23-18,478,channel-wide,off,re
model,being_overtaken,8.884166712918322,1.516508222494266,3.3295474625973758,,False,,goal,False,False,65,78.85857588188848,-38.09236452727036,0,0,0,10,0,0.0,0.0,0.0,9.405522105498855,0.0,0.5810450754238434,0.8324220066925456,1.7556550767667105,0.6382824216217771,0,,False,being_overtaken,20,0.0,False,0.0,tier_b,B-23-19,479,channel-wide,off,re
model,being_overtaken,8.899907099842467,1.9445558297546373,6.589238433300611,,False,,goal,False,False,83,-28.38599068385973,-29.206677119115128,0,0,0,7,0,0.0,0.0,0.0,7.2115252145963264,0.0,0.4748794736291474,0.7329339612005491,1.6671747768496594,2.0286726651636324,0,,False,being_overtaken,19,0.0,False,0.0,tier_b,B-24-00,480,channel-wide,off,nc
model,being_overtaken,8.712085104382956,1.6940804731597885,-8.336449556080606,,False,,goal,False,False,70,90.24205672789344,-14.306273053032529,0,0,0,12,0,0.0,0.0,0.0,3.5324130995142045,0.0,0.5493712303527992,0.7124489197419577,2.713537901584256,1.2681404045330915,0,,False,being_overtaken,18,0.0,False,0.0,tier_b,B-24-01,481,channel-wide,off,nc
model,being_overtaken,8.284186376800031,1.7560676358278475,-8.64583310567923,,False,,goal,False,False,70,90.87638767820332,-23.709334403405173,0,0,0,16,0,0.0,0.0,0.0,5.8541566428160925,0.0,0.5416767626647886,0.7126909958819659,2.663457990181065,0.9138168265798116,0,,False,being_overtaken,27,0.0,False,0.0,tier_b,B-24-02,482,channel-wide,off,nc
model,being_overtaken,8.389042115574421,2.0211656078634337,-9.079366362513865,,False,,goal,False,False,72,72.57084932227795,-37.678053070645824,0,0,0,19,0,0.0,0.0,0.0,9.303222980406376,0.0,0.5318571938002786,0.6538709127961079,2.9948127801411046,1.115599209893999,0,,False,being_overtaken,19,0.0,False,0.0,tier_b,B-24-03,483,channel-wide,off,nc
model,being_overtaken,9.218709025641974,1.566072259848474,-6.553152888841622,,False,,goal,False,False,74,31.053266962826854,-8.460880711255598,2,0,0,4,0,0.0581093606832856,0.0,0.0,2.0180837965119345,0.0,0.5357823664289297,0.7287293613023663,2.0928697714154114,1.6696629598068766,0,,False,being_overtaken,20,0.0,False,0.0,tier_b,B-24-04,484,channel-wide,off,nc
model,being_overtaken,8.80818044002828,1.5280915993626074,-0.8307227561974599,,False,,goal,False,False,69,99.23249339815094,-18.95977896516849,0,0,0,9,0,0.0,0.0,0.0,4.681426904979873,0.0,0.5595966915000852,0.7352051755893005,2.448598031771371,1.122558917678397,0,,False,being_overtaken,17,0.0,False,0.0,tier_b,B-24-05,485,channel-wide,off,nc
model,being_overtaken,8.718216520554938,1.5929576749405012,9.21434131609211,,False,,goal,False,False,78,79.2712003667205,-24.24103352428978,0,0,0,8,0,0.0,0.0,0.0,5.985440376367848,0.0,0.4949737151482381,0.7052046669247457,1.803646318132461,0.4004982260367365,0,,False,being_overtaken,19,0.0,False,0.0,tier_b,B-24-06,486,channel-wide,off,nc
model,being_overtaken,9.356137139867872,1.850100717215656,-1.5862896491925316,,False,,goal,False,False,69,98.2952253989747,-23.5067217096765,0,0,0,14,0,0.0,0.0,0.0,5.804128817204075,0.0,0.5605153787908792,0.7231722552885004,2.879579940503921,1.1995333836583202,0,,False,being_overtaken,16,0.0,False,0.0,tier_b,B-24-07,487,channel-wide,off,nc
model,being_overtaken,8.71207449048735,1.6607810930953832,-9.20132754577124,,False,,collision:obstacle,True,False,59,-453.106475777702,-16.62122501622029,0,0,0,17,0,0.0,0.0,0.0,4.104006176844516,0.0,0.4385016466079832,0.6484011544515967,3.1895472858391805,1.853549744266345,0,,False,being_overtaken,17,0.0,False,0.0,tier_b,B-24-08,488,channel-wide,off,nc
model,being_overtaken,8.62116731193575,2.115467472662786,-9.1275054579281,,False,,goal,False,False,72,88.38346935934783,-11.637222811479514,0,0,0,30,0,0.0,0.0,0.0,2.87338834851346,0.0,0.5341657588728688,0.7732157749786083,3.512443309470743,1.179298174811935,0,,False,being_overtaken,30,0.0,False,0.0,tier_b,B-24-09,489,channel-wide,off,nc
model,being_overtaken,9.725026990649589,1.6720698118476431,5.092688321189339,,False,,goal,False,False,79,3.2768562451777683,-36.17723554274036,0,0,0,9,0,0.0,0.0,0.0,8.932650751293917,0.0,0.4927290924517126,0.6842472620857265,1.5089504858928968,1.3839320954024747,0,,False,being_overtaken,19,0.0,False,0.0,tier_b,B-24-10,490,channel-wide,off,nc
model,being_overtaken,10.141253558356846,1.98425346888397,2.554588777759557,,False,,goal,False,False,66,99.0095919388472,-25.1263609557207,0,0,0,7,0,0.0,0.0,0.0,6.204039742153259,0.0,0.5868549067665675,0.7846564054116295,1.866889763652942,0.5836879603555248,0,,False,being_overtaken,18,0.0,False,0.0,tier_b,B-24-11,491,channel-wide,off,nc
model,being_overtaken,8.732542822818804,1.670162036801078,7.002645151168821,,False,,goal,False,False,88,-58.024273374413056,-42.91553251902442,0,0,0,8,0,0.0,0.0,0.0,12.116219256420482,0.0,0.4556016747923843,0.7680102366050492,1.4612356196441156,1.5865187802998273,0,,False,being_overtaken,18,0.0,False,0.0,tier_b,B-24-12,492,channel-wide,off,nc
model,being_overtaken,8.302423629187722,1.5468909819404986,-4.708004651273683,,False,,goal,False,False,69,65.76104596040554,-12.92562856560965,0,0,0,5,0,0.0,0.0,0.0,3.1915132260764563,0.0,0.5651069118457015,0.743000891102916,2.4776238388823164,1.560623406904481,0,,False,being_overtaken,17,0.0,False,0.0,tier_b,B-24-13,493,channel-wide,off,nc
model,being_overtaken,8.207484069554228,1.431911418108696,7.106536495085301,,False,,collision:boundary,True,False,66,-384.04666942835377,-31.20421529161863,0,0,0,11,0,0.0,0.0,0.0,7.704744516449046,0.0,0.5936179767843024,0.8739161603403123,1.5465918613392595,1.0591038830004695,0,,False,being_overtaken,20,0.0,False,0.0,tier_b,B-24-14,494,channel-wide,off,nc
model,being_overtaken,10.150569285298523,1.2337767967048168,2.098308615412698,,False,,collision:boundary,True,False,68,-378.5076251603566,-26.322093151939036,0,0,2,8,0,0.0,0.0,0.1000258058311446,6.41037043233257,0.0,0.5756140728994766,0.9353641729604364,1.301373699088726,1.2186579818251924,0,,False,being_overtaken,18,0.0,False,0.0,tier_b,B-24-15,495,channel-wide,off,nc
model,being_overtaken,9.813765809939229,1.8827285556137312,5.753849198157074,,False,,goal,False,False,86,-14.607922185482096,-10.70999078919784,0,0,0,4,0,0.0,0.0,0.0,2.644442170172306,0.0,0.4601865136272932,0.6799771237897997,1.5788708147267745,1.5881503978801932,0,,False,being_overtaken,14,0.0,False,0.0,tier_b,B-24-16,496,channel-wide,off,nc
model,being_overtaken,7.688348876090628,1.6049480744493156,7.349449477400128,,False,,goal,False,False,69,104.01906542521591,-20.86724629874732,0,0,0,7,0,0.0,0.0,0.0,5.152406493517856,0.0,0.5603526317209855,0.7535653750545226,1.886849208078519,0.4472712319258755,0,,False,being_overtaken,18,0.0,False,0.0,tier_b,B-24-17,497,channel-wide,off,nc
model,being_overtaken,9.187772727743308,1.6807035742157463,2.570955072461821,,False,,goal,False,False,70,111.35917153368403,-16.41524917015641,0,0,0,5,0,0.0,0.0,0.0,4.053147943248496,0.0,0.5460516214826431,0.71937214293307,1.654584568214876,0.3871481712168138,0,,False,being_overtaken,14,0.0,False,0.0,tier_b,B-24-18,498,channel-wide,off,nc
model,being_overtaken,8.100396141630856,1.4951081851729429,-6.20562678750455,,False,,collision:obstacle,True,False,40,-364.3280822705564,-10.254144696062175,0,0,0,5,0,0.0,0.0,0.0,2.531887579274611,0.0,0.4308378619132652,0.554606631103742,2.0977603078899763,0.6619115859705156,0,,False,being_overtaken,15,0.0,False,0.0,tier_b,B-24-19,499,channel-wide,off,nc
model,,9.148491274517,6.402787750407577,0.4397175180479955,,,,goal,False,False,66,87.9295743320028,-7.028637719002166,3,0,1,0,0,1.3610713461594504,0.0,0.0809262654202459,0.0,0.0,0.5816783093677313,0.892423303516383,8.74887776525163,0.5244726126880689,0,,False,overtaking,7,0.0,False,0.0,tier_b,B-25-00,500,channel-wide,off,cv
model,,9.451734655464186,4.731557190491743,-5.032369587205379,,,,goal,False,False,69,102.75877633310438,0.0,0,0,0,0,0,0.0,0.0,0.0,0.0,0.0,0.5639454889764172,0.6857680824249534,7.5551975761235,1.6118210720497914,0,,False,never,0,0.0,False,0.0,tier_b,B-25-01,501,channel-wide,off,cv
model,,8.944260724853711,8.952642133156829,8.893581489770433,,,,goal,False,False,67,100.33854523385584,0.0,0,0,0,0,0,0.0,0.0,0.0,0.0,0.0,0.5757945079778891,0.7429006040398441,9.004264882505483,1.4996937973571156,0,,False,never,0,0.0,False,0.0,tier_b,B-25-02,502,channel-wide,off,cv
model,,8.840206203133084,6.161425379424803,1.5293254566548935,,,,goal,False,False,76,28.73810240324353,0.0,0,0,0,0,0,0.0,0.0,0.0,0.0,0.0,0.5367704417241984,0.7332760285199589,8.073819420599554,1.7685515720414002,0,,False,never,0,0.0,False,0.0,tier_b,B-25-03,503,channel-wide,off,cv
model,,8.620568506562376,10.962511564517294,9.142703552249934,,,,goal,False,False,61,82.02266878967332,0.0,0,0,0,0,0,0.0,0.0,0.0,0.0,0.0,0.6511508796625238,0.800173421021523,9.53468479321154,1.95726277947333,0,,False,never,0,0.0,False,0.0,tier_b,B-25-04,504,channel-wide,off,cv
model,,9.242216649590386,11.219622393304087,8.184640378419932,,,,collision:obstacle,True,False,22,-377.82771549253226,0.0,0,0,0,0,0,0.0,0.0,0.0,0.0,0.0,0.4561499776628873,0.5929465007278423,11.664062522687413,0.5203176128183395,0,,False,never,0,0.0,False,0.0,tier_b,B-25-05,505,channel-wide,off,cv
model,,8.61309733735999,6.25032246275428,-5.682538319219743,,,,collision:obstacle,True,False,61,-373.8073712631742,0.0,0,0,0,0,0,0.0,0.0,0.0,0.0,0.0,0.4655794143284877,0.5603169633019692,8.987177572473929,1.8768211043442664,0,,False,never,0,0.0,False,0.0,tier_b,B-25-06,506,channel-wide,off,cv
model,,9.617260342216374,3.04771600803764,2.69249906769684,,,,goal,False,False,68,70.20108147323148,0.0,0,0,0,0,0,0.0,0.0,0.0,0.0,0.0,0.5801458511197851,0.7240403544447505,8.286925098065344,1.7688725985516591,0,,False,never,0,0.0,False,0.0,tier_b,B-25-07,507,channel-wide,off,cv
model,,8.13414758986525,7.280631951295624,-7.315134375813792,,,,goal,False,False,65,0.9107698992768718,0.0,0,0,0,0,0,0.0,0.0,0.0,0.0,0.0,0.6262930799978512,0.7829114407618125,11.017180186759836,2.1382170576249946,0,,False,never,0,0.0,False,0.0,tier_b,B-25-08,508,channel-wide,off,cv
model,,9.737461975003688,8.016092314131617,5.597294768606961,,,,goal,False,False,61,48.66081724380062,-0.6212730908127828,4,0,0,0,0,0.1255097153157137,0.0,0.0,0.0,0.0,0.6473318875023818,0.92144592709135,5.708733842737488,1.5066801147622797,0,,False,overtaking,9,0.0,False,0.0,tier_b,B-25-09,509,channel-wide,off,cv
model,,8.122325075182271,7.841318139058018,-6.207095948311854,,,,goal,False,False,68,123.35487483921506,0.0,0,0,0,0,0,0.0,0.0,0.0,0.0,0.0,0.5633126031942279,0.6634772140282233,8.67154073356534,0.9994328877597768,0,,False,never,0,0.0,False,0.0,tier_b,B-25-10,510,channel-wide,off,cv
model,,9.90880419642528,5.663451138824793,-0.4308896439005689,,,,goal,False,False,63,104.67355091989208,0.0,0,0,0,0,0,0.0,0.0,0.0,0.0,0.0,0.6019100614502471,0.8501530031214735,11.75422346490303,0.5297426128526512,0,,False,never,0,0.0,False,0.0,tier_b,B-25-11,511,channel-wide,off,cv
model,,9.502938650714109,3.825723767036251,0.211251499688668,,,,goal,False,False,67,94.3503449527778,0.0,0,0,0,0,0,0.0,0.0,0.0,0.0,0.0,0.5766784826191578,0.7215728812647297,7.039362153167607,1.3487040223049138,0,,False,never,0,0.0,False,0.0,tier_b,B-25-12,512,channel-wide,off,cv
model,,9.145113939273807,4.65353886459703,9.684145237801992,,,,goal,False,False,73,140.2694094704431,0.0,0,0,0,0,0,0.0,0.0,0.0,0.0,0.0,0.5155367705353907,0.6763294604732907,7.805245741064653,0.2734140150519555,0,,False,never,0,0.0,False,0.0,tier_b,B-25-13,513,channel-wide,off,cv
model,,8.540869003685835,6.440878065760948,-5.532642964342569,,,,goal,False,False,70,72.08841921436736,0.0,0,0,0,0,0,0.0,0.0,0.0,0.0,0.0,0.5655112303491598,0.7162041612154276,7.75602103158286,1.6198799154256385,0,,False,never,0,0.0,False,0.0,tier_b,B-25-14,514,channel-wide,off,cv
model,,9.530458451563968,0.8811586963066381,4.713357731970419,,,,goal,False,False,68,59.856006638174655,-6.368438533877811,5,0,4,0,0,0.8692845731951507,0.0,0.5737444157116152,0.0,0.0,0.5926697696562874,0.7538405171542307,8.01687678567373,1.9085821660114828,0,,False,overtaking,5,0.0,False,0.0,tier_b,B-25-15,515,channel-wide,off,cv
model,,8.880922171258694,1.2697132938208866,-5.3031942083467705,,,,goal,False,False,73,15.715254803859253,0.0,0,0,0,0,0,0.0,0.0,0.0,0.0,0.0,0.548156878309371,0.6611979805939106,7.804172030695762,2.392950757645557,0,,False,never,0,0.0,False,0.0,tier_b,B-25-16,516,channel-wide,off,cv
model,,9.098926431956274,4.908386944179392,-0.4976229718727971,,,,goal,False,False,70,142.78724150029225,0.0,0,0,0,0,0,0.0,0.0,0.0,0.0,0.0,0.5397282028155937,0.5969936189234517,6.598421297143587,0.6732839789572574,0,,False,never,0,0.0,False,0.0,tier_b,B-25-17,517,channel-wide,off,cv
model,,9.751036800492589,7.5754217263946355,-5.412589800173107,,,,goal,False,False,71,73.7242477262927,0.0,0,0,0,0,0,0.0,0.0,0.0,0.0,0.0,0.5465388862704502,0.6344133322095761,8.322974889203103,1.419577214533237,0,,False,never,0,0.0,False,0.0,tier_b,B-25-18,518,channel-wide,off,cv
model,,7.791952507070525,6.698525261744153,6.654726730636785,,,,goal,False,False,66,114.29489184220976,0.0,0,0,0,0,0,0.0,0.0,0.0,0.0,0.0,0.5794167374598158,0.6741795560564198,7.63483309802672,0.937926374641089,0,,False,never,0,0.0,False,0.0,tier_b,B-25-19,519,channel-wide,off,cv
model,head_on,6.125702528734099,0.8270327845462129,179.2251828374541,,,,collision:boundary,True,False,41,-528.460240292987,-18.65592714454959,5,0,14,0,0,0.6706272972455847,0.0,4.260089450884429,0.0,0.0,0.6337838000781831,0.8864960161080612,2.679952980811015,1.7870127335596546,0,,False,head_on,14,0.0,False,0.0,tier_b,B-26-00,520,channel-intermediate,off,cv
model,head_on,6.956945872821609,1.1262771991837688,171.96380863412057,,,,goal,False,False,57,86.58621415034204,-42.43659449654776,15,0,3,0,6,7.434559471954427,0.0,0.1778981444576352,0.0,1.1100203978501924,0.6685407140192592,0.9461188403372726,1.913776384805264,0.4171772723912471,0,,False,head_on,25,0.0,False,0.0,tier_b,B-26-01,521,channel-intermediate,off,cv
model,head_on,5.813691612373368,0.7243904830463765,178.1593207818909,,,,goal,False,False,55,65.51747570490382,-51.247477582762095,13,0,6,0,8,7.3310058628840125,0.0,1.0676830319129371,0.0,2.4700754770221427,0.6988144455882511,0.926175582197176,1.5950596646375188,0.4741740075606408,0,,False,head_on,21,0.0,False,0.0,tier_b,B-26-02,522,channel-intermediate,off,cv
model,head_on,5.076838830359651,1.410166799504215,175.4952759060759,,,,goal,False,False,54,29.08824024864224,-51.93018820885528,13,0,23,0,6,4.317017444611135,0.0,7.779339438744716,0.0,0.5678510841220391,0.7196101840501238,0.9936955962168036,2.2370294780331,0.5498663874014341,0,,False,head_on,23,0.0,False,0.0,tier_b,B-26-03,523,channel-intermediate,off,cv
model,head_on,7.5386941186049725,1.13545725945971,170.05394369213835,,,,goal,False,False,55,58.72541553423697,-18.75403292228541,3,0,6,0,3,2.4702526531653644,0.0,1.13720475965683,0.0,0.5405211454116156,0.7172715652937838,0.9472969752577302,2.213524741895596,1.1088126716825568,0,,False,head_on,20,0.0,False,0.0,tier_b,B-26-04,524,channel-intermediate,off,cv
model,head_on,6.993099870476826,0.8766186172193919,187.59693364868988,,,,goal,False,False,57,76.81414101579736,-26.42676472645889,9,0,1,0,6,3.769455918984334,0.0,0.2109441033456571,0.0,1.5574575900982377,0.6777056502232298,0.8591549707553154,2.2003473879732587,0.9226792661798396,0,,False,head_on,21,0.0,False,0.0,tier_b,B-26-05,525,channel-intermediate,off,cv
model,head_on,7.467207676924273,0.3007041506316268,171.07209828075926,,,,goal,False,False,59,95.19125486326584,-35.018049692592534,7,0,10,0,1,4.971774936517325,0.0,2.678037573614898,0.0,0.1704063315151411,0.660696335360832,0.8990807635916958,1.4957009514163848,0.5355422552171856,0,,False,head_on,23,0.0,False,0.0,tier_b,B-26-06,526,channel-intermediate,off,cv
model,head_on,5.757362771720688,0.8456426532500301,177.26385192122825,,,,goal,False,False,52,-289.84145469229804,-33.9866398380903,9,0,8,0,2,5.267255325364717,0.0,1.5547742911053892,0.0,0.5147863399012351,0.7563373146360626,0.9544302948187906,1.7306519175459378,1.5007024243118705,0,,False,head_on,21,0.0,False,0.0,tier_b,B-26-07,527,channel-intermediate,off,cv
model,head_on,6.717905894864317,1.6376791104899888,175.81771862101834,,,,goal,False,False,60,85.54580767617377,0.0,0,0,0,0,0,0.0,0.0,0.0,0.0,0.0,0.6454001244931626,0.8594023308846193,3.281657736390408,1.1483594737126144,0,,False,never,0,0.0,False,0.0,tier_b,B-26-08,528,channel-intermediate,off,cv
model,head_on,5.954108607547361,1.796434273900808,179.5749582717038,,,,collision:target,True,True,28,-319.6499885199189,-7.390908645008864,0,0,7,0,3,0.0,0.0,0.860470573612342,0.0,0.9540476844454292,0.4661415213790788,0.591453671383323,0.9998270816763486,0.8988089281598535,0,,False,head_on,17,0.0,False,0.0,tier_b,B-26-09,529,channel-intermediate,off,cv
model,head_on,7.397610601606316,0.9545745971014064,170.05700387770744,,,,goal,False,False,56,71.4399573958772,0.0,0,0,0,0,0,0.0,0.0,0.0,0.0,0.0,0.6913669187776748,0.8716700522328815,3.150529574001808,1.6094464301974716,0,,False,never,0,0.0,False,0.0,tier_b,B-26-10,530,channel-intermediate,off,cv
model,head_on,4.883712477902309,0.9460277466862236,180.7821626860525,,,,goal,False,False,55,59.89939320391791,-57.53160304770783,15,0,5,0,9,9.054604691003831,0.0,1.309959960700025,0.0,1.77676754860417,0.6940350405061001,0.9368572747911432,1.7547297096003756,0.4435369534111796,0,,False,head_on,23,0.0,False,0.0,tier_b,B-26-11,531,channel-intermediate,off,cv
model,head_on,6.031453920675728,0.76794608047052,172.7295372442368,,,,goal,False,False,55,37.16855792551309,-32.60428987921741,8,0,8,0,7,3.5464030347454925,0.0,1.906922988126888,0.0,1.8188160222156495,0.7278134662351751,0.9207913670988616,1.7426805142437574,1.0425765488547711,0,,False,head_on,20,0.0,False,0.0,tier_b,B-26-12,532,channel-intermediate,off,cv
model,head_on,7.231250417382652,0.7489811747856479,173.57331880518225,,,,goal,False,False,59,112.75582473649985,-12.913164627204676,2,0,8,0,2,1.218612404795031,0.0,1.18551458934225,0.0,0.5807068226304825,0.6614407793668639,0.9180715845438446,1.2539307129652495,0.5326836538826972,0,,False,head_on,17,0.0,False,0.0,tier_b,B-26-13,533,channel-intermediate,off,cv
model,head_on,5.401785972485323,1.0821976558040416,179.6018334050062,,,,goal,False,False,60,92.27136345153689,-35.51847398999831,10,0,23,0,1,1.412834792424812,0.0,7.889539209396371,0.0,0.0272445808152351,0.6355697596174228,0.7236120594393007,2.161278787526657,0.6398181801245573,0,,False,head_on,24,0.0,False,0.0,tier_b,B-26-14,534,channel-intermediate,off,cv
model,head_on,8.068235091918208,1.527778072988034,182.8668975257964,,,,goal,False,False,61,52.28137072932113,-44.92767947345905,23,0,17,0,2,7.314031927651252,0.0,2.280775487042363,0.0,0.1138732618295225,0.643418082727061,0.8303634714261897,3.707566287091776,1.6980203164283765,0,,False,head_on,23,0.0,False,0.0,tier_b,B-26-15,535,channel-intermediate,off,cv
model,head_on,5.446065671341044,0.4971910242099493,171.1992350578744,,,,goal,False,False,55,86.3169753716185,-30.06779153959897,6,0,5,0,5,4.729381550550612,0.0,0.5242688170214952,0.0,1.059996694021346,0.6938991305222779,0.9547653181869552,1.4928347643948912,0.4476104782188607,0,,False,head_on,17,0.0,False,0.0,tier_b,B-26-16,536,channel-intermediate,off,cv
model,head_on,5.21553423070622,0.2575655733281778,188.65456486550303,,,,goal,False,False,60,76.60116726305331,-42.82946062556762,8,0,18,0,5,3.5235779007230974,0.0,5.274234781578249,0.0,1.4223344007347976,0.6318905218791753,0.753994685164288,1.478962238912285,0.6783055834849956,0,,False,head_on,18,0.0,False,0.0,tier_b,B-26-17,537,channel-intermediate,off,cv
model,head_on,6.946852752850262,1.0005699658701128,180.40805944103545,,,,goal,False,False,61,60.95758603567029,-33.559126039942605,11,0,19,0,0,2.258134228858784,0.0,6.2170448908587845,0.0,0.0,0.6253547585017745,0.7464546224791544,2.5654428603847026,1.010632180871925,0,,False,head_on,19,0.0,False,0.0,tier_b,B-26-18,538,channel-intermediate,off,cv
model,head_on,7.177334418498325,0.3563029607458579,175.49838349228597,,,,goal,False,False,59,23.957825145808755,-21.503629937874383,5,0,13,0,0,1.117636772051974,0.0,4.436479976726977,0.0,0.0,0.6673477032496082,0.8882385435896667,2.596797228962006,1.544311735053816,0,,False,head_on,13,0.0,False,0.0,tier_b,B-26-19,539,channel-intermediate,off,cv
model,head_on,5.636340566052383,0.5780312380167882,173.7248815417449,,,,goal,False,False,54,42.59490340959084,-22.06974271562224,14,0,2,0,7,3.5709872219627825,0.0,0.1209602040071182,0.0,0.8795331627735182,0.7299759606545941,0.9490171887354292,2.266917016253906,1.1134824539992831,0,,False,head_on,23,0.0,False,0.0,tier_b,B-27-00,540,channel-intermediate,off,re
model,head_on,7.549265868957709,0.0645642673584812,174.35567391899227,,,,goal,False,False,57,90.34158755476167,-24.289129335513906,9,0,10,0,6,2.6552561230785514,0.0,2.3194858689326763,0.0,0.6212138662483205,0.6849782415184614,0.945507980496894,1.3633989153770616,0.7232789621020745,0,,False,head_on,24,0.0,False,0.0,tier_b,B-27-01,541,channel-intermediate,off,re
model,head_on,4.761654993449325,0.047834715322673,187.7846760103453,,,,collision:boundary,True,False,28,-378.4891020624196,-47.52608397932711,9,0,14,0,10,5.751297360334638,0.0,3.3535640463912726,0.0,1.5520736619249036,0.6486772442773728,0.9486864184534816,1.0627465228470794,0.5603720001122097,0,,False,head_on,24,0.0,False,0.0,tier_b,B-27-02,542,channel-intermediate,off,re
model,head_on,6.174725728464878,1.2596531166153293,177.9361554855744,,,,goal,False,False,59,81.12676174381915,-28.40461892189289,15,0,19,0,1,2.329966847300896,0.0,4.627092296836417,0.0,0.0475001686983009,0.6521755088241061,0.8024024832240678,3.086931523176759,1.1036416801317916,0,,False,head_on,25,0.0,False,0.0,tier_b,B-27-03,543,channel-intermediate,off,re
model,head_on,4.538565103067743,0.0225152809438959,177.463224047068,,,,goal,False,False,53,-37.01487204701131,-25.11109344055769,7,0,5,0,1,3.986301167437586,0.0,1.3919367295492695,0.0,0.081762318969838,0.7388893261055657,1.0109672968668044,1.120271911580412,0.6375683427120951,0,,False,head_on,21,0.0,False,0.0,tier_b,B-27-04,544,channel-intermediate,off,re
model,head_on,5.856209087426823,1.276194658806324,186.52852319207244,,,,goal,False,False,57,81.18306500818981,-45.21002302983226,14,0,6,0,9,7.196941063577946,0.0,1.268989323709839,0.0,1.1148451555035557,0.6731334420582599,0.9459652034357556,1.9575648660279423,0.4020617438547434,0,,False,head_on,28,0.0,False,0.0,tier_b,B-27-05,545,channel-intermediate,off,re
model,head_on,4.505158605704656,0.0061812969970473,178.8873214692986,,,,collision:boundary,True,False,32,-433.0553970710973,-31.43736588385631,7,0,13,0,0,4.2085237825560124,0.0,2.94588143339001,0.0,0.0,0.6900148038433689,0.9267811491860788,1.222605787808415,0.7076299975757504,0,,False,head_on,24,0.0,False,0.0,tier_b,B-27-06,546,channel-intermediate,off,re
model,head_on,4.986439931836464,0.2072348959391896,177.83502000519883,,,,goal,False,False,57,43.70108479330165,-41.62815019384925,9,0,13,0,2,5.776518987541659,0.0,3.566196931799152,0.0,0.0435716113424614,0.6905899241093801,0.92700496537972,0.9699590022147596,0.7313309031833137,0,,False,head_on,26,0.0,False,0.0,tier_b,B-27-07,547,channel-intermediate,off,re
model,head_on,5.427983456274543,1.889926796665295,175.37583631517222,,,,goal,False,False,65,40.02008497184445,-72.38403779235288,23,0,0,0,13,10.617110348420027,0.0,0.0,0.0,4.406520348371945,0.5835775795268934,0.762487182092884,1.1257417777957888,0.6624984233501745,0,,False,crossing,30,1.0,True,0.0,tier_b,B-27-08,548,channel-intermediate,off,re
model,head_on,5.440527516655765,1.1503323809061292,189.1422389909989,,,,goal,False,False,57,104.6045946952976,-16.14976830666019,10,0,0,0,1,3.219970230273268,0.0,0.0,0.0,0.0468701481794473,0.6693124603811346,0.8333734926739707,2.3595280361318,0.5743928135078693,0,,False,crossing,22,0.0,False,0.0,tier_b,B-27-09,549,channel-intermediate,off,re
model,head_on,5.221419856377666,0.9406929835649268,171.5822262801013,,,,collision:boundary,True,False,39,-406.7784608326507,-13.292342134582215,2,0,8,0,3,1.0143166515845676,0.0,1.8596086413382047,0.0,0.3504185778713486,0.6752782890219887,0.8497999514995068,1.5550994811981589,1.0210662303658775,0,,False,head_on,20,0.0,False,0.0,tier_b,B-27-10,550,channel-intermediate,off,re
model,head_on,6.131811764580253,0.9647373751020114,184.47975860986068,,,,goal,False,False,56,20.952795030019644,-44.92445974747891,21,0,26,0,0,4.611401580282765,0.0,6.138339423633116,0.0,0.0,0.6913931781801956,0.8474851391195686,3.184014927890252,1.4734106090814292,0,,False,head_on,26,0.0,False,0.0,tier_b,B-27-11,551,channel-intermediate,off,re
model,head_on,7.174954060363126,1.1487220015984485,177.7398784993976,,,,goal,False,False,59,79.12435797527944,-25.28757955351519,13,0,22,0,1,2.1431656313552065,0.0,4.040014675178098,0.0,0.0299681883701701,0.6540376261940586,0.7919781507025024,3.31251176195662,1.3577723453900177,0,,False,head_on,27,0.0,False,0.0,tier_b,B-27-12,552,channel-intermediate,off,re
model,head_on,7.552574964914415,0.533846475339095,180.57241842030447,,,,goal,False,False,59,87.36402757582988,-47.04683275925732,14,0,3,0,9,7.406169884015602,0.0,0.3876776770876133,0.0,1.997922710192148,0.653272337924889,0.883711614991922,1.5483513962422106,0.5215701477725614,0,,False,head_on,22,0.0,False,0.0,tier_b,B-27-13,553,channel-intermediate,off,re
model,head_on,6.947996617924392,1.2648542116764827,181.02519660371252,,,,goal,False,False,59,113.8808517522944,-20.147834179003542,10,0,4,0,4,3.2035678090426254,0.0,0.7207512820715499,0.0,0.376770868618881,0.6504660222077377,0.8719210478699808,2.182897039542835,0.5261885311863906,0,,False,head_on,25,0.0,False,0.0,tier_b,B-27-14,554,channel-intermediate,off,re
model,head_on,7.252857397048218,1.408051199866614,187.07606001398293,,,,goal,False,False,63,115.81462333484464,-11.798493085063882,10,0,0,0,0,2.383533956578562,0.0,0.0,0.0,0.0,0.610663767836598,0.6852634368223113,3.160955933888749,0.9291644791360912,0,,False,crossing,16,0.0,False,0.0,tier_b,B-27-15,555,channel-intermediate,off,re
model,head_on,5.818332159677988,0.4119424422336528,182.4908123113241,,,,goal,False,False,60,46.781406147184754,-68.23510617915113,18,0,26,0,9,6.678283015537969,0.0,8.737239094264039,0.0,0.8274543361972501,0.6356331413693727,0.7514173432764594,1.7636881349175824,0.8394666848105694,0,,False,head_on,26,0.0,False,0.0,tier_b,B-27-16,556,channel-intermediate,off,re
model,head_on,7.099405613673572,1.7402339283270123,181.36247289217567,,,,goal,False,False,58,33.17091427682959,-33.675434677491786,9,0,7,0,4,5.190945864799472,0.0,1.705087581373189,0.0,0.409319411953538,0.6896036942991706,0.8976853021357146,2.4941126939381286,1.0253603082981242,0,,False,head_on,26,0.0,False,0.0,tier_b,B-27-17,557,channel-intermediate,off,re
model,head_on,7.488112800857373,1.847903867745566,173.18333629459906,,,,goal,False,False,61,83.65826539312422,-40.14853385915404,19,0,23,0,1,5.447072633711279,0.0,3.4438499666948603,0.0,0.1750365427070443,0.6260436741717116,0.7304943736360735,3.5090911006322023,1.0964691576501149,0,,False,head_on,26,0.0,False,0.0,tier_b,B-27-18,558,channel-intermediate,off,re
model,head_on,7.845041044834642,0.3384853999603752,185.1672464165699,,,,goal,False,False,66,50.43862500909181,-76.60752893743823,20,0,24,0,9,8.323820712234482,0.0,7.157428124902607,0.0,2.141750036050705,0.5785324236364436,0.7340307725343047,1.488475060947195,0.8839690501225113,0,,False,head_on,24,0.0,False,0.0,tier_b,B-27-19,559,channel-intermediate,off,re
model,head_on,4.246247053032231,0.328944599212446,179.77544168532853,,,,collision:target,True,True,28,-308.23980287809644,-18.451823779008716,7,0,15,0,2,0.9168508176953568,0.0,3.736519069797402,0.0,0.1026541289213443,0.661995282886797,0.8143770818847642,1.0983307529276365,0.4940899271548394,0,,False,head_on,24,0.0,False,0.0,tier_b,B-28-00,560,channel-intermediate,off,nc
model,head_on,7.530804962356356,0.8406801546919036,185.7858973349206,,,,goal,False,False,63,93.74799149032684,-42.83577490075851,11,0,22,0,8,2.1633069810376906,0.0,7.621563812160305,0.0,1.0421723601877415,0.6011904303263542,0.6982812564976734,2.132004200456561,0.8138088943299233,0,,False,head_on,22,0.0,False,0.0,tier_b,B-28-01,561,channel-intermediate,off,nc
model,head_on,6.630566715718132,0.5247636882883611,181.336830061463,,,,goal,False,False,64,55.29480453147037,-75.88496970244344,20,0,28,0,12,7.624915381312777,0.0,8.459855946744469,0.0,1.708034923703353,0.5928612107449944,0.729858615547396,1.6870135578837735,0.7141254945393558,0,,False,head_on,28,0.0,False,0.0,tier_b,B-28-02,562,channel-intermediate,off,nc
model,head_on,7.297045637112576,0.5625971551673332,175.63537048027894,,,,goal,False,False,59,37.4945676626084,-46.276884542250514,8,0,22,0,4,3.5080366120164803,0.0,7.5259630939637105,0.0,0.4041413721110167,0.6620590276790979,0.8958475306880026,1.85683757295082,1.5060384315507769,0,,False,head_on,22,0.0,False,0.0,tier_b,B-28-03,563,channel-intermediate,off,nc
model,head_on,6.834313285762588,0.456275222873632,189.0682375792225,,,,collision:target,True,True,23,-327.4360370411518,-37.71348403920841,9,0,19,0,4,4.878890765213401,0.0,2.768129150353202,0.0,0.7994910689178977,0.5753263910458485,0.6888846986928986,1.7903623863032694,0.4990921520896641,0,,False,head_on,21,0.0,False,0.0,tier_b,B-28-04,564,channel-intermediate,off,nc
model,head_on,5.286644573564902,1.4967708055417308,174.6111522805661,,,,goal,False,False,58,90.36002825275654,-39.77051424216072,13,0,6,0,8,6.048697422062695,0.0,1.0661660553141616,0.0,1.3313920452931969,0.6652888894731545,0.8589679518806252,2.0808125608889063,0.3997587224566903,0,,False,head_on,24,0.0,False,0.0,tier_b,B-28-05,565,channel-intermediate,off,nc
model,head_on,7.548392803938527,0.5200233885043548,175.78644237848198,,,,goal,False,False,66,69.32403055667487,-63.186485351972905,16,0,23,0,8,7.117704046253263,0.0,6.8427570945920255,0.0,0.737761062775102,0.5735180998565309,0.6678491141777793,1.6050565508101498,0.8392903448505308,0,,False,head_on,23,0.0,False,0.0,tier_b,B-28-06,566,channel-intermediate,off,nc
model,head_on,4.851927720644129,1.0925430880841738,176.28014441359622,,,,goal,False,False,58,64.22474218499437,-47.94139593977298,15,0,22,0,3,4.372885197162868,0.0,7.140129212672978,0.0,0.1313664551542315,0.6581477430730961,0.778586797916403,2.4552305032948856,0.7804716459349439,0,,False,head_on,22,0.0,False,0.0,tier_b,B-28-07,567,channel-intermediate,off,nc
model,head_on,5.025830198829072,0.8276515666564488,183.84419883647467,,,,goal,False,False,58,-336.3432886005496,-61.38297231724124,18,0,23,0,5,6.230104463419923,0.0,7.898843032402031,0.0,0.4684711792589552,0.6783422482274951,0.8663381222745042,2.467636715518148,1.2474953056907294,0,,False,head_on,23,0.0,False,0.0,tier_b,B-28-08,568,channel-intermediate,off,nc
model,head_on,5.887346363487382,0.4613808000163655,182.4543421439474,,,,collision:target,True,True,27,-344.7657719966272,-37.84490830549801,9,0,22,0,8,4.360189178712289,0.0,3.3221309881094925,0.0,0.956066736372892,0.4222554175109283,0.5976617980967711,1.8668608203429085,0.4562383587099123,0,,False,head_on,25,0.0,False,0.0,tier_b,B-28-09,569,channel-intermediate,off,nc
model,head_on,4.683301588227256,0.4196224629564551,181.8509766144216,,,,goal,False,False,60,-16.75654764338745,-33.732702886706385,9,0,11,0,1,4.648127886807412,0.0,2.965802800388051,0.0,0.0105732812472683,0.6754618276755067,0.8703884600502959,0.8119901881611171,0.7883031840908911,0,,False,head_on,24,0.0,False,0.0,tier_b,B-28-10,570,channel-intermediate,off,nc
model,head_on,6.841727385432511,1.0266584361874356,186.1345588268096,,,,goal,False,False,59,70.23193716180216,-43.12200781715296,13,0,26,0,3,3.980340038143656,0.0,6.261607934302868,0.0,0.1950080144114543,0.6492712692183236,0.7742196371520728,2.9179190785778184,1.1267324987682896,0,,False,head_on,28,0.0,False,0.0,tier_b,B-28-11,571,channel-intermediate,off,nc
model,head_on,4.751684617415451,1.225272827226815,177.15405040014167,,,,goal,False,False,56,-28.115197535384112,-51.5936697267265,12,0,3,0,8,8.865994786191465,0.0,0.4566477852191998,0.0,1.347347446286583,0.7150788773712108,0.8551638414878708,2.5046015113410696,0.8685124553601409,0,,False,head_on,22,0.0,False,0.0,tier_b,B-28-12,572,channel-intermediate,off,nc
model,head_on,7.590377106032922,1.6645280698734204,174.40248492929462,,,,goal,False,False,61,111.18794132079732,-27.68919720617054,15,0,24,0,0,0.7746375943996372,0.0,6.626316976081205,0.0,0.0,0.6206348085691763,0.7116393226872217,2.824134232343948,0.805540870379967,0,,False,head_on,24,0.0,False,0.0,tier_b,B-28-13,573,channel-intermediate,off,nc
model,head_on,6.55173767511018,1.0775799924705851,184.2645120726328,,,,goal,False,False,59,91.0911246351046,0.0,0,0,0,0,0,0.0,0.0,0.0,0.0,0.0,0.6552316811566924,0.8669329640223663,3.186188931739752,1.4122594840209262,0,,False,never,0,0.0,False,0.0,tier_b,B-28-14,574,channel-intermediate,off,nc
model,head_on,4.409446497999318,0.5563004947549948,174.61035719129137,,,,goal,False,False,56,24.78133085073516,-67.97953274742349,16,0,22,0,5,7.473230393163931,0.0,7.664305378000692,0.0,0.7545650978798953,0.6789881688600364,0.8155346943727619,1.9671304570253108,0.7814742033582905,0,,False,head_on,22,0.0,False,0.0,tier_b,B-28-15,575,channel-intermediate,off,nc
model,head_on,7.439663725922815,0.4032598053783875,187.4328244939858,,,,goal,False,False,66,51.78607901285552,-66.06936458440921,18,0,28,0,13,5.531288087686005,0.0,7.516606710424922,0.0,2.584378753963059,0.5798353936952853,0.6907901585879785,1.1867300941358214,1.0315644695984627,0,,False,head_on,28,0.0,False,0.0,tier_b,B-28-16,576,channel-intermediate,off,nc
model,head_on,4.567648713983348,1.1344169201613945,185.2728483045568,,,,goal,False,False,54,71.04563687900989,-38.4821619689187,13,0,6,0,4,6.30401045315895,0.0,1.3971908293329949,0.0,0.4994273867073607,0.7120485134716904,0.9578915467272135,1.9808770408745693,0.4974849657219944,0,,False,head_on,25,0.0,False,0.0,tier_b,B-28-17,577,channel-intermediate,off,nc
model,head_on,7.272609701615821,0.3310103130462929,173.63448836985694,,,,goal,False,False,59,75.48803518132284,-48.916290190172845,13,0,11,0,7,7.645502175602698,0.0,2.0786781796483003,0.0,0.7972917720456911,0.6591172321825254,0.8395418004788627,0.8927769954889455,0.7233761906410766,0,,False,head_on,25,0.0,False,0.0,tier_b,B-28-18,578,channel-intermediate,off,nc
model,head_on,7.074833692389394,1.3541136561667424,170.4018882700091,,,,goal,False,False,71,37.49978803886928,-13.90639765147365,13,0,0,0,2,2.49110400188294,0.0,0.0,0.0,0.3500961871451325,0.5626495835697859,0.8492389979648457,1.0592549778589684,1.7470998045286932,0,,False,crossing,25,1.0,True,0.0,tier_b,B-28-19,579,channel-intermediate,off,nc
model,crossing,5.840710627187466,1.961322681121539,141.81906495472555,port,,True,goal,False,False,60,-103.75841197170776,-28.702120344012933,7,4,0,0,7,2.468658037460585,0.1722331902354742,0.0,0.0,3.4732686148705416,0.6511223807415161,0.8110332089168469,1.4411903379173454,1.2453376822352729,0,,False,crossing,7,1.0,True,0.0,tier_b,B-29-00,580,channel-intermediate,off,cv
model,crossing,7.687303399916578,2.2108177540515777,93.9806880180958,port,,True,goal,False,False,83,-70.36282003832886,-3.3035079760214714,0,1,0,0,1,0.0,0.4305180217548296,0.0,0.0,0.2605430596300144,0.4903099609505523,0.8263151357274813,3.8405667645861623,2.347825747059016,0,,False,crossing,16,1.0,True,0.0,tier_b,B-29-01,581,channel-intermediate,off,cv
model,crossing,5.030437565723181,1.6601501811505406,100.67225388866912,port,,True,goal,False,False,58,-210.5031703227034,0.0,0,0,0,0,0,0.0,0.0,0.0,0.0,0.0,0.7061673992708274,0.9047505343880416,3.3341484533877788,1.4655797271040176,0,,False,never,0,0.0,False,0.0,tier_b,B-29-02,582,channel-intermediate,off,cv
model,crossing,5.129094547081336,0.0489561679604436,278.1267966227064,starboard,,False,collision:target,True,True,16,-304.3124863075931,-10.934383818438704,3,6,0,0,3,0.6696214054310439,1.3408885993885458,0.0,0.0,0.218302065462608,0.5585442100581084,0.6854361687070651,1.448303897237036,0.4869577728920002,0,,False,crossing,11,0.0,False,0.0,tier_b,B-29-03,583,channel-intermediate,off,cv
model,crossing,6.614237185312211,2.1516483947813936,191.51540684253067,starboard,,True,goal,False,False,60,121.68307241815522,-11.575472474757555,9,0,0,0,0,2.3384792878298097,0.0,0.0,0.0,0.0,0.6343953344241624,0.7855836009148071,3.1259252941649,0.6814623266210633,0,,False,crossing,14,0.0,False,0.0,tier_b,B-29-04,584,channel-intermediate,off,cv
model,crossing,6.835900936665272,0.266724623111485,99.05379931729912,port,,True,goal,False,False,67,-235.36486060547017,-15.045494050015249,1,4,0,0,6,0.001371411026753,1.4767482231189075,0.0,0.0,1.7175115246653838,0.6015944271363504,0.8367551373298339,1.86026419359768,1.6462222669688973,0,,False,crossing,19,1.0,True,0.0,tier_b,B-29-05,585,channel-intermediate,off,cv
model,crossing,4.60880001880253,0.5476967586344561,106.3498237265856,port,,False,collision:target,True,True,15,-353.28799739996487,-55.112794165109136,8,5,0,0,8,7.266121812422074,1.3114625618324005,0.0,0.0,2.863263464584449,0.5585227894020519,0.7442524027997355,1.6372355654903603,0.5351270307957401,0,,False,crossing,9,1.0,True,0.0,tier_b,B-29-06,586,channel-intermediate,off,cv
model,crossing,7.027079067639655,0.7992385282254605,242.5151106081155,starboard,,True,collision:target,True,True,21,-318.01173959818044,-21.380063073627607,3,1,0,0,4,1.47633148772537,0.316949120313007,0.0,0.0,2.778516458630587,0.529058801246168,0.6691304046473318,1.6405474270897082,0.6993588625201295,0,,False,crossing,4,0.0,False,0.0,tier_b,B-29-07,587,channel-intermediate,off,cv
model,crossing,7.292414116424716,1.356491745508274,119.85013416785158,port,,True,goal,False,False,65,72.80361141953216,-5.605622350205426,0,0,0,0,3,0.0,0.0,0.0,0.0,1.2456938556012058,0.6052254813487745,0.7313579937203579,2.6440515633976154,1.2889947449422992,0,,False,crossing,14,1.0,True,0.0,tier_b,B-29-08,588,channel-intermediate,off,cv
model,crossing,4.597400947125643,0.1154496903539473,105.5695078942366,port,,True,collision:target,True,True,20,-295.48584010565014,0.0,0,0,0,0,0,0.0,0.0,0.0,0.0,0.0,0.6630091567668197,0.8761595681944927,1.3611561357186217,0.338086143200685,0,,False,never,0,0.0,False,0.0,tier_b,B-29-09,589,channel-intermediate,off,cv
model,crossing,5.614955937260352,1.15834349560634,234.35562281303544,starboard,,True,collision:target,True,True,16,-316.9953250213257,-13.343374617755678,1,2,0,0,5,0.1668789511000787,0.337784054023439,0.0,0.0,2.4100650538653925,0.5167615905247842,0.6967536605199768,1.543088220029995,0.6066815908779425,0,,False,crossing,9,0.0,False,0.0,tier_b,B-29-10,590,channel-intermediate,off,cv
model,crossing,5.714119424948216,1.4270538897632803,109.9211426103904,port,,True,goal,False,False,62,38.79664106406914,-6.532973476087712,7,0,0,0,2,1.0133611992402043,0.0,0.0,0.0,0.3370745644108216,0.6347367145937878,0.8391516908551266,2.7792542988653945,1.4343797757727472,0,,False,crossing,12,1.0,True,0.0,tier_b,B-29-11,591,channel-intermediate,off,cv
model,crossing,5.497861598794929,0.6718291348934635,249.77719402611623,starboard,,False,goal,False,False,55,55.50576515830642,-35.56923818794727,8,11,0,0,7,3.122242207737954,2.9484554316566243,0.0,0.0,1.226507749543133,0.6984229238856848,0.8199438832276511,1.2199516959365844,0.6422058506457817,0,,False,crossing,13,0.0,False,0.0,tier_b,B-29-12,592,channel-intermediate,off,cv
model,crossing,6.526384819547507,1.1940281040956269,263.81965326820927,starboard,,True,collision:target,True,True,24,-313.2814532325333,-9.09631104799982,0,1,0,0,4,0.0,0.509467713646599,0.0,0.0,1.4609879700998116,0.5222442584395423,0.675614979994255,1.4148703017344582,0.963079578394011,0,,False,crossing,5,0.0,False,0.0,tier_b,B-29-13,593,channel-intermediate,off,cv
model,crossing,6.3636399103320045,1.2133607566068785,228.1407301478068,starboard,,False,goal,False,False,54,75.26744612908843,-0.6975485685857291,0,8,0,0,0,0.0,0.1409189027445917,0.0,0.0,0.0,0.7240830967815526,0.894718778345537,2.410879473196969,0.6282201793191114,0,,False,crossing,13,0.0,False,0.0,tier_b,B-29-14,594,channel-intermediate,off,cv
model,crossing,6.863958286165216,1.5916930976726908,289.6950945686368,starboard,,True,goal,False,False,81,-67.28887400595467,-46.27000697102192,14,5,0,0,4,6.414825689014989,2.428726418892559,0.0,0.0,0.5543164526399014,0.5038977509435383,0.8957590447735544,2.607652193599772,1.3007566565470785,0,,False,crossing,21,0.0,False,0.0,tier_b,B-29-15,595,channel-intermediate,off,cv
model,crossing,5.59332853502619,1.0440247669928917,122.36532874969598,port,,True,collision:target,True,True,21,-314.0462673395174,-16.149340000289385,4,0,0,0,3,2.6533245768214626,0.0,0.0,0.0,0.6700851877829206,0.5186050869589002,0.5946662048934249,1.3420211874973438,0.137763572911764,0,,False,crossing,4,1.0,True,0.0,tier_b,B-29-16,596,channel-intermediate,off,cv
model,crossing,4.718973895751366,0.0657091023412978,121.10415471380342,port,,True,collision:target,True,True,17,-326.3583557209369,-21.88509525161121,9,1,0,0,5,2.9973760479579474,0.0820871661758195,0.0,0.0,1.475944964810904,0.5065766255161152,0.6580620316734355,1.2547224553354432,0.4858033672582979,0,,False,crossing,10,1.0,True,0.0,tier_b,B-29-17,597,channel-intermediate,off,cv
model,crossing,6.567386294459272,0.9425330827508904,256.0623914750991,starboard,,True,collision:target,True,True,25,-299.36907004327867,0.0,0,0,0,0,0,0.0,0.0,0.0,0.0,0.0,0.566735521483542,0.675158121149269,1.263689690251392,0.9256510504072798,0,,False,never,0,0.0,False,0.0,tier_b,B-29-18,598,channel-intermediate,off,cv
model,crossing,5.587138887830712,0.7354547645693205,264.0945978199156,starboard,,False,collision:target,True,True,23,-329.48439616606976,-18.91575827929827,1,14,0,0,1,0.0232190654656749,3.709584374135729,0.0,0.0,0.0974180562825161,0.4978197196661442,0.7145302950769038,1.3508817841557084,0.9432635304095172,0,,False,crossing,15,0.0,False,0.0,tier_b,B-29-19,599,channel-intermediate,off,cv
model,crossing,6.50744339095752,0.6402007906602419,112.0612458181776,port,,True,collision:target,True,True,17,-291.3958137221713,0.0,0,0,0,0,0,0.0,0.0,0.0,0.0,0.0,0.5329513640859188,0.6779177115229924,1.470142856177975,0.1772765221508681,0,,False,never,0,0.0,False,0.0,tier_b,B-30-00,600,channel-intermediate,off,re
model,crossing,7.050639322821052,1.7400314865612074,89.14522944990415,port,,True,goal,False,False,65,101.54137138672996,-11.72459474418775,6,0,0,0,5,1.193241487499078,0.0,0.0,0.0,1.2928998624594024,0.5941435155282643,0.754333856994354,2.368986714899723,0.7633947255651103,0,,False,crossing,13,1.0,True,0.0,tier_b,B-30-01,601,channel-intermediate,off,re
model,crossing,6.2265059066597725,2.273671603261897,92.41646661760498,port,,True,goal,False,False,58,-17.434389464430424,0.0,0,0,0,0,0,0.0,0.0,0.0,0.0,0.0,0.6789372038234148,0.9578216735380138,4.068010274147516,1.336046587584398,0,,False,never,0,0.0,False,0.0,tier_b,B-30-02,602,channel-intermediate,off,re
model,crossing,4.975709478061986,0.9074669012017598,241.1110558215316,starboard,,True,collision:target,True,True,24,-353.36252471181405,-35.886225483782,6,5,0,0,6,3.56558774583644,1.8168437398226147,0.0,0.0,2.0540421399488173,0.4520461354724784,0.573756604328513,1.5950946009024627,0.813779855458154,0,,False,crossing,9,0.0,False,0.0,tier_b,B-30-03,603,channel-intermediate,off,re
model,crossing,4.3428793530901775,0.9808059031883488,89.2420958910696,port,,True,collision:target,True,True,16,-332.87825845363017,-24.050765376211054,3,3,0,0,3,1.7428291653106067,1.6808271833320532,0.0,0.0,1.653167061674414,0.5548102993018661,0.7411499484550821,1.4056910983302149,0.4210952576706752,0,,False,crossing,3,1.0,True,0.0,tier_b,B-30-04,604,channel-intermediate,off,re
model,crossing,7.3624508345070305,0.153539041836635,116.4494788323854,port,,True,collision:target,True,True,17,-349.93224052647224,-51.763336483686224,10,4,0,0,8,8.42905434781435,0.9579321740964164,0.0,0.0,1.177278488939537,0.4829312150925176,0.6328884216220265,1.5289662046011208,0.333623751411281,0,,False,crossing,13,1.0,True,0.0,tier_b,B-30-05,605,channel-intermediate,off,re
model,crossing,7.26634480016503,0.0245129560754245,135.95961456997713,port,,False,goal,False,False,69,-303.5238445448283,-3.43098930765757,0,1,0,0,3,0.0,0.0624999888455927,0.0,0.0,0.6936920806381968,0.5719058252734921,0.8588448282327931,1.070803520352409,1.6154894210587052,0,,False,crossing,16,1.0,True,0.0,tier_b,B-30-06,606,channel-intermediate,off,re
model,crossing,7.383889792794349,1.5321783972948246,102.49735492424055,port,,True,goal,False,False,66,116.7156766023512,-3.681926332142304,1,0,0,0,3,0.0061903240527415,0.0,0.0,0.0,0.8113964951291629,0.5827483690808338,0.7366115170513835,2.376179947877706,0.7098391534313693,0,,False,crossing,14,1.0,True,0.0,tier_b,B-30-07,607,channel-intermediate,off,re
model,crossing,5.699650528640476,0.4032910235479353,261.6633737409162,starboard,,False,collision:target,True,True,14,-331.9163723384333,-37.96766586944951,7,9,0,0,7,2.7239372069523946,3.3644182670864597,0.0,0.0,1.740068060657151,0.5465836234364716,0.7012022784423114,1.6668708489763262,0.4158530162462858,0,,False,crossing,11,0.0,False,0.0,tier_b,B-30-08,608,channel-intermediate,off,re
model,crossing,5.210446460543301,1.826503814889081,92.17889741247156,port,,True,collision:obstacle,True,False,45,-400.32098503118834,-0.2911223207563425,0,0,0,0,2,0.0,0.0,0.0,0.0,0.064693849056965,0.4161106214461832,0.7866001262735705,3.406227138068913,1.0131434830217487,0,,False,crossing,13,1.0,True,0.0,tier_b,B-30-09,609,channel-intermediate,off,re
model,crossing,5.641302329511519,1.3096629371272803,291.2882082965291,starboard,,True,goal,False,False,60,52.89365127273709,-40.31596742902772,9,4,0,0,5,3.842543370037308,3.409865684197749,0.0,0.0,1.383457741629481,0.633814204994226,0.8687996182812194,2.267437340835204,0.3159912397701147,0,,False,crossing,17,0.0,False,0.0,tier_b,B-30-10,610,channel-intermediate,off,re
model,crossing,5.706926698746658,0.822933573961569,104.71580125002612,port,,True,collision:target,True,True,20,-293.4132670109272,0.0,0,0,0,0,0,0.0,0.0,0.0,0.0,0.0,0.5448208255890592,0.7137777395602881,1.3377985840604345,0.303764687709564,0,,False,never,0,0.0,False,0.0,tier_b,B-30-11,611,channel-intermediate,off,re
model,crossing,5.054237238062528,1.4589624686385865,262.83641952129005,starboard,,True,collision:target,True,True,18,-311.4113091881913,-5.472205074970133,0,1,0,0,2,0.0,0.3838857474811172,0.0,0.0,0.7937712499863562,0.558226539423083,0.6874000027831634,1.354990126185459,0.8039102401462322,0,,False,crossing,6,0.0,False,0.0,tier_b,B-30-12,612,channel-intermediate,off,re
model,crossing,4.820271943694872,1.9138919558568632,76.7299656320883,port,,True,goal,False,False,69,-269.50090217815534,-2.3515424575450203,0,0,0,0,1,0.0,0.0,0.0,0.0,0.52256499056556,0.5688757815407297,0.7475411688866435,3.236890433046162,1.3205897176044994,0,,False,crossing,5,1.0,True,0.0,tier_b,B-30-13,613,channel-intermediate,off,re
model,crossing,6.479296651977671,1.2635874508555034,89.28967432373311,port,,True,goal,False,False,66,67.87534386968478,-18.893978221667087,10,0,0,0,6,3.0280723735027832,0.0,0.0,0.0,0.8677822161840687,0.5911789798774275,0.7896518228817464,3.022034614434092,1.2220053461915807,0,,False,crossing,20,1.0,True,0.0,tier_b,B-30-14,614,channel-intermediate,off,re
model,crossing,6.026624109762621,1.7500711330076326,274.1057721160098,starboard,,True,collision:target,True,True,31,-361.3760263885713,-40.49295028587808,9,2,0,0,4,6.152427971076738,1.1404713807304572,0.0,0.0,0.9762441098738784,0.5142268558067046,0.6647795726995602,1.2717580002676157,1.5831958722010018,0,,False,crossing,14,0.0,False,0.0,tier_b,B-30-15,615,channel-intermediate,off,re
model,crossing,6.841793409595863,0.887301327085564,235.59551937238209,starboard,,False,goal,False,False,61,-66.67802748000803,-44.60785333077315,13,17,0,0,3,6.459635259271958,2.290369988811228,0.0,0.0,0.2878505228358629,0.640602597376218,0.8371641477977241,1.587178354865063,1.445777605897109,0,,False,crossing,17,0.0,False,0.0,tier_b,B-30-16,616,channel-intermediate,off,re
model,crossing,5.322637444374652,1.8446439053548824,77.440367046215,port,,True,collision:target,True,True,25,-305.38661347191305,-12.766587934143852,1,4,0,0,3,0.1109134805669846,1.5664551215403746,0.0,0.0,0.9919140786027608,0.6097654876895686,0.7522050151003322,1.3867238367852186,0.3101549931791139,0,,False,crossing,10,1.0,True,0.0,tier_b,B-30-17,617,channel-intermediate,off,re
model,crossing,5.461946954779222,0.330697140489111,75.67787722197102,port,,True,collision:target,True,True,18,-341.51090246977515,-43.59087287798867,6,2,0,0,5,5.788155123605672,1.471383842622136,0.0,0.0,2.219838963389576,0.5413800381889516,0.6766844519186838,1.328708195762189,0.3939473950559015,0,,False,crossing,6,1.0,True,0.0,tier_b,B-30-18,618,channel-intermediate,off,re
model,crossing,6.4508931855632925,0.0436528935906646,234.8288153053574,starboard,,False,collision:target,True,True,20,-317.64575216769435,-11.608510642570906,0,5,0,0,2,0.0,1.4637411539132683,0.0,0.0,0.969553762377828,0.4463524358709218,0.5544409943003185,1.279522884288655,0.7426276435218692,0,,False,crossing,6,0.0,False,0.0,tier_b,B-30-19,619,channel-intermediate,off,re
model,crossing,5.165375906243743,1.7568044107244882,78.56506118855978,port,,True,collision:target,True,True,27,-309.34240201904225,-11.277319107483793,1,2,0,0,2,0.3140546744898113,0.8687650666743849,0.0,0.0,1.2049691974935597,0.5521406087545023,0.7253856333514994,1.2153590335740472,0.5154511950445066,0,,False,crossing,2,1.0,True,0.0,tier_b,B-31-00,620,channel-intermediate,off,nc
model,crossing,6.2129040128173765,2.372804697378027,97.6426526421752,port,,True,goal,False,False,67,55.81166680036484,-0.8857774650608237,5,0,0,0,0,0.17894494243653,0.0,0.0,0.0,0.0,0.5958103736302182,0.810149564306517,4.18203830729102,1.2725917448819193,0,,False,crossing,13,1.0,True,0.0,tier_b,B-31-01,621,channel-intermediate,off,nc
model,crossing,4.921607180795939,2.3616835114855865,161.50237383091485,port,,True,collision:obstacle,True,False,42,-452.7635000693596,-31.140797971957078,9,2,0,0,5,4.797500946681246,0.0112788088549423,0.0,0.0,1.6305195960117662,0.631596140298098,0.859236045862093,1.5617981049319003,1.270123898871338,0,,False,crossing,16,1.0,True,0.0,tier_b,B-31-02,622,channel-intermediate,off,nc
model,crossing,4.991520528012796,0.3967038711646012,73.63756341164047,port,,True,goal,False,False,83,-218.55492935977145,-6.336025926960273,14,0,0,0,5,0.9409300194617694,0.0,0.0,0.0,0.3729827401387811,0.4881547537931491,0.82063910778505,2.774515376744058,1.1721442268181428,0,,False,crossing,14,1.0,True,0.0,tier_b,B-31-03,623,channel-intermediate,off,nc
model,crossing,6.041030520822045,0.8120513112155175,219.35624508251112,starboard,,False,goal,False,False,55,4.692085438226641,-51.90424764363897,11,13,0,0,9,7.383051141416329,1.162911354098428,0.0,0.0,2.13371850907576,0.704865283241083,0.8535589344876383,1.8702580459480085,1.2296008726854957,0,,False,crossing,14,0.0,False,0.0,tier_b,B-31-04,624,channel-intermediate,off,nc
model,crossing,6.542958549413206,1.2595659680477649,253.21194604883425,starboard,,True,collision:target,True,True,16,-296.84025373054834,0.0,0,0,0,0,0,0.0,0.0,0.0,0.0,0.0,0.582391648946625,0.6792688332952098,1.4745189927808866,0.6458185568234729,0,,False,never,0,0.0,False,0.0,tier_b,B-31-05,625,channel-intermediate,off,nc
model,crossing,7.336802489931856,0.4973694439921913,109.31438560576936,port,,True,goal,False,False,67,46.09879251047967,-9.875217661689366,3,2,0,0,3,0.9922217052998894,0.6875284223742826,0.0,0.0,0.3467676732671584,0.5916455125777252,0.8260200983671407,2.904209209390015,1.633597665876259,0,,False,crossing,20,1.0,True,0.0,tier_b,B-31-06,626,channel-intermediate,off,nc
model,crossing,6.524499531605744,0.7173102652084793,286.28321988878463,starboard,,True,collision:target,True,True,31,-351.19611660159666,-20.61578269158055,10,6,0,0,4,1.9259580093190003,1.7948432069977187,0.0,0.0,0.4884037046250639,0.41284228825002,0.6242462283129001,1.662320910801317,0.7006000343967578,0,,False,crossing,21,0.0,False,0.0,tier_b,B-31-07,627,channel-intermediate,off,nc
model,crossing,6.16593630031296,0.3975104477905167,114.89934689495752,port,,True,goal,False,False,70,-32.742292833387566,0.0,0,0,0,0,0,0.0,0.0,0.0,0.0,0.0,0.560675721238859,0.8298188423175589,2.114624824717299,1.2125056755898895,0,,False,never,0,0.0,False,0.0,tier_b,B-31-08,628,channel-intermediate,off,nc
model,crossing,4.649910531367939,1.2464754143527563,154.15654082730674,port,,False,collision:target,True,True,17,-320.3436395566096,-12.60846743495959,8,0,0,0,3,1.9740234299107984,0.0,0.0,0.0,0.6304558793113636,0.4389209704674862,0.5855275308581338,1.8093989279378089,0.4108432865884934,0,,False,crossing,15,1.0,True,0.0,tier_b,B-31-09,629,channel-intermediate,off,nc
model,crossing,4.326134766084428,0.0397515043304916,74.58152685996741,port,,True,collision:boundary,True,False,24,-389.0703758016647,0.0,0,0,0,0,0,0.0,0.0,0.0,0.0,0.0,0.4453994316081579,0.6539148396259462,2.2742369114318874,0.8380672216569949,0,,False,never,0,0.0,False,0.0,tier_b,B-31-10,630,channel-intermediate,off,nc
model,crossing,6.308353349771125,0.3532823266939,263.15473182522794,starboard,,False,collision:target,True,True,15,-333.7996264420353,-34.81073424750382,9,8,0,0,5,3.832995182659481,2.519541418137978,0.0,0.0,0.7479284607903101,0.4751059775409816,0.6353558518051647,1.5810243483480848,0.3339187427005451,0,,False,crossing,12,0.0,False,0.0,tier_b,B-31-11,631,channel-intermediate,off,nc
model,crossing,6.697256488493089,1.9316089590176435,265.3040380177242,starboard,,True,collision:target,True,True,25,-310.9682280308721,-3.225861655838967,3,0,0,0,3,0.219656732325992,0.0,0.0,0.0,0.4752357401834014,0.4819896774436762,0.6698391911614716,1.7150142344045756,0.7468040002664591,0,,False,crossing,14,0.0,False,0.0,tier_b,B-31-12,632,channel-intermediate,off,nc
model,crossing,4.719422913646598,0.0894497738144045,256.3381445764671,starboard,,False,collision:target,True,True,26,-426.0528217189936,-18.554993791532187,5,12,0,0,1,0.6799647649864734,3.020542614622724,0.0,0.0,0.0527738361037023,0.4176721999602685,0.6108621697183663,1.4858135928533789,0.8468573855806454,0,,False,crossing,18,0.0,False,0.0,tier_b,B-31-13,633,channel-intermediate,off,nc
model,crossing,6.979800721791169,1.8065236773421425,70.04829487626544,port,,True,goal,False,False,69,43.65702582024316,-3.3848455605551067,0,0,0,0,2,0.0,0.0,0.0,0.0,0.7521879023455793,0.5690124333450264,0.7546998073304849,2.676670631522896,1.7786109518159343,0,,False,crossing,12,1.0,True,0.0,tier_b,B-31-14,634,channel-intermediate,off,nc
model,crossing,7.267606948428021,0.5084348782919554,80.6181325675602,port,,False,collision:target,True,True,14,-339.71117854841293,-36.20469599821798,7,4,0,0,5,3.98999272727368,1.9949081281199572,0.0,0.0,1.4620970586709934,0.514967987589625,0.625333284012914,1.3021887303957873,0.303179204473313,0,,False,crossing,10,1.0,True,0.0,tier_b,B-31-15,635,channel-intermediate,off,nc
model,crossing,6.815719246052643,1.165317421392811,76.46607059339271,port,,True,collision:obstacle,True,False,56,-754.389618876216,-4.0260792958313925,0,0,0,0,3,0.0,0.0,0.0,0.0,0.8946842879625315,0.4560372798364723,0.5897952643041405,2.7468175951016414,1.979339319605701,0,,False,crossing,14,1.0,True,0.0,tier_b,B-31-16,636,channel-intermediate,off,nc
model,crossing,7.362509738470817,0.3038354556060157,247.51540304364116,starboard,,False,collision:target,True,True,16,-321.6321733258036,-12.603975370141692,0,5,0,0,7,0.0,1.1941125407103994,0.0,0.0,1.4873596208056037,0.4271390492273966,0.5481027429157309,1.4879103924501895,0.1240422155644676,0,,False,crossing,14,0.0,False,0.0,tier_b,B-31-17,637,channel-intermediate,off,nc
model,crossing,6.497105025015447,2.065545812364998,214.53194193093623,starboard,,True,goal,False,False,58,86.74317395918284,-0.2858301118318039,1,0,0,0,0,0.0577434569357179,0.0,0.0,0.0,0.0,0.6751403734605393,0.8130268596266498,3.395423076354637,1.3594192069601505,0,,False,crossing,7,0.0,False,0.0,tier_b,B-31-18,638,channel-intermediate,off,nc
model,crossing,5.242841017434243,1.230300982160463,290.9501690993127,starboard,,True,collision:obstacle,True,False,38,-396.3874287269285,-9.655995902192569,8,0,0,0,9,0.9120231411084928,0.0,0.0,0.0,1.1425514119345614,0.3346013885708396,0.5442801111466409,2.4512620560999347,0.7075736719498179,0,,False,crossing,11,0.0,False,0.0,tier_b,B-31-19,639,channel-intermediate,off,nc
model,overtaking,4.637137843402393,0.0799665775356595,9.60997245430913,,,,goal,False,False,74,-102.23459885558964,-57.65367301602491,28,5,7,0,15,6.831192278223645,0.1847717729017785,1.99826792511966,0.0,3.495752540560731,0.5234731203743906,0.6884277091462931,1.7105704232466916,1.1496656326282968,0,,False,overtaking,57,0.0,False,0.0,tier_b,B-32-00,640,channel-intermediate,off,cv
model,overtaking,6.290735138216176,1.0172590789114244,4.05815465400215,,,,goal,False,False,104,3.763659132703239,-24.58525935931981,1,1,25,0,7,0.0353925310383814,0.0735224490190024,6.067564780441823,0.0,0.4895326663211561,0.3613809029829789,0.5415290385467467,2.3416168710992458,0.2643559554764085,0,,False,overtaking,33,0.0,False,0.0,tier_b,B-32-01,641,channel-intermediate,off,cv
model,overtaking,5.9254718534589,0.0289393758252751,-3.168007303318559,,,,goal,False,False,64,-31.82315813506058,-98.3143994547372,38,4,0,0,10,18.909910069740157,0.0314453817041129,0.0,0.0,1.0121533266862237,0.6081975798079283,0.7566921074018853,2.30098511254524,1.79365560098126,0,,False,overtaking,48,0.0,False,0.0,tier_b,B-32-02,642,channel-intermediate,off,cv
model,overtaking,7.339112710719066,0.9189575269187318,1.7153879423923968,,,,goal,False,False,84,4.325988096913804,-39.57767835913928,26,2,12,0,5,5.166886704714024,0.0227098688112824,3.1019518875074112,0.0,0.6049218944805198,0.4864215911791677,0.6737233523485383,2.158967900816632,1.798434924143889,0,,False,overtaking,58,0.0,False,0.0,tier_b,B-32-03,643,channel-intermediate,off,cv
model,overtaking,5.078944594187711,0.2834002328382228,-1.2933787745571994,,,,goal,False,False,64,8.029664104057986,-71.23775022043694,38,8,0,0,3,13.589777008634467,0.3944143161291086,0.0,0.0,0.4480007028571617,0.6003126520492924,0.7685411414090647,1.98533328604712,1.4740890672716374,0,,False,overtaking,47,0.0,False,0.0,tier_b,B-32-04,644,channel-intermediate,off,cv
model,overtaking,5.019584573842609,1.313219822675069,-0.6549794291843121,,,,goal,False,False,73,-139.26494788314716,-207.92755642106843,41,9,25,0,22,30.88008066848747,2.408946999259916,7.964794943238046,0.0,3.21635726001374,0.5463551333088021,0.8582803852759606,1.5204446687520878,1.0442024105406478,0,,False,overtaking,61,0.0,False,0.0,tier_b,B-32-05,645,channel-intermediate,off,cv
model,overtaking,4.957922327450029,0.623745177220681,2.417242949953448,,,,goal,False,False,65,20.37428642667049,-65.69089192352797,40,2,0,0,2,13.170249117971837,0.0334480048059534,0.0,0.0,0.0739091479506398,0.5905547732372226,0.7384557962806295,2.3094857283461936,1.3661627225164266,0,,False,overtaking,44,0.0,False,0.0,tier_b,B-32-06,646,channel-intermediate,off,cv
model,overtaking,5.654027995129057,0.5492984889723318,-1.8236275182330728,,,,goal,False,False,65,9.520329703419776,-20.24394225333261,20,13,0,0,3,2.667981081325,1.0333141488152051,0.0,0.0,0.4272290809196857,0.5900098609511967,0.698299020194041,1.9908238749912612,1.6567805168501188,0,,False,overtaking,44,0.0,False,0.0,tier_b,B-32-07,647,channel-intermediate,off,cv
model,overtaking,5.718313739083527,0.0081529013275165,-4.84717277603957,,,,goal,False,False,65,-40.165260610212826,-113.83051900258228,42,10,0,0,7,21.508385358644755,0.3738217997508472,0.0,0.0,1.2252430152275562,0.5956308332150453,0.7745087221510378,2.1114499335304706,1.7500147939842396,0,,False,overtaking,51,0.0,False,0.0,tier_b,B-32-08,648,channel-intermediate,off,cv
model,overtaking,7.058967681238222,0.1802466866428715,4.5275678011691145,,,,goal,False,False,65,-7.795791360007712,-84.60589112484963,43,10,0,0,9,15.4510739664109,0.7820317038134194,0.0,0.0,0.9448929016087292,0.5992755828455536,0.72145410888088,2.537790010612061,2.1361563451747814,0,,False,overtaking,60,0.0,False,0.0,tier_b,B-32-09,649,channel-intermediate,off,cv
model,overtaking,5.007891929990848,0.8777209758589652,5.949938320207327,,,,collision:boundary,True,False,119,-548.0032459367858,-34.408817669309315,30,2,5,0,3,5.4616714043526216,0.2779562447145141,1.3500548421363765,0.0,0.2527696388302317,0.3813365466247101,0.5475457778774417,1.944231423389068,1.5005161550677577,0,,False,overtaking,77,0.0,False,0.0,tier_b,B-32-10,650,channel-intermediate,off,cv
model,overtaking,7.506816545900842,0.9779124548761432,3.9077571809946026,,,,collision:boundary,True,False,106,-579.4633763214088,-127.46609922739631,45,12,9,0,23,16.69897946777156,2.1349298814069857,2.708520420764428,0.0,5.441683207602345,0.478425135048867,0.621995989455008,1.9950776677389293,2.0356498466833366,0,,False,overtaking,84,0.0,False,0.0,tier_b,B-32-11,651,channel-intermediate,off,cv
model,overtaking,5.933993321134951,1.6385727428852614,-8.32475533282916,,,,goal,False,False,100,-85.91848457267403,-83.87198484898394,41,0,17,0,0,14.840414886450528,0.0,2.8922031002927318,0.0,0.0,0.3980035066205694,0.7952231392804157,3.284072656649298,1.6281875652232158,0,,False,overtaking,71,0.0,False,0.0,tier_b,B-32-12,652,channel-intermediate,off,cv
model,overtaking,5.416406982696811,0.4698125517203226,0.7220112558881411,,,,goal,False,False,65,6.697871622426533,-68.90839241435198,49,5,0,0,3,13.482868845055313,0.1508160383906004,0.0,0.0,0.3159227202877148,0.5913758857820023,0.7354619869194602,2.261358688307773,1.562982394414609,0,,False,overtaking,54,0.0,False,0.0,tier_b,B-32-13,653,channel-intermediate,off,cv
model,overtaking,4.388288536384295,0.4057213755112632,-4.178752439287241,,,,goal,False,False,65,10.035122337272298,-71.41344604512594,37,7,0,0,1,14.236216712063744,0.1883576796308022,0.0,0.0,0.0026228458306498,0.5874123616702405,0.7559102873547656,1.9217504653036603,1.2288464029808823,0,,False,overtaking,41,0.0,False,0.0,tier_b,B-32-14,654,channel-intermediate,off,cv
model,overtaking,4.061781866097939,1.7902252777831082,1.9715056122119083,,,,goal,False,False,73,2.4272375719963435,-122.97254686660118,45,7,19,0,8,18.454987528838977,1.389784515792455,6.226119982944879,0.0,0.5170874015720105,0.5159658355969808,0.8830417216637195,1.4367085882443622,0.2896728154744269,0,,False,overtaking,51,0.0,False,0.0,tier_b,B-32-15,655,channel-intermediate,off,cv
model,overtaking,5.861780706376401,0.511147211017418,-9.43815832377447,,,,goal,False,False,64,31.988328335359824,-53.87924442264547,36,5,0,0,1,10.802799198370623,0.0672692629753122,0.0,0.0,0.0160901197740211,0.6078557930919911,0.7304031089004475,2.703095629234552,1.5490087043861205,0,,False,overtaking,40,0.0,False,0.0,tier_b,B-32-16,656,channel-intermediate,off,cv
model,overtaking,4.520096805535595,0.8510623834685704,7.424948298242096,,,,goal,False,False,106,-241.6547192311665,-238.5742559760939,54,1,23,0,3,44.03281169912799,0.0373147524442051,5.412860373257669,0.0,0.2090739326853263,0.3596464555279182,0.5521653380566863,3.518546659049271,0.7250907648922343,0,,False,overtaking,68,0.0,False,0.0,tier_b,B-32-17,657,channel-intermediate,off,cv
model,overtaking,4.908580190429282,0.0632923202720061,-7.179066461166945,,,,goal,False,False,65,10.426347119912831,-73.27194611011545,32,9,0,0,9,13.013931254412682,0.636574366559881,0.0,0.0,1.267098508066941,0.591205003854554,0.7501272039723419,1.900150980352242,1.370352960423436,0,,False,overtaking,41,0.0,False,0.0,tier_b,B-32-18,658,channel-intermediate,off,cv
model,overtaking,6.753723217761,0.6039609885006465,-1.3123985781457996,,,,goal,False,False,65,33.22990512778766,-44.97107689874904,29,0,0,0,1,8.989860317689722,0.0,0.0,0.0,0.1047262947077592,0.5949844536162645,0.7282544499124899,2.8398551636337195,1.5978992970326302,0,,False,overtaking,39,0.0,False,0.0,tier_b,B-32-19,659,channel-intermediate,off,cv
model,overtaking,5.080443036290956,1.1421503035366376,-7.592730384307535,,,,collision:boundary,True,False,81,-640.4548033676604,-19.184692638095637,15,3,1,0,0,3.241532560644587,0.4008134539488481,0.3208555182939249,0.0,0.0,0.4128681770546634,0.583672860749455,2.269722800171023,1.8108082514280424,0,,False,overtaking,62,0.0,False,0.0,tier_b,B-33-00,660,channel-intermediate,off,re
model,overtaking,7.721286646511732,1.565188253320314,4.135456502809362,,,,collision:boundary,True,False,129,-642.1701217609797,-98.4911353865284,59,3,8,0,5,17.37357034320694,1.341376574178909,1.4419278296978348,0.0,0.146935101901397,0.3553643537472187,0.5874409003189786,2.6324561063248395,2.1534442486502843,0,,False,overtaking,93,0.0,False,0.0,tier_b,B-33-01,661,channel-intermediate,off,re
model,overtaking,4.423199832305516,1.1086226915956476,-0.6718756919861271,,,,goal,False,False,74,24.980721522689063,-75.5304675727101,21,6,29,0,10,4.85657027884081,1.3999806413531275,9.667172688091323,0.0,2.168604186804737,0.5302534923043932,0.8578367621850091,1.7781148293443565,0.4465435568430483,0,,False,overtaking,53,0.0,False,0.0,tier_b,B-33-02,662,channel-intermediate,off,re
model,overtaking,5.427097108165349,0.1181748134236282,-3.6576658376834974,,,,goal,False,False,65,25.38744726822817,-55.95992782160159,36,0,0,0,0,11.30503592355588,0.0,0.0,0.0,0.0,0.5930749080000994,0.7349640425122477,2.01030013582615,1.5678576314254358,0,,False,overtaking,44,0.0,False,0.0,tier_b,B-33-03,663,channel-intermediate,off,re
model,overtaking,5.595841528046837,1.092650652478493,-7.399916624296332,,,,collision:target,True,True,63,-588.8352623630378,-74.4208347957943,38,10,1,0,3,11.836750346977224,2.582005614320691,0.2353167264264543,0.0,0.4890783493854189,0.5196065590548713,0.6830137882774637,0.9365409306823737,2.0139722718629662,0,,False,overtaking,54,0.0,False,0.0,tier_b,B-33-04,664,channel-intermediate,off,re
model,overtaking,4.7063965147132665,0.393838301960403,3.1716669333619745,,,,goal,False,False,66,-69.50893574203549,-115.60918883363108,39,2,0,0,1,23.12758658527894,0.0192187904423443,0.0,0.0,0.2294449386245947,0.5812434497328011,0.7673739799954744,1.8335537965514723,1.3990078840557023,0,,False,overtaking,46,0.0,False,0.0,tier_b,B-33-05,665,channel-intermediate,off,re
model,overtaking,7.079464765997683,0.3049069504594603,4.20210892378438,,,,goal,False,False,76,5.721809049086119,-54.93848551127235,28,0,12,0,1,8.79092175752869,0.0,3.1446069011879185,0.0,0.0228528816064073,0.5132619754749905,0.6969340238705295,2.556609243972259,1.5688283142119963,0,,False,overtaking,54,0.0,False,0.0,tier_b,B-33-06,666,channel-intermediate,off,re
model,overtaking,6.859001710936076,1.9646296068357076,0.4972989888092414,,,,goal,False,False,59,68.87710474659292,-29.512707855942143,31,0,0,0,0,5.962163203220633,0.0,0.0,0.0,0.0,0.6581510767820451,0.7397104932360342,3.809835961656984,1.522979172310039,0,,False,overtaking,41,0.0,False,0.0,tier_b,B-33-07,667,channel-intermediate,off,re
model,overtaking,5.237435502097838,1.7833672453066876,-4.718512138044617,,,,goal,False,False,80,56.85580165349856,-58.86610841215261,25,4,20,0,12,5.161714574688805,0.2842178655028184,6.093440836175477,0.0,2.2160790717716328,0.4754081103226569,0.8324618838058453,1.3517480432886142,0.4090311699863032,0,,False,overtaking,62,0.0,False,0.0,tier_b,B-33-08,668,channel-intermediate,off,re
model,overtaking,4.735626848197253,1.7833898310659335,-2.117709267068224,,,,goal,False,False,89,22.92097211047881,-71.85006342863217,31,1,34,0,13,4.432453297199406,0.0083938858290137,10.007454071991708,0.0,3.075785602993632,0.4264215275288732,0.9121385375654126,1.6307324055343138,0.3571944859044352,0,,False,overtaking,84,0.0,False,0.0,tier_b,B-33-09,669,channel-intermediate,off,re
model,overtaking,6.954774006790307,1.5942938333449566,-6.494484608802875,,,,collision:obstacle,True,False,21,-363.4793018627258,0.0,0,0,0,0,0,0.0,0.0,0.0,0.0,0.0,0.3581926719806705,0.5410924742063357,6.336501583949287,0.090138758703833,0,,False,overtaking,5,0.0,False,0.0,tier_b,B-33-10,670,channel-intermediate,off,re
model,overtaking,5.788792118172556,1.667200557998871,-7.276954038186485,,,,goal,False,False,92,10.763176353214874,-70.94886508799205,35,0,46,0,9,4.590737440554657,0.0,12.195559431259346,0.0,0.9601557343806304,0.4161059144057333,0.8138374496553528,2.333263961855618,0.3258789175498561,0,,False,overtaking,74,0.0,False,0.0,tier_b,B-33-11,671,channel-intermediate,off,re
model,overtaking,6.012060119267422,1.7055452219830003,-4.687972241337947,,,,goal,False,False,61,10.260955796401262,-25.454142477900643,36,0,0,0,0,5.142251005636494,0.0,0.0,0.0,0.0,0.6240611775764843,0.7128228254570821,3.513801319438572,1.3932478720896897,0,,False,overtaking,40,0.0,False,0.0,tier_b,B-33-12,672,channel-intermediate,off,re
model,overtaking,5.075029199548692,0.4521512027070151,8.067694831425523,,,,goal,False,False,66,57.30849272993534,-26.719697135258585,25,0,0,0,5,4.987921157516833,0.0,0.0,0.0,0.4509972012333906,0.5846741836172269,0.69943511306139,2.5289030033221955,1.416810102841738,0,,False,overtaking,41,0.0,False,0.0,tier_b,B-33-13,673,channel-intermediate,off,re
model,overtaking,6.295297578586485,0.4881688741473546,6.976361770408058,,,,collision:boundary,True,False,99,-498.2303199067512,-109.01890676160082,38,10,2,0,14,18.16006957744485,0.8511365421344972,0.6327297571404281,0.0,2.807913187550548,0.4999601971531911,0.6490310429319535,2.1850438499677343,1.716269639049675,0,,False,overtaking,78,0.0,False,0.0,tier_b,B-33-14,674,channel-intermediate,off,re
model,overtaking,5.966109371025728,1.1238453334062004,1.4293193805014823,,,,goal,False,False,62,-2.204143400753537,-41.27741787420418,43,0,0,0,0,8.338872297819028,0.0,0.0,0.0,0.0,0.6191234725179416,0.7584891966841819,2.843860646459877,1.4295583254061974,0,,False,overtaking,47,0.0,False,0.0,tier_b,B-33-15,675,channel-intermediate,off,re
model,overtaking,4.396893710220279,0.8140824291807105,-3.6399564479385145,,,,collision:boundary,True,False,67,-918.0389902783744,-30.31544425899335,22,0,2,0,5,5.778347940776289,0.0,0.11013580664037,0.0,0.2924740107211967,0.4016305243446075,0.583596432759997,2.8405510262440767,1.3926450700615487,0,,False,overtaking,43,0.0,False,0.0,tier_b,B-33-16,676,channel-intermediate,off,re
model,overtaking,4.865802482159155,0.1035076541935733,5.270720480172887,,,,goal,False,False,72,2.757664500163628,-63.28461179247434,36,4,7,0,24,6.52358477232991,0.6706149895280993,1.6435687603911218,0.0,4.834772318637588,0.5325658762519666,0.6628771805793204,1.788560672215179,1.2740890277009875,0,,False,overtaking,62,0.0,False,0.0,tier_b,B-33-17,677,channel-intermediate,off,re
model,overtaking,5.655155634851443,1.3559299882586096,9.344380762474614,,,,goal,False,False,119,-81.8655556848341,-86.79635495417023,58,3,28,0,0,11.989940194857322,0.0933655666516176,7.495553176305825,0.0,0.0,0.3148115921288466,0.5456230160702795,3.481574295223977,0.3925432197773109,0,,False,overtaking,87,0.0,False,0.0,tier_b,B-33-18,678,channel-intermediate,off,re
model,overtaking,6.728275770544651,0.2989411486789199,-3.2901902119608,,,,goal,False,False,62,22.83652740382256,-56.93153518496821,36,3,0,0,1,11.365353401012875,0.0344365850826126,0.0,0.0,0.1116832786212301,0.6236432071138363,0.749701748732037,2.474043912574303,1.7444251738395014,0,,False,overtaking,46,0.0,False,0.0,tier_b,B-33-19,679,channel-intermediate,off,re
model,overtaking,6.564957633225053,1.5160389056687815,0.3079197245891958,,,,goal,False,False,114,-41.44293459887365,-71.87610211780687,38,3,42,0,6,5.242037601218463,0.245005101903047,11.208006207394575,0.0,0.9703151979410868,0.3289178226332046,0.5448152972678683,2.234296061254726,0.3930181460110195,0,,False,overtaking,95,0.0,False,0.0,tier_b,B-34-00,680,channel-intermediate,off,nc
model,overtaking,5.373072263499167,1.4144928193126045,5.190816548322541,,,,goal,False,False,111,-81.35649099347987,-87.59161320514794,51,1,26,0,3,12.85532115522615,0.0116096836358711,6.2991691633635964,0.0,0.2718436810382221,0.3406460404775494,0.6068111297621626,2.98310425598572,0.4843573515774365,0,,False,overtaking,71,0.0,False,0.0,tier_b,B-34-01,681,channel-intermediate,off,nc
model,overtaking,5.042877269165535,0.7111797996193814,-3.045242208521655,,,,goal,False,False,63,-45.86504311074226,-91.14969539607593,39,6,0,0,7,17.071267851988267,0.6245062636472379,0.0,0.0,0.7901363385955936,0.6088240037693663,0.7158258056092442,2.295742228159788,1.3063525895393635,0,,False,overtaking,44,0.0,False,0.0,tier_b,B-34-02,682,channel-intermediate,off,nc
model,overtaking,5.706267537081926,0.2581896543741362,-0.8563195070001388,,,,goal,False,False,63,1.2211286896333178,-70.18630628780019,43,8,0,0,1,13.902173053054124,0.247865459656905,0.0,0.0,0.0319145888623492,0.6150451621554491,0.7676036869929237,2.340415939466929,1.819344686590311,0,,False,overtaking,54,0.0,False,0.0,tier_b,B-34-03,683,channel-intermediate,off,nc
model,overtaking,7.098981866049498,0.7106581511941445,-5.248594877849124,,,,goal,False,False,61,48.59880960301415,-33.832657278077335,46,0,0,0,0,6.834880258197441,0.0,0.0,0.0,0.0,0.6314604198010247,0.7403494740815129,2.9150418926771047,1.8666667267879853,0,,False,overtaking,55,0.0,False,0.0,tier_b,B-34-04,684,channel-intermediate,off,nc
model,overtaking,5.887416760509539,0.1113069868275973,0.7770560653059899,,,,goal,False,False,67,-127.57946314195434,-50.036054780038526,33,1,0,0,11,8.39437156845629,0.0385264994242297,0.0,0.0,1.8429354097844328,0.5756582146826523,0.6772158414591326,1.991160097948833,1.5840047785437688,0,,False,overtaking,50,0.0,False,0.0,tier_b,B-34-05,685,channel-intermediate,off,nc
model,overtaking,7.409959960958616,0.98920051013004,-5.089357969724777,,,,goal,False,False,59,36.238304110183286,-49.8230344527682,36,0,0,0,1,10.04025202836574,0.0,0.0,0.0,0.0275082027461732,0.6607515584261091,0.7268453195450232,3.560225119836506,1.9510347024628485,0,,False,overtaking,42,0.0,False,0.0,tier_b,B-34-06,686,channel-intermediate,off,nc
model,overtaking,5.61384720169433,1.8146939924546983,-6.885918100330201,,,,goal,False,False,78,-3.0494576419492603,-88.88782391426088,37,0,39,0,13,7.303539543959591,0.0,11.900045664872833,0.0,2.1989197284708246,0.4882937386124567,0.87392880629396,1.8460946949029144,0.7198604396930357,0,,False,overtaking,70,0.0,False,0.0,tier_b,B-34-07,687,channel-intermediate,off,nc
model,overtaking,6.188977220551603,0.1103726306373711,6.818181008872948,,,,goal,False,False,71,32.92633179805874,-37.49846787145711,29,2,6,0,6,6.321865295286576,0.0182355790541502,1.3948664198451064,0.0,0.2429887626729184,0.5452515053984246,0.7144137931752959,2.6414714301777806,1.5559234607035382,0,,False,overtaking,51,0.0,False,0.0,tier_b,B-34-08,688,channel-intermediate,off,nc
model,overtaking,4.983304370664968,0.5121524244730826,-7.787545279635921,,,,goal,False,False,63,20.50095860370004,-75.55605981409214,35,8,0,0,13,13.850399099882516,0.3252396803861768,0.0,0.0,1.1970328559471377,0.6156528953406505,0.7161242400830476,2.26131040302845,1.2727181879748586,0,,False,overtaking,40,0.0,False,0.0,tier_b,B-34-09,689,channel-intermediate,off,nc
model,overtaking,7.462372855204468,0.038096777670513,2.3997360803809293,,,,goal,False,False,68,37.575735949729214,-47.18507253021968,26,1,2,0,8,8.908342134598236,0.0023779078317097,0.5015193315935719,0.0,0.2825641614343517,0.5877742306106201,0.7122404380081774,2.5592714931376346,1.814178743381232,0,,False,overtaking,54,0.0,False,0.0,tier_b,B-34-10,690,channel-intermediate,off,nc
model,overtaking,4.688989152297169,0.0716307181791502,-5.440367326610847,,,,goal,False,False,66,-287.3259092560047,-77.92522904441853,36,10,0,0,6,13.597163996795375,0.9539194677306876,0.0,0.0,1.310525754447664,0.5838253700409685,0.7597977471407177,1.5723730998405074,1.2406556142202374,0,,False,overtaking,41,0.0,False,0.0,tier_b,B-34-11,691,channel-intermediate,off,nc
model,overtaking,6.1490083914256015,1.979765173978401,1.4633331864712638,,,,goal,False,False,62,91.67528193390234,-10.573534226877506,33,0,0,0,0,2.1360675205813147,0.0,0.0,0.0,0.0,0.6245135888753429,0.6949425356089558,3.883630835288813,1.359409648082327,0,,False,overtaking,37,0.0,False,0.0,tier_b,B-34-12,692,channel-intermediate,off,nc
model,overtaking,4.04834246501761,0.835984191215275,-7.934382239204043,,,,collision:target,True,True,80,-679.7103800024785,-243.2743542634376,62,22,0,0,1,43.3559961221802,5.575777715254365,0.0,0.0,0.2360163929191922,0.4560544120114091,0.7174433057849567,0.8969044927577239,1.2126646389970337,0,,False,overtaking,71,0.0,False,0.0,tier_b,B-34-13,693,channel-intermediate,off,nc
model,overtaking,5.188551078986025,0.679576436605843,-2.398990944025348,,,,goal,False,False,65,-29.581085817244343,-94.80032223436504,47,10,0,0,16,16.54674461173339,0.546883224980425,0.0,0.0,2.263747653918142,0.5968956660522476,0.7264928242587826,2.205776089946487,1.386424189097699,0,,False,overtaking,51,0.0,False,0.0,tier_b,B-34-14,694,channel-intermediate,off,nc
model,overtaking,6.485890139981852,1.9721502792460468,-4.729827598670733,,,,goal,False,False,87,-22.735661660943503,-99.40181159185629,38,1,50,0,16,8.041471985121161,0.1216921852462393,14.680361821561116,0.0,1.3655214202039163,0.4315805837887374,0.792244760755202,2.23399576378845,0.4752692646261768,0,,False,overtaking,69,0.0,False,0.0,tier_b,B-34-15,695,channel-intermediate,off,nc
model,overtaking,7.483703604190931,0.7723484687149009,-6.937115424100988,,,,goal,False,False,60,71.71385665627685,-17.83476069063003,26,0,0,0,0,3.602981957703036,0.0,0.0,0.0,0.0,0.6501408381490414,0.7521547733258716,3.512139668541036,1.905985528571856,0,,False,overtaking,34,0.0,False,0.0,tier_b,B-34-16,696,channel-intermediate,off,nc
model,overtaking,7.581538313653329,1.0883089848293328,-4.1121585384937305,,,,goal,False,False,72,-20.59050822569944,-98.66410925404628,40,8,0,0,14,16.651979543614924,0.9008537649522192,0.0,0.0,2.6172409725864205,0.5771822403553423,0.6545176201887649,1.876143707123977,2.215928072791023,0,,False,overtaking,58,0.0,False,0.0,tier_b,B-34-17,697,channel-intermediate,off,nc
model,overtaking,4.030307852398669,0.2875177026683391,-6.414163139615221,,,,collision:target,True,True,68,-865.8400183351382,-163.64841975040608,53,16,0,0,1,30.170708917091297,2.8016569749522247,0.0,0.0,0.096713018842376,0.4967676153017568,0.7865387795194232,0.9267291195584024,1.487857319495609,0,,False,overtaking,58,0.0,False,0.0,tier_b,B-34-18,698,channel-intermediate,off,nc
model,overtaking,5.634856650430849,0.91529145191039,5.067025316350811,,,,collision:target,True,True,102,-487.85059656865855,-92.63285357944088,43,5,6,0,13,15.130721452137855,0.7126122878758128,1.2146158713352244,0.0,2.185718762125867,0.4185243153140117,0.5431154528753118,1.0698277433469807,1.5163099034653318,0,,False,overtaking,83,0.0,False,0.0,tier_b,B-34-19,699,channel-intermediate,off,nc
model,being_overtaken,7.56928074938171,1.8031632436682437,-4.723073104334588,,False,,goal,False,False,69,85.91929993083944,-22.92085718402092,0,0,0,10,0,0.0,0.0,0.0,5.659470909634795,0.0,0.5606151879274633,0.7337147318817562,2.638362514144573,1.0163869595896295,0,,False,being_overtaken,19,0.0,False,0.0,tier_b,B-35-00,700,channel-intermediate,off,cv
model,being_overtaken,6.194122013791634,1.7062378222133023,3.4540315077849666,,False,,goal,False,False,72,22.210205156789897,-41.69684347427175,0,0,0,13,0,0.0,0.0,0.0,10.295516907227594,0.0,0.5370642437780986,0.7144801717840499,1.5607178771756895,0.7506820288899049,0,,False,being_overtaken,22,0.0,False,0.0,tier_b,B-35-01,701,channel-intermediate,off,cv
model,being_overtaken,6.089062578685256,1.9203925384287956,-3.0917673461548656,,False,,goal,False,False,70,32.57438601998116,-18.62591429659216,0,0,0,14,0,0.0,0.0,0.0,4.598991184343742,0.0,0.5509493245454165,0.7198488173069001,3.089564395406604,1.3192893772422596,0,,False,being_overtaken,15,0.0,False,0.0,tier_b,B-35-02,702,channel-intermediate,off,cv
model,being_overtaken,4.851567477036342,1.8516963920027216,2.868686574366283,,False,,goal,False,False,62,55.450065455257295,-70.55627784512755,2,0,3,17,2,1.451899882494947,0.0,0.5054159183100989,14.464619026436342,0.6595931252875631,0.6171779962375731,0.9030037056726856,1.6023901331265138,0.2864110466043116,0,,False,being_overtaken,37,0.0,False,0.0,tier_b,B-35-03,703,channel-intermediate,off,cv
model,being_overtaken,4.606302553260476,1.3660968527604067,4.011929465669832,,False,,goal,False,False,72,-430.3264747927119,-13.47257794268168,0,0,0,3,0,0.0,0.0,0.0,3.3265624549831307,0.0,0.5581829089543331,0.814649643462322,1.1435239680308666,1.057542930243511,0,,False,being_overtaken,15,0.0,False,0.0,tier_b,B-35-04,704,channel-intermediate,off,cv
model,being_overtaken,5.395708129358189,1.211985327157142,-1.9830767790288988,,False,,goal,False,False,66,-67.48918081395475,-25.580392507341337,0,0,0,9,1,0.0,0.0,0.0,5.8805347438259785,0.3920503988546944,0.5904468551257354,0.795713437022144,2.528830484714464,1.0372794389123832,0,,False,being_overtaken,16,0.0,False,0.0,tier_b,B-35-05,705,channel-intermediate,off,cv
model,being_overtaken,6.812932186864369,1.9989885787262496,-0.9790214266743984,,False,,goal,False,False,76,2.105401815887205,-14.217587261115677,0,0,0,10,0,0.0,0.0,0.0,3.510515373114981,0.0,0.5338545613697416,0.7346010709523604,2.998792333700932,1.3830058025720466,0,,False,being_overtaken,11,0.0,False,0.0,tier_b,B-35-06,706,channel-intermediate,off,cv
model,being_overtaken,6.393919174543741,1.4972305669010466,3.1265580623410134,,False,,goal,False,False,65,50.05154446680013,-24.39153918490489,0,0,2,7,0,0.0,0.0,0.6616231358784259,5.434492813763594,0.0,0.5898179096264123,0.8885448868621195,1.4547782827188869,0.7476685054154585,0,,False,being_overtaken,18,0.0,False,0.0,tier_b,B-35-07,707,channel-intermediate,off,cv
model,being_overtaken,7.201215784761732,1.60934091405559,2.4683781352838245,,False,,goal,False,False,71,-27.62036585975318,-19.737797662747116,0,0,0,5,0,0.0,0.0,0.0,4.8735302870980535,0.0,0.5712491535306403,0.8478418731068668,1.2465993158009168,0.9446475074464727,0,,False,being_overtaken,15,0.0,False,0.0,tier_b,B-35-08,708,channel-intermediate,off,cv
model,being_overtaken,6.483256840793019,1.5905569759010691,4.177762591078057,,False,,goal,False,False,62,83.56059549695638,-23.32608222922274,0,0,0,6,0,0.0,0.0,0.0,5.759526476351295,0.0,0.6189477043426755,0.8912287671965705,1.759977192329073,0.6554232719817558,0,,False,being_overtaken,16,0.0,False,0.0,tier_b,B-35-09,709,channel-intermediate,off,cv
model,being_overtaken,5.526276242012313,1.9947648669318516,1.1120246272415475,,False,,goal,False,False,75,19.145790972439716,-33.314181540298435,0,0,0,11,0,0.0,0.0,0.0,8.225723837110724,0.0,0.5142670333021908,0.7614575396573177,1.6115970092713254,0.5732887631102812,0,,False,being_overtaken,23,0.0,False,0.0,tier_b,B-35-10,710,channel-intermediate,off,cv
model,being_overtaken,5.603401146888539,1.9238255775602449,2.1466137560308844,,False,,goal,False,False,63,59.609292414588495,-63.3555393204122,0,0,0,15,0,0.0,0.0,0.0,15.912230612060474,0.0,0.6026482310849783,0.901759555471621,1.6866600725151872,0.2968116699385785,0,,False,being_overtaken,28,0.0,False,0.0,tier_b,B-35-11,711,channel-intermediate,off,cv
model,being_overtaken,4.321532512764112,1.8838356522292747,2.189496430321338,,False,,goal,False,False,60,71.78853397986096,-44.998745918156814,3,0,3,11,2,1.124570147942588,0.0,0.5085496472436353,8.349301240437153,0.841483318220766,0.6403577990639678,0.8566608481696534,1.532878038605641,0.2889601379115208,0,,False,being_overtaken,33,0.0,False,0.0,tier_b,B-35-12,712,channel-intermediate,off,cv
model,being_overtaken,6.048231216298426,1.5754059031694168,-4.800270270544527,,False,,goal,False,False,69,90.85586504658782,-21.88577839089797,0,0,0,10,0,0.0,0.0,0.0,5.403895898987153,0.0,0.5582038319616547,0.7417967083845238,2.192548549316745,0.6805739501890302,0,,False,being_overtaken,21,0.0,False,0.0,tier_b,B-35-13,713,channel-intermediate,off,cv
model,being_overtaken,6.457832166133277,1.6163898369699294,-5.743757468560553,,False,,goal,False,False,83,-264.1964771724155,-13.90473521993408,0,1,0,5,1,0.0,0.0929191824179681,0.0,3.2491389008157867,0.063505048591378,0.4725711415379663,0.6956166287915265,2.3768746767210125,1.562424526334821,0,,False,being_overtaken,17,0.0,False,0.0,tier_b,B-35-14,714,channel-intermediate,off,cv
model,being_overtaken,7.352625706531939,1.482854214302008,-6.19791349633005,,False,,collision:obstacle,True,False,45,-375.2562993824763,-18.379657837777028,0,0,0,9,0,0.0,0.0,0.0,4.538187120438772,0.0,0.4480176262870255,0.5850413398854674,2.449194994464334,0.8936635046737234,0,,False,being_overtaken,20,0.0,False,0.0,tier_b,B-35-15,715,channel-intermediate,off,cv
model,being_overtaken,6.446465950386056,1.884453336297468,-2.9622264289709914,,False,,goal,False,False,67,118.12920124006652,-8.030891715029838,0,0,0,5,0,0.0,0.0,0.0,1.9829362259332932,0.0,0.568937179049905,0.7011913728405692,2.427049487685874,0.7776802423661987,0,,False,being_overtaken,18,0.0,False,0.0,tier_b,B-35-16,716,channel-intermediate,off,cv
model,being_overtaken,6.162715569025732,1.932562597118532,4.7783565142481255,,False,,goal,False,False,77,-80.64820878896887,-26.33190638111177,0,0,0,6,0,0.0,0.0,0.0,6.501705279286858,0.0,0.5126741068782155,0.889146270333845,1.5577496295168194,0.9261470253599584,0,,False,being_overtaken,17,0.0,False,0.0,tier_b,B-35-17,717,channel-intermediate,off,cv
model,being_overtaken,6.651448727573665,1.9418067893952125,-7.534568314141891,,False,,collision:obstacle,True,False,53,-408.0865812491169,-11.617378914646698,0,0,0,7,0,0.0,0.0,0.0,2.86848862090042,0.0,0.4452980955096973,0.583214224625049,2.4985367888145493,0.6134645511217662,0,,False,being_overtaken,17,0.0,False,0.0,tier_b,B-35-18,718,channel-intermediate,off,cv
model,being_overtaken,7.59199920214211,1.6723175702156905,4.001471964474913,,False,,goal,False,False,83,-99.78917533332012,-59.84436338769288,0,0,0,10,0,0.0,0.0,0.0,15.802705454743936,0.0,0.4673698341047655,0.7370589078212809,1.2840863052652411,1.3850307651518217,0,,False,being_overtaken,22,0.0,False,0.0,tier_b,B-35-19,719,channel-intermediate,off,cv
model,being_overtaken,5.882602954792528,1.5871833380135656,5.698554719565248,,False,,goal,False,False,69,88.2892993756297,-29.07397255084369,0,0,0,6,0,0.0,0.0,0.0,7.1787586545293065,0.0,0.5629766362639516,0.7697741299543691,1.7100580503974585,0.4329824019794174,0,,False,being_overtaken,16,0.0,False,0.0,tier_b,B-36-00,720,channel-intermediate,off,re
model,being_overtaken,7.216652352360032,1.7749040145929331,-3.698749646560982,,False,,goal,False,False,72,-57.52898144676389,-35.705653418787634,0,0,0,16,0,0.0,0.0,0.0,8.816210720688304,0.0,0.5550810750962675,0.6911948529084884,3.0108933344868585,1.8222126702325072,0,,False,being_overtaken,16,0.0,False,0.0,tier_b,B-36-01,721,channel-intermediate,off,re
model,being_overtaken,8.103645418818777,1.7638061660631352,-8.686042713833888,,False,,goal,False,False,68,46.46294392371209,-24.92822304137877,2,1,0,12,0,1.1340871381654538,0.2165034381528788,0.0,4.5043949848402525,0.0,0.5756396174362647,0.8159370874593528,2.7558114924745385,1.2560391549565135,0,,False,being_overtaken,18,0.0,False,0.0,tier_b,B-36-02,722,channel-intermediate,off,re
model,being_overtaken,6.827222194117738,1.6694484269696876,5.554332739119907,,False,,goal,False,False,65,-14.935166276119148,-30.051060501244454,0,0,1,7,1,0.0,0.0,0.3711492642599638,6.978228869152971,0.1006880510753433,0.5948313613550392,0.8540328235438108,1.552705378374334,1.1152172668077798,0,,False,being_overtaken,18,0.0,False,0.0,tier_b,B-36-03,723,channel-intermediate,off,re
model,being_overtaken,6.972330499224841,1.5741946574742345,6.346078978004229,,False,,goal,False,False,66,61.947703510679,-9.780535292318948,0,0,0,4,0,0.0,0.0,0.0,2.414946985757765,0.0,0.5843057509858701,0.7475212037369069,1.5249735996437372,0.6536134211093976,0,,False,being_overtaken,15,0.0,False,0.0,tier_b,B-36-04,724,channel-intermediate,off,re
model,being_overtaken,5.244207935775027,1.391668749492697,4.172974448204327,,False,,goal,False,False,66,45.51282337430645,-13.507972678577763,0,0,0,5,0,0.0,0.0,0.0,3.335301895945127,0.0,0.590799161792473,0.8511377922911592,1.748090598346686,0.7437655499724899,0,,False,being_overtaken,17,0.0,False,0.0,tier_b,B-36-05,725,channel-intermediate,off,re
model,being_overtaken,5.952404178396229,1.4032750573987096,3.109752559025964,,False,,goal,False,False,65,28.8690049492736,-13.758137448762543,2,0,4,6,0,0.1122478546725924,0.0,1.0224216416382186,2.351059915613733,0.0,0.5921847840131442,0.8122819938424596,1.5458534649345974,0.7663276273271716,0,,False,being_overtaken,20,0.0,False,0.0,tier_b,B-36-06,726,channel-intermediate,off,re
model,being_overtaken,7.316788762936627,1.9654630011032403,6.634312829461692,,False,,goal,False,False,80,-29.711179213115344,-18.606099410711355,0,0,0,6,0,0.0,0.0,0.0,4.5940986199287295,0.0,0.4955673307196914,0.757350503992665,1.7830652766150636,1.4983936873530534,0,,False,being_overtaken,19,0.0,False,0.0,tier_b,B-36-07,727,channel-intermediate,off,re
model,being_overtaken,5.994264453999428,1.5167475509010364,-3.633857144973831,,False,,goal,False,False,72,51.53164896315708,-5.71195777068617,0,0,0,4,0,0.0,0.0,0.0,1.410359943379301,0.0,0.5331550976061296,0.7092136040318019,1.758014138580825,0.6063238135148282,0,,False,being_overtaken,15,0.0,False,0.0,tier_b,B-36-08,728,channel-intermediate,off,re
model,being_overtaken,4.705379515241001,1.6972601607178883,2.340891761133941,,False,,goal,False,False,64,40.23209584220993,-17.893400030156386,0,0,0,5,0,0.0,0.0,0.0,4.418123464236145,0.0,0.5983870200746189,0.8708500924011872,1.5929496019312186,0.5551442418376256,0,,False,being_overtaken,14,0.0,False,0.0,tier_b,B-36-09,729,channel-intermediate,off,re
model,being_overtaken,7.856121651919679,1.9753526272973847,8.479469363207347,,False,,goal,False,False,68,95.82276766438764,-27.2798946603974,0,0,0,8,0,0.0,0.0,0.0,6.735776459357382,0.0,0.5683769272230083,0.7899580633493766,2.1298483605836758,0.5124936977893881,0,,False,being_overtaken,22,0.0,False,0.0,tier_b,B-36-10,730,channel-intermediate,off,re
model,being_overtaken,5.854463089738988,1.9713017203523608,-0.0771931968312742,,False,,goal,False,False,65,105.28574785737956,-18.530242844514408,0,0,0,13,0,0.0,0.0,0.0,4.575368603583804,0.0,0.5827631603014599,0.7480092683086824,2.731402545736019,0.6850106479226225,0,,False,being_overtaken,16,0.0,False,0.0,tier_b,B-36-11,731,channel-intermediate,off,re
model,being_overtaken,7.370871774945733,1.9121997978668648,7.448289349494143,,False,,goal,False,False,85,-99.38271214320667,-30.678524764435156,0,0,0,6,0,0.0,0.0,0.0,7.684001876117981,0.0,0.4614538264701019,0.7163320979360471,1.4754911257614358,1.5227304732681506,0,,False,being_overtaken,19,0.0,False,0.0,tier_b,B-36-12,732,channel-intermediate,off,re
model,being_overtaken,6.094105294014121,1.328160340770982,3.581497546214294,,False,,goal,False,False,64,66.8432774894824,-21.79729019833589,0,0,0,7,0,0.0,0.0,0.0,5.382046962552072,0.0,0.5894924352325052,0.8036035670034599,1.725477510272011,0.6749373628241001,0,,False,being_overtaken,19,0.0,False,0.0,tier_b,B-36-13,733,channel-intermediate,off,re
model,being_overtaken,6.994395790615258,1.7451392562153814,4.992462236281128,,False,,goal,False,False,65,95.98530180099316,-29.14139064248992,0,0,0,7,0,0.0,0.0,0.0,7.195405096911092,0.0,0.5917229539223938,0.786217380944252,1.7338263988969944,0.454267590398776,0,,False,being_overtaken,20,0.0,False,0.0,tier_b,B-36-14,734,channel-intermediate,off,re
model,being_overtaken,5.689388444016168,1.8803615291518097,5.068352236910778,,False,,goal,False,False,63,-253.18747897122785,-20.011366039190072,1,1,2,6,0,0.0115874434975227,0.2510387880806828,0.1659210748664858,4.472605018113237,0.0,0.6165175444967309,0.864744216438664,1.7172187227387627,1.2638049551041228,0,,False,being_overtaken,20,0.0,False,0.0,tier_b,B-36-15,735,channel-intermediate,off,re
model,being_overtaken,6.202759926190088,1.7971059677812815,-5.693746716091219,,False,,goal,False,False,67,101.23115496852093,-12.438977947975236,0,0,0,8,0,0.0,0.0,0.0,3.071352579746972,0.0,0.5713961928718228,0.7455796262408495,2.376812066528113,0.7393947171027498,0,,False,being_overtaken,20,0.0,False,0.0,tier_b,B-36-16,736,channel-intermediate,off,re
model,being_overtaken,6.685162251860411,1.6939074394617388,0.735887661595962,,False,,collision:obstacle,True,False,32,-355.22254650226097,-16.434410091456648,0,0,0,5,0,0.0,0.0,0.0,4.057879034927568,0.0,0.4458490672528525,0.6082073629980471,1.2709257673710166,0.3223126386795712,0,,False,being_overtaken,14,0.0,False,0.0,tier_b,B-36-17,737,channel-intermediate,off,re
model,being_overtaken,7.530560332596868,1.8017325398424555,-9.83075144031028,,False,,goal,False,False,70,31.373968483515085,-5.927973676035869,0,0,0,5,0,0.0,0.0,0.0,1.4636972039594738,0.0,0.5664483399235003,0.7715774521590664,2.3882132411273327,1.5775587823415784,0,,False,being_overtaken,14,0.0,False,0.0,tier_b,B-36-18,738,channel-intermediate,off,re
model,being_overtaken,6.068651842489043,1.827531148005508,4.071058448917956,,False,,goal,False,False,63,92.79592768094592,-14.985665426347818,0,1,2,6,1,0.0,0.0051632444887911,0.5940136888253149,3.153721593845326,0.0109079180630215,0.6012769992894625,0.8170793375168987,1.780342290471396,0.431846590812739,0,,False,being_overtaken,18,0.0,False,0.0,tier_b,B-36-19,739,channel-intermediate,off,re
model,being_overtaken,7.507408586444551,1.7983005635566744,-4.124948079741775,,False,,collision:obstacle,True,False,56,-401.3763618988359,-20.638768693491848,0,0,0,14,0,0.0,0.0,0.0,5.095992269997987,0.0,0.5032157809542226,0.7149698708426133,2.853905509473546,1.1637209148223808,0,,False,being_overtaken,15,0.0,False,0.0,tier_b,B-37-00,740,channel-intermediate,off,nc
model,being_overtaken,5.743241890913223,1.5147450040474604,3.169308852049092,,False,,goal,False,False,62,61.97648253124436,-46.81225002546136,0,0,0,11,0,0.0,0.0,0.0,11.558580253200336,0.0,0.6135151871626512,0.8491356319560545,1.3984988602261743,0.4658239728881713,0,,False,being_overtaken,30,0.0,False,0.0,tier_b,B-37-01,741,channel-intermediate,off,nc
model,being_overtaken,4.770769019962083,1.496049053436562,5.704676562122407,,False,,goal,False,False,68,-289.4673049475098,-35.03797033034809,0,0,0,8,0,0.0,0.0,0.0,8.651350698851381,0.0,0.5686442577932297,0.8571868025639608,1.552364787731896,0.650541200622417,0,,False,being_overtaken,16,0.0,False,0.0,tier_b,B-37-02,742,channel-intermediate,off,nc
model,being_overtaken,6.359756975407178,1.8075950262667175,-0.9739839305460158,,False,,goal,False,False,62,100.7138881620842,-19.75496813324408,0,0,0,7,0,0.0,0.0,0.0,4.877769909442983,0.0,0.620287218880088,0.8196875629703998,1.6802709411446324,0.3985854108435047,0,,False,being_overtaken,20,0.0,False,0.0,tier_b,B-37-03,743,channel-intermediate,off,nc
model,being_overtaken,6.550376210502348,1.819103616973196,-4.300748888852217,,False,,goal,False,False,68,-73.8090565069029,-19.157152602925127,1,1,0,12,0,0.1179595287844526,0.1404519711384374,0.0,4.414324858841189,0.0,0.5669596866979395,0.7079547605832688,2.732951831292909,1.13477698779033,0,,False,being_overtaken,17,0.0,False,0.0,tier_b,B-37-04,744,channel-intermediate,off,nc
model,being_overtaken,4.891437791130193,1.4610323938298229,4.091295207293211,,False,,collision:boundary,True,False,44,-413.24242185921474,-12.648648479843963,1,0,0,4,0,0.1135759638966166,0.0,0.0,2.9843080144582004,0.0,0.4993477204252068,0.8137123806289007,1.2695165985752874,0.7306965013520174,0,,False,being_overtaken,17,0.0588235294117647,True,0.0,tier_b,B-37-05,745,channel-intermediate,off,nc
model,being_overtaken,4.729386691847341,1.3569008080037803,4.3463237001288455,,False,,goal,False,False,66,-340.9771854655544,-18.601086532006345,0,0,2,5,0,0.0,0.0,0.7028798802899523,3.968078756287041,0.0,0.5907736763494716,0.856304753234075,1.2783285425546846,0.7797717018593531,0,,False,being_overtaken,17,0.0,False,0.0,tier_b,B-37-06,746,channel-intermediate,off,nc
model,being_overtaken,7.624257806395864,1.7953212432990149,-2.2559187155046896,,False,,goal,False,False,67,98.6591630397581,-20.38337517564092,0,0,0,9,0,0.0,0.0,0.0,5.032932142133561,0.0,0.5679627919643087,0.769431444233596,2.5022587190320733,0.947874839715602,0,,False,being_overtaken,16,0.0,False,0.0,tier_b,B-37-07,747,channel-intermediate,off,nc
model,being_overtaken,7.400799714515556,1.797709467045584,-5.705185729010475,,False,,goal,False,False,69,61.75550778706877,-23.90948633072926,0,0,0,18,0,0.0,0.0,0.0,5.903576871785001,0.0,0.5668804107157646,0.6633172778456934,2.917925164884624,1.3738908002000176,0,,False,being_overtaken,18,0.0,False,0.0,tier_b,B-37-08,748,channel-intermediate,off,nc
model,being_overtaken,6.521208603580449,1.8386448595905416,9.374123218196743,,False,,goal,False,False,77,35.2951420059033,-9.659901402569323,0,0,0,4,0,0.0,0.0,0.0,2.3851608401405744,0.0,0.498956618138116,0.8430749170372476,1.7287235374686034,0.4739812856641113,0,,False,being_overtaken,15,0.0,False,0.0,tier_b,B-37-09,749,channel-intermediate,off,nc
model,being_overtaken,5.218073490930638,1.64196168171261,-5.172827072455233,,False,,collision:obstacle,True,False,55,-698.6683320428484,-31.43350857582431,0,0,0,15,0,0.0,0.0,0.0,7.761360142178841,0.0,0.427682914164268,0.6508683612711087,3.062125872000181,1.5555044007977572,0,,False,being_overtaken,15,0.0,False,0.0,tier_b,B-37-10,750,channel-intermediate,off,nc
model,being_overtaken,5.230157253145066,1.4238889814199032,0.8359271373909127,,False,,goal,False,False,58,57.224831114980645,-48.79637082967613,0,0,0,10,0,0.0,0.0,0.0,12.131017567357771,0.0,0.648324038005845,0.9519760379875638,1.5080170176106054,0.3185381828122517,0,,False,being_overtaken,22,0.0,False,0.0,tier_b,B-37-11,751,channel-intermediate,off,nc
model,being_overtaken,4.9275120897138605,1.4544044316358629,1.4821257984436755,,False,,collision:target,True,True,20,-357.84580943983855,-53.09783734237408,0,0,0,9,0,0.0,0.0,0.0,13.110577121573847,0.0,0.4848440260785763,0.692011319738134,0.8925038984182665,0.4099681467407237,0,,False,being_overtaken,19,0.0,False,0.0,tier_b,B-37-12,752,channel-intermediate,off,nc
model,being_overtaken,6.638268775403676,1.6665210467192346,4.8224130319071286,,False,,collision:boundary,True,False,79,-559.2523314882286,-62.90784633994956,0,0,0,12,0,0.0,0.0,0.0,16.86358601939442,0.0,0.3672741864815805,0.8086096659344003,1.562756043512716,0.7757196575877284,0,,False,being_overtaken,24,0.0,False,0.0,tier_b,B-37-13,753,channel-intermediate,off,nc
model,being_overtaken,7.303985863758642,1.7810504355594825,1.7681686945534985,,False,,goal,False,False,64,77.70522430329754,-36.80979549126946,1,0,1,11,1,0.4317936478970756,0.0,0.2290867579385081,8.20046274175863,0.1412956669950791,0.598687805665292,0.829809320466142,1.6640561336090929,0.5246696809072876,0,,False,being_overtaken,24,0.0,False,0.0,tier_b,B-37-14,754,channel-intermediate,off,nc
model,being_overtaken,5.413543007109223,1.7624743632182618,7.25499041046341,,False,,collision:boundary,True,False,49,-388.6543573777288,-26.45281395779985,5,0,4,7,0,0.4631576640939994,0.0,0.4091183455087652,5.601816660914321,0.0,0.5159621962267402,0.6612730271425747,1.8037507012862009,0.6191892474390173,0,,False,being_overtaken,21,0.0,False,0.0,tier_b,B-37-15,755,channel-intermediate,off,nc
model,being_overtaken,6.941510505621273,1.64922981128708,-9.678497946776847,,False,,collision:boundary,True,False,76,-685.8748055277064,-11.788729087864931,0,0,0,6,0,0.0,0.0,0.0,2.9107973056456617,0.0,0.33648271544875,0.5814153919873264,2.329371466102436,1.5504461563887604,0,,False,being_overtaken,14,0.0,False,0.0,tier_b,B-37-16,756,channel-intermediate,off,nc
model,being_overtaken,4.651035146619659,1.4185975500354997,1.6600436362670763,,False,,goal,False,False,77,-39.19692169788668,-35.66267670599783,0,0,0,9,0,0.0,0.0,0.0,8.80559918666613,0.0,0.5016749238266662,0.7548380100546919,1.3821436234262523,0.4632988360081211,0,,False,being_overtaken,19,0.0,False,0.0,tier_b,B-37-17,757,channel-intermediate,off,nc
model,being_overtaken,4.3014868555864885,1.7058564536883885,-0.5159636138273669,,False,,goal,False,False,70,-10.177614489442432,-32.28813485994066,0,0,0,17,0,0.0,0.0,0.0,7.972378977763125,0.0,0.5459798939519861,0.8172497096521426,2.842806779268827,0.9630784599796592,0,,False,being_overtaken,17,0.0,False,0.0,tier_b,B-37-18,758,channel-intermediate,off,nc
model,being_overtaken,4.609721637523985,1.3310136915864872,-1.1960561970639318,,False,,goal,False,False,68,76.21012358456478,-30.4270918242072,0,0,0,12,0,0.0,0.0,0.0,7.512862178816591,0.0,0.5586220058648883,0.7499604773708671,2.1318694019588262,0.5732170813251602,0,,False,being_overtaken,28,0.0,False,0.0,tier_b,B-37-19,759,channel-intermediate,off,nc
model,,6.893723934745976,7.010016120807804,-4.039734196330549,,,,goal,False,False,67,128.13924475350453,0.0,0,0,0,0,0,0.0,0.0,0.0,0.0,0.0,0.5610796478326838,0.6638755310599133,5.791298942756044,0.6949310658846802,0,,False,never,0,0.0,False,0.0,tier_b,B-38-00,760,channel-intermediate,off,cv
model,,6.361278356357098,7.554963041986295,4.933175109097581,,,,goal,False,False,67,144.11444859182376,0.0,0,0,0,0,0,0.0,0.0,0.0,0.0,0.0,0.5687516790700522,0.6993341067061805,8.18040785332845,0.3115013040245384,0,,False,never,0,0.0,False,0.0,tier_b,B-38-01,761,channel-intermediate,off,cv
model,,7.368558564357867,1.6643814995175084,-6.228218409851046,,,,collision:obstacle,True,False,51,-526.486937498383,0.0,0,0,0,0,0,0.0,0.0,0.0,0.0,0.0,0.4707846062171097,0.636434806381725,8.722492374601025,2.451040069554696,0,,False,never,0,0.0,False,0.0,tier_b,B-38-02,762,channel-intermediate,off,cv
model,,6.874141221827317,7.081019168722316,7.5410155115049236,,,,goal,False,False,67,62.369150549672646,0.0,0,0,0,0,0,0.0,0.0,0.0,0.0,0.0,0.5885011651356223,0.7645670819288749,7.109653765675987,1.022640035004778,0,,False,never,0,0.0,False,0.0,tier_b,B-38-03,763,channel-intermediate,off,cv
model,,7.460611565453397,6.415317526198635,6.492222735225834,,,,goal,False,False,65,16.713991079453507,-10.53670241436634,9,3,5,0,0,0.8250801797485102,0.692634973658165,0.8400034458342492,0.0,0.0,0.589701649076148,0.9193489873340897,6.4132905690403454,1.2025611109434715,0,,False,overtaking,30,0.0,False,0.0,tier_b,B-38-04,764,channel-intermediate,off,cv
model,,6.946745378118248,2.3269887706739114,6.670165648418408,,,,goal,False,False,67,-29.190719982977853,-45.13354875985432,18,0,4,0,0,8.351365537956683,0.0,1.053969263046873,0.0,0.0,0.5917819683922902,0.7371319822681242,6.750292747185756,1.4585486783502628,0,,False,overtaking,20,0.0,False,0.0,tier_b,B-38-05,765,channel-intermediate,off,cv
model,,7.768355759350696,8.6987201881866,2.7147866285426154,,,,goal,False,False,66,145.67842067542625,0.0,0,0,0,0,0,0.0,0.0,0.0,0.0,0.0,0.5716218430834582,0.679142355331007,7.81991611619566,0.5188221010002463,0,,False,never,0,0.0,False,0.0,tier_b,B-38-06,766,channel-intermediate,off,cv
model,,7.6415241985799485,4.179871541168552,4.72863208997823,,,,goal,False,False,69,-205.3412996353497,0.0,0,0,0,0,0,0.0,0.0,0.0,0.0,0.0,0.6056759665021287,0.8595817016456685,7.561480731436034,2.091189421632741,0,,False,never,0,0.0,False,0.0,tier_b,B-38-07,767,channel-intermediate,off,cv
model,,5.883262731759669,2.1097617511204385,5.517580546576745,,,,goal,False,False,72,71.49591563943949,-1.0113957695010836,3,0,0,0,0,0.2043223776769865,0.0,0.0,0.0,0.0,0.5346311889068542,0.6628822865573987,6.594691433726621,0.90863172333701,0,,False,overtaking,4,0.0,False,0.0,tier_b,B-38-08,768,channel-intermediate,off,cv
model,,7.564194806499374,8.175870591341372,-1.976709570164649,,,,goal,False,False,65,94.78269834460087,0.0,0,0,0,0,0,0.0,0.0,0.0,0.0,0.0,0.6039432521419353,0.8043120282384042,7.553089794941658,1.2015366157573244,0,,False,never,0,0.0,False,0.0,tier_b,B-38-09,769,channel-intermediate,off,cv
model,,7.364936494999281,6.9293375233114025,4.475438695169203,,,,goal,False,False,64,105.42615765003592,0.0,0,0,0,0,0,0.0,0.0,0.0,0.0,0.0,0.6128911538232359,0.760949189299364,8.344774082994597,0.9558725904032452,0,,False,never,0,0.0,False,0.0,tier_b,B-38-10,770,channel-intermediate,off,cv
model,,7.631341322862019,7.309386260220524,6.184419256216643,,,,goal,False,False,66,55.982086223256665,-7.905064861616086,4,2,2,0,0,0.7609444095554201,0.5326981709253015,0.4170928022879206,0.0,0.0,0.5807702890048979,0.9084161963796676,6.571407891060198,0.5406071443134107,0,,False,overtaking,13,0.0,False,0.0,tier_b,B-38-11,771,channel-intermediate,off,cv
model,,7.577203800336518,9.176069444204698,4.9135963576092845,,,,goal,False,False,64,150.6992762048292,0.0,0,0,0,0,0,0.0,0.0,0.0,0.0,0.0,0.5904201516670583,0.6810671439251516,11.042877982639816,0.4002089195378118,0,,False,never,0,0.0,False,0.0,tier_b,B-38-12,772,channel-intermediate,off,cv
model,,6.576052035412172,4.844920297095892,-4.957720912583357,,,,collision:boundary,True,False,40,-393.5168959321789,0.0,0,0,0,0,0,0.0,0.0,0.0,0.0,0.0,0.4851063703138184,0.645085625988262,8.815091881531623,0.6754201134771017,0,,False,never,0,0.0,False,0.0,tier_b,B-38-13,773,channel-intermediate,off,cv
model,,7.479990903734448,9.837890827862829,5.066200644374113,,,,goal,False,False,70,-89.93509282929179,0.0,0,0,0,0,0,0.0,0.0,0.0,0.0,0.0,0.5716983932686586,0.807216394135571,9.714515229634346,1.8150928595206524,0,,False,never,0,0.0,False,0.0,tier_b,B-38-14,774,channel-intermediate,off,cv
model,,6.788800257550982,3.974010587445462,0.1883252793222194,,,,goal,False,False,63,53.48056393679138,0.0,0,0,0,0,0,0.0,0.0,0.0,0.0,0.0,0.6362636448684347,0.8163667817928716,9.922936218138902,1.515742210792777,0,,False,never,0,0.0,False,0.0,tier_b,B-38-15,775,channel-intermediate,off,cv
model,,7.490521285222097,8.028577688531575,2.983026464758293,,,,goal,False,False,63,-16.820097927937,0.0,0,0,0,0,0,0.0,0.0,0.0,0.0,0.0,0.6623137867640696,0.860478430444351,11.64261533069355,2.053228098704985,0,,False,never,0,0.0,False,0.0,tier_b,B-38-16,776,channel-intermediate,off,cv
model,,7.513260813579666,7.204446095062754,-3.0993580974405277,,,,goal,False,False,67,87.65712626898167,0.0,0,0,0,0,0,0.0,0.0,0.0,0.0,0.0,0.5732851598673192,0.8146880400799422,7.973835864861182,0.4847534123592286,0,,False,never,0,0.0,False,0.0,tier_b,B-38-17,777,channel-intermediate,off,cv
model,,8.014018593866602,4.795845807013674,6.865620021816273,,,,goal,False,False,67,89.50284419250495,0.0,0,0,0,0,0,0.0,0.0,0.0,0.0,0.0,0.5972059128467697,0.8130855083780484,7.339399615466918,1.582204842624461,0,,False,never,0,0.0,False,0.0,tier_b,B-38-18,778,channel-intermediate,off,cv
model,,7.811122904564072,4.488264435415524,-0.2585824741526288,,,,goal,False,False,75,30.324590054898948,0.0,0,0,0,0,0,0.0,0.0,0.0,0.0,0.0,0.5233641057527199,0.7165203578992045,8.078214154498538,1.3765719017819191,0,,False,never,0,0.0,False,0.0,tier_b,B-38-19,779,channel-intermediate,off,cv
model,head_on,3.865257713904325,1.0338541526692984,176.8540673527023,,,,collision:obstacle,True,False,40,-402.610817382557,-35.08866835655773,8,0,24,0,0,1.7147181613013365,0.0,7.389114849476702,0.0,0.0,0.608419875955206,0.8161430693021078,1.9374478241120867,0.8091952584876615,0,,False,head_on,25,0.0,False,0.0,tier_b,B-39-00,780,channel-narrow,off,cv
model,head_on,4.235076561666536,1.191851884640457,188.87835672051156,,,,collision:target,True,True,25,-318.394214674949,-14.031635493618396,0,0,2,0,7,0.0,0.0,0.091356061480291,0.0,3.0450563716198555,0.5766801076718072,0.7053947569469405,0.9371622610574636,0.7354195979892304,0,,False,head_on,9,0.0,False,0.0,tier_b,B-39-01,781,channel-narrow,off,cv
model,head_on,3.5880778324297715,1.2860369651216232,189.4527109582386,,,,collision:boundary,True,False,25,-342.85716490168903,-8.674293223417726,2,0,2,0,4,0.8922763106323498,0.0,0.2156395268433931,0.0,0.7736051531447509,0.6712278599582092,0.8303394120405371,2.799220326361642,0.5153785830924456,0,,False,head_on,14,0.0,False,0.0,tier_b,B-39-02,782,channel-narrow,off,cv
model,head_on,4.348278884329544,0.0113095628141173,179.86521879434991,,,,goal,False,False,63,-61.45654763502907,-49.64400076824275,11,0,15,0,9,5.497161682417286,0.0,3.560851956301922,0.0,2.1364407550200566,0.6153689418544117,0.8273382840025423,1.0837963410088352,0.9266069024207874,0,,False,head_on,15,0.0,False,0.0,tier_b,B-39-03,783,channel-narrow,off,cv
model,head_on,3.836752004607026,0.2380621369749365,174.45621491844668,,,,collision:boundary,True,False,30,-456.3960359322564,-16.79680412319382,3,0,10,0,2,1.9061962178066487,0.0,1.7357773547503457,0.0,0.2471854150999251,0.7412740886621612,0.9745421879361896,1.124782591934952,0.6883053344433518,0,,False,head_on,17,0.0,False,0.0,tier_b,B-39-04,784,channel-narrow,off,cv
model,head_on,3.825938577463284,1.3044018264425226,181.95327015196432,,,,collision:target,True,True,29,-311.2741518871822,-4.608534238637655,0,0,5,0,2,0.0,0.0,0.6685024252170746,0.0,0.4893167795235971,0.552342242415623,0.6925995731662791,0.9939234791827208,0.8380350362659761,0,,False,head_on,15,0.0,False,0.0,tier_b,B-39-05,785,channel-narrow,off,cv
model,head_on,4.145732736883094,1.3122466078205606,170.9497167931347,,,,collision:target,True,True,27,-365.5184851875415,-25.346290967563323,6,0,12,0,2,2.533005747985092,0.0,2.979526152225395,0.0,0.4625818593390445,0.6838531846093753,0.8263362224991281,1.7426885922973396,0.5475669588201579,0,,False,head_on,20,0.0,False,0.0,tier_b,B-39-06,786,channel-narrow,off,cv
model,head_on,4.197272748830505,0.1515259668791562,174.04259926766264,,,,goal,False,False,54,-215.1777301742838,-22.443775291293523,8,1,0,0,7,2.611058619810485,0.0062203419656889,0.0,0.0,2.108498762333658,0.7197609850526077,0.916787978583954,1.4935391079239186,0.8888760166885206,0,,False,head_on,10,0.3,True,0.0,tier_b,B-39-07,787,channel-narrow,off,cv
model,head_on,3.603572969446984,1.0444000429664326,180.13288258059953,,,,collision:boundary,True,False,24,-419.4940106586404,-46.19642784660478,12,0,6,0,8,7.656723105875458,0.0,1.0827485260839178,0.0,0.9772786174709234,0.6863116306271148,0.8307860287120018,2.6563489150690534,0.5014819022912844,0,,False,head_on,22,0.0,False,0.0,tier_b,B-39-08,788,channel-narrow,off,cv
model,head_on,3.687605131389582,0.2422956678516834,171.64868946047636,,,,collision:boundary,True,False,26,-383.1950186666354,-30.409035246961786,8,0,15,0,3,3.092056161504437,0.0,3.6066023567512726,0.0,0.4710197251578311,0.6371990004339162,0.7870135396101315,1.5445522050919118,0.5395901100255295,0,,False,head_on,22,0.0,False,0.0,tier_b,B-39-09,789,channel-narrow,off,cv
model,head_on,3.546469135471181,0.3826940581766052,178.74987548610562,,,,collision:target,True,True,27,-303.1550566647209,-2.3183008022596656,0,0,1,0,2,0.0,0.0,0.0987805943373111,0.0,0.4361534805878545,0.5623755335399285,0.6714387294476072,1.7381418239300346,0.6211501276198865,0,,False,head_on,4,0.0,False,0.0,tier_b,B-39-10,790,channel-narrow,off,cv
model,head_on,3.9260619886350105,0.1871361275972911,184.9225262511312,,,,goal,False,False,55,-182.4690875026659,-46.63418971775267,11,0,11,0,9,5.958486156215153,0.0,2.3500266118804096,0.0,1.928797209270708,0.7294197162082494,0.9579430586769024,1.1442083398628715,0.8378624260222632,0,,False,head_on,20,0.0,False,0.0,tier_b,B-39-11,791,channel-narrow,off,cv
model,head_on,3.758578416746012,1.1950632141872286,189.229079434214,,,,goal,False,False,52,-48.52664500415011,-19.678587098880566,9,0,3,0,2,3.369988191193563,0.0,0.268713961431817,0.0,0.4510611758484187,0.743298212627391,1.0152820386786392,1.8016427580927297,0.4939018464196534,0,,False,head_on,18,0.0,False,0.0,tier_b,B-39-12,792,channel-narrow,off,cv
model,head_on,3.7907191062199344,0.0645967238747722,185.4543595368918,,,,collision:target,True,True,24,-324.0432009119929,-18.355643125531333,2,0,19,0,1,0.2931994433619566,0.0,4.623878398502222,0.0,0.0574096991737008,0.5648055879076493,0.6806099096034977,1.7298058252313813,0.6532134654463803,0,,False,head_on,19,0.0,False,0.0,tier_b,B-39-13,793,channel-narrow,off,cv
model,head_on,4.308192409933844,1.5112716431248885,186.3681527370162,,,,goal,False,False,54,40.94143547396426,-54.18003277263748,11,0,4,0,9,7.783482236465297,0.0,0.3211276065282249,0.0,3.221274737473921,0.7166074809137954,0.9605681831969902,2.4006726191807943,0.5379141696746298,0,,False,head_on,19,0.0,False,0.0,tier_b,B-39-14,794,channel-narrow,off,cv
model,head_on,3.6874710389797194,1.3516258746790897,177.31167039509134,,,,goal,False,False,52,48.54674549330251,-25.94869052710101,7,0,3,0,2,4.597892166447025,0.0,0.718495728858381,0.0,0.1338977065106804,0.7391768821960708,0.9850585170879874,1.9801735927420716,0.4164612837415644,0,,False,head_on,20,0.0,False,0.0,tier_b,B-39-15,795,channel-narrow,off,cv
model,head_on,3.942082219696239,0.627542096091595,180.10865396414692,,,,collision:target,True,True,25,-322.32425510059164,-26.32585782462436,5,0,21,0,3,1.4908365891233455,0.0,4.936414112543667,0.0,0.2611390896236894,0.6421412049776329,0.6979319394942235,1.72121299554828,0.5401014947813406,0,,False,head_on,21,0.0,False,0.0,tier_b,B-39-16,796,channel-narrow,off,cv
model,head_on,3.504976427626405,0.8642819403946196,178.33670155014502,,,,collision:target,True,True,26,-331.9114556667524,-31.985635442899436,6,0,23,0,1,1.9127297671566603,0.0,6.096835543863225,0.0,0.1264478083480779,0.6587546928264184,0.7343983338561285,1.7168640709421916,0.501154279443331,0,,False,head_on,23,0.0,False,0.0,tier_b,B-39-17,797,channel-narrow,off,cv
model,head_on,3.5659197862849,1.0316743746658688,177.22006285194723,,,,goal,False,False,52,41.4172556499408,-55.29795382571511,12,0,4,0,12,8.271929296039396,0.0,0.9056489149205332,0.0,2.4647928259124816,0.741084169168282,0.9889383986904612,1.5405586974643743,0.3484720516092456,0,,False,head_on,23,0.0,False,0.0,tier_b,B-39-18,798,channel-narrow,off,cv
model,head_on,3.333448529706696,0.8930637587700774,188.62062047018756,,,,collision:boundary,True,False,33,-549.298473977703,-30.45390817581997,8,0,2,0,8,4.674703859096632,0.0,0.1682182769952747,0.0,1.490786283579702,0.6708532527827517,0.8232761580588779,2.3063104741246385,0.8256944429016091,0,,False,head_on,18,0.0,False,0.0,tier_b,B-39-19,799,channel-narrow,off,cv
model,head_on,3.762705861476313,0.7721960009447113,186.5070249919534,,,,goal,False,False,52,-258.95558463766366,-8.189361902755548,4,0,0,0,4,1.0575616681697242,0.0,0.0,0.0,0.6565403656256474,0.7576998092844305,0.9995843187946026,1.8651827411176063,0.8191115058046705,0,,False,head_on,10,0.0,False,0.0,tier_b,B-40-00,800,channel-narrow,off,re
model,head_on,4.113014023393751,1.1622688874438116,179.17040053017462,,,,goal,False,False,57,43.61669330865622,-39.73366648763109,10,0,22,0,2,2.6269317901653126,0.0,7.302017039834331,0.0,0.0984650628687121,0.6717224563099942,0.8495523874186559,2.3465454526201257,0.642131398354754,0,,False,head_on,23,0.0,False,0.0,tier_b,B-40-01,801,channel-narrow,off,re
model,head_on,4.057145054553722,0.2029275435111268,181.43407486836315,,,,collision:boundary,True,False,26,-368.6304891336095,-17.613461218393557,4,0,4,0,4,0.9033059919092852,0.0,0.7779991323402098,0.0,2.2980665960039643,0.5645101975662472,0.6526981824569105,1.6929718293485674,0.6494051903970505,0,,False,head_on,4,0.0,False,0.0,tier_b,B-40-02,802,channel-narrow,off,re
model,head_on,3.9850725895769408,0.7623801999417543,177.53313601188566,,,,collision:boundary,True,False,29,-375.2117911562665,-27.79493567927866,6,0,11,0,4,2.8888457052881185,0.0,2.9409478775659803,0.0,0.6461637953033209,0.6710946285231256,0.8221180310010558,1.9813418591613523,0.6921666969483369,0,,False,head_on,23,0.0,False,0.0,tier_b,B-40-03,803,channel-narrow,off,re
model,head_on,3.6434906293991,0.8727894831726248,182.0560651819519,,,,goal,False,False,52,18.87064184534437,-52.97455598701556,16,0,5,0,9,9.308247518796666,0.0,0.7249497480421336,0.0,0.9530914835600814,0.7421546417903878,0.9647660355384384,1.547337290969186,0.4324863634363445,0,,False,head_on,25,0.0,False,0.0,tier_b,B-40-04,804,channel-narrow,off,re
model,head_on,4.30968113146213,1.200118487728454,175.36640318676132,,,,goal,False,False,54,70.227920067261,-47.13469254160294,16,0,4,0,7,7.987290705624608,0.0,0.6431320378970904,0.0,1.1738507138514669,0.7070324194074084,0.924853101136334,1.9535742814525972,0.3883111904455767,0,,False,head_on,23,0.0,False,0.0,tier_b,B-40-05,805,channel-narrow,off,re
model,head_on,3.8732935926007848,0.9549692617801876,185.8393906466966,,,,collision:boundary,True,False,27,-440.7216934847097,-51.11963182762329,13,0,8,0,10,7.022236442880016,0.0,1.5245966799578452,0.0,2.415780752781993,0.7374461501480924,0.9729777663640904,2.082670581363559,0.6182983801822406,0,,False,head_on,22,0.0,False,0.0,tier_b,B-40-06,806,channel-narrow,off,re
model,head_on,3.857365236863727,0.6139792351530917,179.07779055460202,,,,goal,False,False,59,44.27691663987369,-62.75126091757649,17,0,23,0,7,5.922573630983588,0.0,7.449399627580592,0.0,1.4703739522039103,0.6495149924880737,0.7562265850185246,1.583656003987425,0.6054431899856673,0,,False,head_on,23,0.0,False,0.0,tier_b,B-40-07,807,channel-narrow,off,re
model,head_on,3.9563472947054272,1.7322513792166572,184.76272369701647,,,,collision:boundary,True,False,35,-423.5731198953876,-17.18284375770812,3,0,8,0,6,1.6234799877885155,0.0,1.141413796783951,0.0,1.1194506999406095,0.6876085742682901,0.8438978131285096,2.4929294941198887,0.926792458922046,0,,False,head_on,21,0.0,False,0.0,tier_b,B-40-08,808,channel-narrow,off,re
model,head_on,4.027571881496511,0.283585312325505,182.12546001959132,,,,collision:boundary,True,False,27,-434.4134250836665,-53.49548426971064,12,0,10,0,1,8.73970178812675,0.0,2.4460933530056974,0.0,0.3173387439250479,0.6919700001441064,0.9179182079461874,1.394174512378302,0.5593300124080215,0,,False,head_on,23,0.0,False,0.0,tier_b,B-40-09,809,channel-narrow,off,re
model,head_on,3.656652401576853,1.2310954725682974,170.1268233326604,,,,goal,False,False,56,3.770550567318338,-60.65989802812352,14,0,24,0,1,6.093829692190073,0.0,8.26971395766686,0.0,0.1609935120404334,0.6934287688400248,0.9616426383023978,1.8883663022534989,0.4935294395107334,0,,False,head_on,24,0.0,False,0.0,tier_b,B-40-10,810,channel-narrow,off,re
model,head_on,4.039890795517824,0.904375659431376,173.5793109284212,,,,goal,False,False,56,8.066696306299534,-43.31453761542325,13,0,26,0,1,2.444225132276675,0.0,8.605263190270374,0.0,0.0525946057067467,0.6887239027796286,0.9934015614939432,2.0343093181959437,0.699721665039973,0,,False,head_on,26,0.0,False,0.0,tier_b,B-40-11,811,channel-narrow,off,re
model,head_on,3.762016220632157,1.0464730445825337,170.49913500696314,,,,goal,False,False,55,-20.224274778313145,-29.83262922233964,7,0,21,0,1,1.1351630265560155,0.0,6.701561292385054,0.0,0.019544797400259,0.6931552574700369,0.9902791396990202,2.0303560340581357,0.7241753560176847,0,,False,head_on,21,0.0,False,0.0,tier_b,B-40-12,812,channel-narrow,off,re
model,head_on,4.441651186413293,1.3793963859702068,183.98098186145396,,,,goal,False,False,57,91.02361650273888,-26.702920886603525,5,0,5,0,5,3.743825980871876,0.0,0.962666453746291,0.0,1.0456406772891291,0.6759793579981686,0.8928560526484809,2.071805526586146,0.5045055796295932,0,,False,head_on,19,0.0,False,0.0,tier_b,B-40-13,813,channel-narrow,off,re
model,head_on,3.6490070193037223,1.0049882311317353,176.60479399175193,,,,goal,False,False,59,-52.53221837263048,-42.90610032342643,11,0,23,0,0,3.5883408670548067,0.0,6.984392508751427,0.0,0.0,0.6535421745849245,0.7357412335687514,1.5580924883815082,0.5092021775721389,0,,False,head_on,23,0.0,False,0.0,tier_b,B-40-14,814,channel-narrow,off,re
model,head_on,4.177614732899758,0.4592242708243701,172.18562762203163,,,,goal,False,False,60,46.71706865456979,-45.81789898497813,11,0,21,0,2,3.940700205235025,0.0,6.951857749579454,0.0,0.2854989045730514,0.6503217966826014,0.8138875138507362,1.846982098558988,0.8750079369514947,0,,False,head_on,21,0.0,False,0.0,tier_b,B-40-15,815,channel-narrow,off,re
model,head_on,3.791320772129796,0.6481680510561354,179.42656317830858,,,,collision:boundary,True,False,27,-374.3367097702578,-19.73621089795104,5,0,13,0,0,1.925114927712379,0.0,2.835247779381879,0.0,0.0,0.6689988778497998,0.804235091690687,1.4434096754806696,0.5385464272990766,0,,False,head_on,21,0.0,False,0.0,tier_b,B-40-16,816,channel-narrow,off,re
model,head_on,4.479155456044692,0.0254849593788675,186.48976471260448,,,,collision:target,True,True,23,-306.67540574795765,-11.875280938110585,0,0,15,0,1,0.0,0.0,3.2200165319980134,0.0,0.06293809398172,0.6383094737109409,0.7158503660890974,1.844442389372524,0.5957620680266805,0,,False,head_on,15,0.0,False,0.0,tier_b,B-40-17,817,channel-narrow,off,re
model,head_on,4.213738796143265,0.2743149943621352,178.23923034852982,,,,collision:target,True,True,26,-310.03755547459133,-13.191664320175017,2,0,9,0,5,0.1280550400501968,0.0,1.678337905255892,0.0,1.4479500917789627,0.6079513879941817,0.7087049512791028,1.7439350622706566,0.6701181247435434,0,,False,head_on,9,0.0,False,0.0,tier_b,B-40-18,818,channel-narrow,off,re
model,head_on,4.239534437742151,1.15334904029674,177.82364148923435,,,,goal,False,False,54,61.61634285831106,-46.971044332769935,16,0,4,0,8,7.211753609755577,0.0,0.7298682456477215,0.0,1.9211862844773373,0.7131292128349044,0.9286713545491913,1.874983366892787,0.4266229007597873,0,,False,head_on,24,0.0,False,0.0,tier_b,B-40-19,819,channel-narrow,off,re
model,head_on,3.801836523788727,0.7248597714633498,186.2576173014188,,,,collision:target,True,True,27,-378.30714782482056,-34.19942630519691,10,0,17,0,0,3.81895995804578,0.0,4.248770698019526,0.0,0.0,0.7174771482892065,0.8642098178567503,1.4613103144156865,0.5778093141441004,0,,False,head_on,24,0.0,False,0.0,tier_b,B-41-00,820,channel-narrow,off,nc
model,head_on,4.112255356871584,1.3632329737973994,180.84471723057808,,,,goal,False,False,56,91.0662580122182,-23.69524747166008,11,0,5,0,4,3.405450272126453,0.0,1.020250973429481,0.0,0.7034144711751139,0.696157263757718,0.8881044106931514,2.0614188030624523,0.4863600379076488,0,,False,head_on,22,0.0,False,0.0,tier_b,B-41-01,821,channel-narrow,off,nc
model,head_on,4.18769752457449,1.266141742283416,173.24575126076942,,,,goal,False,False,51,46.099805016059705,-20.62485919122588,9,0,0,0,11,2.052722579613832,0.0,0.0,0.0,2.325307204919425,0.7554664428329735,0.984692898694432,1.9733054904836589,0.5020181193951279,0,,False,head_on,11,0.0,False,0.0,tier_b,B-41-02,822,channel-narrow,off,nc
model,head_on,4.077571493597797,0.1168089929111428,173.89840029587808,,,,goal,False,False,55,-66.68137768680683,-67.35918479625498,15,0,11,0,11,9.869211385579415,0.0,2.267083623099738,0.0,2.2989083098839584,0.7094363497223019,0.921749285755274,0.936086746446997,0.603580553413643,0,,False,head_on,25,0.0,False,0.0,tier_b,B-41-03,823,channel-narrow,off,nc
model,head_on,3.995043784413791,0.4040265138216874,183.92111737311063,,,,goal,False,False,50,-367.9296473725781,-31.19663342284833,6,0,10,0,0,4.253479139549475,0.0,2.817197689466229,0.0,0.0,0.7730915553243307,1.0030582134258137,0.8806611550716982,1.1160257832244571,0,,False,head_on,23,0.0,False,0.0,tier_b,B-41-04,824,channel-narrow,off,nc
model,head_on,3.4882498581705206,0.6391242117705516,171.92217452763103,,,,collision:boundary,True,False,26,-369.9493869849082,-15.35204833620312,2,0,2,0,7,0.685081321691236,0.0,0.0222503414366703,0.0,2.640176569924331,0.6714596770799652,0.9064209823579238,2.487969143391482,0.4878235931235301,0,,False,head_on,10,0.0,False,0.0,tier_b,B-41-05,825,channel-narrow,off,nc
model,head_on,3.908395390847441,1.4040983992109148,177.36750728685175,,,,collision:target,True,True,27,-334.9141350828542,-26.87385699873498,7,0,19,0,2,1.7929301136677402,0.0,4.930128934571391,0.0,0.0556419492494812,0.6524089954529919,0.7195341713774166,1.528068979074475,0.6527172053840827,0,,False,head_on,23,0.0,False,0.0,tier_b,B-41-06,826,channel-narrow,off,nc
model,head_on,4.497980355245972,0.508016580736929,188.71767487162327,,,,goal,False,False,54,47.37025693578367,-51.57247419201481,13,0,9,0,8,7.017394375031433,0.0,1.994743333459472,0.0,2.14562134114558,0.7208408685388549,1.000328337540746,1.537393064089764,0.643140703899628,0,,False,head_on,21,0.0,False,0.0,tier_b,B-41-07,827,channel-narrow,off,nc
model,head_on,3.643201124185648,1.5805034998833494,175.59665569688346,,,,collision:boundary,True,False,27,-375.3146168360345,-41.77460532884185,12,0,15,0,4,5.177470285432055,0.0,2.8561483167829333,0.0,1.303109661229914,0.6541969630350962,0.8010197185842131,3.0844971905319776,0.632207983997805,0,,False,head_on,24,0.0,False,0.0,tier_b,B-41-08,828,channel-narrow,off,nc
model,head_on,4.025090627475808,0.0555818448945901,182.3816893120312,,,,goal,False,False,53,-157.6714137555029,-56.85612363091823,14,0,7,0,8,8.931459815919165,0.0,1.9142471497413127,0.0,1.2786906228999186,0.7439778490610374,0.9971706280651108,1.277202830002902,0.6753820639201157,0,,False,head_on,22,0.0,False,0.0,tier_b,B-41-09,829,channel-narrow,off,nc
model,head_on,3.774519634975606,0.6812194589344516,172.02661080248436,,,,collision:boundary,True,False,28,-395.48414152083615,-33.405729257901,8,0,15,0,5,3.470701210952598,0.0,3.4035857553370263,0.0,0.8828554543271873,0.7112397530472007,0.8643436856582121,1.1850456409603298,0.6169751927204221,0,,False,head_on,23,0.0,False,0.0,tier_b,B-41-10,830,channel-narrow,off,nc
model,head_on,4.107394640407665,0.7913483531439853,185.9401488376976,,,,goal,False,False,57,62.69842756733268,-52.43818750845674,15,0,6,0,4,8.459442743748866,0.0,1.7608235474195242,0.0,0.9388847013754588,0.690507986695192,0.8496639849207869,1.73839400463531,0.5130753733396134,0,,False,head_on,26,0.0,False,0.0,tier_b,B-41-11,831,channel-narrow,off,nc
model,head_on,4.036074017155695,0.270625840700724,189.2861754993525,,,,collision:boundary,True,False,33,-446.4532740909897,-40.04703041909292,13,0,11,0,8,5.31747356525769,0.0,3.1477622835434604,0.0,0.5319093445135329,0.7528768399893889,1.01105913610832,1.2750457010001313,0.7003401602247777,0,,False,head_on,24,0.0,False,0.0,tier_b,B-41-12,832,channel-narrow,off,nc
model,head_on,3.640612260048193,0.3829839391172085,181.50327820464423,,,,goal,False,False,51,-63.60241099579444,-60.7624694132336,14,0,9,0,10,8.977289901563422,0.0,2.174335986810559,0.0,1.888283299550368,0.7640791928224764,1.0115038821315634,1.2483087002702893,0.5355866395942892,0,,False,head_on,24,0.0,False,0.0,tier_b,B-41-13,833,channel-narrow,off,nc
model,head_on,3.849433940167941,0.1257826076259356,179.5778251875402,,,,collision:boundary,True,False,26,-377.4440313134944,-34.496529442051525,9,0,12,0,2,4.887062696515192,0.0,2.7144182669457595,0.0,0.1185918518436869,0.6542468168262879,0.7877404392270795,2.7843338133261577,0.5918924024342938,0,,False,head_on,21,0.0,False,0.0,tier_b,B-41-14,834,channel-narrow,off,nc
model,head_on,3.6081621684756113,1.6267101289291732,177.45891367431722,,,,goal,False,False,54,56.02513012877423,-51.9629684611981,14,0,2,0,9,8.403450537494807,0.0,0.4126775790881378,0.0,1.973388670195889,0.7117272775039276,0.8966502498179765,2.088650057666775,0.3509744080927792,0,,False,head_on,25,0.0,False,0.0,tier_b,B-41-15,835,channel-narrow,off,nc
model,head_on,3.757064450758442,0.8184888463748441,174.5207045205522,,,,collision:target,True,True,23,-328.1836583635796,-39.433991736516255,7,0,21,0,6,3.445585736708391,0.0,5.325019735284785,0.0,0.7129491761743288,0.636224523356968,0.7556053524520356,1.759801995875387,0.3725204274968978,0,,False,head_on,21,0.0,False,0.0,tier_b,B-41-16,836,channel-narrow,off,nc
model,head_on,4.270742702727164,0.2144381849253718,174.0292046970446,,,,goal,False,False,55,54.07080792743863,-37.285793328785125,9,0,9,0,1,5.584264097986849,0.0,2.668101028022323,0.0,0.008560520637747,0.715801414856568,0.8909269532420782,0.9896286623655908,0.731337758295954,0,,False,head_on,25,0.0,False,0.0,tier_b,B-41-17,837,channel-narrow,off,nc
model,head_on,4.097552731488399,0.1325716902926175,186.7229797091948,,,,collision:boundary,True,False,28,-387.2328667963428,-48.7366620204237,12,0,14,0,11,6.017475575310545,0.0,3.5627084856014912,0.0,1.3609794165491411,0.6150949483030015,0.9272309642132204,1.7926887169902987,0.5395167544964685,0,,False,head_on,26,0.0,False,0.0,tier_b,B-41-18,838,channel-narrow,off,nc
model,head_on,4.015183589193663,0.0960862118316712,176.68532967755385,,,,collision:target,True,True,26,-329.25169357622383,-15.292633799688822,1,0,18,0,3,0.2026036020220725,0.0,3.660847101666651,0.0,0.2468214230399143,0.6194286739391293,0.8103961000607359,1.3621919354497805,0.5142294251941132,0,,False,head_on,20,0.0,False,0.0,tier_b,B-41-19,839,channel-narrow,off,nc
model,crossing,3.520016814745608,2.227907980890388,243.27766386077684,starboard,,True,goal,False,False,68,-142.79558554587754,0.0,0,0,0,0,0,0.0,0.0,0.0,0.0,0.0,0.5870009751130031,0.8702786381715697,1.5745129944600875,1.0765897906267443,0,,False,never,0,0.0,False,0.0,tier_b,B-42-00,840,channel-narrow,off,cv
model,crossing,3.926695295821705,2.3538381943980635,98.45573416608852,port,,True,collision:obstacle,True,False,53,-732.2427713767861,0.0,0,0,0,0,0,0.0,0.0,0.0,0.0,0.0,0.507735937566692,0.6711097196052054,3.486414085334478,1.5408625318377085,0,,False,never,0,0.0,False,0.0,tier_b,B-42-01,841,channel-narrow,off,cv
model,crossing,3.9622417027492816,1.1624375602225336,240.63001045572204,starboard,,True,collision:target,True,True,16,-296.71550859292233,0.0,0,0,0,0,0,0.0,0.0,0.0,0.0,0.0,0.5812263891029433,0.6723007621156946,1.6511656055281383,0.5597350559551769,0,,False,never,0,0.0,False,0.0,tier_b,B-42-02,842,channel-narrow,off,cv
model,crossing,4.13243748253336,0.883862185630036,235.0980285614819,starboard,,True,collision:target,True,True,14,-296.0120596227938,0.0,0,0,0,0,0,0.0,0.0,0.0,0.0,0.0,0.5828620401229525,0.6831651767056972,1.6879169477997185,0.4414461536928361,0,,False,never,0,0.0,False,0.0,tier_b,B-42-03,843,channel-narrow,off,cv
model,crossing,4.033203064796441,0.4024318868521306,223.509996084812,starboard,,False,collision:target,True,True,22,-355.2950053044004,-41.23817145005529,13,13,0,0,3,5.734350377153569,2.115182084322873,0.0,0.0,0.5295523923882003,0.4368104955622342,0.6285471365731256,1.7887841341812578,0.6659806708087577,0,,False,crossing,19,0.0,False,0.0,tier_b,B-42-04,844,channel-narrow,off,cv
model,crossing,3.940382358645554,2.3769595433164854,152.94395634002063,port,,True,goal,False,False,54,108.7023710484138,-0.9145980912249452,0,1,0,0,1,0.0,0.0328042977794419,0.0,0.0,0.1671592927148239,0.6989795632288943,0.7885073358850664,2.252353716612118,0.4470170436522687,0,,False,crossing,1,1.0,True,0.0,tier_b,B-42-05,845,channel-narrow,off,cv
model,crossing,3.622347439532257,1.2362849697216285,282.8536529466605,starboard,,False,collision:boundary,True,False,36,-341.658299337626,0.0,0,0,0,0,0,0.0,0.0,0.0,0.0,0.0,0.5865912667125408,0.7176404787253381,1.9430081413126068,0.4745267373541668,0,,False,never,0,0.0,False,0.0,tier_b,B-42-06,846,channel-narrow,off,cv
model,crossing,4.11035854089362,1.9689881918222765,258.1647935118941,starboard,,True,collision:boundary,True,False,45,-472.69193043093367,-12.136147730003085,3,1,0,0,6,0.4776240303427984,0.8679653580942542,0.0,0.0,1.2167733904977047,0.4904578031364359,0.8456949115189157,2.5938144885256804,0.9441334251163506,0,,False,crossing,23,0.0,False,0.0,tier_b,B-42-07,847,channel-narrow,off,cv
model,crossing,3.59056011166551,1.5053202427061136,105.95728344126462,port,,True,goal,False,False,58,105.8463681462449,0.0,0,0,0,0,0,0.0,0.0,0.0,0.0,0.0,0.6506393005611206,0.8095313327672928,1.8347602214120693,0.4058309364777727,0,,False,never,0,0.0,False,0.0,tier_b,B-42-08,848,channel-narrow,off,cv
model,crossing,3.481841205671963,1.590152386951072,202.9327895999476,starboard,,True,collision:boundary,True,False,21,-402.963910650542,0.0,0,0,0,0,0,0.0,0.0,0.0,0.0,0.0,0.6419589471468976,0.8572812646429777,2.911971296068251,0.9876777451801596,0,,False,crossing,3,0.0,False,0.0,tier_b,B-42-09,849,channel-narrow,off,cv
model,crossing,3.590914050138185,0.9880048987746816,108.1155811804533,port,,True,collision:boundary,True,False,21,-356.58991154682576,0.0,0,0,0,0,0,0.0,0.0,0.0,0.0,0.0,0.5277111751509546,0.7306257867240996,2.881327824357753,0.875726382040316,0,,False,never,0,0.0,False,0.0,tier_b,B-42-10,850,channel-narrow,off,cv
model,crossing,4.087589383148088,2.311649046427683,217.2571615941752,starboard,,True,goal,False,False,55,118.31173685664962,0.0,0,0,0,0,0,0.0,0.0,0.0,0.0,0.0,0.689020995146321,0.8610324149888926,2.865630883771501,0.3599137861812632,0,,False,never,0,0.0,False,0.0,tier_b,B-42-11,851,channel-narrow,off,cv
model,crossing,4.2248169370998845,2.03744613526317,288.23002430395223,starboard,,True,collision:boundary,True,False,44,-362.3359305832616,-25.843470356370126,10,3,0,0,3,3.228787725282423,1.5641689705387485,0.0,0.0,0.4707410471234055,0.5273000571565497,0.7821584786455327,2.625364528471387,0.6600660936920868,0,,False,crossing,16,0.0,False,0.0,tier_b,B-42-12,852,channel-narrow,off,cv
model,crossing,3.9196238349741255,2.2043692250770865,71.08475647840532,port,,True,goal,False,False,61,111.5864665393321,0.0,0,0,0,0,0,0.0,0.0,0.0,0.0,0.0,0.6306713082773195,0.8024406865785365,2.1115103418520103,0.316372108666435,0,,False,never,0,0.0,False,0.0,tier_b,B-42-13,853,channel-narrow,off,cv
model,crossing,3.5886497506822743,1.829170221221092,233.3309748332712,starboard,,True,collision:target,True,True,16,-312.2897253362896,0.0,0,0,0,0,0,0.0,0.0,0.0,0.0,0.0,0.5446295678898171,0.7272320817642061,1.3555293100216717,0.6314505309428466,0,,False,never,0,0.0,False,0.0,tier_b,B-42-14,854,channel-narrow,off,cv
model,crossing,3.5390461400978213,1.5215294241658723,204.8416593139304,starboard,,True,goal,False,False,54,104.93806465462302,-0.8923221312892267,0,2,0,0,1,0.0,0.0266385353462208,0.0,0.0,0.1689914180723185,0.7125642909669876,0.9228317533303896,2.0996431331435503,0.3668262139956181,0,,False,crossing,4,0.0,False,0.0,tier_b,B-42-15,855,channel-narrow,off,cv
model,crossing,3.8947871404225416,1.2842584225631932,96.13808263443192,port,,True,collision:target,True,True,22,-312.2075394793848,0.0,0,0,0,0,0,0.0,0.0,0.0,0.0,0.0,0.5905370146179294,0.669169588816903,1.225429878210863,0.3643552358096111,0,,False,never,0,0.0,False,0.0,tier_b,B-42-16,856,channel-narrow,off,cv
model,crossing,4.180449833322959,0.7248518334725071,70.9807418243985,port,,True,collision:boundary,True,False,46,-697.0652709505275,-8.986065351491495,8,0,0,0,1,1.574159772874438,0.0,0.0,0.0,0.265327661280672,0.4442624216455156,0.6841368759802401,2.532768240854538,1.6198250383235515,0,,False,crossing,10,1.0,True,0.0,tier_b,B-42-17,857,channel-narrow,off,cv
model,crossing,4.101307452177891,0.3981106406581033,136.53600071501307,port,,True,goal,False,False,61,-156.51728826146396,-4.33514744825635,1,0,0,0,2,0.2740488765952639,0.0,0.0,0.0,0.6619123353577318,0.6463032417322456,0.874639445967852,1.8112312816576108,1.2115097302457245,0,,False,crossing,15,1.0,True,0.0,tier_b,B-42-18,858,channel-narrow,off,cv
model,crossing,4.021802102644898,1.1160782185984666,74.78037619213057,port,,True,collision:target,True,True,16,-369.70795748851873,-61.72604987547325,9,5,0,0,7,7.355197922681711,3.120515508584966,0.0,0.0,2.708687653888288,0.50600054913765,0.6771613725187774,1.612918154299399,0.3449609507433216,0,,False,crossing,9,1.0,True,0.0,tier_b,B-42-19,859,channel-narrow,off,cv
model,crossing,4.03905952681786,2.2027995972360204,275.5573846608476,starboard,,True,collision:obstacle,True,False,44,-412.4024039720358,-14.010464045665437,5,1,0,0,2,1.958931640509587,0.5063893373087746,0.0,0.0,0.4015833789921214,0.5156757741501872,0.7300917780010228,2.2664999112504853,0.7036727366948223,0,,False,crossing,10,0.0,False,0.0,tier_b,B-43-00,860,channel-narrow,off,re
model,crossing,3.709109685901107,0.4083667521781442,68.44074059757843,port,,True,collision:target,True,True,21,-326.91491716663063,-28.93471625350138,4,3,0,0,2,3.0187342109051776,2.053658622604803,0.0,0.0,0.9783464968043836,0.5813815851038756,0.6904556531035859,1.0961911827947617,0.5818365805159518,0,,False,crossing,4,1.0,True,0.0,tier_b,B-43-01,861,channel-narrow,off,re
model,crossing,3.522959618172245,2.181731033510748,224.6391104593604,starboard,,True,collision:boundary,True,False,35,-450.7205389811273,0.0,0,0,0,0,0,0.0,0.0,0.0,0.0,0.0,0.667756071597217,0.8292094296044262,3.166866430306844,0.6768001431190291,0,,False,never,0,0.0,False,0.0,tier_b,B-43-02,862,channel-narrow,off,re
model,crossing,3.5460646559117506,0.6759499014779713,94.11626545050396,port,,True,collision:boundary,True,False,44,-575.615179762952,0.0,0,0,0,0,0,0.0,0.0,0.0,0.0,0.0,0.5444345515747224,0.8512808124421952,2.1579396483892745,1.286904362167047,0,,False,never,0,0.0,False,0.0,tier_b,B-43-03,863,channel-narrow,off,re
model,crossing,3.588457041250512,1.1095918238381384,235.19389440265968,starboard,,True,collision:target,True,True,17,-306.6267923657654,0.0,0,0,0,0,0,0.0,0.0,0.0,0.0,0.0,0.5855503506531788,0.7333995894752665,1.5949212842002058,0.600139550988297,0,,False,never,0,0.0,False,0.0,tier_b,B-43-04,864,channel-narrow,off,re
model,crossing,4.102226423562973,1.0739655918245925,109.44487533945986,port,,True,collision:obstacle,True,False,54,-627.394978582498,-3.1908152266010976,6,0,0,0,1,0.5820865048776729,0.0,0.0,0.0,0.0687748949903592,0.4408840260164308,0.6791024226321076,3.048630361948345,1.3763488552471896,0,,False,crossing,15,1.0,True,0.0,tier_b,B-43-05,865,channel-narrow,off,re
model,crossing,4.201140205569559,0.344285681517221,76.34719284577511,port,,True,collision:target,True,True,19,-311.42564504623937,-13.250387811855193,2,1,0,0,4,1.3629497332181129,0.659330407728,0.0,0.0,0.720022469815985,0.538185539538698,0.678758763905795,1.3190873833383407,0.4114272342435269,0,,False,crossing,5,1.0,True,0.0,tier_b,B-43-06,866,channel-narrow,off,re
model,crossing,3.7214110850523774,0.589640132580273,98.29125948204616,port,,False,collision:target,True,True,17,-313.4922477006147,0.0,0,0,0,0,0,0.0,0.0,0.0,0.0,0.0,0.556856812654183,0.7262679871824531,1.298645570365032,0.4919443352340553,0,,False,never,0,0.0,False,0.0,tier_b,B-43-07,867,channel-narrow,off,re
model,crossing,3.5917918415430847,0.5483358445880617,81.85222057529636,port,,True,collision:target,True,True,18,-296.6668377655426,0.0,0,0,0,0,0,0.0,0.0,0.0,0.0,0.0,0.5777867230677926,0.6784377486748563,1.21158648404449,0.446945679888135,0,,False,never,0,0.0,False,0.0,tier_b,B-43-08,868,channel-narrow,off,re
model,crossing,3.412699088447707,0.6685250027190642,71.15391270912119,port,,True,collision:target,True,True,20,-297.6482189414846,0.0,0,0,0,0,0,0.0,0.0,0.0,0.0,0.0,0.6453709745360768,0.8029525601363193,1.2014802300071172,0.4949872134662184,0,,False,never,0,0.0,False,0.0,tier_b,B-43-09,869,channel-narrow,off,re
model,crossing,3.926049245197356,0.7575035054849797,291.6071094288416,starboard,,True,collision:target,True,True,23,-325.64068196453337,-18.282338412048063,4,9,0,0,1,0.9017280859636332,2.756698994490659,0.0,0.0,0.0384720808442924,0.5753803640739455,0.7289536979977865,1.428371147617039,0.9080186538580204,0,,False,crossing,12,0.0,False,0.0,tier_b,B-43-10,870,channel-narrow,off,re
model,crossing,4.172339266531434,2.26450177875641,255.20699795640112,starboard,,True,collision:boundary,True,False,42,-467.0757229333277,0.0,0,0,0,0,0,0.0,0.0,0.0,0.0,0.0,0.615101482263046,0.8185034253565042,3.175805775002033,0.9823826262840328,0,,False,crossing,5,0.0,False,0.0,tier_b,B-43-11,871,channel-narrow,off,re
model,crossing,3.7118266372903728,0.0106187553821454,258.1673119780288,starboard,,True,collision:target,True,True,25,-345.4738499813311,-41.10902134173568,9,10,0,0,9,3.0639393960028327,3.289337854849108,0.0,0.0,2.146733100004127,0.5601301430466206,0.6710340370711084,1.2911924904454308,0.717925613813877,0,,False,crossing,11,0.0,False,0.0,tier_b,B-43-12,872,channel-narrow,off,re
model,crossing,3.7285170322480288,0.1853692145801475,107.49608282168803,port,,False,collision:target,True,True,17,-333.23374594162,-17.97417003954755,6,0,0,0,2,2.763530620807362,0.0,0.0,0.0,0.9543763259002452,0.4924458454397692,0.6755038300242301,1.2909479257513468,0.4137489496667008,0,,False,crossing,6,1.0,True,0.0,tier_b,B-43-13,873,channel-narrow,off,re
model,crossing,3.5971401735687625,0.95261872208793,73.42506155384481,port,,True,collision:boundary,True,False,32,-389.3874687080349,-10.420432881870475,8,0,0,0,4,1.651949526812193,0.0,0.0,0.0,0.4985072720333595,0.3190278100586293,0.5438065858421054,2.849518492800593,0.5160895047615848,0,,False,crossing,8,1.0,True,0.0,tier_b,B-43-14,874,channel-narrow,off,re
model,crossing,3.78997770211614,1.8517592158122476,204.9862584522092,starboard,,True,goal,False,False,55,119.85676606755044,-0.4921005042573423,1,0,0,0,1,0.0577905789417903,0.0,0.0,0.0,0.0457860307767734,0.6882593314074921,0.8583710627316408,2.457536591315051,0.2776203624248556,0,,False,crossing,4,0.0,False,0.0,tier_b,B-43-15,875,channel-narrow,off,re
model,crossing,3.6849970533808905,2.010059498495334,71.14366879812754,port,,True,collision:obstacle,True,False,35,-539.775686058726,-0.9929040750012372,0,0,0,0,1,0.0,0.0,0.0,0.0,0.2206453500002749,0.3749346509286876,0.5441734890762342,3.4298776920531755,0.818255434055885,0,,False,crossing,8,1.0,True,0.0,tier_b,B-43-16,876,channel-narrow,off,re
model,crossing,3.688920019070644,1.842834492733361,90.32937824914684,port,,True,goal,False,False,66,97.34904237442235,0.0,0,0,0,0,0,0.0,0.0,0.0,0.0,0.0,0.5827144660995691,0.7769165959542933,2.5739644764167404,0.3505777138716232,0,,False,never,0,0.0,False,0.0,tier_b,B-43-17,877,channel-narrow,off,re
model,crossing,3.765410476027812,0.3242571155146925,85.34779745313949,port,,False,collision:target,True,True,13,-398.1371879327567,0.0,0,0,0,0,0,0.0,0.0,0.0,0.0,0.0,0.5397332860886024,0.6999404574697992,1.3321407994784644,0.4019705430538994,0,,False,never,0,0.0,False,0.0,tier_b,B-43-18,878,channel-narrow,off,re
model,crossing,4.000285847655963,0.9972556123784304,264.0153987673127,starboard,,True,collision:target,True,True,21,-411.1732612595721,0.0,0,0,0,0,0,0.0,0.0,0.0,0.0,0.0,0.5698822400614634,0.6508620429581197,1.5114610727426008,0.8416860652964131,0,,False,never,0,0.0,False,0.0,tier_b,B-43-19,879,channel-narrow,off,re
model,crossing,3.7928888669855336,1.9324794782592216,77.18106999826892,port,,True,collision:target,True,True,24,-318.59385725489994,-13.308934468247609,0,3,0,0,2,0.0,1.7418220667430264,0.0,0.0,1.0415367195265834,0.6741767511860047,0.8788122286809925,1.3223561430663495,0.44727158609821,0,,False,crossing,5,1.0,True,0.0,tier_b,B-44-00,880,channel-narrow,off,nc
model,crossing,4.163825371231639,2.008584821075938,247.9363951347561,starboard,,True,collision:obstacle,True,False,39,-366.3099309035324,0.0,0,0,0,0,0,0.0,0.0,0.0,0.0,0.0,0.4007779606781216,0.5546849340603979,2.566603122626419,0.5806391573194207,0,,False,never,0,0.0,False,0.0,tier_b,B-44-01,881,channel-narrow,off,nc
model,crossing,3.9289270286975375,1.1590938606696832,159.578200354079,port,,True,collision:target,True,True,14,-312.2484719458255,-6.708813222681219,6,0,0,0,2,0.8108142863424648,0.0,0.0,0.0,0.5989516678413375,0.4442914232865574,0.5740782969555208,1.8512572752265133,0.2950801413200556,0,,False,crossing,12,1.0,True,0.0,tier_b,B-44-02,882,channel-narrow,off,nc
model,crossing,3.8966533335187594,0.8410769865259935,258.63362382132505,starboard,,True,collision:target,True,True,17,-409.4035495753844,-23.1205710071902,5,5,0,0,5,1.3531115020739353,2.0880539055563694,0.0,0.0,1.3526227198711531,0.4876207361827152,0.6663970384719832,1.4123216793713516,0.5220077799312871,0,,False,crossing,11,0.0,False,0.0,tier_b,B-44-03,883,channel-narrow,off,nc
model,crossing,3.9407637981551193,1.4955544210852854,72.70414684470353,port,,True,collision:boundary,True,False,28,-376.004442677502,0.0,0,0,0,0,0,0.0,0.0,0.0,0.0,0.0,0.4293017155139754,0.6607449733239905,2.3521530694927697,0.5588433055914306,0,,False,never,0,0.0,False,0.0,tier_b,B-44-04,884,channel-narrow,off,nc
model,crossing,4.077102767781349,2.1205640691706598,209.0781882932189,starboard,,True,collision:boundary,True,False,55,-641.3961149113094,0.0,0,0,0,0,0,0.0,0.0,0.0,0.0,0.0,0.6188611986045619,0.8342330138009971,2.5870744244267203,0.9815056513598046,0,,False,crossing,5,0.0,False,0.0,tier_b,B-44-05,885,channel-narrow,off,nc
model,crossing,4.064009698285493,1.7354991913434004,224.0367878460784,starboard,,False,goal,False,False,54,107.74078431947552,-1.7844209557330242,1,6,0,0,1,0.1512304078197545,0.1818370622829164,0.0,0.0,0.0301637730499561,0.7134741234995912,0.9021179377289608,2.286638362763445,0.3044387290951041,0,,False,crossing,6,0.0,False,0.0,tier_b,B-44-06,886,channel-narrow,off,nc
model,crossing,3.676014033837593,0.8692033694335812,255.9145573918544,starboard,,True,collision:target,True,True,15,-310.2999663853913,-12.216888900037254,0,6,0,0,1,0.0,2.064686278602071,0.0,0.0,0.4437092935460001,0.6330979066192585,0.6979644737794757,1.6588923795699224,0.4845891249993041,0,,False,crossing,6,0.0,False,0.0,tier_b,B-44-07,887,channel-narrow,off,nc
model,crossing,3.966384561059446,0.8068431942460854,193.6926874242018,starboard,,False,collision:boundary,True,False,24,-384.0220468802214,-36.48709215245368,11,11,0,0,4,6.342728511161305,0.335455074898672,0.0,0.0,0.7622407558792822,0.6733855991889862,0.8104192278979151,2.3213599564143976,1.1606882497065627,0,,False,crossing,12,0.0,False,0.0,tier_b,B-44-08,888,channel-narrow,off,nc
model,crossing,3.470177238565584,0.9759283514112403,82.91510552579032,port,,True,collision:target,True,True,18,-294.08620652187227,0.0,0,0,0,0,0,0.0,0.0,0.0,0.0,0.0,0.6725064756666158,0.812447625731125,1.247809153458935,0.379729546763789,0,,False,never,0,0.0,False,0.0,tier_b,B-44-09,889,channel-narrow,off,nc
model,crossing,3.5113753682062443,0.5073883198182072,256.5617136397097,starboard,,True,collision:target,True,True,25,-428.7250750453471,-52.40072585613528,11,11,0,0,4,5.148661251052287,4.664808718207736,0.0,0.0,0.8497887796218138,0.5483253095033886,0.6879098362934889,1.5530247768719938,0.7534492392255074,0,,False,crossing,13,0.0,False,0.0,tier_b,B-44-10,890,channel-narrow,off,nc
model,crossing,4.11402712010867,2.347668909001766,88.51380981736003,port,,True,collision:boundary,True,False,37,-357.4381550138149,0.0,0,0,0,0,0,0.0,0.0,0.0,0.0,0.0,0.4766636246137689,0.6789215436417146,3.4727179628890648,0.929517853416583,0,,False,never,0,0.0,False,0.0,tier_b,B-44-11,891,channel-narrow,off,nc
model,crossing,4.527066025413517,2.433501194820044,240.5217273586046,starboard,,True,goal,False,False,59,101.18253784228938,-3.5827954077004005,0,0,0,0,2,0.0,0.0,0.0,0.0,0.7961767572667557,0.6529996814777019,0.8350509149569995,1.6686045688867666,0.5819706894628918,0,,False,crossing,8,0.0,False,0.0,tier_b,B-44-12,892,channel-narrow,off,nc
model,crossing,3.504896048428966,1.9229706078151263,215.6532291259112,starboard,,True,collision:boundary,True,False,30,-351.7835697398938,0.0,0,0,0,0,0,0.0,0.0,0.0,0.0,0.0,0.6022066540056311,0.8222484332466816,2.8373440671435115,0.6610392560927284,0,,False,never,0,0.0,False,0.0,tier_b,B-44-13,893,channel-narrow,off,nc
model,crossing,3.727476681573061,0.1234282993691929,218.6680004700416,starboard,,False,collision:obstacle,True,False,33,-356.40671356994164,-23.2099894777883,4,10,0,0,5,1.2624609698671925,1.8478819509415203,0.0,0.0,1.7363982266189273,0.7009409332462159,0.9190454209627776,1.2156985794936606,0.5475985849241994,0,,False,crossing,10,0.0,False,0.0,tier_b,B-44-14,894,channel-narrow,off,nc
model,crossing,3.7660522064534088,1.1806890802273553,130.08469999966655,port,,False,collision:target,True,True,13,-334.0180835431511,-35.89902640579506,5,0,0,0,6,3.619319240549828,0.0,0.0,0.0,3.996310258905204,0.4971511879699276,0.6066141901343158,1.8655947831774684,0.32085478504185,0,,False,crossing,6,1.0,True,0.0,tier_b,B-44-15,895,channel-narrow,off,nc
model,crossing,4.360766110632176,0.9883212683874484,286.1019594185124,starboard,,True,collision:target,True,True,18,-328.4090184750353,-25.331692590211453,6,3,0,0,2,2.4968960732687058,2.022147284490729,0.0,0.0,0.6583173265116103,0.4875649996590245,0.6118451978551009,1.3775589082902484,0.3103524873758028,0,,False,crossing,12,0.0,False,0.0,tier_b,B-44-16,896,channel-narrow,off,nc
model,crossing,3.729433313180324,0.2028867652115634,78.4474570047193,port,,False,collision:target,True,True,18,-294.05708671360225,0.0,0,0,0,0,0,0.0,0.0,0.0,0.0,0.0,0.5208375366476347,0.6533126188912475,1.1610023612534994,0.2889251180591371,0,,False,never,0,0.0,False,0.0,tier_b,B-44-17,897,channel-narrow,off,nc
model,crossing,4.054950070741228,1.149596697248241,257.73053436210046,starboard,,True,collision:target,True,True,18,-320.91120024910265,-10.93067982297448,0,3,0,0,3,0.0,1.4860768935677071,0.0,0.0,0.7943553777365172,0.5270591998688037,0.7372487518035089,1.3946984065328758,0.7681104661302915,0,,False,crossing,8,0.0,False,0.0,tier_b,B-44-18,898,channel-narrow,off,nc
model,crossing,3.6940533418854606,1.4151408048572134,87.37032665328098,port,,True,goal,False,False,60,-222.4214903375828,0.0,0,0,0,0,0,0.0,0.0,0.0,0.0,0.0,0.6451498497726448,0.871373381351481,2.620640402570088,1.0432578701767756,0,,False,never,0,0.0,False,0.0,tier_b,B-44-19,899,channel-narrow,off,nc
model,overtaking,4.007321481086472,1.922492160269042,-5.2052981805868725,,,,goal,False,False,81,59.49947170303197,-49.89371083173619,35,2,19,0,11,4.886399206881849,0.4574888470375879,4.49037532996549,0.0,1.6169141726576035,0.4670998364952779,0.8939966331575505,1.4791618301283285,0.4359797897996234,0,,False,overtaking,75,0.0,False,0.0,tier_b,B-45-00,900,channel-narrow,off,cv
model,overtaking,4.076813947300814,0.1605699817213783,-5.82402715627063,,,,collision:target,True,True,77,-957.848060831784,-126.34440798383122,55,9,0,0,3,22.814008441606656,2.311844742307592,0.0,0.0,0.4380966052123901,0.4715230778257077,0.7506915497404911,0.8436843820816856,1.3659888764743566,0,,False,overtaking,61,0.0,False,0.0,tier_b,B-45-01,901,channel-narrow,off,cv
model,overtaking,3.8896423911060976,1.0239902404761485,-3.830255422055062,,,,goal,False,False,70,-672.2981480621139,-173.5561091240087,53,19,0,0,5,30.01994357007532,4.271043150557574,0.0,0.0,0.8479388570835267,0.5461969124200396,0.675411875946224,1.4754879862709152,1.0999391687083817,0,,False,overtaking,60,0.0,False,0.0,tier_b,B-45-02,902,channel-narrow,off,cv
model,overtaking,4.139920266021473,1.6579698710403,7.84908675062815,,,,goal,False,False,64,-390.22261697954366,-62.09897193270955,36,0,0,0,4,12.348510180933792,0.0,0.0,0.0,0.216410341574956,0.5952068624463782,0.729740533948931,2.447714800698937,0.9325394258290344,0,,False,overtaking,40,0.0,False,0.0,tier_b,B-45-03,903,channel-narrow,off,cv
model,overtaking,3.897575300551424,1.0184887887538576,-2.7498993118399024,,,,goal,False,False,80,-151.94403384767787,-180.1103822019227,49,3,21,0,10,29.668106408299376,0.3072740327552461,6.8370184044724285,0.0,1.5819961694670304,0.484923785831142,0.8864380995954577,1.770567639681422,0.9487535536994988,0,,False,overtaking,70,0.0,False,0.0,tier_b,B-45-04,904,channel-narrow,off,cv
model,overtaking,3.797795469168857,0.4732455040787533,-4.258523431845642,,,,goal,False,False,93,-179.90889978107285,-139.43926438167614,45,1,21,0,2,24.16071964987584,0.1023794433891019,5.183624072166091,0.0,0.1501949356037242,0.4194300294985704,0.7821574765502217,3.1353941962122334,1.1688191409642226,0,,False,overtaking,57,0.0,False,0.0,tier_b,B-45-05,905,channel-narrow,off,cv
model,overtaking,3.841761859344671,1.2961757934731686,-3.836451878430767,,,,goal,False,False,72,-126.8500834318935,-110.83459752680656,38,5,24,0,13,15.58598872810848,0.6735058185543529,7.404566145187055,0.0,0.8208136440338084,0.546642989076873,0.9326376004040084,1.9259135757357624,0.620436280272754,0,,False,overtaking,66,0.0,False,0.0,tier_b,B-45-06,906,channel-narrow,off,cv
model,overtaking,3.490012072776923,0.8736791172339955,-3.60964250584678,,,,collision:boundary,True,False,19,-497.2854033461542,-19.097518924740843,12,2,0,0,2,3.7572634042770794,0.074102555314646,0.0,0.0,0.0293905388359568,0.5973563195429332,0.7043084818710486,4.510982148410268,0.7351626525844809,0,,False,overtaking,16,0.0,False,0.0,tier_b,B-45-07,907,channel-narrow,off,cv
model,overtaking,4.129364417620812,1.7531775397942948,-4.886729548091202,,,,goal,False,False,78,6.515453459798522,-83.91752216419845,33,0,37,0,7,8.955745268488057,0.0,10.675658078893909,0.0,0.2564920002587753,0.4937671077598548,0.8611289273332501,1.9257611529414669,0.605090032393497,0,,False,overtaking,69,0.0,False,0.0,tier_b,B-45-08,908,channel-narrow,off,cv
model,overtaking,4.290681647645064,0.6392364728236497,-8.643314370871133,,,,collision:boundary,True,False,47,-616.661069902673,-61.82206507504769,38,4,0,0,5,11.39726220392155,0.8634323291420496,0.0,0.0,0.2514726969739707,0.492237252739621,0.7636435184630306,2.400721844661495,1.5650739725922942,0,,False,overtaking,43,0.0,False,0.0,tier_b,B-45-09,909,channel-narrow,off,cv
model,overtaking,3.5485586254478583,0.3364531540832693,-2.744253610895635,,,,goal,False,False,106,-1285.2807017949428,-126.59691890206224,58,2,6,0,6,23.66558386901404,0.2339520433932523,1.6487004278449735,0.0,0.5241987989787186,0.3734810244797095,0.8522430371673528,3.0226085351948195,1.2385100134736002,0,,False,overtaking,63,0.0,False,0.0,tier_b,B-45-10,910,channel-narrow,off,cv
model,overtaking,3.954573971461244,0.972347141816574,9.758527400627427,,,,goal,False,False,65,-74.71764868968936,-84.70992729362172,35,3,0,0,3,16.529180498478915,0.2502370012953082,0.0,0.0,0.3670690377198476,0.5893785361566353,0.7384524945089891,2.071922775153217,1.117813243347684,0,,False,overtaking,48,0.0,False,0.0,tier_b,B-45-11,911,channel-narrow,off,cv
model,overtaking,4.153082486615067,1.1255770036570645,-7.89600947630646,,,,collision:boundary,True,False,40,-422.4676919362105,-16.405726963231285,7,0,2,0,12,1.752831071706938,0.0,0.6886059376476634,0.0,1.166718173944523,0.4610437786970914,0.5810027454972814,2.4694040953514103,0.8642207219806953,0,,False,overtaking,31,0.0,False,0.0,tier_b,B-45-12,912,channel-narrow,off,cv
model,overtaking,4.1813011081576015,0.2653115524337206,3.789168412601402,,,,goal,False,False,85,-139.46715978185443,-123.8099647454258,51,5,2,0,2,23.972346541395847,0.6180169540674254,0.1235651923232972,0.0,0.3650735001152753,0.4506566467632494,0.5946632467884594,1.3779498990051964,1.4950515836527798,0,,False,overtaking,76,0.0,False,0.0,tier_b,B-45-13,913,channel-narrow,off,cv
model,overtaking,3.5059647959493527,1.1325447742268309,1.3524701114645763,,,,goal,False,False,80,54.176583540454814,-73.59415462659653,47,1,10,0,10,10.607112431262728,0.0083637099458272,2.987685866968912,0.0,2.2870841347835698,0.47627119354136,0.6989576145623293,1.2138481156772596,0.3980647372219625,0,,False,overtaking,65,0.0,False,0.0,tier_b,B-45-14,914,channel-narrow,off,cv
model,overtaking,4.199228141161456,0.4203213240149719,1.3732642167195674,,,,goal,False,False,73,-171.2742044392461,-142.7363632178209,58,9,0,0,3,27.036008181307267,1.7241468924894914,0.0,0.0,0.0830212450059827,0.5250174506041599,0.6994307991691907,1.4916496054989263,1.263241859630712,0,,False,overtaking,62,0.0,False,0.0,tier_b,B-45-15,915,channel-narrow,off,cv
model,overtaking,3.659490941837714,0.0527232260055281,9.25740417148711,,,,goal,False,False,77,-468.2582087513912,-93.9332114208069,39,5,4,0,26,12.734740218386436,0.5682914559657771,1.104759309094927,0.0,5.356904693338164,0.5053139269146437,0.6675186548278133,1.5742604859098512,1.0938301975582108,0,,False,overtaking,60,0.0,False,0.0,tier_b,B-45-16,916,channel-narrow,off,cv
model,overtaking,3.5448401144487467,0.8742400271564488,-4.58916707128314,,,,collision:boundary,True,False,28,-489.0581429645424,-10.61013570864571,21,0,0,0,0,2.1434617593223666,0.0,0.0,0.0,0.0,0.5590313410823322,0.7195773956015359,3.8493836725609127,0.9768207430769544,0,,False,overtaking,25,0.0,False,0.0,tier_b,B-45-17,917,channel-narrow,off,cv
model,overtaking,3.723148605300001,0.4691200936973529,-3.644200830849977,,,,collision:obstacle,True,False,31,-655.4742033578882,-3.322523312291408,4,0,0,0,0,0.671216830765941,0.0,0.0,0.0,0.0,0.4023690495627584,0.5561286573191576,5.410962061270852,0.8804711460946323,0,,False,overtaking,7,0.0,False,0.0,tier_b,B-45-18,918,channel-narrow,off,cv
model,overtaking,3.799931505745157,0.8413643895216592,-6.9166512288433,,,,collision:boundary,True,False,59,-935.5114485770482,-45.599335220282725,34,2,0,0,7,8.643786865507192,0.1325789265058759,0.0,0.0,0.4791832332928963,0.4112671735328457,0.6606741019278566,2.400073376481668,1.4774090312866934,0,,False,overtaking,51,0.0,False,0.0,tier_b,B-45-19,919,channel-narrow,off,cv
model,overtaking,4.152346064386678,0.1534719377684146,-6.722764585090273,,,,goal,False,False,66,-78.6986027652754,-100.9660740854548,36,14,0,0,1,18.749537157571574,1.5109176306412595,0.0,0.0,0.1504050852891726,0.5840778249433419,0.7718969715668352,1.68322235791076,1.2675018843716466,0,,False,overtaking,43,0.0,False,0.0,tier_b,B-46-00,920,channel-narrow,off,re
model,overtaking,3.771264723541515,0.6867573851098883,7.148894122688855,,,,goal,False,False,103,-230.35101738655152,-210.41665883437545,63,0,20,0,3,38.57278292557425,0.0,4.750753483969945,0.0,0.5285935134424726,0.3723903395007962,0.5480673200396664,2.986632804195068,0.7907194654942945,0,,False,overtaking,75,0.0,False,0.0,tier_b,B-46-01,921,channel-narrow,off,re
model,overtaking,4.253808799859828,1.845827651993028,1.0266966112433913,,,,goal,False,False,90,-67.55521300556701,-164.81127204088398,64,2,37,0,14,21.409492788091043,0.3103841012864277,10.756503140539056,0.0,4.12766002944998,0.4184829891589358,0.7482390666950275,1.544697248764383,0.435367488517911,0,,False,overtaking,83,0.0,False,0.0,tier_b,B-46-02,922,channel-narrow,off,re
model,overtaking,4.25357088409338,0.4359873296820953,-0.0214816330868909,,,,collision:boundary,True,False,89,-596.9248349065973,-42.103212797978,32,2,0,0,4,8.072809870614696,0.2409415248127585,0.0,0.0,0.2111429756915774,0.4299202433628931,0.5849614406645796,1.5001937712758024,1.1899527661327656,0,,False,overtaking,76,0.0,False,0.0,tier_b,B-46-03,923,channel-narrow,off,re
model,overtaking,3.671889185601192,0.6922801693292804,3.3965938040129213,,,,goal,False,False,73,-575.2008790989985,-134.84723757649442,57,10,0,0,3,25.82866005779498,1.1256911272623746,0.0,0.0,0.3162664912134704,0.5208014466371527,0.7014653669248064,1.5846500856123906,1.087601311755722,0,,False,overtaking,61,0.0,False,0.0,tier_b,B-46-04,924,channel-narrow,off,re
model,overtaking,4.129228452195702,1.785669061236851,9.958372557198338,,,,goal,False,False,63,-174.85477078291945,-66.90139454841787,46,0,0,0,0,13.515433242104622,0.0,0.0,0.0,0.0,0.6051290357968935,0.7206464142410892,2.758712108734493,1.0517114076999885,0,,False,overtaking,50,0.0,False,0.0,tier_b,B-46-05,925,channel-narrow,off,re
model,overtaking,3.6250304980621233,1.3348481236068177,1.1502622091904176,,,,collision:boundary,True,False,30,-421.3840819103455,-21.280886781838927,18,0,0,0,1,4.177903231955324,0.0,0.0,0.0,0.1333923963689059,0.5589403336206652,0.7203936052335712,3.641636650244479,0.957367915049268,0,,False,overtaking,27,0.0,False,0.0,tier_b,B-46-06,926,channel-narrow,off,re
model,overtaking,3.891519430188501,1.8205770423299428,0.6353772840274026,,,,goal,False,False,89,-175.3341302266058,-256.56273104779183,72,2,42,0,11,41.065046635404975,0.1029197391409379,12.283913329109245,0.0,1.90204655755471,0.4265363192609732,0.7294087225675455,1.9299942532475824,0.4193311675184648,0,,False,overtaking,74,0.0,False,0.0,tier_b,B-46-07,927,channel-narrow,off,re
model,overtaking,4.039999111051997,0.6144843720250768,-9.320405205990976,,,,collision:boundary,True,False,43,-638.7829100151778,-42.163854995831365,33,3,0,0,1,7.807443198456183,0.7061373031980165,0.0,0.0,0.0048070028095692,0.4934685932402761,0.7710067247471982,3.028251484418116,1.3652981179186607,0,,False,overtaking,37,0.0,False,0.0,tier_b,B-46-08,928,channel-narrow,off,re
model,overtaking,4.023306567472849,1.151386549854414,6.240943245989644,,,,goal,False,False,109,-7.98074182806549,-48.40223557345794,36,2,20,0,2,5.898349343028648,0.188209078832303,5.040741846223732,0.0,0.0282446086312878,0.3441530862865022,0.5434136572331579,3.534277179638925,0.3148686732969905,0,,False,overtaking,75,0.0,False,0.0,tier_b,B-46-09,929,channel-narrow,off,re
model,overtaking,3.6321081989128863,0.4032612017366332,2.730089604939696,,,,goal,False,False,100,-202.8738312965961,-124.77605872472012,64,0,0,0,5,24.828388312569725,0.0,0.0,0.0,0.4167859061110997,0.3804661613878011,0.6074621583439566,1.608578704440791,1.3613785662112023,0,,False,overtaking,78,0.0,False,0.0,tier_b,B-46-10,930,channel-narrow,off,re
model,overtaking,3.7510430542622166,1.1823693209721136,-8.933823612605911,,,,goal,False,False,75,-188.63756337227895,-257.83133630865143,56,1,34,0,6,41.228348177749744,0.3950316573577254,11.24731400175322,0.0,2.5122834930128324,0.5105307344469714,0.7410302211492603,1.5325908608128342,0.5479140077359627,0,,False,overtaking,65,0.0,False,0.0,tier_b,B-46-11,931,channel-narrow,off,re
model,overtaking,3.561565627380731,1.0893756348309165,-2.96692277548229,,,,collision:boundary,True,False,33,-630.321316891704,0.0,0,0,0,0,0,0.0,0.0,0.0,0.0,0.0,0.4769478154193562,0.638106478822336,5.086886819633639,1.1312584153740255,0,,False,overtaking,6,0.0,False,0.0,tier_b,B-46-12,932,channel-narrow,off,re
model,overtaking,3.5577577958757303,0.291550050247374,-4.180035809460032,,,,collision:boundary,True,False,33,-461.94073850476224,-45.46442751153311,25,1,0,0,2,8.999799273031032,0.0741280887634634,0.0,0.0,0.1218860157000792,0.5398239268554639,0.7301819640833692,3.105958771256748,1.1323779410761374,0,,False,overtaking,29,0.0,False,0.0,tier_b,B-46-13,933,channel-narrow,off,re
model,overtaking,3.748264727982474,0.8117613120995733,-7.766293499033814,,,,collision:boundary,True,False,29,-383.34793857333113,-18.236158310538585,14,0,0,0,6,3.195615843330468,0.0,0.0,0.0,0.537302196900614,0.5001462835493447,0.6149582617290288,2.882750814731965,0.9004880017785296,0,,False,overtaking,27,0.0,False,0.0,tier_b,B-46-14,934,channel-narrow,off,re
model,overtaking,4.335620730737246,0.5705199468078683,3.83755554785072,,,,goal,False,False,87,-38.36219315303191,-59.18531323718815,32,3,4,0,14,8.858264062302442,0.4319272849766688,1.3873989149786323,0.0,1.8231622164963248,0.4492818275314543,0.5780844753414998,1.453796986981118,1.378983912939012,0,,False,overtaking,70,0.0,False,0.0,tier_b,B-46-15,935,channel-narrow,off,re
model,overtaking,3.783001218935359,0.6312089792858617,4.252034459342031,,,,collision:boundary,True,False,35,-539.1172980206105,-34.85659533223371,25,0,0,0,3,6.8571147626978535,0.0,0.0,0.0,0.2030838348620722,0.5411425458328838,0.6931675030538206,3.1346587571707087,1.198032096703214,0,,False,overtaking,29,0.0,False,0.0,tier_b,B-46-16,936,channel-narrow,off,re
model,overtaking,3.658695676495648,0.2766399545217113,-4.385808522077184,,,,collision:boundary,True,False,32,-493.3986951310807,-30.364197985759343,23,2,0,0,4,5.722687948537806,0.3057697859056386,0.0,0.0,0.116296044503175,0.5233902914594397,0.6924505914600441,2.811742737171289,1.1751151235951316,0,,False,overtaking,27,0.0,False,0.0,tier_b,B-46-17,937,channel-narrow,off,re
model,overtaking,4.136863519424017,0.2886010786301207,-7.481109809777601,,,,goal,False,False,71,-121.26350202038918,-159.3112344437818,54,11,0,0,0,31.343695807614026,0.840391958806545,0.0,0.0,0.0,0.537134181669144,0.753970230634289,1.427486498070806,1.2718309588104153,0,,False,overtaking,59,0.0,False,0.0,tier_b,B-46-18,938,channel-narrow,off,re
model,overtaking,4.007896360641229,1.0093163531416476,-3.563747640599672,,,,collision:boundary,True,False,22,-376.236454993956,-11.47566568946355,13,0,0,0,1,2.2559765283422397,0.0,0.0,0.0,0.0685737498154365,0.5958708259410297,0.7291241324658829,3.906713396903693,0.7965102465762975,0,,False,overtaking,20,0.0,False,0.0,tier_b,B-46-19,939,channel-narrow,off,re
model,overtaking,4.440499116673468,1.2044390533904483,-7.166409239360365,,,,collision:obstacle,True,False,33,-367.99854910244096,-2.7098015030150613,4,0,1,0,0,0.4174834386739225,0.0,0.1786829115497623,0.0,0.0,0.3394932917573466,0.5448835205299077,5.8672236976172565,0.1322326027435248,0,,False,overtaking,22,0.0,False,0.0,tier_b,B-47-00,940,channel-narrow,off,nc
model,overtaking,4.214795268175214,0.4534184359339037,6.5687546360431455,,,,goal,False,False,67,-278.75648522192733,-88.81602009946637,35,2,0,0,21,14.306118375142832,0.0777052442334533,0.0,0.0,3.914687374123054,0.5680132592313698,0.6809883396747022,1.8506254191821985,1.2016003434098934,0,,False,overtaking,50,0.0,False,0.0,tier_b,B-47-01,941,channel-narrow,off,nc
model,overtaking,3.8279934887479303,1.588529354501224,5.188251062238184,,,,goal,False,False,68,-471.1265573533888,-127.94386341795638,54,3,0,0,14,25.16481877131195,0.0051179682203984,0.0,0.0,0.7450392349491595,0.5633249237765571,0.7123532440443049,2.547507346415275,1.0007714117022388,0,,False,overtaking,58,0.0,False,0.0,tier_b,B-47-02,942,channel-narrow,off,nc
model,overtaking,3.920365704575672,0.8663163123347675,-0.1674035746201703,,,,collision:target,True,True,48,-360.70312556177225,-16.025934686518813,8,0,5,0,6,1.270788708548117,0.0,1.8079692700305925,0.0,0.7170758237990011,0.4432654118264805,0.5927758803232438,1.799601474123218,0.7824541769891807,0,,False,overtaking,31,0.0,False,0.0,tier_b,B-47-03,943,channel-narrow,off,nc
model,overtaking,4.356869156980203,1.6471604042828971,-0.2183794621239325,,,,goal,False,False,62,19.636616636735354,-65.50061693642586,46,6,0,0,2,13.160531606754288,0.0447803743249543,0.0,0.0,0.0298494733519104,0.6225624073123146,0.7491697111206178,2.7679584685896583,1.1630871635647977,0,,False,overtaking,50,0.0,False,0.0,tier_b,B-47-04,944,channel-narrow,off,nc
model,overtaking,4.26564488853,0.9118586616191056,1.9313738318715217,,,,goal,False,False,68,-185.99276263315693,-186.91055754688108,54,5,0,0,3,36.82135203692811,0.2455175728780911,0.0,0.0,0.7621228840756142,0.5599710798252583,0.7400938045159412,1.9473550277909724,1.1292509322686368,0,,False,overtaking,59,0.0,False,0.0,tier_b,B-47-05,945,channel-narrow,off,nc
model,overtaking,4.177803240509842,0.9598573127847992,9.56496346023958,,,,goal,False,False,109,-180.15954501859795,-208.70531728678176,82,1,24,0,1,37.69806501167355,0.170855359696645,5.626586322742991,0.0,0.2218779303609901,0.3448758158757871,0.5503155226246713,3.347533936509035,0.341340578829792,0,,False,overtaking,83,0.0,False,0.0,tier_b,B-47-06,946,channel-narrow,off,nc
model,overtaking,3.753839223353896,0.2088298215572033,-1.3601215509537583,,,,collision:boundary,True,False,54,-738.6579651234214,-63.331286120431216,37,6,0,0,2,11.661305353552423,1.0257327863859107,0.0,0.0,0.1178771839414355,0.513705682111541,0.7543551372646717,2.0649710271458206,1.3468522983362805,0,,False,overtaking,50,0.0,False,0.0,tier_b,B-47-07,947,channel-narrow,off,nc
model,overtaking,4.442423653846219,0.4195003187708972,-9.536784674251583,,,,goal,False,False,64,-260.3404368837216,-67.64556527027283,29,6,0,0,6,10.510836382227373,0.956347971316178,0.0,0.0,2.4184450489405016,0.6061905986129794,0.7930937767125157,1.242007949268986,1.3032010555386664,0,,False,overtaking,38,0.0,False,0.0,tier_b,B-47-08,948,channel-narrow,off,nc
model,overtaking,3.58559017101238,0.8662630658749346,-0.6293307321147612,,,,goal,False,False,97,-784.4599849253244,-43.540630224894606,28,0,6,0,8,7.311692392092461,0.0,1.6300171695136676,0.0,0.3288202386194895,0.4120435962206767,0.8775488069662031,2.9645018450591487,1.1499265065594055,0,,False,overtaking,58,0.0,False,0.0,tier_b,B-47-09,949,channel-narrow,off,nc
model,overtaking,3.827217161204276,0.4371149184577871,7.906104632065315,,,,goal,False,False,76,-236.89730847382955,-160.9396350594284,54,6,0,0,17,28.653329333607463,0.4133507180013483,0.0,0.0,3.7910152897699576,0.5066840566184002,0.6362630640501512,1.5534703981535063,1.3153326125246445,0,,False,overtaking,70,0.0,False,0.0,tier_b,B-47-10,950,channel-narrow,off,nc
model,overtaking,4.178133858575863,1.0261677384857937,-7.515068556748854,,,,collision:boundary,True,False,25,-398.7298462664654,-34.951768775885995,14,1,0,0,2,6.995607350057814,0.0019436742822917,0.0,0.0,0.0697536012005475,0.5654229338986263,0.7265146661027307,4.024651538187714,0.891982728534507,0,,False,overtaking,22,0.0,False,0.0,tier_b,B-47-11,951,channel-narrow,off,nc
model,overtaking,3.606900818869754,0.0527274393483629,-1.5944518388523932,,,,collision:boundary,True,False,48,-628.3957552057627,-84.8550165494166,41,7,0,0,2,16.354115784168425,0.6288484984267166,0.0,0.0,0.1754096334601426,0.501013708110492,0.7396389149249463,1.9565528628812108,1.3954242297404784,0,,False,overtaking,45,0.0,False,0.0,tier_b,B-47-12,952,channel-narrow,off,nc
model,overtaking,4.030827647484677,1.2424760023461472,8.284778276821179,,,,goal,False,False,65,-146.81987508717077,-81.03960534237387,38,1,0,0,1,16.249527558639496,0.0039487586369918,0.0,0.0,0.1299772381900532,0.5856981351067639,0.7324013829951929,2.4875071820778896,1.123386303944488,0,,False,overtaking,46,0.0,False,0.0,tier_b,B-47-13,953,channel-narrow,off,nc
model,overtaking,3.53125685351547,1.0882145062096544,-1.0950766232939468,,,,goal,False,False,89,75.65944418673266,-44.19135656527339,23,2,19,0,9,4.45981016027972,0.2930532203387889,4.187109820144879,0.0,1.2424638841533815,0.4259713542991015,0.7289570994278395,1.3662437730846493,0.1102220365484179,0,,False,overtaking,69,0.0,False,0.0,tier_b,B-47-14,954,channel-narrow,off,nc
model,overtaking,3.954389966521088,0.9681708436703056,6.393263480217392,,,,goal,False,False,63,-238.54721174003635,-90.92264101953728,38,0,0,0,6,17.598559238924143,0.0,0.0,0.0,0.8466161748583969,0.6047801466309369,0.7492335565953377,2.253958663047659,1.0956987499446706,0,,False,overtaking,40,0.0,False,0.0,tier_b,B-47-15,955,channel-narrow,off,nc
model,overtaking,4.007738862359523,0.2446747146929087,-6.463108667823933,,,,collision:target,True,True,73,-556.8574716301337,-126.51143811566308,52,14,0,0,1,21.899651507112814,3.649087029179393,0.0,0.0,0.0100405246703614,0.4839264877496257,0.7298869752100395,1.070332946158823,1.5105994726381151,0,,False,overtaking,67,0.0,False,0.0,tier_b,B-47-16,956,channel-narrow,off,nc
model,overtaking,4.137502059851904,0.9437533702788912,-3.2683145604305714,,,,goal,False,False,83,-104.2583805717504,-177.3109633786498,42,5,30,0,6,26.85019914664105,1.584931352275913,9.29782721704054,0.0,0.68553098392553,0.4702352176300604,0.7869371941066915,1.400277955366806,0.8289226074491823,0,,False,overtaking,74,0.0,False,0.0,tier_b,B-47-17,957,channel-narrow,off,nc
model,overtaking,3.968475552250237,0.5810855869917424,-1.9559472931595945,,,,collision:boundary,True,False,67,-852.9748823226621,-48.5436057077807,42,4,0,0,5,9.084552361572822,0.4575947981740194,0.0,0.0,0.2911060593408544,0.437456309778748,0.6674968203284416,2.0568008175618995,1.5667810331320433,0,,False,overtaking,59,0.0,False,0.0,tier_b,B-47-18,958,channel-narrow,off,nc
model,overtaking,3.955055418413403,0.6937459647420132,1.4446100068484995,,,,collision:obstacle,True,False,16,-325.6631257873528,0.0,0,0,0,0,0,0.0,0.0,0.0,0.0,0.0,0.5256920309811216,0.6381645501881468,5.720189820538332,0.1552904230288265,0,,False,never,0,0.0,False,0.0,tier_b,B-47-19,959,channel-narrow,off,nc
model,head_on,9.201050650314883,0.3795356237898264,178.95927753168954,,,,goal,False,False,58,28.95647568513496,-80.64029343825395,21,0,27,0,14,8.473401854314293,0.0,9.117207989348914,0.0,1.3055567772760164,0.665561956698072,0.8541968046568349,2.3182214122653555,1.3260093035209308,0,,False,head_on,27,0.0,False,0.0,tier_b,B-00-00,0,basin,on,cv
model,head_on,9.222510656862552,1.13358741649509,180.00418128547236,,,,goal,False,False,60,41.52469805579254,-33.07340031950431,9,0,5,0,7,4.9805514332694685,0.0,1.0456462873020484,0.0,1.0345209090073455,0.6834555898851169,0.862136377740433,2.4637603347067056,1.9871301580252865,0,,False,head_on,25,0.0,False,0.0,tier_b,B-00-01,1,basin,on,cv
model,head_on,9.227601416936492,0.3111495018368153,185.8184109182404,,,,goal,False,False,62,57.93321353934424,-2.0606318128783867,0,5,0,0,2,0.0,0.3120952711938133,0.0,0.0,0.1146133823264469,0.6553845401295348,0.9264588895359308,2.8196094859041523,2.162751262995368,0,,False,crossing,13,0.0,False,0.0,tier_b,B-00-02,2,basin,on,cv
model,head_on,9.211701876994978,0.0740218435444108,177.28911239474493,,,,goal,False,False,62,-26.42150594793009,-77.71461185024042,25,0,26,0,5,9.6313844685991,0.0,8.018189856506162,0.0,0.2608389438339283,0.646341677838848,0.8414836484795005,2.708670816702004,2.3660520202792643,0,,False,head_on,26,0.0,False,0.0,tier_b,B-00-03,3,basin,on,cv
model,head_on,9.264485118721964,0.3626861566840971,186.68262445978752,,,,goal,False,False,61,77.32830237701666,-13.099524937830664,8,0,0,0,3,2.5770062050874585,0.0,0.0,0.0,0.0762987161439437,0.649834370960903,0.7839455500480514,2.608505347043082,1.5534372388456903,0,,False,crossing,11,0.0,False,0.0,tier_b,B-00-04,4,basin,on,cv
model,head_on,9.279173642526487,1.5737887332183131,176.16465774492912,,,,goal,False,False,62,83.95558594060047,-48.07473297489234,20,0,26,0,3,5.294708179217899,0.0,5.871457772896615,0.0,0.1619287789635392,0.6182571333491172,0.7749660354235469,3.1627645907414914,1.0869020680647468,0,,False,head_on,26,0.0,False,0.0,tier_b,B-00-05,5,basin,on,cv
model,head_on,9.263500800417557,0.3276717884184064,186.411902250338,,,,goal,False,False,62,15.881528407650435,-30.822466627455864,16,1,0,0,1,6.09513064982696,0.0439747211217341,0.0,0.0,0.0964211202799618,0.6705013346616892,0.8792892729927152,3.0386179557328816,2.426863746075599,0,,False,crossing,17,0.0,False,0.0,tier_b,B-00-06,6,basin,on,cv
model,head_on,9.217044165236686,1.5298989422236204,183.93190001103895,,,,goal,False,False,63,93.9398181578201,-52.59753608439161,20,0,31,0,3,3.1690860734470983,0.0,10.118415339151886,0.0,0.1076143999737069,0.5975587817297799,0.7151659903553144,2.8261549887715938,0.8630850682498129,0,,False,head_on,31,0.0,False,0.0,tier_b,B-00-07,7,basin,on,cv
model,head_on,9.23906371178969,1.2066477096482957,180.7054566274249,,,,goal,False,False,58,36.49393483775633,-58.6820012761028,13,0,14,0,6,8.987037566746475,0.0,3.1912760360017254,0.0,0.6016825758003403,0.6800788844326509,0.9706787037218024,1.8672423515735408,0.6297588219078578,0,,False,head_on,26,0.0,False,0.0,tier_b,B-00-08,8,basin,on,cv
model,head_on,9.20081860180611,0.5759708659372964,176.20715365651006,,,,goal,False,False,60,82.09495289080411,-36.065062507562,13,0,7,0,8,5.013147912006504,0.0,1.0063863477999804,0.0,1.6948865535666382,0.6544093853338998,0.948482884791673,1.749984920716149,1.3600768226623372,0,,False,head_on,24,0.0,False,0.0,tier_b,B-00-09,9,basin,on,cv
model,head_on,9.232109315190328,1.7023597866023747,179.98883902002405,,,,goal,False,False,63,115.97582294966554,-10.955084275782577,16,0,21,0,0,1.0881446876227043,0.0,1.5468800200139412,0.0,0.0,0.6213838093018083,0.7507328752636313,3.861364522271386,1.33165961671765,0,,False,head_on,27,0.0,False,0.0,tier_b,B-00-10,10,basin,on,cv
model,head_on,9.204527093615056,1.0939816058571048,187.4782660753667,,,,goal,False,False,59,72.94303318648089,-18.8549267254172,8,0,3,0,5,2.932039931048167,0.0,0.482587737573791,0.0,0.5786696025473607,0.7028263331540399,0.96452937360159,1.8581005328901925,1.7945333623658404,0,,False,head_on,24,0.0,False,0.0,tier_b,B-00-11,11,basin,on,cv
model,head_on,9.204828784973326,0.5805061151729531,183.6892070283172,,,,goal,False,False,60,100.51851699014472,-23.182623217916145,4,0,11,0,3,2.4775199514642967,0.0,2.6478734403439126,0.0,0.308123349539953,0.6570907001329399,0.9698705613916964,1.4573798857495337,0.7295936491758689,0,,False,head_on,24,0.0,False,0.0,tier_b,B-00-12,12,basin,on,cv
model,head_on,9.289461395278718,0.4768490170173729,186.3313669604084,,,,goal,False,False,63,94.17937990816958,-16.539465108233014,5,0,9,0,6,1.4466816104757694,0.0,1.644721914862751,0.0,0.768309387304901,0.6444977787655004,0.9510944684656928,1.5804557681310478,1.296397604244865,0,,False,head_on,24,0.0,False,0.0,tier_b,B-00-13,13,basin,on,cv
model,head_on,9.214673860059683,0.4183507993449766,171.4805020485412,,,,goal,False,False,61,113.05531017248995,-19.302220957653045,8,0,0,0,4,3.0645121681021465,0.0,0.0,0.0,0.9184190501216488,0.631726210359177,0.835521524040154,2.057741871899646,1.0154515298060731,0,,False,head_on,18,0.0,False,0.0,tier_b,B-00-14,14,basin,on,cv
model,head_on,9.210984975853394,0.6800938662761706,178.68720366977095,,,,goal,False,False,64,44.35450945323275,-23.90385496486739,6,0,4,0,8,2.4484681727866917,0.0,1.0303086385652451,0.0,1.7944058690529747,0.6641857466090275,0.8886824515469942,2.562278253327265,2.2683649304620688,0,,False,head_on,22,0.0,False,0.0,tier_b,B-00-15,15,basin,on,cv
model,head_on,9.23122588458803,0.911497933345034,172.2571361325166,,,,goal,False,False,60,101.66462900719333,-29.438701773650266,8,0,5,0,4,4.4836045793038215,0.0,1.03299653587571,0.0,0.7835714615430643,0.6506844862802316,0.9326800401014718,1.6939663094858506,0.4416198750029537,0,,False,head_on,20,0.0,False,0.0,tier_b,B-00-16,16,basin,on,cv
model,head_on,9.200509195158867,0.5207322767713294,180.1240609809239,,,,goal,False,False,59,72.29671071937382,-23.99637146406995,10,0,2,0,6,4.177853038981143,0.0,0.2485035704560513,0.0,0.5380857927714461,0.6849350372741936,0.8776964527649654,2.2648725636144262,1.7646353847162717,0,,False,head_on,27,0.0,False,0.0,tier_b,B-00-17,17,basin,on,cv
model,head_on,9.20975026044725,1.2616438722917735,180.06389600978335,,,,goal,False,False,57,97.1654184077541,0.0,0,0,0,0,0,0.0,0.0,0.0,0.0,0.0,0.691575628997854,0.8532592668076348,3.928401763763756,1.7900130616588168,0,,False,never,0,0.0,False,0.0,tier_b,B-00-18,18,basin,on,cv
model,head_on,9.34114738208815,1.5877926054028224,183.08248573965344,,,,goal,False,False,65,119.18483909309724,-20.60953914076889,11,0,0,0,4,3.808144856775314,0.0,0.0,0.0,0.3909382443846846,0.6079486984668098,0.8727645570736607,3.099758596234332,0.7652583933942416,0,,False,head_on,27,0.0,False,0.0,tier_b,B-00-19,19,basin,on,cv
model,head_on,9.27433265325314,1.1617670806769254,177.4063701601212,,,,goal,False,False,62,115.92650899754308,-26.57578634374324,6,0,7,0,2,3.953554268494583,0.0,1.480891491381882,0.0,0.3721074101600616,0.6362627288208149,0.8489516396590474,2.019707465917105,0.5056008567886441,0,,False,head_on,22,0.0,False,0.0,tier_b,B-01-00,20,basin,on,re
model,head_on,9.22382710589348,0.3746545793457778,182.6914241951244,,,,goal,False,False,63,108.14459579230346,-23.385239129034805,8,0,2,0,6,3.572693393656301,0.0,0.350581404710199,0.0,0.986291949662088,0.6220090654234054,0.8949712297088745,2.027331859406001,0.9159010004772956,0,,False,head_on,23,0.0,False,0.0,tier_b,B-01-01,21,basin,on,re
model,head_on,9.217776370165236,1.9328187521485696,182.7523072172884,,,,goal,False,False,63,116.54877176076393,-25.651843040351224,7,0,1,0,5,3.719693757550244,0.0,0.0089496225378452,0.0,1.60158673318695,0.6050211339544738,0.8204400382138278,2.4881115217940204,0.3787521170858117,0,,False,head_on,20,0.0,False,0.0,tier_b,B-01-02,22,basin,on,re
model,head_on,9.202986195604916,0.2115441716810377,170.53448994405818,,,,goal,False,False,61,39.7198271240552,-15.396571844469124,3,0,8,0,7,0.6508598874903643,0.0,1.2693828177745634,0.0,1.6900082794229756,0.6885967933347271,0.8972901980055177,1.5635349253542845,2.438146239054786,0,,False,head_on,20,0.0,False,0.0,tier_b,B-01-03,23,basin,on,re
model,head_on,9.426943731983418,0.444074221815381,187.3874051658495,,,,collision:obstacle,True,False,48,-371.9155940876497,-37.015760520613895,7,0,26,0,2,0.889733896911572,0.0,8.983093126294733,0.0,0.0605427724979073,0.5579235638885703,0.7530993200240613,1.977455624349774,1.262652648468518,0,,False,head_on,26,0.0,False,0.0,tier_b,B-01-04,24,basin,on,re
model,head_on,9.200231435094338,0.7601626404654938,179.55373171964945,,,,goal,False,False,62,115.62372367273632,-14.701034736313732,9,0,0,0,5,2.4408368616104044,0.0,0.0,0.0,0.5819760602982743,0.6225602551313988,0.8004171094069028,2.3230926882342984,1.039516991891057,0,,False,head_on,21,0.0,False,0.0,tier_b,B-01-05,25,basin,on,re
model,head_on,9.300729462140197,0.4907812762822736,180.39008287060133,,,,goal,False,False,56,59.75870429724793,-46.61333990679426,11,0,5,0,11,6.404782510333184,0.0,0.7374848656559249,0.0,2.7232713253963694,0.7027620778657513,0.9270157039650746,1.4843620019676225,1.074304302413348,0,,False,head_on,24,0.0,False,0.0,tier_b,B-01-06,26,basin,on,re
model,head_on,9.278345624670196,0.0876846891904896,172.92675308091736,,,,collision:target,True,True,25,-302.1084943473165,-18.07124520163954,4,0,15,0,6,0.9381773375960496,0.0,2.8331886395183323,0.0,0.7172862840606887,0.5808528044042542,0.725640182523508,1.270084543897613,0.2964414688130144,0,,False,head_on,21,0.0,False,0.0,tier_b,B-01-07,27,basin,on,re
model,head_on,9.245518109439786,1.5604044988807242,181.0718761681306,,,,goal,False,False,66,104.48349866808704,-40.97263633591045,13,0,24,0,10,1.227424863468523,0.0,8.181831669015335,0.0,1.2093976118413416,0.5751394948673196,0.6821889090456216,2.323867337573443,0.6239753576161271,0,,False,head_on,24,0.0,False,0.0,tier_b,B-01-08,28,basin,on,re
model,head_on,9.211667837413923,0.8338205925396898,189.8049088605852,,,,goal,False,False,62,132.6589930653217,-3.857614026191984,7,1,0,0,0,0.7793012348885952,1.4729998674232892e-05,0.0,0.0,0.0,0.6118575966650026,0.7781258945279104,2.444491008926614,0.921868150188354,0,,False,crossing,22,0.0,False,0.0,tier_b,B-01-09,29,basin,on,re
model,head_on,9.203210751227637,1.4223699758268815,184.6129587610424,,,,goal,False,False,63,125.75599930243204,-17.316712233229694,15,0,0,0,4,3.0265758569896977,0.0,0.0,0.0,0.5189248313623754,0.6142457251257709,0.7951912336699777,2.665370069510153,0.6848415612796236,0,,False,head_on,25,0.0,False,0.0,tier_b,B-01-10,30,basin,on,re
model,head_on,9.244515379983476,1.4868756911998968,183.60038852428104,,,,goal,False,False,58,71.37925074313041,-23.77697112031204,11,0,0,0,5,4.322152339818087,0.0,0.0,0.0,0.5294037862694472,0.6969783095096453,0.9668503442005688,3.062572563996854,1.2151509486022976,0,,False,head_on,22,0.0,False,0.0,tier_b,B-01-11,31,basin,on,re
model,head_on,9.200225500826145,0.5899479392232831,189.2362237238048,,,,goal,False,False,59,71.04221699066127,-20.26119724876583,5,0,0,0,8,1.3959583236253672,0.0,0.0,0.0,2.9669341215156133,0.665998939341269,0.9557352935842778,1.6127217606110151,0.9051596803808848,0,,False,head_on,10,0.0,False,0.0,tier_b,B-01-12,32,basin,on,re
model,head_on,9.21591083701563,1.9692993347311831,179.1373502782262,,,,goal,False,False,61,32.95347226124099,-55.08318386478838,23,0,22,0,1,9.092216569867205,0.0,2.5030367124580977,0.0,0.2368399286881257,0.6455313365886192,0.7621019053585699,3.664072343600561,1.7663888957772165,0,,False,head_on,23,0.0,False,0.0,tier_b,B-01-13,33,basin,on,re
model,head_on,9.286416237673734,1.005576796011224,179.10235302222068,,,,goal,False,False,64,104.9395249020488,-38.38744038711344,14,0,0,0,5,6.840581227817479,0.0,0.0,0.0,1.0059029576482037,0.6083842830797515,0.8075752080188993,2.1584934802722144,0.6543263108225676,0,,False,head_on,23,0.0,False,0.0,tier_b,B-01-14,34,basin,on,re
model,head_on,9.311066723611471,0.9411731537378314,189.52863652514128,,,,goal,False,False,63,117.72355955453504,-29.84142324573646,9,1,0,0,11,4.726419340692133,0.0014730293862141,0.0,0.0,1.430745780855252,0.6122727700238032,0.6799478188542102,2.2978320702799744,0.6344912727158192,0,,False,crossing,18,0.0,False,0.0,tier_b,B-01-15,35,basin,on,re
model,head_on,9.200006265576246,1.5159147659622918,178.72341169426187,,,,goal,False,False,59,79.97327482140676,-53.21512352397106,18,0,8,0,5,8.902258158002894,0.0,1.8618625591945064,0.0,0.5436089841681095,0.6565726259437898,0.8681434286331062,1.9253936653578136,0.5971662770679991,0,,False,head_on,28,0.0,False,0.0,tier_b,B-01-16,36,basin,on,re
model,head_on,9.22114650453297,0.7428668060270553,184.26874233517697,,,,goal,False,False,63,98.65827873924545,-37.62702697922082,11,0,24,0,1,1.7840722439195082,0.0,7.975099775069138,0.0,0.0190022625711905,0.6043450483835618,0.7376966017370161,2.471764484966309,1.1229637287271863,0,,False,head_on,25,0.0,False,0.0,tier_b,B-01-17,37,basin,on,re
model,head_on,9.200470430032327,0.2928937121848394,185.39955660403396,,,,collision:target,True,True,30,-337.88992436934285,-18.59630646845729,0,0,20,0,0,0.0,0.0,5.165640685682578,0.0,0.0,0.575023915294335,0.6452546060825933,1.7034634981386154,0.7790755033899647,0,,False,head_on,21,0.0,False,0.0,tier_b,B-01-18,38,basin,on,re
model,head_on,9.352939218815166,1.066486818993451,171.15925359824612,,,,collision:target,True,True,26,-307.6673377568917,-28.928568058336182,5,0,24,0,1,2.002355823161293,0.0,5.003438913219314,0.0,0.2232281435773889,0.5722728799507564,0.695735461115902,1.8395392931879488,0.2573479058749472,0,,False,head_on,24,0.0,False,0.0,tier_b,B-01-19,39,basin,on,re
model,head_on,9.256330245640896,1.5474947809722523,187.2342081353497,,,,collision:target,True,True,31,-321.92500348407475,-25.4099378318726,4,0,8,0,9,0.4358604934457297,0.0,0.7543144383814874,0.0,4.56375475803175,0.5168781533087997,0.5884071910465274,1.938261527498426,0.9805211735108844,0,,False,head_on,10,0.0,False,0.0,tier_b,B-02-00,40,basin,on,nc
model,head_on,9.281601739441284,1.3405400952264204,172.94377414042276,,,,goal,False,False,64,80.3480201190096,-15.489892898245923,7,0,19,0,0,0.5447234620419938,0.0,3.5537532669827923,0.0,0.0,0.6092916936473876,0.7471777600780539,3.1353808600043798,1.1301113647164758,0,,False,head_on,23,0.0,False,0.0,tier_b,B-02-01,41,basin,on,nc
model,head_on,9.204720813060794,0.038078027907568,173.94089562375711,,,,goal,False,False,60,25.28924471753615,-28.071910797740465,9,0,4,0,7,3.984381958519153,0.0,0.7117138097668004,0.0,1.2860111973133717,0.7072249983507951,0.9054479955596172,2.2066061319527908,2.197321842491088,0,,False,head_on,23,0.0,False,0.0,tier_b,B-02-02,42,basin,on,nc
model,head_on,9.29621242204588,0.7415014641403002,174.1759991409701,,,,collision:target,True,True,31,-310.88769318001005,-27.191729570796184,4,0,16,0,9,1.791486314523994,0.0,3.8189008294068905,0.0,1.0168509617861343,0.6234881213843838,0.7949135276215133,0.9355452711362252,0.5022612894003073,0,,False,head_on,25,0.0,False,0.0,tier_b,B-02-03,43,basin,on,nc
model,head_on,9.275651035120449,0.335488764722645,182.62160393304384,,,,goal,False,False,63,13.600717694421064,-62.74590479494835,22,0,26,0,8,5.654509673363728,0.0,8.858311537849689,0.0,0.6369245278975602,0.6366260811190995,0.8004390211664688,2.3984711344925063,1.692420318260039,0,,False,head_on,26,0.0,False,0.0,tier_b,B-02-04,44,basin,on,nc
model,head_on,9.229951581013864,0.1710491520658996,186.591260843747,,,,goal,False,False,64,105.65241843292684,-22.812060322506937,8,0,1,0,6,3.9561741590336186,0.0,0.0579568103403244,0.0,0.6711897151256351,0.6207493889255622,0.8690491118652709,2.204027811712326,1.226891487471392,0,,False,head_on,24,0.0,False,0.0,tier_b,B-02-05,45,basin,on,nc
model,head_on,9.233553308203,0.5619209417395277,187.36177101255709,,,,goal,False,False,62,85.7048113679826,-20.766525721343672,10,0,2,0,5,3.636925598281875,0.0,0.1682068858198256,0.0,0.4795998268660037,0.651432790273696,0.8757911056344911,2.85979529874903,1.3896483186954909,0,,False,head_on,27,0.0,False,0.0,tier_b,B-02-06,46,basin,on,nc
model,head_on,9.334546561988192,1.5897840087463606,185.567855299883,,,,goal,False,False,65,124.51985327553788,-17.74029546754563,9,0,0,0,6,2.901820605964644,0.0,0.0,0.0,0.750285215115698,0.6093844059718149,0.866702464207623,2.849073705552828,0.6552320861337935,0,,False,head_on,23,0.0,False,0.0,tier_b,B-02-07,47,basin,on,nc
model,head_on,9.365056400865678,0.8539494126094023,172.71492502312827,,,,goal,False,False,64,93.1907190588665,-44.28677547602952,10,0,26,0,8,2.467404772026248,0.0,8.206447338059306,0.0,0.5622025416635741,0.6128914752039986,0.7112598343441006,2.711397585289978,1.1500986741367314,0,,False,head_on,26,0.0,False,0.0,tier_b,B-02-08,48,basin,on,nc
model,head_on,9.403528215758516,1.4069194440777255,188.63191750342895,,,,goal,False,False,67,124.60893934145268,-20.79944970723472,13,0,0,0,4,3.7687659748903775,0.0,0.0,0.0,0.4764573625616337,0.5892051426191418,0.766622097429509,2.6910094496066668,0.7335241093691036,0,,False,head_on,22,0.0,False,0.0,tier_b,B-02-09,49,basin,on,nc
model,head_on,9.31502694743324,1.500484760725203,179.69860973926174,,,,goal,False,False,64,112.23448419949956,-34.83283417339402,14,0,3,0,8,5.500483760260388,0.0,0.1343591329881024,0.0,1.5826103736328745,0.614828609726306,0.7748845023922519,2.370320495374609,0.5336122132373617,0,,False,head_on,23,0.0,False,0.0,tier_b,B-02-10,50,basin,on,nc
model,head_on,9.28945567360151,0.3727570193837672,172.21756266106624,,,,goal,False,False,56,78.16001009783291,-16.44446499391318,10,0,1,0,4,2.613473891227252,0.0,0.1077638622807864,0.0,0.693293184028322,0.707397586736689,0.8987993387565839,2.122158690970971,1.008048764771183,0,,False,head_on,21,0.0,False,0.0,tier_b,B-02-11,51,basin,on,nc
model,head_on,9.252438644524617,1.969661290550588,176.24305999260258,,,,goal,False,False,64,126.34132695220868,-27.41283913404473,12,0,25,0,5,0.2477313709152996,0.0,6.980164044084407,0.0,0.2351062865133629,0.5990748681602435,0.6696496577626528,2.871065990102056,0.5484524263898549,0,,False,head_on,25,0.0,False,0.0,tier_b,B-02-12,52,basin,on,nc
model,head_on,9.232390648429304,0.1565344319281632,189.6379104841306,,,,goal,False,False,66,52.91547965608011,-65.599601020615,19,0,29,0,6,6.3009477657855175,0.0,7.929477766889295,0.0,1.3030643598167146,0.5851159079234607,0.7725638060302269,1.384967388210894,1.1048333665661194,0,,False,head_on,29,0.0,False,0.0,tier_b,B-02-13,53,basin,on,nc
model,head_on,9.205743827437516,0.2461463452933365,170.46802077352527,,,,goal,False,False,60,97.79790976558772,-29.647410172945147,10,0,5,0,6,3.8116701129108734,0.0,1.0902111197058364,0.0,1.523307351798957,0.6500333120713293,0.922998641558341,1.2791624943114732,0.8213140647472171,0,,False,head_on,20,0.0,False,0.0,tier_b,B-02-14,54,basin,on,nc
model,head_on,9.21489430307935,0.2319072749485009,183.9612282286232,,,,goal,False,False,60,7.226526809020925,-42.97052925373567,16,0,25,0,3,3.552561458293236,0.0,6.89842105601168,0.0,0.122452051898247,0.6637829182762596,0.8482829712851823,3.1091421869888687,2.322529585666228,0,,False,head_on,25,0.0,False,0.0,tier_b,B-02-15,55,basin,on,nc
model,head_on,9.276960375115012,1.1226602107865504,170.36582971145847,,,,goal,False,False,65,94.83597011603108,-39.86538690152141,14,0,20,0,4,2.436967045283307,0.0,6.999887229516199,0.0,0.5784013335801602,0.5889986786815198,0.6959906401104956,2.2734393451634,1.0244058614006633,0,,False,head_on,20,0.0,False,0.0,tier_b,B-02-16,56,basin,on,nc
model,head_on,9.309294234930904,0.147219415480909,189.8406545053813,,,,goal,False,False,69,76.8761915339292,-49.33753382663989,13,0,25,0,5,4.298845738130457,0.0,6.798941497033734,0.0,0.7960128963494847,0.5619337673069817,0.7220369959748496,1.3768530247880042,0.9581742768646138,0,,False,head_on,25,0.0,False,0.0,tier_b,B-02-17,57,basin,on,nc
model,head_on,9.200258425260442,1.2288990454134774,179.23971580496945,,,,goal,False,False,57,78.72228808095477,-44.08510415840355,15,0,7,0,10,6.409862801593137,0.0,1.1680603092165414,0.0,1.8113924838528823,0.6723104328105961,0.9689360672823352,1.861942486822964,0.5033669233562722,0,,False,head_on,23,0.0,False,0.0,tier_b,B-02-18,58,basin,on,nc
model,head_on,9.202012305050516,0.8987680832950979,177.13534794289967,,,,goal,False,False,56,73.04744827140857,-34.914537528653184,9,0,15,0,2,4.460022247226603,0.0,3.2106273193778443,0.0,0.2842597900269462,0.6954588551415456,0.9620749436365142,1.703513288977244,0.6293043027428785,0,,False,head_on,26,0.0,False,0.0,tier_b,B-02-19,59,basin,on,nc
model,crossing,9.330877499311676,2.0229818515646305,142.9733531968989,port,,True,collision:target,True,True,22,-324.2701761562974,-10.59344751079083,2,1,0,0,5,0.6369583019700545,0.8395999030256528,0.0,0.0,0.7298854213471281,0.4158332400453517,0.57810117882623,0.8759335436040873,0.467811561148216,0,,False,crossing,14,1.0,True,0.0,tier_b,B-03-00,60,basin,on,cv
model,crossing,9.238491441800932,1.257700989202459,238.57996241282973,starboard,,True,collision:target,True,True,19,-336.0110287472089,-30.993611724668565,10,1,0,0,4,4.746619455285641,0.4052185572478657,0.0,0.0,1.220447458361713,0.4838978577559505,0.6400328142904592,1.2930191302869702,0.3882940098492209,0,,False,crossing,16,0.0,False,0.0,tier_b,B-03-01,61,basin,on,cv
model,crossing,9.240093955177118,2.231034711560081,260.5896970595145,starboard,,True,goal,False,False,86,-89.04368764331359,-16.95140143331366,13,0,0,0,3,3.297975145591249,0.0,0.0,0.0,0.1392054361415508,0.4534704419964734,0.8891096006214149,3.0584127934779013,0.9345046493344092,0,,False,crossing,18,0.0,False,0.0,tier_b,B-03-02,62,basin,on,cv
model,crossing,9.201517480454864,2.0084584574246174,275.60243456813623,starboard,,True,goal,False,False,69,92.52460357149164,-25.337547320309383,9,0,0,0,3,4.434993111630006,0.0,0.0,0.0,0.7520736483868571,0.5503004841836006,0.7042794684434398,2.204338972004833,0.7430803538725345,0,,False,crossing,10,0.0,False,0.0,tier_b,B-03-03,63,basin,on,cv
model,crossing,9.260113930250167,0.2859667630882159,138.91656669025917,port,,True,collision:target,True,True,16,-335.50893665549074,-27.77973297914276,13,0,0,0,8,3.667412733023189,0.0,0.0,0.0,2.1391199890395494,0.4066050959046679,0.5457883547209016,1.5939554875210122,0.1523169113867971,0,,False,crossing,13,1.0,True,0.0,tier_b,B-03-04,64,basin,on,cv
model,crossing,9.237840941101046,0.5502840017265848,207.7121290530307,starboard,,True,goal,False,False,60,14.860681096388191,-71.92125722252953,18,15,0,0,7,12.299609841099636,0.7581829144078874,0.0,0.0,1.618929573948283,0.6608662116901081,0.879583952599459,1.9329735813206492,1.2747297091836227,0,,False,crossing,19,0.0,False,0.0,tier_b,B-03-05,65,basin,on,cv
model,crossing,9.211327034375728,0.0603920799497881,260.0280844491019,starboard,,True,collision:target,True,True,20,-349.3361052854633,-37.92952717999211,12,6,0,0,2,5.207896644115063,2.159168220370045,0.0,0.0,0.3250124668424043,0.4530801304796735,0.6091048401905031,1.3538281641653789,0.1635505883142371,0,,False,crossing,18,0.0,False,0.0,tier_b,B-03-06,66,basin,on,cv
model,crossing,9.322534511039123,0.5930397068558804,103.58840207093462,port,,True,collision:boundary,True,False,47,-390.4315765325528,-3.291451124142915,0,0,0,0,2,0.0,0.0,0.0,0.0,0.73143358314287,0.5041183623509301,0.6922600035129889,1.761745599724493,1.6831803145756623,0,,False,crossing,15,1.0,True,0.0,tier_b,B-03-07,67,basin,on,cv
model,crossing,9.38374683148518,1.4192463365211565,273.11473987217323,starboard,,True,goal,False,False,84,-8.005234901714687,-10.175311220054096,10,0,0,0,3,1.9259701131390088,0.0,0.0,0.0,0.1426131466702219,0.502962565795985,0.7767668820412554,3.1925082134412337,1.0837775755639512,0,,False,crossing,33,0.0,False,0.0,tier_b,B-03-08,68,basin,on,cv
model,crossing,9.201593276637976,0.3073618577114048,135.28689016963023,port,,False,goal,False,False,74,1.130775699892908,-3.2533555065366224,1,0,0,0,1,0.217346960455172,0.0,0.0,0.0,0.4838862338407824,0.5632374078739898,0.8235169459067446,1.5319979564171462,2.689087582326917,0,,False,crossing,17,1.0,True,0.0,tier_b,B-03-09,69,basin,on,cv
model,crossing,9.40098472489406,2.465391222055432,77.88933403414416,port,,True,collision:target,True,True,17,-314.6003364053444,-13.481815698503157,1,15,0,0,1,0.0087317544681127,2.6936327628350947,0.0,0.0,0.0233580750782834,0.516088986237054,0.7378651816817583,1.2581825807745852,0.6633427585034636,0,,False,crossing,15,1.0,True,0.0,tier_b,B-03-10,70,basin,on,cv
model,crossing,9.201175690895838,1.5622646265707425,123.45730483776164,port,,True,goal,False,False,66,95.1434759825492,0.0,0,0,0,0,0,0.0,0.0,0.0,0.0,0.0,0.5943946246060258,0.7339399164168067,2.915622504618684,1.6780312167630025,0,,False,never,0,0.0,False,0.0,tier_b,B-03-11,71,basin,on,cv
model,crossing,9.314565232180996,0.6521833898558921,268.977941256137,starboard,,True,collision:target,True,True,19,-295.8171962053156,0.0,0,0,0,0,0,0.0,0.0,0.0,0.0,0.0,0.5179392964983618,0.6429588194732323,1.482847108178663,0.8094866484050078,0,,False,never,0,0.0,False,0.0,tier_b,B-03-12,72,basin,on,cv
model,crossing,9.335227303646349,1.9554168095833968,75.85050993155522,port,,True,goal,False,False,80,9.149551810070337,-3.119645949451737,7,0,0,0,1,0.5629444839434301,0.0,0.0,0.0,0.074015723095946,0.5162591082220278,0.7324956540808285,3.220679317953092,2.334854453435982,0,,False,crossing,10,1.0,True,0.0,tier_b,B-03-13,73,basin,on,cv
model,crossing,9.210022881938844,0.0057111335262258,281.6063487279274,starboard,,False,collision:target,True,True,28,-367.27003139745705,-40.09582622773423,15,0,0,0,14,4.69035118224203,0.0,0.0,0.0,3.7507973056969286,0.3517203880860026,0.5499707264570342,1.5600058107303585,0.3075209202527411,0,,False,crossing,21,0.0,False,0.0,tier_b,B-03-14,74,basin,on,cv
model,crossing,9.201092418652424,0.2107579181403868,68.87657035594039,port,,False,collision:target,True,True,17,-335.5346631288681,-32.00571447739457,7,1,0,0,9,1.9358051851098868,0.8686755210547805,0.0,0.0,4.027452218195437,0.4939413953464393,0.6085296955238376,1.320762987436388,0.246798270912,0,,False,crossing,12,1.0,True,0.0,tier_b,B-03-15,75,basin,on,cv
model,crossing,9.237973158896006,2.22153400131721,73.65372992762265,port,,True,goal,False,False,77,-126.53494083254222,-8.131300030682084,6,0,0,0,2,1.463428156938914,0.0,0.0,0.0,0.1971845897409907,0.5421116857291692,0.8579183350501864,3.3612901031731117,1.904289906809285,0,,False,crossing,11,1.0,True,0.0,tier_b,B-03-16,76,basin,on,cv
model,crossing,9.22158192110366,0.1358321528349695,277.27515777197266,starboard,,True,collision:target,True,True,28,-356.5941983873001,-24.9581265382274,10,0,0,0,9,3.2267609398663626,0.0,0.0,0.0,1.9968133079753123,0.3538955413936691,0.5469538805778377,1.4585601732192195,0.2896467106449121,0,,False,crossing,24,0.0,False,0.0,tier_b,B-03-17,77,basin,on,cv
model,crossing,9.237563948226011,1.2098525599380203,199.80318687283807,starboard,,True,goal,False,False,62,54.04555405310514,-40.12756871935469,11,6,0,0,6,7.419916854413478,0.0240084396968279,0.0,0.0,0.7289196696685943,0.6338280814930269,0.7695925713162416,2.4718290321109087,1.771209113195295,0,,False,crossing,14,0.0,False,0.0,tier_b,B-03-18,78,basin,on,cv
model,crossing,9.266883250942996,0.53724528402496,124.07276332236594,port,,True,collision:target,True,True,17,-304.27400898833656,0.0,0,0,0,0,0,0.0,0.0,0.0,0.0,0.0,0.4237826584501321,0.5483517620668745,1.3659446505697093,0.1251664747859546,0,,False,never,0,0.0,False,0.0,tier_b,B-03-19,79,basin,on,cv
model,crossing,9.204718687799774,0.7792305127844068,86.02031430015951,port,,True,goal,False,False,80,-61.594456774699765,-2.621741656907924,0,0,0,0,4,0.0,0.0,0.0,0.0,0.5826092570906499,0.5305091669797621,0.8264688699788538,2.492960539700993,2.362442326534983,0,,False,crossing,18,1.0,True,0.0,tier_b,B-04-00,80,basin,on,re
model,crossing,9.470886766165224,1.2637917724747307,95.74456904742506,port,,True,goal,False,False,76,40.0410070812258,-12.530201653944424,8,0,0,0,5,1.812921481576189,0.0,0.0,0.0,0.7902756266982865,0.5381916530803568,0.8778341508327396,2.4712903296604987,1.3506081332455273,0,,False,crossing,17,1.0,True,0.0,tier_b,B-04-01,81,basin,on,re
model,crossing,9.243634658067052,0.0115621156995146,136.01355255317026,port,,True,collision:target,True,True,17,-327.1532587854102,-23.621538400023653,7,4,0,0,9,1.4320868892825438,0.4774989366867546,0.0,0.0,3.1486863469945843,0.4234459333718999,0.5452784339245311,1.6318213564937425,0.0790455724542159,0,,False,crossing,15,1.0,True,0.0,tier_b,B-04-02,82,basin,on,re
model,crossing,9.329433801063674,0.8176006137484946,130.0610229832874,port,,False,collision:target,True,True,17,-339.7526620151873,-39.40275819672035,10,2,0,0,3,7.11728330167041,0.1684856767894372,0.0,0.0,0.7418226118542462,0.4524127057440584,0.5822969934611114,1.792358797232402,0.2373693122418286,0,,False,crossing,14,1.0,True,0.0,tier_b,B-04-03,83,basin,on,re
model,crossing,9.200232254515456,0.229795866767434,222.67033261256643,starboard,,True,collision:target,True,True,18,-325.5107232825025,-27.31376262487943,10,9,0,0,2,4.441328857006831,0.8316751797231736,0.0,0.0,0.2694205873479797,0.4765559174731508,0.6276084737660518,1.8489929806985057,0.3998590651236154,0,,False,crossing,15,0.0,False,0.0,tier_b,B-04-04,84,basin,on,re
model,crossing,9.356387110289646,2.269274861684816,191.85943145848017,starboard,,True,goal,False,False,64,127.2380960956922,-11.949504117249456,10,0,0,0,0,2.414041235807971,0.0,0.0,0.0,0.0,0.606741054527875,0.7460541242011044,3.184657755464413,0.8260855625001514,0,,False,crossing,16,0.0,False,0.0,tier_b,B-04-05,85,basin,on,re
model,crossing,9.200369012852647,1.7907390951500732,266.9991911382316,starboard,,True,goal,False,False,92,-36.6344798569275,-21.94336399994156,11,0,0,0,4,3.87106203144782,0.0,0.0,0.0,0.6181348765055212,0.4921809253172963,0.7831187482008488,2.907563927917491,2.0384973151333,0,,False,crossing,23,0.0,False,0.0,tier_b,B-04-06,86,basin,on,re
model,crossing,9.268554645857137,0.0383645135928822,270.853364719973,starboard,,False,collision:target,True,True,15,-331.3233859827008,-25.49781401277369,8,1,0,0,7,2.853748363174225,0.6077453476150518,0.0,0.0,1.8585378098592844,0.4221747327671853,0.5571856395183216,1.3369424851552256,0.1680976169375344,0,,False,crossing,13,0.0,False,0.0,tier_b,B-04-07,87,basin,on,re
model,crossing,9.25238181258938,0.567675215689496,198.7491131814405,starboard,,False,goal,False,False,55,45.86203100256189,-43.55631288090767,13,11,0,0,6,7.055317966285921,0.3988782664048906,0.0,0.0,1.4795647842418114,0.711056578470889,0.8778911606361172,1.973124057515168,1.418339137067391,0,,False,crossing,14,0.0,False,0.0,tier_b,B-04-08,88,basin,on,re
model,crossing,9.309577280028208,1.411625274959324,73.04756165662562,port,,True,goal,False,False,72,78.9177735191268,-0.8210238934153358,2,0,0,0,1,0.0434889675998241,0.0,0.0,0.0,0.1346118897324903,0.5665681242803768,0.727738695731989,3.961772809124516,1.7916440740099415,0,,False,crossing,18,0.8888888888888888,True,0.0,tier_b,B-04-09,89,basin,on,re
model,crossing,9.203033357494174,0.2415270902636671,217.21425503362173,starboard,,True,collision:target,True,True,18,-353.9684064585179,-52.697411897330255,11,6,0,0,11,6.478111130635255,0.8785316732571159,0.0,0.0,3.6182288929028936,0.4555319784059921,0.598914499431157,1.7870722011608111,0.4850562111251564,0,,False,crossing,15,0.0,False,0.0,tier_b,B-04-10,90,basin,on,re
model,crossing,9.234731276653031,1.605051391748081,72.44378390693646,port,,True,goal,False,False,70,54.90509852446617,-0.429019637554131,3,0,0,0,1,0.0441651465703132,0.0,0.0,0.0,0.0467560360069067,0.5784621341175692,0.8455200992387496,3.662516053747926,2.1789452464425816,0,,False,crossing,17,1.0,True,0.0,tier_b,B-04-11,91,basin,on,re
model,crossing,9.200004532647997,0.6368414973256759,87.17022061930312,port,,True,goal,False,False,67,71.5468866669773,-0.8398423554527564,0,0,0,0,1,0.0,0.0,0.0,0.0,0.186631634545057,0.6067414900437187,0.800277623495771,2.9959550214496016,2.237990397133339,0,,False,crossing,18,1.0,True,0.0,tier_b,B-04-12,92,basin,on,re
model,crossing,9.254517564116696,1.732614541775389,149.68982183769972,port,,True,collision:target,True,True,19,-307.7097423122213,-1.6132686820782314,0,0,0,0,2,0.0,0.0,0.0,0.0,0.3585041515729403,0.4298887238956801,0.6504074103484099,1.9047041624906336,0.6154617077213264,0,,False,crossing,17,1.0,True,0.0,tier_b,B-04-13,93,basin,on,re
model,crossing,9.200468191333483,0.5432402369499534,132.71244073314776,port,,True,goal,False,False,66,87.83287886665691,-1.4130236555635816,1,0,0,0,1,0.0421073475346511,0.0,0.0,0.0,0.2676871745037907,0.5889254139376681,0.7864386223850709,2.1802955787172427,1.3422030627780377,0,,False,crossing,16,1.0,True,0.0,tier_b,B-04-14,94,basin,on,re
model,crossing,9.37951772870855,1.4092468911533416,137.2759195130861,port,,False,collision:target,True,True,18,-323.8624236826876,-24.287462580847453,7,5,0,0,3,3.625382493398946,0.84318118993238,0.0,0.0,0.4817938551905312,0.4622246290625277,0.6060783982832828,1.3395031251663243,0.3090897611137751,0,,False,crossing,16,1.0,True,0.0,tier_b,B-04-15,95,basin,on,re
model,crossing,9.22856688450767,0.4325946293831956,132.88993822994345,port,,True,collision:target,True,True,15,-320.0423657771346,-15.972387258625352,5,0,0,0,3,2.2711801190932537,0.0,0.0,0.0,1.0511212598030548,0.4500927671511414,0.5503544216268561,1.436201348237413,0.074830594755173,0,,False,crossing,7,1.0,True,0.0,tier_b,B-04-16,96,basin,on,re
model,crossing,9.261168358149533,0.3800792392697646,130.2918487988835,port,,True,goal,False,False,67,82.96829367559742,-2.5997628159593846,1,0,0,0,1,0.3161330628292447,0.0,0.0,0.0,0.2299787011010273,0.5983818871756412,0.8390414580811006,2.1095162036319404,1.924222690567014,0,,False,crossing,16,1.0,True,0.0,tier_b,B-04-17,97,basin,on,re
model,crossing,9.387131015734026,0.6019081895970513,145.65391894093102,port,,True,goal,False,False,76,105.42126757077732,-7.019220054900031,6,1,0,0,3,0.6025067544188909,0.3397512015339266,0.0,0.0,0.5233429273185742,0.514872779926311,0.6895294627970426,1.0682287627053917,0.6949659833686305,0,,False,crossing,19,1.0,True,0.0,tier_b,B-04-18,98,basin,on,re
model,crossing,9.411203164528796,0.3524520422006777,228.384296632726,starboard,,True,collision:target,True,True,16,-348.6834183631245,-40.89456488487277,15,0,0,0,5,7.0684799121476205,0.0,0.0,0.0,1.3123531821648968,0.4014224802969334,0.5575343538975983,1.5649163464748934,0.2545647057832005,0,,False,crossing,15,0.0,False,0.0,tier_b,B-04-19,99,basin,on,re
model,crossing,9.200706279714865,0.2580893191785541,231.7080280272063,starboard,,True,collision:target,True,True,17,-315.2819128156041,-9.935846561806146,1,2,0,0,4,0.290330586607427,0.5310630681854009,0.0,0.0,1.3044328823514773,0.4406910538215448,0.5890053056121899,1.6410176549081583,0.4192974520400575,0,,False,crossing,10,0.0,False,0.0,tier_b,B-05-00,100,basin,on,nc
model,crossing,9.216210094803998,2.417752396114681,247.95272431710384,starboard,,True,goal,False,False,59,48.86155444929337,-17.697403510996743,3,15,0,0,4,0.3464824547187829,2.5583373611551674,0.0,0.0,0.7374545383157077,0.6705674707191124,0.9001754635840867,1.3844162905648252,2.1022671007287586,0,,False,crossing,15,0.0,False,0.0,tier_b,B-05-01,101,basin,on,nc
model,crossing,9.215623177051167,1.4873487938689045,105.2928310770994,port,,False,collision:target,True,True,19,-337.1090478458188,-32.468589071178044,10,6,0,0,1,5.45594038396474,0.9120929744030228,0.0,0.0,0.2104053216128038,0.48196078528187,0.7511981671059574,1.5949930743225424,0.6888746741881563,0,,False,crossing,17,1.0,True,0.0,tier_b,B-05-02,102,basin,on,nc
model,crossing,9.213270431695069,0.3553567901759372,252.88143754819663,starboard,,True,collision:target,True,True,17,-315.1178073202491,-12.397519062690542,4,1,0,0,2,1.3265883451815563,0.4349724648941985,0.0,0.0,0.8172873450701228,0.458049530592283,0.5592721669386914,1.3327925365478677,0.2518723459899563,0,,False,crossing,16,0.0,False,0.0,tier_b,B-05-03,103,basin,on,nc
model,crossing,9.211809026931432,0.9515372231990188,160.45417521803344,port,,False,collision:target,True,True,15,-314.4103292163546,-5.445482204458712,2,0,0,0,5,0.1721848555834463,0.0,0.0,0.0,1.0207038154045898,0.4118417333376358,0.5458130810772475,1.826483717975852,0.1514947056368052,0,,False,crossing,13,1.0,True,0.0,tier_b,B-05-04,104,basin,on,nc
model,crossing,9.21839401844697,1.8062505610752355,104.4884246730779,port,,True,goal,False,False,62,65.9234868300137,-0.7099929054726034,1,0,0,0,1,0.059693023411235,0.0,0.0,0.0,0.0921138754637754,0.6543783450988764,0.8447712985307751,3.3056395903431253,2.0846912354398173,0,,False,crossing,13,1.0,True,0.0,tier_b,B-05-05,105,basin,on,nc
model,crossing,9.200720800350496,2.127250002349644,226.01222781833783,starboard,,True,collision:target,True,True,21,-315.7648930204484,0.0,0,0,0,0,0,0.0,0.0,0.0,0.0,0.0,0.458578944011847,0.6326170563257594,1.3546466246995337,0.8002653479215699,0,,False,never,0,0.0,False,0.0,tier_b,B-05-06,106,basin,on,nc
model,crossing,9.215286445654044,0.8117411341797673,81.47856525673441,port,,True,goal,False,False,70,59.042192587792414,-6.704326201847958,0,1,0,0,2,0.0,0.6932632680627056,0.0,0.0,0.727260672208348,0.5792304554156114,0.8362678868690597,2.1986867871221243,2.219357441698884,0,,False,crossing,15,1.0,True,0.0,tier_b,B-05-07,107,basin,on,nc
model,crossing,9.2263960669926,1.6819854812629311,284.8234292978913,starboard,,True,goal,False,False,70,58.70131835471901,-7.132750167362032,10,0,0,0,2,1.1899760448597518,0.0,0.0,0.0,0.276081943401391,0.5537918846804657,0.906365484959308,3.0448832446715337,0.4515144297166349,0,,False,crossing,19,0.0,False,0.0,tier_b,B-05-08,108,basin,on,nc
model,crossing,9.32008951347376,1.135129196971054,143.31966161417364,port,,False,collision:target,True,True,17,-311.6749710055445,-5.142140544622672,0,2,0,0,4,0.0,0.0572427074802175,0.0,0.0,1.079730920576799,0.4007305487498439,0.5610565572122554,1.8558631476731515,0.3636159523687217,0,,False,crossing,15,1.0,True,0.0,tier_b,B-05-09,109,basin,on,nc
model,crossing,9.385721352234496,1.101512207539723,157.86281711377936,port,,False,collision:target,True,True,21,-329.16643603864577,-20.376197552182383,7,0,0,0,15,0.4161484969559277,0.0,0.0,0.0,4.070280553833452,0.3929588714496412,0.5463570370674327,1.8492888377438648,0.1164398525457371,0,,False,crossing,19,1.0,True,0.0,tier_b,B-05-10,110,basin,on,nc
model,crossing,9.224280439849588,2.007293642915143,279.44608599744123,starboard,,True,goal,False,False,80,-30.38820516941485,-33.890306586354114,17,0,0,0,2,6.658029376754294,0.0,0.0,0.0,0.2073469269823018,0.4925941684575058,0.7055457454635891,2.7209096322340187,1.322207552350167,0,,False,crossing,20,0.0,False,0.0,tier_b,B-05-11,111,basin,on,nc
model,crossing,9.242440755971442,0.8191370874231221,80.80910659952784,port,,False,collision:target,True,True,12,-314.58951407016906,-21.461388046012114,1,6,0,0,4,0.0030141818594326,2.8918321724097225,0.0,0.0,1.5848663538621766,0.515589878155713,0.6027693817665345,1.6284086850276862,0.1696935290408807,0,,False,crossing,9,1.0,True,0.0,tier_b,B-05-12,112,basin,on,nc
model,crossing,9.200734089771071,2.42791685748975,77.60170120950792,port,,True,goal,False,False,73,25.606445635832277,0.0,0,0,0,0,0,0.0,0.0,0.0,0.0,0.0,0.5650503305478057,0.7351629896123927,4.482868154578558,2.517248851186291,0,,False,crossing,15,1.0,True,0.0,tier_b,B-05-13,113,basin,on,nc
model,crossing,9.201922042439248,1.7448573110820975,97.9733263243578,port,,True,goal,False,False,71,120.5716517799594,-1.332911168562526,0,0,0,0,2,0.0,0.0,0.0,0.0,0.2962024819027835,0.5368659832319851,0.6667974440967414,3.087912865422291,0.7198867595322419,0,,False,crossing,12,1.0,True,0.0,tier_b,B-05-14,114,basin,on,nc
model,crossing,9.210289614228753,1.3646181904166412,240.4950166344852,starboard,,True,collision:target,True,True,16,-303.784733111847,0.0,0,0,0,0,0,0.0,0.0,0.0,0.0,0.0,0.5073835150580153,0.6607737544453002,1.3532968089551092,0.5950450543256389,0,,False,never,0,0.0,False,0.0,tier_b,B-05-15,115,basin,on,nc
model,crossing,9.202557876894945,0.8775763774858016,205.4572338903664,starboard,,False,goal,False,False,63,29.728985962748865,-56.34180540871282,20,17,0,0,6,9.674514246274208,0.6275518397483718,0.0,0.0,1.1881285073113454,0.6205417052329835,0.8277667665805302,2.199625796327815,1.6551137421188993,0,,False,crossing,20,0.0,False,0.0,tier_b,B-05-16,116,basin,on,nc
model,crossing,9.200007316122752,0.6831058562121795,131.93554503895228,port,,False,collision:target,True,True,18,-332.0920788871063,-30.543884643868488,11,4,0,0,2,5.153983273418919,0.3565231698190767,0.0,0.0,0.7259728332978672,0.4614618420557321,0.6334703914787809,1.7210008367315164,0.3164484775531202,0,,False,crossing,16,1.0,True,0.0,tier_b,B-05-17,117,basin,on,nc
model,crossing,9.22320668595492,0.4344433547543083,97.38973420096866,port,,True,collision:target,True,True,22,-323.9308554305949,-13.413183723764764,4,0,0,0,2,1.9556291438741304,0.0,0.0,0.0,0.8295154359084038,0.4411431177764243,0.6324583895660366,1.3374458891367895,0.2141204939326924,0,,False,crossing,4,1.0,True,0.0,tier_b,B-05-18,118,basin,on,nc
model,crossing,9.339982268508692,0.6058694525165631,90.87155766463692,port,,False,collision:target,True,True,21,-323.211133563108,-11.63519268896474,0,3,0,0,5,0.0,1.2045764199294615,0.0,0.0,1.2605643134030893,0.4187363360442286,0.5943652839018277,1.2817589259571494,0.3156860876824844,0,,False,crossing,18,1.0,True,0.0,tier_b,B-05-19,119,basin,on,nc
model,overtaking,9.217016676076229,0.7050661416026955,2.751896715549613,,,,goal,False,False,80,-74.67441447596252,-135.4521369316831,42,13,6,0,13,23.2436673887519,1.1595003549877518,1.3633796894950074,0.0,2.16628660399773,0.5325014772954644,0.695181568479323,2.302357839154528,2.2616847799162443,0,,False,overtaking,73,0.0,False,0.0,tier_b,B-06-00,120,basin,on,cv
model,overtaking,9.20839864947216,1.222686384166272,-8.618763366062442,,,,goal,False,False,93,9.02548629323188,-77.9981967933212,31,3,53,0,4,3.057182225625394,0.7112492590247728,16.06322797227306,0.0,0.3370756098044081,0.4077201266187777,0.8123806963703427,1.7140613516030774,0.3751489555114917,0,,False,overtaking,84,0.0,False,0.0,tier_b,B-06-01,121,basin,on,cv
model,overtaking,9.225440673837724,0.9165861617121268,-6.456878945402444,,,,goal,False,False,65,-1.5716564817041814,-69.63993981063271,48,1,0,0,0,14.029840463383202,0.0388342458355272,0.0,0.0,0.0,0.6033835194349555,0.6982078324760778,3.0418353613579376,1.4647974915177764,0,,False,overtaking,53,0.0,False,0.0,tier_b,B-06-02,122,basin,on,cv
model,overtaking,9.329409704326867,0.7067123366219907,8.906828243136012,,,,goal,False,False,68,29.96961144925585,-63.29631583188673,37,0,0,0,2,12.753226696587054,0.0,0.0,0.0,0.0372985963957298,0.5855282633978179,0.702611911288399,3.1753344318500702,1.8751199630720208,0,,False,overtaking,57,0.0,False,0.0,tier_b,B-06-03,123,basin,on,cv
model,overtaking,9.253937805212828,0.984205361322041,-3.263816162059692,,,,goal,False,False,118,-70.31964330174068,-71.52902588524654,32,1,50,0,2,4.824443008379359,0.0692754259440347,13.063674607757632,0.0,0.0613091216485057,0.3222918290987274,0.5500737445822278,2.983759199980457,0.2011275234144833,0,,False,overtaking,83,0.0,False,0.0,tier_b,B-06-04,124,basin,on,cv
model,overtaking,9.403333139407776,1.8835367064658048,-6.754171342172503,,,,goal,False,False,113,-64.97978267385282,-66.2497029679868,25,1,50,0,3,4.117475852455573,0.1077029630934276,12.464214716563257,0.0,0.1030877447536735,0.3396464230619292,0.5456679293901094,2.9037951167130407,0.5870037494359062,0,,False,overtaking,81,0.0,False,0.0,tier_b,B-06-05,125,basin,on,cv
model,overtaking,9.312453564977488,0.466128049541149,-7.085673200637763,,,,goal,False,False,124,-371.6613318816805,-105.98543045062708,50,6,1,0,2,19.6968118655282,1.2912586061532654,0.2151493514867903,0.0,0.2948030793364594,0.3276253381219423,0.6966490242135047,2.3930470361761147,2.477107688510332,3,"8(e) in extremis: overtaking, compliant alteration inadmissible (DCPA 1.97 m, TCPA 3.4 s) | 8(e) in extremis: overtaking, compliant alteration inadmissible (DCPA 2.36 m, TCPA 0.3 s) | 8(e) in extremis: overtaking, compliant alteration inadmissible (DCPA 2.30 m, TCPA 0.6 s)",False,overtaking,61,0.0,False,0.0,tier_b,B-06-06,126,basin,on,cv
model,overtaking,9.200000666897902,0.5433941009058441,-8.662780220701272,,,,goal,False,False,75,-40.14649481043942,-115.91632140185584,53,20,0,0,3,20.67389650619173,2.495865060628679,0.0,0.0,0.272444810243284,0.5661683917127645,0.7180904591179555,2.1560300804860844,2.460664673626654,0,,False,overtaking,69,0.0,False,0.0,tier_b,B-06-07,127,basin,on,cv
model,overtaking,9.220235851911836,0.3446039038499784,8.41519054387767,,,,goal,False,False,105,13.869610933322662,-25.461869930188406,23,0,18,0,0,1.695041884368066,0.0,4.742059056268466,0.0,0.0,0.3582676819131872,0.5430867946364094,3.523157657072544,0.3311580479834147,0,,False,overtaking,65,0.0,False,0.0,tier_b,B-06-08,128,basin,on,cv
model,overtaking,9.227401620536057,1.7604500606651974,6.019718404961015,,,,collision:boundary,True,False,100,-637.5893903743853,-125.7320807254088,47,6,2,0,25,22.177787719022472,0.389976056718104,0.35500478139557,0.0,2.831918404993097,0.517545003845677,0.6589605670209613,2.260318080129598,2.619758023158558,0,,False,overtaking,70,0.0,False,0.0,tier_b,B-06-09,129,basin,on,cv
model,overtaking,9.288292197368149,0.244835954932981,6.581433309724179,,,,goal,False,False,72,-1.6523337332658343,-84.54752310201388,38,1,1,0,1,16.876368626804712,0.0124976824046364,0.2608371825436422,0.0,0.0019157809489989,0.5672082135934031,0.6861836504801574,3.008069288265024,2.212524838547423,0,,False,overtaking,57,0.0,False,0.0,tier_b,B-06-10,130,basin,on,cv
model,overtaking,9.4714229725623,0.30574369011869,-7.374418842022461,,,,goal,False,False,68,17.86091431041484,-70.61808980949914,41,6,0,0,1,13.830659065324438,0.3912462886414822,0.0,0.0,0.0488129571928588,0.6020301387359293,0.6796972976729306,2.9316969370736685,2.253665631267681,0,,False,overtaking,62,0.0,False,0.0,tier_b,B-06-11,131,basin,on,cv
model,overtaking,9.43892060411972,1.5253415474808054,-1.7605355360611323,,,,goal,False,False,126,-75.3097704524278,-35.17705586311294,14,1,36,0,0,0.5293703073153468,0.0066781887911461,9.03433772427383,0.0,0.0,0.3094295098109004,0.5427664506226428,3.731558627844143,0.4463775735452449,0,,False,overtaking,75,0.0,False,0.0,tier_b,B-06-12,132,basin,on,cv
model,overtaking,9.356925374869007,0.945243983198403,-3.711880853278407,,,,goal,False,False,103,-125.50322257068254,-75.93804482428773,30,20,0,0,11,12.159213354877531,2.6333335719502817,0.0,0.0,0.6033194525533423,0.3882301733382747,0.6943510499270787,2.053608269232891,1.8595503700594345,2,"8(e) in extremis: overtaking, compliant alteration inadmissible (DCPA 1.94 m, TCPA 3.0 s) | 8(e) in extremis: overtaking, compliant alteration inadmissible (DCPA 1.58 m, TCPA 3.4 s)",False,overtaking,44,0.0,False,0.0,tier_b,B-06-13,133,basin,on,cv
model,overtaking,9.201705291610567,0.0481633001633654,6.838357024498219,,,,goal,False,False,113,-34.92971964892449,-27.93517503677527,16,0,35,0,0,0.489961898288132,0.0,7.086073233402506,0.0,0.0,0.3351731527403926,0.5433352758823378,3.584168669818759,0.676191251030039,0,,False,overtaking,79,0.0,False,0.0,tier_b,B-06-14,134,basin,on,cv
model,overtaking,9.200315756528903,1.098197584734694,3.3987834475205663,,,,goal,False,False,64,-15.148932353094168,-104.07230132402093,38,2,0,0,4,20.88338013269257,0.0080382412362894,0.0,0.0,0.1466178606828928,0.5984799007061817,0.7062431408004417,2.808784400135073,1.4252592937660973,0,,False,overtaking,47,0.0,False,0.0,tier_b,B-06-15,135,basin,on,cv
model,overtaking,9.209977053368092,0.4648958433520493,5.615825607046434,,,,goal,False,False,67,53.13693284100097,-40.44250127359557,25,0,2,0,1,7.679099424735344,0.0,0.5129463164698729,0.0,0.1298560848586806,0.587405397330461,0.6807968933425778,3.5041282284394515,2.0578374258399146,0,,False,overtaking,45,0.0,False,0.0,tier_b,B-06-16,136,basin,on,cv
model,overtaking,9.293443319164194,0.7501591541669446,3.6811135241780217,,,,goal,False,False,77,-95.0897060206134,-113.38041408561872,56,11,0,0,3,19.67026496291523,3.2837049714187168,0.0,0.0,0.02617929720229,0.511422162258566,0.7186747909358464,2.174308243766006,1.8982804754074196,1,"8(e) in extremis: overtaking, compliant alteration inadmissible (DCPA 2.49 m, TCPA 1.8 s)",False,overtaking,67,0.0,False,0.0,tier_b,B-06-17,137,basin,on,cv
model,overtaking,9.261088593327411,0.3967794023411553,0.942094834672746,,,,goal,False,False,65,30.23016965867791,-62.302492006564016,26,0,0,0,1,12.502168558772771,0.0,0.0,0.0,0.0926128090308406,0.6237894008279455,0.6989236628086944,3.1087998704418043,2.0022011600043403,0,,False,overtaking,43,0.0,False,0.0,tier_b,B-06-18,138,basin,on,cv
model,overtaking,9.226408642497487,1.4114137494770642,-6.5337083014531245,,,,goal,False,False,64,95.35342739910097,-10.348295843187566,27,0,0,0,0,2.0905648168055686,0.0,0.0,0.0,0.0,0.6123421910601126,0.7025660689772921,4.1544985343277805,1.881759048236418,0,,False,overtaking,36,0.0,False,0.0,tier_b,B-06-19,139,basin,on,cv
model,overtaking,9.237318635066163,0.6955108624999942,8.502895358359591,,,,collision:boundary,True,False,129,-631.3612922530435,-60.19880681181432,32,2,12,0,11,8.831312166644244,0.0971433402064733,3.135075439832812,0.0,1.0481512154455903,0.3508013661587955,0.5654509758103452,2.317926367987062,1.6814920504553037,1,"8(e) in extremis: overtaking, compliant alteration inadmissible (DCPA 1.95 m, TCPA 3.7 s)",False,overtaking,81,0.0,False,0.0,tier_b,B-07-00,140,basin,on,re
model,overtaking,9.20862851148156,1.8700119096817152,-7.244673280696084,,,,goal,False,False,59,112.08418740824632,0.0,0,0,0,0,0,0.0,0.0,0.0,0.0,0.0,0.6658119816861661,0.7442572083053941,4.076895336748519,1.8111788214698576,0,,False,never,0,0.0,False,0.0,tier_b,B-07-01,141,basin,on,re
model,overtaking,9.202335923999566,0.3265016702521537,4.755399329358097,,,,goal,False,False,69,-34.36928959632438,-115.52830433778465,45,0,0,0,1,23.23994116560324,0.0,0.0,0.0,0.1090212373441529,0.6084035773800478,0.7015619122350393,3.620487372535988,2.675418950227592,0,,False,overtaking,59,0.0,False,0.0,tier_b,B-07-02,142,basin,on,re
model,overtaking,9.293015255899276,0.9710119403809374,-4.649419898074171,,,,goal,False,False,123,-418.1682882611968,-66.5323571613443,46,2,7,0,9,12.397539517369736,0.0115551358712525,0.6605439725342102,0.0,0.6065289614840514,0.3624283471089387,0.7025850412237804,2.395161475264669,2.9720489903908422,2,"8(e) in extremis: overtaking, compliant alteration inadmissible (DCPA 2.14 m, TCPA 1.7 s) | 8(e) in extremis: overtaking, compliant alteration inadmissible (DCPA 2.32 m, TCPA 3.3 s)",False,overtaking,66,0.0,False,0.0,tier_b,B-07-03,143,basin,on,re
model,overtaking,9.283208573028874,0.590858996109658,2.166140678298074,,,,goal,False,False,97,-86.25406544490494,-129.01340862594526,39,12,19,0,16,18.15343661407929,2.536073132880887,3.98449871975882,0.0,3.334856119853999,0.4681414558720844,0.6480939107131403,1.8173667022459137,1.759399970103493,0,,False,overtaking,82,0.0,False,0.0,tier_b,B-07-04,144,basin,on,re
model,overtaking,9.220721747140464,1.4440943071107697,-3.2381786297647537,,,,goal,False,False,64,22.91115586325417,-73.90368965935771,42,0,0,0,0,14.93003831502176,0.0,0.0,0.0,0.0,0.6132281309230183,0.6772781270964207,4.2349548363925065,2.258383443880022,0,,False,overtaking,54,0.0,False,0.0,tier_b,B-07-05,145,basin,on,re
model,overtaking,9.235301134425187,0.4786878619338552,-2.242403672861313,,,,goal,False,False,69,42.05787059677303,-44.33517644495885,27,2,0,0,10,8.35100192180699,0.0058083330681102,0.0,0.0,0.659770151850466,0.5773582303624331,0.6679159325813484,2.611478218445525,2.1102931076835545,0,,False,overtaking,48,0.0,False,0.0,tier_b,B-07-06,146,basin,on,re
model,overtaking,9.210772885835906,1.118854926084452,-9.379588430721498,,,,goal,False,False,99,-22.368917918390903,-76.24600251100254,26,1,59,0,1,3.9882249824659217,0.1075416852732909,15.428387270712731,0.0,0.0955029624728015,0.384401817513697,0.7610362889442249,2.4706534126042565,0.2175826449784613,0,,False,overtaking,72,0.0,False,0.0,tier_b,B-07-07,147,basin,on,re
model,overtaking,9.201297608530824,0.948580564783577,4.66416800103744,,,,goal,False,False,63,23.57069059746607,-67.94145421734756,37,0,0,0,1,13.685792909267484,0.0,0.0,0.0,0.0437287369941173,0.6338458180796388,0.7462525370397379,3.8051219577397912,2.3666737875419326,0,,False,overtaking,51,0.0,False,0.0,tier_b,B-07-08,148,basin,on,re
model,overtaking,9.314342443114086,1.3343859203914925,6.76369823927924,,,,goal,False,False,118,-140.71909150587464,-127.70347309008034,69,2,28,0,0,21.0119621670702,0.2088329553557797,6.294593676131041,0.0,0.0,0.3213686648779905,0.5595323258637418,4.304423618283994,0.3158607810074574,0,,False,overtaking,82,0.0,False,0.0,tier_b,B-07-09,149,basin,on,re
model,overtaking,9.315117655309152,0.6673426336536532,4.539541054003408,,,,goal,False,False,67,60.96598434768143,-29.926360547176905,19,0,0,0,0,6.04572940347008,0.0,0.0,0.0,0.0,0.5931842556009442,0.6847631957007613,3.573008416076236,2.038180145784351,0,,False,overtaking,36,0.0,False,0.0,tier_b,B-07-10,150,basin,on,re
model,overtaking,9.22853476359556,0.7949817246542223,5.362336825936062,,,,goal,False,False,65,32.17813039897554,-62.08716785627461,33,0,0,0,1,12.412843428525983,0.0,0.0,0.0,0.1430206411268753,0.6084642113449632,0.7000132376993863,3.387515180760718,2.24501558029227,0,,False,overtaking,45,0.0,False,0.0,tier_b,B-07-11,151,basin,on,re
model,overtaking,9.20887238342961,1.5936706563985252,7.086398227872522,,,,goal,False,False,64,83.08843446650424,-8.513322993539656,28,0,0,0,0,1.7198632310181126,0.0,0.0,0.0,0.0,0.6196114868142342,0.7218040415668738,4.560155902521648,2.294364780766068,0,,False,overtaking,36,0.0,False,0.0,tier_b,B-07-12,152,basin,on,re
model,overtaking,9.216839652941829,1.6016624116391511,5.262289951952228,,,,goal,False,False,95,-132.48282825103632,-160.90093696483993,51,13,14,0,22,25.17059867678628,1.1159999962804503,3.8397490907982768,0.0,3.7687059569524113,0.4718417601496724,0.63748023084097,2.303927779157591,2.281995314994055,0,,False,overtaking,82,0.0,False,0.0,tier_b,B-07-13,153,basin,on,re
model,overtaking,9.255519260104249,0.352987554375868,3.157311854169309,,,,goal,False,False,65,23.56549525432929,-63.97133031976508,40,0,0,0,1,12.878842683990396,0.0,0.0,0.0,0.0491242297805796,0.6307931231192297,0.7609500692357664,3.3771954014764787,2.409258654994629,0,,False,overtaking,52,0.0,False,0.0,tier_b,B-07-14,154,basin,on,re
model,overtaking,9.215509090809306,1.7752520106799483,3.50927978990223,,,,goal,False,False,119,-152.15727075496025,-132.44370564526028,76,2,38,0,2,19.776235450973918,0.1671804042833805,9.179672407095744,0.0,0.15043922137599,0.3161042019920393,0.557007010575488,3.529376797370516,0.4133467765277573,0,,False,overtaking,87,0.0,False,0.0,tier_b,B-07-15,155,basin,on,re
model,overtaking,9.291005947685234,0.120634886264868,-1.313765613830494,,,,goal,False,False,68,67.26039505448843,-23.54218849761559,17,0,0,0,2,4.717794063703373,0.0,0.0,0.0,0.0420239738408652,0.5834404713807019,0.6470298977378379,2.8624325183339665,2.0380560870854394,0,,False,overtaking,36,0.0,False,0.0,tier_b,B-07-16,156,basin,on,re
model,overtaking,9.205389690325374,0.4588894555135605,6.666781674074301,,,,goal,False,False,68,-10.327023576399611,-86.69522448698984,28,0,2,0,1,17.288435411805228,0.0,0.297722932760243,0.0,0.0101481423593451,0.5844760200218925,0.692982871170991,3.9725562964496497,2.450212634589327,0,,False,overtaking,41,0.0,False,0.0,tier_b,B-07-17,157,basin,on,re
model,overtaking,9.2228486192688,0.6437987319681227,-3.4629356248216165,,,,goal,False,False,64,23.92586450296692,-65.5567627387693,36,0,0,0,1,13.221732904232676,0.0,0.0,0.0,0.0242633028483432,0.6208286840808613,0.7580140418425999,3.7742067441551153,2.3756579306144325,0,,False,overtaking,49,0.0,False,0.0,tier_b,B-07-18,158,basin,on,re
model,overtaking,9.225994588178112,1.4726543869922135,2.14369871642881,,,,goal,False,False,123,-39.233968625038926,-42.72068280857879,22,1,37,0,3,0.7957671875470155,0.0073118982267724,10.52464780395761,0.0,0.1903798310558102,0.3089353778418911,0.5429499118034787,2.888926940427236,0.1777638885100573,0,,False,overtaking,97,0.0,False,0.0,tier_b,B-07-19,159,basin,on,re
model,overtaking,9.202826174856394,1.8658931692162015,-1.4134208463222802,,,,goal,False,False,65,103.22048407643734,-0.4700349174061953,8,0,0,0,0,0.0949565489709485,0.0,0.0,0.0,0.0,0.6065305052930405,0.6946677160357079,4.741765150755874,2.098698363017654,0,,False,overtaking,15,0.0,False,0.0,tier_b,B-08-00,160,basin,on,nc
model,overtaking,9.223586837236766,0.4852630859566313,7.947943010148403,,,,goal,False,False,69,48.032317407028906,-35.687424987776275,20,0,0,0,2,7.038772692247732,0.0,0.0,0.0,0.187888924700002,0.580625879272515,0.693406062257002,3.856541881283551,2.3752403244184443,0,,False,overtaking,34,0.0,False,0.0,tier_b,B-08-01,161,basin,on,nc
model,overtaking,9.324634189278775,1.521213226634342,-0.1016153356693223,,,,goal,False,False,67,91.01542338060186,-6.922185533750718,14,0,0,0,1,1.37805771249374,0.0,0.0,0.0,0.0223999682014902,0.6045445412484161,0.7078681237419182,4.497812467939935,2.141401267693902,0,,False,overtaking,25,0.0,False,0.0,tier_b,B-08-02,162,basin,on,nc
model,overtaking,9.201445899888215,1.1211468026239688,-5.499755077898718,,,,goal,False,False,64,46.80257384536901,-44.181701833546576,45,0,0,0,0,8.92559633000941,0.0,0.0,0.0,0.0,0.6341009657993021,0.7050442207384385,3.9134784473527966,2.481221649769031,0,,False,overtaking,55,0.0,False,0.0,tier_b,B-08-03,163,basin,on,nc
model,overtaking,9.21773170156655,1.7859137701757974,-4.391160300370627,,,,goal,False,False,96,7.798903029696078,-71.30727580327202,36,4,47,0,7,4.105286482722083,0.3500330155611408,12.682234159966088,0.0,0.7994225135315844,0.3930720774748679,0.7700471745529415,2.109743029363396,0.2058448143311921,0,,False,overtaking,79,0.0,False,0.0,tier_b,B-08-04,164,basin,on,nc
model,overtaking,9.224828604838036,1.0279798656456742,-1.0573866499295388,,,,goal,False,False,111,-49.46733380140097,-66.8913151762671,26,4,62,0,1,2.7137240948760075,0.21625370096333,14.527752785680253,0.0,0.0195589018696626,0.3443673453418316,0.5460796892694458,2.602306389614573,0.3031368217997775,0,,False,overtaking,89,0.0,False,0.0,tier_b,B-08-05,165,basin,on,nc
model,overtaking,9.207283694138823,0.0211592045885906,-7.334374927666074,,,,goal,False,False,67,20.40912105216749,-68.46523988088121,43,0,0,0,1,13.814428695731747,0.0,0.0,0.0,0.0186261860020165,0.6222348220036726,0.7265468441332352,3.206525955305935,2.43731846403329,0,,False,overtaking,61,0.0,False,0.0,tier_b,B-08-06,166,basin,on,nc
model,overtaking,9.249749621825773,0.3985333505421971,-6.131124078940598,,,,goal,False,False,66,13.592837903469686,-72.86269951045968,43,12,0,0,7,14.214912893419514,0.1855255771571855,0.0,0.0,0.351228684690002,0.620798625173227,0.7739720266885426,2.655191626781636,2.418521762122869,0,,False,overtaking,56,0.0,False,0.0,tier_b,B-08-07,167,basin,on,nc
model,overtaking,9.436169496045949,0.7878924456258161,7.165970628024571,,,,goal,False,False,130,-89.01402083195289,-64.55045988323702,32,0,35,0,7,5.56864280023686,0.0,9.585509957282383,0.0,0.550631594632882,0.3009847073546419,0.5462329820921766,2.486968189737883,0.3771255671829486,0,,False,overtaking,87,0.0,False,0.0,tier_b,B-08-08,168,basin,on,nc
model,overtaking,9.229515026318891,1.040478185072131,-5.885302635044216,,,,goal,False,False,64,59.64769507414204,-36.608098217188406,38,0,0,0,0,7.395575397411799,0.0,0.0,0.0,0.0,0.6129898769326768,0.7030987954269793,3.0717299617429843,1.5762900074945858,0,,False,overtaking,50,0.0,False,0.0,tier_b,B-08-09,169,basin,on,nc
model,overtaking,9.370275779233848,0.4992216841537722,-2.8798086621817927,,,,goal,False,False,99,-241.87526879217347,-194.93205163392648,69,7,0,0,0,36.57662529574543,2.907326202307833,0.0,0.0,0.0,0.4086993869938236,0.7455269986368731,1.9916736409829772,2.266679121813273,2,"8(e) in extremis: overtaking, compliant alteration inadmissible (DCPA 2.49 m, TCPA 4.3 s) | 8(e) in extremis: overtaking, compliant alteration inadmissible (DCPA 1.84 m, TCPA 4.8 s)",False,overtaking,81,0.0,False,0.0,tier_b,B-08-10,170,basin,on,nc
model,overtaking,9.200440778044294,0.5375469357908986,2.9879215617206167,,,,collision:target,True,True,139,-683.7749157167933,-85.11843035110778,45,5,27,0,5,10.956012265651152,0.9522583421908546,6.153253446837237,0.0,0.8935063185946246,0.3267297674364732,0.5421459002173535,1.7328794665264606,1.5037270422283344,1,"8(e) in extremis: overtaking, compliant alteration inadmissible (DCPA 1.46 m, TCPA 3.7 s)",True,overtaking,92,0.0,False,0.0,tier_b,B-08-11,171,basin,on,nc
model,overtaking,9.309395668763356,0.265542389110653,9.88770235233514,,,,goal,False,False,88,48.887915441228415,-19.78278613591752,6,1,18,0,0,1.0494990171204974,0.0892988398151932,3.929371317801626,0.0,0.0,0.4797040706019515,0.6757922895642221,3.0951784135289238,1.5114971331632572,0,,False,overtaking,52,0.0,False,0.0,tier_b,B-08-12,172,basin,on,nc
model,overtaking,9.204875415860784,1.1272047415291218,-5.371385987906487,,,,goal,False,False,64,64.9652006447678,-25.62416075308154,40,0,0,0,0,5.176598131935665,0.0,0.0,0.0,0.0,0.6139370269774023,0.7078909207581727,3.1676346540191047,1.9057564784160668,0,,False,overtaking,59,0.0,False,0.0,tier_b,B-08-13,173,basin,on,nc
model,overtaking,9.201383075582118,0.1859423402514624,-7.648081300261262,,,,collision:target,True,True,82,-488.9500069558727,-68.61635445134745,31,8,1,0,15,10.136127952473652,0.8622028109271136,0.0859333900746748,0.0,3.08116821516551,0.45180449230599,0.6162457492922919,0.9944443770069346,1.9737341503840895,1,"8(e) in extremis: overtaking, compliant alteration inadmissible (DCPA 1.82 m, TCPA 4.8 s)",True,overtaking,52,0.0,False,0.0,tier_b,B-08-14,174,basin,on,nc
model,overtaking,9.20065040950496,0.4507784176862255,-3.998535066635336,,,,goal,False,False,69,-38.54373634219516,-123.19436792895144,45,16,0,0,3,24.139148172720343,0.5253353101873677,0.0,0.0,0.2455943752351667,0.6103728295199456,0.7215005891738661,2.620279389308568,2.5751826311665456,0,,False,overtaking,64,0.0,False,0.0,tier_b,B-08-15,175,basin,on,nc
model,overtaking,9.3291056655864,0.4013688241290278,-2.6412169799750984,,,,goal,False,False,67,50.643921702417074,-38.85067807872976,21,0,0,0,1,7.803296724305494,0.0,0.0,0.0,0.0498576207594584,0.5976226238111396,0.6686747809090796,3.3622740413698766,2.0639866271437954,0,,False,overtaking,39,0.0,False,0.0,tier_b,B-08-16,176,basin,on,nc
model,overtaking,9.231064088505306,1.2645939764148455,-6.299085950554712,,,,goal,False,False,64,76.03504118128001,-26.42660640763155,37,0,0,0,0,5.338708365178087,0.0,0.0,0.0,0.0,0.6101717223297912,0.7199030541333767,3.1849580757949423,1.399288530450512,0,,False,overtaking,41,0.0,False,0.0,tier_b,B-08-17,177,basin,on,nc
model,overtaking,9.31855498079544,1.3210319582406749,-1.6894524809757634,,,,goal,False,False,65,62.12371717014993,-32.42785270342099,28,0,0,0,0,6.551081354226464,0.0,0.0,0.0,0.0,0.6065050080787447,0.6966091695730564,3.8639290141688143,1.7928192779042385,0,,False,overtaking,45,0.0,False,0.0,tier_b,B-08-18,178,basin,on,nc
model,overtaking,9.229882434629188,1.089446271626464,3.540682633184913,,,,goal,False,False,77,-14.306131389370805,-18.32182022438841,30,0,0,0,0,3.70137782310877,0.0,0.0,0.0,0.0,0.5352209589422307,0.6565135245071126,3.5780283076303245,2.1306304343648472,0,,False,overtaking,54,0.0,False,0.0,tier_b,B-08-19,179,basin,on,nc
model,being_overtaken,9.273493236199498,1.8624143719013235,-8.902097191092933,,False,,goal,False,False,49,88.57764648143441,-21.615935199989973,0,0,0,16,0,0.0,0.0,0.0,5.337267950614809,0.0,0.5412086822387766,0.6931148589083421,3.3151383544685,1.4720718570331748,0,,False,being_overtaken,16,0.0,False,0.0,tier_b,B-09-00,180,basin,on,cv
model,being_overtaken,9.217607022899784,1.5906365392492274,6.189092943004855,,False,,goal,False,False,53,77.7242167589317,-25.22874940894655,0,0,0,5,0,0.0,0.0,0.0,6.229320841715197,0.0,0.4538046262974833,0.6915908548486489,1.3003379878425734,0.6360192736447202,0,,False,being_overtaken,16,0.0,False,0.0,tier_b,B-09-01,181,basin,on,cv
model,being_overtaken,9.255587351263731,1.1613891645434418,-0.8352424648167727,,False,,goal,False,False,46,92.38879011908791,-28.21432056695336,0,0,0,10,0,0.0,0.0,0.0,6.966498905420582,0.0,0.5243644217966335,0.6454950489467146,2.084428346570113,0.959104323921949,0,,False,being_overtaken,19,0.0,False,0.0,tier_b,B-09-02,182,basin,on,cv
model,being_overtaken,9.250348763135506,1.7977552113536803,-3.5475180180360333,,False,,goal,False,False,43,86.7360313037715,-43.83135797817931,0,0,0,14,0,0.0,0.0,0.0,10.822557525476372,0.0,0.5639667029908007,0.7337735281781148,1.939918947222509,0.236375410286644,0,,False,being_overtaken,27,0.0,False,0.0,tier_b,B-09-03,183,basin,on,cv
model,being_overtaken,9.22795648132154,1.9941677015431467,-2.3648618685453577,,False,,goal,False,False,44,109.1497236142741,-19.16946765962348,0,0,0,17,0,0.0,0.0,0.0,4.733201891265056,0.0,0.5545351292052707,0.6794960259508348,2.829895529997479,0.7571949754876618,0,,False,being_overtaken,19,0.0,False,0.0,tier_b,B-09-04,184,basin,on,cv
model,being_overtaken,9.205422207041057,1.6404072407823604,-0.7485242194691732,,False,,goal,False,False,43,119.86565639910388,-17.804222861171766,0,0,0,13,0,0.0,0.0,0.0,4.396104410165868,0.0,0.5587841388640501,0.6652988280493142,2.061017799136477,0.3907352049091918,0,,False,being_overtaken,23,0.0,False,0.0,tier_b,B-09-05,185,basin,on,cv
model,being_overtaken,9.231188874487817,1.340368245862548,4.823936508557827,,False,,goal,False,False,46,105.87188720502668,-22.684235609949678,0,0,0,10,0,0.0,0.0,0.0,5.6010458296172025,0.0,0.5242979565516042,0.6622845164654312,1.278764517196612,0.3180537775458545,0,,False,being_overtaken,21,0.0,False,0.0,tier_b,B-09-06,186,basin,on,cv
model,being_overtaken,9.306570037248152,1.9931677532460887,-8.148925558501691,,False,,goal,False,False,53,95.44656902312671,-24.974476233764985,0,0,0,18,0,0.0,0.0,0.0,6.166537341670366,0.0,0.5094406241306396,0.651382149204564,3.179830318997089,1.1344409819098895,0,,False,being_overtaken,19,0.0,False,0.0,tier_b,B-09-07,187,basin,on,cv
model,being_overtaken,9.31876586064638,1.8721708685827283,-2.6070181173307727,,False,,goal,False,False,44,76.1565115515793,-56.41235497304454,0,0,0,14,0,0.0,0.0,0.0,13.928976536554208,0.0,0.5558077415134083,0.7450284690411155,2.044411030263322,0.1923511177706054,0,,False,being_overtaken,26,0.0,False,0.0,tier_b,B-09-08,188,basin,on,cv
model,being_overtaken,9.249443229558986,1.921760822222618,-7.380586831028621,,False,,goal,False,False,53,-7.971864656290506,-3.0420607528407944,0,0,0,4,0,0.0,0.0,0.0,0.7511261118125417,0.0,0.4721559019624624,0.6732608745448382,2.3840320662452794,1.1557864100068094,0,,False,being_overtaken,15,0.0,False,0.0,tier_b,B-09-09,189,basin,on,cv
model,being_overtaken,9.203184269661492,1.843844839977306,-0.9619646850153014,,False,,goal,False,False,42,108.40047254109062,-28.014769894886964,0,0,0,18,0,0.0,0.0,0.0,6.917227134539991,0.0,0.5817974093711153,0.7263250321307835,2.3008100753835024,0.3467746901852999,0,,False,being_overtaken,28,0.0,False,0.0,tier_b,B-09-10,190,basin,on,cv
model,being_overtaken,9.25307424643198,1.1108330766827543,1.607400018626592,,False,,goal,False,False,45,106.43332928977992,-24.4035469205414,0,0,0,12,0,0.0,0.0,0.0,6.025567140874421,0.0,0.5416605964053103,0.6584035288542095,1.479165700631217,0.5157281857976453,0,,False,being_overtaken,24,0.0,False,0.0,tier_b,B-09-11,191,basin,on,cv
model,being_overtaken,9.235632032674806,1.848583916571433,-0.2425773065007757,,False,,goal,False,False,44,104.0096184076989,-23.92947868942455,0,0,0,12,0,0.0,0.0,0.0,6.098987493598727,0.0,0.5586346545760861,0.7602291756456147,2.0972058122381667,0.1879266116366037,0,,False,being_overtaken,25,0.0,False,0.0,tier_b,B-09-12,192,basin,on,cv
model,being_overtaken,9.200223992512749,1.880247196049088,4.851620794650593,,False,,goal,False,False,45,106.6523758868562,-23.49115360552845,0,0,0,8,0,0.0,0.0,0.0,5.800284840871221,0.0,0.5493674839406857,0.6929634017245945,1.9864187442139187,0.2827884509550749,0,,False,being_overtaken,18,0.0,False,0.0,tier_b,B-09-13,193,basin,on,cv
model,being_overtaken,9.226481771773116,1.5840743156666974,3.9745590510219593,,False,,goal,False,False,50,-33.16274346802845,-11.810687929480103,0,0,0,4,0,0.0,0.0,0.0,2.9162192418469397,0.0,0.5082378857340116,0.6689874120559632,1.826480192370955,1.5600946418449364,0,,False,being_overtaken,11,0.0,False,0.0,tier_b,B-09-14,194,basin,on,cv
model,being_overtaken,9.24882857954596,1.471695882073571,5.848713078592571,,False,,goal,False,False,49,109.4158870174622,-9.54770344016698,0,0,0,8,0,0.0,0.0,0.0,2.357457639547402,0.0,0.5043525843398943,0.7412809005955223,1.9074010745870125,0.2380628902493962,0,,False,being_overtaken,17,0.0,False,0.0,tier_b,B-09-15,195,basin,on,cv
model,being_overtaken,9.2000557627246,1.3115357577179512,-3.336619991866976,,False,,goal,False,False,45,113.03871587194205,-16.554579887449037,0,0,0,11,0,0.0,0.0,0.0,4.087550589493589,0.0,0.5384475708165104,0.6728883885624419,1.800332588740323,0.5428811693336927,0,,False,being_overtaken,21,0.0,False,0.0,tier_b,B-09-16,196,basin,on,cv
model,being_overtaken,9.206193309648413,1.6399952535113682,-8.767670035024747,,False,,collision:target,True,True,14,-310.8399432435413,-16.58017799942507,0,0,0,5,0,0.0,0.0,0.0,4.093871110969153,0.0,0.4871724766498982,0.6553638175443566,1.7631552588200283,0.2754653215717981,0,,False,being_overtaken,13,0.0,False,0.0,tier_b,B-09-17,197,basin,on,cv
model,being_overtaken,9.212969204739892,1.89761480211908,5.806877306962388,,False,,goal,False,False,44,115.8459388103494,-16.965324776628016,0,0,0,10,0,0.0,0.0,0.0,4.188969080648892,0.0,0.5480970318985997,0.6512056258711366,2.4818887095721123,0.7141065728503272,0,,False,being_overtaken,16,0.0,False,0.0,tier_b,B-09-18,198,basin,on,cv
model,being_overtaken,9.241544285848647,1.3128118964065598,-3.848274730984212,,False,,goal,False,False,44,95.4985906398021,-26.193874207237627,0,0,0,8,0,0.0,0.0,0.0,6.467623261046328,0.0,0.5492342789342849,0.7894441530651067,1.1890733853897542,0.1586899397644577,0,,False,being_overtaken,18,0.0,False,0.0,tier_b,B-09-19,199,basin,on,cv
model,being_overtaken,9.299183658994504,1.773151827696595,-1.6900412891160776,,False,,goal,False,False,45,10.401121105971384,-23.47883229633563,1,0,0,8,1,0.8083637826016763,0.0,0.0,4.550731288331119,0.2326599677147337,0.5802883336818856,0.7653779790469547,1.5499607335780543,0.6901841906418099,0,,False,being_overtaken,11,0.0,False,0.0,tier_b,B-10-00,200,basin,on,re
model,being_overtaken,9.208428406002527,1.8002544236295193,-7.975902988781078,,False,,goal,False,False,45,118.05509053985696,-13.964138842633483,0,0,0,12,0,0.0,0.0,0.0,3.4479355166996246,0.0,0.5372413361339504,0.6696156787844223,2.2024939075153904,0.4283861265351279,0,,False,being_overtaken,20,0.0,False,0.0,tier_b,B-10-01,201,basin,on,re
model,being_overtaken,9.200097472568554,1.7443342445294665,9.875833022670356,,False,,collision:obstacle,True,False,8,-357.5024809197773,-26.46584704153116,0,0,0,7,0,0.0,0.0,0.0,6.534777047291643,0.0,0.4562864723033757,0.5462533743801264,4.1210478083829285,0.0962577570016553,0,,False,being_overtaken,7,0.0,False,0.0,tier_b,B-10-02,202,basin,on,re
model,being_overtaken,9.302207649734385,1.777266012011609,-9.931571327253923,,False,,goal,False,False,44,96.50119386503869,-36.38564361663454,0,0,0,12,0,0.0,0.0,0.0,8.984109534971493,0.0,0.5655872658936691,0.7313823846330552,1.5970684484306197,0.1611296056265271,0,,False,being_overtaken,23,0.0,False,0.0,tier_b,B-10-03,203,basin,on,re
model,being_overtaken,9.444761284079842,1.3087089012898343,4.681091863494736,,False,,goal,False,False,49,90.51027852625786,-30.860888313306678,0,0,0,9,0,0.0,0.0,0.0,7.619972423038685,0.0,0.5226093566026958,0.6759037309341501,1.444122462421831,0.2592214032114451,0,,False,being_overtaken,21,0.0,False,0.0,tier_b,B-10-04,204,basin,on,re
model,being_overtaken,9.214925193316624,1.1701787995312545,-1.3084080958413722,,False,,goal,False,False,46,93.98669517092353,-25.578503058846383,0,0,0,7,0,0.0,0.0,0.0,6.315679767616391,0.0,0.5234710933174388,0.6644889023106845,1.994586103784708,1.0167536826688548,0,,False,being_overtaken,18,0.0,False,0.0,tier_b,B-10-05,205,basin,on,re
model,being_overtaken,9.345445770673976,1.4379363850772926,4.981252912227472,,False,,goal,False,False,51,84.6999791561916,-27.887099421297957,0,0,0,9,0,0.0,0.0,0.0,6.88570356081431,0.0,0.4961913332914365,0.7151697060047879,1.592672238656642,0.3271391154495081,0,,False,being_overtaken,17,0.0,False,0.0,tier_b,B-10-06,206,basin,on,re
model,being_overtaken,9.322783768923756,1.5358173143953695,3.367055013572058,,False,,goal,False,False,44,107.14093093743426,-24.164830729467617,0,0,0,12,0,0.0,0.0,0.0,5.966624871473485,0.0,0.5573206796468096,0.6399318724877602,2.270276674674754,0.7565086903318305,0,,False,being_overtaken,21,0.0,False,0.0,tier_b,B-10-07,207,basin,on,re
model,being_overtaken,9.201314005451428,1.9971843329164896,9.00989998728025,,False,,goal,False,False,45,123.91741697392702,-12.878053033464564,0,0,0,10,0,0.0,0.0,0.0,3.179766181102362,0.0,0.5374280443294384,0.6475130751431412,1.981113066399484,0.2036501459652386,0,,False,being_overtaken,21,0.0,False,0.0,tier_b,B-10-08,208,basin,on,re
model,being_overtaken,9.20072806159274,1.54947173218287,4.609127711992633,,False,,goal,False,False,46,102.02964151002654,-23.697940804841693,0,0,0,9,0,0.0,0.0,0.0,5.851343408602887,0.0,0.5291014625491974,0.7321584691955715,1.82211370716402,0.1744582563166744,0,,False,being_overtaken,21,0.0,False,0.0,tier_b,B-10-09,209,basin,on,re
model,being_overtaken,9.21645897876405,1.9690709051734865,1.176519119898927,,False,,goal,False,False,43,121.57033861518865,-15.638399300191995,0,0,0,12,0,0.0,0.0,0.0,3.8613331605412338,0.0,0.5563101702020908,0.6396545348598772,2.44002943911348,0.4666521957391468,0,,False,being_overtaken,24,0.0,False,0.0,tier_b,B-10-10,210,basin,on,re
model,being_overtaken,9.30620762191582,1.954788173821367,9.561566394234376,,False,,collision:target,True,True,17,-434.5138562882516,-26.066166208278997,0,0,0,8,0,0.0,0.0,0.0,6.4360904217972825,0.0,0.4615214218213995,0.5434333027665391,1.7295945763854903,0.2902951309967511,0,,False,being_overtaken,16,0.0,False,0.0,tier_b,B-10-11,211,basin,on,re
model,being_overtaken,9.201269707763345,1.7772566114764492,-9.49576632141824,,False,,goal,False,False,41,-9.238767312734709,-36.98532327181318,0,0,0,13,0,0.0,0.0,0.0,9.132178585632884,0.0,0.5908444033348577,0.7579577073946804,1.819816093881416,0.3906571955116806,0,,False,being_overtaken,17,0.0,False,0.0,tier_b,B-10-12,212,basin,on,re
model,being_overtaken,9.20007231710936,1.5173470694376625,-5.727268467660743,,False,,goal,False,False,41,98.22106831610216,-27.05136969086564,0,0,0,8,0,0.0,0.0,0.0,6.679350540954479,0.0,0.5872759982577443,0.8332700956515751,1.587815298672443,0.186950194888381,0,,False,being_overtaken,16,0.0,False,0.0,tier_b,B-10-13,213,basin,on,re
model,being_overtaken,9.205150564445342,1.294253026574379,2.488002109063279,,False,,goal,False,False,47,116.45304283569403,-13.738347807295174,0,0,0,8,0,0.0,0.0,0.0,3.3921846437765866,0.0,0.5203055025805152,0.6158208834299085,1.5058795254261743,0.550233446227871,0,,False,being_overtaken,18,0.0,False,0.0,tier_b,B-10-14,214,basin,on,re
model,being_overtaken,9.313661266320532,1.7903252631685758,-5.812314507573984,,False,,goal,False,False,43,116.48463817766034,-13.18593500235965,0,0,0,9,0,0.0,0.0,0.0,3.255786420335716,0.0,0.5805603168114735,0.7926953098274407,1.9633357599974972,0.2672043575177455,0,,False,being_overtaken,24,0.0,False,0.0,tier_b,B-10-15,215,basin,on,re
model,being_overtaken,9.326073276028978,1.265549603341842,2.743333719372105,,False,,goal,False,False,49,-17.451816853149907,-20.33106292068615,0,0,1,5,1,0.0,0.0,0.3172428405534397,4.345555680246651,0.3532195977099628,0.5169976754230381,0.7860642476329593,0.9134375468709378,0.470215505025248,0,,False,being_overtaken,18,0.0,False,0.0,tier_b,B-10-16,216,basin,on,re
model,being_overtaken,9.205824497383704,1.8152384603032223,0.838151042915797,,False,,goal,False,False,46,86.91920816340304,-36.95390466838569,0,0,0,9,0,0.0,0.0,0.0,9.124420905774246,0.0,0.5374695374504864,0.7121188065952283,1.5604796881331455,0.3891228773086622,0,,False,being_overtaken,17,0.0,False,0.0,tier_b,B-10-17,217,basin,on,re
model,being_overtaken,9.20054983344852,1.5415350386735858,5.016089318996162,,False,,goal,False,False,43,117.33469776579751,-23.2851184652349,0,0,0,15,0,0.0,0.0,0.0,5.749411966724667,0.0,0.5672774530734594,0.6690107509910918,1.9467366590626607,0.4300176637133686,0,,False,being_overtaken,22,0.0,False,0.0,tier_b,B-10-18,218,basin,on,re
model,being_overtaken,9.20759743400066,1.8315257360462056,-4.576958939054121,,False,,goal,False,False,46,101.52811681368796,-20.07718529265536,0,0,0,23,0,0.0,0.0,0.0,4.957329701890211,0.0,0.5309271092815748,0.6521554644661053,3.110627014903355,1.044593480014337,0,,False,being_overtaken,23,0.0,False,0.0,tier_b,B-10-19,219,basin,on,re
model,being_overtaken,9.236527995337298,1.1519614688414712,-2.2195555121721178,,False,,collision:obstacle,True,False,15,-356.4788629734238,-19.43962078095501,0,0,0,9,0,0.0,0.0,0.0,4.799906365667904,0.0,0.4101749074995899,0.5429256716217254,2.1641872197145418,0.0629342996258999,0,,False,being_overtaken,14,0.0,False,0.0,tier_b,B-11-00,220,basin,on,nc
model,being_overtaken,9.23433805559084,1.622927630240563,-4.373363126865904,,False,,goal,False,False,45,91.77696694457724,-35.483158114677146,0,0,0,24,0,0.0,0.0,0.0,8.76127360856226,0.0,0.539925686430105,0.6251143610671878,2.765864299677853,0.9084379826796428,0,,False,being_overtaken,25,0.0,False,0.0,tier_b,B-11-01,221,basin,on,nc
model,being_overtaken,9.201707197154532,1.4145163420230074,-5.789142480465928,,False,,goal,False,False,41,119.1853329989128,-18.40993292514853,0,0,0,14,0,0.0,0.0,0.0,4.54566245065396,0.0,0.5856257837137159,0.705529584917351,1.8128408424367983,0.3287134367543426,0,,False,being_overtaken,27,0.0,False,0.0,tier_b,B-11-02,222,basin,on,nc
model,being_overtaken,9.322281665781562,1.755871175235038,1.8276934949897257,,False,,goal,False,False,47,119.62427473986985,-10.51860130063056,0,0,0,7,0,0.0,0.0,0.0,2.5971855063285334,0.0,0.5248467295056448,0.6269336764155609,2.1894433621755462,0.6944331231520939,0,,False,being_overtaken,17,0.0,False,0.0,tier_b,B-11-03,223,basin,on,nc
model,being_overtaken,9.23313027898548,1.5192526816727558,3.4855574671074336,,False,,goal,False,False,42,117.3379766707778,-17.76477728379152,0,0,0,8,0,0.0,0.0,0.0,4.386364761430005,0.0,0.573261234076193,0.6654749507501576,2.0662143384092952,0.5561731132019411,0,,False,being_overtaken,20,0.0,False,0.0,tier_b,B-11-04,224,basin,on,nc
model,being_overtaken,9.328713025918816,1.700483358405682,7.310556981282541,,False,,goal,False,False,43,115.99001625188042,-23.792359541665533,0,0,0,14,0,0.0,0.0,0.0,5.874656676954452,0.0,0.5670551051450579,0.6668439923422822,1.9268409069869972,0.3472962625298051,0,,False,being_overtaken,24,0.0,False,0.0,tier_b,B-11-05,225,basin,on,nc
model,being_overtaken,9.452026588751458,1.680421345776952,-8.856849843423404,,False,,goal,False,False,44,111.29667403524348,-22.01779583794359,0,0,0,10,0,0.0,0.0,0.0,5.436492799492244,0.0,0.5723595078223337,0.7268289228000373,1.7093684309287438,0.2245858563709521,0,,False,being_overtaken,21,0.0,False,0.0,tier_b,B-11-06,226,basin,on,nc
model,being_overtaken,9.202024764188364,1.56702171598217,7.263154250248537,,False,,goal,False,False,46,94.99439930652044,-34.50080640406395,0,0,0,9,0,0.0,0.0,0.0,8.518717630633075,0.0,0.5304914336028066,0.706410101690579,2.0306498410088545,0.324222896914754,0,,False,being_overtaken,22,0.0,False,0.0,tier_b,B-11-07,227,basin,on,nc
model,being_overtaken,9.205580976620242,1.969239954635124,8.024768894352754,,False,,goal,False,False,42,108.76122409794502,-10.7947127943863,0,0,0,6,0,0.0,0.0,0.0,2.6653611837990865,0.0,0.5790936816628618,0.8141451841449362,2.483606235389232,0.449222268989851,0,,False,being_overtaken,20,0.0,False,0.0,tier_b,B-11-08,228,basin,on,nc
model,being_overtaken,9.316795130165278,1.714406399088104,-3.420953533593877,,False,,goal,False,False,46,114.18042801343194,-15.583600052805853,0,0,0,10,0,0.0,0.0,0.0,3.847802482174284,0.0,0.5339393427999011,0.6506479247860374,2.397800593078772,0.736434562279692,0,,False,being_overtaken,20,0.0,False,0.0,tier_b,B-11-09,229,basin,on,nc
model,being_overtaken,9.200443326565946,1.457454310852382,-0.08477589960005,,False,,goal,False,False,46,94.69948053418128,-32.69856676843198,0,0,0,7,0,0.0,0.0,0.0,8.073720189736292,0.0,0.5360130053486042,0.7371693841042305,1.3899438451451651,0.2534013220286373,0,,False,being_overtaken,17,0.0,False,0.0,tier_b,B-11-10,230,basin,on,nc
model,being_overtaken,9.206488158792665,1.249139189269402,-1.8360824900204664,,False,,goal,False,False,46,100.8695940886577,-23.077700428923286,0,0,0,6,0,0.0,0.0,0.0,5.698197636771182,0.0,0.5330577243461104,0.6303026459268765,1.956411907762063,0.9467236379360952,0,,False,being_overtaken,18,0.0,False,0.0,tier_b,B-11-11,231,basin,on,nc
model,being_overtaken,9.201817379891112,1.5868221001976754,-6.447278365339926,,False,,goal,False,False,48,95.39588835200104,-23.226252306724348,0,0,0,19,0,0.0,0.0,0.0,5.734877112771444,0.0,0.5085948788499538,0.6369095554510477,2.9171374081137955,1.04423043062308,0,,False,being_overtaken,21,0.0,False,0.0,tier_b,B-11-12,232,basin,on,nc
model,being_overtaken,9.265928733697365,1.914901801590538,7.536306606785324,,False,,goal,False,False,44,118.93946712215364,-17.515848269826385,0,0,0,8,0,0.0,0.0,0.0,4.324900807364539,0.0,0.5520889614979092,0.6505652854015072,2.1652481348563715,0.4557456237615102,0,,False,being_overtaken,18,0.0,False,0.0,tier_b,B-11-13,233,basin,on,nc
model,being_overtaken,9.207812378871468,1.6182907081800413,-6.38840641167887,,False,,goal,False,False,43,73.30351951017977,-47.92280427555223,0,0,0,12,0,0.0,0.0,0.0,11.8327911791487,0.0,0.5600881134034515,0.8389781480105691,1.2563700580144204,0.2232607087154349,0,,False,being_overtaken,22,0.0,False,0.0,tier_b,B-11-14,234,basin,on,nc
model,being_overtaken,9.21108669976416,1.9390273205707047,-4.564300457657893,,False,,goal,False,False,53,37.36799795449344,-19.673502852236705,0,0,0,7,0,0.0,0.0,0.0,4.857655025243632,0.0,0.4727339887108556,0.7887656286731018,1.4149779187205476,0.4366087886806735,0,,False,being_overtaken,17,0.0,False,0.0,tier_b,B-11-15,235,basin,on,nc
model,being_overtaken,9.221168572677229,1.4296023952972596,5.560865880555664,,False,,goal,False,False,48,96.7441156713576,-25.66564740221305,0,0,0,8,0,0.0,0.0,0.0,6.337196889435322,0.0,0.5060483439218324,0.612570207727587,1.872336919654451,0.7764464221981908,0,,False,being_overtaken,18,0.0,False,0.0,tier_b,B-11-16,236,basin,on,nc
model,being_overtaken,9.414002768205252,1.934871513123896,-1.7154115817046645,,False,,goal,False,False,46,108.64216225097356,-20.898698394852957,0,0,0,15,0,0.0,0.0,0.0,5.160172443173569,0.0,0.545673726180423,0.6671727968107586,2.930110909390598,0.9124980152163708,0,,False,being_overtaken,15,0.0,False,0.0,tier_b,B-11-17,237,basin,on,nc
model,being_overtaken,9.238161656216224,1.8510050629498669,-9.69042242316346,,False,,goal,False,False,48,112.25708877909742,-10.604592690638034,0,0,0,6,0,0.0,0.0,0.0,2.6184179483056877,0.0,0.5114890521131296,0.6449844043713635,2.3539877580688446,0.7757491588824124,0,,False,being_overtaken,16,0.0,False,0.0,tier_b,B-11-18,238,basin,on,nc
model,being_overtaken,9.203283790009095,1.976876814721316,4.232526013512521,,False,,goal,False,False,41,119.1277334525196,-17.40076565471424,0,0,0,10,0,0.0,0.0,0.0,4.296485346843022,0.0,0.5861668414195871,0.7240958389015839,2.341429363423487,0.4243537877410482,0,,False,being_overtaken,18,0.0,False,0.0,tier_b,B-11-19,239,basin,on,nc
model,,9.30488348176209,9.029598896143826,4.158090470612009,,,,goal,False,False,68,30.48149764620153,-1.683004293702037,0,0,3,0,0,0.0,0.0,0.4675011926950103,0.0,0.0,0.5836963731213761,0.8397010664729879,8.953403526951792,1.3250075761903264,0,,False,overtaking,4,0.0,False,0.0,tier_b,B-12-00,240,basin,on,cv
model,,9.2012073397275,12.46016934480864,8.413048248032709,,,,goal,False,False,61,79.06839953834869,0.0,0,0,0,0,0,0.0,0.0,0.0,0.0,0.0,0.6530983397802973,0.8514471872815029,10.717504979783884,2.05544417062767,0,,False,never,0,0.0,False,0.0,tier_b,B-12-01,241,basin,on,cv
model,,9.240832309787862,8.327858718555156,-8.618871375233892,,,,goal,False,False,71,137.45639007650303,0.0,0,0,0,0,0,0.0,0.0,0.0,0.0,0.0,0.5395254147833983,0.6543186018522209,6.994645680005154,0.7182456841268555,0,,False,never,0,0.0,False,0.0,tier_b,B-12-02,242,basin,on,cv
model,,9.209613430807394,0.4090377056668267,-4.006128619525182,,,,goal,False,False,64,153.97960254502132,0.0,0,0,0,0,0,0.0,0.0,0.0,0.0,0.0,0.5893106238026322,0.6473981346608879,8.342743169207532,0.3686733811796827,0,,False,never,0,0.0,False,0.0,tier_b,B-12-03,243,basin,on,cv
model,,9.222222692405213,6.427816235372899,4.135813535926339,,,,goal,False,False,68,131.08588731370074,0.0,0,0,0,0,0,0.0,0.0,0.0,0.0,0.0,0.5591455895668174,0.6793930262485547,8.869511865884219,0.6246025609896201,0,,False,never,0,0.0,False,0.0,tier_b,B-12-04,244,basin,on,cv
model,,9.207109273635014,8.286866095533389,-6.539628900567138,,,,goal,False,False,74,39.42265768744363,0.0,0,0,0,0,0,0.0,0.0,0.0,0.0,0.0,0.5416413660793438,0.8880198019986769,8.463891166216383,1.6530254164176172,0,,False,never,0,0.0,False,0.0,tier_b,B-12-05,245,basin,on,cv
model,,9.211675845089818,0.5917051485899124,-0.737576121396458,,,,goal,False,False,66,82.58195857319558,0.0,0,0,0,0,0,0.0,0.0,0.0,0.0,0.0,0.5933816971491045,0.7494585071672432,7.257508751702466,1.27793436925724,0,,False,never,0,0.0,False,0.0,tier_b,B-12-06,246,basin,on,cv
model,,9.216234127179748,5.343295000181682,-0.1792553045267002,,,,collision:obstacle,True,False,19,-366.2910354406834,0.0,0,0,0,0,0,0.0,0.0,0.0,0.0,0.0,0.5210520876865191,0.6582224144662556,8.083443231869945,0.4678359463829967,0,,False,never,0,0.0,False,0.0,tier_b,B-12-07,247,basin,on,cv
model,,9.247723476290856,8.897409741494434,-9.370052266913786,,,,goal,False,False,68,96.39551389421648,0.0,0,0,0,0,0,0.0,0.0,0.0,0.0,0.0,0.5822021251176852,0.7139086250399913,9.19168614799696,0.9247383713010268,0,,False,never,0,0.0,False,0.0,tier_b,B-12-08,248,basin,on,cv
model,,9.202798325012864,6.174447797492404,1.5770474796407985,,,,goal,False,False,65,150.30512556582687,0.0,0,0,0,0,0,0.0,0.0,0.0,0.0,0.0,0.580456295114916,0.6548636234484891,8.96595655842263,0.4245873889120958,0,,False,never,0,0.0,False,0.0,tier_b,B-12-09,249,basin,on,cv
model,,9.245421973273926,3.218655129061905,4.109816038650964,,,,goal,False,False,69,145.22378715158143,0.0,0,0,0,0,0,0.0,0.0,0.0,0.0,0.0,0.5509614247493108,0.6502864375302746,8.17234063219268,0.5579397979135086,0,,False,never,0,0.0,False,0.0,tier_b,B-12-10,250,basin,on,cv
model,,9.364386760114982,6.942946008668546,3.3036720105717627,,,,goal,False,False,72,-20.761720571544146,0.0,0,0,0,0,0,0.0,0.0,0.0,0.0,0.0,0.5765051209963238,0.7430600764135132,11.326789570028346,2.0269729983615616,0,,False,never,0,0.0,False,0.0,tier_b,B-12-11,251,basin,on,cv
model,,9.42218824429176,3.2108681814983844,-0.0486931849066571,,,,goal,False,False,77,129.34374478782246,0.0,0,0,0,0,0,0.0,0.0,0.0,0.0,0.0,0.5108890450349771,0.6351170646160081,6.396635070248986,0.5101940401473861,0,,False,never,0,0.0,False,0.0,tier_b,B-12-12,252,basin,on,cv
model,,9.211658850794736,9.995008443511558,-5.20652939404465,,,,collision:obstacle,True,False,69,-415.1643733999651,0.0,0,0,0,0,0,0.0,0.0,0.0,0.0,0.0,0.4163207618082764,0.5952681031127401,10.346280647574254,1.7373635150651348,0,,False,never,0,0.0,False,0.0,tier_b,B-12-13,253,basin,on,cv
model,,9.23773615674578,3.081336877306396,-4.5449172070392745,,,,goal,False,False,68,79.93194045321064,-0.1615972103731321,0,0,2,0,0,0.0,0.0,0.0448881139925367,0.0,0.0,0.5771216364565994,0.8647061899027608,9.283503396167802,0.7821148422823251,0,,False,overtaking,5,0.0,False,0.0,tier_b,B-12-14,254,basin,on,cv
model,,9.201136240571582,4.313634398625434,-0.0067703474592111,,,,goal,False,False,62,92.39524412302458,-2.2951802015885487,0,0,3,0,0,0.0,0.0,0.637550055996819,0.0,0.0,0.630536401402415,0.8787403523042975,8.736688687042784,0.9233561556671168,0,,False,overtaking,6,0.0,False,0.0,tier_b,B-12-15,255,basin,on,cv
model,,9.225547056701243,2.858630262586399,-5.1636294285445095,,,,goal,False,False,64,153.50226749490022,0.0,0,0,0,0,0,0.0,0.0,0.0,0.0,0.0,0.5934803768571686,0.6774190871186998,8.67112644216879,0.2995676214163863,0,,False,never,0,0.0,False,0.0,tier_b,B-12-16,256,basin,on,cv
model,,9.376183095992204,9.235585421155369,-5.118675898826918,,,,goal,False,False,69,101.9911959504151,0.0,0,0,0,0,0,0.0,0.0,0.0,0.0,0.0,0.5703657143864385,0.727642398020292,8.93614378606132,1.3656462562476652,0,,False,never,0,0.0,False,0.0,tier_b,B-12-17,257,basin,on,cv
model,,9.230167988731292,8.505493054128213,9.616393634029189,,,,goal,False,False,67,106.19187598305638,0.0,0,0,0,0,0,0.0,0.0,0.0,0.0,0.0,0.6022016448133777,0.7486575120510799,8.837344009294608,1.6755506503813993,0,,False,never,0,0.0,False,0.0,tier_b,B-12-18,258,basin,on,cv
model,,9.201400279328713,4.479439535546382,-7.028370133961028,,,,goal,False,False,66,105.65925718193526,0.0,0,0,0,0,0,0.0,0.0,0.0,0.0,0.0,0.5839543961571805,0.7409293756826232,5.680437384205083,1.4405387465161432,0,,False,never,0,0.0,False,0.0,tier_b,B-12-19,259,basin,on,cv
model,head_on,7.792846914849714,0.0093143672867632,172.92164482322224,,,,goal,False,False,66,42.53279458181961,-79.18467479688731,20,0,24,0,8,9.085539059551545,0.0,7.376294766378903,0.0,1.701465620698477,0.5809231180943712,0.7256332984779288,1.477279864367437,1.0017549869441198,0,,False,head_on,24,0.0,False,0.0,tier_b,B-13-00,260,channel-wide,on,cv
model,head_on,7.790294836557913,0.3752576619067185,184.77878356541345,,,,goal,False,False,57,34.5877381538657,-8.92371183619418,6,2,0,0,4,1.396485975040055,0.0568033028121627,0.0,0.0,0.3844288690723786,0.6859382883081634,0.9372862469955544,2.7591409838340835,1.7832944309966718,0,,False,crossing,7,0.0,False,0.0,tier_b,B-13-01,261,channel-wide,on,cv
model,head_on,9.637295055006769,1.3278886192114847,171.2735525454521,,,,goal,False,False,62,119.21776699260344,-29.796810270216007,10,0,2,0,5,4.827659880700889,0.0,0.4616061102735284,0.0,0.9418026363915346,0.6178505940369293,0.7983146146714141,2.0760357235119864,0.4073444537057427,0,,False,head_on,23,0.0,False,0.0,tier_b,B-13-02,262,channel-wide,on,cv
model,head_on,8.43255833217449,1.141603265464577,187.85806553712405,,,,goal,False,False,62,101.74402638390424,-3.6444440292377807,5,0,0,0,0,0.7362513190379355,0.0,0.0,0.0,0.0,0.624338803753145,0.7954585406969953,3.351248094411704,1.4776571131348557,0,,False,crossing,6,0.0,False,0.0,tier_b,B-13-03,263,channel-wide,on,cv
model,head_on,9.698800759156418,1.629095683209738,182.12356767063324,,,,goal,False,False,63,-122.88616137507024,-8.714173569060812,8,2,0,0,1,1.6573440205897243,0.0491910443826643,0.0,0.0,0.0592944438772195,0.6327695750779956,0.8832459886574756,3.758024124036254,1.8670334456290136,0,,False,crossing,20,0.0,False,0.0,tier_b,B-13-04,264,channel-wide,on,cv
model,head_on,10.306978625787393,1.7045079492164317,170.20835134101517,,,,goal,False,False,61,64.36117123416773,-44.09892359218264,7,0,26,0,17,0.3734707000862719,0.0,9.400986097411389,0.0,1.8681541502387973,0.619144564882065,0.9221496326992644,2.1517698799666785,0.3258049360257342,0,,False,head_on,26,0.0,False,0.0,tier_b,B-13-05,265,channel-wide,on,cv
model,head_on,8.200239072263525,1.0043922090426631,188.73896204479345,,,,goal,False,False,61,86.68126828035417,-48.75908141213304,16,0,28,0,7,3.0135041619331204,0.0,8.75783119815316,0.0,0.5142318882694932,0.6186222936457567,0.7596123483082791,2.446223177148177,0.861177736856555,0,,False,head_on,28,0.0,False,0.0,tier_b,B-13-06,266,channel-wide,on,cv
model,head_on,7.868583456524304,0.7789071391158584,177.23586641605198,,,,goal,False,False,60,99.75670548079728,0.0,0,0,0,0,0,0.0,0.0,0.0,0.0,0.0,0.6523741493927402,0.8217982180452367,2.674500523786329,1.4125340223430762,0,,False,never,0,0.0,False,0.0,tier_b,B-13-07,267,channel-wide,on,cv
model,head_on,9.189822531901148,1.1385031740092308,183.54460886108745,,,,collision:target,True,True,28,-304.09235352214074,-21.29672106136313,4,0,16,0,5,1.511049128933849,0.0,2.803020935951477,0.0,0.8280338897145019,0.5871757953108573,0.6776756994634039,1.0090410378969616,0.7908097108660088,0,,False,head_on,23,0.0,False,0.0,tier_b,B-13-08,268,channel-wide,on,cv
model,head_on,8.153023511935245,0.1361963975488709,170.06855478210497,,,,goal,False,False,59,-0.6697746918251539,-100.67115657627156,23,0,24,0,13,12.308023147301547,0.0,7.868112156187299,0.0,2.5380529410788024,0.6493492878887664,0.8368288689562999,1.831524439149249,1.2998328637895502,0,,False,head_on,25,0.0,False,0.0,tier_b,B-13-09,269,channel-wide,on,cv
model,head_on,7.270085390108681,0.7728161262860731,179.09089019027329,,,,goal,False,False,58,80.42883131353224,-46.79864510544537,15,0,5,0,8,7.083577254688304,0.0,0.7198198204862263,0.0,2.031908075775076,0.6621873315291642,0.9672891692894772,1.7198967647475851,0.4827127376307403,0,,False,head_on,22,0.0,False,0.0,tier_b,B-13-10,270,channel-wide,on,cv
model,head_on,9.06813582871718,1.1137334799026584,174.73030194178168,,,,goal,False,False,62,104.8758368404663,-34.90210316532836,12,0,1,0,7,5.6128146550724605,0.0,0.0582997320586203,0.0,1.5352870194019212,0.6213619270331977,0.8692027604768341,2.1446220458328,0.5368984212761915,0,,False,head_on,22,0.0,False,0.0,tier_b,B-13-11,271,channel-wide,on,cv
model,head_on,8.918840375646077,0.1260595920225684,188.6229728218304,,,,goal,False,False,64,93.36324837966048,-37.53081572810142,13,0,25,0,0,1.77556539128012,0.0,7.983824178129118,0.0,0.0,0.5911214558549971,0.6902159503183658,1.51835178962329,1.0920092756891235,0,,False,head_on,25,0.0,False,0.0,tier_b,B-13-12,272,channel-wide,on,cv
model,head_on,7.636599559181045,0.3651535901678837,172.88190679872173,,,,goal,False,False,62,42.76077641080915,-72.09606330253096,23,0,26,0,8,6.835791708188325,0.0,9.275486017455703,0.0,1.0815877075907183,0.6153716071844443,0.7727012461470772,2.17841220782313,1.1531788029046386,0,,False,head_on,26,0.0,False,0.0,tier_b,B-13-13,273,channel-wide,on,cv
model,head_on,9.222816271048146,0.9878604659530814,182.72415701983988,,,,goal,False,False,62,106.81497150089623,-14.15672612205651,6,0,24,0,0,0.0991191474211032,0.0,3.7961350950894586,0.0,0.0,0.6225157448480921,0.7689656164957352,3.3762314987570217,1.5023283400692875,0,,False,head_on,24,0.0,False,0.0,tier_b,B-13-14,274,channel-wide,on,cv
model,head_on,8.359682333023628,0.2137344018169236,176.57058070091435,,,,goal,False,False,58,85.06466891555907,-38.26725397907815,13,0,7,0,7,5.764585563506571,0.0,1.5650871785238512,0.0,0.9107203548966116,0.6637005274862238,0.9558423419075284,1.5948038099393391,0.690372321314654,0,,False,head_on,25,0.0,False,0.0,tier_b,B-13-15,275,channel-wide,on,cv
model,head_on,9.904129972420815,0.7418034567997758,173.56514030665667,,,,goal,False,False,58,73.24393771824816,-33.61750424575191,10,0,23,0,2,1.5668429430835529,0.0,7.102886892652785,0.0,0.0647197475418419,0.6696851373101269,0.8540500361176333,2.5864672741966235,1.5320542637341268,0,,False,head_on,23,0.0,False,0.0,tier_b,B-13-16,276,channel-wide,on,cv
model,head_on,8.958716390466178,1.2897092942477535,189.37937031159944,,,,goal,False,False,60,77.66741047223638,-27.05777422849596,7,0,3,0,7,4.180725475053113,0.0,0.351506988449858,0.0,1.1328351041252358,0.6617662936302309,0.9190275793084648,2.7856185837496485,0.8833561185627203,0,,False,head_on,23,0.0,False,0.0,tier_b,B-13-17,277,channel-wide,on,cv
model,head_on,7.612956603081886,1.5173877853956683,177.20450553536722,,,,goal,False,False,62,-131.99356995998028,-25.06006121106657,24,0,15,0,0,3.9507929349838897,0.0,1.528787828582311,0.0,0.0,0.655050782785784,0.7918203927036028,4.019471507374498,2.3269441337508967,0,,False,head_on,24,0.0,False,0.0,tier_b,B-13-18,278,channel-wide,on,cv
model,head_on,7.940595754622528,1.9516769861004355,179.43432823982928,,,,goal,False,False,57,51.16790483548456,-16.217093178121893,7,0,2,0,3,2.563163575662771,0.0,0.6525244424200826,0.0,0.2622989968619729,0.7210744576740331,0.9893880806191858,3.208695576033042,1.592384327850057,0,,False,head_on,24,0.0,False,0.0,tier_b,B-13-19,279,channel-wide,on,cv
model,head_on,10.046262025748751,0.4451395945221037,181.3728520836446,,,,goal,False,False,62,5.110706209764871,-24.445617317084125,5,0,13,0,4,1.1650775861847005,0.0,4.33687658009169,0.0,0.681272794919949,0.638890806845041,0.8609945946118404,1.6182528517845716,2.276097464520466,0,,False,head_on,13,0.0,False,0.0,tier_b,B-14-00,280,channel-wide,on,re
model,head_on,8.783928901695827,1.557619163836761,186.13833543030512,,,,goal,False,False,64,95.07708795123531,-38.24356091969775,21,0,25,0,1,3.480213776239927,0.0,5.816480462946988,0.0,0.0171495690446563,0.6014836197940859,0.7130406520299044,3.2080682660617588,1.0753493003854924,0,,False,head_on,26,0.0,False,0.0,tier_b,B-14-01,281,channel-wide,on,re
model,head_on,8.771256109531745,0.8560836946954598,187.63388114081303,,,,goal,False,False,60,106.34006995082235,-0.5847823069793973,4,0,0,0,0,0.1181378397938176,0.0,0.0,0.0,0.0,0.6448328432487479,0.8250290013367007,3.0651346159784416,1.4328256844632388,0,,False,crossing,7,0.0,False,0.0,tier_b,B-14-02,282,channel-wide,on,re
model,head_on,8.108656582497455,1.90952125055403,172.86253639642985,,,,collision:target,True,True,32,-356.93135716668155,-35.45703766422184,17,0,0,0,2,6.815398637214255,0.0,0.0,0.0,0.3824032022247291,0.4378097960961223,0.7165499464837751,1.9345943424475025,1.1066321295295107,0,,False,crossing,23,1.0,True,0.0,tier_b,B-14-03,283,channel-wide,on,re
model,head_on,7.87736022585243,1.9480692299567948,176.1474985629072,,,,collision:target,True,True,23,-308.3020516420888,-10.218964360700657,6,0,8,0,2,0.8790601012999996,0.0,0.72475281626559,0.0,0.7241126046021193,0.5870827140010421,0.6894917746403076,1.887408387287148,1.1362784888055284,0,,False,head_on,12,0.0,False,0.0,tier_b,B-14-04,284,channel-wide,on,re
model,head_on,9.730265851586946,0.871152846557109,181.4597367699919,,,,goal,False,False,62,103.22271100471092,-35.78865596764947,10,0,5,0,6,5.498656417795461,0.0,1.2415687318782138,0.0,0.9112576144000828,0.620980406341597,0.8700290325228619,1.8364295135700672,0.4890090006612308,0,,False,head_on,24,0.0,False,0.0,tier_b,B-14-05,285,channel-wide,on,re
model,head_on,9.814197641549516,1.2814564500724512,172.96623103734285,,,,goal,False,False,65,97.11851440049782,-42.711266968960565,12,0,23,0,13,1.4280620216305584,0.0,8.049312106725576,0.0,1.4810747505949389,0.5831810732106328,0.7203398292324525,2.4153189778013378,0.7885435705506707,0,,False,head_on,23,0.0,False,0.0,tier_b,B-14-06,286,channel-wide,on,re
model,head_on,8.608484922678755,0.3032240255117304,189.35852085396937,,,,goal,False,False,68,93.00624359455172,-37.41582966112465,15,0,25,0,4,1.822142220003393,0.0,7.597457355783241,0.0,0.2323064869529287,0.5628251442463288,0.6536597248999524,1.4499963848679425,0.8701606554726536,0,,False,head_on,26,0.0,False,0.0,tier_b,B-14-07,287,channel-wide,on,re
model,head_on,8.792057265376059,1.6634387974833196,175.3500319148207,,,,goal,False,False,65,112.63569108250664,-15.345707384778825,9,0,24,0,0,0.4717521104485893,0.0,3.614037343905085,0.0,0.0,0.592639448492488,0.7176573098678115,3.57432308649218,1.2324921527654165,0,,False,head_on,25,0.0,False,0.0,tier_b,B-14-08,288,channel-wide,on,re
model,head_on,8.491232314553665,0.0952808061683907,189.52258483651065,,,,goal,False,False,65,73.61720948099425,-58.0052556004009,18,0,19,0,11,4.802438197319542,0.0,5.945509345276826,0.0,2.8509673068161345,0.589900624053797,0.717356687896214,1.537054652936843,0.8863239845502571,0,,False,head_on,19,0.0,False,0.0,tier_b,B-14-09,289,channel-wide,on,re
model,head_on,9.936691639691386,1.4075018825986154,189.3811274125535,,,,goal,False,False,63,117.51162618365224,-25.14561425346572,7,0,7,0,5,3.772785897591985,0.0,1.056621882294565,0.0,0.5925522853611015,0.6171156954625688,0.8358162327565716,2.212734519993004,0.5975627935143877,0,,False,head_on,24,0.0,False,0.0,tier_b,B-14-10,290,channel-wide,on,re
model,head_on,8.787367639877006,0.0794076464327626,179.28594556903266,,,,goal,False,False,61,57.56133575625376,-36.06946781372055,12,0,15,0,9,2.3499978815328126,0.0,5.423267262163583,0.0,1.0918258125209377,0.6359493249487399,0.8072775220174286,2.308800903990021,1.735263438673574,0,,False,head_on,15,0.0,False,0.0,tier_b,B-14-11,291,channel-wide,on,re
model,head_on,7.956813656684488,1.9394827565656017,170.7891224573258,,,,goal,False,False,58,77.93883920404797,0.0,0,0,0,0,0,0.0,0.0,0.0,0.0,0.0,0.6755890492229947,0.9090712566910212,3.969514668967068,1.5993061225654006,0,,False,never,0,0.0,False,0.0,tier_b,B-14-12,292,channel-wide,on,re
model,head_on,9.702351115013112,0.9176201637484456,179.05531621172736,,,,goal,False,False,62,112.71140743528176,-23.49155696171997,13,0,3,0,4,3.896991549684844,0.0,0.8330642751220986,0.0,0.2672038667423189,0.6250447591778188,0.8575022032115635,2.3618566825913447,0.7811748780841872,0,,False,head_on,28,0.0,False,0.0,tier_b,B-14-13,293,channel-wide,on,re
model,head_on,8.591605754365338,0.616774546963468,188.49498024389715,,,,goal,False,False,65,-71.63459871721024,-110.46941187841574,24,0,29,0,20,13.889696010653845,0.0,5.758282275310128,0.0,4.6634667632361655,0.5959320597993186,0.9358141384858494,1.1226947308513968,1.0030748039940736,0,,False,head_on,32,0.0,False,0.0,tier_b,B-14-14,294,channel-wide,on,re
model,head_on,9.01519041646922,1.0682554610688233,173.91335742545994,,,,goal,False,False,62,98.09533320898224,-29.725468000393544,7,0,21,0,1,1.28129367613962,0.0,6.427596472310106,0.0,0.0541593340413413,0.611463385611175,0.7364815181741252,2.6794846941593438,1.1867073930599117,0,,False,head_on,21,0.0,False,0.0,tier_b,B-14-15,295,channel-wide,on,re
model,head_on,8.776509822800241,0.8412385996831719,173.19211443302896,,,,goal,False,False,56,63.77511940626912,-15.076154223510168,7,0,0,0,5,2.204962665252543,0.0,0.0,0.0,0.9247975623355736,0.7151166392275561,0.8981649755790695,2.54554732308605,1.1665241590576811,0,,False,head_on,19,0.0,False,0.0,tier_b,B-14-16,296,channel-wide,on,re
model,head_on,9.854378305716526,1.3103197490672986,183.1837133480428,,,,goal,False,False,63,121.31792034973,-21.568908161084355,12,0,0,0,6,2.8198769520027342,0.0,0.0,0.0,1.6912260552601817,0.6122463444922035,0.8265373733400041,2.31560457483608,0.6067192232665767,0,,False,head_on,23,0.0,False,0.0,tier_b,B-14-17,297,channel-wide,on,re
model,head_on,9.307574720970852,1.0768083362737235,184.25135745509164,,,,goal,False,False,59,110.2344801712036,-19.701385028262745,7,0,6,0,5,2.4771683690979,0.0,0.9460055174958416,0.0,0.8963959418318023,0.6490956455680349,0.9316472078564624,1.840613992701064,0.5127209251274638,0,,False,head_on,21,0.0,False,0.0,tier_b,B-14-18,298,channel-wide,on,re
model,head_on,9.201640768341765,0.5124768099295549,180.2496258584517,,,,goal,False,False,62,69.01168491644408,-54.704152866268565,17,0,22,0,9,4.629077031388858,0.0,7.7483905322732785,0.0,0.86578125437998,0.6211282584983314,0.7135918590778014,2.31076342509172,1.1686796859797175,0,,False,head_on,22,0.0,False,0.0,tier_b,B-14-19,299,channel-wide,on,re
model,head_on,9.079706825187085,0.519023800112753,188.37778465688257,,,,goal,False,False,57,67.5028573797862,-29.006013197245988,11,0,8,0,9,3.560119313387465,0.0,1.3875749542241416,0.0,1.4195895023935825,0.7076250965410014,0.9428435562921968,1.4607592334973811,1.190556457739824,0,,False,head_on,23,0.0,False,0.0,tier_b,B-15-00,300,channel-wide,on,nc
model,head_on,9.054501784463682,0.604838046659889,178.34993262325384,,,,goal,False,False,65,67.65738373136621,-46.7648269835521,14,0,25,0,8,3.0659997628617406,0.0,7.640299263156212,0.0,0.9073446244498038,0.5939600125327488,0.750481450218062,1.4259386377191838,1.326187524035981,0,,False,head_on,25,0.0,False,0.0,tier_b,B-15-01,301,channel-wide,on,nc
model,head_on,9.678263618970249,1.1269116382224869,178.83102400407796,,,,goal,False,False,61,77.03381069503212,-23.37216298086484,11,0,19,0,1,1.6109142485597203,0.0,4.247683318714663,0.0,0.0236616673603191,0.644926489365702,0.8404477568513207,3.2184637180216926,1.8354482829671623,0,,False,head_on,19,0.0,False,0.0,tier_b,B-15-02,302,channel-wide,on,nc
model,head_on,9.750160062042406,0.219946398246805,172.62122033320705,,,,goal,False,False,61,90.1663369550646,-36.070020060349805,8,0,10,0,7,4.364774683503822,0.0,1.9243488294575253,0.0,1.6748287979908427,0.6358467364538772,0.9444669706239376,1.2189556905697432,0.8451520487063084,0,,False,head_on,21,0.0,False,0.0,tier_b,B-15-03,303,channel-wide,on,nc
model,head_on,8.137140310265712,1.1922231970902744,189.96301610170923,,,,goal,False,False,61,92.66084329469749,-4.920783336045156,10,0,0,0,0,0.994097643645486,0.0,0.0,0.0,0.0,0.6339217122774422,0.8420034397135061,3.3279019162395778,1.3311346330852796,0,,False,crossing,25,0.0,False,0.0,tier_b,B-15-04,304,channel-wide,on,nc
model,head_on,9.677816338145249,1.8144001286116345,187.3472883444425,,,,goal,False,False,65,133.12420452613225,-7.655230869605721,12,0,0,0,1,1.5267575827388762,0.0,0.0,0.0,0.021729074455174,0.5904078611209733,0.7337684167482296,3.308252077741076,0.8926873387993687,0,,False,crossing,26,0.0,False,0.0,tier_b,B-15-05,305,channel-wide,on,nc
model,head_on,8.415483015006048,0.2827822953860239,176.25206878577902,,,,goal,False,False,60,73.37090967898094,-60.588096656065765,15,0,10,0,7,9.80436016820403,0.0,1.9065354853709773,0.0,1.1539969058045103,0.6424102708334785,0.8875427549208781,1.41353323549651,0.5270488402968504,0,,False,head_on,26,0.0,False,0.0,tier_b,B-15-06,306,channel-wide,on,nc
model,head_on,10.484191664882571,0.8592002649653392,173.97318650021955,,,,goal,False,False,59,78.48419695945908,-29.553654181180693,9,0,5,0,6,4.552091577691364,0.0,1.0630273639325811,0.0,0.7097560803224773,0.6767424737520676,0.9540559998576424,1.7778162404262554,1.5135506507406702,0,,False,head_on,25,0.0,False,0.0,tier_b,B-15-07,307,channel-wide,on,nc
model,head_on,9.709412657304313,1.8051650223510651,187.30059723641625,,,,goal,False,False,62,95.53318354825198,-2.0186070350985443,8,0,0,0,0,0.4077994010300089,0.0,0.0,0.0,0.0,0.6288947482388855,0.8351385117503077,4.072571368496593,1.769243082495754,0,,False,crossing,22,0.0,False,0.0,tier_b,B-15-08,308,channel-wide,on,nc
model,head_on,7.661693556977207,1.7170723371184666,185.38442459579767,,,,goal,False,False,62,105.78925262134754,-15.09951130317186,14,0,21,0,0,1.3647932178851574,0.0,2.317718020733426,0.0,0.0,0.6217012948004402,0.7713574970356467,3.5575030518954085,1.0890624745169386,0,,False,head_on,26,0.0,False,0.0,tier_b,B-15-09,309,channel-wide,on,nc
model,head_on,8.66214033771933,0.3074212607734878,183.28425074756333,,,,goal,False,False,60,97.3369520727664,-31.245440836474224,12,0,5,0,5,4.770152437036071,0.0,0.7948312303103394,0.0,1.0603986320063226,0.6412528469561658,0.9555089850679144,1.787151115579876,0.8368479258885443,0,,False,head_on,24,0.0,False,0.0,tier_b,B-15-10,310,channel-wide,on,nc
model,head_on,8.353874589102995,1.126447716544327,176.3075853465309,,,,goal,False,False,62,103.371766630344,-32.216880965008855,6,0,23,0,2,0.6992258885143863,0.0,7.96232779354176,0.0,0.0202961689138468,0.6113925341730848,0.7052267056644953,2.4068569154999477,0.8364935672028135,0,,False,head_on,23,0.0,False,0.0,tier_b,B-15-11,311,channel-wide,on,nc
model,head_on,8.505870797582359,1.3381262906128648,172.27865806875414,,,,goal,False,False,59,111.90754806859782,-19.33152298540661,6,0,0,0,4,3.3059624578991533,0.0,0.0,0.0,0.6593352930679567,0.6419137458612248,0.822711939673181,1.3499970378770223,0.2154125030084242,0,,False,crossing,13,1.0,True,0.0,tier_b,B-15-12,312,channel-wide,on,nc
model,head_on,8.124942263504181,0.4091321738184257,185.1998700532474,,,,collision:obstacle,True,False,48,-386.08696583359045,-30.20590962041114,11,1,0,0,5,5.600517402146669,0.002395415432591,0.0,0.0,0.5492202607541798,0.6395333965921496,0.8960716085914419,2.386625859702725,2.2892140759211457,0,,False,crossing,12,0.0,False,0.0,tier_b,B-15-13,313,channel-wide,on,nc
model,head_on,7.738611160238525,0.8300514659476823,176.06913160172437,,,,goal,False,False,55,83.26628800774473,-32.462355371713365,10,0,5,0,6,5.359496641233031,0.0,0.8863359623166503,0.0,0.6093416740599812,0.6954676378353876,1.0090954379303891,1.6907940585581576,0.4924434161495891,0,,False,head_on,24,0.0,False,0.0,tier_b,B-15-14,314,channel-wide,on,nc
model,head_on,8.83633859320105,1.3034973464822712,181.02339764630275,,,,goal,False,False,62,110.55827009387788,-8.76469044397796,5,0,20,0,0,0.149897250600531,0.0,2.2285275148625923,0.0,0.0,0.6280314193882672,0.7642439691586865,3.555671450968148,1.3884388083342316,0,,False,head_on,22,0.0,False,0.0,tier_b,B-15-15,315,channel-wide,on,nc
model,head_on,8.125696325065835,0.2244186990469847,182.13052102261435,,,,goal,False,False,61,83.19601669549237,-41.918870265568856,13,0,7,0,7,6.584461858422545,0.0,1.4405154557823334,0.0,0.91998409456908,0.6398885854069867,0.914424359090916,1.4620558064611515,0.6458333689542128,0,,False,head_on,24,0.0,False,0.0,tier_b,B-15-16,316,channel-wide,on,nc
model,head_on,9.241229655990544,0.4354552237124669,173.04193159748235,,,,goal,False,False,64,80.41205856162168,-49.77395091391207,13,0,22,0,7,3.674637211056032,0.0,7.540180632651222,0.0,0.9866325425867356,0.6038986956055494,0.6997720106473215,2.1999555700266717,1.2212265093541002,0,,False,head_on,22,0.0,False,0.0,tier_b,B-15-17,317,channel-wide,on,nc
model,head_on,10.403539010892306,0.8830717244367781,173.08940635934107,,,,goal,False,False,62,61.07381191700686,-71.0704232807074,25,0,27,0,4,8.91432479212314,0.0,6.896002745785476,0.0,0.4708679277489216,0.6197734346897241,0.7476289518562462,2.862417891751281,1.3592910369319235,0,,False,head_on,27,0.0,False,0.0,tier_b,B-15-18,318,channel-wide,on,nc
model,head_on,8.173054042828321,0.6214605067159544,171.10204104445222,,,,goal,False,False,57,86.46162557527612,-40.530359302751606,13,0,7,0,3,6.756654004204397,0.0,1.5662206479624103,0.0,0.3214505887278136,0.6697607575192559,0.9370368539941516,1.579954477005787,0.4509016614540533,0,,False,head_on,23,0.0,False,0.0,tier_b,B-15-19,319,channel-wide,on,nc
model,crossing,10.07360233021756,0.2831688567220136,129.78078761993967,port,,False,collision:target,True,True,13,-351.9656255185423,-54.18010793558695,8,2,0,0,9,5.928489488054524,0.2370184344790729,0.0,0.0,5.302568261469584,0.478104714951281,0.6204760882931851,1.7767810900549474,0.1075150690067937,0,,False,crossing,9,1.0,True,0.0,tier_b,B-16-00,320,channel-wide,on,cv
model,crossing,9.145448357281952,1.16592953555636,272.1001717312929,starboard,,True,goal,False,False,85,-25.753783051859983,-30.70987604782583,13,1,0,0,2,5.194889124516299,0.4569659936099244,0.0,0.0,0.607376269578003,0.4689060885553587,0.6600413088189233,2.0198631184614624,1.8474422005443252,0,,False,crossing,17,0.0,False,0.0,tier_b,B-16-01,321,channel-wide,on,cv
model,crossing,10.11163070055754,0.7192709724502868,210.94503459620475,starboard,,False,goal,False,False,62,97.92906547576489,-39.36538992489813,12,12,0,0,4,6.713767172144436,0.625321709059498,0.0,0.0,0.6748666584308117,0.6072190312182048,0.8187652196185587,1.3516918636921094,0.4638580320155957,0,,False,crossing,16,0.0,False,0.0,tier_b,B-16-02,322,channel-wide,on,cv
model,crossing,8.733878307021056,2.220450560249402,97.3156784701437,port,,True,collision:obstacle,True,False,51,-388.1964336202861,-1.432970847344757,1,0,0,0,1,0.067880547537805,0.0,0.0,0.0,0.2437693637850272,0.4756063263931313,0.690764044071891,3.780492073955328,2.3692737433356754,0,,False,crossing,14,1.0,True,0.0,tier_b,B-16-03,323,channel-wide,on,cv
model,crossing,8.332075361531635,2.125426802174445,259.66447714591425,starboard,,True,goal,False,False,84,-60.53961162598824,-72.39709579145898,24,1,0,0,2,13.793606732787646,0.6295727220057121,0.0,0.0,0.2227461089404118,0.4655969913083173,0.7250372187812549,3.627562623145028,1.0725648675135016,0,,False,crossing,24,0.0,False,0.0,tier_b,B-16-04,324,channel-wide,on,cv
model,crossing,9.235156223486369,0.0390533829299843,88.96741154614911,port,,True,collision:target,True,True,26,-355.9884052987182,-30.407271516979108,9,4,0,0,6,3.381233321896828,1.9590353214427652,0.0,0.0,0.8828759405440281,0.3784488961572899,0.5447844982177351,1.4014092270167449,0.2712732020491779,0,,False,crossing,22,1.0,True,0.0,tier_b,B-16-05,325,channel-wide,on,cv
model,crossing,8.249147005102213,0.7832681528854559,287.27759588280344,starboard,,True,collision:target,True,True,32,-377.890206356558,-53.71399795443784,19,5,0,0,5,7.981742392406199,2.408095512369421,0.0,0.0,0.5076222946218902,0.4188629404360238,0.6658957163978053,1.557333401982431,0.8373792122758611,0,,False,crossing,28,0.0,False,0.0,tier_b,B-16-06,326,channel-wide,on,cv
model,crossing,8.100117535519196,1.3103315283841674,282.70329751814364,starboard,,True,goal,False,False,89,-30.90024073015768,-43.477190908808,17,2,0,0,2,7.230097853381474,1.5515181716043878,0.0,0.0,0.2092815550038043,0.440017645349944,0.8299293288899456,3.815581275902699,0.9781298910959252,0,,False,crossing,26,0.0,False,0.0,tier_b,B-16-07,327,channel-wide,on,cv
model,crossing,7.649566738855102,2.303622869010253,133.61285712038574,port,,True,collision:target,True,True,19,-322.4893284723767,-22.88471493345217,7,2,0,0,2,3.86172662281836,0.1809529523562772,0.0,0.0,0.6385446747417142,0.5096344342981075,0.6387383797529523,0.9808736217514002,0.7092125003746736,0,,False,crossing,13,1.0,True,0.0,tier_b,B-16-08,328,channel-wide,on,cv
model,crossing,9.161533041610346,0.2249123234310115,113.1289742691578,port,,True,collision:target,True,True,20,-316.6762986059588,-13.4447548011599,8,1,0,0,2,2.038593196224066,0.1174921270830468,0.0,0.0,0.6160294335088191,0.4782001940944934,0.666396153626694,1.385772220487128,0.5247359805128541,0,,False,crossing,16,1.0,True,0.0,tier_b,B-16-09,329,channel-wide,on,cv
model,crossing,7.351746232190597,1.6324019484821193,289.871672036949,starboard,,True,goal,False,False,88,-27.164720388643687,-37.38284679044288,18,4,0,0,3,6.309082063287935,0.9500987814899566,0.0,0.0,0.3222003575094034,0.4430533183171212,0.7564217773129976,3.257508963492141,1.2608217685897252,0,,False,crossing,24,0.0,False,0.0,tier_b,B-16-10,330,channel-wide,on,cv
model,crossing,9.48929092164436,0.2919594041850928,88.27725328897893,port,,False,collision:target,True,True,15,-336.3023988303084,-24.26859474325456,6,2,0,0,2,3.786964038925825,0.615872274992602,0.0,0.0,0.5499011087462987,0.4774881330528326,0.6741080923561568,1.296497352870556,0.4172013275560851,0,,False,crossing,14,1.0,True,0.0,tier_b,B-16-11,331,channel-wide,on,cv
model,crossing,8.80480325262227,1.8771919242344568,262.03166842384206,starboard,,True,goal,False,False,66,76.76760468446231,-45.567553352950014,11,3,0,0,4,7.167049606245997,1.2850192354394308,0.0,0.0,0.8288472414682543,0.5727272624759105,0.7067842343824974,1.8665097898053584,0.6888137625207723,0,,False,crossing,18,0.0,False,0.0,tier_b,B-16-12,332,channel-wide,on,cv
model,crossing,7.994785572329416,1.3604922119831784,241.82061908178017,starboard,,False,goal,False,False,63,113.74970851504642,-23.802400897944217,8,13,0,0,1,2.804336191020893,1.9104655405589317,0.0,0.0,0.1031405170275738,0.607503194017811,0.8253033786489596,1.763471260223519,0.4843620037902454,0,,False,crossing,14,0.0,False,0.0,tier_b,B-16-13,333,channel-wide,on,cv
model,crossing,8.667883026233199,2.422701088097801,266.56161659279724,starboard,,True,goal,False,False,68,-13.058100362307854,-64.42067739244317,20,0,0,0,3,12.174653310269012,0.0,0.0,0.0,0.923587445913678,0.5742881412901683,0.8127377792730509,2.6702258461612045,1.728186964879478,0,,False,crossing,20,0.0,False,0.0,tier_b,B-16-14,334,channel-wide,on,cv
model,crossing,8.059730693714494,0.0979968880218373,242.1416298106393,starboard,,True,collision:target,True,True,19,-345.12050937296493,-44.16546103190271,12,11,0,0,3,6.944393043057364,1.733449296891354,0.0,0.0,0.2689203220347892,0.4514697458686199,0.6266005924619942,1.6343441379885109,0.3951158289083647,0,,False,crossing,17,0.0,False,0.0,tier_b,B-16-15,335,channel-wide,on,cv
model,crossing,8.71138692556929,1.1704759146195878,103.72876565783986,port,,True,goal,False,False,74,1.0413861287680817,-13.778318043417888,5,1,0,0,6,0.9249251248016568,0.4567902956763753,0.0,0.0,1.5419614915670286,0.5397423744596339,0.8174063690685475,1.7790509291177277,1.7021307644172827,0,,False,crossing,17,1.0,True,0.0,tier_b,B-16-16,336,channel-wide,on,cv
model,crossing,8.587531976005327,0.9921840564393224,252.6946982346504,starboard,,True,goal,False,False,66,44.91034489616238,-35.05688383290357,10,5,0,0,3,4.958785754815162,1.6475199811334658,0.0,0.0,0.523482319990637,0.5819164637415571,0.8635546530536433,1.4858824688065109,0.3647010940248463,0,,False,crossing,20,0.0,False,0.0,tier_b,B-16-17,337,channel-wide,on,cv
model,crossing,8.001959152895452,1.1115312163703144,119.62736711684394,port,,True,goal,False,False,65,81.3766547268541,-3.585844747239568,0,0,0,0,3,0.0,0.0,0.0,0.0,0.7968543882754595,0.594249412759189,0.7691875406053834,2.295924958754958,1.4983773787039258,0,,False,crossing,16,1.0,True,0.0,tier_b,B-16-18,338,channel-wide,on,cv
model,crossing,9.03818106617598,2.136903653858805,128.43994679013568,port,,True,collision:target,True,True,17,-318.0787147797367,-19.59562788135212,8,10,0,0,1,2.313005421622248,1.4538574532132904,0.0,0.0,0.2110348113147123,0.5093606334710813,0.6558144691211126,1.0348004610559072,0.5838295102973302,0,,False,crossing,14,1.0,True,0.0,tier_b,B-16-19,339,channel-wide,on,cv
model,crossing,8.176699070625776,1.7662613382689405,280.46385830768315,starboard,,True,collision:obstacle,True,False,79,-494.629479199384,-28.791053559841902,19,1,0,0,3,4.600167379997568,0.9040807898862816,0.0,0.0,0.3433389153148528,0.3283717487685253,0.6180793855918065,2.7986329189474413,2.230918610891174,0,,False,crossing,33,0.0,False,0.0,tier_b,B-17-00,340,channel-wide,on,re
model,crossing,7.900352530104357,0.6140045902488772,273.75358858168704,starboard,,False,collision:target,True,True,21,-330.9608468646405,-23.709227032313677,10,8,0,0,0,2.534687370432239,2.2550554643786045,0.0,0.0,0.0,0.4405385957156931,0.6392604104195583,1.4930741286108786,0.3314235989050274,0,,False,crossing,19,0.0,False,0.0,tier_b,B-17-01,341,channel-wide,on,re
model,crossing,8.792580833562003,2.359906981396368,143.56195893416566,port,,True,collision:obstacle,True,False,46,-370.0296136365448,-7.751045874041299,3,1,0,0,1,1.3782947096187992,0.0453731652810275,0.0,0.0,0.1564199762860349,0.5404827133441817,0.6558409587513147,1.3383049405858611,2.018931510983065,0,,False,crossing,14,1.0,True,0.0,tier_b,B-17-02,342,channel-wide,on,re
model,crossing,7.541630622185718,0.9429538648807224,287.9471384935,starboard,,True,goal,False,False,85,-40.78178927026112,-35.86009298942903,13,4,0,0,3,4.5598118315772656,2.591336870241157,0.0,0.0,0.102645981206185,0.4832077933239184,0.8820550938853815,2.517522263336918,1.2395434001722945,0,,False,crossing,31,0.0,False,0.0,tier_b,B-17-03,343,channel-wide,on,re
model,crossing,8.846401750792571,0.7378615259052235,70.12711432585569,port,,True,goal,False,False,76,-22.219647926043805,-24.16052534836981,0,7,0,0,6,0.0,3.873377106175096,0.0,0.0,1.108290816178461,0.5182096401648684,0.7764007847262471,1.737091756988154,1.1308939823004227,0,,False,crossing,16,1.0,True,0.0,tier_b,B-17-04,344,channel-wide,on,re
model,crossing,8.09999716588025,0.0399209846579198,93.94729219073326,port,,False,collision:target,True,True,19,-365.1348454201925,-55.49241566334516,11,6,0,0,1,9.195665042709402,1.7171066410871836,0.0,0.0,0.3275990730115674,0.4649250079542022,0.6722647111174944,1.3163787503958746,0.4821508814515693,0,,False,crossing,17,1.0,True,0.0,tier_b,B-17-05,345,channel-wide,on,re
model,crossing,9.212393153438978,0.7826621389568598,81.2147840019835,port,,True,goal,False,False,73,61.94188925069474,-5.577995138380994,0,1,0,0,3,0.0,0.4940509371289034,0.0,0.0,0.6960984443539826,0.5376313210756548,0.8048847699975649,2.2162688854466066,1.7410201631492728,0,,False,crossing,15,1.0,True,0.0,tier_b,B-17-06,346,channel-wide,on,re
model,crossing,9.82271548251163,1.136175349877375,232.0485996055878,starboard,,False,goal,False,False,62,73.54750007047559,-39.577865637888166,11,13,0,0,6,5.3956465117189785,1.3203320472385611,0.0,0.0,1.4075048380107438,0.62950010156754,0.8275459630785765,2.166301530826184,1.290125695172166,0,,False,crossing,13,0.0,False,0.0,tier_b,B-17-07,347,channel-wide,on,re
model,crossing,9.595178869840366,0.906587203680923,229.01463311657747,starboard,,False,collision:target,True,True,22,-390.7982475433515,-85.6378153885323,19,17,0,0,17,11.377991230978443,2.405536510410819,0.0,0.0,3.868745126367876,0.4355073528274973,0.5518635234061628,1.2563367657347564,0.503968923223315,0,,False,crossing,19,0.0,False,0.0,tier_b,B-17-08,348,channel-wide,on,re
model,crossing,9.76798383615542,0.7502927866738582,290.1052943010978,starboard,,True,goal,False,False,80,23.070150652454146,-35.115794711309775,13,0,0,0,5,6.351884434939266,0.0,0.0,0.0,0.8164370574134238,0.4810194168792535,0.6765672407176462,2.0862728317769057,1.23362199847889,0,,False,crossing,19,0.0,False,0.0,tier_b,B-17-09,349,channel-wide,on,re
model,crossing,8.88334654986449,1.0439868472647476,285.1651307467794,starboard,,True,collision:target,True,True,23,-342.71752350529886,-30.30473540713788,8,2,0,0,4,3.720498398671976,1.4321662100048065,0.0,0.0,1.2403372381431803,0.43334079294287,0.6214225517487779,1.8362756565661773,0.3206838392590052,0,,False,crossing,14,0.0,False,0.0,tier_b,B-17-10,350,channel-wide,on,re
model,crossing,8.113287058489254,0.5467918540043817,100.41428502966212,port,,True,goal,False,False,66,25.512183463191064,-4.779222381632927,0,2,0,0,2,0.0,0.5921283279094409,0.0,0.0,0.4107082574402653,0.6122953301107031,0.8034258103175765,2.401865271707475,2.240985778049086,0,,False,crossing,15,1.0,True,0.0,tier_b,B-17-11,351,channel-wide,on,re
model,crossing,9.393137076672604,1.7592645869301244,268.8119943738173,starboard,,True,goal,False,False,100,-210.0093292851797,-74.14917701597906,27,1,0,0,5,14.12161192986052,0.294897363681436,0.0,0.0,0.6194346695436378,0.4026588470569469,0.7970933299294451,3.3494549069338286,1.8902713808562863,0,,False,crossing,27,0.0,False,0.0,tier_b,B-17-12,352,channel-wide,on,re
model,crossing,7.862894096219931,0.3727707768147228,98.3167612098575,port,,True,goal,False,False,72,90.54230176429024,-11.541606714670948,4,3,0,0,2,0.9717624827786352,1.101533409722542,0.0,0.0,0.2841760103978044,0.5254053023004356,0.7198408097738829,2.139798680151064,0.8241173591428723,0,,False,crossing,13,1.0,True,0.0,tier_b,B-17-13,353,channel-wide,on,re
model,crossing,7.736478867868061,2.105632763836722,115.42404016816845,port,,True,collision:target,True,True,15,-308.6111953117524,-5.464337001458253,3,7,0,0,1,0.5975759810877443,0.3011966791617985,0.0,0.0,0.2256471851606699,0.4571233326460137,0.5889977565927563,1.2679701146348272,0.4443573822965671,0,,False,crossing,13,1.0,True,0.0,tier_b,B-17-14,354,channel-wide,on,re
model,crossing,8.635580775763815,1.1256073860124691,89.0526132284811,port,,True,goal,False,False,71,-14.099121286654906,-17.49846749114875,9,0,0,0,6,3.246399962747142,0.0,0.0,0.0,0.3175083723445334,0.5648751543935336,0.7960785263295045,2.9058017383456867,1.976732022075785,0,,False,crossing,17,1.0,True,0.0,tier_b,B-17-15,355,channel-wide,on,re
model,crossing,7.601685632358984,1.2379977741158,288.8089930863026,starboard,,True,goal,False,False,72,2.8023017233348924,-34.21341148046184,13,1,0,0,3,5.622357823709507,0.740193632272398,0.0,0.0,0.6043651814628153,0.5372690930467263,0.7988139800842943,2.3743121174576647,0.830488352653517,0,,False,crossing,18,0.0,False,0.0,tier_b,B-17-16,356,channel-wide,on,re
model,crossing,8.493902928489998,1.0805603604897138,68.38707295242229,port,,False,collision:target,True,True,26,-347.65719157807297,-16.972548888018554,9,3,0,0,0,1.966373284095909,1.4624244710593546,0.0,0.0,0.0,0.3876518971375844,0.6472190841865424,1.5474831430866391,0.7586329605144303,0,,False,crossing,22,1.0,True,0.0,tier_b,B-17-17,357,channel-wide,on,re
model,crossing,9.271085645876664,1.216944266383482,278.25746847247297,starboard,,True,collision:target,True,True,28,-298.7387272719621,0.0,0,0,0,0,0,0.0,0.0,0.0,0.0,0.0,0.5759688397125643,0.6823267522818127,1.5426534485798418,1.1641337679176311,0,,False,never,0,0.0,False,0.0,tier_b,B-17-18,358,channel-wide,on,re
model,crossing,10.087802345364452,1.5844336201437557,125.92517244226904,port,,True,goal,False,False,71,125.92749445098472,0.0,0,0,0,0,0,0.0,0.0,0.0,0.0,0.0,0.5298405042249055,0.6557822671842022,2.2168455198299184,0.5025191789368639,0,,False,never,0,0.0,False,0.0,tier_b,B-17-19,359,channel-wide,on,re
model,crossing,8.811187564367176,0.3619446703494158,272.4477661224229,starboard,,True,collision:target,True,True,26,-370.4649560055535,-41.63131640983708,16,4,0,0,7,6.334447937864037,1.3292068105372703,0.0,0.0,0.8213834233890228,0.4000271119438032,0.6136342903683983,1.3002897219440344,0.4751592346269572,0,,False,crossing,23,0.0,False,0.0,tier_b,B-18-00,360,channel-wide,on,nc
model,crossing,8.6464931375671,0.1886293631984081,72.27943745748438,port,,True,goal,False,False,77,45.35194054268639,-5.653877476444266,5,3,0,0,2,0.4289590085993947,0.6464553745312493,0.0,0.0,0.0734613955439063,0.5134578358055748,0.7396505727272868,2.628381661491481,2.01540067080663,0,,False,crossing,24,1.0,True,0.0,tier_b,B-18-01,361,channel-wide,on,nc
model,crossing,8.088683141773084,2.442100088775187,87.4200736178467,port,,True,collision:obstacle,True,False,65,-694.4087276458916,-0.6999409172370362,0,0,0,0,3,0.0,0.0,0.0,0.0,0.1555424260526747,0.4794059990685707,0.6910017385020052,3.995826040173319,2.494719315794484,0,,False,crossing,17,1.0,True,0.0,tier_b,B-18-02,362,channel-wide,on,nc
model,crossing,7.609260228617032,1.6069779417303356,261.56184260795754,starboard,,True,goal,False,False,68,33.95192412652827,-54.35884042552776,15,3,0,0,6,8.493180619349365,1.381508570750969,0.0,0.0,1.2175842076735788,0.5676380245833349,0.7109394371875337,2.039498742112683,0.9376450752595072,0,,False,crossing,19,0.0,False,0.0,tier_b,B-18-03,363,channel-wide,on,nc
model,crossing,8.042229116975154,1.3952168647085963,71.08056328963109,port,,True,goal,False,False,72,83.76870648406388,-4.976462698214465,11,0,0,0,1,0.9442734653608328,0.0,0.0,0.0,0.0671797877062984,0.5400042432308475,0.7018788837989091,3.541453569840601,1.2621769099544309,0,,False,crossing,19,1.0,True,0.0,tier_b,B-18-04,364,channel-wide,on,nc
model,crossing,9.511639355418684,2.2714383827594067,279.611928047069,starboard,,True,goal,False,False,67,34.0628942409066,-49.74593369446082,15,2,0,0,2,8.247607059608281,1.2817814029259125,0.0,0.0,0.8363131969580552,0.5819366644540166,0.7744015958691,2.382392360841557,1.3870335694707354,0,,False,crossing,15,0.0,False,0.0,tier_b,B-18-05,365,channel-wide,on,nc
model,crossing,8.708692896314258,1.588749851297948,287.60933323086,starboard,,True,goal,False,False,90,-88.30287181349527,-84.4264122222444,27,3,3,0,4,15.44677701286233,1.4176073180243836,0.0920994825015998,0.0,0.1369225882998621,0.4360996262233912,0.7089629504666366,3.5339447563729127,1.5549141106177446,0,,False,crossing,33,0.0,False,0.0,tier_b,B-18-06,366,channel-wide,on,nc
model,crossing,8.931956752387729,0.0192905946034141,125.18511954670949,port,,True,goal,False,False,70,80.3343785595631,-3.184927628689468,0,1,0,0,2,0.0,0.0323649165118636,0.0,0.0,0.6721602871012761,0.5620498959612902,0.7751072523039113,1.3908029769158603,1.488809690473891,0,,False,crossing,18,1.0,True,0.0,tier_b,B-18-07,367,channel-wide,on,nc
model,crossing,8.656789550580742,1.487359367920712,96.18257069179413,port,,False,collision:target,True,True,16,-308.01532354288025,-7.490543507862815,0,9,0,0,4,0.0,1.3849743629349769,0.0,0.0,0.1410934247410402,0.4334565463356105,0.5555493555939001,1.7746993052743052,0.1727950524987923,0,,False,crossing,14,1.0,True,0.0,tier_b,B-18-08,368,channel-wide,on,nc
model,crossing,9.237596086559794,0.6728831009956326,94.3091227969706,port,,False,goal,False,False,73,11.715228047308528,-10.406653639198476,1,4,0,0,6,0.0735381462557241,1.3540819598226226,0.0,0.0,0.7422075809134798,0.5781681507878151,0.8684944760153043,1.5827382668017018,2.4984334104534383,0,,False,crossing,20,1.0,True,0.0,tier_b,B-18-09,369,channel-wide,on,nc
model,crossing,8.75518967194813,2.429176166305287,255.53546248673285,starboard,,True,goal,False,False,72,6.187406179945356,-14.5529328653773,9,0,0,0,1,2.632447726488261,0.0,0.0,0.0,0.3382925820578695,0.5323207614166138,0.7699142463332626,2.501454315699849,1.264004353229043,0,,False,crossing,21,0.0,False,0.0,tier_b,B-18-10,370,channel-wide,on,nc
model,crossing,8.541160305047624,2.022250233511523,81.18310128811346,port,,False,collision:target,True,True,16,-319.48659710170847,-19.50356530441061,6,11,0,0,0,1.88014752214273,2.0599666807685053,0.0,0.0,0.0,0.4926844537563173,0.6736598325018662,1.3324677949133688,0.5207239577567027,0,,False,crossing,14,1.0,True,0.0,tier_b,B-18-11,371,channel-wide,on,nc
model,crossing,10.181182824326328,1.6049202117195027,75.47191122464527,port,,True,goal,False,False,73,108.33859765379285,-2.0015794789153656,1,0,0,0,4,0.1086211314316413,0.0,0.0,0.0,0.3253121951841646,0.5253109246061054,0.6852892671467474,3.5402127933906904,1.2348693346592878,0,,False,crossing,21,0.9523809523809524,True,0.0,tier_b,B-18-12,372,channel-wide,on,nc
model,crossing,9.266430833598122,0.196847158913736,94.0165995093258,port,,True,collision:target,True,True,21,-332.8151763515245,-21.89792737714083,5,3,0,0,3,2.382887265108904,1.3198959104668042,0.0,0.0,0.793144590675795,0.4518215287305732,0.6358679289696225,1.4088211891139362,0.3079063203374058,0,,False,crossing,16,1.0,True,0.0,tier_b,B-18-13,373,channel-wide,on,nc
model,crossing,9.561492818040042,1.8183001150257412,277.74110985299706,starboard,,True,goal,False,False,84,-43.90968057428846,-67.69293360643937,21,2,0,0,4,11.743082169623625,1.2059921505868352,0.0,0.0,0.7988923825327914,0.4766762844198943,0.7687735628611034,2.6032843205908,1.948726662834788,0,,False,crossing,23,0.0,False,0.0,tier_b,B-18-14,374,channel-wide,on,nc
model,crossing,7.737171049235257,1.063253514871102,272.63298871997586,starboard,,True,collision:target,True,True,29,-322.36607977807506,-10.503922568522636,0,2,0,0,4,0.0,1.472875948214533,0.0,0.0,0.7140414721912659,0.4432456326293565,0.6367616041395295,1.323675629297414,0.7264083741158334,0,,False,crossing,6,0.0,False,0.0,tier_b,B-18-15,375,channel-wide,on,nc
model,crossing,8.588168154291932,0.2444721776136968,88.47465023751468,port,,True,collision:target,True,True,26,-322.41271832217024,-15.122227815218633,10,2,0,0,1,2.244805000609391,0.6104024018842965,0.0,0.0,0.2197669273055285,0.4690243443008418,0.6527367190576644,1.3678673239659054,0.5475040674133375,0,,False,crossing,15,1.0,True,0.0,tier_b,B-18-16,376,channel-wide,on,nc
model,crossing,9.389213696840628,1.7918558631465618,277.972003869809,starboard,,True,goal,False,False,73,-40.80766459781643,-39.17022620834434,14,1,0,0,2,6.71593572010129,0.6987264109615656,0.0,0.0,0.5790326911477525,0.5645655385930088,0.9517447543182216,2.4834220098904307,1.2307465109147386,0,,False,crossing,18,0.0,False,0.0,tier_b,B-18-17,377,channel-wide,on,nc
model,crossing,8.813442063577671,2.143370505413022,277.23846477765125,starboard,,True,goal,False,False,82,8.570948034899331,-70.79762419293235,21,2,0,0,3,12.91850137813588,1.2121782762501117,0.0,0.0,0.1890577563825997,0.4635294549514638,0.6967537981747287,3.9080826503702673,0.793883277281706,0,,False,crossing,26,0.0,False,0.0,tier_b,B-18-18,378,channel-wide,on,nc
model,crossing,7.837246246306428,0.493358430148024,97.62277272816648,port,,True,goal,False,False,67,40.02785323697663,-11.729464732244075,4,3,0,0,1,1.2357106810608,0.8776611145112609,0.0,0.0,0.2818387431471936,0.5905934892564566,0.8362032939686175,1.7682937616343744,1.7121903462061272,0,,False,crossing,15,1.0,True,0.0,tier_b,B-18-19,379,channel-wide,on,nc
model,overtaking,8.468458488204133,1.8890794814792784,1.5767284165258657,,,,goal,False,False,64,26.467597817221133,-68.11027181093198,52,0,0,0,0,13.759650870895348,0.0,0.0,0.0,0.0,0.60079107135079,0.6809712717945084,4.120478375636663,1.9171474483630924,0,,False,overtaking,57,0.0,False,0.0,tier_b,B-19-00,380,channel-wide,on,cv
model,overtaking,7.939959713204382,1.462510712415506,7.140706293694446,,,,goal,False,False,64,53.81730774838904,-41.16515132986429,28,0,0,0,1,8.178255088344617,0.0,0.0,0.0,0.1517308094574278,0.6042634861170493,0.7040854825784056,3.651362623444831,1.6573418236162285,0,,False,overtaking,41,0.0,False,0.0,tier_b,B-19-01,381,channel-wide,on,cv
model,overtaking,8.658701332997925,1.5278232961066804,2.234052733317469,,,,goal,False,False,64,76.36864960194771,-26.10390669032502,22,0,0,0,1,5.153688945047083,0.0,0.0,0.0,0.1318103138537672,0.618219512994344,0.700064582524785,4.164855982685394,1.7419622407205515,0,,False,overtaking,30,0.0,False,0.0,tier_b,B-19-02,382,channel-wide,on,cv
model,overtaking,7.834574628206746,1.8048767855522263,8.465492255596303,,,,goal,False,False,114,-191.5128008115068,-179.1790088077879,82,1,30,0,0,31.06667555194384,0.2023837776449135,6.776990312867681,0.0,0.0,0.3291739832401268,0.5537614635338897,3.5285791134448634,0.6154200889902448,0,,False,overtaking,94,0.0,False,0.0,tier_b,B-19-03,383,channel-wide,on,cv
model,overtaking,7.866993368890282,1.3109112083486332,-7.093137823178724,,,,goal,False,False,64,43.53171341154739,-58.85875450697047,26,0,0,0,1,11.888683155464314,0.0,0.0,0.0,0.0021717527604716,0.6097644575058407,0.680243718432147,3.489000199522375,1.6163777906273886,0,,False,overtaking,38,0.0,False,0.0,tier_b,B-19-04,384,channel-wide,on,cv
model,overtaking,9.936811254314172,1.79687587956281,-5.637209320017296,,,,collision:boundary,True,False,123,-625.435292723603,-82.04331671192868,34,9,9,0,7,11.485073637916862,2.210899857174764,1.768519839080372,0.0,1.7514614423412869,0.4802877303226787,0.6424031694530602,1.5972914270160998,2.628163045160709,0,,False,overtaking,83,0.0,False,0.0,tier_b,B-19-05,385,channel-wide,on,cv
model,overtaking,8.498625072952807,0.7259192527173752,-4.551015201288633,,,,goal,False,False,62,36.946575120195824,-55.77152831852733,22,0,1,0,1,10.992401863960804,0.0,0.0557526512443263,0.0,0.257428788320396,0.6310092099546254,0.7251827660080472,3.4773157787788693,1.9331112115123896,0,,False,overtaking,33,0.0,False,0.0,tier_b,B-19-06,386,channel-wide,on,cv
model,overtaking,9.47917065533331,0.0126836081403389,-9.573760891804282,,,,goal,False,False,67,-38.94296666531906,-121.96111147264784,42,1,0,0,1,24.540376785011212,0.0432211974519378,0.0,0.0,0.0605114354345287,0.6009841780852677,0.7269629445786813,3.3262994770550014,2.4151564252961046,0,,False,overtaking,57,0.0,False,0.0,tier_b,B-19-07,387,channel-wide,on,cv
model,overtaking,8.575400006968684,0.4651663696699002,-9.65991275970643,,,,goal,False,False,69,23.8399167623719,-25.268039043565164,27,16,2,0,4,4.369881236717105,0.2142511537953388,0.5102051727912604,0.0,0.1644100196622285,0.5735186589826963,0.7194924052847237,2.7213836775741687,2.149527962436245,0,,False,overtaking,48,0.0,False,0.0,tier_b,B-19-08,388,channel-wide,on,cv
model,overtaking,8.951292486754223,1.353757007424926,-4.049082541308211,,,,goal,False,False,65,63.913698384938925,-22.922529039815306,36,0,0,0,0,4.630813947437437,0.0,0.0,0.0,0.0,0.6248081906711536,0.7051534341696135,4.302427260351989,2.2620857524079674,0,,False,overtaking,44,0.0,False,0.0,tier_b,B-19-09,389,channel-wide,on,cv
model,overtaking,9.197285322846058,1.1543837437277702,-6.952958051398117,,,,goal,False,False,63,75.76726101353849,-24.438655559616738,39,0,0,0,0,4.937102133255907,0.0,0.0,0.0,0.0,0.6185820900762635,0.6936483597990686,3.8410364550679454,2.118455236831239,0,,False,overtaking,51,0.0,False,0.0,tier_b,B-19-10,390,channel-wide,on,cv
model,overtaking,8.902239990428725,1.451813176418732,-9.906135129256032,,,,goal,False,False,63,47.061417586674665,-54.12855702038225,37,0,0,0,0,10.93506202431965,0.0,0.0,0.0,0.0,0.6223742032549484,0.6929446628583431,4.0804866057966445,1.9143366364000935,0,,False,overtaking,50,0.0,False,0.0,tier_b,B-19-11,391,channel-wide,on,cv
model,overtaking,8.883772278887642,0.3804996625670513,-7.176384964118354,,,,collision:boundary,True,False,91,-529.9495350325689,-99.13709285176265,45,13,1,0,1,18.58410114814852,1.086841884755552,0.1837245957177788,0.0,0.2454480654007785,0.5624162115331418,0.6532645136628485,2.1631974503245512,2.2169224132798786,0,,False,overtaking,52,0.0,False,0.0,tier_b,B-19-12,392,channel-wide,on,cv
model,overtaking,8.383867528604732,1.2745074657110176,-6.624315004851078,,,,goal,False,False,61,68.09290093345285,-16.727952696311387,33,0,0,0,0,3.379384383093209,0.0,0.0,0.0,0.0,0.6398437453986636,0.7320377515978594,4.007449217062184,2.1610997704121324,0,,False,overtaking,49,0.0,False,0.0,tier_b,B-19-13,393,channel-wide,on,cv
model,overtaking,8.984777575936752,1.6581162199247887,-8.155944043287045,,,,collision:obstacle,True,False,23,-386.1929443025117,-17.056602967548564,11,2,4,0,0,2.337074210593601,0.3361181140235338,1.062305822414928,0.0,0.0,0.3642998253396927,0.5440367900341653,6.15193596950485,0.0425206374798181,0,,False,overtaking,18,0.0,False,0.0,tier_b,B-19-14,394,channel-wide,on,cv
model,overtaking,10.17678161647227,1.7273284055189322,-0.3462353992512099,,,,goal,False,False,115,-46.758893374178456,-43.40278731057349,18,1,39,0,1,0.879140460495413,0.0832771464588773,10.70310857901998,0.0,0.0239176159284064,0.3253816686715606,0.5442795129503445,3.253829384129176,0.3726103692247917,0,,False,overtaking,72,0.0,False,0.0,tier_b,B-19-15,395,channel-wide,on,cv
model,overtaking,8.41492077339874,1.8224471017467456,-7.213071072184238,,,,goal,False,False,115,-130.28215004137598,-33.59383529239459,25,1,13,0,4,3.785373038850553,0.041160918406252,3.786091911790051,0.0,0.2272358492287147,0.3664033891749608,0.5961782234672827,2.117282411377156,2.737764857337995,1,"8(e) in extremis: overtaking, compliant alteration inadmissible (DCPA 1.71 m, TCPA 2.9 s)",False,overtaking,77,0.0,False,0.0,tier_b,B-19-16,396,channel-wide,on,cv
model,overtaking,8.757317660005024,0.0909829692769448,-8.734753433889221,,,,goal,False,False,62,46.81370388083586,-46.06237263502197,36,0,0,0,1,9.291018866037072,0.0,0.0,0.0,0.0159620551418834,0.6314416361315278,0.7078141585801155,2.8942858361092023,2.03222559730054,0,,False,overtaking,45,0.0,False,0.0,tier_b,B-19-17,397,channel-wide,on,cv
model,overtaking,9.05755982668752,1.566731586021876,0.7579302778721253,,,,goal,False,False,109,-62.22245012698112,-73.7545420399125,43,0,48,0,2,5.860010723081337,0.0,12.382656887913786,0.0,0.0377609253711627,0.3431989524454886,0.5612131978692039,3.4983439623338977,0.5234477834717288,0,,False,overtaking,89,0.0,False,0.0,tier_b,B-19-18,398,channel-wide,on,cv
model,overtaking,9.04842001495346,0.4819881067155624,7.277326123102064,,,,goal,False,False,79,32.81840364612394,-38.12149974961313,24,0,15,0,0,5.1989313937567685,0.0,3.4407748195880905,0.0,0.0,0.5147481333323853,0.678753314718487,2.766482560137994,1.731232883116454,0,,False,overtaking,55,0.0,False,0.0,tier_b,B-19-19,399,channel-wide,on,cv
model,overtaking,8.528882412860577,0.0092824046396067,-8.417555169374824,,,,goal,False,False,64,45.479881070780166,-43.59106883365211,31,3,0,0,1,8.672084034875839,0.0372903249757022,0.0,0.0,0.1065923894193293,0.6081943075451127,0.7128091254450393,2.86315345067058,2.04065749699892,0,,False,overtaking,38,0.0,False,0.0,tier_b,B-20-00,400,channel-wide,on,re
model,overtaking,8.37093372029781,1.824289783897188,7.432810208940541,,,,goal,False,False,63,87.63713663019874,-12.40690765353948,19,0,0,0,0,2.506445990614036,0.0,0.0,0.0,0.0,0.6242140539649812,0.7243356108782221,4.28615813862284,1.8274678266352795,0,,False,overtaking,27,0.0,False,0.0,tier_b,B-20-01,401,channel-wide,on,re
model,overtaking,8.701987072945464,1.4733756542999703,-4.770921676789703,,,,goal,False,False,64,88.9426769979697,-13.35578013115556,27,0,0,0,0,2.698137400233445,0.0,0.0,0.0,0.0,0.6117897688039245,0.69244228515321,4.2534807505115655,1.9192970911889744,0,,False,overtaking,37,0.0,False,0.0,tier_b,B-20-02,402,channel-wide,on,re
model,overtaking,8.241153717319555,0.0176789277227078,2.092250378539708,,,,goal,False,False,68,0.7858530058517914,-80.42034628710175,39,7,2,0,6,15.22322022461125,0.1802845445270654,0.5483565413031826,0.0,0.4886475847057028,0.5995731503278199,0.6900774310652871,2.639666959381634,2.3626225126068348,0,,False,overtaking,61,0.0,False,0.0,tier_b,B-20-03,403,channel-wide,on,re
model,overtaking,9.077619936354328,0.4068401753454296,8.093392708756625,,,,goal,False,False,70,53.316779560296304,-43.18982592179224,27,0,2,0,0,8.464369951182059,0.0,0.3586651842891745,0.0,0.0,0.5601443112723777,0.6679468329362646,3.332976358358962,1.8219620266923424,0,,False,overtaking,51,0.0,False,0.0,tier_b,B-20-04,404,channel-wide,on,re
model,overtaking,7.438429675401338,0.0730602943483451,5.44320270342617,,,,goal,False,False,72,32.26691016315746,-41.71047776090813,32,2,9,0,5,7.296026563033971,0.0212209020750181,1.2247311026483751,0.0,0.2402379642409972,0.5426291240627739,0.7156242802978848,2.643059100608514,1.5677887243276825,0,,False,overtaking,54,0.0,False,0.0,tier_b,B-20-05,405,channel-wide,on,re
model,overtaking,8.057504374484907,1.243905965110267,-0.4337811643097371,,,,goal,False,False,61,68.76357708911168,-18.92424820993489,31,0,0,0,0,3.823080446451494,0.0,0.0,0.0,0.0,0.6393540637596381,0.716748337646797,3.837017530574578,1.9446526130695148,0,,False,overtaking,41,0.0,False,0.0,tier_b,B-20-06,406,channel-wide,on,re
model,overtaking,9.931518503991088,0.5037760508122735,-6.1249791199742525,,,,goal,False,False,69,27.544139376997904,-57.98644098192692,26,1,0,0,1,11.567903865461508,0.0081675101528424,0.0,0.0,0.1521972605857511,0.6056074123225365,0.6799393440451785,2.915919426394593,2.4289313222037814,0,,False,overtaking,46,0.0,False,0.0,tier_b,B-20-07,407,channel-wide,on,re
model,overtaking,7.616977935620565,0.1474027724456581,8.759608913418017,,,,goal,False,False,75,39.59681984047944,-36.39892625175696,18,0,12,0,3,4.626467911900908,0.0,3.428393212978896,0.0,0.2568210046940961,0.5134718272172237,0.7220718466317224,2.490687298204368,1.2992455318548697,0,,False,overtaking,53,0.0,False,0.0,tier_b,B-20-08,408,channel-wide,on,re
model,overtaking,8.485512034384586,1.8639807165468096,-3.433799988439352,,,,goal,False,False,101,10.839357059253471,-52.30353665766485,26,1,36,0,1,4.50995469137477,0.0464413847743258,8.20729313924732,0.0,0.045137950985881,0.3718214148098399,0.542675355300738,3.1267028642569885,0.3559354922152919,0,,False,overtaking,74,0.0,False,0.0,tier_b,B-20-09,409,channel-wide,on,re
model,overtaking,8.214010606709078,1.0788280222360762,-8.545642428510183,,,,goal,False,False,61,72.55723307087386,-17.13030182898153,35,0,0,0,0,3.460667036157884,0.0,0.0,0.0,0.0,0.6341739808709564,0.7093512674858716,3.94943623977382,2.040104518672291,0,,False,overtaking,43,0.0,False,0.0,tier_b,B-20-10,410,channel-wide,on,re
model,overtaking,8.420923987844168,0.4186494811155712,-0.3050374182382693,,,,goal,False,False,63,53.27218197615839,-44.10742235067281,27,1,0,0,1,8.868372816260774,0.0024006687177653,0.0,0.0,0.0437985777842333,0.6164449229469006,0.6907410718170839,2.9668752277180737,1.8656433295737676,0,,False,overtaking,47,0.0,False,0.0,tier_b,B-20-11,411,channel-wide,on,re
model,overtaking,7.611138885567528,1.0456050888234951,-5.384105434667963,,,,collision:boundary,True,False,158,-675.6351982846514,-23.949798456285045,21,2,0,0,1,4.68525526245076,0.151065106654206,0.0,0.0,0.0022250287145486,0.3195989222252361,0.6401850553301135,2.4888986525720016,2.442806809578565,1,"8(e) in extremis: overtaking, compliant alteration inadmissible (DCPA 1.98 m, TCPA 3.4 s)",False,overtaking,51,0.0,False,0.0,tier_b,B-20-12,412,channel-wide,on,re
model,overtaking,8.135933019221326,1.947294773658794,-8.669662582224333,,,,goal,False,False,97,-9.45166654698386,-59.62024033290267,27,0,47,0,1,3.6287640893937514,0.0,11.56060392245426,0.0,0.008818659904061,0.3882401973038571,0.6267767147126602,3.200437502120565,0.4009761486980115,0,,False,overtaking,56,0.0,False,0.0,tier_b,B-20-13,413,channel-wide,on,re
model,overtaking,9.7086951975665,0.1940369587370822,1.8708700402559837,,,,goal,False,False,73,31.458017615417745,-54.84289709994516,31,1,0,0,1,11.076452284123253,0.0001905771577535,0.0,0.0,0.0030033192453688,0.57430014793215,0.6914329933873904,2.745458460944057,2.2522329358446,0,,False,overtaking,61,0.0,False,0.0,tier_b,B-20-14,414,channel-wide,on,re
model,overtaking,9.56735743001202,1.3491242965603318,-7.756951576874453,,,,collision:obstacle,True,False,29,-393.4947456978633,-2.6342239485965164,0,0,3,0,0,0.0,0.0,0.7317288746101435,0.0,0.0,0.358486049940341,0.5441093186633236,6.473893808886063,0.1372407586655047,0,,False,overtaking,3,0.0,False,0.0,tier_b,B-20-15,415,channel-wide,on,re
model,overtaking,8.378828456705033,0.7058863609663593,0.5567275289904927,,,,goal,False,False,63,36.711340068105216,-48.71412895102087,34,0,0,0,1,9.79016801382464,0.0,0.0,0.0,0.0561771739086436,0.617738088121175,0.7231540237467744,3.29937776691354,2.12055655952904,0,,False,overtaking,53,0.0,False,0.0,tier_b,B-20-16,416,channel-wide,on,re
model,overtaking,7.697574287232197,1.9841873597230613,4.160351062392063,,,,goal,False,False,83,-89.75996477114762,-96.66270919616994,24,21,43,0,9,3.677136100205956,4.650173292070141,11.581169825278858,0.0,3.055625851866523,0.458757625637076,0.8090656714341551,1.3635639576362304,0.3633707895415587,0,,False,overtaking,54,0.0,False,0.0,tier_b,B-20-17,417,channel-wide,on,re
model,overtaking,8.649580548000994,1.0427519223353696,6.899343264938029,,,,goal,False,False,79,-70.6753395667835,-89.05876890376291,34,14,30,0,5,9.655772370590528,3.1118271971710154,6.900343466015124,0.0,0.2262032368197435,0.4825239766391603,0.9375317048642312,1.2381498554346602,0.6218155193075962,0,,False,overtaking,44,0.0,False,0.0,tier_b,B-20-18,418,channel-wide,on,re
model,overtaking,9.90062908252031,1.7237862369603791,3.777776940546058,,,,goal,False,False,65,78.73451429377059,-12.473274548914468,39,0,0,0,0,2.519853444225146,0.0,0.0,0.0,0.0,0.6247745160666323,0.7181720713936165,4.264079592703813,2.3049750792045725,0,,False,overtaking,52,0.0,False,0.0,tier_b,B-20-19,419,channel-wide,on,re
model,overtaking,9.378038939293296,1.500356931531722,6.512026887064401,,,,goal,False,False,66,92.45612617779123,-11.125328637452649,25,0,0,0,0,2.2475411388793223,0.0,0.0,0.0,0.0,0.5931486613646181,0.6817016618446207,4.126491948752131,1.8818990388170829,0,,False,overtaking,39,0.0,False,0.0,tier_b,B-21-00,420,channel-wide,on,nc
model,overtaking,8.395527068617241,0.6170947014340373,-9.642317684415646,,,,goal,False,False,65,-2.0535968798307778,-84.96879815311566,45,12,0,0,12,14.845375871218454,0.8886892505652045,0.0,0.0,1.574483511174783,0.6205861748243369,0.7243630066902326,2.3470789278737065,2.300504587391145,0,,False,overtaking,57,0.0,False,0.0,tier_b,B-21-01,421,channel-wide,on,nc
model,overtaking,8.278197406608703,0.9433950806873186,1.501581382284913,,,,goal,False,False,64,15.969025557751069,-63.505243091151776,37,0,0,0,0,12.82934203861652,0.0,0.0,0.0,0.0,0.6034433662249783,0.6996300985799281,3.240580447328957,1.7872833232412766,0,,False,overtaking,48,0.0,False,0.0,tier_b,B-21-02,422,channel-wide,on,nc
model,overtaking,9.216296988408274,0.1787226194188709,-9.3260295991365,,,,goal,False,False,66,12.815353546422967,-74.38136576269454,28,4,0,0,5,14.87237932282606,0.0086705470469467,0.0,0.0,0.1600375348495932,0.5927343927612827,0.6742743733607763,2.8078936661899,2.139648964334365,0,,False,overtaking,43,0.0,False,0.0,tier_b,B-21-03,423,channel-wide,on,nc
model,overtaking,8.985337490196263,1.1430350725217666,4.322931523118935,,,,goal,False,False,64,80.26609426421842,-17.053422631887535,31,0,0,0,0,3.4451358852298064,0.0,0.0,0.0,0.0,0.6099439019820803,0.6879871735320782,3.8157101184098994,1.9580149382687868,0,,False,overtaking,44,0.0,False,0.0,tier_b,B-21-04,424,channel-wide,on,nc
model,overtaking,7.624133937659979,0.2913564863429998,-9.987121092706577,,,,collision:target,True,True,86,-499.34158660416495,-59.19754547203917,37,4,1,0,11,9.47427123286812,1.2250916231620348,0.0145404363404915,0.0,1.3740786141920265,0.4306872551152786,0.6924951484187826,1.3492566334308118,2.366718682856692,1,"8(e) in extremis: overtaking, compliant alteration inadmissible (DCPA 2.02 m, TCPA 4.0 s)",True,overtaking,51,0.0,False,0.0,tier_b,B-21-05,425,channel-wide,on,nc
model,overtaking,8.421515852901232,0.8560978279106035,-1.6080366736785194,,,,goal,False,False,64,56.2249110930352,-21.549012002913127,44,0,0,0,0,4.353335758164269,0.0,0.0,0.0,0.0,0.6140067606537929,0.7299760692589468,3.5402458863635933,2.1627887017397183,0,,False,overtaking,49,0.0,False,0.0,tier_b,B-21-06,426,channel-wide,on,nc
model,overtaking,9.092767431169143,0.6533809699687441,-5.724143649145588,,,,collision:target,True,True,95,-492.17364210371454,-57.52420560944799,40,2,0,0,10,11.180386412401663,0.1080947731702971,0.0,0.0,0.365827497970395,0.4219988060482304,0.6340840709380916,1.723805937491006,2.544142458907792,1,"8(e) in extremis: overtaking, compliant alteration inadmissible (DCPA 2.00 m, TCPA 4.8 s)",True,overtaking,50,0.0,False,0.0,tier_b,B-21-07,427,channel-wide,on,nc
model,overtaking,9.296261209093764,0.7756114460540446,8.13760132006999,,,,goal,False,False,68,16.567074172927533,-67.58755685858316,33,0,0,0,0,13.654051890622863,0.0,0.0,0.0,0.0,0.5780333856852937,0.6558230126227638,3.854030084703538,2.3060549770201435,0,,False,overtaking,51,0.0,False,0.0,tier_b,B-21-08,428,channel-wide,on,nc
model,overtaking,10.353620285104466,1.1382303405482792,-1.232848140727043,,,,goal,False,False,132,-110.39060220006252,-47.32975333410029,14,1,55,0,0,1.5383498931957005,0.2173460439304254,10.733071790368324,0.0,0.0,0.2843666227088915,0.5450157163818605,3.8584915963247792,0.1940088485546912,0,,False,overtaking,94,0.0,False,0.0,tier_b,B-21-09,429,channel-wide,on,nc
model,overtaking,9.017789531701837,0.3608644895826651,6.902361284648158,,,,goal,False,False,81,-20.30990409036976,-98.20251421431136,39,7,9,0,4,17.29217297142344,0.5789882246933705,2.242914301890731,0.0,0.370172179272563,0.5575147493366619,0.6791370079357463,2.747326566641977,2.068892648092437,0,,False,overtaking,69,0.0,False,0.0,tier_b,B-21-10,430,channel-wide,on,nc
model,overtaking,9.667097571254333,0.1345952313955669,-4.98515215083321,,,,goal,False,False,66,52.48338085082292,-31.35561885921524,23,0,0,0,1,6.158718763322131,0.0,0.0,0.0,0.1933246623934847,0.6001724148393764,0.7409273031673722,3.122713217111296,2.331788823568905,0,,False,overtaking,36,0.0,False,0.0,tier_b,B-21-11,431,channel-wide,on,nc
model,overtaking,7.986782007228162,0.0008371971187062,3.7955657573828674,,,,goal,False,False,66,36.24259321313614,-48.194468276995565,35,0,0,0,0,9.73625621757486,0.0,0.0,0.0,0.0,0.5915440975829093,0.6813898819118136,2.930586823066781,2.27559894142243,0,,False,overtaking,56,0.0,False,0.0,tier_b,B-21-12,432,channel-wide,on,nc
model,overtaking,7.255804114526941,1.525241379421712,-6.500071617480816,,,,goal,False,False,63,72.75597409015343,-18.96234264918564,40,0,0,0,0,3.8307762927647753,0.0,0.0,0.0,0.0,0.6189813257120784,0.683770587337878,3.376812504445277,1.6791894966629106,0,,False,overtaking,44,0.0,False,0.0,tier_b,B-21-13,433,channel-wide,on,nc
model,overtaking,9.987862266636014,0.560584205389552,3.053956886962389,,,,collision:boundary,True,False,103,-444.1244916707101,-84.91328343678745,34,9,19,0,11,9.9103915473681,1.6425674329624975,4.796198358329432,0.0,2.324404976481113,0.4479980732885317,0.5474122028657976,1.5409905976125282,1.314881966952539,0,,False,overtaking,91,0.0,False,0.0,tier_b,B-21-14,434,channel-wide,on,nc
model,overtaking,9.883911040969082,1.8880968108508605,3.8409567095622874,,,,collision:target,True,True,100,-683.1995053060984,-257.53385894819763,72,12,0,0,8,47.33337496312635,3.8818767677526633,0.0,0.0,0.9716889985542044,0.4464028463670318,0.5603985595709515,1.1670273783726974,2.9838859345106097,0,,False,overtaking,72,0.0,False,0.0,tier_b,B-21-15,435,channel-wide,on,nc
model,overtaking,7.19528812386838,1.8932576976136384,-1.3394959825967163,,,,goal,False,False,116,-97.98113390910602,-94.41520123622688,21,1,55,0,4,7.892116320225612,0.0276104420371911,14.634442939989071,0.0,0.5619020397922927,0.3270045162215906,0.628749128799624,2.525400606399644,0.5468977508968992,0,,False,overtaking,90,0.0,False,0.0,tier_b,B-21-16,436,channel-wide,on,nc
model,overtaking,7.738069776104006,0.2784433353755646,-8.300198316240529,,,,goal,False,False,63,33.16487959603184,-51.9887082923808,38,3,0,0,2,10.444766174226404,0.0185971413741946,0.0,0.0,0.0433466400350777,0.6243528089440192,0.7264835206370365,2.918331178643912,2.048737635262572,0,,False,overtaking,49,0.0,False,0.0,tier_b,B-21-17,437,channel-wide,on,nc
model,overtaking,10.084461620184904,0.4205209528772882,0.9015131304951858,,,,collision:boundary,True,False,124,-606.5643506334607,-116.2075652664231,55,4,12,0,12,19.771443789822605,1.0286639553155823,2.369007173289622,0.0,1.048579134254758,0.3760004223162465,0.5902604271712345,2.270044871251079,2.190400723557676,1,"8(e) in extremis: overtaking, compliant alteration inadmissible (DCPA 1.63 m, TCPA 4.9 s)",False,overtaking,86,0.0,False,0.0,tier_b,B-21-18,438,channel-wide,on,nc
model,overtaking,9.547207582007758,0.7710360542284334,-4.574168504555141,,,,goal,False,False,66,43.60069200189978,-44.02581209015207,29,0,0,0,1,8.858437349661864,0.0,0.0,0.0,0.0392327131835234,0.5976912273182289,0.7029142449696074,4.004158930026327,2.3053336158961666,0,,False,overtaking,37,0.0,False,0.0,tier_b,B-21-19,439,channel-wide,on,nc
model,being_overtaken,9.176140960107354,1.9876231448331287,8.304486130195926,,False,,goal,False,False,90,-20.567241952437698,-8.33983915778973,0,0,0,4,0,0.0,0.0,0.0,2.0592195451332667,0.0,0.4383923022933179,0.6665215382739597,2.0178795171072044,1.772758823981745,0,,False,being_overtaken,18,0.0,False,0.0,tier_b,B-22-00,440,channel-wide,on,cv
model,being_overtaken,7.787487590991263,1.7160441962329505,2.1642800805827385,,False,,goal,False,False,65,89.53578855928512,-40.329388734943215,0,0,0,10,0,0.0,0.0,0.0,9.957873761714374,0.0,0.5908962854110799,0.7854968803549414,1.5927588418638785,0.6086800653163141,0,,False,being_overtaken,19,0.0,False,0.0,tier_b,B-22-01,441,channel-wide,on,cv
model,being_overtaken,7.830659890535026,1.8405923958576564,-3.566293229645105,,False,,goal,False,False,68,30.87593356693813,-29.779241510144285,7,0,1,14,0,0.1622807945890719,0.0,0.0244007791972226,7.132866363411945,0.0,0.5761857593993778,0.6802502708061406,3.0146495561226523,1.9091263343734604,0,,False,being_overtaken,22,0.0,False,0.0,tier_b,B-22-02,442,channel-wide,on,cv
model,being_overtaken,8.408735368317396,1.8561415582299683,0.7076318525954228,,False,,goal,False,False,71,37.952020347025645,-18.76668332977397,0,1,0,11,0,0.0,0.0738329141039422,0.0,4.543508741965297,0.0,0.5516245747682739,0.6837182023637133,2.908042522390712,1.5168286669306914,0,,False,being_overtaken,17,0.0,False,0.0,tier_b,B-22-03,443,channel-wide,on,cv
model,being_overtaken,9.843491584074446,1.7099442632523971,-7.750604792903937,,False,,goal,False,False,72,61.4085292136307,-30.4837103628254,0,0,0,20,0,0.0,0.0,0.0,7.52684206489516,0.0,0.5301623326905917,0.727499325214876,3.047113127276908,1.4463614714827395,0,,False,being_overtaken,20,0.0,False,0.0,tier_b,B-22-04,444,channel-wide,on,cv
model,being_overtaken,9.716295924913602,1.6723976105429958,-4.742870313522902,,False,,goal,False,False,72,71.2870553384291,-17.16721993783013,0,0,0,12,0,0.0,0.0,0.0,4.238819737735833,0.0,0.5483999949930791,0.7147572638815997,3.044927681032373,1.7502875806372706,0,,False,being_overtaken,12,0.0,False,0.0,tier_b,B-22-05,445,channel-wide,on,cv
model,being_overtaken,8.049056476873343,1.556278143242964,-5.372490966861983,,False,,goal,False,False,72,53.85111934700384,-18.42752714304558,0,0,0,18,0,0.0,0.0,0.0,4.550006701986563,0.0,0.5411194533136716,0.740766589222752,3.3058701259684606,1.660314332124558,0,,False,being_overtaken,18,0.0,False,0.0,tier_b,B-22-06,446,channel-wide,on,cv
model,being_overtaken,7.799354909629701,1.6611901037744503,-2.8854686619446817,,False,,goal,False,False,68,96.40916013536814,-13.926720465689094,0,0,0,9,0,0.0,0.0,0.0,3.438696411281257,0.0,0.5680108154993703,0.7448109576179862,2.5960036605491417,1.111555618273188,0,,False,being_overtaken,16,0.0,False,0.0,tier_b,B-22-07,447,channel-wide,on,cv
model,being_overtaken,8.690239765618927,1.474073368222048,5.519243872692378,,False,,goal,False,False,71,116.89388194748712,-13.398926284550706,0,0,0,4,0,0.0,0.0,0.0,3.30837686038289,0.0,0.5485365877332797,0.7269097159650604,1.4840497316816403,0.5031907496762177,0,,False,being_overtaken,16,0.0,False,0.0,tier_b,B-22-08,448,channel-wide,on,cv
model,being_overtaken,7.881090102230327,2.065411905633429,-9.26958123163976,,False,,goal,False,False,71,-38.74540440505156,-17.215180069578473,0,0,0,13,0,0.0,0.0,0.0,4.250661745574932,0.0,0.5519499048427492,0.6955178481027273,3.132564343637065,1.849402696584056,0,,False,being_overtaken,13,0.0,False,0.0,tier_b,B-22-09,449,channel-wide,on,cv
model,being_overtaken,9.098864756057598,1.6445286236483645,-4.7520507615088174,,False,,collision:obstacle,True,False,60,-468.8311787056932,-12.048558450061837,0,0,0,5,0,0.0,0.0,0.0,2.974952703718972,0.0,0.4369654279419028,0.555039852359687,2.392145105624285,2.190379263041989,0,,False,being_overtaken,13,0.0,False,0.0,tier_b,B-22-10,450,channel-wide,on,cv
model,being_overtaken,9.017872907729128,1.534551817588098,9.098256866868876,,False,,goal,False,False,74,79.13505896172967,-20.6723866322986,0,0,0,5,0,0.0,0.0,0.0,5.104292995629283,0.0,0.5214651842177139,0.7110615964475562,1.5973565532492044,0.8746174327802703,0,,False,being_overtaken,15,0.0,False,0.0,tier_b,B-22-11,451,channel-wide,on,cv
model,being_overtaken,8.105401831753472,1.534323642569582,8.13629336769647,,False,,goal,False,False,69,67.18487441731338,-48.65076195419857,0,0,0,11,0,0.0,0.0,0.0,12.012533815851498,0.0,0.5577593753566834,0.7408913016240347,1.6590157138124548,0.6579098047108428,0,,False,being_overtaken,26,0.0,False,0.0,tier_b,B-22-12,452,channel-wide,on,cv
model,being_overtaken,7.864085188417205,1.9608852618795736,-7.893296692196108,,False,,goal,False,False,69,84.00022121915865,-16.264375499470074,0,0,0,13,0,0.0,0.0,0.0,4.015895185054339,0.0,0.5628144933674601,0.6788220329748685,3.057533101513509,1.3401491626937208,0,,False,being_overtaken,13,0.0,False,0.0,tier_b,B-22-13,453,channel-wide,on,cv
model,being_overtaken,9.408533292885377,1.5697097422529702,-6.486197967087861,,False,,goal,False,False,72,88.53449720018786,-20.798013339068845,0,0,0,13,0,0.0,0.0,0.0,5.135311935572554,0.0,0.5354819851661777,0.714217218454011,2.690651631523803,1.2473209934891558,0,,False,being_overtaken,16,0.0,False,0.0,tier_b,B-22-14,454,channel-wide,on,cv
model,being_overtaken,9.538599116218393,1.8746514359692283,8.068747088689715,,False,,goal,False,False,68,110.32925725101111,-21.09657212619678,0,0,0,6,0,0.0,0.0,0.0,5.20903015461649,0.0,0.5621910201798441,0.7304347190912905,2.0264423163029064,0.6007918276350532,0,,False,being_overtaken,19,0.0,False,0.0,tier_b,B-22-15,455,channel-wide,on,cv
model,being_overtaken,8.133942791782424,1.5455606303359282,7.337138630819112,,False,,goal,False,False,77,82.01188915868133,-17.76648843370543,0,0,0,6,0,0.0,0.0,0.0,4.386787267581587,0.0,0.4991396312145209,0.7273740760902723,1.7138954969455276,0.3388892547041994,0,,False,being_overtaken,19,0.0,False,0.0,tier_b,B-22-16,456,channel-wide,on,cv
model,being_overtaken,8.995555980542592,1.8271139129257772,-5.859736971695648,,False,,goal,False,False,72,18.77654905279526,-35.16028216051326,0,0,0,14,0,0.0,0.0,0.0,8.681551150744014,0.0,0.5411944392911445,0.6892946543898101,2.855192316291023,1.4846186651646698,0,,False,being_overtaken,15,0.0,False,0.0,tier_b,B-22-17,457,channel-wide,on,cv
model,being_overtaken,10.199644183683365,1.6065873276064564,-7.240453989250293,,False,,goal,False,False,68,86.04667472175448,-13.515383866723676,2,0,0,6,0,0.5364573785762123,0.0,0.0,2.681461689573192,0.0,0.5712386897982316,0.68664978242309,2.571605326928452,1.5715952428444315,0,,False,being_overtaken,17,0.0,False,0.0,tier_b,B-22-18,458,channel-wide,on,cv
model,being_overtaken,8.971209679180744,1.9348478321623988,4.681644550689345,,False,,goal,False,False,68,104.61742826108971,-25.14355094191445,0,0,0,11,0,0.0,0.0,0.0,6.208284183188754,0.0,0.5623769321115248,0.7228355454981662,2.0981799447797225,0.5108269088540592,0,,False,being_overtaken,22,0.0,False,0.0,tier_b,B-22-19,459,channel-wide,on,cv
model,being_overtaken,8.997736007412094,1.8719798176796527,7.562298772641302,,False,,goal,False,False,66,112.31121098184109,-16.290713049708494,0,0,0,7,0,0.0,0.0,0.0,4.0223982838786405,0.0,0.5804953229377424,0.7790488528346807,2.1262170108113247,0.550620832274251,0,,False,being_overtaken,20,0.0,False,0.0,tier_b,B-23-00,460,channel-wide,on,re
model,being_overtaken,9.280914526653158,1.8991711810998813,7.771645627693946,,False,,goal,False,False,75,-7.78964090558901,-55.181482315076906,0,0,0,8,0,0.0,0.0,0.0,14.884013715625125,0.0,0.5272258715601397,0.7708217261316908,1.401729981963287,1.740307243333196,0,,False,being_overtaken,19,0.0,False,0.0,tier_b,B-23-01,461,channel-wide,on,re
model,being_overtaken,8.362939562143401,1.771933915149615,7.94887649577689,,False,,goal,False,False,67,103.07292459490152,-18.690410944579043,0,0,0,7,0,0.0,0.0,0.0,4.614916282612109,0.0,0.5776085501785139,0.7708838498885179,2.077721984289865,0.7073046234776819,0,,False,being_overtaken,16,0.0,False,0.0,tier_b,B-23-02,462,channel-wide,on,re
model,being_overtaken,9.428004410012353,1.6073830435301206,7.606140418726643,,False,,goal,False,False,72,90.49935188050672,-28.01668252438049,0,0,0,6,0,0.0,0.0,0.0,6.917699388735923,0.0,0.5374410332437214,0.7432068542796569,1.7574088319301666,0.5211856525884213,0,,False,being_overtaken,17,0.0,False,0.0,tier_b,B-23-03,463,channel-wide,on,re
model,being_overtaken,8.293797301955069,1.845379619210776,2.044419699169476,,False,,goal,False,False,80,6.442275279111243,-36.50012363440052,0,0,0,6,0,0.0,0.0,0.0,9.054402050073914,0.0,0.4793123004742062,0.7721447466017034,1.265010398020442,1.1604944740075278,0,,False,being_overtaken,20,0.0,False,0.0,tier_b,B-23-04,464,channel-wide,on,re
model,being_overtaken,9.854291046698089,2.1231303294610084,-9.909304134018296,,False,,goal,False,False,73,87.89189253057117,-19.685899514203403,0,0,0,24,0,0.0,0.0,0.0,4.86071592943294,0.0,0.5348292069804021,0.7145096301027046,3.526506545405724,1.3135472788345577,0,,False,being_overtaken,27,0.0,False,0.0,tier_b,B-23-05,465,channel-wide,on,re
model,being_overtaken,9.629790189691873,1.64106838579003,3.834188958125084,,False,,goal,False,False,67,57.77026899168667,-43.0401607886234,0,0,0,15,0,0.0,0.0,0.0,10.627200194721825,0.0,0.584985821956168,0.8194583819707479,1.7400438381740264,0.6842824878228093,0,,False,being_overtaken,24,0.0,False,0.0,tier_b,B-23-06,466,channel-wide,on,re
model,being_overtaken,7.948109270309695,1.3683473913920756,-3.1107924413628973,,False,,goal,False,False,69,0.2109529652879302,-16.144361872561973,0,0,0,6,0,0.0,0.0,0.0,3.9862621907560425,0.0,0.5698406254145599,0.743790540158484,2.058880709325147,1.7156403702620204,0,,False,being_overtaken,12,0.0,False,0.0,tier_b,B-23-07,467,channel-wide,on,re
model,being_overtaken,7.672503872601322,1.4938548387174084,4.131282748524471,,False,,goal,False,False,67,70.70579862666911,-51.13191492471101,0,0,0,14,0,0.0,0.0,0.0,12.625164178940988,0.0,0.5710547228901436,0.7668352586960983,1.6840708768690205,0.5915263127665157,0,,False,being_overtaken,24,0.0,False,0.0,tier_b,B-23-08,468,channel-wide,on,re
model,being_overtaken,7.978192491225289,1.9771335862570685,-8.91964174148698,,False,,goal,False,False,72,26.10324349494992,-33.142278368713264,5,2,1,20,1,1.6623290587254178,0.3247410643808352,0.1274322089321191,5.634226047611354,0.0064244031901539,0.5332609130847951,0.6988336454162426,3.345108220522208,1.4283852097850829,0,,False,being_overtaken,26,0.0,False,0.0,tier_b,B-23-09,469,channel-wide,on,re
model,being_overtaken,8.10620508678502,1.7230386898978356,-3.43688015591082,,False,,goal,False,False,69,94.2756813240038,-17.303187119692026,0,0,0,12,0,0.0,0.0,0.0,4.272391881405437,0.0,0.5533966531732913,0.6888924726840029,2.7169023135179744,1.0794507485160811,0,,False,being_overtaken,16,0.0,False,0.0,tier_b,B-23-10,470,channel-wide,on,re
model,being_overtaken,9.088319523493857,1.5351782310889264,-3.5114801933301294,,False,,goal,False,False,66,43.60142621090564,-24.736263156132296,5,0,1,10,0,0.1868999480970773,0.0,0.0696360821681041,5.8173872882090345,0.0,0.6030216322999673,0.7290312757595971,2.88913923556348,1.9785406202573532,0,,False,being_overtaken,16,0.0,False,0.0,tier_b,B-23-11,471,channel-wide,on,re
model,being_overtaken,7.659173454426465,2.078260832878576,-9.434247459104212,,False,,goal,False,False,75,-12.62383893326475,-14.485241046973943,0,0,0,11,0,0.0,0.0,0.0,3.5766027276478862,0.0,0.5071493826631814,0.7179997711211613,2.8369068858124336,0.8937023427089928,0,,False,being_overtaken,14,0.0,False,0.0,tier_b,B-23-12,472,channel-wide,on,re
model,being_overtaken,8.740825435087887,1.6193852075255402,5.995745097227768,,False,,collision:obstacle,True,False,47,-366.55076845847526,-21.26720909192568,0,0,0,6,0,0.0,0.0,0.0,5.251162738747081,0.0,0.4487104551369206,0.6532315022999425,1.5065628804667464,0.318017228300392,0,,False,being_overtaken,15,0.0,False,0.0,tier_b,B-23-13,473,channel-wide,on,re
model,being_overtaken,10.470545416493248,1.602002777279986,8.006497405962879,,False,,collision:boundary,True,False,80,-485.6920194773473,-60.93708386339242,0,0,0,12,0,0.0,0.0,0.0,15.10192091283814,0.0,0.5077392014836112,0.826013034462153,1.5497178771465168,1.4669804479897692,0,,False,being_overtaken,21,0.0,False,0.0,tier_b,B-23-14,474,channel-wide,on,re
model,being_overtaken,8.835335670640362,1.7937008923235322,7.913044103514924,,False,,collision:boundary,True,False,68,-335.4187956063771,-23.41284280737521,0,0,0,7,0,0.0,0.0,0.0,5.780948841327213,0.0,0.5821169290413545,0.7735907578076516,1.7339932345121662,0.9922575084604828,0,,False,being_overtaken,19,0.0,False,0.0,tier_b,B-23-15,475,channel-wide,on,re
model,being_overtaken,8.33538518020256,1.94531212496073,4.198536355303606,,False,,goal,False,False,65,19.344703447200654,-21.07449401050641,0,0,1,7,0,0.0,0.0,0.0477924441677966,5.161096595432678,0.0,0.5970472180282204,0.8861344548803383,1.7237020668174272,0.9562991524115284,0,,False,being_overtaken,18,0.0,False,0.0,tier_b,B-23-16,476,channel-wide,on,re
model,being_overtaken,8.818489309429765,1.9589682271879547,2.391148402005978,,False,,goal,False,False,64,82.31006907852279,-40.31019311946029,5,1,5,9,4,1.4392053703126122,0.041075724603306,1.8582334544027057,5.805339437008532,0.6181192319760448,0.5971537042987857,0.7820035294674572,2.03071649986617,0.403985880282035,0,,False,being_overtaken,20,0.0,False,0.0,tier_b,B-23-17,477,channel-wide,on,re
model,being_overtaken,7.96127678037857,1.987953265588875,7.864067900036733,,False,,goal,False,False,65,39.51797319845562,-20.108557689213136,0,0,0,7,0,0.0,0.0,0.0,4.965075972645218,0.0,0.5841718780466751,0.8429668977880087,1.979369142011406,0.6656741501834239,0,,False,being_overtaken,19,0.0,False,0.0,tier_b,B-23-18,478,channel-wide,on,re
model,being_overtaken,8.884166712918322,1.516508222494266,3.3295474625973758,,False,,goal,False,False,65,78.85857588188848,-38.09236452727036,0,0,0,10,0,0.0,0.0,0.0,9.405522105498855,0.0,0.5810450754238434,0.8324220066925456,1.7556550767667105,0.6382824216217771,0,,False,being_overtaken,20,0.0,False,0.0,tier_b,B-23-19,479,channel-wide,on,re
model,being_overtaken,8.899907099842467,1.9445558297546373,6.589238433300611,,False,,goal,False,False,83,-28.38599068385973,-29.206677119115128,0,0,0,7,0,0.0,0.0,0.0,7.2115252145963264,0.0,0.4748794736291474,0.7329339612005491,1.6671747768496594,2.0286726651636324,0,,False,being_overtaken,19,0.0,False,0.0,tier_b,B-24-00,480,channel-wide,on,nc
model,being_overtaken,8.712085104382956,1.6940804731597885,-8.336449556080606,,False,,goal,False,False,70,90.24205672789344,-14.306273053032529,0,0,0,12,0,0.0,0.0,0.0,3.5324130995142045,0.0,0.5493712303527992,0.7124489197419577,2.713537901584256,1.2681404045330915,0,,False,being_overtaken,18,0.0,False,0.0,tier_b,B-24-01,481,channel-wide,on,nc
model,being_overtaken,8.284186376800031,1.7560676358278475,-8.64583310567923,,False,,goal,False,False,70,90.87638767820332,-23.709334403405173,0,0,0,16,0,0.0,0.0,0.0,5.8541566428160925,0.0,0.5416767626647886,0.7126909958819659,2.663457990181065,0.9138168265798116,0,,False,being_overtaken,27,0.0,False,0.0,tier_b,B-24-02,482,channel-wide,on,nc
model,being_overtaken,8.389042115574421,2.0211656078634337,-9.079366362513865,,False,,goal,False,False,72,72.57084932227795,-37.678053070645824,0,0,0,19,0,0.0,0.0,0.0,9.303222980406376,0.0,0.5318571938002786,0.6538709127961079,2.9948127801411046,1.115599209893999,0,,False,being_overtaken,19,0.0,False,0.0,tier_b,B-24-03,483,channel-wide,on,nc
model,being_overtaken,9.218709025641974,1.566072259848474,-6.553152888841622,,False,,goal,False,False,74,31.053266962826854,-8.460880711255598,2,0,0,4,0,0.0581093606832856,0.0,0.0,2.0180837965119345,0.0,0.5357823664289297,0.7287293613023663,2.0928697714154114,1.6696629598068766,0,,False,being_overtaken,20,0.0,False,0.0,tier_b,B-24-04,484,channel-wide,on,nc
model,being_overtaken,8.80818044002828,1.5280915993626074,-0.8307227561974599,,False,,goal,False,False,69,99.23249339815094,-18.95977896516849,0,0,0,9,0,0.0,0.0,0.0,4.681426904979873,0.0,0.5595966915000852,0.7352051755893005,2.448598031771371,1.122558917678397,0,,False,being_overtaken,17,0.0,False,0.0,tier_b,B-24-05,485,channel-wide,on,nc
model,being_overtaken,8.718216520554938,1.5929576749405012,9.21434131609211,,False,,goal,False,False,78,79.2712003667205,-24.24103352428978,0,0,0,8,0,0.0,0.0,0.0,5.985440376367848,0.0,0.4949737151482381,0.7052046669247457,1.803646318132461,0.4004982260367365,0,,False,being_overtaken,19,0.0,False,0.0,tier_b,B-24-06,486,channel-wide,on,nc
model,being_overtaken,9.356137139867872,1.850100717215656,-1.5862896491925316,,False,,goal,False,False,69,98.2952253989747,-23.5067217096765,0,0,0,14,0,0.0,0.0,0.0,5.804128817204075,0.0,0.5605153787908792,0.7231722552885004,2.879579940503921,1.1995333836583202,0,,False,being_overtaken,16,0.0,False,0.0,tier_b,B-24-07,487,channel-wide,on,nc
model,being_overtaken,8.71207449048735,1.6607810930953832,-9.20132754577124,,False,,collision:obstacle,True,False,59,-453.106475777702,-16.62122501622029,0,0,0,17,0,0.0,0.0,0.0,4.104006176844516,0.0,0.4385016466079832,0.6484011544515967,3.1895472858391805,1.853549744266345,0,,False,being_overtaken,17,0.0,False,0.0,tier_b,B-24-08,488,channel-wide,on,nc
model,being_overtaken,8.62116731193575,2.115467472662786,-9.1275054579281,,False,,goal,False,False,72,88.38346935934783,-11.637222811479514,0,0,0,30,0,0.0,0.0,0.0,2.87338834851346,0.0,0.5341657588728688,0.7732157749786083,3.512443309470743,1.179298174811935,0,,False,being_overtaken,30,0.0,False,0.0,tier_b,B-24-09,489,channel-wide,on,nc
model,being_overtaken,9.725026990649589,1.6720698118476431,5.092688321189339,,False,,goal,False,False,79,3.2768562451777683,-36.17723554274036,0,0,0,9,0,0.0,0.0,0.0,8.932650751293917,0.0,0.4927290924517126,0.6842472620857265,1.5089504858928968,1.3839320954024747,0,,False,being_overtaken,19,0.0,False,0.0,tier_b,B-24-10,490,channel-wide,on,nc
model,being_overtaken,10.141253558356846,1.98425346888397,2.554588777759557,,False,,goal,False,False,66,99.0095919388472,-25.1263609557207,0,0,0,7,0,0.0,0.0,0.0,6.204039742153259,0.0,0.5868549067665675,0.7846564054116295,1.866889763652942,0.5836879603555248,0,,False,being_overtaken,18,0.0,False,0.0,tier_b,B-24-11,491,channel-wide,on,nc
model,being_overtaken,8.732542822818804,1.670162036801078,7.002645151168821,,False,,goal,False,False,88,-58.024273374413056,-42.91553251902442,0,0,0,8,0,0.0,0.0,0.0,12.116219256420482,0.0,0.4556016747923843,0.7680102366050492,1.4612356196441156,1.5865187802998273,0,,False,being_overtaken,18,0.0,False,0.0,tier_b,B-24-12,492,channel-wide,on,nc
model,being_overtaken,8.302423629187722,1.5468909819404986,-4.708004651273683,,False,,goal,False,False,69,65.76104596040554,-12.92562856560965,0,0,0,5,0,0.0,0.0,0.0,3.1915132260764563,0.0,0.5651069118457015,0.743000891102916,2.4776238388823164,1.560623406904481,0,,False,being_overtaken,17,0.0,False,0.0,tier_b,B-24-13,493,channel-wide,on,nc
model,being_overtaken,8.207484069554228,1.431911418108696,7.106536495085301,,False,,collision:boundary,True,False,66,-384.04666942835377,-31.20421529161863,0,0,0,11,0,0.0,0.0,0.0,7.704744516449046,0.0,0.5936179767843024,0.8739161603403123,1.5465918613392595,1.0591038830004695,0,,False,being_overtaken,20,0.0,False,0.0,tier_b,B-24-14,494,channel-wide,on,nc
model,being_overtaken,10.150569285298523,1.2337767967048168,2.098308615412698,,False,,collision:boundary,True,False,68,-378.5076251603566,-26.322093151939036,0,0,2,8,0,0.0,0.0,0.1000258058311446,6.41037043233257,0.0,0.5756140728994766,0.9353641729604364,1.301373699088726,1.2186579818251924,0,,False,being_overtaken,18,0.0,False,0.0,tier_b,B-24-15,495,channel-wide,on,nc
model,being_overtaken,9.813765809939229,1.8827285556137312,5.753849198157074,,False,,goal,False,False,86,-14.607922185482096,-10.70999078919784,0,0,0,4,0,0.0,0.0,0.0,2.644442170172306,0.0,0.4601865136272932,0.6799771237897997,1.5788708147267745,1.5881503978801932,0,,False,being_overtaken,14,0.0,False,0.0,tier_b,B-24-16,496,channel-wide,on,nc
model,being_overtaken,7.688348876090628,1.6049480744493156,7.349449477400128,,False,,goal,False,False,69,104.01906542521591,-20.86724629874732,0,0,0,7,0,0.0,0.0,0.0,5.152406493517856,0.0,0.5603526317209855,0.7535653750545226,1.886849208078519,0.4472712319258755,0,,False,being_overtaken,18,0.0,False,0.0,tier_b,B-24-17,497,channel-wide,on,nc
model,being_overtaken,9.187772727743308,1.6807035742157463,2.570955072461821,,False,,goal,False,False,70,111.35917153368403,-16.41524917015641,0,0,0,5,0,0.0,0.0,0.0,4.053147943248496,0.0,0.5460516214826431,0.71937214293307,1.654584568214876,0.3871481712168138,0,,False,being_overtaken,14,0.0,False,0.0,tier_b,B-24-18,498,channel-wide,on,nc
model,being_overtaken,8.100396141630856,1.4951081851729429,-6.20562678750455,,False,,collision:obstacle,True,False,40,-364.3280822705564,-10.254144696062175,0,0,0,5,0,0.0,0.0,0.0,2.531887579274611,0.0,0.4308378619132652,0.554606631103742,2.0977603078899763,0.6619115859705156,0,,False,being_overtaken,15,0.0,False,0.0,tier_b,B-24-19,499,channel-wide,on,nc
model,,9.148491274517,6.402787750407577,0.4397175180479955,,,,goal,False,False,66,87.9295743320028,-7.028637719002166,3,0,1,0,0,1.3610713461594504,0.0,0.0809262654202459,0.0,0.0,0.5816783093677313,0.892423303516383,8.74887776525163,0.5244726126880689,0,,False,overtaking,7,0.0,False,0.0,tier_b,B-25-00,500,channel-wide,on,cv
model,,9.451734655464186,4.731557190491743,-5.032369587205379,,,,goal,False,False,69,102.75877633310438,0.0,0,0,0,0,0,0.0,0.0,0.0,0.0,0.0,0.5639454889764172,0.6857680824249534,7.5551975761235,1.6118210720497914,0,,False,never,0,0.0,False,0.0,tier_b,B-25-01,501,channel-wide,on,cv
model,,8.944260724853711,8.952642133156829,8.893581489770433,,,,goal,False,False,67,100.33854523385584,0.0,0,0,0,0,0,0.0,0.0,0.0,0.0,0.0,0.5757945079778891,0.7429006040398441,9.004264882505483,1.4996937973571156,0,,False,never,0,0.0,False,0.0,tier_b,B-25-02,502,channel-wide,on,cv
model,,8.840206203133084,6.161425379424803,1.5293254566548935,,,,goal,False,False,76,28.73810240324353,0.0,0,0,0,0,0,0.0,0.0,0.0,0.0,0.0,0.5367704417241984,0.7332760285199589,8.073819420599554,1.7685515720414002,0,,False,never,0,0.0,False,0.0,tier_b,B-25-03,503,channel-wide,on,cv
model,,8.620568506562376,10.962511564517294,9.142703552249934,,,,goal,False,False,61,82.02266878967332,0.0,0,0,0,0,0,0.0,0.0,0.0,0.0,0.0,0.6511508796625238,0.800173421021523,9.53468479321154,1.95726277947333,0,,False,never,0,0.0,False,0.0,tier_b,B-25-04,504,channel-wide,on,cv
model,,9.242216649590386,11.219622393304087,8.184640378419932,,,,collision:obstacle,True,False,22,-377.82771549253226,0.0,0,0,0,0,0,0.0,0.0,0.0,0.0,0.0,0.4561499776628873,0.5929465007278423,11.664062522687413,0.5203176128183395,0,,False,never,0,0.0,False,0.0,tier_b,B-25-05,505,channel-wide,on,cv
model,,8.61309733735999,6.25032246275428,-5.682538319219743,,,,collision:obstacle,True,False,61,-373.8073712631742,0.0,0,0,0,0,0,0.0,0.0,0.0,0.0,0.0,0.4655794143284877,0.5603169633019692,8.987177572473929,1.8768211043442664,0,,False,never,0,0.0,False,0.0,tier_b,B-25-06,506,channel-wide,on,cv
model,,9.617260342216374,3.04771600803764,2.69249906769684,,,,goal,False,False,68,70.20108147323148,0.0,0,0,0,0,0,0.0,0.0,0.0,0.0,0.0,0.5801458511197851,0.7240403544447505,8.286925098065344,1.7688725985516591,0,,False,never,0,0.0,False,0.0,tier_b,B-25-07,507,channel-wide,on,cv
model,,8.13414758986525,7.280631951295624,-7.315134375813792,,,,goal,False,False,65,0.9107698992768718,0.0,0,0,0,0,0,0.0,0.0,0.0,0.0,0.0,0.6262930799978512,0.7829114407618125,11.017180186759836,2.1382170576249946,0,,False,never,0,0.0,False,0.0,tier_b,B-25-08,508,channel-wide,on,cv
model,,9.737461975003688,8.016092314131617,5.597294768606961,,,,goal,False,False,61,48.66081724380062,-0.6212730908127828,4,0,0,0,0,0.1255097153157137,0.0,0.0,0.0,0.0,0.6473318875023818,0.92144592709135,5.708733842737488,1.5066801147622797,0,,False,overtaking,9,0.0,False,0.0,tier_b,B-25-09,509,channel-wide,on,cv
model,,8.122325075182271,7.841318139058018,-6.207095948311854,,,,goal,False,False,68,123.35487483921506,0.0,0,0,0,0,0,0.0,0.0,0.0,0.0,0.0,0.5633126031942279,0.6634772140282233,8.67154073356534,0.9994328877597768,0,,False,never,0,0.0,False,0.0,tier_b,B-25-10,510,channel-wide,on,cv
model,,9.90880419642528,5.663451138824793,-0.4308896439005689,,,,goal,False,False,63,104.67355091989208,0.0,0,0,0,0,0,0.0,0.0,0.0,0.0,0.0,0.6019100614502471,0.8501530031214735,11.75422346490303,0.5297426128526512,0,,False,never,0,0.0,False,0.0,tier_b,B-25-11,511,channel-wide,on,cv
model,,9.502938650714109,3.825723767036251,0.211251499688668,,,,goal,False,False,67,94.3503449527778,0.0,0,0,0,0,0,0.0,0.0,0.0,0.0,0.0,0.5766784826191578,0.7215728812647297,7.039362153167607,1.3487040223049138,0,,False,never,0,0.0,False,0.0,tier_b,B-25-12,512,channel-wide,on,cv
model,,9.145113939273807,4.65353886459703,9.684145237801992,,,,goal,False,False,73,140.2694094704431,0.0,0,0,0,0,0,0.0,0.0,0.0,0.0,0.0,0.5155367705353907,0.6763294604732907,7.805245741064653,0.2734140150519555,0,,False,never,0,0.0,False,0.0,tier_b,B-25-13,513,channel-wide,on,cv
model,,8.540869003685835,6.440878065760948,-5.532642964342569,,,,goal,False,False,70,72.08841921436736,0.0,0,0,0,0,0,0.0,0.0,0.0,0.0,0.0,0.5655112303491598,0.7162041612154276,7.75602103158286,1.6198799154256385,0,,False,never,0,0.0,False,0.0,tier_b,B-25-14,514,channel-wide,on,cv
model,,9.530458451563968,0.8811586963066381,4.713357731970419,,,,goal,False,False,68,59.856006638174655,-6.368438533877811,5,0,4,0,0,0.8692845731951507,0.0,0.5737444157116152,0.0,0.0,0.5926697696562874,0.7538405171542307,8.01687678567373,1.9085821660114828,0,,False,overtaking,5,0.0,False,0.0,tier_b,B-25-15,515,channel-wide,on,cv
model,,8.880922171258694,1.2697132938208866,-5.3031942083467705,,,,goal,False,False,73,15.715254803859253,0.0,0,0,0,0,0,0.0,0.0,0.0,0.0,0.0,0.548156878309371,0.6611979805939106,7.804172030695762,2.392950757645557,0,,False,never,0,0.0,False,0.0,tier_b,B-25-16,516,channel-wide,on,cv
model,,9.098926431956274,4.908386944179392,-0.4976229718727971,,,,goal,False,False,70,142.78724150029225,0.0,0,0,0,0,0,0.0,0.0,0.0,0.0,0.0,0.5397282028155937,0.5969936189234517,6.598421297143587,0.6732839789572574,0,,False,never,0,0.0,False,0.0,tier_b,B-25-17,517,channel-wide,on,cv
model,,9.751036800492589,7.5754217263946355,-5.412589800173107,,,,goal,False,False,71,73.7242477262927,0.0,0,0,0,0,0,0.0,0.0,0.0,0.0,0.0,0.5465388862704502,0.6344133322095761,8.322974889203103,1.419577214533237,0,,False,never,0,0.0,False,0.0,tier_b,B-25-18,518,channel-wide,on,cv
model,,7.791952507070525,6.698525261744153,6.654726730636785,,,,goal,False,False,66,114.29489184220976,0.0,0,0,0,0,0,0.0,0.0,0.0,0.0,0.0,0.5794167374598158,0.6741795560564198,7.63483309802672,0.937926374641089,0,,False,never,0,0.0,False,0.0,tier_b,B-25-19,519,channel-wide,on,cv
model,head_on,6.125702528734099,0.8270327845462129,179.2251828374541,,,,collision:boundary,True,False,41,-528.460240292987,-18.65592714454959,5,0,14,0,0,0.6706272972455847,0.0,4.260089450884429,0.0,0.0,0.6337838000781831,0.8864960161080612,2.679952980811015,1.7870127335596546,0,,False,head_on,14,0.0,False,0.0,tier_b,B-26-00,520,channel-intermediate,on,cv
model,head_on,6.956945872821609,1.1262771991837688,171.96380863412057,,,,goal,False,False,57,86.58621415034204,-42.43659449654776,15,0,3,0,6,7.434559471954427,0.0,0.1778981444576352,0.0,1.1100203978501924,0.6685407140192592,0.9461188403372726,1.913776384805264,0.4171772723912471,0,,False,head_on,25,0.0,False,0.0,tier_b,B-26-01,521,channel-intermediate,on,cv
model,head_on,5.813691612373368,0.7243904830463765,178.1593207818909,,,,goal,False,False,55,65.51747570490382,-51.247477582762095,13,0,6,0,8,7.3310058628840125,0.0,1.0676830319129371,0.0,2.4700754770221427,0.6988144455882511,0.926175582197176,1.5950596646375188,0.4741740075606408,0,,False,head_on,21,0.0,False,0.0,tier_b,B-26-02,522,channel-intermediate,on,cv
model,head_on,5.076838830359651,1.410166799504215,175.4952759060759,,,,goal,False,False,54,29.08824024864224,-51.93018820885528,13,0,23,0,6,4.317017444611135,0.0,7.779339438744716,0.0,0.5678510841220391,0.7196101840501238,0.9936955962168036,2.2370294780331,0.5498663874014341,0,,False,head_on,23,0.0,False,0.0,tier_b,B-26-03,523,channel-intermediate,on,cv
model,head_on,7.5386941186049725,1.13545725945971,170.05394369213835,,,,goal,False,False,55,58.72541553423697,-18.75403292228541,3,0,6,0,3,2.4702526531653644,0.0,1.13720475965683,0.0,0.5405211454116156,0.7172715652937838,0.9472969752577302,2.213524741895596,1.1088126716825568,0,,False,head_on,20,0.0,False,0.0,tier_b,B-26-04,524,channel-intermediate,on,cv
model,head_on,6.993099870476826,0.8766186172193919,187.59693364868988,,,,goal,False,False,57,76.81414101579736,-26.42676472645889,9,0,1,0,6,3.769455918984334,0.0,0.2109441033456571,0.0,1.5574575900982377,0.6777056502232298,0.8591549707553154,2.2003473879732587,0.9226792661798396,0,,False,head_on,21,0.0,False,0.0,tier_b,B-26-05,525,channel-intermediate,on,cv
model,head_on,7.467207676924273,0.3007041506316268,171.07209828075926,,,,goal,False,False,59,95.19125486326584,-35.018049692592534,7,0,10,0,1,4.971774936517325,0.0,2.678037573614898,0.0,0.1704063315151411,0.660696335360832,0.8990807635916958,1.4957009514163848,0.5355422552171856,0,,False,head_on,23,0.0,False,0.0,tier_b,B-26-06,526,channel-intermediate,on,cv
model,head_on,5.757362771720688,0.8456426532500301,177.26385192122825,,,,goal,False,False,52,-289.84145469229804,-33.9866398380903,9,0,8,0,2,5.267255325364717,0.0,1.5547742911053892,0.0,0.5147863399012351,0.7563373146360626,0.9544302948187906,1.7306519175459378,1.5007024243118705,0,,False,head_on,21,0.0,False,0.0,tier_b,B-26-07,527,channel-intermediate,on,cv
model,head_on,6.717905894864317,1.6376791104899888,175.81771862101834,,,,goal,False,False,60,85.54580767617377,0.0,0,0,0,0,0,0.0,0.0,0.0,0.0,0.0,0.6454001244931626,0.8594023308846193,3.281657736390408,1.1483594737126144,0,,False,never,0,0.0,False,0.0,tier_b,B-26-08,528,channel-intermediate,on,cv
model,head_on,5.954108607547361,1.796434273900808,179.5749582717038,,,,collision:target,True,True,28,-319.6499885199189,-7.390908645008864,0,0,7,0,3,0.0,0.0,0.860470573612342,0.0,0.9540476844454292,0.4661415213790788,0.591453671383323,0.9998270816763486,0.8988089281598535,0,,False,head_on,17,0.0,False,0.0,tier_b,B-26-09,529,channel-intermediate,on,cv
model,head_on,7.397610601606316,0.9545745971014064,170.05700387770744,,,,goal,False,False,56,71.4399573958772,0.0,0,0,0,0,0,0.0,0.0,0.0,0.0,0.0,0.6913669187776748,0.8716700522328815,3.150529574001808,1.6094464301974716,0,,False,never,0,0.0,False,0.0,tier_b,B-26-10,530,channel-intermediate,on,cv
model,head_on,4.883712477902309,0.9460277466862236,180.7821626860525,,,,goal,False,False,55,59.89939320391791,-57.53160304770783,15,0,5,0,9,9.054604691003831,0.0,1.309959960700025,0.0,1.77676754860417,0.6940350405061001,0.9368572747911432,1.7547297096003756,0.4435369534111796,0,,False,head_on,23,0.0,False,0.0,tier_b,B-26-11,531,channel-intermediate,on,cv
model,head_on,6.031453920675728,0.76794608047052,172.7295372442368,,,,goal,False,False,55,37.16855792551309,-32.60428987921741,8,0,8,0,7,3.5464030347454925,0.0,1.906922988126888,0.0,1.8188160222156495,0.7278134662351751,0.9207913670988616,1.7426805142437574,1.0425765488547711,0,,False,head_on,20,0.0,False,0.0,tier_b,B-26-12,532,channel-intermediate,on,cv
model,head_on,7.231250417382652,0.7489811747856479,173.57331880518225,,,,goal,False,False,59,112.75582473649985,-12.913164627204676,2,0,8,0,2,1.218612404795031,0.0,1.18551458934225,0.0,0.5807068226304825,0.6614407793668639,0.9180715845438446,1.2539307129652495,0.5326836538826972,0,,False,head_on,17,0.0,False,0.0,tier_b,B-26-13,533,channel-intermediate,on,cv
model,head_on,5.401785972485323,1.0821976558040416,179.6018334050062,,,,goal,False,False,60,92.27136345153689,-35.51847398999831,10,0,23,0,1,1.412834792424812,0.0,7.889539209396371,0.0,0.0272445808152351,0.6355697596174228,0.7236120594393007,2.161278787526657,0.6398181801245573,0,,False,head_on,24,0.0,False,0.0,tier_b,B-26-14,534,channel-intermediate,on,cv
model,head_on,8.068235091918208,1.527778072988034,182.8668975257964,,,,goal,False,False,61,52.28137072932113,-44.92767947345905,23,0,17,0,2,7.314031927651252,0.0,2.280775487042363,0.0,0.1138732618295225,0.643418082727061,0.8303634714261897,3.707566287091776,1.6980203164283765,0,,False,head_on,23,0.0,False,0.0,tier_b,B-26-15,535,channel-intermediate,on,cv
model,head_on,5.446065671341044,0.4971910242099493,171.1992350578744,,,,goal,False,False,55,86.3169753716185,-30.06779153959897,6,0,5,0,5,4.729381550550612,0.0,0.5242688170214952,0.0,1.059996694021346,0.6938991305222779,0.9547653181869552,1.4928347643948912,0.4476104782188607,0,,False,head_on,17,0.0,False,0.0,tier_b,B-26-16,536,channel-intermediate,on,cv
model,head_on,5.21553423070622,0.2575655733281778,188.65456486550303,,,,goal,False,False,60,76.60116726305331,-42.82946062556762,8,0,18,0,5,3.5235779007230974,0.0,5.274234781578249,0.0,1.4223344007347976,0.6318905218791753,0.753994685164288,1.478962238912285,0.6783055834849956,0,,False,head_on,18,0.0,False,0.0,tier_b,B-26-17,537,channel-intermediate,on,cv
model,head_on,6.946852752850262,1.0005699658701128,180.40805944103545,,,,goal,False,False,61,60.95758603567029,-33.559126039942605,11,0,19,0,0,2.258134228858784,0.0,6.2170448908587845,0.0,0.0,0.6253547585017745,0.7464546224791544,2.5654428603847026,1.010632180871925,0,,False,head_on,19,0.0,False,0.0,tier_b,B-26-18,538,channel-intermediate,on,cv
model,head_on,7.177334418498325,0.3563029607458579,175.49838349228597,,,,goal,False,False,59,23.957825145808755,-21.503629937874383,5,0,13,0,0,1.117636772051974,0.0,4.436479976726977,0.0,0.0,0.6673477032496082,0.8882385435896667,2.596797228962006,1.544311735053816,0,,False,head_on,13,0.0,False,0.0,tier_b,B-26-19,539,channel-intermediate,on,cv
model,head_on,5.636340566052383,0.5780312380167882,173.7248815417449,,,,goal,False,False,54,42.59490340959084,-22.06974271562224,14,0,2,0,7,3.5709872219627825,0.0,0.1209602040071182,0.0,0.8795331627735182,0.7299759606545941,0.9490171887354292,2.266917016253906,1.1134824539992831,0,,False,head_on,23,0.0,False,0.0,tier_b,B-27-00,540,channel-intermediate,on,re
model,head_on,7.549265868957709,0.0645642673584812,174.35567391899227,,,,goal,False,False,57,90.34158755476167,-24.289129335513906,9,0,10,0,6,2.6552561230785514,0.0,2.3194858689326763,0.0,0.6212138662483205,0.6849782415184614,0.945507980496894,1.3633989153770616,0.7232789621020745,0,,False,head_on,24,0.0,False,0.0,tier_b,B-27-01,541,channel-intermediate,on,re
model,head_on,4.761654993449325,0.047834715322673,187.7846760103453,,,,collision:boundary,True,False,28,-378.4891020624196,-47.52608397932711,9,0,14,0,10,5.751297360334638,0.0,3.3535640463912726,0.0,1.5520736619249036,0.6486772442773728,0.9486864184534816,1.0627465228470794,0.5603720001122097,0,,False,head_on,24,0.0,False,0.0,tier_b,B-27-02,542,channel-intermediate,on,re
model,head_on,6.174725728464878,1.2596531166153293,177.9361554855744,,,,goal,False,False,59,81.12676174381915,-28.40461892189289,15,0,19,0,1,2.329966847300896,0.0,4.627092296836417,0.0,0.0475001686983009,0.6521755088241061,0.8024024832240678,3.086931523176759,1.1036416801317916,0,,False,head_on,25,0.0,False,0.0,tier_b,B-27-03,543,channel-intermediate,on,re
model,head_on,4.538565103067743,0.0225152809438959,177.463224047068,,,,goal,False,False,53,-37.01487204701131,-25.11109344055769,7,0,5,0,1,3.986301167437586,0.0,1.3919367295492695,0.0,0.081762318969838,0.7388893261055657,1.0109672968668044,1.120271911580412,0.6375683427120951,0,,False,head_on,21,0.0,False,0.0,tier_b,B-27-04,544,channel-intermediate,on,re
model,head_on,5.856209087426823,1.276194658806324,186.52852319207244,,,,goal,False,False,57,81.18306500818981,-45.21002302983226,14,0,6,0,9,7.196941063577946,0.0,1.268989323709839,0.0,1.1148451555035557,0.6731334420582599,0.9459652034357556,1.9575648660279423,0.4020617438547434,0,,False,head_on,28,0.0,False,0.0,tier_b,B-27-05,545,channel-intermediate,on,re
model,head_on,4.505158605704656,0.0061812969970473,178.8873214692986,,,,collision:boundary,True,False,32,-433.0553970710973,-31.43736588385631,7,0,13,0,0,4.2085237825560124,0.0,2.94588143339001,0.0,0.0,0.6900148038433689,0.9267811491860788,1.222605787808415,0.7076299975757504,0,,False,head_on,24,0.0,False,0.0,tier_b,B-27-06,546,channel-intermediate,on,re
model,head_on,4.986439931836464,0.2072348959391896,177.83502000519883,,,,goal,False,False,57,43.70108479330165,-41.62815019384925,9,0,13,0,2,5.776518987541659,0.0,3.566196931799152,0.0,0.0435716113424614,0.6905899241093801,0.92700496537972,0.9699590022147596,0.7313309031833137,0,,False,head_on,26,0.0,False,0.0,tier_b,B-27-07,547,channel-intermediate,on,re
model,head_on,5.427983456274543,1.889926796665295,175.37583631517222,,,,goal,False,False,65,40.02008497184445,-72.38403779235288,23,0,0,0,13,10.617110348420027,0.0,0.0,0.0,4.406520348371945,0.5835775795268934,0.762487182092884,1.1257417777957888,0.6624984233501745,0,,False,crossing,30,1.0,True,0.0,tier_b,B-27-08,548,channel-intermediate,on,re
model,head_on,5.440527516655765,1.1503323809061292,189.1422389909989,,,,goal,False,False,57,104.6045946952976,-16.14976830666019,10,0,0,0,1,3.219970230273268,0.0,0.0,0.0,0.0468701481794473,0.6693124603811346,0.8333734926739707,2.3595280361318,0.5743928135078693,0,,False,crossing,22,0.0,False,0.0,tier_b,B-27-09,549,channel-intermediate,on,re
model,head_on,5.221419856377666,0.9406929835649268,171.5822262801013,,,,collision:boundary,True,False,39,-406.7784608326507,-13.292342134582215,2,0,8,0,3,1.0143166515845676,0.0,1.8596086413382047,0.0,0.3504185778713486,0.6752782890219887,0.8497999514995068,1.5550994811981589,1.0210662303658775,0,,False,head_on,20,0.0,False,0.0,tier_b,B-27-10,550,channel-intermediate,on,re
model,head_on,6.131811764580253,0.9647373751020114,184.47975860986068,,,,goal,False,False,56,20.952795030019644,-44.92445974747891,21,0,26,0,0,4.611401580282765,0.0,6.138339423633116,0.0,0.0,0.6913931781801956,0.8474851391195686,3.184014927890252,1.4734106090814292,0,,False,head_on,26,0.0,False,0.0,tier_b,B-27-11,551,channel-intermediate,on,re
model,head_on,7.174954060363126,1.1487220015984485,177.7398784993976,,,,goal,False,False,59,79.12435797527944,-25.28757955351519,13,0,22,0,1,2.1431656313552065,0.0,4.040014675178098,0.0,0.0299681883701701,0.6540376261940586,0.7919781507025024,3.31251176195662,1.3577723453900177,0,,False,head_on,27,0.0,False,0.0,tier_b,B-27-12,552,channel-intermediate,on,re
model,head_on,7.552574964914415,0.533846475339095,180.57241842030447,,,,goal,False,False,59,87.36402757582988,-47.04683275925732,14,0,3,0,9,7.406169884015602,0.0,0.3876776770876133,0.0,1.997922710192148,0.653272337924889,0.883711614991922,1.5483513962422106,0.5215701477725614,0,,False,head_on,22,0.0,False,0.0,tier_b,B-27-13,553,channel-intermediate,on,re
model,head_on,6.947996617924392,1.2648542116764827,181.02519660371252,,,,goal,False,False,59,113.8808517522944,-20.147834179003542,10,0,4,0,4,3.2035678090426254,0.0,0.7207512820715499,0.0,0.376770868618881,0.6504660222077377,0.8719210478699808,2.182897039542835,0.5261885311863906,0,,False,head_on,25,0.0,False,0.0,tier_b,B-27-14,554,channel-intermediate,on,re
model,head_on,7.252857397048218,1.408051199866614,187.07606001398293,,,,goal,False,False,63,115.81462333484464,-11.798493085063882,10,0,0,0,0,2.383533956578562,0.0,0.0,0.0,0.0,0.610663767836598,0.6852634368223113,3.160955933888749,0.9291644791360912,0,,False,crossing,16,0.0,False,0.0,tier_b,B-27-15,555,channel-intermediate,on,re
model,head_on,5.818332159677988,0.4119424422336528,182.4908123113241,,,,goal,False,False,60,46.781406147184754,-68.23510617915113,18,0,26,0,9,6.678283015537969,0.0,8.737239094264039,0.0,0.8274543361972501,0.6356331413693727,0.7514173432764594,1.7636881349175824,0.8394666848105694,0,,False,head_on,26,0.0,False,0.0,tier_b,B-27-16,556,channel-intermediate,on,re
model,head_on,7.099405613673572,1.7402339283270123,181.36247289217567,,,,goal,False,False,58,33.17091427682959,-33.675434677491786,9,0,7,0,4,5.190945864799472,0.0,1.705087581373189,0.0,0.409319411953538,0.6896036942991706,0.8976853021357146,2.4941126939381286,1.0253603082981242,0,,False,head_on,26,0.0,False,0.0,tier_b,B-27-17,557,channel-intermediate,on,re
model,head_on,7.488112800857373,1.847903867745566,173.18333629459906,,,,goal,False,False,61,83.65826539312422,-40.14853385915404,19,0,23,0,1,5.447072633711279,0.0,3.4438499666948603,0.0,0.1750365427070443,0.6260436741717116,0.7304943736360735,3.5090911006322023,1.0964691576501149,0,,False,head_on,26,0.0,False,0.0,tier_b,B-27-18,558,channel-intermediate,on,re
model,head_on,7.845041044834642,0.3384853999603752,185.1672464165699,,,,goal,False,False,66,50.43862500909181,-76.60752893743823,20,0,24,0,9,8.323820712234482,0.0,7.157428124902607,0.0,2.141750036050705,0.5785324236364436,0.7340307725343047,1.488475060947195,0.8839690501225113,0,,False,head_on,24,0.0,False,0.0,tier_b,B-27-19,559,channel-intermediate,on,re
model,head_on,4.246247053032231,0.328944599212446,179.77544168532853,,,,collision:target,True,True,28,-308.23980287809644,-18.451823779008716,7,0,15,0,2,0.9168508176953568,0.0,3.736519069797402,0.0,0.1026541289213443,0.661995282886797,0.8143770818847642,1.0983307529276365,0.4940899271548394,0,,False,head_on,24,0.0,False,0.0,tier_b,B-28-00,560,channel-intermediate,on,nc
model,head_on,7.530804962356356,0.8406801546919036,185.7858973349206,,,,goal,False,False,63,93.74799149032684,-42.83577490075851,11,0,22,0,8,2.1633069810376906,0.0,7.621563812160305,0.0,1.0421723601877415,0.6011904303263542,0.6982812564976734,2.132004200456561,0.8138088943299233,0,,False,head_on,22,0.0,False,0.0,tier_b,B-28-01,561,channel-intermediate,on,nc
model,head_on,6.630566715718132,0.5247636882883611,181.336830061463,,,,goal,False,False,64,55.29480453147037,-75.88496970244344,20,0,28,0,12,7.624915381312777,0.0,8.459855946744469,0.0,1.708034923703353,0.5928612107449944,0.729858615547396,1.6870135578837735,0.7141254945393558,0,,False,head_on,28,0.0,False,0.0,tier_b,B-28-02,562,channel-intermediate,on,nc
model,head_on,7.297045637112576,0.5625971551673332,175.63537048027894,,,,goal,False,False,59,37.4945676626084,-46.276884542250514,8,0,22,0,4,3.5080366120164803,0.0,7.5259630939637105,0.0,0.4041413721110167,0.6620590276790979,0.8958475306880026,1.85683757295082,1.5060384315507769,0,,False,head_on,22,0.0,False,0.0,tier_b,B-28-03,563,channel-intermediate,on,nc
model,head_on,6.834313285762588,0.456275222873632,189.0682375792225,,,,collision:target,True,True,23,-327.4360370411518,-37.71348403920841,9,0,19,0,4,4.878890765213401,0.0,2.768129150353202,0.0,0.7994910689178977,0.5753263910458485,0.6888846986928986,1.7903623863032694,0.4990921520896641,0,,False,head_on,21,0.0,False,0.0,tier_b,B-28-04,564,channel-intermediate,on,nc
model,head_on,5.286644573564902,1.4967708055417308,174.6111522805661,,,,goal,False,False,58,90.36002825275654,-39.77051424216072,13,0,6,0,8,6.048697422062695,0.0,1.0661660553141616,0.0,1.3313920452931969,0.6652888894731545,0.8589679518806252,2.0808125608889063,0.3997587224566903,0,,False,head_on,24,0.0,False,0.0,tier_b,B-28-05,565,channel-intermediate,on,nc
model,head_on,7.548392803938527,0.5200233885043548,175.78644237848198,,,,goal,False,False,66,69.32403055667487,-63.186485351972905,16,0,23,0,8,7.117704046253263,0.0,6.8427570945920255,0.0,0.737761062775102,0.5735180998565309,0.6678491141777793,1.6050565508101498,0.8392903448505308,0,,False,head_on,23,0.0,False,0.0,tier_b,B-28-06,566,channel-intermediate,on,nc
model,head_on,4.851927720644129,1.0925430880841738,176.28014441359622,,,,goal,False,False,58,64.22474218499437,-47.94139593977298,15,0,22,0,3,4.372885197162868,0.0,7.140129212672978,0.0,0.1313664551542315,0.6581477430730961,0.778586797916403,2.4552305032948856,0.7804716459349439,0,,False,head_on,22,0.0,False,0.0,tier_b,B-28-07,567,channel-intermediate,on,nc
model,head_on,5.025830198829072,0.8276515666564488,183.84419883647467,,,,goal,False,False,58,-336.3432886005496,-61.38297231724124,18,0,23,0,5,6.230104463419923,0.0,7.898843032402031,0.0,0.4684711792589552,0.6783422482274951,0.8663381222745042,2.467636715518148,1.2474953056907294,0,,False,head_on,23,0.0,False,0.0,tier_b,B-28-08,568,channel-intermediate,on,nc
model,head_on,5.887346363487382,0.4613808000163655,182.4543421439474,,,,collision:target,True,True,27,-344.7657719966272,-37.84490830549801,9,0,22,0,8,4.360189178712289,0.0,3.3221309881094925,0.0,0.956066736372892,0.4222554175109283,0.5976617980967711,1.8668608203429085,0.4562383587099123,0,,False,head_on,25,0.0,False,0.0,tier_b,B-28-09,569,channel-intermediate,on,nc
model,head_on,4.683301588227256,0.4196224629564551,181.8509766144216,,,,goal,False,False,60,-16.75654764338745,-33.732702886706385,9,0,11,0,1,4.648127886807412,0.0,2.965802800388051,0.0,0.0105732812472683,0.6754618276755067,0.8703884600502959,0.8119901881611171,0.7883031840908911,0,,False,head_on,24,0.0,False,0.0,tier_b,B-28-10,570,channel-intermediate,on,nc
model,head_on,6.841727385432511,1.0266584361874356,186.1345588268096,,,,goal,False,False,59,70.23193716180216,-43.12200781715296,13,0,26,0,3,3.980340038143656,0.0,6.261607934302868,0.0,0.1950080144114543,0.6492712692183236,0.7742196371520728,2.9179190785778184,1.1267324987682896,0,,False,head_on,28,0.0,False,0.0,tier_b,B-28-11,571,channel-intermediate,on,nc
model,head_on,4.751684617415451,1.225272827226815,177.15405040014167,,,,collision:boundary,True,False,31,-463.0692207715294,-50.86450206536957,12,0,3,0,7,8.804715237345631,0.0,0.4566477852191998,0.0,1.252717691937682,0.5743872128811669,0.8551638414878708,2.5104300168142557,0.8349544919297051,1,"8(e) in extremis: head_on, compliant alteration inadmissible (DCPA 2.28 m, TCPA 0.5 s)",False,head_on,22,0.0,False,0.0,tier_b,B-28-12,572,channel-intermediate,on,nc
model,head_on,7.590377106032922,1.6645280698734204,174.40248492929462,,,,goal,False,False,61,111.18794132079732,-27.68919720617054,15,0,24,0,0,0.7746375943996372,0.0,6.626316976081205,0.0,0.0,0.6206348085691763,0.7116393226872217,2.824134232343948,0.805540870379967,0,,False,head_on,24,0.0,False,0.0,tier_b,B-28-13,573,channel-intermediate,on,nc
model,head_on,6.55173767511018,1.0775799924705851,184.2645120726328,,,,goal,False,False,59,91.0911246351046,0.0,0,0,0,0,0,0.0,0.0,0.0,0.0,0.0,0.6552316811566924,0.8669329640223663,3.186188931739752,1.4122594840209262,0,,False,never,0,0.0,False,0.0,tier_b,B-28-14,574,channel-intermediate,on,nc
model,head_on,4.409446497999318,0.5563004947549948,174.61035719129137,,,,goal,False,False,56,24.78133085073516,-67.97953274742349,16,0,22,0,5,7.473230393163931,0.0,7.664305378000692,0.0,0.7545650978798953,0.6789881688600364,0.8155346943727619,1.9671304570253108,0.7814742033582905,0,,False,head_on,22,0.0,False,0.0,tier_b,B-28-15,575,channel-intermediate,on,nc
model,head_on,7.439663725922815,0.4032598053783875,187.4328244939858,,,,goal,False,False,66,51.78607901285552,-66.06936458440921,18,0,28,0,13,5.531288087686005,0.0,7.516606710424922,0.0,2.584378753963059,0.5798353936952853,0.6907901585879785,1.1867300941358214,1.0315644695984627,0,,False,head_on,28,0.0,False,0.0,tier_b,B-28-16,576,channel-intermediate,on,nc
model,head_on,4.567648713983348,1.1344169201613945,185.2728483045568,,,,goal,False,False,54,71.04563687900989,-38.4821619689187,13,0,6,0,4,6.30401045315895,0.0,1.3971908293329949,0.0,0.4994273867073607,0.7120485134716904,0.9578915467272135,1.9808770408745693,0.4974849657219944,0,,False,head_on,25,0.0,False,0.0,tier_b,B-28-17,577,channel-intermediate,on,nc
model,head_on,7.272609701615821,0.3310103130462929,173.63448836985694,,,,goal,False,False,59,75.48803518132284,-48.916290190172845,13,0,11,0,7,7.645502175602698,0.0,2.0786781796483003,0.0,0.7972917720456911,0.6591172321825254,0.8395418004788627,0.8927769954889455,0.7233761906410766,0,,False,head_on,25,0.0,False,0.0,tier_b,B-28-18,578,channel-intermediate,on,nc
model,head_on,7.074833692389394,1.3541136561667424,170.4018882700091,,,,goal,False,False,71,37.49978803886928,-13.90639765147365,13,0,0,0,2,2.49110400188294,0.0,0.0,0.0,0.3500961871451325,0.5626495835697859,0.8492389979648457,1.0592549778589684,1.7470998045286932,0,,False,crossing,25,1.0,True,0.0,tier_b,B-28-19,579,channel-intermediate,on,nc
model,crossing,5.840710627187466,1.961322681121539,141.81906495472555,port,,True,goal,False,False,60,-103.75841197170776,-28.702120344012933,7,4,0,0,7,2.468658037460585,0.1722331902354742,0.0,0.0,3.4732686148705416,0.6511223807415161,0.8110332089168469,1.4411903379173454,1.2453376822352729,0,,False,crossing,7,1.0,True,0.0,tier_b,B-29-00,580,channel-intermediate,on,cv
model,crossing,7.687303399916578,2.2108177540515777,93.9806880180958,port,,True,goal,False,False,83,-70.36282003832886,-3.3035079760214714,0,1,0,0,1,0.0,0.4305180217548296,0.0,0.0,0.2605430596300144,0.4903099609505523,0.8263151357274813,3.8405667645861623,2.347825747059016,0,,False,crossing,16,1.0,True,0.0,tier_b,B-29-01,581,channel-intermediate,on,cv
model,crossing,5.030437565723181,1.6601501811505406,100.67225388866912,port,,True,goal,False,False,58,-210.5031703227034,0.0,0,0,0,0,0,0.0,0.0,0.0,0.0,0.0,0.7061673992708274,0.9047505343880416,3.3341484533877788,1.4655797271040176,0,,False,never,0,0.0,False,0.0,tier_b,B-29-02,582,channel-intermediate,on,cv
model,crossing,5.129094547081336,0.0489561679604436,278.1267966227064,starboard,,False,collision:target,True,True,16,-304.3124863075931,-10.934383818438704,3,6,0,0,3,0.6696214054310439,1.3408885993885458,0.0,0.0,0.218302065462608,0.5585442100581084,0.6854361687070651,1.448303897237036,0.4869577728920002,0,,False,crossing,11,0.0,False,0.0,tier_b,B-29-03,583,channel-intermediate,on,cv
model,crossing,6.614237185312211,2.1516483947813936,191.51540684253067,starboard,,True,goal,False,False,60,121.68307241815522,-11.575472474757555,9,0,0,0,0,2.3384792878298097,0.0,0.0,0.0,0.0,0.6343953344241624,0.7855836009148071,3.1259252941649,0.6814623266210633,0,,False,crossing,14,0.0,False,0.0,tier_b,B-29-04,584,channel-intermediate,on,cv
model,crossing,6.835900936665272,0.266724623111485,99.05379931729912,port,,True,goal,False,False,67,-235.36486060547017,-15.045494050015249,1,4,0,0,6,0.001371411026753,1.4767482231189075,0.0,0.0,1.7175115246653838,0.6015944271363504,0.8367551373298339,1.86026419359768,1.6462222669688973,0,,False,crossing,19,1.0,True,0.0,tier_b,B-29-05,585,channel-intermediate,on,cv
model,crossing,4.60880001880253,0.5476967586344561,106.3498237265856,port,,False,collision:target,True,True,15,-353.28799739996487,-55.112794165109136,8,5,0,0,8,7.266121812422074,1.3114625618324005,0.0,0.0,2.863263464584449,0.5585227894020519,0.7442524027997355,1.6372355654903603,0.5351270307957401,0,,False,crossing,9,1.0,True,0.0,tier_b,B-29-06,586,channel-intermediate,on,cv
model,crossing,7.027079067639655,0.7992385282254605,242.5151106081155,starboard,,True,collision:target,True,True,21,-318.01173959818044,-21.380063073627607,3,1,0,0,4,1.47633148772537,0.316949120313007,0.0,0.0,2.778516458630587,0.529058801246168,0.6691304046473318,1.6405474270897082,0.6993588625201295,0,,False,crossing,4,0.0,False,0.0,tier_b,B-29-07,587,channel-intermediate,on,cv
model,crossing,7.292414116424716,1.356491745508274,119.85013416785158,port,,True,goal,False,False,65,72.80361141953216,-5.605622350205426,0,0,0,0,3,0.0,0.0,0.0,0.0,1.2456938556012058,0.6052254813487745,0.7313579937203579,2.6440515633976154,1.2889947449422992,0,,False,crossing,14,1.0,True,0.0,tier_b,B-29-08,588,channel-intermediate,on,cv
model,crossing,4.597400947125643,0.1154496903539473,105.5695078942366,port,,True,collision:target,True,True,20,-295.48584010565014,0.0,0,0,0,0,0,0.0,0.0,0.0,0.0,0.0,0.6630091567668197,0.8761595681944927,1.3611561357186217,0.338086143200685,0,,False,never,0,0.0,False,0.0,tier_b,B-29-09,589,channel-intermediate,on,cv
model,crossing,5.614955937260352,1.15834349560634,234.35562281303544,starboard,,True,collision:target,True,True,16,-316.9953250213257,-13.343374617755678,1,2,0,0,5,0.1668789511000787,0.337784054023439,0.0,0.0,2.4100650538653925,0.5167615905247842,0.6967536605199768,1.543088220029995,0.6066815908779425,0,,False,crossing,9,0.0,False,0.0,tier_b,B-29-10,590,channel-intermediate,on,cv
model,crossing,5.714119424948216,1.4270538897632803,109.9211426103904,port,,True,goal,False,False,62,38.79664106406914,-6.532973476087712,7,0,0,0,2,1.0133611992402043,0.0,0.0,0.0,0.3370745644108216,0.6347367145937878,0.8391516908551266,2.7792542988653945,1.4343797757727472,0,,False,crossing,12,1.0,True,0.0,tier_b,B-29-11,591,channel-intermediate,on,cv
model,crossing,5.497861598794929,0.6718291348934635,249.77719402611623,starboard,,False,goal,False,False,55,55.50576515830642,-35.56923818794727,8,11,0,0,7,3.122242207737954,2.9484554316566243,0.0,0.0,1.226507749543133,0.6984229238856848,0.8199438832276511,1.2199516959365844,0.6422058506457817,0,,False,crossing,13,0.0,False,0.0,tier_b,B-29-12,592,channel-intermediate,on,cv
model,crossing,6.526384819547507,1.1940281040956269,263.81965326820927,starboard,,True,collision:target,True,True,24,-313.2814532325333,-9.09631104799982,0,1,0,0,4,0.0,0.509467713646599,0.0,0.0,1.4609879700998116,0.5222442584395423,0.675614979994255,1.4148703017344582,0.963079578394011,0,,False,crossing,5,0.0,False,0.0,tier_b,B-29-13,593,channel-intermediate,on,cv
model,crossing,6.3636399103320045,1.2133607566068785,228.1407301478068,starboard,,False,goal,False,False,54,75.26744612908843,-0.6975485685857291,0,8,0,0,0,0.0,0.1409189027445917,0.0,0.0,0.0,0.7240830967815526,0.894718778345537,2.410879473196969,0.6282201793191114,0,,False,crossing,13,0.0,False,0.0,tier_b,B-29-14,594,channel-intermediate,on,cv
model,crossing,6.863958286165216,1.5916930976726908,289.6950945686368,starboard,,True,goal,False,False,81,-67.28887400595467,-46.27000697102192,14,5,0,0,4,6.414825689014989,2.428726418892559,0.0,0.0,0.5543164526399014,0.5038977509435383,0.8957590447735544,2.607652193599772,1.3007566565470785,0,,False,crossing,21,0.0,False,0.0,tier_b,B-29-15,595,channel-intermediate,on,cv
model,crossing,5.59332853502619,1.0440247669928917,122.36532874969598,port,,True,collision:target,True,True,21,-314.0462673395174,-16.149340000289385,4,0,0,0,3,2.6533245768214626,0.0,0.0,0.0,0.6700851877829206,0.5186050869589002,0.5946662048934249,1.3420211874973438,0.137763572911764,0,,False,crossing,4,1.0,True,0.0,tier_b,B-29-16,596,channel-intermediate,on,cv
model,crossing,4.718973895751366,0.0657091023412978,121.10415471380342,port,,True,collision:target,True,True,17,-326.3583557209369,-21.88509525161121,9,1,0,0,5,2.9973760479579474,0.0820871661758195,0.0,0.0,1.475944964810904,0.5065766255161152,0.6580620316734355,1.2547224553354432,0.4858033672582979,0,,False,crossing,10,1.0,True,0.0,tier_b,B-29-17,597,channel-intermediate,on,cv
model,crossing,6.567386294459272,0.9425330827508904,256.0623914750991,starboard,,True,collision:target,True,True,25,-299.36907004327867,0.0,0,0,0,0,0,0.0,0.0,0.0,0.0,0.0,0.566735521483542,0.675158121149269,1.263689690251392,0.9256510504072798,0,,False,never,0,0.0,False,0.0,tier_b,B-29-18,598,channel-intermediate,on,cv
model,crossing,5.587138887830712,0.7354547645693205,264.0945978199156,starboard,,False,collision:target,True,True,23,-329.48439616606976,-18.91575827929827,1,14,0,0,1,0.0232190654656749,3.709584374135729,0.0,0.0,0.0974180562825161,0.4978197196661442,0.7145302950769038,1.3508817841557084,0.9432635304095172,0,,False,crossing,15,0.0,False,0.0,tier_b,B-29-19,599,channel-intermediate,on,cv
model,crossing,6.50744339095752,0.6402007906602419,112.0612458181776,port,,True,collision:target,True,True,17,-291.3958137221713,0.0,0,0,0,0,0,0.0,0.0,0.0,0.0,0.0,0.5329513640859188,0.6779177115229924,1.470142856177975,0.1772765221508681,0,,False,never,0,0.0,False,0.0,tier_b,B-30-00,600,channel-intermediate,on,re
model,crossing,7.050639322821052,1.7400314865612074,89.14522944990415,port,,True,goal,False,False,65,101.54137138672996,-11.72459474418775,6,0,0,0,5,1.193241487499078,0.0,0.0,0.0,1.2928998624594024,0.5941435155282643,0.754333856994354,2.368986714899723,0.7633947255651103,0,,False,crossing,13,1.0,True,0.0,tier_b,B-30-01,601,channel-intermediate,on,re
model,crossing,6.2265059066597725,2.273671603261897,92.41646661760498,port,,True,goal,False,False,58,-17.434389464430424,0.0,0,0,0,0,0,0.0,0.0,0.0,0.0,0.0,0.6789372038234148,0.9578216735380138,4.068010274147516,1.336046587584398,0,,False,never,0,0.0,False,0.0,tier_b,B-30-02,602,channel-intermediate,on,re
model,crossing,4.975709478061986,0.9074669012017598,241.1110558215316,starboard,,True,collision:target,True,True,24,-353.36252471181405,-35.886225483782,6,5,0,0,6,3.56558774583644,1.8168437398226147,0.0,0.0,2.0540421399488173,0.4520461354724784,0.573756604328513,1.5950946009024627,0.813779855458154,0,,False,crossing,9,0.0,False,0.0,tier_b,B-30-03,603,channel-intermediate,on,re
model,crossing,4.3428793530901775,0.9808059031883488,89.2420958910696,port,,True,collision:target,True,True,16,-332.87825845363017,-24.050765376211054,3,3,0,0,3,1.7428291653106067,1.6808271833320532,0.0,0.0,1.653167061674414,0.5548102993018661,0.7411499484550821,1.4056910983302149,0.4210952576706752,0,,False,crossing,3,1.0,True,0.0,tier_b,B-30-04,604,channel-intermediate,on,re
model,crossing,7.3624508345070305,0.153539041836635,116.4494788323854,port,,True,collision:target,True,True,17,-349.93224052647224,-51.763336483686224,10,4,0,0,8,8.42905434781435,0.9579321740964164,0.0,0.0,1.177278488939537,0.4829312150925176,0.6328884216220265,1.5289662046011208,0.333623751411281,0,,False,crossing,13,1.0,True,0.0,tier_b,B-30-05,605,channel-intermediate,on,re
model,crossing,7.26634480016503,0.0245129560754245,135.95961456997713,port,,False,goal,False,False,69,-303.5238445448283,-3.43098930765757,0,1,0,0,3,0.0,0.0624999888455927,0.0,0.0,0.6936920806381968,0.5719058252734921,0.8588448282327931,1.070803520352409,1.6154894210587052,0,,False,crossing,16,1.0,True,0.0,tier_b,B-30-06,606,channel-intermediate,on,re
model,crossing,7.383889792794349,1.5321783972948246,102.49735492424055,port,,True,goal,False,False,66,116.7156766023512,-3.681926332142304,1,0,0,0,3,0.0061903240527415,0.0,0.0,0.0,0.8113964951291629,0.5827483690808338,0.7366115170513835,2.376179947877706,0.7098391534313693,0,,False,crossing,14,1.0,True,0.0,tier_b,B-30-07,607,channel-intermediate,on,re
model,crossing,5.699650528640476,0.4032910235479353,261.6633737409162,starboard,,False,collision:target,True,True,14,-331.9163723384333,-37.96766586944951,7,9,0,0,7,2.7239372069523946,3.3644182670864597,0.0,0.0,1.740068060657151,0.5465836234364716,0.7012022784423114,1.6668708489763262,0.4158530162462858,0,,False,crossing,11,0.0,False,0.0,tier_b,B-30-08,608,channel-intermediate,on,re
model,crossing,5.210446460543301,1.826503814889081,92.17889741247156,port,,True,collision:obstacle,True,False,45,-400.32098503118834,-0.2911223207563425,0,0,0,0,2,0.0,0.0,0.0,0.0,0.064693849056965,0.4161106214461832,0.7866001262735705,3.406227138068913,1.0131434830217487,0,,False,crossing,13,1.0,True,0.0,tier_b,B-30-09,609,channel-intermediate,on,re
model,crossing,5.641302329511519,1.3096629371272803,291.2882082965291,starboard,,True,goal,False,False,60,52.89365127273709,-40.31596742902772,9,4,0,0,5,3.842543370037308,3.409865684197749,0.0,0.0,1.383457741629481,0.633814204994226,0.8687996182812194,2.267437340835204,0.3159912397701147,0,,False,crossing,17,0.0,False,0.0,tier_b,B-30-10,610,channel-intermediate,on,re
model,crossing,5.706926698746658,0.822933573961569,104.71580125002612,port,,True,collision:target,True,True,20,-293.4132670109272,0.0,0,0,0,0,0,0.0,0.0,0.0,0.0,0.0,0.5448208255890592,0.7137777395602881,1.3377985840604345,0.303764687709564,0,,False,never,0,0.0,False,0.0,tier_b,B-30-11,611,channel-intermediate,on,re
model,crossing,5.054237238062528,1.4589624686385865,262.83641952129005,starboard,,True,collision:target,True,True,18,-311.4113091881913,-5.472205074970133,0,1,0,0,2,0.0,0.3838857474811172,0.0,0.0,0.7937712499863562,0.558226539423083,0.6874000027831634,1.354990126185459,0.8039102401462322,0,,False,crossing,6,0.0,False,0.0,tier_b,B-30-12,612,channel-intermediate,on,re
model,crossing,4.820271943694872,1.9138919558568632,76.7299656320883,port,,True,goal,False,False,69,-269.50090217815534,-2.3515424575450203,0,0,0,0,1,0.0,0.0,0.0,0.0,0.52256499056556,0.5688757815407297,0.7475411688866435,3.236890433046162,1.3205897176044994,0,,False,crossing,5,1.0,True,0.0,tier_b,B-30-13,613,channel-intermediate,on,re
model,crossing,6.479296651977671,1.2635874508555034,89.28967432373311,port,,True,goal,False,False,66,67.87534386968478,-18.893978221667087,10,0,0,0,6,3.0280723735027832,0.0,0.0,0.0,0.8677822161840687,0.5911789798774275,0.7896518228817464,3.022034614434092,1.2220053461915807,0,,False,crossing,20,1.0,True,0.0,tier_b,B-30-14,614,channel-intermediate,on,re
model,crossing,6.026624109762621,1.7500711330076326,274.1057721160098,starboard,,True,collision:target,True,True,31,-361.3760263885713,-40.49295028587808,9,2,0,0,4,6.152427971076738,1.1404713807304572,0.0,0.0,0.9762441098738784,0.5142268558067046,0.6647795726995602,1.2717580002676157,1.5831958722010018,0,,False,crossing,14,0.0,False,0.0,tier_b,B-30-15,615,channel-intermediate,on,re
model,crossing,6.841793409595863,0.887301327085564,235.59551937238209,starboard,,False,goal,False,False,61,-66.67802748000803,-44.60785333077315,13,17,0,0,3,6.459635259271958,2.290369988811228,0.0,0.0,0.2878505228358629,0.640602597376218,0.8371641477977241,1.587178354865063,1.445777605897109,0,,False,crossing,17,0.0,False,0.0,tier_b,B-30-16,616,channel-intermediate,on,re
model,crossing,5.322637444374652,1.8446439053548824,77.440367046215,port,,True,goal,False,False,73,57.00426710123218,-3.2556432813863867,1,0,0,0,1,0.1109134805669846,0.0,0.0,0.0,0.6014714561288472,0.5362826002702435,0.8164984080970592,3.0344132071851706,0.6033397626795708,1,"8(e) in extremis: crossing, compliant alteration inadmissible (DCPA 0.30 m, TCPA 4.8 s)",False,crossing,5,1.0,True,0.0,tier_b,B-30-17,617,channel-intermediate,on,re
model,crossing,5.461946954779222,0.330697140489111,75.67787722197102,port,,True,goal,False,False,74,-1.2942938521121334,-43.59087287798867,6,2,0,0,5,5.788155123605672,1.471383842622136,0.0,0.0,2.219838963389576,0.5288048482693385,0.8035974477925871,2.175337598716499,0.8149266462571092,1,"8(e) in extremis: crossing, compliant alteration inadmissible (DCPA 0.98 m, TCPA 4.4 s)",False,crossing,6,1.0,True,0.0,tier_b,B-30-18,618,channel-intermediate,on,re
model,crossing,6.4508931855632925,0.0436528935906646,234.8288153053574,starboard,,False,collision:target,True,True,20,-317.64575216769435,-11.608510642570906,0,5,0,0,2,0.0,1.4637411539132683,0.0,0.0,0.969553762377828,0.4463524358709218,0.5544409943003185,1.279522884288655,0.7426276435218692,0,,False,crossing,6,0.0,False,0.0,tier_b,B-30-19,619,channel-intermediate,on,re
model,crossing,5.165375906243743,1.7568044107244882,78.56506118855978,port,,True,collision:target,True,True,27,-309.34240201904225,-11.277319107483793,1,2,0,0,2,0.3140546744898113,0.8687650666743849,0.0,0.0,1.2049691974935597,0.5521406087545023,0.7253856333514994,1.2153590335740472,0.5154511950445066,0,,False,crossing,2,1.0,True,0.0,tier_b,B-31-00,620,channel-intermediate,on,nc
model,crossing,6.2129040128173765,2.372804697378027,97.6426526421752,port,,True,goal,False,False,67,55.81166680036484,-0.8857774650608237,5,0,0,0,0,0.17894494243653,0.0,0.0,0.0,0.0,0.5958103736302182,0.810149564306517,4.18203830729102,1.2725917448819193,0,,False,crossing,13,1.0,True,0.0,tier_b,B-31-01,621,channel-intermediate,on,nc
model,crossing,4.921607180795939,2.3616835114855865,161.50237383091485,port,,True,collision:obstacle,True,False,42,-452.7635000693596,-31.140797971957078,9,2,0,0,5,4.797500946681246,0.0112788088549423,0.0,0.0,1.6305195960117662,0.631596140298098,0.859236045862093,1.5617981049319003,1.270123898871338,0,,False,crossing,16,1.0,True,0.0,tier_b,B-31-02,622,channel-intermediate,on,nc
model,crossing,4.991520528012796,0.3967038711646012,73.63756341164047,port,,True,goal,False,False,83,-218.55492935977145,-6.336025926960273,14,0,0,0,5,0.9409300194617694,0.0,0.0,0.0,0.3729827401387811,0.4881547537931491,0.82063910778505,2.774515376744058,1.1721442268181428,0,,False,crossing,14,1.0,True,0.0,tier_b,B-31-03,623,channel-intermediate,on,nc
model,crossing,6.041030520822045,0.8120513112155175,219.35624508251112,starboard,,False,goal,False,False,55,4.692085438226641,-51.90424764363897,11,13,0,0,9,7.383051141416329,1.162911354098428,0.0,0.0,2.13371850907576,0.704865283241083,0.8535589344876383,1.8702580459480085,1.2296008726854957,0,,False,crossing,14,0.0,False,0.0,tier_b,B-31-04,624,channel-intermediate,on,nc
model,crossing,6.542958549413206,1.2595659680477649,253.21194604883425,starboard,,True,collision:target,True,True,16,-296.84025373054834,0.0,0,0,0,0,0,0.0,0.0,0.0,0.0,0.0,0.582391648946625,0.6792688332952098,1.4745189927808866,0.6458185568234729,0,,False,never,0,0.0,False,0.0,tier_b,B-31-05,625,channel-intermediate,on,nc
model,crossing,7.336802489931856,0.4973694439921913,109.31438560576936,port,,True,goal,False,False,67,46.09879251047967,-9.875217661689366,3,2,0,0,3,0.9922217052998894,0.6875284223742826,0.0,0.0,0.3467676732671584,0.5916455125777252,0.8260200983671407,2.904209209390015,1.633597665876259,0,,False,crossing,20,1.0,True,0.0,tier_b,B-31-06,626,channel-intermediate,on,nc
model,crossing,6.524499531605744,0.7173102652084793,286.28321988878463,starboard,,True,collision:target,True,True,31,-351.19611660159666,-20.61578269158055,10,6,0,0,4,1.9259580093190003,1.7948432069977187,0.0,0.0,0.4884037046250639,0.41284228825002,0.6242462283129001,1.662320910801317,0.7006000343967578,0,,False,crossing,21,0.0,False,0.0,tier_b,B-31-07,627,channel-intermediate,on,nc
model,crossing,6.16593630031296,0.3975104477905167,114.89934689495752,port,,True,goal,False,False,70,-32.742292833387566,0.0,0,0,0,0,0,0.0,0.0,0.0,0.0,0.0,0.560675721238859,0.8298188423175589,2.114624824717299,1.2125056755898895,0,,False,never,0,0.0,False,0.0,tier_b,B-31-08,628,channel-intermediate,on,nc
model,crossing,4.649910531367939,1.2464754143527563,154.15654082730674,port,,False,collision:target,True,True,17,-320.3436395566096,-12.60846743495959,8,0,0,0,3,1.9740234299107984,0.0,0.0,0.0,0.6304558793113636,0.4389209704674862,0.5855275308581338,1.8093989279378089,0.4108432865884934,0,,False,crossing,15,1.0,True,0.0,tier_b,B-31-09,629,channel-intermediate,on,nc
model,crossing,4.326134766084428,0.0397515043304916,74.58152685996741,port,,True,collision:boundary,True,False,24,-389.0703758016647,0.0,0,0,0,0,0,0.0,0.0,0.0,0.0,0.0,0.4453994316081579,0.6539148396259462,2.2742369114318874,0.8380672216569949,0,,False,never,0,0.0,False,0.0,tier_b,B-31-10,630,channel-intermediate,on,nc
model,crossing,6.308353349771125,0.3532823266939,263.15473182522794,starboard,,False,collision:target,True,True,15,-333.7996264420353,-34.81073424750382,9,8,0,0,5,3.832995182659481,2.519541418137978,0.0,0.0,0.7479284607903101,0.4751059775409816,0.6353558518051647,1.5810243483480848,0.3339187427005451,0,,False,crossing,12,0.0,False,0.0,tier_b,B-31-11,631,channel-intermediate,on,nc
model,crossing,6.697256488493089,1.9316089590176435,265.3040380177242,starboard,,True,collision:target,True,True,25,-310.9682280308721,-3.225861655838967,3,0,0,0,3,0.219656732325992,0.0,0.0,0.0,0.4752357401834014,0.4819896774436762,0.6698391911614716,1.7150142344045756,0.7468040002664591,0,,False,crossing,14,0.0,False,0.0,tier_b,B-31-12,632,channel-intermediate,on,nc
model,crossing,4.719422913646598,0.0894497738144045,256.3381445764671,starboard,,False,collision:target,True,True,26,-426.0528217189936,-18.554993791532187,5,12,0,0,1,0.6799647649864734,3.020542614622724,0.0,0.0,0.0527738361037023,0.4176721999602685,0.6108621697183663,1.4858135928533789,0.8468573855806454,0,,False,crossing,18,0.0,False,0.0,tier_b,B-31-13,633,channel-intermediate,on,nc
model,crossing,6.979800721791169,1.8065236773421425,70.04829487626544,port,,True,goal,False,False,69,43.65702582024316,-3.3848455605551067,0,0,0,0,2,0.0,0.0,0.0,0.0,0.7521879023455793,0.5690124333450264,0.7546998073304849,2.676670631522896,1.7786109518159343,0,,False,crossing,12,1.0,True,0.0,tier_b,B-31-14,634,channel-intermediate,on,nc
model,crossing,7.267606948428021,0.5084348782919554,80.6181325675602,port,,False,goal,False,False,82,65.82931902893566,-12.028072356913396,7,1,0,0,3,1.0608458591327667,0.4011147617901895,0.0,0.0,1.0647482851877248,0.4676485696972843,0.6995353798187566,2.439011923881972,0.4267616576569449,1,"8(e) in extremis: crossing, compliant alteration inadmissible (DCPA 0.04 m, TCPA 4.3 s)",False,crossing,10,1.0,True,0.0,tier_b,B-31-15,635,channel-intermediate,on,nc
model,crossing,6.815719246052643,1.165317421392811,76.46607059339271,port,,True,collision:obstacle,True,False,56,-754.389618876216,-4.0260792958313925,0,0,0,0,3,0.0,0.0,0.0,0.0,0.8946842879625315,0.4560372798364723,0.5897952643041405,2.7468175951016414,1.979339319605701,0,,False,crossing,14,1.0,True,0.0,tier_b,B-31-16,636,channel-intermediate,on,nc
model,crossing,7.362509738470817,0.3038354556060157,247.51540304364116,starboard,,False,collision:target,True,True,16,-321.6321733258036,-12.603975370141692,0,5,0,0,7,0.0,1.1941125407103994,0.0,0.0,1.4873596208056037,0.4271390492273966,0.5481027429157309,1.4879103924501895,0.1240422155644676,0,,False,crossing,14,0.0,False,0.0,tier_b,B-31-17,637,channel-intermediate,on,nc
model,crossing,6.497105025015447,2.065545812364998,214.53194193093623,starboard,,True,goal,False,False,58,86.74317395918284,-0.2858301118318039,1,0,0,0,0,0.0577434569357179,0.0,0.0,0.0,0.0,0.6751403734605393,0.8130268596266498,3.395423076354637,1.3594192069601505,0,,False,crossing,7,0.0,False,0.0,tier_b,B-31-18,638,channel-intermediate,on,nc
model,crossing,5.242841017434243,1.230300982160463,290.9501690993127,starboard,,True,collision:obstacle,True,False,38,-396.3874287269285,-9.655995902192569,8,0,0,0,9,0.9120231411084928,0.0,0.0,0.0,1.1425514119345614,0.3346013885708396,0.5442801111466409,2.4512620560999347,0.7075736719498179,0,,False,crossing,11,0.0,False,0.0,tier_b,B-31-19,639,channel-intermediate,on,nc
model,overtaking,4.637137843402393,0.0799665775356595,9.60997245430913,,,,goal,False,False,104,-281.8224208037451,-25.156495376553607,18,2,7,0,3,3.409800123201681,0.1459005097370272,1.99826792511966,0.0,0.0804472695724934,0.3726869755368946,0.5749202183270062,2.945166058058529,1.2702150955956135,1,"8(e) in extremis: overtaking, compliant alteration inadmissible (DCPA 2.46 m, TCPA 3.6 s)",False,overtaking,67,0.0,False,0.0,tier_b,B-32-00,640,channel-intermediate,on,cv
model,overtaking,6.290735138216176,1.0172590789114244,4.05815465400215,,,,goal,False,False,104,3.763659132703239,-24.58525935931981,1,1,25,0,7,0.0353925310383814,0.0735224490190024,6.067564780441823,0.0,0.4895326663211561,0.3613809029829789,0.5415290385467467,2.3416168710992458,0.2643559554764085,0,,False,overtaking,33,0.0,False,0.0,tier_b,B-32-01,641,channel-intermediate,on,cv
model,overtaking,5.9254718534589,0.0289393758252751,-3.168007303318559,,,,goal,False,False,64,-31.82315813506058,-98.3143994547372,38,4,0,0,10,18.909910069740157,0.0314453817041129,0.0,0.0,1.0121533266862237,0.6081975798079283,0.7566921074018853,2.30098511254524,1.79365560098126,0,,False,overtaking,48,0.0,False,0.0,tier_b,B-32-02,642,channel-intermediate,on,cv
model,overtaking,7.339112710719066,0.9189575269187318,1.7153879423923968,,,,collision:target,True,True,114,-609.4720188919573,-134.42716107191347,47,8,12,0,4,21.051573785164035,3.5648284180394625,3.1019518875074112,0.0,0.3130985268954385,0.3701215097647302,0.6737233523485383,1.0733706882885643,2.1780190448999965,2,"8(e) in extremis: overtaking, compliant alteration inadmissible (DCPA 1.97 m, TCPA 0.4 s) | 8(e) in extremis: overtaking, compliant alteration inadmissible (DCPA 1.98 m, TCPA 4.0 s)",True,overtaking,79,0.0,False,0.0,tier_b,B-32-03,643,channel-intermediate,on,cv
model,overtaking,5.078944594187711,0.2834002328382228,-1.2933787745571994,,,,goal,False,False,79,-192.3349780908855,-184.37585549070852,55,19,0,0,1,33.30748193696677,3.895054423428405,0.0,0.0,0.0496223348338918,0.4896593367864943,0.7685411414090647,1.3052862510129564,1.6009861618702024,1,"8(e) in extremis: overtaking, compliant alteration inadmissible (DCPA 2.25 m, TCPA 2.9 s)",False,overtaking,64,0.0,False,0.0,tier_b,B-32-04,644,channel-intermediate,on,cv
model,overtaking,5.019584573842609,1.313219822675069,-0.6549794291843121,,,,goal,False,False,73,-139.26494788314716,-207.92755642106843,41,9,25,0,22,30.88008066848747,2.408946999259916,7.964794943238046,0.0,3.21635726001374,0.5463551333088021,0.8582803852759606,1.5204446687520878,1.0442024105406478,0,,False,overtaking,61,0.0,False,0.0,tier_b,B-32-05,645,channel-intermediate,on,cv
model,overtaking,4.957922327450029,0.623745177220681,2.417242949953448,,,,goal,False,False,89,-127.72678776333818,-79.91804165900504,43,10,0,0,18,12.50099235344293,1.76435259175035,0.0,0.0,2.067685373399624,0.433588139967952,0.7384557962806295,1.6744214782158748,1.5260802281281691,2,"8(e) in extremis: overtaking, compliant alteration inadmissible (DCPA 2.43 m, TCPA 4.3 s) | 8(e) in extremis: overtaking, compliant alteration inadmissible (DCPA 2.26 m, TCPA 3.3 s)",False,overtaking,57,0.0,False,0.0,tier_b,B-32-06,646,channel-intermediate,on,cv
model,overtaking,5.654027995129057,0.5492984889723318,-1.8236275182330728,,,,goal,False,False,65,9.520329703419776,-20.24394225333261,20,13,0,0,3,2.667981081325,1.0333141488152051,0.0,0.0,0.4272290809196857,0.5900098609511967,0.698299020194041,1.9908238749912612,1.6567805168501188,0,,False,overtaking,44,0.0,False,0.0,tier_b,B-32-07,647,channel-intermediate,on,cv
model,overtaking,5.718313739083527,0.0081529013275165,-4.84717277603957,,,,goal,False,False,79,-203.6135810571252,-226.27295992366209,57,23,0,0,3,37.29043183314759,7.994656684652752,0.0,0.0,0.5487628794663246,0.4892982826073977,0.7745087221510378,1.4261341719669485,1.913281248082264,1,"8(e) in extremis: overtaking, compliant alteration inadmissible (DCPA 1.74 m, TCPA 4.2 s)",False,overtaking,66,0.0,False,0.0,tier_b,B-32-08,648,channel-intermediate,on,cv
model,overtaking,7.058967681238222,0.1802466866428715,4.5275678011691145,,,,goal,False,False,65,-7.795791360007712,-84.60589112484963,43,10,0,0,9,15.4510739664109,0.7820317038134194,0.0,0.0,0.9448929016087292,0.5992755828455536,0.72145410888088,2.537790010612061,2.1361563451747814,0,,False,overtaking,60,0.0,False,0.0,tier_b,B-32-09,649,channel-intermediate,on,cv
model,overtaking,5.007891929990848,0.8777209758589652,5.949938320207327,,,,collision:boundary,True,False,137,-761.6303889822934,-70.48436655040845,38,0,5,0,2,13.220302783765009,0.0,1.3500548421363765,0.0,0.0408156309068255,0.3442911381985629,0.5475457778774417,3.0057334600151955,1.5325048744542609,1,"8(e) in extremis: overtaking, compliant alteration inadmissible (DCPA 2.41 m, TCPA 4.9 s)",False,overtaking,77,0.0,False,0.0,tier_b,B-32-10,650,channel-intermediate,on,cv
model,overtaking,7.506816545900842,0.9779124548761432,3.9077571809946026,,,,collision:boundary,True,False,136,-601.0752100265142,-41.5785063979928,27,0,9,0,4,5.89685166571748,0.0,2.708520420764428,0.0,0.5863149195420732,0.3400822032201604,0.5487652495317097,2.4689950056886016,2.323518979121284,1,"8(e) in extremis: overtaking, compliant alteration inadmissible (DCPA 1.93 m, TCPA 4.5 s)",False,overtaking,65,0.0,False,0.0,tier_b,B-32-11,651,channel-intermediate,on,cv
model,overtaking,5.933993321134951,1.6385727428852614,-8.32475533282916,,,,goal,False,False,100,-85.91848457267403,-83.87198484898394,41,0,17,0,0,14.840414886450528,0.0,2.8922031002927318,0.0,0.0,0.3980035066205694,0.7952231392804157,3.284072656649298,1.6281875652232158,0,,False,overtaking,71,0.0,False,0.0,tier_b,B-32-12,652,channel-intermediate,on,cv
model,overtaking,5.416406982696811,0.4698125517203226,0.7220112558881411,,,,goal,False,False,89,-191.15225961503936,-75.59665858130427,48,13,0,0,10,9.84276213854188,3.355761409750955,0.0,0.0,2.280881559389942,0.4336575839509384,0.7354619869194602,1.5698728671169444,1.6866595041870205,1,"8(e) in extremis: overtaking, compliant alteration inadmissible (DCPA 2.40 m, TCPA 2.1 s)",False,overtaking,60,0.0,False,0.0,tier_b,B-32-13,653,channel-intermediate,on,cv
model,overtaking,4.388288536384295,0.4057213755112632,-4.178752439287241,,,,collision:target,True,True,71,-456.1919102175981,-56.36148847262826,33,11,0,0,7,8.398729438326207,0.7612368870350064,0.0,0.0,2.4488122582422798,0.4737823464649142,0.7559102873547656,0.9911819178341404,1.3517651947079694,1,"8(e) in extremis: overtaking, compliant alteration inadmissible (DCPA 1.94 m, TCPA 2.5 s)",True,overtaking,38,0.0,False,0.0,tier_b,B-32-14,654,channel-intermediate,on,cv
model,overtaking,4.061781866097939,1.7902252777831082,1.9715056122119083,,,,goal,False,False,73,2.4272375719963435,-122.97254686660118,45,7,19,0,8,18.454987528838977,1.389784515792455,6.226119982944879,0.0,0.5170874015720105,0.5159658355969808,0.8830417216637195,1.4367085882443622,0.2896728154744269,0,,False,overtaking,51,0.0,False,0.0,tier_b,B-32-15,655,channel-intermediate,on,cv
model,overtaking,5.861780706376401,0.511147211017418,-9.43815832377447,,,,collision:target,True,True,64,-423.3966671844432,-48.95048269566869,34,3,0,0,1,9.829549477320002,0.0448095442326439,0.0,0.0,0.0160901197740211,0.5399190572859374,0.7304031089004475,1.5884364570230416,1.7022244442615515,1,"8(e) in extremis: overtaking, compliant alteration inadmissible (DCPA 2.28 m, TCPA 2.7 s)",True,overtaking,38,0.0,False,0.0,tier_b,B-32-16,656,channel-intermediate,on,cv
model,overtaking,4.520096805535595,0.8510623834685704,7.424948298242096,,,,goal,False,False,106,-241.6547192311665,-238.5742559760939,54,1,23,0,3,44.03281169912799,0.0373147524442051,5.412860373257669,0.0,0.2090739326853263,0.3596464555279182,0.5521653380566863,3.518546659049271,0.7250907648922343,0,,False,overtaking,68,0.0,False,0.0,tier_b,B-32-17,657,channel-intermediate,on,cv
model,overtaking,4.908580190429282,0.0632923202720061,-7.179066461166945,,,,collision:target,True,True,91,-1165.837379230211,-94.393758301471,49,9,0,0,12,15.984749002615883,1.7740331744593172,0.0,0.0,1.4417303388775056,0.387011064788349,0.7501272039723419,1.2410609516930744,1.968742538406196,1,"8(e) in extremis: overtaking, compliant alteration inadmissible (DCPA 2.42 m, TCPA 4.7 s)",True,overtaking,61,0.0,False,0.0,tier_b,B-32-18,658,channel-intermediate,on,cv
model,overtaking,6.753723217761,0.6039609885006465,-1.3123985781457996,,,,goal,False,False,65,33.22990512778766,-44.97107689874904,29,0,0,0,1,8.989860317689722,0.0,0.0,0.0,0.1047262947077592,0.5949844536162645,0.7282544499124899,2.8398551636337195,1.5978992970326302,0,,False,overtaking,39,0.0,False,0.0,tier_b,B-32-19,659,channel-intermediate,on,cv
model,overtaking,5.080443036290956,1.1421503035366376,-7.592730384307535,,,,goal,False,False,100,-412.01148173679655,-114.31374841383908,37,1,6,0,2,21.914462238061343,0.0183735911738397,1.4894714369789646,0.0,0.0853586413334752,0.3997982248686776,0.7793000783683514,2.891841462284179,1.6712208942900122,1,"8(e) in extremis: overtaking, compliant alteration inadmissible (DCPA 2.21 m, TCPA 4.7 s)",False,overtaking,70,0.0,False,0.0,tier_b,B-33-00,660,channel-intermediate,on,re
model,overtaking,7.721286646511732,1.565188253320314,4.135456502809362,,,,collision:boundary,True,False,129,-642.1701217609797,-98.4911353865284,59,3,8,0,5,17.37357034320694,1.341376574178909,1.4419278296978348,0.0,0.146935101901397,0.3553643537472187,0.5874409003189786,2.6324561063248395,2.1534442486502843,0,,False,overtaking,93,0.0,False,0.0,tier_b,B-33-01,661,channel-intermediate,on,re
model,overtaking,4.423199832305516,1.1086226915956476,-0.6718756919861271,,,,goal,False,False,74,24.980721522689063,-75.5304675727101,21,6,29,0,10,4.85657027884081,1.3999806413531275,9.667172688091323,0.0,2.168604186804737,0.5302534923043932,0.8578367621850091,1.7781148293443565,0.4465435568430483,0,,False,overtaking,53,0.0,False,0.0,tier_b,B-33-02,662,channel-intermediate,on,re
model,overtaking,5.427097108165349,0.1181748134236282,-3.6576658376834974,,,,collision:target,True,True,68,-437.4360493618631,-30.511837992419203,26,0,0,0,0,6.164007675236203,0.0,0.0,0.0,0.0,0.5174861840260375,0.7349640425122477,1.0997328642700697,1.676432535602985,1,"8(e) in extremis: overtaking, compliant alteration inadmissible (DCPA 2.11 m, TCPA 3.8 s)",True,overtaking,34,0.0,False,0.0,tier_b,B-33-03,663,channel-intermediate,on,re
model,overtaking,5.595841528046837,1.092650652478493,-7.399916624296332,,,,goal,False,False,101,-628.309941842613,-55.3017759328572,43,5,8,0,5,9.113353920535577,1.3269063593505963,0.7322076599205879,0.0,0.2192311048236787,0.4064423563376456,0.782536616552538,2.038248173283137,2.1244023041061157,2,"8(e) in extremis: overtaking, compliant alteration inadmissible (DCPA 1.75 m, TCPA 2.5 s) | 8(e) in extremis: overtaking, compliant alteration inadmissible (DCPA 2.18 m, TCPA 1.4 s)",False,overtaking,62,0.0,False,0.0,tier_b,B-33-04,664,channel-intermediate,on,re
model,overtaking,4.7063965147132665,0.393838301960403,3.1716669333619745,,,,goal,False,False,94,-250.60132908129032,-79.88223416433239,39,5,0,0,10,14.315848909702789,0.2396390079510399,0.0,0.0,1.740570882654655,0.4084894157564869,0.7673739799954744,2.0059342868140115,1.4634078055419837,1,"8(e) in extremis: overtaking, compliant alteration inadmissible (DCPA 2.45 m, TCPA 0.0 s)",False,overtaking,46,0.0,False,0.0,tier_b,B-33-05,665,channel-intermediate,on,re
model,overtaking,7.079464765997683,0.3049069504594603,4.20210892378438,,,,goal,False,False,76,5.721809049086119,-54.93848551127235,28,0,12,0,1,8.79092175752869,0.0,3.1446069011879185,0.0,0.0228528816064073,0.5132619754749905,0.6969340238705295,2.556609243972259,1.5688283142119963,0,,False,overtaking,54,0.0,False,0.0,tier_b,B-33-06,666,channel-intermediate,on,re
model,overtaking,6.859001710936076,1.9646296068357076,0.4972989888092414,,,,goal,False,False,59,68.87710474659292,-29.512707855942143,31,0,0,0,0,5.962163203220633,0.0,0.0,0.0,0.0,0.6581510767820451,0.7397104932360342,3.809835961656984,1.522979172310039,0,,False,overtaking,41,0.0,False,0.0,tier_b,B-33-07,667,channel-intermediate,on,re
model,overtaking,5.237435502097838,1.7833672453066876,-4.718512138044617,,,,goal,False,False,80,56.85580165349856,-58.86610841215261,25,4,20,0,12,5.161714574688805,0.2842178655028184,6.093440836175477,0.0,2.2160790717716328,0.4754081103226569,0.8324618838058453,1.3517480432886142,0.4090311699863032,0,,False,overtaking,62,0.0,False,0.0,tier_b,B-33-08,668,channel-intermediate,on,re
model,overtaking,4.735626848197253,1.7833898310659335,-2.117709267068224,,,,goal,False,False,103,-7.47764337634834,-75.07180954119559,36,0,37,0,14,4.937218501422317,0.0,10.979914569406072,0.0,2.467752335398502,0.3663576691338641,0.6305242134287525,2.072925815825852,0.3689959458814313,1,"8(e) in extremis: overtaking, compliant alteration inadmissible (DCPA 1.48 m, TCPA 3.8 s)",False,overtaking,88,0.0,False,0.0,tier_b,B-33-09,669,channel-intermediate,on,re
model,overtaking,6.954774006790307,1.5942938333449566,-6.494484608802875,,,,collision:obstacle,True,False,21,-363.4793018627258,0.0,0,0,0,0,0,0.0,0.0,0.0,0.0,0.0,0.3581926719806705,0.5410924742063357,6.336501583949287,0.090138758703833,0,,False,overtaking,5,0.0,False,0.0,tier_b,B-33-10,670,channel-intermediate,on,re
model,overtaking,5.788792118172556,1.667200557998871,-7.276954038186485,,,,goal,False,False,92,10.763176353214874,-70.94886508799205,35,0,46,0,9,4.590737440554657,0.0,12.195559431259346,0.0,0.9601557343806304,0.4161059144057333,0.8138374496553528,2.333263961855618,0.3258789175498561,0,,False,overtaking,74,0.0,False,0.0,tier_b,B-33-11,671,channel-intermediate,on,re
model,overtaking,6.012060119267422,1.7055452219830003,-4.687972241337947,,,,goal,False,False,61,10.260955796401262,-25.454142477900643,36,0,0,0,0,5.142251005636494,0.0,0.0,0.0,0.0,0.6240611775764843,0.7128228254570821,3.513801319438572,1.3932478720896897,0,,False,overtaking,40,0.0,False,0.0,tier_b,B-33-12,672,channel-intermediate,on,re
model,overtaking,5.075029199548692,0.4521512027070151,8.067694831425523,,,,goal,False,False,93,-192.4183166989141,-47.32177242214225,29,10,0,0,20,5.6569655131736,1.5538061974191424,0.0,0.0,2.584100545490703,0.4175088761199051,0.6824058654003168,1.871973674886244,1.629479391823573,2,"8(e) in extremis: overtaking, compliant alteration inadmissible (DCPA 2.49 m, TCPA 1.6 s) | 8(e) in extremis: overtaking, compliant alteration inadmissible (DCPA 2.44 m, TCPA 5.0 s)",False,overtaking,67,0.0,False,0.0,tier_b,B-33-13,673,channel-intermediate,on,re
model,overtaking,6.295297578586485,0.4881688741473546,6.976361770408058,,,,collision:boundary,True,False,142,-666.9203122171361,-58.70059031111128,38,7,2,0,6,9.792669916352338,1.4070716504321252,0.6327297571404281,0.0,0.2186760955161471,0.3244583836685444,0.5785797165306257,2.437504928316525,1.9555385810728063,2,"8(e) in extremis: overtaking, compliant alteration inadmissible (DCPA 2.47 m, TCPA 4.4 s) | 8(e) in extremis: overtaking, compliant alteration inadmissible (DCPA 1.72 m, TCPA 4.1 s)",False,overtaking,92,0.0,False,0.0,tier_b,B-33-14,674,channel-intermediate,on,re
model,overtaking,5.966109371025728,1.1238453334062004,1.4293193805014823,,,,goal,False,False,62,-2.204143400753537,-41.27741787420418,43,0,0,0,0,8.338872297819028,0.0,0.0,0.0,0.0,0.6191234725179416,0.7584891966841819,2.843860646459877,1.4295583254061974,0,,False,overtaking,47,0.0,False,0.0,tier_b,B-33-15,675,channel-intermediate,on,re
model,overtaking,4.396893710220279,0.8140824291807105,-3.6399564479385145,,,,collision:boundary,True,False,67,-918.0389902783744,-30.31544425899335,22,0,2,0,5,5.778347940776289,0.0,0.11013580664037,0.0,0.2924740107211967,0.4016305243446075,0.583596432759997,2.8405510262440767,1.3926450700615487,0,,False,overtaking,43,0.0,False,0.0,tier_b,B-33-16,676,channel-intermediate,on,re
model,overtaking,4.865802482159155,0.1035076541935733,5.270720480172887,,,,goal,False,False,92,-295.31699118900485,-88.70546399660124,49,7,7,0,6,15.061201353754347,1.4429993855726844,1.6435687603911218,0.0,0.2428495110054159,0.4211470199117892,0.5446851094634916,2.59124331168091,1.588074086038033,1,"8(e) in extremis: overtaking, compliant alteration inadmissible (DCPA 2.38 m, TCPA 4.4 s)",False,overtaking,71,0.0,False,0.0,tier_b,B-33-17,677,channel-intermediate,on,re
model,overtaking,5.655155634851443,1.3559299882586096,9.344380762474614,,,,goal,False,False,119,-81.8655556848341,-86.79635495417023,58,3,28,0,0,11.989940194857322,0.0933655666516176,7.495553176305825,0.0,0.0,0.3148115921288466,0.5456230160702795,3.481574295223977,0.3925432197773109,0,,False,overtaking,87,0.0,False,0.0,tier_b,B-33-18,678,channel-intermediate,on,re
model,overtaking,6.728275770544651,0.2989411486789199,-3.2901902119608,,,,goal,False,False,62,22.83652740382256,-56.93153518496821,36,3,0,0,1,11.365353401012875,0.0344365850826126,0.0,0.0,0.1116832786212301,0.6236432071138363,0.749701748732037,2.474043912574303,1.7444251738395014,0,,False,overtaking,46,0.0,False,0.0,tier_b,B-33-19,679,channel-intermediate,on,re
model,overtaking,6.564957633225053,1.5160389056687815,0.3079197245891958,,,,goal,False,False,114,-41.44293459887365,-71.87610211780687,38,3,42,0,6,5.242037601218463,0.245005101903047,11.208006207394575,0.0,0.9703151979410868,0.3289178226332046,0.5448152972678683,2.234296061254726,0.3930181460110195,0,,False,overtaking,95,0.0,False,0.0,tier_b,B-34-00,680,channel-intermediate,on,nc
model,overtaking,5.373072263499167,1.4144928193126045,5.190816548322541,,,,goal,False,False,111,-81.35649099347987,-87.59161320514794,51,1,26,0,3,12.85532115522615,0.0116096836358711,6.2991691633635964,0.0,0.2718436810382221,0.3406460404775494,0.6068111297621626,2.98310425598572,0.4843573515774365,0,,False,overtaking,71,0.0,False,0.0,tier_b,B-34-01,681,channel-intermediate,on,nc
model,overtaking,5.042877269165535,0.7111797996193814,-3.045242208521655,,,,goal,False,False,81,-232.13885063287043,-106.21393630394736,53,20,0,0,23,12.468519131372702,2.9309090591649056,0.0,0.0,6.663725946841382,0.4706447740507297,0.7158258056092442,1.4055137082746851,1.4487776042395424,1,"8(e) in extremis: overtaking, compliant alteration inadmissible (DCPA 2.48 m, TCPA 4.2 s)",False,overtaking,65,0.0,False,0.0,tier_b,B-34-02,682,channel-intermediate,on,nc
model,overtaking,5.706267537081926,0.2581896543741362,-0.8563195070001388,,,,goal,False,False,63,1.2211286896333178,-70.18630628780019,43,8,0,0,1,13.902173053054124,0.247865459656905,0.0,0.0,0.0319145888623492,0.6150451621554491,0.7676036869929237,2.340415939466929,1.819344686590311,0,,False,overtaking,54,0.0,False,0.0,tier_b,B-34-03,683,channel-intermediate,on,nc
model,overtaking,7.098981866049498,0.7106581511941445,-5.248594877849124,,,,goal,False,False,61,48.59880960301415,-33.832657278077335,46,0,0,0,0,6.834880258197441,0.0,0.0,0.0,0.0,0.6314604198010247,0.7403494740815129,2.9150418926771047,1.8666667267879853,0,,False,overtaking,55,0.0,False,0.0,tier_b,B-34-04,684,channel-intermediate,on,nc
model,overtaking,5.887416760509539,0.1113069868275973,0.7770560653059899,,,,goal,False,False,96,-405.70270816282266,-39.74412100792182,29,2,0,0,14,5.509786437265776,0.3639503968598008,0.0,0.0,2.3709163731111564,0.402468964791589,0.625020114835998,1.8136141510192307,1.7105445328842208,1,"8(e) in extremis: overtaking, compliant alteration inadmissible (DCPA 2.19 m, TCPA 4.6 s)",False,overtaking,71,0.0,False,0.0,tier_b,B-34-05,685,channel-intermediate,on,nc
model,overtaking,7.409959960958616,0.98920051013004,-5.089357969724777,,,,goal,False,False,59,36.238304110183286,-49.8230344527682,36,0,0,0,1,10.04025202836574,0.0,0.0,0.0,0.0275082027461732,0.6607515584261091,0.7268453195450232,3.560225119836506,1.9510347024628485,0,,False,overtaking,42,0.0,False,0.0,tier_b,B-34-06,686,channel-intermediate,on,nc
model,overtaking,5.61384720169433,1.8146939924546983,-6.885918100330201,,,,goal,False,False,78,-3.0494576419492603,-88.88782391426088,37,0,39,0,13,7.303539543959591,0.0,11.900045664872833,0.0,2.1989197284708246,0.4882937386124567,0.87392880629396,1.8460946949029144,0.7198604396930357,0,,False,overtaking,70,0.0,False,0.0,tier_b,B-34-07,687,channel-intermediate,on,nc
model,overtaking,6.188977220551603,0.1103726306373711,6.818181008872948,,,,goal,False,False,71,32.92633179805874,-37.49846787145711,29,2,6,0,6,6.321865295286576,0.0182355790541502,1.3948664198451064,0.0,0.2429887626729184,0.5452515053984246,0.7144137931752959,2.6414714301777806,1.5559234607035382,0,,False,overtaking,51,0.0,False,0.0,tier_b,B-34-08,688,channel-intermediate,on,nc
model,overtaking,4.983304370664968,0.5121524244730826,-7.787545279635921,,,,collision:target,True,True,73,-538.3441928675439,-141.1371849656383,47,16,0,0,17,18.907605743590256,6.13283580430907,0.0,0.0,4.434070939403035,0.4690951314917229,0.7149186041417861,0.987859324122749,1.5503209763874417,1,"8(e) in extremis: overtaking, compliant alteration inadmissible (DCPA 2.46 m, TCPA 4.3 s)",True,overtaking,52,0.0,False,0.0,tier_b,B-34-09,689,channel-intermediate,on,nc
model,overtaking,7.462372855204468,0.038096777670513,2.3997360803809293,,,,goal,False,False,68,37.575735949729214,-47.18507253021968,26,1,2,0,8,8.908342134598236,0.0023779078317097,0.5015193315935719,0.0,0.2825641614343517,0.5877742306106201,0.7122404380081774,2.5592714931376346,1.814178743381232,0,,False,overtaking,54,0.0,False,0.0,tier_b,B-34-10,690,channel-intermediate,on,nc
model,overtaking,4.688989152297169,0.0716307181791502,-5.440367326610847,,,,goal,False,False,142,-703.6489557821207,-20.288086347841904,26,5,0,0,2,3.195499793985796,0.7925695614709904,0.0,0.0,0.1215873418512911,0.269028909856717,0.7597977471407177,2.802635494424402,1.4441862661239635,2,"8(e) in extremis: overtaking, compliant alteration inadmissible (DCPA 2.06 m, TCPA 4.7 s) | 8(e) in extremis: overtaking, compliant alteration inadmissible (DCPA 2.30 m, TCPA 0.2 s)",False,overtaking,54,0.0,False,0.0,tier_b,B-34-11,691,channel-intermediate,on,nc
model,overtaking,6.1490083914256015,1.979765173978401,1.4633331864712638,,,,goal,False,False,62,91.67528193390234,-10.573534226877506,33,0,0,0,0,2.1360675205813147,0.0,0.0,0.0,0.0,0.6245135888753429,0.6949425356089558,3.883630835288813,1.359409648082327,0,,False,overtaking,37,0.0,False,0.0,tier_b,B-34-12,692,channel-intermediate,on,nc
model,overtaking,4.04834246501761,0.835984191215275,-7.934382239204043,,,,goal,False,False,120,-1117.8931866011235,-242.0525611294175,70,19,1,0,2,44.150907169921,4.392318129885837,0.2906395707272392,0.0,0.1593985423901321,0.3211626834506577,0.7174433057849567,2.339438319236597,1.2668360966639691,2,"8(e) in extremis: overtaking, compliant alteration inadmissible (DCPA 2.07 m, TCPA 1.5 s) | 8(e) in extremis: overtaking, compliant alteration inadmissible (DCPA 2.27 m, TCPA 0.9 s)",False,overtaking,81,0.0,False,0.0,tier_b,B-34-13,693,channel-intermediate,on,nc
model,overtaking,5.188551078986025,0.679576436605843,-2.398990944025348,,,,goal,False,False,84,-338.0164883653274,-132.0666553070439,57,19,0,0,24,15.40599142147579,5.798070851701867,0.0,0.0,6.0236771232921065,0.4588110760965865,0.7264928242587826,1.28634904798273,1.5750889507134496,1,"8(e) in extremis: overtaking, compliant alteration inadmissible (DCPA 2.32 m, TCPA 4.0 s)",False,overtaking,68,0.0,False,0.0,tier_b,B-34-14,694,channel-intermediate,on,nc
model,overtaking,6.485890139981852,1.9721502792460468,-4.729827598670733,,,,goal,False,False,87,-22.735661660943503,-99.40181159185629,38,1,50,0,16,8.041471985121161,0.1216921852462393,14.680361821561116,0.0,1.3655214202039163,0.4315805837887374,0.792244760755202,2.23399576378845,0.4752692646261768,0,,False,overtaking,69,0.0,False,0.0,tier_b,B-34-15,695,channel-intermediate,on,nc
model,overtaking,7.483703604190931,0.7723484687149009,-6.937115424100988,,,,goal,False,False,60,71.71385665627685,-17.83476069063003,26,0,0,0,0,3.602981957703036,0.0,0.0,0.0,0.0,0.6501408381490414,0.7521547733258716,3.512139668541036,1.905985528571856,0,,False,overtaking,34,0.0,False,0.0,tier_b,B-34-16,696,channel-intermediate,on,nc
model,overtaking,7.581538313653329,1.0883089848293328,-4.1121585384937305,,,,collision:boundary,True,False,151,-780.4676236755486,-98.32612979265863,41,5,0,0,5,17.570395179784384,1.7940234873236949,0.0,0.0,0.5493905312163698,0.3609595526453511,0.6178535260019457,2.079054746609676,2.75422446871478,2,"8(e) in extremis: overtaking, compliant alteration inadmissible (DCPA 1.44 m, TCPA 3.9 s) | 8(e) in extremis: overtaking, compliant alteration inadmissible (DCPA 1.98 m, TCPA 3.4 s)",False,overtaking,59,0.0,False,0.0,tier_b,B-34-17,697,channel-intermediate,on,nc
model,overtaking,4.030307852398669,0.2875177026683391,-6.414163139615221,,,,collision:target,True,True,68,-865.8400183351382,-163.64841975040608,53,16,0,0,1,30.170708917091297,2.8016569749522247,0.0,0.0,0.096713018842376,0.4967676153017568,0.7865387795194232,0.9267291195584024,1.487857319495609,0,,False,overtaking,58,0.0,False,0.0,tier_b,B-34-18,698,channel-intermediate,on,nc
model,overtaking,5.634856650430849,0.91529145191039,5.067025316350811,,,,collision:boundary,True,False,139,-606.288611740682,-38.66318197565817,33,1,6,0,6,6.184888010248949,0.1729196285119431,1.2146158713352244,0.0,0.6265371171077665,0.3321853464972905,0.5431154528753118,2.3052138398302584,1.936134846526422,1,"8(e) in extremis: overtaking, compliant alteration inadmissible (DCPA 1.88 m, TCPA 2.8 s)",False,overtaking,73,0.0,False,0.0,tier_b,B-34-19,699,channel-intermediate,on,nc
model,being_overtaken,7.56928074938171,1.8031632436682437,-4.723073104334588,,False,,goal,False,False,69,85.91929993083944,-22.92085718402092,0,0,0,10,0,0.0,0.0,0.0,5.659470909634795,0.0,0.5606151879274633,0.7337147318817562,2.638362514144573,1.0163869595896295,0,,False,being_overtaken,19,0.0,False,0.0,tier_b,B-35-00,700,channel-intermediate,on,cv
model,being_overtaken,6.194122013791634,1.7062378222133023,3.4540315077849666,,False,,goal,False,False,72,22.210205156789897,-41.69684347427175,0,0,0,13,0,0.0,0.0,0.0,10.295516907227594,0.0,0.5370642437780986,0.7144801717840499,1.5607178771756895,0.7506820288899049,0,,False,being_overtaken,22,0.0,False,0.0,tier_b,B-35-01,701,channel-intermediate,on,cv
model,being_overtaken,6.089062578685256,1.9203925384287956,-3.0917673461548656,,False,,goal,False,False,70,32.57438601998116,-18.62591429659216,0,0,0,14,0,0.0,0.0,0.0,4.598991184343742,0.0,0.5509493245454165,0.7198488173069001,3.089564395406604,1.3192893772422596,0,,False,being_overtaken,15,0.0,False,0.0,tier_b,B-35-02,702,channel-intermediate,on,cv
model,being_overtaken,4.851567477036342,1.8516963920027216,2.868686574366283,,False,,goal,False,False,62,55.450065455257295,-70.55627784512755,2,0,3,17,2,1.451899882494947,0.0,0.5054159183100989,14.464619026436342,0.6595931252875631,0.6171779962375731,0.9030037056726856,1.6023901331265138,0.2864110466043116,0,,False,being_overtaken,37,0.0,False,0.0,tier_b,B-35-03,703,channel-intermediate,on,cv
model,being_overtaken,4.606302553260476,1.3660968527604067,4.011929465669832,,False,,goal,False,False,72,-430.3264747927119,-13.47257794268168,0,0,0,3,0,0.0,0.0,0.0,3.3265624549831307,0.0,0.5581829089543331,0.814649643462322,1.1435239680308666,1.057542930243511,0,,False,being_overtaken,15,0.0,False,0.0,tier_b,B-35-04,704,channel-intermediate,on,cv
model,being_overtaken,5.395708129358189,1.211985327157142,-1.9830767790288988,,False,,goal,False,False,66,-67.48918081395475,-25.580392507341337,0,0,0,9,1,0.0,0.0,0.0,5.8805347438259785,0.3920503988546944,0.5904468551257354,0.795713437022144,2.528830484714464,1.0372794389123832,0,,False,being_overtaken,16,0.0,False,0.0,tier_b,B-35-05,705,channel-intermediate,on,cv
model,being_overtaken,6.812932186864369,1.9989885787262496,-0.9790214266743984,,False,,goal,False,False,76,2.105401815887205,-14.217587261115677,0,0,0,10,0,0.0,0.0,0.0,3.510515373114981,0.0,0.5338545613697416,0.7346010709523604,2.998792333700932,1.3830058025720466,0,,False,being_overtaken,11,0.0,False,0.0,tier_b,B-35-06,706,channel-intermediate,on,cv
model,being_overtaken,6.393919174543741,1.4972305669010466,3.1265580623410134,,False,,goal,False,False,65,50.05154446680013,-24.39153918490489,0,0,2,7,0,0.0,0.0,0.6616231358784259,5.434492813763594,0.0,0.5898179096264123,0.8885448868621195,1.4547782827188869,0.7476685054154585,0,,False,being_overtaken,18,0.0,False,0.0,tier_b,B-35-07,707,channel-intermediate,on,cv
model,being_overtaken,7.201215784761732,1.60934091405559,2.4683781352838245,,False,,goal,False,False,71,-27.62036585975318,-19.737797662747116,0,0,0,5,0,0.0,0.0,0.0,4.8735302870980535,0.0,0.5712491535306403,0.8478418731068668,1.2465993158009168,0.9446475074464727,0,,False,being_overtaken,15,0.0,False,0.0,tier_b,B-35-08,708,channel-intermediate,on,cv
model,being_overtaken,6.483256840793019,1.5905569759010691,4.177762591078057,,False,,goal,False,False,62,83.56059549695638,-23.32608222922274,0,0,0,6,0,0.0,0.0,0.0,5.759526476351295,0.0,0.6189477043426755,0.8912287671965705,1.759977192329073,0.6554232719817558,0,,False,being_overtaken,16,0.0,False,0.0,tier_b,B-35-09,709,channel-intermediate,on,cv
model,being_overtaken,5.526276242012313,1.9947648669318516,1.1120246272415475,,False,,goal,False,False,75,19.145790972439716,-33.314181540298435,0,0,0,11,0,0.0,0.0,0.0,8.225723837110724,0.0,0.5142670333021908,0.7614575396573177,1.6115970092713254,0.5732887631102812,0,,False,being_overtaken,23,0.0,False,0.0,tier_b,B-35-10,710,channel-intermediate,on,cv
model,being_overtaken,5.603401146888539,1.9238255775602449,2.1466137560308844,,False,,goal,False,False,63,59.609292414588495,-63.3555393204122,0,0,0,15,0,0.0,0.0,0.0,15.912230612060474,0.0,0.6026482310849783,0.901759555471621,1.6866600725151872,0.2968116699385785,0,,False,being_overtaken,28,0.0,False,0.0,tier_b,B-35-11,711,channel-intermediate,on,cv
model,being_overtaken,4.321532512764112,1.8838356522292747,2.189496430321338,,False,,goal,False,False,60,71.78853397986096,-44.998745918156814,3,0,3,11,2,1.124570147942588,0.0,0.5085496472436353,8.349301240437153,0.841483318220766,0.6403577990639678,0.8566608481696534,1.532878038605641,0.2889601379115208,0,,False,being_overtaken,33,0.0,False,0.0,tier_b,B-35-12,712,channel-intermediate,on,cv
model,being_overtaken,6.048231216298426,1.5754059031694168,-4.800270270544527,,False,,goal,False,False,69,90.85586504658782,-21.88577839089797,0,0,0,10,0,0.0,0.0,0.0,5.403895898987153,0.0,0.5582038319616547,0.7417967083845238,2.192548549316745,0.6805739501890302,0,,False,being_overtaken,21,0.0,False,0.0,tier_b,B-35-13,713,channel-intermediate,on,cv
model,being_overtaken,6.457832166133277,1.6163898369699294,-5.743757468560553,,False,,goal,False,False,83,-264.1964771724155,-13.90473521993408,0,1,0,5,1,0.0,0.0929191824179681,0.0,3.2491389008157867,0.063505048591378,0.4725711415379663,0.6956166287915265,2.3768746767210125,1.562424526334821,0,,False,being_overtaken,17,0.0,False,0.0,tier_b,B-35-14,714,channel-intermediate,on,cv
model,being_overtaken,7.352625706531939,1.482854214302008,-6.19791349633005,,False,,collision:obstacle,True,False,45,-375.2562993824763,-18.379657837777028,0,0,0,9,0,0.0,0.0,0.0,4.538187120438772,0.0,0.4480176262870255,0.5850413398854674,2.449194994464334,0.8936635046737234,0,,False,being_overtaken,20,0.0,False,0.0,tier_b,B-35-15,715,channel-intermediate,on,cv
model,being_overtaken,6.446465950386056,1.884453336297468,-2.9622264289709914,,False,,goal,False,False,67,118.12920124006652,-8.030891715029838,0,0,0,5,0,0.0,0.0,0.0,1.9829362259332932,0.0,0.568937179049905,0.7011913728405692,2.427049487685874,0.7776802423661987,0,,False,being_overtaken,18,0.0,False,0.0,tier_b,B-35-16,716,channel-intermediate,on,cv
model,being_overtaken,6.162715569025732,1.932562597118532,4.7783565142481255,,False,,goal,False,False,77,-80.64820878896887,-26.33190638111177,0,0,0,6,0,0.0,0.0,0.0,6.501705279286858,0.0,0.5126741068782155,0.889146270333845,1.5577496295168194,0.9261470253599584,0,,False,being_overtaken,17,0.0,False,0.0,tier_b,B-35-17,717,channel-intermediate,on,cv
model,being_overtaken,6.651448727573665,1.9418067893952125,-7.534568314141891,,False,,collision:obstacle,True,False,53,-408.0865812491169,-11.617378914646698,0,0,0,7,0,0.0,0.0,0.0,2.86848862090042,0.0,0.4452980955096973,0.583214224625049,2.4985367888145493,0.6134645511217662,0,,False,being_overtaken,17,0.0,False,0.0,tier_b,B-35-18,718,channel-intermediate,on,cv
model,being_overtaken,7.59199920214211,1.6723175702156905,4.001471964474913,,False,,goal,False,False,83,-99.78917533332012,-59.84436338769288,0,0,0,10,0,0.0,0.0,0.0,15.802705454743936,0.0,0.4673698341047655,0.7370589078212809,1.2840863052652411,1.3850307651518217,0,,False,being_overtaken,22,0.0,False,0.0,tier_b,B-35-19,719,channel-intermediate,on,cv
model,being_overtaken,5.882602954792528,1.5871833380135656,5.698554719565248,,False,,goal,False,False,69,88.2892993756297,-29.07397255084369,0,0,0,6,0,0.0,0.0,0.0,7.1787586545293065,0.0,0.5629766362639516,0.7697741299543691,1.7100580503974585,0.4329824019794174,0,,False,being_overtaken,16,0.0,False,0.0,tier_b,B-36-00,720,channel-intermediate,on,re
model,being_overtaken,7.216652352360032,1.7749040145929331,-3.698749646560982,,False,,goal,False,False,72,-57.52898144676389,-35.705653418787634,0,0,0,16,0,0.0,0.0,0.0,8.816210720688304,0.0,0.5550810750962675,0.6911948529084884,3.0108933344868585,1.8222126702325072,0,,False,being_overtaken,16,0.0,False,0.0,tier_b,B-36-01,721,channel-intermediate,on,re
model,being_overtaken,8.103645418818777,1.7638061660631352,-8.686042713833888,,False,,goal,False,False,68,46.46294392371209,-24.92822304137877,2,1,0,12,0,1.1340871381654538,0.2165034381528788,0.0,4.5043949848402525,0.0,0.5756396174362647,0.8159370874593528,2.7558114924745385,1.2560391549565135,0,,False,being_overtaken,18,0.0,False,0.0,tier_b,B-36-02,722,channel-intermediate,on,re
model,being_overtaken,6.827222194117738,1.6694484269696876,5.554332739119907,,False,,goal,False,False,65,-14.935166276119148,-30.051060501244454,0,0,1,7,1,0.0,0.0,0.3711492642599638,6.978228869152971,0.1006880510753433,0.5948313613550392,0.8540328235438108,1.552705378374334,1.1152172668077798,0,,False,being_overtaken,18,0.0,False,0.0,tier_b,B-36-03,723,channel-intermediate,on,re
model,being_overtaken,6.972330499224841,1.5741946574742345,6.346078978004229,,False,,goal,False,False,66,61.947703510679,-9.780535292318948,0,0,0,4,0,0.0,0.0,0.0,2.414946985757765,0.0,0.5843057509858701,0.7475212037369069,1.5249735996437372,0.6536134211093976,0,,False,being_overtaken,15,0.0,False,0.0,tier_b,B-36-04,724,channel-intermediate,on,re
model,being_overtaken,5.244207935775027,1.391668749492697,4.172974448204327,,False,,goal,False,False,66,45.51282337430645,-13.507972678577763,0,0,0,5,0,0.0,0.0,0.0,3.335301895945127,0.0,0.590799161792473,0.8511377922911592,1.748090598346686,0.7437655499724899,0,,False,being_overtaken,17,0.0,False,0.0,tier_b,B-36-05,725,channel-intermediate,on,re
model,being_overtaken,5.952404178396229,1.4032750573987096,3.109752559025964,,False,,goal,False,False,65,28.8690049492736,-13.758137448762543,2,0,4,6,0,0.1122478546725924,0.0,1.0224216416382186,2.351059915613733,0.0,0.5921847840131442,0.8122819938424596,1.5458534649345974,0.7663276273271716,0,,False,being_overtaken,20,0.0,False,0.0,tier_b,B-36-06,726,channel-intermediate,on,re
model,being_overtaken,7.316788762936627,1.9654630011032403,6.634312829461692,,False,,goal,False,False,80,-29.711179213115344,-18.606099410711355,0,0,0,6,0,0.0,0.0,0.0,4.5940986199287295,0.0,0.4955673307196914,0.757350503992665,1.7830652766150636,1.4983936873530534,0,,False,being_overtaken,19,0.0,False,0.0,tier_b,B-36-07,727,channel-intermediate,on,re
model,being_overtaken,5.994264453999428,1.5167475509010364,-3.633857144973831,,False,,goal,False,False,72,51.53164896315708,-5.71195777068617,0,0,0,4,0,0.0,0.0,0.0,1.410359943379301,0.0,0.5331550976061296,0.7092136040318019,1.758014138580825,0.6063238135148282,0,,False,being_overtaken,15,0.0,False,0.0,tier_b,B-36-08,728,channel-intermediate,on,re
model,being_overtaken,4.705379515241001,1.6972601607178883,2.340891761133941,,False,,goal,False,False,64,40.23209584220993,-17.893400030156386,0,0,0,5,0,0.0,0.0,0.0,4.418123464236145,0.0,0.5983870200746189,0.8708500924011872,1.5929496019312186,0.5551442418376256,0,,False,being_overtaken,14,0.0,False,0.0,tier_b,B-36-09,729,channel-intermediate,on,re
model,being_overtaken,7.856121651919679,1.9753526272973847,8.479469363207347,,False,,goal,False,False,68,95.82276766438764,-27.2798946603974,0,0,0,8,0,0.0,0.0,0.0,6.735776459357382,0.0,0.5683769272230083,0.7899580633493766,2.1298483605836758,0.5124936977893881,0,,False,being_overtaken,22,0.0,False,0.0,tier_b,B-36-10,730,channel-intermediate,on,re
model,being_overtaken,5.854463089738988,1.9713017203523608,-0.0771931968312742,,False,,goal,False,False,65,105.28574785737956,-18.530242844514408,0,0,0,13,0,0.0,0.0,0.0,4.575368603583804,0.0,0.5827631603014599,0.7480092683086824,2.731402545736019,0.6850106479226225,0,,False,being_overtaken,16,0.0,False,0.0,tier_b,B-36-11,731,channel-intermediate,on,re
model,being_overtaken,7.370871774945733,1.9121997978668648,7.448289349494143,,False,,goal,False,False,85,-99.38271214320667,-30.678524764435156,0,0,0,6,0,0.0,0.0,0.0,7.684001876117981,0.0,0.4614538264701019,0.7163320979360471,1.4754911257614358,1.5227304732681506,0,,False,being_overtaken,19,0.0,False,0.0,tier_b,B-36-12,732,channel-intermediate,on,re
model,being_overtaken,6.094105294014121,1.328160340770982,3.581497546214294,,False,,goal,False,False,64,66.8432774894824,-21.79729019833589,0,0,0,7,0,0.0,0.0,0.0,5.382046962552072,0.0,0.5894924352325052,0.8036035670034599,1.725477510272011,0.6749373628241001,0,,False,being_overtaken,19,0.0,False,0.0,tier_b,B-36-13,733,channel-intermediate,on,re
model,being_overtaken,6.994395790615258,1.7451392562153814,4.992462236281128,,False,,goal,False,False,65,95.98530180099316,-29.14139064248992,0,0,0,7,0,0.0,0.0,0.0,7.195405096911092,0.0,0.5917229539223938,0.786217380944252,1.7338263988969944,0.454267590398776,0,,False,being_overtaken,20,0.0,False,0.0,tier_b,B-36-14,734,channel-intermediate,on,re
model,being_overtaken,5.689388444016168,1.8803615291518097,5.068352236910778,,False,,goal,False,False,63,-253.18747897122785,-20.011366039190072,1,1,2,6,0,0.0115874434975227,0.2510387880806828,0.1659210748664858,4.472605018113237,0.0,0.6165175444967309,0.864744216438664,1.7172187227387627,1.2638049551041228,0,,False,being_overtaken,20,0.0,False,0.0,tier_b,B-36-15,735,channel-intermediate,on,re
model,being_overtaken,6.202759926190088,1.7971059677812815,-5.693746716091219,,False,,goal,False,False,67,101.23115496852093,-12.438977947975236,0,0,0,8,0,0.0,0.0,0.0,3.071352579746972,0.0,0.5713961928718228,0.7455796262408495,2.376812066528113,0.7393947171027498,0,,False,being_overtaken,20,0.0,False,0.0,tier_b,B-36-16,736,channel-intermediate,on,re
model,being_overtaken,6.685162251860411,1.6939074394617388,0.735887661595962,,False,,collision:obstacle,True,False,32,-355.22254650226097,-16.434410091456648,0,0,0,5,0,0.0,0.0,0.0,4.057879034927568,0.0,0.4458490672528525,0.6082073629980471,1.2709257673710166,0.3223126386795712,0,,False,being_overtaken,14,0.0,False,0.0,tier_b,B-36-17,737,channel-intermediate,on,re
model,being_overtaken,7.530560332596868,1.8017325398424555,-9.83075144031028,,False,,goal,False,False,70,31.373968483515085,-5.927973676035869,0,0,0,5,0,0.0,0.0,0.0,1.4636972039594738,0.0,0.5664483399235003,0.7715774521590664,2.3882132411273327,1.5775587823415784,0,,False,being_overtaken,14,0.0,False,0.0,tier_b,B-36-18,738,channel-intermediate,on,re
model,being_overtaken,6.068651842489043,1.827531148005508,4.071058448917956,,False,,goal,False,False,63,92.79592768094592,-14.985665426347818,0,1,2,6,1,0.0,0.0051632444887911,0.5940136888253149,3.153721593845326,0.0109079180630215,0.6012769992894625,0.8170793375168987,1.780342290471396,0.431846590812739,0,,False,being_overtaken,18,0.0,False,0.0,tier_b,B-36-19,739,channel-intermediate,on,re
model,being_overtaken,7.507408586444551,1.7983005635566744,-4.124948079741775,,False,,collision:obstacle,True,False,56,-401.3763618988359,-20.638768693491848,0,0,0,14,0,0.0,0.0,0.0,5.095992269997987,0.0,0.5032157809542226,0.7149698708426133,2.853905509473546,1.1637209148223808,0,,False,being_overtaken,15,0.0,False,0.0,tier_b,B-37-00,740,channel-intermediate,on,nc
model,being_overtaken,5.743241890913223,1.5147450040474604,3.169308852049092,,False,,goal,False,False,62,61.97648253124436,-46.81225002546136,0,0,0,11,0,0.0,0.0,0.0,11.558580253200336,0.0,0.6135151871626512,0.8491356319560545,1.3984988602261743,0.4658239728881713,0,,False,being_overtaken,30,0.0,False,0.0,tier_b,B-37-01,741,channel-intermediate,on,nc
model,being_overtaken,4.770769019962083,1.496049053436562,5.704676562122407,,False,,goal,False,False,68,-289.4673049475098,-35.03797033034809,0,0,0,8,0,0.0,0.0,0.0,8.651350698851381,0.0,0.5686442577932297,0.8571868025639608,1.552364787731896,0.650541200622417,0,,False,being_overtaken,16,0.0,False,0.0,tier_b,B-37-02,742,channel-intermediate,on,nc
model,being_overtaken,6.359756975407178,1.8075950262667175,-0.9739839305460158,,False,,goal,False,False,62,100.7138881620842,-19.75496813324408,0,0,0,7,0,0.0,0.0,0.0,4.877769909442983,0.0,0.620287218880088,0.8196875629703998,1.6802709411446324,0.3985854108435047,0,,False,being_overtaken,20,0.0,False,0.0,tier_b,B-37-03,743,channel-intermediate,on,nc
model,being_overtaken,6.550376210502348,1.819103616973196,-4.300748888852217,,False,,goal,False,False,68,-73.8090565069029,-19.157152602925127,1,1,0,12,0,0.1179595287844526,0.1404519711384374,0.0,4.414324858841189,0.0,0.5669596866979395,0.7079547605832688,2.732951831292909,1.13477698779033,0,,False,being_overtaken,17,0.0,False,0.0,tier_b,B-37-04,744,channel-intermediate,on,nc
model,being_overtaken,4.891437791130193,1.4610323938298229,4.091295207293211,,False,,collision:boundary,True,False,44,-413.24242185921474,-12.648648479843963,1,0,0,4,0,0.1135759638966166,0.0,0.0,2.9843080144582004,0.0,0.4993477204252068,0.8137123806289007,1.2695165985752874,0.7306965013520174,0,,False,being_overtaken,17,0.0588235294117647,True,0.0,tier_b,B-37-05,745,channel-intermediate,on,nc
model,being_overtaken,4.729386691847341,1.3569008080037803,4.3463237001288455,,False,,goal,False,False,66,-340.9771854655544,-18.601086532006345,0,0,2,5,0,0.0,0.0,0.7028798802899523,3.968078756287041,0.0,0.5907736763494716,0.856304753234075,1.2783285425546846,0.7797717018593531,0,,False,being_overtaken,17,0.0,False,0.0,tier_b,B-37-06,746,channel-intermediate,on,nc
model,being_overtaken,7.624257806395864,1.7953212432990149,-2.2559187155046896,,False,,goal,False,False,67,98.6591630397581,-20.38337517564092,0,0,0,9,0,0.0,0.0,0.0,5.032932142133561,0.0,0.5679627919643087,0.769431444233596,2.5022587190320733,0.947874839715602,0,,False,being_overtaken,16,0.0,False,0.0,tier_b,B-37-07,747,channel-intermediate,on,nc
model,being_overtaken,7.400799714515556,1.797709467045584,-5.705185729010475,,False,,goal,False,False,69,61.75550778706877,-23.90948633072926,0,0,0,18,0,0.0,0.0,0.0,5.903576871785001,0.0,0.5668804107157646,0.6633172778456934,2.917925164884624,1.3738908002000176,0,,False,being_overtaken,18,0.0,False,0.0,tier_b,B-37-08,748,channel-intermediate,on,nc
model,being_overtaken,6.521208603580449,1.8386448595905416,9.374123218196743,,False,,goal,False,False,77,35.2951420059033,-9.659901402569323,0,0,0,4,0,0.0,0.0,0.0,2.3851608401405744,0.0,0.498956618138116,0.8430749170372476,1.7287235374686034,0.4739812856641113,0,,False,being_overtaken,15,0.0,False,0.0,tier_b,B-37-09,749,channel-intermediate,on,nc
model,being_overtaken,5.218073490930638,1.64196168171261,-5.172827072455233,,False,,collision:obstacle,True,False,55,-698.6683320428484,-31.43350857582431,0,0,0,15,0,0.0,0.0,0.0,7.761360142178841,0.0,0.427682914164268,0.6508683612711087,3.062125872000181,1.5555044007977572,0,,False,being_overtaken,15,0.0,False,0.0,tier_b,B-37-10,750,channel-intermediate,on,nc
model,being_overtaken,5.230157253145066,1.4238889814199032,0.8359271373909127,,False,,goal,False,False,58,57.224831114980645,-48.79637082967613,0,0,0,10,0,0.0,0.0,0.0,12.131017567357771,0.0,0.648324038005845,0.9519760379875638,1.5080170176106054,0.3185381828122517,0,,False,being_overtaken,22,0.0,False,0.0,tier_b,B-37-11,751,channel-intermediate,on,nc
model,being_overtaken,4.9275120897138605,1.4544044316358629,1.4821257984436755,,False,,collision:target,True,True,20,-357.84580943983855,-53.09783734237408,0,0,0,9,0,0.0,0.0,0.0,13.110577121573847,0.0,0.4848440260785763,0.692011319738134,0.8925038984182665,0.4099681467407237,0,,False,being_overtaken,19,0.0,False,0.0,tier_b,B-37-12,752,channel-intermediate,on,nc
model,being_overtaken,6.638268775403676,1.6665210467192346,4.8224130319071286,,False,,collision:boundary,True,False,79,-559.2523314882286,-62.90784633994956,0,0,0,12,0,0.0,0.0,0.0,16.86358601939442,0.0,0.3672741864815805,0.8086096659344003,1.562756043512716,0.7757196575877284,0,,False,being_overtaken,24,0.0,False,0.0,tier_b,B-37-13,753,channel-intermediate,on,nc
model,being_overtaken,7.303985863758642,1.7810504355594825,1.7681686945534985,,False,,goal,False,False,64,77.70522430329754,-36.80979549126946,1,0,1,11,1,0.4317936478970756,0.0,0.2290867579385081,8.20046274175863,0.1412956669950791,0.598687805665292,0.829809320466142,1.6640561336090929,0.5246696809072876,0,,False,being_overtaken,24,0.0,False,0.0,tier_b,B-37-14,754,channel-intermediate,on,nc
model,being_overtaken,5.413543007109223,1.7624743632182618,7.25499041046341,,False,,collision:boundary,True,False,49,-388.6543573777288,-26.45281395779985,5,0,4,7,0,0.4631576640939994,0.0,0.4091183455087652,5.601816660914321,0.0,0.5159621962267402,0.6612730271425747,1.8037507012862009,0.6191892474390173,0,,False,being_overtaken,21,0.0,False,0.0,tier_b,B-37-15,755,channel-intermediate,on,nc
model,being_overtaken,6.941510505621273,1.64922981128708,-9.678497946776847,,False,,collision:boundary,True,False,76,-685.8748055277064,-11.788729087864931,0,0,0,6,0,0.0,0.0,0.0,2.9107973056456617,0.0,0.33648271544875,0.5814153919873264,2.329371466102436,1.5504461563887604,0,,False,being_overtaken,14,0.0,False,0.0,tier_b,B-37-16,756,channel-intermediate,on,nc
model,being_overtaken,4.651035146619659,1.4185975500354997,1.6600436362670763,,False,,goal,False,False,77,-39.19692169788668,-35.66267670599783,0,0,0,9,0,0.0,0.0,0.0,8.80559918666613,0.0,0.5016749238266662,0.7548380100546919,1.3821436234262523,0.4632988360081211,0,,False,being_overtaken,19,0.0,False,0.0,tier_b,B-37-17,757,channel-intermediate,on,nc
model,being_overtaken,4.3014868555864885,1.7058564536883885,-0.5159636138273669,,False,,goal,False,False,70,-10.177614489442432,-32.28813485994066,0,0,0,17,0,0.0,0.0,0.0,7.972378977763125,0.0,0.5459798939519861,0.8172497096521426,2.842806779268827,0.9630784599796592,0,,False,being_overtaken,17,0.0,False,0.0,tier_b,B-37-18,758,channel-intermediate,on,nc
model,being_overtaken,4.609721637523985,1.3310136915864872,-1.1960561970639318,,False,,goal,False,False,68,76.21012358456478,-30.4270918242072,0,0,0,12,0,0.0,0.0,0.0,7.512862178816591,0.0,0.5586220058648883,0.7499604773708671,2.1318694019588262,0.5732170813251602,0,,False,being_overtaken,28,0.0,False,0.0,tier_b,B-37-19,759,channel-intermediate,on,nc
model,,6.893723934745976,7.010016120807804,-4.039734196330549,,,,goal,False,False,67,128.13924475350453,0.0,0,0,0,0,0,0.0,0.0,0.0,0.0,0.0,0.5610796478326838,0.6638755310599133,5.791298942756044,0.6949310658846802,0,,False,never,0,0.0,False,0.0,tier_b,B-38-00,760,channel-intermediate,on,cv
model,,6.361278356357098,7.554963041986295,4.933175109097581,,,,goal,False,False,67,144.11444859182376,0.0,0,0,0,0,0,0.0,0.0,0.0,0.0,0.0,0.5687516790700522,0.6993341067061805,8.18040785332845,0.3115013040245384,0,,False,never,0,0.0,False,0.0,tier_b,B-38-01,761,channel-intermediate,on,cv
model,,7.368558564357867,1.6643814995175084,-6.228218409851046,,,,collision:obstacle,True,False,51,-526.486937498383,0.0,0,0,0,0,0,0.0,0.0,0.0,0.0,0.0,0.4707846062171097,0.636434806381725,8.722492374601025,2.451040069554696,0,,False,never,0,0.0,False,0.0,tier_b,B-38-02,762,channel-intermediate,on,cv
model,,6.874141221827317,7.081019168722316,7.5410155115049236,,,,goal,False,False,67,62.369150549672646,0.0,0,0,0,0,0,0.0,0.0,0.0,0.0,0.0,0.5885011651356223,0.7645670819288749,7.109653765675987,1.022640035004778,0,,False,never,0,0.0,False,0.0,tier_b,B-38-03,763,channel-intermediate,on,cv
model,,7.460611565453397,6.415317526198635,6.492222735225834,,,,goal,False,False,65,16.713991079453507,-10.53670241436634,9,3,5,0,0,0.8250801797485102,0.692634973658165,0.8400034458342492,0.0,0.0,0.589701649076148,0.9193489873340897,6.4132905690403454,1.2025611109434715,0,,False,overtaking,30,0.0,False,0.0,tier_b,B-38-04,764,channel-intermediate,on,cv
model,,6.946745378118248,2.3269887706739114,6.670165648418408,,,,goal,False,False,67,-29.190719982977853,-45.13354875985432,18,0,4,0,0,8.351365537956683,0.0,1.053969263046873,0.0,0.0,0.5917819683922902,0.7371319822681242,6.750292747185756,1.4585486783502628,0,,False,overtaking,20,0.0,False,0.0,tier_b,B-38-05,765,channel-intermediate,on,cv
model,,7.768355759350696,8.6987201881866,2.7147866285426154,,,,goal,False,False,66,145.67842067542625,0.0,0,0,0,0,0,0.0,0.0,0.0,0.0,0.0,0.5716218430834582,0.679142355331007,7.81991611619566,0.5188221010002463,0,,False,never,0,0.0,False,0.0,tier_b,B-38-06,766,channel-intermediate,on,cv
model,,7.6415241985799485,4.179871541168552,4.72863208997823,,,,goal,False,False,69,-205.3412996353497,0.0,0,0,0,0,0,0.0,0.0,0.0,0.0,0.0,0.6056759665021287,0.8595817016456685,7.561480731436034,2.091189421632741,0,,False,never,0,0.0,False,0.0,tier_b,B-38-07,767,channel-intermediate,on,cv
model,,5.883262731759669,2.1097617511204385,5.517580546576745,,,,goal,False,False,72,71.49591563943949,-1.0113957695010836,3,0,0,0,0,0.2043223776769865,0.0,0.0,0.0,0.0,0.5346311889068542,0.6628822865573987,6.594691433726621,0.90863172333701,0,,False,overtaking,4,0.0,False,0.0,tier_b,B-38-08,768,channel-intermediate,on,cv
model,,7.564194806499374,8.175870591341372,-1.976709570164649,,,,goal,False,False,65,94.78269834460087,0.0,0,0,0,0,0,0.0,0.0,0.0,0.0,0.0,0.6039432521419353,0.8043120282384042,7.553089794941658,1.2015366157573244,0,,False,never,0,0.0,False,0.0,tier_b,B-38-09,769,channel-intermediate,on,cv
model,,7.364936494999281,6.9293375233114025,4.475438695169203,,,,goal,False,False,64,105.42615765003592,0.0,0,0,0,0,0,0.0,0.0,0.0,0.0,0.0,0.6128911538232359,0.760949189299364,8.344774082994597,0.9558725904032452,0,,False,never,0,0.0,False,0.0,tier_b,B-38-10,770,channel-intermediate,on,cv
model,,7.631341322862019,7.309386260220524,6.184419256216643,,,,goal,False,False,66,55.982086223256665,-7.905064861616086,4,2,2,0,0,0.7609444095554201,0.5326981709253015,0.4170928022879206,0.0,0.0,0.5807702890048979,0.9084161963796676,6.571407891060198,0.5406071443134107,0,,False,overtaking,13,0.0,False,0.0,tier_b,B-38-11,771,channel-intermediate,on,cv
model,,7.577203800336518,9.176069444204698,4.9135963576092845,,,,goal,False,False,64,150.6992762048292,0.0,0,0,0,0,0,0.0,0.0,0.0,0.0,0.0,0.5904201516670583,0.6810671439251516,11.042877982639816,0.4002089195378118,0,,False,never,0,0.0,False,0.0,tier_b,B-38-12,772,channel-intermediate,on,cv
model,,6.576052035412172,4.844920297095892,-4.957720912583357,,,,collision:boundary,True,False,40,-393.5168959321789,0.0,0,0,0,0,0,0.0,0.0,0.0,0.0,0.0,0.4851063703138184,0.645085625988262,8.815091881531623,0.6754201134771017,0,,False,never,0,0.0,False,0.0,tier_b,B-38-13,773,channel-intermediate,on,cv
model,,7.479990903734448,9.837890827862829,5.066200644374113,,,,goal,False,False,70,-89.93509282929179,0.0,0,0,0,0,0,0.0,0.0,0.0,0.0,0.0,0.5716983932686586,0.807216394135571,9.714515229634346,1.8150928595206524,0,,False,never,0,0.0,False,0.0,tier_b,B-38-14,774,channel-intermediate,on,cv
model,,6.788800257550982,3.974010587445462,0.1883252793222194,,,,goal,False,False,63,53.48056393679138,0.0,0,0,0,0,0,0.0,0.0,0.0,0.0,0.0,0.6362636448684347,0.8163667817928716,9.922936218138902,1.515742210792777,0,,False,never,0,0.0,False,0.0,tier_b,B-38-15,775,channel-intermediate,on,cv
model,,7.490521285222097,8.028577688531575,2.983026464758293,,,,goal,False,False,63,-16.820097927937,0.0,0,0,0,0,0,0.0,0.0,0.0,0.0,0.0,0.6623137867640696,0.860478430444351,11.64261533069355,2.053228098704985,0,,False,never,0,0.0,False,0.0,tier_b,B-38-16,776,channel-intermediate,on,cv
model,,7.513260813579666,7.204446095062754,-3.0993580974405277,,,,goal,False,False,67,87.65712626898167,0.0,0,0,0,0,0,0.0,0.0,0.0,0.0,0.0,0.5732851598673192,0.8146880400799422,7.973835864861182,0.4847534123592286,0,,False,never,0,0.0,False,0.0,tier_b,B-38-17,777,channel-intermediate,on,cv
model,,8.014018593866602,4.795845807013674,6.865620021816273,,,,goal,False,False,67,89.50284419250495,0.0,0,0,0,0,0,0.0,0.0,0.0,0.0,0.0,0.5972059128467697,0.8130855083780484,7.339399615466918,1.582204842624461,0,,False,never,0,0.0,False,0.0,tier_b,B-38-18,778,channel-intermediate,on,cv
model,,7.811122904564072,4.488264435415524,-0.2585824741526288,,,,goal,False,False,75,30.324590054898948,0.0,0,0,0,0,0,0.0,0.0,0.0,0.0,0.0,0.5233641057527199,0.7165203578992045,8.078214154498538,1.3765719017819191,0,,False,never,0,0.0,False,0.0,tier_b,B-38-19,779,channel-intermediate,on,cv
model,head_on,3.865257713904325,1.0338541526692984,176.8540673527023,,,,collision:obstacle,True,False,40,-402.610817382557,-35.08866835655773,8,0,24,0,0,1.7147181613013365,0.0,7.389114849476702,0.0,0.0,0.608419875955206,0.8161430693021078,1.9374478241120867,0.8091952584876615,0,,False,head_on,25,0.0,False,0.0,tier_b,B-39-00,780,channel-narrow,on,cv
model,head_on,4.235076561666536,1.191851884640457,188.87835672051156,,,,collision:target,True,True,25,-318.394214674949,-14.031635493618396,0,0,2,0,7,0.0,0.0,0.091356061480291,0.0,3.0450563716198555,0.5766801076718072,0.7053947569469405,0.9371622610574636,0.7354195979892304,0,,False,head_on,9,0.0,False,0.0,tier_b,B-39-01,781,channel-narrow,on,cv
model,head_on,3.5880778324297715,1.2860369651216232,189.4527109582386,,,,collision:boundary,True,False,25,-341.50665014176747,-8.504215969251593,2,0,2,0,4,0.8400736732110212,0.0,0.2156395268433931,0.0,0.7932331089379606,0.6692251230647621,0.8303394120405371,2.8052110797572225,0.5145202162307029,1,"8(e) in extremis: head_on, compliant alteration inadmissible (DCPA 2.18 m, TCPA 1.3 s)",False,head_on,14,0.0,False,0.0,tier_b,B-39-02,782,channel-narrow,on,cv
model,head_on,4.348278884329544,0.0113095628141173,179.86521879434991,,,,goal,False,False,63,-61.45654763502907,-49.64400076824275,11,0,15,0,9,5.497161682417286,0.0,3.560851956301922,0.0,2.1364407550200566,0.6153689418544117,0.8273382840025423,1.0837963410088352,0.9266069024207874,0,,False,head_on,15,0.0,False,0.0,tier_b,B-39-03,783,channel-narrow,on,cv
model,head_on,3.836752004607026,0.2380621369749365,174.45621491844668,,,,collision:boundary,True,False,30,-456.3960359322564,-16.79680412319382,3,0,10,0,2,1.9061962178066487,0.0,1.7357773547503457,0.0,0.2471854150999251,0.7412740886621612,0.9745421879361896,1.124782591934952,0.6883053344433518,0,,False,head_on,17,0.0,False,0.0,tier_b,B-39-04,784,channel-narrow,on,cv
model,head_on,3.825938577463284,1.3044018264425226,181.95327015196432,,,,collision:target,True,True,29,-311.2741518871822,-4.608534238637655,0,0,5,0,2,0.0,0.0,0.6685024252170746,0.0,0.4893167795235971,0.552342242415623,0.6925995731662791,0.9939234791827208,0.8380350362659761,0,,False,head_on,15,0.0,False,0.0,tier_b,B-39-05,785,channel-narrow,on,cv
model,head_on,4.145732736883094,1.3122466078205606,170.9497167931347,,,,collision:target,True,True,27,-365.5184851875415,-25.346290967563323,6,0,12,0,2,2.533005747985092,0.0,2.979526152225395,0.0,0.4625818593390445,0.6838531846093753,0.8263362224991281,1.7426885922973396,0.5475669588201579,0,,False,head_on,20,0.0,False,0.0,tier_b,B-39-06,786,channel-narrow,on,cv
model,head_on,4.197272748830505,0.1515259668791562,174.04259926766264,,,,goal,False,False,54,-215.1777301742838,-22.443775291293523,8,1,0,0,7,2.611058619810485,0.0062203419656889,0.0,0.0,2.108498762333658,0.7197609850526077,0.916787978583954,1.4935391079239186,0.8888760166885206,0,,False,head_on,10,0.3,True,0.0,tier_b,B-39-07,787,channel-narrow,on,cv
model,head_on,3.603572969446984,1.0444000429664326,180.13288258059953,,,,goal,False,False,67,-686.8428250339549,-65.47268726074736,18,0,6,0,6,11.678637742829972,0.0,1.0827485260839178,0.0,0.8367857199637527,0.6074468089606564,0.8177071786563814,2.212196681101654,1.1013765169067191,1,"8(e) in extremis: head_on, compliant alteration inadmissible (DCPA 2.20 m, TCPA 1.4 s)",False,head_on,28,0.0,False,0.0,tier_b,B-39-08,788,channel-narrow,on,cv
model,head_on,3.687605131389582,0.2422956678516834,171.64868946047636,,,,collision:boundary,True,False,26,-383.1950186666354,-30.409035246961786,8,0,15,0,3,3.092056161504437,0.0,3.6066023567512726,0.0,0.4710197251578311,0.6371990004339162,0.7870135396101315,1.5445522050919118,0.5395901100255295,0,,False,head_on,22,0.0,False,0.0,tier_b,B-39-09,789,channel-narrow,on,cv
model,head_on,3.546469135471181,0.3826940581766052,178.74987548610562,,,,collision:target,True,True,27,-303.1550566647209,-2.3183008022596656,0,0,1,0,2,0.0,0.0,0.0987805943373111,0.0,0.4361534805878545,0.5623755335399285,0.6714387294476072,1.7381418239300346,0.6211501276198865,0,,False,head_on,4,0.0,False,0.0,tier_b,B-39-10,790,channel-narrow,on,cv
model,head_on,3.9260619886350105,0.1871361275972911,184.9225262511312,,,,goal,False,False,55,-182.4690875026659,-46.63418971775267,11,0,11,0,9,5.958486156215153,0.0,2.3500266118804096,0.0,1.928797209270708,0.7294197162082494,0.9579430586769024,1.1442083398628715,0.8378624260222632,0,,False,head_on,20,0.0,False,0.0,tier_b,B-39-11,791,channel-narrow,on,cv
model,head_on,3.758578416746012,1.1950632141872286,189.229079434214,,,,goal,False,False,52,-48.52664500415011,-19.678587098880566,9,0,3,0,2,3.369988191193563,0.0,0.268713961431817,0.0,0.4510611758484187,0.743298212627391,1.0152820386786392,1.8016427580927297,0.4939018464196534,0,,False,head_on,18,0.0,False,0.0,tier_b,B-39-12,792,channel-narrow,on,cv
model,head_on,3.7907191062199344,0.0645967238747722,185.4543595368918,,,,collision:target,True,True,24,-324.0432009119929,-18.355643125531333,2,0,19,0,1,0.2931994433619566,0.0,4.623878398502222,0.0,0.0574096991737008,0.5648055879076493,0.6806099096034977,1.7298058252313813,0.6532134654463803,0,,False,head_on,19,0.0,False,0.0,tier_b,B-39-13,793,channel-narrow,on,cv
model,head_on,4.308192409933844,1.5112716431248885,186.3681527370162,,,,collision:boundary,True,False,30,-471.162597794361,-54.18003277263748,11,0,4,0,9,7.783482236465297,0.0,0.3211276065282249,0.0,3.221274737473921,0.5688211759465022,0.9425588785494567,2.3987521674647274,0.73242228453912,1,"8(e) in extremis: head_on, compliant alteration inadmissible (DCPA 2.16 m, TCPA 0.4 s)",False,head_on,19,0.0,False,0.0,tier_b,B-39-14,794,channel-narrow,on,cv
model,head_on,3.6874710389797194,1.3516258746790897,177.31167039509134,,,,goal,False,False,52,48.54674549330251,-25.94869052710101,7,0,3,0,2,4.597892166447025,0.0,0.718495728858381,0.0,0.1338977065106804,0.7391768821960708,0.9850585170879874,1.9801735927420716,0.4164612837415644,0,,False,head_on,20,0.0,False,0.0,tier_b,B-39-15,795,channel-narrow,on,cv
model,head_on,3.942082219696239,0.627542096091595,180.10865396414692,,,,collision:target,True,True,25,-322.32425510059164,-26.32585782462436,5,0,21,0,3,1.4908365891233455,0.0,4.936414112543667,0.0,0.2611390896236894,0.6421412049776329,0.6979319394942235,1.72121299554828,0.5401014947813406,0,,False,head_on,21,0.0,False,0.0,tier_b,B-39-16,796,channel-narrow,on,cv
model,head_on,3.504976427626405,0.8642819403946196,178.33670155014502,,,,collision:target,True,True,26,-331.9114556667524,-31.985635442899436,6,0,23,0,1,1.9127297671566603,0.0,6.096835543863225,0.0,0.1264478083480779,0.6587546928264184,0.7343983338561285,1.7168640709421916,0.501154279443331,0,,False,head_on,23,0.0,False,0.0,tier_b,B-39-17,797,channel-narrow,on,cv
model,head_on,3.5659197862849,1.0316743746658688,177.22006285194723,,,,goal,False,False,52,41.4172556499408,-55.29795382571511,12,0,4,0,12,8.271929296039396,0.0,0.9056489149205332,0.0,2.4647928259124816,0.741084169168282,0.9889383986904612,1.5405586974643743,0.3484720516092456,0,,False,head_on,23,0.0,False,0.0,tier_b,B-39-18,798,channel-narrow,on,cv
model,head_on,3.333448529706696,0.8930637587700774,188.62062047018756,,,,collision:boundary,True,False,61,-1006.2965487931996,-34.13411445479208,13,0,2,0,4,5.97036256989903,0.0,0.1682182769952747,0.0,0.8833853192464227,0.4938095287112231,0.7701239428567852,2.2081245740466304,0.8586354310001402,1,"8(e) in extremis: head_on, compliant alteration inadmissible (DCPA 2.11 m, TCPA 2.1 s)",False,head_on,23,0.0,False,0.0,tier_b,B-39-19,799,channel-narrow,on,cv
model,head_on,3.762705861476313,0.7721960009447113,186.5070249919534,,,,goal,False,False,52,-258.95558463766366,-8.189361902755548,4,0,0,0,4,1.0575616681697242,0.0,0.0,0.0,0.6565403656256474,0.7576998092844305,0.9995843187946026,1.8651827411176063,0.8191115058046705,0,,False,head_on,10,0.0,False,0.0,tier_b,B-40-00,800,channel-narrow,on,re
model,head_on,4.113014023393751,1.1622688874438116,179.17040053017462,,,,goal,False,False,57,43.61669330865622,-39.73366648763109,10,0,22,0,2,2.6269317901653126,0.0,7.302017039834331,0.0,0.0984650628687121,0.6717224563099942,0.8495523874186559,2.3465454526201257,0.642131398354754,0,,False,head_on,23,0.0,False,0.0,tier_b,B-40-01,801,channel-narrow,on,re
model,head_on,4.057145054553722,0.2029275435111268,181.43407486836315,,,,collision:boundary,True,False,26,-368.6304891336095,-17.613461218393557,4,0,4,0,4,0.9033059919092852,0.0,0.7779991323402098,0.0,2.2980665960039643,0.5645101975662472,0.6526981824569105,1.6929718293485674,0.6494051903970505,0,,False,head_on,4,0.0,False,0.0,tier_b,B-40-02,802,channel-narrow,on,re
model,head_on,3.9850725895769408,0.7623801999417543,177.53313601188566,,,,collision:boundary,True,False,29,-374.14443533035416,-27.79493567927866,6,0,11,0,4,2.8888457052881185,0.0,2.9409478775659803,0.0,0.6461637953033209,0.6709236418072365,0.8221180310010558,1.9806023058512612,0.6920857653349621,1,"8(e) in extremis: head_on, compliant alteration inadmissible (DCPA 1.79 m, TCPA 0.2 s)",False,head_on,23,0.0,False,0.0,tier_b,B-40-03,803,channel-narrow,on,re
model,head_on,3.6434906293991,0.8727894831726248,182.0560651819519,,,,goal,False,False,52,18.87064184534437,-52.97455598701556,16,0,5,0,9,9.308247518796666,0.0,0.7249497480421336,0.0,0.9530914835600814,0.7421546417903878,0.9647660355384384,1.547337290969186,0.4324863634363445,0,,False,head_on,25,0.0,False,0.0,tier_b,B-40-04,804,channel-narrow,on,re
model,head_on,4.30968113146213,1.200118487728454,175.36640318676132,,,,goal,False,False,54,70.227920067261,-47.13469254160294,16,0,4,0,7,7.987290705624608,0.0,0.6431320378970904,0.0,1.1738507138514669,0.7070324194074084,0.924853101136334,1.9535742814525972,0.3883111904455767,0,,False,head_on,23,0.0,False,0.0,tier_b,B-40-05,805,channel-narrow,on,re
model,head_on,3.8732935926007848,0.9549692617801876,185.8393906466966,,,,collision:boundary,True,False,28,-477.7268922207181,-55.41621570444449,14,0,8,0,10,7.89311256902522,0.0,1.5245966799578452,0.0,2.412613431093646,0.6606598767083235,0.9520897447162232,2.072484032460296,0.6446041347888727,1,"8(e) in extremis: head_on, compliant alteration inadmissible (DCPA 1.86 m, TCPA 0.6 s)",False,head_on,23,0.0,False,0.0,tier_b,B-40-06,806,channel-narrow,on,re
model,head_on,3.857365236863727,0.6139792351530917,179.07779055460202,,,,goal,False,False,59,44.27691663987369,-62.75126091757649,17,0,23,0,7,5.922573630983588,0.0,7.449399627580592,0.0,1.4703739522039103,0.6495149924880737,0.7562265850185246,1.583656003987425,0.6054431899856673,0,,False,head_on,23,0.0,False,0.0,tier_b,B-40-07,807,channel-narrow,on,re
model,head_on,3.9563472947054272,1.7322513792166572,184.76272369701647,,,,collision:boundary,True,False,35,-423.5731198953876,-17.18284375770812,3,0,8,0,6,1.6234799877885155,0.0,1.141413796783951,0.0,1.1194506999406095,0.6876085742682901,0.8438978131285096,2.4929294941198887,0.926792458922046,0,,False,head_on,21,0.0,False,0.0,tier_b,B-40-08,808,channel-narrow,on,re
model,head_on,4.027571881496511,0.283585312325505,182.12546001959132,,,,collision:boundary,True,False,27,-434.4134250836665,-53.49548426971064,12,0,10,0,1,8.73970178812675,0.0,2.4460933530056974,0.0,0.3173387439250479,0.6919700001441064,0.9179182079461874,1.394174512378302,0.5593300124080215,0,,False,head_on,23,0.0,False,0.0,tier_b,B-40-09,809,channel-narrow,on,re
model,head_on,3.656652401576853,1.2310954725682974,170.1268233326604,,,,goal,False,False,56,3.770550567318338,-60.65989802812352,14,0,24,0,1,6.093829692190073,0.0,8.26971395766686,0.0,0.1609935120404334,0.6934287688400248,0.9616426383023978,1.8883663022534989,0.4935294395107334,0,,False,head_on,24,0.0,False,0.0,tier_b,B-40-10,810,channel-narrow,on,re
model,head_on,4.039890795517824,0.904375659431376,173.5793109284212,,,,goal,False,False,56,8.066696306299534,-43.31453761542325,13,0,26,0,1,2.444225132276675,0.0,8.605263190270374,0.0,0.0525946057067467,0.6887239027796286,0.9934015614939432,2.0343093181959437,0.699721665039973,0,,False,head_on,26,0.0,False,0.0,tier_b,B-40-11,811,channel-narrow,on,re
model,head_on,3.762016220632157,1.0464730445825337,170.49913500696314,,,,goal,False,False,55,-20.224274778313145,-29.83262922233964,7,0,21,0,1,1.1351630265560155,0.0,6.701561292385054,0.0,0.019544797400259,0.6931552574700369,0.9902791396990202,2.0303560340581357,0.7241753560176847,0,,False,head_on,21,0.0,False,0.0,tier_b,B-40-12,812,channel-narrow,on,re
model,head_on,4.441651186413293,1.3793963859702068,183.98098186145396,,,,goal,False,False,57,91.02361650273888,-26.702920886603525,5,0,5,0,5,3.743825980871876,0.0,0.962666453746291,0.0,1.0456406772891291,0.6759793579981686,0.8928560526484809,2.071805526586146,0.5045055796295932,0,,False,head_on,19,0.0,False,0.0,tier_b,B-40-13,813,channel-narrow,on,re
model,head_on,3.6490070193037223,1.0049882311317353,176.60479399175193,,,,goal,False,False,59,-52.53221837263048,-42.90610032342643,11,0,23,0,0,3.5883408670548067,0.0,6.984392508751427,0.0,0.0,0.6535421745849245,0.7357412335687514,1.5580924883815082,0.5092021775721389,0,,False,head_on,23,0.0,False,0.0,tier_b,B-40-14,814,channel-narrow,on,re
model,head_on,4.177614732899758,0.4592242708243701,172.18562762203163,,,,goal,False,False,60,46.71706865456979,-45.81789898497813,11,0,21,0,2,3.940700205235025,0.0,6.951857749579454,0.0,0.2854989045730514,0.6503217966826014,0.8138875138507362,1.846982098558988,0.8750079369514947,0,,False,head_on,21,0.0,False,0.0,tier_b,B-40-15,815,channel-narrow,on,re
model,head_on,3.791320772129796,0.6481680510561354,179.42656317830858,,,,collision:boundary,True,False,27,-374.3367097702578,-19.73621089795104,5,0,13,0,0,1.925114927712379,0.0,2.835247779381879,0.0,0.0,0.6689988778497998,0.804235091690687,1.4434096754806696,0.5385464272990766,0,,False,head_on,21,0.0,False,0.0,tier_b,B-40-16,816,channel-narrow,on,re
model,head_on,4.479155456044692,0.0254849593788675,186.48976471260448,,,,collision:target,True,True,23,-306.67540574795765,-11.875280938110585,0,0,15,0,1,0.0,0.0,3.2200165319980134,0.0,0.06293809398172,0.6383094737109409,0.7158503660890974,1.844442389372524,0.5957620680266805,0,,False,head_on,15,0.0,False,0.0,tier_b,B-40-17,817,channel-narrow,on,re
model,head_on,4.213738796143265,0.2743149943621352,178.23923034852982,,,,collision:target,True,True,26,-310.03755547459133,-13.191664320175017,2,0,9,0,5,0.1280550400501968,0.0,1.678337905255892,0.0,1.4479500917789627,0.6079513879941817,0.7087049512791028,1.7439350622706566,0.6701181247435434,0,,False,head_on,9,0.0,False,0.0,tier_b,B-40-18,818,channel-narrow,on,re
model,head_on,4.239534437742151,1.15334904029674,177.82364148923435,,,,goal,False,False,54,61.61634285831106,-46.971044332769935,16,0,4,0,8,7.211753609755577,0.0,0.7298682456477215,0.0,1.9211862844773373,0.7131292128349044,0.9286713545491913,1.874983366892787,0.4266229007597873,0,,False,head_on,24,0.0,False,0.0,tier_b,B-40-19,819,channel-narrow,on,re
model,head_on,3.801836523788727,0.7248597714633498,186.2576173014188,,,,collision:target,True,True,27,-378.30714782482056,-34.19942630519691,10,0,17,0,0,3.81895995804578,0.0,4.248770698019526,0.0,0.0,0.7174771482892065,0.8642098178567503,1.4613103144156865,0.5778093141441004,0,,False,head_on,24,0.0,False,0.0,tier_b,B-41-00,820,channel-narrow,on,nc
model,head_on,4.112255356871584,1.3632329737973994,180.84471723057808,,,,goal,False,False,68,63.64749841940677,-23.69524747166008,11,0,5,0,4,3.405450272126453,0.0,1.020250973429481,0.0,0.7034144711751139,0.5773013617536403,0.793494091613126,2.0564600660962955,0.5782390312001373,1,"8(e) in extremis: head_on, compliant alteration inadmissible (DCPA 1.81 m, TCPA 0.4 s)",False,head_on,22,0.0,False,0.0,tier_b,B-41-01,821,channel-narrow,on,nc
model,head_on,4.18769752457449,1.266141742283416,173.24575126076942,,,,goal,False,False,51,46.099805016059705,-20.62485919122588,9,0,0,0,11,2.052722579613832,0.0,0.0,0.0,2.325307204919425,0.7554664428329735,0.984692898694432,1.9733054904836589,0.5020181193951279,0,,False,head_on,11,0.0,False,0.0,tier_b,B-41-02,822,channel-narrow,on,nc
model,head_on,4.077571493597797,0.1168089929111428,173.89840029587808,,,,goal,False,False,55,-66.68137768680683,-67.35918479625498,15,0,11,0,11,9.869211385579415,0.0,2.267083623099738,0.0,2.2989083098839584,0.7094363497223019,0.921749285755274,0.936086746446997,0.603580553413643,0,,False,head_on,25,0.0,False,0.0,tier_b,B-41-03,823,channel-narrow,on,nc
model,head_on,3.995043784413791,0.4040265138216874,183.92111737311063,,,,goal,False,False,50,-367.9296473725781,-31.19663342284833,6,0,10,0,0,4.253479139549475,0.0,2.817197689466229,0.0,0.0,0.7730915553243307,1.0030582134258137,0.8806611550716982,1.1160257832244571,0,,False,head_on,23,0.0,False,0.0,tier_b,B-41-04,824,channel-narrow,on,nc
model,head_on,3.4882498581705206,0.6391242117705516,171.92217452763103,,,,collision:boundary,True,False,26,-369.9493869849082,-15.35204833620312,2,0,2,0,7,0.685081321691236,0.0,0.0222503414366703,0.0,2.640176569924331,0.6714596770799652,0.9064209823579238,2.487969143391482,0.4878235931235301,0,,False,head_on,10,0.0,False,0.0,tier_b,B-41-05,825,channel-narrow,on,nc
model,head_on,3.908395390847441,1.4040983992109148,177.36750728685175,,,,collision:target,True,True,27,-334.9141350828542,-26.87385699873498,7,0,19,0,2,1.7929301136677402,0.0,4.930128934571391,0.0,0.0556419492494812,0.6524089954529919,0.7195341713774166,1.528068979074475,0.6527172053840827,0,,False,head_on,23,0.0,False,0.0,tier_b,B-41-06,826,channel-narrow,on,nc
model,head_on,4.497980355245972,0.508016580736929,188.71767487162327,,,,goal,False,False,54,47.37025693578367,-51.57247419201481,13,0,9,0,8,7.017394375031433,0.0,1.994743333459472,0.0,2.14562134114558,0.7208408685388549,1.000328337540746,1.537393064089764,0.643140703899628,0,,False,head_on,21,0.0,False,0.0,tier_b,B-41-07,827,channel-narrow,on,nc
model,head_on,3.643201124185648,1.5805034998833494,175.59665569688346,,,,collision:boundary,True,False,27,-375.3146168360345,-41.77460532884185,12,0,15,0,4,5.177470285432055,0.0,2.8561483167829333,0.0,1.303109661229914,0.6541969630350962,0.8010197185842131,3.0844971905319776,0.632207983997805,0,,False,head_on,24,0.0,False,0.0,tier_b,B-41-08,828,channel-narrow,on,nc
model,head_on,4.025090627475808,0.0555818448945901,182.3816893120312,,,,goal,False,False,53,-157.6714137555029,-56.85612363091823,14,0,7,0,8,8.931459815919165,0.0,1.9142471497413127,0.0,1.2786906228999186,0.7439778490610374,0.9971706280651108,1.277202830002902,0.6753820639201157,0,,False,head_on,22,0.0,False,0.0,tier_b,B-41-09,829,channel-narrow,on,nc
model,head_on,3.774519634975606,0.6812194589344516,172.02661080248436,,,,collision:boundary,True,False,28,-395.48414152083615,-33.405729257901,8,0,15,0,5,3.470701210952598,0.0,3.4035857553370263,0.0,0.8828554543271873,0.7112397530472007,0.8643436856582121,1.1850456409603298,0.6169751927204221,0,,False,head_on,23,0.0,False,0.0,tier_b,B-41-10,830,channel-narrow,on,nc
model,head_on,4.107394640407665,0.7913483531439853,185.9401488376976,,,,goal,False,False,57,62.69842756733268,-52.43818750845674,15,0,6,0,4,8.459442743748866,0.0,1.7608235474195242,0.0,0.9388847013754588,0.690507986695192,0.8496639849207869,1.73839400463531,0.5130753733396134,0,,False,head_on,26,0.0,False,0.0,tier_b,B-41-11,831,channel-narrow,on,nc
model,head_on,4.036074017155695,0.270625840700724,189.2861754993525,,,,collision:boundary,True,False,33,-446.4532740909897,-40.04703041909292,13,0,11,0,8,5.31747356525769,0.0,3.1477622835434604,0.0,0.5319093445135329,0.7528768399893889,1.01105913610832,1.2750457010001313,0.7003401602247777,0,,False,head_on,24,0.0,False,0.0,tier_b,B-41-12,832,channel-narrow,on,nc
model,head_on,3.640612260048193,0.3829839391172085,181.50327820464423,,,,goal,False,False,51,-63.60241099579444,-60.7624694132336,14,0,9,0,10,8.977289901563422,0.0,2.174335986810559,0.0,1.888283299550368,0.7640791928224764,1.0115038821315634,1.2483087002702893,0.5355866395942892,0,,False,head_on,24,0.0,False,0.0,tier_b,B-41-13,833,channel-narrow,on,nc
model,head_on,3.849433940167941,0.1257826076259356,179.5778251875402,,,,collision:boundary,True,False,26,-377.4440313134944,-34.496529442051525,9,0,12,0,2,4.887062696515192,0.0,2.7144182669457595,0.0,0.1185918518436869,0.6542468168262879,0.7877404392270795,2.7843338133261577,0.5918924024342938,0,,False,head_on,21,0.0,False,0.0,tier_b,B-41-14,834,channel-narrow,on,nc
model,head_on,3.6081621684756113,1.6267101289291732,177.45891367431722,,,,goal,False,False,66,37.48100056737364,-53.16311271133812,16,0,2,0,8,8.869255703427351,0.0,0.4126775790881378,0.0,1.7277017099234266,0.5786113277222464,0.8104783918774784,2.0695722354460644,0.3687631008808358,1,"8(e) in extremis: head_on, compliant alteration inadmissible (DCPA 1.80 m, TCPA 0.9 s)",False,head_on,27,0.0,False,0.0,tier_b,B-41-15,835,channel-narrow,on,nc
model,head_on,3.757064450758442,0.8184888463748441,174.5207045205522,,,,collision:target,True,True,23,-328.1836583635796,-39.433991736516255,7,0,21,0,6,3.445585736708391,0.0,5.325019735284785,0.0,0.7129491761743288,0.636224523356968,0.7556053524520356,1.759801995875387,0.3725204274968978,0,,False,head_on,21,0.0,False,0.0,tier_b,B-41-16,836,channel-narrow,on,nc
model,head_on,4.270742702727164,0.2144381849253718,174.0292046970446,,,,goal,False,False,55,54.07080792743863,-37.285793328785125,9,0,9,0,1,5.584264097986849,0.0,2.668101028022323,0.0,0.008560520637747,0.715801414856568,0.8909269532420782,0.9896286623655908,0.731337758295954,0,,False,head_on,25,0.0,False,0.0,tier_b,B-41-17,837,channel-narrow,on,nc
model,head_on,4.097552731488399,0.1325716902926175,186.7229797091948,,,,collision:boundary,True,False,28,-387.2328667963428,-48.7366620204237,12,0,14,0,11,6.017475575310545,0.0,3.5627084856014912,0.0,1.3609794165491411,0.6150949483030015,0.9272309642132204,1.7926887169902987,0.5395167544964685,0,,False,head_on,26,0.0,False,0.0,tier_b,B-41-18,838,channel-narrow,on,nc
model,head_on,4.015183589193663,0.0960862118316712,176.68532967755385,,,,collision:target,True,True,26,-329.25169357622383,-15.292633799688822,1,0,18,0,3,0.2026036020220725,0.0,3.660847101666651,0.0,0.2468214230399143,0.6194286739391293,0.8103961000607359,1.3621919354497805,0.5142294251941132,0,,False,head_on,20,0.0,False,0.0,tier_b,B-41-19,839,channel-narrow,on,nc
model,crossing,3.520016814745608,2.227907980890388,243.27766386077684,starboard,,True,goal,False,False,68,-142.79558554587754,0.0,0,0,0,0,0,0.0,0.0,0.0,0.0,0.0,0.5870009751130031,0.8702786381715697,1.5745129944600875,1.0765897906267443,0,,False,never,0,0.0,False,0.0,tier_b,B-42-00,840,channel-narrow,on,cv
model,crossing,3.926695295821705,2.3538381943980635,98.45573416608852,port,,True,collision:obstacle,True,False,53,-732.2427713767861,0.0,0,0,0,0,0,0.0,0.0,0.0,0.0,0.0,0.507735937566692,0.6711097196052054,3.486414085334478,1.5408625318377085,0,,False,never,0,0.0,False,0.0,tier_b,B-42-01,841,channel-narrow,on,cv
model,crossing,3.9622417027492816,1.1624375602225336,240.63001045572204,starboard,,True,collision:target,True,True,16,-296.71550859292233,0.0,0,0,0,0,0,0.0,0.0,0.0,0.0,0.0,0.5812263891029433,0.6723007621156946,1.6511656055281383,0.5597350559551769,0,,False,never,0,0.0,False,0.0,tier_b,B-42-02,842,channel-narrow,on,cv
model,crossing,4.13243748253336,0.883862185630036,235.0980285614819,starboard,,True,collision:target,True,True,14,-296.0120596227938,0.0,0,0,0,0,0,0.0,0.0,0.0,0.0,0.0,0.5828620401229525,0.6831651767056972,1.6879169477997185,0.4414461536928361,0,,False,never,0,0.0,False,0.0,tier_b,B-42-03,843,channel-narrow,on,cv
model,crossing,4.033203064796441,0.4024318868521306,223.509996084812,starboard,,False,collision:target,True,True,22,-355.2950053044004,-41.23817145005529,13,13,0,0,3,5.734350377153569,2.115182084322873,0.0,0.0,0.5295523923882003,0.4368104955622342,0.6285471365731256,1.7887841341812578,0.6659806708087577,0,,False,crossing,19,0.0,False,0.0,tier_b,B-42-04,844,channel-narrow,on,cv
model,crossing,3.940382358645554,2.3769595433164854,152.94395634002063,port,,True,goal,False,False,54,108.7023710484138,-0.9145980912249452,0,1,0,0,1,0.0,0.0328042977794419,0.0,0.0,0.1671592927148239,0.6989795632288943,0.7885073358850664,2.252353716612118,0.4470170436522687,0,,False,crossing,1,1.0,True,0.0,tier_b,B-42-05,845,channel-narrow,on,cv
model,crossing,3.622347439532257,1.2362849697216285,282.8536529466605,starboard,,False,collision:boundary,True,False,36,-341.658299337626,0.0,0,0,0,0,0,0.0,0.0,0.0,0.0,0.0,0.5865912667125408,0.7176404787253381,1.9430081413126068,0.4745267373541668,0,,False,never,0,0.0,False,0.0,tier_b,B-42-06,846,channel-narrow,on,cv
model,crossing,4.11035854089362,1.9689881918222765,258.1647935118941,starboard,,True,collision:boundary,True,False,45,-472.69193043093367,-12.136147730003085,3,1,0,0,6,0.4776240303427984,0.8679653580942542,0.0,0.0,1.2167733904977047,0.4904578031364359,0.8456949115189157,2.5938144885256804,0.9441334251163506,0,,False,crossing,23,0.0,False,0.0,tier_b,B-42-07,847,channel-narrow,on,cv
model,crossing,3.59056011166551,1.5053202427061136,105.95728344126462,port,,True,goal,False,False,58,105.8463681462449,0.0,0,0,0,0,0,0.0,0.0,0.0,0.0,0.0,0.6506393005611206,0.8095313327672928,1.8347602214120693,0.4058309364777727,0,,False,never,0,0.0,False,0.0,tier_b,B-42-08,848,channel-narrow,on,cv
model,crossing,3.481841205671963,1.590152386951072,202.9327895999476,starboard,,True,collision:boundary,True,False,21,-402.963910650542,0.0,0,0,0,0,0,0.0,0.0,0.0,0.0,0.0,0.6419589471468976,0.8572812646429777,2.911971296068251,0.9876777451801596,0,,False,crossing,3,0.0,False,0.0,tier_b,B-42-09,849,channel-narrow,on,cv
model,crossing,3.590914050138185,0.9880048987746816,108.1155811804533,port,,True,collision:boundary,True,False,21,-356.58991154682576,0.0,0,0,0,0,0,0.0,0.0,0.0,0.0,0.0,0.5277111751509546,0.7306257867240996,2.881327824357753,0.875726382040316,0,,False,never,0,0.0,False,0.0,tier_b,B-42-10,850,channel-narrow,on,cv
model,crossing,4.087589383148088,2.311649046427683,217.2571615941752,starboard,,True,goal,False,False,55,118.31173685664962,0.0,0,0,0,0,0,0.0,0.0,0.0,0.0,0.0,0.689020995146321,0.8610324149888926,2.865630883771501,0.3599137861812632,0,,False,never,0,0.0,False,0.0,tier_b,B-42-11,851,channel-narrow,on,cv
model,crossing,4.2248169370998845,2.03744613526317,288.23002430395223,starboard,,True,collision:boundary,True,False,44,-362.3359305832616,-25.843470356370126,10,3,0,0,3,3.228787725282423,1.5641689705387485,0.0,0.0,0.4707410471234055,0.5273000571565497,0.7821584786455327,2.625364528471387,0.6600660936920868,0,,False,crossing,16,0.0,False,0.0,tier_b,B-42-12,852,channel-narrow,on,cv
model,crossing,3.9196238349741255,2.2043692250770865,71.08475647840532,port,,True,goal,False,False,61,111.5864665393321,0.0,0,0,0,0,0,0.0,0.0,0.0,0.0,0.0,0.6306713082773195,0.8024406865785365,2.1115103418520103,0.316372108666435,0,,False,never,0,0.0,False,0.0,tier_b,B-42-13,853,channel-narrow,on,cv
model,crossing,3.5886497506822743,1.829170221221092,233.3309748332712,starboard,,True,collision:target,True,True,16,-312.2897253362896,0.0,0,0,0,0,0,0.0,0.0,0.0,0.0,0.0,0.5446295678898171,0.7272320817642061,1.3555293100216717,0.6314505309428466,0,,False,never,0,0.0,False,0.0,tier_b,B-42-14,854,channel-narrow,on,cv
model,crossing,3.5390461400978213,1.5215294241658723,204.8416593139304,starboard,,True,goal,False,False,54,104.93806465462302,-0.8923221312892267,0,2,0,0,1,0.0,0.0266385353462208,0.0,0.0,0.1689914180723185,0.7125642909669876,0.9228317533303896,2.0996431331435503,0.3668262139956181,0,,False,crossing,4,0.0,False,0.0,tier_b,B-42-15,855,channel-narrow,on,cv
model,crossing,3.8947871404225416,1.2842584225631932,96.13808263443192,port,,True,collision:target,True,True,22,-312.2075394793848,0.0,0,0,0,0,0,0.0,0.0,0.0,0.0,0.0,0.5905370146179294,0.669169588816903,1.225429878210863,0.3643552358096111,0,,False,never,0,0.0,False,0.0,tier_b,B-42-16,856,channel-narrow,on,cv
model,crossing,4.180449833322959,0.7248518334725071,70.9807418243985,port,,True,collision:boundary,True,False,69,-666.3944498732342,-2.935839052025133,2,0,0,0,1,0.3518918335883048,0.0,0.0,0.0,0.265327661280672,0.3585234309110516,0.7327175915312326,3.0800573595850884,0.751932112136096,1,"8(e) in extremis: crossing, compliant alteration inadmissible (DCPA 1.58 m, TCPA 4.2 s)",False,crossing,2,1.0,True,0.0,tier_b,B-42-17,857,channel-narrow,on,cv
model,crossing,4.101307452177891,0.3981106406581033,136.53600071501307,port,,True,goal,False,False,61,-156.51728826146396,-4.33514744825635,1,0,0,0,2,0.2740488765952639,0.0,0.0,0.0,0.6619123353577318,0.6463032417322456,0.874639445967852,1.8112312816576108,1.2115097302457245,0,,False,crossing,15,1.0,True,0.0,tier_b,B-42-18,858,channel-narrow,on,cv
model,crossing,4.021802102644898,1.1160782185984666,74.78037619213057,port,,True,collision:boundary,True,False,38,-446.97699005098025,-13.003258570715364,5,0,0,0,1,2.1443637566244096,0.0,0.0,0.0,0.5308128834276743,0.2657088545115197,0.6771613725187774,2.7307895705236014,0.5557076698158779,1,"8(e) in extremis: crossing, compliant alteration inadmissible (DCPA 0.62 m, TCPA 4.4 s)",False,crossing,5,1.0,True,0.0,tier_b,B-42-19,859,channel-narrow,on,cv
model,crossing,4.03905952681786,2.2027995972360204,275.5573846608476,starboard,,True,collision:obstacle,True,False,44,-412.4024039720358,-14.010464045665437,5,1,0,0,2,1.958931640509587,0.5063893373087746,0.0,0.0,0.4015833789921214,0.5156757741501872,0.7300917780010228,2.2664999112504853,0.7036727366948223,0,,False,crossing,10,0.0,False,0.0,tier_b,B-43-00,860,channel-narrow,on,re
model,crossing,3.709109685901107,0.4083667521781442,68.44074059757843,port,,True,collision:target,True,True,32,-442.3994076055207,-22.49928711090747,4,1,0,0,1,3.5371579956341312,0.5705038633530545,0.0,0.0,0.541639206834906,0.4410949861751,0.6904556531035859,1.2994427592792506,0.6601230496628004,1,"8(e) in extremis: crossing, compliant alteration inadmissible (DCPA 0.71 m, TCPA 3.6 s)",True,crossing,4,1.0,True,0.0,tier_b,B-43-01,861,channel-narrow,on,re
model,crossing,3.522959618172245,2.181731033510748,224.6391104593604,starboard,,True,collision:boundary,True,False,35,-450.7205389811273,0.0,0,0,0,0,0,0.0,0.0,0.0,0.0,0.0,0.667756071597217,0.8292094296044262,3.166866430306844,0.6768001431190291,0,,False,never,0,0.0,False,0.0,tier_b,B-43-02,862,channel-narrow,on,re
model,crossing,3.5460646559117506,0.6759499014779713,94.11626545050396,port,,True,collision:boundary,True,False,44,-575.615179762952,0.0,0,0,0,0,0,0.0,0.0,0.0,0.0,0.0,0.5444345515747224,0.8512808124421952,2.1579396483892745,1.286904362167047,0,,False,never,0,0.0,False,0.0,tier_b,B-43-03,863,channel-narrow,on,re
model,crossing,3.588457041250512,1.1095918238381384,235.19389440265968,starboard,,True,collision:target,True,True,17,-306.6267923657654,0.0,0,0,0,0,0,0.0,0.0,0.0,0.0,0.0,0.5855503506531788,0.7333995894752665,1.5949212842002058,0.600139550988297,0,,False,never,0,0.0,False,0.0,tier_b,B-43-04,864,channel-narrow,on,re
model,crossing,4.102226423562973,1.0739655918245925,109.44487533945986,port,,True,collision:obstacle,True,False,54,-627.394978582498,-3.1908152266010976,6,0,0,0,1,0.5820865048776729,0.0,0.0,0.0,0.0687748949903592,0.4408840260164308,0.6791024226321076,3.048630361948345,1.3763488552471896,0,,False,crossing,15,1.0,True,0.0,tier_b,B-43-05,865,channel-narrow,on,re
model,crossing,4.201140205569559,0.344285681517221,76.34719284577511,port,,True,collision:target,True,True,19,-311.42564504623937,-13.250387811855193,2,1,0,0,4,1.3629497332181129,0.659330407728,0.0,0.0,0.720022469815985,0.538185539538698,0.678758763905795,1.3190873833383407,0.4114272342435269,0,,False,crossing,5,1.0,True,0.0,tier_b,B-43-06,866,channel-narrow,on,re
model,crossing,3.7214110850523774,0.589640132580273,98.29125948204616,port,,False,collision:target,True,True,17,-313.4922477006147,0.0,0,0,0,0,0,0.0,0.0,0.0,0.0,0.0,0.556856812654183,0.7262679871824531,1.298645570365032,0.4919443352340553,0,,False,never,0,0.0,False,0.0,tier_b,B-43-07,867,channel-narrow,on,re
model,crossing,3.5917918415430847,0.5483358445880617,81.85222057529636,port,,True,collision:target,True,True,18,-296.6668377655426,0.0,0,0,0,0,0,0.0,0.0,0.0,0.0,0.0,0.5777867230677926,0.6784377486748563,1.21158648404449,0.446945679888135,0,,False,never,0,0.0,False,0.0,tier_b,B-43-08,868,channel-narrow,on,re
model,crossing,3.412699088447707,0.6685250027190642,71.15391270912119,port,,True,collision:target,True,True,20,-297.6482189414846,0.0,0,0,0,0,0,0.0,0.0,0.0,0.0,0.0,0.6453709745360768,0.8029525601363193,1.2014802300071172,0.4949872134662184,0,,False,never,0,0.0,False,0.0,tier_b,B-43-09,869,channel-narrow,on,re
model,crossing,3.926049245197356,0.7575035054849797,291.6071094288416,starboard,,True,collision:target,True,True,23,-325.64068196453337,-18.282338412048063,4,9,0,0,1,0.9017280859636332,2.756698994490659,0.0,0.0,0.0384720808442924,0.5753803640739455,0.7289536979977865,1.428371147617039,0.9080186538580204,0,,False,crossing,12,0.0,False,0.0,tier_b,B-43-10,870,channel-narrow,on,re
model,crossing,4.172339266531434,2.26450177875641,255.20699795640112,starboard,,True,collision:boundary,True,False,42,-467.0757229333277,0.0,0,0,0,0,0,0.0,0.0,0.0,0.0,0.0,0.615101482263046,0.8185034253565042,3.175805775002033,0.9823826262840328,0,,False,crossing,5,0.0,False,0.0,tier_b,B-43-11,871,channel-narrow,on,re
model,crossing,3.7118266372903728,0.0106187553821454,258.1673119780288,starboard,,True,collision:target,True,True,25,-345.4738499813311,-41.10902134173568,9,10,0,0,9,3.0639393960028327,3.289337854849108,0.0,0.0,2.146733100004127,0.5601301430466206,0.6710340370711084,1.2911924904454308,0.717925613813877,0,,False,crossing,11,0.0,False,0.0,tier_b,B-43-12,872,channel-narrow,on,re
model,crossing,3.7285170322480288,0.1853692145801475,107.49608282168803,port,,False,collision:target,True,True,17,-333.23374594162,-17.97417003954755,6,0,0,0,2,2.763530620807362,0.0,0.0,0.0,0.9543763259002452,0.4924458454397692,0.6755038300242301,1.2909479257513468,0.4137489496667008,0,,False,crossing,6,1.0,True,0.0,tier_b,B-43-13,873,channel-narrow,on,re
model,crossing,3.5971401735687625,0.95261872208793,73.42506155384481,port,,True,collision:boundary,True,False,32,-389.3874687080349,-10.420432881870475,8,0,0,0,4,1.651949526812193,0.0,0.0,0.0,0.4985072720333595,0.3190278100586293,0.5438065858421054,2.849518492800593,0.5160895047615848,0,,False,crossing,8,1.0,True,0.0,tier_b,B-43-14,874,channel-narrow,on,re
model,crossing,3.78997770211614,1.8517592158122476,204.9862584522092,starboard,,True,goal,False,False,55,119.85676606755044,-0.4921005042573423,1,0,0,0,1,0.0577905789417903,0.0,0.0,0.0,0.0457860307767734,0.6882593314074921,0.8583710627316408,2.457536591315051,0.2776203624248556,0,,False,crossing,4,0.0,False,0.0,tier_b,B-43-15,875,channel-narrow,on,re
model,crossing,3.6849970533808905,2.010059498495334,71.14366879812754,port,,True,collision:obstacle,True,False,35,-539.775686058726,-0.9929040750012372,0,0,0,0,1,0.0,0.0,0.0,0.0,0.2206453500002749,0.3749346509286876,0.5441734890762342,3.4298776920531755,0.818255434055885,0,,False,crossing,8,1.0,True,0.0,tier_b,B-43-16,876,channel-narrow,on,re
model,crossing,3.688920019070644,1.842834492733361,90.32937824914684,port,,True,goal,False,False,66,97.34904237442235,0.0,0,0,0,0,0,0.0,0.0,0.0,0.0,0.0,0.5827144660995691,0.7769165959542933,2.5739644764167404,0.3505777138716232,0,,False,never,0,0.0,False,0.0,tier_b,B-43-17,877,channel-narrow,on,re
model,crossing,3.765410476027812,0.3242571155146925,85.34779745313949,port,,False,collision:target,True,True,13,-398.1371879327567,0.0,0,0,0,0,0,0.0,0.0,0.0,0.0,0.0,0.5397332860886024,0.6999404574697992,1.3321407994784644,0.4019705430538994,0,,False,never,0,0.0,False,0.0,tier_b,B-43-18,878,channel-narrow,on,re
model,crossing,4.000285847655963,0.9972556123784304,264.0153987673127,starboard,,True,collision:target,True,True,21,-411.1732612595721,0.0,0,0,0,0,0,0.0,0.0,0.0,0.0,0.0,0.5698822400614634,0.6508620429581197,1.5114610727426008,0.8416860652964131,0,,False,never,0,0.0,False,0.0,tier_b,B-43-19,879,channel-narrow,on,re
model,crossing,3.7928888669855336,1.9324794782592216,77.18106999826892,port,,True,collision:target,True,True,24,-318.59385725489994,-13.308934468247609,0,3,0,0,2,0.0,1.7418220667430264,0.0,0.0,1.0415367195265834,0.6741767511860047,0.8788122286809925,1.3223561430663495,0.44727158609821,0,,False,crossing,5,1.0,True,0.0,tier_b,B-44-00,880,channel-narrow,on,nc
model,crossing,4.163825371231639,2.008584821075938,247.9363951347561,starboard,,True,collision:obstacle,True,False,39,-366.3099309035324,0.0,0,0,0,0,0,0.0,0.0,0.0,0.0,0.0,0.4007779606781216,0.5546849340603979,2.566603122626419,0.5806391573194207,0,,False,never,0,0.0,False,0.0,tier_b,B-44-01,881,channel-narrow,on,nc
model,crossing,3.9289270286975375,1.1590938606696832,159.578200354079,port,,True,collision:target,True,True,14,-312.2484719458255,-6.708813222681219,6,0,0,0,2,0.8108142863424648,0.0,0.0,0.0,0.5989516678413375,0.4442914232865574,0.5740782969555208,1.8512572752265133,0.2950801413200556,0,,False,crossing,12,1.0,True,0.0,tier_b,B-44-02,882,channel-narrow,on,nc
model,crossing,3.8966533335187594,0.8410769865259935,258.63362382132505,starboard,,True,collision:target,True,True,17,-409.4035495753844,-23.1205710071902,5,5,0,0,5,1.3531115020739353,2.0880539055563694,0.0,0.0,1.3526227198711531,0.4876207361827152,0.6663970384719832,1.4123216793713516,0.5220077799312871,0,,False,crossing,11,0.0,False,0.0,tier_b,B-44-03,883,channel-narrow,on,nc
model,crossing,3.9407637981551193,1.4955544210852854,72.70414684470353,port,,True,collision:boundary,True,False,28,-376.004442677502,0.0,0,0,0,0,0,0.0,0.0,0.0,0.0,0.0,0.4293017155139754,0.6607449733239905,2.3521530694927697,0.5588433055914306,0,,False,never,0,0.0,False,0.0,tier_b,B-44-04,884,channel-narrow,on,nc
model,crossing,4.077102767781349,2.1205640691706598,209.0781882932189,starboard,,True,collision:boundary,True,False,55,-641.3961149113094,0.0,0,0,0,0,0,0.0,0.0,0.0,0.0,0.0,0.6188611986045619,0.8342330138009971,2.5870744244267203,0.9815056513598046,0,,False,crossing,5,0.0,False,0.0,tier_b,B-44-05,885,channel-narrow,on,nc
model,crossing,4.064009698285493,1.7354991913434004,224.0367878460784,starboard,,False,goal,False,False,54,107.74078431947552,-1.7844209557330242,1,6,0,0,1,0.1512304078197545,0.1818370622829164,0.0,0.0,0.0301637730499561,0.7134741234995912,0.9021179377289608,2.286638362763445,0.3044387290951041,0,,False,crossing,6,0.0,False,0.0,tier_b,B-44-06,886,channel-narrow,on,nc
model,crossing,3.676014033837593,0.8692033694335812,255.9145573918544,starboard,,True,collision:target,True,True,15,-310.2999663853913,-12.216888900037254,0,6,0,0,1,0.0,2.064686278602071,0.0,0.0,0.4437092935460001,0.6330979066192585,0.6979644737794757,1.6588923795699224,0.4845891249993041,0,,False,crossing,6,0.0,False,0.0,tier_b,B-44-07,887,channel-narrow,on,nc
model,crossing,3.966384561059446,0.8068431942460854,193.6926874242018,starboard,,False,collision:boundary,True,False,24,-384.0220468802214,-36.48709215245368,11,11,0,0,4,6.342728511161305,0.335455074898672,0.0,0.0,0.7622407558792822,0.6733855991889862,0.8104192278979151,2.3213599564143976,1.1606882497065627,0,,False,crossing,12,0.0,False,0.0,tier_b,B-44-08,888,channel-narrow,on,nc
model,crossing,3.470177238565584,0.9759283514112403,82.91510552579032,port,,True,collision:target,True,True,18,-294.08620652187227,0.0,0,0,0,0,0,0.0,0.0,0.0,0.0,0.0,0.6725064756666158,0.812447625731125,1.247809153458935,0.379729546763789,0,,False,never,0,0.0,False,0.0,tier_b,B-44-09,889,channel-narrow,on,nc
model,crossing,3.5113753682062443,0.5073883198182072,256.5617136397097,starboard,,True,collision:boundary,True,False,35,-649.0993020915462,-66.0008013082291,14,7,0,0,3,9.908311195795594,2.6915940440295114,0.0,0.0,0.8069489713544092,0.3573818903064665,0.6879098362934889,1.5337009919692326,0.8068062680340864,1,"8(e) in extremis: crossing, compliant alteration inadmissible (DCPA 0.09 m, TCPA 4.9 s)",False,crossing,16,0.0,False,0.0,tier_b,B-44-10,890,channel-narrow,on,nc
model,crossing,4.11402712010867,2.347668909001766,88.51380981736003,port,,True,collision:boundary,True,False,37,-357.4381550138149,0.0,0,0,0,0,0,0.0,0.0,0.0,0.0,0.0,0.4766636246137689,0.6789215436417146,3.4727179628890648,0.929517853416583,0,,False,never,0,0.0,False,0.0,tier_b,B-44-11,891,channel-narrow,on,nc
model,crossing,4.527066025413517,2.433501194820044,240.5217273586046,starboard,,True,goal,False,False,64,70.31387248860207,-3.5827954077004005,0,0,0,0,2,0.0,0.0,0.0,0.0,0.7961767572667557,0.6139328707078129,0.8536490489845336,2.8645284515442957,0.5285178095562701,1,"8(e) in extremis: crossing, compliant alteration inadmissible (DCPA 0.92 m, TCPA 3.8 s)",False,crossing,9,0.0,False,0.0,tier_b,B-44-12,892,channel-narrow,on,nc
model,crossing,3.504896048428966,1.9229706078151263,215.6532291259112,starboard,,True,collision:boundary,True,False,30,-351.7835697398938,0.0,0,0,0,0,0,0.0,0.0,0.0,0.0,0.0,0.6022066540056311,0.8222484332466816,2.8373440671435115,0.6610392560927284,0,,False,never,0,0.0,False,0.0,tier_b,B-44-13,893,channel-narrow,on,nc
model,crossing,3.727476681573061,0.1234282993691929,218.6680004700416,starboard,,False,collision:obstacle,True,False,33,-356.40671356994164,-23.2099894777883,4,10,0,0,5,1.2624609698671925,1.8478819509415203,0.0,0.0,1.7363982266189273,0.7009409332462159,0.9190454209627776,1.2156985794936606,0.5475985849241994,0,,False,crossing,10,0.0,False,0.0,tier_b,B-44-14,894,channel-narrow,on,nc
model,crossing,3.7660522064534088,1.1806890802273553,130.08469999966655,port,,False,collision:target,True,True,13,-334.0180835431511,-35.89902640579506,5,0,0,0,6,3.619319240549828,0.0,0.0,0.0,3.996310258905204,0.4971511879699276,0.6066141901343158,1.8655947831774684,0.32085478504185,0,,False,crossing,6,1.0,True,0.0,tier_b,B-44-15,895,channel-narrow,on,nc
model,crossing,4.360766110632176,0.9883212683874484,286.1019594185124,starboard,,True,collision:boundary,True,False,45,-582.0224736937446,-20.530338605324506,7,1,0,0,1,3.399503225562399,0.3677170906616704,0.0,0.0,0.4183551200034147,0.2215077365115645,0.6118451978551009,3.002890422018065,0.648482509146138,1,"8(e) in extremis: crossing, compliant alteration inadmissible (DCPA 0.97 m, TCPA 4.7 s)",False,crossing,7,0.0,False,0.0,tier_b,B-44-16,896,channel-narrow,on,nc
model,crossing,3.729433313180324,0.2028867652115634,78.4474570047193,port,,False,collision:target,True,True,18,-294.05708671360225,0.0,0,0,0,0,0,0.0,0.0,0.0,0.0,0.0,0.5208375366476347,0.6533126188912475,1.1610023612534994,0.2889251180591371,0,,False,never,0,0.0,False,0.0,tier_b,B-44-17,897,channel-narrow,on,nc
model,crossing,4.054950070741228,1.149596697248241,257.73053436210046,starboard,,True,collision:target,True,True,18,-320.91120024910265,-10.93067982297448,0,3,0,0,3,0.0,1.4860768935677071,0.0,0.0,0.7943553777365172,0.5270591998688037,0.7372487518035089,1.3946984065328758,0.7681104661302915,0,,False,crossing,8,0.0,False,0.0,tier_b,B-44-18,898,channel-narrow,on,nc
model,crossing,3.6940533418854606,1.4151408048572134,87.37032665328098,port,,True,goal,False,False,60,-222.4214903375828,0.0,0,0,0,0,0,0.0,0.0,0.0,0.0,0.0,0.6451498497726448,0.871373381351481,2.620640402570088,1.0432578701767756,0,,False,never,0,0.0,False,0.0,tier_b,B-44-19,899,channel-narrow,on,nc
model,overtaking,4.007321481086472,1.922492160269042,-5.2052981805868725,,,,goal,False,False,95,41.79954229923767,-52.98684884471874,42,2,14,0,15,5.963273475343548,0.7061530244200959,2.683124639949433,0.0,2.291986437126829,0.3982418027547183,0.796043063972749,1.73549718488935,0.416943819099433,1,"8(e) in extremis: overtaking, compliant alteration inadmissible (DCPA 1.51 m, TCPA 4.1 s)",False,overtaking,82,0.0,False,0.0,tier_b,B-45-00,900,channel-narrow,on,cv
model,overtaking,4.076813947300814,0.1605699817213783,-5.82402715627063,,,,collision:target,True,True,77,-957.848060831784,-126.34440798383122,55,9,0,0,3,22.814008441606656,2.311844742307592,0.0,0.0,0.4380966052123901,0.4715230778257077,0.7506915497404911,0.8436843820816856,1.3659888764743566,0,,False,overtaking,61,0.0,False,0.0,tier_b,B-45-01,901,channel-narrow,on,cv
model,overtaking,3.8896423911060976,1.0239902404761485,-3.830255422055062,,,,goal,False,False,70,-672.2981480621139,-173.5561091240087,53,19,0,0,5,30.01994357007532,4.271043150557574,0.0,0.0,0.8479388570835267,0.5461969124200396,0.675411875946224,1.4754879862709152,1.0999391687083817,0,,False,overtaking,60,0.0,False,0.0,tier_b,B-45-02,902,channel-narrow,on,cv
model,overtaking,4.139920266021473,1.6579698710403,7.84908675062815,,,,goal,False,False,76,-618.6362855010192,-55.44937003088291,43,1,0,0,11,10.867507552811864,0.0063309616686304,0.0,0.0,0.3608598631565486,0.5077011287815466,0.7107475044885878,2.636955104035186,1.023034295525084,1,"8(e) in extremis: overtaking, compliant alteration inadmissible (DCPA 2.50 m, TCPA 3.5 s)",False,overtaking,49,0.0,False,0.0,tier_b,B-45-03,903,channel-narrow,on,cv
model,overtaking,3.897575300551424,1.0184887887538576,-2.7498993118399024,,,,goal,False,False,80,-151.94403384767787,-180.1103822019227,49,3,21,0,10,29.668106408299376,0.3072740327552461,6.8370184044724285,0.0,1.5819961694670304,0.484923785831142,0.8864380995954577,1.770567639681422,0.9487535536994988,0,,False,overtaking,70,0.0,False,0.0,tier_b,B-45-04,904,channel-narrow,on,cv
model,overtaking,3.797795469168857,0.4732455040787533,-4.258523431845642,,,,goal,False,False,93,-179.90889978107285,-139.43926438167614,45,1,21,0,2,24.16071964987584,0.1023794433891019,5.183624072166091,0.0,0.1501949356037242,0.4194300294985704,0.7821574765502217,3.1353941962122334,1.1688191409642226,0,,False,overtaking,57,0.0,False,0.0,tier_b,B-45-05,905,channel-narrow,on,cv
model,overtaking,3.841761859344671,1.2961757934731686,-3.836451878430767,,,,goal,False,False,87,-41.99644476903684,-88.57376757976164,38,3,29,0,8,10.997816402993337,0.5380894206779001,7.854370304463363,0.0,0.7100668125601994,0.4403436438585457,0.628963617155377,2.1309048505646504,0.58730117262091,1,"8(e) in extremis: overtaking, compliant alteration inadmissible (DCPA 2.32 m, TCPA 3.4 s)",False,overtaking,72,0.0,False,0.0,tier_b,B-45-06,906,channel-narrow,on,cv
model,overtaking,3.490012072776923,0.8736791172339955,-3.60964250584678,,,,collision:boundary,True,False,19,-497.2854033461542,-19.097518924740843,12,2,0,0,2,3.7572634042770794,0.074102555314646,0.0,0.0,0.0293905388359568,0.5973563195429332,0.7043084818710486,4.510982148410268,0.7351626525844809,0,,False,overtaking,16,0.0,False,0.0,tier_b,B-45-07,907,channel-narrow,on,cv
model,overtaking,4.129364417620812,1.7531775397942948,-4.886729548091202,,,,goal,False,False,78,6.515453459798522,-83.91752216419845,33,0,37,0,7,8.955745268488057,0.0,10.675658078893909,0.0,0.2564920002587753,0.4937671077598548,0.8611289273332501,1.9257611529414669,0.605090032393497,0,,False,overtaking,69,0.0,False,0.0,tier_b,B-45-08,908,channel-narrow,on,cv
model,overtaking,4.290681647645064,0.6392364728236497,-8.643314370871133,,,,collision:boundary,True,False,47,-617.0673940717653,-61.78914705020006,38,4,0,0,5,11.390612097891724,0.8634323291420496,0.0,0.0,0.2514726969739707,0.4907532201614907,0.7636435184630306,2.427489173496908,1.5650609589043132,1,"8(e) in extremis: overtaking, compliant alteration inadmissible (DCPA 2.12 m, TCPA 1.2 s)",False,overtaking,43,0.0,False,0.0,tier_b,B-45-09,909,channel-narrow,on,cv
model,overtaking,3.5485586254478583,0.3364531540832693,-2.744253610895635,,,,collision:boundary,True,False,64,-1026.817064168359,-83.01910668941902,43,2,0,0,2,16.243522174474673,0.2339520433932523,0.0,0.0,0.3234687357717298,0.3881518119281026,0.7065764505207484,3.029695207794322,1.262850480859386,1,"8(e) in extremis: overtaking, compliant alteration inadmissible (DCPA 2.50 m, TCPA 0.7 s)",False,overtaking,47,0.0,False,0.0,tier_b,B-45-10,910,channel-narrow,on,cv
model,overtaking,3.954573971461244,0.972347141816574,9.758527400627427,,,,goal,False,False,94,-751.4005361456647,-92.68728847980138,50,16,0,0,18,12.319433132132623,3.6665212999255705,0.0,0.0,3.012625342469623,0.4093649054716116,0.7099261453303322,1.5638952675607258,1.3944091479052607,1,"8(e) in extremis: overtaking, compliant alteration inadmissible (DCPA 2.27 m, TCPA 4.8 s)",False,overtaking,67,0.0,False,0.0,tier_b,B-45-11,911,channel-narrow,on,cv
model,overtaking,4.153082486615067,1.1255770036570645,-7.89600947630646,,,,collision:boundary,True,False,40,-422.4676919362105,-16.405726963231285,7,0,2,0,12,1.752831071706938,0.0,0.6886059376476634,0.0,1.166718173944523,0.4610437786970914,0.5810027454972814,2.4694040953514103,0.8642207219806953,0,,False,overtaking,31,0.0,False,0.0,tier_b,B-45-12,912,channel-narrow,on,cv
model,overtaking,4.1813011081576015,0.2653115524337206,3.789168412601402,,,,goal,False,False,108,-229.67399462050324,-59.537402606701406,34,0,2,0,0,11.937892507946977,0.0,0.1235651923232972,0.0,0.0,0.3534078446410384,0.5946632467884594,2.8830970357003274,1.5291351444022625,1,"8(e) in extremis: overtaking, compliant alteration inadmissible (DCPA 2.46 m, TCPA 3.4 s)",False,overtaking,59,0.0,False,0.0,tier_b,B-45-13,913,channel-narrow,on,cv
model,overtaking,3.5059647959493527,1.1325447742268309,1.3524701114645763,,,,goal,False,False,80,54.176583540454814,-73.59415462659653,47,1,10,0,10,10.607112431262728,0.0083637099458272,2.987685866968912,0.0,2.2870841347835698,0.47627119354136,0.6989576145623293,1.2138481156772596,0.3980647372219625,0,,False,overtaking,65,0.0,False,0.0,tier_b,B-45-14,914,channel-narrow,on,cv
model,overtaking,4.199228141161456,0.4203213240149719,1.3732642167195674,,,,collision:boundary,True,False,112,-1009.0439007552736,-79.42173865949849,53,5,0,0,3,14.958968026881845,0.8033859285186435,0.0,0.0,0.3106859067257978,0.3444618261619939,0.6994307991691907,2.783680361478503,1.5123650820924248,2,"8(e) in extremis: overtaking, compliant alteration inadmissible (DCPA 2.43 m, TCPA 3.9 s) | 8(e) in extremis: overtaking, compliant alteration inadmissible (DCPA 2.46 m, TCPA 2.7 s)",False,overtaking,59,0.0,False,0.0,tier_b,B-45-15,915,channel-narrow,on,cv
model,overtaking,3.659490941837714,0.0527232260055281,9.25740417148711,,,,goal,False,False,102,-134.6343029574623,-55.97619591807864,45,1,4,0,7,9.830542400698183,0.0254540184212351,1.104759309094927,0.0,0.7137511401546119,0.3743512494304331,0.554610286168431,2.990364351315017,0.945224993717099,1,"8(e) in extremis: overtaking, compliant alteration inadmissible (DCPA 2.07 m, TCPA 4.6 s)",False,overtaking,65,0.0,False,0.0,tier_b,B-45-16,916,channel-narrow,on,cv
model,overtaking,3.5448401144487467,0.8742400271564488,-4.58916707128314,,,,collision:boundary,True,False,28,-489.0581429645424,-10.61013570864571,21,0,0,0,0,2.1434617593223666,0.0,0.0,0.0,0.0,0.5590313410823322,0.7195773956015359,3.8493836725609127,0.9768207430769544,0,,False,overtaking,25,0.0,False,0.0,tier_b,B-45-17,917,channel-narrow,on,cv
model,overtaking,3.723148605300001,0.4691200936973529,-3.644200830849977,,,,collision:obstacle,True,False,31,-655.4742033578882,-3.322523312291408,4,0,0,0,0,0.671216830765941,0.0,0.0,0.0,0.0,0.4023690495627584,0.5561286573191576,5.410962061270852,0.8804711460946323,0,,False,overtaking,7,0.0,False,0.0,tier_b,B-45-18,918,channel-narrow,on,cv
model,overtaking,3.799931505745157,0.8413643895216592,-6.9166512288433,,,,collision:boundary,True,False,59,-935.5114485770482,-45.599335220282725,34,2,0,0,7,8.643786865507192,0.1325789265058759,0.0,0.0,0.4791832332928963,0.4112671735328457,0.6606741019278566,2.400073376481668,1.4774090312866934,0,,False,overtaking,51,0.0,False,0.0,tier_b,B-45-19,919,channel-narrow,on,cv
model,overtaking,4.152346064386678,0.1534719377684146,-6.722764585090273,,,,collision:target,True,True,70,-740.8052437962941,-157.15426393573532,45,17,0,0,1,27.478577077877954,4.133027175038023,0.0,0.0,0.1504050852891726,0.456724098126409,0.7718969715668352,0.9471101282501334,1.5161263247948027,1,"8(e) in extremis: overtaking, compliant alteration inadmissible (DCPA 1.39 m, TCPA 4.6 s)",True,overtaking,52,0.0,False,0.0,tier_b,B-46-00,920,channel-narrow,on,re
model,overtaking,3.771264723541515,0.6867573851098883,7.148894122688855,,,,goal,False,False,103,-230.35101738655152,-210.41665883437545,63,0,20,0,3,38.57278292557425,0.0,4.750753483969945,0.0,0.5285935134424726,0.3723903395007962,0.5480673200396664,2.986632804195068,0.7907194654942945,0,,False,overtaking,75,0.0,False,0.0,tier_b,B-46-01,921,channel-narrow,on,re
model,overtaking,4.253808799859828,1.845827651993028,1.0266966112433913,,,,goal,False,False,90,-67.55521300556701,-164.81127204088398,64,2,37,0,14,21.409492788091043,0.3103841012864277,10.756503140539056,0.0,4.12766002944998,0.4184829891589358,0.7482390666950275,1.544697248764383,0.435367488517911,0,,False,overtaking,83,0.0,False,0.0,tier_b,B-46-02,922,channel-narrow,on,re
model,overtaking,4.25357088409338,0.4359873296820953,-0.0214816330868909,,,,goal,False,False,104,-363.28912261728925,-41.31708975858058,31,1,0,0,4,8.149597259028004,0.0053414011676491,0.0,0.0,0.2111429756915774,0.362797482029566,0.5849614406645796,2.60755685982946,1.2208524633390134,1,"8(e) in extremis: overtaking, compliant alteration inadmissible (DCPA 2.08 m, TCPA 1.4 s)",False,overtaking,73,0.0,False,0.0,tier_b,B-46-03,923,channel-narrow,on,re
model,overtaking,3.671889185601192,0.6922801693292804,3.3965938040129213,,,,goal,False,False,93,-843.6100905951728,-97.17498734118584,57,4,0,0,10,17.10543961204088,1.286505337559098,0.0,0.0,1.363302186814661,0.4064010180867166,0.7014653669248064,2.0176134006389246,1.1595328717805136,2,"8(e) in extremis: overtaking, compliant alteration inadmissible (DCPA 2.04 m, TCPA 4.7 s) | 8(e) in extremis: overtaking, compliant alteration inadmissible (DCPA 1.56 m, TCPA 4.7 s)",False,overtaking,62,0.0,False,0.0,tier_b,B-46-04,924,channel-narrow,on,re
model,overtaking,4.129228452195702,1.785669061236851,9.958372557198338,,,,goal,False,False,73,-206.5308285492689,-54.55032888705972,41,0,0,0,0,11.020268462032268,0.0,0.0,0.0,0.0,0.5303464154325038,0.767912810624191,1.969908501991387,1.057996460138961,1,"8(e) in extremis: overtaking, compliant alteration inadmissible (DCPA 2.47 m, TCPA 2.6 s)",False,overtaking,45,0.0,False,0.0,tier_b,B-46-05,925,channel-narrow,on,re
model,overtaking,3.6250304980621233,1.3348481236068177,1.1502622091904176,,,,collision:boundary,True,False,30,-421.3840819103455,-21.280886781838927,18,0,0,0,1,4.177903231955324,0.0,0.0,0.0,0.1333923963689059,0.5589403336206652,0.7203936052335712,3.641636650244479,0.957367915049268,0,,False,overtaking,27,0.0,False,0.0,tier_b,B-46-06,926,channel-narrow,on,re
model,overtaking,3.891519430188501,1.8205770423299428,0.6353772840274026,,,,goal,False,False,89,-175.3341302266058,-256.56273104779183,72,2,42,0,11,41.065046635404975,0.1029197391409379,12.283913329109245,0.0,1.90204655755471,0.4265363192609732,0.7294087225675455,1.9299942532475824,0.4193311675184648,0,,False,overtaking,74,0.0,False,0.0,tier_b,B-46-07,927,channel-narrow,on,re
model,overtaking,4.039999111051997,0.6144843720250768,-9.320405205990976,,,,collision:boundary,True,False,43,-638.7829100151778,-42.163854995831365,33,3,0,0,1,7.807443198456183,0.7061373031980165,0.0,0.0,0.0048070028095692,0.4934685932402761,0.7710067247471982,3.028251484418116,1.3652981179186607,0,,False,overtaking,37,0.0,False,0.0,tier_b,B-46-08,928,channel-narrow,on,re
model,overtaking,4.023306567472849,1.151386549854414,6.240943245989644,,,,goal,False,False,109,-7.98074182806549,-48.40223557345794,36,2,20,0,2,5.898349343028648,0.188209078832303,5.040741846223732,0.0,0.0282446086312878,0.3441530862865022,0.5434136572331579,3.534277179638925,0.3148686732969905,0,,False,overtaking,75,0.0,False,0.0,tier_b,B-46-09,929,channel-narrow,on,re
model,overtaking,3.6321081989128863,0.4032612017366332,2.730089604939696,,,,goal,False,False,128,-353.6568423258776,-100.27667378339262,56,0,0,0,2,20.20905942995335,0.0,0.0,0.0,0.0537399122496813,0.2963844449896097,0.6074621583439566,2.9226564816365004,1.335056153462041,1,"8(e) in extremis: overtaking, compliant alteration inadmissible (DCPA 2.37 m, TCPA 2.7 s)",False,overtaking,70,0.0,False,0.0,tier_b,B-46-10,930,channel-narrow,on,re
model,overtaking,3.7510430542622166,1.1823693209721136,-8.933823612605911,,,,goal,False,False,75,-188.63756337227895,-257.83133630865143,56,1,34,0,6,41.228348177749744,0.3950316573577254,11.24731400175322,0.0,2.5122834930128324,0.5105307344469714,0.7410302211492603,1.5325908608128342,0.5479140077359627,0,,False,overtaking,65,0.0,False,0.0,tier_b,B-46-11,931,channel-narrow,on,re
model,overtaking,3.561565627380731,1.0893756348309165,-2.96692277548229,,,,collision:boundary,True,False,33,-630.321316891704,0.0,0,0,0,0,0,0.0,0.0,0.0,0.0,0.0,0.4769478154193562,0.638106478822336,5.086886819633639,1.1312584153740255,0,,False,overtaking,6,0.0,False,0.0,tier_b,B-46-12,932,channel-narrow,on,re
model,overtaking,3.5577577958757303,0.291550050247374,-4.180035809460032,,,,collision:boundary,True,False,33,-461.94073850476224,-45.46442751153311,25,1,0,0,2,8.999799273031032,0.0741280887634634,0.0,0.0,0.1218860157000792,0.5398239268554639,0.7301819640833692,3.105958771256748,1.1323779410761374,0,,False,overtaking,29,0.0,False,0.0,tier_b,B-46-13,933,channel-narrow,on,re
model,overtaking,3.748264727982474,0.8117613120995733,-7.766293499033814,,,,collision:boundary,True,False,29,-383.34793857333113,-18.236158310538585,14,0,0,0,6,3.195615843330468,0.0,0.0,0.0,0.537302196900614,0.5001462835493447,0.6149582617290288,2.882750814731965,0.9004880017785296,0,,False,overtaking,27,0.0,False,0.0,tier_b,B-46-14,934,channel-narrow,on,re
model,overtaking,4.335620730737246,0.5705199468078683,3.83755554785072,,,,goal,False,False,110,-425.28706017511695,-55.71286098417823,32,0,5,0,4,10.196519171986228,0.0,1.389729360856138,0.0,0.0526811963920623,0.348691997814015,0.5780844753414998,3.1704797184355566,1.4007817306825978,1,"8(e) in extremis: overtaking, compliant alteration inadmissible (DCPA 2.50 m, TCPA 2.7 s)",False,overtaking,61,0.0,False,0.0,tier_b,B-46-15,935,channel-narrow,on,re
model,overtaking,3.783001218935359,0.6312089792858617,4.252034459342031,,,,collision:boundary,True,False,35,-539.1172980206105,-34.85659533223371,25,0,0,0,3,6.8571147626978535,0.0,0.0,0.0,0.2030838348620722,0.5411425458328838,0.6931675030538206,3.1346587571707087,1.198032096703214,0,,False,overtaking,29,0.0,False,0.0,tier_b,B-46-16,936,channel-narrow,on,re
model,overtaking,3.658695676495648,0.2766399545217113,-4.385808522077184,,,,collision:boundary,True,False,32,-493.3986951310807,-30.364197985759343,23,2,0,0,4,5.722687948537806,0.3057697859056386,0.0,0.0,0.116296044503175,0.5233902914594397,0.6924505914600441,2.811742737171289,1.1751151235951316,0,,False,overtaking,27,0.0,False,0.0,tier_b,B-46-17,937,channel-narrow,on,re
model,overtaking,4.136863519424017,0.2886010786301207,-7.481109809777601,,,,collision:target,True,True,75,-587.7986569210309,-104.12044641835726,42,5,0,0,0,20.87340881960347,0.1610248002666931,0.0,0.0,0.0,0.4572935192812299,0.7844503397498255,1.0778450386782767,1.3878736402979863,1,"8(e) in extremis: overtaking, compliant alteration inadmissible (DCPA 1.95 m, TCPA 3.1 s)",True,overtaking,47,0.0,False,0.0,tier_b,B-46-18,938,channel-narrow,on,re
model,overtaking,4.007896360641229,1.0093163531416476,-3.563747640599672,,,,collision:boundary,True,False,22,-376.236454993956,-11.47566568946355,13,0,0,0,1,2.2559765283422397,0.0,0.0,0.0,0.0685737498154365,0.5958708259410297,0.7291241324658829,3.906713396903693,0.7965102465762975,0,,False,overtaking,20,0.0,False,0.0,tier_b,B-46-19,939,channel-narrow,on,re
model,overtaking,4.440499116673468,1.2044390533904483,-7.166409239360365,,,,collision:obstacle,True,False,33,-367.99854910244096,-2.7098015030150613,4,0,1,0,0,0.4174834386739225,0.0,0.1786829115497623,0.0,0.0,0.3394932917573466,0.5448835205299077,5.8672236976172565,0.1322326027435248,0,,False,overtaking,22,0.0,False,0.0,tier_b,B-47-00,940,channel-narrow,on,nc
model,overtaking,4.214795268175214,0.4534184359339037,6.5687546360431455,,,,collision:boundary,True,False,43,-542.788300833912,-32.78094590559478,20,0,0,0,8,6.024690778865431,0.0,0.0,0.0,0.6574947889357541,0.5108535514118371,0.5862206109451877,2.715261765561785,1.1982571813770264,1,"8(e) in extremis: overtaking, compliant alteration inadmissible (DCPA 2.30 m, TCPA 3.7 s)",False,overtaking,35,0.0,False,0.0,tier_b,B-47-01,941,channel-narrow,on,nc
model,overtaking,3.8279934887479303,1.588529354501224,5.188251062238184,,,,goal,False,False,83,-714.1121838881612,-104.58966671915472,53,5,0,0,8,19.667529155406264,1.1240493298459346,0.0,0.0,0.3714118260347306,0.4578600766274055,0.6940666020960637,2.441736070254545,1.0563324860906669,1,"8(e) in extremis: overtaking, compliant alteration inadmissible (DCPA 2.35 m, TCPA 4.6 s)",False,overtaking,64,0.0,False,0.0,tier_b,B-47-02,942,channel-narrow,on,nc
model,overtaking,3.920365704575672,0.8663163123347675,-0.1674035746201703,,,,collision:target,True,True,48,-360.70312556177225,-16.025934686518813,8,0,5,0,6,1.270788708548117,0.0,1.8079692700305925,0.0,0.7170758237990011,0.4432654118264805,0.5927758803232438,1.799601474123218,0.7824541769891807,0,,False,overtaking,31,0.0,False,0.0,tier_b,B-47-03,943,channel-narrow,on,nc
model,overtaking,4.356869156980203,1.6471604042828971,-0.2183794621239325,,,,goal,False,False,71,-59.49059762751519,-99.5555197592083,54,12,0,0,3,19.263529829470635,0.5832203635386402,0.0,0.0,0.2920236230694082,0.5405210201325299,0.7433210042404397,2.417896376915553,1.1912855958566992,1,"8(e) in extremis: overtaking, compliant alteration inadmissible (DCPA 2.41 m, TCPA 2.4 s)",False,overtaking,58,0.0,False,0.0,tier_b,B-47-04,944,channel-narrow,on,nc
model,overtaking,4.26564488853,0.9118586616191056,1.9313738318715217,,,,collision:boundary,True,False,53,-561.9500819913535,-113.48830622899386,39,1,0,0,1,22.74038628930195,0.0570638717849229,0.0,0.0,0.1424284292475143,0.4873780144638079,0.7400938045159412,2.9336728542717285,1.1747814591339392,1,"8(e) in extremis: overtaking, compliant alteration inadmissible (DCPA 2.26 m, TCPA 5.0 s)",False,overtaking,44,0.0,False,0.0,tier_b,B-47-05,945,channel-narrow,on,nc
model,overtaking,4.177803240509842,0.9598573127847992,9.56496346023958,,,,goal,False,False,109,-180.15954501859795,-208.70531728678176,82,1,24,0,1,37.69806501167355,0.170855359696645,5.626586322742991,0.0,0.2218779303609901,0.3448758158757871,0.5503155226246713,3.347533936509035,0.341340578829792,0,,False,overtaking,83,0.0,False,0.0,tier_b,B-47-06,946,channel-narrow,on,nc
model,overtaking,3.753839223353896,0.2088298215572033,-1.3601215509537583,,,,collision:boundary,True,False,53,-736.2172293560463,-55.83449750300698,35,5,0,0,2,10.279127256881743,0.8934081320617934,0.0,0.0,0.1178771839414355,0.5093866717381424,0.7543551372646717,2.229836291218312,1.3417131500089874,1,"8(e) in extremis: overtaking, compliant alteration inadmissible (DCPA 1.90 m, TCPA 3.6 s)",False,overtaking,48,0.0,False,0.0,tier_b,B-47-07,947,channel-narrow,on,nc
model,overtaking,4.442423653846219,0.4195003187708972,-9.536784674251583,,,,goal,False,False,64,-260.3404368837216,-67.64556527027283,29,6,0,0,6,10.510836382227373,0.956347971316178,0.0,0.0,2.4184450489405016,0.6061905986129794,0.7930937767125157,1.242007949268986,1.3032010555386664,0,,False,overtaking,38,0.0,False,0.0,tier_b,B-47-08,948,channel-narrow,on,nc
model,overtaking,3.58559017101238,0.8662630658749346,-0.6293307321147612,,,,collision:boundary,True,False,107,-1387.039904153604,-36.14538027474717,25,0,3,0,6,6.689566950003693,0.0,0.5332361419264842,0.0,0.2471941691763422,0.3785844849675497,0.7861802577690905,3.235148226961364,1.1610421866051075,1,"8(e) in extremis: overtaking, compliant alteration inadmissible (DCPA 2.48 m, TCPA 4.5 s)",False,overtaking,55,0.0,False,0.0,tier_b,B-47-09,949,channel-narrow,on,nc
model,overtaking,3.827217161204276,0.4371149184577871,7.906104632065315,,,,collision:boundary,True,False,109,-1149.284247028902,-116.08968739717476,47,4,8,0,10,21.026477625668647,0.2440493495769368,2.343847608800594,0.0,0.525050550672663,0.3641492269936223,0.6129342601869882,2.0148892044360545,1.3129152500797627,1,"8(e) in extremis: overtaking, compliant alteration inadmissible (DCPA 1.76 m, TCPA 2.0 s)",False,overtaking,70,0.0,False,0.0,tier_b,B-47-10,950,channel-narrow,on,nc
model,overtaking,4.178133858575863,1.0261677384857937,-7.515068556748854,,,,collision:boundary,True,False,25,-398.7298462664654,-34.951768775885995,14,1,0,0,2,6.995607350057814,0.0019436742822917,0.0,0.0,0.0697536012005475,0.5654229338986263,0.7265146661027307,4.024651538187714,0.891982728534507,0,,False,overtaking,22,0.0,False,0.0,tier_b,B-47-11,951,channel-narrow,on,nc
model,overtaking,3.606900818869754,0.0527274393483629,-1.5944518388523932,,,,collision:boundary,True,False,48,-638.2244681723494,-47.368832985773246,30,2,0,0,2,9.35269743054875,0.0573004755527837,0.0,0.0,0.1754096334601426,0.4114092592667426,0.7396389149249463,2.7349812938170643,1.4024858288439233,1,"8(e) in extremis: overtaking, compliant alteration inadmissible (DCPA 2.28 m, TCPA 3.3 s)",False,overtaking,34,0.0,False,0.0,tier_b,B-47-12,952,channel-narrow,on,nc
model,overtaking,4.030827647484677,1.2424760023461472,8.284778276821179,,,,goal,False,False,85,-329.6715032733291,-87.71648099239574,44,8,0,0,11,14.821860158891573,1.7563305595906644,0.0,0.0,1.256541541313033,0.4536110519979998,0.7324013829951929,2.1611378592928445,1.1788705196404174,1,"8(e) in extremis: overtaking, compliant alteration inadmissible (DCPA 2.45 m, TCPA 3.6 s)",False,overtaking,57,0.0,False,0.0,tier_b,B-47-13,953,channel-narrow,on,nc
model,overtaking,3.53125685351547,1.0882145062096544,-1.0950766232939468,,,,goal,False,False,89,75.65944418673266,-44.19135656527339,23,2,19,0,9,4.45981016027972,0.2930532203387889,4.187109820144879,0.0,1.2424638841533815,0.4259713542991015,0.7289570994278395,1.3662437730846493,0.1102220365484179,0,,False,overtaking,69,0.0,False,0.0,tier_b,B-47-14,954,channel-narrow,on,nc
model,overtaking,3.954389966521088,0.9681708436703056,6.393263480217392,,,,collision:boundary,True,False,53,-809.5197289546013,-63.87967835600471,31,0,0,0,3,12.69715547737107,0.0,0.0,0.0,0.228613054003981,0.439826724953662,0.7492335565953377,2.729183478299758,1.3081275608759602,2,"8(e) in extremis: overtaking, compliant alteration inadmissible (DCPA 2.47 m, TCPA 1.0 s) | 8(e) in extremis: overtaking, compliant alteration inadmissible (DCPA 2.21 m, TCPA 4.4 s)",False,overtaking,33,0.0,False,0.0,tier_b,B-47-15,955,channel-narrow,on,nc
model,overtaking,4.007738862359523,0.2446747146929087,-6.463108667823933,,,,collision:target,True,True,73,-556.8574716301337,-126.51143811566308,52,14,0,0,1,21.899651507112814,3.649087029179393,0.0,0.0,0.0100405246703614,0.4839264877496257,0.7298869752100395,1.070332946158823,1.5105994726381151,0,,False,overtaking,67,0.0,False,0.0,tier_b,B-47-16,956,channel-narrow,on,nc
model,overtaking,4.137502059851904,0.9437533702788912,-3.2683145604305714,,,,goal,False,False,83,-104.2583805717504,-177.3109633786498,42,5,30,0,6,26.85019914664105,1.584931352275913,9.29782721704054,0.0,0.68553098392553,0.4702352176300604,0.7869371941066915,1.400277955366806,0.8289226074491823,0,,False,overtaking,74,0.0,False,0.0,tier_b,B-47-17,957,channel-narrow,on,nc
model,overtaking,3.968475552250237,0.5810855869917424,-1.9559472931595945,,,,collision:boundary,True,False,66,-875.8420615045203,-36.20739238585557,25,0,0,0,6,7.048205607121957,0.0,0.0,0.0,0.2930610290226406,0.3603742149033771,0.6674968203284416,2.936629403065305,1.5092320558245942,1,"8(e) in extremis: overtaking, compliant alteration inadmissible (DCPA 2.31 m, TCPA 3.8 s)",False,overtaking,41,0.0,False,0.0,tier_b,B-47-18,958,channel-narrow,on,nc
model,overtaking,3.955055418413403,0.6937459647420132,1.4446100068484995,,,,collision:obstacle,True,False,16,-325.6631257873528,0.0,0,0,0,0,0,0.0,0.0,0.0,0.0,0.0,0.5256920309811216,0.6381645501881468,5.720189820538332,0.1552904230288265,0,,False,never,0,0.0,False,0.0,tier_b,B-47-19,959,channel-narrow,on,nc
