episode_id,obstacle_count,group,seed,success,obstacle_collision,border_collision,timeout,term_reason,rms_cte,mean_cte,mean_signed_cte,max_cte,std_cte,min_obstacle_clearance,min_border_clearance,min_lateral_border_clearance,min_front_clearance,path_completion_steps,path_completion_time_s,mean_speed,mean_rpm,control_effort,control_effort_deg2s,mean_abs_rudder_rate,mean_abs_rudder_rate_achieved,mean_abs_rudder_deg,rudder_saturation_fraction,mean_abs_course_error,ep_reward,reference_path_length,actual_path_length,path_efficiency,d_end
0,0,obs_0,675974,1,0,0,0,goal,1.309081795669458,1.1298910869721404,1.1298910869721404,2.0469613075256348,0.6610909765940601,nan,0.9887805929084705,2.2369043844020533,16.0,235,23.5,0.8168522467393504,11.920072468116562,7.071303444955468,11314.085511928752,10.010756488539213,7.845227235416579,19.130914779419594,0.13191489361702127,10.081363395987307,93.48595508094772,20.00204771143656,19.196027798374736,0.9597031301649697,1.941107124065467
1,0,obs_0,675975,1,0,0,0,goal,0.8118198164460002,0.7123208093400033,0.7123208093400033,1.223315715789795,0.3894232645279685,nan,0.9887942713553931,3.0379298049829933,16.0,221,22.1,0.8595959556301983,11.625641619264067,5.309160798140285,8494.657277024455,8.444448601115834,6.957467232195447,16.886280733266027,0.09954751131221719,7.20176114049034,101.83204162535205,20.0,18.997070619427383,0.9498535309713692,1.361492729505041
2,0,obs_0,675976,1,0,0,0,goal,0.8415918553256474,0.737885037261934,0.737885037261934,1.268662691116333,0.40472524351147143,nan,0.9887943347714807,2.982512343191658,16.0,222,22.200000000000003,0.8563633117343659,11.62196505468691,5.7141584677995985,9142.653548479357,8.727389870725606,7.096834326340515,17.51775478994524,0.1036036036036036,7.3112816386667125,101.38786402811002,20.0,19.011265520502924,0.9505632760251462,1.3937388229532925
3,0,obs_0,675977,1,0,0,0,goal,0.11059922279594642,0.09932339602395718,-0.08001269568536092,0.1805347353219986,0.07635546222916355,nan,0.9888041354721289,4.186625327814763,16.0,181,18.1,1.0350731295881672,12.013495139489516,0.049612729981827905,79.38036797092464,1.3080498741732705,0.7323628418625835,1.199952978126252,0.0,0.4470968601754803,105.2751122865102,20.0,18.734823645545827,0.9367411822772913,1.2747136601243425
4,0,obs_0,675978,1,0,0,0,goal,0.690055078080479,0.5906207805636239,-0.5906207805636239,1.0656760931015015,0.35685165594553653,nan,0.9889166774240792,3.0332212716937472,16.0,177,17.7,1.0630343656670667,12.429221655036939,0.6942851717787172,1110.8562748459474,5.030959675257856,2.89594157338984,5.079519913694953,0.0,3.8098791421596316,95.43848802656552,20.041642581602023,18.815708272307077,0.9388306470238952,1.639247315347232
5,0,obs_0,675979,1,0,0,0,goal,0.41040551991459484,0.3465454688753178,0.3447890202319947,0.6924932599067688,0.22260553071258146,nan,0.9887934190508496,3.8246760503229806,16.0,227,22.700000000000003,0.8326439721986778,11.615281188282049,5.033028734145654,8052.845974633047,12.190359883603795,8.464841037107076,16.67526135229329,0.0,6.722046528070582,112.25439439967775,20.0,18.901018168909985,0.9450509084454992,1.2892479659284466
6,0,obs_0,675980,1,0,0,0,goal,0.5471649947405577,0.479091760748747,-0.479091760748747,0.701715886592865,0.26431158932612064,nan,0.9888088093034701,3.154978360004875,16.0,186,18.6,1.013185533131226,12.166489714245882,1.9043838247396239,3047.0141195833976,6.47120872059384,4.995717272792458,9.090877250638059,0.0,2.802657536857916,98.64569330266735,20.0,18.845250916240808,0.9422625458120404,1.3619931180776996
7,0,obs_0,675981,1,0,0,0,goal,0.6709474404408375,0.5859642760284866,-0.5859642760284866,0.8554990291595459,0.32682768403628665,nan,0.9888102624538837,2.8024613017586932,16.0,189,18.900000000000002,0.9995351791348562,12.199420011986698,2.9931597988191383,4789.055678110621,8.069980620069707,5.995974049641235,11.138135413959544,0.0,3.52838602263615,97.02638535472678,20.0,18.891214885648782,0.9445607442824391,1.4112446899842204
8,0,obs_0,675982,1,0,0,0,goal,0.8088544784269452,0.7128904894860979,0.7128904894860979,1.1598109006881714,0.38214227359924136,nan,0.9887804564178151,3.1654956976587867,16.0,216,21.6,0.8794577236636555,11.652805524140907,4.757206063133863,7611.52970101418,9.012859505276346,7.0955642597010105,15.703510553748519,0.09259259259259259,6.777987858596237,100.64617136039502,20.001936554058293,18.99628683113496,0.9497223821200806,1.344934144807717
9,0,obs_0,675983,1,0,0,0,goal,1.0252093306429573,0.8848281590282127,-0.8848281590282127,1.4098490476608276,0.5178158945302131,nan,0.988819908898257,1.989013006198321,16.0,198,19.8,0.9540429122800348,12.270304073382055,5.016411773757768,8026.258838012428,9.589386530939091,7.199911102025172,14.81148457888401,0.1414141414141414,5.754838987716399,92.52881381432698,20.0,18.890049663144687,0.9445024831572344,1.71732512692239
10,0,obs_0,675984,1,0,0,0,goal,0.27266798338737785,0.2150316905835873,0.11305108593015248,0.7168876528739929,0.24812755013208962,nan,0.9886583628098558,3.6223397129509416,16.0,203,20.3,0.9342552634367741,11.549768787015028,2.834151416210102,4534.642265936162,8.288667579688648,6.4550879284111895,12.476368311590749,0.014778325123152709,4.477821643996867,105.3265250236126,20.09726849216328,18.965381847766515,0.9436795779069115,1.402200294314319
11,0,obs_0,675985,1,0,0,0,goal,0.6509941548076542,0.568371474819687,-0.5577214869502347,0.8662343621253967,0.33576797433309696,nan,0.988790957055925,2.77261280263733,16.0,191,19.1,0.9851459266927258,12.143779321203096,3.418198447802454,5469.117516483925,8.415517524669044,6.351143266489922,11.899287093684311,0.0,3.726536265028738,97.41874478439794,20.001228572786435,18.816287199831063,0.9407565705954885,1.4492795214464445
12,0,obs_0,675986,1,0,0,0,goal,1.2556905372924687,1.0791317801110587,1.0791317801110587,2.003610372543335,0.6420539904090516,nan,0.9887924047021784,2.2195880891015056,16.0,238,23.8,0.8059163575889368,11.880173622290096,7.619802700683429,12191.684321093484,10.397691062734097,8.116325764494267,19.867031005751183,0.14285714285714285,10.10486927119301,94.95627931153929,20.0,19.1808093106167,0.9590404655308349,1.8768255127809297
13,0,obs_0,675988,1,0,0,0,goal,0.25865925148828556,0.1993591258302331,0.1401707405410707,0.7049779891967773,0.2173862274309207,nan,0.9886708938596777,3.8041829829892837,16.0,200,20.0,0.9425419020176347,11.565170732075348,2.2465303551378475,3594.448568220556,7.889002052383806,6.055877445350333,11.342269867658615,0.01,4.049677906996802,105.38645786548926,20.078707448849617,18.850838040352695,0.9388471886636671,1.4688086581813375
14,0,obs_0,675989,1,0,0,0,goal,0.10959125550849773,0.09794797312838918,0.035576688360936026,0.19313578307628632,0.10365588516431508,nan,0.9888004889948813,4.2398957578970675,16.0,196,19.6,0.9608128953438997,11.771993198845422,1.24870537498657,1997.9285999785116,8.174517490924933,5.2860117152209405,8.690105738992594,0.0,2.6905767003826653,109.52658605272458,20.0,18.831932748740435,0.9415966374370217,1.203219334848402
15,0,obs_0,675990,1,0,0,0,goal,0.3838411947192402,0.30740477958163204,-0.25945222676520185,0.6998347640037537,0.2828755994957359,nan,0.9889317684988623,3.4852753193662998,16.0,207,20.700000000000003,0.9161210817088197,11.976394790157244,3.371738563553253,5394.781701685205,10.307595915007358,7.417444347792683,13.73028581701039,0.0,4.481510528137663,109.49999918420417,20.092604871636723,18.96370639137257,0.9438152251798004,1.3790437693484552
16,0,obs_0,675991,1,0,0,0,goal,0.8479837283153405,0.743281491420668,0.743281491420668,1.2785110473632812,0.4081776916969529,nan,0.9887943383293729,2.970947314977403,16.0,222,22.200000000000003,0.8554724321848114,11.621916923382496,5.798716398981175,9277.946238369881,8.799177704893086,7.155717843681432,17.647945613742948,0.1036036036036036,7.328057416190947,101.21040340914607,20.0,18.991487994502815,0.9495743997251408,1.4231675201394023
17,0,obs_0,675992,1,0,0,0,goal,0.6735964572724044,0.5882351659207541,-0.5882351659207541,0.8591588735580444,0.3281944192458443,nan,0.9888103314991084,2.795178283230428,16.0,189,18.900000000000002,0.9990219984153675,12.199997300903002,3.016059573193079,4825.695317108926,8.105649054050446,6.0190384757229385,11.179627087065782,0.0,3.54549792371972,96.96880027942862,20.0,18.88151577005045,0.9440757885025224,1.421676951044956
18,0,obs_0,675993,1,0,0,0,goal,0.26335988648408715,0.21382047042865818,0.20036381248111299,0.4903005361557007,0.17091744339576537,nan,0.9887954849242097,4.1016042745051315,16.0,218,21.8,0.8644496461131363,11.62966703248441,3.7367824946635424,5978.851991461667,11.68965090255034,7.6212921963245135,14.608248701883019,0.0,5.510640350739962,113.00338821438024,20.0,18.845002285266368,0.9422501142633184,1.2906493943298558
19,0,obs_0,675994,1,0,0,0,goal,0.9547258079685138,0.8265120959178861,-0.8265120959178861,1.3019248247146606,0.47789028416840035,nan,0.988817223888844,2.1395639389765706,16.0,197,19.700000000000003,0.9626036137226516,12.254716557322949,4.817797833401899,7708.4765334430385,9.484741365423007,7.164411295162325,14.455722944082947,0.1319796954314721,5.360533260721151,93.64460876895863,20.0,18.963291190336236,0.9481645595168118,1.5897739287330177
20,0,obs_0,675995,1,0,0,0,goal,0.9463710162826426,0.8256157893496048,0.8256157893496048,1.445547342300415,0.46257612220743843,nan,0.9887943742682106,2.7863280954105516,16.0,225,22.5,0.8446346205485831,11.666181145980953,6.6327938647054285,10612.470183528687,9.531392263514654,7.706447070602807,18.65325270758735,0.13777777777777778,7.7940822253057425,99.5363989385342,20.0,19.004278962343122,0.9502139481171561,1.5811098632164418
21,0,obs_0,675996,1,0,0,0,goal,0.5787503374354322,0.4929788666614636,0.47982438166694935,0.9866531491279602,0.3236054941430328,nan,0.9888287155543716,3.190279605724636,16.0,229,22.900000000000002,0.829927442930337,11.66917041764802,6.098569273826949,9757.710838123117,11.828813009094773,8.735046587382119,17.774843731041038,0.08733624454148471,7.592918875557396,108.99202891888362,20.009558065142,19.00533844310472,0.9498130034272622,1.2568008123207863
22,0,obs_0,675997,1,0,0,0,goal,0.22413000174362602,0.19815385556401613,-0.19815385556401613,0.31377923488616943,0.10473446045458412,nan,0.988805465084199,3.960244048982104,16.0,181,18.1,1.0379548794977813,12.078444610910685,0.23207389828901592,371.31823726242555,2.611883398559358,1.7244056036809563,3.011776279678661,0.0,1.0299575655565871,103.32892293004755,20.0,18.78698331890984,0.939349165945492,1.2525389406482303
23,0,obs_0,675998,1,0,0,0,goal,0.3189205994369716,0.254767757583538,-0.20161349247003277,0.6237393617630005,0.24710796911324678,nan,0.988684164866027,3.1276278506520256,16.0,203,20.3,0.9302356323854807,11.636869468606935,3.793173355216769,6069.077368346831,8.525331657711822,6.895431445822364,13.569472001984789,0.0,4.813570447403991,104.6873928399693,20.058227338953614,18.883783337425257,0.9414482655081112,1.2850935050496097
24,0,obs_0,675999,1,0,0,0,goal,0.3788071462499455,0.32837143636425026,-0.31012900194036774,0.6007457971572876,0.21751978348071926,nan,0.9887345918609327,3.2062735322577005,16.0,192,19.200000000000003,0.978141451448646,11.91566998550843,2.2840634699508,3654.501551921279,5.890197997317888,5.151264172808288,9.57595162714521,0.0,3.3330027051005957,101.7608077927428,20.016573237861092,18.780315867814004,0.9382383110557244,1.3130293258775496
25,0,obs_0,676000,1,0,0,0,goal,1.313346613299692,1.1258192803924127,1.1258192803924127,2.1056199073791504,0.6763211327191255,nan,0.9887921043377225,2.125251017997602,16.0,240,24.0,0.7997823098804049,11.915925838204567,7.665417569042657,12264.66811046825,10.448517061177656,8.066220917066575,19.923740049203236,0.13333333333333333,10.552625409581232,93.86504327157166,20.0,19.194775437129717,0.9597387718564858,1.9303899452578406
26,0,obs_0,676001,1,0,0,0,goal,0.6535819233166046,0.5670121403458791,0.5670121403458791,0.9818475246429443,0.3250639370748733,nan,0.9886806747404515,3.589745316579733,16.0,195,19.5,0.9670242890052719,11.680789232769838,1.2054443304386897,1928.7109287019034,7.593304103182763,4.884382056382057,8.014461876490177,0.0,4.008600997742999,97.41010903391047,20.076192519345454,18.856973635602802,0.9392704128251504,1.605402734736916
27,0,obs_0,676002,1,0,0,0,goal,0.31813911858745325,0.2599080813192164,0.2532792266200496,0.5728592276573181,0.1925152776751788,nan,0.988794432943534,3.9842626338370692,16.0,224,22.400000000000002,0.8443948172496454,11.616514798166463,4.467640641372479,7148.225026195967,12.124878408662942,8.111327819362776,15.835938488266297,0.0,6.198011354729348,113.59864557103396,20.0,18.91444390639206,0.9457221953196029,1.2524269721653136
28,0,obs_0,676003,1,0,0,0,goal,0.8840007007496524,0.7671212122805464,-0.7671212122805464,1.1892786026000977,0.43929748985750117,nan,0.9888149155360395,2.2913891635411354,16.0,195,19.5,0.9701922835627033,12.24043504585727,4.534652693949401,7255.4443103190415,9.302967725340853,7.077747983139268,13.952115006935902,0.12307692307692308,4.9167249469633045,94.46017098942967,20.0,18.918749529472713,0.9459374764736357,1.5643688398731797
29,0,obs_0,676004,1,0,0,0,goal,0.3869734624019221,0.3052922973953219,0.2612212483023739,0.7934170365333557,0.2855029247462823,nan,0.9888604226012082,3.351631806748756,16.0,238,23.8,0.799863325395142,11.667595843428417,7.828101871760694,12524.962994817111,13.815823788381326,9.616362900369246,20.21337066628352,0.07142857142857142,7.954595779638897,114.04009770014979,20.02956496813404,19.036747144404384,0.9504323820657525,1.3033918603044026
30,0,obs_0,676005,1,0,0,0,goal,0.18844742310280516,0.15590209170589403,0.12589704647969205,0.3667464852333069,0.14022255511071646,nan,0.9887974850845991,4.192466359460408,16.0,208,20.8,0.9031225318803214,11.67579485101697,2.6351522642928717,4216.243622868595,10.673847348217802,6.8038439679261415,12.468889016084946,0.0,4.14894379730087,111.57510153440259,20.0,18.78494866311069,0.9392474331555345,1.2967045784375248
31,0,obs_0,676006,1,0,0,0,goal,0.2999389064341017,0.24889867989523284,-0.24889867989523284,0.5206252336502075,0.16737023253641983,nan,0.9888640149143396,3.923413021712327,16.0,179,17.900000000000002,1.0515946522698505,12.195809490146251,0.27221607661486574,435.5457225837852,2.2372417068213557,1.1367987870813654,2.016492769038877,0.0,1.6810882927895672,102.39947674593249,20.0107794425118,18.823544275630326,0.9406702187542351,1.2937900988989774
32,0,obs_0,676007,1,0,0,0,goal,1.418869981439568,1.2119579401409224,1.2119579401409224,2.2867767810821533,0.7378007695575363,nan,0.988791987055407,1.9619278593594487,16.0,244,24.400000000000002,0.7903628227471723,11.97574116013654,7.874679834361278,12599.487734978044,10.32073154370971,7.985067702848618,20.10705477756555,0.13524590163934427,11.309010757481023,91.90896019204379,20.0,19.284852875031007,0.9642426437515503,1.9677378205641662
33,0,obs_0,676009,1,0,0,0,goal,0.8210461903426377,0.7139645705088234,-0.7139645705088234,1.089392066001892,0.4054274765408852,nan,0.9888135084455234,2.433068187418056,16.0,193,19.3,0.9771662024789222,12.22805564820168,4.235728809769568,6777.166095631306,9.08923993508021,6.896058040700348,13.371714407607064,0.11398963730569948,4.5034842999242946,95.11471870677752,20.0,18.859307707843197,0.9429653853921598,1.5618067375771993
34,0,obs_0,676010,1,0,0,0,goal,0.503328063330188,0.43596606451604103,0.43596606451604103,0.802355945110321,0.25154071226366703,nan,0.9887929961269076,3.6239070053835203,16.0,225,22.5,0.8403385366953656,11.634810489602387,5.0723729549575625,8115.796727932099,11.834862202938114,8.504585854369195,16.487975647714403,0.0,6.65963379929912,109.58533013496402,20.0,18.907617075645728,0.9453808537822864,1.28138949837595
35,0,obs_0,676011,1,0,0,0,goal,0.9539980763331798,0.7765445580912961,0.757366493625182,1.7283300161361694,0.5800933752261827,nan,0.9888787341318672,2.0985006553088867,16.0,252,25.200000000000003,0.7660072132715954,11.638272169545028,10.686100796246548,17097.76127399447,10.98356398928213,8.916203344258909,23.252460170123314,0.18253968253968253,10.714490041129128,102.01192398750328,20.069082978734055,19.303381774444205,0.9618467268733097,1.4468785877800687
36,0,obs_0,676012,1,0,0,0,goal,0.38425185812216955,0.3213631184976794,0.3185310805388747,0.6626166105270386,0.2149126362061496,nan,0.988793645501983,3.862416083444387,16.0,227,22.700000000000003,0.834020386323581,11.614068470468606,4.941275958681928,7906.041533891084,12.245174688575542,8.400009831682421,16.54963033577419,0.0,6.641110603353579,112.90612979375288,20.0,18.93226276954529,0.9466131384772645,1.2549377116939342
37,0,obs_0,676013,1,0,0,0,goal,0.8040555183984448,0.6989108367985033,-0.6989108367985033,1.109555959701538,0.3975285132825161,nan,0.988881755919733,2.7241812831080052,16.0,184,18.400000000000002,1.0284411166493133,12.377217582249811,2.3310213726878017,3729.6341963004816,7.610689453739937,5.3232236747757,9.668560458914094,0.0,4.127892694760871,94.47881664547086,20.012638980527232,18.923316546347365,0.9455682763657606,1.581529965088708
38,0,obs_0,676014,1,0,0,0,goal,0.5001504917709881,0.4330463690020972,0.4330463690020972,0.7983925342559814,0.2502425957203543,nan,0.9887930097650588,3.6310266317393145,16.0,225,22.5,0.8395081269779118,11.632796929106116,5.0754469912610265,8120.715186017643,11.84251285823328,8.511461204424531,16.513991599612766,0.0,6.67311219778343,109.63448850951627,20.0,18.888932857003017,0.9444466428501508,1.3004339360237698
39,0,obs_0,676015,1,0,0,0,goal,0.3850542259828937,0.3221382264792509,0.3193132547561145,0.6635522842407227,0.21518783024219118,nan,0.9887936378933735,3.86131239640381,16.0,227,22.700000000000003,0.8339667080612323,11.614203229673732,4.94585876325634,7913.374021210144,12.24515765114168,8.40279884626358,16.55747928283288,0.0,6.6434300834237305,112.88586945477581,20.0,18.93104427298998,0.9465522136494989,1.2562302504159024
40,0,obs_0,676016,1,0,0,0,goal,0.1719456562386885,0.14946824975311757,-0.06270165119320154,0.3253884017467499,0.1601056265001306,nan,0.9888558549357951,4.143281572627168,16.0,200,20.0,0.9382979692246468,11.83078312332742,1.95699855052968,3131.197680847488,9.328574061992779,6.297078423655324,10.840851652622224,0.0,3.3423117952974986,110.07456789163118,20.013502211246507,18.765959384492938,0.9376649417185705,1.324944034567025
41,0,obs_0,676017,1,0,0,0,goal,1.3870043692195104,1.1861629713826847,1.1861629713826847,2.2329702377319336,0.7188870047195268,nan,0.988792041741971,2.0108407860458097,16.0,243,24.3,0.7935953796360746,11.959607580216762,7.81172184591336,12498.754953461374,10.384195205593898,8.008441971552728,20.048579511083204,0.13580246913580246,11.066803076749421,92.55795638159356,20.0,19.28436772515662,0.9642183862578311,1.9385889632043036
42,0,obs_0,676018,1,0,0,0,goal,0.3693866531942468,0.2905920247236888,0.25122259750585013,0.7581301927566528,0.27080196834672454,nan,0.9888523689581261,3.456862349978519,16.0,237,23.700000000000003,0.8002386459914421,11.653813391310882,7.6273468208992385,12203.754913438781,13.851260835841549,9.551486933654632,20.0075549503419,0.046413502109704644,7.803100256601192,114.34982064418466,20.022056890392832,18.965655909997178,0.9472381391093466,1.3481450933359589
43,0,obs_0,676019,1,0,0,0,goal,0.44545686913601124,0.3520007531319741,0.31125739031325916,0.9045858383178711,0.3186701417388157,nan,0.9888782521802642,3.0922741630799733,16.0,237,23.700000000000003,0.8029365759231897,11.692687068276014,7.791519763280812,12466.4316212493,13.447634446418892,9.525675322944776,20.134369694482427,0.08860759493670886,8.207308371458744,112.16264979483304,20.050754897257875,19.029596849379594,0.949071341547448,1.3434757520328844
44,0,obs_0,676020,1,0,0,0,goal,0.4821056865254699,0.42224292338853603,-0.42224292338853603,0.6280319690704346,0.23267317556714104,nan,0.9888087880243583,3.3321172399054233,16.0,184,18.400000000000002,1.0177306550713554,12.153435396587314,1.4177655239409732,2268.424838305557,5.642188800488664,4.371433807177845,7.8999753798479615,0.0,2.4233656277032622,99.29911135804596,20.0,18.726244053312943,0.9363122026656472,1.4324154830146247
45,0,obs_0,676021,1,0,0,0,goal,0.5725077976174768,0.5008047636728533,-0.5008047636728533,0.7318986654281616,0.2774162342318691,nan,0.988809026395014,3.0818260970337135,16.0,186,18.6,1.0088348547122614,12.173101535803008,2.081839904783431,3330.9438476534897,6.831556236421739,5.219172068095714,9.498988731253531,0.0,2.9509501862763017,98.08948040303412,20.0,18.764328297648063,0.9382164148824031,1.4533380047895021
46,0,obs_0,676022,1,0,0,0,goal,0.9600521898203862,0.8366496445750817,0.8366496445750817,1.4715102910995483,0.47086896203859974,nan,0.9887943061709343,2.7597158932791803,16.0,225,22.5,0.8433163225546518,11.678051304742693,6.63298886154056,10612.782178464893,9.638847304241997,7.749471913782404,18.647507438394758,0.14222222222222222,7.859792308758574,99.18588400707995,20.0,18.97461725747967,0.9487308628739836,1.6315978358712602
47,0,obs_0,676023,1,0,0,0,goal,1.0373217279170925,0.895503769932027,-0.895503769932027,1.4279359579086304,0.5235545484917784,nan,0.9888202986039937,1.9649021115968421,16.0,199,19.900000000000002,0.9546009206280115,12.271972780948945,5.087885076079403,8140.616121727044,9.568947914874913,7.212585245353465,14.923186062568396,0.1407035175879397,5.819990585699636,92.590957639196,20.0,18.996558320497428,0.9498279160248714,1.6416125249113003
48,0,obs_0,676024,1,0,0,0,goal,1.1000917925484357,0.93830722531582,0.9275340500975576,1.8186968564987183,0.591508696421322,nan,0.988818880453642,2.294041065556522,16.0,241,24.1,0.7973505746725569,11.772535624705194,8.35786003562209,13372.576056995342,10.76477974653244,8.442039058455162,20.79693998785929,0.15352697095435686,9.804979818926464,98.63845706817011,20.006520681013928,19.216148849608622,0.9604942886368361,1.652672694890122
49,0,obs_0,676025,1,0,0,0,goal,1.0867497314861942,0.953306506100659,0.953306506100659,1.489736557006836,0.521758262331771,nan,0.9887544872700704,2.886560672402463,16.0,214,21.400000000000002,0.8890660682864858,11.767634899394638,5.362522497047244,8580.035995275592,9.223055056003338,7.395117977876051,16.454522271301144,0.11682242990654206,7.393340816490448,94.11346327466595,20.020956942369008,19.026013861330796,0.9503049187957304,1.7454694286278918
50,0,obs_0,676026,1,0,0,0,goal,0.4926059350098425,0.42524785517850905,0.42524785517850905,0.7898488640785217,0.24864607150123844,nan,0.9887930475266737,3.644869847855884,16.0,226,22.6,0.8391822561022286,11.634774233346425,5.078405038103149,8125.448060965038,11.856526441044277,8.49561211266217,16.504666095813818,0.0,6.691772320034852,110.17254698260439,20.0,18.965518987910365,0.9482759493955182,1.2244667605001085
51,0,obs_0,676027,1,0,0,0,goal,0.27102301196190504,0.23841534704433043,-0.23841534704433043,0.37525779008865356,0.12888597792868858,nan,0.9888063781441446,3.8618493560851315,16.0,181,18.1,1.0365331881165216,12.101129035810162,0.36460938361498463,583.3750137839754,3.0463045504358077,2.196984459052237,3.881611720303804,0.0,1.2876532755479004,102.47104266441706,20.0,18.76125070490905,0.9380625352454525,1.294586688495753
52,0,obs_0,676028,1,0,0,0,goal,1.3003129830006408,1.1158167195719821,1.1158167195719821,2.082009792327881,0.667657773176981,nan,0.9887921148215397,2.1469405432718247,16.0,240,24.0,0.8021832664263309,11.910060673975385,7.710016233065179,12336.025972904286,10.403600197955653,8.093186830466209,19.956656287113827,0.14166666666666666,10.415598737348526,94.23013397577925,20.0,19.25239839423194,0.962619919711597,1.8733618941395696
53,0,obs_0,676029,1,0,0,0,goal,0.380726261273823,0.3341721815147432,-0.3341721815147432,0.5076408386230469,0.18243201233670822,nan,0.9888080150419345,3.5982555283879707,16.0,183,18.3,1.0301932015748327,12.130982976895375,0.8554230086260418,1368.6768138016669,4.493296834138723,3.5219514555783213,6.22192877237914,0.0,1.8719902999682763,101.05528266854881,20.0,18.852535588819443,0.9426267794409722,1.256637501064593
54,0,obs_0,676030,1,0,0,0,goal,1.0984668540076477,0.9508123660755167,0.9508123660755167,1.7226284742355347,0.5500775162386993,nan,0.9887935953429977,2.4959750440590147,16.0,232,23.200000000000003,0.8242141600339999,11.77560091878143,7.247954229265827,11596.726766825323,10.157643768178437,8.023539965559817,19.425503600003392,0.15086206896551724,8.915888924171364,97.618347803251,20.0,19.1217685127888,0.9560884256394401,1.7231710772929059
55,0,obs_0,676031,1,0,0,0,goal,0.17406482726594627,0.15479645247697232,-0.15479645247697232,0.2502240240573883,0.07960290441728969,nan,0.988804738935761,4.060608179003939,16.0,181,18.1,1.0381201112047607,12.052831454526695,0.12315596472441392,197.04954355906227,1.9317906267113154,1.2175059408955935,2.0898614881447006,0.0,0.762889825817657,104.21243081543565,20.0,18.78997401280617,0.9394987006403085,1.2339892707577218
56,0,obs_0,676032,1,0,0,0,goal,0.21286256878489346,0.17047975333100493,-0.16566198921997796,0.40722864866256714,0.13366592130151725,nan,0.9888584532408922,4.060101364942058,16.0,182,18.2,1.0304210543867274,12.085500983321774,0.4182106787811634,669.1370860498614,4.060654449199444,2.739916427032115,4.506980760411902,0.0,1.4240759386518944,104.6330804852037,20.01042783760445,18.75366318983844,0.9371945138821949,1.3236371929873607
57,0,obs_0,676033,1,0,0,0,goal,0.8239318635965607,0.7163477748855007,-0.7163477748855007,1.0946946144104004,0.4070744173566959,nan,0.9888135860106338,2.4256474973264623,16.0,193,19.3,0.9766674941904694,12.228545829093981,4.2462344703624275,6793.975152579883,9.111847480138143,6.885767229663645,13.37048535519931,0.11398963730569948,4.523658588690804,95.05691200856732,20.0,18.84968263787606,0.9424841318938031,1.5715108721259257
58,0,obs_0,676034,1,0,0,0,goal,0.2683287676681613,0.21809082899300247,-0.18702691647982628,0.5000869631767273,0.1924090956019548,nan,0.9887133082866478,3.358561429156682,16.0,194,19.400000000000002,0.9702092387913369,11.750137050880944,2.102103540425728,3363.3656646811637,5.62439523830315,5.073768658301932,9.985280215125723,0.0,3.5161193598295313,104.1378572961613,20.029514642478265,18.822059232551936,0.9397161922553242,1.2600453779701988
59,0,obs_0,676035,1,0,0,0,goal,1.1428457536008287,0.987352655783622,0.987352655783622,1.8028953075408936,0.5755268452821942,nan,0.9887932537799322,2.4158582601097676,16.0,234,23.400000000000002,0.818826669244178,11.805168824568868,7.407585773388327,11852.137237421324,10.20836318511308,8.068364326176818,19.62758438072653,0.14957264957264957,9.243238234299328,97.02625636829467,20.0,19.160544060313764,0.9580272030156882,1.7514732529045685
60,0,obs_0,676036,1,0,0,0,goal,0.3596603023746845,0.28571484061004826,0.28571484061004826,0.8320485353469849,0.2184549449186815,nan,0.9886736448180914,3.9982280645201325,16.0,199,19.900000000000002,0.949684976340599,11.5491451470406,1.8601897832848877,2976.3036532558203,7.483895318676726,5.298787349903947,9.703869454225703,0.01507537688442211,3.5875364242983565,103.91845597855195,20.07598779338475,18.898731029177924,0.9413599581588337,1.4837324193200592
61,0,obs_0,676037,1,0,0,0,goal,0.9084180778496403,0.7871738686536749,-0.7871738686536749,1.2277406454086304,0.45341008444105224,nan,0.9888157227406315,2.2372637978985153,16.0,195,19.5,0.966306219420247,12.246469941248113,4.603778057151378,7366.044891442203,9.386729702507097,7.080794772691494,14.061687195912386,0.1282051282051282,5.071473680391354,93.96567506484018,20.0,18.84297127869482,0.9421485639347409,1.6494542658656004
62,0,obs_0,676038,1,0,0,0,goal,0.5593900885647421,0.4895655517691686,-0.4895655517691686,0.718752920627594,0.27063414733809843,nan,0.9888089427434682,3.120221627652811,16.0,186,18.6,1.011348970694215,12.17003902988208,1.9862006606933649,3177.9210571093836,6.5990611346992285,5.08766875611048,9.262251882783827,0.0,2.8726452543377485,98.38362898456057,20.0,18.811090854912393,0.9405545427456197,1.4013277477546633
63,0,obs_0,676039,1,0,0,0,goal,1.2673723278500424,1.0889527499782912,1.0889527499782912,2.0245590209960938,0.648393804500593,nan,0.988792313090973,2.2000997430885354,16.0,239,23.900000000000002,0.8051432086902578,11.890220268695735,7.683029959310506,12292.84793489681,10.336802186084395,8.112015353463406,19.932643378379456,0.14225941422594143,10.184492898327598,94.87423266945339,20.0,19.24292268769716,0.962146134384858,1.8461051348165036
64,0,obs_0,676040,1,0,0,0,goal,0.14663342563569554,0.13051995229765834,-0.13051995229765834,0.21706479787826538,0.06682741627413141,nan,0.9888044948993578,4.1156774610724804,16.0,181,18.1,1.0374426685566287,12.03839568497397,0.08348538001556868,133.57660802490986,1.6477123068438637,0.9497110563465223,1.604891290980808,0.0,0.6244511614471707,104.68068130849015,20.0,18.777712300874978,0.9388856150437489,1.2394755902058143
65,0,obs_0,676041,1,0,0,0,goal,0.3971758069820247,0.3372852018063505,0.33726859219833777,0.6494494676589966,0.20975823790348241,nan,0.9887826026845226,3.832043064469297,16.0,224,22.400000000000002,0.8461217018115104,11.615455376358502,4.349157329753884,6958.651727606212,11.77347460135216,8.057295173215854,15.609244613775186,0.0,6.33265992425721,111.76339009607771,20.00086624199596,18.953126120577835,0.9476152628220582,1.2126341068789135
66,0,obs_0,676042,1,0,0,0,goal,0.5083235800789694,0.44530019468967674,-0.44530019468967674,0.6582870483398438,0.24515423445993414,nan,0.9888086638914861,3.262529984201799,16.0,185,18.5,1.0163383175632417,12.157834024374953,1.6173140324676478,2587.7024519482366,6.006748488415843,4.630074724134385,8.39419755581263,0.0,2.576795201748976,99.1121761926916,20.0,18.802258874919975,0.9401129437459987,1.3768213538580691
67,0,obs_0,676043,1,0,0,0,goal,0.6643752895607986,0.5651417492931201,-0.5651417492931201,1.0503507852554321,0.34929833750664663,nan,0.9889249697966275,3.0361035294176935,16.0,176,17.6,1.0672392332704073,12.431700656719675,0.4855795797772173,776.9273276435475,4.341980252947126,2.1925812843401307,3.9309269071302633,0.0,3.7294119531486656,95.77749184586979,20.052087275365004,18.78341050555917,0.936730937164608,1.662892482112402
68,0,obs_0,676044,1,0,0,0,goal,0.4603521143629356,0.39407793580583145,0.39407793580583145,0.7548208236694336,0.23796354701811015,nan,0.988793190669607,3.713209919050522,16.0,227,22.700000000000003,0.8348964273356889,11.626666333784845,5.106947180043794,8171.115488070071,12.000544830761124,8.497221231293311,16.665278772950696,0.0,6.755891556785651,111.17797921421462,20.0,18.95214890052014,0.947607445026007,1.239762490224152
69,0,obs_0,676045,1,0,0,0,goal,0.5357461644825973,0.4603763765815465,0.45116040111408623,0.8805981874465942,0.2889260203311411,nan,0.9888086052804425,3.428354365061738,16.0,227,22.700000000000003,0.8357754851446312,11.65578619100252,5.6841118022624215,9094.578883619875,11.99173987966723,8.70174154278409,17.217781379621986,0.06167400881057269,7.038309933681077,109.48444636202804,20.00182040259013,18.97210351278313,0.9485188413313791,1.2427885955126359
70,0,obs_0,676046,1,0,0,0,goal,0.14864699446321056,0.12664969936999598,0.08524537719487961,0.2985696494579315,0.1217750164436386,nan,0.988798775333882,4.251955497995602,16.0,203,20.3,0.9267336445484772,11.708889575188824,2.0148655602764944,3223.784896442391,9.688376052544848,6.323084478431474,10.986072156816867,0.0,3.4773082345049575,110.89660075782376,20.0,18.812692984334085,0.9406346492167043,1.24389193801965
71,0,obs_0,676047,1,0,0,0,goal,0.30894962214434907,0.2523559647583039,0.2452361902405796,0.5608401298522949,0.1879071047603637,nan,0.9887946001999576,4.004342541692626,16.0,223,22.3,0.846865069841487,11.616946514165488,4.359309665560858,6974.895464897371,12.074227483422906,8.041767504595065,15.673431206177169,0.0,6.101394653375091,113.48287182116667,20.0,18.88509105746516,0.944254552873258,1.2768703818557783
72,0,obs_0,676048,1,0,0,0,goal,0.17658440819605598,0.1570929574840625,-0.1570929574840625,0.25311747193336487,0.08064648738080199,nan,0.9888047615490092,4.055482900597562,16.0,181,18.1,1.0381359506827212,12.054021580381452,0.12726799989600276,203.62879983360438,1.959882295793957,1.240884363055172,2.133005974371789,0.0,0.7757632244504904,104.1684976668596,20.0,18.790260707357255,0.9395130353678628,1.2343625272554875
73,0,obs_0,676049,1,0,0,0,goal,1.0608715359580352,0.9199551442526686,0.9199551442526686,1.6553055047988892,0.5283284474349385,nan,0.9887938692019714,2.5660746752627865,16.0,230,23.0,0.8299984566611265,11.751709564013973,7.065396330129244,11304.634128206792,10.08054783250567,7.953663323916451,19.185687996771026,0.14782608695652175,8.603989518466895,98.04073021329444,20.0,19.089964503205913,0.9544982251602956,1.6906979948943097
74,0,obs_0,676050,1,0,0,0,goal,0.5357312744877563,0.4662289051765193,0.4662289051765193,0.8430396318435669,0.26389127769249937,nan,0.9887928674690231,3.5568914593012355,16.0,224,22.400000000000002,0.8466560368584062,11.646187822771026,5.035416071799881,8056.66571487981,11.682931577678218,8.44463480352088,16.29855724716825,0.0,6.556720896071058,108.63669559984505,20.0,18.9650952256283,0.948254761281415,1.2235838033757036
75,0,obs_0,676051,1,0,0,0,goal,0.13312342745399272,0.11532563093322241,0.06667761668094911,0.2655268609523773,0.1152212756865974,nan,0.9887993903286223,4.248394566206312,16.0,201,20.1,0.9372687640924416,11.726804393329727,1.7634032465669511,2821.4451945071214,9.235906869173048,6.025943470725134,10.299368849144646,0.0,3.2285863738977425,110.60603963411113,20.0,18.83910215825808,0.9419551079129039,1.2099962483863718
76,0,obs_0,676052,1,0,0,0,goal,0.2088212819438683,0.17230261233517058,-0.0856808124176288,0.4108927547931671,0.19043404678821388,nan,0.9886963222603973,3.4824212116453563,16.0,197,19.700000000000003,0.9560880142884535,11.614030372370317,2.712872763281359,4340.596421250173,7.43485859462193,6.181288911203114,11.850459757190066,0.01015228426395939,3.7493248817301583,105.44832405952732,20.045353669006655,18.834933881482534,0.9396159425515338,1.2954685896642126
77,0,obs_0,676053,1,0,0,0,goal,0.4181640063195747,0.35397785573701335,0.35221466083912434,0.7032115459442139,0.2254017942945839,nan,0.9887933685945438,3.807883331420128,16.0,227,22.700000000000003,0.8323370466651424,11.615504912908973,5.05462764124442,8087.404225991071,12.165236156598654,8.47774978912124,16.699301328690566,0.0,6.748852655779158,112.06442828176824,20.0,18.89405095929874,0.9447025479649369,1.2974542291102864
78,0,obs_0,676054,1,0,0,0,goal,1.2518992184648832,1.0761818264380192,1.0761818264380192,1.99648118019104,0.6395970056508354,nan,0.9887924359957226,2.226246677414272,16.0,238,23.8,0.8064209293059802,11.877901093713438,7.626561344395547,12202.498151032878,10.409435541820928,8.121412621323833,19.871864234950362,0.14285714285714285,10.072185957246912,95.06186519370225,20.0,19.19281811748233,0.9596409058741164,1.8643474414890155
79,0,obs_0,676055,1,0,0,0,goal,0.6362958783162754,0.5374093780145895,-0.5374093780145895,1.0365395545959473,0.34068109014773973,nan,0.9889342015219826,3.0142512417568197,16.0,176,17.6,1.071439142952904,12.431742161999203,0.4027262254938981,644.3619607902369,3.76214713709695,1.4894425446063169,2.7832406996326013,0.0,3.6408772216281036,96.45696182760224,20.065968290344834,18.857328915971113,0.9397667056538067,1.6030956101601224
80,0,obs_0,676056,1,0,0,0,goal,0.24345140820306058,0.19787277248299992,0.17938204795872378,0.460419237613678,0.16459243307694116,nan,0.9887959482102882,4.132459547197973,16.0,216,21.6,0.8743655904919455,11.640731082595368,3.4398254922481115,5503.720787596978,11.288527555243913,7.391689754042614,14.055330208330243,0.0,5.1861733180221545,112.8855815056557,20.0,18.886296754626024,0.9443148377313012,1.236519780824377
81,0,obs_0,676057,1,0,0,0,goal,0.5898697118983042,0.5017633215434807,-0.5017633215434807,0.9288591742515564,0.3101287574035048,nan,0.98891013090671,3.21471892693961,16.0,177,17.7,1.065267941229805,12.378730059617151,0.4539227896600986,726.2764634561578,4.017813097346912,2.0218255805901175,3.6600987891019403,0.0,3.2949159597128213,97.23783864659828,20.039493359107663,18.855242559767547,0.9409041547049946,1.509174810384758
82,0,obs_0,676058,1,0,0,0,goal,0.2526155903228476,0.20523563847546616,0.1889733154335261,0.4731419086456299,0.16764164914549667,nan,0.9887957741162243,4.124221412010868,16.0,217,21.700000000000003,0.8698659191723246,11.63591988105756,3.570137292026395,5712.219667242233,11.467854678630829,7.4928039771820565,14.298365885211576,0.0,5.338906954675917,112.97237163263469,20.0,18.876090446039445,0.9438045223019722,1.2529454935171358
83,0,obs_0,676059,1,0,0,0,goal,1.0537681498002018,0.9099224648470509,0.9028720452675018,1.672958493232727,0.5433685520968424,nan,0.9888017707451358,2.5150148364861584,16.0,232,23.200000000000003,0.8212783623788666,11.745173097732637,7.318833456316011,11710.133530105617,10.281471050146855,8.097545147086853,19.544440203442655,0.15086206896551724,8.827030854385976,98.56334671385977,20.000643231212408,19.053658007189707,0.9526522615760246,1.7187542405585527
84,0,obs_0,676060,1,0,0,0,goal,0.19917471752193042,0.1641472176681938,0.13666216602349388,0.3892535865306854,0.1448931346810737,nan,0.988797108709296,4.169546824747184,16.0,210,21.0,0.8978032294614582,11.668836850287127,2.804788810523266,4487.662096837225,10.770483279342287,6.914820399360871,12.826393926427478,0.0,4.341122305765333,112.01284274192912,20.0,18.85386781869062,0.942693390934531,1.2358483258083133
85,0,obs_0,676061,1,0,0,0,goal,0.6649497758314393,0.5690192083728178,-0.5690192083728178,1.0242726802825928,0.34405718257442763,nan,0.988912319840656,3.0960488165240503,16.0,177,17.7,1.0623216551964583,12.412583569790852,0.6487270839770808,1037.9633343633293,4.923626069318164,2.7864805498634726,4.89673668381858,0.0,3.665901461467214,95.83534205297745,20.038444304187642,18.803093296977313,0.9383509523764694,1.6184565693372104
86,0,obs_0,676062,1,0,0,0,goal,0.6536475296098245,0.5735948388560432,0.5735948388560432,0.9866554737091064,0.31343907510509306,nan,0.988793394156764,3.333893258993398,16.0,219,21.900000000000002,0.8646765085918864,11.68077811444408,4.788133077392108,7661.012923827372,10.615480219552275,8.0610002761865,15.719242931500961,0.0730593607305936,6.494527302840994,104.63240912112033,20.0,18.936415538162308,0.9468207769081154,1.2831994390160997
87,0,obs_0,676063,1,0,0,0,goal,0.38296729770935106,0.3361013474189702,-0.3361013474189702,0.5093250870704651,0.1835751491296014,nan,0.9888080439314384,3.591983951164502,16.0,183,18.3,1.0297659997046762,12.13129535702164,0.8664095626423625,1386.25530022778,4.515593097760127,3.5439428927150787,6.26261172073135,0.0,1.8847422777357672,101.00692930345119,20.0,18.844717794595574,0.9422358897297787,1.265140915065969
88,0,obs_0,676064,1,0,0,0,goal,0.6191117899368211,0.5409921336300263,-0.5409921336300263,0.7881634831428528,0.30104305304923806,nan,0.9888093455598657,2.9477275193495,16.0,187,18.7,1.0034400463608184,12.186018783091145,2.4822513951488965,3971.602232238234,7.43063082618098,5.635009665575774,10.318242780027543,0.0,3.224586391433514,97.43825559523533,20.0,18.76432886694731,0.9382164433473654,1.486475959030542
89,0,obs_0,676065,1,0,0,0,goal,0.3287309025630639,0.27711931769716464,-0.10578382025052349,0.6632306575775146,0.3112455456277753,nan,0.988900659862133,3.8234918499708943,16.0,237,23.700000000000003,0.8019936147994458,11.745333184004773,7.703008423538737,12324.813477661977,14.249452696008197,9.756508738257278,20.219749849808366,0.0379746835443038,7.3024544089663825,114.99034845891805,20.06381007194995,19.007248670746865,0.9473399420441982,1.4409995623126173
90,0,obs_0,676066,1,0,0,0,goal,0.39556884960731636,0.3470495383171212,-0.3470495383171212,0.5242797136306763,0.18981921065458238,nan,0.9888081922191857,3.5597571976381355,16.0,183,18.3,1.0279443894013367,12.134293046581451,0.924789711274594,1479.6635380393502,4.6422170741217474,3.6532741689815915,6.472573423646187,0.0,1.9526415977395466,100.7447018507088,20.0,18.811382326044466,0.9405691163022233,1.3033711904824554
91,0,obs_0,676067,1,0,0,0,goal,0.9826915752203819,0.8554000936601047,0.8554000936601047,1.5118852853775024,0.4837079819223573,nan,0.9887942236754512,2.7168224728965926,16.0,226,22.6,0.8401905997337714,11.692534948171701,6.742314623224889,10787.703397159821,9.819853358798557,7.803857870011628,18.78671345589435,0.1415929203539823,8.018603013939346,98.88823921242371,20.0,18.988307553983233,0.9494153776991616,1.658150671141245
92,0,obs_0,676068,1,0,0,0,goal,0.27400890120556753,0.24098981510158318,-0.24098981510158318,0.37811046838760376,0.13040240395478614,nan,0.9888064421388794,3.855287075621527,16.0,181,18.1,1.0363274900662227,12.10221341773559,0.37399601368074525,598.3936218891924,3.0761138266987267,2.2325986148489365,3.9437245976859034,0.0,1.3037899818680732,102.41381220039717,20.0,18.757527570198633,0.9378763785099317,1.299352617296056
93,0,obs_0,676069,1,0,0,0,goal,0.9496306565266089,0.82233542983029,-0.82233542983029,1.2937959432601929,0.47493454776525895,nan,0.9888170469046935,2.1506327711204865,16.0,197,19.700000000000003,0.9635916262536282,12.253722514068414,4.806468387182278,7690.349419491642,9.490930517109073,7.160524936010035,14.428959811096869,0.1319796954314721,5.328728539923053,93.74875029325165,20.0,18.982755037196476,0.9491377518598239,1.5693055259040314
94,0,obs_0,676070,1,0,0,0,goal,1.2667813753755224,1.0973115771226747,1.0973115771226747,1.9500266313552856,0.6329631550973948,nan,0.9887766427693101,2.3466321453979004,16.0,231,23.1,0.8277185401624383,11.891445470296524,6.802015986929786,10883.225579087659,9.744336605072021,7.786563348147069,18.74942954742547,0.13852813852813853,9.591126826214028,93.62162414898758,20.00387171064272,19.120298277752326,0.9558298790518486,1.9459503275955181
95,0,obs_0,676071,1,0,0,0,goal,0.4981768732035681,0.4307617981969896,-0.4307617981969896,0.7300230264663696,0.25024881659856046,nan,0.9888610377473701,3.5754153498638535,16.0,180,18.0,1.0468015916410798,12.259865786523248,0.7216453104576925,1154.6324967323078,4.643129669754199,3.1945445168016873,5.631430549754037,0.0,2.647011479564138,98.96241079311321,20.008181037188386,18.842428649539436,0.9417362135277457,1.3753056951795692
96,0,obs_0,676072,1,0,0,0,goal,0.8659082394872731,0.7582835079252569,0.7582835079252569,1.3084055185317993,0.4180947270900649,nan,0.9887943482234264,2.9376573661933048,16.0,222,22.200000000000003,0.853189799662722,11.624301963221484,5.993810369402392,9590.096591043824,9.057010892289796,7.326698525837619,17.91275019447009,0.10810810810810811,7.383229486889582,100.72845257737367,20.0,18.94081355251243,0.9470406776256215,1.4993334083436671
97,0,obs_0,676073,1,0,0,0,goal,0.3275886910170128,0.28774947920241034,-0.28774947920241034,0.4441263675689697,0.15657135019211377,nan,0.9888074278504344,3.731691456355533,16.0,182,18.2,1.0339017466419747,12.117386045824777,0.5931427624968241,949.0284199949183,3.8588315413143093,2.916671169337411,5.157033250882075,0.0,1.589926621606051,101.75137457994384,20.0,18.817011788883942,0.9408505894441971,1.2642151270956927
98,0,obs_0,676074,1,0,0,0,goal,0.6305204397447803,0.5494404555440885,-0.5494404555440885,0.857729971408844,0.3093076312467181,nan,0.9888494887745013,3.094062109423328,16.0,183,18.3,1.025852541358357,12.270153302592455,1.669512113998529,2671.219382397646,6.4153872675948085,4.661950184465085,8.365370952040772,0.0,3.2217127946313893,96.97966680822236,20.004187554910164,18.773101506857934,0.9384585830005352,1.5183549974966402
99,0,obs_0,676075,1,0,0,0,goal,0.15671171491757732,0.14027878993491089,-0.11983350779138546,0.2517712414264679,0.10098758340914982,nan,0.9887711600806984,3.895176200782063,16.0,183,18.3,1.023289167968843,11.956401473995237,0.30666091395083805,490.6574623213408,2.6654530685026567,2.133873212937396,3.812724703648051,0.0,1.3572562527263778,104.34325257673082,20.00374050060321,18.72619177382983,0.9361345081068784,1.2892968735598078
100,1,obs_1,775974,1,0,0,0,goal,0.6419608361867826,0.5293212003968153,-0.5293212003968153,1.1085047721862793,0.36322552499529476,0.8663976728980403,0.9888320059170838,3.630727797382243,6.705618762969971,185,18.5,1.017569131513846,12.19129731821752,1.147338037451458,1835.7408599223327,11.526459973791372,4.8739951682520966,7.420127620568147,0.0,4.6158030917314905,98.18087100288749,20.00167258988487,18.825028933006156,0.9411727368503292,1.3781293214580153
101,1,obs_1,775975,1,0,0,0,goal,1.2810311687401055,1.0424196128465835,1.0424196128465835,2.256923198699951,0.7445819001536496,1.1120867547200657,0.9887995634053542,2.6831447172492684,8.04205675125122,261,26.1,0.7446680476354988,11.919133926409929,10.134157006681452,16214.651210690323,12.701101417724901,9.038728763884404,20.70285575029037,0.20689655172413793,12.96208536650361,90.88835027375788,20.0,19.435836043286514,0.9717918021643257,1.61319435535034
102,1,obs_1,775976,1,0,0,0,goal,0.8864022935530709,0.7599220273020034,-0.7599220273020034,1.500860333442688,0.4563195573689096,0.8819500429979523,0.9888124568403305,3.1065818356907435,3.817936134338379,226,22.6,0.8452107819799896,11.979813279963173,5.994278587338275,9590.84573974124,12.674231741163466,8.569553337500103,17.218664483686464,0.017699115044247787,7.746778015930582,102.23204324453056,20.0,19.101763672747765,0.9550881836373882,1.3194509254200129
103,1,obs_1,775977,1,0,0,0,goal,1.1655178504405679,0.9724235202668328,-0.9724235202668328,1.9784445762634277,0.6425140908396194,0.35374288248415175,0.9888090853793454,3.042534297709203,5.2391187191009525,221,22.1,0.8652325045350058,11.996258022162507,6.185812635410691,9897.300216657104,19.331046099012546,9.930698907646661,18.7414177928575,0.013574660633484163,8.796826408731842,97.24579036571318,20.0,19.12163835022363,0.9560819175111815,1.4634814679549348
104,1,obs_1,775978,1,0,0,0,goal,1.543483014111495,1.1888352802230708,-1.1888352802230708,2.8069820404052734,0.9843833050939246,0.34061882671998067,0.9888040480596215,2.2003440371815506,2.682567262649536,284,28.400000000000002,0.701578844149332,11.5961747687592,10.81950047529243,17311.200760467887,12.843685120660085,7.492195797511589,21.003787297178324,0.10915492957746478,15.267319972360937,86.22816163481929,20.0,19.924839173841033,0.9962419586920517,1.2579974610066706
105,1,obs_1,775979,1,0,0,0,goal,1.2111354816978184,1.0271110082685482,-1.0271110082685482,1.9328166246414185,0.6417882296528765,0.47782325789961566,0.9888113173199011,2.6842991740819526,5.515919256210328,212,21.200000000000003,0.8967160435161822,12.153066534570963,7.554178518369902,12086.685629391843,21.090897536390763,11.156808475462189,21.1199971316558,0.0330188679245283,7.989942288882539,93.16802796824278,20.0,19.010380122543065,0.9505190061271532,1.7095654751994833
106,1,obs_1,775980,1,0,0,0,goal,1.4470768085981012,1.2501564869547295,-1.2501564869547295,2.178551197052002,0.7287935565765349,1.3549980312804075,0.9888229244369682,1.9471881527845507,5.126440811157226,231,23.1,0.8334992240480269,12.218912491115269,8.072635676746868,12916.217082794989,13.198890763780344,9.080572657117642,19.9784417818119,0.1471861471861472,9.611547038955818,91.74087060705003,20.000000295948876,19.253832075509415,0.962691589530096,1.698256293097656
107,1,obs_1,775981,1,0,0,0,goal,1.335783615836699,1.108922161537878,1.108922161537878,2.324523448944092,0.7447210940935712,0.7028622634553304,0.9888061545690313,2.56965578837028,2.8473249435424806,270,27.0,0.7240525065296215,11.875828166078362,10.813158785137889,17301.05405622062,12.28005894941025,8.568993114976683,22.96889505894096,0.06666666666666667,13.493717885705815,92.80847638296122,20.0,19.549417676299775,0.9774708838149888,1.8409928582982087
108,1,obs_1,775982,1,0,0,0,goal,1.7619108600510471,1.4577571027975371,1.4577571027975371,2.877412796020508,0.9895827949237758,1.219958044048937,0.9887919631466695,1.9555840785341285,9.849359130859375,258,25.8,0.7636012039766906,12.140077965258252,10.055710013538349,16089.136021661358,10.991443850187013,8.984900675977029,20.83069863823033,0.23255813953488372,14.893455942220996,82.4087774633493,20.0,19.700911062598617,0.9850455531299309,1.4421774699531744
109,1,obs_1,775983,1,0,0,0,goal,1.915335797992578,1.569324667304237,1.569324667304237,3.251984119415283,1.0980579709934775,1.4060244634933583,0.9887916578481556,2.0084554731283735,7.79966049194336,270,27.0,0.7363758591314331,12.200755608495738,11.436010027597916,18297.616044156664,11.724045507083595,8.780410333006449,22.105294938440675,0.23703703703703705,15.961736430648704,79.49377521508886,20.0,19.882148196548698,0.994107409827435,1.711342396595088
110,1,obs_1,775984,1,0,0,0,goal,0.7327723182332416,0.6089953781368568,-0.6089953781368568,1.256610631942749,0.4075290170980049,0.5290750148055233,0.9888164621508482,3.5478276549294487,5.927387237548828,193,19.3,0.9808336961445705,12.059193804165242,2.4627855531202383,3940.4568849923817,14.580866197745005,7.563961587164965,11.107972426426842,0.0051813471502590676,5.506602781149727,98.23745587634458,20.00019190257733,18.93009033559021,0.9464954350338398,1.317826902333857
111,1,obs_1,775985,1,0,0,0,goal,0.9074369057723785,0.7577659515936442,-0.7577659515936442,1.480220913887024,0.49923191060180383,0.4935161692038353,0.98885145731885,3.221130710564889,5.695412206649781,188,18.8,1.0046997511784637,12.248350059831555,2.384346813335101,3814.954901336161,15.406345938616257,7.477086815954067,11.015887093987871,0.0,6.1572063955263605,94.48393167673257,20.004365924090685,18.88835532215512,0.9442116482886577,1.500681115227201
112,1,obs_1,775986,1,0,0,0,goal,0.7229392729844327,0.5391715620778716,0.41649965880384954,1.4438751935958862,0.5909054295228103,0.9698448067317121,0.9888057313098428,3.2308258023405068,7.220361328125,260,26.0,0.7441361881604849,11.663434348015402,8.269680403678844,13231.488645886151,10.244785036359513,7.43629009912621,17.740541246074898,0.18846153846153846,11.653361760668542,101.79634566087279,20.00083757917921,19.347540892172606,0.9673365335616404,1.3263938302463794
113,1,obs_1,775987,1,0,0,0,goal,1.7096257866700688,1.3868630655058773,-1.3868630655058773,2.995208978652954,0.9997155435337056,0.38715830832297427,0.9888114188350885,2.5868017508394363,2.1432540893554686,287,28.700000000000003,0.6973451600383606,11.721554297937619,13.27971537366762,21247.544597868193,10.148220066424015,8.386888747047937,23.20591141745604,0.1986062717770035,15.866883545011522,78.55205038213292,20.0,20.01380609310095,1.0006903046550475,1.358431995510187
114,1,obs_1,775988,1,0,0,0,goal,1.0775400608440846,0.9254846669007946,-0.9254846669007946,1.571518898010254,0.5518792567721663,0.5946136276095445,0.9888159354031567,2.459282909077923,8.423035144805908,202,20.200000000000003,0.9384098948399819,12.261327021391049,6.290021271442104,10064.034034307366,15.576577483124993,9.164877123603418,17.93042906587667,0.12376237623762376,6.754215685804247,92.30611642687114,20.0,18.955879875767643,0.9477939937883821,1.7086758858691178
115,1,obs_1,775989,1,0,0,0,goal,0.6527001354538609,0.5622987853469626,-0.5622987853469626,1.065546989440918,0.3314174751258882,0.809559322019429,0.9888056716503517,3.4454141286957776,6.3073145866394045,199,19.900000000000002,0.9463209904756984,12.089308780510372,3.461074671982539,5537.719475172062,12.791160591925031,7.627912558046432,13.802054132049408,0.0,5.401584037986996,99.95247071045334,20.0,18.8317877104664,0.94158938552332,1.417285599156271
116,1,obs_1,775990,1,0,0,0,goal,1.2095152936369453,0.8910948284725799,-0.8910948284725799,2.3014047145843506,0.8178491622610428,0.3784743515798945,0.988800946510784,2.419906628773596,2.576772689819336,278,27.8,0.7056903852369422,11.554848783827058,10.333840998168025,16534.145597068837,11.24440154013651,7.5894781756420375,20.26524830314753,0.12589928057553956,13.350072413702733,91.79866700441934,20.0,19.618192709586992,0.9809096354793496,1.2841819017660228
117,1,obs_1,775991,1,0,0,0,goal,1.0853521560043982,0.9211446920931589,-0.9211446920931589,1.6290169954299927,0.5740050163299926,0.6626531728541559,0.9888164831744152,2.4994747153403,6.277429437637329,196,19.6,0.9648462617753027,12.252750340625834,5.868317787021119,9389.30845923379,19.23969174042726,10.581251609400415,17.87837073358954,0.12244897959183673,6.62228122744436,91.4968375862873,20.0,18.910986730795937,0.9455493365397969,1.6803391802477001
118,1,obs_1,775992,1,0,0,0,goal,0.6441004939263276,0.5175227081269919,-0.5175227081269919,1.1754584312438965,0.38345233452026795,0.4929520320384137,0.9888068323545022,3.8017061653914865,5.608085632324219,194,19.400000000000002,0.9710448803604195,11.948615073476025,1.430347602844797,2288.5561645516755,11.883990134599912,5.6239417376205,8.161945614925365,0.005154639175257732,5.557656786411558,100.43728107699704,20.0,18.83827067899214,0.941913533949607,1.330964598032616
119,1,obs_1,775993,1,0,0,0,goal,0.565995808822431,0.4365220123990661,-0.4365220123990661,1.0814180374145508,0.3602773768856815,0.618197375730036,0.9888051624185917,3.910832299146498,5.798237609863282,189,18.900000000000002,0.9959011613469562,12.096086551849213,0.8869560518289057,1419.1296829262492,8.51570778387658,3.416555368674195,5.566187081513582,0.010582010582010581,4.63606741559142,100.99533619950876,20.0,18.822531949457478,0.9411265974728739,1.3504219188281192
120,1,obs_1,775994,1,0,0,0,goal,0.42373780877478495,0.3154835514497103,-0.12316010662210666,0.9182668924331665,0.4054445938992004,0.6264029330593265,0.9887909426385928,3.1097483012568183,3.6699556350708007,246,24.6,0.7750933911769079,11.650993635707604,5.022628728981636,8036.205966370617,13.05766432869191,7.187288877112234,15.458634227998857,0.012195121951219513,7.582493802234644,114.93327397579091,20.0,19.067297422951935,0.9533648711475967,1.2506811585132689
121,1,obs_1,775995,0,1,0,0,obstacle,0.3678299883026595,0.24471886719327382,0.2423596883159054,1.0378135442733765,0.2766960096823801,0.0,0.9887981322961279,3.554664992407346,2.066732978820801,97,9.700000000000001,0.6890723970801285,11.771392108363665,1.476070044502857,2361.712071204571,14.349660960336525,6.730055614410764,12.162824405222825,0.05154639175257732,6.804189368319677,-983.3695424429641,20.00000020533054,6.6840022516772475,0.3342001091527879,13.486215191483904
122,1,obs_1,775996,0,1,0,0,obstacle,0.7084031033901713,0.5867423555332546,0.5867423555332546,1.019636631011963,0.3969488192652972,0.0,0.9887959697904988,3.3934734426555373,1.5394481658935546,150,15.0,0.8135818452329898,11.769391357470305,3.867970522810561,6188.752836496898,14.386051533206196,8.28967855893921,16.298866625626882,0.02666666666666667,5.8397546355080765,-968.3690433166713,20.0,12.20372767849485,0.6101863839247426,7.973620312711225
123,1,obs_1,775997,1,0,0,0,goal,0.6516343422981152,0.554377417607361,-0.554377417607361,0.9961332082748413,0.34248064895595326,0.8770262397898861,0.988912083256882,3.6236355655330126,6.717314624786377,189,18.900000000000002,0.9988464296816093,12.236968009156131,1.661639219578093,2658.6227513249487,12.269493065615917,5.087360162074553,8.201106255331998,0.0,4.712432711265151,99.3269745455377,20.071706006875978,18.878197520982418,0.9405377656744923,1.5948685502351325
124,1,obs_1,775998,0,1,0,0,obstacle,0.44535288706806364,0.34657097202491205,0.31865932017216364,0.7762948274612427,0.3111196420788536,0.0,0.9888464813904037,3.3521954152346423,0.3703227162361145,139,13.9,0.6974495189913474,11.566772243852238,5.493514171460362,8789.622674336577,11.323071044424307,6.837983434291473,22.86194581136429,0.12949640287769784,9.203116547127145,-970.8233540951232,20.017654892076088,9.694548313979729,0.4842999025733668,10.551851366083694
125,1,obs_1,775999,1,0,0,0,goal,1.1547377164158787,0.8639709997237175,0.8639709997237175,2.125469207763672,0.7661418310924933,0.4195657247930178,0.9887962422983225,3.0501008805220557,5.415601587295532,259,25.900000000000002,0.7524778925844686,11.939716178265806,9.259398836184307,14815.03813789489,12.840705232102742,8.505700803719213,19.717186593871318,0.19305019305019305,12.735372928748918,93.34667409721223,20.0,19.48917741793774,0.974458870896887,1.3208484041496793
126,1,obs_1,776000,1,0,0,0,goal,1.1952015533649563,0.9512611277775783,-0.9512611277775783,2.120622158050537,0.7236083332475755,0.4304097088106687,0.9888085883386183,3.2308234927886614,2.991081953048706,232,23.200000000000003,0.8308965086808877,12.095090150114567,5.314007015516271,8502.411224826034,16.618564028244514,7.8372396052223365,15.146733454332269,0.05603448275862069,10.358178633415756,95.69205536859718,20.0,19.276799001396597,0.9638399500698298,1.4397888479987297
127,1,obs_1,776001,1,0,0,0,goal,0.8874271780304449,0.7442239097693992,-0.7442239097693992,1.4517568349838257,0.4833815971203579,0.46905886559898663,0.9888110565496981,3.146294305090888,5.816998529434205,194,19.400000000000002,0.9717769883126847,12.125876532061044,3.8739765475149532,6198.362476023925,17.45132408611515,9.169553238431153,14.291646277781615,0.005154639175257732,6.216199363810427,95.20459997054351,20.0,18.85247357326608,0.9426236786633041,1.5034417184074473
128,1,obs_1,776002,1,0,0,0,goal,0.937326556902266,0.7955657255608971,-0.7955657255608971,1.4864343404769897,0.49563721670897615,0.49617237177452866,0.988834793303016,3.079478991261055,5.8598579406738285,195,19.5,0.9668844065711195,12.197259105698993,4.4577254856683215,7132.360777069314,18.630712056897348,9.812198478109366,16.12288231268907,0.0,6.228554297419519,94.52761862417682,20.001542628545202,18.854245928136834,0.9426395892699294,1.6427829147632482
129,1,obs_1,776003,1,0,0,0,goal,1.287282854143916,1.1111106550586523,-1.1111106550586523,1.9739261865615845,0.6500232755740671,0.9791415940346951,0.98881726183605,2.3374955039208762,5.638799571990967,226,22.6,0.8485388795583316,12.194659617074263,7.815100059645559,12504.160095432895,14.323386669158934,8.95052640514549,20.102558282360565,0.13716814159292035,9.034559246658842,93.91813728929752,20.0,19.176978678018298,0.9588489339009149,1.5988386418804723
130,1,obs_1,776004,1,0,0,0,goal,0.8784904403311916,0.6466980238102447,0.6394193152730124,1.7095067501068115,0.6024021854285413,0.6060861335523825,0.9887990852238432,3.3191093644977103,4.119476413726806,265,26.5,0.7307080528770399,11.679547360043902,9.042252792616459,14467.604468186337,11.074077270247718,7.739515715719333,20.068349127499562,0.15471698113207547,11.924911775965708,100.80842302998093,20.0,19.363763401241556,0.9681881700620778,1.506284695731422
131,1,obs_1,776005,0,1,0,0,obstacle,0.5384045254629628,0.4325088585815015,-0.3967967267790054,0.8218316435813904,0.36391178966401383,0.0,0.9886797178591135,3.04889926230081,0.09102846086025237,148,14.8,0.823466570987781,11.964855653642854,3.953120157824371,6324.992252518994,17.348235663102596,8.631161899631183,15.73377349288077,0.0,5.414141764938373,-968.9817538105477,20.06391982332295,12.187305250619158,0.6074239409814746,7.990685255401242
132,1,obs_1,776006,1,0,0,0,goal,1.1476967133773117,1.0031762805271718,1.0031762805271718,1.63082754611969,0.5575348384493588,0.18317010007954693,0.9887808709541772,2.6692243111840543,4.637600302696228,233,23.3,0.8169745199575584,11.717727142194278,8.097076610013207,12955.322576021132,11.783983044583222,8.670709606849648,20.26016112305064,0.18025751072961374,8.753226391775472,96.55074290725403,20.001766182030075,19.03550631501111,0.95169127274935,1.9316251287649149
133,1,obs_1,776007,1,0,0,0,goal,0.8954958992945756,0.7543636529913379,-0.7543636529913379,1.3897618055343628,0.48254366092506595,0.8920008412377047,0.9889065595684868,3.013029083322545,7.281900787353516,180,18.0,1.050627223161247,12.462797067578261,1.4440511239287863,2310.481798286058,12.11412495740965,5.748541507606127,9.072324004438189,0.0,5.277902573320897,93.07757446412454,20.03020741136064,18.91129001690245,0.9441385018397979,1.6332275748126768
134,1,obs_1,776008,0,1,0,0,obstacle,0.3613434454330642,0.2857621790092726,0.1417811072826848,0.9615041017532349,0.3323660680261053,0.0,0.9887958999789926,2.6070469774940843,1.7523464202880858,149,14.9,0.7215908062675914,11.998690759944386,5.294505017850788,8471.208028561261,12.165268530716766,8.697725076227524,20.505086459569483,0.174496644295302,10.72727914249514,-970.3312622189889,20.0,10.751703013387115,0.5375851506693557,9.70939792755923
135,1,obs_1,776009,1,0,0,0,goal,0.9289582938761939,0.7196185366423041,-0.4021313962561113,1.7878098487854004,0.8374090111208975,0.04229296922041014,0.988846037545404,2.071350815991133,4.185931277275086,270,27.0,0.7297779738858955,11.54554851990607,10.290794317463654,16465.270907941846,16.97738336807733,9.983283702188686,22.13333608706792,0.08148148148148149,14.671559792282698,95.94302089730661,20.016483962604028,19.70400529491918,0.9843889332278017,1.2631884077251807
136,1,obs_1,776010,1,0,0,0,goal,0.8274700111047196,0.5712036833299102,-0.5650256890179125,1.6732838153839111,0.6045267488105699,0.3870516795472838,0.9887988143387344,2.8248632125734563,2.716363000869751,261,26.1,0.7407699350494921,11.608278103279828,7.2568028938626785,11610.884630180284,13.575974645522923,7.071228226340128,17.453285687499577,0.02681992337164751,10.205170370420788,102.91298924790141,20.0,19.334095304791745,0.9667047652395873,1.2255116857178792
137,1,obs_1,776011,1,0,0,0,goal,1.2232032557097323,0.9261450414752794,-0.9261450414752794,2.287531852722168,0.7990504157621359,0.2093133414862935,0.988803465008321,2.5108197851920337,2.9691951274871826,270,27.0,0.7222336643952683,11.60637715810703,8.46252860658677,13540.045770538833,12.86460108030241,7.255347175178009,18.501697285307777,0.05555555555555555,12.723239780496069,92.60085812279374,20.0,19.50030893867224,0.9750154469336121,1.3097626578586614
138,1,obs_1,776012,0,1,0,0,obstacle,0.48242425099411146,0.3428464715858793,-0.3428464715858793,1.3679993152618408,0.3393957201679809,0.0,0.988805695008329,3.3378384806704835,1.6980997323989868,145,14.5,0.8725420224676327,12.320591748300297,2.594323816826434,4150.918106922295,12.108283696903124,6.725638018599219,11.477666762368433,0.11724137931034483,5.430883908240985,-965.6327251950997,20.0,12.651859325780675,0.6325929662890337,7.620053048276848
139,1,obs_1,776013,0,1,0,0,obstacle,1.1862409577748763,0.9498890568476086,0.924560321429535,1.8914358615875244,0.7432064463799885,0.0,0.9888724973002977,1.9889896567255647,0.44379897117614747,178,17.8,0.7028729420402908,11.507722637694581,6.312764435877641,10100.423097404228,10.03292699654897,7.239174636820948,20.391866621676456,0.19662921348314608,13.279103995721686,-969.4644109152568,20.060034585202384,12.511138368317177,0.6236847855459943,8.108907269173727
140,1,obs_1,776014,0,1,0,0,obstacle,0.3190113606936362,0.21273131573922,-0.21273131573922,0.9237173795700073,0.23772596735625146,0.0,0.9888024182672851,3.5472154186623603,0.8114929437637329,100,10.0,0.725201806510516,12.186053000790999,1.763798959832601,2822.0783357321616,12.22117744913005,4.813537242108032,11.79126638174057,0.12,5.420098030793709,-980.8815102257773,20.0,7.252018065105163,0.3626009032552581,12.87817102006989
141,1,obs_1,776015,0,1,0,0,obstacle,0.4598771495014691,0.34997367394442846,0.06023579907110509,1.263649344444275,0.4559151688021161,0.0,0.9887945050970386,2.6821024657164267,4.605333423614502,153,15.3,0.7431011726895219,11.900821859437023,3.5079546430913866,5612.727428946218,14.851194541705281,7.64511009864747,16.689949855695364,0.0,10.552032015271593,-968.0101254552243,20.0,11.369447942149685,0.5684723971074843,9.10077833027135
142,1,obs_1,776016,1,0,0,0,goal,1.5439881277905982,1.1304838053277102,-1.087195150299256,2.8115298748016357,1.0963147558635224,0.04608781560620285,0.9887786744669904,1.3923571193640356,2.029992771148682,274,27.400000000000002,0.7298303589464502,11.515129082346757,9.580048965172528,15328.078344276044,11.186783097602508,7.149603465841452,18.89386108865703,0.21532846715328466,16.18077836376185,85.08324052721349,20.00181448888546,19.997351835132736,0.9997768875541164,1.31612626876704
143,1,obs_1,776017,1,0,0,0,goal,0.9808649640017383,0.8064715009203771,0.7971866312561319,1.5759875774383545,0.5714801418707665,1.2990851540505448,0.9887943272333035,2.939271842128968,10.590491485595702,243,24.3,0.7922939605759606,11.830225028821992,9.210606160066439,14736.969856106298,12.86764125193446,9.479057092964116,21.37454184362427,0.18930041152263374,10.363684657640437,97.85254394346109,20.0,19.252743241995844,0.9626371620997922,1.243255142284078
144,1,obs_1,776018,1,0,0,0,goal,1.4316471717973727,1.1004502153885376,1.0762620440306128,2.47505521774292,0.9440728981887272,0.8934077660293531,0.988870648128082,2.03019716361134,9.522116565704346,266,26.6,0.744831342721533,12.065651375471257,11.768922358561326,18830.275773698122,10.604730709543768,7.945462550020255,22.988254153414776,0.2781954887218045,15.318872795179178,89.10073998487263,20.056351645906588,19.812513716392775,0.9878423586792476,1.2613704762846476
145,1,obs_1,776019,1,0,0,0,goal,0.86181825596286,0.743705285123199,-0.743705285123199,1.254240870475769,0.4354688911859112,1.092424983752457,0.988811590821347,2.6610315608206325,9.205731964111328,194,19.400000000000002,0.9713648633288343,12.228188975954179,4.529723101931676,7247.556963090683,13.148959807163694,8.600925282176156,15.107968789093274,0.0,5.136992280705901,94.680254052653,20.0,18.844478348579386,0.9422239174289693,1.5833623565586368
146,1,obs_1,776020,0,1,0,0,obstacle,0.12326555273858708,0.0990637935627299,0.0990637935627299,0.2695768475532532,0.07335367268862701,0.0,0.9887921343295087,3.9683072930553207,0.35951837301254275,79,7.9,0.6388473529151028,11.81990328350965,1.2205019252551645,1952.8030804082628,7.25217553285452,5.138161513817514,10.097517340998106,0.10126582278481013,2.1940429857584896,-987.9806462281238,20.0,5.046894088029313,0.2523447044014656,14.963912682599572
147,1,obs_1,776021,1,0,0,0,goal,0.6738948679579108,0.5452267330293352,0.03972182573562258,1.0923867225646973,0.6727231745824124,0.4475776430072087,0.9887244832612407,2.5308738334972603,2.83431134223938,267,26.700000000000003,0.7245469068245562,11.443698823786853,6.918080055760374,11068.928089216595,9.854586175958016,5.768590115949414,17.548120096604922,0.0449438202247191,11.499365118146276,105.06215516146082,20.042295438620663,19.34540241221565,0.9652288816648151,1.4403657917998047
148,1,obs_1,776022,1,0,0,0,goal,1.0009763510197731,0.8169188476597748,0.8116600628994615,1.711113452911377,0.5857999638058218,0.7913482763628416,0.9887936663250219,3.216319766442659,5.584159851074219,249,24.900000000000002,0.7737360546246794,11.852262926231845,9.935374644983185,15896.599431973094,13.195972240740252,9.584759505942552,21.572606968113696,0.21686746987951808,10.78163172082025,95.682691398451,20.0,19.266027760154522,0.9633013880077261,1.2733155643767649
149,1,obs_1,776023,1,0,0,0,goal,1.3762057487997172,1.146549467851195,-1.146549467851195,2.1661555767059326,0.7611613369053454,0.47183017784588827,0.9888155207951493,2.2501084969146654,5.5294611930847175,199,19.900000000000002,0.9583251253828374,12.4061997629206,5.691916015373336,9107.065624597339,17.6305903027756,8.783355281699968,17.034446290090454,0.135678391959799,8.54975460679651,87.98969857656101,20.0,19.070669995118465,0.9535334997559233,1.864058065630999
150,1,obs_1,776024,1,0,0,0,goal,1.647285368941765,1.3774785274837544,1.3774785274837544,2.784027576446533,0.9033836355894402,2.149120847262419,0.9887876594363593,1.9798401493182443,7.314521312713623,266,26.6,0.7403097854275397,12.077553371625735,10.511888840448727,16819.02214471796,11.999972631346504,8.648499860491787,21.84664813759632,0.16165413533834586,14.21895403175386,86.15656538997803,20.0,19.692240292372553,0.9846120146186277,1.8887555600271115
151,1,obs_1,776025,1,0,0,0,goal,0.761921653012512,0.5495265301527551,0.4852068057987387,1.5522346496582031,0.5874512413263793,0.10897605884584177,0.9887981153952348,3.0810853353839462,2.3512503623962404,272,27.200000000000003,0.7124120952652695,11.568856132987147,11.125619625047749,17800.991400076397,10.70936064878513,8.118793674853988,22.394650443730985,0.22058823529411764,11.60739531811613,103.83789086616466,20.0,19.377608991215332,0.9688804495607666,1.4004213212067576
152,1,obs_1,776026,1,0,0,0,goal,1.0560118109868089,0.8806724460885071,-0.8806724460885071,1.7221906185150146,0.5827323464886129,0.38989862950691745,0.9888103005482507,2.7961818075707434,5.203852605819702,195,19.5,0.9725724823298941,12.270100907422602,3.863896804020029,6182.234886432047,17.828190910447503,8.736874799240049,13.787303271966103,0.0,7.122276669303931,92.88889043536199,20.0,18.96516340543294,0.9482581702716469,1.556748171248162
153,1,obs_1,776027,1,0,0,0,goal,1.0888533700032004,0.9075056650006855,-0.887767489938319,1.7486947774887085,0.6304526510182532,0.29506608799348744,0.9887005067845444,2.507111091186169,3.7441280841827393,213,21.3,0.8955434239276887,12.085024481127695,6.966893815597034,11147.030104955253,18.998908378043264,9.64055907964485,17.930357523367437,0.17370892018779344,8.676878323201286,93.93056260338957,20.04165193723282,19.07507492965977,0.9517715899567455,1.4788603398649498
154,1,obs_1,776028,0,1,0,0,obstacle,1.2880871779391165,1.0673707723321895,1.0673707723321895,2.006077527999878,0.7210327401319184,0.0,0.9887925076678724,2.2423703673688973,1.5544929027557373,189,18.900000000000002,0.7964482076828407,11.785805692009273,5.945618804590859,9512.990087345373,12.749463747790518,8.698325503220286,18.35570523978541,0.18518518518518517,10.582621121724856,-965.7624507919878,20.0,15.052871125205687,0.7526435562602843,5.45972060614535
155,1,obs_1,776029,1,0,0,0,goal,1.2657686048311667,1.0621357660765123,-1.0621357660765123,1.9058688879013062,0.6885040126225109,0.5551176153798065,0.9888470667986495,2.2999159243277436,6.496508312225342,190,19.0,0.997113715655795,12.412234026404391,4.797909242151997,7676.654787443197,18.506965372297497,9.214017495154975,15.239591440087871,0.11578947368421053,7.609218776375982,88.08685177352416,20.00276484459834,18.945160597460106,0.9471270969111135,1.8177152881452427
156,1,obs_1,776030,1,0,0,0,goal,0.7300274548838329,0.5922366029579317,-0.5922366029579317,1.3028860092163086,0.4268441062039114,0.49111172544817133,0.9888078112236761,3.6503547789028463,5.151361560821533,194,19.400000000000002,0.9749293560743625,12.124676758005792,1.5073121311944409,2411.6994099111057,11.580699095454241,4.671478243502006,8.62612572988284,0.0,5.567691531794297,99.32295541840904,20.0,18.913629507842632,0.9456814753921317,1.3611674615641531
157,1,obs_1,776031,1,0,0,0,goal,0.6171224330106041,0.42316825613596526,-0.3638579155233594,1.2937461137771606,0.49844509691231137,0.17830580516806996,0.9888024933693207,3.00461202131257,3.3892186164855955,236,23.6,0.8072389004336065,11.598776739165661,3.5986334915345797,5757.813586455326,11.334752858953271,5.635488362056337,12.399244559770924,0.0211864406779661,7.864689971178654,110.03266043262548,20.0,19.050838050233118,0.9525419025116559,1.2996255190000627
158,1,obs_1,776032,0,1,0,0,obstacle,0.1626631155571658,0.14158397401887468,-0.14158397401887468,0.34517809748649597,0.08008287871815357,0.0,0.9889124690681519,4.2156324054177725,0.16200782358646393,82,8.200000000000001,0.6850277879043332,12.173279604352102,0.8337345994608945,1333.975359137431,11.655237866036684,5.035693682594015,9.223330264411322,0.036585365853658534,3.735938521698235,-985.5157582936189,20.08945257268814,5.617227860815532,0.2796107977801358,14.488505057567247
159,1,obs_1,776033,1,0,0,0,goal,1.5191301083586075,1.2789566430075485,1.2789566430075485,2.5564682483673096,0.8197720362567251,1.0636281842212854,0.9887751850066149,2.6456352279470483,5.1936932563781735,253,25.3,0.7685151018007828,12.041891194419868,8.520977597168272,13633.564155469236,12.342532239263019,8.427682492754517,19.56571408646851,0.09486166007905138,12.93536587150801,89.52405002442566,20.011115234415982,19.443432075559805,0.9716316081234767,1.8988786633559671
160,1,obs_1,776034,1,0,0,0,goal,0.5495386142204416,0.45187659508083017,-0.00957191245785604,0.9258090257644653,0.5494552456854175,0.5637447425404281,0.9887208188713723,3.032693974344304,3.916938066482544,240,24.0,0.7972621171871156,11.59489018773893,3.8555663131713724,6168.906101074195,10.331708392338772,5.8071378990049,13.825389448553324,0.029166666666666667,9.172121927411592,108.98944890410075,20.041269597622698,19.134290812490775,0.9547444446713341,1.3608003876048678
161,1,obs_1,776035,1,0,0,0,goal,1.6207730531496594,1.3516415239890176,1.3516415239890176,2.463550090789795,0.8944106889146137,0.7801264965925863,0.9887903141900461,1.9804817351948003,11.073989105224609,223,22.3,0.868341459773948,12.048883959692757,5.718781238521683,9150.049981634693,10.701196687715548,7.253510903915419,16.16097043982536,0.14798206278026907,12.266246129540875,86.73455332553715,20.0000279249256,19.36401455295904,0.9681993758031753,1.4821046286482153
162,1,obs_1,776036,1,0,0,0,goal,0.6914929357118333,0.5789622364240021,-0.5789622364240021,1.132468819618225,0.378107403966502,0.9921066848620478,0.9888824304837595,3.535029432774446,6.923702239990234,183,18.3,1.032826650204089,12.27936158894149,1.1811711173244925,1889.873787719188,11.644569628841275,5.388249178297871,8.066805164670683,0.0,4.4992733366810524,97.24476636796535,20.01809640479072,18.90072769873483,0.9441820698900979,1.3993063060169169
163,1,obs_1,776037,1,0,0,0,goal,0.8953737985905068,0.7585670342668891,-0.7585670342668891,1.3393789529800415,0.4756787715737686,0.8137589885369385,0.9889186027877731,3.18761569327544,6.478077697753907,182,18.2,1.0379217369021323,12.431846830952953,1.5793419791959888,2526.947166713582,13.243014278991447,6.2909112593948375,9.89609535087596,0.0,5.156072831403855,93.53585198600327,20.044021639488623,18.89017561161881,0.9424344051995721,1.7123149687514154
164,1,obs_1,776038,1,0,0,0,goal,0.6569814127206891,0.5427682884831646,-0.04193959097096393,1.1381111145019531,0.6556414015066931,0.6728383511419574,0.988708001849325,2.871156084420921,3.2090688228607176,258,25.8,0.7499887036837011,11.566982143623537,6.293756794482092,10070.010871171347,12.338369644105667,6.795111531331251,17.078194924334223,0.023255813953488372,10.873828009129944,103.24636253062633,20.083375712172696,19.349708555039488,0.9634689323325,1.3941534413419356
165,1,obs_1,776039,1,0,0,0,goal,0.9063915344496801,0.7910401629141561,-0.7910401629141561,1.425687551498413,0.442494151801796,0.8330331688265492,0.9888303992832864,2.9611151401931584,3.3143773078918457,219,21.900000000000002,0.8663566004433249,12.061076478369229,5.862186625901592,9379.498601442547,12.674367318459607,8.509131405082684,17.44409914838669,0.0228310502283105,7.132317356218002,100.1538863905715,20.000657570771438,18.97320954970882,0.948629287940807,1.4627224346649448
166,1,obs_1,776040,1,0,0,0,goal,1.1342450323540818,0.8980717051628522,0.8980717051628522,2.0723564624786377,0.6928051716072845,0.8057801904962085,0.9888005097898878,3.089940439078764,5.691122722625733,262,26.200000000000003,0.7406865475947048,11.836710744217493,9.37341631397335,14997.46610235736,11.816393095871497,8.283072940716195,19.818843697546093,0.1450381679389313,12.662715945093158,94.2957672833129,20.0,19.405987546981265,0.9702993773490632,1.6023135530989494
167,1,obs_1,776041,1,0,0,0,goal,0.6147556181407766,0.4753104671617279,-0.4635287128747419,1.1801717281341553,0.4038138214280604,0.14085356892246936,0.9887835394672049,3.7246705157449203,5.647065162658691,213,21.3,0.8903483942246897,11.870637706638327,3.3993417295063555,5438.946767210169,13.726961134739641,7.416912976271746,13.262782599164847,0.018779342723004695,6.804932566661903,105.2666717184411,20.00170968738705,18.96442079698589,0.9481399887003027,1.296312668722979
168,1,obs_1,776042,0,1,0,0,obstacle,0.739593095555858,0.6086339512317537,0.6086339512317537,1.145691990852356,0.4201935987160202,0.0,0.9887939275354714,3.1784171927518514,0.23816234171390532,156,15.600000000000001,0.7978040095050084,11.621132555166977,4.634167731436875,7414.668370299001,9.295187573279103,7.042463387888853,17.966058764320152,0.17307692307692307,8.08413128368221,-966.7867107822063,20.0,12.445742548278131,0.6222871274139066,7.771957531534905
169,1,obs_1,776043,1,0,0,0,goal,1.0730693354423915,0.8058976478641853,-0.6167524481151143,2.0430796146392822,0.8781197050577948,0.08747300462013816,0.9886978673611866,2.088218214408446,4.78272590637207,272,27.200000000000003,0.7222372990029098,11.350408049440697,8.451881148480343,13523.009837568548,12.854298476363459,7.035421785840864,19.60123205119196,0.08455882352941177,14.456014949308917,90.75080901486373,20.058957352725876,19.644854532879144,0.9793557156254455,1.4526425340624984
170,1,obs_1,776044,1,0,0,0,goal,1.1002831450161363,0.831203433878557,-0.831203433878557,2.0445303916931152,0.7209187545868782,0.14202919526415042,0.9888047921894465,2.7361427503331344,2.9472540855407714,246,24.6,0.7836240064055882,11.661424033934386,5.610426923468847,8976.683077550153,15.476066153876635,6.938632558244706,15.086992065596387,0.032520325203252036,10.87731158750784,96.21869846075249,20.0,19.27715055757747,0.9638575278788736,1.3165544419015767
171,1,obs_1,776045,1,0,0,0,goal,0.7247643968441357,0.5889026995677993,-0.5671185175273216,1.3186681270599365,0.4512870682951782,0.19183833122827096,0.9887012739668443,3.2957151967995597,4.044503879547119,212,21.200000000000003,0.8999627213273196,11.830199530225176,4.127461072382398,6603.937715811837,15.719286906775704,8.030184147312918,13.565887908609408,0.018867924528301886,7.747314802230522,101.44306507092864,20.039596462305713,19.07920969213918,0.9520755434385612,1.245686328228953
172,1,obs_1,776046,1,0,0,0,goal,1.2310708016629115,1.0621482017863122,1.0621482017863122,1.9686996936798096,0.6223957873805601,0.7107852100237978,0.988772593074111,2.6835075750111805,5.610860204696655,248,24.8,0.7821580998815223,11.819358767915308,9.16891880015432,14670.270080246908,13.419750441423794,9.495462749547357,20.985943818044277,0.13709677419354838,11.764061222423859,89.94883604377554,20.005508633605583,19.39752087706175,0.9696089828217352,1.3275241057234444
173,1,obs_1,776047,1,0,0,0,goal,0.7344116729099351,0.5417032807341052,-0.382635430661991,1.4798370599746704,0.6268577450334982,0.8548268272083195,0.9887153757987197,3.1563956136641647,4.4057008743286135,252,25.200000000000003,0.7676727251958825,11.595342298326571,7.176833755954892,11482.934009527826,12.171805047418966,7.931745577986473,17.981004500909457,0.05555555555555555,10.444308402611364,105.29353045675293,20.055651505362597,19.345352674936244,0.9645836072572148,1.2905762600112618
174,1,obs_1,776048,1,0,0,0,goal,0.43336645155932657,0.3404824596277012,-0.1911151228389903,0.8886980414390564,0.3889492141133079,0.7199147031088611,0.9887978667669123,3.3536218078489446,5.591171503067017,214,21.400000000000002,0.8864640606625801,11.777020719990343,3.3432245891866956,5349.159342698713,16.101569524953064,7.414272777718597,12.39837191093748,0.014018691588785047,6.743934473360906,109.35495210603187,20.0,18.970330898179217,0.9485165449089609,1.2506565448856088
175,1,obs_1,776049,1,0,0,0,goal,1.0028485691113775,0.8143723396774457,0.8143723396774457,1.8029831647872925,0.5852375115600678,0.5096816819649077,0.9887284825253523,3.2142766727894783,5.177977752685547,245,24.5,0.7864970025906738,11.791406218114556,7.431623390523862,11890.59742483818,11.928769091113669,8.420791202830976,17.82414209234471,0.11020408163265306,10.531382325791517,94.84469986472243,20.02676431289102,19.26917656347151,0.9621712355733942,1.2736018419479476
176,1,obs_1,776050,1,0,0,0,goal,0.7988804658414898,0.6784227581409598,-0.6784227581409598,1.235101580619812,0.42184423658446313,0.948114237536583,0.9888093050225697,2.9641624078109534,6.9384846687316895,187,18.7,1.0066851159343597,12.270222971176002,2.755791870616203,4409.266992985925,12.973472508051062,6.7161504282250295,11.734354491221076,0.0,4.9300872084899625,94.82335854902144,20.0,18.825011667972525,0.9412505833986262,1.5218036667216746
177,1,obs_1,776051,1,0,0,0,goal,1.0588114777459725,0.73561443349202,-0.6421712465271161,2.1077804565429688,0.8418419302579433,0.38737322052300743,0.9887989917598135,2.0659598335516502,3.0287538528442384,290,29.0,0.6792170561125617,11.429288149294283,10.627864628566584,17004.583405706533,11.601170371560489,7.6542381889884465,20.48746426968739,0.1206896551724138,14.19865128885232,94.12643086498056,20.0,19.697294627264288,0.9848647313632144,1.320332178812774
178,1,obs_1,776052,1,0,0,0,goal,1.0340951981458653,0.8458748001989949,-0.8458748001989949,1.8377063274383545,0.5948518313131825,0.057655140743747973,0.9888063374778625,3.414204366124297,5.050066661834717,230,23.0,0.8314919884184863,11.933186955932204,4.78960722478165,7663.371559650639,14.912480037805814,7.199143765844636,15.986079440168712,0.013043478260869565,8.99066676578338,101.32777807525974,20.0,19.124315733625185,0.9562157866812593,1.3891447924090468
179,1,obs_1,776053,1,0,0,0,goal,0.7253889455687211,0.6159360750026133,-0.6159360750026133,1.1686733961105347,0.3831603761660074,0.9891884439993784,0.9888086035526106,3.2077255281650032,6.388236474990845,191,19.1,0.9837344790685698,12.140970747332766,2.780590956452921,4448.945530324672,13.86952309232009,7.602624010835031,12.547373688969937,0.0,4.83594793583253,97.03805217360673,20.0,18.78932855020968,0.939466427510484,1.488453475232335
180,1,obs_1,776054,0,1,0,0,obstacle,0.12781495651121916,0.11471684990366074,0.10341606896624646,0.20625758171081543,0.07511178194886207,0.0,0.9887108916492328,3.32621660666753,1.4337935209274293,88,8.8,0.6185080431787603,11.618402588297613,2.4686026547981483,3949.7642476770366,13.93302696189661,6.27263619658357,14.966949695213275,0.20454545454545456,5.221455966182717,-986.5948401325581,20.08130017113319,5.442870779973091,0.27104175195773433,14.677082914084272
181,1,obs_1,776055,0,1,0,0,obstacle,0.6855400678641852,0.558430105421411,0.558430105421411,1.1028040647506714,0.3976443159486422,0.0,0.9887938348241572,3.2000996128336876,0.12469387650489808,159,15.9,0.7990513486018985,11.57342391195795,3.8071083452002172,6091.373352320348,11.41963118239294,6.464384149733535,15.099226980464264,0.11949685534591195,8.31560027626386,-965.3845696973967,20.0,12.704916442770188,0.6352458221385093,7.51485256872218
182,1,obs_1,776056,1,0,0,0,goal,1.291326387107944,0.9402029457486716,-0.9222543344537868,2.4139301776885986,0.9038643596372513,0.09674153868990645,0.9888244125943801,2.106273707060133,3.050379753112793,273,27.3,0.7204842735283514,11.540227451494761,8.85774117683196,14172.385882931136,13.566900066593114,7.610334673877733,19.023597850686027,0.09523809523809523,13.677738341676895,90.66203555627635,20.001749568574617,19.669220667323998,0.9833750092655361,1.2865858702221955
183,1,obs_1,776057,1,0,0,0,goal,0.8966324109462972,0.666872434919399,0.666872434919399,1.7363672256469727,0.599358687184929,0.586577251504885,0.9887994120680775,3.337556531601467,3.8553842067718507,266,26.6,0.7294165599299148,11.677396440454864,9.34177076357431,14946.833221718894,11.295766605521148,7.856348129255417,20.556119931371587,0.15413533834586465,11.91980359390549,100.8655592508631,20.0,19.40248049413573,0.9701240247067865,1.4932081781700524
184,1,obs_1,776058,1,0,0,0,goal,0.5297536904265313,0.43271574047512484,-0.1151484801706274,1.0006513595581055,0.5170878068905935,0.39327568594443113,0.9888165659730371,2.9091856396873146,5.089775085449219,236,23.6,0.8110645480919214,11.69732032170898,6.274601996608486,10039.363194573578,16.96102497425485,9.18795584887773,17.86662794397039,0.038135593220338986,10.060668490100696,109.96439675971627,20.003211995010307,19.141123334969343,0.956902488447555,1.3074890934886005
185,1,obs_1,776059,1,0,0,0,goal,1.1582291590588714,0.9832109123798439,-0.9832109123798439,1.6946256160736084,0.6122018349134667,0.7373862280554855,0.9888177568249038,2.2899946737800807,6.503692626953125,197,19.700000000000003,0.9661546617253008,12.287843111089341,6.069909905320937,9711.8558485135,18.939019557164638,10.393724125157263,17.860796719335664,0.1218274111675127,6.942262362907183,90.45649962223442,20.0,19.03324683598843,0.9516623417994214,1.631228567028614
186,1,obs_1,776060,1,0,0,0,goal,1.3922675326298377,1.1579072055294468,1.1579072055294468,2.392547130584717,0.7730845916186428,1.9852375077033875,0.9887930321585092,2.3612473254430313,8.432779693603516,261,26.1,0.7475972443192314,11.96974303040268,10.06314320885043,16101.029134160688,12.442703178295721,8.909877284256861,21.222392353746628,0.19157088122605365,13.068898071064625,90.27461212712133,20.0,19.512288076731938,0.9756144038365969,1.7308487806171888
187,1,obs_1,776061,1,0,0,0,goal,1.0097009097301466,0.8281178033860926,0.8281178033860926,1.8120471239089966,0.5776822922895235,0.25355789617701147,0.9887455501721428,3.2913687391632127,3.2830671310424804,262,26.200000000000003,0.7391468269647045,11.754885988768532,8.340629886760869,13345.007818817392,13.2861556906353,8.089378955220596,18.85293469970463,0.14122137404580154,11.62516509318697,96.67162538207387,20.046833595848383,19.36564686647526,0.9660202332644595,1.773218591765114
188,1,obs_1,776062,1,0,0,0,goal,0.9449294394830512,0.6558573469830056,-0.632656488791798,1.8786109685897827,0.7018813381130652,0.12930244718540068,0.9887928363695206,2.5603862155942654,1.7236423015594482,270,27.0,0.718490919031132,11.52018080237839,9.392559445504238,15028.095112806783,9.877566976618146,7.842732732429145,19.469488986112452,0.14814814814814814,11.717140495261546,97.69117831829288,20.0,19.39925481384057,0.9699627406920286,1.3141519542881788
189,1,obs_1,776063,1,0,0,0,goal,1.1376942533047705,0.8443666263307078,0.8069667908059659,2.072970390319824,0.8019680869829047,1.0269475681774083,0.9888624348033567,2.499182125886609,8.747283935546875,264,26.400000000000002,0.7414023429918143,11.916945067721166,10.858215677622628,17373.145084196207,12.375772316646213,8.728660099102656,21.552227341541737,0.24621212121212122,13.63640447936514,95.04378423542738,20.039459569503663,19.5730218549839,0.9767240372475117,1.2847900396191212
190,1,obs_1,776064,1,0,0,0,goal,0.6748999295042385,0.556367125777748,-0.556367125777748,1.1607680320739746,0.3820281877016848,0.7597598070499385,0.9888392411343284,3.66242212387659,6.31907753944397,186,18.6,1.0103853157126588,12.163374417221114,1.2296493208598767,1967.438913375803,12.361265130945153,5.260361204783742,7.704560338489471,0.0,4.907854078246239,98.00181985220783,20.002838057759114,18.793166872255455,0.9395250222988019,1.4187138622106252
191,1,obs_1,776065,1,0,0,0,goal,0.8961789235932405,0.7149597092739073,-0.7048596726527429,1.6221219301223755,0.5534523511203174,0.23204837003602136,0.9887932135213915,3.5728838585621014,3.620649528503418,211,21.1,0.9025854446885426,11.862992157943335,2.9419078504647156,4707.052560743544,16.34801081248692,7.368312949554278,12.16010012332862,0.014218009478672985,8.280589048219722,100.73309304341385,20.000677057701594,19.04455288292825,0.9521954095846384,1.273370219711246
192,1,obs_1,776066,1,0,0,0,goal,0.7892714685801965,0.647656976147155,-0.647656976147155,1.3911560773849487,0.4510985395261923,0.36214416559254065,0.9888075753604059,3.563269535965013,5.026981067657471,198,19.8,0.9564404656410076,11.994077160841588,2.115710075701974,3385.1361211231606,13.75331709227586,6.725160433290288,10.291644224915842,0.0,6.554398075875747,98.94232181985264,20.0,18.93752121969195,0.9468760609845974,1.3047754898980728
193,1,obs_1,776067,0,1,0,0,obstacle,0.10441784523962978,0.08980409353971482,0.08980409353971482,0.18939554691314697,0.05327580302536441,0.0,0.9887988265952716,4.263276804678789,0.1415969729423523,90,9.0,0.6885392842308041,11.766364312792819,1.395958725866186,2233.5339613858973,5.57113912668121,4.470988974858891,10.190539439519247,0.12222222222222222,1.5741019552228173,-983.5347557123528,20.0,6.196853558077237,0.30984267790386183,13.808850499799025
194,1,obs_1,776068,1,0,0,0,goal,1.4285130769331271,1.1856023730119116,1.1856023730119116,2.444033145904541,0.7968667542804594,1.86492434994873,0.9887927327600909,2.294874364370589,8.657572937011718,260,26.0,0.7483156544006686,11.993217122597763,10.100147686152557,16160.236297844089,12.399949047095987,8.91539594817244,21.208540153044922,0.2,13.220286774616898,89.14152164035877,20.0,19.456207014417387,0.9728103507208694,1.7340431615108198
195,1,obs_1,776069,1,0,0,0,goal,0.9814473669452572,0.750561413605641,-0.750561413605641,1.89157235622406,0.6323737016116976,0.2915225122643714,0.9888216594435408,2.8383847690950734,2.1140940189361572,264,26.400000000000002,0.7318818350919511,11.66369112618056,9.154604435650851,14647.367097041364,11.289251575905107,8.374865973325441,19.868053545554478,0.09848484848484848,10.935982311930047,96.90107781707364,20.004816715205028,19.32168044642751,0.9658514107625746,1.3303208031265994
196,1,obs_1,776070,1,0,0,0,goal,1.2350565096526107,1.061479062558678,-1.061479062558678,1.9702651500701904,0.6313689743603491,0.9643544547009248,0.9888147651643637,2.580529721635844,5.321070289611816,230,23.0,0.8317297554437527,12.106215350969654,7.927922271063643,12684.675633701829,13.942792894538313,8.951086665341027,19.959216764439706,0.1391304347826087,9.266894346970417,95.91809603806192,20.0,19.129784375206313,0.9564892187603157,1.556506791770209
197,1,obs_1,776071,1,0,0,0,goal,0.9212579282709392,0.7685720276587257,0.7685720276587257,1.6516667604446411,0.50795000610554,0.9978944382171048,0.9886926372657763,2.992864949949497,6.45367660522461,246,24.6,0.781720414763238,11.763925551436841,6.112594873437461,9780.151797499937,11.783936339981702,7.319106132090281,14.996392061797584,0.10569105691056911,9.811767987951315,97.22874761219981,20.091480535803314,19.230322203175653,0.9571381346888268,1.6528196616603161
198,1,obs_1,776072,1,0,0,0,goal,0.46377431080842574,0.3318707963790075,-0.29725512898403395,0.9466164708137512,0.3559859542994858,0.5825849609721628,0.9888037846298827,3.8156233749181148,6.79229736328125,192,19.200000000000003,0.9830071200511155,12.0065260133415,1.041712062037986,1666.7392992607777,9.25242424947429,3.7597243161656184,5.725916532489161,0.015625,4.2666229401764495,103.8757298972381,20.0,18.873736704981418,0.9436868352490709,1.2683451640460457
199,1,obs_1,776073,1,0,0,0,goal,0.5623072093201975,0.4598658739233204,-0.4598658739233204,1.0161691904067993,0.32359353462980256,0.9537822517797953,0.9888072792073532,3.7450209218173,6.504367828369141,191,19.1,0.9879282435603072,12.012718077695377,1.5456454297149516,2473.0326875439227,12.622710874206142,5.8625447963158095,9.229834357481352,0.0,4.539857459678821,100.80572389362283,20.0,18.869429452001867,0.9434714726000933,1.2710984411747903
200,2,obs_2,875974,1,0,0,0,goal,1.4065567179795273,1.1201489900748074,1.1201489900748074,2.508115768432617,0.8506868054270788,0.7129347919711705,0.9888001842501255,2.8137782387744146,5.811415004730224,267,26.700000000000003,0.7349993317461073,11.97359043397428,10.598448674438096,16957.517879100953,12.26861698735029,8.56386481701498,21.219739784462174,0.18726591760299627,14.092855160003387,88.5048821255492,20.0,19.624482157621067,0.9812241078810533,1.564938048461994
201,2,obs_2,875975,1,0,0,0,goal,2.0033246380541923,1.6381718611296314,1.626161544809513,3.218996524810791,1.1700035194894498,0.533537092258817,0.9888091959827143,2.237530242889049,5.074085807800293,231,23.1,0.854282319466848,12.206279506060211,5.674515378915101,9079.224606264159,12.48470946498539,6.884331704644285,15.64995652669436,0.10822510822510822,14.901950002842128,83.5020851429179,20.00748659665573,19.733921579684186,0.9863268674128577,1.5567477972849681
202,2,obs_2,875976,1,0,0,0,goal,1.7726422731835838,1.4407088278726525,1.4407088278726525,3.0087485313415527,1.0327723379173512,1.9108747669396458,0.9887911718856087,2.2983032888493087,6.263470268249511,267,26.700000000000003,0.7417138920778402,12.15742502317586,11.043781510801976,17670.05041728316,11.142595706129432,8.625832737344936,21.724060882120096,0.24719101123595505,15.524179181910839,81.44773907885343,20.0,19.80376091847834,0.990188045923917,1.5373615311392255
203,2,obs_2,875977,0,1,0,0,obstacle,0.14828990131599523,0.1099895945427796,0.1099895945427796,0.41128554940223694,0.0994594586986203,0.0,0.9887937587573379,3.5086105594583046,0.2495916485786438,65,6.5,0.5475607637743121,11.978333327962229,2.131443851151238,3410.310161841981,5.870427191257477,5.424341539434672,20.24886602621812,0.2153846153846154,4.644640644102055,-993.9253628087539,20.0,3.559144964533029,0.17795724822665143,16.482756479082035
204,2,obs_2,875978,1,0,0,0,goal,1.4021430602364358,1.086679489022439,1.076455500790834,2.4594485759735107,0.8984702088474339,0.2045660396690779,0.9887951828266116,2.720819141086972,4.634829354286194,246,24.6,0.8024566045250263,12.119414743694772,8.319681484297645,13311.490374876234,13.505811326357783,8.366799228452651,19.361968796427657,0.11788617886178862,14.812742241480324,90.96626183128879,20.0,19.74043247131565,0.9870216235657825,1.2544261773894876
205,2,obs_2,875979,1,0,0,0,goal,1.0832357134984905,0.7815070907218438,0.7675724830901758,2.055452346801758,0.7643507664687499,0.393375710551042,0.9887985335649384,2.9944957991829115,4.137455177307129,264,26.400000000000002,0.7409691432694399,11.86914876761677,8.727927077994059,13964.683324790496,11.048538897880583,7.543071183907491,19.05641409935373,0.1893939393939394,13.217366195802882,96.54436893301485,20.0,19.56158538231321,0.9780792691156606,1.3347717116268798
206,2,obs_2,875980,0,1,0,0,obstacle,0.08156555021665979,0.06525316248541768,0.0031160612154421926,0.24218997359275818,0.08150600680102091,0.0,0.9888003236330052,3.85607639076568,0.6499988317489624,79,7.9,0.6251861949438542,11.86147540785325,1.7356976066532555,2777.1161706452094,9.3593791891367,5.181298900590068,12.723818474178072,0.16455696202531644,2.012413683849482,-987.9376114949257,20.0,4.938970940056449,0.24694854700282245,15.080385498643624
207,2,obs_2,875981,0,1,0,0,obstacle,0.21375071245966018,0.17366234271321446,0.15805871452044573,0.3865225613117218,0.14389860958729433,0.0,0.9887971001649494,3.5283418789348726,0.4042646288871765,122,12.200000000000001,0.7157245243070272,11.683844050484113,3.7330109429410925,5972.817508705748,5.983980234004249,5.104316832085104,17.822804487630968,0.21311475409836064,5.754593104219259,-974.8561915469332,20.0,8.731839196545732,0.4365919598272866,11.366583679765608
208,2,obs_2,875982,1,0,0,0,goal,1.129301902875745,0.8679012826090546,0.8033099389268732,1.9567434787750244,0.7937354281245621,0.33119302175176407,0.9887998409477167,3.2815941170030714,2.6403910160064696,239,23.900000000000002,0.8116985680146104,11.994009735806998,7.033062618972583,11252.900190356137,14.568220316862858,7.0719251823969085,19.03774661873175,0.08368200836820083,11.866625796133164,103.04114961618572,20.0,19.39959577554919,0.9699797887774595,1.3451960521410469
209,2,obs_2,875983,1,0,0,0,goal,2.080945949091012,1.7120091216373896,1.7120091216373896,3.405771017074585,1.1829458189066253,0.9304376774424096,0.988794218034725,2.323601603860414,4.626656150817871,255,25.5,0.779304308837783,12.238025916444466,9.015611420119535,14424.978272191256,13.365631990545376,8.608347330399715,20.078696343244292,0.09019607843137255,16.41899847168018,81.03275919043068,20.0,19.872259875363465,0.9936129937681732,1.6148998158730716
210,2,obs_2,875984,1,0,0,0,goal,1.9277807072253537,1.594003360221846,1.5823160536209828,3.130812168121338,1.1011877049820362,0.8184479151453365,0.9888048672729868,1.9733916641333025,4.067161655426025,248,24.8,0.7961723499005728,12.031833344112872,8.365922911006473,13385.476657610356,12.14386333338162,8.3587310149783,19.490492241757533,0.11693548387096774,14.919139697985107,84.19296212289427,20.010447379306004,19.7450742775342,0.9867382724263206,1.5521069520498842
211,2,obs_2,875985,1,0,0,0,goal,1.8556119159120195,1.5681970923007926,-1.5681970923007926,2.8135640621185303,0.9919946885815547,0.9055993584332565,0.9888144074715927,2.5974964695853413,4.338724899291992,243,24.3,0.804352561743365,12.159078098592106,9.90314975730932,15845.03961169491,17.950653266315616,10.263334666870701,22.62733180336501,0.06172839506172839,12.833335253230562,84.62979528196328,20.0,19.545767250363767,0.9772883625181883,1.6563932680645959
212,2,obs_2,875986,1,0,0,0,goal,2.044555419395052,1.6283639917924055,1.6283639917924055,3.5567049980163574,1.2363808366403852,0.7391175793407077,0.9887998574222653,2.49847787484914,3.25738787651062,284,28.400000000000002,0.7170460255233266,12.241333791992666,12.594679413746134,20151.487061993812,11.617447967664091,7.8389065172875245,22.98177132933912,0.19014084507042253,18.034462503652957,76.7400395799832,20.0,20.364107124862475,1.0182053562431237,1.5284371084804267
213,2,obs_2,875987,1,0,0,0,goal,1.4826026331430575,1.1241242980886454,1.104975273787204,2.6220691204071045,0.988504027367426,0.011072950856706218,0.9887967930359415,2.1260770241093696,1.8615146160125733,256,25.6,0.7798837487841761,12.153054304144462,8.81551699508114,14104.827192129824,13.44378490074008,7.727232092250091,19.50221601582598,0.140625,15.813943467518108,90.76955568141753,20.0,19.96502396887491,0.9982511984437454,1.2889866941725003
214,2,obs_2,875988,1,0,0,0,goal,1.1601163869136981,0.8611321773383516,0.7296857810561865,2.171372413635254,0.9019028174421656,0.4671935321373769,0.9888432575660264,2.694267411112593,5.530298519134521,268,26.8,0.7383148048324767,11.969473118115383,9.89832309757567,15837.316956121074,10.147451561934938,7.174105762254191,20.453886964650298,0.1865671641791045,14.549961209682754,93.96856589572234,20.052635060323833,19.786836769510376,0.98674496942602,1.2736687006183762
215,2,obs_2,875989,1,0,0,0,goal,1.0922063963980249,0.8248993456218806,-0.8113401140210529,1.9181376695632935,0.7311921988869031,0.24472013424954803,0.9888365162656721,2.7793581778978913,4.9337750434875485,225,22.5,0.857175199653115,11.96005573991686,4.966205958405711,7945.929533449137,21.26902856730989,8.38533297649697,14.236988661024306,0.06222222222222222,10.25456755534219,102.13284693823022,20.00478183126649,19.286441992195083,0.9640915934434897,1.3048683404042019
216,2,obs_2,875990,1,0,0,0,goal,1.101276342433836,0.9068758462413421,-0.9068758462413421,1.852723240852356,0.6248085962184721,0.18131285253784804,0.9887998683665236,2.9044475669856205,4.406694030761718,216,21.6,0.8883228004099716,11.981766519356622,4.0499979829147446,6479.996772663591,17.070747017860413,7.768553406506102,13.563297040484569,0.05555555555555555,9.880792875816745,95.58842472239479,20.0,19.18777248885539,0.9593886244427695,1.3002004624911216
217,2,obs_2,875991,1,0,0,0,goal,1.927517850015436,1.4531169800894956,1.4531169800894956,3.5105628967285156,1.2664028207105797,0.21153351351051344,0.9887904279684115,2.084101753010861,2.398643970489502,300,30.0,0.6856127985822562,12.12242305630818,13.536022058785523,21657.635294056832,12.337662125112221,7.661533247750791,24.172930183013282,0.23333333333333334,19.1071129972946,81.13867204355032,20.0,20.568383957467688,1.0284191978733843,1.4886866994488266
218,2,obs_2,875992,1,0,0,0,goal,1.29784922559475,1.0377119175075658,1.0377119175075658,2.145677089691162,0.7794655788677676,0.05348461731052959,0.988786981642933,3.3023943139921523,1.8418561220169067,225,22.5,0.8570377054392965,12.012014505590002,4.414243004201596,7062.788806722555,16.058625959392103,7.170451122740609,15.160262951585981,0.0,11.397948253841982,96.7788968764064,20.00623181524284,19.283348372384175,0.9638670865391104,1.3243044259078955
219,2,obs_2,875993,1,0,0,0,goal,1.8827103494720145,1.542222426214469,1.542222426214469,3.068140983581543,1.079883441900185,0.6468888592917367,0.9887939896400628,2.6206231372105027,5.645278644561768,231,23.1,0.8490446967165779,12.215567805804312,5.533483903855868,8853.574246169386,13.219465950260991,7.385298314082853,15.858358144760132,0.07792207792207792,14.57007288656391,86.22748507322379,20.0,19.612932494152954,0.9806466247076477,1.5300774842092233
220,2,obs_2,875994,1,0,0,0,goal,1.627782722862021,1.2553334777769494,-1.2553334777769494,2.854785919189453,1.0362501881401638,0.7485142845844812,0.9888050565880333,1.6796907645067982,4.1466552734375,266,26.6,0.7453012708680463,11.709861651640665,8.822959418630195,14116.73506980831,14.76594308637223,7.993984271379265,18.392642125823443,0.18796992481203006,15.607452718895164,84.16129926189667,20.0,19.82501380509003,0.9912506902545015,1.3451438520170391
221,2,obs_2,875995,1,0,0,0,goal,1.935324623801328,1.4842428585904,1.4789301070287288,3.5075366497039795,1.2482976960708307,0.31301064888570423,0.9887887004720313,2.370766625248772,2.4890285968780517,306,30.6,0.6756756866669663,12.074912994670882,14.219686030387479,22751.497648619963,12.416440053064314,7.742282296017138,24.71583903712385,0.22549019607843138,19.36280163033065,78.03720162051226,20.00027165972117,20.67567601200917,1.0337697589202353,1.548557993764822
222,2,obs_2,875996,1,0,0,0,goal,0.906771982235228,0.7070694286902346,-0.7070694286902346,1.6586189270019531,0.5677043691733136,0.6137124525984958,0.9888072031825347,3.3302262299958256,5.6452143669128425,208,20.8,0.914903760125119,12.133770931668831,2.9162211643095133,4665.9538628952205,13.264023321838193,5.7832167878472855,9.963926930840199,0.03365384615384615,7.722689106267432,99.64386453302264,20.0,19.02999821060247,0.9514999105301236,1.4144378721428934
223,2,obs_2,875997,0,1,0,0,obstacle,0.48911156699309793,0.32648675833744084,0.32648675833744084,1.2666648626327515,0.36419297301946013,0.0,0.9887892953971708,3.2658768308141948,1.3775479316711425,88,8.8,0.5774044409212243,11.752550825360231,2.8431211903122744,4548.99390449964,12.190411830770557,8.70689162072785,20.342013629322704,0.14772727272727273,12.139808578541588,-991.7344544648389,20.0,5.081159080106774,0.2540579540053387,15.235542073389693
224,2,obs_2,875998,1,0,0,0,goal,2.252815116331887,1.959592714493307,-1.959592714493307,3.4770734310150146,1.1113830760265369,0.6130570441927212,0.9888097069101918,2.366567340229321,2.6051281929016112,304,30.400000000000002,0.6663327451816481,12.150736760844378,17.21630235254942,27546.08376407907,12.612518855053994,9.770529666159439,26.990216664577787,0.2631578947368421,16.790704597258877,66.88154862085999,20.0,20.256515453522102,1.0128257726761052,1.7639901255271855
225,2,obs_2,875999,1,0,0,0,goal,1.4408536793378455,1.218148487769321,-1.218148487769321,2.0368218421936035,0.7695281586834389,0.7040418559262153,0.9888211098879922,1.9698782184580454,7.393190002441406,202,20.200000000000003,0.9438821611456456,12.423512088886397,7.253761133423943,11606.01781347831,19.16704020689969,10.61420794585993,19.378880271227054,0.15841584158415842,8.356674039216275,86.62380457318321,20.0,19.06641965514204,0.9533209827571021,1.8363455796231987
226,2,obs_2,876000,1,0,0,0,goal,1.0459291222794254,0.8534919824803041,-0.8534919824803041,1.8561609983444214,0.6045818097445946,0.5391665322574751,0.9888078797959076,3.4826535212487526,5.618174266815186,225,22.5,0.8488894767792484,11.908483499425152,6.572171025265118,10515.47364042419,18.01224433417831,10.129558868527496,19.354761666721767,0.04888888888888889,8.984927047750123,100.12385832200899,20.0,19.10001322753309,0.9550006613766545,1.3732887331468766
227,2,obs_2,876001,1,0,0,0,goal,1.2579954077414681,1.0504996103853819,-1.0504996103853819,2.1070919036865234,0.6921004366988821,0.31714559608137893,0.9888115194358127,3.052313787554297,4.7537130355834964,235,23.5,0.8220311402852283,12.05102404088099,8.282757156171904,13252.411449875046,15.26407265765035,8.96783749881311,21.062945950538555,0.0425531914893617,10.198267378559665,96.64645705083058,20.0,19.317731796702866,0.9658865898351433,1.4307091144225703
228,2,obs_2,876002,1,0,0,0,goal,0.705736961482045,0.5705683788871689,-0.5705683788871689,1.1346321105957031,0.4153509164742236,0.5083627989298304,0.9888063982392674,3.8710466036315596,5.862602710723877,188,18.8,1.0047304930412366,12.127453892684958,1.597931972990116,2556.6911567841867,14.475691573505095,5.653243251811431,8.052152950078883,0.0,5.443213620136401,97.87727464564361,20.0,18.88893326917525,0.9444466634587625,1.2959940866210158
229,2,obs_2,876003,1,0,0,0,goal,0.9153323120015391,0.7667316851654539,-0.7667316851654539,1.4702547788619995,0.49995576240046147,0.5028618733888681,0.9889037530645253,3.76679202591326,5.914789342880249,189,18.900000000000002,1.0035613559919607,12.305175404153054,2.4053322121253724,3848.531539400595,17.009829920023044,6.84006468739369,10.387822531518482,0.0,6.183616771318306,95.3501291323536,20.078944758285584,18.967309628248056,0.9446367753176466,1.5731921961233684
230,2,obs_2,876004,1,0,0,0,goal,2.0610114138508595,1.713312309735825,1.713312309735825,3.292896270751953,1.1455692808954034,0.8797076801960979,0.9888052254790493,2.0627655909129645,3.315687417984009,244,24.400000000000002,0.8105887431635689,12.19667405350378,7.193841912895739,11510.147060633182,11.282056275709175,7.262799104208702,18.530375137925148,0.0942622950819672,15.29320813648884,81.90204593706835,20.0,19.778365333191083,0.9889182666595542,1.6931418958896562
231,2,obs_2,876005,1,0,0,0,goal,1.9023400554145966,1.5346308573284186,1.5213104026191868,3.143955945968628,1.1421525052800343,0.8071334766390056,0.9888392462562712,2.2912107529932104,8.045382213592529,250,25.0,0.8036088387448143,12.233212132796645,8.583645538041672,13733.832860866672,12.349876007401798,7.884578560847104,19.262350940704344,0.14,17.674850077265454,83.05935702059493,20.01986624158709,20.090220968620358,1.0035142456090502,1.2793070158775264
232,2,obs_2,876006,1,0,0,0,goal,1.5154041514679755,1.25915942947836,1.25915942947836,2.492525339126587,0.8431887531520486,0.6980411925187202,0.9888021448450325,2.7245066780946345,2.9962388038635255,235,23.5,0.8229165251637409,12.074947367236017,5.6663439750987346,9066.150360157975,10.96373093433869,6.609876409280718,17.43874669328649,0.00851063829787234,11.741715033518789,91.62469737789601,20.0,19.338538341347913,0.9669269170673956,1.6294757339745123
233,2,obs_2,876007,0,1,0,0,obstacle,0.20146590655984808,0.16393800903425879,0.16393800903425879,0.464387446641922,0.11710183901145503,0.0,0.9887191564352307,4.351865799778221,0.21175603270530702,83,8.3,0.6430080167256058,11.798079570261649,1.2517332275771635,2002.7731641234616,5.68555531705298,4.069016926993784,8.204188896230905,0.0963855421686747,4.637211543170034,-987.886569636791,20.052916617667307,5.336966538822528,0.26614415451767637,14.745647805870101
234,2,obs_2,876008,1,0,0,0,goal,0.8953962771641394,0.7563721642106478,-0.7563721642106478,1.3911068439483643,0.47920313267621845,0.8478560747425222,0.9888094581062642,2.8947740028448665,6.52697525024414,190,19.0,0.9958230276422279,12.248350313648974,3.2635226868331273,5221.636298933004,15.921062767190277,8.107288724432813,13.156775891780853,0.0,5.906348072883598,93.95867737431587,20.0,18.92063752520233,0.9460318762601165,1.4416074078310117
235,2,obs_2,876009,1,0,0,0,goal,1.2880200454744553,1.053264135650995,-1.053264135650995,2.102689743041992,0.7413705538361904,0.37004055639981975,0.9888087414332075,3.405733633395423,5.348384618759155,205,20.5,0.9376160838091742,12.131995271291675,4.641949197489821,7427.118715983714,28.041359519257263,9.730157996432375,15.269484860141104,0.024390243902439025,10.142554241989767,92.36307585154631,20.0,19.221129718088072,0.9610564859044036,1.3555408676075495
236,2,obs_2,876010,1,0,0,0,goal,1.4383219069066076,1.1722978508423112,-1.1561621797726103,2.247800588607788,0.855604419080983,0.23396897460875685,0.9887381456082891,3.106717413185762,4.951227474212646,219,21.900000000000002,0.8873288916919795,12.062473990163472,7.184364124957651,11494.982599932244,21.758552743207424,9.267448030246435,18.578738182374877,0.0639269406392694,11.79616916407108,89.38341771514582,20.019822898124534,19.432502728054352,0.9706630686465662,1.2992679555592332
237,2,obs_2,876011,0,1,0,0,obstacle,0.13639803805020445,0.0988906986845125,-0.0988906986845125,0.3975854516029358,0.09394176120146978,0.0,0.9887912964542168,3.9052638045742736,0.343806654214859,70,7.0,0.5597206512182156,11.923369324167393,2.538370688962537,4061.393102340059,5.486611395642377,5.347251440455111,19.350991751466477,0.22857142857142856,4.199553757513107,-992.3554964947411,20.0,3.9180445585275083,0.1959022279263754,16.127694147784705
238,2,obs_2,876012,1,0,0,0,goal,1.767084270181718,1.336959287349806,1.336959287349806,3.201984167098999,1.1554768201451526,0.28069352666046804,0.9887925656288434,2.2634828402017035,3.2191697120666505,283,28.3,0.7144511682961254,12.144310274753758,11.566747296508117,18506.795674412984,12.961070271248513,7.740106977281411,22.489830649362435,0.2226148409893993,17.21229316549125,84.95740231598975,20.0,20.21896806278035,1.0109484031390175,1.4109714869302141
239,2,obs_2,876013,1,0,0,0,goal,0.7900991960336895,0.6285938135074479,-0.6285938135074479,1.3905556201934814,0.4786716590662604,0.28944631544018273,0.988806651970714,3.7005142780746487,5.122041320800781,199,19.900000000000002,0.9532152678561672,11.930416503743311,2.264536944332378,3623.2591109318064,14.143016663464634,6.887030695328938,10.865462880637777,0.020100502512562814,7.069177533549282,99.25703852007061,20.0,18.968983830337727,0.9484491915168863,1.2711681774717882
240,2,obs_2,876014,1,0,0,0,goal,0.8167142388935805,0.6764507577426365,-0.6764507577426365,1.3130007982254028,0.45764234983328805,0.9375459755411857,0.9888087836565016,3.3441231692875144,6.627129650115966,188,18.8,1.006842297645272,12.26378098325903,2.1329383180757664,3412.7013089212264,14.516882207941881,6.568055880168244,10.660295326341974,0.0,5.589499137383013,95.48691627087625,20.0,18.92863519573111,0.9464317597865556,1.3684348542327327
241,2,obs_2,876015,1,0,0,0,goal,1.5151176019245336,1.1692084748533542,1.1648026023355065,2.6419222354888916,0.9689253042696229,0.5587491946335551,0.9887958339214297,2.251107014437074,3.2594778060913088,251,25.1,0.7923408075797826,12.142563392994443,8.701838066660784,13922.940906657253,13.690066480636595,8.024478735661775,19.429081022976877,0.17131474103585656,15.432123343316006,86.95058776420643,20.0,19.887754270252547,0.9943877135126273,1.2687420601912458
242,2,obs_2,876016,1,0,0,0,goal,1.2285252968675842,1.0357760768750326,1.0357760768750326,1.912781000137329,0.6606378157636392,0.8668613566397918,0.9887953205988782,2.7478213973384102,5.722664403915406,235,23.5,0.8231628428608391,11.93251130830972,7.187024291976988,11499.23886716318,12.766111355561476,9.236850933516795,18.342090864130792,0.15319148936170213,11.457037905655856,92.1406863819598,20.0,19.344326807229717,0.9672163403614858,1.2575323929203246
243,2,obs_2,876017,1,0,0,0,goal,2.0633733582336764,1.6779895375280842,1.6779895375280842,3.551029920578003,1.2007750527949879,0.6697056394617712,0.9887881670011751,2.3001898548421726,3.2931137561798094,286,28.6,0.7085176197770812,12.212553819481908,12.389296639843943,19822.874623750307,11.705504237559802,7.806238415204412,22.965719903057273,0.18181818181818182,18.012263928968295,75.50446853193479,20.002777523985138,20.26360392562452,1.0130395092044906,1.8170568443915882
244,2,obs_2,876018,1,0,0,0,goal,1.5415238460400869,1.1133750799095117,-1.0670152320349804,2.90142822265625,1.1125530380685489,0.0008429674033212682,0.98879702650547,1.3119341263309572,1.5304875373840332,303,30.3,0.6677032932231101,11.420893633157236,13.199942528051203,21119.908044881922,8.68919768080806,6.821164156413902,22.362854359763684,0.26732673267326734,17.333317242759286,84.48306756737608,20.0,20.231409784660237,1.0115704892330117,1.2953463846663131
245,2,obs_2,876019,1,0,0,0,goal,1.3233911812339,1.1313654046820634,-1.1313654046820634,2.03757643699646,0.6865686707506015,0.6223837439684704,0.9888245874080839,2.6006152061654344,3.5625586986541746,224,22.400000000000002,0.8563492412534452,12.21115618708427,8.504181464471072,13606.690343153716,15.617902369777182,9.46575538957389,21.20081131612616,0.14732142857142858,9.314316562895483,92.1232970103529,20.0,19.182223004077173,0.9591111502038586,1.7200702922991218
246,2,obs_2,876020,1,0,0,0,goal,0.6258448526554744,0.48375082356126414,-0.43287154060343036,1.1095802783966064,0.4520000098793863,0.33861513378140873,0.9886791485450733,2.7560400822140556,5.02881646156311,207,20.700000000000003,0.9240514543026737,11.792770061506957,3.116046776061541,4985.6748416984665,17.177686196507757,7.702044401516989,12.110666753589243,0.04830917874396135,7.846522826103281,101.48615162621381,20.06774254723489,19.127865104065346,0.9531647647483374,1.26288152687664
247,2,obs_2,876021,1,0,0,0,goal,1.2605417222516182,0.895081403672623,0.8038625664374476,2.4271275997161865,0.9709636490712081,0.12056988892414128,0.9887965885546594,2.0246120977204733,2.028055191040039,284,28.400000000000002,0.7039872387743356,11.960776237246225,10.83690393624621,17339.046297993937,10.952078664260702,7.172579387565093,20.430098842357246,0.23591549295774647,15.240429360439748,96.22119293085328,20.0,19.99323758119113,0.9996618790595566,1.2501334660829366
248,2,obs_2,876022,1,0,0,0,goal,0.6673948986639645,0.5290788438417249,-0.5290788438417249,1.143823504447937,0.40680649916365297,0.4107482028380074,0.98880609638349,3.695798340325422,5.836931610107422,193,19.3,0.9798779233940517,11.96335054802771,1.835637062866968,2937.019300587149,13.585812769209344,6.189917530712684,9.108557566768765,0.025906735751295335,6.1683106309680005,99.49599330334944,20.0,18.911643921505195,0.9455821960752597,1.266979710439586
249,2,obs_2,876023,0,1,0,0,obstacle,0.1023233095858437,0.0836870505449337,0.0836870505449337,0.2563467025756836,0.058877306797187355,0.0,0.9887849653557088,4.143535813249645,0.21142589151859284,74,7.4,0.6103061330289167,11.913269941166446,0.7214064926804595,1154.250388288735,9.015261269595523,3.0685785457993564,8.393218227334925,0.013513513513513514,2.3286163438738154,-990.1085915732468,20.000597746054304,4.516265384413983,0.22580652047286673,15.496788347451108
250,2,obs_2,876024,1,0,0,0,goal,1.657185124609194,1.3277296307135882,1.320674558854026,2.891648292541504,1.0010400825250272,1.2654865101161565,0.9888015050640019,2.3481772724712213,5.633854579925537,271,27.1,0.7322213459547225,12.096815537675061,11.329101673329749,18126.562677327598,11.29113859600491,8.563788323131078,21.978529169330738,0.24723247232472326,15.412901158964855,83.99924731429985,20.001011387009846,19.843198475372983,0.9921097534228015,1.530953186036185
251,2,obs_2,876025,1,0,0,0,goal,1.3105457802793898,1.1129200389965297,-1.1129200389965297,1.8687019348144531,0.6920543540850512,0.14448267760068298,0.9888117180951135,2.863698358873754,5.513575267791748,207,20.700000000000003,0.9248135589860808,12.313635989227265,6.597691654054093,10556.306646486548,20.149621338520234,8.815578641204358,18.41054009930523,0.043478260869565216,8.540374953451943,90.32677308795142,20.0,19.143640671011873,0.9571820335505936,1.5232332081019753
252,2,obs_2,876026,1,0,0,0,goal,1.3130587657949897,0.9541136799895675,-0.8946258789443882,2.4372220039367676,0.9611284301039288,0.02452191923407572,0.9888878559264407,2.2693892474548596,1.7734110593795775,271,27.1,0.733201949809854,11.861292788992564,8.31553722092147,13304.859553474354,12.503363379725702,7.617883337298151,18.334446162315313,0.05904059040590406,14.670554263310027,96.7049492328131,20.044664276369666,19.86977283984704,0.9912749131583709,1.2895578772599408
253,2,obs_2,876027,1,0,0,0,goal,3.2041001110683185,2.623434377710609,2.623434377710609,5.186397552490234,1.8395242829585474,0.5740266913190006,0.9887912751119015,1.2538360608634356,3.0037495613098146,292,29.200000000000003,0.7356912639347045,12.520983710346028,12.933131537707716,20693.01046033234,12.854460670366318,7.998910129354535,22.888106333270464,0.18835616438356165,24.50541562847075,57.062132935031016,20.0,21.482184906893373,1.0741092453446686,1.691132632780027
254,2,obs_2,876028,1,0,0,0,goal,1.0252794438401809,0.8228691759732896,-0.8228691759732896,1.774925708770752,0.6116242777999167,0.3113526399484757,0.9888073877276736,3.2994044892616614,6.065984058380128,206,20.6,0.9271781036796902,12.029806398510825,3.1433154713793967,5029.304754207035,15.764866980110726,7.323892395398713,11.66347079630037,0.05339805825242718,9.169316607580049,97.23750686133135,20.0,19.099868935801616,0.9549934467900808,1.2965011117350826
255,2,obs_2,876029,1,0,0,0,goal,1.670736951707418,1.356003687190706,1.356003687190706,2.7665791511535645,0.9760204721858071,0.5734448179851604,0.9887943405959017,2.979853741113031,5.875251245498657,238,23.8,0.8304351523681196,12.151263992024289,7.272433435073143,11635.893496117029,14.42398723167709,8.961536207818227,18.419237110544653,0.13445378151260504,15.430271749587934,86.46426011128901,20.0,19.764356626361245,0.9882178313180623,1.267967012606854
256,2,obs_2,876030,1,0,0,0,goal,1.2477057610560136,1.0579160074767104,-1.0579160074767104,1.7903633117675781,0.6615008596342886,0.7606386967606316,0.9888149793542932,2.568565645537061,6.045393371582032,201,20.1,0.9496111171378402,12.300906263514241,6.6337381337448695,10613.981013991792,19.90199992060661,9.898579687580817,18.695559552059837,0.15920398009950248,7.965082793141349,89.62141658850913,20.0,19.08718345447059,0.9543591727235295,1.549502578659431
257,2,obs_2,876031,0,1,0,0,obstacle,0.16798538201396604,0.11852523943372562,-0.11852523943372562,0.4951503574848175,0.11904140534938305,0.0,0.9887978162663457,3.738633384893901,0.6736514568328857,76,7.6000000000000005,0.5984710727714101,12.051350565247336,2.1550130460425487,3448.020873668078,12.374570647875466,4.9736069135975365,16.835182791477756,0.18421052631578946,4.5166845787115095,-989.8160454187425,20.0,4.548380153062718,0.22741900765313589,15.510216039964225
258,2,obs_2,876032,0,1,0,0,obstacle,0.10144609043096874,0.08336795906357672,0.08336795906357672,0.22980350255966187,0.057802185644680294,0.0,0.9887928976257421,3.9498017637708314,0.06256248503923416,73,7.300000000000001,0.6084776325327085,11.876776516998875,0.5894872067901634,943.1795308642613,13.244999696811039,4.4316559741078985,7.839988057744013,0.0136986301369863,2.0313337066782973,-990.3228075012911,20.0,4.441886717488773,0.22209433587443864,15.566722825643245
259,2,obs_2,876033,1,0,0,0,goal,1.1660014183872422,0.9768374561867559,-0.9768374561867559,1.7501102685928345,0.6366693740644739,0.4759376351209829,0.9888128859731984,2.894707871859323,5.488102197647095,197,19.700000000000003,0.9646414671819935,12.263133808086405,5.629228525628687,9006.765641005897,23.290419244036382,10.010560946609454,17.27162788059506,0.005076142131979695,7.732369107845609,91.15860517452212,20.0,19.003436903485273,0.9501718451742637,1.5160853575011668
260,2,obs_2,876034,0,1,0,0,obstacle,0.2520009275514919,0.164739133389313,-0.10826077604595619,0.7316200137138367,0.22756113872262904,0.0,0.9887275920138111,3.7711207985231994,0.8525096893310546,79,7.9,0.5266065672980562,12.084328481455959,4.371427147257863,6994.283435612584,13.156958268238947,5.864704041276361,28.054655005660237,0.27848101265822783,9.255633933232081,-995.4193760955269,20.01818133752986,4.160191881654645,0.20782067119429895,16.0170700068162
261,2,obs_2,876035,1,0,0,0,goal,1.5282310236619545,1.2489076576245195,1.2489076576245195,2.4808952808380127,0.8807495242176979,0.9686650065413648,0.9887995913055985,2.689452246928724,7.850033950805664,235,23.5,0.8317345492268772,12.087633951638448,7.088415514748519,11341.464823597631,12.275419505233437,8.289923951062816,17.467014159293885,0.16170212765957448,14.240795048022033,88.68827795474718,20.0,19.545761906831622,0.9772880953415811,1.308981855922221
262,2,obs_2,876036,1,0,0,0,goal,2.0318549323680477,1.6629820535765387,1.6629820535765387,3.365361452102661,1.1674438554683138,0.8221932584938888,0.9887843985509183,2.4746558682334783,4.776296138763428,260,26.0,0.7683069051557326,12.234566986105905,9.657137813770742,15451.420502033185,13.252630127903117,8.78242342340283,20.711724002773945,0.07692307692307693,16.46807777270479,81.03192355097363,20.0,19.97597953404905,0.9987989767024524,1.493988367626314
263,2,obs_2,876037,1,0,0,0,goal,2.3921503221054703,1.9808498786808217,1.9808498786808217,3.859116315841675,1.3411252445910777,0.5536753044352909,0.9887882333534198,2.2798534018902377,3.469188022613525,264,26.400000000000002,0.7661393760437997,12.170470545491712,10.047682311331322,16076.291698130117,14.771359932286657,8.502783815140624,21.5061613533533,0.03787878787878788,17.992452631065873,75.79634129452253,20.0,20.226079527556312,1.0113039763778155,1.668327357087675
264,2,obs_2,876038,1,0,0,0,goal,0.8739891364352064,0.6222792729550304,-0.5858314783585011,1.6863692998886108,0.6485819066016649,0.08246488690304961,0.9888022224263971,2.6320281620093207,5.238125991821289,234,23.400000000000002,0.8240814417366161,11.652011580562267,3.7221272251221116,5955.403560195379,11.906998377501196,5.8425115475994565,12.033291683237778,0.029914529914529916,10.239379669908155,101.21479451586028,20.0,19.28350573663682,0.964175286831841,1.2438009990028458
265,2,obs_2,876039,1,0,0,0,goal,0.8875646983539371,0.655769337409967,-0.527333333475562,1.6667108535766602,0.7139262210968771,0.0681149088768742,0.9887918032579113,2.5765716579929583,4.4157157897949215,239,23.900000000000002,0.8098975186363936,11.784648723222285,5.316197097819396,8505.915356511032,14.842759260610372,7.518910617363328,15.798319030755733,0.03347280334728033,11.378059633621248,106.74437314388715,20.000104880812916,19.356550695409805,0.9678224594701749,1.2950717568351091
266,2,obs_2,876040,1,0,0,0,goal,1.8227827608107638,1.362940138427945,1.3472409723724281,3.2546658515930176,1.2277942643089292,0.916325361306378,0.9888152045290756,2.2543144741908026,4.152270030975342,281,28.1,0.7239352599288374,12.208261525052935,11.73846701850703,18781.547229611246,10.691897006971494,7.056304198458149,22.018582263026797,0.2277580071174377,17.951033721286333,83.69347213577184,20.04636967023684,20.34258080400033,1.0147762980846993,1.301456707148261
267,2,obs_2,876041,0,1,0,0,obstacle,0.5193007212734113,0.34711037959976726,0.34711037959976726,1.3386117219924927,0.38624813719834383,0.0,0.9887888865617166,3.1294470285028995,1.3980916261672973,89,8.9,0.5770067701612553,11.727850822145852,2.845123639210068,4552.197822736109,11.353136599063873,8.608309101452035,19.97580306583576,0.1348314606741573,12.756462548322238,-992.025607336207,20.0,5.135360254435173,0.25676801272175864,15.21333595469153
268,2,obs_2,876042,1,0,0,0,goal,1.5385824226840692,1.2634168004593918,1.2555816744178179,2.479353189468384,0.8892415477577106,1.2071711976229584,0.988802918902413,2.3839215496072406,8.59588270187378,221,22.1,0.8791267954149157,12.091060474481248,5.293807652732759,8470.092244372412,13.008238483559001,7.140115568211949,15.843881148828102,0.11312217194570136,12.309589397517465,89.66476290995915,20.00073457915391,19.42870217866964,0.9713994304448956,1.34449018290013
269,2,obs_2,876043,1,0,0,0,goal,1.2827535895406874,1.0662747919728213,-1.0662747919728213,2.2398252487182617,0.7131022643932883,1.1675049010375598,0.9888186018190199,3.0500879414041613,3.2352573394775392,257,25.700000000000003,0.7560102631016344,11.88924593194696,10.020422991718739,16032.67678674998,11.533924262039363,8.708849397518287,21.125382331094855,0.17120622568093385,11.471834509144633,93.42153272428303,20.0,19.429463761712007,0.9714731880856003,1.3686964670604556
270,2,obs_2,876044,1,0,0,0,goal,1.2112273127162143,1.007937314308805,-1.007937314308805,1.9757493734359741,0.6716650753863085,0.31032117830921213,0.9888125667856097,2.9097322598613946,5.362443304061889,205,20.5,0.9270771091698103,12.138279082753309,5.7349905188354615,9175.984830136736,20.23046893232009,10.353195592805362,17.77612137358363,0.0,8.7282910194954,92.49148619295143,20.0,19.00508073798111,0.9502540368990555,1.5721580232071202
271,2,obs_2,876045,1,0,0,0,goal,1.3262319521212158,1.0937634266209595,-1.0937634266209595,2.178786039352417,0.7500485033740338,0.47330444726812604,0.9888065974132735,3.315148120584568,2.340664863586426,240,24.0,0.8051522837797175,11.916775274975226,9.46007622641268,15136.121962260288,15.347283155848292,10.910246209578553,22.64541190614303,0.11666666666666667,11.004349087144378,94.87594991884365,20.0,19.323654810713215,0.9661827405356608,1.407946917662891
272,2,obs_2,876046,1,0,0,0,goal,0.9460097160943892,0.7415270898296307,-0.7264720468926068,1.7400057315826416,0.6059478096574431,1.126938662664463,0.9887695472977436,2.9260761910260076,4.275089168548584,239,23.900000000000002,0.8069392191443122,11.86339798924673,7.825181244368642,12520.289990989826,12.923614317629516,8.519935964339792,19.835754559379243,0.09623430962343096,9.736806176143642,103.35639394245308,20.02615947250118,19.285847337549065,0.9630327454463412,1.2610726605141063
273,2,obs_2,876047,1,0,0,0,goal,1.78604771944992,1.424089515932792,1.424089515932792,3.0151820182800293,1.0779311233852404,0.4260121287089833,0.9887858318205119,2.6950405864498372,6.260239887237549,256,25.6,0.7779934544239766,12.212895982753253,9.902662766456082,15844.260426329729,15.318252233897937,8.309446812413528,20.097876423969865,0.2421875,16.35842025569922,81.87315466822207,20.000680455769864,19.916632433253803,0.9957977418467373,1.296611910765532
274,2,obs_2,876048,1,0,0,0,goal,1.252727344031473,1.0880604280312591,-1.0880604280312591,1.7240028381347656,0.6208464411080906,0.885183823419158,0.9888702789836613,2.702951064949464,4.6401725769042965,206,20.6,0.9231258751778297,12.407305533197501,5.77503331649256,9240.053306388092,17.477074280017757,8.898186938476652,17.67166620174658,0.024271844660194174,7.735719940589558,91.74265768866195,20.0135040851554,19.0163930286633,0.9501780871430862,1.7421837479977262
275,2,obs_2,876049,1,0,0,0,goal,1.1282865021809536,0.8811761934113586,-0.8811761934113586,2.01908802986145,0.7046693885566473,0.2027344908084163,0.9888070210691956,2.9598091048496746,3.015708160400391,225,22.5,0.8567278602113364,11.852397993082802,3.9959543154772064,6393.52690476353,16.690337591405424,7.2260575410278705,13.88399600982666,0.035555555555555556,10.760779780036135,98.74512875193469,20.0,19.276376854755068,0.9638188427377534,1.2659620915497
276,2,obs_2,876050,1,0,0,0,goal,1.637973167322764,1.3352450251579284,1.3352450251579284,2.755915403366089,0.948723784702571,0.7283919583507878,0.9887528510146265,3.105078335832152,5.810590934753418,250,25.0,0.7855799118320165,12.116621671322733,7.245442360840781,11592.70777734525,12.143653535459892,7.838199002752817,16.759023982286454,0.124,13.950928042319457,84.41812035118548,20.033340446181885,19.63949779580041,0.9803406400725079,1.4014904520225744
277,2,obs_2,876051,1,0,0,0,goal,1.538377486105399,1.3146155501804275,-1.3146155501804275,2.3906707763671875,0.7989938954583938,1.048530146992649,0.9888194758508462,2.2579511433869515,4.191072463989258,233,23.3,0.8281399030635785,12.2394845576781,8.655522553250737,13848.836085201177,13.705452351734554,8.609114998653528,21.635373944632484,0.15021459227467812,10.577279122253533,89.74917529125618,20.0,19.295659741381378,0.964782987069069,1.801488578516368
278,2,obs_2,876052,1,0,0,0,goal,1.6413436880689851,1.37803646024874,-1.37803646024874,2.424034595489502,0.8916415291971436,0.5481740817624567,0.9888201323219583,2.0904230179522836,5.63689956665039,208,20.8,0.9265273008117827,12.386382785388447,7.729623160540107,12367.39705686417,20.94811955511858,10.413149964680759,19.929653105254356,0.1778846153846154,10.312046281901718,84.14376349981771,20.0,19.271767856885077,0.9635883928442539,1.813422614974198
279,2,obs_2,876053,1,0,0,0,goal,0.9734724233621316,0.6847227930101445,-0.6150594109962897,1.9347683191299438,0.7545531657818676,0.04981700182176148,0.9887967851421104,2.258411245183659,1.7050894021987915,276,27.6,0.7062448156915048,11.504877854796613,9.15582342631638,14649.317482106206,11.167666283520784,7.074743262564757,18.40601561833983,0.13405797101449277,12.28183358519043,96.92207302889506,20.0,19.492356913085533,0.9746178456542767,1.3024483427011548
280,2,obs_2,876054,1,0,0,0,goal,1.0623849617896308,0.8113405450186567,0.6577497545479872,1.9507248401641846,0.8342823667253302,0.35018979376897247,0.9887972220812071,2.6505545785337032,3.1752492427825927,261,26.1,0.7511642611424358,11.975736282969258,9.305312768648557,14888.500429837695,11.574795498297764,6.783612569863938,20.600711287666556,0.1532567049808429,13.052182232224393,99.02223451559448,20.0,19.605387215817572,0.9802693607908786,1.3501367516499492
281,2,obs_2,876055,1,0,0,0,goal,1.2201575770042243,0.8784494597185069,0.8724962768970701,2.3344709873199463,0.8529564816106215,0.22218473406262557,0.9887994375991093,2.7786450698427774,3.000602626800537,278,27.8,0.7123394385412182,11.868322386389611,10.538694045112877,16861.910472180603,13.270541240161936,7.717480221469844,21.497309500579355,0.1906474820143885,14.706254915209552,94.72587503821876,20.0,19.803036391445865,0.9901518195722933,1.4359274600529615
282,2,obs_2,876056,1,0,0,0,goal,1.9420262047255643,1.631249886437785,-1.631249886437785,3.085615396499634,1.0537976977757608,0.6489267293990189,0.9888242664264378,2.377077961962014,2.6549962997436523,250,25.0,0.7920251880374249,12.13618255084008,9.293155756967833,14869.049211148535,11.165827847867606,7.92200324204358,20.813073760271074,0.124,14.451566980587328,80.86271264651631,20.0,19.800629700935623,0.9900314850467812,1.6461696209180567
283,2,obs_2,876057,1,0,0,0,goal,1.0304842539781145,0.8608159801956812,-0.8608159801956812,1.615024447441101,0.5664747531325471,0.3178808768207847,0.988809394156881,3.255976795743423,5.294642448425293,205,20.5,0.929524084229765,12.129947373947902,5.557597012850161,8892.155220560257,17.804150984567755,8.956556327289496,17.338458805549436,0.0,7.67782783406773,94.71444863272927,20.0,19.055243726710184,0.9527621863355092,1.4356171123626305
284,2,obs_2,876058,1,0,0,0,goal,1.2824350864654395,1.1197412919183152,-1.1197412919183152,1.824396014213562,0.6251553328339461,0.6169418175532685,0.9888838643226101,3.1340231575802178,3.7656288146972656,213,21.3,0.8983308254042076,12.37056810053354,6.439175088679844,10302.680141887751,18.447868160481722,9.274555964721573,19.50592191566324,0.0,8.493218840553933,92.04253463859445,20.033264194364364,19.134446581109625,0.9551337413346953,1.9381757338865868
285,2,obs_2,876059,1,0,0,0,goal,1.11659283358744,0.9130325535153772,-0.9130325535153772,1.7779653072357178,0.6427683192566498,0.2972266229929702,0.9888702012670184,2.9054079954451186,2.4253563404083254,235,23.5,0.8162949071096068,12.049486345563956,7.149185133580784,11438.696213729254,16.63367017212077,9.057493737921357,17.387383947981164,0.13617021276595745,8.635173272314505,103.9429062352855,20.023564375952052,19.182930317075765,0.9580177613189651,1.3805446137728623
286,2,obs_2,876060,1,0,0,0,goal,1.672147760188894,1.4106452668809168,1.4106452668809168,2.463740825653076,0.8978630535505974,0.7920645912989404,0.9887819004588584,2.2618982754425314,5.674567651748657,233,23.3,0.8385369734562981,12.050030229645161,6.462715895796084,10340.345433273735,14.107310155342365,8.562519744087576,17.32606506910447,0.09012875536480687,13.175718452705432,87.06131024194022,20.005536339442152,19.537911481531744,0.9766252276381885,1.3886680507986344
287,2,obs_2,876061,1,0,0,0,goal,1.3666080537413965,1.0998946869493618,1.0998946869493618,2.321525812149048,0.8110790653021525,0.6029580043824276,0.9887957643617494,2.7000584725814356,5.390392541885376,240,24.0,0.821162316362434,12.004542129370384,7.017890568692545,11228.624909908069,12.765938592256362,8.212384187412338,17.58423143128554,0.12916666666666668,14.170483967947566,86.57892159665275,20.0,19.707895592698417,0.9853947796349208,1.2747895977165822
288,2,obs_2,876062,1,0,0,0,goal,1.2130780093018954,0.9041473715721319,0.8911209308441874,2.2207610607147217,0.8230806420170738,0.13483891093905268,0.988799021284698,2.1555406164270106,2.451923370361328,255,25.5,0.7757320148774876,11.961741368395879,8.295236562973795,13272.378500758072,13.083948206713819,8.094400232828926,19.01865739915885,0.14901960784313725,13.857836197508147,94.45577193476183,20.0,19.781166379375936,0.9890583189687968,1.2921646621496956
289,2,obs_2,876063,1,0,0,0,goal,1.274012827504815,1.0063616751303333,1.0063616751303333,2.1568057537078857,0.781245712612673,0.11779581938113975,0.9887965139705712,2.94043571338624,3.570781183242798,215,21.5,0.8994442005357237,12.033631694624416,2.816139739307527,4505.823582892044,15.993119692691018,7.034107493302357,11.732013540212499,0.0,10.61390425450332,96.23717581796328,20.0,19.33805031151806,0.966902515575903,1.2355977503624545
290,2,obs_2,876064,1,0,0,0,goal,1.4355724906006277,1.1044983633742151,-1.1044983633742151,2.596096992492676,0.9170342093253497,0.2380643972698313,0.9888032088341637,2.178168504069487,3.2317129135131837,270,27.0,0.727508474978888,11.599267697354986,8.700500479398917,13920.800767038263,12.961616813028611,7.573883591585687,18.758531288968193,0.1111111111111111,14.319353323211185,88.2770280275414,20.0,19.64272882442998,0.982136441221499,1.3111678027892795
291,2,obs_2,876065,1,0,0,0,goal,0.7321834235112059,0.544352409052464,-0.5183775561014234,1.4124659299850464,0.5170853652878852,0.17092822682256506,0.9887673539339991,3.0257563984011586,3.400060272216797,211,21.1,0.9021179416425058,11.883281830274521,2.451342028010991,3922.1472448175864,14.623519579569498,6.105515278093898,9.489443965997742,0.03317535545023697,7.897563742852942,102.86592491736494,20.004526148115755,19.034688568656875,0.9515190926154364,1.3027707822516488
292,2,obs_2,876066,0,1,0,0,obstacle,0.5914456086798174,0.43485480773416785,-0.3999503256632484,1.4383578300476074,0.4357150961677841,0.0,0.9887069643413128,2.862142910649256,1.3682850122451782,139,13.9,0.8159373951182016,12.119682590383366,3.4197307453162,5471.569192505921,20.652951796849568,8.600871562932685,16.16799630278306,0.10071942446043165,6.906681067236611,-971.5887844894849,20.034765202824815,11.341529792143001,0.5660924736239931,8.9507979902052
293,2,obs_2,876067,1,0,0,0,goal,1.0947779964446775,0.798308686394354,-0.6820046701331568,2.1011807918548584,0.8563927203193556,0.9964567586860399,0.9887384875906096,2.6728811421036136,3.323672389984131,272,27.200000000000003,0.7242255470660905,11.53773919210824,9.961103648389553,15937.765837423283,11.276402354680304,7.77156380763454,20.701991166262065,0.12867647058823528,14.01366227093046,96.67380251095781,20.073938995324916,19.698934880197662,0.9813188574890762,1.3217090680074346
294,2,obs_2,876068,1,0,0,0,goal,1.9834920816486459,1.5606914168082526,1.5506701890634715,3.419551134109497,1.2367953762497401,1.1608434946324324,0.9888094011995163,2.292222845958525,4.850090789794922,277,27.700000000000003,0.7312452041066813,12.252985864070778,12.415453848686022,19864.726157897632,11.120293537775675,8.121707044150886,22.590273925328514,0.2924187725631769,17.81894923295249,77.93390166272965,20.007612625814442,20.255492153755075,1.0123892606567568,1.3736870217741677
295,2,obs_2,876069,1,0,0,0,goal,1.3159056196835517,1.075652620583066,-1.075652620583066,2.255275011062622,0.758009920612874,0.3847848609152024,0.9888089284628232,3.202346952287904,6.028291320800781,228,22.8,0.8451973782156984,11.939312578031892,6.401855974025139,10242.969558440222,17.517099506529416,9.92419951226547,18.10903717682027,0.07456140350877193,11.117691864537571,93.94010459516905,20.0,19.270500223317924,0.9635250111658962,1.3618886711158187
296,2,obs_2,876070,1,0,0,0,goal,1.395088196516098,1.1529836287362534,-1.1529836287362534,2.230849027633667,0.7854297090922395,0.3498154105566706,0.988808239524282,3.1764911192111582,4.386965751647949,228,22.8,0.8450772699799315,12.040494817725726,8.049300367388382,12878.880587821412,19.384442210722597,9.735357566838779,21.622943210235814,0.05263157894736842,10.526126933186863,93.14243841210083,20.0,19.267761755542438,0.9633880877771219,1.510173489240532
297,2,obs_2,876071,1,0,0,0,goal,1.2084682304910985,0.9698040049803336,0.9698040049803336,2.0246121883392334,0.7210240329076365,0.8484233931158404,0.9887259708226107,2.746813204579081,6.177464771270753,226,22.6,0.8553599329473339,11.959409584620952,4.410630915176859,7057.009464282975,12.070673518710665,6.141777818653547,13.704090899070808,0.030973451327433628,11.517869875068563,96.4701148998302,20.047919304069495,19.33113448460975,0.9642464233525597,1.26964078293358
298,2,obs_2,876072,1,0,0,0,goal,0.8797412391733738,0.736198083528788,-0.7224104805950305,1.3171422481536865,0.5020634874483108,0.8771716275879302,0.9887667909270261,3.102161235123071,6.226490545272828,194,19.400000000000002,0.9750259879312125,12.185721932291102,4.2323732403931755,6771.797184629079,18.68212791304514,8.524782775115453,14.45785316148984,0.0,6.2098116399989385,94.64009664499069,20.006069341125,18.91550416586552,0.9454882837470885,1.3879019038888305
299,2,obs_2,876073,1,0,0,0,goal,1.2680123353616777,1.0863579592366275,-1.0863579592366275,1.8447809219360352,0.653973751027215,0.8457142337539283,0.9888214259166085,2.3149568436173524,4.698412990570068,211,21.1,0.9061857279052556,12.28497531554569,7.084654262696529,11335.446820314446,14.897263475826806,9.101305276091113,19.411771877964526,0.14691943127962084,7.951433687534296,90.61903252388879,20.0,19.120518858800896,0.9560259429400448,1.7659697657743498
300,3,obs_3,975974,1,0,0,0,goal,1.8546813413197243,1.5268107922919196,1.5268107922919196,3.048527240753174,1.0529442921543626,1.0337807805564774,0.9887967223238295,2.2133236466118547,7.421758460998535,258,25.8,0.7650900694337444,12.172632975785366,9.906463708369365,15850.341933390984,11.683683682972354,8.904679547577112,20.30569076653599,0.20930232558139536,15.679421289796453,80.14977622588306,20.0,19.739323791390603,0.9869661895695302,1.4796593078520013
301,3,obs_3,975975,1,0,0,0,goal,1.8873524381077385,1.5693236582017944,1.5693236582017944,2.960480213165283,1.0484858041191412,1.2443301479748092,0.9887856293054093,2.2295131620365423,6.811046409606933,228,22.8,0.8581318047657474,12.183524517048346,5.611893087488804,8979.028939982087,12.060855926396039,7.352566688715558,16.031230810964317,0.10087719298245613,14.15698588065619,84.13993286622537,20.001883365081294,19.56540514865904,0.9781781441049573,1.5873870871093356
302,3,obs_3,975976,1,0,0,0,goal,1.7241568690031164,1.4663351825786597,-1.4663351825786597,2.531637668609619,0.9069608818811525,0.7100276542662777,0.9888612746498174,2.4753794714617543,3.9298136234283447,214,21.400000000000002,0.8995868382867367,12.418936651643957,8.714343845754586,13942.950153207337,20.974686643887015,11.545634175604713,22.15919046340702,0.03271028037383177,10.738186026847465,84.08624747387114,20.006976955236425,19.251158339336172,0.9622222478892578,1.9448402075299087
303,3,obs_3,975977,1,0,0,0,goal,1.2406122212383726,1.0461825024311022,-1.0461825024311022,1.8501513004302979,0.6667989615266396,0.7629486923964324,0.9888129802312974,2.8605730528560898,5.120284938812256,205,20.5,0.9345749493851331,12.240679635734457,6.431510499334014,10290.416798934422,16.97204180207907,9.300906030569243,18.165021476222247,0.0,8.507547062520004,90.63783641245992,20.0,19.15878646239523,0.9579393231197615,1.4507105719285371
304,3,obs_3,975978,1,0,0,0,goal,1.4450476841936883,1.1897212095632492,-1.1897212095632492,2.373110771179199,0.8201989106972166,0.16825971823796007,0.9887991405390236,2.227154672799627,2.4240246295928953,227,22.700000000000003,0.8504528121329615,12.180124948428952,6.1790605901749425,9886.49694427991,19.04275430514749,8.570214519156139,16.68494655303493,0.07488986784140969,11.832377199030503,82.61454895480651,20.0,19.30527883541823,0.9652639417709115,1.655098271729808
305,3,obs_3,975979,0,1,0,0,obstacle,0.2593611756856876,0.17141134327793695,0.09915852887802813,0.7564212679862976,0.23965768421606548,0.0,0.9888199777940762,2.6880444546049667,1.2041693925857544,83,8.3,0.5779589296151353,11.924856187876719,3.054927651936074,4887.884243097719,10.470793596128138,6.904261868544612,22.014882844614696,0.1566265060240964,9.320206310561877,-990.2250787890514,20.05969661762244,4.797059115805624,0.2391391658232462,15.422469261615847
306,3,obs_3,975980,0,1,0,0,obstacle,0.08642905381687271,0.0704414575084229,0.004471867454412859,0.23688103258609772,0.0863132883462914,0.0,0.9888122319199567,3.1575729107478283,0.1814424753189087,64,6.4,0.554491103266521,12.028332477319054,0.7541479850973394,1206.6367761557428,9.121227926678127,3.5647217556990096,12.886587036773562,0.0,3.2075991246540583,-993.6987138040689,20.01017223581925,3.5487430609057347,0.1773469522942586,16.47797269440284
307,3,obs_3,975981,1,0,0,0,goal,0.96035044589717,0.755318412850889,-0.755318412850889,1.619350790977478,0.5930995482575478,0.12508226593822874,0.9888041662706741,2.942265711245777,4.464620876312256,201,20.1,0.951556564497743,12.07253573708403,3.0478907761587783,4876.625241854045,19.118025958538055,6.814573823329458,11.186552431749467,0.05970149253731343,8.401279647384033,97.43956899971319,20.0,19.126286946404633,0.9563143473202317,1.2510624694524783
308,3,obs_3,975982,1,0,0,0,goal,1.4938852579354296,1.0752297304230958,1.0502292072040849,2.765131711959839,1.0624084789817354,0.08613136562431417,0.9887990159182937,2.063226380709989,2.183140182495117,281,28.1,0.7144415220150119,12.064586243761232,10.751221445915078,17201.954313464124,11.96735537477902,7.396570277614509,21.25511167206374,0.2277580071174377,16.19751343462042,90.99988596327081,20.0,20.07580676862183,1.0037903384310916,1.278565916782921
309,3,obs_3,975983,1,0,0,0,goal,1.5608961967627621,1.227002684685858,1.2254655269881416,2.6544101238250732,0.9667632488009313,0.4701377166190504,0.9887980404953076,2.793089087855846,6.048549652099609,247,24.700000000000003,0.7995509872648626,12.161128292889579,8.175765209290505,13081.224334864812,11.485356068223473,7.562847847969026,18.774940371513367,0.13360323886639677,15.695189886691795,86.77936492033882,20.0,19.748909385442108,0.9874454692721054,1.3110231943655968
310,3,obs_3,975984,1,0,0,0,goal,1.9646000594050583,1.648855465053266,-1.648855465053266,2.9045755863189697,1.0681428035512557,0.6342415507586698,0.988811537323318,2.866318749652338,4.159325981140137,228,22.8,0.858185622200202,12.321863699581867,7.723055671349842,12356.889074159748,18.867822339356206,8.275067273109459,19.63224317682417,0.017543859649122806,13.120699516193083,81.52729613154017,20.0,19.566632186164604,0.9783316093082302,1.7385442964159643
311,3,obs_3,975985,1,0,0,0,goal,1.1840577669094314,1.0073382101161186,-1.0073382101161186,1.809520959854126,0.6223042068141623,0.8163443802732719,0.9888187298253399,2.7380890774626123,3.1568527698516844,212,21.200000000000003,0.8994232740007306,12.20300324379361,6.72043671279668,10752.698740474685,14.563931305826557,8.816618687346823,18.74371110408936,0.07075471698113207,8.31354502252205,92.46023035543826,20.0,19.06777340881549,0.9533886704407746,1.6518152518512503
312,3,obs_3,975986,1,0,0,0,goal,2.9052037872624927,2.34441965227397,2.34441965227397,4.921754837036133,1.7157813204356576,0.3165595335049268,0.9887958159915606,1.4051631778951366,2.250937747955322,305,30.5,0.7008188882092273,12.417038811688297,14.69998614568485,23519.977833095756,12.02423366668977,7.889597491830328,24.086200203074785,0.2459016393442623,23.149048077314813,59.88841437878461,20.0,21.374976090381434,1.0687488045190716,1.6546327856374323
313,3,obs_3,975987,0,1,0,0,obstacle,0.15002858454646995,0.10868685200076664,-0.10868685200076664,0.42858633399009705,0.10342023198185513,0.0,0.9887979622667399,3.9243227608292806,0.5628801226615906,66,6.6000000000000005,0.5377040836204467,12.038483059626412,2.7146760411435444,4343.481665829671,4.996201533537644,5.617965211495562,22.52444689924067,0.22727272727272727,4.9724781856925695,-994.4467692491806,20.0,3.548846951894949,0.17744234759474745,16.5029948045497
314,3,obs_3,975988,1,0,0,0,goal,1.8640835916546485,1.5510378560583786,-1.5510378560583786,2.8873183727264404,1.0339677005351389,0.27514940160455664,0.9888105464955256,2.7760273434893348,1.9107316255569458,237,23.700000000000003,0.8294640585910241,12.166625128104057,8.231781068782832,13170.849710052531,15.985047665692992,8.928863267751336,20.14050444973169,0.0759493670886076,14.162007070264352,84.2085849625598,20.0,19.658298188607276,0.9829149094303637,1.471424942395769
315,3,obs_3,975989,1,0,0,0,goal,1.0258365741224134,0.8200147030043549,-0.7979641882869016,1.808768391609192,0.6446656738332172,0.3722410904777504,0.9886968612125991,2.638115055703903,3.506238651275635,224,22.400000000000002,0.8599755717689013,11.885417800101484,5.891004246472716,9425.606794356345,20.715906694865545,9.18425587418172,16.649490569585137,0.049107142857142856,10.607358767245731,94.86967885624826,20.04456300477748,19.26345280762339,0.9610313182199125,1.3002144825666224
316,3,obs_3,975990,1,0,0,0,goal,2.129253634067285,1.8319466657398096,-1.8319466657398096,3.158374071121216,1.085215394322037,0.9831276836145958,0.9888290209608221,1.947691291077961,3.72259783744812,259,25.900000000000002,0.7642248959280976,12.269455471273842,11.689563052396457,18703.30088383433,13.222146889036015,9.515092616825397,23.71777368213219,0.23552123552123552,13.797639856153353,79.6525424059632,20.0,19.79342480453773,0.9896712402268865,1.882107171371883
317,3,obs_3,975991,1,0,0,0,goal,1.8159288853388933,1.5296866192882488,-1.5296866192882488,2.5909132957458496,0.9785992864184219,0.5305627643928794,0.9888246060683926,2.1344116234533685,2.9137133598327636,213,21.3,0.9091114459409608,12.46355107022633,7.1892507986978025,11502.801277916484,17.946543361780776,8.876934483450842,18.60977118144013,0.19718309859154928,11.130906881592422,81.69366292798877,20.0,19.364073798542464,0.9682036899271231,1.900246067663358
318,3,obs_3,975992,1,0,0,0,goal,3.422387679920182,2.786117229607762,2.786117229607762,5.677001476287842,1.9875331983522229,0.018735589059341796,0.7783866807910238,0.7783866807910238,1.5432674646377564,319,31.900000000000002,0.6952965281353647,12.478636435504571,15.4906983720209,24785.11739523344,11.435144764822233,7.876710579634376,24.30550433158127,0.29780564263322884,26.586254298783324,48.47275170123956,20.0,22.179959247518134,1.1089979623759068,1.676043777440201
319,3,obs_3,975993,0,1,0,0,obstacle,0.36897848076674145,0.24827604125477845,0.24827604125477845,0.9724356532096863,0.2729544405350244,0.0,0.9887923484017456,3.063020715007873,1.2821231603622436,79,7.9,0.5586250059131216,11.812633524849256,2.768801271836464,4430.082034938342,10.985606603133373,8.534925523230648,21.15489075832729,0.1518987341772152,10.300645383140495,-993.2579205519546,20.0,4.413137546713661,0.22065687733568304,15.793954128170519
320,3,obs_3,975994,1,0,0,0,goal,2.22774734541529,1.8930457955369004,-1.8930457955369004,3.294844627380371,1.17440872399899,0.477167552573273,0.9888308010121285,2.0382118603672055,2.339720630645752,248,24.8,0.8013506549304098,12.342938588098473,9.666657423195971,15466.651877113552,13.653086240474993,8.872613106858559,21.076420061290264,0.2056451612903226,14.72052547518181,73.78508784260937,20.0,19.873496242274165,0.9936748121137082,1.8867198425639438
321,3,obs_3,975995,0,1,0,0,obstacle,0.2194663346037707,0.1466291161129872,-0.08220107667148113,0.6425581574440002,0.20349067550741368,0.0,0.9887387960867561,3.5632865760039008,0.8715846538543701,75,7.5,0.5004573604533048,12.106279932036996,5.012988885046162,8020.782216073858,13.125294124757922,6.751514993988381,31.409099324544272,0.36,9.622804082853184,-997.7967863689826,20.032332955612038,3.7534302033997857,0.18736860113680698,16.422632822462482
322,3,obs_3,975996,1,0,0,0,goal,1.9629456158355008,1.625905583642471,1.625905583642471,3.124720335006714,1.099812040217804,1.8863276575351315,0.9887964259746598,2.074174511975266,8.60689344406128,234,23.400000000000002,0.842436817353462,12.209324090228153,6.1956437124155315,9913.02993986485,11.69098398204525,7.490785604669988,16.78386226041704,0.11538461538461539,14.951372060912469,82.96395305165925,20.0,19.71302152607101,0.9856510763035505,1.5408516047650818
323,3,obs_3,975997,1,0,0,0,goal,1.5443890642094609,1.3090537410946046,-1.3090537410946046,2.3588552474975586,0.819460727903415,0.9321458175083664,0.9888204120796967,2.516704721669495,3.5257637977600096,225,22.5,0.8577728136030998,12.226861939753094,8.033847011894899,12854.155219031836,15.386315009423665,9.832894012238254,20.930835178163317,0.12,10.752419471670194,88.58439279112713,20.0,19.299888306069743,0.9649944153034872,1.622835761887656
324,3,obs_3,975998,1,0,0,0,goal,2.0015408992076504,1.6534977100602146,1.6534977100602146,3.202195882797241,1.1278791132149746,0.07777990317777783,0.9887987969669257,2.6779781946708576,1.6702935695648193,246,24.6,0.8032315135673296,12.1462534619836,6.432162534609894,10291.46005537583,12.087791768872007,7.104454146197071,17.999229767942815,0.04878048780487805,15.482069510931392,83.22438323608473,20.0,19.75949523375631,0.9879747616878156,1.5979626364314212
325,3,obs_3,975999,1,0,0,0,goal,1.3839902481951702,1.1496651315261335,-1.1496651315261335,2.1407687664031982,0.770518716484115,0.4608057394794553,0.988813747488609,2.7772702579716735,5.604080438613892,199,19.900000000000002,0.9585636378103556,12.33248318744421,6.294951415695741,10071.922265113186,21.486201039468398,9.803426733140736,17.784232599052352,0.04020100502512563,9.185289387964197,88.08641748581873,20.0,19.075416392426074,0.9537708196213037,1.6645628479552368
326,3,obs_3,976000,1,0,0,0,goal,1.1781788403624498,1.0014275888828037,-1.0014275888828037,1.6666417121887207,0.6206836264170187,1.2840801479323822,0.9888169125262201,2.2194968726515834,7.434438037872315,196,19.6,0.9710387597089185,12.360709351207111,5.586546741255031,8938.474786008048,14.227545108550634,8.363860444020684,16.12547296954661,0.14285714285714285,6.986056060387882,89.4819313216205,20.0,19.032359690294804,0.9516179845147402,1.646461879521631
327,3,obs_3,976001,1,0,0,0,goal,0.9923739347708671,0.7469567970676428,-0.7155909904582507,1.7287758588790894,0.6875576781533262,0.29611459574954774,0.9888013264130537,2.7330592525076707,3.11299147605896,230,23.0,0.836450689055075,11.706354574182921,7.0484694587337176,11277.551133973948,19.28825146766729,9.245959232604424,19.280117559692133,0.09565217391304348,10.152875998434894,101.28714274969012,20.0,19.238365848266728,0.9619182924133364,1.288226310866165
328,3,obs_3,976002,1,0,0,0,goal,1.7823610576839712,1.5112947556492011,-1.5112947556492011,2.634956121444702,0.9448804694222156,0.8099756922683949,0.9888481538358707,2.357195848741191,4.286072158813477,216,21.6,0.8931676955423712,12.441266397466986,8.686806740240389,13898.890784384623,20.82701890967613,11.542204577007547,21.97987191517044,0.1574074074074074,11.23991344257159,83.54863494182499,20.003292831737312,19.29242222371522,0.9644623205788289,1.9196758062310204
329,3,obs_3,976003,1,0,0,0,goal,0.755833259056259,0.5737879058802858,-0.5286460030206049,1.3433234691619873,0.5402011838065004,0.24333702060550344,0.9887153692883128,2.8757893567572603,5.211829662322998,208,20.8,0.9182894128020672,11.79334877092445,2.440066152803782,3904.105844486051,13.477785057491726,5.964333260551836,10.664416359594235,0.03365384615384615,8.874709601232782,100.51792209430452,20.02866264178687,19.100419786283002,0.9536542767679742,1.3345800320378292
330,3,obs_3,976004,1,0,0,0,goal,1.6013920495072,1.272528334771387,1.2713555496244706,2.6716861724853516,0.9737102046625221,0.7945443386805405,0.9887990872344856,2.492937375212653,4.8084821701049805,242,24.200000000000003,0.8215208562445245,12.156890250615437,6.051212913440349,9681.940661504557,9.994134368738198,6.3024411838039,16.058022422977714,0.09917355371900827,15.993246403056533,86.56921611962882,20.0,19.880804721117496,0.9940402360558748,1.2566736995623793
331,3,obs_3,976005,1,0,0,0,goal,1.695072777549511,1.454143730051937,-1.454143730051937,2.41825270652771,0.8710555283907297,0.5293545870785248,0.9888292079844854,1.9626401745077333,2.447423887252808,230,23.0,0.8384272725616988,12.36190876217721,8.783492160570978,14053.587456913561,17.41577600287558,10.743472599649776,21.577757226384204,0.1956521739130435,10.173315564314077,86.42710342444906,20.0,19.283827268919076,0.9641913634459538,1.8934789045877207
332,3,obs_3,976006,1,0,0,0,goal,1.5501465986969332,1.2496211088138716,1.2496211088138716,2.5932695865631104,0.9172794349915738,0.5019049090798737,0.9887955412768796,2.9133555971006144,5.673231983184815,237,23.700000000000003,0.8301903592477645,12.115323473192468,6.8101190549409285,10896.190487905487,12.486680079314668,8.326466697948982,17.531820445121088,0.08438818565400844,15.038346013266676,86.36164005621268,20.0,19.675511514172022,0.9837755757086011,1.3103533677597683
333,3,obs_3,976007,1,0,0,0,goal,1.6161666156012966,1.2985055417100395,1.2985055417100395,2.704771041870117,0.9622254868441525,0.38384175220071254,0.9888013213461834,2.65985089098922,3.330271291732788,227,22.700000000000003,0.857800357135303,12.179040753893915,3.1669839817363385,5067.174370778141,11.665871660266301,5.408321689614427,12.971480681770174,0.0,13.264615487969113,92.08799644839661,20.0,19.472068106971378,0.9736034053485689,1.4036689125209045
334,3,obs_3,976008,1,0,0,0,goal,1.5760669645246577,1.260456676815026,1.2601635918860565,2.6112709045410156,0.946559453151676,0.7498762727468676,0.9887989033933546,2.9029893431287492,5.228994083404541,238,23.8,0.8313870276387361,12.140695444965626,5.746570032331748,9194.512051730795,10.459397764648566,6.581036222881413,16.177814044371374,0.06722689075630252,15.400772102826732,89.1466959881191,20.0,19.78701125780192,0.989350562890096,1.245147114986928
335,3,obs_3,976009,1,0,0,0,goal,1.5230680196194724,1.3015058420298364,-1.3015058420298364,2.2516252994537354,0.7910870593997781,0.6654267526920837,0.9888510004138457,2.359142494762537,3.7141095638275146,211,21.1,0.9089641294183993,12.40536699522622,8.75220794838198,14003.532717411166,20.895843704541523,11.796692366564383,22.622457352859715,0.10426540284360189,9.208993128852264,86.67391954841844,20.004219866206135,19.179143130728228,0.9587548656735302,1.9776058151049805
336,3,obs_3,976010,1,0,0,0,goal,1.0213197004243548,0.8062791686257565,0.788526960709426,1.6946215629577637,0.6490910280609716,0.5501323498013403,0.9887910828522208,2.8377190564281034,4.969206476211548,222,22.200000000000003,0.8708663181971286,11.907106267137301,4.815738804189315,7705.182086702902,16.714543185083034,7.239742925238964,15.408519190979433,0.02252252252252252,10.34127305889624,100.94381783071677,20.0,19.333232263976257,0.9666616131988128,1.2802964069039104
337,3,obs_3,976011,1,0,0,0,goal,2.039666143235743,1.764834803761488,-1.764834803761488,3.1065709590911865,1.0225439312295197,0.929704646744952,0.9888251716997417,2.2776437761458084,3.2321274280548096,273,27.3,0.7258932533806619,12.175746492427457,13.679472381281299,21887.155810050077,13.296261188738487,10.256191773918157,24.997527842774932,0.24175824175824176,14.177652223220198,79.30267281850801,20.0,19.816885817292068,0.9908442908646033,1.7486709267072271
338,3,obs_3,976012,1,0,0,0,goal,1.2225218746588866,1.0186420047345262,-1.0186420047345262,1.9020916223526,0.6759646442010884,0.301187380727162,0.9888069909525506,3.4974114758931467,4.161304092407226,198,19.8,0.9647891246237528,12.325260349972682,3.9531594527757576,6325.055124441213,20.466655386886014,7.7558332306748,13.206132039277241,0.025252525252525252,8.848095959856169,90.74051509469781,20.0,19.10282466755031,0.9551412333775154,1.4696262063633894
339,3,obs_3,976013,1,0,0,0,goal,1.2184300938672639,0.9838609930916586,0.9838609930916586,2.039581298828125,0.7187415668472813,1.133303760693144,0.9887960115771428,3.342351836037862,6.90665636062622,209,20.900000000000002,0.9161509655060284,12.031205552460795,2.3821375390063295,3811.4200624101286,11.270055776605238,5.128372765007332,10.772342651939848,0.0,10.1789882980035,94.74227748461604,20.0,19.147555179075994,0.9573777589537997,1.3478848712358114
340,3,obs_3,976014,1,0,0,0,goal,1.6278106084511508,1.4214998330625026,-1.4214998330625026,2.3276147842407227,0.7931617751690905,0.9320245857067512,0.9888213668271282,2.468653801128235,3.5825476169586183,251,25.1,0.7708377335985439,12.238326593383821,11.0758782153641,17721.405144582557,14.119531750679014,9.429928573231908,23.461600460141778,0.1752988047808765,11.446107973362189,90.99080543658215,20.0,19.348027113323454,0.9674013556661727,1.8160113202806452
341,3,obs_3,976015,1,0,0,0,goal,2.30064931629663,1.8761286209559973,1.8666288918688867,3.7918548583984375,1.3448731749189158,1.2062548332182854,0.9888071596522262,2.0496449181872105,3.527027988433838,272,27.200000000000003,0.7461643452396044,12.313070643703481,11.271274877963812,18034.039804742093,11.834894863001974,8.31546636418507,21.819542609155178,0.20220588235294118,19.097284789821305,73.685377595658,20.006653418157207,20.295670190517242,1.0144460328431408,1.5243000669947127
342,3,obs_3,976016,1,0,0,0,goal,1.4348150759308895,1.1421009176383408,-1.1421009176383408,2.381251573562622,0.8685043442886305,0.1849692011042699,0.9888077537786993,2.8386304099855932,3.3088544845581054,213,21.3,0.9082437758941067,12.116190925043758,3.813687782862234,6101.900452579574,18.438381589246244,7.103397772049502,13.249222515894214,0.046948356807511735,11.165510608779503,93.07905863217236,20.0,19.34559242654447,0.9672796213272236,1.3883596910332419
343,3,obs_3,976017,1,0,0,0,goal,1.3031535724673822,1.0536440495223283,1.0528791525638959,2.098005771636963,0.7678897860571094,0.5761257329858264,0.988796899343958,2.9241032021972364,5.203748321533203,235,23.5,0.8340737319964524,11.983282712113825,6.140758289182202,9825.213262691525,14.148483138818007,8.30106291779888,16.621563414309886,0.10212765957446808,13.530423981565,87.80785865760177,20.0,19.60073270191664,0.980036635095832,1.294479593792384
344,3,obs_3,976018,1,0,0,0,goal,1.7336566182861237,1.4570773564729438,-1.4570773564729438,2.5202600955963135,0.9394098399426615,0.677229100161049,0.9888201938241106,2.0675972619583542,5.758343601226807,213,21.3,0.9061360078745765,12.362990647974149,7.695748399263167,12313.197438821067,18.136409374902833,9.564278918375658,19.988344464223708,0.19248826291079812,11.018401953873825,82.93986908250963,20.0,19.300696967728484,0.9650348483864242,1.837384607475644
345,3,obs_3,976019,1,0,0,0,goal,2.0476146041702656,1.7277182689126398,-1.7277182689126398,2.979790210723877,1.0989609412881174,0.8963899715978507,0.9888212468624332,2.324078911137811,4.047878265380859,230,23.0,0.8518069339498268,12.382035569510544,8.917461610624462,14267.938576999139,16.245917956381383,9.321408615114994,21.900710987008136,0.1391304347826087,13.122761986416892,79.43979841000657,20.0,19.591559480846016,0.9795779740423007,1.8803371115535576
346,3,obs_3,976020,1,0,0,0,goal,1.7702721711982368,1.3185902897005335,1.2921676549527361,3.157960891723633,1.2100274011826617,0.1980694043601159,0.9887979358969398,1.5220049508980835,2.0940504550933836,276,27.6,0.7378063967386398,12.25531908769525,10.766409843014326,17226.25574882292,11.556662516160445,6.86307700124017,21.298479966927268,0.2246376811594203,17.877780772405227,86.77497495551253,20.0,20.36345654998646,1.018172827499323,1.284572662672063
347,3,obs_3,976021,1,0,0,0,goal,1.3052664017599709,1.0827624708631256,-1.0827624708631256,1.9211727380752563,0.7289347098703698,0.2510983687958924,0.9887977176947194,2.602722339173525,2.1255079746246337,238,23.8,0.813091797897578,12.010971015057049,6.941149956229873,11105.839929967795,19.018814759918403,9.276651128275274,17.178837535511544,0.11764705882352941,10.691404015774772,96.7844774031307,20.0,19.35158478996236,0.967579239498118,1.3382107200528577
348,3,obs_3,976022,0,1,0,0,obstacle,0.08749234107164261,0.07213320260780165,0.07213320260780165,0.2296135425567627,0.04951475363705728,0.0,0.9887931432800171,4.033982839818898,0.18712223768234254,64,6.4,0.5536319262948188,11.966360263861134,1.4331883396586993,2293.101343453919,5.935470073942153,4.97095250591766,14.10773465409875,0.078125,2.3190129751324196,-993.9033411926807,20.0,3.54324432828684,0.177162216414342,16.46883302478003
349,3,obs_3,976023,1,0,0,0,goal,1.9170485003061115,1.591265690736869,1.591265690736869,3.0709567070007324,1.0690876736777142,1.179662142524945,0.9887970181866098,2.234567663111073,4.52187032699585,235,23.5,0.8337244083710325,12.168721638243408,6.437941945167438,10300.707112267903,11.208159011653347,7.581864276486023,17.295285838715575,0.09787234042553192,14.073562557615205,84.56897957160021,20.0,19.592523596719268,0.9796261798359633,1.6673927170196512
350,3,obs_3,976024,1,0,0,0,goal,1.8538437895073707,1.4809606511535645,1.4809606511535645,3.1541106700897217,1.1151198794882362,1.1073957826232699,0.9887956307635937,2.7385651306052603,4.131286907196045,264,26.400000000000002,0.7575636336241708,12.220503260423852,9.86390965045534,15782.255440728542,11.603173828850228,7.6696238025868055,20.601859606350914,0.15151515151515152,16.468211677511192,83.57480391733813,20.0,19.99967992767811,0.9999839963839054,1.334267057308971
351,3,obs_3,976025,0,1,0,0,obstacle,0.20445942390795,0.13896010478228246,-0.13896010478228246,0.622656524181366,0.14997914956309052,0.0,0.9888017881519605,3.6676451776498658,0.2730396091938019,88,8.8,0.6628147858313751,12.06777578145689,1.9633713869490101,3141.394219118417,5.203768405421026,4.069398325897112,13.637331412597137,0.125,4.440884774568571,-985.3504637386736,20.0,5.832770115316102,0.2916385057658051,14.243437890825026
352,3,obs_3,976026,1,0,0,0,goal,1.4645872031186706,1.2076742555196318,-1.194935588604155,2.2686283588409424,0.8468439139689272,0.8096072176531156,0.9887687615562839,3.103472504242922,3.9539883136749268,236,23.6,0.8229097141669484,11.99789042584598,7.807694569505587,12492.311311208938,17.77929068879878,9.177687788614485,19.72898221495798,0.0211864406779661,11.98143191839822,91.89089630971392,20.009406945382796,19.420669254339984,0.9705769544969615,1.3341330109192786
353,3,obs_3,976027,0,1,0,0,obstacle,0.06597181117588849,0.058846019869166856,0.058846019869166856,0.11194336414337158,0.029823242871705048,0.0,0.9887965982361724,4.317819960641277,0.15868116319179534,74,7.4,0.6137783811820612,11.826744026529628,0.4221633878692327,675.4614205907721,14.437854616609338,3.9667737696415033,6.5700695603280455,0.0,0.6897933098703206,-989.8235926031449,20.0,4.541960020747252,0.2270980010373626,15.45877231555277
354,3,obs_3,976028,1,0,0,0,goal,1.5525581770055323,1.3349097649630144,-1.3349097649630144,2.1788172721862793,0.7927501576115462,0.4770432132921947,0.9888076785436951,3.312011119023132,3.902922821044922,228,22.8,0.842775388044677,12.321231537559806,10.484952551618246,16775.92408258919,19.839026473692336,11.040945169032513,24.46816774444622,0.15789473684210525,10.16775450755669,88.48993286459664,20.0,19.215278847418638,0.9607639423709319,1.7818392230850641
355,3,obs_3,976029,1,0,0,0,goal,0.9972703887479375,0.7995398141927742,-0.7995398141927742,1.6772493124008179,0.5960573074747482,0.3949357282476821,0.9888052326024991,3.0193215839040732,4.471496677398681,203,20.3,0.9431283459668841,12.100908300559508,3.8479897235659624,6156.783557705539,21.194704437609946,8.538452720919723,13.4244184981426,0.054187192118226604,8.826984517387356,97.01923868821413,20.0,19.14550542312775,0.9572752711563876,1.2508189525099456
356,3,obs_3,976030,1,0,0,0,goal,1.749815935624139,1.3514505619126478,1.3514505619126478,3.0678656101226807,1.1115022209920091,0.46590711728063694,0.9887904180769614,2.611704229389343,4.375113296508789,271,27.1,0.7394166793655791,12.178132436131694,10.584139290000746,16934.622864001194,12.315539496916312,7.419591057186487,21.63927224069504,0.1992619926199262,16.600053751577615,84.09170633194387,20.0,20.038192010807194,1.0019096005403596,1.3334010205163709
357,3,obs_3,976031,0,1,0,0,obstacle,0.15127456039116283,0.11934913844498021,-0.11934913844498021,0.4429571032524109,0.09295039415720904,0.0,0.9888654544304482,3.9188264030261157,0.2335547089576721,89,8.9,0.696480845493684,12.090736225498526,1.848437063596945,2957.499301755112,5.573789301243695,4.770769442707764,11.954876820692855,0.1348314606741573,3.4791560835829265,-983.1983215006517,20.02054238125167,6.198679524893789,0.3096159637862045,13.857405975166605
358,3,obs_3,976032,1,0,0,0,goal,2.0371768963087202,1.727381176693851,-1.727381176693851,2.863978385925293,1.0799277648332766,0.7574524992261287,0.9888290482634949,2.023078953469504,3.5469130516052245,230,23.0,0.8524571628897754,12.422358890999433,8.794786315429524,14071.65810468724,15.670545626936,9.189360939226159,21.772448828686837,0.2,12.217081936155308,79.46770039301869,20.0,19.606514746464835,0.9803257373232418,1.9323082615224085
359,3,obs_3,976033,1,0,0,0,goal,1.4626172845776984,1.175834404487718,-1.175834404487718,2.392774820327759,0.8698636527459077,0.10281592843504912,0.9888041190703347,2.7656099704087627,4.054414939880371,213,21.3,0.9101390007074608,12.124519848763208,4.330743001157042,6929.188801851266,21.442130840611906,7.764067331629212,14.023232493602054,0.06572769953051644,11.74129839226457,91.98108625024366,20.0,19.38596071506892,0.969298035753446,1.3608540693680204
360,3,obs_3,976034,1,0,0,0,goal,1.3598018917723214,1.0366356521568139,1.0366356521568139,2.4108948707580566,0.880027107278521,0.11255079606441397,0.9887972262431641,2.1181420466300227,2.2848949432373047,244,24.400000000000002,0.8007691005662255,12.106110710528542,4.667976067846861,7468.761708554976,11.22798170327159,5.447509289791859,14.578916060387112,0.0,12.837467840257704,97.72056997326578,20.0,19.538766053815905,0.9769383026907953,1.2602178736428058
361,3,obs_3,976035,0,1,0,0,obstacle,0.21150156594952582,0.14693492996122906,0.11340912612264648,0.6092966794967651,0.1785252993589404,0.0,0.9888011079134426,3.894066115843695,0.8045905709266663,85,8.5,0.6537443062787758,11.916922525152126,1.7484843636167842,2797.5749817868546,9.509301682313284,5.057905811987131,13.75446377431645,0.12941176470588237,4.701875409265596,-986.1620391670042,20.000955873980363,5.556826603369594,0.27782805173819614,14.513344446807457
362,3,obs_3,976036,1,0,0,0,goal,1.9730725798541173,1.678908096906622,-1.678908096906622,2.7711730003356934,1.036476245513407,0.8879971698047002,0.9888498319956449,2.305387276897396,3.5939403057098387,226,22.6,0.864832270864801,12.424992713801133,8.484652777276667,13575.444443642666,17.249946832656857,10.259824237695664,21.238232854984503,0.084070796460177,11.859313236927592,80.77674691828604,20.003137210616224,19.545209321544505,0.9771071965237191,1.8858748458520718
363,3,obs_3,976037,1,0,0,0,goal,2.22348460756209,1.8198535201234307,1.8198535201234307,3.6100003719329834,1.2775041938717455,1.4702020790375951,0.9887905566353596,2.0365524137367306,5.491789817810059,261,26.1,0.7735352345394776,12.317472985217712,9.839471875008613,15743.15500001378,11.48268917432198,8.254641091860755,20.329055979105703,0.19540229885057472,18.782101526380163,75.89799465009014,20.0,20.18926962148037,1.0094634810740186,1.458217464419936
364,3,obs_3,976038,1,0,0,0,goal,1.2635711428646004,0.9274738881640348,0.875486647489674,2.3324978351593018,0.9111175353089432,0.15585402754841554,0.9887992275305992,2.651198118250348,2.543897294998169,265,26.5,0.744427445792345,12.008474538194122,8.790181154883886,14064.289847814216,10.628514522404382,6.941465761291556,20.13092047425936,0.13962264150943396,14.341152127350918,95.48174781166381,20.0,19.727327313497142,0.9863663656748571,1.2760994310387195
365,3,obs_3,976039,1,0,0,0,goal,1.8650400865435164,1.5341925578940985,1.5341925578940985,3.0165765285491943,1.0604846626503426,1.4896927245312042,0.9887935387083566,2.578234297613534,5.25411901473999,230,23.0,0.8517783495895057,12.203305775157945,5.253912978443388,8406.26076550942,12.027082875305908,7.032733531673153,15.467650258022806,0.05217391304347826,14.29781887129586,85.8303823933692,20.0,19.590902040558632,0.9795451020279315,1.5362586982408282
366,3,obs_3,976040,1,0,0,0,goal,1.4501271908596132,1.1537957240311756,1.1537957240311756,2.4863247871398926,0.8784214802005744,0.29350597652009647,0.98879607382962,2.606578435112458,4.772697448730469,233,23.3,0.838017288629024,12.083349630004795,4.893388226990085,7829.421163184135,12.976059587351207,7.475473507648289,14.841676254640833,0.034334763948497854,13.043404137727576,90.77911277216448,20.0,19.52580282505626,0.976290141252813,1.284990147564023
367,3,obs_3,976041,1,0,0,0,goal,1.6299111857367141,1.3413675732365598,1.3413675732365598,2.591160535812378,0.9259284566634312,0.20523884850464882,0.9887968492917365,2.8186886577364225,3.7514317512512205,220,22.0,0.882177185778624,12.089013263710182,3.798664646611725,6077.863434578761,11.696323371369,6.476828767074639,13.676376933401281,0.0,12.571850467217402,88.50664074594069,20.0,19.40789808712973,0.9703949043564866,1.4117659648382697
368,3,obs_3,976042,1,0,0,0,goal,1.0945733122516716,0.8330810524194556,-0.5706684149326939,2.0117318630218506,0.9340387016027775,0.5589104114647081,0.9887112690220161,1.7066675300139291,3.6175175666809083,255,25.5,0.7794406554023522,11.659463961455314,6.555280500976036,10488.448801561659,14.075228736156552,6.502399354625963,17.308202549523,0.07058823529411765,14.900107523177377,101.09079584050892,20.06829508994857,19.87573671275998,0.9904048462350429,1.7756595053436255
369,3,obs_3,976043,0,1,0,0,obstacle,0.2008979685150361,0.13855686080094207,-0.13855686080094207,0.5938490629196167,0.1454716126206649,0.0,0.9888016424368282,3.7134879883271266,0.3222222924232483,85,8.5,0.6532308128338734,12.083520760376226,1.793358359977579,2869.373375964127,5.8784882582369296,4.428158166401761,13.432553571813246,0.1411764705882353,4.419854387429762,-986.1770701540491,20.0,5.552461909087925,0.27762309545439623,14.516416913423264
370,3,obs_3,976044,1,0,0,0,goal,1.0192349009779265,0.790789301908472,-0.790789301908472,1.7893708944320679,0.6430334854100486,0.33849615556728607,0.988806196673943,3.0633857459504634,4.909133434295654,208,20.8,0.9201197047379915,11.955495208694348,3.030363568762073,4848.581710019316,17.052636615895995,6.695366827091968,11.898114651155014,0.009615384615384616,9.4989470976309,98.3982942636709,20.0,19.138489858550223,0.9569244929275111,1.297385058717262
371,3,obs_3,976045,1,0,0,0,goal,1.7175526059411286,1.4389630706107945,1.4389630706107945,2.8067991733551025,0.937748492717272,1.0539900899773555,0.9887960716582219,2.4626256019478445,3.4244877338409423,247,24.700000000000003,0.7919223615468758,12.008594203725277,7.925100721828144,12680.16115492503,13.063815478386918,8.035925890686684,19.22077750870091,0.016194331983805668,13.263265201238768,86.5100284834147,20.0,19.560482330207837,0.9780241165103918,1.5979829797728353
372,3,obs_3,976046,1,0,0,0,goal,1.1614618121986102,0.937213536460541,0.9269061673380957,1.8338404893875122,0.6998846320260805,0.5597575564891695,0.9887983352991231,2.993929814192125,3.45745906829834,239,23.900000000000002,0.8158272911470952,11.96141694842304,5.892952116802243,9428.72338688359,16.81644175232959,8.244494271439912,17.397517136699484,0.06276150627615062,11.934203646417068,97.38254120632473,20.0,19.498272258415582,0.9749136129207792,1.289469819133805
373,3,obs_3,976047,1,0,0,0,goal,1.5781174614788454,1.2071148402368028,1.1975525943927614,2.747941017150879,1.0277755133722546,0.681155365054592,0.9887966625396629,2.300803159438542,5.858680725097656,255,25.5,0.7822341933881569,12.188486518798506,9.085616978995601,14536.987166392959,11.267189364733659,7.337696496857447,19.874201998991126,0.20392156862745098,16.03801450664658,86.57959676116707,20.0,19.946971931398004,0.9973485965699002,1.2641504926489044
374,3,obs_3,976048,1,0,0,0,goal,1.230484548487533,1.0392057093555833,-1.0392057093555833,1.7348411083221436,0.6588958322142638,0.7969513504158732,0.988818604120822,2.243727476745838,7.85025863647461,194,19.400000000000002,0.9801647168979979,12.413105123863584,5.3177212885518585,8508.354061682974,15.918240862189178,8.60120268635469,15.799003211186104,0.13402061855670103,7.061974161063154,88.68429742502163,20.0,19.01519550782116,0.950759775391058,1.699414887552202
375,3,obs_3,976049,1,0,0,0,goal,1.4785696905750851,1.260681781515443,-1.260681781515443,2.1216537952423096,0.7725605320247416,1.0261564478543121,0.9888546895395193,2.3800564533215676,5.005271625518799,206,20.6,0.9284766641131167,12.39338364054277,6.638012477701065,10620.819964321705,15.967371987133491,9.017436278735325,18.133315805671284,0.1262135922330097,9.059466024574737,86.85123150334252,20.004615737697794,19.12661928073021,0.9561103063173046,1.812779821931428
376,3,obs_3,976050,1,0,0,0,goal,1.7814339258714094,1.4660721849002813,1.4660721849002813,2.8734021186828613,1.0119976190225637,1.1262040502030823,0.9887947097136398,2.688745297111968,5.061836910247803,223,22.3,0.8707447059817192,12.15587619755985,4.713212293751183,7541.139670001893,12.695451550655536,6.427918487855682,14.603852394450406,0.03139013452914798,13.190049940106288,86.65152106270705,20.0,19.417606943392336,0.9708803471696168,1.6150329528746503
377,3,obs_3,976051,1,0,0,0,goal,1.5712297645597166,1.3292369758070801,-1.3292369758070801,2.320340156555176,0.8377899708074994,0.4139160420918403,0.9888163992904365,2.4621629895801123,5.503872489929199,213,21.3,0.9026157917786544,12.354329861530012,7.536815053032896,12058.904084852633,16.537719880634885,9.096010549118057,19.671451182152744,0.15492957746478872,10.29124335245858,86.03695192549038,20.0,19.225716364885336,0.9612858182442668,1.719797470993281
378,3,obs_3,976052,1,0,0,0,goal,2.420217207758152,1.9824668174893358,1.9824668174893358,3.9397404193878174,1.3882638979251642,0.4833881705814631,0.9887875450671195,2.0214486512495693,2.928175210952759,274,27.400000000000002,0.7443735304190501,12.280405085795579,10.239878876778981,16383.806202846365,14.702522208839108,8.29386155122683,21.597840318279545,0.06204379562043796,19.442836170898993,74.77427292299565,20.0,20.395834733481976,1.0197917366740987,1.5693811867105922
379,3,obs_3,976053,1,0,0,0,goal,1.9802908728752973,1.684537251621149,-1.684537251621149,2.871675968170166,1.0410985491747997,0.7327922924352243,0.9888186868091899,2.6449296820008197,2.912502956390381,244,24.400000000000002,0.8069260032172745,12.279715103520935,9.129577610450397,14607.324176720638,16.928933456601428,9.581621216100036,20.790217469950193,0.0860655737704918,13.239529977131184,79.68989111264625,20.0,19.6889944785015,0.9844497239250749,1.6626809902209863
380,3,obs_3,976054,1,0,0,0,goal,1.6385210291997843,1.417788236053778,-1.417788236053778,2.3107218742370605,0.821357218777212,0.6413632427692331,0.98886903682732,2.9590016452197196,2.852398633956909,222,22.200000000000003,0.869610419167901,12.412986902985722,6.802145479181892,10883.432766691025,18.91986050756808,9.120331099628682,18.32012612406198,0.07207207207207207,10.458539397392645,87.71781677742247,20.019710917093057,19.305351305527406,0.9643171864706737,1.7712190693886316
381,3,obs_3,976055,0,1,0,0,obstacle,0.10633041907951869,0.08208793881760143,0.022620573331711486,0.297436386346817,0.1038964276756941,0.0,0.9888085353635119,3.4845824788911672,0.2908112108707428,68,6.800000000000001,0.5719005912406055,12.003103113021044,1.6210381305938946,2593.6610089502315,5.563699309505632,4.5539030734420205,16.786430758588455,0.11764705882352941,3.7406977153267698,-992.2834459585679,20.00882716386806,3.888924020436119,0.194360418458646,16.1468948052637
382,3,obs_3,976056,1,0,0,0,goal,1.2928637804042848,0.9720577129901582,-0.9720577129901582,2.3275206089019775,0.8524086797408871,0.1069235437941312,0.988804647694275,2.2125522985792,2.185302209854126,243,24.3,0.8045953996095355,11.775565629767508,5.536787733732986,8858.860373972779,15.008331995365047,7.227282115358645,15.093558545956396,0.08641975308641975,12.808607162295917,100.37571879219959,20.0,19.551668210511714,0.9775834105255857,1.2571347560287096
383,3,obs_3,976057,1,0,0,0,goal,1.7613234452974431,1.411730359450914,1.411730359450914,2.9343771934509277,1.0532225174003111,0.618073499800254,0.9887966357113943,2.6334389271737524,6.091303491592408,250,25.0,0.7962191210767388,12.18769880477339,9.336367362030165,14938.187779248265,13.124386301959854,9.0267873528819,20.71276554226875,0.132,16.61876926019678,82.20518985315621,20.0,19.905478026918466,0.9952739013459233,1.3075142145041385
384,3,obs_3,976058,1,0,0,0,goal,1.16096970846905,0.9115312856304365,0.8981912385907135,2.0325002670288086,0.7355971471543312,0.8557954047849227,0.9887949721013903,2.8564409607182277,7.971734142303466,236,23.6,0.826843890643083,11.971986797192308,6.3293371192166035,10126.93939074657,11.488086289547859,7.500133692765885,16.16560030539157,0.1016949152542373,13.139041460038783,91.98811000911726,20.0,19.513515819176753,0.9756757909588376,1.2828759901028066
385,3,obs_3,976059,1,0,0,0,goal,1.5805202901054827,1.1951349072615438,1.1951349072615438,2.8197789192199707,1.0342615437499645,0.9813101505632017,0.9887987127069772,2.629275183907785,3.835325241088867,272,27.200000000000003,0.7338104596119233,12.099275035499458,10.283235133590617,16453.176213744988,10.354112215147685,7.141341342753964,21.0874855189639,0.1948529411764706,16.018646193686855,86.71594567998855,20.0,19.959644501444313,0.9979822250722157,1.2987289027452733
386,3,obs_3,976060,1,0,0,0,goal,2.3657212497341686,1.9236574972200284,1.9236574972200284,3.945887327194214,1.3770181062110156,1.4725440820759248,0.9888025121260616,1.9539562697999742,4.218447685241699,279,27.900000000000002,0.7340572251437965,12.352816150663921,12.530298217888827,20048.47714862212,11.350529871398596,8.452001656124981,22.731626448238195,0.2616487455197133,19.210248898541884,70.8094367834839,20.00000040357942,20.480196581511922,1.0240098084121319,1.5335299051696114
387,3,obs_3,976061,1,0,0,0,goal,1.2911044039646935,1.0894112330216845,-1.0894112330216845,1.9163224697113037,0.6929168401065161,0.7921005875510501,0.9888121395990574,3.0832335707723404,4.298082733154297,205,20.5,0.9322312760740147,12.292185877885942,6.725224516480205,10760.359226368326,20.104988094638372,10.443162983084097,19.053988575935364,0.04390243902439024,8.985411064495334,90.17243639533694,20.0,19.110741159517303,0.9555370579758652,1.4649629322988327
388,3,obs_3,976062,1,0,0,0,goal,1.9303510261333425,1.5952306196568962,1.5952306196568962,3.138478994369507,1.0869656637645566,1.19951706584376,0.9887956984239878,2.2747357224948317,6.711604309082031,239,23.900000000000002,0.8210767102533771,12.20820028035586,7.030662190226136,11249.059504361816,12.243921766761972,8.2451766640566,17.716438451072662,0.09623430962343096,14.733093915323902,83.68885018248257,20.0,19.623733375055714,0.9811866687527857,1.6220915993265463
389,3,obs_3,976063,1,0,0,0,goal,1.623912316890071,1.2431189889284724,1.222923886783974,2.8225438594818115,1.0684326745660937,0.34014649019969856,0.9887981010019204,2.2754885009428967,3.4449230194091798,256,25.6,0.7808641044721562,12.206191306220717,7.983927099291588,12774.283358866538,13.352940620160568,6.752818759378513,19.77253915159963,0.06640625,16.57410540830597,91.99998031023915,20.0,19.9901210744872,0.99950605372436,1.3035704597836177
390,3,obs_3,976064,1,0,0,0,goal,1.7174664162813849,1.3288276142373696,-1.3288276142373696,2.9377732276916504,1.0880753938466967,0.3050718194261192,0.9888039572868188,1.5068879315561894,2.459964323043823,257,25.700000000000003,0.7701120420593592,11.946992500445983,7.901919109643389,12643.070575429421,14.027555170468986,8.02623499181791,17.701218255762925,0.09727626459143969,14.473201910886996,91.0975766104887,20.0,19.791879480925534,0.9895939740462767,1.3757662251024065
391,3,obs_3,976065,1,0,0,0,goal,1.4691329569992582,1.229562629209665,1.229562629209665,2.3779306411743164,0.8040692670363664,1.0990351422062894,0.9887602675996114,2.677760285390626,8.905994701385499,224,22.400000000000002,0.8628528976693894,12.030473852725533,5.302221588158275,8483.554541053241,11.602703953003134,7.908649548765105,14.988874099882585,0.09821428571428571,12.280182908154172,90.2046627235861,20.017182124407654,19.327904907794327,0.965565721871868,1.4041504448371722
392,3,obs_3,976066,0,1,0,0,obstacle,0.44300969152050823,0.2956057161168564,0.2956057161168564,1.166991949081421,0.32996188776908225,0.0,0.98878948062533,3.2862942140141564,1.411455512046814,86,8.6,0.5857782500115354,11.770267834183002,2.504943841568535,4007.910146509656,11.43258810043335,8.606035348176402,19.120641586392424,0.13953488372093023,10.959515122747897,-990.8265402573765,20.0,5.037692950099203,0.25188464750496015,15.230146801045542
393,3,obs_3,976067,1,0,0,0,goal,1.4242709398431177,1.1707923216152598,1.1707923216152598,2.3241610527038574,0.8110444190846441,0.51021829171722,0.9888017120914843,3.2390411423916863,3.66788649559021,220,22.0,0.8746080311031764,11.908611889048057,3.9075873242117996,6252.139718738878,12.378153109659342,6.492405410082993,14.724492207169533,0.0,11.098683468303737,93.5811032239354,20.0,19.24137668426988,0.962068834213494,1.4282852384710485
394,3,obs_3,976068,1,0,0,0,goal,1.2346334764170313,0.989657866216488,0.989657866216488,2.1156997680664062,0.7381714766403751,0.6614634371432513,0.9886973763160536,2.978632246400796,3.4354021072387697,221,22.1,0.8736684937401831,11.993210203595863,2.911007534570746,4657.612055313193,14.748981459574265,6.101831962158141,12.287535411200372,0.0,11.004736479860703,96.79388327007541,20.08091630199892,19.308073711658047,0.9615135794244638,1.3171547364508427
395,3,obs_3,976069,1,0,0,0,goal,0.993997105669814,0.8297563062465572,-0.8297563062465572,1.5385472774505615,0.5472976505741983,0.2615678779102055,0.9888849192555174,3.7620937994417876,4.670866680145264,188,18.8,1.005716521513503,12.31682843770931,2.2416242795484487,3586.598847277518,21.043129432647625,7.509347633273331,11.037860278119432,0.0,6.899952129592112,93.58771358519007,20.02468313078901,18.907470604453863,0.9442082294616999,1.5038819405883372
396,3,obs_3,976070,1,0,0,0,goal,1.311925527573685,1.098471514661116,-1.098471514661116,2.0923240184783936,0.7172927724281105,0.9217937029124248,0.9888124740268822,2.9049021244509072,4.196590423583984,219,21.900000000000002,0.8772149054373208,12.1209296076112,7.137771230374568,11420.433968599309,14.330498669125618,8.989570825623957,19.466997976988964,0.0045662100456621,9.78667721695874,91.94164942442691,20.0,19.211006429077326,0.9605503214538663,1.5101365688146264
397,3,obs_3,976071,1,0,0,0,goal,1.9224933185419315,1.5941427535342663,1.5941427535342663,3.064619302749634,1.0745647682632051,0.8849893233008478,0.988758511509443,2.371801093536055,7.942556285858155,241,24.1,0.8297635432406391,12.15307142051841,7.399767610798377,11839.628177277402,11.980618014931679,7.674380932721954,17.24133261259166,0.0995850622406639,16.894736443841843,76.2893610736339,20.023898319459853,19.997301392099402,0.9986717407901236,1.4329018707625234
398,3,obs_3,976072,1,0,0,0,goal,1.5101957794748717,1.3203724537756287,-1.3203724537756287,2.170353651046753,0.7330128755037261,0.31284868678775885,0.9887975024960719,2.7375323188274514,2.126740598678589,268,26.8,0.7267584684836222,12.127470284387636,12.378299449697634,19805.279119516214,16.321706291888088,10.219180316269993,23.38276277949561,0.19776119402985073,12.53071671343173,89.3995071341486,20.0,19.47712695536108,0.973856347768054,1.6153810163853688
399,3,obs_3,976073,1,0,0,0,goal,1.0465364664258354,0.8528437854012073,-0.8528437854012073,1.668231725692749,0.606544353911248,0.43255309770557243,0.9889127359081411,3.247882269524128,5.75076117515564,181,18.1,1.0446365836139262,12.5110072471222,0.9117189729909028,1458.7503567854446,13.407585157288446,4.586737127469087,6.618958940492809,0.0,6.56991626883621,91.8469993679715,20.041648726398034,18.907922163412067,0.9434314722075401,1.6892427696754704
400,4,obs_4,1075974,1,0,0,0,goal,1.5515369362034923,1.3016427007372156,-1.3016427007372156,2.3196215629577637,0.8443892135865119,0.4976987066152523,0.9888990734254477,3.1644926689270285,4.416685009002686,191,19.1,1.0055217684606381,12.587335840530733,3.7480589991327067,5996.89439861233,20.347562777368644,8.082924243485937,14.551439157331178,0.0,9.73255717511653,85.35127070970243,20.04422480916405,19.205465777598192,0.9581545787102536,1.7990428794448283
401,4,obs_4,1075975,1,0,0,0,goal,1.881163974402542,1.5424332191930614,1.5424332191930614,3.008613109588623,1.076883309797165,0.5304109658877179,0.9888001478963063,2.7978506737617685,3.92457275390625,222,22.200000000000003,0.879924200385714,12.176489008942971,4.09432244654824,6550.915914477186,10.769011558990133,5.571359613450089,13.408421738459184,0.0,13.748300817633343,85.08782164645258,20.0,19.53431724856285,0.9767158624281425,1.5805709032896733
402,4,obs_4,1075976,1,0,0,0,goal,1.245205673435341,1.0488967815777654,-1.0488967815777654,1.7878080606460571,0.671083236827867,0.7276595313538986,0.9888117369800639,3.0321780202533932,4.8615110397338865,203,20.3,0.9390908355900826,12.273065480311846,5.570004247055403,8912.006795288644,18.462905553307863,8.755099819342464,17.0850590576092,0.0,8.403479397814758,90.3850416244768,20.0,19.063543962478676,0.9531771981239338,1.4829015908318461
403,4,obs_4,1075977,1,0,0,0,goal,1.018917958719556,0.7797365843585355,-0.7098877047226716,1.7102127075195312,0.7309262981209554,0.30814591587980394,0.9887991061727515,2.1018070709380208,1.9947670459747315,232,23.200000000000003,0.8343078285835808,11.784794428100778,7.0285838865524815,11245.734218483969,18.58984671887897,9.663157329542248,17.07151527291742,0.15948275862068967,10.847594406716826,102.12937899992197,20.0,19.355941623139074,0.9677970811569537,1.4116373947809604
404,4,obs_4,1075978,1,0,0,0,goal,1.9979022568394254,1.6922279928648205,-1.6922279928648205,3.0417237281799316,1.0620630151025743,0.9856287673565668,0.9888279010464822,2.0563887783337442,3.6349679946899416,239,23.900000000000002,0.8223647644695917,12.298150187728451,8.545297999578802,13672.476799326083,12.794130639869625,8.26894113043685,20.44413260834985,0.19665271966527198,13.634334800333889,81.25085794744035,20.0,19.654517870823238,0.9827258935411619,1.7975368092835382
405,4,obs_4,1075979,1,0,0,0,goal,3.2707883917626788,2.6784987431804326,2.6784987431804326,5.401680946350098,1.8771524142888167,0.15966813002806796,0.9888043690294883,1.3393805625511606,1.7934731006622315,313,31.3,0.6964868860250518,12.428545189673265,15.639259627439657,25022.815403903453,11.594517662739143,8.104907268831619,24.557082530218192,0.25559105431309903,25.22219298802953,51.52127898638394,20.0,21.800039532584123,1.0900019766292062,1.7678295975957796
406,4,obs_4,1075980,0,1,0,0,obstacle,0.27716530972700026,0.1771902638443169,-0.17298191479806388,0.8241114020347595,0.2165591514317955,0.0,0.988796255520338,3.1973322051809436,1.4247512578964234,84,8.4,0.6014491925237296,12.309060332864258,3.072545741192979,4916.073185908767,14.4924182848758,9.133083281743028,19.13760585444314,0.25,7.256288277100507,-988.8898841494728,20.0,5.052173217199328,0.25260866085996636,15.10271166417222
407,4,obs_4,1075981,1,0,0,0,goal,2.216789539374895,1.8370717101798002,1.8370717101798002,3.5323479175567627,1.240694722137167,1.180494923905274,0.988792239234131,2.0712061824549552,7.3872706413269045,248,24.8,0.8060768057479557,12.281727075610581,7.693338331196374,12309.341329914198,11.173294768159689,8.032891761111616,17.928767973376857,0.14112903225806453,17.373610927616,75.34834492751312,20.000345956726616,19.990704782549304,0.9995179496295629,1.5802577005384244
408,4,obs_4,1075982,1,0,0,0,goal,1.5669177320582202,1.1871930201878464,1.0691549160566403,2.780538558959961,1.1454863353660725,0.30518791165794157,0.9888703210970923,1.5128934268180607,2.861991548538208,268,26.8,0.7592812981485147,12.21900025178303,9.964160061360719,15942.65609817715,10.461475942911726,6.570978329795789,21.26567505633653,0.16417910447761194,18.106998326918667,88.97854877355573,20.0461604465369,20.3487387903802,1.01509407971917,1.4403171900142853
409,4,obs_4,1075983,1,0,0,0,goal,0.9673209649793694,0.7987029751343426,-0.7987029751343426,1.5064924955368042,0.5456953424761551,0.6323862281790361,0.988805271296441,3.643760568523984,3.410737657546997,206,20.6,0.9229695062018727,12.038299806614958,4.83015655944931,7728.250495118896,15.792965074864828,8.377236348561112,16.02409280040889,0.0,7.732638214607625,96.26543180638788,20.0,19.013171827758587,0.9506585913879293,1.3323699349881741
410,4,obs_4,1075984,1,0,0,0,goal,2.123101812866403,1.8152835249315902,-1.8152835249315902,3.1157333850860596,1.1010481514940884,1.0298577092854373,0.9888313309656298,2.032071531402817,3.4918078422546386,246,24.6,0.7990172480883198,12.380629615517469,10.61909471126117,16990.55153801787,15.41859500262202,9.70022043506782,23.098400357535215,0.21951219512195122,13.59013141372422,80.19268194308137,20.00020365141793,19.65582430297266,0.9827812079093078,1.9398558842745703
411,4,obs_4,1075985,1,0,0,0,goal,1.7220612165325948,1.385574897266225,1.385574897266225,2.922133445739746,1.0225835112847312,0.9245344983356584,0.9887984604629246,2.6814045049672193,3.603141117095947,253,25.3,0.7788177428980412,12.182360119109038,7.5550961137493164,12088.153781998906,11.203297594236949,7.172004013038788,18.683199512628697,0.06324110671936758,14.912545775893634,87.7504874421873,20.0,19.704088895320446,0.9852044447660223,1.4162875227337395
412,4,obs_4,1075986,1,0,0,0,goal,2.0214536889907855,1.6195529294381725,1.6195529294381725,3.379887819290161,1.209679017542542,0.6670541433267486,0.988801336527654,2.33209561961911,3.59740891456604,263,26.3,0.7650518813785552,12.291455189215847,9.393777296341277,15030.043674146043,11.260430708186316,7.197905275086717,19.843293462416064,0.1520912547528517,17.80836747963085,80.33840000787373,20.0,20.120864480256003,1.0060432240128,1.3602932263151977
413,4,obs_4,1075987,1,0,0,0,goal,1.6501568767010595,1.2688809244948172,-1.2688809244948172,2.8802452087402344,1.0549686806616458,0.4926761649900862,0.9887972633801145,1.9303803444259842,2.5679580211639403,264,26.400000000000002,0.7516659273260197,11.769759852365082,9.20390780025358,14726.252480405725,13.054809688161987,8.628271176947592,21.319258578798987,0.06439393939393939,15.245637773539107,90.81061804711297,20.0,19.843980481406923,0.9921990240703462,1.3160183412490902
414,4,obs_4,1075988,0,1,0,0,obstacle,0.10242841047371963,0.08189223376308184,0.08189223376308184,0.2700023055076599,0.061524314880098865,0.0,0.9887913034879374,4.05677090055635,0.5781855821609497,68,6.800000000000001,0.5744591145710533,11.956279715386165,1.564661328520792,2503.4581256332676,6.674245845026044,4.924964223979542,14.228311295018477,0.07352941176470588,2.716207069036832,-992.3989657290001,20.0,3.9063219790831627,0.19531609895415813,16.11153378606739
415,4,obs_4,1075989,1,0,0,0,goal,1.2453721255288857,1.0433634244263226,-1.0433634244263226,1.882461667060852,0.6799591867264625,0.6332770371633598,0.9888034237949769,3.2703670910197813,3.0071003437042236,207,20.700000000000003,0.9239642705418663,12.238539719522215,6.0146848353838145,9623.4957366141,21.413890337481078,9.411953452669895,17.26827154268965,0.03864734299516908,9.327863082903034,91.73875876867454,20.0,19.126060400216627,0.9563030200108313,1.385564893622804
416,4,obs_4,1075990,1,0,0,0,goal,1.583149215897925,1.2844126352054,1.2844126352054,2.6623923778533936,0.9255515233216006,0.3236525905529078,0.9887996701248842,2.5908272574936464,3.0599746704101562,237,23.700000000000003,0.8223885115520012,12.044397580649562,5.201139175419413,8321.82268067106,13.160506320201742,7.27825814217133,15.777880754400407,0.0,13.039009453514641,91.07372459799403,20.0,19.490607723782432,0.9745303861891216,1.3669181394110697
417,4,obs_4,1075991,1,0,0,0,goal,1.654044708642482,1.3613791885226965,1.3613791885226965,2.6930127143859863,0.9394203549239702,1.1596270844922216,0.9887912844665014,2.6590173080518458,7.129464721679687,225,22.5,0.8677639112114798,12.138799857770403,5.138116197399875,8220.985915839801,11.271822851683412,7.026197834216275,15.083465609285566,0.08,13.601993681438666,89.261457447619,20.001220068035316,19.524688002258294,0.9761748501263388,1.3735509415851415
418,4,obs_4,1075992,1,0,0,0,goal,1.9765715750558766,1.6569061150068622,-1.6569061150068622,2.9836411476135254,1.0777278493997156,0.5818549932311435,0.9888143552623331,2.9317215376995893,2.590388822555542,241,24.1,0.8172446415632755,12.22019364597871,8.634602799006876,13815.364478411,14.714294523000717,9.142834874981773,20.75080776610315,0.07468879668049792,14.212642375776753,80.404345974075,20.0,19.69559586167494,0.984779793083747,1.5732148745614232
419,4,obs_4,1075993,1,0,0,0,goal,1.4998748477679458,1.2651005808118096,-1.2651005808118096,2.181918144226074,0.8056954011265924,0.6575279239515665,0.9888079038578125,3.3476048508937417,3.008031892776489,217,21.700000000000003,0.8868609899182552,12.275756806324017,6.976800042323233,11162.880067717171,18.77031999605673,9.393791708962164,19.314317784276426,0.041474654377880185,10.299696769009827,88.39561851942196,20.0,19.24488348122614,0.962244174061307,1.5172945154624153
420,4,obs_4,1075994,1,0,0,0,goal,1.210059199760414,0.9883805955716661,-0.9727421951976335,1.95699143409729,0.7197332065473304,0.5388464717220594,0.9887508666659075,3.045267513893122,5.315968322753906,214,21.400000000000002,0.8974166404930085,12.069344125383438,7.090317171790604,11344.507474864964,22.75627142106983,10.83133784792492,19.157021268505915,0.056074766355140186,10.694319159511519,93.41507674974721,20.013399014091764,19.204716106550386,0.9595929253710491,1.3437865259809025
421,4,obs_4,1075995,1,0,0,0,goal,2.524110231606528,2.0746708826831197,2.0746708826831197,4.050084590911865,1.4376624046860251,1.2042173885282508,0.9887903160771537,2.1000059046668413,4.509700012207031,263,26.3,0.7779663722387697,12.391650667339706,9.8539330513481,15766.29288215696,11.026356215695387,8.055026883588985,20.128923065308836,0.17490494296577946,19.944113347016614,70.31971985394247,20.0,20.46051558987965,1.0230257794939823,1.5520239038476926
422,4,obs_4,1075996,1,0,0,0,goal,1.6358233956844879,1.3602494747506821,-1.3493270177298524,2.5012288093566895,0.9247890468063468,0.507994224940991,0.9887958234228778,2.876689688933415,3.023882532119751,224,22.400000000000002,0.8703807001686723,12.218387126777088,8.491137464750592,13585.819943600945,18.06039812853518,10.22272695948178,20.68203782263611,0.15625,12.267051618393847,86.75645438024286,20.003468284749005,19.49652768377826,0.974657364725234,1.3839526303931158
423,4,obs_4,1075997,1,0,0,0,goal,1.3371842145342663,1.048661084931688,-1.047721874795435,2.326866388320923,0.8308673159264126,0.03459323979119739,0.9888314135194406,1.582375043039404,2.11781792640686,249,24.900000000000002,0.7853893660634736,11.814363884156098,8.274829978585549,13239.727965736878,15.097250116448247,9.261399023295604,18.496240513870514,0.14457831325301204,12.955206380451665,99.23008799938162,20.032454202669047,19.556195214980495,0.9762256295274546,1.253799184240699
424,4,obs_4,1075998,1,0,0,0,goal,1.5231054901695908,1.2905279225555106,-1.2905279225555106,2.255751609802246,0.8089425290398002,0.34890320311379025,0.9889206548916735,3.3568548562427747,3.1879810333251952,203,20.3,0.9454045530319356,12.404242231129793,4.514334262558804,7222.934820094087,23.096160959489275,8.466616926098204,16.127269003778842,0.0,10.012100478036581,88.33411910062593,20.06167175588912,19.191712426548296,0.9566357510018852,1.7522693291267688
425,4,obs_4,1075999,1,0,0,0,goal,1.7316312298296774,1.489556622971472,-1.489556622971472,2.595923662185669,0.8830446099055611,0.7229819594219608,0.9888163417248444,2.7015649826786228,2.862186908721924,243,24.3,0.8004712074825577,12.273251013600348,10.119159890565346,16190.655824904548,14.092158606229734,9.013145555437077,22.75294806118365,0.1440329218106996,11.885976304627139,87.69265208782062,20.0,19.451450341826153,0.9725725170913077,1.7612537791067813
426,4,obs_4,1076000,0,1,0,0,obstacle,0.20780563902245414,0.14115227071522315,0.14115227071522315,0.6383391618728638,0.15250973766113057,0.0,0.9887886224405678,3.7974470036485846,0.34390847086906434,91,9.1,0.6622999433545311,11.969739259282065,2.490894492593397,3985.431188149436,5.303790039486356,4.251754477339766,14.88996032502625,0.17582417582417584,4.602170037940034,-984.1106768535524,20.0,6.026929484526233,0.30134647422631167,14.056156524159272
427,4,obs_4,1076001,1,0,0,0,goal,2.308742572838982,1.8951466290736534,1.8951466290736534,3.681367874145508,1.3186021090343862,0.6956090118366124,0.9887998977849489,2.379679639555297,4.8265989303588865,249,24.900000000000002,0.8143456889414105,12.337431948093405,7.289873319942768,11663.797311908429,11.232086823832603,7.061419358096501,17.36916195795718,0.14859437751004015,18.82208058500062,74.6186036764256,20.0,20.277207654641124,1.0138603827320563,1.4848016872824685
428,4,obs_4,1076002,1,0,0,0,goal,1.822837609416098,1.5415635298352897,-1.5415635298352897,2.701676607131958,0.9727892031594294,0.8114825302926691,0.9888252679943069,2.305795297641753,3.1453575134277343,225,22.5,0.8631951276812154,12.351506475694478,7.6755550110139685,12280.888017622347,15.070814745766775,8.25309126186904,19.55421125094096,0.13777777777777778,12.156733978205772,82.86919528513076,20.0,19.421890372827345,0.9710945186413673,1.7906572158426
429,4,obs_4,1076003,1,0,0,0,goal,2.113001192651901,1.7370951706706637,1.7370951706706637,3.4672186374664307,1.2030271851379808,0.5004333239511947,0.9887796014120642,2.488763371920915,4.3435920715332035,257,25.700000000000003,0.7744111391341035,12.231938392945823,8.866234275668289,14185.974841069263,13.659150642342865,8.527058723452921,20.121630295705238,0.11284046692607004,16.740851385477608,79.64567433259188,20.003039246235883,19.902366275746463,0.9949671162841734,1.6076309107938653
430,4,obs_4,1076004,1,0,0,0,goal,2.2800937872570457,1.7996578112020092,1.7996578112020092,3.8640940189361572,1.4000212288632528,0.19460684387866375,0.9887912999667603,1.4375068891685394,2.360019493103027,280,28.0,0.7368800108756012,12.34609167547564,10.262769007220152,16420.430411552243,12.544456583624672,7.2343221666081075,21.249784086431777,0.16785714285714284,20.008473545628757,79.28424790996877,20.0,20.63264030451683,1.0316320152258416,1.3135876525827421
431,4,obs_4,1076005,1,0,0,0,goal,1.4736382775367305,1.2430884769657649,-1.2430884769657649,2.3078479766845703,0.791416964347086,0.7151040804959692,0.9888033577639407,2.7585801030373,3.8560972213745117,249,24.900000000000002,0.7815525680798479,11.993263243058001,9.699128036960465,15518.604859136742,16.48733977588915,9.697812317422294,21.826091755824873,0.12449799196787148,12.15664979633087,95.18170490451435,20.0,19.460658945188214,0.9730329472594107,1.323913403178286
432,4,obs_4,1076006,1,0,0,0,goal,2.0816902084858135,1.7249656590736575,-1.710867019129857,3.4036881923675537,1.1859039450813154,0.581145019614711,0.9887697215019239,2.1042093747556616,2.52431206703186,279,27.900000000000002,0.7226125352216369,11.987156077087807,12.62382880220825,20198.1260835332,11.525714054382105,9.182408762684458,24.20485231397827,0.15770609318996415,16.96810251674395,76.83529910104029,20.033537475663177,20.16088973268367,1.006356953043126,1.432217961050357
433,4,obs_4,1076007,0,1,0,0,obstacle,0.28317622343859583,0.19259237684309483,0.19259237684309483,0.7761383652687073,0.20759804888985084,0.0,0.9887892226412991,3.189002151901125,0.7010576367378235,75,7.5,0.568193970519123,11.92896519035101,3.0969060512193947,4955.049681951033,10.770236036261997,5.4421020303728485,23.682275942961375,0.2,8.02200235159108,-991.7651144019187,20.0,4.261454778893422,0.2130727389446711,15.871900726615205
434,4,obs_4,1076008,0,1,0,0,obstacle,0.18766321885500625,0.12950978804272725,0.12950978804272725,0.5502774119377136,0.1358112606235206,0.0,0.9887847326358279,3.981785795431026,0.8626146793365479,74,7.4,0.5693088571947844,11.959091424929431,2.4938794893728584,3990.2071829965726,10.425016120688554,6.017124668604963,18.95665168762207,0.16216216216216217,5.581888579335328,-991.5717544861704,20.0,4.212885543241406,0.2106442771620703,15.864541765843024
435,4,obs_4,1076009,1,0,0,0,goal,2.3460627035393187,1.9476072690620714,1.9476072690620714,3.6965079307556152,1.307989347982161,0.7371219017056317,0.9887950568511061,2.733276682318115,3.496399259567261,245,24.5,0.8217625677400013,12.327837147746159,5.9898054060426595,9583.688649668256,12.226053828098735,6.8519740868530485,16.121507555854564,0.0,18.467275672278152,75.0815184477854,20.01414844383957,20.133182909630033,1.005947515884799,1.602536574614831
436,4,obs_4,1076010,1,0,0,0,goal,1.574057757602934,1.3335820373313705,-1.3335820373313705,2.357933759689331,0.8361918284562987,0.520670380699962,0.9889037302515434,3.1983938028579635,4.151723384857178,202,20.200000000000003,0.9503147540638611,12.484597149627781,5.972312157130122,9555.699451408193,23.16725924240416,10.357934816792088,19.007476352819122,0.04455445544554455,10.046573314397412,86.59679172490951,20.036213184006257,19.196358032089996,0.9580831395532031,1.8324754898484952
437,4,obs_4,1076011,1,0,0,0,goal,1.5627353054078585,1.2665814737281702,-1.2489451827009732,2.459012269973755,0.9392963139373145,0.4262084040408902,0.9887567907257727,2.818590101974065,4.101799869537354,233,23.3,0.8434493287947261,12.014102219004393,9.039406828459406,14463.050925535052,18.427836856451528,10.084693059989513,20.795930219822175,0.1072961373390558,13.360061299070948,88.77619517717594,20.03768914960053,19.65236936091712,0.9807702482154189,1.2483895699612078
438,4,obs_4,1076012,1,0,0,0,goal,1.3571844117946448,1.1143541529782655,-1.1143541529782655,2.1445069313049316,0.7747027490324712,0.27915957924596474,0.9888084674359725,3.317573362152946,4.722735476493836,204,20.400000000000002,0.9412978837216177,12.220579613972564,5.468993551707358,8750.389682731771,24.683843413597256,10.234360813899405,16.961419053521812,0.0196078431372549,10.088178959665598,90.83110569027123,20.0,19.202476827921,0.96012384139605,1.4448172721764783
439,4,obs_4,1076013,1,0,0,0,goal,2.2004107606150765,1.819739338001708,1.819739338001708,3.480348587036133,1.2370756877247755,0.9928234386015036,0.9887884972039829,2.0051897961403116,5.230229473114013,237,23.700000000000003,0.8357917150235267,12.237477041745581,6.538654838326384,10461.847741322212,11.190135473922146,7.711015198793889,17.207253055984964,0.10970464135021098,15.900665694883262,79.67982708948195,20.000065762930152,19.808263646057583,0.9904099256899409,1.7366446147817167
440,4,obs_4,1076014,1,0,0,0,goal,1.9930573172812163,1.6862142514161718,-1.6862142514161718,2.9067225456237793,1.062524808317057,0.9248737083386557,0.9888294365872303,1.996726197186521,3.4884836196899416,228,22.8,0.8574999085416168,12.415782648396041,7.816149457504693,12505.83913200751,14.64503688434147,7.945235908065272,19.388924886782963,0.20175438596491227,12.665792232958513,80.14822354285653,20.0,19.550997914748862,0.9775498957374431,1.9114532388140382
441,4,obs_4,1076015,1,0,0,0,goal,1.3669802690562225,1.1302552067355258,-1.1302552067355258,2.216329574584961,0.768868144506102,0.35463058908507816,0.9888788508330979,2.933505507316358,3.831253433227539,207,20.700000000000003,0.9320064213391935,12.292668397025462,4.853153831218,7765.046129948798,21.451132346704167,8.873884342742508,15.122024519144048,0.07246376811594203,10.760795588793705,93.21903827851389,20.0745574118785,19.292532921721307,0.9610439984248691,1.4262024523674677
442,4,obs_4,1076016,1,0,0,0,goal,1.3579843417147592,1.101151745253515,-1.101151745253515,2.260350465774536,0.7947240440980798,0.4928419938987594,0.9888070316517662,2.907946063474263,5.389527368545533,212,21.200000000000003,0.9069813145241612,12.234565767991128,5.351699035001078,8562.718456001723,20.49685090921501,9.15437871718824,15.689147443703884,0.08490566037735849,10.936505457437407,90.71208290406102,20.0,19.22800386791222,0.9614001933956111,1.5060959696121592
443,4,obs_4,1076017,1,0,0,0,goal,1.8762391645353471,1.5125120790824294,1.5125120790824294,3.1361281871795654,1.1102164713091063,0.6354921091877269,0.9888004878364809,2.366560051048489,4.853520011901855,250,25.0,0.7947333733082365,12.230852083873003,7.577271306758622,12123.634090813794,13.223894461091742,7.922380095118214,18.434212445020677,0.088,15.980116446491227,84.73086777941475,20.0,19.868334332705913,0.9934167166352956,1.3580673903101717
444,4,obs_4,1076018,0,1,0,0,obstacle,0.23495530422311064,0.16298103071612252,0.16298103071612252,0.6420770287513733,0.16923704857177346,0.0,0.988790986232605,2.7274731339478224,0.3463897168636322,68,6.800000000000001,0.5351924018112991,11.977045830736374,3.4669840954252678,5547.174552680429,4.439933264433448,5.634661629643565,27.332328277475693,0.25,7.651512049642757,-994.7730578145844,20.0,3.639308332316834,0.1819654166158417,16.464173694531965
445,4,obs_4,1076019,0,1,0,0,obstacle,0.11240010052947214,0.0878602384836995,0.0878602384836995,0.2998901307582855,0.07010250418225365,0.0,0.9887936507110877,3.885150560291594,0.24897995591163635,64,6.4,0.5486830965032163,11.966801666363608,1.6470250976897702,2635.2401563036324,5.685762375120132,5.008170764973425,16.887746043503284,0.140625,3.3744928466441237,-994.0845294665398,20.0,3.5115718176205846,0.17557859088102923,16.51192960472356
446,4,obs_4,1076020,1,0,0,0,goal,2.1761409024263285,1.8690480812364418,-1.8690480812364418,3.3871731758117676,1.1145620203646136,0.2633691230784296,0.988803512292643,2.061495027859694,1.9124536275863648,290,29.0,0.6955225517184453,12.210686514680756,13.544780906434575,21671.64945029532,12.753590982678027,9.491166557845778,23.669986499794597,0.18620689655172415,16.43670469292536,74.57500730396207,20.0,20.170153999834913,1.0085076999917457,1.644308301436562
447,4,obs_4,1076021,1,0,0,0,goal,1.524541344324757,1.2197655471868243,-1.2197655471868243,2.43385648727417,0.9145481509748761,0.25979720061934986,0.9888016457162139,2.3678725309362205,2.69559645652771,222,22.200000000000003,0.8763757653614089,12.113646977644011,5.5354918134675195,8856.78690154803,21.86126551207374,8.53766189519022,16.334044098317086,0.04054054054054054,12.01198180848932,92.85336912522864,20.0,19.455541991023285,0.9727770995511642,1.357432444170344
448,4,obs_4,1076022,1,0,0,0,goal,2.274104357523034,1.8895420515722778,1.8895420515722778,3.5971317291259766,1.2653779926351174,1.3626539031373481,0.9887998650777519,2.4059533970906397,4.503217792510986,249,24.900000000000002,0.8046676711784723,12.30600065413683,7.556768907867237,12090.830252587577,12.077820060714599,7.9117912783148014,18.103900794762684,0.10843373493975904,17.70004476256309,75.4027245596422,20.00491004520155,20.03622501234396,1.0015653640567066,1.5892782148908846
449,4,obs_4,1076023,1,0,0,0,goal,1.4625084101323076,1.2495573319364772,-1.2495573319364772,2.2073512077331543,0.7599587646126089,0.5921458555481821,0.9888634362370435,3.14341417035077,2.796447992324829,215,21.5,0.8927872081347277,12.310135832212346,6.774302028225822,10838.883245161313,16.440659455049815,9.542004381174968,19.52625204796015,0.037209302325581395,9.927476474944397,89.01991264014346,20.01809824948248,19.194924974896644,0.9588785475859517,1.767148384124952
450,4,obs_4,1076024,1,0,0,0,goal,1.8167352031404984,1.5623449912945067,-1.5623449912945067,2.9240663051605225,0.9271488157285842,0.020555588261920457,0.9888000413475951,1.9106827308125158,1.4266300916671752,290,29.0,0.6823611165382752,12.159594098497825,15.9914258196552,25586.28131144832,13.707784354480491,9.708258432859381,27.072876332135035,0.2793103448275862,14.348683170279658,78.04836907272909,20.0,19.788472379609985,0.9894236189804992,1.89600076135207
451,4,obs_4,1076025,1,0,0,0,goal,1.995314372116953,1.6787243193245711,-1.6787243193245711,2.8687429428100586,1.078500859195173,0.6282327978933812,0.9888205421401123,2.5613861033420653,3.968878078460693,226,22.6,0.8649984080170838,12.397226923322552,9.256003728587642,14809.605965740222,17.67590085665385,9.744399709551365,21.714845116423295,0.19911504424778761,12.86235197121303,80.13153078819626,20.0,19.548964021186094,0.9774482010593047,1.805952587707384
452,4,obs_4,1076026,1,0,0,0,goal,2.034223708786806,1.7000016017214719,-1.7000016017214719,3.239732027053833,1.1171663490880746,0.852112992046911,0.9888189931511433,2.474805164138207,3.2686901569366453,254,25.400000000000002,0.7823972447290254,12.13123819437318,10.730703812627311,17169.126100203695,11.753116860220082,8.767327525183118,23.173126369480073,0.16141732283464566,15.09301356169795,78.93167692390023,20.0,19.872890016117243,0.9936445008058621,1.6818825086083875
453,4,obs_4,1076027,0,1,0,0,obstacle,0.1289237776927553,0.1146105942025315,-0.1146105942025315,0.20776814222335815,0.05904025873176403,0.0,0.9888558083682087,3.7647547310975993,1.4433521509170533,64,6.4,0.5696749698858109,12.06815693997487,0.6401075505489532,1024.172080878325,7.239517049183921,4.341899775128794,9.437837610021234,0.0,3.67225427696023,-993.1280410772075,20.08181636083064,3.6459198072691903,0.18155328889375347,16.4433120445762
454,4,obs_4,1076028,1,0,0,0,goal,1.9051718759801621,1.620061914628233,-1.620061914628233,2.8449723720550537,1.0025364181898204,1.0356462703029177,0.9888259496964678,2.010712154868558,3.5763988494873047,235,23.5,0.831683817168516,12.309414091781575,8.497986333014895,13596.778132823832,12.815061491778774,8.213653778228707,19.597931073067038,0.19574468085106383,12.618565227272736,81.80359488296908,20.0,19.54456970346013,0.9772284851730065,1.806402107235575
455,4,obs_4,1076029,1,0,0,0,goal,1.6887433813080208,1.3684324457227617,-1.3684324457227617,2.7142810821533203,0.9895690220519578,0.3568781795030768,0.9888029379643554,2.452822739719622,3.08069748878479,237,23.700000000000003,0.8301128603621427,12.019367884785597,6.684096304640983,10694.554087425575,17.396582208447537,8.00134272894472,18.694956228451385,0.02531645569620253,13.709683811951527,91.2674371506973,20.0,19.673674790582783,0.9836837395291391,1.2787830977260144
456,4,obs_4,1076030,1,0,0,0,goal,2.1510760189306453,1.7742730515876253,1.7742730515876253,3.4898438453674316,1.2161756360116944,0.9047827724438207,0.9887988385659712,2.611377229013436,3.548457908630371,249,24.900000000000002,0.7989358627989134,12.229139795740057,7.974582749236958,12759.332398779135,12.491315771495142,8.170288677224313,19.0072070858086,0.01606425702811245,16.39069277367153,79.90003780733308,20.0,19.893502983692944,0.9946751491846472,1.6198342593174042
457,4,obs_4,1076031,1,0,0,0,goal,1.676290542081219,1.214454673186793,-1.1656971923577957,3.066197395324707,1.2046161368668862,0.04696853226901763,0.9887999370902,1.0994691275261612,1.7688251972198485,292,29.200000000000003,0.6989260557483302,11.685445925514278,10.43315050002643,16693.040800042287,11.272154886697985,6.794911214555898,19.603856073258676,0.09931506849315068,17.97552542092207,86.61541369178673,20.0,20.408640827851244,1.0204320413925623,1.2632086288834652
458,4,obs_4,1076032,1,0,0,0,goal,1.88961302931675,1.601488913257284,-1.601488913257284,2.7938761711120605,1.0029310351552732,1.1110076410405774,0.9888186384702762,2.068320114844201,5.179438304901123,229,22.900000000000002,0.8527612421607882,12.353901466041576,8.358907405755103,13374.251849208162,14.430312420192516,8.594648373482416,20.152571077690375,0.1703056768558952,12.203471666965642,82.62695963582249,20.0,19.52823244548205,0.9764116222741025,1.7921039659330913
459,4,obs_4,1076033,1,0,0,0,goal,2.4474815116898565,2.0144458930309113,2.0144458930309113,3.931511878967285,1.3900264364804578,1.3209928001360232,0.9887855097534156,2.509455529549398,4.124862861633301,263,26.3,0.7761964168136314,12.392069151671071,9.852060768987648,15763.297230380233,10.986978088626424,7.702956811467217,19.893447062135195,0.19391634980988592,20.153258921413613,70.87208808319183,20.007356265102175,20.413965762198508,1.0203229997861119,1.5116303668077795
460,4,obs_4,1076034,1,0,0,0,goal,2.1227360014002303,1.810484318766612,-1.810484318766612,3.243384838104248,1.1082213962655816,1.140276389227593,0.9888309371183269,1.9819554450800196,3.23895149230957,256,25.6,0.7718401549139139,12.250770338392613,10.983061414915946,17572.898263865514,13.313765806310318,10.082438194211162,23.508418631972745,0.19140625,14.446914967456232,78.2599794705927,20.0,19.759107965796197,0.9879553982898098,1.8666299131336224
461,4,obs_4,1076035,0,1,0,0,obstacle,0.0853937568657835,0.07116743596998276,0.07116743596998276,0.21223798394203186,0.047194170923017094,0.0,0.988793681858643,3.895101935227869,0.15556562542915345,64,6.4,0.5560755071504451,11.971436688734684,0.43422216252748164,694.7554600439706,9.67716375986735,2.74329720918566,9.158397680148482,0.0,2.160058986399721,-993.8480202500057,20.0,3.558883245762849,0.17794416228814244,16.451060333934507
462,4,obs_4,1076036,1,0,0,0,goal,1.4318251852912516,1.224913808010409,-1.224913808010409,2.0438172817230225,0.7414239840872198,0.28460575224399814,0.9888563056579692,2.7574348520246463,4.743107318878174,204,20.400000000000002,0.9409639643261983,12.441752326140618,5.828421995805673,9325.475193289076,16.290769348003593,8.900800023730604,17.674575280032904,0.0,8.951472625899923,87.71936226671282,20.008295329638468,19.195664872254447,0.9593853227376016,1.6635036886773586
463,4,obs_4,1076037,1,0,0,0,goal,2.121546390751669,1.7515155341887079,1.7515155341887079,3.4416542053222656,1.1971434423689917,0.3803285523844356,0.9888016715270137,2.612676843977181,2.3218405723571776,255,25.5,0.780050916965078,12.238508694169715,7.598511852281172,12157.618963649878,12.201337481108236,7.4411877336051155,19.22384987976037,0.00392156862745098,16.619839580534936,80.57571271172358,20.000342967870726,19.89129838260949,0.994547864232308,1.6345883819085893
464,4,obs_4,1076038,1,0,0,0,goal,1.7186570234162164,1.4467544080490944,-1.4467544080490944,2.6780498027801514,0.9277303740464704,0.8060247282083385,0.988817202676912,2.5805972137226294,4.192600059509277,233,23.3,0.8356689299988832,12.195015561051443,8.562656325486989,13700.250120779187,14.75307335113657,9.155304065332711,21.465055627884272,0.0815450643776824,12.474748937873562,86.49727793436897,20.0,19.471086068973975,0.9735543034486988,1.610995927058787
465,4,obs_4,1076039,1,0,0,0,goal,1.9080641856366973,1.5633084184730766,-1.5633084184730766,3.083261728286743,1.0939724517741025,0.16000871441915654,0.988800165587437,1.7491156534138614,1.7961425542831422,269,26.900000000000002,0.7447272909266364,11.937232000452076,10.453995488693344,16726.392781909348,13.967008877601197,9.511392222389663,21.85787390820599,0.1524163568773234,16.060223442110296,85.47583046131487,20.0,20.033164125926522,1.0016582062963262,1.2528943210025387
466,4,obs_4,1076040,1,0,0,0,goal,2.395739247142426,1.905661132044366,1.8941911051903542,4.107710838317871,1.466835572692558,0.821744978183934,0.9888033988021478,2.0444058483513228,3.2741350173950194,288,28.8,0.719168461823998,12.334853808851525,12.646932763322557,20235.09242131609,11.813001163329812,7.727588709528433,22.76524595812791,0.1875,20.048760602084396,71.83351025552898,20.017373763523484,20.71205170053114,1.0347037501129908,1.5006820588114536
467,4,obs_4,1076041,0,1,0,0,obstacle,0.37824158775239664,0.25157512338809307,0.25157512338809307,1.0203559398651123,0.2824476163781874,0.0,0.9887947732256184,3.5554421237703844,1.6184703350067138,82,8.200000000000001,0.5854586965881633,11.720798975481403,1.8585628044647633,2973.7004871436216,13.056403030583887,8.020524358680134,17.388431531627003,0.0,9.626405175548514,-990.995216309558,20.0,4.800761312022939,0.24003806560114693,15.408961279535134
468,4,obs_4,1076042,0,1,0,0,obstacle,0.062743609023414,0.05408511875430122,0.004584426571252859,0.12488024681806564,0.06257590196150455,0.0,0.9887966052603595,4.311339607127819,0.16791689097881318,72,7.2,0.6020062508383577,11.84838987396021,0.23107362285362867,369.71779656580594,13.503160149278774,3.6711806721172358,4.642864461574289,0.0,0.7696764196935599,-990.6015831281702,20.0,4.334445006036175,0.21672225030180875,15.667984300962335
469,4,obs_4,1076043,1,0,0,0,goal,1.6011324465405774,1.213510847118662,1.1917238960961571,2.8108696937561035,1.0693078447474378,0.6110202020533676,0.988800021767257,2.3142355149523737,3.346248912811279,264,26.400000000000002,0.7564157687747044,12.182630895499393,9.317299293211148,14907.678869137839,9.529711153117422,6.227522794274336,20.717469440265134,0.16666666666666666,16.452718092988793,88.51028296158402,20.0,19.969376295652197,0.9984688147826098,1.3160577787120764
470,4,obs_4,1076044,1,0,0,0,goal,2.8109934007857715,2.292924089403243,2.292924089403243,4.606464862823486,1.6260944066982908,0.973126743965294,0.9888012206395385,1.8294319386044113,3.519893455505371,281,28.1,0.7466224668120436,12.464560314717957,12.412972040328535,19860.755264525655,11.390532404184341,8.029736536532548,22.319272594307666,0.24199288256227758,21.996699081005666,65.08488894879396,20.0,20.980091317418427,1.0490045658709213,1.5590854393806537
471,4,obs_4,1076045,1,0,0,0,goal,1.2922551929013386,1.068547255433921,-1.0546909464444494,1.9649416208267212,0.7466930367082498,0.4812847154667969,0.9887711959932425,3.2348107735228737,4.523107814788818,213,21.3,0.9066142297346056,12.161967940458005,7.181811968812409,11490.899150099853,20.275653238004107,9.492667957839735,18.954351670305496,0.018779342723004695,10.227092523684027,91.05508954595425,20.008662626667576,19.310883093347105,0.9651261283005257,1.2623991047401444
472,4,obs_4,1076046,1,0,0,0,goal,1.7687095882194799,1.422895311669935,1.4109456367374658,2.8940975666046143,1.0665673994788278,0.8568017483877473,0.9888141010947052,2.511062575413846,4.420125198364258,244,24.400000000000002,0.8205580419928794,12.197936377247613,6.387495114916945,10219.992183867113,10.635989217601196,6.689657150562779,16.95993245747246,0.07377049180327869,16.978046912699998,84.76388695066038,20.008683606993376,20.021616224626257,1.000646350249067,1.2702265944409237
473,4,obs_4,1076047,1,0,0,0,goal,2.8413844139594118,2.1853544425362577,2.1760939334361598,4.979679584503174,1.8270414830413158,0.0772571640608704,0.09465504876676673,0.09465504876676673,1.7264376640319825,325,32.5,0.6777389259332757,12.382872588319275,14.889565774669467,23823.30523947115,9.943664129133577,6.671472288859295,23.60709160382931,0.32,25.36802574230029,47.93896782267379,20.005241495701046,22.02651509283146,1.1010372005539033,1.3026222043182987
474,4,obs_4,1076048,1,0,0,0,goal,1.6804622702259178,1.4258443660022517,-1.4258443660022517,2.4626104831695557,0.8893375543585702,0.7466688289048277,0.9888218153996254,2.2240129498165166,4.817594432830811,219,21.900000000000002,0.8849825348873559,12.375695068057473,7.7485037665055705,12397.60602640891,17.44381550255172,8.595402722156033,19.815264365988778,0.1643835616438356,10.869578323759061,84.88913769961039,20.0,19.38111751403309,0.9690558757016545,1.7180744739411649
475,4,obs_4,1076049,1,0,0,0,goal,1.9236842926597826,1.5978591059204843,-1.5978591059204843,3.1657052040100098,1.071171104657402,0.38313390384274226,0.9888090496759758,2.424306399182953,2.1399712562561035,271,27.1,0.7377484177460244,11.932379671870782,11.982343579767708,19171.749727628332,12.741666634877522,9.741713811996915,24.041927253408186,0.11070110701107011,15.993587763326255,80.87359310610742,20.0,19.99298212091727,0.9996491060458634,1.333986203519274
476,4,obs_4,1076050,1,0,0,0,goal,1.7894540366075327,1.4985247303491884,-1.4985247303491884,2.675903797149658,0.9780436501827952,0.47757956972119503,0.9888086724337789,2.9180799331125176,2.435688018798828,232,23.200000000000003,0.8451512164951075,12.237991890729534,7.676834218752484,12282.934750003973,17.09443415914263,9.244751843891516,19.658761486924927,0.0603448275862069,12.815364283645035,85.29752070867755,20.0,19.60750822268649,0.9803754111343246,1.439067266936324
477,4,obs_4,1076051,1,0,0,0,goal,1.3701786345368359,1.1423031817076195,-1.1423031817076195,2.075078248977661,0.7566590590232021,0.49169297728683853,0.9888056626279724,3.3086421320013963,3.153526544570923,206,20.6,0.9301509317461042,12.298654274698528,6.299306049726703,10078.889679562726,24.99957311444166,10.285633239719678,18.176631995485824,0.04854368932038835,10.038414970640654,89.51787271080975,20.0,19.16110919396975,0.9580554596984875,1.468384166924483
478,4,obs_4,1076052,1,0,0,0,goal,1.3100545423557453,1.0726408972483255,-1.0726408972483255,2.000607967376709,0.7521199435576941,0.181163751325945,0.9888029001784813,3.1016343695645334,3.784085512161255,208,20.8,0.9243025279392475,12.210286616486533,4.350187625768043,6960.300201228868,21.13408961733758,8.231525165259338,15.788216128085669,0.004807692307692308,9.60769284675138,92.60820181100226,20.0,19.22549258113635,0.9612746290568175,1.3455666729817433
479,4,obs_4,1076053,1,0,0,0,goal,1.5686809517374238,1.3165592926769694,-1.3165592926769694,2.287341356277466,0.8528959826436916,0.5383059406858558,0.9888146615477686,2.5975700626100156,5.321184158325195,206,20.6,0.9340202464144884,12.402748062401937,7.481452947307908,11970.324715692652,22.96071936444538,10.182640070049876,19.417260538027126,0.13592233009708737,10.1093150948791,85.42265795883316,20.0,19.240817076138462,0.9620408538069232,1.6802121259510268
480,4,obs_4,1076054,1,0,0,0,goal,1.372046527416534,1.1414185080631376,-1.1414185080631376,2.134842872619629,0.7613642116928607,0.3283903653397656,0.9888077794456851,3.282189502067475,4.905731868743897,208,20.8,0.9265877011046094,12.236818722753714,6.5720549927342695,10515.287988374828,20.30335969970998,9.985473064553004,18.415194099339153,0.014423076923076924,10.349833715097704,89.86384341584512,20.0,19.273024182975874,0.9636512091487937,1.3448718690720245
481,4,obs_4,1076055,1,0,0,0,goal,1.6348588035591463,1.3868996807760219,-1.3868996807760219,2.4019792079925537,0.8656053275241624,0.5107763025254151,0.9888810520173014,2.8037942976569536,4.358441257476807,205,20.5,0.9371683146169081,12.47036777515782,6.621732796823008,10594.772474916816,22.046866311746484,10.346106002485843,19.923524533830037,0.0,10.325884369827646,84.90040757737191,20.017541377909254,19.21195044964662,0.9597557505662678,1.860835321437826
482,4,obs_4,1076056,1,0,0,0,goal,1.4210989738875757,1.1936758757406838,-1.1936758757406838,2.2427330017089844,0.7711421381684651,0.42810484571111324,0.9888037868192674,3.09615618602746,2.2800735950469972,227,22.700000000000003,0.8503672664260693,12.15405536926298,7.222849654716275,11556.559447546042,16.70585298432713,8.722313869015913,18.74657540331853,0.07929515418502203,11.162558541210325,91.77733113655279,20.0,19.303336947871774,0.9651668473935887,1.405803040342449
483,4,obs_4,1076057,1,0,0,0,goal,2.2174475380765895,1.7791323321334158,1.7791323321334158,3.797898530960083,1.3235413589606642,0.5514612329983596,0.9887910638538338,2.170781755691732,3.108907413482666,286,28.6,0.7156417364925345,12.28148900859149,12.419707051254273,19871.531282006836,12.168364378443934,8.025347272145105,23.104115662041245,0.19230769230769232,18.735776352873135,74.76045157212107,20.0,20.467353663686488,1.0233676831843244,1.538933684269318
484,4,obs_4,1076058,1,0,0,0,goal,2.462422265695245,1.9764123734741834,1.9764123734741834,4.140705585479736,1.4687809722929592,0.038646980731650016,0.9887948594690374,1.2491948123376608,1.6015758991241456,295,29.5,0.7071970422359755,12.261454984375229,12.01799937923016,19228.79900676825,12.414990659473704,8.249356916937836,22.34132389395924,0.21016949152542372,21.169199040980725,72.43624126823048,20.0,20.86231274596128,1.043115637298064,1.3748447733385933
485,4,obs_4,1076059,1,0,0,0,goal,1.6127969758172758,1.3529787620882678,-1.3529787620882678,2.431476354598999,0.8778169254140915,0.47385277279343485,0.9888192238495214,2.1578653741690292,5.637437343597412,209,20.900000000000002,0.9182546782599438,12.376324440816052,7.918417286779617,12669.467658847387,19.850375388677303,10.438812505659198,20.747005983688044,0.1722488038277512,10.434967969746626,84.47543172745478,20.0,19.191522775632826,0.9595761387816413,1.8598382334096677
486,4,obs_4,1076060,1,0,0,0,goal,1.1617220934780867,0.9443646702601379,-0.9439799559963218,1.7831897735595703,0.6771263287986157,0.7334782725542659,0.9888013582097258,2.6522579996684934,2.9103462219238283,215,21.5,0.8959228286857455,12.038388683655581,5.915295588112659,9464.472940980255,20.037671965416347,9.587672303613,17.25868085511895,0.08372093023255814,9.889264948845986,95.50127148552149,20.0,19.262340816743528,0.9631170408371764,1.2534508565239246
487,4,obs_4,1076061,1,0,0,0,goal,1.8381476998406527,1.5558894528285003,-1.5558894528285003,2.7287917137145996,0.9787721782961101,0.8493621548883606,0.9888193743872129,2.5332750617274975,3.495522451400757,234,23.400000000000002,0.8354293195200998,12.27200220257808,8.251070322418515,13201.712515869624,15.777175467413382,8.30269346792285,20.423407843734463,0.08547008547008547,12.52223684158258,83.51733236986746,20.0,19.549046076770335,0.9774523038385168,1.6277333208574818
488,4,obs_4,1076062,1,0,0,0,goal,1.6687848883030818,1.4107259710225561,-1.4107259710225561,2.462406635284424,0.8914568066435946,0.9674894846786726,0.9888218898141021,2.138161397125837,3.78334379196167,216,21.6,0.8940409963284716,12.373489191729782,6.75788701426108,10812.619222817728,13.025784464769584,7.790690994421636,17.683514175867593,0.19444444444444445,10.873296600975433,84.51009657401022,20.0,19.311285520694987,0.9655642760347494,1.7609682704004639
489,4,obs_4,1076063,1,0,0,0,goal,2.8863585297791996,2.3639887754676585,2.3639887754676585,4.709251880645752,1.6560865411843861,0.7237722579884267,0.9887870813258568,1.9022679570196903,3.5203400611877442,282,28.200000000000003,0.7437858078976803,12.448085361031538,12.285482222611988,19656.77155617918,12.17187534871899,8.166744402000488,22.460004918752833,0.18439716312056736,22.26057966997006,63.86676236088502,20.001469042371,20.974759782714585,1.0486609627663734,1.6688498891705588
490,4,obs_4,1076064,1,0,0,0,goal,1.4562875581611774,1.1379182048126935,-1.105061213478386,2.376840829849243,0.9484793969932725,0.351944025415508,0.9887501806746929,2.6463584627761287,2.0546812534332277,248,24.8,0.7961507703977928,11.821783529951297,8.845706467636452,14153.130348218321,15.855817418349416,9.310129904326155,20.810429262778452,0.12096774193548387,14.168872505262867,92.71452713498971,20.058962302986178,19.74453910586526,0.9843250516965123,1.301132210353498
491,4,obs_4,1076065,1,0,0,0,goal,2.4320935510570707,2.0066340790311186,2.0066340790311186,3.8466567993164062,1.3742265875627382,1.1547120305842842,0.9887920068742115,2.2133653208480366,4.452714729309082,247,24.700000000000003,0.8152770645808666,12.3507074866376,7.0203869748630545,11232.619159780885,11.49117900588648,7.35888279302969,17.350780534358158,0.08502024291497975,18.17771943842608,73.93534410187192,20.0,20.137343495147405,1.0068671747573703,1.7064546687698976
492,4,obs_4,1076066,1,0,0,0,goal,1.6580815105878002,1.3856282302399736,-1.3856282302399736,2.488304376602173,0.9106419182725775,0.6654188343974932,0.9888081706057189,3.1657439045209688,2.8064696311950685,222,22.200000000000003,0.8755308887975214,12.265881176144388,7.793694038777662,12469.91046204426,18.686879490295684,10.27954947597701,20.059346356638915,0.05855855855855856,12.066478811348361,86.42987636850914,20.0,19.436785731304973,0.9718392865652487,1.4544489427153353
493,4,obs_4,1076067,1,0,0,0,goal,1.8680991594981695,1.5441209813778072,1.5441209813778072,2.9980368614196777,1.051420403352819,0.6239121416268609,0.9887977053124252,2.7728492069383632,3.2562196254730225,235,23.5,0.8334956063539063,12.159300432330433,5.793757698270785,9270.012317233253,12.806664241684809,7.474457513126938,16.795931723523648,0.01276595744680851,14.150460419978264,86.10186090959755,20.0,19.5871467493168,0.9793573374658401,1.574148889523633
494,4,obs_4,1076068,1,0,0,0,goal,1.633993813685615,1.3808331167891474,-1.3808331167891474,2.4307751655578613,0.8736336112703245,0.5268133085803994,0.9888605979011618,2.7347444287101323,3.3799821376800536,204,20.400000000000002,0.9387674135181039,12.483904483550063,6.003863125525637,9606.18100084102,21.180651311216682,9.723391555082767,17.717261394741488,0.0196078431372549,10.386060495488472,84.94113870076518,20.00973628776105,19.15085523576932,0.9570768430108164,1.8721145405348074
495,4,obs_4,1076069,1,0,0,0,goal,2.011936353865742,1.6452728380626946,1.6452728380626946,3.2880072593688965,1.1580005096457004,1.0534152866810702,0.9887983820203523,2.5904681049030316,4.967935085296631,254,25.400000000000002,0.7838131057350022,12.25929818935619,8.841320565767212,14146.11290522754,11.738955008653784,8.133218892993865,19.07887831682295,0.15354330708661418,16.89648068474667,79.39329177003393,20.0,19.908852885669056,0.9954426442834527,1.4537067408146207
496,4,obs_4,1076070,1,0,0,0,goal,2.0289277522288667,1.7496441442578516,-1.7496441442578516,3.0091392993927,1.0272746430379227,0.5705203393539435,0.98882410574362,2.393562804466293,2.5071757316589354,264,26.400000000000002,0.7486284225508347,12.217844344305128,12.02734786461188,19243.75658337901,14.202449348942862,10.110608177734397,23.75312977329348,0.1590909090909091,13.919480626534325,82.13764544848507,20.0,19.763790355342035,0.9881895177671017,1.7054671542753894
497,4,obs_4,1076071,0,1,0,0,obstacle,0.13501442107770828,0.10249024986289441,0.10249024986289441,0.37927520275115967,0.08788994585269805,0.0,0.9887970116407813,4.231063415183725,0.8882585883140564,75,7.5,0.6114673302643185,11.939843207374215,1.5339049432644547,2454.2479092231274,9.991679159370628,4.729367438349064,13.325271693865458,0.02666666666666667,3.3053614820266692,-989.7524202100548,20.0,4.586004976982389,0.22930024884911945,15.443240599918937
498,4,obs_4,1076072,1,0,0,0,goal,2.2877596581966144,1.8660873158942335,1.8660873158942335,3.733222723007202,1.3234660491038466,0.8049409283025136,0.9887977968685169,2.3591545374074983,3.7229871273040773,260,26.0,0.7798390504191537,12.33900645445101,9.203499780106913,14725.599648171059,11.784244089973479,7.609313205409146,19.750105424569202,0.15384615384615385,18.75775900251372,76.3184007042157,20.0,20.275815310897997,1.0137907655448999,1.4402571655845817
499,4,obs_4,1076073,1,0,0,0,goal,2.0850519125200586,1.633481162571008,1.633481162571008,3.545722484588623,1.2958320760921234,0.09665343090830619,0.9887962689052961,1.2731804135923916,1.9050556421279907,271,27.1,0.7546859346509319,12.269128752422152,9.382782451534807,15012.451922455693,12.00617573879383,7.657223765082786,20.054267318266344,0.15129151291512916,18.83570007632265,83.05729291346807,20.0,20.451988829040253,1.0225994414520128,1.300276442174323
