#{"t_start": 1790579980.1892896, "env_id": "None"}
r,l,t,reached_goal,collided,scenario_class
-319.85956,30,307.627332,False,True,no_target
-313.0953,36,307.923055,False,True,no_target
-347.97214,51,308.703358,False,True,no_target
-366.08133,57,309.009416,False,True,no_target
-394.7445,59,309.120537,False,True,no_target
-357.393,32,309.25902,False,True,no_target
101.427826,62,309.25902,True,False,no_target
140.34451,65,309.384758,True,False,no_target
-351.21548,68,309.522623,False,True,no_target
-330.7223,72,309.689163,False,True,no_target
-370.67313,74,309.770677,False,True,no_target
-311.6334,37,310.768788,False,True,no_target
126.870636,66,311.054977,True,False,no_target
132.23991,60,311.49876,True,False,no_target
-355.93185,53,311.680436,False,True,no_target
-342.1957,47,311.854928,False,True,no_target
49.82273,63,312.382798,True,False,no_target
-344.4249,69,312.382798,False,True,no_target
-316.9449,35,312.382798,False,True,no_target
-358.43646,75,312.425231,False,True,no_target
126.167496,62,312.594001,True,False,no_target
-329.8398,74,312.716046,False,True,no_target
-318.02942,29,312.766244,False,True,no_target
-326.95715,20,313.70224,False,True,no_target
131.29999,62,314.493551,True,False,no_target
122.3627,58,314.493551,True,False,no_target
-319.8878,19,314.574896,False,True,no_target
-344.80582,79,314.671855,False,True,no_target
-354.12405,53,314.821813,False,True,no_target
-330.308,55,314.971074,False,True,no_target
133.00957,61,315.207695,True,False,no_target
47.03196,57,315.25679,True,False,no_target
-328.60916,74,315.84143,False,True,no_target
-356.2343,33,316.158,False,True,no_target
-355.97583,75,316.24608,False,True,no_target
-319.61655,34,316.868478,False,True,no_target
-312.8932,22,317.215027,False,True,no_target
128.3466,58,317.26372,True,False,no_target
87.57156,60,317.629331,True,False,no_target
-416.8017,64,317.629331,False,True,no_target
-338.07407,39,317.782789,False,True,no_target
130.5377,66,318.097741,True,False,no_target
-323.70255,44,318.511769,False,True,no_target
-355.09113,74,318.654733,False,True,no_target
-320.5382,26,318.957397,False,True,no_target
-391.705,76,319.007611,False,True,no_target
-301.84778,41,319.007611,False,True,no_target
88.29611,59,320.209234,True,False,no_target
-373.18005,71,320.812591,False,True,no_target
-401.8541,66,320.861293,False,True,no_target
129.62326,64,320.908769,True,False,no_target
-320.8317,14,321.476269,False,True,no_target
108.648796,61,321.526174,True,False,no_target
102.676506,73,321.587336,True,False,no_target
135.14168,60,321.81207,True,False,no_target
127.18172,71,321.85655,True,False,no_target
-334.49817,62,321.90395,False,True,no_target
-335.41748,71,322.23874,False,True,no_target
-318.1834,13,322.361072,False,True,no_target
-313.77496,43,322.696352,False,True,no_target
-368.73923,60,322.869114,False,True,no_target
-314.91064,33,323.210466,False,True,no_target
-328.8926,28,323.36834,False,True,no_target
-324.88086,18,323.562157,False,True,no_target
110.790955,68,323.775411,True,False,no_target
138.98569,63,324.137056,True,False,no_target
-390.82697,70,324.345047,False,True,no_target
-352.7488,75,324.498056,False,True,no_target
52.854755,57,324.606946,True,False,no_target
-323.67313,33,324.841341,False,True,no_target
-341.9991,79,325.033528,False,True,no_target
120.78073,60,325.582733,True,False,no_target
-337.61838,46,325.582733,False,True,no_target
-309.34113,26,325.682869,False,True,no_target
-325.18942,16,325.734116,False,True,no_target
134.53667,69,326.142533,True,False,no_target
-417.6492,86,326.142533,False,True,no_target
-306.28955,37,326.369285,False,True,no_target
115.27756,56,326.416507,True,False,no_target
126.42472,61,326.999698,True,False,no_target
-346.59637,68,327.106955,False,True,no_target
-319.0038,26,327.422368,False,True,no_target
114.11919,54,327.912049,True,False,no_target
-360.2408,59,327.999752,False,True,no_target
131.69601,63,328.174105,True,False,no_target
135.66899,61,328.174105,True,False,no_target
129.48547,58,328.534301,True,False,no_target
-308.58557,39,328.662853,False,True,no_target
121.79207,59,328.846644,True,False,no_target
-315.35602,22,328.895558,False,True,no_target
-311.3464,66,328.895558,False,True,no_target
-319.53476,22,329.65684,False,True,no_target
128.5138,65,329.952049,True,False,no_target
-355.96384,62,330.156446,False,True,no_target
-310.36633,38,330.194326,False,True,no_target
-313.49353,31,330.242412,False,True,no_target
-384.46002,59,330.709246,False,True,no_target
-393.33945,66,330.827903,False,True,no_target
-345.20114,68,331.052333,False,True,no_target
129.8138,65,331.532618,True,False,no_target
-309.06995,34,331.532618,False,True,no_target
-334.5971,36,331.584057,False,True,no_target
105.82458,55,331.81972,True,False,no_target
-376.0844,75,331.904534,False,True,no_target
133.27641,60,332.307175,True,False,no_target
-307.4869,39,332.347802,False,True,no_target
140.22105,61,332.550776,True,False,no_target
-317.9661,33,333.201205,False,True,no_target
124.922104,65,333.32621,True,False,no_target
-319.84146,44,333.407477,False,True,no_target
111.74553,60,333.501105,True,False,no_target
126.4577,57,333.92633,True,False,no_target
117.85229,56,334.24999,True,False,no_target
-319.24982,26,334.403016,False,True,no_target
-401.8246,71,334.49539,False,True,no_target
-337.22693,34,334.89464,False,True,no_target
-402.45853,64,335.198831,False,True,no_target
-380.37503,71,335.236079,False,True,no_target
-425.5454,74,335.38233,False,True,no_target
-410.91403,52,335.501785,False,True,no_target
105.69716,62,335.696538,True,False,no_target
-336.63876,70,336.664745,False,True,no_target
-355.60745,77,337.288582,False,True,no_target
-384.36395,72,337.32875,False,True,no_target
-383.1025,75,337.369495,False,True,no_target
-357.2064,71,337.739406,False,True,no_target
-390.63892,67,337.939655,False,True,no_target
127.829315,64,338.037912,True,False,no_target
-352.3237,69,338.093361,False,True,no_target
61.24692,61,338.27581,True,False,no_target
-319.643,23,338.362151,False,True,no_target
-405.92032,71,338.484854,False,True,no_target
-412.83316,53,338.99076,False,True,no_target
-395.4657,32,339.306811,False,True,no_target
-379.70813,56,339.783865,False,True,no_target
-344.20563,59,340.267535,False,True,no_target
-318.9977,48,340.468821,False,True,no_target
-349.25058,72,340.468821,False,True,no_target
-392.96793,68,340.944197,False,True,no_target
-376.8258,41,341.073955,False,True,no_target
-348.34164,70,341.236994,False,True,no_target
-386.6096,70,341.317706,False,True,no_target
-381.91147,76,341.317706,False,True,no_target
129.10968,62,341.607528,True,False,no_target
116.10056,58,342.205196,True,False,no_target
-354.6208,37,342.853572,False,True,no_target
130.86899,64,342.989694,True,False,no_target
112.58516,60,343.03439,True,False,no_target
85.23727,63,343.177122,True,False,no_target
112.10648,55,343.268805,True,False,no_target
119.88283,62,343.676221,True,False,no_target
81.71108,62,343.862676,True,False,no_target
-366.71362,61,343.912741,False,True,no_target
-314.65338,26,344.00243,False,True,no_target
138.98799,59,344.131515,True,False,no_target
-305.51736,42,344.84788,False,True,no_target
-321.58432,25,344.936666,False,True,no_target
72.05398,65,345.031171,True,False,no_target
-321.66232,40,345.60106,False,True,no_target
70.42083,66,346.078994,True,False,no_target
-317.2037,29,346.078994,False,True,no_target
118.49324,56,346.356885,True,False,no_target
-363.96243,77,346.437629,False,True,no_target
-397.36093,88,346.716803,False,True,no_target
-347.0176,74,346.81012,False,True,no_target
-333.70795,73,347.171671,False,True,no_target
-319.2178,30,347.297445,False,True,no_target
-427.63943,63,347.632932,False,True,no_target
-334.98425,64,347.761118,False,True,no_target
-308.94952,37,348.052759,False,True,no_target
139.06929,63,348.293595,True,False,no_target
-344.535,57,348.872387,False,True,no_target
-330.7245,50,348.973821,False,True,no_target
-344.02182,56,349.353323,False,True,no_target
-303.2503,42,349.586981,False,True,no_target
-376.57327,81,349.719951,False,True,no_target
-339.04135,41,350.010532,False,True,no_target
104.39239,60,350.010532,True,False,no_target
-318.1056,17,351.966394,False,True,no_target
103.102005,62,352.45738,True,False,no_target
51.454147,64,358.688273,True,False,no_target
-366.6844,69,366.884884,False,True,no_target
92.009155,58,368.218251,True,False,no_target
-344.8478,72,374.076927,False,True,no_target
-381.72543,60,375.165115,False,True,no_target
-331.36548,35,375.165115,False,True,no_target
133.02484,58,375.619353,True,False,no_target
-306.34372,27,383.583165,False,True,no_target
118.79227,64,385.894847,True,False,no_target
-313.84454,34,385.894847,False,True,no_target
106.0105,71,387.837879,True,False,no_target
-388.7385,72,388.287908,False,True,no_target
-321.33524,23,389.524636,False,True,no_target
-372.5797,78,394.665606,False,True,no_target
-323.37967,23,398.690856,False,True,no_target
-306.6799,34,402.457382,False,True,no_target
134.18246,61,409.942524,True,False,no_target
-327.92798,70,414.744735,False,True,no_target
-354.13443,75,415.863578,False,True,no_target
-375.68835,54,416.44011,False,True,no_target
-346.70953,58,416.972322,False,True,no_target
128.25745,61,420.668826,True,False,no_target
-307.14838,36,428.378393,False,True,no_target
-358.40027,77,430.185918,False,True,no_target
123.7246,70,431.367664,True,False,no_target
126.738,62,431.367664,True,False,no_target
-404.62393,61,434.504316,False,True,no_target
-309.85904,36,435.602129,False,True,no_target
-329.32883,40,437.265086,False,True,no_target
-346.2158,46,441.934374,False,True,no_target
-317.42325,17,445.545722,False,True,no_target
-361.56265,75,455.433338,False,True,no_target
-312.41736,66,456.64203,False,True,no_target
-389.20697,48,460.334296,False,True,no_target
125.5102,59,462.885194,True,False,no_target
-318.33514,17,465.062361,False,True,no_target
124.72669,64,465.525598,True,False,no_target
-349.15457,73,467.459376,False,True,no_target
-335.90506,75,470.005348,False,True,no_target
-350.15222,64,471.169674,False,True,no_target
-317.9077,35,483.297655,False,True,no_target
-350.04822,69,483.297655,False,True,no_target
-364.71713,78,485.39676,False,True,no_target
120.25981,59,489.404804,True,False,no_target
-325.37607,39,489.404804,False,True,no_target
-317.6148,31,490.137127,False,True,no_target
-399.6779,59,505.47734,False,True,no_target
-364.44107,75,506.782934,False,True,no_target
-333.03378,39,510.560092,False,True,no_target
-311.63885,75,511.659303,False,True,no_target
93.22856,63,511.659303,True,False,no_target
-329.5548,47,513.027045,False,True,no_target
-315.22623,15,514.927114,False,True,no_target
-351.51053,43,515.941855,False,True,no_target
-317.52597,14,518.298066,False,True,no_target
-362.16995,53,522.38771,False,True,no_target
-335.6996,32,523.072709,False,True,no_target
-372.6299,71,526.385913,False,True,no_target
60.74954,65,527.8558,True,False,no_target
-352.61362,31,531.920489,False,True,no_target
-354.97293,43,538.833433,False,True,no_target
-317.7003,21,538.833433,False,True,no_target
-387.82706,53,539.808876,False,True,no_target
138.44635,62,546.206241,True,False,no_target
-314.14462,33,549.345053,False,True,no_target
-375.13553,70,549.345053,False,True,no_target
-312.26706,20,549.876736,False,True,no_target
-315.36017,57,552.67906,False,True,no_target
82.80261,74,558.183675,True,False,no_target
121.51041,65,558.183675,True,False,no_target
-309.39136,28,564.958243,False,True,no_target
-314.54697,19,568.599434,False,True,no_target
-447.68906,79,569.317815,False,True,no_target
125.528244,57,571.587209,True,False,no_target
-338.08777,48,575.7035,False,True,no_target
-470.7696,75,579.950614,False,True,no_target
-352.86832,63,580.881955,False,True,no_target
-322.20172,25,581.955399,False,True,no_target
-333.629,23,583.811605,False,True,no_target
117.62285,57,583.811605,True,False,no_target
138.18225,63,583.811605,True,False,no_target
-324.30447,38,589.755057,False,True,no_target
-319.33353,12,590.251651,False,True,no_target
-325.90567,34,593.908088,False,True,no_target
-330.74255,68,594.99082,False,True,no_target
97.64381,65,600.203176,True,False,no_target
-341.71915,41,602.981084,False,True,no_target
-455.65125,46,618.718463,False,True,no_target
-377.30414,68,618.718463,False,True,no_target
-304.6627,39,621.806852,False,True,no_target
-362.6089,77,621.806852,False,True,no_target
104.61413,63,623.934532,True,False,no_target
-374.4279,77,625.512328,False,True,no_target
114.04433,58,626.84753,True,False,no_target
-378.55374,79,626.84753,False,True,no_target
-364.6562,78,632.90445,False,True,no_target
-328.00296,18,636.621697,False,True,no_target
-356.37262,33,637.142929,False,True,no_target
-351.7125,24,637.142929,False,True,no_target
131.83475,71,641.800734,True,False,no_target
-321.19855,26,650.470913,False,True,no_target
134.83455,60,654.808919,True,False,no_target
131.43198,70,659.849309,True,False,no_target
-319.3795,11,660.381453,False,True,no_target
136.14653,64,661.431407,True,False,no_target
-368.6819,90,667.711566,False,True,no_target
-405.8772,80,668.6911,False,True,no_target
55.13872,69,669.681763,True,False,no_target
136.50856,66,672.415483,True,False,no_target
89.36941,64,676.168338,True,False,no_target
-311.86017,37,679.485178,False,True,no_target
-375.9915,86,683.245222,False,True,no_target
-321.44604,22,692.142871,False,True,no_target
-355.78378,80,693.680045,False,True,no_target
121.26439,71,698.312809,True,False,no_target
-390.82864,78,704.913792,False,True,no_target
135.9778,68,705.745508,True,False,no_target
140.66597,64,708.344093,True,False,no_target
97.54327,72,710.072097,True,False,no_target
117.97893,66,713.218067,True,False,no_target
-382.82986,88,717.462383,False,True,no_target
-354.1677,84,730.222764,False,True,no_target
135.16864,66,734.591741,True,False,no_target
-356.83878,75,735.059968,False,True,no_target
119.84917,63,738.226657,True,False,no_target
19.34556,88,740.500713,True,False,no_target
11.989035,73,744.786758,True,False,no_target
112.37661,67,745.680298,True,False,no_target
-309.34613,37,750.256174,False,True,no_target
76.66857,72,752.51485,True,False,no_target
-353.03616,82,753.051786,False,True,no_target
-416.78854,84,763.152308,False,True,no_target
-312.07233,24,765.398861,False,True,no_target
-376.36353,50,765.882122,False,True,no_target
-333.49655,37,766.382754,False,True,no_target
-315.64746,17,775.003936,False,True,no_target
-311.18912,34,781.150709,False,True,no_target
-401.231,93,785.34253,False,True,no_target
-419.37607,85,786.458018,False,True,no_target
-443.31863,106,791.87182,False,True,no_target
28.324484,88,792.289211,True,False,no_target
76.43441,81,793.444269,True,False,no_target
-319.52048,23,793.444269,False,True,no_target
94.34258,78,794.56676,True,False,no_target
-310.76297,43,797.8399,False,True,no_target
-323.75647,14,801.407891,False,True,no_target
-357.7943,32,809.927562,False,True,no_target
-310.7417,24,814.812855,False,True,no_target
-425.41983,95,816.970052,False,True,no_target
-475.10272,105,823.794183,False,True,no_target
101.08497,73,825.800276,True,False,no_target
83.85212,76,828.54833,True,False,no_target
-318.4495,34,833.32998,False,True,no_target
-371.06015,71,833.911067,False,True,no_target
26.81932,78,836.572141,True,False,no_target
-303.3262,29,839.311313,False,True,no_target
53.36541,87,839.790222,True,False,no_target
96.05692,77,840.228918,True,False,no_target
-308.9848,36,848.078245,False,True,no_target
105.76084,71,855.460818,True,False,no_target
-329.54416,24,861.956801,False,True,no_target
107.35014,74,867.417021,True,False,no_target
-440.00946,105,868.677319,False,True,no_target
122.147156,64,876.371086,True,False,no_target
102.85194,79,880.708165,True,False,no_target
-308.86703,27,881.772389,False,True,no_target
110.74164,77,882.345392,True,False,no_target
57.29928,88,882.958648,True,False,no_target
82.54955,80,885.358228,True,False,no_target
8.460601,98,888.099131,True,False,no_target
-324.64252,43,892.786659,False,True,no_target
-311.26794,21,892.786659,False,True,no_target
-303.23257,32,894.09047,False,True,no_target
-8.992218,72,896.520604,True,False,no_target
134.50154,70,900.963827,True,False,no_target
-311.441,30,901.805007,False,True,no_target
-323.20108,23,906.228404,False,True,no_target
-343.03146,39,909.53371,False,True,no_target
70.7872,61,916.639634,True,False,no_target
14.47794,68,919.428616,True,False,no_target
-312.75577,25,920.024549,False,True,no_target
-309.97775,37,922.28509,False,True,no_target
-419.729,84,929.016675,False,True,no_target
-309.9091,25,930.657073,False,True,no_target
87.228615,65,932.076441,True,False,no_target
95.99514,76,934.365598,True,False,no_target
86.85272,80,936.727373,True,False,no_target
-317.68085,36,942.346803,False,True,no_target
6.219446,84,946.976168,True,False,no_target
-324.00812,39,952.150491,False,True,no_target
83.87431,79,953.681241,True,False,no_target
67.894775,65,956.489207,True,False,no_target
-318.26285,28,957.814755,False,True,no_target
-352.1457,46,962.137936,False,True,no_target
75.267044,80,964.518529,True,False,no_target
-324.92737,41,970.079321,False,True,no_target
44.191742,70,971.423925,True,False,no_target
53.24232,78,972.849494,True,False,no_target
57.586887,82,979.953722,True,False,no_target
-323.24875,34,982.91309,False,True,no_target
113.849915,70,991.08418,True,False,no_target
-330.9503,40,994.159899,False,True,no_target
96.56466,74,994.159899,True,False,no_target
-15.058138,77,998.568109,True,False,no_target
71.22816,77,1000.286809,True,False,no_target
-364.9845,73,1002.580316,False,True,no_target
100.51293,70,1008.620226,True,False,no_target
74.41966,76,1012.551092,True,False,no_target
73.74676,71,1021.887079,True,False,no_target
-388.80557,79,1023.358474,False,True,no_target
-402.76782,74,1031.271371,False,True,no_target
-2.0556872,77,1036.223609,True,False,no_target
-316.54486,29,1037.206625,False,True,no_target
-431.74606,80,1037.79955,False,True,no_target
86.183655,74,1040.674441,True,False,no_target
-371.69275,82,1043.482825,False,True,no_target
-360.19296,83,1047.768726,False,True,no_target
-319.80927,29,1054.091282,False,True,no_target
-318.207,22,1055.981882,False,True,no_target
-16.511127,79,1056.406573,True,False,no_target
21.030775,90,1057.900005,True,False,no_target
102.9287,72,1062.853215,True,False,no_target
-328.34952,29,1070.056021,False,True,no_target
-319.3559,20,1073.487464,False,True,no_target
-4.622143,84,1077.289916,True,False,no_target
83.35862,76,1078.858874,True,False,no_target
40.68601,73,1080.556017,True,False,no_target
14.737731,90,1085.70982,True,False,no_target
75.05607,77,1089.845325,True,False,no_target
-310.1002,34,1092.188321,False,True,no_target
-348.488,29,1093.256562,False,True,no_target
-307.6333,26,1093.256562,False,True,no_target
-332.12326,29,1096.591552,False,True,no_target
66.341446,77,1097.92375,True,False,no_target
33.952007,79,1099.316932,True,False,no_target
-304.46695,38,1106.399169,False,True,no_target
19.169346,89,1106.399169,True,False,no_target
-311.63214,21,1110.389747,False,True,no_target
52.381065,81,1113.80494,True,False,no_target
-317.5536,22,1123.368278,False,True,no_target
126.62558,63,1125.298258,True,False,no_target
82.49063,62,1127.920623,True,False,no_target
102.82028,70,1132.869262,True,False,no_target
62.467854,76,1134.970691,True,False,no_target
90.4459,74,1138.252718,True,False,no_target
77.613525,59,1139.843463,True,False,no_target
98.74347,69,1145.230731,True,False,no_target
47.00384,85,1145.230731,True,False,no_target
75.81003,74,1156.073861,True,False,no_target
77.0753,68,1161.657956,True,False,no_target
-312.94846,30,1162.182824,False,True,no_target
127.08588,67,1165.499272,True,False,no_target
29.805199,85,1171.944994,True,False,no_target
34.337494,76,1174.011827,True,False,no_target
118.52309,69,1175.491061,True,False,no_target
80.43646,75,1180.174744,True,False,no_target
39.17105,86,1181.409314,True,False,no_target
100.48294,71,1184.056449,True,False,no_target
120.87611,65,1191.015201,True,False,no_target
88.77873,60,1193.624169,True,False,no_target
75.00859,65,1197.311203,True,False,no_target
-308.20032,41,1198.262133,False,True,no_target
-314.42334,33,1200.229935,False,True,no_target
-306.603,29,1200.229935,False,True,no_target
53.223606,80,1208.509375,True,False,no_target
79.74926,75,1213.058872,True,False,no_target
29.473099,84,1220.39427,True,False,no_target
-339.37958,49,1224.331433,False,True,no_target
38.053135,82,1226.200403,True,False,no_target
78.64403,60,1227.054603,True,False,no_target
71.56112,71,1230.303119,True,False,no_target
56.981354,65,1233.932755,True,False,no_target
114.17346,63,1234.449409,True,False,no_target
97.959145,67,1236.591091,True,False,no_target
51.506165,54,1238.128286,True,False,no_target
-321.8421,24,1243.071972,False,True,no_target
84.04245,57,1244.411123,True,False,no_target
-320.8169,22,1248.862333,False,True,no_target
98.10452,65,1259.994428,True,False,no_target
14.388278,76,1262.093706,True,False,no_target
63.584442,74,1266.652159,True,False,no_target
80.61281,75,1268.11972,True,False,no_target
107.97874,66,1270.355126,True,False,no_target
103.85083,67,1271.578763,True,False,no_target
96.64985,69,1276.285411,True,False,no_target
109.66031,64,1279.864363,True,False,no_target
-306.34,39,1281.312666,False,True,no_target
89.20154,72,1283.449724,True,False,no_target
-302.4717,34,1285.391307,False,True,no_target
97.8095,66,1285.391307,True,False,no_target
-310.16873,24,1296.291168,False,True,no_target
-315.1874,31,1298.513374,False,True,no_target
99.174774,71,1301.139999,True,False,no_target
-316.8549,35,1304.86953,False,True,no_target
52.74305,64,1317.823528,True,False,no_target
-351.7168,78,1319.63954,False,True,no_target
60.449738,85,1321.213035,True,False,no_target
114.29904,66,1322.321603,True,False,no_target
-312.42303,30,1324.466801,False,True,no_target
-315.3809,24,1324.466801,False,True,no_target
18.34354,88,1326.239507,True,False,no_target
-310.78107,24,1332.596444,False,True,no_target
-15.9728985,78,1335.724479,True,False,no_target
45.499268,58,1338.690411,True,False,no_target
-417.08334,73,1347.75233,False,True,no_target
102.00083,62,1367.076673,True,False,no_target
93.174576,69,1370.006836,True,False,no_target
92.803185,66,1370.006836,True,False,no_target
62.230797,73,1371.579355,True,False,no_target
81.9407,77,1372.270104,True,False,no_target
-307.0067,37,1373.191787,False,True,no_target
58.54289,69,1374.147429,True,False,no_target
84.71676,74,1382.941747,True,False,no_target
66.754845,84,1393.227328,True,False,no_target
-303.04147,38,1394.859612,False,True,no_target
-326.45248,13,1400.667278,False,True,no_target
85.52143,61,1404.487505,True,False,no_target
-16.824604,102,1405.252763,True,False,no_target
106.94234,61,1406.234792,True,False,no_target
-312.3222,25,1408.338739,False,True,no_target
115.837006,65,1408.338739,True,False,no_target
91.42221,64,1410.578706,True,False,no_target
-7.8049192,66,1412.657396,True,False,no_target
-325.54077,13,1415.521614,False,True,no_target
109.53879,60,1417.614343,True,False,no_target
-304.29202,28,1419.637046,False,True,no_target
-309.78223,36,1420.35501,False,True,no_target
-331.1789,29,1421.212436,False,True,no_target
-311.89838,20,1421.838001,False,True,no_target
-330.7933,22,1427.603789,False,True,no_target
-320.02124,20,1433.026503,False,True,no_target
-310.6915,30,1435.865231,False,True,no_target
-315.91058,13,1439.647764,False,True,no_target
-108.88211,122,1441.157393,True,False,no_target
71.78167,67,1442.676574,True,False,no_target
52.076786,62,1446.493634,True,False,no_target
95.45336,73,1448.228985,True,False,no_target
71.56276,54,1450.651019,True,False,no_target
-320.47513,15,1451.261328,False,True,no_target
-318.5929,29,1451.892128,False,True,no_target
91.758064,69,1457.606884,True,False,no_target
-304.01053,35,1458.707029,False,True,no_target
96.62439,59,1460.152335,True,False,no_target
-315.94455,24,1461.606753,False,True,no_target
-382.67673,83,1462.460047,False,True,no_target
-318.4676,24,1472.4839,False,True,no_target
-311.78372,21,1473.590949,False,True,no_target
99.06775,67,1477.053937,True,False,no_target
59.18368,58,1482.350547,True,False,no_target
115.18041,63,1485.660477,True,False,no_target
106.31863,69,1487.577606,True,False,no_target
71.0648,82,1491.190946,True,False,no_target
-319.90173,13,1492.642903,False,True,no_target
114.77031,66,1494.502743,True,False,no_target
64.15489,84,1506.501492,True,False,no_target
124.693054,63,1506.501492,True,False,no_target
125.46328,55,1507.04097,True,False,no_target
129.50838,65,1508.616479,True,False,no_target
111.90829,67,1521.349934,True,False,no_target
131.18353,60,1523.155304,True,False,no_target
65.873245,58,1525.758221,True,False,no_target
79.99308,64,1533.505367,True,False,no_target
130.11307,62,1534.130102,True,False,no_target
-567.6916,137,1538.058692,False,True,no_target
-345.18018,25,1538.681135,False,True,no_target
136.63744,59,1547.048573,True,False,no_target
79.91935,60,1548.258132,True,False,no_target
79.99161,63,1549.481463,True,False,no_target
-307.4709,41,1551.31749,False,True,no_target
48.49321,71,1556.514894,True,False,no_target
133.90411,59,1563.44659,True,False,no_target
-317.59857,32,1567.280449,False,True,no_target
127.18408,60,1569.438076,True,False,no_target
87.52869,63,1570.345715,True,False,no_target
-318.77945,33,1574.468152,False,True,no_target
66.21658,65,1576.59187,True,False,no_target
92.407104,67,1577.066765,True,False,no_target
66.61274,61,1582.363089,True,False,no_target
-315.73364,25,1583.691378,False,True,no_target
77.2121,65,1583.691378,True,False,no_target
-315.5692,33,1589.054936,False,True,no_target
108.37906,73,1591.678607,True,False,no_target
81.724724,60,1600.145085,True,False,no_target
-321.3376,44,1600.69422,False,True,no_target
-336.64215,35,1601.15729,False,True,no_target
21.930685,80,1608.503965,True,False,no_target
95.34579,65,1611.136987,True,False,no_target
-314.89105,28,1617.387018,False,True,no_target
106.333206,63,1619.571281,True,False,no_target
87.768364,68,1622.225247,True,False,no_target
101.63067,71,1629.117788,True,False,no_target
124.830475,67,1629.651904,True,False,no_target
-342.0302,43,1635.037941,False,True,no_target
-307.01718,27,1636.587413,False,True,no_target
-519.38873,107,1637.090305,False,True,no_target
89.81324,75,1643.815702,True,False,no_target
73.35029,80,1646.104605,True,False,no_target
-315.24945,41,1651.686592,False,True,no_target
-328.44196,20,1655.625806,False,True,no_target
-321.11057,37,1656.056341,False,True,no_target
81.84569,71,1656.419146,True,False,no_target
-471.85757,104,1665.705115,False,True,no_target
-320.59665,37,1666.265471,False,True,no_target
18.69911,69,1667.391745,True,False,no_target
67.62168,63,1671.133418,True,False,no_target
123.49322,64,1672.196162,True,False,no_target
-336.07477,43,1678.440426,False,True,no_target
110.64574,54,1681.487758,True,False,no_target
110.40389,61,1689.607316,True,False,no_target
-701.4074,140,1696.007388,False,True,no_target
77.706635,80,1699.052597,True,False,no_target
63.036884,64,1700.68821,True,False,no_target
-3.6250298,69,1705.08935,True,False,no_target
87.779045,65,1707.68691,True,False,no_target
104.87533,70,1709.274946,True,False,no_target
91.43363,71,1717.611975,True,False,no_target
-448.083,93,1717.611975,False,True,no_target
81.3071,77,1722.770106,True,False,no_target
94.64214,72,1728.362098,True,False,no_target
83.61053,74,1735.637496,True,False,no_target
77.48434,74,1740.87376,True,False,no_target
34.204712,68,1742.040363,True,False,no_target
-396.40057,82,1743.325899,False,True,no_target
105.134026,66,1744.862623,True,False,no_target
90.38422,71,1746.186836,True,False,no_target
63.199146,61,1750.453432,True,False,no_target
90.58599,70,1755.162112,True,False,no_target
73.28632,75,1764.615622,True,False,no_target
34.518192,67,1765.662136,True,False,no_target
86.54925,68,1773.71102,True,False,no_target
35.559155,68,1780.267025,True,False,no_target
84.70661,73,1781.950686,True,False,no_target
47.67764,60,1784.170476,True,False,no_target
33.20017,59,1788.703761,True,False,no_target
-35.814896,76,1789.234953,True,False,no_target
-436.894,78,1789.234953,False,True,no_target
-307.81467,28,1789.70671,False,True,no_target
29.799387,85,1791.169831,True,False,no_target
57.790577,56,1795.704202,True,False,no_target
-340.06006,29,1797.761247,False,True,no_target
86.60278,70,1804.540635,True,False,no_target
-337.1343,33,1807.340755,False,True,no_target
46.984493,71,1819.614753,True,False,no_target
58.553436,66,1825.023839,True,False,no_target
82.62142,78,1828.032626,True,False,no_target
-310.90268,36,1828.032626,False,True,no_target
57.26226,64,1833.822225,True,False,no_target
34.269474,84,1836.412008,True,False,no_target
39.50611,86,1836.937,True,False,no_target
83.55169,76,1838.006608,True,False,no_target
-26.003525,84,1838.006608,True,False,no_target
-358.90695,21,1839.123197,False,True,no_target
100.37707,69,1843.164835,True,False,no_target
54.728912,60,1853.370687,True,False,no_target
106.6638,65,1863.826051,True,False,no_target
88.6163,73,1866.171127,True,False,no_target
54.028522,63,1872.221649,True,False,no_target
105.24725,61,1872.221649,True,False,no_target
87.01094,74,1874.974261,True,False,no_target
107.743256,71,1876.170515,True,False,no_target
53.612778,61,1877.068863,True,False,no_target
79.294914,74,1879.38662,True,False,no_target
83.47873,73,1879.878327,True,False,no_target
-310.18524,28,1881.744717,False,True,no_target
105.36969,66,1890.309595,True,False,no_target
-320.8063,40,1897.306767,False,True,no_target
-354.15717,32,1897.306767,False,True,no_target
99.57441,65,1899.884883,True,False,no_target
131.25508,63,1907.402578,True,False,no_target
120.37219,59,1909.617604,True,False,no_target
106.3053,69,1910.306835,True,False,no_target
113.887505,63,1910.940798,True,False,no_target
123.36878,56,1910.940798,True,False,no_target
-315.0199,25,1913.939607,False,True,no_target
126.59509,66,1918.581448,True,False,no_target
-316.50522,39,1918.967911,False,True,no_target
112.27212,62,1924.826537,True,False,no_target
-314.52002,38,1928.594612,False,True,no_target
68.55956,57,1929.010694,True,False,no_target
99.05264,67,1947.951361,True,False,no_target
81.31469,72,1950.034637,True,False,no_target
95.29111,71,1950.531727,True,False,no_target
96.66776,71,1950.531727,True,False,no_target
111.197075,62,1952.9642,True,False,no_target
117.82395,61,1952.9642,True,False,no_target
98.73238,71,1953.421244,True,False,no_target
45.237167,65,1960.111747,True,False,no_target
-335.42245,19,1960.610694,False,True,no_target
-321.82504,23,1962.804315,False,True,no_target
104.95524,63,1962.804315,True,False,no_target
85.87251,63,1963.326069,True,False,no_target
102.783455,55,1979.362174,True,False,no_target
-332.5502,34,1981.160287,False,True,no_target
122.83412,58,1984.84146,True,False,no_target
107.40367,59,1984.84146,True,False,no_target
117.88896,59,1984.84146,True,False,no_target
92.01337,72,1986.990182,True,False,no_target
118.39605,61,1993.211511,True,False,no_target
125.217445,62,1994.400343,True,False,no_target
-315.69714,27,1995.90472,False,True,no_target
108.458,61,1996.419403,True,False,no_target
94.719055,63,1996.959871,True,False,no_target
-331.6306,20,2005.067783,False,True,no_target
-325.52405,25,2010.430067,False,True,no_target
127.205864,58,2011.008523,True,False,no_target
-331.34656,30,2012.882474,False,True,no_target
-334.73383,40,2017.670631,False,True,no_target
91.668076,66,2020.3163,True,False,no_target
105.91793,66,2020.3163,True,False,no_target
104.431206,67,2020.808858,True,False,no_target
102.97811,68,2023.64901,True,False,no_target
94.33494,71,2031.494268,True,False,no_target
-319.31433,33,2038.097189,False,True,no_target
100.64281,66,2041.120294,True,False,no_target
73.902916,59,2043.002665,True,False,no_target
135.63882,60,2043.002665,True,False,no_target
-326.6806,43,2044.158596,False,True,no_target
36.152477,59,2044.928131,True,False,no_target
62.110527,63,2052.825414,True,False,no_target
90.74948,64,2058.778324,True,False,no_target
-311.9083,31,2060.698298,False,True,no_target
33.608143,73,2060.698298,True,False,no_target
-346.29788,20,2063.272469,False,True,no_target
-346.93704,44,2066.024551,False,True,no_target
106.03065,67,2068.990612,True,False,no_target
104.7641,57,2069.965043,True,False,no_target
98.57949,55,2075.160783,True,False,no_target
115.69659,58,2076.250703,True,False,no_target
81.15369,65,2079.223595,True,False,no_target
114.32178,56,2091.040243,True,False,no_target
95.23094,61,2092.190211,True,False,no_target
123.26268,61,2093.59292,True,False,no_target
121.65713,60,2095.943784,True,False,no_target
-320.8027,15,2100.241538,False,True,no_target
79.67656,58,2101.620383,True,False,no_target
117.37617,58,2106.679812,True,False,no_target
113.128746,57,2110.559345,True,False,no_target
123.44889,63,2111.14473,True,False,no_target
30.498886,84,2111.701607,True,False,no_target
-511.68906,98,2122.913786,False,True,no_target
122.5419,64,2126.924655,True,False,no_target
114.33361,60,2127.292407,True,False,no_target
128.18028,60,2129.76896,True,False,no_target
117.48789,57,2131.950962,True,False,no_target
120.74564,62,2135.61987,True,False,no_target
127.88943,61,2140.287793,True,False,no_target
125.64741,61,2144.654015,True,False,no_target
132.10747,62,2145.602206,True,False,no_target
88.399826,69,2148.584082,True,False,no_target
-345.62274,24,2153.656499,False,True,no_target
124.580154,59,2154.694684,True,False,no_target
102.03591,61,2160.018231,True,False,no_target
134.07834,68,2164.708226,True,False,no_target
106.6974,59,2164.708226,True,False,no_target
83.9299,65,2165.188109,True,False,no_target
91.93019,63,2170.488165,True,False,no_target
110.518745,58,2176.925801,True,False,no_target
73.31433,61,2179.612241,True,False,no_target
97.62003,57,2180.226209,True,False,no_target
68.585594,54,2183.928023,True,False,no_target
99.60056,53,2184.364624,True,False,no_target
105.34902,64,2195.122966,True,False,no_target
134.325,59,2196.867872,True,False,no_target
-326.36313,33,2197.424845,False,True,no_target
85.16074,52,2199.089024,True,False,no_target
131.50284,64,2199.676673,True,False,no_target
70.38314,73,2204.746123,True,False,no_target
112.62948,64,2214.804766,True,False,no_target
-330.75342,29,2214.804766,False,True,no_target
93.73373,58,2215.32155,True,False,no_target
64.33256,73,2216.376498,True,False,no_target
111.470505,60,2216.935109,True,False,no_target
-313.54675,38,2218.176555,False,True,no_target
-322.31317,27,2219.848795,False,True,no_target
-335.55008,19,2225.633279,False,True,no_target
108.77722,59,2228.760751,True,False,no_target
127.837746,62,2228.760751,True,False,no_target
108.05247,61,2233.118119,True,False,no_target
91.63667,60,2247.760353,True,False,no_target
143.45041,64,2249.842055,True,False,no_target
121.290184,59,2250.399487,True,False,no_target
54.06695,62,2250.399487,True,False,no_target
111.999344,62,2250.883695,True,False,no_target
96.91466,64,2254.638032,True,False,no_target
132.81345,59,2257.922453,True,False,no_target
94.19034,61,2262.140464,True,False,no_target
70.25909,62,2262.63236,True,False,no_target
-315.10614,28,2269.855552,False,True,no_target
79.96536,69,2270.265087,True,False,no_target
-312.3163,25,2275.623003,False,True,no_target
83.71892,60,2280.319847,True,False,no_target
100.540215,59,2281.984502,True,False,no_target
98.47978,64,2285.580393,True,False,no_target
90.6546,63,2285.580393,True,False,no_target
-350.69614,28,2285.983786,False,True,no_target
-27.071888,66,2286.385731,True,False,no_target
131.2377,58,2289.79044,True,False,no_target
-342.3005,36,2295.967988,False,True,no_target
-325.68307,29,2302.075122,False,True,no_target
65.80229,72,2302.605137,True,False,no_target
141.48907,61,2303.680731,True,False,no_target
-335.28088,20,2314.716017,False,True,no_target
135.65117,65,2316.542576,True,False,no_target
143.10638,62,2316.542576,True,False,no_target
83.782646,59,2319.280076,True,False,no_target
113.258606,64,2321.003501,True,False,no_target
-404.4484,35,2321.399615,False,True,no_target
-326.26785,15,2322.825064,False,True,no_target
131.0969,63,2324.304249,True,False,no_target
27.261057,74,2325.91124,True,False,no_target
-311.81314,21,2327.517979,False,True,no_target
108.33281,67,2332.256119,True,False,no_target
-335.94775,24,2333.294869,False,True,no_target
-340.66153,24,2335.602881,False,True,no_target
-308.87274,37,2338.788889,False,True,no_target
47.854877,72,2341.225638,True,False,no_target
-316.2269,42,2348.923912,False,True,no_target
103.354164,68,2353.077862,True,False,no_target
110.34199,64,2356.062671,True,False,no_target
-316.8992,28,2357.252896,False,True,no_target
140.03065,63,2358.73666,True,False,no_target
-319.8049,36,2358.73666,False,True,no_target
128.1556,61,2361.070652,True,False,no_target
132.36996,63,2366.823133,True,False,no_target
28.986603,62,2369.457803,True,False,no_target
74.91873,67,2369.975537,True,False,no_target
-338.70776,35,2379.930607,False,True,no_target
124.520226,62,2382.770693,True,False,no_target
140.09662,61,2386.422346,True,False,no_target
60.472076,62,2389.965904,True,False,no_target
118.73818,67,2393.451698,True,False,no_target
50.62613,65,2393.965162,True,False,no_target
27.332777,76,2400.016638,True,False,no_target
-315.4255,33,2400.414747,False,True,no_target
132.7959,58,2401.317185,True,False,no_target
137.85611,61,2402.41486,True,False,no_target
43.608997,67,2403.087995,True,False,no_target
-327.88135,30,2409.525879,False,True,no_target
-327.4681,20,2413.651747,False,True,no_target
-324.31097,20,2414.115604,False,True,no_target
128.63567,64,2414.637141,True,False,no_target
124.53094,63,2421.080677,True,False,no_target
48.746758,62,2423.988308,True,False,no_target
110.746635,62,2428.450351,True,False,no_target
106.95794,59,2433.381808,True,False,no_target
115.71292,65,2436.217711,True,False,no_target
-319.70593,32,2438.856964,False,True,no_target
52.740505,58,2442.107961,True,False,no_target
-325.38403,30,2445.174671,False,True,no_target
108.72925,56,2446.298512,True,False,no_target
9.852902,83,2447.769811,True,False,no_target
135.55377,62,2448.285798,True,False,no_target
141.89185,63,2449.599646,True,False,no_target
-336.55768,28,2451.47667,False,True,no_target
16.087673,60,2456.984327,True,False,no_target
-323.11697,39,2460.385782,False,True,no_target
-333.6373,25,2462.906979,False,True,no_target
104.08008,61,2466.630418,True,False,no_target
-325.21167,19,2473.348958,False,True,no_target
138.02592,59,2474.327132,True,False,no_target
56.68906,56,2476.807592,True,False,no_target
78.32526,54,2478.339864,True,False,no_target
125.975,63,2479.987222,True,False,no_target
140.98076,63,2482.563401,True,False,no_target
-325.08838,18,2487.038703,False,True,no_target
124.68736,61,2490.780475,True,False,no_target
122.07499,61,2494.071074,True,False,no_target
47.914936,77,2494.071074,True,False,no_target
-350.123,32,2495.597281,False,True,no_target
-358.42838,28,2498.078243,False,True,no_target
-323.77478,26,2501.185115,False,True,no_target
-68.375885,68,2504.932199,True,False,no_target
15.056176,55,2505.50881,True,False,no_target
135.35918,61,2507.893221,True,False,no_target
-331.22873,24,2507.893221,False,True,no_target
50.562317,56,2511.522217,True,False,no_target
-333.14703,37,2512.011265,False,True,no_target
-339.81085,32,2512.48815,False,True,no_target
-321.15918,16,2516.809608,False,True,no_target
-323.60126,23,2527.26417,False,True,no_target
109.37761,56,2534.895438,True,False,no_target
53.40755,65,2537.934828,True,False,no_target
-395.5775,36,2542.898787,False,True,no_target
137.8169,65,2544.104128,True,False,no_target
131.74951,59,2544.104128,True,False,no_target
79.12128,58,2546.56897,True,False,no_target
67.86547,65,2553.440891,True,False,no_target
-326.33234,18,2554.032349,False,True,no_target
128.37607,66,2555.155145,True,False,no_target
-11.746127,87,2560.188062,True,False,no_target
109.68743,56,2561.892674,True,False,no_target
-321.25287,29,2562.309484,False,True,no_target
-311.59424,33,2562.309484,False,True,no_target
-392.65134,39,2564.719975,False,True,no_target
-337.22803,31,2572.302849,False,True,no_target
-320.58514,17,2577.277073,False,True,no_target
114.342766,65,2578.676568,True,False,no_target
-117.54031,71,2579.466946,True,False,no_target
-319.74997,18,2593.043461,False,True,no_target
35.312458,53,2593.554024,True,False,no_target
139.89352,62,2597.867685,True,False,no_target
-332.17868,28,2601.178707,False,True,no_target
114.08548,57,2602.305159,True,False,no_target
90.82017,56,2604.030969,True,False,no_target
56.658028,58,2604.549135,True,False,no_target
55.980747,59,2605.613202,True,False,no_target
130.05426,60,2614.525094,True,False,no_target
-314.44278,38,2615.550944,False,True,no_target
90.84116,59,2618.402456,True,False,no_target
-328.3313,38,2624.675083,False,True,no_target
98.03452,56,2625.724065,True,False,no_target
87.96215,61,2632.095536,True,False,no_target
94.50233,58,2633.60888,True,False,no_target
133.29279,60,2633.60888,True,False,no_target
108.88974,52,2633.60888,True,False,no_target
51.14568,60,2636.846887,True,False,no_target
-337.818,26,2639.658244,False,True,no_target
-374.3329,52,2645.996947,False,True,no_target
29.457323,59,2646.526187,True,False,no_target
144.1689,62,2649.039311,True,False,no_target
-324.1822,32,2651.18822,False,True,no_target
-340.10498,33,2651.707546,False,True,no_target
-307.67816,35,2652.987749,False,True,no_target
95.44712,62,2658.268831,True,False,no_target
-302.54437,42,2662.969891,False,True,no_target
109.76174,60,2665.092145,True,False,no_target
81.128914,67,2674.605234,True,False,no_target
-332.16122,29,2675.183392,False,True,no_target
67.64764,64,2682.114686,True,False,no_target
53.202404,59,2682.652784,True,False,no_target
86.4876,56,2683.839664,True,False,no_target
106.98072,60,2685.157367,True,False,no_target
46.000866,61,2687.274425,True,False,no_target
-8.789996,74,2687.785728,True,False,no_target
75.42673,53,2692.465147,True,False,no_target
-322.1287,17,2696.651565,False,True,no_target
-307.50787,27,2696.651565,False,True,no_target
132.21999,64,2700.696462,True,False,no_target
-328.21616,35,2703.743969,False,True,no_target
-322.3808,19,2706.91502,False,True,no_target
135.15541,62,2708.13895,True,False,no_target
80.499245,70,2713.490449,True,False,no_target
71.04069,59,2719.116575,True,False,no_target
-314.56314,34,2719.116575,False,True,no_target
100.62158,71,2720.419939,True,False,no_target
-445.22202,73,2723.263989,False,True,no_target
123.22499,57,2724.12798,True,False,no_target
-320.57568,30,2724.12798,False,True,no_target
130.77196,66,2733.541955,True,False,no_target
108.01149,65,2739.767563,True,False,no_target
124.20656,66,2745.121074,True,False,no_target
56.13948,58,2745.768301,True,False,no_target
-410.80966,40,2746.345071,False,True,no_target
-306.82626,44,2748.524756,False,True,no_target
96.45997,57,2751.413114,True,False,no_target
-320.244,13,2752.943921,False,True,no_target
91.54498,63,2754.376151,True,False,no_target
-349.7636,20,2755.975612,False,True,no_target
108.15533,66,2757.089801,True,False,no_target
117.04386,57,2764.676292,True,False,no_target
-318.23383,22,2766.507746,False,True,no_target
-311.69357,30,2769.922822,False,True,no_target
90.85061,54,2770.43005,True,False,no_target
-502.79132,89,2772.782272,False,True,no_target
-309.59885,33,2774.652984,False,True,no_target
82.67311,59,2779.340068,True,False,no_target
137.00348,64,2784.091849,True,False,no_target
137.34003,63,2786.56355,True,False,no_target
-316.57452,28,2788.692132,False,True,no_target
141.00307,60,2790.81111,True,False,no_target
-349.66495,49,2792.530717,False,True,no_target
-337.73724,38,2795.704445,False,True,no_target
94.325874,54,2796.790756,True,False,no_target
95.587776,54,2799.404671,True,False,no_target
-328.5079,16,2799.404671,False,True,no_target
124.870415,61,2804.123621,True,False,no_target
-319.53894,32,2806.061218,False,True,no_target
130.74973,63,2813.864617,True,False,no_target
129.98027,58,2818.27821,True,False,no_target
102.60681,63,2818.72641,True,False,no_target
100.2663,58,2827.38482,True,False,no_target
136.75854,62,2830.564653,True,False,no_target
54.06479,51,2831.67648,True,False,no_target
120.499176,61,2832.782239,True,False,no_target
16.870356,68,2836.552701,True,False,no_target
71.71546,57,2837.172134,True,False,no_target
-324.94098,36,2838.346988,False,True,no_target
-317.22046,23,2843.916192,False,True,no_target
-307.34427,31,2845.425418,False,True,no_target
-557.18677,100,2848.338093,False,True,no_target
146.34967,63,2849.241699,True,False,no_target
115.97336,62,2852.727144,True,False,no_target
-364.48987,20,2858.631205,False,True,no_target
109.59576,58,2863.850342,True,False,no_target
48.786694,60,2866.525833,True,False,no_target
95.07914,60,2869.816314,True,False,no_target
94.98446,59,2870.881398,True,False,no_target
67.52675,52,2877.176918,True,False,no_target
84.73309,74,2878.465306,True,False,no_target
82.29522,63,2879.628968,True,False,no_target
56.789646,62,2886.692619,True,False,no_target
-443.52444,83,2889.320009,False,True,no_target
101.90615,58,2890.420979,True,False,no_target
33.48509,51,2898.085236,True,False,no_target
95.84604,63,2900.682464,True,False,no_target
64.668625,56,2901.936167,True,False,no_target
-329.77188,23,2903.314436,False,True,no_target
64.41402,77,2906.239364,True,False,no_target
59.265934,63,2912.267277,True,False,no_target
-311.87216,21,2912.772003,False,True,no_target
-340.4256,19,2912.772003,False,True,no_target
56.354313,62,2913.799285,True,False,no_target
65.17782,64,2913.799285,True,False,no_target
97.75877,55,2917.42549,True,False,no_target
-341.37354,27,2921.351569,False,True,no_target
114.29005,62,2931.942825,True,False,no_target
55.371254,80,2932.965693,True,False,no_target
61.370045,58,2934.568388,True,False,no_target
63.537525,54,2941.984949,True,False,no_target
-330.69333,23,2944.629896,False,True,no_target
-325.6217,21,2944.629896,False,True,no_target
122.27034,59,2945.6456,True,False,no_target
122.01204,65,2947.951827,True,False,no_target
128.14345,67,2950.213784,True,False,no_target
125.34467,63,2951.280595,True,False,no_target
118.44361,59,2953.23726,True,False,no_target
-343.96533,81,2955.830472,False,True,no_target
-345.3691,34,2964.167613,False,True,no_target
117.938835,62,2968.587964,True,False,no_target
118.80033,61,2975.48071,True,False,no_target
26.243732,60,2977.621789,True,False,no_target
135.51706,62,2979.000643,True,False,no_target
136.76343,62,2982.24092,True,False,no_target
88.76895,57,2982.721968,True,False,no_target
64.972984,66,2986.375577,True,False,no_target
99.5185,67,2990.096614,True,False,no_target
107.98307,62,2990.096614,True,False,no_target
116.67542,61,2997.88112,True,False,no_target
110.529,62,3012.636777,True,False,no_target
51.362152,80,3012.636777,True,False,no_target
78.262825,71,3014.097581,True,False,no_target
-328.2025,45,3014.806699,False,True,no_target
-8.725479,73,3017.482539,True,False,no_target
-324.12585,37,3018.201602,False,True,no_target
69.71029,67,3018.699884,True,False,no_target
-323.03467,16,3026.319683,False,True,no_target
27.776234,67,3026.879068,True,False,no_target
-339.2,30,3029.457745,False,True,no_target
43.18593,86,3030.193307,True,False,no_target
47.731354,79,3030.193307,True,False,no_target
-340.7829,50,3042.474279,False,True,no_target
121.63563,57,3044.678445,True,False,no_target
-325.99945,32,3045.410445,False,True,no_target
-343.24957,28,3045.939148,False,True,no_target
134.84383,58,3047.508427,True,False,no_target
83.02015,55,3049.591292,True,False,no_target
-335.59314,42,3050.27942,False,True,no_target
124.516365,58,3050.912524,True,False,no_target
-319.48145,40,3052.798309,False,True,no_target
71.92585,56,3060.552772,True,False,no_target
-330.06744,32,3064.83561,False,True,no_target
-321.35324,48,3068.684744,False,True,no_target
-325.45477,18,3070.236569,False,True,no_target
-321.5825,38,3070.831094,False,True,no_target
-316.0656,43,3073.25504,False,True,no_target
114.26676,55,3075.557759,True,False,no_target
-325.4887,47,3076.913672,False,True,no_target
101.01212,61,3079.589089,True,False,no_target
-354.90363,50,3080.327463,False,True,no_target
21.37165,68,3082.3415,True,False,no_target
-335.63248,24,3083.927096,False,True,no_target
128.22083,57,3096.489257,True,False,no_target
118.71621,57,3104.425676,True,False,no_target
-372.72894,49,3106.121878,False,True,no_target
121.3737,56,3106.121878,True,False,no_target
75.607956,70,3107.374036,True,False,no_target
130.1679,58,3108.77264,True,False,no_target
116.73717,60,3113.066567,True,False,no_target
128.49063,63,3118.451657,True,False,no_target
-331.18723,46,3121.949807,False,True,no_target
68.73764,77,3124.989829,True,False,no_target
-509.10352,101,3127.157069,False,True,no_target
-304.69846,35,3128.659368,False,True,no_target
-310.72256,46,3132.919444,False,True,no_target
116.80991,58,3138.140362,True,False,no_target
127.4952,58,3141.268803,True,False,no_target
119.96736,60,3141.268803,True,False,no_target
-356.5956,49,3141.987743,False,True,no_target
91.773,63,3155.382752,True,False,no_target
-315.9523,25,3155.382752,False,True,no_target
115.43007,61,3159.862658,True,False,no_target
138.6822,66,3159.862658,True,False,no_target
127.988945,60,3161.434739,True,False,no_target
122.44136,59,3161.964024,True,False,no_target
110.82934,55,3163.583122,True,False,no_target
114.136086,56,3171.521599,True,False,no_target
107.23265,57,3172.699456,True,False,no_target
101.707306,66,3174.581582,True,False,no_target
-369.8122,24,3176.9,False,True,no_target
-330.17972,35,3179.328818,False,True,no_target
97.55493,56,3185.602908,True,False,no_target
115.03607,61,3188.158994,True,False,no_target
-327.2163,36,3191.498098,False,True,no_target
91.95471,57,3192.429006,True,False,no_target
113.6112,59,3194.05034,True,False,no_target
92.624306,64,3194.658426,True,False,no_target
-339.86197,26,3199.425991,False,True,no_target
-321.56055,41,3201.070642,False,True,no_target
-334.36337,50,3201.619235,False,True,no_target
132.06868,63,3207.322548,True,False,no_target
-321.57068,28,3207.920798,False,True,no_target
100.09567,60,3209.864746,True,False,no_target
-329.7076,40,3217.908514,False,True,no_target
124.38997,56,3219.969374,True,False,no_target
-310.0177,34,3221.457807,False,True,no_target
87.16978,57,3223.659942,True,False,no_target
100.329315,54,3230.232831,True,False,no_target
82.95976,51,3230.232831,True,False,no_target
-324.84152,19,3233.988448,False,True,no_target
-327.94376,33,3235.600085,False,True,no_target
4.4997087,81,3239.510665,True,False,no_target
137.31612,58,3240.601402,True,False,no_target
76.124435,60,3241.302336,True,False,no_target
141.89296,60,3243.474993,True,False,no_target
123.58133,64,3254.923713,True,False,no_target
103.52598,61,3254.923713,True,False,no_target
-326.0182,35,3258.620206,False,True,no_target
99.95412,55,3260.437207,True,False,no_target
-308.1234,33,3261.756991,False,True,no_target
-366.10275,37,3261.756991,False,True,no_target
88.053215,53,3269.665339,True,False,no_target
124.159164,69,3273.45246,True,False,no_target
46.790726,81,3274.726255,True,False,no_target
-324.11945,40,3282.877067,False,True,no_target
-388.7835,39,3283.458508,False,True,no_target
-355.9451,44,3283.458508,False,True,no_target
-484.9677,90,3284.00208,False,True,no_target
75.27292,52,3290.778955,True,False,no_target
-370.25284,64,3290.778955,False,True,no_target
-405.53888,66,3292.068887,False,True,no_target
69.82096,59,3302.46248,True,False,no_target
29.40355,54,3305.111845,True,False,no_target
-325.40717,42,3306.628862,False,True,no_target
117.56004,63,3308.85193,True,False,no_target
76.44896,52,3311.877674,True,False,no_target
54.774136,53,3313.077193,True,False,no_target
-400.8365,68,3322.750324,False,True,no_target
115.82337,61,3325.270939,True,False,no_target
26.698584,62,3327.147775,True,False,no_target
44.084007,70,3330.893211,True,False,no_target
-317.3699,36,3333.292978,False,True,no_target
81.051476,54,3336.837088,True,False,no_target
-398.42776,49,3337.899372,False,True,no_target
74.73596,62,3339.035314,True,False,no_target
80.33157,57,3340.807412,True,False,no_target
95.1526,56,3346.607999,True,False,no_target
-333.0312,15,3348.436553,False,True,no_target
89.06227,55,3355.596469,True,False,no_target
78.38802,58,3361.166953,True,False,no_target
74.17183,50,3362.31381,True,False,no_target
49.97878,57,3363.869831,True,False,no_target
91.75878,68,3364.946741,True,False,no_target
-322.7568,39,3370.160833,False,True,no_target
117.80396,58,3370.160833,True,False,no_target
135.34752,61,3372.767718,True,False,no_target
71.60559,50,3374.712406,True,False,no_target
-321.89703,23,3375.266148,False,True,no_target
-405.13895,62,3375.821389,False,True,no_target
-320.76718,27,3380.33291,False,True,no_target
-317.5923,19,3380.912172,False,True,no_target
-309.3538,39,3383.24996,False,True,no_target
114.86298,57,3386.927761,True,False,no_target
-314.77087,27,3390.653421,False,True,no_target
100.78862,54,3393.97211,True,False,no_target
-318.28644,17,3399.589234,False,True,no_target
103.26688,55,3400.113019,True,False,no_target
96.513435,57,3406.248868,True,False,no_target
86.03278,54,3407.144565,True,False,no_target
106.250565,56,3407.745074,True,False,no_target
44.850212,48,3409.1415,True,False,no_target
80.58563,50,3411.020199,True,False,no_target
-326.39984,13,3414.436225,False,True,no_target
31.418056,58,3417.640298,True,False,no_target
84.98233,60,3422.558777,True,False,no_target
-358.74722,29,3425.309488,False,True,no_target
-373.50156,64,3431.44078,False,True,no_target
102.0261,54,3432.579884,True,False,no_target
-307.66595,29,3433.189892,False,True,no_target
68.47008,59,3434.567503,True,False,no_target
105.49797,54,3437.275533,True,False,no_target
-371.1064,66,3443.727303,False,True,no_target
120.34733,56,3444.842416,True,False,no_target
-367.43997,66,3447.382677,False,True,no_target
125.97449,59,3455.150751,True,False,no_target
-402.66043,42,3455.861308,False,True,no_target
86.56734,58,3456.748464,True,False,no_target
118.75238,58,3464.528483,True,False,no_target
-324.53955,40,3467.407679,False,True,no_target
-352.4953,42,3467.407679,False,True,no_target
-310.818,37,3467.929128,False,True,no_target
79.54023,62,3469.494547,True,False,no_target
80.88578,59,3470.562274,True,False,no_target
-332.42926,14,3475.200598,False,True,no_target
-307.5097,41,3479.656099,False,True,no_target
15.6408205,84,3480.501252,True,False,no_target
-298.82407,42,3480.915126,False,True,no_target
-341.04333,39,3486.180314,False,True,no_target
85.43372,63,3490.094126,True,False,no_target
99.18221,54,3497.341238,True,False,no_target
117.58752,55,3498.731313,True,False,no_target
56.307446,57,3502.093243,True,False,no_target
78.85377,61,3503.132246,True,False,no_target
96.630135,54,3504.823424,True,False,no_target
75.39768,54,3510.651706,True,False,no_target
78.0691,57,3510.651706,True,False,no_target
77.42482,57,3511.751511,True,False,no_target
59.306545,62,3519.988991,True,False,no_target
122.81299,56,3520.749168,True,False,no_target
-349.70166,39,3523.637196,False,True,no_target
-319.70746,25,3524.166434,False,True,no_target
-310.937,27,3527.056387,False,True,no_target
120.33156,59,3529.963904,True,False,no_target
77.81778,58,3530.659602,True,False,no_target
83.67222,55,3534.326573,True,False,no_target
91.82015,54,3535.370256,True,False,no_target
-335.8652,23,3539.948416,False,True,no_target
-348.54147,35,3541.064379,False,True,no_target
117.20299,58,3543.456268,True,False,no_target
-305.64774,35,3544.059712,False,True,no_target
85.131226,51,3549.19543,True,False,no_target
-309.7433,38,3551.718069,False,True,no_target
80.61383,55,3555.368338,True,False,no_target
-315.6514,21,3555.368338,False,True,no_target
-316.37143,14,3556.403065,False,True,no_target
-323.53125,25,3556.951223,False,True,no_target
43.665203,51,3559.223606,True,False,no_target
107.820786,56,3565.679229,True,False,no_target
-333.467,27,3569.934795,False,True,no_target
78.694885,59,3573.851213,True,False,no_target
-340.11646,15,3573.851213,False,True,no_target
85.180695,71,3575.110932,True,False,no_target
-303.52704,37,3577.956573,False,True,no_target
-365.23096,70,3579.162414,False,True,no_target
89.05735,53,3581.398366,True,False,no_target
-320.29922,30,3587.669648,False,True,no_target
104.58688,59,3588.92961,True,False,no_target
65.451675,58,3589.622128,True,False,no_target
-310.95755,28,3593.475122,False,True,no_target
-357.42252,24,3594.704547,False,True,no_target
72.63769,67,3597.01221,True,False,no_target
74.47302,52,3602.775533,True,False,no_target
88.30886,56,3605.037495,True,False,no_target
114.492714,57,3606.530678,True,False,no_target
77.02032,53,3608.438351,True,False,no_target
-302.131,36,3608.438351,False,True,no_target
92.8277,57,3618.821205,True,False,no_target
104.13399,59,3621.803929,True,False,no_target
-310.81305,32,3624.40347,False,True,no_target
96.32084,55,3624.973296,True,False,no_target
33.732376,59,3626.464785,True,False,no_target
-309.6384,32,3626.464785,False,True,no_target
77.380356,54,3627.220162,True,False,no_target
-312.6589,26,3633.272276,False,True,no_target
93.39061,57,3634.351705,True,False,no_target
68.892654,61,3638.68603,True,False,no_target
90.14116,63,3643.74926,True,False,no_target
-298.48016,36,3654.698197,False,True,no_target
108.80292,55,3657.060527,True,False,no_target
75.751015,66,3658.749963,True,False,no_target
115.48864,60,3658.749963,True,False,no_target
133.21513,59,3659.900777,True,False,no_target
56.660233,63,3661.561239,True,False,no_target
90.35048,60,3667.001993,True,False,no_target
-429.12094,79,3668.855186,False,True,no_target
-313.00833,29,3671.866437,False,True,no_target
-311.56607,19,3673.190116,False,True,no_target
112.8038,59,3673.190116,True,False,no_target
-319.36508,34,3678.07399,False,True,no_target
112.47669,58,3678.07399,True,False,no_target
-324.7809,21,3690.188703,False,True,no_target
114.163445,56,3692.589235,True,False,no_target
85.443085,55,3693.077376,True,False,no_target
-328.46576,34,3693.741723,False,True,no_target
102.034805,59,3694.215729,True,False,no_target
-348.81912,44,3695.630828,False,True,no_target
79.06832,56,3700.741505,True,False,no_target
-314.97742,22,3704.918601,False,True,no_target
128.74292,61,3708.106002,True,False,no_target
-327.10358,21,3708.106002,False,True,no_target
115.69722,64,3711.108779,True,False,no_target
74.231346,61,3713.120037,True,False,no_target
-355.91016,44,3715.542897,False,True,no_target
51.267193,53,3723.146673,True,False,no_target
-326.70776,25,3725.170847,False,True,no_target
58.3871,56,3725.849865,True,False,no_target
128.53998,62,3730.379725,True,False,no_target
-312.18115,31,3736.060476,False,True,no_target
138.42383,60,3740.005392,True,False,no_target
119.06813,60,3747.839327,True,False,no_target
108.950066,59,3751.990996,True,False,no_target
-317.83142,34,3754.016367,False,True,no_target
118.59874,67,3759.855143,True,False,no_target
130.95114,60,3761.975194,True,False,no_target
-320.08246,16,3770.328375,False,True,no_target
120.43885,63,3777.204416,True,False,no_target
125.78526,58,3778.434216,True,False,no_target
128.59677,59,3782.943666,True,False,no_target
56.990265,73,3784.209852,True,False,no_target
100.72688,61,3790.716283,True,False,no_target
118.46666,69,3791.179977,True,False,no_target
-311.10602,26,3792.624825,False,True,no_target
119.320595,59,3793.165533,True,False,no_target
73.445045,63,3794.629322,True,False,no_target
-322.35724,20,3795.382634,False,True,no_target
-331.16824,21,3805.738269,False,True,no_target
111.821945,71,3805.738269,True,False,no_target
131.76442,58,3806.636648,True,False,no_target
-325.9312,28,3812.218724,False,True,no_target
115.899605,60,3815.001661,True,False,no_target
43.161835,67,3824.379456,True,False,no_target
76.93312,56,3824.860655,True,False,no_target
-338.49622,33,3825.352499,False,True,no_target
129.39229,63,3830.214813,True,False,no_target
106.363396,72,3832.781486,True,False,no_target
103.4288,75,3838.571541,True,False,no_target
87.29763,65,3843.076457,True,False,no_target
74.830864,69,3845.461467,True,False,no_target
66.45528,60,3845.945986,True,False,no_target
-313.78345,34,3850.208716,False,True,no_target
49.220943,63,3850.813087,True,False,no_target
-314.81473,24,3853.057491,False,True,no_target
116.31558,57,3857.874425,True,False,no_target
122.18193,69,3864.0211,True,False,no_target
120.82207,74,3865.9458,True,False,no_target
125.29326,61,3867.688759,True,False,no_target
-321.05728,12,3870.578502,False,True,no_target
65.76884,55,3873.709702,True,False,no_target
63.0099,60,3878.985904,True,False,no_target
75.13781,56,3881.431201,True,False,no_target
115.819435,66,3882.603377,True,False,no_target
96.52853,65,3885.91056,True,False,no_target
133.30498,61,3886.420877,True,False,no_target
-297.59338,41,3890.524474,False,True,no_target
128.84128,66,3894.023636,True,False,no_target
98.574394,61,3900.444348,True,False,no_target
138.88199,63,3906.153354,True,False,no_target
126.32424,63,3909.686014,True,False,no_target
102.136406,55,3910.236725,True,False,no_target
-335.81958,45,3911.993215,False,True,no_target
128.76756,63,3918.71638,True,False,no_target
79.744804,62,3923.104259,True,False,no_target
-2.4640048,76,3926.600414,True,False,no_target
68.91026,62,3927.811828,True,False,no_target
58.695152,63,3932.467969,True,False,no_target
106.27659,64,3938.674784,True,False,no_target
117.23834,57,3940.603906,True,False,no_target
-335.42706,29,3945.382787,False,True,no_target
105.31681,59,3945.751829,True,False,no_target
135.13556,60,3946.769986,True,False,no_target
88.26547,59,3947.889403,True,False,no_target
73.55932,58,3953.843879,True,False,no_target
118.839264,63,3960.045112,True,False,no_target
76.98973,58,3960.045112,True,False,no_target
-312.8371,31,3962.872601,False,True,no_target
126.41192,59,3966.024175,True,False,no_target
-355.0257,50,3969.157236,False,True,no_target
113.11196,66,3976.421728,True,False,no_target
112.56028,57,3976.878221,True,False,no_target
119.03911,59,3979.608872,True,False,no_target
113.72601,69,3986.623234,True,False,no_target
-344.001,43,3987.157729,False,True,no_target
111.05798,69,3992.27531,True,False,no_target
44.20644,60,3993.347809,True,False,no_target
141.82747,64,3995.492076,True,False,no_target
27.767532,68,4003.608917,True,False,no_target
138.84593,64,4004.332293,True,False,no_target
68.737404,59,4008.849652,True,False,no_target
103.20022,64,4012.259617,True,False,no_target
110.87704,60,4012.984441,True,False,no_target
111.26124,57,4017.549237,True,False,no_target
59.635925,64,4022.489435,True,False,no_target
119.6332,59,4028.416594,True,False,no_target
70.945526,66,4028.79935,True,False,no_target
89.77565,67,4030.347394,True,False,no_target
-324.92148,43,4032.637386,False,True,no_target
117.190865,64,4039.33929,True,False,no_target
10.816756,66,4041.256493,True,False,no_target
79.08803,62,4047.075187,True,False,no_target
62.27578,56,4049.268011,True,False,no_target
84.19831,70,4051.906661,True,False,no_target
101.9901,55,4052.965754,True,False,no_target
75.22291,56,4059.736369,True,False,no_target
-311.28415,41,4062.051664,False,True,no_target
65.47764,55,4063.37098,True,False,no_target
48.898567,64,4063.96022,True,False,no_target
114.956696,61,4064.355996,True,False,no_target
-320.53577,46,4074.027866,False,True,no_target
117.42439,62,4075.140786,True,False,no_target
115.901115,58,4078.797559,True,False,no_target
105.79295,62,4086.065374,True,False,no_target
37.940174,72,4092.974587,True,False,no_target
137.63345,62,4096.857001,True,False,no_target
74.895775,61,4097.381142,True,False,no_target
85.09598,64,4099.838056,True,False,no_target
134.42807,64,4100.522971,True,False,no_target
100.690956,79,4103.882396,True,False,no_target
72.47134,63,4109.779838,True,False,no_target
-324.3335,29,4112.802615,False,True,no_target
-308.8449,28,4112.802615,False,True,no_target
131.72151,63,4114.277156,True,False,no_target
121.99532,70,4115.019157,True,False,no_target
118.42375,61,4119.63262,True,False,no_target
-314.105,26,4123.868729,False,True,no_target
117.62021,56,4123.868729,True,False,no_target
-315.6164,23,4126.297955,False,True,no_target
56.480095,63,4134.430459,True,False,no_target
104.73642,66,4135.674978,True,False,no_target
134.08414,60,4136.657362,True,False,no_target
74.21678,59,4145.370343,True,False,no_target
64.879585,59,4145.370343,True,False,no_target
113.20087,58,4146.271419,True,False,no_target
-322.5734,43,4147.446287,False,True,no_target
-314.05713,23,4147.446287,False,True,no_target
64.99309,55,4150.145153,True,False,no_target
70.105194,55,4156.854806,True,False,no_target
137.82138,65,4159.575352,True,False,no_target
112.864395,61,4169.180557,True,False,no_target
127.47478,63,4171.526637,True,False,no_target
43.622883,53,4174.441661,True,False,no_target
110.52955,63,4179.841694,True,False,no_target
112.06562,57,4181.31369,True,False,no_target
80.05043,63,4181.95224,True,False,no_target
138.271,66,4183.668825,True,False,no_target
103.92204,71,4185.437367,True,False,no_target
92.074104,63,4191.602482,True,False,no_target
122.888855,69,4197.290865,True,False,no_target
87.268585,60,4202.4388,True,False,no_target
119.06468,59,4207.752849,True,False,no_target
127.69832,69,4210.211442,True,False,no_target
-340.23007,47,4210.211442,False,True,no_target
73.48163,54,4210.211442,True,False,no_target
62.197136,56,4213.610172,True,False,no_target
129.65002,68,4220.007824,True,False,no_target
97.66852,61,4220.007824,True,False,no_target
119.76521,63,4227.038822,True,False,no_target
-327.9814,14,4227.598461,False,True,no_target
54.91468,56,4229.880441,True,False,no_target
-346.91736,17,4237.011257,False,True,no_target
101.669365,64,4239.802987,True,False,no_target
83.87305,56,4242.292561,True,False,no_target
108.64004,64,4244.408799,True,False,no_target
128.33575,60,4245.06854,True,False,no_target
89.38337,60,4245.06854,True,False,no_target
111.79192,66,4252.274114,True,False,no_target
128.77144,64,4257.098025,True,False,no_target
-310.53436,32,4261.081106,False,True,no_target
-325.9167,42,4261.525334,False,True,no_target
103.603745,61,4263.284387,True,False,no_target
93.23734,59,4263.833645,True,False,no_target
-313.47388,22,4269.904995,False,True,no_target
92.11807,58,4274.000328,True,False,no_target
-325.10483,19,4275.121047,False,True,no_target
-317.13422,24,4278.630979,False,True,no_target
121.32682,59,4279.784538,True,False,no_target
56.330654,61,4280.343212,True,False,no_target
88.25437,67,4284.373821,True,False,no_target
112.170784,57,4285.819663,True,False,no_target
-325.68036,35,4290.932917,False,True,no_target
87.37929,54,4293.025619,True,False,no_target
78.7354,58,4295.118705,True,False,no_target
-369.7663,31,4295.667369,False,True,no_target
-356.0941,16,4305.450177,False,True,no_target
-326.36276,42,4308.918179,False,True,no_target
121.31205,65,4311.765965,True,False,no_target
-322.89902,28,4312.325539,False,True,no_target
125.90729,58,4313.529027,True,False,no_target
145.03778,67,4314.282211,True,False,no_target
137.46844,59,4314.997901,True,False,no_target
124.533585,67,4323.89018,True,False,no_target
71.55033,63,4326.963135,True,False,no_target
122.06189,62,4328.707798,True,False,no_target
99.08313,62,4341.277121,True,False,no_target
110.54013,57,4343.935292,True,False,no_target
83.08516,64,4345.093277,True,False,no_target
123.792015,59,4346.756045,True,False,no_target
74.19905,66,4349.913959,True,False,no_target
111.781944,65,4350.832317,True,False,no_target
59.845264,66,4351.777537,True,False,no_target
118.42285,61,4358.192116,True,False,no_target
88.38775,60,4360.460585,True,False,no_target
-301.3467,37,4361.556551,False,True,no_target
84.18476,63,4363.606218,True,False,no_target
-302.4207,41,4373.49499,False,True,no_target
82.53197,56,4375.001595,True,False,no_target
76.15222,71,4385.354866,True,False,no_target
86.34178,69,4385.941203,True,False,no_target
143.81697,65,4386.529959,True,False,no_target
91.75307,67,4390.219645,True,False,no_target
89.13093,71,4399.537529,True,False,no_target
58.439587,69,4401.277745,True,False,no_target
129.09264,64,4401.820039,True,False,no_target
116.44297,70,4402.867409,True,False,no_target
123.03581,58,4410.059882,True,False,no_target
106.369446,61,4410.059882,True,False,no_target
107.46353,64,4424.840305,True,False,no_target
68.0612,64,4425.642734,True,False,no_target
112.14592,70,4428.879714,True,False,no_target
137.95424,62,4428.879714,True,False,no_target
112.040306,57,4436.367615,True,False,no_target
45.727524,65,4439.816597,True,False,no_target
141.39188,63,4440.523795,True,False,no_target
40.96541,61,4447.930732,True,False,no_target
136.30618,63,4449.20472,True,False,no_target
30.813198,79,4451.104971,True,False,no_target
117.00811,59,4460.691649,True,False,no_target
128.97903,63,4462.813501,True,False,no_target
111.003624,70,4469.607831,True,False,no_target
-337.55484,71,4470.130273,False,True,no_target
127.27356,60,4471.25012,True,False,no_target
134.21053,62,4476.844772,True,False,no_target
-322.38947,31,4479.766019,False,True,no_target
106.49478,68,4480.216352,True,False,no_target
49.348923,64,4486.026001,True,False,no_target
134.60326,62,4487.085705,True,False,no_target
97.1272,70,4488.584546,True,False,no_target
136.99335,62,4498.590414,True,False,no_target
123.16278,59,4503.816051,True,False,no_target
-311.9208,37,4509.1394,False,True,no_target
45.409096,69,4509.782129,True,False,no_target
110.518486,67,4509.782129,True,False,no_target
147.87753,66,4514.824645,True,False,no_target
133.21544,67,4517.317726,True,False,no_target
125.00877,67,4517.907473,True,False,no_target
143.23824,65,4523.857652,True,False,no_target
102.01163,69,4525.148717,True,False,no_target
104.886856,63,4534.489548,True,False,no_target
-344.73834,38,4539.966653,False,True,no_target
132.30415,64,4540.636353,True,False,no_target
111.4344,60,4544.287033,True,False,no_target
135.2375,65,4547.974615,True,False,no_target
54.214092,67,4549.16059,True,False,no_target
77.561104,63,4551.542074,True,False,no_target
120.47682,60,4552.586255,True,False,no_target
122.80005,61,4560.480054,True,False,no_target
113.63437,59,4560.480054,True,False,no_target
-312.15103,36,4569.332351,False,True,no_target
115.3948,68,4577.705689,True,False,no_target
121.13287,59,4577.705689,True,False,no_target
93.645645,54,4579.277284,True,False,no_target
98.43547,61,4579.980978,True,False,no_target
-309.04434,33,4582.766217,False,True,no_target
36.35299,60,4588.456956,True,False,no_target
124.72942,59,4589.859749,True,False,no_target
-320.81696,16,4592.304964,False,True,no_target
90.36502,65,4594.033959,True,False,no_target
84.770676,59,4597.629758,True,False,no_target
-318.70367,25,4603.039156,False,True,no_target
-315.14908,33,4606.019179,False,True,no_target
141.8901,63,4608.456666,True,False,no_target
57.03837,56,4611.539203,True,False,no_target
134.0412,64,4614.748797,True,False,no_target
97.739,61,4614.748797,True,False,no_target
-338.87192,40,4616.190981,False,True,no_target
130.858,67,4616.190981,True,False,no_target
-329.65753,14,4618.918142,False,True,no_target
-305.31985,31,4620.535022,False,True,no_target
91.6388,61,4626.200066,True,False,no_target
113.66908,63,4632.306226,True,False,no_target
148.78735,64,4641.697978,True,False,no_target
88.05317,62,4643.094906,True,False,no_target
127.354805,58,4647.110817,True,False,no_target
94.814354,59,4647.607654,True,False,no_target
71.72972,60,4650.042404,True,False,no_target
147.02223,61,4650.792732,True,False,no_target
-320.2279,12,4654.147643,False,True,no_target
94.750206,61,4655.245268,True,False,no_target
105.541756,68,4657.633678,True,False,no_target
140.25659,59,4659.899688,True,False,no_target
-337.82452,32,4666.749631,False,True,no_target
137.40723,59,4667.186248,True,False,no_target
-321.51965,31,4668.352403,False,True,no_target
112.59918,57,4675.50928,True,False,no_target
123.67678,62,4679.725616,True,False,no_target
-351.09067,31,4685.95427,False,True,no_target
132.72795,64,4688.550342,True,False,no_target
72.85832,60,4691.375083,True,False,no_target
119.50842,58,4692.346942,True,False,no_target
113.42468,65,4692.878664,True,False,no_target
107.84632,58,4694.302487,True,False,no_target
-305.10504,34,4695.421765,False,True,no_target
126.903694,61,4702.377803,True,False,no_target
24.464323,68,4708.119179,True,False,no_target
103.0645,62,4715.34021,True,False,no_target
113.52948,57,4718.053253,True,False,no_target
110.154976,59,4724.04393,True,False,no_target
85.02275,67,4726.165634,True,False,no_target
106.85084,61,4726.869736,True,False,no_target
132.97273,62,4729.16553,True,False,no_target
123.379944,62,4730.274189,True,False,no_target
-77.715775,69,4730.826136,True,False,no_target
98.28881,61,4736.029908,True,False,no_target
-331.0199,32,4744.448218,False,True,no_target
120.712944,70,4747.221945,True,False,no_target
-394.53897,37,4749.869245,False,True,no_target
141.31082,66,4752.463421,True,False,no_target
123.45083,61,4752.463421,True,False,no_target
87.03152,60,4758.357824,True,False,no_target
116.65387,62,4762.52144,True,False,no_target
92.56022,58,4763.89482,True,False,no_target
81.878075,61,4766.169891,True,False,no_target
-346.4164,28,4766.76033,False,True,no_target
-314.81033,28,4769.089539,False,True,no_target
85.670616,64,4774.174738,True,False,no_target
139.40051,60,4779.807567,True,False,no_target
-331.0995,23,4787.512327,False,True,no_target
126.32936,73,4790.265072,True,False,no_target
111.982574,66,4791.460592,True,False,no_target
116.13012,63,4795.9024,True,False,no_target
-345.82053,19,4798.603866,False,True,no_target
127.84468,60,4799.2296,True,False,no_target
121.78062,59,4801.384075,True,False,no_target
32.850475,55,4801.384075,True,False,no_target
62.14315,64,4803.748435,True,False,no_target
-317.8828,27,4813.894441,False,True,no_target
-458.44168,92,4815.970213,False,True,no_target
93.37675,70,4819.807728,True,False,no_target
79.72938,57,4823.851216,True,False,no_target
105.32408,63,4826.355509,True,False,no_target
53.292885,61,4830.29825,True,False,no_target
70.237274,61,4833.790936,True,False,no_target
-311.19043,34,4835.483693,False,True,no_target
139.65701,62,4836.462539,True,False,no_target
142.86328,62,4836.462539,True,False,no_target
100.40154,63,4839.559949,True,False,no_target
-355.77295,26,4841.307866,False,True,no_target
106.48616,58,4847.19991,True,False,no_target
104.63221,67,4858.057408,True,False,no_target
124.43387,61,4858.618486,True,False,no_target
52.945915,63,4865.966807,True,False,no_target
89.4365,58,4869.847801,True,False,no_target
123.303696,61,4870.252582,True,False,no_target
47.71073,66,4871.094947,True,False,no_target
40.089935,63,4871.948937,True,False,no_target
64.82424,59,4872.573352,True,False,no_target
45.422184,59,4874.62577,True,False,no_target
73.41064,63,4882.313524,True,False,no_target
85.14383,59,4891.594111,True,False,no_target
114.06284,68,4897.073471,True,False,no_target
109.55198,59,4899.419838,True,False,no_target
124.747765,61,4903.480443,True,False,no_target
118.75566,57,4904.940744,True,False,no_target
133.81992,61,4905.669332,True,False,no_target
117.99683,60,4906.255401,True,False,no_target
-307.03232,69,4909.094054,False,True,no_target
-297.7647,34,4911.139528,False,True,no_target
121.90999,69,4913.842988,True,False,no_target
-335.45917,16,4915.63947,False,True,no_target
119.09435,64,4918.893857,True,False,no_target
102.53877,57,4931.694954,True,False,no_target
102.16934,72,4937.466296,True,False,no_target
66.42434,60,4937.466296,True,False,no_target
91.058174,60,4938.756968,True,False,no_target
140.38545,66,4943.122734,True,False,no_target
66.88188,63,4945.860555,True,False,no_target
114.452866,57,4950.184612,True,False,no_target
134.92587,65,4950.184612,True,False,no_target
115.65815,67,4955.919808,True,False,no_target
86.70315,58,4955.919808,True,False,no_target
-314.67746,32,4961.491243,False,True,no_target
62.0924,59,4969.365991,True,False,no_target
79.151215,57,4974.512627,True,False,no_target
98.40954,60,4976.098058,True,False,no_target
86.727196,54,4980.080112,True,False,no_target
86.640465,59,4985.575699,True,False,no_target
123.27263,68,4986.043204,True,False,no_target
72.777824,53,4986.043204,True,False,no_target
69.35295,65,4988.906529,True,False,no_target
111.43307,62,4991.103976,True,False,no_target
121.68913,58,4994.28493,True,False,no_target
-320.43387,18,4996.082595,False,True,no_target
117.38559,64,5005.742396,True,False,no_target
64.41734,56,5006.374936,True,False,no_target
87.86694,55,5008.114375,True,False,no_target
71.22317,61,5014.41497,True,False,no_target
139.43105,60,5019.512715,True,False,no_target
123.738396,61,5020.36642,True,False,no_target
-308.63834,27,5022.437553,False,True,no_target
125.900665,63,5024.025823,True,False,no_target
81.95949,65,5027.520922,True,False,no_target
87.96729,61,5030.486188,True,False,no_target
123.96544,68,5032.385721,True,False,no_target
132.30852,62,5039.943051,True,False,no_target
131.00906,67,5043.367373,True,False,no_target
84.63259,57,5045.890399,True,False,no_target
-308.57202,37,5047.725167,False,True,no_target
58.451588,54,5048.777536,True,False,no_target
118.973305,56,5051.236748,True,False,no_target
115.796265,56,5053.207723,True,False,no_target
101.79736,68,5061.295268,True,False,no_target
-335.24637,27,5062.33281,False,True,no_target
117.281044,65,5065.61216,True,False,no_target
107.98008,68,5070.037357,True,False,no_target
107.08809,59,5072.66538,True,False,no_target
99.84161,57,5075.271234,True,False,no_target
104.4882,55,5081.715349,True,False,no_target
127.03214,67,5082.765264,True,False,no_target
115.24937,59,5085.870044,True,False,no_target
107.38336,67,5085.870044,True,False,no_target
-308.8767,25,5088.903894,False,True,no_target
-314.49298,16,5091.433021,False,True,no_target
-309.03458,35,5091.836549,False,True,no_target
-325.51016,17,5094.978326,False,True,no_target
107.45614,64,5096.589371,True,False,no_target
82.02973,58,5097.67101,True,False,no_target
119.54672,66,5098.943416,True,False,no_target
-315.34705,22,5100.454201,False,True,no_target
-309.14493,34,5104.600289,False,True,no_target
125.85541,66,5106.049342,True,False,no_target
-314.12805,21,5110.935617,False,True,no_target
116.24542,62,5115.554559,True,False,no_target
-309.93176,39,5119.421648,False,True,no_target
-386.84,42,5120.016765,False,True,no_target
102.106834,57,5123.248516,True,False,no_target
130.64641,59,5123.87734,True,False,no_target
119.467514,57,5126.497481,True,False,no_target
100.457436,58,5132.984521,True,False,no_target
-358.12018,26,5138.374312,False,True,no_target
101.35575,60,5139.676491,True,False,no_target
139.24786,66,5141.378841,True,False,no_target
41.579865,63,5145.814097,True,False,no_target
97.27392,55,5146.347949,True,False,no_target
101.59534,59,5152.761661,True,False,no_target
104.91531,65,5155.804233,True,False,no_target
23.48065,56,5157.963514,True,False,no_target
110.29705,65,5159.121239,True,False,no_target
-315.49097,30,5161.859456,False,True,no_target
129.35722,60,5165.665634,True,False,no_target
122.75136,59,5170.530819,True,False,no_target
117.0263,58,5171.289245,True,False,no_target
123.36581,62,5175.359655,True,False,no_target
82.49896,56,5177.482299,True,False,no_target
104.15454,57,5184.180976,True,False,no_target
72.565056,60,5188.350343,True,False,no_target
-328.3648,31,5188.350343,False,True,no_target
94.67013,55,5189.573648,True,False,no_target
-309.62134,34,5189.573648,False,True,no_target
138.36902,64,5193.12019,True,False,no_target
107.966866,64,5197.297798,True,False,no_target
78.77636,64,5201.56508,True,False,no_target
43.301308,61,5210.917254,True,False,no_target
121.83133,58,5210.917254,True,False,no_target
114.08846,58,5218.183447,True,False,no_target
98.50079,60,5224.3098,True,False,no_target
115.16499,63,5224.872129,True,False,no_target
113.82876,63,5224.872129,True,False,no_target
109.6591,61,5228.288694,True,False,no_target
143.34406,70,5229.990905,True,False,no_target
87.07006,60,5232.392932,True,False,no_target
-323.7448,17,5234.569243,False,True,no_target
88.67205,61,5236.772712,True,False,no_target
-319.40417,35,5237.416359,False,True,no_target
146.10591,63,5245.662902,True,False,no_target
-318.1473,21,5246.220285,False,True,no_target
119.669174,66,5247.339347,True,False,no_target
-315.33493,40,5252.159751,False,True,no_target
127.00855,62,5258.619964,True,False,no_target
82.882286,63,5259.711985,True,False,no_target
57.198204,64,5263.363123,True,False,no_target
125.166565,69,5269.876408,True,False,no_target
113.00763,64,5271.92926,True,False,no_target
121.574455,69,5275.18527,True,False,no_target
99.2857,59,5278.42205,True,False,no_target
122.217674,65,5281.159102,True,False,no_target
118.9153,62,5281.159102,True,False,no_target
-295.135,40,5281.717655,False,True,no_target
-309.66357,23,5287.52473,False,True,no_target
124.59196,70,5290.547599,True,False,no_target
113.8224,64,5293.548138,True,False,no_target
130.89955,61,5296.810743,True,False,no_target
-310.28427,24,5300.668427,False,True,no_target
85.189644,57,5301.073227,True,False,no_target
114.55543,63,5306.539998,True,False,no_target
-305.2591,29,5309.623645,False,True,no_target
-313.66165,40,5312.237053,False,True,no_target
116.71823,58,5312.986986,True,False,no_target
112.61806,63,5312.986986,True,False,no_target
126.111,59,5313.731671,True,False,no_target
-332.5497,24,5314.404121,False,True,no_target
122.940414,64,5317.030398,True,False,no_target
99.66643,56,5328.592091,True,False,no_target
121.4267,61,5335.997429,True,False,no_target
129.82379,63,5342.749021,True,False,no_target
78.76238,53,5343.950955,True,False,no_target
117.830185,59,5343.950955,True,False,no_target
82.27337,60,5347.434257,True,False,no_target
78.432,61,5348.436403,True,False,no_target
112.08571,60,5349.128351,True,False,no_target
114.96999,63,5350.568116,True,False,no_target
121.98118,59,5351.480647,True,False,no_target
-306.51596,40,5352.108191,False,True,no_target
-320.94907,16,5359.895821,False,True,no_target
-322.38635,28,5364.27058,False,True,no_target
-298.21902,36,5365.257449,False,True,no_target
-319.17416,30,5367.241949,False,True,no_target
71.25368,60,5372.178251,True,False,no_target
74.09982,56,5377.982927,True,False,no_target
-317.05374,20,5379.568979,False,True,no_target
68.307434,66,5382.222631,True,False,no_target
95.55577,56,5386.193089,True,False,no_target
56.276604,62,5386.193089,True,False,no_target
-333.93832,35,5386.801371,False,True,no_target
-320.59116,15,5388.139277,False,True,no_target
115.5714,65,5390.354367,True,False,no_target
99.44606,54,5391.946529,True,False,no_target
-308.2222,26,5392.472167,False,True,no_target
145.98906,64,5401.096748,True,False,no_target
-320.2635,23,5402.728869,False,True,no_target
33.115875,71,5412.517403,True,False,no_target
114.2192,58,5417.589868,True,False,no_target
49.47045,54,5417.589868,True,False,no_target
126.042336,66,5418.748485,True,False,no_target
117.40942,61,5419.280268,True,False,no_target
98.48567,61,5419.875885,True,False,no_target
-318.1989,13,5425.202122,False,True,no_target
65.77019,62,5426.744341,True,False,no_target
112.19566,66,5428.515707,True,False,no_target
-310.59534,18,5430.160551,False,True,no_target
111.913155,61,5436.766259,True,False,no_target
77.62188,72,5441.642279,True,False,no_target
-317.63824,23,5443.324682,False,True,no_target
109.04764,60,5446.04412,True,False,no_target
100.92581,59,5451.17707,True,False,no_target
116.12376,60,5453.394394,True,False,no_target
118.5917,62,5454.07821,True,False,no_target
-328.7812,14,5454.07821,False,True,no_target
120.36952,57,5457.027453,True,False,no_target
-311.21112,29,5457.575375,False,True,no_target
96.77263,64,5462.777389,True,False,no_target
-324.04288,20,5464.780028,False,True,no_target
146.46526,68,5466.317729,True,False,no_target
116.81272,62,5471.705433,True,False,no_target
-321.73257,18,5472.876996,False,True,no_target
-333.0021,38,5478.894005,False,True,no_target
72.56576,65,5479.971468,True,False,no_target
110.433784,60,5485.095947,True,False,no_target
47.46163,65,5490.013559,True,False,no_target
119.47475,66,5491.100525,True,False,no_target
130.73395,62,5492.616899,True,False,no_target
98.1562,57,5496.892083,True,False,no_target
-310.31564,25,5498.419725,False,True,no_target
74.85224,63,5502.400988,True,False,no_target
107.73102,56,5503.140042,True,False,no_target
82.706955,59,5506.108768,True,False,no_target
99.02399,55,5509.6666,True,False,no_target
94.20494,55,5511.03204,True,False,no_target
-314.45267,26,5516.706136,False,True,no_target
-299.30026,34,5522.357069,False,True,no_target
51.0177,60,5523.745368,True,False,no_target
-322.33197,35,5526.037099,False,True,no_target
110.5149,65,5527.320682,True,False,no_target
96.294876,56,5528.105656,True,False,no_target
86.6309,64,5528.105656,True,False,no_target
-307.75946,34,5528.105656,False,True,no_target
112.67235,60,5532.415399,True,False,no_target
114.497574,56,5547.925023,True,False,no_target
-302.84518,36,5548.648887,False,True,no_target
129.54114,71,5550.087661,True,False,no_target
33.428577,59,5558.321334,True,False,no_target
113.6816,60,5560.338092,True,False,no_target
115.69417,59,5560.929523,True,False,no_target
63.200665,70,5560.929523,True,False,no_target
101.10244,72,5563.481495,True,False,no_target
75.30386,65,5564.441788,True,False,no_target
130.35902,62,5566.570826,True,False,no_target
-303.68982,28,5576.738349,False,True,no_target
93.94434,56,5581.295569,True,False,no_target
114.010086,67,5585.362306,True,False,no_target
124.32115,71,5586.963612,True,False,no_target
123.0658,60,5591.508923,True,False,no_target
-340.36148,47,5592.690161,False,True,no_target
132.12296,63,5595.395136,True,False,no_target
116.74011,59,5596.95875,True,False,no_target
125.00551,65,5596.95875,True,False,no_target
134.61343,61,5596.95875,True,False,no_target
125.54568,60,5610.635327,True,False,no_target
-298.9183,42,5611.231784,False,True,no_target
-310.09924,40,5614.48792,False,True,no_target
-318.2439,33,5616.180003,False,True,no_target
-313.08145,36,5617.820631,False,True,no_target
48.69544,66,5618.564878,True,False,no_target
43.680275,61,5620.707541,True,False,no_target
127.01039,60,5627.602041,True,False,no_target
-307.17575,32,5629.336418,False,True,no_target
65.62461,58,5629.336418,True,False,no_target
106.903915,59,5631.664721,True,False,no_target
-311.55127,20,5641.755563,False,True,no_target
-318.9679,23,5643.394146,False,True,no_target
-313.31314,23,5645.587881,False,True,no_target
120.12678,68,5652.117476,True,False,no_target
98.10666,57,5652.823563,True,False,no_target
124.35901,64,5655.425706,True,False,no_target
126.42028,67,5655.425706,True,False,no_target
100.47141,62,5658.291193,True,False,no_target
126.01047,68,5660.030571,True,False,no_target
106.32493,57,5662.175343,True,False,no_target
-340.2414,24,5669.040553,False,True,no_target
122.858826,59,5676.629001,True,False,no_target
130.5335,62,5680.118844,True,False,no_target
-303.91006,35,5680.118844,False,True,no_target
109.87548,60,5680.952412,True,False,no_target
123.46556,58,5686.422366,True,False,no_target
-310.86862,19,5687.18603,False,True,no_target
-319.01132,44,5687.18603,False,True,no_target
120.24395,57,5687.665205,True,False,no_target
68.36164,62,5687.665205,True,False,no_target
123.72185,58,5691.203218,True,False,no_target
-318.13937,21,5697.477323,False,True,no_target
-309.02628,32,5697.477323,False,True,no_target
108.99663,63,5704.342753,True,False,no_target
-305.236,31,5705.072013,False,True,no_target
-301.75684,35,5707.303288,False,True,no_target
-306.5527,26,5712.030471,False,True,no_target
-308.37042,28,5713.012264,False,True,no_target
107.78604,66,5716.309791,True,False,no_target
110.20284,65,5716.834247,True,False,no_target
113.28436,56,5717.822264,True,False,no_target
-308.98535,24,5717.822264,False,True,no_target
108.21259,58,5719.592325,True,False,no_target
125.07447,61,5724.67547,True,False,no_target
-318.18903,23,5731.413028,False,True,no_target
-314.13806,30,5733.765034,False,True,no_target
110.04045,54,5735.060462,True,False,no_target
-307.52686,34,5738.242477,False,True,no_target
-301.19315,43,5738.242477,False,True,no_target
-323.0784,23,5738.785214,False,True,no_target
124.502815,65,5744.047359,True,False,no_target
119.08704,58,5745.673457,True,False,no_target
-333.7154,23,5752.169925,False,True,no_target
122.931114,61,5753.36274,True,False,no_target
113.057365,63,5757.716442,True,False,no_target
-305.1748,35,5759.841789,False,True,no_target
-316.506,18,5768.395387,False,True,no_target
88.8217,62,5768.967203,True,False,no_target
89.27974,60,5770.297187,True,False,no_target
117.99774,65,5774.974503,True,False,no_target
120.96016,66,5778.66007,True,False,no_target
-324.17557,14,5779.166547,False,True,no_target
-306.17084,33,5780.254426,False,True,no_target
93.71212,63,5784.40057,True,False,no_target
85.804726,66,5784.40057,True,False,no_target
113.87907,65,5790.643244,True,False,no_target
-309.69623,37,5790.643244,False,True,no_target
-325.14948,32,5792.745277,False,True,no_target
66.38421,72,5795.788283,True,False,no_target
-336.1845,34,5798.797073,False,True,no_target
-325.9181,34,5803.077113,False,True,no_target
-335.23886,21,5804.756158,False,True,no_target
113.00475,65,5805.748888,True,False,no_target
-319.51004,35,5810.475417,False,True,no_target
104.202324,59,5811.5813,True,False,no_target
-304.4911,29,5812.093851,False,True,no_target
138.14082,62,5813.713424,True,False,no_target
60.528244,58,5816.435443,True,False,no_target
-306.3674,26,5824.619747,False,True,no_target
-321.92017,16,5825.19643,False,True,no_target
27.666874,68,5828.22254,True,False,no_target
116.74212,58,5831.031898,True,False,no_target
-317.34274,20,5835.812158,False,True,no_target
99.16792,62,5837.626218,True,False,no_target
-316.8137,24,5838.581944,False,True,no_target
79.560036,61,5839.684922,True,False,no_target
111.89974,63,5839.684922,True,False,no_target
123.08341,58,5843.725906,True,False,no_target
117.12885,59,5846.777997,True,False,no_target
79.46224,63,5847.357524,True,False,no_target
-298.81607,34,5850.615188,False,True,no_target
-330.2488,22,5851.137566,False,True,no_target
-326.13437,18,5857.319574,False,True,no_target
102.85187,66,5866.640718,True,False,no_target
107.62442,62,5872.758884,True,False,no_target
110.06155,62,5874.239483,True,False,no_target
122.604355,62,5877.028509,True,False,no_target
122.49201,66,5879.227587,True,False,no_target
139.40851,64,5882.362969,True,False,no_target
101.675285,55,5884.321063,True,False,no_target
-328.72504,21,5885.525462,False,True,no_target
88.9608,62,5889.04712,True,False,no_target
116.74356,71,5890.364829,True,False,no_target
-317.6765,13,5892.519598,False,True,no_target
-307.3194,33,5894.906058,False,True,no_target
122.48154,65,5897.103703,True,False,no_target
-303.61414,36,5898.569022,False,True,no_target
129.3657,59,5902.889788,True,False,no_target
-312.01025,33,5910.828473,False,True,no_target
121.5459,58,5912.908928,True,False,no_target
116.678856,60,5916.627789,True,False,no_target
94.56294,63,5921.154767,True,False,no_target
84.361015,58,5921.69274,True,False,no_target
-315.09384,36,5922.378081,False,True,no_target
116.50922,62,5924.811211,True,False,no_target
96.65289,62,5930.901064,True,False,no_target
-309.57233,20,5933.755596,False,True,no_target
110.66179,64,5934.410127,True,False,no_target
104.75273,72,5934.832054,True,False,no_target
-312.6435,28,5937.21353,False,True,no_target
-296.46674,34,5944.212888,False,True,no_target
-401.93762,51,5945.411369,False,True,no_target
106.264824,59,5946.000471,True,False,no_target
119.98987,66,5947.855757,True,False,no_target
118.83403,64,5957.485861,True,False,no_target
-314.83762,47,5957.485861,False,True,no_target
114.33127,56,5964.956323,True,False,no_target
-302.72525,40,5967.377696,False,True,no_target
143.29655,61,5967.377696,True,False,no_target
149.0989,66,5971.334397,True,False,no_target
107.80814,65,5973.043316,True,False,no_target
93.12954,56,5976.983173,True,False,no_target
114.494026,63,5978.802315,True,False,no_target
77.0331,60,5980.431951,True,False,no_target
-309.46045,38,5988.003315,False,True,no_target
112.525246,60,5990.092147,True,False,no_target
-308.01788,25,5994.340292,False,True,no_target
101.363655,68,5995.012359,True,False,no_target
-307.76343,21,5999.640878,False,True,no_target
108.18528,69,6003.321716,True,False,no_target
75.326935,65,6003.321716,True,False,no_target
118.68209,64,6006.554937,True,False,no_target
93.393326,56,6007.881094,True,False,no_target
115.00719,67,6010.091261,True,False,no_target
119.70026,62,6013.261572,True,False,no_target
104.63523,55,6025.198261,True,False,no_target
92.00857,61,6028.274208,True,False,no_target
122.116936,71,6030.20165,True,False,no_target
126.02519,64,6036.266898,True,False,no_target
94.760864,60,6037.385606,True,False,no_target
101.47444,57,6038.649014,True,False,no_target
111.29633,64,6039.18514,True,False,no_target
94.98475,58,6040.265133,True,False,no_target
-318.04944,13,6044.125986,False,True,no_target
91.16475,61,6044.125986,True,False,no_target
104.23323,62,6047.895383,True,False,no_target
85.57689,52,6054.526732,True,False,no_target
-310.55542,19,6054.526732,False,True,no_target
-306.87863,30,6055.188008,False,True,no_target
93.10034,60,6061.829304,True,False,no_target
118.5503,61,6063.996053,True,False,no_target
-335.47495,21,6066.281364,False,True,no_target
90.80999,58,6071.870913,True,False,no_target
102.58127,61,6074.354156,True,False,no_target
101.83141,70,6074.959887,True,False,no_target
-308.47632,34,6081.315253,False,True,no_target
122.627815,67,6081.684143,True,False,no_target
99.39937,62,6082.639663,True,False,no_target
91.30983,57,6087.233478,True,False,no_target
115.49008,60,6088.018303,True,False,no_target
115.436005,69,6103.684657,True,False,no_target
97.924934,67,6105.070295,True,False,no_target
-312.65228,31,6105.680308,False,True,no_target
107.50198,66,6109.219595,True,False,no_target
103.76269,65,6111.522513,True,False,no_target
-303.6881,41,6111.999432,False,True,no_target
118.68624,65,6111.999432,True,False,no_target
93.923874,67,6120.050119,True,False,no_target
112.02139,70,6122.711385,True,False,no_target
99.249855,75,6123.687693,True,False,no_target
-333.6953,30,6128.586112,False,True,no_target
-321.11456,21,6135.9681,False,True,no_target
35.667435,60,6137.542293,True,False,no_target
-334.29733,32,6138.154526,False,True,no_target
91.33134,63,6140.056456,True,False,no_target
119.58532,62,6144.173489,True,False,no_target
-300.95105,38,6144.173489,False,True,no_target
-311.41165,29,6145.319064,False,True,no_target
92.71464,72,6146.052159,True,False,no_target
59.326427,66,6148.581348,True,False,no_target
84.87817,69,6150.595292,True,False,no_target
-315.63373,22,6157.775981,False,True,no_target
-328.84818,17,6157.775981,False,True,no_target
-313.6388,27,6158.822099,False,True,no_target
-312.8938,15,6167.204119,False,True,no_target
104.86898,60,6168.932744,True,False,no_target
94.38707,54,6170.040594,True,False,no_target
95.614044,67,6174.57608,True,False,no_target
18.324352,70,6176.929523,True,False,no_target
58.82329,60,6178.17729,True,False,no_target
-301.6865,40,6180.331095,False,True,no_target
94.47934,69,6182.69216,True,False,no_target
-307.15866,38,6188.272109,False,True,no_target
-316.7875,22,6188.846822,False,True,no_target
113.75834,70,6189.428989,True,False,no_target
-311.48898,28,6189.974203,False,True,no_target
110.35614,62,6192.164911,True,False,no_target
-301.77252,32,6196.012114,False,True,no_target
-320.10635,22,6201.326708,False,True,no_target
107.6896,62,6203.526309,True,False,no_target
130.31639,62,6204.586752,True,False,no_target
-315.94144,19,6206.762055,False,True,no_target
109.11849,63,6214.846958,True,False,no_target
87.463905,72,6221.824306,True,False,no_target
69.93162,57,6223.727805,True,False,no_target
108.28053,66,6225.194077,True,False,no_target
-314.6662,43,6225.194077,False,True,no_target
77.835815,65,6226.140532,True,False,no_target
70.39591,68,6227.072539,True,False,no_target
-301.27127,34,6233.872012,False,True,no_target
125.86576,63,6239.929144,True,False,no_target
105.6522,68,6242.10815,True,False,no_target
-359.88812,26,6242.578259,False,True,no_target
81.2257,64,6243.050292,True,False,no_target
-334.28113,32,6243.658111,False,True,no_target
-308.86182,18,6253.307667,False,True,no_target
118.5681,60,6259.350362,True,False,no_target
133.10187,63,6259.350362,True,False,no_target
-307.25873,31,6261.61738,False,True,no_target
126.51344,61,6262.277959,True,False,no_target
109.34602,69,6265.612812,True,False,no_target
85.8761,59,6270.039088,True,False,no_target
91.659454,59,6277.36121,True,False,no_target
118.15997,64,6278.658913,True,False,no_target
-301.7929,33,6279.268239,False,True,no_target
65.40856,61,6280.250179,True,False,no_target
-334.18768,24,6280.250179,False,True,no_target
-313.60962,42,6287.69328,False,True,no_target
118.82059,68,6294.330447,True,False,no_target
-316.9321,24,6294.861162,False,True,no_target
69.35162,68,6300.837886,True,False,no_target
117.685295,64,6300.837886,True,False,no_target
-313.1868,26,6310.503972,False,True,no_target
122.842926,70,6311.655198,True,False,no_target
114.43681,58,6315.063455,True,False,no_target
68.00355,64,6315.467769,True,False,no_target
121.968994,63,6315.875219,True,False,no_target
-310.1543,28,6316.378193,False,True,no_target
58.650726,65,6317.447947,True,False,no_target
119.536804,65,6325.215343,True,False,no_target
116.21614,61,6329.510319,True,False,no_target
94.299416,62,6335.664181,True,False,no_target
132.2159,62,6345.986238,True,False,no_target
120.37015,59,6347.649966,True,False,no_target
103.04662,57,6347.649966,True,False,no_target
142.09085,68,6348.223137,True,False,no_target
111.58826,59,6350.859263,True,False,no_target
74.61452,63,6350.859263,True,False,no_target
108.98691,65,6352.67597,True,False,no_target
-312.48254,24,6359.611115,False,True,no_target
79.45704,61,6363.322477,True,False,no_target
117.71853,69,6364.113329,True,False,no_target
-321.52524,22,6365.846792,False,True,no_target
-314.50824,15,6368.446297,False,True,no_target
-309.37225,37,6371.732355,False,True,no_target
101.52521,64,6371.732355,True,False,no_target
-312.21475,16,6374.76829,False,True,no_target
95.32064,55,6379.290953,True,False,no_target
74.12871,61,6382.745622,True,False,no_target
119.133415,67,6386.452106,True,False,no_target
119.899345,65,6387.592796,True,False,no_target
-315.42026,31,6392.229824,False,True,no_target
103.37376,55,6394.983323,True,False,no_target
101.2213,55,6399.587774,True,False,no_target
87.59584,65,6401.426355,True,False,no_target
104.6514,55,6403.17522,True,False,no_target
-314.26035,32,6404.78292,False,True,no_target
112.07247,60,6405.844701,True,False,no_target
-304.1483,29,6411.265267,False,True,no_target
101.8388,67,6417.063949,True,False,no_target
101.79474,62,6417.419087,True,False,no_target
-332.7195,27,6419.154602,False,True,no_target
121.77844,57,6419.154602,True,False,no_target
-308.3842,38,6422.014712,False,True,no_target
97.67303,60,6425.162824,True,False,no_target
-303.24173,34,6430.0492,False,True,no_target
104.28039,57,6431.264794,True,False,no_target
108.12811,59,6435.943942,True,False,no_target
-321.2297,33,6435.943942,False,True,no_target
102.38514,60,6439.142966,True,False,no_target
-320.7563,16,6439.142966,False,True,no_target
-309.93353,29,6453.065013,False,True,no_target
133.01752,64,6453.790662,True,False,no_target
-301.75464,38,6453.790662,False,True,no_target
93.79288,59,6456.663075,True,False,no_target
97.60057,64,6456.663075,True,False,no_target
97.353935,64,6456.663075,True,False,no_target
98.05427,61,6461.07606,True,False,no_target
-300.85788,32,6472.894776,False,True,no_target
134.05386,63,6474.071148,True,False,no_target
140.74577,63,6477.932636,True,False,no_target
65.46989,64,6478.59848,True,False,no_target
96.06153,56,6488.276251,True,False,no_target
91.46105,53,6489.364799,True,False,no_target
106.347984,55,6490.225531,True,False,no_target
57.824753,60,6490.225531,True,False,no_target
126.28906,65,6496.700882,True,False,no_target
-299.15878,40,6497.368724,False,True,no_target
67.33057,66,6502.813765,True,False,no_target
-305.12668,23,6504.627848,False,True,no_target
123.878204,61,6511.285178,True,False,no_target
99.863235,56,6512.734896,True,False,no_target
99.35205,67,6518.379708,True,False,no_target
126.229996,59,6523.728955,True,False,no_target
86.02849,59,6526.402073,True,False,no_target
97.50749,66,6529.384325,True,False,no_target
-302.84802,28,6529.384325,False,True,no_target
130.95811,62,6534.732198,True,False,no_target
98.50939,67,6537.827775,True,False,no_target
99.40164,59,6537.827775,True,False,no_target
106.915085,63,6542.626646,True,False,no_target
110.815895,59,6547.064353,True,False,no_target
-303.98328,35,6558.760116,False,True,no_target
-318.38022,22,6559.789236,False,True,no_target
107.06322,70,6560.359508,True,False,no_target
123.445625,59,6561.582223,True,False,no_target
113.405045,67,6563.993502,True,False,no_target
116.58949,63,6566.912386,True,False,no_target
104.08246,54,6569.799758,True,False,no_target
105.93456,70,6570.992538,True,False,no_target
120.76016,67,6573.593164,True,False,no_target
-314.12872,22,6576.701507,False,True,no_target
115.89861,64,6579.698975,True,False,no_target
-303.7053,42,6582.641496,False,True,no_target
-319.89627,25,6583.658544,False,True,no_target
81.97684,53,6589.626033,True,False,no_target
98.30674,58,6594.294055,True,False,no_target
113.09788,61,6594.638653,True,False,no_target
106.63873,60,6600.185118,True,False,no_target
124.14711,59,6603.511363,True,False,no_target
-314.98242,41,6606.199157,False,True,no_target
120.68293,61,6607.370272,True,False,no_target
119.01327,57,6608.086408,True,False,no_target
-314.39536,28,6609.956215,False,True,no_target
126.89624,63,6614.721671,True,False,no_target
-304.4542,30,6616.818503,False,True,no_target
-313.92755,25,6620.117522,False,True,no_target
109.911804,71,6621.791193,True,False,no_target
-311.3297,28,6623.010811,False,True,no_target
22.76175,72,6629.838397,True,False,no_target
125.73344,64,6629.838397,True,False,no_target
-316.15427,17,6631.878976,False,True,no_target
-315.90524,23,6633.374073,False,True,no_target
-300.17654,29,6639.324451,False,True,no_target
130.11372,64,6639.324451,True,False,no_target
70.13661,58,6642.729418,True,False,no_target
108.962906,56,6646.260096,True,False,no_target
119.025925,69,6646.779356,True,False,no_target
-304.25415,24,6646.779356,False,True,no_target
-320.52823,20,6650.740008,False,True,no_target
117.2932,60,6650.740008,True,False,no_target
-300.04855,38,6651.28222,False,True,no_target
-315.82745,16,6655.542712,False,True,no_target
104.41998,58,6662.346399,True,False,no_target
103.17658,61,6665.897662,True,False,no_target
114.31437,61,6674.294475,True,False,no_target
-301.94235,39,6677.647297,False,True,no_target
-311.6541,24,6679.430588,False,True,no_target
105.76077,68,6681.179345,True,False,no_target
134.17192,62,6681.179345,True,False,no_target
98.67879,56,6682.42544,True,False,no_target
97.82148,57,6683.221753,True,False,no_target
98.46822,73,6688.737658,True,False,no_target
78.7664,65,6688.737658,True,False,no_target
-315.69336,24,6693.725075,False,True,no_target
-317.05893,20,6695.089814,False,True,no_target
-296.37305,38,6696.260384,False,True,no_target
-310.48532,25,6697.638946,False,True,no_target
123.01254,63,6699.612743,True,False,no_target
-323.03815,26,6704.360038,False,True,no_target
-313.4251,26,6710.97352,False,True,no_target
-331.1154,25,6711.526524,False,True,no_target
114.18097,62,6715.027843,True,False,no_target
133.4465,62,6718.614846,True,False,no_target
132.77321,63,6719.345163,True,False,no_target
-328.64297,38,6720.784213,False,True,no_target
113.749084,60,6724.539228,True,False,no_target
-304.30814,26,6726.441242,False,True,no_target
-301.7466,42,6729.798634,False,True,no_target
103.139336,67,6735.325442,True,False,no_target
107.260925,58,6735.325442,True,False,no_target
-301.2474,29,6738.888927,False,True,no_target
-299.1329,37,6741.677416,False,True,no_target
101.54719,56,6745.714432,True,False,no_target
-306.3649,27,6751.206888,False,True,no_target
-352.11273,28,6751.738755,False,True,no_target
78.197464,64,6753.958488,True,False,no_target
75.81294,60,6755.590737,True,False,no_target
74.89758,55,6758.344865,True,False,no_target
-307.34708,39,6763.987907,False,True,no_target
102.73829,55,6766.019425,True,False,no_target
114.23749,69,6773.14427,True,False,no_target
-311.49643,22,6779.526118,False,True,no_target
-306.81604,37,6780.965404,False,True,no_target
-332.18958,37,6782.40046,False,True,no_target
46.895535,63,6783.711216,True,False,no_target
109.120476,63,6793.624938,True,False,no_target
-313.6781,24,6793.624938,False,True,no_target
98.38326,75,6794.77957,True,False,no_target
128.52814,66,6794.77957,True,False,no_target
119.44803,57,6797.159955,True,False,no_target
-296.95108,43,6799.219533,False,True,no_target
-328.4808,27,6800.494794,False,True,no_target
112.27472,57,6802.275604,True,False,no_target
-308.7156,23,6809.130045,False,True,no_target
102.303,60,6818.660343,True,False,no_target
107.90495,66,6820.505552,True,False,no_target
-299.87015,35,6822.769951,False,True,no_target
107.358086,60,6832.935906,True,False,no_target
-317.72504,14,6832.935906,False,True,no_target
106.39948,64,6834.392641,True,False,no_target
114.272484,67,6836.072357,True,False,no_target
120.46673,58,6836.544688,True,False,no_target
29.961939,67,6839.267599,True,False,no_target
134.35107,65,6839.962854,True,False,no_target
102.07513,59,6846.969316,True,False,no_target
-313.51004,26,6849.657186,False,True,no_target
102.68764,55,6856.641511,True,False,no_target
-301.32172,29,6858.322886,False,True,no_target
-306.17557,40,6859.298159,False,True,no_target
62.25954,70,6865.314643,True,False,no_target
-308.74167,33,6869.156216,False,True,no_target
89.28014,54,6871.519431,True,False,no_target
119.21526,59,6872.676216,True,False,no_target
107.428375,62,6876.821386,True,False,no_target
-303.81,30,6877.553906,False,True,no_target
-306.29132,44,6878.240078,False,True,no_target
-315.78506,20,6881.375327,False,True,no_target
62.975998,68,6883.715359,True,False,no_target
-306.9059,41,6884.952951,False,True,no_target
-312.7237,32,6891.135501,False,True,no_target
-315.34653,17,6891.785909,False,True,no_target
98.558525,66,6899.084278,True,False,no_target
-314.04037,38,6901.701347,False,True,no_target
93.4221,60,6902.812349,True,False,no_target
84.00337,55,6907.090209,True,False,no_target
-319.1554,24,6914.292279,False,True,no_target
99.43575,57,6914.292279,True,False,no_target
126.41032,63,6916.424945,True,False,no_target
-322.84695,13,6922.88936,False,True,no_target
108.26392,61,6924.271794,True,False,no_target
92.24617,68,6927.949262,True,False,no_target
116.53893,66,6935.424861,True,False,no_target
103.59371,66,6936.249732,True,False,no_target
-306.7918,33,6940.149386,False,True,no_target
-321.73016,13,6944.691197,False,True,no_target
91.11537,63,6945.357413,True,False,no_target
93.500725,59,6947.650851,True,False,no_target
94.01401,75,6952.734906,True,False,no_target
101.55754,57,6954.130219,True,False,no_target
-302.56567,33,6957.788074,False,True,no_target
-302.51706,31,6960.786143,False,True,no_target
110.4127,57,6963.544709,True,False,no_target
-300.4827,27,6965.865329,False,True,no_target
-298.1701,32,6966.399458,False,True,no_target
117.00058,65,6967.674511,True,False,no_target
122.14076,63,6970.685369,True,False,no_target
-327.81714,30,6976.972902,False,True,no_target
-355.64368,22,6980.143738,False,True,no_target
-305.45673,25,6984.118541,False,True,no_target
-310.97726,31,6984.118541,False,True,no_target
116.60254,62,6986.429897,True,False,no_target
125.13654,65,6995.881594,True,False,no_target
120.527115,75,7000.758428,True,False,no_target
84.20774,64,7002.372253,True,False,no_target
107.05554,65,7008.72623,True,False,no_target
109.557915,59,7010.088436,True,False,no_target
-309.23987,38,7012.222627,False,True,no_target
120.206924,59,7016.375374,True,False,no_target
92.90021,56,7017.379121,True,False,no_target
99.24713,58,7021.780833,True,False,no_target
-301.73874,34,7029.92046,False,True,no_target
72.76915,72,7030.632038,True,False,no_target
-306.4749,33,7032.867971,False,True,no_target
-308.759,38,7040.249215,False,True,no_target
-313.80713,20,7043.015706,False,True,no_target
126.815994,66,7044.740932,True,False,no_target
-314.17484,19,7045.360808,False,True,no_target
113.09051,75,7045.360808,True,False,no_target
57.871124,70,7048.430819,True,False,no_target
99.64733,61,7049.075488,True,False,no_target
-316.41077,13,7051.791186,False,True,no_target
123.258804,61,7056.670205,True,False,no_target
117.69921,57,7058.832207,True,False,no_target
-322.17352,23,7060.515655,False,True,no_target
109.71104,63,7072.711354,True,False,no_target
-317.75616,24,7075.059044,False,True,no_target
104.4093,58,7082.49754,True,False,no_target
107.02274,65,7083.204096,True,False,no_target
94.91884,54,7084.745582,True,False,no_target
43.590595,71,7091.63411,True,False,no_target
115.70802,61,7091.63411,True,False,no_target
99.123795,71,7095.224611,True,False,no_target
-311.56747,25,7099.731904,False,True,no_target
44.52204,64,7102.592354,True,False,no_target
127.16212,71,7103.584995,True,False,no_target
-307.8045,32,7103.584995,False,True,no_target
-312.7707,25,7108.325708,False,True,no_target
128.40808,61,7114.014157,True,False,no_target
-318.64246,23,7114.014157,False,True,no_target
117.404526,67,7115.190921,True,False,no_target
102.34473,55,7119.423695,True,False,no_target
-307.8732,26,7123.4005,False,True,no_target
107.00781,55,7128.541014,True,False,no_target
138.25572,67,7132.831007,True,False,no_target
-314.514,25,7133.856598,False,True,no_target
113.24119,60,7138.948486,True,False,no_target
94.11769,63,7139.479675,True,False,no_target
109.10811,65,7141.733733,True,False,no_target
-325.46152,15,7142.245561,False,True,no_target
71.13766,63,7150.454406,True,False,no_target
126.200096,65,7152.763637,True,False,no_target
126.712875,68,7153.38504,True,False,no_target
120.179886,63,7159.590434,True,False,no_target
117.890045,65,7166.718072,True,False,no_target
-311.61316,28,7167.601595,False,True,no_target
137.33086,62,7169.346723,True,False,no_target
113.88132,62,7176.470835,True,False,no_target
76.0963,66,7178.201802,True,False,no_target
128.5017,61,7178.807289,True,False,no_target
113.59492,65,7180.730059,True,False,no_target
102.42407,57,7187.852786,True,False,no_target
-330.2055,18,7189.839952,False,True,no_target
115.112595,62,7190.540185,True,False,no_target
-358.91815,25,7193.634834,False,True,no_target
-300.436,45,7195.049623,False,True,no_target
103.893906,60,7197.168658,True,False,no_target
90.711685,61,7205.203299,True,False,no_target
-301.51785,40,7206.388893,False,True,no_target
85.688705,61,7207.549527,True,False,no_target
105.55712,64,7217.293175,True,False,no_target
-341.41644,27,7222.251327,False,True,no_target
-319.71588,30,7226.109334,False,True,no_target
109.801506,59,7228.86036,True,False,no_target
107.22634,63,7229.838115,True,False,no_target
89.63396,53,7232.358545,True,False,no_target
45.13145,64,7232.995758,True,False,no_target
100.83126,57,7232.995758,True,False,no_target
129.697,67,7238.591187,True,False,no_target
-324.2505,13,7238.591187,False,True,no_target
-311.12378,26,7240.501853,False,True,no_target
103.47334,62,7248.494097,True,False,no_target
-301.10864,31,7248.931999,False,True,no_target
-330.71054,22,7252.58457,False,True,no_target
-311.04742,43,7254.622547,False,True,no_target
109.2459,59,7255.741578,True,False,no_target
-300.08508,31,7257.487226,False,True,no_target
114.88861,57,7267.784812,True,False,no_target
110.725945,69,7275.371505,True,False,no_target
102.01209,70,7276.087327,True,False,no_target
107.58492,65,7280.254721,True,False,no_target
95.51118,64,7287.588804,True,False,no_target
104.291725,64,7291.801434,True,False,no_target
-313.75534,38,7291.801434,False,True,no_target
94.885025,70,7292.448421,True,False,no_target
82.46641,57,7293.06672,True,False,no_target
101.34704,66,7294.929509,True,False,no_target
-310.34283,32,7298.248156,False,True,no_target
115.91038,69,7302.180979,True,False,no_target
-318.29852,12,7302.969452,False,True,no_target
-305.50494,25,7308.346507,False,True,no_target
-315.62714,21,7314.391575,False,True,no_target
106.17435,74,7334.188852,True,False,no_target
99.77711,72,7338.794965,True,False,no_target
120.615265,62,7349.677701,True,False,no_target
100.07564,60,7352.25524,True,False,no_target
105.745865,63,7352.25524,True,False,no_target
111.363815,74,7361.075027,True,False,no_target
69.95916,62,7361.075027,True,False,no_target
89.99696,64,7362.129237,True,False,no_target
114.8985,58,7371.087535,True,False,no_target
125.23694,68,7371.915052,True,False,no_target
-351.41675,27,7375.202738,False,True,no_target
-322.58243,31,7376.55447,False,True,no_target
-322.64536,24,7379.11153,False,True,no_target
-310.9268,35,7385.440945,False,True,no_target
87.68408,63,7387.867861,True,False,no_target
122.739006,61,7388.770396,True,False,no_target
-324.99454,29,7389.181548,False,True,no_target
-305.64053,29,7395.677281,False,True,no_target
131.21063,65,7397.540635,True,False,no_target
66.05209,61,7401.320447,True,False,no_target
104.625946,58,7406.116805,True,False,no_target
126.490654,68,7415.340907,True,False,no_target
-311.7701,19,7417.292338,False,True,no_target
112.57729,69,7417.292338,True,False,no_target
78.05887,63,7422.913177,True,False,no_target
111.919205,61,7423.972588,True,False,no_target
68.184525,62,7426.301927,True,False,no_target
53.21768,67,7428.579501,True,False,no_target
-306.64642,24,7431.962621,False,True,no_target
109.18791,60,7433.948414,True,False,no_target
-321.41602,19,7435.609467,False,True,no_target
81.23259,68,7436.9781,True,False,no_target
105.69439,64,7440.256171,True,False,no_target
99.73999,58,7452.263508,True,False,no_target
148.9042,62,7457.416373,True,False,no_target
128.57463,62,7463.180736,True,False,no_target
144.33214,63,7467.554293,True,False,no_target
97.24605,65,7471.450855,True,False,no_target
-299.0147,34,7474.689987,False,True,no_target
136.40477,67,7476.005513,True,False,no_target
122.94855,66,7477.614296,True,False,no_target
121.75588,66,7479.458079,True,False,no_target
89.00536,66,7480.627203,True,False,no_target
109.925995,61,7480.627203,True,False,no_target
-335.7078,26,7490.43148,False,True,no_target
102.23193,65,7497.508819,True,False,no_target
-312.37595,44,7498.157897,False,True,no_target
-303.3296,32,7499.373073,False,True,no_target
86.57928,64,7502.060666,True,False,no_target
113.40595,58,7502.605159,True,False,no_target
-316.5032,14,7505.402666,False,True,no_target
48.937683,64,7513.56807,True,False,no_target
-333.87766,18,7516.015585,False,True,no_target
113.057655,67,7516.545717,True,False,no_target
109.106575,69,7519.352272,True,False,no_target
-299.32855,36,7523.077621,False,True,no_target
94.03899,75,7524.254628,True,False,no_target
-303.01822,40,7526.22799,False,True,no_target
-311.2736,21,7526.22799,False,True,no_target
-323.97687,22,7529.190656,False,True,no_target
121.91127,67,7529.796122,True,False,no_target
101.84741,66,7536.834912,True,False,no_target
84.17637,71,7541.14824,True,False,no_target
-301.20493,31,7544.743685,False,True,no_target
-315.91232,22,7550.258998,False,True,no_target
125.400505,58,7551.05924,True,False,no_target
111.49051,65,7557.765429,True,False,no_target
130.63353,60,7558.316317,True,False,no_target
66.25147,63,7561.539532,True,False,no_target
130.80392,62,7562.678069,True,False,no_target
-303.79477,38,7563.142205,False,True,no_target
138.02122,60,7564.492956,True,False,no_target
116.833115,63,7566.902828,True,False,no_target
-314.4291,20,7573.076667,False,True,no_target
-307.33826,30,7580.011935,False,True,no_target
131.04071,62,7580.646771,True,False,no_target
-308.19052,27,7582.349002,False,True,no_target
121.368935,67,7590.039175,True,False,no_target
110.57304,71,7591.215853,True,False,no_target
-312.3227,22,7593.635122,False,True,no_target
-306.93307,24,7594.260189,False,True,no_target
73.49435,62,7594.260189,True,False,no_target
-310.0197,24,7597.020253,False,True,no_target
111.53951,66,7597.71876,True,False,no_target
116.05982,60,7599.789336,True,False,no_target
116.81394,68,7603.586465,True,False,no_target
-311.1318,29,7608.856906,False,True,no_target
114.68012,61,7609.342359,True,False,no_target
-312.09097,24,7614.018632,False,True,no_target
-298.18936,40,7620.507427,False,True,no_target
-307.71683,33,7622.872794,False,True,no_target
125.08365,63,7627.664461,True,False,no_target
117.81083,61,7630.548448,True,False,no_target
-315.10715,19,7631.765397,False,True,no_target
139.56969,67,7634.185452,True,False,no_target
98.13407,73,7637.080163,True,False,no_target
72.37327,72,7639.990529,True,False,no_target
120.87068,66,7648.287384,True,False,no_target
103.249214,68,7648.638606,True,False,no_target
-314.69672,61,7649.635417,False,True,no_target
-306.6536,29,7650.88062,False,True,no_target
106.45831,59,7657.057175,True,False,no_target
88.963844,58,7661.215742,True,False,no_target
102.71531,57,7663.990038,True,False,no_target
-326.21982,24,7663.990038,False,True,no_target
104.357864,66,7670.475151,True,False,no_target
116.88093,63,7673.741459,True,False,no_target
99.22772,67,7679.127852,True,False,no_target
82.50032,58,7682.089323,True,False,no_target
-315.3849,21,7686.048545,False,True,no_target
118.204666,66,7687.342337,True,False,no_target
21.043905,68,7690.591563,True,False,no_target
91.71463,53,7692.458969,True,False,no_target
95.41805,62,7693.813656,True,False,no_target
105.51544,57,7697.433565,True,False,no_target
-308.69086,27,7698.070122,False,True,no_target
90.53196,59,7698.573657,True,False,no_target
-326.2287,13,7701.653545,False,True,no_target
-305.81525,41,7703.247868,False,True,no_target
18.93502,66,7709.258282,True,False,no_target
-327.7639,21,7709.999099,False,True,no_target
-309.3336,29,7713.784645,False,True,no_target
126.01353,60,7721.122985,True,False,no_target
144.57053,61,7722.811214,True,False,no_target
112.637634,59,7725.103844,True,False,no_target
118.92994,67,7731.967851,True,False,no_target
115.081085,59,7733.015748,True,False,no_target
-300.36664,37,7736.262502,False,True,no_target
-311.60175,22,7736.262502,False,True,no_target
107.18357,63,7738.396711,True,False,no_target
92.58459,65,7741.445276,True,False,no_target
130.36552,58,7743.19634,True,False,no_target
-319.20126,37,7743.19634,False,True,no_target
-347.86685,33,7744.858002,False,True,no_target
65.348145,72,7752.206385,True,False,no_target
97.54727,60,7768.614546,True,False,no_target
-302.40536,30,7770.296146,False,True,no_target
108.9908,60,7771.153033,True,False,no_target
119.56897,59,7772.868549,True,False,no_target
116.300255,71,7773.497164,True,False,no_target
118.01726,67,7775.140315,True,False,no_target
74.27965,60,7776.374352,True,False,no_target
104.962715,60,7777.98375,True,False,no_target
134.65623,64,7780.238738,True,False,no_target
114.78932,64,7782.076669,True,False,no_target
-319.12674,13,7783.876933,False,True,no_target
-302.58377,37,7794.882277,False,True,no_target
-303.16528,33,7794.882277,False,True,no_target
122.19836,62,7804.463804,True,False,no_target
39.65855,62,7806.091551,True,False,no_target
136.40022,60,7808.515144,True,False,no_target
126.64386,66,7809.851114,True,False,no_target
129.3234,62,7814.540876,True,False,no_target
141.03592,61,7816.532908,True,False,no_target
53.64855,58,7818.272498,True,False,no_target
-324.27438,25,7819.620077,False,True,no_target
118.37633,65,7821.203334,True,False,no_target
85.58141,61,7832.740299,True,False,no_target
149.0781,66,7835.997635,True,False,no_target
-331.985,32,7837.949131,False,True,no_target
117.990395,59,7844.221547,True,False,no_target
133.62982,60,7847.114174,True,False,no_target
119.35614,59,7848.055873,True,False,no_target
110.81808,58,7857.964902,True,False,no_target
110.9198,69,7859.889593,True,False,no_target
90.977684,59,7859.889593,True,False,no_target
115.918526,66,7861.968787,True,False,no_target
-307.28094,23,7862.675653,False,True,no_target
-319.02954,20,7873.382968,False,True,no_target
82.86069,59,7874.42411,True,False,no_target
126.84613,65,7875.245123,True,False,no_target
83.69163,61,7877.754439,True,False,no_target
-303.6841,31,7880.559927,False,True,no_target
126.65736,64,7885.838168,True,False,no_target
61.23918,59,7886.588302,True,False,no_target
-315.61288,20,7887.820559,False,True,no_target
59.99159,57,7899.661013,True,False,no_target
68.000305,59,7900.374083,True,False,no_target
96.0508,68,7902.574153,True,False,no_target
-323.41278,18,7912.11288,False,True,no_target
105.141655,61,7913.085461,True,False,no_target
76.71839,61,7914.589394,True,False,no_target
140.39076,67,7921.428742,True,False,no_target
127.21307,62,7927.561809,True,False,no_target
72.07825,61,7928.409364,True,False,no_target
114.772385,64,7928.409364,True,False,no_target
117.93956,73,7928.409364,True,False,no_target
100.63287,59,7939.510669,True,False,no_target
121.84134,60,7942.186848,True,False,no_target
-310.78778,26,7945.396352,False,True,no_target
113.06699,63,7954.644225,True,False,no_target
109.23786,62,7955.426819,True,False,no_target
122.4349,67,7956.202471,True,False,no_target
117.20665,59,7960.319431,True,False,no_target
111.14157,57,7965.288319,True,False,no_target
114.77372,63,7968.658073,True,False,no_target
80.103065,66,7969.759008,True,False,no_target
103.33039,59,7976.599428,True,False,no_target
127.24472,63,7984.009026,True,False,no_target
108.91607,72,7986.632145,True,False,no_target
98.27118,56,7988.78247,True,False,no_target
106.426544,59,7989.762927,True,False,no_target
129.88148,63,7993.637225,True,False,no_target
-326.6468,13,7997.99384,False,True,no_target
93.384895,72,8003.416294,True,False,no_target
125.00066,65,8004.148326,True,False,no_target
129.08737,70,8011.387926,True,False,no_target
111.21619,73,8012.022213,True,False,no_target
121.71636,63,8013.715772,True,False,no_target
78.2117,56,8017.33529,True,False,no_target
-318.5006,11,8018.618978,False,True,no_target
133.38327,61,8024.931002,True,False,no_target
-313.36807,38,8025.621174,False,True,no_target
120.12339,69,8027.423097,True,False,no_target
-314.00693,24,8028.033422,False,True,no_target
126.0042,61,8030.090186,True,False,no_target
-315.96225,24,8031.472156,False,True,no_target
100.75856,67,8038.128514,True,False,no_target
-301.61624,35,8040.017959,False,True,no_target
73.610535,65,8043.05587,True,False,no_target
79.46549,55,8044.794676,True,False,no_target
-305.75073,36,8060.073509,False,True,no_target
92.23731,57,8060.073509,True,False,no_target
65.515434,57,8062.322928,True,False,no_target
91.278465,58,8065.616909,True,False,no_target
118.557465,66,8066.241632,True,False,no_target
85.95332,59,8067.676722,True,False,no_target
120.22934,73,8072.948366,True,False,no_target
92.46986,62,8080.698138,True,False,no_target
-313.93826,22,8081.236707,False,True,no_target
71.79685,60,8081.236707,True,False,no_target
121.94522,73,8084.226507,True,False,no_target
-319.21057,32,8085.708568,False,True,no_target
-338.90082,32,8092.268393,False,True,no_target
35.323433,55,8093.571048,True,False,no_target
99.02986,60,8096.929478,True,False,no_target
-304.9227,28,8099.040636,False,True,no_target
124.6049,60,8102.839457,True,False,no_target
44.686333,68,8104.547049,True,False,no_target
-320.4803,22,8117.454407,False,True,no_target
121.434814,62,8118.556988,True,False,no_target
119.362114,64,8120.434241,True,False,no_target
84.00143,59,8120.434241,True,False,no_target
-306.1373,36,8124.621594,False,True,no_target
55.89628,62,8130.918781,True,False,no_target
87.49364,78,8133.686983,True,False,no_target
104.01924,60,8133.686983,True,False,no_target
114.69872,59,8134.94047,True,False,no_target
-322.74707,24,8139.12832,False,True,no_target
105.781204,75,8139.607827,True,False,no_target
121.84164,60,8154.819668,True,False,no_target
106.41334,59,8155.804747,True,False,no_target
115.72613,65,8160.234297,True,False,no_target
118.05952,72,8161.318521,True,False,no_target
106.52334,56,8166.890316,True,False,no_target
138.46097,67,8170.256528,True,False,no_target
134.58533,69,8174.608202,True,False,no_target
129.99513,74,8178.966055,True,False,no_target
126.943665,70,8181.718431,True,False,no_target
110.26739,73,8182.934283,True,False,no_target
-318.2328,38,8183.929549,False,True,no_target
118.34818,63,8194.697136,True,False,no_target
-321.77228,18,8195.531718,False,True,no_target
103.61635,60,8197.14166,True,False,no_target
136.30179,70,8198.652252,True,False,no_target
-298.31622,40,8200.163268,False,True,no_target
106.706024,59,8203.582753,True,False,no_target
-320.3858,19,8207.193624,False,True,no_target
103.90972,62,8209.019078,True,False,no_target
81.17092,51,8210.67563,True,False,no_target
96.49455,57,8216.40327,True,False,no_target
-311.5257,33,8219.857154,False,True,no_target
130.55426,62,8221.024967,True,False,no_target
64.85915,57,8230.837244,True,False,no_target
128.23361,64,8233.695264,True,False,no_target
130.02542,64,8236.231865,True,False,no_target
106.11294,57,8237.413298,True,False,no_target
60.64959,65,8244.702728,True,False,no_target
98.965996,64,8246.619307,True,False,no_target
132.04042,62,8247.202007,True,False,no_target
-312.70105,27,8249.271468,False,True,no_target
98.9434,62,8252.621907,True,False,no_target
57.072506,71,8262.263989,True,False,no_target
38.489964,81,8267.271916,True,False,no_target
122.60938,71,8272.1166,True,False,no_target
48.473568,65,8275.176098,True,False,no_target
75.22581,57,8278.133719,True,False,no_target
99.21971,73,8278.624759,True,False,no_target
133.94385,65,8285.512831,True,False,no_target
112.85535,68,8286.615907,True,False,no_target
124.01578,71,8291.43399,True,False,no_target
110.395515,76,8298.132135,True,False,no_target
-327.61462,19,8298.132135,False,True,no_target
105.430046,65,8300.703713,True,False,no_target
123.37175,60,8302.510601,True,False,no_target
115.375496,58,8306.549682,True,False,no_target
64.11721,65,8313.19785,True,False,no_target
136.68373,66,8316.984938,True,False,no_target
62.071625,68,8318.82775,True,False,no_target
111.437874,58,8319.262916,True,False,no_target
113.9358,60,8326.459537,True,False,no_target
-321.51572,13,8327.007841,False,True,no_target
98.01962,60,8332.756199,True,False,no_target
99.89509,62,8333.889248,True,False,no_target
122.732285,60,8335.742786,True,False,no_target
133.9789,60,8337.549433,True,False,no_target
91.61309,57,8339.654208,True,False,no_target
-317.98618,48,8345.253352,False,True,no_target
130.3533,64,8350.923866,True,False,no_target
-351.85428,42,8357.562432,False,True,no_target
123.35131,62,8363.018382,True,False,no_target
94.46039,75,8363.018382,True,False,no_target
110.255455,58,8367.825188,True,False,no_target
33.625313,71,8368.392089,True,False,no_target
112.7749,57,8370.58754,True,False,no_target
119.06029,64,8376.983441,True,False,no_target
-320.19077,12,8377.748265,False,True,no_target
127.23568,74,8379.219603,True,False,no_target
125.99724,60,8380.339018,True,False,no_target
110.56252,62,8386.701092,True,False,no_target
86.02318,64,8394.774105,True,False,no_target
121.63588,58,8396.938511,True,False,no_target
-406.66562,51,8397.7345,False,True,no_target
83.94052,62,8398.532198,True,False,no_target
117.29603,58,8402.034103,True,False,no_target
-353.2958,20,8406.363055,False,True,no_target
100.121475,58,8411.050205,True,False,no_target
68.89698,58,8411.752983,True,False,no_target
75.04498,68,8418.615664,True,False,no_target
-321.63293,14,8419.855529,False,True,no_target
119.17812,69,8420.450876,True,False,no_target
88.5758,65,8425.926098,True,False,no_target
23.542854,56,8431.207466,True,False,no_target
123.61844,65,8438.28442,True,False,no_target
-311.3406,32,8439.850963,False,True,no_target
92.48733,70,8439.850963,True,False,no_target
-307.11206,32,8440.346567,False,True,no_target
122.320244,58,8441.545265,True,False,no_target
87.95239,70,8444.466764,True,False,no_target
88.43723,64,8449.42418,True,False,no_target
-321.03757,17,8450.054238,False,True,no_target
89.72892,58,8453.534116,True,False,no_target
-318.04636,25,8456.025185,False,True,no_target
131.63109,63,8463.410528,True,False,no_target
93.507416,70,8471.840399,True,False,no_target
124.273964,61,8474.132626,True,False,no_target
62.3885,64,8477.572569,True,False,no_target
103.229576,65,8478.190359,True,False,no_target
-304.43515,38,8478.770265,False,True,no_target
102.97329,58,8478.770265,True,False,no_target
-315.5454,16,8483.456748,False,True,no_target
135.53668,64,8488.113018,True,False,no_target
127.54864,59,8488.833429,True,False,no_target
128.54355,66,8488.833429,True,False,no_target
-325.2169,33,8491.806571,False,True,no_target
100.78805,62,8500.664335,True,False,no_target
-310.4336,25,8503.984828,False,True,no_target
118.600685,58,8513.774029,True,False,no_target
85.09224,61,8514.43573,True,False,no_target
86.78542,61,8516.082467,True,False,no_target
126.491035,67,8520.434134,True,False,no_target
106.235085,59,8521.218927,True,False,no_target
94.20046,61,8528.831706,True,False,no_target
46.65662,73,8541.897485,True,False,no_target
135.5318,71,8543.412241,True,False,no_target
58.24159,64,8548.517834,True,False,no_target
130.27821,71,8557.91815,True,False,no_target
112.66133,61,8561.679667,True,False,no_target
83.243935,63,8565.063316,True,False,no_target
37.73724,66,8565.771745,True,False,no_target
76.995895,60,8566.490839,True,False,no_target
71.00558,65,8570.870605,True,False,no_target
123.1337,61,8575.28853,True,False,no_target
-316.58237,29,8578.769863,False,True,no_target
38.216503,59,8583.880028,True,False,no_target
109.57928,65,8590.164384,True,False,no_target
93.63207,62,8594.043976,True,False,no_target
59.52684,63,8605.620576,True,False,no_target
96.85581,66,8611.682851,True,False,no_target
42.53571,67,8611.682851,True,False,no_target
114.22557,65,8614.384803,True,False,no_target
82.409256,77,8616.789431,True,False,no_target
119.04375,65,8618.175196,True,False,no_target
-318.65836,12,8618.636699,False,True,no_target
123.12503,63,8623.200743,True,False,no_target
125.343155,71,8623.811563,True,False,no_target
82.18107,61,8627.024447,True,False,no_target
129.23055,60,8629.091693,True,False,no_target
-372.05795,25,8629.091693,False,True,no_target
109.93322,56,8638.438359,True,False,no_target
104.23676,60,8646.173031,True,False,no_target
116.78837,60,8651.506553,True,False,no_target
83.503006,60,8652.973863,True,False,no_target
115.626564,62,8654.566786,True,False,no_target
107.27303,63,8660.757634,True,False,no_target
116.3473,58,8660.757634,True,False,no_target
129.3629,67,8662.708699,True,False,no_target
51.774178,57,8662.708699,True,False,no_target
-6.541332,80,8675.924344,True,False,no_target
105.724106,70,8679.481554,True,False,no_target
34.997604,64,8684.122101,True,False,no_target
102.33341,57,8686.60027,True,False,no_target
101.792595,61,8687.872356,True,False,no_target
123.559326,65,8693.663246,True,False,no_target
91.48495,57,8694.906692,True,False,no_target
111.47359,60,8698.952297,True,False,no_target
118.66511,66,8700.505407,True,False,no_target
76.82601,71,8705.453628,True,False,no_target
82.90225,60,8712.98986,True,False,no_target
-311.99573,33,8715.866458,False,True,no_target
70.75792,60,8722.594312,True,False,no_target
105.23074,60,8725.524136,True,False,no_target
106.74738,72,8725.524136,True,False,no_target
129.2572,59,8726.347083,True,False,no_target
113.30907,59,8731.894236,True,False,no_target
132.53473,67,8743.934479,True,False,no_target
101.855896,59,8743.934479,True,False,no_target
112.285126,79,8749.115031,True,False,no_target
90.09418,71,8760.778491,True,False,no_target
114.569,58,8761.839715,True,False,no_target
98.8824,80,8763.491167,True,False,no_target
130.85164,66,8763.491167,True,False,no_target
62.621597,64,8764.346982,True,False,no_target
83.152176,69,8767.157059,True,False,no_target
122.07418,66,8771.151508,True,False,no_target
-312.67532,24,8774.288723,False,True,no_target
120.96007,57,8777.416462,True,False,no_target
120.05239,60,8779.13126,True,False,no_target
91.42799,61,8785.165412,True,False,no_target
93.40872,59,8796.741602,True,False,no_target
85.893234,58,8797.801352,True,False,no_target
6.0818305,57,8798.348045,True,False,no_target
117.87941,64,8801.115317,True,False,no_target
82.908875,57,8806.615358,True,False,no_target
101.43607,64,8806.615358,True,False,no_target
129.74759,60,8811.438045,True,False,no_target
115.632545,59,8813.885397,True,False,no_target
113.09505,68,8821.077515,True,False,no_target
115.37893,75,8831.334812,True,False,no_target
46.630024,59,8834.304893,True,False,no_target
100.718864,60,8836.447056,True,False,no_target
25.99405,67,8841.32153,True,False,no_target
90.50561,57,8842.567981,True,False,no_target
57.66907,57,8842.567981,True,False,no_target
109.654366,66,8843.76848,True,False,no_target
-300.3297,41,8847.392736,False,True,no_target
87.035324,60,8848.963635,True,False,no_target
28.486584,70,8857.448905,True,False,no_target
-310.8333,31,8860.724978,False,True,no_target
108.61611,57,8870.05146,True,False,no_target
111.52867,65,8872.932481,True,False,no_target
127.60131,71,8874.741542,True,False,no_target
35.04563,57,8874.742516,True,False,no_target
132.0686,67,8882.355126,True,False,no_target
131.38097,65,8882.355126,True,False,no_target
116.24228,64,8885.028973,True,False,no_target
121.28744,59,8892.491905,True,False,no_target
36.916126,75,8893.616213,True,False,no_target
-337.29984,43,8899.109627,False,True,no_target
-310.69772,36,8903.602155,False,True,no_target
121.18014,72,8903.602155,True,False,no_target
62.878906,58,8909.340488,True,False,no_target
116.84062,68,8910.528112,True,False,no_target
71.772125,60,8910.528112,True,False,no_target
-307.75436,40,8915.630827,False,True,no_target
135.9135,67,8921.42317,True,False,no_target
78.20022,52,8923.659736,True,False,no_target
49.208607,69,8925.54752,True,False,no_target
17.564331,64,8935.987148,True,False,no_target
122.844154,60,8938.515151,True,False,no_target
117.07119,66,8942.005752,True,False,no_target
117.867134,59,8943.586385,True,False,no_target
121.37436,61,8945.847887,True,False,no_target
125.4049,62,8946.485484,True,False,no_target
127.94279,58,8949.425814,True,False,no_target
-320.47424,18,8952.561693,False,True,no_target
-325.72952,26,8953.684767,False,True,no_target
60.71314,58,8958.127189,True,False,no_target
124.71823,63,8958.735134,True,False,no_target
73.41382,58,8959.917558,True,False,no_target
-330.10248,29,8964.297251,False,True,no_target
92.4259,58,8970.703045,True,False,no_target
-318.72357,26,8974.165873,False,True,no_target
126.97122,65,8982.396297,True,False,no_target
84.57003,61,8982.396297,True,False,no_target
123.828865,59,8984.710953,True,False,no_target
-312.5408,24,8988.259761,False,True,no_target
133.55789,68,8993.156613,True,False,no_target
133.38368,67,8993.708542,True,False,no_target
117.52039,63,8995.502266,True,False,no_target
77.924675,58,8998.3486,True,False,no_target
110.536896,66,8998.854908,True,False,no_target
-367.76926,28,8998.854908,False,True,no_target
119.547386,56,9003.640841,True,False,no_target
-312.14752,17,9005.417347,False,True,no_target
-304.1457,35,9005.417347,False,True,no_target
126.90913,64,9020.457309,True,False,no_target
130.28214,62,9025.865256,True,False,no_target
-322.77478,15,9029.930201,False,True,no_target
79.24071,53,9031.089881,True,False,no_target
121.72255,64,9032.210227,True,False,no_target
75.78438,59,9034.017193,True,False,no_target
82.0441,68,9034.018161,True,False,no_target
105.13842,59,9034.61043,True,False,no_target
78.35865,58,9038.943596,True,False,no_target
65.546906,56,9039.680762,True,False,no_target
113.77264,58,9040.614676,True,False,no_target
85.84215,56,9064.047678,True,False,no_target
138.14563,67,9065.13527,True,False,no_target
111.849495,57,9067.478466,True,False,no_target
52.875374,59,9068.753902,True,False,no_target
114.537155,69,9070.54259,True,False,no_target
110.50849,66,9071.204991,True,False,no_target
128.07082,65,9072.899547,True,False,no_target
104.254814,62,9075.356243,True,False,no_target
119.06949,61,9075.356243,True,False,no_target
114.08067,61,9076.593401,True,False,no_target
-313.26346,25,9078.94707,False,True,no_target
-315.30957,21,9089.252169,False,True,no_target
-297.6677,39,9089.884317,False,True,no_target
-313.4136,24,9103.816722,False,True,no_target
56.90863,56,9103.816722,True,False,no_target
43.296642,58,9106.677059,True,False,no_target
111.7044,64,9110.819942,True,False,no_target
96.69064,64,9112.367134,True,False,no_target
13.977383,60,9112.367134,True,False,no_target
64.166176,76,9114.198406,True,False,no_target
-353.3974,19,9114.758799,False,True,no_target
117.392586,69,9118.712058,True,False,no_target
124.59465,68,9120.555651,True,False,no_target
128.25317,67,9129.770647,True,False,no_target
117.952385,60,9138.961796,True,False,no_target
-297.24075,33,9140.047176,False,True,no_target
68.58713,64,9144.097548,True,False,no_target
-319.36047,26,9144.662483,False,True,no_target
52.294113,60,9147.893094,True,False,no_target
89.073944,59,9149.19663,True,False,no_target
114.028885,65,9149.19663,True,False,no_target
24.311882,63,9149.843396,True,False,no_target
66.31966,59,9153.584718,True,False,no_target
110.64273,69,9155.596646,True,False,no_target
-318.13678,13,9157.362355,False,True,no_target
-334.8441,18,9160.093838,False,True,no_target
-314.91226,29,9162.225635,False,True,no_target
-314.17746,26,9171.10305,False,True,no_target
-316.20892,32,9172.660284,False,True,no_target
-330.35876,19,9173.141456,False,True,no_target
36.369205,61,9175.040187,True,False,no_target
-304.88223,35,9177.881432,False,True,no_target
114.98208,66,9179.026532,True,False,no_target
126.234344,60,9179.672413,True,False,no_target
113.26754,60,9183.209359,True,False,no_target
-317.14737,21,9185.515113,False,True,no_target
111.46982,64,9186.664792,True,False,no_target
71.41509,62,9196.226706,True,False,no_target
-370.25894,41,9196.941566,False,True,no_target
-382.5628,34,9199.388568,False,True,no_target
62.55534,61,9211.766201,True,False,no_target
78.74925,59,9213.191579,True,False,no_target
121.53026,59,9215.011951,True,False,no_target
75.36952,54,9215.645909,True,False,no_target
-309.47757,31,9215.645909,False,True,no_target
116.26388,76,9216.210097,True,False,no_target
45.64516,58,9220.551153,True,False,no_target
108.64124,56,9220.551153,True,False,no_target
-313.12894,23,9229.567978,False,True,no_target
-347.87894,18,9231.501271,False,True,no_target
-330.9173,30,9234.374663,False,True,no_target
124.94234,64,9235.049734,True,False,no_target
87.79736,62,9236.86079,True,False,no_target
-307.60208,39,9239.202772,False,True,no_target
-330.89288,18,9245.39175,False,True,no_target
126.20441,57,9247.146138,True,False,no_target
127.107285,60,9247.146138,True,False,no_target
110.646194,59,9250.020187,True,False,no_target
-306.79755,30,9256.870231,False,True,no_target
133.16139,67,9260.256912,True,False,no_target
29.581665,56,9262.703333,True,False,no_target
-328.1028,31,9265.620899,False,True,no_target
116.01864,65,9270.306521,True,False,no_target
128.27509,60,9270.306521,True,False,no_target
-317.1044,24,9271.456474,False,True,no_target
37.399563,65,9275.653556,True,False,no_target
73.11301,56,9281.102394,True,False,no_target
39.802715,56,9283.979732,True,False,no_target
79.59858,66,9284.795034,True,False,no_target
28.14866,58,9295.233186,True,False,no_target
-326.49258,21,9297.705599,False,True,no_target
107.098335,60,9298.874392,True,False,no_target
-315.79034,26,9299.420975,False,True,no_target
74.863075,61,9302.416927,True,False,no_target
75.54391,55,9303.007694,True,False,no_target
68.75187,56,9304.772614,True,False,no_target
52.679848,63,9307.745988,True,False,no_target
-311.83514,28,9314.435393,False,True,no_target
123.53485,59,9316.189692,True,False,no_target
104.02692,70,9317.025208,True,False,no_target
-353.52145,44,9321.600282,False,True,no_target
-324.67545,45,9326.680491,False,True,no_target
68.60359,63,9337.134707,True,False,no_target
77.76313,53,9337.134707,True,False,no_target
37.807438,58,9337.856054,True,False,no_target
85.509544,58,9338.512887,True,False,no_target
-301.20685,37,9338.96151,False,True,no_target
110.3942,63,9346.204393,True,False,no_target
-325.43802,22,9350.16407,False,True,no_target
-313.37463,23,9351.330625,False,True,no_target
83.30621,62,9351.961208,True,False,no_target
-323.76703,14,9354.578319,False,True,no_target
-312.16098,29,9356.358392,False,True,no_target
110.12145,60,9357.96462,True,False,no_target
127.593445,71,9360.634356,True,False,no_target
105.63006,61,9363.330741,True,False,no_target
-310.01743,20,9367.073784,False,True,no_target
-332.46786,23,9374.374012,False,True,no_target
67.44769,62,9374.374012,True,False,no_target
135.14307,67,9378.009622,True,False,no_target
-312.48596,26,9378.562299,False,True,no_target
71.32765,57,9383.830766,True,False,no_target
57.58372,57,9385.174646,True,False,no_target
111.33646,60,9387.783421,True,False,no_target
-314.19147,23,9387.783421,False,True,no_target
112.15984,60,9391.925774,True,False,no_target
-437.26343,59,9393.558393,False,True,no_target
-374.1397,48,9394.997977,False,True,no_target
-321.15305,14,9401.428912,False,True,no_target
36.57013,58,9408.602302,True,False,no_target
-325.88147,38,9410.473915,False,True,no_target
-360.67227,36,9413.136699,False,True,no_target
105.26984,60,9413.685844,True,False,no_target
130.97289,60,9414.27121,True,False,no_target
-326.5497,15,9417.394385,False,True,no_target
-323.48746,13,9421.479837,False,True,no_target
73.068146,62,9422.182101,True,False,no_target
68.5191,65,9422.734084,True,False,no_target
-306.41498,38,9423.87488,False,True,no_target
-318.92813,23,9423.87488,False,True,no_target
-315.50024,18,9425.004326,False,True,no_target
127.50436,63,9425.004326,True,False,no_target
72.823105,63,9432.263151,True,False,no_target
-306.06647,36,9434.341761,False,True,no_target
-311.36243,29,9440.962348,False,True,no_target
-363.97662,36,9443.073014,False,True,no_target
25.783724,60,9452.785915,True,False,no_target
-319.45483,17,9453.415626,False,True,no_target
24.238192,57,9455.737372,True,False,no_target
99.95341,55,9457.88071,True,False,no_target
-0.4483904,63,9460.203992,True,False,no_target
78.702995,62,9460.705938,True,False,no_target
71.38876,61,9461.426296,True,False,no_target
-318.45737,43,9466.895273,False,True,no_target
55.78831,62,9471.603739,True,False,no_target
98.69704,67,9472.27265,True,False,no_target
-319.79956,21,9479.199418,False,True,no_target
-314.9564,31,9479.199418,False,True,no_target
-332.74957,25,9487.080714,False,True,no_target
101.30174,57,9487.828032,True,False,no_target
102.87886,59,9488.5775,True,False,no_target
71.34547,58,9492.60086,True,False,no_target
58.013134,56,9494.870774,True,False,no_target
130.83073,67,9495.422442,True,False,no_target
-352.77847,29,9496.607662,False,True,no_target
50.25925,67,9500.149736,True,False,no_target
29.206242,61,9507.733252,True,False,no_target
-300.2127,40,9510.731202,False,True,no_target
-323.3904,35,9516.09322,False,True,no_target
121.64296,63,9516.942765,True,False,no_target
-391.47937,46,9522.479819,False,True,no_target
127.68556,67,9527.882697,True,False,no_target
46.531902,60,9528.543555,True,False,no_target
49.48003,67,9528.543555,True,False,no_target
73.19913,55,9529.811881,True,False,no_target
-306.3894,32,9530.446825,False,True,no_target
120.286964,65,9539.035184,True,False,no_target
48.29767,56,9541.290234,True,False,no_target
-342.13992,31,9547.837253,False,True,no_target
123.24797,60,9552.882389,True,False,no_target
80.55608,67,9556.505468,True,False,no_target
-310.49863,31,9557.800705,False,True,no_target
110.53685,62,9559.535132,True,False,no_target
58.375767,56,9561.326803,True,False,no_target
92.99924,61,9564.988362,True,False,no_target
119.968155,60,9566.01003,True,False,no_target
-49.805836,66,9567.583349,True,False,no_target
-16.384157,53,9572.989829,True,False,no_target
-326.00705,18,9575.181738,False,True,no_target
-321.93237,15,9576.274322,False,True,no_target
-389.73895,43,9578.028928,False,True,no_target
-314.6013,19,9586.637163,False,True,no_target
-435.61905,78,9593.982442,False,True,no_target
83.95759,64,9593.982442,True,False,no_target
22.57862,60,9594.555686,True,False,no_target
121.98657,70,9598.988924,True,False,no_target
107.3648,73,9603.935424,True,False,no_target
68.00472,58,9606.440737,True,False,no_target
129.82042,73,9608.192721,True,False,no_target
-299.56876,38,9608.192721,False,True,no_target
69.48567,57,9611.30847,True,False,no_target
-379.16916,62,9612.656106,False,True,no_target
-379.32272,33,9613.216675,False,True,no_target
-354.7537,21,9619.423854,False,True,no_target
88.107796,63,9631.80331,True,False,no_target
83.682144,55,9631.80331,True,False,no_target
123.796555,65,9633.426103,True,False,no_target
55.254578,59,9639.548976,True,False,no_target
-436.07364,41,9644.781824,False,True,no_target
133.8891,61,9645.721131,True,False,no_target
-307.97498,27,9647.86581,False,True,no_target
139.3294,66,9648.396139,True,False,no_target
48.87427,64,9650.15411,True,False,no_target
128.92087,64,9651.970367,True,False,no_target
129.89485,67,9653.176622,True,False,no_target
-301.65625,39,9656.863703,False,True,no_target
-317.9683,31,9658.256389,False,True,no_target
-315.93887,23,9662.13831,False,True,no_target
-317.31284,36,9669.144469,False,True,no_target
-511.3731,74,9675.797484,False,True,no_target
-321.25613,46,9680.676921,False,True,no_target
75.38574,64,9683.40384,True,False,no_target
45.13348,60,9687.796766,True,False,no_target
118.63126,75,9689.094866,True,False,no_target
-322.40787,15,9692.597118,False,True,no_target
-3.1705782,62,9693.800991,True,False,no_target
133.04483,61,9694.215168,True,False,no_target
-371.13937,32,9694.625651,False,True,no_target
110.50851,77,9695.785805,True,False,no_target
-328.01007,19,9699.257418,False,True,no_target
74.86398,54,9701.188172,True,False,no_target
-314.7397,17,9702.944193,False,True,no_target
120.10222,69,9703.760362,True,False,no_target
-318.37912,26,9709.535755,False,True,no_target
84.22684,61,9717.493553,True,False,no_target
75.91071,61,9725.711764,True,False,no_target
62.37416,58,9729.309235,True,False,no_target
57.731686,56,9735.015239,True,False,no_target
-367.08868,65,9735.015239,False,True,no_target
115.49994,68,9735.598863,True,False,no_target
104.38276,54,9735.598863,True,False,no_target
-325.56274,33,9736.711945,False,True,no_target
95.916,64,9737.38797,True,False,no_target
123.91606,63,9740.120846,True,False,no_target
-13.261988,58,9743.545675,True,False,no_target
-320.415,13,9744.801703,False,True,no_target
-310.74487,34,9755.343879,False,True,no_target
-344.19543,36,9756.54184,False,True,no_target
-317.38208,27,9756.54184,False,True,no_target
131.98106,64,9763.18454,True,False,no_target
78.740585,63,9766.258191,True,False,no_target
-311.00366,21,9768.679106,False,True,no_target
74.64356,55,9769.165029,True,False,no_target
54.197952,58,9769.700303,True,False,no_target
123.86807,60,9770.801112,True,False,no_target
82.77535,60,9779.188459,True,False,no_target
120.480965,59,9779.790405,True,False,no_target
80.82263,57,9789.863264,True,False,no_target
112.359985,73,9798.305093,True,False,no_target
118.052086,61,9805.590095,True,False,no_target
56.988754,69,9807.464448,True,False,no_target
58.71649,62,9807.923239,True,False,no_target
81.93681,66,9809.058135,True,False,no_target
84.71643,80,9810.568805,True,False,no_target
-336.55515,35,9810.568805,False,True,no_target
53.104504,54,9811.849947,True,False,no_target
-408.16788,82,9817.142827,False,True,no_target
83.95004,65,9817.895385,True,False,no_target
-304.52014,31,9823.49513,False,True,no_target
-345.552,33,9828.440402,False,True,no_target
-320.29858,13,9831.42751,False,True,no_target
-315.565,27,9833.283219,False,True,no_target
82.03129,61,9834.356767,True,False,no_target
-329.1458,38,9840.200003,False,True,no_target
108.15115,56,9840.791698,True,False,no_target
110.25158,57,9840.791698,True,False,no_target
-341.03558,23,9846.824372,False,True,no_target
73.96334,61,9846.824372,True,False,no_target
125.35475,65,9848.820708,True,False,no_target
-455.6557,73,9855.200086,False,True,no_target
-332.11948,16,9856.327127,False,True,no_target
-319.50146,16,9858.559596,False,True,no_target
-361.92368,35,9861.098949,False,True,no_target
123.12151,58,9863.127749,True,False,no_target
40.273438,55,9867.056974,True,False,no_target
-334.6756,16,9870.630917,False,True,no_target
145.20021,67,9871.165042,True,False,no_target
100.638016,57,9874.830436,True,False,no_target
133.44958,67,9880.71879,True,False,no_target
-352.71338,23,9888.954963,False,True,no_target
103.871544,56,9889.976905,True,False,no_target
-312.71378,39,9890.569273,False,True,no_target
92.304955,59,9890.569273,True,False,no_target
69.34133,83,9896.369809,True,False,no_target
129.39627,64,9896.938385,True,False,no_target
-408.77335,68,9903.394473,False,True,no_target
122.04059,69,9912.627275,True,False,no_target
-349.9969,27,9913.291931,False,True,no_target
139.73119,72,9914.068791,True,False,no_target
81.0992,57,9915.128197,True,False,no_target
-308.10477,43,9916.476034,False,True,no_target
-311.19073,16,9923.690511,False,True,no_target
50.00765,59,9925.46749,True,False,no_target
54.943893,61,9925.46749,True,False,no_target
62.20862,61,9927.285941,True,False,no_target
-334.46848,24,9927.285941,False,True,no_target
-323.8736,20,9937.349806,False,True,no_target
132.77876,68,9937.349806,True,False,no_target
102.33959,60,9939.705023,True,False,no_target
-315.99292,22,9940.236104,False,True,no_target
-328.079,37,9945.298894,False,True,no_target
-320.031,14,9948.303855,False,True,no_target
-322.785,16,9949.037283,False,True,no_target
141.19522,66,9953.094229,True,False,no_target
139.47821,65,9954.009396,True,False,no_target
-316.23325,30,9955.246025,False,True,no_target
117.25609,66,9955.826357,True,False,no_target
65.430824,58,9961.458755,True,False,no_target
40.360916,65,9964.113,True,False,no_target
110.53795,60,9973.006783,True,False,no_target
-385.8832,42,9973.756362,False,True,no_target
76.50242,59,9980.680175,True,False,no_target
-325.1397,18,9985.584185,False,True,no_target
86.23125,61,9985.584185,True,False,no_target
117.973236,59,9988.364913,True,False,no_target
103.58131,59,9989.822537,True,False,no_target
107.244774,64,9994.054911,True,False,no_target
84.11203,63,9994.054911,True,False,no_target
78.22169,60,10000.529052,True,False,no_target
81.877594,70,10004.315741,True,False,no_target
-306.76965,40,10005.405485,False,True,no_target
68.67926,56,10006.863748,True,False,no_target
-364.7204,36,10011.344585,False,True,no_target
-319.74402,19,10016.637142,False,True,no_target
134.97539,59,10020.974865,True,False,no_target
55.65231,60,10021.528597,True,False,no_target
64.02031,63,10026.361468,True,False,no_target
-314.1774,17,10026.910751,False,True,no_target
112.54816,57,10028.001355,True,False,no_target
68.04686,58,10028.611401,True,False,no_target
-320.9164,15,10029.811668,False,True,no_target
-364.10364,41,10036.191119,False,True,no_target
-318.6041,11,10036.863929,False,True,no_target
79.47582,61,10037.247796,True,False,no_target
101.571815,57,10041.206537,True,False,no_target
63.083366,66,10043.398912,True,False,no_target
-339.2254,38,10044.031366,False,True,no_target
-312.02658,23,10050.984584,False,True,no_target
-313.78574,36,10058.004149,False,True,no_target
-313.05786,43,10061.530839,False,True,no_target
71.63898,60,10062.718391,True,False,no_target
62.580204,61,10062.718391,True,False,no_target
31.019524,57,10062.718391,True,False,no_target
-311.87595,32,10062.718391,False,True,no_target
43.075832,61,10064.534399,True,False,no_target
-326.94177,18,10073.773568,False,True,no_target
105.42974,61,10080.761919,True,False,no_target
52.608433,67,10081.3972,True,False,no_target
-302.3682,33,10082.710752,False,True,no_target
79.85121,60,10086.905921,True,False,no_target
-317.00208,25,10088.59306,False,True,no_target
49.41447,57,10095.572547,True,False,no_target
-365.07693,64,10096.27957,False,True,no_target
-317.47903,26,10096.27957,False,True,no_target
-319.58014,14,10096.7493,False,True,no_target
-312.38013,17,10096.7493,False,True,no_target
120.99224,59,10097.763984,True,False,no_target
89.76512,57,10098.292364,True,False,no_target
122.99153,61,10099.093956,True,False,no_target
-322.84207,15,10107.207307,False,True,no_target
12.000105,51,10111.323392,True,False,no_target
-304.0455,37,10118.694774,False,True,no_target
136.55792,62,10119.350425,True,False,no_target
-317.46127,15,10120.631127,False,True,no_target
-363.899,41,10120.631127,False,True,no_target
-364.86722,40,10120.631127,False,True,no_target
-318.12454,34,10127.975115,False,True,no_target
113.959335,58,10130.628451,True,False,no_target
-313.1225,19,10131.345232,False,True,no_target
32.423397,59,10131.92581,True,False,no_target
100.54774,55,10132.350596,True,False,no_target
-322.0325,26,10135.393307,False,True,no_target
-318.43976,25,10136.967996,False,True,no_target
122.77622,63,10136.967996,True,False,no_target
-313.6722,22,10144.630656,False,True,no_target
-319.0894,25,10147.724644,False,True,no_target
-323.48557,28,10150.236002,False,True,no_target
124.43522,59,10157.355742,True,False,no_target
-315.393,16,10157.355742,False,True,no_target
78.59522,68,10162.913022,True,False,no_target
64.82221,58,10164.349971,True,False,no_target
-330.84155,27,10166.598779,False,True,no_target
51.400894,62,10169.394938,True,False,no_target
47.549225,56,10169.394938,True,False,no_target
86.36928,62,10174.607887,True,False,no_target
79.88267,64,10175.599755,True,False,no_target
-306.1038,24,10177.154849,False,True,no_target
-324.7656,20,10181.195818,False,True,no_target
-302.06522,41,10182.001991,False,True,no_target
93.30215,63,10182.774138,True,False,no_target
-313.0625,27,10185.909446,False,True,no_target
-316.19153,16,10186.923109,False,True,no_target
-310.5288,36,10187.997724,False,True,no_target
108.90121,60,10193.440172,True,False,no_target
-313.12296,33,10195.006682,False,True,no_target
-302.26544,29,10199.58709,False,True,no_target
125.42112,59,10199.58709,True,False,no_target
-299.74808,36,10202.774601,False,True,no_target
-320.15826,35,10207.611032,False,True,no_target
-307.62503,43,10208.213659,False,True,no_target
120.67383,59,10209.529305,True,False,no_target
-315.39896,24,10209.529305,False,True,no_target
-321.57672,16,10212.564193,False,True,no_target
-315.1832,17,10218.771473,False,True,no_target
54.20801,62,10225.059806,True,False,no_target
72.553505,61,10230.188347,True,False,no_target
31.929157,74,10230.188347,True,False,no_target
55.067116,60,10235.623104,True,False,no_target
129.44362,62,10237.093351,True,False,no_target
-321.7271,32,10238.311667,False,True,no_target
-316.65894,22,10238.895275,False,True,no_target
43.009617,56,10242.100857,True,False,no_target
77.76105,58,10245.140694,True,False,no_target
97.45527,55,10246.597168,True,False,no_target
80.04179,65,10250.290199,True,False,no_target
-296.171,33,10251.337205,False,True,no_target
-315.12274,24,10251.337205,False,True,no_target
-331.4314,25,10254.625966,False,True,no_target
-315.1751,26,10259.394854,False,True,no_target
-392.221,37,10263.26692,False,True,no_target
-328.8444,18,10263.26692,False,True,no_target
-320.16418,16,10265.161248,False,True,no_target
-317.23254,23,10266.477035,False,True,no_target
116.08562,62,10270.405688,True,False,no_target
-314.066,42,10274.305961,False,True,no_target
56.47967,59,10275.528075,True,False,no_target
-315.33472,15,10285.123826,False,True,no_target
-335.6379,39,10285.787529,False,True,no_target
135.51868,63,10287.707645,True,False,no_target
127.07166,60,10290.296287,True,False,no_target
60.712513,55,10301.735928,True,False,no_target
77.93329,58,10301.735928,True,False,no_target
-319.15823,30,10304.943051,False,True,no_target
72.95087,48,10307.094146,True,False,no_target
123.22322,62,10307.094146,True,False,no_target
138.62161,68,10307.666406,True,False,no_target
12.81632,59,10308.944891,True,False,no_target
95.88729,54,10324.486844,True,False,no_target
125.23844,60,10325.662067,True,False,no_target
62.584858,64,10325.662067,True,False,no_target
-303.88773,34,10326.267066,False,True,no_target
-337.67352,34,10329.15877,False,True,no_target
84.30685,56,10336.246615,True,False,no_target
125.24288,61,10339.404752,True,False,no_target
84.774414,56,10341.707979,True,False,no_target
-322.66696,25,10344.000631,False,True,no_target
117.27624,64,10346.435409,True,False,no_target
-340.8544,78,10356.898911,False,True,no_target
-320.79153,23,10357.775172,False,True,no_target
115.179825,60,10359.611568,True,False,no_target
-319.40662,28,10362.445588,False,True,no_target
29.62069,63,10363.006961,True,False,no_target
137.05658,65,10363.708954,True,False,no_target
-34.091473,67,10365.123304,True,False,no_target
-322.58685,20,10371.306144,False,True,no_target
47.54087,60,10373.698274,True,False,no_target
-321.99454,18,10376.657799,False,True,no_target
132.47147,60,10377.300035,True,False,no_target
-310.82526,37,10386.541023,False,True,no_target
-321.9872,45,10387.533113,False,True,no_target
120.19663,70,10387.533113,True,False,no_target
-316.01175,27,10405.09472,False,True,no_target
93.442314,63,10406.649387,True,False,no_target
84.011314,62,10407.266702,True,False,no_target
69.989075,63,10414.872847,True,False,no_target
100.46557,72,10416.101426,True,False,no_target
114.257164,58,10417.397359,True,False,no_target
-327.31183,15,10418.181057,False,True,no_target
114.56444,60,10418.181057,True,False,no_target
-312.12674,20,10421.034332,False,True,no_target
124.30705,70,10422.379839,True,False,no_target
-321.29202,15,10426.340435,False,True,no_target
86.38898,71,10434.039622,True,False,no_target
18.481384,69,10434.039622,True,False,no_target
-312.64697,25,10434.706614,False,True,no_target
-315.76907,30,10440.434643,False,True,no_target
-303.2941,29,10441.078066,False,True,no_target
-313.07562,27,10444.163769,False,True,no_target
-334.44208,17,10445.823602,False,True,no_target
83.354385,62,10447.986845,True,False,no_target
22.924623,60,10455.252582,True,False,no_target
109.848854,60,10458.057246,True,False,no_target
-318.8096,24,10464.192262,False,True,no_target
-300.79327,39,10467.204733,False,True,no_target
-294.41895,37,10469.142257,False,True,no_target
-422.8596,80,10471.729961,False,True,no_target
-305.99228,39,10471.729961,False,True,no_target
44.238403,57,10472.274702,True,False,no_target
59.127716,59,10474.153149,True,False,no_target
44.267326,60,10481.351831,True,False,no_target
-311.36383,25,10483.634303,False,True,no_target
-316.3751,19,10486.621989,False,True,no_target
-298.2245,36,10495.18553,False,True,no_target
112.097534,59,10496.255733,True,False,no_target
-297.58426,40,10498.16156,False,True,no_target
61.76355,70,10500.410115,True,False,no_target
-298.98773,38,10505.158605,False,True,no_target
-312.76056,31,10505.985414,False,True,no_target
105.847885,57,10508.111543,True,False,no_target
-320.72327,12,10508.111543,False,True,no_target
102.43078,71,10509.220019,True,False,no_target
80.00021,49,10514.470312,True,False,no_target
-311.6089,26,10514.470312,False,True,no_target
-312.56152,35,10518.203663,False,True,no_target
84.79248,77,10518.203663,True,False,no_target
-318.37396,17,10520.14595,False,True,no_target
-316.003,24,10523.471012,False,True,no_target
-315.47702,31,10525.234749,False,True,no_target
-328.90942,20,10527.268324,False,True,no_target
-315.5492,31,10528.037257,False,True,no_target
115.81782,61,10533.513005,True,False,no_target
46.863644,57,10541.842052,True,False,no_target
-313.40814,35,10547.128363,False,True,no_target
110.29034,63,10554.204721,True,False,no_target
-310.46442,21,10555.616516,False,True,no_target
122.56588,63,10557.710021,True,False,no_target
119.297195,63,10557.710021,True,False,no_target
123.10791,60,10560.579905,True,False,no_target
106.354164,58,10563.059544,True,False,no_target
99.19454,73,10565.184303,True,False,no_target
123.58905,62,10565.795181,True,False,no_target
-311.1338,32,10566.404703,False,True,no_target
-316.0934,23,10568.215352,False,True,no_target
70.1925,61,10570.960558,True,False,no_target
-320.45612,14,10576.768049,False,True,no_target
-309.31015,24,10577.506544,False,True,no_target
-323.86133,38,10577.984203,False,True,no_target
-330.26956,32,10585.49702,False,True,no_target
-322.3041,18,10588.884768,False,True,no_target
108.93458,60,10593.612157,True,False,no_target
62.952568,56,10594.202462,True,False,no_target
-359.98483,40,10594.849283,False,True,no_target
110.32951,63,10595.456274,True,False,no_target
94.89891,60,10602.90508,True,False,no_target
61.416157,70,10608.542019,True,False,no_target
65.47841,54,10609.779078,True,False,no_target
-312.79285,25,10610.380359,False,True,no_target
-330.57776,29,10612.154588,False,True,no_target
104.63457,57,10612.816096,True,False,no_target
89.97817,53,10618.494495,True,False,no_target
-327.26797,39,10620.116531,False,True,no_target
98.106445,59,10625.360718,True,False,no_target
-318.40488,18,10630.776952,False,True,no_target
-332.24435,30,10630.77872,False,True,no_target
117.35248,59,10631.3061,True,False,no_target
-312.9284,35,10631.3061,False,True,no_target
84.90051,58,10638.583975,True,False,no_target
31.775494,53,10641.368768,True,False,no_target
110.870285,58,10644.774666,True,False,no_target
90.480774,67,10654.319427,True,False,no_target
132.68846,60,10656.081524,True,False,no_target
39.498806,51,10657.772248,True,False,no_target
-331.13834,30,10662.90905,False,True,no_target
-308.74713,33,10662.90905,False,True,no_target
100.94687,55,10665.353641,True,False,no_target
104.41818,57,10666.742808,True,False,no_target
35.629566,64,10671.129423,True,False,no_target
127.93136,64,10671.129423,True,False,no_target
-320.21408,30,10671.750989,False,True,no_target
-325.9842,14,10673.457276,False,True,no_target
119.55345,61,10676.521522,True,False,no_target
-371.23596,25,10681.382862,False,True,no_target
-315.4697,31,10689.106764,False,True,no_target
119.38394,60,10691.294868,True,False,no_target
102.03419,57,10691.294868,True,False,no_target
83.95393,52,10693.722713,True,False,no_target
-296.12094,38,10698.862669,False,True,no_target
130.59047,64,10700.69293,True,False,no_target
74.862976,51,10701.975778,True,False,no_target
-322.90482,21,10703.648707,False,True,no_target
108.09362,63,10708.32952,True,False,no_target
129.51602,66,10712.548413,True,False,no_target
95.963875,62,10717.989578,True,False,no_target
-311.59576,36,10722.054454,False,True,no_target
68.089195,59,10724.383186,True,False,no_target
-322.48386,11,10724.383186,False,True,no_target
-313.60675,27,10728.818969,False,True,no_target
86.73189,65,10729.668194,True,False,no_target
93.21229,63,10730.794739,True,False,no_target
110.54817,58,10733.345475,True,False,no_target
-319.42697,22,10737.197322,False,True,no_target
116.89571,59,10738.309437,True,False,no_target
86.899376,63,10738.756096,True,False,no_target
115.00805,64,10745.973847,True,False,no_target
-332.85858,60,10760.167174,False,True,no_target
35.44866,59,10768.538527,True,False,no_target
84.435295,58,10769.050137,True,False,no_target
29.859468,62,10769.050137,True,False,no_target
-356.6964,70,10769.514483,False,True,no_target
74.98769,59,10772.298389,True,False,no_target
109.562325,59,10776.801405,True,False,no_target
5.1926227,57,10776.801405,True,False,no_target
120.72171,59,10778.410257,True,False,no_target
-317.24997,13,10781.043026,False,True,no_target
-334.35455,19,10781.887685,False,True,no_target
69.00558,57,10785.699373,True,False,no_target
-318.8491,14,10786.511336,False,True,no_target
-314.81076,36,10791.772537,False,True,no_target
-317.16522,32,10797.262892,False,True,no_target
35.640224,60,10798.914101,True,False,no_target
-322.44818,29,10803.704056,False,True,no_target
93.44677,59,10806.244427,True,False,no_target
125.54926,69,10813.238008,True,False,no_target
58.85042,51,10813.238008,True,False,no_target
54.854862,56,10814.170144,True,False,no_target
7.763547,53,10814.170144,True,False,no_target
-318.3406,17,10815.142977,False,True,no_target
-317.66867,22,10821.777375,False,True,no_target
111.609436,62,10825.288512,True,False,no_target
-394.2904,27,10832.85824,False,True,no_target
69.83866,60,10835.83562,True,False,no_target
109.21367,70,10836.403588,True,False,no_target
-322.0728,26,10837.576541,False,True,no_target
114.2442,61,10838.158686,True,False,no_target
-313.56665,29,10843.631986,False,True,no_target
91.44113,55,10850.019071,True,False,no_target
67.82462,58,10851.04008,True,False,no_target
124.25308,59,10851.589084,True,False,no_target
-315.15588,22,10852.057877,False,True,no_target
102.95761,60,10852.726106,True,False,no_target
-378.27988,45,10860.546725,False,True,no_target
-357.44943,50,10866.322153,False,True,no_target
-321.41122,20,10872.094598,False,True,no_target
68.96092,58,10872.683589,True,False,no_target
121.711914,63,10874.487183,True,False,no_target
-359.28113,40,10876.435409,False,True,no_target
106.43048,57,10877.95902,True,False,no_target
-384.61194,48,10880.863914,False,True,no_target
-323.68372,25,10881.450341,False,True,no_target
82.97946,58,10884.785296,True,False,no_target
29.69543,57,10885.561119,True,False,no_target
96.04768,62,10889.684483,True,False,no_target
-391.81113,32,10895.153045,False,True,no_target
-317.2791,37,10896.455446,False,True,no_target
-321.2678,28,10899.003627,False,True,no_target
-361.05936,27,10899.003627,False,True,no_target
110.149635,58,10908.722731,True,False,no_target
50.08731,56,10912.722829,True,False,no_target
58.733856,61,10914.530337,True,False,no_target
83.73458,54,10918.071986,True,False,no_target
90.89678,58,10920.667407,True,False,no_target
30.047985,55,10922.367436,True,False,no_target
-324.19183,20,10926.365818,False,True,no_target
46.444233,58,10934.241264,True,False,no_target
29.366053,57,10940.359308,True,False,no_target
62.075424,65,10950.893906,True,False,no_target
129.98651,69,10950.893906,True,False,no_target
-319.19037,28,10961.927896,False,True,no_target
126.28102,63,10967.459608,True,False,no_target
75.63257,61,10970.484654,True,False,no_target
90.86606,60,10975.309848,True,False,no_target
34.216705,59,10977.953564,True,False,no_target
-353.7123,38,10982.347891,False,True,no_target
91.46651,57,10985.619757,True,False,no_target
57.839756,55,10992.104599,True,False,no_target
-522.1229,82,10993.271923,False,True,no_target
-0.89190614,72,10997.506498,True,False,no_target
-324.53967,34,10998.123079,False,True,no_target
79.75169,58,10999.296523,True,False,no_target
99.640144,58,11002.571648,True,False,no_target
96.17318,55,11003.722059,True,False,no_target
-334.1385,38,11005.000535,False,True,no_target
-316.358,18,11009.581968,False,True,no_target
-344.1932,34,11012.986527,False,True,no_target
84.79386,64,11014.221507,True,False,no_target
106.36306,58,11020.755456,True,False,no_target
60.599953,52,11025.120441,True,False,no_target
48.818695,50,11032.724693,True,False,no_target
3.6105082,58,11034.39372,True,False,no_target
34.514935,62,11035.016223,True,False,no_target
-301.17947,37,11042.888192,False,True,no_target
28.219572,67,11044.264362,True,False,no_target
122.77305,59,11044.999828,True,False,no_target
61.919292,56,11046.776226,True,False,no_target
69.86964,55,11047.187378,True,False,no_target
80.005264,72,11048.434538,True,False,no_target
-319.7458,24,11061.493309,False,True,no_target
135.80315,69,11067.126918,True,False,no_target
85.70784,58,11068.42341,True,False,no_target
89.53457,54,11068.42341,True,False,no_target
-323.59424,35,11068.988631,False,True,no_target
66.894226,59,11070.548774,True,False,no_target
88.4869,59,11079.045212,True,False,no_target
-48.03165,62,11081.931781,True,False,no_target
-333.82742,27,11083.20772,False,True,no_target
85.57615,58,11083.753681,True,False,no_target
106.22673,64,11083.753681,True,False,no_target
109.00509,58,11095.878405,True,False,no_target
53.275875,56,11100.963781,True,False,no_target
123.34049,60,11104.248108,True,False,no_target
111.6611,59,11105.371053,True,False,no_target
42.955425,69,11108.917819,True,False,no_target
104.08206,60,11114.980238,True,False,no_target
42.77443,55,11116.567942,True,False,no_target
78.02104,58,11119.856022,True,False,no_target
62.72455,62,11120.560225,True,False,no_target
71.50101,63,11123.271682,True,False,no_target
-337.58182,27,11124.281678,False,True,no_target
-304.74472,36,11125.467504,False,True,no_target
-317.11044,21,11132.991672,False,True,no_target
89.65854,60,11134.302347,True,False,no_target
-294.21527,38,11134.302347,False,True,no_target
-327.68222,28,11140.56658,False,True,no_target
-307.6479,28,11141.646228,False,True,no_target
75.17955,60,11142.247345,True,False,no_target
29.064798,57,11151.108206,True,False,no_target
47.259495,54,11153.190948,True,False,no_target
90.44548,54,11155.239552,True,False,no_target
36.79014,67,11157.73768,True,False,no_target
-316.9093,30,11158.424206,False,True,no_target
88.48842,56,11165.967046,True,False,no_target
67.222176,59,11168.836256,True,False,no_target
41.115314,55,11174.560678,True,False,no_target
-359.22983,71,11175.934434,False,True,no_target
64.31485,68,11182.32208,True,False,no_target
69.872696,61,11187.04224,True,False,no_target
102.41752,58,11187.633573,True,False,no_target
96.7612,56,11191.747318,True,False,no_target
33.37826,62,11192.394396,True,False,no_target
83.90342,68,11198.236211,True,False,no_target
70.87422,57,11200.227185,True,False,no_target
65.64866,58,11203.929578,True,False,no_target
-306.5164,35,11208.729295,False,True,no_target
61.120804,58,11210.107034,True,False,no_target
-306.88147,31,11210.877498,False,True,no_target
-329.55484,47,11210.877498,False,True,no_target
108.14359,58,11211.64507,True,False,no_target
-341.3908,18,11222.383458,False,True,no_target
127.243515,61,11225.055401,True,False,no_target
-316.75385,23,11225.562842,False,True,no_target
-318.79645,27,11226.047628,False,True,no_target
56.517918,56,11227.062141,True,False,no_target
79.551,63,11237.868081,True,False,no_target
49.287876,64,11240.382105,True,False,no_target
125.35475,61,11242.356116,True,False,no_target
104.15034,59,11249.45113,True,False,no_target
108.69226,67,11253.070731,True,False,no_target
58.18629,54,11256.868131,True,False,no_target
59.125088,55,11261.470216,True,False,no_target
69.362076,60,11263.683484,True,False,no_target
113.20789,62,11264.356972,True,False,no_target
127.38346,60,11265.617537,True,False,no_target
-348.82788,27,11266.280978,False,True,no_target
-327.7983,14,11269.880056,False,True,no_target
-331.66956,33,11274.038193,False,True,no_target
72.62041,53,11276.849432,True,False,no_target
80.29607,60,11276.849432,True,False,no_target
63.159286,60,11279.982081,True,False,no_target
-306.46344,34,11288.582439,False,True,no_target
49.497982,66,11299.858235,True,False,no_target
95.47828,56,11300.546755,True,False,no_target
135.21548,59,11304.380646,True,False,no_target
55.13708,64,11306.211957,True,False,no_target
90.87854,60,11309.891384,True,False,no_target
110.542694,63,11315.649928,True,False,no_target
40.22739,59,11315.649928,True,False,no_target
105.61825,59,11315.649928,True,False,no_target
94.8254,67,11323.044146,True,False,no_target
-301.6658,36,11323.751533,False,True,no_target
-318.4611,34,11327.969429,False,True,no_target
75.23656,63,11329.225427,True,False,no_target
85.35089,58,11336.497471,True,False,no_target
-322.68182,22,11337.235413,False,True,no_target
90.686516,57,11340.282553,True,False,no_target
-324.29126,33,11343.521085,False,True,no_target
88.11659,58,11346.231295,True,False,no_target
31.892078,60,11353.328199,True,False,no_target
-310.28622,26,11353.328199,False,True,no_target
67.71388,62,11354.626616,True,False,no_target
20.222662,62,11354.626616,True,False,no_target
35.251865,58,11366.391106,True,False,no_target
40.954666,65,11369.469515,True,False,no_target
-306.6521,41,11369.90323,False,True,no_target
53.05974,47,11370.748529,True,False,no_target
21.519663,65,11380.1071,True,False,no_target
-310.99646,24,11385.762444,False,True,no_target
63.36314,62,11387.075586,True,False,no_target
117.00681,60,11393.78114,True,False,no_target
101.21234,64,11395.354467,True,False,no_target
122.28722,64,11395.354467,True,False,no_target
84.80788,63,11396.116755,True,False,no_target
-322.03223,13,11403.730372,False,True,no_target
68.64017,62,11407.268275,True,False,no_target
58.01939,56,11407.268275,True,False,no_target
58.897808,63,11412.722574,True,False,no_target
-333.31036,17,11418.714319,False,True,no_target
119.499405,60,11419.417344,True,False,no_target
85.8361,54,11422.459569,True,False,no_target
119.33657,61,11425.809603,True,False,no_target
-327.23987,26,11430.192075,False,True,no_target
-356.28348,19,11431.838453,False,True,no_target
44.623142,61,11435.677623,True,False,no_target
77.27637,63,11435.677623,True,False,no_target
57.204,62,11436.938157,True,False,no_target
130.78772,62,11444.990306,True,False,no_target
-310.0632,24,11447.574883,False,True,no_target
73.6719,61,11447.574883,True,False,no_target
-326.6093,14,11455.93142,False,True,no_target
63.225704,55,11457.834825,True,False,no_target
61.169765,51,11458.627664,True,False,no_target
44.963074,68,11462.349072,True,False,no_target
69.94176,57,11466.138046,True,False,no_target
102.03606,57,11471.683086,True,False,no_target
121.72565,59,11473.293384,True,False,no_target
39.77801,59,11475.038033,True,False,no_target
-319.4291,23,11481.987507,False,True,no_target
30.4603,63,11485.452708,True,False,no_target
30.77252,64,11488.837418,True,False,no_target
-337.7195,17,11492.304193,False,True,no_target
96.17958,58,11493.411125,True,False,no_target
105.852776,62,11498.376324,True,False,no_target
125.0688,59,11500.536981,True,False,no_target
42.52413,68,11501.920293,True,False,no_target
75.45855,55,11508.104845,True,False,no_target
67.99208,60,11512.643991,True,False,no_target
-314.4997,22,11515.264226,False,True,no_target
112.16376,64,11516.318962,True,False,no_target
-340.92377,37,11517.442095,False,True,no_target
-325.91525,31,11521.501758,False,True,no_target
91.23629,58,11522.065406,True,False,no_target
-334.72388,18,11523.301187,False,True,no_target
116.008514,61,11526.657613,True,False,no_target
113.52651,58,11528.456855,True,False,no_target
-335.09534,16,11531.506378,False,True,no_target
65.11356,54,11532.222515,True,False,no_target
-318.57892,14,11539.707068,False,True,no_target
104.744995,58,11542.756291,True,False,no_target
68.574585,54,11549.372193,True,False,no_target
105.65697,59,11550.100043,True,False,no_target
93.820816,61,11890.644135,True,False,no_target
-317.48706,19,11892.579113,False,True,no_target
-345.27155,42,11895.424849,False,True,no_target
-307.0115,30,11896.03469,False,True,no_target
61.66842,55,11897.87682,True,False,no_target
78.11378,64,11899.428131,True,False,no_target
65.80546,63,11904.321554,True,False,no_target
-450.31805,83,11909.881729,False,True,no_target
-318.14548,12,11912.19755,False,True,no_target
48.746468,56,11921.020447,True,False,no_target
69.14709,56,11924.067872,True,False,no_target
80.91744,60,11924.067872,True,False,no_target
90.75441,60,11931.058697,True,False,no_target
-382.1242,67,11932.205571,False,True,no_target
79.63616,57,11933.380247,True,False,no_target
-305.45016,38,11933.931654,False,True,no_target
31.98646,64,11933.931654,True,False,no_target
107.87555,68,11938.236203,True,False,no_target
-310.4774,25,11945.958895,False,True,no_target
76.16914,65,11947.482384,True,False,no_target
45.009228,55,11953.632969,True,False,no_target
-311.44064,27,11954.205475,False,True,no_target
90.671104,60,11959.380988,True,False,no_target
30.710005,69,11964.409898,True,False,no_target
121.4072,56,11966.646939,True,False,no_target
106.1639,58,11967.889873,True,False,no_target
100.276855,60,11968.436575,True,False,no_target
17.136946,64,11969.770594,True,False,no_target
-306.54108,28,11970.30664,False,True,no_target
-309.39178,20,11971.046202,False,True,no_target
101.78189,59,11980.491454,True,False,no_target
92.909,55,11986.248782,True,False,no_target
89.00329,69,11988.254205,True,False,no_target
-374.53934,36,11991.5164,False,True,no_target
-313.6901,38,11992.951918,False,True,no_target
-309.0848,23,11994.020201,False,True,no_target
-321.4462,13,11995.783319,False,True,no_target
41.37455,54,11999.941374,True,False,no_target
92.74914,57,12000.563728,True,False,no_target
90.70139,64,12001.99789,True,False,no_target
111.67059,63,12005.912225,True,False,no_target
74.03476,61,12006.996121,True,False,no_target
-310.5451,27,12008.866462,False,True,no_target
-324.45126,31,12009.604327,False,True,no_target
-365.64764,24,12016.4456,False,True,no_target
62.007496,53,12024.916634,True,False,no_target
-336.45554,30,12026.334382,False,True,no_target
81.13604,72,12028.094332,True,False,no_target
-319.31818,23,12030.103662,False,True,no_target
101.53582,63,12034.144482,True,False,no_target
-327.1355,16,12035.93634,False,True,no_target
65.26931,64,12038.853258,True,False,no_target
46.995415,63,12044.344713,True,False,no_target
67.36285,63,12048.368149,True,False,no_target
-383.28397,79,12048.979491,False,True,no_target
-366.03955,37,12049.721365,False,True,no_target
-312.8117,31,12049.721365,False,True,no_target
-338.28992,28,12050.668807,False,True,no_target
-454.47104,73,12051.521353,False,True,no_target
-316.65192,33,12055.792982,False,True,no_target
-315.09366,17,12061.194084,False,True,no_target
-311.78406,23,12061.911901,False,True,no_target
62.803764,60,12065.132577,True,False,no_target
109.19553,58,12073.834745,True,False,no_target
-334.82925,31,12074.532981,False,True,no_target
-316.7112,26,12077.724276,False,True,no_target
-313.66385,30,12083.493507,False,True,no_target
62.105366,68,12085.233455,True,False,no_target
113.7987,61,12086.672358,True,False,no_target
-395.6565,63,12088.122726,False,True,no_target
-327.3998,66,12088.728607,False,True,no_target
73.473625,69,12093.48314,True,False,no_target
-332.3539,15,12094.621836,False,True,no_target
-331.07712,32,12097.11535,False,True,no_target
126.31242,60,12097.600046,True,False,no_target
-305.85034,31,12108.225336,False,True,no_target
32.688637,61,12112.521544,True,False,no_target
-317.11536,24,12113.463113,False,True,no_target
-319.10873,26,12115.457069,False,True,no_target
-8.127273,70,12119.584735,True,False,no_target
78.19654,66,12126.924739,True,False,no_target
98.73035,57,12131.709124,True,False,no_target
73.2232,58,12134.0545,True,False,no_target
95.97288,73,12135.576539,True,False,no_target
-408.9373,71,12135.576539,False,True,no_target
97.87719,59,12148.186633,True,False,no_target
-303.9555,33,12148.903636,False,True,no_target
100.31313,55,12150.249326,True,False,no_target
35.827015,63,12154.499686,True,False,no_target
27.121449,66,12159.012177,True,False,no_target
138.47969,64,12161.138307,True,False,no_target
80.51876,53,12167.435854,True,False,no_target
59.536987,53,12168.362496,True,False,no_target
68.77301,60,12169.444447,True,False,no_target
104.23873,57,12170.651344,True,False,no_target
-319.77124,46,12176.598621,False,True,no_target
-324.8879,32,12178.336463,False,True,no_target
55.42548,52,12180.668607,True,False,no_target
51.978786,60,12186.276551,True,False,no_target
-380.11063,38,12189.840327,False,True,no_target
105.59979,60,12190.42313,True,False,no_target
103.12523,56,12194.903226,True,False,no_target
57.401917,57,12205.114587,True,False,no_target
93.32202,58,12208.945781,True,False,no_target
-339.04056,19,12209.507671,False,True,no_target
65.074,62,12210.009599,True,False,no_target
93.2033,57,12216.058569,True,False,no_target
72.806984,65,12219.190347,True,False,no_target
130.01245,59,12219.962424,True,False,no_target
70.40515,58,12227.699971,True,False,no_target
83.60392,58,12233.112007,True,False,no_target
100.00262,57,12233.112007,True,False,no_target
-307.62415,25,12236.863953,False,True,no_target
-303.1483,39,12238.774735,False,True,no_target
-307.0045,23,12239.350992,False,True,no_target
111.02544,59,12247.661633,True,False,no_target
-298.6759,40,12248.938832,False,True,no_target
57.21078,66,12255.767452,True,False,no_target
-309.85046,37,12256.434008,False,True,no_target
69.92886,68,12256.435002,True,False,no_target
-319.6095,25,12262.190645,False,True,no_target
76.320145,62,12267.348853,True,False,no_target
81.178604,62,12271.081461,True,False,no_target
-311.586,28,12272.320849,False,True,no_target
116.12792,67,12276.233356,True,False,no_target
92.99532,72,12281.333056,True,False,no_target
36.14724,73,12281.333056,True,False,no_target
88.57288,64,12285.850975,True,False,no_target
128.82796,61,12291.802294,True,False,no_target
94.32444,61,12291.802294,True,False,no_target
-326.8111,39,12293.595997,False,True,no_target
3.0841308,64,12299.675957,True,False,no_target
77.73715,60,12302.574878,True,False,no_target
110.54689,61,12307.74269,True,False,no_target
-320.59805,35,12312.465518,False,True,no_target
-322.28162,39,12314.727847,False,True,no_target
79.02513,61,12317.042357,True,False,no_target
-309.35852,27,12318.208429,False,True,no_target
34.391666,68,12321.373637,True,False,no_target
-359.25214,77,12321.373637,False,True,no_target
63.13099,62,12322.547204,True,False,no_target
-324.64844,24,12329.407542,False,True,no_target
81.444336,60,12329.407542,True,False,no_target
85.65365,56,12333.025896,True,False,no_target
-312.18588,34,12342.565641,False,True,no_target
-377.44287,58,12343.304245,False,True,no_target
-311.7112,35,12343.304245,False,True,no_target
-324.448,18,12344.267073,False,True,no_target
-311.16913,26,12345.090482,False,True,no_target
-347.61752,59,12348.082664,False,True,no_target
-336.9612,37,12351.4668,False,True,no_target
77.40688,58,12352.079831,True,False,no_target
111.019135,59,12353.897789,True,False,no_target
-315.5633,21,12356.668535,False,True,no_target
29.346563,61,12359.432389,True,False,no_target
-317.16898,32,12361.955482,False,True,no_target
-309.45428,30,12370.148933,False,True,no_target
-313.97952,30,12374.930903,False,True,no_target
-309.09314,25,12374.930903,False,True,no_target
77.49519,59,12377.680743,True,False,no_target
36.24381,58,12379.762032,True,False,no_target
48.757645,54,12380.437241,True,False,no_target
90.993484,63,12380.437241,True,False,no_target
57.186653,54,12386.386044,True,False,no_target
82.46153,59,12386.942125,True,False,no_target
-327.36618,28,12390.926094,False,True,no_target
88.23096,56,12394.887703,True,False,no_target
-306.6398,27,12396.037045,False,True,no_target
60.032234,47,12406.378587,True,False,no_target
70.732834,59,12406.378587,True,False,no_target
99.26544,58,12410.89894,True,False,no_target
-310.894,41,12417.496147,False,True,no_target
121.201584,63,12419.246609,True,False,no_target
91.93812,63,12419.82308,True,False,no_target
-338.53406,28,12424.285164,False,True,no_target
106.222496,64,12427.396062,True,False,no_target
-309.19748,28,12427.985978,False,True,no_target
124.95574,68,12429.16741,True,False,no_target
43.443207,60,12433.315611,True,False,no_target
-314.74573,18,12435.024212,False,True,no_target
70.48372,69,12439.924631,True,False,no_target
-315.30728,35,12441.149758,False,True,no_target
-315.23624,21,12441.7991,False,True,no_target
-315.51352,17,12443.581396,False,True,no_target
131.12627,64,12445.937589,True,False,no_target
-311.6119,26,12450.585375,False,True,no_target
-305.89276,42,12452.594484,False,True,no_target
103.80995,56,12453.280327,True,False,no_target
-312.088,25,12456.284669,False,True,no_target
-13.195715,65,12456.778133,True,False,no_target
-316.0429,16,12460.218999,False,True,no_target
73.48207,67,12467.907721,True,False,no_target
-348.27017,21,12469.21744,False,True,no_target
57.95785,57,12473.950751,True,False,no_target
100.62292,59,12476.667469,True,False,no_target
59.14641,60,12479.471011,True,False,no_target
91.34892,57,12480.036086,True,False,no_target
-314.05017,34,12480.416656,False,True,no_target
98.129,55,12485.626476,True,False,no_target
39.442707,56,12486.779959,True,False,no_target
102.11949,61,12492.649082,True,False,no_target
-306.52472,24,12494.625659,False,True,no_target
-310.28348,28,12496.183175,False,True,no_target
-317.46283,35,12498.010187,False,True,no_target
-397.0233,31,12499.192322,False,True,no_target
97.21665,60,12504.162907,True,False,no_target
-320.90793,33,12505.344979,False,True,no_target
98.22904,63,12511.600959,True,False,no_target
-311.20422,32,12517.670994,False,True,no_target
-456.24622,84,12518.787091,False,True,no_target
-321.9409,44,12520.006465,False,True,no_target
125.6188,60,12527.679741,True,False,no_target
-321.9819,14,12528.088099,False,True,no_target
81.06062,71,12528.088099,True,False,no_target
-305.5746,42,12528.088099,False,True,no_target
85.08987,59,12530.353135,True,False,no_target
-301.5511,34,12530.897787,False,True,no_target
81.546585,61,12533.161414,True,False,no_target
-315.72083,21,12540.604612,False,True,no_target
65.3686,62,12541.225906,True,False,no_target
-297.44855,33,12547.658869,False,True,no_target
-314.0301,26,12549.596575,False,True,no_target
-309.85745,37,12550.721105,False,True,no_target
-301.26868,37,12553.221021,False,True,no_target
77.16251,66,12557.162265,True,False,no_target
85.55834,64,12557.162265,True,False,no_target
85.35592,56,12561.921346,True,False,no_target
-315.06415,24,12564.943025,False,True,no_target
97.01239,59,12566.771127,True,False,no_target
-314.07953,26,12568.650907,False,True,no_target
-307.02173,36,12571.35638,False,True,no_target
-315.6295,18,12576.325429,False,True,no_target
111.66582,63,12578.978024,True,False,no_target
2.704458,69,12583.151398,True,False,no_target
111.052505,62,12584.973987,True,False,no_target
-325.76956,19,12587.491712,False,True,no_target
87.41463,57,12591.170722,True,False,no_target
-329.66843,14,12592.870703,False,True,no_target
138.73859,67,12596.708448,True,False,no_target
100.27327,53,12597.84333,True,False,no_target
142.71523,64,12599.610099,True,False,no_target
-2.2983656,59,12603.201922,True,False,no_target
78.522,59,12606.061806,True,False,no_target
-316.90625,24,12607.308276,False,True,no_target
56.28821,58,12613.04699,True,False,no_target
-321.3444,19,12614.840438,False,True,no_target
65.834175,54,12614.840438,True,False,no_target
43.754444,51,12617.413647,True,False,no_target
-376.3893,42,12623.087375,False,True,no_target
-312.31473,17,12623.087375,False,True,no_target
45.35458,57,12624.949343,True,False,no_target
-320.54953,21,12627.78883,False,True,no_target
-310.9649,23,12631.758751,False,True,no_target
69.94756,59,12632.972469,True,False,no_target
96.69787,62,12638.531163,True,False,no_target
-305.2711,23,12640.208639,False,True,no_target
92.54817,58,12643.194898,True,False,no_target
-314.9705,25,12643.773237,False,True,no_target
94.33115,61,12643.773237,True,False,no_target
-316.32593,16,12647.975366,False,True,no_target
-394.31277,69,12657.35602,False,True,no_target
29.54674,56,12657.883684,True,False,no_target
45.60709,70,12666.019284,True,False,no_target
109.3795,56,12666.58437,True,False,no_target
96.49252,61,12669.099368,True,False,no_target
97.97603,55,12673.499766,True,False,no_target
80.22904,57,12678.049307,True,False,no_target
60.68811,58,12678.645401,True,False,no_target
76.43612,60,12679.30424,True,False,no_target
108.802155,58,12683.046608,True,False,no_target
119.577225,62,12694.936999,True,False,no_target
131.92291,65,12697.309368,True,False,no_target
-311.64645,37,12700.251915,False,True,no_target
87.39197,61,12703.393095,True,False,no_target
72.69082,57,12703.393095,True,False,no_target
105.1492,71,12710.043768,True,False,no_target
56.82708,62,12710.798942,True,False,no_target
56.064167,55,12711.901466,True,False,no_target
105.43935,57,12713.962593,True,False,no_target
-311.65033,25,12715.676063,False,True,no_target
69.24621,57,12717.671314,True,False,no_target
-311.16794,25,12718.945714,False,True,no_target
-364.95465,42,12720.602964,False,True,no_target
-351.34827,47,12725.654672,False,True,no_target
-311.7353,26,12727.474367,False,True,no_target
-320.56384,24,12728.137162,False,True,no_target
-316.41238,22,12732.171855,False,True,no_target
-312.9958,26,12733.615199,False,True,no_target
-313.6196,21,12741.533799,False,True,no_target
91.10494,56,12744.801752,True,False,no_target
-304.30057,31,12746.554488,False,True,no_target
26.173658,71,12746.554488,True,False,no_target
89.13169,63,12748.34366,True,False,no_target
78.32953,55,12753.349786,True,False,no_target
128.921,64,12753.873959,True,False,no_target
-319.1263,17,12754.434999,False,True,no_target
-325.0878,16,12755.607184,False,True,no_target
85.436714,58,12760.671782,True,False,no_target
-331.48712,26,12761.451055,False,True,no_target
-319.04703,27,12763.467041,False,True,no_target
-328.1536,21,12765.296265,False,True,no_target
106.74286,58,12765.932163,True,False,no_target
71.36673,56,12765.932163,True,False,no_target
-319.17822,23,12767.114125,False,True,no_target
-309.5674,31,12774.241399,False,True,no_target
-308.02332,24,12774.830391,False,True,no_target
70.77681,62,12777.507516,True,False,no_target
-318.08704,24,12781.636169,False,True,no_target
-315.27066,15,12783.022378,False,True,no_target
121.139656,60,12789.761433,True,False,no_target
107.9489,57,12795.556225,True,False,no_target
72.19119,59,12799.008272,True,False,no_target
-317.03476,30,12800.874925,False,True,no_target
107.86279,60,12802.161849,True,False,no_target
-307.36667,41,12802.161849,False,True,no_target
115.86821,62,12803.436729,True,False,no_target
80.69394,65,12804.773829,True,False,no_target
124.3179,61,12811.118186,True,False,no_target
55.489758,52,12813.049886,True,False,no_target
-314.97043,26,12817.834025,False,True,no_target
-368.06467,41,12824.099153,False,True,no_target
19.706701,64,12828.707532,True,False,no_target
72.383415,59,12831.373821,True,False,no_target
26.710196,57,12837.069994,True,False,no_target
53.993378,59,12840.059397,True,False,no_target
97.40718,66,12840.651615,True,False,no_target
112.424706,63,12841.17896,True,False,no_target
88.41824,59,12846.597869,True,False,no_target
77.434044,59,12847.91758,True,False,no_target
-305.4982,32,12849.711225,False,True,no_target
-305.9136,26,12851.419809,False,True,no_target
-317.52103,22,12853.671978,False,True,no_target
68.90818,63,12855.724055,True,False,no_target
103.56467,60,12859.66363,True,False,no_target
121.538795,64,12867.095036,True,False,no_target
-318.22504,14,12868.39379,False,True,no_target
81.83863,58,12874.678047,True,False,no_target
46.89894,61,12877.561096,True,False,no_target
126.35703,64,12884.721469,True,False,no_target
-360.72012,20,12886.445477,False,True,no_target
126.734505,61,12886.445477,True,False,no_target
89.74469,64,12886.445477,True,False,no_target
81.196625,60,12889.524904,True,False,no_target
34.979565,65,12890.887895,True,False,no_target
81.09277,61,12891.750086,True,False,no_target
-320.3132,31,12895.836173,False,True,no_target
50.975697,56,12901.112776,True,False,no_target
129.57181,63,12904.268759,True,False,no_target
-323.08972,33,12904.268759,False,True,no_target
-321.17044,23,12905.554024,False,True,no_target
-315.46405,24,12915.784381,False,True,no_target
-324.40738,27,12921.666657,False,True,no_target
27.34333,61,12922.992386,True,False,no_target
97.61039,59,12924.546298,True,False,no_target
48.79269,66,12925.887137,True,False,no_target
126.97108,63,12928.289805,True,False,no_target
-314.59314,14,12930.087863,False,True,no_target
114.976616,60,12932.039306,True,False,no_target
-55.684998,80,12934.392307,True,False,no_target
63.95433,59,12939.830657,True,False,no_target
95.22902,67,12944.77472,True,False,no_target
-302.57434,37,12946.813648,False,True,no_target
60.379387,55,12948.46926,True,False,no_target
-311.57584,37,12950.170962,False,True,no_target
-334.95526,34,12951.886576,False,True,no_target
73.438385,56,12955.957237,True,False,no_target
87.92742,60,12961.195147,True,False,no_target
38.69435,60,12965.440648,True,False,no_target
79.592834,58,12968.492514,True,False,no_target
45.448692,58,12973.805692,True,False,no_target
-322.1092,11,12974.954805,False,True,no_target
-340.28064,24,12980.034319,False,True,no_target
108.1831,58,12981.182701,True,False,no_target
76.78225,61,12986.510427,True,False,no_target
112.5322,60,12987.783473,True,False,no_target
101.7929,67,12988.342587,True,False,no_target
-313.2762,25,12988.864072,False,True,no_target
112.07266,76,12989.459626,True,False,no_target
92.36479,58,12990.62337,True,False,no_target
-351.61163,52,12992.428518,False,True,no_target
-299.59332,35,13000.685666,False,True,no_target
-302.7973,31,13006.109239,False,True,no_target
94.02,59,13009.903995,True,False,no_target
124.18247,62,13017.330503,True,False,no_target
75.70834,54,13019.945608,True,False,no_target
-323.08743,21,13022.299421,False,True,no_target
118.27536,62,13022.946661,True,False,no_target
124.94621,61,13025.410036,True,False,no_target
96.606575,64,13026.577418,True,False,no_target
-324.13046,16,13027.174667,False,True,no_target
74.17388,60,13027.923284,True,False,no_target
88.523506,67,13030.483111,True,False,no_target
75.496735,57,13034.783131,True,False,no_target
-313.94708,24,13034.783131,False,True,no_target
-318.87106,13,13035.381732,False,True,no_target
51.005676,57,13040.653585,True,False,no_target
-312.5719,20,13042.929556,False,True,no_target
-1.1949898,53,13054.148782,True,False,no_target
81.34688,54,13057.704745,True,False,no_target
112.23247,59,13058.261802,True,False,no_target
-332.59122,42,13060.020382,False,True,no_target
95.273315,57,13060.681015,True,False,no_target
91.1748,60,13063.575418,True,False,no_target
-313.1172,22,13067.472077,False,True,no_target
22.255917,55,13067.472077,True,False,no_target
65.12355,60,13070.254832,True,False,no_target
86.3279,60,13075.605852,True,False,no_target
33.29537,69,13083.445924,True,False,no_target
-377.4504,45,13085.050319,False,True,no_target
-414.0769,48,13088.732884,False,True,no_target
132.60423,61,13093.781101,True,False,no_target
33.11596,64,13098.328524,True,False,no_target
2.5327003,62,13100.296104,True,False,no_target
99.36554,57,13101.186369,True,False,no_target
60.921432,61,13103.902026,True,False,no_target
129.38144,63,13107.740149,True,False,no_target
140.41606,60,13111.200184,True,False,no_target
119.45394,61,13119.025837,True,False,no_target
117.25536,59,13119.548338,True,False,no_target
-329.64816,38,13122.578907,False,True,no_target
112.21426,60,13123.834198,True,False,no_target
83.23896,60,13129.648874,True,False,no_target
-327.65607,45,13130.418122,False,True,no_target
100.48394,61,13135.609396,True,False,no_target
98.57597,65,13140.447462,True,False,no_target
109.88273,58,13142.85105,True,False,no_target
-317.3865,39,13143.615813,False,True,no_target
-317.8319,33,13150.803208,False,True,no_target
82.54745,65,13150.803208,True,False,no_target
130.29906,65,13160.103681,True,False,no_target
109.59445,61,13160.887402,True,False,no_target
122.30233,60,13161.560009,True,False,no_target
-322.07925,20,13163.791472,False,True,no_target
-325.4618,21,13164.291932,False,True,no_target
-311.12842,35,13165.806408,False,True,no_target
4.5597415,65,13171.097725,True,False,no_target
96.20664,58,13172.3068,True,False,no_target
-314.82645,27,13182.265155,False,True,no_target
119.592705,66,13182.902666,True,False,no_target
58.80463,67,13186.035566,True,False,no_target
68.25772,59,13198.765125,True,False,no_target
111.278854,57,13200.629641,True,False,no_target
62.00851,61,13201.419438,True,False,no_target
-319.8739,31,13202.991944,False,True,no_target
102.33917,57,13202.991944,True,False,no_target
125.60051,65,13203.616663,True,False,no_target
130.8759,60,13211.358106,True,False,no_target
84.009186,69,13216.009357,True,False,no_target
49.496765,56,13218.47422,True,False,no_target
-323.1664,17,13222.842418,False,True,no_target
77.78544,58,13224.31857,True,False,no_target
103.527504,59,13238.351307,True,False,no_target
-307.1836,24,13238.993245,False,True,no_target
-0.06620589,62,13242.627791,True,False,no_target
119.229675,63,13242.627791,True,False,no_target
49.35642,60,13242.627791,True,False,no_target
21.927542,62,13243.829251,True,False,no_target
-11.58323,63,13245.25404,True,False,no_target
-378.61514,39,13249.595709,False,True,no_target
-317.13882,15,13253.362179,False,True,no_target
79.71704,59,13254.785492,True,False,no_target
83.400154,59,13256.949621,True,False,no_target
-324.43637,23,13256.949621,False,True,no_target
-311.15106,26,13262.211921,False,True,no_target
-335.34036,24,13270.415405,False,True,no_target
109.99913,59,13275.97057,True,False,no_target
-316.563,27,13278.88648,False,True,no_target
100.47747,65,13280.196619,True,False,no_target
133.23076,61,13281.325226,True,False,no_target
96.32721,64,13282.996259,True,False,no_target
112.490005,59,13287.036171,True,False,no_target
51.322994,52,13289.766553,True,False,no_target
111.85494,59,13290.407534,True,False,no_target
27.020834,64,13297.189255,True,False,no_target
-306.74142,31,13302.58669,False,True,no_target
-370.4269,37,13303.259152,False,True,no_target
130.53322,62,13308.671375,True,False,no_target
68.222336,64,13315.018193,True,False,no_target
-303.65857,41,13315.018193,False,True,no_target
33.908886,63,13317.644979,True,False,no_target
96.32806,62,13319.697818,True,False,no_target
93.393585,62,13325.003507,True,False,no_target
132.7231,63,13329.09206,True,False,no_target
-333.1974,19,13330.980938,False,True,no_target
111.08362,57,13332.30573,True,False,no_target
118.155685,56,13336.870749,True,False,no_target
74.307816,48,13337.764025,True,False,no_target
104.731575,58,13338.230057,True,False,no_target
-301.03946,36,13339.274215,False,True,no_target
-317.24368,21,13344.672713,False,True,no_target
51.2991,54,13348.136642,True,False,no_target
110.159454,64,13353.944431,True,False,no_target
113.673904,64,13363.665361,True,False,no_target
-313.24762,32,13364.283653,False,True,no_target
71.79286,56,13364.912888,True,False,no_target
-11.304927,66,13369.043111,True,False,no_target
103.04061,59,13371.78348,True,False,no_target
120.97344,59,13372.86497,True,False,no_target
43.29777,60,13375.272926,True,False,no_target
-369.572,70,13379.566841,False,True,no_target
-305.94336,27,13379.566841,False,True,no_target
-311.8632,23,13381.942005,False,True,no_target
-306.86783,36,13385.32548,False,True,no_target
-312.39948,25,13385.946106,False,True,no_target
117.729126,65,13385.946106,True,False,no_target
-317.32544,12,13386.551774,False,True,no_target
116.04966,59,13388.125815,True,False,no_target
101.55459,58,13397.226949,True,False,no_target
-332.72247,30,13403.19932,False,True,no_target
-357.44525,29,13403.19932,False,True,no_target
13.445544,66,13411.97712,True,False,no_target
44.099335,52,13412.930282,True,False,no_target
88.95924,59,13414.672563,True,False,no_target
121.23645,73,13418.140035,True,False,no_target
-313.13043,28,13419.892592,False,True,no_target
-316.97827,14,13419.892592,False,True,no_target
100.240974,58,13422.775733,True,False,no_target
123.21564,63,13424.056283,True,False,no_target
-17.578447,67,13425.687387,True,False,no_target
-331.82367,18,13430.384372,False,True,no_target
107.546776,57,13431.160861,True,False,no_target
-326.77325,30,13437.744339,False,True,no_target
130.55214,60,13438.959499,True,False,no_target
-316.40268,22,13444.540639,False,True,no_target
72.539536,57,13446.659849,True,False,no_target
-305.81537,37,13447.582299,False,True,no_target
60.46766,57,13448.297538,True,False,no_target
66.917366,58,13452.647023,True,False,no_target
71.36668,57,13456.588631,True,False,no_target
52.23174,56,13457.242691,True,False,no_target
-328.89108,16,13457.93302,False,True,no_target
32.030674,58,13464.642761,True,False,no_target
-362.94318,29,13464.642761,False,True,no_target
108.18188,59,13473.226445,True,False,no_target
90.0772,58,13473.751206,True,False,no_target
39.864212,65,13483.062173,True,False,no_target
87.58716,53,13484.133824,True,False,no_target
91.99601,63,13484.133824,True,False,no_target
-311.59152,25,13487.957669,False,True,no_target
101.68195,59,13491.467846,True,False,no_target
65.08095,58,13491.467846,True,False,no_target
75.65648,57,13491.467846,True,False,no_target
117.35663,61,13500.69196,True,False,no_target
28.73616,65,13503.25461,True,False,no_target
75.20659,56,13505.754113,True,False,no_target
59.308872,59,13517.204516,True,False,no_target
93.93922,59,13518.284521,True,False,no_target
95.555855,62,13520.300585,True,False,no_target
125.85284,60,13523.166769,True,False,no_target
-316.7245,12,13524.334123,False,True,no_target
-316.07495,12,13525.814968,False,True,no_target
136.97382,58,13525.814968,True,False,no_target
100.74222,59,13526.284835,True,False,no_target
114.86666,62,13528.306304,True,False,no_target
-333.04068,18,13534.715029,False,True,no_target
70.832405,56,13534.715029,True,False,no_target
-318.65475,17,13535.353602,False,True,no_target
103.34795,57,13538.27834,True,False,no_target
98.5063,54,13538.825075,True,False,no_target
-340.05167,36,13556.823792,False,True,no_target
75.65035,56,13560.654288,True,False,no_target
106.248055,59,13561.926342,True,False,no_target
122.38938,72,13564.738445,True,False,no_target
116.25128,59,13564.738445,True,False,no_target
119.372795,64,13565.175925,True,False,no_target
69.423965,59,13570.539588,True,False,no_target
123.36865,61,13572.234396,True,False,no_target
110.08735,59,13574.227189,True,False,no_target
114.95019,65,13577.10774,True,False,no_target
-330.3047,34,13590.359166,False,True,no_target
128.65932,59,13591.763561,True,False,no_target
56.412094,59,13597.442521,True,False,no_target
116.47122,57,13598.531349,True,False,no_target
101.8547,63,13598.531349,True,False,no_target
130.9003,60,13600.326277,True,False,no_target
23.180943,60,13601.063879,True,False,no_target
-328.18533,16,13601.615398,False,True,no_target
74.31051,61,13608.86917,True,False,no_target
115.27039,57,13611.318922,True,False,no_target
126.37176,63,13611.770361,True,False,no_target
-305.33023,26,13613.00856,False,True,no_target
-325.15543,24,13614.764091,False,True,no_target
-369.94992,33,13618.353022,False,True,no_target
110.694756,57,13625.132359,True,False,no_target
-324.52457,39,13625.132359,False,True,no_target
-356.1837,24,13625.70534,False,True,no_target
-331.57703,32,13627.975955,False,True,no_target
-313.57037,22,13631.444715,False,True,no_target
84.89243,60,13637.005565,True,False,no_target
25.602045,73,13642.506842,True,False,no_target
82.76993,63,13649.78395,True,False,no_target
98.27824,62,13650.318057,True,False,no_target
-348.86407,42,13650.318057,False,True,no_target
55.43017,63,13652.736176,True,False,no_target
-392.73456,30,13655.333935,False,True,no_target
20.281713,59,13660.687758,True,False,no_target
33.613625,58,13663.107595,True,False,no_target
116.17482,64,13664.139093,True,False,no_target
76.06172,54,13664.139093,True,False,no_target
-320.2079,27,13671.418159,False,True,no_target
127.69315,60,13678.107213,True,False,no_target
41.662277,57,13683.736906,True,False,no_target
57.018387,63,13686.927507,True,False,no_target
55.622272,59,13687.411347,True,False,no_target
112.80691,64,13687.830089,True,False,no_target
-309.2625,23,13691.502043,False,True,no_target
-316.89706,14,13692.081708,False,True,no_target
96.00571,55,13692.773012,True,False,no_target
72.74458,57,13696.106959,True,False,no_target
107.68819,57,13697.376703,True,False,no_target
91.6483,60,13699.297645,True,False,no_target
53.86121,61,13707.479263,True,False,no_target
-311.1637,41,13712.781038,False,True,no_target
-353.20874,49,13716.24555,False,True,no_target
-316.04303,14,13721.275062,False,True,no_target
76.12494,64,13726.331694,True,False,no_target
80.51549,58,13726.902262,True,False,no_target
87.64183,63,13730.29113,True,False,no_target
92.44871,63,13730.895197,True,False,no_target
100.25039,61,13733.426372,True,False,no_target
-318.38815,28,13733.426372,False,True,no_target
26.668507,66,13739.546671,True,False,no_target
88.27247,69,13748.575654,True,False,no_target
-434.779,89,13751.257686,False,True,no_target
63.832623,66,13760.475313,True,False,no_target
13.12532,61,13762.140221,True,False,no_target
-311.61966,22,13763.915249,False,True,no_target
48.50516,57,13764.586002,True,False,no_target
128.32736,67,13766.315988,True,False,no_target
107.40793,58,13767.72623,True,False,no_target
150.91377,66,13769.591354,True,False,no_target
127.256874,61,13769.591354,True,False,no_target
49.822525,59,13774.111529,True,False,no_target
-313.00705,26,13783.308803,False,True,no_target
124.3688,61,13784.681258,True,False,no_target
-307.84244,38,13786.959528,False,True,no_target
59.84435,51,13793.743086,True,False,no_target
109.81479,59,13796.752541,True,False,no_target
32.201004,62,13796.752541,True,False,no_target
111.058464,60,13801.99467,True,False,no_target
58.386208,56,13802.47309,True,False,no_target
112.436775,57,13802.909105,True,False,no_target
27.476088,59,13809.592658,True,False,no_target
-364.45923,32,13813.940291,False,True,no_target
-311.6748,22,13815.332418,False,True,no_target
19.015419,55,13817.703968,True,False,no_target
110.35589,60,13819.116811,True,False,no_target
-14.9014435,55,13820.339172,True,False,no_target
-320.82095,19,13831.041458,False,True,no_target
-349.184,29,13831.735399,False,True,no_target
85.378716,56,13831.735399,True,False,no_target
57.649113,61,13835.857654,True,False,no_target
83.17196,59,13840.790513,True,False,no_target
-319.2095,43,13845.972697,False,True,no_target
80.44952,70,13847.210467,True,False,no_target
103.78852,60,13847.854458,True,False,no_target
114.990105,60,13853.864795,True,False,no_target
-317.9018,13,13853.864795,False,True,no_target
-315.6471,40,13857.749289,False,True,no_target
68.09462,66,13862.006882,True,False,no_target
-306.69955,24,13862.006882,False,True,no_target
-397.0929,53,13864.328044,False,True,no_target
69.84326,54,13865.60714,True,False,no_target
-314.4687,22,13866.860111,False,True,no_target
-317.61493,13,13872.421298,False,True,no_target
26.582214,61,13872.993537,True,False,no_target
-306.03705,33,13873.658792,False,True,no_target
48.63377,61,13877.781105,True,False,no_target
98.34301,60,13882.995481,True,False,no_target
-313.43182,37,13884.050073,False,True,no_target
104.26727,58,13891.549675,True,False,no_target
83.57764,55,13894.808149,True,False,no_target
-304.80695,40,13896.057625,False,True,no_target
84.9609,59,13901.220795,True,False,no_target
79.200134,64,13905.796345,True,False,no_target
123.910675,59,13909.285513,True,False,no_target
-319.3112,29,13909.809083,False,True,no_target
119.92983,62,13910.359766,True,False,no_target
68.38403,60,13913.718199,True,False,no_target
82.80186,56,13917.123862,True,False,no_target
124.60148,61,13920.734238,True,False,no_target
-321.68088,29,13922.235746,False,True,no_target
-310.1398,26,13925.38118,False,True,no_target
65.69114,59,13930.816117,True,False,no_target
-350.04166,34,13935.255577,False,True,no_target
98.32207,61,13939.036731,True,False,no_target
86.36311,73,13941.778145,True,False,no_target
-359.1517,16,13945.69485,False,True,no_target
88.799034,59,13946.352653,True,False,no_target
63.050774,61,13948.21153,True,False,no_target
18.592583,52,13950.012564,True,False,no_target
-333.34952,27,13956.520357,False,True,no_target
116.105034,57,13957.815324,True,False,no_target
1.3151835,58,13963.611792,True,False,no_target
-329.1061,34,13967.674948,False,True,no_target
-408.04108,72,13969.697825,False,True,no_target
112.51451,62,13971.553251,True,False,no_target
69.535225,56,13977.746197,True,False,no_target
-316.26312,36,13979.878499,False,True,no_target
41.474846,57,13982.728401,True,False,no_target
103.57591,62,13987.645629,True,False,no_target
87.7193,60,13988.239518,True,False,no_target
2.5933948,59,13994.98772,True,False,no_target
-318.02252,27,13996.126549,False,True,no_target
85.23403,55,13997.94162,True,False,no_target
76.2751,53,14000.543748,True,False,no_target
65.30616,61,14006.8998,True,False,no_target
101.05236,64,14010.632347,True,False,no_target
-323.73978,24,14012.610959,False,True,no_target
77.91517,59,14013.880679,True,False,no_target
-20.862106,60,14019.277835,True,False,no_target
69.24277,58,14022.434809,True,False,no_target
73.38011,60,14024.259322,True,False,no_target
-359.74893,20,14025.412847,False,True,no_target
126.228485,63,14032.605507,True,False,no_target
73.145546,62,14033.308319,True,False,no_target
7.97281,67,14043.121992,True,False,no_target
61.96123,57,14049.276141,True,False,no_target
62.007915,68,14052.748355,True,False,no_target
95.01871,61,14053.57983,True,False,no_target
96.06741,57,14057.565141,True,False,no_target
117.26476,60,14062.795114,True,False,no_target
58.132816,56,14063.308222,True,False,no_target
-311.03897,32,14068.327797,False,True,no_target
17.270508,58,14071.81848,True,False,no_target
-314.58014,24,14071.81848,False,True,no_target
110.48982,58,14072.175377,True,False,no_target
-444.4549,86,14079.508392,False,True,no_target
114.996826,59,14079.508392,True,False,no_target
113.042366,60,14088.57188,True,False,no_target
149.70903,65,14090.627489,True,False,no_target
-325.04224,20,14091.431865,False,True,no_target
118.460915,59,14097.765235,True,False,no_target
105.97489,62,14100.421957,True,False,no_target
100.71441,62,14104.890883,True,False,no_target
99.368385,59,14106.481558,True,False,no_target
101.739365,59,14107.009852,True,False,no_target
108.18913,64,14109.453122,True,False,no_target
-299.45932,39,14112.088886,False,True,no_target
-360.38495,29,14115.248831,False,True,no_target
-330.07538,27,14116.397566,False,True,no_target
53.914654,62,14116.969404,True,False,no_target
-310.55768,26,14122.320826,False,True,no_target
131.97485,60,14128.261866,True,False,no_target
-17.761444,68,14132.091775,True,False,no_target
-310.3078,33,14136.699991,False,True,no_target
100.34149,59,14140.548221,True,False,no_target
64.15307,56,14144.022481,True,False,no_target
66.92428,54,14144.804664,True,False,no_target
81.49415,68,14148.158896,True,False,no_target
-322.68027,14,14148.667253,False,True,no_target
-310.5306,24,14150.892907,False,True,no_target
-319.56476,15,14153.012171,False,True,no_target
128.74315,62,14153.012171,True,False,no_target
18.756245,61,14153.86756,True,False,no_target
58.653805,59,14158.212598,True,False,no_target
111.384834,60,14163.834445,True,False,no_target
107.43544,58,14166.271259,True,False,no_target
-332.6496,27,14174.334022,False,True,no_target
-315.47415,23,14177.611319,False,True,no_target
77.8032,60,14180.665435,True,False,no_target
-360.9389,50,14182.52861,False,True,no_target
82.49394,60,14184.1215,True,False,no_target
11.729681,62,14187.399057,True,False,no_target
25.48866,64,14190.372965,True,False,no_target
126.07762,71,14190.953724,True,False,no_target
-312.2363,35,14194.606933,False,True,no_target
-326.79025,27,14198.148828,False,True,no_target
118.81532,76,14198.757989,True,False,no_target
-312.22778,20,14199.440419,False,True,no_target
-327.27567,17,14200.586481,False,True,no_target
114.75355,59,14201.1362,True,False,no_target
40.789234,62,14215.280833,True,False,no_target
-314.1359,27,14216.465664,False,True,no_target
-316.7775,31,14217.712362,False,True,no_target
20.847422,56,14218.22951,True,False,no_target
116.94603,62,14218.22951,True,False,no_target
-311.05466,29,14218.774581,False,True,no_target
-321.84442,13,14222.870739,False,True,no_target
98.89716,58,14227.102875,True,False,no_target
92.46794,57,14230.038409,True,False,no_target
57.01481,62,14237.344302,True,False,no_target
122.024475,58,14237.344302,True,False,no_target
52.549786,53,14248.320624,True,False,no_target
63.78762,56,14251.620949,True,False,no_target
89.64223,56,14252.201988,True,False,no_target
104.943504,58,14252.752984,True,False,no_target
114.76732,66,14256.818509,True,False,no_target
-307.40485,35,14257.46085,False,True,no_target
70.10223,59,14261.895394,True,False,no_target
12.5686455,66,14262.46023,True,False,no_target
124.50559,60,14265.881492,True,False,no_target
-345.37314,17,14267.696796,False,True,no_target
65.76248,58,14271.747155,True,False,no_target
72.565384,55,14285.120791,True,False,no_target
-308.71158,33,14285.120791,False,True,no_target
61.714985,59,14286.823509,True,False,no_target
7.1980476,59,14287.922894,True,False,no_target
71.52665,70,14289.69109,True,False,no_target
78.39611,60,14293.11997,True,False,no_target
113.45781,59,14297.484028,True,False,no_target
86.02322,65,14300.386877,True,False,no_target
-348.14297,59,14302.017191,False,True,no_target
-327.3817,31,14303.271016,False,True,no_target
-310.8378,27,14304.069954,False,True,no_target
-347.18823,24,14307.506284,False,True,no_target
123.413216,61,14307.506284,True,False,no_target
-312.07547,27,14313.602482,False,True,no_target
122.62542,62,14322.024434,True,False,no_target
108.33902,60,14322.635046,True,False,no_target
75.52491,58,14324.453036,True,False,no_target
-291.34598,39,14331.415169,False,True,no_target
106.2087,57,14338.859875,True,False,no_target
46.664913,57,14339.598135,True,False,no_target
140.03426,66,14341.533008,True,False,no_target
-336.51764,30,14341.533008,False,True,no_target
99.83437,63,14341.533008,True,False,no_target
104.521515,57,14343.510407,True,False,no_target
64.4463,56,14349.237897,True,False,no_target
-319.88586,13,14349.868776,False,True,no_target
-308.7493,21,14354.872904,False,True,no_target
-326.1722,18,14354.872904,False,True,no_target
-342.84033,24,14356.747674,False,True,no_target
108.71495,57,14361.029654,True,False,no_target
103.39468,61,14361.618403,True,False,no_target
114.45835,61,14373.368012,True,False,no_target
-303.96304,27,14376.915018,False,True,no_target
76.31912,65,14383.550748,True,False,no_target
114.21991,64,14383.550748,True,False,no_target
-314.87726,16,14384.315376,False,True,no_target
57.301132,62,14391.969915,True,False,no_target
45.5848,54,14392.422809,True,False,no_target
78.56151,64,14393.6269,True,False,no_target
-353.9957,24,14400.047604,False,True,no_target
21.366041,67,14402.370481,True,False,no_target
112.82157,59,14403.300344,True,False,no_target
32.356056,61,14405.515852,True,False,no_target
-398.53598,43,14412.694748,False,True,no_target
108.308624,56,14414.67566,True,False,no_target
89.95772,55,14421.243478,True,False,no_target
45.469738,59,14431.030218,True,False,no_target
-324.09906,18,14432.30235,False,True,no_target
52.472015,63,14434.333507,True,False,no_target
99.608284,62,14434.958146,True,False,no_target
98.81483,59,14437.78675,True,False,no_target
90.26892,58,14438.872902,True,False,no_target
94.96787,56,14440.894524,True,False,no_target
25.264555,61,14442.272051,True,False,no_target
42.974735,58,14450.77913,True,False,no_target
49.92936,62,14451.191868,True,False,no_target
-341.04556,23,14456.01108,False,True,no_target
-398.05005,46,14462.457896,False,True,no_target
80.000015,59,14468.977918,True,False,no_target
36.072582,62,14469.620877,True,False,no_target
45.16418,62,14473.387501,True,False,no_target
88.83354,58,14476.481137,True,False,no_target
79.31221,62,14477.012538,True,False,no_target
30.415659,64,14477.012538,True,False,no_target
40.671516,61,14487.510315,True,False,no_target
59.342247,60,14487.510315,True,False,no_target
107.43579,58,14491.481814,True,False,no_target
-17.168589,60,14499.098494,True,False,no_target
43.129936,58,14504.808378,True,False,no_target
108.05523,60,14505.372372,True,False,no_target
75.67933,61,14510.577458,True,False,no_target
88.27942,56,14511.311775,True,False,no_target
103.45789,59,14512.536042,True,False,no_target
71.212776,58,14512.536042,True,False,no_target
-317.7968,22,14524.979246,False,True,no_target
30.71015,62,14525.986163,True,False,no_target
127.3627,66,14529.128433,True,False,no_target
78.96523,56,14535.453056,True,False,no_target
66.76736,70,14536.935086,True,False,no_target
114.411415,60,14551.401272,True,False,no_target
105.529335,64,14554.783056,True,False,no_target
-3.7610419,59,14563.022289,True,False,no_target
13.390246,63,14563.022289,True,False,no_target
-305.48,31,14571.393547,False,True,no_target
7.174977,67,14571.393547,True,False,no_target
124.78926,59,14584.807245,True,False,no_target
-18.127401,62,14585.505544,True,False,no_target
112.55257,67,14594.228466,True,False,no_target
129.57538,60,14594.914125,True,False,no_target
-10.817636,61,14605.742,True,False,no_target
110.11036,60,14606.92537,True,False,no_target
102.428635,54,14612.796779,True,False,no_target
36.057022,67,14615.600645,True,False,no_target
105.584755,69,14616.684156,True,False,no_target
115.661354,66,14619.602975,True,False,no_target
-321.90158,31,14623.65207,False,True,no_target
103.44853,62,14625.339331,True,False,no_target
39.886642,61,14625.339331,True,False,no_target
-326.07745,15,14628.341893,False,True,no_target
71.62984,58,14630.910114,True,False,no_target
120.89513,59,14630.910114,True,False,no_target
-324.26367,15,14634.686147,False,True,no_target
90.20826,62,14644.00177,True,False,no_target
89.93707,60,14648.997237,True,False,no_target
53.53924,57,14650.389221,True,False,no_target
74.55454,58,14652.74404,True,False,no_target
82.862335,58,14659.904335,True,False,no_target
45.856205,62,14664.088665,True,False,no_target
88.69735,59,14665.15634,True,False,no_target
-312.20178,15,14669.074956,False,True,no_target
122.74658,61,14669.074956,True,False,no_target
75.64514,56,14669.5102,True,False,no_target
64.84143,70,14674.131474,True,False,no_target
131.61096,58,14679.395583,True,False,no_target
-307.24512,28,14680.559746,False,True,no_target
-348.47034,28,14685.116572,False,True,no_target
65.86898,59,14685.652935,True,False,no_target
39.47733,61,14685.652935,True,False,no_target
-304.93698,29,14686.220653,False,True,no_target
59.058113,61,14688.586919,True,False,no_target
118.5884,59,14699.580505,True,False,no_target
81.47227,60,14703.984126,True,False,no_target
18.795078,61,14710.053329,True,False,no_target
111.41264,57,14714.240101,True,False,no_target
-313.9641,25,14714.77241,False,True,no_target
60.695347,62,14715.809007,True,False,no_target
116.826965,56,14718.662242,True,False,no_target
116.009415,57,14719.84855,True,False,no_target
80.1873,61,14721.612435,True,False,no_target
38.26941,64,14722.774298,True,False,no_target
55.84783,60,14724.134569,True,False,no_target
-317.08798,18,14725.271125,False,True,no_target
-340.2764,14,14727.148742,False,True,no_target
-315.712,21,14728.233698,False,True,no_target
115.60057,60,14739.26526,True,False,no_target
-308.61063,40,14746.981936,False,True,no_target
70.67846,64,14746.981936,True,False,no_target
113.91652,58,14747.555081,True,False,no_target
79.45437,59,14754.030304,True,False,no_target
101.190765,58,14755.231111,True,False,no_target
70.67602,59,14756.976559,True,False,no_target
47.186813,59,14759.440809,True,False,no_target
43.17222,59,14761.152775,True,False,no_target
86.22439,57,14761.152775,True,False,no_target
47.87913,54,14771.186306,True,False,no_target
34.678886,62,14783.891951,True,False,no_target
103.053665,62,14784.619057,True,False,no_target
22.286545,65,14785.509438,True,False,no_target
104.89602,59,14789.127488,True,False,no_target
111.26125,61,14791.627128,True,False,no_target
51.565296,59,14794.559501,True,False,no_target
117.27267,57,14795.157577,True,False,no_target
96.94364,64,14799.286405,True,False,no_target
-451.14853,77,14803.117384,False,True,no_target
-316.36902,24,14803.67993,False,True,no_target
-312.08502,17,14805.484925,False,True,no_target
-323.17166,14,14807.984955,False,True,no_target
-20.777567,66,14810.331069,True,False,no_target
-322.82632,18,14814.803079,False,True,no_target
-319.8631,14,14818.212112,False,True,no_target
59.362778,59,14819.451286,True,False,no_target
81.953316,61,14820.13418,True,False,no_target
-25.55576,59,14820.683602,True,False,no_target
81.354385,60,14826.777941,True,False,no_target
81.040596,59,14829.761626,True,False,no_target
125.56194,59,14838.136122,True,False,no_target
82.90017,60,14843.318975,True,False,no_target
18.087955,67,14845.030208,True,False,no_target
54.4578,63,14851.109179,True,False,no_target
110.198586,58,14852.284807,True,False,no_target
14.930947,57,14852.82107,True,False,no_target
118.00387,57,14853.420856,True,False,no_target
125.5271,65,14858.658385,True,False,no_target
76.76871,58,14862.950509,True,False,no_target
145.76735,65,14865.109587,True,False,no_target
119.90833,60,14873.463321,True,False,no_target
41.75525,60,14879.095753,True,False,no_target
98.51995,64,14883.443632,True,False,no_target
84.854355,61,14888.617287,True,False,no_target
73.63545,62,14890.934575,True,False,no_target
95.14854,65,14893.866363,True,False,no_target
17.81932,66,14895.056178,True,False,no_target
110.01142,59,14895.941515,True,False,no_target
90.223694,67,14906.446661,True,False,no_target
109.23994,56,14909.819852,True,False,no_target
-416.72168,79,14916.121407,False,True,no_target
94.713326,59,14917.344941,True,False,no_target
15.158618,56,14925.468733,True,False,no_target
138.172,61,14926.628082,True,False,no_target
-372.41953,70,14927.173682,False,True,no_target
3.5396252,63,14931.898746,True,False,no_target
47.416054,63,14933.180915,True,False,no_target
92.81328,63,14934.435749,True,False,no_target
71.897675,56,14939.871812,True,False,no_target
68.56908,57,14943.570421,True,False,no_target
-317.87912,32,14946.380059,False,True,no_target
146.9424,61,14953.066779,True,False,no_target
63.932552,64,14953.935999,True,False,no_target
-369.20212,41,14957.914199,False,True,no_target
85.25381,57,14959.759315,True,False,no_target
85.39699,58,14961.31888,True,False,no_target
92.73668,59,14972.793358,True,False,no_target
119.63221,64,14973.295692,True,False,no_target
68.35763,63,14980.964505,True,False,no_target
115.34667,64,14985.427098,True,False,no_target
118.16802,59,14992.95984,True,False,no_target
7.993904,73,14994.235444,True,False,no_target
21.901365,64,14995.534141,True,False,no_target
-56.760685,54,14997.819778,True,False,no_target
30.309477,63,15000.003379,True,False,no_target
70.62712,64,15002.487898,True,False,no_target
-335.77032,16,15004.342756,False,True,no_target
41.595665,54,15006.765221,True,False,no_target
88.509605,54,15007.439606,True,False,no_target
-335.4993,25,15015.943887,False,True,no_target
-312.01962,15,15017.172707,False,True,no_target
89.38176,59,15018.618604,True,False,no_target
67.27786,65,15027.346439,True,False,no_target
-358.88434,35,15030.193473,False,True,no_target
127.21835,61,15033.058059,True,False,no_target
57.753304,54,15033.745157,True,False,no_target
12.830912,68,15040.286444,True,False,no_target
118.561325,61,15042.717975,True,False,no_target
54.837593,63,15046.037937,True,False,no_target
113.973434,63,15057.470388,True,False,no_target
88.24028,63,15058.766625,True,False,no_target
10.0295925,55,15063.168462,True,False,no_target
-347.65317,71,15065.249656,False,True,no_target
68.90259,57,15067.149527,True,False,no_target
76.45418,57,15070.555018,True,False,no_target
64.001915,62,15073.307718,True,False,no_target
49.043316,57,15077.761437,True,False,no_target
-30.430132,58,15080.800042,True,False,no_target
-321.77344,17,15082.222391,False,True,no_target
90.86401,57,15083.441145,True,False,no_target
-350.02823,22,15088.119072,False,True,no_target
44.50259,45,15088.710954,True,False,no_target
-305.1965,26,15096.815709,False,True,no_target
118.16696,64,15099.681987,True,False,no_target
-330.67645,21,15103.132434,False,True,no_target
1.8194331,60,15104.75162,True,False,no_target
119.00589,55,15105.919143,True,False,no_target
73.31575,58,15105.919143,True,False,no_target
126.46429,56,15117.399375,True,False,no_target
71.24606,67,15130.956753,True,False,no_target
15.346131,72,15133.878448,True,False,no_target
89.14849,59,15141.831089,True,False,no_target
112.68332,56,15143.928474,True,False,no_target
-322.89093,15,15144.660614,False,True,no_target
54.832695,60,15148.398885,True,False,no_target
-313.9237,24,15149.170885,False,True,no_target
-434.05753,84,15149.968222,False,True,no_target
25.182306,61,15149.968222,True,False,no_target
74.1349,66,15153.103364,True,False,no_target
85.58516,52,15154.357653,True,False,no_target
-10.588018,76,15155.633505,True,False,no_target
-422.01306,32,15166.283924,False,True,no_target
104.481865,63,15185.499109,True,False,no_target
-388.5842,47,15186.866029,False,True,no_target
82.26552,58,15188.872293,True,False,no_target
121.719376,62,15191.039908,True,False,no_target
38.58361,60,15191.039908,True,False,no_target
115.476395,61,15191.773921,True,False,no_target
108.95699,69,15191.773921,True,False,no_target
95.15948,60,15194.379596,True,False,no_target
68.68509,58,15195.548974,True,False,no_target
-316.57407,13,15199.945532,False,True,no_target
110.648964,59,15208.011951,True,False,no_target
-409.52646,46,15217.740683,False,True,no_target
-310.76028,42,15221.116613,False,True,no_target
61.523315,53,15227.679218,True,False,no_target
135.8608,63,15232.937495,True,False,no_target
120.205505,66,15232.937495,True,False,no_target
-19.762648,70,15233.632003,True,False,no_target
115.80479,59,15234.957567,True,False,no_target
99.03428,56,15236.726921,True,False,no_target
0.29542974,67,15238.473028,True,False,no_target
69.948,60,15245.596308,True,False,no_target
-336.7521,20,15249.795505,False,True,no_target
-357.17075,32,15251.553632,False,True,no_target
47.04044,62,15254.428403,True,False,no_target
67.57436,65,15259.846594,True,False,no_target
17.686432,61,15265.077501,True,False,no_target
42.299904,60,15270.367364,True,False,no_target
117.08055,62,15272.413939,True,False,no_target
-396.40463,65,15275.067658,False,True,no_target
58.206078,71,15280.259701,True,False,no_target
88.851974,57,15280.966503,True,False,no_target
-316.9808,19,15281.56827,False,True,no_target
-317.15195,19,15286.490259,False,True,no_target
28.071451,64,15290.188779,True,False,no_target
89.18884,62,15290.809162,True,False,no_target
86.60723,59,15296.633534,True,False,no_target
-321.335,14,15298.50698,False,True,no_target
-2.0105827,72,15299.810839,True,False,no_target
-11.944441,68,15306.407886,True,False,no_target
67.51643,62,15309.205158,True,False,no_target
67.52669,54,15312.82362,True,False,no_target
-309.86673,24,15312.82362,False,True,no_target
43.215107,58,15316.259912,True,False,no_target
61.596664,66,15320.347285,True,False,no_target
114.429955,64,15325.120174,True,False,no_target
115.5258,60,15327.00961,True,False,no_target
75.810684,62,15334.384,True,False,no_target
104.73881,60,15335.981417,True,False,no_target
-318.04413,17,15344.078855,False,True,no_target
59.18531,60,15345.284454,True,False,no_target
41.538334,67,15346.646219,True,False,no_target
43.501072,60,15349.216339,True,False,no_target
36.537743,55,15350.228454,True,False,no_target
63.580444,64,15352.00887,True,False,no_target
101.80784,56,15358.99213,True,False,no_target
-39.249714,63,15358.99213,True,False,no_target
59.6537,61,15363.727679,True,False,no_target
120.8686,63,15374.213778,True,False,no_target
111.104675,59,15381.254764,True,False,no_target
72.91933,61,15381.255764,True,False,no_target
113.44316,60,15385.595143,True,False,no_target
101.85257,57,15386.301293,True,False,no_target
85.33666,66,15386.929429,True,False,no_target
106.82444,56,15392.589303,True,False,no_target
127.38772,72,15393.199047,True,False,no_target
-401.03564,62,15396.773855,False,True,no_target
123.4156,60,15401.235192,True,False,no_target
102.71633,55,15407.972883,True,False,no_target
69.627174,62,15418.887357,True,False,no_target
88.77206,61,15422.425407,True,False,no_target
-7.1346807,68,15422.425407,True,False,no_target
106.39595,61,15423.918668,True,False,no_target
114.63194,65,15425.407266,True,False,no_target
76.44745,59,15428.451372,True,False,no_target
54.525307,62,15430.93552,True,False,no_target
42.271027,68,15438.141351,True,False,no_target
-316.28952,28,15440.382092,False,True,no_target
-322.65784,15,15440.869812,False,True,no_target
116.45089,67,15441.289645,True,False,no_target
18.914057,63,15446.389939,True,False,no_target
-348.5492,37,15448.860246,False,True,no_target
99.59759,54,15452.097232,True,False,no_target
110.614655,56,15456.920185,True,False,no_target
-425.44937,47,15457.302688,False,True,no_target
73.243935,59,15459.478138,True,False,no_target
80.76885,61,15474.523432,True,False,no_target
111.37188,58,15475.058829,True,False,no_target
132.70663,61,15476.134855,True,False,no_target
83.483,58,15482.286866,True,False,no_target
33.503654,70,15482.286866,True,False,no_target
44.742138,65,15483.992289,True,False,no_target
36.486485,61,15487.285755,True,False,no_target
-323.7321,21,15487.829586,False,True,no_target
45.936478,62,15492.804074,True,False,no_target
95.852905,61,15495.277584,True,False,no_target
46.866905,68,15497.168961,True,False,no_target
50.06387,66,15513.333494,True,False,no_target
115.763435,61,15518.799525,True,False,no_target
116.23732,58,15522.600075,True,False,no_target
118.99287,61,15523.70365,True,False,no_target
93.30475,69,15524.827636,True,False,no_target
34.793034,73,15525.440614,True,False,no_target
93.225266,57,15526.519047,True,False,no_target
-501.51105,92,15528.761988,False,True,no_target
76.128075,61,15531.422746,True,False,no_target
-15.173439,61,15533.246469,True,False,no_target
90.24869,58,15547.045226,True,False,no_target
38.942394,56,15557.021686,True,False,no_target
71.566986,63,15558.664258,True,False,no_target
81.58986,58,15558.664258,True,False,no_target
122.282974,61,15558.664258,True,False,no_target
118.45729,58,15559.766402,True,False,no_target
53.53459,73,15560.602944,True,False,no_target
109.825676,65,15566.876615,True,False,no_target
99.48323,65,15569.298129,True,False,no_target
5.5051403,68,15572.743237,True,False,no_target
-309.82068,35,15580.843722,False,True,no_target
64.8471,58,15580.843722,True,False,no_target
-340.9507,40,15580.843722,False,True,no_target
35.979507,56,15592.12385,True,False,no_target
63.70835,60,15593.928424,True,False,no_target
75.293175,59,15595.142023,True,False,no_target
90.659676,64,15596.451746,True,False,no_target
77.48478,57,15602.504615,True,False,no_target
-315.79065,14,15604.799617,False,True,no_target
108.02539,66,15605.506685,True,False,no_target
-317.00473,32,15613.082947,False,True,no_target
-338.91226,30,15613.082947,False,True,no_target
43.940643,69,15613.082947,True,False,no_target
98.377914,61,15616.666131,True,False,no_target
51.605225,61,15616.666131,True,False,no_target
59.170643,66,15619.564504,True,False,no_target
-321.6472,17,15626.378587,False,True,no_target
67.46233,62,15628.147599,True,False,no_target
-391.8485,51,15635.72312,False,True,no_target
58.497047,60,15637.963533,True,False,no_target
49.196766,56,15637.963533,True,False,no_target
63.59971,60,15648.054082,True,False,no_target
126.31992,61,15648.59062,True,False,no_target
45.864346,65,15650.823544,True,False,no_target
106.81968,56,15652.151258,True,False,no_target
111.012146,65,15654.22127,True,False,no_target
80.05596,62,15662.154175,True,False,no_target
72.29255,59,15662.154175,True,False,no_target
8.256503,56,15669.884306,True,False,no_target
127.74594,61,15672.732133,True,False,no_target
56.412823,66,15673.334844,True,False,no_target
-352.95248,21,15674.513545,False,True,no_target
112.0352,57,15681.101144,True,False,no_target
77.81118,64,15684.553843,True,False,no_target
104.731094,60,15685.091672,True,False,no_target
-355.54456,21,15686.264967,False,True,no_target
2.7811944,56,15686.264967,True,False,no_target
110.900734,62,15687.516325,True,False,no_target
61.794178,55,15693.805124,True,False,no_target
-378.0564,46,15696.879914,False,True,no_target
-306.79105,25,15702.753623,False,True,no_target
52.121265,61,15708.288135,True,False,no_target
106.69127,65,15711.78455,True,False,no_target
127.533165,59,15716.596049,True,False,no_target
76.23606,58,15720.05255,True,False,no_target
114.02396,58,15720.704078,True,False,no_target
116.853966,58,15721.881502,True,False,no_target
59.078255,65,15725.969665,True,False,no_target
80.613525,56,15731.62289,True,False,no_target
118.47927,61,15732.271559,True,False,no_target
89.73503,58,15738.575716,True,False,no_target
-319.8901,30,15738.575716,False,True,no_target
120.31768,60,15745.469662,True,False,no_target
124.13525,62,15749.665902,True,False,no_target
119.1453,59,15752.608357,True,False,no_target
110.07595,56,15754.244891,True,False,no_target
69.199455,57,15756.399498,True,False,no_target
48.056328,55,15759.367579,True,False,no_target
76.44686,61,15767.673736,True,False,no_target
103.20278,61,15768.16432,True,False,no_target
105.58841,55,15771.160037,True,False,no_target
69.30394,62,15775.349847,True,False,no_target
47.633545,62,15782.033659,True,False,no_target
55.233326,60,15784.906195,True,False,no_target
84.6296,57,15787.720027,True,False,no_target
18.111362,63,15789.724072,True,False,no_target
82.98407,59,15790.922015,True,False,no_target
126.97246,60,15794.148491,True,False,no_target
18.32062,60,15803.087711,True,False,no_target
8.200206,58,15805.002616,True,False,no_target
45.546047,69,15807.822682,True,False,no_target
103.53386,58,15808.877152,True,False,no_target
-317.28586,36,15815.208117,False,True,no_target
115.10055,59,15816.365469,True,False,no_target
84.71231,62,15820.991097,True,False,no_target
-297.88806,33,15822.06252,False,True,no_target
126.937386,58,15824.301608,True,False,no_target
102.53949,64,15824.936318,True,False,no_target
-39.19007,69,15829.951187,True,False,no_target
-364.608,26,15837.404399,False,True,no_target
26.855463,59,15839.163627,True,False,no_target
-346.63974,34,15841.105446,False,True,no_target
97.40447,63,15844.175832,True,False,no_target
135.71414,64,15845.940273,True,False,no_target
115.48117,60,15850.319366,True,False,no_target
0.4879112,59,15851.339147,True,False,no_target
78.224754,57,15863.760309,True,False,no_target
-314.69348,27,15865.747133,False,True,no_target
-314.62515,41,15867.12319,False,True,no_target
116.31152,66,15868.630989,True,False,no_target
103.31823,60,15870.344861,True,False,no_target
-327.0894,16,15876.128655,False,True,no_target
49.766056,64,15882.393234,True,False,no_target
80.02398,66,15885.464029,True,False,no_target
31.474083,58,15886.05709,True,False,no_target
117.26821,59,15890.453444,True,False,no_target
-346.59567,37,15890.453444,False,True,no_target
59.57195,62,15892.781625,True,False,no_target
-344.0006,42,15895.190581,False,True,no_target
100.552475,59,15899.098806,True,False,no_target
37.213516,61,15901.993941,True,False,no_target
34.62082,58,15910.239576,True,False,no_target
110.10154,58,15916.006539,True,False,no_target
99.741714,55,15917.668226,True,False,no_target
63.106842,57,15918.310159,True,False,no_target
113.87261,58,15924.108075,True,False,no_target
51.094753,57,15928.376236,True,False,no_target
9.076886,67,15929.781276,True,False,no_target
4.9071565,66,15931.774933,True,False,no_target
84.50608,60,15934.021527,True,False,no_target
51.537468,66,15940.342766,True,False,no_target
55.01034,64,15948.122083,True,False,no_target
102.67959,60,15951.542228,True,False,no_target
126.31986,58,15952.099465,True,False,no_target
-388.9701,51,15954.546535,False,True,no_target
115.9323,66,15957.457978,True,False,no_target
92.12822,59,15964.539747,True,False,no_target
100.8141,63,15965.629206,True,False,no_target
-360.11237,33,15967.344843,False,True,no_target
112.3395,61,15969.549152,True,False,no_target
76.53337,66,15970.160461,True,False,no_target
-25.017788,60,15975.9809,True,False,no_target
-376.51584,43,15977.143843,False,True,no_target
83.41851,49,15981.350854,True,False,no_target
87.392,56,15992.768171,True,False,no_target
117.24875,65,15995.487858,True,False,no_target
80.11518,58,16004.381665,True,False,no_target
85.8271,65,16009.006914,True,False,no_target
120.64257,64,16011.867309,True,False,no_target
74.51655,61,16013.419081,True,False,no_target
96.36035,66,16015.98635,True,False,no_target
113.49761,65,16023.197672,True,False,no_target
68.1338,68,16023.886865,True,False,no_target
109.775536,59,16023.886865,True,False,no_target
48.974022,56,16032.231188,True,False,no_target
85.09118,57,16035.654653,True,False,no_target
113.373085,57,16048.96579,True,False,no_target
-314.74936,41,16048.96579,False,True,no_target
74.616005,60,16049.534689,True,False,no_target
50.34716,65,16050.139626,True,False,no_target
73.81887,61,16053.517455,True,False,no_target
-46.16827,86,16059.241254,True,False,no_target
130.99101,62,16060.423359,True,False,no_target
21.043846,64,16062.441748,True,False,no_target
121.88852,58,16066.859507,True,False,no_target
48.676403,61,16071.876819,True,False,no_target
-325.06296,26,16078.24716,False,True,no_target
130.62154,61,16085.454483,True,False,no_target
77.01977,62,16085.454483,True,False,no_target
23.257685,63,16086.14729,True,False,no_target
115.12212,63,16087.072426,True,False,no_target
105.64899,64,16091.020477,True,False,no_target
81.18039,55,16093.108942,True,False,no_target
-319.9301,13,16093.851132,False,True,no_target
89.76496,61,16095.431584,True,False,no_target
103.844696,56,16099.693081,True,False,no_target
58.194664,62,16107.77847,True,False,no_target
-393.84363,43,16110.625836,False,True,no_target
40.402687,58,16111.724484,True,False,no_target
76.898636,59,16121.205461,True,False,no_target
30.646227,65,16123.178244,True,False,no_target
94.79141,57,16124.527795,True,False,no_target
81.60299,61,16128.68319,True,False,no_target
115.27833,59,16129.797398,True,False,no_target
41.689453,66,16132.469776,True,False,no_target
101.57694,58,16133.717423,True,False,no_target
65.32744,55,16143.218055,True,False,no_target
-321.00854,20,16144.369449,False,True,no_target
119.74279,63,16144.995999,True,False,no_target
93.42186,61,16147.781286,True,False,no_target
92.35887,60,16156.858218,True,False,no_target
73.69202,65,16161.690735,True,False,no_target
110.27835,60,16166.042423,True,False,no_target
36.483105,71,16167.394217,True,False,no_target
42.221863,57,16168.027273,True,False,no_target
91.32146,68,16169.319541,True,False,no_target
102.784096,59,16177.872895,True,False,no_target
85.61319,59,16178.939069,True,False,no_target
14.310396,60,16180.126521,True,False,no_target
41.59502,72,16190.969779,True,False,no_target
22.226616,58,16192.026923,True,False,no_target
48.642193,61,16198.815477,True,False,no_target
50.867493,56,16200.659389,True,False,no_target
-351.3505,39,16201.699522,False,True,no_target
95.618034,61,16202.393426,True,False,no_target
55.92061,56,16203.137686,True,False,no_target
50.339584,61,16204.052036,True,False,no_target
93.85905,60,16215.992552,True,False,no_target
58.27526,73,16222.280914,True,False,no_target
107.22146,58,16224.978421,True,False,no_target
92.3455,60,16227.246169,True,False,no_target
49.3476,56,16233.192763,True,False,no_target
98.50146,55,16234.414895,True,False,no_target
68.68507,56,16234.414895,True,False,no_target
48.900803,63,16235.59915,True,False,no_target
122.21851,58,16237.723053,True,False,no_target
106.363686,65,16240.615378,True,False,no_target
87.74586,61,16252.017681,True,False,no_target
89.893196,55,16257.882149,True,False,no_target
-342.49673,29,16258.382768,False,True,no_target
107.67834,58,16261.95655,True,False,no_target
127.20443,66,16261.95655,True,False,no_target
49.59512,52,16264.326367,True,False,no_target
97.88777,60,16270.336922,True,False,no_target
91.06304,62,16271.296374,True,False,no_target
118.123024,61,16274.338126,True,False,no_target
114.44955,65,16274.338126,True,False,no_target
-322.30255,21,16282.474709,False,True,no_target
-333.4022,21,16283.996651,False,True,no_target
96.27774,55,16290.78912,True,False,no_target
105.831184,60,16293.28216,True,False,no_target
17.317392,69,16293.28216,True,False,no_target
108.78265,57,16295.646796,True,False,no_target
114.08044,61,16298.716922,True,False,no_target
54.868774,61,16301.154794,True,False,no_target
-345.88364,21,16308.677873,False,True,no_target
109.27927,63,16312.897314,True,False,no_target
54.46353,64,16313.369825,True,False,no_target
-323.44092,36,16315.57691,False,True,no_target
63.72593,57,16317.452301,True,False,no_target
52.45163,59,16319.683219,True,False,no_target
78.49751,58,16326.454023,True,False,no_target
127.42128,63,16331.815405,True,False,no_target
106.395546,55,16333.973467,True,False,no_target
37.30509,59,16333.973467,True,False,no_target
-352.8185,39,16335.89013,False,True,no_target
117.42736,62,16346.021071,True,False,no_target
38.308308,51,16346.021071,True,False,no_target
84.10532,55,16352.563356,True,False,no_target
75.95514,66,16352.563356,True,False,no_target
69.75065,65,16355.728788,True,False,no_target
85.35192,54,16357.866927,True,False,no_target
74.46087,57,16365.200931,True,False,no_target
76.39933,61,16369.510679,True,False,no_target
10.347346,62,16371.746096,True,False,no_target
108.37195,57,16379.09955,True,False,no_target
118.46662,61,16381.44921,True,False,no_target
-494.24265,81,16381.44921,False,True,no_target
78.61322,57,16385.48193,True,False,no_target
30.457405,64,16389.355846,True,False,no_target
109.841576,59,16389.943791,True,False,no_target
74.34984,62,16394.267672,True,False,no_target
57.344826,56,16397.702921,True,False,no_target
55.4532,61,16405.103513,True,False,no_target
116.43634,57,16405.103513,True,False,no_target
102.98578,57,16412.026266,True,False,no_target
102.63468,61,16416.691878,True,False,no_target
-311.3422,20,16416.691878,False,True,no_target
-299.3063,34,16417.298391,False,True,no_target
46.31737,62,16417.298391,True,False,no_target
33.60923,58,16419.183237,True,False,no_target
45.609806,52,16424.110848,True,False,no_target
125.11745,61,16425.306169,True,False,no_target
-321.89108,23,16425.306169,False,True,no_target
110.99588,65,16427.227141,True,False,no_target
37.092148,69,16445.51591,True,False,no_target
112.84776,61,16452.173349,True,False,no_target
70.94552,61,16452.887587,True,False,no_target
51.253075,58,16452.887587,True,False,no_target
-55.318665,66,16455.692718,True,False,no_target
-51.472034,73,16459.150514,True,False,no_target
120.38196,62,16460.636921,True,False,no_target
82.82676,61,16461.333351,True,False,no_target
57.033226,58,16461.333351,True,False,no_target
127.74352,61,16461.333351,True,False,no_target
-347.96606,32,16470.970028,False,True,no_target
93.15374,56,16477.585382,True,False,no_target
92.21319,63,16489.139971,True,False,no_target
109.53095,64,16489.729588,True,False,no_target
25.487862,60,16490.28748,True,False,no_target
53.66714,52,16491.020641,True,False,no_target
115.66614,62,16495.441089,True,False,no_target
76.934746,64,16498.67224,True,False,no_target
43.562153,68,16500.903008,True,False,no_target
81.03132,73,16503.098516,True,False,no_target
113.21124,59,16505.364305,True,False,no_target
102.39767,54,16509.477622,True,False,no_target
86.37853,58,16523.430924,True,False,no_target
95.54289,58,16524.07716,True,False,no_target
114.61345,58,16524.734812,True,False,no_target
86.07188,65,16530.015573,True,False,no_target
57.385445,62,16532.240696,True,False,no_target
72.788185,59,16533.534416,True,False,no_target
110.193245,58,16539.364361,True,False,no_target
50.519157,68,16540.483014,True,False,no_target
21.04036,65,16541.03879,True,False,no_target
109.60986,61,16545.199036,True,False,no_target
-318.1911,21,16551.224432,False,True,no_target
63.89304,55,16555.881873,True,False,no_target
119.21762,61,16559.607242,True,False,no_target
-438.05914,52,16560.418182,False,True,no_target
25.956524,60,16560.418182,True,False,no_target
117.84965,64,16569.494906,True,False,no_target
22.828648,63,16569.91843,True,False,no_target
102.95122,58,16574.646891,True,False,no_target
100.86502,62,16577.289259,True,False,no_target
86.73236,59,16579.688935,True,False,no_target
-306.89676,40,16579.688935,False,True,no_target
63.870068,61,16587.087788,True,False,no_target
108.493904,57,16592.894219,True,False,no_target
-316.3791,25,16594.157681,False,True,no_target
78.24141,62,16595.494961,True,False,no_target
-431.65695,68,16599.471437,False,True,no_target
-315.712,38,16601.804387,False,True,no_target
123.32479,63,16606.250675,True,False,no_target
-319.27975,21,16606.603453,False,True,no_target
106.52677,59,16608.693673,True,False,no_target
21.429417,71,16610.933161,True,False,no_target
118.17679,64,16625.592715,True,False,no_target
79.73133,57,16627.606857,True,False,no_target
-419.032,87,16629.382492,False,True,no_target
79.67948,61,16631.846298,True,False,no_target
71.04027,56,16632.987053,True,False,no_target
118.46369,65,16641.23033,True,False,no_target
120.466705,61,16642.654181,True,False,no_target
71.51657,60,16645.834705,True,False,no_target
75.4697,57,16646.506692,True,False,no_target
38.935883,66,16647.157851,True,False,no_target
109.106316,63,16664.109161,True,False,no_target
36.977512,61,16664.602315,True,False,no_target
70.21419,54,16665.036945,True,False,no_target
115.49214,61,16666.059372,True,False,no_target
79.61436,67,16673.477655,True,False,no_target
85.75165,60,16677.180675,True,False,no_target
-346.68436,25,16679.39951,False,True,no_target
51.155945,58,16680.670065,True,False,no_target
77.97915,59,16682.005546,True,False,no_target
0.7963709,65,16682.005546,True,False,no_target
75.025406,67,16686.036875,True,False,no_target
-325.7656,26,16697.291517,False,True,no_target
78.981735,54,16699.504807,True,False,no_target
87.76764,68,16705.248492,True,False,no_target
50.25604,69,16705.248492,True,False,no_target
64.97422,58,16709.108172,True,False,no_target
81.27372,57,16714.389526,True,False,no_target
66.88252,62,16714.898937,True,False,no_target
26.889523,62,16720.077956,True,False,no_target
76.23201,62,16720.077956,True,False,no_target
131.26405,60,16722.35158,True,False,no_target
-429.7179,35,16726.667893,False,True,no_target
67.31916,66,16736.137822,True,False,no_target
15.895071,69,16739.67408,True,False,no_target
44.053455,60,16740.752578,True,False,no_target
13.64806,56,16741.854466,True,False,no_target
57.13037,55,16746.690355,True,False,no_target
112.43077,64,16752.428601,True,False,no_target
107.32545,57,16753.019293,True,False,no_target
64.06684,55,16754.300748,True,False,no_target
33.54448,62,16756.153658,True,False,no_target
119.15764,61,16762.285511,True,False,no_target
-24.060127,54,16772.64703,True,False,no_target
48.91343,58,16773.763904,True,False,no_target
118.20208,68,16775.995567,True,False,no_target
135.39728,64,16779.407621,True,False,no_target
-415.09763,68,16786.351277,False,True,no_target
99.18311,59,16787.451952,True,False,no_target
40.874886,64,16791.799436,True,False,no_target
-39.20099,63,16792.99893,True,False,no_target
102.50843,60,16797.523407,True,False,no_target
-435.08286,78,16798.326384,False,True,no_target
53.018757,53,16803.438383,True,False,no_target
123.4411,59,16808.336649,True,False,no_target
48.642677,61,16811.85056,True,False,no_target
130.75954,63,16816.403903,True,False,no_target
109.5836,58,16820.638364,True,False,no_target
30.91273,59,16822.422949,True,False,no_target
-321.51935,26,16823.792504,False,True,no_target
73.22312,58,16827.396625,True,False,no_target
112.059685,64,16829.970367,True,False,no_target
91.33612,57,16832.692497,True,False,no_target
95.87287,61,16833.625161,True,False,no_target
115.742775,60,16838.880794,True,False,no_target
64.88336,67,16851.239445,True,False,no_target
57.856174,60,16851.822589,True,False,no_target
68.69796,56,16855.397124,True,False,no_target
82.714226,59,16858.627936,True,False,no_target
-406.421,65,16859.35149,False,True,no_target
78.448975,60,16862.598825,True,False,no_target
-27.478569,56,16862.598825,True,False,no_target
-316.60156,19,16863.193535,False,True,no_target
110.18282,57,16866.837229,True,False,no_target
65.06912,62,16869.013855,True,False,no_target
-312.92957,24,16870.135415,False,True,no_target
-456.75946,79,16885.309994,False,True,no_target
107.641396,67,16890.762809,True,False,no_target
118.04892,59,16893.481512,True,False,no_target
96.505775,61,16895.520946,True,False,no_target
116.9774,61,16898.182599,True,False,no_target
101.68952,61,16898.786831,True,False,no_target
108.95119,65,16900.584304,True,False,no_target
89.95602,57,16901.780865,True,False,no_target
87.56305,62,16903.428705,True,False,no_target
85.920654,64,16907.255974,True,False,no_target
114.87216,58,16919.649234,True,False,no_target
-342.3044,50,16920.270415,False,True,no_target
44.236233,64,16931.388223,True,False,no_target
59.31356,67,16935.246598,True,False,no_target
38.1089,56,16935.834685,True,False,no_target
118.210266,62,16935.834685,True,False,no_target
65.42217,63,16936.93283,True,False,no_target
-5.172586,57,16937.374714,True,False,no_target
73.42424,63,16938.523003,True,False,no_target
107.58427,59,16943.273397,True,False,no_target
-333.61768,17,16952.669748,False,True,no_target
86.49685,65,16958.94435,True,False,no_target
78.628296,65,16959.519434,True,False,no_target
60.617558,61,16967.725904,True,False,no_target
-326.8121,29,16969.933204,False,True,no_target
16.991419,59,16970.550636,True,False,no_target
68.55524,59,16971.851758,True,False,no_target
128.23813,63,16972.377133,True,False,no_target
70.80646,63,16972.966082,True,False,no_target
89.94624,62,16974.189343,True,False,no_target
74.46091,64,16976.6264,True,False,no_target
120.510216,58,16993.858056,True,False,no_target
95.29961,60,16994.4194,True,False,no_target
44.784412,65,17005.489662,True,False,no_target
90.89451,61,17005.489662,True,False,no_target
7.9500856,60,17005.489662,True,False,no_target
104.32046,57,17006.070944,True,False,no_target
56.954002,60,17007.162835,True,False,no_target
-5.7084193,64,17008.788248,True,False,no_target
114.70359,60,17008.788248,True,False,no_target
116.49967,62,17012.087153,True,False,no_target
-7.9753585,58,17026.692066,True,False,no_target
115.89051,64,17030.804845,True,False,no_target
45.72665,54,17036.646882,True,False,no_target
-314.61584,25,17041.200926,False,True,no_target
115.34234,61,17042.450434,True,False,no_target
110.92558,59,17043.153216,True,False,no_target
94.73146,67,17044.381845,True,False,no_target
92.682,69,17045.365325,True,False,no_target
-31.43088,65,17046.346776,True,False,no_target
40.505505,68,17051.725168,True,False,no_target
84.20693,83,17054.104794,True,False,no_target
-352.53735,33,17056.143278,False,True,no_target
103.728134,65,17069.502484,True,False,no_target
91.99915,59,17076.086555,True,False,no_target
95.79475,59,17077.38199,True,False,no_target
132.30917,62,17079.542407,True,False,no_target
123.28616,60,17080.609591,True,False,no_target
113.23338,60,17081.755807,True,False,no_target
77.22411,64,17081.755807,True,False,no_target
100.16868,66,17090.405065,True,False,no_target
-317.23676,20,17093.502264,False,True,no_target
95.80254,66,17094.45173,True,False,no_target
-381.80972,69,17094.45173,False,True,no_target
-322.23776,30,17099.108504,False,True,no_target
57.02625,59,17103.097559,True,False,no_target
109.54089,56,17107.970532,True,False,no_target
82.581635,55,17111.934212,True,False,no_target
112.35419,59,17113.111708,True,False,no_target
85.34159,66,17115.087575,True,False,no_target
-367.8883,39,17126.192027,False,True,no_target
121.15855,64,17128.134715,True,False,no_target
102.29353,57,17128.134715,True,False,no_target
99.537254,63,17130.752496,True,False,no_target
80.82885,62,17131.119434,True,False,no_target
80.40068,61,17135.024806,True,False,no_target
101.534424,62,17144.371505,True,False,no_target
106.14588,57,17145.464521,True,False,no_target
84.81386,58,17147.15594,True,False,no_target
117.78361,59,17149.32485,True,False,no_target
92.40805,59,17160.32743,True,False,no_target
58.9707,61,17163.307308,True,False,no_target
77.94402,60,17165.126546,True,False,no_target
80.15781,65,17165.678379,True,False,no_target
53.010056,60,17165.678379,True,False,no_target
105.904755,62,17170.867271,True,False,no_target
72.66868,57,17179.473486,True,False,no_target
108.40851,65,17182.777343,True,False,no_target
65.39841,60,17182.777343,True,False,no_target
-341.69354,18,17189.977343,False,True,no_target
64.576965,69,17190.647934,True,False,no_target
104.9609,56,17193.457711,True,False,no_target
109.380684,56,17197.811722,True,False,no_target
92.49295,60,17201.376166,True,False,no_target
49.67689,65,17202.031311,True,False,no_target
30.884409,57,17204.646093,True,False,no_target
27.307951,67,17205.209745,True,False,no_target
-318.2604,21,17210.165822,False,True,no_target
54.167694,61,17218.376032,True,False,no_target
130.55739,61,17218.376032,True,False,no_target
4.123135,60,17225.718036,True,False,no_target
117.64374,66,17231.120194,True,False,no_target
52.143433,64,17233.512529,True,False,no_target
54.406696,58,17237.997029,True,False,no_target
113.79007,60,17240.332938,True,False,no_target
94.80248,58,17242.474407,True,False,no_target
59.00794,62,17246.687229,True,False,no_target
47.011448,59,17251.118406,True,False,no_target
115.78882,57,17260.176385,True,False,no_target
63.54621,61,17262.72332,True,False,no_target
87.32437,57,17277.443003,True,False,no_target
82.708626,62,17278.826657,True,False,no_target
2.8770475,71,17283.533811,True,False,no_target
111.991776,59,17286.49141,True,False,no_target
59.88729,60,17289.025306,True,False,no_target
53.421925,62,17295.010442,True,False,no_target
95.973,58,17296.486268,True,False,no_target
101.43361,58,17305.093752,True,False,no_target
-377.05948,43,17309.61729,False,True,no_target
130.5987,60,17309.61729,True,False,no_target
12.626756,54,17316.643774,True,False,no_target
-384.7765,43,17317.071234,False,True,no_target
-370.9427,33,17318.143633,False,True,no_target
-532.79987,102,17318.791554,False,True,no_target
35.126064,64,17324.651828,True,False,no_target
84.94742,68,17329.39574,True,False,no_target
98.25927,64,17334.646151,True,False,no_target
-331.72974,17,17339.107001,False,True,no_target
109.75189,57,17339.107001,True,False,no_target
123.01807,59,17343.649137,True,False,no_target
81.215256,63,17346.177638,True,False,no_target
-309.77463,18,17349.46606,False,True,no_target
-320.1374,26,17349.46606,False,True,no_target
121.21639,57,17351.782128,True,False,no_target
70.57734,65,17356.069299,True,False,no_target
102.70301,54,17356.069299,True,False,no_target
62.181507,67,17356.069299,True,False,no_target
-429.78915,73,17359.213355,False,True,no_target
109.37631,62,17375.959121,True,False,no_target
-320.11478,34,17376.340713,False,True,no_target
53.72701,58,17378.051314,True,False,no_target
93.692215,55,17381.867006,True,False,no_target
84.654366,61,17381.867006,True,False,no_target
104.37483,56,17382.431768,True,False,no_target
84.69115,64,17389.475071,True,False,no_target
41.003273,66,17394.796338,True,False,no_target
118.75954,65,17397.562193,True,False,no_target
-424.2857,75,17400.053325,False,True,no_target
113.10599,60,17410.266798,True,False,no_target
114.156586,60,17410.989834,True,False,no_target
88.32042,64,17415.124152,True,False,no_target
113.75282,61,17417.387027,True,False,no_target
92.05087,63,17418.870565,True,False,no_target
-322.30905,14,17423.919659,False,True,no_target
41.671364,72,17424.838935,True,False,no_target
71.617615,62,17426.851412,True,False,no_target
79.989456,58,17432.067064,True,False,no_target
112.49225,60,17436.018366,True,False,no_target
0.19933756,70,17436.554881,True,False,no_target
-322.4022,14,17439.948795,False,True,no_target
75.87234,57,17444.89991,True,False,no_target
-349.56262,20,17447.753888,False,True,no_target
-414.7726,71,17453.050085,False,True,no_target
109.85284,56,17459.780576,True,False,no_target
59.853962,64,17461.975361,True,False,no_target
121.68449,64,17462.613336,True,False,no_target
-417.16672,75,17462.613336,False,True,no_target
-403.0835,82,17468.446622,False,True,no_target
13.409777,60,17471.375818,True,False,no_target
23.612015,57,17473.894768,True,False,no_target
129.63602,60,17483.427622,True,False,no_target
55.35589,65,17483.427622,True,False,no_target
75.21774,59,17488.235229,True,False,no_target
108.247894,59,17494.541022,True,False,no_target
-8.521837,58,17496.731093,True,False,no_target
-1.6846828,60,17497.333616,True,False,no_target
84.78563,63,17499.632457,True,False,no_target
74.080284,53,17502.690284,True,False,no_target
108.911385,62,17504.788718,True,False,no_target
65.84776,59,17508.225033,True,False,no_target
95.398315,57,17517.603332,True,False,no_target
39.774975,59,17518.919863,True,False,no_target
79.562454,62,17525.477015,True,False,no_target
-321.60065,14,17526.590865,False,True,no_target
59.02881,59,17533.14411,True,False,no_target
66.91935,62,17534.393014,True,False,no_target
48.56963,56,17536.607576,True,False,no_target
-30.403885,71,17537.260605,True,False,no_target
51.80556,66,17539.3486,True,False,no_target
108.574135,58,17544.903715,True,False,no_target
63.262928,70,17549.874084,True,False,no_target
-298.3797,43,17557.040782,False,True,no_target
115.421684,57,17558.736526,True,False,no_target
20.520874,57,17566.54668,True,False,no_target
112.4297,60,17578.262312,True,False,no_target
52.654316,58,17581.323591,True,False,no_target
34.397354,64,17581.926764,True,False,no_target
-312.37778,34,17581.926764,False,True,no_target
81.12326,63,17583.846558,True,False,no_target
117.99715,64,17587.634716,True,False,no_target
64.07046,58,17588.634198,True,False,no_target
41.30813,64,17596.909354,True,False,no_target
-317.61328,26,17599.533504,False,True,no_target
97.624504,64,17605.447798,True,False,no_target
82.27848,60,17610.035734,True,False,no_target
115.192085,58,17620.135318,True,False,no_target
92.27855,57,17624.098966,True,False,no_target
124.67752,60,17625.339596,True,False,no_target
83.84248,59,17627.406436,True,False,no_target
119.43658,58,17631.358289,True,False,no_target
63.790604,63,17636.236507,True,False,no_target
95.091034,58,17642.587844,True,False,no_target
123.43698,65,17644.368468,True,False,no_target
112.6337,60,17647.008728,True,False,no_target
133.88782,60,17650.356881,True,False,no_target
39.066452,59,17658.591921,True,False,no_target
107.46608,58,17660.687067,True,False,no_target
109.2367,59,17662.739327,True,False,no_target
103.08334,57,17663.43547,True,False,no_target
104.17768,57,17671.676429,True,False,no_target
-31.593452,75,17681.726552,True,False,no_target
93.546265,59,17682.146539,True,False,no_target
75.76881,56,17682.146539,True,False,no_target
21.57877,63,17688.761318,True,False,no_target
-316.7139,18,17691.70265,False,True,no_target
62.538433,67,17694.443688,True,False,no_target
-372.83197,58,17696.760969,False,True,no_target
109.675934,59,17701.406554,True,False,no_target
101.66046,62,17701.406554,True,False,no_target
-8.849808,60,17702.433358,True,False,no_target
103.83591,62,17709.715185,True,False,no_target
112.64458,58,17714.743469,True,False,no_target
73.72474,60,17715.77621,True,False,no_target
63.426266,62,17724.215337,True,False,no_target
103.581406,59,17728.463982,True,False,no_target
85.61305,64,17728.463982,True,False,no_target
118.75345,57,17734.624316,True,False,no_target
105.14222,66,17735.387535,True,False,no_target
-303.44537,36,17736.481812,False,True,no_target
96.98921,61,17737.112126,True,False,no_target
-9.891325,61,17738.234951,True,False,no_target
-330.14368,15,17746.693247,False,True,no_target
-370.4311,21,17748.32888,False,True,no_target
85.66111,70,17750.691739,True,False,no_target
-379.9447,47,17751.864824,False,True,no_target
34.569656,63,17753.05627,True,False,no_target
12.849153,56,17761.251957,True,False,no_target
66.248726,61,17764.631077,True,False,no_target
-304.9486,27,17767.661942,False,True,no_target
78.107506,59,17768.824768,True,False,no_target
-42.000526,69,17775.201839,True,False,no_target
112.100716,67,17775.721197,True,False,no_target
77.69428,64,17783.968235,True,False,no_target
56.919,62,17784.479692,True,False,no_target
64.25006,61,17786.427679,True,False,no_target
120.570175,61,17788.831658,True,False,no_target
17.600857,57,17794.541059,True,False,no_target
54.162186,57,17798.117431,True,False,no_target
21.823093,56,17800.846746,True,False,no_target
-36.96085,63,17806.686964,True,False,no_target
-335.09662,40,17810.850718,False,True,no_target
120.17073,60,17812.038022,True,False,no_target
75.60073,62,17812.601494,True,False,no_target
123.38468,60,17820.458428,True,False,no_target
121.21487,64,17823.737435,True,False,no_target
82.03524,63,17827.284293,True,False,no_target
77.11979,54,17828.011714,True,False,no_target
36.12231,57,17832.480884,True,False,no_target
52.209515,67,17841.560999,True,False,no_target
108.15634,59,17842.165578,True,False,no_target
73.62741,56,17846.369413,True,False,no_target
110.54698,57,17847.755949,True,False,no_target
-376.89447,24,17847.755949,False,True,no_target
84.19966,64,17849.916512,True,False,no_target
86.87379,56,17858.244305,True,False,no_target
104.00955,67,17861.572856,True,False,no_target
-310.90912,19,17861.572856,False,True,no_target
41.632034,63,17866.034794,True,False,no_target
53.822674,64,17866.034794,True,False,no_target
62.357727,56,17875.26739,True,False,no_target
74.93572,57,17876.397688,True,False,no_target
71.23271,58,17881.61933,True,False,no_target
83.53002,60,17882.750232,True,False,no_target
-424.83078,78,17892.287008,False,True,no_target
126.68582,59,17892.287008,True,False,no_target
-374.36987,51,17895.919502,False,True,no_target
49.500175,60,17896.554596,True,False,no_target
117.54075,63,17898.436317,True,False,no_target
98.03567,62,17902.95358,True,False,no_target
34.280205,59,17910.141436,True,False,no_target
70.24201,61,17912.797122,True,False,no_target
-304.55887,38,17915.130758,False,True,no_target
40.728085,64,17921.202172,True,False,no_target
113.23746,67,17921.801038,True,False,no_target
-418.6633,44,17928.668473,False,True,no_target
53.53485,56,17929.314387,True,False,no_target
116.58034,59,17931.76613,True,False,no_target
-393.39047,69,17933.376328,False,True,no_target
40.80369,61,17934.847256,True,False,no_target
-313.28113,24,17943.378059,False,True,no_target
52.72702,66,17949.147126,True,False,no_target
-315.257,25,17949.147126,False,True,no_target
96.515335,64,17950.295867,True,False,no_target
80.1086,61,17950.901736,True,False,no_target
134.33885,61,17957.218815,True,False,no_target
135.15617,62,17958.427087,True,False,no_target
-315.2228,21,17961.63724,False,True,no_target
-407.65875,54,17963.485517,False,True,no_target
-319.2302,21,17963.485517,False,True,no_target
-0.02119415,60,17963.977404,True,False,no_target
94.836464,68,17974.708169,True,False,no_target
115.150276,60,17980.851942,True,False,no_target
89.59537,61,17990.017828,True,False,no_target
79.97981,60,17990.713943,True,False,no_target
64.00241,62,17999.339146,True,False,no_target
23.225494,54,18002.224973,True,False,no_target
107.08927,65,18003.059498,True,False,no_target
40.984997,57,18003.72301,True,False,no_target
121.68013,59,18005.190241,True,False,no_target
-310.84497,23,18006.645874,False,True,no_target
92.17726,67,18008.885551,True,False,no_target
31.737669,60,18018.777476,True,False,no_target
109.73153,57,18024.101065,True,False,no_target
110.17304,58,18032.674091,True,False,no_target
49.217937,56,18043.752506,True,False,no_target
103.51426,63,18044.433161,True,False,no_target
-340.2731,32,18045.359406,False,True,no_target
97.209724,61,18046.289835,True,False,no_target
21.29456,56,18047.172975,True,False,no_target
110.78458,62,18048.086711,True,False,no_target
12.385594,59,18048.086711,True,False,no_target
75.34413,58,18052.754876,True,False,no_target
-316.71408,15,18057.657924,False,True,no_target
57.240463,67,18068.33568,True,False,no_target
-347.2518,19,18070.707489,False,True,no_target
125.70317,61,18076.682429,True,False,no_target
-384.59784,48,18081.436637,False,True,no_target
118.00183,57,18089.324643,True,False,no_target
107.52425,63,18090.118753,True,False,no_target
130.60214,62,18091.915017,True,False,no_target
124.90552,68,18094.422833,True,False,no_target
82.140366,62,18094.984252,True,False,no_target
-409.3413,76,18102.407491,False,True,no_target
-351.6049,48,18103.775648,False,True,no_target
54.51324,62,18110.370916,True,False,no_target
-346.39545,32,18111.661858,False,True,no_target
63.4193,60,18116.334276,True,False,no_target
-362.33905,45,18118.726476,False,True,no_target
122.90476,60,18121.479853,True,False,no_target
-313.58447,18,18127.628829,False,True,no_target
31.376045,57,18128.940325,True,False,no_target
71.94501,57,18131.478939,True,False,no_target
54.231205,54,18139.604056,True,False,no_target
53.576984,68,18142.378038,True,False,no_target
-28.067406,66,18151.739787,True,False,no_target
120.171196,57,18153.818058,True,False,no_target
115.28731,62,18159.851632,True,False,no_target
122.780136,69,18171.022065,True,False,no_target
3.3878095,71,18174.531779,True,False,no_target
73.7535,61,18174.531779,True,False,no_target
75.029724,58,18176.352373,True,False,no_target
35.46309,68,18179.836189,True,False,no_target
-318.4072,13,18182.180183,False,True,no_target
112.1071,61,18185.093144,True,False,no_target
82.43717,64,18185.784322,True,False,no_target
11.067435,57,18189.80116,True,False,no_target
67.92473,69,18195.216209,True,False,no_target
101.60577,64,18198.141202,True,False,no_target
107.87731,61,18209.325765,True,False,no_target
32.869274,60,18212.268868,True,False,no_target
105.31057,57,18212.268868,True,False,no_target
93.359406,59,18216.856911,True,False,no_target
-326.28854,30,18217.58672,False,True,no_target
67.84734,69,18226.152312,True,False,no_target
111.40148,67,18228.80908,True,False,no_target
116.06223,69,18230.922106,True,False,no_target
35.48412,58,18233.733371,True,False,no_target
1.5533025,71,18236.265655,True,False,no_target
-300.80328,41,18244.919453,False,True,no_target
98.6727,63,18249.640128,True,False,no_target
45.49324,61,18251.345735,True,False,no_target
9.188531,62,18251.921661,True,False,no_target
52.0646,62,18257.052126,True,False,no_target
124.46701,60,18264.166175,True,False,no_target
78.64919,60,18265.781842,True,False,no_target
61.352985,59,18269.300452,True,False,no_target
33.93955,65,18270.444857,True,False,no_target
63.87268,64,18274.775562,True,False,no_target
120.629105,61,18280.601901,True,False,no_target
19.66705,60,18284.753431,True,False,no_target
102.66854,58,18285.453049,True,False,no_target
29.074036,55,18289.312675,True,False,no_target
85.48493,64,18290.164671,True,False,no_target
91.6742,59,18300.335675,True,False,no_target
109.61605,63,18300.720816,True,False,no_target
88.75948,57,18302.438401,True,False,no_target
0.68869597,60,18305.294214,True,False,no_target
90.12954,60,18309.776319,True,False,no_target
-8.275577,62,18317.159949,True,False,no_target
115.1216,57,18318.837326,True,False,no_target
34.26765,57,18322.541798,True,False,no_target
-301.21887,40,18329.277838,False,True,no_target
110.22559,67,18329.277838,True,False,no_target
-447.73892,77,18330.35046,False,True,no_target
79.04821,61,18336.087197,True,False,no_target
116.34856,58,18336.642775,True,False,no_target
16.907045,54,18341.352028,True,False,no_target
-309.7451,40,18342.787249,False,True,no_target
-427.037,77,18345.943154,False,True,no_target
-331.25018,47,18350.211237,False,True,no_target
59.85312,66,18356.654226,True,False,no_target
44.678326,61,18364.872367,True,False,no_target
112.87977,59,18364.872367,True,False,no_target
63.47914,62,18365.40497,True,False,no_target
114.80613,61,18371.47245,True,False,no_target
105.35712,69,18376.786722,True,False,no_target
57.61567,59,18376.786722,True,False,no_target
85.012566,62,18377.446108,True,False,no_target
111.13629,62,18386.324059,True,False,no_target
-448.8549,74,18399.257613,False,True,no_target
121.5432,60,18399.841615,True,False,no_target
73.02087,61,18400.436634,True,False,no_target
-509.96124,102,18405.739626,False,True,no_target
9.659765,50,18406.280843,True,False,no_target
61.122536,70,18406.280843,True,False,no_target
86.16337,66,18410.332269,True,False,no_target
86.51737,64,18414.86735,True,False,no_target
52.55835,66,18416.488172,True,False,no_target
107.23396,54,18418.267904,True,False,no_target
35.794514,56,18432.590372,True,False,no_target
122.39869,59,18434.762439,True,False,no_target
123.37605,58,18434.762439,True,False,no_target
-346.1309,40,18438.086933,False,True,no_target
80.57343,57,18439.928789,True,False,no_target
87.50977,59,18440.457762,True,False,no_target
126.25336,62,18442.737714,True,False,no_target
76.29137,66,18449.396462,True,False,no_target
-325.36584,15,18451.92457,False,True,no_target
99.01463,63,18453.767847,True,False,no_target
-8.262639,76,18463.133541,True,False,no_target
58.227093,53,18466.307585,True,False,no_target
-315.8485,29,18466.913927,False,True,no_target
62.00017,58,18466.913927,True,False,no_target
89.10047,56,18471.327296,True,False,no_target
81.86335,64,18472.34013,True,False,no_target
88.71772,64,18478.202481,True,False,no_target
94.765816,63,18478.202481,True,False,no_target
-301.33557,43,18479.193523,False,True,no_target
-314.71417,32,18485.392221,False,True,no_target
-341.86386,16,18487.319699,False,True,no_target
-310.2545,45,18489.878733,False,True,no_target
93.48707,66,18490.962269,True,False,no_target
-391.04028,41,18495.466759,False,True,no_target
88.67978,57,18499.995854,True,False,no_target
82.18793,71,18507.397834,True,False,no_target
127.8445,62,18508.485796,True,False,no_target
116.38327,63,18514.118832,True,False,no_target
28.00813,67,18517.621614,True,False,no_target
90.984055,57,18518.16235,True,False,no_target
24.93752,56,18519.585251,True,False,no_target
97.20921,58,18524.174363,True,False,no_target
116.65956,63,18525.976908,True,False,no_target
103.48065,59,18529.355991,True,False,no_target
60.286293,57,18532.915644,True,False,no_target
38.864017,61,18543.135682,True,False,no_target
-6.7005143,55,18546.596553,True,False,no_target
79.505714,65,18546.596553,True,False,no_target
114.14207,58,18552.542179,True,False,no_target
107.252014,63,18555.013648,True,False,no_target
71.52579,62,18556.165708,True,False,no_target
128.72438,62,18560.856642,True,False,no_target
-317.38248,15,18561.433326,False,True,no_target
95.512566,62,18562.714895,True,False,no_target
-337.2487,63,18566.427511,False,True,no_target
42.29988,58,18566.9725,True,False,no_target
-388.9881,44,18572.198004,False,True,no_target
16.835386,64,18580.800442,True,False,no_target
9.5880785,66,18585.154862,True,False,no_target
124.276474,60,18591.36536,True,False,no_target
113.42638,58,18596.323079,True,False,no_target
64.423004,72,18597.014961,True,False,no_target
91.436676,62,18597.014961,True,False,no_target
53.653778,62,18597.720761,True,False,no_target
122.61403,59,18602.003069,True,False,no_target
83.532974,66,18610.945038,True,False,no_target
43.729515,53,18611.516335,True,False,no_target
38.114315,64,18623.620808,True,False,no_target
-508.2848,97,18624.148739,False,True,no_target
32.96699,62,18628.513308,True,False,no_target
27.583603,53,18629.018592,True,False,no_target
-22.138136,57,18632.126252,True,False,no_target
54.15289,63,18635.0585,True,False,no_target
45.51701,67,18636.898556,True,False,no_target
118.3147,60,18637.982867,True,False,no_target
106.45627,60,18646.984865,True,False,no_target
51.85291,65,18650.721564,True,False,no_target
60.068733,59,18658.55068,True,False,no_target
78.55376,59,18659.26266,True,False,no_target
132.00275,60,18664.595748,True,False,no_target
79.72501,69,18669.236233,True,False,no_target
58.109722,57,18670.403966,True,False,no_target
66.73146,64,18672.744555,True,False,no_target
44.782352,60,18673.319904,True,False,no_target
-424.77243,75,18676.290258,False,True,no_target
70.764046,61,18687.890128,True,False,no_target
54.40482,67,18687.890128,True,False,no_target
-360.2677,30,18694.456613,False,True,no_target
58.40703,68,18698.955557,True,False,no_target
-13.105006,68,18699.490217,True,False,no_target
102.73931,64,18702.859053,True,False,no_target
20.1387,59,18705.186675,True,False,no_target
-10.098574,60,18707.42159,True,False,no_target
15.449386,58,18709.076405,True,False,no_target
107.35528,65,18712.763229,True,False,no_target
45.64741,54,18721.022067,True,False,no_target
107.91013,58,18723.172949,True,False,no_target
-315.57477,22,18725.961782,False,True,no_target
88.53467,58,18730.268555,True,False,no_target
120.99348,61,18736.379571,True,False,no_target
83.84072,62,18737.258876,True,False,no_target
116.45868,61,18739.508101,True,False,no_target
78.883545,61,18743.048744,True,False,no_target
101.979904,68,18745.400091,True,False,no_target
40.79314,67,18748.579175,True,False,no_target
-368.70203,46,18749.755909,False,True,no_target
118.742615,61,18756.282423,True,False,no_target
-327.0694,14,18756.872278,False,True,no_target
105.42629,58,18759.814063,True,False,no_target
90.43556,59,18764.695209,True,False,no_target
110.111946,55,18771.896539,True,False,no_target
33.049908,63,18773.096209,True,False,no_target
-399.57877,48,18773.669816,False,True,no_target
103.09383,62,18773.669816,True,False,no_target
91.09103,66,18781.640606,True,False,no_target
56.665848,59,18784.800042,True,False,no_target
-339.68976,34,18784.800042,False,True,no_target
24.526768,60,18791.290616,True,False,no_target
35.810764,63,18793.59763,True,False,no_target
31.52257,60,18794.736787,True,False,no_target
-366.62418,38,18806.6928,False,True,no_target
105.5868,60,18808.754427,True,False,no_target
113.59658,66,18811.492483,True,False,no_target
-373.28128,71,18813.217716,False,True,no_target
45.14042,68,18813.217716,True,False,no_target
73.3706,58,18815.784562,True,False,no_target
117.22826,60,18819.469483,True,False,no_target
-322.7294,13,18823.404973,False,True,no_target
101.33052,57,18827.244245,True,False,no_target
-311.99457,38,18828.421934,False,True,no_target
52.96117,66,18829.586705,True,False,no_target
-20.040527,64,18831.868002,True,False,no_target
-320.0358,25,18842.56503,False,True,no_target
1.9530063,67,18847.489281,True,False,no_target
63.53666,62,18847.489281,True,False,no_target
103.96543,60,18848.04994,True,False,no_target
64.93019,67,18852.58569,True,False,no_target
104.08983,59,18853.70758,True,False,no_target
27.256924,57,18856.612833,True,False,no_target
88.68316,63,18863.961655,True,False,no_target
104.91066,62,18866.666408,True,False,no_target
89.9485,59,18867.480175,True,False,no_target
-330.0551,25,18869.82676,False,True,no_target
-313.43472,25,18872.512924,False,True,no_target
21.493452,60,18879.299367,True,False,no_target
105.89571,55,18881.136751,True,False,no_target
105.25095,62,18885.547122,True,False,no_target
107.469635,65,18887.779468,True,False,no_target
61.037445,64,18891.53934,True,False,no_target
47.0067,53,18898.861311,True,False,no_target
53.509926,60,18900.040687,True,False,no_target
116.118034,59,18904.19652,True,False,no_target
134.70137,69,18907.902202,True,False,no_target
126.15624,61,18908.446007,True,False,no_target
101.523865,65,18917.973171,True,False,no_target
35.478863,55,18920.38439,True,False,no_target
93.9105,69,18922.058872,True,False,no_target
37.514404,63,18922.588463,True,False,no_target
103.70084,63,18929.157576,True,False,no_target
113.481804,58,18933.493988,True,False,no_target
73.36643,62,18936.698291,True,False,no_target
52.212376,61,18940.137488,True,False,no_target
79.88099,62,18945.550901,True,False,no_target
-25.141737,67,18947.747513,True,False,no_target
108.20293,61,18954.268003,True,False,no_target
87.55604,62,18957.220315,True,False,no_target
102.35459,66,18961.130632,True,False,no_target
-354.41052,41,18961.130632,False,True,no_target
63.04161,57,18962.319444,True,False,no_target
108.897156,59,18968.116096,True,False,no_target
57.422493,80,18970.20077,True,False,no_target
116.80385,59,18976.427259,True,False,no_target
121.59369,59,18981.398176,True,False,no_target
93.88838,58,18983.416303,True,False,no_target
107.63436,63,18992.459151,True,False,no_target
21.948227,60,18993.601329,True,False,no_target
106.00242,56,18996.227056,True,False,no_target
116.43198,58,18996.227056,True,False,no_target
-10.789189,69,19002.800232,True,False,no_target
104.87735,58,19003.290886,True,False,no_target
74.78826,58,19005.265088,True,False,no_target
82.13142,64,19013.731292,True,False,no_target
40.47714,59,19015.714773,True,False,no_target
101.92536,61,19018.871491,True,False,no_target
106.30724,60,19027.767779,True,False,no_target
49.80612,58,19031.043273,True,False,no_target
90.171844,64,19031.691071,True,False,no_target
47.815228,62,19033.496541,True,False,no_target
61.56743,62,19039.648773,True,False,no_target
55.0239,65,19042.068416,True,False,no_target
41.175003,63,19042.644089,True,False,no_target
87.82546,56,19049.435992,True,False,no_target
-34.143333,69,19055.520963,True,False,no_target
10.543055,66,19058.444034,True,False,no_target
35.714455,56,19066.676632,True,False,no_target
80.667274,60,19067.40143,True,False,no_target
64.01768,68,19068.409261,True,False,no_target
56.99847,63,19068.409261,True,False,no_target
-325.47787,28,19074.757446,False,True,no_target
63.62447,59,19076.91703,True,False,no_target
136.29591,65,19078.030322,True,False,no_target
24.812176,64,19080.436374,True,False,no_target
-307.76654,23,19081.671548,False,True,no_target
61.919884,58,19083.76213,True,False,no_target
-316.27142,30,19084.430089,False,True,no_target
121.422104,61,19091.197793,True,False,no_target
68.95757,57,19102.142674,True,False,no_target
124.72612,64,19105.008848,True,False,no_target
-345.9066,41,19106.10003,False,True,no_target
82.17755,54,19106.684626,True,False,no_target
-394.2624,47,19108.549861,False,True,no_target
109.21765,57,19110.746647,True,False,no_target
126.0574,62,19115.033502,True,False,no_target
-334.6264,26,19120.17371,False,True,no_target
33.76234,63,19120.744091,True,False,no_target
125.84363,62,19120.744091,True,False,no_target
104.55378,59,19125.920287,True,False,no_target
63.50168,55,19133.907929,True,False,no_target
76.5607,60,19141.203117,True,False,no_target
124.01643,59,19141.203117,True,False,no_target
90.70421,59,19142.42266,True,False,no_target
97.17748,60,19145.512349,True,False,no_target
87.389305,59,19149.051226,True,False,no_target
58.371502,51,19150.29997,True,False,no_target
56.327026,56,19152.762561,True,False,no_target
122.417366,62,19156.970051,True,False,no_target
-306.56024,26,19161.029644,False,True,no_target
119.63203,60,19161.029644,True,False,no_target
106.63009,63,19170.978057,True,False,no_target
45.548985,57,19176.339236,True,False,no_target
-319.4245,63,19177.891633,False,True,no_target
8.711201,54,19181.769418,True,False,no_target
-375.3477,71,19182.352788,False,True,no_target
43.154865,59,19183.527728,True,False,no_target
75.148766,55,19184.93571,True,False,no_target
-318.67578,17,19186.122894,False,True,no_target
109.51474,67,19195.494383,True,False,no_target
93.54368,61,19196.05326,True,False,no_target
9.0528145,62,19196.607347,True,False,no_target
-315.4915,26,19197.199165,False,True,no_target
90.43169,60,19204.894742,True,False,no_target
111.9731,57,19209.932117,True,False,no_target
-336.27652,43,19209.932117,False,True,no_target
-314.12396,24,19210.370246,False,True,no_target
1.3421682,52,19213.027647,True,False,no_target
141.24303,62,19217.649991,True,False,no_target
103.63116,62,19220.737228,True,False,no_target
47.132183,60,19230.935509,True,False,no_target
-312.04025,37,19232.515621,False,True,no_target
114.08727,65,19234.074089,True,False,no_target
61.24058,67,19235.860513,True,False,no_target
-3.6067457,60,19240.703029,True,False,no_target
-316.67923,15,19245.040289,False,True,no_target
43.071888,58,19247.707603,True,False,no_target
34.27928,63,19247.707603,True,False,no_target
64.31647,63,19248.296451,True,False,no_target
116.35835,59,19252.608873,True,False,no_target
58.878376,59,19255.450285,True,False,no_target
-319.09152,29,19267.172556,False,True,no_target
79.88556,64,19270.574602,True,False,no_target
77.37787,64,19272.506439,True,False,no_target
66.53416,65,19274.98999,True,False,no_target
100.03815,58,19277.4932,True,False,no_target
102.45608,57,19284.820857,True,False,no_target
98.99135,65,19285.934717,True,False,no_target
87.44653,60,19285.934717,True,False,no_target
74.62265,57,19291.730818,True,False,no_target
-336.34296,29,19292.338672,False,True,no_target
80.98898,66,19294.295057,True,False,no_target
114.529335,56,19300.351454,True,False,no_target
126.96638,62,19307.067278,True,False,no_target
57.522034,60,19307.752571,True,False,no_target
-327.02957,36,19313.331455,False,True,no_target
121.39896,63,19315.347031,True,False,no_target
78.786095,58,19319.999423,True,False,no_target
118.45107,66,19325.847212,True,False,no_target
104.71461,66,19325.847212,True,False,no_target
131.06311,61,19329.852797,True,False,no_target
88.76369,61,19331.847273,True,False,no_target
-303.82333,40,19333.553761,False,True,no_target
102.84225,56,19335.314665,True,False,no_target
46.687965,58,19349.597682,True,False,no_target
95.9699,69,19351.052094,True,False,no_target
120.416985,63,19354.472522,True,False,no_target
93.324425,58,19355.756744,True,False,no_target
26.607414,63,19364.044781,True,False,no_target
21.395237,60,19365.713798,True,False,no_target
19.966236,68,19366.824996,True,False,no_target
79.74519,59,19368.592999,True,False,no_target
96.713776,62,19368.592999,True,False,no_target
-5.309635,59,19370.229055,True,False,no_target
-305.50162,38,19376.194094,False,True,no_target
-305.27982,42,19379.824209,False,True,no_target
107.8325,59,19384.024626,True,False,no_target
120.866325,65,19388.32415,True,False,no_target
110.84822,59,19399.940484,True,False,no_target
122.48268,59,19402.832014,True,False,no_target
114.32379,64,19404.019575,True,False,no_target
-368.78516,27,19404.019575,False,True,no_target
112.5146,69,19404.019575,True,False,no_target
115.52868,60,19405.127015,True,False,no_target
39.212887,68,19407.854952,True,False,no_target
95.704544,56,19408.423707,True,False,no_target
34.346527,56,19412.162485,True,False,no_target
-320.3878,15,19413.925176,False,True,no_target
130.66045,62,19419.464457,True,False,no_target
-314.5943,26,19428.650807,False,True,no_target
75.1598,64,19436.90263,True,False,no_target
89.83672,57,19436.90263,True,False,no_target
110.321144,60,19437.480097,True,False,no_target
114.27821,58,19437.480097,True,False,no_target
87.5144,60,19438.656018,True,False,no_target
26.64648,57,19441.59077,True,False,no_target
-29.064844,63,19444.556115,True,False,no_target
95.03541,64,19449.297379,True,False,no_target
88.14378,62,19455.557098,True,False,no_target
14.766448,54,19460.276976,True,False,no_target
25.333923,54,19469.890236,True,False,no_target
75.35053,58,19470.489054,True,False,no_target
119.45759,58,19471.062998,True,False,no_target
97.16113,60,19471.768302,True,False,no_target
123.688225,61,19473.194733,True,False,no_target
95.80342,56,19473.972184,True,False,no_target
62.92496,57,19477.483018,True,False,no_target
9.508087,67,19493.495857,True,False,no_target
111.7498,58,19494.745219,True,False,no_target
121.63917,62,19501.58583,True,False,no_target
61.761463,58,19509.971652,True,False,no_target
61.084934,59,19510.933836,True,False,no_target
38.164295,57,19511.487043,True,False,no_target
82.97584,55,19511.487043,True,False,no_target
113.96804,61,19512.664106,True,False,no_target
44.12335,64,19512.664106,True,False,no_target
16.007748,61,19518.857237,True,False,no_target
118.74987,59,19528.839366,True,False,no_target
22.992455,57,19528.839366,True,False,no_target
49.651524,61,19538.891672,True,False,no_target
62.59214,54,19545.845376,True,False,no_target
22.89559,56,19545.845376,True,False,no_target
26.329594,61,19548.36552,True,False,no_target
129.5642,63,19549.959669,True,False,no_target
94.58291,66,19549.959669,True,False,no_target
33.003857,65,19552.400829,True,False,no_target
-342.7551,16,19555.253606,False,True,no_target
22.043821,64,19557.778835,True,False,no_target
-314.9901,22,19559.288719,False,True,no_target
58.590725,59,19564.286678,True,False,no_target
82.55693,66,19568.611348,True,False,no_target
117.57864,63,19576.097756,True,False,no_target
-350.3616,40,19582.073444,False,True,no_target
82.90614,58,19583.4949,True,False,no_target
77.44536,57,19584.555641,True,False,no_target
97.65288,63,19588.170029,True,False,no_target
47.18897,59,19591.026303,True,False,no_target
103.45228,56,19592.812637,True,False,no_target
20.364943,69,19593.975871,True,False,no_target
-332.79666,30,19606.341645,False,True,no_target
77.005356,62,19606.341645,True,False,no_target
82.173134,75,19609.8911,True,False,no_target
61.65562,59,19612.429369,True,False,no_target
112.62104,56,19616.301012,True,False,no_target
62.866837,59,19619.106432,True,False,no_target
111.172134,58,19619.592028,True,False,no_target
-314.76938,24,19620.757251,False,True,no_target
-315.37457,20,19631.264977,False,True,no_target
2.6488004,68,19631.826569,True,False,no_target
102.03424,66,19633.50519,True,False,no_target
-399.84448,78,19639.296903,False,True,no_target
105.39586,59,19641.091629,True,False,no_target
88.428345,58,19644.166175,True,False,no_target
85.91125,58,19650.88622,True,False,no_target
101.821686,55,19651.637314,True,False,no_target
51.077457,68,19652.757494,True,False,no_target
87.85713,59,19655.465773,True,False,no_target
93.508484,64,19668.624333,True,False,no_target
-79.54809,62,19669.952585,True,False,no_target
43.430347,67,19670.825614,True,False,no_target
40.999027,62,19675.443686,True,False,no_target
38.035088,51,19679.673215,True,False,no_target
85.21816,62,19680.147117,True,False,no_target
59.852383,68,19680.931611,True,False,no_target
-315.4735,17,19685.623648,False,True,no_target
77.25488,58,19686.237206,True,False,no_target
-341.23343,30,19686.237206,False,True,no_target
132.49672,60,19686.237206,True,False,no_target
61.538467,65,19693.117965,True,False,no_target
-329.01392,44,19696.518276,False,True,no_target
129.48618,62,19706.026124,True,False,no_target
93.95979,58,19714.068193,True,False,no_target
112.821266,61,19717.129107,True,False,no_target
36.89397,62,19717.129107,True,False,no_target
-357.71185,36,19718.360496,False,True,no_target
111.42514,61,19721.60586,True,False,no_target
16.43268,63,19723.235658,True,False,no_target
24.114784,65,19724.35225,True,False,no_target
-37.528446,69,19726.579091,True,False,no_target
50.778984,63,19730.188032,True,False,no_target
-325.48773,16,19733.510962,False,True,no_target
111.29116,66,19744.478264,True,False,no_target
73.73382,58,19747.509405,True,False,no_target
112.87908,58,19750.5071,True,False,no_target
92.72627,58,19750.5071,True,False,no_target
117.69091,60,19752.699831,True,False,no_target
9.220291,60,19756.896498,True,False,no_target
98.247665,58,19757.385952,True,False,no_target
59.035923,54,19758.314959,True,False,no_target
53.151527,62,19766.560382,True,False,no_target
73.44903,70,19775.128846,True,False,no_target
101.787865,54,19776.682561,True,False,no_target
104.265526,55,19780.015332,True,False,no_target
-353.65738,31,19784.864416,False,True,no_target
104.99576,57,19786.4898,True,False,no_target
50.40019,61,19786.4898,True,False,no_target
111.29194,58,19791.069443,True,False,no_target
67.69842,61,19792.488891,True,False,no_target
-33.338654,74,19794.547671,True,False,no_target
110.85517,72,19800.625549,True,False,no_target
84.95805,61,19809.838515,True,False,no_target
102.27521,58,19809.838515,True,False,no_target
47.883144,63,19816.657904,True,False,no_target
111.27879,56,19819.248967,True,False,no_target
30.66594,58,19820.338687,True,False,no_target
124.91118,65,19822.665129,True,False,no_target
40.564804,55,19823.174572,True,False,no_target
33.719738,61,19828.106145,True,False,no_target
111.22563,61,19829.992613,True,False,no_target
97.46776,57,19834.525715,True,False,no_target
-327.34167,24,19842.434243,False,True,no_target
104.90545,60,19845.97191,True,False,no_target
100.1052,59,19851.942273,True,False,no_target
-412.75525,73,19853.657772,False,True,no_target
39.455624,59,19854.172194,True,False,no_target
118.496315,61,19856.658152,True,False,no_target
72.395004,65,19861.258992,True,False,no_target
64.35265,66,19862.456438,True,False,no_target
52.890938,59,19864.702364,True,False,no_target
106.8632,64,19871.621975,True,False,no_target
72.03271,62,19879.348356,True,False,no_target
-310.1627,35,19882.673749,False,True,no_target
120.74889,62,19883.402197,True,False,no_target
80.676025,58,19888.637855,True,False,no_target
89.068886,60,19890.330553,True,False,no_target
29.060091,65,19890.933683,True,False,no_target
126.73105,62,19894.32363,True,False,no_target
-331.79688,26,19895.743839,False,True,no_target
68.46792,58,19897.907987,True,False,no_target
96.20749,64,19903.903243,True,False,no_target
108.68357,62,19910.084622,True,False,no_target
-368.02487,30,19912.529821,False,True,no_target
32.020756,60,19919.123661,True,False,no_target
121.48871,63,19921.404499,True,False,no_target
-307.92264,42,19923.029416,False,True,no_target
125.3997,65,19929.154639,True,False,no_target
114.538376,60,19931.257158,True,False,no_target
-3.012402,71,19931.257158,True,False,no_target
114.31619,58,19938.055824,True,False,no_target
-409.15002,80,19938.631504,False,True,no_target
28.903568,60,19947.472229,True,False,no_target
59.525284,67,19949.544586,True,False,no_target
84.18273,56,19953.715336,True,False,no_target
81.350464,59,19957.447839,True,False,no_target
63.494247,68,19958.79627,True,False,no_target
34.513603,58,19965.112269,True,False,no_target
51.843502,63,19966.252475,True,False,no_target
132.50961,62,19967.358099,True,False,no_target
-325.8783,16,19967.939207,False,True,no_target
-5.0752583,59,19972.530394,True,False,no_target
114.82786,62,19974.863777,True,False,no_target
114.01685,56,19980.596154,True,False,no_target
67.51043,60,19984.602103,True,False,no_target
55.716785,66,19992.835356,True,False,no_target
-7.9831667,63,19994.634915,True,False,no_target
66.30671,61,20001.087566,True,False,no_target
97.06353,59,20001.087566,True,False,no_target
108.31296,58,20001.612754,True,False,no_target
110.49202,58,20002.173721,True,False,no_target
100.82037,57,20008.48533,True,False,no_target
48.588684,66,20011.290195,True,False,no_target
109.07348,56,20013.128045,True,False,no_target
110.14794,61,20028.500464,True,False,no_target
117.46671,59,20029.043522,True,False,no_target
13.312227,77,20029.723696,True,False,no_target
83.12388,56,20033.657881,True,False,no_target
73.933525,59,20036.478949,True,False,no_target
64.4657,60,20036.478949,True,False,no_target
100.500786,65,20038.847648,True,False,no_target
45.944477,56,20044.288832,True,False,no_target
72.12176,62,20044.958958,True,False,no_target
62.616714,59,20047.819591,True,False,no_target
68.70319,58,20061.915718,True,False,no_target
89.04703,59,20063.21099,True,False,no_target
110.004524,60,20068.414943,True,False,no_target
52.606754,56,20069.074187,True,False,no_target
106.110825,71,20070.785877,True,False,no_target
87.41027,62,20072.736062,True,False,no_target
51.008167,56,20077.203469,True,False,no_target
109.37172,60,20079.515826,True,False,no_target
37.28263,72,20081.222766,True,False,no_target
-332.4988,17,20083.232208,False,True,no_target
62.210922,65,20085.877631,True,False,no_target
-310.6182,35,20091.629648,False,True,no_target
89.18434,59,20096.936687,True,False,no_target
103.77916,58,20097.493503,True,False,no_target
32.018494,58,20102.834942,True,False,no_target
-320.5194,16,20106.329478,False,True,no_target
-0.37326744,57,20112.983245,True,False,no_target
96.68771,60,20112.983245,True,False,no_target
-41.236443,76,20114.245413,True,False,no_target
30.50764,61,20118.89878,True,False,no_target
62.330864,65,20119.47605,True,False,no_target
97.9187,58,20120.12028,True,False,no_target
56.076225,61,20128.003262,True,False,no_target
107.47149,64,20135.298876,True,False,no_target
81.13575,59,20137.43606,True,False,no_target
115.30738,56,20139.131584,True,False,no_target
78.89262,51,20143.249072,True,False,no_target
76.56774,57,20146.833468,True,False,no_target
60.66719,58,20148.541201,True,False,no_target
82.465904,58,20153.691335,True,False,no_target
78.68682,60,20155.498726,True,False,no_target
126.12947,66,20157.840358,True,False,no_target
102.65656,53,20159.099423,True,False,no_target
83.87028,59,20172.287828,True,False,no_target
-357.0468,24,20172.716255,False,True,no_target
103.01199,71,20176.638388,True,False,no_target
78.017685,64,20176.638388,True,False,no_target
114.33947,58,20182.079979,True,False,no_target
51.23003,66,20185.433825,True,False,no_target
119.86031,56,20186.166956,True,False,no_target
52.233356,81,20190.166047,True,False,no_target
129.98663,60,20190.166047,True,False,no_target
-318.4224,26,20191.929124,False,True,no_target
42.098446,66,20196.032804,True,False,no_target
115.1276,60,20207.461373,True,False,no_target
83.42978,61,20207.461373,True,False,no_target
85.09033,54,20208.113506,True,False,no_target
-323.87076,23,20209.056247,False,True,no_target
117.816574,59,20218.258169,True,False,no_target
99.96392,61,20222.147573,True,False,no_target
119.997185,60,20222.867192,True,False,no_target
30.514126,58,20225.966959,True,False,no_target
97.236496,58,20227.613873,True,False,no_target
120.792694,66,20230.879978,True,False,no_target
110.59361,55,20242.675472,True,False,no_target
132.19061,62,20248.675014,True,False,no_target
81.596146,65,20248.675014,True,False,no_target
73.90791,69,20250.965224,True,False,no_target
-317.19763,17,20253.270057,False,True,no_target
124.38913,59,20253.901875,True,False,no_target
80.04711,61,20259.049162,True,False,no_target
62.631855,62,20260.294127,True,False,no_target
119.89597,59,20263.349844,True,False,no_target
96.22451,62,20263.349844,True,False,no_target
76.57953,61,20267.88072,True,False,no_target
-315.49072,22,20276.071728,False,True,no_target
112.305214,58,20282.717938,True,False,no_target
77.66576,59,20285.278682,True,False,no_target
47.80894,57,20286.482429,True,False,no_target
118.05063,58,20287.740688,True,False,no_target
93.42907,69,20288.932712,True,False,no_target
109.53157,58,20293.168604,True,False,no_target
110.31927,59,20294.733151,True,False,no_target
-302.54166,33,20295.353121,False,True,no_target
55.153305,56,20295.932088,True,False,no_target
121.491905,58,20300.918424,True,False,no_target
-320.84845,24,20301.523952,False,True,no_target
-342.12955,23,20315.187254,False,True,no_target
66.30181,59,20316.621435,True,False,no_target
107.349815,58,20318.783104,True,False,no_target
30.254803,58,20319.993415,True,False,no_target
103.77468,54,20323.863537,True,False,no_target
127.17945,63,20325.228032,True,False,no_target
83.47469,59,20328.730269,True,False,no_target
-308.29645,21,20328.730269,False,True,no_target
7.1980176,61,20331.135655,True,False,no_target
55.514645,62,20331.135655,True,False,no_target
-324.32034,13,20331.671331,False,True,no_target
74.65557,61,20336.273458,True,False,no_target
76.380325,57,20352.690615,True,False,no_target
130.03934,61,20356.090534,True,False,no_target
105.41869,55,20357.866925,True,False,no_target
-428.29773,77,20360.169928,False,True,no_target
94.31751,55,20361.382875,True,False,no_target
60.230442,56,20364.805325,True,False,no_target
65.117935,63,20366.043574,True,False,no_target
58.073204,56,20369.499593,True,False,no_target
44.822693,66,20370.097208,True,False,no_target
118.595314,68,20371.214725,True,False,no_target
-331.2216,38,20374.685845,False,True,no_target
-364.87186,39,20393.250677,False,True,no_target
49.2749,56,20394.514895,True,False,no_target
77.07051,65,20394.514895,True,False,no_target
57.92207,62,20397.090449,True,False,no_target
79.79175,66,20397.090449,True,False,no_target
102.06959,62,20401.592712,True,False,no_target
19.379282,65,20404.717691,True,False,no_target
62.23281,63,20406.680704,True,False,no_target
66.689545,55,20407.269876,True,False,no_target
120.333786,65,20409.680132,True,False,no_target
-315.29025,29,20410.290096,False,True,no_target
-341.42035,37,20418.906677,False,True,no_target
60.408916,55,20429.227121,True,False,no_target
69.63161,60,20429.82408,True,False,no_target
142.62042,63,20431.6597,True,False,no_target
71.52952,57,20435.022415,True,False,no_target
129.99493,63,20440.873189,True,False,no_target
93.460655,61,20442.026309,True,False,no_target
24.901436,63,20443.901839,True,False,no_target
56.7927,61,20445.157352,True,False,no_target
50.31335,67,20449.820546,True,False,no_target
-315.29706,15,20453.275121,False,True,no_target
115.29443,63,20455.495422,True,False,no_target
66.1864,57,20464.668087,True,False,no_target
-354.0844,40,20465.745132,False,True,no_target
97.82954,63,20466.305029,True,False,no_target
125.4809,65,20466.876521,True,False,no_target
-315.8597,25,20467.455915,False,True,no_target
133.58153,61,20470.351595,True,False,no_target
-329.24118,14,20478.718477,False,True,no_target
129.1971,64,20478.718477,True,False,no_target
82.31999,64,20482.84664,True,False,no_target
91.18922,61,20485.321713,True,False,no_target
112.05479,56,20488.154963,True,False,no_target
-313.3912,24,20496.644881,False,True,no_target
8.681688,57,20498.913677,True,False,no_target
20.062693,57,20500.02987,True,False,no_target
42.34531,61,20501.908448,True,False,no_target
102.383934,59,20501.908448,True,False,no_target
55.034145,65,20502.842483,True,False,no_target
-320.30356,16,20506.777932,False,True,no_target
71.4746,63,20516.798059,True,False,no_target
112.60657,64,20517.429892,True,False,no_target
92.62836,55,20521.561937,True,False,no_target
18.052216,61,20522.163719,True,False,no_target
4.6822424,57,20533.997665,True,False,no_target
90.88414,55,20535.638282,True,False,no_target
57.970524,61,20537.408881,True,False,no_target
62.051548,59,20537.982406,True,False,no_target
82.60373,63,20540.785542,True,False,no_target
89.72949,59,20541.877966,True,False,no_target
89.424995,60,20552.387099,True,False,no_target
86.70442,63,20553.789617,True,False,no_target
72.00209,57,20555.252038,True,False,no_target
101.1806,70,20562.59797,True,False,no_target
113.14212,59,20567.824763,True,False,no_target
75.20939,60,20570.194455,True,False,no_target
122.85781,61,20573.133314,True,False,no_target
19.437174,57,20574.419877,True,False,no_target
-314.54144,12,20575.260248,False,True,no_target
112.96588,58,20576.028182,True,False,no_target
100.25852,70,20579.140889,True,False,no_target
-3.606739,54,20587.424513,True,False,no_target
103.632195,61,20588.441488,True,False,no_target
129.0815,60,20589.001713,True,False,no_target
-318.73993,31,20592.562116,False,True,no_target
-17.786238,56,20595.575651,True,False,no_target
55.8519,56,20603.387939,True,False,no_target
55.273453,56,20605.761958,True,False,no_target
115.14955,63,20612.522763,True,False,no_target
-59.914364,62,20612.522763,True,False,no_target
83.660736,58,20613.094609,True,False,no_target
114.47338,62,20623.221675,True,False,no_target
65.702,61,20623.944455,True,False,no_target
95.23983,61,20624.672453,True,False,no_target
113.81573,56,20625.265525,True,False,no_target
86.31043,59,20629.472193,True,False,no_target
70.75543,59,20637.830563,True,False,no_target
13.894203,56,20638.469869,True,False,no_target
89.33223,57,20645.667368,True,False,no_target
124.274536,57,20646.335332,True,False,no_target
-446.56985,75,20656.100106,False,True,no_target
86.60964,63,20660.007957,True,False,no_target
127.85329,65,20662.376615,True,False,no_target
77.03684,68,20663.628648,True,False,no_target
117.386696,69,20664.999224,True,False,no_target
119.28544,61,20664.999224,True,False,no_target
27.1011,58,20672.117631,True,False,no_target
89.7954,60,20672.699218,True,False,no_target
97.995735,58,20679.976148,True,False,no_target
104.729324,66,20683.729048,True,False,no_target
132.5813,66,20693.653819,True,False,no_target
-36.331917,63,20696.027932,True,False,no_target
130.32095,62,20698.372629,True,False,no_target
-321.68704,15,20702.71825,False,True,no_target
122.06905,66,20703.316459,True,False,no_target
114.95848,68,20704.53265,True,False,no_target
51.83763,57,20705.125566,True,False,no_target
91.22664,56,20705.125566,True,False,no_target
-342.8284,74,20706.401717,False,True,no_target
106.61543,58,20713.604968,True,False,no_target
82.431244,57,20717.461486,True,False,no_target
-371.8316,44,20722.634217,False,True,no_target
96.91675,59,20733.430588,True,False,no_target
90.42134,62,20740.161055,True,False,no_target
66.75843,63,20740.161055,True,False,no_target
112.19942,57,20740.161055,True,False,no_target
91.61009,61,20741.229795,True,False,no_target
121.21416,62,20742.024459,True,False,no_target
102.95658,67,20744.817787,True,False,no_target
-315.44122,13,20748.406881,False,True,no_target
102.20534,58,20748.406881,True,False,no_target
115.569374,57,20751.333945,True,False,no_target
84.5396,61,20759.455429,True,False,no_target
-315.5073,13,20766.906164,False,True,no_target
-318.45285,46,20769.749627,False,True,no_target
96.87558,63,20770.892726,True,False,no_target
-368.61746,45,20771.466491,False,True,no_target
112.51087,57,20774.638926,True,False,no_target
88.11841,57,20774.638926,True,False,no_target
105.621925,57,20775.941627,True,False,no_target
28.672876,56,20782.647282,True,False,no_target
56.486897,62,20786.124021,True,False,no_target
74.75772,58,20786.678661,True,False,no_target
-356.99976,38,20794.364127,False,True,no_target
-309.67264,29,20799.802851,False,True,no_target
-365.10492,43,20802.320654,False,True,no_target
38.155922,60,20803.089399,True,False,no_target
115.381165,55,20804.585846,True,False,no_target
41.322613,61,20806.348579,True,False,no_target
106.6279,61,20811.708268,True,False,no_target
68.129814,65,20813.962287,True,False,no_target
129.36186,56,20819.178866,True,False,no_target
101.58957,61,20823.268519,True,False,no_target
-313.23868,21,20824.35647,False,True,no_target
65.67593,62,20831.216898,True,False,no_target
99.199974,53,20834.681472,True,False,no_target
43.642178,59,20834.681472,True,False,no_target
120.23784,61,20838.133923,True,False,no_target
112.31927,57,20838.680547,True,False,no_target
-349.37366,27,20847.000912,False,True,no_target
84.239136,58,20848.091627,True,False,no_target
53.814,71,20848.692909,True,False,no_target
81.352295,58,20853.21476,True,False,no_target
98.492,59,20857.248253,True,False,no_target
112.14953,57,20857.249237,True,False,no_target
-341.79437,36,20868.783707,False,True,no_target
101.6005,60,20869.339289,True,False,no_target
99.22542,64,20871.759831,True,False,no_target
38.05021,63,20875.467586,True,False,no_target
31.488768,67,20877.342694,True,False,no_target
83.863335,60,20882.354938,True,False,no_target
-321.10114,17,20885.875429,False,True,no_target
84.04603,67,20888.156568,True,False,no_target
46.556946,57,20891.045599,True,False,no_target
38.739563,69,20894.190261,True,False,no_target
-339.00275,37,20894.190261,False,True,no_target
-321.08823,25,20896.871181,False,True,no_target
-328.3206,46,20896.871181,False,True,no_target
55.253494,70,20898.462132,True,False,no_target
-321.816,15,20902.431319,False,True,no_target
88.31336,58,20903.031763,True,False,no_target
44.066444,56,20918.548856,True,False,no_target
70.86985,63,20925.21939,True,False,no_target
-14.992541,84,20926.39471,True,False,no_target
54.49342,62,20926.845274,True,False,no_target
14.36513,56,20929.330183,True,False,no_target
70.45755,58,20930.593055,True,False,no_target
40.029865,64,20931.247052,True,False,no_target
80.19467,60,20933.663018,True,False,no_target
122.14894,59,20937.103565,True,False,no_target
124.17141,59,20937.669149,True,False,no_target
14.133507,64,20956.017673,True,False,no_target
108.353264,58,20958.966824,True,False,no_target
78.14504,61,20963.176123,True,False,no_target
10.453348,56,20963.813044,True,False,no_target
35.229755,64,20964.512087,True,False,no_target
30.120432,65,20967.881021,True,False,no_target
120.908905,59,20968.502284,True,False,no_target
50.540585,62,20974.312637,True,False,no_target
-421.32645,74,20975.012637,False,True,no_target
-400.08917,86,20987.924217,False,True,no_target
32.217377,60,20990.879334,True,False,no_target
124.4698,60,20993.685932,True,False,no_target
23.241983,54,20994.250262,True,False,no_target
52.503464,56,20995.945236,True,False,no_target
96.80814,56,20996.539108,True,False,no_target
70.33856,55,20999.231797,True,False,no_target
34.82368,58,21001.572217,True,False,no_target
103.45659,54,21004.701939,True,False,no_target
-320.8022,28,21006.952122,False,True,no_target
117.48058,60,21009.252049,True,False,no_target
54.315563,61,21022.741113,True,False,no_target
52.008648,57,21029.435279,True,False,no_target
135.0546,63,21030.647991,True,False,no_target
95.02557,62,21030.647991,True,False,no_target
98.51727,58,21030.647991,True,False,no_target
13.229262,52,21032.458668,True,False,no_target
117.403,61,21035.322594,True,False,no_target
23.602331,55,21037.588797,True,False,no_target
9.44385,57,21042.915604,True,False,no_target
34.559555,68,21047.174268,True,False,no_target
17.69699,53,21054.097684,True,False,no_target
90.703064,56,21061.675058,True,False,no_target
58.135357,57,21063.65527,True,False,no_target
107.04332,62,21066.684887,True,False,no_target
13.914491,64,21068.359159,True,False,no_target
-320.3373,25,21068.867493,False,True,no_target
62.50003,55,21069.646174,True,False,no_target
70.61495,65,21070.115548,True,False,no_target
83.87471,61,21070.78144,True,False,no_target
117.26339,60,21078.259463,True,False,no_target
-308.34897,23,21080.551046,False,True,no_target
68.56606,63,21084.261511,True,False,no_target
53.083916,55,21094.421448,True,False,no_target
62.795464,63,21100.722001,True,False,no_target
90.50542,56,21101.237831,True,False,no_target
124.96178,61,21103.49388,True,False,no_target
88.770874,56,21103.49388,True,False,no_target
-317.20425,17,21104.091416,False,True,no_target
80.52265,60,21105.250615,True,False,no_target
-20.933014,64,21107.047501,True,False,no_target
18.154654,58,21112.103483,True,False,no_target
124.077835,62,21116.341807,True,False,no_target
29.669697,59,21118.256935,True,False,no_target
-318.09753,38,21125.994636,False,True,no_target
53.19558,57,21135.773015,True,False,no_target
97.8678,59,21137.646574,True,False,no_target
77.633286,57,21139.422516,True,False,no_target
21.602964,59,21143.364666,True,False,no_target
26.327969,64,21145.186921,True,False,no_target
-9.270557,63,21150.741853,True,False,no_target
106.55609,59,21155.447434,True,False,no_target
108.33928,60,21163.51412,True,False,no_target
64.12815,61,21167.313666,True,False,no_target
24.453228,65,21179.625066,True,False,no_target
74.20155,57,21183.623086,True,False,no_target
117.80497,62,21189.722116,True,False,no_target
78.04607,60,21190.555452,True,False,no_target
128.22725,62,21197.23649,True,False,no_target
57.534027,53,21197.23649,True,False,no_target
130.70294,66,21199.179045,True,False,no_target
-2.7874374,62,21201.345,True,False,no_target
100.193886,61,21210.499234,True,False,no_target
-349.74268,21,21213.480301,False,True,no_target
72.389725,65,21216.14098,True,False,no_target
46.805725,55,21225.879201,True,False,no_target
36.393505,53,21230.490209,True,False,no_target
16.506561,69,21231.807344,True,False,no_target
76.81481,60,21236.583828,True,False,no_target
130.68066,62,21244.170971,True,False,no_target
111.38316,62,21245.936347,True,False,no_target
40.23237,61,21247.175541,True,False,no_target
112.88487,61,21256.904523,True,False,no_target
117.57829,62,21261.065832,True,False,no_target
96.8617,58,21261.065832,True,False,no_target
40.474358,63,21274.209378,True,False,no_target
34.051144,58,21275.022409,True,False,no_target
-315.47775,39,21275.76937,False,True,no_target
70.700096,60,21277.883163,True,False,no_target
58.198715,63,21284.187082,True,False,no_target
79.519424,60,21289.888486,True,False,no_target
111.119675,63,21295.462962,True,False,no_target
104.87692,57,21304.071606,True,False,no_target
116.13247,63,21304.726805,True,False,no_target
-317.0089,23,21308.157366,False,True,no_target
95.41696,62,21308.157366,True,False,no_target
-22.673811,59,21319.206237,True,False,no_target
128.75949,60,21320.677903,True,False,no_target
88.26891,59,21323.670079,True,False,no_target
29.740143,63,21324.566744,True,False,no_target
-312.29727,25,21327.710306,False,True,no_target
114.3179,60,21331.739188,True,False,no_target
94.03539,57,21340.671486,True,False,no_target
-353.4072,34,21346.615338,False,True,no_target
83.32641,54,21346.615338,True,False,no_target
61.55972,57,21353.347159,True,False,no_target
76.893295,62,21353.942349,True,False,no_target
82.27632,53,21368.933361,True,False,no_target
121.52067,62,21369.63665,True,False,no_target
-353.2568,30,21369.63665,False,True,no_target
127.83213,59,21369.63665,True,False,no_target
120.53892,63,21373.142572,True,False,no_target
21.3661,58,21376.25835,True,False,no_target
-297.63428,40,21384.328645,False,True,no_target
8.815292,63,21390.170917,True,False,no_target
89.06217,56,21391.00207,True,False,no_target
-309.42062,36,21398.60219,False,True,no_target
-373.1821,39,21400.761543,False,True,no_target
109.57776,68,21408.028237,True,False,no_target
87.35295,59,21416.306338,True,False,no_target
-10.887897,60,21417.733941,True,False,no_target
-340.12683,37,21420.542029,False,True,no_target
75.8438,59,21421.466548,True,False,no_target
88.649605,56,21422.258463,True,False,no_target
114.62436,61,21433.148716,True,False,no_target
-310.70233,18,21435.565481,False,True,no_target
0.29438716,61,21437.99859,True,False,no_target
92.736626,59,21445.642965,True,False,no_target
104.98402,60,21448.843823,True,False,no_target
66.88899,61,21455.282117,True,False,no_target
82.90883,59,21463.150641,True,False,no_target
-327.8917,36,21466.598478,False,True,no_target
-11.84599,62,21466.598478,True,False,no_target
93.50595,60,21467.37723,True,False,no_target
118.713104,61,21468.922617,True,False,no_target
-315.5448,18,21476.185195,False,True,no_target
-14.001363,55,21478.389216,True,False,no_target
119.208336,63,21481.850238,True,False,no_target
105.6283,57,21489.487077,True,False,no_target
-11.766387,60,21495.128179,True,False,no_target
-330.43497,19,21504.232223,False,True,no_target
137.05649,66,21506.006074,True,False,no_target
14.463992,59,21512.63064,True,False,no_target
9.751031,61,21513.376406,True,False,no_target
118.91114,60,21514.842099,True,False,no_target
99.3155,67,21518.208499,True,False,no_target
52.088337,60,21522.867182,True,False,no_target
-326.2082,24,21524.320027,False,True,no_target
47.580498,61,21529.554227,True,False,no_target
17.691076,66,21529.554227,True,False,no_target
-352.341,24,21530.774169,False,True,no_target
-329.57425,28,21539.120733,False,True,no_target
38.665688,59,21539.997213,True,False,no_target
76.88027,59,21550.833302,True,False,no_target
-370.24225,40,21556.200657,False,True,no_target
20.77941,58,21558.938014,True,False,no_target
72.29917,59,21561.046459,True,False,no_target
49.524254,67,21574.522081,True,False,no_target
-315.04398,22,21575.264321,False,True,no_target
93.7664,59,21575.264321,True,False,no_target
115.91961,63,21578.112832,True,False,no_target
85.13727,67,21583.499053,True,False,no_target
92.47311,60,21587.437491,True,False,no_target
82.726234,67,21591.917332,True,False,no_target
120.18352,59,21596.027354,True,False,no_target
134.90875,62,21603.265414,True,False,no_target
110.56956,58,21605.640197,True,False,no_target
-354.1922,41,21614.479159,False,True,no_target
119.76054,58,21619.990739,True,False,no_target
59.806107,59,21619.990739,True,False,no_target
61.649,63,21623.547783,True,False,no_target
133.1739,68,21630.706029,True,False,no_target
110.136566,61,21633.573783,True,False,no_target
8.621315,52,21635.314904,True,False,no_target
121.74228,61,21638.089015,True,False,no_target
70.16179,58,21647.575799,True,False,no_target
105.608116,70,21658.782701,True,False,no_target
102.546135,60,21660.304618,True,False,no_target
73.0331,59,21664.442734,True,False,no_target
44.23548,56,21665.842919,True,False,no_target
64.35124,64,21668.070333,True,False,no_target
94.36589,56,21676.706293,True,False,no_target
123.99961,64,21678.143404,True,False,no_target
82.308044,61,21679.245376,True,False,no_target
-317.90878,17,21681.450117,False,True,no_target
64.98105,60,21683.696885,True,False,no_target
-48.451733,63,21699.770382,True,False,no_target
-315.45,25,21709.243861,False,True,no_target
44.807613,60,21713.304803,True,False,no_target
128.64297,62,21713.304803,True,False,no_target
-316.17273,35,21716.325805,False,True,no_target
101.23612,58,21717.04032,True,False,no_target
-339.348,39,21717.559084,False,True,no_target
60.875412,62,21722.343491,True,False,no_target
78.25008,56,21730.661227,True,False,no_target
53.28489,68,21739.61993,True,False,no_target
-339.0462,30,21742.066274,False,True,no_target
99.92101,65,21757.606449,True,False,no_target
31.804548,56,21761.555328,True,False,no_target
61.96721,60,21761.555328,True,False,no_target
59.47528,54,21762.377825,True,False,no_target
-29.481361,60,21764.303906,True,False,no_target
91.54035,61,21771.070479,True,False,no_target
-315.6089,24,21781.381631,False,True,no_target
-399.7145,68,21784.912972,False,True,no_target
107.251945,60,21788.451959,True,False,no_target
71.46987,60,21799.298325,True,False,no_target
-327.83777,14,21804.829912,False,True,crossing
126.27908,62,21806.02118,True,False,no_target
-344.56488,31,21819.270974,False,True,null
-326.9645,19,21824.036615,False,True,crossing
133.74927,58,21824.804471,True,False,no_target
106.09861,60,21825.615824,True,False,no_target
125.79333,63,21828.481265,True,False,no_target
-304.6645,29,21829.622225,False,True,head_on
99.845955,67,21839.768255,True,False,no_target
125.7119,65,21844.766183,True,False,crossing
12.220405,58,21847.115683,True,False,no_target
47.688053,53,21866.600376,True,False,head_on
77.66196,55,21883.845899,True,False,null
-351.28592,54,21887.835132,False,True,null
98.62936,58,21892.766822,True,False,no_target
118.82788,57,21895.899493,True,False,null
87.396965,64,21899.831033,True,False,no_target
125.49607,63,21903.23132,True,False,no_target
129.19302,60,21907.333904,True,False,crossing
108.138916,60,21911.641953,True,False,head_on
-305.31995,27,21911.641953,False,True,crossing
-322.90448,21,21917.489853,False,True,crossing
100.03644,73,21926.4942,True,False,null
85.622154,57,21926.4942,True,False,head_on
-309.6584,21,21928.221412,False,True,crossing
-338.56537,19,21930.121391,False,True,crossing
-357.8067,22,21948.541175,False,True,crossing
-383.2074,24,21951.162092,False,True,crossing
32.284355,58,21951.771458,True,False,head_on
97.323204,65,21953.153959,True,False,no_target
104.952065,58,21957.49308,True,False,no_target
126.38471,60,21961.136147,True,False,no_target
-301.66702,17,21962.598169,False,True,crossing
-318.43387,17,21964.341049,False,True,crossing
-338.45175,14,21964.341049,False,True,crossing
78.86944,61,21968.302579,True,False,no_target
113.17729,64,21975.83752,True,False,no_target
121.29701,59,21980.978531,True,False,head_on
69.92919,64,21986.817045,True,False,head_on
-370.06442,25,21997.163573,False,True,head_on
113.91116,57,22004.234309,True,False,no_target
-5.4303193,65,22004.937096,True,False,head_on
59.397404,63,22014.583655,True,False,no_target
60.019836,65,22014.583655,True,False,head_on
92.64308,63,22016.223222,True,False,head_on
114.043945,60,22017.972702,True,False,no_target
-355.52316,19,22019.5885,False,True,crossing
-451.97043,73,22024.173958,False,True,crossing
-351.60715,18,22028.636136,False,True,crossing
104.09759,65,22033.32841,True,False,crossing
-306.28894,24,22033.32841,False,True,head_on
113.0692,68,22041.686532,True,False,null
-364.7525,29,22048.430574,False,True,head_on
-322.21445,25,22050.261525,False,True,crossing
77.54039,66,22051.148083,True,False,null
90.26694,62,22055.902803,True,False,crossing
-357.51978,31,22060.302375,False,True,head_on
-327.5733,17,22064.390157,False,True,null
105.29628,66,22069.717221,True,False,no_target
125.10628,65,22070.546399,True,False,head_on
-324.74905,15,22071.356251,False,True,crossing
108.07764,65,22072.252448,True,False,null
-297.62122,42,22076.535628,False,True,null
-301.50073,27,22077.495845,False,True,head_on
-320.11182,41,22082.734212,False,True,null
45.943413,62,22084.214025,True,False,null
-359.67422,21,22086.388939,False,True,crossing
78.56784,66,22100.439623,True,False,null
135.35638,65,22113.836063,True,False,no_target
127.62376,63,22118.099778,True,False,no_target
133.85771,67,22122.396997,True,False,null
144.83572,70,22125.326395,True,False,null
87.88872,57,22125.326395,True,False,no_target
81.86523,65,22125.894274,True,False,no_target
142.07492,69,22128.230038,True,False,null
138.53502,66,22132.597201,True,False,null
126.55817,64,22133.621182,True,False,null
-343.62436,30,22136.168434,False,True,crossing
-305.89062,17,22138.047429,False,True,crossing
-334.814,22,22147.011539,False,True,crossing
106.921585,74,22160.511315,True,False,no_target
95.87218,58,22168.762522,True,False,no_target
-303.64908,27,22172.440529,False,True,crossing
40.04622,63,22177.919539,True,False,head_on
-302.21478,16,22182.910488,False,True,crossing
57.911835,64,22182.910488,True,False,no_target
7.185702,67,22184.320446,True,False,head_on
85.43119,58,22186.733991,True,False,crossing
-322.32712,34,22189.856754,False,True,null
88.608215,63,22189.856754,True,False,head_on
99.246574,59,22191.473241,True,False,no_target
132.9562,72,22199.55716,True,False,null
-317.2314,30,22201.165442,False,True,head_on
-358.20465,24,22201.165442,False,True,head_on
-311.16418,18,22204.781776,False,True,crossing
-349.91483,31,22206.342698,False,True,head_on
-294.3896,23,22207.15795,False,True,crossing
-318.81903,20,22217.81874,False,True,null
35.165497,59,22221.032894,True,False,head_on
-300.98605,27,22224.785183,False,True,crossing
20.493444,56,22230.903087,True,False,head_on
-387.8212,26,22230.903087,False,True,head_on
-324.02435,18,22236.493409,False,True,crossing
-356.35178,16,22238.725551,False,True,crossing
43.09989,58,22238.725551,True,False,no_target
96.94364,65,22241.88228,True,False,no_target
-329.07388,14,22243.946226,False,True,crossing
88.40008,53,22252.208254,True,False,head_on
-373.64822,17,22253.695014,False,True,crossing
-338.86758,13,22254.645549,False,True,crossing
-316.27744,18,22254.645549,False,True,crossing
-324.49924,16,22256.177351,False,True,crossing
94.74679,69,22259.981573,True,False,no_target
20.703236,60,22259.981573,True,False,head_on
-331.37042,13,22265.814829,False,True,crossing
112.953224,56,22266.562664,True,False,no_target
-338.5396,15,22271.344109,False,True,crossing
-339.2,27,22281.096747,False,True,head_on
-328.60495,38,22284.172568,False,True,null
96.13877,58,22284.911438,True,False,no_target
99.40592,74,22292.168833,True,False,null
96.96575,56,22301.903885,True,False,no_target
55.483685,60,22306.480957,True,False,head_on
111.54193,66,22310.186818,True,False,null
87.858154,54,22314.199808,True,False,head_on
27.846697,58,22318.202947,True,False,head_on
35.36925,60,22324.736264,True,False,head_on
-337.91382,15,22330.758487,False,True,crossing
95.766945,61,22336.430964,True,False,no_target
84.2567,59,22338.708486,True,False,crossing
-321.32117,16,22339.716362,False,True,crossing
135.07774,67,22347.05948,True,False,null
121.35555,62,22351.038924,True,False,no_target
88.919,57,22354.853734,True,False,no_target
-302.09424,21,22358.724681,False,True,crossing
105.420265,57,22358.724681,True,False,no_target
-348.35077,24,22359.473405,False,True,head_on
50.93974,56,22360.235343,True,False,no_target
-333.17856,16,22365.584113,False,True,crossing
117.38002,63,22371.323088,True,False,crossing
-293.5756,16,22372.856306,False,True,crossing
-343.24,36,22387.39404,False,True,null
89.38092,54,22388.865827,True,False,null
79.16519,66,22391.176076,True,False,head_on
124.16795,58,22399.174892,True,False,no_target
-327.1489,21,22405.146715,False,True,crossing
-324.3668,24,22411.342208,False,True,head_on
37.491394,59,22411.342208,True,False,head_on
39.564026,56,22413.397953,True,False,null
145.84027,66,22415.03311,True,False,null
-322.28973,23,22417.089716,False,True,crossing
110.88396,69,22417.758609,True,False,no_target
83.535065,58,22420.866966,True,False,head_on
125.22668,68,22426.433446,True,False,null
-304.77014,21,22429.741617,False,True,crossing
86.32874,73,22443.981542,True,False,null
93.40339,63,22450.623424,True,False,no_target
99.92166,56,22452.780158,True,False,no_target
106.189926,67,22458.272083,True,False,null
62.188457,69,22460.428936,True,False,null
106.23756,61,22460.428936,True,False,no_target
-298.56613,15,22461.18122,False,True,crossing
150.16446,64,22463.030174,True,False,null
-307.16357,15,22463.652243,False,True,crossing
26.514614,63,22471.17357,True,False,no_target
-332.4887,17,22472.893197,False,True,crossing
70.01294,73,22472.893197,True,False,null
-298.36478,17,22473.745216,False,True,crossing
152.89674,62,22474.643523,True,False,null
-355.79294,28,22486.765652,False,True,head_on
83.21075,65,22494.178709,True,False,crossing
-392.02792,34,22501.313659,False,True,head_on
-303.30728,21,22503.415868,False,True,crossing
137.99863,63,22509.764894,True,False,no_target
35.011894,70,22513.359302,True,False,head_on
31.397837,69,22517.588145,True,False,head_on
119.327095,58,22520.202462,True,False,no_target
81.19398,63,22524.584174,True,False,head_on
66.219315,68,22527.788627,True,False,null
81.89688,66,22529.78098,True,False,head_on
-294.74356,21,22532.753118,False,True,crossing
-322.41412,17,22533.781119,False,True,crossing
-365.72772,19,22541.585097,False,True,crossing
-350.38876,23,22547.13465,False,True,crossing
63.35996,67,22549.477731,True,False,head_on
-294.10684,14,22552.477763,False,True,crossing
-344.19302,25,22554.01536,False,True,crossing
53.08354,72,22560.941229,True,False,head_on
124.49083,61,22561.577917,True,False,no_target
6.825044,76,22565.718855,True,False,head_on
-326.8981,18,22568.265695,False,True,crossing
-351.52228,33,22573.371696,False,True,head_on
-445.17145,31,22577.475256,False,True,head_on
-54.221878,70,22578.669019,True,False,head_on
124.90772,58,22579.581647,True,False,no_target
-335.6744,14,22579.581647,False,True,crossing
41.33289,67,22583.695549,True,False,crossing
110.137436,60,22598.49142,True,False,no_target
25.563662,64,22615.191612,True,False,head_on
-306.3992,18,22615.191612,False,True,crossing
122.10188,62,22620.276584,True,False,no_target
86.47447,70,22622.22616,True,False,null
88.03874,62,22628.857143,True,False,no_target
-321.3764,16,22635.634578,False,True,crossing
75.50613,61,22635.634578,True,False,head_on
140.10635,64,22635.634578,True,False,no_target
20.387241,65,22638.714286,True,False,head_on
142.90184,67,22641.749681,True,False,no_target
-360.70404,27,22641.749681,False,True,crossing
41.417233,64,22643.504802,True,False,head_on
-356.90335,21,22654.163535,False,True,crossing
-291.30347,22,22654.822658,False,True,crossing
-320.31967,25,22657.112853,False,True,crossing
-311.03107,20,22657.794127,False,True,crossing
78.1926,59,22666.838474,True,False,no_target
-343.1437,18,22681.714054,False,True,crossing
64.92231,70,22681.714054,True,False,head_on
30.691872,64,22682.669655,True,False,head_on
105.91129,57,22687.4104,True,False,no_target
94.66015,66,22692.333829,True,False,head_on
30.73872,62,22693.151703,True,False,head_on
-353.46054,18,22697.255217,False,True,crossing
113.13079,61,22702.843982,True,False,no_target
97.485085,57,22702.843982,True,False,no_target
-340.2665,24,22707.353934,False,True,crossing
-335.47815,14,22709.02172,False,True,crossing
98.76902,65,22710.830926,True,False,null
146.8246,69,22710.830926,True,False,null
81.34758,60,22730.971658,True,False,head_on
-378.0022,28,22731.861977,False,True,head_on
111.799164,65,22734.827438,True,False,no_target
46.32369,68,22749.089621,True,False,null
-318.97562,22,22749.089621,False,True,crossing
102.07605,74,22752.533082,True,False,null
-418.04303,27,22753.113029,False,True,head_on
18.660593,72,22759.977734,True,False,head_on
108.62526,67,22759.977734,True,False,no_target
105.07097,63,22759.977734,True,False,no_target
-312.53888,14,22762.134425,False,True,crossing
102.619736,75,22762.134425,True,False,null
-295.91144,25,22767.01832,False,True,head_on
58.436157,79,22774.545059,True,False,null
-312.92923,18,22778.87138,False,True,crossing
113.96045,59,22783.035742,True,False,no_target
-397.44888,34,22791.214858,False,True,head_on
-312.13474,23,22792.704366,False,True,crossing
-350.2143,32,22794.165586,False,True,head_on
136.81091,72,22806.180946,True,False,null
-413.6821,30,22806.180946,False,True,head_on
81.33244,71,22809.820637,True,False,head_on
111.603294,62,22810.490791,True,False,no_target
129.00204,65,22812.977886,True,False,no_target
83.708954,66,22814.824672,True,False,head_on
-296.94913,19,22821.645592,False,True,crossing
-311.1599,14,22825.195094,False,True,crossing
118.59609,60,22826.183661,True,False,no_target
105.73668,64,22842.479895,True,False,head_on
48.963127,66,22848.842232,True,False,head_on
3.7154474,68,22848.842232,True,False,head_on
32.304714,65,22865.285083,True,False,head_on
-390.39966,47,22867.058256,False,True,head_on
50.601444,67,22871.163567,True,False,crossing
-28.11679,77,22872.296116,True,False,head_on
96.08662,74,22874.907342,True,False,null
125.35405,61,22874.907342,True,False,null
-352.16736,30,22875.718454,False,True,head_on
120.98719,61,22878.931148,True,False,no_target
86.5193,58,22891.917997,True,False,crossing
-347.36,19,22892.647425,False,True,crossing
112.86027,60,22897.510654,True,False,crossing
127.85445,61,22912.577401,True,False,no_target
-287.7794,28,22912.577401,False,True,crossing
69.083405,59,22916.862375,True,False,no_target
87.356064,59,22920.19844,True,False,no_target
90.37422,61,22921.730186,True,False,crossing
59.893307,64,22924.870801,True,False,no_target
68.88462,80,22930.301911,True,False,crossing
-348.85248,17,22931.064242,False,True,crossing
-324.72614,15,22931.833235,False,True,crossing
57.34397,81,22933.87323,True,False,null
-340.50876,17,22934.637432,False,True,crossing
85.44538,60,22939.744796,True,False,no_target
-337.03787,20,22940.634743,False,True,null
98.58654,60,22945.324176,True,False,no_target
-311.7244,14,22951.136266,False,True,crossing
-312.2818,14,22960.782926,False,True,crossing
98.42527,63,22961.739653,True,False,no_target
-310.05847,33,22963.981341,False,True,head_on
68.00739,75,22970.576538,True,False,crossing
-349.2798,19,22975.673986,False,True,crossing
119.67747,61,22976.612353,True,False,no_target
108.74522,64,22979.866797,True,False,no_target
109.98988,69,22981.897276,True,False,head_on
46.99086,69,22986.15607,True,False,head_on
-296.13266,22,22987.769186,False,True,head_on
110.3198,58,22988.811822,True,False,no_target
-326.09827,17,22990.478145,False,True,crossing
131.05489,75,22991.249436,True,False,null
130.48326,61,23008.580655,True,False,no_target
27.623642,70,23018.52863,True,False,head_on
-355.00928,18,23021.994853,False,True,crossing
142.78572,59,23031.589207,True,False,no_target
75.49174,65,23031.589207,True,False,crossing
90.20169,75,23033.100461,True,False,null
102.4272,57,23033.100461,True,False,no_target
97.18022,60,23033.762533,True,False,no_target
65.75814,60,23035.990664,True,False,no_target
38.738758,74,23035.990664,True,False,null
69.1537,83,23050.188945,True,False,crossing
-309.8375,24,23053.606339,False,True,head_on
113.38376,65,23064.942268,True,False,crossing
132.40599,60,23064.942268,True,False,head_on
-317.5004,25,23071.5061,False,True,crossing
46.184036,56,23072.280956,True,False,no_target
126.58595,64,23077.818922,True,False,head_on
64.736176,59,23078.416291,True,False,no_target
115.89854,63,23078.416291,True,False,head_on
93.524086,66,23080.587285,True,False,head_on
64.8416,69,23083.414373,True,False,no_target
-341.35678,19,23084.742982,False,True,crossing
68.81701,56,23090.075599,True,False,no_target
-313.44653,23,23103.945413,False,True,head_on
-403.01105,34,23108.349505,False,True,head_on
-309.23474,32,23109.678818,False,True,head_on
-0.20885001,58,23113.605871,True,False,head_on
119.07136,60,23115.158458,True,False,head_on
115.86763,62,23124.231487,True,False,no_target
-290.82413,20,23126.121415,False,True,crossing
115.17189,61,23130.048649,True,False,no_target
131.46169,61,23130.87283,True,False,no_target
-326.42645,20,23140.910049,False,True,crossing
65.32418,67,23141.553287,True,False,null
-319.83673,23,23147.676169,False,True,crossing
61.554672,72,23151.696092,True,False,null
-336.89188,27,23151.696092,False,True,head_on
51.837547,63,23155.405183,True,False,no_target
102.5443,62,23157.467743,True,False,null
-340.33972,20,23162.745412,False,True,crossing
133.3132,65,23165.07087,True,False,no_target
89.518425,72,23169.025132,True,False,crossing
54.28255,62,23172.073663,True,False,head_on
-299.4624,31,23186.620263,False,True,null
130.67845,62,23188.841233,True,False,head_on
127.8855,65,23191.865775,True,False,no_target
96.503494,66,23200.909845,True,False,crossing
134.19194,59,23201.869003,True,False,no_target
46.61878,67,23201.869003,True,False,crossing
100.82127,71,23210.61114,True,False,no_target
109.174034,66,23217.133146,True,False,no_target
74.68587,63,23218.69427,True,False,null
-294.20386,20,23219.432097,False,True,crossing
105.63485,61,23220.249995,True,False,crossing
116.856224,62,23235.321657,True,False,no_target
-451.3951,32,23235.321657,False,True,head_on
120.82846,61,23237.384033,True,False,no_target
123.744446,61,23241.201877,True,False,no_target
-294.85486,30,23242.875243,False,True,crossing
66.51918,56,23249.298183,True,False,no_target
135.79263,68,23259.738511,True,False,head_on
-324.61197,26,23259.738511,False,True,crossing
-313.5016,28,23261.813789,False,True,crossing
74.73544,57,23266.76269,True,False,no_target
-528.7442,36,23271.460301,False,True,head_on
22.018795,60,23272.401489,True,False,head_on
92.40169,59,23272.401489,True,False,null
-317.85898,14,23273.209818,False,True,crossing
-300.67825,30,23277.586086,False,True,crossing
-300.36386,19,23289.398987,False,True,crossing
-297.87823,22,23296.620975,False,True,crossing
81.09692,62,23299.58804,True,False,no_target
98.59692,72,23306.565355,True,False,head_on
113.06779,59,23323.02596,True,False,no_target
87.44066,72,23323.916032,True,False,null
62.05439,60,23324.973109,True,False,head_on
102.33079,66,23324.973109,True,False,no_target
-74.665215,72,23335.935601,True,False,head_on
61.979507,86,23338.755109,True,False,null
94.2152,62,23351.962958,True,False,no_target
-290.2363,18,23351.962958,False,True,crossing
40.663223,73,23354.861563,True,False,crossing
-359.604,37,23356.849901,False,True,head_on
64.76823,71,23363.636703,True,False,null
119.31894,65,23365.280787,True,False,no_target
65.82575,57,23375.828113,True,False,head_on
-301.4071,15,23376.563254,False,True,crossing
127.666176,65,23382.062315,True,False,no_target
-44.65803,77,23390.889148,True,False,crossing
89.03857,69,23396.083465,True,False,head_on
67.15654,61,23401.200937,True,False,head_on
113.52841,59,23403.446687,True,False,null
130.06796,64,23403.446687,True,False,no_target
-34.134193,64,23405.596858,True,False,head_on
-312.43375,12,23411.852124,False,True,crossing
-294.20587,21,23416.30142,False,True,crossing
105.57693,61,23419.803689,True,False,no_target
65.33636,64,23423.541095,True,False,head_on
63.48064,82,23427.709825,True,False,head_on
61.465134,62,23428.633749,True,False,null
-292.32617,15,23436.852867,False,True,crossing
99.93043,66,23443.230891,True,False,null
94.59724,63,23446.797467,True,False,no_target
117.17555,63,23454.149969,True,False,no_target
126.215546,59,23459.834394,True,False,no_target
-307.8436,14,23465.549801,False,True,crossing
74.8871,60,23470.09363,True,False,head_on
62.79095,67,23471.576027,True,False,head_on
52.84527,85,23473.742498,True,False,head_on
117.582245,62,23479.274513,True,False,no_target
-338.52625,29,23484.416722,False,True,null
98.29837,59,23485.299086,True,False,no_target
76.725044,58,23490.651097,True,False,crossing
-64.153145,75,23491.271026,True,False,head_on
39.718475,67,23500.700289,True,False,head_on
-208.18362,62,23523.706462,True,False,crossing
70.91563,57,23530.585048,True,False,no_target
10.606574,66,23533.705891,True,False,head_on
34.67224,68,23538.201101,True,False,head_on
97.952805,65,23544.943966,True,False,crossing
96.51745,60,23547.559835,True,False,no_target
88.33096,57,23552.255945,True,False,null
123.103096,59,23556.091577,True,False,no_target
86.78361,67,23556.091577,True,False,null
-323.93634,14,23567.263442,False,True,crossing
64.79478,60,23569.771117,True,False,no_target
-327.60706,35,23569.771117,False,True,crossing
-321.56,28,23577.772475,False,True,crossing
-339.8578,30,23592.077622,False,True,crossing
-327.8641,20,23595.688622,False,True,crossing
85.20053,61,23595.688622,True,False,no_target
-308.59018,29,23608.216296,False,True,head_on
62.561306,59,23612.029766,True,False,no_target
123.265335,63,23612.029766,True,False,no_target
-316.61954,20,23616.579319,False,True,crossing
54.481266,58,23618.866699,True,False,crossing
126.47088,60,23628.439324,True,False,null
-386.286,31,23633.221726,False,True,head_on
-320.9259,24,23639.064136,False,True,crossing
103.98157,62,23644.724129,True,False,head_on
-3.0072255,69,23662.554996,True,False,null
110.91446,60,23665.815331,True,False,null
52.939873,54,23677.433222,True,False,no_target
93.0992,60,23678.721573,True,False,no_target
80.27546,65,23680.683723,True,False,no_target
68.20551,67,23691.227711,True,False,null
113.86302,64,23695.910105,True,False,no_target
-7.6082106,60,23702.992854,True,False,head_on
-5.5400405,64,23702.992854,True,False,head_on
-288.79147,16,23708.902412,False,True,crossing
78.98348,78,23710.411931,True,False,null
12.157621,62,23718.72631,True,False,head_on
-293.9519,13,23729.771441,False,True,crossing
79.94148,60,23729.771441,True,False,no_target
120.23654,75,23733.944465,True,False,null
120.35166,65,23736.432954,True,False,null
87.82169,76,23750.673193,True,False,head_on
97.33792,68,23754.428214,True,False,null
-350.94836,26,23757.025932,False,True,null
44.68641,58,23757.945866,True,False,head_on
121.8188,63,23762.521517,True,False,crossing
-340.41922,15,23772.072227,False,True,crossing
54.54703,67,23776.536527,True,False,head_on
90.50255,72,23779.966059,True,False,null
-322.85486,16,23792.1442,False,True,crossing
88.814545,56,23793.005946,True,False,no_target
-341.0492,25,23796.768799,False,True,crossing
97.19771,68,23799.217801,True,False,crossing
99.18329,65,23800.230499,True,False,no_target
0.7274682,66,23817.018822,True,False,null
61.099934,58,23820.630344,True,False,no_target
38.97548,71,23824.035491,True,False,crossing
-305.6013,16,23829.294956,False,True,crossing
44.646923,76,23830.96775,True,False,null
65.748116,60,23835.436278,True,False,head_on
112.87871,57,23843.611928,True,False,no_target
105.666435,61,23850.330297,True,False,no_target
-363.35986,33,23857.349662,False,True,crossing
18.050097,73,23858.624359,True,False,head_on
-32.861588,70,23862.43871,True,False,crossing
113.50755,71,23864.684833,True,False,head_on
58.408863,67,23880.800598,True,False,null
116.54169,63,23880.800598,True,False,crossing
97.30654,57,23883.146557,True,False,no_target
-317.00967,24,23884.779292,False,True,crossing
122.881386,62,23899.50448,True,False,no_target
76.39772,76,23903.010487,True,False,null
-326.10107,28,23903.799158,False,True,head_on
137.17638,63,23907.735359,True,False,null
57.194656,65,23914.813587,True,False,null
-305.5665,19,23914.813587,False,True,crossing
37.157124,65,23915.511677,True,False,crossing
-317.12656,17,23921.233907,False,True,crossing
74.30608,69,23923.389488,True,False,head_on
-315.77194,20,23932.255876,False,True,crossing
-304.1626,20,23933.151358,False,True,crossing
108.864006,66,23935.441413,True,False,head_on
98.771996,62,23936.286441,True,False,null
127.00006,70,23940.982599,True,False,null
-352.99664,14,23943.310639,False,True,crossing
-352.3576,40,23947.62778,False,True,no_target
18.205538,56,23948.487553,True,False,crossing
-308.76437,23,23950.90254,False,True,crossing
140.84999,64,23954.718654,True,False,null
-348.75238,18,23962.827972,False,True,crossing
92.90049,59,23968.305673,True,False,no_target
105.48083,65,23971.420939,True,False,no_target
-302.62888,36,23974.136781,False,True,null
-305.8397,13,23977.571791,False,True,crossing
108.231995,63,23986.332799,True,False,no_target
-43.638435,74,23989.844839,True,False,head_on
0.46914944,80,23993.557513,True,False,crossing
51.786636,70,23993.557513,True,False,null
84.25438,70,23997.888728,True,False,crossing
-27.408157,62,23999.702912,True,False,head_on
92.28261,55,24003.227624,True,False,null
-351.24176,25,24004.680654,False,True,head_on
-303.25125,17,24006.227307,False,True,crossing
107.66214,59,24016.550729,True,False,no_target
117.385376,60,24021.449658,True,False,no_target
-331.49332,28,24023.040173,False,True,head_on
6.729672,57,24024.071005,True,False,head_on
-296.20688,16,24034.006593,False,True,crossing
74.137505,56,24046.040498,True,False,no_target
128.16515,68,24054.1983,True,False,crossing
129.37915,62,24062.76636,True,False,no_target
-291.87778,15,24063.906857,False,True,crossing
-401.91263,39,24067.590662,False,True,head_on
118.59361,69,24078.907662,True,False,no_target
-40.60287,71,24078.907662,True,False,head_on
-312.22614,24,24082.324435,False,True,null
-312.4002,17,24082.324435,False,True,crossing
112.78389,59,24089.505979,True,False,no_target
-29.065674,82,24096.350691,True,False,crossing
81.85382,73,24105.709086,True,False,crossing
-34.186687,68,24114.285344,True,False,head_on
98.953316,61,24138.058882,True,False,no_target
-308.17276,27,24145.094082,False,True,head_on
72.77727,73,24152.613602,True,False,crossing
10.628171,61,24153.460238,True,False,head_on
54.755333,65,24154.351749,True,False,head_on
148.29463,66,24155.308033,True,False,null
70.61126,56,24160.117475,True,False,no_target
79.090965,63,24161.06338,True,False,crossing
-315.291,24,24161.06338,False,True,crossing
61.034054,82,24173.878355,True,False,null
-367.4184,32,24175.804579,False,True,head_on
-327.65665,17,24176.751421,False,True,crossing
-330.4969,30,24181.179868,False,True,head_on
91.836426,75,24184.653716,True,False,crossing
-324.085,19,24193.808637,False,True,crossing
-303.218,31,24212.427444,False,True,head_on
50.946747,59,24213.795179,True,False,head_on
-397.97937,38,24213.795179,False,True,head_on
79.87949,54,24215.644936,True,False,no_target
102.725296,64,24218.40186,True,False,head_on
-315.91336,25,24221.367953,False,True,head_on
106.15364,70,24223.428316,True,False,null
-321.59665,13,24228.207285,False,True,crossing
83.179474,68,24229.075311,True,False,null
-292.5054,18,24241.701548,False,True,crossing
93.18266,57,24243.658895,True,False,no_target
-6.586161,70,24244.550942,True,False,head_on
-451.3664,33,24262.933964,False,True,head_on
-356.80096,26,24271.845551,False,True,head_on
-364.8206,32,24278.324003,False,True,null
28.212273,60,24280.835264,True,False,head_on
-26.17537,66,24282.033062,True,False,head_on
18.13213,68,24285.63103,True,False,head_on
119.93108,69,24286.496239,True,False,null
54.73595,66,24290.964199,True,False,head_on
-407.11084,58,24290.964199,False,True,crossing
-288.9898,18,24301.309389,False,True,crossing
-320.68604,18,24310.968452,False,True,crossing
120.217926,64,24310.968452,True,False,crossing
-309.10852,26,24313.512493,False,True,crossing
-298.44745,24,24327.831036,False,True,crossing
120.46063,59,24327.831036,True,False,no_target
93.84252,59,24335.996108,True,False,no_target
-338.4328,15,24343.139516,False,True,crossing
61.73738,56,24343.139516,True,False,null
127.07071,62,24346.112932,True,False,no_target
124.81167,65,24355.321976,True,False,head_on
-307.6533,15,24356.863441,False,True,crossing
41.656017,64,24357.694512,True,False,null
-323.6955,25,24367.736032,False,True,head_on
89.79556,59,24371.351466,True,False,no_target
70.12795,65,24376.224883,True,False,crossing
49.094574,66,24380.739602,True,False,null
-481.12482,37,24393.860269,False,True,head_on
112.83303,71,24397.595392,True,False,head_on
-317.4768,18,24398.374529,False,True,crossing
101.93805,57,24400.976831,True,False,no_target
135.3703,72,24405.10178,True,False,null
-359.74612,18,24416.16784,False,True,crossing
17.290154,68,24419.981998,True,False,head_on
-394.0569,29,24420.822819,False,True,head_on
-398.11417,29,24421.623198,False,True,head_on
65.75459,75,24422.591096,True,False,null
89.779,60,24423.104128,True,False,no_target
137.15753,66,24424.50872,True,False,crossing
57.27807,60,24427.182753,True,False,head_on
-378.79706,28,24438.648087,False,True,head_on
117.13373,70,24444.98809,True,False,null
122.4599,59,24446.351109,True,False,no_target
63.820736,59,24458.486727,True,False,no_target
109.22145,57,24459.75743,True,False,no_target
100.106094,56,24459.75743,True,False,no_target
39.68441,63,24461.666385,True,False,head_on
-320.74692,25,24462.205648,False,True,head_on
66.59117,74,24464.02022,True,False,head_on
135.4015,64,24465.741334,True,False,head_on
1.2089307,64,24468.150595,True,False,head_on
-313.24753,21,24472.056381,False,True,crossing
-331.38788,24,24477.208746,False,True,crossing
-307.77667,28,24477.687847,False,True,head_on
91.88822,62,24480.084533,True,False,null
-412.82028,30,24485.802057,False,True,head_on
-323.42798,20,24492.805039,False,True,crossing
-320.0564,33,24497.329182,False,True,null
17.330528,77,24499.196893,True,False,crossing
0.47673514,64,24505.584113,True,False,head_on
64.00516,67,24510.026593,True,False,no_target
103.07004,62,24510.682946,True,False,null
99.636536,59,24511.344013,True,False,no_target
90.57681,66,24528.339029,True,False,head_on
128.5403,66,24530.868805,True,False,head_on
40.143295,66,24537.187507,True,False,head_on
-7.048092,63,24551.38675,True,False,head_on
123.98753,68,24554.201818,True,False,head_on
-316.22186,19,24556.520756,False,True,crossing
72.37938,80,24561.255692,True,False,crossing
134.19847,65,24563.190777,True,False,no_target
15.625366,66,24572.216734,True,False,head_on
-353.7381,19,24574.668177,False,True,crossing
118.19085,70,24576.10295,True,False,null
34.873558,75,24578.055991,True,False,null
-307.08832,19,24579.297294,False,True,crossing
88.67291,58,24585.1486,True,False,null
62.2233,63,24586.492353,True,False,no_target
107.25783,62,24600.344057,True,False,head_on
38.562744,55,24602.421371,True,False,no_target
-355.33853,25,24602.422369,False,True,head_on
139.2879,63,24603.135807,True,False,null
85.13235,59,24616.834175,True,False,crossing
31.501488,66,24618.253857,True,False,null
-298.47632,26,24619.352313,False,True,crossing
-308.8702,24,24619.926845,False,True,head_on
10.535397,67,24621.305395,True,False,null
-368.46072,27,24622.643129,False,True,head_on
24.48957,62,24627.334208,True,False,head_on
-353.51804,15,24627.334208,False,True,crossing
38.57721,70,24628.150913,True,False,null
-299.81967,14,24628.996526,False,True,crossing
-38.826347,74,24629.71109,True,False,head_on
-315.60983,32,24640.379648,False,True,crossing
117.61034,58,24643.206793,True,False,no_target
-362.5875,26,24645.867651,False,True,head_on
-317.56525,20,24656.637161,False,True,crossing
91.20046,62,24662.016456,True,False,head_on
63.851143,63,24665.277704,True,False,head_on
-313.77124,32,24667.378587,False,True,head_on
87.958084,70,24669.068945,True,False,head_on
53.867733,61,24671.43728,True,False,head_on
22.680714,64,24671.43728,True,False,head_on
-313.1753,14,24671.995043,False,True,crossing
98.042496,66,24672.661176,True,False,null
65.43476,71,24677.205803,True,False,head_on
-291.19507,15,24683.352525,False,True,crossing
12.741231,81,24697.05581,True,False,null
69.51541,64,24703.265819,True,False,head_on
127.483025,61,24710.777331,True,False,head_on
68.37089,58,24714.44089,True,False,no_target
75.94022,61,24714.44089,True,False,no_target
-328.59576,16,24715.176213,False,True,crossing
15.539463,65,24715.901607,True,False,head_on
115.881256,60,24715.901607,True,False,no_target
40.78859,66,24721.57895,True,False,head_on
98.82939,61,24723.904416,True,False,null
-316.03128,14,24725.140218,False,True,crossing
22.80657,63,24730.464838,True,False,head_on
-365.16235,28,24731.555411,False,True,head_on
57.263905,67,24750.355128,True,False,head_on
91.09595,62,24764.781155,True,False,null
88.89914,66,24766.860115,True,False,null
63.75429,55,24766.860115,True,False,crossing
52.971397,67,24766.860115,True,False,null
27.331472,61,24768.683841,True,False,head_on
101.53183,76,24774.030891,True,False,null
34.57338,70,24777.543739,True,False,head_on
73.53216,61,24777.543739,True,False,head_on
110.57428,63,24778.129073,True,False,no_target
-317.42804,15,24783.030177,False,True,crossing
-324.9235,30,24785.100861,False,True,head_on
113.223625,55,24787.00281,True,False,no_target
-345.89307,27,24794.180815,False,True,head_on
-307.77988,23,24801.463238,False,True,head_on
32.67093,63,24805.93999,True,False,null
54.69941,67,24808.273548,True,False,head_on
22.765934,75,24811.338328,True,False,head_on
97.611084,58,24812.826575,True,False,no_target
109.655945,57,24812.826575,True,False,no_target
59.23167,75,24814.404991,True,False,head_on
81.28154,55,24818.61858,True,False,null
97.227005,67,24823.924417,True,False,head_on
132.06201,62,24831.053941,True,False,null
-317.30185,26,24834.45773,False,True,head_on
86.42236,63,24838.863326,True,False,head_on
111.891464,60,24841.089075,True,False,head_on
105.40006,62,24845.707729,True,False,no_target
113.437996,56,24846.757025,True,False,no_target
64.205086,64,24849.893826,True,False,null
146.92612,66,24852.259414,True,False,null
67.24594,65,24853.467907,True,False,no_target
69.199104,53,24855.91356,True,False,crossing
33.96736,61,24868.323756,True,False,head_on
-11.716348,62,24871.977413,True,False,head_on
101.243,64,24879.988292,True,False,no_target
114.18214,69,24880.593349,True,False,null
-323.2442,16,24881.164387,False,True,crossing
116.67331,61,24882.780302,True,False,no_target
101.87997,65,24883.977837,True,False,crossing
116.58866,58,24883.977837,True,False,no_target
18.698975,58,24889.896375,True,False,head_on
64.69296,64,24890.580127,True,False,null
-292.4513,16,24893.479909,False,True,crossing
-334.0051,26,24895.268203,False,True,head_on
-344.86215,17,24901.616564,False,True,crossing
56.992302,82,24903.375712,True,False,head_on
125.909256,59,24903.996452,True,False,no_target
-342.18567,23,24917.099457,False,True,crossing
100.05816,59,24918.949408,True,False,null
78.965866,59,24923.019556,True,False,no_target
88.5711,68,24927.751092,True,False,no_target
87.13951,65,24929.095698,True,False,no_target
-325.14136,16,24933.955718,False,True,crossing
51.180992,67,24936.288108,True,False,no_target
59.93579,62,24937.202133,True,False,head_on
39.92142,60,24937.735991,True,False,null
-302.1524,26,24943.490669,False,True,crossing
109.16597,59,24945.010683,True,False,no_target
-307.68372,18,24947.786426,False,True,crossing
-301.64984,18,24948.438564,False,True,crossing
5.5778184,68,24950.968676,True,False,head_on
-337.28616,14,24953.049358,False,True,crossing
-306.63867,15,24957.010461,False,True,crossing
114.17531,61,24957.626439,True,False,head_on
12.8413,67,24962.208815,True,False,head_on
-29.230612,65,24968.049471,True,False,head_on
93.84048,59,24969.491025,True,False,no_target
-384.2012,35,24970.835039,False,True,head_on
121.25974,64,24975.75259,True,False,head_on
-403.47922,29,24979.774146,False,True,head_on
98.60954,62,24980.714764,True,False,no_target
89.73047,64,24985.409243,True,False,null
76.59057,59,24987.620547,True,False,no_target
-369.498,24,24994.405449,False,True,crossing
114.81778,68,24999.505121,True,False,null
114.32004,74,25003.167273,True,False,null
-418.96213,20,25008.39117,False,True,crossing
41.457115,62,25009.00379,True,False,head_on
-328.12778,16,25010.285228,False,True,crossing
-451.84448,46,25015.719798,False,True,head_on
4.3846745,75,25015.719798,True,False,head_on
118.3684,65,25017.513815,True,False,head_on
84.68425,74,25018.156327,True,False,head_on
-4.0942383,68,25024.313519,True,False,head_on
117.20297,61,25027.291709,True,False,no_target
47.388893,67,25045.009353,True,False,crossing
153.00749,61,25046.158903,True,False,null
102.18027,60,25047.301928,True,False,no_target
70.2205,57,25050.855687,True,False,no_target
76.69585,70,25052.056161,True,False,crossing
24.885206,61,25055.030583,True,False,head_on
49.279293,64,25057.332269,True,False,head_on
111.42864,55,25058.339866,True,False,no_target
-23.911543,78,25063.747441,True,False,head_on
-387.811,36,25066.868602,False,True,head_on
13.0005,68,25069.420748,True,False,head_on
56.141956,56,25081.105312,True,False,no_target
138.84451,59,25081.67434,True,False,null
-315.59357,22,25082.237897,False,True,crossing
-380.6984,32,25082.92097,False,True,head_on
-10.541092,64,25089.078079,True,False,head_on
92.66601,62,25092.602607,True,False,no_target
25.986961,63,25095.616445,True,False,head_on
55.3652,63,25096.215697,True,False,crossing
56.343246,74,25096.94382,True,False,null
-303.65363,25,25098.001273,False,True,head_on
-330.0338,15,25489.323552,False,True,no_target
-344.79694,19,25489.323552,False,True,crossing
88.26987,68,25489.973563,True,False,null
-345.34018,19,25490.593554,False,True,crossing
-318.57205,27,25491.503428,False,True,crossing
108.38397,54,25498.933896,True,False,no_target
-347.86234,15,25502.269532,False,True,crossing
53.229294,65,25510.084487,True,False,head_on
-310.15323,18,25514.366129,False,True,crossing
142.8978,72,25515.423491,True,False,null
118.92693,60,25516.173265,True,False,no_target
68.729416,60,25525.836602,True,False,null
-336.59027,20,25532.440041,False,True,crossing
76.90423,61,25541.249138,True,False,crossing
32.322456,63,25544.517178,True,False,head_on
124.55364,62,25544.517178,True,False,no_target
-323.68137,25,25546.669734,False,True,head_on
-0.56933117,68,25548.027941,True,False,head_on
69.399086,59,25552.378031,True,False,null
107.33434,64,25565.607114,True,False,no_target
75.63798,61,25569.487791,True,False,head_on
-296.63138,24,25570.354478,False,True,head_on
70.406166,66,25572.246102,True,False,no_target
108.658226,56,25581.095786,True,False,no_target
-328.60596,16,25582.682437,False,True,crossing
-322.597,29,25591.941688,False,True,head_on
125.25521,60,25594.902495,True,False,no_target
115.6033,57,25595.463808,True,False,no_target
117.6932,56,25602.973117,True,False,null
112.2593,68,25607.731447,True,False,null
-6.1326985,74,25611.822685,True,False,head_on
-318.36832,27,25616.865679,False,True,crossing
-354.93085,23,25618.014468,False,True,crossing
-301.12634,25,25618.63194,False,True,crossing
-364.00262,24,25624.668996,False,True,crossing
91.50836,61,25624.668996,True,False,null
149.41599,62,25627.520736,True,False,null
114.42875,65,25639.145408,True,False,no_target
126.54335,67,25643.24878,True,False,no_target
-336.23822,25,25649.262424,False,True,crossing
76.93698,58,25659.345542,True,False,no_target
77.86028,60,25664.472192,True,False,no_target
123.739975,60,25668.787453,True,False,no_target
-312.6148,19,25672.345894,False,True,crossing
42.05443,60,25673.435932,True,False,crossing
109.9915,71,25674.628443,True,False,head_on
92.577,74,25676.134209,True,False,head_on
21.612272,66,25678.713791,True,False,null
-303.2118,22,25680.328766,False,True,crossing
82.990555,56,25689.192459,True,False,head_on
124.24852,56,25693.500204,True,False,no_target
-335.14767,19,25701.643318,False,True,crossing
-285.38934,23,25707.277709,False,True,crossing
-349.08975,27,25708.356467,False,True,head_on
-360.4154,34,25709.40164,False,True,head_on
69.942154,64,25709.40164,True,False,null
-346.5831,28,25723.796553,False,True,crossing
64.38901,68,25734.174626,True,False,null
78.856346,58,25734.174626,True,False,no_target
129.26434,63,25735.697579,True,False,no_target
-319.9227,21,25745.937201,False,True,crossing
69.469025,69,25747.12376,True,False,no_target
-325.6881,23,25749.353177,False,True,head_on
118.89719,62,25754.558704,True,False,no_target
97.45738,68,25754.558704,True,False,no_target
153.74428,63,25756.001626,True,False,null
-315.15674,15,25756.890646,False,True,crossing
41.310448,69,25759.03793,True,False,head_on
139.32419,68,25759.77421,True,False,null
-352.70135,43,25762.151295,False,True,null
36.524307,65,25767.701806,True,False,crossing
-299.61276,30,25772.385019,False,True,head_on
-313.9617,17,25774.788784,False,True,crossing
80.86942,63,25790.152735,True,False,crossing
109.03633,58,25793.441386,True,False,head_on
57.338455,62,25795.867195,True,False,head_on
34.116486,62,25797.223397,True,False,crossing
103.83044,59,25797.641674,True,False,no_target
115.618774,65,25799.476724,True,False,crossing
97.30626,63,25801.019,True,False,head_on
107.955956,57,25808.149986,True,False,no_target
99.712616,64,25808.602567,True,False,no_target
-374.4329,72,25820.610697,False,True,null
-450.30682,38,25826.439402,False,True,head_on
81.164734,63,25832.107115,True,False,no_target
107.89044,61,25834.533673,True,False,head_on
87.10163,61,25836.599524,True,False,null
-331.70435,18,25837.208219,False,True,crossing
37.907917,60,25837.208219,True,False,head_on
122.28383,62,25841.978906,True,False,crossing
135.20216,69,25843.319621,True,False,null
-314.91525,16,25846.934203,False,True,crossing
81.811775,62,25848.15997,True,False,no_target
72.34375,64,25849.826391,True,False,head_on
-320.6075,16,25851.610329,False,True,crossing
-328.5293,28,25854.265943,False,True,head_on
-307.30295,17,25857.05431,False,True,crossing
120.66757,61,25858.992179,True,False,no_target
85.30106,58,25868.621673,True,False,head_on
-333.97748,15,25869.903346,False,True,crossing
117.32258,59,25871.619519,True,False,no_target
107.75451,67,25879.475578,True,False,no_target
134.02687,66,25885.379971,True,False,no_target
-291.28766,14,25888.038511,False,True,crossing
107.283936,65,25892.349239,True,False,crossing
43.043407,65,25895.682678,True,False,null
90.68679,57,25898.23812,True,False,head_on
87.84634,63,25899.003375,True,False,head_on
151.07164,68,25899.637422,True,False,null
-325.94403,14,25903.900191,False,True,crossing
-305.56604,14,25907.200345,False,True,crossing
19.725641,57,25913.073504,True,False,head_on
86.438065,56,25913.58768,True,False,head_on
-295.1571,20,25915.755654,False,True,crossing
77.98463,57,25916.673222,True,False,no_target
-322.843,22,25919.080611,False,True,crossing
-361.45,26,25927.818996,False,True,head_on
