#{"t_start": 1789792029.8164783, "env_id": "None"}
r,l,t,reached_goal,collided,scenario_class
-336.18344,21,22.228921,False,True,no_target
-313.01758,25,22.341883,False,True,no_target
90.99307,52,22.963094,True,False,no_target
63.247395,57,23.075334,True,False,no_target
117.082085,58,23.096338,True,False,no_target
-312.34467,35,23.136526,False,True,no_target
77.09489,61,23.157007,True,False,no_target
119.90658,61,23.157007,True,False,no_target
-357.97214,64,23.227591,False,True,no_target
-381.19443,65,23.256706,False,True,no_target
-434.81424,70,23.352627,False,True,no_target
-316.48026,16,23.572607,False,True,no_target
-308.82623,35,23.785413,False,True,no_target
-327.0945,46,23.87632,False,True,no_target
-376.3359,36,23.918968,False,True,no_target
-343.1985,43,23.918968,False,True,no_target
-393.2193,84,24.024614,False,True,no_target
-325.07013,55,24.226447,False,True,no_target
-316.26282,21,24.309565,False,True,no_target
117.48813,65,24.458182,True,False,no_target
-356.92963,65,24.458182,False,True,no_target
-342.5365,39,24.592403,False,True,no_target
-336.32837,64,24.631047,False,True,no_target
-355.9842,54,24.653497,False,True,no_target
-313.65253,18,24.858796,False,True,no_target
119.31367,55,25.097393,True,False,no_target
125.64949,60,25.216745,True,False,no_target
85.92829,58,25.280909,True,False,no_target
88.889046,51,25.430296,True,False,no_target
-316.91168,26,25.770301,False,True,no_target
-354.18234,54,25.813335,False,True,no_target
124.25419,58,25.854483,True,False,no_target
-337.79428,64,25.854483,False,True,no_target
-390.59308,78,25.923317,False,True,no_target
131.05408,63,26.025437,True,False,no_target
47.82843,59,26.127146,True,False,no_target
34.226543,58,26.335153,True,False,no_target
-360.2217,67,26.84599,False,True,no_target
-384.70218,75,26.866314,False,True,no_target
-331.75812,37,26.927552,False,True,no_target
108.98482,55,26.958902,True,False,no_target
108.93311,53,27.014593,True,False,no_target
-334.21786,61,27.151286,False,True,no_target
134.88893,59,27.231726,True,False,no_target
-396.03473,63,27.264634,False,True,no_target
113.34867,56,27.2905,True,False,no_target
-311.69308,24,27.460997,False,True,no_target
-411.7897,63,27.799323,False,True,no_target
-319.91092,33,28.043553,False,True,no_target
-327.56808,34,28.043553,False,True,no_target
-376.67218,58,28.418693,False,True,no_target
-408.90784,64,28.499121,False,True,no_target
-416.23434,70,28.622811,False,True,no_target
-422.8394,64,28.751275,False,True,no_target
-444.8568,72,28.751275,False,True,no_target
-349.11017,65,28.857896,False,True,no_target
124.16277,57,29.211725,True,False,no_target
-356.4781,73,29.245206,False,True,no_target
-319.29727,32,29.284286,False,True,no_target
125.46595,57,29.466018,True,False,no_target
133.18748,59,29.509353,True,False,no_target
-308.23645,40,29.665132,False,True,no_target
-308.64932,22,29.776879,False,True,no_target
44.2421,59,29.820968,True,False,no_target
-329.05185,30,29.924145,False,True,no_target
112.36025,56,30.06654,True,False,no_target
-318.25446,29,30.174693,False,True,no_target
99.63433,66,30.206761,True,False,no_target
-362.17474,60,30.28828,False,True,no_target
-320.01166,26,30.349211,False,True,no_target
75.170135,59,30.686868,True,False,no_target
102.5848,56,31.153433,True,False,no_target
-370.38797,59,31.257028,False,True,no_target
-426.32034,77,31.345481,False,True,no_target
-341.1045,46,31.345481,False,True,no_target
-323.45117,52,31.418885,False,True,no_target
-383.96396,68,31.54944,False,True,no_target
-370.85794,62,31.610932,False,True,no_target
137.76237,66,31.610932,True,False,no_target
130.2155,61,31.733297,True,False,no_target
-322.29202,19,31.843412,False,True,no_target
-339.0094,37,32.087258,False,True,no_target
-354.2248,70,32.220701,False,True,no_target
-311.9923,43,32.30341,False,True,no_target
131.28801,58,32.447697,True,False,no_target
-401.34225,62,32.726822,False,True,no_target
70.63916,49,32.935888,True,False,no_target
-377.5394,64,32.986978,False,True,no_target
86.44113,62,33.013624,True,False,no_target
95.104774,58,33.039428,True,False,no_target
-391.05975,69,33.175344,False,True,no_target
-321.28708,40,33.224383,False,True,no_target
-327.21558,11,33.264329,False,True,no_target
100.40163,54,33.312953,True,False,no_target
-328.9792,51,37.894015,False,True,no_target
-360.9451,50,38.098922,False,True,no_target
-326.13004,16,38.261306,False,True,no_target
-320.45825,27,38.408216,False,True,no_target
-354.08386,29,38.408216,False,True,no_target
-323.00305,51,38.42766,False,True,no_target
-302.97476,39,38.724893,False,True,no_target
-315.4733,24,38.813797,False,True,no_target
-360.52338,64,38.934315,False,True,no_target
110.642815,55,38.964673,True,False,no_target
-311.72113,26,39.010258,False,True,no_target
143.58598,64,39.036726,True,False,no_target
-327.43964,15,39.088273,False,True,no_target
-400.20874,72,39.193821,False,True,no_target
13.711054,69,39.790846,True,False,no_target
121.40765,57,39.842008,True,False,no_target
-422.32425,67,40.055964,False,True,no_target
-330.07394,47,40.148538,False,True,no_target
-390.06113,47,40.346395,False,True,no_target
109.463745,54,40.346395,True,False,no_target
-379.7584,56,40.459345,False,True,no_target
-371.20615,65,40.520444,False,True,no_target
-345.99377,72,40.563308,False,True,no_target
-419.67987,74,40.793615,False,True,no_target
-329.93204,22,40.824424,False,True,no_target
136.21465,64,41.224101,True,False,no_target
-401.52032,69,41.386664,False,True,no_target
120.746956,61,41.408991,True,False,no_target
-331.3556,15,41.564119,False,True,no_target
-357.48975,67,41.630419,False,True,no_target
-355.14816,55,41.816625,False,True,no_target
-344.79932,68,41.881888,False,True,no_target
-376.8066,70,42.034834,False,True,no_target
-388.87912,71,42.133721,False,True,no_target
-326.57516,36,42.464813,False,True,no_target
-377.05576,49,42.506778,False,True,no_target
-346.33536,78,42.578973,False,True,no_target
-352.1711,79,42.620133,False,True,no_target
-315.4872,23,42.647559,False,True,no_target
122.37631,62,42.840356,True,False,no_target
56.61035,60,42.967508,True,False,no_target
107.623886,56,43.101223,True,False,no_target
-308.50696,27,43.269215,False,True,no_target
112.08618,54,43.299517,True,False,no_target
-309.17126,35,43.353546,False,True,no_target
89.68395,64,43.383477,True,False,no_target
86.48844,59,43.878323,True,False,no_target
100.32446,64,44.108672,True,False,no_target
-368.17596,62,44.131011,False,True,no_target
-304.65897,35,44.172924,False,True,no_target
-372.5298,55,44.266697,False,True,no_target
84.62353,61,44.282185,True,False,no_target
-360.93536,48,44.430517,False,True,no_target
38.531395,55,44.568383,True,False,no_target
-358.7232,69,44.726709,False,True,no_target
-358.80038,75,45.068828,False,True,no_target
106.49922,64,45.258983,True,False,no_target
110.68472,58,45.344583,True,False,no_target
-347.4329,47,45.407256,False,True,no_target
120.62507,60,45.444262,True,False,no_target
118.886765,63,45.468243,True,False,no_target
133.20908,66,45.652054,True,False,no_target
-359.12244,73,45.829314,False,True,no_target
-322.93115,70,46.011423,False,True,no_target
-324.26013,39,46.095673,False,True,no_target
-340.9419,67,46.121965,False,True,no_target
126.20972,60,46.354374,True,False,no_target
-353.8215,31,46.354374,False,True,no_target
-318.99286,49,46.545471,False,True,no_target
127.12458,58,46.640349,True,False,no_target
-319.51437,67,46.919929,False,True,no_target
-328.6897,20,47.03376,False,True,no_target
-376.70282,68,47.03376,False,True,no_target
-314.0405,34,47.191608,False,True,no_target
-319.96677,18,47.501245,False,True,no_target
94.93537,69,47.501245,True,False,no_target
79.67063,66,47.728876,True,False,no_target
60.83306,68,47.804093,True,False,no_target
128.5058,62,47.894723,True,False,no_target
132.9025,59,48.097043,True,False,no_target
-426.36853,86,48.117436,False,True,no_target
-315.1498,43,48.234998,False,True,no_target
-334.67856,33,48.284334,False,True,no_target
-349.02533,62,48.534642,False,True,no_target
-306.77414,41,48.673995,False,True,no_target
-388.36572,82,48.90386,False,True,no_target
-352.76483,60,48.90386,False,True,no_target
-315.9913,41,49.048221,False,True,no_target
106.53816,55,49.168018,True,False,no_target
-398.6981,71,49.443214,False,True,no_target
-310.8907,21,49.5338,False,True,no_target
60.654854,56,49.574921,True,False,no_target
135.70699,65,49.625396,True,False,no_target
101.77662,64,49.712607,True,False,no_target
55.094612,61,53.612416,True,False,no_target
90.06382,58,53.704484,True,False,no_target
-342.48907,25,53.704484,False,True,no_target
114.323555,59,53.956402,True,False,no_target
103.72486,64,54.076654,True,False,no_target
-353.23672,33,54.464306,False,True,no_target
-343.7392,72,54.608014,False,True,no_target
75.13264,60,54.716897,True,False,no_target
129.21127,59,54.810981,True,False,no_target
-381.1469,65,54.926023,False,True,no_target
-324.55484,24,55.275569,False,True,no_target
123.798515,62,55.358002,True,False,no_target
-367.74692,76,55.382832,False,True,no_target
62.009163,65,55.44583,True,False,no_target
-356.4129,49,55.44583,False,True,no_target
-403.15378,72,55.937742,False,True,no_target
-395.1636,67,56.326668,False,True,no_target
136.62003,60,56.37094,True,False,no_target
119.26688,58,56.508477,True,False,no_target
-345.01163,51,56.764178,False,True,no_target
-378.7993,74,56.859389,False,True,no_target
-305.90573,36,56.942751,False,True,no_target
131.11145,66,57.124637,True,False,no_target
54.949257,66,57.247276,True,False,no_target
18.21493,69,57.403926,True,False,no_target
-365.78998,71,57.470331,False,True,no_target
-330.43546,36,57.912544,False,True,no_target
-317.5655,34,57.942267,False,True,no_target
-329.5159,26,58.132089,False,True,no_target
110.98302,59,58.21445,True,False,no_target
-386.63617,68,58.265432,False,True,no_target
-349.50793,68,58.336555,False,True,no_target
-399.3038,78,58.984529,False,True,no_target
-380.53665,66,58.984529,False,True,no_target
-316.09793,27,59.016529,False,True,no_target
-351.6884,45,59.136757,False,True,no_target
-363.1685,69,59.156802,False,True,no_target
-347.70453,41,59.227064,False,True,no_target
-417.08777,73,59.404917,False,True,no_target
136.30089,61,59.754608,True,False,no_target
129.98831,63,59.901312,True,False,no_target
-377.6075,86,60.104123,False,True,no_target
35.315346,59,60.420504,True,False,no_target
-389.04184,59,60.601861,False,True,no_target
102.343124,73,60.773556,True,False,no_target
-380.49786,74,60.838965,False,True,no_target
-366.74353,69,60.942552,False,True,no_target
-370.6068,77,61.059078,False,True,no_target
-393.9825,73,61.293615,False,True,no_target
59.021477,66,61.500246,True,False,no_target
126.26928,68,61.737488,True,False,no_target
-319.55826,57,61.989096,False,True,no_target
118.26523,69,62.019513,True,False,no_target
-315.52393,21,62.111143,False,True,no_target
-313.95898,41,62.468459,False,True,no_target
117.775696,63,62.591043,True,False,no_target
79.65822,56,62.684865,True,False,no_target
-341.64975,78,62.824531,False,True,no_target
-345.09277,65,62.824531,False,True,no_target
-310.6442,29,62.855124,False,True,no_target
-373.38828,71,62.885468,False,True,no_target
-304.37576,32,63.05652,False,True,no_target
-318.49146,21,63.086869,False,True,no_target
72.44736,59,63.663712,True,False,no_target
-314.33456,24,63.663712,False,True,no_target
98.809044,72,63.735584,True,False,no_target
-328.01974,25,64.187224,False,True,no_target
106.73155,70,64.311052,True,False,no_target
-347.0401,70,64.388739,False,True,no_target
132.1799,66,64.420423,True,False,no_target
131.13928,61,64.52438,True,False,no_target
111.27855,70,64.565385,True,False,no_target
-379.54483,72,64.647771,False,True,no_target
-376.25815,81,64.85614,False,True,no_target
-337.26785,23,64.971243,False,True,no_target
120.91227,57,65.095243,True,False,no_target
-315.4553,22,65.217307,False,True,no_target
101.79553,68,65.497799,True,False,no_target
-382.67346,55,65.774259,False,True,no_target
133.99113,59,66.146316,True,False,no_target
-380.312,68,66.392549,False,True,no_target
-384.2481,70,66.626749,False,True,no_target
67.4556,54,66.861403,True,False,no_target
-384.01196,73,66.861403,False,True,no_target
59.623924,59,66.902113,True,False,no_target
-433.36066,75,67.134206,False,True,no_target
-329.4761,77,67.281173,False,True,no_target
-367.42294,51,67.310468,False,True,no_target
37.419025,68,70.748665,True,False,no_target
-347.76102,34,71.03613,False,True,no_target
-311.22528,36,71.120027,False,True,no_target
-317.55804,22,71.140133,False,True,no_target
-426.29263,77,71.639546,False,True,no_target
-340.2585,70,71.669073,False,True,no_target
105.79757,58,71.729667,True,False,no_target
-344.14508,71,71.900215,False,True,no_target
132.828,62,72.08226,True,False,no_target
69.405365,56,72.331893,True,False,no_target
71.41353,69,72.465575,True,False,no_target
103.618774,57,72.825857,True,False,no_target
98.68538,61,72.911309,True,False,no_target
100.91956,67,73.001465,True,False,no_target
-315.70706,30,73.35736,False,True,no_target
90.10983,70,73.623519,True,False,no_target
65.61512,61,73.623519,True,False,no_target
40.145203,73,73.768163,True,False,no_target
-473.12564,82,73.947424,False,True,no_target
109.38709,67,73.947424,True,False,no_target
130.09082,62,74.424925,True,False,no_target
-375.50595,80,74.501109,False,True,no_target
71.52297,73,74.792011,True,False,no_target
-343.60974,77,74.973726,False,True,no_target
132.91498,65,75.003115,True,False,no_target
90.69793,60,75.155477,True,False,no_target
133.22527,63,75.230731,True,False,no_target
30.69697,60,75.317394,True,False,no_target
-388.88943,38,75.487753,False,True,no_target
121.260185,68,75.696876,True,False,no_target
-345.8903,75,75.876881,False,True,no_target
-315.9448,30,76.008023,False,True,no_target
138.7488,61,76.008023,True,False,no_target
-314.19232,27,76.380234,False,True,no_target
-393.845,76,76.732893,False,True,no_target
15.290337,72,76.83834,True,False,no_target
124.229904,63,76.920649,True,False,no_target
-422.75464,80,77.038897,False,True,no_target
-395.21277,78,77.197803,False,True,no_target
127.78967,66,77.236098,True,False,no_target
120.003685,58,77.572468,True,False,no_target
-313.35074,24,77.763422,False,True,no_target
-317.98492,19,77.799731,False,True,no_target
-320.26257,27,77.994615,False,True,no_target
-393.43585,79,78.055137,False,True,no_target
-358.06046,51,78.231664,False,True,no_target
-384.86075,65,78.231664,False,True,no_target
-401.21707,83,78.311987,False,True,no_target
114.39321,64,78.686951,True,False,no_target
-316.86124,21,78.808616,False,True,no_target
52.96831,70,78.952004,True,False,no_target
98.84165,63,79.365641,True,False,no_target
-328.38614,25,79.518615,False,True,no_target
136.06992,63,79.574248,True,False,no_target
138.8748,65,79.607588,True,False,no_target
129.48332,63,79.867512,True,False,no_target
-355.3045,70,80.020487,False,True,no_target
-6.6128526,63,80.061318,True,False,no_target
106.099434,69,80.350964,True,False,no_target
135.61884,59,80.475404,True,False,no_target
-369.2703,62,80.808897,False,True,no_target
-328.34866,38,81.160144,False,True,no_target
94.758064,64,81.413707,True,False,no_target
124.29645,65,81.52876,True,False,no_target
-315.8111,34,81.74856,False,True,no_target
135.15944,63,81.827265,True,False,no_target
82.63236,71,81.933951,True,False,no_target
-460.8923,93,82.110147,False,True,no_target
59.78887,59,82.145129,True,False,no_target
-376.14713,87,82.145129,False,True,no_target
66.7466,64,82.166834,True,False,no_target
78.15564,57,83.144711,True,False,no_target
-344.68872,76,83.359365,False,True,no_target
65.07248,67,83.704453,True,False,no_target
141.26897,64,83.797118,True,False,no_target
131.08488,61,83.891102,True,False,no_target
-315.0471,21,83.98096,False,True,no_target
-414.02618,77,84.114105,False,True,no_target
-450.62405,98,84.276038,False,True,no_target
-346.47852,72,84.276038,False,True,no_target
-346.63055,74,84.309178,False,True,no_target
45.57519,74,84.309178,True,False,no_target
80.93173,60,84.931425,True,False,no_target
-313.77267,23,84.931425,False,True,no_target
61.727287,63,88.953928,True,False,no_target
123.89772,67,88.984876,True,False,no_target
127.84789,66,89.218406,True,False,no_target
127.42932,59,89.314142,True,False,no_target
121.585014,60,89.374325,True,False,no_target
-82.31074,68,89.412713,True,False,no_target
-405.4549,75,89.412713,False,True,no_target
108.4073,67,89.562178,True,False,no_target
128.84744,64,90.060886,True,False,no_target
107.29119,67,90.15085,True,False,no_target
-313.05637,39,90.431384,False,True,no_target
132.46031,62,90.648304,True,False,no_target
129.34967,63,90.700357,True,False,no_target
-322.26712,18,90.963819,False,True,no_target
15.283013,65,91.041826,True,False,no_target
105.5627,64,91.109857,True,False,no_target
133.3652,62,91.109857,True,False,no_target
126.68202,67,91.279594,True,False,no_target
-351.5251,75,91.658115,False,True,no_target
68.39918,65,91.914954,True,False,no_target
-342.4232,74,92.258126,False,True,no_target
141.93134,67,92.628443,True,False,no_target
61.43616,69,92.628443,True,False,no_target
139.97244,65,92.798243,True,False,no_target
128.31876,68,92.9435,True,False,no_target
64.358475,71,93.094905,True,False,no_target
-354.37064,76,93.235827,False,True,no_target
102.96745,73,93.328181,True,False,no_target
16.926033,66,93.533784,True,False,no_target
-319.0565,16,93.569213,False,True,no_target
72.11402,66,93.791462,True,False,no_target
122.13015,66,94.12484,True,False,no_target
91.37952,67,94.532516,True,False,no_target
62.026443,69,94.58929,True,False,no_target
114.705086,62,94.708078,True,False,no_target
78.45697,66,95.18332,True,False,no_target
33.587246,64,95.233273,True,False,no_target
29.365013,86,95.378802,True,False,no_target
75.95287,65,95.546052,True,False,no_target
137.04669,66,95.546052,True,False,no_target
94.4318,62,96.026923,True,False,no_target
-346.3211,77,96.122164,False,True,no_target
-326.8293,45,96.590686,False,True,no_target
130.5488,67,96.622977,True,False,no_target
104.9401,66,96.760396,True,False,no_target
122.39288,74,96.885824,True,False,no_target
123.62055,64,97.110234,True,False,no_target
67.17926,56,97.164783,True,False,no_target
134.73566,65,97.412251,True,False,no_target
98.33184,78,97.622399,True,False,no_target
129.78767,57,97.65311,True,False,no_target
-388.0998,38,97.829762,False,True,no_target
79.95967,62,97.894134,True,False,no_target
128.16924,57,98.511124,True,False,no_target
80.28448,72,98.684549,True,False,no_target
-384.9154,76,98.77446,False,True,no_target
122.213486,62,98.892986,True,False,no_target
-323.13788,36,98.892986,False,True,no_target
75.01194,61,99.18733,True,False,no_target
125.49142,70,99.18733,True,False,no_target
92.20958,63,99.494248,True,False,no_target
-379.17575,69,99.634354,False,True,no_target
-307.08002,36,99.923655,False,True,no_target
93.12551,60,100.240182,True,False,no_target
-343.8387,38,100.26221,False,True,no_target
-406.11282,87,100.413629,False,True,no_target
130.78925,60,100.413629,True,False,no_target
47.35113,54,100.715456,True,False,no_target
106.55616,71,100.796979,True,False,no_target
-315.2589,23,100.877144,False,True,no_target
-412.30502,89,101.735112,False,True,no_target
99.01511,73,102.114911,True,False,no_target
-375.01407,76,102.709094,False,True,no_target
73.94491,69,102.940085,True,False,no_target
61.5909,58,103.371132,True,False,no_target
129.74252,67,103.641338,True,False,no_target
88.77399,64,104.506604,True,False,no_target
101.36823,79,104.768479,True,False,no_target
127.954315,70,105.163682,True,False,no_target
-397.5593,80,111.814242,False,True,no_target
138.9525,65,112.329686,True,False,no_target
119.52401,57,112.51766,True,False,no_target
-373.23428,76,112.686696,False,True,no_target
76.0882,70,113.074794,True,False,no_target
66.80918,64,113.253182,True,False,no_target
108.5288,67,113.661334,True,False,no_target
122.80162,61,114.081468,True,False,no_target
131.62567,63,114.455477,True,False,no_target
112.311646,68,115.111167,True,False,no_target
-317.60043,31,115.171584,False,True,no_target
94.3193,60,115.399495,True,False,no_target
136.27841,62,116.433998,True,False,no_target
130.88277,66,116.512447,True,False,no_target
136.91873,62,117.101851,True,False,no_target
-444.63638,85,118.200874,False,True,no_target
136.4378,69,118.280867,True,False,no_target
54.56555,63,118.37996,True,False,no_target
124.568565,58,118.477976,True,False,no_target
38.759075,64,119.642702,True,False,no_target
136.99867,64,119.723295,True,False,no_target
127.71582,63,119.979002,True,False,no_target
-309.79434,34,120.723442,False,True,no_target
126.20134,62,120.791641,True,False,no_target
55.440376,65,121.039632,True,False,no_target
127.29928,63,121.503867,True,False,no_target
-320.69257,28,122.513569,False,True,no_target
67.888824,65,122.743572,True,False,no_target
-364.98944,76,123.312423,False,True,no_target
-389.51236,73,123.312423,False,True,no_target
129.91756,61,123.62484,True,False,no_target
73.319916,66,123.871591,True,False,no_target
140.83403,66,124.129513,True,False,no_target
-340.23813,68,125.071111,False,True,no_target
131.45676,64,125.071111,True,False,no_target
123.04657,71,125.931492,True,False,no_target
114.01487,55,126.20023,True,False,no_target
-332.2549,15,126.924995,False,True,no_target
95.61472,61,127.178535,True,False,no_target
138.81589,63,127.581708,True,False,no_target
-433.42728,85,127.822957,False,True,no_target
133.74265,66,128.014782,True,False,no_target
-474.58417,79,128.303445,False,True,no_target
132.16748,59,128.849721,True,False,no_target
-384.83905,77,129.040885,False,True,no_target
139.52675,66,129.317429,True,False,no_target
130.31311,63,130.317117,True,False,no_target
-360.27777,38,130.380207,False,True,no_target
69.69801,61,131.080986,True,False,no_target
48.394783,74,131.613994,True,False,no_target
130.4629,70,132.052944,True,False,no_target
105.18682,54,132.222035,True,False,no_target
112.39116,71,132.501266,True,False,no_target
122.58931,60,132.734762,True,False,no_target
104.57616,76,133.046825,True,False,no_target
86.03564,64,134.078573,True,False,no_target
84.9006,80,134.135561,True,False,no_target
-415.84756,80,135.115986,False,True,no_target
129.31584,59,135.115986,True,False,no_target
122.654526,74,135.476694,True,False,no_target
137.63188,61,135.831546,True,False,no_target
60.73946,70,136.207799,True,False,no_target
134.04558,63,136.270993,True,False,no_target
128.4028,66,136.701263,True,False,no_target
80.681046,59,137.685437,True,False,no_target
-10.292242,80,137.877643,True,False,no_target
-316.67346,22,138.064144,False,True,no_target
63.35721,75,138.770282,True,False,no_target
-428.55234,72,139.608165,False,True,no_target
111.37861,72,139.608165,True,False,no_target
94.707146,62,139.72433,True,False,no_target
134.53702,62,140.107356,True,False,no_target
21.090408,79,140.421411,True,False,no_target
-319.873,25,141.128765,False,True,no_target
90.0455,80,141.257993,True,False,no_target
123.978546,64,141.662252,True,False,no_target
21.010593,65,142.097875,True,False,no_target
121.835915,69,142.168125,True,False,no_target
-321.17462,15,143.128599,False,True,no_target
139.0588,63,143.716891,True,False,no_target
127.949005,62,149.287157,True,False,no_target
-407.24106,84,149.359035,False,True,no_target
-376.82898,78,149.847841,False,True,no_target
130.20956,62,150.464456,True,False,no_target
68.80291,61,150.537403,True,False,no_target
-379.6807,76,150.60925,False,True,no_target
53.595493,55,150.60925,True,False,no_target
132.91202,62,151.59018,True,False,no_target
-316.28928,31,151.923856,False,True,no_target
-359.6997,31,152.6097,False,True,no_target
142.86064,65,152.74788,True,False,no_target
118.41755,56,152.74788,True,False,no_target
96.22201,60,153.453132,True,False,no_target
-347.17773,24,153.586025,False,True,no_target
73.96877,60,154.682762,True,False,no_target
76.55932,66,154.939237,True,False,no_target
-397.20224,78,155.815188,False,True,no_target
53.57697,66,156.00754,True,False,no_target
-502.5401,103,156.173309,False,True,no_target
111.04756,55,156.234967,True,False,no_target
134.0087,62,156.761511,True,False,no_target
133.58485,62,156.761511,True,False,no_target
88.84812,67,157.587097,True,False,no_target
102.26148,52,157.757529,True,False,no_target
71.576065,68,157.757529,True,False,no_target
-337.95645,70,159.059635,False,True,no_target
135.89401,60,159.49295,True,False,no_target
133.97585,66,159.677621,True,False,no_target
123.83836,72,160.407258,True,False,no_target
110.976295,74,160.604981,True,False,no_target
141.79881,65,160.604981,True,False,no_target
66.89378,68,160.810328,True,False,no_target
39.419056,55,161.119544,True,False,no_target
132.8594,61,161.306047,True,False,no_target
131.65234,64,161.685376,True,False,no_target
42.952248,62,163.007099,True,False,no_target
92.83186,57,163.322162,True,False,no_target
45.089382,69,163.876765,True,False,no_target
-320.85773,46,164.234427,False,True,no_target
82.00237,57,164.430571,True,False,no_target
124.6065,61,164.512126,True,False,no_target
84.93894,62,164.602662,True,False,no_target
54.434795,66,164.664182,True,False,no_target
83.97511,67,165.423226,True,False,no_target
62.349007,66,165.931689,True,False,no_target
139.40648,65,167.16004,True,False,no_target
139.3826,65,167.473778,True,False,no_target
77.68766,58,167.605451,True,False,no_target
49.313377,60,168.470583,True,False,no_target
69.86246,59,168.470583,True,False,no_target
134.37271,60,168.633041,True,False,no_target
113.78311,66,168.633041,True,False,no_target
-417.9105,75,169.416613,False,True,no_target
123.76247,65,169.731041,True,False,no_target
53.87356,63,170.119736,True,False,no_target
133.66237,66,171.686328,True,False,no_target
78.64075,69,172.285785,True,False,no_target
109.41514,61,172.837915,True,False,no_target
136.26224,65,173.295823,True,False,no_target
57.438835,79,173.295823,True,False,no_target
131.78986,70,173.620408,True,False,no_target
-372.39508,73,173.689201,False,True,no_target
57.81126,62,173.910498,True,False,no_target
127.39308,58,174.386497,True,False,no_target
133.56702,69,174.727827,True,False,no_target
132.66708,59,175.823424,True,False,no_target
99.18128,67,176.8518,True,False,no_target
128.65857,63,176.987854,True,False,no_target
90.68607,59,177.129045,True,False,no_target
127.49134,60,177.534784,True,False,no_target
-320.6275,27,177.606627,False,True,no_target
129.99165,67,177.673314,True,False,no_target
140.64253,62,177.739084,True,False,no_target
64.47929,68,178.399868,True,False,no_target
126.34414,60,178.68673,True,False,no_target
89.39412,76,179.360564,True,False,no_target
98.756424,64,181.223187,True,False,no_target
117.451614,58,181.760164,True,False,no_target
-396.88666,70,181.936288,False,True,no_target
62.766453,66,182.059654,True,False,no_target
-342.54742,76,182.197993,False,True,no_target
62.730274,68,182.259689,True,False,no_target
139.4701,67,182.259689,True,False,no_target
-322.85748,16,182.320268,False,True,no_target
81.339745,60,182.425955,True,False,no_target
49.031578,70,188.467819,True,False,no_target
33.442554,67,188.933263,True,False,no_target
85.887085,54,190.374776,True,False,no_target
118.844574,56,190.832202,True,False,no_target
139.08296,62,191.046315,True,False,no_target
127.049416,62,191.123504,True,False,no_target
95.58771,60,191.191924,True,False,no_target
-347.39005,71,191.191924,False,True,no_target
137.90479,66,191.364225,True,False,no_target
88.87076,70,191.423923,True,False,no_target
122.56443,61,192.042912,True,False,no_target
40.890694,61,192.514699,True,False,no_target
125.40997,60,195.981782,True,False,no_target
132.43385,64,195.981782,True,False,no_target
121.6796,57,196.11851,True,False,no_target
39.758873,74,196.11851,True,False,no_target
73.050186,61,196.175543,True,False,no_target
30.141516,64,196.297345,True,False,no_target
129.91415,65,196.639536,True,False,no_target
62.48706,69,196.639536,True,False,no_target
140.84877,66,197.279477,True,False,no_target
68.87569,73,198.1071,True,False,no_target
124.895584,59,199.360374,True,False,no_target
136.79323,62,199.539699,True,False,no_target
128.40247,60,199.594079,True,False,no_target
133.04065,67,199.712226,True,False,no_target
108.62357,67,199.712226,True,False,no_target
111.848465,65,199.772093,True,False,no_target
133.41653,58,199.842119,True,False,no_target
52.692093,70,200.558305,True,False,no_target
126.61944,66,200.998839,True,False,no_target
-322.1842,24,201.114697,False,True,no_target
49.438717,65,201.839404,True,False,no_target
103.81494,53,202.49717,True,False,no_target
127.01546,59,203.095961,True,False,no_target
-313.05878,36,203.161317,False,True,no_target
126.659096,63,203.27667,True,False,no_target
78.02242,64,203.627114,True,False,no_target
138.73541,65,203.788905,True,False,no_target
135.60603,68,204.046087,True,False,no_target
26.480024,66,204.658911,True,False,no_target
94.30881,62,205.030363,True,False,no_target
126.119255,58,205.522573,True,False,no_target
54.512596,68,206.80498,True,False,no_target
91.11172,61,207.059971,True,False,no_target
134.31061,62,207.059971,True,False,no_target
63.25477,58,207.372306,True,False,no_target
112.451,62,207.508409,True,False,no_target
110.28741,70,207.754056,True,False,no_target
141.10115,67,208.152833,True,False,no_target
87.92718,58,208.596293,True,False,no_target
126.64445,64,208.596293,True,False,no_target
101.15967,55,208.925748,True,False,no_target
131.34048,62,210.869758,True,False,no_target
22.808098,67,210.924025,True,False,no_target
131.58223,64,210.98683,True,False,no_target
108.21388,64,211.289221,True,False,no_target
123.18343,58,211.289221,True,False,no_target
57.552444,69,211.689545,True,False,no_target
123.446686,63,212.025345,True,False,no_target
98.962105,58,212.133724,True,False,no_target
-324.77417,17,212.320065,False,True,no_target
120.5893,63,212.437275,True,False,no_target
80.48338,59,212.493716,True,False,no_target
135.23013,60,214.866947,True,False,no_target
98.39059,64,215.053729,True,False,no_target
115.501366,73,215.515821,True,False,no_target
65.57051,67,215.566216,True,False,no_target
116.42826,56,215.73875,True,False,no_target
104.340515,64,215.797422,True,False,no_target
94.77097,57,216.08779,True,False,no_target
114.262985,59,216.268399,True,False,no_target
85.83109,64,216.374461,True,False,no_target
109.20707,76,216.713563,True,False,no_target
-326.52148,16,217.546823,False,True,no_target
91.947975,69,218.630147,True,False,no_target
141.48126,66,218.630147,True,False,no_target
134.82356,59,218.688975,True,False,no_target
120.94307,60,219.010356,True,False,no_target
-346.99136,64,219.15635,False,True,no_target
30.878294,73,219.44601,True,False,no_target
125.03007,67,219.585737,True,False,no_target
76.77521,66,219.679488,True,False,no_target
132.66849,65,219.729799,True,False,no_target
92.417534,71,225.366887,True,False,no_target
78.736824,56,225.603421,True,False,no_target
115.682236,57,226.102857,True,False,no_target
139.52567,68,226.195992,True,False,no_target
116.04156,75,226.484482,True,False,no_target
121.83359,59,226.631458,True,False,no_target
31.000378,72,226.685602,True,False,no_target
129.6414,65,226.797767,True,False,no_target
132.52208,63,226.982431,True,False,no_target
80.16967,78,227.593309,True,False,no_target
102.76942,62,228.238106,True,False,no_target
67.337776,62,228.474895,True,False,no_target
20.87329,58,228.911135,True,False,no_target
104.99802,62,229.007263,True,False,no_target
111.603355,55,229.1718,True,False,no_target
101.49987,57,229.320063,True,False,no_target
110.57255,65,229.511149,True,False,no_target
58.346596,68,229.878794,True,False,no_target
142.22499,64,229.878794,True,False,no_target
54.79945,59,230.278826,True,False,no_target
82.316216,64,231.085738,True,False,no_target
69.867645,65,231.342217,True,False,no_target
137.76895,59,231.477478,True,False,no_target
135.35362,65,231.808969,True,False,no_target
87.91459,65,232.086318,True,False,no_target
92.01815,68,232.376347,True,False,no_target
130.5124,61,232.497039,True,False,no_target
112.43017,63,232.604178,True,False,no_target
-417.9848,83,232.830518,False,True,no_target
71.24481,70,233.41146,True,False,no_target
111.51723,54,233.575957,True,False,no_target
128.19261,58,234.09036,True,False,no_target
108.93812,57,234.629435,True,False,no_target
-418.2317,74,235.100212,False,True,no_target
135.56,61,235.196845,True,False,no_target
-347.1309,22,235.25136,False,True,no_target
84.14009,63,235.825174,True,False,no_target
132.90628,67,236.350639,True,False,no_target
42.19131,76,236.407259,True,False,no_target
66.346664,76,236.615425,True,False,no_target
93.07133,64,236.840719,True,False,no_target
90.133644,67,237.140886,True,False,no_target
132.66077,60,238.366028,True,False,no_target
80.601616,64,238.466562,True,False,no_target
79.52592,79,238.763787,True,False,no_target
136.41263,61,238.954382,True,False,no_target
39.339626,72,239.001438,True,False,no_target
131.28064,58,239.440357,True,False,no_target
106.23888,69,239.716167,True,False,no_target
80.330284,59,239.96512,True,False,no_target
-335.37753,73,239.96512,False,True,no_target
75.50006,68,240.121637,True,False,no_target
114.850624,60,241.423892,True,False,no_target
138.9092,62,241.423892,True,False,no_target
124.90596,58,241.643902,True,False,no_target
97.96099,63,242.041572,True,False,no_target
140.35974,62,242.041572,True,False,no_target
90.75603,62,242.887766,True,False,no_target
1.9796989,71,243.027502,True,False,no_target
142.48888,60,243.231947,True,False,no_target
129.19664,64,243.290107,True,False,no_target
77.177025,76,243.792953,True,False,no_target
55.43712,58,244.125885,True,False,no_target
43.110863,59,244.174587,True,False,no_target
133.74919,58,244.312277,True,False,no_target
138.99734,63,244.957183,True,False,no_target
69.19307,72,245.499548,True,False,no_target
129.95134,61,245.985365,True,False,no_target
114.71561,58,246.067343,True,False,no_target
133.43568,62,246.271275,True,False,no_target
-374.65402,73,246.629579,False,True,no_target
128.79002,60,246.929981,True,False,no_target
136.70331,64,247.607599,True,False,no_target
-335.51715,20,247.607599,False,True,no_target
131.30093,61,247.607599,True,False,no_target
98.547386,72,247.943302,True,False,no_target
114.722046,55,248.343364,True,False,no_target
100.021706,75,248.791445,True,False,no_target
125.77524,61,253.145406,True,False,no_target
123.48189,71,253.689546,True,False,no_target
68.74288,74,254.032066,True,False,no_target
132.8594,63,254.032066,True,False,no_target
128.15005,57,254.370989,True,False,no_target
116.63979,57,254.370989,True,False,no_target
76.20542,64,254.663958,True,False,no_target
121.531525,58,255.085006,True,False,no_target
83.74259,70,255.19836,True,False,no_target
132.30524,61,255.688491,True,False,no_target
53.964775,56,255.688491,True,False,no_target
-313.12183,40,256.046279,False,True,no_target
124.50321,58,256.199724,True,False,no_target
105.37535,57,256.485163,True,False,no_target
117.89186,61,256.659082,True,False,no_target
107.34972,70,257.34702,True,False,no_target
70.891396,65,257.437265,True,False,no_target
123.10537,58,257.600132,True,False,no_target
129.14401,60,257.752911,True,False,no_target
83.62001,61,258.264473,True,False,no_target
128.483,59,258.549946,True,False,no_target
116.71701,57,258.616487,True,False,no_target
139.64682,68,258.616487,True,False,no_target
111.20505,53,259.00654,True,False,no_target
138.69467,60,259.149948,True,False,no_target
-324.72244,27,259.803171,False,True,no_target
59.22398,62,260.161329,True,False,no_target
70.79863,64,260.161329,True,False,no_target
87.51616,61,260.293823,True,False,no_target
138.54333,62,260.518941,True,False,no_target
102.839905,53,260.68192,True,False,no_target
135.5077,60,261.241086,True,False,no_target
91.13737,65,261.445529,True,False,no_target
97.24081,62,261.57775,True,False,no_target
92.758446,67,261.894917,True,False,no_target
136.94904,62,262.364892,True,False,no_target
74.19168,56,262.456699,True,False,no_target
104.10834,62,262.698936,True,False,no_target
141.94424,62,262.863259,True,False,no_target
-322.18683,41,262.941464,False,True,no_target
64.32464,62,263.084577,True,False,no_target
76.43973,60,263.199654,True,False,no_target
135.47762,58,264.181499,True,False,no_target
134.73862,60,264.427305,True,False,no_target
109.001915,58,265.28924,True,False,no_target
70.795845,75,265.521442,True,False,no_target
140.70737,64,265.662494,True,False,no_target
118.57145,56,265.715695,True,False,no_target
72.6766,63,265.951283,True,False,no_target
126.60902,59,266.158081,True,False,no_target
121.05695,58,266.217376,True,False,no_target
95.75932,64,266.283998,True,False,no_target
88.62655,62,267.918766,True,False,no_target
31.626122,72,268.271852,True,False,no_target
70.35945,66,269.470031,True,False,no_target
88.38094,65,269.733298,True,False,no_target
88.06701,64,269.951985,True,False,no_target
21.072088,68,270.122331,True,False,no_target
87.952515,69,270.503145,True,False,no_target
119.333855,70,270.855919,True,False,no_target
32.651176,74,271.06812,True,False,no_target
-405.1945,77,271.394743,False,True,no_target
53.900307,58,271.745565,True,False,no_target
110.673546,57,273.027299,True,False,no_target
89.222305,61,273.591565,True,False,no_target
28.330769,83,273.654793,True,False,no_target
121.90433,56,273.654793,True,False,no_target
39.132412,67,274.211065,True,False,no_target
81.04391,63,274.515014,True,False,no_target
121.10942,59,274.615681,True,False,no_target
91.259186,67,275.234806,True,False,no_target
92.03848,65,275.405449,True,False,no_target
37.52175,61,275.51206,True,False,no_target
93.15192,57,276.419511,True,False,no_target
136.09277,59,277.045446,True,False,no_target
126.98633,63,277.321693,True,False,no_target
135.14851,66,277.488832,True,False,no_target
126.53528,56,277.701935,True,False,no_target
133.80678,63,277.837048,True,False,no_target
115.86806,67,278.494018,True,False,no_target
124.12574,57,278.545343,True,False,no_target
84.748375,60,278.92314,True,False,no_target
130.70511,62,278.92314,True,False,no_target
135.55684,64,286.895269,True,False,no_target
-310.90436,21,286.895269,False,True,no_target
103.41594,53,287.575515,True,False,no_target
136.27426,64,287.655225,True,False,no_target
102.88409,62,287.790893,True,False,no_target
117.70759,56,287.931049,True,False,no_target
48.445625,62,287.931049,True,False,no_target
134.23305,59,288.712481,True,False,no_target
139.90666,63,288.908359,True,False,no_target
-316.4807,28,289.271607,False,True,no_target
-364.7419,31,289.399587,False,True,no_target
141.23172,65,289.582458,True,False,no_target
93.610695,63,290.673395,True,False,no_target
29.962984,63,290.673395,True,False,no_target
132.91043,59,291.254225,True,False,no_target
98.10815,67,291.740937,True,False,no_target
83.82966,71,291.888609,True,False,no_target
70.870445,57,292.082313,True,False,no_target
86.43685,62,292.579378,True,False,no_target
108.82319,56,292.671457,True,False,no_target
129.07532,63,293.081936,True,False,no_target
44.847248,74,293.349467,True,False,no_target
-342.6958,37,293.717779,False,True,no_target
134.92886,63,293.983088,True,False,no_target
142.06491,64,294.024233,True,False,no_target
125.4995,58,294.314936,True,False,no_target
110.8942,64,295.153241,True,False,no_target
121.816734,56,295.536234,True,False,no_target
63.826694,68,295.638014,True,False,no_target
84.42425,63,295.821574,True,False,no_target
81.90766,58,296.416292,True,False,no_target
87.773766,63,296.948784,True,False,no_target
126.888405,61,297.261191,True,False,no_target
135.16658,61,297.531995,True,False,no_target
132.6422,61,297.590074,True,False,no_target
126.89432,58,297.703909,True,False,no_target
120.78644,57,298.585763,True,False,no_target
104.57751,64,298.585763,True,False,no_target
140.00854,61,298.946226,True,False,no_target
133.57162,62,299.287445,True,False,no_target
131.49657,61,299.657226,True,False,no_target
69.45345,57,299.994878,True,False,no_target
50.221794,62,300.485142,True,False,no_target
85.10742,61,300.690439,True,False,no_target
-334.84753,40,300.997374,False,True,no_target
67.57473,68,301.089374,True,False,no_target
76.22637,54,301.383807,True,False,no_target
-426.79495,80,301.536782,False,True,no_target
133.22513,62,301.761242,True,False,no_target
70.93246,59,302.148584,True,False,no_target
116.91388,55,302.240909,True,False,no_target
77.31736,59,302.761055,True,False,no_target
56.872543,56,303.200964,True,False,no_target
120.28487,58,303.575732,True,False,no_target
138.60722,61,304.166862,True,False,no_target
132.41096,64,304.394421,True,False,no_target
138.82727,61,304.53426,True,False,no_target
-419.93826,72,305.117097,False,True,no_target
138.80167,68,305.156631,True,False,no_target
96.700356,61,305.156631,True,False,no_target
137.06935,60,305.205725,True,False,no_target
136.00449,63,305.813946,True,False,no_target
139.82507,63,306.135221,True,False,no_target
93.831245,63,306.424142,True,False,no_target
128.60551,61,306.771652,True,False,no_target
139.30109,60,307.1673,True,False,no_target
36.60797,71,307.625246,True,False,no_target
116.96111,56,307.723153,True,False,no_target
115.805984,56,307.78462,True,False,no_target
124.88075,59,307.994452,True,False,no_target
116.48834,71,308.516119,True,False,no_target
111.00507,54,308.765818,True,False,no_target
78.095985,66,308.964555,True,False,no_target
93.69662,57,309.280956,True,False,no_target
54.355495,68,310.327269,True,False,no_target
57.915295,62,310.376675,True,False,no_target
92.01647,64,310.92281,True,False,no_target
130.60965,62,311.221064,True,False,no_target
108.17755,71,311.40685,True,False,no_target
89.72453,64,311.861831,True,False,no_target
124.48954,59,312.113929,True,False,no_target
-467.68533,86,312.214533,False,True,no_target
50.79182,69,312.433068,True,False,no_target
62.13976,65,312.755678,True,False,no_target
-317.61438,33,312.899959,False,True,no_target
130.78778,60,317.737994,True,False,no_target
136.87468,65,318.045844,True,False,no_target
132.54274,63,318.396033,True,False,no_target
43.27989,63,318.76334,True,False,no_target
113.41825,55,319.097786,True,False,no_target
110.51065,63,319.166051,True,False,no_target
89.12462,66,319.564795,True,False,no_target
131.95772,61,319.871664,True,False,no_target
58.994186,71,320.066583,True,False,no_target
46.241936,73,320.652214,True,False,no_target
120.52455,58,320.755391,True,False,no_target
-316.09702,13,320.755391,False,True,no_target
51.191364,65,320.806837,True,False,no_target
136.9751,60,321.195533,True,False,no_target
102.65591,52,321.246705,True,False,no_target
51.847736,57,321.877912,True,False,no_target
136.10759,60,322.013496,True,False,no_target
32.296547,61,322.715134,True,False,no_target
142.53961,63,323.747967,True,False,no_target
87.80496,58,326.164434,True,False,no_target
47.32126,64,326.743769,True,False,no_target
134.65457,63,326.894716,True,False,no_target
98.43517,65,327.052438,True,False,no_target
126.09231,66,328.366676,True,False,no_target
116.47602,56,328.885244,True,False,no_target
106.416435,53,330.305932,True,False,no_target
80.75955,63,330.305932,True,False,no_target
-35.946354,82,330.541125,True,False,no_target
-399.45004,72,332.378126,False,True,no_target
89.07715,60,332.630095,True,False,no_target
87.75854,67,332.86914,True,False,no_target
141.19951,64,333.035965,True,False,no_target
99.206924,69,333.213885,True,False,no_target
117.096695,57,333.339225,True,False,no_target
139.50792,60,334.026262,True,False,no_target
88.888084,51,334.026262,True,False,no_target
124.28883,59,334.818085,True,False,no_target
83.073,67,335.838259,True,False,no_target
88.43449,58,337.883462,True,False,no_target
92.90577,63,337.945639,True,False,no_target
128.81133,58,338.354724,True,False,no_target
127.798065,59,338.609526,True,False,no_target
137.49176,61,338.910136,True,False,no_target
113.43821,55,338.97962,True,False,no_target
79.373436,72,339.111753,True,False,no_target
133.54037,60,339.311985,True,False,no_target
125.04541,58,339.699762,True,False,no_target
113.747536,57,340.877365,True,False,no_target
104.635086,54,342.646845,True,False,no_target
90.26083,57,343.302248,True,False,no_target
134.43169,65,343.373931,True,False,no_target
115.78252,56,343.506865,True,False,no_target
75.25356,57,343.887995,True,False,no_target
63.099556,52,343.887995,True,False,no_target
79.79745,60,344.013263,True,False,no_target
56.40951,64,344.592875,True,False,no_target
130.88646,57,345.27511,True,False,no_target
119.68669,66,345.27511,True,False,no_target
88.707664,57,346.230684,True,False,no_target
132.32108,62,346.967735,True,False,no_target
61.812393,63,347.081712,True,False,no_target
77.87623,66,347.297234,True,False,no_target
89.16111,61,347.335389,True,False,no_target
135.7757,63,347.43976,True,False,no_target
136.66771,62,347.50331,True,False,no_target
133.97403,59,347.71525,True,False,no_target
132.99115,61,348.381425,True,False,no_target
96.14282,61,348.381425,True,False,no_target
117.72011,56,349.57908,True,False,no_target
122.495575,57,350.543335,True,False,no_target
88.43992,58,350.72848,True,False,no_target
137.54208,61,351.276898,True,False,no_target
128.23822,61,351.389634,True,False,no_target
101.72481,63,351.560137,True,False,no_target
76.10931,67,351.992032,True,False,no_target
126.110306,57,352.193665,True,False,no_target
82.07009,78,352.193665,True,False,no_target
53.00296,59,352.311245,True,False,no_target
94.599205,62,353.207531,True,False,no_target
94.80644,61,353.997695,True,False,no_target
132.48277,61,354.194218,True,False,no_target
126.91767,58,354.558844,True,False,no_target
134.35732,61,354.8656,True,False,no_target
92.275505,59,354.934688,True,False,no_target
104.13849,53,355.257839,True,False,no_target
86.03601,57,355.323034,True,False,no_target
81.0821,63,361.13305,True,False,no_target
115.530846,63,361.241851,True,False,no_target
135.88747,66,362.332986,True,False,no_target
129.28954,62,362.88876,True,False,no_target
103.31045,64,363.191919,True,False,no_target
87.39498,56,363.371954,True,False,no_target
69.791885,69,363.843322,True,False,no_target
108.424965,59,363.911953,True,False,no_target
110.18886,65,363.971255,True,False,no_target
133.64685,60,364.028016,True,False,no_target
89.80254,58,364.485118,True,False,no_target
116.65305,69,365.256983,True,False,no_target
78.372765,67,366.330964,True,False,no_target
113.60763,60,366.500489,True,False,no_target
115.59765,55,366.674474,True,False,no_target
135.13864,59,366.732994,True,False,no_target
112.76302,54,367.188958,True,False,no_target
133.69211,58,367.364693,True,False,no_target
125.10247,57,367.419307,True,False,no_target
127.58288,59,367.601171,True,False,no_target
136.82324,62,368.26814,True,False,no_target
-336.22955,20,368.469611,False,True,no_target
136.70018,59,368.957353,True,False,no_target
43.21929,62,370.364426,True,False,no_target
99.50177,64,370.706442,True,False,no_target
140.91632,61,370.706442,True,False,no_target
-323.9101,37,370.769116,False,True,no_target
107.16002,67,371.180698,True,False,no_target
109.92123,59,371.395328,True,False,no_target
103.40354,62,371.542464,True,False,no_target
90.83632,62,371.806195,True,False,no_target
128.7377,58,372.336894,True,False,no_target
73.0641,62,373.055003,True,False,no_target
68.83251,58,374.168545,True,False,no_target
130.82434,57,374.450101,True,False,no_target
122.83485,57,374.450101,True,False,no_target
124.34591,58,374.572609,True,False,no_target
121.35416,56,374.85384,True,False,no_target
113.72653,55,375.122829,True,False,no_target
81.60505,66,375.717669,True,False,no_target
141.14989,63,375.9009,True,False,no_target
130.16527,59,376.234169,True,False,no_target
109.01746,60,377.124171,True,False,no_target
93.999916,53,378.139936,True,False,no_target
126.221344,58,378.466965,True,False,no_target
140.66646,64,378.605589,True,False,no_target
89.54842,56,378.777934,True,False,no_target
121.51855,67,379.311738,True,False,no_target
78.86836,62,379.590318,True,False,no_target
112.795296,54,379.685618,True,False,no_target
132.98961,59,380.256456,True,False,no_target
76.47297,66,381.115613,True,False,no_target
79.39348,59,381.482749,True,False,no_target
126.70136,61,382.781971,True,False,no_target
122.71554,56,382.781971,True,False,no_target
91.47413,61,383.482014,True,False,no_target
136.45462,63,383.482014,True,False,no_target
124.20243,57,383.717824,True,False,no_target
115.1106,55,383.795038,True,False,no_target
120.98993,58,384.705263,True,False,no_target
-403.18704,70,385.012996,False,True,no_target
-319.72882,18,385.095255,False,True,no_target
107.05255,61,385.991412,True,False,no_target
93.942764,59,386.243515,True,False,no_target
81.496155,60,387.527742,True,False,no_target
78.112495,57,387.963847,True,False,no_target
133.13968,59,388.136476,True,False,no_target
111.96384,68,388.136476,True,False,no_target
127.868324,60,388.581578,True,False,no_target
84.29341,58,389.611981,True,False,no_target
130.13719,59,389.815487,True,False,no_target
73.74259,69,390.218489,True,False,no_target
120.77694,58,390.520748,True,False,no_target
104.74715,63,391.240868,True,False,no_target
124.99777,57,392.240489,True,False,no_target
114.8509,55,392.649037,True,False,no_target
91.86356,55,392.811715,True,False,no_target
111.3709,56,392.887346,True,False,no_target
64.909805,72,394.71427,True,False,no_target
133.40562,59,394.815182,True,False,no_target
102.29468,63,395.29624,True,False,no_target
87.77643,58,395.29624,True,False,no_target
132.0115,58,395.599101,True,False,no_target
75.861244,57,396.124858,True,False,no_target
139.48311,59,396.976245,True,False,no_target
119.721,57,404.692298,True,False,no_target
76.279655,63,405.058141,True,False,no_target
116.7679,66,405.611233,True,False,no_target
81.482864,65,407.4851,True,False,no_target
106.07619,65,407.587662,True,False,no_target
126.47122,60,407.683142,True,False,no_target
47.1795,63,408.012944,True,False,no_target
121.3969,60,408.115577,True,False,no_target
109.19619,54,408.218837,True,False,no_target
116.00926,61,410.223543,True,False,no_target
106.165794,69,411.314925,True,False,no_target
69.3246,59,411.314925,True,False,no_target
94.48013,66,411.506811,True,False,no_target
85.18447,54,412.918034,True,False,no_target
130.60074,62,413.422185,True,False,no_target
129.53545,59,413.585134,True,False,no_target
100.53467,64,413.686954,True,False,no_target
140.70245,61,413.867425,True,False,no_target
100.07114,63,414.108856,True,False,no_target
109.7317,55,415.064373,True,False,no_target
117.90366,55,416.045743,True,False,no_target
127.68778,63,416.62285,True,False,no_target
86.459694,63,416.62285,True,False,no_target
128.62476,59,417.700507,True,False,no_target
106.306076,53,418.132863,True,False,no_target
133.68604,59,418.248741,True,False,no_target
124.66271,61,418.617787,True,False,no_target
132.56386,62,418.787601,True,False,no_target
105.21951,68,419.882671,True,False,no_target
128.19427,59,420.199821,True,False,no_target
87.32323,60,422.300104,True,False,no_target
52.84823,69,422.501646,True,False,no_target
102.67129,65,422.786267,True,False,no_target
-332.21945,32,423.278923,False,True,no_target
94.29079,60,423.899459,True,False,no_target
121.91081,57,424.060814,True,False,no_target
124.67206,62,424.647799,True,False,no_target
95.24396,70,424.814654,True,False,no_target
-6.490812,80,425.144502,True,False,no_target
98.13062,67,425.96383,True,False,no_target
128.91577,57,427.163166,True,False,no_target
122.64236,57,427.397717,True,False,no_target
108.37588,54,427.68675,True,False,no_target
132.56721,66,427.823781,True,False,no_target
131.00374,59,428.817779,True,False,no_target
128.9838,58,428.902267,True,False,no_target
140.21075,61,429.865435,True,False,no_target
117.451385,60,430.119366,True,False,no_target
96.16876,68,430.296257,True,False,no_target
89.804726,66,431.476568,True,False,no_target
136.94612,61,432.507805,True,False,no_target
128.04665,57,432.667334,True,False,no_target
81.80561,62,432.846401,True,False,no_target
102.47815,65,434.290918,True,False,no_target
52.785366,67,434.529651,True,False,no_target
43.43395,80,434.60851,True,False,no_target
133.38686,58,434.999579,True,False,no_target
79.68623,68,435.635537,True,False,no_target
128.66313,64,435.730034,True,False,no_target
56.749115,70,437.407197,True,False,no_target
121.51755,57,437.407197,True,False,no_target
88.981186,65,437.976108,True,False,no_target
89.33291,63,438.213551,True,False,no_target
69.34709,56,439.17792,True,False,no_target
123.01424,58,439.576176,True,False,no_target
122.89265,61,439.858703,True,False,no_target
79.87361,61,440.213492,True,False,no_target
90.23603,59,440.547564,True,False,no_target
112.38175,60,440.701168,True,False,no_target
98.450325,62,442.324659,True,False,no_target
121.9838,55,442.413228,True,False,no_target
125.20341,57,442.413228,True,False,no_target
92.56731,69,442.840018,True,False,no_target
131.0612,58,443.920762,True,False,no_target
103.42256,66,444.195446,True,False,no_target
96.75643,62,444.691215,True,False,no_target
87.791405,62,445.025734,True,False,no_target
114.41051,60,445.189017,True,False,no_target
127.70167,59,445.260352,True,False,no_target
106.38748,53,446.343619,True,False,no_target
124.039894,57,446.690667,True,False,no_target
62.874996,62,447.00744,True,False,no_target
123.8779,60,447.308045,True,False,no_target
49.765896,62,452.878071,True,False,no_target
-337.76,16,452.900124,False,True,no_target
118.326385,62,452.959844,True,False,no_target
86.85356,61,453.10329,True,False,no_target
82.05309,58,453.317131,True,False,no_target
139.00235,59,453.420607,True,False,no_target
73.27582,65,453.522713,True,False,no_target
79.56733,60,454.258252,True,False,no_target
131.04993,58,454.62819,True,False,no_target
104.00184,64,454.67959,True,False,no_target
110.3795,54,455.369335,True,False,no_target
132.33635,57,455.566693,True,False,no_target
63.76874,64,456.002521,True,False,no_target
78.871254,63,456.148803,True,False,no_target
103.22171,63,456.388382,True,False,no_target
73.082344,64,456.528029,True,False,no_target
95.69831,66,456.740515,True,False,no_target
132.27133,57,457.04619,True,False,no_target
117.85774,56,457.426628,True,False,no_target
84.87299,63,457.854132,True,False,no_target
134.2329,59,458.525081,True,False,no_target
129.27821,58,458.930011,True,False,no_target
-373.1913,71,458.930011,False,True,no_target
102.29115,60,459.189146,True,False,no_target
121.55932,57,459.448926,True,False,no_target
135.46301,60,459.448926,True,False,no_target
76.149475,61,459.886022,True,False,no_target
108.2961,54,460.194852,True,False,no_target
74.43509,62,460.265448,True,False,no_target
102.14997,61,461.005903,True,False,no_target
135.98164,59,461.704261,True,False,no_target
86.82994,58,462.181595,True,False,no_target
129.36824,63,462.450194,True,False,no_target
128.45413,59,462.500976,True,False,no_target
-313.8122,26,462.551717,False,True,no_target
121.23814,57,462.654448,True,False,no_target
64.70446,58,462.695179,True,False,no_target
92.857925,54,462.905181,True,False,no_target
70.50946,61,463.541808,True,False,no_target
42.655853,69,463.975011,True,False,no_target
104.25369,53,464.868167,True,False,no_target
65.588615,66,465.183636,True,False,no_target
129.59831,57,465.329327,True,False,no_target
126.38086,57,465.457289,True,False,no_target
134.8627,58,465.626725,True,False,no_target
137.58061,63,466.098353,True,False,no_target
117.15718,69,466.211267,True,False,no_target
111.28312,55,466.57359,True,False,no_target
83.73952,71,466.731218,True,False,no_target
135.79547,59,467.297225,True,False,no_target
127.424934,57,468.177882,True,False,no_target
49.462147,63,469.03193,True,False,no_target
120.791306,56,469.088411,True,False,no_target
102.39424,62,469.248824,True,False,no_target
111.19334,67,469.38518,True,False,no_target
83.668915,62,469.798409,True,False,no_target
139.319,65,469.859199,True,False,no_target
66.297165,65,470.32684,True,False,no_target
53.87525,66,470.538954,True,False,no_target
132.65497,59,470.697424,True,False,no_target
83.67842,55,471.208086,True,False,no_target
93.68014,58,471.939284,True,False,no_target
100.100815,61,472.167329,True,False,no_target
106.38204,61,472.353918,True,False,no_target
86.31415,66,472.777401,True,False,no_target
100.82569,62,473.000883,True,False,no_target
100.22714,62,473.046017,True,False,no_target
124.71506,56,473.217923,True,False,no_target
91.47637,62,473.728099,True,False,no_target
92.513145,62,473.866288,True,False,no_target
71.94869,59,474.26442,True,False,no_target
128.70102,62,475.211884,True,False,no_target
123.396515,56,475.276718,True,False,no_target
85.12214,60,475.349853,True,False,no_target
131.56912,58,475.78938,True,False,no_target
131.67256,58,475.981553,True,False,no_target
130.37212,60,476.12431,True,False,no_target
78.2536,58,476.194918,True,False,no_target
137.07881,61,476.78465,True,False,no_target
61.549957,69,477.361767,True,False,no_target
93.28874,65,477.579653,True,False,no_target
123.49117,59,478.341353,True,False,no_target
106.38653,60,478.548693,True,False,no_target
139.26447,63,478.670367,True,False,no_target
107.646736,61,479.148181,True,False,no_target
118.7005,54,479.148181,True,False,no_target
134.16216,58,479.210721,True,False,no_target
66.949974,61,479.652172,True,False,no_target
96.95567,64,484.55751,True,False,no_target
91.312935,64,485.057736,True,False,no_target
109.18835,62,485.164821,True,False,no_target
131.71674,58,485.542433,True,False,no_target
121.60439,55,485.626308,True,False,no_target
130.04108,60,485.775154,True,False,no_target
117.507256,54,485.99287,True,False,no_target
78.77183,55,486.452041,True,False,no_target
93.81018,63,486.501451,True,False,no_target
-391.21674,77,487.2867,False,True,no_target
69.295044,64,487.944024,True,False,no_target
136.02505,60,488.450568,True,False,no_target
112.105995,55,488.717807,True,False,no_target
-403.5486,70,488.879361,False,True,no_target
77.868805,62,489.261215,True,False,no_target
84.89796,61,489.407927,True,False,no_target
73.43603,70,489.407927,True,False,no_target
113.61262,54,489.500533,True,False,no_target
82.94448,68,490.407899,True,False,no_target
130.42409,57,490.63028,True,False,no_target
89.1208,61,491.582629,True,False,no_target
80.111015,60,492.057691,True,False,no_target
103.21047,60,492.472564,True,False,no_target
-397.20026,67,492.706398,False,True,no_target
41.698338,57,492.706398,True,False,no_target
128.1232,58,492.924665,True,False,no_target
129.58102,59,492.986142,True,False,no_target
98.287926,58,493.039492,True,False,no_target
90.79991,56,493.906524,True,False,no_target
85.59669,60,494.034605,True,False,no_target
-374.75073,38,494.226029,False,True,no_target
130.68002,59,494.939512,True,False,no_target
127.52489,56,495.905231,True,False,no_target
131.66826,60,495.905231,True,False,no_target
131.8433,59,496.120828,True,False,no_target
117.889946,57,496.240816,True,False,no_target
88.78352,57,496.311929,True,False,no_target
110.45814,62,496.635659,True,False,no_target
66.011696,60,497.321517,True,False,no_target
137.7861,61,497.509784,True,False,no_target
76.65061,60,497.677827,True,False,no_target
128.7654,58,498.284464,True,False,no_target
87.626495,57,499.047668,True,False,no_target
136.03745,58,499.094945,True,False,no_target
75.80471,56,499.265915,True,False,no_target
129.44016,59,499.265915,True,False,no_target
132.0767,58,499.319569,True,False,no_target
117.93647,57,499.644549,True,False,no_target
91.203896,55,500.253985,True,False,no_target
94.48334,63,500.788955,True,False,no_target
63.599354,56,501.077954,True,False,no_target
107.2149,68,501.136347,True,False,no_target
101.727776,59,502.043156,True,False,no_target
137.60435,61,502.185947,True,False,no_target
130.03305,58,502.233696,True,False,no_target
126.46024,58,502.290594,True,False,no_target
104.17982,62,502.467473,True,False,no_target
113.34221,58,502.673893,True,False,no_target
130.62923,59,503.369688,True,False,no_target
138.00868,60,504.038658,True,False,no_target
79.79529,60,504.42132,True,False,no_target
80.488464,66,504.875772,True,False,no_target
126.76185,57,505.54519,True,False,no_target
126.80608,57,505.604563,True,False,no_target
109.57718,63,505.753932,True,False,no_target
131.03096,58,505.753932,True,False,no_target
118.411354,67,506.776881,True,False,no_target
38.422462,71,506.836821,True,False,no_target
90.939415,63,507.336159,True,False,no_target
113.3011,55,508.186515,True,False,no_target
76.0437,64,508.388723,True,False,no_target
56.49704,61,509.088063,True,False,no_target
102.061615,52,509.458873,True,False,no_target
66.85095,55,509.62578,True,False,no_target
23.174929,64,510.031627,True,False,no_target
-366.68558,66,510.090773,False,True,no_target
128.69864,57,510.675754,True,False,no_target
70.90462,59,510.758745,True,False,no_target
86.02297,61,511.415725,True,False,no_target
91.627304,55,511.719982,True,False,no_target
127.46662,57,512.07466,True,False,no_target
89.934944,55,512.584299,True,False,no_target
56.38686,61,513.33241,True,False,no_target
123.32075,61,513.531967,True,False,no_target
119.53104,56,519.667026,True,False,no_target
98.244606,64,520.044629,True,False,no_target
31.690023,60,520.438688,True,False,no_target
92.18838,60,520.492851,True,False,no_target
106.79029,53,520.664335,True,False,no_target
82.60473,61,521.341062,True,False,no_target
80.88792,56,521.341062,True,False,no_target
128.44893,57,521.824576,True,False,no_target
119.1,55,522.436867,True,False,no_target
79.09064,59,522.880773,True,False,no_target
117.508484,63,523.277094,True,False,no_target
80.00553,55,523.830671,True,False,no_target
126.28953,58,523.830671,True,False,no_target
131.36415,67,523.883311,True,False,no_target
120.5852,63,524.050917,True,False,no_target
126.12703,56,524.585054,True,False,no_target
116.082565,55,525.101662,True,False,no_target
120.939514,71,525.525327,True,False,no_target
140.90315,63,526.232711,True,False,no_target
63.109837,68,527.060124,True,False,no_target
128.39545,61,527.060124,True,False,no_target
132.35968,58,527.559754,True,False,no_target
81.12714,60,527.61799,True,False,no_target
125.39479,64,528.144179,True,False,no_target
72.79587,57,528.274127,True,False,no_target
43.527824,70,528.274127,True,False,no_target
128.51474,59,529.336365,True,False,no_target
77.85034,68,529.492624,True,False,no_target
60.47117,61,530.199768,True,False,no_target
134.97699,61,530.959294,True,False,no_target
74.14496,63,531.120138,True,False,no_target
95.39488,56,531.181589,True,False,no_target
103.02802,56,531.25587,True,False,no_target
119.53538,57,531.895801,True,False,no_target
-324.85156,14,532.129337,False,True,no_target
132.42874,64,532.544555,True,False,no_target
112.91148,67,532.730473,True,False,no_target
49.56698,60,533.558203,True,False,no_target
94.37993,62,533.558203,True,False,no_target
65.04052,62,534.291854,True,False,no_target
120.831085,57,534.854181,True,False,no_target
122.114746,56,534.96784,True,False,no_target
68.66397,60,535.280177,True,False,no_target
101.87036,60,535.78303,True,False,no_target
120.829,56,536.052772,True,False,no_target
121.159035,68,536.39372,True,False,no_target
66.32369,56,536.890585,True,False,no_target
132.81834,60,537.110694,True,False,no_target
-384.3228,77,537.459882,False,True,no_target
114.049515,54,537.563164,True,False,no_target
88.95341,56,538.188694,True,False,no_target
94.141624,59,538.253015,True,False,no_target
83.37587,57,538.545379,True,False,no_target
140.42162,62,539.316034,True,False,no_target
105.18811,58,539.392961,True,False,no_target
86.36371,57,539.775193,True,False,no_target
97.02503,62,540.665154,True,False,no_target
127.91407,56,541.058815,True,False,no_target
133.12978,63,541.058815,True,False,no_target
51.110146,70,541.889909,True,False,no_target
133.62158,59,542.01062,True,False,no_target
116.4187,55,542.136086,True,False,no_target
108.00005,63,542.320053,True,False,no_target
95.152306,58,543.15386,True,False,no_target
91.49209,62,543.333909,True,False,no_target
95.81263,61,543.615792,True,False,no_target
121.77519,56,544.119854,True,False,no_target
140.38925,62,544.662498,True,False,no_target
104.618996,63,544.719605,True,False,no_target
113.16978,54,544.979665,True,False,no_target
90.82806,64,545.436271,True,False,no_target
77.43829,59,545.55247,True,False,no_target
93.328186,65,545.719317,True,False,no_target
41.38534,62,546.518914,True,False,no_target
128.27008,59,546.785943,True,False,no_target
77.91242,68,547.020907,True,False,no_target
112.798065,65,547.578897,True,False,no_target
123.739204,61,547.944371,True,False,no_target
88.13187,64,548.196624,True,False,no_target
128.94646,59,548.196624,True,False,no_target
122.91466,58,548.627716,True,False,no_target
55.275524,58,548.915064,True,False,no_target
71.611145,67,549.243676,True,False,no_target
-334.42102,17,549.564103,False,True,no_target
79.51115,59,549.836624,True,False,no_target
23.67316,68,554.404585,True,False,no_target
70.259514,65,554.4422,True,False,no_target
134.44174,62,554.74983,True,False,no_target
95.08937,57,554.941188,True,False,no_target
28.24385,64,555.674369,True,False,no_target
70.84697,68,555.935034,True,False,no_target
132.54565,58,556.073871,True,False,no_target
138.65637,59,556.391122,True,False,no_target
93.13194,59,556.636159,True,False,no_target
135.10493,57,556.717887,True,False,no_target
103.750565,65,557.781405,True,False,no_target
106.54423,67,557.846429,True,False,no_target
48.393646,59,558.01528,True,False,no_target
125.32983,66,558.269683,True,False,no_target
99.08344,61,558.6144,True,False,no_target
131.60234,59,558.707508,True,False,no_target
129.488,58,558.747659,True,False,no_target
99.747116,53,559.081447,True,False,no_target
115.01873,61,559.171441,True,False,no_target
130.46779,60,559.465142,True,False,no_target
-318.0926,33,560.184233,False,True,no_target
106.3257,59,560.513751,True,False,no_target
69.85169,62,560.610513,True,False,no_target
107.07389,62,560.799837,True,False,no_target
133.68492,60,560.926228,True,False,no_target
132.08885,59,561.224705,True,False,no_target
132.51122,58,561.269664,True,False,no_target
143.00246,62,561.856575,True,False,no_target
134.36343,64,562.05275,True,False,no_target
138.46066,62,562.298412,True,False,no_target
135.19678,59,562.946307,True,False,no_target
125.18083,57,563.512788,True,False,no_target
65.49031,64,563.662664,True,False,no_target
125.324486,67,563.713148,True,False,no_target
78.08623,62,563.9235,True,False,no_target
88.20107,61,564.197374,True,False,no_target
74.05473,70,564.662424,True,False,no_target
124.15385,56,564.805426,True,False,no_target
60.26982,64,565.005471,True,False,no_target
86.94527,65,565.479782,True,False,no_target
123.52755,59,565.803376,True,False,no_target
88.66485,58,566.263401,True,False,no_target
84.77852,58,566.447483,True,False,no_target
131.65163,59,566.447483,True,False,no_target
130.21494,57,566.607884,True,False,no_target
140.92192,63,567.165406,True,False,no_target
92.25096,60,567.511934,True,False,no_target
97.84751,56,567.661335,True,False,no_target
140.15292,64,567.863835,True,False,no_target
138.68318,59,568.304462,True,False,no_target
69.97725,71,569.260785,True,False,no_target
126.93059,57,569.260785,True,False,no_target
59.487507,64,569.420422,True,False,no_target
87.26967,61,569.653656,True,False,no_target
134.057,64,569.653656,True,False,no_target
135.81152,62,570.35043,True,False,no_target
96.074234,57,570.461013,True,False,no_target
101.64806,61,570.843497,True,False,no_target
95.195625,59,570.953559,True,False,no_target
89.85892,68,571.773968,True,False,no_target
136.8149,60,572.293186,True,False,no_target
99.17258,62,572.565958,True,False,no_target
61.625996,67,572.679392,True,False,no_target
108.32575,61,572.726611,True,False,no_target
112.03698,62,572.793327,True,False,no_target
128.69757,60,573.498887,True,False,no_target
84.56953,60,573.616011,True,False,no_target
55.398552,59,573.935336,True,False,no_target
72.0011,66,574.391166,True,False,no_target
127.44553,58,574.900502,True,False,no_target
90.3164,58,575.67539,True,False,no_target
114.488174,63,575.67539,True,False,no_target
91.03699,59,575.901369,True,False,no_target
84.06972,61,575.958672,True,False,no_target
81.42472,59,575.958672,True,False,no_target
-369.8649,26,576.215188,False,True,no_target
108.50812,57,576.629906,True,False,no_target
105.30924,53,576.734653,True,False,no_target
103.70889,70,577.182601,True,False,no_target
115.4229,62,577.654997,True,False,no_target
134.1373,58,579.034429,True,False,no_target
58.484066,64,579.083433,True,False,no_target
45.50504,67,579.233395,True,False,no_target
100.88023,63,579.233395,True,False,no_target
102.69178,64,579.344416,True,False,no_target
84.67963,56,579.540973,True,False,no_target
82.14542,64,579.674587,True,False,no_target
131.94647,59,579.833479,True,False,no_target
68.358185,65,584.105814,True,False,no_target
-409.4091,75,584.142209,False,True,no_target
104.65835,60,585.04843,True,False,no_target
140.34521,60,585.092189,True,False,no_target
120.81989,58,585.139022,True,False,no_target
64.259895,58,585.22209,True,False,no_target
137.11351,60,585.448226,True,False,no_target
89.868576,58,585.448226,True,False,no_target
119.95426,66,585.495601,True,False,no_target
120.51645,57,585.538799,True,False,no_target
138.16106,61,586.742481,True,False,no_target
105.51395,61,586.80354,True,False,no_target
120.7704,55,587.607115,True,False,no_target
127.34505,59,587.764198,True,False,no_target
83.018295,57,588.158561,True,False,no_target
138.07317,59,588.304298,True,False,no_target
68.97201,67,588.354399,True,False,no_target
61.81038,71,588.454114,True,False,no_target
108.93426,64,588.454114,True,False,no_target
82.45583,70,588.714171,True,False,no_target
136.38293,58,589.506215,True,False,no_target
75.165245,66,589.993716,True,False,no_target
123.4214,56,590.337516,True,False,no_target
114.734566,55,590.959046,True,False,no_target
143.52493,63,590.959046,True,False,no_target
92.262344,57,591.34806,True,False,no_target
128.58359,58,591.520275,True,False,no_target
136.761,59,591.579365,True,False,no_target
126.207016,57,591.855096,True,False,no_target
113.13116,69,592.075779,True,False,no_target
131.17767,57,592.845445,True,False,no_target
92.41416,62,593.538645,True,False,no_target
90.90437,62,593.869415,True,False,no_target
68.12412,60,594.302895,True,False,no_target
137.77295,61,594.3621,True,False,no_target
105.56836,53,594.41911,True,False,no_target
79.837326,54,594.542123,True,False,no_target
57.26798,59,594.602602,True,False,no_target
133.21541,58,595.027936,True,False,no_target
140.04837,60,595.315408,True,False,no_target
108.20702,64,596.278251,True,False,no_target
120.066414,55,596.594624,True,False,no_target
71.86882,61,597.248738,True,False,no_target
121.12478,57,597.46804,True,False,no_target
94.326126,53,597.884464,True,False,no_target
46.405243,64,597.972831,True,False,no_target
113.40701,68,598.140614,True,False,no_target
73.69126,66,598.20478,True,False,no_target
100.98436,65,598.20478,True,False,no_target
93.17752,60,598.550164,True,False,no_target
106.231606,59,599.417597,True,False,no_target
138.01659,59,599.667497,True,False,no_target
125.95625,56,600.30089,True,False,no_target
61.11247,67,600.633879,True,False,no_target
124.93056,56,600.860153,True,False,no_target
104.07624,58,601.031708,True,False,no_target
126.11953,65,601.132037,True,False,no_target
99.288895,58,601.358664,True,False,no_target
81.2879,71,601.467531,True,False,no_target
99.26112,59,602.266278,True,False,no_target
113.669334,54,602.266278,True,False,no_target
-434.1074,90,602.558879,False,True,no_target
130.967,58,603.032748,True,False,no_target
138.55765,61,603.458789,True,False,no_target
75.2136,58,603.681955,True,False,no_target
139.37866,61,603.681955,True,False,no_target
109.92301,62,603.969756,True,False,no_target
81.48989,57,603.969756,True,False,no_target
111.53536,56,604.029474,True,False,no_target
123.80476,58,604.895658,True,False,no_target
134.16518,60,604.998731,True,False,no_target
107.87045,62,605.381795,True,False,no_target
128.82942,58,605.698731,True,False,no_target
80.74257,63,606.409797,True,False,no_target
123.10794,57,606.714724,True,False,no_target
106.413376,58,606.714724,True,False,no_target
53.68836,66,606.814883,True,False,no_target
113.47323,69,606.957442,True,False,no_target
135.58739,67,607.172135,True,False,no_target
100.96637,60,607.997682,True,False,no_target
119.70923,65,608.142702,True,False,no_target
43.77736,67,611.706272,True,False,no_target
99.33726,69,611.929495,True,False,no_target
119.44923,55,612.232909,True,False,no_target
102.254776,62,612.290087,True,False,no_target
102.21332,61,612.529896,True,False,no_target
142.45772,62,612.691863,True,False,no_target
82.660774,61,612.955814,True,False,no_target
133.01524,68,613.074676,True,False,no_target
111.26748,57,613.605054,True,False,no_target
137.12105,61,613.668477,True,False,no_target
125.801125,57,614.15551,True,False,no_target
134.66321,59,614.688773,True,False,no_target
135.16866,58,615.038522,True,False,no_target
131.58751,62,615.19677,True,False,no_target
133.82877,61,615.455102,True,False,no_target
94.799286,67,615.922761,True,False,no_target
103.82203,58,615.922761,True,False,no_target
120.42559,70,616.34525,True,False,no_target
104.36423,60,616.531832,True,False,no_target
94.546906,60,616.585106,True,False,no_target
96.15915,60,617.100006,True,False,no_target
68.42353,66,617.903647,True,False,no_target
138.33307,61,618.110893,True,False,no_target
75.38507,67,618.244143,True,False,no_target
110.23115,61,618.327518,True,False,no_target
134.12675,58,618.61114,True,False,no_target
127.424355,60,618.724298,True,False,no_target
133.85368,58,619.043276,True,False,no_target
106.593895,60,619.363502,True,False,no_target
44.702477,62,619.420427,True,False,no_target
124.858795,57,619.735746,True,False,no_target
121.442825,60,620.620117,True,False,no_target
139.83606,61,620.903253,True,False,no_target
88.70025,59,620.952884,True,False,no_target
127.95081,57,620.952884,True,False,no_target
132.0849,58,621.269616,True,False,no_target
134.14218,59,621.427036,True,False,no_target
138.24208,58,621.796358,True,False,no_target
86.56107,62,622.360661,True,False,no_target
91.92501,61,622.360661,True,False,no_target
121.98156,56,622.460545,True,False,no_target
91.84539,58,623.530308,True,False,no_target
82.61155,56,623.775568,True,False,no_target
77.75052,60,623.969946,True,False,no_target
93.744644,61,623.969946,True,False,no_target
124.37516,56,624.292141,True,False,no_target
139.49939,60,624.342239,True,False,no_target
139.04062,59,625.341207,True,False,no_target
105.7648,59,625.433131,True,False,no_target
98.95721,61,625.433131,True,False,no_target
-415.75293,78,625.701489,False,True,no_target
73.098915,59,626.350937,True,False,no_target
100.15552,60,626.59604,True,False,no_target
127.08316,56,626.59604,True,False,no_target
136.02708,60,626.75816,True,False,no_target
93.59607,58,627.008229,True,False,no_target
131.17456,59,627.008229,True,False,no_target
93.312195,59,627.973724,True,False,no_target
133.72398,60,628.111428,True,False,no_target
129.64536,59,628.327721,True,False,no_target
136.69592,65,628.327721,True,False,no_target
112.49312,54,629.007599,True,False,no_target
137.12674,61,629.061595,True,False,no_target
107.07425,62,629.357101,True,False,no_target
130.36552,58,629.357101,True,False,no_target
121.39927,58,629.600078,True,False,no_target
132.58731,59,629.645486,True,False,no_target
126.859375,57,630.533126,True,False,no_target
73.77507,57,630.741,True,False,no_target
99.66307,61,631.15077,True,False,no_target
95.68116,63,631.253246,True,False,no_target
117.7125,56,631.775606,True,False,no_target
99.16697,58,632.199271,True,False,no_target
98.054665,59,632.249314,True,False,no_target
119.15984,67,632.249314,True,False,no_target
64.623405,58,632.456369,True,False,no_target
90.52157,57,632.456369,True,False,no_target
116.69407,55,633.222485,True,False,no_target
110.211494,63,633.746532,True,False,no_target
136.85527,59,634.053288,True,False,no_target
124.83468,69,634.406038,True,False,no_target
104.45501,59,634.981441,True,False,no_target
129.3352,58,634.981441,True,False,no_target
64.20717,54,634.981441,True,False,no_target
90.605225,59,635.038692,True,False,no_target
101.989204,69,635.038692,True,False,no_target
136.484,61,635.351563,True,False,no_target
95.851776,59,639.216324,True,False,no_target
141.70842,61,639.646449,True,False,no_target
99.63799,54,639.95345,True,False,no_target
103.097336,65,640.072987,True,False,no_target
126.90661,56,640.678048,True,False,no_target
118.51845,58,640.736603,True,False,no_target
97.20067,59,640.801705,True,False,no_target
135.13206,58,640.801705,True,False,no_target
99.19944,62,640.9496,True,False,no_target
59.892044,69,641.629277,True,False,no_target
144.4602,61,641.936308,True,False,no_target
91.78137,62,642.705545,True,False,no_target
130.02379,57,642.865747,True,False,no_target
141.97528,63,643.404557,True,False,no_target
88.46194,55,643.691333,True,False,no_target
95.18366,59,643.802967,True,False,no_target
35.955273,59,643.856023,True,False,no_target
76.410675,57,643.957165,True,False,no_target
128.36044,60,643.957165,True,False,no_target
41.106808,66,644.968507,True,False,no_target
140.73607,61,645.01881,True,False,no_target
112.99916,61,645.694986,True,False,no_target
129.76126,58,645.694986,True,False,no_target
112.14532,60,646.303644,True,False,no_target
121.70637,56,646.542413,True,False,no_target
133.59987,59,646.641544,True,False,no_target
119.05624,63,646.745363,True,False,no_target
101.915855,59,646.789029,True,False,no_target
136.10005,61,646.901693,True,False,no_target
59.36389,52,647.510975,True,False,no_target
132.57848,58,647.810279,True,False,no_target
83.27149,58,648.484039,True,False,no_target
137.93353,61,648.618304,True,False,no_target
138.99785,60,649.118758,True,False,no_target
114.95297,55,649.118758,True,False,no_target
130.46101,57,649.532817,True,False,no_target
135.60657,62,649.64782,True,False,no_target
65.92306,61,649.705135,True,False,no_target
76.19828,60,649.831889,True,False,no_target
132.59222,58,650.459544,True,False,no_target
93.817604,57,650.749985,True,False,no_target
-314.35736,31,651.483103,False,True,no_target
76.08725,62,651.810072,True,False,no_target
140.33463,61,651.919414,True,False,no_target
101.31495,57,652.255223,True,False,no_target
135.008,58,652.321881,True,False,no_target
120.53338,56,652.64415,True,False,no_target
128.5194,58,652.871314,True,False,no_target
106.12028,60,652.92662,True,False,no_target
94.743835,61,653.632334,True,False,no_target
115.27956,67,654.141961,True,False,no_target
99.569565,60,654.415641,True,False,no_target
125.12773,58,654.697911,True,False,no_target
145.17953,63,654.831959,True,False,no_target
131.99512,60,655.072716,True,False,no_target
129.28964,57,655.224366,True,False,no_target
102.70751,56,655.474084,True,False,no_target
128.82504,58,655.524009,True,False,no_target
109.78429,68,655.524009,True,False,no_target
131.77193,59,656.392777,True,False,no_target
129.2773,58,656.874176,True,False,no_target
131.90242,61,657.281432,True,False,no_target
108.47091,59,657.48106,True,False,no_target
106.47239,61,657.730747,True,False,no_target
85.82206,60,658.048838,True,False,no_target
127.69422,64,658.08617,True,False,no_target
106.77881,58,658.234524,True,False,no_target
118.38733,63,658.502454,True,False,no_target
61.917164,67,658.666476,True,False,no_target
118.87033,64,659.374185,True,False,no_target
128.88414,61,659.713457,True,False,no_target
79.15817,59,660.041884,True,False,no_target
127.747925,60,660.28135,True,False,no_target
118.08182,56,660.330004,True,False,no_target
93.69926,58,660.739836,True,False,no_target
128.91081,58,660.789661,True,False,no_target
133.49377,58,660.941556,True,False,no_target
100.86821,60,661.319211,True,False,no_target
76.0764,59,661.433652,True,False,no_target
127.881645,56,662.112719,True,False,no_target
60.74218,63,662.821906,True,False,no_target
98.60409,61,663.072169,True,False,no_target
132.18484,58,663.167793,True,False,no_target
127.071724,57,663.612247,True,False,no_target
123.49024,55,666.862961,True,False,no_target
83.712654,59,666.888757,True,False,no_target
80.856705,77,667.114153,True,False,no_target
122.52285,57,667.114153,True,False,no_target
121.96305,55,667.114153,True,False,no_target
102.67616,62,667.929394,True,False,no_target
101.408615,59,668.393335,True,False,no_target
117.09645,56,668.476604,True,False,no_target
133.954,58,668.623842,True,False,no_target
136.07747,61,669.043139,True,False,no_target
85.6844,60,669.093616,True,False,no_target
128.6435,62,669.194107,True,False,no_target
97.9661,57,669.293487,True,False,no_target
135.99995,59,669.360085,True,False,no_target
135.29533,59,669.360085,True,False,no_target
131.81303,58,670.050119,True,False,no_target
117.99594,64,670.745923,True,False,no_target
92.91308,62,670.745923,True,False,no_target
129.93256,67,671.096307,True,False,no_target
71.719086,56,671.17795,True,False,no_target
130.55925,58,671.219973,True,False,no_target
127.74375,57,671.343109,True,False,no_target
137.73204,61,671.626057,True,False,no_target
142.90477,63,671.796669,True,False,no_target
84.653336,63,671.796669,True,False,no_target
127.83207,59,672.433132,True,False,no_target
129.31523,56,673.131955,True,False,no_target
135.41702,64,673.491427,True,False,no_target
112.70883,56,673.633966,True,False,no_target
122.33933,55,673.633966,True,False,no_target
100.578964,59,673.677664,True,False,no_target
139.45891,62,674.06114,True,False,no_target
114.04329,54,674.259061,True,False,no_target
129.58728,65,674.585144,True,False,no_target
141.0253,61,674.585144,True,False,no_target
60.099674,52,674.88519,True,False,no_target
141.31935,60,676.030519,True,False,no_target
87.43652,58,676.335971,True,False,no_target
129.71474,57,676.464203,True,False,no_target
132.02417,58,676.504988,True,False,no_target
132.42247,58,676.560463,True,False,no_target
65.332,59,677.101941,True,False,no_target
137.1493,60,677.351061,True,False,no_target
127.39502,56,677.507563,True,False,no_target
70.78937,62,677.826768,True,False,no_target
125.27222,56,677.826768,True,False,no_target
-328.49283,48,679.049769,False,True,no_target
130.96133,57,679.120073,True,False,no_target
128.21034,57,679.567428,True,False,no_target
129.18115,57,679.618341,True,False,no_target
65.700714,69,679.999824,True,False,no_target
68.42679,59,680.289474,True,False,no_target
124.00872,56,680.351557,True,False,no_target
95.28316,55,680.458535,True,False,no_target
128.2324,57,680.889602,True,False,no_target
89.66976,57,680.889602,True,False,no_target
91.78601,57,682.078789,True,False,no_target
97.318985,57,682.134702,True,False,no_target
142.01854,60,682.648178,True,False,no_target
81.59144,65,682.922563,True,False,no_target
102.57249,60,683.065339,True,False,no_target
129.29723,57,683.114994,True,False,no_target
90.81555,61,683.435015,True,False,no_target
116.1408,55,683.6549,True,False,no_target
132.09805,59,683.881535,True,False,no_target
118.92719,68,683.956161,True,False,no_target
137.96541,59,685.204403,True,False,no_target
40.770164,70,685.668658,True,False,no_target
92.12925,60,685.801538,True,False,no_target
100.734344,58,686.005076,True,False,no_target
61.63308,61,686.395135,True,False,no_target
140.15108,61,686.454588,True,False,no_target
110.0371,63,686.831618,True,False,no_target
111.02864,63,687.047244,True,False,no_target
99.28702,62,687.261305,True,False,no_target
106.53524,64,687.32779,True,False,no_target
131.00615,66,688.625219,True,False,no_target
131.91861,58,688.708256,True,False,no_target
96.47234,59,688.890301,True,False,no_target
129.00578,57,688.9741,True,False,no_target
102.27794,60,689.509727,True,False,no_target
95.14253,63,689.612811,True,False,no_target
126.819626,56,689.862795,True,False,no_target
103.356346,61,689.912707,True,False,no_target
122.37826,55,690.017892,True,False,no_target
67.76085,58,690.235036,True,False,no_target
131.71895,60,695.324172,True,False,no_target
137.55234,58,695.418433,True,False,no_target
129.24959,57,695.4682,True,False,no_target
128.68324,66,695.518376,True,False,no_target
125.400986,57,696.067886,True,False,no_target
91.137985,56,696.11801,True,False,no_target
126.845276,57,696.421792,True,False,no_target
71.71134,57,696.467803,True,False,no_target
88.865,58,696.610071,True,False,no_target
100.8511,60,696.884561,True,False,no_target
55.029682,58,698.275133,True,False,no_target
135.9441,59,698.44473,True,False,no_target
138.14923,58,698.500788,True,False,no_target
79.154564,63,698.80612,True,False,no_target
68.88041,54,698.866889,True,False,no_target
109.00809,54,698.929361,True,False,no_target
118.44052,55,699.339881,True,False,no_target
126.10331,56,699.454862,True,False,no_target
126.901665,56,699.617306,True,False,no_target
138.20802,59,700.114926,True,False,no_target
56.32513,56,701.643346,True,False,no_target
100.72423,60,702.08284,True,False,no_target
77.287224,60,702.143113,True,False,no_target
128.03914,56,702.20429,True,False,no_target
68.90495,60,702.392014,True,False,no_target
93.67534,60,702.506028,True,False,no_target
87.30601,60,702.882655,True,False,no_target
127.10961,60,702.998913,True,False,no_target
70.89917,59,703.119565,True,False,no_target
129.92288,59,703.62159,True,False,no_target
116.53081,62,705.27489,True,False,no_target
137.65054,59,705.628623,True,False,no_target
137.90463,61,705.692227,True,False,no_target
93.16862,65,705.860817,True,False,no_target
103.74352,63,706.030535,True,False,no_target
139.03299,62,706.087547,True,False,no_target
95.20051,52,706.147333,True,False,no_target
120.85899,56,706.265486,True,False,no_target
67.57063,62,706.523488,True,False,no_target
134.63966,60,707.177563,True,False,no_target
99.45495,60,708.813512,True,False,no_target
86.59486,58,709.042672,True,False,no_target
135.38298,60,709.19848,True,False,no_target
123.31146,58,709.245974,True,False,no_target
129.99329,58,709.396739,True,False,no_target
129.79315,57,709.396739,True,False,no_target
96.8823,61,709.76633,True,False,no_target
54.36063,65,709.868513,True,False,no_target
104.38938,61,709.980408,True,False,no_target
138.02632,59,710.44617,True,False,no_target
135.71321,60,711.979504,True,False,no_target
120.79698,56,711.979504,True,False,no_target
110.645676,58,712.246555,True,False,no_target
85.22425,58,712.439672,True,False,no_target
133.35951,59,712.492844,True,False,no_target
59.70893,52,712.598203,True,False,no_target
76.35489,65,712.653705,True,False,no_target
99.748604,59,712.847559,True,False,no_target
76.71486,59,713.051723,True,False,no_target
137.4863,61,713.595499,True,False,no_target
90.579445,59,715.004742,True,False,no_target
93.53749,57,715.165536,True,False,no_target
91.00188,56,715.368449,True,False,no_target
129.57646,66,715.368449,True,False,no_target
138.32448,59,715.478462,True,False,no_target
85.159355,57,715.60736,True,False,no_target
74.22456,56,715.766097,True,False,no_target
139.54045,61,715.766097,True,False,no_target
83.043755,58,716.078468,True,False,no_target
140.44072,60,716.744393,True,False,no_target
60.070644,53,717.753276,True,False,no_target
78.47047,60,718.234025,True,False,no_target
142.01117,59,718.368523,True,False,no_target
140.0816,60,718.420312,True,False,no_target
87.127304,60,718.513486,True,False,no_target
73.94645,59,718.554314,True,False,no_target
85.75054,57,718.608762,True,False,no_target
135.93156,60,718.737029,True,False,no_target
63.725037,61,719.059985,True,False,no_target
134.12938,59,719.529249,True,False,no_target
139.1563,61,720.64319,True,False,no_target
120.799324,55,720.835937,True,False,no_target
128.99498,59,721.204088,True,False,no_target
137.31166,58,721.255712,True,False,no_target
82.33526,61,721.255712,True,False,no_target
88.79091,59,721.380218,True,False,no_target
96.342964,61,721.425886,True,False,no_target
99.79234,61,721.593121,True,False,no_target
92.09742,58,721.769471,True,False,no_target
-315.538,28,722.075629,False,True,no_target
123.98508,60,725.61733,True,False,no_target
136.15292,59,726.134107,True,False,no_target
92.14682,60,726.820076,True,False,no_target
77.0353,57,726.86613,True,False,no_target
131.38065,58,726.96802,True,False,no_target
100.39179,62,726.96802,True,False,no_target
144.17365,63,727.028093,True,False,no_target
103.12785,58,727.18385,True,False,no_target
69.34827,57,727.348419,True,False,no_target
89.918686,55,727.623698,True,False,no_target
104.11444,58,728.134125,True,False,no_target
125.600365,58,729.323766,True,False,no_target
89.94212,56,729.956681,True,False,no_target
89.10796,59,730.144969,True,False,no_target
127.66334,60,730.284811,True,False,no_target
97.957664,59,730.284811,True,False,no_target
104.65189,61,730.3381,True,False,no_target
99.200645,58,730.382089,True,False,no_target
136.95425,59,730.56889,True,False,no_target
97.45621,52,730.911561,True,False,no_target
130.22433,62,730.96056,True,False,no_target
102.1253,57,732.238896,True,False,no_target
105.60691,55,732.92248,True,False,no_target
43.709423,55,733.056016,True,False,no_target
117.23961,65,733.183999,True,False,no_target
129.36392,57,733.234985,True,False,no_target
97.37561,59,733.234985,True,False,no_target
87.13958,60,733.324655,True,False,no_target
97.26452,55,733.716347,True,False,no_target
80.46494,63,733.716347,True,False,no_target
137.83171,60,733.890204,True,False,no_target
81.90377,63,735.2241,True,False,no_target
131.74812,58,735.592136,True,False,no_target
98.85015,56,735.95481,True,False,no_target
117.36362,60,736.052215,True,False,no_target
120.37186,65,736.096832,True,False,no_target
139.70073,62,736.138445,True,False,no_target
124.71956,64,736.184081,True,False,no_target
132.22243,58,736.421315,True,False,no_target
89.484116,58,736.60231,True,False,no_target
100.76925,64,736.689403,True,False,no_target
92.56358,60,738.086978,True,False,no_target
137.86473,59,738.403648,True,False,no_target
132.83667,59,738.803387,True,False,no_target
138.17844,60,739.004185,True,False,no_target
123.68402,63,739.09699,True,False,no_target
93.33093,62,739.150062,True,False,no_target
139.95479,61,739.150062,True,False,no_target
95.14215,54,739.245344,True,False,no_target
131.70195,58,739.245344,True,False,no_target
97.296295,57,739.496346,True,False,no_target
109.41751,54,740.65225,True,False,no_target
96.496574,56,741.069293,True,False,no_target
129.8606,59,741.578757,True,False,no_target
75.936905,58,741.75248,True,False,no_target
75.397736,60,741.969195,True,False,no_target
97.6112,59,741.969195,True,False,no_target
130.77144,58,742.022117,True,False,no_target
140.39053,61,742.078727,True,False,no_target
126.36898,68,742.557893,True,False,no_target
71.15814,65,742.673871,True,False,no_target
136.0723,59,743.487584,True,False,no_target
125.410446,67,744.251662,True,False,no_target
124.331726,57,744.251662,True,False,no_target
130.2502,57,744.418086,True,False,no_target
124.70156,56,744.728975,True,False,no_target
141.46805,60,744.90167,True,False,no_target
97.68334,61,744.90167,True,False,no_target
85.29728,65,745.138166,True,False,no_target
127.65531,57,745.305593,True,False,no_target
103.44266,58,745.471935,True,False,no_target
114.78655,62,746.586089,True,False,no_target
74.81564,59,747.287332,True,False,no_target
133.9674,57,747.343318,True,False,no_target
91.043205,62,747.450628,True,False,no_target
56.461754,56,747.750299,True,False,no_target
59.900887,66,748.091157,True,False,no_target
82.135574,64,748.135571,True,False,no_target
140.10744,61,748.179449,True,False,no_target
140.55234,60,748.41683,True,False,no_target
67.4683,67,748.588485,True,False,no_target
144.5129,63,749.557323,True,False,no_target
112.94974,60,753.074056,True,False,no_target
129.99161,59,753.131664,True,False,no_target
116.08695,61,753.131664,True,False,no_target
128.36197,58,753.235152,True,False,no_target
91.29409,60,753.52468,True,False,no_target
128.73137,59,753.59894,True,False,no_target
122.595665,60,753.59894,True,False,no_target
98.87201,59,753.915871,True,False,no_target
97.0111,58,754.073886,True,False,no_target
80.81594,57,755.1245,True,False,no_target
86.893425,54,755.554371,True,False,no_target
64.629486,54,755.554371,True,False,no_target
70.60229,59,755.673964,True,False,no_target
123.323494,56,755.797592,True,False,no_target
112.6308,55,756.131691,True,False,no_target
67.143715,62,756.480766,True,False,no_target
137.40872,64,756.562627,True,False,no_target
141.30933,61,756.647367,True,False,no_target
135.36494,58,756.647367,True,False,no_target
130.7234,60,757.82026,True,False,no_target
111.898834,56,758.140015,True,False,no_target
100.31318,58,758.239681,True,False,no_target
103.53148,60,758.498816,True,False,no_target
130.40959,57,758.498816,True,False,no_target
120.90364,61,759.063697,True,False,no_target
128.86827,61,759.422562,True,False,no_target
102.46967,59,759.529684,True,False,no_target
81.62923,61,759.529684,True,False,no_target
120.83266,59,759.529684,True,False,no_target
101.88288,57,760.563109,True,False,no_target
130.70143,58,761.053415,True,False,no_target
84.45018,64,761.245944,True,False,no_target
136.67558,58,761.295913,True,False,no_target
119.464455,62,761.507707,True,False,no_target
107.94475,59,761.907504,True,False,no_target
98.899284,57,762.162104,True,False,no_target
125.811516,57,762.256974,True,False,no_target
98.19386,61,762.428876,True,False,no_target
51.485516,66,762.662084,True,False,no_target
135.50966,60,763.446051,True,False,no_target
130.40202,56,763.748521,True,False,no_target
137.89732,59,764.161437,True,False,no_target
72.351364,55,764.2286,True,False,no_target
135.48366,62,764.378396,True,False,no_target
66.536285,55,764.682788,True,False,no_target
89.34825,59,765.262908,True,False,no_target
55.563988,62,765.314736,True,False,no_target
97.17847,57,765.370485,True,False,no_target
84.12464,57,765.627856,True,False,no_target
142.40523,62,766.688401,True,False,no_target
104.61118,60,766.86914,True,False,no_target
91.126595,57,767.060814,True,False,no_target
62.41614,59,767.210851,True,False,no_target
100.96598,58,767.310544,True,False,no_target
134.1934,57,767.564402,True,False,no_target
133.20503,61,768.326742,True,False,no_target
142.03325,60,768.326742,True,False,no_target
132.5414,61,768.426225,True,False,no_target
134.63484,58,768.526717,True,False,no_target
126.53424,58,769.647653,True,False,no_target
91.78686,56,769.727048,True,False,no_target
73.41349,55,769.921319,True,False,no_target
99.32732,58,770.243217,True,False,no_target
130.6872,58,770.368308,True,False,no_target
78.64453,64,770.929281,True,False,no_target
78.3516,62,771.592328,True,False,no_target
95.33135,60,771.592328,True,False,no_target
134.35866,58,771.592328,True,False,no_target
93.94554,62,771.592328,True,False,no_target
86.274895,60,772.683097,True,False,no_target
95.17211,57,772.7561,True,False,no_target
75.95861,62,772.895105,True,False,no_target
87.87628,57,773.172196,True,False,no_target
123.79987,64,773.387692,True,False,no_target
133.94548,58,773.684584,True,False,no_target
114.22747,55,774.174668,True,False,no_target
85.73624,55,774.174668,True,False,no_target
132.7753,57,774.274711,True,False,no_target
129.89798,61,774.451255,True,False,no_target
77.83691,58,775.32914,True,False,no_target
84.029274,56,775.370444,True,False,no_target
90.839645,61,775.490292,True,False,no_target
125.29278,56,775.619345,True,False,no_target
144.20793,62,776.083795,True,False,no_target
110.82417,57,776.174227,True,False,no_target
74.09923,59,776.723839,True,False,no_target
76.14036,62,776.933733,True,False,no_target
137.2393,59,776.976972,True,False,no_target
91.66858,66,777.023715,True,False,no_target
123.31685,56,780.672425,True,False,no_target
57.1236,55,780.77239,True,False,no_target
131.39226,59,780.80582,True,False,no_target
53.82378,58,781.058758,True,False,no_target
140.3756,60,781.697486,True,False,no_target
129.39265,63,781.744498,True,False,no_target
141.22704,60,782.366835,True,False,no_target
130.98463,58,782.555716,True,False,no_target
93.88069,57,782.606495,True,False,no_target
104.79948,60,782.721849,True,False,no_target
83.66598,55,783.32725,True,False,no_target
126.87371,56,783.57174,True,False,no_target
104.91032,61,783.759965,True,False,no_target
97.6938,59,783.947857,True,False,no_target
134.03601,59,784.643821,True,False,no_target
136.87086,60,784.643821,True,False,no_target
100.54545,59,785.154824,True,False,no_target
128.82768,59,785.322441,True,False,no_target
122.01427,57,785.393042,True,False,no_target
133.10959,61,785.525282,True,False,no_target
125.50091,57,786.047149,True,False,no_target
136.78703,58,786.337308,True,False,no_target
83.69789,58,786.525031,True,False,no_target
138.5422,63,786.947674,True,False,no_target
103.755585,58,787.43696,True,False,no_target
81.482895,63,787.672566,True,False,no_target
124.671,58,787.970328,True,False,no_target
142.65756,60,788.269992,True,False,no_target
76.284874,62,788.320421,True,False,no_target
105.719055,60,788.376333,True,False,no_target
121.56741,64,789.119755,True,False,no_target
127.590515,56,789.22908,True,False,no_target
128.77611,64,789.429403,True,False,no_target
86.23904,56,789.68626,True,False,no_target
143.7355,61,790.464788,True,False,no_target
138.22748,60,790.685347,True,False,no_target
134.55345,58,790.969077,True,False,no_target
83.823204,54,791.207714,True,False,no_target
123.69954,56,791.294831,True,False,no_target
113.893715,59,791.454262,True,False,no_target
89.17266,60,792.495937,True,False,no_target
60.334778,65,793.198792,True,False,no_target
141.89545,64,793.495714,True,False,no_target
135.90839,60,793.568226,True,False,no_target
136.56665,58,794.545857,True,False,no_target
141.76973,60,794.974691,True,False,no_target
139.67635,60,795.278618,True,False,no_target
76.55534,59,795.655366,True,False,no_target
113.59925,62,795.655366,True,False,no_target
111.15583,63,795.789437,True,False,no_target
77.677475,55,796.468,True,False,no_target
89.1487,58,797.286536,True,False,no_target
87.56998,64,797.447131,True,False,no_target
143.00992,62,797.526142,True,False,no_target
108.65155,59,798.265556,True,False,no_target
137.67215,63,799.188537,True,False,no_target
80.61857,68,799.188537,True,False,no_target
92.50639,62,799.507665,True,False,no_target
132.18211,63,799.569288,True,False,no_target
97.88348,64,799.747492,True,False,no_target
134.97067,60,800.168781,True,False,no_target
69.69909,57,800.981612,True,False,no_target
113.89633,56,801.063139,True,False,no_target
134.61511,61,801.458802,True,False,no_target
96.56344,59,802.038227,True,False,no_target
90.136795,59,802.91396,True,False,no_target
136.5372,59,802.91396,True,False,no_target
135.57317,60,803.369471,True,False,no_target
73.150826,61,803.369471,True,False,no_target
106.818405,61,803.792113,True,False,no_target
107.63064,58,804.082004,True,False,no_target
89.076866,61,805.084471,True,False,no_target
145.70116,63,805.164814,True,False,no_target
99.27014,60,805.460364,True,False,no_target
82.462234,63,806.317206,True,False,no_target
127.21095,58,807.093833,True,False,no_target
75.05306,60,807.235749,True,False,no_target
129.11555,58,807.561158,True,False,no_target
93.09675,57,808.054377,True,False,no_target
97.79057,65,808.054377,True,False,no_target
83.19835,61,808.054377,True,False,no_target
106.32266,59,809.08367,True,False,no_target
96.65223,58,809.08367,True,False,no_target
137.35333,58,809.350432,True,False,no_target
143.84651,63,810.578619,True,False,no_target
128.27823,57,816.620193,True,False,no_target
114.92945,56,816.858244,True,False,no_target
73.3813,66,817.04143,True,False,no_target
109.581665,58,817.446063,True,False,no_target
99.032524,59,817.515656,True,False,no_target
63.393776,62,817.694686,True,False,no_target
141.52097,60,818.541545,True,False,no_target
127.78518,57,818.593265,True,False,no_target
101.39316,63,818.71298,True,False,no_target
98.51943,62,819.891291,True,False,no_target
134.71164,60,820.095305,True,False,no_target
87.49003,62,820.397692,True,False,no_target
104.19916,57,820.594496,True,False,no_target
89.92422,64,820.642957,True,False,no_target
140.83664,59,820.742847,True,False,no_target
144.09753,63,821.071083,True,False,no_target
138.0752,59,821.576521,True,False,no_target
139.42445,59,821.633605,True,False,no_target
129.72868,58,821.685174,True,False,no_target
138.13864,60,822.903924,True,False,no_target
84.951065,61,823.469323,True,False,no_target
76.40586,69,823.580402,True,False,no_target
140.56615,60,823.680874,True,False,no_target
136.8912,61,823.680874,True,False,no_target
103.96523,63,823.916565,True,False,no_target
88.76968,57,823.96506,True,False,no_target
132.36919,58,824.557303,True,False,no_target
138.2253,60,824.60446,True,False,no_target
139.22232,59,824.662454,True,False,no_target
97.60004,62,826.267561,True,False,no_target
96.841,55,826.659551,True,False,no_target
75.38462,63,827.01833,True,False,no_target
87.37773,61,827.117686,True,False,no_target
85.50229,63,827.218648,True,False,no_target
86.93921,62,827.452592,True,False,no_target
139.18925,61,827.452592,True,False,no_target
88.568695,58,828.02266,True,False,no_target
109.762764,60,828.348786,True,False,no_target
144.5655,63,828.525089,True,False,no_target
144.661,61,829.989836,True,False,no_target
127.590866,61,830.326315,True,False,no_target
83.34383,58,830.524023,True,False,no_target
26.49673,62,830.969988,True,False,no_target
137.43103,60,830.969988,True,False,no_target
136.64252,60,831.30733,True,False,no_target
100.711174,64,831.560624,True,False,no_target
99.49814,57,831.922367,True,False,no_target
93.80552,58,832.085463,True,False,no_target
131.26192,64,832.085463,True,False,no_target
135.25261,61,833.609823,True,False,no_target
135.95232,59,833.895061,True,False,no_target
94.885544,58,834.038229,True,False,no_target
102.62821,59,834.42985,True,False,no_target
90.713005,61,834.559198,True,False,no_target
133.62933,59,834.705286,True,False,no_target
139.70474,61,835.014047,True,False,no_target
92.65786,56,835.263562,True,False,no_target
111.56941,59,835.263562,True,False,no_target
103.24972,61,835.494966,True,False,no_target
136.79993,58,836.811171,True,False,no_target
131.91762,57,837.130669,True,False,no_target
122.442215,63,837.357947,True,False,no_target
131.1186,57,837.630925,True,False,no_target
120.84127,57,837.74069,True,False,no_target
119.00788,63,837.86519,True,False,no_target
101.43703,58,838.104155,True,False,no_target
135.4056,58,838.342376,True,False,no_target
119.75822,63,838.580719,True,False,no_target
40.01392,65,839.003455,True,False,no_target
131.55106,57,840.499267,True,False,no_target
114.051125,63,840.552753,True,False,no_target
136.32135,60,840.935905,True,False,no_target
137.36649,60,841.279211,True,False,no_target
84.65077,57,841.351542,True,False,no_target
82.6102,59,841.351542,True,False,no_target
130.4544,58,841.73671,True,False,no_target
128.72624,57,841.995886,True,False,no_target
70.63145,63,842.679107,True,False,no_target
135.86,58,842.860187,True,False,no_target
108.91004,61,844.537334,True,False,no_target
130.82085,64,844.818447,True,False,no_target
91.34113,60,845.01068,True,False,no_target
80.6199,55,845.068478,True,False,no_target
84.00749,59,845.2727,True,False,no_target
142.87799,60,845.420715,True,False,no_target
96.364,57,845.623027,True,False,no_target
141.09114,61,846.530324,True,False,no_target
93.68312,62,853.024344,True,False,no_target
71.28971,62,853.122862,True,False,no_target
100.86508,57,854.111189,True,False,no_target
140.14601,60,854.473718,True,False,no_target
140.15985,60,854.628418,True,False,no_target
128.00552,57,854.628418,True,False,no_target
122.71694,63,854.74514,True,False,no_target
92.478676,67,855.365904,True,False,no_target
128.35359,66,855.469671,True,False,no_target
127.69407,64,855.767799,True,False,no_target
100.15889,58,856.057402,True,False,no_target
128.99083,57,856.118276,True,False,no_target
89.368324,54,856.98195,True,False,no_target
100.19977,60,857.786885,True,False,no_target
78.43294,62,858.064179,True,False,no_target
58.12775,63,858.118729,True,False,no_target
143.09845,63,858.237534,True,False,no_target
134.64635,57,858.600835,True,False,no_target
141.76831,62,858.75818,True,False,no_target
139.97092,63,859.458243,True,False,no_target
107.94011,64,859.816427,True,False,no_target
70.17629,66,859.962402,True,False,no_target
134.38765,61,860.521895,True,False,no_target
145.06902,62,861.178697,True,False,no_target
110.85491,62,861.561954,True,False,no_target
88.07106,64,861.561954,True,False,no_target
129.86588,66,861.605404,True,False,no_target
83.72905,58,861.651757,True,False,no_target
141.09383,65,862.100569,True,False,no_target
139.32288,66,862.58734,True,False,no_target
95.15356,62,862.737618,True,False,no_target
91.19836,64,862.961536,True,False,no_target
138.61319,61,863.361207,True,False,no_target
99.694725,60,863.937741,True,False,no_target
142.27904,61,864.344472,True,False,no_target
137.55693,59,864.344472,True,False,no_target
117.43788,62,864.444417,True,False,no_target
146.84702,64,864.503667,True,False,no_target
99.297264,58,864.794232,True,False,no_target
142.71515,62,865.411265,True,False,no_target
80.60734,60,865.462,True,False,no_target
83.111275,61,865.738029,True,False,no_target
131.7576,57,865.944098,True,False,no_target
93.13935,57,866.549166,True,False,no_target
131.21234,57,866.966532,True,False,no_target
93.272415,62,867.196086,True,False,no_target
97.77989,60,867.196086,True,False,no_target
143.55766,60,867.248027,True,False,no_target
143.11845,64,867.711684,True,False,no_target
133.99959,58,868.407269,True,False,no_target
107.00956,60,868.46962,True,False,no_target
131.11552,57,868.672265,True,False,no_target
91.10085,64,869.262007,True,False,no_target
107.76623,62,869.8079,True,False,no_target
89.053894,58,870.044849,True,False,no_target
139.98912,59,870.353093,True,False,no_target
61.752575,60,870.442559,True,False,no_target
89.135506,64,870.574939,True,False,no_target
141.1291,61,870.901686,True,False,no_target
104.99761,60,871.268896,True,False,no_target
141.44157,63,871.434957,True,False,no_target
57.301983,66,871.721699,True,False,no_target
136.50406,60,871.974972,True,False,no_target
126.82392,63,872.574829,True,False,no_target
83.02972,60,872.66777,True,False,no_target
136.56573,58,872.974131,True,False,no_target
141.80971,60,872.974131,True,False,no_target
79.71842,64,873.445087,True,False,no_target
107.271805,63,873.794408,True,False,no_target
69.54198,62,874.10519,True,False,no_target
129.44751,63,874.329538,True,False,no_target
91.24361,64,874.706952,True,False,no_target
114.869576,62,874.900604,True,False,no_target
140.54059,59,875.390943,True,False,no_target
64.24679,60,875.531822,True,False,no_target
90.60269,59,875.757338,True,False,no_target
89.67636,61,875.868134,True,False,no_target
138.5933,60,876.190299,True,False,no_target
133.62288,62,876.553975,True,False,no_target
141.14418,64,876.941338,True,False,no_target
144.80705,63,877.457572,True,False,no_target
19.940706,72,877.509294,True,False,no_target
90.12269,61,877.552752,True,False,no_target
96.502495,60,882.04638,True,False,no_target
128.64557,64,882.398631,True,False,no_target
124.72475,57,882.398631,True,False,no_target
137.89499,61,882.498066,True,False,no_target
136.25012,59,882.948466,True,False,no_target
124.11726,61,883.558076,True,False,no_target
100.095375,60,884.005245,True,False,no_target
95.32588,55,884.570263,True,False,no_target
110.52518,60,884.771046,True,False,no_target
142.37811,62,884.958001,True,False,no_target
142.56903,63,885.566999,True,False,no_target
138.63786,60,885.758644,True,False,no_target
102.19446,64,886.036293,True,False,no_target
133.31071,69,886.179147,True,False,no_target
107.515305,59,886.179147,True,False,no_target
138.98317,59,886.693414,True,False,no_target
121.5232,55,886.920904,True,False,no_target
113.9326,58,887.503577,True,False,no_target
104.78813,60,887.806909,True,False,no_target
129.55653,58,887.906848,True,False,no_target
98.41107,62,888.874377,True,False,no_target
138.26233,59,888.935674,True,False,no_target
130.34776,57,889.323102,True,False,no_target
101.17744,60,889.482859,True,False,no_target
89.758675,64,889.540312,True,False,no_target
143.55336,61,890.202125,True,False,no_target
129.18686,57,890.202125,True,False,no_target
88.867256,55,891.041176,True,False,no_target
135.45811,61,891.097607,True,False,no_target
122.6228,56,891.167869,True,False,no_target
-378.12418,32,891.460087,False,True,no_target
125.163765,58,892.317984,True,False,no_target
130.73479,59,892.317984,True,False,no_target
131.43498,57,892.603048,True,False,no_target
93.9861,57,892.74239,True,False,no_target
90.6773,55,893.24548,True,False,no_target
105.677345,59,893.448223,True,False,no_target
92.81516,58,894.283799,True,False,no_target
137.59807,62,894.386393,True,False,no_target
113.84579,63,894.485989,True,False,no_target
140.50204,60,894.588035,True,False,no_target
94.972305,56,895.163469,True,False,no_target
102.65861,60,895.362347,True,False,no_target
140.94298,59,895.610241,True,False,no_target
139.94124,65,896.120877,True,False,no_target
138.13374,59,896.335155,True,False,no_target
129.92918,64,896.789319,True,False,no_target
140.25745,59,897.431879,True,False,no_target
135.97607,58,897.613284,True,False,no_target
111.04884,63,897.893849,True,False,no_target
101.06682,60,897.97546,True,False,no_target
100.12176,59,898.576087,True,False,no_target
97.014946,57,898.710185,True,False,no_target
86.08245,60,899.270246,True,False,no_target
93.96155,56,899.54268,True,False,no_target
101.98231,58,899.854374,True,False,no_target
143.08708,63,900.641079,True,False,no_target
96.57563,58,900.977863,True,False,no_target
111.26602,55,901.217852,True,False,no_target
95.87488,59,901.217852,True,False,no_target
138.98343,59,901.36142,True,False,no_target
96.23819,61,902.011405,True,False,no_target
101.6577,61,902.107599,True,False,no_target
132.8315,59,902.612604,True,False,no_target
133.09334,66,902.732905,True,False,no_target
80.97161,60,903.002053,True,False,no_target
144.49556,62,903.848168,True,False,no_target
114.103745,53,903.901514,True,False,no_target
134.73595,58,903.956721,True,False,no_target
135.31673,59,904.204413,True,False,no_target
134.01793,65,904.656861,True,False,no_target
134.75272,59,905.008519,True,False,no_target
143.26332,63,905.346044,True,False,no_target
100.41044,58,905.694597,True,False,no_target
85.321106,61,905.954553,True,False,no_target
88.49689,63,906.370069,True,False,no_target
137.70737,60,907.13193,True,False,no_target
137.45341,60,907.197573,True,False,no_target
98.755226,57,907.318702,True,False,no_target
125.41631,64,907.318702,True,False,no_target
95.51357,59,907.882868,True,False,no_target
132.03911,58,908.242974,True,False,no_target
131.37257,63,908.898664,True,False,no_target
130.85161,58,908.958881,True,False,no_target
93.512024,56,909.215313,True,False,no_target
114.02813,63,913.787978,True,False,no_target
97.87775,56,914.012036,True,False,no_target
136.68501,60,914.317232,True,False,no_target
130.67651,59,914.388596,True,False,no_target
138.49754,60,914.468126,True,False,no_target
86.42367,57,914.912473,True,False,no_target
98.478226,60,915.387227,True,False,no_target
135.91153,59,915.879138,True,False,no_target
144.07294,62,916.073022,True,False,no_target
87.58107,64,916.379127,True,False,no_target
89.82639,59,916.83238,True,False,no_target
133.80624,58,917.155716,True,False,no_target
87.64866,57,917.43236,True,False,no_target
106.25667,58,917.643859,True,False,no_target
91.48614,63,917.910132,True,False,no_target
136.98592,58,918.142746,True,False,no_target
142.13203,60,918.795832,True,False,no_target
141.15782,61,919.415477,True,False,no_target
84.407,62,919.695563,True,False,no_target
138.20135,60,919.85996,True,False,no_target
109.76034,63,920.65284,True,False,no_target
137.68651,60,920.85436,True,False,no_target
136.42079,60,921.31537,True,False,no_target
85.29677,57,921.382364,True,False,no_target
89.23118,64,921.382364,True,False,no_target
94.7716,65,922.13014,True,False,no_target
141.04018,62,922.577073,True,False,no_target
127.172615,58,922.990916,True,False,no_target
108.17913,64,923.763248,True,False,no_target
89.40947,62,923.831815,True,False,no_target
144.20729,62,924.562474,True,False,no_target
93.22883,62,924.744076,True,False,no_target
106.25825,59,925.050195,True,False,no_target
137.42792,58,925.050195,True,False,no_target
131.55467,62,925.300149,True,False,no_target
138.5401,61,926.013151,True,False,no_target
72.78926,64,926.778619,True,False,no_target
89.025314,57,926.778619,True,False,no_target
133.96794,61,927.69956,True,False,no_target
144.67218,66,927.935883,True,False,no_target
132.94568,64,928.615505,True,False,no_target
133.45618,61,928.615505,True,False,no_target
138.34564,59,928.734085,True,False,no_target
124.062836,60,928.808162,True,False,no_target
134.93465,61,929.158308,True,False,no_target
93.38686,58,929.719744,True,False,no_target
100.13179,60,930.657323,True,False,no_target
102.40784,61,930.724496,True,False,no_target
113.944145,61,931.880674,True,False,no_target
130.20041,57,931.880674,True,False,no_target
139.63919,59,932.972588,True,False,no_target
103.74336,62,933.051302,True,False,no_target
101.64825,59,933.051302,True,False,no_target
93.552216,63,933.126898,True,False,no_target
78.85178,59,933.398224,True,False,no_target
90.78108,62,934.096122,True,False,no_target
104.30437,60,934.839231,True,False,no_target
88.76858,66,935.149403,True,False,no_target
97.776115,58,935.761935,True,False,no_target
141.8928,60,935.887974,True,False,no_target
87.48446,54,936.426168,True,False,no_target
138.95677,59,936.754495,True,False,no_target
138.9777,60,936.815656,True,False,no_target
119.233055,61,936.942544,True,False,no_target
124.955765,63,937.303774,True,False,no_target
139.53069,59,937.700016,True,False,no_target
119.61711,61,938.641317,True,False,no_target
134.6748,59,938.838941,True,False,no_target
58.27883,56,939.205724,True,False,no_target
99.08873,63,939.771272,True,False,no_target
140.06137,60,940.152421,True,False,no_target
96.9115,63,940.721013,True,False,no_target
87.99675,62,940.861606,True,False,no_target
132.8243,66,941.003968,True,False,no_target
136.64012,59,941.087795,True,False,no_target
79.58489,62,941.952054,True,False,no_target
139.58585,61,942.860234,True,False,no_target
99.547485,58,943.355276,True,False,no_target
114.47276,64,943.355276,True,False,no_target
131.94617,61,944.137815,True,False,no_target
117.92414,64,944.722078,True,False,no_target
32.170975,57,944.854535,True,False,no_target
66.17301,58,945.051158,True,False,no_target
95.88957,57,945.185141,True,False,no_target
107.72592,63,945.554949,True,False,no_target
128.39279,57,945.941715,True,False,no_target
95.83611,59,951.623261,True,False,no_target
97.971375,57,951.823375,True,False,no_target
76.33583,58,951.876415,True,False,no_target
105.18799,64,952.845967,True,False,no_target
138.87187,61,953.192006,True,False,no_target
142.68633,61,953.290613,True,False,no_target
85.94098,59,953.348468,True,False,no_target
98.384155,59,953.684411,True,False,no_target
84.397514,67,953.875239,True,False,no_target
137.57729,59,953.984332,True,False,no_target
99.06999,59,954.733653,True,False,no_target
119.19825,59,954.920361,True,False,no_target
140.27275,59,954.987085,True,False,no_target
84.75202,57,955.782296,True,False,no_target
134.48167,58,956.393417,True,False,no_target
98.40465,62,956.61258,True,False,no_target
135.26599,61,956.733003,True,False,no_target
128.39949,58,956.974017,True,False,no_target
134.38634,59,957.371338,True,False,no_target
139.33238,61,957.371338,True,False,no_target
140.98587,60,958.311692,True,False,no_target
89.47588,60,958.545202,True,False,no_target
104.79988,61,958.674898,True,False,no_target
100.94654,58,959.425237,True,False,no_target
103.05334,60,960.097045,True,False,no_target
98.98818,60,960.208059,True,False,no_target
135.71747,59,960.50461,True,False,no_target
74.835915,64,960.575013,True,False,no_target
135.47733,61,960.969671,True,False,no_target
100.26744,62,961.034817,True,False,no_target
108.98036,58,961.772628,True,False,no_target
138.30571,60,962.220118,True,False,no_target
142.15555,61,962.461483,True,False,no_target
136.94385,58,963.062806,True,False,no_target
93.64705,59,963.772761,True,False,no_target
88.852425,58,963.834241,True,False,no_target
94.61813,57,964.112178,True,False,no_target
141.33241,61,964.285307,True,False,no_target
128.34245,57,964.552981,True,False,no_target
109.63266,62,964.916689,True,False,no_target
103.234505,60,965.528903,True,False,no_target
136.53606,58,965.931814,True,False,no_target
98.030945,63,966.068082,True,False,no_target
133.61588,58,966.495391,True,False,no_target
134.9255,58,967.213654,True,False,no_target
105.28983,60,967.273688,True,False,no_target
95.77547,62,967.753163,True,False,no_target
100.63806,60,967.81248,True,False,no_target
104.699066,60,968.036306,True,False,no_target
91.40788,63,968.517242,True,False,no_target
92.90948,60,968.896308,True,False,no_target
134.34485,57,969.084428,True,False,no_target
137.85023,58,969.230525,True,False,no_target
131.82874,58,969.646621,True,False,no_target
136.18668,59,970.49294,True,False,no_target
86.39523,63,970.669998,True,False,no_target
90.0832,57,970.842436,True,False,no_target
137.86836,63,971.223199,True,False,no_target
74.79074,62,971.394903,True,False,no_target
141.40634,64,972.033682,True,False,no_target
132.83168,57,972.294858,True,False,no_target
136.22954,62,972.370438,True,False,no_target
135.04906,58,973.095794,True,False,no_target
110.11016,66,973.095794,True,False,no_target
103.42805,58,974.008279,True,False,no_target
123.52791,57,974.140519,True,False,no_target
140.67009,63,974.727875,True,False,no_target
107.156845,60,975.016347,True,False,no_target
90.79945,59,975.143643,True,False,no_target
104.8799,59,975.957563,True,False,no_target
139.39513,59,976.256015,True,False,no_target
109.06911,60,976.256015,True,False,no_target
132.20161,58,976.879241,True,False,no_target
106.2743,60,977.003734,True,False,no_target
107.30307,58,977.769772,True,False,no_target
88.924034,61,978.06638,True,False,no_target
136.19128,59,978.511623,True,False,no_target
139.99944,60,978.949504,True,False,no_target
125.19328,65,979.126982,True,False,no_target
125.032906,64,979.910288,True,False,no_target
127.78692,60,980.003469,True,False,no_target
139.11192,60,980.003469,True,False,no_target
139.56114,61,980.77484,True,False,no_target
90.768234,64,981.110377,True,False,no_target
95.881355,57,981.493411,True,False,no_target
82.04351,59,986.823307,True,False,no_target
84.278755,66,987.751988,True,False,no_target
124.258446,62,987.981186,True,False,no_target
96.1927,66,988.457388,True,False,no_target
104.0789,58,988.745165,True,False,no_target
66.100586,60,988.928277,True,False,no_target
143.0271,63,989.158348,True,False,no_target
109.28932,60,989.668815,True,False,no_target
129.04558,64,990.141403,True,False,no_target
139.37935,60,990.257485,True,False,no_target
144.21109,61,990.690639,True,False,no_target
95.375145,59,991.454887,True,False,no_target
137.09938,58,991.585346,True,False,no_target
108.83391,59,992.140088,True,False,no_target
98.21114,61,992.497749,True,False,no_target
138.42044,62,992.747837,True,False,no_target
95.90263,64,993.085179,True,False,no_target
141.04732,61,993.431693,True,False,no_target
141.80388,61,994.001268,True,False,no_target
139.4701,60,994.070451,True,False,no_target
138.49593,61,994.658624,True,False,no_target
108.931656,62,995.687707,True,False,no_target
137.53241,62,995.852965,True,False,no_target
82.171745,62,996.42238,True,False,no_target
139.849,60,996.697211,True,False,no_target
92.3992,62,997.19893,True,False,no_target
134.65305,64,997.807064,True,False,no_target
142.92404,63,998.298219,True,False,no_target
94.15226,59,998.916793,True,False,no_target
121.81753,62,999.064216,True,False,no_target
60.164677,63,999.906027,True,False,no_target
76.255806,60,1000.639204,True,False,no_target
105.76134,61,1000.855389,True,False,no_target
95.24678,59,1001.312181,True,False,no_target
68.38188,62,1001.806399,True,False,no_target
-357.5029,39,1001.968551,False,True,no_target
101.73519,62,1002.2571,True,False,no_target
137.64029,60,1002.624044,True,False,no_target
69.807846,58,1002.796978,True,False,no_target
88.420715,65,1003.805666,True,False,no_target
52.819756,62,1004.549105,True,False,no_target
132.3598,65,1005.443893,True,False,no_target
55.237236,65,1005.657655,True,False,no_target
86.629654,60,1005.719122,True,False,no_target
66.01412,65,1006.526785,True,False,no_target
79.83267,66,1006.728945,True,False,no_target
96.63275,64,1006.872431,True,False,no_target
66.99342,60,1006.955533,True,False,no_target
133.77669,61,1007.167239,True,False,no_target
92.4528,60,1008.062261,True,False,no_target
76.696205,60,1008.833006,True,False,no_target
-365.7828,49,1008.982119,False,True,no_target
-351.20453,39,1009.943655,False,True,no_target
139.88152,61,1010.218197,True,False,no_target
106.244194,61,1010.299581,True,False,no_target
109.05316,60,1011.177552,True,False,no_target
-338.4996,30,1011.302705,False,True,no_target
56.07089,64,1011.795686,True,False,no_target
98.680145,59,1011.878606,True,False,no_target
43.26598,64,1011.964229,True,False,no_target
14.26871,59,1012.780791,True,False,no_target
136.21669,61,1013.701835,True,False,no_target
83.37878,59,1014.631353,True,False,no_target
104.97049,63,1014.699675,True,False,no_target
58.10132,60,1014.768515,True,False,no_target
-345.70782,35,1015.161242,False,True,no_target
12.616486,58,1015.439354,True,False,no_target
113.655334,60,1015.512154,True,False,no_target
135.5876,60,1015.905271,True,False,no_target
134.4574,59,1015.971375,True,False,no_target
141.92699,62,1016.105717,True,False,no_target
94.54823,65,1018.04686,True,False,no_target
132.3698,58,1018.586511,True,False,no_target
88.790115,59,1018.586511,True,False,no_target
37.903557,67,1019.052654,True,False,no_target
91.65744,60,1019.401391,True,False,no_target
64.12503,61,1019.551702,True,False,no_target
61.464264,66,1019.551702,True,False,no_target
58.54074,61,1020.136794,True,False,no_target
134.30023,59,1020.136794,True,False,no_target
129.94328,64,1020.276243,True,False,no_target
54.71008,61,1022.329163,True,False,no_target
119.50516,62,1022.915308,True,False,no_target
127.19645,64,1026.88971,True,False,no_target
134.91725,59,1027.238225,True,False,no_target
74.67234,61,1027.340374,True,False,no_target
15.930529,67,1027.599364,True,False,no_target
90.93498,59,1027.740032,True,False,no_target
89.15037,58,1027.818755,True,False,no_target
-425.8629,75,1027.818755,False,True,no_target
133.36716,64,1028.060242,True,False,no_target
61.374565,58,1029.52652,True,False,no_target
99.87269,59,1030.099717,True,False,no_target
132.36343,66,1030.609701,True,False,no_target
133.34076,62,1030.906282,True,False,no_target
140.59264,61,1030.968206,True,False,no_target
89.34739,58,1031.038225,True,False,no_target
136.58714,60,1031.270472,True,False,no_target
134.90079,61,1031.418833,True,False,no_target
138.74431,59,1031.598456,True,False,no_target
99.875984,63,1031.598456,True,False,no_target
65.77915,64,1033.978428,True,False,no_target
83.961784,59,1034.416453,True,False,no_target
127.022354,58,1035.213534,True,False,no_target
50.088074,61,1035.892931,True,False,no_target
138.85777,61,1035.981809,True,False,no_target
66.777054,61,1036.06286,True,False,no_target
87.73615,61,1036.348539,True,False,no_target
34.987324,61,1036.616955,True,False,no_target
67.76577,63,1036.616955,True,False,no_target
102.42868,63,1036.772985,True,False,no_target
-314.26892,22,1037.593643,False,True,no_target
-335.98422,15,1037.878359,False,True,no_target
137.96252,60,1038.709653,True,False,no_target
62.071945,61,1039.219928,True,False,no_target
58.758442,60,1039.662663,True,False,no_target
55.25576,57,1039.977124,True,False,no_target
70.40549,58,1040.436521,True,False,no_target
62.613132,62,1040.436521,True,False,no_target
135.90283,61,1040.889628,True,False,no_target
140.22511,62,1040.971174,True,False,no_target
-349.12708,41,1041.997569,False,True,no_target
98.75653,64,1042.09321,True,False,no_target
30.387125,69,1042.72613,True,False,no_target
46.875416,66,1043.33765,True,False,no_target
141.01572,61,1043.866014,True,False,no_target
-377.05002,43,1044.001508,False,True,no_target
81.86281,62,1044.276042,True,False,no_target
120.935814,60,1044.641663,True,False,no_target
134.62077,61,1044.710283,True,False,no_target
45.09252,60,1045.126976,True,False,no_target
133.00421,58,1046.009761,True,False,no_target
142.90358,61,1046.17099,True,False,no_target
91.1617,61,1046.813203,True,False,no_target
35.609947,59,1047.3374,True,False,no_target
132.16309,59,1048.03232,True,False,no_target
94.68405,58,1048.100618,True,False,no_target
86.89393,56,1048.217709,True,False,no_target
136.39438,61,1048.838854,True,False,no_target
101.57576,65,1049.046347,True,False,no_target
99.48579,62,1049.315334,True,False,no_target
121.92529,62,1050.218668,True,False,no_target
138.98926,60,1050.218668,True,False,no_target
11.765041,64,1051.15992,True,False,no_target
36.993233,62,1051.494697,True,False,no_target
136.62856,59,1051.826819,True,False,no_target
135.24294,65,1052.321377,True,False,no_target
63.310375,66,1052.495108,True,False,no_target
51.999474,64,1053.100982,True,False,no_target
-8.961962,65,1053.382128,True,False,no_target
64.10109,64,1053.562168,True,False,no_target
-332.22574,38,1054.016471,False,True,no_target
82.939644,57,1054.016471,True,False,no_target
142.25648,62,1054.331774,True,False,no_target
65.55769,66,1055.43279,True,False,no_target
145.37846,66,1056.032049,True,False,no_target
144.26936,63,1056.447618,True,False,no_target
-350.1046,42,1056.566075,False,True,no_target
43.464226,68,1056.566075,True,False,no_target
97.93814,59,1056.746208,True,False,no_target
85.514,62,1057.164114,True,False,no_target
103.00496,64,1057.473864,True,False,no_target
136.99226,60,1057.64906,True,False,no_target
113.32393,64,1058.265762,True,False,no_target
73.29508,63,1059.48312,True,False,no_target
142.2402,61,1059.958246,True,False,no_target
143.84297,62,1060.462894,True,False,no_target
52.25986,57,1060.462894,True,False,no_target
133.4708,62,1060.588764,True,False,no_target
51.794548,69,1061.031676,True,False,no_target
74.1657,62,1061.218263,True,False,no_target
78.74541,63,1065.645747,True,False,no_target
87.04522,60,1065.645747,True,False,no_target
67.12501,57,1066.029267,True,False,no_target
130.30225,65,1067.622992,True,False,no_target
73.32151,60,1067.81375,True,False,no_target
112.10074,59,1068.263735,True,False,no_target
142.90051,64,1068.597782,True,False,no_target
93.96688,62,1068.597782,True,False,no_target
84.80219,56,1068.877936,True,False,no_target
89.32912,62,1069.104028,True,False,no_target
-365.38763,21,1069.242678,False,True,no_target
133.76479,59,1069.514692,True,False,no_target
94.929306,62,1069.721178,True,False,no_target
101.33128,65,1070.467117,True,False,no_target
74.33184,62,1072.166683,True,False,no_target
97.48077,60,1072.72806,True,False,no_target
48.473965,60,1073.060256,True,False,no_target
142.55695,62,1073.190394,True,False,no_target
106.86717,63,1073.510874,True,False,no_target
73.415886,62,1073.793454,True,False,no_target
32.287457,65,1073.873914,True,False,no_target
35.747814,57,1073.933169,True,False,no_target
65.21793,67,1074.364706,True,False,no_target
93.82658,63,1074.898213,True,False,no_target
139.97984,61,1076.25093,True,False,no_target
82.417625,65,1077.044595,True,False,no_target
60.190475,64,1077.314146,True,False,no_target
59.767166,65,1077.533734,True,False,no_target
94.419106,58,1077.756934,True,False,no_target
141.2255,60,1077.829486,True,False,no_target
133.6565,66,1078.009332,True,False,no_target
92.35939,54,1078.113899,True,False,no_target
125.76028,63,1078.288665,True,False,no_target
-347.4029,37,1078.837635,False,True,no_target
60.668316,64,1079.272361,True,False,no_target
-336.65036,28,1079.730985,False,True,no_target
134.39658,58,1080.9795,True,False,no_target
87.26223,58,1081.224635,True,False,no_target
-0.931388,63,1081.663611,True,False,no_target
139.87613,59,1081.663611,True,False,no_target
134.7305,58,1081.720799,True,False,no_target
138.18022,59,1081.975579,True,False,no_target
138.51247,65,1082.224828,True,False,no_target
108.774605,60,1082.658236,True,False,no_target
84.83084,61,1083.273047,True,False,no_target
74.55719,67,1083.96656,True,False,no_target
59.34527,61,1084.970347,True,False,no_target
103.23619,57,1084.970347,True,False,no_target
137.85966,59,1085.662841,True,False,no_target
96.638916,62,1085.860028,True,False,no_target
98.12348,59,1086.018235,True,False,no_target
72.55863,66,1086.227037,True,False,no_target
60.174885,63,1086.570822,True,False,no_target
-354.47864,28,1086.893685,False,True,no_target
139.20723,62,1086.893685,True,False,no_target
119.46307,63,1087.512388,True,False,no_target
99.71357,67,1088.741658,True,False,no_target
49.147385,65,1089.574092,True,False,no_target
91.93511,59,1089.964973,True,False,no_target
59.706104,59,1090.170335,True,False,no_target
52.12362,62,1090.453241,True,False,no_target
139.07051,60,1090.511557,True,False,no_target
141.44666,61,1090.830635,True,False,no_target
61.262547,59,1091.004176,True,False,no_target
139.87251,60,1091.093961,True,False,no_target
109.50523,61,1091.976484,True,False,no_target
128.43904,63,1093.258207,True,False,no_target
141.29395,62,1094.011047,True,False,no_target
86.804184,60,1094.179035,True,False,no_target
139.01361,61,1094.434072,True,False,no_target
92.2469,59,1094.675194,True,False,no_target
58.160435,63,1094.868,True,False,no_target
112.003006,59,1095.25502,True,False,no_target
48.572613,63,1095.25502,True,False,no_target
26.279978,61,1095.31576,True,False,no_target
140.54634,60,1095.833516,True,False,no_target
105.38767,61,1096.807033,True,False,no_target
102.59287,59,1097.321268,True,False,no_target
136.49297,58,1097.379062,True,False,no_target
142.30536,61,1097.827953,True,False,no_target
26.077995,61,1098.168309,True,False,no_target
87.36058,64,1098.514674,True,False,no_target
84.31136,59,1098.637294,True,False,no_target
142.2833,61,1098.821398,True,False,no_target
143.51244,66,1099.057625,True,False,no_target
138.3692,58,1099.237662,True,False,no_target
-353.5923,24,1099.578096,False,True,no_target
90.83473,60,1105.037463,True,False,no_target
85.86579,62,1105.682096,True,False,no_target
142.60526,63,1105.785659,True,False,no_target
51.10977,65,1106.321816,True,False,no_target
63.9125,61,1106.72463,True,False,no_target
140.58334,60,1106.824063,True,False,no_target
107.098206,61,1107.083179,True,False,no_target
80.744865,65,1107.585978,True,False,no_target
108.24178,63,1107.649976,True,False,no_target
108.40343,60,1107.837734,True,False,no_target
57.847977,66,1109.10779,True,False,no_target
141.0688,60,1109.387677,True,False,no_target
144.60382,63,1109.682758,True,False,no_target
-334.24194,41,1110.147246,False,True,no_target
86.967735,62,1110.306739,True,False,no_target
-365.77386,40,1110.387998,False,True,no_target
109.76797,61,1110.767741,True,False,no_target
138.90828,65,1111.000654,True,False,no_target
80.513855,61,1111.078885,True,False,no_target
95.0805,66,1112.112453,True,False,no_target
55.428043,61,1113.967626,True,False,no_target
80.65332,66,1113.967626,True,False,no_target
28.394213,62,1114.422637,True,False,no_target
100.01455,58,1114.742602,True,False,no_target
90.22227,61,1114.82723,True,False,no_target
30.039509,65,1115.407992,True,False,no_target
85.646355,61,1115.535977,True,False,no_target
110.50462,61,1115.963212,True,False,no_target
141.31746,64,1116.097797,True,False,no_target
91.24757,63,1117.135304,True,False,no_target
-343.97415,29,1118.065737,False,True,no_target
87.86696,57,1118.234321,True,False,no_target
140.50684,63,1118.545992,True,False,no_target
94.22319,57,1118.831997,True,False,no_target
94.67927,58,1118.945513,True,False,no_target
104.51771,65,1119.065718,True,False,no_target
110.989296,59,1119.488638,True,False,no_target
84.65572,63,1119.648776,True,False,no_target
146.43626,62,1119.862573,True,False,no_target
141.86282,61,1120.680717,True,False,no_target
142.85265,64,1121.777063,True,False,no_target
90.18317,61,1121.777063,True,False,no_target
65.41574,62,1122.213829,True,False,no_target
132.90909,59,1122.573818,True,False,no_target
126.277725,64,1122.731527,True,False,no_target
78.9246,64,1122.927013,True,False,no_target
117.27212,59,1123.533613,True,False,no_target
136.48634,62,1123.533613,True,False,no_target
49.551537,65,1124.70065,True,False,no_target
102.76331,65,1125.882834,True,False,no_target
106.97647,63,1126.972904,True,False,no_target
6.0167027,63,1126.972904,True,False,no_target
103.78569,59,1127.222156,True,False,no_target
114.11862,59,1127.719911,True,False,no_target
86.314926,62,1127.781141,True,False,no_target
102.88048,64,1127.858461,True,False,no_target
75.1671,60,1128.190241,True,False,no_target
88.886635,62,1128.325524,True,False,no_target
98.41495,60,1128.764916,True,False,no_target
143.36876,62,1129.66438,True,False,no_target
56.171352,60,1130.472707,True,False,no_target
136.93515,58,1130.526505,True,False,no_target
140.96745,65,1130.751029,True,False,no_target
63.08122,63,1131.336753,True,False,no_target
71.64656,61,1131.336753,True,False,no_target
144.98347,65,1131.514855,True,False,no_target
84.35641,59,1131.588179,True,False,no_target
-340.87076,23,1131.894368,False,True,no_target
143.44025,65,1132.072193,True,False,no_target
88.21218,62,1132.369471,True,False,no_target
-349.01,42,1133.085519,False,True,no_target
19.29412,63,1133.494862,True,False,no_target
69.9384,64,1134.822086,True,False,no_target
66.254135,58,1135.185805,True,False,no_target
139.24815,64,1135.368976,True,False,no_target
62.18939,64,1135.368976,True,False,no_target
61.523415,61,1135.702088,True,False,no_target
40.790234,69,1135.875483,True,False,no_target
33.171516,62,1135.940276,True,False,no_target
120.12639,61,1136.923407,True,False,no_target
52.865074,59,1137.130491,True,False,no_target
67.229324,79,1137.256624,True,False,no_target
106.29019,60,1141.517125,True,False,no_target
80.773575,60,1141.714864,True,False,no_target
55.771336,64,1142.011045,True,False,no_target
122.13499,64,1142.011045,True,False,no_target
81.28606,57,1142.232383,True,False,no_target
134.7312,67,1142.558122,True,False,no_target
100.34741,65,1142.609734,True,False,no_target
41.8441,65,1143.49552,True,False,no_target
139.03188,62,1143.546,True,False,no_target
-333.3733,28,1143.702764,False,True,no_target
92.236984,63,1143.702764,True,False,no_target
140.2078,60,1144.529046,True,False,no_target
66.15896,59,1144.84241,True,False,no_target
142.00871,60,1145.318104,True,False,no_target
85.78408,62,1145.457097,True,False,no_target
74.17299,63,1146.012705,True,False,no_target
143.0604,64,1146.131679,True,False,no_target
-331.7066,28,1146.206685,False,True,no_target
104.1346,60,1146.885189,True,False,no_target
75.458244,62,1147.071991,True,False,no_target
135.7215,61,1147.186602,True,False,no_target
76.28918,62,1147.249358,True,False,no_target
-348.69788,19,1148.163284,False,True,no_target
141.97224,62,1148.521414,True,False,no_target
-359.735,43,1148.691286,False,True,no_target
61.802975,60,1148.997422,True,False,no_target
135.4585,62,1148.997422,True,False,no_target
-384.39804,38,1149.17647,False,True,no_target
88.43241,60,1149.78596,True,False,no_target
46.824017,66,1149.960168,True,False,no_target
77.9339,57,1150.590818,True,False,no_target
140.74136,61,1150.880173,True,False,no_target
-358.9375,36,1151.150947,False,True,no_target
38.11866,63,1151.952925,True,False,no_target
52.07322,62,1152.182439,True,False,no_target
96.26996,54,1152.355171,True,False,no_target
141.36642,62,1152.355171,True,False,no_target
65.192245,60,1152.525807,True,False,no_target
140.59909,60,1153.32955,True,False,no_target
71.87855,64,1153.384119,True,False,no_target
81.23319,60,1154.096832,True,False,no_target
135.31567,66,1154.147827,True,False,no_target
102.56737,59,1154.259924,True,False,no_target
99.77002,57,1154.884005,True,False,no_target
24.281128,59,1155.215465,True,False,no_target
138.05244,59,1155.376756,True,False,no_target
133.21265,58,1155.477044,True,False,no_target
99.981316,65,1155.695221,True,False,no_target
142.36243,63,1156.606501,True,False,no_target
106.61814,67,1156.890211,True,False,no_target
-384.03873,33,1157.186518,False,True,no_target
136.03825,61,1157.419568,True,False,no_target
109.81223,60,1157.419568,True,False,no_target
57.675865,60,1157.543099,True,False,no_target
101.83186,61,1158.240845,True,False,no_target
-375.62567,29,1158.240845,False,True,no_target
86.82179,59,1158.707754,True,False,no_target
117.19623,65,1158.771096,True,False,no_target
97.185135,65,1159.240034,True,False,no_target
101.51288,60,1160.091896,True,False,no_target
93.096634,61,1160.410521,True,False,no_target
141.70406,59,1160.511532,True,False,no_target
84.705315,60,1160.56199,True,False,no_target
137.8229,61,1160.721144,True,False,no_target
-387.58673,54,1161.042445,False,True,no_target
93.24962,59,1161.310299,True,False,no_target
79.1357,59,1161.793181,True,False,no_target
113.79917,60,1161.793181,True,False,no_target
143.61443,63,1162.45459,True,False,no_target
139.09822,60,1163.183017,True,False,no_target
80.73995,56,1163.409731,True,False,no_target
100.16625,56,1163.470436,True,False,no_target
-375.52563,52,1163.759632,False,True,no_target
29.065474,67,1163.93487,True,False,no_target
142.82303,62,1163.987812,True,False,no_target
86.77737,59,1164.402995,True,False,no_target
77.89279,57,1164.820999,True,False,no_target
70.63705,63,1165.142771,True,False,no_target
107.83714,60,1165.643682,True,False,no_target
97.390205,59,1166.493124,True,False,no_target
90.970314,65,1166.605582,True,False,no_target
97.847534,65,1166.87791,True,False,no_target
94.30797,61,1166.935961,True,False,no_target
101.209236,63,1167.177712,True,False,no_target
95.63153,63,1167.244929,True,False,no_target
94.887505,57,1167.349685,True,False,no_target
80.29583,61,1167.966735,True,False,no_target
45.34946,65,1168.498987,True,False,no_target
135.42929,59,1168.702155,True,False,no_target
85.59589,55,1172.522635,True,False,no_target
146.01392,62,1172.522635,True,False,no_target
73.801216,63,1172.683573,True,False,no_target
67.115616,57,1172.683573,True,False,no_target
68.86087,57,1173.175929,True,False,no_target
134.40106,64,1173.420359,True,False,no_target
100.643456,65,1173.522787,True,False,no_target
93.808464,61,1174.029749,True,False,no_target
-323.9555,18,1174.128405,False,True,no_target
69.95616,59,1174.430832,True,False,no_target
98.48235,61,1174.707148,True,False,no_target
105.05807,58,1175.685012,True,False,no_target
140.13289,64,1175.841127,True,False,no_target
108.79435,63,1175.955379,True,False,no_target
66.13385,67,1176.025672,True,False,no_target
139.50777,60,1176.622412,True,False,no_target
88.928024,64,1176.752559,True,False,no_target
106.30946,61,1177.311157,True,False,no_target
139.83423,65,1177.681466,True,False,no_target
29.362202,56,1177.879273,True,False,no_target
101.12006,62,1177.879273,True,False,no_target
-375.82547,45,1178.652205,False,True,no_target
-354.0429,50,1178.769378,False,True,no_target
137.28241,59,1179.6227,True,False,no_target
56.590485,62,1179.866512,True,False,no_target
139.48659,62,1180.459393,True,False,no_target
56.15562,66,1180.808508,True,False,no_target
93.31121,61,1181.036621,True,False,no_target
136.7856,63,1181.50662,True,False,no_target
59.074516,64,1181.733942,True,False,no_target
107.263084,66,1181.847389,True,False,no_target
109.78967,64,1182.427599,True,False,no_target
74.162575,64,1182.556849,True,False,no_target
82.306526,61,1183.245733,True,False,no_target
143.91986,62,1183.5586,True,False,no_target
138.83604,61,1184.133102,True,False,no_target
-323.54767,28,1184.20415,False,True,no_target
64.73193,60,1184.466246,True,False,no_target
76.19006,63,1184.869817,True,False,no_target
98.105804,61,1185.222912,True,False,no_target
78.45008,64,1185.670782,True,False,no_target
144.40576,63,1185.748338,True,False,no_target
100.46135,63,1186.597472,True,False,no_target
16.368528,58,1187.008793,True,False,no_target
141.40915,62,1187.596912,True,False,no_target
-329.02005,34,1188.073342,False,True,no_target
139.25197,61,1188.146052,True,False,no_target
146.94597,63,1188.341983,True,False,no_target
112.1478,60,1188.403358,True,False,no_target
63.33157,62,1188.960324,True,False,no_target
37.959133,64,1189.471127,True,False,no_target
44.903244,58,1189.534137,True,False,no_target
99.6791,61,1190.504364,True,False,no_target
83.37612,62,1190.938968,True,False,no_target
145.92029,63,1191.522958,True,False,no_target
138.9689,61,1191.868773,True,False,no_target
63.15582,65,1192.041203,True,False,no_target
137.53275,60,1192.041203,True,False,no_target
39.966007,65,1192.307697,True,False,no_target
104.468506,57,1192.445739,True,False,no_target
142.04938,60,1193.140748,True,False,no_target
89.66045,60,1193.208004,True,False,no_target
66.2103,60,1194.268926,True,False,no_target
82.074684,63,1194.949334,True,False,no_target
-375.4606,44,1195.210886,False,True,no_target
104.43565,64,1195.673374,True,False,no_target
143.70552,61,1195.881081,True,False,no_target
59.796043,60,1196.009542,True,False,no_target
142.88492,66,1196.385196,True,False,no_target
41.72824,69,1196.984757,True,False,no_target
43.70595,60,1197.171803,True,False,no_target
41.267323,63,1197.319778,True,False,no_target
77.72365,56,1197.908437,True,False,no_target
146.12561,63,1198.935008,True,False,no_target
-320.34274,48,1199.369023,False,True,no_target
65.7558,67,1199.437923,True,False,no_target
50.19524,63,1199.631289,True,False,no_target
133.19872,60,1199.753686,True,False,no_target
82.57574,63,1199.820957,True,False,no_target
88.50895,58,1200.612368,True,False,no_target
45.682117,57,1200.748606,True,False,no_target
136.92818,60,1201.078438,True,False,no_target
58.82501,65,1202.079635,True,False,no_target
-325.81436,35,1202.936604,False,True,no_target
144.4838,63,1203.067641,True,False,no_target
91.681465,58,1207.533521,True,False,no_target
100.85376,59,1207.814419,True,False,no_target
110.20364,61,1207.814419,True,False,no_target
20.533562,59,1207.857617,True,False,no_target
-416.0237,75,1208.360974,False,True,no_target
108.98038,63,1208.732305,True,False,no_target
57.114925,63,1208.967339,True,False,no_target
143.02632,61,1209.73278,True,False,no_target
83.70109,60,1210.493466,True,False,no_target
-345.03897,39,1210.56542,False,True,no_target
93.80256,62,1210.751092,True,False,no_target
75.66552,61,1210.812365,True,False,no_target
72.38193,61,1211.244412,True,False,no_target
142.47424,60,1211.244412,True,False,no_target
65.42049,63,1211.37312,True,False,no_target
-367.9168,41,1211.499928,False,True,no_target
112.05552,61,1212.356626,True,False,no_target
-341.3261,37,1213.344192,False,True,no_target
27.876179,63,1213.469805,True,False,no_target
73.387886,59,1213.98479,True,False,no_target
83.71629,61,1214.046338,True,False,no_target
84.29462,63,1214.457391,True,False,no_target
96.11351,67,1214.630631,True,False,no_target
131.4692,58,1214.691921,True,False,no_target
135.04892,59,1214.890265,True,False,no_target
81.29004,66,1215.083565,True,False,no_target
107.295235,64,1216.215561,True,False,no_target
68.83869,61,1217.180347,True,False,no_target
139.4618,60,1217.241889,True,False,no_target
128.35408,58,1217.731424,True,False,no_target
78.5568,61,1217.872331,True,False,no_target
98.21464,63,1218.465182,True,False,no_target
23.464972,62,1218.574181,True,False,no_target
103.412605,62,1218.649801,True,False,no_target
52.636738,61,1218.7735,True,False,no_target
118.21413,60,1218.90875,True,False,no_target
141.08977,62,1220.054139,True,False,no_target
-352.4277,25,1220.118497,False,True,no_target
67.506966,59,1220.818562,True,False,no_target
77.78191,64,1221.209929,True,False,no_target
50.37135,59,1221.40683,True,False,no_target
66.95109,68,1222.055906,True,False,no_target
94.63694,56,1222.236271,True,False,no_target
87.35904,61,1222.236271,True,False,no_target
77.6761,62,1222.46107,True,False,no_target
140.246,61,1222.632077,True,False,no_target
30.349602,58,1223.578145,True,False,no_target
63.182743,61,1223.686172,True,False,no_target
87.75431,63,1224.525898,True,False,no_target
138.32568,62,1224.800032,True,False,no_target
141.73924,62,1224.973279,True,False,no_target
132.79558,58,1225.552685,True,False,no_target
137.7169,61,1225.712014,True,False,no_target
110.31862,61,1225.950812,True,False,no_target
22.513493,69,1226.009955,True,False,no_target
142.1928,61,1226.124684,True,False,no_target
98.770966,61,1227.137741,True,False,no_target
-8.726678,64,1227.207414,True,False,no_target
-338.89572,22,1227.319295,False,True,no_target
70.21484,59,1227.7498,True,False,no_target
98.79046,63,1228.175492,True,False,no_target
145.45343,65,1228.415951,True,False,no_target
142.3728,62,1228.757161,True,False,no_target
142.7067,62,1229.166654,True,False,no_target
57.721622,71,1229.383749,True,False,no_target
102.838196,68,1229.432695,True,False,no_target
140.85913,59,1230.080108,True,False,no_target
110.44038,61,1230.24287,True,False,no_target
41.4189,66,1230.5933,True,False,no_target
56.150963,63,1230.897215,True,False,no_target
3.086057,64,1231.405409,True,False,no_target
139.55879,61,1231.509515,True,False,no_target
80.742,62,1231.930202,True,False,no_target
138.03424,61,1232.312344,True,False,no_target
47.153152,60,1232.493187,True,False,no_target
-377.2019,44,1232.552415,False,True,no_target
142.00667,60,1232.552415,True,False,no_target
106.578896,60,1233.283894,True,False,no_target
138.60768,59,1233.799832,True,False,no_target
70.24612,59,1234.177513,True,False,no_target
-405.87827,54,1234.590781,False,True,no_target
62.608067,56,1234.590781,True,False,no_target
101.62022,58,1235.684739,True,False,no_target
48.675735,68,1235.871434,True,False,no_target
56.64424,66,1236.372833,True,False,no_target
8.803638,67,1236.454208,True,False,no_target
-3.4517455,68,1236.454208,True,False,no_target
124.96342,59,1239.568189,True,False,no_target
88.882355,58,1239.908989,True,False,no_target
38.769005,65,1240.62682,True,False,no_target
65.24728,61,1240.796741,True,False,no_target
99.630745,61,1240.796741,True,False,no_target
144.2508,63,1241.970019,True,False,no_target
5.204661,61,1242.041465,True,False,no_target
106.621376,59,1242.412492,True,False,no_target
142.4432,64,1242.749527,True,False,no_target
91.698814,61,1242.860824,True,False,no_target
40.755806,67,1242.931548,True,False,no_target
109.15784,59,1243.203348,True,False,no_target
-342.152,38,1244.124597,False,True,no_target
52.936527,66,1244.315918,True,False,no_target
-13.132502,63,1244.315918,True,False,no_target
48.23141,63,1244.315918,True,False,no_target
113.463554,64,1245.588937,True,False,no_target
73.30101,60,1245.832742,True,False,no_target
54.04334,57,1246.009435,True,False,no_target
90.239655,59,1246.278295,True,False,no_target
138.87639,61,1246.33128,True,False,no_target
101.360954,61,1246.653224,True,False,no_target
140.16605,60,1247.587745,True,False,no_target
109.484634,60,1247.587745,True,False,no_target
99.84708,64,1247.651684,True,False,no_target
-432.90933,75,1248.410048,False,True,no_target
99.84792,61,1248.860906,True,False,no_target
73.35393,64,1249.242656,True,False,no_target
93.03653,63,1249.356766,True,False,no_target
134.43741,58,1249.427395,True,False,no_target
137.24057,61,1249.542228,True,False,no_target
135.6481,59,1249.829487,True,False,no_target
-319.78748,23,1250.631125,False,True,no_target
70.880356,61,1250.947657,True,False,no_target
72.25264,64,1251.03973,True,False,no_target
76.50846,66,1251.139956,True,False,no_target
133.85901,59,1251.538791,True,False,no_target
145.0922,63,1252.09112,True,False,no_target
76.20602,61,1252.455266,True,False,no_target
99.12525,64,1252.506519,True,False,no_target
136.16974,60,1252.568424,True,False,no_target
137.34494,64,1253.006784,True,False,no_target
143.42183,60,1253.644617,True,False,no_target
71.03099,63,1254.111807,True,False,no_target
103.83472,61,1254.208971,True,False,no_target
58.041096,64,1254.265459,True,False,no_target
91.12255,69,1254.996661,True,False,no_target
79.28901,60,1255.148729,True,False,no_target
101.58187,63,1255.689037,True,False,no_target
108.36626,62,1255.689037,True,False,no_target
143.50125,63,1255.820888,True,False,no_target
15.101059,69,1256.701159,True,False,no_target
89.387924,63,1257.032321,True,False,no_target
47.90457,60,1257.371007,True,False,no_target
-355.65894,40,1257.418693,False,True,no_target
102.127205,59,1257.418693,True,False,no_target
144.57448,63,1257.662056,True,False,no_target
-369.62598,41,1257.965999,False,True,no_target
81.00187,59,1258.197275,True,False,no_target
61.392166,66,1259.161588,True,False,no_target
26.08262,67,1259.315989,True,False,no_target
131.14195,60,1260.024869,True,False,no_target
86.09716,68,1260.137136,True,False,no_target
71.087,63,1260.495394,True,False,no_target
67.56022,65,1260.650322,True,False,no_target
142.38403,65,1260.650322,True,False,no_target
143.92943,63,1260.81452,True,False,no_target
88.12633,61,1261.021183,True,False,no_target
105.83914,63,1261.364969,True,False,no_target
81.12819,57,1262.114509,True,False,no_target
70.74128,64,1262.674072,True,False,no_target
103.68078,63,1263.554832,True,False,no_target
131.66414,69,1263.78236,True,False,no_target
107.19316,63,1263.942281,True,False,no_target
140.4755,63,1264.099194,True,False,no_target
53.13666,67,1264.324797,True,False,no_target
74.91125,66,1264.42809,True,False,no_target
95.64571,63,1264.49162,True,False,no_target
12.223763,62,1264.815074,True,False,no_target
102.12781,55,1265.181688,True,False,no_target
93.55925,61,1266.106676,True,False,no_target
87.48052,60,1270.308635,True,False,no_target
137.01764,60,1270.442132,True,False,no_target
84.37862,59,1270.511315,True,False,no_target
-342.59686,25,1270.674689,False,True,no_target
85.8838,61,1270.674689,True,False,no_target
101.96111,62,1270.972594,True,False,no_target
85.62496,69,1271.142517,True,False,no_target
-6.2161508,70,1271.298205,True,False,no_target
114.75661,60,1271.503598,True,False,no_target
