Using cpu device
Logging to C:\Users\hntran\OneDrive - University of Tasmania\Documents\PhD\asv-path-replanning\asv-lidar\static_dynamic_obstacles\runs\tensorboard\ppo_formulation_seed1_v12_1
[CURRICULUM] t=0 -> scenario stage 1
---------------------------------
| rollout/           |          |
|    ep_len_mean     | 52.4     |
|    ep_rew_mean     | -284     |
| time/              |          |
|    fps             | 217      |
|    iterations      | 1        |
|    time_elapsed    | 23       |
|    total_timesteps | 5120     |
---------------------------------
------------------------------------------
| rollout/                |              |
|    ep_len_mean          | 52.3         |
|    ep_rew_mean          | -247         |
| time/                   |              |
|    fps                  | 212          |
|    iterations           | 2            |
|    time_elapsed         | 48           |
|    total_timesteps      | 10240        |
| train/                  |              |
|    approx_kl            | 0.0027252757 |
|    clip_fraction        | 0.0105       |
|    clip_range           | 0.2          |
|    entropy_loss         | -2.82        |
|    explained_variance   | -0.015       |
|    learning_rate        | 0.0003       |
|    loss                 | 0.947        |
|    n_updates            | 10           |
|    policy_gradient_loss | -0.00343     |
|    std                  | 0.988        |
|    value_loss           | 2.88         |
------------------------------------------
-----------------------------------------
| rollout/                |             |
|    ep_len_mean          | 54.2        |
|    ep_rew_mean          | -182        |
| time/                   |             |
|    fps                  | 213         |
|    iterations           | 3           |
|    time_elapsed         | 72          |
|    total_timesteps      | 15360       |
| train/                  |             |
|    approx_kl            | 0.008673733 |
|    clip_fraction        | 0.0776      |
|    clip_range           | 0.2         |
|    entropy_loss         | -2.81       |
|    explained_variance   | 0.676       |
|    learning_rate        | 0.0003      |
|    loss                 | 0.42        |
|    n_updates            | 20          |
|    policy_gradient_loss | -0.0101     |
|    std                  | 0.986       |
|    value_loss           | 1.07        |
-----------------------------------------
----------------------------------------
| rollout/                |            |
|    ep_len_mean          | 54.9       |
|    ep_rew_mean          | -169       |
| time/                   |            |
|    fps                  | 209        |
|    iterations           | 4          |
|    time_elapsed         | 97         |
|    total_timesteps      | 20480      |
| train/                  |            |
|    approx_kl            | 0.00733039 |
|    clip_fraction        | 0.0736     |
|    clip_range           | 0.2        |
|    entropy_loss         | -2.8       |
|    explained_variance   | 0.765      |
|    learning_rate        | 0.0003     |
|    loss                 | 0.492      |
|    n_updates            | 30         |
|    policy_gradient_loss | -0.00896   |
|    std                  | 0.981      |
|    value_loss           | 0.922      |
----------------------------------------
-----------------------------------------
| rollout/                |             |
|    ep_len_mean          | 58.9        |
|    ep_rew_mean          | -47.9       |
| time/                   |             |
|    fps                  | 208         |
|    iterations           | 5           |
|    time_elapsed         | 122         |
|    total_timesteps      | 25600       |
| train/                  |             |
|    approx_kl            | 0.008799836 |
|    clip_fraction        | 0.104       |
|    clip_range           | 0.2         |
|    entropy_loss         | -2.79       |
|    explained_variance   | 0.726       |
|    learning_rate        | 0.0003      |
|    loss                 | 0.388       |
|    n_updates            | 40          |
|    policy_gradient_loss | -0.0123     |
|    std                  | 0.974       |
|    value_loss           | 1.15        |
-----------------------------------------
-----------------------------------------
| rollout/                |             |
|    ep_len_mean          | 56.1        |
|    ep_rew_mean          | -23.6       |
| time/                   |             |
|    fps                  | 208         |
|    iterations           | 6           |
|    time_elapsed         | 147         |
|    total_timesteps      | 30720       |
| train/                  |             |
|    approx_kl            | 0.009276538 |
|    clip_fraction        | 0.0922      |
|    clip_range           | 0.2         |
|    entropy_loss         | -2.78       |
|    explained_variance   | 0.778       |
|    learning_rate        | 0.0003      |
|    loss                 | 0.369       |
|    n_updates            | 50          |
|    policy_gradient_loss | -0.0113     |
|    std                  | 0.973       |
|    value_loss           | 0.755       |
-----------------------------------------
---------------------------------------
| rollout/                |           |
|    ep_len_mean          | 59.1      |
|    ep_rew_mean          | 27.2      |
| time/                   |           |
|    fps                  | 207       |
|    iterations           | 7         |
|    time_elapsed         | 172       |
|    total_timesteps      | 35840     |
| train/                  |           |
|    approx_kl            | 0.0057734 |
|    clip_fraction        | 0.0616    |
|    clip_range           | 0.2       |
|    entropy_loss         | -2.78     |
|    explained_variance   | 0.733     |
|    learning_rate        | 0.0003    |
|    loss                 | 0.183     |
|    n_updates            | 60        |
|    policy_gradient_loss | -0.0101   |
|    std                  | 0.974     |
|    value_loss           | 0.765     |
---------------------------------------
-----------------------------------------
| rollout/                |             |
|    ep_len_mean          | 61.3        |
|    ep_rew_mean          | 38.5        |
| time/                   |             |
|    fps                  | 207         |
|    iterations           | 8           |
|    time_elapsed         | 197         |
|    total_timesteps      | 40960       |
| train/                  |             |
|    approx_kl            | 0.006103974 |
|    clip_fraction        | 0.0818      |
|    clip_range           | 0.2         |
|    entropy_loss         | -2.78       |
|    explained_variance   | 0.735       |
|    learning_rate        | 0.0003      |
|    loss                 | 0.313       |
|    n_updates            | 70          |
|    policy_gradient_loss | -0.0134     |
|    std                  | 0.965       |
|    value_loss           | 0.666       |
-----------------------------------------
-----------------------------------------
| rollout/                |             |
|    ep_len_mean          | 59.7        |
|    ep_rew_mean          | 43          |
| time/                   |             |
|    fps                  | 206         |
|    iterations           | 9           |
|    time_elapsed         | 223         |
|    total_timesteps      | 46080       |
| train/                  |             |
|    approx_kl            | 0.009050196 |
|    clip_fraction        | 0.0886      |
|    clip_range           | 0.2         |
|    entropy_loss         | -2.75       |
|    explained_variance   | 0.742       |
|    learning_rate        | 0.0003      |
|    loss                 | 0.155       |
|    n_updates            | 80          |
|    policy_gradient_loss | -0.0122     |
|    std                  | 0.952       |
|    value_loss           | 0.478       |
-----------------------------------------
-----------------------------------------
| rollout/                |             |
|    ep_len_mean          | 57.6        |
|    ep_rew_mean          | 38.6        |
| time/                   |             |
|    fps                  | 205         |
|    iterations           | 10          |
|    time_elapsed         | 248         |
|    total_timesteps      | 51200       |
| train/                  |             |
|    approx_kl            | 0.008138771 |
|    clip_fraction        | 0.0921      |
|    clip_range           | 0.2         |
|    entropy_loss         | -2.74       |
|    explained_variance   | 0.688       |
|    learning_rate        | 0.0003      |
|    loss                 | 0.344       |
|    n_updates            | 90          |
|    policy_gradient_loss | -0.00929    |
|    std                  | 0.949       |
|    value_loss           | 0.608       |
-----------------------------------------
-----------------------------------------
| rollout/                |             |
|    ep_len_mean          | 58.9        |
|    ep_rew_mean          | 51.8        |
| time/                   |             |
|    fps                  | 204         |
|    iterations           | 11          |
|    time_elapsed         | 274         |
|    total_timesteps      | 56320       |
| train/                  |             |
|    approx_kl            | 0.008912899 |
|    clip_fraction        | 0.0764      |
|    clip_range           | 0.2         |
|    entropy_loss         | -2.74       |
|    explained_variance   | 0.706       |
|    learning_rate        | 0.0003      |
|    loss                 | 0.246       |
|    n_updates            | 100         |
|    policy_gradient_loss | -0.00998    |
|    std                  | 0.953       |
|    value_loss           | 0.654       |
-----------------------------------------
-----------------------------------------
| rollout/                |             |
|    ep_len_mean          | 60.7        |
|    ep_rew_mean          | 68.3        |
| time/                   |             |
|    fps                  | 204         |
|    iterations           | 12          |
|    time_elapsed         | 300         |
|    total_timesteps      | 61440       |
| train/                  |             |
|    approx_kl            | 0.008236628 |
|    clip_fraction        | 0.106       |
|    clip_range           | 0.2         |
|    entropy_loss         | -2.74       |
|    explained_variance   | 0.774       |
|    learning_rate        | 0.0003      |
|    loss                 | 0.0582      |
|    n_updates            | 110         |
|    policy_gradient_loss | -0.0117     |
|    std                  | 0.947       |
|    value_loss           | 0.413       |
-----------------------------------------
-----------------------------------------
| rollout/                |             |
|    ep_len_mean          | 60.5        |
|    ep_rew_mean          | 97          |
| time/                   |             |
|    fps                  | 204         |
|    iterations           | 13          |
|    time_elapsed         | 325         |
|    total_timesteps      | 66560       |
| train/                  |             |
|    approx_kl            | 0.008939621 |
|    clip_fraction        | 0.0854      |
|    clip_range           | 0.2         |
|    entropy_loss         | -2.73       |
|    explained_variance   | 0.743       |
|    learning_rate        | 0.0003      |
|    loss                 | 0.141       |
|    n_updates            | 120         |
|    policy_gradient_loss | -0.0104     |
|    std                  | 0.944       |
|    value_loss           | 0.323       |
-----------------------------------------
-----------------------------------------
| rollout/                |             |
|    ep_len_mean          | 59.6        |
|    ep_rew_mean          | 103         |
| time/                   |             |
|    fps                  | 204         |
|    iterations           | 14          |
|    time_elapsed         | 349         |
|    total_timesteps      | 71680       |
| train/                  |             |
|    approx_kl            | 0.012461962 |
|    clip_fraction        | 0.113       |
|    clip_range           | 0.2         |
|    entropy_loss         | -2.69       |
|    explained_variance   | 0.864       |
|    learning_rate        | 0.0003      |
|    loss                 | -0.0172     |
|    n_updates            | 130         |
|    policy_gradient_loss | -0.012      |
|    std                  | 0.913       |
|    value_loss           | 0.033       |
-----------------------------------------
-----------------------------------------
| rollout/                |             |
|    ep_len_mean          | 61.4        |
|    ep_rew_mean          | 104         |
| time/                   |             |
|    fps                  | 204         |
|    iterations           | 15          |
|    time_elapsed         | 375         |
|    total_timesteps      | 76800       |
| train/                  |             |
|    approx_kl            | 0.010973481 |
|    clip_fraction        | 0.13        |
|    clip_range           | 0.2         |
|    entropy_loss         | -2.64       |
|    explained_variance   | 0.871       |
|    learning_rate        | 0.0003      |
|    loss                 | -0.0076     |
|    n_updates            | 140         |
|    policy_gradient_loss | -0.0144     |
|    std                  | 0.905       |
|    value_loss           | 0.0761      |
-----------------------------------------
----------------------------------------
| rollout/                |            |
|    ep_len_mean          | 61.8       |
|    ep_rew_mean          | 96.5       |
| time/                   |            |
|    fps                  | 204        |
|    iterations           | 16         |
|    time_elapsed         | 400        |
|    total_timesteps      | 81920      |
| train/                  |            |
|    approx_kl            | 0.01118728 |
|    clip_fraction        | 0.14       |
|    clip_range           | 0.2        |
|    entropy_loss         | -2.63      |
|    explained_variance   | 0.953      |
|    learning_rate        | 0.0003     |
|    loss                 | -0.0149    |
|    n_updates            | 150        |
|    policy_gradient_loss | -0.0157    |
|    std                  | 0.894      |
|    value_loss           | 0.0254     |
----------------------------------------
----------------------------------------
| rollout/                |            |
|    ep_len_mean          | 58.9       |
|    ep_rew_mean          | 87.9       |
| time/                   |            |
|    fps                  | 204        |
|    iterations           | 17         |
|    time_elapsed         | 426        |
|    total_timesteps      | 87040      |
| train/                  |            |
|    approx_kl            | 0.01890189 |
|    clip_fraction        | 0.152      |
|    clip_range           | 0.2        |
|    entropy_loss         | -2.62      |
|    explained_variance   | 0.764      |
|    learning_rate        | 0.0003     |
|    loss                 | 0.122      |
|    n_updates            | 160        |
|    policy_gradient_loss | -0.00787   |
|    std                  | 0.899      |
|    value_loss           | 0.161      |
----------------------------------------
-----------------------------------------
| rollout/                |             |
|    ep_len_mean          | 59          |
|    ep_rew_mean          | 103         |
| time/                   |             |
|    fps                  | 204         |
|    iterations           | 18          |
|    time_elapsed         | 451         |
|    total_timesteps      | 92160       |
| train/                  |             |
|    approx_kl            | 0.008152114 |
|    clip_fraction        | 0.142       |
|    clip_range           | 0.2         |
|    entropy_loss         | -2.62       |
|    explained_variance   | 0.683       |
|    learning_rate        | 0.0003      |
|    loss                 | 0.0243      |
|    n_updates            | 170         |
|    policy_gradient_loss | -0.00897    |
|    std                  | 0.897       |
|    value_loss           | 0.277       |
-----------------------------------------
-----------------------------------------
| rollout/                |             |
|    ep_len_mean          | 59.8        |
|    ep_rew_mean          | 99.7        |
| time/                   |             |
|    fps                  | 204         |
|    iterations           | 19          |
|    time_elapsed         | 476         |
|    total_timesteps      | 97280       |
| train/                  |             |
|    approx_kl            | 0.008974142 |
|    clip_fraction        | 0.117       |
|    clip_range           | 0.2         |
|    entropy_loss         | -2.62       |
|    explained_variance   | 0.9         |
|    learning_rate        | 0.0003      |
|    loss                 | 0.000121    |
|    n_updates            | 180         |
|    policy_gradient_loss | -0.0135     |
|    std                  | 0.898       |
|    value_loss           | 0.0757      |
-----------------------------------------
-----------------------------------------
| rollout/                |             |
|    ep_len_mean          | 60.9        |
|    ep_rew_mean          | 104         |
| time/                   |             |
|    fps                  | 203         |
|    iterations           | 20          |
|    time_elapsed         | 504         |
|    total_timesteps      | 102400      |
| train/                  |             |
|    approx_kl            | 0.015105179 |
|    clip_fraction        | 0.139       |
|    clip_range           | 0.2         |
|    entropy_loss         | -2.62       |
|    explained_variance   | 0.817       |
|    learning_rate        | 0.0003      |
|    loss                 | 0.0497      |
|    n_updates            | 190         |
|    policy_gradient_loss | -0.00753    |
|    std                  | 0.893       |
|    value_loss           | 0.149       |
-----------------------------------------
-----------------------------------------
| rollout/                |             |
|    ep_len_mean          | 59.1        |
|    ep_rew_mean          | 102         |
| time/                   |             |
|    fps                  | 203         |
|    iterations           | 21          |
|    time_elapsed         | 528         |
|    total_timesteps      | 107520      |
| train/                  |             |
|    approx_kl            | 0.013041588 |
|    clip_fraction        | 0.132       |
|    clip_range           | 0.2         |
|    entropy_loss         | -2.61       |
|    explained_variance   | 0.916       |
|    learning_rate        | 0.0003      |
|    loss                 | -0.0106     |
|    n_updates            | 200         |
|    policy_gradient_loss | -0.0158     |
|    std                  | 0.891       |
|    value_loss           | 0.0679      |
-----------------------------------------
-----------------------------------------
| rollout/                |             |
|    ep_len_mean          | 60.4        |
|    ep_rew_mean          | 107         |
| time/                   |             |
|    fps                  | 203         |
|    iterations           | 22          |
|    time_elapsed         | 554         |
|    total_timesteps      | 112640      |
| train/                  |             |
|    approx_kl            | 0.012747692 |
|    clip_fraction        | 0.122       |
|    clip_range           | 0.2         |
|    entropy_loss         | -2.6        |
|    explained_variance   | 0.919       |
|    learning_rate        | 0.0003      |
|    loss                 | -0.00817    |
|    n_updates            | 210         |
|    policy_gradient_loss | -0.0143     |
|    std                  | 0.882       |
|    value_loss           | 0.0888      |
-----------------------------------------
-----------------------------------------
| rollout/                |             |
|    ep_len_mean          | 58.3        |
|    ep_rew_mean          | 94.3        |
| time/                   |             |
|    fps                  | 203         |
|    iterations           | 23          |
|    time_elapsed         | 579         |
|    total_timesteps      | 117760      |
| train/                  |             |
|    approx_kl            | 0.016189191 |
|    clip_fraction        | 0.175       |
|    clip_range           | 0.2         |
|    entropy_loss         | -2.58       |
|    explained_variance   | 0.884       |
|    learning_rate        | 0.0003      |
|    loss                 | 0.00765     |
|    n_updates            | 220         |
|    policy_gradient_loss | -0.00924    |
|    std                  | 0.879       |
|    value_loss           | 0.0539      |
-----------------------------------------
-----------------------------------------
| rollout/                |             |
|    ep_len_mean          | 59.2        |
|    ep_rew_mean          | 107         |
| time/                   |             |
|    fps                  | 203         |
|    iterations           | 24          |
|    time_elapsed         | 603         |
|    total_timesteps      | 122880      |
| train/                  |             |
|    approx_kl            | 0.012249807 |
|    clip_fraction        | 0.124       |
|    clip_range           | 0.2         |
|    entropy_loss         | -2.58       |
|    explained_variance   | 0.755       |
|    learning_rate        | 0.0003      |
|    loss                 | 0.0456      |
|    n_updates            | 230         |
|    policy_gradient_loss | -0.0131     |
|    std                  | 0.882       |
|    value_loss           | 0.257       |
-----------------------------------------
-----------------------------------------
| rollout/                |             |
|    ep_len_mean          | 59.5        |
|    ep_rew_mean          | 114         |
| time/                   |             |
|    fps                  | 204         |
|    iterations           | 25          |
|    time_elapsed         | 627         |
|    total_timesteps      | 128000      |
| train/                  |             |
|    approx_kl            | 0.010869319 |
|    clip_fraction        | 0.138       |
|    clip_range           | 0.2         |
|    entropy_loss         | -2.57       |
|    explained_variance   | 0.937       |
|    learning_rate        | 0.0003      |
|    loss                 | -0.0154     |
|    n_updates            | 240         |
|    policy_gradient_loss | -0.0148     |
|    std                  | 0.865       |
|    value_loss           | 0.0268      |
-----------------------------------------
-----------------------------------------
| rollout/                |             |
|    ep_len_mean          | 60.1        |
|    ep_rew_mean          | 104         |
| time/                   |             |
|    fps                  | 204         |
|    iterations           | 26          |
|    time_elapsed         | 651         |
|    total_timesteps      | 133120      |
| train/                  |             |
|    approx_kl            | 0.010306223 |
|    clip_fraction        | 0.163       |
|    clip_range           | 0.2         |
|    entropy_loss         | -2.53       |
|    explained_variance   | 0.977       |
|    learning_rate        | 0.0003      |
|    loss                 | -0.0204     |
|    n_updates            | 250         |
|    policy_gradient_loss | -0.0175     |
|    std                  | 0.854       |
|    value_loss           | 0.0215      |
-----------------------------------------
-----------------------------------------
| rollout/                |             |
|    ep_len_mean          | 60.3        |
|    ep_rew_mean          | 99.5        |
| time/                   |             |
|    fps                  | 204         |
|    iterations           | 27          |
|    time_elapsed         | 676         |
|    total_timesteps      | 138240      |
| train/                  |             |
|    approx_kl            | 0.011819891 |
|    clip_fraction        | 0.145       |
|    clip_range           | 0.2         |
|    entropy_loss         | -2.51       |
|    explained_variance   | 0.858       |
|    learning_rate        | 0.0003      |
|    loss                 | 0.00753     |
|    n_updates            | 260         |
|    policy_gradient_loss | -0.0144     |
|    std                  | 0.848       |
|    value_loss           | 0.152       |
-----------------------------------------
Early stopping at step 2 due to reaching max kl: 0.06
-----------------------------------------
| rollout/                |             |
|    ep_len_mean          | 62.8        |
|    ep_rew_mean          | 108         |
| time/                   |             |
|    fps                  | 204         |
|    iterations           | 28          |
|    time_elapsed         | 700         |
|    total_timesteps      | 143360      |
| train/                  |             |
|    approx_kl            | 0.020262813 |
|    clip_fraction        | 0.141       |
|    clip_range           | 0.2         |
|    entropy_loss         | -2.51       |
|    explained_variance   | 0.813       |
|    learning_rate        | 0.0003      |
|    loss                 | 0.0664      |
|    n_updates            | 263         |
|    policy_gradient_loss | 0.00105     |
|    std                  | 0.847       |
|    value_loss           | 0.211       |
-----------------------------------------
-----------------------------------------
| rollout/                |             |
|    ep_len_mean          | 62          |
|    ep_rew_mean          | 109         |
| time/                   |             |
|    fps                  | 204         |
|    iterations           | 29          |
|    time_elapsed         | 727         |
|    total_timesteps      | 148480      |
| train/                  |             |
|    approx_kl            | 0.011951236 |
|    clip_fraction        | 0.156       |
|    clip_range           | 0.2         |
|    entropy_loss         | -2.49       |
|    explained_variance   | 0.948       |
|    learning_rate        | 0.0003      |
|    loss                 | -0.0091     |
|    n_updates            | 273         |
|    policy_gradient_loss | -0.0149     |
|    std                  | 0.833       |
|    value_loss           | 0.0306      |
-----------------------------------------
-----------------------------------------
| rollout/                |             |
|    ep_len_mean          | 62.1        |
|    ep_rew_mean          | 116         |
| time/                   |             |
|    fps                  | 203         |
|    iterations           | 30          |
|    time_elapsed         | 756         |
|    total_timesteps      | 153600      |
| train/                  |             |
|    approx_kl            | 0.010455364 |
|    clip_fraction        | 0.177       |
|    clip_range           | 0.2         |
|    entropy_loss         | -2.46       |
|    explained_variance   | 0.829       |
|    learning_rate        | 0.0003      |
|    loss                 | 0.0122      |
|    n_updates            | 283         |
|    policy_gradient_loss | -0.00981    |
|    std                  | 0.826       |
|    value_loss           | 0.142       |
-----------------------------------------
-----------------------------------------
| rollout/                |             |
|    ep_len_mean          | 61.7        |
|    ep_rew_mean          | 114         |
| time/                   |             |
|    fps                  | 203         |
|    iterations           | 31          |
|    time_elapsed         | 781         |
|    total_timesteps      | 158720      |
| train/                  |             |
|    approx_kl            | 0.013333688 |
|    clip_fraction        | 0.154       |
|    clip_range           | 0.2         |
|    entropy_loss         | -2.45       |
|    explained_variance   | 0.968       |
|    learning_rate        | 0.0003      |
|    loss                 | -0.0111     |
|    n_updates            | 293         |
|    policy_gradient_loss | -0.0161     |
|    std                  | 0.819       |
|    value_loss           | 0.0267      |
-----------------------------------------
[CURRICULUM] t=160,000 -> scenario stage 2
-----------------------------------------
| rollout/                |             |
|    ep_len_mean          | 61.1        |
|    ep_rew_mean          | 76.7        |
| time/                   |             |
|    fps                  | 202         |
|    iterations           | 32          |
|    time_elapsed         | 809         |
|    total_timesteps      | 163840      |
| train/                  |             |
|    approx_kl            | 0.012254189 |
|    clip_fraction        | 0.202       |
|    clip_range           | 0.2         |
|    entropy_loss         | -2.44       |
|    explained_variance   | 0.93        |
|    learning_rate        | 0.0003      |
|    loss                 | 0.113       |
|    n_updates            | 303         |
|    policy_gradient_loss | -0.00997    |
|    std                  | 0.819       |
|    value_loss           | 0.0894      |
-----------------------------------------
-----------------------------------------
| rollout/                |             |
|    ep_len_mean          | 63          |
|    ep_rew_mean          | 84.7        |
| time/                   |             |
|    fps                  | 201         |
|    iterations           | 33          |
|    time_elapsed         | 837         |
|    total_timesteps      | 168960      |
| train/                  |             |
|    approx_kl            | 0.011841402 |
|    clip_fraction        | 0.15        |
|    clip_range           | 0.2         |
|    entropy_loss         | -2.44       |
|    explained_variance   | 0.813       |
|    learning_rate        | 0.0003      |
|    loss                 | 0.0479      |
|    n_updates            | 313         |
|    policy_gradient_loss | -0.0147     |
|    std                  | 0.819       |
|    value_loss           | 0.405       |
-----------------------------------------
-----------------------------------------
| rollout/                |             |
|    ep_len_mean          | 62.1        |
|    ep_rew_mean          | 54.7        |
| time/                   |             |
|    fps                  | 200         |
|    iterations           | 34          |
|    time_elapsed         | 867         |
|    total_timesteps      | 174080      |
| train/                  |             |
|    approx_kl            | 0.015459692 |
|    clip_fraction        | 0.171       |
|    clip_range           | 0.2         |
|    entropy_loss         | -2.43       |
|    explained_variance   | 0.91        |
|    learning_rate        | 0.0003      |
|    loss                 | 0.00291     |
|    n_updates            | 323         |
|    policy_gradient_loss | -0.0179     |
|    std                  | 0.808       |
|    value_loss           | 0.0922      |
-----------------------------------------
Early stopping at step 0 due to reaching max kl: 0.05
-----------------------------------------
| rollout/                |             |
|    ep_len_mean          | 62          |
|    ep_rew_mean          | 78.2        |
| time/                   |             |
|    fps                  | 200         |
|    iterations           | 35          |
|    time_elapsed         | 895         |
|    total_timesteps      | 179200      |
| train/                  |             |
|    approx_kl            | 0.020829424 |
|    clip_fraction        | 0.233       |
|    clip_range           | 0.2         |
|    entropy_loss         | -2.41       |
|    explained_variance   | 0.715       |
|    learning_rate        | 0.0003      |
|    loss                 | 0.264       |
|    n_updates            | 324         |
|    policy_gradient_loss | 0.0108      |
|    std                  | 0.808       |
|    value_loss           | 0.94        |
-----------------------------------------
-----------------------------------------
| rollout/                |             |
|    ep_len_mean          | 61.4        |
|    ep_rew_mean          | 79.9        |
| time/                   |             |
|    fps                  | 199         |
|    iterations           | 36          |
|    time_elapsed         | 924         |
|    total_timesteps      | 184320      |
| train/                  |             |
|    approx_kl            | 0.016037187 |
|    clip_fraction        | 0.151       |
|    clip_range           | 0.2         |
|    entropy_loss         | -2.4        |
|    explained_variance   | 0.822       |
|    learning_rate        | 0.0003      |
|    loss                 | 0.0628      |
|    n_updates            | 334         |
|    policy_gradient_loss | -0.0144     |
|    std                  | 0.803       |
|    value_loss           | 0.225       |
-----------------------------------------
-----------------------------------------
| rollout/                |             |
|    ep_len_mean          | 61.7        |
|    ep_rew_mean          | 60.4        |
| time/                   |             |
|    fps                  | 198         |
|    iterations           | 37          |
|    time_elapsed         | 954         |
|    total_timesteps      | 189440      |
| train/                  |             |
|    approx_kl            | 0.013487731 |
|    clip_fraction        | 0.182       |
|    clip_range           | 0.2         |
|    entropy_loss         | -2.39       |
|    explained_variance   | 0.875       |
|    learning_rate        | 0.0003      |
|    loss                 | 0.0436      |
|    n_updates            | 344         |
|    policy_gradient_loss | -0.0151     |
|    std                  | 0.799       |
|    value_loss           | 0.2         |
-----------------------------------------
-----------------------------------------
| rollout/                |             |
|    ep_len_mean          | 60.1        |
|    ep_rew_mean          | 53.9        |
| time/                   |             |
|    fps                  | 197         |
|    iterations           | 38          |
|    time_elapsed         | 984         |
|    total_timesteps      | 194560      |
| train/                  |             |
|    approx_kl            | 0.017699886 |
|    clip_fraction        | 0.167       |
|    clip_range           | 0.2         |
|    entropy_loss         | -2.39       |
|    explained_variance   | 0.777       |
|    learning_rate        | 0.0003      |
|    loss                 | 0.265       |
|    n_updates            | 354         |
|    policy_gradient_loss | -0.0167     |
|    std                  | 0.797       |
|    value_loss           | 0.447       |
-----------------------------------------
-----------------------------------------
| rollout/                |             |
|    ep_len_mean          | 60.3        |
|    ep_rew_mean          | 84.3        |
| time/                   |             |
|    fps                  | 197         |
|    iterations           | 39          |
|    time_elapsed         | 1012        |
|    total_timesteps      | 199680      |
| train/                  |             |
|    approx_kl            | 0.017965093 |
|    clip_fraction        | 0.149       |
|    clip_range           | 0.2         |
|    entropy_loss         | -2.38       |
|    explained_variance   | 0.828       |
|    learning_rate        | 0.0003      |
|    loss                 | 0.101       |
|    n_updates            | 364         |
|    policy_gradient_loss | -0.0161     |
|    std                  | 0.793       |
|    value_loss           | 0.349       |
-----------------------------------------
[EVAL] t=200,000 supervisor off goal 0.73 collision 0.27 timeout 0.00 return -39.6 colregs -30.2 intervention 0.00 (94.6 s)
[EVAL] t=200,000 supervisor on goal 0.73 collision 0.27 timeout 0.00 return -37.9 colregs -29.7 intervention 0.01 (87.0 s)
-------------------------------------------------
| eval_supervisor_off/            |             |
|    being_overtaken/collision    | 0.35        |
|    being_overtaken/colregs      | -34.8       |
|    being_overtaken/goal         | 0.65        |
|    being_overtaken/intervention | 0           |
|    collision_boundary           | 0.075       |
|    collision_obstacle           | 0.00833     |
|    collision_rate               | 0.267       |
|    collision_target             | 0.183       |
|    crossing/collision           | 0.85        |
|    crossing/colregs             | -42.5       |
|    crossing/goal                | 0.15        |
|    crossing/intervention        | 0           |
|    episodes                     | 120         |
|    estops_per_episode           | 0           |
|    eval_wall_s                  | 94.6        |
|    goal_rate                    | 0.733       |
|    head_on/collision            | 0.1         |
|    head_on/colregs              | -22.7       |
|    head_on/goal                 | 0.9         |
|    head_on/intervention         | 0           |
|    intervention_rate            | 0           |
|    mean_colregs_integral        | -30.2       |
|    mean_return                  | -39.6       |
|    no_target/collision          | 0.15        |
|    no_target/colregs            | 0           |
|    no_target/goal               | 0.85        |
|    no_target/intervention       | 0           |
|    null/collision               | 0.05        |
|    null/colregs                 | -2.52       |
|    null/goal                    | 0.95        |
|    null/intervention            | 0           |
|    overtaking/collision         | 0.1         |
|    overtaking/colregs           | -78.5       |
|    overtaking/goal              | 0.9         |
|    overtaking/intervention      | 0           |
|    timeout_rate                 | 0           |
|    timesteps                    | 200000      |
| eval_supervisor_on/             |             |
|    being_overtaken/collision    | 0.35        |
|    being_overtaken/colregs      | -34.8       |
|    being_overtaken/goal         | 0.65        |
|    being_overtaken/intervention | 0           |
|    collision_boundary           | 0.0833      |
|    collision_obstacle           | 0.00833     |
|    collision_rate               | 0.267       |
|    collision_target             | 0.175       |
|    crossing/collision           | 0.85        |
|    crossing/colregs             | -42.5       |
|    crossing/goal                | 0.15        |
|    crossing/intervention        | 0           |
|    episodes                     | 120         |
|    estops_per_episode           | 0.00833     |
|    eval_wall_s                  | 87          |
|    goal_rate                    | 0.733       |
|    head_on/collision            | 0.1         |
|    head_on/colregs              | -22.7       |
|    head_on/goal                 | 0.9         |
|    head_on/intervention         | 0           |
|    intervention_rate            | 0.00833     |
|    mean_colregs_integral        | -29.7       |
|    mean_return                  | -37.9       |
|    no_target/collision          | 0.15        |
|    no_target/colregs            | 0           |
|    no_target/goal               | 0.85        |
|    no_target/intervention       | 0           |
|    null/collision               | 0.05        |
|    null/colregs                 | -2.52       |
|    null/goal                    | 0.95        |
|    null/intervention            | 0           |
|    overtaking/collision         | 0.1         |
|    overtaking/colregs           | -75.9       |
|    overtaking/goal              | 0.9         |
|    overtaking/intervention      | 0.05        |
|    timeout_rate                 | 0           |
|    timesteps                    | 200000      |
| rollout/                        |             |
|    ep_len_mean                  | 60.2        |
|    ep_rew_mean                  | 57.6        |
| time/                           |             |
|    fps                          | 167         |
|    iterations                   | 40          |
|    time_elapsed                 | 1224        |
|    total_timesteps              | 204800      |
| train/                          |             |
|    approx_kl                    | 0.015701825 |
|    clip_fraction                | 0.161       |
|    clip_range                   | 0.2         |
|    entropy_loss                 | -2.37       |
|    explained_variance           | 0.883       |
|    learning_rate                | 0.0003      |
|    loss                         | 0.0172      |
|    n_updates                    | 374         |
|    policy_gradient_loss         | -0.0153     |
|    std                          | 0.787       |
|    value_loss                   | 0.208       |
-------------------------------------------------
-----------------------------------------
| rollout/                |             |
|    ep_len_mean          | 57.3        |
|    ep_rew_mean          | 25.9        |
| time/                   |             |
|    fps                  | 167         |
|    iterations           | 41          |
|    time_elapsed         | 1253        |
|    total_timesteps      | 209920      |
| train/                  |             |
|    approx_kl            | 0.011730434 |
|    clip_fraction        | 0.156       |
|    clip_range           | 0.2         |
|    entropy_loss         | -2.36       |
|    explained_variance   | 0.782       |
|    learning_rate        | 0.0003      |
|    loss                 | 0.132       |
|    n_updates            | 384         |
|    policy_gradient_loss | -0.0131     |
|    std                  | 0.785       |
|    value_loss           | 0.461       |
-----------------------------------------
----------------------------------------
| rollout/                |            |
|    ep_len_mean          | 58.8       |
|    ep_rew_mean          | 52.2       |
| time/                   |            |
|    fps                  | 167        |
|    iterations           | 42         |
|    time_elapsed         | 1282       |
|    total_timesteps      | 215040     |
| train/                  |            |
|    approx_kl            | 0.01457181 |
|    clip_fraction        | 0.12       |
|    clip_range           | 0.2        |
|    entropy_loss         | -2.35      |
|    explained_variance   | 0.825      |
|    learning_rate        | 0.0003     |
|    loss                 | 0.0946     |
|    n_updates            | 394        |
|    policy_gradient_loss | -0.0188    |
|    std                  | 0.784      |
|    value_loss           | 0.388      |
----------------------------------------
----------------------------------------
| rollout/                |            |
|    ep_len_mean          | 59.5       |
|    ep_rew_mean          | 60.8       |
| time/                   |            |
|    fps                  | 167        |
|    iterations           | 43         |
|    time_elapsed         | 1311       |
|    total_timesteps      | 220160     |
| train/                  |            |
|    approx_kl            | 0.01516245 |
|    clip_fraction        | 0.172      |
|    clip_range           | 0.2        |
|    entropy_loss         | -2.35      |
|    explained_variance   | 0.842      |
|    learning_rate        | 0.0003     |
|    loss                 | 0.106      |
|    n_updates            | 404        |
|    policy_gradient_loss | -0.0154    |
|    std                  | 0.781      |
|    value_loss           | 0.386      |
----------------------------------------
-----------------------------------------
| rollout/                |             |
|    ep_len_mean          | 61.6        |
|    ep_rew_mean          | 91          |
| time/                   |             |
|    fps                  | 168         |
|    iterations           | 44          |
|    time_elapsed         | 1339        |
|    total_timesteps      | 225280      |
| train/                  |             |
|    approx_kl            | 0.014562197 |
|    clip_fraction        | 0.165       |
|    clip_range           | 0.2         |
|    entropy_loss         | -2.34       |
|    explained_variance   | 0.87        |
|    learning_rate        | 0.0003      |
|    loss                 | 0.0259      |
|    n_updates            | 414         |
|    policy_gradient_loss | -0.0154     |
|    std                  | 0.776       |
|    value_loss           | 0.251       |
-----------------------------------------
-----------------------------------------
| rollout/                |             |
|    ep_len_mean          | 61.7        |
|    ep_rew_mean          | 74.4        |
| time/                   |             |
|    fps                  | 168         |
|    iterations           | 45          |
|    time_elapsed         | 1368        |
|    total_timesteps      | 230400      |
| train/                  |             |
|    approx_kl            | 0.018865751 |
|    clip_fraction        | 0.164       |
|    clip_range           | 0.2         |
|    entropy_loss         | -2.33       |
|    explained_variance   | 0.913       |
|    learning_rate        | 0.0003      |
|    loss                 | 0.0166      |
|    n_updates            | 424         |
|    policy_gradient_loss | -0.0201     |
|    std                  | 0.772       |
|    value_loss           | 0.0933      |
-----------------------------------------
-----------------------------------------
| rollout/                |             |
|    ep_len_mean          | 61.7        |
|    ep_rew_mean          | 72.2        |
| time/                   |             |
|    fps                  | 168         |
|    iterations           | 46          |
|    time_elapsed         | 1397        |
|    total_timesteps      | 235520      |
| train/                  |             |
|    approx_kl            | 0.018903147 |
|    clip_fraction        | 0.197       |
|    clip_range           | 0.2         |
|    entropy_loss         | -2.32       |
|    explained_variance   | 0.835       |
|    learning_rate        | 0.0003      |
|    loss                 | 0.0272      |
|    n_updates            | 434         |
|    policy_gradient_loss | -0.0156     |
|    std                  | 0.768       |
|    value_loss           | 0.317       |
-----------------------------------------
-----------------------------------------
| rollout/                |             |
|    ep_len_mean          | 60.7        |
|    ep_rew_mean          | 62.7        |
| time/                   |             |
|    fps                  | 168         |
|    iterations           | 47          |
|    time_elapsed         | 1427        |
|    total_timesteps      | 240640      |
| train/                  |             |
|    approx_kl            | 0.020107351 |
|    clip_fraction        | 0.194       |
|    clip_range           | 0.2         |
|    entropy_loss         | -2.31       |
|    explained_variance   | 0.851       |
|    learning_rate        | 0.0003      |
|    loss                 | 0.0199      |
|    n_updates            | 444         |
|    policy_gradient_loss | -0.012      |
|    std                  | 0.768       |
|    value_loss           | 0.138       |
-----------------------------------------
-----------------------------------------
| rollout/                |             |
|    ep_len_mean          | 59.9        |
|    ep_rew_mean          | 64.2        |
| time/                   |             |
|    fps                  | 168         |
|    iterations           | 48          |
|    time_elapsed         | 1458        |
|    total_timesteps      | 245760      |
| train/                  |             |
|    approx_kl            | 0.022259261 |
|    clip_fraction        | 0.174       |
|    clip_range           | 0.2         |
|    entropy_loss         | -2.31       |
|    explained_variance   | 0.854       |
|    learning_rate        | 0.0003      |
|    loss                 | 0.0138      |
|    n_updates            | 454         |
|    policy_gradient_loss | -0.0125     |
|    std                  | 0.766       |
|    value_loss           | 0.137       |
-----------------------------------------
-----------------------------------------
| rollout/                |             |
|    ep_len_mean          | 58.8        |
|    ep_rew_mean          | 65.9        |
| time/                   |             |
|    fps                  | 168         |
|    iterations           | 49          |
|    time_elapsed         | 1488        |
|    total_timesteps      | 250880      |
| train/                  |             |
|    approx_kl            | 0.017739145 |
|    clip_fraction        | 0.159       |
|    clip_range           | 0.2         |
|    entropy_loss         | -2.3        |
|    explained_variance   | 0.874       |
|    learning_rate        | 0.0003      |
|    loss                 | 0.0141      |
|    n_updates            | 464         |
|    policy_gradient_loss | -0.0155     |
|    std                  | 0.764       |
|    value_loss           | 0.206       |
-----------------------------------------
-----------------------------------------
| rollout/                |             |
|    ep_len_mean          | 57.8        |
|    ep_rew_mean          | 42.4        |
| time/                   |             |
|    fps                  | 168         |
|    iterations           | 50          |
|    time_elapsed         | 1516        |
|    total_timesteps      | 256000      |
| train/                  |             |
|    approx_kl            | 0.015455447 |
|    clip_fraction        | 0.194       |
|    clip_range           | 0.2         |
|    entropy_loss         | -2.3        |
|    explained_variance   | 0.864       |
|    learning_rate        | 0.0003      |
|    loss                 | 0.0453      |
|    n_updates            | 474         |
|    policy_gradient_loss | -0.0124     |
|    std                  | 0.763       |
|    value_loss           | 0.271       |
-----------------------------------------
-----------------------------------------
| rollout/                |             |
|    ep_len_mean          | 59.5        |
|    ep_rew_mean          | 65.8        |
| time/                   |             |
|    fps                  | 168         |
|    iterations           | 51          |
|    time_elapsed         | 1545        |
|    total_timesteps      | 261120      |
| train/                  |             |
|    approx_kl            | 0.012697525 |
|    clip_fraction        | 0.149       |
|    clip_range           | 0.2         |
|    entropy_loss         | -2.3        |
|    explained_variance   | 0.839       |
|    learning_rate        | 0.0003      |
|    loss                 | 0.117       |
|    n_updates            | 484         |
|    policy_gradient_loss | -0.0147     |
|    std                  | 0.761       |
|    value_loss           | 0.485       |
-----------------------------------------
-----------------------------------------
| rollout/                |             |
|    ep_len_mean          | 58          |
|    ep_rew_mean          | 53.3        |
| time/                   |             |
|    fps                  | 168         |
|    iterations           | 52          |
|    time_elapsed         | 1575        |
|    total_timesteps      | 266240      |
| train/                  |             |
|    approx_kl            | 0.020688253 |
|    clip_fraction        | 0.211       |
|    clip_range           | 0.2         |
|    entropy_loss         | -2.28       |
|    explained_variance   | 0.861       |
|    learning_rate        | 0.0003      |
|    loss                 | 0.00919     |
|    n_updates            | 494         |
|    policy_gradient_loss | -0.012      |
|    std                  | 0.755       |
|    value_loss           | 0.175       |
-----------------------------------------
-----------------------------------------
| rollout/                |             |
|    ep_len_mean          | 59.5        |
|    ep_rew_mean          | 74.3        |
| time/                   |             |
|    fps                  | 169         |
|    iterations           | 53          |
|    time_elapsed         | 1605        |
|    total_timesteps      | 271360      |
| train/                  |             |
|    approx_kl            | 0.016191073 |
|    clip_fraction        | 0.199       |
|    clip_range           | 0.2         |
|    entropy_loss         | -2.27       |
|    explained_variance   | 0.828       |
|    learning_rate        | 0.0003      |
|    loss                 | 0.135       |
|    n_updates            | 504         |
|    policy_gradient_loss | -0.0149     |
|    std                  | 0.752       |
|    value_loss           | 0.461       |
-----------------------------------------
-----------------------------------------
| rollout/                |             |
|    ep_len_mean          | 56.7        |
|    ep_rew_mean          | 48.7        |
| time/                   |             |
|    fps                  | 169         |
|    iterations           | 54          |
|    time_elapsed         | 1634        |
|    total_timesteps      | 276480      |
| train/                  |             |
|    approx_kl            | 0.025530363 |
|    clip_fraction        | 0.214       |
|    clip_range           | 0.2         |
|    entropy_loss         | -2.26       |
|    explained_variance   | 0.868       |
|    learning_rate        | 0.0003      |
|    loss                 | 0.002       |
|    n_updates            | 514         |
|    policy_gradient_loss | -0.0158     |
|    std                  | 0.745       |
|    value_loss           | 0.179       |
-----------------------------------------
-----------------------------------------
| rollout/                |             |
|    ep_len_mean          | 57.2        |
|    ep_rew_mean          | 39.3        |
| time/                   |             |
|    fps                  | 169         |
|    iterations           | 55          |
|    time_elapsed         | 1665        |
|    total_timesteps      | 281600      |
| train/                  |             |
|    approx_kl            | 0.019552803 |
|    clip_fraction        | 0.212       |
|    clip_range           | 0.2         |
|    entropy_loss         | -2.25       |
|    explained_variance   | 0.84        |
|    learning_rate        | 0.0003      |
|    loss                 | 0.102       |
|    n_updates            | 524         |
|    policy_gradient_loss | -0.0176     |
|    std                  | 0.743       |
|    value_loss           | 0.354       |
-----------------------------------------
-----------------------------------------
| rollout/                |             |
|    ep_len_mean          | 57.4        |
|    ep_rew_mean          | 55.4        |
| time/                   |             |
|    fps                  | 169         |
|    iterations           | 56          |
|    time_elapsed         | 1695        |
|    total_timesteps      | 286720      |
| train/                  |             |
|    approx_kl            | 0.015715024 |
|    clip_fraction        | 0.167       |
|    clip_range           | 0.2         |
|    entropy_loss         | -2.24       |
|    explained_variance   | 0.867       |
|    learning_rate        | 0.0003      |
|    loss                 | 0.0373      |
|    n_updates            | 534         |
|    policy_gradient_loss | -0.0132     |
|    std                  | 0.738       |
|    value_loss           | 0.32        |
-----------------------------------------
-----------------------------------------
| rollout/                |             |
|    ep_len_mean          | 56.6        |
|    ep_rew_mean          | 54.6        |
| time/                   |             |
|    fps                  | 169         |
|    iterations           | 57          |
|    time_elapsed         | 1725        |
|    total_timesteps      | 291840      |
| train/                  |             |
|    approx_kl            | 0.018889092 |
|    clip_fraction        | 0.174       |
|    clip_range           | 0.2         |
|    entropy_loss         | -2.22       |
|    explained_variance   | 0.846       |
|    learning_rate        | 0.0003      |
|    loss                 | 0.0839      |
|    n_updates            | 544         |
|    policy_gradient_loss | -0.017      |
|    std                  | 0.731       |
|    value_loss           | 0.314       |
-----------------------------------------
-----------------------------------------
| rollout/                |             |
|    ep_len_mean          | 57.6        |
|    ep_rew_mean          | 58.2        |
| time/                   |             |
|    fps                  | 169         |
|    iterations           | 58          |
|    time_elapsed         | 1755        |
|    total_timesteps      | 296960      |
| train/                  |             |
|    approx_kl            | 0.015568147 |
|    clip_fraction        | 0.197       |
|    clip_range           | 0.2         |
|    entropy_loss         | -2.21       |
|    explained_variance   | 0.844       |
|    learning_rate        | 0.0003      |
|    loss                 | 0.126       |
|    n_updates            | 554         |
|    policy_gradient_loss | -0.0163     |
|    std                  | 0.727       |
|    value_loss           | 0.375       |
-----------------------------------------
-----------------------------------------
| rollout/                |             |
|    ep_len_mean          | 55.3        |
|    ep_rew_mean          | 43.8        |
| time/                   |             |
|    fps                  | 169         |
|    iterations           | 59          |
|    time_elapsed         | 1784        |
|    total_timesteps      | 302080      |
| train/                  |             |
|    approx_kl            | 0.019146275 |
|    clip_fraction        | 0.18        |
|    clip_range           | 0.2         |
|    entropy_loss         | -2.19       |
|    explained_variance   | 0.807       |
|    learning_rate        | 0.0003      |
|    loss                 | 0.025       |
|    n_updates            | 564         |
|    policy_gradient_loss | -0.0159     |
|    std                  | 0.72        |
|    value_loss           | 0.358       |
-----------------------------------------
-----------------------------------------
| rollout/                |             |
|    ep_len_mean          | 57.3        |
|    ep_rew_mean          | 67.9        |
| time/                   |             |
|    fps                  | 169         |
|    iterations           | 60          |
|    time_elapsed         | 1814        |
|    total_timesteps      | 307200      |
| train/                  |             |
|    approx_kl            | 0.020429937 |
|    clip_fraction        | 0.164       |
|    clip_range           | 0.2         |
|    entropy_loss         | -2.18       |
|    explained_variance   | 0.885       |
|    learning_rate        | 0.0003      |
|    loss                 | 0.0301      |
|    n_updates            | 574         |
|    policy_gradient_loss | -0.0174     |
|    std                  | 0.716       |
|    value_loss           | 0.281       |
-----------------------------------------
---------------------------------------
| rollout/                |           |
|    ep_len_mean          | 57.5      |
|    ep_rew_mean          | 69.4      |
| time/                   |           |
|    fps                  | 169       |
|    iterations           | 61        |
|    time_elapsed         | 1843      |
|    total_timesteps      | 312320    |
| train/                  |           |
|    approx_kl            | 0.0198965 |
|    clip_fraction        | 0.201     |
|    clip_range           | 0.2       |
|    entropy_loss         | -2.16     |
|    explained_variance   | 0.851     |
|    learning_rate        | 0.0003    |
|    loss                 | 0.125     |
|    n_updates            | 584       |
|    policy_gradient_loss | -0.0195   |
|    std                  | 0.709     |
|    value_loss           | 0.236     |
---------------------------------------
-----------------------------------------
| rollout/                |             |
|    ep_len_mean          | 57.1        |
|    ep_rew_mean          | 44          |
| time/                   |             |
|    fps                  | 169         |
|    iterations           | 62          |
|    time_elapsed         | 1873        |
|    total_timesteps      | 317440      |
| train/                  |             |
|    approx_kl            | 0.018786594 |
|    clip_fraction        | 0.188       |
|    clip_range           | 0.2         |
|    entropy_loss         | -2.13       |
|    explained_variance   | 0.901       |
|    learning_rate        | 0.0003      |
|    loss                 | 0.138       |
|    n_updates            | 594         |
|    policy_gradient_loss | -0.0168     |
|    std                  | 0.698       |
|    value_loss           | 0.202       |
-----------------------------------------
Early stopping at step 0 due to reaching max kl: 0.05
-----------------------------------------
| rollout/                |             |
|    ep_len_mean          | 60.4        |
|    ep_rew_mean          | 85.1        |
| time/                   |             |
|    fps                  | 169         |
|    iterations           | 63          |
|    time_elapsed         | 1901        |
|    total_timesteps      | 322560      |
| train/                  |             |
|    approx_kl            | 0.022292217 |
|    clip_fraction        | 0.277       |
|    clip_range           | 0.2         |
|    entropy_loss         | -2.12       |
|    explained_variance   | 0.824       |
|    learning_rate        | 0.0003      |
|    loss                 | 0.491       |
|    n_updates            | 595         |
|    policy_gradient_loss | 0.0128      |
|    std                  | 0.698       |
|    value_loss           | 0.786       |
-----------------------------------------
-----------------------------------------
| rollout/                |             |
|    ep_len_mean          | 58.9        |
|    ep_rew_mean          | 63.2        |
| time/                   |             |
|    fps                  | 169         |
|    iterations           | 64          |
|    time_elapsed         | 1930        |
|    total_timesteps      | 327680      |
| train/                  |             |
|    approx_kl            | 0.025854697 |
|    clip_fraction        | 0.201       |
|    clip_range           | 0.2         |
|    entropy_loss         | -2.1        |
|    explained_variance   | 0.846       |
|    learning_rate        | 0.0003      |
|    loss                 | 0.000224    |
|    n_updates            | 605         |
|    policy_gradient_loss | -0.0136     |
|    std                  | 0.683       |
|    value_loss           | 0.0847      |
-----------------------------------------
-----------------------------------------
| rollout/                |             |
|    ep_len_mean          | 58.6        |
|    ep_rew_mean          | 68.2        |
| time/                   |             |
|    fps                  | 169         |
|    iterations           | 65          |
|    time_elapsed         | 1960        |
|    total_timesteps      | 332800      |
| train/                  |             |
|    approx_kl            | 0.018782843 |
|    clip_fraction        | 0.178       |
|    clip_range           | 0.2         |
|    entropy_loss         | -2.07       |
|    explained_variance   | 0.86        |
|    learning_rate        | 0.0003      |
|    loss                 | 0.0251      |
|    n_updates            | 615         |
|    policy_gradient_loss | -0.019      |
|    std                  | 0.68        |
|    value_loss           | 0.254       |
-----------------------------------------
-----------------------------------------
| rollout/                |             |
|    ep_len_mean          | 59.3        |
|    ep_rew_mean          | 60.4        |
| time/                   |             |
|    fps                  | 169         |
|    iterations           | 66          |
|    time_elapsed         | 1989        |
|    total_timesteps      | 337920      |
| train/                  |             |
|    approx_kl            | 0.018665545 |
|    clip_fraction        | 0.203       |
|    clip_range           | 0.2         |
|    entropy_loss         | -2.06       |
|    explained_variance   | 0.951       |
|    learning_rate        | 0.0003      |
|    loss                 | 0.0133      |
|    n_updates            | 625         |
|    policy_gradient_loss | -0.0197     |
|    std                  | 0.673       |
|    value_loss           | 0.0847      |
-----------------------------------------
-----------------------------------------
| rollout/                |             |
|    ep_len_mean          | 59.2        |
|    ep_rew_mean          | 67          |
| time/                   |             |
|    fps                  | 169         |
|    iterations           | 67          |
|    time_elapsed         | 2018        |
|    total_timesteps      | 343040      |
| train/                  |             |
|    approx_kl            | 0.019010367 |
|    clip_fraction        | 0.222       |
|    clip_range           | 0.2         |
|    entropy_loss         | -2.04       |
|    explained_variance   | 0.845       |
|    learning_rate        | 0.0003      |
|    loss                 | 0.0637      |
|    n_updates            | 635         |
|    policy_gradient_loss | -0.0111     |
|    std                  | 0.668       |
|    value_loss           | 0.265       |
-----------------------------------------
Early stopping at step 0 due to reaching max kl: 0.05
-----------------------------------------
| rollout/                |             |
|    ep_len_mean          | 56.6        |
|    ep_rew_mean          | 48.1        |
| time/                   |             |
|    fps                  | 170         |
|    iterations           | 68          |
|    time_elapsed         | 2047        |
|    total_timesteps      | 348160      |
| train/                  |             |
|    approx_kl            | 0.022840532 |
|    clip_fraction        | 0.26        |
|    clip_range           | 0.2         |
|    entropy_loss         | -2.03       |
|    explained_variance   | 0.828       |
|    learning_rate        | 0.0003      |
|    loss                 | 0.246       |
|    n_updates            | 636         |
|    policy_gradient_loss | 0.0111      |
|    std                  | 0.668       |
|    value_loss           | 0.443       |
-----------------------------------------
-----------------------------------------
| rollout/                |             |
|    ep_len_mean          | 55.8        |
|    ep_rew_mean          | 40.6        |
| time/                   |             |
|    fps                  | 170         |
|    iterations           | 69          |
|    time_elapsed         | 2077        |
|    total_timesteps      | 353280      |
| train/                  |             |
|    approx_kl            | 0.017228933 |
|    clip_fraction        | 0.169       |
|    clip_range           | 0.2         |
|    entropy_loss         | -2.03       |
|    explained_variance   | 0.898       |
|    learning_rate        | 0.0003      |
|    loss                 | 0.142       |
|    n_updates            | 646         |
|    policy_gradient_loss | -0.0185     |
|    std                  | 0.668       |
|    value_loss           | 0.271       |
-----------------------------------------
-----------------------------------------
| rollout/                |             |
|    ep_len_mean          | 57.2        |
|    ep_rew_mean          | 59.2        |
| time/                   |             |
|    fps                  | 170         |
|    iterations           | 70          |
|    time_elapsed         | 2106        |
|    total_timesteps      | 358400      |
| train/                  |             |
|    approx_kl            | 0.018262338 |
|    clip_fraction        | 0.178       |
|    clip_range           | 0.2         |
|    entropy_loss         | -2.02       |
|    explained_variance   | 0.865       |
|    learning_rate        | 0.0003      |
|    loss                 | 0.0586      |
|    n_updates            | 656         |
|    policy_gradient_loss | -0.0168     |
|    std                  | 0.661       |
|    value_loss           | 0.304       |
-----------------------------------------
[CURRICULUM] t=360,000 -> scenario stage 3
-----------------------------------------
| rollout/                |             |
|    ep_len_mean          | 46.4        |
|    ep_rew_mean          | -45.6       |
| time/                   |             |
|    fps                  | 167         |
|    iterations           | 71          |
|    time_elapsed         | 2176        |
|    total_timesteps      | 363520      |
| train/                  |             |
|    approx_kl            | 0.019506354 |
|    clip_fraction        | 0.212       |
|    clip_range           | 0.2         |
|    entropy_loss         | -2          |
|    explained_variance   | 0.844       |
|    learning_rate        | 0.0003      |
|    loss                 | 0.0445      |
|    n_updates            | 666         |
|    policy_gradient_loss | -0.0141     |
|    std                  | 0.655       |
|    value_loss           | 0.228       |
-----------------------------------------
Early stopping at step 2 due to reaching max kl: 0.05
-----------------------------------------
| rollout/                |             |
|    ep_len_mean          | 47.1        |
|    ep_rew_mean          | -52.8       |
| time/                   |             |
|    fps                  | 165         |
|    iterations           | 72          |
|    time_elapsed         | 2222        |
|    total_timesteps      | 368640      |
| train/                  |             |
|    approx_kl            | 0.032926016 |
|    clip_fraction        | 0.266       |
|    clip_range           | 0.2         |
|    entropy_loss         | -1.99       |
|    explained_variance   | 0.507       |
|    learning_rate        | 0.0003      |
|    loss                 | 0.887       |
|    n_updates            | 669         |
|    policy_gradient_loss | 0.00601     |
|    std                  | 0.654       |
|    value_loss           | 2.36        |
-----------------------------------------
-----------------------------------------
| rollout/                |             |
|    ep_len_mean          | 49.6        |
|    ep_rew_mean          | -21.4       |
| time/                   |             |
|    fps                  | 164         |
|    iterations           | 73          |
|    time_elapsed         | 2265        |
|    total_timesteps      | 373760      |
| train/                  |             |
|    approx_kl            | 0.018296013 |
|    clip_fraction        | 0.19        |
|    clip_range           | 0.2         |
|    entropy_loss         | -1.99       |
|    explained_variance   | 0.694       |
|    learning_rate        | 0.0003      |
|    loss                 | 0.544       |
|    n_updates            | 679         |
|    policy_gradient_loss | -0.0185     |
|    std                  | 0.652       |
|    value_loss           | 1.54        |
-----------------------------------------
Early stopping at step 9 due to reaching max kl: 0.05
---------------------------------------
| rollout/                |           |
|    ep_len_mean          | 47.3      |
|    ep_rew_mean          | -63.1     |
| time/                   |           |
|    fps                  | 163       |
|    iterations           | 74        |
|    time_elapsed         | 2317      |
|    total_timesteps      | 378880    |
| train/                  |           |
|    approx_kl            | 0.0336064 |
|    clip_fraction        | 0.225     |
|    clip_range           | 0.2       |
|    entropy_loss         | -1.98     |
|    explained_variance   | 0.778     |
|    learning_rate        | 0.0003    |
|    loss                 | 0.514     |
|    n_updates            | 689       |
|    policy_gradient_loss | -0.0198   |
|    std                  | 0.651     |
|    value_loss           | 1.15      |
---------------------------------------
-----------------------------------------
| rollout/                |             |
|    ep_len_mean          | 47          |
|    ep_rew_mean          | -51         |
| time/                   |             |
|    fps                  | 161         |
|    iterations           | 75          |
|    time_elapsed         | 2375        |
|    total_timesteps      | 384000      |
| train/                  |             |
|    approx_kl            | 0.019735005 |
|    clip_fraction        | 0.212       |
|    clip_range           | 0.2         |
|    entropy_loss         | -1.98       |
|    explained_variance   | 0.782       |
|    learning_rate        | 0.0003      |
|    loss                 | 0.535       |
|    n_updates            | 699         |
|    policy_gradient_loss | -0.018      |
|    std                  | 0.651       |
|    value_loss           | 1.36        |
-----------------------------------------
-----------------------------------------
| rollout/                |             |
|    ep_len_mean          | 46.6        |
|    ep_rew_mean          | -66.6       |
| time/                   |             |
|    fps                  | 160         |
|    iterations           | 76          |
|    time_elapsed         | 2431        |
|    total_timesteps      | 389120      |
| train/                  |             |
|    approx_kl            | 0.020451752 |
|    clip_fraction        | 0.188       |
|    clip_range           | 0.2         |
|    entropy_loss         | -1.98       |
|    explained_variance   | 0.83        |
|    learning_rate        | 0.0003      |
|    loss                 | 0.466       |
|    n_updates            | 709         |
|    policy_gradient_loss | -0.0218     |
|    std                  | 0.648       |
|    value_loss           | 1.1         |
-----------------------------------------
-----------------------------------------
| rollout/                |             |
|    ep_len_mean          | 46.5        |
|    ep_rew_mean          | -70.8       |
| time/                   |             |
|    fps                  | 158         |
|    iterations           | 77          |
|    time_elapsed         | 2483        |
|    total_timesteps      | 394240      |
| train/                  |             |
|    approx_kl            | 0.025175583 |
|    clip_fraction        | 0.212       |
|    clip_range           | 0.2         |
|    entropy_loss         | -1.96       |
|    explained_variance   | 0.765       |
|    learning_rate        | 0.0003      |
|    loss                 | 0.486       |
|    n_updates            | 719         |
|    policy_gradient_loss | -0.0211     |
|    std                  | 0.643       |
|    value_loss           | 1.34        |
-----------------------------------------
-----------------------------------------
| rollout/                |             |
|    ep_len_mean          | 47.8        |
|    ep_rew_mean          | -59.8       |
| time/                   |             |
|    fps                  | 156         |
|    iterations           | 78          |
|    time_elapsed         | 2546        |
|    total_timesteps      | 399360      |
| train/                  |             |
|    approx_kl            | 0.026601482 |
|    clip_fraction        | 0.207       |
|    clip_range           | 0.2         |
|    entropy_loss         | -1.96       |
|    explained_variance   | 0.794       |
|    learning_rate        | 0.0003      |
|    loss                 | 0.445       |
|    n_updates            | 729         |
|    policy_gradient_loss | -0.0216     |
|    std                  | 0.643       |
|    value_loss           | 1.29        |
-----------------------------------------
[EVAL] t=400,000 supervisor off goal 0.76 collision 0.24 timeout 0.00 return -31.7 colregs -30.1 intervention 0.00 (102.2 s)
[EVAL] t=400,000 supervisor on goal 0.75 collision 0.25 timeout 0.00 return -35.1 colregs -29.9 intervention 0.01 (92.3 s)
-------------------------------------------------
| eval_supervisor_off/            |             |
|    being_overtaken/collision    | 0.5         |
|    being_overtaken/colregs      | -37         |
|    being_overtaken/goal         | 0.5         |
|    being_overtaken/intervention | 0           |
|    collision_boundary           | 0.0417      |
|    collision_obstacle           | 0           |
|    collision_rate               | 0.242       |
|    collision_target             | 0.2         |
|    crossing/collision           | 0.7         |
|    crossing/colregs             | -36.6       |
|    crossing/goal                | 0.3         |
|    crossing/intervention        | 0           |
|    episodes                     | 120         |
|    estops_per_episode           | 0           |
|    eval_wall_s                  | 102         |
|    goal_rate                    | 0.758       |
|    head_on/collision            | 0.1         |
|    head_on/colregs              | -32         |
|    head_on/goal                 | 0.9         |
|    head_on/intervention         | 0           |
|    intervention_rate            | 0           |
|    mean_colregs_integral        | -30.1       |
|    mean_return                  | -31.7       |
|    no_target/collision          | 0.05        |
|    no_target/colregs            | 0           |
|    no_target/goal               | 0.95        |
|    no_target/intervention       | 0           |
|    null/collision               | 0           |
|    null/colregs                 | -2.35       |
|    null/goal                    | 1           |
|    null/intervention            | 0           |
|    overtaking/collision         | 0.1         |
|    overtaking/colregs           | -72.7       |
|    overtaking/goal              | 0.9         |
|    overtaking/intervention      | 0           |
|    timeout_rate                 | 0           |
|    timesteps                    | 400000      |
| eval_supervisor_on/             |             |
|    being_overtaken/collision    | 0.5         |
|    being_overtaken/colregs      | -37         |
|    being_overtaken/goal         | 0.5         |
|    being_overtaken/intervention | 0           |
|    collision_boundary           | 0.05        |
|    collision_obstacle           | 0           |
|    collision_rate               | 0.25        |
|    collision_target             | 0.2         |
|    crossing/collision           | 0.7         |
|    crossing/colregs             | -36.6       |
|    crossing/goal                | 0.3         |
|    crossing/intervention        | 0           |
|    episodes                     | 120         |
|    estops_per_episode           | 0.0167      |
|    eval_wall_s                  | 92.3        |
|    goal_rate                    | 0.75        |
|    head_on/collision            | 0.1         |
|    head_on/colregs              | -32         |
|    head_on/goal                 | 0.9         |
|    head_on/intervention         | 0           |
|    intervention_rate            | 0.00833     |
|    mean_colregs_integral        | -29.9       |
|    mean_return                  | -35.1       |
|    no_target/collision          | 0.05        |
|    no_target/colregs            | 0           |
|    no_target/goal               | 0.95        |
|    no_target/intervention       | 0           |
|    null/collision               | 0           |
|    null/colregs                 | -2.35       |
|    null/goal                    | 1           |
|    null/intervention            | 0           |
|    overtaking/collision         | 0.15        |
|    overtaking/colregs           | -71.5       |
|    overtaking/goal              | 0.85        |
|    overtaking/intervention      | 0.05        |
|    timeout_rate                 | 0           |
|    timesteps                    | 400000      |
| rollout/                        |             |
|    ep_len_mean                  | 50.5        |
|    ep_rew_mean                  | -23.7       |
| time/                           |             |
|    fps                          | 145         |
|    iterations                   | 79          |
|    time_elapsed                 | 2785        |
|    total_timesteps              | 404480      |
| train/                          |             |
|    approx_kl                    | 0.020365918 |
|    clip_fraction                | 0.18        |
|    clip_range                   | 0.2         |
|    entropy_loss                 | -1.95       |
|    explained_variance           | 0.818       |
|    learning_rate                | 0.0003      |
|    loss                         | 0.354       |
|    n_updates                    | 739         |
|    policy_gradient_loss         | -0.0206     |
|    std                          | 0.642       |
|    value_loss                   | 1.18        |
-------------------------------------------------
-----------------------------------------
| rollout/                |             |
|    ep_len_mean          | 47.3        |
|    ep_rew_mean          | -70.3       |
| time/                   |             |
|    fps                  | 144         |
|    iterations           | 80          |
|    time_elapsed         | 2826        |
|    total_timesteps      | 409600      |
| train/                  |             |
|    approx_kl            | 0.020043692 |
|    clip_fraction        | 0.193       |
|    clip_range           | 0.2         |
|    entropy_loss         | -1.94       |
|    explained_variance   | 0.851       |
|    learning_rate        | 0.0003      |
|    loss                 | 0.286       |
|    n_updates            | 749         |
|    policy_gradient_loss | -0.0186     |
|    std                  | 0.637       |
|    value_loss           | 0.776       |
-----------------------------------------
-----------------------------------------
| rollout/                |             |
|    ep_len_mean          | 48.7        |
|    ep_rew_mean          | -46.4       |
| time/                   |             |
|    fps                  | 144         |
|    iterations           | 81          |
|    time_elapsed         | 2867        |
|    total_timesteps      | 414720      |
| train/                  |             |
|    approx_kl            | 0.018903667 |
|    clip_fraction        | 0.199       |
|    clip_range           | 0.2         |
|    entropy_loss         | -1.93       |
|    explained_variance   | 0.793       |
|    learning_rate        | 0.0003      |
|    loss                 | 0.326       |
|    n_updates            | 759         |
|    policy_gradient_loss | -0.0216     |
|    std                  | 0.634       |
|    value_loss           | 1.32        |
-----------------------------------------
-----------------------------------------
| rollout/                |             |
|    ep_len_mean          | 48.2        |
|    ep_rew_mean          | -64.5       |
| time/                   |             |
|    fps                  | 144         |
|    iterations           | 82          |
|    time_elapsed         | 2909        |
|    total_timesteps      | 419840      |
| train/                  |             |
|    approx_kl            | 0.023102157 |
|    clip_fraction        | 0.221       |
|    clip_range           | 0.2         |
|    entropy_loss         | -1.93       |
|    explained_variance   | 0.802       |
|    learning_rate        | 0.0003      |
|    loss                 | 0.364       |
|    n_updates            | 769         |
|    policy_gradient_loss | -0.0186     |
|    std                  | 0.635       |
|    value_loss           | 1.04        |
-----------------------------------------
----------------------------------------
| rollout/                |            |
|    ep_len_mean          | 49         |
|    ep_rew_mean          | -63.2      |
| time/                   |            |
|    fps                  | 143        |
|    iterations           | 83         |
|    time_elapsed         | 2954       |
|    total_timesteps      | 424960     |
| train/                  |            |
|    approx_kl            | 0.01908402 |
|    clip_fraction        | 0.207      |
|    clip_range           | 0.2        |
|    entropy_loss         | -1.93      |
|    explained_variance   | 0.83       |
|    learning_rate        | 0.0003     |
|    loss                 | 0.394      |
|    n_updates            | 779        |
|    policy_gradient_loss | -0.0179    |
|    std                  | 0.635      |
|    value_loss           | 0.989      |
----------------------------------------
-----------------------------------------
| rollout/                |             |
|    ep_len_mean          | 48.5        |
|    ep_rew_mean          | -54.2       |
| time/                   |             |
|    fps                  | 143         |
|    iterations           | 84          |
|    time_elapsed         | 2995        |
|    total_timesteps      | 430080      |
| train/                  |             |
|    approx_kl            | 0.027854497 |
|    clip_fraction        | 0.219       |
|    clip_range           | 0.2         |
|    entropy_loss         | -1.93       |
|    explained_variance   | 0.816       |
|    learning_rate        | 0.0003      |
|    loss                 | 0.331       |
|    n_updates            | 789         |
|    policy_gradient_loss | -0.018      |
|    std                  | 0.634       |
|    value_loss           | 0.976       |
-----------------------------------------
-----------------------------------------
| rollout/                |             |
|    ep_len_mean          | 44.7        |
|    ep_rew_mean          | -90.4       |
| time/                   |             |
|    fps                  | 143         |
|    iterations           | 85          |
|    time_elapsed         | 3036        |
|    total_timesteps      | 435200      |
| train/                  |             |
|    approx_kl            | 0.021630919 |
|    clip_fraction        | 0.225       |
|    clip_range           | 0.2         |
|    entropy_loss         | -1.92       |
|    explained_variance   | 0.837       |
|    learning_rate        | 0.0003      |
|    loss                 | 0.249       |
|    n_updates            | 799         |
|    policy_gradient_loss | -0.0185     |
|    std                  | 0.629       |
|    value_loss           | 0.956       |
-----------------------------------------
-----------------------------------------
| rollout/                |             |
|    ep_len_mean          | 46.8        |
|    ep_rew_mean          | -75.1       |
| time/                   |             |
|    fps                  | 142         |
|    iterations           | 86          |
|    time_elapsed         | 3079        |
|    total_timesteps      | 440320      |
| train/                  |             |
|    approx_kl            | 0.024143998 |
|    clip_fraction        | 0.204       |
|    clip_range           | 0.2         |
|    entropy_loss         | -1.91       |
|    explained_variance   | 0.821       |
|    learning_rate        | 0.0003      |
|    loss                 | 0.436       |
|    n_updates            | 809         |
|    policy_gradient_loss | -0.0192     |
|    std                  | 0.628       |
|    value_loss           | 1.22        |
-----------------------------------------
-----------------------------------------
| rollout/                |             |
|    ep_len_mean          | 46.6        |
|    ep_rew_mean          | -72.1       |
| time/                   |             |
|    fps                  | 142         |
|    iterations           | 87          |
|    time_elapsed         | 3123        |
|    total_timesteps      | 445440      |
| train/                  |             |
|    approx_kl            | 0.021266239 |
|    clip_fraction        | 0.226       |
|    clip_range           | 0.2         |
|    entropy_loss         | -1.9        |
|    explained_variance   | 0.808       |
|    learning_rate        | 0.0003      |
|    loss                 | 0.386       |
|    n_updates            | 819         |
|    policy_gradient_loss | -0.0159     |
|    std                  | 0.623       |
|    value_loss           | 1.16        |
-----------------------------------------
-----------------------------------------
| rollout/                |             |
|    ep_len_mean          | 46.6        |
|    ep_rew_mean          | -59.2       |
| time/                   |             |
|    fps                  | 142         |
|    iterations           | 88          |
|    time_elapsed         | 3162        |
|    total_timesteps      | 450560      |
| train/                  |             |
|    approx_kl            | 0.027925858 |
|    clip_fraction        | 0.211       |
|    clip_range           | 0.2         |
|    entropy_loss         | -1.88       |
|    explained_variance   | 0.834       |
|    learning_rate        | 0.0003      |
|    loss                 | 0.366       |
|    n_updates            | 829         |
|    policy_gradient_loss | -0.0221     |
|    std                  | 0.617       |
|    value_loss           | 0.966       |
-----------------------------------------
Early stopping at step 5 due to reaching max kl: 0.05
-----------------------------------------
| rollout/                |             |
|    ep_len_mean          | 51          |
|    ep_rew_mean          | -26.7       |
| time/                   |             |
|    fps                  | 142         |
|    iterations           | 89          |
|    time_elapsed         | 3203        |
|    total_timesteps      | 455680      |
| train/                  |             |
|    approx_kl            | 0.029665878 |
|    clip_fraction        | 0.192       |
|    clip_range           | 0.2         |
|    entropy_loss         | -1.87       |
|    explained_variance   | 0.834       |
|    learning_rate        | 0.0003      |
|    loss                 | 0.37        |
|    n_updates            | 835         |
|    policy_gradient_loss | -0.0113     |
|    std                  | 0.615       |
|    value_loss           | 1.11        |
-----------------------------------------
----------------------------------------
| rollout/                |            |
|    ep_len_mean          | 49.4       |
|    ep_rew_mean          | -46.6      |
| time/                   |            |
|    fps                  | 142        |
|    iterations           | 90         |
|    time_elapsed         | 3243       |
|    total_timesteps      | 460800     |
| train/                  |            |
|    approx_kl            | 0.02230495 |
|    clip_fraction        | 0.209      |
|    clip_range           | 0.2        |
|    entropy_loss         | -1.86      |
|    explained_variance   | 0.844      |
|    learning_rate        | 0.0003     |
|    loss                 | 0.275      |
|    n_updates            | 845        |
|    policy_gradient_loss | -0.0207    |
|    std                  | 0.609      |
|    value_loss           | 0.711      |
----------------------------------------
Early stopping at step 7 due to reaching max kl: 0.05
-----------------------------------------
| rollout/                |             |
|    ep_len_mean          | 47.3        |
|    ep_rew_mean          | -61         |
| time/                   |             |
|    fps                  | 141         |
|    iterations           | 91          |
|    time_elapsed         | 3286        |
|    total_timesteps      | 465920      |
| train/                  |             |
|    approx_kl            | 0.031813618 |
|    clip_fraction        | 0.241       |
|    clip_range           | 0.2         |
|    entropy_loss         | -1.84       |
|    explained_variance   | 0.769       |
|    learning_rate        | 0.0003      |
|    loss                 | 0.521       |
|    n_updates            | 853         |
|    policy_gradient_loss | -0.0154     |
|    std                  | 0.606       |
|    value_loss           | 1.23        |
-----------------------------------------
----------------------------------------
| rollout/                |            |
|    ep_len_mean          | 45.9       |
|    ep_rew_mean          | -89.3      |
| time/                   |            |
|    fps                  | 141        |
|    iterations           | 92         |
|    time_elapsed         | 3327       |
|    total_timesteps      | 471040     |
| train/                  |            |
|    approx_kl            | 0.03230422 |
|    clip_fraction        | 0.25       |
|    clip_range           | 0.2        |
|    entropy_loss         | -1.84      |
|    explained_variance   | 0.877      |
|    learning_rate        | 0.0003     |
|    loss                 | 0.152      |
|    n_updates            | 863        |
|    policy_gradient_loss | -0.0212    |
|    std                  | 0.608      |
|    value_loss           | 0.648      |
----------------------------------------
-----------------------------------------
| rollout/                |             |
|    ep_len_mean          | 50.6        |
|    ep_rew_mean          | -24.8       |
| time/                   |             |
|    fps                  | 141         |
|    iterations           | 93          |
|    time_elapsed         | 3366        |
|    total_timesteps      | 476160      |
| train/                  |             |
|    approx_kl            | 0.023309087 |
|    clip_fraction        | 0.235       |
|    clip_range           | 0.2         |
|    entropy_loss         | -1.84       |
|    explained_variance   | 0.859       |
|    learning_rate        | 0.0003      |
|    loss                 | 0.289       |
|    n_updates            | 873         |
|    policy_gradient_loss | -0.0209     |
|    std                  | 0.605       |
|    value_loss           | 0.926       |
-----------------------------------------
Early stopping at step 4 due to reaching max kl: 0.05
-----------------------------------------
| rollout/                |             |
|    ep_len_mean          | 49.8        |
|    ep_rew_mean          | -47.6       |
| time/                   |             |
|    fps                  | 141         |
|    iterations           | 94          |
|    time_elapsed         | 3404        |
|    total_timesteps      | 481280      |
| train/                  |             |
|    approx_kl            | 0.054212052 |
|    clip_fraction        | 0.182       |
|    clip_range           | 0.2         |
|    entropy_loss         | -1.83       |
|    explained_variance   | 0.828       |
|    learning_rate        | 0.0003      |
|    loss                 | 0.253       |
|    n_updates            | 878         |
|    policy_gradient_loss | -0.00493    |
|    std                  | 0.604       |
|    value_loss           | 0.837       |
-----------------------------------------
-----------------------------------------
| rollout/                |             |
|    ep_len_mean          | 51.3        |
|    ep_rew_mean          | -33.9       |
| time/                   |             |
|    fps                  | 141         |
|    iterations           | 95          |
|    time_elapsed         | 3442        |
|    total_timesteps      | 486400      |
| train/                  |             |
|    approx_kl            | 0.026729066 |
|    clip_fraction        | 0.237       |
|    clip_range           | 0.2         |
|    entropy_loss         | -1.83       |
|    explained_variance   | 0.844       |
|    learning_rate        | 0.0003      |
|    loss                 | 0.351       |
|    n_updates            | 888         |
|    policy_gradient_loss | -0.0207     |
|    std                  | 0.6         |
|    value_loss           | 0.823       |
-----------------------------------------
Early stopping at step 2 due to reaching max kl: 0.07
----------------------------------------
| rollout/                |            |
|    ep_len_mean          | 47.5       |
|    ep_rew_mean          | -85.5      |
| time/                   |            |
|    fps                  | 141        |
|    iterations           | 96         |
|    time_elapsed         | 3480       |
|    total_timesteps      | 491520     |
| train/                  |            |
|    approx_kl            | 0.03127573 |
|    clip_fraction        | 0.223      |
|    clip_range           | 0.2        |
|    entropy_loss         | -1.82      |
|    explained_variance   | 0.841      |
|    learning_rate        | 0.0003     |
|    loss                 | 0.342      |
|    n_updates            | 891        |
|    policy_gradient_loss | -0.00192   |
|    std                  | 0.6        |
|    value_loss           | 0.936      |
----------------------------------------
Early stopping at step 3 due to reaching max kl: 0.05
-----------------------------------------
| rollout/                |             |
|    ep_len_mean          | 49.6        |
|    ep_rew_mean          | -65.5       |
| time/                   |             |
|    fps                  | 141         |
|    iterations           | 97          |
|    time_elapsed         | 3521        |
|    total_timesteps      | 496640      |
| train/                  |             |
|    approx_kl            | 0.030756865 |
|    clip_fraction        | 0.234       |
|    clip_range           | 0.2         |
|    entropy_loss         | -1.82       |
|    explained_variance   | 0.848       |
|    learning_rate        | 0.0003      |
|    loss                 | 0.351       |
|    n_updates            | 895         |
|    policy_gradient_loss | -0.00466    |
|    std                  | 0.601       |
|    value_loss           | 1.08        |
-----------------------------------------
Early stopping at step 9 due to reaching max kl: 0.05
-----------------------------------------
| rollout/                |             |
|    ep_len_mean          | 50          |
|    ep_rew_mean          | -56         |
| time/                   |             |
|    fps                  | 140         |
|    iterations           | 98          |
|    time_elapsed         | 3566        |
|    total_timesteps      | 501760      |
| train/                  |             |
|    approx_kl            | 0.035531666 |
|    clip_fraction        | 0.26        |
|    clip_range           | 0.2         |
|    entropy_loss         | -1.82       |
|    explained_variance   | 0.847       |
|    learning_rate        | 0.0003      |
|    loss                 | 0.188       |
|    n_updates            | 905         |
|    policy_gradient_loss | -0.0184     |
|    std                  | 0.6         |
|    value_loss           | 0.766       |
-----------------------------------------
Early stopping at step 9 due to reaching max kl: 0.05
----------------------------------------
| rollout/                |            |
|    ep_len_mean          | 48.9       |
|    ep_rew_mean          | -71.6      |
| time/                   |            |
|    fps                  | 140        |
|    iterations           | 99         |
|    time_elapsed         | 3612       |
|    total_timesteps      | 506880     |
| train/                  |            |
|    approx_kl            | 0.03284452 |
|    clip_fraction        | 0.231      |
|    clip_range           | 0.2        |
|    entropy_loss         | -1.82      |
|    explained_variance   | 0.777      |
|    learning_rate        | 0.0003     |
|    loss                 | 0.325      |
|    n_updates            | 915        |
|    policy_gradient_loss | -0.0174    |
|    std                  | 0.6        |
|    value_loss           | 0.972      |
----------------------------------------
----------------------------------------
| rollout/                |            |
|    ep_len_mean          | 47.8       |
|    ep_rew_mean          | -47.4      |
| time/                   |            |
|    fps                  | 140        |
|    iterations           | 100        |
|    time_elapsed         | 3656       |
|    total_timesteps      | 512000     |
| train/                  |            |
|    approx_kl            | 0.03274526 |
|    clip_fraction        | 0.27       |
|    clip_range           | 0.2        |
|    entropy_loss         | -1.81      |
|    explained_variance   | 0.825      |
|    learning_rate        | 0.0003     |
|    loss                 | 0.268      |
|    n_updates            | 925        |
|    policy_gradient_loss | -0.019     |
|    std                  | 0.596      |
|    value_loss           | 0.892      |
----------------------------------------
Early stopping at step 5 due to reaching max kl: 0.05
----------------------------------------
| rollout/                |            |
|    ep_len_mean          | 47.1       |
|    ep_rew_mean          | -66.8      |
| time/                   |            |
|    fps                  | 139        |
|    iterations           | 101        |
|    time_elapsed         | 3699       |
|    total_timesteps      | 517120     |
| train/                  |            |
|    approx_kl            | 0.03266853 |
|    clip_fraction        | 0.261      |
|    clip_range           | 0.2        |
|    entropy_loss         | -1.8       |
|    explained_variance   | 0.778      |
|    learning_rate        | 0.0003     |
|    loss                 | 0.356      |
|    n_updates            | 931        |
|    policy_gradient_loss | -0.0109    |
|    std                  | 0.594      |
|    value_loss           | 1.16       |
----------------------------------------
-----------------------------------------
| rollout/                |             |
|    ep_len_mean          | 49.7        |
|    ep_rew_mean          | -41.1       |
| time/                   |             |
|    fps                  | 139         |
|    iterations           | 102         |
|    time_elapsed         | 3740        |
|    total_timesteps      | 522240      |
| train/                  |             |
|    approx_kl            | 0.032614823 |
|    clip_fraction        | 0.26        |
|    clip_range           | 0.2         |
|    entropy_loss         | -1.79       |
|    explained_variance   | 0.881       |
|    learning_rate        | 0.0003      |
|    loss                 | 0.133       |
|    n_updates            | 941         |
|    policy_gradient_loss | -0.0221     |
|    std                  | 0.591       |
|    value_loss           | 0.61        |
-----------------------------------------
Early stopping at step 9 due to reaching max kl: 0.05
----------------------------------------
| rollout/                |            |
|    ep_len_mean          | 50.9       |
|    ep_rew_mean          | -19.3      |
| time/                   |            |
|    fps                  | 139        |
|    iterations           | 103        |
|    time_elapsed         | 3780       |
|    total_timesteps      | 527360     |
| train/                  |            |
|    approx_kl            | 0.03632672 |
|    clip_fraction        | 0.249      |
|    clip_range           | 0.2        |
|    entropy_loss         | -1.78      |
|    explained_variance   | 0.847      |
|    learning_rate        | 0.0003     |
|    loss                 | 0.205      |
|    n_updates            | 951        |
|    policy_gradient_loss | -0.0212    |
|    std                  | 0.586      |
|    value_loss           | 0.698      |
----------------------------------------
Early stopping at step 0 due to reaching max kl: 0.05
-----------------------------------------
| rollout/                |             |
|    ep_len_mean          | 51.3        |
|    ep_rew_mean          | -41         |
| time/                   |             |
|    fps                  | 139         |
|    iterations           | 104         |
|    time_elapsed         | 3821        |
|    total_timesteps      | 532480      |
| train/                  |             |
|    approx_kl            | 0.012283623 |
|    clip_fraction        | 0.128       |
|    clip_range           | 0.2         |
|    entropy_loss         | -1.77       |
|    explained_variance   | 0.865       |
|    learning_rate        | 0.0003      |
|    loss                 | 0.366       |
|    n_updates            | 952         |
|    policy_gradient_loss | 0.00383     |
|    std                  | 0.585       |
|    value_loss           | 0.936       |
-----------------------------------------
-----------------------------------------
| rollout/                |             |
|    ep_len_mean          | 50.2        |
|    ep_rew_mean          | -40.6       |
| time/                   |             |
|    fps                  | 139         |
|    iterations           | 105         |
|    time_elapsed         | 3867        |
|    total_timesteps      | 537600      |
| train/                  |             |
|    approx_kl            | 0.030932447 |
|    clip_fraction        | 0.262       |
|    clip_range           | 0.2         |
|    entropy_loss         | -1.76       |
|    explained_variance   | 0.82        |
|    learning_rate        | 0.0003      |
|    loss                 | 0.195       |
|    n_updates            | 962         |
|    policy_gradient_loss | -0.021      |
|    std                  | 0.581       |
|    value_loss           | 0.867       |
-----------------------------------------
Early stopping at step 8 due to reaching max kl: 0.05
-----------------------------------------
| rollout/                |             |
|    ep_len_mean          | 49.2        |
|    ep_rew_mean          | -33         |
| time/                   |             |
|    fps                  | 138         |
|    iterations           | 106         |
|    time_elapsed         | 3908        |
|    total_timesteps      | 542720      |
| train/                  |             |
|    approx_kl            | 0.045526646 |
|    clip_fraction        | 0.223       |
|    clip_range           | 0.2         |
|    entropy_loss         | -1.75       |
|    explained_variance   | 0.827       |
|    learning_rate        | 0.0003      |
|    loss                 | 0.295       |
|    n_updates            | 971         |
|    policy_gradient_loss | -0.0183     |
|    std                  | 0.577       |
|    value_loss           | 0.877       |
-----------------------------------------
Early stopping at step 7 due to reaching max kl: 0.05
-----------------------------------------
| rollout/                |             |
|    ep_len_mean          | 51.5        |
|    ep_rew_mean          | -14.3       |
| time/                   |             |
|    fps                  | 138         |
|    iterations           | 107         |
|    time_elapsed         | 3948        |
|    total_timesteps      | 547840      |
| train/                  |             |
|    approx_kl            | 0.032371033 |
|    clip_fraction        | 0.239       |
|    clip_range           | 0.2         |
|    entropy_loss         | -1.74       |
|    explained_variance   | 0.864       |
|    learning_rate        | 0.0003      |
|    loss                 | 0.158       |
|    n_updates            | 979         |
|    policy_gradient_loss | -0.021      |
|    std                  | 0.576       |
|    value_loss           | 0.66        |
-----------------------------------------
Early stopping at step 1 due to reaching max kl: 0.05
-----------------------------------------
| rollout/                |             |
|    ep_len_mean          | 51.2        |
|    ep_rew_mean          | -25.8       |
| time/                   |             |
|    fps                  | 138         |
|    iterations           | 108         |
|    time_elapsed         | 3989        |
|    total_timesteps      | 552960      |
| train/                  |             |
|    approx_kl            | 0.025419869 |
|    clip_fraction        | 0.226       |
|    clip_range           | 0.2         |
|    entropy_loss         | -1.73       |
|    explained_variance   | 0.797       |
|    learning_rate        | 0.0003      |
|    loss                 | 0.394       |
|    n_updates            | 981         |
|    policy_gradient_loss | 0.00644     |
|    std                  | 0.576       |
|    value_loss           | 1.14        |
-----------------------------------------
Early stopping at step 9 due to reaching max kl: 0.05
---------------------------------------
| rollout/                |           |
|    ep_len_mean          | 53.7      |
|    ep_rew_mean          | -5.95     |
| time/                   |           |
|    fps                  | 138       |
|    iterations           | 109       |
|    time_elapsed         | 4029      |
|    total_timesteps      | 558080    |
| train/                  |           |
|    approx_kl            | 0.0308986 |
|    clip_fraction        | 0.229     |
|    clip_range           | 0.2       |
|    entropy_loss         | -1.73     |
|    explained_variance   | 0.8       |
|    learning_rate        | 0.0003    |
|    loss                 | 0.117     |
|    n_updates            | 991       |
|    policy_gradient_loss | -0.0241   |
|    std                  | 0.574     |
|    value_loss           | 0.641     |
---------------------------------------
Early stopping at step 6 due to reaching max kl: 0.05
-----------------------------------------
| rollout/                |             |
|    ep_len_mean          | 52.8        |
|    ep_rew_mean          | -20.9       |
| time/                   |             |
|    fps                  | 138         |
|    iterations           | 110         |
|    time_elapsed         | 4070        |
|    total_timesteps      | 563200      |
| train/                  |             |
|    approx_kl            | 0.035169076 |
|    clip_fraction        | 0.243       |
|    clip_range           | 0.2         |
|    entropy_loss         | -1.73       |
|    explained_variance   | 0.761       |
|    learning_rate        | 0.0003      |
|    loss                 | 0.239       |
|    n_updates            | 998         |
|    policy_gradient_loss | -0.0149     |
|    std                  | 0.575       |
|    value_loss           | 0.813       |
-----------------------------------------
Early stopping at step 0 due to reaching max kl: 0.05
-----------------------------------------
| rollout/                |             |
|    ep_len_mean          | 49.6        |
|    ep_rew_mean          | -42.8       |
| time/                   |             |
|    fps                  | 138         |
|    iterations           | 111         |
|    time_elapsed         | 4110        |
|    total_timesteps      | 568320      |
| train/                  |             |
|    approx_kl            | 0.015238126 |
|    clip_fraction        | 0.189       |
|    clip_range           | 0.2         |
|    entropy_loss         | -1.73       |
|    explained_variance   | 0.814       |
|    learning_rate        | 0.0003      |
|    loss                 | 0.392       |
|    n_updates            | 999         |
|    policy_gradient_loss | 0.0039      |
|    std                  | 0.574       |
|    value_loss           | 1.12        |
-----------------------------------------
-----------------------------------------
| rollout/                |             |
|    ep_len_mean          | 53.6        |
|    ep_rew_mean          | -9.43       |
| time/                   |             |
|    fps                  | 138         |
|    iterations           | 112         |
|    time_elapsed         | 4151        |
|    total_timesteps      | 573440      |
| train/                  |             |
|    approx_kl            | 0.027849559 |
|    clip_fraction        | 0.232       |
|    clip_range           | 0.2         |
|    entropy_loss         | -1.72       |
|    explained_variance   | 0.84        |
|    learning_rate        | 0.0003      |
|    loss                 | 0.257       |
|    n_updates            | 1009        |
|    policy_gradient_loss | -0.019      |
|    std                  | 0.571       |
|    value_loss           | 0.752       |
-----------------------------------------
Early stopping at step 6 due to reaching max kl: 0.05
-----------------------------------------
| rollout/                |             |
|    ep_len_mean          | 52.5        |
|    ep_rew_mean          | -6.5        |
| time/                   |             |
|    fps                  | 138         |
|    iterations           | 113         |
|    time_elapsed         | 4189        |
|    total_timesteps      | 578560      |
| train/                  |             |
|    approx_kl            | 0.039743356 |
|    clip_fraction        | 0.215       |
|    clip_range           | 0.2         |
|    entropy_loss         | -1.71       |
|    explained_variance   | 0.755       |
|    learning_rate        | 0.0003      |
|    loss                 | 0.259       |
|    n_updates            | 1016        |
|    policy_gradient_loss | -0.0154     |
|    std                  | 0.567       |
|    value_loss           | 0.804       |
-----------------------------------------
Early stopping at step 1 due to reaching max kl: 0.05
-----------------------------------------
| rollout/                |             |
|    ep_len_mean          | 48.9        |
|    ep_rew_mean          | -48.2       |
| time/                   |             |
|    fps                  | 138         |
|    iterations           | 114         |
|    time_elapsed         | 4228        |
|    total_timesteps      | 583680      |
| train/                  |             |
|    approx_kl            | 0.030519651 |
|    clip_fraction        | 0.25        |
|    clip_range           | 0.2         |
|    entropy_loss         | -1.7        |
|    explained_variance   | 0.807       |
|    learning_rate        | 0.0003      |
|    loss                 | 0.335       |
|    n_updates            | 1018        |
|    policy_gradient_loss | 0.00286     |
|    std                  | 0.566       |
|    value_loss           | 1.01        |
-----------------------------------------
Early stopping at step 4 due to reaching max kl: 0.05
-----------------------------------------
| rollout/                |             |
|    ep_len_mean          | 49          |
|    ep_rew_mean          | -62.8       |
| time/                   |             |
|    fps                  | 137         |
|    iterations           | 115         |
|    time_elapsed         | 4270        |
|    total_timesteps      | 588800      |
| train/                  |             |
|    approx_kl            | 0.029306734 |
|    clip_fraction        | 0.211       |
|    clip_range           | 0.2         |
|    entropy_loss         | -1.7        |
|    explained_variance   | 0.853       |
|    learning_rate        | 0.0003      |
|    loss                 | 0.217       |
|    n_updates            | 1023        |
|    policy_gradient_loss | -0.0117     |
|    std                  | 0.566       |
|    value_loss           | 0.799       |
-----------------------------------------
----------------------------------------
| rollout/                |            |
|    ep_len_mean          | 49.6       |
|    ep_rew_mean          | -34.3      |
| time/                   |            |
|    fps                  | 137        |
|    iterations           | 116        |
|    time_elapsed         | 4310       |
|    total_timesteps      | 593920     |
| train/                  |            |
|    approx_kl            | 0.03254445 |
|    clip_fraction        | 0.261      |
|    clip_range           | 0.2        |
|    entropy_loss         | -1.7       |
|    explained_variance   | 0.806      |
|    learning_rate        | 0.0003     |
|    loss                 | 0.278      |
|    n_updates            | 1033       |
|    policy_gradient_loss | -0.025     |
|    std                  | 0.563      |
|    value_loss           | 0.85       |
----------------------------------------
Early stopping at step 6 due to reaching max kl: 0.05
----------------------------------------
| rollout/                |            |
|    ep_len_mean          | 45.7       |
|    ep_rew_mean          | -70.3      |
| time/                   |            |
|    fps                  | 137        |
|    iterations           | 117        |
|    time_elapsed         | 4351       |
|    total_timesteps      | 599040     |
| train/                  |            |
|    approx_kl            | 0.03380583 |
|    clip_fraction        | 0.235      |
|    clip_range           | 0.2        |
|    entropy_loss         | -1.68      |
|    explained_variance   | 0.866      |
|    learning_rate        | 0.0003     |
|    loss                 | 0.222      |
|    n_updates            | 1040       |
|    policy_gradient_loss | -0.0157    |
|    std                  | 0.559      |
|    value_loss           | 0.675      |
----------------------------------------
Early stopping at step 7 due to reaching max kl: 0.05
[EVAL] t=600,000 supervisor off goal 0.72 collision 0.28 timeout 0.00 return -43.2 colregs -30.6 intervention 0.00 (90.7 s)
[EVAL] t=600,000 supervisor on goal 0.72 collision 0.28 timeout 0.00 return -45.9 colregs -30.6 intervention 0.01 (89.8 s)
-------------------------------------------------
| eval_supervisor_off/            |             |
|    being_overtaken/collision    | 0.55        |
|    being_overtaken/colregs      | -31.2       |
|    being_overtaken/goal         | 0.45        |
|    being_overtaken/intervention | 0           |
|    collision_boundary           | 0.0167      |
|    collision_obstacle           | 0.0167      |
|    collision_rate               | 0.275       |
|    collision_target             | 0.242       |
|    crossing/collision           | 0.55        |
|    crossing/colregs             | -36         |
|    crossing/goal                | 0.45        |
|    crossing/intervention        | 0           |
|    episodes                     | 120         |
|    estops_per_episode           | 0           |
|    eval_wall_s                  | 90.7        |
|    goal_rate                    | 0.725       |
|    head_on/collision            | 0.1         |
|    head_on/colregs              | -32.3       |
|    head_on/goal                 | 0.9         |
|    head_on/intervention         | 0           |
|    intervention_rate            | 0           |
|    mean_colregs_integral        | -30.6       |
|    mean_return                  | -43.2       |
|    no_target/collision          | 0.1         |
|    no_target/colregs            | 0           |
|    no_target/goal               | 0.9         |
|    no_target/intervention       | 0           |
|    null/collision               | 0.05        |
|    null/colregs                 | -1.35       |
|    null/goal                    | 0.95        |
|    null/intervention            | 0           |
|    overtaking/collision         | 0.3         |
|    overtaking/colregs           | -82.4       |
|    overtaking/goal              | 0.7         |
|    overtaking/intervention      | 0           |
|    timeout_rate                 | 0           |
|    timesteps                    | 600000      |
| eval_supervisor_on/             |             |
|    being_overtaken/collision    | 0.55        |
|    being_overtaken/colregs      | -31.2       |
|    being_overtaken/goal         | 0.45        |
|    being_overtaken/intervention | 0           |
|    collision_boundary           | 0.0167      |
|    collision_obstacle           | 0.0167      |
|    collision_rate               | 0.275       |
|    collision_target             | 0.242       |
|    crossing/collision           | 0.55        |
|    crossing/colregs             | -36         |
|    crossing/goal                | 0.45        |
|    crossing/intervention        | 0           |
|    episodes                     | 120         |
|    estops_per_episode           | 0.00833     |
|    eval_wall_s                  | 89.8        |
|    goal_rate                    | 0.725       |
|    head_on/collision            | 0.1         |
|    head_on/colregs              | -32.3       |
|    head_on/goal                 | 0.9         |
|    head_on/intervention         | 0           |
|    intervention_rate            | 0.00833     |
|    mean_colregs_integral        | -30.6       |
|    mean_return                  | -45.9       |
|    no_target/collision          | 0.1         |
|    no_target/colregs            | 0           |
|    no_target/goal               | 0.9         |
|    no_target/intervention       | 0           |
|    null/collision               | 0.05        |
|    null/colregs                 | -1.35       |
|    null/goal                    | 0.95        |
|    null/intervention            | 0           |
|    overtaking/collision         | 0.3         |
|    overtaking/colregs           | -82.7       |
|    overtaking/goal              | 0.7         |
|    overtaking/intervention      | 0.05        |
|    timeout_rate                 | 0           |
|    timesteps                    | 600000      |
| rollout/                        |             |
|    ep_len_mean                  | 45.6        |
|    ep_rew_mean                  | -80.1       |
| time/                           |             |
|    fps                          | 132         |
|    iterations                   | 118         |
|    time_elapsed                 | 4571        |
|    total_timesteps              | 604160      |
| train/                          |             |
|    approx_kl                    | 0.034071997 |
|    clip_fraction                | 0.232       |
|    clip_range                   | 0.2         |
|    entropy_loss                 | -1.67       |
|    explained_variance           | 0.826       |
|    learning_rate                | 0.0003      |
|    loss                         | 0.366       |
|    n_updates                    | 1048        |
|    policy_gradient_loss         | -0.0184     |
|    std                          | 0.557       |
|    value_loss                   | 1.01        |
-------------------------------------------------
Early stopping at step 1 due to reaching max kl: 0.06
----------------------------------------
| rollout/                |            |
|    ep_len_mean          | 47         |
|    ep_rew_mean          | -63.2      |
| time/                   |            |
|    fps                  | 132        |
|    iterations           | 119        |
|    time_elapsed         | 4612       |
|    total_timesteps      | 609280     |
| train/                  |            |
|    approx_kl            | 0.02574484 |
|    clip_fraction        | 0.166      |
|    clip_range           | 0.2        |
|    entropy_loss         | -1.67      |
|    explained_variance   | 0.889      |
|    learning_rate        | 0.0003     |
|    loss                 | 0.45       |
|    n_updates            | 1050       |
|    policy_gradient_loss | 0.00211    |
|    std                  | 0.556      |
|    value_loss           | 0.914      |
----------------------------------------
Early stopping at step 0 due to reaching max kl: 0.05
----------------------------------------
| rollout/                |            |
|    ep_len_mean          | 52.2       |
|    ep_rew_mean          | 4.63       |
| time/                   |            |
|    fps                  | 132        |
|    iterations           | 120        |
|    time_elapsed         | 4649       |
|    total_timesteps      | 614400     |
| train/                  |            |
|    approx_kl            | 0.02246067 |
|    clip_fraction        | 0.27       |
|    clip_range           | 0.2        |
|    entropy_loss         | -1.66      |
|    explained_variance   | 0.834      |
|    learning_rate        | 0.0003     |
|    loss                 | 0.68       |
|    n_updates            | 1051       |
|    policy_gradient_loss | 0.0105     |
|    std                  | 0.556      |
|    value_loss           | 1.44       |
----------------------------------------
Early stopping at step 8 due to reaching max kl: 0.05
----------------------------------------
| rollout/                |            |
|    ep_len_mean          | 46.9       |
|    ep_rew_mean          | -69.4      |
| time/                   |            |
|    fps                  | 131        |
|    iterations           | 121        |
|    time_elapsed         | 4697       |
|    total_timesteps      | 619520     |
| train/                  |            |
|    approx_kl            | 0.04105194 |
|    clip_fraction        | 0.231      |
|    clip_range           | 0.2        |
|    entropy_loss         | -1.66      |
|    explained_variance   | 0.806      |
|    learning_rate        | 0.0003     |
|    loss                 | 0.131      |
|    n_updates            | 1060       |
|    policy_gradient_loss | -0.0176    |
|    std                  | 0.552      |
|    value_loss           | 0.523      |
----------------------------------------
Early stopping at step 5 due to reaching max kl: 0.05
-----------------------------------------
| rollout/                |             |
|    ep_len_mean          | 49.1        |
|    ep_rew_mean          | -19.7       |
| time/                   |             |
|    fps                  | 131         |
|    iterations           | 122         |
|    time_elapsed         | 4749        |
|    total_timesteps      | 624640      |
| train/                  |             |
|    approx_kl            | 0.031149918 |
|    clip_fraction        | 0.24        |
|    clip_range           | 0.2         |
|    entropy_loss         | -1.65       |
|    explained_variance   | 0.844       |
|    learning_rate        | 0.0003      |
|    loss                 | 0.321       |
|    n_updates            | 1066        |
|    policy_gradient_loss | -0.0118     |
|    std                  | 0.552       |
|    value_loss           | 0.976       |
-----------------------------------------
Early stopping at step 0 due to reaching max kl: 0.05
-----------------------------------------
| rollout/                |             |
|    ep_len_mean          | 51.3        |
|    ep_rew_mean          | -5.57       |
| time/                   |             |
|    fps                  | 131         |
|    iterations           | 123         |
|    time_elapsed         | 4791        |
|    total_timesteps      | 629760      |
| train/                  |             |
|    approx_kl            | 0.016562968 |
|    clip_fraction        | 0.195       |
|    clip_range           | 0.2         |
|    entropy_loss         | -1.65       |
|    explained_variance   | 0.829       |
|    learning_rate        | 0.0003      |
|    loss                 | 0.326       |
|    n_updates            | 1067        |
|    policy_gradient_loss | 0.00869     |
|    std                  | 0.552       |
|    value_loss           | 1.11        |
-----------------------------------------
Early stopping at step 1 due to reaching max kl: 0.06
----------------------------------------
| rollout/                |            |
|    ep_len_mean          | 49.4       |
|    ep_rew_mean          | -38.1      |
| time/                   |            |
|    fps                  | 131        |
|    iterations           | 124        |
|    time_elapsed         | 4833       |
|    total_timesteps      | 634880     |
| train/                  |            |
|    approx_kl            | 0.06187316 |
|    clip_fraction        | 0.21       |
|    clip_range           | 0.2        |
|    entropy_loss         | -1.65      |
|    explained_variance   | 0.809      |
|    learning_rate        | 0.0003     |
|    loss                 | 0.366      |
|    n_updates            | 1069       |
|    policy_gradient_loss | 0.00785    |
|    std                  | 0.551      |
|    value_loss           | 1.01       |
----------------------------------------
[CURRICULUM] t=640,000 -> scenario stage 4
----------------------------------------
| rollout/                |            |
|    ep_len_mean          | 52.4       |
|    ep_rew_mean          | 5.33       |
| time/                   |            |
|    fps                  | 131        |
|    iterations           | 125        |
|    time_elapsed         | 4870       |
|    total_timesteps      | 640000     |
| train/                  |            |
|    approx_kl            | 0.03349421 |
|    clip_fraction        | 0.272      |
|    clip_range           | 0.2        |
|    entropy_loss         | -1.64      |
|    explained_variance   | 0.845      |
|    learning_rate        | 0.0003     |
|    loss                 | 0.125      |
|    n_updates            | 1079       |
|    policy_gradient_loss | -0.023     |
|    std                  | 0.547      |
|    value_loss           | 0.585      |
----------------------------------------
Early stopping at step 2 due to reaching max kl: 0.06
-----------------------------------------
| rollout/                |             |
|    ep_len_mean          | 45.2        |
|    ep_rew_mean          | -68.1       |
| time/                   |             |
|    fps                  | 131         |
|    iterations           | 126         |
|    time_elapsed         | 4913        |
|    total_timesteps      | 645120      |
| train/                  |             |
|    approx_kl            | 0.064542316 |
|    clip_fraction        | 0.205       |
|    clip_range           | 0.2         |
|    entropy_loss         | -1.63       |
|    explained_variance   | 0.741       |
|    learning_rate        | 0.0003      |
|    loss                 | 0.347       |
|    n_updates            | 1082        |
|    policy_gradient_loss | 0.004       |
|    std                  | 0.547       |
|    value_loss           | 1.08        |
-----------------------------------------
Early stopping at step 0 due to reaching max kl: 0.05
-----------------------------------------
| rollout/                |             |
|    ep_len_mean          | 48.4        |
|    ep_rew_mean          | -75.7       |
| time/                   |             |
|    fps                  | 131         |
|    iterations           | 127         |
|    time_elapsed         | 4953        |
|    total_timesteps      | 650240      |
| train/                  |             |
|    approx_kl            | 0.025316099 |
|    clip_fraction        | 0.296       |
|    clip_range           | 0.2         |
|    entropy_loss         | -1.63       |
|    explained_variance   | 0.662       |
|    learning_rate        | 0.0003      |
|    loss                 | 1.01        |
|    n_updates            | 1083        |
|    policy_gradient_loss | 0.0196      |
|    std                  | 0.547       |
|    value_loss           | 2.46        |
-----------------------------------------
Early stopping at step 4 due to reaching max kl: 0.05
-----------------------------------------
| rollout/                |             |
|    ep_len_mean          | 48.8        |
|    ep_rew_mean          | -64.1       |
| time/                   |             |
|    fps                  | 131         |
|    iterations           | 128         |
|    time_elapsed         | 4996        |
|    total_timesteps      | 655360      |
| train/                  |             |
|    approx_kl            | 0.035767704 |
|    clip_fraction        | 0.273       |
|    clip_range           | 0.2         |
|    entropy_loss         | -1.63       |
|    explained_variance   | 0.697       |
|    learning_rate        | 0.0003      |
|    loss                 | 0.718       |
|    n_updates            | 1088        |
|    policy_gradient_loss | -0.00473    |
|    std                  | 0.548       |
|    value_loss           | 1.68        |
-----------------------------------------
Early stopping at step 3 due to reaching max kl: 0.05
-----------------------------------------
| rollout/                |             |
|    ep_len_mean          | 49          |
|    ep_rew_mean          | -50.1       |
| time/                   |             |
|    fps                  | 131         |
|    iterations           | 129         |
|    time_elapsed         | 5036        |
|    total_timesteps      | 660480      |
| train/                  |             |
|    approx_kl            | 0.029044392 |
|    clip_fraction        | 0.211       |
|    clip_range           | 0.2         |
|    entropy_loss         | -1.64       |
|    explained_variance   | 0.796       |
|    learning_rate        | 0.0003      |
|    loss                 | 0.454       |
|    n_updates            | 1092        |
|    policy_gradient_loss | -0.0062     |
|    std                  | 0.55        |
|    value_loss           | 1.05        |
-----------------------------------------
Early stopping at step 2 due to reaching max kl: 0.08
---------------------------------------
| rollout/                |           |
|    ep_len_mean          | 44.1      |
|    ep_rew_mean          | -80.9     |
| time/                   |           |
|    fps                  | 131       |
|    iterations           | 130       |
|    time_elapsed         | 5078      |
|    total_timesteps      | 665600    |
| train/                  |           |
|    approx_kl            | 0.0385754 |
|    clip_fraction        | 0.221     |
|    clip_range           | 0.2       |
|    entropy_loss         | -1.65     |
|    explained_variance   | 0.732     |
|    learning_rate        | 0.0003    |
|    loss                 | 0.649     |
|    n_updates            | 1095      |
|    policy_gradient_loss | -0.00154  |
|    std                  | 0.552     |
|    value_loss           | 1.57      |
---------------------------------------
-----------------------------------------
| rollout/                |             |
|    ep_len_mean          | 48.6        |
|    ep_rew_mean          | -45.5       |
| time/                   |             |
|    fps                  | 130         |
|    iterations           | 131         |
|    time_elapsed         | 5120        |
|    total_timesteps      | 670720      |
| train/                  |             |
|    approx_kl            | 0.034224067 |
|    clip_fraction        | 0.28        |
|    clip_range           | 0.2         |
|    entropy_loss         | -1.64       |
|    explained_variance   | 0.771       |
|    learning_rate        | 0.0003      |
|    loss                 | 0.426       |
|    n_updates            | 1105        |
|    policy_gradient_loss | -0.0227     |
|    std                  | 0.548       |
|    value_loss           | 1.08        |
-----------------------------------------
Early stopping at step 6 due to reaching max kl: 0.05
-----------------------------------------
| rollout/                |             |
|    ep_len_mean          | 46.2        |
|    ep_rew_mean          | -56.6       |
| time/                   |             |
|    fps                  | 130         |
|    iterations           | 132         |
|    time_elapsed         | 5161        |
|    total_timesteps      | 675840      |
| train/                  |             |
|    approx_kl            | 0.035045058 |
|    clip_fraction        | 0.248       |
|    clip_range           | 0.2         |
|    entropy_loss         | -1.63       |
|    explained_variance   | 0.737       |
|    learning_rate        | 0.0003      |
|    loss                 | 0.377       |
|    n_updates            | 1112        |
|    policy_gradient_loss | -0.0188     |
|    std                  | 0.547       |
|    value_loss           | 1.15        |
-----------------------------------------
Early stopping at step 6 due to reaching max kl: 0.05
----------------------------------------
| rollout/                |            |
|    ep_len_mean          | 46.9       |
|    ep_rew_mean          | -46.5      |
| time/                   |            |
|    fps                  | 130        |
|    iterations           | 133        |
|    time_elapsed         | 5205       |
|    total_timesteps      | 680960     |
| train/                  |            |
|    approx_kl            | 0.03476185 |
|    clip_fraction        | 0.256      |
|    clip_range           | 0.2        |
|    entropy_loss         | -1.63      |
|    explained_variance   | 0.755      |
|    learning_rate        | 0.0003     |
|    loss                 | 0.401      |
|    n_updates            | 1119       |
|    policy_gradient_loss | -0.0145    |
|    std                  | 0.549      |
|    value_loss           | 1.17       |
----------------------------------------
-----------------------------------------
| rollout/                |             |
|    ep_len_mean          | 47.1        |
|    ep_rew_mean          | -53.9       |
| time/                   |             |
|    fps                  | 130         |
|    iterations           | 134         |
|    time_elapsed         | 5249        |
|    total_timesteps      | 686080      |
| train/                  |             |
|    approx_kl            | 0.033977684 |
|    clip_fraction        | 0.265       |
|    clip_range           | 0.2         |
|    entropy_loss         | -1.63       |
|    explained_variance   | 0.773       |
|    learning_rate        | 0.0003      |
|    loss                 | 0.291       |
|    n_updates            | 1129        |
|    policy_gradient_loss | -0.0213     |
|    std                  | 0.545       |
|    value_loss           | 0.974       |
-----------------------------------------
Early stopping at step 4 due to reaching max kl: 0.05
-----------------------------------------
| rollout/                |             |
|    ep_len_mean          | 49.3        |
|    ep_rew_mean          | -27.3       |
| time/                   |             |
|    fps                  | 130         |
|    iterations           | 135         |
|    time_elapsed         | 5294        |
|    total_timesteps      | 691200      |
| train/                  |             |
|    approx_kl            | 0.036103856 |
|    clip_fraction        | 0.237       |
|    clip_range           | 0.2         |
|    entropy_loss         | -1.62       |
|    explained_variance   | 0.761       |
|    learning_rate        | 0.0003      |
|    loss                 | 0.379       |
|    n_updates            | 1134        |
|    policy_gradient_loss | -0.00575    |
|    std                  | 0.545       |
|    value_loss           | 1.24        |
-----------------------------------------
Early stopping at step 5 due to reaching max kl: 0.05
----------------------------------------
| rollout/                |            |
|    ep_len_mean          | 47.1       |
|    ep_rew_mean          | -52.4      |
| time/                   |            |
|    fps                  | 130        |
|    iterations           | 136        |
|    time_elapsed         | 5337       |
|    total_timesteps      | 696320     |
| train/                  |            |
|    approx_kl            | 0.05157845 |
|    clip_fraction        | 0.239      |
|    clip_range           | 0.2        |
|    entropy_loss         | -1.62      |
|    explained_variance   | 0.704      |
|    learning_rate        | 0.0003     |
|    loss                 | 0.323      |
|    n_updates            | 1140       |
|    policy_gradient_loss | -0.00804   |
|    std                  | 0.544      |
|    value_loss           | 1.02       |
----------------------------------------
Early stopping at step 1 due to reaching max kl: 0.05
-----------------------------------------
| rollout/                |             |
|    ep_len_mean          | 51.5        |
|    ep_rew_mean          | -8.95       |
| time/                   |             |
|    fps                  | 130         |
|    iterations           | 137         |
|    time_elapsed         | 5376        |
|    total_timesteps      | 701440      |
| train/                  |             |
|    approx_kl            | 0.027807578 |
|    clip_fraction        | 0.229       |
|    clip_range           | 0.2         |
|    entropy_loss         | -1.62       |
|    explained_variance   | 0.786       |
|    learning_rate        | 0.0003      |
|    loss                 | 0.821       |
|    n_updates            | 1142        |
|    policy_gradient_loss | 0.00116     |
|    std                  | 0.543       |
|    value_loss           | 1.37        |
-----------------------------------------
----------------------------------------
| rollout/                |            |
|    ep_len_mean          | 46.2       |
|    ep_rew_mean          | -47        |
| time/                   |            |
|    fps                  | 130        |
|    iterations           | 138        |
|    time_elapsed         | 5420       |
|    total_timesteps      | 706560     |
| train/                  |            |
|    approx_kl            | 0.03132213 |
|    clip_fraction        | 0.256      |
|    clip_range           | 0.2        |
|    entropy_loss         | -1.62      |
|    explained_variance   | 0.755      |
|    learning_rate        | 0.0003     |
|    loss                 | 0.116      |
|    n_updates            | 1152       |
|    policy_gradient_loss | -0.0241    |
|    std                  | 0.542      |
|    value_loss           | 0.718      |
----------------------------------------
-----------------------------------------
| rollout/                |             |
|    ep_len_mean          | 50.6        |
|    ep_rew_mean          | -31.3       |
| time/                   |             |
|    fps                  | 130         |
|    iterations           | 139         |
|    time_elapsed         | 5460        |
|    total_timesteps      | 711680      |
| train/                  |             |
|    approx_kl            | 0.028359164 |
|    clip_fraction        | 0.253       |
|    clip_range           | 0.2         |
|    entropy_loss         | -1.61       |
|    explained_variance   | 0.768       |
|    learning_rate        | 0.0003      |
|    loss                 | 0.309       |
|    n_updates            | 1162        |
|    policy_gradient_loss | -0.0203     |
|    std                  | 0.538       |
|    value_loss           | 0.882       |
-----------------------------------------
Early stopping at step 7 due to reaching max kl: 0.05
-----------------------------------------
| rollout/                |             |
|    ep_len_mean          | 47          |
|    ep_rew_mean          | -46.4       |
| time/                   |             |
|    fps                  | 130         |
|    iterations           | 140         |
|    time_elapsed         | 5504        |
|    total_timesteps      | 716800      |
| train/                  |             |
|    approx_kl            | 0.037299313 |
|    clip_fraction        | 0.252       |
|    clip_range           | 0.2         |
|    entropy_loss         | -1.6        |
|    explained_variance   | 0.705       |
|    learning_rate        | 0.0003      |
|    loss                 | 0.186       |
|    n_updates            | 1170        |
|    policy_gradient_loss | -0.0196     |
|    std                  | 0.541       |
|    value_loss           | 1.01        |
-----------------------------------------
Early stopping at step 3 due to reaching max kl: 0.05
-----------------------------------------
| rollout/                |             |
|    ep_len_mean          | 50.1        |
|    ep_rew_mean          | -39.7       |
| time/                   |             |
|    fps                  | 130         |
|    iterations           | 141         |
|    time_elapsed         | 5542        |
|    total_timesteps      | 721920      |
| train/                  |             |
|    approx_kl            | 0.030338895 |
|    clip_fraction        | 0.207       |
|    clip_range           | 0.2         |
|    entropy_loss         | -1.61       |
|    explained_variance   | 0.796       |
|    learning_rate        | 0.0003      |
|    loss                 | 0.434       |
|    n_updates            | 1174        |
|    policy_gradient_loss | -0.007      |
|    std                  | 0.541       |
|    value_loss           | 1.23        |
-----------------------------------------
Early stopping at step 2 due to reaching max kl: 0.05
-----------------------------------------
| rollout/                |             |
|    ep_len_mean          | 48.2        |
|    ep_rew_mean          | -48.8       |
| time/                   |             |
|    fps                  | 130         |
|    iterations           | 142         |
|    time_elapsed         | 5586        |
|    total_timesteps      | 727040      |
| train/                  |             |
|    approx_kl            | 0.028045388 |
|    clip_fraction        | 0.232       |
|    clip_range           | 0.2         |
|    entropy_loss         | -1.61       |
|    explained_variance   | 0.796       |
|    learning_rate        | 0.0003      |
|    loss                 | 0.392       |
|    n_updates            | 1177        |
|    policy_gradient_loss | 0.000739    |
|    std                  | 0.541       |
|    value_loss           | 1.17        |
-----------------------------------------
Early stopping at step 2 due to reaching max kl: 0.05
-----------------------------------------
| rollout/                |             |
|    ep_len_mean          | 52          |
|    ep_rew_mean          | -36.6       |
| time/                   |             |
|    fps                  | 130         |
|    iterations           | 143         |
|    time_elapsed         | 5624        |
|    total_timesteps      | 732160      |
| train/                  |             |
|    approx_kl            | 0.041815072 |
|    clip_fraction        | 0.184       |
|    clip_range           | 0.2         |
|    entropy_loss         | -1.61       |
|    explained_variance   | 0.712       |
|    learning_rate        | 0.0003      |
|    loss                 | 0.876       |
|    n_updates            | 1180        |
|    policy_gradient_loss | -0.00217    |
|    std                  | 0.54        |
|    value_loss           | 1.72        |
-----------------------------------------
Early stopping at step 4 due to reaching max kl: 0.06
--------------------------------------
| rollout/                |          |
|    ep_len_mean          | 55.5     |
|    ep_rew_mean          | 9.26     |
| time/                   |          |
|    fps                  | 130      |
|    iterations           | 144      |
|    time_elapsed         | 5664     |
|    total_timesteps      | 737280   |
| train/                  |          |
|    approx_kl            | 0.046637 |
|    clip_fraction        | 0.238    |
|    clip_range           | 0.2      |
|    entropy_loss         | -1.61    |
|    explained_variance   | 0.744    |
|    learning_rate        | 0.0003   |
|    loss                 | 0.434    |
|    n_updates            | 1185     |
|    policy_gradient_loss | -0.00773 |
|    std                  | 0.543    |
|    value_loss           | 0.994    |
--------------------------------------
Early stopping at step 1 due to reaching max kl: 0.05
-----------------------------------------
| rollout/                |             |
|    ep_len_mean          | 52.5        |
|    ep_rew_mean          | -5.38       |
| time/                   |             |
|    fps                  | 130         |
|    iterations           | 145         |
|    time_elapsed         | 5706        |
|    total_timesteps      | 742400      |
| train/                  |             |
|    approx_kl            | 0.030936662 |
|    clip_fraction        | 0.17        |
|    clip_range           | 0.2         |
|    entropy_loss         | -1.62       |
|    explained_variance   | 0.705       |
|    learning_rate        | 0.0003      |
|    loss                 | 0.356       |
|    n_updates            | 1187        |
|    policy_gradient_loss | 0.00199     |
|    std                  | 0.543       |
|    value_loss           | 1.09        |
-----------------------------------------
Early stopping at step 4 due to reaching max kl: 0.05
-----------------------------------------
| rollout/                |             |
|    ep_len_mean          | 53.8        |
|    ep_rew_mean          | -21.4       |
| time/                   |             |
|    fps                  | 130         |
|    iterations           | 146         |
|    time_elapsed         | 5745        |
|    total_timesteps      | 747520      |
| train/                  |             |
|    approx_kl            | 0.031700585 |
|    clip_fraction        | 0.221       |
|    clip_range           | 0.2         |
|    entropy_loss         | -1.62       |
|    explained_variance   | 0.77        |
|    learning_rate        | 0.0003      |
|    loss                 | 0.2         |
|    n_updates            | 1192        |
|    policy_gradient_loss | -0.00985    |
|    std                  | 0.544       |
|    value_loss           | 0.856       |
-----------------------------------------
Early stopping at step 3 due to reaching max kl: 0.05
----------------------------------------
| rollout/                |            |
|    ep_len_mean          | 53.4       |
|    ep_rew_mean          | -17.8      |
| time/                   |            |
|    fps                  | 130        |
|    iterations           | 147        |
|    time_elapsed         | 5787       |
|    total_timesteps      | 752640     |
| train/                  |            |
|    approx_kl            | 0.04525334 |
|    clip_fraction        | 0.17       |
|    clip_range           | 0.2        |
|    entropy_loss         | -1.62      |
|    explained_variance   | 0.702      |
|    learning_rate        | 0.0003     |
|    loss                 | 0.259      |
|    n_updates            | 1196       |
|    policy_gradient_loss | -0.00576   |
|    std                  | 0.544      |
|    value_loss           | 1.1        |
----------------------------------------
-----------------------------------------
| rollout/                |             |
|    ep_len_mean          | 50.8        |
|    ep_rew_mean          | -44.2       |
| time/                   |             |
|    fps                  | 129         |
|    iterations           | 148         |
|    time_elapsed         | 5830        |
|    total_timesteps      | 757760      |
| train/                  |             |
|    approx_kl            | 0.030220559 |
|    clip_fraction        | 0.242       |
|    clip_range           | 0.2         |
|    entropy_loss         | -1.63       |
|    explained_variance   | 0.737       |
|    learning_rate        | 0.0003      |
|    loss                 | 0.114       |
|    n_updates            | 1206        |
|    policy_gradient_loss | -0.0241     |
|    std                  | 0.546       |
|    value_loss           | 0.75        |
-----------------------------------------
Early stopping at step 7 due to reaching max kl: 0.05
----------------------------------------
| rollout/                |            |
|    ep_len_mean          | 51.1       |
|    ep_rew_mean          | -25.6      |
| time/                   |            |
|    fps                  | 129        |
|    iterations           | 149        |
|    time_elapsed         | 5869       |
|    total_timesteps      | 762880     |
| train/                  |            |
|    approx_kl            | 0.04064899 |
|    clip_fraction        | 0.259      |
|    clip_range           | 0.2        |
|    entropy_loss         | -1.62      |
|    explained_variance   | 0.766      |
|    learning_rate        | 0.0003     |
|    loss                 | 0.17       |
|    n_updates            | 1214       |
|    policy_gradient_loss | -0.0155    |
|    std                  | 0.544      |
|    value_loss           | 0.895      |
----------------------------------------
Early stopping at step 7 due to reaching max kl: 0.05
-----------------------------------------
| rollout/                |             |
|    ep_len_mean          | 53.8        |
|    ep_rew_mean          | -13         |
| time/                   |             |
|    fps                  | 129         |
|    iterations           | 150         |
|    time_elapsed         | 5917        |
|    total_timesteps      | 768000      |
| train/                  |             |
|    approx_kl            | 0.047546245 |
|    clip_fraction        | 0.254       |
|    clip_range           | 0.2         |
|    entropy_loss         | -1.62       |
|    explained_variance   | 0.733       |
|    learning_rate        | 0.0003      |
|    loss                 | 0.167       |
|    n_updates            | 1222        |
|    policy_gradient_loss | -0.0148     |
|    std                  | 0.541       |
|    value_loss           | 0.809       |
-----------------------------------------
Early stopping at step 6 due to reaching max kl: 0.05
---------------------------------------
| rollout/                |           |
|    ep_len_mean          | 50.4      |
|    ep_rew_mean          | -54.5     |
| time/                   |           |
|    fps                  | 129       |
|    iterations           | 151       |
|    time_elapsed         | 5960      |
|    total_timesteps      | 773120    |
| train/                  |           |
|    approx_kl            | 0.0356394 |
|    clip_fraction        | 0.253     |
|    clip_range           | 0.2       |
|    entropy_loss         | -1.61     |
|    explained_variance   | 0.69      |
|    learning_rate        | 0.0003    |
|    loss                 | 0.149     |
|    n_updates            | 1229      |
|    policy_gradient_loss | -0.0174   |
|    std                  | 0.538     |
|    value_loss           | 0.848     |
---------------------------------------
-----------------------------------------
| rollout/                |             |
|    ep_len_mean          | 51.4        |
|    ep_rew_mean          | -39         |
| time/                   |             |
|    fps                  | 129         |
|    iterations           | 152         |
|    time_elapsed         | 6002        |
|    total_timesteps      | 778240      |
| train/                  |             |
|    approx_kl            | 0.035465658 |
|    clip_fraction        | 0.259       |
|    clip_range           | 0.2         |
|    entropy_loss         | -1.6        |
|    explained_variance   | 0.696       |
|    learning_rate        | 0.0003      |
|    loss                 | 0.221       |
|    n_updates            | 1239        |
|    policy_gradient_loss | -0.0221     |
|    std                  | 0.541       |
|    value_loss           | 1.09        |
-----------------------------------------
Early stopping at step 1 due to reaching max kl: 0.05
-----------------------------------------
| rollout/                |             |
|    ep_len_mean          | 53.6        |
|    ep_rew_mean          | -10.9       |
| time/                   |             |
|    fps                  | 129         |
|    iterations           | 153         |
|    time_elapsed         | 6042        |
|    total_timesteps      | 783360      |
| train/                  |             |
|    approx_kl            | 0.017720029 |
|    clip_fraction        | 0.142       |
|    clip_range           | 0.2         |
|    entropy_loss         | -1.61       |
|    explained_variance   | 0.788       |
|    learning_rate        | 0.0003      |
|    loss                 | 0.62        |
|    n_updates            | 1241        |
|    policy_gradient_loss | 0.0016      |
|    std                  | 0.541       |
|    value_loss           | 1.3         |
-----------------------------------------
Early stopping at step 3 due to reaching max kl: 0.05
-----------------------------------------
| rollout/                |             |
|    ep_len_mean          | 52.8        |
|    ep_rew_mean          | -42.1       |
| time/                   |             |
|    fps                  | 129         |
|    iterations           | 154         |
|    time_elapsed         | 6086        |
|    total_timesteps      | 788480      |
| train/                  |             |
|    approx_kl            | 0.034141183 |
|    clip_fraction        | 0.242       |
|    clip_range           | 0.2         |
|    entropy_loss         | -1.61       |
|    explained_variance   | 0.711       |
|    learning_rate        | 0.0003      |
|    loss                 | 0.238       |
|    n_updates            | 1245        |
|    policy_gradient_loss | -0.00435    |
|    std                  | 0.542       |
|    value_loss           | 1.12        |
-----------------------------------------
Early stopping at step 9 due to reaching max kl: 0.05
----------------------------------------
| rollout/                |            |
|    ep_len_mean          | 51.5       |
|    ep_rew_mean          | -4.68      |
| time/                   |            |
|    fps                  | 129        |
|    iterations           | 155        |
|    time_elapsed         | 6130       |
|    total_timesteps      | 793600     |
| train/                  |            |
|    approx_kl            | 0.03421801 |
|    clip_fraction        | 0.261      |
|    clip_range           | 0.2        |
|    entropy_loss         | -1.61      |
|    explained_variance   | 0.724      |
|    learning_rate        | 0.0003     |
|    loss                 | 0.127      |
|    n_updates            | 1255       |
|    policy_gradient_loss | -0.0196    |
|    std                  | 0.54       |
|    value_loss           | 0.878      |
----------------------------------------
----------------------------------------
| rollout/                |            |
|    ep_len_mean          | 51.3       |
|    ep_rew_mean          | -38.1      |
| time/                   |            |
|    fps                  | 129        |
|    iterations           | 156        |
|    time_elapsed         | 6174       |
|    total_timesteps      | 798720     |
| train/                  |            |
|    approx_kl            | 0.02974176 |
|    clip_fraction        | 0.241      |
|    clip_range           | 0.2        |
|    entropy_loss         | -1.6       |
|    explained_variance   | 0.753      |
|    learning_rate        | 0.0003     |
|    loss                 | 0.171      |
|    n_updates            | 1265       |
|    policy_gradient_loss | -0.0258    |
|    std                  | 0.534      |
|    value_loss           | 0.691      |
----------------------------------------
Early stopping at step 1 due to reaching max kl: 0.05
[EVAL] t=800,000 supervisor off goal 0.80 collision 0.20 timeout 0.00 return -9.9 colregs -24.5 intervention 0.00 (95.6 s)
[EVAL] t=800,000 supervisor on goal 0.79 collision 0.21 timeout 0.00 return -17.5 colregs -24.4 intervention 0.01 (96.3 s)
-------------------------------------------------
| eval_supervisor_off/            |             |
|    being_overtaken/collision    | 0.2         |
|    being_overtaken/colregs      | -22.8       |
|    being_overtaken/goal         | 0.8         |
|    being_overtaken/intervention | 0           |
|    collision_boundary           | 0.0167      |
|    collision_obstacle           | 0.0667      |
|    collision_rate               | 0.2         |
|    collision_target             | 0.117       |
|    crossing/collision           | 0.55        |
|    crossing/colregs             | -36.3       |
|    crossing/goal                | 0.45        |
|    crossing/intervention        | 0           |
|    episodes                     | 120         |
|    estops_per_episode           | 0           |
|    eval_wall_s                  | 95.6        |
|    goal_rate                    | 0.8         |
|    head_on/collision            | 0.1         |
|    head_on/colregs              | -32.2       |
|    head_on/goal                 | 0.9         |
|    head_on/intervention         | 0           |
|    intervention_rate            | 0           |
|    mean_colregs_integral        | -24.5       |
|    mean_return                  | -9.9        |
|    no_target/collision          | 0.15        |
|    no_target/colregs            | 0           |
|    no_target/goal               | 0.85        |
|    no_target/intervention       | 0           |
|    null/collision               | 0.05        |
|    null/colregs                 | -1.12       |
|    null/goal                    | 0.95        |
|    null/intervention            | 0           |
|    overtaking/collision         | 0.15        |
|    overtaking/colregs           | -54.4       |
|    overtaking/goal              | 0.85        |
|    overtaking/intervention      | 0           |
|    timeout_rate                 | 0           |
|    timesteps                    | 800000      |
| eval_supervisor_on/             |             |
|    being_overtaken/collision    | 0.2         |
|    being_overtaken/colregs      | -22.8       |
|    being_overtaken/goal         | 0.8         |
|    being_overtaken/intervention | 0           |
|    collision_boundary           | 0.0167      |
|    collision_obstacle           | 0.0667      |
|    collision_rate               | 0.208       |
|    collision_target             | 0.125       |
|    crossing/collision           | 0.55        |
|    crossing/colregs             | -36.3       |
|    crossing/goal                | 0.45        |
|    crossing/intervention        | 0           |
|    episodes                     | 120         |
|    estops_per_episode           | 0.0167      |
|    eval_wall_s                  | 96.3        |
|    goal_rate                    | 0.792       |
|    head_on/collision            | 0.1         |
|    head_on/colregs              | -32.2       |
|    head_on/goal                 | 0.9         |
|    head_on/intervention         | 0           |
|    intervention_rate            | 0.00833     |
|    mean_colregs_integral        | -24.4       |
|    mean_return                  | -17.5       |
|    no_target/collision          | 0.15        |
|    no_target/colregs            | 0           |
|    no_target/goal               | 0.85        |
|    no_target/intervention       | 0           |
|    null/collision               | 0.05        |
|    null/colregs                 | -1.12       |
|    null/goal                    | 0.95        |
|    null/intervention            | 0           |
|    overtaking/collision         | 0.2         |
|    overtaking/colregs           | -54.2       |
|    overtaking/goal              | 0.8         |
|    overtaking/intervention      | 0.05        |
|    timeout_rate                 | 0           |
|    timesteps                    | 800000      |
| rollout/                        |             |
|    ep_len_mean                  | 53          |
|    ep_rew_mean                  | -6.55       |
| time/                           |             |
|    fps                          | 125         |
|    iterations                   | 157         |
|    time_elapsed                 | 6407        |
|    total_timesteps              | 803840      |
| train/                          |             |
|    approx_kl                    | 0.029962841 |
|    clip_fraction                | 0.256       |
|    clip_range                   | 0.2         |
|    entropy_loss                 | -1.58       |
|    explained_variance           | 0.812       |
|    learning_rate                | 0.0003      |
|    loss                         | 0.351       |
|    n_updates                    | 1267        |
|    policy_gradient_loss         | 0.00264     |
|    std                          | 0.534       |
|    value_loss                   | 1.16        |
-------------------------------------------------
Early stopping at step 1 due to reaching max kl: 0.05
-----------------------------------------
| rollout/                |             |
|    ep_len_mean          | 54.3        |
|    ep_rew_mean          | -8.55       |
| time/                   |             |
|    fps                  | 125         |
|    iterations           | 158         |
|    time_elapsed         | 6445        |
|    total_timesteps      | 808960      |
| train/                  |             |
|    approx_kl            | 0.025848007 |
|    clip_fraction        | 0.213       |
|    clip_range           | 0.2         |
|    entropy_loss         | -1.58       |
|    explained_variance   | 0.766       |
|    learning_rate        | 0.0003      |
|    loss                 | 0.539       |
|    n_updates            | 1269        |
|    policy_gradient_loss | 0.00461     |
|    std                  | 0.534       |
|    value_loss           | 1.2         |
-----------------------------------------
Early stopping at step 1 due to reaching max kl: 0.05
-----------------------------------------
| rollout/                |             |
|    ep_len_mean          | 52.6        |
|    ep_rew_mean          | -35.2       |
| time/                   |             |
|    fps                  | 125         |
|    iterations           | 159         |
|    time_elapsed         | 6486        |
|    total_timesteps      | 814080      |
| train/                  |             |
|    approx_kl            | 0.033415042 |
|    clip_fraction        | 0.282       |
|    clip_range           | 0.2         |
|    entropy_loss         | -1.58       |
|    explained_variance   | 0.813       |
|    learning_rate        | 0.0003      |
|    loss                 | 0.336       |
|    n_updates            | 1271        |
|    policy_gradient_loss | 0.00793     |
|    std                  | 0.534       |
|    value_loss           | 0.867       |
-----------------------------------------
Early stopping at step 4 due to reaching max kl: 0.05
-----------------------------------------
| rollout/                |             |
|    ep_len_mean          | 51.5        |
|    ep_rew_mean          | -51.2       |
| time/                   |             |
|    fps                  | 125         |
|    iterations           | 160         |
|    time_elapsed         | 6528        |
|    total_timesteps      | 819200      |
| train/                  |             |
|    approx_kl            | 0.034015175 |
|    clip_fraction        | 0.239       |
|    clip_range           | 0.2         |
|    entropy_loss         | -1.59       |
|    explained_variance   | 0.723       |
|    learning_rate        | 0.0003      |
|    loss                 | 0.29        |
|    n_updates            | 1276        |
|    policy_gradient_loss | -0.0145     |
|    std                  | 0.536       |
|    value_loss           | 1.18        |
-----------------------------------------
-----------------------------------------
| rollout/                |             |
|    ep_len_mean          | 53.6        |
|    ep_rew_mean          | -30.9       |
| time/                   |             |
|    fps                  | 125         |
|    iterations           | 161         |
|    time_elapsed         | 6570        |
|    total_timesteps      | 824320      |
| train/                  |             |
|    approx_kl            | 0.029267859 |
|    clip_fraction        | 0.245       |
|    clip_range           | 0.2         |
|    entropy_loss         | -1.59       |
|    explained_variance   | 0.756       |
|    learning_rate        | 0.0003      |
|    loss                 | 0.216       |
|    n_updates            | 1286        |
|    policy_gradient_loss | -0.0252     |
|    std                  | 0.533       |
|    value_loss           | 0.733       |
-----------------------------------------
Early stopping at step 5 due to reaching max kl: 0.05
-----------------------------------------
| rollout/                |             |
|    ep_len_mean          | 56.2        |
|    ep_rew_mean          | -3.14       |
| time/                   |             |
|    fps                  | 125         |
|    iterations           | 162         |
|    time_elapsed         | 6615        |
|    total_timesteps      | 829440      |
| train/                  |             |
|    approx_kl            | 0.030936658 |
|    clip_fraction        | 0.205       |
|    clip_range           | 0.2         |
|    entropy_loss         | -1.57       |
|    explained_variance   | 0.744       |
|    learning_rate        | 0.0003      |
|    loss                 | 0.382       |
|    n_updates            | 1292        |
|    policy_gradient_loss | -0.0134     |
|    std                  | 0.53        |
|    value_loss           | 1.01        |
-----------------------------------------
Early stopping at step 3 due to reaching max kl: 0.06
----------------------------------------
| rollout/                |            |
|    ep_len_mean          | 52.5       |
|    ep_rew_mean          | -22.6      |
| time/                   |            |
|    fps                  | 125        |
|    iterations           | 163        |
|    time_elapsed         | 6654       |
|    total_timesteps      | 834560     |
| train/                  |            |
|    approx_kl            | 0.03800649 |
|    clip_fraction        | 0.224      |
|    clip_range           | 0.2        |
|    entropy_loss         | -1.57      |
|    explained_variance   | 0.795      |
|    learning_rate        | 0.0003     |
|    loss                 | 0.256      |
|    n_updates            | 1296       |
|    policy_gradient_loss | -0.00576   |
|    std                  | 0.529      |
|    value_loss           | 0.666      |
----------------------------------------
Early stopping at step 1 due to reaching max kl: 0.05
-----------------------------------------
| rollout/                |             |
|    ep_len_mean          | 51.7        |
|    ep_rew_mean          | -41.6       |
| time/                   |             |
|    fps                  | 125         |
|    iterations           | 164         |
|    time_elapsed         | 6694        |
|    total_timesteps      | 839680      |
| train/                  |             |
|    approx_kl            | 0.027930485 |
|    clip_fraction        | 0.234       |
|    clip_range           | 0.2         |
|    entropy_loss         | -1.56       |
|    explained_variance   | 0.668       |
|    learning_rate        | 0.0003      |
|    loss                 | 0.546       |
|    n_updates            | 1298        |
|    policy_gradient_loss | 0.00556     |
|    std                  | 0.528       |
|    value_loss           | 1.6         |
-----------------------------------------
Early stopping at step 8 due to reaching max kl: 0.05
-----------------------------------------
| rollout/                |             |
|    ep_len_mean          | 50.5        |
|    ep_rew_mean          | -47.7       |
| time/                   |             |
|    fps                  | 125         |
|    iterations           | 165         |
|    time_elapsed         | 6737        |
|    total_timesteps      | 844800      |
| train/                  |             |
|    approx_kl            | 0.034829818 |
|    clip_fraction        | 0.25        |
|    clip_range           | 0.2         |
|    entropy_loss         | -1.56       |
|    explained_variance   | 0.722       |
|    learning_rate        | 0.0003      |
|    loss                 | 0.367       |
|    n_updates            | 1307        |
|    policy_gradient_loss | -0.0184     |
|    std                  | 0.526       |
|    value_loss           | 1.11        |
-----------------------------------------
Early stopping at step 8 due to reaching max kl: 0.05
----------------------------------------
| rollout/                |            |
|    ep_len_mean          | 49.1       |
|    ep_rew_mean          | -66.8      |
| time/                   |            |
|    fps                  | 125        |
|    iterations           | 166        |
|    time_elapsed         | 6781       |
|    total_timesteps      | 849920     |
| train/                  |            |
|    approx_kl            | 0.04210927 |
|    clip_fraction        | 0.271      |
|    clip_range           | 0.2        |
|    entropy_loss         | -1.55      |
|    explained_variance   | 0.761      |
|    learning_rate        | 0.0003     |
|    loss                 | 0.201      |
|    n_updates            | 1316       |
|    policy_gradient_loss | -0.0231    |
|    std                  | 0.522      |
|    value_loss           | 0.947      |
----------------------------------------
Early stopping at step 7 due to reaching max kl: 0.05
-----------------------------------------
| rollout/                |             |
|    ep_len_mean          | 53.2        |
|    ep_rew_mean          | -36.3       |
| time/                   |             |
|    fps                  | 125         |
|    iterations           | 167         |
|    time_elapsed         | 6825        |
|    total_timesteps      | 855040      |
| train/                  |             |
|    approx_kl            | 0.036629524 |
|    clip_fraction        | 0.27        |
|    clip_range           | 0.2         |
|    entropy_loss         | -1.54       |
|    explained_variance   | 0.781       |
|    learning_rate        | 0.0003      |
|    loss                 | 0.277       |
|    n_updates            | 1324        |
|    policy_gradient_loss | -0.0182     |
|    std                  | 0.521       |
|    value_loss           | 1.05        |
-----------------------------------------
Early stopping at step 6 due to reaching max kl: 0.05
-----------------------------------------
| rollout/                |             |
|    ep_len_mean          | 52          |
|    ep_rew_mean          | -79         |
| time/                   |             |
|    fps                  | 125         |
|    iterations           | 168         |
|    time_elapsed         | 6869        |
|    total_timesteps      | 860160      |
| train/                  |             |
|    approx_kl            | 0.041036014 |
|    clip_fraction        | 0.277       |
|    clip_range           | 0.2         |
|    entropy_loss         | -1.54       |
|    explained_variance   | 0.747       |
|    learning_rate        | 0.0003      |
|    loss                 | 0.203       |
|    n_updates            | 1331        |
|    policy_gradient_loss | -0.0122     |
|    std                  | 0.522       |
|    value_loss           | 0.997       |
-----------------------------------------
Early stopping at step 6 due to reaching max kl: 0.05
-----------------------------------------
| rollout/                |             |
|    ep_len_mean          | 52          |
|    ep_rew_mean          | -16.3       |
| time/                   |             |
|    fps                  | 125         |
|    iterations           | 169         |
|    time_elapsed         | 6912        |
|    total_timesteps      | 865280      |
| train/                  |             |
|    approx_kl            | 0.030456848 |
|    clip_fraction        | 0.228       |
|    clip_range           | 0.2         |
|    entropy_loss         | -1.53       |
|    explained_variance   | 0.745       |
|    learning_rate        | 0.0003      |
|    loss                 | 0.493       |
|    n_updates            | 1338        |
|    policy_gradient_loss | -0.0156     |
|    std                  | 0.521       |
|    value_loss           | 1.16        |
-----------------------------------------
Early stopping at step 5 due to reaching max kl: 0.05
-----------------------------------------
| rollout/                |             |
|    ep_len_mean          | 50.6        |
|    ep_rew_mean          | -44.7       |
| time/                   |             |
|    fps                  | 125         |
|    iterations           | 170         |
|    time_elapsed         | 6952        |
|    total_timesteps      | 870400      |
| train/                  |             |
|    approx_kl            | 0.050236568 |
|    clip_fraction        | 0.252       |
|    clip_range           | 0.2         |
|    entropy_loss         | -1.53       |
|    explained_variance   | 0.743       |
|    learning_rate        | 0.0003      |
|    loss                 | 0.213       |
|    n_updates            | 1344        |
|    policy_gradient_loss | -0.0095     |
|    std                  | 0.519       |
|    value_loss           | 0.944       |
-----------------------------------------
Early stopping at step 8 due to reaching max kl: 0.05
-----------------------------------------
| rollout/                |             |
|    ep_len_mean          | 53.8        |
|    ep_rew_mean          | -6.98       |
| time/                   |             |
|    fps                  | 125         |
|    iterations           | 171         |
|    time_elapsed         | 6994        |
|    total_timesteps      | 875520      |
| train/                  |             |
|    approx_kl            | 0.039621923 |
|    clip_fraction        | 0.255       |
|    clip_range           | 0.2         |
|    entropy_loss         | -1.53       |
|    explained_variance   | 0.768       |
|    learning_rate        | 0.0003      |
|    loss                 | 0.156       |
|    n_updates            | 1353        |
|    policy_gradient_loss | -0.0225     |
|    std                  | 0.521       |
|    value_loss           | 0.89        |
-----------------------------------------
Early stopping at step 7 due to reaching max kl: 0.05
----------------------------------------
| rollout/                |            |
|    ep_len_mean          | 49.2       |
|    ep_rew_mean          | -56.9      |
| time/                   |            |
|    fps                  | 125        |
|    iterations           | 172        |
|    time_elapsed         | 7038       |
|    total_timesteps      | 880640     |
| train/                  |            |
|    approx_kl            | 0.03744747 |
|    clip_fraction        | 0.257      |
|    clip_range           | 0.2        |
|    entropy_loss         | -1.53      |
|    explained_variance   | 0.746      |
|    learning_rate        | 0.0003     |
|    loss                 | 0.257      |
|    n_updates            | 1361       |
|    policy_gradient_loss | -0.019     |
|    std                  | 0.519      |
|    value_loss           | 0.71       |
----------------------------------------
Early stopping at step 9 due to reaching max kl: 0.05
----------------------------------------
| rollout/                |            |
|    ep_len_mean          | 46.2       |
|    ep_rew_mean          | -53.6      |
| time/                   |            |
|    fps                  | 125        |
|    iterations           | 173        |
|    time_elapsed         | 7083       |
|    total_timesteps      | 885760     |
| train/                  |            |
|    approx_kl            | 0.03509947 |
|    clip_fraction        | 0.252      |
|    clip_range           | 0.2        |
|    entropy_loss         | -1.52      |
|    explained_variance   | 0.729      |
|    learning_rate        | 0.0003     |
|    loss                 | 0.415      |
|    n_updates            | 1371       |
|    policy_gradient_loss | -0.0219    |
|    std                  | 0.517      |
|    value_loss           | 1.18       |
----------------------------------------
Early stopping at step 5 due to reaching max kl: 0.05
-----------------------------------------
| rollout/                |             |
|    ep_len_mean          | 50.5        |
|    ep_rew_mean          | -5.45       |
| time/                   |             |
|    fps                  | 125         |
|    iterations           | 174         |
|    time_elapsed         | 7124        |
|    total_timesteps      | 890880      |
| train/                  |             |
|    approx_kl            | 0.028969577 |
|    clip_fraction        | 0.234       |
|    clip_range           | 0.2         |
|    entropy_loss         | -1.52       |
|    explained_variance   | 0.789       |
|    learning_rate        | 0.0003      |
|    loss                 | 0.285       |
|    n_updates            | 1377        |
|    policy_gradient_loss | -0.0116     |
|    std                  | 0.518       |
|    value_loss           | 1.05        |
-----------------------------------------
-----------------------------------------
| rollout/                |             |
|    ep_len_mean          | 50.1        |
|    ep_rew_mean          | -37.9       |
| time/                   |             |
|    fps                  | 125         |
|    iterations           | 175         |
|    time_elapsed         | 7167        |
|    total_timesteps      | 896000      |
| train/                  |             |
|    approx_kl            | 0.030184647 |
|    clip_fraction        | 0.248       |
|    clip_range           | 0.2         |
|    entropy_loss         | -1.52       |
|    explained_variance   | 0.732       |
|    learning_rate        | 0.0003      |
|    loss                 | 0.099       |
|    n_updates            | 1387        |
|    policy_gradient_loss | -0.0256     |
|    std                  | 0.515       |
|    value_loss           | 0.517       |
-----------------------------------------
Early stopping at step 6 due to reaching max kl: 0.05
-----------------------------------------
| rollout/                |             |
|    ep_len_mean          | 48.7        |
|    ep_rew_mean          | -51.4       |
| time/                   |             |
|    fps                  | 124         |
|    iterations           | 176         |
|    time_elapsed         | 7209        |
|    total_timesteps      | 901120      |
| train/                  |             |
|    approx_kl            | 0.041067526 |
|    clip_fraction        | 0.264       |
|    clip_range           | 0.2         |
|    entropy_loss         | -1.51       |
|    explained_variance   | 0.672       |
|    learning_rate        | 0.0003      |
|    loss                 | 0.562       |
|    n_updates            | 1394        |
|    policy_gradient_loss | -0.0125     |
|    std                  | 0.515       |
|    value_loss           | 1.24        |
-----------------------------------------
Early stopping at step 6 due to reaching max kl: 0.05
-----------------------------------------
| rollout/                |             |
|    ep_len_mean          | 50.8        |
|    ep_rew_mean          | -30.8       |
| time/                   |             |
|    fps                  | 125         |
|    iterations           | 177         |
|    time_elapsed         | 7249        |
|    total_timesteps      | 906240      |
| train/                  |             |
|    approx_kl            | 0.031906694 |
|    clip_fraction        | 0.26        |
|    clip_range           | 0.2         |
|    entropy_loss         | -1.51       |
|    explained_variance   | 0.755       |
|    learning_rate        | 0.0003      |
|    loss                 | 0.46        |
|    n_updates            | 1401        |
|    policy_gradient_loss | -0.0119     |
|    std                  | 0.514       |
|    value_loss           | 0.989       |
-----------------------------------------
Early stopping at step 1 due to reaching max kl: 0.05
-----------------------------------------
| rollout/                |             |
|    ep_len_mean          | 52.3        |
|    ep_rew_mean          | 3.06        |
| time/                   |             |
|    fps                  | 125         |
|    iterations           | 178         |
|    time_elapsed         | 7288        |
|    total_timesteps      | 911360      |
| train/                  |             |
|    approx_kl            | 0.041093823 |
|    clip_fraction        | 0.165       |
|    clip_range           | 0.2         |
|    entropy_loss         | -1.51       |
|    explained_variance   | 0.767       |
|    learning_rate        | 0.0003      |
|    loss                 | 0.532       |
|    n_updates            | 1403        |
|    policy_gradient_loss | 0.00612     |
|    std                  | 0.514       |
|    value_loss           | 1.37        |
-----------------------------------------
Early stopping at step 8 due to reaching max kl: 0.05
----------------------------------------
| rollout/                |            |
|    ep_len_mean          | 51.6       |
|    ep_rew_mean          | -21        |
| time/                   |            |
|    fps                  | 125        |
|    iterations           | 179        |
|    time_elapsed         | 7331       |
|    total_timesteps      | 916480     |
| train/                  |            |
|    approx_kl            | 0.03286573 |
|    clip_fraction        | 0.247      |
|    clip_range           | 0.2        |
|    entropy_loss         | -1.51      |
|    explained_variance   | 0.785      |
|    learning_rate        | 0.0003     |
|    loss                 | 0.116      |
|    n_updates            | 1412       |
|    policy_gradient_loss | -0.0224    |
|    std                  | 0.513      |
|    value_loss           | 0.512      |
----------------------------------------
Early stopping at step 3 due to reaching max kl: 0.05
-----------------------------------------
| rollout/                |             |
|    ep_len_mean          | 51.3        |
|    ep_rew_mean          | -17.1       |
| time/                   |             |
|    fps                  | 125         |
|    iterations           | 180         |
|    time_elapsed         | 7371        |
|    total_timesteps      | 921600      |
| train/                  |             |
|    approx_kl            | 0.038647078 |
|    clip_fraction        | 0.248       |
|    clip_range           | 0.2         |
|    entropy_loss         | -1.5        |
|    explained_variance   | 0.757       |
|    learning_rate        | 0.0003      |
|    loss                 | 0.199       |
|    n_updates            | 1416        |
|    policy_gradient_loss | -0.00657    |
|    std                  | 0.512       |
|    value_loss           | 0.97        |
-----------------------------------------
Early stopping at step 4 due to reaching max kl: 0.05
-----------------------------------------
| rollout/                |             |
|    ep_len_mean          | 54          |
|    ep_rew_mean          | -5.02       |
| time/                   |             |
|    fps                  | 125         |
|    iterations           | 181         |
|    time_elapsed         | 7411        |
|    total_timesteps      | 926720      |
| train/                  |             |
|    approx_kl            | 0.031439647 |
|    clip_fraction        | 0.235       |
|    clip_range           | 0.2         |
|    entropy_loss         | -1.5        |
|    explained_variance   | 0.768       |
|    learning_rate        | 0.0003      |
|    loss                 | 0.39        |
|    n_updates            | 1421        |
|    policy_gradient_loss | -0.0122     |
|    std                  | 0.51        |
|    value_loss           | 0.849       |
-----------------------------------------
Early stopping at step 6 due to reaching max kl: 0.05
-----------------------------------------
| rollout/                |             |
|    ep_len_mean          | 52.4        |
|    ep_rew_mean          | -11.5       |
| time/                   |             |
|    fps                  | 125         |
|    iterations           | 182         |
|    time_elapsed         | 7453        |
|    total_timesteps      | 931840      |
| train/                  |             |
|    approx_kl            | 0.039036293 |
|    clip_fraction        | 0.228       |
|    clip_range           | 0.2         |
|    entropy_loss         | -1.49       |
|    explained_variance   | 0.756       |
|    learning_rate        | 0.0003      |
|    loss                 | 0.181       |
|    n_updates            | 1428        |
|    policy_gradient_loss | -0.015      |
|    std                  | 0.509       |
|    value_loss           | 0.744       |
-----------------------------------------
Early stopping at step 5 due to reaching max kl: 0.05
-----------------------------------------
| rollout/                |             |
|    ep_len_mean          | 49          |
|    ep_rew_mean          | -27.5       |
| time/                   |             |
|    fps                  | 125         |
|    iterations           | 183         |
|    time_elapsed         | 7495        |
|    total_timesteps      | 936960      |
| train/                  |             |
|    approx_kl            | 0.042081833 |
|    clip_fraction        | 0.22        |
|    clip_range           | 0.2         |
|    entropy_loss         | -1.49       |
|    explained_variance   | 0.748       |
|    learning_rate        | 0.0003      |
|    loss                 | 0.166       |
|    n_updates            | 1434        |
|    policy_gradient_loss | -0.0134     |
|    std                  | 0.508       |
|    value_loss           | 0.761       |
-----------------------------------------
-----------------------------------------
| rollout/                |             |
|    ep_len_mean          | 50          |
|    ep_rew_mean          | 4           |
| time/                   |             |
|    fps                  | 125         |
|    iterations           | 184         |
|    time_elapsed         | 7534        |
|    total_timesteps      | 942080      |
| train/                  |             |
|    approx_kl            | 0.032461517 |
|    clip_fraction        | 0.253       |
|    clip_range           | 0.2         |
|    entropy_loss         | -1.48       |
|    explained_variance   | 0.759       |
|    learning_rate        | 0.0003      |
|    loss                 | 0.182       |
|    n_updates            | 1444        |
|    policy_gradient_loss | -0.0233     |
|    std                  | 0.504       |
|    value_loss           | 0.889       |
-----------------------------------------
Early stopping at step 3 due to reaching max kl: 0.05
-----------------------------------------
| rollout/                |             |
|    ep_len_mean          | 53.5        |
|    ep_rew_mean          | -12.2       |
| time/                   |             |
|    fps                  | 125         |
|    iterations           | 185         |
|    time_elapsed         | 7576        |
|    total_timesteps      | 947200      |
| train/                  |             |
|    approx_kl            | 0.047719177 |
|    clip_fraction        | 0.215       |
|    clip_range           | 0.2         |
|    entropy_loss         | -1.47       |
|    explained_variance   | 0.815       |
|    learning_rate        | 0.0003      |
|    loss                 | 0.313       |
|    n_updates            | 1448        |
|    policy_gradient_loss | -0.00462    |
|    std                  | 0.504       |
|    value_loss           | 0.716       |
-----------------------------------------
Early stopping at step 1 due to reaching max kl: 0.05
----------------------------------------
| rollout/                |            |
|    ep_len_mean          | 52.6       |
|    ep_rew_mean          | 1.3        |
| time/                   |            |
|    fps                  | 125        |
|    iterations           | 186        |
|    time_elapsed         | 7617       |
|    total_timesteps      | 952320     |
| train/                  |            |
|    approx_kl            | 0.03278077 |
|    clip_fraction        | 0.213      |
|    clip_range           | 0.2        |
|    entropy_loss         | -1.47      |
|    explained_variance   | 0.79       |
|    learning_rate        | 0.0003     |
|    loss                 | 0.483      |
|    n_updates            | 1450       |
|    policy_gradient_loss | 0.00151    |
|    std                  | 0.504      |
|    value_loss           | 1.01       |
----------------------------------------
Early stopping at step 7 due to reaching max kl: 0.05
-----------------------------------------
| rollout/                |             |
|    ep_len_mean          | 48.4        |
|    ep_rew_mean          | -45.9       |
| time/                   |             |
|    fps                  | 124         |
|    iterations           | 187         |
|    time_elapsed         | 7664        |
|    total_timesteps      | 957440      |
| train/                  |             |
|    approx_kl            | 0.042605437 |
|    clip_fraction        | 0.267       |
|    clip_range           | 0.2         |
|    entropy_loss         | -1.46       |
|    explained_variance   | 0.775       |
|    learning_rate        | 0.0003      |
|    loss                 | 0.0741      |
|    n_updates            | 1458        |
|    policy_gradient_loss | -0.019      |
|    std                  | 0.499       |
|    value_loss           | 0.549       |
-----------------------------------------
Early stopping at step 8 due to reaching max kl: 0.05
----------------------------------------
| rollout/                |            |
|    ep_len_mean          | 51.8       |
|    ep_rew_mean          | -11.8      |
| time/                   |            |
|    fps                  | 124        |
|    iterations           | 188        |
|    time_elapsed         | 7705       |
|    total_timesteps      | 962560     |
| train/                  |            |
|    approx_kl            | 0.03840801 |
|    clip_fraction        | 0.238      |
|    clip_range           | 0.2        |
|    entropy_loss         | -1.44      |
|    explained_variance   | 0.782      |
|    learning_rate        | 0.0003     |
|    loss                 | 0.269      |
|    n_updates            | 1467       |
|    policy_gradient_loss | -0.0218    |
|    std                  | 0.495      |
|    value_loss           | 0.935      |
----------------------------------------
Early stopping at step 2 due to reaching max kl: 0.06
-----------------------------------------
| rollout/                |             |
|    ep_len_mean          | 49.5        |
|    ep_rew_mean          | 13.5        |
| time/                   |             |
|    fps                  | 124         |
|    iterations           | 189         |
|    time_elapsed         | 7745        |
|    total_timesteps      | 967680      |
| train/                  |             |
|    approx_kl            | 0.032290276 |
|    clip_fraction        | 0.242       |
|    clip_range           | 0.2         |
|    entropy_loss         | -1.43       |
|    explained_variance   | 0.754       |
|    learning_rate        | 0.0003      |
|    loss                 | 0.319       |
|    n_updates            | 1470        |
|    policy_gradient_loss | 0.00311     |
|    std                  | 0.495       |
|    value_loss           | 0.816       |
-----------------------------------------
Early stopping at step 3 due to reaching max kl: 0.05
-----------------------------------------
| rollout/                |             |
|    ep_len_mean          | 48.8        |
|    ep_rew_mean          | -31         |
| time/                   |             |
|    fps                  | 124         |
|    iterations           | 190         |
|    time_elapsed         | 7789        |
|    total_timesteps      | 972800      |
| train/                  |             |
|    approx_kl            | 0.037372045 |
|    clip_fraction        | 0.234       |
|    clip_range           | 0.2         |
|    entropy_loss         | -1.43       |
|    explained_variance   | 0.795       |
|    learning_rate        | 0.0003      |
|    loss                 | 0.155       |
|    n_updates            | 1474        |
|    policy_gradient_loss | -0.00377    |
|    std                  | 0.495       |
|    value_loss           | 0.662       |
-----------------------------------------
Early stopping at step 1 due to reaching max kl: 0.05
----------------------------------------
| rollout/                |            |
|    ep_len_mean          | 51.8       |
|    ep_rew_mean          | -1.61      |
| time/                   |            |
|    fps                  | 124        |
|    iterations           | 191        |
|    time_elapsed         | 7828       |
|    total_timesteps      | 977920     |
| train/                  |            |
|    approx_kl            | 0.04018852 |
|    clip_fraction        | 0.209      |
|    clip_range           | 0.2        |
|    entropy_loss         | -1.43      |
|    explained_variance   | 0.781      |
|    learning_rate        | 0.0003     |
|    loss                 | 0.645      |
|    n_updates            | 1476       |
|    policy_gradient_loss | 0.00141    |
|    std                  | 0.495      |
|    value_loss           | 1.22       |
----------------------------------------
-----------------------------------------
| rollout/                |             |
|    ep_len_mean          | 50.9        |
|    ep_rew_mean          | -15         |
| time/                   |             |
|    fps                  | 124         |
|    iterations           | 192         |
|    time_elapsed         | 7876        |
|    total_timesteps      | 983040      |
| train/                  |             |
|    approx_kl            | 0.030912453 |
|    clip_fraction        | 0.271       |
|    clip_range           | 0.2         |
|    entropy_loss         | -1.43       |
|    explained_variance   | 0.716       |
|    learning_rate        | 0.0003      |
|    loss                 | 0.149       |
|    n_updates            | 1486        |
|    policy_gradient_loss | -0.0221     |
|    std                  | 0.494       |
|    value_loss           | 0.712       |
-----------------------------------------
Early stopping at step 5 due to reaching max kl: 0.05
-----------------------------------------
| rollout/                |             |
|    ep_len_mean          | 51          |
|    ep_rew_mean          | -14         |
| time/                   |             |
|    fps                  | 124         |
|    iterations           | 193         |
|    time_elapsed         | 7919        |
|    total_timesteps      | 988160      |
| train/                  |             |
|    approx_kl            | 0.037340876 |
|    clip_fraction        | 0.237       |
|    clip_range           | 0.2         |
|    entropy_loss         | -1.42       |
|    explained_variance   | 0.744       |
|    learning_rate        | 0.0003      |
|    loss                 | 0.267       |
|    n_updates            | 1492        |
|    policy_gradient_loss | -0.0143     |
|    std                  | 0.493       |
|    value_loss           | 0.981       |
-----------------------------------------
Early stopping at step 3 due to reaching max kl: 0.06
-----------------------------------------
| rollout/                |             |
|    ep_len_mean          | 50.4        |
|    ep_rew_mean          | -3.17       |
| time/                   |             |
|    fps                  | 124         |
|    iterations           | 194         |
|    time_elapsed         | 7958        |
|    total_timesteps      | 993280      |
| train/                  |             |
|    approx_kl            | 0.035006363 |
|    clip_fraction        | 0.238       |
|    clip_range           | 0.2         |
|    entropy_loss         | -1.42       |
|    explained_variance   | 0.785       |
|    learning_rate        | 0.0003      |
|    loss                 | 0.218       |
|    n_updates            | 1496        |
|    policy_gradient_loss | -0.0109     |
|    std                  | 0.494       |
|    value_loss           | 0.867       |
-----------------------------------------
Early stopping at step 3 due to reaching max kl: 0.05
----------------------------------------
| rollout/                |            |
|    ep_len_mean          | 49.3       |
|    ep_rew_mean          | -12.2      |
| time/                   |            |
|    fps                  | 124        |
|    iterations           | 195        |
|    time_elapsed         | 8000       |
|    total_timesteps      | 998400     |
| train/                  |            |
|    approx_kl            | 0.03420367 |
|    clip_fraction        | 0.221      |
|    clip_range           | 0.2        |
|    entropy_loss         | -1.43      |
|    explained_variance   | 0.772      |
|    learning_rate        | 0.0003     |
|    loss                 | 0.334      |
|    n_updates            | 1500       |
|    policy_gradient_loss | -0.00378   |
|    std                  | 0.496      |
|    value_loss           | 0.91       |
----------------------------------------
[CURRICULUM] t=1,000,000 -> scenario stage 5
[EVAL] t=1,000,000 supervisor off goal 0.82 collision 0.17 timeout 0.00 return 3.9 colregs -23.1 intervention 0.00 (93.9 s)
[EVAL] t=1,000,000 supervisor on goal 0.82 collision 0.18 timeout 0.00 return -6.5 colregs -23.3 intervention 0.02 (95.7 s)
-------------------------------------------------
| eval_supervisor_off/            |             |
|    being_overtaken/collision    | 0.2         |
|    being_overtaken/colregs      | -30.8       |
|    being_overtaken/goal         | 0.8         |
|    being_overtaken/intervention | 0           |
|    collision_boundary           | 0.00833     |
|    collision_obstacle           | 0.0417      |
|    collision_rate               | 0.175       |
|    collision_target             | 0.125       |
|    crossing/collision           | 0.5         |
|    crossing/colregs             | -33.2       |
|    crossing/goal                | 0.5         |
|    crossing/intervention        | 0           |
|    episodes                     | 120         |
|    estops_per_episode           | 0           |
|    eval_wall_s                  | 93.9        |
|    goal_rate                    | 0.825       |
|    head_on/collision            | 0.15        |
|    head_on/colregs              | -28.5       |
|    head_on/goal                 | 0.85        |
|    head_on/intervention         | 0           |
|    intervention_rate            | 0           |
|    mean_colregs_integral        | -23.1       |
|    mean_return                  | 3.87        |
|    no_target/collision          | 0.05        |
|    no_target/colregs            | 0           |
|    no_target/goal               | 0.95        |
|    no_target/intervention       | 0           |
|    null/collision               | 0.15        |
|    null/colregs                 | -5.13       |
|    null/goal                    | 0.85        |
|    null/intervention            | 0           |
|    overtaking/collision         | 0           |
|    overtaking/colregs           | -40.9       |
|    overtaking/goal              | 1           |
|    overtaking/intervention      | 0           |
|    timeout_rate                 | 0           |
|    timesteps                    | 1000000     |
| eval_supervisor_on/             |             |
|    being_overtaken/collision    | 0.2         |
|    being_overtaken/colregs      | -30.8       |
|    being_overtaken/goal         | 0.8         |
|    being_overtaken/intervention | 0           |
|    collision_boundary           | 0.00833     |
|    collision_obstacle           | 0.0417      |
|    collision_rate               | 0.183       |
|    collision_target             | 0.133       |
|    crossing/collision           | 0.5         |
|    crossing/colregs             | -33.2       |
|    crossing/goal                | 0.5         |
|    crossing/intervention        | 0           |
|    episodes                     | 120         |
|    estops_per_episode           | 0.0583      |
|    eval_wall_s                  | 95.7        |
|    goal_rate                    | 0.817       |
|    head_on/collision            | 0.15        |
|    head_on/colregs              | -28.5       |
|    head_on/goal                 | 0.85        |
|    head_on/intervention         | 0           |
|    intervention_rate            | 0.0167      |
|    mean_colregs_integral        | -23.3       |
|    mean_return                  | -6.5        |
|    no_target/collision          | 0.05        |
|    no_target/colregs            | 0           |
|    no_target/goal               | 0.95        |
|    no_target/intervention       | 0           |
|    null/collision               | 0.15        |
|    null/colregs                 | -5.13       |
|    null/goal                    | 0.85        |
|    null/intervention            | 0           |
|    overtaking/collision         | 0.05        |
|    overtaking/colregs           | -41.9       |
|    overtaking/goal              | 0.95        |
|    overtaking/intervention      | 0.1         |
|    timeout_rate                 | 0           |
|    timesteps                    | 1000000     |
| rollout/                        |             |
|    ep_len_mean                  | 48.2        |
|    ep_rew_mean                  | -53.1       |
| time/                           |             |
|    fps                          | 121         |
|    iterations                   | 196         |
|    time_elapsed                 | 8236        |
|    total_timesteps              | 1003520     |
| train/                          |             |
|    approx_kl                    | 0.034505956 |
|    clip_fraction                | 0.253       |
|    clip_range                   | 0.2         |
|    entropy_loss                 | -1.42       |
|    explained_variance           | 0.784       |
|    learning_rate                | 0.0003      |
|    loss                         | 0.143       |
|    n_updates                    | 1510        |
|    policy_gradient_loss         | -0.0241     |
|    std                          | 0.488       |
|    value_loss                   | 0.727       |
-------------------------------------------------
Early stopping at step 2 due to reaching max kl: 0.05
-----------------------------------------
| rollout/                |             |
|    ep_len_mean          | 49.7        |
|    ep_rew_mean          | -4.08       |
| time/                   |             |
|    fps                  | 121         |
|    iterations           | 197         |
|    time_elapsed         | 8276        |
|    total_timesteps      | 1008640     |
| train/                  |             |
|    approx_kl            | 0.047626648 |
|    clip_fraction        | 0.224       |
|    clip_range           | 0.2         |
|    entropy_loss         | -1.4        |
|    explained_variance   | 0.732       |
|    learning_rate        | 0.0003      |
|    loss                 | 0.665       |
|    n_updates            | 1513        |
|    policy_gradient_loss | 0.00457     |
|    std                  | 0.487       |
|    value_loss           | 1.63        |
-----------------------------------------
Early stopping at step 2 due to reaching max kl: 0.07
----------------------------------------
| rollout/                |            |
|    ep_len_mean          | 47.1       |
|    ep_rew_mean          | -51        |
| time/                   |            |
|    fps                  | 121        |
|    iterations           | 198        |
|    time_elapsed         | 8317       |
|    total_timesteps      | 1013760    |
| train/                  |            |
|    approx_kl            | 0.06630245 |
|    clip_fraction        | 0.204      |
|    clip_range           | 0.2        |
|    entropy_loss         | -1.4       |
|    explained_variance   | 0.788      |
|    learning_rate        | 0.0003     |
|    loss                 | 0.475      |
|    n_updates            | 1516       |
|    policy_gradient_loss | 0.00074    |
|    std                  | 0.487      |
|    value_loss           | 0.912      |
----------------------------------------
Early stopping at step 5 due to reaching max kl: 0.05
-----------------------------------------
| rollout/                |             |
|    ep_len_mean          | 50          |
|    ep_rew_mean          | -8.6        |
| time/                   |             |
|    fps                  | 121         |
|    iterations           | 199         |
|    time_elapsed         | 8357        |
|    total_timesteps      | 1018880     |
| train/                  |             |
|    approx_kl            | 0.034322977 |
|    clip_fraction        | 0.247       |
|    clip_range           | 0.2         |
|    entropy_loss         | -1.4        |
|    explained_variance   | 0.743       |
|    learning_rate        | 0.0003      |
|    loss                 | 0.31        |
|    n_updates            | 1522        |
|    policy_gradient_loss | -0.0122     |
|    std                  | 0.488       |
|    value_loss           | 1.11        |
-----------------------------------------
Early stopping at step 4 due to reaching max kl: 0.05
----------------------------------------
| rollout/                |            |
|    ep_len_mean          | 48.2       |
|    ep_rew_mean          | -25.9      |
| time/                   |            |
|    fps                  | 121        |
|    iterations           | 200        |
|    time_elapsed         | 8398       |
|    total_timesteps      | 1024000    |
| train/                  |            |
|    approx_kl            | 0.03203999 |
|    clip_fraction        | 0.22       |
|    clip_range           | 0.2        |
|    entropy_loss         | -1.4       |
|    explained_variance   | 0.771      |
|    learning_rate        | 0.0003     |
|    loss                 | 0.231      |
|    n_updates            | 1527       |
|    policy_gradient_loss | -0.0113    |
|    std                  | 0.488      |
|    value_loss           | 0.813      |
----------------------------------------
Early stopping at step 6 due to reaching max kl: 0.05
----------------------------------------
| rollout/                |            |
|    ep_len_mean          | 49         |
|    ep_rew_mean          | -16.5      |
| time/                   |            |
|    fps                  | 121        |
|    iterations           | 201        |
|    time_elapsed         | 8443       |
|    total_timesteps      | 1029120    |
| train/                  |            |
|    approx_kl            | 0.03846534 |
|    clip_fraction        | 0.272      |
|    clip_range           | 0.2        |
|    entropy_loss         | -1.4       |
|    explained_variance   | 0.734      |
|    learning_rate        | 0.0003     |
|    loss                 | 0.157      |
|    n_updates            | 1534       |
|    policy_gradient_loss | -0.0202    |
|    std                  | 0.486      |
|    value_loss           | 0.873      |
----------------------------------------
Early stopping at step 1 due to reaching max kl: 0.05
-----------------------------------------
| rollout/                |             |
|    ep_len_mean          | 47.5        |
|    ep_rew_mean          | -28.2       |
| time/                   |             |
|    fps                  | 121         |
|    iterations           | 202         |
|    time_elapsed         | 8483        |
|    total_timesteps      | 1034240     |
| train/                  |             |
|    approx_kl            | 0.027082095 |
|    clip_fraction        | 0.168       |
|    clip_range           | 0.2         |
|    entropy_loss         | -1.39       |
|    explained_variance   | 0.725       |
|    learning_rate        | 0.0003      |
|    loss                 | 0.463       |
|    n_updates            | 1536        |
|    policy_gradient_loss | -0.000551   |
|    std                  | 0.485       |
|    value_loss           | 1.24        |
-----------------------------------------
Early stopping at step 2 due to reaching max kl: 0.07
-----------------------------------------
| rollout/                |             |
|    ep_len_mean          | 47.2        |
|    ep_rew_mean          | -57.4       |
| time/                   |             |
|    fps                  | 121         |
|    iterations           | 203         |
|    time_elapsed         | 8528        |
|    total_timesteps      | 1039360     |
| train/                  |             |
|    approx_kl            | 0.039996553 |
|    clip_fraction        | 0.23        |
|    clip_range           | 0.2         |
|    entropy_loss         | -1.39       |
|    explained_variance   | 0.726       |
|    learning_rate        | 0.0003      |
|    loss                 | 0.507       |
|    n_updates            | 1539        |
|    policy_gradient_loss | -0.005      |
|    std                  | 0.484       |
|    value_loss           | 1.38        |
-----------------------------------------
Early stopping at step 5 due to reaching max kl: 0.05
-----------------------------------------
| rollout/                |             |
|    ep_len_mean          | 45.1        |
|    ep_rew_mean          | -88.3       |
| time/                   |             |
|    fps                  | 121         |
|    iterations           | 204         |
|    time_elapsed         | 8571        |
|    total_timesteps      | 1044480     |
| train/                  |             |
|    approx_kl            | 0.047971178 |
|    clip_fraction        | 0.263       |
|    clip_range           | 0.2         |
|    entropy_loss         | -1.38       |
|    explained_variance   | 0.746       |
|    learning_rate        | 0.0003      |
|    loss                 | 0.573       |
|    n_updates            | 1545        |
|    policy_gradient_loss | -0.00848    |
|    std                  | 0.484       |
|    value_loss           | 1.34        |
-----------------------------------------
Early stopping at step 4 due to reaching max kl: 0.05
----------------------------------------
| rollout/                |            |
|    ep_len_mean          | 49.3       |
|    ep_rew_mean          | -20.1      |
| time/                   |            |
|    fps                  | 121        |
|    iterations           | 205        |
|    time_elapsed         | 8612       |
|    total_timesteps      | 1049600    |
| train/                  |            |
|    approx_kl            | 0.04855155 |
|    clip_fraction        | 0.234      |
|    clip_range           | 0.2        |
|    entropy_loss         | -1.38      |
|    explained_variance   | 0.745      |
|    learning_rate        | 0.0003     |
|    loss                 | 0.598      |
|    n_updates            | 1550       |
|    policy_gradient_loss | -0.0102    |
|    std                  | 0.483      |
|    value_loss           | 1.72       |
----------------------------------------
-----------------------------------------
| rollout/                |             |
|    ep_len_mean          | 46.9        |
|    ep_rew_mean          | -52.9       |
| time/                   |             |
|    fps                  | 121         |
|    iterations           | 206         |
|    time_elapsed         | 8657        |
|    total_timesteps      | 1054720     |
| train/                  |             |
|    approx_kl            | 0.036219396 |
|    clip_fraction        | 0.266       |
|    clip_range           | 0.2         |
|    entropy_loss         | -1.38       |
|    explained_variance   | 0.737       |
|    learning_rate        | 0.0003      |
|    loss                 | 0.48        |
|    n_updates            | 1560        |
|    policy_gradient_loss | -0.0218     |
|    std                  | 0.48        |
|    value_loss           | 0.915       |
-----------------------------------------
Early stopping at step 5 due to reaching max kl: 0.05
----------------------------------------
| rollout/                |            |
|    ep_len_mean          | 48.9       |
|    ep_rew_mean          | -28        |
| time/                   |            |
|    fps                  | 121        |
|    iterations           | 207        |
|    time_elapsed         | 8700       |
|    total_timesteps      | 1059840    |
| train/                  |            |
|    approx_kl            | 0.03486657 |
|    clip_fraction        | 0.251      |
|    clip_range           | 0.2        |
|    entropy_loss         | -1.36      |
|    explained_variance   | 0.81       |
|    learning_rate        | 0.0003     |
|    loss                 | 0.418      |
|    n_updates            | 1566       |
|    policy_gradient_loss | -0.0111    |
|    std                  | 0.478      |
|    value_loss           | 0.939      |
----------------------------------------
Early stopping at step 5 due to reaching max kl: 0.05
----------------------------------------
| rollout/                |            |
|    ep_len_mean          | 47.1       |
|    ep_rew_mean          | -57.1      |
| time/                   |            |
|    fps                  | 121        |
|    iterations           | 208        |
|    time_elapsed         | 8742       |
|    total_timesteps      | 1064960    |
| train/                  |            |
|    approx_kl            | 0.03915182 |
|    clip_fraction        | 0.235      |
|    clip_range           | 0.2        |
|    entropy_loss         | -1.36      |
|    explained_variance   | 0.713      |
|    learning_rate        | 0.0003     |
|    loss                 | 0.18       |
|    n_updates            | 1572       |
|    policy_gradient_loss | -0.0102    |
|    std                  | 0.478      |
|    value_loss           | 0.998      |
----------------------------------------
Early stopping at step 6 due to reaching max kl: 0.05
-----------------------------------------
| rollout/                |             |
|    ep_len_mean          | 48.9        |
|    ep_rew_mean          | -32.5       |
| time/                   |             |
|    fps                  | 121         |
|    iterations           | 209         |
|    time_elapsed         | 8784        |
|    total_timesteps      | 1070080     |
| train/                  |             |
|    approx_kl            | 0.038103405 |
|    clip_fraction        | 0.254       |
|    clip_range           | 0.2         |
|    entropy_loss         | -1.36       |
|    explained_variance   | 0.776       |
|    learning_rate        | 0.0003      |
|    loss                 | 0.293       |
|    n_updates            | 1579        |
|    policy_gradient_loss | -0.0187     |
|    std                  | 0.478       |
|    value_loss           | 1.02        |
-----------------------------------------
Early stopping at step 3 due to reaching max kl: 0.05
-----------------------------------------
| rollout/                |             |
|    ep_len_mean          | 49.6        |
|    ep_rew_mean          | -34         |
| time/                   |             |
|    fps                  | 121         |
|    iterations           | 210         |
|    time_elapsed         | 8825        |
|    total_timesteps      | 1075200     |
| train/                  |             |
|    approx_kl            | 0.029971467 |
|    clip_fraction        | 0.213       |
|    clip_range           | 0.2         |
|    entropy_loss         | -1.36       |
|    explained_variance   | 0.748       |
|    learning_rate        | 0.0003      |
|    loss                 | 0.479       |
|    n_updates            | 1583        |
|    policy_gradient_loss | -0.0075     |
|    std                  | 0.477       |
|    value_loss           | 0.973       |
-----------------------------------------
Early stopping at step 1 due to reaching max kl: 0.05
-----------------------------------------
| rollout/                |             |
|    ep_len_mean          | 50.1        |
|    ep_rew_mean          | -19         |
| time/                   |             |
|    fps                  | 121         |
|    iterations           | 211         |
|    time_elapsed         | 8865        |
|    total_timesteps      | 1080320     |
| train/                  |             |
|    approx_kl            | 0.035611663 |
|    clip_fraction        | 0.205       |
|    clip_range           | 0.2         |
|    entropy_loss         | -1.36       |
|    explained_variance   | 0.771       |
|    learning_rate        | 0.0003      |
|    loss                 | 0.574       |
|    n_updates            | 1585        |
|    policy_gradient_loss | 0.00515     |
|    std                  | 0.477       |
|    value_loss           | 1.24        |
-----------------------------------------
Early stopping at step 1 due to reaching max kl: 0.05
----------------------------------------
| rollout/                |            |
|    ep_len_mean          | 51.5       |
|    ep_rew_mean          | -10.5      |
| time/                   |            |
|    fps                  | 121        |
|    iterations           | 212        |
|    time_elapsed         | 8910       |
|    total_timesteps      | 1085440    |
| train/                  |            |
|    approx_kl            | 0.03126035 |
|    clip_fraction        | 0.256      |
|    clip_range           | 0.2        |
|    entropy_loss         | -1.36      |
|    explained_variance   | 0.798      |
|    learning_rate        | 0.0003     |
|    loss                 | 0.668      |
|    n_updates            | 1587       |
|    policy_gradient_loss | 0.00544    |
|    std                  | 0.478      |
|    value_loss           | 1.06       |
----------------------------------------
Early stopping at step 3 due to reaching max kl: 0.05
-----------------------------------------
| rollout/                |             |
|    ep_len_mean          | 51.2        |
|    ep_rew_mean          | -47.7       |
| time/                   |             |
|    fps                  | 121         |
|    iterations           | 213         |
|    time_elapsed         | 8952        |
|    total_timesteps      | 1090560     |
| train/                  |             |
|    approx_kl            | 0.046538055 |
|    clip_fraction        | 0.197       |
|    clip_range           | 0.2         |
|    entropy_loss         | -1.36       |
|    explained_variance   | 0.684       |
|    learning_rate        | 0.0003      |
|    loss                 | 0.282       |
|    n_updates            | 1591        |
|    policy_gradient_loss | -0.00473    |
|    std                  | 0.476       |
|    value_loss           | 1.1         |
-----------------------------------------
Early stopping at step 1 due to reaching max kl: 0.05
-----------------------------------------
| rollout/                |             |
|    ep_len_mean          | 51          |
|    ep_rew_mean          | -60.5       |
| time/                   |             |
|    fps                  | 121         |
|    iterations           | 214         |
|    time_elapsed         | 8995        |
|    total_timesteps      | 1095680     |
| train/                  |             |
|    approx_kl            | 0.029436532 |
|    clip_fraction        | 0.209       |
|    clip_range           | 0.2         |
|    entropy_loss         | -1.35       |
|    explained_variance   | 0.785       |
|    learning_rate        | 0.0003      |
|    loss                 | 0.39        |
|    n_updates            | 1593        |
|    policy_gradient_loss | 0.00213     |
|    std                  | 0.475       |
|    value_loss           | 1.14        |
-----------------------------------------
Early stopping at step 3 due to reaching max kl: 0.05
-----------------------------------------
| rollout/                |             |
|    ep_len_mean          | 54.1        |
|    ep_rew_mean          | -15.6       |
| time/                   |             |
|    fps                  | 121         |
|    iterations           | 215         |
|    time_elapsed         | 9035        |
|    total_timesteps      | 1100800     |
| train/                  |             |
|    approx_kl            | 0.043302596 |
|    clip_fraction        | 0.224       |
|    clip_range           | 0.2         |
|    entropy_loss         | -1.35       |
|    explained_variance   | 0.792       |
|    learning_rate        | 0.0003      |
|    loss                 | 0.446       |
|    n_updates            | 1597        |
|    policy_gradient_loss | -0.00561    |
|    std                  | 0.475       |
|    value_loss           | 1.06        |
-----------------------------------------
Early stopping at step 1 due to reaching max kl: 0.05
-----------------------------------------
| rollout/                |             |
|    ep_len_mean          | 52          |
|    ep_rew_mean          | -27.1       |
| time/                   |             |
|    fps                  | 121         |
|    iterations           | 216         |
|    time_elapsed         | 9075        |
|    total_timesteps      | 1105920     |
| train/                  |             |
|    approx_kl            | 0.027411629 |
|    clip_fraction        | 0.203       |
|    clip_range           | 0.2         |
|    entropy_loss         | -1.35       |
|    explained_variance   | 0.775       |
|    learning_rate        | 0.0003      |
|    loss                 | 0.536       |
|    n_updates            | 1599        |
|    policy_gradient_loss | 0.0013      |
|    std                  | 0.475       |
|    value_loss           | 1.16        |
-----------------------------------------
Early stopping at step 1 due to reaching max kl: 0.07
-----------------------------------------
| rollout/                |             |
|    ep_len_mean          | 53.6        |
|    ep_rew_mean          | -39.2       |
| time/                   |             |
|    fps                  | 121         |
|    iterations           | 217         |
|    time_elapsed         | 9113        |
|    total_timesteps      | 1111040     |
| train/                  |             |
|    approx_kl            | 0.032834847 |
|    clip_fraction        | 0.241       |
|    clip_range           | 0.2         |
|    entropy_loss         | -1.35       |
|    explained_variance   | 0.782       |
|    learning_rate        | 0.0003      |
|    loss                 | 0.443       |
|    n_updates            | 1601        |
|    policy_gradient_loss | 0.00262     |
|    std                  | 0.476       |
|    value_loss           | 1.12        |
-----------------------------------------
Early stopping at step 5 due to reaching max kl: 0.05
-----------------------------------------
| rollout/                |             |
|    ep_len_mean          | 53.8        |
|    ep_rew_mean          | -34.4       |
| time/                   |             |
|    fps                  | 121         |
|    iterations           | 218         |
|    time_elapsed         | 9152        |
|    total_timesteps      | 1116160     |
| train/                  |             |
|    approx_kl            | 0.039351393 |
|    clip_fraction        | 0.24        |
|    clip_range           | 0.2         |
|    entropy_loss         | -1.35       |
|    explained_variance   | 0.773       |
|    learning_rate        | 0.0003      |
|    loss                 | 0.178       |
|    n_updates            | 1607        |
|    policy_gradient_loss | -0.0166     |
|    std                  | 0.475       |
|    value_loss           | 0.875       |
-----------------------------------------
Early stopping at step 5 due to reaching max kl: 0.05
----------------------------------------
| rollout/                |            |
|    ep_len_mean          | 55         |
|    ep_rew_mean          | -17.7      |
| time/                   |            |
|    fps                  | 121        |
|    iterations           | 219        |
|    time_elapsed         | 9193       |
|    total_timesteps      | 1121280    |
| train/                  |            |
|    approx_kl            | 0.03862776 |
|    clip_fraction        | 0.24       |
|    clip_range           | 0.2        |
|    entropy_loss         | -1.35      |
|    explained_variance   | 0.814      |
|    learning_rate        | 0.0003     |
|    loss                 | 0.324      |
|    n_updates            | 1613       |
|    policy_gradient_loss | -0.0145    |
|    std                  | 0.475      |
|    value_loss           | 0.787      |
----------------------------------------
Early stopping at step 1 due to reaching max kl: 0.05
-----------------------------------------
| rollout/                |             |
|    ep_len_mean          | 53.3        |
|    ep_rew_mean          | -8.01       |
| time/                   |             |
|    fps                  | 121         |
|    iterations           | 220         |
|    time_elapsed         | 9232        |
|    total_timesteps      | 1126400     |
| train/                  |             |
|    approx_kl            | 0.024926892 |
|    clip_fraction        | 0.207       |
|    clip_range           | 0.2         |
|    entropy_loss         | -1.35       |
|    explained_variance   | 0.813       |
|    learning_rate        | 0.0003      |
|    loss                 | 0.393       |
|    n_updates            | 1615        |
|    policy_gradient_loss | 0.000831    |
|    std                  | 0.474       |
|    value_loss           | 0.958       |
-----------------------------------------
Early stopping at step 2 due to reaching max kl: 0.05
-----------------------------------------
| rollout/                |             |
|    ep_len_mean          | 50.4        |
|    ep_rew_mean          | -40.7       |
| time/                   |             |
|    fps                  | 122         |
|    iterations           | 221         |
|    time_elapsed         | 9272        |
|    total_timesteps      | 1131520     |
| train/                  |             |
|    approx_kl            | 0.053274848 |
|    clip_fraction        | 0.225       |
|    clip_range           | 0.2         |
|    entropy_loss         | -1.35       |
|    explained_variance   | 0.783       |
|    learning_rate        | 0.0003      |
|    loss                 | 0.373       |
|    n_updates            | 1618        |
|    policy_gradient_loss | 0.00465     |
|    std                  | 0.474       |
|    value_loss           | 0.988       |
-----------------------------------------
Early stopping at step 3 due to reaching max kl: 0.05
----------------------------------------
| rollout/                |            |
|    ep_len_mean          | 49.7       |
|    ep_rew_mean          | -61.1      |
| time/                   |            |
|    fps                  | 121        |
|    iterations           | 222        |
|    time_elapsed         | 9319       |
|    total_timesteps      | 1136640    |
| train/                  |            |
|    approx_kl            | 0.03704553 |
|    clip_fraction        | 0.243      |
|    clip_range           | 0.2        |
|    entropy_loss         | -1.35      |
|    explained_variance   | 0.779      |
|    learning_rate        | 0.0003     |
|    loss                 | 0.323      |
|    n_updates            | 1622       |
|    policy_gradient_loss | -0.00754   |
|    std                  | 0.476      |
|    value_loss           | 0.994      |
----------------------------------------
Early stopping at step 4 due to reaching max kl: 0.05
----------------------------------------
| rollout/                |            |
|    ep_len_mean          | 49.5       |
|    ep_rew_mean          | -45.1      |
| time/                   |            |
|    fps                  | 121        |
|    iterations           | 223        |
|    time_elapsed         | 9363       |
|    total_timesteps      | 1141760    |
| train/                  |            |
|    approx_kl            | 0.03848215 |
|    clip_fraction        | 0.233      |
|    clip_range           | 0.2        |
|    entropy_loss         | -1.35      |
|    explained_variance   | 0.742      |
|    learning_rate        | 0.0003     |
|    loss                 | 0.383      |
|    n_updates            | 1627       |
|    policy_gradient_loss | -0.0112    |
|    std                  | 0.478      |
|    value_loss           | 1.28       |
----------------------------------------
Early stopping at step 5 due to reaching max kl: 0.05
-----------------------------------------
| rollout/                |             |
|    ep_len_mean          | 51.6        |
|    ep_rew_mean          | -40.7       |
| time/                   |             |
|    fps                  | 121         |
|    iterations           | 224         |
|    time_elapsed         | 9406        |
|    total_timesteps      | 1146880     |
| train/                  |             |
|    approx_kl            | 0.032707863 |
|    clip_fraction        | 0.239       |
|    clip_range           | 0.2         |
|    entropy_loss         | -1.36       |
|    explained_variance   | 0.783       |
|    learning_rate        | 0.0003      |
|    loss                 | 0.289       |
|    n_updates            | 1633        |
|    policy_gradient_loss | -0.0145     |
|    std                  | 0.478       |
|    value_loss           | 0.782       |
-----------------------------------------
Early stopping at step 6 due to reaching max kl: 0.05
----------------------------------------
| rollout/                |            |
|    ep_len_mean          | 51.2       |
|    ep_rew_mean          | -18        |
| time/                   |            |
|    fps                  | 121        |
|    iterations           | 225        |
|    time_elapsed         | 9447       |
|    total_timesteps      | 1152000    |
| train/                  |            |
|    approx_kl            | 0.03564626 |
|    clip_fraction        | 0.258      |
|    clip_range           | 0.2        |
|    entropy_loss         | -1.36      |
|    explained_variance   | 0.763      |
|    learning_rate        | 0.0003     |
|    loss                 | 0.298      |
|    n_updates            | 1640       |
|    policy_gradient_loss | -0.0178    |
|    std                  | 0.476      |
|    value_loss           | 1.05       |
----------------------------------------
Early stopping at step 2 due to reaching max kl: 0.06
---------------------------------------
| rollout/                |           |
|    ep_len_mean          | 51.1      |
|    ep_rew_mean          | -19.8     |
| time/                   |           |
|    fps                  | 121       |
|    iterations           | 226       |
|    time_elapsed         | 9491      |
|    total_timesteps      | 1157120   |
| train/                  |           |
|    approx_kl            | 0.0574367 |
|    clip_fraction        | 0.237     |
|    clip_range           | 0.2       |
|    entropy_loss         | -1.35     |
|    explained_variance   | 0.757     |
|    learning_rate        | 0.0003    |
|    loss                 | 0.231     |
|    n_updates            | 1643      |
|    policy_gradient_loss | 0.00326   |
|    std                  | 0.476     |
|    value_loss           | 1.12      |
---------------------------------------
Early stopping at step 4 due to reaching max kl: 0.06
-----------------------------------------
| rollout/                |             |
|    ep_len_mean          | 48.1        |
|    ep_rew_mean          | -59.4       |
| time/                   |             |
|    fps                  | 121         |
|    iterations           | 227         |
|    time_elapsed         | 9546        |
|    total_timesteps      | 1162240     |
| train/                  |             |
|    approx_kl            | 0.038375758 |
|    clip_fraction        | 0.257       |
|    clip_range           | 0.2         |
|    entropy_loss         | -1.35       |
|    explained_variance   | 0.778       |
|    learning_rate        | 0.0003      |
|    loss                 | 0.363       |
|    n_updates            | 1648        |
|    policy_gradient_loss | -0.00979    |
|    std                  | 0.474       |
|    value_loss           | 0.828       |
-----------------------------------------
Early stopping at step 1 due to reaching max kl: 0.05
-----------------------------------------
| rollout/                |             |
|    ep_len_mean          | 51.1        |
|    ep_rew_mean          | -39.8       |
| time/                   |             |
|    fps                  | 121         |
|    iterations           | 228         |
|    time_elapsed         | 9596        |
|    total_timesteps      | 1167360     |
| train/                  |             |
|    approx_kl            | 0.026281642 |
|    clip_fraction        | 0.154       |
|    clip_range           | 0.2         |
|    entropy_loss         | -1.34       |
|    explained_variance   | 0.751       |
|    learning_rate        | 0.0003      |
|    loss                 | 0.443       |
|    n_updates            | 1650        |
|    policy_gradient_loss | 0.00287     |
|    std                  | 0.473       |
|    value_loss           | 1.59        |
-----------------------------------------
Early stopping at step 2 due to reaching max kl: 0.05
-----------------------------------------
| rollout/                |             |
|    ep_len_mean          | 49          |
|    ep_rew_mean          | -39.2       |
| time/                   |             |
|    fps                  | 121         |
|    iterations           | 229         |
|    time_elapsed         | 9646        |
|    total_timesteps      | 1172480     |
| train/                  |             |
|    approx_kl            | 0.036839735 |
|    clip_fraction        | 0.216       |
|    clip_range           | 0.2         |
|    entropy_loss         | -1.34       |
|    explained_variance   | 0.664       |
|    learning_rate        | 0.0003      |
|    loss                 | 0.767       |
|    n_updates            | 1653        |
|    policy_gradient_loss | -0.000254   |
|    std                  | 0.473       |
|    value_loss           | 1.65        |
-----------------------------------------
Early stopping at step 5 due to reaching max kl: 0.05
-----------------------------------------
| rollout/                |             |
|    ep_len_mean          | 49.5        |
|    ep_rew_mean          | -29.7       |
| time/                   |             |
|    fps                  | 121         |
|    iterations           | 230         |
|    time_elapsed         | 9713        |
|    total_timesteps      | 1177600     |
| train/                  |             |
|    approx_kl            | 0.042689722 |
|    clip_fraction        | 0.251       |
|    clip_range           | 0.2         |
|    entropy_loss         | -1.34       |
|    explained_variance   | 0.76        |
|    learning_rate        | 0.0003      |
|    loss                 | 0.36        |
|    n_updates            | 1659        |
|    policy_gradient_loss | -0.0168     |
|    std                  | 0.472       |
|    value_loss           | 1.03        |
-----------------------------------------
Early stopping at step 1 due to reaching max kl: 0.05
-----------------------------------------
| rollout/                |             |
|    ep_len_mean          | 50          |
|    ep_rew_mean          | -55.4       |
| time/                   |             |
|    fps                  | 120         |
|    iterations           | 231         |
|    time_elapsed         | 9775        |
|    total_timesteps      | 1182720     |
| train/                  |             |
|    approx_kl            | 0.033967603 |
|    clip_fraction        | 0.235       |
|    clip_range           | 0.2         |
|    entropy_loss         | -1.33       |
|    explained_variance   | 0.81        |
|    learning_rate        | 0.0003      |
|    loss                 | 0.34        |
|    n_updates            | 1661        |
|    policy_gradient_loss | 0.00127     |
|    std                  | 0.471       |
|    value_loss           | 0.863       |
-----------------------------------------
Early stopping at step 0 due to reaching max kl: 0.06
-----------------------------------------
| rollout/                |             |
|    ep_len_mean          | 48          |
|    ep_rew_mean          | -54.2       |
| time/                   |             |
|    fps                  | 120         |
|    iterations           | 232         |
|    time_elapsed         | 9839        |
|    total_timesteps      | 1187840     |
| train/                  |             |
|    approx_kl            | 0.022423122 |
|    clip_fraction        | 0.236       |
|    clip_range           | 0.2         |
|    entropy_loss         | -1.33       |
|    explained_variance   | 0.832       |
|    learning_rate        | 0.0003      |
|    loss                 | 0.574       |
|    n_updates            | 1662        |
|    policy_gradient_loss | 0.00853     |
|    std                  | 0.471       |
|    value_loss           | 1.26        |
-----------------------------------------
Early stopping at step 2 due to reaching max kl: 0.05
-----------------------------------------
| rollout/                |             |
|    ep_len_mean          | 50.2        |
|    ep_rew_mean          | -43.4       |
| time/                   |             |
|    fps                  | 120         |
|    iterations           | 233         |
|    time_elapsed         | 9890        |
|    total_timesteps      | 1192960     |
| train/                  |             |
|    approx_kl            | 0.034768898 |
|    clip_fraction        | 0.242       |
|    clip_range           | 0.2         |
|    entropy_loss         | -1.33       |
|    explained_variance   | 0.794       |
|    learning_rate        | 0.0003      |
|    loss                 | 0.532       |
|    n_updates            | 1665        |
|    policy_gradient_loss | -0.00107    |
|    std                  | 0.47        |
|    value_loss           | 1.19        |
-----------------------------------------
Early stopping at step 2 due to reaching max kl: 0.05
-----------------------------------------
| rollout/                |             |
|    ep_len_mean          | 50.8        |
|    ep_rew_mean          | -29.7       |
| time/                   |             |
|    fps                  | 120         |
|    iterations           | 234         |
|    time_elapsed         | 9934        |
|    total_timesteps      | 1198080     |
| train/                  |             |
|    approx_kl            | 0.030371182 |
|    clip_fraction        | 0.199       |
|    clip_range           | 0.2         |
|    entropy_loss         | -1.33       |
|    explained_variance   | 0.776       |
|    learning_rate        | 0.0003      |
|    loss                 | 0.411       |
|    n_updates            | 1668        |
|    policy_gradient_loss | -0.00529    |
|    std                  | 0.47        |
|    value_loss           | 1.2         |
-----------------------------------------
Early stopping at step 6 due to reaching max kl: 0.05
[EVAL] t=1,200,000 supervisor off goal 0.85 collision 0.15 timeout 0.00 return 12.9 colregs -20.0 intervention 0.00 (170.8 s)
[EVAL] t=1,200,000 supervisor on goal 0.84 collision 0.16 timeout 0.00 return 6.4 colregs -20.1 intervention 0.03 (106.7 s)
------------------------------------------------
| eval_supervisor_off/            |            |
|    being_overtaken/collision    | 0.25       |
|    being_overtaken/colregs      | -24        |
|    being_overtaken/goal         | 0.75       |
|    being_overtaken/intervention | 0          |
|    collision_boundary           | 0.0167     |
|    collision_obstacle           | 0.0333     |
|    collision_rate               | 0.15       |
|    collision_target             | 0.1        |
|    crossing/collision           | 0.45       |
|    crossing/colregs             | -34.3      |
|    crossing/goal                | 0.55       |
|    crossing/intervention        | 0          |
|    episodes                     | 120        |
|    estops_per_episode           | 0          |
|    eval_wall_s                  | 171        |
|    goal_rate                    | 0.85       |
|    head_on/collision            | 0.15       |
|    head_on/colregs              | -13.8      |
|    head_on/goal                 | 0.85       |
|    head_on/intervention         | 0          |
|    intervention_rate            | 0          |
|    mean_colregs_integral        | -20        |
|    mean_return                  | 12.9       |
|    no_target/collision          | 0          |
|    no_target/colregs            | 0          |
|    no_target/goal               | 1          |
|    no_target/intervention       | 0          |
|    null/collision               | 0.05       |
|    null/colregs                 | -2.88      |
|    null/goal                    | 0.95       |
|    null/intervention            | 0          |
|    overtaking/collision         | 0          |
|    overtaking/colregs           | -45.3      |
|    overtaking/goal              | 1          |
|    overtaking/intervention      | 0          |
|    timeout_rate                 | 0          |
|    timesteps                    | 1200000    |
| eval_supervisor_on/             |            |
|    being_overtaken/collision    | 0.25       |
|    being_overtaken/colregs      | -24        |
|    being_overtaken/goal         | 0.75       |
|    being_overtaken/intervention | 0          |
|    collision_boundary           | 0.0167     |
|    collision_obstacle           | 0.0333     |
|    collision_rate               | 0.158      |
|    collision_target             | 0.108      |
|    crossing/collision           | 0.45       |
|    crossing/colregs             | -34.3      |
|    crossing/goal                | 0.55       |
|    crossing/intervention        | 0          |
|    episodes                     | 120        |
|    estops_per_episode           | 0.0417     |
|    eval_wall_s                  | 107        |
|    goal_rate                    | 0.842      |
|    head_on/collision            | 0.15       |
|    head_on/colregs              | -13.8      |
|    head_on/goal                 | 0.85       |
|    head_on/intervention         | 0.05       |
|    intervention_rate            | 0.025      |
|    mean_colregs_integral        | -20.1      |
|    mean_return                  | 6.41       |
|    no_target/collision          | 0          |
|    no_target/colregs            | 0          |
|    no_target/goal               | 1          |
|    no_target/intervention       | 0          |
|    null/collision               | 0.05       |
|    null/colregs                 | -2.88      |
|    null/goal                    | 0.95       |
|    null/intervention            | 0          |
|    overtaking/collision         | 0.05       |
|    overtaking/colregs           | -45.9      |
|    overtaking/goal              | 0.95       |
|    overtaking/intervention      | 0.1        |
|    timeout_rate                 | 0          |
|    timesteps                    | 1200000    |
| rollout/                        |            |
|    ep_len_mean                  | 50.6       |
|    ep_rew_mean                  | -15.2      |
| time/                           |            |
|    fps                          | 117        |
|    iterations                   | 235        |
|    time_elapsed                 | 10264      |
|    total_timesteps              | 1203200    |
| train/                          |            |
|    approx_kl                    | 0.04009899 |
|    clip_fraction                | 0.268      |
|    clip_range                   | 0.2        |
|    entropy_loss                 | -1.33      |
|    explained_variance           | 0.782      |
|    learning_rate                | 0.0003     |
|    loss                         | 0.243      |
|    n_updates                    | 1675       |
|    policy_gradient_loss         | -0.0186    |
|    std                          | 0.47       |
|    value_loss                   | 0.774      |
------------------------------------------------
Early stopping at step 3 due to reaching max kl: 0.05
-----------------------------------------
| rollout/                |             |
|    ep_len_mean          | 48.9        |
|    ep_rew_mean          | -51.2       |
| time/                   |             |
|    fps                  | 117         |
|    iterations           | 236         |
|    time_elapsed         | 10305       |
|    total_timesteps      | 1208320     |
| train/                  |             |
|    approx_kl            | 0.041818134 |
|    clip_fraction        | 0.24        |
|    clip_range           | 0.2         |
|    entropy_loss         | -1.33       |
|    explained_variance   | 0.781       |
|    learning_rate        | 0.0003      |
|    loss                 | 0.184       |
|    n_updates            | 1679        |
|    policy_gradient_loss | -0.00786    |
|    std                  | 0.471       |
|    value_loss           | 0.832       |
-----------------------------------------
Early stopping at step 2 due to reaching max kl: 0.05
----------------------------------------
| rollout/                |            |
|    ep_len_mean          | 52         |
|    ep_rew_mean          | -38.1      |
| time/                   |            |
|    fps                  | 117        |
|    iterations           | 237        |
|    time_elapsed         | 10348      |
|    total_timesteps      | 1213440    |
| train/                  |            |
|    approx_kl            | 0.03529699 |
|    clip_fraction        | 0.257      |
|    clip_range           | 0.2        |
|    entropy_loss         | -1.33      |
|    explained_variance   | 0.742      |
|    learning_rate        | 0.0003     |
|    loss                 | 0.44       |
|    n_updates            | 1682       |
|    policy_gradient_loss | 0.00238    |
|    std                  | 0.471      |
|    value_loss           | 1.4        |
----------------------------------------
Early stopping at step 3 due to reaching max kl: 0.05
-----------------------------------------
| rollout/                |             |
|    ep_len_mean          | 50          |
|    ep_rew_mean          | -50.5       |
| time/                   |             |
|    fps                  | 117         |
|    iterations           | 238         |
|    time_elapsed         | 10393       |
|    total_timesteps      | 1218560     |
| train/                  |             |
|    approx_kl            | 0.047626264 |
|    clip_fraction        | 0.208       |
|    clip_range           | 0.2         |
|    entropy_loss         | -1.33       |
|    explained_variance   | 0.788       |
|    learning_rate        | 0.0003      |
|    loss                 | 0.358       |
|    n_updates            | 1686        |
|    policy_gradient_loss | -0.00496    |
|    std                  | 0.471       |
|    value_loss           | 1.01        |
-----------------------------------------
Early stopping at step 4 due to reaching max kl: 0.05
-----------------------------------------
| rollout/                |             |
|    ep_len_mean          | 50          |
|    ep_rew_mean          | -43.1       |
| time/                   |             |
|    fps                  | 117         |
|    iterations           | 239         |
|    time_elapsed         | 10437       |
|    total_timesteps      | 1223680     |
| train/                  |             |
|    approx_kl            | 0.037577745 |
|    clip_fraction        | 0.264       |
|    clip_range           | 0.2         |
|    entropy_loss         | -1.33       |
|    explained_variance   | 0.765       |
|    learning_rate        | 0.0003      |
|    loss                 | 0.403       |
|    n_updates            | 1691        |
|    policy_gradient_loss | -0.0114     |
|    std                  | 0.471       |
|    value_loss           | 1.06        |
-----------------------------------------
Early stopping at step 2 due to reaching max kl: 0.06
-----------------------------------------
| rollout/                |             |
|    ep_len_mean          | 50.7        |
|    ep_rew_mean          | -65.4       |
| time/                   |             |
|    fps                  | 117         |
|    iterations           | 240         |
|    time_elapsed         | 10487       |
|    total_timesteps      | 1228800     |
| train/                  |             |
|    approx_kl            | 0.043834716 |
|    clip_fraction        | 0.224       |
|    clip_range           | 0.2         |
|    entropy_loss         | -1.33       |
|    explained_variance   | 0.739       |
|    learning_rate        | 0.0003      |
|    loss                 | 0.496       |
|    n_updates            | 1694        |
|    policy_gradient_loss | -0.0015     |
|    std                  | 0.471       |
|    value_loss           | 1.33        |
-----------------------------------------
Early stopping at step 1 due to reaching max kl: 0.05
----------------------------------------
| rollout/                |            |
|    ep_len_mean          | 49         |
|    ep_rew_mean          | -41.5      |
| time/                   |            |
|    fps                  | 117        |
|    iterations           | 241        |
|    time_elapsed         | 10530      |
|    total_timesteps      | 1233920    |
| train/                  |            |
|    approx_kl            | 0.02744392 |
|    clip_fraction        | 0.19       |
|    clip_range           | 0.2        |
|    entropy_loss         | -1.33      |
|    explained_variance   | 0.817      |
|    learning_rate        | 0.0003     |
|    loss                 | 0.35       |
|    n_updates            | 1696       |
|    policy_gradient_loss | 0.00424    |
|    std                  | 0.471      |
|    value_loss           | 1.09       |
----------------------------------------
Early stopping at step 6 due to reaching max kl: 0.05
-----------------------------------------
| rollout/                |             |
|    ep_len_mean          | 53.4        |
|    ep_rew_mean          | -18.5       |
| time/                   |             |
|    fps                  | 117         |
|    iterations           | 242         |
|    time_elapsed         | 10581       |
|    total_timesteps      | 1239040     |
| train/                  |             |
|    approx_kl            | 0.036410257 |
|    clip_fraction        | 0.261       |
|    clip_range           | 0.2         |
|    entropy_loss         | -1.33       |
|    explained_variance   | 0.785       |
|    learning_rate        | 0.0003      |
|    loss                 | 0.384       |
|    n_updates            | 1703        |
|    policy_gradient_loss | -0.0176     |
|    std                  | 0.471       |
|    value_loss           | 0.875       |
-----------------------------------------
Early stopping at step 2 due to reaching max kl: 0.05
-----------------------------------------
| rollout/                |             |
|    ep_len_mean          | 51          |
|    ep_rew_mean          | -20.6       |
| time/                   |             |
|    fps                  | 117         |
|    iterations           | 243         |
|    time_elapsed         | 10621       |
|    total_timesteps      | 1244160     |
| train/                  |             |
|    approx_kl            | 0.046958577 |
|    clip_fraction        | 0.198       |
|    clip_range           | 0.2         |
|    entropy_loss         | -1.33       |
|    explained_variance   | 0.766       |
|    learning_rate        | 0.0003      |
|    loss                 | 0.393       |
|    n_updates            | 1706        |
|    policy_gradient_loss | 0.000531    |
|    std                  | 0.47        |
|    value_loss           | 0.922       |
-----------------------------------------
Early stopping at step 3 due to reaching max kl: 0.05
-----------------------------------------
| rollout/                |             |
|    ep_len_mean          | 50.7        |
|    ep_rew_mean          | -35.7       |
| time/                   |             |
|    fps                  | 117         |
|    iterations           | 244         |
|    time_elapsed         | 10676       |
|    total_timesteps      | 1249280     |
| train/                  |             |
|    approx_kl            | 0.037867386 |
|    clip_fraction        | 0.238       |
|    clip_range           | 0.2         |
|    entropy_loss         | -1.33       |
|    explained_variance   | 0.78        |
|    learning_rate        | 0.0003      |
|    loss                 | 0.325       |
|    n_updates            | 1710        |
|    policy_gradient_loss | -0.00368    |
|    std                  | 0.471       |
|    value_loss           | 0.954       |
-----------------------------------------
Early stopping at step 3 due to reaching max kl: 0.05
-----------------------------------------
| rollout/                |             |
|    ep_len_mean          | 49.1        |
|    ep_rew_mean          | -37         |
| time/                   |             |
|    fps                  | 116         |
|    iterations           | 245         |
|    time_elapsed         | 10727       |
|    total_timesteps      | 1254400     |
| train/                  |             |
|    approx_kl            | 0.047231857 |
|    clip_fraction        | 0.214       |
|    clip_range           | 0.2         |
|    entropy_loss         | -1.33       |
|    explained_variance   | 0.742       |
|    learning_rate        | 0.0003      |
|    loss                 | 0.307       |
|    n_updates            | 1714        |
|    policy_gradient_loss | -0.00338    |
|    std                  | 0.471       |
|    value_loss           | 1.22        |
-----------------------------------------
Early stopping at step 3 due to reaching max kl: 0.05
-----------------------------------------
| rollout/                |             |
|    ep_len_mean          | 53.1        |
|    ep_rew_mean          | -20.8       |
| time/                   |             |
|    fps                  | 116         |
|    iterations           | 246         |
|    time_elapsed         | 10771       |
|    total_timesteps      | 1259520     |
| train/                  |             |
|    approx_kl            | 0.040301364 |
|    clip_fraction        | 0.241       |
|    clip_range           | 0.2         |
|    entropy_loss         | -1.33       |
|    explained_variance   | 0.722       |
|    learning_rate        | 0.0003      |
|    loss                 | 0.357       |
|    n_updates            | 1718        |
|    policy_gradient_loss | -0.0109     |
|    std                  | 0.471       |
|    value_loss           | 1.21        |
-----------------------------------------
Early stopping at step 4 due to reaching max kl: 0.05
----------------------------------------
| rollout/                |            |
|    ep_len_mean          | 50.6       |
|    ep_rew_mean          | -46        |
| time/                   |            |
|    fps                  | 116        |
|    iterations           | 247        |
|    time_elapsed         | 10814      |
|    total_timesteps      | 1264640    |
| train/                  |            |
|    approx_kl            | 0.04298372 |
|    clip_fraction        | 0.22       |
|    clip_range           | 0.2        |
|    entropy_loss         | -1.33      |
|    explained_variance   | 0.755      |
|    learning_rate        | 0.0003     |
|    loss                 | 0.169      |
|    n_updates            | 1723       |
|    policy_gradient_loss | -0.00893   |
|    std                  | 0.47       |
|    value_loss           | 0.89       |
----------------------------------------
Early stopping at step 2 due to reaching max kl: 0.05
-----------------------------------------
| rollout/                |             |
|    ep_len_mean          | 47          |
|    ep_rew_mean          | -50.9       |
| time/                   |             |
|    fps                  | 116         |
|    iterations           | 248         |
|    time_elapsed         | 10860       |
|    total_timesteps      | 1269760     |
| train/                  |             |
|    approx_kl            | 0.034325544 |
|    clip_fraction        | 0.2         |
|    clip_range           | 0.2         |
|    entropy_loss         | -1.33       |
|    explained_variance   | 0.697       |
|    learning_rate        | 0.0003      |
|    loss                 | 0.51        |
|    n_updates            | 1726        |
|    policy_gradient_loss | -0.00529    |
|    std                  | 0.471       |
|    value_loss           | 1.41        |
-----------------------------------------
Early stopping at step 5 due to reaching max kl: 0.05
-----------------------------------------
| rollout/                |             |
|    ep_len_mean          | 50.5        |
|    ep_rew_mean          | -11.4       |
| time/                   |             |
|    fps                  | 116         |
|    iterations           | 249         |
|    time_elapsed         | 10904       |
|    total_timesteps      | 1274880     |
| train/                  |             |
|    approx_kl            | 0.037554108 |
|    clip_fraction        | 0.244       |
|    clip_range           | 0.2         |
|    entropy_loss         | -1.33       |
|    explained_variance   | 0.784       |
|    learning_rate        | 0.0003      |
|    loss                 | 0.523       |
|    n_updates            | 1732        |
|    policy_gradient_loss | -0.0138     |
|    std                  | 0.471       |
|    value_loss           | 1.02        |
-----------------------------------------
Early stopping at step 4 due to reaching max kl: 0.05
-----------------------------------------
| rollout/                |             |
|    ep_len_mean          | 49.1        |
|    ep_rew_mean          | -28.5       |
| time/                   |             |
|    fps                  | 116         |
|    iterations           | 250         |
|    time_elapsed         | 10945       |
|    total_timesteps      | 1280000     |
| train/                  |             |
|    approx_kl            | 0.035547886 |
|    clip_fraction        | 0.244       |
|    clip_range           | 0.2         |
|    entropy_loss         | -1.33       |
|    explained_variance   | 0.709       |
|    learning_rate        | 0.0003      |
|    loss                 | 0.546       |
|    n_updates            | 1737        |
|    policy_gradient_loss | -0.00774    |
|    std                  | 0.47        |
|    value_loss           | 1.04        |
-----------------------------------------
Early stopping at step 1 due to reaching max kl: 0.05
----------------------------------------
| rollout/                |            |
|    ep_len_mean          | 53.6       |
|    ep_rew_mean          | -1.05      |
| time/                   |            |
|    fps                  | 116        |
|    iterations           | 251        |
|    time_elapsed         | 10991      |
|    total_timesteps      | 1285120    |
| train/                  |            |
|    approx_kl            | 0.04916188 |
|    clip_fraction        | 0.241      |
|    clip_range           | 0.2        |
|    entropy_loss         | -1.33      |
|    explained_variance   | 0.767      |
|    learning_rate        | 0.0003     |
|    loss                 | 0.512      |
|    n_updates            | 1739       |
|    policy_gradient_loss | 0.00562    |
|    std                  | 0.47       |
|    value_loss           | 1.35       |
----------------------------------------
Early stopping at step 4 due to reaching max kl: 0.07
-----------------------------------------
| rollout/                |             |
|    ep_len_mean          | 50.6        |
|    ep_rew_mean          | -39.3       |
| time/                   |             |
|    fps                  | 116         |
|    iterations           | 252         |
|    time_elapsed         | 11038       |
|    total_timesteps      | 1290240     |
| train/                  |             |
|    approx_kl            | 0.046648577 |
|    clip_fraction        | 0.232       |
|    clip_range           | 0.2         |
|    entropy_loss         | -1.33       |
|    explained_variance   | 0.795       |
|    learning_rate        | 0.0003      |
|    loss                 | 0.281       |
|    n_updates            | 1744        |
|    policy_gradient_loss | -0.011      |
|    std                  | 0.47        |
|    value_loss           | 0.587       |
-----------------------------------------
Early stopping at step 5 due to reaching max kl: 0.05
----------------------------------------
| rollout/                |            |
|    ep_len_mean          | 49.5       |
|    ep_rew_mean          | -52.5      |
| time/                   |            |
|    fps                  | 116        |
|    iterations           | 253        |
|    time_elapsed         | 11082      |
|    total_timesteps      | 1295360    |
| train/                  |            |
|    approx_kl            | 0.04200858 |
|    clip_fraction        | 0.27       |
|    clip_range           | 0.2        |
|    entropy_loss         | -1.33      |
|    explained_variance   | 0.717      |
|    learning_rate        | 0.0003     |
|    loss                 | 0.319      |
|    n_updates            | 1750       |
|    policy_gradient_loss | -0.0132    |
|    std                  | 0.47       |
|    value_loss           | 1.12       |
----------------------------------------
Early stopping at step 4 due to reaching max kl: 0.05
-----------------------------------------
| rollout/                |             |
|    ep_len_mean          | 54.3        |
|    ep_rew_mean          | -8.65       |
| time/                   |             |
|    fps                  | 116         |
|    iterations           | 254         |
|    time_elapsed         | 11120       |
|    total_timesteps      | 1300480     |
| train/                  |             |
|    approx_kl            | 0.034529585 |
|    clip_fraction        | 0.268       |
|    clip_range           | 0.2         |
|    entropy_loss         | -1.33       |
|    explained_variance   | 0.757       |
|    learning_rate        | 0.0003      |
|    loss                 | 0.362       |
|    n_updates            | 1755        |
|    policy_gradient_loss | -0.00976    |
|    std                  | 0.471       |
|    value_loss           | 1.14        |
-----------------------------------------
Early stopping at step 1 due to reaching max kl: 0.05
---------------------------------------
| rollout/                |           |
|    ep_len_mean          | 54.9      |
|    ep_rew_mean          | -0.211    |
| time/                   |           |
|    fps                  | 116       |
|    iterations           | 255       |
|    time_elapsed         | 11163     |
|    total_timesteps      | 1305600   |
| train/                  |           |
|    approx_kl            | 0.0273409 |
|    clip_fraction        | 0.185     |
|    clip_range           | 0.2       |
|    entropy_loss         | -1.33     |
|    explained_variance   | 0.756     |
|    learning_rate        | 0.0003    |
|    loss                 | 0.513     |
|    n_updates            | 1757      |
|    policy_gradient_loss | 0.0056    |
|    std                  | 0.472     |
|    value_loss           | 1.06      |
---------------------------------------
Early stopping at step 3 due to reaching max kl: 0.05
----------------------------------------
| rollout/                |            |
|    ep_len_mean          | 51.9       |
|    ep_rew_mean          | -32.2      |
| time/                   |            |
|    fps                  | 116        |
|    iterations           | 256        |
|    time_elapsed         | 11206      |
|    total_timesteps      | 1310720    |
| train/                  |            |
|    approx_kl            | 0.02884339 |
|    clip_fraction        | 0.229      |
|    clip_range           | 0.2        |
|    entropy_loss         | -1.33      |
|    explained_variance   | 0.731      |
|    learning_rate        | 0.0003     |
|    loss                 | 0.282      |
|    n_updates            | 1761       |
|    policy_gradient_loss | -0.00813   |
|    std                  | 0.471      |
|    value_loss           | 0.791      |
----------------------------------------
Early stopping at step 1 due to reaching max kl: 0.05
-----------------------------------------
| rollout/                |             |
|    ep_len_mean          | 49.7        |
|    ep_rew_mean          | -38.6       |
| time/                   |             |
|    fps                  | 116         |
|    iterations           | 257         |
|    time_elapsed         | 11251       |
|    total_timesteps      | 1315840     |
| train/                  |             |
|    approx_kl            | 0.028821548 |
|    clip_fraction        | 0.226       |
|    clip_range           | 0.2         |
|    entropy_loss         | -1.33       |
|    explained_variance   | 0.763       |
|    learning_rate        | 0.0003      |
|    loss                 | 0.508       |
|    n_updates            | 1763        |
|    policy_gradient_loss | -0.00111    |
|    std                  | 0.47        |
|    value_loss           | 1.17        |
-----------------------------------------
Early stopping at step 3 due to reaching max kl: 0.05
-----------------------------------------
| rollout/                |             |
|    ep_len_mean          | 48.7        |
|    ep_rew_mean          | -60.2       |
| time/                   |             |
|    fps                  | 116         |
|    iterations           | 258         |
|    time_elapsed         | 11297       |
|    total_timesteps      | 1320960     |
| train/                  |             |
|    approx_kl            | 0.032736845 |
|    clip_fraction        | 0.242       |
|    clip_range           | 0.2         |
|    entropy_loss         | -1.33       |
|    explained_variance   | 0.767       |
|    learning_rate        | 0.0003      |
|    loss                 | 0.303       |
|    n_updates            | 1767        |
|    policy_gradient_loss | -0.0106     |
|    std                  | 0.471       |
|    value_loss           | 1.06        |
-----------------------------------------
Early stopping at step 4 due to reaching max kl: 0.06
----------------------------------------
| rollout/                |            |
|    ep_len_mean          | 51.1       |
|    ep_rew_mean          | -43.7      |
| time/                   |            |
|    fps                  | 116        |
|    iterations           | 259        |
|    time_elapsed         | 11342      |
|    total_timesteps      | 1326080    |
| train/                  |            |
|    approx_kl            | 0.04069156 |
|    clip_fraction        | 0.244      |
|    clip_range           | 0.2        |
|    entropy_loss         | -1.33      |
|    explained_variance   | 0.721      |
|    learning_rate        | 0.0003     |
|    loss                 | 0.434      |
|    n_updates            | 1772       |
|    policy_gradient_loss | -0.00948   |
|    std                  | 0.472      |
|    value_loss           | 1.27       |
----------------------------------------
Early stopping at step 2 due to reaching max kl: 0.05
-----------------------------------------
| rollout/                |             |
|    ep_len_mean          | 51.4        |
|    ep_rew_mean          | -16.5       |
| time/                   |             |
|    fps                  | 116         |
|    iterations           | 260         |
|    time_elapsed         | 11388       |
|    total_timesteps      | 1331200     |
| train/                  |             |
|    approx_kl            | 0.033673387 |
|    clip_fraction        | 0.206       |
|    clip_range           | 0.2         |
|    entropy_loss         | -1.34       |
|    explained_variance   | 0.772       |
|    learning_rate        | 0.0003      |
|    loss                 | 0.53        |
|    n_updates            | 1775        |
|    policy_gradient_loss | -0.00115    |
|    std                  | 0.472       |
|    value_loss           | 1.12        |
-----------------------------------------
Early stopping at step 4 due to reaching max kl: 0.05
----------------------------------------
| rollout/                |            |
|    ep_len_mean          | 49.3       |
|    ep_rew_mean          | -69.5      |
| time/                   |            |
|    fps                  | 116        |
|    iterations           | 261        |
|    time_elapsed         | 11432      |
|    total_timesteps      | 1336320    |
| train/                  |            |
|    approx_kl            | 0.05006104 |
|    clip_fraction        | 0.258      |
|    clip_range           | 0.2        |
|    entropy_loss         | -1.34      |
|    explained_variance   | 0.797      |
|    learning_rate        | 0.0003     |
|    loss                 | 0.373      |
|    n_updates            | 1780       |
|    policy_gradient_loss | -0.00513   |
|    std                  | 0.472      |
|    value_loss           | 0.88       |
----------------------------------------
Early stopping at step 3 due to reaching max kl: 0.05
-----------------------------------------
| rollout/                |             |
|    ep_len_mean          | 50.9        |
|    ep_rew_mean          | -44.7       |
| time/                   |             |
|    fps                  | 116         |
|    iterations           | 262         |
|    time_elapsed         | 11478       |
|    total_timesteps      | 1341440     |
| train/                  |             |
|    approx_kl            | 0.037512057 |
|    clip_fraction        | 0.264       |
|    clip_range           | 0.2         |
|    entropy_loss         | -1.33       |
|    explained_variance   | 0.805       |
|    learning_rate        | 0.0003      |
|    loss                 | 0.363       |
|    n_updates            | 1784        |
|    policy_gradient_loss | 0.00244     |
|    std                  | 0.471       |
|    value_loss           | 1.09        |
-----------------------------------------
Early stopping at step 2 due to reaching max kl: 0.05
----------------------------------------
| rollout/                |            |
|    ep_len_mean          | 48.8       |
|    ep_rew_mean          | -69.8      |
| time/                   |            |
|    fps                  | 116        |
|    iterations           | 263        |
|    time_elapsed         | 11519      |
|    total_timesteps      | 1346560    |
| train/                  |            |
|    approx_kl            | 0.04169919 |
|    clip_fraction        | 0.216      |
|    clip_range           | 0.2        |
|    entropy_loss         | -1.33      |
|    explained_variance   | 0.76       |
|    learning_rate        | 0.0003     |
|    loss                 | 0.379      |
|    n_updates            | 1787       |
|    policy_gradient_loss | 0.00233    |
|    std                  | 0.471      |
|    value_loss           | 1.17       |
----------------------------------------
Early stopping at step 4 due to reaching max kl: 0.05
-----------------------------------------
| rollout/                |             |
|    ep_len_mean          | 52.4        |
|    ep_rew_mean          | -16.7       |
| time/                   |             |
|    fps                  | 116         |
|    iterations           | 264         |
|    time_elapsed         | 11564       |
|    total_timesteps      | 1351680     |
| train/                  |             |
|    approx_kl            | 0.038529214 |
|    clip_fraction        | 0.278       |
|    clip_range           | 0.2         |
|    entropy_loss         | -1.33       |
|    explained_variance   | 0.788       |
|    learning_rate        | 0.0003      |
|    loss                 | 0.457       |
|    n_updates            | 1792        |
|    policy_gradient_loss | -0.00971    |
|    std                  | 0.47        |
|    value_loss           | 1.14        |
-----------------------------------------
Early stopping at step 2 due to reaching max kl: 0.05
-----------------------------------------
| rollout/                |             |
|    ep_len_mean          | 50.7        |
|    ep_rew_mean          | -25.7       |
| time/                   |             |
|    fps                  | 116         |
|    iterations           | 265         |
|    time_elapsed         | 11612       |
|    total_timesteps      | 1356800     |
| train/                  |             |
|    approx_kl            | 0.032779846 |
|    clip_fraction        | 0.21        |
|    clip_range           | 0.2         |
|    entropy_loss         | -1.33       |
|    explained_variance   | 0.758       |
|    learning_rate        | 0.0003      |
|    loss                 | 0.525       |
|    n_updates            | 1795        |
|    policy_gradient_loss | -0.00171    |
|    std                  | 0.47        |
|    value_loss           | 0.872       |
-----------------------------------------
Early stopping at step 3 due to reaching max kl: 0.05
-----------------------------------------
| rollout/                |             |
|    ep_len_mean          | 50.1        |
|    ep_rew_mean          | -21.5       |
| time/                   |             |
|    fps                  | 116         |
|    iterations           | 266         |
|    time_elapsed         | 11658       |
|    total_timesteps      | 1361920     |
| train/                  |             |
|    approx_kl            | 0.038160414 |
|    clip_fraction        | 0.267       |
|    clip_range           | 0.2         |
|    entropy_loss         | -1.33       |
|    explained_variance   | 0.783       |
|    learning_rate        | 0.0003      |
|    loss                 | 0.384       |
|    n_updates            | 1799        |
|    policy_gradient_loss | -0.00869    |
|    std                  | 0.471       |
|    value_loss           | 0.933       |
-----------------------------------------
Early stopping at step 2 due to reaching max kl: 0.05
----------------------------------------
| rollout/                |            |
|    ep_len_mean          | 50.6       |
|    ep_rew_mean          | -66.9      |
| time/                   |            |
|    fps                  | 116        |
|    iterations           | 267        |
|    time_elapsed         | 11701      |
|    total_timesteps      | 1367040    |
| train/                  |            |
|    approx_kl            | 0.03393332 |
|    clip_fraction        | 0.226      |
|    clip_range           | 0.2        |
|    entropy_loss         | -1.33      |
|    explained_variance   | 0.777      |
|    learning_rate        | 0.0003     |
|    loss                 | 0.234      |
|    n_updates            | 1802       |
|    policy_gradient_loss | -0.00379   |
|    std                  | 0.472      |
|    value_loss           | 1.03       |
----------------------------------------
Early stopping at step 2 due to reaching max kl: 0.05
-----------------------------------------
| rollout/                |             |
|    ep_len_mean          | 52.4        |
|    ep_rew_mean          | -22.8       |
| time/                   |             |
|    fps                  | 116         |
|    iterations           | 268         |
|    time_elapsed         | 11741       |
|    total_timesteps      | 1372160     |
| train/                  |             |
|    approx_kl            | 0.045367975 |
|    clip_fraction        | 0.167       |
|    clip_range           | 0.2         |
|    entropy_loss         | -1.34       |
|    explained_variance   | 0.793       |
|    learning_rate        | 0.0003      |
|    loss                 | 0.672       |
|    n_updates            | 1805        |
|    policy_gradient_loss | -0.00219    |
|    std                  | 0.472       |
|    value_loss           | 1.36        |
-----------------------------------------
Early stopping at step 6 due to reaching max kl: 0.05
-----------------------------------------
| rollout/                |             |
|    ep_len_mean          | 49.5        |
|    ep_rew_mean          | -51.5       |
| time/                   |             |
|    fps                  | 116         |
|    iterations           | 269         |
|    time_elapsed         | 11785       |
|    total_timesteps      | 1377280     |
| train/                  |             |
|    approx_kl            | 0.038683027 |
|    clip_fraction        | 0.271       |
|    clip_range           | 0.2         |
|    entropy_loss         | -1.34       |
|    explained_variance   | 0.778       |
|    learning_rate        | 0.0003      |
|    loss                 | 0.164       |
|    n_updates            | 1812        |
|    policy_gradient_loss | -0.0153     |
|    std                  | 0.472       |
|    value_loss           | 0.764       |
-----------------------------------------
Early stopping at step 1 due to reaching max kl: 0.05
-----------------------------------------
| rollout/                |             |
|    ep_len_mean          | 52.9        |
|    ep_rew_mean          | -37.7       |
| time/                   |             |
|    fps                  | 116         |
|    iterations           | 270         |
|    time_elapsed         | 11830       |
|    total_timesteps      | 1382400     |
| train/                  |             |
|    approx_kl            | 0.047145303 |
|    clip_fraction        | 0.173       |
|    clip_range           | 0.2         |
|    entropy_loss         | -1.33       |
|    explained_variance   | 0.792       |
|    learning_rate        | 0.0003      |
|    loss                 | 0.756       |
|    n_updates            | 1814        |
|    policy_gradient_loss | 0.00495     |
|    std                  | 0.471       |
|    value_loss           | 1.33        |
-----------------------------------------
Early stopping at step 2 due to reaching max kl: 0.05
----------------------------------------
| rollout/                |            |
|    ep_len_mean          | 47.3       |
|    ep_rew_mean          | -105       |
| time/                   |            |
|    fps                  | 116        |
|    iterations           | 271        |
|    time_elapsed         | 11882      |
|    total_timesteps      | 1387520    |
| train/                  |            |
|    approx_kl            | 0.04161002 |
|    clip_fraction        | 0.223      |
|    clip_range           | 0.2        |
|    entropy_loss         | -1.33      |
|    explained_variance   | 0.756      |
|    learning_rate        | 0.0003     |
|    loss                 | 0.408      |
|    n_updates            | 1817       |
|    policy_gradient_loss | -0.00159   |
|    std                  | 0.471      |
|    value_loss           | 1.19       |
----------------------------------------
Early stopping at step 6 due to reaching max kl: 0.05
-----------------------------------------
| rollout/                |             |
|    ep_len_mean          | 51.6        |
|    ep_rew_mean          | -28.4       |
| time/                   |             |
|    fps                  | 116         |
|    iterations           | 272         |
|    time_elapsed         | 11932       |
|    total_timesteps      | 1392640     |
| train/                  |             |
|    approx_kl            | 0.041445367 |
|    clip_fraction        | 0.246       |
|    clip_range           | 0.2         |
|    entropy_loss         | -1.33       |
|    explained_variance   | 0.818       |
|    learning_rate        | 0.0003      |
|    loss                 | 0.216       |
|    n_updates            | 1824        |
|    policy_gradient_loss | -0.0173     |
|    std                  | 0.471       |
|    value_loss           | 0.951       |
-----------------------------------------
Early stopping at step 2 due to reaching max kl: 0.05
-----------------------------------------
| rollout/                |             |
|    ep_len_mean          | 52.6        |
|    ep_rew_mean          | -10.2       |
| time/                   |             |
|    fps                  | 116         |
|    iterations           | 273         |
|    time_elapsed         | 11971       |
|    total_timesteps      | 1397760     |
| train/                  |             |
|    approx_kl            | 0.031938564 |
|    clip_fraction        | 0.182       |
|    clip_range           | 0.2         |
|    entropy_loss         | -1.33       |
|    explained_variance   | 0.792       |
|    learning_rate        | 0.0003      |
|    loss                 | 0.382       |
|    n_updates            | 1827        |
|    policy_gradient_loss | -0.000496   |
|    std                  | 0.471       |
|    value_loss           | 0.857       |
-----------------------------------------
Early stopping at step 7 due to reaching max kl: 0.05
[EVAL] t=1,400,000 supervisor off goal 0.88 collision 0.12 timeout 0.00 return 19.5 colregs -18.0 intervention 0.00 (96.4 s)
[EVAL] t=1,400,000 supervisor on goal 0.87 collision 0.13 timeout 0.00 return 5.9 colregs -17.8 intervention 0.03 (98.4 s)
-------------------------------------------------
| eval_supervisor_off/            |             |
|    being_overtaken/collision    | 0.1         |
|    being_overtaken/colregs      | -25.4       |
|    being_overtaken/goal         | 0.9         |
|    being_overtaken/intervention | 0           |
|    collision_boundary           | 0.00833     |
|    collision_obstacle           | 0.0333      |
|    collision_rate               | 0.125       |
|    collision_target             | 0.0833      |
|    crossing/collision           | 0.45        |
|    crossing/colregs             | -27.2       |
|    crossing/goal                | 0.55        |
|    crossing/intervention        | 0           |
|    episodes                     | 120         |
|    estops_per_episode           | 0           |
|    eval_wall_s                  | 96.4        |
|    goal_rate                    | 0.875       |
|    head_on/collision            | 0.05        |
|    head_on/colregs              | -14.7       |
|    head_on/goal                 | 0.95        |
|    head_on/intervention         | 0           |
|    intervention_rate            | 0           |
|    mean_colregs_integral        | -18         |
|    mean_return                  | 19.5        |
|    no_target/collision          | 0           |
|    no_target/colregs            | 0           |
|    no_target/goal               | 1           |
|    no_target/intervention       | 0           |
|    null/collision               | 0.1         |
|    null/colregs                 | -1.43       |
|    null/goal                    | 0.9         |
|    null/intervention            | 0           |
|    overtaking/collision         | 0.05        |
|    overtaking/colregs           | -39.1       |
|    overtaking/goal              | 0.95        |
|    overtaking/intervention      | 0           |
|    timeout_rate                 | 0           |
|    timesteps                    | 1400000     |
| eval_supervisor_on/             |             |
|    being_overtaken/collision    | 0.1         |
|    being_overtaken/colregs      | -25.4       |
|    being_overtaken/goal         | 0.9         |
|    being_overtaken/intervention | 0           |
|    collision_boundary           | 0.00833     |
|    collision_obstacle           | 0.0333      |
|    collision_rate               | 0.133       |
|    collision_target             | 0.0917      |
|    crossing/collision           | 0.45        |
|    crossing/colregs             | -27.2       |
|    crossing/goal                | 0.55        |
|    crossing/intervention        | 0           |
|    episodes                     | 120         |
|    estops_per_episode           | 0.05        |
|    eval_wall_s                  | 98.4        |
|    goal_rate                    | 0.867       |
|    head_on/collision            | 0.05        |
|    head_on/colregs              | -14.7       |
|    head_on/goal                 | 0.95        |
|    head_on/intervention         | 0.05        |
|    intervention_rate            | 0.025       |
|    mean_colregs_integral        | -17.8       |
|    mean_return                  | 5.94        |
|    no_target/collision          | 0           |
|    no_target/colregs            | 0           |
|    no_target/goal               | 1           |
|    no_target/intervention       | 0           |
|    null/collision               | 0.1         |
|    null/colregs                 | -1.43       |
|    null/goal                    | 0.9         |
|    null/intervention            | 0           |
|    overtaking/collision         | 0.1         |
|    overtaking/colregs           | -38.2       |
|    overtaking/goal              | 0.9         |
|    overtaking/intervention      | 0.1         |
|    timeout_rate                 | 0           |
|    timesteps                    | 1400000     |
| rollout/                        |             |
|    ep_len_mean                  | 53.1        |
|    ep_rew_mean                  | -26         |
| time/                           |             |
|    fps                          | 114         |
|    iterations                   | 274         |
|    time_elapsed                 | 12209       |
|    total_timesteps              | 1402880     |
| train/                          |             |
|    approx_kl                    | 0.038150977 |
|    clip_fraction                | 0.243       |
|    clip_range                   | 0.2         |
|    entropy_loss                 | -1.33       |
|    explained_variance           | 0.826       |
|    learning_rate                | 0.0003      |
|    loss                         | 0.119       |
|    n_updates                    | 1835        |
|    policy_gradient_loss         | -0.0184     |
|    std                          | 0.468       |
|    value_loss                   | 0.484       |
-------------------------------------------------
Early stopping at step 2 due to reaching max kl: 0.06
-----------------------------------------
| rollout/                |             |
|    ep_len_mean          | 51.7        |
|    ep_rew_mean          | -42.1       |
| time/                   |             |
|    fps                  | 114         |
|    iterations           | 275         |
|    time_elapsed         | 12249       |
|    total_timesteps      | 1408000     |
| train/                  |             |
|    approx_kl            | 0.038509678 |
|    clip_fraction        | 0.231       |
|    clip_range           | 0.2         |
|    entropy_loss         | -1.32       |
|    explained_variance   | 0.737       |
|    learning_rate        | 0.0003      |
|    loss                 | 0.648       |
|    n_updates            | 1838        |
|    policy_gradient_loss | -0.00383    |
|    std                  | 0.468       |
|    value_loss           | 1.11        |
-----------------------------------------
Early stopping at step 2 due to reaching max kl: 0.05
-----------------------------------------
| rollout/                |             |
|    ep_len_mean          | 51.6        |
|    ep_rew_mean          | -42.7       |
| time/                   |             |
|    fps                  | 114         |
|    iterations           | 276         |
|    time_elapsed         | 12289       |
|    total_timesteps      | 1413120     |
| train/                  |             |
|    approx_kl            | 0.054084867 |
|    clip_fraction        | 0.203       |
|    clip_range           | 0.2         |
|    entropy_loss         | -1.32       |
|    explained_variance   | 0.765       |
|    learning_rate        | 0.0003      |
|    loss                 | 0.542       |
|    n_updates            | 1841        |
|    policy_gradient_loss | -0.00058    |
|    std                  | 0.468       |
|    value_loss           | 1.22        |
-----------------------------------------
Early stopping at step 4 due to reaching max kl: 0.05
-----------------------------------------
| rollout/                |             |
|    ep_len_mean          | 50.1        |
|    ep_rew_mean          | -29.9       |
| time/                   |             |
|    fps                  | 115         |
|    iterations           | 277         |
|    time_elapsed         | 12328       |
|    total_timesteps      | 1418240     |
| train/                  |             |
|    approx_kl            | 0.048399244 |
|    clip_fraction        | 0.25        |
|    clip_range           | 0.2         |
|    entropy_loss         | -1.32       |
|    explained_variance   | 0.74        |
|    learning_rate        | 0.0003      |
|    loss                 | 0.411       |
|    n_updates            | 1846        |
|    policy_gradient_loss | -0.00934    |
|    std                  | 0.466       |
|    value_loss           | 1.23        |
-----------------------------------------
Early stopping at step 1 due to reaching max kl: 0.05
-----------------------------------------
| rollout/                |             |
|    ep_len_mean          | 49.7        |
|    ep_rew_mean          | -43.3       |
| time/                   |             |
|    fps                  | 115         |
|    iterations           | 278         |
|    time_elapsed         | 12369       |
|    total_timesteps      | 1423360     |
| train/                  |             |
|    approx_kl            | 0.021447105 |
|    clip_fraction        | 0.18        |
|    clip_range           | 0.2         |
|    entropy_loss         | -1.31       |
|    explained_variance   | 0.802       |
|    learning_rate        | 0.0003      |
|    loss                 | 0.307       |
|    n_updates            | 1848        |
|    policy_gradient_loss | 0.000182    |
|    std                  | 0.466       |
|    value_loss           | 1.06        |
-----------------------------------------
Early stopping at step 2 due to reaching max kl: 0.05
-----------------------------------------
| rollout/                |             |
|    ep_len_mean          | 50          |
|    ep_rew_mean          | -49.1       |
| time/                   |             |
|    fps                  | 115         |
|    iterations           | 279         |
|    time_elapsed         | 12410       |
|    total_timesteps      | 1428480     |
| train/                  |             |
|    approx_kl            | 0.050647967 |
|    clip_fraction        | 0.157       |
|    clip_range           | 0.2         |
|    entropy_loss         | -1.31       |
|    explained_variance   | 0.789       |
|    learning_rate        | 0.0003      |
|    loss                 | 0.464       |
|    n_updates            | 1851        |
|    policy_gradient_loss | -4.86e-05   |
|    std                  | 0.466       |
|    value_loss           | 1.22        |
-----------------------------------------
Early stopping at step 3 due to reaching max kl: 0.05
-----------------------------------------
| rollout/                |             |
|    ep_len_mean          | 50          |
|    ep_rew_mean          | -60.6       |
| time/                   |             |
|    fps                  | 115         |
|    iterations           | 280         |
|    time_elapsed         | 12454       |
|    total_timesteps      | 1433600     |
| train/                  |             |
|    approx_kl            | 0.031733807 |
|    clip_fraction        | 0.187       |
|    clip_range           | 0.2         |
|    entropy_loss         | -1.31       |
|    explained_variance   | 0.785       |
|    learning_rate        | 0.0003      |
|    loss                 | 0.416       |
|    n_updates            | 1855        |
|    policy_gradient_loss | -0.00279    |
|    std                  | 0.465       |
|    value_loss           | 1.05        |
-----------------------------------------
Early stopping at step 6 due to reaching max kl: 0.05
----------------------------------------
| rollout/                |            |
|    ep_len_mean          | 54.7       |
|    ep_rew_mean          | -5.97      |
| time/                   |            |
|    fps                  | 115        |
|    iterations           | 281        |
|    time_elapsed         | 12496      |
|    total_timesteps      | 1438720    |
| train/                  |            |
|    approx_kl            | 0.03642096 |
|    clip_fraction        | 0.264      |
|    clip_range           | 0.2        |
|    entropy_loss         | -1.31      |
|    explained_variance   | 0.764      |
|    learning_rate        | 0.0003     |
|    loss                 | 0.371      |
|    n_updates            | 1862       |
|    policy_gradient_loss | -0.0175    |
|    std                  | 0.465      |
|    value_loss           | 0.991      |
----------------------------------------
Early stopping at step 3 due to reaching max kl: 0.05
-----------------------------------------
| rollout/                |             |
|    ep_len_mean          | 52.5        |
|    ep_rew_mean          | -28.8       |
| time/                   |             |
|    fps                  | 115         |
|    iterations           | 282         |
|    time_elapsed         | 12535       |
|    total_timesteps      | 1443840     |
| train/                  |             |
|    approx_kl            | 0.040636677 |
|    clip_fraction        | 0.222       |
|    clip_range           | 0.2         |
|    entropy_loss         | -1.3        |
|    explained_variance   | 0.764       |
|    learning_rate        | 0.0003      |
|    loss                 | 0.273       |
|    n_updates            | 1866        |
|    policy_gradient_loss | -0.00323    |
|    std                  | 0.464       |
|    value_loss           | 0.876       |
-----------------------------------------
Early stopping at step 5 due to reaching max kl: 0.05
-----------------------------------------
| rollout/                |             |
|    ep_len_mean          | 49.3        |
|    ep_rew_mean          | -35.9       |
| time/                   |             |
|    fps                  | 115         |
|    iterations           | 283         |
|    time_elapsed         | 12576       |
|    total_timesteps      | 1448960     |
| train/                  |             |
|    approx_kl            | 0.038207278 |
|    clip_fraction        | 0.261       |
|    clip_range           | 0.2         |
|    entropy_loss         | -1.3        |
|    explained_variance   | 0.794       |
|    learning_rate        | 0.0003      |
|    loss                 | 0.197       |
|    n_updates            | 1872        |
|    policy_gradient_loss | -0.016      |
|    std                  | 0.461       |
|    value_loss           | 0.774       |
-----------------------------------------
Early stopping at step 1 due to reaching max kl: 0.05
-----------------------------------------
| rollout/                |             |
|    ep_len_mean          | 51.4        |
|    ep_rew_mean          | -20.4       |
| time/                   |             |
|    fps                  | 115         |
|    iterations           | 284         |
|    time_elapsed         | 12615       |
|    total_timesteps      | 1454080     |
| train/                  |             |
|    approx_kl            | 0.043374173 |
|    clip_fraction        | 0.206       |
|    clip_range           | 0.2         |
|    entropy_loss         | -1.29       |
|    explained_variance   | 0.837       |
|    learning_rate        | 0.0003      |
|    loss                 | 0.338       |
|    n_updates            | 1874        |
|    policy_gradient_loss | 0.00419     |
|    std                  | 0.46        |
|    value_loss           | 0.933       |
-----------------------------------------
Early stopping at step 1 due to reaching max kl: 0.05
----------------------------------------
| rollout/                |            |
|    ep_len_mean          | 52         |
|    ep_rew_mean          | -12.7      |
| time/                   |            |
|    fps                  | 115        |
|    iterations           | 285        |
|    time_elapsed         | 12653      |
|    total_timesteps      | 1459200    |
| train/                  |            |
|    approx_kl            | 0.02982225 |
|    clip_fraction        | 0.174      |
|    clip_range           | 0.2        |
|    entropy_loss         | -1.29      |
|    explained_variance   | 0.815      |
|    learning_rate        | 0.0003     |
|    loss                 | 0.46       |
|    n_updates            | 1876       |
|    policy_gradient_loss | 0.00532    |
|    std                  | 0.46       |
|    value_loss           | 1.01       |
----------------------------------------
Early stopping at step 4 due to reaching max kl: 0.05
---------------------------------------
| rollout/                |           |
|    ep_len_mean          | 49.2      |
|    ep_rew_mean          | -49.9     |
| time/                   |           |
|    fps                  | 115       |
|    iterations           | 286       |
|    time_elapsed         | 12701     |
|    total_timesteps      | 1464320   |
| train/                  |           |
|    approx_kl            | 0.0380224 |
|    clip_fraction        | 0.252     |
|    clip_range           | 0.2       |
|    entropy_loss         | -1.28     |
|    explained_variance   | 0.781     |
|    learning_rate        | 0.0003    |
|    loss                 | 0.26      |
|    n_updates            | 1881      |
|    policy_gradient_loss | -0.00889  |
|    std                  | 0.459     |
|    value_loss           | 0.843     |
---------------------------------------
Early stopping at step 4 due to reaching max kl: 0.05
-----------------------------------------
| rollout/                |             |
|    ep_len_mean          | 49.2        |
|    ep_rew_mean          | -60.3       |
| time/                   |             |
|    fps                  | 115         |
|    iterations           | 287         |
|    time_elapsed         | 12755       |
|    total_timesteps      | 1469440     |
| train/                  |             |
|    approx_kl            | 0.036774036 |
|    clip_fraction        | 0.232       |
|    clip_range           | 0.2         |
|    entropy_loss         | -1.28       |
|    explained_variance   | 0.766       |
|    learning_rate        | 0.0003      |
|    loss                 | 0.342       |
|    n_updates            | 1886        |
|    policy_gradient_loss | -0.0114     |
|    std                  | 0.459       |
|    value_loss           | 0.969       |
-----------------------------------------
Early stopping at step 4 due to reaching max kl: 0.05
-----------------------------------------
| rollout/                |             |
|    ep_len_mean          | 49.5        |
|    ep_rew_mean          | -47.2       |
| time/                   |             |
|    fps                  | 115         |
|    iterations           | 288         |
|    time_elapsed         | 12804       |
|    total_timesteps      | 1474560     |
| train/                  |             |
|    approx_kl            | 0.035220925 |
|    clip_fraction        | 0.248       |
|    clip_range           | 0.2         |
|    entropy_loss         | -1.28       |
|    explained_variance   | 0.753       |
|    learning_rate        | 0.0003      |
|    loss                 | 0.473       |
|    n_updates            | 1891        |
|    policy_gradient_loss | -0.0109     |
|    std                  | 0.46        |
|    value_loss           | 1.17        |
-----------------------------------------
Early stopping at step 3 due to reaching max kl: 0.06
-----------------------------------------
| rollout/                |             |
|    ep_len_mean          | 53.4        |
|    ep_rew_mean          | -7.95       |
| time/                   |             |
|    fps                  | 115         |
|    iterations           | 289         |
|    time_elapsed         | 12846       |
|    total_timesteps      | 1479680     |
| train/                  |             |
|    approx_kl            | 0.039173163 |
|    clip_fraction        | 0.25        |
|    clip_range           | 0.2         |
|    entropy_loss         | -1.29       |
|    explained_variance   | 0.765       |
|    learning_rate        | 0.0003      |
|    loss                 | 0.299       |
|    n_updates            | 1895        |
|    policy_gradient_loss | -0.0074     |
|    std                  | 0.461       |
|    value_loss           | 1.22        |
-----------------------------------------
Early stopping at step 4 due to reaching max kl: 0.05
-----------------------------------------
| rollout/                |             |
|    ep_len_mean          | 50          |
|    ep_rew_mean          | -28.8       |
| time/                   |             |
|    fps                  | 115         |
|    iterations           | 290         |
|    time_elapsed         | 12896       |
|    total_timesteps      | 1484800     |
| train/                  |             |
|    approx_kl            | 0.035383068 |
|    clip_fraction        | 0.209       |
|    clip_range           | 0.2         |
|    entropy_loss         | -1.29       |
|    explained_variance   | 0.792       |
|    learning_rate        | 0.0003      |
|    loss                 | 0.189       |
|    n_updates            | 1900        |
|    policy_gradient_loss | -0.0111     |
|    std                  | 0.46        |
|    value_loss           | 0.645       |
-----------------------------------------
Early stopping at step 3 due to reaching max kl: 0.05
-----------------------------------------
| rollout/                |             |
|    ep_len_mean          | 51.5        |
|    ep_rew_mean          | -28.1       |
| time/                   |             |
|    fps                  | 115         |
|    iterations           | 291         |
|    time_elapsed         | 12936       |
|    total_timesteps      | 1489920     |
| train/                  |             |
|    approx_kl            | 0.045590743 |
|    clip_fraction        | 0.245       |
|    clip_range           | 0.2         |
|    entropy_loss         | -1.28       |
|    explained_variance   | 0.806       |
|    learning_rate        | 0.0003      |
|    loss                 | 0.38        |
|    n_updates            | 1904        |
|    policy_gradient_loss | -0.00397    |
|    std                  | 0.46        |
|    value_loss           | 0.892       |
-----------------------------------------
Early stopping at step 2 due to reaching max kl: 0.05
-----------------------------------------
| rollout/                |             |
|    ep_len_mean          | 51.7        |
|    ep_rew_mean          | -34.5       |
| time/                   |             |
|    fps                  | 115         |
|    iterations           | 292         |
|    time_elapsed         | 12980       |
|    total_timesteps      | 1495040     |
| train/                  |             |
|    approx_kl            | 0.040180378 |
|    clip_fraction        | 0.242       |
|    clip_range           | 0.2         |
|    entropy_loss         | -1.29       |
|    explained_variance   | 0.686       |
|    learning_rate        | 0.0003      |
|    loss                 | 0.436       |
|    n_updates            | 1907        |
|    policy_gradient_loss | -0.00505    |
|    std                  | 0.462       |
|    value_loss           | 1.1         |
-----------------------------------------
Early stopping at step 5 due to reaching max kl: 0.06
-----------------------------------------
| rollout/                |             |
|    ep_len_mean          | 48.5        |
|    ep_rew_mean          | -53.7       |
| time/                   |             |
|    fps                  | 115         |
|    iterations           | 293         |
|    time_elapsed         | 13032       |
|    total_timesteps      | 1500160     |
| train/                  |             |
|    approx_kl            | 0.038730316 |
|    clip_fraction        | 0.27        |
|    clip_range           | 0.2         |
|    entropy_loss         | -1.29       |
|    explained_variance   | 0.762       |
|    learning_rate        | 0.0003      |
|    loss                 | 0.178       |
|    n_updates            | 1913        |
|    policy_gradient_loss | -0.0165     |
|    std                  | 0.462       |
|    value_loss           | 0.944       |
-----------------------------------------
Early stopping at step 2 due to reaching max kl: 0.06
-----------------------------------------
| rollout/                |             |
|    ep_len_mean          | 53.7        |
|    ep_rew_mean          | -5.48       |
| time/                   |             |
|    fps                  | 115         |
|    iterations           | 294         |
|    time_elapsed         | 13071       |
|    total_timesteps      | 1505280     |
| train/                  |             |
|    approx_kl            | 0.032842066 |
|    clip_fraction        | 0.252       |
|    clip_range           | 0.2         |
|    entropy_loss         | -1.29       |
|    explained_variance   | 0.786       |
|    learning_rate        | 0.0003      |
|    loss                 | 0.31        |
|    n_updates            | 1916        |
|    policy_gradient_loss | 0.000891    |
|    std                  | 0.461       |
|    value_loss           | 1.12        |
-----------------------------------------
Early stopping at step 1 due to reaching max kl: 0.05
----------------------------------------
| rollout/                |            |
|    ep_len_mean          | 54         |
|    ep_rew_mean          | -35.8      |
| time/                   |            |
|    fps                  | 115        |
|    iterations           | 295        |
|    time_elapsed         | 13118      |
|    total_timesteps      | 1510400    |
| train/                  |            |
|    approx_kl            | 0.03282235 |
|    clip_fraction        | 0.244      |
|    clip_range           | 0.2        |
|    entropy_loss         | -1.29      |
|    explained_variance   | 0.826      |
|    learning_rate        | 0.0003     |
|    loss                 | 0.377      |
|    n_updates            | 1918       |
|    policy_gradient_loss | 0.0055     |
|    std                  | 0.462      |
|    value_loss           | 0.803      |
----------------------------------------
Early stopping at step 1 due to reaching max kl: 0.05
-----------------------------------------
| rollout/                |             |
|    ep_len_mean          | 50.6        |
|    ep_rew_mean          | -49.1       |
| time/                   |             |
|    fps                  | 115         |
|    iterations           | 296         |
|    time_elapsed         | 13162       |
|    total_timesteps      | 1515520     |
| train/                  |             |
|    approx_kl            | 0.034317855 |
|    clip_fraction        | 0.263       |
|    clip_range           | 0.2         |
|    entropy_loss         | -1.29       |
|    explained_variance   | 0.795       |
|    learning_rate        | 0.0003      |
|    loss                 | 0.489       |
|    n_updates            | 1920        |
|    policy_gradient_loss | 0.00742     |
|    std                  | 0.462       |
|    value_loss           | 0.982       |
-----------------------------------------
-----------------------------------------
| rollout/                |             |
|    ep_len_mean          | 51.1        |
|    ep_rew_mean          | -41.9       |
| time/                   |             |
|    fps                  | 115         |
|    iterations           | 297         |
|    time_elapsed         | 13207       |
|    total_timesteps      | 1520640     |
| train/                  |             |
|    approx_kl            | 0.036780052 |
|    clip_fraction        | 0.251       |
|    clip_range           | 0.2         |
|    entropy_loss         | -1.29       |
|    explained_variance   | 0.814       |
|    learning_rate        | 0.0003      |
|    loss                 | 0.12        |
|    n_updates            | 1930        |
|    policy_gradient_loss | -0.0234     |
|    std                  | 0.458       |
|    value_loss           | 0.611       |
-----------------------------------------
Early stopping at step 8 due to reaching max kl: 0.05
-----------------------------------------
| rollout/                |             |
|    ep_len_mean          | 47.3        |
|    ep_rew_mean          | -73.6       |
| time/                   |             |
|    fps                  | 115         |
|    iterations           | 298         |
|    time_elapsed         | 13259       |
|    total_timesteps      | 1525760     |
| train/                  |             |
|    approx_kl            | 0.033183467 |
|    clip_fraction        | 0.245       |
|    clip_range           | 0.2         |
|    entropy_loss         | -1.28       |
|    explained_variance   | 0.784       |
|    learning_rate        | 0.0003      |
|    loss                 | 0.176       |
|    n_updates            | 1939        |
|    policy_gradient_loss | -0.0236     |
|    std                  | 0.458       |
|    value_loss           | 0.706       |
-----------------------------------------
Early stopping at step 3 due to reaching max kl: 0.05
----------------------------------------
| rollout/                |            |
|    ep_len_mean          | 53.3       |
|    ep_rew_mean          | -3.74      |
| time/                   |            |
|    fps                  | 115        |
|    iterations           | 299        |
|    time_elapsed         | 13303      |
|    total_timesteps      | 1530880    |
| train/                  |            |
|    approx_kl            | 0.03353201 |
|    clip_fraction        | 0.18       |
|    clip_range           | 0.2        |
|    entropy_loss         | -1.28      |
|    explained_variance   | 0.794      |
|    learning_rate        | 0.0003     |
|    loss                 | 0.512      |
|    n_updates            | 1943       |
|    policy_gradient_loss | -0.00443   |
|    std                  | 0.458      |
|    value_loss           | 1.35       |
----------------------------------------
Early stopping at step 5 due to reaching max kl: 0.05
-----------------------------------------
| rollout/                |             |
|    ep_len_mean          | 52.2        |
|    ep_rew_mean          | -35.5       |
| time/                   |             |
|    fps                  | 115         |
|    iterations           | 300         |
|    time_elapsed         | 13346       |
|    total_timesteps      | 1536000     |
| train/                  |             |
|    approx_kl            | 0.035142295 |
|    clip_fraction        | 0.258       |
|    clip_range           | 0.2         |
|    entropy_loss         | -1.28       |
|    explained_variance   | 0.809       |
|    learning_rate        | 0.0003      |
|    loss                 | 0.114       |
|    n_updates            | 1949        |
|    policy_gradient_loss | -0.0127     |
|    std                  | 0.458       |
|    value_loss           | 0.551       |
-----------------------------------------
Early stopping at step 2 due to reaching max kl: 0.06
-----------------------------------------
| rollout/                |             |
|    ep_len_mean          | 50.1        |
|    ep_rew_mean          | -32.7       |
| time/                   |             |
|    fps                  | 115         |
|    iterations           | 301         |
|    time_elapsed         | 13397       |
|    total_timesteps      | 1541120     |
| train/                  |             |
|    approx_kl            | 0.035381958 |
|    clip_fraction        | 0.21        |
|    clip_range           | 0.2         |
|    entropy_loss         | -1.27       |
|    explained_variance   | 0.796       |
|    learning_rate        | 0.0003      |
|    loss                 | 0.234       |
|    n_updates            | 1952        |
|    policy_gradient_loss | 0.0024      |
|    std                  | 0.458       |
|    value_loss           | 0.809       |
-----------------------------------------
Early stopping at step 5 due to reaching max kl: 0.05
----------------------------------------
| rollout/                |            |
|    ep_len_mean          | 50.4       |
|    ep_rew_mean          | -57.1      |
| time/                   |            |
|    fps                  | 114        |
|    iterations           | 302        |
|    time_elapsed         | 13455      |
|    total_timesteps      | 1546240    |
| train/                  |            |
|    approx_kl            | 0.04170801 |
|    clip_fraction        | 0.236      |
|    clip_range           | 0.2        |
|    entropy_loss         | -1.28      |
|    explained_variance   | 0.804      |
|    learning_rate        | 0.0003     |
|    loss                 | 0.181      |
|    n_updates            | 1958       |
|    policy_gradient_loss | -0.0165    |
|    std                  | 0.458      |
|    value_loss           | 0.868      |
----------------------------------------
Early stopping at step 7 due to reaching max kl: 0.05
-----------------------------------------
| rollout/                |             |
|    ep_len_mean          | 54.6        |
|    ep_rew_mean          | -13.2       |
| time/                   |             |
|    fps                  | 114         |
|    iterations           | 303         |
|    time_elapsed         | 13511       |
|    total_timesteps      | 1551360     |
| train/                  |             |
|    approx_kl            | 0.049587548 |
|    clip_fraction        | 0.253       |
|    clip_range           | 0.2         |
|    entropy_loss         | -1.27       |
|    explained_variance   | 0.809       |
|    learning_rate        | 0.0003      |
|    loss                 | 0.568       |
|    n_updates            | 1966        |
|    policy_gradient_loss | -0.0226     |
|    std                  | 0.457       |
|    value_loss           | 0.936       |
-----------------------------------------
Early stopping at step 7 due to reaching max kl: 0.05
----------------------------------------
| rollout/                |            |
|    ep_len_mean          | 54         |
|    ep_rew_mean          | -31.1      |
| time/                   |            |
|    fps                  | 114        |
|    iterations           | 304        |
|    time_elapsed         | 13557      |
|    total_timesteps      | 1556480    |
| train/                  |            |
|    approx_kl            | 0.04096147 |
|    clip_fraction        | 0.251      |
|    clip_range           | 0.2        |
|    entropy_loss         | -1.27      |
|    explained_variance   | 0.732      |
|    learning_rate        | 0.0003     |
|    loss                 | 0.0877     |
|    n_updates            | 1974       |
|    policy_gradient_loss | -0.0185    |
|    std                  | 0.453      |
|    value_loss           | 0.627      |
----------------------------------------
Early stopping at step 8 due to reaching max kl: 0.05
----------------------------------------
| rollout/                |            |
|    ep_len_mean          | 51.3       |
|    ep_rew_mean          | -23.5      |
| time/                   |            |
|    fps                  | 114        |
|    iterations           | 305        |
|    time_elapsed         | 13609      |
|    total_timesteps      | 1561600    |
| train/                  |            |
|    approx_kl            | 0.04839403 |
|    clip_fraction        | 0.249      |
|    clip_range           | 0.2        |
|    entropy_loss         | -1.25      |
|    explained_variance   | 0.817      |
|    learning_rate        | 0.0003     |
|    loss                 | 0.129      |
|    n_updates            | 1983       |
|    policy_gradient_loss | -0.023     |
|    std                  | 0.451      |
|    value_loss           | 0.621      |
----------------------------------------
Early stopping at step 6 due to reaching max kl: 0.05
-----------------------------------------
| rollout/                |             |
|    ep_len_mean          | 53.1        |
|    ep_rew_mean          | -15.9       |
| time/                   |             |
|    fps                  | 114         |
|    iterations           | 306         |
|    time_elapsed         | 13655       |
|    total_timesteps      | 1566720     |
| train/                  |             |
|    approx_kl            | 0.039873216 |
|    clip_fraction        | 0.261       |
|    clip_range           | 0.2         |
|    entropy_loss         | -1.24       |
|    explained_variance   | 0.777       |
|    learning_rate        | 0.0003      |
|    loss                 | 0.152       |
|    n_updates            | 1990        |
|    policy_gradient_loss | -0.017      |
|    std                  | 0.449       |
|    value_loss           | 0.615       |
-----------------------------------------
Early stopping at step 1 due to reaching max kl: 0.05
----------------------------------------
| rollout/                |            |
|    ep_len_mean          | 49.5       |
|    ep_rew_mean          | -47.1      |
| time/                   |            |
|    fps                  | 114        |
|    iterations           | 307        |
|    time_elapsed         | 13701      |
|    total_timesteps      | 1571840    |
| train/                  |            |
|    approx_kl            | 0.03247388 |
|    clip_fraction        | 0.23       |
|    clip_range           | 0.2        |
|    entropy_loss         | -1.24      |
|    explained_variance   | 0.791      |
|    learning_rate        | 0.0003     |
|    loss                 | 0.367      |
|    n_updates            | 1992       |
|    policy_gradient_loss | 0.00356    |
|    std                  | 0.449      |
|    value_loss           | 0.952      |
----------------------------------------
Early stopping at step 1 due to reaching max kl: 0.05
-----------------------------------------
| rollout/                |             |
|    ep_len_mean          | 50.1        |
|    ep_rew_mean          | -42.9       |
| time/                   |             |
|    fps                  | 114         |
|    iterations           | 308         |
|    time_elapsed         | 13745       |
|    total_timesteps      | 1576960     |
| train/                  |             |
|    approx_kl            | 0.025553916 |
|    clip_fraction        | 0.187       |
|    clip_range           | 0.2         |
|    entropy_loss         | -1.23       |
|    explained_variance   | 0.749       |
|    learning_rate        | 0.0003      |
|    loss                 | 0.664       |
|    n_updates            | 1994        |
|    policy_gradient_loss | -0.00189    |
|    std                  | 0.449       |
|    value_loss           | 1.41        |
-----------------------------------------
Early stopping at step 2 due to reaching max kl: 0.05
-----------------------------------------
| rollout/                |             |
|    ep_len_mean          | 47.8        |
|    ep_rew_mean          | -53.5       |
| time/                   |             |
|    fps                  | 114         |
|    iterations           | 309         |
|    time_elapsed         | 13788       |
|    total_timesteps      | 1582080     |
| train/                  |             |
|    approx_kl            | 0.042422667 |
|    clip_fraction        | 0.231       |
|    clip_range           | 0.2         |
|    entropy_loss         | -1.23       |
|    explained_variance   | 0.791       |
|    learning_rate        | 0.0003      |
|    loss                 | 0.387       |
|    n_updates            | 1997        |
|    policy_gradient_loss | -0.00128    |
|    std                  | 0.449       |
|    value_loss           | 1.08        |
-----------------------------------------
Early stopping at step 3 due to reaching max kl: 0.05
---------------------------------------
| rollout/                |           |
|    ep_len_mean          | 52.8      |
|    ep_rew_mean          | -29.2     |
| time/                   |           |
|    fps                  | 114       |
|    iterations           | 310       |
|    time_elapsed         | 13828     |
|    total_timesteps      | 1587200   |
| train/                  |           |
|    approx_kl            | 0.0389409 |
|    clip_fraction        | 0.224     |
|    clip_range           | 0.2       |
|    entropy_loss         | -1.23     |
|    explained_variance   | 0.728     |
|    learning_rate        | 0.0003    |
|    loss                 | 0.491     |
|    n_updates            | 2001      |
|    policy_gradient_loss | -0.00384  |
|    std                  | 0.448     |
|    value_loss           | 1.27      |
---------------------------------------
Early stopping at step 3 due to reaching max kl: 0.05
-----------------------------------------
| rollout/                |             |
|    ep_len_mean          | 50.8        |
|    ep_rew_mean          | -39.8       |
| time/                   |             |
|    fps                  | 114         |
|    iterations           | 311         |
|    time_elapsed         | 13878       |
|    total_timesteps      | 1592320     |
| train/                  |             |
|    approx_kl            | 0.032934524 |
|    clip_fraction        | 0.201       |
|    clip_range           | 0.2         |
|    entropy_loss         | -1.23       |
|    explained_variance   | 0.719       |
|    learning_rate        | 0.0003      |
|    loss                 | 0.286       |
|    n_updates            | 2005        |
|    policy_gradient_loss | -0.00641    |
|    std                  | 0.448       |
|    value_loss           | 0.816       |
-----------------------------------------
Early stopping at step 7 due to reaching max kl: 0.05
----------------------------------------
| rollout/                |            |
|    ep_len_mean          | 52.4       |
|    ep_rew_mean          | -31.1      |
| time/                   |            |
|    fps                  | 114        |
|    iterations           | 312        |
|    time_elapsed         | 13923      |
|    total_timesteps      | 1597440    |
| train/                  |            |
|    approx_kl            | 0.03650697 |
|    clip_fraction        | 0.261      |
|    clip_range           | 0.2        |
|    entropy_loss         | -1.23      |
|    explained_variance   | 0.774      |
|    learning_rate        | 0.0003     |
|    loss                 | 0.148      |
|    n_updates            | 2013       |
|    policy_gradient_loss | -0.0202    |
|    std                  | 0.448      |
|    value_loss           | 0.698      |
----------------------------------------
Early stopping at step 1 due to reaching max kl: 0.05
[EVAL] t=1,600,000 supervisor off goal 0.85 collision 0.15 timeout 0.00 return 14.7 colregs -18.7 intervention 0.00 (235.2 s)
[EVAL] t=1,600,000 supervisor on goal 0.85 collision 0.15 timeout 0.00 return 12.8 colregs -18.4 intervention 0.02 (243.3 s)
-------------------------------------------------
| eval_supervisor_off/            |             |
|    being_overtaken/collision    | 0.2         |
|    being_overtaken/colregs      | -23.4       |
|    being_overtaken/goal         | 0.8         |
|    being_overtaken/intervention | 0           |
|    collision_boundary           | 0.00833     |
|    collision_obstacle           | 0.0417      |
|    collision_rate               | 0.15        |
|    collision_target             | 0.1         |
|    crossing/collision           | 0.5         |
|    crossing/colregs             | -33.1       |
|    crossing/goal                | 0.5         |
|    crossing/intervention        | 0           |
|    episodes                     | 120         |
|    estops_per_episode           | 0           |
|    eval_wall_s                  | 235         |
|    goal_rate                    | 0.85        |
|    head_on/collision            | 0.05        |
|    head_on/colregs              | -14.1       |
|    head_on/goal                 | 0.95        |
|    head_on/intervention         | 0           |
|    intervention_rate            | 0           |
|    mean_colregs_integral        | -18.7       |
|    mean_return                  | 14.7        |
|    no_target/collision          | 0           |
|    no_target/colregs            | 0           |
|    no_target/goal               | 1           |
|    no_target/intervention       | 0           |
|    null/collision               | 0.1         |
|    null/colregs                 | -0.576      |
|    null/goal                    | 0.9         |
|    null/intervention            | 0           |
|    overtaking/collision         | 0.05        |
|    overtaking/colregs           | -41         |
|    overtaking/goal              | 0.95        |
|    overtaking/intervention      | 0           |
|    timeout_rate                 | 0           |
|    timesteps                    | 1600000     |
| eval_supervisor_on/             |             |
|    being_overtaken/collision    | 0.2         |
|    being_overtaken/colregs      | -23.4       |
|    being_overtaken/goal         | 0.8         |
|    being_overtaken/intervention | 0           |
|    collision_boundary           | 0.00833     |
|    collision_obstacle           | 0.0333      |
|    collision_rate               | 0.15        |
|    collision_target             | 0.108       |
|    crossing/collision           | 0.5         |
|    crossing/colregs             | -33.1       |
|    crossing/goal                | 0.5         |
|    crossing/intervention        | 0           |
|    episodes                     | 120         |
|    estops_per_episode           | 0.0167      |
|    eval_wall_s                  | 243         |
|    goal_rate                    | 0.85        |
|    head_on/collision            | 0           |
|    head_on/colregs              | -14.1       |
|    head_on/goal                 | 1           |
|    head_on/intervention         | 0.05        |
|    intervention_rate            | 0.0167      |
|    mean_colregs_integral        | -18.4       |
|    mean_return                  | 12.8        |
|    no_target/collision          | 0           |
|    no_target/colregs            | 0           |
|    no_target/goal               | 1           |
|    no_target/intervention       | 0           |
|    null/collision               | 0.1         |
|    null/colregs                 | -0.576      |
|    null/goal                    | 0.9         |
|    null/intervention            | 0           |
|    overtaking/collision         | 0.1         |
|    overtaking/colregs           | -39.5       |
|    overtaking/goal              | 0.9         |
|    overtaking/intervention      | 0.05        |
|    timeout_rate                 | 0           |
|    timesteps                    | 1600000     |
| rollout/                        |             |
|    ep_len_mean                  | 48.4        |
|    ep_rew_mean                  | -43         |
| time/                           |             |
|    fps                          | 110         |
|    iterations                   | 313         |
|    time_elapsed                 | 14450       |
|    total_timesteps              | 1602560     |
| train/                          |             |
|    approx_kl                    | 0.029013127 |
|    clip_fraction                | 0.186       |
|    clip_range                   | 0.2         |
|    entropy_loss                 | -1.23       |
|    explained_variance           | 0.742       |
|    learning_rate                | 0.0003      |
|    loss                         | 0.318       |
|    n_updates                    | 2015        |
|    policy_gradient_loss         | 0.000402    |
|    std                          | 0.447       |
|    value_loss                   | 1.28        |
-------------------------------------------------
Early stopping at step 1 due to reaching max kl: 0.05
----------------------------------------
| rollout/                |            |
|    ep_len_mean          | 46.2       |
|    ep_rew_mean          | -64        |
| time/                   |            |
|    fps                  | 110        |
|    iterations           | 314        |
|    time_elapsed         | 14495      |
|    total_timesteps      | 1607680    |
| train/                  |            |
|    approx_kl            | 0.03664302 |
|    clip_fraction        | 0.167      |
|    clip_range           | 0.2        |
|    entropy_loss         | -1.23      |
|    explained_variance   | 0.767      |
|    learning_rate        | 0.0003     |
|    loss                 | 0.491      |
|    n_updates            | 2017       |
|    policy_gradient_loss | 0.00474    |
|    std                  | 0.447      |
|    value_loss           | 1.38       |
----------------------------------------
Early stopping at step 3 due to reaching max kl: 0.05
----------------------------------------
| rollout/                |            |
|    ep_len_mean          | 52.4       |
|    ep_rew_mean          | -10.3      |
| time/                   |            |
|    fps                  | 110        |
|    iterations           | 315        |
|    time_elapsed         | 14537      |
|    total_timesteps      | 1612800    |
| train/                  |            |
|    approx_kl            | 0.03274817 |
|    clip_fraction        | 0.235      |
|    clip_range           | 0.2        |
|    entropy_loss         | -1.23      |
|    explained_variance   | 0.801      |
|    learning_rate        | 0.0003     |
|    loss                 | 0.425      |
|    n_updates            | 2021       |
|    policy_gradient_loss | -0.0081    |
|    std                  | 0.447      |
|    value_loss           | 1.17       |
----------------------------------------
Early stopping at step 2 due to reaching max kl: 0.05
-----------------------------------------
| rollout/                |             |
|    ep_len_mean          | 51.4        |
|    ep_rew_mean          | -40.8       |
| time/                   |             |
|    fps                  | 110         |
|    iterations           | 316         |
|    time_elapsed         | 14582       |
|    total_timesteps      | 1617920     |
| train/                  |             |
|    approx_kl            | 0.033669446 |
|    clip_fraction        | 0.193       |
|    clip_range           | 0.2         |
|    entropy_loss         | -1.23       |
|    explained_variance   | 0.731       |
|    learning_rate        | 0.0003      |
|    loss                 | 0.309       |
|    n_updates            | 2024        |
|    policy_gradient_loss | -0.00373    |
|    std                  | 0.447       |
|    value_loss           | 0.85        |
-----------------------------------------
Early stopping at step 3 due to reaching max kl: 0.05
----------------------------------------
| rollout/                |            |
|    ep_len_mean          | 50.7       |
|    ep_rew_mean          | -27.6      |
| time/                   |            |
|    fps                  | 110        |
|    iterations           | 317        |
|    time_elapsed         | 14623      |
|    total_timesteps      | 1623040    |
| train/                  |            |
|    approx_kl            | 0.03968779 |
|    clip_fraction        | 0.223      |
|    clip_range           | 0.2        |
|    entropy_loss         | -1.23      |
|    explained_variance   | 0.757      |
|    learning_rate        | 0.0003     |
|    loss                 | 0.411      |
|    n_updates            | 2028       |
|    policy_gradient_loss | -0.00976   |
|    std                  | 0.447      |
|    value_loss           | 1.08       |
----------------------------------------
Early stopping at step 3 due to reaching max kl: 0.05
----------------------------------------
| rollout/                |            |
|    ep_len_mean          | 50.7       |
|    ep_rew_mean          | -28.7      |
| time/                   |            |
|    fps                  | 111        |
|    iterations           | 318        |
|    time_elapsed         | 14663      |
|    total_timesteps      | 1628160    |
| train/                  |            |
|    approx_kl            | 0.03355874 |
|    clip_fraction        | 0.234      |
|    clip_range           | 0.2        |
|    entropy_loss         | -1.23      |
|    explained_variance   | 0.784      |
|    learning_rate        | 0.0003     |
|    loss                 | 0.346      |
|    n_updates            | 2032       |
|    policy_gradient_loss | -0.00804   |
|    std                  | 0.446      |
|    value_loss           | 0.862      |
----------------------------------------
Early stopping at step 2 due to reaching max kl: 0.05
----------------------------------------
| rollout/                |            |
|    ep_len_mean          | 53.6       |
|    ep_rew_mean          | -8.68      |
| time/                   |            |
|    fps                  | 111        |
|    iterations           | 319        |
|    time_elapsed         | 14707      |
|    total_timesteps      | 1633280    |
| train/                  |            |
|    approx_kl            | 0.03708988 |
|    clip_fraction        | 0.205      |
|    clip_range           | 0.2        |
|    entropy_loss         | -1.22      |
|    explained_variance   | 0.776      |
|    learning_rate        | 0.0003     |
|    loss                 | 0.424      |
|    n_updates            | 2035       |
|    policy_gradient_loss | -0.00435   |
|    std                  | 0.447      |
|    value_loss           | 1.09       |
----------------------------------------
Early stopping at step 5 due to reaching max kl: 0.05
----------------------------------------
| rollout/                |            |
|    ep_len_mean          | 50.5       |
|    ep_rew_mean          | 0.392      |
| time/                   |            |
|    fps                  | 111        |
|    iterations           | 320        |
|    time_elapsed         | 14749      |
|    total_timesteps      | 1638400    |
| train/                  |            |
|    approx_kl            | 0.03916407 |
|    clip_fraction        | 0.244      |
|    clip_range           | 0.2        |
|    entropy_loss         | -1.22      |
|    explained_variance   | 0.767      |
|    learning_rate        | 0.0003     |
|    loss                 | 0.202      |
|    n_updates            | 2041       |
|    policy_gradient_loss | -0.0154    |
|    std                  | 0.446      |
|    value_loss           | 0.673      |
----------------------------------------
Early stopping at step 2 due to reaching max kl: 0.07
----------------------------------------
| rollout/                |            |
|    ep_len_mean          | 52.4       |
|    ep_rew_mean          | -26.4      |
| time/                   |            |
|    fps                  | 111        |
|    iterations           | 321        |
|    time_elapsed         | 14789      |
|    total_timesteps      | 1643520    |
| train/                  |            |
|    approx_kl            | 0.03577927 |
|    clip_fraction        | 0.219      |
|    clip_range           | 0.2        |
|    entropy_loss         | -1.22      |
|    explained_variance   | 0.742      |
|    learning_rate        | 0.0003     |
|    loss                 | 0.311      |
|    n_updates            | 2044       |
|    policy_gradient_loss | -0.00347   |
|    std                  | 0.445      |
|    value_loss           | 0.913      |
----------------------------------------
Early stopping at step 1 due to reaching max kl: 0.06
----------------------------------------
| rollout/                |            |
|    ep_len_mean          | 53.3       |
|    ep_rew_mean          | -25.3      |
| time/                   |            |
|    fps                  | 111        |
|    iterations           | 322        |
|    time_elapsed         | 14830      |
|    total_timesteps      | 1648640    |
| train/                  |            |
|    approx_kl            | 0.03413464 |
|    clip_fraction        | 0.23       |
|    clip_range           | 0.2        |
|    entropy_loss         | -1.22      |
|    explained_variance   | 0.756      |
|    learning_rate        | 0.0003     |
|    loss                 | 0.468      |
|    n_updates            | 2046       |
|    policy_gradient_loss | 0.00485    |
|    std                  | 0.445      |
|    value_loss           | 1.1        |
----------------------------------------
Early stopping at step 7 due to reaching max kl: 0.05
-----------------------------------------
| rollout/                |             |
|    ep_len_mean          | 53.6        |
|    ep_rew_mean          | -26.8       |
| time/                   |             |
|    fps                  | 111         |
|    iterations           | 323         |
|    time_elapsed         | 14872       |
|    total_timesteps      | 1653760     |
| train/                  |             |
|    approx_kl            | 0.036159843 |
|    clip_fraction        | 0.248       |
|    clip_range           | 0.2         |
|    entropy_loss         | -1.22       |
|    explained_variance   | 0.738       |
|    learning_rate        | 0.0003      |
|    loss                 | 0.151       |
|    n_updates            | 2054        |
|    policy_gradient_loss | -0.0192     |
|    std                  | 0.443       |
|    value_loss           | 0.685       |
-----------------------------------------
Early stopping at step 4 due to reaching max kl: 0.05
-----------------------------------------
| rollout/                |             |
|    ep_len_mean          | 52.3        |
|    ep_rew_mean          | -30.6       |
| time/                   |             |
|    fps                  | 111         |
|    iterations           | 324         |
|    time_elapsed         | 14918       |
|    total_timesteps      | 1658880     |
| train/                  |             |
|    approx_kl            | 0.039307628 |
|    clip_fraction        | 0.248       |
|    clip_range           | 0.2         |
|    entropy_loss         | -1.21       |
|    explained_variance   | 0.784       |
|    learning_rate        | 0.0003      |
|    loss                 | 0.223       |
|    n_updates            | 2059        |
|    policy_gradient_loss | -0.0109     |
|    std                  | 0.443       |
|    value_loss           | 0.702       |
-----------------------------------------
Early stopping at step 2 due to reaching max kl: 0.05
-----------------------------------------
| rollout/                |             |
|    ep_len_mean          | 51.8        |
|    ep_rew_mean          | -25.2       |
| time/                   |             |
|    fps                  | 111         |
|    iterations           | 325         |
|    time_elapsed         | 14960       |
|    total_timesteps      | 1664000     |
| train/                  |             |
|    approx_kl            | 0.042263523 |
|    clip_fraction        | 0.234       |
|    clip_range           | 0.2         |
|    entropy_loss         | -1.21       |
|    explained_variance   | 0.762       |
|    learning_rate        | 0.0003      |
|    loss                 | 0.5         |
|    n_updates            | 2062        |
|    policy_gradient_loss | -1.92e-05   |
|    std                  | 0.443       |
|    value_loss           | 1.09        |
-----------------------------------------
Early stopping at step 2 due to reaching max kl: 0.05
----------------------------------------
| rollout/                |            |
|    ep_len_mean          | 50.8       |
|    ep_rew_mean          | -15.1      |
| time/                   |            |
|    fps                  | 111        |
|    iterations           | 326        |
|    time_elapsed         | 15005      |
|    total_timesteps      | 1669120    |
| train/                  |            |
|    approx_kl            | 0.03929926 |
|    clip_fraction        | 0.214      |
|    clip_range           | 0.2        |
|    entropy_loss         | -1.21      |
|    explained_variance   | 0.791      |
|    learning_rate        | 0.0003     |
|    loss                 | 0.486      |
|    n_updates            | 2065       |
|    policy_gradient_loss | -0.00505   |
|    std                  | 0.443      |
|    value_loss           | 0.932      |
----------------------------------------
Early stopping at step 6 due to reaching max kl: 0.05
-----------------------------------------
| rollout/                |             |
|    ep_len_mean          | 51          |
|    ep_rew_mean          | -24.5       |
| time/                   |             |
|    fps                  | 111         |
|    iterations           | 327         |
|    time_elapsed         | 15053       |
|    total_timesteps      | 1674240     |
| train/                  |             |
|    approx_kl            | 0.040614486 |
|    clip_fraction        | 0.271       |
|    clip_range           | 0.2         |
|    entropy_loss         | -1.21       |
|    explained_variance   | 0.811       |
|    learning_rate        | 0.0003      |
|    loss                 | 0.158       |
|    n_updates            | 2072        |
|    policy_gradient_loss | -0.0168     |
|    std                  | 0.444       |
|    value_loss           | 0.598       |
-----------------------------------------
Early stopping at step 1 due to reaching max kl: 0.06
----------------------------------------
| rollout/                |            |
|    ep_len_mean          | 53.6       |
|    ep_rew_mean          | -19.1      |
| time/                   |            |
|    fps                  | 111        |
|    iterations           | 328        |
|    time_elapsed         | 15095      |
|    total_timesteps      | 1679360    |
| train/                  |            |
|    approx_kl            | 0.03155969 |
|    clip_fraction        | 0.208      |
|    clip_range           | 0.2        |
|    entropy_loss         | -1.21      |
|    explained_variance   | 0.725      |
|    learning_rate        | 0.0003     |
|    loss                 | 0.397      |
|    n_updates            | 2074       |
|    policy_gradient_loss | 0.00296    |
|    std                  | 0.444      |
|    value_loss           | 1.3        |
----------------------------------------
Early stopping at step 2 due to reaching max kl: 0.05
-----------------------------------------
| rollout/                |             |
|    ep_len_mean          | 52.7        |
|    ep_rew_mean          | -36.6       |
| time/                   |             |
|    fps                  | 111         |
|    iterations           | 329         |
|    time_elapsed         | 15139       |
|    total_timesteps      | 1684480     |
| train/                  |             |
|    approx_kl            | 0.033828907 |
|    clip_fraction        | 0.209       |
|    clip_range           | 0.2         |
|    entropy_loss         | -1.21       |
|    explained_variance   | 0.672       |
|    learning_rate        | 0.0003      |
|    loss                 | 0.411       |
|    n_updates            | 2077        |
|    policy_gradient_loss | -0.00512    |
|    std                  | 0.444       |
|    value_loss           | 1.16        |
-----------------------------------------
Early stopping at step 4 due to reaching max kl: 0.05
-----------------------------------------
| rollout/                |             |
|    ep_len_mean          | 50.9        |
|    ep_rew_mean          | -39         |
| time/                   |             |
|    fps                  | 111         |
|    iterations           | 330         |
|    time_elapsed         | 15188       |
|    total_timesteps      | 1689600     |
| train/                  |             |
|    approx_kl            | 0.046603814 |
|    clip_fraction        | 0.268       |
|    clip_range           | 0.2         |
|    entropy_loss         | -1.21       |
|    explained_variance   | 0.759       |
|    learning_rate        | 0.0003      |
|    loss                 | 0.254       |
|    n_updates            | 2082        |
|    policy_gradient_loss | -0.0105     |
|    std                  | 0.444       |
|    value_loss           | 0.988       |
-----------------------------------------
Early stopping at step 2 due to reaching max kl: 0.05
-----------------------------------------
| rollout/                |             |
|    ep_len_mean          | 53.4        |
|    ep_rew_mean          | -27.6       |
| time/                   |             |
|    fps                  | 111         |
|    iterations           | 331         |
|    time_elapsed         | 15228       |
|    total_timesteps      | 1694720     |
| train/                  |             |
|    approx_kl            | 0.037039366 |
|    clip_fraction        | 0.216       |
|    clip_range           | 0.2         |
|    entropy_loss         | -1.22       |
|    explained_variance   | 0.751       |
|    learning_rate        | 0.0003      |
|    loss                 | 0.39        |
|    n_updates            | 2085        |
|    policy_gradient_loss | -0.00666    |
|    std                  | 0.445       |
|    value_loss           | 1.23        |
-----------------------------------------
Early stopping at step 2 due to reaching max kl: 0.06
-----------------------------------------
| rollout/                |             |
|    ep_len_mean          | 51.9        |
|    ep_rew_mean          | -21.2       |
| time/                   |             |
|    fps                  | 111         |
|    iterations           | 332         |
|    time_elapsed         | 15272       |
|    total_timesteps      | 1699840     |
| train/                  |             |
|    approx_kl            | 0.039955173 |
|    clip_fraction        | 0.218       |
|    clip_range           | 0.2         |
|    entropy_loss         | -1.22       |
|    explained_variance   | 0.763       |
|    learning_rate        | 0.0003      |
|    loss                 | 0.858       |
|    n_updates            | 2088        |
|    policy_gradient_loss | -0.00268    |
|    std                  | 0.445       |
|    value_loss           | 1.03        |
-----------------------------------------
Early stopping at step 0 due to reaching max kl: 0.05
-----------------------------------------
| rollout/                |             |
|    ep_len_mean          | 54.2        |
|    ep_rew_mean          | -17.4       |
| time/                   |             |
|    fps                  | 111         |
|    iterations           | 333         |
|    time_elapsed         | 15311       |
|    total_timesteps      | 1704960     |
| train/                  |             |
|    approx_kl            | 0.020635191 |
|    clip_fraction        | 0.222       |
|    clip_range           | 0.2         |
|    entropy_loss         | -1.22       |
|    explained_variance   | 0.774       |
|    learning_rate        | 0.0003      |
|    loss                 | 0.643       |
|    n_updates            | 2089        |
|    policy_gradient_loss | 0.00604     |
|    std                  | 0.445       |
|    value_loss           | 1.11        |
-----------------------------------------
Early stopping at step 1 due to reaching max kl: 0.05
----------------------------------------
| rollout/                |            |
|    ep_len_mean          | 49.3       |
|    ep_rew_mean          | -46.8      |
| time/                   |            |
|    fps                  | 111        |
|    iterations           | 334        |
|    time_elapsed         | 15353      |
|    total_timesteps      | 1710080    |
| train/                  |            |
|    approx_kl            | 0.03173562 |
|    clip_fraction        | 0.169      |
|    clip_range           | 0.2        |
|    entropy_loss         | -1.22      |
|    explained_variance   | 0.787      |
|    learning_rate        | 0.0003     |
|    loss                 | 0.433      |
|    n_updates            | 2091       |
|    policy_gradient_loss | 0.00319    |
|    std                  | 0.445      |
|    value_loss           | 1.02       |
----------------------------------------
Early stopping at step 1 due to reaching max kl: 0.06
-----------------------------------------
| rollout/                |             |
|    ep_len_mean          | 52.3        |
|    ep_rew_mean          | -15.1       |
| time/                   |             |
|    fps                  | 111         |
|    iterations           | 335         |
|    time_elapsed         | 15393       |
|    total_timesteps      | 1715200     |
| train/                  |             |
|    approx_kl            | 0.032002103 |
|    clip_fraction        | 0.206       |
|    clip_range           | 0.2         |
|    entropy_loss         | -1.22       |
|    explained_variance   | 0.765       |
|    learning_rate        | 0.0003      |
|    loss                 | 0.471       |
|    n_updates            | 2093        |
|    policy_gradient_loss | 0.0067      |
|    std                  | 0.445       |
|    value_loss           | 1.32        |
-----------------------------------------
Early stopping at step 2 due to reaching max kl: 0.06
-----------------------------------------
| rollout/                |             |
|    ep_len_mean          | 55.6        |
|    ep_rew_mean          | -25.7       |
| time/                   |             |
|    fps                  | 111         |
|    iterations           | 336         |
|    time_elapsed         | 15431       |
|    total_timesteps      | 1720320     |
| train/                  |             |
|    approx_kl            | 0.060377218 |
|    clip_fraction        | 0.194       |
|    clip_range           | 0.2         |
|    entropy_loss         | -1.22       |
|    explained_variance   | 0.789       |
|    learning_rate        | 0.0003      |
|    loss                 | 0.286       |
|    n_updates            | 2096        |
|    policy_gradient_loss | 0.00188     |
|    std                  | 0.445       |
|    value_loss           | 0.956       |
-----------------------------------------
Early stopping at step 1 due to reaching max kl: 0.05
-----------------------------------------
| rollout/                |             |
|    ep_len_mean          | 49          |
|    ep_rew_mean          | -41.7       |
| time/                   |             |
|    fps                  | 111         |
|    iterations           | 337         |
|    time_elapsed         | 15474       |
|    total_timesteps      | 1725440     |
| train/                  |             |
|    approx_kl            | 0.031001866 |
|    clip_fraction        | 0.243       |
|    clip_range           | 0.2         |
|    entropy_loss         | -1.22       |
|    explained_variance   | 0.778       |
|    learning_rate        | 0.0003      |
|    loss                 | 0.349       |
|    n_updates            | 2098        |
|    policy_gradient_loss | 0.0118      |
|    std                  | 0.445       |
|    value_loss           | 0.859       |
-----------------------------------------
Early stopping at step 1 due to reaching max kl: 0.05
-----------------------------------------
| rollout/                |             |
|    ep_len_mean          | 48.5        |
|    ep_rew_mean          | -41         |
| time/                   |             |
|    fps                  | 111         |
|    iterations           | 338         |
|    time_elapsed         | 15517       |
|    total_timesteps      | 1730560     |
| train/                  |             |
|    approx_kl            | 0.030460535 |
|    clip_fraction        | 0.195       |
|    clip_range           | 0.2         |
|    entropy_loss         | -1.22       |
|    explained_variance   | 0.793       |
|    learning_rate        | 0.0003      |
|    loss                 | 0.395       |
|    n_updates            | 2100        |
|    policy_gradient_loss | 0.00361     |
|    std                  | 0.445       |
|    value_loss           | 1.13        |
-----------------------------------------
Early stopping at step 2 due to reaching max kl: 0.05
----------------------------------------
| rollout/                |            |
|    ep_len_mean          | 49.9       |
|    ep_rew_mean          | -40.5      |
| time/                   |            |
|    fps                  | 111        |
|    iterations           | 339        |
|    time_elapsed         | 15560      |
|    total_timesteps      | 1735680    |
| train/                  |            |
|    approx_kl            | 0.03694336 |
|    clip_fraction        | 0.214      |
|    clip_range           | 0.2        |
|    entropy_loss         | -1.21      |
|    explained_variance   | 0.777      |
|    learning_rate        | 0.0003     |
|    loss                 | 0.398      |
|    n_updates            | 2103       |
|    policy_gradient_loss | 8.98e-05   |
|    std                  | 0.444      |
|    value_loss           | 1.15       |
----------------------------------------
Early stopping at step 7 due to reaching max kl: 0.05
----------------------------------------
| rollout/                |            |
|    ep_len_mean          | 52.9       |
|    ep_rew_mean          | -21.5      |
| time/                   |            |
|    fps                  | 111        |
|    iterations           | 340        |
|    time_elapsed         | 15605      |
|    total_timesteps      | 1740800    |
| train/                  |            |
|    approx_kl            | 0.03655084 |
|    clip_fraction        | 0.257      |
|    clip_range           | 0.2        |
|    entropy_loss         | -1.22      |
|    explained_variance   | 0.763      |
|    learning_rate        | 0.0003     |
|    loss                 | 0.308      |
|    n_updates            | 2111       |
|    policy_gradient_loss | -0.0175    |
|    std                  | 0.444      |
|    value_loss           | 0.858      |
----------------------------------------
Early stopping at step 3 due to reaching max kl: 0.05
----------------------------------------
| rollout/                |            |
|    ep_len_mean          | 54.3       |
|    ep_rew_mean          | -6.33      |
| time/                   |            |
|    fps                  | 111        |
|    iterations           | 341        |
|    time_elapsed         | 15646      |
|    total_timesteps      | 1745920    |
| train/                  |            |
|    approx_kl            | 0.03210256 |
|    clip_fraction        | 0.239      |
|    clip_range           | 0.2        |
|    entropy_loss         | -1.21      |
|    explained_variance   | 0.795      |
|    learning_rate        | 0.0003     |
|    loss                 | 0.265      |
|    n_updates            | 2115       |
|    policy_gradient_loss | -0.00312   |
|    std                  | 0.443      |
|    value_loss           | 0.831      |
----------------------------------------
Early stopping at step 4 due to reaching max kl: 0.05
---------------------------------------
| rollout/                |           |
|    ep_len_mean          | 57        |
|    ep_rew_mean          | -9.07     |
| time/                   |           |
|    fps                  | 111       |
|    iterations           | 342       |
|    time_elapsed         | 15688     |
|    total_timesteps      | 1751040   |
| train/                  |           |
|    approx_kl            | 0.0486413 |
|    clip_fraction        | 0.247     |
|    clip_range           | 0.2       |
|    entropy_loss         | -1.21     |
|    explained_variance   | 0.732     |
|    learning_rate        | 0.0003    |
|    loss                 | 0.514     |
|    n_updates            | 2120      |
|    policy_gradient_loss | -0.00794  |
|    std                  | 0.442     |
|    value_loss           | 0.905     |
---------------------------------------
Early stopping at step 1 due to reaching max kl: 0.05
-----------------------------------------
| rollout/                |             |
|    ep_len_mean          | 55.4        |
|    ep_rew_mean          | -20.9       |
| time/                   |             |
|    fps                  | 111         |
|    iterations           | 343         |
|    time_elapsed         | 15727       |
|    total_timesteps      | 1756160     |
| train/                  |             |
|    approx_kl            | 0.028087437 |
|    clip_fraction        | 0.241       |
|    clip_range           | 0.2         |
|    entropy_loss         | -1.2        |
|    explained_variance   | 0.772       |
|    learning_rate        | 0.0003      |
|    loss                 | 0.357       |
|    n_updates            | 2122        |
|    policy_gradient_loss | -0.000174   |
|    std                  | 0.442       |
|    value_loss           | 0.931       |
-----------------------------------------
Early stopping at step 1 due to reaching max kl: 0.05
-----------------------------------------
| rollout/                |             |
|    ep_len_mean          | 55          |
|    ep_rew_mean          | -36.2       |
| time/                   |             |
|    fps                  | 111         |
|    iterations           | 344         |
|    time_elapsed         | 15770       |
|    total_timesteps      | 1761280     |
| train/                  |             |
|    approx_kl            | 0.033048388 |
|    clip_fraction        | 0.259       |
|    clip_range           | 0.2         |
|    entropy_loss         | -1.2        |
|    explained_variance   | 0.75        |
|    learning_rate        | 0.0003      |
|    loss                 | 0.484       |
|    n_updates            | 2124        |
|    policy_gradient_loss | 0.00634     |
|    std                  | 0.442       |
|    value_loss           | 1.2         |
-----------------------------------------
Early stopping at step 4 due to reaching max kl: 0.05
-----------------------------------------
| rollout/                |             |
|    ep_len_mean          | 54.5        |
|    ep_rew_mean          | -17.6       |
| time/                   |             |
|    fps                  | 111         |
|    iterations           | 345         |
|    time_elapsed         | 15812       |
|    total_timesteps      | 1766400     |
| train/                  |             |
|    approx_kl            | 0.040343117 |
|    clip_fraction        | 0.259       |
|    clip_range           | 0.2         |
|    entropy_loss         | -1.21       |
|    explained_variance   | 0.735       |
|    learning_rate        | 0.0003      |
|    loss                 | 0.315       |
|    n_updates            | 2129        |
|    policy_gradient_loss | -0.0117     |
|    std                  | 0.444       |
|    value_loss           | 1.02        |
-----------------------------------------
Early stopping at step 4 due to reaching max kl: 0.05
-----------------------------------------
| rollout/                |             |
|    ep_len_mean          | 52.6        |
|    ep_rew_mean          | -57.9       |
| time/                   |             |
|    fps                  | 111         |
|    iterations           | 346         |
|    time_elapsed         | 15862       |
|    total_timesteps      | 1771520     |
| train/                  |             |
|    approx_kl            | 0.045448467 |
|    clip_fraction        | 0.254       |
|    clip_range           | 0.2         |
|    entropy_loss         | -1.21       |
|    explained_variance   | 0.738       |
|    learning_rate        | 0.0003      |
|    loss                 | 0.239       |
|    n_updates            | 2134        |
|    policy_gradient_loss | -0.00566    |
|    std                  | 0.444       |
|    value_loss           | 0.882       |
-----------------------------------------
Early stopping at step 3 due to reaching max kl: 0.05
-----------------------------------------
| rollout/                |             |
|    ep_len_mean          | 53.4        |
|    ep_rew_mean          | -29.3       |
| time/                   |             |
|    fps                  | 111         |
|    iterations           | 347         |
|    time_elapsed         | 15904       |
|    total_timesteps      | 1776640     |
| train/                  |             |
|    approx_kl            | 0.036477823 |
|    clip_fraction        | 0.228       |
|    clip_range           | 0.2         |
|    entropy_loss         | -1.21       |
|    explained_variance   | 0.82        |
|    learning_rate        | 0.0003      |
|    loss                 | 0.288       |
|    n_updates            | 2138        |
|    policy_gradient_loss | -0.00304    |
|    std                  | 0.444       |
|    value_loss           | 0.873       |
-----------------------------------------
Early stopping at step 7 due to reaching max kl: 0.05
-----------------------------------------
| rollout/                |             |
|    ep_len_mean          | 53.9        |
|    ep_rew_mean          | -9.75       |
| time/                   |             |
|    fps                  | 111         |
|    iterations           | 348         |
|    time_elapsed         | 15948       |
|    total_timesteps      | 1781760     |
| train/                  |             |
|    approx_kl            | 0.036376223 |
|    clip_fraction        | 0.26        |
|    clip_range           | 0.2         |
|    entropy_loss         | -1.21       |
|    explained_variance   | 0.833       |
|    learning_rate        | 0.0003      |
|    loss                 | 0.144       |
|    n_updates            | 2146        |
|    policy_gradient_loss | -0.0196     |
|    std                  | 0.441       |
|    value_loss           | 0.598       |
-----------------------------------------
Early stopping at step 1 due to reaching max kl: 0.05
-----------------------------------------
| rollout/                |             |
|    ep_len_mean          | 54.2        |
|    ep_rew_mean          | -34.4       |
| time/                   |             |
|    fps                  | 111         |
|    iterations           | 349         |
|    time_elapsed         | 15986       |
|    total_timesteps      | 1786880     |
| train/                  |             |
|    approx_kl            | 0.045714177 |
|    clip_fraction        | 0.227       |
|    clip_range           | 0.2         |
|    entropy_loss         | -1.2        |
|    explained_variance   | 0.798       |
|    learning_rate        | 0.0003      |
|    loss                 | 0.532       |
|    n_updates            | 2148        |
|    policy_gradient_loss | 0.00749     |
|    std                  | 0.44        |
|    value_loss           | 0.952       |
-----------------------------------------
Early stopping at step 3 due to reaching max kl: 0.05
-----------------------------------------
| rollout/                |             |
|    ep_len_mean          | 53.7        |
|    ep_rew_mean          | -23.1       |
| time/                   |             |
|    fps                  | 111         |
|    iterations           | 350         |
|    time_elapsed         | 16030       |
|    total_timesteps      | 1792000     |
| train/                  |             |
|    approx_kl            | 0.038246058 |
|    clip_fraction        | 0.253       |
|    clip_range           | 0.2         |
|    entropy_loss         | -1.19       |
|    explained_variance   | 0.758       |
|    learning_rate        | 0.0003      |
|    loss                 | 0.442       |
|    n_updates            | 2152        |
|    policy_gradient_loss | -0.00424    |
|    std                  | 0.439       |
|    value_loss           | 0.998       |
-----------------------------------------
Early stopping at step 6 due to reaching max kl: 0.05
----------------------------------------
| rollout/                |            |
|    ep_len_mean          | 53.7       |
|    ep_rew_mean          | -24.1      |
| time/                   |            |
|    fps                  | 111        |
|    iterations           | 351        |
|    time_elapsed         | 16076      |
|    total_timesteps      | 1797120    |
| train/                  |            |
|    approx_kl            | 0.04858219 |
|    clip_fraction        | 0.243      |
|    clip_range           | 0.2        |
|    entropy_loss         | -1.19      |
|    explained_variance   | 0.793      |
|    learning_rate        | 0.0003     |
|    loss                 | 0.135      |
|    n_updates            | 2159       |
|    policy_gradient_loss | -0.0146    |
|    std                  | 0.439      |
|    value_loss           | 0.55       |
----------------------------------------
Early stopping at step 8 due to reaching max kl: 0.05
[EVAL] t=1,800,000 supervisor off goal 0.90 collision 0.10 timeout 0.00 return 31.8 colregs -17.5 intervention 0.00 (251.7 s)
[EVAL] t=1,800,000 supervisor on goal 0.90 collision 0.10 timeout 0.00 return 27.9 colregs -17.6 intervention 0.02 (252.9 s)
-------------------------------------------------
| eval_supervisor_off/            |             |
|    being_overtaken/collision    | 0.05        |
|    being_overtaken/colregs      | -25.7       |
|    being_overtaken/goal         | 0.95        |
|    being_overtaken/intervention | 0           |
|    collision_boundary           | 0.0167      |
|    collision_obstacle           | 0.025       |
|    collision_rate               | 0.1         |
|    collision_target             | 0.0583      |
|    crossing/collision           | 0.45        |
|    crossing/colregs             | -32.5       |
|    crossing/goal                | 0.55        |
|    crossing/intervention        | 0           |
|    episodes                     | 120         |
|    estops_per_episode           | 0           |
|    eval_wall_s                  | 252         |
|    goal_rate                    | 0.9         |
|    head_on/collision            | 0.05        |
|    head_on/colregs              | -13         |
|    head_on/goal                 | 0.95        |
|    head_on/intervention         | 0           |
|    intervention_rate            | 0           |
|    mean_colregs_integral        | -17.5       |
|    mean_return                  | 31.8        |
|    no_target/collision          | 0.05        |
|    no_target/colregs            | 0           |
|    no_target/goal               | 0.95        |
|    no_target/intervention       | 0           |
|    null/collision               | 0           |
|    null/colregs                 | -0.604      |
|    null/goal                    | 1           |
|    null/intervention            | 0           |
|    overtaking/collision         | 0           |
|    overtaking/colregs           | -33.4       |
|    overtaking/goal              | 1           |
|    overtaking/intervention      | 0           |
|    timeout_rate                 | 0           |
|    timesteps                    | 1800000     |
| eval_supervisor_on/             |             |
|    being_overtaken/collision    | 0.05        |
|    being_overtaken/colregs      | -25.7       |
|    being_overtaken/goal         | 0.95        |
|    being_overtaken/intervention | 0           |
|    collision_boundary           | 0.0167      |
|    collision_obstacle           | 0.025       |
|    collision_rate               | 0.1         |
|    collision_target             | 0.0583      |
|    crossing/collision           | 0.45        |
|    crossing/colregs             | -32.5       |
|    crossing/goal                | 0.55        |
|    crossing/intervention        | 0           |
|    episodes                     | 120         |
|    estops_per_episode           | 0.0333      |
|    eval_wall_s                  | 253         |
|    goal_rate                    | 0.9         |
|    head_on/collision            | 0.05        |
|    head_on/colregs              | -13         |
|    head_on/goal                 | 0.95        |
|    head_on/intervention         | 0.05        |
|    intervention_rate            | 0.0167      |
|    mean_colregs_integral        | -17.6       |
|    mean_return                  | 27.9        |
|    no_target/collision          | 0.05        |
|    no_target/colregs            | 0           |
|    no_target/goal               | 0.95        |
|    no_target/intervention       | 0           |
|    null/collision               | 0           |
|    null/colregs                 | -0.604      |
|    null/goal                    | 1           |
|    null/intervention            | 0           |
|    overtaking/collision         | 0           |
|    overtaking/colregs           | -34         |
|    overtaking/goal              | 1           |
|    overtaking/intervention      | 0.05        |
|    timeout_rate                 | 0           |
|    timesteps                    | 1800000     |
| rollout/                        |             |
|    ep_len_mean                  | 51.8        |
|    ep_rew_mean                  | -49         |
| time/                           |             |
|    fps                          | 108         |
|    iterations                   | 352         |
|    time_elapsed                 | 16628       |
|    total_timesteps              | 1802240     |
| train/                          |             |
|    approx_kl                    | 0.040827833 |
|    clip_fraction                | 0.279       |
|    clip_range                   | 0.2         |
|    entropy_loss                 | -1.18       |
|    explained_variance           | 0.748       |
|    learning_rate                | 0.0003      |
|    loss                         | 0.0665      |
|    n_updates                    | 2168        |
|    policy_gradient_loss         | -0.0197     |
|    std                          | 0.436       |
|    value_loss                   | 0.646       |
-------------------------------------------------
Early stopping at step 1 due to reaching max kl: 0.05
-----------------------------------------
| rollout/                |             |
|    ep_len_mean          | 55          |
|    ep_rew_mean          | -14.3       |
| time/                   |             |
|    fps                  | 108         |
|    iterations           | 353         |
|    time_elapsed         | 16667       |
|    total_timesteps      | 1807360     |
| train/                  |             |
|    approx_kl            | 0.032639816 |
|    clip_fraction        | 0.181       |
|    clip_range           | 0.2         |
|    entropy_loss         | -1.18       |
|    explained_variance   | 0.751       |
|    learning_rate        | 0.0003      |
|    loss                 | 0.474       |
|    n_updates            | 2170        |
|    policy_gradient_loss | 0.00789     |
|    std                  | 0.436       |
|    value_loss           | 1.37        |
-----------------------------------------
Early stopping at step 5 due to reaching max kl: 0.05
-----------------------------------------
| rollout/                |             |
|    ep_len_mean          | 54.6        |
|    ep_rew_mean          | -19.4       |
| time/                   |             |
|    fps                  | 108         |
|    iterations           | 354         |
|    time_elapsed         | 16716       |
|    total_timesteps      | 1812480     |
| train/                  |             |
|    approx_kl            | 0.041938365 |
|    clip_fraction        | 0.284       |
|    clip_range           | 0.2         |
|    entropy_loss         | -1.18       |
|    explained_variance   | 0.791       |
|    learning_rate        | 0.0003      |
|    loss                 | 0.0824      |
|    n_updates            | 2176        |
|    policy_gradient_loss | -0.0153     |
|    std                  | 0.436       |
|    value_loss           | 0.531       |
-----------------------------------------
Early stopping at step 6 due to reaching max kl: 0.05
-----------------------------------------
| rollout/                |             |
|    ep_len_mean          | 51.8        |
|    ep_rew_mean          | -32.2       |
| time/                   |             |
|    fps                  | 108         |
|    iterations           | 355         |
|    time_elapsed         | 16762       |
|    total_timesteps      | 1817600     |
| train/                  |             |
|    approx_kl            | 0.040387444 |
|    clip_fraction        | 0.276       |
|    clip_range           | 0.2         |
|    entropy_loss         | -1.17       |
|    explained_variance   | 0.759       |
|    learning_rate        | 0.0003      |
|    loss                 | 0.174       |
|    n_updates            | 2183        |
|    policy_gradient_loss | -0.0204     |
|    std                  | 0.434       |
|    value_loss           | 0.8         |
-----------------------------------------
Early stopping at step 2 due to reaching max kl: 0.05
-----------------------------------------
| rollout/                |             |
|    ep_len_mean          | 52.4        |
|    ep_rew_mean          | -53.7       |
| time/                   |             |
|    fps                  | 108         |
|    iterations           | 356         |
|    time_elapsed         | 16801       |
|    total_timesteps      | 1822720     |
| train/                  |             |
|    approx_kl            | 0.036610976 |
|    clip_fraction        | 0.172       |
|    clip_range           | 0.2         |
|    entropy_loss         | -1.17       |
|    explained_variance   | 0.781       |
|    learning_rate        | 0.0003      |
|    loss                 | 0.267       |
|    n_updates            | 2186        |
|    policy_gradient_loss | -0.00158    |
|    std                  | 0.434       |
|    value_loss           | 0.988       |
-----------------------------------------
Early stopping at step 1 due to reaching max kl: 0.05
----------------------------------------
| rollout/                |            |
|    ep_len_mean          | 50.8       |
|    ep_rew_mean          | -39.1      |
| time/                   |            |
|    fps                  | 108        |
|    iterations           | 357        |
|    time_elapsed         | 16837      |
|    total_timesteps      | 1827840    |
| train/                  |            |
|    approx_kl            | 0.04543369 |
|    clip_fraction        | 0.205      |
|    clip_range           | 0.2        |
|    entropy_loss         | -1.17      |
|    explained_variance   | 0.781      |
|    learning_rate        | 0.0003     |
|    loss                 | 0.576      |
|    n_updates            | 2188       |
|    policy_gradient_loss | 0.00559    |
|    std                  | 0.434      |
|    value_loss           | 1.34       |
----------------------------------------
Early stopping at step 2 due to reaching max kl: 0.05
----------------------------------------
| rollout/                |            |
|    ep_len_mean          | 52         |
|    ep_rew_mean          | 2.98       |
| time/                   |            |
|    fps                  | 108        |
|    iterations           | 358        |
|    time_elapsed         | 16867      |
|    total_timesteps      | 1832960    |
| train/                  |            |
|    approx_kl            | 0.02973009 |
|    clip_fraction        | 0.207      |
|    clip_range           | 0.2        |
|    entropy_loss         | -1.17      |
|    explained_variance   | 0.79       |
|    learning_rate        | 0.0003     |
|    loss                 | 0.599      |
|    n_updates            | 2191       |
|    policy_gradient_loss | -0.0053    |
|    std                  | 0.434      |
|    value_loss           | 1.06       |
----------------------------------------
Early stopping at step 6 due to reaching max kl: 0.05
-----------------------------------------
| rollout/                |             |
|    ep_len_mean          | 51.6        |
|    ep_rew_mean          | -25.9       |
| time/                   |             |
|    fps                  | 108         |
|    iterations           | 359         |
|    time_elapsed         | 16907       |
|    total_timesteps      | 1838080     |
| train/                  |             |
|    approx_kl            | 0.041023128 |
|    clip_fraction        | 0.239       |
|    clip_range           | 0.2         |
|    entropy_loss         | -1.16       |
|    explained_variance   | 0.799       |
|    learning_rate        | 0.0003      |
|    loss                 | 0.0821      |
|    n_updates            | 2198        |
|    policy_gradient_loss | -0.0151     |
|    std                  | 0.432       |
|    value_loss           | 0.552       |
-----------------------------------------
Early stopping at step 1 due to reaching max kl: 0.06
-----------------------------------------
| rollout/                |             |
|    ep_len_mean          | 50.1        |
|    ep_rew_mean          | -21.9       |
| time/                   |             |
|    fps                  | 108         |
|    iterations           | 360         |
|    time_elapsed         | 16964       |
|    total_timesteps      | 1843200     |
| train/                  |             |
|    approx_kl            | 0.045625426 |
|    clip_fraction        | 0.223       |
|    clip_range           | 0.2         |
|    entropy_loss         | -1.16       |
|    explained_variance   | 0.78        |
|    learning_rate        | 0.0003      |
|    loss                 | 0.55        |
|    n_updates            | 2200        |
|    policy_gradient_loss | 0.00138     |
|    std                  | 0.432       |
|    value_loss           | 1.22        |
-----------------------------------------
Early stopping at step 4 due to reaching max kl: 0.05
----------------------------------------
| rollout/                |            |
|    ep_len_mean          | 52.4       |
|    ep_rew_mean          | -33.8      |
| time/                   |            |
|    fps                  | 108        |
|    iterations           | 361        |
|    time_elapsed         | 17018      |
|    total_timesteps      | 1848320    |
| train/                  |            |
|    approx_kl            | 0.03554743 |
|    clip_fraction        | 0.228      |
|    clip_range           | 0.2        |
|    entropy_loss         | -1.16      |
|    explained_variance   | 0.824      |
|    learning_rate        | 0.0003     |
|    loss                 | 0.293      |
|    n_updates            | 2205       |
|    policy_gradient_loss | -0.0115    |
|    std                  | 0.432      |
|    value_loss           | 0.719      |
----------------------------------------
Early stopping at step 7 due to reaching max kl: 0.05
-----------------------------------------
| rollout/                |             |
|    ep_len_mean          | 55.7        |
|    ep_rew_mean          | -25.9       |
| time/                   |             |
|    fps                  | 108         |
|    iterations           | 362         |
|    time_elapsed         | 17063       |
|    total_timesteps      | 1853440     |
| train/                  |             |
|    approx_kl            | 0.042917658 |
|    clip_fraction        | 0.26        |
|    clip_range           | 0.2         |
|    entropy_loss         | -1.16       |
|    explained_variance   | 0.781       |
|    learning_rate        | 0.0003      |
|    loss                 | 0.223       |
|    n_updates            | 2213        |
|    policy_gradient_loss | -0.0167     |
|    std                  | 0.433       |
|    value_loss           | 0.665       |
-----------------------------------------
Early stopping at step 1 due to reaching max kl: 0.05
-----------------------------------------
| rollout/                |             |
|    ep_len_mean          | 54.6        |
|    ep_rew_mean          | 17.3        |
| time/                   |             |
|    fps                  | 108         |
|    iterations           | 363         |
|    time_elapsed         | 17100       |
|    total_timesteps      | 1858560     |
| train/                  |             |
|    approx_kl            | 0.038064558 |
|    clip_fraction        | 0.24        |
|    clip_range           | 0.2         |
|    entropy_loss         | -1.16       |
|    explained_variance   | 0.745       |
|    learning_rate        | 0.0003      |
|    loss                 | 0.495       |
|    n_updates            | 2215        |
|    policy_gradient_loss | 0.00958     |
|    std                  | 0.433       |
|    value_loss           | 1.27        |
-----------------------------------------
Early stopping at step 3 due to reaching max kl: 0.05
-----------------------------------------
| rollout/                |             |
|    ep_len_mean          | 56.4        |
|    ep_rew_mean          | -10.2       |
| time/                   |             |
|    fps                  | 108         |
|    iterations           | 364         |
|    time_elapsed         | 17145       |
|    total_timesteps      | 1863680     |
| train/                  |             |
|    approx_kl            | 0.033634223 |
|    clip_fraction        | 0.236       |
|    clip_range           | 0.2         |
|    entropy_loss         | -1.16       |
|    explained_variance   | 0.787       |
|    learning_rate        | 0.0003      |
|    loss                 | 0.155       |
|    n_updates            | 2219        |
|    policy_gradient_loss | -0.0081     |
|    std                  | 0.433       |
|    value_loss           | 0.52        |
-----------------------------------------
Early stopping at step 2 due to reaching max kl: 0.05
----------------------------------------
| rollout/                |            |
|    ep_len_mean          | 55.3       |
|    ep_rew_mean          | -22.9      |
| time/                   |            |
|    fps                  | 108        |
|    iterations           | 365        |
|    time_elapsed         | 17192      |
|    total_timesteps      | 1868800    |
| train/                  |            |
|    approx_kl            | 0.04723319 |
|    clip_fraction        | 0.238      |
|    clip_range           | 0.2        |
|    entropy_loss         | -1.16      |
|    explained_variance   | 0.77       |
|    learning_rate        | 0.0003     |
|    loss                 | 0.323      |
|    n_updates            | 2222       |
|    policy_gradient_loss | 0.00556    |
|    std                  | 0.433      |
|    value_loss           | 0.871      |
----------------------------------------
Early stopping at step 0 due to reaching max kl: 0.05
----------------------------------------
| rollout/                |            |
|    ep_len_mean          | 52.9       |
|    ep_rew_mean          | -47.5      |
| time/                   |            |
|    fps                  | 108        |
|    iterations           | 366        |
|    time_elapsed         | 17237      |
|    total_timesteps      | 1873920    |
| train/                  |            |
|    approx_kl            | 0.01943794 |
|    clip_fraction        | 0.198      |
|    clip_range           | 0.2        |
|    entropy_loss         | -1.16      |
|    explained_variance   | 0.771      |
|    learning_rate        | 0.0003     |
|    loss                 | 0.533      |
|    n_updates            | 2223       |
|    policy_gradient_loss | 0.0107     |
|    std                  | 0.433      |
|    value_loss           | 1.05       |
----------------------------------------
Early stopping at step 3 due to reaching max kl: 0.06
-----------------------------------------
| rollout/                |             |
|    ep_len_mean          | 56.6        |
|    ep_rew_mean          | 9.51        |
| time/                   |             |
|    fps                  | 108         |
|    iterations           | 367         |
|    time_elapsed         | 17284       |
|    total_timesteps      | 1879040     |
| train/                  |             |
|    approx_kl            | 0.040894974 |
|    clip_fraction        | 0.21        |
|    clip_range           | 0.2         |
|    entropy_loss         | -1.16       |
|    explained_variance   | 0.788       |
|    learning_rate        | 0.0003      |
|    loss                 | 0.313       |
|    n_updates            | 2227        |
|    policy_gradient_loss | -0.00903    |
|    std                  | 0.433       |
|    value_loss           | 1.04        |
-----------------------------------------
Early stopping at step 3 due to reaching max kl: 0.05
-----------------------------------------
| rollout/                |             |
|    ep_len_mean          | 51.3        |
|    ep_rew_mean          | -63.8       |
| time/                   |             |
|    fps                  | 108         |
|    iterations           | 368         |
|    time_elapsed         | 17335       |
|    total_timesteps      | 1884160     |
| train/                  |             |
|    approx_kl            | 0.047107205 |
|    clip_fraction        | 0.185       |
|    clip_range           | 0.2         |
|    entropy_loss         | -1.16       |
|    explained_variance   | 0.731       |
|    learning_rate        | 0.0003      |
|    loss                 | 0.135       |
|    n_updates            | 2231        |
|    policy_gradient_loss | -0.00267    |
|    std                  | 0.432       |
|    value_loss           | 0.638       |
-----------------------------------------
Early stopping at step 7 due to reaching max kl: 0.05
-----------------------------------------
| rollout/                |             |
|    ep_len_mean          | 51          |
|    ep_rew_mean          | -21.1       |
| time/                   |             |
|    fps                  | 108         |
|    iterations           | 369         |
|    time_elapsed         | 17380       |
|    total_timesteps      | 1889280     |
| train/                  |             |
|    approx_kl            | 0.044714864 |
|    clip_fraction        | 0.262       |
|    clip_range           | 0.2         |
|    entropy_loss         | -1.16       |
|    explained_variance   | 0.74        |
|    learning_rate        | 0.0003      |
|    loss                 | 0.468       |
|    n_updates            | 2239        |
|    policy_gradient_loss | -0.019      |
|    std                  | 0.431       |
|    value_loss           | 1.07        |
-----------------------------------------
Early stopping at step 4 due to reaching max kl: 0.05
----------------------------------------
| rollout/                |            |
|    ep_len_mean          | 52.2       |
|    ep_rew_mean          | -9.53      |
| time/                   |            |
|    fps                  | 108        |
|    iterations           | 370        |
|    time_elapsed         | 17428      |
|    total_timesteps      | 1894400    |
| train/                  |            |
|    approx_kl            | 0.04196949 |
|    clip_fraction        | 0.221      |
|    clip_range           | 0.2        |
|    entropy_loss         | -1.15      |
|    explained_variance   | 0.763      |
|    learning_rate        | 0.0003     |
|    loss                 | 0.255      |
|    n_updates            | 2244       |
|    policy_gradient_loss | -0.0109    |
|    std                  | 0.43       |
|    value_loss           | 0.827      |
----------------------------------------
Early stopping at step 0 due to reaching max kl: 0.05
-----------------------------------------
| rollout/                |             |
|    ep_len_mean          | 53.9        |
|    ep_rew_mean          | -2.46       |
| time/                   |             |
|    fps                  | 108         |
|    iterations           | 371         |
|    time_elapsed         | 17474       |
|    total_timesteps      | 1899520     |
| train/                  |             |
|    approx_kl            | 0.017890617 |
|    clip_fraction        | 0.193       |
|    clip_range           | 0.2         |
|    entropy_loss         | -1.15       |
|    explained_variance   | 0.752       |
|    learning_rate        | 0.0003      |
|    loss                 | 0.611       |
|    n_updates            | 2245        |
|    policy_gradient_loss | 0.00165     |
|    std                  | 0.43        |
|    value_loss           | 1.34        |
-----------------------------------------
Early stopping at step 4 due to reaching max kl: 0.05
-----------------------------------------
| rollout/                |             |
|    ep_len_mean          | 55.6        |
|    ep_rew_mean          | -0.475      |
| time/                   |             |
|    fps                  | 108         |
|    iterations           | 372         |
|    time_elapsed         | 17515       |
|    total_timesteps      | 1904640     |
| train/                  |             |
|    approx_kl            | 0.034356445 |
|    clip_fraction        | 0.225       |
|    clip_range           | 0.2         |
|    entropy_loss         | -1.15       |
|    explained_variance   | 0.802       |
|    learning_rate        | 0.0003      |
|    loss                 | 0.232       |
|    n_updates            | 2250        |
|    policy_gradient_loss | -0.0146     |
|    std                  | 0.429       |
|    value_loss           | 0.701       |
-----------------------------------------
Early stopping at step 4 due to reaching max kl: 0.05
-----------------------------------------
| rollout/                |             |
|    ep_len_mean          | 51.9        |
|    ep_rew_mean          | -17.7       |
| time/                   |             |
|    fps                  | 108         |
|    iterations           | 373         |
|    time_elapsed         | 17561       |
|    total_timesteps      | 1909760     |
| train/                  |             |
|    approx_kl            | 0.037843775 |
|    clip_fraction        | 0.22        |
|    clip_range           | 0.2         |
|    entropy_loss         | -1.14       |
|    explained_variance   | 0.726       |
|    learning_rate        | 0.0003      |
|    loss                 | 0.46        |
|    n_updates            | 2255        |
|    policy_gradient_loss | -0.0115     |
|    std                  | 0.428       |
|    value_loss           | 0.769       |
-----------------------------------------
Early stopping at step 1 due to reaching max kl: 0.05
-----------------------------------------
| rollout/                |             |
|    ep_len_mean          | 52.5        |
|    ep_rew_mean          | -30.5       |
| time/                   |             |
|    fps                  | 108         |
|    iterations           | 374         |
|    time_elapsed         | 17610       |
|    total_timesteps      | 1914880     |
| train/                  |             |
|    approx_kl            | 0.031469278 |
|    clip_fraction        | 0.202       |
|    clip_range           | 0.2         |
|    entropy_loss         | -1.14       |
|    explained_variance   | 0.751       |
|    learning_rate        | 0.0003      |
|    loss                 | 0.566       |
|    n_updates            | 2257        |
|    policy_gradient_loss | 0.00467     |
|    std                  | 0.428       |
|    value_loss           | 1.14        |
-----------------------------------------
Early stopping at step 1 due to reaching max kl: 0.05
-----------------------------------------
| rollout/                |             |
|    ep_len_mean          | 50.4        |
|    ep_rew_mean          | -26.2       |
| time/                   |             |
|    fps                  | 108         |
|    iterations           | 375         |
|    time_elapsed         | 17663       |
|    total_timesteps      | 1920000     |
| train/                  |             |
|    approx_kl            | 0.028895514 |
|    clip_fraction        | 0.21        |
|    clip_range           | 0.2         |
|    entropy_loss         | -1.14       |
|    explained_variance   | 0.758       |
|    learning_rate        | 0.0003      |
|    loss                 | 0.623       |
|    n_updates            | 2259        |
|    policy_gradient_loss | 0.00156     |
|    std                  | 0.427       |
|    value_loss           | 1.2         |
-----------------------------------------
Early stopping at step 1 due to reaching max kl: 0.06
-----------------------------------------
| rollout/                |             |
|    ep_len_mean          | 52.7        |
|    ep_rew_mean          | -19.1       |
| time/                   |             |
|    fps                  | 108         |
|    iterations           | 376         |
|    time_elapsed         | 17748       |
|    total_timesteps      | 1925120     |
| train/                  |             |
|    approx_kl            | 0.064597815 |
|    clip_fraction        | 0.114       |
|    clip_range           | 0.2         |
|    entropy_loss         | -1.14       |
|    explained_variance   | 0.723       |
|    learning_rate        | 0.0003      |
|    loss                 | 0.614       |
|    n_updates            | 2261        |
|    policy_gradient_loss | 0.043       |
|    std                  | 0.427       |
|    value_loss           | 1.1         |
-----------------------------------------
Early stopping at step 6 due to reaching max kl: 0.05
-----------------------------------------
| rollout/                |             |
|    ep_len_mean          | 50.9        |
|    ep_rew_mean          | -45.5       |
| time/                   |             |
|    fps                  | 108         |
|    iterations           | 377         |
|    time_elapsed         | 17798       |
|    total_timesteps      | 1930240     |
| train/                  |             |
|    approx_kl            | 0.037240796 |
|    clip_fraction        | 0.256       |
|    clip_range           | 0.2         |
|    entropy_loss         | -1.13       |
|    explained_variance   | 0.777       |
|    learning_rate        | 0.0003      |
|    loss                 | 0.185       |
|    n_updates            | 2268        |
|    policy_gradient_loss | -0.0164     |
|    std                  | 0.426       |
|    value_loss           | 0.782       |
-----------------------------------------
Early stopping at step 2 due to reaching max kl: 0.05
---------------------------------------
| rollout/                |           |
|    ep_len_mean          | 55.8      |
|    ep_rew_mean          | 10.9      |
| time/                   |           |
|    fps                  | 108       |
|    iterations           | 378       |
|    time_elapsed         | 17839     |
|    total_timesteps      | 1935360   |
| train/                  |           |
|    approx_kl            | 0.0326006 |
|    clip_fraction        | 0.207     |
|    clip_range           | 0.2       |
|    entropy_loss         | -1.13     |
|    explained_variance   | 0.726     |
|    learning_rate        | 0.0003    |
|    loss                 | 0.577     |
|    n_updates            | 2271      |
|    policy_gradient_loss | -0.00124  |
|    std                  | 0.426     |
|    value_loss           | 1.21      |
---------------------------------------
Early stopping at step 5 due to reaching max kl: 0.06
----------------------------------------
| rollout/                |            |
|    ep_len_mean          | 54.2       |
|    ep_rew_mean          | 6.87       |
| time/                   |            |
|    fps                  | 108        |
|    iterations           | 379        |
|    time_elapsed         | 17885      |
|    total_timesteps      | 1940480    |
| train/                  |            |
|    approx_kl            | 0.05657643 |
|    clip_fraction        | 0.222      |
|    clip_range           | 0.2        |
|    entropy_loss         | -1.13      |
|    explained_variance   | 0.755      |
|    learning_rate        | 0.0003     |
|    loss                 | 0.139      |
|    n_updates            | 2277       |
|    policy_gradient_loss | -0.0149    |
|    std                  | 0.424      |
|    value_loss           | 0.518      |
----------------------------------------
Early stopping at step 2 due to reaching max kl: 0.05
-----------------------------------------
| rollout/                |             |
|    ep_len_mean          | 52.3        |
|    ep_rew_mean          | -49.2       |
| time/                   |             |
|    fps                  | 108         |
|    iterations           | 380         |
|    time_elapsed         | 17926       |
|    total_timesteps      | 1945600     |
| train/                  |             |
|    approx_kl            | 0.033166207 |
|    clip_fraction        | 0.185       |
|    clip_range           | 0.2         |
|    entropy_loss         | -1.12       |
|    explained_variance   | 0.799       |
|    learning_rate        | 0.0003      |
|    loss                 | 0.244       |
|    n_updates            | 2280        |
|    policy_gradient_loss | -0.0034     |
|    std                  | 0.424       |
|    value_loss           | 0.667       |
-----------------------------------------
Early stopping at step 1 due to reaching max kl: 0.06
-----------------------------------------
| rollout/                |             |
|    ep_len_mean          | 56.4        |
|    ep_rew_mean          | -3.05       |
| time/                   |             |
|    fps                  | 108         |
|    iterations           | 381         |
|    time_elapsed         | 17967       |
|    total_timesteps      | 1950720     |
| train/                  |             |
|    approx_kl            | 0.033399668 |
|    clip_fraction        | 0.251       |
|    clip_range           | 0.2         |
|    entropy_loss         | -1.12       |
|    explained_variance   | 0.806       |
|    learning_rate        | 0.0003      |
|    loss                 | 0.345       |
|    n_updates            | 2282        |
|    policy_gradient_loss | 0.00981     |
|    std                  | 0.425       |
|    value_loss           | 0.978       |
-----------------------------------------
Early stopping at step 3 due to reaching max kl: 0.05
-----------------------------------------
| rollout/                |             |
|    ep_len_mean          | 56.3        |
|    ep_rew_mean          | -29.7       |
| time/                   |             |
|    fps                  | 108         |
|    iterations           | 382         |
|    time_elapsed         | 18033       |
|    total_timesteps      | 1955840     |
| train/                  |             |
|    approx_kl            | 0.038279817 |
|    clip_fraction        | 0.253       |
|    clip_range           | 0.2         |
|    entropy_loss         | -1.13       |
|    explained_variance   | 0.828       |
|    learning_rate        | 0.0003      |
|    loss                 | 0.354       |
|    n_updates            | 2286        |
|    policy_gradient_loss | -0.00904    |
|    std                  | 0.425       |
|    value_loss           | 0.549       |
-----------------------------------------
Early stopping at step 2 due to reaching max kl: 0.05
-----------------------------------------
| rollout/                |             |
|    ep_len_mean          | 55          |
|    ep_rew_mean          | -20.7       |
| time/                   |             |
|    fps                  | 108         |
|    iterations           | 383         |
|    time_elapsed         | 18092       |
|    total_timesteps      | 1960960     |
| train/                  |             |
|    approx_kl            | 0.035947584 |
|    clip_fraction        | 0.245       |
|    clip_range           | 0.2         |
|    entropy_loss         | -1.13       |
|    explained_variance   | 0.811       |
|    learning_rate        | 0.0003      |
|    loss                 | 0.417       |
|    n_updates            | 2289        |
|    policy_gradient_loss | -0.000421   |
|    std                  | 0.426       |
|    value_loss           | 0.941       |
-----------------------------------------
Early stopping at step 5 due to reaching max kl: 0.05
----------------------------------------
| rollout/                |            |
|    ep_len_mean          | 51.4       |
|    ep_rew_mean          | -56.9      |
| time/                   |            |
|    fps                  | 108        |
|    iterations           | 384        |
|    time_elapsed         | 18180      |
|    total_timesteps      | 1966080    |
| train/                  |            |
|    approx_kl            | 0.03690175 |
|    clip_fraction        | 0.238      |
|    clip_range           | 0.2        |
|    entropy_loss         | -1.13      |
|    explained_variance   | 0.744      |
|    learning_rate        | 0.0003     |
|    loss                 | 0.303      |
|    n_updates            | 2295       |
|    policy_gradient_loss | -0.0157    |
|    std                  | 0.426      |
|    value_loss           | 0.909      |
----------------------------------------
Early stopping at step 5 due to reaching max kl: 0.05
-----------------------------------------
| rollout/                |             |
|    ep_len_mean          | 53.2        |
|    ep_rew_mean          | -25.2       |
| time/                   |             |
|    fps                  | 107         |
|    iterations           | 385         |
|    time_elapsed         | 18267       |
|    total_timesteps      | 1971200     |
| train/                  |             |
|    approx_kl            | 0.035535295 |
|    clip_fraction        | 0.249       |
|    clip_range           | 0.2         |
|    entropy_loss         | -1.13       |
|    explained_variance   | 0.725       |
|    learning_rate        | 0.0003      |
|    loss                 | 0.325       |
|    n_updates            | 2301        |
|    policy_gradient_loss | -0.0146     |
|    std                  | 0.427       |
|    value_loss           | 1.22        |
-----------------------------------------
Early stopping at step 3 due to reaching max kl: 0.05
-----------------------------------------
| rollout/                |             |
|    ep_len_mean          | 53.8        |
|    ep_rew_mean          | -10.1       |
| time/                   |             |
|    fps                  | 107         |
|    iterations           | 386         |
|    time_elapsed         | 18339       |
|    total_timesteps      | 1976320     |
| train/                  |             |
|    approx_kl            | 0.030982446 |
|    clip_fraction        | 0.237       |
|    clip_range           | 0.2         |
|    entropy_loss         | -1.13       |
|    explained_variance   | 0.773       |
|    learning_rate        | 0.0003      |
|    loss                 | 0.192       |
|    n_updates            | 2305        |
|    policy_gradient_loss | -0.00664    |
|    std                  | 0.427       |
|    value_loss           | 0.853       |
-----------------------------------------
Early stopping at step 3 due to reaching max kl: 0.05
-----------------------------------------
| rollout/                |             |
|    ep_len_mean          | 54.2        |
|    ep_rew_mean          | -6.11       |
| time/                   |             |
|    fps                  | 107         |
|    iterations           | 387         |
|    time_elapsed         | 18407       |
|    total_timesteps      | 1981440     |
| train/                  |             |
|    approx_kl            | 0.039282467 |
|    clip_fraction        | 0.233       |
|    clip_range           | 0.2         |
|    entropy_loss         | -1.13       |
|    explained_variance   | 0.751       |
|    learning_rate        | 0.0003      |
|    loss                 | 0.328       |
|    n_updates            | 2309        |
|    policy_gradient_loss | -0.00566    |
|    std                  | 0.427       |
|    value_loss           | 0.88        |
-----------------------------------------
Early stopping at step 2 due to reaching max kl: 0.05
-----------------------------------------
| rollout/                |             |
|    ep_len_mean          | 53.3        |
|    ep_rew_mean          | -25.4       |
| time/                   |             |
|    fps                  | 107         |
|    iterations           | 388         |
|    time_elapsed         | 18467       |
|    total_timesteps      | 1986560     |
| train/                  |             |
|    approx_kl            | 0.033211872 |
|    clip_fraction        | 0.201       |
|    clip_range           | 0.2         |
|    entropy_loss         | -1.13       |
|    explained_variance   | 0.789       |
|    learning_rate        | 0.0003      |
|    loss                 | 0.331       |
|    n_updates            | 2312        |
|    policy_gradient_loss | -0.00314    |
|    std                  | 0.427       |
|    value_loss           | 0.822       |
-----------------------------------------
Early stopping at step 1 due to reaching max kl: 0.05
-----------------------------------------
| rollout/                |             |
|    ep_len_mean          | 51.6        |
|    ep_rew_mean          | -44.4       |
| time/                   |             |
|    fps                  | 107         |
|    iterations           | 389         |
|    time_elapsed         | 18534       |
|    total_timesteps      | 1991680     |
| train/                  |             |
|    approx_kl            | 0.026458682 |
|    clip_fraction        | 0.158       |
|    clip_range           | 0.2         |
|    entropy_loss         | -1.13       |
|    explained_variance   | 0.811       |
|    learning_rate        | 0.0003      |
|    loss                 | 0.319       |
|    n_updates            | 2314        |
|    policy_gradient_loss | 0.00426     |
|    std                  | 0.427       |
|    value_loss           | 0.872       |
-----------------------------------------
Early stopping at step 3 due to reaching max kl: 0.05
-----------------------------------------
| rollout/                |             |
|    ep_len_mean          | 53          |
|    ep_rew_mean          | -35.3       |
| time/                   |             |
|    fps                  | 107         |
|    iterations           | 390         |
|    time_elapsed         | 18597       |
|    total_timesteps      | 1996800     |
| train/                  |             |
|    approx_kl            | 0.038907193 |
|    clip_fraction        | 0.208       |
|    clip_range           | 0.2         |
|    entropy_loss         | -1.14       |
|    explained_variance   | 0.679       |
|    learning_rate        | 0.0003      |
|    loss                 | 0.383       |
|    n_updates            | 2318        |
|    policy_gradient_loss | -0.00681    |
|    std                  | 0.428       |
|    value_loss           | 1.45        |
-----------------------------------------
Early stopping at step 6 due to reaching max kl: 0.05
[EVAL] t=2,000,000 supervisor off goal 0.87 collision 0.13 timeout 0.00 return 24.7 colregs -16.2 intervention 0.00 (438.0 s)
[EVAL] t=2,000,000 supervisor on goal 0.86 collision 0.14 timeout 0.00 return 9.2 colregs -16.1 intervention 0.02 (269.3 s)
-------------------------------------------------
| eval_supervisor_off/            |             |
|    being_overtaken/collision    | 0.2         |
|    being_overtaken/colregs      | -19.4       |
|    being_overtaken/goal         | 0.8         |
|    being_overtaken/intervention | 0           |
|    collision_boundary           | 0.0167      |
|    collision_obstacle           | 0.0333      |
|    collision_rate               | 0.133       |
|    collision_target             | 0.0833      |
|    crossing/collision           | 0.45        |
|    crossing/colregs             | -29.1       |
|    crossing/goal                | 0.55        |
|    crossing/intervention        | 0           |
|    episodes                     | 120         |
|    estops_per_episode           | 0           |
|    eval_wall_s                  | 438         |
|    goal_rate                    | 0.867       |
|    head_on/collision            | 0           |
|    head_on/colregs              | -16.2       |
|    head_on/goal                 | 1           |
|    head_on/intervention         | 0           |
|    intervention_rate            | 0           |
|    mean_colregs_integral        | -16.2       |
|    mean_return                  | 24.7        |
|    no_target/collision          | 0           |
|    no_target/colregs            | 0           |
|    no_target/goal               | 1           |
|    no_target/intervention       | 0           |
|    null/collision               | 0.1         |
|    null/colregs                 | -0.711      |
|    null/goal                    | 0.9         |
|    null/intervention            | 0           |
|    overtaking/collision         | 0.05        |
|    overtaking/colregs           | -32         |
|    overtaking/goal              | 0.95        |
|    overtaking/intervention      | 0           |
|    timeout_rate                 | 0           |
|    timesteps                    | 2000000     |
| eval_supervisor_on/             |             |
|    being_overtaken/collision    | 0.2         |
|    being_overtaken/colregs      | -19.4       |
|    being_overtaken/goal         | 0.8         |
|    being_overtaken/intervention | 0           |
|    collision_boundary           | 0.025       |
|    collision_obstacle           | 0.0333      |
|    collision_rate               | 0.142       |
|    collision_target             | 0.0833      |
|    crossing/collision           | 0.45        |
|    crossing/colregs             | -29.1       |
|    crossing/goal                | 0.55        |
|    crossing/intervention        | 0           |
|    episodes                     | 120         |
|    estops_per_episode           | 0.0333      |
|    eval_wall_s                  | 269         |
|    goal_rate                    | 0.858       |
|    head_on/collision            | 0           |
|    head_on/colregs              | -16.2       |
|    head_on/goal                 | 1           |
|    head_on/intervention         | 0           |
|    intervention_rate            | 0.0167      |
|    mean_colregs_integral        | -16.1       |
|    mean_return                  | 9.18        |
|    no_target/collision          | 0           |
|    no_target/colregs            | 0           |
|    no_target/goal               | 1           |
|    no_target/intervention       | 0           |
|    null/collision               | 0.1         |
|    null/colregs                 | -0.711      |
|    null/goal                    | 0.9         |
|    null/intervention            | 0           |
|    overtaking/collision         | 0.1         |
|    overtaking/colregs           | -31.4       |
|    overtaking/goal              | 0.9         |
|    overtaking/intervention      | 0.1         |
|    timeout_rate                 | 0           |
|    timesteps                    | 2000000     |
| rollout/                        |             |
|    ep_len_mean                  | 51.9        |
|    ep_rew_mean                  | -35.5       |
| time/                           |             |
|    fps                          | 103         |
|    iterations                   | 391         |
|    time_elapsed                 | 19376       |
|    total_timesteps              | 2001920     |
| train/                          |             |
|    approx_kl                    | 0.034640867 |
|    clip_fraction                | 0.235       |
|    clip_range                   | 0.2         |
|    entropy_loss                 | -1.14       |
|    explained_variance           | 0.809       |
|    learning_rate                | 0.0003      |
|    loss                         | 0.156       |
|    n_updates                    | 2325        |
|    policy_gradient_loss         | -0.0216     |
|    std                          | 0.426       |
|    value_loss                   | 0.659       |
-------------------------------------------------
Early stopping at step 7 due to reaching max kl: 0.06
[EVAL] t=2,001,920 supervisor off goal 0.88 collision 0.12 timeout 0.00 return 27.4 colregs -16.4 intervention 0.00 (184.7 s)
[EVAL] t=2,001,920 supervisor on goal 0.87 collision 0.13 timeout 0.00 return 20.8 colregs -16.3 intervention 0.02 (249.2 s)
done in 5.51 h -> C:\Users\hntran\OneDrive - University of Tasmania\Documents\PhD\asv-path-replanning\asv-lidar\static_dynamic_obstacles\runs\ppo_formulation_seed1_v12
