Using cpu device
Logging to C:\Users\hntran\asv_runs\tensorboard\ppo_formulation_seed0_v3_1
[CURRICULUM] t=0 -> scenario stage 1
---------------------------------
| rollout/           |          |
|    ep_len_mean     | 49       |
|    ep_rew_mean     | -249     |
| time/              |          |
|    fps             | 135      |
|    iterations      | 1        |
|    time_elapsed    | 37       |
|    total_timesteps | 5120     |
---------------------------------
-----------------------------------------
| rollout/                |             |
|    ep_len_mean          | 54.9        |
|    ep_rew_mean          | -200        |
| time/                   |             |
|    fps                  | 115         |
|    iterations           | 2           |
|    time_elapsed         | 88          |
|    total_timesteps      | 10240       |
| train/                  |             |
|    approx_kl            | 0.004006709 |
|    clip_fraction        | 0.0108      |
|    clip_range           | 0.2         |
|    entropy_loss         | -2.84       |
|    explained_variance   | -0.0164     |
|    learning_rate        | 0.0003      |
|    loss                 | 0.662       |
|    n_updates            | 10          |
|    policy_gradient_loss | -0.00268    |
|    std                  | 0.998       |
|    value_loss           | 2.81        |
-----------------------------------------
-----------------------------------------
| rollout/                |             |
|    ep_len_mean          | 55.2        |
|    ep_rew_mean          | -174        |
| time/                   |             |
|    fps                  | 111         |
|    iterations           | 3           |
|    time_elapsed         | 137         |
|    total_timesteps      | 15360       |
| train/                  |             |
|    approx_kl            | 0.007261996 |
|    clip_fraction        | 0.0547      |
|    clip_range           | 0.2         |
|    entropy_loss         | -2.83       |
|    explained_variance   | 0.704       |
|    learning_rate        | 0.0003      |
|    loss                 | 0.453       |
|    n_updates            | 20          |
|    policy_gradient_loss | -0.00598    |
|    std                  | 0.995       |
|    value_loss           | 1.07        |
-----------------------------------------
-----------------------------------------
| rollout/                |             |
|    ep_len_mean          | 58.5        |
|    ep_rew_mean          | -104        |
| time/                   |             |
|    fps                  | 108         |
|    iterations           | 4           |
|    time_elapsed         | 189         |
|    total_timesteps      | 20480       |
| train/                  |             |
|    approx_kl            | 0.007948422 |
|    clip_fraction        | 0.0692      |
|    clip_range           | 0.2         |
|    entropy_loss         | -2.82       |
|    explained_variance   | 0.767       |
|    learning_rate        | 0.0003      |
|    loss                 | 0.339       |
|    n_updates            | 30          |
|    policy_gradient_loss | -0.00868    |
|    std                  | 0.986       |
|    value_loss           | 0.948       |
-----------------------------------------
------------------------------------------
| rollout/                |              |
|    ep_len_mean          | 58.3         |
|    ep_rew_mean          | -57.5        |
| time/                   |              |
|    fps                  | 106          |
|    iterations           | 5            |
|    time_elapsed         | 240          |
|    total_timesteps      | 25600        |
| train/                  |              |
|    approx_kl            | 0.0053252145 |
|    clip_fraction        | 0.0681       |
|    clip_range           | 0.2          |
|    entropy_loss         | -2.81        |
|    explained_variance   | 0.791        |
|    learning_rate        | 0.0003       |
|    loss                 | 0.312        |
|    n_updates            | 40           |
|    policy_gradient_loss | -0.00759     |
|    std                  | 0.985        |
|    value_loss           | 0.818        |
------------------------------------------
------------------------------------------
| rollout/                |              |
|    ep_len_mean          | 57.4         |
|    ep_rew_mean          | -26.8        |
| time/                   |              |
|    fps                  | 105          |
|    iterations           | 6            |
|    time_elapsed         | 291          |
|    total_timesteps      | 30720        |
| train/                  |              |
|    approx_kl            | 0.0066949716 |
|    clip_fraction        | 0.062        |
|    clip_range           | 0.2          |
|    entropy_loss         | -2.8         |
|    explained_variance   | 0.81         |
|    learning_rate        | 0.0003       |
|    loss                 | 0.243        |
|    n_updates            | 50           |
|    policy_gradient_loss | -0.00737     |
|    std                  | 0.978        |
|    value_loss           | 0.753        |
------------------------------------------
------------------------------------------
| rollout/                |              |
|    ep_len_mean          | 60.4         |
|    ep_rew_mean          | -6.29        |
| time/                   |              |
|    fps                  | 104          |
|    iterations           | 7            |
|    time_elapsed         | 342          |
|    total_timesteps      | 35840        |
| train/                  |              |
|    approx_kl            | 0.0029994121 |
|    clip_fraction        | 0.0488       |
|    clip_range           | 0.2          |
|    entropy_loss         | -2.79        |
|    explained_variance   | 0.786        |
|    learning_rate        | 0.0003       |
|    loss                 | 0.272        |
|    n_updates            | 60           |
|    policy_gradient_loss | -0.00381     |
|    std                  | 0.977        |
|    value_loss           | 0.706        |
------------------------------------------
-----------------------------------------
| rollout/                |             |
|    ep_len_mean          | 60.5        |
|    ep_rew_mean          | 26.3        |
| time/                   |             |
|    fps                  | 102         |
|    iterations           | 8           |
|    time_elapsed         | 397         |
|    total_timesteps      | 40960       |
| train/                  |             |
|    approx_kl            | 0.007487285 |
|    clip_fraction        | 0.0851      |
|    clip_range           | 0.2         |
|    entropy_loss         | -2.79       |
|    explained_variance   | 0.794       |
|    learning_rate        | 0.0003      |
|    loss                 | 0.226       |
|    n_updates            | 70          |
|    policy_gradient_loss | -0.00821    |
|    std                  | 0.976       |
|    value_loss           | 0.571       |
-----------------------------------------
------------------------------------------
| rollout/                |              |
|    ep_len_mean          | 61.6         |
|    ep_rew_mean          | 64.3         |
| time/                   |              |
|    fps                  | 102          |
|    iterations           | 9            |
|    time_elapsed         | 448          |
|    total_timesteps      | 46080        |
| train/                  |              |
|    approx_kl            | 0.0058777095 |
|    clip_fraction        | 0.0593       |
|    clip_range           | 0.2          |
|    entropy_loss         | -2.79        |
|    explained_variance   | 0.826        |
|    learning_rate        | 0.0003       |
|    loss                 | 0.191        |
|    n_updates            | 80           |
|    policy_gradient_loss | -0.00773     |
|    std                  | 0.974        |
|    value_loss           | 0.368        |
------------------------------------------
-----------------------------------------
| rollout/                |             |
|    ep_len_mean          | 60.7        |
|    ep_rew_mean          | 57.9        |
| time/                   |             |
|    fps                  | 104         |
|    iterations           | 10          |
|    time_elapsed         | 491         |
|    total_timesteps      | 51200       |
| train/                  |             |
|    approx_kl            | 0.007592923 |
|    clip_fraction        | 0.0871      |
|    clip_range           | 0.2         |
|    entropy_loss         | -2.78       |
|    explained_variance   | 0.78        |
|    learning_rate        | 0.0003      |
|    loss                 | 0.0892      |
|    n_updates            | 90          |
|    policy_gradient_loss | -0.0104     |
|    std                  | 0.971       |
|    value_loss           | 0.302       |
-----------------------------------------
-----------------------------------------
| rollout/                |             |
|    ep_len_mean          | 62.9        |
|    ep_rew_mean          | 82.7        |
| time/                   |             |
|    fps                  | 105         |
|    iterations           | 11          |
|    time_elapsed         | 533         |
|    total_timesteps      | 56320       |
| train/                  |             |
|    approx_kl            | 0.007065784 |
|    clip_fraction        | 0.0591      |
|    clip_range           | 0.2         |
|    entropy_loss         | -2.77       |
|    explained_variance   | 0.82        |
|    learning_rate        | 0.0003      |
|    loss                 | 0.0662      |
|    n_updates            | 100         |
|    policy_gradient_loss | -0.00877    |
|    std                  | 0.966       |
|    value_loss           | 0.323       |
-----------------------------------------
----------------------------------------
| rollout/                |            |
|    ep_len_mean          | 59.2       |
|    ep_rew_mean          | 83         |
| time/                   |            |
|    fps                  | 106        |
|    iterations           | 12         |
|    time_elapsed         | 575        |
|    total_timesteps      | 61440      |
| train/                  |            |
|    approx_kl            | 0.01134363 |
|    clip_fraction        | 0.0941     |
|    clip_range           | 0.2        |
|    entropy_loss         | -2.77      |
|    explained_variance   | 0.747      |
|    learning_rate        | 0.0003     |
|    loss                 | 0.172      |
|    n_updates            | 110        |
|    policy_gradient_loss | -0.00731   |
|    std                  | 0.968      |
|    value_loss           | 0.236      |
----------------------------------------
----------------------------------------
| rollout/                |            |
|    ep_len_mean          | 58.4       |
|    ep_rew_mean          | 75.1       |
| time/                   |            |
|    fps                  | 107        |
|    iterations           | 13         |
|    time_elapsed         | 618        |
|    total_timesteps      | 66560      |
| train/                  |            |
|    approx_kl            | 0.01142178 |
|    clip_fraction        | 0.0982     |
|    clip_range           | 0.2        |
|    entropy_loss         | -2.77      |
|    explained_variance   | 0.785      |
|    learning_rate        | 0.0003     |
|    loss                 | 0.0329     |
|    n_updates            | 120        |
|    policy_gradient_loss | -0.0115    |
|    std                  | 0.963      |
|    value_loss           | 0.274      |
----------------------------------------
-----------------------------------------
| rollout/                |             |
|    ep_len_mean          | 59.8        |
|    ep_rew_mean          | 86.7        |
| time/                   |             |
|    fps                  | 108         |
|    iterations           | 14          |
|    time_elapsed         | 661         |
|    total_timesteps      | 71680       |
| train/                  |             |
|    approx_kl            | 0.010886405 |
|    clip_fraction        | 0.0855      |
|    clip_range           | 0.2         |
|    entropy_loss         | -2.75       |
|    explained_variance   | 0.767       |
|    learning_rate        | 0.0003      |
|    loss                 | 0.209       |
|    n_updates            | 130         |
|    policy_gradient_loss | -0.0119     |
|    std                  | 0.954       |
|    value_loss           | 0.339       |
-----------------------------------------
----------------------------------------
| rollout/                |            |
|    ep_len_mean          | 60.6       |
|    ep_rew_mean          | 87         |
| time/                   |            |
|    fps                  | 109        |
|    iterations           | 15         |
|    time_elapsed         | 703        |
|    total_timesteps      | 76800      |
| train/                  |            |
|    approx_kl            | 0.00787542 |
|    clip_fraction        | 0.105      |
|    clip_range           | 0.2        |
|    entropy_loss         | -2.73      |
|    explained_variance   | 0.86       |
|    learning_rate        | 0.0003     |
|    loss                 | 0.0129     |
|    n_updates            | 140        |
|    policy_gradient_loss | -0.0101    |
|    std                  | 0.945      |
|    value_loss           | 0.0843     |
----------------------------------------
-----------------------------------------
| rollout/                |             |
|    ep_len_mean          | 61.4        |
|    ep_rew_mean          | 104         |
| time/                   |             |
|    fps                  | 109         |
|    iterations           | 16          |
|    time_elapsed         | 746         |
|    total_timesteps      | 81920       |
| train/                  |             |
|    approx_kl            | 0.009639976 |
|    clip_fraction        | 0.121       |
|    clip_range           | 0.2         |
|    entropy_loss         | -2.71       |
|    explained_variance   | 0.842       |
|    learning_rate        | 0.0003      |
|    loss                 | 0.0688      |
|    n_updates            | 150         |
|    policy_gradient_loss | -0.00433    |
|    std                  | 0.938       |
|    value_loss           | 0.151       |
-----------------------------------------
------------------------------------------
| rollout/                |              |
|    ep_len_mean          | 59.6         |
|    ep_rew_mean          | 99.8         |
| time/                   |              |
|    fps                  | 110          |
|    iterations           | 17           |
|    time_elapsed         | 789          |
|    total_timesteps      | 87040        |
| train/                  |              |
|    approx_kl            | 0.0100174295 |
|    clip_fraction        | 0.113        |
|    clip_range           | 0.2          |
|    entropy_loss         | -2.7         |
|    explained_variance   | 0.941        |
|    learning_rate        | 0.0003       |
|    loss                 | -0.0138      |
|    n_updates            | 160          |
|    policy_gradient_loss | -0.0113      |
|    std                  | 0.931        |
|    value_loss           | 0.0261       |
------------------------------------------
-----------------------------------------
| rollout/                |             |
|    ep_len_mean          | 59.8        |
|    ep_rew_mean          | 98.4        |
| time/                   |             |
|    fps                  | 110         |
|    iterations           | 18          |
|    time_elapsed         | 831         |
|    total_timesteps      | 92160       |
| train/                  |             |
|    approx_kl            | 0.009856475 |
|    clip_fraction        | 0.114       |
|    clip_range           | 0.2         |
|    entropy_loss         | -2.69       |
|    explained_variance   | 0.924       |
|    learning_rate        | 0.0003      |
|    loss                 | 0.00793     |
|    n_updates            | 170         |
|    policy_gradient_loss | -0.0083     |
|    std                  | 0.925       |
|    value_loss           | 0.0505      |
-----------------------------------------
-----------------------------------------
| rollout/                |             |
|    ep_len_mean          | 59.9        |
|    ep_rew_mean          | 98.9        |
| time/                   |             |
|    fps                  | 111         |
|    iterations           | 19          |
|    time_elapsed         | 874         |
|    total_timesteps      | 97280       |
| train/                  |             |
|    approx_kl            | 0.009163889 |
|    clip_fraction        | 0.102       |
|    clip_range           | 0.2         |
|    entropy_loss         | -2.69       |
|    explained_variance   | 0.827       |
|    learning_rate        | 0.0003      |
|    loss                 | 0.139       |
|    n_updates            | 180         |
|    policy_gradient_loss | -0.00886    |
|    std                  | 0.93        |
|    value_loss           | 0.137       |
-----------------------------------------
------------------------------------------
| rollout/                |              |
|    ep_len_mean          | 61.6         |
|    ep_rew_mean          | 116          |
| time/                   |              |
|    fps                  | 111          |
|    iterations           | 20           |
|    time_elapsed         | 922          |
|    total_timesteps      | 102400       |
| train/                  |              |
|    approx_kl            | 0.0076212347 |
|    clip_fraction        | 0.102        |
|    clip_range           | 0.2          |
|    entropy_loss         | -2.69        |
|    explained_variance   | 0.873        |
|    learning_rate        | 0.0003       |
|    loss                 | 0.0265       |
|    n_updates            | 190          |
|    policy_gradient_loss | -0.00769     |
|    std                  | 0.926        |
|    value_loss           | 0.0704       |
------------------------------------------
-----------------------------------------
| rollout/                |             |
|    ep_len_mean          | 60.7        |
|    ep_rew_mean          | 108         |
| time/                   |             |
|    fps                  | 111         |
|    iterations           | 21          |
|    time_elapsed         | 964         |
|    total_timesteps      | 107520      |
| train/                  |             |
|    approx_kl            | 0.010224255 |
|    clip_fraction        | 0.142       |
|    clip_range           | 0.2         |
|    entropy_loss         | -2.67       |
|    explained_variance   | 0.907       |
|    learning_rate        | 0.0003      |
|    loss                 | -0.00711    |
|    n_updates            | 200         |
|    policy_gradient_loss | -0.0077     |
|    std                  | 0.915       |
|    value_loss           | 0.0296      |
-----------------------------------------
-----------------------------------------
| rollout/                |             |
|    ep_len_mean          | 61          |
|    ep_rew_mean          | 113         |
| time/                   |             |
|    fps                  | 111         |
|    iterations           | 22          |
|    time_elapsed         | 1007        |
|    total_timesteps      | 112640      |
| train/                  |             |
|    approx_kl            | 0.011327138 |
|    clip_fraction        | 0.134       |
|    clip_range           | 0.2         |
|    entropy_loss         | -2.64       |
|    explained_variance   | 0.976       |
|    learning_rate        | 0.0003      |
|    loss                 | 0.00169     |
|    n_updates            | 210         |
|    policy_gradient_loss | -0.0117     |
|    std                  | 0.905       |
|    value_loss           | 0.0217      |
-----------------------------------------
-----------------------------------------
| rollout/                |             |
|    ep_len_mean          | 61.9        |
|    ep_rew_mean          | 109         |
| time/                   |             |
|    fps                  | 112         |
|    iterations           | 23          |
|    time_elapsed         | 1050        |
|    total_timesteps      | 117760      |
| train/                  |             |
|    approx_kl            | 0.009038688 |
|    clip_fraction        | 0.13        |
|    clip_range           | 0.2         |
|    entropy_loss         | -2.62       |
|    explained_variance   | 0.98        |
|    learning_rate        | 0.0003      |
|    loss                 | -0.00849    |
|    n_updates            | 220         |
|    policy_gradient_loss | -0.0083     |
|    std                  | 0.891       |
|    value_loss           | 0.0178      |
-----------------------------------------
----------------------------------------
| rollout/                |            |
|    ep_len_mean          | 62.1       |
|    ep_rew_mean          | 101        |
| time/                   |            |
|    fps                  | 112        |
|    iterations           | 24         |
|    time_elapsed         | 1092       |
|    total_timesteps      | 122880     |
| train/                  |            |
|    approx_kl            | 0.01128152 |
|    clip_fraction        | 0.129      |
|    clip_range           | 0.2        |
|    entropy_loss         | -2.59      |
|    explained_variance   | 0.985      |
|    learning_rate        | 0.0003     |
|    loss                 | -0.0105    |
|    n_updates            | 230        |
|    policy_gradient_loss | -0.0123    |
|    std                  | 0.882      |
|    value_loss           | 0.0172     |
----------------------------------------
-----------------------------------------
| rollout/                |             |
|    ep_len_mean          | 60.8        |
|    ep_rew_mean          | 108         |
| time/                   |             |
|    fps                  | 112         |
|    iterations           | 25          |
|    time_elapsed         | 1135        |
|    total_timesteps      | 128000      |
| train/                  |             |
|    approx_kl            | 0.011769663 |
|    clip_fraction        | 0.124       |
|    clip_range           | 0.2         |
|    entropy_loss         | -2.58       |
|    explained_variance   | 0.897       |
|    learning_rate        | 0.0003      |
|    loss                 | 0.0126      |
|    n_updates            | 240         |
|    policy_gradient_loss | -0.0102     |
|    std                  | 0.879       |
|    value_loss           | 0.0777      |
-----------------------------------------
-----------------------------------------
| rollout/                |             |
|    ep_len_mean          | 60.3        |
|    ep_rew_mean          | 109         |
| time/                   |             |
|    fps                  | 113         |
|    iterations           | 26          |
|    time_elapsed         | 1176        |
|    total_timesteps      | 133120      |
| train/                  |             |
|    approx_kl            | 0.011609903 |
|    clip_fraction        | 0.168       |
|    clip_range           | 0.2         |
|    entropy_loss         | -2.58       |
|    explained_variance   | 0.936       |
|    learning_rate        | 0.0003      |
|    loss                 | -0.0102     |
|    n_updates            | 250         |
|    policy_gradient_loss | -0.0112     |
|    std                  | 0.877       |
|    value_loss           | 0.0788      |
-----------------------------------------
----------------------------------------
| rollout/                |            |
|    ep_len_mean          | 60.5       |
|    ep_rew_mean          | 109        |
| time/                   |            |
|    fps                  | 113        |
|    iterations           | 27         |
|    time_elapsed         | 1218       |
|    total_timesteps      | 138240     |
| train/                  |            |
|    approx_kl            | 0.00887843 |
|    clip_fraction        | 0.11       |
|    clip_range           | 0.2        |
|    entropy_loss         | -2.56      |
|    explained_variance   | 0.977      |
|    learning_rate        | 0.0003     |
|    loss                 | -0.00965   |
|    n_updates            | 260        |
|    policy_gradient_loss | -0.0123    |
|    std                  | 0.864      |
|    value_loss           | 0.0178     |
----------------------------------------
-----------------------------------------
| rollout/                |             |
|    ep_len_mean          | 59.8        |
|    ep_rew_mean          | 117         |
| time/                   |             |
|    fps                  | 113         |
|    iterations           | 28          |
|    time_elapsed         | 1261        |
|    total_timesteps      | 143360      |
| train/                  |             |
|    approx_kl            | 0.013256575 |
|    clip_fraction        | 0.149       |
|    clip_range           | 0.2         |
|    entropy_loss         | -2.54       |
|    explained_variance   | 0.822       |
|    learning_rate        | 0.0003      |
|    loss                 | 0.0676      |
|    n_updates            | 270         |
|    policy_gradient_loss | -0.0114     |
|    std                  | 0.864       |
|    value_loss           | 0.157       |
-----------------------------------------
-----------------------------------------
| rollout/                |             |
|    ep_len_mean          | 60.3        |
|    ep_rew_mean          | 117         |
| time/                   |             |
|    fps                  | 113         |
|    iterations           | 29          |
|    time_elapsed         | 1303        |
|    total_timesteps      | 148480      |
| train/                  |             |
|    approx_kl            | 0.010625841 |
|    clip_fraction        | 0.119       |
|    clip_range           | 0.2         |
|    entropy_loss         | -2.53       |
|    explained_variance   | 0.972       |
|    learning_rate        | 0.0003      |
|    loss                 | -0.0213     |
|    n_updates            | 280         |
|    policy_gradient_loss | -0.0124     |
|    std                  | 0.851       |
|    value_loss           | 0.02        |
-----------------------------------------
-----------------------------------------
| rollout/                |             |
|    ep_len_mean          | 59.6        |
|    ep_rew_mean          | 110         |
| time/                   |             |
|    fps                  | 114         |
|    iterations           | 30          |
|    time_elapsed         | 1344        |
|    total_timesteps      | 153600      |
| train/                  |             |
|    approx_kl            | 0.011491321 |
|    clip_fraction        | 0.133       |
|    clip_range           | 0.2         |
|    entropy_loss         | -2.5        |
|    explained_variance   | 0.981       |
|    learning_rate        | 0.0003      |
|    loss                 | -0.0143     |
|    n_updates            | 290         |
|    policy_gradient_loss | -0.0147     |
|    std                  | 0.844       |
|    value_loss           | 0.019       |
-----------------------------------------
-----------------------------------------
| rollout/                |             |
|    ep_len_mean          | 58.8        |
|    ep_rew_mean          | 109         |
| time/                   |             |
|    fps                  | 114         |
|    iterations           | 31          |
|    time_elapsed         | 1387        |
|    total_timesteps      | 158720      |
| train/                  |             |
|    approx_kl            | 0.012348644 |
|    clip_fraction        | 0.146       |
|    clip_range           | 0.2         |
|    entropy_loss         | -2.49       |
|    explained_variance   | 0.899       |
|    learning_rate        | 0.0003      |
|    loss                 | 0.00492     |
|    n_updates            | 300         |
|    policy_gradient_loss | -0.00886    |
|    std                  | 0.838       |
|    value_loss           | 0.098       |
-----------------------------------------
[CURRICULUM] t=160,000 -> scenario stage 2
----------------------------------------
| rollout/                |            |
|    ep_len_mean          | 52.8       |
|    ep_rew_mean          | -45.9      |
| time/                   |            |
|    fps                  | 114        |
|    iterations           | 32         |
|    time_elapsed         | 1431       |
|    total_timesteps      | 163840     |
| train/                  |            |
|    approx_kl            | 0.01475648 |
|    clip_fraction        | 0.192      |
|    clip_range           | 0.2        |
|    entropy_loss         | -2.48      |
|    explained_variance   | 0.92       |
|    learning_rate        | 0.0003     |
|    loss                 | 0.016      |
|    n_updates            | 310        |
|    policy_gradient_loss | -0.00722   |
|    std                  | 0.832      |
|    value_loss           | 0.0774     |
----------------------------------------
-----------------------------------------
| rollout/                |             |
|    ep_len_mean          | 53.4        |
|    ep_rew_mean          | -50.3       |
| time/                   |             |
|    fps                  | 114         |
|    iterations           | 33          |
|    time_elapsed         | 1474        |
|    total_timesteps      | 168960      |
| train/                  |             |
|    approx_kl            | 0.012990576 |
|    clip_fraction        | 0.126       |
|    clip_range           | 0.2         |
|    entropy_loss         | -2.47       |
|    explained_variance   | 0.506       |
|    learning_rate        | 0.0003      |
|    loss                 | 0.497       |
|    n_updates            | 320         |
|    policy_gradient_loss | -0.00687    |
|    std                  | 0.832       |
|    value_loss           | 1.93        |
-----------------------------------------
------------------------------------------
| rollout/                |              |
|    ep_len_mean          | 53.5         |
|    ep_rew_mean          | -27.1        |
| time/                   |              |
|    fps                  | 114          |
|    iterations           | 34           |
|    time_elapsed         | 1519         |
|    total_timesteps      | 174080       |
| train/                  |              |
|    approx_kl            | 0.0114572635 |
|    clip_fraction        | 0.115        |
|    clip_range           | 0.2          |
|    entropy_loss         | -2.47        |
|    explained_variance   | 0.813        |
|    learning_rate        | 0.0003       |
|    loss                 | 0.29         |
|    n_updates            | 330          |
|    policy_gradient_loss | -0.0126      |
|    std                  | 0.832        |
|    value_loss           | 1.08         |
------------------------------------------
-----------------------------------------
| rollout/                |             |
|    ep_len_mean          | 54.5        |
|    ep_rew_mean          | -7.27       |
| time/                   |             |
|    fps                  | 114         |
|    iterations           | 35          |
|    time_elapsed         | 1564        |
|    total_timesteps      | 179200      |
| train/                  |             |
|    approx_kl            | 0.011597349 |
|    clip_fraction        | 0.113       |
|    clip_range           | 0.2         |
|    entropy_loss         | -2.47       |
|    explained_variance   | 0.874       |
|    learning_rate        | 0.0003      |
|    loss                 | 0.3         |
|    n_updates            | 340         |
|    policy_gradient_loss | -0.0138     |
|    std                  | 0.831       |
|    value_loss           | 0.834       |
-----------------------------------------
-----------------------------------------
| rollout/                |             |
|    ep_len_mean          | 53.1        |
|    ep_rew_mean          | -23.6       |
| time/                   |             |
|    fps                  | 114         |
|    iterations           | 36          |
|    time_elapsed         | 1607        |
|    total_timesteps      | 184320      |
| train/                  |             |
|    approx_kl            | 0.008409038 |
|    clip_fraction        | 0.111       |
|    clip_range           | 0.2         |
|    entropy_loss         | -2.46       |
|    explained_variance   | 0.875       |
|    learning_rate        | 0.0003      |
|    loss                 | 0.242       |
|    n_updates            | 350         |
|    policy_gradient_loss | -0.0093     |
|    std                  | 0.829       |
|    value_loss           | 0.641       |
-----------------------------------------
-----------------------------------------
| rollout/                |             |
|    ep_len_mean          | 51.6        |
|    ep_rew_mean          | -65.6       |
| time/                   |             |
|    fps                  | 114         |
|    iterations           | 37          |
|    time_elapsed         | 1651        |
|    total_timesteps      | 189440      |
| train/                  |             |
|    approx_kl            | 0.009422195 |
|    clip_fraction        | 0.0905      |
|    clip_range           | 0.2         |
|    entropy_loss         | -2.46       |
|    explained_variance   | 0.832       |
|    learning_rate        | 0.0003      |
|    loss                 | 0.324       |
|    n_updates            | 360         |
|    policy_gradient_loss | -0.00916    |
|    std                  | 0.827       |
|    value_loss           | 0.954       |
-----------------------------------------
-----------------------------------------
| rollout/                |             |
|    ep_len_mean          | 53.6        |
|    ep_rew_mean          | -35.9       |
| time/                   |             |
|    fps                  | 114         |
|    iterations           | 38          |
|    time_elapsed         | 1695        |
|    total_timesteps      | 194560      |
| train/                  |             |
|    approx_kl            | 0.010437653 |
|    clip_fraction        | 0.109       |
|    clip_range           | 0.2         |
|    entropy_loss         | -2.45       |
|    explained_variance   | 0.85        |
|    learning_rate        | 0.0003      |
|    loss                 | 0.271       |
|    n_updates            | 370         |
|    policy_gradient_loss | -0.0113     |
|    std                  | 0.824       |
|    value_loss           | 1.08        |
-----------------------------------------
-----------------------------------------
| rollout/                |             |
|    ep_len_mean          | 55.2        |
|    ep_rew_mean          | -5.74       |
| time/                   |             |
|    fps                  | 114         |
|    iterations           | 39          |
|    time_elapsed         | 1738        |
|    total_timesteps      | 199680      |
| train/                  |             |
|    approx_kl            | 0.011632949 |
|    clip_fraction        | 0.137       |
|    clip_range           | 0.2         |
|    entropy_loss         | -2.45       |
|    explained_variance   | 0.867       |
|    learning_rate        | 0.0003      |
|    loss                 | 0.288       |
|    n_updates            | 380         |
|    policy_gradient_loss | -0.0137     |
|    std                  | 0.822       |
|    value_loss           | 0.699       |
-----------------------------------------
[EVAL] t=200,000 goal 0.57 collision 0.43 timeout 0.00 return -111.0 colregs -21.5 (122.6 s)
---------------------------------------------
| eval/                        |            |
|    being_overtaken/collision | 0.9        |
|    being_overtaken/colregs   | -30.6      |
|    being_overtaken/goal      | 0.1        |
|    collision_boundary        | 0.1        |
|    collision_obstacle        | 0.05       |
|    collision_rate            | 0.433      |
|    collision_target          | 0.283      |
|    crossing/collision        | 0.45       |
|    crossing/colregs          | -29.1      |
|    crossing/goal             | 0.55       |
|    episodes                  | 120        |
|    estops_per_episode        | 0.0333     |
|    eval_wall_s               | 123        |
|    goal_rate                 | 0.567      |
|    head_on/collision         | 0.45       |
|    head_on/colregs           | -35.3      |
|    head_on/goal              | 0.55       |
|    mean_colregs_integral     | -21.5      |
|    mean_return               | -111       |
|    no_target/collision       | 0.25       |
|    no_target/colregs         | 0          |
|    no_target/goal            | 0.75       |
|    null/collision            | 0.25       |
|    null/colregs              | -2.03      |
|    null/goal                 | 0.75       |
|    overtaking/collision      | 0.3        |
|    overtaking/colregs        | -32.2      |
|    overtaking/goal           | 0.7        |
|    timeout_rate              | 0          |
|    timesteps                 | 200000     |
| rollout/                     |            |
|    ep_len_mean               | 53.9       |
|    ep_rew_mean               | -12.4      |
| time/                        |            |
|    fps                       | 107        |
|    iterations                | 40         |
|    time_elapsed              | 1905       |
|    total_timesteps           | 204800     |
| train/                       |            |
|    approx_kl                 | 0.01717048 |
|    clip_fraction             | 0.143      |
|    clip_range                | 0.2        |
|    entropy_loss              | -2.44      |
|    explained_variance        | 0.818      |
|    learning_rate             | 0.0003     |
|    loss                      | 0.247      |
|    n_updates                 | 390        |
|    policy_gradient_loss      | -0.0106    |
|    std                       | 0.817      |
|    value_loss                | 0.741      |
---------------------------------------------
-----------------------------------------
| rollout/                |             |
|    ep_len_mean          | 52          |
|    ep_rew_mean          | -37.7       |
| time/                   |             |
|    fps                  | 107         |
|    iterations           | 41          |
|    time_elapsed         | 1948        |
|    total_timesteps      | 209920      |
| train/                  |             |
|    approx_kl            | 0.012333175 |
|    clip_fraction        | 0.13        |
|    clip_range           | 0.2         |
|    entropy_loss         | -2.43       |
|    explained_variance   | 0.841       |
|    learning_rate        | 0.0003      |
|    loss                 | 0.28        |
|    n_updates            | 400         |
|    policy_gradient_loss | -0.0109     |
|    std                  | 0.814       |
|    value_loss           | 0.704       |
-----------------------------------------
-----------------------------------------
| rollout/                |             |
|    ep_len_mean          | 54          |
|    ep_rew_mean          | -10.3       |
| time/                   |             |
|    fps                  | 107         |
|    iterations           | 42          |
|    time_elapsed         | 1991        |
|    total_timesteps      | 215040      |
| train/                  |             |
|    approx_kl            | 0.017222198 |
|    clip_fraction        | 0.14        |
|    clip_range           | 0.2         |
|    entropy_loss         | -2.42       |
|    explained_variance   | 0.787       |
|    learning_rate        | 0.0003      |
|    loss                 | 0.257       |
|    n_updates            | 410         |
|    policy_gradient_loss | -0.0123     |
|    std                  | 0.812       |
|    value_loss           | 0.98        |
-----------------------------------------
-----------------------------------------
| rollout/                |             |
|    ep_len_mean          | 52.2        |
|    ep_rew_mean          | -25.3       |
| time/                   |             |
|    fps                  | 108         |
|    iterations           | 43          |
|    time_elapsed         | 2034        |
|    total_timesteps      | 220160      |
| train/                  |             |
|    approx_kl            | 0.016668968 |
|    clip_fraction        | 0.122       |
|    clip_range           | 0.2         |
|    entropy_loss         | -2.42       |
|    explained_variance   | 0.834       |
|    learning_rate        | 0.0003      |
|    loss                 | 0.182       |
|    n_updates            | 420         |
|    policy_gradient_loss | -0.0114     |
|    std                  | 0.81        |
|    value_loss           | 0.644       |
-----------------------------------------
-----------------------------------------
| rollout/                |             |
|    ep_len_mean          | 51.9        |
|    ep_rew_mean          | -39.6       |
| time/                   |             |
|    fps                  | 108         |
|    iterations           | 44          |
|    time_elapsed         | 2079        |
|    total_timesteps      | 225280      |
| train/                  |             |
|    approx_kl            | 0.015201904 |
|    clip_fraction        | 0.143       |
|    clip_range           | 0.2         |
|    entropy_loss         | -2.42       |
|    explained_variance   | 0.782       |
|    learning_rate        | 0.0003      |
|    loss                 | 0.377       |
|    n_updates            | 430         |
|    policy_gradient_loss | -0.0129     |
|    std                  | 0.81        |
|    value_loss           | 1.03        |
-----------------------------------------
-----------------------------------------
| rollout/                |             |
|    ep_len_mean          | 55          |
|    ep_rew_mean          | 34          |
| time/                   |             |
|    fps                  | 108         |
|    iterations           | 45          |
|    time_elapsed         | 2120        |
|    total_timesteps      | 230400      |
| train/                  |             |
|    approx_kl            | 0.017385826 |
|    clip_fraction        | 0.143       |
|    clip_range           | 0.2         |
|    entropy_loss         | -2.41       |
|    explained_variance   | 0.832       |
|    learning_rate        | 0.0003      |
|    loss                 | 0.224       |
|    n_updates            | 440         |
|    policy_gradient_loss | -0.0119     |
|    std                  | 0.808       |
|    value_loss           | 0.837       |
-----------------------------------------
-----------------------------------------
| rollout/                |             |
|    ep_len_mean          | 53.5        |
|    ep_rew_mean          | 5.5         |
| time/                   |             |
|    fps                  | 108         |
|    iterations           | 46          |
|    time_elapsed         | 2162        |
|    total_timesteps      | 235520      |
| train/                  |             |
|    approx_kl            | 0.009674954 |
|    clip_fraction        | 0.127       |
|    clip_range           | 0.2         |
|    entropy_loss         | -2.41       |
|    explained_variance   | 0.815       |
|    learning_rate        | 0.0003      |
|    loss                 | 0.195       |
|    n_updates            | 450         |
|    policy_gradient_loss | -0.0125     |
|    std                  | 0.804       |
|    value_loss           | 0.486       |
-----------------------------------------
-----------------------------------------
| rollout/                |             |
|    ep_len_mean          | 52.6        |
|    ep_rew_mean          | -43.5       |
| time/                   |             |
|    fps                  | 109         |
|    iterations           | 47          |
|    time_elapsed         | 2207        |
|    total_timesteps      | 240640      |
| train/                  |             |
|    approx_kl            | 0.019473178 |
|    clip_fraction        | 0.139       |
|    clip_range           | 0.2         |
|    entropy_loss         | -2.4        |
|    explained_variance   | 0.807       |
|    learning_rate        | 0.0003      |
|    loss                 | 0.163       |
|    n_updates            | 460         |
|    policy_gradient_loss | -0.0121     |
|    std                  | 0.804       |
|    value_loss           | 0.695       |
-----------------------------------------
-----------------------------------------
| rollout/                |             |
|    ep_len_mean          | 54.8        |
|    ep_rew_mean          | -29.2       |
| time/                   |             |
|    fps                  | 109         |
|    iterations           | 48          |
|    time_elapsed         | 2254        |
|    total_timesteps      | 245760      |
| train/                  |             |
|    approx_kl            | 0.018295558 |
|    clip_fraction        | 0.202       |
|    clip_range           | 0.2         |
|    entropy_loss         | -2.4        |
|    explained_variance   | 0.854       |
|    learning_rate        | 0.0003      |
|    loss                 | 0.161       |
|    n_updates            | 470         |
|    policy_gradient_loss | -0.00819    |
|    std                  | 0.8         |
|    value_loss           | 0.684       |
-----------------------------------------
-----------------------------------------
| rollout/                |             |
|    ep_len_mean          | 55.9        |
|    ep_rew_mean          | -21.6       |
| time/                   |             |
|    fps                  | 108         |
|    iterations           | 49          |
|    time_elapsed         | 2302        |
|    total_timesteps      | 250880      |
| train/                  |             |
|    approx_kl            | 0.016847562 |
|    clip_fraction        | 0.158       |
|    clip_range           | 0.2         |
|    entropy_loss         | -2.39       |
|    explained_variance   | 0.88        |
|    learning_rate        | 0.0003      |
|    loss                 | 0.198       |
|    n_updates            | 480         |
|    policy_gradient_loss | -0.0136     |
|    std                  | 0.8         |
|    value_loss           | 0.584       |
-----------------------------------------
----------------------------------------
| rollout/                |            |
|    ep_len_mean          | 54.8       |
|    ep_rew_mean          | 3.59       |
| time/                   |            |
|    fps                  | 109        |
|    iterations           | 50         |
|    time_elapsed         | 2347       |
|    total_timesteps      | 256000     |
| train/                  |            |
|    approx_kl            | 0.01753262 |
|    clip_fraction        | 0.124      |
|    clip_range           | 0.2        |
|    entropy_loss         | -2.39      |
|    explained_variance   | 0.844      |
|    learning_rate        | 0.0003     |
|    loss                 | 0.153      |
|    n_updates            | 490        |
|    policy_gradient_loss | -0.0134    |
|    std                  | 0.799      |
|    value_loss           | 0.647      |
----------------------------------------
-----------------------------------------
| rollout/                |             |
|    ep_len_mean          | 56.4        |
|    ep_rew_mean          | 7.81        |
| time/                   |             |
|    fps                  | 108         |
|    iterations           | 51          |
|    time_elapsed         | 2396        |
|    total_timesteps      | 261120      |
| train/                  |             |
|    approx_kl            | 0.012707059 |
|    clip_fraction        | 0.122       |
|    clip_range           | 0.2         |
|    entropy_loss         | -2.39       |
|    explained_variance   | 0.847       |
|    learning_rate        | 0.0003      |
|    loss                 | 0.218       |
|    n_updates            | 500         |
|    policy_gradient_loss | -0.0139     |
|    std                  | 0.798       |
|    value_loss           | 0.603       |
-----------------------------------------
-----------------------------------------
| rollout/                |             |
|    ep_len_mean          | 53.3        |
|    ep_rew_mean          | -34.8       |
| time/                   |             |
|    fps                  | 108         |
|    iterations           | 52          |
|    time_elapsed         | 2447        |
|    total_timesteps      | 266240      |
| train/                  |             |
|    approx_kl            | 0.015120612 |
|    clip_fraction        | 0.14        |
|    clip_range           | 0.2         |
|    entropy_loss         | -2.38       |
|    explained_variance   | 0.788       |
|    learning_rate        | 0.0003      |
|    loss                 | 0.121       |
|    n_updates            | 510         |
|    policy_gradient_loss | -0.0111     |
|    std                  | 0.796       |
|    value_loss           | 0.476       |
-----------------------------------------
Early stopping at step 4 due to reaching max kl: 0.05
-----------------------------------------
| rollout/                |             |
|    ep_len_mean          | 52.4        |
|    ep_rew_mean          | -3.37       |
| time/                   |             |
|    fps                  | 108         |
|    iterations           | 53          |
|    time_elapsed         | 2494        |
|    total_timesteps      | 271360      |
| train/                  |             |
|    approx_kl            | 0.031393524 |
|    clip_fraction        | 0.18        |
|    clip_range           | 0.2         |
|    entropy_loss         | -2.38       |
|    explained_variance   | 0.872       |
|    learning_rate        | 0.0003      |
|    loss                 | 0.344       |
|    n_updates            | 515         |
|    policy_gradient_loss | -0.00245    |
|    std                  | 0.796       |
|    value_loss           | 0.657       |
-----------------------------------------
----------------------------------------
| rollout/                |            |
|    ep_len_mean          | 52.1       |
|    ep_rew_mean          | -3.89      |
| time/                   |            |
|    fps                  | 108        |
|    iterations           | 54         |
|    time_elapsed         | 2538       |
|    total_timesteps      | 276480     |
| train/                  |            |
|    approx_kl            | 0.01391233 |
|    clip_fraction        | 0.167      |
|    clip_range           | 0.2        |
|    entropy_loss         | -2.38      |
|    explained_variance   | 0.837      |
|    learning_rate        | 0.0003     |
|    loss                 | 0.128      |
|    n_updates            | 525        |
|    policy_gradient_loss | -0.0122    |
|    std                  | 0.798      |
|    value_loss           | 0.548      |
----------------------------------------
-----------------------------------------
| rollout/                |             |
|    ep_len_mean          | 52.4        |
|    ep_rew_mean          | 13.9        |
| time/                   |             |
|    fps                  | 109         |
|    iterations           | 55          |
|    time_elapsed         | 2581        |
|    total_timesteps      | 281600      |
| train/                  |             |
|    approx_kl            | 0.015801247 |
|    clip_fraction        | 0.186       |
|    clip_range           | 0.2         |
|    entropy_loss         | -2.38       |
|    explained_variance   | 0.837       |
|    learning_rate        | 0.0003      |
|    loss                 | 0.189       |
|    n_updates            | 535         |
|    policy_gradient_loss | -0.0137     |
|    std                  | 0.794       |
|    value_loss           | 0.46        |
-----------------------------------------
-----------------------------------------
| rollout/                |             |
|    ep_len_mean          | 52.6        |
|    ep_rew_mean          | -14.4       |
| time/                   |             |
|    fps                  | 109         |
|    iterations           | 56          |
|    time_elapsed         | 2627        |
|    total_timesteps      | 286720      |
| train/                  |             |
|    approx_kl            | 0.014070308 |
|    clip_fraction        | 0.156       |
|    clip_range           | 0.2         |
|    entropy_loss         | -2.37       |
|    explained_variance   | 0.813       |
|    learning_rate        | 0.0003      |
|    loss                 | 0.108       |
|    n_updates            | 545         |
|    policy_gradient_loss | -0.0146     |
|    std                  | 0.79        |
|    value_loss           | 0.469       |
-----------------------------------------
-----------------------------------------
| rollout/                |             |
|    ep_len_mean          | 51.8        |
|    ep_rew_mean          | -14.1       |
| time/                   |             |
|    fps                  | 109         |
|    iterations           | 57          |
|    time_elapsed         | 2669        |
|    total_timesteps      | 291840      |
| train/                  |             |
|    approx_kl            | 0.014973586 |
|    clip_fraction        | 0.163       |
|    clip_range           | 0.2         |
|    entropy_loss         | -2.36       |
|    explained_variance   | 0.865       |
|    learning_rate        | 0.0003      |
|    loss                 | 0.168       |
|    n_updates            | 555         |
|    policy_gradient_loss | -0.0127     |
|    std                  | 0.785       |
|    value_loss           | 0.53        |
-----------------------------------------
-----------------------------------------
| rollout/                |             |
|    ep_len_mean          | 53.5        |
|    ep_rew_mean          | 22.8        |
| time/                   |             |
|    fps                  | 109         |
|    iterations           | 58          |
|    time_elapsed         | 2712        |
|    total_timesteps      | 296960      |
| train/                  |             |
|    approx_kl            | 0.012835766 |
|    clip_fraction        | 0.142       |
|    clip_range           | 0.2         |
|    entropy_loss         | -2.35       |
|    explained_variance   | 0.827       |
|    learning_rate        | 0.0003      |
|    loss                 | 0.145       |
|    n_updates            | 565         |
|    policy_gradient_loss | -0.0101     |
|    std                  | 0.784       |
|    value_loss           | 0.568       |
-----------------------------------------
-----------------------------------------
| rollout/                |             |
|    ep_len_mean          | 53.7        |
|    ep_rew_mean          | 5.07        |
| time/                   |             |
|    fps                  | 109         |
|    iterations           | 59          |
|    time_elapsed         | 2762        |
|    total_timesteps      | 302080      |
| train/                  |             |
|    approx_kl            | 0.016687613 |
|    clip_fraction        | 0.201       |
|    clip_range           | 0.2         |
|    entropy_loss         | -2.35       |
|    explained_variance   | 0.837       |
|    learning_rate        | 0.0003      |
|    loss                 | 0.131       |
|    n_updates            | 575         |
|    policy_gradient_loss | -0.0121     |
|    std                  | 0.779       |
|    value_loss           | 0.381       |
-----------------------------------------
-----------------------------------------
| rollout/                |             |
|    ep_len_mean          | 55          |
|    ep_rew_mean          | 21.3        |
| time/                   |             |
|    fps                  | 108         |
|    iterations           | 60          |
|    time_elapsed         | 2822        |
|    total_timesteps      | 307200      |
| train/                  |             |
|    approx_kl            | 0.015620733 |
|    clip_fraction        | 0.187       |
|    clip_range           | 0.2         |
|    entropy_loss         | -2.33       |
|    explained_variance   | 0.843       |
|    learning_rate        | 0.0003      |
|    loss                 | 0.159       |
|    n_updates            | 585         |
|    policy_gradient_loss | -0.0117     |
|    std                  | 0.773       |
|    value_loss           | 0.398       |
-----------------------------------------
-----------------------------------------
| rollout/                |             |
|    ep_len_mean          | 53.5        |
|    ep_rew_mean          | -9.49       |
| time/                   |             |
|    fps                  | 108         |
|    iterations           | 61          |
|    time_elapsed         | 2873        |
|    total_timesteps      | 312320      |
| train/                  |             |
|    approx_kl            | 0.011129482 |
|    clip_fraction        | 0.16        |
|    clip_range           | 0.2         |
|    entropy_loss         | -2.32       |
|    explained_variance   | 0.84        |
|    learning_rate        | 0.0003      |
|    loss                 | 0.0489      |
|    n_updates            | 595         |
|    policy_gradient_loss | -0.0123     |
|    std                  | 0.774       |
|    value_loss           | 0.348       |
-----------------------------------------
-----------------------------------------
| rollout/                |             |
|    ep_len_mean          | 55.8        |
|    ep_rew_mean          | 31          |
| time/                   |             |
|    fps                  | 108         |
|    iterations           | 62          |
|    time_elapsed         | 2936        |
|    total_timesteps      | 317440      |
| train/                  |             |
|    approx_kl            | 0.021456024 |
|    clip_fraction        | 0.122       |
|    clip_range           | 0.2         |
|    entropy_loss         | -2.33       |
|    explained_variance   | 0.835       |
|    learning_rate        | 0.0003      |
|    loss                 | 0.169       |
|    n_updates            | 605         |
|    policy_gradient_loss | -0.013      |
|    std                  | 0.775       |
|    value_loss           | 0.577       |
-----------------------------------------
-----------------------------------------
| rollout/                |             |
|    ep_len_mean          | 54.5        |
|    ep_rew_mean          | 25.9        |
| time/                   |             |
|    fps                  | 107         |
|    iterations           | 63          |
|    time_elapsed         | 2994        |
|    total_timesteps      | 322560      |
| train/                  |             |
|    approx_kl            | 0.017073771 |
|    clip_fraction        | 0.168       |
|    clip_range           | 0.2         |
|    entropy_loss         | -2.32       |
|    explained_variance   | 0.868       |
|    learning_rate        | 0.0003      |
|    loss                 | 0.184       |
|    n_updates            | 615         |
|    policy_gradient_loss | -0.0144     |
|    std                  | 0.77        |
|    value_loss           | 0.307       |
-----------------------------------------
-----------------------------------------
| rollout/                |             |
|    ep_len_mean          | 55.1        |
|    ep_rew_mean          | 12.6        |
| time/                   |             |
|    fps                  | 107         |
|    iterations           | 64          |
|    time_elapsed         | 3053        |
|    total_timesteps      | 327680      |
| train/                  |             |
|    approx_kl            | 0.016082138 |
|    clip_fraction        | 0.148       |
|    clip_range           | 0.2         |
|    entropy_loss         | -2.31       |
|    explained_variance   | 0.838       |
|    learning_rate        | 0.0003      |
|    loss                 | 0.11        |
|    n_updates            | 625         |
|    policy_gradient_loss | -0.0162     |
|    std                  | 0.767       |
|    value_loss           | 0.382       |
-----------------------------------------
-----------------------------------------
| rollout/                |             |
|    ep_len_mean          | 54.8        |
|    ep_rew_mean          | 8.64        |
| time/                   |             |
|    fps                  | 106         |
|    iterations           | 65          |
|    time_elapsed         | 3112        |
|    total_timesteps      | 332800      |
| train/                  |             |
|    approx_kl            | 0.020544603 |
|    clip_fraction        | 0.188       |
|    clip_range           | 0.2         |
|    entropy_loss         | -2.31       |
|    explained_variance   | 0.794       |
|    learning_rate        | 0.0003      |
|    loss                 | 0.17        |
|    n_updates            | 635         |
|    policy_gradient_loss | -0.0139     |
|    std                  | 0.769       |
|    value_loss           | 0.453       |
-----------------------------------------
----------------------------------------
| rollout/                |            |
|    ep_len_mean          | 56.5       |
|    ep_rew_mean          | 38.8       |
| time/                   |            |
|    fps                  | 106        |
|    iterations           | 66         |
|    time_elapsed         | 3172       |
|    total_timesteps      | 337920     |
| train/                  |            |
|    approx_kl            | 0.02334165 |
|    clip_fraction        | 0.185      |
|    clip_range           | 0.2        |
|    entropy_loss         | -2.31      |
|    explained_variance   | 0.822      |
|    learning_rate        | 0.0003     |
|    loss                 | 0.0804     |
|    n_updates            | 645        |
|    policy_gradient_loss | -0.0147    |
|    std                  | 0.764      |
|    value_loss           | 0.534      |
----------------------------------------
-----------------------------------------
| rollout/                |             |
|    ep_len_mean          | 55.8        |
|    ep_rew_mean          | -0.00205    |
| time/                   |             |
|    fps                  | 106         |
|    iterations           | 67          |
|    time_elapsed         | 3231        |
|    total_timesteps      | 343040      |
| train/                  |             |
|    approx_kl            | 0.014741546 |
|    clip_fraction        | 0.142       |
|    clip_range           | 0.2         |
|    entropy_loss         | -2.29       |
|    explained_variance   | 0.855       |
|    learning_rate        | 0.0003      |
|    loss                 | 0.0559      |
|    n_updates            | 655         |
|    policy_gradient_loss | -0.0172     |
|    std                  | 0.755       |
|    value_loss           | 0.289       |
-----------------------------------------
-----------------------------------------
| rollout/                |             |
|    ep_len_mean          | 55.1        |
|    ep_rew_mean          | -12.5       |
| time/                   |             |
|    fps                  | 106         |
|    iterations           | 68          |
|    time_elapsed         | 3281        |
|    total_timesteps      | 348160      |
| train/                  |             |
|    approx_kl            | 0.016368374 |
|    clip_fraction        | 0.16        |
|    clip_range           | 0.2         |
|    entropy_loss         | -2.28       |
|    explained_variance   | 0.788       |
|    learning_rate        | 0.0003      |
|    loss                 | 0.133       |
|    n_updates            | 665         |
|    policy_gradient_loss | -0.0135     |
|    std                  | 0.757       |
|    value_loss           | 0.603       |
-----------------------------------------
Early stopping at step 4 due to reaching max kl: 0.05
-----------------------------------------
| rollout/                |             |
|    ep_len_mean          | 53.4        |
|    ep_rew_mean          | 1.72        |
| time/                   |             |
|    fps                  | 106         |
|    iterations           | 69          |
|    time_elapsed         | 3329        |
|    total_timesteps      | 353280      |
| train/                  |             |
|    approx_kl            | 0.044191428 |
|    clip_fraction        | 0.207       |
|    clip_range           | 0.2         |
|    entropy_loss         | -2.28       |
|    explained_variance   | 0.834       |
|    learning_rate        | 0.0003      |
|    loss                 | 0.335       |
|    n_updates            | 670         |
|    policy_gradient_loss | -0.000288   |
|    std                  | 0.757       |
|    value_loss           | 0.703       |
-----------------------------------------
-----------------------------------------
| rollout/                |             |
|    ep_len_mean          | 53.7        |
|    ep_rew_mean          | 9.56        |
| time/                   |             |
|    fps                  | 105         |
|    iterations           | 70          |
|    time_elapsed         | 3388        |
|    total_timesteps      | 358400      |
| train/                  |             |
|    approx_kl            | 0.017338976 |
|    clip_fraction        | 0.16        |
|    clip_range           | 0.2         |
|    entropy_loss         | -2.28       |
|    explained_variance   | 0.85        |
|    learning_rate        | 0.0003      |
|    loss                 | 0.142       |
|    n_updates            | 680         |
|    policy_gradient_loss | -0.0127     |
|    std                  | 0.757       |
|    value_loss           | 0.32        |
-----------------------------------------
[CURRICULUM] t=360,000 -> scenario stage 3
-----------------------------------------
| rollout/                |             |
|    ep_len_mean          | 54.7        |
|    ep_rew_mean          | -16.3       |
| time/                   |             |
|    fps                  | 105         |
|    iterations           | 71          |
|    time_elapsed         | 3448        |
|    total_timesteps      | 363520      |
| train/                  |             |
|    approx_kl            | 0.016866893 |
|    clip_fraction        | 0.168       |
|    clip_range           | 0.2         |
|    entropy_loss         | -2.28       |
|    explained_variance   | 0.874       |
|    learning_rate        | 0.0003      |
|    loss                 | 0.0593      |
|    n_updates            | 690         |
|    policy_gradient_loss | -0.0154     |
|    std                  | 0.758       |
|    value_loss           | 0.357       |
-----------------------------------------
-----------------------------------------
| rollout/                |             |
|    ep_len_mean          | 58          |
|    ep_rew_mean          | 26.7        |
| time/                   |             |
|    fps                  | 104         |
|    iterations           | 72          |
|    time_elapsed         | 3512        |
|    total_timesteps      | 368640      |
| train/                  |             |
|    approx_kl            | 0.018477133 |
|    clip_fraction        | 0.175       |
|    clip_range           | 0.2         |
|    entropy_loss         | -2.28       |
|    explained_variance   | 0.706       |
|    learning_rate        | 0.0003      |
|    loss                 | 0.225       |
|    n_updates            | 700         |
|    policy_gradient_loss | -0.0135     |
|    std                  | 0.756       |
|    value_loss           | 0.797       |
-----------------------------------------
Early stopping at step 1 due to reaching max kl: 0.05
-----------------------------------------
| rollout/                |             |
|    ep_len_mean          | 58.4        |
|    ep_rew_mean          | 36          |
| time/                   |             |
|    fps                  | 104         |
|    iterations           | 73          |
|    time_elapsed         | 3574        |
|    total_timesteps      | 373760      |
| train/                  |             |
|    approx_kl            | 0.022186508 |
|    clip_fraction        | 0.21        |
|    clip_range           | 0.2         |
|    entropy_loss         | -2.28       |
|    explained_variance   | 0.709       |
|    learning_rate        | 0.0003      |
|    loss                 | 0.376       |
|    n_updates            | 702         |
|    policy_gradient_loss | 0.00544     |
|    std                  | 0.755       |
|    value_loss           | 0.884       |
-----------------------------------------
----------------------------------------
| rollout/                |            |
|    ep_len_mean          | 57.2       |
|    ep_rew_mean          | 5.99       |
| time/                   |            |
|    fps                  | 104        |
|    iterations           | 74         |
|    time_elapsed         | 3640       |
|    total_timesteps      | 378880     |
| train/                  |            |
|    approx_kl            | 0.01802198 |
|    clip_fraction        | 0.171      |
|    clip_range           | 0.2        |
|    entropy_loss         | -2.28      |
|    explained_variance   | 0.718      |
|    learning_rate        | 0.0003     |
|    loss                 | 0.102      |
|    n_updates            | 712        |
|    policy_gradient_loss | -0.0144    |
|    std                  | 0.757      |
|    value_loss           | 0.469      |
----------------------------------------
Early stopping at step 0 due to reaching max kl: 0.05
-----------------------------------------
| rollout/                |             |
|    ep_len_mean          | 58.2        |
|    ep_rew_mean          | 49.9        |
| time/                   |             |
|    fps                  | 103         |
|    iterations           | 75          |
|    time_elapsed         | 3705        |
|    total_timesteps      | 384000      |
| train/                  |             |
|    approx_kl            | 0.022211608 |
|    clip_fraction        | 0.258       |
|    clip_range           | 0.2         |
|    entropy_loss         | -2.28       |
|    explained_variance   | 0.742       |
|    learning_rate        | 0.0003      |
|    loss                 | 0.561       |
|    n_updates            | 713         |
|    policy_gradient_loss | 0.012       |
|    std                  | 0.757       |
|    value_loss           | 1.07        |
-----------------------------------------
-----------------------------------------
| rollout/                |             |
|    ep_len_mean          | 56.9        |
|    ep_rew_mean          | 42.1        |
| time/                   |             |
|    fps                  | 103         |
|    iterations           | 76          |
|    time_elapsed         | 3771        |
|    total_timesteps      | 389120      |
| train/                  |             |
|    approx_kl            | 0.017190078 |
|    clip_fraction        | 0.176       |
|    clip_range           | 0.2         |
|    entropy_loss         | -2.27       |
|    explained_variance   | 0.765       |
|    learning_rate        | 0.0003      |
|    loss                 | 0.139       |
|    n_updates            | 723         |
|    policy_gradient_loss | -0.0145     |
|    std                  | 0.749       |
|    value_loss           | 0.442       |
-----------------------------------------
----------------------------------------
| rollout/                |            |
|    ep_len_mean          | 56.5       |
|    ep_rew_mean          | 50.1       |
| time/                   |            |
|    fps                  | 102        |
|    iterations           | 77         |
|    time_elapsed         | 3842       |
|    total_timesteps      | 394240     |
| train/                  |            |
|    approx_kl            | 0.01445214 |
|    clip_fraction        | 0.148      |
|    clip_range           | 0.2        |
|    entropy_loss         | -2.25      |
|    explained_variance   | 0.78       |
|    learning_rate        | 0.0003     |
|    loss                 | 0.0987     |
|    n_updates            | 733        |
|    policy_gradient_loss | -0.015     |
|    std                  | 0.741      |
|    value_loss           | 0.458      |
----------------------------------------
-----------------------------------------
| rollout/                |             |
|    ep_len_mean          | 55.5        |
|    ep_rew_mean          | 20.2        |
| time/                   |             |
|    fps                  | 102         |
|    iterations           | 78          |
|    time_elapsed         | 3911        |
|    total_timesteps      | 399360      |
| train/                  |             |
|    approx_kl            | 0.019262988 |
|    clip_fraction        | 0.188       |
|    clip_range           | 0.2         |
|    entropy_loss         | -2.23       |
|    explained_variance   | 0.72        |
|    learning_rate        | 0.0003      |
|    loss                 | 0.109       |
|    n_updates            | 743         |
|    policy_gradient_loss | -0.0137     |
|    std                  | 0.738       |
|    value_loss           | 0.47        |
-----------------------------------------
[EVAL] t=400,000 goal 0.61 collision 0.39 timeout 0.00 return -106.3 colregs -19.1 (170.0 s)
----------------------------------------------
| eval/                        |             |
|    being_overtaken/collision | 0.9         |
|    being_overtaken/colregs   | -20.8       |
|    being_overtaken/goal      | 0.1         |
|    collision_boundary        | 0.117       |
|    collision_obstacle        | 0.025       |
|    collision_rate            | 0.392       |
|    collision_target          | 0.25        |
|    crossing/collision        | 0.6         |
|    crossing/colregs          | -24.4       |
|    crossing/goal             | 0.4         |
|    episodes                  | 120         |
|    estops_per_episode        | 0.0417      |
|    eval_wall_s               | 170         |
|    goal_rate                 | 0.608       |
|    head_on/collision         | 0.35        |
|    head_on/colregs           | -34         |
|    head_on/goal              | 0.65        |
|    mean_colregs_integral     | -19.1       |
|    mean_return               | -106        |
|    no_target/collision       | 0.1         |
|    no_target/colregs         | 0           |
|    no_target/goal            | 0.9         |
|    null/collision            | 0.15        |
|    null/colregs              | -4.45       |
|    null/goal                 | 0.85        |
|    overtaking/collision      | 0.25        |
|    overtaking/colregs        | -31.1       |
|    overtaking/goal           | 0.75        |
|    timeout_rate              | 0           |
|    timesteps                 | 400000      |
| rollout/                     |             |
|    ep_len_mean               | 55.4        |
|    ep_rew_mean               | 18.2        |
| time/                        |             |
|    fps                       | 97          |
|    iterations                | 79          |
|    time_elapsed              | 4146        |
|    total_timesteps           | 404480      |
| train/                       |             |
|    approx_kl                 | 0.015962046 |
|    clip_fraction             | 0.209       |
|    clip_range                | 0.2         |
|    entropy_loss              | -2.22       |
|    explained_variance        | 0.763       |
|    learning_rate             | 0.0003      |
|    loss                      | 0.179       |
|    n_updates                 | 753         |
|    policy_gradient_loss      | -0.0123     |
|    std                       | 0.735       |
|    value_loss                | 0.527       |
----------------------------------------------
-----------------------------------------
| rollout/                |             |
|    ep_len_mean          | 55          |
|    ep_rew_mean          | 23.1        |
| time/                   |             |
|    fps                  | 97          |
|    iterations           | 80          |
|    time_elapsed         | 4209        |
|    total_timesteps      | 409600      |
| train/                  |             |
|    approx_kl            | 0.018640507 |
|    clip_fraction        | 0.162       |
|    clip_range           | 0.2         |
|    entropy_loss         | -2.22       |
|    explained_variance   | 0.745       |
|    learning_rate        | 0.0003      |
|    loss                 | 0.131       |
|    n_updates            | 763         |
|    policy_gradient_loss | -0.0133     |
|    std                  | 0.735       |
|    value_loss           | 0.602       |
-----------------------------------------
-----------------------------------------
| rollout/                |             |
|    ep_len_mean          | 57.4        |
|    ep_rew_mean          | 63.8        |
| time/                   |             |
|    fps                  | 97          |
|    iterations           | 81          |
|    time_elapsed         | 4271        |
|    total_timesteps      | 414720      |
| train/                  |             |
|    approx_kl            | 0.014002753 |
|    clip_fraction        | 0.154       |
|    clip_range           | 0.2         |
|    entropy_loss         | -2.22       |
|    explained_variance   | 0.764       |
|    learning_rate        | 0.0003      |
|    loss                 | 0.144       |
|    n_updates            | 773         |
|    policy_gradient_loss | -0.0137     |
|    std                  | 0.735       |
|    value_loss           | 0.545       |
-----------------------------------------
Early stopping at step 2 due to reaching max kl: 0.05
-----------------------------------------
| rollout/                |             |
|    ep_len_mean          | 58.6        |
|    ep_rew_mean          | 61.2        |
| time/                   |             |
|    fps                  | 96          |
|    iterations           | 82          |
|    time_elapsed         | 4331        |
|    total_timesteps      | 419840      |
| train/                  |             |
|    approx_kl            | 0.047911767 |
|    clip_fraction        | 0.175       |
|    clip_range           | 0.2         |
|    entropy_loss         | -2.22       |
|    explained_variance   | 0.781       |
|    learning_rate        | 0.0003      |
|    loss                 | 0.141       |
|    n_updates            | 776         |
|    policy_gradient_loss | 0.000611    |
|    std                  | 0.734       |
|    value_loss           | 0.418       |
-----------------------------------------
-----------------------------------------
| rollout/                |             |
|    ep_len_mean          | 56.9        |
|    ep_rew_mean          | 29.3        |
| time/                   |             |
|    fps                  | 96          |
|    iterations           | 83          |
|    time_elapsed         | 4387        |
|    total_timesteps      | 424960      |
| train/                  |             |
|    approx_kl            | 0.017120337 |
|    clip_fraction        | 0.188       |
|    clip_range           | 0.2         |
|    entropy_loss         | -2.21       |
|    explained_variance   | 0.824       |
|    learning_rate        | 0.0003      |
|    loss                 | 0.103       |
|    n_updates            | 786         |
|    policy_gradient_loss | -0.0123     |
|    std                  | 0.73        |
|    value_loss           | 0.35        |
-----------------------------------------
----------------------------------------
| rollout/                |            |
|    ep_len_mean          | 57.2       |
|    ep_rew_mean          | 58         |
| time/                   |            |
|    fps                  | 96         |
|    iterations           | 84         |
|    time_elapsed         | 4458       |
|    total_timesteps      | 430080     |
| train/                  |            |
|    approx_kl            | 0.01746085 |
|    clip_fraction        | 0.19       |
|    clip_range           | 0.2        |
|    entropy_loss         | -2.21      |
|    explained_variance   | 0.755      |
|    learning_rate        | 0.0003     |
|    loss                 | 0.0329     |
|    n_updates            | 796        |
|    policy_gradient_loss | -0.0171    |
|    std                  | 0.732      |
|    value_loss           | 0.291      |
----------------------------------------
-----------------------------------------
| rollout/                |             |
|    ep_len_mean          | 58          |
|    ep_rew_mean          | 63.1        |
| time/                   |             |
|    fps                  | 96          |
|    iterations           | 85          |
|    time_elapsed         | 4527        |
|    total_timesteps      | 435200      |
| train/                  |             |
|    approx_kl            | 0.015871983 |
|    clip_fraction        | 0.154       |
|    clip_range           | 0.2         |
|    entropy_loss         | -2.21       |
|    explained_variance   | 0.722       |
|    learning_rate        | 0.0003      |
|    loss                 | 0.129       |
|    n_updates            | 806         |
|    policy_gradient_loss | -0.0168     |
|    std                  | 0.731       |
|    value_loss           | 0.464       |
-----------------------------------------
----------------------------------------
| rollout/                |            |
|    ep_len_mean          | 55         |
|    ep_rew_mean          | 28.7       |
| time/                   |            |
|    fps                  | 95         |
|    iterations           | 86         |
|    time_elapsed         | 4601       |
|    total_timesteps      | 440320     |
| train/                  |            |
|    approx_kl            | 0.01595041 |
|    clip_fraction        | 0.182      |
|    clip_range           | 0.2        |
|    entropy_loss         | -2.21      |
|    explained_variance   | 0.797      |
|    learning_rate        | 0.0003     |
|    loss                 | 0.059      |
|    n_updates            | 816        |
|    policy_gradient_loss | -0.0136    |
|    std                  | 0.73       |
|    value_loss           | 0.255      |
----------------------------------------
----------------------------------------
| rollout/                |            |
|    ep_len_mean          | 54.2       |
|    ep_rew_mean          | 31         |
| time/                   |            |
|    fps                  | 95         |
|    iterations           | 87         |
|    time_elapsed         | 4671       |
|    total_timesteps      | 445440     |
| train/                  |            |
|    approx_kl            | 0.02315009 |
|    clip_fraction        | 0.205      |
|    clip_range           | 0.2        |
|    entropy_loss         | -2.21      |
|    explained_variance   | 0.784      |
|    learning_rate        | 0.0003     |
|    loss                 | 0.104      |
|    n_updates            | 826        |
|    policy_gradient_loss | -0.00911   |
|    std                  | 0.732      |
|    value_loss           | 0.456      |
----------------------------------------
-----------------------------------------
| rollout/                |             |
|    ep_len_mean          | 56          |
|    ep_rew_mean          | 40.3        |
| time/                   |             |
|    fps                  | 95          |
|    iterations           | 88          |
|    time_elapsed         | 4739        |
|    total_timesteps      | 450560      |
| train/                  |             |
|    approx_kl            | 0.015163429 |
|    clip_fraction        | 0.205       |
|    clip_range           | 0.2         |
|    entropy_loss         | -2.21       |
|    explained_variance   | 0.803       |
|    learning_rate        | 0.0003      |
|    loss                 | 0.119       |
|    n_updates            | 836         |
|    policy_gradient_loss | -0.01       |
|    std                  | 0.731       |
|    value_loss           | 0.479       |
-----------------------------------------
Early stopping at step 8 due to reaching max kl: 0.05
-----------------------------------------
| rollout/                |             |
|    ep_len_mean          | 57.4        |
|    ep_rew_mean          | 43.9        |
| time/                   |             |
|    fps                  | 95          |
|    iterations           | 89          |
|    time_elapsed         | 4796        |
|    total_timesteps      | 455680      |
| train/                  |             |
|    approx_kl            | 0.025624044 |
|    clip_fraction        | 0.168       |
|    clip_range           | 0.2         |
|    entropy_loss         | -2.21       |
|    explained_variance   | 0.804       |
|    learning_rate        | 0.0003      |
|    loss                 | 0.203       |
|    n_updates            | 845         |
|    policy_gradient_loss | -0.0131     |
|    std                  | 0.731       |
|    value_loss           | 0.46        |
-----------------------------------------
----------------------------------------
| rollout/                |            |
|    ep_len_mean          | 58.1       |
|    ep_rew_mean          | 50.8       |
| time/                   |            |
|    fps                  | 94         |
|    iterations           | 90         |
|    time_elapsed         | 4866       |
|    total_timesteps      | 460800     |
| train/                  |            |
|    approx_kl            | 0.01789529 |
|    clip_fraction        | 0.178      |
|    clip_range           | 0.2        |
|    entropy_loss         | -2.21      |
|    explained_variance   | 0.744      |
|    learning_rate        | 0.0003     |
|    loss                 | 0.0752     |
|    n_updates            | 855        |
|    policy_gradient_loss | -0.0164    |
|    std                  | 0.73       |
|    value_loss           | 0.342      |
----------------------------------------
----------------------------------------
| rollout/                |            |
|    ep_len_mean          | 57.7       |
|    ep_rew_mean          | 47.1       |
| time/                   |            |
|    fps                  | 94         |
|    iterations           | 91         |
|    time_elapsed         | 4943       |
|    total_timesteps      | 465920     |
| train/                  |            |
|    approx_kl            | 0.01926223 |
|    clip_fraction        | 0.217      |
|    clip_range           | 0.2        |
|    entropy_loss         | -2.21      |
|    explained_variance   | 0.798      |
|    learning_rate        | 0.0003     |
|    loss                 | 0.129      |
|    n_updates            | 865        |
|    policy_gradient_loss | -0.0132    |
|    std                  | 0.733      |
|    value_loss           | 0.329      |
----------------------------------------
-----------------------------------------
| rollout/                |             |
|    ep_len_mean          | 59          |
|    ep_rew_mean          | 81.6        |
| time/                   |             |
|    fps                  | 93          |
|    iterations           | 92          |
|    time_elapsed         | 5015        |
|    total_timesteps      | 471040      |
| train/                  |             |
|    approx_kl            | 0.020319633 |
|    clip_fraction        | 0.193       |
|    clip_range           | 0.2         |
|    entropy_loss         | -2.21       |
|    explained_variance   | 0.842       |
|    learning_rate        | 0.0003      |
|    loss                 | 0.0402      |
|    n_updates            | 875         |
|    policy_gradient_loss | -0.0168     |
|    std                  | 0.729       |
|    value_loss           | 0.25        |
-----------------------------------------
-----------------------------------------
| rollout/                |             |
|    ep_len_mean          | 56.5        |
|    ep_rew_mean          | 46.3        |
| time/                   |             |
|    fps                  | 93          |
|    iterations           | 93          |
|    time_elapsed         | 5091        |
|    total_timesteps      | 476160      |
| train/                  |             |
|    approx_kl            | 0.018348163 |
|    clip_fraction        | 0.223       |
|    clip_range           | 0.2         |
|    entropy_loss         | -2.19       |
|    explained_variance   | 0.708       |
|    learning_rate        | 0.0003      |
|    loss                 | 0.141       |
|    n_updates            | 885         |
|    policy_gradient_loss | -0.0146     |
|    std                  | 0.722       |
|    value_loss           | 0.235       |
-----------------------------------------
-----------------------------------------
| rollout/                |             |
|    ep_len_mean          | 54.1        |
|    ep_rew_mean          | 21.5        |
| time/                   |             |
|    fps                  | 93          |
|    iterations           | 94          |
|    time_elapsed         | 5166        |
|    total_timesteps      | 481280      |
| train/                  |             |
|    approx_kl            | 0.016354952 |
|    clip_fraction        | 0.17        |
|    clip_range           | 0.2         |
|    entropy_loss         | -2.18       |
|    explained_variance   | 0.814       |
|    learning_rate        | 0.0003      |
|    loss                 | 0.157       |
|    n_updates            | 895         |
|    policy_gradient_loss | -0.0144     |
|    std                  | 0.718       |
|    value_loss           | 0.348       |
-----------------------------------------
-----------------------------------------
| rollout/                |             |
|    ep_len_mean          | 57.5        |
|    ep_rew_mean          | 62.6        |
| time/                   |             |
|    fps                  | 92          |
|    iterations           | 95          |
|    time_elapsed         | 5242        |
|    total_timesteps      | 486400      |
| train/                  |             |
|    approx_kl            | 0.017746326 |
|    clip_fraction        | 0.17        |
|    clip_range           | 0.2         |
|    entropy_loss         | -2.17       |
|    explained_variance   | 0.83        |
|    learning_rate        | 0.0003      |
|    loss                 | 0.132       |
|    n_updates            | 905         |
|    policy_gradient_loss | -0.0145     |
|    std                  | 0.717       |
|    value_loss           | 0.449       |
-----------------------------------------
Early stopping at step 2 due to reaching max kl: 0.05
-----------------------------------------
| rollout/                |             |
|    ep_len_mean          | 58.3        |
|    ep_rew_mean          | 39.9        |
| time/                   |             |
|    fps                  | 92          |
|    iterations           | 96          |
|    time_elapsed         | 5313        |
|    total_timesteps      | 491520      |
| train/                  |             |
|    approx_kl            | 0.038921554 |
|    clip_fraction        | 0.195       |
|    clip_range           | 0.2         |
|    entropy_loss         | -2.17       |
|    explained_variance   | 0.694       |
|    learning_rate        | 0.0003      |
|    loss                 | 0.175       |
|    n_updates            | 908         |
|    policy_gradient_loss | -2.53e-05   |
|    std                  | 0.717       |
|    value_loss           | 0.474       |
-----------------------------------------
-----------------------------------------
| rollout/                |             |
|    ep_len_mean          | 56.7        |
|    ep_rew_mean          | 37.5        |
| time/                   |             |
|    fps                  | 92          |
|    iterations           | 97          |
|    time_elapsed         | 5389        |
|    total_timesteps      | 496640      |
| train/                  |             |
|    approx_kl            | 0.021131212 |
|    clip_fraction        | 0.202       |
|    clip_range           | 0.2         |
|    entropy_loss         | -2.17       |
|    explained_variance   | 0.758       |
|    learning_rate        | 0.0003      |
|    loss                 | 0.0762      |
|    n_updates            | 918         |
|    policy_gradient_loss | -0.0158     |
|    std                  | 0.714       |
|    value_loss           | 0.39        |
-----------------------------------------
Early stopping at step 7 due to reaching max kl: 0.06
----------------------------------------
| rollout/                |            |
|    ep_len_mean          | 59.2       |
|    ep_rew_mean          | 61.7       |
| time/                   |            |
|    fps                  | 91         |
|    iterations           | 98         |
|    time_elapsed         | 5467       |
|    total_timesteps      | 501760     |
| train/                  |            |
|    approx_kl            | 0.04039128 |
|    clip_fraction        | 0.201      |
|    clip_range           | 0.2        |
|    entropy_loss         | -2.16      |
|    explained_variance   | 0.807      |
|    learning_rate        | 0.0003     |
|    loss                 | 0.0913     |
|    n_updates            | 926        |
|    policy_gradient_loss | -0.012     |
|    std                  | 0.715      |
|    value_loss           | 0.36       |
----------------------------------------
Early stopping at step 1 due to reaching max kl: 0.05
-----------------------------------------
| rollout/                |             |
|    ep_len_mean          | 59.2        |
|    ep_rew_mean          | 54.6        |
| time/                   |             |
|    fps                  | 91          |
|    iterations           | 99          |
|    time_elapsed         | 5534        |
|    total_timesteps      | 506880      |
| train/                  |             |
|    approx_kl            | 0.043645818 |
|    clip_fraction        | 0.254       |
|    clip_range           | 0.2         |
|    entropy_loss         | -2.17       |
|    explained_variance   | 0.791       |
|    learning_rate        | 0.0003      |
|    loss                 | 0.147       |
|    n_updates            | 928         |
|    policy_gradient_loss | 0.00722     |
|    std                  | 0.716       |
|    value_loss           | 0.44        |
-----------------------------------------
-----------------------------------------
| rollout/                |             |
|    ep_len_mean          | 57.4        |
|    ep_rew_mean          | 46.3        |
| time/                   |             |
|    fps                  | 91          |
|    iterations           | 100         |
|    time_elapsed         | 5593        |
|    total_timesteps      | 512000      |
| train/                  |             |
|    approx_kl            | 0.025623947 |
|    clip_fraction        | 0.211       |
|    clip_range           | 0.2         |
|    entropy_loss         | -2.17       |
|    explained_variance   | 0.796       |
|    learning_rate        | 0.0003      |
|    loss                 | 0.0567      |
|    n_updates            | 938         |
|    policy_gradient_loss | -0.0145     |
|    std                  | 0.715       |
|    value_loss           | 0.314       |
-----------------------------------------
Early stopping at step 4 due to reaching max kl: 0.05
-----------------------------------------
| rollout/                |             |
|    ep_len_mean          | 59.8        |
|    ep_rew_mean          | 67.6        |
| time/                   |             |
|    fps                  | 91          |
|    iterations           | 101         |
|    time_elapsed         | 5652        |
|    total_timesteps      | 517120      |
| train/                  |             |
|    approx_kl            | 0.034210082 |
|    clip_fraction        | 0.186       |
|    clip_range           | 0.2         |
|    entropy_loss         | -2.16       |
|    explained_variance   | 0.816       |
|    learning_rate        | 0.0003      |
|    loss                 | 0.136       |
|    n_updates            | 943         |
|    policy_gradient_loss | -0.00574    |
|    std                  | 0.714       |
|    value_loss           | 0.479       |
-----------------------------------------
-----------------------------------------
| rollout/                |             |
|    ep_len_mean          | 61.2        |
|    ep_rew_mean          | 67.3        |
| time/                   |             |
|    fps                  | 91          |
|    iterations           | 102         |
|    time_elapsed         | 5710        |
|    total_timesteps      | 522240      |
| train/                  |             |
|    approx_kl            | 0.021036146 |
|    clip_fraction        | 0.223       |
|    clip_range           | 0.2         |
|    entropy_loss         | -2.16       |
|    explained_variance   | 0.808       |
|    learning_rate        | 0.0003      |
|    loss                 | 0.0518      |
|    n_updates            | 953         |
|    policy_gradient_loss | -0.0141     |
|    std                  | 0.708       |
|    value_loss           | 0.271       |
-----------------------------------------
Early stopping at step 7 due to reaching max kl: 0.05
-----------------------------------------
| rollout/                |             |
|    ep_len_mean          | 59.8        |
|    ep_rew_mean          | 62.7        |
| time/                   |             |
|    fps                  | 91          |
|    iterations           | 103         |
|    time_elapsed         | 5760        |
|    total_timesteps      | 527360      |
| train/                  |             |
|    approx_kl            | 0.029604554 |
|    clip_fraction        | 0.206       |
|    clip_range           | 0.2         |
|    entropy_loss         | -2.15       |
|    explained_variance   | 0.818       |
|    learning_rate        | 0.0003      |
|    loss                 | 0.12        |
|    n_updates            | 961         |
|    policy_gradient_loss | -0.0117     |
|    std                  | 0.711       |
|    value_loss           | 0.293       |
-----------------------------------------
-----------------------------------------
| rollout/                |             |
|    ep_len_mean          | 62.1        |
|    ep_rew_mean          | 99.4        |
| time/                   |             |
|    fps                  | 91          |
|    iterations           | 104         |
|    time_elapsed         | 5817        |
|    total_timesteps      | 532480      |
| train/                  |             |
|    approx_kl            | 0.020585876 |
|    clip_fraction        | 0.175       |
|    clip_range           | 0.2         |
|    entropy_loss         | -2.15       |
|    explained_variance   | 0.875       |
|    learning_rate        | 0.0003      |
|    loss                 | 0.0441      |
|    n_updates            | 971         |
|    policy_gradient_loss | -0.0176     |
|    std                  | 0.71        |
|    value_loss           | 0.193       |
-----------------------------------------
Early stopping at step 2 due to reaching max kl: 0.05
-----------------------------------------
| rollout/                |             |
|    ep_len_mean          | 56.3        |
|    ep_rew_mean          | 40.5        |
| time/                   |             |
|    fps                  | 91          |
|    iterations           | 105         |
|    time_elapsed         | 5870        |
|    total_timesteps      | 537600      |
| train/                  |             |
|    approx_kl            | 0.024748193 |
|    clip_fraction        | 0.195       |
|    clip_range           | 0.2         |
|    entropy_loss         | -2.15       |
|    explained_variance   | 0.629       |
|    learning_rate        | 0.0003      |
|    loss                 | 0.0628      |
|    n_updates            | 974         |
|    policy_gradient_loss | -0.00301    |
|    std                  | 0.709       |
|    value_loss           | 0.299       |
-----------------------------------------
-----------------------------------------
| rollout/                |             |
|    ep_len_mean          | 58.7        |
|    ep_rew_mean          | 72.1        |
| time/                   |             |
|    fps                  | 91          |
|    iterations           | 106         |
|    time_elapsed         | 5922        |
|    total_timesteps      | 542720      |
| train/                  |             |
|    approx_kl            | 0.025881374 |
|    clip_fraction        | 0.195       |
|    clip_range           | 0.2         |
|    entropy_loss         | -2.15       |
|    explained_variance   | 0.676       |
|    learning_rate        | 0.0003      |
|    loss                 | 0.0576      |
|    n_updates            | 984         |
|    policy_gradient_loss | -0.0187     |
|    std                  | 0.709       |
|    value_loss           | 0.404       |
-----------------------------------------
-----------------------------------------
| rollout/                |             |
|    ep_len_mean          | 59.4        |
|    ep_rew_mean          | 64.8        |
| time/                   |             |
|    fps                  | 91          |
|    iterations           | 107         |
|    time_elapsed         | 5973        |
|    total_timesteps      | 547840      |
| train/                  |             |
|    approx_kl            | 0.017145481 |
|    clip_fraction        | 0.208       |
|    clip_range           | 0.2         |
|    entropy_loss         | -2.15       |
|    explained_variance   | 0.695       |
|    learning_rate        | 0.0003      |
|    loss                 | 0.091       |
|    n_updates            | 994         |
|    policy_gradient_loss | -0.016      |
|    std                  | 0.706       |
|    value_loss           | 0.361       |
-----------------------------------------
-----------------------------------------
| rollout/                |             |
|    ep_len_mean          | 57.6        |
|    ep_rew_mean          | 54.4        |
| time/                   |             |
|    fps                  | 91          |
|    iterations           | 108         |
|    time_elapsed         | 6027        |
|    total_timesteps      | 552960      |
| train/                  |             |
|    approx_kl            | 0.021468293 |
|    clip_fraction        | 0.199       |
|    clip_range           | 0.2         |
|    entropy_loss         | -2.14       |
|    explained_variance   | 0.806       |
|    learning_rate        | 0.0003      |
|    loss                 | 0.0265      |
|    n_updates            | 1004        |
|    policy_gradient_loss | -0.0186     |
|    std                  | 0.703       |
|    value_loss           | 0.217       |
-----------------------------------------
-----------------------------------------
| rollout/                |             |
|    ep_len_mean          | 58.4        |
|    ep_rew_mean          | 72.6        |
| time/                   |             |
|    fps                  | 91          |
|    iterations           | 109         |
|    time_elapsed         | 6081        |
|    total_timesteps      | 558080      |
| train/                  |             |
|    approx_kl            | 0.017978018 |
|    clip_fraction        | 0.174       |
|    clip_range           | 0.2         |
|    entropy_loss         | -2.12       |
|    explained_variance   | 0.818       |
|    learning_rate        | 0.0003      |
|    loss                 | 0.161       |
|    n_updates            | 1014        |
|    policy_gradient_loss | -0.0139     |
|    std                  | 0.698       |
|    value_loss           | 0.357       |
-----------------------------------------
-----------------------------------------
| rollout/                |             |
|    ep_len_mean          | 59.3        |
|    ep_rew_mean          | 59.8        |
| time/                   |             |
|    fps                  | 91          |
|    iterations           | 110         |
|    time_elapsed         | 6137        |
|    total_timesteps      | 563200      |
| train/                  |             |
|    approx_kl            | 0.018497046 |
|    clip_fraction        | 0.242       |
|    clip_range           | 0.2         |
|    entropy_loss         | -2.11       |
|    explained_variance   | 0.661       |
|    learning_rate        | 0.0003      |
|    loss                 | 0.141       |
|    n_updates            | 1024        |
|    policy_gradient_loss | -0.0149     |
|    std                  | 0.696       |
|    value_loss           | 0.423       |
-----------------------------------------
-----------------------------------------
| rollout/                |             |
|    ep_len_mean          | 57.8        |
|    ep_rew_mean          | 46.9        |
| time/                   |             |
|    fps                  | 91          |
|    iterations           | 111         |
|    time_elapsed         | 6192        |
|    total_timesteps      | 568320      |
| train/                  |             |
|    approx_kl            | 0.020094603 |
|    clip_fraction        | 0.203       |
|    clip_range           | 0.2         |
|    entropy_loss         | -2.11       |
|    explained_variance   | 0.743       |
|    learning_rate        | 0.0003      |
|    loss                 | 0.0646      |
|    n_updates            | 1034        |
|    policy_gradient_loss | -0.0195     |
|    std                  | 0.697       |
|    value_loss           | 0.316       |
-----------------------------------------
Early stopping at step 5 due to reaching max kl: 0.05
----------------------------------------
| rollout/                |            |
|    ep_len_mean          | 57.1       |
|    ep_rew_mean          | 54.7       |
| time/                   |            |
|    fps                  | 91         |
|    iterations           | 112        |
|    time_elapsed         | 6243       |
|    total_timesteps      | 573440     |
| train/                  |            |
|    approx_kl            | 0.02457777 |
|    clip_fraction        | 0.196      |
|    clip_range           | 0.2        |
|    entropy_loss         | -2.11      |
|    explained_variance   | 0.832      |
|    learning_rate        | 0.0003     |
|    loss                 | 0.0994     |
|    n_updates            | 1040       |
|    policy_gradient_loss | -0.0095    |
|    std                  | 0.698      |
|    value_loss           | 0.4        |
----------------------------------------
-----------------------------------------
| rollout/                |             |
|    ep_len_mean          | 60.3        |
|    ep_rew_mean          | 73.5        |
| time/                   |             |
|    fps                  | 91          |
|    iterations           | 113         |
|    time_elapsed         | 6293        |
|    total_timesteps      | 578560      |
| train/                  |             |
|    approx_kl            | 0.019779328 |
|    clip_fraction        | 0.177       |
|    clip_range           | 0.2         |
|    entropy_loss         | -2.11       |
|    explained_variance   | 0.828       |
|    learning_rate        | 0.0003      |
|    loss                 | 0.0879      |
|    n_updates            | 1050        |
|    policy_gradient_loss | -0.0161     |
|    std                  | 0.694       |
|    value_loss           | 0.371       |
-----------------------------------------
Early stopping at step 4 due to reaching max kl: 0.06
-----------------------------------------
| rollout/                |             |
|    ep_len_mean          | 57.5        |
|    ep_rew_mean          | 63.2        |
| time/                   |             |
|    fps                  | 92          |
|    iterations           | 114         |
|    time_elapsed         | 6343        |
|    total_timesteps      | 583680      |
| train/                  |             |
|    approx_kl            | 0.030356383 |
|    clip_fraction        | 0.187       |
|    clip_range           | 0.2         |
|    entropy_loss         | -2.1        |
|    explained_variance   | 0.793       |
|    learning_rate        | 0.0003      |
|    loss                 | 0.0728      |
|    n_updates            | 1055        |
|    policy_gradient_loss | -0.00895    |
|    std                  | 0.693       |
|    value_loss           | 0.234       |
-----------------------------------------
Early stopping at step 2 due to reaching max kl: 0.07
-----------------------------------------
| rollout/                |             |
|    ep_len_mean          | 54.8        |
|    ep_rew_mean          | 30.8        |
| time/                   |             |
|    fps                  | 92          |
|    iterations           | 115         |
|    time_elapsed         | 6397        |
|    total_timesteps      | 588800      |
| train/                  |             |
|    approx_kl            | 0.038014814 |
|    clip_fraction        | 0.218       |
|    clip_range           | 0.2         |
|    entropy_loss         | -2.1        |
|    explained_variance   | 0.851       |
|    learning_rate        | 0.0003      |
|    loss                 | 0.115       |
|    n_updates            | 1058        |
|    policy_gradient_loss | 0.000201    |
|    std                  | 0.692       |
|    value_loss           | 0.337       |
-----------------------------------------
-----------------------------------------
| rollout/                |             |
|    ep_len_mean          | 56.3        |
|    ep_rew_mean          | 51.4        |
| time/                   |             |
|    fps                  | 92          |
|    iterations           | 116         |
|    time_elapsed         | 6454        |
|    total_timesteps      | 593920      |
| train/                  |             |
|    approx_kl            | 0.020063974 |
|    clip_fraction        | 0.211       |
|    clip_range           | 0.2         |
|    entropy_loss         | -2.09       |
|    explained_variance   | 0.828       |
|    learning_rate        | 0.0003      |
|    loss                 | 0.274       |
|    n_updates            | 1068        |
|    policy_gradient_loss | -0.0129     |
|    std                  | 0.685       |
|    value_loss           | 0.464       |
-----------------------------------------
Early stopping at step 4 due to reaching max kl: 0.05
----------------------------------------
| rollout/                |            |
|    ep_len_mean          | 55.3       |
|    ep_rew_mean          | 52.7       |
| time/                   |            |
|    fps                  | 92         |
|    iterations           | 117        |
|    time_elapsed         | 6505       |
|    total_timesteps      | 599040     |
| train/                  |            |
|    approx_kl            | 0.03035503 |
|    clip_fraction        | 0.196      |
|    clip_range           | 0.2        |
|    entropy_loss         | -2.08      |
|    explained_variance   | 0.832      |
|    learning_rate        | 0.0003     |
|    loss                 | 0.19       |
|    n_updates            | 1073       |
|    policy_gradient_loss | -0.00505   |
|    std                  | 0.684      |
|    value_loss           | 0.439      |
----------------------------------------
[EVAL] t=600,000 goal 0.68 collision 0.33 timeout 0.00 return -81.1 colregs -21.5 (123.3 s)
----------------------------------------------
| eval/                        |             |
|    being_overtaken/collision | 0.85        |
|    being_overtaken/colregs   | -35.8       |
|    being_overtaken/goal      | 0.15        |
|    collision_boundary        | 0.0333      |
|    collision_obstacle        | 0.0583      |
|    collision_rate            | 0.325       |
|    collision_target          | 0.233       |
|    crossing/collision        | 0.45        |
|    crossing/colregs          | -20.8       |
|    crossing/goal             | 0.55        |
|    episodes                  | 120         |
|    estops_per_episode        | 0.0417      |
|    eval_wall_s               | 123         |
|    goal_rate                 | 0.675       |
|    head_on/collision         | 0.1         |
|    head_on/colregs           | -26.4       |
|    head_on/goal              | 0.9         |
|    mean_colregs_integral     | -21.5       |
|    mean_return               | -81.1       |
|    no_target/collision       | 0.05        |
|    no_target/colregs         | 0           |
|    no_target/goal            | 0.95        |
|    null/collision            | 0.2         |
|    null/colregs              | -9.04       |
|    null/goal                 | 0.8         |
|    overtaking/collision      | 0.3         |
|    overtaking/colregs        | -37         |
|    overtaking/goal           | 0.7         |
|    timeout_rate              | 0           |
|    timesteps                 | 600000      |
| rollout/                     |             |
|    ep_len_mean               | 54.9        |
|    ep_rew_mean               | 28.4        |
| time/                        |             |
|    fps                       | 90          |
|    iterations                | 118         |
|    time_elapsed              | 6679        |
|    total_timesteps           | 604160      |
| train/                       |             |
|    approx_kl                 | 0.024776295 |
|    clip_fraction             | 0.214       |
|    clip_range                | 0.2         |
|    entropy_loss              | -2.08       |
|    explained_variance        | 0.764       |
|    learning_rate             | 0.0003      |
|    loss                      | 0.281       |
|    n_updates                 | 1083        |
|    policy_gradient_loss      | -0.0173     |
|    std                       | 0.683       |
|    value_loss                | 0.462       |
----------------------------------------------
Early stopping at step 9 due to reaching max kl: 0.05
-----------------------------------------
| rollout/                |             |
|    ep_len_mean          | 55.7        |
|    ep_rew_mean          | 49.3        |
| time/                   |             |
|    fps                  | 90          |
|    iterations           | 119         |
|    time_elapsed         | 6730        |
|    total_timesteps      | 609280      |
| train/                  |             |
|    approx_kl            | 0.039477993 |
|    clip_fraction        | 0.203       |
|    clip_range           | 0.2         |
|    entropy_loss         | -2.07       |
|    explained_variance   | 0.804       |
|    learning_rate        | 0.0003      |
|    loss                 | 0.146       |
|    n_updates            | 1093        |
|    policy_gradient_loss | -0.0188     |
|    std                  | 0.68        |
|    value_loss           | 0.38        |
-----------------------------------------
Early stopping at step 8 due to reaching max kl: 0.05
-----------------------------------------
| rollout/                |             |
|    ep_len_mean          | 56.6        |
|    ep_rew_mean          | 58.1        |
| time/                   |             |
|    fps                  | 90          |
|    iterations           | 120         |
|    time_elapsed         | 6779        |
|    total_timesteps      | 614400      |
| train/                  |             |
|    approx_kl            | 0.027951041 |
|    clip_fraction        | 0.195       |
|    clip_range           | 0.2         |
|    entropy_loss         | -2.06       |
|    explained_variance   | 0.844       |
|    learning_rate        | 0.0003      |
|    loss                 | 0.0638      |
|    n_updates            | 1102        |
|    policy_gradient_loss | -0.0142     |
|    std                  | 0.678       |
|    value_loss           | 0.36        |
-----------------------------------------
Early stopping at step 8 due to reaching max kl: 0.05
-----------------------------------------
| rollout/                |             |
|    ep_len_mean          | 57.2        |
|    ep_rew_mean          | 73.5        |
| time/                   |             |
|    fps                  | 90          |
|    iterations           | 121         |
|    time_elapsed         | 6831        |
|    total_timesteps      | 619520      |
| train/                  |             |
|    approx_kl            | 0.026182001 |
|    clip_fraction        | 0.2         |
|    clip_range           | 0.2         |
|    entropy_loss         | -2.06       |
|    explained_variance   | 0.829       |
|    learning_rate        | 0.0003      |
|    loss                 | 0.091       |
|    n_updates            | 1111        |
|    policy_gradient_loss | -0.0132     |
|    std                  | 0.674       |
|    value_loss           | 0.296       |
-----------------------------------------
-----------------------------------------
| rollout/                |             |
|    ep_len_mean          | 57.6        |
|    ep_rew_mean          | 67.6        |
| time/                   |             |
|    fps                  | 90          |
|    iterations           | 122         |
|    time_elapsed         | 6881        |
|    total_timesteps      | 624640      |
| train/                  |             |
|    approx_kl            | 0.017511351 |
|    clip_fraction        | 0.206       |
|    clip_range           | 0.2         |
|    entropy_loss         | -2.05       |
|    explained_variance   | 0.81        |
|    learning_rate        | 0.0003      |
|    loss                 | 0.0273      |
|    n_updates            | 1121        |
|    policy_gradient_loss | -0.0186     |
|    std                  | 0.673       |
|    value_loss           | 0.205       |
-----------------------------------------
-----------------------------------------
| rollout/                |             |
|    ep_len_mean          | 57          |
|    ep_rew_mean          | 69.8        |
| time/                   |             |
|    fps                  | 90          |
|    iterations           | 123         |
|    time_elapsed         | 6933        |
|    total_timesteps      | 629760      |
| train/                  |             |
|    approx_kl            | 0.023385435 |
|    clip_fraction        | 0.216       |
|    clip_range           | 0.2         |
|    entropy_loss         | -2.04       |
|    explained_variance   | 0.835       |
|    learning_rate        | 0.0003      |
|    loss                 | 0.0664      |
|    n_updates            | 1131        |
|    policy_gradient_loss | -0.016      |
|    std                  | 0.669       |
|    value_loss           | 0.24        |
-----------------------------------------
Early stopping at step 4 due to reaching max kl: 0.05
----------------------------------------
| rollout/                |            |
|    ep_len_mean          | 56         |
|    ep_rew_mean          | 63.6       |
| time/                   |            |
|    fps                  | 90         |
|    iterations           | 124        |
|    time_elapsed         | 6983       |
|    total_timesteps      | 634880     |
| train/                  |            |
|    approx_kl            | 0.04391769 |
|    clip_fraction        | 0.163      |
|    clip_range           | 0.2        |
|    entropy_loss         | -2.03      |
|    explained_variance   | 0.773      |
|    learning_rate        | 0.0003     |
|    loss                 | 0.0748     |
|    n_updates            | 1136       |
|    policy_gradient_loss | -0.00641   |
|    std                  | 0.667      |
|    value_loss           | 0.384      |
----------------------------------------
[CURRICULUM] t=640,000 -> scenario stage 4
-----------------------------------------
| rollout/                |             |
|    ep_len_mean          | 56.6        |
|    ep_rew_mean          | 50.2        |
| time/                   |             |
|    fps                  | 90          |
|    iterations           | 125         |
|    time_elapsed         | 7036        |
|    total_timesteps      | 640000      |
| train/                  |             |
|    approx_kl            | 0.025582362 |
|    clip_fraction        | 0.215       |
|    clip_range           | 0.2         |
|    entropy_loss         | -2.02       |
|    explained_variance   | 0.762       |
|    learning_rate        | 0.0003      |
|    loss                 | 0.0597      |
|    n_updates            | 1146        |
|    policy_gradient_loss | -0.0165     |
|    std                  | 0.66        |
|    value_loss           | 0.331       |
-----------------------------------------
----------------------------------------
| rollout/                |            |
|    ep_len_mean          | 45.1       |
|    ep_rew_mean          | -102       |
| time/                   |            |
|    fps                  | 91         |
|    iterations           | 126        |
|    time_elapsed         | 7089       |
|    total_timesteps      | 645120     |
| train/                  |            |
|    approx_kl            | 0.02412937 |
|    clip_fraction        | 0.203      |
|    clip_range           | 0.2        |
|    entropy_loss         | -2         |
|    explained_variance   | 0.796      |
|    learning_rate        | 0.0003     |
|    loss                 | 0.103      |
|    n_updates            | 1156       |
|    policy_gradient_loss | -0.0181    |
|    std                  | 0.653      |
|    value_loss           | 0.327      |
----------------------------------------
-----------------------------------------
| rollout/                |             |
|    ep_len_mean          | 44.4        |
|    ep_rew_mean          | -117        |
| time/                   |             |
|    fps                  | 91          |
|    iterations           | 127         |
|    time_elapsed         | 7141        |
|    total_timesteps      | 650240      |
| train/                  |             |
|    approx_kl            | 0.025963064 |
|    clip_fraction        | 0.236       |
|    clip_range           | 0.2         |
|    entropy_loss         | -1.98       |
|    explained_variance   | 0.518       |
|    learning_rate        | 0.0003      |
|    loss                 | 0.829       |
|    n_updates            | 1166        |
|    policy_gradient_loss | -0.0165     |
|    std                  | 0.652       |
|    value_loss           | 1.94        |
-----------------------------------------
-----------------------------------------
| rollout/                |             |
|    ep_len_mean          | 47.7        |
|    ep_rew_mean          | -74.4       |
| time/                   |             |
|    fps                  | 91          |
|    iterations           | 128         |
|    time_elapsed         | 7194        |
|    total_timesteps      | 655360      |
| train/                  |             |
|    approx_kl            | 0.034100875 |
|    clip_fraction        | 0.237       |
|    clip_range           | 0.2         |
|    entropy_loss         | -1.99       |
|    explained_variance   | 0.645       |
|    learning_rate        | 0.0003      |
|    loss                 | 0.554       |
|    n_updates            | 1176        |
|    policy_gradient_loss | -0.0108     |
|    std                  | 0.654       |
|    value_loss           | 2.08        |
-----------------------------------------
----------------------------------------
| rollout/                |            |
|    ep_len_mean          | 42.1       |
|    ep_rew_mean          | -170       |
| time/                   |            |
|    fps                  | 91         |
|    iterations           | 129        |
|    time_elapsed         | 7249       |
|    total_timesteps      | 660480     |
| train/                  |            |
|    approx_kl            | 0.03001858 |
|    clip_fraction        | 0.204      |
|    clip_range           | 0.2        |
|    entropy_loss         | -1.99      |
|    explained_variance   | 0.683      |
|    learning_rate        | 0.0003     |
|    loss                 | 0.41       |
|    n_updates            | 1186       |
|    policy_gradient_loss | -0.0165    |
|    std                  | 0.651      |
|    value_loss           | 1.52       |
----------------------------------------
-----------------------------------------
| rollout/                |             |
|    ep_len_mean          | 44.2        |
|    ep_rew_mean          | -172        |
| time/                   |             |
|    fps                  | 91          |
|    iterations           | 130         |
|    time_elapsed         | 7301        |
|    total_timesteps      | 665600      |
| train/                  |             |
|    approx_kl            | 0.027432036 |
|    clip_fraction        | 0.249       |
|    clip_range           | 0.2         |
|    entropy_loss         | -1.98       |
|    explained_variance   | 0.648       |
|    learning_rate        | 0.0003      |
|    loss                 | 0.528       |
|    n_updates            | 1196        |
|    policy_gradient_loss | -0.0147     |
|    std                  | 0.651       |
|    value_loss           | 2.1         |
-----------------------------------------
-----------------------------------------
| rollout/                |             |
|    ep_len_mean          | 43.9        |
|    ep_rew_mean          | -120        |
| time/                   |             |
|    fps                  | 91          |
|    iterations           | 131         |
|    time_elapsed         | 7353        |
|    total_timesteps      | 670720      |
| train/                  |             |
|    approx_kl            | 0.023721438 |
|    clip_fraction        | 0.2         |
|    clip_range           | 0.2         |
|    entropy_loss         | -1.98       |
|    explained_variance   | 0.695       |
|    learning_rate        | 0.0003      |
|    loss                 | 0.475       |
|    n_updates            | 1206        |
|    policy_gradient_loss | -0.018      |
|    std                  | 0.649       |
|    value_loss           | 1.9         |
-----------------------------------------
-----------------------------------------
| rollout/                |             |
|    ep_len_mean          | 45.7        |
|    ep_rew_mean          | -150        |
| time/                   |             |
|    fps                  | 91          |
|    iterations           | 132         |
|    time_elapsed         | 7407        |
|    total_timesteps      | 675840      |
| train/                  |             |
|    approx_kl            | 0.025545683 |
|    clip_fraction        | 0.22        |
|    clip_range           | 0.2         |
|    entropy_loss         | -1.97       |
|    explained_variance   | 0.758       |
|    learning_rate        | 0.0003      |
|    loss                 | 0.543       |
|    n_updates            | 1216        |
|    policy_gradient_loss | -0.0165     |
|    std                  | 0.647       |
|    value_loss           | 1.53        |
-----------------------------------------
-----------------------------------------
| rollout/                |             |
|    ep_len_mean          | 49.1        |
|    ep_rew_mean          | -107        |
| time/                   |             |
|    fps                  | 91          |
|    iterations           | 133         |
|    time_elapsed         | 7460        |
|    total_timesteps      | 680960      |
| train/                  |             |
|    approx_kl            | 0.033616383 |
|    clip_fraction        | 0.245       |
|    clip_range           | 0.2         |
|    entropy_loss         | -1.97       |
|    explained_variance   | 0.732       |
|    learning_rate        | 0.0003      |
|    loss                 | 0.664       |
|    n_updates            | 1226        |
|    policy_gradient_loss | -0.0132     |
|    std                  | 0.646       |
|    value_loss           | 1.72        |
-----------------------------------------
-----------------------------------------
| rollout/                |             |
|    ep_len_mean          | 48.4        |
|    ep_rew_mean          | -108        |
| time/                   |             |
|    fps                  | 91          |
|    iterations           | 134         |
|    time_elapsed         | 7510        |
|    total_timesteps      | 686080      |
| train/                  |             |
|    approx_kl            | 0.025409391 |
|    clip_fraction        | 0.228       |
|    clip_range           | 0.2         |
|    entropy_loss         | -1.96       |
|    explained_variance   | 0.789       |
|    learning_rate        | 0.0003      |
|    loss                 | 0.412       |
|    n_updates            | 1236        |
|    policy_gradient_loss | -0.0181     |
|    std                  | 0.644       |
|    value_loss           | 1.24        |
-----------------------------------------
-----------------------------------------
| rollout/                |             |
|    ep_len_mean          | 48.7        |
|    ep_rew_mean          | -104        |
| time/                   |             |
|    fps                  | 91          |
|    iterations           | 135         |
|    time_elapsed         | 7566        |
|    total_timesteps      | 691200      |
| train/                  |             |
|    approx_kl            | 0.025001412 |
|    clip_fraction        | 0.234       |
|    clip_range           | 0.2         |
|    entropy_loss         | -1.96       |
|    explained_variance   | 0.767       |
|    learning_rate        | 0.0003      |
|    loss                 | 0.388       |
|    n_updates            | 1246        |
|    policy_gradient_loss | -0.0176     |
|    std                  | 0.643       |
|    value_loss           | 1.17        |
-----------------------------------------
Early stopping at step 7 due to reaching max kl: 0.05
----------------------------------------
| rollout/                |            |
|    ep_len_mean          | 47.4       |
|    ep_rew_mean          | -119       |
| time/                   |            |
|    fps                  | 91         |
|    iterations           | 136        |
|    time_elapsed         | 7618       |
|    total_timesteps      | 696320     |
| train/                  |            |
|    approx_kl            | 0.03577595 |
|    clip_fraction        | 0.244      |
|    clip_range           | 0.2        |
|    entropy_loss         | -1.95      |
|    explained_variance   | 0.697      |
|    learning_rate        | 0.0003     |
|    loss                 | 0.505      |
|    n_updates            | 1254       |
|    policy_gradient_loss | -0.0174    |
|    std                  | 0.64       |
|    value_loss           | 1.62       |
----------------------------------------
Early stopping at step 5 due to reaching max kl: 0.05
-----------------------------------------
| rollout/                |             |
|    ep_len_mean          | 49.9        |
|    ep_rew_mean          | -69.4       |
| time/                   |             |
|    fps                  | 91          |
|    iterations           | 137         |
|    time_elapsed         | 7669        |
|    total_timesteps      | 701440      |
| train/                  |             |
|    approx_kl            | 0.030009056 |
|    clip_fraction        | 0.213       |
|    clip_range           | 0.2         |
|    entropy_loss         | -1.95       |
|    explained_variance   | 0.742       |
|    learning_rate        | 0.0003      |
|    loss                 | 0.733       |
|    n_updates            | 1260        |
|    policy_gradient_loss | -0.0117     |
|    std                  | 0.641       |
|    value_loss           | 1.7         |
-----------------------------------------
Early stopping at step 3 due to reaching max kl: 0.05
-----------------------------------------
| rollout/                |             |
|    ep_len_mean          | 45.9        |
|    ep_rew_mean          | -115        |
| time/                   |             |
|    fps                  | 91          |
|    iterations           | 138         |
|    time_elapsed         | 7721        |
|    total_timesteps      | 706560      |
| train/                  |             |
|    approx_kl            | 0.029776253 |
|    clip_fraction        | 0.2         |
|    clip_range           | 0.2         |
|    entropy_loss         | -1.95       |
|    explained_variance   | 0.757       |
|    learning_rate        | 0.0003      |
|    loss                 | 0.494       |
|    n_updates            | 1264        |
|    policy_gradient_loss | -0.00564    |
|    std                  | 0.642       |
|    value_loss           | 1.53        |
-----------------------------------------
-----------------------------------------
| rollout/                |             |
|    ep_len_mean          | 49.1        |
|    ep_rew_mean          | -105        |
| time/                   |             |
|    fps                  | 91          |
|    iterations           | 139         |
|    time_elapsed         | 7776        |
|    total_timesteps      | 711680      |
| train/                  |             |
|    approx_kl            | 0.029017359 |
|    clip_fraction        | 0.233       |
|    clip_range           | 0.2         |
|    entropy_loss         | -1.95       |
|    explained_variance   | 0.768       |
|    learning_rate        | 0.0003      |
|    loss                 | 0.388       |
|    n_updates            | 1274        |
|    policy_gradient_loss | -0.0156     |
|    std                  | 0.642       |
|    value_loss           | 1.27        |
-----------------------------------------
Early stopping at step 3 due to reaching max kl: 0.05
-----------------------------------------
| rollout/                |             |
|    ep_len_mean          | 51          |
|    ep_rew_mean          | -56.8       |
| time/                   |             |
|    fps                  | 91          |
|    iterations           | 140         |
|    time_elapsed         | 7831        |
|    total_timesteps      | 716800      |
| train/                  |             |
|    approx_kl            | 0.025552128 |
|    clip_fraction        | 0.172       |
|    clip_range           | 0.2         |
|    entropy_loss         | -1.95       |
|    explained_variance   | 0.73        |
|    learning_rate        | 0.0003      |
|    loss                 | 0.724       |
|    n_updates            | 1278        |
|    policy_gradient_loss | -0.00402    |
|    std                  | 0.641       |
|    value_loss           | 1.69        |
-----------------------------------------
Early stopping at step 5 due to reaching max kl: 0.05
-----------------------------------------
| rollout/                |             |
|    ep_len_mean          | 49.3        |
|    ep_rew_mean          | -88.8       |
| time/                   |             |
|    fps                  | 91          |
|    iterations           | 141         |
|    time_elapsed         | 7882        |
|    total_timesteps      | 721920      |
| train/                  |             |
|    approx_kl            | 0.031541508 |
|    clip_fraction        | 0.215       |
|    clip_range           | 0.2         |
|    entropy_loss         | -1.95       |
|    explained_variance   | 0.716       |
|    learning_rate        | 0.0003      |
|    loss                 | 0.37        |
|    n_updates            | 1284        |
|    policy_gradient_loss | -0.00789    |
|    std                  | 0.639       |
|    value_loss           | 1.29        |
-----------------------------------------
-----------------------------------------
| rollout/                |             |
|    ep_len_mean          | 47.2        |
|    ep_rew_mean          | -107        |
| time/                   |             |
|    fps                  | 91          |
|    iterations           | 142         |
|    time_elapsed         | 7936        |
|    total_timesteps      | 727040      |
| train/                  |             |
|    approx_kl            | 0.032366626 |
|    clip_fraction        | 0.246       |
|    clip_range           | 0.2         |
|    entropy_loss         | -1.94       |
|    explained_variance   | 0.755       |
|    learning_rate        | 0.0003      |
|    loss                 | 0.561       |
|    n_updates            | 1294        |
|    policy_gradient_loss | -0.0182     |
|    std                  | 0.635       |
|    value_loss           | 1.12        |
-----------------------------------------
-----------------------------------------
| rollout/                |             |
|    ep_len_mean          | 48.8        |
|    ep_rew_mean          | -83.3       |
| time/                   |             |
|    fps                  | 91          |
|    iterations           | 143         |
|    time_elapsed         | 7991        |
|    total_timesteps      | 732160      |
| train/                  |             |
|    approx_kl            | 0.026596535 |
|    clip_fraction        | 0.248       |
|    clip_range           | 0.2         |
|    entropy_loss         | -1.93       |
|    explained_variance   | 0.777       |
|    learning_rate        | 0.0003      |
|    loss                 | 0.316       |
|    n_updates            | 1304        |
|    policy_gradient_loss | -0.0202     |
|    std                  | 0.634       |
|    value_loss           | 1.13        |
-----------------------------------------
-----------------------------------------
| rollout/                |             |
|    ep_len_mean          | 49.4        |
|    ep_rew_mean          | -64.2       |
| time/                   |             |
|    fps                  | 91          |
|    iterations           | 144         |
|    time_elapsed         | 8047        |
|    total_timesteps      | 737280      |
| train/                  |             |
|    approx_kl            | 0.026990572 |
|    clip_fraction        | 0.234       |
|    clip_range           | 0.2         |
|    entropy_loss         | -1.92       |
|    explained_variance   | 0.694       |
|    learning_rate        | 0.0003      |
|    loss                 | 0.352       |
|    n_updates            | 1314        |
|    policy_gradient_loss | -0.0195     |
|    std                  | 0.631       |
|    value_loss           | 1.36        |
-----------------------------------------
Early stopping at step 2 due to reaching max kl: 0.05
-----------------------------------------
| rollout/                |             |
|    ep_len_mean          | 48.5        |
|    ep_rew_mean          | -82.2       |
| time/                   |             |
|    fps                  | 91          |
|    iterations           | 145         |
|    time_elapsed         | 8100        |
|    total_timesteps      | 742400      |
| train/                  |             |
|    approx_kl            | 0.030448219 |
|    clip_fraction        | 0.225       |
|    clip_range           | 0.2         |
|    entropy_loss         | -1.92       |
|    explained_variance   | 0.68        |
|    learning_rate        | 0.0003      |
|    loss                 | 1.04        |
|    n_updates            | 1317        |
|    policy_gradient_loss | 0.00278     |
|    std                  | 0.631       |
|    value_loss           | 1.8         |
-----------------------------------------
Early stopping at step 4 due to reaching max kl: 0.05
-----------------------------------------
| rollout/                |             |
|    ep_len_mean          | 49.8        |
|    ep_rew_mean          | -104        |
| time/                   |             |
|    fps                  | 91          |
|    iterations           | 146         |
|    time_elapsed         | 8153        |
|    total_timesteps      | 747520      |
| train/                  |             |
|    approx_kl            | 0.042291727 |
|    clip_fraction        | 0.197       |
|    clip_range           | 0.2         |
|    entropy_loss         | -1.91       |
|    explained_variance   | 0.67        |
|    learning_rate        | 0.0003      |
|    loss                 | 1.09        |
|    n_updates            | 1322        |
|    policy_gradient_loss | -0.00929    |
|    std                  | 0.63        |
|    value_loss           | 1.91        |
-----------------------------------------
-----------------------------------------
| rollout/                |             |
|    ep_len_mean          | 46          |
|    ep_rew_mean          | -127        |
| time/                   |             |
|    fps                  | 91          |
|    iterations           | 147         |
|    time_elapsed         | 8208        |
|    total_timesteps      | 752640      |
| train/                  |             |
|    approx_kl            | 0.029570078 |
|    clip_fraction        | 0.257       |
|    clip_range           | 0.2         |
|    entropy_loss         | -1.91       |
|    explained_variance   | 0.701       |
|    learning_rate        | 0.0003      |
|    loss                 | 0.308       |
|    n_updates            | 1332        |
|    policy_gradient_loss | -0.0167     |
|    std                  | 0.625       |
|    value_loss           | 1.21        |
-----------------------------------------
-----------------------------------------
| rollout/                |             |
|    ep_len_mean          | 48.7        |
|    ep_rew_mean          | -93         |
| time/                   |             |
|    fps                  | 91          |
|    iterations           | 148         |
|    time_elapsed         | 8260        |
|    total_timesteps      | 757760      |
| train/                  |             |
|    approx_kl            | 0.030714875 |
|    clip_fraction        | 0.23        |
|    clip_range           | 0.2         |
|    entropy_loss         | -1.9        |
|    explained_variance   | 0.719       |
|    learning_rate        | 0.0003      |
|    loss                 | 0.419       |
|    n_updates            | 1342        |
|    policy_gradient_loss | -0.0175     |
|    std                  | 0.627       |
|    value_loss           | 1.16        |
-----------------------------------------
Early stopping at step 4 due to reaching max kl: 0.05
-----------------------------------------
| rollout/                |             |
|    ep_len_mean          | 50.4        |
|    ep_rew_mean          | -113        |
| time/                   |             |
|    fps                  | 91          |
|    iterations           | 149         |
|    time_elapsed         | 8313        |
|    total_timesteps      | 762880      |
| train/                  |             |
|    approx_kl            | 0.041693512 |
|    clip_fraction        | 0.23        |
|    clip_range           | 0.2         |
|    entropy_loss         | -1.9        |
|    explained_variance   | 0.686       |
|    learning_rate        | 0.0003      |
|    loss                 | 0.73        |
|    n_updates            | 1347        |
|    policy_gradient_loss | -0.00105    |
|    std                  | 0.626       |
|    value_loss           | 1.75        |
-----------------------------------------
Early stopping at step 7 due to reaching max kl: 0.06
-----------------------------------------
| rollout/                |             |
|    ep_len_mean          | 49.2        |
|    ep_rew_mean          | -112        |
| time/                   |             |
|    fps                  | 91          |
|    iterations           | 150         |
|    time_elapsed         | 8367        |
|    total_timesteps      | 768000      |
| train/                  |             |
|    approx_kl            | 0.035126574 |
|    clip_fraction        | 0.234       |
|    clip_range           | 0.2         |
|    entropy_loss         | -1.9        |
|    explained_variance   | 0.692       |
|    learning_rate        | 0.0003      |
|    loss                 | 0.688       |
|    n_updates            | 1355        |
|    policy_gradient_loss | -0.0151     |
|    std                  | 0.625       |
|    value_loss           | 1.61        |
-----------------------------------------
Early stopping at step 8 due to reaching max kl: 0.05
----------------------------------------
| rollout/                |            |
|    ep_len_mean          | 48.6       |
|    ep_rew_mean          | -125       |
| time/                   |            |
|    fps                  | 91         |
|    iterations           | 151        |
|    time_elapsed         | 8422       |
|    total_timesteps      | 773120     |
| train/                  |            |
|    approx_kl            | 0.04537789 |
|    clip_fraction        | 0.223      |
|    clip_range           | 0.2        |
|    entropy_loss         | -1.9       |
|    explained_variance   | 0.749      |
|    learning_rate        | 0.0003     |
|    loss                 | 0.38       |
|    n_updates            | 1364       |
|    policy_gradient_loss | -0.0151    |
|    std                  | 0.624      |
|    value_loss           | 1.39       |
----------------------------------------
-----------------------------------------
| rollout/                |             |
|    ep_len_mean          | 47.8        |
|    ep_rew_mean          | -135        |
| time/                   |             |
|    fps                  | 91          |
|    iterations           | 152         |
|    time_elapsed         | 8475        |
|    total_timesteps      | 778240      |
| train/                  |             |
|    approx_kl            | 0.030668452 |
|    clip_fraction        | 0.242       |
|    clip_range           | 0.2         |
|    entropy_loss         | -1.89       |
|    explained_variance   | 0.743       |
|    learning_rate        | 0.0003      |
|    loss                 | 0.517       |
|    n_updates            | 1374        |
|    policy_gradient_loss | -0.0168     |
|    std                  | 0.624       |
|    value_loss           | 1.36        |
-----------------------------------------
-----------------------------------------
| rollout/                |             |
|    ep_len_mean          | 49.7        |
|    ep_rew_mean          | -97.3       |
| time/                   |             |
|    fps                  | 91          |
|    iterations           | 153         |
|    time_elapsed         | 8528        |
|    total_timesteps      | 783360      |
| train/                  |             |
|    approx_kl            | 0.028717835 |
|    clip_fraction        | 0.23        |
|    clip_range           | 0.2         |
|    entropy_loss         | -1.9        |
|    explained_variance   | 0.719       |
|    learning_rate        | 0.0003      |
|    loss                 | 0.374       |
|    n_updates            | 1384        |
|    policy_gradient_loss | -0.0227     |
|    std                  | 0.625       |
|    value_loss           | 1.46        |
-----------------------------------------
-----------------------------------------
| rollout/                |             |
|    ep_len_mean          | 49.8        |
|    ep_rew_mean          | -121        |
| time/                   |             |
|    fps                  | 91          |
|    iterations           | 154         |
|    time_elapsed         | 8581        |
|    total_timesteps      | 788480      |
| train/                  |             |
|    approx_kl            | 0.028935675 |
|    clip_fraction        | 0.227       |
|    clip_range           | 0.2         |
|    entropy_loss         | -1.89       |
|    explained_variance   | 0.729       |
|    learning_rate        | 0.0003      |
|    loss                 | 0.258       |
|    n_updates            | 1394        |
|    policy_gradient_loss | -0.0206     |
|    std                  | 0.622       |
|    value_loss           | 1.09        |
-----------------------------------------
Early stopping at step 8 due to reaching max kl: 0.05
-----------------------------------------
| rollout/                |             |
|    ep_len_mean          | 51.4        |
|    ep_rew_mean          | -63.9       |
| time/                   |             |
|    fps                  | 91          |
|    iterations           | 155         |
|    time_elapsed         | 8634        |
|    total_timesteps      | 793600      |
| train/                  |             |
|    approx_kl            | 0.043703943 |
|    clip_fraction        | 0.26        |
|    clip_range           | 0.2         |
|    entropy_loss         | -1.88       |
|    explained_variance   | 0.731       |
|    learning_rate        | 0.0003      |
|    loss                 | 0.353       |
|    n_updates            | 1403        |
|    policy_gradient_loss | -0.0169     |
|    std                  | 0.616       |
|    value_loss           | 1.35        |
-----------------------------------------
-----------------------------------------
| rollout/                |             |
|    ep_len_mean          | 52          |
|    ep_rew_mean          | -105        |
| time/                   |             |
|    fps                  | 91          |
|    iterations           | 156         |
|    time_elapsed         | 8690        |
|    total_timesteps      | 798720      |
| train/                  |             |
|    approx_kl            | 0.026893165 |
|    clip_fraction        | 0.231       |
|    clip_range           | 0.2         |
|    entropy_loss         | -1.86       |
|    explained_variance   | 0.749       |
|    learning_rate        | 0.0003      |
|    loss                 | 0.268       |
|    n_updates            | 1413        |
|    policy_gradient_loss | -0.0214     |
|    std                  | 0.612       |
|    value_loss           | 0.825       |
-----------------------------------------
Early stopping at step 5 due to reaching max kl: 0.05
[EVAL] t=800,000 goal 0.64 collision 0.36 timeout 0.00 return -86.6 colregs -21.2 (135.8 s)
---------------------------------------------
| eval/                        |            |
|    being_overtaken/collision | 0.8        |
|    being_overtaken/colregs   | -35.1      |
|    being_overtaken/goal      | 0.2        |
|    collision_boundary        | 0.0167     |
|    collision_obstacle        | 0.075      |
|    collision_rate            | 0.358      |
|    collision_target          | 0.267      |
|    crossing/collision        | 0.5        |
|    crossing/colregs          | -23.6      |
|    crossing/goal             | 0.5        |
|    episodes                  | 120        |
|    estops_per_episode        | 0.025      |
|    eval_wall_s               | 136        |
|    goal_rate                 | 0.642      |
|    head_on/collision         | 0.25       |
|    head_on/colregs           | -25.6      |
|    head_on/goal              | 0.75       |
|    mean_colregs_integral     | -21.2      |
|    mean_return               | -86.6      |
|    no_target/collision       | 0.05       |
|    no_target/colregs         | 0          |
|    no_target/goal            | 0.95       |
|    null/collision            | 0.2        |
|    null/colregs              | -2.96      |
|    null/goal                 | 0.8        |
|    overtaking/collision      | 0.35       |
|    overtaking/colregs        | -39.7      |
|    overtaking/goal           | 0.65       |
|    timeout_rate              | 0          |
|    timesteps                 | 800000     |
| rollout/                     |            |
|    ep_len_mean               | 49.9       |
|    ep_rew_mean               | -112       |
| time/                        |            |
|    fps                       | 90         |
|    iterations                | 157        |
|    time_elapsed              | 8877       |
|    total_timesteps           | 803840     |
| train/                       |            |
|    approx_kl                 | 0.03482575 |
|    clip_fraction             | 0.229      |
|    clip_range                | 0.2        |
|    entropy_loss              | -1.85      |
|    explained_variance        | 0.714      |
|    learning_rate             | 0.0003     |
|    loss                      | 0.504      |
|    n_updates                 | 1419       |
|    policy_gradient_loss      | -0.00938   |
|    std                       | 0.611      |
|    value_loss                | 1.36       |
---------------------------------------------
----------------------------------------
| rollout/                |            |
|    ep_len_mean          | 51.4       |
|    ep_rew_mean          | -86.7      |
| time/                   |            |
|    fps                  | 90         |
|    iterations           | 158        |
|    time_elapsed         | 8929       |
|    total_timesteps      | 808960     |
| train/                  |            |
|    approx_kl            | 0.03643512 |
|    clip_fraction        | 0.27       |
|    clip_range           | 0.2        |
|    entropy_loss         | -1.85      |
|    explained_variance   | 0.683      |
|    learning_rate        | 0.0003     |
|    loss                 | 0.281      |
|    n_updates            | 1429       |
|    policy_gradient_loss | -0.0198    |
|    std                  | 0.61       |
|    value_loss           | 1.33       |
----------------------------------------
-----------------------------------------
| rollout/                |             |
|    ep_len_mean          | 48.1        |
|    ep_rew_mean          | -83         |
| time/                   |             |
|    fps                  | 90          |
|    iterations           | 159         |
|    time_elapsed         | 8982        |
|    total_timesteps      | 814080      |
| train/                  |             |
|    approx_kl            | 0.031967483 |
|    clip_fraction        | 0.254       |
|    clip_range           | 0.2         |
|    entropy_loss         | -1.85       |
|    explained_variance   | 0.68        |
|    learning_rate        | 0.0003      |
|    loss                 | 0.319       |
|    n_updates            | 1439        |
|    policy_gradient_loss | -0.0185     |
|    std                  | 0.612       |
|    value_loss           | 1.12        |
-----------------------------------------
-----------------------------------------
| rollout/                |             |
|    ep_len_mean          | 52.9        |
|    ep_rew_mean          | -48.5       |
| time/                   |             |
|    fps                  | 90          |
|    iterations           | 160         |
|    time_elapsed         | 9036        |
|    total_timesteps      | 819200      |
| train/                  |             |
|    approx_kl            | 0.025043422 |
|    clip_fraction        | 0.215       |
|    clip_range           | 0.2         |
|    entropy_loss         | -1.86       |
|    explained_variance   | 0.771       |
|    learning_rate        | 0.0003      |
|    loss                 | 0.198       |
|    n_updates            | 1449        |
|    policy_gradient_loss | -0.0203     |
|    std                  | 0.612       |
|    value_loss           | 0.938       |
-----------------------------------------
-----------------------------------------
| rollout/                |             |
|    ep_len_mean          | 50.6        |
|    ep_rew_mean          | -84.4       |
| time/                   |             |
|    fps                  | 90          |
|    iterations           | 161         |
|    time_elapsed         | 9089        |
|    total_timesteps      | 824320      |
| train/                  |             |
|    approx_kl            | 0.029242847 |
|    clip_fraction        | 0.227       |
|    clip_range           | 0.2         |
|    entropy_loss         | -1.85       |
|    explained_variance   | 0.754       |
|    learning_rate        | 0.0003      |
|    loss                 | 0.15        |
|    n_updates            | 1459        |
|    policy_gradient_loss | -0.0208     |
|    std                  | 0.606       |
|    value_loss           | 0.677       |
-----------------------------------------
Early stopping at step 8 due to reaching max kl: 0.05
-----------------------------------------
| rollout/                |             |
|    ep_len_mean          | 51          |
|    ep_rew_mean          | -92.6       |
| time/                   |             |
|    fps                  | 90          |
|    iterations           | 162         |
|    time_elapsed         | 9143        |
|    total_timesteps      | 829440      |
| train/                  |             |
|    approx_kl            | 0.033613548 |
|    clip_fraction        | 0.234       |
|    clip_range           | 0.2         |
|    entropy_loss         | -1.83       |
|    explained_variance   | 0.661       |
|    learning_rate        | 0.0003      |
|    loss                 | 0.458       |
|    n_updates            | 1468        |
|    policy_gradient_loss | -0.0195     |
|    std                  | 0.602       |
|    value_loss           | 1.2         |
-----------------------------------------
Early stopping at step 7 due to reaching max kl: 0.05
----------------------------------------
| rollout/                |            |
|    ep_len_mean          | 49         |
|    ep_rew_mean          | -101       |
| time/                   |            |
|    fps                  | 90         |
|    iterations           | 163        |
|    time_elapsed         | 9194       |
|    total_timesteps      | 834560     |
| train/                  |            |
|    approx_kl            | 0.03455942 |
|    clip_fraction        | 0.236      |
|    clip_range           | 0.2        |
|    entropy_loss         | -1.81      |
|    explained_variance   | 0.656      |
|    learning_rate        | 0.0003     |
|    loss                 | 0.558      |
|    n_updates            | 1476       |
|    policy_gradient_loss | -0.0162    |
|    std                  | 0.597      |
|    value_loss           | 1.46       |
----------------------------------------
-----------------------------------------
| rollout/                |             |
|    ep_len_mean          | 51          |
|    ep_rew_mean          | -74.3       |
| time/                   |             |
|    fps                  | 90          |
|    iterations           | 164         |
|    time_elapsed         | 9249        |
|    total_timesteps      | 839680      |
| train/                  |             |
|    approx_kl            | 0.028419431 |
|    clip_fraction        | 0.24        |
|    clip_range           | 0.2         |
|    entropy_loss         | -1.8        |
|    explained_variance   | 0.711       |
|    learning_rate        | 0.0003      |
|    loss                 | 0.385       |
|    n_updates            | 1486        |
|    policy_gradient_loss | -0.0205     |
|    std                  | 0.596       |
|    value_loss           | 1.12        |
-----------------------------------------
Early stopping at step 7 due to reaching max kl: 0.05
-----------------------------------------
| rollout/                |             |
|    ep_len_mean          | 52.7        |
|    ep_rew_mean          | -72.4       |
| time/                   |             |
|    fps                  | 90          |
|    iterations           | 165         |
|    time_elapsed         | 9304        |
|    total_timesteps      | 844800      |
| train/                  |             |
|    approx_kl            | 0.036559165 |
|    clip_fraction        | 0.24        |
|    clip_range           | 0.2         |
|    entropy_loss         | -1.8        |
|    explained_variance   | 0.718       |
|    learning_rate        | 0.0003      |
|    loss                 | 0.284       |
|    n_updates            | 1494        |
|    policy_gradient_loss | -0.0151     |
|    std                  | 0.593       |
|    value_loss           | 1.03        |
-----------------------------------------
Early stopping at step 2 due to reaching max kl: 0.05
-----------------------------------------
| rollout/                |             |
|    ep_len_mean          | 52.2        |
|    ep_rew_mean          | -90.4       |
| time/                   |             |
|    fps                  | 90          |
|    iterations           | 166         |
|    time_elapsed         | 9354        |
|    total_timesteps      | 849920      |
| train/                  |             |
|    approx_kl            | 0.027931612 |
|    clip_fraction        | 0.201       |
|    clip_range           | 0.2         |
|    entropy_loss         | -1.79       |
|    explained_variance   | 0.687       |
|    learning_rate        | 0.0003      |
|    loss                 | 0.728       |
|    n_updates            | 1497        |
|    policy_gradient_loss | 0.00518     |
|    std                  | 0.593       |
|    value_loss           | 1.61        |
-----------------------------------------
Early stopping at step 9 due to reaching max kl: 0.05
-----------------------------------------
| rollout/                |             |
|    ep_len_mean          | 50.7        |
|    ep_rew_mean          | -79.4       |
| time/                   |             |
|    fps                  | 90          |
|    iterations           | 167         |
|    time_elapsed         | 9410        |
|    total_timesteps      | 855040      |
| train/                  |             |
|    approx_kl            | 0.045757663 |
|    clip_fraction        | 0.252       |
|    clip_range           | 0.2         |
|    entropy_loss         | -1.79       |
|    explained_variance   | 0.686       |
|    learning_rate        | 0.0003      |
|    loss                 | 0.256       |
|    n_updates            | 1507        |
|    policy_gradient_loss | -0.0187     |
|    std                  | 0.59        |
|    value_loss           | 1.15        |
-----------------------------------------
Early stopping at step 1 due to reaching max kl: 0.05
----------------------------------------
| rollout/                |            |
|    ep_len_mean          | 54.6       |
|    ep_rew_mean          | -60.2      |
| time/                   |            |
|    fps                  | 90         |
|    iterations           | 168        |
|    time_elapsed         | 9459       |
|    total_timesteps      | 860160     |
| train/                  |            |
|    approx_kl            | 0.03179222 |
|    clip_fraction        | 0.233      |
|    clip_range           | 0.2        |
|    entropy_loss         | -1.78      |
|    explained_variance   | 0.686      |
|    learning_rate        | 0.0003     |
|    loss                 | 0.951      |
|    n_updates            | 1509       |
|    policy_gradient_loss | 0.00532    |
|    std                  | 0.59       |
|    value_loss           | 1.82       |
----------------------------------------
Early stopping at step 8 due to reaching max kl: 0.05
----------------------------------------
| rollout/                |            |
|    ep_len_mean          | 52         |
|    ep_rew_mean          | -92.1      |
| time/                   |            |
|    fps                  | 90         |
|    iterations           | 169        |
|    time_elapsed         | 9516       |
|    total_timesteps      | 865280     |
| train/                  |            |
|    approx_kl            | 0.03580924 |
|    clip_fraction        | 0.253      |
|    clip_range           | 0.2        |
|    entropy_loss         | -1.78      |
|    explained_variance   | 0.606      |
|    learning_rate        | 0.0003     |
|    loss                 | 0.259      |
|    n_updates            | 1518       |
|    policy_gradient_loss | -0.0188    |
|    std                  | 0.59       |
|    value_loss           | 1.11       |
----------------------------------------
Early stopping at step 4 due to reaching max kl: 0.05
-----------------------------------------
| rollout/                |             |
|    ep_len_mean          | 53          |
|    ep_rew_mean          | -72.2       |
| time/                   |             |
|    fps                  | 90          |
|    iterations           | 170         |
|    time_elapsed         | 9574        |
|    total_timesteps      | 870400      |
| train/                  |             |
|    approx_kl            | 0.034595057 |
|    clip_fraction        | 0.233       |
|    clip_range           | 0.2         |
|    entropy_loss         | -1.78       |
|    explained_variance   | 0.655       |
|    learning_rate        | 0.0003      |
|    loss                 | 0.553       |
|    n_updates            | 1523        |
|    policy_gradient_loss | -0.00597    |
|    std                  | 0.588       |
|    value_loss           | 1.59        |
-----------------------------------------
Early stopping at step 2 due to reaching max kl: 0.05
-----------------------------------------
| rollout/                |             |
|    ep_len_mean          | 52.2        |
|    ep_rew_mean          | -98.8       |
| time/                   |             |
|    fps                  | 90          |
|    iterations           | 171         |
|    time_elapsed         | 9629        |
|    total_timesteps      | 875520      |
| train/                  |             |
|    approx_kl            | 0.030707253 |
|    clip_fraction        | 0.199       |
|    clip_range           | 0.2         |
|    entropy_loss         | -1.77       |
|    explained_variance   | 0.619       |
|    learning_rate        | 0.0003      |
|    loss                 | 0.636       |
|    n_updates            | 1526        |
|    policy_gradient_loss | 0.000996    |
|    std                  | 0.588       |
|    value_loss           | 1.68        |
-----------------------------------------
Early stopping at step 5 due to reaching max kl: 0.06
-----------------------------------------
| rollout/                |             |
|    ep_len_mean          | 50.2        |
|    ep_rew_mean          | -85.6       |
| time/                   |             |
|    fps                  | 90          |
|    iterations           | 172         |
|    time_elapsed         | 9681        |
|    total_timesteps      | 880640      |
| train/                  |             |
|    approx_kl            | 0.037879728 |
|    clip_fraction        | 0.235       |
|    clip_range           | 0.2         |
|    entropy_loss         | -1.78       |
|    explained_variance   | 0.711       |
|    learning_rate        | 0.0003      |
|    loss                 | 0.407       |
|    n_updates            | 1532        |
|    policy_gradient_loss | -0.0119     |
|    std                  | 0.589       |
|    value_loss           | 1.31        |
-----------------------------------------
Early stopping at step 7 due to reaching max kl: 0.05
-----------------------------------------
| rollout/                |             |
|    ep_len_mean          | 50.5        |
|    ep_rew_mean          | -83.4       |
| time/                   |             |
|    fps                  | 90          |
|    iterations           | 173         |
|    time_elapsed         | 9735        |
|    total_timesteps      | 885760      |
| train/                  |             |
|    approx_kl            | 0.031207044 |
|    clip_fraction        | 0.274       |
|    clip_range           | 0.2         |
|    entropy_loss         | -1.78       |
|    explained_variance   | 0.764       |
|    learning_rate        | 0.0003      |
|    loss                 | 0.494       |
|    n_updates            | 1540        |
|    policy_gradient_loss | -0.0142     |
|    std                  | 0.591       |
|    value_loss           | 1.05        |
-----------------------------------------
Early stopping at step 2 due to reaching max kl: 0.05
-----------------------------------------
| rollout/                |             |
|    ep_len_mean          | 54.1        |
|    ep_rew_mean          | -65.2       |
| time/                   |             |
|    fps                  | 91          |
|    iterations           | 174         |
|    time_elapsed         | 9789        |
|    total_timesteps      | 890880      |
| train/                  |             |
|    approx_kl            | 0.030852804 |
|    clip_fraction        | 0.195       |
|    clip_range           | 0.2         |
|    entropy_loss         | -1.78       |
|    explained_variance   | 0.756       |
|    learning_rate        | 0.0003      |
|    loss                 | 0.511       |
|    n_updates            | 1543        |
|    policy_gradient_loss | -0.0034     |
|    std                  | 0.591       |
|    value_loss           | 1.39        |
-----------------------------------------
Early stopping at step 3 due to reaching max kl: 0.05
-----------------------------------------
| rollout/                |             |
|    ep_len_mean          | 51.8        |
|    ep_rew_mean          | -110        |
| time/                   |             |
|    fps                  | 91          |
|    iterations           | 175         |
|    time_elapsed         | 9842        |
|    total_timesteps      | 896000      |
| train/                  |             |
|    approx_kl            | 0.028412694 |
|    clip_fraction        | 0.227       |
|    clip_range           | 0.2         |
|    entropy_loss         | -1.78       |
|    explained_variance   | 0.673       |
|    learning_rate        | 0.0003      |
|    loss                 | 0.478       |
|    n_updates            | 1547        |
|    policy_gradient_loss | -0.00452    |
|    std                  | 0.59        |
|    value_loss           | 1.54        |
-----------------------------------------
----------------------------------------
| rollout/                |            |
|    ep_len_mean          | 55.9       |
|    ep_rew_mean          | -63        |
| time/                   |            |
|    fps                  | 91         |
|    iterations           | 176        |
|    time_elapsed         | 9891       |
|    total_timesteps      | 901120     |
| train/                  |            |
|    approx_kl            | 0.03103346 |
|    clip_fraction        | 0.246      |
|    clip_range           | 0.2        |
|    entropy_loss         | -1.78      |
|    explained_variance   | 0.751      |
|    learning_rate        | 0.0003     |
|    loss                 | 0.253      |
|    n_updates            | 1557       |
|    policy_gradient_loss | -0.0202    |
|    std                  | 0.589      |
|    value_loss           | 0.949      |
----------------------------------------
Early stopping at step 9 due to reaching max kl: 0.05
-----------------------------------------
| rollout/                |             |
|    ep_len_mean          | 50.1        |
|    ep_rew_mean          | -141        |
| time/                   |             |
|    fps                  | 91          |
|    iterations           | 177         |
|    time_elapsed         | 9944        |
|    total_timesteps      | 906240      |
| train/                  |             |
|    approx_kl            | 0.041710168 |
|    clip_fraction        | 0.254       |
|    clip_range           | 0.2         |
|    entropy_loss         | -1.78       |
|    explained_variance   | 0.756       |
|    learning_rate        | 0.0003      |
|    loss                 | 0.226       |
|    n_updates            | 1567        |
|    policy_gradient_loss | -0.0235     |
|    std                  | 0.589       |
|    value_loss           | 0.69        |
-----------------------------------------
Early stopping at step 9 due to reaching max kl: 0.05
-----------------------------------------
| rollout/                |             |
|    ep_len_mean          | 51.6        |
|    ep_rew_mean          | -94.2       |
| time/                   |             |
|    fps                  | 91          |
|    iterations           | 178         |
|    time_elapsed         | 10001       |
|    total_timesteps      | 911360      |
| train/                  |             |
|    approx_kl            | 0.036801584 |
|    clip_fraction        | 0.246       |
|    clip_range           | 0.2         |
|    entropy_loss         | -1.78       |
|    explained_variance   | 0.671       |
|    learning_rate        | 0.0003      |
|    loss                 | 0.467       |
|    n_updates            | 1577        |
|    policy_gradient_loss | -0.0174     |
|    std                  | 0.588       |
|    value_loss           | 1.38        |
-----------------------------------------
Early stopping at step 8 due to reaching max kl: 0.05
----------------------------------------
| rollout/                |            |
|    ep_len_mean          | 52.1       |
|    ep_rew_mean          | -89        |
| time/                   |            |
|    fps                  | 91         |
|    iterations           | 179        |
|    time_elapsed         | 10054      |
|    total_timesteps      | 916480     |
| train/                  |            |
|    approx_kl            | 0.03429542 |
|    clip_fraction        | 0.232      |
|    clip_range           | 0.2        |
|    entropy_loss         | -1.77      |
|    explained_variance   | 0.731      |
|    learning_rate        | 0.0003     |
|    loss                 | 0.295      |
|    n_updates            | 1586       |
|    policy_gradient_loss | -0.0184    |
|    std                  | 0.584      |
|    value_loss           | 0.99       |
----------------------------------------
Early stopping at step 9 due to reaching max kl: 0.05
-----------------------------------------
| rollout/                |             |
|    ep_len_mean          | 50.2        |
|    ep_rew_mean          | -125        |
| time/                   |             |
|    fps                  | 91          |
|    iterations           | 180         |
|    time_elapsed         | 10112       |
|    total_timesteps      | 921600      |
| train/                  |             |
|    approx_kl            | 0.035749845 |
|    clip_fraction        | 0.254       |
|    clip_range           | 0.2         |
|    entropy_loss         | -1.75       |
|    explained_variance   | 0.73        |
|    learning_rate        | 0.0003      |
|    loss                 | 0.202       |
|    n_updates            | 1596        |
|    policy_gradient_loss | -0.0217     |
|    std                  | 0.58        |
|    value_loss           | 0.928       |
-----------------------------------------
Early stopping at step 3 due to reaching max kl: 0.05
-----------------------------------------
| rollout/                |             |
|    ep_len_mean          | 48.8        |
|    ep_rew_mean          | -149        |
| time/                   |             |
|    fps                  | 91          |
|    iterations           | 181         |
|    time_elapsed         | 10166       |
|    total_timesteps      | 926720      |
| train/                  |             |
|    approx_kl            | 0.025421336 |
|    clip_fraction        | 0.193       |
|    clip_range           | 0.2         |
|    entropy_loss         | -1.75       |
|    explained_variance   | 0.718       |
|    learning_rate        | 0.0003      |
|    loss                 | 0.469       |
|    n_updates            | 1600        |
|    policy_gradient_loss | -0.00675    |
|    std                  | 0.58        |
|    value_loss           | 1.57        |
-----------------------------------------
-----------------------------------------
| rollout/                |             |
|    ep_len_mean          | 50.8        |
|    ep_rew_mean          | -128        |
| time/                   |             |
|    fps                  | 91          |
|    iterations           | 182         |
|    time_elapsed         | 10225       |
|    total_timesteps      | 931840      |
| train/                  |             |
|    approx_kl            | 0.028643703 |
|    clip_fraction        | 0.247       |
|    clip_range           | 0.2         |
|    entropy_loss         | -1.74       |
|    explained_variance   | 0.766       |
|    learning_rate        | 0.0003      |
|    loss                 | 0.273       |
|    n_updates            | 1610        |
|    policy_gradient_loss | -0.0215     |
|    std                  | 0.577       |
|    value_loss           | 1.07        |
-----------------------------------------
Early stopping at step 2 due to reaching max kl: 0.05
-----------------------------------------
| rollout/                |             |
|    ep_len_mean          | 52.8        |
|    ep_rew_mean          | -106        |
| time/                   |             |
|    fps                  | 91          |
|    iterations           | 183         |
|    time_elapsed         | 10274       |
|    total_timesteps      | 936960      |
| train/                  |             |
|    approx_kl            | 0.028745068 |
|    clip_fraction        | 0.223       |
|    clip_range           | 0.2         |
|    entropy_loss         | -1.74       |
|    explained_variance   | 0.747       |
|    learning_rate        | 0.0003      |
|    loss                 | 0.596       |
|    n_updates            | 1613        |
|    policy_gradient_loss | -0.00163    |
|    std                  | 0.578       |
|    value_loss           | 1.61        |
-----------------------------------------
Early stopping at step 2 due to reaching max kl: 0.05
-----------------------------------------
| rollout/                |             |
|    ep_len_mean          | 50.7        |
|    ep_rew_mean          | -107        |
| time/                   |             |
|    fps                  | 91          |
|    iterations           | 184         |
|    time_elapsed         | 10330       |
|    total_timesteps      | 942080      |
| train/                  |             |
|    approx_kl            | 0.031477008 |
|    clip_fraction        | 0.179       |
|    clip_range           | 0.2         |
|    entropy_loss         | -1.74       |
|    explained_variance   | 0.728       |
|    learning_rate        | 0.0003      |
|    loss                 | 0.666       |
|    n_updates            | 1616        |
|    policy_gradient_loss | 0.000603    |
|    std                  | 0.576       |
|    value_loss           | 1.52        |
-----------------------------------------
-----------------------------------------
| rollout/                |             |
|    ep_len_mean          | 49.6        |
|    ep_rew_mean          | -111        |
| time/                   |             |
|    fps                  | 91          |
|    iterations           | 185         |
|    time_elapsed         | 10391       |
|    total_timesteps      | 947200      |
| train/                  |             |
|    approx_kl            | 0.030775126 |
|    clip_fraction        | 0.246       |
|    clip_range           | 0.2         |
|    entropy_loss         | -1.73       |
|    explained_variance   | 0.737       |
|    learning_rate        | 0.0003      |
|    loss                 | 0.374       |
|    n_updates            | 1626        |
|    policy_gradient_loss | -0.022      |
|    std                  | 0.576       |
|    value_loss           | 1.02        |
-----------------------------------------
Early stopping at step 9 due to reaching max kl: 0.05
-----------------------------------------
| rollout/                |             |
|    ep_len_mean          | 54.2        |
|    ep_rew_mean          | -83.6       |
| time/                   |             |
|    fps                  | 91          |
|    iterations           | 186         |
|    time_elapsed         | 10449       |
|    total_timesteps      | 952320      |
| train/                  |             |
|    approx_kl            | 0.038531024 |
|    clip_fraction        | 0.251       |
|    clip_range           | 0.2         |
|    entropy_loss         | -1.73       |
|    explained_variance   | 0.765       |
|    learning_rate        | 0.0003      |
|    loss                 | 0.16        |
|    n_updates            | 1636        |
|    policy_gradient_loss | -0.0212     |
|    std                  | 0.574       |
|    value_loss           | 0.887       |
-----------------------------------------
Early stopping at step 4 due to reaching max kl: 0.05
----------------------------------------
| rollout/                |            |
|    ep_len_mean          | 53         |
|    ep_rew_mean          | -68.4      |
| time/                   |            |
|    fps                  | 91         |
|    iterations           | 187        |
|    time_elapsed         | 10507      |
|    total_timesteps      | 957440     |
| train/                  |            |
|    approx_kl            | 0.03722842 |
|    clip_fraction        | 0.216      |
|    clip_range           | 0.2        |
|    entropy_loss         | -1.73      |
|    explained_variance   | 0.67       |
|    learning_rate        | 0.0003     |
|    loss                 | 0.479      |
|    n_updates            | 1641       |
|    policy_gradient_loss | -0.00572   |
|    std                  | 0.574      |
|    value_loss           | 1.28       |
----------------------------------------
Early stopping at step 0 due to reaching max kl: 0.05
-----------------------------------------
| rollout/                |             |
|    ep_len_mean          | 50.5        |
|    ep_rew_mean          | -108        |
| time/                   |             |
|    fps                  | 91          |
|    iterations           | 188         |
|    time_elapsed         | 10569       |
|    total_timesteps      | 962560      |
| train/                  |             |
|    approx_kl            | 0.022641182 |
|    clip_fraction        | 0.258       |
|    clip_range           | 0.2         |
|    entropy_loss         | -1.73       |
|    explained_variance   | 0.723       |
|    learning_rate        | 0.0003      |
|    loss                 | 0.719       |
|    n_updates            | 1642        |
|    policy_gradient_loss | -0.00107    |
|    std                  | 0.574       |
|    value_loss           | 1.67        |
-----------------------------------------
Early stopping at step 3 due to reaching max kl: 0.05
-----------------------------------------
| rollout/                |             |
|    ep_len_mean          | 51.5        |
|    ep_rew_mean          | -68.6       |
| time/                   |             |
|    fps                  | 91          |
|    iterations           | 189         |
|    time_elapsed         | 10629       |
|    total_timesteps      | 967680      |
| train/                  |             |
|    approx_kl            | 0.024436077 |
|    clip_fraction        | 0.188       |
|    clip_range           | 0.2         |
|    entropy_loss         | -1.72       |
|    explained_variance   | 0.72        |
|    learning_rate        | 0.0003      |
|    loss                 | 0.395       |
|    n_updates            | 1646        |
|    policy_gradient_loss | -0.00563    |
|    std                  | 0.573       |
|    value_loss           | 1.33        |
-----------------------------------------
-----------------------------------------
| rollout/                |             |
|    ep_len_mean          | 51          |
|    ep_rew_mean          | -64.8       |
| time/                   |             |
|    fps                  | 91          |
|    iterations           | 190         |
|    time_elapsed         | 10684       |
|    total_timesteps      | 972800      |
| train/                  |             |
|    approx_kl            | 0.032343015 |
|    clip_fraction        | 0.257       |
|    clip_range           | 0.2         |
|    entropy_loss         | -1.71       |
|    explained_variance   | 0.722       |
|    learning_rate        | 0.0003      |
|    loss                 | 0.206       |
|    n_updates            | 1656        |
|    policy_gradient_loss | -0.0211     |
|    std                  | 0.566       |
|    value_loss           | 0.832       |
-----------------------------------------
Early stopping at step 4 due to reaching max kl: 0.05
----------------------------------------
| rollout/                |            |
|    ep_len_mean          | 51.2       |
|    ep_rew_mean          | -68.1      |
| time/                   |            |
|    fps                  | 91         |
|    iterations           | 191        |
|    time_elapsed         | 10736      |
|    total_timesteps      | 977920     |
| train/                  |            |
|    approx_kl            | 0.03331559 |
|    clip_fraction        | 0.236      |
|    clip_range           | 0.2        |
|    entropy_loss         | -1.7       |
|    explained_variance   | 0.682      |
|    learning_rate        | 0.0003     |
|    loss                 | 0.446      |
|    n_updates            | 1661       |
|    policy_gradient_loss | -0.0108    |
|    std                  | 0.566      |
|    value_loss           | 1.28       |
----------------------------------------
Early stopping at step 8 due to reaching max kl: 0.05
-----------------------------------------
| rollout/                |             |
|    ep_len_mean          | 52          |
|    ep_rew_mean          | -67.7       |
| time/                   |             |
|    fps                  | 91          |
|    iterations           | 192         |
|    time_elapsed         | 10791       |
|    total_timesteps      | 983040      |
| train/                  |             |
|    approx_kl            | 0.033478446 |
|    clip_fraction        | 0.245       |
|    clip_range           | 0.2         |
|    entropy_loss         | -1.69       |
|    explained_variance   | 0.739       |
|    learning_rate        | 0.0003      |
|    loss                 | 0.287       |
|    n_updates            | 1670        |
|    policy_gradient_loss | -0.0189     |
|    std                  | 0.56        |
|    value_loss           | 0.824       |
-----------------------------------------
Early stopping at step 9 due to reaching max kl: 0.05
-----------------------------------------
| rollout/                |             |
|    ep_len_mean          | 46.8        |
|    ep_rew_mean          | -122        |
| time/                   |             |
|    fps                  | 91          |
|    iterations           | 193         |
|    time_elapsed         | 10848       |
|    total_timesteps      | 988160      |
| train/                  |             |
|    approx_kl            | 0.030909942 |
|    clip_fraction        | 0.25        |
|    clip_range           | 0.2         |
|    entropy_loss         | -1.68       |
|    explained_variance   | 0.686       |
|    learning_rate        | 0.0003      |
|    loss                 | 0.206       |
|    n_updates            | 1680        |
|    policy_gradient_loss | -0.0225     |
|    std                  | 0.561       |
|    value_loss           | 0.942       |
-----------------------------------------
Early stopping at step 8 due to reaching max kl: 0.05
----------------------------------------
| rollout/                |            |
|    ep_len_mean          | 49.3       |
|    ep_rew_mean          | -83.6      |
| time/                   |            |
|    fps                  | 91         |
|    iterations           | 194        |
|    time_elapsed         | 10900      |
|    total_timesteps      | 993280     |
| train/                  |            |
|    approx_kl            | 0.04438514 |
|    clip_fraction        | 0.248      |
|    clip_range           | 0.2        |
|    entropy_loss         | -1.68      |
|    explained_variance   | 0.723      |
|    learning_rate        | 0.0003     |
|    loss                 | 0.229      |
|    n_updates            | 1689       |
|    policy_gradient_loss | -0.0183    |
|    std                  | 0.562      |
|    value_loss           | 1.1        |
----------------------------------------
Early stopping at step 5 due to reaching max kl: 0.05
-----------------------------------------
| rollout/                |             |
|    ep_len_mean          | 46.6        |
|    ep_rew_mean          | -111        |
| time/                   |             |
|    fps                  | 91          |
|    iterations           | 195         |
|    time_elapsed         | 10955       |
|    total_timesteps      | 998400      |
| train/                  |             |
|    approx_kl            | 0.028994864 |
|    clip_fraction        | 0.202       |
|    clip_range           | 0.2         |
|    entropy_loss         | -1.68       |
|    explained_variance   | 0.721       |
|    learning_rate        | 0.0003      |
|    loss                 | 0.307       |
|    n_updates            | 1695        |
|    policy_gradient_loss | -0.0103     |
|    std                  | 0.559       |
|    value_loss           | 1.17        |
-----------------------------------------
Early stopping at step 3 due to reaching max kl: 0.05
[CURRICULUM] t=1,000,000 -> scenario stage 5
[EVAL] t=1,000,000 goal 0.68 collision 0.33 timeout 0.00 return -87.0 colregs -17.9 (128.8 s)
----------------------------------------------
| eval/                        |             |
|    being_overtaken/collision | 0.6         |
|    being_overtaken/colregs   | -20         |
|    being_overtaken/goal      | 0.4         |
|    collision_boundary        | 0.0667      |
|    collision_obstacle        | 0.0833      |
|    collision_rate            | 0.325       |
|    collision_target          | 0.175       |
|    crossing/collision        | 0.4         |
|    crossing/colregs          | -18.9       |
|    crossing/goal             | 0.6         |
|    episodes                  | 120         |
|    estops_per_episode        | 0.0417      |
|    eval_wall_s               | 129         |
|    goal_rate                 | 0.675       |
|    head_on/collision         | 0.3         |
|    head_on/colregs           | -25.8       |
|    head_on/goal              | 0.7         |
|    mean_colregs_integral     | -17.9       |
|    mean_return               | -87         |
|    no_target/collision       | 0.05        |
|    no_target/colregs         | 0           |
|    no_target/goal            | 0.95        |
|    null/collision            | 0.25        |
|    null/colregs              | -3.43       |
|    null/goal                 | 0.75        |
|    overtaking/collision      | 0.35        |
|    overtaking/colregs        | -39.3       |
|    overtaking/goal           | 0.65        |
|    timeout_rate              | 0           |
|    timesteps                 | 1000000     |
| rollout/                     |             |
|    ep_len_mean               | 48.8        |
|    ep_rew_mean               | -87         |
| time/                        |             |
|    fps                       | 90          |
|    iterations                | 196         |
|    time_elapsed              | 11137       |
|    total_timesteps           | 1003520     |
| train/                       |             |
|    approx_kl                 | 0.046087906 |
|    clip_fraction             | 0.213       |
|    clip_range                | 0.2         |
|    entropy_loss              | -1.67       |
|    explained_variance        | 0.684       |
|    learning_rate             | 0.0003      |
|    loss                      | 0.865       |
|    n_updates                 | 1699        |
|    policy_gradient_loss      | -0.00344    |
|    std                       | 0.558       |
|    value_loss                | 1.53        |
----------------------------------------------
-----------------------------------------
| rollout/                |             |
|    ep_len_mean          | 48          |
|    ep_rew_mean          | -103        |
| time/                   |             |
|    fps                  | 90          |
|    iterations           | 197         |
|    time_elapsed         | 11194       |
|    total_timesteps      | 1008640     |
| train/                  |             |
|    approx_kl            | 0.036494933 |
|    clip_fraction        | 0.252       |
|    clip_range           | 0.2         |
|    entropy_loss         | -1.66       |
|    explained_variance   | 0.762       |
|    learning_rate        | 0.0003      |
|    loss                 | 0.247       |
|    n_updates            | 1709        |
|    policy_gradient_loss | -0.0261     |
|    std                  | 0.553       |
|    value_loss           | 0.804       |
-----------------------------------------
Early stopping at step 3 due to reaching max kl: 0.05
-----------------------------------------
| rollout/                |             |
|    ep_len_mean          | 44.8        |
|    ep_rew_mean          | -136        |
| time/                   |             |
|    fps                  | 90          |
|    iterations           | 198         |
|    time_elapsed         | 11244       |
|    total_timesteps      | 1013760     |
| train/                  |             |
|    approx_kl            | 0.036544275 |
|    clip_fraction        | 0.28        |
|    clip_range           | 0.2         |
|    entropy_loss         | -1.65       |
|    explained_variance   | 0.729       |
|    learning_rate        | 0.0003      |
|    loss                 | 0.491       |
|    n_updates            | 1713        |
|    policy_gradient_loss | -0.00198    |
|    std                  | 0.552       |
|    value_loss           | 1.45        |
-----------------------------------------
-----------------------------------------
| rollout/                |             |
|    ep_len_mean          | 44.4        |
|    ep_rew_mean          | -143        |
| time/                   |             |
|    fps                  | 90          |
|    iterations           | 199         |
|    time_elapsed         | 11297       |
|    total_timesteps      | 1018880     |
| train/                  |             |
|    approx_kl            | 0.030948287 |
|    clip_fraction        | 0.241       |
|    clip_range           | 0.2         |
|    entropy_loss         | -1.64       |
|    explained_variance   | 0.762       |
|    learning_rate        | 0.0003      |
|    loss                 | 0.302       |
|    n_updates            | 1723        |
|    policy_gradient_loss | -0.0228     |
|    std                  | 0.547       |
|    value_loss           | 1.07        |
-----------------------------------------
Early stopping at step 7 due to reaching max kl: 0.05
-----------------------------------------
| rollout/                |             |
|    ep_len_mean          | 49          |
|    ep_rew_mean          | -95.7       |
| time/                   |             |
|    fps                  | 90          |
|    iterations           | 200         |
|    time_elapsed         | 11351       |
|    total_timesteps      | 1024000     |
| train/                  |             |
|    approx_kl            | 0.033812378 |
|    clip_fraction        | 0.25        |
|    clip_range           | 0.2         |
|    entropy_loss         | -1.63       |
|    explained_variance   | 0.778       |
|    learning_rate        | 0.0003      |
|    loss                 | 0.278       |
|    n_updates            | 1731        |
|    policy_gradient_loss | -0.0197     |
|    std                  | 0.546       |
|    value_loss           | 1.18        |
-----------------------------------------
Early stopping at step 2 due to reaching max kl: 0.06
-----------------------------------------
| rollout/                |             |
|    ep_len_mean          | 46.7        |
|    ep_rew_mean          | -119        |
| time/                   |             |
|    fps                  | 90          |
|    iterations           | 201         |
|    time_elapsed         | 11403       |
|    total_timesteps      | 1029120     |
| train/                  |             |
|    approx_kl            | 0.039848898 |
|    clip_fraction        | 0.207       |
|    clip_range           | 0.2         |
|    entropy_loss         | -1.63       |
|    explained_variance   | 0.685       |
|    learning_rate        | 0.0003      |
|    loss                 | 0.613       |
|    n_updates            | 1734        |
|    policy_gradient_loss | -0.000751   |
|    std                  | 0.546       |
|    value_loss           | 1.55        |
-----------------------------------------
Early stopping at step 4 due to reaching max kl: 0.05
----------------------------------------
| rollout/                |            |
|    ep_len_mean          | 46.4       |
|    ep_rew_mean          | -90.4      |
| time/                   |            |
|    fps                  | 90         |
|    iterations           | 202        |
|    time_elapsed         | 11458      |
|    total_timesteps      | 1034240    |
| train/                  |            |
|    approx_kl            | 0.03485026 |
|    clip_fraction        | 0.22       |
|    clip_range           | 0.2        |
|    entropy_loss         | -1.63      |
|    explained_variance   | 0.709      |
|    learning_rate        | 0.0003     |
|    loss                 | 0.589      |
|    n_updates            | 1739       |
|    policy_gradient_loss | -0.00854   |
|    std                  | 0.545      |
|    value_loss           | 1.38       |
----------------------------------------
----------------------------------------
| rollout/                |            |
|    ep_len_mean          | 44         |
|    ep_rew_mean          | -138       |
| time/                   |            |
|    fps                  | 90         |
|    iterations           | 203        |
|    time_elapsed         | 11512      |
|    total_timesteps      | 1039360    |
| train/                  |            |
|    approx_kl            | 0.03780919 |
|    clip_fraction        | 0.288      |
|    clip_range           | 0.2        |
|    entropy_loss         | -1.62      |
|    explained_variance   | 0.634      |
|    learning_rate        | 0.0003     |
|    loss                 | 0.545      |
|    n_updates            | 1749       |
|    policy_gradient_loss | -0.0257    |
|    std                  | 0.54       |
|    value_loss           | 1.28       |
----------------------------------------
Early stopping at step 4 due to reaching max kl: 0.05
----------------------------------------
| rollout/                |            |
|    ep_len_mean          | 46.5       |
|    ep_rew_mean          | -105       |
| time/                   |            |
|    fps                  | 90         |
|    iterations           | 204        |
|    time_elapsed         | 11565      |
|    total_timesteps      | 1044480    |
| train/                  |            |
|    approx_kl            | 0.04089596 |
|    clip_fraction        | 0.204      |
|    clip_range           | 0.2        |
|    entropy_loss         | -1.6       |
|    explained_variance   | 0.742      |
|    learning_rate        | 0.0003     |
|    loss                 | 0.409      |
|    n_updates            | 1754       |
|    policy_gradient_loss | -0.00855   |
|    std                  | 0.54       |
|    value_loss           | 1.47       |
----------------------------------------
Early stopping at step 7 due to reaching max kl: 0.05
-----------------------------------------
| rollout/                |             |
|    ep_len_mean          | 46.8        |
|    ep_rew_mean          | -127        |
| time/                   |             |
|    fps                  | 90          |
|    iterations           | 205         |
|    time_elapsed         | 11620       |
|    total_timesteps      | 1049600     |
| train/                  |             |
|    approx_kl            | 0.037265003 |
|    clip_fraction        | 0.247       |
|    clip_range           | 0.2         |
|    entropy_loss         | -1.6        |
|    explained_variance   | 0.612       |
|    learning_rate        | 0.0003      |
|    loss                 | 0.323       |
|    n_updates            | 1762        |
|    policy_gradient_loss | -0.0209     |
|    std                  | 0.539       |
|    value_loss           | 1.39        |
-----------------------------------------
Early stopping at step 8 due to reaching max kl: 0.05
----------------------------------------
| rollout/                |            |
|    ep_len_mean          | 46.3       |
|    ep_rew_mean          | -158       |
| time/                   |            |
|    fps                  | 90         |
|    iterations           | 206        |
|    time_elapsed         | 11673      |
|    total_timesteps      | 1054720    |
| train/                  |            |
|    approx_kl            | 0.04113983 |
|    clip_fraction        | 0.249      |
|    clip_range           | 0.2        |
|    entropy_loss         | -1.6       |
|    explained_variance   | 0.719      |
|    learning_rate        | 0.0003     |
|    loss                 | 0.524      |
|    n_updates            | 1771       |
|    policy_gradient_loss | -0.0191    |
|    std                  | 0.539      |
|    value_loss           | 1.26       |
----------------------------------------
Early stopping at step 3 due to reaching max kl: 0.05
-----------------------------------------
| rollout/                |             |
|    ep_len_mean          | 46.7        |
|    ep_rew_mean          | -128        |
| time/                   |             |
|    fps                  | 90          |
|    iterations           | 207         |
|    time_elapsed         | 11726       |
|    total_timesteps      | 1059840     |
| train/                  |             |
|    approx_kl            | 0.032431863 |
|    clip_fraction        | 0.22        |
|    clip_range           | 0.2         |
|    entropy_loss         | -1.6        |
|    explained_variance   | 0.689       |
|    learning_rate        | 0.0003      |
|    loss                 | 0.655       |
|    n_updates            | 1775        |
|    policy_gradient_loss | -0.00783    |
|    std                  | 0.538       |
|    value_loss           | 1.82        |
-----------------------------------------
Early stopping at step 4 due to reaching max kl: 0.05
-----------------------------------------
| rollout/                |             |
|    ep_len_mean          | 50.1        |
|    ep_rew_mean          | -82.6       |
| time/                   |             |
|    fps                  | 90          |
|    iterations           | 208         |
|    time_elapsed         | 11781       |
|    total_timesteps      | 1064960     |
| train/                  |             |
|    approx_kl            | 0.027739754 |
|    clip_fraction        | 0.199       |
|    clip_range           | 0.2         |
|    entropy_loss         | -1.59       |
|    explained_variance   | 0.754       |
|    learning_rate        | 0.0003      |
|    loss                 | 0.577       |
|    n_updates            | 1780        |
|    policy_gradient_loss | -0.0113     |
|    std                  | 0.536       |
|    value_loss           | 1.33        |
-----------------------------------------
Early stopping at step 4 due to reaching max kl: 0.05
-----------------------------------------
| rollout/                |             |
|    ep_len_mean          | 45.4        |
|    ep_rew_mean          | -133        |
| time/                   |             |
|    fps                  | 90          |
|    iterations           | 209         |
|    time_elapsed         | 11835       |
|    total_timesteps      | 1070080     |
| train/                  |             |
|    approx_kl            | 0.034671195 |
|    clip_fraction        | 0.209       |
|    clip_range           | 0.2         |
|    entropy_loss         | -1.59       |
|    explained_variance   | 0.767       |
|    learning_rate        | 0.0003      |
|    loss                 | 0.331       |
|    n_updates            | 1785        |
|    policy_gradient_loss | -0.00929    |
|    std                  | 0.536       |
|    value_loss           | 0.984       |
-----------------------------------------
Early stopping at step 7 due to reaching max kl: 0.05
-----------------------------------------
| rollout/                |             |
|    ep_len_mean          | 48.6        |
|    ep_rew_mean          | -104        |
| time/                   |             |
|    fps                  | 90          |
|    iterations           | 210         |
|    time_elapsed         | 11887       |
|    total_timesteps      | 1075200     |
| train/                  |             |
|    approx_kl            | 0.038513966 |
|    clip_fraction        | 0.255       |
|    clip_range           | 0.2         |
|    entropy_loss         | -1.59       |
|    explained_variance   | 0.816       |
|    learning_rate        | 0.0003      |
|    loss                 | 0.235       |
|    n_updates            | 1793        |
|    policy_gradient_loss | -0.017      |
|    std                  | 0.534       |
|    value_loss           | 0.999       |
-----------------------------------------
Early stopping at step 5 due to reaching max kl: 0.05
-----------------------------------------
| rollout/                |             |
|    ep_len_mean          | 45.5        |
|    ep_rew_mean          | -122        |
| time/                   |             |
|    fps                  | 90          |
|    iterations           | 211         |
|    time_elapsed         | 11945       |
|    total_timesteps      | 1080320     |
| train/                  |             |
|    approx_kl            | 0.045894973 |
|    clip_fraction        | 0.215       |
|    clip_range           | 0.2         |
|    entropy_loss         | -1.58       |
|    explained_variance   | 0.749       |
|    learning_rate        | 0.0003      |
|    loss                 | 0.346       |
|    n_updates            | 1799        |
|    policy_gradient_loss | -0.0132     |
|    std                  | 0.535       |
|    value_loss           | 1.16        |
-----------------------------------------
Early stopping at step 4 due to reaching max kl: 0.05
-----------------------------------------
| rollout/                |             |
|    ep_len_mean          | 47.5        |
|    ep_rew_mean          | -110        |
| time/                   |             |
|    fps                  | 90          |
|    iterations           | 212         |
|    time_elapsed         | 11999       |
|    total_timesteps      | 1085440     |
| train/                  |             |
|    approx_kl            | 0.043624662 |
|    clip_fraction        | 0.224       |
|    clip_range           | 0.2         |
|    entropy_loss         | -1.58       |
|    explained_variance   | 0.707       |
|    learning_rate        | 0.0003      |
|    loss                 | 0.387       |
|    n_updates            | 1804        |
|    policy_gradient_loss | -0.00784    |
|    std                  | 0.533       |
|    value_loss           | 1.46        |
-----------------------------------------
Early stopping at step 2 due to reaching max kl: 0.05
-----------------------------------------
| rollout/                |             |
|    ep_len_mean          | 50.6        |
|    ep_rew_mean          | -60.5       |
| time/                   |             |
|    fps                  | 90          |
|    iterations           | 213         |
|    time_elapsed         | 12052       |
|    total_timesteps      | 1090560     |
| train/                  |             |
|    approx_kl            | 0.051847547 |
|    clip_fraction        | 0.175       |
|    clip_range           | 0.2         |
|    entropy_loss         | -1.58       |
|    explained_variance   | 0.767       |
|    learning_rate        | 0.0003      |
|    loss                 | 0.474       |
|    n_updates            | 1807        |
|    policy_gradient_loss | 0.00187     |
|    std                  | 0.532       |
|    value_loss           | 1.33        |
-----------------------------------------
Early stopping at step 2 due to reaching max kl: 0.05
-----------------------------------------
| rollout/                |             |
|    ep_len_mean          | 49.2        |
|    ep_rew_mean          | -100        |
| time/                   |             |
|    fps                  | 90          |
|    iterations           | 214         |
|    time_elapsed         | 12103       |
|    total_timesteps      | 1095680     |
| train/                  |             |
|    approx_kl            | 0.045511473 |
|    clip_fraction        | 0.183       |
|    clip_range           | 0.2         |
|    entropy_loss         | -1.57       |
|    explained_variance   | 0.712       |
|    learning_rate        | 0.0003      |
|    loss                 | 0.563       |
|    n_updates            | 1810        |
|    policy_gradient_loss | 0.00112     |
|    std                  | 0.531       |
|    value_loss           | 1.18        |
-----------------------------------------
Early stopping at step 5 due to reaching max kl: 0.05
-----------------------------------------
| rollout/                |             |
|    ep_len_mean          | 47.2        |
|    ep_rew_mean          | -96.9       |
| time/                   |             |
|    fps                  | 90          |
|    iterations           | 215         |
|    time_elapsed         | 12156       |
|    total_timesteps      | 1100800     |
| train/                  |             |
|    approx_kl            | 0.053204224 |
|    clip_fraction        | 0.235       |
|    clip_range           | 0.2         |
|    entropy_loss         | -1.57       |
|    explained_variance   | 0.724       |
|    learning_rate        | 0.0003      |
|    loss                 | 0.307       |
|    n_updates            | 1816        |
|    policy_gradient_loss | -0.00872    |
|    std                  | 0.529       |
|    value_loss           | 1.11        |
-----------------------------------------
Early stopping at step 4 due to reaching max kl: 0.05
-----------------------------------------
| rollout/                |             |
|    ep_len_mean          | 48.4        |
|    ep_rew_mean          | -118        |
| time/                   |             |
|    fps                  | 90          |
|    iterations           | 216         |
|    time_elapsed         | 12209       |
|    total_timesteps      | 1105920     |
| train/                  |             |
|    approx_kl            | 0.036915608 |
|    clip_fraction        | 0.264       |
|    clip_range           | 0.2         |
|    entropy_loss         | -1.56       |
|    explained_variance   | 0.773       |
|    learning_rate        | 0.0003      |
|    loss                 | 0.29        |
|    n_updates            | 1821        |
|    policy_gradient_loss | -0.0145     |
|    std                  | 0.528       |
|    value_loss           | 0.987       |
-----------------------------------------
----------------------------------------
| rollout/                |            |
|    ep_len_mean          | 47         |
|    ep_rew_mean          | -104       |
| time/                   |            |
|    fps                  | 90         |
|    iterations           | 217        |
|    time_elapsed         | 12262      |
|    total_timesteps      | 1111040    |
| train/                  |            |
|    approx_kl            | 0.03641542 |
|    clip_fraction        | 0.277      |
|    clip_range           | 0.2        |
|    entropy_loss         | -1.55      |
|    explained_variance   | 0.773      |
|    learning_rate        | 0.0003     |
|    loss                 | 0.24       |
|    n_updates            | 1831       |
|    policy_gradient_loss | -0.0244    |
|    std                  | 0.525      |
|    value_loss           | 0.849      |
----------------------------------------
Early stopping at step 4 due to reaching max kl: 0.05
---------------------------------------
| rollout/                |           |
|    ep_len_mean          | 49.2      |
|    ep_rew_mean          | -92.6     |
| time/                   |           |
|    fps                  | 90        |
|    iterations           | 218       |
|    time_elapsed         | 12317     |
|    total_timesteps      | 1116160   |
| train/                  |           |
|    approx_kl            | 0.0335895 |
|    clip_fraction        | 0.254     |
|    clip_range           | 0.2       |
|    entropy_loss         | -1.54     |
|    explained_variance   | 0.773     |
|    learning_rate        | 0.0003    |
|    loss                 | 0.324     |
|    n_updates            | 1836      |
|    policy_gradient_loss | -0.00477  |
|    std                  | 0.524     |
|    value_loss           | 1.06      |
---------------------------------------
Early stopping at step 6 due to reaching max kl: 0.05
-----------------------------------------
| rollout/                |             |
|    ep_len_mean          | 49.8        |
|    ep_rew_mean          | -116        |
| time/                   |             |
|    fps                  | 90          |
|    iterations           | 219         |
|    time_elapsed         | 12374       |
|    total_timesteps      | 1121280     |
| train/                  |             |
|    approx_kl            | 0.039886706 |
|    clip_fraction        | 0.224       |
|    clip_range           | 0.2         |
|    entropy_loss         | -1.53       |
|    explained_variance   | 0.727       |
|    learning_rate        | 0.0003      |
|    loss                 | 0.312       |
|    n_updates            | 1843        |
|    policy_gradient_loss | -0.0216     |
|    std                  | 0.519       |
|    value_loss           | 0.959       |
-----------------------------------------
Early stopping at step 6 due to reaching max kl: 0.05
----------------------------------------
| rollout/                |            |
|    ep_len_mean          | 48.2       |
|    ep_rew_mean          | -106       |
| time/                   |            |
|    fps                  | 90         |
|    iterations           | 220        |
|    time_elapsed         | 12429      |
|    total_timesteps      | 1126400    |
| train/                  |            |
|    approx_kl            | 0.03905719 |
|    clip_fraction        | 0.245      |
|    clip_range           | 0.2        |
|    entropy_loss         | -1.52      |
|    explained_variance   | 0.711      |
|    learning_rate        | 0.0003     |
|    loss                 | 0.294      |
|    n_updates            | 1850       |
|    policy_gradient_loss | -0.0164    |
|    std                  | 0.519      |
|    value_loss           | 1.06       |
----------------------------------------
Early stopping at step 2 due to reaching max kl: 0.05
----------------------------------------
| rollout/                |            |
|    ep_len_mean          | 50.5       |
|    ep_rew_mean          | -108       |
| time/                   |            |
|    fps                  | 90         |
|    iterations           | 221        |
|    time_elapsed         | 12481      |
|    total_timesteps      | 1131520    |
| train/                  |            |
|    approx_kl            | 0.04354778 |
|    clip_fraction        | 0.223      |
|    clip_range           | 0.2        |
|    entropy_loss         | -1.52      |
|    explained_variance   | 0.785      |
|    learning_rate        | 0.0003     |
|    loss                 | 0.455      |
|    n_updates            | 1853       |
|    policy_gradient_loss | 0.00441    |
|    std                  | 0.519      |
|    value_loss           | 1.23       |
----------------------------------------
Early stopping at step 5 due to reaching max kl: 0.05
----------------------------------------
| rollout/                |            |
|    ep_len_mean          | 47.7       |
|    ep_rew_mean          | -111       |
| time/                   |            |
|    fps                  | 90         |
|    iterations           | 222        |
|    time_elapsed         | 12534      |
|    total_timesteps      | 1136640    |
| train/                  |            |
|    approx_kl            | 0.05264758 |
|    clip_fraction        | 0.24       |
|    clip_range           | 0.2        |
|    entropy_loss         | -1.52      |
|    explained_variance   | 0.765      |
|    learning_rate        | 0.0003     |
|    loss                 | 0.363      |
|    n_updates            | 1859       |
|    policy_gradient_loss | -0.0103    |
|    std                  | 0.518      |
|    value_loss           | 0.998      |
----------------------------------------
Early stopping at step 6 due to reaching max kl: 0.05
-----------------------------------------
| rollout/                |             |
|    ep_len_mean          | 48.2        |
|    ep_rew_mean          | -122        |
| time/                   |             |
|    fps                  | 90          |
|    iterations           | 223         |
|    time_elapsed         | 12586       |
|    total_timesteps      | 1141760     |
| train/                  |             |
|    approx_kl            | 0.033697084 |
|    clip_fraction        | 0.228       |
|    clip_range           | 0.2         |
|    entropy_loss         | -1.51       |
|    explained_variance   | 0.754       |
|    learning_rate        | 0.0003      |
|    loss                 | 0.294       |
|    n_updates            | 1866        |
|    policy_gradient_loss | -0.0174     |
|    std                  | 0.514       |
|    value_loss           | 1.01        |
-----------------------------------------
Early stopping at step 6 due to reaching max kl: 0.05
----------------------------------------
| rollout/                |            |
|    ep_len_mean          | 51.2       |
|    ep_rew_mean          | -85.2      |
| time/                   |            |
|    fps                  | 90         |
|    iterations           | 224        |
|    time_elapsed         | 12641      |
|    total_timesteps      | 1146880    |
| train/                  |            |
|    approx_kl            | 0.03702202 |
|    clip_fraction        | 0.23       |
|    clip_range           | 0.2        |
|    entropy_loss         | -1.5       |
|    explained_variance   | 0.725      |
|    learning_rate        | 0.0003     |
|    loss                 | 0.45       |
|    n_updates            | 1873       |
|    policy_gradient_loss | -0.0129    |
|    std                  | 0.513      |
|    value_loss           | 1.29       |
----------------------------------------
-----------------------------------------
| rollout/                |             |
|    ep_len_mean          | 51.7        |
|    ep_rew_mean          | -129        |
| time/                   |             |
|    fps                  | 90          |
|    iterations           | 225         |
|    time_elapsed         | 12695       |
|    total_timesteps      | 1152000     |
| train/                  |             |
|    approx_kl            | 0.034228623 |
|    clip_fraction        | 0.252       |
|    clip_range           | 0.2         |
|    entropy_loss         | -1.5        |
|    explained_variance   | 0.763       |
|    learning_rate        | 0.0003      |
|    loss                 | 0.194       |
|    n_updates            | 1883        |
|    policy_gradient_loss | -0.0245     |
|    std                  | 0.51        |
|    value_loss           | 0.605       |
-----------------------------------------
Early stopping at step 5 due to reaching max kl: 0.05
-----------------------------------------
| rollout/                |             |
|    ep_len_mean          | 50          |
|    ep_rew_mean          | -78.9       |
| time/                   |             |
|    fps                  | 90          |
|    iterations           | 226         |
|    time_elapsed         | 12749       |
|    total_timesteps      | 1157120     |
| train/                  |             |
|    approx_kl            | 0.036487825 |
|    clip_fraction        | 0.253       |
|    clip_range           | 0.2         |
|    entropy_loss         | -1.48       |
|    explained_variance   | 0.823       |
|    learning_rate        | 0.0003      |
|    loss                 | 0.25        |
|    n_updates            | 1889        |
|    policy_gradient_loss | -0.0155     |
|    std                  | 0.507       |
|    value_loss           | 0.808       |
-----------------------------------------
Early stopping at step 4 due to reaching max kl: 0.05
-----------------------------------------
| rollout/                |             |
|    ep_len_mean          | 49.8        |
|    ep_rew_mean          | -112        |
| time/                   |             |
|    fps                  | 90          |
|    iterations           | 227         |
|    time_elapsed         | 12801       |
|    total_timesteps      | 1162240     |
| train/                  |             |
|    approx_kl            | 0.032839246 |
|    clip_fraction        | 0.208       |
|    clip_range           | 0.2         |
|    entropy_loss         | -1.47       |
|    explained_variance   | 0.71        |
|    learning_rate        | 0.0003      |
|    loss                 | 0.307       |
|    n_updates            | 1894        |
|    policy_gradient_loss | -0.0122     |
|    std                  | 0.505       |
|    value_loss           | 1.06        |
-----------------------------------------
Early stopping at step 4 due to reaching max kl: 0.05
-----------------------------------------
| rollout/                |             |
|    ep_len_mean          | 52.5        |
|    ep_rew_mean          | -92.6       |
| time/                   |             |
|    fps                  | 90          |
|    iterations           | 228         |
|    time_elapsed         | 12856       |
|    total_timesteps      | 1167360     |
| train/                  |             |
|    approx_kl            | 0.035297472 |
|    clip_fraction        | 0.225       |
|    clip_range           | 0.2         |
|    entropy_loss         | -1.47       |
|    explained_variance   | 0.772       |
|    learning_rate        | 0.0003      |
|    loss                 | 0.325       |
|    n_updates            | 1899        |
|    policy_gradient_loss | -0.0124     |
|    std                  | 0.505       |
|    value_loss           | 0.942       |
-----------------------------------------
Early stopping at step 6 due to reaching max kl: 0.05
----------------------------------------
| rollout/                |            |
|    ep_len_mean          | 49.8       |
|    ep_rew_mean          | -146       |
| time/                   |            |
|    fps                  | 90         |
|    iterations           | 229        |
|    time_elapsed         | 12911      |
|    total_timesteps      | 1172480    |
| train/                  |            |
|    approx_kl            | 0.04037606 |
|    clip_fraction        | 0.264      |
|    clip_range           | 0.2        |
|    entropy_loss         | -1.47      |
|    explained_variance   | 0.754      |
|    learning_rate        | 0.0003     |
|    loss                 | 0.169      |
|    n_updates            | 1906       |
|    policy_gradient_loss | -0.0214    |
|    std                  | 0.503      |
|    value_loss           | 0.746      |
----------------------------------------
Early stopping at step 2 due to reaching max kl: 0.05
-----------------------------------------
| rollout/                |             |
|    ep_len_mean          | 49.2        |
|    ep_rew_mean          | -130        |
| time/                   |             |
|    fps                  | 90          |
|    iterations           | 230         |
|    time_elapsed         | 12963       |
|    total_timesteps      | 1177600     |
| train/                  |             |
|    approx_kl            | 0.033774577 |
|    clip_fraction        | 0.21        |
|    clip_range           | 0.2         |
|    entropy_loss         | -1.46       |
|    explained_variance   | 0.79        |
|    learning_rate        | 0.0003      |
|    loss                 | 0.472       |
|    n_updates            | 1909        |
|    policy_gradient_loss | -0.00177    |
|    std                  | 0.503       |
|    value_loss           | 1.25        |
-----------------------------------------
Early stopping at step 8 due to reaching max kl: 0.05
----------------------------------------
| rollout/                |            |
|    ep_len_mean          | 50.6       |
|    ep_rew_mean          | -99.9      |
| time/                   |            |
|    fps                  | 90         |
|    iterations           | 231        |
|    time_elapsed         | 13017      |
|    total_timesteps      | 1182720    |
| train/                  |            |
|    approx_kl            | 0.03441132 |
|    clip_fraction        | 0.278      |
|    clip_range           | 0.2        |
|    entropy_loss         | -1.46      |
|    explained_variance   | 0.756      |
|    learning_rate        | 0.0003     |
|    loss                 | 0.212      |
|    n_updates            | 1918       |
|    policy_gradient_loss | -0.0188    |
|    std                  | 0.503      |
|    value_loss           | 0.882      |
----------------------------------------
Early stopping at step 4 due to reaching max kl: 0.05
-----------------------------------------
| rollout/                |             |
|    ep_len_mean          | 54.2        |
|    ep_rew_mean          | -126        |
| time/                   |             |
|    fps                  | 90          |
|    iterations           | 232         |
|    time_elapsed         | 13072       |
|    total_timesteps      | 1187840     |
| train/                  |             |
|    approx_kl            | 0.033954386 |
|    clip_fraction        | 0.267       |
|    clip_range           | 0.2         |
|    entropy_loss         | -1.46       |
|    explained_variance   | 0.765       |
|    learning_rate        | 0.0003      |
|    loss                 | 0.229       |
|    n_updates            | 1923        |
|    policy_gradient_loss | -0.0102     |
|    std                  | 0.502       |
|    value_loss           | 0.806       |
-----------------------------------------
Early stopping at step 3 due to reaching max kl: 0.05
-----------------------------------------
| rollout/                |             |
|    ep_len_mean          | 52          |
|    ep_rew_mean          | -105        |
| time/                   |             |
|    fps                  | 90          |
|    iterations           | 233         |
|    time_elapsed         | 13124       |
|    total_timesteps      | 1192960     |
| train/                  |             |
|    approx_kl            | 0.027900482 |
|    clip_fraction        | 0.214       |
|    clip_range           | 0.2         |
|    entropy_loss         | -1.46       |
|    explained_variance   | 0.74        |
|    learning_rate        | 0.0003      |
|    loss                 | 0.414       |
|    n_updates            | 1927        |
|    policy_gradient_loss | -0.00543    |
|    std                  | 0.501       |
|    value_loss           | 1.16        |
-----------------------------------------
Early stopping at step 3 due to reaching max kl: 0.05
----------------------------------------
| rollout/                |            |
|    ep_len_mean          | 51.8       |
|    ep_rew_mean          | -93.6      |
| time/                   |            |
|    fps                  | 90         |
|    iterations           | 234        |
|    time_elapsed         | 13181      |
|    total_timesteps      | 1198080    |
| train/                  |            |
|    approx_kl            | 0.03184495 |
|    clip_fraction        | 0.22       |
|    clip_range           | 0.2        |
|    entropy_loss         | -1.45      |
|    explained_variance   | 0.771      |
|    learning_rate        | 0.0003     |
|    loss                 | 0.297      |
|    n_updates            | 1931       |
|    policy_gradient_loss | -0.00486   |
|    std                  | 0.501      |
|    value_loss           | 1          |
----------------------------------------
Early stopping at step 1 due to reaching max kl: 0.05
[EVAL] t=1,200,000 goal 0.73 collision 0.27 timeout 0.00 return -56.8 colregs -18.3 (141.3 s)
----------------------------------------------
| eval/                        |             |
|    being_overtaken/collision | 0.5         |
|    being_overtaken/colregs   | -26         |
|    being_overtaken/goal      | 0.5         |
|    collision_boundary        | 0.0167      |
|    collision_obstacle        | 0.075       |
|    collision_rate            | 0.267       |
|    collision_target          | 0.175       |
|    crossing/collision        | 0.4         |
|    crossing/colregs          | -21.1       |
|    crossing/goal             | 0.6         |
|    episodes                  | 120         |
|    estops_per_episode        | 0.025       |
|    eval_wall_s               | 141         |
|    goal_rate                 | 0.733       |
|    head_on/collision         | 0.3         |
|    head_on/colregs           | -28.9       |
|    head_on/goal              | 0.7         |
|    mean_colregs_integral     | -18.3       |
|    mean_return               | -56.8       |
|    no_target/collision       | 0           |
|    no_target/colregs         | 0           |
|    no_target/goal            | 1           |
|    null/collision            | 0.2         |
|    null/colregs              | -3.38       |
|    null/goal                 | 0.8         |
|    overtaking/collision      | 0.2         |
|    overtaking/colregs        | -30.1       |
|    overtaking/goal           | 0.8         |
|    timeout_rate              | 0           |
|    timesteps                 | 1200000     |
| rollout/                     |             |
|    ep_len_mean               | 50.4        |
|    ep_rew_mean               | -127        |
| time/                        |             |
|    fps                       | 89          |
|    iterations                | 235         |
|    time_elapsed              | 13375       |
|    total_timesteps           | 1203200     |
| train/                       |             |
|    approx_kl                 | 0.027099445 |
|    clip_fraction             | 0.208       |
|    clip_range                | 0.2         |
|    entropy_loss              | -1.45       |
|    explained_variance        | 0.73        |
|    learning_rate             | 0.0003      |
|    loss                      | 0.385       |
|    n_updates                 | 1933        |
|    policy_gradient_loss      | 0.00332     |
|    std                       | 0.501       |
|    value_loss                | 1.29        |
----------------------------------------------
Early stopping at step 7 due to reaching max kl: 0.05
-----------------------------------------
| rollout/                |             |
|    ep_len_mean          | 49.4        |
|    ep_rew_mean          | -129        |
| time/                   |             |
|    fps                  | 89          |
|    iterations           | 236         |
|    time_elapsed         | 13430       |
|    total_timesteps      | 1208320     |
| train/                  |             |
|    approx_kl            | 0.036018874 |
|    clip_fraction        | 0.266       |
|    clip_range           | 0.2         |
|    entropy_loss         | -1.45       |
|    explained_variance   | 0.805       |
|    learning_rate        | 0.0003      |
|    loss                 | 0.212       |
|    n_updates            | 1941        |
|    policy_gradient_loss | -0.0206     |
|    std                  | 0.501       |
|    value_loss           | 0.785       |
-----------------------------------------
Early stopping at step 3 due to reaching max kl: 0.05
-----------------------------------------
| rollout/                |             |
|    ep_len_mean          | 50.4        |
|    ep_rew_mean          | -105        |
| time/                   |             |
|    fps                  | 89          |
|    iterations           | 237         |
|    time_elapsed         | 13486       |
|    total_timesteps      | 1213440     |
| train/                  |             |
|    approx_kl            | 0.034206614 |
|    clip_fraction        | 0.207       |
|    clip_range           | 0.2         |
|    entropy_loss         | -1.45       |
|    explained_variance   | 0.783       |
|    learning_rate        | 0.0003      |
|    loss                 | 0.343       |
|    n_updates            | 1945        |
|    policy_gradient_loss | -0.00555    |
|    std                  | 0.501       |
|    value_loss           | 1.05        |
-----------------------------------------
Early stopping at step 6 due to reaching max kl: 0.06
----------------------------------------
| rollout/                |            |
|    ep_len_mean          | 47.3       |
|    ep_rew_mean          | -86.5      |
| time/                   |            |
|    fps                  | 90         |
|    iterations           | 238        |
|    time_elapsed         | 13539      |
|    total_timesteps      | 1218560    |
| train/                  |            |
|    approx_kl            | 0.03714165 |
|    clip_fraction        | 0.256      |
|    clip_range           | 0.2        |
|    entropy_loss         | -1.45      |
|    explained_variance   | 0.713      |
|    learning_rate        | 0.0003     |
|    loss                 | 0.285      |
|    n_updates            | 1952       |
|    policy_gradient_loss | -0.0181    |
|    std                  | 0.499      |
|    value_loss           | 1.05       |
----------------------------------------
Early stopping at step 8 due to reaching max kl: 0.05
----------------------------------------
| rollout/                |            |
|    ep_len_mean          | 47.5       |
|    ep_rew_mean          | -107       |
| time/                   |            |
|    fps                  | 90         |
|    iterations           | 239        |
|    time_elapsed         | 13593      |
|    total_timesteps      | 1223680    |
| train/                  |            |
|    approx_kl            | 0.03473946 |
|    clip_fraction        | 0.254      |
|    clip_range           | 0.2        |
|    entropy_loss         | -1.44      |
|    explained_variance   | 0.738      |
|    learning_rate        | 0.0003     |
|    loss                 | 0.206      |
|    n_updates            | 1961       |
|    policy_gradient_loss | -0.0227    |
|    std                  | 0.496      |
|    value_loss           | 0.798      |
----------------------------------------
Early stopping at step 1 due to reaching max kl: 0.05
-----------------------------------------
| rollout/                |             |
|    ep_len_mean          | 45          |
|    ep_rew_mean          | -115        |
| time/                   |             |
|    fps                  | 90          |
|    iterations           | 240         |
|    time_elapsed         | 13644       |
|    total_timesteps      | 1228800     |
| train/                  |             |
|    approx_kl            | 0.047034103 |
|    clip_fraction        | 0.211       |
|    clip_range           | 0.2         |
|    entropy_loss         | -1.43       |
|    explained_variance   | 0.713       |
|    learning_rate        | 0.0003      |
|    loss                 | 0.633       |
|    n_updates            | 1963        |
|    policy_gradient_loss | 0.0112      |
|    std                  | 0.496       |
|    value_loss           | 1.53        |
-----------------------------------------
Early stopping at step 8 due to reaching max kl: 0.05
---------------------------------------
| rollout/                |           |
|    ep_len_mean          | 48.6      |
|    ep_rew_mean          | -113      |
| time/                   |           |
|    fps                  | 90        |
|    iterations           | 241       |
|    time_elapsed         | 13695     |
|    total_timesteps      | 1233920   |
| train/                  |           |
|    approx_kl            | 0.0404314 |
|    clip_fraction        | 0.254     |
|    clip_range           | 0.2       |
|    entropy_loss         | -1.43     |
|    explained_variance   | 0.752     |
|    learning_rate        | 0.0003    |
|    loss                 | 0.154     |
|    n_updates            | 1972      |
|    policy_gradient_loss | -0.0253   |
|    std                  | 0.494     |
|    value_loss           | 0.877     |
---------------------------------------
Early stopping at step 1 due to reaching max kl: 0.05
-----------------------------------------
| rollout/                |             |
|    ep_len_mean          | 48.3        |
|    ep_rew_mean          | -128        |
| time/                   |             |
|    fps                  | 90          |
|    iterations           | 242         |
|    time_elapsed         | 13748       |
|    total_timesteps      | 1239040     |
| train/                  |             |
|    approx_kl            | 0.037047394 |
|    clip_fraction        | 0.198       |
|    clip_range           | 0.2         |
|    entropy_loss         | -1.42       |
|    explained_variance   | 0.797       |
|    learning_rate        | 0.0003      |
|    loss                 | 0.453       |
|    n_updates            | 1974        |
|    policy_gradient_loss | 0.00952     |
|    std                  | 0.494       |
|    value_loss           | 1.22        |
-----------------------------------------
Early stopping at step 5 due to reaching max kl: 0.05
-----------------------------------------
| rollout/                |             |
|    ep_len_mean          | 49.3        |
|    ep_rew_mean          | -120        |
| time/                   |             |
|    fps                  | 90          |
|    iterations           | 243         |
|    time_elapsed         | 13802       |
|    total_timesteps      | 1244160     |
| train/                  |             |
|    approx_kl            | 0.047974214 |
|    clip_fraction        | 0.238       |
|    clip_range           | 0.2         |
|    entropy_loss         | -1.42       |
|    explained_variance   | 0.772       |
|    learning_rate        | 0.0003      |
|    loss                 | 0.299       |
|    n_updates            | 1980        |
|    policy_gradient_loss | -0.00924    |
|    std                  | 0.493       |
|    value_loss           | 0.975       |
-----------------------------------------
Early stopping at step 6 due to reaching max kl: 0.06
----------------------------------------
| rollout/                |            |
|    ep_len_mean          | 50         |
|    ep_rew_mean          | -93.6      |
| time/                   |            |
|    fps                  | 90         |
|    iterations           | 244        |
|    time_elapsed         | 13858      |
|    total_timesteps      | 1249280    |
| train/                  |            |
|    approx_kl            | 0.03640159 |
|    clip_fraction        | 0.255      |
|    clip_range           | 0.2        |
|    entropy_loss         | -1.42      |
|    explained_variance   | 0.723      |
|    learning_rate        | 0.0003     |
|    loss                 | 0.28       |
|    n_updates            | 1987       |
|    policy_gradient_loss | -0.0159    |
|    std                  | 0.494      |
|    value_loss           | 0.942      |
----------------------------------------
Early stopping at step 4 due to reaching max kl: 0.05
-----------------------------------------
| rollout/                |             |
|    ep_len_mean          | 48.2        |
|    ep_rew_mean          | -101        |
| time/                   |             |
|    fps                  | 90          |
|    iterations           | 245         |
|    time_elapsed         | 13910       |
|    total_timesteps      | 1254400     |
| train/                  |             |
|    approx_kl            | 0.033971593 |
|    clip_fraction        | 0.227       |
|    clip_range           | 0.2         |
|    entropy_loss         | -1.42       |
|    explained_variance   | 0.769       |
|    learning_rate        | 0.0003      |
|    loss                 | 0.405       |
|    n_updates            | 1992        |
|    policy_gradient_loss | -0.0111     |
|    std                  | 0.492       |
|    value_loss           | 0.925       |
-----------------------------------------
Early stopping at step 6 due to reaching max kl: 0.05
-----------------------------------------
| rollout/                |             |
|    ep_len_mean          | 48.2        |
|    ep_rew_mean          | -122        |
| time/                   |             |
|    fps                  | 90          |
|    iterations           | 246         |
|    time_elapsed         | 13964       |
|    total_timesteps      | 1259520     |
| train/                  |             |
|    approx_kl            | 0.038699463 |
|    clip_fraction        | 0.258       |
|    clip_range           | 0.2         |
|    entropy_loss         | -1.42       |
|    explained_variance   | 0.688       |
|    learning_rate        | 0.0003      |
|    loss                 | 0.336       |
|    n_updates            | 1999        |
|    policy_gradient_loss | -0.0143     |
|    std                  | 0.494       |
|    value_loss           | 1.1         |
-----------------------------------------
Early stopping at step 8 due to reaching max kl: 0.05
-----------------------------------------
| rollout/                |             |
|    ep_len_mean          | 50.2        |
|    ep_rew_mean          | -118        |
| time/                   |             |
|    fps                  | 90          |
|    iterations           | 247         |
|    time_elapsed         | 14018       |
|    total_timesteps      | 1264640     |
| train/                  |             |
|    approx_kl            | 0.038456995 |
|    clip_fraction        | 0.272       |
|    clip_range           | 0.2         |
|    entropy_loss         | -1.42       |
|    explained_variance   | 0.814       |
|    learning_rate        | 0.0003      |
|    loss                 | 0.252       |
|    n_updates            | 2008        |
|    policy_gradient_loss | -0.0261     |
|    std                  | 0.492       |
|    value_loss           | 0.719       |
-----------------------------------------
-----------------------------------------
| rollout/                |             |
|    ep_len_mean          | 50.5        |
|    ep_rew_mean          | -159        |
| time/                   |             |
|    fps                  | 90          |
|    iterations           | 248         |
|    time_elapsed         | 14073       |
|    total_timesteps      | 1269760     |
| train/                  |             |
|    approx_kl            | 0.032416902 |
|    clip_fraction        | 0.27        |
|    clip_range           | 0.2         |
|    entropy_loss         | -1.41       |
|    explained_variance   | 0.772       |
|    learning_rate        | 0.0003      |
|    loss                 | 0.165       |
|    n_updates            | 2018        |
|    policy_gradient_loss | -0.0234     |
|    std                  | 0.49        |
|    value_loss           | 0.751       |
-----------------------------------------
Early stopping at step 3 due to reaching max kl: 0.05
-----------------------------------------
| rollout/                |             |
|    ep_len_mean          | 49.7        |
|    ep_rew_mean          | -99.1       |
| time/                   |             |
|    fps                  | 90          |
|    iterations           | 249         |
|    time_elapsed         | 14125       |
|    total_timesteps      | 1274880     |
| train/                  |             |
|    approx_kl            | 0.038934667 |
|    clip_fraction        | 0.235       |
|    clip_range           | 0.2         |
|    entropy_loss         | -1.41       |
|    explained_variance   | 0.74        |
|    learning_rate        | 0.0003      |
|    loss                 | 0.484       |
|    n_updates            | 2022        |
|    policy_gradient_loss | -0.00316    |
|    std                  | 0.49        |
|    value_loss           | 1.37        |
-----------------------------------------
Early stopping at step 8 due to reaching max kl: 0.05
-----------------------------------------
| rollout/                |             |
|    ep_len_mean          | 49.8        |
|    ep_rew_mean          | -111        |
| time/                   |             |
|    fps                  | 90          |
|    iterations           | 250         |
|    time_elapsed         | 14180       |
|    total_timesteps      | 1280000     |
| train/                  |             |
|    approx_kl            | 0.046761923 |
|    clip_fraction        | 0.26        |
|    clip_range           | 0.2         |
|    entropy_loss         | -1.41       |
|    explained_variance   | 0.743       |
|    learning_rate        | 0.0003      |
|    loss                 | 0.19        |
|    n_updates            | 2031        |
|    policy_gradient_loss | -0.0222     |
|    std                  | 0.491       |
|    value_loss           | 0.789       |
-----------------------------------------
Early stopping at step 5 due to reaching max kl: 0.05
-----------------------------------------
| rollout/                |             |
|    ep_len_mean          | 47.3        |
|    ep_rew_mean          | -124        |
| time/                   |             |
|    fps                  | 90          |
|    iterations           | 251         |
|    time_elapsed         | 14233       |
|    total_timesteps      | 1285120     |
| train/                  |             |
|    approx_kl            | 0.038539436 |
|    clip_fraction        | 0.245       |
|    clip_range           | 0.2         |
|    entropy_loss         | -1.4        |
|    explained_variance   | 0.768       |
|    learning_rate        | 0.0003      |
|    loss                 | 0.337       |
|    n_updates            | 2037        |
|    policy_gradient_loss | -0.0164     |
|    std                  | 0.486       |
|    value_loss           | 0.917       |
-----------------------------------------
Early stopping at step 7 due to reaching max kl: 0.05
-----------------------------------------
| rollout/                |             |
|    ep_len_mean          | 52.7        |
|    ep_rew_mean          | -125        |
| time/                   |             |
|    fps                  | 90          |
|    iterations           | 252         |
|    time_elapsed         | 14286       |
|    total_timesteps      | 1290240     |
| train/                  |             |
|    approx_kl            | 0.039880853 |
|    clip_fraction        | 0.256       |
|    clip_range           | 0.2         |
|    entropy_loss         | -1.39       |
|    explained_variance   | 0.778       |
|    learning_rate        | 0.0003      |
|    loss                 | 0.47        |
|    n_updates            | 2045        |
|    policy_gradient_loss | -0.0159     |
|    std                  | 0.486       |
|    value_loss           | 0.954       |
-----------------------------------------
Early stopping at step 2 due to reaching max kl: 0.06
----------------------------------------
| rollout/                |            |
|    ep_len_mean          | 49.1       |
|    ep_rew_mean          | -120       |
| time/                   |            |
|    fps                  | 90         |
|    iterations           | 253        |
|    time_elapsed         | 14341      |
|    total_timesteps      | 1295360    |
| train/                  |            |
|    approx_kl            | 0.06447005 |
|    clip_fraction        | 0.183      |
|    clip_range           | 0.2        |
|    entropy_loss         | -1.39      |
|    explained_variance   | 0.815      |
|    learning_rate        | 0.0003     |
|    loss                 | 0.344      |
|    n_updates            | 2048       |
|    policy_gradient_loss | 0.00189    |
|    std                  | 0.486      |
|    value_loss           | 0.966      |
----------------------------------------
Early stopping at step 8 due to reaching max kl: 0.06
-----------------------------------------
| rollout/                |             |
|    ep_len_mean          | 50          |
|    ep_rew_mean          | -153        |
| time/                   |             |
|    fps                  | 90          |
|    iterations           | 254         |
|    time_elapsed         | 14393       |
|    total_timesteps      | 1300480     |
| train/                  |             |
|    approx_kl            | 0.062723175 |
|    clip_fraction        | 0.3         |
|    clip_range           | 0.2         |
|    entropy_loss         | -1.39       |
|    explained_variance   | 0.773       |
|    learning_rate        | 0.0003      |
|    loss                 | 0.203       |
|    n_updates            | 2057        |
|    policy_gradient_loss | -0.0196     |
|    std                  | 0.483       |
|    value_loss           | 0.84        |
-----------------------------------------
Early stopping at step 2 due to reaching max kl: 0.05
-----------------------------------------
| rollout/                |             |
|    ep_len_mean          | 51.4        |
|    ep_rew_mean          | -115        |
| time/                   |             |
|    fps                  | 90          |
|    iterations           | 255         |
|    time_elapsed         | 14449       |
|    total_timesteps      | 1305600     |
| train/                  |             |
|    approx_kl            | 0.045345254 |
|    clip_fraction        | 0.215       |
|    clip_range           | 0.2         |
|    entropy_loss         | -1.38       |
|    explained_variance   | 0.767       |
|    learning_rate        | 0.0003      |
|    loss                 | 0.52        |
|    n_updates            | 2060        |
|    policy_gradient_loss | 0.00296     |
|    std                  | 0.483       |
|    value_loss           | 1.2         |
-----------------------------------------
Early stopping at step 1 due to reaching max kl: 0.05
----------------------------------------
| rollout/                |            |
|    ep_len_mean          | 51.2       |
|    ep_rew_mean          | -128       |
| time/                   |            |
|    fps                  | 90         |
|    iterations           | 256        |
|    time_elapsed         | 14501      |
|    total_timesteps      | 1310720    |
| train/                  |            |
|    approx_kl            | 0.02562359 |
|    clip_fraction        | 0.167      |
|    clip_range           | 0.2        |
|    entropy_loss         | -1.38      |
|    explained_variance   | 0.766      |
|    learning_rate        | 0.0003     |
|    loss                 | 0.426      |
|    n_updates            | 2062       |
|    policy_gradient_loss | 0.00414    |
|    std                  | 0.482      |
|    value_loss           | 1.1        |
----------------------------------------
Early stopping at step 3 due to reaching max kl: 0.05
-----------------------------------------
| rollout/                |             |
|    ep_len_mean          | 52.6        |
|    ep_rew_mean          | -93.4       |
| time/                   |             |
|    fps                  | 90          |
|    iterations           | 257         |
|    time_elapsed         | 14553       |
|    total_timesteps      | 1315840     |
| train/                  |             |
|    approx_kl            | 0.031831786 |
|    clip_fraction        | 0.25        |
|    clip_range           | 0.2         |
|    entropy_loss         | -1.38       |
|    explained_variance   | 0.745       |
|    learning_rate        | 0.0003      |
|    loss                 | 0.541       |
|    n_updates            | 2066        |
|    policy_gradient_loss | -0.00473    |
|    std                  | 0.482       |
|    value_loss           | 1.17        |
-----------------------------------------
Early stopping at step 5 due to reaching max kl: 0.05
----------------------------------------
| rollout/                |            |
|    ep_len_mean          | 52.8       |
|    ep_rew_mean          | -115       |
| time/                   |            |
|    fps                  | 90         |
|    iterations           | 258        |
|    time_elapsed         | 14605      |
|    total_timesteps      | 1320960    |
| train/                  |            |
|    approx_kl            | 0.04650514 |
|    clip_fraction        | 0.238      |
|    clip_range           | 0.2        |
|    entropy_loss         | -1.37      |
|    explained_variance   | 0.757      |
|    learning_rate        | 0.0003     |
|    loss                 | 0.232      |
|    n_updates            | 2072       |
|    policy_gradient_loss | -0.0119    |
|    std                  | 0.481      |
|    value_loss           | 0.849      |
----------------------------------------
Early stopping at step 6 due to reaching max kl: 0.05
---------------------------------------
| rollout/                |           |
|    ep_len_mean          | 51.4      |
|    ep_rew_mean          | -116      |
| time/                   |           |
|    fps                  | 90        |
|    iterations           | 259       |
|    time_elapsed         | 14657     |
|    total_timesteps      | 1326080   |
| train/                  |           |
|    approx_kl            | 0.0373798 |
|    clip_fraction        | 0.262     |
|    clip_range           | 0.2       |
|    entropy_loss         | -1.37     |
|    explained_variance   | 0.805     |
|    learning_rate        | 0.0003    |
|    loss                 | 0.159     |
|    n_updates            | 2079      |
|    policy_gradient_loss | -0.0177   |
|    std                  | 0.478     |
|    value_loss           | 0.662     |
---------------------------------------
Early stopping at step 5 due to reaching max kl: 0.05
-----------------------------------------
| rollout/                |             |
|    ep_len_mean          | 50.1        |
|    ep_rew_mean          | -171        |
| time/                   |             |
|    fps                  | 90          |
|    iterations           | 260         |
|    time_elapsed         | 14711       |
|    total_timesteps      | 1331200     |
| train/                  |             |
|    approx_kl            | 0.033460595 |
|    clip_fraction        | 0.233       |
|    clip_range           | 0.2         |
|    entropy_loss         | -1.35       |
|    explained_variance   | 0.761       |
|    learning_rate        | 0.0003      |
|    loss                 | 0.19        |
|    n_updates            | 2085        |
|    policy_gradient_loss | -0.0151     |
|    std                  | 0.476       |
|    value_loss           | 0.891       |
-----------------------------------------
Early stopping at step 3 due to reaching max kl: 0.05
----------------------------------------
| rollout/                |            |
|    ep_len_mean          | 52.3       |
|    ep_rew_mean          | -149       |
| time/                   |            |
|    fps                  | 90         |
|    iterations           | 261        |
|    time_elapsed         | 14764      |
|    total_timesteps      | 1336320    |
| train/                  |            |
|    approx_kl            | 0.04591124 |
|    clip_fraction        | 0.218      |
|    clip_range           | 0.2        |
|    entropy_loss         | -1.35      |
|    explained_variance   | 0.807      |
|    learning_rate        | 0.0003     |
|    loss                 | 0.286      |
|    n_updates            | 2089       |
|    policy_gradient_loss | -0.00881   |
|    std                  | 0.477      |
|    value_loss           | 1.06       |
----------------------------------------
Early stopping at step 3 due to reaching max kl: 0.06
-----------------------------------------
| rollout/                |             |
|    ep_len_mean          | 50.5        |
|    ep_rew_mean          | -153        |
| time/                   |             |
|    fps                  | 90          |
|    iterations           | 262         |
|    time_elapsed         | 14818       |
|    total_timesteps      | 1341440     |
| train/                  |             |
|    approx_kl            | 0.038203683 |
|    clip_fraction        | 0.25        |
|    clip_range           | 0.2         |
|    entropy_loss         | -1.35       |
|    explained_variance   | 0.802       |
|    learning_rate        | 0.0003      |
|    loss                 | 0.362       |
|    n_updates            | 2093        |
|    policy_gradient_loss | 0.00131     |
|    std                  | 0.476       |
|    value_loss           | 1           |
-----------------------------------------
Early stopping at step 2 due to reaching max kl: 0.05
-----------------------------------------
| rollout/                |             |
|    ep_len_mean          | 54.9        |
|    ep_rew_mean          | -102        |
| time/                   |             |
|    fps                  | 90          |
|    iterations           | 263         |
|    time_elapsed         | 14870       |
|    total_timesteps      | 1346560     |
| train/                  |             |
|    approx_kl            | 0.026106933 |
|    clip_fraction        | 0.173       |
|    clip_range           | 0.2         |
|    entropy_loss         | -1.35       |
|    explained_variance   | 0.74        |
|    learning_rate        | 0.0003      |
|    loss                 | 0.493       |
|    n_updates            | 2096        |
|    policy_gradient_loss | -0.00589    |
|    std                  | 0.476       |
|    value_loss           | 1.43        |
-----------------------------------------
Early stopping at step 4 due to reaching max kl: 0.05
-----------------------------------------
| rollout/                |             |
|    ep_len_mean          | 52.2        |
|    ep_rew_mean          | -118        |
| time/                   |             |
|    fps                  | 90          |
|    iterations           | 264         |
|    time_elapsed         | 14923       |
|    total_timesteps      | 1351680     |
| train/                  |             |
|    approx_kl            | 0.041379463 |
|    clip_fraction        | 0.231       |
|    clip_range           | 0.2         |
|    entropy_loss         | -1.35       |
|    explained_variance   | 0.771       |
|    learning_rate        | 0.0003      |
|    loss                 | 0.263       |
|    n_updates            | 2101        |
|    policy_gradient_loss | -0.0103     |
|    std                  | 0.477       |
|    value_loss           | 0.898       |
-----------------------------------------
Early stopping at step 7 due to reaching max kl: 0.05
-----------------------------------------
| rollout/                |             |
|    ep_len_mean          | 53          |
|    ep_rew_mean          | -182        |
| time/                   |             |
|    fps                  | 90          |
|    iterations           | 265         |
|    time_elapsed         | 14977       |
|    total_timesteps      | 1356800     |
| train/                  |             |
|    approx_kl            | 0.041525416 |
|    clip_fraction        | 0.25        |
|    clip_range           | 0.2         |
|    entropy_loss         | -1.35       |
|    explained_variance   | 0.793       |
|    learning_rate        | 0.0003      |
|    loss                 | 0.231       |
|    n_updates            | 2109        |
|    policy_gradient_loss | -0.0228     |
|    std                  | 0.475       |
|    value_loss           | 0.717       |
-----------------------------------------
Early stopping at step 4 due to reaching max kl: 0.05
-----------------------------------------
| rollout/                |             |
|    ep_len_mean          | 54          |
|    ep_rew_mean          | -134        |
| time/                   |             |
|    fps                  | 90          |
|    iterations           | 266         |
|    time_elapsed         | 15058       |
|    total_timesteps      | 1361920     |
| train/                  |             |
|    approx_kl            | 0.034993343 |
|    clip_fraction        | 0.247       |
|    clip_range           | 0.2         |
|    entropy_loss         | -1.34       |
|    explained_variance   | 0.81        |
|    learning_rate        | 0.0003      |
|    loss                 | 0.295       |
|    n_updates            | 2114        |
|    policy_gradient_loss | -0.0114     |
|    std                  | 0.474       |
|    value_loss           | 0.977       |
-----------------------------------------
Early stopping at step 2 due to reaching max kl: 0.05
----------------------------------------
| rollout/                |            |
|    ep_len_mean          | 52.4       |
|    ep_rew_mean          | -113       |
| time/                   |            |
|    fps                  | 90         |
|    iterations           | 267        |
|    time_elapsed         | 15134      |
|    total_timesteps      | 1367040    |
| train/                  |            |
|    approx_kl            | 0.03903987 |
|    clip_fraction        | 0.199      |
|    clip_range           | 0.2        |
|    entropy_loss         | -1.34      |
|    explained_variance   | 0.759      |
|    learning_rate        | 0.0003     |
|    loss                 | 0.577      |
|    n_updates            | 2117       |
|    policy_gradient_loss | -0.00411   |
|    std                  | 0.474      |
|    value_loss           | 1.19       |
----------------------------------------
Early stopping at step 4 due to reaching max kl: 0.05
----------------------------------------
| rollout/                |            |
|    ep_len_mean          | 50.5       |
|    ep_rew_mean          | -155       |
| time/                   |            |
|    fps                  | 90         |
|    iterations           | 268        |
|    time_elapsed         | 15219      |
|    total_timesteps      | 1372160    |
| train/                  |            |
|    approx_kl            | 0.04240488 |
|    clip_fraction        | 0.253      |
|    clip_range           | 0.2        |
|    entropy_loss         | -1.34      |
|    explained_variance   | 0.85       |
|    learning_rate        | 0.0003     |
|    loss                 | 0.319      |
|    n_updates            | 2122       |
|    policy_gradient_loss | -0.00729   |
|    std                  | 0.474      |
|    value_loss           | 0.696      |
----------------------------------------
Early stopping at step 9 due to reaching max kl: 0.05
-----------------------------------------
| rollout/                |             |
|    ep_len_mean          | 53.6        |
|    ep_rew_mean          | -105        |
| time/                   |             |
|    fps                  | 90          |
|    iterations           | 269         |
|    time_elapsed         | 15297       |
|    total_timesteps      | 1377280     |
| train/                  |             |
|    approx_kl            | 0.037234616 |
|    clip_fraction        | 0.288       |
|    clip_range           | 0.2         |
|    entropy_loss         | -1.34       |
|    explained_variance   | 0.772       |
|    learning_rate        | 0.0003      |
|    loss                 | 0.24        |
|    n_updates            | 2132        |
|    policy_gradient_loss | -0.0249     |
|    std                  | 0.473       |
|    value_loss           | 0.751       |
-----------------------------------------
Early stopping at step 3 due to reaching max kl: 0.05
----------------------------------------
| rollout/                |            |
|    ep_len_mean          | 51.3       |
|    ep_rew_mean          | -97.5      |
| time/                   |            |
|    fps                  | 89         |
|    iterations           | 270        |
|    time_elapsed         | 15379      |
|    total_timesteps      | 1382400    |
| train/                  |            |
|    approx_kl            | 0.03327989 |
|    clip_fraction        | 0.199      |
|    clip_range           | 0.2        |
|    entropy_loss         | -1.34      |
|    explained_variance   | 0.793      |
|    learning_rate        | 0.0003     |
|    loss                 | 0.184      |
|    n_updates            | 2136       |
|    policy_gradient_loss | -0.00892   |
|    std                  | 0.474      |
|    value_loss           | 0.775      |
----------------------------------------
Early stopping at step 2 due to reaching max kl: 0.06
-----------------------------------------
| rollout/                |             |
|    ep_len_mean          | 55.4        |
|    ep_rew_mean          | -95.3       |
| time/                   |             |
|    fps                  | 90          |
|    iterations           | 271         |
|    time_elapsed         | 15416       |
|    total_timesteps      | 1387520     |
| train/                  |             |
|    approx_kl            | 0.034801915 |
|    clip_fraction        | 0.187       |
|    clip_range           | 0.2         |
|    entropy_loss         | -1.34       |
|    explained_variance   | 0.75        |
|    learning_rate        | 0.0003      |
|    loss                 | 0.412       |
|    n_updates            | 2139        |
|    policy_gradient_loss | -0.00337    |
|    std                  | 0.474       |
|    value_loss           | 0.983       |
-----------------------------------------
Early stopping at step 2 due to reaching max kl: 0.05
-----------------------------------------
| rollout/                |             |
|    ep_len_mean          | 52          |
|    ep_rew_mean          | -126        |
| time/                   |             |
|    fps                  | 89          |
|    iterations           | 272         |
|    time_elapsed         | 15485       |
|    total_timesteps      | 1392640     |
| train/                  |             |
|    approx_kl            | 0.032522254 |
|    clip_fraction        | 0.22        |
|    clip_range           | 0.2         |
|    entropy_loss         | -1.34       |
|    explained_variance   | 0.785       |
|    learning_rate        | 0.0003      |
|    loss                 | 0.325       |
|    n_updates            | 2142        |
|    policy_gradient_loss | -0.00299    |
|    std                  | 0.474       |
|    value_loss           | 0.877       |
-----------------------------------------
Early stopping at step 2 due to reaching max kl: 0.05
-----------------------------------------
| rollout/                |             |
|    ep_len_mean          | 50.6        |
|    ep_rew_mean          | -101        |
| time/                   |             |
|    fps                  | 89          |
|    iterations           | 273         |
|    time_elapsed         | 15547       |
|    total_timesteps      | 1397760     |
| train/                  |             |
|    approx_kl            | 0.030082379 |
|    clip_fraction        | 0.203       |
|    clip_range           | 0.2         |
|    entropy_loss         | -1.34       |
|    explained_variance   | 0.769       |
|    learning_rate        | 0.0003      |
|    loss                 | 0.355       |
|    n_updates            | 2145        |
|    policy_gradient_loss | -0.00307    |
|    std                  | 0.474       |
|    value_loss           | 0.903       |
-----------------------------------------
Early stopping at step 4 due to reaching max kl: 0.05
[EVAL] t=1,400,000 goal 0.70 collision 0.30 timeout 0.00 return -77.4 colregs -16.5 (201.7 s)
----------------------------------------------
| eval/                        |             |
|    being_overtaken/collision | 0.55        |
|    being_overtaken/colregs   | -27.9       |
|    being_overtaken/goal      | 0.45        |
|    collision_boundary        | 0.025       |
|    collision_obstacle        | 0.1         |
|    collision_rate            | 0.3         |
|    collision_target          | 0.175       |
|    crossing/collision        | 0.35        |
|    crossing/colregs          | -20.6       |
|    crossing/goal             | 0.65        |
|    episodes                  | 120         |
|    estops_per_episode        | 0.1         |
|    eval_wall_s               | 202         |
|    goal_rate                 | 0.7         |
|    head_on/collision         | 0.3         |
|    head_on/colregs           | -26         |
|    head_on/goal              | 0.7         |
|    mean_colregs_integral     | -16.5       |
|    mean_return               | -77.4       |
|    no_target/collision       | 0.05        |
|    no_target/colregs         | 0           |
|    no_target/goal            | 0.95        |
|    null/collision            | 0.3         |
|    null/colregs              | -2.81       |
|    null/goal                 | 0.7         |
|    overtaking/collision      | 0.25        |
|    overtaking/colregs        | -21.6       |
|    overtaking/goal           | 0.75        |
|    timeout_rate              | 0           |
|    timesteps                 | 1400000     |
| rollout/                     |             |
|    ep_len_mean               | 51.9        |
|    ep_rew_mean               | -124        |
| time/                        |             |
|    fps                       | 88          |
|    iterations                | 274         |
|    time_elapsed              | 15821       |
|    total_timesteps           | 1402880     |
| train/                       |             |
|    approx_kl                 | 0.031565383 |
|    clip_fraction             | 0.229       |
|    clip_range                | 0.2         |
|    entropy_loss              | -1.34       |
|    explained_variance        | 0.742       |
|    learning_rate             | 0.0003      |
|    loss                      | 0.344       |
|    n_updates                 | 2150        |
|    policy_gradient_loss      | -0.0101     |
|    std                       | 0.473       |
|    value_loss                | 0.975       |
----------------------------------------------
Early stopping at step 4 due to reaching max kl: 0.05
-----------------------------------------
| rollout/                |             |
|    ep_len_mean          | 52.4        |
|    ep_rew_mean          | -83.9       |
| time/                   |             |
|    fps                  | 88          |
|    iterations           | 275         |
|    time_elapsed         | 15898       |
|    total_timesteps      | 1408000     |
| train/                  |             |
|    approx_kl            | 0.045379367 |
|    clip_fraction        | 0.231       |
|    clip_range           | 0.2         |
|    entropy_loss         | -1.34       |
|    explained_variance   | 0.764       |
|    learning_rate        | 0.0003      |
|    loss                 | 0.415       |
|    n_updates            | 2155        |
|    policy_gradient_loss | -0.00707    |
|    std                  | 0.473       |
|    value_loss           | 0.902       |
-----------------------------------------
Early stopping at step 9 due to reaching max kl: 0.05
-----------------------------------------
| rollout/                |             |
|    ep_len_mean          | 52.6        |
|    ep_rew_mean          | -95.7       |
| time/                   |             |
|    fps                  | 88          |
|    iterations           | 276         |
|    time_elapsed         | 15978       |
|    total_timesteps      | 1413120     |
| train/                  |             |
|    approx_kl            | 0.041850917 |
|    clip_fraction        | 0.284       |
|    clip_range           | 0.2         |
|    entropy_loss         | -1.34       |
|    explained_variance   | 0.794       |
|    learning_rate        | 0.0003      |
|    loss                 | 0.186       |
|    n_updates            | 2165        |
|    policy_gradient_loss | -0.0251     |
|    std                  | 0.472       |
|    value_loss           | 0.589       |
-----------------------------------------
Early stopping at step 5 due to reaching max kl: 0.05
-----------------------------------------
| rollout/                |             |
|    ep_len_mean          | 52.2        |
|    ep_rew_mean          | -67.7       |
| time/                   |             |
|    fps                  | 88          |
|    iterations           | 277         |
|    time_elapsed         | 16056       |
|    total_timesteps      | 1418240     |
| train/                  |             |
|    approx_kl            | 0.041000605 |
|    clip_fraction        | 0.262       |
|    clip_range           | 0.2         |
|    entropy_loss         | -1.33       |
|    explained_variance   | 0.72        |
|    learning_rate        | 0.0003      |
|    loss                 | 0.227       |
|    n_updates            | 2171        |
|    policy_gradient_loss | -0.0138     |
|    std                  | 0.472       |
|    value_loss           | 0.858       |
-----------------------------------------
Early stopping at step 2 due to reaching max kl: 0.05
----------------------------------------
| rollout/                |            |
|    ep_len_mean          | 50.1       |
|    ep_rew_mean          | -104       |
| time/                   |            |
|    fps                  | 88         |
|    iterations           | 278        |
|    time_elapsed         | 16134      |
|    total_timesteps      | 1423360    |
| train/                  |            |
|    approx_kl            | 0.03364183 |
|    clip_fraction        | 0.27       |
|    clip_range           | 0.2        |
|    entropy_loss         | -1.33      |
|    explained_variance   | 0.692      |
|    learning_rate        | 0.0003     |
|    loss                 | 0.359      |
|    n_updates            | 2174       |
|    policy_gradient_loss | -0.000644  |
|    std                  | 0.471      |
|    value_loss           | 0.992      |
----------------------------------------
Early stopping at step 2 due to reaching max kl: 0.05
-----------------------------------------
| rollout/                |             |
|    ep_len_mean          | 53.3        |
|    ep_rew_mean          | -78.6       |
| time/                   |             |
|    fps                  | 88          |
|    iterations           | 279         |
|    time_elapsed         | 16213       |
|    total_timesteps      | 1428480     |
| train/                  |             |
|    approx_kl            | 0.033450954 |
|    clip_fraction        | 0.217       |
|    clip_range           | 0.2         |
|    entropy_loss         | -1.33       |
|    explained_variance   | 0.747       |
|    learning_rate        | 0.0003      |
|    loss                 | 0.451       |
|    n_updates            | 2177        |
|    policy_gradient_loss | -0.00489    |
|    std                  | 0.47        |
|    value_loss           | 0.993       |
-----------------------------------------
Early stopping at step 4 due to reaching max kl: 0.06
-----------------------------------------
| rollout/                |             |
|    ep_len_mean          | 49.1        |
|    ep_rew_mean          | -98.7       |
| time/                   |             |
|    fps                  | 87          |
|    iterations           | 280         |
|    time_elapsed         | 16296       |
|    total_timesteps      | 1433600     |
| train/                  |             |
|    approx_kl            | 0.038346484 |
|    clip_fraction        | 0.223       |
|    clip_range           | 0.2         |
|    entropy_loss         | -1.32       |
|    explained_variance   | 0.743       |
|    learning_rate        | 0.0003      |
|    loss                 | 0.282       |
|    n_updates            | 2182        |
|    policy_gradient_loss | -0.0143     |
|    std                  | 0.469       |
|    value_loss           | 0.844       |
-----------------------------------------
Early stopping at step 9 due to reaching max kl: 0.05
----------------------------------------
| rollout/                |            |
|    ep_len_mean          | 48.5       |
|    ep_rew_mean          | -122       |
| time/                   |            |
|    fps                  | 87         |
|    iterations           | 281        |
|    time_elapsed         | 16365      |
|    total_timesteps      | 1438720    |
| train/                  |            |
|    approx_kl            | 0.03691833 |
|    clip_fraction        | 0.258      |
|    clip_range           | 0.2        |
|    entropy_loss         | -1.31      |
|    explained_variance   | 0.792      |
|    learning_rate        | 0.0003     |
|    loss                 | 0.179      |
|    n_updates            | 2192       |
|    policy_gradient_loss | -0.0256    |
|    std                  | 0.465      |
|    value_loss           | 0.594      |
----------------------------------------
Early stopping at step 3 due to reaching max kl: 0.05
-----------------------------------------
| rollout/                |             |
|    ep_len_mean          | 50.9        |
|    ep_rew_mean          | -152        |
| time/                   |             |
|    fps                  | 87          |
|    iterations           | 282         |
|    time_elapsed         | 16427       |
|    total_timesteps      | 1443840     |
| train/                  |             |
|    approx_kl            | 0.044678744 |
|    clip_fraction        | 0.241       |
|    clip_range           | 0.2         |
|    entropy_loss         | -1.3        |
|    explained_variance   | 0.784       |
|    learning_rate        | 0.0003      |
|    loss                 | 0.345       |
|    n_updates            | 2196        |
|    policy_gradient_loss | -0.00307    |
|    std                  | 0.463       |
|    value_loss           | 0.943       |
-----------------------------------------
Early stopping at step 5 due to reaching max kl: 0.05
-----------------------------------------
| rollout/                |             |
|    ep_len_mean          | 46.7        |
|    ep_rew_mean          | -170        |
| time/                   |             |
|    fps                  | 87          |
|    iterations           | 283         |
|    time_elapsed         | 16498       |
|    total_timesteps      | 1448960     |
| train/                  |             |
|    approx_kl            | 0.036244065 |
|    clip_fraction        | 0.253       |
|    clip_range           | 0.2         |
|    entropy_loss         | -1.3        |
|    explained_variance   | 0.741       |
|    learning_rate        | 0.0003      |
|    loss                 | 0.277       |
|    n_updates            | 2202        |
|    policy_gradient_loss | -0.0136     |
|    std                  | 0.462       |
|    value_loss           | 1           |
-----------------------------------------
Early stopping at step 5 due to reaching max kl: 0.05
-----------------------------------------
| rollout/                |             |
|    ep_len_mean          | 52.6        |
|    ep_rew_mean          | -75.5       |
| time/                   |             |
|    fps                  | 87          |
|    iterations           | 284         |
|    time_elapsed         | 16564       |
|    total_timesteps      | 1454080     |
| train/                  |             |
|    approx_kl            | 0.036376994 |
|    clip_fraction        | 0.229       |
|    clip_range           | 0.2         |
|    entropy_loss         | -1.29       |
|    explained_variance   | 0.795       |
|    learning_rate        | 0.0003      |
|    loss                 | 0.326       |
|    n_updates            | 2208        |
|    policy_gradient_loss | -0.0147     |
|    std                  | 0.461       |
|    value_loss           | 0.954       |
-----------------------------------------
Early stopping at step 6 due to reaching max kl: 0.05
-----------------------------------------
| rollout/                |             |
|    ep_len_mean          | 50.6        |
|    ep_rew_mean          | -121        |
| time/                   |             |
|    fps                  | 87          |
|    iterations           | 285         |
|    time_elapsed         | 16637       |
|    total_timesteps      | 1459200     |
| train/                  |             |
|    approx_kl            | 0.034166336 |
|    clip_fraction        | 0.236       |
|    clip_range           | 0.2         |
|    entropy_loss         | -1.29       |
|    explained_variance   | 0.787       |
|    learning_rate        | 0.0003      |
|    loss                 | 0.211       |
|    n_updates            | 2215        |
|    policy_gradient_loss | -0.0184     |
|    std                  | 0.461       |
|    value_loss           | 0.663       |
-----------------------------------------
Early stopping at step 6 due to reaching max kl: 0.05
----------------------------------------
| rollout/                |            |
|    ep_len_mean          | 45.2       |
|    ep_rew_mean          | -143       |
| time/                   |            |
|    fps                  | 87         |
|    iterations           | 286        |
|    time_elapsed         | 16707      |
|    total_timesteps      | 1464320    |
| train/                  |            |
|    approx_kl            | 0.03374014 |
|    clip_fraction        | 0.251      |
|    clip_range           | 0.2        |
|    entropy_loss         | -1.28      |
|    explained_variance   | 0.778      |
|    learning_rate        | 0.0003     |
|    loss                 | 0.284      |
|    n_updates            | 2222       |
|    policy_gradient_loss | -0.0242    |
|    std                  | 0.459      |
|    value_loss           | 0.896      |
----------------------------------------
Early stopping at step 5 due to reaching max kl: 0.05
----------------------------------------
| rollout/                |            |
|    ep_len_mean          | 51.2       |
|    ep_rew_mean          | -125       |
| time/                   |            |
|    fps                  | 87         |
|    iterations           | 287        |
|    time_elapsed         | 16772      |
|    total_timesteps      | 1469440    |
| train/                  |            |
|    approx_kl            | 0.03727214 |
|    clip_fraction        | 0.233      |
|    clip_range           | 0.2        |
|    entropy_loss         | -1.28      |
|    explained_variance   | 0.77       |
|    learning_rate        | 0.0003     |
|    loss                 | 0.249      |
|    n_updates            | 2228       |
|    policy_gradient_loss | -0.0178    |
|    std                  | 0.46       |
|    value_loss           | 0.885      |
----------------------------------------
Early stopping at step 1 due to reaching max kl: 0.05
-----------------------------------------
| rollout/                |             |
|    ep_len_mean          | 50.3        |
|    ep_rew_mean          | -109        |
| time/                   |             |
|    fps                  | 87          |
|    iterations           | 288         |
|    time_elapsed         | 16841       |
|    total_timesteps      | 1474560     |
| train/                  |             |
|    approx_kl            | 0.028809285 |
|    clip_fraction        | 0.172       |
|    clip_range           | 0.2         |
|    entropy_loss         | -1.28       |
|    explained_variance   | 0.745       |
|    learning_rate        | 0.0003      |
|    loss                 | 0.463       |
|    n_updates            | 2230        |
|    policy_gradient_loss | 0.0014      |
|    std                  | 0.46        |
|    value_loss           | 1.25        |
-----------------------------------------
Early stopping at step 3 due to reaching max kl: 0.05
----------------------------------------
| rollout/                |            |
|    ep_len_mean          | 46.5       |
|    ep_rew_mean          | -115       |
| time/                   |            |
|    fps                  | 87         |
|    iterations           | 289        |
|    time_elapsed         | 16911      |
|    total_timesteps      | 1479680    |
| train/                  |            |
|    approx_kl            | 0.03319383 |
|    clip_fraction        | 0.216      |
|    clip_range           | 0.2        |
|    entropy_loss         | -1.28      |
|    explained_variance   | 0.765      |
|    learning_rate        | 0.0003     |
|    loss                 | 0.314      |
|    n_updates            | 2234       |
|    policy_gradient_loss | -0.0105    |
|    std                  | 0.458      |
|    value_loss           | 0.938      |
----------------------------------------
Early stopping at step 4 due to reaching max kl: 0.05
----------------------------------------
| rollout/                |            |
|    ep_len_mean          | 48.5       |
|    ep_rew_mean          | -107       |
| time/                   |            |
|    fps                  | 87         |
|    iterations           | 290        |
|    time_elapsed         | 16972      |
|    total_timesteps      | 1484800    |
| train/                  |            |
|    approx_kl            | 0.03457595 |
|    clip_fraction        | 0.227      |
|    clip_range           | 0.2        |
|    entropy_loss         | -1.28      |
|    explained_variance   | 0.766      |
|    learning_rate        | 0.0003     |
|    loss                 | 0.339      |
|    n_updates            | 2239       |
|    policy_gradient_loss | -0.0125    |
|    std                  | 0.458      |
|    value_loss           | 0.916      |
----------------------------------------
Early stopping at step 3 due to reaching max kl: 0.05
-----------------------------------------
| rollout/                |             |
|    ep_len_mean          | 48          |
|    ep_rew_mean          | -90.5       |
| time/                   |             |
|    fps                  | 87          |
|    iterations           | 291         |
|    time_elapsed         | 17028       |
|    total_timesteps      | 1489920     |
| train/                  |             |
|    approx_kl            | 0.036615744 |
|    clip_fraction        | 0.246       |
|    clip_range           | 0.2         |
|    entropy_loss         | -1.28       |
|    explained_variance   | 0.745       |
|    learning_rate        | 0.0003      |
|    loss                 | 0.405       |
|    n_updates            | 2243        |
|    policy_gradient_loss | -0.00524    |
|    std                  | 0.458       |
|    value_loss           | 0.982       |
-----------------------------------------
Early stopping at step 7 due to reaching max kl: 0.05
----------------------------------------
| rollout/                |            |
|    ep_len_mean          | 49.6       |
|    ep_rew_mean          | -76.6      |
| time/                   |            |
|    fps                  | 87         |
|    iterations           | 292        |
|    time_elapsed         | 17083      |
|    total_timesteps      | 1495040    |
| train/                  |            |
|    approx_kl            | 0.04033058 |
|    clip_fraction        | 0.26       |
|    clip_range           | 0.2        |
|    entropy_loss         | -1.27      |
|    explained_variance   | 0.81       |
|    learning_rate        | 0.0003     |
|    loss                 | 0.172      |
|    n_updates            | 2251       |
|    policy_gradient_loss | -0.0225    |
|    std                  | 0.456      |
|    value_loss           | 0.615      |
----------------------------------------
Early stopping at step 1 due to reaching max kl: 0.06
---------------------------------------
| rollout/                |           |
|    ep_len_mean          | 48.5      |
|    ep_rew_mean          | -145      |
| time/                   |           |
|    fps                  | 87        |
|    iterations           | 293       |
|    time_elapsed         | 17136     |
|    total_timesteps      | 1500160   |
| train/                  |           |
|    approx_kl            | 0.0301277 |
|    clip_fraction        | 0.208     |
|    clip_range           | 0.2       |
|    entropy_loss         | -1.26     |
|    explained_variance   | 0.717     |
|    learning_rate        | 0.0003    |
|    loss                 | 0.349     |
|    n_updates            | 2253      |
|    policy_gradient_loss | 0.00375   |
|    std                  | 0.455     |
|    value_loss           | 1.08      |
---------------------------------------
Early stopping at step 3 due to reaching max kl: 0.05
-----------------------------------------
| rollout/                |             |
|    ep_len_mean          | 50.6        |
|    ep_rew_mean          | -85.6       |
| time/                   |             |
|    fps                  | 87          |
|    iterations           | 294         |
|    time_elapsed         | 17189       |
|    total_timesteps      | 1505280     |
| train/                  |             |
|    approx_kl            | 0.041539423 |
|    clip_fraction        | 0.257       |
|    clip_range           | 0.2         |
|    entropy_loss         | -1.26       |
|    explained_variance   | 0.768       |
|    learning_rate        | 0.0003      |
|    loss                 | 0.289       |
|    n_updates            | 2257        |
|    policy_gradient_loss | -0.00408    |
|    std                  | 0.455       |
|    value_loss           | 1.02        |
-----------------------------------------
Early stopping at step 4 due to reaching max kl: 0.05
-----------------------------------------
| rollout/                |             |
|    ep_len_mean          | 47.3        |
|    ep_rew_mean          | -155        |
| time/                   |             |
|    fps                  | 87          |
|    iterations           | 295         |
|    time_elapsed         | 17241       |
|    total_timesteps      | 1510400     |
| train/                  |             |
|    approx_kl            | 0.036798246 |
|    clip_fraction        | 0.271       |
|    clip_range           | 0.2         |
|    entropy_loss         | -1.26       |
|    explained_variance   | 0.721       |
|    learning_rate        | 0.0003      |
|    loss                 | 0.168       |
|    n_updates            | 2262        |
|    policy_gradient_loss | -0.00868    |
|    std                  | 0.455       |
|    value_loss           | 0.785       |
-----------------------------------------
Early stopping at step 4 due to reaching max kl: 0.05
----------------------------------------
| rollout/                |            |
|    ep_len_mean          | 47.4       |
|    ep_rew_mean          | -101       |
| time/                   |            |
|    fps                  | 87         |
|    iterations           | 296        |
|    time_elapsed         | 17304      |
|    total_timesteps      | 1515520    |
| train/                  |            |
|    approx_kl            | 0.03970775 |
|    clip_fraction        | 0.236      |
|    clip_range           | 0.2        |
|    entropy_loss         | -1.26      |
|    explained_variance   | 0.773      |
|    learning_rate        | 0.0003     |
|    loss                 | 0.32       |
|    n_updates            | 2267       |
|    policy_gradient_loss | -0.00835   |
|    std                  | 0.455      |
|    value_loss           | 1.02       |
----------------------------------------
Early stopping at step 1 due to reaching max kl: 0.06
-----------------------------------------
| rollout/                |             |
|    ep_len_mean          | 43.3        |
|    ep_rew_mean          | -133        |
| time/                   |             |
|    fps                  | 87          |
|    iterations           | 297         |
|    time_elapsed         | 17363       |
|    total_timesteps      | 1520640     |
| train/                  |             |
|    approx_kl            | 0.032438733 |
|    clip_fraction        | 0.188       |
|    clip_range           | 0.2         |
|    entropy_loss         | -1.26       |
|    explained_variance   | 0.76        |
|    learning_rate        | 0.0003      |
|    loss                 | 0.509       |
|    n_updates            | 2269        |
|    policy_gradient_loss | 0.00512     |
|    std                  | 0.455       |
|    value_loss           | 1.09        |
-----------------------------------------
Early stopping at step 3 due to reaching max kl: 0.05
-----------------------------------------
| rollout/                |             |
|    ep_len_mean          | 48          |
|    ep_rew_mean          | -105        |
| time/                   |             |
|    fps                  | 87          |
|    iterations           | 298         |
|    time_elapsed         | 17419       |
|    total_timesteps      | 1525760     |
| train/                  |             |
|    approx_kl            | 0.043946948 |
|    clip_fraction        | 0.246       |
|    clip_range           | 0.2         |
|    entropy_loss         | -1.26       |
|    explained_variance   | 0.761       |
|    learning_rate        | 0.0003      |
|    loss                 | 0.393       |
|    n_updates            | 2273        |
|    policy_gradient_loss | -0.00368    |
|    std                  | 0.455       |
|    value_loss           | 1.13        |
-----------------------------------------
Early stopping at step 6 due to reaching max kl: 0.05
-----------------------------------------
| rollout/                |             |
|    ep_len_mean          | 48.7        |
|    ep_rew_mean          | -87.9       |
| time/                   |             |
|    fps                  | 87          |
|    iterations           | 299         |
|    time_elapsed         | 17472       |
|    total_timesteps      | 1530880     |
| train/                  |             |
|    approx_kl            | 0.039980765 |
|    clip_fraction        | 0.261       |
|    clip_range           | 0.2         |
|    entropy_loss         | -1.26       |
|    explained_variance   | 0.745       |
|    learning_rate        | 0.0003      |
|    loss                 | 0.25        |
|    n_updates            | 2280        |
|    policy_gradient_loss | -0.0221     |
|    std                  | 0.453       |
|    value_loss           | 0.798       |
-----------------------------------------
Early stopping at step 4 due to reaching max kl: 0.05
-----------------------------------------
| rollout/                |             |
|    ep_len_mean          | 46.5        |
|    ep_rew_mean          | -135        |
| time/                   |             |
|    fps                  | 87          |
|    iterations           | 300         |
|    time_elapsed         | 17525       |
|    total_timesteps      | 1536000     |
| train/                  |             |
|    approx_kl            | 0.037175577 |
|    clip_fraction        | 0.233       |
|    clip_range           | 0.2         |
|    entropy_loss         | -1.25       |
|    explained_variance   | 0.794       |
|    learning_rate        | 0.0003      |
|    loss                 | 0.238       |
|    n_updates            | 2285        |
|    policy_gradient_loss | -0.0139     |
|    std                  | 0.451       |
|    value_loss           | 0.689       |
-----------------------------------------
Early stopping at step 2 due to reaching max kl: 0.05
---------------------------------------
| rollout/                |           |
|    ep_len_mean          | 47.2      |
|    ep_rew_mean          | -123      |
| time/                   |           |
|    fps                  | 87        |
|    iterations           | 301       |
|    time_elapsed         | 17578     |
|    total_timesteps      | 1541120   |
| train/                  |           |
|    approx_kl            | 0.0425931 |
|    clip_fraction        | 0.195     |
|    clip_range           | 0.2       |
|    entropy_loss         | -1.24     |
|    explained_variance   | 0.749     |
|    learning_rate        | 0.0003    |
|    loss                 | 0.34      |
|    n_updates            | 2288      |
|    policy_gradient_loss | -0.0021   |
|    std                  | 0.451     |
|    value_loss           | 1.14      |
---------------------------------------
Early stopping at step 5 due to reaching max kl: 0.05
-----------------------------------------
| rollout/                |             |
|    ep_len_mean          | 49.2        |
|    ep_rew_mean          | -79.1       |
| time/                   |             |
|    fps                  | 87          |
|    iterations           | 302         |
|    time_elapsed         | 17632       |
|    total_timesteps      | 1546240     |
| train/                  |             |
|    approx_kl            | 0.034748785 |
|    clip_fraction        | 0.242       |
|    clip_range           | 0.2         |
|    entropy_loss         | -1.25       |
|    explained_variance   | 0.806       |
|    learning_rate        | 0.0003      |
|    loss                 | 0.23        |
|    n_updates            | 2294        |
|    policy_gradient_loss | -0.0212     |
|    std                  | 0.452       |
|    value_loss           | 0.719       |
-----------------------------------------
Early stopping at step 1 due to reaching max kl: 0.05
-----------------------------------------
| rollout/                |             |
|    ep_len_mean          | 48.1        |
|    ep_rew_mean          | -101        |
| time/                   |             |
|    fps                  | 87          |
|    iterations           | 303         |
|    time_elapsed         | 17682       |
|    total_timesteps      | 1551360     |
| train/                  |             |
|    approx_kl            | 0.034740925 |
|    clip_fraction        | 0.18        |
|    clip_range           | 0.2         |
|    entropy_loss         | -1.25       |
|    explained_variance   | 0.765       |
|    learning_rate        | 0.0003      |
|    loss                 | 0.512       |
|    n_updates            | 2296        |
|    policy_gradient_loss | 0.00315     |
|    std                  | 0.452       |
|    value_loss           | 0.954       |
-----------------------------------------
Early stopping at step 5 due to reaching max kl: 0.05
-----------------------------------------
| rollout/                |             |
|    ep_len_mean          | 50          |
|    ep_rew_mean          | -73.2       |
| time/                   |             |
|    fps                  | 87          |
|    iterations           | 304         |
|    time_elapsed         | 17736       |
|    total_timesteps      | 1556480     |
| train/                  |             |
|    approx_kl            | 0.037632562 |
|    clip_fraction        | 0.266       |
|    clip_range           | 0.2         |
|    entropy_loss         | -1.25       |
|    explained_variance   | 0.748       |
|    learning_rate        | 0.0003      |
|    loss                 | 0.256       |
|    n_updates            | 2302        |
|    policy_gradient_loss | -0.0132     |
|    std                  | 0.453       |
|    value_loss           | 0.749       |
-----------------------------------------
Early stopping at step 4 due to reaching max kl: 0.05
----------------------------------------
| rollout/                |            |
|    ep_len_mean          | 49.6       |
|    ep_rew_mean          | -77.3      |
| time/                   |            |
|    fps                  | 87         |
|    iterations           | 305        |
|    time_elapsed         | 17794      |
|    total_timesteps      | 1561600    |
| train/                  |            |
|    approx_kl            | 0.04683126 |
|    clip_fraction        | 0.208      |
|    clip_range           | 0.2        |
|    entropy_loss         | -1.25      |
|    explained_variance   | 0.788      |
|    learning_rate        | 0.0003     |
|    loss                 | 0.191      |
|    n_updates            | 2307       |
|    policy_gradient_loss | -0.0122    |
|    std                  | 0.453      |
|    value_loss           | 0.631      |
----------------------------------------
Early stopping at step 4 due to reaching max kl: 0.05
-----------------------------------------
| rollout/                |             |
|    ep_len_mean          | 47.9        |
|    ep_rew_mean          | -71.6       |
| time/                   |             |
|    fps                  | 87          |
|    iterations           | 306         |
|    time_elapsed         | 17848       |
|    total_timesteps      | 1566720     |
| train/                  |             |
|    approx_kl            | 0.033326548 |
|    clip_fraction        | 0.225       |
|    clip_range           | 0.2         |
|    entropy_loss         | -1.25       |
|    explained_variance   | 0.753       |
|    learning_rate        | 0.0003      |
|    loss                 | 0.223       |
|    n_updates            | 2312        |
|    policy_gradient_loss | -0.0079     |
|    std                  | 0.453       |
|    value_loss           | 0.724       |
-----------------------------------------
Early stopping at step 5 due to reaching max kl: 0.05
-----------------------------------------
| rollout/                |             |
|    ep_len_mean          | 48.6        |
|    ep_rew_mean          | -96.3       |
| time/                   |             |
|    fps                  | 87          |
|    iterations           | 307         |
|    time_elapsed         | 17901       |
|    total_timesteps      | 1571840     |
| train/                  |             |
|    approx_kl            | 0.043525636 |
|    clip_fraction        | 0.247       |
|    clip_range           | 0.2         |
|    entropy_loss         | -1.25       |
|    explained_variance   | 0.77        |
|    learning_rate        | 0.0003      |
|    loss                 | 0.263       |
|    n_updates            | 2318        |
|    policy_gradient_loss | -0.017      |
|    std                  | 0.452       |
|    value_loss           | 0.731       |
-----------------------------------------
Early stopping at step 4 due to reaching max kl: 0.05
----------------------------------------
| rollout/                |            |
|    ep_len_mean          | 51.4       |
|    ep_rew_mean          | -50.5      |
| time/                   |            |
|    fps                  | 87         |
|    iterations           | 308        |
|    time_elapsed         | 17954      |
|    total_timesteps      | 1576960    |
| train/                  |            |
|    approx_kl            | 0.04154998 |
|    clip_fraction        | 0.243      |
|    clip_range           | 0.2        |
|    entropy_loss         | -1.25      |
|    explained_variance   | 0.768      |
|    learning_rate        | 0.0003     |
|    loss                 | 0.244      |
|    n_updates            | 2323       |
|    policy_gradient_loss | -0.0116    |
|    std                  | 0.453      |
|    value_loss           | 0.786      |
----------------------------------------
Early stopping at step 5 due to reaching max kl: 0.05
-----------------------------------------
| rollout/                |             |
|    ep_len_mean          | 47.1        |
|    ep_rew_mean          | -101        |
| time/                   |             |
|    fps                  | 87          |
|    iterations           | 309         |
|    time_elapsed         | 18006       |
|    total_timesteps      | 1582080     |
| train/                  |             |
|    approx_kl            | 0.039132476 |
|    clip_fraction        | 0.261       |
|    clip_range           | 0.2         |
|    entropy_loss         | -1.25       |
|    explained_variance   | 0.787       |
|    learning_rate        | 0.0003      |
|    loss                 | 0.104       |
|    n_updates            | 2329        |
|    policy_gradient_loss | -0.0175     |
|    std                  | 0.452       |
|    value_loss           | 0.568       |
-----------------------------------------
Early stopping at step 2 due to reaching max kl: 0.05
-----------------------------------------
| rollout/                |             |
|    ep_len_mean          | 48.1        |
|    ep_rew_mean          | -92.3       |
| time/                   |             |
|    fps                  | 87          |
|    iterations           | 310         |
|    time_elapsed         | 18061       |
|    total_timesteps      | 1587200     |
| train/                  |             |
|    approx_kl            | 0.036798872 |
|    clip_fraction        | 0.197       |
|    clip_range           | 0.2         |
|    entropy_loss         | -1.25       |
|    explained_variance   | 0.755       |
|    learning_rate        | 0.0003      |
|    loss                 | 0.264       |
|    n_updates            | 2332        |
|    policy_gradient_loss | -0.000686   |
|    std                  | 0.451       |
|    value_loss           | 0.958       |
-----------------------------------------
Early stopping at step 3 due to reaching max kl: 0.05
-----------------------------------------
| rollout/                |             |
|    ep_len_mean          | 48.1        |
|    ep_rew_mean          | -79.8       |
| time/                   |             |
|    fps                  | 87          |
|    iterations           | 311         |
|    time_elapsed         | 18113       |
|    total_timesteps      | 1592320     |
| train/                  |             |
|    approx_kl            | 0.034438953 |
|    clip_fraction        | 0.232       |
|    clip_range           | 0.2         |
|    entropy_loss         | -1.24       |
|    explained_variance   | 0.709       |
|    learning_rate        | 0.0003      |
|    loss                 | 0.3         |
|    n_updates            | 2336        |
|    policy_gradient_loss | -0.0016     |
|    std                  | 0.451       |
|    value_loss           | 0.983       |
-----------------------------------------
Early stopping at step 7 due to reaching max kl: 0.05
-----------------------------------------
| rollout/                |             |
|    ep_len_mean          | 49.5        |
|    ep_rew_mean          | -78.2       |
| time/                   |             |
|    fps                  | 87          |
|    iterations           | 312         |
|    time_elapsed         | 18165       |
|    total_timesteps      | 1597440     |
| train/                  |             |
|    approx_kl            | 0.038615208 |
|    clip_fraction        | 0.267       |
|    clip_range           | 0.2         |
|    entropy_loss         | -1.24       |
|    explained_variance   | 0.727       |
|    learning_rate        | 0.0003      |
|    loss                 | 0.317       |
|    n_updates            | 2344        |
|    policy_gradient_loss | -0.0212     |
|    std                  | 0.449       |
|    value_loss           | 0.755       |
-----------------------------------------
Early stopping at step 2 due to reaching max kl: 0.05
[EVAL] t=1,600,000 goal 0.71 collision 0.29 timeout 0.00 return -53.7 colregs -14.2 (124.3 s)
----------------------------------------------
| eval/                        |             |
|    being_overtaken/collision | 0.4         |
|    being_overtaken/colregs   | -14.6       |
|    being_overtaken/goal      | 0.6         |
|    collision_boundary        | 0           |
|    collision_obstacle        | 0.125       |
|    collision_rate            | 0.292       |
|    collision_target          | 0.167       |
|    crossing/collision        | 0.5         |
|    crossing/colregs          | -22.6       |
|    crossing/goal             | 0.5         |
|    episodes                  | 120         |
|    estops_per_episode        | 0.05        |
|    eval_wall_s               | 124         |
|    goal_rate                 | 0.708       |
|    head_on/collision         | 0.3         |
|    head_on/colregs           | -22.9       |
|    head_on/goal              | 0.7         |
|    mean_colregs_integral     | -14.2       |
|    mean_return               | -53.7       |
|    no_target/collision       | 0.1         |
|    no_target/colregs         | 0           |
|    no_target/goal            | 0.9         |
|    null/collision            | 0.2         |
|    null/colregs              | -4.87       |
|    null/goal                 | 0.8         |
|    overtaking/collision      | 0.25        |
|    overtaking/colregs        | -20         |
|    overtaking/goal           | 0.75        |
|    timeout_rate              | 0           |
|    timesteps                 | 1600000     |
| rollout/                     |             |
|    ep_len_mean               | 45.7        |
|    ep_rew_mean               | -109        |
| time/                        |             |
|    fps                       | 87          |
|    iterations                | 313         |
|    time_elapsed              | 18342       |
|    total_timesteps           | 1602560     |
| train/                       |             |
|    approx_kl                 | 0.031170284 |
|    clip_fraction             | 0.228       |
|    clip_range                | 0.2         |
|    entropy_loss              | -1.23       |
|    explained_variance        | 0.704       |
|    learning_rate             | 0.0003      |
|    loss                      | 0.778       |
|    n_updates                 | 2347        |
|    policy_gradient_loss      | -0.00618    |
|    std                       | 0.449       |
|    value_loss                | 1.15        |
----------------------------------------------
Early stopping at step 5 due to reaching max kl: 0.05
----------------------------------------
| rollout/                |            |
|    ep_len_mean          | 46.4       |
|    ep_rew_mean          | -89.2      |
| time/                   |            |
|    fps                  | 87         |
|    iterations           | 314        |
|    time_elapsed         | 18399      |
|    total_timesteps      | 1607680    |
| train/                  |            |
|    approx_kl            | 0.03719124 |
|    clip_fraction        | 0.233      |
|    clip_range           | 0.2        |
|    entropy_loss         | -1.23      |
|    explained_variance   | 0.698      |
|    learning_rate        | 0.0003     |
|    loss                 | 0.337      |
|    n_updates            | 2353       |
|    policy_gradient_loss | -0.0146    |
|    std                  | 0.446      |
|    value_loss           | 1          |
----------------------------------------
Early stopping at step 2 due to reaching max kl: 0.05
-----------------------------------------
| rollout/                |             |
|    ep_len_mean          | 45.5        |
|    ep_rew_mean          | -106        |
| time/                   |             |
|    fps                  | 87          |
|    iterations           | 315         |
|    time_elapsed         | 18453       |
|    total_timesteps      | 1612800     |
| train/                  |             |
|    approx_kl            | 0.052470803 |
|    clip_fraction        | 0.188       |
|    clip_range           | 0.2         |
|    entropy_loss         | -1.22       |
|    explained_variance   | 0.731       |
|    learning_rate        | 0.0003      |
|    loss                 | 0.409       |
|    n_updates            | 2356        |
|    policy_gradient_loss | 0.00119     |
|    std                  | 0.445       |
|    value_loss           | 1.03        |
-----------------------------------------
Early stopping at step 7 due to reaching max kl: 0.06
-----------------------------------------
| rollout/                |             |
|    ep_len_mean          | 49.5        |
|    ep_rew_mean          | -55.2       |
| time/                   |             |
|    fps                  | 87          |
|    iterations           | 316         |
|    time_elapsed         | 18505       |
|    total_timesteps      | 1617920     |
| train/                  |             |
|    approx_kl            | 0.042513568 |
|    clip_fraction        | 0.263       |
|    clip_range           | 0.2         |
|    entropy_loss         | -1.21       |
|    explained_variance   | 0.712       |
|    learning_rate        | 0.0003      |
|    loss                 | 0.264       |
|    n_updates            | 2364        |
|    policy_gradient_loss | -0.0202     |
|    std                  | 0.443       |
|    value_loss           | 0.906       |
-----------------------------------------
Early stopping at step 2 due to reaching max kl: 0.05
-----------------------------------------
| rollout/                |             |
|    ep_len_mean          | 46.3        |
|    ep_rew_mean          | -81.4       |
| time/                   |             |
|    fps                  | 87          |
|    iterations           | 317         |
|    time_elapsed         | 18559       |
|    total_timesteps      | 1623040     |
| train/                  |             |
|    approx_kl            | 0.034957565 |
|    clip_fraction        | 0.241       |
|    clip_range           | 0.2         |
|    entropy_loss         | -1.2        |
|    explained_variance   | 0.626       |
|    learning_rate        | 0.0003      |
|    loss                 | 0.342       |
|    n_updates            | 2367        |
|    policy_gradient_loss | -0.000196   |
|    std                  | 0.441       |
|    value_loss           | 1.06        |
-----------------------------------------
Early stopping at step 3 due to reaching max kl: 0.05
-----------------------------------------
| rollout/                |             |
|    ep_len_mean          | 45.4        |
|    ep_rew_mean          | -90         |
| time/                   |             |
|    fps                  | 87          |
|    iterations           | 318         |
|    time_elapsed         | 18612       |
|    total_timesteps      | 1628160     |
| train/                  |             |
|    approx_kl            | 0.037723325 |
|    clip_fraction        | 0.248       |
|    clip_range           | 0.2         |
|    entropy_loss         | -1.2        |
|    explained_variance   | 0.715       |
|    learning_rate        | 0.0003      |
|    loss                 | 0.273       |
|    n_updates            | 2371        |
|    policy_gradient_loss | -0.00321    |
|    std                  | 0.442       |
|    value_loss           | 0.912       |
-----------------------------------------
Early stopping at step 3 due to reaching max kl: 0.05
-----------------------------------------
| rollout/                |             |
|    ep_len_mean          | 48.3        |
|    ep_rew_mean          | -93.3       |
| time/                   |             |
|    fps                  | 87          |
|    iterations           | 319         |
|    time_elapsed         | 18667       |
|    total_timesteps      | 1633280     |
| train/                  |             |
|    approx_kl            | 0.043507002 |
|    clip_fraction        | 0.229       |
|    clip_range           | 0.2         |
|    entropy_loss         | -1.2        |
|    explained_variance   | 0.75        |
|    learning_rate        | 0.0003      |
|    loss                 | 0.383       |
|    n_updates            | 2375        |
|    policy_gradient_loss | -0.00893    |
|    std                  | 0.441       |
|    value_loss           | 0.955       |
-----------------------------------------
Early stopping at step 4 due to reaching max kl: 0.05
---------------------------------------
| rollout/                |           |
|    ep_len_mean          | 47.8      |
|    ep_rew_mean          | -103      |
| time/                   |           |
|    fps                  | 87        |
|    iterations           | 320       |
|    time_elapsed         | 18720     |
|    total_timesteps      | 1638400   |
| train/                  |           |
|    approx_kl            | 0.0376088 |
|    clip_fraction        | 0.251     |
|    clip_range           | 0.2       |
|    entropy_loss         | -1.2      |
|    explained_variance   | 0.691     |
|    learning_rate        | 0.0003    |
|    loss                 | 0.263     |
|    n_updates            | 2380      |
|    policy_gradient_loss | -0.0142   |
|    std                  | 0.44      |
|    value_loss           | 0.94      |
---------------------------------------
Early stopping at step 8 due to reaching max kl: 0.05
-----------------------------------------
| rollout/                |             |
|    ep_len_mean          | 46.1        |
|    ep_rew_mean          | -103        |
| time/                   |             |
|    fps                  | 87          |
|    iterations           | 321         |
|    time_elapsed         | 18774       |
|    total_timesteps      | 1643520     |
| train/                  |             |
|    approx_kl            | 0.038739488 |
|    clip_fraction        | 0.263       |
|    clip_range           | 0.2         |
|    entropy_loss         | -1.19       |
|    explained_variance   | 0.78        |
|    learning_rate        | 0.0003      |
|    loss                 | 0.12        |
|    n_updates            | 2389        |
|    policy_gradient_loss | -0.0254     |
|    std                  | 0.44        |
|    value_loss           | 0.638       |
-----------------------------------------
Early stopping at step 3 due to reaching max kl: 0.05
----------------------------------------
| rollout/                |            |
|    ep_len_mean          | 49.9       |
|    ep_rew_mean          | -64.3      |
| time/                   |            |
|    fps                  | 87         |
|    iterations           | 322        |
|    time_elapsed         | 18825      |
|    total_timesteps      | 1648640    |
| train/                  |            |
|    approx_kl            | 0.03401816 |
|    clip_fraction        | 0.203      |
|    clip_range           | 0.2        |
|    entropy_loss         | -1.19      |
|    explained_variance   | 0.79       |
|    learning_rate        | 0.0003     |
|    loss                 | 0.415      |
|    n_updates            | 2393       |
|    policy_gradient_loss | -0.00662   |
|    std                  | 0.438      |
|    value_loss           | 0.872      |
----------------------------------------
Early stopping at step 5 due to reaching max kl: 0.05
-----------------------------------------
| rollout/                |             |
|    ep_len_mean          | 45.2        |
|    ep_rew_mean          | -92.5       |
| time/                   |             |
|    fps                  | 87          |
|    iterations           | 323         |
|    time_elapsed         | 18877       |
|    total_timesteps      | 1653760     |
| train/                  |             |
|    approx_kl            | 0.041418213 |
|    clip_fraction        | 0.232       |
|    clip_range           | 0.2         |
|    entropy_loss         | -1.19       |
|    explained_variance   | 0.719       |
|    learning_rate        | 0.0003      |
|    loss                 | 0.178       |
|    n_updates            | 2399        |
|    policy_gradient_loss | -0.013      |
|    std                  | 0.438       |
|    value_loss           | 0.704       |
-----------------------------------------
Early stopping at step 2 due to reaching max kl: 0.05
----------------------------------------
| rollout/                |            |
|    ep_len_mean          | 48.2       |
|    ep_rew_mean          | -89.1      |
| time/                   |            |
|    fps                  | 87         |
|    iterations           | 324        |
|    time_elapsed         | 18932      |
|    total_timesteps      | 1658880    |
| train/                  |            |
|    approx_kl            | 0.03154702 |
|    clip_fraction        | 0.188      |
|    clip_range           | 0.2        |
|    entropy_loss         | -1.19      |
|    explained_variance   | 0.766      |
|    learning_rate        | 0.0003     |
|    loss                 | 0.285      |
|    n_updates            | 2402       |
|    policy_gradient_loss | -0.00272   |
|    std                  | 0.439      |
|    value_loss           | 0.918      |
----------------------------------------
Early stopping at step 2 due to reaching max kl: 0.06
----------------------------------------
| rollout/                |            |
|    ep_len_mean          | 44.8       |
|    ep_rew_mean          | -102       |
| time/                   |            |
|    fps                  | 87         |
|    iterations           | 325        |
|    time_elapsed         | 18987      |
|    total_timesteps      | 1664000    |
| train/                  |            |
|    approx_kl            | 0.03478799 |
|    clip_fraction        | 0.21       |
|    clip_range           | 0.2        |
|    entropy_loss         | -1.19      |
|    explained_variance   | 0.783      |
|    learning_rate        | 0.0003     |
|    loss                 | 0.284      |
|    n_updates            | 2405       |
|    policy_gradient_loss | -0.00532   |
|    std                  | 0.439      |
|    value_loss           | 0.889      |
----------------------------------------
Early stopping at step 4 due to reaching max kl: 0.05
----------------------------------------
| rollout/                |            |
|    ep_len_mean          | 43.9       |
|    ep_rew_mean          | -116       |
| time/                   |            |
|    fps                  | 87         |
|    iterations           | 326        |
|    time_elapsed         | 19042      |
|    total_timesteps      | 1669120    |
| train/                  |            |
|    approx_kl            | 0.03526456 |
|    clip_fraction        | 0.251      |
|    clip_range           | 0.2        |
|    entropy_loss         | -1.19      |
|    explained_variance   | 0.782      |
|    learning_rate        | 0.0003     |
|    loss                 | 0.248      |
|    n_updates            | 2410       |
|    policy_gradient_loss | -0.0141    |
|    std                  | 0.437      |
|    value_loss           | 0.739      |
----------------------------------------
Early stopping at step 2 due to reaching max kl: 0.05
-----------------------------------------
| rollout/                |             |
|    ep_len_mean          | 44.5        |
|    ep_rew_mean          | -94.5       |
| time/                   |             |
|    fps                  | 87          |
|    iterations           | 327         |
|    time_elapsed         | 19095       |
|    total_timesteps      | 1674240     |
| train/                  |             |
|    approx_kl            | 0.032276478 |
|    clip_fraction        | 0.237       |
|    clip_range           | 0.2         |
|    entropy_loss         | -1.18       |
|    explained_variance   | 0.761       |
|    learning_rate        | 0.0003      |
|    loss                 | 0.564       |
|    n_updates            | 2413        |
|    policy_gradient_loss | -0.00276    |
|    std                  | 0.437       |
|    value_loss           | 1.19        |
-----------------------------------------
Early stopping at step 1 due to reaching max kl: 0.05
----------------------------------------
| rollout/                |            |
|    ep_len_mean          | 47.2       |
|    ep_rew_mean          | -110       |
| time/                   |            |
|    fps                  | 87         |
|    iterations           | 328        |
|    time_elapsed         | 19146      |
|    total_timesteps      | 1679360    |
| train/                  |            |
|    approx_kl            | 0.04675868 |
|    clip_fraction        | 0.192      |
|    clip_range           | 0.2        |
|    entropy_loss         | -1.18      |
|    explained_variance   | 0.736      |
|    learning_rate        | 0.0003     |
|    loss                 | 0.584      |
|    n_updates            | 2415       |
|    policy_gradient_loss | 0.00277    |
|    std                  | 0.437      |
|    value_loss           | 1.2        |
----------------------------------------
Early stopping at step 2 due to reaching max kl: 0.06
-----------------------------------------
| rollout/                |             |
|    ep_len_mean          | 45.5        |
|    ep_rew_mean          | -86.5       |
| time/                   |             |
|    fps                  | 87          |
|    iterations           | 329         |
|    time_elapsed         | 19199       |
|    total_timesteps      | 1684480     |
| train/                  |             |
|    approx_kl            | 0.033672865 |
|    clip_fraction        | 0.221       |
|    clip_range           | 0.2         |
|    entropy_loss         | -1.18       |
|    explained_variance   | 0.797       |
|    learning_rate        | 0.0003      |
|    loss                 | 0.499       |
|    n_updates            | 2418        |
|    policy_gradient_loss | -0.0067     |
|    std                  | 0.437       |
|    value_loss           | 1.02        |
-----------------------------------------
Early stopping at step 2 due to reaching max kl: 0.05
-----------------------------------------
| rollout/                |             |
|    ep_len_mean          | 44.2        |
|    ep_rew_mean          | -95.9       |
| time/                   |             |
|    fps                  | 87          |
|    iterations           | 330         |
|    time_elapsed         | 19255       |
|    total_timesteps      | 1689600     |
| train/                  |             |
|    approx_kl            | 0.044839434 |
|    clip_fraction        | 0.26        |
|    clip_range           | 0.2         |
|    entropy_loss         | -1.18       |
|    explained_variance   | 0.784       |
|    learning_rate        | 0.0003      |
|    loss                 | 0.501       |
|    n_updates            | 2421        |
|    policy_gradient_loss | 0.003       |
|    std                  | 0.437       |
|    value_loss           | 0.911       |
-----------------------------------------
Early stopping at step 7 due to reaching max kl: 0.05
-----------------------------------------
| rollout/                |             |
|    ep_len_mean          | 45.4        |
|    ep_rew_mean          | -95.7       |
| time/                   |             |
|    fps                  | 87          |
|    iterations           | 331         |
|    time_elapsed         | 19308       |
|    total_timesteps      | 1694720     |
| train/                  |             |
|    approx_kl            | 0.035061166 |
|    clip_fraction        | 0.236       |
|    clip_range           | 0.2         |
|    entropy_loss         | -1.18       |
|    explained_variance   | 0.762       |
|    learning_rate        | 0.0003      |
|    loss                 | 0.165       |
|    n_updates            | 2429        |
|    policy_gradient_loss | -0.0223     |
|    std                  | 0.437       |
|    value_loss           | 0.766       |
-----------------------------------------
Early stopping at step 5 due to reaching max kl: 0.05
-----------------------------------------
| rollout/                |             |
|    ep_len_mean          | 43.7        |
|    ep_rew_mean          | -111        |
| time/                   |             |
|    fps                  | 87          |
|    iterations           | 332         |
|    time_elapsed         | 19359       |
|    total_timesteps      | 1699840     |
| train/                  |             |
|    approx_kl            | 0.046079453 |
|    clip_fraction        | 0.226       |
|    clip_range           | 0.2         |
|    entropy_loss         | -1.18       |
|    explained_variance   | 0.798       |
|    learning_rate        | 0.0003      |
|    loss                 | 0.331       |
|    n_updates            | 2435        |
|    policy_gradient_loss | -0.0176     |
|    std                  | 0.436       |
|    value_loss           | 0.743       |
-----------------------------------------
Early stopping at step 2 due to reaching max kl: 0.05
-----------------------------------------
| rollout/                |             |
|    ep_len_mean          | 46.4        |
|    ep_rew_mean          | -123        |
| time/                   |             |
|    fps                  | 87          |
|    iterations           | 333         |
|    time_elapsed         | 19409       |
|    total_timesteps      | 1704960     |
| train/                  |             |
|    approx_kl            | 0.036537778 |
|    clip_fraction        | 0.226       |
|    clip_range           | 0.2         |
|    entropy_loss         | -1.18       |
|    explained_variance   | 0.806       |
|    learning_rate        | 0.0003      |
|    loss                 | 0.397       |
|    n_updates            | 2438        |
|    policy_gradient_loss | -0.00195    |
|    std                  | 0.436       |
|    value_loss           | 0.887       |
-----------------------------------------
Early stopping at step 3 due to reaching max kl: 0.05
----------------------------------------
| rollout/                |            |
|    ep_len_mean          | 45.8       |
|    ep_rew_mean          | -125       |
| time/                   |            |
|    fps                  | 87         |
|    iterations           | 334        |
|    time_elapsed         | 19461      |
|    total_timesteps      | 1710080    |
| train/                  |            |
|    approx_kl            | 0.04039324 |
|    clip_fraction        | 0.218      |
|    clip_range           | 0.2        |
|    entropy_loss         | -1.18      |
|    explained_variance   | 0.792      |
|    learning_rate        | 0.0003     |
|    loss                 | 0.295      |
|    n_updates            | 2442       |
|    policy_gradient_loss | -0.00937   |
|    std                  | 0.436      |
|    value_loss           | 0.869      |
----------------------------------------
Early stopping at step 9 due to reaching max kl: 0.05
-----------------------------------------
| rollout/                |             |
|    ep_len_mean          | 47.3        |
|    ep_rew_mean          | -113        |
| time/                   |             |
|    fps                  | 87          |
|    iterations           | 335         |
|    time_elapsed         | 19516       |
|    total_timesteps      | 1715200     |
| train/                  |             |
|    approx_kl            | 0.048665166 |
|    clip_fraction        | 0.278       |
|    clip_range           | 0.2         |
|    entropy_loss         | -1.18       |
|    explained_variance   | 0.762       |
|    learning_rate        | 0.0003      |
|    loss                 | 0.212       |
|    n_updates            | 2452        |
|    policy_gradient_loss | -0.0264     |
|    std                  | 0.435       |
|    value_loss           | 0.78        |
-----------------------------------------
Early stopping at step 3 due to reaching max kl: 0.06
-----------------------------------------
| rollout/                |             |
|    ep_len_mean          | 47.4        |
|    ep_rew_mean          | -85.2       |
| time/                   |             |
|    fps                  | 87          |
|    iterations           | 336         |
|    time_elapsed         | 19568       |
|    total_timesteps      | 1720320     |
| train/                  |             |
|    approx_kl            | 0.051132243 |
|    clip_fraction        | 0.233       |
|    clip_range           | 0.2         |
|    entropy_loss         | -1.17       |
|    explained_variance   | 0.831       |
|    learning_rate        | 0.0003      |
|    loss                 | 0.178       |
|    n_updates            | 2456        |
|    policy_gradient_loss | -0.00667    |
|    std                  | 0.435       |
|    value_loss           | 0.771       |
-----------------------------------------
Early stopping at step 9 due to reaching max kl: 0.06
-----------------------------------------
| rollout/                |             |
|    ep_len_mean          | 45.8        |
|    ep_rew_mean          | -103        |
| time/                   |             |
|    fps                  | 87          |
|    iterations           | 337         |
|    time_elapsed         | 19624       |
|    total_timesteps      | 1725440     |
| train/                  |             |
|    approx_kl            | 0.037869345 |
|    clip_fraction        | 0.274       |
|    clip_range           | 0.2         |
|    entropy_loss         | -1.17       |
|    explained_variance   | 0.766       |
|    learning_rate        | 0.0003      |
|    loss                 | 0.262       |
|    n_updates            | 2466        |
|    policy_gradient_loss | -0.0275     |
|    std                  | 0.433       |
|    value_loss           | 0.595       |
-----------------------------------------
Early stopping at step 5 due to reaching max kl: 0.05
----------------------------------------
| rollout/                |            |
|    ep_len_mean          | 44.2       |
|    ep_rew_mean          | -128       |
| time/                   |            |
|    fps                  | 87         |
|    iterations           | 338        |
|    time_elapsed         | 19678      |
|    total_timesteps      | 1730560    |
| train/                  |            |
|    approx_kl            | 0.03597824 |
|    clip_fraction        | 0.251      |
|    clip_range           | 0.2        |
|    entropy_loss         | -1.16      |
|    explained_variance   | 0.817      |
|    learning_rate        | 0.0003     |
|    loss                 | 0.289      |
|    n_updates            | 2472       |
|    policy_gradient_loss | -0.0176    |
|    std                  | 0.434      |
|    value_loss           | 0.689      |
----------------------------------------
Early stopping at step 5 due to reaching max kl: 0.05
----------------------------------------
| rollout/                |            |
|    ep_len_mean          | 47.2       |
|    ep_rew_mean          | -127       |
| time/                   |            |
|    fps                  | 87         |
|    iterations           | 339        |
|    time_elapsed         | 19731      |
|    total_timesteps      | 1735680    |
| train/                  |            |
|    approx_kl            | 0.03819145 |
|    clip_fraction        | 0.259      |
|    clip_range           | 0.2        |
|    entropy_loss         | -1.16      |
|    explained_variance   | 0.819      |
|    learning_rate        | 0.0003     |
|    loss                 | 0.162      |
|    n_updates            | 2478       |
|    policy_gradient_loss | -0.0144    |
|    std                  | 0.433      |
|    value_loss           | 0.731      |
----------------------------------------
Early stopping at step 2 due to reaching max kl: 0.05
----------------------------------------
| rollout/                |            |
|    ep_len_mean          | 45.6       |
|    ep_rew_mean          | -77        |
| time/                   |            |
|    fps                  | 87         |
|    iterations           | 340        |
|    time_elapsed         | 19783      |
|    total_timesteps      | 1740800    |
| train/                  |            |
|    approx_kl            | 0.04850792 |
|    clip_fraction        | 0.227      |
|    clip_range           | 0.2        |
|    entropy_loss         | -1.16      |
|    explained_variance   | 0.784      |
|    learning_rate        | 0.0003     |
|    loss                 | 0.386      |
|    n_updates            | 2481       |
|    policy_gradient_loss | 0.000977   |
|    std                  | 0.433      |
|    value_loss           | 1.04       |
----------------------------------------
Early stopping at step 5 due to reaching max kl: 0.05
-----------------------------------------
| rollout/                |             |
|    ep_len_mean          | 43.4        |
|    ep_rew_mean          | -89         |
| time/                   |             |
|    fps                  | 88          |
|    iterations           | 341         |
|    time_elapsed         | 19836       |
|    total_timesteps      | 1745920     |
| train/                  |             |
|    approx_kl            | 0.042579718 |
|    clip_fraction        | 0.252       |
|    clip_range           | 0.2         |
|    entropy_loss         | -1.16       |
|    explained_variance   | 0.762       |
|    learning_rate        | 0.0003      |
|    loss                 | 0.216       |
|    n_updates            | 2487        |
|    policy_gradient_loss | -0.0182     |
|    std                  | 0.433       |
|    value_loss           | 0.704       |
-----------------------------------------
Early stopping at step 4 due to reaching max kl: 0.05
----------------------------------------
| rollout/                |            |
|    ep_len_mean          | 45.9       |
|    ep_rew_mean          | -112       |
| time/                   |            |
|    fps                  | 88         |
|    iterations           | 342        |
|    time_elapsed         | 19890      |
|    total_timesteps      | 1751040    |
| train/                  |            |
|    approx_kl            | 0.03778694 |
|    clip_fraction        | 0.22       |
|    clip_range           | 0.2        |
|    entropy_loss         | -1.16      |
|    explained_variance   | 0.803      |
|    learning_rate        | 0.0003     |
|    loss                 | 0.235      |
|    n_updates            | 2492       |
|    policy_gradient_loss | -0.0133    |
|    std                  | 0.434      |
|    value_loss           | 0.791      |
----------------------------------------
Early stopping at step 3 due to reaching max kl: 0.05
-----------------------------------------
| rollout/                |             |
|    ep_len_mean          | 46.6        |
|    ep_rew_mean          | -112        |
| time/                   |             |
|    fps                  | 88          |
|    iterations           | 343         |
|    time_elapsed         | 19941       |
|    total_timesteps      | 1756160     |
| train/                  |             |
|    approx_kl            | 0.035947185 |
|    clip_fraction        | 0.232       |
|    clip_range           | 0.2         |
|    entropy_loss         | -1.16       |
|    explained_variance   | 0.808       |
|    learning_rate        | 0.0003      |
|    loss                 | 0.232       |
|    n_updates            | 2496        |
|    policy_gradient_loss | -0.0112     |
|    std                  | 0.432       |
|    value_loss           | 0.821       |
-----------------------------------------
Early stopping at step 6 due to reaching max kl: 0.05
----------------------------------------
| rollout/                |            |
|    ep_len_mean          | 45         |
|    ep_rew_mean          | -145       |
| time/                   |            |
|    fps                  | 88         |
|    iterations           | 344        |
|    time_elapsed         | 19996      |
|    total_timesteps      | 1761280    |
| train/                  |            |
|    approx_kl            | 0.04074642 |
|    clip_fraction        | 0.263      |
|    clip_range           | 0.2        |
|    entropy_loss         | -1.16      |
|    explained_variance   | 0.798      |
|    learning_rate        | 0.0003     |
|    loss                 | 0.221      |
|    n_updates            | 2503       |
|    policy_gradient_loss | -0.0225    |
|    std                  | 0.431      |
|    value_loss           | 0.817      |
----------------------------------------
Early stopping at step 0 due to reaching max kl: 0.05
-----------------------------------------
| rollout/                |             |
|    ep_len_mean          | 46.3        |
|    ep_rew_mean          | -91.6       |
| time/                   |             |
|    fps                  | 88          |
|    iterations           | 345         |
|    time_elapsed         | 20048       |
|    total_timesteps      | 1766400     |
| train/                  |             |
|    approx_kl            | 0.025019998 |
|    clip_fraction        | 0.207       |
|    clip_range           | 0.2         |
|    entropy_loss         | -1.15       |
|    explained_variance   | 0.773       |
|    learning_rate        | 0.0003      |
|    loss                 | 0.765       |
|    n_updates            | 2504        |
|    policy_gradient_loss | 0.0203      |
|    std                  | 0.431       |
|    value_loss           | 1.31        |
-----------------------------------------
Early stopping at step 3 due to reaching max kl: 0.05
-----------------------------------------
| rollout/                |             |
|    ep_len_mean          | 46.5        |
|    ep_rew_mean          | -83.2       |
| time/                   |             |
|    fps                  | 88          |
|    iterations           | 346         |
|    time_elapsed         | 20101       |
|    total_timesteps      | 1771520     |
| train/                  |             |
|    approx_kl            | 0.052839663 |
|    clip_fraction        | 0.22        |
|    clip_range           | 0.2         |
|    entropy_loss         | -1.15       |
|    explained_variance   | 0.75        |
|    learning_rate        | 0.0003      |
|    loss                 | 0.424       |
|    n_updates            | 2508        |
|    policy_gradient_loss | -0.00486    |
|    std                  | 0.431       |
|    value_loss           | 1.02        |
-----------------------------------------
Early stopping at step 2 due to reaching max kl: 0.05
-----------------------------------------
| rollout/                |             |
|    ep_len_mean          | 47.7        |
|    ep_rew_mean          | -101        |
| time/                   |             |
|    fps                  | 88          |
|    iterations           | 347         |
|    time_elapsed         | 20153       |
|    total_timesteps      | 1776640     |
| train/                  |             |
|    approx_kl            | 0.031562652 |
|    clip_fraction        | 0.221       |
|    clip_range           | 0.2         |
|    entropy_loss         | -1.15       |
|    explained_variance   | 0.773       |
|    learning_rate        | 0.0003      |
|    loss                 | 0.42        |
|    n_updates            | 2511        |
|    policy_gradient_loss | -0.00242    |
|    std                  | 0.431       |
|    value_loss           | 0.929       |
-----------------------------------------
Early stopping at step 3 due to reaching max kl: 0.05
----------------------------------------
| rollout/                |            |
|    ep_len_mean          | 48.4       |
|    ep_rew_mean          | -63.7      |
| time/                   |            |
|    fps                  | 88         |
|    iterations           | 348        |
|    time_elapsed         | 20209      |
|    total_timesteps      | 1781760    |
| train/                  |            |
|    approx_kl            | 0.03756096 |
|    clip_fraction        | 0.245      |
|    clip_range           | 0.2        |
|    entropy_loss         | -1.15      |
|    explained_variance   | 0.775      |
|    learning_rate        | 0.0003     |
|    loss                 | 0.251      |
|    n_updates            | 2515       |
|    policy_gradient_loss | -0.01      |
|    std                  | 0.43       |
|    value_loss           | 0.746      |
----------------------------------------
Early stopping at step 2 due to reaching max kl: 0.05
-----------------------------------------
| rollout/                |             |
|    ep_len_mean          | 45.9        |
|    ep_rew_mean          | -96.3       |
| time/                   |             |
|    fps                  | 88          |
|    iterations           | 349         |
|    time_elapsed         | 20260       |
|    total_timesteps      | 1786880     |
| train/                  |             |
|    approx_kl            | 0.033757303 |
|    clip_fraction        | 0.224       |
|    clip_range           | 0.2         |
|    entropy_loss         | -1.15       |
|    explained_variance   | 0.789       |
|    learning_rate        | 0.0003      |
|    loss                 | 0.329       |
|    n_updates            | 2518        |
|    policy_gradient_loss | -0.00214    |
|    std                  | 0.43        |
|    value_loss           | 0.759       |
-----------------------------------------
Early stopping at step 5 due to reaching max kl: 0.05
----------------------------------------
| rollout/                |            |
|    ep_len_mean          | 47.4       |
|    ep_rew_mean          | -104       |
| time/                   |            |
|    fps                  | 88         |
|    iterations           | 350        |
|    time_elapsed         | 20313      |
|    total_timesteps      | 1792000    |
| train/                  |            |
|    approx_kl            | 0.04090419 |
|    clip_fraction        | 0.245      |
|    clip_range           | 0.2        |
|    entropy_loss         | -1.15      |
|    explained_variance   | 0.779      |
|    learning_rate        | 0.0003     |
|    loss                 | 0.192      |
|    n_updates            | 2524       |
|    policy_gradient_loss | -0.0153    |
|    std                  | 0.43       |
|    value_loss           | 0.774      |
----------------------------------------
Early stopping at step 4 due to reaching max kl: 0.05
----------------------------------------
| rollout/                |            |
|    ep_len_mean          | 50.1       |
|    ep_rew_mean          | -76.4      |
| time/                   |            |
|    fps                  | 88         |
|    iterations           | 351        |
|    time_elapsed         | 20365      |
|    total_timesteps      | 1797120    |
| train/                  |            |
|    approx_kl            | 0.04068069 |
|    clip_fraction        | 0.245      |
|    clip_range           | 0.2        |
|    entropy_loss         | -1.15      |
|    explained_variance   | 0.754      |
|    learning_rate        | 0.0003     |
|    loss                 | 0.293      |
|    n_updates            | 2529       |
|    policy_gradient_loss | -0.012     |
|    std                  | 0.43       |
|    value_loss           | 0.902      |
----------------------------------------
Early stopping at step 6 due to reaching max kl: 0.05
[EVAL] t=1,800,000 goal 0.77 collision 0.23 timeout 0.00 return -47.2 colregs -14.6 (135.3 s)
---------------------------------------------
| eval/                        |            |
|    being_overtaken/collision | 0.3        |
|    being_overtaken/colregs   | -16.9      |
|    being_overtaken/goal      | 0.7        |
|    collision_boundary        | 0.025      |
|    collision_obstacle        | 0.0833     |
|    collision_rate            | 0.233      |
|    collision_target          | 0.125      |
|    crossing/collision        | 0.35       |
|    crossing/colregs          | -18        |
|    crossing/goal             | 0.65       |
|    episodes                  | 120        |
|    estops_per_episode        | 0.0167     |
|    eval_wall_s               | 135        |
|    goal_rate                 | 0.767      |
|    head_on/collision         | 0.3        |
|    head_on/colregs           | -25.1      |
|    head_on/goal              | 0.7        |
|    mean_colregs_integral     | -14.6      |
|    mean_return               | -47.2      |
|    no_target/collision       | 0.05       |
|    no_target/colregs         | 0          |
|    no_target/goal            | 0.95       |
|    null/collision            | 0.15       |
|    null/colregs              | -4.89      |
|    null/goal                 | 0.85       |
|    overtaking/collision      | 0.25       |
|    overtaking/colregs        | -22.5      |
|    overtaking/goal           | 0.75       |
|    timeout_rate              | 0          |
|    timesteps                 | 1800000    |
| rollout/                     |            |
|    ep_len_mean               | 48.8       |
|    ep_rew_mean               | -83.3      |
| time/                        |            |
|    fps                       | 87         |
|    iterations                | 352        |
|    time_elapsed              | 20556      |
|    total_timesteps           | 1802240    |
| train/                       |            |
|    approx_kl                 | 0.03759022 |
|    clip_fraction             | 0.266      |
|    clip_range                | 0.2        |
|    entropy_loss              | -1.14      |
|    explained_variance        | 0.798      |
|    learning_rate             | 0.0003     |
|    loss                      | 0.113      |
|    n_updates                 | 2536       |
|    policy_gradient_loss      | -0.0176    |
|    std                       | 0.429      |
|    value_loss                | 0.6        |
---------------------------------------------
Early stopping at step 1 due to reaching max kl: 0.05
----------------------------------------
| rollout/                |            |
|    ep_len_mean          | 45.2       |
|    ep_rew_mean          | -114       |
| time/                   |            |
|    fps                  | 87         |
|    iterations           | 353        |
|    time_elapsed         | 20606      |
|    total_timesteps      | 1807360    |
| train/                  |            |
|    approx_kl            | 0.03213838 |
|    clip_fraction        | 0.195      |
|    clip_range           | 0.2        |
|    entropy_loss         | -1.14      |
|    explained_variance   | 0.774      |
|    learning_rate        | 0.0003     |
|    loss                 | 0.377      |
|    n_updates            | 2538       |
|    policy_gradient_loss | 0.00973    |
|    std                  | 0.428      |
|    value_loss           | 0.924      |
----------------------------------------
Early stopping at step 0 due to reaching max kl: 0.05
-----------------------------------------
| rollout/                |             |
|    ep_len_mean          | 44.2        |
|    ep_rew_mean          | -135        |
| time/                   |             |
|    fps                  | 87          |
|    iterations           | 354         |
|    time_elapsed         | 20657       |
|    total_timesteps      | 1812480     |
| train/                  |             |
|    approx_kl            | 0.017644372 |
|    clip_fraction        | 0.209       |
|    clip_range           | 0.2         |
|    entropy_loss         | -1.14       |
|    explained_variance   | 0.793       |
|    learning_rate        | 0.0003      |
|    loss                 | 0.584       |
|    n_updates            | 2539        |
|    policy_gradient_loss | 0.00927     |
|    std                  | 0.428       |
|    value_loss           | 1.05        |
-----------------------------------------
Early stopping at step 6 due to reaching max kl: 0.05
-----------------------------------------
| rollout/                |             |
|    ep_len_mean          | 45.8        |
|    ep_rew_mean          | -113        |
| time/                   |             |
|    fps                  | 87          |
|    iterations           | 355         |
|    time_elapsed         | 20716       |
|    total_timesteps      | 1817600     |
| train/                  |             |
|    approx_kl            | 0.035081454 |
|    clip_fraction        | 0.243       |
|    clip_range           | 0.2         |
|    entropy_loss         | -1.14       |
|    explained_variance   | 0.777       |
|    learning_rate        | 0.0003      |
|    loss                 | 0.351       |
|    n_updates            | 2546        |
|    policy_gradient_loss | -0.0191     |
|    std                  | 0.429       |
|    value_loss           | 1.01        |
-----------------------------------------
Early stopping at step 2 due to reaching max kl: 0.05
-----------------------------------------
| rollout/                |             |
|    ep_len_mean          | 49.8        |
|    ep_rew_mean          | -83.5       |
| time/                   |             |
|    fps                  | 87          |
|    iterations           | 356         |
|    time_elapsed         | 20777       |
|    total_timesteps      | 1822720     |
| train/                  |             |
|    approx_kl            | 0.041845962 |
|    clip_fraction        | 0.177       |
|    clip_range           | 0.2         |
|    entropy_loss         | -1.14       |
|    explained_variance   | 0.788       |
|    learning_rate        | 0.0003      |
|    loss                 | 0.307       |
|    n_updates            | 2549        |
|    policy_gradient_loss | -0.0025     |
|    std                  | 0.429       |
|    value_loss           | 0.954       |
-----------------------------------------
Early stopping at step 3 due to reaching max kl: 0.05
-----------------------------------------
| rollout/                |             |
|    ep_len_mean          | 45.1        |
|    ep_rew_mean          | -108        |
| time/                   |             |
|    fps                  | 87          |
|    iterations           | 357         |
|    time_elapsed         | 20830       |
|    total_timesteps      | 1827840     |
| train/                  |             |
|    approx_kl            | 0.038371112 |
|    clip_fraction        | 0.225       |
|    clip_range           | 0.2         |
|    entropy_loss         | -1.14       |
|    explained_variance   | 0.752       |
|    learning_rate        | 0.0003      |
|    loss                 | 0.402       |
|    n_updates            | 2553        |
|    policy_gradient_loss | -0.0064     |
|    std                  | 0.429       |
|    value_loss           | 0.836       |
-----------------------------------------
Early stopping at step 1 due to reaching max kl: 0.05
----------------------------------------
| rollout/                |            |
|    ep_len_mean          | 48.6       |
|    ep_rew_mean          | -65.4      |
| time/                   |            |
|    fps                  | 87         |
|    iterations           | 358        |
|    time_elapsed         | 20881      |
|    total_timesteps      | 1832960    |
| train/                  |            |
|    approx_kl            | 0.03562821 |
|    clip_fraction        | 0.252      |
|    clip_range           | 0.2        |
|    entropy_loss         | -1.15      |
|    explained_variance   | 0.782      |
|    learning_rate        | 0.0003     |
|    loss                 | 0.487      |
|    n_updates            | 2555       |
|    policy_gradient_loss | 0.00596    |
|    std                  | 0.43       |
|    value_loss           | 1.1        |
----------------------------------------
Early stopping at step 5 due to reaching max kl: 0.05
-----------------------------------------
| rollout/                |             |
|    ep_len_mean          | 50.6        |
|    ep_rew_mean          | -87.8       |
| time/                   |             |
|    fps                  | 87          |
|    iterations           | 359         |
|    time_elapsed         | 20935       |
|    total_timesteps      | 1838080     |
| train/                  |             |
|    approx_kl            | 0.041485876 |
|    clip_fraction        | 0.252       |
|    clip_range           | 0.2         |
|    entropy_loss         | -1.15       |
|    explained_variance   | 0.746       |
|    learning_rate        | 0.0003      |
|    loss                 | 0.158       |
|    n_updates            | 2561        |
|    policy_gradient_loss | -0.0147     |
|    std                  | 0.428       |
|    value_loss           | 0.649       |
-----------------------------------------
Early stopping at step 2 due to reaching max kl: 0.05
-----------------------------------------
| rollout/                |             |
|    ep_len_mean          | 47.9        |
|    ep_rew_mean          | -54.1       |
| time/                   |             |
|    fps                  | 87          |
|    iterations           | 360         |
|    time_elapsed         | 20987       |
|    total_timesteps      | 1843200     |
| train/                  |             |
|    approx_kl            | 0.036788445 |
|    clip_fraction        | 0.221       |
|    clip_range           | 0.2         |
|    entropy_loss         | -1.14       |
|    explained_variance   | 0.772       |
|    learning_rate        | 0.0003      |
|    loss                 | 0.324       |
|    n_updates            | 2564        |
|    policy_gradient_loss | -0.00268    |
|    std                  | 0.428       |
|    value_loss           | 0.764       |
-----------------------------------------
Early stopping at step 1 due to reaching max kl: 0.05
----------------------------------------
| rollout/                |            |
|    ep_len_mean          | 49         |
|    ep_rew_mean          | -95.5      |
| time/                   |            |
|    fps                  | 87         |
|    iterations           | 361        |
|    time_elapsed         | 21045      |
|    total_timesteps      | 1848320    |
| train/                  |            |
|    approx_kl            | 0.03728564 |
|    clip_fraction        | 0.211      |
|    clip_range           | 0.2        |
|    entropy_loss         | -1.14      |
|    explained_variance   | 0.789      |
|    learning_rate        | 0.0003     |
|    loss                 | 0.293      |
|    n_updates            | 2566       |
|    policy_gradient_loss | 0.00462    |
|    std                  | 0.428      |
|    value_loss           | 0.73       |
----------------------------------------
Early stopping at step 1 due to reaching max kl: 0.05
----------------------------------------
| rollout/                |            |
|    ep_len_mean          | 45.8       |
|    ep_rew_mean          | -108       |
| time/                   |            |
|    fps                  | 87         |
|    iterations           | 362        |
|    time_elapsed         | 21106      |
|    total_timesteps      | 1853440    |
| train/                  |            |
|    approx_kl            | 0.02563704 |
|    clip_fraction        | 0.164      |
|    clip_range           | 0.2        |
|    entropy_loss         | -1.14      |
|    explained_variance   | 0.726      |
|    learning_rate        | 0.0003     |
|    loss                 | 0.436      |
|    n_updates            | 2568       |
|    policy_gradient_loss | -0.000807  |
|    std                  | 0.429      |
|    value_loss           | 1.08       |
----------------------------------------
Early stopping at step 4 due to reaching max kl: 0.05
-----------------------------------------
| rollout/                |             |
|    ep_len_mean          | 48.8        |
|    ep_rew_mean          | -76.5       |
| time/                   |             |
|    fps                  | 87          |
|    iterations           | 363         |
|    time_elapsed         | 21161       |
|    total_timesteps      | 1858560     |
| train/                  |             |
|    approx_kl            | 0.047692116 |
|    clip_fraction        | 0.238       |
|    clip_range           | 0.2         |
|    entropy_loss         | -1.15       |
|    explained_variance   | 0.757       |
|    learning_rate        | 0.0003      |
|    loss                 | 0.341       |
|    n_updates            | 2573        |
|    policy_gradient_loss | -0.0103     |
|    std                  | 0.431       |
|    value_loss           | 0.909       |
-----------------------------------------
Early stopping at step 3 due to reaching max kl: 0.06
----------------------------------------
| rollout/                |            |
|    ep_len_mean          | 49.5       |
|    ep_rew_mean          | -61.3      |
| time/                   |            |
|    fps                  | 87         |
|    iterations           | 364        |
|    time_elapsed         | 21214      |
|    total_timesteps      | 1863680    |
| train/                  |            |
|    approx_kl            | 0.03939584 |
|    clip_fraction        | 0.227      |
|    clip_range           | 0.2        |
|    entropy_loss         | -1.15      |
|    explained_variance   | 0.765      |
|    learning_rate        | 0.0003     |
|    loss                 | 0.301      |
|    n_updates            | 2577       |
|    policy_gradient_loss | -0.00894   |
|    std                  | 0.431      |
|    value_loss           | 0.751      |
----------------------------------------
Early stopping at step 2 due to reaching max kl: 0.05
-----------------------------------------
| rollout/                |             |
|    ep_len_mean          | 47.2        |
|    ep_rew_mean          | -110        |
| time/                   |             |
|    fps                  | 87          |
|    iterations           | 365         |
|    time_elapsed         | 21266       |
|    total_timesteps      | 1868800     |
| train/                  |             |
|    approx_kl            | 0.032821637 |
|    clip_fraction        | 0.195       |
|    clip_range           | 0.2         |
|    entropy_loss         | -1.15       |
|    explained_variance   | 0.696       |
|    learning_rate        | 0.0003      |
|    loss                 | 0.401       |
|    n_updates            | 2580        |
|    policy_gradient_loss | -0.00515    |
|    std                  | 0.431       |
|    value_loss           | 0.977       |
-----------------------------------------
Early stopping at step 2 due to reaching max kl: 0.05
-----------------------------------------
| rollout/                |             |
|    ep_len_mean          | 48.7        |
|    ep_rew_mean          | -94.9       |
| time/                   |             |
|    fps                  | 87          |
|    iterations           | 366         |
|    time_elapsed         | 21318       |
|    total_timesteps      | 1873920     |
| train/                  |             |
|    approx_kl            | 0.033151716 |
|    clip_fraction        | 0.213       |
|    clip_range           | 0.2         |
|    entropy_loss         | -1.15       |
|    explained_variance   | 0.729       |
|    learning_rate        | 0.0003      |
|    loss                 | 0.364       |
|    n_updates            | 2583        |
|    policy_gradient_loss | -0.00631    |
|    std                  | 0.431       |
|    value_loss           | 1.01        |
-----------------------------------------
Early stopping at step 0 due to reaching max kl: 0.06
-----------------------------------------
| rollout/                |             |
|    ep_len_mean          | 48.5        |
|    ep_rew_mean          | -83.1       |
| time/                   |             |
|    fps                  | 87          |
|    iterations           | 367         |
|    time_elapsed         | 21372       |
|    total_timesteps      | 1879040     |
| train/                  |             |
|    approx_kl            | 0.018633287 |
|    clip_fraction        | 0.177       |
|    clip_range           | 0.2         |
|    entropy_loss         | -1.15       |
|    explained_variance   | 0.777       |
|    learning_rate        | 0.0003      |
|    loss                 | 0.637       |
|    n_updates            | 2584        |
|    policy_gradient_loss | 0.0157      |
|    std                  | 0.431       |
|    value_loss           | 0.993       |
-----------------------------------------
Early stopping at step 4 due to reaching max kl: 0.05
-----------------------------------------
| rollout/                |             |
|    ep_len_mean          | 47.9        |
|    ep_rew_mean          | -105        |
| time/                   |             |
|    fps                  | 87          |
|    iterations           | 368         |
|    time_elapsed         | 21427       |
|    total_timesteps      | 1884160     |
| train/                  |             |
|    approx_kl            | 0.037130337 |
|    clip_fraction        | 0.233       |
|    clip_range           | 0.2         |
|    entropy_loss         | -1.15       |
|    explained_variance   | 0.787       |
|    learning_rate        | 0.0003      |
|    loss                 | 0.281       |
|    n_updates            | 2589        |
|    policy_gradient_loss | -0.0075     |
|    std                  | 0.432       |
|    value_loss           | 0.781       |
-----------------------------------------
Early stopping at step 1 due to reaching max kl: 0.05
-----------------------------------------
| rollout/                |             |
|    ep_len_mean          | 44.4        |
|    ep_rew_mean          | -97.3       |
| time/                   |             |
|    fps                  | 87          |
|    iterations           | 369         |
|    time_elapsed         | 21479       |
|    total_timesteps      | 1889280     |
| train/                  |             |
|    approx_kl            | 0.026713973 |
|    clip_fraction        | 0.196       |
|    clip_range           | 0.2         |
|    entropy_loss         | -1.16       |
|    explained_variance   | 0.829       |
|    learning_rate        | 0.0003      |
|    loss                 | 0.439       |
|    n_updates            | 2591        |
|    policy_gradient_loss | 0.00501     |
|    std                  | 0.432       |
|    value_loss           | 0.912       |
-----------------------------------------
Early stopping at step 5 due to reaching max kl: 0.05
-----------------------------------------
| rollout/                |             |
|    ep_len_mean          | 48.7        |
|    ep_rew_mean          | -89.4       |
| time/                   |             |
|    fps                  | 87          |
|    iterations           | 370         |
|    time_elapsed         | 21531       |
|    total_timesteps      | 1894400     |
| train/                  |             |
|    approx_kl            | 0.038803555 |
|    clip_fraction        | 0.263       |
|    clip_range           | 0.2         |
|    entropy_loss         | -1.16       |
|    explained_variance   | 0.764       |
|    learning_rate        | 0.0003      |
|    loss                 | 0.252       |
|    n_updates            | 2597        |
|    policy_gradient_loss | -0.0164     |
|    std                  | 0.432       |
|    value_loss           | 0.786       |
-----------------------------------------
Early stopping at step 0 due to reaching max kl: 0.05
-----------------------------------------
| rollout/                |             |
|    ep_len_mean          | 47          |
|    ep_rew_mean          | -109        |
| time/                   |             |
|    fps                  | 88          |
|    iterations           | 371         |
|    time_elapsed         | 21582       |
|    total_timesteps      | 1899520     |
| train/                  |             |
|    approx_kl            | 0.015819158 |
|    clip_fraction        | 0.162       |
|    clip_range           | 0.2         |
|    entropy_loss         | -1.16       |
|    explained_variance   | 0.751       |
|    learning_rate        | 0.0003      |
|    loss                 | 0.65        |
|    n_updates            | 2598        |
|    policy_gradient_loss | 0.00677     |
|    std                  | 0.432       |
|    value_loss           | 1.04        |
-----------------------------------------
Early stopping at step 4 due to reaching max kl: 0.05
-----------------------------------------
| rollout/                |             |
|    ep_len_mean          | 49.9        |
|    ep_rew_mean          | -58.8       |
| time/                   |             |
|    fps                  | 88          |
|    iterations           | 372         |
|    time_elapsed         | 21636       |
|    total_timesteps      | 1904640     |
| train/                  |             |
|    approx_kl            | 0.043256093 |
|    clip_fraction        | 0.232       |
|    clip_range           | 0.2         |
|    entropy_loss         | -1.16       |
|    explained_variance   | 0.777       |
|    learning_rate        | 0.0003      |
|    loss                 | 0.207       |
|    n_updates            | 2603        |
|    policy_gradient_loss | -0.0136     |
|    std                  | 0.433       |
|    value_loss           | 0.816       |
-----------------------------------------
Early stopping at step 3 due to reaching max kl: 0.05
-----------------------------------------
| rollout/                |             |
|    ep_len_mean          | 45.8        |
|    ep_rew_mean          | -116        |
| time/                   |             |
|    fps                  | 88          |
|    iterations           | 373         |
|    time_elapsed         | 21688       |
|    total_timesteps      | 1909760     |
| train/                  |             |
|    approx_kl            | 0.040233757 |
|    clip_fraction        | 0.222       |
|    clip_range           | 0.2         |
|    entropy_loss         | -1.16       |
|    explained_variance   | 0.795       |
|    learning_rate        | 0.0003      |
|    loss                 | 0.165       |
|    n_updates            | 2607        |
|    policy_gradient_loss | -0.0105     |
|    std                  | 0.432       |
|    value_loss           | 0.637       |
-----------------------------------------
Early stopping at step 2 due to reaching max kl: 0.05
----------------------------------------
| rollout/                |            |
|    ep_len_mean          | 45.2       |
|    ep_rew_mean          | -119       |
| time/                   |            |
|    fps                  | 88         |
|    iterations           | 374        |
|    time_elapsed         | 21740      |
|    total_timesteps      | 1914880    |
| train/                  |            |
|    approx_kl            | 0.03343862 |
|    clip_fraction        | 0.25       |
|    clip_range           | 0.2        |
|    entropy_loss         | -1.16      |
|    explained_variance   | 0.707      |
|    learning_rate        | 0.0003     |
|    loss                 | 0.565      |
|    n_updates            | 2610       |
|    policy_gradient_loss | -0.00502   |
|    std                  | 0.432      |
|    value_loss           | 1.2        |
----------------------------------------
Early stopping at step 3 due to reaching max kl: 0.06
----------------------------------------
| rollout/                |            |
|    ep_len_mean          | 48.6       |
|    ep_rew_mean          | -104       |
| time/                   |            |
|    fps                  | 88         |
|    iterations           | 375        |
|    time_elapsed         | 21794      |
|    total_timesteps      | 1920000    |
| train/                  |            |
|    approx_kl            | 0.03598434 |
|    clip_fraction        | 0.233      |
|    clip_range           | 0.2        |
|    entropy_loss         | -1.16      |
|    explained_variance   | 0.737      |
|    learning_rate        | 0.0003     |
|    loss                 | 0.461      |
|    n_updates            | 2614       |
|    policy_gradient_loss | -0.0042    |
|    std                  | 0.432      |
|    value_loss           | 1.04       |
----------------------------------------
Early stopping at step 3 due to reaching max kl: 0.05
-----------------------------------------
| rollout/                |             |
|    ep_len_mean          | 47.5        |
|    ep_rew_mean          | -130        |
| time/                   |             |
|    fps                  | 88          |
|    iterations           | 376         |
|    time_elapsed         | 21846       |
|    total_timesteps      | 1925120     |
| train/                  |             |
|    approx_kl            | 0.037273936 |
|    clip_fraction        | 0.242       |
|    clip_range           | 0.2         |
|    entropy_loss         | -1.16       |
|    explained_variance   | 0.788       |
|    learning_rate        | 0.0003      |
|    loss                 | 0.292       |
|    n_updates            | 2618        |
|    policy_gradient_loss | -0.00653    |
|    std                  | 0.432       |
|    value_loss           | 0.795       |
-----------------------------------------
Early stopping at step 1 due to reaching max kl: 0.05
---------------------------------------
| rollout/                |           |
|    ep_len_mean          | 46.2      |
|    ep_rew_mean          | -101      |
| time/                   |           |
|    fps                  | 88        |
|    iterations           | 377       |
|    time_elapsed         | 21897     |
|    total_timesteps      | 1930240   |
| train/                  |           |
|    approx_kl            | 0.0345404 |
|    clip_fraction        | 0.207     |
|    clip_range           | 0.2       |
|    entropy_loss         | -1.15     |
|    explained_variance   | 0.815     |
|    learning_rate        | 0.0003    |
|    loss                 | 0.433     |
|    n_updates            | 2620      |
|    policy_gradient_loss | 0.00348   |
|    std                  | 0.431     |
|    value_loss           | 1.01      |
---------------------------------------
Early stopping at step 4 due to reaching max kl: 0.05
----------------------------------------
| rollout/                |            |
|    ep_len_mean          | 47.4       |
|    ep_rew_mean          | -103       |
| time/                   |            |
|    fps                  | 88         |
|    iterations           | 378        |
|    time_elapsed         | 21951      |
|    total_timesteps      | 1935360    |
| train/                  |            |
|    approx_kl            | 0.03774969 |
|    clip_fraction        | 0.233      |
|    clip_range           | 0.2        |
|    entropy_loss         | -1.15      |
|    explained_variance   | 0.833      |
|    learning_rate        | 0.0003     |
|    loss                 | 0.17       |
|    n_updates            | 2625       |
|    policy_gradient_loss | -0.0138    |
|    std                  | 0.43       |
|    value_loss           | 0.625      |
----------------------------------------
Early stopping at step 3 due to reaching max kl: 0.05
-----------------------------------------
| rollout/                |             |
|    ep_len_mean          | 48.5        |
|    ep_rew_mean          | -92.8       |
| time/                   |             |
|    fps                  | 88          |
|    iterations           | 379         |
|    time_elapsed         | 22007       |
|    total_timesteps      | 1940480     |
| train/                  |             |
|    approx_kl            | 0.037926864 |
|    clip_fraction        | 0.211       |
|    clip_range           | 0.2         |
|    entropy_loss         | -1.15       |
|    explained_variance   | 0.718       |
|    learning_rate        | 0.0003      |
|    loss                 | 0.437       |
|    n_updates            | 2629        |
|    policy_gradient_loss | -0.0102     |
|    std                  | 0.43        |
|    value_loss           | 1.06        |
-----------------------------------------
Early stopping at step 4 due to reaching max kl: 0.05
-----------------------------------------
| rollout/                |             |
|    ep_len_mean          | 44.9        |
|    ep_rew_mean          | -130        |
| time/                   |             |
|    fps                  | 88          |
|    iterations           | 380         |
|    time_elapsed         | 22062       |
|    total_timesteps      | 1945600     |
| train/                  |             |
|    approx_kl            | 0.043378334 |
|    clip_fraction        | 0.253       |
|    clip_range           | 0.2         |
|    entropy_loss         | -1.15       |
|    explained_variance   | 0.816       |
|    learning_rate        | 0.0003      |
|    loss                 | 0.242       |
|    n_updates            | 2634        |
|    policy_gradient_loss | -0.0106     |
|    std                  | 0.43        |
|    value_loss           | 0.662       |
-----------------------------------------
Early stopping at step 0 due to reaching max kl: 0.05
-----------------------------------------
| rollout/                |             |
|    ep_len_mean          | 46.8        |
|    ep_rew_mean          | -112        |
| time/                   |             |
|    fps                  | 88          |
|    iterations           | 381         |
|    time_elapsed         | 22114       |
|    total_timesteps      | 1950720     |
| train/                  |             |
|    approx_kl            | 0.015863681 |
|    clip_fraction        | 0.163       |
|    clip_range           | 0.2         |
|    entropy_loss         | -1.15       |
|    explained_variance   | 0.799       |
|    learning_rate        | 0.0003      |
|    loss                 | 0.504       |
|    n_updates            | 2635        |
|    policy_gradient_loss | 0.00767     |
|    std                  | 0.43        |
|    value_loss           | 1.13        |
-----------------------------------------
Early stopping at step 3 due to reaching max kl: 0.06
----------------------------------------
| rollout/                |            |
|    ep_len_mean          | 48.5       |
|    ep_rew_mean          | -81.9      |
| time/                   |            |
|    fps                  | 88         |
|    iterations           | 382        |
|    time_elapsed         | 22167      |
|    total_timesteps      | 1955840    |
| train/                  |            |
|    approx_kl            | 0.03520687 |
|    clip_fraction        | 0.236      |
|    clip_range           | 0.2        |
|    entropy_loss         | -1.15      |
|    explained_variance   | 0.807      |
|    learning_rate        | 0.0003     |
|    loss                 | 0.166      |
|    n_updates            | 2639       |
|    policy_gradient_loss | -0.00726   |
|    std                  | 0.43       |
|    value_loss           | 0.729      |
----------------------------------------
Early stopping at step 2 due to reaching max kl: 0.05
----------------------------------------
| rollout/                |            |
|    ep_len_mean          | 50.1       |
|    ep_rew_mean          | -107       |
| time/                   |            |
|    fps                  | 88         |
|    iterations           | 383        |
|    time_elapsed         | 22218      |
|    total_timesteps      | 1960960    |
| train/                  |            |
|    approx_kl            | 0.03380812 |
|    clip_fraction        | 0.204      |
|    clip_range           | 0.2        |
|    entropy_loss         | -1.15      |
|    explained_variance   | 0.85       |
|    learning_rate        | 0.0003     |
|    loss                 | 0.205      |
|    n_updates            | 2642       |
|    policy_gradient_loss | -0.00543   |
|    std                  | 0.43       |
|    value_loss           | 0.589      |
----------------------------------------
Early stopping at step 1 due to reaching max kl: 0.06
-----------------------------------------
| rollout/                |             |
|    ep_len_mean          | 48.8        |
|    ep_rew_mean          | -77.1       |
| time/                   |             |
|    fps                  | 88          |
|    iterations           | 384         |
|    time_elapsed         | 22272       |
|    total_timesteps      | 1966080     |
| train/                  |             |
|    approx_kl            | 0.032718867 |
|    clip_fraction        | 0.222       |
|    clip_range           | 0.2         |
|    entropy_loss         | -1.14       |
|    explained_variance   | 0.796       |
|    learning_rate        | 0.0003      |
|    loss                 | 0.358       |
|    n_updates            | 2644        |
|    policy_gradient_loss | 0.01        |
|    std                  | 0.429       |
|    value_loss           | 0.9         |
-----------------------------------------
Early stopping at step 1 due to reaching max kl: 0.05
-----------------------------------------
| rollout/                |             |
|    ep_len_mean          | 48.2        |
|    ep_rew_mean          | -72.7       |
| time/                   |             |
|    fps                  | 88          |
|    iterations           | 385         |
|    time_elapsed         | 22323       |
|    total_timesteps      | 1971200     |
| train/                  |             |
|    approx_kl            | 0.032160822 |
|    clip_fraction        | 0.213       |
|    clip_range           | 0.2         |
|    entropy_loss         | -1.14       |
|    explained_variance   | 0.744       |
|    learning_rate        | 0.0003      |
|    loss                 | 0.395       |
|    n_updates            | 2646        |
|    policy_gradient_loss | 0.00781     |
|    std                  | 0.429       |
|    value_loss           | 0.972       |
-----------------------------------------
Early stopping at step 1 due to reaching max kl: 0.05
-----------------------------------------
| rollout/                |             |
|    ep_len_mean          | 45.6        |
|    ep_rew_mean          | -114        |
| time/                   |             |
|    fps                  | 88          |
|    iterations           | 386         |
|    time_elapsed         | 22373       |
|    total_timesteps      | 1976320     |
| train/                  |             |
|    approx_kl            | 0.027797535 |
|    clip_fraction        | 0.222       |
|    clip_range           | 0.2         |
|    entropy_loss         | -1.14       |
|    explained_variance   | 0.734       |
|    learning_rate        | 0.0003      |
|    loss                 | 0.495       |
|    n_updates            | 2648        |
|    policy_gradient_loss | 0.00832     |
|    std                  | 0.429       |
|    value_loss           | 1.11        |
-----------------------------------------
Early stopping at step 1 due to reaching max kl: 0.05
-----------------------------------------
| rollout/                |             |
|    ep_len_mean          | 48.9        |
|    ep_rew_mean          | -67.4       |
| time/                   |             |
|    fps                  | 88          |
|    iterations           | 387         |
|    time_elapsed         | 22424       |
|    total_timesteps      | 1981440     |
| train/                  |             |
|    approx_kl            | 0.036770407 |
|    clip_fraction        | 0.202       |
|    clip_range           | 0.2         |
|    entropy_loss         | -1.14       |
|    explained_variance   | 0.775       |
|    learning_rate        | 0.0003      |
|    loss                 | 0.593       |
|    n_updates            | 2650        |
|    policy_gradient_loss | 0.00469     |
|    std                  | 0.428       |
|    value_loss           | 1.08        |
-----------------------------------------
Early stopping at step 5 due to reaching max kl: 0.05
----------------------------------------
| rollout/                |            |
|    ep_len_mean          | 49.2       |
|    ep_rew_mean          | -71.2      |
| time/                   |            |
|    fps                  | 88         |
|    iterations           | 388        |
|    time_elapsed         | 22476      |
|    total_timesteps      | 1986560    |
| train/                  |            |
|    approx_kl            | 0.03908518 |
|    clip_fraction        | 0.257      |
|    clip_range           | 0.2        |
|    entropy_loss         | -1.14      |
|    explained_variance   | 0.771      |
|    learning_rate        | 0.0003     |
|    loss                 | 0.164      |
|    n_updates            | 2656       |
|    policy_gradient_loss | -0.0229    |
|    std                  | 0.428      |
|    value_loss           | 0.666      |
----------------------------------------
Early stopping at step 1 due to reaching max kl: 0.05
----------------------------------------
| rollout/                |            |
|    ep_len_mean          | 50.4       |
|    ep_rew_mean          | -72.1      |
| time/                   |            |
|    fps                  | 88         |
|    iterations           | 389        |
|    time_elapsed         | 22529      |
|    total_timesteps      | 1991680    |
| train/                  |            |
|    approx_kl            | 0.03246923 |
|    clip_fraction        | 0.201      |
|    clip_range           | 0.2        |
|    entropy_loss         | -1.14      |
|    explained_variance   | 0.734      |
|    learning_rate        | 0.0003     |
|    loss                 | 0.471      |
|    n_updates            | 2658       |
|    policy_gradient_loss | 0.00203    |
|    std                  | 0.428      |
|    value_loss           | 1.05       |
----------------------------------------
Early stopping at step 3 due to reaching max kl: 0.05
----------------------------------------
| rollout/                |            |
|    ep_len_mean          | 46.8       |
|    ep_rew_mean          | -113       |
| time/                   |            |
|    fps                  | 88         |
|    iterations           | 390        |
|    time_elapsed         | 22585      |
|    total_timesteps      | 1996800    |
| train/                  |            |
|    approx_kl            | 0.03958319 |
|    clip_fraction        | 0.207      |
|    clip_range           | 0.2        |
|    entropy_loss         | -1.14      |
|    explained_variance   | 0.773      |
|    learning_rate        | 0.0003     |
|    loss                 | 0.277      |
|    n_updates            | 2662       |
|    policy_gradient_loss | -0.00795   |
|    std                  | 0.429      |
|    value_loss           | 0.766      |
----------------------------------------
Early stopping at step 3 due to reaching max kl: 0.05
[EVAL] t=2,000,000 goal 0.79 collision 0.21 timeout 0.00 return -31.3 colregs -14.9 (131.5 s)
----------------------------------------------
| eval/                        |             |
|    being_overtaken/collision | 0.35        |
|    being_overtaken/colregs   | -20.5       |
|    being_overtaken/goal      | 0.65        |
|    collision_boundary        | 0.0417      |
|    collision_obstacle        | 0.05        |
|    collision_rate            | 0.208       |
|    collision_target          | 0.117       |
|    crossing/collision        | 0.25        |
|    crossing/colregs          | -20.4       |
|    crossing/goal             | 0.75        |
|    episodes                  | 120         |
|    estops_per_episode        | 0.0417      |
|    eval_wall_s               | 132         |
|    goal_rate                 | 0.792       |
|    head_on/collision         | 0.35        |
|    head_on/colregs           | -26.4       |
|    head_on/goal              | 0.65        |
|    mean_colregs_integral     | -14.9       |
|    mean_return               | -31.3       |
|    no_target/collision       | 0.05        |
|    no_target/colregs         | 0           |
|    no_target/goal            | 0.95        |
|    null/collision            | 0.1         |
|    null/colregs              | -4.21       |
|    null/goal                 | 0.9         |
|    overtaking/collision      | 0.15        |
|    overtaking/colregs        | -17.7       |
|    overtaking/goal           | 0.85        |
|    timeout_rate              | 0           |
|    timesteps                 | 2000000     |
| rollout/                     |             |
|    ep_len_mean               | 49.8        |
|    ep_rew_mean               | -86.7       |
| time/                        |             |
|    fps                       | 87          |
|    iterations                | 391         |
|    time_elapsed              | 22771       |
|    total_timesteps           | 2001920     |
| train/                       |             |
|    approx_kl                 | 0.050868828 |
|    clip_fraction             | 0.211       |
|    clip_range                | 0.2         |
|    entropy_loss              | -1.14       |
|    explained_variance        | 0.794       |
|    learning_rate             | 0.0003      |
|    loss                      | 0.348       |
|    n_updates                 | 2666        |
|    policy_gradient_loss      | -0.0108     |
|    std                       | 0.429       |
|    value_loss                | 0.827       |
----------------------------------------------
Early stopping at step 1 due to reaching max kl: 0.05
[EVAL] t=2,001,920 goal 0.74 collision 0.26 timeout 0.00 return -49.8 colregs -15.0 (135.5 s)
done in 6.36 h -> C:\Users\hntran\asv_runs\ppo_formulation_seed0_v3
