Using cpu device
Logging to C:\Users\hntran\OneDrive - University of Tasmania\Documents\PhD\asv-path-replanning\asv-lidar\static_dynamic_obstacles\runs\tensorboard\ppo_formulation_seed0_v5_1
[CURRICULUM] t=0 -> scenario stage 1
---------------------------------
| rollout/           |          |
|    ep_len_mean     | 52.4     |
|    ep_rew_mean     | -254     |
| time/              |          |
|    fps             | 105      |
|    iterations      | 1        |
|    time_elapsed    | 48       |
|    total_timesteps | 5120     |
---------------------------------
------------------------------------------
| rollout/                |              |
|    ep_len_mean          | 55.5         |
|    ep_rew_mean          | -171         |
| time/                   |              |
|    fps                  | 100          |
|    iterations           | 2            |
|    time_elapsed         | 101          |
|    total_timesteps      | 10240        |
| train/                  |              |
|    approx_kl            | 0.0046683764 |
|    clip_fraction        | 0.0302       |
|    clip_range           | 0.2          |
|    entropy_loss         | -2.83        |
|    explained_variance   | -0.0157      |
|    learning_rate        | 0.0003       |
|    loss                 | 0.763        |
|    n_updates            | 10           |
|    policy_gradient_loss | -0.00456     |
|    std                  | 0.997        |
|    value_loss           | 2.94         |
------------------------------------------
-----------------------------------------
| rollout/                |             |
|    ep_len_mean          | 55.1        |
|    ep_rew_mean          | -183        |
| time/                   |             |
|    fps                  | 101         |
|    iterations           | 3           |
|    time_elapsed         | 151         |
|    total_timesteps      | 15360       |
| train/                  |             |
|    approx_kl            | 0.006279862 |
|    clip_fraction        | 0.0472      |
|    clip_range           | 0.2         |
|    entropy_loss         | -2.83       |
|    explained_variance   | 0.668       |
|    learning_rate        | 0.0003      |
|    loss                 | 0.472       |
|    n_updates            | 20          |
|    policy_gradient_loss | -0.00721    |
|    std                  | 0.994       |
|    value_loss           | 1.16        |
-----------------------------------------
-----------------------------------------
| rollout/                |             |
|    ep_len_mean          | 57.1        |
|    ep_rew_mean          | -140        |
| time/                   |             |
|    fps                  | 100         |
|    iterations           | 4           |
|    time_elapsed         | 203         |
|    total_timesteps      | 20480       |
| train/                  |             |
|    approx_kl            | 0.008031951 |
|    clip_fraction        | 0.0926      |
|    clip_range           | 0.2         |
|    entropy_loss         | -2.82       |
|    explained_variance   | 0.755       |
|    learning_rate        | 0.0003      |
|    loss                 | 0.563       |
|    n_updates            | 30          |
|    policy_gradient_loss | -0.00917    |
|    std                  | 0.99        |
|    value_loss           | 1.11        |
-----------------------------------------
------------------------------------------
| rollout/                |              |
|    ep_len_mean          | 56.2         |
|    ep_rew_mean          | -55.7        |
| time/                   |              |
|    fps                  | 100          |
|    iterations           | 5            |
|    time_elapsed         | 254          |
|    total_timesteps      | 25600        |
| train/                  |              |
|    approx_kl            | 0.0057287267 |
|    clip_fraction        | 0.058        |
|    clip_range           | 0.2          |
|    entropy_loss         | -2.82        |
|    explained_variance   | 0.762        |
|    learning_rate        | 0.0003       |
|    loss                 | 0.553        |
|    n_updates            | 40           |
|    policy_gradient_loss | -0.00602     |
|    std                  | 0.988        |
|    value_loss           | 1.06         |
------------------------------------------
-----------------------------------------
| rollout/                |             |
|    ep_len_mean          | 58.6        |
|    ep_rew_mean          | -11.4       |
| time/                   |             |
|    fps                  | 100         |
|    iterations           | 6           |
|    time_elapsed         | 306         |
|    total_timesteps      | 30720       |
| train/                  |             |
|    approx_kl            | 0.008197562 |
|    clip_fraction        | 0.0723      |
|    clip_range           | 0.2         |
|    entropy_loss         | -2.81       |
|    explained_variance   | 0.746       |
|    learning_rate        | 0.0003      |
|    loss                 | 0.322       |
|    n_updates            | 50          |
|    policy_gradient_loss | -0.00751    |
|    std                  | 0.983       |
|    value_loss           | 0.86        |
-----------------------------------------
-----------------------------------------
| rollout/                |             |
|    ep_len_mean          | 60.6        |
|    ep_rew_mean          | 33.1        |
| time/                   |             |
|    fps                  | 100         |
|    iterations           | 7           |
|    time_elapsed         | 357         |
|    total_timesteps      | 35840       |
| train/                  |             |
|    approx_kl            | 0.010098215 |
|    clip_fraction        | 0.0848      |
|    clip_range           | 0.2         |
|    entropy_loss         | -2.8        |
|    explained_variance   | 0.748       |
|    learning_rate        | 0.0003      |
|    loss                 | 0.353       |
|    n_updates            | 60          |
|    policy_gradient_loss | -0.00861    |
|    std                  | 0.975       |
|    value_loss           | 0.741       |
-----------------------------------------
------------------------------------------
| rollout/                |              |
|    ep_len_mean          | 59           |
|    ep_rew_mean          | 35.9         |
| time/                   |              |
|    fps                  | 100          |
|    iterations           | 8            |
|    time_elapsed         | 409          |
|    total_timesteps      | 40960        |
| train/                  |              |
|    approx_kl            | 0.0047346475 |
|    clip_fraction        | 0.0572       |
|    clip_range           | 0.2          |
|    entropy_loss         | -2.78        |
|    explained_variance   | 0.756        |
|    learning_rate        | 0.0003       |
|    loss                 | 0.205        |
|    n_updates            | 70           |
|    policy_gradient_loss | -0.00827     |
|    std                  | 0.972        |
|    value_loss           | 0.465        |
------------------------------------------
----------------------------------------
| rollout/                |            |
|    ep_len_mean          | 60.5       |
|    ep_rew_mean          | 57.1       |
| time/                   |            |
|    fps                  | 99         |
|    iterations           | 9          |
|    time_elapsed         | 461        |
|    total_timesteps      | 46080      |
| train/                  |            |
|    approx_kl            | 0.00649262 |
|    clip_fraction        | 0.0787     |
|    clip_range           | 0.2        |
|    entropy_loss         | -2.78      |
|    explained_variance   | 0.782      |
|    learning_rate        | 0.0003     |
|    loss                 | 0.2        |
|    n_updates            | 80         |
|    policy_gradient_loss | -0.00815   |
|    std                  | 0.97       |
|    value_loss           | 0.468      |
----------------------------------------
------------------------------------------
| rollout/                |              |
|    ep_len_mean          | 58.7         |
|    ep_rew_mean          | 44.4         |
| time/                   |              |
|    fps                  | 99           |
|    iterations           | 10           |
|    time_elapsed         | 513          |
|    total_timesteps      | 51200        |
| train/                  |              |
|    approx_kl            | 0.0072088474 |
|    clip_fraction        | 0.0766       |
|    clip_range           | 0.2          |
|    entropy_loss         | -2.77        |
|    explained_variance   | 0.787        |
|    learning_rate        | 0.0003       |
|    loss                 | 0.145        |
|    n_updates            | 90           |
|    policy_gradient_loss | -0.00737     |
|    std                  | 0.965        |
|    value_loss           | 0.399        |
------------------------------------------
------------------------------------------
| rollout/                |              |
|    ep_len_mean          | 59.9         |
|    ep_rew_mean          | 78.5         |
| time/                   |              |
|    fps                  | 99           |
|    iterations           | 11           |
|    time_elapsed         | 565          |
|    total_timesteps      | 56320        |
| train/                  |              |
|    approx_kl            | 0.0077980757 |
|    clip_fraction        | 0.097        |
|    clip_range           | 0.2          |
|    entropy_loss         | -2.76        |
|    explained_variance   | 0.754        |
|    learning_rate        | 0.0003       |
|    loss                 | 0.129        |
|    n_updates            | 100          |
|    policy_gradient_loss | -0.00741     |
|    std                  | 0.962        |
|    value_loss           | 0.534        |
------------------------------------------
------------------------------------------
| rollout/                |              |
|    ep_len_mean          | 59.4         |
|    ep_rew_mean          | 79.5         |
| time/                   |              |
|    fps                  | 99           |
|    iterations           | 12           |
|    time_elapsed         | 617          |
|    total_timesteps      | 61440        |
| train/                  |              |
|    approx_kl            | 0.0069354177 |
|    clip_fraction        | 0.114        |
|    clip_range           | 0.2          |
|    entropy_loss         | -2.76        |
|    explained_variance   | 0.742        |
|    learning_rate        | 0.0003       |
|    loss                 | 0.128        |
|    n_updates            | 110          |
|    policy_gradient_loss | -0.0104      |
|    std                  | 0.96         |
|    value_loss           | 0.297        |
------------------------------------------
------------------------------------------
| rollout/                |              |
|    ep_len_mean          | 58.8         |
|    ep_rew_mean          | 86.6         |
| time/                   |              |
|    fps                  | 99           |
|    iterations           | 13           |
|    time_elapsed         | 669          |
|    total_timesteps      | 66560        |
| train/                  |              |
|    approx_kl            | 0.0110168895 |
|    clip_fraction        | 0.107        |
|    clip_range           | 0.2          |
|    entropy_loss         | -2.75        |
|    explained_variance   | 0.9          |
|    learning_rate        | 0.0003       |
|    loss                 | 0.224        |
|    n_updates            | 120          |
|    policy_gradient_loss | -0.00832     |
|    std                  | 0.953        |
|    value_loss           | 0.135        |
------------------------------------------
-----------------------------------------
| rollout/                |             |
|    ep_len_mean          | 60.7        |
|    ep_rew_mean          | 103         |
| time/                   |             |
|    fps                  | 99          |
|    iterations           | 14          |
|    time_elapsed         | 723         |
|    total_timesteps      | 71680       |
| train/                  |             |
|    approx_kl            | 0.007998434 |
|    clip_fraction        | 0.0936      |
|    clip_range           | 0.2         |
|    entropy_loss         | -2.73       |
|    explained_variance   | 0.909       |
|    learning_rate        | 0.0003      |
|    loss                 | 0.0148      |
|    n_updates            | 130         |
|    policy_gradient_loss | -0.00848    |
|    std                  | 0.94        |
|    value_loss           | 0.0841      |
-----------------------------------------
-----------------------------------------
| rollout/                |             |
|    ep_len_mean          | 61.8        |
|    ep_rew_mean          | 104         |
| time/                   |             |
|    fps                  | 99          |
|    iterations           | 15          |
|    time_elapsed         | 774         |
|    total_timesteps      | 76800       |
| train/                  |             |
|    approx_kl            | 0.009283369 |
|    clip_fraction        | 0.0877      |
|    clip_range           | 0.2         |
|    entropy_loss         | -2.7        |
|    explained_variance   | 0.956       |
|    learning_rate        | 0.0003      |
|    loss                 | -0.000283   |
|    n_updates            | 140         |
|    policy_gradient_loss | -0.0117     |
|    std                  | 0.924       |
|    value_loss           | 0.0259      |
-----------------------------------------
-----------------------------------------
| rollout/                |             |
|    ep_len_mean          | 62.5        |
|    ep_rew_mean          | 108         |
| time/                   |             |
|    fps                  | 99          |
|    iterations           | 16          |
|    time_elapsed         | 825         |
|    total_timesteps      | 81920       |
| train/                  |             |
|    approx_kl            | 0.014331336 |
|    clip_fraction        | 0.147       |
|    clip_range           | 0.2         |
|    entropy_loss         | -2.66       |
|    explained_variance   | 0.974       |
|    learning_rate        | 0.0003      |
|    loss                 | -0.00519    |
|    n_updates            | 150         |
|    policy_gradient_loss | -0.0115     |
|    std                  | 0.908       |
|    value_loss           | 0.0206      |
-----------------------------------------
----------------------------------------
| rollout/                |            |
|    ep_len_mean          | 61.6       |
|    ep_rew_mean          | 108        |
| time/                   |            |
|    fps                  | 99         |
|    iterations           | 17         |
|    time_elapsed         | 877        |
|    total_timesteps      | 87040      |
| train/                  |            |
|    approx_kl            | 0.01194564 |
|    clip_fraction        | 0.151      |
|    clip_range           | 0.2        |
|    entropy_loss         | -2.64      |
|    explained_variance   | 0.975      |
|    learning_rate        | 0.0003     |
|    loss                 | -0.0197    |
|    n_updates            | 160        |
|    policy_gradient_loss | -0.0167    |
|    std                  | 0.901      |
|    value_loss           | 0.0215     |
----------------------------------------
-----------------------------------------
| rollout/                |             |
|    ep_len_mean          | 61.8        |
|    ep_rew_mean          | 112         |
| time/                   |             |
|    fps                  | 99          |
|    iterations           | 18          |
|    time_elapsed         | 929         |
|    total_timesteps      | 92160       |
| train/                  |             |
|    approx_kl            | 0.010564968 |
|    clip_fraction        | 0.115       |
|    clip_range           | 0.2         |
|    entropy_loss         | -2.61       |
|    explained_variance   | 0.98        |
|    learning_rate        | 0.0003      |
|    loss                 | -0.0111     |
|    n_updates            | 170         |
|    policy_gradient_loss | -0.0128     |
|    std                  | 0.883       |
|    value_loss           | 0.0177      |
-----------------------------------------
-----------------------------------------
| rollout/                |             |
|    ep_len_mean          | 62.8        |
|    ep_rew_mean          | 99.4        |
| time/                   |             |
|    fps                  | 99          |
|    iterations           | 19          |
|    time_elapsed         | 977         |
|    total_timesteps      | 97280       |
| train/                  |             |
|    approx_kl            | 0.012687053 |
|    clip_fraction        | 0.119       |
|    clip_range           | 0.2         |
|    entropy_loss         | -2.58       |
|    explained_variance   | 0.985       |
|    learning_rate        | 0.0003      |
|    loss                 | -0.0162     |
|    n_updates            | 180         |
|    policy_gradient_loss | -0.0136     |
|    std                  | 0.873       |
|    value_loss           | 0.0147      |
-----------------------------------------
-----------------------------------------
| rollout/                |             |
|    ep_len_mean          | 61.4        |
|    ep_rew_mean          | 106         |
| time/                   |             |
|    fps                  | 101         |
|    iterations           | 20          |
|    time_elapsed         | 1013        |
|    total_timesteps      | 102400      |
| train/                  |             |
|    approx_kl            | 0.018670347 |
|    clip_fraction        | 0.162       |
|    clip_range           | 0.2         |
|    entropy_loss         | -2.56       |
|    explained_variance   | 0.822       |
|    learning_rate        | 0.0003      |
|    loss                 | 0.0316      |
|    n_updates            | 190         |
|    policy_gradient_loss | -0.00529    |
|    std                  | 0.868       |
|    value_loss           | 0.131       |
-----------------------------------------
----------------------------------------
| rollout/                |            |
|    ep_len_mean          | 61.1       |
|    ep_rew_mean          | 99.2       |
| time/                   |            |
|    fps                  | 102        |
|    iterations           | 21         |
|    time_elapsed         | 1049       |
|    total_timesteps      | 107520     |
| train/                  |            |
|    approx_kl            | 0.00925128 |
|    clip_fraction        | 0.12       |
|    clip_range           | 0.2        |
|    entropy_loss         | -2.55      |
|    explained_variance   | 0.919      |
|    learning_rate        | 0.0003     |
|    loss                 | 0.0146     |
|    n_updates            | 200        |
|    policy_gradient_loss | -0.0124    |
|    std                  | 0.865      |
|    value_loss           | 0.0721     |
----------------------------------------
---------------------------------------
| rollout/                |           |
|    ep_len_mean          | 60.7      |
|    ep_rew_mean          | 102       |
| time/                   |           |
|    fps                  | 103       |
|    iterations           | 22        |
|    time_elapsed         | 1085      |
|    total_timesteps      | 112640    |
| train/                  |           |
|    approx_kl            | 0.0090963 |
|    clip_fraction        | 0.108     |
|    clip_range           | 0.2       |
|    entropy_loss         | -2.54     |
|    explained_variance   | 0.855     |
|    learning_rate        | 0.0003    |
|    loss                 | 0.0615    |
|    n_updates            | 210       |
|    policy_gradient_loss | -0.008    |
|    std                  | 0.861     |
|    value_loss           | 0.116     |
---------------------------------------
------------------------------------------
| rollout/                |              |
|    ep_len_mean          | 61.9         |
|    ep_rew_mean          | 111          |
| time/                   |              |
|    fps                  | 105          |
|    iterations           | 23           |
|    time_elapsed         | 1120         |
|    total_timesteps      | 117760       |
| train/                  |              |
|    approx_kl            | 0.0145092085 |
|    clip_fraction        | 0.118        |
|    clip_range           | 0.2          |
|    entropy_loss         | -2.54        |
|    explained_variance   | 0.937        |
|    learning_rate        | 0.0003       |
|    loss                 | 0.0115       |
|    n_updates            | 220          |
|    policy_gradient_loss | -0.0105      |
|    std                  | 0.857        |
|    value_loss           | 0.0528       |
------------------------------------------
-----------------------------------------
| rollout/                |             |
|    ep_len_mean          | 62.9        |
|    ep_rew_mean          | 108         |
| time/                   |             |
|    fps                  | 106         |
|    iterations           | 24          |
|    time_elapsed         | 1156        |
|    total_timesteps      | 122880      |
| train/                  |             |
|    approx_kl            | 0.011693405 |
|    clip_fraction        | 0.167       |
|    clip_range           | 0.2         |
|    entropy_loss         | -2.52       |
|    explained_variance   | 0.971       |
|    learning_rate        | 0.0003      |
|    loss                 | -0.00475    |
|    n_updates            | 230         |
|    policy_gradient_loss | -0.0127     |
|    std                  | 0.851       |
|    value_loss           | 0.0219      |
-----------------------------------------
-----------------------------------------
| rollout/                |             |
|    ep_len_mean          | 61.9        |
|    ep_rew_mean          | 110         |
| time/                   |             |
|    fps                  | 107         |
|    iterations           | 25          |
|    time_elapsed         | 1192        |
|    total_timesteps      | 128000      |
| train/                  |             |
|    approx_kl            | 0.011472602 |
|    clip_fraction        | 0.175       |
|    clip_range           | 0.2         |
|    entropy_loss         | -2.51       |
|    explained_variance   | 0.955       |
|    learning_rate        | 0.0003      |
|    loss                 | -0.00285    |
|    n_updates            | 240         |
|    policy_gradient_loss | -0.0139     |
|    std                  | 0.848       |
|    value_loss           | 0.0258      |
-----------------------------------------
-----------------------------------------
| rollout/                |             |
|    ep_len_mean          | 61.7        |
|    ep_rew_mean          | 115         |
| time/                   |             |
|    fps                  | 108         |
|    iterations           | 26          |
|    time_elapsed         | 1230        |
|    total_timesteps      | 133120      |
| train/                  |             |
|    approx_kl            | 0.009056279 |
|    clip_fraction        | 0.125       |
|    clip_range           | 0.2         |
|    entropy_loss         | -2.5        |
|    explained_variance   | 0.937       |
|    learning_rate        | 0.0003      |
|    loss                 | -0.00672    |
|    n_updates            | 250         |
|    policy_gradient_loss | -0.0128     |
|    std                  | 0.842       |
|    value_loss           | 0.0474      |
-----------------------------------------
-----------------------------------------
| rollout/                |             |
|    ep_len_mean          | 61.9        |
|    ep_rew_mean          | 116         |
| time/                   |             |
|    fps                  | 108         |
|    iterations           | 27          |
|    time_elapsed         | 1277        |
|    total_timesteps      | 138240      |
| train/                  |             |
|    approx_kl            | 0.017161524 |
|    clip_fraction        | 0.164       |
|    clip_range           | 0.2         |
|    entropy_loss         | -2.48       |
|    explained_variance   | 0.981       |
|    learning_rate        | 0.0003      |
|    loss                 | -0.00487    |
|    n_updates            | 260         |
|    policy_gradient_loss | -0.0112     |
|    std                  | 0.835       |
|    value_loss           | 0.0173      |
-----------------------------------------
-----------------------------------------
| rollout/                |             |
|    ep_len_mean          | 61.7        |
|    ep_rew_mean          | 115         |
| time/                   |             |
|    fps                  | 109         |
|    iterations           | 28          |
|    time_elapsed         | 1313        |
|    total_timesteps      | 143360      |
| train/                  |             |
|    approx_kl            | 0.014881769 |
|    clip_fraction        | 0.139       |
|    clip_range           | 0.2         |
|    entropy_loss         | -2.47       |
|    explained_variance   | 0.988       |
|    learning_rate        | 0.0003      |
|    loss                 | -0.0192     |
|    n_updates            | 270         |
|    policy_gradient_loss | -0.0141     |
|    std                  | 0.831       |
|    value_loss           | 0.0145      |
-----------------------------------------
Early stopping at step 4 due to reaching max kl: 0.05
-----------------------------------------
| rollout/                |             |
|    ep_len_mean          | 60.1        |
|    ep_rew_mean          | 108         |
| time/                   |             |
|    fps                  | 110         |
|    iterations           | 29          |
|    time_elapsed         | 1346        |
|    total_timesteps      | 148480      |
| train/                  |             |
|    approx_kl            | 0.045881514 |
|    clip_fraction        | 0.169       |
|    clip_range           | 0.2         |
|    entropy_loss         | -2.46       |
|    explained_variance   | 0.988       |
|    learning_rate        | 0.0003      |
|    loss                 | 0.00618     |
|    n_updates            | 275         |
|    policy_gradient_loss | -0.00367    |
|    std                  | 0.828       |
|    value_loss           | 0.0151      |
-----------------------------------------
------------------------------------------
| rollout/                |              |
|    ep_len_mean          | 59.5         |
|    ep_rew_mean          | 94.7         |
| time/                   |              |
|    fps                  | 111          |
|    iterations           | 30           |
|    time_elapsed         | 1381         |
|    total_timesteps      | 153600       |
| train/                  |              |
|    approx_kl            | 0.0076437644 |
|    clip_fraction        | 0.158        |
|    clip_range           | 0.2          |
|    entropy_loss         | -2.46        |
|    explained_variance   | 0.904        |
|    learning_rate        | 0.0003       |
|    loss                 | 0.0108       |
|    n_updates            | 285          |
|    policy_gradient_loss | -0.0032      |
|    std                  | 0.824        |
|    value_loss           | 0.094        |
------------------------------------------
-----------------------------------------
| rollout/                |             |
|    ep_len_mean          | 59.3        |
|    ep_rew_mean          | 114         |
| time/                   |             |
|    fps                  | 112         |
|    iterations           | 31          |
|    time_elapsed         | 1416        |
|    total_timesteps      | 158720      |
| train/                  |             |
|    approx_kl            | 0.010728527 |
|    clip_fraction        | 0.132       |
|    clip_range           | 0.2         |
|    entropy_loss         | -2.45       |
|    explained_variance   | 0.911       |
|    learning_rate        | 0.0003      |
|    loss                 | 0.0176      |
|    n_updates            | 295         |
|    policy_gradient_loss | -0.0087     |
|    std                  | 0.822       |
|    value_loss           | 0.0932      |
-----------------------------------------
[CURRICULUM] t=160,000 -> scenario stage 2
-----------------------------------------
| rollout/                |             |
|    ep_len_mean          | 53.9        |
|    ep_rew_mean          | 9.4         |
| time/                   |             |
|    fps                  | 112         |
|    iterations           | 32          |
|    time_elapsed         | 1454        |
|    total_timesteps      | 163840      |
| train/                  |             |
|    approx_kl            | 0.013190369 |
|    clip_fraction        | 0.131       |
|    clip_range           | 0.2         |
|    entropy_loss         | -2.44       |
|    explained_variance   | 0.975       |
|    learning_rate        | 0.0003      |
|    loss                 | -0.0132     |
|    n_updates            | 305         |
|    policy_gradient_loss | -0.0117     |
|    std                  | 0.815       |
|    value_loss           | 0.0185      |
-----------------------------------------
-----------------------------------------
| rollout/                |             |
|    ep_len_mean          | 49.3        |
|    ep_rew_mean          | -83         |
| time/                   |             |
|    fps                  | 113         |
|    iterations           | 33          |
|    time_elapsed         | 1494        |
|    total_timesteps      | 168960      |
| train/                  |             |
|    approx_kl            | 0.008200094 |
|    clip_fraction        | 0.107       |
|    clip_range           | 0.2         |
|    entropy_loss         | -2.43       |
|    explained_variance   | 0.556       |
|    learning_rate        | 0.0003      |
|    loss                 | 0.373       |
|    n_updates            | 315         |
|    policy_gradient_loss | -0.00581    |
|    std                  | 0.816       |
|    value_loss           | 1.14        |
-----------------------------------------
-----------------------------------------
| rollout/                |             |
|    ep_len_mean          | 50.2        |
|    ep_rew_mean          | -61         |
| time/                   |             |
|    fps                  | 112         |
|    iterations           | 34          |
|    time_elapsed         | 1546        |
|    total_timesteps      | 174080      |
| train/                  |             |
|    approx_kl            | 0.010731416 |
|    clip_fraction        | 0.112       |
|    clip_range           | 0.2         |
|    entropy_loss         | -2.43       |
|    explained_variance   | 0.768       |
|    learning_rate        | 0.0003      |
|    loss                 | 0.464       |
|    n_updates            | 325         |
|    policy_gradient_loss | -0.0117     |
|    std                  | 0.816       |
|    value_loss           | 1.35        |
-----------------------------------------
-----------------------------------------
| rollout/                |             |
|    ep_len_mean          | 52.8        |
|    ep_rew_mean          | -22.7       |
| time/                   |             |
|    fps                  | 111         |
|    iterations           | 35          |
|    time_elapsed         | 1604        |
|    total_timesteps      | 179200      |
| train/                  |             |
|    approx_kl            | 0.009699065 |
|    clip_fraction        | 0.115       |
|    clip_range           | 0.2         |
|    entropy_loss         | -2.43       |
|    explained_variance   | 0.805       |
|    learning_rate        | 0.0003      |
|    loss                 | 0.382       |
|    n_updates            | 335         |
|    policy_gradient_loss | -0.0101     |
|    std                  | 0.815       |
|    value_loss           | 1.19        |
-----------------------------------------
-----------------------------------------
| rollout/                |             |
|    ep_len_mean          | 53.4        |
|    ep_rew_mean          | -28         |
| time/                   |             |
|    fps                  | 111         |
|    iterations           | 36          |
|    time_elapsed         | 1654        |
|    total_timesteps      | 184320      |
| train/                  |             |
|    approx_kl            | 0.009929502 |
|    clip_fraction        | 0.109       |
|    clip_range           | 0.2         |
|    entropy_loss         | -2.43       |
|    explained_variance   | 0.815       |
|    learning_rate        | 0.0003      |
|    loss                 | 0.354       |
|    n_updates            | 345         |
|    policy_gradient_loss | -0.0115     |
|    std                  | 0.814       |
|    value_loss           | 1.07        |
-----------------------------------------
------------------------------------------
| rollout/                |              |
|    ep_len_mean          | 52.5         |
|    ep_rew_mean          | -9.84        |
| time/                   |              |
|    fps                  | 111          |
|    iterations           | 37           |
|    time_elapsed         | 1695         |
|    total_timesteps      | 189440       |
| train/                  |              |
|    approx_kl            | 0.0088660875 |
|    clip_fraction        | 0.0962       |
|    clip_range           | 0.2          |
|    entropy_loss         | -2.42        |
|    explained_variance   | 0.831        |
|    learning_rate        | 0.0003       |
|    loss                 | 0.251        |
|    n_updates            | 355          |
|    policy_gradient_loss | -0.0119      |
|    std                  | 0.813        |
|    value_loss           | 0.95         |
------------------------------------------
-----------------------------------------
| rollout/                |             |
|    ep_len_mean          | 53.6        |
|    ep_rew_mean          | -18.7       |
| time/                   |             |
|    fps                  | 109         |
|    iterations           | 38          |
|    time_elapsed         | 1776        |
|    total_timesteps      | 194560      |
| train/                  |             |
|    approx_kl            | 0.008315134 |
|    clip_fraction        | 0.0881      |
|    clip_range           | 0.2         |
|    entropy_loss         | -2.42       |
|    explained_variance   | 0.835       |
|    learning_rate        | 0.0003      |
|    loss                 | 0.233       |
|    n_updates            | 365         |
|    policy_gradient_loss | -0.0151     |
|    std                  | 0.81        |
|    value_loss           | 0.771       |
-----------------------------------------
-----------------------------------------
| rollout/                |             |
|    ep_len_mean          | 55.2        |
|    ep_rew_mean          | 8.53        |
| time/                   |             |
|    fps                  | 107         |
|    iterations           | 39          |
|    time_elapsed         | 1859        |
|    total_timesteps      | 199680      |
| train/                  |             |
|    approx_kl            | 0.012361289 |
|    clip_fraction        | 0.133       |
|    clip_range           | 0.2         |
|    entropy_loss         | -2.42       |
|    explained_variance   | 0.859       |
|    learning_rate        | 0.0003      |
|    loss                 | 0.182       |
|    n_updates            | 375         |
|    policy_gradient_loss | -0.0128     |
|    std                  | 0.811       |
|    value_loss           | 0.654       |
-----------------------------------------
[EVAL] t=200,000 supervisor off goal 0.66 collision 0.34 timeout 0.00 return -71.8 colregs -24.6 intervention 0.00 (731.3 s)
[EVAL] t=200,000 supervisor on goal 0.65 collision 0.35 timeout 0.00 return -77.4 colregs -24.1 intervention 0.02 (720.7 s)
-------------------------------------------------
| eval_supervisor_off/            |             |
|    being_overtaken/collision    | 0.5         |
|    being_overtaken/colregs      | -39         |
|    being_overtaken/goal         | 0.5         |
|    being_overtaken/intervention | 0           |
|    collision_boundary           | 0.1         |
|    collision_obstacle           | 0.025       |
|    collision_rate               | 0.342       |
|    collision_target             | 0.217       |
|    crossing/collision           | 1           |
|    crossing/colregs             | -36.4       |
|    crossing/goal                | 0           |
|    crossing/intervention        | 0           |
|    episodes                     | 120         |
|    estops_per_episode           | 0           |
|    eval_wall_s                  | 731         |
|    goal_rate                    | 0.658       |
|    head_on/collision            | 0.35        |
|    head_on/colregs              | -38.2       |
|    head_on/goal                 | 0.65        |
|    head_on/intervention         | 0           |
|    intervention_rate            | 0           |
|    mean_colregs_integral        | -24.6       |
|    mean_return                  | -71.8       |
|    no_target/collision          | 0.05        |
|    no_target/colregs            | 0           |
|    no_target/goal               | 0.95        |
|    no_target/intervention       | 0           |
|    null/collision               | 0.15        |
|    null/colregs                 | -3.83       |
|    null/goal                    | 0.85        |
|    null/intervention            | 0           |
|    overtaking/collision         | 0           |
|    overtaking/colregs           | -29.8       |
|    overtaking/goal              | 1           |
|    overtaking/intervention      | 0           |
|    timeout_rate                 | 0           |
|    timesteps                    | 200000      |
| eval_supervisor_on/             |             |
|    being_overtaken/collision    | 0.5         |
|    being_overtaken/colregs      | -39         |
|    being_overtaken/goal         | 0.5         |
|    being_overtaken/intervention | 0           |
|    collision_boundary           | 0.108       |
|    collision_obstacle           | 0.025       |
|    collision_rate               | 0.35        |
|    collision_target             | 0.217       |
|    crossing/collision           | 1           |
|    crossing/colregs             | -34.1       |
|    crossing/goal                | 0           |
|    crossing/intervention        | 0.05        |
|    episodes                     | 120         |
|    estops_per_episode           | 0.0333      |
|    eval_wall_s                  | 721         |
|    goal_rate                    | 0.65        |
|    head_on/collision            | 0.35        |
|    head_on/colregs              | -38.2       |
|    head_on/goal                 | 0.65        |
|    head_on/intervention         | 0           |
|    intervention_rate            | 0.0167      |
|    mean_colregs_integral        | -24.1       |
|    mean_return                  | -77.4       |
|    no_target/collision          | 0.05        |
|    no_target/colregs            | 0           |
|    no_target/goal               | 0.95        |
|    no_target/intervention       | 0           |
|    null/collision               | 0.15        |
|    null/colregs                 | -3.83       |
|    null/goal                    | 0.85        |
|    null/intervention            | 0           |
|    overtaking/collision         | 0.05        |
|    overtaking/colregs           | -29.4       |
|    overtaking/goal              | 0.95        |
|    overtaking/intervention      | 0.05        |
|    timeout_rate                 | 0           |
|    timesteps                    | 200000      |
| rollout/                        |             |
|    ep_len_mean                  | 54.5        |
|    ep_rew_mean                  | -29         |
| time/                           |             |
|    fps                          | 60          |
|    iterations                   | 40          |
|    time_elapsed                 | 3400        |
|    total_timesteps              | 204800      |
| train/                          |             |
|    approx_kl                    | 0.009718819 |
|    clip_fraction                | 0.116       |
|    clip_range                   | 0.2         |
|    entropy_loss                 | -2.42       |
|    explained_variance           | 0.842       |
|    learning_rate                | 0.0003      |
|    loss                         | 0.218       |
|    n_updates                    | 385         |
|    policy_gradient_loss         | -0.0147     |
|    std                          | 0.81        |
|    value_loss                   | 0.588       |
-------------------------------------------------
-----------------------------------------
| rollout/                |             |
|    ep_len_mean          | 52.9        |
|    ep_rew_mean          | -46.2       |
| time/                   |             |
|    fps                  | 60          |
|    iterations           | 41          |
|    time_elapsed         | 3487        |
|    total_timesteps      | 209920      |
| train/                  |             |
|    approx_kl            | 0.009649784 |
|    clip_fraction        | 0.102       |
|    clip_range           | 0.2         |
|    entropy_loss         | -2.42       |
|    explained_variance   | 0.829       |
|    learning_rate        | 0.0003      |
|    loss                 | 0.294       |
|    n_updates            | 395         |
|    policy_gradient_loss | -0.0142     |
|    std                  | 0.809       |
|    value_loss           | 0.984       |
-----------------------------------------
-----------------------------------------
| rollout/                |             |
|    ep_len_mean          | 53.8        |
|    ep_rew_mean          | -16.8       |
| time/                   |             |
|    fps                  | 60          |
|    iterations           | 42          |
|    time_elapsed         | 3574        |
|    total_timesteps      | 215040      |
| train/                  |             |
|    approx_kl            | 0.015236022 |
|    clip_fraction        | 0.128       |
|    clip_range           | 0.2         |
|    entropy_loss         | -2.41       |
|    explained_variance   | 0.825       |
|    learning_rate        | 0.0003      |
|    loss                 | 0.509       |
|    n_updates            | 405         |
|    policy_gradient_loss | -0.0131     |
|    std                  | 0.807       |
|    value_loss           | 1.09        |
-----------------------------------------
-----------------------------------------
| rollout/                |             |
|    ep_len_mean          | 55.5        |
|    ep_rew_mean          | 19.2        |
| time/                   |             |
|    fps                  | 60          |
|    iterations           | 43          |
|    time_elapsed         | 3659        |
|    total_timesteps      | 220160      |
| train/                  |             |
|    approx_kl            | 0.010225068 |
|    clip_fraction        | 0.131       |
|    clip_range           | 0.2         |
|    entropy_loss         | -2.41       |
|    explained_variance   | 0.82        |
|    learning_rate        | 0.0003      |
|    loss                 | 0.348       |
|    n_updates            | 415         |
|    policy_gradient_loss | -0.0145     |
|    std                  | 0.805       |
|    value_loss           | 0.861       |
-----------------------------------------
-----------------------------------------
| rollout/                |             |
|    ep_len_mean          | 54.9        |
|    ep_rew_mean          | 1.15        |
| time/                   |             |
|    fps                  | 60          |
|    iterations           | 44          |
|    time_elapsed         | 3744        |
|    total_timesteps      | 225280      |
| train/                  |             |
|    approx_kl            | 0.012002444 |
|    clip_fraction        | 0.155       |
|    clip_range           | 0.2         |
|    entropy_loss         | -2.4        |
|    explained_variance   | 0.815       |
|    learning_rate        | 0.0003      |
|    loss                 | 0.21        |
|    n_updates            | 425         |
|    policy_gradient_loss | -0.0123     |
|    std                  | 0.802       |
|    value_loss           | 0.564       |
-----------------------------------------
-----------------------------------------
| rollout/                |             |
|    ep_len_mean          | 55.2        |
|    ep_rew_mean          | 16          |
| time/                   |             |
|    fps                  | 60          |
|    iterations           | 45          |
|    time_elapsed         | 3828        |
|    total_timesteps      | 230400      |
| train/                  |             |
|    approx_kl            | 0.009888179 |
|    clip_fraction        | 0.128       |
|    clip_range           | 0.2         |
|    entropy_loss         | -2.4        |
|    explained_variance   | 0.774       |
|    learning_rate        | 0.0003      |
|    loss                 | 0.343       |
|    n_updates            | 435         |
|    policy_gradient_loss | -0.0108     |
|    std                  | 0.803       |
|    value_loss           | 0.848       |
-----------------------------------------
-----------------------------------------
| rollout/                |             |
|    ep_len_mean          | 54.5        |
|    ep_rew_mean          | -6.71       |
| time/                   |             |
|    fps                  | 60          |
|    iterations           | 46          |
|    time_elapsed         | 3916        |
|    total_timesteps      | 235520      |
| train/                  |             |
|    approx_kl            | 0.019635214 |
|    clip_fraction        | 0.153       |
|    clip_range           | 0.2         |
|    entropy_loss         | -2.39       |
|    explained_variance   | 0.844       |
|    learning_rate        | 0.0003      |
|    loss                 | 0.108       |
|    n_updates            | 445         |
|    policy_gradient_loss | -0.0116     |
|    std                  | 0.796       |
|    value_loss           | 0.403       |
-----------------------------------------
-----------------------------------------
| rollout/                |             |
|    ep_len_mean          | 54.1        |
|    ep_rew_mean          | 0.884       |
| time/                   |             |
|    fps                  | 60          |
|    iterations           | 47          |
|    time_elapsed         | 4001        |
|    total_timesteps      | 240640      |
| train/                  |             |
|    approx_kl            | 0.013178994 |
|    clip_fraction        | 0.162       |
|    clip_range           | 0.2         |
|    entropy_loss         | -2.38       |
|    explained_variance   | 0.837       |
|    learning_rate        | 0.0003      |
|    loss                 | 0.115       |
|    n_updates            | 455         |
|    policy_gradient_loss | -0.0153     |
|    std                  | 0.794       |
|    value_loss           | 0.531       |
-----------------------------------------
----------------------------------------
| rollout/                |            |
|    ep_len_mean          | 54.3       |
|    ep_rew_mean          | -24.6      |
| time/                   |            |
|    fps                  | 60         |
|    iterations           | 48         |
|    time_elapsed         | 4087       |
|    total_timesteps      | 245760     |
| train/                  |            |
|    approx_kl            | 0.01693682 |
|    clip_fraction        | 0.16       |
|    clip_range           | 0.2        |
|    entropy_loss         | -2.38      |
|    explained_variance   | 0.814      |
|    learning_rate        | 0.0003     |
|    loss                 | 0.349      |
|    n_updates            | 465        |
|    policy_gradient_loss | -0.0158    |
|    std                  | 0.793      |
|    value_loss           | 0.706      |
----------------------------------------
-----------------------------------------
| rollout/                |             |
|    ep_len_mean          | 53.3        |
|    ep_rew_mean          | -11.6       |
| time/                   |             |
|    fps                  | 60          |
|    iterations           | 49          |
|    time_elapsed         | 4172        |
|    total_timesteps      | 250880      |
| train/                  |             |
|    approx_kl            | 0.017342199 |
|    clip_fraction        | 0.13        |
|    clip_range           | 0.2         |
|    entropy_loss         | -2.37       |
|    explained_variance   | 0.861       |
|    learning_rate        | 0.0003      |
|    loss                 | 0.202       |
|    n_updates            | 475         |
|    policy_gradient_loss | -0.0116     |
|    std                  | 0.793       |
|    value_loss           | 0.641       |
-----------------------------------------
----------------------------------------
| rollout/                |            |
|    ep_len_mean          | 55.8       |
|    ep_rew_mean          | 27.7       |
| time/                   |            |
|    fps                  | 60         |
|    iterations           | 50         |
|    time_elapsed         | 4254       |
|    total_timesteps      | 256000     |
| train/                  |            |
|    approx_kl            | 0.01698753 |
|    clip_fraction        | 0.143      |
|    clip_range           | 0.2        |
|    entropy_loss         | -2.37      |
|    explained_variance   | 0.842      |
|    learning_rate        | 0.0003     |
|    loss                 | 0.257      |
|    n_updates            | 485        |
|    policy_gradient_loss | -0.0112    |
|    std                  | 0.789      |
|    value_loss           | 0.682      |
----------------------------------------
-----------------------------------------
| rollout/                |             |
|    ep_len_mean          | 54.8        |
|    ep_rew_mean          | 19.4        |
| time/                   |             |
|    fps                  | 60          |
|    iterations           | 51          |
|    time_elapsed         | 4340        |
|    total_timesteps      | 261120      |
| train/                  |             |
|    approx_kl            | 0.018045865 |
|    clip_fraction        | 0.181       |
|    clip_range           | 0.2         |
|    entropy_loss         | -2.36       |
|    explained_variance   | 0.733       |
|    learning_rate        | 0.0003      |
|    loss                 | 0.169       |
|    n_updates            | 495         |
|    policy_gradient_loss | -0.0133     |
|    std                  | 0.787       |
|    value_loss           | 0.591       |
-----------------------------------------
-----------------------------------------
| rollout/                |             |
|    ep_len_mean          | 54.2        |
|    ep_rew_mean          | 1.19        |
| time/                   |             |
|    fps                  | 60          |
|    iterations           | 52          |
|    time_elapsed         | 4426        |
|    total_timesteps      | 266240      |
| train/                  |             |
|    approx_kl            | 0.012372288 |
|    clip_fraction        | 0.12        |
|    clip_range           | 0.2         |
|    entropy_loss         | -2.36       |
|    explained_variance   | 0.757       |
|    learning_rate        | 0.0003      |
|    loss                 | 0.153       |
|    n_updates            | 505         |
|    policy_gradient_loss | -0.0158     |
|    std                  | 0.786       |
|    value_loss           | 0.628       |
-----------------------------------------
------------------------------------------
| rollout/                |              |
|    ep_len_mean          | 54.5         |
|    ep_rew_mean          | 28.9         |
| time/                   |              |
|    fps                  | 60           |
|    iterations           | 53           |
|    time_elapsed         | 4510         |
|    total_timesteps      | 271360       |
| train/                  |              |
|    approx_kl            | 0.0152582545 |
|    clip_fraction        | 0.139        |
|    clip_range           | 0.2          |
|    entropy_loss         | -2.35        |
|    explained_variance   | 0.746        |
|    learning_rate        | 0.0003       |
|    loss                 | 0.329        |
|    n_updates            | 515          |
|    policy_gradient_loss | -0.0144      |
|    std                  | 0.782        |
|    value_loss           | 0.736        |
------------------------------------------
-----------------------------------------
| rollout/                |             |
|    ep_len_mean          | 55.6        |
|    ep_rew_mean          | -24.4       |
| time/                   |             |
|    fps                  | 60          |
|    iterations           | 54          |
|    time_elapsed         | 4597        |
|    total_timesteps      | 276480      |
| train/                  |             |
|    approx_kl            | 0.013698506 |
|    clip_fraction        | 0.156       |
|    clip_range           | 0.2         |
|    entropy_loss         | -2.34       |
|    explained_variance   | 0.839       |
|    learning_rate        | 0.0003      |
|    loss                 | 0.0886      |
|    n_updates            | 525         |
|    policy_gradient_loss | -0.0123     |
|    std                  | 0.779       |
|    value_loss           | 0.432       |
-----------------------------------------
-----------------------------------------
| rollout/                |             |
|    ep_len_mean          | 57.3        |
|    ep_rew_mean          | 29.6        |
| time/                   |             |
|    fps                  | 60          |
|    iterations           | 55          |
|    time_elapsed         | 4681        |
|    total_timesteps      | 281600      |
| train/                  |             |
|    approx_kl            | 0.015932348 |
|    clip_fraction        | 0.143       |
|    clip_range           | 0.2         |
|    entropy_loss         | -2.33       |
|    explained_variance   | 0.805       |
|    learning_rate        | 0.0003      |
|    loss                 | 0.13        |
|    n_updates            | 535         |
|    policy_gradient_loss | -0.013      |
|    std                  | 0.777       |
|    value_loss           | 0.684       |
-----------------------------------------
-----------------------------------------
| rollout/                |             |
|    ep_len_mean          | 55.8        |
|    ep_rew_mean          | 10.2        |
| time/                   |             |
|    fps                  | 60          |
|    iterations           | 56          |
|    time_elapsed         | 4765        |
|    total_timesteps      | 286720      |
| train/                  |             |
|    approx_kl            | 0.013535793 |
|    clip_fraction        | 0.133       |
|    clip_range           | 0.2         |
|    entropy_loss         | -2.33       |
|    explained_variance   | 0.851       |
|    learning_rate        | 0.0003      |
|    loss                 | 0.159       |
|    n_updates            | 545         |
|    policy_gradient_loss | -0.0143     |
|    std                  | 0.774       |
|    value_loss           | 0.371       |
-----------------------------------------
-----------------------------------------
| rollout/                |             |
|    ep_len_mean          | 56.1        |
|    ep_rew_mean          | 8.28        |
| time/                   |             |
|    fps                  | 60          |
|    iterations           | 57          |
|    time_elapsed         | 4850        |
|    total_timesteps      | 291840      |
| train/                  |             |
|    approx_kl            | 0.010536576 |
|    clip_fraction        | 0.143       |
|    clip_range           | 0.2         |
|    entropy_loss         | -2.32       |
|    explained_variance   | 0.802       |
|    learning_rate        | 0.0003      |
|    loss                 | 0.138       |
|    n_updates            | 555         |
|    policy_gradient_loss | -0.0121     |
|    std                  | 0.773       |
|    value_loss           | 0.62        |
-----------------------------------------
----------------------------------------
| rollout/                |            |
|    ep_len_mean          | 55.6       |
|    ep_rew_mean          | -5.78      |
| time/                   |            |
|    fps                  | 60         |
|    iterations           | 58         |
|    time_elapsed         | 4936       |
|    total_timesteps      | 296960     |
| train/                  |            |
|    approx_kl            | 0.01670355 |
|    clip_fraction        | 0.146      |
|    clip_range           | 0.2        |
|    entropy_loss         | -2.32      |
|    explained_variance   | 0.756      |
|    learning_rate        | 0.0003     |
|    loss                 | 0.224      |
|    n_updates            | 565        |
|    policy_gradient_loss | -0.0131    |
|    std                  | 0.772      |
|    value_loss           | 0.8        |
----------------------------------------
------------------------------------------
| rollout/                |              |
|    ep_len_mean          | 57.4         |
|    ep_rew_mean          | -27          |
| time/                   |              |
|    fps                  | 60           |
|    iterations           | 59           |
|    time_elapsed         | 5021         |
|    total_timesteps      | 302080       |
| train/                  |              |
|    approx_kl            | 0.0130062355 |
|    clip_fraction        | 0.144        |
|    clip_range           | 0.2          |
|    entropy_loss         | -2.32        |
|    explained_variance   | 0.811        |
|    learning_rate        | 0.0003       |
|    loss                 | 0.202        |
|    n_updates            | 575          |
|    policy_gradient_loss | -0.0164      |
|    std                  | 0.77         |
|    value_loss           | 0.614        |
------------------------------------------
-----------------------------------------
| rollout/                |             |
|    ep_len_mean          | 58.1        |
|    ep_rew_mean          | 4.55        |
| time/                   |             |
|    fps                  | 60          |
|    iterations           | 60          |
|    time_elapsed         | 5105        |
|    total_timesteps      | 307200      |
| train/                  |             |
|    approx_kl            | 0.015103686 |
|    clip_fraction        | 0.151       |
|    clip_range           | 0.2         |
|    entropy_loss         | -2.31       |
|    explained_variance   | 0.842       |
|    learning_rate        | 0.0003      |
|    loss                 | 0.257       |
|    n_updates            | 585         |
|    policy_gradient_loss | -0.0137     |
|    std                  | 0.766       |
|    value_loss           | 0.696       |
-----------------------------------------
----------------------------------------
| rollout/                |            |
|    ep_len_mean          | 59.6       |
|    ep_rew_mean          | 36.3       |
| time/                   |            |
|    fps                  | 60         |
|    iterations           | 61         |
|    time_elapsed         | 5191       |
|    total_timesteps      | 312320     |
| train/                  |            |
|    approx_kl            | 0.01207139 |
|    clip_fraction        | 0.142      |
|    clip_range           | 0.2        |
|    entropy_loss         | -2.3       |
|    explained_variance   | 0.812      |
|    learning_rate        | 0.0003     |
|    loss                 | 0.155      |
|    n_updates            | 595        |
|    policy_gradient_loss | -0.0145    |
|    std                  | 0.763      |
|    value_loss           | 0.491      |
----------------------------------------
-----------------------------------------
| rollout/                |             |
|    ep_len_mean          | 56.7        |
|    ep_rew_mean          | -13.1       |
| time/                   |             |
|    fps                  | 60          |
|    iterations           | 62          |
|    time_elapsed         | 5276        |
|    total_timesteps      | 317440      |
| train/                  |             |
|    approx_kl            | 0.015303617 |
|    clip_fraction        | 0.167       |
|    clip_range           | 0.2         |
|    entropy_loss         | -2.3        |
|    explained_variance   | 0.834       |
|    learning_rate        | 0.0003      |
|    loss                 | 0.11        |
|    n_updates            | 605         |
|    policy_gradient_loss | -0.0143     |
|    std                  | 0.763       |
|    value_loss           | 0.328       |
-----------------------------------------
-----------------------------------------
| rollout/                |             |
|    ep_len_mean          | 58.4        |
|    ep_rew_mean          | 17.1        |
| time/                   |             |
|    fps                  | 60          |
|    iterations           | 63          |
|    time_elapsed         | 5361        |
|    total_timesteps      | 322560      |
| train/                  |             |
|    approx_kl            | 0.015240016 |
|    clip_fraction        | 0.185       |
|    clip_range           | 0.2         |
|    entropy_loss         | -2.29       |
|    explained_variance   | 0.775       |
|    learning_rate        | 0.0003      |
|    loss                 | 0.333       |
|    n_updates            | 615         |
|    policy_gradient_loss | -0.0136     |
|    std                  | 0.76        |
|    value_loss           | 0.921       |
-----------------------------------------
----------------------------------------
| rollout/                |            |
|    ep_len_mean          | 57.1       |
|    ep_rew_mean          | 27.1       |
| time/                   |            |
|    fps                  | 60         |
|    iterations           | 64         |
|    time_elapsed         | 5445       |
|    total_timesteps      | 327680     |
| train/                  |            |
|    approx_kl            | 0.01755513 |
|    clip_fraction        | 0.199      |
|    clip_range           | 0.2        |
|    entropy_loss         | -2.28      |
|    explained_variance   | 0.804      |
|    learning_rate        | 0.0003     |
|    loss                 | 0.0848     |
|    n_updates            | 625        |
|    policy_gradient_loss | -0.0181    |
|    std                  | 0.75       |
|    value_loss           | 0.354      |
----------------------------------------
-----------------------------------------
| rollout/                |             |
|    ep_len_mean          | 57          |
|    ep_rew_mean          | 21.8        |
| time/                   |             |
|    fps                  | 60          |
|    iterations           | 65          |
|    time_elapsed         | 5531        |
|    total_timesteps      | 332800      |
| train/                  |             |
|    approx_kl            | 0.016194511 |
|    clip_fraction        | 0.156       |
|    clip_range           | 0.2         |
|    entropy_loss         | -2.26       |
|    explained_variance   | 0.798       |
|    learning_rate        | 0.0003      |
|    loss                 | 0.114       |
|    n_updates            | 635         |
|    policy_gradient_loss | -0.0156     |
|    std                  | 0.746       |
|    value_loss           | 0.439       |
-----------------------------------------
-----------------------------------------
| rollout/                |             |
|    ep_len_mean          | 54.4        |
|    ep_rew_mean          | -24.8       |
| time/                   |             |
|    fps                  | 60          |
|    iterations           | 66          |
|    time_elapsed         | 5617        |
|    total_timesteps      | 337920      |
| train/                  |             |
|    approx_kl            | 0.019495893 |
|    clip_fraction        | 0.153       |
|    clip_range           | 0.2         |
|    entropy_loss         | -2.25       |
|    explained_variance   | 0.87        |
|    learning_rate        | 0.0003      |
|    loss                 | 0.0948      |
|    n_updates            | 645         |
|    policy_gradient_loss | -0.0147     |
|    std                  | 0.743       |
|    value_loss           | 0.38        |
-----------------------------------------
-----------------------------------------
| rollout/                |             |
|    ep_len_mean          | 54.6        |
|    ep_rew_mean          | -13.5       |
| time/                   |             |
|    fps                  | 60          |
|    iterations           | 67          |
|    time_elapsed         | 5704        |
|    total_timesteps      | 343040      |
| train/                  |             |
|    approx_kl            | 0.013262749 |
|    clip_fraction        | 0.153       |
|    clip_range           | 0.2         |
|    entropy_loss         | -2.24       |
|    explained_variance   | 0.812       |
|    learning_rate        | 0.0003      |
|    loss                 | 0.229       |
|    n_updates            | 655         |
|    policy_gradient_loss | -0.0135     |
|    std                  | 0.742       |
|    value_loss           | 0.637       |
-----------------------------------------
-----------------------------------------
| rollout/                |             |
|    ep_len_mean          | 56.8        |
|    ep_rew_mean          | 39.1        |
| time/                   |             |
|    fps                  | 60          |
|    iterations           | 68          |
|    time_elapsed         | 5788        |
|    total_timesteps      | 348160      |
| train/                  |             |
|    approx_kl            | 0.013644564 |
|    clip_fraction        | 0.145       |
|    clip_range           | 0.2         |
|    entropy_loss         | -2.24       |
|    explained_variance   | 0.818       |
|    learning_rate        | 0.0003      |
|    loss                 | 0.191       |
|    n_updates            | 665         |
|    policy_gradient_loss | -0.0145     |
|    std                  | 0.741       |
|    value_loss           | 0.572       |
-----------------------------------------
-----------------------------------------
| rollout/                |             |
|    ep_len_mean          | 56.5        |
|    ep_rew_mean          | -17.1       |
| time/                   |             |
|    fps                  | 60          |
|    iterations           | 69          |
|    time_elapsed         | 5877        |
|    total_timesteps      | 353280      |
| train/                  |             |
|    approx_kl            | 0.013090672 |
|    clip_fraction        | 0.181       |
|    clip_range           | 0.2         |
|    entropy_loss         | -2.22       |
|    explained_variance   | 0.856       |
|    learning_rate        | 0.0003      |
|    loss                 | 0.0523      |
|    n_updates            | 675         |
|    policy_gradient_loss | -0.0135     |
|    std                  | 0.729       |
|    value_loss           | 0.295       |
-----------------------------------------
-----------------------------------------
| rollout/                |             |
|    ep_len_mean          | 57.2        |
|    ep_rew_mean          | 5.26        |
| time/                   |             |
|    fps                  | 60          |
|    iterations           | 70          |
|    time_elapsed         | 5961        |
|    total_timesteps      | 358400      |
| train/                  |             |
|    approx_kl            | 0.015393795 |
|    clip_fraction        | 0.161       |
|    clip_range           | 0.2         |
|    entropy_loss         | -2.21       |
|    explained_variance   | 0.865       |
|    learning_rate        | 0.0003      |
|    loss                 | 0.0553      |
|    n_updates            | 685         |
|    policy_gradient_loss | -0.0154     |
|    std                  | 0.732       |
|    value_loss           | 0.325       |
-----------------------------------------
[CURRICULUM] t=360,000 -> scenario stage 3
-----------------------------------------
| rollout/                |             |
|    ep_len_mean          | 55.5        |
|    ep_rew_mean          | 13.3        |
| time/                   |             |
|    fps                  | 59          |
|    iterations           | 71          |
|    time_elapsed         | 6084        |
|    total_timesteps      | 363520      |
| train/                  |             |
|    approx_kl            | 0.016489934 |
|    clip_fraction        | 0.15        |
|    clip_range           | 0.2         |
|    entropy_loss         | -2.21       |
|    explained_variance   | 0.808       |
|    learning_rate        | 0.0003      |
|    loss                 | 0.189       |
|    n_updates            | 695         |
|    policy_gradient_loss | -0.0138     |
|    std                  | 0.73        |
|    value_loss           | 0.592       |
-----------------------------------------
-----------------------------------------
| rollout/                |             |
|    ep_len_mean          | 57.6        |
|    ep_rew_mean          | 52.2        |
| time/                   |             |
|    fps                  | 60          |
|    iterations           | 72          |
|    time_elapsed         | 6134        |
|    total_timesteps      | 368640      |
| train/                  |             |
|    approx_kl            | 0.018976998 |
|    clip_fraction        | 0.217       |
|    clip_range           | 0.2         |
|    entropy_loss         | -2.21       |
|    explained_variance   | 0.652       |
|    learning_rate        | 0.0003      |
|    loss                 | 0.189       |
|    n_updates            | 705         |
|    policy_gradient_loss | -0.018      |
|    std                  | 0.731       |
|    value_loss           | 0.652       |
-----------------------------------------
-----------------------------------------
| rollout/                |             |
|    ep_len_mean          | 55.1        |
|    ep_rew_mean          | 40.1        |
| time/                   |             |
|    fps                  | 60          |
|    iterations           | 73          |
|    time_elapsed         | 6195        |
|    total_timesteps      | 373760      |
| train/                  |             |
|    approx_kl            | 0.016718918 |
|    clip_fraction        | 0.178       |
|    clip_range           | 0.2         |
|    entropy_loss         | -2.21       |
|    explained_variance   | 0.605       |
|    learning_rate        | 0.0003      |
|    loss                 | 0.0802      |
|    n_updates            | 715         |
|    policy_gradient_loss | -0.017      |
|    std                  | 0.73        |
|    value_loss           | 0.369       |
-----------------------------------------
Early stopping at step 1 due to reaching max kl: 0.05
-----------------------------------------
| rollout/                |             |
|    ep_len_mean          | 55.4        |
|    ep_rew_mean          | 31.2        |
| time/                   |             |
|    fps                  | 60          |
|    iterations           | 74          |
|    time_elapsed         | 6250        |
|    total_timesteps      | 378880      |
| train/                  |             |
|    approx_kl            | 0.024673885 |
|    clip_fraction        | 0.182       |
|    clip_range           | 0.2         |
|    entropy_loss         | -2.21       |
|    explained_variance   | 0.663       |
|    learning_rate        | 0.0003      |
|    loss                 | 0.32        |
|    n_updates            | 717         |
|    policy_gradient_loss | 0.00352     |
|    std                  | 0.729       |
|    value_loss           | 0.943       |
-----------------------------------------
-----------------------------------------
| rollout/                |             |
|    ep_len_mean          | 55.4        |
|    ep_rew_mean          | 35.6        |
| time/                   |             |
|    fps                  | 60          |
|    iterations           | 75          |
|    time_elapsed         | 6313        |
|    total_timesteps      | 384000      |
| train/                  |             |
|    approx_kl            | 0.015571135 |
|    clip_fraction        | 0.187       |
|    clip_range           | 0.2         |
|    entropy_loss         | -2.21       |
|    explained_variance   | 0.745       |
|    learning_rate        | 0.0003      |
|    loss                 | 0.212       |
|    n_updates            | 727         |
|    policy_gradient_loss | -0.00941    |
|    std                  | 0.733       |
|    value_loss           | 0.594       |
-----------------------------------------
-----------------------------------------
| rollout/                |             |
|    ep_len_mean          | 55.3        |
|    ep_rew_mean          | 40.2        |
| time/                   |             |
|    fps                  | 60          |
|    iterations           | 76          |
|    time_elapsed         | 6411        |
|    total_timesteps      | 389120      |
| train/                  |             |
|    approx_kl            | 0.018625353 |
|    clip_fraction        | 0.2         |
|    clip_range           | 0.2         |
|    entropy_loss         | -2.21       |
|    explained_variance   | 0.792       |
|    learning_rate        | 0.0003      |
|    loss                 | 0.162       |
|    n_updates            | 737         |
|    policy_gradient_loss | -0.00905    |
|    std                  | 0.73        |
|    value_loss           | 0.422       |
-----------------------------------------
-----------------------------------------
| rollout/                |             |
|    ep_len_mean          | 56.1        |
|    ep_rew_mean          | 50.7        |
| time/                   |             |
|    fps                  | 60          |
|    iterations           | 77          |
|    time_elapsed         | 6469        |
|    total_timesteps      | 394240      |
| train/                  |             |
|    approx_kl            | 0.019529253 |
|    clip_fraction        | 0.178       |
|    clip_range           | 0.2         |
|    entropy_loss         | -2.21       |
|    explained_variance   | 0.741       |
|    learning_rate        | 0.0003      |
|    loss                 | 0.189       |
|    n_updates            | 747         |
|    policy_gradient_loss | -0.0154     |
|    std                  | 0.73        |
|    value_loss           | 0.549       |
-----------------------------------------
Early stopping at step 7 due to reaching max kl: 0.05
-----------------------------------------
| rollout/                |             |
|    ep_len_mean          | 53.8        |
|    ep_rew_mean          | 36          |
| time/                   |             |
|    fps                  | 61          |
|    iterations           | 78          |
|    time_elapsed         | 6544        |
|    total_timesteps      | 399360      |
| train/                  |             |
|    approx_kl            | 0.026640167 |
|    clip_fraction        | 0.189       |
|    clip_range           | 0.2         |
|    entropy_loss         | -2.2        |
|    explained_variance   | 0.768       |
|    learning_rate        | 0.0003      |
|    loss                 | 0.132       |
|    n_updates            | 755         |
|    policy_gradient_loss | -0.00928    |
|    std                  | 0.723       |
|    value_loss           | 0.373       |
-----------------------------------------
[EVAL] t=400,000 supervisor off goal 0.64 collision 0.36 timeout 0.00 return -86.5 colregs -25.2 intervention 0.00 (282.3 s)
[EVAL] t=400,000 supervisor on goal 0.65 collision 0.35 timeout 0.00 return -87.4 colregs -24.1 intervention 0.04 (295.3 s)
-------------------------------------------------
| eval_supervisor_off/            |             |
|    being_overtaken/collision    | 0.85        |
|    being_overtaken/colregs      | -45.9       |
|    being_overtaken/goal         | 0.15        |
|    being_overtaken/intervention | 0           |
|    collision_boundary           | 0.05        |
|    collision_obstacle           | 0.0167      |
|    collision_rate               | 0.358       |
|    collision_target             | 0.292       |
|    crossing/collision           | 0.95        |
|    crossing/colregs             | -40.4       |
|    crossing/goal                | 0.05        |
|    crossing/intervention        | 0           |
|    episodes                     | 120         |
|    estops_per_episode           | 0           |
|    eval_wall_s                  | 282         |
|    goal_rate                    | 0.642       |
|    head_on/collision            | 0.2         |
|    head_on/colregs              | -31.7       |
|    head_on/goal                 | 0.8         |
|    head_on/intervention         | 0           |
|    intervention_rate            | 0           |
|    mean_colregs_integral        | -25.2       |
|    mean_return                  | -86.5       |
|    no_target/collision          | 0.05        |
|    no_target/colregs            | 0           |
|    no_target/goal               | 0.95        |
|    no_target/intervention       | 0           |
|    null/collision               | 0.1         |
|    null/colregs                 | -7.81       |
|    null/goal                    | 0.9         |
|    null/intervention            | 0           |
|    overtaking/collision         | 0           |
|    overtaking/colregs           | -25.1       |
|    overtaking/goal              | 1           |
|    overtaking/intervention      | 0           |
|    timeout_rate                 | 0           |
|    timesteps                    | 400000      |
| eval_supervisor_on/             |             |
|    being_overtaken/collision    | 0.85        |
|    being_overtaken/colregs      | -45.9       |
|    being_overtaken/goal         | 0.15        |
|    being_overtaken/intervention | 0           |
|    collision_boundary           | 0.0667      |
|    collision_obstacle           | 0.025       |
|    collision_rate               | 0.35        |
|    collision_target             | 0.258       |
|    crossing/collision           | 0.9         |
|    crossing/colregs             | -34.6       |
|    crossing/goal                | 0.1         |
|    crossing/intervention        | 0.2         |
|    episodes                     | 120         |
|    estops_per_episode           | 0.0417      |
|    eval_wall_s                  | 295         |
|    goal_rate                    | 0.65        |
|    head_on/collision            | 0.2         |
|    head_on/colregs              | -31.7       |
|    head_on/goal                 | 0.8         |
|    head_on/intervention         | 0           |
|    intervention_rate            | 0.0417      |
|    mean_colregs_integral        | -24.1       |
|    mean_return                  | -87.4       |
|    no_target/collision          | 0.05        |
|    no_target/colregs            | 0           |
|    no_target/goal               | 0.95        |
|    no_target/intervention       | 0           |
|    null/collision               | 0.1         |
|    null/colregs                 | -7.81       |
|    null/goal                    | 0.9         |
|    null/intervention            | 0           |
|    overtaking/collision         | 0           |
|    overtaking/colregs           | -24.8       |
|    overtaking/goal              | 1           |
|    overtaking/intervention      | 0.05        |
|    timeout_rate                 | 0           |
|    timesteps                    | 400000      |
| rollout/                        |             |
|    ep_len_mean                  | 54          |
|    ep_rew_mean                  | 46.5        |
| time/                           |             |
|    fps                          | 56          |
|    iterations                   | 79          |
|    time_elapsed                 | 7186        |
|    total_timesteps              | 404480      |
| train/                          |             |
|    approx_kl                    | 0.016760692 |
|    clip_fraction                | 0.167       |
|    clip_range                   | 0.2         |
|    entropy_loss                 | -2.18       |
|    explained_variance           | 0.726       |
|    learning_rate                | 0.0003      |
|    loss                         | 0.193       |
|    n_updates                    | 765         |
|    policy_gradient_loss         | -0.0143     |
|    std                          | 0.715       |
|    value_loss                   | 0.69        |
-------------------------------------------------
Early stopping at step 6 due to reaching max kl: 0.05
-----------------------------------------
| rollout/                |             |
|    ep_len_mean          | 54.8        |
|    ep_rew_mean          | 56.2        |
| time/                   |             |
|    fps                  | 56          |
|    iterations           | 80          |
|    time_elapsed         | 7238        |
|    total_timesteps      | 409600      |
| train/                  |             |
|    approx_kl            | 0.026645308 |
|    clip_fraction        | 0.153       |
|    clip_range           | 0.2         |
|    entropy_loss         | -2.16       |
|    explained_variance   | 0.768       |
|    learning_rate        | 0.0003      |
|    loss                 | 0.19        |
|    n_updates            | 772         |
|    policy_gradient_loss | -0.00742    |
|    std                  | 0.712       |
|    value_loss           | 0.484       |
-----------------------------------------
-----------------------------------------
| rollout/                |             |
|    ep_len_mean          | 56.4        |
|    ep_rew_mean          | 36.2        |
| time/                   |             |
|    fps                  | 56          |
|    iterations           | 81          |
|    time_elapsed         | 7296        |
|    total_timesteps      | 414720      |
| train/                  |             |
|    approx_kl            | 0.015237118 |
|    clip_fraction        | 0.174       |
|    clip_range           | 0.2         |
|    entropy_loss         | -2.16       |
|    explained_variance   | 0.717       |
|    learning_rate        | 0.0003      |
|    loss                 | 0.202       |
|    n_updates            | 782         |
|    policy_gradient_loss | -0.014      |
|    std                  | 0.711       |
|    value_loss           | 0.442       |
-----------------------------------------
Early stopping at step 7 due to reaching max kl: 0.05
----------------------------------------
| rollout/                |            |
|    ep_len_mean          | 56         |
|    ep_rew_mean          | 65.7       |
| time/                   |            |
|    fps                  | 57         |
|    iterations           | 82         |
|    time_elapsed         | 7350       |
|    total_timesteps      | 419840     |
| train/                  |            |
|    approx_kl            | 0.04609096 |
|    clip_fraction        | 0.216      |
|    clip_range           | 0.2        |
|    entropy_loss         | -2.15      |
|    explained_variance   | 0.659      |
|    learning_rate        | 0.0003     |
|    loss                 | 0.136      |
|    n_updates            | 790        |
|    policy_gradient_loss | -0.00874   |
|    std                  | 0.71       |
|    value_loss           | 0.521      |
----------------------------------------
----------------------------------------
| rollout/                |            |
|    ep_len_mean          | 53.3       |
|    ep_rew_mean          | 31.4       |
| time/                   |            |
|    fps                  | 57         |
|    iterations           | 83         |
|    time_elapsed         | 7404       |
|    total_timesteps      | 424960     |
| train/                  |            |
|    approx_kl            | 0.01481518 |
|    clip_fraction        | 0.187      |
|    clip_range           | 0.2        |
|    entropy_loss         | -2.15      |
|    explained_variance   | 0.734      |
|    learning_rate        | 0.0003     |
|    loss                 | 0.0973     |
|    n_updates            | 800        |
|    policy_gradient_loss | -0.0126    |
|    std                  | 0.706      |
|    value_loss           | 0.306      |
----------------------------------------
----------------------------------------
| rollout/                |            |
|    ep_len_mean          | 54         |
|    ep_rew_mean          | 44.2       |
| time/                   |            |
|    fps                  | 57         |
|    iterations           | 84         |
|    time_elapsed         | 7455       |
|    total_timesteps      | 430080     |
| train/                  |            |
|    approx_kl            | 0.01443919 |
|    clip_fraction        | 0.161      |
|    clip_range           | 0.2        |
|    entropy_loss         | -2.14      |
|    explained_variance   | 0.746      |
|    learning_rate        | 0.0003     |
|    loss                 | 0.243      |
|    n_updates            | 810        |
|    policy_gradient_loss | -0.0146    |
|    std                  | 0.705      |
|    value_loss           | 0.578      |
----------------------------------------
Early stopping at step 3 due to reaching max kl: 0.05
-----------------------------------------
| rollout/                |             |
|    ep_len_mean          | 57.5        |
|    ep_rew_mean          | 49.8        |
| time/                   |             |
|    fps                  | 58          |
|    iterations           | 85          |
|    time_elapsed         | 7500        |
|    total_timesteps      | 435200      |
| train/                  |             |
|    approx_kl            | 0.037986968 |
|    clip_fraction        | 0.154       |
|    clip_range           | 0.2         |
|    entropy_loss         | -2.14       |
|    explained_variance   | 0.703       |
|    learning_rate        | 0.0003      |
|    loss                 | 0.211       |
|    n_updates            | 814         |
|    policy_gradient_loss | -0.00208    |
|    std                  | 0.705       |
|    value_loss           | 0.776       |
-----------------------------------------
-----------------------------------------
| rollout/                |             |
|    ep_len_mean          | 56.6        |
|    ep_rew_mean          | 61          |
| time/                   |             |
|    fps                  | 58          |
|    iterations           | 86          |
|    time_elapsed         | 7556        |
|    total_timesteps      | 440320      |
| train/                  |             |
|    approx_kl            | 0.023728631 |
|    clip_fraction        | 0.212       |
|    clip_range           | 0.2         |
|    entropy_loss         | -2.13       |
|    explained_variance   | 0.739       |
|    learning_rate        | 0.0003      |
|    loss                 | 0.0578      |
|    n_updates            | 824         |
|    policy_gradient_loss | -0.018      |
|    std                  | 0.701       |
|    value_loss           | 0.398       |
-----------------------------------------
----------------------------------------
| rollout/                |            |
|    ep_len_mean          | 56.2       |
|    ep_rew_mean          | 46.7       |
| time/                   |            |
|    fps                  | 58         |
|    iterations           | 87         |
|    time_elapsed         | 7616       |
|    total_timesteps      | 445440     |
| train/                  |            |
|    approx_kl            | 0.01817873 |
|    clip_fraction        | 0.192      |
|    clip_range           | 0.2        |
|    entropy_loss         | -2.13      |
|    explained_variance   | 0.706      |
|    learning_rate        | 0.0003     |
|    loss                 | 0.12       |
|    n_updates            | 834        |
|    policy_gradient_loss | -0.0142    |
|    std                  | 0.701      |
|    value_loss           | 0.437      |
----------------------------------------
-----------------------------------------
| rollout/                |             |
|    ep_len_mean          | 54.7        |
|    ep_rew_mean          | 30.9        |
| time/                   |             |
|    fps                  | 58          |
|    iterations           | 88          |
|    time_elapsed         | 7670        |
|    total_timesteps      | 450560      |
| train/                  |             |
|    approx_kl            | 0.019187303 |
|    clip_fraction        | 0.188       |
|    clip_range           | 0.2         |
|    entropy_loss         | -2.12       |
|    explained_variance   | 0.68        |
|    learning_rate        | 0.0003      |
|    loss                 | 0.188       |
|    n_updates            | 844         |
|    policy_gradient_loss | -0.0153     |
|    std                  | 0.698       |
|    value_loss           | 0.457       |
-----------------------------------------
-----------------------------------------
| rollout/                |             |
|    ep_len_mean          | 55.4        |
|    ep_rew_mean          | 54.3        |
| time/                   |             |
|    fps                  | 58          |
|    iterations           | 89          |
|    time_elapsed         | 7729        |
|    total_timesteps      | 455680      |
| train/                  |             |
|    approx_kl            | 0.020628609 |
|    clip_fraction        | 0.184       |
|    clip_range           | 0.2         |
|    entropy_loss         | -2.11       |
|    explained_variance   | 0.782       |
|    learning_rate        | 0.0003      |
|    loss                 | 0.154       |
|    n_updates            | 854         |
|    policy_gradient_loss | -0.0136     |
|    std                  | 0.694       |
|    value_loss           | 0.498       |
-----------------------------------------
Early stopping at step 2 due to reaching max kl: 0.05
-----------------------------------------
| rollout/                |             |
|    ep_len_mean          | 57.2        |
|    ep_rew_mean          | 64.4        |
| time/                   |             |
|    fps                  | 59          |
|    iterations           | 90          |
|    time_elapsed         | 7786        |
|    total_timesteps      | 460800      |
| train/                  |             |
|    approx_kl            | 0.024707817 |
|    clip_fraction        | 0.149       |
|    clip_range           | 0.2         |
|    entropy_loss         | -2.11       |
|    explained_variance   | 0.792       |
|    learning_rate        | 0.0003      |
|    loss                 | 0.23        |
|    n_updates            | 857         |
|    policy_gradient_loss | 0.000968    |
|    std                  | 0.693       |
|    value_loss           | 0.484       |
-----------------------------------------
-----------------------------------------
| rollout/                |             |
|    ep_len_mean          | 58.5        |
|    ep_rew_mean          | 83.2        |
| time/                   |             |
|    fps                  | 59          |
|    iterations           | 91          |
|    time_elapsed         | 7838        |
|    total_timesteps      | 465920      |
| train/                  |             |
|    approx_kl            | 0.018847223 |
|    clip_fraction        | 0.196       |
|    clip_range           | 0.2         |
|    entropy_loss         | -2.1        |
|    explained_variance   | 0.829       |
|    learning_rate        | 0.0003      |
|    loss                 | 0.0818      |
|    n_updates            | 867         |
|    policy_gradient_loss | -0.0179     |
|    std                  | 0.687       |
|    value_loss           | 0.3         |
-----------------------------------------
Early stopping at step 8 due to reaching max kl: 0.05
-----------------------------------------
| rollout/                |             |
|    ep_len_mean          | 59.8        |
|    ep_rew_mean          | 74.3        |
| time/                   |             |
|    fps                  | 59          |
|    iterations           | 92          |
|    time_elapsed         | 7891        |
|    total_timesteps      | 471040      |
| train/                  |             |
|    approx_kl            | 0.026786167 |
|    clip_fraction        | 0.212       |
|    clip_range           | 0.2         |
|    entropy_loss         | -2.07       |
|    explained_variance   | 0.828       |
|    learning_rate        | 0.0003      |
|    loss                 | 0.0731      |
|    n_updates            | 876         |
|    policy_gradient_loss | -0.00767    |
|    std                  | 0.679       |
|    value_loss           | 0.214       |
-----------------------------------------
-----------------------------------------
| rollout/                |             |
|    ep_len_mean          | 60          |
|    ep_rew_mean          | 63.5        |
| time/                   |             |
|    fps                  | 59          |
|    iterations           | 93          |
|    time_elapsed         | 7946        |
|    total_timesteps      | 476160      |
| train/                  |             |
|    approx_kl            | 0.018931821 |
|    clip_fraction        | 0.196       |
|    clip_range           | 0.2         |
|    entropy_loss         | -2.06       |
|    explained_variance   | 0.76        |
|    learning_rate        | 0.0003      |
|    loss                 | 0.0427      |
|    n_updates            | 886         |
|    policy_gradient_loss | -0.0145     |
|    std                  | 0.678       |
|    value_loss           | 0.232       |
-----------------------------------------
-----------------------------------------
| rollout/                |             |
|    ep_len_mean          | 58.1        |
|    ep_rew_mean          | 52.5        |
| time/                   |             |
|    fps                  | 60          |
|    iterations           | 94          |
|    time_elapsed         | 8001        |
|    total_timesteps      | 481280      |
| train/                  |             |
|    approx_kl            | 0.021514079 |
|    clip_fraction        | 0.192       |
|    clip_range           | 0.2         |
|    entropy_loss         | -2.05       |
|    explained_variance   | 0.761       |
|    learning_rate        | 0.0003      |
|    loss                 | 0.0773      |
|    n_updates            | 896         |
|    policy_gradient_loss | -0.0145     |
|    std                  | 0.673       |
|    value_loss           | 0.308       |
-----------------------------------------
-----------------------------------------
| rollout/                |             |
|    ep_len_mean          | 58.7        |
|    ep_rew_mean          | 58.8        |
| time/                   |             |
|    fps                  | 60          |
|    iterations           | 95          |
|    time_elapsed         | 8056        |
|    total_timesteps      | 486400      |
| train/                  |             |
|    approx_kl            | 0.016011026 |
|    clip_fraction        | 0.206       |
|    clip_range           | 0.2         |
|    entropy_loss         | -2.03       |
|    explained_variance   | 0.772       |
|    learning_rate        | 0.0003      |
|    loss                 | 0.274       |
|    n_updates            | 906         |
|    policy_gradient_loss | -0.0143     |
|    std                  | 0.665       |
|    value_loss           | 0.56        |
-----------------------------------------
Early stopping at step 3 due to reaching max kl: 0.05
-----------------------------------------
| rollout/                |             |
|    ep_len_mean          | 59          |
|    ep_rew_mean          | 81          |
| time/                   |             |
|    fps                  | 60          |
|    iterations           | 96          |
|    time_elapsed         | 8109        |
|    total_timesteps      | 491520      |
| train/                  |             |
|    approx_kl            | 0.027855182 |
|    clip_fraction        | 0.146       |
|    clip_range           | 0.2         |
|    entropy_loss         | -2.02       |
|    explained_variance   | 0.804       |
|    learning_rate        | 0.0003      |
|    loss                 | 0.118       |
|    n_updates            | 910         |
|    policy_gradient_loss | -0.002      |
|    std                  | 0.664       |
|    value_loss           | 0.327       |
-----------------------------------------
-----------------------------------------
| rollout/                |             |
|    ep_len_mean          | 58.5        |
|    ep_rew_mean          | 64          |
| time/                   |             |
|    fps                  | 60          |
|    iterations           | 97          |
|    time_elapsed         | 8162        |
|    total_timesteps      | 496640      |
| train/                  |             |
|    approx_kl            | 0.017637849 |
|    clip_fraction        | 0.153       |
|    clip_range           | 0.2         |
|    entropy_loss         | -2.02       |
|    explained_variance   | 0.841       |
|    learning_rate        | 0.0003      |
|    loss                 | 0.0671      |
|    n_updates            | 920         |
|    policy_gradient_loss | -0.0135     |
|    std                  | 0.661       |
|    value_loss           | 0.205       |
-----------------------------------------
-----------------------------------------
| rollout/                |             |
|    ep_len_mean          | 60.9        |
|    ep_rew_mean          | 76.9        |
| time/                   |             |
|    fps                  | 61          |
|    iterations           | 98          |
|    time_elapsed         | 8215        |
|    total_timesteps      | 501760      |
| train/                  |             |
|    approx_kl            | 0.018728781 |
|    clip_fraction        | 0.193       |
|    clip_range           | 0.2         |
|    entropy_loss         | -2.01       |
|    explained_variance   | 0.85        |
|    learning_rate        | 0.0003      |
|    loss                 | 0.0517      |
|    n_updates            | 930         |
|    policy_gradient_loss | -0.0178     |
|    std                  | 0.663       |
|    value_loss           | 0.253       |
-----------------------------------------
Early stopping at step 7 due to reaching max kl: 0.06
-----------------------------------------
| rollout/                |             |
|    ep_len_mean          | 60.9        |
|    ep_rew_mean          | 74.5        |
| time/                   |             |
|    fps                  | 61          |
|    iterations           | 99          |
|    time_elapsed         | 8265        |
|    total_timesteps      | 506880      |
| train/                  |             |
|    approx_kl            | 0.031501286 |
|    clip_fraction        | 0.199       |
|    clip_range           | 0.2         |
|    entropy_loss         | -2.01       |
|    explained_variance   | 0.732       |
|    learning_rate        | 0.0003      |
|    loss                 | 0.133       |
|    n_updates            | 938         |
|    policy_gradient_loss | -0.0103     |
|    std                  | 0.66        |
|    value_loss           | 0.259       |
-----------------------------------------
Early stopping at step 5 due to reaching max kl: 0.05
-----------------------------------------
| rollout/                |             |
|    ep_len_mean          | 62          |
|    ep_rew_mean          | 92.7        |
| time/                   |             |
|    fps                  | 61          |
|    iterations           | 100         |
|    time_elapsed         | 8317        |
|    total_timesteps      | 512000      |
| train/                  |             |
|    approx_kl            | 0.023395112 |
|    clip_fraction        | 0.196       |
|    clip_range           | 0.2         |
|    entropy_loss         | -2          |
|    explained_variance   | 0.881       |
|    learning_rate        | 0.0003      |
|    loss                 | 0.0641      |
|    n_updates            | 944         |
|    policy_gradient_loss | -0.0078     |
|    std                  | 0.659       |
|    value_loss           | 0.182       |
-----------------------------------------
Early stopping at step 5 due to reaching max kl: 0.05
-----------------------------------------
| rollout/                |             |
|    ep_len_mean          | 61.8        |
|    ep_rew_mean          | 92          |
| time/                   |             |
|    fps                  | 61          |
|    iterations           | 101         |
|    time_elapsed         | 8370        |
|    total_timesteps      | 517120      |
| train/                  |             |
|    approx_kl            | 0.024746168 |
|    clip_fraction        | 0.188       |
|    clip_range           | 0.2         |
|    entropy_loss         | -1.99       |
|    explained_variance   | 0.808       |
|    learning_rate        | 0.0003      |
|    loss                 | 0.129       |
|    n_updates            | 950         |
|    policy_gradient_loss | -0.0103     |
|    std                  | 0.653       |
|    value_loss           | 0.205       |
-----------------------------------------
-----------------------------------------
| rollout/                |             |
|    ep_len_mean          | 60          |
|    ep_rew_mean          | 76.3        |
| time/                   |             |
|    fps                  | 61          |
|    iterations           | 102         |
|    time_elapsed         | 8424        |
|    total_timesteps      | 522240      |
| train/                  |             |
|    approx_kl            | 0.024397878 |
|    clip_fraction        | 0.23        |
|    clip_range           | 0.2         |
|    entropy_loss         | -1.97       |
|    explained_variance   | 0.732       |
|    learning_rate        | 0.0003      |
|    loss                 | 0.012       |
|    n_updates            | 960         |
|    policy_gradient_loss | -0.0136     |
|    std                  | 0.642       |
|    value_loss           | 0.201       |
-----------------------------------------
-----------------------------------------
| rollout/                |             |
|    ep_len_mean          | 59.2        |
|    ep_rew_mean          | 61.3        |
| time/                   |             |
|    fps                  | 62          |
|    iterations           | 103         |
|    time_elapsed         | 8480        |
|    total_timesteps      | 527360      |
| train/                  |             |
|    approx_kl            | 0.018454246 |
|    clip_fraction        | 0.237       |
|    clip_range           | 0.2         |
|    entropy_loss         | -1.95       |
|    explained_variance   | 0.782       |
|    learning_rate        | 0.0003      |
|    loss                 | 0.0254      |
|    n_updates            | 970         |
|    policy_gradient_loss | -0.0116     |
|    std                  | 0.64        |
|    value_loss           | 0.201       |
-----------------------------------------
-----------------------------------------
| rollout/                |             |
|    ep_len_mean          | 59.8        |
|    ep_rew_mean          | 67.6        |
| time/                   |             |
|    fps                  | 62          |
|    iterations           | 104         |
|    time_elapsed         | 8536        |
|    total_timesteps      | 532480      |
| train/                  |             |
|    approx_kl            | 0.019222114 |
|    clip_fraction        | 0.169       |
|    clip_range           | 0.2         |
|    entropy_loss         | -1.94       |
|    explained_variance   | 0.769       |
|    learning_rate        | 0.0003      |
|    loss                 | 0.0559      |
|    n_updates            | 980         |
|    policy_gradient_loss | -0.0149     |
|    std                  | 0.639       |
|    value_loss           | 0.28        |
-----------------------------------------
----------------------------------------
| rollout/                |            |
|    ep_len_mean          | 59.1       |
|    ep_rew_mean          | 67.1       |
| time/                   |            |
|    fps                  | 62         |
|    iterations           | 105        |
|    time_elapsed         | 8590       |
|    total_timesteps      | 537600     |
| train/                  |            |
|    approx_kl            | 0.02265446 |
|    clip_fraction        | 0.23       |
|    clip_range           | 0.2        |
|    entropy_loss         | -1.95      |
|    explained_variance   | 0.718      |
|    learning_rate        | 0.0003     |
|    loss                 | 0.0386     |
|    n_updates            | 990        |
|    policy_gradient_loss | -0.0149    |
|    std                  | 0.641      |
|    value_loss           | 0.27       |
----------------------------------------
-----------------------------------------
| rollout/                |             |
|    ep_len_mean          | 58.5        |
|    ep_rew_mean          | 79          |
| time/                   |             |
|    fps                  | 62          |
|    iterations           | 106         |
|    time_elapsed         | 8640        |
|    total_timesteps      | 542720      |
| train/                  |             |
|    approx_kl            | 0.019534493 |
|    clip_fraction        | 0.19        |
|    clip_range           | 0.2         |
|    entropy_loss         | -1.94       |
|    explained_variance   | 0.821       |
|    learning_rate        | 0.0003      |
|    loss                 | 0.0293      |
|    n_updates            | 1000        |
|    policy_gradient_loss | -0.0165     |
|    std                  | 0.637       |
|    value_loss           | 0.271       |
-----------------------------------------
Early stopping at step 1 due to reaching max kl: 0.05
----------------------------------------
| rollout/                |            |
|    ep_len_mean          | 57.9       |
|    ep_rew_mean          | 66.6       |
| time/                   |            |
|    fps                  | 63         |
|    iterations           | 107        |
|    time_elapsed         | 8690       |
|    total_timesteps      | 547840     |
| train/                  |            |
|    approx_kl            | 0.02904953 |
|    clip_fraction        | 0.255      |
|    clip_range           | 0.2        |
|    entropy_loss         | -1.93      |
|    explained_variance   | 0.878      |
|    learning_rate        | 0.0003     |
|    loss                 | 0.166      |
|    n_updates            | 1002       |
|    policy_gradient_loss | 0.00738    |
|    std                  | 0.636      |
|    value_loss           | 0.215      |
----------------------------------------
----------------------------------------
| rollout/                |            |
|    ep_len_mean          | 56.7       |
|    ep_rew_mean          | 73.8       |
| time/                   |            |
|    fps                  | 63         |
|    iterations           | 108        |
|    time_elapsed         | 8741       |
|    total_timesteps      | 552960     |
| train/                  |            |
|    approx_kl            | 0.01806432 |
|    clip_fraction        | 0.182      |
|    clip_range           | 0.2        |
|    entropy_loss         | -1.93      |
|    explained_variance   | 0.826      |
|    learning_rate        | 0.0003     |
|    loss                 | 0.0457     |
|    n_updates            | 1012       |
|    policy_gradient_loss | -0.0146    |
|    std                  | 0.637      |
|    value_loss           | 0.264      |
----------------------------------------
-----------------------------------------
| rollout/                |             |
|    ep_len_mean          | 56.7        |
|    ep_rew_mean          | 55.8        |
| time/                   |             |
|    fps                  | 63          |
|    iterations           | 109         |
|    time_elapsed         | 8795        |
|    total_timesteps      | 558080      |
| train/                  |             |
|    approx_kl            | 0.018473633 |
|    clip_fraction        | 0.176       |
|    clip_range           | 0.2         |
|    entropy_loss         | -1.93       |
|    explained_variance   | 0.871       |
|    learning_rate        | 0.0003      |
|    loss                 | 0.0209      |
|    n_updates            | 1022        |
|    policy_gradient_loss | -0.0174     |
|    std                  | 0.634       |
|    value_loss           | 0.194       |
-----------------------------------------
-----------------------------------------
| rollout/                |             |
|    ep_len_mean          | 58          |
|    ep_rew_mean          | 67          |
| time/                   |             |
|    fps                  | 63          |
|    iterations           | 110         |
|    time_elapsed         | 8848        |
|    total_timesteps      | 563200      |
| train/                  |             |
|    approx_kl            | 0.019021025 |
|    clip_fraction        | 0.194       |
|    clip_range           | 0.2         |
|    entropy_loss         | -1.92       |
|    explained_variance   | 0.785       |
|    learning_rate        | 0.0003      |
|    loss                 | 0.212       |
|    n_updates            | 1032        |
|    policy_gradient_loss | -0.0153     |
|    std                  | 0.629       |
|    value_loss           | 0.36        |
-----------------------------------------
-----------------------------------------
| rollout/                |             |
|    ep_len_mean          | 58.6        |
|    ep_rew_mean          | 74.5        |
| time/                   |             |
|    fps                  | 63          |
|    iterations           | 111         |
|    time_elapsed         | 8899        |
|    total_timesteps      | 568320      |
| train/                  |             |
|    approx_kl            | 0.017956484 |
|    clip_fraction        | 0.191       |
|    clip_range           | 0.2         |
|    entropy_loss         | -1.9        |
|    explained_variance   | 0.8         |
|    learning_rate        | 0.0003      |
|    loss                 | 0.0466      |
|    n_updates            | 1042        |
|    policy_gradient_loss | -0.0114     |
|    std                  | 0.625       |
|    value_loss           | 0.225       |
-----------------------------------------
Early stopping at step 2 due to reaching max kl: 0.05
-----------------------------------------
| rollout/                |             |
|    ep_len_mean          | 59.5        |
|    ep_rew_mean          | 76          |
| time/                   |             |
|    fps                  | 64          |
|    iterations           | 112         |
|    time_elapsed         | 8947        |
|    total_timesteps      | 573440      |
| train/                  |             |
|    approx_kl            | 0.027334541 |
|    clip_fraction        | 0.189       |
|    clip_range           | 0.2         |
|    entropy_loss         | -1.89       |
|    explained_variance   | 0.846       |
|    learning_rate        | 0.0003      |
|    loss                 | 0.137       |
|    n_updates            | 1045        |
|    policy_gradient_loss | 1.47e-05    |
|    std                  | 0.623       |
|    value_loss           | 0.291       |
-----------------------------------------
-----------------------------------------
| rollout/                |             |
|    ep_len_mean          | 58.7        |
|    ep_rew_mean          | 56.1        |
| time/                   |             |
|    fps                  | 64          |
|    iterations           | 113         |
|    time_elapsed         | 8998        |
|    total_timesteps      | 578560      |
| train/                  |             |
|    approx_kl            | 0.023038777 |
|    clip_fraction        | 0.207       |
|    clip_range           | 0.2         |
|    entropy_loss         | -1.88       |
|    explained_variance   | 0.829       |
|    learning_rate        | 0.0003      |
|    loss                 | 0.0187      |
|    n_updates            | 1055        |
|    policy_gradient_loss | -0.0167     |
|    std                  | 0.618       |
|    value_loss           | 0.172       |
-----------------------------------------
-----------------------------------------
| rollout/                |             |
|    ep_len_mean          | 59.9        |
|    ep_rew_mean          | 66.3        |
| time/                   |             |
|    fps                  | 64          |
|    iterations           | 114         |
|    time_elapsed         | 9053        |
|    total_timesteps      | 583680      |
| train/                  |             |
|    approx_kl            | 0.020436788 |
|    clip_fraction        | 0.18        |
|    clip_range           | 0.2         |
|    entropy_loss         | -1.87       |
|    explained_variance   | 0.847       |
|    learning_rate        | 0.0003      |
|    loss                 | 0.0565      |
|    n_updates            | 1065        |
|    policy_gradient_loss | -0.0183     |
|    std                  | 0.615       |
|    value_loss           | 0.275       |
-----------------------------------------
-----------------------------------------
| rollout/                |             |
|    ep_len_mean          | 60.9        |
|    ep_rew_mean          | 66.4        |
| time/                   |             |
|    fps                  | 64          |
|    iterations           | 115         |
|    time_elapsed         | 9105        |
|    total_timesteps      | 588800      |
| train/                  |             |
|    approx_kl            | 0.021465862 |
|    clip_fraction        | 0.2         |
|    clip_range           | 0.2         |
|    entropy_loss         | -1.86       |
|    explained_variance   | 0.846       |
|    learning_rate        | 0.0003      |
|    loss                 | 0.0552      |
|    n_updates            | 1075        |
|    policy_gradient_loss | -0.0164     |
|    std                  | 0.612       |
|    value_loss           | 0.247       |
-----------------------------------------
Early stopping at step 2 due to reaching max kl: 0.05
----------------------------------------
| rollout/                |            |
|    ep_len_mean          | 62.2       |
|    ep_rew_mean          | 81         |
| time/                   |            |
|    fps                  | 64         |
|    iterations           | 116        |
|    time_elapsed         | 9161       |
|    total_timesteps      | 593920     |
| train/                  |            |
|    approx_kl            | 0.03585854 |
|    clip_fraction        | 0.203      |
|    clip_range           | 0.2        |
|    entropy_loss         | -1.85      |
|    explained_variance   | 0.799      |
|    learning_rate        | 0.0003     |
|    loss                 | 0.161      |
|    n_updates            | 1078       |
|    policy_gradient_loss | 0.0068     |
|    std                  | 0.611      |
|    value_loss           | 0.357      |
----------------------------------------
----------------------------------------
| rollout/                |            |
|    ep_len_mean          | 60.6       |
|    ep_rew_mean          | 61.6       |
| time/                   |            |
|    fps                  | 65         |
|    iterations           | 117        |
|    time_elapsed         | 9210       |
|    total_timesteps      | 599040     |
| train/                  |            |
|    approx_kl            | 0.01854218 |
|    clip_fraction        | 0.208      |
|    clip_range           | 0.2        |
|    entropy_loss         | -1.85      |
|    explained_variance   | 0.793      |
|    learning_rate        | 0.0003     |
|    loss                 | -0.00244   |
|    n_updates            | 1088       |
|    policy_gradient_loss | -0.0152    |
|    std                  | 0.605      |
|    value_loss           | 0.192      |
----------------------------------------
[EVAL] t=600,000 supervisor off goal 0.66 collision 0.34 timeout 0.00 return -82.5 colregs -24.7 intervention 0.00 (329.4 s)
[EVAL] t=600,000 supervisor on goal 0.67 collision 0.33 timeout 0.00 return -82.1 colregs -24.1 intervention 0.07 (344.6 s)
-------------------------------------------------
| eval_supervisor_off/            |             |
|    being_overtaken/collision    | 0.8         |
|    being_overtaken/colregs      | -35.5       |
|    being_overtaken/goal         | 0.2         |
|    being_overtaken/intervention | 0           |
|    collision_boundary           | 0.0833      |
|    collision_obstacle           | 0.00833     |
|    collision_rate               | 0.342       |
|    collision_target             | 0.25        |
|    crossing/collision           | 1           |
|    crossing/colregs             | -47         |
|    crossing/goal                | 0           |
|    crossing/intervention        | 0           |
|    episodes                     | 120         |
|    estops_per_episode           | 0           |
|    eval_wall_s                  | 329         |
|    goal_rate                    | 0.658       |
|    head_on/collision            | 0.05        |
|    head_on/colregs              | -19.5       |
|    head_on/goal                 | 0.95        |
|    head_on/intervention         | 0           |
|    intervention_rate            | 0           |
|    mean_colregs_integral        | -24.7       |
|    mean_return                  | -82.5       |
|    no_target/collision          | 0.05        |
|    no_target/colregs            | 0           |
|    no_target/goal               | 0.95        |
|    no_target/intervention       | 0           |
|    null/collision               | 0.1         |
|    null/colregs                 | -3.04       |
|    null/goal                    | 0.9         |
|    null/intervention            | 0           |
|    overtaking/collision         | 0.05        |
|    overtaking/colregs           | -43.1       |
|    overtaking/goal              | 0.95        |
|    overtaking/intervention      | 0           |
|    timeout_rate                 | 0           |
|    timesteps                    | 600000      |
| eval_supervisor_on/             |             |
|    being_overtaken/collision    | 0.8         |
|    being_overtaken/colregs      | -35.5       |
|    being_overtaken/goal         | 0.2         |
|    being_overtaken/intervention | 0           |
|    collision_boundary           | 0.108       |
|    collision_obstacle           | 0.00833     |
|    collision_rate               | 0.333       |
|    collision_target             | 0.217       |
|    crossing/collision           | 0.95        |
|    crossing/colregs             | -43.5       |
|    crossing/goal                | 0.05        |
|    crossing/intervention        | 0.25        |
|    episodes                     | 120         |
|    estops_per_episode           | 0.0833      |
|    eval_wall_s                  | 345         |
|    goal_rate                    | 0.667       |
|    head_on/collision            | 0.05        |
|    head_on/colregs              | -19.4       |
|    head_on/goal                 | 0.95        |
|    head_on/intervention         | 0.1         |
|    intervention_rate            | 0.075       |
|    mean_colregs_integral        | -24.1       |
|    mean_return                  | -82.1       |
|    no_target/collision          | 0.05        |
|    no_target/colregs            | 0           |
|    no_target/goal               | 0.95        |
|    no_target/intervention       | 0           |
|    null/collision               | 0.1         |
|    null/colregs                 | -3.04       |
|    null/goal                    | 0.9         |
|    null/intervention            | 0           |
|    overtaking/collision         | 0.05        |
|    overtaking/colregs           | -42.9       |
|    overtaking/goal              | 0.95        |
|    overtaking/intervention      | 0.1         |
|    timeout_rate                 | 0           |
|    timesteps                    | 600000      |
| rollout/                        |             |
|    ep_len_mean                  | 62.5        |
|    ep_rew_mean                  | 87          |
| time/                           |             |
|    fps                          | 60          |
|    iterations                   | 118         |
|    time_elapsed                 | 9938        |
|    total_timesteps              | 604160      |
| train/                          |             |
|    approx_kl                    | 0.018386168 |
|    clip_fraction                | 0.21        |
|    clip_range                   | 0.2         |
|    entropy_loss                 | -1.83       |
|    explained_variance           | 0.749       |
|    learning_rate                | 0.0003      |
|    loss                         | 0.077       |
|    n_updates                    | 1098        |
|    policy_gradient_loss         | -0.014      |
|    std                          | 0.603       |
|    value_loss                   | 0.311       |
-------------------------------------------------
Early stopping at step 6 due to reaching max kl: 0.05
-----------------------------------------
| rollout/                |             |
|    ep_len_mean          | 61.4        |
|    ep_rew_mean          | 93.9        |
| time/                   |             |
|    fps                  | 61          |
|    iterations           | 119         |
|    time_elapsed         | 9984        |
|    total_timesteps      | 609280      |
| train/                  |             |
|    approx_kl            | 0.030701706 |
|    clip_fraction        | 0.231       |
|    clip_range           | 0.2         |
|    entropy_loss         | -1.82       |
|    explained_variance   | 0.79        |
|    learning_rate        | 0.0003      |
|    loss                 | 0.0281      |
|    n_updates            | 1105        |
|    policy_gradient_loss | -0.0132     |
|    std                  | 0.599       |
|    value_loss           | 0.163       |
-----------------------------------------
Early stopping at step 0 due to reaching max kl: 0.05
-----------------------------------------
| rollout/                |             |
|    ep_len_mean          | 62.1        |
|    ep_rew_mean          | 97.1        |
| time/                   |             |
|    fps                  | 61          |
|    iterations           | 120         |
|    time_elapsed         | 10036       |
|    total_timesteps      | 614400      |
| train/                  |             |
|    approx_kl            | 0.015963338 |
|    clip_fraction        | 0.171       |
|    clip_range           | 0.2         |
|    entropy_loss         | -1.81       |
|    explained_variance   | 0.814       |
|    learning_rate        | 0.0003      |
|    loss                 | 0.158       |
|    n_updates            | 1106        |
|    policy_gradient_loss | 0.0174      |
|    std                  | 0.598       |
|    value_loss           | 0.198       |
-----------------------------------------
-----------------------------------------
| rollout/                |             |
|    ep_len_mean          | 61.3        |
|    ep_rew_mean          | 88.4        |
| time/                   |             |
|    fps                  | 61          |
|    iterations           | 121         |
|    time_elapsed         | 10100       |
|    total_timesteps      | 619520      |
| train/                  |             |
|    approx_kl            | 0.019187843 |
|    clip_fraction        | 0.203       |
|    clip_range           | 0.2         |
|    entropy_loss         | -1.81       |
|    explained_variance   | 0.828       |
|    learning_rate        | 0.0003      |
|    loss                 | 0.00449     |
|    n_updates            | 1116        |
|    policy_gradient_loss | -0.0145     |
|    std                  | 0.598       |
|    value_loss           | 0.105       |
-----------------------------------------
-----------------------------------------
| rollout/                |             |
|    ep_len_mean          | 61.4        |
|    ep_rew_mean          | 85.9        |
| time/                   |             |
|    fps                  | 61          |
|    iterations           | 122         |
|    time_elapsed         | 10209       |
|    total_timesteps      | 624640      |
| train/                  |             |
|    approx_kl            | 0.026198968 |
|    clip_fraction        | 0.23        |
|    clip_range           | 0.2         |
|    entropy_loss         | -1.81       |
|    explained_variance   | 0.802       |
|    learning_rate        | 0.0003      |
|    loss                 | 0.0178      |
|    n_updates            | 1126        |
|    policy_gradient_loss | -0.0148     |
|    std                  | 0.597       |
|    value_loss           | 0.233       |
-----------------------------------------
Early stopping at step 1 due to reaching max kl: 0.06
----------------------------------------
| rollout/                |            |
|    ep_len_mean          | 60.3       |
|    ep_rew_mean          | 67.3       |
| time/                   |            |
|    fps                  | 61         |
|    iterations           | 123        |
|    time_elapsed         | 10280      |
|    total_timesteps      | 629760     |
| train/                  |            |
|    approx_kl            | 0.04150438 |
|    clip_fraction        | 0.153      |
|    clip_range           | 0.2        |
|    entropy_loss         | -1.81      |
|    explained_variance   | 0.836      |
|    learning_rate        | 0.0003     |
|    loss                 | 0.0888     |
|    n_updates            | 1128       |
|    policy_gradient_loss | 0.00179    |
|    std                  | 0.597      |
|    value_loss           | 0.25       |
----------------------------------------
Early stopping at step 7 due to reaching max kl: 0.05
-----------------------------------------
| rollout/                |             |
|    ep_len_mean          | 61.9        |
|    ep_rew_mean          | 89.2        |
| time/                   |             |
|    fps                  | 61          |
|    iterations           | 124         |
|    time_elapsed         | 10349       |
|    total_timesteps      | 634880      |
| train/                  |             |
|    approx_kl            | 0.045741163 |
|    clip_fraction        | 0.222       |
|    clip_range           | 0.2         |
|    entropy_loss         | -1.81       |
|    explained_variance   | 0.749       |
|    learning_rate        | 0.0003      |
|    loss                 | 0.134       |
|    n_updates            | 1136        |
|    policy_gradient_loss | -0.00867    |
|    std                  | 0.599       |
|    value_loss           | 0.305       |
-----------------------------------------
Early stopping at step 6 due to reaching max kl: 0.06
[CURRICULUM] t=640,000 -> scenario stage 4
-----------------------------------------
| rollout/                |             |
|    ep_len_mean          | 62.1        |
|    ep_rew_mean          | 68.3        |
| time/                   |             |
|    fps                  | 61          |
|    iterations           | 125         |
|    time_elapsed         | 10421       |
|    total_timesteps      | 640000      |
| train/                  |             |
|    approx_kl            | 0.032992087 |
|    clip_fraction        | 0.259       |
|    clip_range           | 0.2         |
|    entropy_loss         | -1.81       |
|    explained_variance   | 0.823       |
|    learning_rate        | 0.0003      |
|    loss                 | 0.0363      |
|    n_updates            | 1143        |
|    policy_gradient_loss | -0.0105     |
|    std                  | 0.598       |
|    value_loss           | 0.172       |
-----------------------------------------
-----------------------------------------
| rollout/                |             |
|    ep_len_mean          | 49.2        |
|    ep_rew_mean          | -101        |
| time/                   |             |
|    fps                  | 61          |
|    iterations           | 126         |
|    time_elapsed         | 10534       |
|    total_timesteps      | 645120      |
| train/                  |             |
|    approx_kl            | 0.019424532 |
|    clip_fraction        | 0.228       |
|    clip_range           | 0.2         |
|    entropy_loss         | -1.8        |
|    explained_variance   | 0.758       |
|    learning_rate        | 0.0003      |
|    loss                 | 0.0628      |
|    n_updates            | 1153        |
|    policy_gradient_loss | -0.0144     |
|    std                  | 0.594       |
|    value_loss           | 0.381       |
-----------------------------------------
Early stopping at step 8 due to reaching max kl: 0.05
----------------------------------------
| rollout/                |            |
|    ep_len_mean          | 49.8       |
|    ep_rew_mean          | -104       |
| time/                   |            |
|    fps                  | 61         |
|    iterations           | 127        |
|    time_elapsed         | 10629      |
|    total_timesteps      | 650240     |
| train/                  |            |
|    approx_kl            | 0.03855111 |
|    clip_fraction        | 0.255      |
|    clip_range           | 0.2        |
|    entropy_loss         | -1.79      |
|    explained_variance   | 0.548      |
|    learning_rate        | 0.0003     |
|    loss                 | 0.327      |
|    n_updates            | 1162       |
|    policy_gradient_loss | -0.0117    |
|    std                  | 0.592      |
|    value_loss           | 1.7        |
----------------------------------------
-----------------------------------------
| rollout/                |             |
|    ep_len_mean          | 51.4        |
|    ep_rew_mean          | -66.8       |
| time/                   |             |
|    fps                  | 61          |
|    iterations           | 128         |
|    time_elapsed         | 10731       |
|    total_timesteps      | 655360      |
| train/                  |             |
|    approx_kl            | 0.025403732 |
|    clip_fraction        | 0.201       |
|    clip_range           | 0.2         |
|    entropy_loss         | -1.79       |
|    explained_variance   | 0.711       |
|    learning_rate        | 0.0003      |
|    loss                 | 0.366       |
|    n_updates            | 1172        |
|    policy_gradient_loss | -0.0204     |
|    std                  | 0.592       |
|    value_loss           | 1.45        |
-----------------------------------------
-----------------------------------------
| rollout/                |             |
|    ep_len_mean          | 49.6        |
|    ep_rew_mean          | -86.6       |
| time/                   |             |
|    fps                  | 61          |
|    iterations           | 129         |
|    time_elapsed         | 10825       |
|    total_timesteps      | 660480      |
| train/                  |             |
|    approx_kl            | 0.032376014 |
|    clip_fraction        | 0.223       |
|    clip_range           | 0.2         |
|    entropy_loss         | -1.79       |
|    explained_variance   | 0.725       |
|    learning_rate        | 0.0003      |
|    loss                 | 0.316       |
|    n_updates            | 1182        |
|    policy_gradient_loss | -0.0149     |
|    std                  | 0.59        |
|    value_loss           | 1.2         |
-----------------------------------------
Early stopping at step 4 due to reaching max kl: 0.05
-----------------------------------------
| rollout/                |             |
|    ep_len_mean          | 48.6        |
|    ep_rew_mean          | -110        |
| time/                   |             |
|    fps                  | 60          |
|    iterations           | 130         |
|    time_elapsed         | 10931       |
|    total_timesteps      | 665600      |
| train/                  |             |
|    approx_kl            | 0.045099687 |
|    clip_fraction        | 0.204       |
|    clip_range           | 0.2         |
|    entropy_loss         | -1.78       |
|    explained_variance   | 0.789       |
|    learning_rate        | 0.0003      |
|    loss                 | 0.318       |
|    n_updates            | 1187        |
|    policy_gradient_loss | -0.00272    |
|    std                  | 0.591       |
|    value_loss           | 1.26        |
-----------------------------------------
-----------------------------------------
| rollout/                |             |
|    ep_len_mean          | 49.7        |
|    ep_rew_mean          | -76.1       |
| time/                   |             |
|    fps                  | 60          |
|    iterations           | 131         |
|    time_elapsed         | 11015       |
|    total_timesteps      | 670720      |
| train/                  |             |
|    approx_kl            | 0.024658598 |
|    clip_fraction        | 0.232       |
|    clip_range           | 0.2         |
|    entropy_loss         | -1.79       |
|    explained_variance   | 0.814       |
|    learning_rate        | 0.0003      |
|    loss                 | 0.252       |
|    n_updates            | 1197        |
|    policy_gradient_loss | -0.0193     |
|    std                  | 0.591       |
|    value_loss           | 0.982       |
-----------------------------------------
-----------------------------------------
| rollout/                |             |
|    ep_len_mean          | 51          |
|    ep_rew_mean          | -79.8       |
| time/                   |             |
|    fps                  | 60          |
|    iterations           | 132         |
|    time_elapsed         | 11096       |
|    total_timesteps      | 675840      |
| train/                  |             |
|    approx_kl            | 0.023722932 |
|    clip_fraction        | 0.201       |
|    clip_range           | 0.2         |
|    entropy_loss         | -1.78       |
|    explained_variance   | 0.798       |
|    learning_rate        | 0.0003      |
|    loss                 | 0.284       |
|    n_updates            | 1207        |
|    policy_gradient_loss | -0.0192     |
|    std                  | 0.589       |
|    value_loss           | 0.862       |
-----------------------------------------
----------------------------------------
| rollout/                |            |
|    ep_len_mean          | 53.2       |
|    ep_rew_mean          | -83.1      |
| time/                   |            |
|    fps                  | 60         |
|    iterations           | 133        |
|    time_elapsed         | 11184      |
|    total_timesteps      | 680960     |
| train/                  |            |
|    approx_kl            | 0.02366929 |
|    clip_fraction        | 0.205      |
|    clip_range           | 0.2        |
|    entropy_loss         | -1.77      |
|    explained_variance   | 0.757      |
|    learning_rate        | 0.0003     |
|    loss                 | 0.257      |
|    n_updates            | 1217       |
|    policy_gradient_loss | -0.023     |
|    std                  | 0.586      |
|    value_loss           | 1.02       |
----------------------------------------
----------------------------------------
| rollout/                |            |
|    ep_len_mean          | 49.8       |
|    ep_rew_mean          | -102       |
| time/                   |            |
|    fps                  | 60         |
|    iterations           | 134        |
|    time_elapsed         | 11274      |
|    total_timesteps      | 686080     |
| train/                  |            |
|    approx_kl            | 0.02654559 |
|    clip_fraction        | 0.238      |
|    clip_range           | 0.2        |
|    entropy_loss         | -1.76      |
|    explained_variance   | 0.791      |
|    learning_rate        | 0.0003     |
|    loss                 | 0.205      |
|    n_updates            | 1227       |
|    policy_gradient_loss | -0.0141    |
|    std                  | 0.582      |
|    value_loss           | 0.811      |
----------------------------------------
----------------------------------------
| rollout/                |            |
|    ep_len_mean          | 48.2       |
|    ep_rew_mean          | -129       |
| time/                   |            |
|    fps                  | 60         |
|    iterations           | 135        |
|    time_elapsed         | 11353      |
|    total_timesteps      | 691200     |
| train/                  |            |
|    approx_kl            | 0.02603351 |
|    clip_fraction        | 0.241      |
|    clip_range           | 0.2        |
|    entropy_loss         | -1.75      |
|    explained_variance   | 0.731      |
|    learning_rate        | 0.0003     |
|    loss                 | 0.45       |
|    n_updates            | 1237       |
|    policy_gradient_loss | -0.0179    |
|    std                  | 0.58       |
|    value_loss           | 1.29       |
----------------------------------------
Early stopping at step 9 due to reaching max kl: 0.05
-----------------------------------------
| rollout/                |             |
|    ep_len_mean          | 52.8        |
|    ep_rew_mean          | -48         |
| time/                   |             |
|    fps                  | 60          |
|    iterations           | 136         |
|    time_elapsed         | 11429       |
|    total_timesteps      | 696320      |
| train/                  |             |
|    approx_kl            | 0.029338377 |
|    clip_fraction        | 0.221       |
|    clip_range           | 0.2         |
|    entropy_loss         | -1.75       |
|    explained_variance   | 0.748       |
|    learning_rate        | 0.0003      |
|    loss                 | 0.381       |
|    n_updates            | 1247        |
|    policy_gradient_loss | -0.0156     |
|    std                  | 0.579       |
|    value_loss           | 1.32        |
-----------------------------------------
-----------------------------------------
| rollout/                |             |
|    ep_len_mean          | 52.7        |
|    ep_rew_mean          | -68.6       |
| time/                   |             |
|    fps                  | 60          |
|    iterations           | 137         |
|    time_elapsed         | 11507       |
|    total_timesteps      | 701440      |
| train/                  |             |
|    approx_kl            | 0.023919152 |
|    clip_fraction        | 0.212       |
|    clip_range           | 0.2         |
|    entropy_loss         | -1.74       |
|    explained_variance   | 0.814       |
|    learning_rate        | 0.0003      |
|    loss                 | 0.345       |
|    n_updates            | 1257        |
|    policy_gradient_loss | -0.0175     |
|    std                  | 0.578       |
|    value_loss           | 0.824       |
-----------------------------------------
Early stopping at step 6 due to reaching max kl: 0.05
----------------------------------------
| rollout/                |            |
|    ep_len_mean          | 49.8       |
|    ep_rew_mean          | -62.7      |
| time/                   |            |
|    fps                  | 60         |
|    iterations           | 138        |
|    time_elapsed         | 11590      |
|    total_timesteps      | 706560     |
| train/                  |            |
|    approx_kl            | 0.03216801 |
|    clip_fraction        | 0.245      |
|    clip_range           | 0.2        |
|    entropy_loss         | -1.74      |
|    explained_variance   | 0.773      |
|    learning_rate        | 0.0003     |
|    loss                 | 0.375      |
|    n_updates            | 1264       |
|    policy_gradient_loss | -0.00958   |
|    std                  | 0.577      |
|    value_loss           | 1.12       |
----------------------------------------
----------------------------------------
| rollout/                |            |
|    ep_len_mean          | 50.5       |
|    ep_rew_mean          | -68.8      |
| time/                   |            |
|    fps                  | 60         |
|    iterations           | 139        |
|    time_elapsed         | 11669      |
|    total_timesteps      | 711680     |
| train/                  |            |
|    approx_kl            | 0.03283807 |
|    clip_fraction        | 0.234      |
|    clip_range           | 0.2        |
|    entropy_loss         | -1.74      |
|    explained_variance   | 0.75       |
|    learning_rate        | 0.0003     |
|    loss                 | 0.284      |
|    n_updates            | 1274       |
|    policy_gradient_loss | -0.0172    |
|    std                  | 0.576      |
|    value_loss           | 1          |
----------------------------------------
-----------------------------------------
| rollout/                |             |
|    ep_len_mean          | 49.6        |
|    ep_rew_mean          | -57.2       |
| time/                   |             |
|    fps                  | 61          |
|    iterations           | 140         |
|    time_elapsed         | 11749       |
|    total_timesteps      | 716800      |
| train/                  |             |
|    approx_kl            | 0.024014559 |
|    clip_fraction        | 0.257       |
|    clip_range           | 0.2         |
|    entropy_loss         | -1.73       |
|    explained_variance   | 0.732       |
|    learning_rate        | 0.0003      |
|    loss                 | 0.248       |
|    n_updates            | 1284        |
|    policy_gradient_loss | -0.0163     |
|    std                  | 0.574       |
|    value_loss           | 1.02        |
-----------------------------------------
Early stopping at step 9 due to reaching max kl: 0.05
-----------------------------------------
| rollout/                |             |
|    ep_len_mean          | 50.6        |
|    ep_rew_mean          | -73.3       |
| time/                   |             |
|    fps                  | 61          |
|    iterations           | 141         |
|    time_elapsed         | 11818       |
|    total_timesteps      | 721920      |
| train/                  |             |
|    approx_kl            | 0.029393328 |
|    clip_fraction        | 0.241       |
|    clip_range           | 0.2         |
|    entropy_loss         | -1.72       |
|    explained_variance   | 0.767       |
|    learning_rate        | 0.0003      |
|    loss                 | 0.221       |
|    n_updates            | 1294        |
|    policy_gradient_loss | -0.0184     |
|    std                  | 0.572       |
|    value_loss           | 0.85        |
-----------------------------------------
-----------------------------------------
| rollout/                |             |
|    ep_len_mean          | 50.3        |
|    ep_rew_mean          | -81.8       |
| time/                   |             |
|    fps                  | 61          |
|    iterations           | 142         |
|    time_elapsed         | 11889       |
|    total_timesteps      | 727040      |
| train/                  |             |
|    approx_kl            | 0.025015038 |
|    clip_fraction        | 0.233       |
|    clip_range           | 0.2         |
|    entropy_loss         | -1.72       |
|    explained_variance   | 0.716       |
|    learning_rate        | 0.0003      |
|    loss                 | 0.633       |
|    n_updates            | 1304        |
|    policy_gradient_loss | -0.0176     |
|    std                  | 0.57        |
|    value_loss           | 1.15        |
-----------------------------------------
Early stopping at step 2 due to reaching max kl: 0.05
-----------------------------------------
| rollout/                |             |
|    ep_len_mean          | 48.4        |
|    ep_rew_mean          | -95.5       |
| time/                   |             |
|    fps                  | 61          |
|    iterations           | 143         |
|    time_elapsed         | 11963       |
|    total_timesteps      | 732160      |
| train/                  |             |
|    approx_kl            | 0.022803525 |
|    clip_fraction        | 0.166       |
|    clip_range           | 0.2         |
|    entropy_loss         | -1.71       |
|    explained_variance   | 0.704       |
|    learning_rate        | 0.0003      |
|    loss                 | 1.14        |
|    n_updates            | 1307        |
|    policy_gradient_loss | -0.00252    |
|    std                  | 0.57        |
|    value_loss           | 2.1         |
-----------------------------------------
-----------------------------------------
| rollout/                |             |
|    ep_len_mean          | 44.6        |
|    ep_rew_mean          | -138        |
| time/                   |             |
|    fps                  | 61          |
|    iterations           | 144         |
|    time_elapsed         | 12042       |
|    total_timesteps      | 737280      |
| train/                  |             |
|    approx_kl            | 0.027710933 |
|    clip_fraction        | 0.232       |
|    clip_range           | 0.2         |
|    entropy_loss         | -1.71       |
|    explained_variance   | 0.787       |
|    learning_rate        | 0.0003      |
|    loss                 | 0.248       |
|    n_updates            | 1317        |
|    policy_gradient_loss | -0.0183     |
|    std                  | 0.568       |
|    value_loss           | 1.07        |
-----------------------------------------
-----------------------------------------
| rollout/                |             |
|    ep_len_mean          | 51.8        |
|    ep_rew_mean          | -46.4       |
| time/                   |             |
|    fps                  | 61          |
|    iterations           | 145         |
|    time_elapsed         | 12119       |
|    total_timesteps      | 742400      |
| train/                  |             |
|    approx_kl            | 0.028245423 |
|    clip_fraction        | 0.233       |
|    clip_range           | 0.2         |
|    entropy_loss         | -1.7        |
|    explained_variance   | 0.831       |
|    learning_rate        | 0.0003      |
|    loss                 | 0.251       |
|    n_updates            | 1327        |
|    policy_gradient_loss | -0.0221     |
|    std                  | 0.565       |
|    value_loss           | 1.02        |
-----------------------------------------
Early stopping at step 7 due to reaching max kl: 0.05
-----------------------------------------
| rollout/                |             |
|    ep_len_mean          | 51.2        |
|    ep_rew_mean          | -58.9       |
| time/                   |             |
|    fps                  | 61          |
|    iterations           | 146         |
|    time_elapsed         | 12190       |
|    total_timesteps      | 747520      |
| train/                  |             |
|    approx_kl            | 0.033394467 |
|    clip_fraction        | 0.216       |
|    clip_range           | 0.2         |
|    entropy_loss         | -1.69       |
|    explained_variance   | 0.739       |
|    learning_rate        | 0.0003      |
|    loss                 | 0.22        |
|    n_updates            | 1335        |
|    policy_gradient_loss | -0.0191     |
|    std                  | 0.56        |
|    value_loss           | 0.968       |
-----------------------------------------
Early stopping at step 5 due to reaching max kl: 0.06
-----------------------------------------
| rollout/                |             |
|    ep_len_mean          | 50.8        |
|    ep_rew_mean          | -33.3       |
| time/                   |             |
|    fps                  | 61          |
|    iterations           | 147         |
|    time_elapsed         | 12266       |
|    total_timesteps      | 752640      |
| train/                  |             |
|    approx_kl            | 0.039745204 |
|    clip_fraction        | 0.233       |
|    clip_range           | 0.2         |
|    entropy_loss         | -1.68       |
|    explained_variance   | 0.753       |
|    learning_rate        | 0.0003      |
|    loss                 | 0.373       |
|    n_updates            | 1341        |
|    policy_gradient_loss | -0.00994    |
|    std                  | 0.561       |
|    value_loss           | 1.07        |
-----------------------------------------
Early stopping at step 2 due to reaching max kl: 0.05
-----------------------------------------
| rollout/                |             |
|    ep_len_mean          | 46.8        |
|    ep_rew_mean          | -80.4       |
| time/                   |             |
|    fps                  | 61          |
|    iterations           | 148         |
|    time_elapsed         | 12338       |
|    total_timesteps      | 757760      |
| train/                  |             |
|    approx_kl            | 0.040169865 |
|    clip_fraction        | 0.226       |
|    clip_range           | 0.2         |
|    entropy_loss         | -1.68       |
|    explained_variance   | 0.739       |
|    learning_rate        | 0.0003      |
|    loss                 | 0.579       |
|    n_updates            | 1344        |
|    policy_gradient_loss | 0.000114    |
|    std                  | 0.562       |
|    value_loss           | 1.4         |
-----------------------------------------
Early stopping at step 7 due to reaching max kl: 0.05
-----------------------------------------
| rollout/                |             |
|    ep_len_mean          | 52.5        |
|    ep_rew_mean          | -54         |
| time/                   |             |
|    fps                  | 61          |
|    iterations           | 149         |
|    time_elapsed         | 12409       |
|    total_timesteps      | 762880      |
| train/                  |             |
|    approx_kl            | 0.029942922 |
|    clip_fraction        | 0.23        |
|    clip_range           | 0.2         |
|    entropy_loss         | -1.69       |
|    explained_variance   | 0.762       |
|    learning_rate        | 0.0003      |
|    loss                 | 0.322       |
|    n_updates            | 1352        |
|    policy_gradient_loss | -0.0161     |
|    std                  | 0.563       |
|    value_loss           | 1.23        |
-----------------------------------------
Early stopping at step 6 due to reaching max kl: 0.06
----------------------------------------
| rollout/                |            |
|    ep_len_mean          | 48.4       |
|    ep_rew_mean          | -58        |
| time/                   |            |
|    fps                  | 61         |
|    iterations           | 150        |
|    time_elapsed         | 12487      |
|    total_timesteps      | 768000     |
| train/                  |            |
|    approx_kl            | 0.04193002 |
|    clip_fraction        | 0.253      |
|    clip_range           | 0.2        |
|    entropy_loss         | -1.69      |
|    explained_variance   | 0.7        |
|    learning_rate        | 0.0003     |
|    loss                 | 0.287      |
|    n_updates            | 1359       |
|    policy_gradient_loss | -0.012     |
|    std                  | 0.563      |
|    value_loss           | 1.27       |
----------------------------------------
----------------------------------------
| rollout/                |            |
|    ep_len_mean          | 47.8       |
|    ep_rew_mean          | -82        |
| time/                   |            |
|    fps                  | 61         |
|    iterations           | 151        |
|    time_elapsed         | 12562      |
|    total_timesteps      | 773120     |
| train/                  |            |
|    approx_kl            | 0.03381296 |
|    clip_fraction        | 0.273      |
|    clip_range           | 0.2        |
|    entropy_loss         | -1.69      |
|    explained_variance   | 0.775      |
|    learning_rate        | 0.0003     |
|    loss                 | 0.377      |
|    n_updates            | 1369       |
|    policy_gradient_loss | -0.0188    |
|    std                  | 0.562      |
|    value_loss           | 0.936      |
----------------------------------------
Early stopping at step 9 due to reaching max kl: 0.05
-----------------------------------------
| rollout/                |             |
|    ep_len_mean          | 50.3        |
|    ep_rew_mean          | -64.4       |
| time/                   |             |
|    fps                  | 61          |
|    iterations           | 152         |
|    time_elapsed         | 12637       |
|    total_timesteps      | 778240      |
| train/                  |             |
|    approx_kl            | 0.037015732 |
|    clip_fraction        | 0.253       |
|    clip_range           | 0.2         |
|    entropy_loss         | -1.69       |
|    explained_variance   | 0.721       |
|    learning_rate        | 0.0003      |
|    loss                 | 0.353       |
|    n_updates            | 1379        |
|    policy_gradient_loss | -0.0208     |
|    std                  | 0.561       |
|    value_loss           | 1.1         |
-----------------------------------------
-----------------------------------------
| rollout/                |             |
|    ep_len_mean          | 47.8        |
|    ep_rew_mean          | -80.6       |
| time/                   |             |
|    fps                  | 61          |
|    iterations           | 153         |
|    time_elapsed         | 12721       |
|    total_timesteps      | 783360      |
| train/                  |             |
|    approx_kl            | 0.027300235 |
|    clip_fraction        | 0.216       |
|    clip_range           | 0.2         |
|    entropy_loss         | -1.68       |
|    explained_variance   | 0.743       |
|    learning_rate        | 0.0003      |
|    loss                 | 0.231       |
|    n_updates            | 1389        |
|    policy_gradient_loss | -0.0168     |
|    std                  | 0.559       |
|    value_loss           | 0.947       |
-----------------------------------------
Early stopping at step 6 due to reaching max kl: 0.05
----------------------------------------
| rollout/                |            |
|    ep_len_mean          | 49.2       |
|    ep_rew_mean          | -66.5      |
| time/                   |            |
|    fps                  | 61         |
|    iterations           | 154        |
|    time_elapsed         | 12791      |
|    total_timesteps      | 788480     |
| train/                  |            |
|    approx_kl            | 0.05418226 |
|    clip_fraction        | 0.238      |
|    clip_range           | 0.2        |
|    entropy_loss         | -1.67      |
|    explained_variance   | 0.795      |
|    learning_rate        | 0.0003     |
|    loss                 | 0.314      |
|    n_updates            | 1396       |
|    policy_gradient_loss | -0.00972   |
|    std                  | 0.56       |
|    value_loss           | 1.22       |
----------------------------------------
Early stopping at step 3 due to reaching max kl: 0.05
----------------------------------------
| rollout/                |            |
|    ep_len_mean          | 50.1       |
|    ep_rew_mean          | -37.3      |
| time/                   |            |
|    fps                  | 61         |
|    iterations           | 155        |
|    time_elapsed         | 12862      |
|    total_timesteps      | 793600     |
| train/                  |            |
|    approx_kl            | 0.04055995 |
|    clip_fraction        | 0.184      |
|    clip_range           | 0.2        |
|    entropy_loss         | -1.68      |
|    explained_variance   | 0.695      |
|    learning_rate        | 0.0003     |
|    loss                 | 0.449      |
|    n_updates            | 1400       |
|    policy_gradient_loss | -0.00621   |
|    std                  | 0.56       |
|    value_loss           | 1.6        |
----------------------------------------
Early stopping at step 6 due to reaching max kl: 0.05
-----------------------------------------
| rollout/                |             |
|    ep_len_mean          | 48.6        |
|    ep_rew_mean          | -35.6       |
| time/                   |             |
|    fps                  | 61          |
|    iterations           | 156         |
|    time_elapsed         | 12931       |
|    total_timesteps      | 798720      |
| train/                  |             |
|    approx_kl            | 0.035545412 |
|    clip_fraction        | 0.231       |
|    clip_range           | 0.2         |
|    entropy_loss         | -1.68       |
|    explained_variance   | 0.753       |
|    learning_rate        | 0.0003      |
|    loss                 | 0.261       |
|    n_updates            | 1407        |
|    policy_gradient_loss | -0.0164     |
|    std                  | 0.56        |
|    value_loss           | 0.93        |
-----------------------------------------
Early stopping at step 9 due to reaching max kl: 0.05
[EVAL] t=800,000 supervisor off goal 0.69 collision 0.31 timeout 0.00 return -58.5 colregs -20.4 intervention 0.00 (142.5 s)
[EVAL] t=800,000 supervisor on goal 0.69 collision 0.31 timeout 0.00 return -62.7 colregs -19.5 intervention 0.03 (278.4 s)
------------------------------------------------
| eval_supervisor_off/            |            |
|    being_overtaken/collision    | 0.4        |
|    being_overtaken/colregs      | -27.7      |
|    being_overtaken/goal         | 0.6        |
|    being_overtaken/intervention | 0          |
|    collision_boundary           | 0.1        |
|    collision_obstacle           | 0.025      |
|    collision_rate               | 0.308      |
|    collision_target             | 0.183      |
|    crossing/collision           | 0.95       |
|    crossing/colregs             | -38.6      |
|    crossing/goal                | 0.05       |
|    crossing/intervention        | 0          |
|    episodes                     | 120        |
|    estops_per_episode           | 0          |
|    eval_wall_s                  | 142        |
|    goal_rate                    | 0.692      |
|    head_on/collision            | 0.15       |
|    head_on/colregs              | -19        |
|    head_on/goal                 | 0.85       |
|    head_on/intervention         | 0          |
|    intervention_rate            | 0          |
|    mean_colregs_integral        | -20.4      |
|    mean_return                  | -58.5      |
|    no_target/collision          | 0.1        |
|    no_target/colregs            | 0          |
|    no_target/goal               | 0.9        |
|    no_target/intervention       | 0          |
|    null/collision               | 0.2        |
|    null/colregs                 | -5.04      |
|    null/goal                    | 0.8        |
|    null/intervention            | 0          |
|    overtaking/collision         | 0.05       |
|    overtaking/colregs           | -32        |
|    overtaking/goal              | 0.95       |
|    overtaking/intervention      | 0          |
|    timeout_rate                 | 0          |
|    timesteps                    | 800000     |
| eval_supervisor_on/             |            |
|    being_overtaken/collision    | 0.4        |
|    being_overtaken/colregs      | -27.7      |
|    being_overtaken/goal         | 0.6        |
|    being_overtaken/intervention | 0          |
|    collision_boundary           | 0.133      |
|    collision_obstacle           | 0.025      |
|    collision_rate               | 0.308      |
|    collision_target             | 0.15       |
|    crossing/collision           | 0.95       |
|    crossing/colregs             | -33        |
|    crossing/goal                | 0.05       |
|    crossing/intervention        | 0.2        |
|    episodes                     | 120        |
|    estops_per_episode           | 0.0333     |
|    eval_wall_s                  | 278        |
|    goal_rate                    | 0.692      |
|    head_on/collision            | 0.15       |
|    head_on/colregs              | -19        |
|    head_on/goal                 | 0.85       |
|    head_on/intervention         | 0          |
|    intervention_rate            | 0.0333     |
|    mean_colregs_integral        | -19.5      |
|    mean_return                  | -62.7      |
|    no_target/collision          | 0.1        |
|    no_target/colregs            | 0          |
|    no_target/goal               | 0.9        |
|    no_target/intervention       | 0          |
|    null/collision               | 0.2        |
|    null/colregs                 | -5.04      |
|    null/goal                    | 0.8        |
|    null/intervention            | 0          |
|    overtaking/collision         | 0.05       |
|    overtaking/colregs           | -32        |
|    overtaking/goal              | 0.95       |
|    overtaking/intervention      | 0          |
|    timeout_rate                 | 0          |
|    timesteps                    | 800000     |
| rollout/                        |            |
|    ep_len_mean                  | 47.9       |
|    ep_rew_mean                  | -55.6      |
| time/                           |            |
|    fps                          | 59         |
|    iterations                   | 157        |
|    time_elapsed                 | 13482      |
|    total_timesteps              | 803840     |
| train/                          |            |
|    approx_kl                    | 0.04694249 |
|    clip_fraction                | 0.261      |
|    clip_range                   | 0.2        |
|    entropy_loss                 | -1.68      |
|    explained_variance           | 0.758      |
|    learning_rate                | 0.0003     |
|    loss                         | 0.214      |
|    n_updates                    | 1417       |
|    policy_gradient_loss         | -0.0188    |
|    std                          | 0.561      |
|    value_loss                   | 0.79       |
------------------------------------------------
Early stopping at step 4 due to reaching max kl: 0.05
----------------------------------------
| rollout/                |            |
|    ep_len_mean          | 46.8       |
|    ep_rew_mean          | -90.8      |
| time/                   |            |
|    fps                  | 59         |
|    iterations           | 158        |
|    time_elapsed         | 13659      |
|    total_timesteps      | 808960     |
| train/                  |            |
|    approx_kl            | 0.03964844 |
|    clip_fraction        | 0.238      |
|    clip_range           | 0.2        |
|    entropy_loss         | -1.68      |
|    explained_variance   | 0.797      |
|    learning_rate        | 0.0003     |
|    loss                 | 0.274      |
|    n_updates            | 1422       |
|    policy_gradient_loss | -0.0049    |
|    std                  | 0.56       |
|    value_loss           | 1.13       |
----------------------------------------
Early stopping at step 9 due to reaching max kl: 0.05
-----------------------------------------
| rollout/                |             |
|    ep_len_mean          | 46.8        |
|    ep_rew_mean          | -80.1       |
| time/                   |             |
|    fps                  | 58          |
|    iterations           | 159         |
|    time_elapsed         | 13845       |
|    total_timesteps      | 814080      |
| train/                  |             |
|    approx_kl            | 0.042683817 |
|    clip_fraction        | 0.278       |
|    clip_range           | 0.2         |
|    entropy_loss         | -1.67       |
|    explained_variance   | 0.784       |
|    learning_rate        | 0.0003      |
|    loss                 | 0.171       |
|    n_updates            | 1432        |
|    policy_gradient_loss | -0.0175     |
|    std                  | 0.556       |
|    value_loss           | 0.928       |
-----------------------------------------
Early stopping at step 5 due to reaching max kl: 0.05
-----------------------------------------
| rollout/                |             |
|    ep_len_mean          | 48.4        |
|    ep_rew_mean          | -69.1       |
| time/                   |             |
|    fps                  | 58          |
|    iterations           | 160         |
|    time_elapsed         | 14008       |
|    total_timesteps      | 819200      |
| train/                  |             |
|    approx_kl            | 0.033329748 |
|    clip_fraction        | 0.253       |
|    clip_range           | 0.2         |
|    entropy_loss         | -1.66       |
|    explained_variance   | 0.771       |
|    learning_rate        | 0.0003      |
|    loss                 | 0.493       |
|    n_updates            | 1438        |
|    policy_gradient_loss | -0.00718    |
|    std                  | 0.556       |
|    value_loss           | 1.3         |
-----------------------------------------
-----------------------------------------
| rollout/                |             |
|    ep_len_mean          | 45          |
|    ep_rew_mean          | -101        |
| time/                   |             |
|    fps                  | 57          |
|    iterations           | 161         |
|    time_elapsed         | 14212       |
|    total_timesteps      | 824320      |
| train/                  |             |
|    approx_kl            | 0.027609235 |
|    clip_fraction        | 0.24        |
|    clip_range           | 0.2         |
|    entropy_loss         | -1.67       |
|    explained_variance   | 0.771       |
|    learning_rate        | 0.0003      |
|    loss                 | 0.227       |
|    n_updates            | 1448        |
|    policy_gradient_loss | -0.0202     |
|    std                  | 0.56        |
|    value_loss           | 1           |
-----------------------------------------
Early stopping at step 1 due to reaching max kl: 0.05
----------------------------------------
| rollout/                |            |
|    ep_len_mean          | 45.1       |
|    ep_rew_mean          | -87.2      |
| time/                   |            |
|    fps                  | 57         |
|    iterations           | 162        |
|    time_elapsed         | 14415      |
|    total_timesteps      | 829440     |
| train/                  |            |
|    approx_kl            | 0.02085604 |
|    clip_fraction        | 0.18       |
|    clip_range           | 0.2        |
|    entropy_loss         | -1.68      |
|    explained_variance   | 0.779      |
|    learning_rate        | 0.0003     |
|    loss                 | 1.02       |
|    n_updates            | 1450       |
|    policy_gradient_loss | 0.00135    |
|    std                  | 0.559      |
|    value_loss           | 1.79       |
----------------------------------------
Early stopping at step 3 due to reaching max kl: 0.05
-----------------------------------------
| rollout/                |             |
|    ep_len_mean          | 46.3        |
|    ep_rew_mean          | -96.6       |
| time/                   |             |
|    fps                  | 57          |
|    iterations           | 163         |
|    time_elapsed         | 14577       |
|    total_timesteps      | 834560      |
| train/                  |             |
|    approx_kl            | 0.031761438 |
|    clip_fraction        | 0.229       |
|    clip_range           | 0.2         |
|    entropy_loss         | -1.67       |
|    explained_variance   | 0.76        |
|    learning_rate        | 0.0003      |
|    loss                 | 0.593       |
|    n_updates            | 1454        |
|    policy_gradient_loss | -0.000976   |
|    std                  | 0.558       |
|    value_loss           | 1.5         |
-----------------------------------------
-----------------------------------------
| rollout/                |             |
|    ep_len_mean          | 49.1        |
|    ep_rew_mean          | -46.1       |
| time/                   |             |
|    fps                  | 56          |
|    iterations           | 164         |
|    time_elapsed         | 14793       |
|    total_timesteps      | 839680      |
| train/                  |             |
|    approx_kl            | 0.027404595 |
|    clip_fraction        | 0.225       |
|    clip_range           | 0.2         |
|    entropy_loss         | -1.67       |
|    explained_variance   | 0.728       |
|    learning_rate        | 0.0003      |
|    loss                 | 0.229       |
|    n_updates            | 1464        |
|    policy_gradient_loss | -0.0185     |
|    std                  | 0.56        |
|    value_loss           | 1.2         |
-----------------------------------------
-----------------------------------------
| rollout/                |             |
|    ep_len_mean          | 48.7        |
|    ep_rew_mean          | -69.6       |
| time/                   |             |
|    fps                  | 56          |
|    iterations           | 165         |
|    time_elapsed         | 14988       |
|    total_timesteps      | 844800      |
| train/                  |             |
|    approx_kl            | 0.034648146 |
|    clip_fraction        | 0.246       |
|    clip_range           | 0.2         |
|    entropy_loss         | -1.67       |
|    explained_variance   | 0.769       |
|    learning_rate        | 0.0003      |
|    loss                 | 0.189       |
|    n_updates            | 1474        |
|    policy_gradient_loss | -0.0212     |
|    std                  | 0.554       |
|    value_loss           | 0.792       |
-----------------------------------------
-----------------------------------------
| rollout/                |             |
|    ep_len_mean          | 43.8        |
|    ep_rew_mean          | -119        |
| time/                   |             |
|    fps                  | 55          |
|    iterations           | 166         |
|    time_elapsed         | 15209       |
|    total_timesteps      | 849920      |
| train/                  |             |
|    approx_kl            | 0.029038478 |
|    clip_fraction        | 0.256       |
|    clip_range           | 0.2         |
|    entropy_loss         | -1.65       |
|    explained_variance   | 0.776       |
|    learning_rate        | 0.0003      |
|    loss                 | 0.293       |
|    n_updates            | 1484        |
|    policy_gradient_loss | -0.0195     |
|    std                  | 0.552       |
|    value_loss           | 0.855       |
-----------------------------------------
Early stopping at step 5 due to reaching max kl: 0.05
-----------------------------------------
| rollout/                |             |
|    ep_len_mean          | 49          |
|    ep_rew_mean          | -37.3       |
| time/                   |             |
|    fps                  | 55          |
|    iterations           | 167         |
|    time_elapsed         | 15434       |
|    total_timesteps      | 855040      |
| train/                  |             |
|    approx_kl            | 0.046628173 |
|    clip_fraction        | 0.227       |
|    clip_range           | 0.2         |
|    entropy_loss         | -1.65       |
|    explained_variance   | 0.762       |
|    learning_rate        | 0.0003      |
|    loss                 | 0.67        |
|    n_updates            | 1490        |
|    policy_gradient_loss | -0.0108     |
|    std                  | 0.552       |
|    value_loss           | 1.68        |
-----------------------------------------
Early stopping at step 4 due to reaching max kl: 0.05
-----------------------------------------
| rollout/                |             |
|    ep_len_mean          | 48          |
|    ep_rew_mean          | -57.9       |
| time/                   |             |
|    fps                  | 54          |
|    iterations           | 168         |
|    time_elapsed         | 15695       |
|    total_timesteps      | 860160      |
| train/                  |             |
|    approx_kl            | 0.028743068 |
|    clip_fraction        | 0.243       |
|    clip_range           | 0.2         |
|    entropy_loss         | -1.65       |
|    explained_variance   | 0.691       |
|    learning_rate        | 0.0003      |
|    loss                 | 0.504       |
|    n_updates            | 1495        |
|    policy_gradient_loss | -0.00772    |
|    std                  | 0.551       |
|    value_loss           | 1.14        |
-----------------------------------------
Early stopping at step 4 due to reaching max kl: 0.05
-----------------------------------------
| rollout/                |             |
|    ep_len_mean          | 48          |
|    ep_rew_mean          | -58.1       |
| time/                   |             |
|    fps                  | 54          |
|    iterations           | 169         |
|    time_elapsed         | 15914       |
|    total_timesteps      | 865280      |
| train/                  |             |
|    approx_kl            | 0.037106805 |
|    clip_fraction        | 0.269       |
|    clip_range           | 0.2         |
|    entropy_loss         | -1.65       |
|    explained_variance   | 0.629       |
|    learning_rate        | 0.0003      |
|    loss                 | 0.462       |
|    n_updates            | 1500        |
|    policy_gradient_loss | -0.00303    |
|    std                  | 0.551       |
|    value_loss           | 1.64        |
-----------------------------------------
Early stopping at step 8 due to reaching max kl: 0.05
----------------------------------------
| rollout/                |            |
|    ep_len_mean          | 47.6       |
|    ep_rew_mean          | -81.9      |
| time/                   |            |
|    fps                  | 53         |
|    iterations           | 170        |
|    time_elapsed         | 16133      |
|    total_timesteps      | 870400     |
| train/                  |            |
|    approx_kl            | 0.03844748 |
|    clip_fraction        | 0.257      |
|    clip_range           | 0.2        |
|    entropy_loss         | -1.65      |
|    explained_variance   | 0.705      |
|    learning_rate        | 0.0003     |
|    loss                 | 0.326      |
|    n_updates            | 1509       |
|    policy_gradient_loss | -0.0145    |
|    std                  | 0.551      |
|    value_loss           | 1.24       |
----------------------------------------
Early stopping at step 6 due to reaching max kl: 0.05
-----------------------------------------
| rollout/                |             |
|    ep_len_mean          | 51.1        |
|    ep_rew_mean          | -48.8       |
| time/                   |             |
|    fps                  | 53          |
|    iterations           | 171         |
|    time_elapsed         | 16340       |
|    total_timesteps      | 875520      |
| train/                  |             |
|    approx_kl            | 0.033961143 |
|    clip_fraction        | 0.254       |
|    clip_range           | 0.2         |
|    entropy_loss         | -1.64       |
|    explained_variance   | 0.687       |
|    learning_rate        | 0.0003      |
|    loss                 | 0.409       |
|    n_updates            | 1516        |
|    policy_gradient_loss | -0.0124     |
|    std                  | 0.548       |
|    value_loss           | 1.4         |
-----------------------------------------
Early stopping at step 3 due to reaching max kl: 0.05
----------------------------------------
| rollout/                |            |
|    ep_len_mean          | 46.3       |
|    ep_rew_mean          | -103       |
| time/                   |            |
|    fps                  | 53         |
|    iterations           | 172        |
|    time_elapsed         | 16509      |
|    total_timesteps      | 880640     |
| train/                  |            |
|    approx_kl            | 0.04515331 |
|    clip_fraction        | 0.239      |
|    clip_range           | 0.2        |
|    entropy_loss         | -1.63      |
|    explained_variance   | 0.68       |
|    learning_rate        | 0.0003     |
|    loss                 | 0.437      |
|    n_updates            | 1520       |
|    policy_gradient_loss | 0.00128    |
|    std                  | 0.548      |
|    value_loss           | 1.57       |
----------------------------------------
Early stopping at step 4 due to reaching max kl: 0.05
----------------------------------------
| rollout/                |            |
|    ep_len_mean          | 48.6       |
|    ep_rew_mean          | -59.4      |
| time/                   |            |
|    fps                  | 53         |
|    iterations           | 173        |
|    time_elapsed         | 16702      |
|    total_timesteps      | 885760     |
| train/                  |            |
|    approx_kl            | 0.03649308 |
|    clip_fraction        | 0.219      |
|    clip_range           | 0.2        |
|    entropy_loss         | -1.63      |
|    explained_variance   | 0.761      |
|    learning_rate        | 0.0003     |
|    loss                 | 0.455      |
|    n_updates            | 1525       |
|    policy_gradient_loss | -0.00801   |
|    std                  | 0.546      |
|    value_loss           | 1.54       |
----------------------------------------
Early stopping at step 7 due to reaching max kl: 0.05
-----------------------------------------
| rollout/                |             |
|    ep_len_mean          | 50.9        |
|    ep_rew_mean          | -49.7       |
| time/                   |             |
|    fps                  | 52          |
|    iterations           | 174         |
|    time_elapsed         | 16901       |
|    total_timesteps      | 890880      |
| train/                  |             |
|    approx_kl            | 0.031645223 |
|    clip_fraction        | 0.279       |
|    clip_range           | 0.2         |
|    entropy_loss         | -1.63       |
|    explained_variance   | 0.775       |
|    learning_rate        | 0.0003      |
|    loss                 | 0.254       |
|    n_updates            | 1533        |
|    policy_gradient_loss | -0.0146     |
|    std                  | 0.546       |
|    value_loss           | 0.826       |
-----------------------------------------
-----------------------------------------
| rollout/                |             |
|    ep_len_mean          | 49.9        |
|    ep_rew_mean          | -88.3       |
| time/                   |             |
|    fps                  | 52          |
|    iterations           | 175         |
|    time_elapsed         | 17080       |
|    total_timesteps      | 896000      |
| train/                  |             |
|    approx_kl            | 0.033494547 |
|    clip_fraction        | 0.273       |
|    clip_range           | 0.2         |
|    entropy_loss         | -1.63       |
|    explained_variance   | 0.784       |
|    learning_rate        | 0.0003      |
|    loss                 | 0.127       |
|    n_updates            | 1543        |
|    policy_gradient_loss | -0.0167     |
|    std                  | 0.546       |
|    value_loss           | 0.836       |
-----------------------------------------
Early stopping at step 4 due to reaching max kl: 0.06
-----------------------------------------
| rollout/                |             |
|    ep_len_mean          | 48.9        |
|    ep_rew_mean          | -73.4       |
| time/                   |             |
|    fps                  | 52          |
|    iterations           | 176         |
|    time_elapsed         | 17293       |
|    total_timesteps      | 901120      |
| train/                  |             |
|    approx_kl            | 0.036337115 |
|    clip_fraction        | 0.26        |
|    clip_range           | 0.2         |
|    entropy_loss         | -1.62       |
|    explained_variance   | 0.757       |
|    learning_rate        | 0.0003      |
|    loss                 | 0.334       |
|    n_updates            | 1548        |
|    policy_gradient_loss | -0.00695    |
|    std                  | 0.544       |
|    value_loss           | 1.25        |
-----------------------------------------
----------------------------------------
| rollout/                |            |
|    ep_len_mean          | 46.9       |
|    ep_rew_mean          | -107       |
| time/                   |            |
|    fps                  | 51         |
|    iterations           | 177        |
|    time_elapsed         | 17500      |
|    total_timesteps      | 906240     |
| train/                  |            |
|    approx_kl            | 0.03485031 |
|    clip_fraction        | 0.259      |
|    clip_range           | 0.2        |
|    entropy_loss         | -1.61      |
|    explained_variance   | 0.753      |
|    learning_rate        | 0.0003     |
|    loss                 | 0.275      |
|    n_updates            | 1558       |
|    policy_gradient_loss | -0.0235    |
|    std                  | 0.539      |
|    value_loss           | 0.901      |
----------------------------------------
-----------------------------------------
| rollout/                |             |
|    ep_len_mean          | 47.5        |
|    ep_rew_mean          | -89.4       |
| time/                   |             |
|    fps                  | 51          |
|    iterations           | 178         |
|    time_elapsed         | 17701       |
|    total_timesteps      | 911360      |
| train/                  |             |
|    approx_kl            | 0.030450422 |
|    clip_fraction        | 0.256       |
|    clip_range           | 0.2         |
|    entropy_loss         | -1.6        |
|    explained_variance   | 0.823       |
|    learning_rate        | 0.0003      |
|    loss                 | 0.318       |
|    n_updates            | 1568        |
|    policy_gradient_loss | -0.0209     |
|    std                  | 0.536       |
|    value_loss           | 0.86        |
-----------------------------------------
Early stopping at step 5 due to reaching max kl: 0.05
----------------------------------------
| rollout/                |            |
|    ep_len_mean          | 48.6       |
|    ep_rew_mean          | -72        |
| time/                   |            |
|    fps                  | 51         |
|    iterations           | 179        |
|    time_elapsed         | 17790      |
|    total_timesteps      | 916480     |
| train/                  |            |
|    approx_kl            | 0.05266166 |
|    clip_fraction        | 0.249      |
|    clip_range           | 0.2        |
|    entropy_loss         | -1.59      |
|    explained_variance   | 0.788      |
|    learning_rate        | 0.0003     |
|    loss                 | 0.396      |
|    n_updates            | 1574       |
|    policy_gradient_loss | -0.00473   |
|    std                  | 0.537      |
|    value_loss           | 1.15       |
----------------------------------------
Early stopping at step 7 due to reaching max kl: 0.05
----------------------------------------
| rollout/                |            |
|    ep_len_mean          | 48.7       |
|    ep_rew_mean          | -73.2      |
| time/                   |            |
|    fps                  | 51         |
|    iterations           | 180        |
|    time_elapsed         | 17871      |
|    total_timesteps      | 921600     |
| train/                  |            |
|    approx_kl            | 0.03730743 |
|    clip_fraction        | 0.286      |
|    clip_range           | 0.2        |
|    entropy_loss         | -1.59      |
|    explained_variance   | 0.758      |
|    learning_rate        | 0.0003     |
|    loss                 | 0.344      |
|    n_updates            | 1582       |
|    policy_gradient_loss | -0.016     |
|    std                  | 0.532      |
|    value_loss           | 0.978      |
----------------------------------------
Early stopping at step 1 due to reaching max kl: 0.05
-----------------------------------------
| rollout/                |             |
|    ep_len_mean          | 49.3        |
|    ep_rew_mean          | -56         |
| time/                   |             |
|    fps                  | 51          |
|    iterations           | 181         |
|    time_elapsed         | 17943       |
|    total_timesteps      | 926720      |
| train/                  |             |
|    approx_kl            | 0.024961323 |
|    clip_fraction        | 0.181       |
|    clip_range           | 0.2         |
|    entropy_loss         | -1.57       |
|    explained_variance   | 0.789       |
|    learning_rate        | 0.0003      |
|    loss                 | 0.5         |
|    n_updates            | 1584        |
|    policy_gradient_loss | 0.00391     |
|    std                  | 0.531       |
|    value_loss           | 1.33        |
-----------------------------------------
-----------------------------------------
| rollout/                |             |
|    ep_len_mean          | 47.5        |
|    ep_rew_mean          | -62.3       |
| time/                   |             |
|    fps                  | 51          |
|    iterations           | 182         |
|    time_elapsed         | 18014       |
|    total_timesteps      | 931840      |
| train/                  |             |
|    approx_kl            | 0.037339948 |
|    clip_fraction        | 0.278       |
|    clip_range           | 0.2         |
|    entropy_loss         | -1.57       |
|    explained_variance   | 0.744       |
|    learning_rate        | 0.0003      |
|    loss                 | 0.252       |
|    n_updates            | 1594        |
|    policy_gradient_loss | -0.0202     |
|    std                  | 0.528       |
|    value_loss           | 0.783       |
-----------------------------------------
Early stopping at step 8 due to reaching max kl: 0.05
----------------------------------------
| rollout/                |            |
|    ep_len_mean          | 45.8       |
|    ep_rew_mean          | -79.8      |
| time/                   |            |
|    fps                  | 51         |
|    iterations           | 183        |
|    time_elapsed         | 18103      |
|    total_timesteps      | 936960     |
| train/                  |            |
|    approx_kl            | 0.03559043 |
|    clip_fraction        | 0.26       |
|    clip_range           | 0.2        |
|    entropy_loss         | -1.56      |
|    explained_variance   | 0.799      |
|    learning_rate        | 0.0003     |
|    loss                 | 0.182      |
|    n_updates            | 1603       |
|    policy_gradient_loss | -0.0216    |
|    std                  | 0.525      |
|    value_loss           | 0.807      |
----------------------------------------
Early stopping at step 2 due to reaching max kl: 0.05
-----------------------------------------
| rollout/                |             |
|    ep_len_mean          | 47.1        |
|    ep_rew_mean          | -76.7       |
| time/                   |             |
|    fps                  | 51          |
|    iterations           | 184         |
|    time_elapsed         | 18186       |
|    total_timesteps      | 942080      |
| train/                  |             |
|    approx_kl            | 0.031346027 |
|    clip_fraction        | 0.21        |
|    clip_range           | 0.2         |
|    entropy_loss         | -1.54       |
|    explained_variance   | 0.811       |
|    learning_rate        | 0.0003      |
|    loss                 | 0.531       |
|    n_updates            | 1606        |
|    policy_gradient_loss | 0.000105    |
|    std                  | 0.524       |
|    value_loss           | 1.26        |
-----------------------------------------
Early stopping at step 3 due to reaching max kl: 0.05
----------------------------------------
| rollout/                |            |
|    ep_len_mean          | 46.8       |
|    ep_rew_mean          | -70.3      |
| time/                   |            |
|    fps                  | 51         |
|    iterations           | 185        |
|    time_elapsed         | 18262      |
|    total_timesteps      | 947200     |
| train/                  |            |
|    approx_kl            | 0.03498073 |
|    clip_fraction        | 0.246      |
|    clip_range           | 0.2        |
|    entropy_loss         | -1.54      |
|    explained_variance   | 0.687      |
|    learning_rate        | 0.0003     |
|    loss                 | 0.386      |
|    n_updates            | 1610       |
|    policy_gradient_loss | 0.00084    |
|    std                  | 0.524      |
|    value_loss           | 1.45       |
----------------------------------------
Early stopping at step 5 due to reaching max kl: 0.05
----------------------------------------
| rollout/                |            |
|    ep_len_mean          | 50.6       |
|    ep_rew_mean          | -43.5      |
| time/                   |            |
|    fps                  | 51         |
|    iterations           | 186        |
|    time_elapsed         | 18336      |
|    total_timesteps      | 952320     |
| train/                  |            |
|    approx_kl            | 0.03166559 |
|    clip_fraction        | 0.241      |
|    clip_range           | 0.2        |
|    entropy_loss         | -1.54      |
|    explained_variance   | 0.724      |
|    learning_rate        | 0.0003     |
|    loss                 | 0.319      |
|    n_updates            | 1616       |
|    policy_gradient_loss | -0.00742   |
|    std                  | 0.523      |
|    value_loss           | 1.23       |
----------------------------------------
Early stopping at step 7 due to reaching max kl: 0.05
----------------------------------------
| rollout/                |            |
|    ep_len_mean          | 46.8       |
|    ep_rew_mean          | -88.4      |
| time/                   |            |
|    fps                  | 52         |
|    iterations           | 187        |
|    time_elapsed         | 18406      |
|    total_timesteps      | 957440     |
| train/                  |            |
|    approx_kl            | 0.03932826 |
|    clip_fraction        | 0.241      |
|    clip_range           | 0.2        |
|    entropy_loss         | -1.54      |
|    explained_variance   | 0.738      |
|    learning_rate        | 0.0003     |
|    loss                 | 0.154      |
|    n_updates            | 1624       |
|    policy_gradient_loss | -0.0126    |
|    std                  | 0.522      |
|    value_loss           | 0.827      |
----------------------------------------
Early stopping at step 8 due to reaching max kl: 0.06
-----------------------------------------
| rollout/                |             |
|    ep_len_mean          | 50.9        |
|    ep_rew_mean          | -39.9       |
| time/                   |             |
|    fps                  | 52          |
|    iterations           | 188         |
|    time_elapsed         | 18482       |
|    total_timesteps      | 962560      |
| train/                  |             |
|    approx_kl            | 0.037201658 |
|    clip_fraction        | 0.274       |
|    clip_range           | 0.2         |
|    entropy_loss         | -1.54       |
|    explained_variance   | 0.784       |
|    learning_rate        | 0.0003      |
|    loss                 | 0.227       |
|    n_updates            | 1633        |
|    policy_gradient_loss | -0.0194     |
|    std                  | 0.523       |
|    value_loss           | 0.816       |
-----------------------------------------
Early stopping at step 6 due to reaching max kl: 0.05
-----------------------------------------
| rollout/                |             |
|    ep_len_mean          | 51.4        |
|    ep_rew_mean          | -17.7       |
| time/                   |             |
|    fps                  | 52          |
|    iterations           | 189         |
|    time_elapsed         | 18562       |
|    total_timesteps      | 967680      |
| train/                  |             |
|    approx_kl            | 0.035018213 |
|    clip_fraction        | 0.251       |
|    clip_range           | 0.2         |
|    entropy_loss         | -1.54       |
|    explained_variance   | 0.759       |
|    learning_rate        | 0.0003      |
|    loss                 | 0.153       |
|    n_updates            | 1640        |
|    policy_gradient_loss | -0.0123     |
|    std                  | 0.522       |
|    value_loss           | 0.79        |
-----------------------------------------
Early stopping at step 3 due to reaching max kl: 0.05
-----------------------------------------
| rollout/                |             |
|    ep_len_mean          | 49.4        |
|    ep_rew_mean          | -68         |
| time/                   |             |
|    fps                  | 52          |
|    iterations           | 190         |
|    time_elapsed         | 18700       |
|    total_timesteps      | 972800      |
| train/                  |             |
|    approx_kl            | 0.032991685 |
|    clip_fraction        | 0.234       |
|    clip_range           | 0.2         |
|    entropy_loss         | -1.54       |
|    explained_variance   | 0.785       |
|    learning_rate        | 0.0003      |
|    loss                 | 0.265       |
|    n_updates            | 1644        |
|    policy_gradient_loss | -0.00613    |
|    std                  | 0.522       |
|    value_loss           | 0.76        |
-----------------------------------------
Early stopping at step 1 due to reaching max kl: 0.06
-----------------------------------------
| rollout/                |             |
|    ep_len_mean          | 51.4        |
|    ep_rew_mean          | -39.1       |
| time/                   |             |
|    fps                  | 51          |
|    iterations           | 191         |
|    time_elapsed         | 18854       |
|    total_timesteps      | 977920      |
| train/                  |             |
|    approx_kl            | 0.030862123 |
|    clip_fraction        | 0.205       |
|    clip_range           | 0.2         |
|    entropy_loss         | -1.54       |
|    explained_variance   | 0.789       |
|    learning_rate        | 0.0003      |
|    loss                 | 0.523       |
|    n_updates            | 1646        |
|    policy_gradient_loss | 0.00647     |
|    std                  | 0.522       |
|    value_loss           | 1.31        |
-----------------------------------------
Early stopping at step 0 due to reaching max kl: 0.05
-----------------------------------------
| rollout/                |             |
|    ep_len_mean          | 48.3        |
|    ep_rew_mean          | -53         |
| time/                   |             |
|    fps                  | 51          |
|    iterations           | 192         |
|    time_elapsed         | 19009       |
|    total_timesteps      | 983040      |
| train/                  |             |
|    approx_kl            | 0.025051652 |
|    clip_fraction        | 0.273       |
|    clip_range           | 0.2         |
|    entropy_loss         | -1.54       |
|    explained_variance   | 0.783       |
|    learning_rate        | 0.0003      |
|    loss                 | 0.679       |
|    n_updates            | 1647        |
|    policy_gradient_loss | 0.0113      |
|    std                  | 0.522       |
|    value_loss           | 1.45        |
-----------------------------------------
Early stopping at step 1 due to reaching max kl: 0.05
-----------------------------------------
| rollout/                |             |
|    ep_len_mean          | 47.8        |
|    ep_rew_mean          | -66.5       |
| time/                   |             |
|    fps                  | 51          |
|    iterations           | 193         |
|    time_elapsed         | 19146       |
|    total_timesteps      | 988160      |
| train/                  |             |
|    approx_kl            | 0.028861353 |
|    clip_fraction        | 0.174       |
|    clip_range           | 0.2         |
|    entropy_loss         | -1.54       |
|    explained_variance   | 0.768       |
|    learning_rate        | 0.0003      |
|    loss                 | 0.505       |
|    n_updates            | 1649        |
|    policy_gradient_loss | 0.00188     |
|    std                  | 0.523       |
|    value_loss           | 1.32        |
-----------------------------------------
Early stopping at step 8 due to reaching max kl: 0.05
----------------------------------------
| rollout/                |            |
|    ep_len_mean          | 49.1       |
|    ep_rew_mean          | -49.9      |
| time/                   |            |
|    fps                  | 51         |
|    iterations           | 194        |
|    time_elapsed         | 19212      |
|    total_timesteps      | 993280     |
| train/                  |            |
|    approx_kl            | 0.04439597 |
|    clip_fraction        | 0.254      |
|    clip_range           | 0.2        |
|    entropy_loss         | -1.53      |
|    explained_variance   | 0.814      |
|    learning_rate        | 0.0003     |
|    loss                 | 0.173      |
|    n_updates            | 1658       |
|    policy_gradient_loss | -0.0207    |
|    std                  | 0.518      |
|    value_loss           | 0.775      |
----------------------------------------
Early stopping at step 1 due to reaching max kl: 0.05
-----------------------------------------
| rollout/                |             |
|    ep_len_mean          | 47.4        |
|    ep_rew_mean          | -114        |
| time/                   |             |
|    fps                  | 51          |
|    iterations           | 195         |
|    time_elapsed         | 19302       |
|    total_timesteps      | 998400      |
| train/                  |             |
|    approx_kl            | 0.024855219 |
|    clip_fraction        | 0.172       |
|    clip_range           | 0.2         |
|    entropy_loss         | -1.52       |
|    explained_variance   | 0.795       |
|    learning_rate        | 0.0003      |
|    loss                 | 0.64        |
|    n_updates            | 1660        |
|    policy_gradient_loss | 0.00374     |
|    std                  | 0.518       |
|    value_loss           | 1.1         |
-----------------------------------------
Early stopping at step 3 due to reaching max kl: 0.05
[CURRICULUM] t=1,000,000 -> scenario stage 5
[EVAL] t=1,000,000 supervisor off goal 0.70 collision 0.30 timeout 0.00 return -63.2 colregs -21.2 intervention 0.00 (189.0 s)
[EVAL] t=1,000,000 supervisor on goal 0.69 collision 0.31 timeout 0.00 return -70.3 colregs -20.4 intervention 0.05 (225.4 s)
-------------------------------------------------
| eval_supervisor_off/            |             |
|    being_overtaken/collision    | 0.4         |
|    being_overtaken/colregs      | -26.3       |
|    being_overtaken/goal         | 0.6         |
|    being_overtaken/intervention | 0           |
|    collision_boundary           | 0.133       |
|    collision_obstacle           | 0.0167      |
|    collision_rate               | 0.3         |
|    collision_target             | 0.15        |
|    crossing/collision           | 0.8         |
|    crossing/colregs             | -38.3       |
|    crossing/goal                | 0.2         |
|    crossing/intervention        | 0           |
|    episodes                     | 120         |
|    estops_per_episode           | 0           |
|    eval_wall_s                  | 189         |
|    goal_rate                    | 0.7         |
|    head_on/collision            | 0.15        |
|    head_on/colregs              | -23.9       |
|    head_on/goal                 | 0.85        |
|    head_on/intervention         | 0           |
|    intervention_rate            | 0           |
|    mean_colregs_integral        | -21.2       |
|    mean_return                  | -63.2       |
|    no_target/collision          | 0.1         |
|    no_target/colregs            | 0           |
|    no_target/goal               | 0.9         |
|    no_target/intervention       | 0           |
|    null/collision               | 0.25        |
|    null/colregs                 | -4          |
|    null/goal                    | 0.75        |
|    null/intervention            | 0           |
|    overtaking/collision         | 0.1         |
|    overtaking/colregs           | -34.6       |
|    overtaking/goal              | 0.9         |
|    overtaking/intervention      | 0           |
|    timeout_rate                 | 0           |
|    timesteps                    | 1000000     |
| eval_supervisor_on/             |             |
|    being_overtaken/collision    | 0.4         |
|    being_overtaken/colregs      | -26.3       |
|    being_overtaken/goal         | 0.6         |
|    being_overtaken/intervention | 0           |
|    collision_boundary           | 0.158       |
|    collision_obstacle           | 0.0167      |
|    collision_rate               | 0.308       |
|    collision_target             | 0.133       |
|    crossing/collision           | 0.8         |
|    crossing/colregs             | -34.5       |
|    crossing/goal                | 0.2         |
|    crossing/intervention        | 0.15        |
|    episodes                     | 120         |
|    estops_per_episode           | 0.05        |
|    eval_wall_s                  | 225         |
|    goal_rate                    | 0.692       |
|    head_on/collision            | 0.15        |
|    head_on/colregs              | -23.9       |
|    head_on/goal                 | 0.85        |
|    head_on/intervention         | 0.1         |
|    intervention_rate            | 0.05        |
|    mean_colregs_integral        | -20.4       |
|    mean_return                  | -70.3       |
|    no_target/collision          | 0.1         |
|    no_target/colregs            | 0           |
|    no_target/goal               | 0.9         |
|    no_target/intervention       | 0           |
|    null/collision               | 0.25        |
|    null/colregs                 | -4          |
|    null/goal                    | 0.75        |
|    null/intervention            | 0           |
|    overtaking/collision         | 0.15        |
|    overtaking/colregs           | -33.4       |
|    overtaking/goal              | 0.85        |
|    overtaking/intervention      | 0.05        |
|    timeout_rate                 | 0           |
|    timesteps                    | 1000000     |
| rollout/                        |             |
|    ep_len_mean                  | 47.7        |
|    ep_rew_mean                  | -99.1       |
| time/                           |             |
|    fps                          | 50          |
|    iterations                   | 196         |
|    time_elapsed                 | 19796       |
|    total_timesteps              | 1003520     |
| train/                          |             |
|    approx_kl                    | 0.037703857 |
|    clip_fraction                | 0.217       |
|    clip_range                   | 0.2         |
|    entropy_loss                 | -1.52       |
|    explained_variance           | 0.824       |
|    learning_rate                | 0.0003      |
|    loss                         | 0.371       |
|    n_updates                    | 1664        |
|    policy_gradient_loss         | -0.00476    |
|    std                          | 0.517       |
|    value_loss                   | 1.15        |
-------------------------------------------------
Early stopping at step 6 due to reaching max kl: 0.05
----------------------------------------
| rollout/                |            |
|    ep_len_mean          | 46.2       |
|    ep_rew_mean          | -137       |
| time/                   |            |
|    fps                  | 50         |
|    iterations           | 197        |
|    time_elapsed         | 19878      |
|    total_timesteps      | 1008640    |
| train/                  |            |
|    approx_kl            | 0.04765198 |
|    clip_fraction        | 0.259      |
|    clip_range           | 0.2        |
|    entropy_loss         | -1.51      |
|    explained_variance   | 0.824      |
|    learning_rate        | 0.0003     |
|    loss                 | 0.317      |
|    n_updates            | 1671       |
|    policy_gradient_loss | -0.0125    |
|    std                  | 0.515      |
|    value_loss           | 1          |
----------------------------------------
Early stopping at step 5 due to reaching max kl: 0.05
-----------------------------------------
| rollout/                |             |
|    ep_len_mean          | 46.6        |
|    ep_rew_mean          | -110        |
| time/                   |             |
|    fps                  | 50          |
|    iterations           | 198         |
|    time_elapsed         | 19965       |
|    total_timesteps      | 1013760     |
| train/                  |             |
|    approx_kl            | 0.032464616 |
|    clip_fraction        | 0.237       |
|    clip_range           | 0.2         |
|    entropy_loss         | -1.51       |
|    explained_variance   | 0.801       |
|    learning_rate        | 0.0003      |
|    loss                 | 0.593       |
|    n_updates            | 1677        |
|    policy_gradient_loss | -0.01       |
|    std                  | 0.514       |
|    value_loss           | 1.36        |
-----------------------------------------
Early stopping at step 3 due to reaching max kl: 0.05
-----------------------------------------
| rollout/                |             |
|    ep_len_mean          | 50.5        |
|    ep_rew_mean          | -66.6       |
| time/                   |             |
|    fps                  | 50          |
|    iterations           | 199         |
|    time_elapsed         | 20065       |
|    total_timesteps      | 1018880     |
| train/                  |             |
|    approx_kl            | 0.048977178 |
|    clip_fraction        | 0.199       |
|    clip_range           | 0.2         |
|    entropy_loss         | -1.51       |
|    explained_variance   | 0.833       |
|    learning_rate        | 0.0003      |
|    loss                 | 0.489       |
|    n_updates            | 1681        |
|    policy_gradient_loss | -0.00342    |
|    std                  | 0.514       |
|    value_loss           | 1.29        |
-----------------------------------------
Early stopping at step 7 due to reaching max kl: 0.05
-----------------------------------------
| rollout/                |             |
|    ep_len_mean          | 50.8        |
|    ep_rew_mean          | -91.4       |
| time/                   |             |
|    fps                  | 50          |
|    iterations           | 200         |
|    time_elapsed         | 20158       |
|    total_timesteps      | 1024000     |
| train/                  |             |
|    approx_kl            | 0.037104163 |
|    clip_fraction        | 0.267       |
|    clip_range           | 0.2         |
|    entropy_loss         | -1.51       |
|    explained_variance   | 0.818       |
|    learning_rate        | 0.0003      |
|    loss                 | 0.239       |
|    n_updates            | 1689        |
|    policy_gradient_loss | -0.0158     |
|    std                  | 0.514       |
|    value_loss           | 0.817       |
-----------------------------------------
Early stopping at step 3 due to reaching max kl: 0.05
-----------------------------------------
| rollout/                |             |
|    ep_len_mean          | 45.9        |
|    ep_rew_mean          | -135        |
| time/                   |             |
|    fps                  | 50          |
|    iterations           | 201         |
|    time_elapsed         | 20241       |
|    total_timesteps      | 1029120     |
| train/                  |             |
|    approx_kl            | 0.037002556 |
|    clip_fraction        | 0.267       |
|    clip_range           | 0.2         |
|    entropy_loss         | -1.51       |
|    explained_variance   | 0.851       |
|    learning_rate        | 0.0003      |
|    loss                 | 0.269       |
|    n_updates            | 1693        |
|    policy_gradient_loss | -4.48e-06   |
|    std                  | 0.513       |
|    value_loss           | 0.877       |
-----------------------------------------
Early stopping at step 5 due to reaching max kl: 0.05
-----------------------------------------
| rollout/                |             |
|    ep_len_mean          | 48.9        |
|    ep_rew_mean          | -115        |
| time/                   |             |
|    fps                  | 50          |
|    iterations           | 202         |
|    time_elapsed         | 20318       |
|    total_timesteps      | 1034240     |
| train/                  |             |
|    approx_kl            | 0.041485287 |
|    clip_fraction        | 0.244       |
|    clip_range           | 0.2         |
|    entropy_loss         | -1.5        |
|    explained_variance   | 0.857       |
|    learning_rate        | 0.0003      |
|    loss                 | 0.373       |
|    n_updates            | 1699        |
|    policy_gradient_loss | -0.0117     |
|    std                  | 0.514       |
|    value_loss           | 0.954       |
-----------------------------------------
Early stopping at step 4 due to reaching max kl: 0.05
-----------------------------------------
| rollout/                |             |
|    ep_len_mean          | 49.3        |
|    ep_rew_mean          | -94.5       |
| time/                   |             |
|    fps                  | 50          |
|    iterations           | 203         |
|    time_elapsed         | 20398       |
|    total_timesteps      | 1039360     |
| train/                  |             |
|    approx_kl            | 0.046787824 |
|    clip_fraction        | 0.233       |
|    clip_range           | 0.2         |
|    entropy_loss         | -1.51       |
|    explained_variance   | 0.833       |
|    learning_rate        | 0.0003      |
|    loss                 | 0.48        |
|    n_updates            | 1704        |
|    policy_gradient_loss | -0.0077     |
|    std                  | 0.515       |
|    value_loss           | 1.05        |
-----------------------------------------
Early stopping at step 5 due to reaching max kl: 0.06
-----------------------------------------
| rollout/                |             |
|    ep_len_mean          | 50.2        |
|    ep_rew_mean          | -92.5       |
| time/                   |             |
|    fps                  | 50          |
|    iterations           | 204         |
|    time_elapsed         | 20487       |
|    total_timesteps      | 1044480     |
| train/                  |             |
|    approx_kl            | 0.035208758 |
|    clip_fraction        | 0.268       |
|    clip_range           | 0.2         |
|    entropy_loss         | -1.51       |
|    explained_variance   | 0.829       |
|    learning_rate        | 0.0003      |
|    loss                 | 0.294       |
|    n_updates            | 1710        |
|    policy_gradient_loss | -0.0108     |
|    std                  | 0.515       |
|    value_loss           | 0.917       |
-----------------------------------------
Early stopping at step 2 due to reaching max kl: 0.05
-----------------------------------------
| rollout/                |             |
|    ep_len_mean          | 48.3        |
|    ep_rew_mean          | -95.3       |
| time/                   |             |
|    fps                  | 51          |
|    iterations           | 205         |
|    time_elapsed         | 20570       |
|    total_timesteps      | 1049600     |
| train/                  |             |
|    approx_kl            | 0.034398437 |
|    clip_fraction        | 0.221       |
|    clip_range           | 0.2         |
|    entropy_loss         | -1.51       |
|    explained_variance   | 0.845       |
|    learning_rate        | 0.0003      |
|    loss                 | 0.384       |
|    n_updates            | 1713        |
|    policy_gradient_loss | -0.00228    |
|    std                  | 0.516       |
|    value_loss           | 1.05        |
-----------------------------------------
Early stopping at step 3 due to reaching max kl: 0.06
----------------------------------------
| rollout/                |            |
|    ep_len_mean          | 49.4       |
|    ep_rew_mean          | -95.4      |
| time/                   |            |
|    fps                  | 51         |
|    iterations           | 206        |
|    time_elapsed         | 20664      |
|    total_timesteps      | 1054720    |
| train/                  |            |
|    approx_kl            | 0.04298802 |
|    clip_fraction        | 0.253      |
|    clip_range           | 0.2        |
|    entropy_loss         | -1.51      |
|    explained_variance   | 0.85       |
|    learning_rate        | 0.0003     |
|    loss                 | 0.341      |
|    n_updates            | 1717       |
|    policy_gradient_loss | -0.00471   |
|    std                  | 0.516      |
|    value_loss           | 0.945      |
----------------------------------------
Early stopping at step 5 due to reaching max kl: 0.05
-----------------------------------------
| rollout/                |             |
|    ep_len_mean          | 49.8        |
|    ep_rew_mean          | -89.8       |
| time/                   |             |
|    fps                  | 51          |
|    iterations           | 207         |
|    time_elapsed         | 20740       |
|    total_timesteps      | 1059840     |
| train/                  |             |
|    approx_kl            | 0.031868465 |
|    clip_fraction        | 0.227       |
|    clip_range           | 0.2         |
|    entropy_loss         | -1.51       |
|    explained_variance   | 0.814       |
|    learning_rate        | 0.0003      |
|    loss                 | 0.264       |
|    n_updates            | 1723        |
|    policy_gradient_loss | -0.0136     |
|    std                  | 0.516       |
|    value_loss           | 0.952       |
-----------------------------------------
Early stopping at step 6 due to reaching max kl: 0.05
-----------------------------------------
| rollout/                |             |
|    ep_len_mean          | 48.2        |
|    ep_rew_mean          | -104        |
| time/                   |             |
|    fps                  | 51          |
|    iterations           | 208         |
|    time_elapsed         | 20832       |
|    total_timesteps      | 1064960     |
| train/                  |             |
|    approx_kl            | 0.034878504 |
|    clip_fraction        | 0.247       |
|    clip_range           | 0.2         |
|    entropy_loss         | -1.51       |
|    explained_variance   | 0.804       |
|    learning_rate        | 0.0003      |
|    loss                 | 0.301       |
|    n_updates            | 1730        |
|    policy_gradient_loss | -0.0174     |
|    std                  | 0.514       |
|    value_loss           | 1.04        |
-----------------------------------------
Early stopping at step 2 due to reaching max kl: 0.05
----------------------------------------
| rollout/                |            |
|    ep_len_mean          | 46.6       |
|    ep_rew_mean          | -122       |
| time/                   |            |
|    fps                  | 51         |
|    iterations           | 209        |
|    time_elapsed         | 20932      |
|    total_timesteps      | 1070080    |
| train/                  |            |
|    approx_kl            | 0.03251601 |
|    clip_fraction        | 0.209      |
|    clip_range           | 0.2        |
|    entropy_loss         | -1.5       |
|    explained_variance   | 0.82       |
|    learning_rate        | 0.0003     |
|    loss                 | 0.49       |
|    n_updates            | 1733       |
|    policy_gradient_loss | 0.000827   |
|    std                  | 0.513      |
|    value_loss           | 1.18       |
----------------------------------------
Early stopping at step 3 due to reaching max kl: 0.05
----------------------------------------
| rollout/                |            |
|    ep_len_mean          | 49.5       |
|    ep_rew_mean          | -113       |
| time/                   |            |
|    fps                  | 51         |
|    iterations           | 210        |
|    time_elapsed         | 21016      |
|    total_timesteps      | 1075200    |
| train/                  |            |
|    approx_kl            | 0.03242994 |
|    clip_fraction        | 0.214      |
|    clip_range           | 0.2        |
|    entropy_loss         | -1.5       |
|    explained_variance   | 0.816      |
|    learning_rate        | 0.0003     |
|    loss                 | 0.366      |
|    n_updates            | 1737       |
|    policy_gradient_loss | -0.00495   |
|    std                  | 0.513      |
|    value_loss           | 1.13       |
----------------------------------------
Early stopping at step 0 due to reaching max kl: 0.05
----------------------------------------
| rollout/                |            |
|    ep_len_mean          | 47.3       |
|    ep_rew_mean          | -76.5      |
| time/                   |            |
|    fps                  | 51         |
|    iterations           | 211        |
|    time_elapsed         | 21099      |
|    total_timesteps      | 1080320    |
| train/                  |            |
|    approx_kl            | 0.02726707 |
|    clip_fraction        | 0.29       |
|    clip_range           | 0.2        |
|    entropy_loss         | -1.5       |
|    explained_variance   | 0.852      |
|    learning_rate        | 0.0003     |
|    loss                 | 0.783      |
|    n_updates            | 1738       |
|    policy_gradient_loss | 0.0211     |
|    std                  | 0.513      |
|    value_loss           | 1.37       |
----------------------------------------
Early stopping at step 3 due to reaching max kl: 0.05
----------------------------------------
| rollout/                |            |
|    ep_len_mean          | 47.6       |
|    ep_rew_mean          | -142       |
| time/                   |            |
|    fps                  | 51         |
|    iterations           | 212        |
|    time_elapsed         | 21191      |
|    total_timesteps      | 1085440    |
| train/                  |            |
|    approx_kl            | 0.03226815 |
|    clip_fraction        | 0.219      |
|    clip_range           | 0.2        |
|    entropy_loss         | -1.5       |
|    explained_variance   | 0.846      |
|    learning_rate        | 0.0003     |
|    loss                 | 0.353      |
|    n_updates            | 1742       |
|    policy_gradient_loss | -0.0064    |
|    std                  | 0.514      |
|    value_loss           | 0.916      |
----------------------------------------
----------------------------------------
| rollout/                |            |
|    ep_len_mean          | 45.6       |
|    ep_rew_mean          | -133       |
| time/                   |            |
|    fps                  | 51         |
|    iterations           | 213        |
|    time_elapsed         | 21275      |
|    total_timesteps      | 1090560    |
| train/                  |            |
|    approx_kl            | 0.03289271 |
|    clip_fraction        | 0.262      |
|    clip_range           | 0.2        |
|    entropy_loss         | -1.51      |
|    explained_variance   | 0.794      |
|    learning_rate        | 0.0003     |
|    loss                 | 0.225      |
|    n_updates            | 1752       |
|    policy_gradient_loss | -0.0238    |
|    std                  | 0.513      |
|    value_loss           | 1.01       |
----------------------------------------
Early stopping at step 4 due to reaching max kl: 0.05
-----------------------------------------
| rollout/                |             |
|    ep_len_mean          | 45.4        |
|    ep_rew_mean          | -113        |
| time/                   |             |
|    fps                  | 51          |
|    iterations           | 214         |
|    time_elapsed         | 21361       |
|    total_timesteps      | 1095680     |
| train/                  |             |
|    approx_kl            | 0.030232126 |
|    clip_fraction        | 0.225       |
|    clip_range           | 0.2         |
|    entropy_loss         | -1.5        |
|    explained_variance   | 0.813       |
|    learning_rate        | 0.0003      |
|    loss                 | 0.432       |
|    n_updates            | 1757        |
|    policy_gradient_loss | -0.00768    |
|    std                  | 0.51        |
|    value_loss           | 1.13        |
-----------------------------------------
Early stopping at step 8 due to reaching max kl: 0.05
-----------------------------------------
| rollout/                |             |
|    ep_len_mean          | 43.1        |
|    ep_rew_mean          | -132        |
| time/                   |             |
|    fps                  | 51          |
|    iterations           | 215         |
|    time_elapsed         | 21457       |
|    total_timesteps      | 1100800     |
| train/                  |             |
|    approx_kl            | 0.043221284 |
|    clip_fraction        | 0.253       |
|    clip_range           | 0.2         |
|    entropy_loss         | -1.49       |
|    explained_variance   | 0.826       |
|    learning_rate        | 0.0003      |
|    loss                 | 0.428       |
|    n_updates            | 1766        |
|    policy_gradient_loss | -0.0229     |
|    std                  | 0.508       |
|    value_loss           | 0.948       |
-----------------------------------------
Early stopping at step 1 due to reaching max kl: 0.05
-----------------------------------------
| rollout/                |             |
|    ep_len_mean          | 45          |
|    ep_rew_mean          | -113        |
| time/                   |             |
|    fps                  | 51          |
|    iterations           | 216         |
|    time_elapsed         | 21547       |
|    total_timesteps      | 1105920     |
| train/                  |             |
|    approx_kl            | 0.025741732 |
|    clip_fraction        | 0.168       |
|    clip_range           | 0.2         |
|    entropy_loss         | -1.48       |
|    explained_variance   | 0.793       |
|    learning_rate        | 0.0003      |
|    loss                 | 0.674       |
|    n_updates            | 1768        |
|    policy_gradient_loss | -0.00104    |
|    std                  | 0.509       |
|    value_loss           | 1.57        |
-----------------------------------------
-----------------------------------------
| rollout/                |             |
|    ep_len_mean          | 44.1        |
|    ep_rew_mean          | -135        |
| time/                   |             |
|    fps                  | 51          |
|    iterations           | 217         |
|    time_elapsed         | 21623       |
|    total_timesteps      | 1111040     |
| train/                  |             |
|    approx_kl            | 0.038112808 |
|    clip_fraction        | 0.261       |
|    clip_range           | 0.2         |
|    entropy_loss         | -1.47       |
|    explained_variance   | 0.85        |
|    learning_rate        | 0.0003      |
|    loss                 | 0.175       |
|    n_updates            | 1778        |
|    policy_gradient_loss | -0.0217     |
|    std                  | 0.501       |
|    value_loss           | 0.678       |
-----------------------------------------
Early stopping at step 4 due to reaching max kl: 0.05
----------------------------------------
| rollout/                |            |
|    ep_len_mean          | 45.1       |
|    ep_rew_mean          | -130       |
| time/                   |            |
|    fps                  | 51         |
|    iterations           | 218        |
|    time_elapsed         | 21698      |
|    total_timesteps      | 1116160    |
| train/                  |            |
|    approx_kl            | 0.03190846 |
|    clip_fraction        | 0.22       |
|    clip_range           | 0.2        |
|    entropy_loss         | -1.45      |
|    explained_variance   | 0.828      |
|    learning_rate        | 0.0003     |
|    loss                 | 0.37       |
|    n_updates            | 1783       |
|    policy_gradient_loss | -0.0101    |
|    std                  | 0.5        |
|    value_loss           | 1.09       |
----------------------------------------
Early stopping at step 5 due to reaching max kl: 0.05
-----------------------------------------
| rollout/                |             |
|    ep_len_mean          | 46          |
|    ep_rew_mean          | -110        |
| time/                   |             |
|    fps                  | 51          |
|    iterations           | 219         |
|    time_elapsed         | 21771       |
|    total_timesteps      | 1121280     |
| train/                  |             |
|    approx_kl            | 0.049329408 |
|    clip_fraction        | 0.231       |
|    clip_range           | 0.2         |
|    entropy_loss         | -1.45       |
|    explained_variance   | 0.856       |
|    learning_rate        | 0.0003      |
|    loss                 | 0.215       |
|    n_updates            | 1789        |
|    policy_gradient_loss | -0.0125     |
|    std                  | 0.5         |
|    value_loss           | 0.952       |
-----------------------------------------
Early stopping at step 9 due to reaching max kl: 0.05
---------------------------------------
| rollout/                |           |
|    ep_len_mean          | 44        |
|    ep_rew_mean          | -131      |
| time/                   |           |
|    fps                  | 51        |
|    iterations           | 220       |
|    time_elapsed         | 21841     |
|    total_timesteps      | 1126400   |
| train/                  |           |
|    approx_kl            | 0.0394614 |
|    clip_fraction        | 0.272     |
|    clip_range           | 0.2       |
|    entropy_loss         | -1.45     |
|    explained_variance   | 0.806     |
|    learning_rate        | 0.0003    |
|    loss                 | 0.237     |
|    n_updates            | 1799      |
|    policy_gradient_loss | -0.0223   |
|    std                  | 0.501     |
|    value_loss           | 0.858     |
---------------------------------------
Early stopping at step 1 due to reaching max kl: 0.05
-----------------------------------------
| rollout/                |             |
|    ep_len_mean          | 46.3        |
|    ep_rew_mean          | -89.8       |
| time/                   |             |
|    fps                  | 51          |
|    iterations           | 221         |
|    time_elapsed         | 21931       |
|    total_timesteps      | 1131520     |
| train/                  |             |
|    approx_kl            | 0.027245734 |
|    clip_fraction        | 0.186       |
|    clip_range           | 0.2         |
|    entropy_loss         | -1.45       |
|    explained_variance   | 0.818       |
|    learning_rate        | 0.0003      |
|    loss                 | 0.575       |
|    n_updates            | 1801        |
|    policy_gradient_loss | 0.00339     |
|    std                  | 0.501       |
|    value_loss           | 1.47        |
-----------------------------------------
Early stopping at step 8 due to reaching max kl: 0.05
-----------------------------------------
| rollout/                |             |
|    ep_len_mean          | 46.1        |
|    ep_rew_mean          | -110        |
| time/                   |             |
|    fps                  | 51          |
|    iterations           | 222         |
|    time_elapsed         | 22000       |
|    total_timesteps      | 1136640     |
| train/                  |             |
|    approx_kl            | 0.047423255 |
|    clip_fraction        | 0.252       |
|    clip_range           | 0.2         |
|    entropy_loss         | -1.45       |
|    explained_variance   | 0.78        |
|    learning_rate        | 0.0003      |
|    loss                 | 0.334       |
|    n_updates            | 1810        |
|    policy_gradient_loss | -0.0233     |
|    std                  | 0.498       |
|    value_loss           | 0.847       |
-----------------------------------------
Early stopping at step 3 due to reaching max kl: 0.05
-----------------------------------------
| rollout/                |             |
|    ep_len_mean          | 45.1        |
|    ep_rew_mean          | -115        |
| time/                   |             |
|    fps                  | 51          |
|    iterations           | 223         |
|    time_elapsed         | 22081       |
|    total_timesteps      | 1141760     |
| train/                  |             |
|    approx_kl            | 0.033006236 |
|    clip_fraction        | 0.249       |
|    clip_range           | 0.2         |
|    entropy_loss         | -1.44       |
|    explained_variance   | 0.761       |
|    learning_rate        | 0.0003      |
|    loss                 | 0.5         |
|    n_updates            | 1814        |
|    policy_gradient_loss | -0.00454    |
|    std                  | 0.498       |
|    value_loss           | 1.38        |
-----------------------------------------
-----------------------------------------
| rollout/                |             |
|    ep_len_mean          | 46.2        |
|    ep_rew_mean          | -120        |
| time/                   |             |
|    fps                  | 51          |
|    iterations           | 224         |
|    time_elapsed         | 22171       |
|    total_timesteps      | 1146880     |
| train/                  |             |
|    approx_kl            | 0.034791887 |
|    clip_fraction        | 0.269       |
|    clip_range           | 0.2         |
|    entropy_loss         | -1.44       |
|    explained_variance   | 0.846       |
|    learning_rate        | 0.0003      |
|    loss                 | 0.281       |
|    n_updates            | 1824        |
|    policy_gradient_loss | -0.0237     |
|    std                  | 0.495       |
|    value_loss           | 0.751       |
-----------------------------------------
Early stopping at step 5 due to reaching max kl: 0.05
-----------------------------------------
| rollout/                |             |
|    ep_len_mean          | 50          |
|    ep_rew_mean          | -64.8       |
| time/                   |             |
|    fps                  | 51          |
|    iterations           | 225         |
|    time_elapsed         | 22260       |
|    total_timesteps      | 1152000     |
| train/                  |             |
|    approx_kl            | 0.037439518 |
|    clip_fraction        | 0.245       |
|    clip_range           | 0.2         |
|    entropy_loss         | -1.43       |
|    explained_variance   | 0.848       |
|    learning_rate        | 0.0003      |
|    loss                 | 0.235       |
|    n_updates            | 1830        |
|    policy_gradient_loss | -0.0104     |
|    std                  | 0.495       |
|    value_loss           | 0.868       |
-----------------------------------------
Early stopping at step 2 due to reaching max kl: 0.05
----------------------------------------
| rollout/                |            |
|    ep_len_mean          | 49.5       |
|    ep_rew_mean          | -54.8      |
| time/                   |            |
|    fps                  | 51         |
|    iterations           | 226        |
|    time_elapsed         | 22341      |
|    total_timesteps      | 1157120    |
| train/                  |            |
|    approx_kl            | 0.03588207 |
|    clip_fraction        | 0.209      |
|    clip_range           | 0.2        |
|    entropy_loss         | -1.43      |
|    explained_variance   | 0.789      |
|    learning_rate        | 0.0003     |
|    loss                 | 0.337      |
|    n_updates            | 1833       |
|    policy_gradient_loss | -0.000478  |
|    std                  | 0.494      |
|    value_loss           | 0.96       |
----------------------------------------
Early stopping at step 3 due to reaching max kl: 0.05
-----------------------------------------
| rollout/                |             |
|    ep_len_mean          | 43.9        |
|    ep_rew_mean          | -130        |
| time/                   |             |
|    fps                  | 51          |
|    iterations           | 227         |
|    time_elapsed         | 22437       |
|    total_timesteps      | 1162240     |
| train/                  |             |
|    approx_kl            | 0.038281877 |
|    clip_fraction        | 0.209       |
|    clip_range           | 0.2         |
|    entropy_loss         | -1.43       |
|    explained_variance   | 0.764       |
|    learning_rate        | 0.0003      |
|    loss                 | 0.228       |
|    n_updates            | 1837        |
|    policy_gradient_loss | -0.00345    |
|    std                  | 0.494       |
|    value_loss           | 0.892       |
-----------------------------------------
Early stopping at step 1 due to reaching max kl: 0.05
-----------------------------------------
| rollout/                |             |
|    ep_len_mean          | 46.4        |
|    ep_rew_mean          | -76.3       |
| time/                   |             |
|    fps                  | 51          |
|    iterations           | 228         |
|    time_elapsed         | 22524       |
|    total_timesteps      | 1167360     |
| train/                  |             |
|    approx_kl            | 0.028506098 |
|    clip_fraction        | 0.175       |
|    clip_range           | 0.2         |
|    entropy_loss         | -1.42       |
|    explained_variance   | 0.81        |
|    learning_rate        | 0.0003      |
|    loss                 | 0.545       |
|    n_updates            | 1839        |
|    policy_gradient_loss | 0.000628    |
|    std                  | 0.493       |
|    value_loss           | 1.4         |
-----------------------------------------
Early stopping at step 1 due to reaching max kl: 0.06
----------------------------------------
| rollout/                |            |
|    ep_len_mean          | 45.1       |
|    ep_rew_mean          | -125       |
| time/                   |            |
|    fps                  | 51         |
|    iterations           | 229        |
|    time_elapsed         | 22595      |
|    total_timesteps      | 1172480    |
| train/                  |            |
|    approx_kl            | 0.03147809 |
|    clip_fraction        | 0.233      |
|    clip_range           | 0.2        |
|    entropy_loss         | -1.42      |
|    explained_variance   | 0.807      |
|    learning_rate        | 0.0003     |
|    loss                 | 0.56       |
|    n_updates            | 1841       |
|    policy_gradient_loss | 0.0054     |
|    std                  | 0.493      |
|    value_loss           | 1.23       |
----------------------------------------
Early stopping at step 2 due to reaching max kl: 0.05
-----------------------------------------
| rollout/                |             |
|    ep_len_mean          | 48          |
|    ep_rew_mean          | -74.4       |
| time/                   |             |
|    fps                  | 51          |
|    iterations           | 230         |
|    time_elapsed         | 22691       |
|    total_timesteps      | 1177600     |
| train/                  |             |
|    approx_kl            | 0.037402127 |
|    clip_fraction        | 0.209       |
|    clip_range           | 0.2         |
|    entropy_loss         | -1.42       |
|    explained_variance   | 0.814       |
|    learning_rate        | 0.0003      |
|    loss                 | 0.398       |
|    n_updates            | 1844        |
|    policy_gradient_loss | -0.00276    |
|    std                  | 0.493       |
|    value_loss           | 1.09        |
-----------------------------------------
Early stopping at step 6 due to reaching max kl: 0.05
----------------------------------------
| rollout/                |            |
|    ep_len_mean          | 42.9       |
|    ep_rew_mean          | -139       |
| time/                   |            |
|    fps                  | 51         |
|    iterations           | 231        |
|    time_elapsed         | 22790      |
|    total_timesteps      | 1182720    |
| train/                  |            |
|    approx_kl            | 0.03495194 |
|    clip_fraction        | 0.256      |
|    clip_range           | 0.2        |
|    entropy_loss         | -1.43      |
|    explained_variance   | 0.823      |
|    learning_rate        | 0.0003     |
|    loss                 | 0.15       |
|    n_updates            | 1851       |
|    policy_gradient_loss | -0.014     |
|    std                  | 0.495      |
|    value_loss           | 0.653      |
----------------------------------------
----------------------------------------
| rollout/                |            |
|    ep_len_mean          | 43.6       |
|    ep_rew_mean          | -87.7      |
| time/                   |            |
|    fps                  | 51         |
|    iterations           | 232        |
|    time_elapsed         | 22867      |
|    total_timesteps      | 1187840    |
| train/                  |            |
|    approx_kl            | 0.03143365 |
|    clip_fraction        | 0.262      |
|    clip_range           | 0.2        |
|    entropy_loss         | -1.43      |
|    explained_variance   | 0.829      |
|    learning_rate        | 0.0003     |
|    loss                 | 0.231      |
|    n_updates            | 1861       |
|    policy_gradient_loss | -0.0206    |
|    std                  | 0.494      |
|    value_loss           | 0.848      |
----------------------------------------
Early stopping at step 2 due to reaching max kl: 0.05
-----------------------------------------
| rollout/                |             |
|    ep_len_mean          | 43.8        |
|    ep_rew_mean          | -161        |
| time/                   |             |
|    fps                  | 52          |
|    iterations           | 233         |
|    time_elapsed         | 22937       |
|    total_timesteps      | 1192960     |
| train/                  |             |
|    approx_kl            | 0.026705576 |
|    clip_fraction        | 0.201       |
|    clip_range           | 0.2         |
|    entropy_loss         | -1.43       |
|    explained_variance   | 0.819       |
|    learning_rate        | 0.0003      |
|    loss                 | 0.65        |
|    n_updates            | 1864        |
|    policy_gradient_loss | -9.95e-05   |
|    std                  | 0.494       |
|    value_loss           | 1.11        |
-----------------------------------------
Early stopping at step 7 due to reaching max kl: 0.05
----------------------------------------
| rollout/                |            |
|    ep_len_mean          | 42.9       |
|    ep_rew_mean          | -134       |
| time/                   |            |
|    fps                  | 52         |
|    iterations           | 234        |
|    time_elapsed         | 23026      |
|    total_timesteps      | 1198080    |
| train/                  |            |
|    approx_kl            | 0.04898366 |
|    clip_fraction        | 0.25       |
|    clip_range           | 0.2        |
|    entropy_loss         | -1.42      |
|    explained_variance   | 0.807      |
|    learning_rate        | 0.0003     |
|    loss                 | 0.426      |
|    n_updates            | 1872       |
|    policy_gradient_loss | -0.0185    |
|    std                  | 0.491      |
|    value_loss           | 1.12       |
----------------------------------------
Early stopping at step 3 due to reaching max kl: 0.05
[EVAL] t=1,200,000 supervisor off goal 0.73 collision 0.27 timeout 0.00 return -51.8 colregs -18.3 intervention 0.00 (152.8 s)
[EVAL] t=1,200,000 supervisor on goal 0.73 collision 0.27 timeout 0.00 return -53.8 colregs -17.8 intervention 0.05 (156.6 s)
------------------------------------------------
| eval_supervisor_off/            |            |
|    being_overtaken/collision    | 0.35       |
|    being_overtaken/colregs      | -27.8      |
|    being_overtaken/goal         | 0.65       |
|    being_overtaken/intervention | 0          |
|    collision_boundary           | 0.0583     |
|    collision_obstacle           | 0.0333     |
|    collision_rate               | 0.267      |
|    collision_target             | 0.175      |
|    crossing/collision           | 0.8        |
|    crossing/colregs             | -31.2      |
|    crossing/goal                | 0.2        |
|    crossing/intervention        | 0          |
|    episodes                     | 120        |
|    estops_per_episode           | 0          |
|    eval_wall_s                  | 153        |
|    goal_rate                    | 0.733      |
|    head_on/collision            | 0.15       |
|    head_on/colregs              | -15        |
|    head_on/goal                 | 0.85       |
|    head_on/intervention         | 0          |
|    intervention_rate            | 0          |
|    mean_colregs_integral        | -18.3      |
|    mean_return                  | -51.8      |
|    no_target/collision          | 0.1        |
|    no_target/colregs            | 0          |
|    no_target/goal               | 0.9        |
|    no_target/intervention       | 0          |
|    null/collision               | 0.2        |
|    null/colregs                 | -7.76      |
|    null/goal                    | 0.8        |
|    null/intervention            | 0          |
|    overtaking/collision         | 0          |
|    overtaking/colregs           | -28        |
|    overtaking/goal              | 1          |
|    overtaking/intervention      | 0          |
|    timeout_rate                 | 0          |
|    timesteps                    | 1200000    |
| eval_supervisor_on/             |            |
|    being_overtaken/collision    | 0.35       |
|    being_overtaken/colregs      | -27.8      |
|    being_overtaken/goal         | 0.65       |
|    being_overtaken/intervention | 0          |
|    collision_boundary           | 0.0667     |
|    collision_obstacle           | 0.0333     |
|    collision_rate               | 0.267      |
|    collision_target             | 0.167      |
|    crossing/collision           | 0.8        |
|    crossing/colregs             | -28.3      |
|    crossing/goal                | 0.2        |
|    crossing/intervention        | 0.2        |
|    episodes                     | 120        |
|    estops_per_episode           | 0.05       |
|    eval_wall_s                  | 157        |
|    goal_rate                    | 0.733      |
|    head_on/collision            | 0.15       |
|    head_on/colregs              | -15.2      |
|    head_on/goal                 | 0.85       |
|    head_on/intervention         | 0.1        |
|    intervention_rate            | 0.05       |
|    mean_colregs_integral        | -17.8      |
|    mean_return                  | -53.8      |
|    no_target/collision          | 0.1        |
|    no_target/colregs            | 0          |
|    no_target/goal               | 0.9        |
|    no_target/intervention       | 0          |
|    null/collision               | 0.2        |
|    null/colregs                 | -7.76      |
|    null/goal                    | 0.8        |
|    null/intervention            | 0          |
|    overtaking/collision         | 0          |
|    overtaking/colregs           | -28        |
|    overtaking/goal              | 1          |
|    overtaking/intervention      | 0          |
|    timeout_rate                 | 0          |
|    timesteps                    | 1200000    |
| rollout/                        |            |
|    ep_len_mean                  | 44.9       |
|    ep_rew_mean                  | -101       |
| time/                           |            |
|    fps                          | 51         |
|    iterations                   | 235        |
|    time_elapsed                 | 23441      |
|    total_timesteps              | 1203200    |
| train/                          |            |
|    approx_kl                    | 0.03639562 |
|    clip_fraction                | 0.221      |
|    clip_range                   | 0.2        |
|    entropy_loss                 | -1.41      |
|    explained_variance           | 0.778      |
|    learning_rate                | 0.0003     |
|    loss                         | 0.428      |
|    n_updates                    | 1876       |
|    policy_gradient_loss         | -0.00604   |
|    std                          | 0.491      |
|    value_loss                   | 1.45       |
------------------------------------------------
Early stopping at step 8 due to reaching max kl: 0.05
-----------------------------------------
| rollout/                |             |
|    ep_len_mean          | 45.7        |
|    ep_rew_mean          | -112        |
| time/                   |             |
|    fps                  | 51          |
|    iterations           | 236         |
|    time_elapsed         | 23536       |
|    total_timesteps      | 1208320     |
| train/                  |             |
|    approx_kl            | 0.041338265 |
|    clip_fraction        | 0.271       |
|    clip_range           | 0.2         |
|    entropy_loss         | -1.41       |
|    explained_variance   | 0.814       |
|    learning_rate        | 0.0003      |
|    loss                 | 0.3         |
|    n_updates            | 1885        |
|    policy_gradient_loss | -0.0244     |
|    std                  | 0.485       |
|    value_loss           | 0.743       |
-----------------------------------------
Early stopping at step 1 due to reaching max kl: 0.05
-----------------------------------------
| rollout/                |             |
|    ep_len_mean          | 46.9        |
|    ep_rew_mean          | -109        |
| time/                   |             |
|    fps                  | 51          |
|    iterations           | 237         |
|    time_elapsed         | 23635       |
|    total_timesteps      | 1213440     |
| train/                  |             |
|    approx_kl            | 0.029490922 |
|    clip_fraction        | 0.206       |
|    clip_range           | 0.2         |
|    entropy_loss         | -1.39       |
|    explained_variance   | 0.824       |
|    learning_rate        | 0.0003      |
|    loss                 | 0.577       |
|    n_updates            | 1887        |
|    policy_gradient_loss | 0.0038      |
|    std                  | 0.485       |
|    value_loss           | 1.13        |
-----------------------------------------
Early stopping at step 7 due to reaching max kl: 0.05
----------------------------------------
| rollout/                |            |
|    ep_len_mean          | 42.7       |
|    ep_rew_mean          | -120       |
| time/                   |            |
|    fps                  | 51         |
|    iterations           | 238        |
|    time_elapsed         | 23726      |
|    total_timesteps      | 1218560    |
| train/                  |            |
|    approx_kl            | 0.04482203 |
|    clip_fraction        | 0.259      |
|    clip_range           | 0.2        |
|    entropy_loss         | -1.38      |
|    explained_variance   | 0.817      |
|    learning_rate        | 0.0003     |
|    loss                 | 0.265      |
|    n_updates            | 1895       |
|    policy_gradient_loss | -0.0138    |
|    std                  | 0.481      |
|    value_loss           | 0.792      |
----------------------------------------
Early stopping at step 1 due to reaching max kl: 0.05
----------------------------------------
| rollout/                |            |
|    ep_len_mean          | 41.1       |
|    ep_rew_mean          | -171       |
| time/                   |            |
|    fps                  | 51         |
|    iterations           | 239        |
|    time_elapsed         | 23822      |
|    total_timesteps      | 1223680    |
| train/                  |            |
|    approx_kl            | 0.04090739 |
|    clip_fraction        | 0.135      |
|    clip_range           | 0.2        |
|    entropy_loss         | -1.37      |
|    explained_variance   | 0.781      |
|    learning_rate        | 0.0003     |
|    loss                 | 0.688      |
|    n_updates            | 1897       |
|    policy_gradient_loss | 0.00141    |
|    std                  | 0.48       |
|    value_loss           | 1.56       |
----------------------------------------
Early stopping at step 7 due to reaching max kl: 0.05
-----------------------------------------
| rollout/                |             |
|    ep_len_mean          | 44.2        |
|    ep_rew_mean          | -107        |
| time/                   |             |
|    fps                  | 51          |
|    iterations           | 240         |
|    time_elapsed         | 23917       |
|    total_timesteps      | 1228800     |
| train/                  |             |
|    approx_kl            | 0.048274167 |
|    clip_fraction        | 0.256       |
|    clip_range           | 0.2         |
|    entropy_loss         | -1.37       |
|    explained_variance   | 0.814       |
|    learning_rate        | 0.0003      |
|    loss                 | 0.481       |
|    n_updates            | 1905        |
|    policy_gradient_loss | -0.0165     |
|    std                  | 0.48        |
|    value_loss           | 1.14        |
-----------------------------------------
Early stopping at step 9 due to reaching max kl: 0.05
-----------------------------------------
| rollout/                |             |
|    ep_len_mean          | 45.1        |
|    ep_rew_mean          | -108        |
| time/                   |             |
|    fps                  | 51          |
|    iterations           | 241         |
|    time_elapsed         | 24009       |
|    total_timesteps      | 1233920     |
| train/                  |             |
|    approx_kl            | 0.040088117 |
|    clip_fraction        | 0.241       |
|    clip_range           | 0.2         |
|    entropy_loss         | -1.36       |
|    explained_variance   | 0.868       |
|    learning_rate        | 0.0003      |
|    loss                 | 0.11        |
|    n_updates            | 1915        |
|    policy_gradient_loss | -0.0219     |
|    std                  | 0.474       |
|    value_loss           | 0.561       |
-----------------------------------------
Early stopping at step 4 due to reaching max kl: 0.05
----------------------------------------
| rollout/                |            |
|    ep_len_mean          | 40.4       |
|    ep_rew_mean          | -141       |
| time/                   |            |
|    fps                  | 51         |
|    iterations           | 242        |
|    time_elapsed         | 24117      |
|    total_timesteps      | 1239040    |
| train/                  |            |
|    approx_kl            | 0.04099988 |
|    clip_fraction        | 0.264      |
|    clip_range           | 0.2        |
|    entropy_loss         | -1.34      |
|    explained_variance   | 0.785      |
|    learning_rate        | 0.0003     |
|    loss                 | 0.284      |
|    n_updates            | 1920       |
|    policy_gradient_loss | -0.00995   |
|    std                  | 0.474      |
|    value_loss           | 0.963      |
----------------------------------------
Early stopping at step 2 due to reaching max kl: 0.05
-----------------------------------------
| rollout/                |             |
|    ep_len_mean          | 42.4        |
|    ep_rew_mean          | -123        |
| time/                   |             |
|    fps                  | 51          |
|    iterations           | 243         |
|    time_elapsed         | 24226       |
|    total_timesteps      | 1244160     |
| train/                  |             |
|    approx_kl            | 0.045533918 |
|    clip_fraction        | 0.22        |
|    clip_range           | 0.2         |
|    entropy_loss         | -1.34       |
|    explained_variance   | 0.827       |
|    learning_rate        | 0.0003      |
|    loss                 | 0.467       |
|    n_updates            | 1923        |
|    policy_gradient_loss | -0.000162   |
|    std                  | 0.474       |
|    value_loss           | 1.25        |
-----------------------------------------
Early stopping at step 5 due to reaching max kl: 0.05
-----------------------------------------
| rollout/                |             |
|    ep_len_mean          | 44.6        |
|    ep_rew_mean          | -135        |
| time/                   |             |
|    fps                  | 51          |
|    iterations           | 244         |
|    time_elapsed         | 24325       |
|    total_timesteps      | 1249280     |
| train/                  |             |
|    approx_kl            | 0.051038407 |
|    clip_fraction        | 0.245       |
|    clip_range           | 0.2         |
|    entropy_loss         | -1.34       |
|    explained_variance   | 0.804       |
|    learning_rate        | 0.0003      |
|    loss                 | 0.338       |
|    n_updates            | 1929        |
|    policy_gradient_loss | -0.0109     |
|    std                  | 0.474       |
|    value_loss           | 1.09        |
-----------------------------------------
Early stopping at step 2 due to reaching max kl: 0.05
----------------------------------------
| rollout/                |            |
|    ep_len_mean          | 46.5       |
|    ep_rew_mean          | -99        |
| time/                   |            |
|    fps                  | 51         |
|    iterations           | 245        |
|    time_elapsed         | 24422      |
|    total_timesteps      | 1254400    |
| train/                  |            |
|    approx_kl            | 0.04765056 |
|    clip_fraction        | 0.201      |
|    clip_range           | 0.2        |
|    entropy_loss         | -1.35      |
|    explained_variance   | 0.75       |
|    learning_rate        | 0.0003     |
|    loss                 | 0.675      |
|    n_updates            | 1932       |
|    policy_gradient_loss | 0.00272    |
|    std                  | 0.474      |
|    value_loss           | 1.77       |
----------------------------------------
Early stopping at step 4 due to reaching max kl: 0.05
-----------------------------------------
| rollout/                |             |
|    ep_len_mean          | 47          |
|    ep_rew_mean          | -81.2       |
| time/                   |             |
|    fps                  | 51          |
|    iterations           | 246         |
|    time_elapsed         | 24511       |
|    total_timesteps      | 1259520     |
| train/                  |             |
|    approx_kl            | 0.038558766 |
|    clip_fraction        | 0.236       |
|    clip_range           | 0.2         |
|    entropy_loss         | -1.35       |
|    explained_variance   | 0.836       |
|    learning_rate        | 0.0003      |
|    loss                 | 0.205       |
|    n_updates            | 1937        |
|    policy_gradient_loss | -0.0129     |
|    std                  | 0.474       |
|    value_loss           | 0.804       |
-----------------------------------------
Early stopping at step 3 due to reaching max kl: 0.05
----------------------------------------
| rollout/                |            |
|    ep_len_mean          | 46.4       |
|    ep_rew_mean          | -94.7      |
| time/                   |            |
|    fps                  | 51         |
|    iterations           | 247        |
|    time_elapsed         | 24628      |
|    total_timesteps      | 1264640    |
| train/                  |            |
|    approx_kl            | 0.03329721 |
|    clip_fraction        | 0.228      |
|    clip_range           | 0.2        |
|    entropy_loss         | -1.34      |
|    explained_variance   | 0.808      |
|    learning_rate        | 0.0003     |
|    loss                 | 0.454      |
|    n_updates            | 1941       |
|    policy_gradient_loss | -0.00402   |
|    std                  | 0.472      |
|    value_loss           | 0.989      |
----------------------------------------
Early stopping at step 3 due to reaching max kl: 0.05
-----------------------------------------
| rollout/                |             |
|    ep_len_mean          | 45.6        |
|    ep_rew_mean          | -121        |
| time/                   |             |
|    fps                  | 51          |
|    iterations           | 248         |
|    time_elapsed         | 24725       |
|    total_timesteps      | 1269760     |
| train/                  |             |
|    approx_kl            | 0.047974512 |
|    clip_fraction        | 0.245       |
|    clip_range           | 0.2         |
|    entropy_loss         | -1.33       |
|    explained_variance   | 0.818       |
|    learning_rate        | 0.0003      |
|    loss                 | 0.219       |
|    n_updates            | 1945        |
|    policy_gradient_loss | -0.00248    |
|    std                  | 0.472       |
|    value_loss           | 0.91        |
-----------------------------------------
Early stopping at step 3 due to reaching max kl: 0.05
-----------------------------------------
| rollout/                |             |
|    ep_len_mean          | 45.4        |
|    ep_rew_mean          | -99.7       |
| time/                   |             |
|    fps                  | 51          |
|    iterations           | 249         |
|    time_elapsed         | 24823       |
|    total_timesteps      | 1274880     |
| train/                  |             |
|    approx_kl            | 0.036591973 |
|    clip_fraction        | 0.231       |
|    clip_range           | 0.2         |
|    entropy_loss         | -1.34       |
|    explained_variance   | 0.824       |
|    learning_rate        | 0.0003      |
|    loss                 | 0.308       |
|    n_updates            | 1949        |
|    policy_gradient_loss | -0.00685    |
|    std                  | 0.472       |
|    value_loss           | 1.01        |
-----------------------------------------
Early stopping at step 4 due to reaching max kl: 0.05
-----------------------------------------
| rollout/                |             |
|    ep_len_mean          | 43.2        |
|    ep_rew_mean          | -166        |
| time/                   |             |
|    fps                  | 51          |
|    iterations           | 250         |
|    time_elapsed         | 24912       |
|    total_timesteps      | 1280000     |
| train/                  |             |
|    approx_kl            | 0.039010175 |
|    clip_fraction        | 0.244       |
|    clip_range           | 0.2         |
|    entropy_loss         | -1.34       |
|    explained_variance   | 0.781       |
|    learning_rate        | 0.0003      |
|    loss                 | 0.249       |
|    n_updates            | 1954        |
|    policy_gradient_loss | -0.00841    |
|    std                  | 0.473       |
|    value_loss           | 1.01        |
-----------------------------------------
Early stopping at step 3 due to reaching max kl: 0.05
-----------------------------------------
| rollout/                |             |
|    ep_len_mean          | 42.4        |
|    ep_rew_mean          | -163        |
| time/                   |             |
|    fps                  | 51          |
|    iterations           | 251         |
|    time_elapsed         | 25000       |
|    total_timesteps      | 1285120     |
| train/                  |             |
|    approx_kl            | 0.040418204 |
|    clip_fraction        | 0.245       |
|    clip_range           | 0.2         |
|    entropy_loss         | -1.34       |
|    explained_variance   | 0.823       |
|    learning_rate        | 0.0003      |
|    loss                 | 0.411       |
|    n_updates            | 1958        |
|    policy_gradient_loss | -0.00307    |
|    std                  | 0.472       |
|    value_loss           | 1.25        |
-----------------------------------------
Early stopping at step 7 due to reaching max kl: 0.05
-----------------------------------------
| rollout/                |             |
|    ep_len_mean          | 44.9        |
|    ep_rew_mean          | -116        |
| time/                   |             |
|    fps                  | 51          |
|    iterations           | 252         |
|    time_elapsed         | 25093       |
|    total_timesteps      | 1290240     |
| train/                  |             |
|    approx_kl            | 0.033877626 |
|    clip_fraction        | 0.275       |
|    clip_range           | 0.2         |
|    entropy_loss         | -1.34       |
|    explained_variance   | 0.798       |
|    learning_rate        | 0.0003      |
|    loss                 | 0.437       |
|    n_updates            | 1966        |
|    policy_gradient_loss | -0.0155     |
|    std                  | 0.472       |
|    value_loss           | 1.02        |
-----------------------------------------
Early stopping at step 3 due to reaching max kl: 0.05
-----------------------------------------
| rollout/                |             |
|    ep_len_mean          | 44.8        |
|    ep_rew_mean          | -113        |
| time/                   |             |
|    fps                  | 51          |
|    iterations           | 253         |
|    time_elapsed         | 25199       |
|    total_timesteps      | 1295360     |
| train/                  |             |
|    approx_kl            | 0.037106253 |
|    clip_fraction        | 0.235       |
|    clip_range           | 0.2         |
|    entropy_loss         | -1.33       |
|    explained_variance   | 0.834       |
|    learning_rate        | 0.0003      |
|    loss                 | 0.331       |
|    n_updates            | 1970        |
|    policy_gradient_loss | -0.00373    |
|    std                  | 0.471       |
|    value_loss           | 0.933       |
-----------------------------------------
Early stopping at step 1 due to reaching max kl: 0.05
-----------------------------------------
| rollout/                |             |
|    ep_len_mean          | 45          |
|    ep_rew_mean          | -101        |
| time/                   |             |
|    fps                  | 51          |
|    iterations           | 254         |
|    time_elapsed         | 25287       |
|    total_timesteps      | 1300480     |
| train/                  |             |
|    approx_kl            | 0.038557384 |
|    clip_fraction        | 0.229       |
|    clip_range           | 0.2         |
|    entropy_loss         | -1.33       |
|    explained_variance   | 0.795       |
|    learning_rate        | 0.0003      |
|    loss                 | 0.544       |
|    n_updates            | 1972        |
|    policy_gradient_loss | 0.00656     |
|    std                  | 0.471       |
|    value_loss           | 1.33        |
-----------------------------------------
Early stopping at step 5 due to reaching max kl: 0.06
----------------------------------------
| rollout/                |            |
|    ep_len_mean          | 42.4       |
|    ep_rew_mean          | -160       |
| time/                   |            |
|    fps                  | 51         |
|    iterations           | 255        |
|    time_elapsed         | 25387      |
|    total_timesteps      | 1305600    |
| train/                  |            |
|    approx_kl            | 0.04746138 |
|    clip_fraction        | 0.241      |
|    clip_range           | 0.2        |
|    entropy_loss         | -1.33      |
|    explained_variance   | 0.824      |
|    learning_rate        | 0.0003     |
|    loss                 | 0.269      |
|    n_updates            | 1978       |
|    policy_gradient_loss | -0.0127    |
|    std                  | 0.471      |
|    value_loss           | 0.727      |
----------------------------------------
Early stopping at step 0 due to reaching max kl: 0.05
----------------------------------------
| rollout/                |            |
|    ep_len_mean          | 45.2       |
|    ep_rew_mean          | -122       |
| time/                   |            |
|    fps                  | 51         |
|    iterations           | 256        |
|    time_elapsed         | 25482      |
|    total_timesteps      | 1310720    |
| train/                  |            |
|    approx_kl            | 0.02382375 |
|    clip_fraction        | 0.253      |
|    clip_range           | 0.2        |
|    entropy_loss         | -1.33      |
|    explained_variance   | 0.815      |
|    learning_rate        | 0.0003     |
|    loss                 | 0.599      |
|    n_updates            | 1979       |
|    policy_gradient_loss | 0.00923    |
|    std                  | 0.471      |
|    value_loss           | 1.54       |
----------------------------------------
Early stopping at step 3 due to reaching max kl: 0.05
-----------------------------------------
| rollout/                |             |
|    ep_len_mean          | 44.5        |
|    ep_rew_mean          | -134        |
| time/                   |             |
|    fps                  | 51          |
|    iterations           | 257         |
|    time_elapsed         | 25572       |
|    total_timesteps      | 1315840     |
| train/                  |             |
|    approx_kl            | 0.036872465 |
|    clip_fraction        | 0.241       |
|    clip_range           | 0.2         |
|    entropy_loss         | -1.33       |
|    explained_variance   | 0.781       |
|    learning_rate        | 0.0003      |
|    loss                 | 0.466       |
|    n_updates            | 1983        |
|    policy_gradient_loss | -0.00799    |
|    std                  | 0.471       |
|    value_loss           | 1.21        |
-----------------------------------------
Early stopping at step 6 due to reaching max kl: 0.05
----------------------------------------
| rollout/                |            |
|    ep_len_mean          | 45.8       |
|    ep_rew_mean          | -104       |
| time/                   |            |
|    fps                  | 51         |
|    iterations           | 258        |
|    time_elapsed         | 25666      |
|    total_timesteps      | 1320960    |
| train/                  |            |
|    approx_kl            | 0.03516697 |
|    clip_fraction        | 0.276      |
|    clip_range           | 0.2        |
|    entropy_loss         | -1.33      |
|    explained_variance   | 0.813      |
|    learning_rate        | 0.0003     |
|    loss                 | 0.244      |
|    n_updates            | 1990       |
|    policy_gradient_loss | -0.0195    |
|    std                  | 0.471      |
|    value_loss           | 0.834      |
----------------------------------------
Early stopping at step 1 due to reaching max kl: 0.05
-----------------------------------------
| rollout/                |             |
|    ep_len_mean          | 45.7        |
|    ep_rew_mean          | -74.3       |
| time/                   |             |
|    fps                  | 51          |
|    iterations           | 259         |
|    time_elapsed         | 25756       |
|    total_timesteps      | 1326080     |
| train/                  |             |
|    approx_kl            | 0.027859308 |
|    clip_fraction        | 0.148       |
|    clip_range           | 0.2         |
|    entropy_loss         | -1.33       |
|    explained_variance   | 0.781       |
|    learning_rate        | 0.0003      |
|    loss                 | 0.51        |
|    n_updates            | 1992        |
|    policy_gradient_loss | 0.00533     |
|    std                  | 0.471       |
|    value_loss           | 1.25        |
-----------------------------------------
Early stopping at step 2 due to reaching max kl: 0.05
-----------------------------------------
| rollout/                |             |
|    ep_len_mean          | 43.8        |
|    ep_rew_mean          | -96.6       |
| time/                   |             |
|    fps                  | 51          |
|    iterations           | 260         |
|    time_elapsed         | 25847       |
|    total_timesteps      | 1331200     |
| train/                  |             |
|    approx_kl            | 0.032796394 |
|    clip_fraction        | 0.24        |
|    clip_range           | 0.2         |
|    entropy_loss         | -1.33       |
|    explained_variance   | 0.801       |
|    learning_rate        | 0.0003      |
|    loss                 | 0.231       |
|    n_updates            | 1995        |
|    policy_gradient_loss | 0.00146     |
|    std                  | 0.472       |
|    value_loss           | 0.821       |
-----------------------------------------
Early stopping at step 5 due to reaching max kl: 0.05
-----------------------------------------
| rollout/                |             |
|    ep_len_mean          | 44          |
|    ep_rew_mean          | -117        |
| time/                   |             |
|    fps                  | 51          |
|    iterations           | 261         |
|    time_elapsed         | 25939       |
|    total_timesteps      | 1336320     |
| train/                  |             |
|    approx_kl            | 0.049413823 |
|    clip_fraction        | 0.248       |
|    clip_range           | 0.2         |
|    entropy_loss         | -1.33       |
|    explained_variance   | 0.87        |
|    learning_rate        | 0.0003      |
|    loss                 | 0.217       |
|    n_updates            | 2001        |
|    policy_gradient_loss | -0.0135     |
|    std                  | 0.47        |
|    value_loss           | 0.743       |
-----------------------------------------
Early stopping at step 6 due to reaching max kl: 0.05
-----------------------------------------
| rollout/                |             |
|    ep_len_mean          | 45.7        |
|    ep_rew_mean          | -111        |
| time/                   |             |
|    fps                  | 51          |
|    iterations           | 262         |
|    time_elapsed         | 26027       |
|    total_timesteps      | 1341440     |
| train/                  |             |
|    approx_kl            | 0.037578117 |
|    clip_fraction        | 0.278       |
|    clip_range           | 0.2         |
|    entropy_loss         | -1.33       |
|    explained_variance   | 0.771       |
|    learning_rate        | 0.0003      |
|    loss                 | 0.429       |
|    n_updates            | 2008        |
|    policy_gradient_loss | -0.0134     |
|    std                  | 0.47        |
|    value_loss           | 1.12        |
-----------------------------------------
Early stopping at step 3 due to reaching max kl: 0.05
-----------------------------------------
| rollout/                |             |
|    ep_len_mean          | 44          |
|    ep_rew_mean          | -108        |
| time/                   |             |
|    fps                  | 51          |
|    iterations           | 263         |
|    time_elapsed         | 26123       |
|    total_timesteps      | 1346560     |
| train/                  |             |
|    approx_kl            | 0.039131876 |
|    clip_fraction        | 0.244       |
|    clip_range           | 0.2         |
|    entropy_loss         | -1.33       |
|    explained_variance   | 0.801       |
|    learning_rate        | 0.0003      |
|    loss                 | 0.399       |
|    n_updates            | 2012        |
|    policy_gradient_loss | -7.25e-05   |
|    std                  | 0.47        |
|    value_loss           | 1.16        |
-----------------------------------------
Early stopping at step 1 due to reaching max kl: 0.07
-----------------------------------------
| rollout/                |             |
|    ep_len_mean          | 43.7        |
|    ep_rew_mean          | -109        |
| time/                   |             |
|    fps                  | 51          |
|    iterations           | 264         |
|    time_elapsed         | 26216       |
|    total_timesteps      | 1351680     |
| train/                  |             |
|    approx_kl            | 0.039055813 |
|    clip_fraction        | 0.181       |
|    clip_range           | 0.2         |
|    entropy_loss         | -1.33       |
|    explained_variance   | 0.76        |
|    learning_rate        | 0.0003      |
|    loss                 | 0.558       |
|    n_updates            | 2014        |
|    policy_gradient_loss | 0.00321     |
|    std                  | 0.47        |
|    value_loss           | 1.45        |
-----------------------------------------
Early stopping at step 3 due to reaching max kl: 0.06
-----------------------------------------
| rollout/                |             |
|    ep_len_mean          | 44.1        |
|    ep_rew_mean          | -121        |
| time/                   |             |
|    fps                  | 51          |
|    iterations           | 265         |
|    time_elapsed         | 26316       |
|    total_timesteps      | 1356800     |
| train/                  |             |
|    approx_kl            | 0.037124537 |
|    clip_fraction        | 0.219       |
|    clip_range           | 0.2         |
|    entropy_loss         | -1.33       |
|    explained_variance   | 0.748       |
|    learning_rate        | 0.0003      |
|    loss                 | 0.418       |
|    n_updates            | 2018        |
|    policy_gradient_loss | -0.00223    |
|    std                  | 0.47        |
|    value_loss           | 1.29        |
-----------------------------------------
Early stopping at step 5 due to reaching max kl: 0.05
-----------------------------------------
| rollout/                |             |
|    ep_len_mean          | 47.6        |
|    ep_rew_mean          | -95.4       |
| time/                   |             |
|    fps                  | 51          |
|    iterations           | 266         |
|    time_elapsed         | 26407       |
|    total_timesteps      | 1361920     |
| train/                  |             |
|    approx_kl            | 0.039897446 |
|    clip_fraction        | 0.252       |
|    clip_range           | 0.2         |
|    entropy_loss         | -1.33       |
|    explained_variance   | 0.802       |
|    learning_rate        | 0.0003      |
|    loss                 | 0.436       |
|    n_updates            | 2024        |
|    policy_gradient_loss | -0.0175     |
|    std                  | 0.47        |
|    value_loss           | 1.01        |
-----------------------------------------
Early stopping at step 1 due to reaching max kl: 0.05
----------------------------------------
| rollout/                |            |
|    ep_len_mean          | 47.4       |
|    ep_rew_mean          | -79.3      |
| time/                   |            |
|    fps                  | 51         |
|    iterations           | 267        |
|    time_elapsed         | 26498      |
|    total_timesteps      | 1367040    |
| train/                  |            |
|    approx_kl            | 0.02930673 |
|    clip_fraction        | 0.24       |
|    clip_range           | 0.2        |
|    entropy_loss         | -1.33      |
|    explained_variance   | 0.803      |
|    learning_rate        | 0.0003     |
|    loss                 | 0.449      |
|    n_updates            | 2026       |
|    policy_gradient_loss | 0.0132     |
|    std                  | 0.469      |
|    value_loss           | 1.13       |
----------------------------------------
Early stopping at step 2 due to reaching max kl: 0.05
----------------------------------------
| rollout/                |            |
|    ep_len_mean          | 44.8       |
|    ep_rew_mean          | -126       |
| time/                   |            |
|    fps                  | 51         |
|    iterations           | 268        |
|    time_elapsed         | 26587      |
|    total_timesteps      | 1372160    |
| train/                  |            |
|    approx_kl            | 0.03333716 |
|    clip_fraction        | 0.237      |
|    clip_range           | 0.2        |
|    entropy_loss         | -1.33      |
|    explained_variance   | 0.828      |
|    learning_rate        | 0.0003     |
|    loss                 | 0.275      |
|    n_updates            | 2029       |
|    policy_gradient_loss | -0.00264   |
|    std                  | 0.47       |
|    value_loss           | 0.845      |
----------------------------------------
Early stopping at step 1 due to reaching max kl: 0.05
-----------------------------------------
| rollout/                |             |
|    ep_len_mean          | 47.3        |
|    ep_rew_mean          | -73.8       |
| time/                   |             |
|    fps                  | 51          |
|    iterations           | 269         |
|    time_elapsed         | 26674       |
|    total_timesteps      | 1377280     |
| train/                  |             |
|    approx_kl            | 0.028580159 |
|    clip_fraction        | 0.157       |
|    clip_range           | 0.2         |
|    entropy_loss         | -1.33       |
|    explained_variance   | 0.831       |
|    learning_rate        | 0.0003      |
|    loss                 | 0.59        |
|    n_updates            | 2031        |
|    policy_gradient_loss | 0.000262    |
|    std                  | 0.47        |
|    value_loss           | 1.12        |
-----------------------------------------
Early stopping at step 1 due to reaching max kl: 0.05
-----------------------------------------
| rollout/                |             |
|    ep_len_mean          | 46.2        |
|    ep_rew_mean          | -108        |
| time/                   |             |
|    fps                  | 51          |
|    iterations           | 270         |
|    time_elapsed         | 26767       |
|    total_timesteps      | 1382400     |
| train/                  |             |
|    approx_kl            | 0.024387678 |
|    clip_fraction        | 0.166       |
|    clip_range           | 0.2         |
|    entropy_loss         | -1.33       |
|    explained_variance   | 0.781       |
|    learning_rate        | 0.0003      |
|    loss                 | 0.386       |
|    n_updates            | 2033        |
|    policy_gradient_loss | -0.000473   |
|    std                  | 0.47        |
|    value_loss           | 1.12        |
-----------------------------------------
Early stopping at step 2 due to reaching max kl: 0.05
-----------------------------------------
| rollout/                |             |
|    ep_len_mean          | 44.6        |
|    ep_rew_mean          | -134        |
| time/                   |             |
|    fps                  | 51          |
|    iterations           | 271         |
|    time_elapsed         | 26858       |
|    total_timesteps      | 1387520     |
| train/                  |             |
|    approx_kl            | 0.040529937 |
|    clip_fraction        | 0.227       |
|    clip_range           | 0.2         |
|    entropy_loss         | -1.33       |
|    explained_variance   | 0.839       |
|    learning_rate        | 0.0003      |
|    loss                 | 0.312       |
|    n_updates            | 2036        |
|    policy_gradient_loss | 0.000797    |
|    std                  | 0.471       |
|    value_loss           | 0.904       |
-----------------------------------------
Early stopping at step 3 due to reaching max kl: 0.05
-----------------------------------------
| rollout/                |             |
|    ep_len_mean          | 44.7        |
|    ep_rew_mean          | -132        |
| time/                   |             |
|    fps                  | 51          |
|    iterations           | 272         |
|    time_elapsed         | 26949       |
|    total_timesteps      | 1392640     |
| train/                  |             |
|    approx_kl            | 0.030139204 |
|    clip_fraction        | 0.211       |
|    clip_range           | 0.2         |
|    entropy_loss         | -1.33       |
|    explained_variance   | 0.852       |
|    learning_rate        | 0.0003      |
|    loss                 | 0.293       |
|    n_updates            | 2040        |
|    policy_gradient_loss | -0.00969    |
|    std                  | 0.47        |
|    value_loss           | 0.877       |
-----------------------------------------
Early stopping at step 3 due to reaching max kl: 0.05
----------------------------------------
| rollout/                |            |
|    ep_len_mean          | 48.6       |
|    ep_rew_mean          | -66.7      |
| time/                   |            |
|    fps                  | 51         |
|    iterations           | 273        |
|    time_elapsed         | 27043      |
|    total_timesteps      | 1397760    |
| train/                  |            |
|    approx_kl            | 0.03770735 |
|    clip_fraction        | 0.222      |
|    clip_range           | 0.2        |
|    entropy_loss         | -1.33      |
|    explained_variance   | 0.832      |
|    learning_rate        | 0.0003     |
|    loss                 | 0.286      |
|    n_updates            | 2044       |
|    policy_gradient_loss | -0.00633   |
|    std                  | 0.469      |
|    value_loss           | 0.865      |
----------------------------------------
Early stopping at step 1 due to reaching max kl: 0.05
[EVAL] t=1,400,000 supervisor off goal 0.72 collision 0.28 timeout 0.00 return -56.8 colregs -19.9 intervention 0.00 (158.9 s)
[EVAL] t=1,400,000 supervisor on goal 0.74 collision 0.26 timeout 0.00 return -54.6 colregs -19.7 intervention 0.04 (158.5 s)
-------------------------------------------------
| eval_supervisor_off/            |             |
|    being_overtaken/collision    | 0.3         |
|    being_overtaken/colregs      | -21.8       |
|    being_overtaken/goal         | 0.7         |
|    being_overtaken/intervention | 0           |
|    collision_boundary           | 0.0667      |
|    collision_obstacle           | 0.0333      |
|    collision_rate               | 0.275       |
|    collision_target             | 0.175       |
|    crossing/collision           | 0.85        |
|    crossing/colregs             | -28.6       |
|    crossing/goal                | 0.15        |
|    crossing/intervention        | 0           |
|    episodes                     | 120         |
|    estops_per_episode           | 0           |
|    eval_wall_s                  | 159         |
|    goal_rate                    | 0.725       |
|    head_on/collision            | 0.15        |
|    head_on/colregs              | -22.2       |
|    head_on/goal                 | 0.85        |
|    head_on/intervention         | 0           |
|    intervention_rate            | 0           |
|    mean_colregs_integral        | -19.9       |
|    mean_return                  | -56.8       |
|    no_target/collision          | 0.15        |
|    no_target/colregs            | 0           |
|    no_target/goal               | 0.85        |
|    no_target/intervention       | 0           |
|    null/collision               | 0.2         |
|    null/colregs                 | -6.58       |
|    null/goal                    | 0.8         |
|    null/intervention            | 0           |
|    overtaking/collision         | 0           |
|    overtaking/colregs           | -40.4       |
|    overtaking/goal              | 1           |
|    overtaking/intervention      | 0           |
|    timeout_rate                 | 0           |
|    timesteps                    | 1400000     |
| eval_supervisor_on/             |             |
|    being_overtaken/collision    | 0.3         |
|    being_overtaken/colregs      | -21.8       |
|    being_overtaken/goal         | 0.7         |
|    being_overtaken/intervention | 0           |
|    collision_boundary           | 0.0667      |
|    collision_obstacle           | 0.0333      |
|    collision_rate               | 0.258       |
|    collision_target             | 0.158       |
|    crossing/collision           | 0.75        |
|    crossing/colregs             | -27.2       |
|    crossing/goal                | 0.25        |
|    crossing/intervention        | 0.1         |
|    episodes                     | 120         |
|    estops_per_episode           | 0.0583      |
|    eval_wall_s                  | 158         |
|    goal_rate                    | 0.742       |
|    head_on/collision            | 0.15        |
|    head_on/colregs              | -22.2       |
|    head_on/goal                 | 0.85        |
|    head_on/intervention         | 0.15        |
|    intervention_rate            | 0.0417      |
|    mean_colregs_integral        | -19.7       |
|    mean_return                  | -54.6       |
|    no_target/collision          | 0.15        |
|    no_target/colregs            | 0           |
|    no_target/goal               | 0.85        |
|    no_target/intervention       | 0           |
|    null/collision               | 0.2         |
|    null/colregs                 | -6.58       |
|    null/goal                    | 0.8         |
|    null/intervention            | 0           |
|    overtaking/collision         | 0           |
|    overtaking/colregs           | -40.4       |
|    overtaking/goal              | 1           |
|    overtaking/intervention      | 0           |
|    timeout_rate                 | 0           |
|    timesteps                    | 1400000     |
| rollout/                        |             |
|    ep_len_mean                  | 47.1        |
|    ep_rew_mean                  | -103        |
| time/                           |             |
|    fps                          | 51          |
|    iterations                   | 274         |
|    time_elapsed                 | 27458       |
|    total_timesteps              | 1402880     |
| train/                          |             |
|    approx_kl                    | 0.029349366 |
|    clip_fraction                | 0.204       |
|    clip_range                   | 0.2         |
|    entropy_loss                 | -1.32       |
|    explained_variance           | 0.828       |
|    learning_rate                | 0.0003      |
|    loss                         | 0.357       |
|    n_updates                    | 2046        |
|    policy_gradient_loss         | -3.05e-05   |
|    std                          | 0.469       |
|    value_loss                   | 0.741       |
-------------------------------------------------
Early stopping at step 7 due to reaching max kl: 0.05
----------------------------------------
| rollout/                |            |
|    ep_len_mean          | 48.9       |
|    ep_rew_mean          | -90.8      |
| time/                   |            |
|    fps                  | 51         |
|    iterations           | 275        |
|    time_elapsed         | 27550      |
|    total_timesteps      | 1408000    |
| train/                  |            |
|    approx_kl            | 0.04010994 |
|    clip_fraction        | 0.244      |
|    clip_range           | 0.2        |
|    entropy_loss         | -1.32      |
|    explained_variance   | 0.803      |
|    learning_rate        | 0.0003     |
|    loss                 | 0.217      |
|    n_updates            | 2054       |
|    policy_gradient_loss | -0.0191    |
|    std                  | 0.467      |
|    value_loss           | 0.785      |
----------------------------------------
Early stopping at step 7 due to reaching max kl: 0.05
-----------------------------------------
| rollout/                |             |
|    ep_len_mean          | 45.6        |
|    ep_rew_mean          | -120        |
| time/                   |             |
|    fps                  | 51          |
|    iterations           | 276         |
|    time_elapsed         | 27646       |
|    total_timesteps      | 1413120     |
| train/                  |             |
|    approx_kl            | 0.039937325 |
|    clip_fraction        | 0.264       |
|    clip_range           | 0.2         |
|    entropy_loss         | -1.31       |
|    explained_variance   | 0.817       |
|    learning_rate        | 0.0003      |
|    loss                 | 0.264       |
|    n_updates            | 2062        |
|    policy_gradient_loss | -0.018      |
|    std                  | 0.464       |
|    value_loss           | 0.787       |
-----------------------------------------
Early stopping at step 4 due to reaching max kl: 0.05
-----------------------------------------
| rollout/                |             |
|    ep_len_mean          | 45.9        |
|    ep_rew_mean          | -108        |
| time/                   |             |
|    fps                  | 51          |
|    iterations           | 277         |
|    time_elapsed         | 27743       |
|    total_timesteps      | 1418240     |
| train/                  |             |
|    approx_kl            | 0.034151223 |
|    clip_fraction        | 0.235       |
|    clip_range           | 0.2         |
|    entropy_loss         | -1.3        |
|    explained_variance   | 0.851       |
|    learning_rate        | 0.0003      |
|    loss                 | 0.293       |
|    n_updates            | 2067        |
|    policy_gradient_loss | -0.0144     |
|    std                  | 0.464       |
|    value_loss           | 0.881       |
-----------------------------------------
Early stopping at step 0 due to reaching max kl: 0.05
-----------------------------------------
| rollout/                |             |
|    ep_len_mean          | 46.3        |
|    ep_rew_mean          | -145        |
| time/                   |             |
|    fps                  | 51          |
|    iterations           | 278         |
|    time_elapsed         | 27839       |
|    total_timesteps      | 1423360     |
| train/                  |             |
|    approx_kl            | 0.017752472 |
|    clip_fraction        | 0.199       |
|    clip_range           | 0.2         |
|    entropy_loss         | -1.3        |
|    explained_variance   | 0.854       |
|    learning_rate        | 0.0003      |
|    loss                 | 0.455       |
|    n_updates            | 2068        |
|    policy_gradient_loss | 0.0144      |
|    std                  | 0.463       |
|    value_loss           | 1.04        |
-----------------------------------------
Early stopping at step 2 due to reaching max kl: 0.05
-----------------------------------------
| rollout/                |             |
|    ep_len_mean          | 45.8        |
|    ep_rew_mean          | -137        |
| time/                   |             |
|    fps                  | 51          |
|    iterations           | 279         |
|    time_elapsed         | 27937       |
|    total_timesteps      | 1428480     |
| train/                  |             |
|    approx_kl            | 0.039300196 |
|    clip_fraction        | 0.208       |
|    clip_range           | 0.2         |
|    entropy_loss         | -1.3        |
|    explained_variance   | 0.842       |
|    learning_rate        | 0.0003      |
|    loss                 | 0.47        |
|    n_updates            | 2071        |
|    policy_gradient_loss | 0.000408    |
|    std                  | 0.464       |
|    value_loss           | 1.1         |
-----------------------------------------
Early stopping at step 2 due to reaching max kl: 0.05
-----------------------------------------
| rollout/                |             |
|    ep_len_mean          | 47.3        |
|    ep_rew_mean          | -102        |
| time/                   |             |
|    fps                  | 51          |
|    iterations           | 280         |
|    time_elapsed         | 28032       |
|    total_timesteps      | 1433600     |
| train/                  |             |
|    approx_kl            | 0.052799467 |
|    clip_fraction        | 0.205       |
|    clip_range           | 0.2         |
|    entropy_loss         | -1.3        |
|    explained_variance   | 0.869       |
|    learning_rate        | 0.0003      |
|    loss                 | 0.304       |
|    n_updates            | 2074        |
|    policy_gradient_loss | 0.00425     |
|    std                  | 0.464       |
|    value_loss           | 0.925       |
-----------------------------------------
Early stopping at step 2 due to reaching max kl: 0.05
-----------------------------------------
| rollout/                |             |
|    ep_len_mean          | 48          |
|    ep_rew_mean          | -121        |
| time/                   |             |
|    fps                  | 51          |
|    iterations           | 281         |
|    time_elapsed         | 28123       |
|    total_timesteps      | 1438720     |
| train/                  |             |
|    approx_kl            | 0.029582025 |
|    clip_fraction        | 0.247       |
|    clip_range           | 0.2         |
|    entropy_loss         | -1.3        |
|    explained_variance   | 0.863       |
|    learning_rate        | 0.0003      |
|    loss                 | 0.298       |
|    n_updates            | 2077        |
|    policy_gradient_loss | 0.00172     |
|    std                  | 0.464       |
|    value_loss           | 0.794       |
-----------------------------------------
Early stopping at step 3 due to reaching max kl: 0.05
----------------------------------------
| rollout/                |            |
|    ep_len_mean          | 47.2       |
|    ep_rew_mean          | -115       |
| time/                   |            |
|    fps                  | 51         |
|    iterations           | 282        |
|    time_elapsed         | 28225      |
|    total_timesteps      | 1443840    |
| train/                  |            |
|    approx_kl            | 0.03324104 |
|    clip_fraction        | 0.213      |
|    clip_range           | 0.2        |
|    entropy_loss         | -1.3       |
|    explained_variance   | 0.833      |
|    learning_rate        | 0.0003     |
|    loss                 | 0.364      |
|    n_updates            | 2081       |
|    policy_gradient_loss | -0.00749   |
|    std                  | 0.463      |
|    value_loss           | 0.866      |
----------------------------------------
Early stopping at step 4 due to reaching max kl: 0.05
-----------------------------------------
| rollout/                |             |
|    ep_len_mean          | 48.6        |
|    ep_rew_mean          | -129        |
| time/                   |             |
|    fps                  | 51          |
|    iterations           | 283         |
|    time_elapsed         | 28319       |
|    total_timesteps      | 1448960     |
| train/                  |             |
|    approx_kl            | 0.039855324 |
|    clip_fraction        | 0.228       |
|    clip_range           | 0.2         |
|    entropy_loss         | -1.3        |
|    explained_variance   | 0.829       |
|    learning_rate        | 0.0003      |
|    loss                 | 0.255       |
|    n_updates            | 2086        |
|    policy_gradient_loss | -0.0051     |
|    std                  | 0.464       |
|    value_loss           | 0.882       |
-----------------------------------------
Early stopping at step 3 due to reaching max kl: 0.05
---------------------------------------
| rollout/                |           |
|    ep_len_mean          | 47.4      |
|    ep_rew_mean          | -119      |
| time/                   |           |
|    fps                  | 51        |
|    iterations           | 284       |
|    time_elapsed         | 28414     |
|    total_timesteps      | 1454080   |
| train/                  |           |
|    approx_kl            | 0.0348247 |
|    clip_fraction        | 0.26      |
|    clip_range           | 0.2       |
|    entropy_loss         | -1.3      |
|    explained_variance   | 0.802     |
|    learning_rate        | 0.0003    |
|    loss                 | 0.484     |
|    n_updates            | 2090      |
|    policy_gradient_loss | -0.00824  |
|    std                  | 0.464     |
|    value_loss           | 1.07      |
---------------------------------------
Early stopping at step 5 due to reaching max kl: 0.05
-----------------------------------------
| rollout/                |             |
|    ep_len_mean          | 47.8        |
|    ep_rew_mean          | -141        |
| time/                   |             |
|    fps                  | 51          |
|    iterations           | 285         |
|    time_elapsed         | 28504       |
|    total_timesteps      | 1459200     |
| train/                  |             |
|    approx_kl            | 0.036593493 |
|    clip_fraction        | 0.277       |
|    clip_range           | 0.2         |
|    entropy_loss         | -1.3        |
|    explained_variance   | 0.795       |
|    learning_rate        | 0.0003      |
|    loss                 | 0.384       |
|    n_updates            | 2096        |
|    policy_gradient_loss | -0.0104     |
|    std                  | 0.463       |
|    value_loss           | 0.987       |
-----------------------------------------
Early stopping at step 2 due to reaching max kl: 0.06
-----------------------------------------
| rollout/                |             |
|    ep_len_mean          | 50          |
|    ep_rew_mean          | -85.1       |
| time/                   |             |
|    fps                  | 51          |
|    iterations           | 286         |
|    time_elapsed         | 28597       |
|    total_timesteps      | 1464320     |
| train/                  |             |
|    approx_kl            | 0.038285177 |
|    clip_fraction        | 0.227       |
|    clip_range           | 0.2         |
|    entropy_loss         | -1.3        |
|    explained_variance   | 0.796       |
|    learning_rate        | 0.0003      |
|    loss                 | 0.427       |
|    n_updates            | 2099        |
|    policy_gradient_loss | -0.001      |
|    std                  | 0.463       |
|    value_loss           | 1.2         |
-----------------------------------------
Early stopping at step 2 due to reaching max kl: 0.05
-----------------------------------------
| rollout/                |             |
|    ep_len_mean          | 48.2        |
|    ep_rew_mean          | -84.8       |
| time/                   |             |
|    fps                  | 51          |
|    iterations           | 287         |
|    time_elapsed         | 28706       |
|    total_timesteps      | 1469440     |
| train/                  |             |
|    approx_kl            | 0.032918673 |
|    clip_fraction        | 0.202       |
|    clip_range           | 0.2         |
|    entropy_loss         | -1.3        |
|    explained_variance   | 0.813       |
|    learning_rate        | 0.0003      |
|    loss                 | 0.309       |
|    n_updates            | 2102        |
|    policy_gradient_loss | 0.000995    |
|    std                  | 0.463       |
|    value_loss           | 0.878       |
-----------------------------------------
Early stopping at step 6 due to reaching max kl: 0.06
-----------------------------------------
| rollout/                |             |
|    ep_len_mean          | 47          |
|    ep_rew_mean          | -124        |
| time/                   |             |
|    fps                  | 51          |
|    iterations           | 288         |
|    time_elapsed         | 28808       |
|    total_timesteps      | 1474560     |
| train/                  |             |
|    approx_kl            | 0.039862163 |
|    clip_fraction        | 0.262       |
|    clip_range           | 0.2         |
|    entropy_loss         | -1.3        |
|    explained_variance   | 0.859       |
|    learning_rate        | 0.0003      |
|    loss                 | 0.101       |
|    n_updates            | 2109        |
|    policy_gradient_loss | -0.0164     |
|    std                  | 0.464       |
|    value_loss           | 0.488       |
-----------------------------------------
Early stopping at step 2 due to reaching max kl: 0.05
-----------------------------------------
| rollout/                |             |
|    ep_len_mean          | 50.2        |
|    ep_rew_mean          | -97.9       |
| time/                   |             |
|    fps                  | 51          |
|    iterations           | 289         |
|    time_elapsed         | 28898       |
|    total_timesteps      | 1479680     |
| train/                  |             |
|    approx_kl            | 0.032408975 |
|    clip_fraction        | 0.215       |
|    clip_range           | 0.2         |
|    entropy_loss         | -1.3        |
|    explained_variance   | 0.838       |
|    learning_rate        | 0.0003      |
|    loss                 | 0.351       |
|    n_updates            | 2112        |
|    policy_gradient_loss | -0.000633   |
|    std                  | 0.464       |
|    value_loss           | 0.85        |
-----------------------------------------
Early stopping at step 4 due to reaching max kl: 0.05
----------------------------------------
| rollout/                |            |
|    ep_len_mean          | 51.2       |
|    ep_rew_mean          | -85.3      |
| time/                   |            |
|    fps                  | 51         |
|    iterations           | 290        |
|    time_elapsed         | 28997      |
|    total_timesteps      | 1484800    |
| train/                  |            |
|    approx_kl            | 0.05110263 |
|    clip_fraction        | 0.241      |
|    clip_range           | 0.2        |
|    entropy_loss         | -1.3       |
|    explained_variance   | 0.799      |
|    learning_rate        | 0.0003     |
|    loss                 | 0.352      |
|    n_updates            | 2117       |
|    policy_gradient_loss | -0.00605   |
|    std                  | 0.464      |
|    value_loss           | 0.847      |
----------------------------------------
Early stopping at step 6 due to reaching max kl: 0.05
-----------------------------------------
| rollout/                |             |
|    ep_len_mean          | 47.9        |
|    ep_rew_mean          | -126        |
| time/                   |             |
|    fps                  | 51          |
|    iterations           | 291         |
|    time_elapsed         | 29096       |
|    total_timesteps      | 1489920     |
| train/                  |             |
|    approx_kl            | 0.041654453 |
|    clip_fraction        | 0.252       |
|    clip_range           | 0.2         |
|    entropy_loss         | -1.3        |
|    explained_variance   | 0.828       |
|    learning_rate        | 0.0003      |
|    loss                 | 0.198       |
|    n_updates            | 2124        |
|    policy_gradient_loss | -0.0154     |
|    std                  | 0.463       |
|    value_loss           | 0.675       |
-----------------------------------------
Early stopping at step 1 due to reaching max kl: 0.05
-----------------------------------------
| rollout/                |             |
|    ep_len_mean          | 49.1        |
|    ep_rew_mean          | -81.4       |
| time/                   |             |
|    fps                  | 51          |
|    iterations           | 292         |
|    time_elapsed         | 29194       |
|    total_timesteps      | 1495040     |
| train/                  |             |
|    approx_kl            | 0.027414417 |
|    clip_fraction        | 0.161       |
|    clip_range           | 0.2         |
|    entropy_loss         | -1.3        |
|    explained_variance   | 0.763       |
|    learning_rate        | 0.0003      |
|    loss                 | 0.539       |
|    n_updates            | 2126        |
|    policy_gradient_loss | 0.00445     |
|    std                  | 0.463       |
|    value_loss           | 1.37        |
-----------------------------------------
Early stopping at step 2 due to reaching max kl: 0.05
-----------------------------------------
| rollout/                |             |
|    ep_len_mean          | 48.6        |
|    ep_rew_mean          | -123        |
| time/                   |             |
|    fps                  | 51          |
|    iterations           | 293         |
|    time_elapsed         | 29297       |
|    total_timesteps      | 1500160     |
| train/                  |             |
|    approx_kl            | 0.027081657 |
|    clip_fraction        | 0.198       |
|    clip_range           | 0.2         |
|    entropy_loss         | -1.3        |
|    explained_variance   | 0.768       |
|    learning_rate        | 0.0003      |
|    loss                 | 0.395       |
|    n_updates            | 2129        |
|    policy_gradient_loss | -0.00237    |
|    std                  | 0.462       |
|    value_loss           | 1.06        |
-----------------------------------------
Early stopping at step 2 due to reaching max kl: 0.05
----------------------------------------
| rollout/                |            |
|    ep_len_mean          | 48.5       |
|    ep_rew_mean          | -99.9      |
| time/                   |            |
|    fps                  | 51         |
|    iterations           | 294        |
|    time_elapsed         | 29403      |
|    total_timesteps      | 1505280    |
| train/                  |            |
|    approx_kl            | 0.03924856 |
|    clip_fraction        | 0.213      |
|    clip_range           | 0.2        |
|    entropy_loss         | -1.29      |
|    explained_variance   | 0.806      |
|    learning_rate        | 0.0003     |
|    loss                 | 0.531      |
|    n_updates            | 2132       |
|    policy_gradient_loss | 0.00139    |
|    std                  | 0.462      |
|    value_loss           | 1.05       |
----------------------------------------
Early stopping at step 1 due to reaching max kl: 0.05
-----------------------------------------
| rollout/                |             |
|    ep_len_mean          | 47.8        |
|    ep_rew_mean          | -133        |
| time/                   |             |
|    fps                  | 51          |
|    iterations           | 295         |
|    time_elapsed         | 29506       |
|    total_timesteps      | 1510400     |
| train/                  |             |
|    approx_kl            | 0.032109626 |
|    clip_fraction        | 0.203       |
|    clip_range           | 0.2         |
|    entropy_loss         | -1.29       |
|    explained_variance   | 0.829       |
|    learning_rate        | 0.0003      |
|    loss                 | 0.353       |
|    n_updates            | 2134        |
|    policy_gradient_loss | 0.0015      |
|    std                  | 0.462       |
|    value_loss           | 0.912       |
-----------------------------------------
Early stopping at step 2 due to reaching max kl: 0.05
-----------------------------------------
| rollout/                |             |
|    ep_len_mean          | 46.2        |
|    ep_rew_mean          | -134        |
| time/                   |             |
|    fps                  | 51          |
|    iterations           | 296         |
|    time_elapsed         | 29596       |
|    total_timesteps      | 1515520     |
| train/                  |             |
|    approx_kl            | 0.036417816 |
|    clip_fraction        | 0.218       |
|    clip_range           | 0.2         |
|    entropy_loss         | -1.29       |
|    explained_variance   | 0.819       |
|    learning_rate        | 0.0003      |
|    loss                 | 0.254       |
|    n_updates            | 2137        |
|    policy_gradient_loss | -0.00333    |
|    std                  | 0.462       |
|    value_loss           | 0.99        |
-----------------------------------------
Early stopping at step 1 due to reaching max kl: 0.05
-----------------------------------------
| rollout/                |             |
|    ep_len_mean          | 47.6        |
|    ep_rew_mean          | -107        |
| time/                   |             |
|    fps                  | 51          |
|    iterations           | 297         |
|    time_elapsed         | 29685       |
|    total_timesteps      | 1520640     |
| train/                  |             |
|    approx_kl            | 0.033751976 |
|    clip_fraction        | 0.203       |
|    clip_range           | 0.2         |
|    entropy_loss         | -1.29       |
|    explained_variance   | 0.806       |
|    learning_rate        | 0.0003      |
|    loss                 | 0.562       |
|    n_updates            | 2139        |
|    policy_gradient_loss | 0.00652     |
|    std                  | 0.461       |
|    value_loss           | 1.17        |
-----------------------------------------
Early stopping at step 2 due to reaching max kl: 0.05
----------------------------------------
| rollout/                |            |
|    ep_len_mean          | 46.3       |
|    ep_rew_mean          | -108       |
| time/                   |            |
|    fps                  | 51         |
|    iterations           | 298        |
|    time_elapsed         | 29776      |
|    total_timesteps      | 1525760    |
| train/                  |            |
|    approx_kl            | 0.03209917 |
|    clip_fraction        | 0.215      |
|    clip_range           | 0.2        |
|    entropy_loss         | -1.29      |
|    explained_variance   | 0.845      |
|    learning_rate        | 0.0003     |
|    loss                 | 0.274      |
|    n_updates            | 2142       |
|    policy_gradient_loss | -0.00209   |
|    std                  | 0.461      |
|    value_loss           | 0.808      |
----------------------------------------
Early stopping at step 1 due to reaching max kl: 0.05
-----------------------------------------
| rollout/                |             |
|    ep_len_mean          | 43          |
|    ep_rew_mean          | -169        |
| time/                   |             |
|    fps                  | 51          |
|    iterations           | 299         |
|    time_elapsed         | 29870       |
|    total_timesteps      | 1530880     |
| train/                  |             |
|    approx_kl            | 0.030595865 |
|    clip_fraction        | 0.2         |
|    clip_range           | 0.2         |
|    entropy_loss         | -1.29       |
|    explained_variance   | 0.822       |
|    learning_rate        | 0.0003      |
|    loss                 | 0.442       |
|    n_updates            | 2144        |
|    policy_gradient_loss | 0.00811     |
|    std                  | 0.461       |
|    value_loss           | 1.03        |
-----------------------------------------
Early stopping at step 7 due to reaching max kl: 0.05
-----------------------------------------
| rollout/                |             |
|    ep_len_mean          | 46.6        |
|    ep_rew_mean          | -101        |
| time/                   |             |
|    fps                  | 51          |
|    iterations           | 300         |
|    time_elapsed         | 29963       |
|    total_timesteps      | 1536000     |
| train/                  |             |
|    approx_kl            | 0.046292555 |
|    clip_fraction        | 0.261       |
|    clip_range           | 0.2         |
|    entropy_loss         | -1.29       |
|    explained_variance   | 0.805       |
|    learning_rate        | 0.0003      |
|    loss                 | 0.416       |
|    n_updates            | 2152        |
|    policy_gradient_loss | -0.0161     |
|    std                  | 0.461       |
|    value_loss           | 1.02        |
-----------------------------------------
Early stopping at step 3 due to reaching max kl: 0.05
-----------------------------------------
| rollout/                |             |
|    ep_len_mean          | 47.5        |
|    ep_rew_mean          | -106        |
| time/                   |             |
|    fps                  | 51          |
|    iterations           | 301         |
|    time_elapsed         | 30059       |
|    total_timesteps      | 1541120     |
| train/                  |             |
|    approx_kl            | 0.038277652 |
|    clip_fraction        | 0.203       |
|    clip_range           | 0.2         |
|    entropy_loss         | -1.29       |
|    explained_variance   | 0.85        |
|    learning_rate        | 0.0003      |
|    loss                 | 0.355       |
|    n_updates            | 2156        |
|    policy_gradient_loss | -0.00644    |
|    std                  | 0.462       |
|    value_loss           | 0.725       |
-----------------------------------------
Early stopping at step 2 due to reaching max kl: 0.05
-----------------------------------------
| rollout/                |             |
|    ep_len_mean          | 43.8        |
|    ep_rew_mean          | -120        |
| time/                   |             |
|    fps                  | 51          |
|    iterations           | 302         |
|    time_elapsed         | 30149       |
|    total_timesteps      | 1546240     |
| train/                  |             |
|    approx_kl            | 0.036492646 |
|    clip_fraction        | 0.233       |
|    clip_range           | 0.2         |
|    entropy_loss         | -1.29       |
|    explained_variance   | 0.811       |
|    learning_rate        | 0.0003      |
|    loss                 | 0.361       |
|    n_updates            | 2159        |
|    policy_gradient_loss | -0.00565    |
|    std                  | 0.461       |
|    value_loss           | 0.991       |
-----------------------------------------
Early stopping at step 3 due to reaching max kl: 0.05
-----------------------------------------
| rollout/                |             |
|    ep_len_mean          | 42.5        |
|    ep_rew_mean          | -144        |
| time/                   |             |
|    fps                  | 51          |
|    iterations           | 303         |
|    time_elapsed         | 30241       |
|    total_timesteps      | 1551360     |
| train/                  |             |
|    approx_kl            | 0.040507294 |
|    clip_fraction        | 0.239       |
|    clip_range           | 0.2         |
|    entropy_loss         | -1.29       |
|    explained_variance   | 0.759       |
|    learning_rate        | 0.0003      |
|    loss                 | 0.494       |
|    n_updates            | 2163        |
|    policy_gradient_loss | -0.00441    |
|    std                  | 0.462       |
|    value_loss           | 1.14        |
-----------------------------------------
Early stopping at step 5 due to reaching max kl: 0.05
-----------------------------------------
| rollout/                |             |
|    ep_len_mean          | 44.4        |
|    ep_rew_mean          | -107        |
| time/                   |             |
|    fps                  | 51          |
|    iterations           | 304         |
|    time_elapsed         | 30333       |
|    total_timesteps      | 1556480     |
| train/                  |             |
|    approx_kl            | 0.036742117 |
|    clip_fraction        | 0.22        |
|    clip_range           | 0.2         |
|    entropy_loss         | -1.3        |
|    explained_variance   | 0.842       |
|    learning_rate        | 0.0003      |
|    loss                 | 0.265       |
|    n_updates            | 2169        |
|    policy_gradient_loss | -0.0157     |
|    std                  | 0.465       |
|    value_loss           | 0.878       |
-----------------------------------------
Early stopping at step 1 due to reaching max kl: 0.05
-----------------------------------------
| rollout/                |             |
|    ep_len_mean          | 45          |
|    ep_rew_mean          | -132        |
| time/                   |             |
|    fps                  | 51          |
|    iterations           | 305         |
|    time_elapsed         | 30423       |
|    total_timesteps      | 1561600     |
| train/                  |             |
|    approx_kl            | 0.023083448 |
|    clip_fraction        | 0.19        |
|    clip_range           | 0.2         |
|    entropy_loss         | -1.31       |
|    explained_variance   | 0.83        |
|    learning_rate        | 0.0003      |
|    loss                 | 0.375       |
|    n_updates            | 2171        |
|    policy_gradient_loss | 0.00632     |
|    std                  | 0.465       |
|    value_loss           | 0.975       |
-----------------------------------------
Early stopping at step 1 due to reaching max kl: 0.05
-----------------------------------------
| rollout/                |             |
|    ep_len_mean          | 43.4        |
|    ep_rew_mean          | -113        |
| time/                   |             |
|    fps                  | 51          |
|    iterations           | 306         |
|    time_elapsed         | 30512       |
|    total_timesteps      | 1566720     |
| train/                  |             |
|    approx_kl            | 0.027763402 |
|    clip_fraction        | 0.184       |
|    clip_range           | 0.2         |
|    entropy_loss         | -1.31       |
|    explained_variance   | 0.773       |
|    learning_rate        | 0.0003      |
|    loss                 | 0.48        |
|    n_updates            | 2173        |
|    policy_gradient_loss | 0.000542    |
|    std                  | 0.465       |
|    value_loss           | 1.3         |
-----------------------------------------
Early stopping at step 1 due to reaching max kl: 0.06
----------------------------------------
| rollout/                |            |
|    ep_len_mean          | 45.1       |
|    ep_rew_mean          | -107       |
| time/                   |            |
|    fps                  | 51         |
|    iterations           | 307        |
|    time_elapsed         | 30607      |
|    total_timesteps      | 1571840    |
| train/                  |            |
|    approx_kl            | 0.03482806 |
|    clip_fraction        | 0.207      |
|    clip_range           | 0.2        |
|    entropy_loss         | -1.31      |
|    explained_variance   | 0.797      |
|    learning_rate        | 0.0003     |
|    loss                 | 0.435      |
|    n_updates            | 2175       |
|    policy_gradient_loss | 0.00457    |
|    std                  | 0.466      |
|    value_loss           | 1.22       |
----------------------------------------
Early stopping at step 2 due to reaching max kl: 0.06
-----------------------------------------
| rollout/                |             |
|    ep_len_mean          | 45.7        |
|    ep_rew_mean          | -105        |
| time/                   |             |
|    fps                  | 51          |
|    iterations           | 308         |
|    time_elapsed         | 30700       |
|    total_timesteps      | 1576960     |
| train/                  |             |
|    approx_kl            | 0.059311874 |
|    clip_fraction        | 0.213       |
|    clip_range           | 0.2         |
|    entropy_loss         | -1.31       |
|    explained_variance   | 0.809       |
|    learning_rate        | 0.0003      |
|    loss                 | 0.387       |
|    n_updates            | 2178        |
|    policy_gradient_loss | 0.0031      |
|    std                  | 0.466       |
|    value_loss           | 1.07        |
-----------------------------------------
Early stopping at step 3 due to reaching max kl: 0.05
----------------------------------------
| rollout/                |            |
|    ep_len_mean          | 47.8       |
|    ep_rew_mean          | -72.1      |
| time/                   |            |
|    fps                  | 51         |
|    iterations           | 309        |
|    time_elapsed         | 30793      |
|    total_timesteps      | 1582080    |
| train/                  |            |
|    approx_kl            | 0.03732711 |
|    clip_fraction        | 0.233      |
|    clip_range           | 0.2        |
|    entropy_loss         | -1.31      |
|    explained_variance   | 0.785      |
|    learning_rate        | 0.0003     |
|    loss                 | 0.362      |
|    n_updates            | 2182       |
|    policy_gradient_loss | -0.00558   |
|    std                  | 0.465      |
|    value_loss           | 1.02       |
----------------------------------------
Early stopping at step 3 due to reaching max kl: 0.05
-----------------------------------------
| rollout/                |             |
|    ep_len_mean          | 45.5        |
|    ep_rew_mean          | -99.8       |
| time/                   |             |
|    fps                  | 51          |
|    iterations           | 310         |
|    time_elapsed         | 30887       |
|    total_timesteps      | 1587200     |
| train/                  |             |
|    approx_kl            | 0.036587417 |
|    clip_fraction        | 0.248       |
|    clip_range           | 0.2         |
|    entropy_loss         | -1.31       |
|    explained_variance   | 0.774       |
|    learning_rate        | 0.0003      |
|    loss                 | 0.316       |
|    n_updates            | 2186        |
|    policy_gradient_loss | -0.000293   |
|    std                  | 0.465       |
|    value_loss           | 1.01        |
-----------------------------------------
Early stopping at step 2 due to reaching max kl: 0.06
-----------------------------------------
| rollout/                |             |
|    ep_len_mean          | 43.9        |
|    ep_rew_mean          | -138        |
| time/                   |             |
|    fps                  | 51          |
|    iterations           | 311         |
|    time_elapsed         | 30987       |
|    total_timesteps      | 1592320     |
| train/                  |             |
|    approx_kl            | 0.036815673 |
|    clip_fraction        | 0.196       |
|    clip_range           | 0.2         |
|    entropy_loss         | -1.31       |
|    explained_variance   | 0.805       |
|    learning_rate        | 0.0003      |
|    loss                 | 0.412       |
|    n_updates            | 2189        |
|    policy_gradient_loss | -0.0061     |
|    std                  | 0.466       |
|    value_loss           | 0.894       |
-----------------------------------------
Early stopping at step 2 due to reaching max kl: 0.05
-----------------------------------------
| rollout/                |             |
|    ep_len_mean          | 45.3        |
|    ep_rew_mean          | -121        |
| time/                   |             |
|    fps                  | 51          |
|    iterations           | 312         |
|    time_elapsed         | 31087       |
|    total_timesteps      | 1597440     |
| train/                  |             |
|    approx_kl            | 0.032166123 |
|    clip_fraction        | 0.244       |
|    clip_range           | 0.2         |
|    entropy_loss         | -1.31       |
|    explained_variance   | 0.798       |
|    learning_rate        | 0.0003      |
|    loss                 | 0.3         |
|    n_updates            | 2192        |
|    policy_gradient_loss | -0.00322    |
|    std                  | 0.466       |
|    value_loss           | 1.07        |
-----------------------------------------
Early stopping at step 1 due to reaching max kl: 0.05
[EVAL] t=1,600,000 supervisor off goal 0.72 collision 0.28 timeout 0.00 return -56.7 colregs -20.2 intervention 0.00 (155.9 s)
[EVAL] t=1,600,000 supervisor on goal 0.72 collision 0.28 timeout 0.00 return -58.6 colregs -19.8 intervention 0.04 (156.7 s)
-------------------------------------------------
| eval_supervisor_off/            |             |
|    being_overtaken/collision    | 0.4         |
|    being_overtaken/colregs      | -25.8       |
|    being_overtaken/goal         | 0.6         |
|    being_overtaken/intervention | 0           |
|    collision_boundary           | 0.025       |
|    collision_obstacle           | 0.075       |
|    collision_rate               | 0.283       |
|    collision_target             | 0.183       |
|    crossing/collision           | 0.8         |
|    crossing/colregs             | -28.9       |
|    crossing/goal                | 0.2         |
|    crossing/intervention        | 0           |
|    episodes                     | 120         |
|    estops_per_episode           | 0           |
|    eval_wall_s                  | 156         |
|    goal_rate                    | 0.717       |
|    head_on/collision            | 0.15        |
|    head_on/colregs              | -21.2       |
|    head_on/goal                 | 0.85        |
|    head_on/intervention         | 0           |
|    intervention_rate            | 0           |
|    mean_colregs_integral        | -20.2       |
|    mean_return                  | -56.7       |
|    no_target/collision          | 0.1         |
|    no_target/colregs            | 0           |
|    no_target/goal               | 0.9         |
|    no_target/intervention       | 0           |
|    null/collision               | 0.2         |
|    null/colregs                 | -9.35       |
|    null/goal                    | 0.8         |
|    null/intervention            | 0           |
|    overtaking/collision         | 0.05        |
|    overtaking/colregs           | -36         |
|    overtaking/goal              | 0.95        |
|    overtaking/intervention      | 0           |
|    timeout_rate                 | 0           |
|    timesteps                    | 1600000     |
| eval_supervisor_on/             |             |
|    being_overtaken/collision    | 0.4         |
|    being_overtaken/colregs      | -25.8       |
|    being_overtaken/goal         | 0.6         |
|    being_overtaken/intervention | 0           |
|    collision_boundary           | 0.025       |
|    collision_obstacle           | 0.075       |
|    collision_rate               | 0.283       |
|    collision_target             | 0.183       |
|    crossing/collision           | 0.8         |
|    crossing/colregs             | -26.4       |
|    crossing/goal                | 0.2         |
|    crossing/intervention        | 0.2         |
|    episodes                     | 120         |
|    estops_per_episode           | 0.0417      |
|    eval_wall_s                  | 157         |
|    goal_rate                    | 0.717       |
|    head_on/collision            | 0.15        |
|    head_on/colregs              | -21.1       |
|    head_on/goal                 | 0.85        |
|    head_on/intervention         | 0.05        |
|    intervention_rate            | 0.0417      |
|    mean_colregs_integral        | -19.8       |
|    mean_return                  | -58.6       |
|    no_target/collision          | 0.1         |
|    no_target/colregs            | 0           |
|    no_target/goal               | 0.9         |
|    no_target/intervention       | 0           |
|    null/collision               | 0.2         |
|    null/colregs                 | -9.35       |
|    null/goal                    | 0.8         |
|    null/intervention            | 0           |
|    overtaking/collision         | 0.05        |
|    overtaking/colregs           | -36         |
|    overtaking/goal              | 0.95        |
|    overtaking/intervention      | 0           |
|    timeout_rate                 | 0           |
|    timesteps                    | 1600000     |
| rollout/                        |             |
|    ep_len_mean                  | 44.9        |
|    ep_rew_mean                  | -118        |
| time/                           |             |
|    fps                          | 50          |
|    iterations                   | 313         |
|    time_elapsed                 | 31489       |
|    total_timesteps              | 1602560     |
| train/                          |             |
|    approx_kl                    | 0.025708307 |
|    clip_fraction                | 0.2         |
|    clip_range                   | 0.2         |
|    entropy_loss                 | -1.31       |
|    explained_variance           | 0.789       |
|    learning_rate                | 0.0003      |
|    loss                         | 0.448       |
|    n_updates                    | 2194        |
|    policy_gradient_loss         | 0.00462     |
|    std                          | 0.466       |
|    value_loss                   | 1.2         |
-------------------------------------------------
Early stopping at step 2 due to reaching max kl: 0.05
----------------------------------------
| rollout/                |            |
|    ep_len_mean          | 43.4       |
|    ep_rew_mean          | -127       |
| time/                   |            |
|    fps                  | 50         |
|    iterations           | 314        |
|    time_elapsed         | 31593      |
|    total_timesteps      | 1607680    |
| train/                  |            |
|    approx_kl            | 0.03558544 |
|    clip_fraction        | 0.23       |
|    clip_range           | 0.2        |
|    entropy_loss         | -1.31      |
|    explained_variance   | 0.745      |
|    learning_rate        | 0.0003     |
|    loss                 | 0.518      |
|    n_updates            | 2197       |
|    policy_gradient_loss | -0.000151  |
|    std                  | 0.466      |
|    value_loss           | 1.28       |
----------------------------------------
Early stopping at step 3 due to reaching max kl: 0.05
----------------------------------------
| rollout/                |            |
|    ep_len_mean          | 46.5       |
|    ep_rew_mean          | -97.2      |
| time/                   |            |
|    fps                  | 50         |
|    iterations           | 315        |
|    time_elapsed         | 31695      |
|    total_timesteps      | 1612800    |
| train/                  |            |
|    approx_kl            | 0.04915152 |
|    clip_fraction        | 0.247      |
|    clip_range           | 0.2        |
|    entropy_loss         | -1.31      |
|    explained_variance   | 0.754      |
|    learning_rate        | 0.0003     |
|    loss                 | 0.492      |
|    n_updates            | 2201       |
|    policy_gradient_loss | -0.00263   |
|    std                  | 0.467      |
|    value_loss           | 1.28       |
----------------------------------------
Early stopping at step 2 due to reaching max kl: 0.05
-----------------------------------------
| rollout/                |             |
|    ep_len_mean          | 45.1        |
|    ep_rew_mean          | -122        |
| time/                   |             |
|    fps                  | 50          |
|    iterations           | 316         |
|    time_elapsed         | 31791       |
|    total_timesteps      | 1617920     |
| train/                  |             |
|    approx_kl            | 0.032444224 |
|    clip_fraction        | 0.168       |
|    clip_range           | 0.2         |
|    entropy_loss         | -1.31       |
|    explained_variance   | 0.785       |
|    learning_rate        | 0.0003      |
|    loss                 | 0.489       |
|    n_updates            | 2204        |
|    policy_gradient_loss | -0.00792    |
|    std                  | 0.467       |
|    value_loss           | 1.05        |
-----------------------------------------
Early stopping at step 2 due to reaching max kl: 0.05
---------------------------------------
| rollout/                |           |
|    ep_len_mean          | 47.4      |
|    ep_rew_mean          | -86.4     |
| time/                   |           |
|    fps                  | 50        |
|    iterations           | 317       |
|    time_elapsed         | 31895     |
|    total_timesteps      | 1623040   |
| train/                  |           |
|    approx_kl            | 0.0341303 |
|    clip_fraction        | 0.252     |
|    clip_range           | 0.2       |
|    entropy_loss         | -1.32     |
|    explained_variance   | 0.792     |
|    learning_rate        | 0.0003    |
|    loss                 | 0.489     |
|    n_updates            | 2207      |
|    policy_gradient_loss | 0.000315  |
|    std                  | 0.467     |
|    value_loss           | 1.22      |
---------------------------------------
Early stopping at step 2 due to reaching max kl: 0.05
-----------------------------------------
| rollout/                |             |
|    ep_len_mean          | 46.8        |
|    ep_rew_mean          | -82.9       |
| time/                   |             |
|    fps                  | 50          |
|    iterations           | 318         |
|    time_elapsed         | 31986       |
|    total_timesteps      | 1628160     |
| train/                  |             |
|    approx_kl            | 0.041864537 |
|    clip_fraction        | 0.221       |
|    clip_range           | 0.2         |
|    entropy_loss         | -1.32       |
|    explained_variance   | 0.782       |
|    learning_rate        | 0.0003      |
|    loss                 | 0.301       |
|    n_updates            | 2210        |
|    policy_gradient_loss | 0.00171     |
|    std                  | 0.467       |
|    value_loss           | 0.958       |
-----------------------------------------
Early stopping at step 1 due to reaching max kl: 0.07
----------------------------------------
| rollout/                |            |
|    ep_len_mean          | 45.2       |
|    ep_rew_mean          | -120       |
| time/                   |            |
|    fps                  | 50         |
|    iterations           | 319        |
|    time_elapsed         | 32078      |
|    total_timesteps      | 1633280    |
| train/                  |            |
|    approx_kl            | 0.04587373 |
|    clip_fraction        | 0.195      |
|    clip_range           | 0.2        |
|    entropy_loss         | -1.32      |
|    explained_variance   | 0.81       |
|    learning_rate        | 0.0003     |
|    loss                 | 0.31       |
|    n_updates            | 2212       |
|    policy_gradient_loss | 0.00693    |
|    std                  | 0.468      |
|    value_loss           | 0.978      |
----------------------------------------
Early stopping at step 1 due to reaching max kl: 0.05
----------------------------------------
| rollout/                |            |
|    ep_len_mean          | 43.4       |
|    ep_rew_mean          | -121       |
| time/                   |            |
|    fps                  | 50         |
|    iterations           | 320        |
|    time_elapsed         | 32172      |
|    total_timesteps      | 1638400    |
| train/                  |            |
|    approx_kl            | 0.03966463 |
|    clip_fraction        | 0.201      |
|    clip_range           | 0.2        |
|    entropy_loss         | -1.32      |
|    explained_variance   | 0.825      |
|    learning_rate        | 0.0003     |
|    loss                 | 0.414      |
|    n_updates            | 2214       |
|    policy_gradient_loss | 0.013      |
|    std                  | 0.468      |
|    value_loss           | 1.06       |
----------------------------------------
Early stopping at step 0 due to reaching max kl: 0.05
-----------------------------------------
| rollout/                |             |
|    ep_len_mean          | 45.3        |
|    ep_rew_mean          | -81.3       |
| time/                   |             |
|    fps                  | 50          |
|    iterations           | 321         |
|    time_elapsed         | 32264       |
|    total_timesteps      | 1643520     |
| train/                  |             |
|    approx_kl            | 0.021259526 |
|    clip_fraction        | 0.225       |
|    clip_range           | 0.2         |
|    entropy_loss         | -1.32       |
|    explained_variance   | 0.812       |
|    learning_rate        | 0.0003      |
|    loss                 | 0.575       |
|    n_updates            | 2215        |
|    policy_gradient_loss | 0.0133      |
|    std                  | 0.467       |
|    value_loss           | 1.26        |
-----------------------------------------
Early stopping at step 3 due to reaching max kl: 0.05
----------------------------------------
| rollout/                |            |
|    ep_len_mean          | 43.7       |
|    ep_rew_mean          | -123       |
| time/                   |            |
|    fps                  | 50         |
|    iterations           | 322        |
|    time_elapsed         | 32352      |
|    total_timesteps      | 1648640    |
| train/                  |            |
|    approx_kl            | 0.04573819 |
|    clip_fraction        | 0.213      |
|    clip_range           | 0.2        |
|    entropy_loss         | -1.32      |
|    explained_variance   | 0.814      |
|    learning_rate        | 0.0003     |
|    loss                 | 0.241      |
|    n_updates            | 2219       |
|    policy_gradient_loss | -0.00119   |
|    std                  | 0.468      |
|    value_loss           | 0.764      |
----------------------------------------
Early stopping at step 3 due to reaching max kl: 0.05
-----------------------------------------
| rollout/                |             |
|    ep_len_mean          | 46.4        |
|    ep_rew_mean          | -81.5       |
| time/                   |             |
|    fps                  | 50          |
|    iterations           | 323         |
|    time_elapsed         | 32441       |
|    total_timesteps      | 1653760     |
| train/                  |             |
|    approx_kl            | 0.047958568 |
|    clip_fraction        | 0.235       |
|    clip_range           | 0.2         |
|    entropy_loss         | -1.32       |
|    explained_variance   | 0.774       |
|    learning_rate        | 0.0003      |
|    loss                 | 0.325       |
|    n_updates            | 2223        |
|    policy_gradient_loss | 0.000356    |
|    std                  | 0.467       |
|    value_loss           | 1.11        |
-----------------------------------------
Early stopping at step 1 due to reaching max kl: 0.05
----------------------------------------
| rollout/                |            |
|    ep_len_mean          | 44.4       |
|    ep_rew_mean          | -120       |
| time/                   |            |
|    fps                  | 50         |
|    iterations           | 324        |
|    time_elapsed         | 32538      |
|    total_timesteps      | 1658880    |
| train/                  |            |
|    approx_kl            | 0.03481083 |
|    clip_fraction        | 0.199      |
|    clip_range           | 0.2        |
|    entropy_loss         | -1.32      |
|    explained_variance   | 0.764      |
|    learning_rate        | 0.0003     |
|    loss                 | 0.431      |
|    n_updates            | 2225       |
|    policy_gradient_loss | 0.00019    |
|    std                  | 0.468      |
|    value_loss           | 1.08       |
----------------------------------------
Early stopping at step 2 due to reaching max kl: 0.05
-----------------------------------------
| rollout/                |             |
|    ep_len_mean          | 44.6        |
|    ep_rew_mean          | -119        |
| time/                   |             |
|    fps                  | 50          |
|    iterations           | 325         |
|    time_elapsed         | 32638       |
|    total_timesteps      | 1664000     |
| train/                  |             |
|    approx_kl            | 0.036060676 |
|    clip_fraction        | 0.224       |
|    clip_range           | 0.2         |
|    entropy_loss         | -1.32       |
|    explained_variance   | 0.795       |
|    learning_rate        | 0.0003      |
|    loss                 | 0.523       |
|    n_updates            | 2228        |
|    policy_gradient_loss | -0.0049     |
|    std                  | 0.467       |
|    value_loss           | 1.13        |
-----------------------------------------
Early stopping at step 2 due to reaching max kl: 0.05
----------------------------------------
| rollout/                |            |
|    ep_len_mean          | 44.1       |
|    ep_rew_mean          | -108       |
| time/                   |            |
|    fps                  | 50         |
|    iterations           | 326        |
|    time_elapsed         | 32733      |
|    total_timesteps      | 1669120    |
| train/                  |            |
|    approx_kl            | 0.03616287 |
|    clip_fraction        | 0.203      |
|    clip_range           | 0.2        |
|    entropy_loss         | -1.32      |
|    explained_variance   | 0.776      |
|    learning_rate        | 0.0003     |
|    loss                 | 0.523      |
|    n_updates            | 2231       |
|    policy_gradient_loss | -0.00388   |
|    std                  | 0.467      |
|    value_loss           | 1.23       |
----------------------------------------
Early stopping at step 2 due to reaching max kl: 0.05
-----------------------------------------
| rollout/                |             |
|    ep_len_mean          | 49.7        |
|    ep_rew_mean          | -60.5       |
| time/                   |             |
|    fps                  | 50          |
|    iterations           | 327         |
|    time_elapsed         | 32832       |
|    total_timesteps      | 1674240     |
| train/                  |             |
|    approx_kl            | 0.032982804 |
|    clip_fraction        | 0.204       |
|    clip_range           | 0.2         |
|    entropy_loss         | -1.32       |
|    explained_variance   | 0.849       |
|    learning_rate        | 0.0003      |
|    loss                 | 0.374       |
|    n_updates            | 2234        |
|    policy_gradient_loss | -0.00544    |
|    std                  | 0.468       |
|    value_loss           | 0.821       |
-----------------------------------------
Early stopping at step 5 due to reaching max kl: 0.05
-----------------------------------------
| rollout/                |             |
|    ep_len_mean          | 44.2        |
|    ep_rew_mean          | -118        |
| time/                   |             |
|    fps                  | 51          |
|    iterations           | 328         |
|    time_elapsed         | 32923       |
|    total_timesteps      | 1679360     |
| train/                  |             |
|    approx_kl            | 0.039242033 |
|    clip_fraction        | 0.27        |
|    clip_range           | 0.2         |
|    entropy_loss         | -1.31       |
|    explained_variance   | 0.815       |
|    learning_rate        | 0.0003      |
|    loss                 | 0.145       |
|    n_updates            | 2240        |
|    policy_gradient_loss | -0.0138     |
|    std                  | 0.464       |
|    value_loss           | 0.606       |
-----------------------------------------
Early stopping at step 2 due to reaching max kl: 0.06
-----------------------------------------
| rollout/                |             |
|    ep_len_mean          | 47.3        |
|    ep_rew_mean          | -82.3       |
| time/                   |             |
|    fps                  | 51          |
|    iterations           | 329         |
|    time_elapsed         | 33012       |
|    total_timesteps      | 1684480     |
| train/                  |             |
|    approx_kl            | 0.044102386 |
|    clip_fraction        | 0.246       |
|    clip_range           | 0.2         |
|    entropy_loss         | -1.3        |
|    explained_variance   | 0.789       |
|    learning_rate        | 0.0003      |
|    loss                 | 0.527       |
|    n_updates            | 2243        |
|    policy_gradient_loss | 0.00136     |
|    std                  | 0.462       |
|    value_loss           | 1.06        |
-----------------------------------------
Early stopping at step 1 due to reaching max kl: 0.05
-----------------------------------------
| rollout/                |             |
|    ep_len_mean          | 46.4        |
|    ep_rew_mean          | -82.4       |
| time/                   |             |
|    fps                  | 51          |
|    iterations           | 330         |
|    time_elapsed         | 33103       |
|    total_timesteps      | 1689600     |
| train/                  |             |
|    approx_kl            | 0.028627759 |
|    clip_fraction        | 0.196       |
|    clip_range           | 0.2         |
|    entropy_loss         | -1.29       |
|    explained_variance   | 0.805       |
|    learning_rate        | 0.0003      |
|    loss                 | 0.382       |
|    n_updates            | 2245        |
|    policy_gradient_loss | 0.00063     |
|    std                  | 0.462       |
|    value_loss           | 0.921       |
-----------------------------------------
Early stopping at step 2 due to reaching max kl: 0.05
----------------------------------------
| rollout/                |            |
|    ep_len_mean          | 45.4       |
|    ep_rew_mean          | -75.4      |
| time/                   |            |
|    fps                  | 51         |
|    iterations           | 331        |
|    time_elapsed         | 33190      |
|    total_timesteps      | 1694720    |
| train/                  |            |
|    approx_kl            | 0.03891697 |
|    clip_fraction        | 0.23       |
|    clip_range           | 0.2        |
|    entropy_loss         | -1.29      |
|    explained_variance   | 0.758      |
|    learning_rate        | 0.0003     |
|    loss                 | 0.328      |
|    n_updates            | 2248       |
|    policy_gradient_loss | -0.00651   |
|    std                  | 0.463      |
|    value_loss           | 1.04       |
----------------------------------------
Early stopping at step 1 due to reaching max kl: 0.06
----------------------------------------
| rollout/                |            |
|    ep_len_mean          | 41.1       |
|    ep_rew_mean          | -128       |
| time/                   |            |
|    fps                  | 51         |
|    iterations           | 332        |
|    time_elapsed         | 33282      |
|    total_timesteps      | 1699840    |
| train/                  |            |
|    approx_kl            | 0.03651869 |
|    clip_fraction        | 0.179      |
|    clip_range           | 0.2        |
|    entropy_loss         | -1.3       |
|    explained_variance   | 0.823      |
|    learning_rate        | 0.0003     |
|    loss                 | 0.354      |
|    n_updates            | 2250       |
|    policy_gradient_loss | 0.00253    |
|    std                  | 0.463      |
|    value_loss           | 0.864      |
----------------------------------------
Early stopping at step 3 due to reaching max kl: 0.05
-----------------------------------------
| rollout/                |             |
|    ep_len_mean          | 40.4        |
|    ep_rew_mean          | -162        |
| time/                   |             |
|    fps                  | 51          |
|    iterations           | 333         |
|    time_elapsed         | 33376       |
|    total_timesteps      | 1704960     |
| train/                  |             |
|    approx_kl            | 0.037650533 |
|    clip_fraction        | 0.236       |
|    clip_range           | 0.2         |
|    entropy_loss         | -1.3        |
|    explained_variance   | 0.77        |
|    learning_rate        | 0.0003      |
|    loss                 | 0.475       |
|    n_updates            | 2254        |
|    policy_gradient_loss | -0.00478    |
|    std                  | 0.463       |
|    value_loss           | 1.2         |
-----------------------------------------
Early stopping at step 1 due to reaching max kl: 0.05
-----------------------------------------
| rollout/                |             |
|    ep_len_mean          | 42.9        |
|    ep_rew_mean          | -150        |
| time/                   |             |
|    fps                  | 51          |
|    iterations           | 334         |
|    time_elapsed         | 33473       |
|    total_timesteps      | 1710080     |
| train/                  |             |
|    approx_kl            | 0.033296052 |
|    clip_fraction        | 0.165       |
|    clip_range           | 0.2         |
|    entropy_loss         | -1.3        |
|    explained_variance   | 0.79        |
|    learning_rate        | 0.0003      |
|    loss                 | 0.602       |
|    n_updates            | 2256        |
|    policy_gradient_loss | 0.00738     |
|    std                  | 0.464       |
|    value_loss           | 1.37        |
-----------------------------------------
Early stopping at step 4 due to reaching max kl: 0.05
----------------------------------------
| rollout/                |            |
|    ep_len_mean          | 44         |
|    ep_rew_mean          | -93.1      |
| time/                   |            |
|    fps                  | 51         |
|    iterations           | 335        |
|    time_elapsed         | 33564      |
|    total_timesteps      | 1715200    |
| train/                  |            |
|    approx_kl            | 0.03915445 |
|    clip_fraction        | 0.242      |
|    clip_range           | 0.2        |
|    entropy_loss         | -1.3       |
|    explained_variance   | 0.759      |
|    learning_rate        | 0.0003     |
|    loss                 | 0.737      |
|    n_updates            | 2261       |
|    policy_gradient_loss | -0.00994   |
|    std                  | 0.464      |
|    value_loss           | 1.36       |
----------------------------------------
Early stopping at step 4 due to reaching max kl: 0.05
-----------------------------------------
| rollout/                |             |
|    ep_len_mean          | 43.8        |
|    ep_rew_mean          | -133        |
| time/                   |             |
|    fps                  | 51          |
|    iterations           | 336         |
|    time_elapsed         | 33660       |
|    total_timesteps      | 1720320     |
| train/                  |             |
|    approx_kl            | 0.045240726 |
|    clip_fraction        | 0.249       |
|    clip_range           | 0.2         |
|    entropy_loss         | -1.3        |
|    explained_variance   | 0.766       |
|    learning_rate        | 0.0003      |
|    loss                 | 0.243       |
|    n_updates            | 2266        |
|    policy_gradient_loss | -0.00871    |
|    std                  | 0.464       |
|    value_loss           | 0.852       |
-----------------------------------------
Early stopping at step 1 due to reaching max kl: 0.05
-----------------------------------------
| rollout/                |             |
|    ep_len_mean          | 44.2        |
|    ep_rew_mean          | -108        |
| time/                   |             |
|    fps                  | 51          |
|    iterations           | 337         |
|    time_elapsed         | 33751       |
|    total_timesteps      | 1725440     |
| train/                  |             |
|    approx_kl            | 0.029810868 |
|    clip_fraction        | 0.171       |
|    clip_range           | 0.2         |
|    entropy_loss         | -1.3        |
|    explained_variance   | 0.735       |
|    learning_rate        | 0.0003      |
|    loss                 | 0.704       |
|    n_updates            | 2268        |
|    policy_gradient_loss | 0.00706     |
|    std                  | 0.464       |
|    value_loss           | 1.5         |
-----------------------------------------
Early stopping at step 4 due to reaching max kl: 0.05
-----------------------------------------
| rollout/                |             |
|    ep_len_mean          | 44.9        |
|    ep_rew_mean          | -80.6       |
| time/                   |             |
|    fps                  | 51          |
|    iterations           | 338         |
|    time_elapsed         | 33843       |
|    total_timesteps      | 1730560     |
| train/                  |             |
|    approx_kl            | 0.034112558 |
|    clip_fraction        | 0.26        |
|    clip_range           | 0.2         |
|    entropy_loss         | -1.3        |
|    explained_variance   | 0.768       |
|    learning_rate        | 0.0003      |
|    loss                 | 0.249       |
|    n_updates            | 2273        |
|    policy_gradient_loss | -0.00818    |
|    std                  | 0.464       |
|    value_loss           | 0.904       |
-----------------------------------------
Early stopping at step 2 due to reaching max kl: 0.07
-----------------------------------------
| rollout/                |             |
|    ep_len_mean          | 42.6        |
|    ep_rew_mean          | -114        |
| time/                   |             |
|    fps                  | 51          |
|    iterations           | 339         |
|    time_elapsed         | 33936       |
|    total_timesteps      | 1735680     |
| train/                  |             |
|    approx_kl            | 0.041564208 |
|    clip_fraction        | 0.239       |
|    clip_range           | 0.2         |
|    entropy_loss         | -1.3        |
|    explained_variance   | 0.704       |
|    learning_rate        | 0.0003      |
|    loss                 | 0.529       |
|    n_updates            | 2276        |
|    policy_gradient_loss | 0.00258     |
|    std                  | 0.464       |
|    value_loss           | 1.28        |
-----------------------------------------
Early stopping at step 2 due to reaching max kl: 0.05
----------------------------------------
| rollout/                |            |
|    ep_len_mean          | 43.3       |
|    ep_rew_mean          | -108       |
| time/                   |            |
|    fps                  | 51         |
|    iterations           | 340        |
|    time_elapsed         | 34025      |
|    total_timesteps      | 1740800    |
| train/                  |            |
|    approx_kl            | 0.03441439 |
|    clip_fraction        | 0.213      |
|    clip_range           | 0.2        |
|    entropy_loss         | -1.3       |
|    explained_variance   | 0.733      |
|    learning_rate        | 0.0003     |
|    loss                 | 0.359      |
|    n_updates            | 2279       |
|    policy_gradient_loss | 0.00078    |
|    std                  | 0.464      |
|    value_loss           | 1.22       |
----------------------------------------
Early stopping at step 1 due to reaching max kl: 0.05
-----------------------------------------
| rollout/                |             |
|    ep_len_mean          | 43.8        |
|    ep_rew_mean          | -93.1       |
| time/                   |             |
|    fps                  | 51          |
|    iterations           | 341         |
|    time_elapsed         | 34121       |
|    total_timesteps      | 1745920     |
| train/                  |             |
|    approx_kl            | 0.023342878 |
|    clip_fraction        | 0.17        |
|    clip_range           | 0.2         |
|    entropy_loss         | -1.3        |
|    explained_variance   | 0.78        |
|    learning_rate        | 0.0003      |
|    loss                 | 0.374       |
|    n_updates            | 2281        |
|    policy_gradient_loss | 0.0077      |
|    std                  | 0.465       |
|    value_loss           | 1.14        |
-----------------------------------------
Early stopping at step 1 due to reaching max kl: 0.05
-----------------------------------------
| rollout/                |             |
|    ep_len_mean          | 41.7        |
|    ep_rew_mean          | -121        |
| time/                   |             |
|    fps                  | 51          |
|    iterations           | 342         |
|    time_elapsed         | 34213       |
|    total_timesteps      | 1751040     |
| train/                  |             |
|    approx_kl            | 0.033114407 |
|    clip_fraction        | 0.18        |
|    clip_range           | 0.2         |
|    entropy_loss         | -1.3        |
|    explained_variance   | 0.826       |
|    learning_rate        | 0.0003      |
|    loss                 | 0.429       |
|    n_updates            | 2283        |
|    policy_gradient_loss | 0.00288     |
|    std                  | 0.464       |
|    value_loss           | 0.944       |
-----------------------------------------
Early stopping at step 1 due to reaching max kl: 0.05
-----------------------------------------
| rollout/                |             |
|    ep_len_mean          | 44.9        |
|    ep_rew_mean          | -110        |
| time/                   |             |
|    fps                  | 51          |
|    iterations           | 343         |
|    time_elapsed         | 34310       |
|    total_timesteps      | 1756160     |
| train/                  |             |
|    approx_kl            | 0.028939422 |
|    clip_fraction        | 0.202       |
|    clip_range           | 0.2         |
|    entropy_loss         | -1.3        |
|    explained_variance   | 0.832       |
|    learning_rate        | 0.0003      |
|    loss                 | 0.368       |
|    n_updates            | 2285        |
|    policy_gradient_loss | 0.00585     |
|    std                  | 0.464       |
|    value_loss           | 0.999       |
-----------------------------------------
Early stopping at step 0 due to reaching max kl: 0.05
-----------------------------------------
| rollout/                |             |
|    ep_len_mean          | 42.5        |
|    ep_rew_mean          | -97.7       |
| time/                   |             |
|    fps                  | 51          |
|    iterations           | 344         |
|    time_elapsed         | 34401       |
|    total_timesteps      | 1761280     |
| train/                  |             |
|    approx_kl            | 0.017338207 |
|    clip_fraction        | 0.175       |
|    clip_range           | 0.2         |
|    entropy_loss         | -1.3        |
|    explained_variance   | 0.766       |
|    learning_rate        | 0.0003      |
|    loss                 | 0.826       |
|    n_updates            | 2286        |
|    policy_gradient_loss | 0.00846     |
|    std                  | 0.464       |
|    value_loss           | 1.33        |
-----------------------------------------
Early stopping at step 2 due to reaching max kl: 0.05
---------------------------------------
| rollout/                |           |
|    ep_len_mean          | 44.4      |
|    ep_rew_mean          | -125      |
| time/                   |           |
|    fps                  | 51        |
|    iterations           | 345       |
|    time_elapsed         | 34496     |
|    total_timesteps      | 1766400   |
| train/                  |           |
|    approx_kl            | 0.0473122 |
|    clip_fraction        | 0.205     |
|    clip_range           | 0.2       |
|    entropy_loss         | -1.3      |
|    explained_variance   | 0.791     |
|    learning_rate        | 0.0003    |
|    loss                 | 0.494     |
|    n_updates            | 2289      |
|    policy_gradient_loss | 0.00139   |
|    std                  | 0.463     |
|    value_loss           | 1.05      |
---------------------------------------
Early stopping at step 2 due to reaching max kl: 0.05
-----------------------------------------
| rollout/                |             |
|    ep_len_mean          | 44.4        |
|    ep_rew_mean          | -105        |
| time/                   |             |
|    fps                  | 51          |
|    iterations           | 346         |
|    time_elapsed         | 34593       |
|    total_timesteps      | 1771520     |
| train/                  |             |
|    approx_kl            | 0.036312778 |
|    clip_fraction        | 0.221       |
|    clip_range           | 0.2         |
|    entropy_loss         | -1.3        |
|    explained_variance   | 0.814       |
|    learning_rate        | 0.0003      |
|    loss                 | 0.495       |
|    n_updates            | 2292        |
|    policy_gradient_loss | 0.000494    |
|    std                  | 0.464       |
|    value_loss           | 0.987       |
-----------------------------------------
Early stopping at step 1 due to reaching max kl: 0.05
-----------------------------------------
| rollout/                |             |
|    ep_len_mean          | 44.8        |
|    ep_rew_mean          | -76.6       |
| time/                   |             |
|    fps                  | 51          |
|    iterations           | 347         |
|    time_elapsed         | 34699       |
|    total_timesteps      | 1776640     |
| train/                  |             |
|    approx_kl            | 0.030697167 |
|    clip_fraction        | 0.185       |
|    clip_range           | 0.2         |
|    entropy_loss         | -1.3        |
|    explained_variance   | 0.784       |
|    learning_rate        | 0.0003      |
|    loss                 | 0.673       |
|    n_updates            | 2294        |
|    policy_gradient_loss | 0.00322     |
|    std                  | 0.464       |
|    value_loss           | 1.25        |
-----------------------------------------
Early stopping at step 3 due to reaching max kl: 0.06
----------------------------------------
| rollout/                |            |
|    ep_len_mean          | 45.5       |
|    ep_rew_mean          | -92        |
| time/                   |            |
|    fps                  | 51         |
|    iterations           | 348        |
|    time_elapsed         | 34800      |
|    total_timesteps      | 1781760    |
| train/                  |            |
|    approx_kl            | 0.03719841 |
|    clip_fraction        | 0.212      |
|    clip_range           | 0.2        |
|    entropy_loss         | -1.3       |
|    explained_variance   | 0.737      |
|    learning_rate        | 0.0003     |
|    loss                 | 0.3        |
|    n_updates            | 2298       |
|    policy_gradient_loss | -0.00194   |
|    std                  | 0.463      |
|    value_loss           | 0.981      |
----------------------------------------
Early stopping at step 1 due to reaching max kl: 0.05
----------------------------------------
| rollout/                |            |
|    ep_len_mean          | 45.8       |
|    ep_rew_mean          | -105       |
| time/                   |            |
|    fps                  | 51         |
|    iterations           | 349        |
|    time_elapsed         | 34904      |
|    total_timesteps      | 1786880    |
| train/                  |            |
|    approx_kl            | 0.04073114 |
|    clip_fraction        | 0.253      |
|    clip_range           | 0.2        |
|    entropy_loss         | -1.3       |
|    explained_variance   | 0.783      |
|    learning_rate        | 0.0003     |
|    loss                 | 0.654      |
|    n_updates            | 2300       |
|    policy_gradient_loss | 0.00895    |
|    std                  | 0.463      |
|    value_loss           | 1.07       |
----------------------------------------
Early stopping at step 1 due to reaching max kl: 0.05
-----------------------------------------
| rollout/                |             |
|    ep_len_mean          | 46.1        |
|    ep_rew_mean          | -97.6       |
| time/                   |             |
|    fps                  | 51          |
|    iterations           | 350         |
|    time_elapsed         | 34996       |
|    total_timesteps      | 1792000     |
| train/                  |             |
|    approx_kl            | 0.030350864 |
|    clip_fraction        | 0.163       |
|    clip_range           | 0.2         |
|    entropy_loss         | -1.3        |
|    explained_variance   | 0.768       |
|    learning_rate        | 0.0003      |
|    loss                 | 0.641       |
|    n_updates            | 2302        |
|    policy_gradient_loss | 0.00597     |
|    std                  | 0.463       |
|    value_loss           | 1.18        |
-----------------------------------------
Early stopping at step 3 due to reaching max kl: 0.05
----------------------------------------
| rollout/                |            |
|    ep_len_mean          | 43.6       |
|    ep_rew_mean          | -118       |
| time/                   |            |
|    fps                  | 51         |
|    iterations           | 351        |
|    time_elapsed         | 35092      |
|    total_timesteps      | 1797120    |
| train/                  |            |
|    approx_kl            | 0.03908235 |
|    clip_fraction        | 0.278      |
|    clip_range           | 0.2        |
|    entropy_loss         | -1.3       |
|    explained_variance   | 0.754      |
|    learning_rate        | 0.0003     |
|    loss                 | 0.256      |
|    n_updates            | 2306       |
|    policy_gradient_loss | -0.0064    |
|    std                  | 0.462      |
|    value_loss           | 0.956      |
----------------------------------------
Early stopping at step 1 due to reaching max kl: 0.05
[EVAL] t=1,800,000 supervisor off goal 0.69 collision 0.31 timeout 0.00 return -63.8 colregs -18.8 intervention 0.00 (157.9 s)
[EVAL] t=1,800,000 supervisor on goal 0.69 collision 0.31 timeout 0.00 return -64.3 colregs -18.6 intervention 0.02 (152.9 s)
------------------------------------------------
| eval_supervisor_off/            |            |
|    being_overtaken/collision    | 0.3        |
|    being_overtaken/colregs      | -25.3      |
|    being_overtaken/goal         | 0.7        |
|    being_overtaken/intervention | 0          |
|    collision_boundary           | 0.0167     |
|    collision_obstacle           | 0.133      |
|    collision_rate               | 0.308      |
|    collision_target             | 0.158      |
|    crossing/collision           | 0.8        |
|    crossing/colregs             | -25.9      |
|    crossing/goal                | 0.2        |
|    crossing/intervention        | 0          |
|    episodes                     | 120        |
|    estops_per_episode           | 0          |
|    eval_wall_s                  | 158        |
|    goal_rate                    | 0.692      |
|    head_on/collision            | 0.15       |
|    head_on/colregs              | -23.9      |
|    head_on/goal                 | 0.85       |
|    head_on/intervention         | 0          |
|    intervention_rate            | 0          |
|    mean_colregs_integral        | -18.8      |
|    mean_return                  | -63.8      |
|    no_target/collision          | 0.15       |
|    no_target/colregs            | 0          |
|    no_target/goal               | 0.85       |
|    no_target/intervention       | 0          |
|    null/collision               | 0.4        |
|    null/colregs                 | -5.56      |
|    null/goal                    | 0.6        |
|    null/intervention            | 0          |
|    overtaking/collision         | 0.05       |
|    overtaking/colregs           | -32.3      |
|    overtaking/goal              | 0.95       |
|    overtaking/intervention      | 0          |
|    timeout_rate                 | 0          |
|    timesteps                    | 1800000    |
| eval_supervisor_on/             |            |
|    being_overtaken/collision    | 0.3        |
|    being_overtaken/colregs      | -25.3      |
|    being_overtaken/goal         | 0.7        |
|    being_overtaken/intervention | 0          |
|    collision_boundary           | 0.025      |
|    collision_obstacle           | 0.133      |
|    collision_rate               | 0.308      |
|    collision_target             | 0.15       |
|    crossing/collision           | 0.8        |
|    crossing/colregs             | -24.4      |
|    crossing/goal                | 0.2        |
|    crossing/intervention        | 0.1        |
|    episodes                     | 120        |
|    estops_per_episode           | 0.0167     |
|    eval_wall_s                  | 153        |
|    goal_rate                    | 0.692      |
|    head_on/collision            | 0.15       |
|    head_on/colregs              | -23.9      |
|    head_on/goal                 | 0.85       |
|    head_on/intervention         | 0          |
|    intervention_rate            | 0.0167     |
|    mean_colregs_integral        | -18.6      |
|    mean_return                  | -64.3      |
|    no_target/collision          | 0.15       |
|    no_target/colregs            | 0          |
|    no_target/goal               | 0.85       |
|    no_target/intervention       | 0          |
|    null/collision               | 0.4        |
|    null/colregs                 | -5.56      |
|    null/goal                    | 0.6        |
|    null/intervention            | 0          |
|    overtaking/collision         | 0.05       |
|    overtaking/colregs           | -32.3      |
|    overtaking/goal              | 0.95       |
|    overtaking/intervention      | 0          |
|    timeout_rate                 | 0          |
|    timesteps                    | 1800000    |
| rollout/                        |            |
|    ep_len_mean                  | 44.8       |
|    ep_rew_mean                  | -84.5      |
| time/                           |            |
|    fps                          | 50         |
|    iterations                   | 352        |
|    time_elapsed                 | 35500      |
|    total_timesteps              | 1802240    |
| train/                          |            |
|    approx_kl                    | 0.03030601 |
|    clip_fraction                | 0.188      |
|    clip_range                   | 0.2        |
|    entropy_loss                 | -1.29      |
|    explained_variance           | 0.799      |
|    learning_rate                | 0.0003     |
|    loss                         | 0.38       |
|    n_updates                    | 2308       |
|    policy_gradient_loss         | 0.0027     |
|    std                          | 0.462      |
|    value_loss                   | 1.13       |
------------------------------------------------
Early stopping at step 6 due to reaching max kl: 0.05
-----------------------------------------
| rollout/                |             |
|    ep_len_mean          | 45.6        |
|    ep_rew_mean          | -80.4       |
| time/                   |             |
|    fps                  | 50          |
|    iterations           | 353         |
|    time_elapsed         | 35608       |
|    total_timesteps      | 1807360     |
| train/                  |             |
|    approx_kl            | 0.039963663 |
|    clip_fraction        | 0.257       |
|    clip_range           | 0.2         |
|    entropy_loss         | -1.29       |
|    explained_variance   | 0.783       |
|    learning_rate        | 0.0003      |
|    loss                 | 0.218       |
|    n_updates            | 2315        |
|    policy_gradient_loss | -0.0156     |
|    std                  | 0.462       |
|    value_loss           | 0.719       |
-----------------------------------------
Early stopping at step 1 due to reaching max kl: 0.05
-----------------------------------------
| rollout/                |             |
|    ep_len_mean          | 42.3        |
|    ep_rew_mean          | -129        |
| time/                   |             |
|    fps                  | 50          |
|    iterations           | 354         |
|    time_elapsed         | 35704       |
|    total_timesteps      | 1812480     |
| train/                  |             |
|    approx_kl            | 0.027951814 |
|    clip_fraction        | 0.185       |
|    clip_range           | 0.2         |
|    entropy_loss         | -1.29       |
|    explained_variance   | 0.791       |
|    learning_rate        | 0.0003      |
|    loss                 | 0.398       |
|    n_updates            | 2317        |
|    policy_gradient_loss | -0.000946   |
|    std                  | 0.462       |
|    value_loss           | 1.09        |
-----------------------------------------
Early stopping at step 2 due to reaching max kl: 0.05
----------------------------------------
| rollout/                |            |
|    ep_len_mean          | 44.6       |
|    ep_rew_mean          | -98.3      |
| time/                   |            |
|    fps                  | 50         |
|    iterations           | 355        |
|    time_elapsed         | 35795      |
|    total_timesteps      | 1817600    |
| train/                  |            |
|    approx_kl            | 0.03446563 |
|    clip_fraction        | 0.223      |
|    clip_range           | 0.2        |
|    entropy_loss         | -1.29      |
|    explained_variance   | 0.783      |
|    learning_rate        | 0.0003     |
|    loss                 | 0.365      |
|    n_updates            | 2320       |
|    policy_gradient_loss | -0.00502   |
|    std                  | 0.463      |
|    value_loss           | 1.14       |
----------------------------------------
Early stopping at step 1 due to reaching max kl: 0.05
----------------------------------------
| rollout/                |            |
|    ep_len_mean          | 43         |
|    ep_rew_mean          | -125       |
| time/                   |            |
|    fps                  | 50         |
|    iterations           | 356        |
|    time_elapsed         | 35894      |
|    total_timesteps      | 1822720    |
| train/                  |            |
|    approx_kl            | 0.02943395 |
|    clip_fraction        | 0.169      |
|    clip_range           | 0.2        |
|    entropy_loss         | -1.3       |
|    explained_variance   | 0.752      |
|    learning_rate        | 0.0003     |
|    loss                 | 0.766      |
|    n_updates            | 2322       |
|    policy_gradient_loss | 0.00994    |
|    std                  | 0.463      |
|    value_loss           | 1.29       |
----------------------------------------
Early stopping at step 1 due to reaching max kl: 0.05
-----------------------------------------
| rollout/                |             |
|    ep_len_mean          | 42.8        |
|    ep_rew_mean          | -125        |
| time/                   |             |
|    fps                  | 50          |
|    iterations           | 357         |
|    time_elapsed         | 35986       |
|    total_timesteps      | 1827840     |
| train/                  |             |
|    approx_kl            | 0.046140183 |
|    clip_fraction        | 0.138       |
|    clip_range           | 0.2         |
|    entropy_loss         | -1.3        |
|    explained_variance   | 0.733       |
|    learning_rate        | 0.0003      |
|    loss                 | 0.864       |
|    n_updates            | 2324        |
|    policy_gradient_loss | 0.00695     |
|    std                  | 0.463       |
|    value_loss           | 1.52        |
-----------------------------------------
Early stopping at step 2 due to reaching max kl: 0.06
-----------------------------------------
| rollout/                |             |
|    ep_len_mean          | 41.5        |
|    ep_rew_mean          | -129        |
| time/                   |             |
|    fps                  | 50          |
|    iterations           | 358         |
|    time_elapsed         | 36077       |
|    total_timesteps      | 1832960     |
| train/                  |             |
|    approx_kl            | 0.039126415 |
|    clip_fraction        | 0.242       |
|    clip_range           | 0.2         |
|    entropy_loss         | -1.3        |
|    explained_variance   | 0.76        |
|    learning_rate        | 0.0003      |
|    loss                 | 0.504       |
|    n_updates            | 2327        |
|    policy_gradient_loss | -0.00427    |
|    std                  | 0.465       |
|    value_loss           | 1.31        |
-----------------------------------------
Early stopping at step 1 due to reaching max kl: 0.05
----------------------------------------
| rollout/                |            |
|    ep_len_mean          | 40.5       |
|    ep_rew_mean          | -157       |
| time/                   |            |
|    fps                  | 50         |
|    iterations           | 359        |
|    time_elapsed         | 36169      |
|    total_timesteps      | 1838080    |
| train/                  |            |
|    approx_kl            | 0.02508442 |
|    clip_fraction        | 0.169      |
|    clip_range           | 0.2        |
|    entropy_loss         | -1.31      |
|    explained_variance   | 0.8        |
|    learning_rate        | 0.0003     |
|    loss                 | 0.438      |
|    n_updates            | 2329       |
|    policy_gradient_loss | 0.000787   |
|    std                  | 0.466      |
|    value_loss           | 1.11       |
----------------------------------------
Early stopping at step 2 due to reaching max kl: 0.05
-----------------------------------------
| rollout/                |             |
|    ep_len_mean          | 45.2        |
|    ep_rew_mean          | -82.4       |
| time/                   |             |
|    fps                  | 50          |
|    iterations           | 360         |
|    time_elapsed         | 36266       |
|    total_timesteps      | 1843200     |
| train/                  |             |
|    approx_kl            | 0.044435594 |
|    clip_fraction        | 0.216       |
|    clip_range           | 0.2         |
|    entropy_loss         | -1.31       |
|    explained_variance   | 0.791       |
|    learning_rate        | 0.0003      |
|    loss                 | 0.595       |
|    n_updates            | 2332        |
|    policy_gradient_loss | 0.00262     |
|    std                  | 0.467       |
|    value_loss           | 1.35        |
-----------------------------------------
Early stopping at step 0 due to reaching max kl: 0.05
-----------------------------------------
| rollout/                |             |
|    ep_len_mean          | 40.9        |
|    ep_rew_mean          | -118        |
| time/                   |             |
|    fps                  | 50          |
|    iterations           | 361         |
|    time_elapsed         | 36367       |
|    total_timesteps      | 1848320     |
| train/                  |             |
|    approx_kl            | 0.015495652 |
|    clip_fraction        | 0.141       |
|    clip_range           | 0.2         |
|    entropy_loss         | -1.31       |
|    explained_variance   | 0.744       |
|    learning_rate        | 0.0003      |
|    loss                 | 0.413       |
|    n_updates            | 2333        |
|    policy_gradient_loss | 0.00719     |
|    std                  | 0.467       |
|    value_loss           | 1.32        |
-----------------------------------------
Early stopping at step 0 due to reaching max kl: 0.05
-----------------------------------------
| rollout/                |             |
|    ep_len_mean          | 43.7        |
|    ep_rew_mean          | -90.2       |
| time/                   |             |
|    fps                  | 50          |
|    iterations           | 362         |
|    time_elapsed         | 36473       |
|    total_timesteps      | 1853440     |
| train/                  |             |
|    approx_kl            | 0.016625607 |
|    clip_fraction        | 0.151       |
|    clip_range           | 0.2         |
|    entropy_loss         | -1.31       |
|    explained_variance   | 0.737       |
|    learning_rate        | 0.0003      |
|    loss                 | 0.766       |
|    n_updates            | 2334        |
|    policy_gradient_loss | 0.0118      |
|    std                  | 0.467       |
|    value_loss           | 1.51        |
-----------------------------------------
Early stopping at step 4 due to reaching max kl: 0.05
-----------------------------------------
| rollout/                |             |
|    ep_len_mean          | 44.6        |
|    ep_rew_mean          | -77.3       |
| time/                   |             |
|    fps                  | 50          |
|    iterations           | 363         |
|    time_elapsed         | 36569       |
|    total_timesteps      | 1858560     |
| train/                  |             |
|    approx_kl            | 0.040902317 |
|    clip_fraction        | 0.239       |
|    clip_range           | 0.2         |
|    entropy_loss         | -1.31       |
|    explained_variance   | 0.763       |
|    learning_rate        | 0.0003      |
|    loss                 | 0.319       |
|    n_updates            | 2339        |
|    policy_gradient_loss | -0.0113     |
|    std                  | 0.465       |
|    value_loss           | 0.983       |
-----------------------------------------
Early stopping at step 1 due to reaching max kl: 0.07
-----------------------------------------
| rollout/                |             |
|    ep_len_mean          | 44.5        |
|    ep_rew_mean          | -99.9       |
| time/                   |             |
|    fps                  | 50          |
|    iterations           | 364         |
|    time_elapsed         | 36667       |
|    total_timesteps      | 1863680     |
| train/                  |             |
|    approx_kl            | 0.037539735 |
|    clip_fraction        | 0.225       |
|    clip_range           | 0.2         |
|    entropy_loss         | -1.31       |
|    explained_variance   | 0.778       |
|    learning_rate        | 0.0003      |
|    loss                 | 0.391       |
|    n_updates            | 2341        |
|    policy_gradient_loss | 0.00638     |
|    std                  | 0.465       |
|    value_loss           | 1.04        |
-----------------------------------------
Early stopping at step 4 due to reaching max kl: 0.05
---------------------------------------
| rollout/                |           |
|    ep_len_mean          | 43.7      |
|    ep_rew_mean          | -106      |
| time/                   |           |
|    fps                  | 50        |
|    iterations           | 365       |
|    time_elapsed         | 36762     |
|    total_timesteps      | 1868800   |
| train/                  |           |
|    approx_kl            | 0.0391171 |
|    clip_fraction        | 0.236     |
|    clip_range           | 0.2       |
|    entropy_loss         | -1.31     |
|    explained_variance   | 0.786     |
|    learning_rate        | 0.0003    |
|    loss                 | 0.24      |
|    n_updates            | 2346      |
|    policy_gradient_loss | -0.0112   |
|    std                  | 0.466     |
|    value_loss           | 0.942     |
---------------------------------------
Early stopping at step 2 due to reaching max kl: 0.05
-----------------------------------------
| rollout/                |             |
|    ep_len_mean          | 44.4        |
|    ep_rew_mean          | -101        |
| time/                   |             |
|    fps                  | 50          |
|    iterations           | 366         |
|    time_elapsed         | 36853       |
|    total_timesteps      | 1873920     |
| train/                  |             |
|    approx_kl            | 0.036509138 |
|    clip_fraction        | 0.21        |
|    clip_range           | 0.2         |
|    entropy_loss         | -1.31       |
|    explained_variance   | 0.799       |
|    learning_rate        | 0.0003      |
|    loss                 | 0.412       |
|    n_updates            | 2349        |
|    policy_gradient_loss | -0.00478    |
|    std                  | 0.466       |
|    value_loss           | 1.01        |
-----------------------------------------
Early stopping at step 5 due to reaching max kl: 0.07
----------------------------------------
| rollout/                |            |
|    ep_len_mean          | 44.4       |
|    ep_rew_mean          | -125       |
| time/                   |            |
|    fps                  | 50         |
|    iterations           | 367        |
|    time_elapsed         | 36946      |
|    total_timesteps      | 1879040    |
| train/                  |            |
|    approx_kl            | 0.03866474 |
|    clip_fraction        | 0.239      |
|    clip_range           | 0.2        |
|    entropy_loss         | -1.31      |
|    explained_variance   | 0.761      |
|    learning_rate        | 0.0003     |
|    loss                 | 0.198      |
|    n_updates            | 2355       |
|    policy_gradient_loss | -0.0143    |
|    std                  | 0.464      |
|    value_loss           | 1.02       |
----------------------------------------
Early stopping at step 4 due to reaching max kl: 0.05
-----------------------------------------
| rollout/                |             |
|    ep_len_mean          | 46.4        |
|    ep_rew_mean          | -76.8       |
| time/                   |             |
|    fps                  | 50          |
|    iterations           | 368         |
|    time_elapsed         | 37039       |
|    total_timesteps      | 1884160     |
| train/                  |             |
|    approx_kl            | 0.045644976 |
|    clip_fraction        | 0.243       |
|    clip_range           | 0.2         |
|    entropy_loss         | -1.3        |
|    explained_variance   | 0.711       |
|    learning_rate        | 0.0003      |
|    loss                 | 0.499       |
|    n_updates            | 2360        |
|    policy_gradient_loss | -0.00417    |
|    std                  | 0.465       |
|    value_loss           | 1.25        |
-----------------------------------------
Early stopping at step 6 due to reaching max kl: 0.06
----------------------------------------
| rollout/                |            |
|    ep_len_mean          | 46.3       |
|    ep_rew_mean          | -80.5      |
| time/                   |            |
|    fps                  | 50         |
|    iterations           | 369        |
|    time_elapsed         | 37134      |
|    total_timesteps      | 1889280    |
| train/                  |            |
|    approx_kl            | 0.04076666 |
|    clip_fraction        | 0.242      |
|    clip_range           | 0.2        |
|    entropy_loss         | -1.3       |
|    explained_variance   | 0.771      |
|    learning_rate        | 0.0003     |
|    loss                 | 0.262      |
|    n_updates            | 2367       |
|    policy_gradient_loss | -0.018     |
|    std                  | 0.462      |
|    value_loss           | 0.838      |
----------------------------------------
Early stopping at step 3 due to reaching max kl: 0.05
----------------------------------------
| rollout/                |            |
|    ep_len_mean          | 43.6       |
|    ep_rew_mean          | -106       |
| time/                   |            |
|    fps                  | 50         |
|    iterations           | 370        |
|    time_elapsed         | 37232      |
|    total_timesteps      | 1894400    |
| train/                  |            |
|    approx_kl            | 0.03937983 |
|    clip_fraction        | 0.233      |
|    clip_range           | 0.2        |
|    entropy_loss         | -1.29      |
|    explained_variance   | 0.746      |
|    learning_rate        | 0.0003     |
|    loss                 | 0.423      |
|    n_updates            | 2371       |
|    policy_gradient_loss | -0.00336   |
|    std                  | 0.461      |
|    value_loss           | 1.07       |
----------------------------------------
Early stopping at step 1 due to reaching max kl: 0.05
----------------------------------------
| rollout/                |            |
|    ep_len_mean          | 43.3       |
|    ep_rew_mean          | -91        |
| time/                   |            |
|    fps                  | 50         |
|    iterations           | 371        |
|    time_elapsed         | 37333      |
|    total_timesteps      | 1899520    |
| train/                  |            |
|    approx_kl            | 0.03273633 |
|    clip_fraction        | 0.224      |
|    clip_range           | 0.2        |
|    entropy_loss         | -1.29      |
|    explained_variance   | 0.757      |
|    learning_rate        | 0.0003     |
|    loss                 | 0.578      |
|    n_updates            | 2373       |
|    policy_gradient_loss | 0.00616    |
|    std                  | 0.462      |
|    value_loss           | 1.24       |
----------------------------------------
Early stopping at step 1 due to reaching max kl: 0.06
-----------------------------------------
| rollout/                |             |
|    ep_len_mean          | 45.1        |
|    ep_rew_mean          | -85.7       |
| time/                   |             |
|    fps                  | 50          |
|    iterations           | 372         |
|    time_elapsed         | 37427       |
|    total_timesteps      | 1904640     |
| train/                  |             |
|    approx_kl            | 0.034366213 |
|    clip_fraction        | 0.165       |
|    clip_range           | 0.2         |
|    entropy_loss         | -1.29       |
|    explained_variance   | 0.782       |
|    learning_rate        | 0.0003      |
|    loss                 | 0.451       |
|    n_updates            | 2375        |
|    policy_gradient_loss | 0.00123     |
|    std                  | 0.462       |
|    value_loss           | 1.11        |
-----------------------------------------
Early stopping at step 2 due to reaching max kl: 0.05
----------------------------------------
| rollout/                |            |
|    ep_len_mean          | 45.6       |
|    ep_rew_mean          | -86.3      |
| time/                   |            |
|    fps                  | 50         |
|    iterations           | 373        |
|    time_elapsed         | 37518      |
|    total_timesteps      | 1909760    |
| train/                  |            |
|    approx_kl            | 0.03576444 |
|    clip_fraction        | 0.211      |
|    clip_range           | 0.2        |
|    entropy_loss         | -1.29      |
|    explained_variance   | 0.795      |
|    learning_rate        | 0.0003     |
|    loss                 | 0.379      |
|    n_updates            | 2378       |
|    policy_gradient_loss | -0.00362   |
|    std                  | 0.463      |
|    value_loss           | 0.963      |
----------------------------------------
Early stopping at step 2 due to reaching max kl: 0.05
-----------------------------------------
| rollout/                |             |
|    ep_len_mean          | 44.9        |
|    ep_rew_mean          | -120        |
| time/                   |             |
|    fps                  | 50          |
|    iterations           | 374         |
|    time_elapsed         | 37611       |
|    total_timesteps      | 1914880     |
| train/                  |             |
|    approx_kl            | 0.049532168 |
|    clip_fraction        | 0.21        |
|    clip_range           | 0.2         |
|    entropy_loss         | -1.3        |
|    explained_variance   | 0.743       |
|    learning_rate        | 0.0003      |
|    loss                 | 0.613       |
|    n_updates            | 2381        |
|    policy_gradient_loss | 0.000491    |
|    std                  | 0.463       |
|    value_loss           | 1.28        |
-----------------------------------------
Early stopping at step 2 due to reaching max kl: 0.05
----------------------------------------
| rollout/                |            |
|    ep_len_mean          | 43.5       |
|    ep_rew_mean          | -101       |
| time/                   |            |
|    fps                  | 50         |
|    iterations           | 375        |
|    time_elapsed         | 37701      |
|    total_timesteps      | 1920000    |
| train/                  |            |
|    approx_kl            | 0.03784823 |
|    clip_fraction        | 0.205      |
|    clip_range           | 0.2        |
|    entropy_loss         | -1.3       |
|    explained_variance   | 0.78       |
|    learning_rate        | 0.0003     |
|    loss                 | 0.384      |
|    n_updates            | 2384       |
|    policy_gradient_loss | 0.000516   |
|    std                  | 0.463      |
|    value_loss           | 1.14       |
----------------------------------------
Early stopping at step 1 due to reaching max kl: 0.06
----------------------------------------
| rollout/                |            |
|    ep_len_mean          | 44         |
|    ep_rew_mean          | -108       |
| time/                   |            |
|    fps                  | 50         |
|    iterations           | 376        |
|    time_elapsed         | 37794      |
|    total_timesteps      | 1925120    |
| train/                  |            |
|    approx_kl            | 0.03205834 |
|    clip_fraction        | 0.191      |
|    clip_range           | 0.2        |
|    entropy_loss         | -1.3       |
|    explained_variance   | 0.797      |
|    learning_rate        | 0.0003     |
|    loss                 | 0.343      |
|    n_updates            | 2386       |
|    policy_gradient_loss | 0.000104   |
|    std                  | 0.464      |
|    value_loss           | 1.08       |
----------------------------------------
Early stopping at step 2 due to reaching max kl: 0.05
---------------------------------------
| rollout/                |           |
|    ep_len_mean          | 43.4      |
|    ep_rew_mean          | -110      |
| time/                   |           |
|    fps                  | 50        |
|    iterations           | 377       |
|    time_elapsed         | 37891     |
|    total_timesteps      | 1930240   |
| train/                  |           |
|    approx_kl            | 0.0451876 |
|    clip_fraction        | 0.202     |
|    clip_range           | 0.2       |
|    entropy_loss         | -1.3      |
|    explained_variance   | 0.763     |
|    learning_rate        | 0.0003    |
|    loss                 | 0.4       |
|    n_updates            | 2389      |
|    policy_gradient_loss | 0.00281   |
|    std                  | 0.464     |
|    value_loss           | 1.21      |
---------------------------------------
Early stopping at step 2 due to reaching max kl: 0.05
----------------------------------------
| rollout/                |            |
|    ep_len_mean          | 48.8       |
|    ep_rew_mean          | -55.6      |
| time/                   |            |
|    fps                  | 50         |
|    iterations           | 378        |
|    time_elapsed         | 37985      |
|    total_timesteps      | 1935360    |
| train/                  |            |
|    approx_kl            | 0.03395921 |
|    clip_fraction        | 0.187      |
|    clip_range           | 0.2        |
|    entropy_loss         | -1.3       |
|    explained_variance   | 0.808      |
|    learning_rate        | 0.0003     |
|    loss                 | 0.555      |
|    n_updates            | 2392       |
|    policy_gradient_loss | -0.00229   |
|    std                  | 0.464      |
|    value_loss           | 0.992      |
----------------------------------------
Early stopping at step 1 due to reaching max kl: 0.05
-----------------------------------------
| rollout/                |             |
|    ep_len_mean          | 44.2        |
|    ep_rew_mean          | -103        |
| time/                   |             |
|    fps                  | 50          |
|    iterations           | 379         |
|    time_elapsed         | 38079       |
|    total_timesteps      | 1940480     |
| train/                  |             |
|    approx_kl            | 0.040709775 |
|    clip_fraction        | 0.311       |
|    clip_range           | 0.2         |
|    entropy_loss         | -1.3        |
|    explained_variance   | 0.759       |
|    learning_rate        | 0.0003      |
|    loss                 | 0.353       |
|    n_updates            | 2394        |
|    policy_gradient_loss | 0.0125      |
|    std                  | 0.465       |
|    value_loss           | 1.02        |
-----------------------------------------
Early stopping at step 1 due to reaching max kl: 0.05
----------------------------------------
| rollout/                |            |
|    ep_len_mean          | 47.8       |
|    ep_rew_mean          | -53.7      |
| time/                   |            |
|    fps                  | 50         |
|    iterations           | 380        |
|    time_elapsed         | 38174      |
|    total_timesteps      | 1945600    |
| train/                  |            |
|    approx_kl            | 0.03099386 |
|    clip_fraction        | 0.19       |
|    clip_range           | 0.2        |
|    entropy_loss         | -1.31      |
|    explained_variance   | 0.803      |
|    learning_rate        | 0.0003     |
|    loss                 | 0.4        |
|    n_updates            | 2396       |
|    policy_gradient_loss | 0.00612    |
|    std                  | 0.465      |
|    value_loss           | 0.993      |
----------------------------------------
Early stopping at step 4 due to reaching max kl: 0.06
----------------------------------------
| rollout/                |            |
|    ep_len_mean          | 45.9       |
|    ep_rew_mean          | -103       |
| time/                   |            |
|    fps                  | 50         |
|    iterations           | 381        |
|    time_elapsed         | 38272      |
|    total_timesteps      | 1950720    |
| train/                  |            |
|    approx_kl            | 0.06312565 |
|    clip_fraction        | 0.218      |
|    clip_range           | 0.2        |
|    entropy_loss         | -1.3       |
|    explained_variance   | 0.789      |
|    learning_rate        | 0.0003     |
|    loss                 | 0.247      |
|    n_updates            | 2401       |
|    policy_gradient_loss | -0.00855   |
|    std                  | 0.464      |
|    value_loss           | 0.702      |
----------------------------------------
Early stopping at step 1 due to reaching max kl: 0.06
-----------------------------------------
| rollout/                |             |
|    ep_len_mean          | 47.5        |
|    ep_rew_mean          | -63.8       |
| time/                   |             |
|    fps                  | 50          |
|    iterations           | 382         |
|    time_elapsed         | 38374       |
|    total_timesteps      | 1955840     |
| train/                  |             |
|    approx_kl            | 0.036369804 |
|    clip_fraction        | 0.101       |
|    clip_range           | 0.2         |
|    entropy_loss         | -1.3        |
|    explained_variance   | 0.78        |
|    learning_rate        | 0.0003      |
|    loss                 | 0.416       |
|    n_updates            | 2403        |
|    policy_gradient_loss | 0.00589     |
|    std                  | 0.464       |
|    value_loss           | 1.18        |
-----------------------------------------
Early stopping at step 4 due to reaching max kl: 0.05
-----------------------------------------
| rollout/                |             |
|    ep_len_mean          | 46          |
|    ep_rew_mean          | -97.2       |
| time/                   |             |
|    fps                  | 50          |
|    iterations           | 383         |
|    time_elapsed         | 38463       |
|    total_timesteps      | 1960960     |
| train/                  |             |
|    approx_kl            | 0.037939433 |
|    clip_fraction        | 0.231       |
|    clip_range           | 0.2         |
|    entropy_loss         | -1.3        |
|    explained_variance   | 0.801       |
|    learning_rate        | 0.0003      |
|    loss                 | 0.205       |
|    n_updates            | 2408        |
|    policy_gradient_loss | -0.00578    |
|    std                  | 0.462       |
|    value_loss           | 0.681       |
-----------------------------------------
Early stopping at step 4 due to reaching max kl: 0.05
-----------------------------------------
| rollout/                |             |
|    ep_len_mean          | 49          |
|    ep_rew_mean          | -49.9       |
| time/                   |             |
|    fps                  | 50          |
|    iterations           | 384         |
|    time_elapsed         | 38554       |
|    total_timesteps      | 1966080     |
| train/                  |             |
|    approx_kl            | 0.037437923 |
|    clip_fraction        | 0.228       |
|    clip_range           | 0.2         |
|    entropy_loss         | -1.29       |
|    explained_variance   | 0.783       |
|    learning_rate        | 0.0003      |
|    loss                 | 0.164       |
|    n_updates            | 2413        |
|    policy_gradient_loss | -0.012      |
|    std                  | 0.462       |
|    value_loss           | 0.881       |
-----------------------------------------
Early stopping at step 1 due to reaching max kl: 0.05
-----------------------------------------
| rollout/                |             |
|    ep_len_mean          | 48.9        |
|    ep_rew_mean          | -59.2       |
| time/                   |             |
|    fps                  | 50          |
|    iterations           | 385         |
|    time_elapsed         | 38652       |
|    total_timesteps      | 1971200     |
| train/                  |             |
|    approx_kl            | 0.030355485 |
|    clip_fraction        | 0.12        |
|    clip_range           | 0.2         |
|    entropy_loss         | -1.29       |
|    explained_variance   | 0.797       |
|    learning_rate        | 0.0003      |
|    loss                 | 0.347       |
|    n_updates            | 2415        |
|    policy_gradient_loss | 0.00318     |
|    std                  | 0.462       |
|    value_loss           | 0.793       |
-----------------------------------------
Early stopping at step 1 due to reaching max kl: 0.07
----------------------------------------
| rollout/                |            |
|    ep_len_mean          | 48         |
|    ep_rew_mean          | -94.8      |
| time/                   |            |
|    fps                  | 50         |
|    iterations           | 386        |
|    time_elapsed         | 38752      |
|    total_timesteps      | 1976320    |
| train/                  |            |
|    approx_kl            | 0.04796653 |
|    clip_fraction        | 0.119      |
|    clip_range           | 0.2        |
|    entropy_loss         | -1.29      |
|    explained_variance   | 0.753      |
|    learning_rate        | 0.0003     |
|    loss                 | 0.666      |
|    n_updates            | 2417       |
|    policy_gradient_loss | 0.00771    |
|    std                  | 0.461      |
|    value_loss           | 1.06       |
----------------------------------------
Early stopping at step 7 due to reaching max kl: 0.05
----------------------------------------
| rollout/                |            |
|    ep_len_mean          | 46.4       |
|    ep_rew_mean          | -97.6      |
| time/                   |            |
|    fps                  | 50         |
|    iterations           | 387        |
|    time_elapsed         | 38855      |
|    total_timesteps      | 1981440    |
| train/                  |            |
|    approx_kl            | 0.03878707 |
|    clip_fraction        | 0.253      |
|    clip_range           | 0.2        |
|    entropy_loss         | -1.29      |
|    explained_variance   | 0.808      |
|    learning_rate        | 0.0003     |
|    loss                 | 0.188      |
|    n_updates            | 2425       |
|    policy_gradient_loss | -0.0182    |
|    std                  | 0.461      |
|    value_loss           | 0.673      |
----------------------------------------
Early stopping at step 2 due to reaching max kl: 0.05
-----------------------------------------
| rollout/                |             |
|    ep_len_mean          | 45.6        |
|    ep_rew_mean          | -113        |
| time/                   |             |
|    fps                  | 51          |
|    iterations           | 388         |
|    time_elapsed         | 38951       |
|    total_timesteps      | 1986560     |
| train/                  |             |
|    approx_kl            | 0.036373794 |
|    clip_fraction        | 0.162       |
|    clip_range           | 0.2         |
|    entropy_loss         | -1.29       |
|    explained_variance   | 0.826       |
|    learning_rate        | 0.0003      |
|    loss                 | 0.325       |
|    n_updates            | 2428        |
|    policy_gradient_loss | -0.0036     |
|    std                  | 0.461       |
|    value_loss           | 0.841       |
-----------------------------------------
Early stopping at step 2 due to reaching max kl: 0.05
-----------------------------------------
| rollout/                |             |
|    ep_len_mean          | 48.4        |
|    ep_rew_mean          | -56.5       |
| time/                   |             |
|    fps                  | 51          |
|    iterations           | 389         |
|    time_elapsed         | 39040       |
|    total_timesteps      | 1991680     |
| train/                  |             |
|    approx_kl            | 0.038817324 |
|    clip_fraction        | 0.178       |
|    clip_range           | 0.2         |
|    entropy_loss         | -1.29       |
|    explained_variance   | 0.783       |
|    learning_rate        | 0.0003      |
|    loss                 | 0.373       |
|    n_updates            | 2431        |
|    policy_gradient_loss | -0.000963   |
|    std                  | 0.46        |
|    value_loss           | 1.15        |
-----------------------------------------
Early stopping at step 2 due to reaching max kl: 0.05
-----------------------------------------
| rollout/                |             |
|    ep_len_mean          | 47.9        |
|    ep_rew_mean          | -61.1       |
| time/                   |             |
|    fps                  | 51          |
|    iterations           | 390         |
|    time_elapsed         | 39133       |
|    total_timesteps      | 1996800     |
| train/                  |             |
|    approx_kl            | 0.032147318 |
|    clip_fraction        | 0.195       |
|    clip_range           | 0.2         |
|    entropy_loss         | -1.29       |
|    explained_variance   | 0.789       |
|    learning_rate        | 0.0003      |
|    loss                 | 0.364       |
|    n_updates            | 2434        |
|    policy_gradient_loss | -0.00245    |
|    std                  | 0.46        |
|    value_loss           | 0.719       |
-----------------------------------------
Early stopping at step 2 due to reaching max kl: 0.05
[EVAL] t=2,000,000 supervisor off goal 0.78 collision 0.22 timeout 0.00 return -30.3 colregs -17.2 intervention 0.00 (174.6 s)
[EVAL] t=2,000,000 supervisor on goal 0.78 collision 0.22 timeout 0.00 return -30.8 colregs -16.5 intervention 0.03 (176.1 s)
-------------------------------------------------
| eval_supervisor_off/            |             |
|    being_overtaken/collision    | 0.1         |
|    being_overtaken/colregs      | -18         |
|    being_overtaken/goal         | 0.9         |
|    being_overtaken/intervention | 0           |
|    collision_boundary           | 0.0167      |
|    collision_obstacle           | 0.0833      |
|    collision_rate               | 0.217       |
|    collision_target             | 0.117       |
|    crossing/collision           | 0.6         |
|    crossing/colregs             | -31.6       |
|    crossing/goal                | 0.4         |
|    crossing/intervention        | 0           |
|    episodes                     | 120         |
|    estops_per_episode           | 0           |
|    eval_wall_s                  | 175         |
|    goal_rate                    | 0.783       |
|    head_on/collision            | 0.1         |
|    head_on/colregs              | -18.8       |
|    head_on/goal                 | 0.9         |
|    head_on/intervention         | 0           |
|    intervention_rate            | 0           |
|    mean_colregs_integral        | -17.2       |
|    mean_return                  | -30.3       |
|    no_target/collision          | 0.1         |
|    no_target/colregs            | 0           |
|    no_target/goal               | 0.9         |
|    no_target/intervention       | 0           |
|    null/collision               | 0.25        |
|    null/colregs                 | -5.34       |
|    null/goal                    | 0.75        |
|    null/intervention            | 0           |
|    overtaking/collision         | 0.15        |
|    overtaking/colregs           | -29.3       |
|    overtaking/goal              | 0.85        |
|    overtaking/intervention      | 0           |
|    timeout_rate                 | 0           |
|    timesteps                    | 2000000     |
| eval_supervisor_on/             |             |
|    being_overtaken/collision    | 0.1         |
|    being_overtaken/colregs      | -18         |
|    being_overtaken/goal         | 0.9         |
|    being_overtaken/intervention | 0           |
|    collision_boundary           | 0.0167      |
|    collision_obstacle           | 0.0833      |
|    collision_rate               | 0.217       |
|    collision_target             | 0.117       |
|    crossing/collision           | 0.6         |
|    crossing/colregs             | -27.5       |
|    crossing/goal                | 0.4         |
|    crossing/intervention        | 0.15        |
|    episodes                     | 120         |
|    estops_per_episode           | 0.025       |
|    eval_wall_s                  | 176         |
|    goal_rate                    | 0.783       |
|    head_on/collision            | 0.1         |
|    head_on/colregs              | -18.8       |
|    head_on/goal                 | 0.9         |
|    head_on/intervention         | 0           |
|    intervention_rate            | 0.025       |
|    mean_colregs_integral        | -16.5       |
|    mean_return                  | -30.8       |
|    no_target/collision          | 0.1         |
|    no_target/colregs            | 0           |
|    no_target/goal               | 0.9         |
|    no_target/intervention       | 0           |
|    null/collision               | 0.25        |
|    null/colregs                 | -5.34       |
|    null/goal                    | 0.75        |
|    null/intervention            | 0           |
|    overtaking/collision         | 0.15        |
|    overtaking/colregs           | -29.3       |
|    overtaking/goal              | 0.85        |
|    overtaking/intervention      | 0           |
|    timeout_rate                 | 0           |
|    timesteps                    | 2000000     |
| rollout/                        |             |
|    ep_len_mean                  | 49.3        |
|    ep_rew_mean                  | -55.9       |
| time/                           |             |
|    fps                          | 50          |
|    iterations                   | 391         |
|    time_elapsed                 | 39581       |
|    total_timesteps              | 2001920     |
| train/                          |             |
|    approx_kl                    | 0.045018245 |
|    clip_fraction                | 0.188       |
|    clip_range                   | 0.2         |
|    entropy_loss                 | -1.29       |
|    explained_variance           | 0.731       |
|    learning_rate                | 0.0003      |
|    loss                         | 0.413       |
|    n_updates                    | 2437        |
|    policy_gradient_loss         | 0.00118     |
|    std                          | 0.461       |
|    value_loss                   | 1.06        |
-------------------------------------------------
Early stopping at step 2 due to reaching max kl: 0.05
[EVAL] t=2,001,920 supervisor off goal 0.76 collision 0.24 timeout 0.00 return -39.3 colregs -16.9 intervention 0.00 (164.9 s)
[EVAL] t=2,001,920 supervisor on goal 0.76 collision 0.24 timeout 0.00 return -40.1 colregs -16.5 intervention 0.03 (165.8 s)
done in 11.09 h -> C:\Users\hntran\OneDrive - University of Tasmania\Documents\PhD\asv-path-replanning\asv-lidar\static_dynamic_obstacles\runs\ppo_formulation_seed0_v5
