[CONFIG] baseline-v4 (formulation 851e5baf06bc088a): sac seed 0
[HANDBACK] 15% of episodes from stage 6 start from C:\Users\hntran\OneDrive - University of Tasmania\Documents\PhD\asv-path-replanning\asv-lidar\static_dynamic_obstacles\results\hard_starts\pool_v4.pkl
Using cpu device
[FIELD] building the field evaluation scenarios ...
Logging to C:\Users\hntran\OneDrive - University of Tasmania\Documents\PhD\asv-path-replanning\asv-lidar\static_dynamic_obstacles\runs\tensorboard\sac_formulation_seed0_bl4_1
[CURRICULUM] t=0 -> scenario stage 1
---------------------------------
| rollout/           |          |
|    ep_len_mean     | 43.5     |
|    ep_rew_mean     | -337     |
| time/              |          |
|    episodes        | 4        |
|    fps             | 228      |
|    time_elapsed    | 2        |
|    total_timesteps | 570      |
---------------------------------
---------------------------------
| rollout/           |          |
|    ep_len_mean     | 49       |
|    ep_rew_mean     | -232     |
| time/              |          |
|    episodes        | 8        |
|    fps             | 227      |
|    time_elapsed    | 2        |
|    total_timesteps | 650      |
---------------------------------
---------------------------------
| rollout/           |          |
|    ep_len_mean     | 53.6     |
|    ep_rew_mean     | -268     |
| time/              |          |
|    episodes        | 12       |
|    fps             | 229      |
|    time_elapsed    | 4        |
|    total_timesteps | 960      |
---------------------------------
---------------------------------
| rollout/           |          |
|    ep_len_mean     | 54.3     |
|    ep_rew_mean     | -229     |
| time/              |          |
|    episodes        | 16       |
|    fps             | 230      |
|    time_elapsed    | 5        |
|    total_timesteps | 1190     |
---------------------------------
---------------------------------
| rollout/           |          |
|    ep_len_mean     | 55.5     |
|    ep_rew_mean     | -232     |
| time/              |          |
|    episodes        | 20       |
|    fps             | 227      |
|    time_elapsed    | 5        |
|    total_timesteps | 1320     |
---------------------------------
---------------------------------
| rollout/           |          |
|    ep_len_mean     | 54       |
|    ep_rew_mean     | -228     |
| time/              |          |
|    episodes        | 24       |
|    fps             | 228      |
|    time_elapsed    | 7        |
|    total_timesteps | 1600     |
---------------------------------
---------------------------------
| rollout/           |          |
|    ep_len_mean     | 54.1     |
|    ep_rew_mean     | -210     |
| time/              |          |
|    episodes        | 28       |
|    fps             | 228      |
|    time_elapsed    | 7        |
|    total_timesteps | 1810     |
---------------------------------
---------------------------------
| rollout/           |          |
|    ep_len_mean     | 54.4     |
|    ep_rew_mean     | -200     |
| time/              |          |
|    episodes        | 32       |
|    fps             | 230      |
|    time_elapsed    | 8        |
|    total_timesteps | 1930     |
---------------------------------
---------------------------------
| rollout/           |          |
|    ep_len_mean     | 54.3     |
|    ep_rew_mean     | -215     |
| time/              |          |
|    episodes        | 36       |
|    fps             | 232      |
|    time_elapsed    | 9        |
|    total_timesteps | 2270     |
---------------------------------
---------------------------------
| rollout/           |          |
|    ep_len_mean     | 54       |
|    ep_rew_mean     | -207     |
| time/              |          |
|    episodes        | 40       |
|    fps             | 231      |
|    time_elapsed    | 10       |
|    total_timesteps | 2410     |
---------------------------------
---------------------------------
| rollout/           |          |
|    ep_len_mean     | 54.2     |
|    ep_rew_mean     | -208     |
| time/              |          |
|    episodes        | 44       |
|    fps             | 233      |
|    time_elapsed    | 11       |
|    total_timesteps | 2610     |
---------------------------------
---------------------------------
| rollout/           |          |
|    ep_len_mean     | 53.9     |
|    ep_rew_mean     | -210     |
| time/              |          |
|    episodes        | 48       |
|    fps             | 230      |
|    time_elapsed    | 12       |
|    total_timesteps | 2930     |
---------------------------------
---------------------------------
| rollout/           |          |
|    ep_len_mean     | 53.8     |
|    ep_rew_mean     | -212     |
| time/              |          |
|    episodes        | 52       |
|    fps             | 231      |
|    time_elapsed    | 13       |
|    total_timesteps | 3210     |
---------------------------------
---------------------------------
| rollout/           |          |
|    ep_len_mean     | 54.7     |
|    ep_rew_mean     | -189     |
| time/              |          |
|    episodes        | 56       |
|    fps             | 230      |
|    time_elapsed    | 14       |
|    total_timesteps | 3290     |
---------------------------------
---------------------------------
| rollout/           |          |
|    ep_len_mean     | 54.2     |
|    ep_rew_mean     | -198     |
| time/              |          |
|    episodes        | 60       |
|    fps             | 230      |
|    time_elapsed    | 15       |
|    total_timesteps | 3490     |
---------------------------------
---------------------------------
| rollout/           |          |
|    ep_len_mean     | 53       |
|    ep_rew_mean     | -206     |
| time/              |          |
|    episodes        | 64       |
|    fps             | 228      |
|    time_elapsed    | 16       |
|    total_timesteps | 3710     |
---------------------------------
---------------------------------
| rollout/           |          |
|    ep_len_mean     | 54       |
|    ep_rew_mean     | -202     |
| time/              |          |
|    episodes        | 68       |
|    fps             | 230      |
|    time_elapsed    | 17       |
|    total_timesteps | 3960     |
---------------------------------
---------------------------------
| rollout/           |          |
|    ep_len_mean     | 54       |
|    ep_rew_mean     | -199     |
| time/              |          |
|    episodes        | 72       |
|    fps             | 230      |
|    time_elapsed    | 18       |
|    total_timesteps | 4220     |
---------------------------------
---------------------------------
| rollout/           |          |
|    ep_len_mean     | 53.8     |
|    ep_rew_mean     | -201     |
| time/              |          |
|    episodes        | 76       |
|    fps             | 233      |
|    time_elapsed    | 18       |
|    total_timesteps | 4350     |
---------------------------------
---------------------------------
| rollout/           |          |
|    ep_len_mean     | 53.7     |
|    ep_rew_mean     | -194     |
| time/              |          |
|    episodes        | 80       |
|    fps             | 234      |
|    time_elapsed    | 19       |
|    total_timesteps | 4570     |
---------------------------------
---------------------------------
| rollout/           |          |
|    ep_len_mean     | 53.6     |
|    ep_rew_mean     | -196     |
| time/              |          |
|    episodes        | 84       |
|    fps             | 236      |
|    time_elapsed    | 20       |
|    total_timesteps | 4810     |
---------------------------------
---------------------------------
| rollout/           |          |
|    ep_len_mean     | 53.7     |
|    ep_rew_mean     | -186     |
| time/              |          |
|    episodes        | 88       |
|    fps             | 236      |
|    time_elapsed    | 20       |
|    total_timesteps | 4960     |
---------------------------------
---------------------------------
| rollout/           |          |
|    ep_len_mean     | 53.2     |
|    ep_rew_mean     | -187     |
| time/              |          |
|    episodes        | 92       |
|    fps             | 237      |
|    time_elapsed    | 21       |
|    total_timesteps | 5180     |
---------------------------------
---------------------------------
| rollout/           |          |
|    ep_len_mean     | 53       |
|    ep_rew_mean     | -188     |
| time/              |          |
|    episodes        | 96       |
|    fps             | 237      |
|    time_elapsed    | 22       |
|    total_timesteps | 5320     |
---------------------------------
---------------------------------
| rollout/           |          |
|    ep_len_mean     | 53.5     |
|    ep_rew_mean     | -190     |
| time/              |          |
|    episodes        | 100      |
|    fps             | 239      |
|    time_elapsed    | 23       |
|    total_timesteps | 5660     |
---------------------------------
---------------------------------
| rollout/           |          |
|    ep_len_mean     | 53.7     |
|    ep_rew_mean     | -186     |
| time/              |          |
|    episodes        | 104      |
|    fps             | 239      |
|    time_elapsed    | 24       |
|    total_timesteps | 5750     |
---------------------------------
---------------------------------
| rollout/           |          |
|    ep_len_mean     | 53.5     |
|    ep_rew_mean     | -184     |
| time/              |          |
|    episodes        | 108      |
|    fps             | 239      |
|    time_elapsed    | 25       |
|    total_timesteps | 6060     |
---------------------------------
---------------------------------
| rollout/           |          |
|    ep_len_mean     | 53.2     |
|    ep_rew_mean     | -170     |
| time/              |          |
|    episodes        | 112      |
|    fps             | 240      |
|    time_elapsed    | 25       |
|    total_timesteps | 6230     |
---------------------------------
---------------------------------
| rollout/           |          |
|    ep_len_mean     | 52.8     |
|    ep_rew_mean     | -175     |
| time/              |          |
|    episodes        | 116      |
|    fps             | 240      |
|    time_elapsed    | 26       |
|    total_timesteps | 6470     |
---------------------------------
---------------------------------
| rollout/           |          |
|    ep_len_mean     | 53       |
|    ep_rew_mean     | -182     |
| time/              |          |
|    episodes        | 120      |
|    fps             | 240      |
|    time_elapsed    | 27       |
|    total_timesteps | 6630     |
---------------------------------
---------------------------------
| rollout/           |          |
|    ep_len_mean     | 54       |
|    ep_rew_mean     | -183     |
| time/              |          |
|    episodes        | 124      |
|    fps             | 242      |
|    time_elapsed    | 29       |
|    total_timesteps | 7090     |
---------------------------------
---------------------------------
| rollout/           |          |
|    ep_len_mean     | 54.6     |
|    ep_rew_mean     | -189     |
| time/              |          |
|    episodes        | 128      |
|    fps             | 242      |
|    time_elapsed    | 29       |
|    total_timesteps | 7240     |
---------------------------------
---------------------------------
| rollout/           |          |
|    ep_len_mean     | 54.5     |
|    ep_rew_mean     | -194     |
| time/              |          |
|    episodes        | 132      |
|    fps             | 242      |
|    time_elapsed    | 30       |
|    total_timesteps | 7340     |
---------------------------------
---------------------------------
| rollout/           |          |
|    ep_len_mean     | 54.4     |
|    ep_rew_mean     | -196     |
| time/              |          |
|    episodes        | 136      |
|    fps             | 241      |
|    time_elapsed    | 32       |
|    total_timesteps | 7770     |
---------------------------------
---------------------------------
| rollout/           |          |
|    ep_len_mean     | 54.6     |
|    ep_rew_mean     | -205     |
| time/              |          |
|    episodes        | 140      |
|    fps             | 241      |
|    time_elapsed    | 32       |
|    total_timesteps | 7950     |
---------------------------------
---------------------------------
| rollout/           |          |
|    ep_len_mean     | 55.2     |
|    ep_rew_mean     | -206     |
| time/              |          |
|    episodes        | 144      |
|    fps             | 241      |
|    time_elapsed    | 33       |
|    total_timesteps | 8080     |
---------------------------------
---------------------------------
| rollout/           |          |
|    ep_len_mean     | 55.4     |
|    ep_rew_mean     | -197     |
| time/              |          |
|    episodes        | 148      |
|    fps             | 241      |
|    time_elapsed    | 34       |
|    total_timesteps | 8420     |
---------------------------------
---------------------------------
| rollout/           |          |
|    ep_len_mean     | 55.6     |
|    ep_rew_mean     | -183     |
| time/              |          |
|    episodes        | 152      |
|    fps             | 240      |
|    time_elapsed    | 35       |
|    total_timesteps | 8610     |
---------------------------------
---------------------------------
| rollout/           |          |
|    ep_len_mean     | 54.9     |
|    ep_rew_mean     | -196     |
| time/              |          |
|    episodes        | 156      |
|    fps             | 241      |
|    time_elapsed    | 36       |
|    total_timesteps | 8840     |
---------------------------------
---------------------------------
| rollout/           |          |
|    ep_len_mean     | 54.6     |
|    ep_rew_mean     | -188     |
| time/              |          |
|    episodes        | 160      |
|    fps             | 241      |
|    time_elapsed    | 37       |
|    total_timesteps | 9130     |
---------------------------------
---------------------------------
| rollout/           |          |
|    ep_len_mean     | 56       |
|    ep_rew_mean     | -184     |
| time/              |          |
|    episodes        | 164      |
|    fps             | 241      |
|    time_elapsed    | 38       |
|    total_timesteps | 9290     |
---------------------------------
---------------------------------
| rollout/           |          |
|    ep_len_mean     | 55.7     |
|    ep_rew_mean     | -194     |
| time/              |          |
|    episodes        | 168      |
|    fps             | 242      |
|    time_elapsed    | 39       |
|    total_timesteps | 9490     |
---------------------------------
---------------------------------
| rollout/           |          |
|    ep_len_mean     | 55.6     |
|    ep_rew_mean     | -197     |
| time/              |          |
|    episodes        | 172      |
|    fps             | 243      |
|    time_elapsed    | 40       |
|    total_timesteps | 9770     |
---------------------------------
---------------------------------
| rollout/           |          |
|    ep_len_mean     | 56.3     |
|    ep_rew_mean     | -202     |
| time/              |          |
|    episodes        | 176      |
|    fps             | 243      |
|    time_elapsed    | 40       |
|    total_timesteps | 9940     |
---------------------------------
---------------------------------
| rollout/           |          |
|    ep_len_mean     | 55.7     |
|    ep_rew_mean     | -202     |
| time/              |          |
|    episodes        | 180      |
|    fps             | 232      |
|    time_elapsed    | 43       |
|    total_timesteps | 10050    |
| train/             |          |
|    actor_loss      | -2.68    |
|    critic_loss     | 1.1      |
|    ent_coef        | 0.99     |
|    ent_coef_loss   | -0.0348  |
|    learning_rate   | 0.0003   |
|    n_updates       | 40       |
---------------------------------
---------------------------------
| rollout/           |          |
|    ep_len_mean     | 56.3     |
|    ep_rew_mean     | -199     |
| time/              |          |
|    episodes        | 184      |
|    fps             | 164      |
|    time_elapsed    | 63       |
|    total_timesteps | 10490    |
| train/             |          |
|    actor_loss      | -3.56    |
|    critic_loss     | 1.31     |
|    ent_coef        | 0.867    |
|    ent_coef_loss   | -0.479   |
|    learning_rate   | 0.0003   |
|    n_updates       | 480      |
---------------------------------
---------------------------------
| rollout/           |          |
|    ep_len_mean     | 55.9     |
|    ep_rew_mean     | -208     |
| time/              |          |
|    episodes        | 188      |
|    fps             | 148      |
|    time_elapsed    | 71       |
|    total_timesteps | 10640    |
| train/             |          |
|    actor_loss      | -3.99    |
|    critic_loss     | 1.27     |
|    ent_coef        | 0.829    |
|    ent_coef_loss   | -0.631   |
|    learning_rate   | 0.0003   |
|    n_updates       | 630      |
---------------------------------
---------------------------------
| rollout/           |          |
|    ep_len_mean     | 56.6     |
|    ep_rew_mean     | -205     |
| time/              |          |
|    episodes        | 192      |
|    fps             | 138      |
|    time_elapsed    | 77       |
|    total_timesteps | 10720    |
| train/             |          |
|    actor_loss      | -4.24    |
|    critic_loss     | 1.19     |
|    ent_coef        | 0.809    |
|    ent_coef_loss   | -0.713   |
|    learning_rate   | 0.0003   |
|    n_updates       | 710      |
---------------------------------
---------------------------------
| rollout/           |          |
|    ep_len_mean     | 56.2     |
|    ep_rew_mean     | -210     |
| time/              |          |
|    episodes        | 196      |
|    fps             | 119      |
|    time_elapsed    | 91       |
|    total_timesteps | 10980    |
| train/             |          |
|    actor_loss      | -4.88    |
|    critic_loss     | 0.854    |
|    ent_coef        | 0.749    |
|    ent_coef_loss   | -0.975   |
|    learning_rate   | 0.0003   |
|    n_updates       | 970      |
---------------------------------
---------------------------------
| rollout/           |          |
|    ep_len_mean     | 56.2     |
|    ep_rew_mean     | -209     |
| time/              |          |
|    episodes        | 200      |
|    fps             | 106      |
|    time_elapsed    | 105      |
|    total_timesteps | 11250    |
| train/             |          |
|    actor_loss      | -5.49    |
|    critic_loss     | 0.856    |
|    ent_coef        | 0.69     |
|    ent_coef_loss   | -1.25    |
|    learning_rate   | 0.0003   |
|    n_updates       | 1240     |
---------------------------------
---------------------------------
| rollout/           |          |
|    ep_len_mean     | 56.5     |
|    ep_rew_mean     | -209     |
| time/              |          |
|    episodes        | 204      |
|    fps             | 97       |
|    time_elapsed    | 118      |
|    total_timesteps | 11510    |
| train/             |          |
|    actor_loss      | -5.83    |
|    critic_loss     | 0.942    |
|    ent_coef        | 0.639    |
|    ent_coef_loss   | -1.5     |
|    learning_rate   | 0.0003   |
|    n_updates       | 1500     |
---------------------------------
---------------------------------
| rollout/           |          |
|    ep_len_mean     | 56.9     |
|    ep_rew_mean     | -210     |
| time/              |          |
|    episodes        | 208      |
|    fps             | 94       |
|    time_elapsed    | 123      |
|    total_timesteps | 11610    |
| train/             |          |
|    actor_loss      | -6.03    |
|    critic_loss     | 0.541    |
|    ent_coef        | 0.62     |
|    ent_coef_loss   | -1.61    |
|    learning_rate   | 0.0003   |
|    n_updates       | 1600     |
---------------------------------
---------------------------------
| rollout/           |          |
|    ep_len_mean     | 56.4     |
|    ep_rew_mean     | -224     |
| time/              |          |
|    episodes        | 212      |
|    fps             | 84       |
|    time_elapsed    | 141      |
|    total_timesteps | 11970    |
| train/             |          |
|    actor_loss      | -6.38    |
|    critic_loss     | 0.72     |
|    ent_coef        | 0.556    |
|    ent_coef_loss   | -1.97    |
|    learning_rate   | 0.0003   |
|    n_updates       | 1960     |
---------------------------------
---------------------------------
| rollout/           |          |
|    ep_len_mean     | 56.5     |
|    ep_rew_mean     | -223     |
| time/              |          |
|    episodes        | 216      |
|    fps             | 80       |
|    time_elapsed    | 150      |
|    total_timesteps | 12160    |
| train/             |          |
|    actor_loss      | -6.44    |
|    critic_loss     | 1.36     |
|    ent_coef        | 0.526    |
|    ent_coef_loss   | -2.16    |
|    learning_rate   | 0.0003   |
|    n_updates       | 2150     |
---------------------------------
---------------------------------
| rollout/           |          |
|    ep_len_mean     | 56.6     |
|    ep_rew_mean     | -216     |
| time/              |          |
|    episodes        | 220      |
|    fps             | 78       |
|    time_elapsed    | 156      |
|    total_timesteps | 12280    |
| train/             |          |
|    actor_loss      | -6.39    |
|    critic_loss     | 1.06     |
|    ent_coef        | 0.507    |
|    ent_coef_loss   | -2.29    |
|    learning_rate   | 0.0003   |
|    n_updates       | 2270     |
---------------------------------
---------------------------------
| rollout/           |          |
|    ep_len_mean     | 55.9     |
|    ep_rew_mean     | -215     |
| time/              |          |
|    episodes        | 224      |
|    fps             | 73       |
|    time_elapsed    | 170      |
|    total_timesteps | 12560    |
| train/             |          |
|    actor_loss      | -6.55    |
|    critic_loss     | 1.61     |
|    ent_coef        | 0.466    |
|    ent_coef_loss   | -2.56    |
|    learning_rate   | 0.0003   |
|    n_updates       | 2550     |
---------------------------------
---------------------------------
| rollout/           |          |
|    ep_len_mean     | 55.5     |
|    ep_rew_mean     | -220     |
| time/              |          |
|    episodes        | 228      |
|    fps             | 69       |
|    time_elapsed    | 183      |
|    total_timesteps | 12820    |
| train/             |          |
|    actor_loss      | -6.6     |
|    critic_loss     | 0.432    |
|    ent_coef        | 0.431    |
|    ent_coef_loss   | -2.83    |
|    learning_rate   | 0.0003   |
|    n_updates       | 2810     |
---------------------------------
---------------------------------
| rollout/           |          |
|    ep_len_mean     | 55.5     |
|    ep_rew_mean     | -218     |
| time/              |          |
|    episodes        | 232      |
|    fps             | 68       |
|    time_elapsed    | 189      |
|    total_timesteps | 12940    |
| train/             |          |
|    actor_loss      | -6.43    |
|    critic_loss     | 0.652    |
|    ent_coef        | 0.416    |
|    ent_coef_loss   | -2.95    |
|    learning_rate   | 0.0003   |
|    n_updates       | 2930     |
---------------------------------
---------------------------------
| rollout/           |          |
|    ep_len_mean     | 54.7     |
|    ep_rew_mean     | -216     |
| time/              |          |
|    episodes        | 236      |
|    fps             | 66       |
|    time_elapsed    | 197      |
|    total_timesteps | 13100    |
| train/             |          |
|    actor_loss      | -6.37    |
|    critic_loss     | 1.07     |
|    ent_coef        | 0.397    |
|    ent_coef_loss   | -3.1     |
|    learning_rate   | 0.0003   |
|    n_updates       | 3090     |
---------------------------------
---------------------------------
| rollout/           |          |
|    ep_len_mean     | 54.4     |
|    ep_rew_mean     | -212     |
| time/              |          |
|    episodes        | 240      |
|    fps             | 64       |
|    time_elapsed    | 206      |
|    total_timesteps | 13280    |
| train/             |          |
|    actor_loss      | -6.36    |
|    critic_loss     | 1.02     |
|    ent_coef        | 0.376    |
|    ent_coef_loss   | -3.29    |
|    learning_rate   | 0.0003   |
|    n_updates       | 3270     |
---------------------------------
---------------------------------
| rollout/           |          |
|    ep_len_mean     | 53.4     |
|    ep_rew_mean     | -211     |
| time/              |          |
|    episodes        | 244      |
|    fps             | 61       |
|    time_elapsed    | 220      |
|    total_timesteps | 13560    |
| train/             |          |
|    actor_loss      | -6.16    |
|    critic_loss     | 0.846    |
|    ent_coef        | 0.346    |
|    ent_coef_loss   | -3.55    |
|    learning_rate   | 0.0003   |
|    n_updates       | 3550     |
---------------------------------
---------------------------------
| rollout/           |          |
|    ep_len_mean     | 53       |
|    ep_rew_mean     | -225     |
| time/              |          |
|    episodes        | 248      |
|    fps             | 60       |
|    time_elapsed    | 226      |
|    total_timesteps | 13670    |
| train/             |          |
|    actor_loss      | -6.04    |
|    critic_loss     | 1.21     |
|    ent_coef        | 0.334    |
|    ent_coef_loss   | -3.68    |
|    learning_rate   | 0.0003   |
|    n_updates       | 3660     |
---------------------------------
---------------------------------
| rollout/           |          |
|    ep_len_mean     | 52.5     |
|    ep_rew_mean     | -233     |
| time/              |          |
|    episodes        | 252      |
|    fps             | 58       |
|    time_elapsed    | 239      |
|    total_timesteps | 13960    |
| train/             |          |
|    actor_loss      | -5.98    |
|    critic_loss     | 0.519    |
|    ent_coef        | 0.307    |
|    ent_coef_loss   | -3.94    |
|    learning_rate   | 0.0003   |
|    n_updates       | 3950     |
---------------------------------
---------------------------------
| rollout/           |          |
|    ep_len_mean     | 53.2     |
|    ep_rew_mean     | -236     |
| time/              |          |
|    episodes        | 256      |
|    fps             | 56       |
|    time_elapsed    | 250      |
|    total_timesteps | 14170    |
| train/             |          |
|    actor_loss      | -5.79    |
|    critic_loss     | 1.18     |
|    ent_coef        | 0.288    |
|    ent_coef_loss   | -4.16    |
|    learning_rate   | 0.0003   |
|    n_updates       | 4160     |
---------------------------------
---------------------------------
| rollout/           |          |
|    ep_len_mean     | 53.3     |
|    ep_rew_mean     | -235     |
| time/              |          |
|    episodes        | 260      |
|    fps             | 55       |
|    time_elapsed    | 255      |
|    total_timesteps | 14240    |
| train/             |          |
|    actor_loss      | -5.8     |
|    critic_loss     | 0.891    |
|    ent_coef        | 0.282    |
|    ent_coef_loss   | -4.22    |
|    learning_rate   | 0.0003   |
|    n_updates       | 4230     |
---------------------------------
---------------------------------
| rollout/           |          |
|    ep_len_mean     | 51.9     |
|    ep_rew_mean     | -238     |
| time/              |          |
|    episodes        | 264      |
|    fps             | 54       |
|    time_elapsed    | 265      |
|    total_timesteps | 14430    |
| train/             |          |
|    actor_loss      | -5.57    |
|    critic_loss     | 0.895    |
|    ent_coef        | 0.266    |
|    ent_coef_loss   | -4.39    |
|    learning_rate   | 0.0003   |
|    n_updates       | 4420     |
---------------------------------
---------------------------------
| rollout/           |          |
|    ep_len_mean     | 51.7     |
|    ep_rew_mean     | -235     |
| time/              |          |
|    episodes        | 268      |
|    fps             | 51       |
|    time_elapsed    | 287      |
|    total_timesteps | 14890    |
| train/             |          |
|    actor_loss      | -5.16    |
|    critic_loss     | 0.874    |
|    ent_coef        | 0.232    |
|    ent_coef_loss   | -4.84    |
|    learning_rate   | 0.0003   |
|    n_updates       | 4880     |
---------------------------------
---------------------------------
| rollout/           |          |
|    ep_len_mean     | 52       |
|    ep_rew_mean     | -235     |
| time/              |          |
|    episodes        | 272      |
|    fps             | 51       |
|    time_elapsed    | 292      |
|    total_timesteps | 14980    |
| train/             |          |
|    actor_loss      | -5.02    |
|    critic_loss     | 1.06     |
|    ent_coef        | 0.226    |
|    ent_coef_loss   | -4.93    |
|    learning_rate   | 0.0003   |
|    n_updates       | 4970     |
---------------------------------
---------------------------------
| rollout/           |          |
|    ep_len_mean     | 52.6     |
|    ep_rew_mean     | -232     |
| time/              |          |
|    episodes        | 276      |
|    fps             | 50       |
|    time_elapsed    | 299      |
|    total_timesteps | 15140    |
| train/             |          |
|    actor_loss      | -4.85    |
|    critic_loss     | 0.957    |
|    ent_coef        | 0.216    |
|    ent_coef_loss   | -5.04    |
|    learning_rate   | 0.0003   |
|    n_updates       | 5130     |
---------------------------------
---------------------------------
| rollout/           |          |
|    ep_len_mean     | 52.2     |
|    ep_rew_mean     | -236     |
| time/              |          |
|    episodes        | 280      |
|    fps             | 49       |
|    time_elapsed    | 308      |
|    total_timesteps | 15310    |
| train/             |          |
|    actor_loss      | -4.7     |
|    critic_loss     | 1        |
|    ent_coef        | 0.205    |
|    ent_coef_loss   | -5.2     |
|    learning_rate   | 0.0003   |
|    n_updates       | 5300     |
---------------------------------
---------------------------------
| rollout/           |          |
|    ep_len_mean     | 51.3     |
|    ep_rew_mean     | -234     |
| time/              |          |
|    episodes        | 284      |
|    fps             | 48       |
|    time_elapsed    | 325      |
|    total_timesteps | 15650    |
| train/             |          |
|    actor_loss      | -4.42    |
|    critic_loss     | 0.982    |
|    ent_coef        | 0.185    |
|    ent_coef_loss   | -5.48    |
|    learning_rate   | 0.0003   |
|    n_updates       | 5640     |
---------------------------------
---------------------------------
| rollout/           |          |
|    ep_len_mean     | 52.5     |
|    ep_rew_mean     | -231     |
| time/              |          |
|    episodes        | 288      |
|    fps             | 47       |
|    time_elapsed    | 334      |
|    total_timesteps | 15830    |
| train/             |          |
|    actor_loss      | -4.27    |
|    critic_loss     | 0.44     |
|    ent_coef        | 0.176    |
|    ent_coef_loss   | -5.65    |
|    learning_rate   | 0.0003   |
|    n_updates       | 5820     |
---------------------------------
---------------------------------
| rollout/           |          |
|    ep_len_mean     | 52.6     |
|    ep_rew_mean     | -231     |
| time/              |          |
|    episodes        | 292      |
|    fps             | 46       |
|    time_elapsed    | 346      |
|    total_timesteps | 16080    |
| train/             |          |
|    actor_loss      | -3.89    |
|    critic_loss     | 0.529    |
|    ent_coef        | 0.163    |
|    ent_coef_loss   | -5.9     |
|    learning_rate   | 0.0003   |
|    n_updates       | 6070     |
---------------------------------
---------------------------------
| rollout/           |          |
|    ep_len_mean     | 53.6     |
|    ep_rew_mean     | -227     |
| time/              |          |
|    episodes        | 296      |
|    fps             | 45       |
|    time_elapsed    | 364      |
|    total_timesteps | 16450    |
| train/             |          |
|    actor_loss      | -3.51    |
|    critic_loss     | 0.51     |
|    ent_coef        | 0.146    |
|    ent_coef_loss   | -6.11    |
|    learning_rate   | 0.0003   |
|    n_updates       | 6440     |
---------------------------------
---------------------------------
| rollout/           |          |
|    ep_len_mean     | 53.7     |
|    ep_rew_mean     | -213     |
| time/              |          |
|    episodes        | 300      |
|    fps             | 44       |
|    time_elapsed    | 372      |
|    total_timesteps | 16610    |
| train/             |          |
|    actor_loss      | -3.37    |
|    critic_loss     | 0.502    |
|    ent_coef        | 0.14     |
|    ent_coef_loss   | -6.23    |
|    learning_rate   | 0.0003   |
|    n_updates       | 6600     |
---------------------------------
---------------------------------
| rollout/           |          |
|    ep_len_mean     | 54.5     |
|    ep_rew_mean     | -214     |
| time/              |          |
|    episodes        | 304      |
|    fps             | 43       |
|    time_elapsed    | 392      |
|    total_timesteps | 17020    |
| train/             |          |
|    actor_loss      | -3       |
|    critic_loss     | 0.639    |
|    ent_coef        | 0.124    |
|    ent_coef_loss   | -6.51    |
|    learning_rate   | 0.0003   |
|    n_updates       | 7010     |
---------------------------------
---------------------------------
| rollout/           |          |
|    ep_len_mean     | 55.1     |
|    ep_rew_mean     | -207     |
| time/              |          |
|    episodes        | 308      |
|    fps             | 42       |
|    time_elapsed    | 401      |
|    total_timesteps | 17220    |
| train/             |          |
|    actor_loss      | -2.88    |
|    critic_loss     | 0.586    |
|    ent_coef        | 0.117    |
|    ent_coef_loss   | -6.64    |
|    learning_rate   | 0.0003   |
|    n_updates       | 7210     |
---------------------------------
---------------------------------
| rollout/           |          |
|    ep_len_mean     | 56.1     |
|    ep_rew_mean     | -203     |
| time/              |          |
|    episodes        | 312      |
|    fps             | 41       |
|    time_elapsed    | 419      |
|    total_timesteps | 17530    |
| train/             |          |
|    actor_loss      | -2.65    |
|    critic_loss     | 0.443    |
|    ent_coef        | 0.107    |
|    ent_coef_loss   | -6.73    |
|    learning_rate   | 0.0003   |
|    n_updates       | 7520     |
---------------------------------
---------------------------------
| rollout/           |          |
|    ep_len_mean     | 55.4     |
|    ep_rew_mean     | -208     |
| time/              |          |
|    episodes        | 316      |
|    fps             | 41       |
|    time_elapsed    | 430      |
|    total_timesteps | 17750    |
| train/             |          |
|    actor_loss      | -2.46    |
|    critic_loss     | 0.431    |
|    ent_coef        | 0.1      |
|    ent_coef_loss   | -6.73    |
|    learning_rate   | 0.0003   |
|    n_updates       | 7740     |
---------------------------------
---------------------------------
| rollout/           |          |
|    ep_len_mean     | 55.9     |
|    ep_rew_mean     | -214     |
| time/              |          |
|    episodes        | 320      |
|    fps             | 40       |
|    time_elapsed    | 447      |
|    total_timesteps | 18070    |
| train/             |          |
|    actor_loss      | -2.27    |
|    critic_loss     | 0.289    |
|    ent_coef        | 0.0916   |
|    ent_coef_loss   | -6.75    |
|    learning_rate   | 0.0003   |
|    n_updates       | 8060     |
---------------------------------
---------------------------------
| rollout/           |          |
|    ep_len_mean     | 56.1     |
|    ep_rew_mean     | -206     |
| time/              |          |
|    episodes        | 324      |
|    fps             | 40       |
|    time_elapsed    | 450      |
|    total_timesteps | 18120    |
| train/             |          |
|    actor_loss      | -2.29    |
|    critic_loss     | 0.507    |
|    ent_coef        | 0.0904   |
|    ent_coef_loss   | -6.99    |
|    learning_rate   | 0.0003   |
|    n_updates       | 8110     |
---------------------------------
---------------------------------
| rollout/           |          |
|    ep_len_mean     | 55.2     |
|    ep_rew_mean     | -205     |
| time/              |          |
|    episodes        | 328      |
|    fps             | 39       |
|    time_elapsed    | 468      |
|    total_timesteps | 18480    |
| train/             |          |
|    actor_loss      | -1.96    |
|    critic_loss     | 0.383    |
|    ent_coef        | 0.0815   |
|    ent_coef_loss   | -6.99    |
|    learning_rate   | 0.0003   |
|    n_updates       | 8470     |
---------------------------------
---------------------------------
| rollout/           |          |
|    ep_len_mean     | 56.5     |
|    ep_rew_mean     | -204     |
| time/              |          |
|    episodes        | 332      |
|    fps             | 38       |
|    time_elapsed    | 481      |
|    total_timesteps | 18730    |
| train/             |          |
|    actor_loss      | -1.84    |
|    critic_loss     | 0.444    |
|    ent_coef        | 0.0758   |
|    ent_coef_loss   | -7.59    |
|    learning_rate   | 0.0003   |
|    n_updates       | 8720     |
---------------------------------
---------------------------------
| rollout/           |          |
|    ep_len_mean     | 57.4     |
|    ep_rew_mean     | -200     |
| time/              |          |
|    episodes        | 336      |
|    fps             | 38       |
|    time_elapsed    | 491      |
|    total_timesteps | 18930    |
| train/             |          |
|    actor_loss      | -1.65    |
|    critic_loss     | 0.523    |
|    ent_coef        | 0.0716   |
|    ent_coef_loss   | -7.62    |
|    learning_rate   | 0.0003   |
|    n_updates       | 8920     |
---------------------------------
---------------------------------
| rollout/           |          |
|    ep_len_mean     | 58.1     |
|    ep_rew_mean     | -190     |
| time/              |          |
|    episodes        | 340      |
|    fps             | 37       |
|    time_elapsed    | 506      |
|    total_timesteps | 19230    |
| train/             |          |
|    actor_loss      | -1.53    |
|    critic_loss     | 0.406    |
|    ent_coef        | 0.0656   |
|    ent_coef_loss   | -7.56    |
|    learning_rate   | 0.0003   |
|    n_updates       | 9220     |
---------------------------------
---------------------------------
| rollout/           |          |
|    ep_len_mean     | 59       |
|    ep_rew_mean     | -187     |
| time/              |          |
|    episodes        | 344      |
|    fps             | 37       |
|    time_elapsed    | 525      |
|    total_timesteps | 19580    |
| train/             |          |
|    actor_loss      | -1.24    |
|    critic_loss     | 0.416    |
|    ent_coef        | 0.0593   |
|    ent_coef_loss   | -7.82    |
|    learning_rate   | 0.0003   |
|    n_updates       | 9570     |
---------------------------------
---------------------------------
| rollout/           |          |
|    ep_len_mean     | 59.9     |
|    ep_rew_mean     | -174     |
| time/              |          |
|    episodes        | 348      |
|    fps             | 37       |
|    time_elapsed    | 532      |
|    total_timesteps | 19710    |
| train/             |          |
|    actor_loss      | -1.17    |
|    critic_loss     | 0.329    |
|    ent_coef        | 0.0571   |
|    ent_coef_loss   | -7.65    |
|    learning_rate   | 0.0003   |
|    n_updates       | 9700     |
---------------------------------
---------------------------------
| rollout/           |          |
|    ep_len_mean     | 60.4     |
|    ep_rew_mean     | -175     |
| time/              |          |
|    episodes        | 352      |
|    fps             | 36       |
|    time_elapsed    | 540      |
|    total_timesteps | 19880    |
| train/             |          |
|    actor_loss      | -1.12    |
|    critic_loss     | 0.411    |
|    ent_coef        | 0.0544   |
|    ent_coef_loss   | -8.12    |
|    learning_rate   | 0.0003   |
|    n_updates       | 9870     |
---------------------------------
---------------------------------
| rollout/           |          |
|    ep_len_mean     | 59.9     |
|    ep_rew_mean     | -169     |
| time/              |          |
|    episodes        | 356      |
|    fps             | 36       |
|    time_elapsed    | 549      |
|    total_timesteps | 20050    |
| train/             |          |
|    actor_loss      | -0.981   |
|    critic_loss     | 0.348    |
|    ent_coef        | 0.0518   |
|    ent_coef_loss   | -8.28    |
|    learning_rate   | 0.0003   |
|    n_updates       | 10040    |
---------------------------------
---------------------------------
| rollout/           |          |
|    ep_len_mean     | 60.1     |
|    ep_rew_mean     | -165     |
| time/              |          |
|    episodes        | 360      |
|    fps             | 36       |
|    time_elapsed    | 565      |
|    total_timesteps | 20370    |
| train/             |          |
|    actor_loss      | -0.938   |
|    critic_loss     | 0.396    |
|    ent_coef        | 0.0473   |
|    ent_coef_loss   | -8.05    |
|    learning_rate   | 0.0003   |
|    n_updates       | 10360    |
---------------------------------
---------------------------------
| rollout/           |          |
|    ep_len_mean     | 60.4     |
|    ep_rew_mean     | -171     |
| time/              |          |
|    episodes        | 364      |
|    fps             | 35       |
|    time_elapsed    | 575      |
|    total_timesteps | 20570    |
| train/             |          |
|    actor_loss      | -0.841   |
|    critic_loss     | 0.384    |
|    ent_coef        | 0.0447   |
|    ent_coef_loss   | -8.36    |
|    learning_rate   | 0.0003   |
|    n_updates       | 10560    |
---------------------------------
---------------------------------
| rollout/           |          |
|    ep_len_mean     | 60.7     |
|    ep_rew_mean     | -161     |
| time/              |          |
|    episodes        | 368      |
|    fps             | 35       |
|    time_elapsed    | 586      |
|    total_timesteps | 20780    |
| train/             |          |
|    actor_loss      | -0.778   |
|    critic_loss     | 0.406    |
|    ent_coef        | 0.0422   |
|    ent_coef_loss   | -7.99    |
|    learning_rate   | 0.0003   |
|    n_updates       | 10770    |
---------------------------------
---------------------------------
| rollout/           |          |
|    ep_len_mean     | 60.9     |
|    ep_rew_mean     | -153     |
| time/              |          |
|    episodes        | 372      |
|    fps             | 35       |
|    time_elapsed    | 599      |
|    total_timesteps | 21030    |
| train/             |          |
|    actor_loss      | -0.641   |
|    critic_loss     | 0.428    |
|    ent_coef        | 0.0393   |
|    ent_coef_loss   | -8       |
|    learning_rate   | 0.0003   |
|    n_updates       | 11020    |
---------------------------------
---------------------------------
| rollout/           |          |
|    ep_len_mean     | 60       |
|    ep_rew_mean     | -152     |
| time/              |          |
|    episodes        | 376      |
|    fps             | 34       |
|    time_elapsed    | 619      |
|    total_timesteps | 21280    |
| train/             |          |
|    actor_loss      | -0.577   |
|    critic_loss     | 0.481    |
|    ent_coef        | 0.0367   |
|    ent_coef_loss   | -7.52    |
|    learning_rate   | 0.0003   |
|    n_updates       | 11270    |
---------------------------------
---------------------------------
| rollout/           |          |
|    ep_len_mean     | 61.1     |
|    ep_rew_mean     | -145     |
| time/              |          |
|    episodes        | 380      |
|    fps             | 33       |
|    time_elapsed    | 638      |
|    total_timesteps | 21510    |
| train/             |          |
|    actor_loss      | -0.507   |
|    critic_loss     | 0.116    |
|    ent_coef        | 0.0344   |
|    ent_coef_loss   | -7.46    |
|    learning_rate   | 0.0003   |
|    n_updates       | 11500    |
---------------------------------
---------------------------------
| rollout/           |          |
|    ep_len_mean     | 62.1     |
|    ep_rew_mean     | -143     |
| time/              |          |
|    episodes        | 384      |
|    fps             | 33       |
|    time_elapsed    | 658      |
|    total_timesteps | 21800    |
| train/             |          |
|    actor_loss      | -0.431   |
|    critic_loss     | 0.326    |
|    ent_coef        | 0.0318   |
|    ent_coef_loss   | -7.98    |
|    learning_rate   | 0.0003   |
|    n_updates       | 11790    |
---------------------------------
---------------------------------
| rollout/           |          |
|    ep_len_mean     | 62       |
|    ep_rew_mean     | -138     |
| time/              |          |
|    episodes        | 388      |
|    fps             | 32       |
|    time_elapsed    | 672      |
|    total_timesteps | 22060    |
| train/             |          |
|    actor_loss      | -0.305   |
|    critic_loss     | 0.33     |
|    ent_coef        | 0.0296   |
|    ent_coef_loss   | -7.94    |
|    learning_rate   | 0.0003   |
|    n_updates       | 12050    |
---------------------------------
---------------------------------
| rollout/           |          |
|    ep_len_mean     | 62.5     |
|    ep_rew_mean     | -140     |
| time/              |          |
|    episodes        | 392      |
|    fps             | 32       |
|    time_elapsed    | 693      |
|    total_timesteps | 22490    |
| train/             |          |
|    actor_loss      | -0.209   |
|    critic_loss     | 0.495    |
|    ent_coef        | 0.0263   |
|    ent_coef_loss   | -8.07    |
|    learning_rate   | 0.0003   |
|    n_updates       | 12480    |
---------------------------------
---------------------------------
| rollout/           |          |
|    ep_len_mean     | 62.6     |
|    ep_rew_mean     | -141     |
| time/              |          |
|    episodes        | 396      |
|    fps             | 32       |
|    time_elapsed    | 700      |
|    total_timesteps | 22620    |
| train/             |          |
|    actor_loss      | -0.077   |
|    critic_loss     | 0.408    |
|    ent_coef        | 0.0253   |
|    ent_coef_loss   | -8.46    |
|    learning_rate   | 0.0003   |
|    n_updates       | 12610    |
---------------------------------
---------------------------------
| rollout/           |          |
|    ep_len_mean     | 62       |
|    ep_rew_mean     | -156     |
| time/              |          |
|    episodes        | 400      |
|    fps             | 31       |
|    time_elapsed    | 715      |
|    total_timesteps | 22850    |
| train/             |          |
|    actor_loss      | -0.018   |
|    critic_loss     | 0.349    |
|    ent_coef        | 0.0238   |
|    ent_coef_loss   | -7.82    |
|    learning_rate   | 0.0003   |
|    n_updates       | 12840    |
---------------------------------
---------------------------------
| rollout/           |          |
|    ep_len_mean     | 61       |
|    ep_rew_mean     | -152     |
| time/              |          |
|    episodes        | 404      |
|    fps             | 31       |
|    time_elapsed    | 734      |
|    total_timesteps | 23170    |
| train/             |          |
|    actor_loss      | -0.0744  |
|    critic_loss     | 0.299    |
|    ent_coef        | 0.0218   |
|    ent_coef_loss   | -7.1     |
|    learning_rate   | 0.0003   |
|    n_updates       | 13160    |
---------------------------------
---------------------------------
| rollout/           |          |
|    ep_len_mean     | 61.4     |
|    ep_rew_mean     | -153     |
| time/              |          |
|    episodes        | 408      |
|    fps             | 31       |
|    time_elapsed    | 751      |
|    total_timesteps | 23390    |
| train/             |          |
|    actor_loss      | 0.036    |
|    critic_loss     | 0.313    |
|    ent_coef        | 0.0206   |
|    ent_coef_loss   | -7.68    |
|    learning_rate   | 0.0003   |
|    n_updates       | 13380    |
---------------------------------
---------------------------------
| rollout/           |          |
|    ep_len_mean     | 60.3     |
|    ep_rew_mean     | -152     |
| time/              |          |
|    episodes        | 412      |
|    fps             | 30       |
|    time_elapsed    | 764      |
|    total_timesteps | 23530    |
| train/             |          |
|    actor_loss      | 0.0843   |
|    critic_loss     | 0.409    |
|    ent_coef        | 0.0198   |
|    ent_coef_loss   | -6.71    |
|    learning_rate   | 0.0003   |
|    n_updates       | 13520    |
---------------------------------
---------------------------------
| rollout/           |          |
|    ep_len_mean     | 61.8     |
|    ep_rew_mean     | -141     |
| time/              |          |
|    episodes        | 416      |
|    fps             | 30       |
|    time_elapsed    | 786      |
|    total_timesteps | 23770    |
| train/             |          |
|    actor_loss      | 0.116    |
|    critic_loss     | 0.264    |
|    ent_coef        | 0.0186   |
|    ent_coef_loss   | -7.67    |
|    learning_rate   | 0.0003   |
|    n_updates       | 13760    |
---------------------------------
---------------------------------
| rollout/           |          |
|    ep_len_mean     | 60.2     |
|    ep_rew_mean     | -134     |
| time/              |          |
|    episodes        | 420      |
|    fps             | 29       |
|    time_elapsed    | 813      |
|    total_timesteps | 24070    |
| train/             |          |
|    actor_loss      | 0.129    |
|    critic_loss     | 0.27     |
|    ent_coef        | 0.0171   |
|    ent_coef_loss   | -8.21    |
|    learning_rate   | 0.0003   |
|    n_updates       | 14060    |
---------------------------------
---------------------------------
| rollout/           |          |
|    ep_len_mean     | 60.2     |
|    ep_rew_mean     | -129     |
| time/              |          |
|    episodes        | 424      |
|    fps             | 29       |
|    time_elapsed    | 831      |
|    total_timesteps | 24270    |
| train/             |          |
|    actor_loss      | 0.169    |
|    critic_loss     | 0.335    |
|    ent_coef        | 0.0161   |
|    ent_coef_loss   | -7.48    |
|    learning_rate   | 0.0003   |
|    n_updates       | 14260    |
---------------------------------
---------------------------------
| rollout/           |          |
|    ep_len_mean     | 61.9     |
|    ep_rew_mean     | -113     |
| time/              |          |
|    episodes        | 428      |
|    fps             | 28       |
|    time_elapsed    | 849      |
|    total_timesteps | 24460    |
| train/             |          |
|    actor_loss      | 0.102    |
|    critic_loss     | 0.255    |
|    ent_coef        | 0.0153   |
|    ent_coef_loss   | -7.71    |
|    learning_rate   | 0.0003   |
|    n_updates       | 14450    |
---------------------------------
---------------------------------
| rollout/           |          |
|    ep_len_mean     | 60.8     |
|    ep_rew_mean     | -106     |
| time/              |          |
|    episodes        | 432      |
|    fps             | 28       |
|    time_elapsed    | 883      |
|    total_timesteps | 24820    |
| train/             |          |
|    actor_loss      | 0.159    |
|    critic_loss     | 0.325    |
|    ent_coef        | 0.0139   |
|    ent_coef_loss   | -8.34    |
|    learning_rate   | 0.0003   |
|    n_updates       | 14810    |
---------------------------------
---------------------------------
| rollout/           |          |
|    ep_len_mean     | 61.7     |
|    ep_rew_mean     | -93.8    |
| time/              |          |
|    episodes        | 436      |
|    fps             | 27       |
|    time_elapsed    | 910      |
|    total_timesteps | 25110    |
| train/             |          |
|    actor_loss      | 0.287    |
|    critic_loss     | 0.415    |
|    ent_coef        | 0.0128   |
|    ent_coef_loss   | -7.34    |
|    learning_rate   | 0.0003   |
|    n_updates       | 15100    |
---------------------------------
---------------------------------
| rollout/           |          |
|    ep_len_mean     | 61.9     |
|    ep_rew_mean     | -89.8    |
| time/              |          |
|    episodes        | 440      |
|    fps             | 27       |
|    time_elapsed    | 933      |
|    total_timesteps | 25350    |
| train/             |          |
|    actor_loss      | 0.231    |
|    critic_loss     | 0.164    |
|    ent_coef        | 0.012    |
|    ent_coef_loss   | -7.33    |
|    learning_rate   | 0.0003   |
|    n_updates       | 15340    |
---------------------------------
---------------------------------
| rollout/           |          |
|    ep_len_mean     | 60.9     |
|    ep_rew_mean     | -92.9    |
| time/              |          |
|    episodes        | 444      |
|    fps             | 26       |
|    time_elapsed    | 943      |
|    total_timesteps | 25460    |
| train/             |          |
|    actor_loss      | 0.242    |
|    critic_loss     | 0.217    |
|    ent_coef        | 0.0117   |
|    ent_coef_loss   | -8.41    |
|    learning_rate   | 0.0003   |
|    n_updates       | 15450    |
---------------------------------
---------------------------------
| rollout/           |          |
|    ep_len_mean     | 61       |
|    ep_rew_mean     | -94.3    |
| time/              |          |
|    episodes        | 448      |
|    fps             | 26       |
|    time_elapsed    | 985      |
|    total_timesteps | 25900    |
| train/             |          |
|    actor_loss      | 0.243    |
|    critic_loss     | 0.237    |
|    ent_coef        | 0.0104   |
|    ent_coef_loss   | -6.8     |
|    learning_rate   | 0.0003   |
|    n_updates       | 15890    |
---------------------------------
---------------------------------
| rollout/           |          |
|    ep_len_mean     | 61.4     |
|    ep_rew_mean     | -86.4    |
| time/              |          |
|    episodes        | 452      |
|    fps             | 26       |
|    time_elapsed    | 1002     |
|    total_timesteps | 26080    |
| train/             |          |
|    actor_loss      | 0.274    |
|    critic_loss     | 0.231    |
|    ent_coef        | 0.00996  |
|    ent_coef_loss   | -7.52    |
|    learning_rate   | 0.0003   |
|    n_updates       | 16070    |
---------------------------------
---------------------------------
| rollout/           |          |
|    ep_len_mean     | 61.4     |
|    ep_rew_mean     | -82.1    |
| time/              |          |
|    episodes        | 456      |
|    fps             | 25       |
|    time_elapsed    | 1018     |
|    total_timesteps | 26250    |
| train/             |          |
|    actor_loss      | 0.278    |
|    critic_loss     | 0.16     |
|    ent_coef        | 0.00953  |
|    ent_coef_loss   | -6.58    |
|    learning_rate   | 0.0003   |
|    n_updates       | 16240    |
---------------------------------
---------------------------------
| rollout/           |          |
|    ep_len_mean     | 61.7     |
|    ep_rew_mean     | -77.5    |
| time/              |          |
|    episodes        | 460      |
|    fps             | 25       |
|    time_elapsed    | 1050     |
|    total_timesteps | 26590    |
| train/             |          |
|    actor_loss      | 0.296    |
|    critic_loss     | 0.215    |
|    ent_coef        | 0.00876  |
|    ent_coef_loss   | -7.58    |
|    learning_rate   | 0.0003   |
|    n_updates       | 16580    |
---------------------------------
---------------------------------
| rollout/           |          |
|    ep_len_mean     | 62.8     |
|    ep_rew_mean     | -60.4    |
| time/              |          |
|    episodes        | 464      |
|    fps             | 25       |
|    time_elapsed    | 1064     |
|    total_timesteps | 26760    |
| train/             |          |
|    actor_loss      | 0.251    |
|    critic_loss     | 0.165    |
|    ent_coef        | 0.00841  |
|    ent_coef_loss   | -5.35    |
|    learning_rate   | 0.0003   |
|    n_updates       | 16750    |
---------------------------------
---------------------------------
| rollout/           |          |
|    ep_len_mean     | 62.7     |
|    ep_rew_mean     | -60.1    |
| time/              |          |
|    episodes        | 468      |
|    fps             | 25       |
|    time_elapsed    | 1076     |
|    total_timesteps | 26970    |
| train/             |          |
|    actor_loss      | 0.295    |
|    critic_loss     | 0.231    |
|    ent_coef        | 0.00798  |
|    ent_coef_loss   | -5.43    |
|    learning_rate   | 0.0003   |
|    n_updates       | 16960    |
---------------------------------
---------------------------------
| rollout/           |          |
|    ep_len_mean     | 61.6     |
|    ep_rew_mean     | -66.7    |
| time/              |          |
|    episodes        | 472      |
|    fps             | 24       |
|    time_elapsed    | 1090     |
|    total_timesteps | 27250    |
| train/             |          |
|    actor_loss      | 0.3      |
|    critic_loss     | 0.471    |
|    ent_coef        | 0.00747  |
|    ent_coef_loss   | -5.11    |
|    learning_rate   | 0.0003   |
|    n_updates       | 17240    |
---------------------------------
---------------------------------
| rollout/           |          |
|    ep_len_mean     | 62.1     |
|    ep_rew_mean     | -62.7    |
| time/              |          |
|    episodes        | 476      |
|    fps             | 24       |
|    time_elapsed    | 1104     |
|    total_timesteps | 27520    |
| train/             |          |
|    actor_loss      | 0.313    |
|    critic_loss     | 0.263    |
|    ent_coef        | 0.00708  |
|    ent_coef_loss   | -4.64    |
|    learning_rate   | 0.0003   |
|    n_updates       | 17510    |
---------------------------------
---------------------------------
| rollout/           |          |
|    ep_len_mean     | 61.5     |
|    ep_rew_mean     | -65.5    |
| time/              |          |
|    episodes        | 480      |
|    fps             | 24       |
|    time_elapsed    | 1108     |
|    total_timesteps | 27600    |
| train/             |          |
|    actor_loss      | 0.308    |
|    critic_loss     | 0.316    |
|    ent_coef        | 0.00695  |
|    ent_coef_loss   | -4.34    |
|    learning_rate   | 0.0003   |
|    n_updates       | 17590    |
---------------------------------
---------------------------------
| rollout/           |          |
|    ep_len_mean     | 61.4     |
|    ep_rew_mean     | -66.8    |
| time/              |          |
|    episodes        | 484      |
|    fps             | 24       |
|    time_elapsed    | 1119     |
|    total_timesteps | 27830    |
| train/             |          |
|    actor_loss      | 0.374    |
|    critic_loss     | 0.328    |
|    ent_coef        | 0.00663  |
|    ent_coef_loss   | -3.97    |
|    learning_rate   | 0.0003   |
|    n_updates       | 17820    |
---------------------------------
---------------------------------
| rollout/           |          |
|    ep_len_mean     | 61.1     |
|    ep_rew_mean     | -66.9    |
| time/              |          |
|    episodes        | 488      |
|    fps             | 24       |
|    time_elapsed    | 1141     |
|    total_timesteps | 28260    |
| train/             |          |
|    actor_loss      | 0.309    |
|    critic_loss     | 0.137    |
|    ent_coef        | 0.0061   |
|    ent_coef_loss   | -2.91    |
|    learning_rate   | 0.0003   |
|    n_updates       | 18250    |
---------------------------------
---------------------------------
| rollout/           |          |
|    ep_len_mean     | 60.7     |
|    ep_rew_mean     | -60.7    |
| time/              |          |
|    episodes        | 492      |
|    fps             | 24       |
|    time_elapsed    | 1144     |
|    total_timesteps | 28330    |
| train/             |          |
|    actor_loss      | 0.274    |
|    critic_loss     | 0.186    |
|    ent_coef        | 0.00602  |
|    ent_coef_loss   | -4.01    |
|    learning_rate   | 0.0003   |
|    n_updates       | 18320    |
---------------------------------
---------------------------------
| rollout/           |          |
|    ep_len_mean     | 60.1     |
|    ep_rew_mean     | -55.2    |
| time/              |          |
|    episodes        | 496      |
|    fps             | 24       |
|    time_elapsed    | 1166     |
|    total_timesteps | 28760    |
| train/             |          |
|    actor_loss      | 0.309    |
|    critic_loss     | 0.201    |
|    ent_coef        | 0.00558  |
|    ent_coef_loss   | -3.22    |
|    learning_rate   | 0.0003   |
|    n_updates       | 18750    |
---------------------------------
---------------------------------
| rollout/           |          |
|    ep_len_mean     | 60.2     |
|    ep_rew_mean     | -45.5    |
| time/              |          |
|    episodes        | 500      |
|    fps             | 24       |
|    time_elapsed    | 1174     |
|    total_timesteps | 28910    |
| train/             |          |
|    actor_loss      | 0.263    |
|    critic_loss     | 0.143    |
|    ent_coef        | 0.00543  |
|    ent_coef_loss   | -2.03    |
|    learning_rate   | 0.0003   |
|    n_updates       | 18900    |
---------------------------------
---------------------------------
| rollout/           |          |
|    ep_len_mean     | 60.5     |
|    ep_rew_mean     | -42.4    |
| time/              |          |
|    episodes        | 504      |
|    fps             | 24       |
|    time_elapsed    | 1181     |
|    total_timesteps | 29040    |
| train/             |          |
|    actor_loss      | 0.263    |
|    critic_loss     | 0.222    |
|    ent_coef        | 0.00532  |
|    ent_coef_loss   | -4.26    |
|    learning_rate   | 0.0003   |
|    n_updates       | 19030    |
---------------------------------
---------------------------------
| rollout/           |          |
|    ep_len_mean     | 58.8     |
|    ep_rew_mean     | -52.1    |
| time/              |          |
|    episodes        | 508      |
|    fps             | 24       |
|    time_elapsed    | 1186     |
|    total_timesteps | 29140    |
| train/             |          |
|    actor_loss      | 0.262    |
|    critic_loss     | 0.15     |
|    ent_coef        | 0.00523  |
|    ent_coef_loss   | -2.11    |
|    learning_rate   | 0.0003   |
|    n_updates       | 19130    |
---------------------------------
---------------------------------
| rollout/           |          |
|    ep_len_mean     | 58       |
|    ep_rew_mean     | -56      |
| time/              |          |
|    episodes        | 512      |
|    fps             | 24       |
|    time_elapsed    | 1200     |
|    total_timesteps | 29410    |
| train/             |          |
|    actor_loss      | 0.298    |
|    critic_loss     | 0.223    |
|    ent_coef        | 0.005    |
|    ent_coef_loss   | -2.66    |
|    learning_rate   | 0.0003   |
|    n_updates       | 19400    |
---------------------------------
---------------------------------
| rollout/           |          |
|    ep_len_mean     | 58.4     |
|    ep_rew_mean     | -53.6    |
| time/              |          |
|    episodes        | 516      |
|    fps             | 24       |
|    time_elapsed    | 1210     |
|    total_timesteps | 29610    |
| train/             |          |
|    actor_loss      | 0.308    |
|    critic_loss     | 0.278    |
|    ent_coef        | 0.00484  |
|    ent_coef_loss   | -1.47    |
|    learning_rate   | 0.0003   |
|    n_updates       | 19600    |
---------------------------------
---------------------------------
| rollout/           |          |
|    ep_len_mean     | 58       |
|    ep_rew_mean     | -52.7    |
| time/              |          |
|    episodes        | 520      |
|    fps             | 24       |
|    time_elapsed    | 1215     |
|    total_timesteps | 29700    |
| train/             |          |
|    actor_loss      | 0.226    |
|    critic_loss     | 0.163    |
|    ent_coef        | 0.00477  |
|    ent_coef_loss   | -1.97    |
|    learning_rate   | 0.0003   |
|    n_updates       | 19690    |
---------------------------------
---------------------------------
| rollout/           |          |
|    ep_len_mean     | 57.2     |
|    ep_rew_mean     | -60.8    |
| time/              |          |
|    episodes        | 524      |
|    fps             | 24       |
|    time_elapsed    | 1225     |
|    total_timesteps | 29880    |
| train/             |          |
|    actor_loss      | 0.258    |
|    critic_loss     | 0.317    |
|    ent_coef        | 0.00461  |
|    ent_coef_loss   | -2.78    |
|    learning_rate   | 0.0003   |
|    n_updates       | 19870    |
---------------------------------
---------------------------------
| rollout/           |          |
|    ep_len_mean     | 56.2     |
|    ep_rew_mean     | -73.1    |
| time/              |          |
|    episodes        | 528      |
|    fps             | 24       |
|    time_elapsed    | 1240     |
|    total_timesteps | 30180    |
| train/             |          |
|    actor_loss      | 0.308    |
|    critic_loss     | 0.242    |
|    ent_coef        | 0.00434  |
|    ent_coef_loss   | -0.972   |
|    learning_rate   | 0.0003   |
|    n_updates       | 20170    |
---------------------------------
---------------------------------
| rollout/           |          |
|    ep_len_mean     | 56.6     |
|    ep_rew_mean     | -69.2    |
| time/              |          |
|    episodes        | 532      |
|    fps             | 24       |
|    time_elapsed    | 1254     |
|    total_timesteps | 30430    |
| train/             |          |
|    actor_loss      | 0.341    |
|    critic_loss     | 0.246    |
|    ent_coef        | 0.00421  |
|    ent_coef_loss   | -1.54    |
|    learning_rate   | 0.0003   |
|    n_updates       | 20420    |
---------------------------------
---------------------------------
| rollout/           |          |
|    ep_len_mean     | 55.8     |
|    ep_rew_mean     | -72      |
| time/              |          |
|    episodes        | 536      |
|    fps             | 24       |
|    time_elapsed    | 1270     |
|    total_timesteps | 30720    |
| train/             |          |
|    actor_loss      | 0.326    |
|    critic_loss     | 0.151    |
|    ent_coef        | 0.00411  |
|    ent_coef_loss   | -2.17    |
|    learning_rate   | 0.0003   |
|    n_updates       | 20710    |
---------------------------------
---------------------------------
| rollout/           |          |
|    ep_len_mean     | 55.4     |
|    ep_rew_mean     | -70.5    |
| time/              |          |
|    episodes        | 540      |
|    fps             | 24       |
|    time_elapsed    | 1283     |
|    total_timesteps | 30970    |
| train/             |          |
|    actor_loss      | 0.292    |
|    critic_loss     | 0.168    |
|    ent_coef        | 0.00403  |
|    ent_coef_loss   | -1.76    |
|    learning_rate   | 0.0003   |
|    n_updates       | 20960    |
---------------------------------
---------------------------------
| rollout/           |          |
|    ep_len_mean     | 57       |
|    ep_rew_mean     | -64.9    |
| time/              |          |
|    episodes        | 544      |
|    fps             | 24       |
|    time_elapsed    | 1293     |
|    total_timesteps | 31180    |
| train/             |          |
|    actor_loss      | 0.318    |
|    critic_loss     | 0.245    |
|    ent_coef        | 0.00398  |
|    ent_coef_loss   | -0.85    |
|    learning_rate   | 0.0003   |
|    n_updates       | 21170    |
---------------------------------
---------------------------------
| rollout/           |          |
|    ep_len_mean     | 56.1     |
|    ep_rew_mean     | -63.6    |
| time/              |          |
|    episodes        | 548      |
|    fps             | 24       |
|    time_elapsed    | 1302     |
|    total_timesteps | 31350    |
| train/             |          |
|    actor_loss      | 0.304    |
|    critic_loss     | 0.15     |
|    ent_coef        | 0.00398  |
|    ent_coef_loss   | 1.66     |
|    learning_rate   | 0.0003   |
|    n_updates       | 21340    |
---------------------------------
---------------------------------
| rollout/           |          |
|    ep_len_mean     | 55.4     |
|    ep_rew_mean     | -70.5    |
| time/              |          |
|    episodes        | 552      |
|    fps             | 24       |
|    time_elapsed    | 1318     |
|    total_timesteps | 31670    |
| train/             |          |
|    actor_loss      | 0.378    |
|    critic_loss     | 0.31     |
|    ent_coef        | 0.00395  |
|    ent_coef_loss   | 0.539    |
|    learning_rate   | 0.0003   |
|    n_updates       | 21660    |
---------------------------------
---------------------------------
| rollout/           |          |
|    ep_len_mean     | 55.5     |
|    ep_rew_mean     | -70.3    |
| time/              |          |
|    episodes        | 556      |
|    fps             | 23       |
|    time_elapsed    | 1327     |
|    total_timesteps | 31840    |
| train/             |          |
|    actor_loss      | 0.278    |
|    critic_loss     | 0.328    |
|    ent_coef        | 0.00389  |
|    ent_coef_loss   | 0.438    |
|    learning_rate   | 0.0003   |
|    n_updates       | 21830    |
---------------------------------
---------------------------------
| rollout/           |          |
|    ep_len_mean     | 55.5     |
|    ep_rew_mean     | -69.9    |
| time/              |          |
|    episodes        | 560      |
|    fps             | 23       |
|    time_elapsed    | 1333     |
|    total_timesteps | 31960    |
| train/             |          |
|    actor_loss      | 0.31     |
|    critic_loss     | 0.259    |
|    ent_coef        | 0.00388  |
|    ent_coef_loss   | -1.41    |
|    learning_rate   | 0.0003   |
|    n_updates       | 21950    |
---------------------------------
---------------------------------
| rollout/           |          |
|    ep_len_mean     | 54.8     |
|    ep_rew_mean     | -77.9    |
| time/              |          |
|    episodes        | 564      |
|    fps             | 23       |
|    time_elapsed    | 1351     |
|    total_timesteps | 32280    |
| train/             |          |
|    actor_loss      | 0.299    |
|    critic_loss     | 0.367    |
|    ent_coef        | 0.0039   |
|    ent_coef_loss   | 0.987    |
|    learning_rate   | 0.0003   |
|    n_updates       | 22270    |
---------------------------------
---------------------------------
| rollout/           |          |
|    ep_len_mean     | 54.4     |
|    ep_rew_mean     | -83.1    |
| time/              |          |
|    episodes        | 568      |
|    fps             | 23       |
|    time_elapsed    | 1366     |
|    total_timesteps | 32550    |
| train/             |          |
|    actor_loss      | 0.274    |
|    critic_loss     | 0.22     |
|    ent_coef        | 0.00393  |
|    ent_coef_loss   | 0.131    |
|    learning_rate   | 0.0003   |
|    n_updates       | 22540    |
---------------------------------
---------------------------------
| rollout/           |          |
|    ep_len_mean     | 55.6     |
|    ep_rew_mean     | -70.6    |
| time/              |          |
|    episodes        | 572      |
|    fps             | 23       |
|    time_elapsed    | 1378     |
|    total_timesteps | 32780    |
| train/             |          |
|    actor_loss      | 0.24     |
|    critic_loss     | 0.302    |
|    ent_coef        | 0.00393  |
|    ent_coef_loss   | 0.009    |
|    learning_rate   | 0.0003   |
|    n_updates       | 22770    |
---------------------------------
---------------------------------
| rollout/           |          |
|    ep_len_mean     | 55.6     |
|    ep_rew_mean     | -76.2    |
| time/              |          |
|    episodes        | 576      |
|    fps             | 23       |
|    time_elapsed    | 1394     |
|    total_timesteps | 33040    |
| train/             |          |
|    actor_loss      | 0.26     |
|    critic_loss     | 0.24     |
|    ent_coef        | 0.00391  |
|    ent_coef_loss   | -0.541   |
|    learning_rate   | 0.0003   |
|    n_updates       | 23030    |
---------------------------------
---------------------------------
| rollout/           |          |
|    ep_len_mean     | 55.3     |
|    ep_rew_mean     | -80.6    |
| time/              |          |
|    episodes        | 580      |
|    fps             | 23       |
|    time_elapsed    | 1406     |
|    total_timesteps | 33250    |
| train/             |          |
|    actor_loss      | 0.274    |
|    critic_loss     | 0.308    |
|    ent_coef        | 0.00388  |
|    ent_coef_loss   | 0.467    |
|    learning_rate   | 0.0003   |
|    n_updates       | 23240    |
---------------------------------
---------------------------------
| rollout/           |          |
|    ep_len_mean     | 55.7     |
|    ep_rew_mean     | -84.9    |
| time/              |          |
|    episodes        | 584      |
|    fps             | 23       |
|    time_elapsed    | 1418     |
|    total_timesteps | 33470    |
| train/             |          |
|    actor_loss      | 0.283    |
|    critic_loss     | 0.247    |
|    ent_coef        | 0.00385  |
|    ent_coef_loss   | -0.308   |
|    learning_rate   | 0.0003   |
|    n_updates       | 23460    |
---------------------------------
---------------------------------
| rollout/           |          |
|    ep_len_mean     | 55.2     |
|    ep_rew_mean     | -84      |
| time/              |          |
|    episodes        | 588      |
|    fps             | 23       |
|    time_elapsed    | 1431     |
|    total_timesteps | 33720    |
| train/             |          |
|    actor_loss      | 0.371    |
|    critic_loss     | 0.287    |
|    ent_coef        | 0.00383  |
|    ent_coef_loss   | 1.82     |
|    learning_rate   | 0.0003   |
|    n_updates       | 23710    |
---------------------------------
---------------------------------
| rollout/           |          |
|    ep_len_mean     | 56.1     |
|    ep_rew_mean     | -87.4    |
| time/              |          |
|    episodes        | 592      |
|    fps             | 23       |
|    time_elapsed    | 1450     |
|    total_timesteps | 34080    |
| train/             |          |
|    actor_loss      | 0.249    |
|    critic_loss     | 0.312    |
|    ent_coef        | 0.00388  |
|    ent_coef_loss   | 0.845    |
|    learning_rate   | 0.0003   |
|    n_updates       | 24070    |
---------------------------------
---------------------------------
| rollout/           |          |
|    ep_len_mean     | 57.1     |
|    ep_rew_mean     | -85.2    |
| time/              |          |
|    episodes        | 596      |
|    fps             | 23       |
|    time_elapsed    | 1466     |
|    total_timesteps | 34380    |
| train/             |          |
|    actor_loss      | 0.309    |
|    critic_loss     | 0.285    |
|    ent_coef        | 0.00385  |
|    ent_coef_loss   | 0.898    |
|    learning_rate   | 0.0003   |
|    n_updates       | 24370    |
---------------------------------
---------------------------------
| rollout/           |          |
|    ep_len_mean     | 57.4     |
|    ep_rew_mean     | -80.4    |
| time/              |          |
|    episodes        | 600      |
|    fps             | 23       |
|    time_elapsed    | 1485     |
|    total_timesteps | 34730    |
| train/             |          |
|    actor_loss      | 0.253    |
|    critic_loss     | 0.231    |
|    ent_coef        | 0.00393  |
|    ent_coef_loss   | -0.445   |
|    learning_rate   | 0.0003   |
|    n_updates       | 24720    |
---------------------------------
---------------------------------
| rollout/           |          |
|    ep_len_mean     | 58.2     |
|    ep_rew_mean     | -80.9    |
| time/              |          |
|    episodes        | 604      |
|    fps             | 23       |
|    time_elapsed    | 1493     |
|    total_timesteps | 34900    |
| train/             |          |
|    actor_loss      | 0.175    |
|    critic_loss     | 0.262    |
|    ent_coef        | 0.00403  |
|    ent_coef_loss   | -1.01    |
|    learning_rate   | 0.0003   |
|    n_updates       | 24890    |
---------------------------------
---------------------------------
| rollout/           |          |
|    ep_len_mean     | 59.5     |
|    ep_rew_mean     | -69.4    |
| time/              |          |
|    episodes        | 608      |
|    fps             | 23       |
|    time_elapsed    | 1512     |
|    total_timesteps | 35240    |
| train/             |          |
|    actor_loss      | 0.208    |
|    critic_loss     | 0.12     |
|    ent_coef        | 0.00398  |
|    ent_coef_loss   | -0.35    |
|    learning_rate   | 0.0003   |
|    n_updates       | 25230    |
---------------------------------
---------------------------------
| rollout/           |          |
|    ep_len_mean     | 61.3     |
|    ep_rew_mean     | -54.2    |
| time/              |          |
|    episodes        | 612      |
|    fps             | 23       |
|    time_elapsed    | 1528     |
|    total_timesteps | 35550    |
| train/             |          |
|    actor_loss      | 0.247    |
|    critic_loss     | 0.261    |
|    ent_coef        | 0.00396  |
|    ent_coef_loss   | -1.91    |
|    learning_rate   | 0.0003   |
|    n_updates       | 25540    |
---------------------------------
---------------------------------
| rollout/           |          |
|    ep_len_mean     | 61.4     |
|    ep_rew_mean     | -55.1    |
| time/              |          |
|    episodes        | 616      |
|    fps             | 23       |
|    time_elapsed    | 1537     |
|    total_timesteps | 35680    |
| train/             |          |
|    actor_loss      | 0.277    |
|    critic_loss     | 0.322    |
|    ent_coef        | 0.00391  |
|    ent_coef_loss   | 0.105    |
|    learning_rate   | 0.0003   |
|    n_updates       | 25670    |
---------------------------------
---------------------------------
| rollout/           |          |
|    ep_len_mean     | 61.7     |
|    ep_rew_mean     | -56      |
| time/              |          |
|    episodes        | 620      |
|    fps             | 23       |
|    time_elapsed    | 1550     |
|    total_timesteps | 35840    |
| train/             |          |
|    actor_loss      | 0.279    |
|    critic_loss     | 0.218    |
|    ent_coef        | 0.00388  |
|    ent_coef_loss   | 0.447    |
|    learning_rate   | 0.0003   |
|    n_updates       | 25830    |
---------------------------------
---------------------------------
| rollout/           |          |
|    ep_len_mean     | 62.2     |
|    ep_rew_mean     | -53.1    |
| time/              |          |
|    episodes        | 624      |
|    fps             | 22       |
|    time_elapsed    | 1580     |
|    total_timesteps | 36330    |
| train/             |          |
|    actor_loss      | 0.19     |
|    critic_loss     | 0.194    |
|    ent_coef        | 0.00361  |
|    ent_coef_loss   | -0.155   |
|    learning_rate   | 0.0003   |
|    n_updates       | 26320    |
---------------------------------
---------------------------------
| rollout/           |          |
|    ep_len_mean     | 62.9     |
|    ep_rew_mean     | -45.4    |
| time/              |          |
|    episodes        | 628      |
|    fps             | 22       |
|    time_elapsed    | 1590     |
|    total_timesteps | 36530    |
| train/             |          |
|    actor_loss      | 0.283    |
|    critic_loss     | 0.278    |
|    ent_coef        | 0.0035   |
|    ent_coef_loss   | -0.526   |
|    learning_rate   | 0.0003   |
|    n_updates       | 26520    |
---------------------------------
---------------------------------
| rollout/           |          |
|    ep_len_mean     | 62.8     |
|    ep_rew_mean     | -51.5    |
| time/              |          |
|    episodes        | 632      |
|    fps             | 22       |
|    time_elapsed    | 1593     |
|    total_timesteps | 36580    |
| train/             |          |
|    actor_loss      | 0.205    |
|    critic_loss     | 0.182    |
|    ent_coef        | 0.00349  |
|    ent_coef_loss   | -0.963   |
|    learning_rate   | 0.0003   |
|    n_updates       | 26570    |
---------------------------------
---------------------------------
| rollout/           |          |
|    ep_len_mean     | 63.2     |
|    ep_rew_mean     | -47.8    |
| time/              |          |
|    episodes        | 636      |
|    fps             | 22       |
|    time_elapsed    | 1616     |
|    total_timesteps | 37060    |
| train/             |          |
|    actor_loss      | 0.185    |
|    critic_loss     | 0.156    |
|    ent_coef        | 0.00344  |
|    ent_coef_loss   | -0.289   |
|    learning_rate   | 0.0003   |
|    n_updates       | 27050    |
---------------------------------
---------------------------------
| rollout/           |          |
|    ep_len_mean     | 63.5     |
|    ep_rew_mean     | -49.3    |
| time/              |          |
|    episodes        | 640      |
|    fps             | 22       |
|    time_elapsed    | 1625     |
|    total_timesteps | 37240    |
| train/             |          |
|    actor_loss      | 0.184    |
|    critic_loss     | 0.202    |
|    ent_coef        | 0.00343  |
|    ent_coef_loss   | 1.41     |
|    learning_rate   | 0.0003   |
|    n_updates       | 27230    |
---------------------------------
---------------------------------
| rollout/           |          |
|    ep_len_mean     | 62.6     |
|    ep_rew_mean     | -47.3    |
| time/              |          |
|    episodes        | 644      |
|    fps             | 22       |
|    time_elapsed    | 1631     |
|    total_timesteps | 37340    |
| train/             |          |
|    actor_loss      | 0.231    |
|    critic_loss     | 0.193    |
|    ent_coef        | 0.00348  |
|    ent_coef_loss   | 0.0329   |
|    learning_rate   | 0.0003   |
|    n_updates       | 27330    |
---------------------------------
---------------------------------
| rollout/           |          |
|    ep_len_mean     | 62.6     |
|    ep_rew_mean     | -51.5    |
| time/              |          |
|    episodes        | 648      |
|    fps             | 22       |
|    time_elapsed    | 1648     |
|    total_timesteps | 37670    |
| train/             |          |
|    actor_loss      | 0.172    |
|    critic_loss     | 0.198    |
|    ent_coef        | 0.00346  |
|    ent_coef_loss   | -0.71    |
|    learning_rate   | 0.0003   |
|    n_updates       | 27660    |
---------------------------------
---------------------------------
| rollout/           |          |
|    ep_len_mean     | 63       |
|    ep_rew_mean     | -42.4    |
| time/              |          |
|    episodes        | 652      |
|    fps             | 22       |
|    time_elapsed    | 1658     |
|    total_timesteps | 37870    |
| train/             |          |
|    actor_loss      | 0.132    |
|    critic_loss     | 0.225    |
|    ent_coef        | 0.00349  |
|    ent_coef_loss   | 0.622    |
|    learning_rate   | 0.0003   |
|    n_updates       | 27860    |
---------------------------------
---------------------------------
| rollout/           |          |
|    ep_len_mean     | 62.7     |
|    ep_rew_mean     | -45.8    |
| time/              |          |
|    episodes        | 656      |
|    fps             | 22       |
|    time_elapsed    | 1665     |
|    total_timesteps | 38010    |
| train/             |          |
|    actor_loss      | 0.103    |
|    critic_loss     | 0.228    |
|    ent_coef        | 0.00354  |
|    ent_coef_loss   | 1.08     |
|    learning_rate   | 0.0003   |
|    n_updates       | 28000    |
---------------------------------
---------------------------------
| rollout/           |          |
|    ep_len_mean     | 62.8     |
|    ep_rew_mean     | -45.4    |
| time/              |          |
|    episodes        | 660      |
|    fps             | 22       |
|    time_elapsed    | 1690     |
|    total_timesteps | 38530    |
| train/             |          |
|    actor_loss      | 0.132    |
|    critic_loss     | 0.217    |
|    ent_coef        | 0.00353  |
|    ent_coef_loss   | 1.5      |
|    learning_rate   | 0.0003   |
|    n_updates       | 28520    |
---------------------------------
---------------------------------
| rollout/           |          |
|    ep_len_mean     | 63.7     |
|    ep_rew_mean     | -32.5    |
| time/              |          |
|    episodes        | 664      |
|    fps             | 22       |
|    time_elapsed    | 1696     |
|    total_timesteps | 38620    |
| train/             |          |
|    actor_loss      | 0.0971   |
|    critic_loss     | 0.191    |
|    ent_coef        | 0.00355  |
|    ent_coef_loss   | 1.7      |
|    learning_rate   | 0.0003   |
|    n_updates       | 28610    |
---------------------------------
---------------------------------
| rollout/           |          |
|    ep_len_mean     | 63.5     |
|    ep_rew_mean     | -32.4    |
| time/              |          |
|    episodes        | 668      |
|    fps             | 22       |
|    time_elapsed    | 1703     |
|    total_timesteps | 38770    |
| train/             |          |
|    actor_loss      | 0.177    |
|    critic_loss     | 0.292    |
|    ent_coef        | 0.00354  |
|    ent_coef_loss   | -0.155   |
|    learning_rate   | 0.0003   |
|    n_updates       | 28760    |
---------------------------------
---------------------------------
| rollout/           |          |
|    ep_len_mean     | 62.9     |
|    ep_rew_mean     | -36.9    |
| time/              |          |
|    episodes        | 672      |
|    fps             | 22       |
|    time_elapsed    | 1721     |
|    total_timesteps | 39120    |
| train/             |          |
|    actor_loss      | 0.127    |
|    critic_loss     | 0.269    |
|    ent_coef        | 0.00342  |
|    ent_coef_loss   | 1.33     |
|    learning_rate   | 0.0003   |
|    n_updates       | 29110    |
---------------------------------
---------------------------------
| rollout/           |          |
|    ep_len_mean     | 62.5     |
|    ep_rew_mean     | -26      |
| time/              |          |
|    episodes        | 676      |
|    fps             | 22       |
|    time_elapsed    | 1726     |
|    total_timesteps | 39210    |
| train/             |          |
|    actor_loss      | 0.14     |
|    critic_loss     | 0.2      |
|    ent_coef        | 0.00338  |
|    ent_coef_loss   | -0.033   |
|    learning_rate   | 0.0003   |
|    n_updates       | 29200    |
---------------------------------
---------------------------------
| rollout/           |          |
|    ep_len_mean     | 62.9     |
|    ep_rew_mean     | -16.9    |
| time/              |          |
|    episodes        | 680      |
|    fps             | 22       |
|    time_elapsed    | 1736     |
|    total_timesteps | 39420    |
| train/             |          |
|    actor_loss      | 0.124    |
|    critic_loss     | 0.167    |
|    ent_coef        | 0.00334  |
|    ent_coef_loss   | 1.06     |
|    learning_rate   | 0.0003   |
|    n_updates       | 29410    |
---------------------------------
---------------------------------
| rollout/           |          |
|    ep_len_mean     | 61.8     |
|    ep_rew_mean     | -14.5    |
| time/              |          |
|    episodes        | 684      |
|    fps             | 22       |
|    time_elapsed    | 1749     |
|    total_timesteps | 39690    |
| train/             |          |
|    actor_loss      | 0.106    |
|    critic_loss     | 0.305    |
|    ent_coef        | 0.00349  |
|    ent_coef_loss   | 0.716    |
|    learning_rate   | 0.0003   |
|    n_updates       | 29680    |
---------------------------------
---------------------------------
| rollout/           |          |
|    ep_len_mean     | 61.5     |
|    ep_rew_mean     | -18.7    |
| time/              |          |
|    episodes        | 688      |
|    fps             | 22       |
|    time_elapsed    | 1759     |
|    total_timesteps | 39870    |
| train/             |          |
|    actor_loss      | 0.13     |
|    critic_loss     | 0.287    |
|    ent_coef        | 0.00359  |
|    ent_coef_loss   | 0.0556   |
|    learning_rate   | 0.0003   |
|    n_updates       | 29860    |
---------------------------------
---------------------------------
| rollout/           |          |
|    ep_len_mean     | 60.8     |
|    ep_rew_mean     | -10      |
| time/              |          |
|    episodes        | 692      |
|    fps             | 22       |
|    time_elapsed    | 1769     |
|    total_timesteps | 40080    |
| train/             |          |
|    actor_loss      | 0.166    |
|    critic_loss     | 0.166    |
|    ent_coef        | 0.00364  |
|    ent_coef_loss   | 2.01     |
|    learning_rate   | 0.0003   |
|    n_updates       | 30070    |
---------------------------------
---------------------------------
| rollout/           |          |
|    ep_len_mean     | 60.2     |
|    ep_rew_mean     | -12.9    |
| time/              |          |
|    episodes        | 696      |
|    fps             | 22       |
|    time_elapsed    | 1780     |
|    total_timesteps | 40290    |
| train/             |          |
|    actor_loss      | 0.17     |
|    critic_loss     | 0.286    |
|    ent_coef        | 0.00378  |
|    ent_coef_loss   | 1.01     |
|    learning_rate   | 0.0003   |
|    n_updates       | 30280    |
---------------------------------
---------------------------------
| rollout/           |          |
|    ep_len_mean     | 59.3     |
|    ep_rew_mean     | -12.4    |
| time/              |          |
|    episodes        | 700      |
|    fps             | 22       |
|    time_elapsed    | 1794     |
|    total_timesteps | 40570    |
| train/             |          |
|    actor_loss      | 0.133    |
|    critic_loss     | 0.276    |
|    ent_coef        | 0.00383  |
|    ent_coef_loss   | 0.83     |
|    learning_rate   | 0.0003   |
|    n_updates       | 30560    |
---------------------------------
---------------------------------
| rollout/           |          |
|    ep_len_mean     | 58.1     |
|    ep_rew_mean     | -20.3    |
| time/              |          |
|    episodes        | 704      |
|    fps             | 22       |
|    time_elapsed    | 1801     |
|    total_timesteps | 40690    |
| train/             |          |
|    actor_loss      | 0.0647   |
|    critic_loss     | 0.132    |
|    ent_coef        | 0.00383  |
|    ent_coef_loss   | -0.042   |
|    learning_rate   | 0.0003   |
|    n_updates       | 30680    |
---------------------------------
---------------------------------
| rollout/           |          |
|    ep_len_mean     | 57.7     |
|    ep_rew_mean     | -19.3    |
| time/              |          |
|    episodes        | 708      |
|    fps             | 22       |
|    time_elapsed    | 1812     |
|    total_timesteps | 40890    |
| train/             |          |
|    actor_loss      | 0.0363   |
|    critic_loss     | 0.204    |
|    ent_coef        | 0.00391  |
|    ent_coef_loss   | -0.386   |
|    learning_rate   | 0.0003   |
|    n_updates       | 30880    |
---------------------------------
---------------------------------
| rollout/           |          |
|    ep_len_mean     | 57.4     |
|    ep_rew_mean     | -17.5    |
| time/              |          |
|    episodes        | 712      |
|    fps             | 22       |
|    time_elapsed    | 1828     |
|    total_timesteps | 41210    |
| train/             |          |
|    actor_loss      | 0.0962   |
|    critic_loss     | 0.187    |
|    ent_coef        | 0.00376  |
|    ent_coef_loss   | -0.472   |
|    learning_rate   | 0.0003   |
|    n_updates       | 31200    |
---------------------------------
---------------------------------
| rollout/           |          |
|    ep_len_mean     | 56.5     |
|    ep_rew_mean     | -13.6    |
| time/              |          |
|    episodes        | 716      |
|    fps             | 22       |
|    time_elapsed    | 1840     |
|    total_timesteps | 41450    |
| train/             |          |
|    actor_loss      | 0.117    |
|    critic_loss     | 0.162    |
|    ent_coef        | 0.00377  |
|    ent_coef_loss   | -0.624   |
|    learning_rate   | 0.0003   |
|    n_updates       | 31440    |
---------------------------------
---------------------------------
| rollout/           |          |
|    ep_len_mean     | 57.6     |
|    ep_rew_mean     | -10.5    |
| time/              |          |
|    episodes        | 720      |
|    fps             | 22       |
|    time_elapsed    | 1854     |
|    total_timesteps | 41730    |
| train/             |          |
|    actor_loss      | 0.106    |
|    critic_loss     | 0.203    |
|    ent_coef        | 0.0036   |
|    ent_coef_loss   | -1.04    |
|    learning_rate   | 0.0003   |
|    n_updates       | 31720    |
---------------------------------
---------------------------------
| rollout/           |          |
|    ep_len_mean     | 57.6     |
|    ep_rew_mean     | -4.21    |
| time/              |          |
|    episodes        | 724      |
|    fps             | 22       |
|    time_elapsed    | 1863     |
|    total_timesteps | 41900    |
| train/             |          |
|    actor_loss      | 0.0635   |
|    critic_loss     | 0.258    |
|    ent_coef        | 0.00356  |
|    ent_coef_loss   | 0.631    |
|    learning_rate   | 0.0003   |
|    n_updates       | 31890    |
---------------------------------
---------------------------------
| rollout/           |          |
|    ep_len_mean     | 57.4     |
|    ep_rew_mean     | 2.22     |
| time/              |          |
|    episodes        | 728      |
|    fps             | 22       |
|    time_elapsed    | 1875     |
|    total_timesteps | 42150    |
| train/             |          |
|    actor_loss      | 0.00558  |
|    critic_loss     | 0.199    |
|    ent_coef        | 0.00351  |
|    ent_coef_loss   | 0.234    |
|    learning_rate   | 0.0003   |
|    n_updates       | 32140    |
---------------------------------
---------------------------------
| rollout/           |          |
|    ep_len_mean     | 56.9     |
|    ep_rew_mean     | 4.53     |
| time/              |          |
|    episodes        | 732      |
|    fps             | 22       |
|    time_elapsed    | 1888     |
|    total_timesteps | 42410    |
| train/             |          |
|    actor_loss      | 0.0773   |
|    critic_loss     | 0.286    |
|    ent_coef        | 0.00357  |
|    ent_coef_loss   | 0.26     |
|    learning_rate   | 0.0003   |
|    n_updates       | 32400    |
---------------------------------
---------------------------------
| rollout/           |          |
|    ep_len_mean     | 56.8     |
|    ep_rew_mean     | 5.19     |
| time/              |          |
|    episodes        | 736      |
|    fps             | 22       |
|    time_elapsed    | 1897     |
|    total_timesteps | 42600    |
| train/             |          |
|    actor_loss      | 0.107    |
|    critic_loss     | 0.336    |
|    ent_coef        | 0.00364  |
|    ent_coef_loss   | 0.968    |
|    learning_rate   | 0.0003   |
|    n_updates       | 32590    |
---------------------------------
---------------------------------
| rollout/           |          |
|    ep_len_mean     | 56.4     |
|    ep_rew_mean     | 5.15     |
| time/              |          |
|    episodes        | 740      |
|    fps             | 22       |
|    time_elapsed    | 1909     |
|    total_timesteps | 42840    |
| train/             |          |
|    actor_loss      | 0.0384   |
|    critic_loss     | 0.216    |
|    ent_coef        | 0.00385  |
|    ent_coef_loss   | 1.54     |
|    learning_rate   | 0.0003   |
|    n_updates       | 32830    |
---------------------------------
---------------------------------
| rollout/           |          |
|    ep_len_mean     | 56.1     |
|    ep_rew_mean     | 6.22     |
| time/              |          |
|    episodes        | 744      |
|    fps             | 22       |
|    time_elapsed    | 1921     |
|    total_timesteps | 43090    |
| train/             |          |
|    actor_loss      | 0.149    |
|    critic_loss     | 0.275    |
|    ent_coef        | 0.00392  |
|    ent_coef_loss   | 0.0888   |
|    learning_rate   | 0.0003   |
|    n_updates       | 33080    |
---------------------------------
---------------------------------
| rollout/           |          |
|    ep_len_mean     | 56.3     |
|    ep_rew_mean     | 10.3     |
| time/              |          |
|    episodes        | 748      |
|    fps             | 22       |
|    time_elapsed    | 1937     |
|    total_timesteps | 43410    |
| train/             |          |
|    actor_loss      | -0.0171  |
|    critic_loss     | 0.251    |
|    ent_coef        | 0.00389  |
|    ent_coef_loss   | -1.05    |
|    learning_rate   | 0.0003   |
|    n_updates       | 33400    |
---------------------------------
---------------------------------
| rollout/           |          |
|    ep_len_mean     | 56.3     |
|    ep_rew_mean     | 9.59     |
| time/              |          |
|    episodes        | 752      |
|    fps             | 22       |
|    time_elapsed    | 1939     |
|    total_timesteps | 43450    |
| train/             |          |
|    actor_loss      | 0.0279   |
|    critic_loss     | 0.325    |
|    ent_coef        | 0.00386  |
|    ent_coef_loss   | 0.822    |
|    learning_rate   | 0.0003   |
|    n_updates       | 33440    |
---------------------------------
---------------------------------
| rollout/           |          |
|    ep_len_mean     | 55.9     |
|    ep_rew_mean     | 4.93     |
| time/              |          |
|    episodes        | 756      |
|    fps             | 22       |
|    time_elapsed    | 1951     |
|    total_timesteps | 43670    |
| train/             |          |
|    actor_loss      | 0.0497   |
|    critic_loss     | 0.0686   |
|    ent_coef        | 0.00392  |
|    ent_coef_loss   | -1.01    |
|    learning_rate   | 0.0003   |
|    n_updates       | 33660    |
---------------------------------
---------------------------------
| rollout/           |          |
|    ep_len_mean     | 56.1     |
|    ep_rew_mean     | 9.83     |
| time/              |          |
|    episodes        | 760      |
|    fps             | 22       |
|    time_elapsed    | 1970     |
|    total_timesteps | 44050    |
| train/             |          |
|    actor_loss      | -0.0331  |
|    critic_loss     | 0.181    |
|    ent_coef        | 0.00375  |
|    ent_coef_loss   | 0.515    |
|    learning_rate   | 0.0003   |
|    n_updates       | 34040    |
---------------------------------
---------------------------------
| rollout/           |          |
|    ep_len_mean     | 55.8     |
|    ep_rew_mean     | 9.83     |
| time/              |          |
|    episodes        | 764      |
|    fps             | 22       |
|    time_elapsed    | 1974     |
|    total_timesteps | 44140    |
| train/             |          |
|    actor_loss      | 0.121    |
|    critic_loss     | 0.287    |
|    ent_coef        | 0.00374  |
|    ent_coef_loss   | -0.0425  |
|    learning_rate   | 0.0003   |
|    n_updates       | 34130    |
---------------------------------
---------------------------------
| rollout/           |          |
|    ep_len_mean     | 55.7     |
|    ep_rew_mean     | 10.4     |
| time/              |          |
|    episodes        | 768      |
|    fps             | 22       |
|    time_elapsed    | 1989     |
|    total_timesteps | 44420    |
| train/             |          |
|    actor_loss      | -0.00571 |
|    critic_loss     | 0.214    |
|    ent_coef        | 0.00365  |
|    ent_coef_loss   | -0.727   |
|    learning_rate   | 0.0003   |
|    n_updates       | 34410    |
---------------------------------
---------------------------------
| rollout/           |          |
|    ep_len_mean     | 55.8     |
|    ep_rew_mean     | 10.2     |
| time/              |          |
|    episodes        | 772      |
|    fps             | 22       |
|    time_elapsed    | 2000     |
|    total_timesteps | 44640    |
| train/             |          |
|    actor_loss      | 0.0375   |
|    critic_loss     | 0.237    |
|    ent_coef        | 0.00361  |
|    ent_coef_loss   | -0.138   |
|    learning_rate   | 0.0003   |
|    n_updates       | 34630    |
---------------------------------
---------------------------------
| rollout/           |          |
|    ep_len_mean     | 55.9     |
|    ep_rew_mean     | 8.15     |
| time/              |          |
|    episodes        | 776      |
|    fps             | 22       |
|    time_elapsed    | 2004     |
|    total_timesteps | 44720    |
| train/             |          |
|    actor_loss      | 0.0144   |
|    critic_loss     | 0.195    |
|    ent_coef        | 0.0037   |
|    ent_coef_loss   | 0.0461   |
|    learning_rate   | 0.0003   |
|    n_updates       | 34710    |
---------------------------------
---------------------------------
| rollout/           |          |
|    ep_len_mean     | 55.7     |
|    ep_rew_mean     | 3.24     |
| time/              |          |
|    episodes        | 780      |
|    fps             | 22       |
|    time_elapsed    | 2019     |
|    total_timesteps | 45010    |
| train/             |          |
|    actor_loss      | 0.144    |
|    critic_loss     | 0.216    |
|    ent_coef        | 0.00375  |
|    ent_coef_loss   | 1.07     |
|    learning_rate   | 0.0003   |
|    n_updates       | 35000    |
---------------------------------
---------------------------------
| rollout/           |          |
|    ep_len_mean     | 56       |
|    ep_rew_mean     | 8.63     |
| time/              |          |
|    episodes        | 784      |
|    fps             | 22       |
|    time_elapsed    | 2035     |
|    total_timesteps | 45260    |
| train/             |          |
|    actor_loss      | 0.0563   |
|    critic_loss     | 0.349    |
|    ent_coef        | 0.00391  |
|    ent_coef_loss   | 1.89     |
|    learning_rate   | 0.0003   |
|    n_updates       | 35250    |
---------------------------------
---------------------------------
| rollout/           |          |
|    ep_len_mean     | 55.8     |
|    ep_rew_mean     | 7.76     |
| time/              |          |
|    episodes        | 788      |
|    fps             | 22       |
|    time_elapsed    | 2044     |
|    total_timesteps | 45380    |
| train/             |          |
|    actor_loss      | 0.0453   |
|    critic_loss     | 0.189    |
|    ent_coef        | 0.00396  |
|    ent_coef_loss   | 0.442    |
|    learning_rate   | 0.0003   |
|    n_updates       | 35370    |
---------------------------------
---------------------------------
| rollout/           |          |
|    ep_len_mean     | 55.4     |
|    ep_rew_mean     | 3.24     |
| time/              |          |
|    episodes        | 792      |
|    fps             | 22       |
|    time_elapsed    | 2055     |
|    total_timesteps | 45560    |
| train/             |          |
|    actor_loss      | 0.0404   |
|    critic_loss     | 0.222    |
|    ent_coef        | 0.00399  |
|    ent_coef_loss   | 0.66     |
|    learning_rate   | 0.0003   |
|    n_updates       | 35550    |
---------------------------------
---------------------------------
| rollout/           |          |
|    ep_len_mean     | 54.8     |
|    ep_rew_mean     | -6.05    |
| time/              |          |
|    episodes        | 796      |
|    fps             | 22       |
|    time_elapsed    | 2065     |
|    total_timesteps | 45730    |
| train/             |          |
|    actor_loss      | -0.0171  |
|    critic_loss     | 0.186    |
|    ent_coef        | 0.00397  |
|    ent_coef_loss   | 0.153    |
|    learning_rate   | 0.0003   |
|    n_updates       | 35720    |
---------------------------------
---------------------------------
| rollout/           |          |
|    ep_len_mean     | 54.5     |
|    ep_rew_mean     | -8.87    |
| time/              |          |
|    episodes        | 800      |
|    fps             | 22       |
|    time_elapsed    | 2080     |
|    total_timesteps | 46010    |
| train/             |          |
|    actor_loss      | 0.0561   |
|    critic_loss     | 0.201    |
|    ent_coef        | 0.00395  |
|    ent_coef_loss   | -1.52    |
|    learning_rate   | 0.0003   |
|    n_updates       | 36000    |
---------------------------------
---------------------------------
| rollout/           |          |
|    ep_len_mean     | 55       |
|    ep_rew_mean     | 1.66     |
| time/              |          |
|    episodes        | 804      |
|    fps             | 22       |
|    time_elapsed    | 2089     |
|    total_timesteps | 46190    |
| train/             |          |
|    actor_loss      | 0.0269   |
|    critic_loss     | 0.163    |
|    ent_coef        | 0.00388  |
|    ent_coef_loss   | -1.39    |
|    learning_rate   | 0.0003   |
|    n_updates       | 36180    |
---------------------------------
----------------------------------
| rollout/           |           |
|    ep_len_mean     | 54.9      |
|    ep_rew_mean     | -3.7      |
| time/              |           |
|    episodes        | 808       |
|    fps             | 22        |
|    time_elapsed    | 2104      |
|    total_timesteps | 46480     |
| train/             |           |
|    actor_loss      | -0.000984 |
|    critic_loss     | 0.29      |
|    ent_coef        | 0.00391   |
|    ent_coef_loss   | -0.653    |
|    learning_rate   | 0.0003    |
|    n_updates       | 36470     |
----------------------------------
---------------------------------
| rollout/           |          |
|    ep_len_mean     | 55       |
|    ep_rew_mean     | -4.14    |
| time/              |          |
|    episodes        | 812      |
|    fps             | 22       |
|    time_elapsed    | 2114     |
|    total_timesteps | 46690    |
| train/             |          |
|    actor_loss      | 0.019    |
|    critic_loss     | 0.227    |
|    ent_coef        | 0.00393  |
|    ent_coef_loss   | -0.416   |
|    learning_rate   | 0.0003   |
|    n_updates       | 36680    |
---------------------------------
---------------------------------
| rollout/           |          |
|    ep_len_mean     | 55.4     |
|    ep_rew_mean     | -4.29    |
| time/              |          |
|    episodes        | 816      |
|    fps             | 22       |
|    time_elapsed    | 2122     |
|    total_timesteps | 46850    |
| train/             |          |
|    actor_loss      | 0.0477   |
|    critic_loss     | 0.205    |
|    ent_coef        | 0.00387  |
|    ent_coef_loss   | -0.489   |
|    learning_rate   | 0.0003   |
|    n_updates       | 36840    |
---------------------------------
---------------------------------
| rollout/           |          |
|    ep_len_mean     | 53.8     |
|    ep_rew_mean     | -11.2    |
| time/              |          |
|    episodes        | 820      |
|    fps             | 22       |
|    time_elapsed    | 2133     |
|    total_timesteps | 47060    |
| train/             |          |
|    actor_loss      | 0.0207   |
|    critic_loss     | 0.195    |
|    ent_coef        | 0.0038   |
|    ent_coef_loss   | -0.27    |
|    learning_rate   | 0.0003   |
|    n_updates       | 37050    |
---------------------------------
---------------------------------
| rollout/           |          |
|    ep_len_mean     | 53.9     |
|    ep_rew_mean     | -11.9    |
| time/              |          |
|    episodes        | 824      |
|    fps             | 22       |
|    time_elapsed    | 2145     |
|    total_timesteps | 47310    |
| train/             |          |
|    actor_loss      | 0.0455   |
|    critic_loss     | 0.315    |
|    ent_coef        | 0.00379  |
|    ent_coef_loss   | 1.49     |
|    learning_rate   | 0.0003   |
|    n_updates       | 37300    |
---------------------------------
---------------------------------
| rollout/           |          |
|    ep_len_mean     | 53.5     |
|    ep_rew_mean     | -17.4    |
| time/              |          |
|    episodes        | 828      |
|    fps             | 22       |
|    time_elapsed    | 2158     |
|    total_timesteps | 47560    |
| train/             |          |
|    actor_loss      | 0.0238   |
|    critic_loss     | 0.2      |
|    ent_coef        | 0.00375  |
|    ent_coef_loss   | -0.291   |
|    learning_rate   | 0.0003   |
|    n_updates       | 37550    |
---------------------------------
---------------------------------
| rollout/           |          |
|    ep_len_mean     | 53.7     |
|    ep_rew_mean     | -17.8    |
| time/              |          |
|    episodes        | 832      |
|    fps             | 22       |
|    time_elapsed    | 2164     |
|    total_timesteps | 47670    |
| train/             |          |
|    actor_loss      | 0.0461   |
|    critic_loss     | 0.172    |
|    ent_coef        | 0.0038   |
|    ent_coef_loss   | -0.00862 |
|    learning_rate   | 0.0003   |
|    n_updates       | 37660    |
---------------------------------
---------------------------------
| rollout/           |          |
|    ep_len_mean     | 53.1     |
|    ep_rew_mean     | -27      |
| time/              |          |
|    episodes        | 836      |
|    fps             | 22       |
|    time_elapsed    | 2175     |
|    total_timesteps | 47890    |
| train/             |          |
|    actor_loss      | 0.0776   |
|    critic_loss     | 0.327    |
|    ent_coef        | 0.00387  |
|    ent_coef_loss   | -1.23    |
|    learning_rate   | 0.0003   |
|    n_updates       | 37880    |
---------------------------------
---------------------------------
| rollout/           |          |
|    ep_len_mean     | 52.4     |
|    ep_rew_mean     | -34.7    |
| time/              |          |
|    episodes        | 840      |
|    fps             | 22       |
|    time_elapsed    | 2188     |
|    total_timesteps | 48150    |
| train/             |          |
|    actor_loss      | 0.0243   |
|    critic_loss     | 0.0817   |
|    ent_coef        | 0.00383  |
|    ent_coef_loss   | -1.21    |
|    learning_rate   | 0.0003   |
|    n_updates       | 38140    |
---------------------------------
---------------------------------
| rollout/           |          |
|    ep_len_mean     | 52.7     |
|    ep_rew_mean     | -30.8    |
| time/              |          |
|    episodes        | 844      |
|    fps             | 21       |
|    time_elapsed    | 2195     |
|    total_timesteps | 48290    |
| train/             |          |
|    actor_loss      | 0.0378   |
|    critic_loss     | 0.164    |
|    ent_coef        | 0.00376  |
|    ent_coef_loss   | -0.914   |
|    learning_rate   | 0.0003   |
|    n_updates       | 38280    |
---------------------------------
---------------------------------
| rollout/           |          |
|    ep_len_mean     | 52.3     |
|    ep_rew_mean     | -35.1    |
| time/              |          |
|    episodes        | 848      |
|    fps             | 21       |
|    time_elapsed    | 2206     |
|    total_timesteps | 48500    |
| train/             |          |
|    actor_loss      | 0.0389   |
|    critic_loss     | 0.317    |
|    ent_coef        | 0.00382  |
|    ent_coef_loss   | 0.282    |
|    learning_rate   | 0.0003   |
|    n_updates       | 38490    |
---------------------------------
---------------------------------
| rollout/           |          |
|    ep_len_mean     | 51.7     |
|    ep_rew_mean     | -45.5    |
| time/              |          |
|    episodes        | 852      |
|    fps             | 21       |
|    time_elapsed    | 2216     |
|    total_timesteps | 48690    |
| train/             |          |
|    actor_loss      | 0.0771   |
|    critic_loss     | 0.342    |
|    ent_coef        | 0.00379  |
|    ent_coef_loss   | -0.398   |
|    learning_rate   | 0.0003   |
|    n_updates       | 38680    |
---------------------------------
---------------------------------
| rollout/           |          |
|    ep_len_mean     | 52.2     |
|    ep_rew_mean     | -38.1    |
| time/              |          |
|    episodes        | 856      |
|    fps             | 21       |
|    time_elapsed    | 2221     |
|    total_timesteps | 48800    |
| train/             |          |
|    actor_loss      | -0.0555  |
|    critic_loss     | 0.164    |
|    ent_coef        | 0.00384  |
|    ent_coef_loss   | 1.31     |
|    learning_rate   | 0.0003   |
|    n_updates       | 38790    |
---------------------------------
---------------------------------
| rollout/           |          |
|    ep_len_mean     | 50.8     |
|    ep_rew_mean     | -56      |
| time/              |          |
|    episodes        | 860      |
|    fps             | 21       |
|    time_elapsed    | 2233     |
|    total_timesteps | 49040    |
| train/             |          |
|    actor_loss      | 0.0147   |
|    critic_loss     | 0.0913   |
|    ent_coef        | 0.00392  |
|    ent_coef_loss   | 0.593    |
|    learning_rate   | 0.0003   |
|    n_updates       | 39030    |
---------------------------------
---------------------------------
| rollout/           |          |
|    ep_len_mean     | 50.6     |
|    ep_rew_mean     | -60.8    |
| time/              |          |
|    episodes        | 864      |
|    fps             | 21       |
|    time_elapsed    | 2246     |
|    total_timesteps | 49280    |
| train/             |          |
|    actor_loss      | 0.0135   |
|    critic_loss     | 0.131    |
|    ent_coef        | 0.00384  |
|    ent_coef_loss   | -0.227   |
|    learning_rate   | 0.0003   |
|    n_updates       | 39270    |
---------------------------------
---------------------------------
| rollout/           |          |
|    ep_len_mean     | 50.5     |
|    ep_rew_mean     | -61.1    |
| time/              |          |
|    episodes        | 868      |
|    fps             | 21       |
|    time_elapsed    | 2255     |
|    total_timesteps | 49460    |
| train/             |          |
|    actor_loss      | 0.04     |
|    critic_loss     | 0.225    |
|    ent_coef        | 0.00377  |
|    ent_coef_loss   | 1.84     |
|    learning_rate   | 0.0003   |
|    n_updates       | 39450    |
---------------------------------
---------------------------------
| rollout/           |          |
|    ep_len_mean     | 50.4     |
|    ep_rew_mean     | -65.7    |
| time/              |          |
|    episodes        | 872      |
|    fps             | 21       |
|    time_elapsed    | 2262     |
|    total_timesteps | 49610    |
| train/             |          |
|    actor_loss      | -0.0163  |
|    critic_loss     | 0.289    |
|    ent_coef        | 0.00374  |
|    ent_coef_loss   | 0.0527   |
|    learning_rate   | 0.0003   |
|    n_updates       | 39600    |
---------------------------------
---------------------------------
| rollout/           |          |
|    ep_len_mean     | 49.7     |
|    ep_rew_mean     | -73.3    |
| time/              |          |
|    episodes        | 876      |
|    fps             | 21       |
|    time_elapsed    | 2273     |
|    total_timesteps | 49820    |
| train/             |          |
|    actor_loss      | -0.0819  |
|    critic_loss     | 0.23     |
|    ent_coef        | 0.00375  |
|    ent_coef_loss   | 0.256    |
|    learning_rate   | 0.0003   |
|    n_updates       | 39810    |
---------------------------------
---------------------------------
| rollout/           |          |
|    ep_len_mean     | 49.8     |
|    ep_rew_mean     | -71.5    |
| time/              |          |
|    episodes        | 880      |
|    fps             | 21       |
|    time_elapsed    | 2283     |
|    total_timesteps | 50010    |
| train/             |          |
|    actor_loss      | 0.0263   |
|    critic_loss     | 0.266    |
|    ent_coef        | 0.0037   |
|    ent_coef_loss   | 0.0234   |
|    learning_rate   | 0.0003   |
|    n_updates       | 40000    |
---------------------------------
---------------------------------
| rollout/           |          |
|    ep_len_mean     | 49.8     |
|    ep_rew_mean     | -72.2    |
| time/              |          |
|    episodes        | 884      |
|    fps             | 21       |
|    time_elapsed    | 2291     |
|    total_timesteps | 50170    |
| train/             |          |
|    actor_loss      | -0.0362  |
|    critic_loss     | 0.225    |
|    ent_coef        | 0.00368  |
|    ent_coef_loss   | -1.01    |
|    learning_rate   | 0.0003   |
|    n_updates       | 40160    |
---------------------------------
---------------------------------
| rollout/           |          |
|    ep_len_mean     | 50.2     |
|    ep_rew_mean     | -67.6    |
| time/              |          |
|    episodes        | 888      |
|    fps             | 21       |
|    time_elapsed    | 2301     |
|    total_timesteps | 50380    |
| train/             |          |
|    actor_loss      | 0.00099  |
|    critic_loss     | 0.185    |
|    ent_coef        | 0.00357  |
|    ent_coef_loss   | -1.29    |
|    learning_rate   | 0.0003   |
|    n_updates       | 40370    |
---------------------------------
---------------------------------
| rollout/           |          |
|    ep_len_mean     | 50.1     |
|    ep_rew_mean     | -67.7    |
| time/              |          |
|    episodes        | 892      |
|    fps             | 21       |
|    time_elapsed    | 2317     |
|    total_timesteps | 50690    |
| train/             |          |
|    actor_loss      | 0.0665   |
|    critic_loss     | 0.237    |
|    ent_coef        | 0.00358  |
|    ent_coef_loss   | 0.591    |
|    learning_rate   | 0.0003   |
|    n_updates       | 40680    |
---------------------------------
---------------------------------
| rollout/           |          |
|    ep_len_mean     | 50.8     |
|    ep_rew_mean     | -54.4    |
| time/              |          |
|    episodes        | 896      |
|    fps             | 21       |
|    time_elapsed    | 2322     |
|    total_timesteps | 50780    |
| train/             |          |
|    actor_loss      | 0.00902  |
|    critic_loss     | 0.147    |
|    ent_coef        | 0.00354  |
|    ent_coef_loss   | -0.533   |
|    learning_rate   | 0.0003   |
|    n_updates       | 40770    |
---------------------------------
---------------------------------
| rollout/           |          |
|    ep_len_mean     | 50.8     |
|    ep_rew_mean     | -55.6    |
| time/              |          |
|    episodes        | 900      |
|    fps             | 21       |
|    time_elapsed    | 2333     |
|    total_timesteps | 51000    |
| train/             |          |
|    actor_loss      | 0.0309   |
|    critic_loss     | 0.298    |
|    ent_coef        | 0.00345  |
|    ent_coef_loss   | 0.845    |
|    learning_rate   | 0.0003   |
|    n_updates       | 40990    |
---------------------------------
---------------------------------
| rollout/           |          |
|    ep_len_mean     | 50.2     |
|    ep_rew_mean     | -65.2    |
| time/              |          |
|    episodes        | 904      |
|    fps             | 21       |
|    time_elapsed    | 2342     |
|    total_timesteps | 51170    |
| train/             |          |
|    actor_loss      | -0.0184  |
|    critic_loss     | 0.137    |
|    ent_coef        | 0.00348  |
|    ent_coef_loss   | -0.887   |
|    learning_rate   | 0.0003   |
|    n_updates       | 41160    |
---------------------------------
---------------------------------
| rollout/           |          |
|    ep_len_mean     | 49.9     |
|    ep_rew_mean     | -68.5    |
| time/              |          |
|    episodes        | 908      |
|    fps             | 21       |
|    time_elapsed    | 2356     |
|    total_timesteps | 51460    |
| train/             |          |
|    actor_loss      | 0.0419   |
|    critic_loss     | 0.217    |
|    ent_coef        | 0.00362  |
|    ent_coef_loss   | 0.357    |
|    learning_rate   | 0.0003   |
|    n_updates       | 41450    |
---------------------------------
---------------------------------
| rollout/           |          |
|    ep_len_mean     | 49.7     |
|    ep_rew_mean     | -69.1    |
| time/              |          |
|    episodes        | 912      |
|    fps             | 21       |
|    time_elapsed    | 2365     |
|    total_timesteps | 51640    |
| train/             |          |
|    actor_loss      | 0.00757  |
|    critic_loss     | 0.206    |
|    ent_coef        | 0.00364  |
|    ent_coef_loss   | -0.451   |
|    learning_rate   | 0.0003   |
|    n_updates       | 41630    |
---------------------------------
---------------------------------
| rollout/           |          |
|    ep_len_mean     | 49.1     |
|    ep_rew_mean     | -74.5    |
| time/              |          |
|    episodes        | 916      |
|    fps             | 21       |
|    time_elapsed    | 2376     |
|    total_timesteps | 51860    |
| train/             |          |
|    actor_loss      | 0.0519   |
|    critic_loss     | 0.223    |
|    ent_coef        | 0.00377  |
|    ent_coef_loss   | 0.817    |
|    learning_rate   | 0.0003   |
|    n_updates       | 41850    |
---------------------------------
---------------------------------
| rollout/           |          |
|    ep_len_mean     | 49.6     |
|    ep_rew_mean     | -69.9    |
| time/              |          |
|    episodes        | 920      |
|    fps             | 21       |
|    time_elapsed    | 2386     |
|    total_timesteps | 52050    |
| train/             |          |
|    actor_loss      | 0.0267   |
|    critic_loss     | 0.108    |
|    ent_coef        | 0.00372  |
|    ent_coef_loss   | -0.156   |
|    learning_rate   | 0.0003   |
|    n_updates       | 42040    |
---------------------------------
---------------------------------
| rollout/           |          |
|    ep_len_mean     | 49.3     |
|    ep_rew_mean     | -74.3    |
| time/              |          |
|    episodes        | 924      |
|    fps             | 21       |
|    time_elapsed    | 2398     |
|    total_timesteps | 52270    |
| train/             |          |
|    actor_loss      | 0.0134   |
|    critic_loss     | 0.19     |
|    ent_coef        | 0.00369  |
|    ent_coef_loss   | 0.931    |
|    learning_rate   | 0.0003   |
|    n_updates       | 42260    |
---------------------------------
---------------------------------
| rollout/           |          |
|    ep_len_mean     | 49.5     |
|    ep_rew_mean     | -79.3    |
| time/              |          |
|    episodes        | 928      |
|    fps             | 21       |
|    time_elapsed    | 2402     |
|    total_timesteps | 52350    |
| train/             |          |
|    actor_loss      | -0.0154  |
|    critic_loss     | 0.0954   |
|    ent_coef        | 0.00371  |
|    ent_coef_loss   | -1.4     |
|    learning_rate   | 0.0003   |
|    n_updates       | 42340    |
---------------------------------
---------------------------------
| rollout/           |          |
|    ep_len_mean     | 49.7     |
|    ep_rew_mean     | -74.4    |
| time/              |          |
|    episodes        | 932      |
|    fps             | 21       |
|    time_elapsed    | 2422     |
|    total_timesteps | 52740    |
| train/             |          |
|    actor_loss      | -0.0178  |
|    critic_loss     | 0.17     |
|    ent_coef        | 0.00361  |
|    ent_coef_loss   | 0.198    |
|    learning_rate   | 0.0003   |
|    n_updates       | 42730    |
---------------------------------
---------------------------------
| rollout/           |          |
|    ep_len_mean     | 49.4     |
|    ep_rew_mean     | -78.8    |
| time/              |          |
|    episodes        | 936      |
|    fps             | 21       |
|    time_elapsed    | 2429     |
|    total_timesteps | 52870    |
| train/             |          |
|    actor_loss      | -0.0166  |
|    critic_loss     | 0.217    |
|    ent_coef        | 0.00357  |
|    ent_coef_loss   | -0.453   |
|    learning_rate   | 0.0003   |
|    n_updates       | 42860    |
---------------------------------
---------------------------------
| rollout/           |          |
|    ep_len_mean     | 49.8     |
|    ep_rew_mean     | -74.9    |
| time/              |          |
|    episodes        | 940      |
|    fps             | 21       |
|    time_elapsed    | 2440     |
|    total_timesteps | 53090    |
| train/             |          |
|    actor_loss      | 0.0272   |
|    critic_loss     | 0.154    |
|    ent_coef        | 0.0036   |
|    ent_coef_loss   | 1.4      |
|    learning_rate   | 0.0003   |
|    n_updates       | 43080    |
---------------------------------
---------------------------------
| rollout/           |          |
|    ep_len_mean     | 49.4     |
|    ep_rew_mean     | -89.4    |
| time/              |          |
|    episodes        | 944      |
|    fps             | 21       |
|    time_elapsed    | 2448     |
|    total_timesteps | 53230    |
| train/             |          |
|    actor_loss      | 0.0134   |
|    critic_loss     | 0.213    |
|    ent_coef        | 0.00365  |
|    ent_coef_loss   | 1.05     |
|    learning_rate   | 0.0003   |
|    n_updates       | 43220    |
---------------------------------
---------------------------------
| rollout/           |          |
|    ep_len_mean     | 49.4     |
|    ep_rew_mean     | -88.6    |
| time/              |          |
|    episodes        | 948      |
|    fps             | 21       |
|    time_elapsed    | 2460     |
|    total_timesteps | 53470    |
| train/             |          |
|    actor_loss      | 0.0547   |
|    critic_loss     | 0.273    |
|    ent_coef        | 0.00365  |
|    ent_coef_loss   | -0.0738  |
|    learning_rate   | 0.0003   |
|    n_updates       | 43460    |
---------------------------------
---------------------------------
| rollout/           |          |
|    ep_len_mean     | 49.6     |
|    ep_rew_mean     | -86.2    |
| time/              |          |
|    episodes        | 952      |
|    fps             | 21       |
|    time_elapsed    | 2470     |
|    total_timesteps | 53640    |
| train/             |          |
|    actor_loss      | 0.0139   |
|    critic_loss     | 0.325    |
|    ent_coef        | 0.00363  |
|    ent_coef_loss   | 1.31     |
|    learning_rate   | 0.0003   |
|    n_updates       | 43630    |
---------------------------------
---------------------------------
| rollout/           |          |
|    ep_len_mean     | 49.5     |
|    ep_rew_mean     | -85      |
| time/              |          |
|    episodes        | 956      |
|    fps             | 21       |
|    time_elapsed    | 2479     |
|    total_timesteps | 53790    |
| train/             |          |
|    actor_loss      | 0.0204   |
|    critic_loss     | 0.165    |
|    ent_coef        | 0.00378  |
|    ent_coef_loss   | -0.415   |
|    learning_rate   | 0.0003   |
|    n_updates       | 43780    |
---------------------------------
---------------------------------
| rollout/           |          |
|    ep_len_mean     | 50.6     |
|    ep_rew_mean     | -71.4    |
| time/              |          |
|    episodes        | 960      |
|    fps             | 21       |
|    time_elapsed    | 2493     |
|    total_timesteps | 54060    |
| train/             |          |
|    actor_loss      | 0.0159   |
|    critic_loss     | 0.286    |
|    ent_coef        | 0.00374  |
|    ent_coef_loss   | 0.00168  |
|    learning_rate   | 0.0003   |
|    n_updates       | 44050    |
---------------------------------
---------------------------------
| rollout/           |          |
|    ep_len_mean     | 50.7     |
|    ep_rew_mean     | -66.4    |
| time/              |          |
|    episodes        | 964      |
|    fps             | 21       |
|    time_elapsed    | 2507     |
|    total_timesteps | 54320    |
| train/             |          |
|    actor_loss      | 0.0174   |
|    critic_loss     | 0.21     |
|    ent_coef        | 0.00375  |
|    ent_coef_loss   | -0.108   |
|    learning_rate   | 0.0003   |
|    n_updates       | 44310    |
---------------------------------
---------------------------------
| rollout/           |          |
|    ep_len_mean     | 50.5     |
|    ep_rew_mean     | -71.4    |
| time/              |          |
|    episodes        | 968      |
|    fps             | 21       |
|    time_elapsed    | 2517     |
|    total_timesteps | 54510    |
| train/             |          |
|    actor_loss      | 0.0105   |
|    critic_loss     | 0.216    |
|    ent_coef        | 0.00372  |
|    ent_coef_loss   | 0.375    |
|    learning_rate   | 0.0003   |
|    n_updates       | 44500    |
---------------------------------
---------------------------------
| rollout/           |          |
|    ep_len_mean     | 50.7     |
|    ep_rew_mean     | -76.5    |
| time/              |          |
|    episodes        | 972      |
|    fps             | 21       |
|    time_elapsed    | 2525     |
|    total_timesteps | 54670    |
| train/             |          |
|    actor_loss      | 0.0244   |
|    critic_loss     | 0.153    |
|    ent_coef        | 0.00373  |
|    ent_coef_loss   | -0.833   |
|    learning_rate   | 0.0003   |
|    n_updates       | 44660    |
---------------------------------
---------------------------------
| rollout/           |          |
|    ep_len_mean     | 51.5     |
|    ep_rew_mean     | -64      |
| time/              |          |
|    episodes        | 976      |
|    fps             | 21       |
|    time_elapsed    | 2541     |
|    total_timesteps | 54990    |
| train/             |          |
|    actor_loss      | -0.0158  |
|    critic_loss     | 0.182    |
|    ent_coef        | 0.00364  |
|    ent_coef_loss   | 0.738    |
|    learning_rate   | 0.0003   |
|    n_updates       | 44980    |
---------------------------------
---------------------------------
| rollout/           |          |
|    ep_len_mean     | 51.9     |
|    ep_rew_mean     | -57.8    |
| time/              |          |
|    episodes        | 980      |
|    fps             | 21       |
|    time_elapsed    | 2550     |
|    total_timesteps | 55160    |
| train/             |          |
|    actor_loss      | -0.0154  |
|    critic_loss     | 0.117    |
|    ent_coef        | 0.00366  |
|    ent_coef_loss   | 1.1      |
|    learning_rate   | 0.0003   |
|    n_updates       | 45150    |
---------------------------------
---------------------------------
| rollout/           |          |
|    ep_len_mean     | 52.4     |
|    ep_rew_mean     | -60.4    |
| time/              |          |
|    episodes        | 984      |
|    fps             | 21       |
|    time_elapsed    | 2568     |
|    total_timesteps | 55500    |
| train/             |          |
|    actor_loss      | 0.0668   |
|    critic_loss     | 0.199    |
|    ent_coef        | 0.00373  |
|    ent_coef_loss   | 1.23     |
|    learning_rate   | 0.0003   |
|    n_updates       | 45490    |
---------------------------------
---------------------------------
| rollout/           |          |
|    ep_len_mean     | 52.4     |
|    ep_rew_mean     | -60.8    |
| time/              |          |
|    episodes        | 988      |
|    fps             | 21       |
|    time_elapsed    | 2575     |
|    total_timesteps | 55650    |
| train/             |          |
|    actor_loss      | 0.0331   |
|    critic_loss     | 0.362    |
|    ent_coef        | 0.0037   |
|    ent_coef_loss   | -0.569   |
|    learning_rate   | 0.0003   |
|    n_updates       | 45640    |
---------------------------------
---------------------------------
| rollout/           |          |
|    ep_len_mean     | 52       |
|    ep_rew_mean     | -65.9    |
| time/              |          |
|    episodes        | 992      |
|    fps             | 21       |
|    time_elapsed    | 2582     |
|    total_timesteps | 55780    |
| train/             |          |
|    actor_loss      | 0.027    |
|    critic_loss     | 0.163    |
|    ent_coef        | 0.00372  |
|    ent_coef_loss   | -0.543   |
|    learning_rate   | 0.0003   |
|    n_updates       | 45770    |
---------------------------------
---------------------------------
| rollout/           |          |
|    ep_len_mean     | 51.7     |
|    ep_rew_mean     | -70.2    |
| time/              |          |
|    episodes        | 996      |
|    fps             | 21       |
|    time_elapsed    | 2599     |
|    total_timesteps | 56120    |
| train/             |          |
|    actor_loss      | -0.0328  |
|    critic_loss     | 0.292    |
|    ent_coef        | 0.00378  |
|    ent_coef_loss   | -0.0975  |
|    learning_rate   | 0.0003   |
|    n_updates       | 46110    |
---------------------------------
---------------------------------
| rollout/           |          |
|    ep_len_mean     | 51.8     |
|    ep_rew_mean     | -66.3    |
| time/              |          |
|    episodes        | 1000     |
|    fps             | 21       |
|    time_elapsed    | 2611     |
|    total_timesteps | 56350    |
| train/             |          |
|    actor_loss      | 0.0564   |
|    critic_loss     | 0.23     |
|    ent_coef        | 0.00384  |
|    ent_coef_loss   | -0.13    |
|    learning_rate   | 0.0003   |
|    n_updates       | 46340    |
---------------------------------
---------------------------------
| rollout/           |          |
|    ep_len_mean     | 52.4     |
|    ep_rew_mean     | -57      |
| time/              |          |
|    episodes        | 1004     |
|    fps             | 21       |
|    time_elapsed    | 2616     |
|    total_timesteps | 56450    |
| train/             |          |
|    actor_loss      | 0.0083   |
|    critic_loss     | 0.133    |
|    ent_coef        | 0.00378  |
|    ent_coef_loss   | -0.187   |
|    learning_rate   | 0.0003   |
|    n_updates       | 46440    |
---------------------------------
---------------------------------
| rollout/           |          |
|    ep_len_mean     | 52.8     |
|    ep_rew_mean     | -57.1    |
| time/              |          |
|    episodes        | 1008     |
|    fps             | 21       |
|    time_elapsed    | 2630     |
|    total_timesteps | 56710    |
| train/             |          |
|    actor_loss      | -0.0199  |
|    critic_loss     | 0.0777   |
|    ent_coef        | 0.00357  |
|    ent_coef_loss   | 0.187    |
|    learning_rate   | 0.0003   |
|    n_updates       | 46700    |
---------------------------------
---------------------------------
| rollout/           |          |
|    ep_len_mean     | 52.8     |
|    ep_rew_mean     | -56.2    |
| time/              |          |
|    episodes        | 1012     |
|    fps             | 21       |
|    time_elapsed    | 2642     |
|    total_timesteps | 56970    |
| train/             |          |
|    actor_loss      | 0.0483   |
|    critic_loss     | 0.33     |
|    ent_coef        | 0.00341  |
|    ent_coef_loss   | -0.317   |
|    learning_rate   | 0.0003   |
|    n_updates       | 46960    |
---------------------------------
---------------------------------
| rollout/           |          |
|    ep_len_mean     | 53.7     |
|    ep_rew_mean     | -46.1    |
| time/              |          |
|    episodes        | 1016     |
|    fps             | 21       |
|    time_elapsed    | 2656     |
|    total_timesteps | 57180    |
| train/             |          |
|    actor_loss      | 0.0499   |
|    critic_loss     | 0.273    |
|    ent_coef        | 0.00336  |
|    ent_coef_loss   | -0.133   |
|    learning_rate   | 0.0003   |
|    n_updates       | 47170    |
---------------------------------
---------------------------------
| rollout/           |          |
|    ep_len_mean     | 54.5     |
|    ep_rew_mean     | -38.1    |
| time/              |          |
|    episodes        | 1020     |
|    fps             | 21       |
|    time_elapsed    | 2679     |
|    total_timesteps | 57590    |
| train/             |          |
|    actor_loss      | -0.00675 |
|    critic_loss     | 0.235    |
|    ent_coef        | 0.00321  |
|    ent_coef_loss   | 0.246    |
|    learning_rate   | 0.0003   |
|    n_updates       | 47580    |
---------------------------------
---------------------------------
| rollout/           |          |
|    ep_len_mean     | 54.5     |
|    ep_rew_mean     | -43.6    |
| time/              |          |
|    episodes        | 1024     |
|    fps             | 21       |
|    time_elapsed    | 2685     |
|    total_timesteps | 57690    |
| train/             |          |
|    actor_loss      | 0.0203   |
|    critic_loss     | 0.269    |
|    ent_coef        | 0.00325  |
|    ent_coef_loss   | -0.701   |
|    learning_rate   | 0.0003   |
|    n_updates       | 47680    |
---------------------------------
---------------------------------
| rollout/           |          |
|    ep_len_mean     | 54       |
|    ep_rew_mean     | -43.9    |
| time/              |          |
|    episodes        | 1028     |
|    fps             | 21       |
|    time_elapsed    | 2696     |
|    total_timesteps | 57890    |
| train/             |          |
|    actor_loss      | 0.0102   |
|    critic_loss     | 0.192    |
|    ent_coef        | 0.00326  |
|    ent_coef_loss   | -0.94    |
|    learning_rate   | 0.0003   |
|    n_updates       | 47880    |
---------------------------------
---------------------------------
| rollout/           |          |
|    ep_len_mean     | 54.2     |
|    ep_rew_mean     | -49.3    |
| time/              |          |
|    episodes        | 1032     |
|    fps             | 21       |
|    time_elapsed    | 2710     |
|    total_timesteps | 58160    |
| train/             |          |
|    actor_loss      | -0.00302 |
|    critic_loss     | 0.15     |
|    ent_coef        | 0.00323  |
|    ent_coef_loss   | -0.743   |
|    learning_rate   | 0.0003   |
|    n_updates       | 48150    |
---------------------------------
---------------------------------
| rollout/           |          |
|    ep_len_mean     | 54.4     |
|    ep_rew_mean     | -44.4    |
| time/              |          |
|    episodes        | 1036     |
|    fps             | 21       |
|    time_elapsed    | 2716     |
|    total_timesteps | 58250    |
| train/             |          |
|    actor_loss      | -0.0934  |
|    critic_loss     | 0.146    |
|    ent_coef        | 0.00317  |
|    ent_coef_loss   | -1.73    |
|    learning_rate   | 0.0003   |
|    n_updates       | 48240    |
---------------------------------
---------------------------------
| rollout/           |          |
|    ep_len_mean     | 54.3     |
|    ep_rew_mean     | -48.7    |
| time/              |          |
|    episodes        | 1040     |
|    fps             | 21       |
|    time_elapsed    | 2727     |
|    total_timesteps | 58450    |
| train/             |          |
|    actor_loss      | 0.0127   |
|    critic_loss     | 0.318    |
|    ent_coef        | 0.00313  |
|    ent_coef_loss   | -0.499   |
|    learning_rate   | 0.0003   |
|    n_updates       | 48440    |
---------------------------------
---------------------------------
| rollout/           |          |
|    ep_len_mean     | 53.7     |
|    ep_rew_mean     | -51.3    |
| time/              |          |
|    episodes        | 1044     |
|    fps             | 21       |
|    time_elapsed    | 2737     |
|    total_timesteps | 58640    |
| train/             |          |
|    actor_loss      | 0.0492   |
|    critic_loss     | 0.242    |
|    ent_coef        | 0.00306  |
|    ent_coef_loss   | 0.46     |
|    learning_rate   | 0.0003   |
|    n_updates       | 48630    |
---------------------------------
---------------------------------
| rollout/           |          |
|    ep_len_mean     | 53.5     |
|    ep_rew_mean     | -56      |
| time/              |          |
|    episodes        | 1048     |
|    fps             | 21       |
|    time_elapsed    | 2745     |
|    total_timesteps | 58790    |
| train/             |          |
|    actor_loss      | -0.0328  |
|    critic_loss     | 0.205    |
|    ent_coef        | 0.00305  |
|    ent_coef_loss   | 0.418    |
|    learning_rate   | 0.0003   |
|    n_updates       | 48780    |
---------------------------------
---------------------------------
| rollout/           |          |
|    ep_len_mean     | 53.8     |
|    ep_rew_mean     | -52.8    |
| time/              |          |
|    episodes        | 1052     |
|    fps             | 21       |
|    time_elapsed    | 2762     |
|    total_timesteps | 59100    |
| train/             |          |
|    actor_loss      | 0.0293   |
|    critic_loss     | 0.146    |
|    ent_coef        | 0.00301  |
|    ent_coef_loss   | 0.0778   |
|    learning_rate   | 0.0003   |
|    n_updates       | 49090    |
---------------------------------
---------------------------------
| rollout/           |          |
|    ep_len_mean     | 54.3     |
|    ep_rew_mean     | -53.2    |
| time/              |          |
|    episodes        | 1056     |
|    fps             | 21       |
|    time_elapsed    | 2773     |
|    total_timesteps | 59300    |
| train/             |          |
|    actor_loss      | 0.00441  |
|    critic_loss     | 0.248    |
|    ent_coef        | 0.00294  |
|    ent_coef_loss   | -0.98    |
|    learning_rate   | 0.0003   |
|    n_updates       | 49290    |
---------------------------------
---------------------------------
| rollout/           |          |
|    ep_len_mean     | 54.4     |
|    ep_rew_mean     | -53.2    |
| time/              |          |
|    episodes        | 1060     |
|    fps             | 21       |
|    time_elapsed    | 2787     |
|    total_timesteps | 59560    |
| train/             |          |
|    actor_loss      | 0.0443   |
|    critic_loss     | 0.146    |
|    ent_coef        | 0.0029   |
|    ent_coef_loss   | 0.0371   |
|    learning_rate   | 0.0003   |
|    n_updates       | 49550    |
---------------------------------
---------------------------------
| rollout/           |          |
|    ep_len_mean     | 54.6     |
|    ep_rew_mean     | -67.9    |
| time/              |          |
|    episodes        | 1064     |
|    fps             | 21       |
|    time_elapsed    | 2797     |
|    total_timesteps | 59740    |
| train/             |          |
|    actor_loss      | -0.061   |
|    critic_loss     | 0.211    |
|    ent_coef        | 0.00293  |
|    ent_coef_loss   | -0.624   |
|    learning_rate   | 0.0003   |
|    n_updates       | 49730    |
---------------------------------
---------------------------------
| rollout/           |          |
|    ep_len_mean     | 55       |
|    ep_rew_mean     | -62.3    |
| time/              |          |
|    episodes        | 1068     |
|    fps             | 21       |
|    time_elapsed    | 2805     |
|    total_timesteps | 59890    |
| train/             |          |
|    actor_loss      | 0.0585   |
|    critic_loss     | 0.188    |
|    ent_coef        | 0.00287  |
|    ent_coef_loss   | -0.831   |
|    learning_rate   | 0.0003   |
|    n_updates       | 49880    |
---------------------------------
---------------------------------
| rollout/           |          |
|    ep_len_mean     | 54.6     |
|    ep_rew_mean     | -56      |
| time/              |          |
|    episodes        | 1072     |
|    fps             | 21       |
|    time_elapsed    | 2823     |
|    total_timesteps | 60220    |
| train/             |          |
|    actor_loss      | 0.0498   |
|    critic_loss     | 0.0879   |
|    ent_coef        | 0.00281  |
|    ent_coef_loss   | -0.591   |
|    learning_rate   | 0.0003   |
|    n_updates       | 50210    |
---------------------------------
---------------------------------
| rollout/           |          |
|    ep_len_mean     | 55       |
|    ep_rew_mean     | -50.1    |
| time/              |          |
|    episodes        | 1076     |
|    fps             | 21       |
|    time_elapsed    | 2835     |
|    total_timesteps | 60440    |
| train/             |          |
|    actor_loss      | 0.0391   |
|    critic_loss     | 0.247    |
|    ent_coef        | 0.00275  |
|    ent_coef_loss   | -0.919   |
|    learning_rate   | 0.0003   |
|    n_updates       | 50430    |
---------------------------------
---------------------------------
| rollout/           |          |
|    ep_len_mean     | 54.3     |
|    ep_rew_mean     | -58.3    |
| time/              |          |
|    episodes        | 1080     |
|    fps             | 21       |
|    time_elapsed    | 2842     |
|    total_timesteps | 60570    |
| train/             |          |
|    actor_loss      | 0.0144   |
|    critic_loss     | 0.175    |
|    ent_coef        | 0.00274  |
|    ent_coef_loss   | -0.424   |
|    learning_rate   | 0.0003   |
|    n_updates       | 50560    |
---------------------------------
---------------------------------
| rollout/           |          |
|    ep_len_mean     | 53.9     |
|    ep_rew_mean     | -56      |
| time/              |          |
|    episodes        | 1084     |
|    fps             | 21       |
|    time_elapsed    | 2856     |
|    total_timesteps | 60820    |
| train/             |          |
|    actor_loss      | -0.0335  |
|    critic_loss     | 0.145    |
|    ent_coef        | 0.00272  |
|    ent_coef_loss   | -0.535   |
|    learning_rate   | 0.0003   |
|    n_updates       | 50810    |
---------------------------------
---------------------------------
| rollout/           |          |
|    ep_len_mean     | 53.6     |
|    ep_rew_mean     | -59.5    |
| time/              |          |
|    episodes        | 1088     |
|    fps             | 21       |
|    time_elapsed    | 2864     |
|    total_timesteps | 60980    |
| train/             |          |
|    actor_loss      | 0.0207   |
|    critic_loss     | 0.167    |
|    ent_coef        | 0.00274  |
|    ent_coef_loss   | -0.301   |
|    learning_rate   | 0.0003   |
|    n_updates       | 50970    |
---------------------------------
---------------------------------
| rollout/           |          |
|    ep_len_mean     | 53.9     |
|    ep_rew_mean     | -58.4    |
| time/              |          |
|    episodes        | 1092     |
|    fps             | 21       |
|    time_elapsed    | 2874     |
|    total_timesteps | 61130    |
| train/             |          |
|    actor_loss      | 0.0202   |
|    critic_loss     | 0.273    |
|    ent_coef        | 0.00278  |
|    ent_coef_loss   | 0.775    |
|    learning_rate   | 0.0003   |
|    n_updates       | 51120    |
---------------------------------
---------------------------------
| rollout/           |          |
|    ep_len_mean     | 53.7     |
|    ep_rew_mean     | -62      |
| time/              |          |
|    episodes        | 1096     |
|    fps             | 21       |
|    time_elapsed    | 2888     |
|    total_timesteps | 61370    |
| train/             |          |
|    actor_loss      | 0.0826   |
|    critic_loss     | 0.155    |
|    ent_coef        | 0.00276  |
|    ent_coef_loss   | -0.113   |
|    learning_rate   | 0.0003   |
|    n_updates       | 51360    |
---------------------------------
---------------------------------
| rollout/           |          |
|    ep_len_mean     | 53.1     |
|    ep_rew_mean     | -65.2    |
| time/              |          |
|    episodes        | 1100     |
|    fps             | 21       |
|    time_elapsed    | 2903     |
|    total_timesteps | 61590    |
| train/             |          |
|    actor_loss      | -0.0357  |
|    critic_loss     | 0.125    |
|    ent_coef        | 0.00276  |
|    ent_coef_loss   | 1.4      |
|    learning_rate   | 0.0003   |
|    n_updates       | 51580    |
---------------------------------
---------------------------------
| rollout/           |          |
|    ep_len_mean     | 53.6     |
|    ep_rew_mean     | -62.1    |
| time/              |          |
|    episodes        | 1104     |
|    fps             | 21       |
|    time_elapsed    | 2913     |
|    total_timesteps | 61730    |
| train/             |          |
|    actor_loss      | -0.0176  |
|    critic_loss     | 0.198    |
|    ent_coef        | 0.00276  |
|    ent_coef_loss   | -0.228   |
|    learning_rate   | 0.0003   |
|    n_updates       | 51720    |
---------------------------------
---------------------------------
| rollout/           |          |
|    ep_len_mean     | 53.4     |
|    ep_rew_mean     | -57.6    |
| time/              |          |
|    episodes        | 1108     |
|    fps             | 21       |
|    time_elapsed    | 2933     |
|    total_timesteps | 62040    |
| train/             |          |
|    actor_loss      | 0.024    |
|    critic_loss     | 0.207    |
|    ent_coef        | 0.00275  |
|    ent_coef_loss   | -1.02    |
|    learning_rate   | 0.0003   |
|    n_updates       | 52030    |
---------------------------------
---------------------------------
| rollout/           |          |
|    ep_len_mean     | 52.9     |
|    ep_rew_mean     | -66.2    |
| time/              |          |
|    episodes        | 1112     |
|    fps             | 21       |
|    time_elapsed    | 2947     |
|    total_timesteps | 62280    |
| train/             |          |
|    actor_loss      | -0.0365  |
|    critic_loss     | 0.167    |
|    ent_coef        | 0.00276  |
|    ent_coef_loss   | 0.691    |
|    learning_rate   | 0.0003   |
|    n_updates       | 52270    |
---------------------------------
---------------------------------
| rollout/           |          |
|    ep_len_mean     | 52.4     |
|    ep_rew_mean     | -80.3    |
| time/              |          |
|    episodes        | 1116     |
|    fps             | 21       |
|    time_elapsed    | 2957     |
|    total_timesteps | 62450    |
| train/             |          |
|    actor_loss      | -0.00793 |
|    critic_loss     | 0.19     |
|    ent_coef        | 0.00277  |
|    ent_coef_loss   | -0.181   |
|    learning_rate   | 0.0003   |
|    n_updates       | 52440    |
---------------------------------
---------------------------------
| rollout/           |          |
|    ep_len_mean     | 52.5     |
|    ep_rew_mean     | -96.1    |
| time/              |          |
|    episodes        | 1120     |
|    fps             | 21       |
|    time_elapsed    | 2967     |
|    total_timesteps | 62600    |
| train/             |          |
|    actor_loss      | 0.0651   |
|    critic_loss     | 0.272    |
|    ent_coef        | 0.00276  |
|    ent_coef_loss   | 0.257    |
|    learning_rate   | 0.0003   |
|    n_updates       | 52590    |
---------------------------------
---------------------------------
| rollout/           |          |
|    ep_len_mean     | 52.4     |
|    ep_rew_mean     | -91.3    |
| time/              |          |
|    episodes        | 1124     |
|    fps             | 21       |
|    time_elapsed    | 2987     |
|    total_timesteps | 62910    |
| train/             |          |
|    actor_loss      | -0.011   |
|    critic_loss     | 0.118    |
|    ent_coef        | 0.00263  |
|    ent_coef_loss   | 0.436    |
|    learning_rate   | 0.0003   |
|    n_updates       | 52900    |
---------------------------------
---------------------------------
| rollout/           |          |
|    ep_len_mean     | 52.9     |
|    ep_rew_mean     | -87.2    |
| time/              |          |
|    episodes        | 1128     |
|    fps             | 21       |
|    time_elapsed    | 3005     |
|    total_timesteps | 63190    |
| train/             |          |
|    actor_loss      | 0.0391   |
|    critic_loss     | 0.126    |
|    ent_coef        | 0.00266  |
|    ent_coef_loss   | 0.66     |
|    learning_rate   | 0.0003   |
|    n_updates       | 53180    |
---------------------------------
---------------------------------
| rollout/           |          |
|    ep_len_mean     | 52.4     |
|    ep_rew_mean     | -87.6    |
| time/              |          |
|    episodes        | 1132     |
|    fps             | 21       |
|    time_elapsed    | 3016     |
|    total_timesteps | 63380    |
| train/             |          |
|    actor_loss      | -0.00264 |
|    critic_loss     | 0.123    |
|    ent_coef        | 0.00272  |
|    ent_coef_loss   | -0.191   |
|    learning_rate   | 0.0003   |
|    n_updates       | 53370    |
---------------------------------
---------------------------------
| rollout/           |          |
|    ep_len_mean     | 52.9     |
|    ep_rew_mean     | -84.6    |
| time/              |          |
|    episodes        | 1136     |
|    fps             | 21       |
|    time_elapsed    | 3025     |
|    total_timesteps | 63540    |
| train/             |          |
|    actor_loss      | 0.0607   |
|    critic_loss     | 0.215    |
|    ent_coef        | 0.00272  |
|    ent_coef_loss   | -0.0751  |
|    learning_rate   | 0.0003   |
|    n_updates       | 53530    |
---------------------------------
---------------------------------
| rollout/           |          |
|    ep_len_mean     | 52.7     |
|    ep_rew_mean     | -80.9    |
| time/              |          |
|    episodes        | 1140     |
|    fps             | 20       |
|    time_elapsed    | 3041     |
|    total_timesteps | 63820    |
| train/             |          |
|    actor_loss      | 0.0674   |
|    critic_loss     | 0.154    |
|    ent_coef        | 0.00264  |
|    ent_coef_loss   | 0.237    |
|    learning_rate   | 0.0003   |
|    n_updates       | 53810    |
---------------------------------
---------------------------------
| rollout/           |          |
|    ep_len_mean     | 53.6     |
|    ep_rew_mean     | -68.5    |
| time/              |          |
|    episodes        | 1144     |
|    fps             | 20       |
|    time_elapsed    | 3052     |
|    total_timesteps | 63960    |
| train/             |          |
|    actor_loss      | 0.0391   |
|    critic_loss     | 0.214    |
|    ent_coef        | 0.00267  |
|    ent_coef_loss   | -0.474   |
|    learning_rate   | 0.0003   |
|    n_updates       | 53950    |
---------------------------------
---------------------------------
| rollout/           |          |
|    ep_len_mean     | 53.5     |
|    ep_rew_mean     | -69.5    |
| time/              |          |
|    episodes        | 1148     |
|    fps             | 20       |
|    time_elapsed    | 3060     |
|    total_timesteps | 64060    |
| train/             |          |
|    actor_loss      | -0.0348  |
|    critic_loss     | 0.147    |
|    ent_coef        | 0.00266  |
|    ent_coef_loss   | -0.0122  |
|    learning_rate   | 0.0003   |
|    n_updates       | 54050    |
---------------------------------
---------------------------------
| rollout/           |          |
|    ep_len_mean     | 52.9     |
|    ep_rew_mean     | -72.4    |
| time/              |          |
|    episodes        | 1152     |
|    fps             | 20       |
|    time_elapsed    | 3072     |
|    total_timesteps | 64260    |
| train/             |          |
|    actor_loss      | 0.0461   |
|    critic_loss     | 0.153    |
|    ent_coef        | 0.00268  |
|    ent_coef_loss   | 0.47     |
|    learning_rate   | 0.0003   |
|    n_updates       | 54250    |
---------------------------------
---------------------------------
| rollout/           |          |
|    ep_len_mean     | 52.1     |
|    ep_rew_mean     | -76.1    |
| time/              |          |
|    episodes        | 1156     |
|    fps             | 20       |
|    time_elapsed    | 3090     |
|    total_timesteps | 64510    |
| train/             |          |
|    actor_loss      | 0.0805   |
|    critic_loss     | 0.185    |
|    ent_coef        | 0.0027   |
|    ent_coef_loss   | -0.474   |
|    learning_rate   | 0.0003   |
|    n_updates       | 54500    |
---------------------------------
---------------------------------
| rollout/           |          |
|    ep_len_mean     | 52       |
|    ep_rew_mean     | -73.2    |
| time/              |          |
|    episodes        | 1160     |
|    fps             | 20       |
|    time_elapsed    | 3099     |
|    total_timesteps | 64620    |
| train/             |          |
|    actor_loss      | 0.0172   |
|    critic_loss     | 0.232    |
|    ent_coef        | 0.0027   |
|    ent_coef_loss   | 0.651    |
|    learning_rate   | 0.0003   |
|    n_updates       | 54610    |
---------------------------------
---------------------------------
| rollout/           |          |
|    ep_len_mean     | 51.2     |
|    ep_rew_mean     | -63.9    |
| time/              |          |
|    episodes        | 1164     |
|    fps             | 20       |
|    time_elapsed    | 3116     |
|    total_timesteps | 64860    |
| train/             |          |
|    actor_loss      | -0.0177  |
|    critic_loss     | 0.132    |
|    ent_coef        | 0.00265  |
|    ent_coef_loss   | -0.466   |
|    learning_rate   | 0.0003   |
|    n_updates       | 54850    |
---------------------------------
---------------------------------
| rollout/           |          |
|    ep_len_mean     | 50.8     |
|    ep_rew_mean     | -73.4    |
| time/              |          |
|    episodes        | 1168     |
|    fps             | 20       |
|    time_elapsed    | 3128     |
|    total_timesteps | 65060    |
| train/             |          |
|    actor_loss      | 0.0034   |
|    critic_loss     | 0.284    |
|    ent_coef        | 0.00268  |
|    ent_coef_loss   | 0.735    |
|    learning_rate   | 0.0003   |
|    n_updates       | 55050    |
---------------------------------
---------------------------------
| rollout/           |          |
|    ep_len_mean     | 51       |
|    ep_rew_mean     | -74.5    |
| time/              |          |
|    episodes        | 1172     |
|    fps             | 20       |
|    time_elapsed    | 3140     |
|    total_timesteps | 65270    |
| train/             |          |
|    actor_loss      | 0.0194   |
|    critic_loss     | 0.217    |
|    ent_coef        | 0.00264  |
|    ent_coef_loss   | -0.628   |
|    learning_rate   | 0.0003   |
|    n_updates       | 55260    |
---------------------------------
---------------------------------
| rollout/           |          |
|    ep_len_mean     | 50.9     |
|    ep_rew_mean     | -84.8    |
| time/              |          |
|    episodes        | 1176     |
|    fps             | 20       |
|    time_elapsed    | 3154     |
|    total_timesteps | 65490    |
| train/             |          |
|    actor_loss      | 0.0655   |
|    critic_loss     | 0.216    |
|    ent_coef        | 0.00268  |
|    ent_coef_loss   | 0.308    |
|    learning_rate   | 0.0003   |
|    n_updates       | 55480    |
---------------------------------
---------------------------------
| rollout/           |          |
|    ep_len_mean     | 50.9     |
|    ep_rew_mean     | -88.6    |
| time/              |          |
|    episodes        | 1180     |
|    fps             | 20       |
|    time_elapsed    | 3165     |
|    total_timesteps | 65680    |
| train/             |          |
|    actor_loss      | 0.0523   |
|    critic_loss     | 0.197    |
|    ent_coef        | 0.00269  |
|    ent_coef_loss   | 0.227    |
|    learning_rate   | 0.0003   |
|    n_updates       | 55670    |
---------------------------------
---------------------------------
| rollout/           |          |
|    ep_len_mean     | 50.5     |
|    ep_rew_mean     | -93.1    |
| time/              |          |
|    episodes        | 1184     |
|    fps             | 20       |
|    time_elapsed    | 3175     |
|    total_timesteps | 65880    |
| train/             |          |
|    actor_loss      | -0.0285  |
|    critic_loss     | 0.257    |
|    ent_coef        | 0.00267  |
|    ent_coef_loss   | 0.0201   |
|    learning_rate   | 0.0003   |
|    n_updates       | 55870    |
---------------------------------
---------------------------------
| rollout/           |          |
|    ep_len_mean     | 50.9     |
|    ep_rew_mean     | -94      |
| time/              |          |
|    episodes        | 1188     |
|    fps             | 20       |
|    time_elapsed    | 3186     |
|    total_timesteps | 66080    |
| train/             |          |
|    actor_loss      | 0.0783   |
|    critic_loss     | 0.259    |
|    ent_coef        | 0.00266  |
|    ent_coef_loss   | 0.453    |
|    learning_rate   | 0.0003   |
|    n_updates       | 56070    |
---------------------------------
---------------------------------
| rollout/           |          |
|    ep_len_mean     | 51.1     |
|    ep_rew_mean     | -86.2    |
| time/              |          |
|    episodes        | 1192     |
|    fps             | 20       |
|    time_elapsed    | 3199     |
|    total_timesteps | 66320    |
| train/             |          |
|    actor_loss      | 0.0202   |
|    critic_loss     | 0.21     |
|    ent_coef        | 0.00271  |
|    ent_coef_loss   | 1.26     |
|    learning_rate   | 0.0003   |
|    n_updates       | 56310    |
---------------------------------
---------------------------------
| rollout/           |          |
|    ep_len_mean     | 51.5     |
|    ep_rew_mean     | -78.7    |
| time/              |          |
|    episodes        | 1196     |
|    fps             | 20       |
|    time_elapsed    | 3207     |
|    total_timesteps | 66470    |
| train/             |          |
|    actor_loss      | 0.0297   |
|    critic_loss     | 0.187    |
|    ent_coef        | 0.00273  |
|    ent_coef_loss   | 0.115    |
|    learning_rate   | 0.0003   |
|    n_updates       | 56460    |
---------------------------------
---------------------------------
| rollout/           |          |
|    ep_len_mean     | 51.8     |
|    ep_rew_mean     | -78.8    |
| time/              |          |
|    episodes        | 1200     |
|    fps             | 20       |
|    time_elapsed    | 3218     |
|    total_timesteps | 66700    |
| train/             |          |
|    actor_loss      | -0.0364  |
|    critic_loss     | 0.223    |
|    ent_coef        | 0.00271  |
|    ent_coef_loss   | -0.388   |
|    learning_rate   | 0.0003   |
|    n_updates       | 56690    |
---------------------------------
---------------------------------
| rollout/           |          |
|    ep_len_mean     | 51.1     |
|    ep_rew_mean     | -82.7    |
| time/              |          |
|    episodes        | 1204     |
|    fps             | 20       |
|    time_elapsed    | 3227     |
|    total_timesteps | 66870    |
| train/             |          |
|    actor_loss      | 0.0546   |
|    critic_loss     | 0.0873   |
|    ent_coef        | 0.00273  |
|    ent_coef_loss   | 0.45     |
|    learning_rate   | 0.0003   |
|    n_updates       | 56860    |
---------------------------------
---------------------------------
| rollout/           |          |
|    ep_len_mean     | 50.7     |
|    ep_rew_mean     | -87.5    |
| time/              |          |
|    episodes        | 1208     |
|    fps             | 20       |
|    time_elapsed    | 3235     |
|    total_timesteps | 67030    |
| train/             |          |
|    actor_loss      | -0.0308  |
|    critic_loss     | 0.195    |
|    ent_coef        | 0.00273  |
|    ent_coef_loss   | 0.0164   |
|    learning_rate   | 0.0003   |
|    n_updates       | 57020    |
---------------------------------
---------------------------------
| rollout/           |          |
|    ep_len_mean     | 50       |
|    ep_rew_mean     | -91      |
| time/              |          |
|    episodes        | 1212     |
|    fps             | 20       |
|    time_elapsed    | 3247     |
|    total_timesteps | 67250    |
| train/             |          |
|    actor_loss      | 0.0437   |
|    critic_loss     | 0.268    |
|    ent_coef        | 0.00273  |
|    ent_coef_loss   | 0.0715   |
|    learning_rate   | 0.0003   |
|    n_updates       | 57240    |
---------------------------------
---------------------------------
| rollout/           |          |
|    ep_len_mean     | 49.6     |
|    ep_rew_mean     | -86.3    |
| time/              |          |
|    episodes        | 1216     |
|    fps             | 20       |
|    time_elapsed    | 3251     |
|    total_timesteps | 67320    |
| train/             |          |
|    actor_loss      | 0.0358   |
|    critic_loss     | 0.19     |
|    ent_coef        | 0.00274  |
|    ent_coef_loss   | -1.18    |
|    learning_rate   | 0.0003   |
|    n_updates       | 57310    |
---------------------------------
---------------------------------
| rollout/           |          |
|    ep_len_mean     | 48.5     |
|    ep_rew_mean     | -79.3    |
| time/              |          |
|    episodes        | 1220     |
|    fps             | 20       |
|    time_elapsed    | 3264     |
|    total_timesteps | 67580    |
| train/             |          |
|    actor_loss      | 0.0002   |
|    critic_loss     | 0.201    |
|    ent_coef        | 0.00267  |
|    ent_coef_loss   | -0.0172  |
|    learning_rate   | 0.0003   |
|    n_updates       | 57570    |
---------------------------------
---------------------------------
| rollout/           |          |
|    ep_len_mean     | 48.6     |
|    ep_rew_mean     | -83.1    |
| time/              |          |
|    episodes        | 1224     |
|    fps             | 20       |
|    time_elapsed    | 3271     |
|    total_timesteps | 67710    |
| train/             |          |
|    actor_loss      | -0.0288  |
|    critic_loss     | 0.169    |
|    ent_coef        | 0.00266  |
|    ent_coef_loss   | 0.112    |
|    learning_rate   | 0.0003   |
|    n_updates       | 57700    |
---------------------------------
---------------------------------
| rollout/           |          |
|    ep_len_mean     | 48       |
|    ep_rew_mean     | -86.2    |
| time/              |          |
|    episodes        | 1228     |
|    fps             | 20       |
|    time_elapsed    | 3283     |
|    total_timesteps | 67930    |
| train/             |          |
|    actor_loss      | 0.032    |
|    critic_loss     | 0.168    |
|    ent_coef        | 0.00276  |
|    ent_coef_loss   | 0.284    |
|    learning_rate   | 0.0003   |
|    n_updates       | 57920    |
---------------------------------
---------------------------------
| rollout/           |          |
|    ep_len_mean     | 47.8     |
|    ep_rew_mean     | -85.8    |
| time/              |          |
|    episodes        | 1232     |
|    fps             | 20       |
|    time_elapsed    | 3294     |
|    total_timesteps | 68140    |
| train/             |          |
|    actor_loss      | 0.0389   |
|    critic_loss     | 0.205    |
|    ent_coef        | 0.00272  |
|    ent_coef_loss   | -0.644   |
|    learning_rate   | 0.0003   |
|    n_updates       | 58130    |
---------------------------------
---------------------------------
| rollout/           |          |
|    ep_len_mean     | 47.6     |
|    ep_rew_mean     | -84.5    |
| time/              |          |
|    episodes        | 1236     |
|    fps             | 20       |
|    time_elapsed    | 3309     |
|    total_timesteps | 68390    |
| train/             |          |
|    actor_loss      | 0.0784   |
|    critic_loss     | 0.252    |
|    ent_coef        | 0.00267  |
|    ent_coef_loss   | -0.94    |
|    learning_rate   | 0.0003   |
|    n_updates       | 58380    |
---------------------------------
---------------------------------
| rollout/           |          |
|    ep_len_mean     | 47.6     |
|    ep_rew_mean     | -87.9    |
| time/              |          |
|    episodes        | 1240     |
|    fps             | 20       |
|    time_elapsed    | 3316     |
|    total_timesteps | 68520    |
| train/             |          |
|    actor_loss      | 0.0646   |
|    critic_loss     | 0.196    |
|    ent_coef        | 0.00264  |
|    ent_coef_loss   | -0.603   |
|    learning_rate   | 0.0003   |
|    n_updates       | 58510    |
---------------------------------
---------------------------------
| rollout/           |          |
|    ep_len_mean     | 47.3     |
|    ep_rew_mean     | -88.2    |
| time/              |          |
|    episodes        | 1244     |
|    fps             | 20       |
|    time_elapsed    | 3324     |
|    total_timesteps | 68670    |
| train/             |          |
|    actor_loss      | 0.0495   |
|    critic_loss     | 0.19     |
|    ent_coef        | 0.00269  |
|    ent_coef_loss   | 0.143    |
|    learning_rate   | 0.0003   |
|    n_updates       | 58660    |
---------------------------------
---------------------------------
| rollout/           |          |
|    ep_len_mean     | 47.5     |
|    ep_rew_mean     | -83.3    |
| time/              |          |
|    episodes        | 1248     |
|    fps             | 20       |
|    time_elapsed    | 3344     |
|    total_timesteps | 69070    |
| train/             |          |
|    actor_loss      | -0.00559 |
|    critic_loss     | 0.229    |
|    ent_coef        | 0.00263  |
|    ent_coef_loss   | -1.17    |
|    learning_rate   | 0.0003   |
|    n_updates       | 59060    |
---------------------------------
---------------------------------
| rollout/           |          |
|    ep_len_mean     | 48.6     |
|    ep_rew_mean     | -71.2    |
| time/              |          |
|    episodes        | 1252     |
|    fps             | 20       |
|    time_elapsed    | 3348     |
|    total_timesteps | 69150    |
| train/             |          |
|    actor_loss      | 0.0737   |
|    critic_loss     | 0.261    |
|    ent_coef        | 0.0026   |
|    ent_coef_loss   | 1.02     |
|    learning_rate   | 0.0003   |
|    n_updates       | 59140    |
---------------------------------
---------------------------------
| rollout/           |          |
|    ep_len_mean     | 48.9     |
|    ep_rew_mean     | -76.4    |
| time/              |          |
|    episodes        | 1256     |
|    fps             | 20       |
|    time_elapsed    | 3358     |
|    total_timesteps | 69340    |
| train/             |          |
|    actor_loss      | 0.0681   |
|    critic_loss     | 0.203    |
|    ent_coef        | 0.00263  |
|    ent_coef_loss   | 0.766    |
|    learning_rate   | 0.0003   |
|    n_updates       | 59330    |
---------------------------------
---------------------------------
| rollout/           |          |
|    ep_len_mean     | 48.5     |
|    ep_rew_mean     | -84.1    |
| time/              |          |
|    episodes        | 1260     |
|    fps             | 20       |
|    time_elapsed    | 3372     |
|    total_timesteps | 69620    |
| train/             |          |
|    actor_loss      | 0.104    |
|    critic_loss     | 0.272    |
|    ent_coef        | 0.00268  |
|    ent_coef_loss   | -0.569   |
|    learning_rate   | 0.0003   |
|    n_updates       | 59610    |
---------------------------------
---------------------------------
| rollout/           |          |
|    ep_len_mean     | 48.7     |
|    ep_rew_mean     | -83      |
| time/              |          |
|    episodes        | 1264     |
|    fps             | 20       |
|    time_elapsed    | 3375     |
|    total_timesteps | 69690    |
| train/             |          |
|    actor_loss      | 0.0283   |
|    critic_loss     | 0.188    |
|    ent_coef        | 0.00265  |
|    ent_coef_loss   | -0.466   |
|    learning_rate   | 0.0003   |
|    n_updates       | 59680    |
---------------------------------
---------------------------------
| rollout/           |          |
|    ep_len_mean     | 48.4     |
|    ep_rew_mean     | -82.2    |
| time/              |          |
|    episodes        | 1268     |
|    fps             | 20       |
|    time_elapsed    | 3388     |
|    total_timesteps | 69930    |
| train/             |          |
|    actor_loss      | -0.0507  |
|    critic_loss     | 0.156    |
|    ent_coef        | 0.0026   |
|    ent_coef_loss   | -0.643   |
|    learning_rate   | 0.0003   |
|    n_updates       | 59920    |
---------------------------------
----------------------------------
| rollout/           |           |
|    ep_len_mean     | 48.3      |
|    ep_rew_mean     | -82.4     |
| time/              |           |
|    episodes        | 1272      |
|    fps             | 20        |
|    time_elapsed    | 3395      |
|    total_timesteps | 70060     |
| train/             |           |
|    actor_loss      | -0.000331 |
|    critic_loss     | 0.0933    |
|    ent_coef        | 0.00258   |
|    ent_coef_loss   | -0.0159   |
|    learning_rate   | 0.0003    |
|    n_updates       | 60050     |
----------------------------------
---------------------------------
| rollout/           |          |
|    ep_len_mean     | 48       |
|    ep_rew_mean     | -77.7    |
| time/              |          |
|    episodes        | 1276     |
|    fps             | 20       |
|    time_elapsed    | 3407     |
|    total_timesteps | 70300    |
| train/             |          |
|    actor_loss      | 0.025    |
|    critic_loss     | 0.274    |
|    ent_coef        | 0.00247  |
|    ent_coef_loss   | 0.314    |
|    learning_rate   | 0.0003   |
|    n_updates       | 60290    |
---------------------------------
---------------------------------
| rollout/           |          |
|    ep_len_mean     | 48.4     |
|    ep_rew_mean     | -68.4    |
| time/              |          |
|    episodes        | 1280     |
|    fps             | 20       |
|    time_elapsed    | 3419     |
|    total_timesteps | 70520    |
| train/             |          |
|    actor_loss      | 0.0398   |
|    critic_loss     | 0.142    |
|    ent_coef        | 0.00255  |
|    ent_coef_loss   | -0.0635  |
|    learning_rate   | 0.0003   |
|    n_updates       | 60510    |
---------------------------------
---------------------------------
| rollout/           |          |
|    ep_len_mean     | 48.4     |
|    ep_rew_mean     | -67.5    |
| time/              |          |
|    episodes        | 1284     |
|    fps             | 20       |
|    time_elapsed    | 3432     |
|    total_timesteps | 70760    |
| train/             |          |
|    actor_loss      | 0.011    |
|    critic_loss     | 0.21     |
|    ent_coef        | 0.00246  |
|    ent_coef_loss   | -0.022   |
|    learning_rate   | 0.0003   |
|    n_updates       | 60750    |
---------------------------------
---------------------------------
| rollout/           |          |
|    ep_len_mean     | 48.6     |
|    ep_rew_mean     | -57.8    |
| time/              |          |
|    episodes        | 1288     |
|    fps             | 20       |
|    time_elapsed    | 3444     |
|    total_timesteps | 70980    |
| train/             |          |
|    actor_loss      | 0.00379  |
|    critic_loss     | 0.2      |
|    ent_coef        | 0.00249  |
|    ent_coef_loss   | 0.681    |
|    learning_rate   | 0.0003   |
|    n_updates       | 60970    |
---------------------------------
---------------------------------
| rollout/           |          |
|    ep_len_mean     | 48.5     |
|    ep_rew_mean     | -61.1    |
| time/              |          |
|    episodes        | 1292     |
|    fps             | 20       |
|    time_elapsed    | 3452     |
|    total_timesteps | 71130    |
| train/             |          |
|    actor_loss      | -0.0238  |
|    critic_loss     | 0.192    |
|    ent_coef        | 0.0025   |
|    ent_coef_loss   | 0.693    |
|    learning_rate   | 0.0003   |
|    n_updates       | 61120    |
---------------------------------
---------------------------------
| rollout/           |          |
|    ep_len_mean     | 48       |
|    ep_rew_mean     | -69      |
| time/              |          |
|    episodes        | 1296     |
|    fps             | 20       |
|    time_elapsed    | 3462     |
|    total_timesteps | 71330    |
| train/             |          |
|    actor_loss      | 0.0513   |
|    critic_loss     | 0.209    |
|    ent_coef        | 0.00254  |
|    ent_coef_loss   | 1.81     |
|    learning_rate   | 0.0003   |
|    n_updates       | 61320    |
---------------------------------
---------------------------------
| rollout/           |          |
|    ep_len_mean     | 48.4     |
|    ep_rew_mean     | -64.5    |
| time/              |          |
|    episodes        | 1300     |
|    fps             | 20       |
|    time_elapsed    | 3479     |
|    total_timesteps | 71650    |
| train/             |          |
|    actor_loss      | 0.0737   |
|    critic_loss     | 0.176    |
|    ent_coef        | 0.00259  |
|    ent_coef_loss   | -0.142   |
|    learning_rate   | 0.0003   |
|    n_updates       | 61640    |
---------------------------------
---------------------------------
| rollout/           |          |
|    ep_len_mean     | 48.6     |
|    ep_rew_mean     | -64.5    |
| time/              |          |
|    episodes        | 1304     |
|    fps             | 20       |
|    time_elapsed    | 3486     |
|    total_timesteps | 71810    |
| train/             |          |
|    actor_loss      | 0.0847   |
|    critic_loss     | 0.202    |
|    ent_coef        | 0.00264  |
|    ent_coef_loss   | 0.0658   |
|    learning_rate   | 0.0003   |
|    n_updates       | 61800    |
---------------------------------
---------------------------------
| rollout/           |          |
|    ep_len_mean     | 49.6     |
|    ep_rew_mean     | -56.4    |
| time/              |          |
|    episodes        | 1308     |
|    fps             | 20       |
|    time_elapsed    | 3498     |
|    total_timesteps | 72030    |
| train/             |          |
|    actor_loss      | 0.0475   |
|    critic_loss     | 0.151    |
|    ent_coef        | 0.00263  |
|    ent_coef_loss   | -0.279   |
|    learning_rate   | 0.0003   |
|    n_updates       | 62020    |
---------------------------------
---------------------------------
| rollout/           |          |
|    ep_len_mean     | 49.6     |
|    ep_rew_mean     | -56.5    |
| time/              |          |
|    episodes        | 1312     |
|    fps             | 20       |
|    time_elapsed    | 3508     |
|    total_timesteps | 72240    |
| train/             |          |
|    actor_loss      | -0.0244  |
|    critic_loss     | 0.105    |
|    ent_coef        | 0.0026   |
|    ent_coef_loss   | -1.59    |
|    learning_rate   | 0.0003   |
|    n_updates       | 62230    |
---------------------------------
---------------------------------
| rollout/           |          |
|    ep_len_mean     | 50.6     |
|    ep_rew_mean     | -46.9    |
| time/              |          |
|    episodes        | 1316     |
|    fps             | 20       |
|    time_elapsed    | 3520     |
|    total_timesteps | 72470    |
| train/             |          |
|    actor_loss      | -0.0105  |
|    critic_loss     | 0.093    |
|    ent_coef        | 0.00263  |
|    ent_coef_loss   | 0.183    |
|    learning_rate   | 0.0003   |
|    n_updates       | 62460    |
---------------------------------
---------------------------------
| rollout/           |          |
|    ep_len_mean     | 51.4     |
|    ep_rew_mean     | -38.9    |
| time/              |          |
|    episodes        | 1320     |
|    fps             | 20       |
|    time_elapsed    | 3531     |
|    total_timesteps | 72690    |
| train/             |          |
|    actor_loss      | 0.0952   |
|    critic_loss     | 0.205    |
|    ent_coef        | 0.00262  |
|    ent_coef_loss   | 0.0463   |
|    learning_rate   | 0.0003   |
|    n_updates       | 62680    |
---------------------------------
---------------------------------
| rollout/           |          |
|    ep_len_mean     | 51.5     |
|    ep_rew_mean     | -33.3    |
| time/              |          |
|    episodes        | 1324     |
|    fps             | 20       |
|    time_elapsed    | 3542     |
|    total_timesteps | 72900    |
| train/             |          |
|    actor_loss      | 0.0245   |
|    critic_loss     | 0.153    |
|    ent_coef        | 0.00263  |
|    ent_coef_loss   | -0.012   |
|    learning_rate   | 0.0003   |
|    n_updates       | 62890    |
---------------------------------
---------------------------------
| rollout/           |          |
|    ep_len_mean     | 52.1     |
|    ep_rew_mean     | -24.1    |
| time/              |          |
|    episodes        | 1328     |
|    fps             | 20       |
|    time_elapsed    | 3556     |
|    total_timesteps | 73170    |
| train/             |          |
|    actor_loss      | 0.0451   |
|    critic_loss     | 0.183    |
|    ent_coef        | 0.00257  |
|    ent_coef_loss   | 0.84     |
|    learning_rate   | 0.0003   |
|    n_updates       | 63160    |
---------------------------------
---------------------------------
| rollout/           |          |
|    ep_len_mean     | 52.6     |
|    ep_rew_mean     | -24.1    |
| time/              |          |
|    episodes        | 1332     |
|    fps             | 20       |
|    time_elapsed    | 3569     |
|    total_timesteps | 73430    |
| train/             |          |
|    actor_loss      | -0.042   |
|    critic_loss     | 0.0901   |
|    ent_coef        | 0.00268  |
|    ent_coef_loss   | 0.0446   |
|    learning_rate   | 0.0003   |
|    n_updates       | 63420    |
---------------------------------
---------------------------------
| rollout/           |          |
|    ep_len_mean     | 53       |
|    ep_rew_mean     | -20.4    |
| time/              |          |
|    episodes        | 1336     |
|    fps             | 20       |
|    time_elapsed    | 3581     |
|    total_timesteps | 73670    |
| train/             |          |
|    actor_loss      | -0.034   |
|    critic_loss     | 0.164    |
|    ent_coef        | 0.00276  |
|    ent_coef_loss   | -0.156   |
|    learning_rate   | 0.0003   |
|    n_updates       | 63660    |
---------------------------------
---------------------------------
| rollout/           |          |
|    ep_len_mean     | 53       |
|    ep_rew_mean     | -19.7    |
| time/              |          |
|    episodes        | 1340     |
|    fps             | 20       |
|    time_elapsed    | 3587     |
|    total_timesteps | 73790    |
| train/             |          |
|    actor_loss      | -0.0384  |
|    critic_loss     | 0.151    |
|    ent_coef        | 0.00276  |
|    ent_coef_loss   | -0.0622  |
|    learning_rate   | 0.0003   |
|    n_updates       | 63780    |
---------------------------------
---------------------------------
| rollout/           |          |
|    ep_len_mean     | 53.5     |
|    ep_rew_mean     | -15.7    |
| time/              |          |
|    episodes        | 1344     |
|    fps             | 20       |
|    time_elapsed    | 3601     |
|    total_timesteps | 74060    |
| train/             |          |
|    actor_loss      | -0.0146  |
|    critic_loss     | 0.246    |
|    ent_coef        | 0.00277  |
|    ent_coef_loss   | 0.27     |
|    learning_rate   | 0.0003   |
|    n_updates       | 64050    |
---------------------------------
---------------------------------
| rollout/           |          |
|    ep_len_mean     | 53.6     |
|    ep_rew_mean     | -15.4    |
| time/              |          |
|    episodes        | 1348     |
|    fps             | 20       |
|    time_elapsed    | 3613     |
|    total_timesteps | 74310    |
| train/             |          |
|    actor_loss      | -0.00855 |
|    critic_loss     | 0.242    |
|    ent_coef        | 0.00277  |
|    ent_coef_loss   | 0.534    |
|    learning_rate   | 0.0003   |
|    n_updates       | 64300    |
---------------------------------
---------------------------------
| rollout/           |          |
|    ep_len_mean     | 53.5     |
|    ep_rew_mean     | -19.2    |
| time/              |          |
|    episodes        | 1352     |
|    fps             | 20       |
|    time_elapsed    | 3629     |
|    total_timesteps | 74590    |
| train/             |          |
|    actor_loss      | -0.0346  |
|    critic_loss     | 0.24     |
|    ent_coef        | 0.00275  |
|    ent_coef_loss   | 0.904    |
|    learning_rate   | 0.0003   |
|    n_updates       | 64580    |
---------------------------------
---------------------------------
| rollout/           |          |
|    ep_len_mean     | 54.2     |
|    ep_rew_mean     | -6.04    |
| time/              |          |
|    episodes        | 1356     |
|    fps             | 20       |
|    time_elapsed    | 3640     |
|    total_timesteps | 74810    |
| train/             |          |
|    actor_loss      | -0.0333  |
|    critic_loss     | 0.152    |
|    ent_coef        | 0.00282  |
|    ent_coef_loss   | -0.0983  |
|    learning_rate   | 0.0003   |
|    n_updates       | 64800    |
---------------------------------
---------------------------------
| rollout/           |          |
|    ep_len_mean     | 54.9     |
|    ep_rew_mean     | 2.09     |
| time/              |          |
|    episodes        | 1360     |
|    fps             | 20       |
|    time_elapsed    | 3652     |
|    total_timesteps | 75050    |
| train/             |          |
|    actor_loss      | -0.0353  |
|    critic_loss     | 0.121    |
|    ent_coef        | 0.0028   |
|    ent_coef_loss   | 0.715    |
|    learning_rate   | 0.0003   |
|    n_updates       | 65040    |
---------------------------------
---------------------------------
| rollout/           |          |
|    ep_len_mean     | 55.4     |
|    ep_rew_mean     | 5.76     |
| time/              |          |
|    episodes        | 1364     |
|    fps             | 20       |
|    time_elapsed    | 3664     |
|    total_timesteps | 75280    |
| train/             |          |
|    actor_loss      | -0.0121  |
|    critic_loss     | 0.277    |
|    ent_coef        | 0.00286  |
|    ent_coef_loss   | 0.311    |
|    learning_rate   | 0.0003   |
|    n_updates       | 65270    |
---------------------------------
---------------------------------
| rollout/           |          |
|    ep_len_mean     | 56       |
|    ep_rew_mean     | 9.14     |
| time/              |          |
|    episodes        | 1368     |
|    fps             | 20       |
|    time_elapsed    | 3679     |
|    total_timesteps | 75570    |
| train/             |          |
|    actor_loss      | -0.0325  |
|    critic_loss     | 0.0995   |
|    ent_coef        | 0.00295  |
|    ent_coef_loss   | 0.494    |
|    learning_rate   | 0.0003   |
|    n_updates       | 65560    |
---------------------------------
---------------------------------
| rollout/           |          |
|    ep_len_mean     | 56.4     |
|    ep_rew_mean     | 17.3     |
| time/              |          |
|    episodes        | 1372     |
|    fps             | 20       |
|    time_elapsed    | 3692     |
|    total_timesteps | 75810    |
| train/             |          |
|    actor_loss      | -0.0753  |
|    critic_loss     | 0.0848   |
|    ent_coef        | 0.00298  |
|    ent_coef_loss   | -0.203   |
|    learning_rate   | 0.0003   |
|    n_updates       | 65800    |
---------------------------------
---------------------------------
| rollout/           |          |
|    ep_len_mean     | 56.7     |
|    ep_rew_mean     | 17.4     |
| time/              |          |
|    episodes        | 1376     |
|    fps             | 20       |
|    time_elapsed    | 3696     |
|    total_timesteps | 75890    |
| train/             |          |
|    actor_loss      | -0.0534  |
|    critic_loss     | 0.195    |
|    ent_coef        | 0.00296  |
|    ent_coef_loss   | -0.138   |
|    learning_rate   | 0.0003   |
|    n_updates       | 65880    |
---------------------------------
---------------------------------
| rollout/           |          |
|    ep_len_mean     | 56.9     |
|    ep_rew_mean     | 17       |
| time/              |          |
|    episodes        | 1380     |
|    fps             | 20       |
|    time_elapsed    | 3715     |
|    total_timesteps | 76280    |
| train/             |          |
|    actor_loss      | 0.00576  |
|    critic_loss     | 0.249    |
|    ent_coef        | 0.00294  |
|    ent_coef_loss   | 0.313    |
|    learning_rate   | 0.0003   |
|    n_updates       | 66270    |
---------------------------------
---------------------------------
| rollout/           |          |
|    ep_len_mean     | 57.7     |
|    ep_rew_mean     | 24.3     |
| time/              |          |
|    episodes        | 1384     |
|    fps             | 20       |
|    time_elapsed    | 3727     |
|    total_timesteps | 76520    |
| train/             |          |
|    actor_loss      | -0.0261  |
|    critic_loss     | 0.197    |
|    ent_coef        | 0.00293  |
|    ent_coef_loss   | -0.477   |
|    learning_rate   | 0.0003   |
|    n_updates       | 66510    |
---------------------------------
---------------------------------
| rollout/           |          |
|    ep_len_mean     | 57.2     |
|    ep_rew_mean     | 15.7     |
| time/              |          |
|    episodes        | 1388     |
|    fps             | 20       |
|    time_elapsed    | 3739     |
|    total_timesteps | 76760    |
| train/             |          |
|    actor_loss      | -0.0468  |
|    critic_loss     | 0.188    |
|    ent_coef        | 0.0029   |
|    ent_coef_loss   | 0.65     |
|    learning_rate   | 0.0003   |
|    n_updates       | 66750    |
---------------------------------
---------------------------------
| rollout/           |          |
|    ep_len_mean     | 57.6     |
|    ep_rew_mean     | 20.1     |
| time/              |          |
|    episodes        | 1392     |
|    fps             | 20       |
|    time_elapsed    | 3746     |
|    total_timesteps | 76890    |
| train/             |          |
|    actor_loss      | -0.0532  |
|    critic_loss     | 0.0899   |
|    ent_coef        | 0.00291  |
|    ent_coef_loss   | 0.753    |
|    learning_rate   | 0.0003   |
|    n_updates       | 66880    |
---------------------------------
---------------------------------
| rollout/           |          |
|    ep_len_mean     | 57.5     |
|    ep_rew_mean     | 20.3     |
| time/              |          |
|    episodes        | 1396     |
|    fps             | 20       |
|    time_elapsed    | 3760     |
|    total_timesteps | 77160    |
| train/             |          |
|    actor_loss      | -0.0798  |
|    critic_loss     | 0.146    |
|    ent_coef        | 0.00291  |
|    ent_coef_loss   | -0.459   |
|    learning_rate   | 0.0003   |
|    n_updates       | 67150    |
---------------------------------
---------------------------------
| rollout/           |          |
|    ep_len_mean     | 57.8     |
|    ep_rew_mean     | 24.4     |
| time/              |          |
|    episodes        | 1400     |
|    fps             | 20       |
|    time_elapsed    | 3769     |
|    total_timesteps | 77350    |
| train/             |          |
|    actor_loss      | -0.0744  |
|    critic_loss     | 0.102    |
|    ent_coef        | 0.0029   |
|    ent_coef_loss   | 0.209    |
|    learning_rate   | 0.0003   |
|    n_updates       | 67340    |
---------------------------------
---------------------------------
| rollout/           |          |
|    ep_len_mean     | 57.4     |
|    ep_rew_mean     | 20.1     |
| time/              |          |
|    episodes        | 1404     |
|    fps             | 20       |
|    time_elapsed    | 3774     |
|    total_timesteps | 77440    |
| train/             |          |
|    actor_loss      | -0.0623  |
|    critic_loss     | 0.129    |
|    ent_coef        | 0.00291  |
|    ent_coef_loss   | -1.14    |
|    learning_rate   | 0.0003   |
|    n_updates       | 67430    |
---------------------------------
---------------------------------
| rollout/           |          |
|    ep_len_mean     | 57.1     |
|    ep_rew_mean     | 21.2     |
| time/              |          |
|    episodes        | 1408     |
|    fps             | 20       |
|    time_elapsed    | 3794     |
|    total_timesteps | 77830    |
| train/             |          |
|    actor_loss      | -0.033   |
|    critic_loss     | 0.0871   |
|    ent_coef        | 0.00283  |
|    ent_coef_loss   | -1.59    |
|    learning_rate   | 0.0003   |
|    n_updates       | 67820    |
---------------------------------
---------------------------------
| rollout/           |          |
|    ep_len_mean     | 57.7     |
|    ep_rew_mean     | 29.3     |
| time/              |          |
|    episodes        | 1412     |
|    fps             | 20       |
|    time_elapsed    | 3803     |
|    total_timesteps | 78020    |
| train/             |          |
|    actor_loss      | -0.0564  |
|    critic_loss     | 0.225    |
|    ent_coef        | 0.00283  |
|    ent_coef_loss   | 0.867    |
|    learning_rate   | 0.0003   |
|    n_updates       | 68010    |
---------------------------------
---------------------------------
| rollout/           |          |
|    ep_len_mean     | 58.2     |
|    ep_rew_mean     | 33.4     |
| time/              |          |
|    episodes        | 1416     |
|    fps             | 20       |
|    time_elapsed    | 3818     |
|    total_timesteps | 78300    |
| train/             |          |
|    actor_loss      | -0.0404  |
|    critic_loss     | 0.151    |
|    ent_coef        | 0.0028   |
|    ent_coef_loss   | -0.0731  |
|    learning_rate   | 0.0003   |
|    n_updates       | 68290    |
---------------------------------
---------------------------------
| rollout/           |          |
|    ep_len_mean     | 58.1     |
|    ep_rew_mean     | 29.9     |
| time/              |          |
|    episodes        | 1420     |
|    fps             | 20       |
|    time_elapsed    | 3829     |
|    total_timesteps | 78520    |
| train/             |          |
|    actor_loss      | -0.1     |
|    critic_loss     | 0.178    |
|    ent_coef        | 0.0029   |
|    ent_coef_loss   | 1.5      |
|    learning_rate   | 0.0003   |
|    n_updates       | 68510    |
---------------------------------
---------------------------------
| rollout/           |          |
|    ep_len_mean     | 58.3     |
|    ep_rew_mean     | 33.2     |
| time/              |          |
|    episodes        | 1424     |
|    fps             | 20       |
|    time_elapsed    | 3838     |
|    total_timesteps | 78690    |
| train/             |          |
|    actor_loss      | -0.0757  |
|    critic_loss     | 0.24     |
|    ent_coef        | 0.00292  |
|    ent_coef_loss   | -0.665   |
|    learning_rate   | 0.0003   |
|    n_updates       | 68680    |
---------------------------------
---------------------------------
| rollout/           |          |
|    ep_len_mean     | 57.3     |
|    ep_rew_mean     | 23.5     |
| time/              |          |
|    episodes        | 1428     |
|    fps             | 20       |
|    time_elapsed    | 3853     |
|    total_timesteps | 78990    |
| train/             |          |
|    actor_loss      | -0.00326 |
|    critic_loss     | 0.0878   |
|    ent_coef        | 0.00289  |
|    ent_coef_loss   | 0.101    |
|    learning_rate   | 0.0003   |
|    n_updates       | 68980    |
---------------------------------
---------------------------------
| rollout/           |          |
|    ep_len_mean     | 57.3     |
|    ep_rew_mean     | 29.2     |
| time/              |          |
|    episodes        | 1432     |
|    fps             | 20       |
|    time_elapsed    | 3860     |
|    total_timesteps | 79120    |
| train/             |          |
|    actor_loss      | -0.044   |
|    critic_loss     | 0.287    |
|    ent_coef        | 0.00299  |
|    ent_coef_loss   | 1.64     |
|    learning_rate   | 0.0003   |
|    n_updates       | 69110    |
---------------------------------
---------------------------------
| rollout/           |          |
|    ep_len_mean     | 57.1     |
|    ep_rew_mean     | 25.7     |
| time/              |          |
|    episodes        | 1436     |
|    fps             | 20       |
|    time_elapsed    | 3877     |
|    total_timesteps | 79400    |
| train/             |          |
|    actor_loss      | -0.0727  |
|    critic_loss     | 0.189    |
|    ent_coef        | 0.00304  |
|    ent_coef_loss   | -0.181   |
|    learning_rate   | 0.0003   |
|    n_updates       | 69390    |
---------------------------------
---------------------------------
| rollout/           |          |
|    ep_len_mean     | 56.9     |
|    ep_rew_mean     | 21.4     |
| time/              |          |
|    episodes        | 1440     |
|    fps             | 20       |
|    time_elapsed    | 3885     |
|    total_timesteps | 79550    |
| train/             |          |
|    actor_loss      | -0.02    |
|    critic_loss     | 0.187    |
|    ent_coef        | 0.00301  |
|    ent_coef_loss   | 0.108    |
|    learning_rate   | 0.0003   |
|    n_updates       | 69540    |
---------------------------------
---------------------------------
| rollout/           |          |
|    ep_len_mean     | 56.4     |
|    ep_rew_mean     | 17.5     |
| time/              |          |
|    episodes        | 1444     |
|    fps             | 20       |
|    time_elapsed    | 3894     |
|    total_timesteps | 79710    |
| train/             |          |
|    actor_loss      | -0.0987  |
|    critic_loss     | 0.0904   |
|    ent_coef        | 0.00296  |
|    ent_coef_loss   | -0.47    |
|    learning_rate   | 0.0003   |
|    n_updates       | 69700    |
---------------------------------
---------------------------------
| rollout/           |          |
|    ep_len_mean     | 56.2     |
|    ep_rew_mean     | 16.8     |
| time/              |          |
|    episodes        | 1448     |
|    fps             | 20       |
|    time_elapsed    | 3903     |
|    total_timesteps | 79900    |
| train/             |          |
|    actor_loss      | -0.0841  |
|    critic_loss     | 0.105    |
|    ent_coef        | 0.00293  |
|    ent_coef_loss   | -0.157   |
|    learning_rate   | 0.0003   |
|    n_updates       | 69890    |
---------------------------------
---------------------------------
| rollout/           |          |
|    ep_len_mean     | 55.4     |
|    ep_rew_mean     | 11.3     |
| time/              |          |
|    episodes        | 1452     |
|    fps             | 20       |
|    time_elapsed    | 3917     |
|    total_timesteps | 80160    |
| train/             |          |
|    actor_loss      | -0.0327  |
|    critic_loss     | 0.19     |
|    ent_coef        | 0.0029   |
|    ent_coef_loss   | 0.803    |
|    learning_rate   | 0.0003   |
|    n_updates       | 70150    |
---------------------------------
---------------------------------
| rollout/           |          |
|    ep_len_mean     | 54.8     |
|    ep_rew_mean     | 3.71     |
| time/              |          |
|    episodes        | 1456     |
|    fps             | 20       |
|    time_elapsed    | 3924     |
|    total_timesteps | 80290    |
| train/             |          |
|    actor_loss      | -0.0265  |
|    critic_loss     | 0.214    |
|    ent_coef        | 0.00287  |
|    ent_coef_loss   | 0.456    |
|    learning_rate   | 0.0003   |
|    n_updates       | 70280    |
---------------------------------
---------------------------------
| rollout/           |          |
|    ep_len_mean     | 55       |
|    ep_rew_mean     | 4.55     |
| time/              |          |
|    episodes        | 1460     |
|    fps             | 20       |
|    time_elapsed    | 3937     |
|    total_timesteps | 80530    |
| train/             |          |
|    actor_loss      | -0.00754 |
|    critic_loss     | 0.196    |
|    ent_coef        | 0.00293  |
|    ent_coef_loss   | 0.191    |
|    learning_rate   | 0.0003   |
|    n_updates       | 70520    |
---------------------------------
---------------------------------
| rollout/           |          |
|    ep_len_mean     | 54.8     |
|    ep_rew_mean     | 5.3      |
| time/              |          |
|    episodes        | 1464     |
|    fps             | 20       |
|    time_elapsed    | 3953     |
|    total_timesteps | 80850    |
| train/             |          |
|    actor_loss      | -0.084   |
|    critic_loss     | 0.166    |
|    ent_coef        | 0.00297  |
|    ent_coef_loss   | -0.876   |
|    learning_rate   | 0.0003   |
|    n_updates       | 70840    |
---------------------------------
---------------------------------
| rollout/           |          |
|    ep_len_mean     | 55       |
|    ep_rew_mean     | 10.2     |
| time/              |          |
|    episodes        | 1468     |
|    fps             | 20       |
|    time_elapsed    | 3960     |
|    total_timesteps | 80970    |
| train/             |          |
|    actor_loss      | -0.0467  |
|    critic_loss     | 0.133    |
|    ent_coef        | 0.0029   |
|    ent_coef_loss   | -0.355   |
|    learning_rate   | 0.0003   |
|    n_updates       | 70960    |
---------------------------------
---------------------------------
| rollout/           |          |
|    ep_len_mean     | 54.9     |
|    ep_rew_mean     | 6.83     |
| time/              |          |
|    episodes        | 1472     |
|    fps             | 20       |
|    time_elapsed    | 3971     |
|    total_timesteps | 81190    |
| train/             |          |
|    actor_loss      | -0.105   |
|    critic_loss     | 0.22     |
|    ent_coef        | 0.00289  |
|    ent_coef_loss   | -0.264   |
|    learning_rate   | 0.0003   |
|    n_updates       | 71180    |
---------------------------------
---------------------------------
| rollout/           |          |
|    ep_len_mean     | 55       |
|    ep_rew_mean     | 7.08     |
| time/              |          |
|    episodes        | 1476     |
|    fps             | 20       |
|    time_elapsed    | 3990     |
|    total_timesteps | 81570    |
| train/             |          |
|    actor_loss      | -0.123   |
|    critic_loss     | 0.126    |
|    ent_coef        | 0.00282  |
|    ent_coef_loss   | 0.175    |
|    learning_rate   | 0.0003   |
|    n_updates       | 71560    |
---------------------------------
---------------------------------
| rollout/           |          |
|    ep_len_mean     | 55.5     |
|    ep_rew_mean     | 10.7     |
| time/              |          |
|    episodes        | 1480     |
|    fps             | 20       |
|    time_elapsed    | 4003     |
|    total_timesteps | 81820    |
| train/             |          |
|    actor_loss      | -0.0992  |
|    critic_loss     | 0.126    |
|    ent_coef        | 0.00289  |
|    ent_coef_loss   | -0.348   |
|    learning_rate   | 0.0003   |
|    n_updates       | 71810    |
---------------------------------
---------------------------------
| rollout/           |          |
|    ep_len_mean     | 55.4     |
|    ep_rew_mean     | 12.1     |
| time/              |          |
|    episodes        | 1484     |
|    fps             | 20       |
|    time_elapsed    | 4014     |
|    total_timesteps | 81970    |
| train/             |          |
|    actor_loss      | -0.11    |
|    critic_loss     | 0.159    |
|    ent_coef        | 0.00284  |
|    ent_coef_loss   | 0.0114   |
|    learning_rate   | 0.0003   |
|    n_updates       | 71960    |
---------------------------------
---------------------------------
| rollout/           |          |
|    ep_len_mean     | 55.7     |
|    ep_rew_mean     | 16.5     |
| time/              |          |
|    episodes        | 1488     |
|    fps             | 20       |
|    time_elapsed    | 4030     |
|    total_timesteps | 82260    |
| train/             |          |
|    actor_loss      | -0.128   |
|    critic_loss     | 0.12     |
|    ent_coef        | 0.00283  |
|    ent_coef_loss   | 0.0845   |
|    learning_rate   | 0.0003   |
|    n_updates       | 72250    |
---------------------------------
---------------------------------
| rollout/           |          |
|    ep_len_mean     | 55.9     |
|    ep_rew_mean     | 19.3     |
| time/              |          |
|    episodes        | 1492     |
|    fps             | 20       |
|    time_elapsed    | 4046     |
|    total_timesteps | 82580    |
| train/             |          |
|    actor_loss      | -0.106   |
|    critic_loss     | 0.245    |
|    ent_coef        | 0.00286  |
|    ent_coef_loss   | -0.234   |
|    learning_rate   | 0.0003   |
|    n_updates       | 72570    |
---------------------------------
---------------------------------
| rollout/           |          |
|    ep_len_mean     | 56.9     |
|    ep_rew_mean     | 28       |
| time/              |          |
|    episodes        | 1496     |
|    fps             | 20       |
|    time_elapsed    | 4060     |
|    total_timesteps | 82840    |
| train/             |          |
|    actor_loss      | -0.117   |
|    critic_loss     | 0.106    |
|    ent_coef        | 0.00277  |
|    ent_coef_loss   | 1.39     |
|    learning_rate   | 0.0003   |
|    n_updates       | 72830    |
---------------------------------
---------------------------------
| rollout/           |          |
|    ep_len_mean     | 57.1     |
|    ep_rew_mean     | 24.6     |
| time/              |          |
|    episodes        | 1500     |
|    fps             | 20       |
|    time_elapsed    | 4072     |
|    total_timesteps | 83080    |
| train/             |          |
|    actor_loss      | -0.0983  |
|    critic_loss     | 0.127    |
|    ent_coef        | 0.00285  |
|    ent_coef_loss   | -0.0323  |
|    learning_rate   | 0.0003   |
|    n_updates       | 73070    |
---------------------------------
---------------------------------
| rollout/           |          |
|    ep_len_mean     | 57.5     |
|    ep_rew_mean     | 28.8     |
| time/              |          |
|    episodes        | 1504     |
|    fps             | 20       |
|    time_elapsed    | 4081     |
|    total_timesteps | 83260    |
| train/             |          |
|    actor_loss      | -0.0987  |
|    critic_loss     | 0.21     |
|    ent_coef        | 0.00284  |
|    ent_coef_loss   | 0.0537   |
|    learning_rate   | 0.0003   |
|    n_updates       | 73250    |
---------------------------------
---------------------------------
| rollout/           |          |
|    ep_len_mean     | 57.4     |
|    ep_rew_mean     | 24.8     |
| time/              |          |
|    episodes        | 1508     |
|    fps             | 20       |
|    time_elapsed    | 4100     |
|    total_timesteps | 83650    |
| train/             |          |
|    actor_loss      | -0.0874  |
|    critic_loss     | 0.148    |
|    ent_coef        | 0.00292  |
|    ent_coef_loss   | 1.05     |
|    learning_rate   | 0.0003   |
|    n_updates       | 73640    |
---------------------------------
---------------------------------
| rollout/           |          |
|    ep_len_mean     | 57.7     |
|    ep_rew_mean     | 25.7     |
| time/              |          |
|    episodes        | 1512     |
|    fps             | 20       |
|    time_elapsed    | 4107     |
|    total_timesteps | 83790    |
| train/             |          |
|    actor_loss      | -0.0614  |
|    critic_loss     | 0.242    |
|    ent_coef        | 0.00295  |
|    ent_coef_loss   | 0.242    |
|    learning_rate   | 0.0003   |
|    n_updates       | 73780    |
---------------------------------
---------------------------------
| rollout/           |          |
|    ep_len_mean     | 57.6     |
|    ep_rew_mean     | 25.9     |
| time/              |          |
|    episodes        | 1516     |
|    fps             | 20       |
|    time_elapsed    | 4123     |
|    total_timesteps | 84090    |
| train/             |          |
|    actor_loss      | -0.0991  |
|    critic_loss     | 0.133    |
|    ent_coef        | 0.0029   |
|    ent_coef_loss   | 0.0569   |
|    learning_rate   | 0.0003   |
|    n_updates       | 74080    |
---------------------------------
---------------------------------
| rollout/           |          |
|    ep_len_mean     | 57.6     |
|    ep_rew_mean     | 26.3     |
| time/              |          |
|    episodes        | 1520     |
|    fps             | 20       |
|    time_elapsed    | 4134     |
|    total_timesteps | 84310    |
| train/             |          |
|    actor_loss      | -0.159   |
|    critic_loss     | 0.173    |
|    ent_coef        | 0.00297  |
|    ent_coef_loss   | 0.946    |
|    learning_rate   | 0.0003   |
|    n_updates       | 74300    |
---------------------------------
---------------------------------
| rollout/           |          |
|    ep_len_mean     | 57.6     |
|    ep_rew_mean     | 26.4     |
| time/              |          |
|    episodes        | 1524     |
|    fps             | 20       |
|    time_elapsed    | 4144     |
|    total_timesteps | 84520    |
| train/             |          |
|    actor_loss      | -0.147   |
|    critic_loss     | 0.225    |
|    ent_coef        | 0.00299  |
|    ent_coef_loss   | -0.749   |
|    learning_rate   | 0.0003   |
|    n_updates       | 74510    |
---------------------------------
---------------------------------
| rollout/           |          |
|    ep_len_mean     | 58.4     |
|    ep_rew_mean     | 31.8     |
| time/              |          |
|    episodes        | 1528     |
|    fps             | 20       |
|    time_elapsed    | 4157     |
|    total_timesteps | 84770    |
| train/             |          |
|    actor_loss      | -0.0509  |
|    critic_loss     | 0.187    |
|    ent_coef        | 0.00298  |
|    ent_coef_loss   | 0.682    |
|    learning_rate   | 0.0003   |
|    n_updates       | 74760    |
---------------------------------
---------------------------------
| rollout/           |          |
|    ep_len_mean     | 58       |
|    ep_rew_mean     | 26.8     |
| time/              |          |
|    episodes        | 1532     |
|    fps             | 20       |
|    time_elapsed    | 4165     |
|    total_timesteps | 84930    |
| train/             |          |
|    actor_loss      | -0.12    |
|    critic_loss     | 0.193    |
|    ent_coef        | 0.00295  |
|    ent_coef_loss   | 0.703    |
|    learning_rate   | 0.0003   |
|    n_updates       | 74920    |
---------------------------------
---------------------------------
| rollout/           |          |
|    ep_len_mean     | 57.8     |
|    ep_rew_mean     | 26.4     |
| time/              |          |
|    episodes        | 1536     |
|    fps             | 20       |
|    time_elapsed    | 4174     |
|    total_timesteps | 85110    |
| train/             |          |
|    actor_loss      | -0.0891  |
|    critic_loss     | 0.3      |
|    ent_coef        | 0.00295  |
|    ent_coef_loss   | -0.323   |
|    learning_rate   | 0.0003   |
|    n_updates       | 75100    |
---------------------------------
---------------------------------
| rollout/           |          |
|    ep_len_mean     | 57.8     |
|    ep_rew_mean     | 26.4     |
| time/              |          |
|    episodes        | 1540     |
|    fps             | 20       |
|    time_elapsed    | 4187     |
|    total_timesteps | 85350    |
| train/             |          |
|    actor_loss      | -0.153   |
|    critic_loss     | 0.13     |
|    ent_coef        | 0.00285  |
|    ent_coef_loss   | -0.919   |
|    learning_rate   | 0.0003   |
|    n_updates       | 75340    |
---------------------------------
---------------------------------
| rollout/           |          |
|    ep_len_mean     | 58.5     |
|    ep_rew_mean     | 31       |
| time/              |          |
|    episodes        | 1544     |
|    fps             | 20       |
|    time_elapsed    | 4192     |
|    total_timesteps | 85440    |
| train/             |          |
|    actor_loss      | -0.11    |
|    critic_loss     | 0.272    |
|    ent_coef        | 0.00283  |
|    ent_coef_loss   | -1.29    |
|    learning_rate   | 0.0003   |
|    n_updates       | 75430    |
---------------------------------
---------------------------------
| rollout/           |          |
|    ep_len_mean     | 58       |
|    ep_rew_mean     | 27.4     |
| time/              |          |
|    episodes        | 1548     |
|    fps             | 20       |
|    time_elapsed    | 4208     |
|    total_timesteps | 85740    |
| train/             |          |
|    actor_loss      | -0.108   |
|    critic_loss     | 0.175    |
|    ent_coef        | 0.00275  |
|    ent_coef_loss   | 0.756    |
|    learning_rate   | 0.0003   |
|    n_updates       | 75730    |
---------------------------------
---------------------------------
| rollout/           |          |
|    ep_len_mean     | 58.8     |
|    ep_rew_mean     | 37.5     |
| time/              |          |
|    episodes        | 1552     |
|    fps             | 20       |
|    time_elapsed    | 4228     |
|    total_timesteps | 86000    |
| train/             |          |
|    actor_loss      | -0.112   |
|    critic_loss     | 0.117    |
|    ent_coef        | 0.0028   |
|    ent_coef_loss   | -0.204   |
|    learning_rate   | 0.0003   |
|    n_updates       | 75990    |
---------------------------------
---------------------------------
| rollout/           |          |
|    ep_len_mean     | 58.8     |
|    ep_rew_mean     | 41.5     |
| time/              |          |
|    episodes        | 1556     |
|    fps             | 20       |
|    time_elapsed    | 4237     |
|    total_timesteps | 86130    |
| train/             |          |
|    actor_loss      | -0.132   |
|    critic_loss     | 0.161    |
|    ent_coef        | 0.00281  |
|    ent_coef_loss   | -0.137   |
|    learning_rate   | 0.0003   |
|    n_updates       | 76120    |
---------------------------------
---------------------------------
| rollout/           |          |
|    ep_len_mean     | 58.4     |
|    ep_rew_mean     | 37.2     |
| time/              |          |
|    episodes        | 1560     |
|    fps             | 20       |
|    time_elapsed    | 4250     |
|    total_timesteps | 86330    |
| train/             |          |
|    actor_loss      | -0.0877  |
|    critic_loss     | 0.134    |
|    ent_coef        | 0.00282  |
|    ent_coef_loss   | 0.552    |
|    learning_rate   | 0.0003   |
|    n_updates       | 76320    |
---------------------------------
---------------------------------
| rollout/           |          |
|    ep_len_mean     | 57.8     |
|    ep_rew_mean     | 28.7     |
| time/              |          |
|    episodes        | 1564     |
|    fps             | 20       |
|    time_elapsed    | 4265     |
|    total_timesteps | 86640    |
| train/             |          |
|    actor_loss      | -0.0196  |
|    critic_loss     | 0.23     |
|    ent_coef        | 0.00291  |
|    ent_coef_loss   | 0.528    |
|    learning_rate   | 0.0003   |
|    n_updates       | 76630    |
---------------------------------
---------------------------------
| rollout/           |          |
|    ep_len_mean     | 57.7     |
|    ep_rew_mean     | 29.3     |
| time/              |          |
|    episodes        | 1568     |
|    fps             | 20       |
|    time_elapsed    | 4271     |
|    total_timesteps | 86760    |
| train/             |          |
|    actor_loss      | -0.161   |
|    critic_loss     | 0.0631   |
|    ent_coef        | 0.00294  |
|    ent_coef_loss   | -0.643   |
|    learning_rate   | 0.0003   |
|    n_updates       | 76750    |
---------------------------------
---------------------------------
| rollout/           |          |
|    ep_len_mean     | 57.7     |
|    ep_rew_mean     | 29       |
| time/              |          |
|    episodes        | 1572     |
|    fps             | 20       |
|    time_elapsed    | 4284     |
|    total_timesteps | 87030    |
| train/             |          |
|    actor_loss      | -0.118   |
|    critic_loss     | 0.145    |
|    ent_coef        | 0.0029   |
|    ent_coef_loss   | 0.00925  |
|    learning_rate   | 0.0003   |
|    n_updates       | 77020    |
---------------------------------
---------------------------------
| rollout/           |          |
|    ep_len_mean     | 57.8     |
|    ep_rew_mean     | 33.7     |
| time/              |          |
|    episodes        | 1576     |
|    fps             | 20       |
|    time_elapsed    | 4304     |
|    total_timesteps | 87360    |
| train/             |          |
|    actor_loss      | -0.146   |
|    critic_loss     | 0.123    |
|    ent_coef        | 0.00298  |
|    ent_coef_loss   | -0.122   |
|    learning_rate   | 0.0003   |
|    n_updates       | 77350    |
---------------------------------
---------------------------------
| rollout/           |          |
|    ep_len_mean     | 57.6     |
|    ep_rew_mean     | 32.7     |
| time/              |          |
|    episodes        | 1580     |
|    fps             | 20       |
|    time_elapsed    | 4309     |
|    total_timesteps | 87440    |
| train/             |          |
|    actor_loss      | -0.132   |
|    critic_loss     | 0.12     |
|    ent_coef        | 0.00296  |
|    ent_coef_loss   | 0.239    |
|    learning_rate   | 0.0003   |
|    n_updates       | 77430    |
---------------------------------
---------------------------------
| rollout/           |          |
|    ep_len_mean     | 57.1     |
|    ep_rew_mean     | 22.9     |
| time/              |          |
|    episodes        | 1584     |
|    fps             | 20       |
|    time_elapsed    | 4327     |
|    total_timesteps | 87780    |
| train/             |          |
|    actor_loss      | -0.139   |
|    critic_loss     | 0.233    |
|    ent_coef        | 0.00297  |
|    ent_coef_loss   | -0.32    |
|    learning_rate   | 0.0003   |
|    n_updates       | 77770    |
---------------------------------
---------------------------------
| rollout/           |          |
|    ep_len_mean     | 57       |
|    ep_rew_mean     | 23.3     |
| time/              |          |
|    episodes        | 1588     |
|    fps             | 20       |
|    time_elapsed    | 4338     |
|    total_timesteps | 87990    |
| train/             |          |
|    actor_loss      | -0.102   |
|    critic_loss     | 0.171    |
|    ent_coef        | 0.00302  |
|    ent_coef_loss   | -0.765   |
|    learning_rate   | 0.0003   |
|    n_updates       | 77980    |
---------------------------------
---------------------------------
| rollout/           |          |
|    ep_len_mean     | 56.2     |
|    ep_rew_mean     | 15       |
| time/              |          |
|    episodes        | 1592     |
|    fps             | 20       |
|    time_elapsed    | 4343     |
|    total_timesteps | 88100    |
| train/             |          |
|    actor_loss      | -0.17    |
|    critic_loss     | 0.189    |
|    ent_coef        | 0.00303  |
|    ent_coef_loss   | 1.6      |
|    learning_rate   | 0.0003   |
|    n_updates       | 78090    |
---------------------------------
---------------------------------
| rollout/           |          |
|    ep_len_mean     | 55.8     |
|    ep_rew_mean     | 11.1     |
| time/              |          |
|    episodes        | 1596     |
|    fps             | 20       |
|    time_elapsed    | 4365     |
|    total_timesteps | 88460    |
| train/             |          |
|    actor_loss      | -0.181   |
|    critic_loss     | 0.165    |
|    ent_coef        | 0.00298  |
|    ent_coef_loss   | 0.536    |
|    learning_rate   | 0.0003   |
|    n_updates       | 78450    |
---------------------------------
---------------------------------
| rollout/           |          |
|    ep_len_mean     | 55.3     |
|    ep_rew_mean     | 10.9     |
| time/              |          |
|    episodes        | 1600     |
|    fps             | 20       |
|    time_elapsed    | 4376     |
|    total_timesteps | 88610    |
| train/             |          |
|    actor_loss      | -0.0788  |
|    critic_loss     | 0.176    |
|    ent_coef        | 0.00296  |
|    ent_coef_loss   | 0.248    |
|    learning_rate   | 0.0003   |
|    n_updates       | 78600    |
---------------------------------
---------------------------------
| rollout/           |          |
|    ep_len_mean     | 55.1     |
|    ep_rew_mean     | 10.2     |
| time/              |          |
|    episodes        | 1604     |
|    fps             | 20       |
|    time_elapsed    | 4393     |
|    total_timesteps | 88870    |
| train/             |          |
|    actor_loss      | -0.0767  |
|    critic_loss     | 0.263    |
|    ent_coef        | 0.0029   |
|    ent_coef_loss   | 0.161    |
|    learning_rate   | 0.0003   |
|    n_updates       | 78860    |
---------------------------------
---------------------------------
| rollout/           |          |
|    ep_len_mean     | 55.6     |
|    ep_rew_mean     | 7.93     |
| time/              |          |
|    episodes        | 1608     |
|    fps             | 20       |
|    time_elapsed    | 4410     |
|    total_timesteps | 89090    |
| train/             |          |
|    actor_loss      | -0.131   |
|    critic_loss     | 0.0994   |
|    ent_coef        | 0.00294  |
|    ent_coef_loss   | 0.186    |
|    learning_rate   | 0.0003   |
|    n_updates       | 79080    |
---------------------------------
---------------------------------
| rollout/           |          |
|    ep_len_mean     | 55       |
|    ep_rew_mean     | 3.26     |
| time/              |          |
|    episodes        | 1612     |
|    fps             | 20       |
|    time_elapsed    | 4425     |
|    total_timesteps | 89270    |
| train/             |          |
|    actor_loss      | -0.0883  |
|    critic_loss     | 0.172    |
|    ent_coef        | 0.00296  |
|    ent_coef_loss   | -0.0715  |
|    learning_rate   | 0.0003   |
|    n_updates       | 79260    |
---------------------------------
---------------------------------
| rollout/           |          |
|    ep_len_mean     | 54.5     |
|    ep_rew_mean     | -1.73    |
| time/              |          |
|    episodes        | 1616     |
|    fps             | 20       |
|    time_elapsed    | 4438     |
|    total_timesteps | 89450    |
| train/             |          |
|    actor_loss      | -0.156   |
|    critic_loss     | 0.158    |
|    ent_coef        | 0.00296  |
|    ent_coef_loss   | 0.295    |
|    learning_rate   | 0.0003   |
|    n_updates       | 79440    |
---------------------------------
---------------------------------
| rollout/           |          |
|    ep_len_mean     | 54.8     |
|    ep_rew_mean     | 1.64     |
| time/              |          |
|    episodes        | 1620     |
|    fps             | 20       |
|    time_elapsed    | 4465     |
|    total_timesteps | 89850    |
| train/             |          |
|    actor_loss      | -0.141   |
|    critic_loss     | 0.126    |
|    ent_coef        | 0.00294  |
|    ent_coef_loss   | 0.0661   |
|    learning_rate   | 0.0003   |
|    n_updates       | 79840    |
---------------------------------
---------------------------------
| rollout/           |          |
|    ep_len_mean     | 54.7     |
|    ep_rew_mean     | 0.646    |
| time/              |          |
|    episodes        | 1624     |
|    fps             | 20       |
|    time_elapsed    | 4469     |
|    total_timesteps | 89910    |
| train/             |          |
|    actor_loss      | -0.149   |
|    critic_loss     | 0.235    |
|    ent_coef        | 0.00295  |
|    ent_coef_loss   | -1.07    |
|    learning_rate   | 0.0003   |
|    n_updates       | 79900    |
---------------------------------
---------------------------------
| rollout/           |          |
|    ep_len_mean     | 55       |
|    ep_rew_mean     | 3.45     |
| time/              |          |
|    episodes        | 1628     |
|    fps             | 20       |
|    time_elapsed    | 4498     |
|    total_timesteps | 90340    |
| train/             |          |
|    actor_loss      | -0.0787  |
|    critic_loss     | 0.224    |
|    ent_coef        | 0.00284  |
|    ent_coef_loss   | -0.0147  |
|    learning_rate   | 0.0003   |
|    n_updates       | 80330    |
---------------------------------
---------------------------------
| rollout/           |          |
|    ep_len_mean     | 55.3     |
|    ep_rew_mean     | 9.12     |
| time/              |          |
|    episodes        | 1632     |
|    fps             | 20       |
|    time_elapsed    | 4508     |
|    total_timesteps | 90490    |
| train/             |          |
|    actor_loss      | -0.0857  |
|    critic_loss     | 0.199    |
|    ent_coef        | 0.00286  |
|    ent_coef_loss   | 0.392    |
|    learning_rate   | 0.0003   |
|    n_updates       | 80480    |
---------------------------------
---------------------------------
| rollout/           |          |
|    ep_len_mean     | 55.6     |
|    ep_rew_mean     | 5.68     |
| time/              |          |
|    episodes        | 1636     |
|    fps             | 20       |
|    time_elapsed    | 4519     |
|    total_timesteps | 90630    |
| train/             |          |
|    actor_loss      | -0.0936  |
|    critic_loss     | 0.155    |
|    ent_coef        | 0.00288  |
|    ent_coef_loss   | -0.707   |
|    learning_rate   | 0.0003   |
|    n_updates       | 80620    |
---------------------------------
---------------------------------
| rollout/           |          |
|    ep_len_mean     | 55.9     |
|    ep_rew_mean     | 9.24     |
| time/              |          |
|    episodes        | 1640     |
|    fps             | 20       |
|    time_elapsed    | 4551     |
|    total_timesteps | 91060    |
| train/             |          |
|    actor_loss      | -0.119   |
|    critic_loss     | 0.164    |
|    ent_coef        | 0.00287  |
|    ent_coef_loss   | -0.862   |
|    learning_rate   | 0.0003   |
|    n_updates       | 81050    |
---------------------------------
---------------------------------
| rollout/           |          |
|    ep_len_mean     | 56.1     |
|    ep_rew_mean     | 13.3     |
| time/              |          |
|    episodes        | 1644     |
|    fps             | 19       |
|    time_elapsed    | 4560     |
|    total_timesteps | 91180    |
| train/             |          |
|    actor_loss      | -0.127   |
|    critic_loss     | 0.223    |
|    ent_coef        | 0.00282  |
|    ent_coef_loss   | -0.608   |
|    learning_rate   | 0.0003   |
|    n_updates       | 81170    |
---------------------------------
---------------------------------
| rollout/           |          |
|    ep_len_mean     | 56.9     |
|    ep_rew_mean     | 22.1     |
| time/              |          |
|    episodes        | 1648     |
|    fps             | 19       |
|    time_elapsed    | 4567     |
|    total_timesteps | 91300    |
| train/             |          |
|    actor_loss      | -0.163   |
|    critic_loss     | 0.155    |
|    ent_coef        | 0.00284  |
|    ent_coef_loss   | 0.104    |
|    learning_rate   | 0.0003   |
|    n_updates       | 81290    |
---------------------------------
---------------------------------
| rollout/           |          |
|    ep_len_mean     | 56.6     |
|    ep_rew_mean     | 16.8     |
| time/              |          |
|    episodes        | 1652     |
|    fps             | 19       |
|    time_elapsed    | 4589     |
|    total_timesteps | 91660    |
| train/             |          |
|    actor_loss      | -0.155   |
|    critic_loss     | 0.143    |
|    ent_coef        | 0.00285  |
|    ent_coef_loss   | 0.99     |
|    learning_rate   | 0.0003   |
|    n_updates       | 81650    |
---------------------------------
---------------------------------
| rollout/           |          |
|    ep_len_mean     | 57       |
|    ep_rew_mean     | 20.6     |
| time/              |          |
|    episodes        | 1656     |
|    fps             | 19       |
|    time_elapsed    | 4599     |
|    total_timesteps | 91830    |
| train/             |          |
|    actor_loss      | -0.108   |
|    critic_loss     | 0.191    |
|    ent_coef        | 0.00289  |
|    ent_coef_loss   | 0.0113   |
|    learning_rate   | 0.0003   |
|    n_updates       | 81820    |
---------------------------------
---------------------------------
| rollout/           |          |
|    ep_len_mean     | 56.8     |
|    ep_rew_mean     | 19.9     |
| time/              |          |
|    episodes        | 1660     |
|    fps             | 19       |
|    time_elapsed    | 4609     |
|    total_timesteps | 92010    |
| train/             |          |
|    actor_loss      | -0.171   |
|    critic_loss     | 0.157    |
|    ent_coef        | 0.00297  |
|    ent_coef_loss   | 0.927    |
|    learning_rate   | 0.0003   |
|    n_updates       | 82000    |
---------------------------------
---------------------------------
| rollout/           |          |
|    ep_len_mean     | 57.4     |
|    ep_rew_mean     | 27.7     |
| time/              |          |
|    episodes        | 1664     |
|    fps             | 19       |
|    time_elapsed    | 4626     |
|    total_timesteps | 92330    |
| train/             |          |
|    actor_loss      | -0.167   |
|    critic_loss     | 0.237    |
|    ent_coef        | 0.00296  |
|    ent_coef_loss   | 0.0949   |
|    learning_rate   | 0.0003   |
|    n_updates       | 82320    |
---------------------------------
---------------------------------
| rollout/           |          |
|    ep_len_mean     | 57       |
|    ep_rew_mean     | 24.1     |
| time/              |          |
|    episodes        | 1668     |
|    fps             | 19       |
|    time_elapsed    | 4635     |
|    total_timesteps | 92510    |
| train/             |          |
|    actor_loss      | -0.132   |
|    critic_loss     | 0.222    |
|    ent_coef        | 0.00292  |
|    ent_coef_loss   | -0.478   |
|    learning_rate   | 0.0003   |
|    n_updates       | 82500    |
---------------------------------
---------------------------------
| rollout/           |          |
|    ep_len_mean     | 57.4     |
|    ep_rew_mean     | 28.8     |
| time/              |          |
|    episodes        | 1672     |
|    fps             | 19       |
|    time_elapsed    | 4650     |
|    total_timesteps | 92800    |
| train/             |          |
|    actor_loss      | -0.155   |
|    critic_loss     | 0.188    |
|    ent_coef        | 0.0029   |
|    ent_coef_loss   | 0.453    |
|    learning_rate   | 0.0003   |
|    n_updates       | 82790    |
---------------------------------
---------------------------------
| rollout/           |          |
|    ep_len_mean     | 57       |
|    ep_rew_mean     | 24.4     |
| time/              |          |
|    episodes        | 1676     |
|    fps             | 19       |
|    time_elapsed    | 4658     |
|    total_timesteps | 92960    |
| train/             |          |
|    actor_loss      | -0.17    |
|    critic_loss     | 0.376    |
|    ent_coef        | 0.00291  |
|    ent_coef_loss   | -0.499   |
|    learning_rate   | 0.0003   |
|    n_updates       | 82950    |
---------------------------------
---------------------------------
| rollout/           |          |
|    ep_len_mean     | 56.6     |
|    ep_rew_mean     | 21.5     |
| time/              |          |
|    episodes        | 1680     |
|    fps             | 19       |
|    time_elapsed    | 4671     |
|    total_timesteps | 93210    |
| train/             |          |
|    actor_loss      | -0.146   |
|    critic_loss     | 0.209    |
|    ent_coef        | 0.00299  |
|    ent_coef_loss   | 0.422    |
|    learning_rate   | 0.0003   |
|    n_updates       | 83200    |
---------------------------------
---------------------------------
| rollout/           |          |
|    ep_len_mean     | 57.1     |
|    ep_rew_mean     | 30.9     |
| time/              |          |
|    episodes        | 1684     |
|    fps             | 19       |
|    time_elapsed    | 4682     |
|    total_timesteps | 93430    |
| train/             |          |
|    actor_loss      | -0.127   |
|    critic_loss     | 0.177    |
|    ent_coef        | 0.00297  |
|    ent_coef_loss   | 0.323    |
|    learning_rate   | 0.0003   |
|    n_updates       | 83420    |
---------------------------------
---------------------------------
| rollout/           |          |
|    ep_len_mean     | 57.1     |
|    ep_rew_mean     | 30.8     |
| time/              |          |
|    episodes        | 1688     |
|    fps             | 19       |
|    time_elapsed    | 4693     |
|    total_timesteps | 93630    |
| train/             |          |
|    actor_loss      | -0.195   |
|    critic_loss     | 0.23     |
|    ent_coef        | 0.00297  |
|    ent_coef_loss   | -0.094   |
|    learning_rate   | 0.0003   |
|    n_updates       | 83620    |
---------------------------------
---------------------------------
| rollout/           |          |
|    ep_len_mean     | 56.2     |
|    ep_rew_mean     | 23.1     |
| time/              |          |
|    episodes        | 1692     |
|    fps             | 19       |
|    time_elapsed    | 4701     |
|    total_timesteps | 93800    |
| train/             |          |
|    actor_loss      | -0.172   |
|    critic_loss     | 0.145    |
|    ent_coef        | 0.00295  |
|    ent_coef_loss   | 0.347    |
|    learning_rate   | 0.0003   |
|    n_updates       | 83790    |
---------------------------------
---------------------------------
| rollout/           |          |
|    ep_len_mean     | 56.1     |
|    ep_rew_mean     | 22.8     |
| time/              |          |
|    episodes        | 1696     |
|    fps             | 19       |
|    time_elapsed    | 4706     |
|    total_timesteps | 93900    |
| train/             |          |
|    actor_loss      | -0.16    |
|    critic_loss     | 0.0989   |
|    ent_coef        | 0.00297  |
|    ent_coef_loss   | 0.748    |
|    learning_rate   | 0.0003   |
|    n_updates       | 83890    |
---------------------------------
---------------------------------
| rollout/           |          |
|    ep_len_mean     | 55.9     |
|    ep_rew_mean     | 18.9     |
| time/              |          |
|    episodes        | 1700     |
|    fps             | 19       |
|    time_elapsed    | 4720     |
|    total_timesteps | 94170    |
| train/             |          |
|    actor_loss      | -0.237   |
|    critic_loss     | 0.0811   |
|    ent_coef        | 0.00305  |
|    ent_coef_loss   | -0.33    |
|    learning_rate   | 0.0003   |
|    n_updates       | 84160    |
---------------------------------
---------------------------------
| rollout/           |          |
|    ep_len_mean     | 55.8     |
|    ep_rew_mean     | 15.3     |
| time/              |          |
|    episodes        | 1704     |
|    fps             | 19       |
|    time_elapsed    | 4728     |
|    total_timesteps | 94320    |
| train/             |          |
|    actor_loss      | -0.187   |
|    critic_loss     | 0.225    |
|    ent_coef        | 0.00306  |
|    ent_coef_loss   | -0.674   |
|    learning_rate   | 0.0003   |
|    n_updates       | 84310    |
---------------------------------
---------------------------------
| rollout/           |          |
|    ep_len_mean     | 55       |
|    ep_rew_mean     | 16.7     |
| time/              |          |
|    episodes        | 1708     |
|    fps             | 19       |
|    time_elapsed    | 4742     |
|    total_timesteps | 94600    |
| train/             |          |
|    actor_loss      | -0.224   |
|    critic_loss     | 0.126    |
|    ent_coef        | 0.00303  |
|    ent_coef_loss   | -0.336   |
|    learning_rate   | 0.0003   |
|    n_updates       | 84590    |
---------------------------------
---------------------------------
| rollout/           |          |
|    ep_len_mean     | 55.2     |
|    ep_rew_mean     | 21       |
| time/              |          |
|    episodes        | 1712     |
|    fps             | 19       |
|    time_elapsed    | 4754     |
|    total_timesteps | 94840    |
| train/             |          |
|    actor_loss      | -0.222   |
|    critic_loss     | 0.182    |
|    ent_coef        | 0.00294  |
|    ent_coef_loss   | -1.18    |
|    learning_rate   | 0.0003   |
|    n_updates       | 84830    |
---------------------------------
---------------------------------
| rollout/           |          |
|    ep_len_mean     | 55.3     |
|    ep_rew_mean     | 20.3     |
| time/              |          |
|    episodes        | 1716     |
|    fps             | 19       |
|    time_elapsed    | 4763     |
|    total_timesteps | 95010    |
| train/             |          |
|    actor_loss      | -0.176   |
|    critic_loss     | 0.211    |
|    ent_coef        | 0.00298  |
|    ent_coef_loss   | 0.0569   |
|    learning_rate   | 0.0003   |
|    n_updates       | 85000    |
---------------------------------
---------------------------------
| rollout/           |          |
|    ep_len_mean     | 55.2     |
|    ep_rew_mean     | 21.5     |
| time/              |          |
|    episodes        | 1720     |
|    fps             | 19       |
|    time_elapsed    | 4776     |
|    total_timesteps | 95250    |
| train/             |          |
|    actor_loss      | -0.144   |
|    critic_loss     | 0.255    |
|    ent_coef        | 0.00302  |
|    ent_coef_loss   | 0.268    |
|    learning_rate   | 0.0003   |
|    n_updates       | 85240    |
---------------------------------
---------------------------------
| rollout/           |          |
|    ep_len_mean     | 54.8     |
|    ep_rew_mean     | 18       |
| time/              |          |
|    episodes        | 1724     |
|    fps             | 19       |
|    time_elapsed    | 4788     |
|    total_timesteps | 95490    |
| train/             |          |
|    actor_loss      | -0.168   |
|    critic_loss     | 0.0768   |
|    ent_coef        | 0.00298  |
|    ent_coef_loss   | 0.225    |
|    learning_rate   | 0.0003   |
|    n_updates       | 85480    |
---------------------------------
---------------------------------
| rollout/           |          |
|    ep_len_mean     | 54.5     |
|    ep_rew_mean     | 15.2     |
| time/              |          |
|    episodes        | 1728     |
|    fps             | 19       |
|    time_elapsed    | 4797     |
|    total_timesteps | 95650    |
| train/             |          |
|    actor_loss      | -0.171   |
|    critic_loss     | 0.128    |
|    ent_coef        | 0.00305  |
|    ent_coef_loss   | -0.0229  |
|    learning_rate   | 0.0003   |
|    n_updates       | 85640    |
---------------------------------
---------------------------------
| rollout/           |          |
|    ep_len_mean     | 54.5     |
|    ep_rew_mean     | 13.9     |
| time/              |          |
|    episodes        | 1732     |
|    fps             | 19       |
|    time_elapsed    | 4815     |
|    total_timesteps | 95990    |
| train/             |          |
|    actor_loss      | -0.197   |
|    critic_loss     | 0.286    |
|    ent_coef        | 0.00301  |
|    ent_coef_loss   | 0.00964  |
|    learning_rate   | 0.0003   |
|    n_updates       | 85980    |
---------------------------------
---------------------------------
| rollout/           |          |
|    ep_len_mean     | 54.6     |
|    ep_rew_mean     | 21.9     |
| time/              |          |
|    episodes        | 1736     |
|    fps             | 19       |
|    time_elapsed    | 4824     |
|    total_timesteps | 96180    |
| train/             |          |
|    actor_loss      | -0.133   |
|    critic_loss     | 0.199    |
|    ent_coef        | 0.00306  |
|    ent_coef_loss   | 0.0451   |
|    learning_rate   | 0.0003   |
|    n_updates       | 86170    |
---------------------------------
---------------------------------
| rollout/           |          |
|    ep_len_mean     | 54.6     |
|    ep_rew_mean     | 22       |
| time/              |          |
|    episodes        | 1740     |
|    fps             | 19       |
|    time_elapsed    | 4832     |
|    total_timesteps | 96330    |
| train/             |          |
|    actor_loss      | -0.122   |
|    critic_loss     | 0.264    |
|    ent_coef        | 0.00307  |
|    ent_coef_loss   | -0.113   |
|    learning_rate   | 0.0003   |
|    n_updates       | 86320    |
---------------------------------
---------------------------------
| rollout/           |          |
|    ep_len_mean     | 54       |
|    ep_rew_mean     | 14.6     |
| time/              |          |
|    episodes        | 1744     |
|    fps             | 19       |
|    time_elapsed    | 4841     |
|    total_timesteps | 96520    |
| train/             |          |
|    actor_loss      | -0.201   |
|    critic_loss     | 0.174    |
|    ent_coef        | 0.00305  |
|    ent_coef_loss   | -0.095   |
|    learning_rate   | 0.0003   |
|    n_updates       | 86510    |
---------------------------------
---------------------------------
| rollout/           |          |
|    ep_len_mean     | 53.8     |
|    ep_rew_mean     | 9.59     |
| time/              |          |
|    episodes        | 1748     |
|    fps             | 19       |
|    time_elapsed    | 4856     |
|    total_timesteps | 96820    |
| train/             |          |
|    actor_loss      | -0.211   |
|    critic_loss     | 0.0917   |
|    ent_coef        | 0.00306  |
|    ent_coef_loss   | -0.00424 |
|    learning_rate   | 0.0003   |
|    n_updates       | 86810    |
---------------------------------
---------------------------------
| rollout/           |          |
|    ep_len_mean     | 54.3     |
|    ep_rew_mean     | 14.9     |
| time/              |          |
|    episodes        | 1752     |
|    fps             | 19       |
|    time_elapsed    | 4870     |
|    total_timesteps | 97090    |
| train/             |          |
|    actor_loss      | -0.142   |
|    critic_loss     | 0.169    |
|    ent_coef        | 0.00307  |
|    ent_coef_loss   | 0.393    |
|    learning_rate   | 0.0003   |
|    n_updates       | 87080    |
---------------------------------
---------------------------------
| rollout/           |          |
|    ep_len_mean     | 53.9     |
|    ep_rew_mean     | 7.6      |
| time/              |          |
|    episodes        | 1756     |
|    fps             | 19       |
|    time_elapsed    | 4878     |
|    total_timesteps | 97260    |
| train/             |          |
|    actor_loss      | -0.244   |
|    critic_loss     | 0.146    |
|    ent_coef        | 0.00305  |
|    ent_coef_loss   | -0.613   |
|    learning_rate   | 0.0003   |
|    n_updates       | 87250    |
---------------------------------
---------------------------------
| rollout/           |          |
|    ep_len_mean     | 54       |
|    ep_rew_mean     | 8.37     |
| time/              |          |
|    episodes        | 1760     |
|    fps             | 19       |
|    time_elapsed    | 4890     |
|    total_timesteps | 97500    |
| train/             |          |
|    actor_loss      | -0.159   |
|    critic_loss     | 0.225    |
|    ent_coef        | 0.00305  |
|    ent_coef_loss   | 0.564    |
|    learning_rate   | 0.0003   |
|    n_updates       | 87490    |
---------------------------------
---------------------------------
| rollout/           |          |
|    ep_len_mean     | 53.6     |
|    ep_rew_mean     | 0.769    |
| time/              |          |
|    episodes        | 1764     |
|    fps             | 19       |
|    time_elapsed    | 4901     |
|    total_timesteps | 97710    |
| train/             |          |
|    actor_loss      | -0.186   |
|    critic_loss     | 0.168    |
|    ent_coef        | 0.00306  |
|    ent_coef_loss   | -0.747   |
|    learning_rate   | 0.0003   |
|    n_updates       | 87700    |
---------------------------------
---------------------------------
| rollout/           |          |
|    ep_len_mean     | 53.5     |
|    ep_rew_mean     | 0.194    |
| time/              |          |
|    episodes        | 1768     |
|    fps             | 19       |
|    time_elapsed    | 4902     |
|    total_timesteps | 97740    |
| train/             |          |
|    actor_loss      | -0.21    |
|    critic_loss     | 0.158    |
|    ent_coef        | 0.00304  |
|    ent_coef_loss   | 0.0308   |
|    learning_rate   | 0.0003   |
|    n_updates       | 87730    |
---------------------------------
---------------------------------
| rollout/           |          |
|    ep_len_mean     | 53.4     |
|    ep_rew_mean     | 0.67     |
| time/              |          |
|    episodes        | 1772     |
|    fps             | 19       |
|    time_elapsed    | 4926     |
|    total_timesteps | 98230    |
| train/             |          |
|    actor_loss      | -0.156   |
|    critic_loss     | 0.208    |
|    ent_coef        | 0.00297  |
|    ent_coef_loss   | 0.0238   |
|    learning_rate   | 0.0003   |
|    n_updates       | 88220    |
---------------------------------
---------------------------------
| rollout/           |          |
|    ep_len_mean     | 53.6     |
|    ep_rew_mean     | 4.59     |
| time/              |          |
|    episodes        | 1776     |
|    fps             | 19       |
|    time_elapsed    | 4932     |
|    total_timesteps | 98330    |
| train/             |          |
|    actor_loss      | -0.152   |
|    critic_loss     | 0.11     |
|    ent_coef        | 0.00297  |
|    ent_coef_loss   | -0.238   |
|    learning_rate   | 0.0003   |
|    n_updates       | 88320    |
---------------------------------
---------------------------------
| rollout/           |          |
|    ep_len_mean     | 53.7     |
|    ep_rew_mean     | 5        |
| time/              |          |
|    episodes        | 1780     |
|    fps             | 19       |
|    time_elapsed    | 4935     |
|    total_timesteps | 98390    |
| train/             |          |
|    actor_loss      | -0.176   |
|    critic_loss     | 0.203    |
|    ent_coef        | 0.00297  |
|    ent_coef_loss   | 0.335    |
|    learning_rate   | 0.0003   |
|    n_updates       | 88380    |
---------------------------------
---------------------------------
| rollout/           |          |
|    ep_len_mean     | 52.3     |
|    ep_rew_mean     | -11.9    |
| time/              |          |
|    episodes        | 1784     |
|    fps             | 19       |
|    time_elapsed    | 4952     |
|    total_timesteps | 98640    |
| train/             |          |
|    actor_loss      | -0.128   |
|    critic_loss     | 0.178    |
|    ent_coef        | 0.00302  |
|    ent_coef_loss   | 1.04     |
|    learning_rate   | 0.0003   |
|    n_updates       | 88630    |
---------------------------------
---------------------------------
| rollout/           |          |
|    ep_len_mean     | 51.9     |
|    ep_rew_mean     | -17.5    |
| time/              |          |
|    episodes        | 1788     |
|    fps             | 19       |
|    time_elapsed    | 4966     |
|    total_timesteps | 98890    |
| train/             |          |
|    actor_loss      | -0.164   |
|    critic_loss     | 0.144    |
|    ent_coef        | 0.00299  |
|    ent_coef_loss   | -0.366   |
|    learning_rate   | 0.0003   |
|    n_updates       | 88880    |
---------------------------------
---------------------------------
| rollout/           |          |
|    ep_len_mean     | 52.6     |
|    ep_rew_mean     | -9.95    |
| time/              |          |
|    episodes        | 1792     |
|    fps             | 19       |
|    time_elapsed    | 4972     |
|    total_timesteps | 98990    |
| train/             |          |
|    actor_loss      | -0.214   |
|    critic_loss     | 0.125    |
|    ent_coef        | 0.00296  |
|    ent_coef_loss   | 0.31     |
|    learning_rate   | 0.0003   |
|    n_updates       | 88980    |
---------------------------------
---------------------------------
| rollout/           |          |
|    ep_len_mean     | 52.6     |
|    ep_rew_mean     | -9.36    |
| time/              |          |
|    episodes        | 1796     |
|    fps             | 19       |
|    time_elapsed    | 4986     |
|    total_timesteps | 99230    |
| train/             |          |
|    actor_loss      | -0.156   |
|    critic_loss     | 0.106    |
|    ent_coef        | 0.00291  |
|    ent_coef_loss   | 0.278    |
|    learning_rate   | 0.0003   |
|    n_updates       | 89220    |
---------------------------------
---------------------------------
| rollout/           |          |
|    ep_len_mean     | 52.8     |
|    ep_rew_mean     | -6.78    |
| time/              |          |
|    episodes        | 1800     |
|    fps             | 19       |
|    time_elapsed    | 5004     |
|    total_timesteps | 99530    |
| train/             |          |
|    actor_loss      | -0.211   |
|    critic_loss     | 0.115    |
|    ent_coef        | 0.0029   |
|    ent_coef_loss   | -0.173   |
|    learning_rate   | 0.0003   |
|    n_updates       | 89520    |
---------------------------------
---------------------------------
| rollout/           |          |
|    ep_len_mean     | 52.9     |
|    ep_rew_mean     | -1.91    |
| time/              |          |
|    episodes        | 1804     |
|    fps             | 19       |
|    time_elapsed    | 5011     |
|    total_timesteps | 99660    |
| train/             |          |
|    actor_loss      | -0.15    |
|    critic_loss     | 0.122    |
|    ent_coef        | 0.00297  |
|    ent_coef_loss   | 0.662    |
|    learning_rate   | 0.0003   |
|    n_updates       | 89650    |
---------------------------------
---------------------------------
| rollout/           |          |
|    ep_len_mean     | 52.9     |
|    ep_rew_mean     | -1.75    |
| time/              |          |
|    episodes        | 1808     |
|    fps             | 19       |
|    time_elapsed    | 5022     |
|    total_timesteps | 99870    |
| train/             |          |
|    actor_loss      | -0.195   |
|    critic_loss     | 0.233    |
|    ent_coef        | 0.00302  |
|    ent_coef_loss   | 0.183    |
|    learning_rate   | 0.0003   |
|    n_updates       | 89860    |
---------------------------------
---------------------------------
| rollout/           |          |
|    ep_len_mean     | 52.6     |
|    ep_rew_mean     | -5.84    |
| time/              |          |
|    episodes        | 1812     |
|    fps             | 19       |
|    time_elapsed    | 5034     |
|    total_timesteps | 100120   |
| train/             |          |
|    actor_loss      | -0.205   |
|    critic_loss     | 0.23     |
|    ent_coef        | 0.00307  |
|    ent_coef_loss   | 0.199    |
|    learning_rate   | 0.0003   |
|    n_updates       | 90110    |
---------------------------------
---------------------------------
| rollout/           |          |
|    ep_len_mean     | 52.4     |
|    ep_rew_mean     | -4.81    |
| time/              |          |
|    episodes        | 1816     |
|    fps             | 19       |
|    time_elapsed    | 5040     |
|    total_timesteps | 100230   |
| train/             |          |
|    actor_loss      | -0.137   |
|    critic_loss     | 0.133    |
|    ent_coef        | 0.00309  |
|    ent_coef_loss   | -0.588   |
|    learning_rate   | 0.0003   |
|    n_updates       | 90220    |
---------------------------------
---------------------------------
| rollout/           |          |
|    ep_len_mean     | 51.8     |
|    ep_rew_mean     | -13.7    |
| time/              |          |
|    episodes        | 1820     |
|    fps             | 19       |
|    time_elapsed    | 5049     |
|    total_timesteps | 100400   |
| train/             |          |
|    actor_loss      | -0.195   |
|    critic_loss     | 0.2      |
|    ent_coef        | 0.00306  |
|    ent_coef_loss   | -0.843   |
|    learning_rate   | 0.0003   |
|    n_updates       | 90390    |
---------------------------------
---------------------------------
| rollout/           |          |
|    ep_len_mean     | 51.6     |
|    ep_rew_mean     | -17.6    |
| time/              |          |
|    episodes        | 1824     |
|    fps             | 19       |
|    time_elapsed    | 5061     |
|    total_timesteps | 100630   |
| train/             |          |
|    actor_loss      | -0.125   |
|    critic_loss     | 0.194    |
|    ent_coef        | 0.00308  |
|    ent_coef_loss   | -0.0948  |
|    learning_rate   | 0.0003   |
|    n_updates       | 90620    |
---------------------------------
---------------------------------
| rollout/           |          |
|    ep_len_mean     | 52       |
|    ep_rew_mean     | -13.9    |
| time/              |          |
|    episodes        | 1828     |
|    fps             | 19       |
|    time_elapsed    | 5072     |
|    total_timesteps | 100860   |
| train/             |          |
|    actor_loss      | -0.169   |
|    critic_loss     | 0.149    |
|    ent_coef        | 0.00304  |
|    ent_coef_loss   | 0.158    |
|    learning_rate   | 0.0003   |
|    n_updates       | 90850    |
---------------------------------
---------------------------------
| rollout/           |          |
|    ep_len_mean     | 51.6     |
|    ep_rew_mean     | -17.7    |
| time/              |          |
|    episodes        | 1832     |
|    fps             | 19       |
|    time_elapsed    | 5082     |
|    total_timesteps | 101050   |
| train/             |          |
|    actor_loss      | -0.179   |
|    critic_loss     | 0.198    |
|    ent_coef        | 0.00303  |
|    ent_coef_loss   | 0.14     |
|    learning_rate   | 0.0003   |
|    n_updates       | 91040    |
---------------------------------
---------------------------------
| rollout/           |          |
|    ep_len_mean     | 51.1     |
|    ep_rew_mean     | -22.5    |
| time/              |          |
|    episodes        | 1836     |
|    fps             | 19       |
|    time_elapsed    | 5096     |
|    total_timesteps | 101290   |
| train/             |          |
|    actor_loss      | -0.175   |
|    critic_loss     | 0.296    |
|    ent_coef        | 0.00304  |
|    ent_coef_loss   | -0.701   |
|    learning_rate   | 0.0003   |
|    n_updates       | 91280    |
---------------------------------
---------------------------------
| rollout/           |          |
|    ep_len_mean     | 50.9     |
|    ep_rew_mean     | -27      |
| time/              |          |
|    episodes        | 1840     |
|    fps             | 19       |
|    time_elapsed    | 5107     |
|    total_timesteps | 101480   |
| train/             |          |
|    actor_loss      | -0.197   |
|    critic_loss     | 0.145    |
|    ent_coef        | 0.00303  |
|    ent_coef_loss   | -0.608   |
|    learning_rate   | 0.0003   |
|    n_updates       | 91470    |
---------------------------------
---------------------------------
| rollout/           |          |
|    ep_len_mean     | 51.2     |
|    ep_rew_mean     | -23.4    |
| time/              |          |
|    episodes        | 1844     |
|    fps             | 19       |
|    time_elapsed    | 5112     |
|    total_timesteps | 101570   |
| train/             |          |
|    actor_loss      | -0.202   |
|    critic_loss     | 0.0746   |
|    ent_coef        | 0.003    |
|    ent_coef_loss   | -0.745   |
|    learning_rate   | 0.0003   |
|    n_updates       | 91560    |
---------------------------------
---------------------------------
| rollout/           |          |
|    ep_len_mean     | 51.1     |
|    ep_rew_mean     | -23.2    |
| time/              |          |
|    episodes        | 1848     |
|    fps             | 19       |
|    time_elapsed    | 5136     |
|    total_timesteps | 102040   |
| train/             |          |
|    actor_loss      | -0.228   |
|    critic_loss     | 0.185    |
|    ent_coef        | 0.00297  |
|    ent_coef_loss   | -0.407   |
|    learning_rate   | 0.0003   |
|    n_updates       | 92030    |
---------------------------------
---------------------------------
| rollout/           |          |
|    ep_len_mean     | 51.1     |
|    ep_rew_mean     | -23.9    |
| time/              |          |
|    episodes        | 1852     |
|    fps             | 19       |
|    time_elapsed    | 5141     |
|    total_timesteps | 102130   |
| train/             |          |
|    actor_loss      | -0.17    |
|    critic_loss     | 0.246    |
|    ent_coef        | 0.00296  |
|    ent_coef_loss   | -1.25    |
|    learning_rate   | 0.0003   |
|    n_updates       | 92120    |
---------------------------------
---------------------------------
| rollout/           |          |
|    ep_len_mean     | 51.4     |
|    ep_rew_mean     | -20.3    |
| time/              |          |
|    episodes        | 1856     |
|    fps             | 19       |
|    time_elapsed    | 5161     |
|    total_timesteps | 102450   |
| train/             |          |
|    actor_loss      | -0.112   |
|    critic_loss     | 0.348    |
|    ent_coef        | 0.00294  |
|    ent_coef_loss   | 0.259    |
|    learning_rate   | 0.0003   |
|    n_updates       | 92440    |
---------------------------------
---------------------------------
| rollout/           |          |
|    ep_len_mean     | 51.6     |
|    ep_rew_mean     | -20.7    |
| time/              |          |
|    episodes        | 1860     |
|    fps             | 19       |
|    time_elapsed    | 5175     |
|    total_timesteps | 102660   |
| train/             |          |
|    actor_loss      | -0.139   |
|    critic_loss     | 0.218    |
|    ent_coef        | 0.00293  |
|    ent_coef_loss   | -0.714   |
|    learning_rate   | 0.0003   |
|    n_updates       | 92650    |
---------------------------------
---------------------------------
| rollout/           |          |
|    ep_len_mean     | 52.2     |
|    ep_rew_mean     | -11.4    |
| time/              |          |
|    episodes        | 1864     |
|    fps             | 19       |
|    time_elapsed    | 5180     |
|    total_timesteps | 102740   |
| train/             |          |
|    actor_loss      | -0.187   |
|    critic_loss     | 0.115    |
|    ent_coef        | 0.00294  |
|    ent_coef_loss   | -0.116   |
|    learning_rate   | 0.0003   |
|    n_updates       | 92730    |
---------------------------------
---------------------------------
| rollout/           |          |
|    ep_len_mean     | 51.9     |
|    ep_rew_mean     | -19.6    |
| time/              |          |
|    episodes        | 1868     |
|    fps             | 19       |
|    time_elapsed    | 5198     |
|    total_timesteps | 103070   |
| train/             |          |
|    actor_loss      | -0.125   |
|    critic_loss     | 0.17     |
|    ent_coef        | 0.00296  |
|    ent_coef_loss   | 0.494    |
|    learning_rate   | 0.0003   |
|    n_updates       | 93060    |
---------------------------------
---------------------------------
| rollout/           |          |
|    ep_len_mean     | 51.7     |
|    ep_rew_mean     | -25.3    |
| time/              |          |
|    episodes        | 1872     |
|    fps             | 19       |
|    time_elapsed    | 5208     |
|    total_timesteps | 103260   |
| train/             |          |
|    actor_loss      | -0.2     |
|    critic_loss     | 0.13     |
|    ent_coef        | 0.00297  |
|    ent_coef_loss   | 0.167    |
|    learning_rate   | 0.0003   |
|    n_updates       | 93250    |
---------------------------------
---------------------------------
| rollout/           |          |
|    ep_len_mean     | 51.1     |
|    ep_rew_mean     | -33.3    |
| time/              |          |
|    episodes        | 1876     |
|    fps             | 19       |
|    time_elapsed    | 5219     |
|    total_timesteps | 103490   |
| train/             |          |
|    actor_loss      | -0.184   |
|    critic_loss     | 0.195    |
|    ent_coef        | 0.00302  |
|    ent_coef_loss   | -0.168   |
|    learning_rate   | 0.0003   |
|    n_updates       | 93480    |
---------------------------------
---------------------------------
| rollout/           |          |
|    ep_len_mean     | 50.6     |
|    ep_rew_mean     | -37.9    |
| time/              |          |
|    episodes        | 1880     |
|    fps             | 19       |
|    time_elapsed    | 5229     |
|    total_timesteps | 103670   |
| train/             |          |
|    actor_loss      | -0.13    |
|    critic_loss     | 0.171    |
|    ent_coef        | 0.003    |
|    ent_coef_loss   | -0.134   |
|    learning_rate   | 0.0003   |
|    n_updates       | 93660    |
---------------------------------
---------------------------------
| rollout/           |          |
|    ep_len_mean     | 52.1     |
|    ep_rew_mean     | -20.5    |
| time/              |          |
|    episodes        | 1884     |
|    fps             | 19       |
|    time_elapsed    | 5235     |
|    total_timesteps | 103790   |
| train/             |          |
|    actor_loss      | -0.11    |
|    critic_loss     | 0.214    |
|    ent_coef        | 0.00303  |
|    ent_coef_loss   | -0.245   |
|    learning_rate   | 0.0003   |
|    n_updates       | 93780    |
---------------------------------
---------------------------------
| rollout/           |          |
|    ep_len_mean     | 51.9     |
|    ep_rew_mean     | -23.3    |
| time/              |          |
|    episodes        | 1888     |
|    fps             | 19       |
|    time_elapsed    | 5254     |
|    total_timesteps | 104140   |
| train/             |          |
|    actor_loss      | -0.143   |
|    critic_loss     | 0.154    |
|    ent_coef        | 0.00295  |
|    ent_coef_loss   | -0.55    |
|    learning_rate   | 0.0003   |
|    n_updates       | 94130    |
---------------------------------
---------------------------------
| rollout/           |          |
|    ep_len_mean     | 51.9     |
|    ep_rew_mean     | -22.4    |
| time/              |          |
|    episodes        | 1892     |
|    fps             | 19       |
|    time_elapsed    | 5260     |
|    total_timesteps | 104270   |
| train/             |          |
|    actor_loss      | -0.163   |
|    critic_loss     | 0.194    |
|    ent_coef        | 0.00297  |
|    ent_coef_loss   | -0.188   |
|    learning_rate   | 0.0003   |
|    n_updates       | 94260    |
---------------------------------
---------------------------------
| rollout/           |          |
|    ep_len_mean     | 52.2     |
|    ep_rew_mean     | -18.7    |
| time/              |          |
|    episodes        | 1896     |
|    fps             | 19       |
|    time_elapsed    | 5264     |
|    total_timesteps | 104340   |
| train/             |          |
|    actor_loss      | -0.127   |
|    critic_loss     | 0.174    |
|    ent_coef        | 0.00297  |
|    ent_coef_loss   | -0.871   |
|    learning_rate   | 0.0003   |
|    n_updates       | 94330    |
---------------------------------
---------------------------------
| rollout/           |          |
|    ep_len_mean     | 51.6     |
|    ep_rew_mean     | -25.7    |
| time/              |          |
|    episodes        | 1900     |
|    fps             | 19       |
|    time_elapsed    | 5277     |
|    total_timesteps | 104590   |
| train/             |          |
|    actor_loss      | -0.151   |
|    critic_loss     | 0.297    |
|    ent_coef        | 0.00293  |
|    ent_coef_loss   | 1.24     |
|    learning_rate   | 0.0003   |
|    n_updates       | 94580    |
---------------------------------
---------------------------------
| rollout/           |          |
|    ep_len_mean     | 51.2     |
|    ep_rew_mean     | -34      |
| time/              |          |
|    episodes        | 1904     |
|    fps             | 19       |
|    time_elapsed    | 5288     |
|    total_timesteps | 104800   |
| train/             |          |
|    actor_loss      | -0.0994  |
|    critic_loss     | 0.186    |
|    ent_coef        | 0.00299  |
|    ent_coef_loss   | -0.183   |
|    learning_rate   | 0.0003   |
|    n_updates       | 94790    |
---------------------------------
---------------------------------
| rollout/           |          |
|    ep_len_mean     | 51.1     |
|    ep_rew_mean     | -33.6    |
| time/              |          |
|    episodes        | 1908     |
|    fps             | 19       |
|    time_elapsed    | 5291     |
|    total_timesteps | 104860   |
| train/             |          |
|    actor_loss      | -0.164   |
|    critic_loss     | 0.165    |
|    ent_coef        | 0.00299  |
|    ent_coef_loss   | 0.164    |
|    learning_rate   | 0.0003   |
|    n_updates       | 94850    |
---------------------------------
---------------------------------
| rollout/           |          |
|    ep_len_mean     | 50.7     |
|    ep_rew_mean     | -37.2    |
| time/              |          |
|    episodes        | 1912     |
|    fps             | 19       |
|    time_elapsed    | 5305     |
|    total_timesteps | 105120   |
| train/             |          |
|    actor_loss      | -0.0897  |
|    critic_loss     | 0.292    |
|    ent_coef        | 0.00304  |
|    ent_coef_loss   | -0.729   |
|    learning_rate   | 0.0003   |
|    n_updates       | 95110    |
---------------------------------
---------------------------------
| rollout/           |          |
|    ep_len_mean     | 50.4     |
|    ep_rew_mean     | -45.6    |
| time/              |          |
|    episodes        | 1916     |
|    fps             | 19       |
|    time_elapsed    | 5313     |
|    total_timesteps | 105270   |
| train/             |          |
|    actor_loss      | -0.111   |
|    critic_loss     | 0.323    |
|    ent_coef        | 0.00302  |
|    ent_coef_loss   | 0.0658   |
|    learning_rate   | 0.0003   |
|    n_updates       | 95260    |
---------------------------------
---------------------------------
| rollout/           |          |
|    ep_len_mean     | 50.6     |
|    ep_rew_mean     | -41.4    |
| time/              |          |
|    episodes        | 1920     |
|    fps             | 19       |
|    time_elapsed    | 5324     |
|    total_timesteps | 105490   |
| train/             |          |
|    actor_loss      | -0.0761  |
|    critic_loss     | 0.294    |
|    ent_coef        | 0.003    |
|    ent_coef_loss   | 0.223    |
|    learning_rate   | 0.0003   |
|    n_updates       | 95480    |
---------------------------------
---------------------------------
| rollout/           |          |
|    ep_len_mean     | 50.6     |
|    ep_rew_mean     | -41.2    |
| time/              |          |
|    episodes        | 1924     |
|    fps             | 19       |
|    time_elapsed    | 5335     |
|    total_timesteps | 105700   |
| train/             |          |
|    actor_loss      | -0.169   |
|    critic_loss     | 0.346    |
|    ent_coef        | 0.00294  |
|    ent_coef_loss   | -0.876   |
|    learning_rate   | 0.0003   |
|    n_updates       | 95690    |
---------------------------------
---------------------------------
| rollout/           |          |
|    ep_len_mean     | 49.8     |
|    ep_rew_mean     | -49.2    |
| time/              |          |
|    episodes        | 1928     |
|    fps             | 19       |
|    time_elapsed    | 5343     |
|    total_timesteps | 105860   |
| train/             |          |
|    actor_loss      | -0.126   |
|    critic_loss     | 0.229    |
|    ent_coef        | 0.00292  |
|    ent_coef_loss   | 0.595    |
|    learning_rate   | 0.0003   |
|    n_updates       | 95850    |
---------------------------------
---------------------------------
| rollout/           |          |
|    ep_len_mean     | 50.1     |
|    ep_rew_mean     | -49.1    |
| time/              |          |
|    episodes        | 1932     |
|    fps             | 19       |
|    time_elapsed    | 5352     |
|    total_timesteps | 106050   |
| train/             |          |
|    actor_loss      | -0.197   |
|    critic_loss     | 0.156    |
|    ent_coef        | 0.00288  |
|    ent_coef_loss   | -0.291   |
|    learning_rate   | 0.0003   |
|    n_updates       | 96040    |
---------------------------------
---------------------------------
| rollout/           |          |
|    ep_len_mean     | 49.9     |
|    ep_rew_mean     | -57.9    |
| time/              |          |
|    episodes        | 1936     |
|    fps             | 19       |
|    time_elapsed    | 5364     |
|    total_timesteps | 106270   |
| train/             |          |
|    actor_loss      | -0.158   |
|    critic_loss     | 0.301    |
|    ent_coef        | 0.00299  |
|    ent_coef_loss   | 0.352    |
|    learning_rate   | 0.0003   |
|    n_updates       | 96260    |
---------------------------------
---------------------------------
| rollout/           |          |
|    ep_len_mean     | 49.7     |
|    ep_rew_mean     | -57.7    |
| time/              |          |
|    episodes        | 1940     |
|    fps             | 19       |
|    time_elapsed    | 5372     |
|    total_timesteps | 106420   |
| train/             |          |
|    actor_loss      | -0.142   |
|    critic_loss     | 0.118    |
|    ent_coef        | 0.00303  |
|    ent_coef_loss   | 0.0188   |
|    learning_rate   | 0.0003   |
|    n_updates       | 96410    |
---------------------------------
---------------------------------
| rollout/           |          |
|    ep_len_mean     | 49.4     |
|    ep_rew_mean     | -61.7    |
| time/              |          |
|    episodes        | 1944     |
|    fps             | 19       |
|    time_elapsed    | 5384     |
|    total_timesteps | 106660   |
| train/             |          |
|    actor_loss      | -0.135   |
|    critic_loss     | 0.237    |
|    ent_coef        | 0.00299  |
|    ent_coef_loss   | -0.259   |
|    learning_rate   | 0.0003   |
|    n_updates       | 96650    |
---------------------------------
---------------------------------
| rollout/           |          |
|    ep_len_mean     | 48.8     |
|    ep_rew_mean     | -66.4    |
| time/              |          |
|    episodes        | 1948     |
|    fps             | 19       |
|    time_elapsed    | 5394     |
|    total_timesteps | 106860   |
| train/             |          |
|    actor_loss      | -0.166   |
|    critic_loss     | 0.15     |
|    ent_coef        | 0.00295  |
|    ent_coef_loss   | -0.134   |
|    learning_rate   | 0.0003   |
|    n_updates       | 96850    |
---------------------------------
---------------------------------
| rollout/           |          |
|    ep_len_mean     | 48.2     |
|    ep_rew_mean     | -70.6    |
| time/              |          |
|    episodes        | 1952     |
|    fps             | 19       |
|    time_elapsed    | 5398     |
|    total_timesteps | 106930   |
| train/             |          |
|    actor_loss      | -0.0964  |
|    critic_loss     | 0.258    |
|    ent_coef        | 0.00294  |
|    ent_coef_loss   | -0.944   |
|    learning_rate   | 0.0003   |
|    n_updates       | 96920    |
---------------------------------
---------------------------------
| rollout/           |          |
|    ep_len_mean     | 48.3     |
|    ep_rew_mean     | -70.3    |
| time/              |          |
|    episodes        | 1956     |
|    fps             | 19       |
|    time_elapsed    | 5408     |
|    total_timesteps | 107120   |
| train/             |          |
|    actor_loss      | -0.132   |
|    critic_loss     | 0.276    |
|    ent_coef        | 0.0029   |
|    ent_coef_loss   | 0.202    |
|    learning_rate   | 0.0003   |
|    n_updates       | 97110    |
---------------------------------
---------------------------------
| rollout/           |          |
|    ep_len_mean     | 47.5     |
|    ep_rew_mean     | -75      |
| time/              |          |
|    episodes        | 1960     |
|    fps             | 19       |
|    time_elapsed    | 5427     |
|    total_timesteps | 107480   |
| train/             |          |
|    actor_loss      | -0.13    |
|    critic_loss     | 0.189    |
|    ent_coef        | 0.00297  |
|    ent_coef_loss   | 0.732    |
|    learning_rate   | 0.0003   |
|    n_updates       | 97470    |
---------------------------------
---------------------------------
| rollout/           |          |
|    ep_len_mean     | 47.6     |
|    ep_rew_mean     | -75.1    |
| time/              |          |
|    episodes        | 1964     |
|    fps             | 19       |
|    time_elapsed    | 5435     |
|    total_timesteps | 107640   |
| train/             |          |
|    actor_loss      | -0.0924  |
|    critic_loss     | 0.324    |
|    ent_coef        | 0.00299  |
|    ent_coef_loss   | 0.77     |
|    learning_rate   | 0.0003   |
|    n_updates       | 97630    |
---------------------------------
---------------------------------
| rollout/           |          |
|    ep_len_mean     | 47.9     |
|    ep_rew_mean     | -67.3    |
| time/              |          |
|    episodes        | 1968     |
|    fps             | 19       |
|    time_elapsed    | 5441     |
|    total_timesteps | 107770   |
| train/             |          |
|    actor_loss      | -0.113   |
|    critic_loss     | 0.089    |
|    ent_coef        | 0.00301  |
|    ent_coef_loss   | -0.0478  |
|    learning_rate   | 0.0003   |
|    n_updates       | 97760    |
---------------------------------
---------------------------------
| rollout/           |          |
|    ep_len_mean     | 47.1     |
|    ep_rew_mean     | -74.5    |
| time/              |          |
|    episodes        | 1972     |
|    fps             | 19       |
|    time_elapsed    | 5448     |
|    total_timesteps | 107910   |
| train/             |          |
|    actor_loss      | -0.0698  |
|    critic_loss     | 0.187    |
|    ent_coef        | 0.00296  |
|    ent_coef_loss   | -0.346   |
|    learning_rate   | 0.0003   |
|    n_updates       | 97900    |
---------------------------------
---------------------------------
| rollout/           |          |
|    ep_len_mean     | 47.5     |
|    ep_rew_mean     | -69.4    |
| time/              |          |
|    episodes        | 1976     |
|    fps             | 19       |
|    time_elapsed    | 5465     |
|    total_timesteps | 108240   |
| train/             |          |
|    actor_loss      | -0.0995  |
|    critic_loss     | 0.147    |
|    ent_coef        | 0.00292  |
|    ent_coef_loss   | -0.182   |
|    learning_rate   | 0.0003   |
|    n_updates       | 98230    |
---------------------------------
---------------------------------
| rollout/           |          |
|    ep_len_mean     | 48       |
|    ep_rew_mean     | -65.5    |
| time/              |          |
|    episodes        | 1980     |
|    fps             | 19       |
|    time_elapsed    | 5473     |
|    total_timesteps | 108390   |
| train/             |          |
|    actor_loss      | -0.156   |
|    critic_loss     | 0.31     |
|    ent_coef        | 0.00291  |
|    ent_coef_loss   | 0.443    |
|    learning_rate   | 0.0003   |
|    n_updates       | 98380    |
---------------------------------
---------------------------------
| rollout/           |          |
|    ep_len_mean     | 47.6     |
|    ep_rew_mean     | -70.2    |
| time/              |          |
|    episodes        | 1984     |
|    fps             | 19       |
|    time_elapsed    | 5481     |
|    total_timesteps | 108560   |
| train/             |          |
|    actor_loss      | -0.109   |
|    critic_loss     | 0.1      |
|    ent_coef        | 0.00295  |
|    ent_coef_loss   | 1.03     |
|    learning_rate   | 0.0003   |
|    n_updates       | 98550    |
---------------------------------
---------------------------------
| rollout/           |          |
|    ep_len_mean     | 47.3     |
|    ep_rew_mean     | -79.5    |
| time/              |          |
|    episodes        | 1988     |
|    fps             | 19       |
|    time_elapsed    | 5492     |
|    total_timesteps | 108760   |
| train/             |          |
|    actor_loss      | -0.094   |
|    critic_loss     | 0.231    |
|    ent_coef        | 0.003    |
|    ent_coef_loss   | -0.345   |
|    learning_rate   | 0.0003   |
|    n_updates       | 98750    |
---------------------------------
---------------------------------
| rollout/           |          |
|    ep_len_mean     | 47.9     |
|    ep_rew_mean     | -75.3    |
| time/              |          |
|    episodes        | 1992     |
|    fps             | 19       |
|    time_elapsed    | 5510     |
|    total_timesteps | 109110   |
| train/             |          |
|    actor_loss      | -0.0857  |
|    critic_loss     | 0.269    |
|    ent_coef        | 0.003    |
|    ent_coef_loss   | -0.309   |
|    learning_rate   | 0.0003   |
|    n_updates       | 99100    |
---------------------------------
---------------------------------
| rollout/           |          |
|    ep_len_mean     | 48       |
|    ep_rew_mean     | -74.2    |
| time/              |          |
|    episodes        | 1996     |
|    fps             | 19       |
|    time_elapsed    | 5517     |
|    total_timesteps | 109250   |
| train/             |          |
|    actor_loss      | -0.0785  |
|    critic_loss     | 0.18     |
|    ent_coef        | 0.00296  |
|    ent_coef_loss   | -0.244   |
|    learning_rate   | 0.0003   |
|    n_updates       | 99240    |
---------------------------------
---------------------------------
| rollout/           |          |
|    ep_len_mean     | 48.7     |
|    ep_rew_mean     | -66.3    |
| time/              |          |
|    episodes        | 2000     |
|    fps             | 19       |
|    time_elapsed    | 5531     |
|    total_timesteps | 109530   |
| train/             |          |
|    actor_loss      | -0.13    |
|    critic_loss     | 0.268    |
|    ent_coef        | 0.00301  |
|    ent_coef_loss   | 0.6      |
|    learning_rate   | 0.0003   |
|    n_updates       | 99520    |
---------------------------------
---------------------------------
| rollout/           |          |
|    ep_len_mean     | 48.9     |
|    ep_rew_mean     | -62.2    |
| time/              |          |
|    episodes        | 2004     |
|    fps             | 19       |
|    time_elapsed    | 5542     |
|    total_timesteps | 109740   |
| train/             |          |
|    actor_loss      | -0.074   |
|    critic_loss     | 0.187    |
|    ent_coef        | 0.00304  |
|    ent_coef_loss   | -0.0725  |
|    learning_rate   | 0.0003   |
|    n_updates       | 99730    |
---------------------------------
---------------------------------
| rollout/           |          |
|    ep_len_mean     | 49.4     |
|    ep_rew_mean     | -58.5    |
| time/              |          |
|    episodes        | 2008     |
|    fps             | 19       |
|    time_elapsed    | 5549     |
|    total_timesteps | 109880   |
| train/             |          |
|    actor_loss      | -0.0862  |
|    critic_loss     | 0.121    |
|    ent_coef        | 0.00308  |
|    ent_coef_loss   | -0.312   |
|    learning_rate   | 0.0003   |
|    n_updates       | 99870    |
---------------------------------
---------------------------------
| rollout/           |          |
|    ep_len_mean     | 50.2     |
|    ep_rew_mean     | -50.2    |
| time/              |          |
|    episodes        | 2012     |
|    fps             | 19       |
|    time_elapsed    | 5568     |
|    total_timesteps | 110250   |
| train/             |          |
|    actor_loss      | -0.0404  |
|    critic_loss     | 0.164    |
|    ent_coef        | 0.00315  |
|    ent_coef_loss   | 0.356    |
|    learning_rate   | 0.0003   |
|    n_updates       | 100240   |
---------------------------------
---------------------------------
| rollout/           |          |
|    ep_len_mean     | 51.1     |
|    ep_rew_mean     | -37.7    |
| time/              |          |
|    episodes        | 2016     |
|    fps             | 19       |
|    time_elapsed    | 5578     |
|    total_timesteps | 110430   |
| train/             |          |
|    actor_loss      | -0.175   |
|    critic_loss     | 0.135    |
|    ent_coef        | 0.00313  |
|    ent_coef_loss   | 0.459    |
|    learning_rate   | 0.0003   |
|    n_updates       | 100420   |
---------------------------------
---------------------------------
| rollout/           |          |
|    ep_len_mean     | 51       |
|    ep_rew_mean     | -38.1    |
| time/              |          |
|    episodes        | 2020     |
|    fps             | 19       |
|    time_elapsed    | 5583     |
|    total_timesteps | 110530   |
| train/             |          |
|    actor_loss      | -0.061   |
|    critic_loss     | 0.325    |
|    ent_coef        | 0.00315  |
|    ent_coef_loss   | 0.678    |
|    learning_rate   | 0.0003   |
|    n_updates       | 100520   |
---------------------------------
---------------------------------
| rollout/           |          |
|    ep_len_mean     | 50.9     |
|    ep_rew_mean     | -37.9    |
| time/              |          |
|    episodes        | 2024     |
|    fps             | 19       |
|    time_elapsed    | 5593     |
|    total_timesteps | 110730   |
| train/             |          |
|    actor_loss      | -0.131   |
|    critic_loss     | 0.23     |
|    ent_coef        | 0.00314  |
|    ent_coef_loss   | 1.06     |
|    learning_rate   | 0.0003   |
|    n_updates       | 100720   |
---------------------------------
---------------------------------
| rollout/           |          |
|    ep_len_mean     | 51.1     |
|    ep_rew_mean     | -34.3    |
| time/              |          |
|    episodes        | 2028     |
|    fps             | 19       |
|    time_elapsed    | 5608     |
|    total_timesteps | 111020   |
| train/             |          |
|    actor_loss      | -0.191   |
|    critic_loss     | 0.248    |
|    ent_coef        | 0.00317  |
|    ent_coef_loss   | -0.158   |
|    learning_rate   | 0.0003   |
|    n_updates       | 101010   |
---------------------------------
---------------------------------
| rollout/           |          |
|    ep_len_mean     | 51.1     |
|    ep_rew_mean     | -34      |
| time/              |          |
|    episodes        | 2032     |
|    fps             | 19       |
|    time_elapsed    | 5617     |
|    total_timesteps | 111200   |
| train/             |          |
|    actor_loss      | -0.128   |
|    critic_loss     | 0.0742   |
|    ent_coef        | 0.00318  |
|    ent_coef_loss   | -0.346   |
|    learning_rate   | 0.0003   |
|    n_updates       | 101190   |
---------------------------------
---------------------------------
| rollout/           |          |
|    ep_len_mean     | 51.8     |
|    ep_rew_mean     | -20.6    |
| time/              |          |
|    episodes        | 2036     |
|    fps             | 19       |
|    time_elapsed    | 5636     |
|    total_timesteps | 111580   |
| train/             |          |
|    actor_loss      | -0.18    |
|    critic_loss     | 0.191    |
|    ent_coef        | 0.00307  |
|    ent_coef_loss   | -1.02    |
|    learning_rate   | 0.0003   |
|    n_updates       | 101570   |
---------------------------------
---------------------------------
| rollout/           |          |
|    ep_len_mean     | 52.3     |
|    ep_rew_mean     | -16.2    |
| time/              |          |
|    episodes        | 2040     |
|    fps             | 19       |
|    time_elapsed    | 5643     |
|    total_timesteps | 111720   |
| train/             |          |
|    actor_loss      | -0.157   |
|    critic_loss     | 0.0761   |
|    ent_coef        | 0.00306  |
|    ent_coef_loss   | 0.727    |
|    learning_rate   | 0.0003   |
|    n_updates       | 101710   |
---------------------------------
---------------------------------
| rollout/           |          |
|    ep_len_mean     | 53       |
|    ep_rew_mean     | -11.9    |
| time/              |          |
|    episodes        | 2044     |
|    fps             | 19       |
|    time_elapsed    | 5653     |
|    total_timesteps | 111920   |
| train/             |          |
|    actor_loss      | -0.156   |
|    critic_loss     | 0.241    |
|    ent_coef        | 0.00306  |
|    ent_coef_loss   | -0.329   |
|    learning_rate   | 0.0003   |
|    n_updates       | 101910   |
---------------------------------
---------------------------------
| rollout/           |          |
|    ep_len_mean     | 53.2     |
|    ep_rew_mean     | -12.1    |
| time/              |          |
|    episodes        | 2048     |
|    fps             | 19       |
|    time_elapsed    | 5667     |
|    total_timesteps | 112180   |
| train/             |          |
|    actor_loss      | -0.167   |
|    critic_loss     | 0.203    |
|    ent_coef        | 0.00307  |
|    ent_coef_loss   | -0.469   |
|    learning_rate   | 0.0003   |
|    n_updates       | 102170   |
---------------------------------
---------------------------------
| rollout/           |          |
|    ep_len_mean     | 53.1     |
|    ep_rew_mean     | -16.1    |
| time/              |          |
|    episodes        | 2052     |
|    fps             | 19       |
|    time_elapsed    | 5674     |
|    total_timesteps | 112300   |
| train/             |          |
|    actor_loss      | -0.104   |
|    critic_loss     | 0.23     |
|    ent_coef        | 0.00308  |
|    ent_coef_loss   | -0.172   |
|    learning_rate   | 0.0003   |
|    n_updates       | 102290   |
---------------------------------
---------------------------------
| rollout/           |          |
|    ep_len_mean     | 53.3     |
|    ep_rew_mean     | -17.1    |
| time/              |          |
|    episodes        | 2056     |
|    fps             | 19       |
|    time_elapsed    | 5680     |
|    total_timesteps | 112420   |
| train/             |          |
|    actor_loss      | -0.145   |
|    critic_loss     | 0.315    |
|    ent_coef        | 0.00305  |
|    ent_coef_loss   | -0.0601  |
|    learning_rate   | 0.0003   |
|    n_updates       | 102410   |
---------------------------------
---------------------------------
| rollout/           |          |
|    ep_len_mean     | 52.5     |
|    ep_rew_mean     | -25.3    |
| time/              |          |
|    episodes        | 2060     |
|    fps             | 19       |
|    time_elapsed    | 5695     |
|    total_timesteps | 112720   |
| train/             |          |
|    actor_loss      | -0.0621  |
|    critic_loss     | 0.213    |
|    ent_coef        | 0.00307  |
|    ent_coef_loss   | 0.38     |
|    learning_rate   | 0.0003   |
|    n_updates       | 102710   |
---------------------------------
---------------------------------
| rollout/           |          |
|    ep_len_mean     | 52.4     |
|    ep_rew_mean     | -27.1    |
| time/              |          |
|    episodes        | 2064     |
|    fps             | 19       |
|    time_elapsed    | 5704     |
|    total_timesteps | 112890   |
| train/             |          |
|    actor_loss      | -0.155   |
|    critic_loss     | 0.221    |
|    ent_coef        | 0.00308  |
|    ent_coef_loss   | -0.273   |
|    learning_rate   | 0.0003   |
|    n_updates       | 102880   |
---------------------------------
---------------------------------
| rollout/           |          |
|    ep_len_mean     | 52.4     |
|    ep_rew_mean     | -31.5    |
| time/              |          |
|    episodes        | 2068     |
|    fps             | 19       |
|    time_elapsed    | 5715     |
|    total_timesteps | 113100   |
| train/             |          |
|    actor_loss      | -0.159   |
|    critic_loss     | 0.119    |
|    ent_coef        | 0.00305  |
|    ent_coef_loss   | -0.133   |
|    learning_rate   | 0.0003   |
|    n_updates       | 103090   |
---------------------------------
---------------------------------
| rollout/           |          |
|    ep_len_mean     | 52.8     |
|    ep_rew_mean     | -27.5    |
| time/              |          |
|    episodes        | 2072     |
|    fps             | 19       |
|    time_elapsed    | 5718     |
|    total_timesteps | 113170   |
| train/             |          |
|    actor_loss      | -0.117   |
|    critic_loss     | 0.227    |
|    ent_coef        | 0.00305  |
|    ent_coef_loss   | -0.0322  |
|    learning_rate   | 0.0003   |
|    n_updates       | 103160   |
---------------------------------
---------------------------------
| rollout/           |          |
|    ep_len_mean     | 52.4     |
|    ep_rew_mean     | -31.9    |
| time/              |          |
|    episodes        | 2076     |
|    fps             | 19       |
|    time_elapsed    | 5730     |
|    total_timesteps | 113390   |
| train/             |          |
|    actor_loss      | -0.119   |
|    critic_loss     | 0.241    |
|    ent_coef        | 0.00314  |
|    ent_coef_loss   | -0.664   |
|    learning_rate   | 0.0003   |
|    n_updates       | 103380   |
---------------------------------
---------------------------------
| rollout/           |          |
|    ep_len_mean     | 52.4     |
|    ep_rew_mean     | -32.1    |
| time/              |          |
|    episodes        | 2080     |
|    fps             | 19       |
|    time_elapsed    | 5748     |
|    total_timesteps | 113740   |
| train/             |          |
|    actor_loss      | -0.107   |
|    critic_loss     | 0.185    |
|    ent_coef        | 0.00303  |
|    ent_coef_loss   | -0.37    |
|    learning_rate   | 0.0003   |
|    n_updates       | 103730   |
---------------------------------
---------------------------------
| rollout/           |          |
|    ep_len_mean     | 52.6     |
|    ep_rew_mean     | -32.8    |
| time/              |          |
|    episodes        | 2084     |
|    fps             | 19       |
|    time_elapsed    | 5751     |
|    total_timesteps | 113800   |
| train/             |          |
|    actor_loss      | -0.0869  |
|    critic_loss     | 0.233    |
|    ent_coef        | 0.00301  |
|    ent_coef_loss   | -0.132   |
|    learning_rate   | 0.0003   |
|    n_updates       | 103790   |
---------------------------------
---------------------------------
| rollout/           |          |
|    ep_len_mean     | 52.8     |
|    ep_rew_mean     | -28      |
| time/              |          |
|    episodes        | 2088     |
|    fps             | 19       |
|    time_elapsed    | 5764     |
|    total_timesteps | 114060   |
| train/             |          |
|    actor_loss      | -0.0919  |
|    critic_loss     | 0.204    |
|    ent_coef        | 0.00302  |
|    ent_coef_loss   | -0.234   |
|    learning_rate   | 0.0003   |
|    n_updates       | 104050   |
---------------------------------
---------------------------------
| rollout/           |          |
|    ep_len_mean     | 52.4     |
|    ep_rew_mean     | -28.5    |
| time/              |          |
|    episodes        | 2092     |
|    fps             | 19       |
|    time_elapsed    | 5778     |
|    total_timesteps | 114340   |
| train/             |          |
|    actor_loss      | -0.0447  |
|    critic_loss     | 0.299    |
|    ent_coef        | 0.00299  |
|    ent_coef_loss   | 0.544    |
|    learning_rate   | 0.0003   |
|    n_updates       | 104330   |
---------------------------------
---------------------------------
| rollout/           |          |
|    ep_len_mean     | 52.1     |
|    ep_rew_mean     | -33.2    |
| time/              |          |
|    episodes        | 2096     |
|    fps             | 19       |
|    time_elapsed    | 5784     |
|    total_timesteps | 114450   |
| train/             |          |
|    actor_loss      | -0.0711  |
|    critic_loss     | 0.248    |
|    ent_coef        | 0.00299  |
|    ent_coef_loss   | 0.639    |
|    learning_rate   | 0.0003   |
|    n_updates       | 104440   |
---------------------------------
---------------------------------
| rollout/           |          |
|    ep_len_mean     | 52.1     |
|    ep_rew_mean     | -33      |
| time/              |          |
|    episodes        | 2100     |
|    fps             | 19       |
|    time_elapsed    | 5795     |
|    total_timesteps | 114670   |
| train/             |          |
|    actor_loss      | -0.187   |
|    critic_loss     | 0.125    |
|    ent_coef        | 0.00296  |
|    ent_coef_loss   | -0.0801  |
|    learning_rate   | 0.0003   |
|    n_updates       | 104660   |
---------------------------------
---------------------------------
| rollout/           |          |
|    ep_len_mean     | 52.3     |
|    ep_rew_mean     | -33.6    |
| time/              |          |
|    episodes        | 2104     |
|    fps             | 19       |
|    time_elapsed    | 5808     |
|    total_timesteps | 114920   |
| train/             |          |
|    actor_loss      | -0.137   |
|    critic_loss     | 0.185    |
|    ent_coef        | 0.00299  |
|    ent_coef_loss   | 0.261    |
|    learning_rate   | 0.0003   |
|    n_updates       | 104910   |
---------------------------------
---------------------------------
| rollout/           |          |
|    ep_len_mean     | 51.6     |
|    ep_rew_mean     | -42      |
| time/              |          |
|    episodes        | 2108     |
|    fps             | 19       |
|    time_elapsed    | 5821     |
|    total_timesteps | 115190   |
| train/             |          |
|    actor_loss      | -0.158   |
|    critic_loss     | 0.0907   |
|    ent_coef        | 0.00299  |
|    ent_coef_loss   | -0.272   |
|    learning_rate   | 0.0003   |
|    n_updates       | 105180   |
---------------------------------
---------------------------------
| rollout/           |          |
|    ep_len_mean     | 51.7     |
|    ep_rew_mean     | -42      |
| time/              |          |
|    episodes        | 2112     |
|    fps             | 19       |
|    time_elapsed    | 5826     |
|    total_timesteps | 115290   |
| train/             |          |
|    actor_loss      | -0.135   |
|    critic_loss     | 0.187    |
|    ent_coef        | 0.00296  |
|    ent_coef_loss   | 0.0308   |
|    learning_rate   | 0.0003   |
|    n_updates       | 105280   |
---------------------------------
---------------------------------
| rollout/           |          |
|    ep_len_mean     | 51.4     |
|    ep_rew_mean     | -46.6    |
| time/              |          |
|    episodes        | 2116     |
|    fps             | 19       |
|    time_elapsed    | 5839     |
|    total_timesteps | 115530   |
| train/             |          |
|    actor_loss      | -0.144   |
|    critic_loss     | 0.223    |
|    ent_coef        | 0.00295  |
|    ent_coef_loss   | 0.47     |
|    learning_rate   | 0.0003   |
|    n_updates       | 105520   |
---------------------------------
---------------------------------
| rollout/           |          |
|    ep_len_mean     | 51.8     |
|    ep_rew_mean     | -41.9    |
| time/              |          |
|    episodes        | 2120     |
|    fps             | 19       |
|    time_elapsed    | 5855     |
|    total_timesteps | 115860   |
| train/             |          |
|    actor_loss      | -0.0852  |
|    critic_loss     | 0.117    |
|    ent_coef        | 0.00302  |
|    ent_coef_loss   | 0.021    |
|    learning_rate   | 0.0003   |
|    n_updates       | 105850   |
---------------------------------
---------------------------------
| rollout/           |          |
|    ep_len_mean     | 52.7     |
|    ep_rew_mean     | -33.3    |
| time/              |          |
|    episodes        | 2124     |
|    fps             | 19       |
|    time_elapsed    | 5860     |
|    total_timesteps | 115950   |
| train/             |          |
|    actor_loss      | -0.139   |
|    critic_loss     | 0.157    |
|    ent_coef        | 0.00303  |
|    ent_coef_loss   | 0.489    |
|    learning_rate   | 0.0003   |
|    n_updates       | 105940   |
---------------------------------
---------------------------------
| rollout/           |          |
|    ep_len_mean     | 52.5     |
|    ep_rew_mean     | -37.3    |
| time/              |          |
|    episodes        | 2128     |
|    fps             | 19       |
|    time_elapsed    | 5872     |
|    total_timesteps | 116170   |
| train/             |          |
|    actor_loss      | -0.0912  |
|    critic_loss     | 0.161    |
|    ent_coef        | 0.0031   |
|    ent_coef_loss   | 0.565    |
|    learning_rate   | 0.0003   |
|    n_updates       | 106160   |
---------------------------------
---------------------------------
| rollout/           |          |
|    ep_len_mean     | 51.5     |
|    ep_rew_mean     | -45.9    |
| time/              |          |
|    episodes        | 2132     |
|    fps             | 19       |
|    time_elapsed    | 5880     |
|    total_timesteps | 116330   |
| train/             |          |
|    actor_loss      | -0.187   |
|    critic_loss     | 0.27     |
|    ent_coef        | 0.00314  |
|    ent_coef_loss   | 0.189    |
|    learning_rate   | 0.0003   |
|    n_updates       | 106320   |
---------------------------------
---------------------------------
| rollout/           |          |
|    ep_len_mean     | 51.5     |
|    ep_rew_mean     | -46      |
| time/              |          |
|    episodes        | 2136     |
|    fps             | 19       |
|    time_elapsed    | 5891     |
|    total_timesteps | 116560   |
| train/             |          |
|    actor_loss      | -0.103   |
|    critic_loss     | 0.148    |
|    ent_coef        | 0.00319  |
|    ent_coef_loss   | -0.64    |
|    learning_rate   | 0.0003   |
|    n_updates       | 106550   |
---------------------------------
---------------------------------
| rollout/           |          |
|    ep_len_mean     | 51.2     |
|    ep_rew_mean     | -46.2    |
| time/              |          |
|    episodes        | 2140     |
|    fps             | 19       |
|    time_elapsed    | 5904     |
|    total_timesteps | 116800   |
| train/             |          |
|    actor_loss      | -0.102   |
|    critic_loss     | 0.159    |
|    ent_coef        | 0.00319  |
|    ent_coef_loss   | 0.28     |
|    learning_rate   | 0.0003   |
|    n_updates       | 106790   |
---------------------------------
---------------------------------
| rollout/           |          |
|    ep_len_mean     | 50.6     |
|    ep_rew_mean     | -50.4    |
| time/              |          |
|    episodes        | 2144     |
|    fps             | 19       |
|    time_elapsed    | 5913     |
|    total_timesteps | 116980   |
| train/             |          |
|    actor_loss      | -0.122   |
|    critic_loss     | 0.137    |
|    ent_coef        | 0.00325  |
|    ent_coef_loss   | 0.279    |
|    learning_rate   | 0.0003   |
|    n_updates       | 106970   |
---------------------------------
---------------------------------
| rollout/           |          |
|    ep_len_mean     | 50.8     |
|    ep_rew_mean     | -45.3    |
| time/              |          |
|    episodes        | 2148     |
|    fps             | 19       |
|    time_elapsed    | 5921     |
|    total_timesteps | 117130   |
| train/             |          |
|    actor_loss      | -0.11    |
|    critic_loss     | 0.198    |
|    ent_coef        | 0.00327  |
|    ent_coef_loss   | -0.591   |
|    learning_rate   | 0.0003   |
|    n_updates       | 107120   |
---------------------------------
---------------------------------
| rollout/           |          |
|    ep_len_mean     | 50.8     |
|    ep_rew_mean     | -45.1    |
| time/              |          |
|    episodes        | 2152     |
|    fps             | 19       |
|    time_elapsed    | 5932     |
|    total_timesteps | 117340   |
| train/             |          |
|    actor_loss      | -0.101   |
|    critic_loss     | 0.194    |
|    ent_coef        | 0.00326  |
|    ent_coef_loss   | -0.599   |
|    learning_rate   | 0.0003   |
|    n_updates       | 107330   |
---------------------------------
---------------------------------
| rollout/           |          |
|    ep_len_mean     | 50.1     |
|    ep_rew_mean     | -48.7    |
| time/              |          |
|    episodes        | 2156     |
|    fps             | 19       |
|    time_elapsed    | 5939     |
|    total_timesteps | 117480   |
| train/             |          |
|    actor_loss      | -0.0567  |
|    critic_loss     | 0.308    |
|    ent_coef        | 0.00319  |
|    ent_coef_loss   | -0.00444 |
|    learning_rate   | 0.0003   |
|    n_updates       | 107470   |
---------------------------------
---------------------------------
| rollout/           |          |
|    ep_len_mean     | 51.3     |
|    ep_rew_mean     | -39.9    |
| time/              |          |
|    episodes        | 2160     |
|    fps             | 19       |
|    time_elapsed    | 5954     |
|    total_timesteps | 117770   |
| train/             |          |
|    actor_loss      | -0.146   |
|    critic_loss     | 0.245    |
|    ent_coef        | 0.00319  |
|    ent_coef_loss   | -0.745   |
|    learning_rate   | 0.0003   |
|    n_updates       | 107760   |
---------------------------------
---------------------------------
| rollout/           |          |
|    ep_len_mean     | 50.9     |
|    ep_rew_mean     | -43.1    |
| time/              |          |
|    episodes        | 2164     |
|    fps             | 19       |
|    time_elapsed    | 5967     |
|    total_timesteps | 118030   |
| train/             |          |
|    actor_loss      | -0.151   |
|    critic_loss     | 0.141    |
|    ent_coef        | 0.00329  |
|    ent_coef_loss   | 0.0872   |
|    learning_rate   | 0.0003   |
|    n_updates       | 108020   |
---------------------------------
---------------------------------
| rollout/           |          |
|    ep_len_mean     | 51.3     |
|    ep_rew_mean     | -34.1    |
| time/              |          |
|    episodes        | 2168     |
|    fps             | 19       |
|    time_elapsed    | 5979     |
|    total_timesteps | 118280   |
| train/             |          |
|    actor_loss      | -0.113   |
|    critic_loss     | 0.172    |
|    ent_coef        | 0.00327  |
|    ent_coef_loss   | -0.428   |
|    learning_rate   | 0.0003   |
|    n_updates       | 108270   |
---------------------------------
---------------------------------
| rollout/           |          |
|    ep_len_mean     | 51.8     |
|    ep_rew_mean     | -26.3    |
| time/              |          |
|    episodes        | 2172     |
|    fps             | 19       |
|    time_elapsed    | 5987     |
|    total_timesteps | 118420   |
| train/             |          |
|    actor_loss      | -0.15    |
|    critic_loss     | 0.225    |
|    ent_coef        | 0.00322  |
|    ent_coef_loss   | -0.275   |
|    learning_rate   | 0.0003   |
|    n_updates       | 108410   |
---------------------------------
---------------------------------
| rollout/           |          |
|    ep_len_mean     | 51.9     |
|    ep_rew_mean     | -26.6    |
| time/              |          |
|    episodes        | 2176     |
|    fps             | 19       |
|    time_elapsed    | 6001     |
|    total_timesteps | 118660   |
| train/             |          |
|    actor_loss      | -0.115   |
|    critic_loss     | 0.251    |
|    ent_coef        | 0.00316  |
|    ent_coef_loss   | 0.403    |
|    learning_rate   | 0.0003   |
|    n_updates       | 108650   |
---------------------------------
---------------------------------
| rollout/           |          |
|    ep_len_mean     | 52.2     |
|    ep_rew_mean     | -22      |
| time/              |          |
|    episodes        | 2180     |
|    fps             | 19       |
|    time_elapsed    | 6014     |
|    total_timesteps | 118910   |
| train/             |          |
|    actor_loss      | -0.0491  |
|    critic_loss     | 0.162    |
|    ent_coef        | 0.00315  |
|    ent_coef_loss   | 0.00325  |
|    learning_rate   | 0.0003   |
|    n_updates       | 108900   |
---------------------------------
---------------------------------
| rollout/           |          |
|    ep_len_mean     | 52.3     |
|    ep_rew_mean     | -17.1    |
| time/              |          |
|    episodes        | 2184     |
|    fps             | 19       |
|    time_elapsed    | 6024     |
|    total_timesteps | 119100   |
| train/             |          |
|    actor_loss      | -0.122   |
|    critic_loss     | 0.184    |
|    ent_coef        | 0.00318  |
|    ent_coef_loss   | 0.0462   |
|    learning_rate   | 0.0003   |
|    n_updates       | 109090   |
---------------------------------
---------------------------------
| rollout/           |          |
|    ep_len_mean     | 52.3     |
|    ep_rew_mean     | -16.7    |
| time/              |          |
|    episodes        | 2188     |
|    fps             | 19       |
|    time_elapsed    | 6041     |
|    total_timesteps | 119450   |
| train/             |          |
|    actor_loss      | -0.0838  |
|    critic_loss     | 0.23     |
|    ent_coef        | 0.00318  |
|    ent_coef_loss   | 0.152    |
|    learning_rate   | 0.0003   |
|    n_updates       | 109440   |
---------------------------------
---------------------------------
| rollout/           |          |
|    ep_len_mean     | 52.7     |
|    ep_rew_mean     | -12      |
| time/              |          |
|    episodes        | 2192     |
|    fps             | 19       |
|    time_elapsed    | 6046     |
|    total_timesteps | 119540   |
| train/             |          |
|    actor_loss      | -0.139   |
|    critic_loss     | 0.195    |
|    ent_coef        | 0.00319  |
|    ent_coef_loss   | -0.469   |
|    learning_rate   | 0.0003   |
|    n_updates       | 109530   |
---------------------------------
---------------------------------
| rollout/           |          |
|    ep_len_mean     | 53       |
|    ep_rew_mean     | -8.16    |
| time/              |          |
|    episodes        | 2196     |
|    fps             | 19       |
|    time_elapsed    | 6055     |
|    total_timesteps | 119710   |
| train/             |          |
|    actor_loss      | -0.167   |
|    critic_loss     | 0.237    |
|    ent_coef        | 0.00321  |
|    ent_coef_loss   | 0.0047   |
|    learning_rate   | 0.0003   |
|    n_updates       | 109700   |
---------------------------------
---------------------------------
| rollout/           |          |
|    ep_len_mean     | 52.4     |
|    ep_rew_mean     | -16.3    |
| time/              |          |
|    episodes        | 2200     |
|    fps             | 19       |
|    time_elapsed    | 6064     |
|    total_timesteps | 119890   |
| train/             |          |
|    actor_loss      | -0.0774  |
|    critic_loss     | 0.141    |
|    ent_coef        | 0.00321  |
|    ent_coef_loss   | 0.454    |
|    learning_rate   | 0.0003   |
|    n_updates       | 109880   |
---------------------------------
---------------------------------
| rollout/           |          |
|    ep_len_mean     | 52.8     |
|    ep_rew_mean     | -7.68    |
| time/              |          |
|    episodes        | 2204     |
|    fps             | 19       |
|    time_elapsed    | 6079     |
|    total_timesteps | 120190   |
| train/             |          |
|    actor_loss      | -0.104   |
|    critic_loss     | 0.337    |
|    ent_coef        | 0.00316  |
|    ent_coef_loss   | -0.139   |
|    learning_rate   | 0.0003   |
|    n_updates       | 110180   |
---------------------------------
---------------------------------
| rollout/           |          |
|    ep_len_mean     | 53.1     |
|    ep_rew_mean     | -2.76    |
| time/              |          |
|    episodes        | 2208     |
|    fps             | 19       |
|    time_elapsed    | 6086     |
|    total_timesteps | 120330   |
| train/             |          |
|    actor_loss      | -0.0946  |
|    critic_loss     | 0.275    |
|    ent_coef        | 0.0032   |
|    ent_coef_loss   | 0.246    |
|    learning_rate   | 0.0003   |
|    n_updates       | 110320   |
---------------------------------
---------------------------------
| rollout/           |          |
|    ep_len_mean     | 52       |
|    ep_rew_mean     | -15.1    |
| time/              |          |
|    episodes        | 2212     |
|    fps             | 19       |
|    time_elapsed    | 6097     |
|    total_timesteps | 120550   |
| train/             |          |
|    actor_loss      | -0.165   |
|    critic_loss     | 0.235    |
|    ent_coef        | 0.00319  |
|    ent_coef_loss   | 0.224    |
|    learning_rate   | 0.0003   |
|    n_updates       | 110540   |
---------------------------------
---------------------------------
| rollout/           |          |
|    ep_len_mean     | 52.2     |
|    ep_rew_mean     | -15.5    |
| time/              |          |
|    episodes        | 2216     |
|    fps             | 19       |
|    time_elapsed    | 6106     |
|    total_timesteps | 120720   |
| train/             |          |
|    actor_loss      | -0.172   |
|    critic_loss     | 0.196    |
|    ent_coef        | 0.0032   |
|    ent_coef_loss   | -0.712   |
|    learning_rate   | 0.0003   |
|    n_updates       | 110710   |
---------------------------------
---------------------------------
| rollout/           |          |
|    ep_len_mean     | 51.1     |
|    ep_rew_mean     | -28      |
| time/              |          |
|    episodes        | 2220     |
|    fps             | 19       |
|    time_elapsed    | 6115     |
|    total_timesteps | 120890   |
| train/             |          |
|    actor_loss      | -0.0314  |
|    critic_loss     | 0.0937   |
|    ent_coef        | 0.00318  |
|    ent_coef_loss   | -0.393   |
|    learning_rate   | 0.0003   |
|    n_updates       | 110880   |
---------------------------------
---------------------------------
| rollout/           |          |
|    ep_len_mean     | 50.6     |
|    ep_rew_mean     | -32.4    |
| time/              |          |
|    episodes        | 2224     |
|    fps             | 19       |
|    time_elapsed    | 6122     |
|    total_timesteps | 121020   |
| train/             |          |
|    actor_loss      | -0.12    |
|    critic_loss     | 0.347    |
|    ent_coef        | 0.00316  |
|    ent_coef_loss   | 0.332    |
|    learning_rate   | 0.0003   |
|    n_updates       | 111010   |
---------------------------------
---------------------------------
| rollout/           |          |
|    ep_len_mean     | 50.2     |
|    ep_rew_mean     | -36.2    |
| time/              |          |
|    episodes        | 2228     |
|    fps             | 19       |
|    time_elapsed    | 6132     |
|    total_timesteps | 121180   |
| train/             |          |
|    actor_loss      | -0.0982  |
|    critic_loss     | 0.181    |
|    ent_coef        | 0.00316  |
|    ent_coef_loss   | -0.278   |
|    learning_rate   | 0.0003   |
|    n_updates       | 111170   |
---------------------------------
---------------------------------
| rollout/           |          |
|    ep_len_mean     | 51.1     |
|    ep_rew_mean     | -27.7    |
| time/              |          |
|    episodes        | 2232     |
|    fps             | 19       |
|    time_elapsed    | 6153     |
|    total_timesteps | 121570   |
| train/             |          |
|    actor_loss      | -0.101   |
|    critic_loss     | 0.126    |
|    ent_coef        | 0.00315  |
|    ent_coef_loss   | 0.471    |
|    learning_rate   | 0.0003   |
|    n_updates       | 111560   |
---------------------------------
---------------------------------
| rollout/           |          |
|    ep_len_mean     | 50.7     |
|    ep_rew_mean     | -31.5    |
| time/              |          |
|    episodes        | 2236     |
|    fps             | 19       |
|    time_elapsed    | 6157     |
|    total_timesteps | 121650   |
| train/             |          |
|    actor_loss      | -0.127   |
|    critic_loss     | 0.135    |
|    ent_coef        | 0.00316  |
|    ent_coef_loss   | -0.469   |
|    learning_rate   | 0.0003   |
|    n_updates       | 111640   |
---------------------------------
---------------------------------
| rollout/           |          |
|    ep_len_mean     | 50.8     |
|    ep_rew_mean     | -31.7    |
| time/              |          |
|    episodes        | 2240     |
|    fps             | 19       |
|    time_elapsed    | 6167     |
|    total_timesteps | 121840   |
| train/             |          |
|    actor_loss      | -0.126   |
|    critic_loss     | 0.185    |
|    ent_coef        | 0.00313  |
|    ent_coef_loss   | -0.23    |
|    learning_rate   | 0.0003   |
|    n_updates       | 111830   |
---------------------------------
---------------------------------
| rollout/           |          |
|    ep_len_mean     | 50.5     |
|    ep_rew_mean     | -35.7    |
| time/              |          |
|    episodes        | 2244     |
|    fps             | 19       |
|    time_elapsed    | 6172     |
|    total_timesteps | 121930   |
| train/             |          |
|    actor_loss      | -0.132   |
|    critic_loss     | 0.0754   |
|    ent_coef        | 0.00309  |
|    ent_coef_loss   | -0.0649  |
|    learning_rate   | 0.0003   |
|    n_updates       | 111920   |
---------------------------------
---------------------------------
| rollout/           |          |
|    ep_len_mean     | 49.8     |
|    ep_rew_mean     | -44.1    |
| time/              |          |
|    episodes        | 2248     |
|    fps             | 19       |
|    time_elapsed    | 6185     |
|    total_timesteps | 122190   |
| train/             |          |
|    actor_loss      | -0.0561  |
|    critic_loss     | 0.23     |
|    ent_coef        | 0.00321  |
|    ent_coef_loss   | 0.914    |
|    learning_rate   | 0.0003   |
|    n_updates       | 112180   |
---------------------------------
---------------------------------
| rollout/           |          |
|    ep_len_mean     | 50.1     |
|    ep_rew_mean     | -39.5    |
| time/              |          |
|    episodes        | 2252     |
|    fps             | 19       |
|    time_elapsed    | 6193     |
|    total_timesteps | 122350   |
| train/             |          |
|    actor_loss      | -0.134   |
|    critic_loss     | 0.173    |
|    ent_coef        | 0.00324  |
|    ent_coef_loss   | 0.145    |
|    learning_rate   | 0.0003   |
|    n_updates       | 112340   |
---------------------------------
---------------------------------
| rollout/           |          |
|    ep_len_mean     | 50.4     |
|    ep_rew_mean     | -39.2    |
| time/              |          |
|    episodes        | 2256     |
|    fps             | 19       |
|    time_elapsed    | 6202     |
|    total_timesteps | 122510   |
| train/             |          |
|    actor_loss      | -0.0911  |
|    critic_loss     | 0.398    |
|    ent_coef        | 0.00328  |
|    ent_coef_loss   | 0.331    |
|    learning_rate   | 0.0003   |
|    n_updates       | 112500   |
---------------------------------
---------------------------------
| rollout/           |          |
|    ep_len_mean     | 50       |
|    ep_rew_mean     | -43.4    |
| time/              |          |
|    episodes        | 2260     |
|    fps             | 19       |
|    time_elapsed    | 6215     |
|    total_timesteps | 122780   |
| train/             |          |
|    actor_loss      | -0.0848  |
|    critic_loss     | 0.163    |
|    ent_coef        | 0.00328  |
|    ent_coef_loss   | -0.817   |
|    learning_rate   | 0.0003   |
|    n_updates       | 112770   |
---------------------------------
---------------------------------
| rollout/           |          |
|    ep_len_mean     | 49.8     |
|    ep_rew_mean     | -44.5    |
| time/              |          |
|    episodes        | 2264     |
|    fps             | 19       |
|    time_elapsed    | 6222     |
|    total_timesteps | 122900   |
| train/             |          |
|    actor_loss      | -0.0919  |
|    critic_loss     | 0.172    |
|    ent_coef        | 0.00318  |
|    ent_coef_loss   | 0.21     |
|    learning_rate   | 0.0003   |
|    n_updates       | 112890   |
---------------------------------
---------------------------------
| rollout/           |          |
|    ep_len_mean     | 49.2     |
|    ep_rew_mean     | -52.9    |
| time/              |          |
|    episodes        | 2268     |
|    fps             | 19       |
|    time_elapsed    | 6236     |
|    total_timesteps | 123180   |
| train/             |          |
|    actor_loss      | -0.0708  |
|    critic_loss     | 0.311    |
|    ent_coef        | 0.00307  |
|    ent_coef_loss   | 0.329    |
|    learning_rate   | 0.0003   |
|    n_updates       | 113170   |
---------------------------------
---------------------------------
| rollout/           |          |
|    ep_len_mean     | 48.7     |
|    ep_rew_mean     | -61.7    |
| time/              |          |
|    episodes        | 2272     |
|    fps             | 19       |
|    time_elapsed    | 6249     |
|    total_timesteps | 123420   |
| train/             |          |
|    actor_loss      | -0.0791  |
|    critic_loss     | 0.17     |
|    ent_coef        | 0.00315  |
|    ent_coef_loss   | 0.812    |
|    learning_rate   | 0.0003   |
|    n_updates       | 113410   |
---------------------------------
---------------------------------
| rollout/           |          |
|    ep_len_mean     | 49.2     |
|    ep_rew_mean     | -57.1    |
| time/              |          |
|    episodes        | 2276     |
|    fps             | 19       |
|    time_elapsed    | 6251     |
|    total_timesteps | 123470   |
| train/             |          |
|    actor_loss      | -0.0489  |
|    critic_loss     | 0.0985   |
|    ent_coef        | 0.00318  |
|    ent_coef_loss   | 1.12     |
|    learning_rate   | 0.0003   |
|    n_updates       | 113460   |
---------------------------------
---------------------------------
| rollout/           |          |
|    ep_len_mean     | 48.3     |
|    ep_rew_mean     | -69.4    |
| time/              |          |
|    episodes        | 2280     |
|    fps             | 19       |
|    time_elapsed    | 6262     |
|    total_timesteps | 123670   |
| train/             |          |
|    actor_loss      | -0.0942  |
|    critic_loss     | 0.276    |
|    ent_coef        | 0.00327  |
|    ent_coef_loss   | -0.524   |
|    learning_rate   | 0.0003   |
|    n_updates       | 113660   |
---------------------------------
---------------------------------
| rollout/           |          |
|    ep_len_mean     | 47.8     |
|    ep_rew_mean     | -73.7    |
| time/              |          |
|    episodes        | 2284     |
|    fps             | 19       |
|    time_elapsed    | 6282     |
|    total_timesteps | 124040   |
| train/             |          |
|    actor_loss      | -0.1     |
|    critic_loss     | 0.169    |
|    ent_coef        | 0.00331  |
|    ent_coef_loss   | -0.579   |
|    learning_rate   | 0.0003   |
|    n_updates       | 114030   |
---------------------------------
---------------------------------
| rollout/           |          |
|    ep_len_mean     | 48.2     |
|    ep_rew_mean     | -69.4    |
| time/              |          |
|    episodes        | 2288     |
|    fps             | 19       |
|    time_elapsed    | 6285     |
|    total_timesteps | 124100   |
| train/             |          |
|    actor_loss      | -0.109   |
|    critic_loss     | 0.272    |
|    ent_coef        | 0.00329  |
|    ent_coef_loss   | -0.545   |
|    learning_rate   | 0.0003   |
|    n_updates       | 114090   |
---------------------------------
---------------------------------
| rollout/           |          |
|    ep_len_mean     | 48.1     |
|    ep_rew_mean     | -70.1    |
| time/              |          |
|    episodes        | 2292     |
|    fps             | 19       |
|    time_elapsed    | 6295     |
|    total_timesteps | 124300   |
| train/             |          |
|    actor_loss      | -0.0814  |
|    critic_loss     | 0.377    |
|    ent_coef        | 0.00328  |
|    ent_coef_loss   | 0.134    |
|    learning_rate   | 0.0003   |
|    n_updates       | 114290   |
---------------------------------
---------------------------------
| rollout/           |          |
|    ep_len_mean     | 47.5     |
|    ep_rew_mean     | -79      |
| time/              |          |
|    episodes        | 2296     |
|    fps             | 19       |
|    time_elapsed    | 6307     |
|    total_timesteps | 124530   |
| train/             |          |
|    actor_loss      | -0.103   |
|    critic_loss     | 0.142    |
|    ent_coef        | 0.00332  |
|    ent_coef_loss   | 0.24     |
|    learning_rate   | 0.0003   |
|    n_updates       | 114520   |
---------------------------------
---------------------------------
| rollout/           |          |
|    ep_len_mean     | 48.1     |
|    ep_rew_mean     | -70.7    |
| time/              |          |
|    episodes        | 2300     |
|    fps             | 19       |
|    time_elapsed    | 6316     |
|    total_timesteps | 124720   |
| train/             |          |
|    actor_loss      | -0.00305 |
|    critic_loss     | 0.333    |
|    ent_coef        | 0.00332  |
|    ent_coef_loss   | 0.511    |
|    learning_rate   | 0.0003   |
|    n_updates       | 114710   |
---------------------------------
---------------------------------
| rollout/           |          |
|    ep_len_mean     | 47.4     |
|    ep_rew_mean     | -83.4    |
| time/              |          |
|    episodes        | 2304     |
|    fps             | 19       |
|    time_elapsed    | 6322     |
|    total_timesteps | 124830   |
| train/             |          |
|    actor_loss      | -0.104   |
|    critic_loss     | 0.16     |
|    ent_coef        | 0.00337  |
|    ent_coef_loss   | 0.518    |
|    learning_rate   | 0.0003   |
|    n_updates       | 114820   |
---------------------------------
---------------------------------
| rollout/           |          |
|    ep_len_mean     | 46.8     |
|    ep_rew_mean     | -92.2    |
| time/              |          |
|    episodes        | 2308     |
|    fps             | 19       |
|    time_elapsed    | 6334     |
|    total_timesteps | 125070   |
| train/             |          |
|    actor_loss      | -0.145   |
|    critic_loss     | 0.172    |
|    ent_coef        | 0.00334  |
|    ent_coef_loss   | 0.0782   |
|    learning_rate   | 0.0003   |
|    n_updates       | 115060   |
---------------------------------
---------------------------------
| rollout/           |          |
|    ep_len_mean     | 47       |
|    ep_rew_mean     | -88.8    |
| time/              |          |
|    episodes        | 2312     |
|    fps             | 19       |
|    time_elapsed    | 6346     |
|    total_timesteps | 125310   |
| train/             |          |
|    actor_loss      | -0.112   |
|    critic_loss     | 0.343    |
|    ent_coef        | 0.00338  |
|    ent_coef_loss   | -0.329   |
|    learning_rate   | 0.0003   |
|    n_updates       | 115300   |
---------------------------------
---------------------------------
| rollout/           |          |
|    ep_len_mean     | 46.7     |
|    ep_rew_mean     | -88.1    |
| time/              |          |
|    episodes        | 2316     |
|    fps             | 19       |
|    time_elapsed    | 6354     |
|    total_timesteps | 125460   |
| train/             |          |
|    actor_loss      | -0.038   |
|    critic_loss     | 0.15     |
|    ent_coef        | 0.00342  |
|    ent_coef_loss   | -0.774   |
|    learning_rate   | 0.0003   |
|    n_updates       | 115450   |
---------------------------------
---------------------------------
| rollout/           |          |
|    ep_len_mean     | 47.7     |
|    ep_rew_mean     | -80      |
| time/              |          |
|    episodes        | 2320     |
|    fps             | 19       |
|    time_elapsed    | 6365     |
|    total_timesteps | 125680   |
| train/             |          |
|    actor_loss      | -0.0944  |
|    critic_loss     | 0.169    |
|    ent_coef        | 0.00338  |
|    ent_coef_loss   | -0.449   |
|    learning_rate   | 0.0003   |
|    n_updates       | 115670   |
---------------------------------
---------------------------------
| rollout/           |          |
|    ep_len_mean     | 47.7     |
|    ep_rew_mean     | -80.4    |
| time/              |          |
|    episodes        | 2324     |
|    fps             | 19       |
|    time_elapsed    | 6374     |
|    total_timesteps | 125860   |
| train/             |          |
|    actor_loss      | -0.0901  |
|    critic_loss     | 0.316    |
|    ent_coef        | 0.00338  |
|    ent_coef_loss   | 0.398    |
|    learning_rate   | 0.0003   |
|    n_updates       | 115850   |
---------------------------------
---------------------------------
| rollout/           |          |
|    ep_len_mean     | 48.1     |
|    ep_rew_mean     | -76.1    |
| time/              |          |
|    episodes        | 2328     |
|    fps             | 19       |
|    time_elapsed    | 6383     |
|    total_timesteps | 126030   |
| train/             |          |
|    actor_loss      | -0.0702  |
|    critic_loss     | 0.245    |
|    ent_coef        | 0.00334  |
|    ent_coef_loss   | -0.386   |
|    learning_rate   | 0.0003   |
|    n_updates       | 116020   |
---------------------------------
---------------------------------
| rollout/           |          |
|    ep_len_mean     | 47.8     |
|    ep_rew_mean     | -79.9    |
| time/              |          |
|    episodes        | 2332     |
|    fps             | 19       |
|    time_elapsed    | 6389     |
|    total_timesteps | 126140   |
| train/             |          |
|    actor_loss      | -0.121   |
|    critic_loss     | 0.154    |
|    ent_coef        | 0.00334  |
|    ent_coef_loss   | -0.379   |
|    learning_rate   | 0.0003   |
|    n_updates       | 116130   |
---------------------------------
---------------------------------
| rollout/           |          |
|    ep_len_mean     | 46.8     |
|    ep_rew_mean     | -93.2    |
| time/              |          |
|    episodes        | 2336     |
|    fps             | 19       |
|    time_elapsed    | 6399     |
|    total_timesteps | 126340   |
| train/             |          |
|    actor_loss      | -0.0896  |
|    critic_loss     | 0.193    |
|    ent_coef        | 0.00339  |
|    ent_coef_loss   | -0.267   |
|    learning_rate   | 0.0003   |
|    n_updates       | 116330   |
---------------------------------
---------------------------------
| rollout/           |          |
|    ep_len_mean     | 47.3     |
|    ep_rew_mean     | -88.3    |
| time/              |          |
|    episodes        | 2340     |
|    fps             | 19       |
|    time_elapsed    | 6413     |
|    total_timesteps | 126630   |
| train/             |          |
|    actor_loss      | -0.0875  |
|    critic_loss     | 0.199    |
|    ent_coef        | 0.00341  |
|    ent_coef_loss   | -0.128   |
|    learning_rate   | 0.0003   |
|    n_updates       | 116620   |
---------------------------------
---------------------------------
| rollout/           |          |
|    ep_len_mean     | 48       |
|    ep_rew_mean     | -80      |
| time/              |          |
|    episodes        | 2344     |
|    fps             | 19       |
|    time_elapsed    | 6424     |
|    total_timesteps | 126830   |
| train/             |          |
|    actor_loss      | -0.0683  |
|    critic_loss     | 0.337    |
|    ent_coef        | 0.0034   |
|    ent_coef_loss   | -0.719   |
|    learning_rate   | 0.0003   |
|    n_updates       | 116820   |
---------------------------------
---------------------------------
| rollout/           |          |
|    ep_len_mean     | 48.8     |
|    ep_rew_mean     | -71.8    |
| time/              |          |
|    episodes        | 2348     |
|    fps             | 19       |
|    time_elapsed    | 6436     |
|    total_timesteps | 127060   |
| train/             |          |
|    actor_loss      | -0.131   |
|    critic_loss     | 0.193    |
|    ent_coef        | 0.00348  |
|    ent_coef_loss   | -0.355   |
|    learning_rate   | 0.0003   |
|    n_updates       | 117050   |
---------------------------------
---------------------------------
| rollout/           |          |
|    ep_len_mean     | 48.2     |
|    ep_rew_mean     | -80.4    |
| time/              |          |
|    episodes        | 2352     |
|    fps             | 19       |
|    time_elapsed    | 6446     |
|    total_timesteps | 127270   |
| train/             |          |
|    actor_loss      | -0.0996  |
|    critic_loss     | 0.13     |
|    ent_coef        | 0.00345  |
|    ent_coef_loss   | 0.285    |
|    learning_rate   | 0.0003   |
|    n_updates       | 117260   |
---------------------------------
---------------------------------
| rollout/           |          |
|    ep_len_mean     | 48.5     |
|    ep_rew_mean     | -76.9    |
| time/              |          |
|    episodes        | 2356     |
|    fps             | 19       |
|    time_elapsed    | 6450     |
|    total_timesteps | 127340   |
| train/             |          |
|    actor_loss      | -0.0889  |
|    critic_loss     | 0.136    |
|    ent_coef        | 0.00344  |
|    ent_coef_loss   | -0.611   |
|    learning_rate   | 0.0003   |
|    n_updates       | 117330   |
---------------------------------
---------------------------------
| rollout/           |          |
|    ep_len_mean     | 48.5     |
|    ep_rew_mean     | -72.8    |
| time/              |          |
|    episodes        | 2360     |
|    fps             | 19       |
|    time_elapsed    | 6458     |
|    total_timesteps | 127510   |
| train/             |          |
|    actor_loss      | -0.0757  |
|    critic_loss     | 0.319    |
|    ent_coef        | 0.0034   |
|    ent_coef_loss   | -0.0307  |
|    learning_rate   | 0.0003   |
|    n_updates       | 117500   |
---------------------------------
---------------------------------
| rollout/           |          |
|    ep_len_mean     | 48.6     |
|    ep_rew_mean     | -71.5    |
| time/              |          |
|    episodes        | 2364     |
|    fps             | 19       |
|    time_elapsed    | 6476     |
|    total_timesteps | 127860   |
| train/             |          |
|    actor_loss      | -0.0736  |
|    critic_loss     | 0.219    |
|    ent_coef        | 0.00341  |
|    ent_coef_loss   | -0.0917  |
|    learning_rate   | 0.0003   |
|    n_updates       | 117850   |
---------------------------------
---------------------------------
| rollout/           |          |
|    ep_len_mean     | 49.3     |
|    ep_rew_mean     | -64      |
| time/              |          |
|    episodes        | 2368     |
|    fps             | 19       |
|    time_elapsed    | 6485     |
|    total_timesteps | 128040   |
| train/             |          |
|    actor_loss      | -0.0573  |
|    critic_loss     | 0.0843   |
|    ent_coef        | 0.00342  |
|    ent_coef_loss   | -0.11    |
|    learning_rate   | 0.0003   |
|    n_updates       | 118030   |
---------------------------------
---------------------------------
| rollout/           |          |
|    ep_len_mean     | 49.2     |
|    ep_rew_mean     | -63.6    |
| time/              |          |
|    episodes        | 2372     |
|    fps             | 19       |
|    time_elapsed    | 6492     |
|    total_timesteps | 128170   |
| train/             |          |
|    actor_loss      | -0.132   |
|    critic_loss     | 0.163    |
|    ent_coef        | 0.00342  |
|    ent_coef_loss   | -0.369   |
|    learning_rate   | 0.0003   |
|    n_updates       | 118160   |
---------------------------------
---------------------------------
| rollout/           |          |
|    ep_len_mean     | 48.8     |
|    ep_rew_mean     | -67.8    |
| time/              |          |
|    episodes        | 2376     |
|    fps             | 19       |
|    time_elapsed    | 6502     |
|    total_timesteps | 128360   |
| train/             |          |
|    actor_loss      | -0.0459  |
|    critic_loss     | 0.297    |
|    ent_coef        | 0.00334  |
|    ent_coef_loss   | -0.582   |
|    learning_rate   | 0.0003   |
|    n_updates       | 118350   |
---------------------------------
---------------------------------
| rollout/           |          |
|    ep_len_mean     | 49.3     |
|    ep_rew_mean     | -59.2    |
| time/              |          |
|    episodes        | 2380     |
|    fps             | 19       |
|    time_elapsed    | 6518     |
|    total_timesteps | 128660   |
| train/             |          |
|    actor_loss      | -0.0625  |
|    critic_loss     | 0.0832   |
|    ent_coef        | 0.00322  |
|    ent_coef_loss   | 0.362    |
|    learning_rate   | 0.0003   |
|    n_updates       | 118650   |
---------------------------------
---------------------------------
| rollout/           |          |
|    ep_len_mean     | 49.2     |
|    ep_rew_mean     | -59.3    |
| time/              |          |
|    episodes        | 2384     |
|    fps             | 19       |
|    time_elapsed    | 6526     |
|    total_timesteps | 128820   |
| train/             |          |
|    actor_loss      | -0.0351  |
|    critic_loss     | 0.179    |
|    ent_coef        | 0.00324  |
|    ent_coef_loss   | -0.218   |
|    learning_rate   | 0.0003   |
|    n_updates       | 118810   |
---------------------------------
---------------------------------
| rollout/           |          |
|    ep_len_mean     | 49.3     |
|    ep_rew_mean     | -59.6    |
| time/              |          |
|    episodes        | 2388     |
|    fps             | 19       |
|    time_elapsed    | 6537     |
|    total_timesteps | 129020   |
| train/             |          |
|    actor_loss      | -0.0368  |
|    critic_loss     | 0.234    |
|    ent_coef        | 0.00323  |
|    ent_coef_loss   | -0.473   |
|    learning_rate   | 0.0003   |
|    n_updates       | 119010   |
---------------------------------
---------------------------------
| rollout/           |          |
|    ep_len_mean     | 49.3     |
|    ep_rew_mean     | -58.5    |
| time/              |          |
|    episodes        | 2392     |
|    fps             | 19       |
|    time_elapsed    | 6550     |
|    total_timesteps | 129280   |
| train/             |          |
|    actor_loss      | -0.0253  |
|    critic_loss     | 0.269    |
|    ent_coef        | 0.00332  |
|    ent_coef_loss   | -0.338   |
|    learning_rate   | 0.0003   |
|    n_updates       | 119270   |
---------------------------------
---------------------------------
| rollout/           |          |
|    ep_len_mean     | 49.9     |
|    ep_rew_mean     | -49.7    |
| time/              |          |
|    episodes        | 2396     |
|    fps             | 19       |
|    time_elapsed    | 6560     |
|    total_timesteps | 129470   |
| train/             |          |
|    actor_loss      | -0.0727  |
|    critic_loss     | 0.267    |
|    ent_coef        | 0.00336  |
|    ent_coef_loss   | -0.344   |
|    learning_rate   | 0.0003   |
|    n_updates       | 119460   |
---------------------------------
---------------------------------
| rollout/           |          |
|    ep_len_mean     | 49.4     |
|    ep_rew_mean     | -54.5    |
| time/              |          |
|    episodes        | 2400     |
|    fps             | 19       |
|    time_elapsed    | 6571     |
|    total_timesteps | 129680   |
| train/             |          |
|    actor_loss      | -0.123   |
|    critic_loss     | 0.169    |
|    ent_coef        | 0.00331  |
|    ent_coef_loss   | -0.236   |
|    learning_rate   | 0.0003   |
|    n_updates       | 119670   |
---------------------------------
---------------------------------
| rollout/           |          |
|    ep_len_mean     | 49.9     |
|    ep_rew_mean     | -50      |
| time/              |          |
|    episodes        | 2404     |
|    fps             | 19       |
|    time_elapsed    | 6580     |
|    total_timesteps | 129870   |
| train/             |          |
|    actor_loss      | -0.0575  |
|    critic_loss     | 0.138    |
|    ent_coef        | 0.00333  |
|    ent_coef_loss   | 0.619    |
|    learning_rate   | 0.0003   |
|    n_updates       | 119860   |
---------------------------------
---------------------------------
| rollout/           |          |
|    ep_len_mean     | 50.1     |
|    ep_rew_mean     | -46.3    |
| time/              |          |
|    episodes        | 2408     |
|    fps             | 19       |
|    time_elapsed    | 6596     |
|    total_timesteps | 130170   |
| train/             |          |
|    actor_loss      | -0.104   |
|    critic_loss     | 0.33     |
|    ent_coef        | 0.00329  |
|    ent_coef_loss   | 0.544    |
|    learning_rate   | 0.0003   |
|    n_updates       | 120160   |
---------------------------------
---------------------------------
| rollout/           |          |
|    ep_len_mean     | 50.8     |
|    ep_rew_mean     | -38.2    |
| time/              |          |
|    episodes        | 2412     |
|    fps             | 19       |
|    time_elapsed    | 6601     |
|    total_timesteps | 130270   |
| train/             |          |
|    actor_loss      | -0.0774  |
|    critic_loss     | 0.19     |
|    ent_coef        | 0.00329  |
|    ent_coef_loss   | 0.161    |
|    learning_rate   | 0.0003   |
|    n_updates       | 120260   |
---------------------------------
---------------------------------
| rollout/           |          |
|    ep_len_mean     | 50.5     |
|    ep_rew_mean     | -42.4    |
| time/              |          |
|    episodes        | 2416     |
|    fps             | 19       |
|    time_elapsed    | 6607     |
|    total_timesteps | 130380   |
| train/             |          |
|    actor_loss      | -0.0369  |
|    critic_loss     | 0.157    |
|    ent_coef        | 0.00332  |
|    ent_coef_loss   | 0.112    |
|    learning_rate   | 0.0003   |
|    n_updates       | 120370   |
---------------------------------
---------------------------------
| rollout/           |          |
|    ep_len_mean     | 49.7     |
|    ep_rew_mean     | -50.8    |
| time/              |          |
|    episodes        | 2420     |
|    fps             | 19       |
|    time_elapsed    | 6618     |
|    total_timesteps | 130600   |
| train/             |          |
|    actor_loss      | -0.0718  |
|    critic_loss     | 0.145    |
|    ent_coef        | 0.00329  |
|    ent_coef_loss   | 0.233    |
|    learning_rate   | 0.0003   |
|    n_updates       | 120590   |
---------------------------------
---------------------------------
| rollout/           |          |
|    ep_len_mean     | 49.8     |
|    ep_rew_mean     | -50.1    |
| time/              |          |
|    episodes        | 2424     |
|    fps             | 19       |
|    time_elapsed    | 6636     |
|    total_timesteps | 130960   |
| train/             |          |
|    actor_loss      | -0.094   |
|    critic_loss     | 0.178    |
|    ent_coef        | 0.0033   |
|    ent_coef_loss   | 0.511    |
|    learning_rate   | 0.0003   |
|    n_updates       | 120950   |
---------------------------------
---------------------------------
| rollout/           |          |
|    ep_len_mean     | 50.7     |
|    ep_rew_mean     | -42.2    |
| time/              |          |
|    episodes        | 2428     |
|    fps             | 19       |
|    time_elapsed    | 6649     |
|    total_timesteps | 131210   |
| train/             |          |
|    actor_loss      | -0.0934  |
|    critic_loss     | 0.178    |
|    ent_coef        | 0.00338  |
|    ent_coef_loss   | -0.235   |
|    learning_rate   | 0.0003   |
|    n_updates       | 121200   |
---------------------------------
---------------------------------
| rollout/           |          |
|    ep_len_mean     | 51       |
|    ep_rew_mean     | -38.8    |
| time/              |          |
|    episodes        | 2432     |
|    fps             | 19       |
|    time_elapsed    | 6651     |
|    total_timesteps | 131260   |
| train/             |          |
|    actor_loss      | -0.0514  |
|    critic_loss     | 0.318    |
|    ent_coef        | 0.00338  |
|    ent_coef_loss   | 0.11     |
|    learning_rate   | 0.0003   |
|    n_updates       | 121250   |
---------------------------------
---------------------------------
| rollout/           |          |
|    ep_len_mean     | 51.4     |
|    ep_rew_mean     | -34      |
| time/              |          |
|    episodes        | 2436     |
|    fps             | 19       |
|    time_elapsed    | 6658     |
|    total_timesteps | 131400   |
| train/             |          |
|    actor_loss      | -0.052   |
|    critic_loss     | 0.172    |
|    ent_coef        | 0.00344  |
|    ent_coef_loss   | 0.997    |
|    learning_rate   | 0.0003   |
|    n_updates       | 121390   |
---------------------------------
---------------------------------
| rollout/           |          |
|    ep_len_mean     | 51       |
|    ep_rew_mean     | -38.3    |
| time/              |          |
|    episodes        | 2440     |
|    fps             | 19       |
|    time_elapsed    | 6680     |
|    total_timesteps | 131840   |
| train/             |          |
|    actor_loss      | -0.0592  |
|    critic_loss     | 0.229    |
|    ent_coef        | 0.00337  |
|    ent_coef_loss   | 0.197    |
|    learning_rate   | 0.0003   |
|    n_updates       | 121830   |
---------------------------------
---------------------------------
| rollout/           |          |
|    ep_len_mean     | 51.4     |
|    ep_rew_mean     | -34.7    |
| time/              |          |
|    episodes        | 2444     |
|    fps             | 19       |
|    time_elapsed    | 6686     |
|    total_timesteps | 131950   |
| train/             |          |
|    actor_loss      | -0.0414  |
|    critic_loss     | 0.135    |
|    ent_coef        | 0.00337  |
|    ent_coef_loss   | 0.528    |
|    learning_rate   | 0.0003   |
|    n_updates       | 121940   |
---------------------------------
---------------------------------
| rollout/           |          |
|    ep_len_mean     | 51.3     |
|    ep_rew_mean     | -34.6    |
| time/              |          |
|    episodes        | 2448     |
|    fps             | 19       |
|    time_elapsed    | 6695     |
|    total_timesteps | 132130   |
| train/             |          |
|    actor_loss      | -0.192   |
|    critic_loss     | 0.211    |
|    ent_coef        | 0.0034   |
|    ent_coef_loss   | -0.635   |
|    learning_rate   | 0.0003   |
|    n_updates       | 122120   |
---------------------------------
---------------------------------
| rollout/           |          |
|    ep_len_mean     | 51.3     |
|    ep_rew_mean     | -35.2    |
| time/              |          |
|    episodes        | 2452     |
|    fps             | 19       |
|    time_elapsed    | 6705     |
|    total_timesteps | 132340   |
| train/             |          |
|    actor_loss      | -0.0722  |
|    critic_loss     | 0.262    |
|    ent_coef        | 0.00343  |
|    ent_coef_loss   | -0.585   |
|    learning_rate   | 0.0003   |
|    n_updates       | 122330   |
---------------------------------
---------------------------------
| rollout/           |          |
|    ep_len_mean     | 50.9     |
|    ep_rew_mean     | -38.6    |
| time/              |          |
|    episodes        | 2456     |
|    fps             | 19       |
|    time_elapsed    | 6714     |
|    total_timesteps | 132510   |
| train/             |          |
|    actor_loss      | -0.0674  |
|    critic_loss     | 0.192    |
|    ent_coef        | 0.00342  |
|    ent_coef_loss   | 0.0573   |
|    learning_rate   | 0.0003   |
|    n_updates       | 122500   |
---------------------------------
---------------------------------
| rollout/           |          |
|    ep_len_mean     | 51.5     |
|    ep_rew_mean     | -34.7    |
| time/              |          |
|    episodes        | 2460     |
|    fps             | 19       |
|    time_elapsed    | 6731     |
|    total_timesteps | 132840   |
| train/             |          |
|    actor_loss      | -0.0992  |
|    critic_loss     | 0.144    |
|    ent_coef        | 0.00345  |
|    ent_coef_loss   | 0.074    |
|    learning_rate   | 0.0003   |
|    n_updates       | 122830   |
---------------------------------
---------------------------------
| rollout/           |          |
|    ep_len_mean     | 51.9     |
|    ep_rew_mean     | -31.1    |
| time/              |          |
|    episodes        | 2464     |
|    fps             | 19       |
|    time_elapsed    | 6738     |
|    total_timesteps | 132990   |
| train/             |          |
|    actor_loss      | 0.00446  |
|    critic_loss     | 0.298    |
|    ent_coef        | 0.00353  |
|    ent_coef_loss   | -0.0418  |
|    learning_rate   | 0.0003   |
|    n_updates       | 122980   |
---------------------------------
---------------------------------
| rollout/           |          |
|    ep_len_mean     | 51       |
|    ep_rew_mean     | -39.3    |
| time/              |          |
|    episodes        | 2468     |
|    fps             | 19       |
|    time_elapsed    | 6746     |
|    total_timesteps | 133140   |
| train/             |          |
|    actor_loss      | -0.138   |
|    critic_loss     | 0.131    |
|    ent_coef        | 0.0035   |
|    ent_coef_loss   | 0.218    |
|    learning_rate   | 0.0003   |
|    n_updates       | 123130   |
---------------------------------
---------------------------------
| rollout/           |          |
|    ep_len_mean     | 51.6     |
|    ep_rew_mean     | -30.4    |
| time/              |          |
|    episodes        | 2472     |
|    fps             | 19       |
|    time_elapsed    | 6762     |
|    total_timesteps | 133460   |
| train/             |          |
|    actor_loss      | -0.0652  |
|    critic_loss     | 0.337    |
|    ent_coef        | 0.00345  |
|    ent_coef_loss   | -0.0985  |
|    learning_rate   | 0.0003   |
|    n_updates       | 123450   |
---------------------------------
---------------------------------
| rollout/           |          |
|    ep_len_mean     | 52.1     |
|    ep_rew_mean     | -25.9    |
| time/              |          |
|    episodes        | 2476     |
|    fps             | 19       |
|    time_elapsed    | 6775     |
|    total_timesteps | 133730   |
| train/             |          |
|    actor_loss      | -0.0324  |
|    critic_loss     | 0.236    |
|    ent_coef        | 0.0035   |
|    ent_coef_loss   | -0.0291  |
|    learning_rate   | 0.0003   |
|    n_updates       | 123720   |
---------------------------------
---------------------------------
| rollout/           |          |
|    ep_len_mean     | 53       |
|    ep_rew_mean     | -17.3    |
| time/              |          |
|    episodes        | 2480     |
|    fps             | 19       |
|    time_elapsed    | 6780     |
|    total_timesteps | 133820   |
| train/             |          |
|    actor_loss      | -0.0823  |
|    critic_loss     | 0.242    |
|    ent_coef        | 0.00354  |
|    ent_coef_loss   | -0.115   |
|    learning_rate   | 0.0003   |
|    n_updates       | 123810   |
---------------------------------
---------------------------------
| rollout/           |          |
|    ep_len_mean     | 52.5     |
|    ep_rew_mean     | -25.9    |
| time/              |          |
|    episodes        | 2484     |
|    fps             | 19       |
|    time_elapsed    | 6796     |
|    total_timesteps | 134120   |
| train/             |          |
|    actor_loss      | -0.0485  |
|    critic_loss     | 0.213    |
|    ent_coef        | 0.00347  |
|    ent_coef_loss   | 0.232    |
|    learning_rate   | 0.0003   |
|    n_updates       | 124110   |
---------------------------------
---------------------------------
| rollout/           |          |
|    ep_len_mean     | 52.1     |
|    ep_rew_mean     | -30.1    |
| time/              |          |
|    episodes        | 2488     |
|    fps             | 19       |
|    time_elapsed    | 6802     |
|    total_timesteps | 134250   |
| train/             |          |
|    actor_loss      | -0.0907  |
|    critic_loss     | 0.187    |
|    ent_coef        | 0.00346  |
|    ent_coef_loss   | -0.958   |
|    learning_rate   | 0.0003   |
|    n_updates       | 124240   |
---------------------------------
---------------------------------
| rollout/           |          |
|    ep_len_mean     | 52.1     |
|    ep_rew_mean     | -31.4    |
| time/              |          |
|    episodes        | 2492     |
|    fps             | 19       |
|    time_elapsed    | 6814     |
|    total_timesteps | 134490   |
| train/             |          |
|    actor_loss      | 0.00469  |
|    critic_loss     | 0.435    |
|    ent_coef        | 0.00342  |
|    ent_coef_loss   | 0.258    |
|    learning_rate   | 0.0003   |
|    n_updates       | 124480   |
---------------------------------
---------------------------------
| rollout/           |          |
|    ep_len_mean     | 51.3     |
|    ep_rew_mean     | -43.9    |
| time/              |          |
|    episodes        | 2496     |
|    fps             | 19       |
|    time_elapsed    | 6820     |
|    total_timesteps | 134600   |
| train/             |          |
|    actor_loss      | -0.028   |
|    critic_loss     | 0.262    |
|    ent_coef        | 0.00345  |
|    ent_coef_loss   | -0.426   |
|    learning_rate   | 0.0003   |
|    n_updates       | 124590   |
---------------------------------
---------------------------------
| rollout/           |          |
|    ep_len_mean     | 51.9     |
|    ep_rew_mean     | -39.3    |
| time/              |          |
|    episodes        | 2500     |
|    fps             | 19       |
|    time_elapsed    | 6833     |
|    total_timesteps | 134850   |
| train/             |          |
|    actor_loss      | -0.0869  |
|    critic_loss     | 0.135    |
|    ent_coef        | 0.00344  |
|    ent_coef_loss   | -0.472   |
|    learning_rate   | 0.0003   |
|    n_updates       | 124840   |
---------------------------------
---------------------------------
| rollout/           |          |
|    ep_len_mean     | 51.6     |
|    ep_rew_mean     | -39.1    |
| time/              |          |
|    episodes        | 2504     |
|    fps             | 19       |
|    time_elapsed    | 6847     |
|    total_timesteps | 135140   |
| train/             |          |
|    actor_loss      | -0.0631  |
|    critic_loss     | 0.113    |
|    ent_coef        | 0.00343  |
|    ent_coef_loss   | 0.0806   |
|    learning_rate   | 0.0003   |
|    n_updates       | 125130   |
---------------------------------
---------------------------------
| rollout/           |          |
|    ep_len_mean     | 52       |
|    ep_rew_mean     | -34.1    |
| time/              |          |
|    episodes        | 2508     |
|    fps             | 19       |
|    time_elapsed    | 6852     |
|    total_timesteps | 135230   |
| train/             |          |
|    actor_loss      | -0.00389 |
|    critic_loss     | 0.2      |
|    ent_coef        | 0.00342  |
|    ent_coef_loss   | 0.112    |
|    learning_rate   | 0.0003   |
|    n_updates       | 125220   |
---------------------------------
---------------------------------
| rollout/           |          |
|    ep_len_mean     | 51.4     |
|    ep_rew_mean     | -41.3    |
| time/              |          |
|    episodes        | 2512     |
|    fps             | 19       |
|    time_elapsed    | 6867     |
|    total_timesteps | 135520   |
| train/             |          |
|    actor_loss      | -0.0479  |
|    critic_loss     | 0.158    |
|    ent_coef        | 0.00353  |
|    ent_coef_loss   | 0.234    |
|    learning_rate   | 0.0003   |
|    n_updates       | 125510   |
---------------------------------
---------------------------------
| rollout/           |          |
|    ep_len_mean     | 52       |
|    ep_rew_mean     | -36.7    |
| time/              |          |
|    episodes        | 2516     |
|    fps             | 19       |
|    time_elapsed    | 6876     |
|    total_timesteps | 135710   |
| train/             |          |
|    actor_loss      | -0.0327  |
|    critic_loss     | 0.164    |
|    ent_coef        | 0.00357  |
|    ent_coef_loss   | 0.505    |
|    learning_rate   | 0.0003   |
|    n_updates       | 125700   |
---------------------------------
---------------------------------
| rollout/           |          |
|    ep_len_mean     | 51.7     |
|    ep_rew_mean     | -36.9    |
| time/              |          |
|    episodes        | 2520     |
|    fps             | 19       |
|    time_elapsed    | 6881     |
|    total_timesteps | 135800   |
| train/             |          |
|    actor_loss      | -0.00825 |
|    critic_loss     | 0.185    |
|    ent_coef        | 0.00364  |
|    ent_coef_loss   | -0.615   |
|    learning_rate   | 0.0003   |
|    n_updates       | 125790   |
---------------------------------
---------------------------------
| rollout/           |          |
|    ep_len_mean     | 51.8     |
|    ep_rew_mean     | -36.9    |
| time/              |          |
|    episodes        | 2524     |
|    fps             | 19       |
|    time_elapsed    | 6891     |
|    total_timesteps | 136000   |
| train/             |          |
|    actor_loss      | -0.0306  |
|    critic_loss     | 0.267    |
|    ent_coef        | 0.00352  |
|    ent_coef_loss   | -0.286   |
|    learning_rate   | 0.0003   |
|    n_updates       | 125990   |
---------------------------------
---------------------------------
| rollout/           |          |
|    ep_len_mean     | 50.8     |
|    ep_rew_mean     | -49      |
| time/              |          |
|    episodes        | 2528     |
|    fps             | 19       |
|    time_elapsed    | 6903     |
|    total_timesteps | 136240   |
| train/             |          |
|    actor_loss      | -0.0167  |
|    critic_loss     | 0.153    |
|    ent_coef        | 0.00351  |
|    ent_coef_loss   | 0.0783   |
|    learning_rate   | 0.0003   |
|    n_updates       | 126230   |
---------------------------------
---------------------------------
| rollout/           |          |
|    ep_len_mean     | 50.5     |
|    ep_rew_mean     | -48      |
| time/              |          |
|    episodes        | 2532     |
|    fps             | 19       |
|    time_elapsed    | 6913     |
|    total_timesteps | 136430   |
| train/             |          |
|    actor_loss      | -0.0376  |
|    critic_loss     | 0.232    |
|    ent_coef        | 0.00351  |
|    ent_coef_loss   | -0.337   |
|    learning_rate   | 0.0003   |
|    n_updates       | 126420   |
---------------------------------
---------------------------------
| rollout/           |          |
|    ep_len_mean     | 52       |
|    ep_rew_mean     | -35.9    |
| time/              |          |
|    episodes        | 2536     |
|    fps             | 19       |
|    time_elapsed    | 6927     |
|    total_timesteps | 136680   |
| train/             |          |
|    actor_loss      | -0.0551  |
|    critic_loss     | 0.315    |
|    ent_coef        | 0.00357  |
|    ent_coef_loss   | -0.168   |
|    learning_rate   | 0.0003   |
|    n_updates       | 126670   |
---------------------------------
---------------------------------
| rollout/           |          |
|    ep_len_mean     | 51.7     |
|    ep_rew_mean     | -40.2    |
| time/              |          |
|    episodes        | 2540     |
|    fps             | 19       |
|    time_elapsed    | 6938     |
|    total_timesteps | 136900   |
| train/             |          |
|    actor_loss      | -0.0761  |
|    critic_loss     | 0.252    |
|    ent_coef        | 0.00353  |
|    ent_coef_loss   | -0.025   |
|    learning_rate   | 0.0003   |
|    n_updates       | 126890   |
---------------------------------
---------------------------------
| rollout/           |          |
|    ep_len_mean     | 51.2     |
|    ep_rew_mean     | -44.1    |
| time/              |          |
|    episodes        | 2544     |
|    fps             | 19       |
|    time_elapsed    | 6948     |
|    total_timesteps | 137110   |
| train/             |          |
|    actor_loss      | -0.0263  |
|    critic_loss     | 0.216    |
|    ent_coef        | 0.0035   |
|    ent_coef_loss   | 0.176    |
|    learning_rate   | 0.0003   |
|    n_updates       | 127100   |
---------------------------------
---------------------------------
| rollout/           |          |
|    ep_len_mean     | 51.2     |
|    ep_rew_mean     | -44.1    |
| time/              |          |
|    episodes        | 2548     |
|    fps             | 19       |
|    time_elapsed    | 6960     |
|    total_timesteps | 137340   |
| train/             |          |
|    actor_loss      | -0.0747  |
|    critic_loss     | 0.176    |
|    ent_coef        | 0.00351  |
|    ent_coef_loss   | 0.06     |
|    learning_rate   | 0.0003   |
|    n_updates       | 127330   |
---------------------------------
---------------------------------
| rollout/           |          |
|    ep_len_mean     | 52.1     |
|    ep_rew_mean     | -32.3    |
| time/              |          |
|    episodes        | 2552     |
|    fps             | 19       |
|    time_elapsed    | 6969     |
|    total_timesteps | 137510   |
| train/             |          |
|    actor_loss      | -0.0151  |
|    critic_loss     | 0.266    |
|    ent_coef        | 0.00351  |
|    ent_coef_loss   | 0.357    |
|    learning_rate   | 0.0003   |
|    n_updates       | 127500   |
---------------------------------
---------------------------------
| rollout/           |          |
|    ep_len_mean     | 51.6     |
|    ep_rew_mean     | -37      |
| time/              |          |
|    episodes        | 2556     |
|    fps             | 19       |
|    time_elapsed    | 6974     |
|    total_timesteps | 137610   |
| train/             |          |
|    actor_loss      | 0.0287   |
|    critic_loss     | 0.172    |
|    ent_coef        | 0.00348  |
|    ent_coef_loss   | 1.06     |
|    learning_rate   | 0.0003   |
|    n_updates       | 127600   |
---------------------------------
---------------------------------
| rollout/           |          |
|    ep_len_mean     | 51.3     |
|    ep_rew_mean     | -41.8    |
| time/              |          |
|    episodes        | 2560     |
|    fps             | 19       |
|    time_elapsed    | 6989     |
|    total_timesteps | 137920   |
| train/             |          |
|    actor_loss      | -0.0135  |
|    critic_loss     | 0.289    |
|    ent_coef        | 0.00356  |
|    ent_coef_loss   | 0.328    |
|    learning_rate   | 0.0003   |
|    n_updates       | 127910   |
---------------------------------
---------------------------------
| rollout/           |          |
|    ep_len_mean     | 51.2     |
|    ep_rew_mean     | -40.6    |
| time/              |          |
|    episodes        | 2564     |
|    fps             | 19       |
|    time_elapsed    | 7000     |
|    total_timesteps | 138120   |
| train/             |          |
|    actor_loss      | -0.0265  |
|    critic_loss     | 0.209    |
|    ent_coef        | 0.0035   |
|    ent_coef_loss   | -0.0674  |
|    learning_rate   | 0.0003   |
|    n_updates       | 128110   |
---------------------------------
---------------------------------
| rollout/           |          |
|    ep_len_mean     | 51.4     |
|    ep_rew_mean     | -40      |
| time/              |          |
|    episodes        | 2568     |
|    fps             | 19       |
|    time_elapsed    | 7007     |
|    total_timesteps | 138260   |
| train/             |          |
|    actor_loss      | -0.0358  |
|    critic_loss     | 0.203    |
|    ent_coef        | 0.00347  |
|    ent_coef_loss   | 0.136    |
|    learning_rate   | 0.0003   |
|    n_updates       | 128250   |
---------------------------------
---------------------------------
| rollout/           |          |
|    ep_len_mean     | 50.9     |
|    ep_rew_mean     | -49.1    |
| time/              |          |
|    episodes        | 2572     |
|    fps             | 19       |
|    time_elapsed    | 7017     |
|    total_timesteps | 138450   |
| train/             |          |
|    actor_loss      | -0.0782  |
|    critic_loss     | 0.188    |
|    ent_coef        | 0.00343  |
|    ent_coef_loss   | -0.451   |
|    learning_rate   | 0.0003   |
|    n_updates       | 128440   |
---------------------------------
---------------------------------
| rollout/           |          |
|    ep_len_mean     | 50.7     |
|    ep_rew_mean     | -49.6    |
| time/              |          |
|    episodes        | 2576     |
|    fps             | 19       |
|    time_elapsed    | 7034     |
|    total_timesteps | 138800   |
| train/             |          |
|    actor_loss      | 0.0627   |
|    critic_loss     | 0.165    |
|    ent_coef        | 0.00335  |
|    ent_coef_loss   | 0.302    |
|    learning_rate   | 0.0003   |
|    n_updates       | 128790   |
---------------------------------
---------------------------------
| rollout/           |          |
|    ep_len_mean     | 50.7     |
|    ep_rew_mean     | -50.1    |
| time/              |          |
|    episodes        | 2580     |
|    fps             | 19       |
|    time_elapsed    | 7039     |
|    total_timesteps | 138890   |
| train/             |          |
|    actor_loss      | -0.115   |
|    critic_loss     | 0.168    |
|    ent_coef        | 0.00333  |
|    ent_coef_loss   | -0.0808  |
|    learning_rate   | 0.0003   |
|    n_updates       | 128880   |
---------------------------------
----------------------------------
| rollout/           |           |
|    ep_len_mean     | 50.5      |
|    ep_rew_mean     | -49.5     |
| time/              |           |
|    episodes        | 2584      |
|    fps             | 19        |
|    time_elapsed    | 7054      |
|    total_timesteps | 139170    |
| train/             |           |
|    actor_loss      | -0.000955 |
|    critic_loss     | 0.234     |
|    ent_coef        | 0.00336   |
|    ent_coef_loss   | 0.0534    |
|    learning_rate   | 0.0003    |
|    n_updates       | 129160    |
----------------------------------
---------------------------------
| rollout/           |          |
|    ep_len_mean     | 51       |
|    ep_rew_mean     | -45.4    |
| time/              |          |
|    episodes        | 2588     |
|    fps             | 19       |
|    time_elapsed    | 7066     |
|    total_timesteps | 139410   |
| train/             |          |
|    actor_loss      | 0.0325   |
|    critic_loss     | 0.216    |
|    ent_coef        | 0.00338  |
|    ent_coef_loss   | -0.228   |
|    learning_rate   | 0.0003   |
|    n_updates       | 129400   |
---------------------------------
---------------------------------
| rollout/           |          |
|    ep_len_mean     | 51.3     |
|    ep_rew_mean     | -40.2    |
| time/              |          |
|    episodes        | 2592     |
|    fps             | 19       |
|    time_elapsed    | 7074     |
|    total_timesteps | 139570   |
| train/             |          |
|    actor_loss      | -0.0536  |
|    critic_loss     | 0.292    |
|    ent_coef        | 0.00336  |
|    ent_coef_loss   | 0.553    |
|    learning_rate   | 0.0003   |
|    n_updates       | 129560   |
---------------------------------
---------------------------------
| rollout/           |          |
|    ep_len_mean     | 51.7     |
|    ep_rew_mean     | -31.7    |
| time/              |          |
|    episodes        | 2596     |
|    fps             | 19       |
|    time_elapsed    | 7087     |
|    total_timesteps | 139830   |
| train/             |          |
|    actor_loss      | -0.062   |
|    critic_loss     | 0.133    |
|    ent_coef        | 0.00344  |
|    ent_coef_loss   | -0.0249  |
|    learning_rate   | 0.0003   |
|    n_updates       | 129820   |
---------------------------------
---------------------------------
| rollout/           |          |
|    ep_len_mean     | 51.5     |
|    ep_rew_mean     | -31.2    |
| time/              |          |
|    episodes        | 2600     |
|    fps             | 19       |
|    time_elapsed    | 7097     |
|    total_timesteps | 140020   |
| train/             |          |
|    actor_loss      | -0.00335 |
|    critic_loss     | 0.18     |
|    ent_coef        | 0.00347  |
|    ent_coef_loss   | 0.0252   |
|    learning_rate   | 0.0003   |
|    n_updates       | 130010   |
---------------------------------
---------------------------------
| rollout/           |          |
|    ep_len_mean     | 52.3     |
|    ep_rew_mean     | -23.1    |
| time/              |          |
|    episodes        | 2604     |
|    fps             | 19       |
|    time_elapsed    | 7108     |
|    total_timesteps | 140230   |
| train/             |          |
|    actor_loss      | -0.0511  |
|    critic_loss     | 0.236    |
|    ent_coef        | 0.00351  |
|    ent_coef_loss   | 0.202    |
|    learning_rate   | 0.0003   |
|    n_updates       | 130220   |
---------------------------------
---------------------------------
| rollout/           |          |
|    ep_len_mean     | 51.8     |
|    ep_rew_mean     | -27.5    |
| time/              |          |
|    episodes        | 2608     |
|    fps             | 19       |
|    time_elapsed    | 7118     |
|    total_timesteps | 140430   |
| train/             |          |
|    actor_loss      | -0.0265  |
|    critic_loss     | 0.186    |
|    ent_coef        | 0.0035   |
|    ent_coef_loss   | -0.867   |
|    learning_rate   | 0.0003   |
|    n_updates       | 130420   |
---------------------------------
---------------------------------
| rollout/           |          |
|    ep_len_mean     | 52.2     |
|    ep_rew_mean     | -24.2    |
| time/              |          |
|    episodes        | 2612     |
|    fps             | 19       |
|    time_elapsed    | 7127     |
|    total_timesteps | 140610   |
| train/             |          |
|    actor_loss      | -0.00949 |
|    critic_loss     | 0.133    |
|    ent_coef        | 0.00339  |
|    ent_coef_loss   | 0.161    |
|    learning_rate   | 0.0003   |
|    n_updates       | 130600   |
---------------------------------
---------------------------------
| rollout/           |          |
|    ep_len_mean     | 51.9     |
|    ep_rew_mean     | -25.6    |
| time/              |          |
|    episodes        | 2616     |
|    fps             | 19       |
|    time_elapsed    | 7139     |
|    total_timesteps | 140850   |
| train/             |          |
|    actor_loss      | -0.0572  |
|    critic_loss     | 0.22     |
|    ent_coef        | 0.00338  |
|    ent_coef_loss   | 0.372    |
|    learning_rate   | 0.0003   |
|    n_updates       | 130840   |
---------------------------------
---------------------------------
| rollout/           |          |
|    ep_len_mean     | 52.7     |
|    ep_rew_mean     | -17.1    |
| time/              |          |
|    episodes        | 2620     |
|    fps             | 19       |
|    time_elapsed    | 7154     |
|    total_timesteps | 141140   |
| train/             |          |
|    actor_loss      | 0.0337   |
|    critic_loss     | 0.187    |
|    ent_coef        | 0.00348  |
|    ent_coef_loss   | 0.311    |
|    learning_rate   | 0.0003   |
|    n_updates       | 131130   |
---------------------------------
---------------------------------
| rollout/           |          |
|    ep_len_mean     | 53.1     |
|    ep_rew_mean     | -13.1    |
| time/              |          |
|    episodes        | 2624     |
|    fps             | 19       |
|    time_elapsed    | 7159     |
|    total_timesteps | 141240   |
| train/             |          |
|    actor_loss      | -0.0444  |
|    critic_loss     | 0.136    |
|    ent_coef        | 0.00347  |
|    ent_coef_loss   | -0.0509  |
|    learning_rate   | 0.0003   |
|    n_updates       | 131230   |
---------------------------------
---------------------------------
| rollout/           |          |
|    ep_len_mean     | 53.6     |
|    ep_rew_mean     | -4.8     |
| time/              |          |
|    episodes        | 2628     |
|    fps             | 19       |
|    time_elapsed    | 7179     |
|    total_timesteps | 141640   |
| train/             |          |
|    actor_loss      | -0.0158  |
|    critic_loss     | 0.186    |
|    ent_coef        | 0.00349  |
|    ent_coef_loss   | 0.351    |
|    learning_rate   | 0.0003   |
|    n_updates       | 131630   |
---------------------------------
---------------------------------
| rollout/           |          |
|    ep_len_mean     | 53.9     |
|    ep_rew_mean     | -0.875   |
| time/              |          |
|    episodes        | 2632     |
|    fps             | 19       |
|    time_elapsed    | 7188     |
|    total_timesteps | 141810   |
| train/             |          |
|    actor_loss      | -0.0332  |
|    critic_loss     | 0.315    |
|    ent_coef        | 0.00351  |
|    ent_coef_loss   | 0.462    |
|    learning_rate   | 0.0003   |
|    n_updates       | 131800   |
---------------------------------
---------------------------------
| rollout/           |          |
|    ep_len_mean     | 53.6     |
|    ep_rew_mean     | -0.567   |
| time/              |          |
|    episodes        | 2636     |
|    fps             | 19       |
|    time_elapsed    | 7204     |
|    total_timesteps | 142130   |
| train/             |          |
|    actor_loss      | 0.000989 |
|    critic_loss     | 0.218    |
|    ent_coef        | 0.00355  |
|    ent_coef_loss   | 0.0117   |
|    learning_rate   | 0.0003   |
|    n_updates       | 132120   |
---------------------------------
---------------------------------
| rollout/           |          |
|    ep_len_mean     | 54.1     |
|    ep_rew_mean     | 8.13     |
| time/              |          |
|    episodes        | 2640     |
|    fps             | 19       |
|    time_elapsed    | 7212     |
|    total_timesteps | 142290   |
| train/             |          |
|    actor_loss      | 0.0055   |
|    critic_loss     | 0.104    |
|    ent_coef        | 0.00356  |
|    ent_coef_loss   | -0.226   |
|    learning_rate   | 0.0003   |
|    n_updates       | 132280   |
---------------------------------
---------------------------------
| rollout/           |          |
|    ep_len_mean     | 54.2     |
|    ep_rew_mean     | 8.36     |
| time/              |          |
|    episodes        | 2644     |
|    fps             | 19       |
|    time_elapsed    | 7228     |
|    total_timesteps | 142590   |
| train/             |          |
|    actor_loss      | 0.058    |
|    critic_loss     | 0.247    |
|    ent_coef        | 0.00355  |
|    ent_coef_loss   | -0.378   |
|    learning_rate   | 0.0003   |
|    n_updates       | 132580   |
---------------------------------
---------------------------------
| rollout/           |          |
|    ep_len_mean     | 54.1     |
|    ep_rew_mean     | 8.44     |
| time/              |          |
|    episodes        | 2648     |
|    fps             | 19       |
|    time_elapsed    | 7234     |
|    total_timesteps | 142710   |
| train/             |          |
|    actor_loss      | 0.0111   |
|    critic_loss     | 0.182    |
|    ent_coef        | 0.00354  |
|    ent_coef_loss   | -0.157   |
|    learning_rate   | 0.0003   |
|    n_updates       | 132700   |
---------------------------------
---------------------------------
| rollout/           |          |
|    ep_len_mean     | 53.6     |
|    ep_rew_mean     | 1.56     |
| time/              |          |
|    episodes        | 2652     |
|    fps             | 19       |
|    time_elapsed    | 7242     |
|    total_timesteps | 142870   |
| train/             |          |
|    actor_loss      | -0.0283  |
|    critic_loss     | 0.105    |
|    ent_coef        | 0.00356  |
|    ent_coef_loss   | 0.292    |
|    learning_rate   | 0.0003   |
|    n_updates       | 132860   |
---------------------------------
---------------------------------
| rollout/           |          |
|    ep_len_mean     | 54.1     |
|    ep_rew_mean     | 6.16     |
| time/              |          |
|    episodes        | 2656     |
|    fps             | 19       |
|    time_elapsed    | 7251     |
|    total_timesteps | 143060   |
| train/             |          |
|    actor_loss      | -0.00445 |
|    critic_loss     | 0.267    |
|    ent_coef        | 0.00364  |
|    ent_coef_loss   | 0.372    |
|    learning_rate   | 0.0003   |
|    n_updates       | 133050   |
---------------------------------
---------------------------------
| rollout/           |          |
|    ep_len_mean     | 54.4     |
|    ep_rew_mean     | 10.5     |
| time/              |          |
|    episodes        | 2660     |
|    fps             | 19       |
|    time_elapsed    | 7268     |
|    total_timesteps | 143390   |
| train/             |          |
|    actor_loss      | -0.061   |
|    critic_loss     | 0.297    |
|    ent_coef        | 0.00359  |
|    ent_coef_loss   | -0.359   |
|    learning_rate   | 0.0003   |
|    n_updates       | 133380   |
---------------------------------
---------------------------------
| rollout/           |          |
|    ep_len_mean     | 54.4     |
|    ep_rew_mean     | 9.18     |
| time/              |          |
|    episodes        | 2664     |
|    fps             | 19       |
|    time_elapsed    | 7275     |
|    total_timesteps | 143520   |
| train/             |          |
|    actor_loss      | 0.028    |
|    critic_loss     | 0.19     |
|    ent_coef        | 0.00348  |
|    ent_coef_loss   | -0.94    |
|    learning_rate   | 0.0003   |
|    n_updates       | 133510   |
---------------------------------
---------------------------------
| rollout/           |          |
|    ep_len_mean     | 54.7     |
|    ep_rew_mean     | 13       |
| time/              |          |
|    episodes        | 2668     |
|    fps             | 19       |
|    time_elapsed    | 7288     |
|    total_timesteps | 143740   |
| train/             |          |
|    actor_loss      | 0.0353   |
|    critic_loss     | 0.151    |
|    ent_coef        | 0.00351  |
|    ent_coef_loss   | 0.635    |
|    learning_rate   | 0.0003   |
|    n_updates       | 133730   |
---------------------------------
---------------------------------
| rollout/           |          |
|    ep_len_mean     | 54.6     |
|    ep_rew_mean     | 12.7     |
| time/              |          |
|    episodes        | 2672     |
|    fps             | 19       |
|    time_elapsed    | 7298     |
|    total_timesteps | 143940   |
| train/             |          |
|    actor_loss      | -0.00797 |
|    critic_loss     | 0.238    |
|    ent_coef        | 0.00362  |
|    ent_coef_loss   | 0.524    |
|    learning_rate   | 0.0003   |
|    n_updates       | 133930   |
---------------------------------
---------------------------------
| rollout/           |          |
|    ep_len_mean     | 54.7     |
|    ep_rew_mean     | 12.1     |
| time/              |          |
|    episodes        | 2676     |
|    fps             | 19       |
|    time_elapsed    | 7307     |
|    total_timesteps | 144110   |
| train/             |          |
|    actor_loss      | 0.0151   |
|    critic_loss     | 0.197    |
|    ent_coef        | 0.00355  |
|    ent_coef_loss   | -0.174   |
|    learning_rate   | 0.0003   |
|    n_updates       | 134100   |
---------------------------------
---------------------------------
| rollout/           |          |
|    ep_len_mean     | 54.1     |
|    ep_rew_mean     | 8.01     |
| time/              |          |
|    episodes        | 2680     |
|    fps             | 19       |
|    time_elapsed    | 7320     |
|    total_timesteps | 144380   |
| train/             |          |
|    actor_loss      | 0.000253 |
|    critic_loss     | 0.273    |
|    ent_coef        | 0.00359  |
|    ent_coef_loss   | 0.428    |
|    learning_rate   | 0.0003   |
|    n_updates       | 134370   |
---------------------------------
---------------------------------
| rollout/           |          |
|    ep_len_mean     | 54.7     |
|    ep_rew_mean     | 11.1     |
| time/              |          |
|    episodes        | 2684     |
|    fps             | 19       |
|    time_elapsed    | 7331     |
|    total_timesteps | 144590   |
| train/             |          |
|    actor_loss      | 0.0152   |
|    critic_loss     | 0.142    |
|    ent_coef        | 0.00355  |
|    ent_coef_loss   | -0.0791  |
|    learning_rate   | 0.0003   |
|    n_updates       | 134580   |
---------------------------------
---------------------------------
| rollout/           |          |
|    ep_len_mean     | 54.7     |
|    ep_rew_mean     | 11.4     |
| time/              |          |
|    episodes        | 2688     |
|    fps             | 19       |
|    time_elapsed    | 7349     |
|    total_timesteps | 144950   |
| train/             |          |
|    actor_loss      | 0.0154   |
|    critic_loss     | 0.196    |
|    ent_coef        | 0.00362  |
|    ent_coef_loss   | 0.239    |
|    learning_rate   | 0.0003   |
|    n_updates       | 134940   |
---------------------------------
---------------------------------
| rollout/           |          |
|    ep_len_mean     | 54.8     |
|    ep_rew_mean     | 11.4     |
| time/              |          |
|    episodes        | 2692     |
|    fps             | 19       |
|    time_elapsed    | 7359     |
|    total_timesteps | 145150   |
| train/             |          |
|    actor_loss      | -0.00367 |
|    critic_loss     | 0.195    |
|    ent_coef        | 0.00365  |
|    ent_coef_loss   | -0.362   |
|    learning_rate   | 0.0003   |
|    n_updates       | 135140   |
---------------------------------
---------------------------------
| rollout/           |          |
|    ep_len_mean     | 55.4     |
|    ep_rew_mean     | 16.4     |
| time/              |          |
|    episodes        | 2696     |
|    fps             | 19       |
|    time_elapsed    | 7371     |
|    total_timesteps | 145390   |
| train/             |          |
|    actor_loss      | -0.0832  |
|    critic_loss     | 0.0946   |
|    ent_coef        | 0.00365  |
|    ent_coef_loss   | -0.544   |
|    learning_rate   | 0.0003   |
|    n_updates       | 135380   |
---------------------------------
---------------------------------
| rollout/           |          |
|    ep_len_mean     | 55.2     |
|    ep_rew_mean     | 11.9     |
| time/              |          |
|    episodes        | 2700     |
|    fps             | 19       |
|    time_elapsed    | 7381     |
|    total_timesteps | 145610   |
| train/             |          |
|    actor_loss      | -0.0581  |
|    critic_loss     | 0.134    |
|    ent_coef        | 0.00363  |
|    ent_coef_loss   | -0.395   |
|    learning_rate   | 0.0003   |
|    n_updates       | 135600   |
---------------------------------
---------------------------------
| rollout/           |          |
|    ep_len_mean     | 55       |
|    ep_rew_mean     | 8.06     |
| time/              |          |
|    episodes        | 2704     |
|    fps             | 19       |
|    time_elapsed    | 7388     |
|    total_timesteps | 145740   |
| train/             |          |
|    actor_loss      | -0.0165  |
|    critic_loss     | 0.167    |
|    ent_coef        | 0.00365  |
|    ent_coef_loss   | 0.183    |
|    learning_rate   | 0.0003   |
|    n_updates       | 135730   |
---------------------------------
---------------------------------
| rollout/           |          |
|    ep_len_mean     | 55.2     |
|    ep_rew_mean     | 11.8     |
| time/              |          |
|    episodes        | 2708     |
|    fps             | 19       |
|    time_elapsed    | 7401     |
|    total_timesteps | 145960   |
| train/             |          |
|    actor_loss      | 0.045    |
|    critic_loss     | 0.249    |
|    ent_coef        | 0.00371  |
|    ent_coef_loss   | -0.235   |
|    learning_rate   | 0.0003   |
|    n_updates       | 135950   |
---------------------------------
---------------------------------
| rollout/           |          |
|    ep_len_mean     | 55.2     |
|    ep_rew_mean     | 12.3     |
| time/              |          |
|    episodes        | 2712     |
|    fps             | 19       |
|    time_elapsed    | 7417     |
|    total_timesteps | 146250   |
| train/             |          |
|    actor_loss      | 0.023    |
|    critic_loss     | 0.225    |
|    ent_coef        | 0.00358  |
|    ent_coef_loss   | 0.117    |
|    learning_rate   | 0.0003   |
|    n_updates       | 136240   |
---------------------------------
---------------------------------
| rollout/           |          |
|    ep_len_mean     | 55.7     |
|    ep_rew_mean     | 17.2     |
| time/              |          |
|    episodes        | 2716     |
|    fps             | 19       |
|    time_elapsed    | 7428     |
|    total_timesteps | 146470   |
| train/             |          |
|    actor_loss      | 0.0302   |
|    critic_loss     | 0.185    |
|    ent_coef        | 0.00362  |
|    ent_coef_loss   | -0.272   |
|    learning_rate   | 0.0003   |
|    n_updates       | 136460   |
---------------------------------
---------------------------------
| rollout/           |          |
|    ep_len_mean     | 55.9     |
|    ep_rew_mean     | 16.9     |
| time/              |          |
|    episodes        | 2720     |
|    fps             | 19       |
|    time_elapsed    | 7442     |
|    total_timesteps | 146740   |
| train/             |          |
|    actor_loss      | -0.096   |
|    critic_loss     | 0.177    |
|    ent_coef        | 0.00357  |
|    ent_coef_loss   | 0.164    |
|    learning_rate   | 0.0003   |
|    n_updates       | 136730   |
---------------------------------
---------------------------------
| rollout/           |          |
|    ep_len_mean     | 56       |
|    ep_rew_mean     | 15.4     |
| time/              |          |
|    episodes        | 2724     |
|    fps             | 19       |
|    time_elapsed    | 7455     |
|    total_timesteps | 147010   |
| train/             |          |
|    actor_loss      | -0.00525 |
|    critic_loss     | 0.202    |
|    ent_coef        | 0.00358  |
|    ent_coef_loss   | 0.0843   |
|    learning_rate   | 0.0003   |
|    n_updates       | 137000   |
---------------------------------
---------------------------------
| rollout/           |          |
|    ep_len_mean     | 56.7     |
|    ep_rew_mean     | 19.9     |
| time/              |          |
|    episodes        | 2728     |
|    fps             | 19       |
|    time_elapsed    | 7466     |
|    total_timesteps | 147230   |
| train/             |          |
|    actor_loss      | 0.0549   |
|    critic_loss     | 0.292    |
|    ent_coef        | 0.00362  |
|    ent_coef_loss   | -0.172   |
|    learning_rate   | 0.0003   |
|    n_updates       | 137220   |
---------------------------------
---------------------------------
| rollout/           |          |
|    ep_len_mean     | 56.4     |
|    ep_rew_mean     | 15.4     |
| time/              |          |
|    episodes        | 2732     |
|    fps             | 19       |
|    time_elapsed    | 7477     |
|    total_timesteps | 147420   |
| train/             |          |
|    actor_loss      | -0.119   |
|    critic_loss     | 0.186    |
|    ent_coef        | 0.00364  |
|    ent_coef_loss   | -0.147   |
|    learning_rate   | 0.0003   |
|    n_updates       | 137410   |
---------------------------------
---------------------------------
| rollout/           |          |
|    ep_len_mean     | 56.5     |
|    ep_rew_mean     | 14.9     |
| time/              |          |
|    episodes        | 2736     |
|    fps             | 19       |
|    time_elapsed    | 7492     |
|    total_timesteps | 147700   |
| train/             |          |
|    actor_loss      | -0.0361  |
|    critic_loss     | 0.206    |
|    ent_coef        | 0.00356  |
|    ent_coef_loss   | 0.134    |
|    learning_rate   | 0.0003   |
|    n_updates       | 137690   |
---------------------------------
---------------------------------
| rollout/           |          |
|    ep_len_mean     | 55.9     |
|    ep_rew_mean     | 10.5     |
| time/              |          |
|    episodes        | 2740     |
|    fps             | 19       |
|    time_elapsed    | 7505     |
|    total_timesteps | 147940   |
| train/             |          |
|    actor_loss      | 0.0233   |
|    critic_loss     | 0.184    |
|    ent_coef        | 0.00349  |
|    ent_coef_loss   | 0.113    |
|    learning_rate   | 0.0003   |
|    n_updates       | 137930   |
---------------------------------
---------------------------------
| rollout/           |          |
|    ep_len_mean     | 56.1     |
|    ep_rew_mean     | 14.8     |
| time/              |          |
|    episodes        | 2744     |
|    fps             | 19       |
|    time_elapsed    | 7511     |
|    total_timesteps | 148060   |
| train/             |          |
|    actor_loss      | 0.0204   |
|    critic_loss     | 0.152    |
|    ent_coef        | 0.00349  |
|    ent_coef_loss   | 0.479    |
|    learning_rate   | 0.0003   |
|    n_updates       | 138050   |
---------------------------------
---------------------------------
| rollout/           |          |
|    ep_len_mean     | 56.4     |
|    ep_rew_mean     | 10.3     |
| time/              |          |
|    episodes        | 2748     |
|    fps             | 19       |
|    time_elapsed    | 7532     |
|    total_timesteps | 148450   |
| train/             |          |
|    actor_loss      | -0.022   |
|    critic_loss     | 0.212    |
|    ent_coef        | 0.0035   |
|    ent_coef_loss   | -0.163   |
|    learning_rate   | 0.0003   |
|    n_updates       | 138440   |
---------------------------------
---------------------------------
| rollout/           |          |
|    ep_len_mean     | 56.9     |
|    ep_rew_mean     | 18       |
| time/              |          |
|    episodes        | 2752     |
|    fps             | 19       |
|    time_elapsed    | 7540     |
|    total_timesteps | 148590   |
| train/             |          |
|    actor_loss      | -0.0301  |
|    critic_loss     | 0.139    |
|    ent_coef        | 0.00349  |
|    ent_coef_loss   | 0.626    |
|    learning_rate   | 0.0003   |
|    n_updates       | 138580   |
---------------------------------
---------------------------------
| rollout/           |          |
|    ep_len_mean     | 57.1     |
|    ep_rew_mean     | 22.4     |
| time/              |          |
|    episodes        | 2756     |
|    fps             | 19       |
|    time_elapsed    | 7548     |
|    total_timesteps | 148750   |
| train/             |          |
|    actor_loss      | -0.0565  |
|    critic_loss     | 0.244    |
|    ent_coef        | 0.00361  |
|    ent_coef_loss   | 0.505    |
|    learning_rate   | 0.0003   |
|    n_updates       | 138740   |
---------------------------------
---------------------------------
| rollout/           |          |
|    ep_len_mean     | 57.4     |
|    ep_rew_mean     | 22.1     |
| time/              |          |
|    episodes        | 2760     |
|    fps             | 19       |
|    time_elapsed    | 7563     |
|    total_timesteps | 149050   |
| train/             |          |
|    actor_loss      | 0.0535   |
|    critic_loss     | 0.263    |
|    ent_coef        | 0.00368  |
|    ent_coef_loss   | 0.638    |
|    learning_rate   | 0.0003   |
|    n_updates       | 139040   |
---------------------------------
---------------------------------
| rollout/           |          |
|    ep_len_mean     | 56.9     |
|    ep_rew_mean     | 18       |
| time/              |          |
|    episodes        | 2764     |
|    fps             | 19       |
|    time_elapsed    | 7574     |
|    total_timesteps | 149280   |
| train/             |          |
|    actor_loss      | -0.00913 |
|    critic_loss     | 0.226    |
|    ent_coef        | 0.00364  |
|    ent_coef_loss   | -0.306   |
|    learning_rate   | 0.0003   |
|    n_updates       | 139270   |
---------------------------------
---------------------------------
| rollout/           |          |
|    ep_len_mean     | 56.9     |
|    ep_rew_mean     | 17.7     |
| time/              |          |
|    episodes        | 2768     |
|    fps             | 19       |
|    time_elapsed    | 7582     |
|    total_timesteps | 149440   |
| train/             |          |
|    actor_loss      | -0.0734  |
|    critic_loss     | 0.184    |
|    ent_coef        | 0.00361  |
|    ent_coef_loss   | -0.42    |
|    learning_rate   | 0.0003   |
|    n_updates       | 139430   |
---------------------------------
---------------------------------
| rollout/           |          |
|    ep_len_mean     | 57.2     |
|    ep_rew_mean     | 21.9     |
| time/              |          |
|    episodes        | 2772     |
|    fps             | 19       |
|    time_elapsed    | 7598     |
|    total_timesteps | 149750   |
| train/             |          |
|    actor_loss      | -0.00251 |
|    critic_loss     | 0.229    |
|    ent_coef        | 0.00359  |
|    ent_coef_loss   | 0.403    |
|    learning_rate   | 0.0003   |
|    n_updates       | 139740   |
---------------------------------
---------------------------------
| rollout/           |          |
|    ep_len_mean     | 57.3     |
|    ep_rew_mean     | 22.3     |
| time/              |          |
|    episodes        | 2776     |
|    fps             | 19       |
|    time_elapsed    | 7602     |
|    total_timesteps | 149830   |
| train/             |          |
|    actor_loss      | -0.0388  |
|    critic_loss     | 0.158    |
|    ent_coef        | 0.00358  |
|    ent_coef_loss   | -0.272   |
|    learning_rate   | 0.0003   |
|    n_updates       | 139820   |
---------------------------------
---------------------------------
| rollout/           |          |
|    ep_len_mean     | 56.8     |
|    ep_rew_mean     | 17.6     |
| time/              |          |
|    episodes        | 2780     |
|    fps             | 19       |
|    time_elapsed    | 7616     |
|    total_timesteps | 150030   |
| train/             |          |
|    actor_loss      | -0.0559  |
|    critic_loss     | 0.184    |
|    ent_coef        | 0.00352  |
|    ent_coef_loss   | -0.0503  |
|    learning_rate   | 0.0003   |
|    n_updates       | 140020   |
---------------------------------
---------------------------------
| rollout/           |          |
|    ep_len_mean     | 57       |
|    ep_rew_mean     | 22.3     |
| time/              |          |
|    episodes        | 2784     |
|    fps             | 19       |
|    time_elapsed    | 7650     |
|    total_timesteps | 150390   |
| train/             |          |
|    actor_loss      | -0.0577  |
|    critic_loss     | 0.151    |
|    ent_coef        | 0.00354  |
|    ent_coef_loss   | 0.393    |
|    learning_rate   | 0.0003   |
|    n_updates       | 140380   |
---------------------------------
---------------------------------
| rollout/           |          |
|    ep_len_mean     | 56.6     |
|    ep_rew_mean     | 18       |
| time/              |          |
|    episodes        | 2788     |
|    fps             | 19       |
|    time_elapsed    | 7660     |
|    total_timesteps | 150490   |
| train/             |          |
|    actor_loss      | -0.0562  |
|    critic_loss     | 0.142    |
|    ent_coef        | 0.0036   |
|    ent_coef_loss   | -0.381   |
|    learning_rate   | 0.0003   |
|    n_updates       | 140480   |
---------------------------------
---------------------------------
| rollout/           |          |
|    ep_len_mean     | 56.3     |
|    ep_rew_mean     | 14.2     |
| time/              |          |
|    episodes        | 2792     |
|    fps             | 19       |
|    time_elapsed    | 7670     |
|    total_timesteps | 150620   |
| train/             |          |
|    actor_loss      | 0.00894  |
|    critic_loss     | 0.307    |
|    ent_coef        | 0.00353  |
|    ent_coef_loss   | -0.516   |
|    learning_rate   | 0.0003   |
|    n_updates       | 140610   |
---------------------------------
---------------------------------
| rollout/           |          |
|    ep_len_mean     | 55.6     |
|    ep_rew_mean     | 8.82     |
| time/              |          |
|    episodes        | 2796     |
|    fps             | 19       |
|    time_elapsed    | 7693     |
|    total_timesteps | 151000   |
| train/             |          |
|    actor_loss      | -0.0676  |
|    critic_loss     | 0.165    |
|    ent_coef        | 0.00356  |
|    ent_coef_loss   | 0.00385  |
|    learning_rate   | 0.0003   |
|    n_updates       | 140990   |
---------------------------------
---------------------------------
| rollout/           |          |
|    ep_len_mean     | 56.2     |
|    ep_rew_mean     | 17.1     |
| time/              |          |
|    episodes        | 2800     |
|    fps             | 19       |
|    time_elapsed    | 7705     |
|    total_timesteps | 151180   |
| train/             |          |
|    actor_loss      | -0.0729  |
|    critic_loss     | 0.13     |
|    ent_coef        | 0.00358  |
|    ent_coef_loss   | -0.364   |
|    learning_rate   | 0.0003   |
|    n_updates       | 141170   |
---------------------------------
---------------------------------
| rollout/           |          |
|    ep_len_mean     | 56.7     |
|    ep_rew_mean     | 20.3     |
| time/              |          |
|    episodes        | 2804     |
|    fps             | 19       |
|    time_elapsed    | 7728     |
|    total_timesteps | 151540   |
| train/             |          |
|    actor_loss      | -0.0334  |
|    critic_loss     | 0.131    |
|    ent_coef        | 0.00363  |
|    ent_coef_loss   | 0.743    |
|    learning_rate   | 0.0003   |
|    n_updates       | 141530   |
---------------------------------
---------------------------------
| rollout/           |          |
|    ep_len_mean     | 57.3     |
|    ep_rew_mean     | 23.8     |
| time/              |          |
|    episodes        | 2808     |
|    fps             | 19       |
|    time_elapsed    | 7736     |
|    total_timesteps | 151670   |
| train/             |          |
|    actor_loss      | -0.0547  |
|    critic_loss     | 0.216    |
|    ent_coef        | 0.0037   |
|    ent_coef_loss   | 0.302    |
|    learning_rate   | 0.0003   |
|    n_updates       | 141660   |
---------------------------------
---------------------------------
| rollout/           |          |
|    ep_len_mean     | 57.2     |
|    ep_rew_mean     | 22.8     |
| time/              |          |
|    episodes        | 2812     |
|    fps             | 19       |
|    time_elapsed    | 7749     |
|    total_timesteps | 151900   |
| train/             |          |
|    actor_loss      | 0.0245   |
|    critic_loss     | 0.226    |
|    ent_coef        | 0.00375  |
|    ent_coef_loss   | 0.119    |
|    learning_rate   | 0.0003   |
|    n_updates       | 141890   |
---------------------------------
---------------------------------
| rollout/           |          |
|    ep_len_mean     | 57.4     |
|    ep_rew_mean     | 21.6     |
| time/              |          |
|    episodes        | 2816     |
|    fps             | 19       |
|    time_elapsed    | 7770     |
|    total_timesteps | 152330   |
| train/             |          |
|    actor_loss      | -0.0132  |
|    critic_loss     | 0.305    |
|    ent_coef        | 0.0036   |
|    ent_coef_loss   | -0.265   |
|    learning_rate   | 0.0003   |
|    n_updates       | 142320   |
---------------------------------
---------------------------------
| rollout/           |          |
|    ep_len_mean     | 57.8     |
|    ep_rew_mean     | 26.3     |
| time/              |          |
|    episodes        | 2820     |
|    fps             | 19       |
|    time_elapsed    | 7776     |
|    total_timesteps | 152440   |
| train/             |          |
|    actor_loss      | -0.0777  |
|    critic_loss     | 0.073    |
|    ent_coef        | 0.00354  |
|    ent_coef_loss   | -0.067   |
|    learning_rate   | 0.0003   |
|    n_updates       | 142430   |
---------------------------------
---------------------------------
| rollout/           |          |
|    ep_len_mean     | 57.2     |
|    ep_rew_mean     | 23.6     |
| time/              |          |
|    episodes        | 2824     |
|    fps             | 19       |
|    time_elapsed    | 7784     |
|    total_timesteps | 152590   |
| train/             |          |
|    actor_loss      | -0.0103  |
|    critic_loss     | 0.205    |
|    ent_coef        | 0.00353  |
|    ent_coef_loss   | -0.107   |
|    learning_rate   | 0.0003   |
|    n_updates       | 142580   |
---------------------------------
---------------------------------
| rollout/           |          |
|    ep_len_mean     | 56.4     |
|    ep_rew_mean     | 18.6     |
| time/              |          |
|    episodes        | 2828     |
|    fps             | 19       |
|    time_elapsed    | 7802     |
|    total_timesteps | 152930   |
| train/             |          |
|    actor_loss      | -0.0743  |
|    critic_loss     | 0.248    |
|    ent_coef        | 0.00341  |
|    ent_coef_loss   | -0.39    |
|    learning_rate   | 0.0003   |
|    n_updates       | 142920   |
---------------------------------
---------------------------------
| rollout/           |          |
|    ep_len_mean     | 56.6     |
|    ep_rew_mean     | 22.7     |
| time/              |          |
|    episodes        | 2832     |
|    fps             | 19       |
|    time_elapsed    | 7813     |
|    total_timesteps | 153170   |
| train/             |          |
|    actor_loss      | 0.0318   |
|    critic_loss     | 0.291    |
|    ent_coef        | 0.00335  |
|    ent_coef_loss   | 0.895    |
|    learning_rate   | 0.0003   |
|    n_updates       | 143160   |
---------------------------------
---------------------------------
| rollout/           |          |
|    ep_len_mean     | 56.7     |
|    ep_rew_mean     | 21.8     |
| time/              |          |
|    episodes        | 2836     |
|    fps             | 19       |
|    time_elapsed    | 7826     |
|    total_timesteps | 153430   |
| train/             |          |
|    actor_loss      | -0.0648  |
|    critic_loss     | 0.205    |
|    ent_coef        | 0.0034   |
|    ent_coef_loss   | 0.592    |
|    learning_rate   | 0.0003   |
|    n_updates       | 143420   |
---------------------------------
---------------------------------
| rollout/           |          |
|    ep_len_mean     | 57.3     |
|    ep_rew_mean     | 25.2     |
| time/              |          |
|    episodes        | 2840     |
|    fps             | 19       |
|    time_elapsed    | 7835     |
|    total_timesteps | 153630   |
| train/             |          |
|    actor_loss      | -0.0765  |
|    critic_loss     | 0.163    |
|    ent_coef        | 0.00346  |
|    ent_coef_loss   | -0.647   |
|    learning_rate   | 0.0003   |
|    n_updates       | 143620   |
---------------------------------
---------------------------------
| rollout/           |          |
|    ep_len_mean     | 57.4     |
|    ep_rew_mean     | 25.2     |
| time/              |          |
|    episodes        | 2844     |
|    fps             | 19       |
|    time_elapsed    | 7845     |
|    total_timesteps | 153830   |
| train/             |          |
|    actor_loss      | -0.0481  |
|    critic_loss     | 0.199    |
|    ent_coef        | 0.00351  |
|    ent_coef_loss   | 0.185    |
|    learning_rate   | 0.0003   |
|    n_updates       | 143820   |
---------------------------------
---------------------------------
| rollout/           |          |
|    ep_len_mean     | 57.5     |
|    ep_rew_mean     | 28.6     |
| time/              |          |
|    episodes        | 2848     |
|    fps             | 19       |
|    time_elapsed    | 7861     |
|    total_timesteps | 154170   |
| train/             |          |
|    actor_loss      | -0.0227  |
|    critic_loss     | 0.233    |
|    ent_coef        | 0.00355  |
|    ent_coef_loss   | 1.01     |
|    learning_rate   | 0.0003   |
|    n_updates       | 144160   |
---------------------------------
---------------------------------
| rollout/           |          |
|    ep_len_mean     | 57.4     |
|    ep_rew_mean     | 29.6     |
| time/              |          |
|    episodes        | 2852     |
|    fps             | 19       |
|    time_elapsed    | 7868     |
|    total_timesteps | 154310   |
| train/             |          |
|    actor_loss      | -0.057   |
|    critic_loss     | 0.119    |
|    ent_coef        | 0.00366  |
|    ent_coef_loss   | 0.712    |
|    learning_rate   | 0.0003   |
|    n_updates       | 144300   |
---------------------------------
---------------------------------
| rollout/           |          |
|    ep_len_mean     | 58       |
|    ep_rew_mean     | 33.4     |
| time/              |          |
|    episodes        | 2856     |
|    fps             | 19       |
|    time_elapsed    | 7889     |
|    total_timesteps | 154780   |
| train/             |          |
|    actor_loss      | -0.0222  |
|    critic_loss     | 0.263    |
|    ent_coef        | 0.00363  |
|    ent_coef_loss   | -0.0311  |
|    learning_rate   | 0.0003   |
|    n_updates       | 144770   |
---------------------------------
---------------------------------
| rollout/           |          |
|    ep_len_mean     | 58.4     |
|    ep_rew_mean     | 38.4     |
| time/              |          |
|    episodes        | 2860     |
|    fps             | 19       |
|    time_elapsed    | 7893     |
|    total_timesteps | 154850   |
| train/             |          |
|    actor_loss      | -0.0575  |
|    critic_loss     | 0.164    |
|    ent_coef        | 0.00364  |
|    ent_coef_loss   | -0.542   |
|    learning_rate   | 0.0003   |
|    n_updates       | 144840   |
---------------------------------
---------------------------------
| rollout/           |          |
|    ep_len_mean     | 58.5     |
|    ep_rew_mean     | 39.1     |
| time/              |          |
|    episodes        | 2864     |
|    fps             | 19       |
|    time_elapsed    | 7903     |
|    total_timesteps | 155070   |
| train/             |          |
|    actor_loss      | 0.0448   |
|    critic_loss     | 0.312    |
|    ent_coef        | 0.00362  |
|    ent_coef_loss   | 0.201    |
|    learning_rate   | 0.0003   |
|    n_updates       | 145060   |
---------------------------------
---------------------------------
| rollout/           |          |
|    ep_len_mean     | 58.8     |
|    ep_rew_mean     | 43.5     |
| time/              |          |
|    episodes        | 2868     |
|    fps             | 19       |
|    time_elapsed    | 7919     |
|    total_timesteps | 155410   |
| train/             |          |
|    actor_loss      | -0.0492  |
|    critic_loss     | 0.13     |
|    ent_coef        | 0.00342  |
|    ent_coef_loss   | -0.163   |
|    learning_rate   | 0.0003   |
|    n_updates       | 145400   |
---------------------------------
---------------------------------
| rollout/           |          |
|    ep_len_mean     | 59.1     |
|    ep_rew_mean     | 47.4     |
| time/              |          |
|    episodes        | 2872     |
|    fps             | 19       |
|    time_elapsed    | 7925     |
|    total_timesteps | 155540   |
| train/             |          |
|    actor_loss      | -0.0983  |
|    critic_loss     | 0.226    |
|    ent_coef        | 0.0034   |
|    ent_coef_loss   | -0.244   |
|    learning_rate   | 0.0003   |
|    n_updates       | 145530   |
---------------------------------
---------------------------------
| rollout/           |          |
|    ep_len_mean     | 59.4     |
|    ep_rew_mean     | 52.2     |
| time/              |          |
|    episodes        | 2876     |
|    fps             | 19       |
|    time_elapsed    | 7945     |
|    total_timesteps | 155950   |
| train/             |          |
|    actor_loss      | -0.072   |
|    critic_loss     | 0.198    |
|    ent_coef        | 0.00337  |
|    ent_coef_loss   | 0.174    |
|    learning_rate   | 0.0003   |
|    n_updates       | 145940   |
---------------------------------
---------------------------------
| rollout/           |          |
|    ep_len_mean     | 60.1     |
|    ep_rew_mean     | 58.7     |
| time/              |          |
|    episodes        | 2880     |
|    fps             | 19       |
|    time_elapsed    | 7957     |
|    total_timesteps | 156110   |
| train/             |          |
|    actor_loss      | -0.0499  |
|    critic_loss     | 0.166    |
|    ent_coef        | 0.00334  |
|    ent_coef_loss   | 0.437    |
|    learning_rate   | 0.0003   |
|    n_updates       | 146100   |
---------------------------------
---------------------------------
| rollout/           |          |
|    ep_len_mean     | 59.8     |
|    ep_rew_mean     | 54.8     |
| time/              |          |
|    episodes        | 2884     |
|    fps             | 19       |
|    time_elapsed    | 7966     |
|    total_timesteps | 156220   |
| train/             |          |
|    actor_loss      | -0.04    |
|    critic_loss     | 0.236    |
|    ent_coef        | 0.00339  |
|    ent_coef_loss   | -0.0335  |
|    learning_rate   | 0.0003   |
|    n_updates       | 146210   |
---------------------------------
---------------------------------
| rollout/           |          |
|    ep_len_mean     | 60.3     |
|    ep_rew_mean     | 58.4     |
| time/              |          |
|    episodes        | 2888     |
|    fps             | 19       |
|    time_elapsed    | 7990     |
|    total_timesteps | 156630   |
| train/             |          |
|    actor_loss      | -0.0337  |
|    critic_loss     | 0.261    |
|    ent_coef        | 0.00346  |
|    ent_coef_loss   | -0.248   |
|    learning_rate   | 0.0003   |
|    n_updates       | 146620   |
---------------------------------
---------------------------------
| rollout/           |          |
|    ep_len_mean     | 60.7     |
|    ep_rew_mean     | 62       |
| time/              |          |
|    episodes        | 2892     |
|    fps             | 19       |
|    time_elapsed    | 7998     |
|    total_timesteps | 156780   |
| train/             |          |
|    actor_loss      | -0.0542  |
|    critic_loss     | 0.21     |
|    ent_coef        | 0.00349  |
|    ent_coef_loss   | 0.342    |
|    learning_rate   | 0.0003   |
|    n_updates       | 146770   |
---------------------------------
---------------------------------
| rollout/           |          |
|    ep_len_mean     | 61       |
|    ep_rew_mean     | 61.4     |
| time/              |          |
|    episodes        | 2896     |
|    fps             | 19       |
|    time_elapsed    | 8013     |
|    total_timesteps | 157060   |
| train/             |          |
|    actor_loss      | -0.0401  |
|    critic_loss     | 0.248    |
|    ent_coef        | 0.00351  |
|    ent_coef_loss   | 0.475    |
|    learning_rate   | 0.0003   |
|    n_updates       | 147050   |
---------------------------------
---------------------------------
| rollout/           |          |
|    ep_len_mean     | 60.8     |
|    ep_rew_mean     | 57.4     |
| time/              |          |
|    episodes        | 2900     |
|    fps             | 19       |
|    time_elapsed    | 8024     |
|    total_timesteps | 157260   |
| train/             |          |
|    actor_loss      | -0.0779  |
|    critic_loss     | 0.19     |
|    ent_coef        | 0.0035   |
|    ent_coef_loss   | -0.977   |
|    learning_rate   | 0.0003   |
|    n_updates       | 147250   |
---------------------------------
---------------------------------
| rollout/           |          |
|    ep_len_mean     | 60.3     |
|    ep_rew_mean     | 53.2     |
| time/              |          |
|    episodes        | 2904     |
|    fps             | 19       |
|    time_elapsed    | 8035     |
|    total_timesteps | 157490   |
| train/             |          |
|    actor_loss      | -0.0737  |
|    critic_loss     | 0.221    |
|    ent_coef        | 0.00355  |
|    ent_coef_loss   | -0.378   |
|    learning_rate   | 0.0003   |
|    n_updates       | 147480   |
---------------------------------
---------------------------------
| rollout/           |          |
|    ep_len_mean     | 60.4     |
|    ep_rew_mean     | 53.2     |
| time/              |          |
|    episodes        | 2908     |
|    fps             | 19       |
|    time_elapsed    | 8050     |
|    total_timesteps | 157800   |
| train/             |          |
|    actor_loss      | -0.0791  |
|    critic_loss     | 0.104    |
|    ent_coef        | 0.00359  |
|    ent_coef_loss   | -0.163   |
|    learning_rate   | 0.0003   |
|    n_updates       | 147790   |
---------------------------------
---------------------------------
| rollout/           |          |
|    ep_len_mean     | 60.6     |
|    ep_rew_mean     | 59       |
| time/              |          |
|    episodes        | 2912     |
|    fps             | 19       |
|    time_elapsed    | 8056     |
|    total_timesteps | 157930   |
| train/             |          |
|    actor_loss      | -0.0746  |
|    critic_loss     | 0.122    |
|    ent_coef        | 0.00349  |
|    ent_coef_loss   | -0.722   |
|    learning_rate   | 0.0003   |
|    n_updates       | 147920   |
---------------------------------
---------------------------------
| rollout/           |          |
|    ep_len_mean     | 59.7     |
|    ep_rew_mean     | 50.7     |
| time/              |          |
|    episodes        | 2916     |
|    fps             | 19       |
|    time_elapsed    | 8063     |
|    total_timesteps | 158080   |
| train/             |          |
|    actor_loss      | -0.0527  |
|    critic_loss     | 0.163    |
|    ent_coef        | 0.00347  |
|    ent_coef_loss   | 0.458    |
|    learning_rate   | 0.0003   |
|    n_updates       | 148070   |
---------------------------------
---------------------------------
| rollout/           |          |
|    ep_len_mean     | 58.7     |
|    ep_rew_mean     | 42.3     |
| time/              |          |
|    episodes        | 2920     |
|    fps             | 19       |
|    time_elapsed    | 8075     |
|    total_timesteps | 158340   |
| train/             |          |
|    actor_loss      | -0.0648  |
|    critic_loss     | 0.336    |
|    ent_coef        | 0.00343  |
|    ent_coef_loss   | 0.218    |
|    learning_rate   | 0.0003   |
|    n_updates       | 148330   |
---------------------------------
---------------------------------
| rollout/           |          |
|    ep_len_mean     | 58.7     |
|    ep_rew_mean     | 42.4     |
| time/              |          |
|    episodes        | 2924     |
|    fps             | 19       |
|    time_elapsed    | 8087     |
|    total_timesteps | 158580   |
| train/             |          |
|    actor_loss      | -0.0423  |
|    critic_loss     | 0.233    |
|    ent_coef        | 0.00347  |
|    ent_coef_loss   | -0.131   |
|    learning_rate   | 0.0003   |
|    n_updates       | 148570   |
---------------------------------
---------------------------------
| rollout/           |          |
|    ep_len_mean     | 59.3     |
|    ep_rew_mean     | 47.4     |
| time/              |          |
|    episodes        | 2928     |
|    fps             | 19       |
|    time_elapsed    | 8096     |
|    total_timesteps | 158750   |
| train/             |          |
|    actor_loss      | -0.0672  |
|    critic_loss     | 0.229    |
|    ent_coef        | 0.0035   |
|    ent_coef_loss   | -0.339   |
|    learning_rate   | 0.0003   |
|    n_updates       | 148740   |
---------------------------------
---------------------------------
| rollout/           |          |
|    ep_len_mean     | 58.3     |
|    ep_rew_mean     | 34.4     |
| time/              |          |
|    episodes        | 2932     |
|    fps             | 19       |
|    time_elapsed    | 8101     |
|    total_timesteps | 158870   |
| train/             |          |
|    actor_loss      | -0.0791  |
|    critic_loss     | 0.117    |
|    ent_coef        | 0.00353  |
|    ent_coef_loss   | 0.0947   |
|    learning_rate   | 0.0003   |
|    n_updates       | 148860   |
---------------------------------
---------------------------------
| rollout/           |          |
|    ep_len_mean     | 57.6     |
|    ep_rew_mean     | 32       |
| time/              |          |
|    episodes        | 2936     |
|    fps             | 19       |
|    time_elapsed    | 8120     |
|    total_timesteps | 159270   |
| train/             |          |
|    actor_loss      | -0.0459  |
|    critic_loss     | 0.313    |
|    ent_coef        | 0.00347  |
|    ent_coef_loss   | 0.0975   |
|    learning_rate   | 0.0003   |
|    n_updates       | 149260   |
---------------------------------
---------------------------------
| rollout/           |          |
|    ep_len_mean     | 57.5     |
|    ep_rew_mean     | 32.2     |
| time/              |          |
|    episodes        | 2940     |
|    fps             | 19       |
|    time_elapsed    | 8124     |
|    total_timesteps | 159340   |
| train/             |          |
|    actor_loss      | -0.0745  |
|    critic_loss     | 0.275    |
|    ent_coef        | 0.00349  |
|    ent_coef_loss   | -0.257   |
|    learning_rate   | 0.0003   |
|    n_updates       | 149330   |
---------------------------------
---------------------------------
| rollout/           |          |
|    ep_len_mean     | 57.4     |
|    ep_rew_mean     | 31.3     |
| time/              |          |
|    episodes        | 2944     |
|    fps             | 19       |
|    time_elapsed    | 8129     |
|    total_timesteps | 159450   |
| train/             |          |
|    actor_loss      | -0.0599  |
|    critic_loss     | 0.177    |
|    ent_coef        | 0.00348  |
|    ent_coef_loss   | -0.216   |
|    learning_rate   | 0.0003   |
|    n_updates       | 149440   |
---------------------------------
---------------------------------
| rollout/           |          |
|    ep_len_mean     | 57.5     |
|    ep_rew_mean     | 36       |
| time/              |          |
|    episodes        | 2948     |
|    fps             | 19       |
|    time_elapsed    | 8152     |
|    total_timesteps | 159930   |
| train/             |          |
|    actor_loss      | -0.0684  |
|    critic_loss     | 0.121    |
|    ent_coef        | 0.00346  |
|    ent_coef_loss   | -0.0811  |
|    learning_rate   | 0.0003   |
|    n_updates       | 149920   |
---------------------------------
[CURRICULUM] t=160,000 -> scenario stage 2
---------------------------------
| rollout/           |          |
|    ep_len_mean     | 57.6     |
|    ep_rew_mean     | 35.9     |
| time/              |          |
|    episodes        | 2952     |
|    fps             | 19       |
|    time_elapsed    | 8158     |
|    total_timesteps | 160040   |
| train/             |          |
|    actor_loss      | -0.109   |
|    critic_loss     | 0.238    |
|    ent_coef        | 0.00344  |
|    ent_coef_loss   | -0.145   |
|    learning_rate   | 0.0003   |
|    n_updates       | 150030   |
---------------------------------
---------------------------------
| rollout/           |          |
|    ep_len_mean     | 56.6     |
|    ep_rew_mean     | 27.7     |
| time/              |          |
|    episodes        | 2956     |
|    fps             | 19       |
|    time_elapsed    | 8168     |
|    total_timesteps | 160250   |
| train/             |          |
|    actor_loss      | -0.0492  |
|    critic_loss     | 0.166    |
|    ent_coef        | 0.00347  |
|    ent_coef_loss   | 0.369    |
|    learning_rate   | 0.0003   |
|    n_updates       | 150240   |
---------------------------------
---------------------------------
| rollout/           |          |
|    ep_len_mean     | 55.7     |
|    ep_rew_mean     | 18.6     |
| time/              |          |
|    episodes        | 2960     |
|    fps             | 19       |
|    time_elapsed    | 8182     |
|    total_timesteps | 160540   |
| train/             |          |
|    actor_loss      | -0.0482  |
|    critic_loss     | 0.21     |
|    ent_coef        | 0.00344  |
|    ent_coef_loss   | -0.134   |
|    learning_rate   | 0.0003   |
|    n_updates       | 150530   |
---------------------------------
---------------------------------
| rollout/           |          |
|    ep_len_mean     | 56.1     |
|    ep_rew_mean     | 21.3     |
| time/              |          |
|    episodes        | 2964     |
|    fps             | 19       |
|    time_elapsed    | 8188     |
|    total_timesteps | 160670   |
| train/             |          |
|    actor_loss      | -0.101   |
|    critic_loss     | 0.116    |
|    ent_coef        | 0.00345  |
|    ent_coef_loss   | -0.169   |
|    learning_rate   | 0.0003   |
|    n_updates       | 150660   |
---------------------------------
---------------------------------
| rollout/           |          |
|    ep_len_mean     | 56       |
|    ep_rew_mean     | 17.6     |
| time/              |          |
|    episodes        | 2968     |
|    fps             | 19       |
|    time_elapsed    | 8201     |
|    total_timesteps | 160930   |
| train/             |          |
|    actor_loss      | -0.0107  |
|    critic_loss     | 0.28     |
|    ent_coef        | 0.00355  |
|    ent_coef_loss   | 0.54     |
|    learning_rate   | 0.0003   |
|    n_updates       | 150920   |
---------------------------------
---------------------------------
| rollout/           |          |
|    ep_len_mean     | 55.4     |
|    ep_rew_mean     | 10.2     |
| time/              |          |
|    episodes        | 2972     |
|    fps             | 19       |
|    time_elapsed    | 8213     |
|    total_timesteps | 161190   |
| train/             |          |
|    actor_loss      | -0.0559  |
|    critic_loss     | 0.223    |
|    ent_coef        | 0.00354  |
|    ent_coef_loss   | -0.0446  |
|    learning_rate   | 0.0003   |
|    n_updates       | 151180   |
---------------------------------
---------------------------------
| rollout/           |          |
|    ep_len_mean     | 55.2     |
|    ep_rew_mean     | 8.23     |
| time/              |          |
|    episodes        | 2976     |
|    fps             | 19       |
|    time_elapsed    | 8217     |
|    total_timesteps | 161270   |
| train/             |          |
|    actor_loss      | -0.0576  |
|    critic_loss     | 0.168    |
|    ent_coef        | 0.00353  |
|    ent_coef_loss   | 0.437    |
|    learning_rate   | 0.0003   |
|    n_updates       | 151260   |
---------------------------------
---------------------------------
| rollout/           |          |
|    ep_len_mean     | 54.4     |
|    ep_rew_mean     | 0.83     |
| time/              |          |
|    episodes        | 2980     |
|    fps             | 19       |
|    time_elapsed    | 8226     |
|    total_timesteps | 161440   |
| train/             |          |
|    actor_loss      | -0.0963  |
|    critic_loss     | 0.0944   |
|    ent_coef        | 0.00356  |
|    ent_coef_loss   | -0.183   |
|    learning_rate   | 0.0003   |
|    n_updates       | 151430   |
---------------------------------
---------------------------------
| rollout/           |          |
|    ep_len_mean     | 53.2     |
|    ep_rew_mean     | -11.5    |
| time/              |          |
|    episodes        | 2984     |
|    fps             | 19       |
|    time_elapsed    | 8237     |
|    total_timesteps | 161670   |
| train/             |          |
|    actor_loss      | -0.0386  |
|    critic_loss     | 0.254    |
|    ent_coef        | 0.00352  |
|    ent_coef_loss   | 0.134    |
|    learning_rate   | 0.0003   |
|    n_updates       | 151660   |
---------------------------------
---------------------------------
| rollout/           |          |
|    ep_len_mean     | 53.2     |
|    ep_rew_mean     | -11.1    |
| time/              |          |
|    episodes        | 2988     |
|    fps             | 19       |
|    time_elapsed    | 8242     |
|    total_timesteps | 161780   |
| train/             |          |
|    actor_loss      | -0.107   |
|    critic_loss     | 0.208    |
|    ent_coef        | 0.0035   |
|    ent_coef_loss   | -0.304   |
|    learning_rate   | 0.0003   |
|    n_updates       | 151770   |
---------------------------------
---------------------------------
| rollout/           |          |
|    ep_len_mean     | 52.7     |
|    ep_rew_mean     | -15.6    |
| time/              |          |
|    episodes        | 2992     |
|    fps             | 19       |
|    time_elapsed    | 8256     |
|    total_timesteps | 162060   |
| train/             |          |
|    actor_loss      | -0.125   |
|    critic_loss     | 0.195    |
|    ent_coef        | 0.00337  |
|    ent_coef_loss   | -0.0978  |
|    learning_rate   | 0.0003   |
|    n_updates       | 152050   |
---------------------------------
---------------------------------
| rollout/           |          |
|    ep_len_mean     | 52.2     |
|    ep_rew_mean     | -21.1    |
| time/              |          |
|    episodes        | 2996     |
|    fps             | 19       |
|    time_elapsed    | 8270     |
|    total_timesteps | 162340   |
| train/             |          |
|    actor_loss      | -0.0491  |
|    critic_loss     | 0.183    |
|    ent_coef        | 0.00334  |
|    ent_coef_loss   | -0.679   |
|    learning_rate   | 0.0003   |
|    n_updates       | 152330   |
---------------------------------
---------------------------------
| rollout/           |          |
|    ep_len_mean     | 52.1     |
|    ep_rew_mean     | -20.9    |
| time/              |          |
|    episodes        | 3000     |
|    fps             | 19       |
|    time_elapsed    | 8272     |
|    total_timesteps | 162390   |
| train/             |          |
|    actor_loss      | -0.0594  |
|    critic_loss     | 0.12     |
|    ent_coef        | 0.00335  |
|    ent_coef_loss   | 0.638    |
|    learning_rate   | 0.0003   |
|    n_updates       | 152380   |
---------------------------------
---------------------------------
| rollout/           |          |
|    ep_len_mean     | 51.5     |
|    ep_rew_mean     | -25.8    |
| time/              |          |
|    episodes        | 3004     |
|    fps             | 19       |
|    time_elapsed    | 8284     |
|    total_timesteps | 162640   |
| train/             |          |
|    actor_loss      | -0.0548  |
|    critic_loss     | 0.323    |
|    ent_coef        | 0.0034   |
|    ent_coef_loss   | 0.369    |
|    learning_rate   | 0.0003   |
|    n_updates       | 152630   |
---------------------------------
---------------------------------
| rollout/           |          |
|    ep_len_mean     | 50.8     |
|    ep_rew_mean     | -33.1    |
| time/              |          |
|    episodes        | 3008     |
|    fps             | 19       |
|    time_elapsed    | 8291     |
|    total_timesteps | 162770   |
| train/             |          |
|    actor_loss      | -0.0718  |
|    critic_loss     | 0.268    |
|    ent_coef        | 0.00344  |
|    ent_coef_loss   | -0.793   |
|    learning_rate   | 0.0003   |
|    n_updates       | 152760   |
---------------------------------
---------------------------------
| rollout/           |          |
|    ep_len_mean     | 50.4     |
|    ep_rew_mean     | -37.7    |
| time/              |          |
|    episodes        | 3012     |
|    fps             | 19       |
|    time_elapsed    | 8300     |
|    total_timesteps | 162960   |
| train/             |          |
|    actor_loss      | -0.0893  |
|    critic_loss     | 0.195    |
|    ent_coef        | 0.00339  |
|    ent_coef_loss   | -0.516   |
|    learning_rate   | 0.0003   |
|    n_updates       | 152950   |
---------------------------------
---------------------------------
| rollout/           |          |
|    ep_len_mean     | 50.5     |
|    ep_rew_mean     | -37.8    |
| time/              |          |
|    episodes        | 3016     |
|    fps             | 19       |
|    time_elapsed    | 8312     |
|    total_timesteps | 163220   |
| train/             |          |
|    actor_loss      | -0.0788  |
|    critic_loss     | 0.161    |
|    ent_coef        | 0.00338  |
|    ent_coef_loss   | -0.031   |
|    learning_rate   | 0.0003   |
|    n_updates       | 153210   |
---------------------------------
---------------------------------
| rollout/           |          |
|    ep_len_mean     | 51       |
|    ep_rew_mean     | -33.3    |
| time/              |          |
|    episodes        | 3020     |
|    fps             | 19       |
|    time_elapsed    | 8321     |
|    total_timesteps | 163380   |
| train/             |          |
|    actor_loss      | -0.09    |
|    critic_loss     | 0.115    |
|    ent_coef        | 0.00337  |
|    ent_coef_loss   | 0.12     |
|    learning_rate   | 0.0003   |
|    n_updates       | 153370   |
---------------------------------
---------------------------------
| rollout/           |          |
|    ep_len_mean     | 51.2     |
|    ep_rew_mean     | -31.4    |
| time/              |          |
|    episodes        | 3024     |
|    fps             | 19       |
|    time_elapsed    | 8337     |
|    total_timesteps | 163710   |
| train/             |          |
|    actor_loss      | -0.0863  |
|    critic_loss     | 0.164    |
|    ent_coef        | 0.00336  |
|    ent_coef_loss   | 0.737    |
|    learning_rate   | 0.0003   |
|    n_updates       | 153700   |
---------------------------------
---------------------------------
| rollout/           |          |
|    ep_len_mean     | 50.4     |
|    ep_rew_mean     | -40.6    |
| time/              |          |
|    episodes        | 3028     |
|    fps             | 19       |
|    time_elapsed    | 8343     |
|    total_timesteps | 163830   |
| train/             |          |
|    actor_loss      | -0.0689  |
|    critic_loss     | 0.197    |
|    ent_coef        | 0.00343  |
|    ent_coef_loss   | 0.856    |
|    learning_rate   | 0.0003   |
|    n_updates       | 153820   |
---------------------------------
---------------------------------
| rollout/           |          |
|    ep_len_mean     | 50.7     |
|    ep_rew_mean     | -37.2    |
| time/              |          |
|    episodes        | 3032     |
|    fps             | 19       |
|    time_elapsed    | 8353     |
|    total_timesteps | 164030   |
| train/             |          |
|    actor_loss      | -0.0987  |
|    critic_loss     | 0.152    |
|    ent_coef        | 0.00348  |
|    ent_coef_loss   | -0.679   |
|    learning_rate   | 0.0003   |
|    n_updates       | 154020   |
---------------------------------
---------------------------------
| rollout/           |          |
|    ep_len_mean     | 51.1     |
|    ep_rew_mean     | -38.1    |
| time/              |          |
|    episodes        | 3036     |
|    fps             | 19       |
|    time_elapsed    | 8363     |
|    total_timesteps | 164230   |
| train/             |          |
|    actor_loss      | -0.0722  |
|    critic_loss     | 0.25     |
|    ent_coef        | 0.00348  |
|    ent_coef_loss   | 0.0832   |
|    learning_rate   | 0.0003   |
|    n_updates       | 154220   |
---------------------------------
---------------------------------
| rollout/           |          |
|    ep_len_mean     | 51       |
|    ep_rew_mean     | -38.9    |
| time/              |          |
|    episodes        | 3040     |
|    fps             | 19       |
|    time_elapsed    | 8372     |
|    total_timesteps | 164420   |
| train/             |          |
|    actor_loss      | -0.0935  |
|    critic_loss     | 0.169    |
|    ent_coef        | 0.00351  |
|    ent_coef_loss   | -0.181   |
|    learning_rate   | 0.0003   |
|    n_updates       | 154410   |
---------------------------------
---------------------------------
| rollout/           |          |
|    ep_len_mean     | 50.1     |
|    ep_rew_mean     | -50.9    |
| time/              |          |
|    episodes        | 3044     |
|    fps             | 19       |
|    time_elapsed    | 8384     |
|    total_timesteps | 164640   |
| train/             |          |
|    actor_loss      | -0.0717  |
|    critic_loss     | 0.269    |
|    ent_coef        | 0.00353  |
|    ent_coef_loss   | -0.404   |
|    learning_rate   | 0.0003   |
|    n_updates       | 154630   |
---------------------------------
---------------------------------
| rollout/           |          |
|    ep_len_mean     | 49.4     |
|    ep_rew_mean     | -59.2    |
| time/              |          |
|    episodes        | 3048     |
|    fps             | 19       |
|    time_elapsed    | 8389     |
|    total_timesteps | 164750   |
| train/             |          |
|    actor_loss      | -0.0315  |
|    critic_loss     | 0.167    |
|    ent_coef        | 0.0035   |
|    ent_coef_loss   | -0.364   |
|    learning_rate   | 0.0003   |
|    n_updates       | 154740   |
---------------------------------
---------------------------------
| rollout/           |          |
|    ep_len_mean     | 48.5     |
|    ep_rew_mean     | -68.4    |
| time/              |          |
|    episodes        | 3052     |
|    fps             | 19       |
|    time_elapsed    | 8402     |
|    total_timesteps | 165020   |
| train/             |          |
|    actor_loss      | -0.0346  |
|    critic_loss     | 0.234    |
|    ent_coef        | 0.00347  |
|    ent_coef_loss   | 0.391    |
|    learning_rate   | 0.0003   |
|    n_updates       | 155010   |
---------------------------------
---------------------------------
| rollout/           |          |
|    ep_len_mean     | 49       |
|    ep_rew_mean     | -64.3    |
| time/              |          |
|    episodes        | 3056     |
|    fps             | 19       |
|    time_elapsed    | 8411     |
|    total_timesteps | 165190   |
| train/             |          |
|    actor_loss      | -0.0814  |
|    critic_loss     | 0.256    |
|    ent_coef        | 0.0034   |
|    ent_coef_loss   | -0.76    |
|    learning_rate   | 0.0003   |
|    n_updates       | 155180   |
---------------------------------
---------------------------------
| rollout/           |          |
|    ep_len_mean     | 49.2     |
|    ep_rew_mean     | -59.5    |
| time/              |          |
|    episodes        | 3060     |
|    fps             | 19       |
|    time_elapsed    | 8417     |
|    total_timesteps | 165320   |
| train/             |          |
|    actor_loss      | -0.0303  |
|    critic_loss     | 0.187    |
|    ent_coef        | 0.00334  |
|    ent_coef_loss   | -0.518   |
|    learning_rate   | 0.0003   |
|    n_updates       | 155310   |
---------------------------------
---------------------------------
| rollout/           |          |
|    ep_len_mean     | 48.4     |
|    ep_rew_mean     | -73.3    |
| time/              |          |
|    episodes        | 3064     |
|    fps             | 19       |
|    time_elapsed    | 8431     |
|    total_timesteps | 165600   |
| train/             |          |
|    actor_loss      | -0.0859  |
|    critic_loss     | 0.263    |
|    ent_coef        | 0.00327  |
|    ent_coef_loss   | 0.403    |
|    learning_rate   | 0.0003   |
|    n_updates       | 155590   |
---------------------------------
---------------------------------
| rollout/           |          |
|    ep_len_mean     | 48.1     |
|    ep_rew_mean     | -78      |
| time/              |          |
|    episodes        | 3068     |
|    fps             | 19       |
|    time_elapsed    | 8436     |
|    total_timesteps | 165700   |
| train/             |          |
|    actor_loss      | -0.0536  |
|    critic_loss     | 0.292    |
|    ent_coef        | 0.00333  |
|    ent_coef_loss   | 0.147    |
|    learning_rate   | 0.0003   |
|    n_updates       | 155690   |
---------------------------------
---------------------------------
| rollout/           |          |
|    ep_len_mean     | 47.8     |
|    ep_rew_mean     | -78.8    |
| time/              |          |
|    episodes        | 3072     |
|    fps             | 19       |
|    time_elapsed    | 8443     |
|    total_timesteps | 165840   |
| train/             |          |
|    actor_loss      | -0.0451  |
|    critic_loss     | 0.133    |
|    ent_coef        | 0.00338  |
|    ent_coef_loss   | -0.056   |
|    learning_rate   | 0.0003   |
|    n_updates       | 155830   |
---------------------------------
---------------------------------
| rollout/           |          |
|    ep_len_mean     | 46.7     |
|    ep_rew_mean     | -89.7    |
| time/              |          |
|    episodes        | 3076     |
|    fps             | 19       |
|    time_elapsed    | 8445     |
|    total_timesteps | 165880   |
| train/             |          |
|    actor_loss      | -0.0564  |
|    critic_loss     | 0.215    |
|    ent_coef        | 0.00337  |
|    ent_coef_loss   | -0.12    |
|    learning_rate   | 0.0003   |
|    n_updates       | 155870   |
---------------------------------
---------------------------------
| rollout/           |          |
|    ep_len_mean     | 46.8     |
|    ep_rew_mean     | -94      |
| time/              |          |
|    episodes        | 3080     |
|    fps             | 19       |
|    time_elapsed    | 8460     |
|    total_timesteps | 166190   |
| train/             |          |
|    actor_loss      | -0.00538 |
|    critic_loss     | 0.174    |
|    ent_coef        | 0.00338  |
|    ent_coef_loss   | 0.51     |
|    learning_rate   | 0.0003   |
|    n_updates       | 156180   |
---------------------------------
---------------------------------
| rollout/           |          |
|    ep_len_mean     | 47.6     |
|    ep_rew_mean     | -83      |
| time/              |          |
|    episodes        | 3084     |
|    fps             | 19       |
|    time_elapsed    | 8472     |
|    total_timesteps | 166430   |
| train/             |          |
|    actor_loss      | -0.0207  |
|    critic_loss     | 0.216    |
|    ent_coef        | 0.00333  |
|    ent_coef_loss   | -0.506   |
|    learning_rate   | 0.0003   |
|    n_updates       | 156420   |
---------------------------------
---------------------------------
| rollout/           |          |
|    ep_len_mean     | 47.7     |
|    ep_rew_mean     | -84.4    |
| time/              |          |
|    episodes        | 3088     |
|    fps             | 19       |
|    time_elapsed    | 8479     |
|    total_timesteps | 166580   |
| train/             |          |
|    actor_loss      | -0.0627  |
|    critic_loss     | 0.179    |
|    ent_coef        | 0.00332  |
|    ent_coef_loss   | 0.189    |
|    learning_rate   | 0.0003   |
|    n_updates       | 156570   |
---------------------------------
---------------------------------
| rollout/           |          |
|    ep_len_mean     | 47.4     |
|    ep_rew_mean     | -89      |
| time/              |          |
|    episodes        | 3092     |
|    fps             | 19       |
|    time_elapsed    | 8489     |
|    total_timesteps | 166790   |
| train/             |          |
|    actor_loss      | -0.0465  |
|    critic_loss     | 0.184    |
|    ent_coef        | 0.00328  |
|    ent_coef_loss   | 0.452    |
|    learning_rate   | 0.0003   |
|    n_updates       | 156780   |
---------------------------------
---------------------------------
| rollout/           |          |
|    ep_len_mean     | 47.5     |
|    ep_rew_mean     | -83.4    |
| time/              |          |
|    episodes        | 3096     |
|    fps             | 19       |
|    time_elapsed    | 8500     |
|    total_timesteps | 167010   |
| train/             |          |
|    actor_loss      | -0.0666  |
|    critic_loss     | 0.197    |
|    ent_coef        | 0.00334  |
|    ent_coef_loss   | 0.443    |
|    learning_rate   | 0.0003   |
|    n_updates       | 157000   |
---------------------------------
---------------------------------
| rollout/           |          |
|    ep_len_mean     | 47.5     |
|    ep_rew_mean     | -84.6    |
| time/              |          |
|    episodes        | 3100     |
|    fps             | 19       |
|    time_elapsed    | 8507     |
|    total_timesteps | 167140   |
| train/             |          |
|    actor_loss      | -0.0247  |
|    critic_loss     | 0.205    |
|    ent_coef        | 0.00335  |
|    ent_coef_loss   | -0.144   |
|    learning_rate   | 0.0003   |
|    n_updates       | 157130   |
---------------------------------
---------------------------------
| rollout/           |          |
|    ep_len_mean     | 47.9     |
|    ep_rew_mean     | -84.3    |
| time/              |          |
|    episodes        | 3104     |
|    fps             | 19       |
|    time_elapsed    | 8520     |
|    total_timesteps | 167420   |
| train/             |          |
|    actor_loss      | -0.0254  |
|    critic_loss     | 0.194    |
|    ent_coef        | 0.00345  |
|    ent_coef_loss   | -0.138   |
|    learning_rate   | 0.0003   |
|    n_updates       | 157410   |
---------------------------------
---------------------------------
| rollout/           |          |
|    ep_len_mean     | 48.4     |
|    ep_rew_mean     | -81.7    |
| time/              |          |
|    episodes        | 3108     |
|    fps             | 19       |
|    time_elapsed    | 8530     |
|    total_timesteps | 167610   |
| train/             |          |
|    actor_loss      | -0.0869  |
|    critic_loss     | 0.151    |
|    ent_coef        | 0.00345  |
|    ent_coef_loss   | 0.379    |
|    learning_rate   | 0.0003   |
|    n_updates       | 157600   |
---------------------------------
---------------------------------
| rollout/           |          |
|    ep_len_mean     | 48.5     |
|    ep_rew_mean     | -82.7    |
| time/              |          |
|    episodes        | 3112     |
|    fps             | 19       |
|    time_elapsed    | 8540     |
|    total_timesteps | 167830   |
| train/             |          |
|    actor_loss      | 0.0337   |
|    critic_loss     | 0.19     |
|    ent_coef        | 0.00342  |
|    ent_coef_loss   | 0.194    |
|    learning_rate   | 0.0003   |
|    n_updates       | 157820   |
---------------------------------
---------------------------------
| rollout/           |          |
|    ep_len_mean     | 48.5     |
|    ep_rew_mean     | -82.4    |
| time/              |          |
|    episodes        | 3116     |
|    fps             | 19       |
|    time_elapsed    | 8554     |
|    total_timesteps | 168100   |
| train/             |          |
|    actor_loss      | -0.0391  |
|    critic_loss     | 0.231    |
|    ent_coef        | 0.00346  |
|    ent_coef_loss   | 0.397    |
|    learning_rate   | 0.0003   |
|    n_updates       | 158090   |
---------------------------------
---------------------------------
| rollout/           |          |
|    ep_len_mean     | 48.8     |
|    ep_rew_mean     | -78.3    |
| time/              |          |
|    episodes        | 3120     |
|    fps             | 19       |
|    time_elapsed    | 8561     |
|    total_timesteps | 168240   |
| train/             |          |
|    actor_loss      | -0.0262  |
|    critic_loss     | 0.235    |
|    ent_coef        | 0.00356  |
|    ent_coef_loss   | -0.465   |
|    learning_rate   | 0.0003   |
|    n_updates       | 158230   |
---------------------------------
---------------------------------
| rollout/           |          |
|    ep_len_mean     | 48       |
|    ep_rew_mean     | -87.6    |
| time/              |          |
|    episodes        | 3124     |
|    fps             | 19       |
|    time_elapsed    | 8570     |
|    total_timesteps | 168420   |
| train/             |          |
|    actor_loss      | -0.00737 |
|    critic_loss     | 0.136    |
|    ent_coef        | 0.00343  |
|    ent_coef_loss   | -0.386   |
|    learning_rate   | 0.0003   |
|    n_updates       | 158410   |
---------------------------------
---------------------------------
| rollout/           |          |
|    ep_len_mean     | 48.3     |
|    ep_rew_mean     | -93.6    |
| time/              |          |
|    episodes        | 3128     |
|    fps             | 19       |
|    time_elapsed    | 8584     |
|    total_timesteps | 168720   |
| train/             |          |
|    actor_loss      | 0.00232  |
|    critic_loss     | 0.144    |
|    ent_coef        | 0.0034   |
|    ent_coef_loss   | 0.29     |
|    learning_rate   | 0.0003   |
|    n_updates       | 158710   |
---------------------------------
---------------------------------
| rollout/           |          |
|    ep_len_mean     | 48.9     |
|    ep_rew_mean     | -89.2    |
| time/              |          |
|    episodes        | 3132     |
|    fps             | 19       |
|    time_elapsed    | 8595     |
|    total_timesteps | 168940   |
| train/             |          |
|    actor_loss      | -0.0483  |
|    critic_loss     | 0.145    |
|    ent_coef        | 0.00337  |
|    ent_coef_loss   | 0.0661   |
|    learning_rate   | 0.0003   |
|    n_updates       | 158930   |
---------------------------------
---------------------------------
| rollout/           |          |
|    ep_len_mean     | 49       |
|    ep_rew_mean     | -89.5    |
| time/              |          |
|    episodes        | 3136     |
|    fps             | 19       |
|    time_elapsed    | 8601     |
|    total_timesteps | 169040   |
| train/             |          |
|    actor_loss      | -0.0176  |
|    critic_loss     | 0.185    |
|    ent_coef        | 0.00339  |
|    ent_coef_loss   | -0.124   |
|    learning_rate   | 0.0003   |
|    n_updates       | 159030   |
---------------------------------
---------------------------------
| rollout/           |          |
|    ep_len_mean     | 48.4     |
|    ep_rew_mean     | -97.8    |
| time/              |          |
|    episodes        | 3140     |
|    fps             | 19       |
|    time_elapsed    | 8617     |
|    total_timesteps | 169350   |
| train/             |          |
|    actor_loss      | 0.00315  |
|    critic_loss     | 0.162    |
|    ent_coef        | 0.00344  |
|    ent_coef_loss   | 0.528    |
|    learning_rate   | 0.0003   |
|    n_updates       | 159340   |
---------------------------------
---------------------------------
| rollout/           |          |
|    ep_len_mean     | 49.2     |
|    ep_rew_mean     | -90.8    |
| time/              |          |
|    episodes        | 3144     |
|    fps             | 19       |
|    time_elapsed    | 8629     |
|    total_timesteps | 169580   |
| train/             |          |
|    actor_loss      | 0.00287  |
|    critic_loss     | 0.269    |
|    ent_coef        | 0.00339  |
|    ent_coef_loss   | -0.782   |
|    learning_rate   | 0.0003   |
|    n_updates       | 159570   |
---------------------------------
---------------------------------
| rollout/           |          |
|    ep_len_mean     | 49.8     |
|    ep_rew_mean     | -86.3    |
| time/              |          |
|    episodes        | 3148     |
|    fps             | 19       |
|    time_elapsed    | 8635     |
|    total_timesteps | 169690   |
| train/             |          |
|    actor_loss      | -0.0184  |
|    critic_loss     | 0.181    |
|    ent_coef        | 0.00336  |
|    ent_coef_loss   | -0.0799  |
|    learning_rate   | 0.0003   |
|    n_updates       | 159680   |
---------------------------------
---------------------------------
| rollout/           |          |
|    ep_len_mean     | 49.6     |
|    ep_rew_mean     | -90.2    |
| time/              |          |
|    episodes        | 3152     |
|    fps             | 19       |
|    time_elapsed    | 8644     |
|    total_timesteps | 169860   |
| train/             |          |
|    actor_loss      | -0.0491  |
|    critic_loss     | 0.201    |
|    ent_coef        | 0.00335  |
|    ent_coef_loss   | -0.296   |
|    learning_rate   | 0.0003   |
|    n_updates       | 159850   |
---------------------------------
---------------------------------
| rollout/           |          |
|    ep_len_mean     | 49.7     |
|    ep_rew_mean     | -101     |
| time/              |          |
|    episodes        | 3156     |
|    fps             | 19       |
|    time_elapsed    | 8662     |
|    total_timesteps | 170220   |
| train/             |          |
|    actor_loss      | -0.0185  |
|    critic_loss     | 0.221    |
|    ent_coef        | 0.00329  |
|    ent_coef_loss   | -0.626   |
|    learning_rate   | 0.0003   |
|    n_updates       | 160210   |
---------------------------------
---------------------------------
| rollout/           |          |
|    ep_len_mean     | 49.8     |
|    ep_rew_mean     | -102     |
| time/              |          |
|    episodes        | 3160     |
|    fps             | 19       |
|    time_elapsed    | 8670     |
|    total_timesteps | 170390   |
| train/             |          |
|    actor_loss      | -0.118   |
|    critic_loss     | 0.159    |
|    ent_coef        | 0.00329  |
|    ent_coef_loss   | -0.519   |
|    learning_rate   | 0.0003   |
|    n_updates       | 160380   |
---------------------------------
---------------------------------
| rollout/           |          |
|    ep_len_mean     | 49.9     |
|    ep_rew_mean     | -95.5    |
| time/              |          |
|    episodes        | 3164     |
|    fps             | 19       |
|    time_elapsed    | 8675     |
|    total_timesteps | 170480   |
| train/             |          |
|    actor_loss      | -0.0202  |
|    critic_loss     | 0.102    |
|    ent_coef        | 0.00326  |
|    ent_coef_loss   | 0.0648   |
|    learning_rate   | 0.0003   |
|    n_updates       | 160470   |
---------------------------------
---------------------------------
| rollout/           |          |
|    ep_len_mean     | 49.7     |
|    ep_rew_mean     | -95.3    |
| time/              |          |
|    episodes        | 3168     |
|    fps             | 19       |
|    time_elapsed    | 8683     |
|    total_timesteps | 170650   |
| train/             |          |
|    actor_loss      | 0.0293   |
|    critic_loss     | 0.22     |
|    ent_coef        | 0.00322  |
|    ent_coef_loss   | 0.0265   |
|    learning_rate   | 0.0003   |
|    n_updates       | 160640   |
---------------------------------
---------------------------------
| rollout/           |          |
|    ep_len_mean     | 50.7     |
|    ep_rew_mean     | -88.1    |
| time/              |          |
|    episodes        | 3172     |
|    fps             | 19       |
|    time_elapsed    | 8704     |
|    total_timesteps | 171080   |
| train/             |          |
|    actor_loss      | 0.00185  |
|    critic_loss     | 0.111    |
|    ent_coef        | 0.0033   |
|    ent_coef_loss   | -0.618   |
|    learning_rate   | 0.0003   |
|    n_updates       | 161070   |
---------------------------------
---------------------------------
| rollout/           |          |
|    ep_len_mean     | 51.2     |
|    ep_rew_mean     | -84      |
| time/              |          |
|    episodes        | 3176     |
|    fps             | 19       |
|    time_elapsed    | 8705     |
|    total_timesteps | 171110   |
| train/             |          |
|    actor_loss      | -0.0206  |
|    critic_loss     | 0.109    |
|    ent_coef        | 0.0033   |
|    ent_coef_loss   | 0.244    |
|    learning_rate   | 0.0003   |
|    n_updates       | 161100   |
---------------------------------
---------------------------------
| rollout/           |          |
|    ep_len_mean     | 51.6     |
|    ep_rew_mean     | -76.1    |
| time/              |          |
|    episodes        | 3180     |
|    fps             | 19       |
|    time_elapsed    | 8712     |
|    total_timesteps | 171250   |
| train/             |          |
|    actor_loss      | -0.0279  |
|    critic_loss     | 0.141    |
|    ent_coef        | 0.00327  |
|    ent_coef_loss   | -0.911   |
|    learning_rate   | 0.0003   |
|    n_updates       | 161240   |
---------------------------------
---------------------------------
| rollout/           |          |
|    ep_len_mean     | 51.3     |
|    ep_rew_mean     | -82.8    |
| time/              |          |
|    episodes        | 3184     |
|    fps             | 19       |
|    time_elapsed    | 8728     |
|    total_timesteps | 171560   |
| train/             |          |
|    actor_loss      | -0.0358  |
|    critic_loss     | 0.157    |
|    ent_coef        | 0.00335  |
|    ent_coef_loss   | 0.0793   |
|    learning_rate   | 0.0003   |
|    n_updates       | 161550   |
---------------------------------
---------------------------------
| rollout/           |          |
|    ep_len_mean     | 51       |
|    ep_rew_mean     | -82.2    |
| time/              |          |
|    episodes        | 3188     |
|    fps             | 19       |
|    time_elapsed    | 8733     |
|    total_timesteps | 171670   |
| train/             |          |
|    actor_loss      | 0.0678   |
|    critic_loss     | 0.159    |
|    ent_coef        | 0.00343  |
|    ent_coef_loss   | 0.673    |
|    learning_rate   | 0.0003   |
|    n_updates       | 161660   |
---------------------------------
---------------------------------
| rollout/           |          |
|    ep_len_mean     | 51.5     |
|    ep_rew_mean     | -73.3    |
| time/              |          |
|    episodes        | 3192     |
|    fps             | 19       |
|    time_elapsed    | 8749     |
|    total_timesteps | 172010   |
| train/             |          |
|    actor_loss      | -0.0353  |
|    critic_loss     | 0.11     |
|    ent_coef        | 0.00338  |
|    ent_coef_loss   | -0.217   |
|    learning_rate   | 0.0003   |
|    n_updates       | 162000   |
---------------------------------
---------------------------------
| rollout/           |          |
|    ep_len_mean     | 52.2     |
|    ep_rew_mean     | -69.2    |
| time/              |          |
|    episodes        | 3196     |
|    fps             | 19       |
|    time_elapsed    | 8763     |
|    total_timesteps | 172310   |
| train/             |          |
|    actor_loss      | -0.0107  |
|    critic_loss     | 0.224    |
|    ent_coef        | 0.00336  |
|    ent_coef_loss   | 0.604    |
|    learning_rate   | 0.0003   |
|    n_updates       | 162300   |
---------------------------------
---------------------------------
| rollout/           |          |
|    ep_len_mean     | 52.4     |
|    ep_rew_mean     | -69.3    |
| time/              |          |
|    episodes        | 3200     |
|    fps             | 19       |
|    time_elapsed    | 8767     |
|    total_timesteps | 172380   |
| train/             |          |
|    actor_loss      | -0.0124  |
|    critic_loss     | 0.182    |
|    ent_coef        | 0.00339  |
|    ent_coef_loss   | -0.0409  |
|    learning_rate   | 0.0003   |
|    n_updates       | 162370   |
---------------------------------
---------------------------------
| rollout/           |          |
|    ep_len_mean     | 52.5     |
|    ep_rew_mean     | -74.3    |
| time/              |          |
|    episodes        | 3204     |
|    fps             | 19       |
|    time_elapsed    | 8781     |
|    total_timesteps | 172660   |
| train/             |          |
|    actor_loss      | -0.024   |
|    critic_loss     | 0.109    |
|    ent_coef        | 0.00338  |
|    ent_coef_loss   | -0.342   |
|    learning_rate   | 0.0003   |
|    n_updates       | 162650   |
---------------------------------
---------------------------------
| rollout/           |          |
|    ep_len_mean     | 51.5     |
|    ep_rew_mean     | -81.4    |
| time/              |          |
|    episodes        | 3208     |
|    fps             | 19       |
|    time_elapsed    | 8790     |
|    total_timesteps | 172860   |
| train/             |          |
|    actor_loss      | 0.0285   |
|    critic_loss     | 0.225    |
|    ent_coef        | 0.00336  |
|    ent_coef_loss   | -0.0439  |
|    learning_rate   | 0.0003   |
|    n_updates       | 162850   |
---------------------------------
---------------------------------
| rollout/           |          |
|    ep_len_mean     | 51.4     |
|    ep_rew_mean     | -81.3    |
| time/              |          |
|    episodes        | 3212     |
|    fps             | 19       |
|    time_elapsed    | 8796     |
|    total_timesteps | 172970   |
| train/             |          |
|    actor_loss      | 0.00654  |
|    critic_loss     | 0.171    |
|    ent_coef        | 0.00334  |
|    ent_coef_loss   | 0.25     |
|    learning_rate   | 0.0003   |
|    n_updates       | 162960   |
---------------------------------
---------------------------------
| rollout/           |          |
|    ep_len_mean     | 51.2     |
|    ep_rew_mean     | -86.6    |
| time/              |          |
|    episodes        | 3216     |
|    fps             | 19       |
|    time_elapsed    | 8808     |
|    total_timesteps | 173170   |
| train/             |          |
|    actor_loss      | 0.0585   |
|    critic_loss     | 0.263    |
|    ent_coef        | 0.00339  |
|    ent_coef_loss   | 0.148    |
|    learning_rate   | 0.0003   |
|    n_updates       | 163160   |
---------------------------------
---------------------------------
| rollout/           |          |
|    ep_len_mean     | 50.4     |
|    ep_rew_mean     | -95.8    |
| time/              |          |
|    episodes        | 3220     |
|    fps             | 19       |
|    time_elapsed    | 8818     |
|    total_timesteps | 173370   |
| train/             |          |
|    actor_loss      | 0.0131   |
|    critic_loss     | 0.17     |
|    ent_coef        | 0.00334  |
|    ent_coef_loss   | -0.0999  |
|    learning_rate   | 0.0003   |
|    n_updates       | 163360   |
---------------------------------
---------------------------------
| rollout/           |          |
|    ep_len_mean     | 51       |
|    ep_rew_mean     | -88.3    |
| time/              |          |
|    episodes        | 3224     |
|    fps             | 19       |
|    time_elapsed    | 8834     |
|    total_timesteps | 173670   |
| train/             |          |
|    actor_loss      | 0.025    |
|    critic_loss     | 0.195    |
|    ent_coef        | 0.00344  |
|    ent_coef_loss   | 0.0591   |
|    learning_rate   | 0.0003   |
|    n_updates       | 163660   |
---------------------------------
---------------------------------
| rollout/           |          |
|    ep_len_mean     | 51.4     |
|    ep_rew_mean     | -78.3    |
| time/              |          |
|    episodes        | 3228     |
|    fps             | 19       |
|    time_elapsed    | 8841     |
|    total_timesteps | 173800   |
| train/             |          |
|    actor_loss      | -0.0128  |
|    critic_loss     | 0.169    |
|    ent_coef        | 0.00351  |
|    ent_coef_loss   | -0.375   |
|    learning_rate   | 0.0003   |
|    n_updates       | 163790   |
---------------------------------
---------------------------------
| rollout/           |          |
|    ep_len_mean     | 51       |
|    ep_rew_mean     | -86.5    |
| time/              |          |
|    episodes        | 3232     |
|    fps             | 19       |
|    time_elapsed    | 8855     |
|    total_timesteps | 174080   |
| train/             |          |
|    actor_loss      | 0.0609   |
|    critic_loss     | 0.264    |
|    ent_coef        | 0.00349  |
|    ent_coef_loss   | -0.428   |
|    learning_rate   | 0.0003   |
|    n_updates       | 164070   |
---------------------------------
---------------------------------
| rollout/           |          |
|    ep_len_mean     | 50.6     |
|    ep_rew_mean     | -85.7    |
| time/              |          |
|    episodes        | 3236     |
|    fps             | 19       |
|    time_elapsed    | 8864     |
|    total_timesteps | 174250   |
| train/             |          |
|    actor_loss      | 0.0402   |
|    critic_loss     | 0.293    |
|    ent_coef        | 0.00344  |
|    ent_coef_loss   | 0.287    |
|    learning_rate   | 0.0003   |
|    n_updates       | 164240   |
---------------------------------
---------------------------------
| rollout/           |          |
|    ep_len_mean     | 51       |
|    ep_rew_mean     | -81.8    |
| time/              |          |
|    episodes        | 3240     |
|    fps             | 19       |
|    time_elapsed    | 8867     |
|    total_timesteps | 174310   |
| train/             |          |
|    actor_loss      | 0.012    |
|    critic_loss     | 0.199    |
|    ent_coef        | 0.00343  |
|    ent_coef_loss   | -0.251   |
|    learning_rate   | 0.0003   |
|    n_updates       | 164300   |
---------------------------------
---------------------------------
| rollout/           |          |
|    ep_len_mean     | 50.4     |
|    ep_rew_mean     | -84.6    |
| time/              |          |
|    episodes        | 3244     |
|    fps             | 19       |
|    time_elapsed    | 8877     |
|    total_timesteps | 174530   |
| train/             |          |
|    actor_loss      | 0.0389   |
|    critic_loss     | 0.211    |
|    ent_coef        | 0.00347  |
|    ent_coef_loss   | 0.352    |
|    learning_rate   | 0.0003   |
|    n_updates       | 164520   |
---------------------------------
---------------------------------
| rollout/           |          |
|    ep_len_mean     | 49.5     |
|    ep_rew_mean     | -93      |
| time/              |          |
|    episodes        | 3248     |
|    fps             | 19       |
|    time_elapsed    | 8887     |
|    total_timesteps | 174740   |
| train/             |          |
|    actor_loss      | -0.0118  |
|    critic_loss     | 0.147    |
|    ent_coef        | 0.00342  |
|    ent_coef_loss   | -0.647   |
|    learning_rate   | 0.0003   |
|    n_updates       | 164730   |
---------------------------------
---------------------------------
| rollout/           |          |
|    ep_len_mean     | 50.1     |
|    ep_rew_mean     | -84.9    |
| time/              |          |
|    episodes        | 3252     |
|    fps             | 19       |
|    time_elapsed    | 8894     |
|    total_timesteps | 174890   |
| train/             |          |
|    actor_loss      | -0.00793 |
|    critic_loss     | 0.203    |
|    ent_coef        | 0.0034   |
|    ent_coef_loss   | -0.499   |
|    learning_rate   | 0.0003   |
|    n_updates       | 164880   |
---------------------------------
---------------------------------
| rollout/           |          |
|    ep_len_mean     | 50.2     |
|    ep_rew_mean     | -75.7    |
| time/              |          |
|    episodes        | 3256     |
|    fps             | 19       |
|    time_elapsed    | 8910     |
|    total_timesteps | 175210   |
| train/             |          |
|    actor_loss      | 0.0488   |
|    critic_loss     | 0.291    |
|    ent_coef        | 0.00344  |
|    ent_coef_loss   | -0.29    |
|    learning_rate   | 0.0003   |
|    n_updates       | 165200   |
---------------------------------
---------------------------------
| rollout/           |          |
|    ep_len_mean     | 50       |
|    ep_rew_mean     | -74.3    |
| time/              |          |
|    episodes        | 3260     |
|    fps             | 19       |
|    time_elapsed    | 8916     |
|    total_timesteps | 175350   |
| train/             |          |
|    actor_loss      | 0.0474   |
|    critic_loss     | 0.222    |
|    ent_coef        | 0.00347  |
|    ent_coef_loss   | 0.448    |
|    learning_rate   | 0.0003   |
|    n_updates       | 165340   |
---------------------------------
---------------------------------
| rollout/           |          |
|    ep_len_mean     | 50.7     |
|    ep_rew_mean     | -66.2    |
| time/              |          |
|    episodes        | 3264     |
|    fps             | 19       |
|    time_elapsed    | 8928     |
|    total_timesteps | 175590   |
| train/             |          |
|    actor_loss      | 0.0307   |
|    critic_loss     | 0.192    |
|    ent_coef        | 0.00346  |
|    ent_coef_loss   | -0.137   |
|    learning_rate   | 0.0003   |
|    n_updates       | 165580   |
---------------------------------
---------------------------------
| rollout/           |          |
|    ep_len_mean     | 50.5     |
|    ep_rew_mean     | -71      |
| time/              |          |
|    episodes        | 3268     |
|    fps             | 19       |
|    time_elapsed    | 8938     |
|    total_timesteps | 175800   |
| train/             |          |
|    actor_loss      | 0.0326   |
|    critic_loss     | 0.22     |
|    ent_coef        | 0.00346  |
|    ent_coef_loss   | 0.225    |
|    learning_rate   | 0.0003   |
|    n_updates       | 165790   |
---------------------------------
---------------------------------
| rollout/           |          |
|    ep_len_mean     | 50.2     |
|    ep_rew_mean     | -74.4    |
| time/              |          |
|    episodes        | 3272     |
|    fps             | 19       |
|    time_elapsed    | 8946     |
|    total_timesteps | 175970   |
| train/             |          |
|    actor_loss      | 0.0177   |
|    critic_loss     | 0.235    |
|    ent_coef        | 0.00349  |
|    ent_coef_loss   | -0.238   |
|    learning_rate   | 0.0003   |
|    n_updates       | 165960   |
---------------------------------
---------------------------------
| rollout/           |          |
|    ep_len_mean     | 49.7     |
|    ep_rew_mean     | -74.7    |
| time/              |          |
|    episodes        | 3276     |
|    fps             | 19       |
|    time_elapsed    | 8954     |
|    total_timesteps | 176120   |
| train/             |          |
|    actor_loss      | 0.0422   |
|    critic_loss     | 0.192    |
|    ent_coef        | 0.0035   |
|    ent_coef_loss   | -0.867   |
|    learning_rate   | 0.0003   |
|    n_updates       | 166110   |
---------------------------------
---------------------------------
| rollout/           |          |
|    ep_len_mean     | 49.6     |
|    ep_rew_mean     | -74.4    |
| time/              |          |
|    episodes        | 3280     |
|    fps             | 19       |
|    time_elapsed    | 8960     |
|    total_timesteps | 176250   |
| train/             |          |
|    actor_loss      | -0.018   |
|    critic_loss     | 0.253    |
|    ent_coef        | 0.00348  |
|    ent_coef_loss   | 0.162    |
|    learning_rate   | 0.0003   |
|    n_updates       | 166240   |
---------------------------------
---------------------------------
| rollout/           |          |
|    ep_len_mean     | 49.4     |
|    ep_rew_mean     | -78.7    |
| time/              |          |
|    episodes        | 3284     |
|    fps             | 19       |
|    time_elapsed    | 8975     |
|    total_timesteps | 176550   |
| train/             |          |
|    actor_loss      | 0.0424   |
|    critic_loss     | 0.114    |
|    ent_coef        | 0.00346  |
|    ent_coef_loss   | -0.265   |
|    learning_rate   | 0.0003   |
|    n_updates       | 166540   |
---------------------------------
---------------------------------
| rollout/           |          |
|    ep_len_mean     | 49.6     |
|    ep_rew_mean     | -79.2    |
| time/              |          |
|    episodes        | 3288     |
|    fps             | 19       |
|    time_elapsed    | 8976     |
|    total_timesteps | 176570   |
| train/             |          |
|    actor_loss      | 0.0226   |
|    critic_loss     | 0.168    |
|    ent_coef        | 0.00345  |
|    ent_coef_loss   | -0.739   |
|    learning_rate   | 0.0003   |
|    n_updates       | 166560   |
---------------------------------
---------------------------------
| rollout/           |          |
|    ep_len_mean     | 49.3     |
|    ep_rew_mean     | -84.5    |
| time/              |          |
|    episodes        | 3292     |
|    fps             | 19       |
|    time_elapsed    | 8991     |
|    total_timesteps | 176880   |
| train/             |          |
|    actor_loss      | 0.0533   |
|    critic_loss     | 0.174    |
|    ent_coef        | 0.00341  |
|    ent_coef_loss   | 0.16     |
|    learning_rate   | 0.0003   |
|    n_updates       | 166870   |
---------------------------------
---------------------------------
| rollout/           |          |
|    ep_len_mean     | 48.4     |
|    ep_rew_mean     | -92.9    |
| time/              |          |
|    episodes        | 3296     |
|    fps             | 19       |
|    time_elapsed    | 9003     |
|    total_timesteps | 177120   |
| train/             |          |
|    actor_loss      | 0.0292   |
|    critic_loss     | 0.214    |
|    ent_coef        | 0.00341  |
|    ent_coef_loss   | 0.184    |
|    learning_rate   | 0.0003   |
|    n_updates       | 167110   |
---------------------------------
---------------------------------
| rollout/           |          |
|    ep_len_mean     | 47.2     |
|    ep_rew_mean     | -105     |
| time/              |          |
|    episodes        | 3300     |
|    fps             | 19       |
|    time_elapsed    | 9004     |
|    total_timesteps | 177140   |
| train/             |          |
|    actor_loss      | -0.00462 |
|    critic_loss     | 0.183    |
|    ent_coef        | 0.00341  |
|    ent_coef_loss   | -0.126   |
|    learning_rate   | 0.0003   |
|    n_updates       | 167130   |
---------------------------------
---------------------------------
| rollout/           |          |
|    ep_len_mean     | 47       |
|    ep_rew_mean     | -95      |
| time/              |          |
|    episodes        | 3304     |
|    fps             | 19       |
|    time_elapsed    | 9012     |
|    total_timesteps | 177320   |
| train/             |          |
|    actor_loss      | 0.0905   |
|    critic_loss     | 0.257    |
|    ent_coef        | 0.00343  |
|    ent_coef_loss   | 0.315    |
|    learning_rate   | 0.0003   |
|    n_updates       | 167310   |
---------------------------------
---------------------------------
| rollout/           |          |
|    ep_len_mean     | 47       |
|    ep_rew_mean     | -100     |
| time/              |          |
|    episodes        | 3308     |
|    fps             | 19       |
|    time_elapsed    | 9023     |
|    total_timesteps | 177540   |
| train/             |          |
|    actor_loss      | 0.053    |
|    critic_loss     | 0.168    |
|    ent_coef        | 0.00344  |
|    ent_coef_loss   | 0.159    |
|    learning_rate   | 0.0003   |
|    n_updates       | 167530   |
---------------------------------
---------------------------------
| rollout/           |          |
|    ep_len_mean     | 47.1     |
|    ep_rew_mean     | -99.7    |
| time/              |          |
|    episodes        | 3312     |
|    fps             | 19       |
|    time_elapsed    | 9031     |
|    total_timesteps | 177700   |
| train/             |          |
|    actor_loss      | 0.0546   |
|    critic_loss     | 0.218    |
|    ent_coef        | 0.00353  |
|    ent_coef_loss   | -0.0451  |
|    learning_rate   | 0.0003   |
|    n_updates       | 167690   |
---------------------------------
---------------------------------
| rollout/           |          |
|    ep_len_mean     | 47       |
|    ep_rew_mean     | -94.9    |
| time/              |          |
|    episodes        | 3316     |
|    fps             | 19       |
|    time_elapsed    | 9035     |
|    total_timesteps | 177770   |
| train/             |          |
|    actor_loss      | 0.0857   |
|    critic_loss     | 0.164    |
|    ent_coef        | 0.00353  |
|    ent_coef_loss   | 0.0719   |
|    learning_rate   | 0.0003   |
|    n_updates       | 167760   |
---------------------------------
---------------------------------
| rollout/           |          |
|    ep_len_mean     | 46.7     |
|    ep_rew_mean     | -97.9    |
| time/              |          |
|    episodes        | 3320     |
|    fps             | 19       |
|    time_elapsed    | 9044     |
|    total_timesteps | 177970   |
| train/             |          |
|    actor_loss      | -0.00538 |
|    critic_loss     | 0.148    |
|    ent_coef        | 0.00349  |
|    ent_coef_loss   | -0.516   |
|    learning_rate   | 0.0003   |
|    n_updates       | 167960   |
---------------------------------
---------------------------------
| rollout/           |          |
|    ep_len_mean     | 46.2     |
|    ep_rew_mean     | -103     |
| time/              |          |
|    episodes        | 3324     |
|    fps             | 19       |
|    time_elapsed    | 9056     |
|    total_timesteps | 178220   |
| train/             |          |
|    actor_loss      | 0.0854   |
|    critic_loss     | 0.234    |
|    ent_coef        | 0.00339  |
|    ent_coef_loss   | -0.0859  |
|    learning_rate   | 0.0003   |
|    n_updates       | 168210   |
---------------------------------
---------------------------------
| rollout/           |          |
|    ep_len_mean     | 45.9     |
|    ep_rew_mean     | -104     |
| time/              |          |
|    episodes        | 3328     |
|    fps             | 19       |
|    time_elapsed    | 9062     |
|    total_timesteps | 178330   |
| train/             |          |
|    actor_loss      | 0.0688   |
|    critic_loss     | 0.268    |
|    ent_coef        | 0.00342  |
|    ent_coef_loss   | 0.679    |
|    learning_rate   | 0.0003   |
|    n_updates       | 168320   |
---------------------------------
---------------------------------
| rollout/           |          |
|    ep_len_mean     | 45.3     |
|    ep_rew_mean     | -103     |
| time/              |          |
|    episodes        | 3332     |
|    fps             | 19       |
|    time_elapsed    | 9071     |
|    total_timesteps | 178530   |
| train/             |          |
|    actor_loss      | 0.0214   |
|    critic_loss     | 0.169    |
|    ent_coef        | 0.00349  |
|    ent_coef_loss   | 0.294    |
|    learning_rate   | 0.0003   |
|    n_updates       | 168520   |
---------------------------------
---------------------------------
| rollout/           |          |
|    ep_len_mean     | 44.9     |
|    ep_rew_mean     | -108     |
| time/              |          |
|    episodes        | 3336     |
|    fps             | 19       |
|    time_elapsed    | 9076     |
|    total_timesteps | 178620   |
| train/             |          |
|    actor_loss      | 0.0595   |
|    critic_loss     | 0.194    |
|    ent_coef        | 0.00348  |
|    ent_coef_loss   | -0.375   |
|    learning_rate   | 0.0003   |
|    n_updates       | 168610   |
---------------------------------
---------------------------------
| rollout/           |          |
|    ep_len_mean     | 44.8     |
|    ep_rew_mean     | -110     |
| time/              |          |
|    episodes        | 3340     |
|    fps             | 19       |
|    time_elapsed    | 9086     |
|    total_timesteps | 178830   |
| train/             |          |
|    actor_loss      | 0.0423   |
|    critic_loss     | 0.2      |
|    ent_coef        | 0.00337  |
|    ent_coef_loss   | -0.491   |
|    learning_rate   | 0.0003   |
|    n_updates       | 168820   |
---------------------------------
---------------------------------
| rollout/           |          |
|    ep_len_mean     | 44.5     |
|    ep_rew_mean     | -118     |
| time/              |          |
|    episodes        | 3344     |
|    fps             | 19       |
|    time_elapsed    | 9094     |
|    total_timesteps | 178980   |
| train/             |          |
|    actor_loss      | 0.0476   |
|    critic_loss     | 0.216    |
|    ent_coef        | 0.00332  |
|    ent_coef_loss   | -0.418   |
|    learning_rate   | 0.0003   |
|    n_updates       | 168970   |
---------------------------------
---------------------------------
| rollout/           |          |
|    ep_len_mean     | 44.3     |
|    ep_rew_mean     | -118     |
| time/              |          |
|    episodes        | 3348     |
|    fps             | 19       |
|    time_elapsed    | 9102     |
|    total_timesteps | 179150   |
| train/             |          |
|    actor_loss      | 0.142    |
|    critic_loss     | 0.162    |
|    ent_coef        | 0.00327  |
|    ent_coef_loss   | -0.0521  |
|    learning_rate   | 0.0003   |
|    n_updates       | 169140   |
---------------------------------
---------------------------------
| rollout/           |          |
|    ep_len_mean     | 44.7     |
|    ep_rew_mean     | -116     |
| time/              |          |
|    episodes        | 3352     |
|    fps             | 19       |
|    time_elapsed    | 9115     |
|    total_timesteps | 179430   |
| train/             |          |
|    actor_loss      | 0.119    |
|    critic_loss     | 0.216    |
|    ent_coef        | 0.00333  |
|    ent_coef_loss   | -0.25    |
|    learning_rate   | 0.0003   |
|    n_updates       | 169420   |
---------------------------------
---------------------------------
| rollout/           |          |
|    ep_len_mean     | 44.1     |
|    ep_rew_mean     | -119     |
| time/              |          |
|    episodes        | 3356     |
|    fps             | 19       |
|    time_elapsed    | 9120     |
|    total_timesteps | 179530   |
| train/             |          |
|    actor_loss      | 0.0243   |
|    critic_loss     | 0.145    |
|    ent_coef        | 0.00333  |
|    ent_coef_loss   | -0.00989 |
|    learning_rate   | 0.0003   |
|    n_updates       | 169520   |
---------------------------------
---------------------------------
| rollout/           |          |
|    ep_len_mean     | 43.9     |
|    ep_rew_mean     | -124     |
| time/              |          |
|    episodes        | 3360     |
|    fps             | 19       |
|    time_elapsed    | 9127     |
|    total_timesteps | 179670   |
| train/             |          |
|    actor_loss      | 0.0593   |
|    critic_loss     | 0.23     |
|    ent_coef        | 0.00334  |
|    ent_coef_loss   | -0.078   |
|    learning_rate   | 0.0003   |
|    n_updates       | 169660   |
---------------------------------
---------------------------------
| rollout/           |          |
|    ep_len_mean     | 42.6     |
|    ep_rew_mean     | -137     |
| time/              |          |
|    episodes        | 3364     |
|    fps             | 19       |
|    time_elapsed    | 9135     |
|    total_timesteps | 179850   |
| train/             |          |
|    actor_loss      | 0.0644   |
|    critic_loss     | 0.268    |
|    ent_coef        | 0.00333  |
|    ent_coef_loss   | -0.0977  |
|    learning_rate   | 0.0003   |
|    n_updates       | 169840   |
---------------------------------
---------------------------------
| rollout/           |          |
|    ep_len_mean     | 42.5     |
|    ep_rew_mean     | -136     |
| time/              |          |
|    episodes        | 3368     |
|    fps             | 19       |
|    time_elapsed    | 9141     |
|    total_timesteps | 179960   |
| train/             |          |
|    actor_loss      | 0.0552   |
|    critic_loss     | 0.259    |
|    ent_coef        | 0.00336  |
|    ent_coef_loss   | 0.0393   |
|    learning_rate   | 0.0003   |
|    n_updates       | 169950   |
---------------------------------
---------------------------------
| rollout/           |          |
|    ep_len_mean     | 42.1     |
|    ep_rew_mean     | -144     |
| time/              |          |
|    episodes        | 3372     |
|    fps             | 19       |
|    time_elapsed    | 9152     |
|    total_timesteps | 180180   |
| train/             |          |
|    actor_loss      | 0.0691   |
|    critic_loss     | 0.186    |
|    ent_coef        | 0.00338  |
|    ent_coef_loss   | -0.00904 |
|    learning_rate   | 0.0003   |
|    n_updates       | 170170   |
---------------------------------
---------------------------------
| rollout/           |          |
|    ep_len_mean     | 42.7     |
|    ep_rew_mean     | -135     |
| time/              |          |
|    episodes        | 3376     |
|    fps             | 19       |
|    time_elapsed    | 9164     |
|    total_timesteps | 180430   |
| train/             |          |
|    actor_loss      | 0.0701   |
|    critic_loss     | 0.215    |
|    ent_coef        | 0.00342  |
|    ent_coef_loss   | 0.197    |
|    learning_rate   | 0.0003   |
|    n_updates       | 170420   |
---------------------------------
---------------------------------
| rollout/           |          |
|    ep_len_mean     | 42.9     |
|    ep_rew_mean     | -134     |
| time/              |          |
|    episodes        | 3380     |
|    fps             | 19       |
|    time_elapsed    | 9169     |
|    total_timesteps | 180530   |
| train/             |          |
|    actor_loss      | 0.068    |
|    critic_loss     | 0.192    |
|    ent_coef        | 0.00339  |
|    ent_coef_loss   | 0.171    |
|    learning_rate   | 0.0003   |
|    n_updates       | 170520   |
---------------------------------
---------------------------------
| rollout/           |          |
|    ep_len_mean     | 43.8     |
|    ep_rew_mean     | -119     |
| time/              |          |
|    episodes        | 3384     |
|    fps             | 19       |
|    time_elapsed    | 9182     |
|    total_timesteps | 180810   |
| train/             |          |
|    actor_loss      | 0.0886   |
|    critic_loss     | 0.248    |
|    ent_coef        | 0.00337  |
|    ent_coef_loss   | 0.133    |
|    learning_rate   | 0.0003   |
|    n_updates       | 170800   |
---------------------------------
---------------------------------
| rollout/           |          |
|    ep_len_mean     | 43.6     |
|    ep_rew_mean     | -121     |
| time/              |          |
|    episodes        | 3388     |
|    fps             | 19       |
|    time_elapsed    | 9193     |
|    total_timesteps | 181040   |
| train/             |          |
|    actor_loss      | 0.0115   |
|    critic_loss     | 0.156    |
|    ent_coef        | 0.00336  |
|    ent_coef_loss   | 0.289    |
|    learning_rate   | 0.0003   |
|    n_updates       | 171030   |
---------------------------------
---------------------------------
| rollout/           |          |
|    ep_len_mean     | 43.7     |
|    ep_rew_mean     | -125     |
| time/              |          |
|    episodes        | 3392     |
|    fps             | 19       |
|    time_elapsed    | 9207     |
|    total_timesteps | 181330   |
| train/             |          |
|    actor_loss      | 0.045    |
|    critic_loss     | 0.189    |
|    ent_coef        | 0.00339  |
|    ent_coef_loss   | -0.455   |
|    learning_rate   | 0.0003   |
|    n_updates       | 171320   |
---------------------------------
---------------------------------
| rollout/           |          |
|    ep_len_mean     | 43.7     |
|    ep_rew_mean     | -125     |
| time/              |          |
|    episodes        | 3396     |
|    fps             | 19       |
|    time_elapsed    | 9214     |
|    total_timesteps | 181450   |
| train/             |          |
|    actor_loss      | 0.115    |
|    critic_loss     | 0.304    |
|    ent_coef        | 0.00342  |
|    ent_coef_loss   | 0.369    |
|    learning_rate   | 0.0003   |
|    n_updates       | 171440   |
---------------------------------
---------------------------------
| rollout/           |          |
|    ep_len_mean     | 44.6     |
|    ep_rew_mean     | -113     |
| time/              |          |
|    episodes        | 3400     |
|    fps             | 19       |
|    time_elapsed    | 9220     |
|    total_timesteps | 181590   |
| train/             |          |
|    actor_loss      | 0.0756   |
|    critic_loss     | 0.201    |
|    ent_coef        | 0.00341  |
|    ent_coef_loss   | -0.644   |
|    learning_rate   | 0.0003   |
|    n_updates       | 171580   |
---------------------------------
---------------------------------
| rollout/           |          |
|    ep_len_mean     | 44.5     |
|    ep_rew_mean     | -121     |
| time/              |          |
|    episodes        | 3404     |
|    fps             | 19       |
|    time_elapsed    | 9230     |
|    total_timesteps | 181780   |
| train/             |          |
|    actor_loss      | -0.00943 |
|    critic_loss     | 0.177    |
|    ent_coef        | 0.00339  |
|    ent_coef_loss   | 0.436    |
|    learning_rate   | 0.0003   |
|    n_updates       | 171770   |
---------------------------------
---------------------------------
| rollout/           |          |
|    ep_len_mean     | 44.9     |
|    ep_rew_mean     | -117     |
| time/              |          |
|    episodes        | 3408     |
|    fps             | 19       |
|    time_elapsed    | 9244     |
|    total_timesteps | 182080   |
| train/             |          |
|    actor_loss      | -0.0279  |
|    critic_loss     | 0.208    |
|    ent_coef        | 0.00342  |
|    ent_coef_loss   | -0.0513  |
|    learning_rate   | 0.0003   |
|    n_updates       | 172070   |
---------------------------------
---------------------------------
| rollout/           |          |
|    ep_len_mean     | 45.6     |
|    ep_rew_mean     | -104     |
| time/              |          |
|    episodes        | 3412     |
|    fps             | 19       |
|    time_elapsed    | 9252     |
|    total_timesteps | 182230   |
| train/             |          |
|    actor_loss      | 0.0705   |
|    critic_loss     | 0.268    |
|    ent_coef        | 0.00347  |
|    ent_coef_loss   | -0.138   |
|    learning_rate   | 0.0003   |
|    n_updates       | 172220   |
---------------------------------
---------------------------------
| rollout/           |          |
|    ep_len_mean     | 45.3     |
|    ep_rew_mean     | -107     |
| time/              |          |
|    episodes        | 3416     |
|    fps             | 19       |
|    time_elapsed    | 9258     |
|    total_timesteps | 182350   |
| train/             |          |
|    actor_loss      | 0.0445   |
|    critic_loss     | 0.165    |
|    ent_coef        | 0.00353  |
|    ent_coef_loss   | -0.198   |
|    learning_rate   | 0.0003   |
|    n_updates       | 172340   |
---------------------------------
---------------------------------
| rollout/           |          |
|    ep_len_mean     | 45.9     |
|    ep_rew_mean     | -104     |
| time/              |          |
|    episodes        | 3420     |
|    fps             | 19       |
|    time_elapsed    | 9268     |
|    total_timesteps | 182570   |
| train/             |          |
|    actor_loss      | 0.0279   |
|    critic_loss     | 0.142    |
|    ent_coef        | 0.0035   |
|    ent_coef_loss   | 0.067    |
|    learning_rate   | 0.0003   |
|    n_updates       | 172560   |
---------------------------------
---------------------------------
| rollout/           |          |
|    ep_len_mean     | 45.5     |
|    ep_rew_mean     | -108     |
| time/              |          |
|    episodes        | 3424     |
|    fps             | 19       |
|    time_elapsed    | 9274     |
|    total_timesteps | 182670   |
| train/             |          |
|    actor_loss      | 0.022    |
|    critic_loss     | 0.269    |
|    ent_coef        | 0.0035   |
|    ent_coef_loss   | 0.537    |
|    learning_rate   | 0.0003   |
|    n_updates       | 172660   |
---------------------------------
---------------------------------
| rollout/           |          |
|    ep_len_mean     | 45.3     |
|    ep_rew_mean     | -112     |
| time/              |          |
|    episodes        | 3428     |
|    fps             | 19       |
|    time_elapsed    | 9288     |
|    total_timesteps | 182960   |
| train/             |          |
|    actor_loss      | 0.0965   |
|    critic_loss     | 0.135    |
|    ent_coef        | 0.0035   |
|    ent_coef_loss   | -0.121   |
|    learning_rate   | 0.0003   |
|    n_updates       | 172950   |
---------------------------------
---------------------------------
| rollout/           |          |
|    ep_len_mean     | 45.8     |
|    ep_rew_mean     | -117     |
| time/              |          |
|    episodes        | 3432     |
|    fps             | 19       |
|    time_elapsed    | 9292     |
|    total_timesteps | 183040   |
| train/             |          |
|    actor_loss      | 0.0763   |
|    critic_loss     | 0.213    |
|    ent_coef        | 0.00348  |
|    ent_coef_loss   | 0.207    |
|    learning_rate   | 0.0003   |
|    n_updates       | 173030   |
---------------------------------
---------------------------------
| rollout/           |          |
|    ep_len_mean     | 45.9     |
|    ep_rew_mean     | -114     |
| time/              |          |
|    episodes        | 3436     |
|    fps             | 19       |
|    time_elapsed    | 9303     |
|    total_timesteps | 183260   |
| train/             |          |
|    actor_loss      | 0.0782   |
|    critic_loss     | 0.209    |
|    ent_coef        | 0.0035   |
|    ent_coef_loss   | 0.121    |
|    learning_rate   | 0.0003   |
|    n_updates       | 173250   |
---------------------------------
---------------------------------
| rollout/           |          |
|    ep_len_mean     | 46.4     |
|    ep_rew_mean     | -110     |
| time/              |          |
|    episodes        | 3440     |
|    fps             | 19       |
|    time_elapsed    | 9314     |
|    total_timesteps | 183480   |
| train/             |          |
|    actor_loss      | 0.0817   |
|    critic_loss     | 0.228    |
|    ent_coef        | 0.00358  |
|    ent_coef_loss   | -0.89    |
|    learning_rate   | 0.0003   |
|    n_updates       | 173470   |
---------------------------------
---------------------------------
| rollout/           |          |
|    ep_len_mean     | 46       |
|    ep_rew_mean     | -110     |
| time/              |          |
|    episodes        | 3444     |
|    fps             | 19       |
|    time_elapsed    | 9320     |
|    total_timesteps | 183600   |
| train/             |          |
|    actor_loss      | 0.129    |
|    critic_loss     | 0.342    |
|    ent_coef        | 0.00349  |
|    ent_coef_loss   | 0.312    |
|    learning_rate   | 0.0003   |
|    n_updates       | 173590   |
---------------------------------
---------------------------------
| rollout/           |          |
|    ep_len_mean     | 46.8     |
|    ep_rew_mean     | -106     |
| time/              |          |
|    episodes        | 3448     |
|    fps             | 19       |
|    time_elapsed    | 9328     |
|    total_timesteps | 183760   |
| train/             |          |
|    actor_loss      | 0.0562   |
|    critic_loss     | 0.213    |
|    ent_coef        | 0.00349  |
|    ent_coef_loss   | 0.0891   |
|    learning_rate   | 0.0003   |
|    n_updates       | 173750   |
---------------------------------
---------------------------------
| rollout/           |          |
|    ep_len_mean     | 45.6     |
|    ep_rew_mean     | -117     |
| time/              |          |
|    episodes        | 3452     |
|    fps             | 19       |
|    time_elapsed    | 9333     |
|    total_timesteps | 183870   |
| train/             |          |
|    actor_loss      | 0.127    |
|    critic_loss     | 0.131    |
|    ent_coef        | 0.00351  |
|    ent_coef_loss   | -0.00452 |
|    learning_rate   | 0.0003   |
|    n_updates       | 173860   |
---------------------------------
---------------------------------
| rollout/           |          |
|    ep_len_mean     | 45.6     |
|    ep_rew_mean     | -117     |
| time/              |          |
|    episodes        | 3456     |
|    fps             | 19       |
|    time_elapsed    | 9346     |
|    total_timesteps | 184140   |
| train/             |          |
|    actor_loss      | 0.0945   |
|    critic_loss     | 0.237    |
|    ent_coef        | 0.00352  |
|    ent_coef_loss   | 0.225    |
|    learning_rate   | 0.0003   |
|    n_updates       | 174130   |
---------------------------------
---------------------------------
| rollout/           |          |
|    ep_len_mean     | 45.7     |
|    ep_rew_mean     | -116     |
| time/              |          |
|    episodes        | 3460     |
|    fps             | 19       |
|    time_elapsed    | 9358     |
|    total_timesteps | 184390   |
| train/             |          |
|    actor_loss      | 0.0305   |
|    critic_loss     | 0.182    |
|    ent_coef        | 0.00344  |
|    ent_coef_loss   | -0.166   |
|    learning_rate   | 0.0003   |
|    n_updates       | 174380   |
---------------------------------
---------------------------------
| rollout/           |          |
|    ep_len_mean     | 46.7     |
|    ep_rew_mean     | -102     |
| time/              |          |
|    episodes        | 3464     |
|    fps             | 19       |
|    time_elapsed    | 9364     |
|    total_timesteps | 184520   |
| train/             |          |
|    actor_loss      | 0.111    |
|    critic_loss     | 0.29     |
|    ent_coef        | 0.00344  |
|    ent_coef_loss   | 0.235    |
|    learning_rate   | 0.0003   |
|    n_updates       | 174510   |
---------------------------------
---------------------------------
| rollout/           |          |
|    ep_len_mean     | 47.3     |
|    ep_rew_mean     | -98.3    |
| time/              |          |
|    episodes        | 3468     |
|    fps             | 19       |
|    time_elapsed    | 9369     |
|    total_timesteps | 184610   |
| train/             |          |
|    actor_loss      | 0.0793   |
|    critic_loss     | 0.24     |
|    ent_coef        | 0.00345  |
|    ent_coef_loss   | -0.494   |
|    learning_rate   | 0.0003   |
|    n_updates       | 174600   |
---------------------------------
---------------------------------
| rollout/           |          |
|    ep_len_mean     | 46.8     |
|    ep_rew_mean     | -102     |
| time/              |          |
|    episodes        | 3472     |
|    fps             | 19       |
|    time_elapsed    | 9380     |
|    total_timesteps | 184850   |
| train/             |          |
|    actor_loss      | 0.0672   |
|    critic_loss     | 0.173    |
|    ent_coef        | 0.00342  |
|    ent_coef_loss   | 0.0261   |
|    learning_rate   | 0.0003   |
|    n_updates       | 174840   |
---------------------------------
---------------------------------
| rollout/           |          |
|    ep_len_mean     | 46.2     |
|    ep_rew_mean     | -111     |
| time/              |          |
|    episodes        | 3476     |
|    fps             | 19       |
|    time_elapsed    | 9388     |
|    total_timesteps | 185010   |
| train/             |          |
|    actor_loss      | 0.0851   |
|    critic_loss     | 0.18     |
|    ent_coef        | 0.00347  |
|    ent_coef_loss   | 0.312    |
|    learning_rate   | 0.0003   |
|    n_updates       | 175000   |
---------------------------------
---------------------------------
| rollout/           |          |
|    ep_len_mean     | 46.6     |
|    ep_rew_mean     | -108     |
| time/              |          |
|    episodes        | 3480     |
|    fps             | 19       |
|    time_elapsed    | 9399     |
|    total_timesteps | 185240   |
| train/             |          |
|    actor_loss      | 0.0803   |
|    critic_loss     | 0.23     |
|    ent_coef        | 0.00351  |
|    ent_coef_loss   | -0.103   |
|    learning_rate   | 0.0003   |
|    n_updates       | 175230   |
---------------------------------
---------------------------------
| rollout/           |          |
|    ep_len_mean     | 45.9     |
|    ep_rew_mean     | -115     |
| time/              |          |
|    episodes        | 3484     |
|    fps             | 19       |
|    time_elapsed    | 9406     |
|    total_timesteps | 185380   |
| train/             |          |
|    actor_loss      | 0.047    |
|    critic_loss     | 0.113    |
|    ent_coef        | 0.00351  |
|    ent_coef_loss   | 0.273    |
|    learning_rate   | 0.0003   |
|    n_updates       | 175370   |
---------------------------------
---------------------------------
| rollout/           |          |
|    ep_len_mean     | 45.5     |
|    ep_rew_mean     | -120     |
| time/              |          |
|    episodes        | 3488     |
|    fps             | 19       |
|    time_elapsed    | 9416     |
|    total_timesteps | 185590   |
| train/             |          |
|    actor_loss      | 0.0911   |
|    critic_loss     | 0.256    |
|    ent_coef        | 0.00355  |
|    ent_coef_loss   | -0.0018  |
|    learning_rate   | 0.0003   |
|    n_updates       | 175580   |
---------------------------------
---------------------------------
| rollout/           |          |
|    ep_len_mean     | 45.3     |
|    ep_rew_mean     | -116     |
| time/              |          |
|    episodes        | 3492     |
|    fps             | 19       |
|    time_elapsed    | 9425     |
|    total_timesteps | 185770   |
| train/             |          |
|    actor_loss      | 0.0459   |
|    critic_loss     | 0.149    |
|    ent_coef        | 0.00354  |
|    ent_coef_loss   | -0.0675  |
|    learning_rate   | 0.0003   |
|    n_updates       | 175760   |
---------------------------------
---------------------------------
| rollout/           |          |
|    ep_len_mean     | 45.9     |
|    ep_rew_mean     | -107     |
| time/              |          |
|    episodes        | 3496     |
|    fps             | 19       |
|    time_elapsed    | 9436     |
|    total_timesteps | 186010   |
| train/             |          |
|    actor_loss      | 0.0334   |
|    critic_loss     | 0.189    |
|    ent_coef        | 0.00339  |
|    ent_coef_loss   | -0.557   |
|    learning_rate   | 0.0003   |
|    n_updates       | 176000   |
---------------------------------
---------------------------------
| rollout/           |          |
|    ep_len_mean     | 45.5     |
|    ep_rew_mean     | -110     |
| time/              |          |
|    episodes        | 3500     |
|    fps             | 19       |
|    time_elapsed    | 9443     |
|    total_timesteps | 186160   |
| train/             |          |
|    actor_loss      | 0.053    |
|    critic_loss     | 0.213    |
|    ent_coef        | 0.00335  |
|    ent_coef_loss   | -0.214   |
|    learning_rate   | 0.0003   |
|    n_updates       | 176150   |
---------------------------------
---------------------------------
| rollout/           |          |
|    ep_len_mean     | 45.7     |
|    ep_rew_mean     | -107     |
| time/              |          |
|    episodes        | 3504     |
|    fps             | 19       |
|    time_elapsed    | 9449     |
|    total_timesteps | 186280   |
| train/             |          |
|    actor_loss      | 0.0766   |
|    critic_loss     | 0.183    |
|    ent_coef        | 0.00331  |
|    ent_coef_loss   | -0.0371  |
|    learning_rate   | 0.0003   |
|    n_updates       | 176270   |
---------------------------------
---------------------------------
| rollout/           |          |
|    ep_len_mean     | 45.2     |
|    ep_rew_mean     | -111     |
| time/              |          |
|    episodes        | 3508     |
|    fps             | 19       |
|    time_elapsed    | 9464     |
|    total_timesteps | 186580   |
| train/             |          |
|    actor_loss      | 0.137    |
|    critic_loss     | 0.248    |
|    ent_coef        | 0.00332  |
|    ent_coef_loss   | -0.341   |
|    learning_rate   | 0.0003   |
|    n_updates       | 176570   |
---------------------------------
---------------------------------
| rollout/           |          |
|    ep_len_mean     | 45.2     |
|    ep_rew_mean     | -110     |
| time/              |          |
|    episodes        | 3512     |
|    fps             | 19       |
|    time_elapsed    | 9471     |
|    total_timesteps | 186740   |
| train/             |          |
|    actor_loss      | 0.139    |
|    critic_loss     | 0.219    |
|    ent_coef        | 0.00334  |
|    ent_coef_loss   | 0.283    |
|    learning_rate   | 0.0003   |
|    n_updates       | 176730   |
---------------------------------
---------------------------------
| rollout/           |          |
|    ep_len_mean     | 45.6     |
|    ep_rew_mean     | -106     |
| time/              |          |
|    episodes        | 3516     |
|    fps             | 19       |
|    time_elapsed    | 9480     |
|    total_timesteps | 186940   |
| train/             |          |
|    actor_loss      | 0.0841   |
|    critic_loss     | 0.228    |
|    ent_coef        | 0.00334  |
|    ent_coef_loss   | -0.355   |
|    learning_rate   | 0.0003   |
|    n_updates       | 176930   |
---------------------------------
---------------------------------
| rollout/           |          |
|    ep_len_mean     | 45.3     |
|    ep_rew_mean     | -106     |
| time/              |          |
|    episodes        | 3520     |
|    fps             | 19       |
|    time_elapsed    | 9490     |
|    total_timesteps | 187140   |
| train/             |          |
|    actor_loss      | 0.135    |
|    critic_loss     | 0.336    |
|    ent_coef        | 0.0034   |
|    ent_coef_loss   | 0.21     |
|    learning_rate   | 0.0003   |
|    n_updates       | 177130   |
---------------------------------
---------------------------------
| rollout/           |          |
|    ep_len_mean     | 46.1     |
|    ep_rew_mean     | -97.5    |
| time/              |          |
|    episodes        | 3524     |
|    fps             | 19       |
|    time_elapsed    | 9497     |
|    total_timesteps | 187290   |
| train/             |          |
|    actor_loss      | 0.0872   |
|    critic_loss     | 0.134    |
|    ent_coef        | 0.00344  |
|    ent_coef_loss   | -0.118   |
|    learning_rate   | 0.0003   |
|    n_updates       | 177280   |
---------------------------------
---------------------------------
| rollout/           |          |
|    ep_len_mean     | 46.4     |
|    ep_rew_mean     | -92.6    |
| time/              |          |
|    episodes        | 3528     |
|    fps             | 19       |
|    time_elapsed    | 9508     |
|    total_timesteps | 187510   |
| train/             |          |
|    actor_loss      | 0.12     |
|    critic_loss     | 0.144    |
|    ent_coef        | 0.00336  |
|    ent_coef_loss   | -0.244   |
|    learning_rate   | 0.0003   |
|    n_updates       | 177500   |
---------------------------------
---------------------------------
| rollout/           |          |
|    ep_len_mean     | 46.6     |
|    ep_rew_mean     | -84.7    |
| time/              |          |
|    episodes        | 3532     |
|    fps             | 19       |
|    time_elapsed    | 9524     |
|    total_timesteps | 187830   |
| train/             |          |
|    actor_loss      | 0.122    |
|    critic_loss     | 0.234    |
|    ent_coef        | 0.00332  |
|    ent_coef_loss   | -0.653   |
|    learning_rate   | 0.0003   |
|    n_updates       | 177820   |
---------------------------------
---------------------------------
| rollout/           |          |
|    ep_len_mean     | 47.5     |
|    ep_rew_mean     | -81.1    |
| time/              |          |
|    episodes        | 3536     |
|    fps             | 19       |
|    time_elapsed    | 9531     |
|    total_timesteps | 187950   |
| train/             |          |
|    actor_loss      | 0.109    |
|    critic_loss     | 0.176    |
|    ent_coef        | 0.00326  |
|    ent_coef_loss   | 0.378    |
|    learning_rate   | 0.0003   |
|    n_updates       | 177940   |
---------------------------------
---------------------------------
| rollout/           |          |
|    ep_len_mean     | 46.9     |
|    ep_rew_mean     | -81.5    |
| time/              |          |
|    episodes        | 3540     |
|    fps             | 19       |
|    time_elapsed    | 9537     |
|    total_timesteps | 188080   |
| train/             |          |
|    actor_loss      | 0.0868   |
|    critic_loss     | 0.208    |
|    ent_coef        | 0.00324  |
|    ent_coef_loss   | 0.434    |
|    learning_rate   | 0.0003   |
|    n_updates       | 178070   |
---------------------------------
---------------------------------
| rollout/           |          |
|    ep_len_mean     | 46.9     |
|    ep_rew_mean     | -82.4    |
| time/              |          |
|    episodes        | 3544     |
|    fps             | 19       |
|    time_elapsed    | 9548     |
|    total_timesteps | 188300   |
| train/             |          |
|    actor_loss      | 0.0655   |
|    critic_loss     | 0.157    |
|    ent_coef        | 0.0033   |
|    ent_coef_loss   | -0.465   |
|    learning_rate   | 0.0003   |
|    n_updates       | 178290   |
---------------------------------
---------------------------------
| rollout/           |          |
|    ep_len_mean     | 47.2     |
|    ep_rew_mean     | -78.4    |
| time/              |          |
|    episodes        | 3548     |
|    fps             | 19       |
|    time_elapsed    | 9560     |
|    total_timesteps | 188530   |
| train/             |          |
|    actor_loss      | 0.119    |
|    critic_loss     | 0.244    |
|    ent_coef        | 0.00323  |
|    ent_coef_loss   | 0.653    |
|    learning_rate   | 0.0003   |
|    n_updates       | 178520   |
---------------------------------
---------------------------------
| rollout/           |          |
|    ep_len_mean     | 47.2     |
|    ep_rew_mean     | -75.5    |
| time/              |          |
|    episodes        | 3552     |
|    fps             | 19       |
|    time_elapsed    | 9565     |
|    total_timesteps | 188640   |
| train/             |          |
|    actor_loss      | 0.0926   |
|    critic_loss     | 0.15     |
|    ent_coef        | 0.00322  |
|    ent_coef_loss   | 0.209    |
|    learning_rate   | 0.0003   |
|    n_updates       | 178630   |
---------------------------------
---------------------------------
| rollout/           |          |
|    ep_len_mean     | 47.7     |
|    ep_rew_mean     | -71.7    |
| time/              |          |
|    episodes        | 3556     |
|    fps             | 19       |
|    time_elapsed    | 9576     |
|    total_timesteps | 188880   |
| train/             |          |
|    actor_loss      | 0.0489   |
|    critic_loss     | 0.173    |
|    ent_coef        | 0.00328  |
|    ent_coef_loss   | -0.864   |
|    learning_rate   | 0.0003   |
|    n_updates       | 178870   |
---------------------------------
---------------------------------
| rollout/           |          |
|    ep_len_mean     | 47.6     |
|    ep_rew_mean     | -72.1    |
| time/              |          |
|    episodes        | 3560     |
|    fps             | 19       |
|    time_elapsed    | 9587     |
|    total_timesteps | 189090   |
| train/             |          |
|    actor_loss      | 0.0856   |
|    critic_loss     | 0.106    |
|    ent_coef        | 0.00325  |
|    ent_coef_loss   | -0.0743  |
|    learning_rate   | 0.0003   |
|    n_updates       | 179080   |
---------------------------------
---------------------------------
| rollout/           |          |
|    ep_len_mean     | 47       |
|    ep_rew_mean     | -76.8    |
| time/              |          |
|    episodes        | 3564     |
|    fps             | 19       |
|    time_elapsed    | 9589     |
|    total_timesteps | 189140   |
| train/             |          |
|    actor_loss      | 0.122    |
|    critic_loss     | 0.156    |
|    ent_coef        | 0.00324  |
|    ent_coef_loss   | 0.562    |
|    learning_rate   | 0.0003   |
|    n_updates       | 179130   |
---------------------------------
---------------------------------
| rollout/           |          |
|    ep_len_mean     | 47       |
|    ep_rew_mean     | -82.3    |
| time/              |          |
|    episodes        | 3568     |
|    fps             | 19       |
|    time_elapsed    | 9606     |
|    total_timesteps | 189480   |
| train/             |          |
|    actor_loss      | 0.108    |
|    critic_loss     | 0.244    |
|    ent_coef        | 0.00328  |
|    ent_coef_loss   | -0.393   |
|    learning_rate   | 0.0003   |
|    n_updates       | 179470   |
---------------------------------
---------------------------------
| rollout/           |          |
|    ep_len_mean     | 48       |
|    ep_rew_mean     | -74.6    |
| time/              |          |
|    episodes        | 3572     |
|    fps             | 19       |
|    time_elapsed    | 9613     |
|    total_timesteps | 189610   |
| train/             |          |
|    actor_loss      | 0.101    |
|    critic_loss     | 0.232    |
|    ent_coef        | 0.0033   |
|    ent_coef_loss   | 0.0462   |
|    learning_rate   | 0.0003   |
|    n_updates       | 179600   |
---------------------------------
---------------------------------
| rollout/           |          |
|    ep_len_mean     | 48.2     |
|    ep_rew_mean     | -70.7    |
| time/              |          |
|    episodes        | 3576     |
|    fps             | 19       |
|    time_elapsed    | 9619     |
|    total_timesteps | 189740   |
| train/             |          |
|    actor_loss      | 0.0685   |
|    critic_loss     | 0.143    |
|    ent_coef        | 0.00335  |
|    ent_coef_loss   | -0.544   |
|    learning_rate   | 0.0003   |
|    n_updates       | 179730   |
---------------------------------
---------------------------------
| rollout/           |          |
|    ep_len_mean     | 47       |
|    ep_rew_mean     | -87.9    |
| time/              |          |
|    episodes        | 3580     |
|    fps             | 19       |
|    time_elapsed    | 9626     |
|    total_timesteps | 189890   |
| train/             |          |
|    actor_loss      | 0.0909   |
|    critic_loss     | 0.283    |
|    ent_coef        | 0.00328  |
|    ent_coef_loss   | 0.39     |
|    learning_rate   | 0.0003   |
|    n_updates       | 179880   |
---------------------------------
---------------------------------
| rollout/           |          |
|    ep_len_mean     | 47.7     |
|    ep_rew_mean     | -80.4    |
| time/              |          |
|    episodes        | 3584     |
|    fps             | 19       |
|    time_elapsed    | 9642     |
|    total_timesteps | 190210   |
| train/             |          |
|    actor_loss      | 0.0692   |
|    critic_loss     | 0.157    |
|    ent_coef        | 0.00337  |
|    ent_coef_loss   | -0.188   |
|    learning_rate   | 0.0003   |
|    n_updates       | 180200   |
---------------------------------
---------------------------------
| rollout/           |          |
|    ep_len_mean     | 48.1     |
|    ep_rew_mean     | -73.2    |
| time/              |          |
|    episodes        | 3588     |
|    fps             | 19       |
|    time_elapsed    | 9652     |
|    total_timesteps | 190410   |
| train/             |          |
|    actor_loss      | 0.0815   |
|    critic_loss     | 0.232    |
|    ent_coef        | 0.00341  |
|    ent_coef_loss   | 0.893    |
|    learning_rate   | 0.0003   |
|    n_updates       | 180400   |
---------------------------------
---------------------------------
| rollout/           |          |
|    ep_len_mean     | 48.3     |
|    ep_rew_mean     | -73.4    |
| time/              |          |
|    episodes        | 3592     |
|    fps             | 19       |
|    time_elapsed    | 9663     |
|    total_timesteps | 190630   |
| train/             |          |
|    actor_loss      | 0.069    |
|    critic_loss     | 0.192    |
|    ent_coef        | 0.00349  |
|    ent_coef_loss   | -0.0342  |
|    learning_rate   | 0.0003   |
|    n_updates       | 180620   |
---------------------------------
---------------------------------
| rollout/           |          |
|    ep_len_mean     | 48.3     |
|    ep_rew_mean     | -73.8    |
| time/              |          |
|    episodes        | 3596     |
|    fps             | 19       |
|    time_elapsed    | 9674     |
|    total_timesteps | 190850   |
| train/             |          |
|    actor_loss      | 0.08     |
|    critic_loss     | 0.15     |
|    ent_coef        | 0.00344  |
|    ent_coef_loss   | -0.288   |
|    learning_rate   | 0.0003   |
|    n_updates       | 180840   |
---------------------------------
---------------------------------
| rollout/           |          |
|    ep_len_mean     | 48.9     |
|    ep_rew_mean     | -76.7    |
| time/              |          |
|    episodes        | 3600     |
|    fps             | 19       |
|    time_elapsed    | 9686     |
|    total_timesteps | 191110   |
| train/             |          |
|    actor_loss      | 0.0663   |
|    critic_loss     | 0.156    |
|    ent_coef        | 0.00345  |
|    ent_coef_loss   | 0.987    |
|    learning_rate   | 0.0003   |
|    n_updates       | 181100   |
---------------------------------
---------------------------------
| rollout/           |          |
|    ep_len_mean     | 49.4     |
|    ep_rew_mean     | -73.4    |
| time/              |          |
|    episodes        | 3604     |
|    fps             | 19       |
|    time_elapsed    | 9694     |
|    total_timesteps | 191260   |
| train/             |          |
|    actor_loss      | 0.0714   |
|    critic_loss     | 0.199    |
|    ent_coef        | 0.00351  |
|    ent_coef_loss   | 0.0719   |
|    learning_rate   | 0.0003   |
|    n_updates       | 181250   |
---------------------------------
---------------------------------
| rollout/           |          |
|    ep_len_mean     | 49.1     |
|    ep_rew_mean     | -77.9    |
| time/              |          |
|    episodes        | 3608     |
|    fps             | 19       |
|    time_elapsed    | 9702     |
|    total_timesteps | 191430   |
| train/             |          |
|    actor_loss      | 0.0591   |
|    critic_loss     | 0.181    |
|    ent_coef        | 0.00349  |
|    ent_coef_loss   | -0.699   |
|    learning_rate   | 0.0003   |
|    n_updates       | 181420   |
---------------------------------
---------------------------------
| rollout/           |          |
|    ep_len_mean     | 49.2     |
|    ep_rew_mean     | -75.1    |
| time/              |          |
|    episodes        | 3612     |
|    fps             | 19       |
|    time_elapsed    | 9718     |
|    total_timesteps | 191760   |
| train/             |          |
|    actor_loss      | 0.0588   |
|    critic_loss     | 0.0994   |
|    ent_coef        | 0.00338  |
|    ent_coef_loss   | -0.394   |
|    learning_rate   | 0.0003   |
|    n_updates       | 181750   |
---------------------------------
---------------------------------
| rollout/           |          |
|    ep_len_mean     | 49.4     |
|    ep_rew_mean     | -77.3    |
| time/              |          |
|    episodes        | 3616     |
|    fps             | 19       |
|    time_elapsed    | 9728     |
|    total_timesteps | 191950   |
| train/             |          |
|    actor_loss      | 0.144    |
|    critic_loss     | 0.182    |
|    ent_coef        | 0.00344  |
|    ent_coef_loss   | -0.0647  |
|    learning_rate   | 0.0003   |
|    n_updates       | 181940   |
---------------------------------
---------------------------------
| rollout/           |          |
|    ep_len_mean     | 50.2     |
|    ep_rew_mean     | -69.3    |
| time/              |          |
|    episodes        | 3620     |
|    fps             | 19       |
|    time_elapsed    | 9731     |
|    total_timesteps | 192020   |
| train/             |          |
|    actor_loss      | 0.129    |
|    critic_loss     | 0.15     |
|    ent_coef        | 0.00344  |
|    ent_coef_loss   | 0.515    |
|    learning_rate   | 0.0003   |
|    n_updates       | 182010   |
---------------------------------
---------------------------------
| rollout/           |          |
|    ep_len_mean     | 50.1     |
|    ep_rew_mean     | -69.1    |
| time/              |          |
|    episodes        | 3624     |
|    fps             | 19       |
|    time_elapsed    | 9747     |
|    total_timesteps | 192340   |
| train/             |          |
|    actor_loss      | 0.14     |
|    critic_loss     | 0.138    |
|    ent_coef        | 0.0034   |
|    ent_coef_loss   | 0.619    |
|    learning_rate   | 0.0003   |
|    n_updates       | 182330   |
---------------------------------
---------------------------------
| rollout/           |          |
|    ep_len_mean     | 50.2     |
|    ep_rew_mean     | -71.3    |
| time/              |          |
|    episodes        | 3628     |
|    fps             | 19       |
|    time_elapsed    | 9759     |
|    total_timesteps | 192570   |
| train/             |          |
|    actor_loss      | 0.0702   |
|    critic_loss     | 0.195    |
|    ent_coef        | 0.00342  |
|    ent_coef_loss   | -0.192   |
|    learning_rate   | 0.0003   |
|    n_updates       | 182560   |
---------------------------------
---------------------------------
| rollout/           |          |
|    ep_len_mean     | 49.9     |
|    ep_rew_mean     | -69.8    |
| time/              |          |
|    episodes        | 3632     |
|    fps             | 19       |
|    time_elapsed    | 9771     |
|    total_timesteps | 192810   |
| train/             |          |
|    actor_loss      | 0.102    |
|    critic_loss     | 0.169    |
|    ent_coef        | 0.0034   |
|    ent_coef_loss   | -0.138   |
|    learning_rate   | 0.0003   |
|    n_updates       | 182800   |
---------------------------------
---------------------------------
| rollout/           |          |
|    ep_len_mean     | 49.8     |
|    ep_rew_mean     | -64.8    |
| time/              |          |
|    episodes        | 3636     |
|    fps             | 19       |
|    time_elapsed    | 9782     |
|    total_timesteps | 193030   |
| train/             |          |
|    actor_loss      | 0.0215   |
|    critic_loss     | 0.196    |
|    ent_coef        | 0.00331  |
|    ent_coef_loss   | -0.52    |
|    learning_rate   | 0.0003   |
|    n_updates       | 183020   |
---------------------------------
---------------------------------
| rollout/           |          |
|    ep_len_mean     | 50.7     |
|    ep_rew_mean     | -57.3    |
| time/              |          |
|    episodes        | 3640     |
|    fps             | 19       |
|    time_elapsed    | 9790     |
|    total_timesteps | 193190   |
| train/             |          |
|    actor_loss      | 0.0887   |
|    critic_loss     | 0.23     |
|    ent_coef        | 0.00329  |
|    ent_coef_loss   | 0.169    |
|    learning_rate   | 0.0003   |
|    n_updates       | 183180   |
---------------------------------
---------------------------------
| rollout/           |          |
|    ep_len_mean     | 50.8     |
|    ep_rew_mean     | -57      |
| time/              |          |
|    episodes        | 3644     |
|    fps             | 19       |
|    time_elapsed    | 9801     |
|    total_timesteps | 193390   |
| train/             |          |
|    actor_loss      | 0.14     |
|    critic_loss     | 0.178    |
|    ent_coef        | 0.00329  |
|    ent_coef_loss   | 0.0575   |
|    learning_rate   | 0.0003   |
|    n_updates       | 183380   |
---------------------------------
---------------------------------
| rollout/           |          |
|    ep_len_mean     | 50.2     |
|    ep_rew_mean     | -65      |
| time/              |          |
|    episodes        | 3648     |
|    fps             | 19       |
|    time_elapsed    | 9809     |
|    total_timesteps | 193540   |
| train/             |          |
|    actor_loss      | 0.155    |
|    critic_loss     | 0.187    |
|    ent_coef        | 0.00335  |
|    ent_coef_loss   | -0.307   |
|    learning_rate   | 0.0003   |
|    n_updates       | 183530   |
---------------------------------
---------------------------------
| rollout/           |          |
|    ep_len_mean     | 51       |
|    ep_rew_mean     | -56.8    |
| time/              |          |
|    episodes        | 3652     |
|    fps             | 19       |
|    time_elapsed    | 9820     |
|    total_timesteps | 193770   |
| train/             |          |
|    actor_loss      | 0.163    |
|    critic_loss     | 0.297    |
|    ent_coef        | 0.0034   |
|    ent_coef_loss   | -0.178   |
|    learning_rate   | 0.0003   |
|    n_updates       | 183760   |
---------------------------------
---------------------------------
| rollout/           |          |
|    ep_len_mean     | 50.9     |
|    ep_rew_mean     | -57.1    |
| time/              |          |
|    episodes        | 3656     |
|    fps             | 19       |
|    time_elapsed    | 9831     |
|    total_timesteps | 194000   |
| train/             |          |
|    actor_loss      | 0.0435   |
|    critic_loss     | 0.205    |
|    ent_coef        | 0.00339  |
|    ent_coef_loss   | 0.0367   |
|    learning_rate   | 0.0003   |
|    n_updates       | 183990   |
---------------------------------
---------------------------------
| rollout/           |          |
|    ep_len_mean     | 51.8     |
|    ep_rew_mean     | -54.6    |
| time/              |          |
|    episodes        | 3660     |
|    fps             | 19       |
|    time_elapsed    | 9846     |
|    total_timesteps | 194300   |
| train/             |          |
|    actor_loss      | 0.0798   |
|    critic_loss     | 0.172    |
|    ent_coef        | 0.00352  |
|    ent_coef_loss   | 0.533    |
|    learning_rate   | 0.0003   |
|    n_updates       | 184290   |
---------------------------------
---------------------------------
| rollout/           |          |
|    ep_len_mean     | 52.2     |
|    ep_rew_mean     | -51.2    |
| time/              |          |
|    episodes        | 3664     |
|    fps             | 19       |
|    time_elapsed    | 9855     |
|    total_timesteps | 194490   |
| train/             |          |
|    actor_loss      | 0.184    |
|    critic_loss     | 0.193    |
|    ent_coef        | 0.00357  |
|    ent_coef_loss   | 0.85     |
|    learning_rate   | 0.0003   |
|    n_updates       | 184480   |
---------------------------------
---------------------------------
| rollout/           |          |
|    ep_len_mean     | 52.6     |
|    ep_rew_mean     | -42.4    |
| time/              |          |
|    episodes        | 3668     |
|    fps             | 19       |
|    time_elapsed    | 9864     |
|    total_timesteps | 194680   |
| train/             |          |
|    actor_loss      | 0.0956   |
|    critic_loss     | 0.188    |
|    ent_coef        | 0.00366  |
|    ent_coef_loss   | 0.404    |
|    learning_rate   | 0.0003   |
|    n_updates       | 184670   |
---------------------------------
---------------------------------
| rollout/           |          |
|    ep_len_mean     | 52       |
|    ep_rew_mean     | -46      |
| time/              |          |
|    episodes        | 3672     |
|    fps             | 19       |
|    time_elapsed    | 9873     |
|    total_timesteps | 194870   |
| train/             |          |
|    actor_loss      | 0.107    |
|    critic_loss     | 0.239    |
|    ent_coef        | 0.00372  |
|    ent_coef_loss   | -0.406   |
|    learning_rate   | 0.0003   |
|    n_updates       | 184860   |
---------------------------------
---------------------------------
| rollout/           |          |
|    ep_len_mean     | 51.7     |
|    ep_rew_mean     | -49.3    |
| time/              |          |
|    episodes        | 3676     |
|    fps             | 19       |
|    time_elapsed    | 9877     |
|    total_timesteps | 194950   |
| train/             |          |
|    actor_loss      | 0.036    |
|    critic_loss     | 0.12     |
|    ent_coef        | 0.00368  |
|    ent_coef_loss   | -0.0434  |
|    learning_rate   | 0.0003   |
|    n_updates       | 184940   |
---------------------------------
---------------------------------
| rollout/           |          |
|    ep_len_mean     | 52.9     |
|    ep_rew_mean     | -31.8    |
| time/              |          |
|    episodes        | 3680     |
|    fps             | 19       |
|    time_elapsed    | 9894     |
|    total_timesteps | 195290   |
| train/             |          |
|    actor_loss      | 0.131    |
|    critic_loss     | 0.24     |
|    ent_coef        | 0.00373  |
|    ent_coef_loss   | 0.213    |
|    learning_rate   | 0.0003   |
|    n_updates       | 185280   |
---------------------------------
---------------------------------
| rollout/           |          |
|    ep_len_mean     | 53       |
|    ep_rew_mean     | -31.9    |
| time/              |          |
|    episodes        | 3684     |
|    fps             | 19       |
|    time_elapsed    | 9904     |
|    total_timesteps | 195520   |
| train/             |          |
|    actor_loss      | 0.155    |
|    critic_loss     | 0.45     |
|    ent_coef        | 0.00362  |
|    ent_coef_loss   | 0.639    |
|    learning_rate   | 0.0003   |
|    n_updates       | 185510   |
---------------------------------
---------------------------------
| rollout/           |          |
|    ep_len_mean     | 52.7     |
|    ep_rew_mean     | -34.7    |
| time/              |          |
|    episodes        | 3688     |
|    fps             | 19       |
|    time_elapsed    | 9909     |
|    total_timesteps | 195620   |
| train/             |          |
|    actor_loss      | 0.0711   |
|    critic_loss     | 0.129    |
|    ent_coef        | 0.00364  |
|    ent_coef_loss   | 0.162    |
|    learning_rate   | 0.0003   |
|    n_updates       | 185610   |
---------------------------------
---------------------------------
| rollout/           |          |
|    ep_len_mean     | 52.6     |
|    ep_rew_mean     | -34.9    |
| time/              |          |
|    episodes        | 3692     |
|    fps             | 19       |
|    time_elapsed    | 9916     |
|    total_timesteps | 195760   |
| train/             |          |
|    actor_loss      | 0.0376   |
|    critic_loss     | 0.126    |
|    ent_coef        | 0.0036   |
|    ent_coef_loss   | -0.182   |
|    learning_rate   | 0.0003   |
|    n_updates       | 185750   |
---------------------------------
---------------------------------
| rollout/           |          |
|    ep_len_mean     | 52.3     |
|    ep_rew_mean     | -38.4    |
| time/              |          |
|    episodes        | 3696     |
|    fps             | 19       |
|    time_elapsed    | 9934     |
|    total_timesteps | 196140   |
| train/             |          |
|    actor_loss      | 0.142    |
|    critic_loss     | 0.233    |
|    ent_coef        | 0.00351  |
|    ent_coef_loss   | 0.296    |
|    learning_rate   | 0.0003   |
|    n_updates       | 186130   |
---------------------------------
---------------------------------
| rollout/           |          |
|    ep_len_mean     | 52.3     |
|    ep_rew_mean     | -27.1    |
| time/              |          |
|    episodes        | 3700     |
|    fps             | 19       |
|    time_elapsed    | 9942     |
|    total_timesteps | 196310   |
| train/             |          |
|    actor_loss      | 0.117    |
|    critic_loss     | 0.29     |
|    ent_coef        | 0.00357  |
|    ent_coef_loss   | -0.234   |
|    learning_rate   | 0.0003   |
|    n_updates       | 186300   |
---------------------------------
---------------------------------
| rollout/           |          |
|    ep_len_mean     | 52.2     |
|    ep_rew_mean     | -30.9    |
| time/              |          |
|    episodes        | 3704     |
|    fps             | 19       |
|    time_elapsed    | 9952     |
|    total_timesteps | 196510   |
| train/             |          |
|    actor_loss      | 0.131    |
|    critic_loss     | 0.164    |
|    ent_coef        | 0.00358  |
|    ent_coef_loss   | -0.251   |
|    learning_rate   | 0.0003   |
|    n_updates       | 186500   |
---------------------------------
---------------------------------
| rollout/           |          |
|    ep_len_mean     | 52.7     |
|    ep_rew_mean     | -22.7    |
| time/              |          |
|    episodes        | 3708     |
|    fps             | 19       |
|    time_elapsed    | 9962     |
|    total_timesteps | 196710   |
| train/             |          |
|    actor_loss      | 0.0858   |
|    critic_loss     | 0.192    |
|    ent_coef        | 0.00355  |
|    ent_coef_loss   | -0.103   |
|    learning_rate   | 0.0003   |
|    n_updates       | 186700   |
---------------------------------
---------------------------------
| rollout/           |          |
|    ep_len_mean     | 52.2     |
|    ep_rew_mean     | -30.8    |
| time/              |          |
|    episodes        | 3712     |
|    fps             | 19       |
|    time_elapsed    | 9972     |
|    total_timesteps | 196910   |
| train/             |          |
|    actor_loss      | 0.105    |
|    critic_loss     | 0.264    |
|    ent_coef        | 0.00353  |
|    ent_coef_loss   | -0.196   |
|    learning_rate   | 0.0003   |
|    n_updates       | 186900   |
---------------------------------
---------------------------------
| rollout/           |          |
|    ep_len_mean     | 52.5     |
|    ep_rew_mean     | -26.8    |
| time/              |          |
|    episodes        | 3716     |
|    fps             | 19       |
|    time_elapsed    | 9984     |
|    total_timesteps | 197160   |
| train/             |          |
|    actor_loss      | 0.108    |
|    critic_loss     | 0.156    |
|    ent_coef        | 0.00355  |
|    ent_coef_loss   | 0.212    |
|    learning_rate   | 0.0003   |
|    n_updates       | 187150   |
---------------------------------
---------------------------------
| rollout/           |          |
|    ep_len_mean     | 51.8     |
|    ep_rew_mean     | -35.6    |
| time/              |          |
|    episodes        | 3720     |
|    fps             | 19       |
|    time_elapsed    | 9995     |
|    total_timesteps | 197400   |
| train/             |          |
|    actor_loss      | 0.0443   |
|    critic_loss     | 0.177    |
|    ent_coef        | 0.00355  |
|    ent_coef_loss   | 0.0232   |
|    learning_rate   | 0.0003   |
|    n_updates       | 187390   |
---------------------------------
---------------------------------
| rollout/           |          |
|    ep_len_mean     | 52.3     |
|    ep_rew_mean     | -31.5    |
| time/              |          |
|    episodes        | 3724     |
|    fps             | 19       |
|    time_elapsed    | 10002    |
|    total_timesteps | 197550   |
| train/             |          |
|    actor_loss      | 0.0667   |
|    critic_loss     | 0.228    |
|    ent_coef        | 0.0035   |
|    ent_coef_loss   | 0.634    |
|    learning_rate   | 0.0003   |
|    n_updates       | 187540   |
---------------------------------
---------------------------------
| rollout/           |          |
|    ep_len_mean     | 52.1     |
|    ep_rew_mean     | -30.4    |
| time/              |          |
|    episodes        | 3728     |
|    fps             | 19       |
|    time_elapsed    | 10011    |
|    total_timesteps | 197730   |
| train/             |          |
|    actor_loss      | 0.103    |
|    critic_loss     | 0.169    |
|    ent_coef        | 0.00349  |
|    ent_coef_loss   | 0.203    |
|    learning_rate   | 0.0003   |
|    n_updates       | 187720   |
---------------------------------
---------------------------------
| rollout/           |          |
|    ep_len_mean     | 51.9     |
|    ep_rew_mean     | -30.8    |
| time/              |          |
|    episodes        | 3732     |
|    fps             | 19       |
|    time_elapsed    | 10022    |
|    total_timesteps | 197960   |
| train/             |          |
|    actor_loss      | 0.101    |
|    critic_loss     | 0.245    |
|    ent_coef        | 0.00344  |
|    ent_coef_loss   | -0.546   |
|    learning_rate   | 0.0003   |
|    n_updates       | 187950   |
---------------------------------
---------------------------------
| rollout/           |          |
|    ep_len_mean     | 51.2     |
|    ep_rew_mean     | -39.5    |
| time/              |          |
|    episodes        | 3736     |
|    fps             | 19       |
|    time_elapsed    | 10032    |
|    total_timesteps | 198160   |
| train/             |          |
|    actor_loss      | 0.0735   |
|    critic_loss     | 0.134    |
|    ent_coef        | 0.00334  |
|    ent_coef_loss   | 0.304    |
|    learning_rate   | 0.0003   |
|    n_updates       | 188150   |
---------------------------------
---------------------------------
| rollout/           |          |
|    ep_len_mean     | 50.9     |
|    ep_rew_mean     | -42.6    |
| time/              |          |
|    episodes        | 3740     |
|    fps             | 19       |
|    time_elapsed    | 10041    |
|    total_timesteps | 198340   |
| train/             |          |
|    actor_loss      | 0.136    |
|    critic_loss     | 0.238    |
|    ent_coef        | 0.0034   |
|    ent_coef_loss   | -0.342   |
|    learning_rate   | 0.0003   |
|    n_updates       | 188330   |
---------------------------------
---------------------------------
| rollout/           |          |
|    ep_len_mean     | 51.3     |
|    ep_rew_mean     | -35      |
| time/              |          |
|    episodes        | 3744     |
|    fps             | 19       |
|    time_elapsed    | 10049    |
|    total_timesteps | 198520   |
| train/             |          |
|    actor_loss      | 0.129    |
|    critic_loss     | 0.152    |
|    ent_coef        | 0.00334  |
|    ent_coef_loss   | -0.00942 |
|    learning_rate   | 0.0003   |
|    n_updates       | 188510   |
---------------------------------
---------------------------------
| rollout/           |          |
|    ep_len_mean     | 52.1     |
|    ep_rew_mean     | -23.2    |
| time/              |          |
|    episodes        | 3748     |
|    fps             | 19       |
|    time_elapsed    | 10060    |
|    total_timesteps | 198750   |
| train/             |          |
|    actor_loss      | 0.126    |
|    critic_loss     | 0.2      |
|    ent_coef        | 0.00333  |
|    ent_coef_loss   | -0.304   |
|    learning_rate   | 0.0003   |
|    n_updates       | 188740   |
---------------------------------
---------------------------------
| rollout/           |          |
|    ep_len_mean     | 52       |
|    ep_rew_mean     | -27.8    |
| time/              |          |
|    episodes        | 3752     |
|    fps             | 19       |
|    time_elapsed    | 10071    |
|    total_timesteps | 198980   |
| train/             |          |
|    actor_loss      | 0.0547   |
|    critic_loss     | 0.219    |
|    ent_coef        | 0.00331  |
|    ent_coef_loss   | -0.376   |
|    learning_rate   | 0.0003   |
|    n_updates       | 188970   |
---------------------------------
---------------------------------
| rollout/           |          |
|    ep_len_mean     | 51.8     |
|    ep_rew_mean     | -26.7    |
| time/              |          |
|    episodes        | 3756     |
|    fps             | 19       |
|    time_elapsed    | 10081    |
|    total_timesteps | 199170   |
| train/             |          |
|    actor_loss      | 0.0891   |
|    critic_loss     | 0.276    |
|    ent_coef        | 0.00332  |
|    ent_coef_loss   | -0.114   |
|    learning_rate   | 0.0003   |
|    n_updates       | 189160   |
---------------------------------
---------------------------------
| rollout/           |          |
|    ep_len_mean     | 51.3     |
|    ep_rew_mean     | -26.1    |
| time/              |          |
|    episodes        | 3760     |
|    fps             | 19       |
|    time_elapsed    | 10091    |
|    total_timesteps | 199390   |
| train/             |          |
|    actor_loss      | 0.0941   |
|    critic_loss     | 0.154    |
|    ent_coef        | 0.00341  |
|    ent_coef_loss   | -0.0269  |
|    learning_rate   | 0.0003   |
|    n_updates       | 189380   |
---------------------------------
---------------------------------
| rollout/           |          |
|    ep_len_mean     | 50.8     |
|    ep_rew_mean     | -33.9    |
| time/              |          |
|    episodes        | 3764     |
|    fps             | 19       |
|    time_elapsed    | 10097    |
|    total_timesteps | 199510   |
| train/             |          |
|    actor_loss      | 0.0726   |
|    critic_loss     | 0.179    |
|    ent_coef        | 0.00343  |
|    ent_coef_loss   | 0.465    |
|    learning_rate   | 0.0003   |
|    n_updates       | 189500   |
---------------------------------
---------------------------------
| rollout/           |          |
|    ep_len_mean     | 50.2     |
|    ep_rew_mean     | -37.2    |
| time/              |          |
|    episodes        | 3768     |
|    fps             | 19       |
|    time_elapsed    | 10104    |
|    total_timesteps | 199670   |
| train/             |          |
|    actor_loss      | 0.0899   |
|    critic_loss     | 0.299    |
|    ent_coef        | 0.00347  |
|    ent_coef_loss   | -0.264   |
|    learning_rate   | 0.0003   |
|    n_updates       | 189660   |
---------------------------------
---------------------------------
| rollout/           |          |
|    ep_len_mean     | 50.5     |
|    ep_rew_mean     | -29.4    |
| time/              |          |
|    episodes        | 3772     |
|    fps             | 19       |
|    time_elapsed    | 10119    |
|    total_timesteps | 199970   |
| train/             |          |
|    actor_loss      | 0.133    |
|    critic_loss     | 0.25     |
|    ent_coef        | 0.00353  |
|    ent_coef_loss   | 0.195    |
|    learning_rate   | 0.0003   |
|    n_updates       | 189960   |
---------------------------------
[EVAL] t=200,000 safety off goal 0.27 collision 0.73 | dev goal 0.42 | field goal 0.18 (NT 0.43 HO 0.14 CRP 0.11 CRS 0.08 OT 0.22 BO 0.14) (180.0 s)
[EVAL] t=200,000 safety on goal 0.26 collision 0.74 | dev goal 0.40 | field goal 0.18 (NT 0.43 HO 0.14 CRP 0.11 CRS 0.08 OT 0.22 BO 0.14) (187.0 s)
-----------------------------------
| eval_supervisor_off/ |          |
|    collision_rate    | 0.733    |
|    dev/collision     | 0.583    |
|    dev/goal          | 0.417    |
|    episodes          | 330      |
|    eval_wall_s       | 180      |
|    field/BO/goal     | 0.139    |
|    field/CRP/goal    | 0.111    |
|    field/CRS/goal    | 0.0833   |
|    field/HO/goal     | 0.139    |
|    field/NT/goal     | 0.433    |
|    field/OT/goal     | 0.222    |
|    field/collision   | 0.819    |
|    field/goal        | 0.181    |
|    goal_rate         | 0.267    |
|    intervention_rate | 0        |
|    mean_return       | -247     |
|    timeout_rate      | 0        |
|    timesteps         | 200000   |
| eval_supervisor_on/  |          |
|    collision_rate    | 0.739    |
|    dev/collision     | 0.6      |
|    dev/goal          | 0.4      |
|    episodes          | 330      |
|    eval_wall_s       | 187      |
|    field/BO/goal     | 0.139    |
|    field/CRP/goal    | 0.111    |
|    field/CRS/goal    | 0.0833   |
|    field/HO/goal     | 0.139    |
|    field/NT/goal     | 0.433    |
|    field/OT/goal     | 0.222    |
|    field/collision   | 0.819    |
|    field/goal        | 0.181    |
|    goal_rate         | 0.261    |
|    intervention_rate | 0.0121   |
|    mean_return       | -251     |
|    timeout_rate      | 0        |
|    timesteps         | 200000   |
| rollout/             |          |
|    ep_len_mean       | 50.6     |
|    ep_rew_mean       | -29.4    |
| time/                |          |
|    episodes          | 3776     |
|    fps               | 19       |
|    time_elapsed      | 10493    |
|    total_timesteps   | 200090   |
| train/               |          |
|    actor_loss        | 0.185    |
|    critic_loss       | 0.147    |
|    ent_coef          | 0.00355  |
|    ent_coef_loss     | -0.742   |
|    learning_rate     | 0.0003   |
|    n_updates         | 190080   |
-----------------------------------
---------------------------------
| rollout/           |          |
|    ep_len_mean     | 50.4     |
|    ep_rew_mean     | -38.6    |
| time/              |          |
|    episodes        | 3780     |
|    fps             | 19       |
|    time_elapsed    | 10501    |
|    total_timesteps | 200260   |
| train/             |          |
|    actor_loss      | 0.0855   |
|    critic_loss     | 0.271    |
|    ent_coef        | 0.00348  |
|    ent_coef_loss   | -1.35    |
|    learning_rate   | 0.0003   |
|    n_updates       | 190250   |
---------------------------------
---------------------------------
| rollout/           |          |
|    ep_len_mean     | 49.8     |
|    ep_rew_mean     | -51.9    |
| time/              |          |
|    episodes        | 3784     |
|    fps             | 19       |
|    time_elapsed    | 10515    |
|    total_timesteps | 200530   |
| train/             |          |
|    actor_loss      | 0.0909   |
|    critic_loss     | 0.201    |
|    ent_coef        | 0.00346  |
|    ent_coef_loss   | -0.0534  |
|    learning_rate   | 0.0003   |
|    n_updates       | 190520   |
---------------------------------
---------------------------------
| rollout/           |          |
|    ep_len_mean     | 50.2     |
|    ep_rew_mean     | -52.8    |
| time/              |          |
|    episodes        | 3788     |
|    fps             | 19       |
|    time_elapsed    | 10523    |
|    total_timesteps | 200690   |
| train/             |          |
|    actor_loss      | 0.193    |
|    critic_loss     | 0.126    |
|    ent_coef        | 0.00344  |
|    ent_coef_loss   | 0.484    |
|    learning_rate   | 0.0003   |
|    n_updates       | 190680   |
---------------------------------
---------------------------------
| rollout/           |          |
|    ep_len_mean     | 50.2     |
|    ep_rew_mean     | -51.6    |
| time/              |          |
|    episodes        | 3792     |
|    fps             | 19       |
|    time_elapsed    | 10529    |
|    total_timesteps | 200820   |
| train/             |          |
|    actor_loss      | 0.117    |
|    critic_loss     | 0.337    |
|    ent_coef        | 0.00347  |
|    ent_coef_loss   | 0.664    |
|    learning_rate   | 0.0003   |
|    n_updates       | 190810   |
---------------------------------
---------------------------------
| rollout/           |          |
|    ep_len_mean     | 50.5     |
|    ep_rew_mean     | -48.9    |
| time/              |          |
|    episodes        | 3796     |
|    fps             | 19       |
|    time_elapsed    | 10546    |
|    total_timesteps | 201180   |
| train/             |          |
|    actor_loss      | 0.0389   |
|    critic_loss     | 0.248    |
|    ent_coef        | 0.00361  |
|    ent_coef_loss   | 0.128    |
|    learning_rate   | 0.0003   |
|    n_updates       | 191170   |
---------------------------------
---------------------------------
| rollout/           |          |
|    ep_len_mean     | 50.3     |
|    ep_rew_mean     | -49.6    |
| time/              |          |
|    episodes        | 3800     |
|    fps             | 19       |
|    time_elapsed    | 10555    |
|    total_timesteps | 201350   |
| train/             |          |
|    actor_loss      | 0.116    |
|    critic_loss     | 0.18     |
|    ent_coef        | 0.00354  |
|    ent_coef_loss   | 0.169    |
|    learning_rate   | 0.0003   |
|    n_updates       | 191340   |
---------------------------------
---------------------------------
| rollout/           |          |
|    ep_len_mean     | 50.3     |
|    ep_rew_mean     | -45.7    |
| time/              |          |
|    episodes        | 3804     |
|    fps             | 19       |
|    time_elapsed    | 10567    |
|    total_timesteps | 201610   |
| train/             |          |
|    actor_loss      | 0.104    |
|    critic_loss     | 0.214    |
|    ent_coef        | 0.00347  |
|    ent_coef_loss   | -0.429   |
|    learning_rate   | 0.0003   |
|    n_updates       | 191600   |
---------------------------------
---------------------------------
| rollout/           |          |
|    ep_len_mean     | 50.3     |
|    ep_rew_mean     | -49.3    |
| time/              |          |
|    episodes        | 3808     |
|    fps             | 19       |
|    time_elapsed    | 10571    |
|    total_timesteps | 201710   |
| train/             |          |
|    actor_loss      | 0.096    |
|    critic_loss     | 0.265    |
|    ent_coef        | 0.00343  |
|    ent_coef_loss   | -0.326   |
|    learning_rate   | 0.0003   |
|    n_updates       | 191700   |
---------------------------------
---------------------------------
| rollout/           |          |
|    ep_len_mean     | 51       |
|    ep_rew_mean     | -40.7    |
| time/              |          |
|    episodes        | 3812     |
|    fps             | 19       |
|    time_elapsed    | 10584    |
|    total_timesteps | 201980   |
| train/             |          |
|    actor_loss      | 0.116    |
|    critic_loss     | 0.228    |
|    ent_coef        | 0.00346  |
|    ent_coef_loss   | 0.4      |
|    learning_rate   | 0.0003   |
|    n_updates       | 191970   |
---------------------------------
---------------------------------
| rollout/           |          |
|    ep_len_mean     | 50.6     |
|    ep_rew_mean     | -43.1    |
| time/              |          |
|    episodes        | 3816     |
|    fps             | 19       |
|    time_elapsed    | 10597    |
|    total_timesteps | 202240   |
| train/             |          |
|    actor_loss      | 0.143    |
|    critic_loss     | 0.188    |
|    ent_coef        | 0.00337  |
|    ent_coef_loss   | -0.0902  |
|    learning_rate   | 0.0003   |
|    n_updates       | 192230   |
---------------------------------
---------------------------------
| rollout/           |          |
|    ep_len_mean     | 50.8     |
|    ep_rew_mean     | -42.4    |
| time/              |          |
|    episodes        | 3820     |
|    fps             | 19       |
|    time_elapsed    | 10599    |
|    total_timesteps | 202290   |
| train/             |          |
|    actor_loss      | 0.128    |
|    critic_loss     | 0.242    |
|    ent_coef        | 0.00336  |
|    ent_coef_loss   | -0.0204  |
|    learning_rate   | 0.0003   |
|    n_updates       | 192280   |
---------------------------------
---------------------------------
| rollout/           |          |
|    ep_len_mean     | 50       |
|    ep_rew_mean     | -51.5    |
| time/              |          |
|    episodes        | 3824     |
|    fps             | 19       |
|    time_elapsed    | 10614    |
|    total_timesteps | 202590   |
| train/             |          |
|    actor_loss      | 0.0592   |
|    critic_loss     | 0.239    |
|    ent_coef        | 0.00325  |
|    ent_coef_loss   | -0.127   |
|    learning_rate   | 0.0003   |
|    n_updates       | 192580   |
---------------------------------
---------------------------------
| rollout/           |          |
|    ep_len_mean     | 50       |
|    ep_rew_mean     | -52.1    |
| time/              |          |
|    episodes        | 3828     |
|    fps             | 19       |
|    time_elapsed    | 10624    |
|    total_timesteps | 202800   |
| train/             |          |
|    actor_loss      | 0.0611   |
|    critic_loss     | 0.0965   |
|    ent_coef        | 0.00323  |
|    ent_coef_loss   | -0.123   |
|    learning_rate   | 0.0003   |
|    n_updates       | 192790   |
---------------------------------
---------------------------------
| rollout/           |          |
|    ep_len_mean     | 50.6     |
|    ep_rew_mean     | -48.3    |
| time/              |          |
|    episodes        | 3832     |
|    fps             | 19       |
|    time_elapsed    | 10630    |
|    total_timesteps | 202920   |
| train/             |          |
|    actor_loss      | 0.124    |
|    critic_loss     | 0.36     |
|    ent_coef        | 0.00325  |
|    ent_coef_loss   | 0.219    |
|    learning_rate   | 0.0003   |
|    n_updates       | 192910   |
---------------------------------
---------------------------------
| rollout/           |          |
|    ep_len_mean     | 50.6     |
|    ep_rew_mean     | -47.9    |
| time/              |          |
|    episodes        | 3836     |
|    fps             | 19       |
|    time_elapsed    | 10642    |
|    total_timesteps | 203180   |
| train/             |          |
|    actor_loss      | 0.148    |
|    critic_loss     | 0.168    |
|    ent_coef        | 0.00327  |
|    ent_coef_loss   | 0.358    |
|    learning_rate   | 0.0003   |
|    n_updates       | 193170   |
---------------------------------
---------------------------------
| rollout/           |          |
|    ep_len_mean     | 50.5     |
|    ep_rew_mean     | -47.2    |
| time/              |          |
|    episodes        | 3840     |
|    fps             | 19       |
|    time_elapsed    | 10654    |
|    total_timesteps | 203410   |
| train/             |          |
|    actor_loss      | 0.127    |
|    critic_loss     | 0.24     |
|    ent_coef        | 0.0034   |
|    ent_coef_loss   | -0.559   |
|    learning_rate   | 0.0003   |
|    n_updates       | 193400   |
---------------------------------
---------------------------------
| rollout/           |          |
|    ep_len_mean     | 50.9     |
|    ep_rew_mean     | -48.1    |
| time/              |          |
|    episodes        | 3844     |
|    fps             | 19       |
|    time_elapsed    | 10663    |
|    total_timesteps | 203610   |
| train/             |          |
|    actor_loss      | 0.0954   |
|    critic_loss     | 0.179    |
|    ent_coef        | 0.00341  |
|    ent_coef_loss   | 0.0482   |
|    learning_rate   | 0.0003   |
|    n_updates       | 193600   |
---------------------------------
---------------------------------
| rollout/           |          |
|    ep_len_mean     | 50.5     |
|    ep_rew_mean     | -52.4    |
| time/              |          |
|    episodes        | 3848     |
|    fps             | 19       |
|    time_elapsed    | 10673    |
|    total_timesteps | 203810   |
| train/             |          |
|    actor_loss      | 0.119    |
|    critic_loss     | 0.127    |
|    ent_coef        | 0.0034   |
|    ent_coef_loss   | 0.104    |
|    learning_rate   | 0.0003   |
|    n_updates       | 193800   |
---------------------------------
---------------------------------
| rollout/           |          |
|    ep_len_mean     | 50.9     |
|    ep_rew_mean     | -48.6    |
| time/              |          |
|    episodes        | 3852     |
|    fps             | 19       |
|    time_elapsed    | 10684    |
|    total_timesteps | 204020   |
| train/             |          |
|    actor_loss      | 0.154    |
|    critic_loss     | 0.168    |
|    ent_coef        | 0.00338  |
|    ent_coef_loss   | 0.086    |
|    learning_rate   | 0.0003   |
|    n_updates       | 194010   |
---------------------------------
---------------------------------
| rollout/           |          |
|    ep_len_mean     | 50.5     |
|    ep_rew_mean     | -54.2    |
| time/              |          |
|    episodes        | 3856     |
|    fps             | 19       |
|    time_elapsed    | 10694    |
|    total_timesteps | 204240   |
| train/             |          |
|    actor_loss      | 0.113    |
|    critic_loss     | 0.141    |
|    ent_coef        | 0.00342  |
|    ent_coef_loss   | 0.772    |
|    learning_rate   | 0.0003   |
|    n_updates       | 194230   |
---------------------------------
---------------------------------
| rollout/           |          |
|    ep_len_mean     | 50.7     |
|    ep_rew_mean     | -59.4    |
| time/              |          |
|    episodes        | 3860     |
|    fps             | 19       |
|    time_elapsed    | 10702    |
|    total_timesteps | 204390   |
| train/             |          |
|    actor_loss      | 0.168    |
|    critic_loss     | 0.184    |
|    ent_coef        | 0.00336  |
|    ent_coef_loss   | -0.386   |
|    learning_rate   | 0.0003   |
|    n_updates       | 194380   |
---------------------------------
---------------------------------
| rollout/           |          |
|    ep_len_mean     | 51.1     |
|    ep_rew_mean     | -55.4    |
| time/              |          |
|    episodes        | 3864     |
|    fps             | 19       |
|    time_elapsed    | 10715    |
|    total_timesteps | 204670   |
| train/             |          |
|    actor_loss      | 0.094    |
|    critic_loss     | 0.179    |
|    ent_coef        | 0.00329  |
|    ent_coef_loss   | 0.307    |
|    learning_rate   | 0.0003   |
|    n_updates       | 194660   |
---------------------------------
---------------------------------
| rollout/           |          |
|    ep_len_mean     | 51.1     |
|    ep_rew_mean     | -59.5    |
| time/              |          |
|    episodes        | 3868     |
|    fps             | 19       |
|    time_elapsed    | 10723    |
|    total_timesteps | 204820   |
| train/             |          |
|    actor_loss      | 0.116    |
|    critic_loss     | 0.23     |
|    ent_coef        | 0.0033   |
|    ent_coef_loss   | 0.362    |
|    learning_rate   | 0.0003   |
|    n_updates       | 194810   |
---------------------------------
---------------------------------
| rollout/           |          |
|    ep_len_mean     | 51.9     |
|    ep_rew_mean     | -54.6    |
| time/              |          |
|    episodes        | 3872     |
|    fps             | 19       |
|    time_elapsed    | 10731    |
|    total_timesteps | 205000   |
| train/             |          |
|    actor_loss      | 0.131    |
|    critic_loss     | 0.221    |
|    ent_coef        | 0.00331  |
|    ent_coef_loss   | -0.401   |
|    learning_rate   | 0.0003   |
|    n_updates       | 194990   |
---------------------------------
---------------------------------
| rollout/           |          |
|    ep_len_mean     | 51.8     |
|    ep_rew_mean     | -54.6    |
| time/              |          |
|    episodes        | 3876     |
|    fps             | 19       |
|    time_elapsed    | 10745    |
|    total_timesteps | 205270   |
| train/             |          |
|    actor_loss      | 0.112    |
|    critic_loss     | 0.158    |
|    ent_coef        | 0.00341  |
|    ent_coef_loss   | 0.313    |
|    learning_rate   | 0.0003   |
|    n_updates       | 195260   |
---------------------------------
---------------------------------
| rollout/           |          |
|    ep_len_mean     | 51.8     |
|    ep_rew_mean     | -51.2    |
| time/              |          |
|    episodes        | 3880     |
|    fps             | 19       |
|    time_elapsed    | 10755    |
|    total_timesteps | 205460   |
| train/             |          |
|    actor_loss      | 0.135    |
|    critic_loss     | 0.197    |
|    ent_coef        | 0.00351  |
|    ent_coef_loss   | 0.291    |
|    learning_rate   | 0.0003   |
|    n_updates       | 195450   |
---------------------------------
---------------------------------
| rollout/           |          |
|    ep_len_mean     | 52.4     |
|    ep_rew_mean     | -36.9    |
| time/              |          |
|    episodes        | 3884     |
|    fps             | 19       |
|    time_elapsed    | 10772    |
|    total_timesteps | 205810   |
| train/             |          |
|    actor_loss      | 0.121    |
|    critic_loss     | 0.214    |
|    ent_coef        | 0.00346  |
|    ent_coef_loss   | -0.146   |
|    learning_rate   | 0.0003   |
|    n_updates       | 195800   |
---------------------------------
---------------------------------
| rollout/           |          |
|    ep_len_mean     | 52.7     |
|    ep_rew_mean     | -27.4    |
| time/              |          |
|    episodes        | 3888     |
|    fps             | 19       |
|    time_elapsed    | 10782    |
|    total_timesteps | 206010   |
| train/             |          |
|    actor_loss      | 0.215    |
|    critic_loss     | 0.187    |
|    ent_coef        | 0.00349  |
|    ent_coef_loss   | 0.684    |
|    learning_rate   | 0.0003   |
|    n_updates       | 196000   |
---------------------------------
---------------------------------
| rollout/           |          |
|    ep_len_mean     | 52.5     |
|    ep_rew_mean     | -33      |
| time/              |          |
|    episodes        | 3892     |
|    fps             | 19       |
|    time_elapsed    | 10789    |
|    total_timesteps | 206150   |
| train/             |          |
|    actor_loss      | 0.139    |
|    critic_loss     | 0.191    |
|    ent_coef        | 0.00349  |
|    ent_coef_loss   | 0.522    |
|    learning_rate   | 0.0003   |
|    n_updates       | 196140   |
---------------------------------
---------------------------------
| rollout/           |          |
|    ep_len_mean     | 52.4     |
|    ep_rew_mean     | -41.3    |
| time/              |          |
|    episodes        | 3896     |
|    fps             | 19       |
|    time_elapsed    | 10794    |
|    total_timesteps | 206260   |
| train/             |          |
|    actor_loss      | 0.172    |
|    critic_loss     | 0.241    |
|    ent_coef        | 0.00348  |
|    ent_coef_loss   | -0.0216  |
|    learning_rate   | 0.0003   |
|    n_updates       | 196250   |
---------------------------------
---------------------------------
| rollout/           |          |
|    ep_len_mean     | 51.3     |
|    ep_rew_mean     | -52.2    |
| time/              |          |
|    episodes        | 3900     |
|    fps             | 19       |
|    time_elapsed    | 10805    |
|    total_timesteps | 206480   |
| train/             |          |
|    actor_loss      | 0.197    |
|    critic_loss     | 0.281    |
|    ent_coef        | 0.00346  |
|    ent_coef_loss   | -0.632   |
|    learning_rate   | 0.0003   |
|    n_updates       | 196470   |
---------------------------------
---------------------------------
| rollout/           |          |
|    ep_len_mean     | 51.2     |
|    ep_rew_mean     | -56.8    |
| time/              |          |
|    episodes        | 3904     |
|    fps             | 19       |
|    time_elapsed    | 10813    |
|    total_timesteps | 206660   |
| train/             |          |
|    actor_loss      | 0.117    |
|    critic_loss     | 0.234    |
|    ent_coef        | 0.00347  |
|    ent_coef_loss   | 0.637    |
|    learning_rate   | 0.0003   |
|    n_updates       | 196650   |
---------------------------------
---------------------------------
| rollout/           |          |
|    ep_len_mean     | 50.8     |
|    ep_rew_mean     | -57.5    |
| time/              |          |
|    episodes        | 3908     |
|    fps             | 19       |
|    time_elapsed    | 10819    |
|    total_timesteps | 206780   |
| train/             |          |
|    actor_loss      | 0.139    |
|    critic_loss     | 0.181    |
|    ent_coef        | 0.00346  |
|    ent_coef_loss   | -0.702   |
|    learning_rate   | 0.0003   |
|    n_updates       | 196770   |
---------------------------------
---------------------------------
| rollout/           |          |
|    ep_len_mean     | 50.3     |
|    ep_rew_mean     | -66.9    |
| time/              |          |
|    episodes        | 3912     |
|    fps             | 19       |
|    time_elapsed    | 10831    |
|    total_timesteps | 207010   |
| train/             |          |
|    actor_loss      | 0.103    |
|    critic_loss     | 0.17     |
|    ent_coef        | 0.00341  |
|    ent_coef_loss   | 0.0113   |
|    learning_rate   | 0.0003   |
|    n_updates       | 197000   |
---------------------------------
---------------------------------
| rollout/           |          |
|    ep_len_mean     | 50.3     |
|    ep_rew_mean     | -67.4    |
| time/              |          |
|    episodes        | 3916     |
|    fps             | 19       |
|    time_elapsed    | 10843    |
|    total_timesteps | 207270   |
| train/             |          |
|    actor_loss      | 0.129    |
|    critic_loss     | 0.139    |
|    ent_coef        | 0.00347  |
|    ent_coef_loss   | 0.0811   |
|    learning_rate   | 0.0003   |
|    n_updates       | 197260   |
---------------------------------
---------------------------------
| rollout/           |          |
|    ep_len_mean     | 50.3     |
|    ep_rew_mean     | -67.4    |
| time/              |          |
|    episodes        | 3920     |
|    fps             | 19       |
|    time_elapsed    | 10845    |
|    total_timesteps | 207310   |
| train/             |          |
|    actor_loss      | 0.147    |
|    critic_loss     | 0.222    |
|    ent_coef        | 0.00347  |
|    ent_coef_loss   | 0.00406  |
|    learning_rate   | 0.0003   |
|    n_updates       | 197300   |
---------------------------------
---------------------------------
| rollout/           |          |
|    ep_len_mean     | 50.8     |
|    ep_rew_mean     | -63.9    |
| time/              |          |
|    episodes        | 3924     |
|    fps             | 19       |
|    time_elapsed    | 10862    |
|    total_timesteps | 207650   |
| train/             |          |
|    actor_loss      | 0.138    |
|    critic_loss     | 0.312    |
|    ent_coef        | 0.00345  |
|    ent_coef_loss   | -0.532   |
|    learning_rate   | 0.0003   |
|    n_updates       | 197640   |
---------------------------------
---------------------------------
| rollout/           |          |
|    ep_len_mean     | 50.8     |
|    ep_rew_mean     | -62.7    |
| time/              |          |
|    episodes        | 3928     |
|    fps             | 19       |
|    time_elapsed    | 10873    |
|    total_timesteps | 207890   |
| train/             |          |
|    actor_loss      | 0.143    |
|    critic_loss     | 0.282    |
|    ent_coef        | 0.00344  |
|    ent_coef_loss   | -0.217   |
|    learning_rate   | 0.0003   |
|    n_updates       | 197880   |
---------------------------------
---------------------------------
| rollout/           |          |
|    ep_len_mean     | 50.6     |
|    ep_rew_mean     | -67      |
| time/              |          |
|    episodes        | 3932     |
|    fps             | 19       |
|    time_elapsed    | 10881    |
|    total_timesteps | 208040   |
| train/             |          |
|    actor_loss      | 0.14     |
|    critic_loss     | 0.181    |
|    ent_coef        | 0.0034   |
|    ent_coef_loss   | -0.435   |
|    learning_rate   | 0.0003   |
|    n_updates       | 198030   |
---------------------------------
---------------------------------
| rollout/           |          |
|    ep_len_mean     | 51       |
|    ep_rew_mean     | -63.5    |
| time/              |          |
|    episodes        | 3936     |
|    fps             | 19       |
|    time_elapsed    | 10890    |
|    total_timesteps | 208210   |
| train/             |          |
|    actor_loss      | 0.163    |
|    critic_loss     | 0.21     |
|    ent_coef        | 0.00343  |
|    ent_coef_loss   | 0.635    |
|    learning_rate   | 0.0003   |
|    n_updates       | 198200   |
---------------------------------
---------------------------------
| rollout/           |          |
|    ep_len_mean     | 50       |
|    ep_rew_mean     | -76.1    |
| time/              |          |
|    episodes        | 3940     |
|    fps             | 19       |
|    time_elapsed    | 10902    |
|    total_timesteps | 208450   |
| train/             |          |
|    actor_loss      | 0.1      |
|    critic_loss     | 0.146    |
|    ent_coef        | 0.00351  |
|    ent_coef_loss   | 0.182    |
|    learning_rate   | 0.0003   |
|    n_updates       | 198440   |
---------------------------------
---------------------------------
| rollout/           |          |
|    ep_len_mean     | 50.1     |
|    ep_rew_mean     | -72.4    |
| time/              |          |
|    episodes        | 3944     |
|    fps             | 19       |
|    time_elapsed    | 10909    |
|    total_timesteps | 208600   |
| train/             |          |
|    actor_loss      | 0.114    |
|    critic_loss     | 0.274    |
|    ent_coef        | 0.0035   |
|    ent_coef_loss   | -0.133   |
|    learning_rate   | 0.0003   |
|    n_updates       | 198590   |
---------------------------------
---------------------------------
| rollout/           |          |
|    ep_len_mean     | 49.6     |
|    ep_rew_mean     | -75.7    |
| time/              |          |
|    episodes        | 3948     |
|    fps             | 19       |
|    time_elapsed    | 10921    |
|    total_timesteps | 208860   |
| train/             |          |
|    actor_loss      | 0.122    |
|    critic_loss     | 0.115    |
|    ent_coef        | 0.00349  |
|    ent_coef_loss   | -0.307   |
|    learning_rate   | 0.0003   |
|    n_updates       | 198850   |
---------------------------------
---------------------------------
| rollout/           |          |
|    ep_len_mean     | 49.2     |
|    ep_rew_mean     | -78.8    |
| time/              |          |
|    episodes        | 3952     |
|    fps             | 19       |
|    time_elapsed    | 10930    |
|    total_timesteps | 209040   |
| train/             |          |
|    actor_loss      | 0.141    |
|    critic_loss     | 0.14     |
|    ent_coef        | 0.00352  |
|    ent_coef_loss   | 0.442    |
|    learning_rate   | 0.0003   |
|    n_updates       | 199030   |
---------------------------------
---------------------------------
| rollout/           |          |
|    ep_len_mean     | 49.5     |
|    ep_rew_mean     | -73.6    |
| time/              |          |
|    episodes        | 3956     |
|    fps             | 19       |
|    time_elapsed    | 10933    |
|    total_timesteps | 209100   |
| train/             |          |
|    actor_loss      | 0.157    |
|    critic_loss     | 0.183    |
|    ent_coef        | 0.00353  |
|    ent_coef_loss   | -0.35    |
|    learning_rate   | 0.0003   |
|    n_updates       | 199090   |
---------------------------------
---------------------------------
| rollout/           |          |
|    ep_len_mean     | 49.7     |
|    ep_rew_mean     | -75.4    |
| time/              |          |
|    episodes        | 3960     |
|    fps             | 19       |
|    time_elapsed    | 10944    |
|    total_timesteps | 209340   |
| train/             |          |
|    actor_loss      | 0.169    |
|    critic_loss     | 0.164    |
|    ent_coef        | 0.0034   |
|    ent_coef_loss   | -0.514   |
|    learning_rate   | 0.0003   |
|    n_updates       | 199330   |
---------------------------------
---------------------------------
| rollout/           |          |
|    ep_len_mean     | 49       |
|    ep_rew_mean     | -73.2    |
| time/              |          |
|    episodes        | 3964     |
|    fps             | 19       |
|    time_elapsed    | 10961    |
|    total_timesteps | 209670   |
| train/             |          |
|    actor_loss      | 0.119    |
|    critic_loss     | 0.129    |
|    ent_coef        | 0.00343  |
|    ent_coef_loss   | 0.259    |
|    learning_rate   | 0.0003   |
|    n_updates       | 199660   |
---------------------------------
---------------------------------
| rollout/           |          |
|    ep_len_mean     | 49.7     |
|    ep_rew_mean     | -66.3    |
| time/              |          |
|    episodes        | 3968     |
|    fps             | 19       |
|    time_elapsed    | 10966    |
|    total_timesteps | 209780   |
| train/             |          |
|    actor_loss      | 0.189    |
|    critic_loss     | 0.224    |
|    ent_coef        | 0.00342  |
|    ent_coef_loss   | -0.605   |
|    learning_rate   | 0.0003   |
|    n_updates       | 199770   |
---------------------------------
---------------------------------
| rollout/           |          |
|    ep_len_mean     | 50       |
|    ep_rew_mean     | -68.6    |
| time/              |          |
|    episodes        | 3972     |
|    fps             | 19       |
|    time_elapsed    | 10981    |
|    total_timesteps | 210100   |
| train/             |          |
|    actor_loss      | 0.147    |
|    critic_loss     | 0.217    |
|    ent_coef        | 0.00338  |
|    ent_coef_loss   | -0.0352  |
|    learning_rate   | 0.0003   |
|    n_updates       | 200090   |
---------------------------------
---------------------------------
| rollout/           |          |
|    ep_len_mean     | 50.1     |
|    ep_rew_mean     | -68.6    |
| time/              |          |
|    episodes        | 3976     |
|    fps             | 19       |
|    time_elapsed    | 10990    |
|    total_timesteps | 210270   |
| train/             |          |
|    actor_loss      | 0.217    |
|    critic_loss     | 0.276    |
|    ent_coef        | 0.0034   |
|    ent_coef_loss   | 0.721    |
|    learning_rate   | 0.0003   |
|    n_updates       | 200260   |
---------------------------------
---------------------------------
| rollout/           |          |
|    ep_len_mean     | 50       |
|    ep_rew_mean     | -66.8    |
| time/              |          |
|    episodes        | 3980     |
|    fps             | 19       |
|    time_elapsed    | 10998    |
|    total_timesteps | 210450   |
| train/             |          |
|    actor_loss      | 0.177    |
|    critic_loss     | 0.23     |
|    ent_coef        | 0.00343  |
|    ent_coef_loss   | 0.545    |
|    learning_rate   | 0.0003   |
|    n_updates       | 200440   |
---------------------------------
---------------------------------
| rollout/           |          |
|    ep_len_mean     | 49.3     |
|    ep_rew_mean     | -79.4    |
| time/              |          |
|    episodes        | 3984     |
|    fps             | 19       |
|    time_elapsed    | 11006    |
|    total_timesteps | 210620   |
| train/             |          |
|    actor_loss      | 0.127    |
|    critic_loss     | 0.153    |
|    ent_coef        | 0.00344  |
|    ent_coef_loss   | -0.374   |
|    learning_rate   | 0.0003   |
|    n_updates       | 200610   |
---------------------------------
---------------------------------
| rollout/           |          |
|    ep_len_mean     | 48.9     |
|    ep_rew_mean     | -84.2    |
| time/              |          |
|    episodes        | 3988     |
|    fps             | 19       |
|    time_elapsed    | 11014    |
|    total_timesteps | 210790   |
| train/             |          |
|    actor_loss      | 0.135    |
|    critic_loss     | 0.162    |
|    ent_coef        | 0.00337  |
|    ent_coef_loss   | -0.311   |
|    learning_rate   | 0.0003   |
|    n_updates       | 200780   |
---------------------------------
---------------------------------
| rollout/           |          |
|    ep_len_mean     | 49       |
|    ep_rew_mean     | -83.6    |
| time/              |          |
|    episodes        | 3992     |
|    fps             | 19       |
|    time_elapsed    | 11030    |
|    total_timesteps | 211120   |
| train/             |          |
|    actor_loss      | 0.184    |
|    critic_loss     | 0.226    |
|    ent_coef        | 0.00349  |
|    ent_coef_loss   | -0.591   |
|    learning_rate   | 0.0003   |
|    n_updates       | 201110   |
---------------------------------
---------------------------------
| rollout/           |          |
|    ep_len_mean     | 49.2     |
|    ep_rew_mean     | -74.3    |
| time/              |          |
|    episodes        | 3996     |
|    fps             | 19       |
|    time_elapsed    | 11039    |
|    total_timesteps | 211310   |
| train/             |          |
|    actor_loss      | 0.152    |
|    critic_loss     | 0.218    |
|    ent_coef        | 0.00342  |
|    ent_coef_loss   | 0.872    |
|    learning_rate   | 0.0003   |
|    n_updates       | 201300   |
---------------------------------
---------------------------------
| rollout/           |          |
|    ep_len_mean     | 50.3     |
|    ep_rew_mean     | -71.3    |
| time/              |          |
|    episodes        | 4000     |
|    fps             | 19       |
|    time_elapsed    | 11046    |
|    total_timesteps | 211440   |
| train/             |          |
|    actor_loss      | 0.19     |
|    critic_loss     | 0.201    |
|    ent_coef        | 0.00348  |
|    ent_coef_loss   | 0.4      |
|    learning_rate   | 0.0003   |
|    n_updates       | 201430   |
---------------------------------
---------------------------------
| rollout/           |          |
|    ep_len_mean     | 49.6     |
|    ep_rew_mean     | -78.7    |
| time/              |          |
|    episodes        | 4004     |
|    fps             | 19       |
|    time_elapsed    | 11060    |
|    total_timesteps | 211730   |
| train/             |          |
|    actor_loss      | 0.174    |
|    critic_loss     | 0.191    |
|    ent_coef        | 0.00339  |
|    ent_coef_loss   | -0.324   |
|    learning_rate   | 0.0003   |
|    n_updates       | 201720   |
---------------------------------
---------------------------------
| rollout/           |          |
|    ep_len_mean     | 50.6     |
|    ep_rew_mean     | -76      |
| time/              |          |
|    episodes        | 4008     |
|    fps             | 19       |
|    time_elapsed    | 11063    |
|    total_timesteps | 211790   |
| train/             |          |
|    actor_loss      | 0.137    |
|    critic_loss     | 0.19     |
|    ent_coef        | 0.00336  |
|    ent_coef_loss   | -0.114   |
|    learning_rate   | 0.0003   |
|    n_updates       | 201780   |
---------------------------------
---------------------------------
| rollout/           |          |
|    ep_len_mean     | 50.4     |
|    ep_rew_mean     | -75.3    |
| time/              |          |
|    episodes        | 4012     |
|    fps             | 19       |
|    time_elapsed    | 11072    |
|    total_timesteps | 211980   |
| train/             |          |
|    actor_loss      | 0.152    |
|    critic_loss     | 0.244    |
|    ent_coef        | 0.00339  |
|    ent_coef_loss   | 0.428    |
|    learning_rate   | 0.0003   |
|    n_updates       | 201970   |
---------------------------------
---------------------------------
| rollout/           |          |
|    ep_len_mean     | 49.5     |
|    ep_rew_mean     | -83.2    |
| time/              |          |
|    episodes        | 4016     |
|    fps             | 19       |
|    time_elapsed    | 11081    |
|    total_timesteps | 212150   |
| train/             |          |
|    actor_loss      | 0.108    |
|    critic_loss     | 0.216    |
|    ent_coef        | 0.0034   |
|    ent_coef_loss   | 0.207    |
|    learning_rate   | 0.0003   |
|    n_updates       | 202140   |
---------------------------------
---------------------------------
| rollout/           |          |
|    ep_len_mean     | 48.9     |
|    ep_rew_mean     | -86.8    |
| time/              |          |
|    episodes        | 4020     |
|    fps             | 19       |
|    time_elapsed    | 11089    |
|    total_timesteps | 212310   |
| train/             |          |
|    actor_loss      | 0.186    |
|    critic_loss     | 0.215    |
|    ent_coef        | 0.00342  |
|    ent_coef_loss   | 0.456    |
|    learning_rate   | 0.0003   |
|    n_updates       | 202300   |
---------------------------------
---------------------------------
| rollout/           |          |
|    ep_len_mean     | 48.5     |
|    ep_rew_mean     | -90      |
| time/              |          |
|    episodes        | 4024     |
|    fps             | 19       |
|    time_elapsed    | 11093    |
|    total_timesteps | 212390   |
| train/             |          |
|    actor_loss      | 0.134    |
|    critic_loss     | 0.151    |
|    ent_coef        | 0.00344  |
|    ent_coef_loss   | 0.0224   |
|    learning_rate   | 0.0003   |
|    n_updates       | 202380   |
---------------------------------
---------------------------------
| rollout/           |          |
|    ep_len_mean     | 47.9     |
|    ep_rew_mean     | -98      |
| time/              |          |
|    episodes        | 4028     |
|    fps             | 19       |
|    time_elapsed    | 11101    |
|    total_timesteps | 212560   |
| train/             |          |
|    actor_loss      | 0.141    |
|    critic_loss     | 0.274    |
|    ent_coef        | 0.0034   |
|    ent_coef_loss   | 0.00452  |
|    learning_rate   | 0.0003   |
|    n_updates       | 202550   |
---------------------------------
---------------------------------
| rollout/           |          |
|    ep_len_mean     | 47       |
|    ep_rew_mean     | -106     |
| time/              |          |
|    episodes        | 4032     |
|    fps             | 19       |
|    time_elapsed    | 11112    |
|    total_timesteps | 212770   |
| train/             |          |
|    actor_loss      | 0.127    |
|    critic_loss     | 0.191    |
|    ent_coef        | 0.00347  |
|    ent_coef_loss   | 0.258    |
|    learning_rate   | 0.0003   |
|    n_updates       | 202760   |
---------------------------------
---------------------------------
| rollout/           |          |
|    ep_len_mean     | 46.4     |
|    ep_rew_mean     | -110     |
| time/              |          |
|    episodes        | 4036     |
|    fps             | 19       |
|    time_elapsed    | 11117    |
|    total_timesteps | 212870   |
| train/             |          |
|    actor_loss      | 0.193    |
|    critic_loss     | 0.227    |
|    ent_coef        | 0.0035   |
|    ent_coef_loss   | -0.255   |
|    learning_rate   | 0.0003   |
|    n_updates       | 202860   |
---------------------------------
---------------------------------
| rollout/           |          |
|    ep_len_mean     | 47.6     |
|    ep_rew_mean     | -98.3    |
| time/              |          |
|    episodes        | 4040     |
|    fps             | 19       |
|    time_elapsed    | 11129    |
|    total_timesteps | 213090   |
| train/             |          |
|    actor_loss      | 0.164    |
|    critic_loss     | 0.282    |
|    ent_coef        | 0.00345  |
|    ent_coef_loss   | -0.326   |
|    learning_rate   | 0.0003   |
|    n_updates       | 203080   |
---------------------------------
---------------------------------
| rollout/           |          |
|    ep_len_mean     | 46.7     |
|    ep_rew_mean     | -109     |
| time/              |          |
|    episodes        | 4044     |
|    fps             | 19       |
|    time_elapsed    | 11133    |
|    total_timesteps | 213170   |
| train/             |          |
|    actor_loss      | 0.119    |
|    critic_loss     | 0.123    |
|    ent_coef        | 0.00348  |
|    ent_coef_loss   | -0.0204  |
|    learning_rate   | 0.0003   |
|    n_updates       | 203160   |
---------------------------------
---------------------------------
| rollout/           |          |
|    ep_len_mean     | 46.5     |
|    ep_rew_mean     | -114     |
| time/              |          |
|    episodes        | 4048     |
|    fps             | 19       |
|    time_elapsed    | 11145    |
|    total_timesteps | 213400   |
| train/             |          |
|    actor_loss      | 0.135    |
|    critic_loss     | 0.143    |
|    ent_coef        | 0.0035   |
|    ent_coef_loss   | 0.373    |
|    learning_rate   | 0.0003   |
|    n_updates       | 203390   |
---------------------------------
---------------------------------
| rollout/           |          |
|    ep_len_mean     | 46.2     |
|    ep_rew_mean     | -117     |
| time/              |          |
|    episodes        | 4052     |
|    fps             | 19       |
|    time_elapsed    | 11154    |
|    total_timesteps | 213580   |
| train/             |          |
|    actor_loss      | 0.158    |
|    critic_loss     | 0.307    |
|    ent_coef        | 0.00351  |
|    ent_coef_loss   | 0.629    |
|    learning_rate   | 0.0003   |
|    n_updates       | 203570   |
---------------------------------
---------------------------------
| rollout/           |          |
|    ep_len_mean     | 46.2     |
|    ep_rew_mean     | -122     |
| time/              |          |
|    episodes        | 4056     |
|    fps             | 19       |
|    time_elapsed    | 11163    |
|    total_timesteps | 213750   |
| train/             |          |
|    actor_loss      | 0.258    |
|    critic_loss     | 0.131    |
|    ent_coef        | 0.00353  |
|    ent_coef_loss   | -0.439   |
|    learning_rate   | 0.0003   |
|    n_updates       | 203740   |
---------------------------------
---------------------------------
| rollout/           |          |
|    ep_len_mean     | 45.3     |
|    ep_rew_mean     | -132     |
| time/              |          |
|    episodes        | 4060     |
|    fps             | 19       |
|    time_elapsed    | 11172    |
|    total_timesteps | 213930   |
| train/             |          |
|    actor_loss      | 0.193    |
|    critic_loss     | 0.314    |
|    ent_coef        | 0.00355  |
|    ent_coef_loss   | 0.568    |
|    learning_rate   | 0.0003   |
|    n_updates       | 203920   |
---------------------------------
---------------------------------
| rollout/           |          |
|    ep_len_mean     | 45.5     |
|    ep_rew_mean     | -134     |
| time/              |          |
|    episodes        | 4064     |
|    fps             | 19       |
|    time_elapsed    | 11175    |
|    total_timesteps | 214000   |
| train/             |          |
|    actor_loss      | 0.177    |
|    critic_loss     | 0.257    |
|    ent_coef        | 0.00353  |
|    ent_coef_loss   | 0.575    |
|    learning_rate   | 0.0003   |
|    n_updates       | 203990   |
---------------------------------
---------------------------------
| rollout/           |          |
|    ep_len_mean     | 44.4     |
|    ep_rew_mean     | -141     |
| time/              |          |
|    episodes        | 4068     |
|    fps             | 19       |
|    time_elapsed    | 11185    |
|    total_timesteps | 214200   |
| train/             |          |
|    actor_loss      | 0.165    |
|    critic_loss     | 0.233    |
|    ent_coef        | 0.00349  |
|    ent_coef_loss   | 0.259    |
|    learning_rate   | 0.0003   |
|    n_updates       | 204190   |
---------------------------------
---------------------------------
| rollout/           |          |
|    ep_len_mean     | 43.3     |
|    ep_rew_mean     | -147     |
| time/              |          |
|    episodes        | 4072     |
|    fps             | 19       |
|    time_elapsed    | 11195    |
|    total_timesteps | 214400   |
| train/             |          |
|    actor_loss      | 0.147    |
|    critic_loss     | 0.178    |
|    ent_coef        | 0.0035   |
|    ent_coef_loss   | 0.176    |
|    learning_rate   | 0.0003   |
|    n_updates       | 204390   |
---------------------------------
---------------------------------
| rollout/           |          |
|    ep_len_mean     | 43.3     |
|    ep_rew_mean     | -148     |
| time/              |          |
|    episodes        | 4076     |
|    fps             | 19       |
|    time_elapsed    | 11202    |
|    total_timesteps | 214550   |
| train/             |          |
|    actor_loss      | 0.152    |
|    critic_loss     | 0.215    |
|    ent_coef        | 0.00348  |
|    ent_coef_loss   | -0.0754  |
|    learning_rate   | 0.0003   |
|    n_updates       | 204540   |
---------------------------------
---------------------------------
| rollout/           |          |
|    ep_len_mean     | 42.8     |
|    ep_rew_mean     | -151     |
| time/              |          |
|    episodes        | 4080     |
|    fps             | 19       |
|    time_elapsed    | 11210    |
|    total_timesteps | 214730   |
| train/             |          |
|    actor_loss      | 0.171    |
|    critic_loss     | 0.177    |
|    ent_coef        | 0.00349  |
|    ent_coef_loss   | -0.575   |
|    learning_rate   | 0.0003   |
|    n_updates       | 204720   |
---------------------------------
---------------------------------
| rollout/           |          |
|    ep_len_mean     | 42.9     |
|    ep_rew_mean     | -147     |
| time/              |          |
|    episodes        | 4084     |
|    fps             | 19       |
|    time_elapsed    | 11221    |
|    total_timesteps | 214960   |
| train/             |          |
|    actor_loss      | 0.155    |
|    critic_loss     | 0.216    |
|    ent_coef        | 0.00345  |
|    ent_coef_loss   | -0.48    |
|    learning_rate   | 0.0003   |
|    n_updates       | 204950   |
---------------------------------
---------------------------------
| rollout/           |          |
|    ep_len_mean     | 42.9     |
|    ep_rew_mean     | -147     |
| time/              |          |
|    episodes        | 4088     |
|    fps             | 19       |
|    time_elapsed    | 11226    |
|    total_timesteps | 215050   |
| train/             |          |
|    actor_loss      | 0.193    |
|    critic_loss     | 0.221    |
|    ent_coef        | 0.00346  |
|    ent_coef_loss   | 0.158    |
|    learning_rate   | 0.0003   |
|    n_updates       | 205040   |
---------------------------------
---------------------------------
| rollout/           |          |
|    ep_len_mean     | 43.3     |
|    ep_rew_mean     | -138     |
| time/              |          |
|    episodes        | 4092     |
|    fps             | 19       |
|    time_elapsed    | 11246    |
|    total_timesteps | 215480   |
| train/             |          |
|    actor_loss      | 0.132    |
|    critic_loss     | 0.271    |
|    ent_coef        | 0.00346  |
|    ent_coef_loss   | -0.736   |
|    learning_rate   | 0.0003   |
|    n_updates       | 205470   |
---------------------------------
---------------------------------
| rollout/           |          |
|    ep_len_mean     | 42.6     |
|    ep_rew_mean     | -146     |
| time/              |          |
|    episodes        | 4096     |
|    fps             | 19       |
|    time_elapsed    | 11253    |
|    total_timesteps | 215620   |
| train/             |          |
|    actor_loss      | 0.176    |
|    critic_loss     | 0.136    |
|    ent_coef        | 0.00345  |
|    ent_coef_loss   | -0.033   |
|    learning_rate   | 0.0003   |
|    n_updates       | 205610   |
---------------------------------
---------------------------------
| rollout/           |          |
|    ep_len_mean     | 42.9     |
|    ep_rew_mean     | -138     |
| time/              |          |
|    episodes        | 4100     |
|    fps             | 19       |
|    time_elapsed    | 11257    |
|    total_timesteps | 215700   |
| train/             |          |
|    actor_loss      | 0.207    |
|    critic_loss     | 0.296    |
|    ent_coef        | 0.00339  |
|    ent_coef_loss   | -0.371   |
|    learning_rate   | 0.0003   |
|    n_updates       | 205690   |
---------------------------------
---------------------------------
| rollout/           |          |
|    ep_len_mean     | 43.3     |
|    ep_rew_mean     | -130     |
| time/              |          |
|    episodes        | 4104     |
|    fps             | 19       |
|    time_elapsed    | 11269    |
|    total_timesteps | 215940   |
| train/             |          |
|    actor_loss      | 0.15     |
|    critic_loss     | 0.172    |
|    ent_coef        | 0.00337  |
|    ent_coef_loss   | 0.0899   |
|    learning_rate   | 0.0003   |
|    n_updates       | 205930   |
---------------------------------
---------------------------------
| rollout/           |          |
|    ep_len_mean     | 41.9     |
|    ep_rew_mean     | -140     |
| time/              |          |
|    episodes        | 4108     |
|    fps             | 19       |
|    time_elapsed    | 11277    |
|    total_timesteps | 216120   |
| train/             |          |
|    actor_loss      | 0.17     |
|    critic_loss     | 0.172    |
|    ent_coef        | 0.0034   |
|    ent_coef_loss   | 0.194    |
|    learning_rate   | 0.0003   |
|    n_updates       | 206110   |
---------------------------------
---------------------------------
| rollout/           |          |
|    ep_len_mean     | 41.8     |
|    ep_rew_mean     | -140     |
| time/              |          |
|    episodes        | 4112     |
|    fps             | 19       |
|    time_elapsed    | 11281    |
|    total_timesteps | 216200   |
| train/             |          |
|    actor_loss      | 0.189    |
|    critic_loss     | 0.199    |
|    ent_coef        | 0.00342  |
|    ent_coef_loss   | 0.501    |
|    learning_rate   | 0.0003   |
|    n_updates       | 206190   |
---------------------------------
---------------------------------
| rollout/           |          |
|    ep_len_mean     | 42.3     |
|    ep_rew_mean     | -136     |
| time/              |          |
|    episodes        | 4116     |
|    fps             | 19       |
|    time_elapsed    | 11291    |
|    total_timesteps | 216400   |
| train/             |          |
|    actor_loss      | 0.173    |
|    critic_loss     | 0.301    |
|    ent_coef        | 0.00336  |
|    ent_coef_loss   | 0.153    |
|    learning_rate   | 0.0003   |
|    n_updates       | 206390   |
---------------------------------
---------------------------------
| rollout/           |          |
|    ep_len_mean     | 42.2     |
|    ep_rew_mean     | -136     |
| time/              |          |
|    episodes        | 4120     |
|    fps             | 19       |
|    time_elapsed    | 11294    |
|    total_timesteps | 216470   |
| train/             |          |
|    actor_loss      | 0.142    |
|    critic_loss     | 0.169    |
|    ent_coef        | 0.00334  |
|    ent_coef_loss   | -0.0487  |
|    learning_rate   | 0.0003   |
|    n_updates       | 206460   |
---------------------------------
---------------------------------
| rollout/           |          |
|    ep_len_mean     | 42.1     |
|    ep_rew_mean     | -136     |
| time/              |          |
|    episodes        | 4124     |
|    fps             | 19       |
|    time_elapsed    | 11307    |
|    total_timesteps | 216730   |
| train/             |          |
|    actor_loss      | 0.25     |
|    critic_loss     | 0.193    |
|    ent_coef        | 0.0034   |
|    ent_coef_loss   | 0.185    |
|    learning_rate   | 0.0003   |
|    n_updates       | 206720   |
---------------------------------
---------------------------------
| rollout/           |          |
|    ep_len_mean     | 42.6     |
|    ep_rew_mean     | -133     |
| time/              |          |
|    episodes        | 4128     |
|    fps             | 19       |
|    time_elapsed    | 11318    |
|    total_timesteps | 216950   |
| train/             |          |
|    actor_loss      | 0.153    |
|    critic_loss     | 0.208    |
|    ent_coef        | 0.00343  |
|    ent_coef_loss   | 0.175    |
|    learning_rate   | 0.0003   |
|    n_updates       | 206940   |
---------------------------------
---------------------------------
| rollout/           |          |
|    ep_len_mean     | 43.8     |
|    ep_rew_mean     | -121     |
| time/              |          |
|    episodes        | 4132     |
|    fps             | 19       |
|    time_elapsed    | 11326    |
|    total_timesteps | 217120   |
| train/             |          |
|    actor_loss      | 0.21     |
|    critic_loss     | 0.183    |
|    ent_coef        | 0.00342  |
|    ent_coef_loss   | 0.778    |
|    learning_rate   | 0.0003   |
|    n_updates       | 207110   |
---------------------------------
---------------------------------
| rollout/           |          |
|    ep_len_mean     | 44.1     |
|    ep_rew_mean     | -121     |
| time/              |          |
|    episodes        | 4136     |
|    fps             | 19       |
|    time_elapsed    | 11334    |
|    total_timesteps | 217290   |
| train/             |          |
|    actor_loss      | 0.228    |
|    critic_loss     | 0.173    |
|    ent_coef        | 0.00339  |
|    ent_coef_loss   | 0.774    |
|    learning_rate   | 0.0003   |
|    n_updates       | 207280   |
---------------------------------
---------------------------------
| rollout/           |          |
|    ep_len_mean     | 43.6     |
|    ep_rew_mean     | -128     |
| time/              |          |
|    episodes        | 4140     |
|    fps             | 19       |
|    time_elapsed    | 11345    |
|    total_timesteps | 217510   |
| train/             |          |
|    actor_loss      | 0.154    |
|    critic_loss     | 0.142    |
|    ent_coef        | 0.00339  |
|    ent_coef_loss   | -0.00114 |
|    learning_rate   | 0.0003   |
|    n_updates       | 207500   |
---------------------------------
---------------------------------
| rollout/           |          |
|    ep_len_mean     | 44.5     |
|    ep_rew_mean     | -120     |
| time/              |          |
|    episodes        | 4144     |
|    fps             | 19       |
|    time_elapsed    | 11357    |
|    total_timesteps | 217750   |
| train/             |          |
|    actor_loss      | 0.175    |
|    critic_loss     | 0.13     |
|    ent_coef        | 0.00346  |
|    ent_coef_loss   | -0.18    |
|    learning_rate   | 0.0003   |
|    n_updates       | 207740   |
---------------------------------
---------------------------------
| rollout/           |          |
|    ep_len_mean     | 45.2     |
|    ep_rew_mean     | -113     |
| time/              |          |
|    episodes        | 4148     |
|    fps             | 19       |
|    time_elapsed    | 11365    |
|    total_timesteps | 217920   |
| train/             |          |
|    actor_loss      | 0.147    |
|    critic_loss     | 0.234    |
|    ent_coef        | 0.00343  |
|    ent_coef_loss   | 0.186    |
|    learning_rate   | 0.0003   |
|    n_updates       | 207910   |
---------------------------------
---------------------------------
| rollout/           |          |
|    ep_len_mean     | 45.4     |
|    ep_rew_mean     | -113     |
| time/              |          |
|    episodes        | 4152     |
|    fps             | 19       |
|    time_elapsed    | 11371    |
|    total_timesteps | 218050   |
| train/             |          |
|    actor_loss      | 0.2      |
|    critic_loss     | 0.181    |
|    ent_coef        | 0.00343  |
|    ent_coef_loss   | 0.111    |
|    learning_rate   | 0.0003   |
|    n_updates       | 208040   |
---------------------------------
---------------------------------
| rollout/           |          |
|    ep_len_mean     | 44.8     |
|    ep_rew_mean     | -117     |
| time/              |          |
|    episodes        | 4156     |
|    fps             | 19       |
|    time_elapsed    | 11378    |
|    total_timesteps | 218190   |
| train/             |          |
|    actor_loss      | 0.209    |
|    critic_loss     | 0.232    |
|    ent_coef        | 0.00347  |
|    ent_coef_loss   | -0.282   |
|    learning_rate   | 0.0003   |
|    n_updates       | 208180   |
---------------------------------
---------------------------------
| rollout/           |          |
|    ep_len_mean     | 44.7     |
|    ep_rew_mean     | -113     |
| time/              |          |
|    episodes        | 4160     |
|    fps             | 19       |
|    time_elapsed    | 11383    |
|    total_timesteps | 218280   |
| train/             |          |
|    actor_loss      | 0.172    |
|    critic_loss     | 0.312    |
|    ent_coef        | 0.00345  |
|    ent_coef_loss   | -0.576   |
|    learning_rate   | 0.0003   |
|    n_updates       | 208270   |
---------------------------------
---------------------------------
| rollout/           |          |
|    ep_len_mean     | 44.5     |
|    ep_rew_mean     | -112     |
| time/              |          |
|    episodes        | 4164     |
|    fps             | 19       |
|    time_elapsed    | 11399    |
|    total_timesteps | 218600   |
| train/             |          |
|    actor_loss      | 0.263    |
|    critic_loss     | 0.342    |
|    ent_coef        | 0.00346  |
|    ent_coef_loss   | -0.815   |
|    learning_rate   | 0.0003   |
|    n_updates       | 208590   |
---------------------------------
---------------------------------
| rollout/           |          |
|    ep_len_mean     | 45.2     |
|    ep_rew_mean     | -103     |
| time/              |          |
|    episodes        | 4168     |
|    fps             | 19       |
|    time_elapsed    | 11408    |
|    total_timesteps | 218800   |
| train/             |          |
|    actor_loss      | 0.141    |
|    critic_loss     | 0.194    |
|    ent_coef        | 0.0034   |
|    ent_coef_loss   | 0.115    |
|    learning_rate   | 0.0003   |
|    n_updates       | 208790   |
---------------------------------
---------------------------------
| rollout/           |          |
|    ep_len_mean     | 45.1     |
|    ep_rew_mean     | -104     |
| time/              |          |
|    episodes        | 4172     |
|    fps             | 19       |
|    time_elapsed    | 11411    |
|    total_timesteps | 218870   |
| train/             |          |
|    actor_loss      | 0.193    |
|    critic_loss     | 0.252    |
|    ent_coef        | 0.00341  |
|    ent_coef_loss   | -0.627   |
|    learning_rate   | 0.0003   |
|    n_updates       | 208860   |
---------------------------------
---------------------------------
| rollout/           |          |
|    ep_len_mean     | 45.1     |
|    ep_rew_mean     | -103     |
| time/              |          |
|    episodes        | 4176     |
|    fps             | 19       |
|    time_elapsed    | 11419    |
|    total_timesteps | 219030   |
| train/             |          |
|    actor_loss      | 0.197    |
|    critic_loss     | 0.239    |
|    ent_coef        | 0.00344  |
|    ent_coef_loss   | 0.0358   |
|    learning_rate   | 0.0003   |
|    n_updates       | 209020   |
---------------------------------
---------------------------------
| rollout/           |          |
|    ep_len_mean     | 44.7     |
|    ep_rew_mean     | -112     |
| time/              |          |
|    episodes        | 4180     |
|    fps             | 19       |
|    time_elapsed    | 11429    |
|    total_timesteps | 219230   |
| train/             |          |
|    actor_loss      | 0.192    |
|    critic_loss     | 0.198    |
|    ent_coef        | 0.00337  |
|    ent_coef_loss   | -0.401   |
|    learning_rate   | 0.0003   |
|    n_updates       | 209220   |
---------------------------------
---------------------------------
| rollout/           |          |
|    ep_len_mean     | 44.4     |
|    ep_rew_mean     | -116     |
| time/              |          |
|    episodes        | 4184     |
|    fps             | 19       |
|    time_elapsed    | 11432    |
|    total_timesteps | 219300   |
| train/             |          |
|    actor_loss      | 0.21     |
|    critic_loss     | 0.228    |
|    ent_coef        | 0.00336  |
|    ent_coef_loss   | -0.184   |
|    learning_rate   | 0.0003   |
|    n_updates       | 209290   |
---------------------------------
---------------------------------
| rollout/           |          |
|    ep_len_mean     | 44       |
|    ep_rew_mean     | -120     |
| time/              |          |
|    episodes        | 4188     |
|    fps             | 19       |
|    time_elapsed    | 11441    |
|    total_timesteps | 219470   |
| train/             |          |
|    actor_loss      | 0.22     |
|    critic_loss     | 0.277    |
|    ent_coef        | 0.00341  |
|    ent_coef_loss   | 0.39     |
|    learning_rate   | 0.0003   |
|    n_updates       | 209460   |
---------------------------------
---------------------------------
| rollout/           |          |
|    ep_len_mean     | 43.1     |
|    ep_rew_mean     | -134     |
| time/              |          |
|    episodes        | 4192     |
|    fps             | 19       |
|    time_elapsed    | 11446    |
|    total_timesteps | 219570   |
| train/             |          |
|    actor_loss      | 0.282    |
|    critic_loss     | 0.256    |
|    ent_coef        | 0.00348  |
|    ent_coef_loss   | 0.592    |
|    learning_rate   | 0.0003   |
|    n_updates       | 209560   |
---------------------------------
---------------------------------
| rollout/           |          |
|    ep_len_mean     | 42.2     |
|    ep_rew_mean     | -141     |
| time/              |          |
|    episodes        | 4196     |
|    fps             | 19       |
|    time_elapsed    | 11456    |
|    total_timesteps | 219790   |
| train/             |          |
|    actor_loss      | 0.223    |
|    critic_loss     | 0.188    |
|    ent_coef        | 0.0036   |
|    ent_coef_loss   | -0.307   |
|    learning_rate   | 0.0003   |
|    n_updates       | 209780   |
---------------------------------
---------------------------------
| rollout/           |          |
|    ep_len_mean     | 42.1     |
|    ep_rew_mean     | -145     |
| time/              |          |
|    episodes        | 4200     |
|    fps             | 19       |
|    time_elapsed    | 11466    |
|    total_timesteps | 220000   |
| train/             |          |
|    actor_loss      | 0.141    |
|    critic_loss     | 0.204    |
|    ent_coef        | 0.00357  |
|    ent_coef_loss   | -0.307   |
|    learning_rate   | 0.0003   |
|    n_updates       | 209990   |
---------------------------------
---------------------------------
| rollout/           |          |
|    ep_len_mean     | 43.1     |
|    ep_rew_mean     | -137     |
| time/              |          |
|    episodes        | 4204     |
|    fps             | 19       |
|    time_elapsed    | 11482    |
|    total_timesteps | 220330   |
| train/             |          |
|    actor_loss      | 0.141    |
|    critic_loss     | 0.235    |
|    ent_coef        | 0.00349  |
|    ent_coef_loss   | -0.633   |
|    learning_rate   | 0.0003   |
|    n_updates       | 210320   |
---------------------------------
---------------------------------
| rollout/           |          |
|    ep_len_mean     | 43.8     |
|    ep_rew_mean     | -130     |
| time/              |          |
|    episodes        | 4208     |
|    fps             | 19       |
|    time_elapsed    | 11491    |
|    total_timesteps | 220520   |
| train/             |          |
|    actor_loss      | 0.244    |
|    critic_loss     | 0.182    |
|    ent_coef        | 0.00346  |
|    ent_coef_loss   | -0.528   |
|    learning_rate   | 0.0003   |
|    n_updates       | 210510   |
---------------------------------
---------------------------------
| rollout/           |          |
|    ep_len_mean     | 44.6     |
|    ep_rew_mean     | -121     |
| time/              |          |
|    episodes        | 4212     |
|    fps             | 19       |
|    time_elapsed    | 11495    |
|    total_timesteps | 220600   |
| train/             |          |
|    actor_loss      | 0.14     |
|    critic_loss     | 0.182    |
|    ent_coef        | 0.00342  |
|    ent_coef_loss   | -0.3     |
|    learning_rate   | 0.0003   |
|    n_updates       | 210590   |
---------------------------------
---------------------------------
| rollout/           |          |
|    ep_len_mean     | 44.7     |
|    ep_rew_mean     | -127     |
| time/              |          |
|    episodes        | 4216     |
|    fps             | 19       |
|    time_elapsed    | 11509    |
|    total_timesteps | 220890   |
| train/             |          |
|    actor_loss      | 0.181    |
|    critic_loss     | 0.15     |
|    ent_coef        | 0.00346  |
|    ent_coef_loss   | 0.261    |
|    learning_rate   | 0.0003   |
|    n_updates       | 210880   |
---------------------------------
---------------------------------
| rollout/           |          |
|    ep_len_mean     | 45.2     |
|    ep_rew_mean     | -127     |
| time/              |          |
|    episodes        | 4220     |
|    fps             | 19       |
|    time_elapsed    | 11518    |
|    total_timesteps | 221070   |
| train/             |          |
|    actor_loss      | 0.211    |
|    critic_loss     | 0.251    |
|    ent_coef        | 0.00346  |
|    ent_coef_loss   | -0.0906  |
|    learning_rate   | 0.0003   |
|    n_updates       | 211060   |
---------------------------------
---------------------------------
| rollout/           |          |
|    ep_len_mean     | 45.9     |
|    ep_rew_mean     | -119     |
| time/              |          |
|    episodes        | 4224     |
|    fps             | 19       |
|    time_elapsed    | 11524    |
|    total_timesteps | 221200   |
| train/             |          |
|    actor_loss      | 0.235    |
|    critic_loss     | 0.2      |
|    ent_coef        | 0.0034   |
|    ent_coef_loss   | -0.161   |
|    learning_rate   | 0.0003   |
|    n_updates       | 211190   |
---------------------------------
---------------------------------
| rollout/           |          |
|    ep_len_mean     | 44.9     |
|    ep_rew_mean     | -126     |
| time/              |          |
|    episodes        | 4228     |
|    fps             | 19       |
|    time_elapsed    | 11530    |
|    total_timesteps | 221340   |
| train/             |          |
|    actor_loss      | 0.175    |
|    critic_loss     | 0.212    |
|    ent_coef        | 0.00342  |
|    ent_coef_loss   | -0.252   |
|    learning_rate   | 0.0003   |
|    n_updates       | 211330   |
---------------------------------
---------------------------------
| rollout/           |          |
|    ep_len_mean     | 43.8     |
|    ep_rew_mean     | -137     |
| time/              |          |
|    episodes        | 4232     |
|    fps             | 19       |
|    time_elapsed    | 11539    |
|    total_timesteps | 221520   |
| train/             |          |
|    actor_loss      | 0.234    |
|    critic_loss     | 0.181    |
|    ent_coef        | 0.00344  |
|    ent_coef_loss   | -0.253   |
|    learning_rate   | 0.0003   |
|    n_updates       | 211510   |
---------------------------------
---------------------------------
| rollout/           |          |
|    ep_len_mean     | 44.1     |
|    ep_rew_mean     | -133     |
| time/              |          |
|    episodes        | 4236     |
|    fps             | 19       |
|    time_elapsed    | 11548    |
|    total_timesteps | 221710   |
| train/             |          |
|    actor_loss      | 0.176    |
|    critic_loss     | 0.196    |
|    ent_coef        | 0.00338  |
|    ent_coef_loss   | -0.0968  |
|    learning_rate   | 0.0003   |
|    n_updates       | 211700   |
---------------------------------
---------------------------------
| rollout/           |          |
|    ep_len_mean     | 44.6     |
|    ep_rew_mean     | -127     |
| time/              |          |
|    episodes        | 4240     |
|    fps             | 19       |
|    time_elapsed    | 11568    |
|    total_timesteps | 221980   |
| train/             |          |
|    actor_loss      | 0.163    |
|    critic_loss     | 0.177    |
|    ent_coef        | 0.00341  |
|    ent_coef_loss   | -0.0464  |
|    learning_rate   | 0.0003   |
|    n_updates       | 211970   |
---------------------------------
---------------------------------
| rollout/           |          |
|    ep_len_mean     | 44.1     |
|    ep_rew_mean     | -130     |
| time/              |          |
|    episodes        | 4244     |
|    fps             | 19       |
|    time_elapsed    | 11572    |
|    total_timesteps | 222040   |
| train/             |          |
|    actor_loss      | 0.232    |
|    critic_loss     | 0.249    |
|    ent_coef        | 0.00341  |
|    ent_coef_loss   | 0.138    |
|    learning_rate   | 0.0003   |
|    n_updates       | 212030   |
---------------------------------
---------------------------------
| rollout/           |          |
|    ep_len_mean     | 43.4     |
|    ep_rew_mean     | -137     |
| time/              |          |
|    episodes        | 4248     |
|    fps             | 19       |
|    time_elapsed    | 11583    |
|    total_timesteps | 222220   |
| train/             |          |
|    actor_loss      | 0.197    |
|    critic_loss     | 0.272    |
|    ent_coef        | 0.00347  |
|    ent_coef_loss   | -0.373   |
|    learning_rate   | 0.0003   |
|    n_updates       | 212210   |
---------------------------------
---------------------------------
| rollout/           |          |
|    ep_len_mean     | 43.2     |
|    ep_rew_mean     | -136     |
| time/              |          |
|    episodes        | 4252     |
|    fps             | 19       |
|    time_elapsed    | 11603    |
|    total_timesteps | 222550   |
| train/             |          |
|    actor_loss      | 0.209    |
|    critic_loss     | 0.215    |
|    ent_coef        | 0.0035   |
|    ent_coef_loss   | -1.01    |
|    learning_rate   | 0.0003   |
|    n_updates       | 212540   |
---------------------------------
---------------------------------
| rollout/           |          |
|    ep_len_mean     | 44.1     |
|    ep_rew_mean     | -128     |
| time/              |          |
|    episodes        | 4256     |
|    fps             | 19       |
|    time_elapsed    | 11608    |
|    total_timesteps | 222620   |
| train/             |          |
|    actor_loss      | 0.233    |
|    critic_loss     | 0.174    |
|    ent_coef        | 0.00347  |
|    ent_coef_loss   | 0.27     |
|    learning_rate   | 0.0003   |
|    n_updates       | 212610   |
---------------------------------
---------------------------------
| rollout/           |          |
|    ep_len_mean     | 45       |
|    ep_rew_mean     | -119     |
| time/              |          |
|    episodes        | 4260     |
|    fps             | 19       |
|    time_elapsed    | 11620    |
|    total_timesteps | 222810   |
| train/             |          |
|    actor_loss      | 0.296    |
|    critic_loss     | 0.183    |
|    ent_coef        | 0.00351  |
|    ent_coef_loss   | 0.704    |
|    learning_rate   | 0.0003   |
|    n_updates       | 212800   |
---------------------------------
---------------------------------
| rollout/           |          |
|    ep_len_mean     | 45       |
|    ep_rew_mean     | -122     |
| time/              |          |
|    episodes        | 4264     |
|    fps             | 19       |
|    time_elapsed    | 11636    |
|    total_timesteps | 223100   |
| train/             |          |
|    actor_loss      | 0.267    |
|    critic_loss     | 0.142    |
|    ent_coef        | 0.00359  |
|    ent_coef_loss   | -0.436   |
|    learning_rate   | 0.0003   |
|    n_updates       | 213090   |
---------------------------------
---------------------------------
| rollout/           |          |
|    ep_len_mean     | 44.6     |
|    ep_rew_mean     | -131     |
| time/              |          |
|    episodes        | 4268     |
|    fps             | 19       |
|    time_elapsed    | 11639    |
|    total_timesteps | 223160   |
| train/             |          |
|    actor_loss      | 0.167    |
|    critic_loss     | 0.167    |
|    ent_coef        | 0.00356  |
|    ent_coef_loss   | -0.341   |
|    learning_rate   | 0.0003   |
|    n_updates       | 213150   |
---------------------------------
---------------------------------
| rollout/           |          |
|    ep_len_mean     | 44.9     |
|    ep_rew_mean     | -128     |
| time/              |          |
|    episodes        | 4272     |
|    fps             | 19       |
|    time_elapsed    | 11643    |
|    total_timesteps | 223240   |
| train/             |          |
|    actor_loss      | 0.255    |
|    critic_loss     | 0.205    |
|    ent_coef        | 0.00355  |
|    ent_coef_loss   | -0.318   |
|    learning_rate   | 0.0003   |
|    n_updates       | 213230   |
---------------------------------
---------------------------------
| rollout/           |          |
|    ep_len_mean     | 43.8     |
|    ep_rew_mean     | -136     |
| time/              |          |
|    episodes        | 4276     |
|    fps             | 19       |
|    time_elapsed    | 11654    |
|    total_timesteps | 223460   |
| train/             |          |
|    actor_loss      | 0.287    |
|    critic_loss     | 0.174    |
|    ent_coef        | 0.00353  |
|    ent_coef_loss   | -0.0329  |
|    learning_rate   | 0.0003   |
|    n_updates       | 213450   |
---------------------------------
---------------------------------
| rollout/           |          |
|    ep_len_mean     | 44.7     |
|    ep_rew_mean     | -123     |
| time/              |          |
|    episodes        | 4280     |
|    fps             | 19       |
|    time_elapsed    | 11668    |
|    total_timesteps | 223760   |
| train/             |          |
|    actor_loss      | 0.214    |
|    critic_loss     | 0.208    |
|    ent_coef        | 0.00351  |
|    ent_coef_loss   | 0.0396   |
|    learning_rate   | 0.0003   |
|    n_updates       | 213750   |
---------------------------------
---------------------------------
| rollout/           |          |
|    ep_len_mean     | 45.5     |
|    ep_rew_mean     | -115     |
| time/              |          |
|    episodes        | 4284     |
|    fps             | 19       |
|    time_elapsed    | 11674    |
|    total_timesteps | 223880   |
| train/             |          |
|    actor_loss      | 0.241    |
|    critic_loss     | 0.183    |
|    ent_coef        | 0.00353  |
|    ent_coef_loss   | 0.0011   |
|    learning_rate   | 0.0003   |
|    n_updates       | 213870   |
---------------------------------
---------------------------------
| rollout/           |          |
|    ep_len_mean     | 45.8     |
|    ep_rew_mean     | -111     |
| time/              |          |
|    episodes        | 4288     |
|    fps             | 19       |
|    time_elapsed    | 11686    |
|    total_timesteps | 224130   |
| train/             |          |
|    actor_loss      | 0.24     |
|    critic_loss     | 0.237    |
|    ent_coef        | 0.00353  |
|    ent_coef_loss   | -0.436   |
|    learning_rate   | 0.0003   |
|    n_updates       | 214120   |
---------------------------------
---------------------------------
| rollout/           |          |
|    ep_len_mean     | 46.4     |
|    ep_rew_mean     | -108     |
| time/              |          |
|    episodes        | 4292     |
|    fps             | 19       |
|    time_elapsed    | 11697    |
|    total_timesteps | 224360   |
| train/             |          |
|    actor_loss      | 0.251    |
|    critic_loss     | 0.203    |
|    ent_coef        | 0.00347  |
|    ent_coef_loss   | 0.213    |
|    learning_rate   | 0.0003   |
|    n_updates       | 214350   |
---------------------------------
---------------------------------
| rollout/           |          |
|    ep_len_mean     | 47.9     |
|    ep_rew_mean     | -92.3    |
| time/              |          |
|    episodes        | 4296     |
|    fps             | 19       |
|    time_elapsed    | 11702    |
|    total_timesteps | 224460   |
| train/             |          |
|    actor_loss      | 0.222    |
|    critic_loss     | 0.178    |
|    ent_coef        | 0.00354  |
|    ent_coef_loss   | 0.703    |
|    learning_rate   | 0.0003   |
|    n_updates       | 214450   |
---------------------------------
---------------------------------
| rollout/           |          |
|    ep_len_mean     | 46.7     |
|    ep_rew_mean     | -100     |
| time/              |          |
|    episodes        | 4300     |
|    fps             | 19       |
|    time_elapsed    | 11712    |
|    total_timesteps | 224670   |
| train/             |          |
|    actor_loss      | 0.263    |
|    critic_loss     | 0.179    |
|    ent_coef        | 0.00359  |
|    ent_coef_loss   | -0.402   |
|    learning_rate   | 0.0003   |
|    n_updates       | 214660   |
---------------------------------
---------------------------------
| rollout/           |          |
|    ep_len_mean     | 46.6     |
|    ep_rew_mean     | -99.4    |
| time/              |          |
|    episodes        | 4304     |
|    fps             | 19       |
|    time_elapsed    | 11727    |
|    total_timesteps | 225000   |
| train/             |          |
|    actor_loss      | 0.245    |
|    critic_loss     | 0.192    |
|    ent_coef        | 0.00348  |
|    ent_coef_loss   | 0.207    |
|    learning_rate   | 0.0003   |
|    n_updates       | 214990   |
---------------------------------
---------------------------------
| rollout/           |          |
|    ep_len_mean     | 47.2     |
|    ep_rew_mean     | -89.7    |
| time/              |          |
|    episodes        | 4308     |
|    fps             | 19       |
|    time_elapsed    | 11736    |
|    total_timesteps | 225190   |
| train/             |          |
|    actor_loss      | 0.277    |
|    critic_loss     | 0.189    |
|    ent_coef        | 0.0035   |
|    ent_coef_loss   | -0.25    |
|    learning_rate   | 0.0003   |
|    n_updates       | 215180   |
---------------------------------
---------------------------------
| rollout/           |          |
|    ep_len_mean     | 46.6     |
|    ep_rew_mean     | -98      |
| time/              |          |
|    episodes        | 4312     |
|    fps             | 19       |
|    time_elapsed    | 11745    |
|    total_timesteps | 225380   |
| train/             |          |
|    actor_loss      | 0.216    |
|    critic_loss     | 0.252    |
|    ent_coef        | 0.00345  |
|    ent_coef_loss   | 0.363    |
|    learning_rate   | 0.0003   |
|    n_updates       | 215370   |
---------------------------------
---------------------------------
| rollout/           |          |
|    ep_len_mean     | 47       |
|    ep_rew_mean     | -87.9    |
| time/              |          |
|    episodes        | 4316     |
|    fps             | 19       |
|    time_elapsed    | 11753    |
|    total_timesteps | 225540   |
| train/             |          |
|    actor_loss      | 0.262    |
|    critic_loss     | 0.234    |
|    ent_coef        | 0.00344  |
|    ent_coef_loss   | -0.0625  |
|    learning_rate   | 0.0003   |
|    n_updates       | 215530   |
---------------------------------
---------------------------------
| rollout/           |          |
|    ep_len_mean     | 46.7     |
|    ep_rew_mean     | -84.8    |
| time/              |          |
|    episodes        | 4320     |
|    fps             | 19       |
|    time_elapsed    | 11762    |
|    total_timesteps | 225730   |
| train/             |          |
|    actor_loss      | 0.324    |
|    critic_loss     | 0.184    |
|    ent_coef        | 0.00342  |
|    ent_coef_loss   | 0.549    |
|    learning_rate   | 0.0003   |
|    n_updates       | 215720   |
---------------------------------
---------------------------------
| rollout/           |          |
|    ep_len_mean     | 46.1     |
|    ep_rew_mean     | -92.7    |
| time/              |          |
|    episodes        | 4324     |
|    fps             | 19       |
|    time_elapsed    | 11768    |
|    total_timesteps | 225850   |
| train/             |          |
|    actor_loss      | 0.246    |
|    critic_loss     | 0.302    |
|    ent_coef        | 0.00343  |
|    ent_coef_loss   | 0.0896   |
|    learning_rate   | 0.0003   |
|    n_updates       | 215840   |
---------------------------------
---------------------------------
| rollout/           |          |
|    ep_len_mean     | 47.3     |
|    ep_rew_mean     | -81.4    |
| time/              |          |
|    episodes        | 4328     |
|    fps             | 19       |
|    time_elapsed    | 11785    |
|    total_timesteps | 226200   |
| train/             |          |
|    actor_loss      | 0.234    |
|    critic_loss     | 0.165    |
|    ent_coef        | 0.00344  |
|    ent_coef_loss   | -0.0131  |
|    learning_rate   | 0.0003   |
|    n_updates       | 216190   |
---------------------------------
---------------------------------
| rollout/           |          |
|    ep_len_mean     | 48.2     |
|    ep_rew_mean     | -69      |
| time/              |          |
|    episodes        | 4332     |
|    fps             | 19       |
|    time_elapsed    | 11794    |
|    total_timesteps | 226380   |
| train/             |          |
|    actor_loss      | 0.248    |
|    critic_loss     | 0.167    |
|    ent_coef        | 0.00347  |
|    ent_coef_loss   | -0.0275  |
|    learning_rate   | 0.0003   |
|    n_updates       | 216370   |
---------------------------------
---------------------------------
| rollout/           |          |
|    ep_len_mean     | 48.7     |
|    ep_rew_mean     | -69.7    |
| time/              |          |
|    episodes        | 4336     |
|    fps             | 19       |
|    time_elapsed    | 11803    |
|    total_timesteps | 226580   |
| train/             |          |
|    actor_loss      | 0.166    |
|    critic_loss     | 0.175    |
|    ent_coef        | 0.00342  |
|    ent_coef_loss   | -0.14    |
|    learning_rate   | 0.0003   |
|    n_updates       | 216570   |
---------------------------------
----------------------------------
| rollout/           |           |
|    ep_len_mean     | 48.9      |
|    ep_rew_mean     | -68.8     |
| time/              |           |
|    episodes        | 4340      |
|    fps             | 19        |
|    time_elapsed    | 11815     |
|    total_timesteps | 226820    |
| train/             |           |
|    actor_loss      | 0.259     |
|    critic_loss     | 0.235     |
|    ent_coef        | 0.00343   |
|    ent_coef_loss   | -0.000463 |
|    learning_rate   | 0.0003    |
|    n_updates       | 216810    |
----------------------------------
---------------------------------
| rollout/           |          |
|    ep_len_mean     | 49.4     |
|    ep_rew_mean     | -61.6    |
| time/              |          |
|    episodes        | 4344     |
|    fps             | 19       |
|    time_elapsed    | 11828    |
|    total_timesteps | 227100   |
| train/             |          |
|    actor_loss      | 0.262    |
|    critic_loss     | 0.239    |
|    ent_coef        | 0.00341  |
|    ent_coef_loss   | 0.752    |
|    learning_rate   | 0.0003   |
|    n_updates       | 217090   |
---------------------------------
---------------------------------
| rollout/           |          |
|    ep_len_mean     | 50.5     |
|    ep_rew_mean     | -53.3    |
| time/              |          |
|    episodes        | 4348     |
|    fps             | 19       |
|    time_elapsed    | 11839    |
|    total_timesteps | 227320   |
| train/             |          |
|    actor_loss      | 0.26     |
|    critic_loss     | 0.206    |
|    ent_coef        | 0.00347  |
|    ent_coef_loss   | -0.397   |
|    learning_rate   | 0.0003   |
|    n_updates       | 217310   |
---------------------------------
---------------------------------
| rollout/           |          |
|    ep_len_mean     | 50.5     |
|    ep_rew_mean     | -57.2    |
| time/              |          |
|    episodes        | 4352     |
|    fps             | 19       |
|    time_elapsed    | 11845    |
|    total_timesteps | 227450   |
| train/             |          |
|    actor_loss      | 0.244    |
|    critic_loss     | 0.264    |
|    ent_coef        | 0.00351  |
|    ent_coef_loss   | 0.288    |
|    learning_rate   | 0.0003   |
|    n_updates       | 217440   |
---------------------------------
---------------------------------
| rollout/           |          |
|    ep_len_mean     | 50       |
|    ep_rew_mean     | -62.1    |
| time/              |          |
|    episodes        | 4356     |
|    fps             | 19       |
|    time_elapsed    | 11857    |
|    total_timesteps | 227690   |
| train/             |          |
|    actor_loss      | 0.317    |
|    critic_loss     | 0.183    |
|    ent_coef        | 0.00344  |
|    ent_coef_loss   | -0.139   |
|    learning_rate   | 0.0003   |
|    n_updates       | 217680   |
---------------------------------
---------------------------------
| rollout/           |          |
|    ep_len_mean     | 49.7     |
|    ep_rew_mean     | -67.4    |
| time/              |          |
|    episodes        | 4360     |
|    fps             | 19       |
|    time_elapsed    | 11862    |
|    total_timesteps | 227790   |
| train/             |          |
|    actor_loss      | 0.281    |
|    critic_loss     | 0.245    |
|    ent_coef        | 0.00345  |
|    ent_coef_loss   | 0.137    |
|    learning_rate   | 0.0003   |
|    n_updates       | 217780   |
---------------------------------
---------------------------------
| rollout/           |          |
|    ep_len_mean     | 50       |
|    ep_rew_mean     | -59.1    |
| time/              |          |
|    episodes        | 4364     |
|    fps             | 19       |
|    time_elapsed    | 11875    |
|    total_timesteps | 228060   |
| train/             |          |
|    actor_loss      | 0.186    |
|    critic_loss     | 0.145    |
|    ent_coef        | 0.00341  |
|    ent_coef_loss   | 0.623    |
|    learning_rate   | 0.0003   |
|    n_updates       | 218050   |
---------------------------------
---------------------------------
| rollout/           |          |
|    ep_len_mean     | 50.2     |
|    ep_rew_mean     | -55.6    |
| time/              |          |
|    episodes        | 4368     |
|    fps             | 19       |
|    time_elapsed    | 11885    |
|    total_timesteps | 228270   |
| train/             |          |
|    actor_loss      | 0.25     |
|    critic_loss     | 0.234    |
|    ent_coef        | 0.00351  |
|    ent_coef_loss   | -0.165   |
|    learning_rate   | 0.0003   |
|    n_updates       | 218260   |
---------------------------------
---------------------------------
| rollout/           |          |
|    ep_len_mean     | 50.4     |
|    ep_rew_mean     | -55.4    |
| time/              |          |
|    episodes        | 4372     |
|    fps             | 19       |
|    time_elapsed    | 11891    |
|    total_timesteps | 228380   |
| train/             |          |
|    actor_loss      | 0.265    |
|    critic_loss     | 0.328    |
|    ent_coef        | 0.00351  |
|    ent_coef_loss   | -0.303   |
|    learning_rate   | 0.0003   |
|    n_updates       | 218370   |
---------------------------------
---------------------------------
| rollout/           |          |
|    ep_len_mean     | 51.8     |
|    ep_rew_mean     | -43.7    |
| time/              |          |
|    episodes        | 4376     |
|    fps             | 19       |
|    time_elapsed    | 11906    |
|    total_timesteps | 228700   |
| train/             |          |
|    actor_loss      | 0.254    |
|    critic_loss     | 0.191    |
|    ent_coef        | 0.00344  |
|    ent_coef_loss   | 0.823    |
|    learning_rate   | 0.0003   |
|    n_updates       | 218690   |
---------------------------------
---------------------------------
| rollout/           |          |
|    ep_len_mean     | 51.5     |
|    ep_rew_mean     | -48      |
| time/              |          |
|    episodes        | 4380     |
|    fps             | 19       |
|    time_elapsed    | 11915    |
|    total_timesteps | 228880   |
| train/             |          |
|    actor_loss      | 0.227    |
|    critic_loss     | 0.209    |
|    ent_coef        | 0.00345  |
|    ent_coef_loss   | -0.0338  |
|    learning_rate   | 0.0003   |
|    n_updates       | 218870   |
---------------------------------
---------------------------------
| rollout/           |          |
|    ep_len_mean     | 51.8     |
|    ep_rew_mean     | -45.9    |
| time/              |          |
|    episodes        | 4384     |
|    fps             | 19       |
|    time_elapsed    | 11923    |
|    total_timesteps | 229050   |
| train/             |          |
|    actor_loss      | 0.309    |
|    critic_loss     | 0.258    |
|    ent_coef        | 0.00346  |
|    ent_coef_loss   | 0.329    |
|    learning_rate   | 0.0003   |
|    n_updates       | 219040   |
---------------------------------
---------------------------------
| rollout/           |          |
|    ep_len_mean     | 52.2     |
|    ep_rew_mean     | -42.5    |
| time/              |          |
|    episodes        | 4388     |
|    fps             | 19       |
|    time_elapsed    | 11939    |
|    total_timesteps | 229390   |
| train/             |          |
|    actor_loss      | 0.266    |
|    critic_loss     | 0.256    |
|    ent_coef        | 0.00348  |
|    ent_coef_loss   | -0.297   |
|    learning_rate   | 0.0003   |
|    n_updates       | 219380   |
---------------------------------
---------------------------------
| rollout/           |          |
|    ep_len_mean     | 52.2     |
|    ep_rew_mean     | -36.5    |
| time/              |          |
|    episodes        | 4392     |
|    fps             | 19       |
|    time_elapsed    | 11947    |
|    total_timesteps | 229550   |
| train/             |          |
|    actor_loss      | 0.229    |
|    critic_loss     | 0.164    |
|    ent_coef        | 0.0035   |
|    ent_coef_loss   | -0.159   |
|    learning_rate   | 0.0003   |
|    n_updates       | 219540   |
---------------------------------
---------------------------------
| rollout/           |          |
|    ep_len_mean     | 52.1     |
|    ep_rew_mean     | -36.5    |
| time/              |          |
|    episodes        | 4396     |
|    fps             | 19       |
|    time_elapsed    | 11951    |
|    total_timesteps | 229630   |
| train/             |          |
|    actor_loss      | 0.227    |
|    critic_loss     | 0.227    |
|    ent_coef        | 0.00349  |
|    ent_coef_loss   | -0.118   |
|    learning_rate   | 0.0003   |
|    n_updates       | 219620   |
---------------------------------
---------------------------------
| rollout/           |          |
|    ep_len_mean     | 52.6     |
|    ep_rew_mean     | -32.9    |
| time/              |          |
|    episodes        | 4400     |
|    fps             | 19       |
|    time_elapsed    | 11971    |
|    total_timesteps | 230050   |
| train/             |          |
|    actor_loss      | 0.296    |
|    critic_loss     | 0.159    |
|    ent_coef        | 0.00344  |
|    ent_coef_loss   | 0.11     |
|    learning_rate   | 0.0003   |
|    n_updates       | 220040   |
---------------------------------
---------------------------------
| rollout/           |          |
|    ep_len_mean     | 52.7     |
|    ep_rew_mean     | -37.9    |
| time/              |          |
|    episodes        | 4404     |
|    fps             | 19       |
|    time_elapsed    | 11979    |
|    total_timesteps | 230210   |
| train/             |          |
|    actor_loss      | 0.227    |
|    critic_loss     | 0.263    |
|    ent_coef        | 0.00346  |
|    ent_coef_loss   | 0.0625   |
|    learning_rate   | 0.0003   |
|    n_updates       | 220200   |
---------------------------------
---------------------------------
| rollout/           |          |
|    ep_len_mean     | 52       |
|    ep_rew_mean     | -47.7    |
| time/              |          |
|    episodes        | 4408     |
|    fps             | 19       |
|    time_elapsed    | 11983    |
|    total_timesteps | 230290   |
| train/             |          |
|    actor_loss      | 0.217    |
|    critic_loss     | 0.231    |
|    ent_coef        | 0.00348  |
|    ent_coef_loss   | 0.176    |
|    learning_rate   | 0.0003   |
|    n_updates       | 220280   |
---------------------------------
---------------------------------
| rollout/           |          |
|    ep_len_mean     | 52       |
|    ep_rew_mean     | -47.1    |
| time/              |          |
|    episodes        | 4412     |
|    fps             | 19       |
|    time_elapsed    | 11999    |
|    total_timesteps | 230620   |
| train/             |          |
|    actor_loss      | 0.25     |
|    critic_loss     | 0.202    |
|    ent_coef        | 0.00339  |
|    ent_coef_loss   | -0.0637  |
|    learning_rate   | 0.0003   |
|    n_updates       | 220610   |
---------------------------------
---------------------------------
| rollout/           |          |
|    ep_len_mean     | 51.8     |
|    ep_rew_mean     | -52      |
| time/              |          |
|    episodes        | 4416     |
|    fps             | 19       |
|    time_elapsed    | 12009    |
|    total_timesteps | 230810   |
| train/             |          |
|    actor_loss      | 0.308    |
|    critic_loss     | 0.18     |
|    ent_coef        | 0.00337  |
|    ent_coef_loss   | 0.016    |
|    learning_rate   | 0.0003   |
|    n_updates       | 220800   |
---------------------------------
---------------------------------
| rollout/           |          |
|    ep_len_mean     | 52.6     |
|    ep_rew_mean     | -42.9    |
| time/              |          |
|    episodes        | 4420     |
|    fps             | 19       |
|    time_elapsed    | 12015    |
|    total_timesteps | 230930   |
| train/             |          |
|    actor_loss      | 0.286    |
|    critic_loss     | 0.146    |
|    ent_coef        | 0.00337  |
|    ent_coef_loss   | 0.335    |
|    learning_rate   | 0.0003   |
|    n_updates       | 220920   |
---------------------------------
---------------------------------
| rollout/           |          |
|    ep_len_mean     | 52.8     |
|    ep_rew_mean     | -38.8    |
| time/              |          |
|    episodes        | 4424     |
|    fps             | 19       |
|    time_elapsed    | 12033    |
|    total_timesteps | 231310   |
| train/             |          |
|    actor_loss      | 0.295    |
|    critic_loss     | 0.198    |
|    ent_coef        | 0.00337  |
|    ent_coef_loss   | 0.115    |
|    learning_rate   | 0.0003   |
|    n_updates       | 221300   |
---------------------------------
---------------------------------
| rollout/           |          |
|    ep_len_mean     | 52.8     |
|    ep_rew_mean     | -38.8    |
| time/              |          |
|    episodes        | 4428     |
|    fps             | 19       |
|    time_elapsed    | 12036    |
|    total_timesteps | 231370   |
| train/             |          |
|    actor_loss      | 0.216    |
|    critic_loss     | 0.137    |
|    ent_coef        | 0.00337  |
|    ent_coef_loss   | 0.0873   |
|    learning_rate   | 0.0003   |
|    n_updates       | 221360   |
---------------------------------
---------------------------------
| rollout/           |          |
|    ep_len_mean     | 52.5     |
|    ep_rew_mean     | -43.4    |
| time/              |          |
|    episodes        | 4432     |
|    fps             | 19       |
|    time_elapsed    | 12046    |
|    total_timesteps | 231590   |
| train/             |          |
|    actor_loss      | 0.24     |
|    critic_loss     | 0.213    |
|    ent_coef        | 0.00347  |
|    ent_coef_loss   | 0.254    |
|    learning_rate   | 0.0003   |
|    n_updates       | 221580   |
---------------------------------
---------------------------------
| rollout/           |          |
|    ep_len_mean     | 52       |
|    ep_rew_mean     | -47.9    |
| time/              |          |
|    episodes        | 4436     |
|    fps             | 19       |
|    time_elapsed    | 12062    |
|    total_timesteps | 231910   |
| train/             |          |
|    actor_loss      | 0.23     |
|    critic_loss     | 0.238    |
|    ent_coef        | 0.00361  |
|    ent_coef_loss   | -0.521   |
|    learning_rate   | 0.0003   |
|    n_updates       | 221900   |
---------------------------------
---------------------------------
| rollout/           |          |
|    ep_len_mean     | 52       |
|    ep_rew_mean     | -44.4    |
| time/              |          |
|    episodes        | 4440     |
|    fps             | 19       |
|    time_elapsed    | 12065    |
|    total_timesteps | 231960   |
| train/             |          |
|    actor_loss      | 0.257    |
|    critic_loss     | 0.166    |
|    ent_coef        | 0.00357  |
|    ent_coef_loss   | 0.0658   |
|    learning_rate   | 0.0003   |
|    n_updates       | 221950   |
---------------------------------
---------------------------------
| rollout/           |          |
|    ep_len_mean     | 51.4     |
|    ep_rew_mean     | -50.8    |
| time/              |          |
|    episodes        | 4444     |
|    fps             | 19       |
|    time_elapsed    | 12071    |
|    total_timesteps | 232100   |
| train/             |          |
|    actor_loss      | 0.21     |
|    critic_loss     | 0.316    |
|    ent_coef        | 0.00357  |
|    ent_coef_loss   | -0.221   |
|    learning_rate   | 0.0003   |
|    n_updates       | 222090   |
---------------------------------
---------------------------------
| rollout/           |          |
|    ep_len_mean     | 50.6     |
|    ep_rew_mean     | -59.5    |
| time/              |          |
|    episodes        | 4448     |
|    fps             | 19       |
|    time_elapsed    | 12084    |
|    total_timesteps | 232370   |
| train/             |          |
|    actor_loss      | 0.213    |
|    critic_loss     | 0.28     |
|    ent_coef        | 0.00356  |
|    ent_coef_loss   | 0.223    |
|    learning_rate   | 0.0003   |
|    n_updates       | 222360   |
---------------------------------
---------------------------------
| rollout/           |          |
|    ep_len_mean     | 50.8     |
|    ep_rew_mean     | -52.3    |
| time/              |          |
|    episodes        | 4452     |
|    fps             | 19       |
|    time_elapsed    | 12093    |
|    total_timesteps | 232550   |
| train/             |          |
|    actor_loss      | 0.268    |
|    critic_loss     | 0.217    |
|    ent_coef        | 0.00355  |
|    ent_coef_loss   | -0.189   |
|    learning_rate   | 0.0003   |
|    n_updates       | 222540   |
---------------------------------
---------------------------------
| rollout/           |          |
|    ep_len_mean     | 51       |
|    ep_rew_mean     | -51.9    |
| time/              |          |
|    episodes        | 4456     |
|    fps             | 19       |
|    time_elapsed    | 12102    |
|    total_timesteps | 232750   |
| train/             |          |
|    actor_loss      | 0.238    |
|    critic_loss     | 0.312    |
|    ent_coef        | 0.00357  |
|    ent_coef_loss   | -0.286   |
|    learning_rate   | 0.0003   |
|    n_updates       | 222740   |
---------------------------------
---------------------------------
| rollout/           |          |
|    ep_len_mean     | 52.2     |
|    ep_rew_mean     | -46.6    |
| time/              |          |
|    episodes        | 4460     |
|    fps             | 19       |
|    time_elapsed    | 12118    |
|    total_timesteps | 233090   |
| train/             |          |
|    actor_loss      | 0.286    |
|    critic_loss     | 0.162    |
|    ent_coef        | 0.00356  |
|    ent_coef_loss   | -0.174   |
|    learning_rate   | 0.0003   |
|    n_updates       | 223080   |
---------------------------------
---------------------------------
| rollout/           |          |
|    ep_len_mean     | 52.2     |
|    ep_rew_mean     | -47.5    |
| time/              |          |
|    episodes        | 4464     |
|    fps             | 19       |
|    time_elapsed    | 12127    |
|    total_timesteps | 233280   |
| train/             |          |
|    actor_loss      | 0.293    |
|    critic_loss     | 0.322    |
|    ent_coef        | 0.00347  |
|    ent_coef_loss   | -0.0846  |
|    learning_rate   | 0.0003   |
|    n_updates       | 223270   |
---------------------------------
---------------------------------
| rollout/           |          |
|    ep_len_mean     | 52       |
|    ep_rew_mean     | -47.1    |
| time/              |          |
|    episodes        | 4468     |
|    fps             | 19       |
|    time_elapsed    | 12134    |
|    total_timesteps | 233430   |
| train/             |          |
|    actor_loss      | 0.304    |
|    critic_loss     | 0.135    |
|    ent_coef        | 0.0035   |
|    ent_coef_loss   | 0.152    |
|    learning_rate   | 0.0003   |
|    n_updates       | 223420   |
---------------------------------
---------------------------------
| rollout/           |          |
|    ep_len_mean     | 52       |
|    ep_rew_mean     | -42.3    |
| time/              |          |
|    episodes        | 4472     |
|    fps             | 19       |
|    time_elapsed    | 12146    |
|    total_timesteps | 233670   |
| train/             |          |
|    actor_loss      | 0.292    |
|    critic_loss     | 0.292    |
|    ent_coef        | 0.00355  |
|    ent_coef_loss   | 1.06     |
|    learning_rate   | 0.0003   |
|    n_updates       | 223660   |
---------------------------------
---------------------------------
| rollout/           |          |
|    ep_len_mean     | 52.1     |
|    ep_rew_mean     | -42.8    |
| time/              |          |
|    episodes        | 4476     |
|    fps             | 19       |
|    time_elapsed    | 12155    |
|    total_timesteps | 233850   |
| train/             |          |
|    actor_loss      | 0.236    |
|    critic_loss     | 0.268    |
|    ent_coef        | 0.00352  |
|    ent_coef_loss   | -0.62    |
|    learning_rate   | 0.0003   |
|    n_updates       | 223840   |
---------------------------------
---------------------------------
| rollout/           |          |
|    ep_len_mean     | 52.3     |
|    ep_rew_mean     | -39.6    |
| time/              |          |
|    episodes        | 4480     |
|    fps             | 19       |
|    time_elapsed    | 12163    |
|    total_timesteps | 234020   |
| train/             |          |
|    actor_loss      | 0.285    |
|    critic_loss     | 0.198    |
|    ent_coef        | 0.00346  |
|    ent_coef_loss   | 0.0318   |
|    learning_rate   | 0.0003   |
|    n_updates       | 224010   |
---------------------------------
---------------------------------
| rollout/           |          |
|    ep_len_mean     | 51.3     |
|    ep_rew_mean     | -50.1    |
| time/              |          |
|    episodes        | 4484     |
|    fps             | 19       |
|    time_elapsed    | 12173    |
|    total_timesteps | 234220   |
| train/             |          |
|    actor_loss      | 0.257    |
|    critic_loss     | 0.268    |
|    ent_coef        | 0.00348  |
|    ent_coef_loss   | -0.469   |
|    learning_rate   | 0.0003   |
|    n_updates       | 224210   |
---------------------------------
---------------------------------
| rollout/           |          |
|    ep_len_mean     | 51.1     |
|    ep_rew_mean     | -53.3    |
| time/              |          |
|    episodes        | 4488     |
|    fps             | 19       |
|    time_elapsed    | 12184    |
|    total_timesteps | 234450   |
| train/             |          |
|    actor_loss      | 0.281    |
|    critic_loss     | 0.256    |
|    ent_coef        | 0.00339  |
|    ent_coef_loss   | 0.147    |
|    learning_rate   | 0.0003   |
|    n_updates       | 224440   |
---------------------------------
---------------------------------
| rollout/           |          |
|    ep_len_mean     | 51.7     |
|    ep_rew_mean     | -54.2    |
| time/              |          |
|    episodes        | 4492     |
|    fps             | 19       |
|    time_elapsed    | 12200    |
|    total_timesteps | 234790   |
| train/             |          |
|    actor_loss      | 0.233    |
|    critic_loss     | 0.163    |
|    ent_coef        | 0.00341  |
|    ent_coef_loss   | -0.597   |
|    learning_rate   | 0.0003   |
|    n_updates       | 224780   |
---------------------------------
---------------------------------
| rollout/           |          |
|    ep_len_mean     | 51.5     |
|    ep_rew_mean     | -57      |
| time/              |          |
|    episodes        | 4496     |
|    fps             | 19       |
|    time_elapsed    | 12205    |
|    total_timesteps | 234890   |
| train/             |          |
|    actor_loss      | 0.247    |
|    critic_loss     | 0.124    |
|    ent_coef        | 0.00336  |
|    ent_coef_loss   | -0.0667  |
|    learning_rate   | 0.0003   |
|    n_updates       | 224880   |
---------------------------------
---------------------------------
| rollout/           |          |
|    ep_len_mean     | 52       |
|    ep_rew_mean     | -49      |
| time/              |          |
|    episodes        | 4500     |
|    fps             | 19       |
|    time_elapsed    | 12215    |
|    total_timesteps | 235090   |
| train/             |          |
|    actor_loss      | 0.319    |
|    critic_loss     | 0.323    |
|    ent_coef        | 0.00347  |
|    ent_coef_loss   | 0.318    |
|    learning_rate   | 0.0003   |
|    n_updates       | 225080   |
---------------------------------
---------------------------------
| rollout/           |          |
|    ep_len_mean     | 51.5     |
|    ep_rew_mean     | -52.9    |
| time/              |          |
|    episodes        | 4504     |
|    fps             | 19       |
|    time_elapsed    | 12229    |
|    total_timesteps | 235390   |
| train/             |          |
|    actor_loss      | 0.234    |
|    critic_loss     | 0.218    |
|    ent_coef        | 0.00355  |
|    ent_coef_loss   | 0.089    |
|    learning_rate   | 0.0003   |
|    n_updates       | 225380   |
---------------------------------
---------------------------------
| rollout/           |          |
|    ep_len_mean     | 51.9     |
|    ep_rew_mean     | -48.3    |
| time/              |          |
|    episodes        | 4508     |
|    fps             | 19       |
|    time_elapsed    | 12234    |
|    total_timesteps | 235500   |
| train/             |          |
|    actor_loss      | 0.271    |
|    critic_loss     | 0.216    |
|    ent_coef        | 0.00353  |
|    ent_coef_loss   | 0.00717  |
|    learning_rate   | 0.0003   |
|    n_updates       | 225490   |
---------------------------------
---------------------------------
| rollout/           |          |
|    ep_len_mean     | 52.1     |
|    ep_rew_mean     | -45.7    |
| time/              |          |
|    episodes        | 4512     |
|    fps             | 19       |
|    time_elapsed    | 12248    |
|    total_timesteps | 235790   |
| train/             |          |
|    actor_loss      | 0.269    |
|    critic_loss     | 0.239    |
|    ent_coef        | 0.00358  |
|    ent_coef_loss   | 0.224    |
|    learning_rate   | 0.0003   |
|    n_updates       | 225780   |
---------------------------------
---------------------------------
| rollout/           |          |
|    ep_len_mean     | 52.6     |
|    ep_rew_mean     | -37.5    |
| time/              |          |
|    episodes        | 4516     |
|    fps             | 19       |
|    time_elapsed    | 12260    |
|    total_timesteps | 236040   |
| train/             |          |
|    actor_loss      | 0.273    |
|    critic_loss     | 0.242    |
|    ent_coef        | 0.00357  |
|    ent_coef_loss   | -0.603   |
|    learning_rate   | 0.0003   |
|    n_updates       | 226030   |
---------------------------------
---------------------------------
| rollout/           |          |
|    ep_len_mean     | 52.7     |
|    ep_rew_mean     | -37.4    |
| time/              |          |
|    episodes        | 4520     |
|    fps             | 19       |
|    time_elapsed    | 12271    |
|    total_timesteps | 236250   |
| train/             |          |
|    actor_loss      | 0.278    |
|    critic_loss     | 0.229    |
|    ent_coef        | 0.0035   |
|    ent_coef_loss   | -0.0575  |
|    learning_rate   | 0.0003   |
|    n_updates       | 226240   |
---------------------------------
---------------------------------
| rollout/           |          |
|    ep_len_mean     | 53       |
|    ep_rew_mean     | -32.9    |
| time/              |          |
|    episodes        | 4524     |
|    fps             | 19       |
|    time_elapsed    | 12288    |
|    total_timesteps | 236580   |
| train/             |          |
|    actor_loss      | 0.218    |
|    critic_loss     | 0.16     |
|    ent_coef        | 0.00348  |
|    ent_coef_loss   | -0.181   |
|    learning_rate   | 0.0003   |
|    n_updates       | 226570   |
---------------------------------
---------------------------------
| rollout/           |          |
|    ep_len_mean     | 53.3     |
|    ep_rew_mean     | -28.8    |
| time/              |          |
|    episodes        | 4528     |
|    fps             | 19       |
|    time_elapsed    | 12294    |
|    total_timesteps | 236690   |
| train/             |          |
|    actor_loss      | 0.264    |
|    critic_loss     | 0.18     |
|    ent_coef        | 0.00345  |
|    ent_coef_loss   | -0.19    |
|    learning_rate   | 0.0003   |
|    n_updates       | 226680   |
---------------------------------
---------------------------------
| rollout/           |          |
|    ep_len_mean     | 53.6     |
|    ep_rew_mean     | -31      |
| time/              |          |
|    episodes        | 4532     |
|    fps             | 19       |
|    time_elapsed    | 12306    |
|    total_timesteps | 236950   |
| train/             |          |
|    actor_loss      | 0.252    |
|    critic_loss     | 0.121    |
|    ent_coef        | 0.00355  |
|    ent_coef_loss   | -0.383   |
|    learning_rate   | 0.0003   |
|    n_updates       | 226940   |
---------------------------------
---------------------------------
| rollout/           |          |
|    ep_len_mean     | 53.1     |
|    ep_rew_mean     | -30.7    |
| time/              |          |
|    episodes        | 4536     |
|    fps             | 19       |
|    time_elapsed    | 12317    |
|    total_timesteps | 237150   |
| train/             |          |
|    actor_loss      | 0.256    |
|    critic_loss     | 0.259    |
|    ent_coef        | 0.00354  |
|    ent_coef_loss   | 0.17     |
|    learning_rate   | 0.0003   |
|    n_updates       | 227140   |
---------------------------------
---------------------------------
| rollout/           |          |
|    ep_len_mean     | 52.9     |
|    ep_rew_mean     | -31.2    |
| time/              |          |
|    episodes        | 4540     |
|    fps             | 19       |
|    time_elapsed    | 12320    |
|    total_timesteps | 237200   |
| train/             |          |
|    actor_loss      | 0.271    |
|    critic_loss     | 0.221    |
|    ent_coef        | 0.00355  |
|    ent_coef_loss   | 0.81     |
|    learning_rate   | 0.0003   |
|    n_updates       | 227190   |
---------------------------------
---------------------------------
| rollout/           |          |
|    ep_len_mean     | 52.2     |
|    ep_rew_mean     | -35.7    |
| time/              |          |
|    episodes        | 4544     |
|    fps             | 19       |
|    time_elapsed    | 12335    |
|    total_timesteps | 237490   |
| train/             |          |
|    actor_loss      | 0.256    |
|    critic_loss     | 0.185    |
|    ent_coef        | 0.00355  |
|    ent_coef_loss   | 0.313    |
|    learning_rate   | 0.0003   |
|    n_updates       | 227480   |
---------------------------------
---------------------------------
| rollout/           |          |
|    ep_len_mean     | 53       |
|    ep_rew_mean     | -24.1    |
| time/              |          |
|    episodes        | 4548     |
|    fps             | 19       |
|    time_elapsed    | 12339    |
|    total_timesteps | 237570   |
| train/             |          |
|    actor_loss      | 0.273    |
|    critic_loss     | 0.305    |
|    ent_coef        | 0.00356  |
|    ent_coef_loss   | -0.0644  |
|    learning_rate   | 0.0003   |
|    n_updates       | 227560   |
---------------------------------
---------------------------------
| rollout/           |          |
|    ep_len_mean     | 52.9     |
|    ep_rew_mean     | -27.1    |
| time/              |          |
|    episodes        | 4552     |
|    fps             | 19       |
|    time_elapsed    | 12356    |
|    total_timesteps | 237940   |
| train/             |          |
|    actor_loss      | 0.198    |
|    critic_loss     | 0.188    |
|    ent_coef        | 0.00353  |
|    ent_coef_loss   | 0.301    |
|    learning_rate   | 0.0003   |
|    n_updates       | 227930   |
---------------------------------
---------------------------------
| rollout/           |          |
|    ep_len_mean     | 53       |
|    ep_rew_mean     | -23.4    |
| time/              |          |
|    episodes        | 4556     |
|    fps             | 19       |
|    time_elapsed    | 12364    |
|    total_timesteps | 238090   |
| train/             |          |
|    actor_loss      | 0.216    |
|    critic_loss     | 0.252    |
|    ent_coef        | 0.00352  |
|    ent_coef_loss   | -0.247   |
|    learning_rate   | 0.0003   |
|    n_updates       | 228080   |
---------------------------------
---------------------------------
| rollout/           |          |
|    ep_len_mean     | 52.8     |
|    ep_rew_mean     | -17.7    |
| time/              |          |
|    episodes        | 4560     |
|    fps             | 19       |
|    time_elapsed    | 12374    |
|    total_timesteps | 238290   |
| train/             |          |
|    actor_loss      | 0.277    |
|    critic_loss     | 0.205    |
|    ent_coef        | 0.00347  |
|    ent_coef_loss   | -0.0276  |
|    learning_rate   | 0.0003   |
|    n_updates       | 228280   |
---------------------------------
---------------------------------
| rollout/           |          |
|    ep_len_mean     | 52.5     |
|    ep_rew_mean     | -20.3    |
| time/              |          |
|    episodes        | 4564     |
|    fps             | 19       |
|    time_elapsed    | 12388    |
|    total_timesteps | 238580   |
| train/             |          |
|    actor_loss      | 0.262    |
|    critic_loss     | 0.256    |
|    ent_coef        | 0.00335  |
|    ent_coef_loss   | -0.0496  |
|    learning_rate   | 0.0003   |
|    n_updates       | 228570   |
---------------------------------
---------------------------------
| rollout/           |          |
|    ep_len_mean     | 52.8     |
|    ep_rew_mean     | -20.1    |
| time/              |          |
|    episodes        | 4568     |
|    fps             | 19       |
|    time_elapsed    | 12396    |
|    total_timesteps | 238750   |
| train/             |          |
|    actor_loss      | 0.314    |
|    critic_loss     | 0.177    |
|    ent_coef        | 0.0034   |
|    ent_coef_loss   | 1.13     |
|    learning_rate   | 0.0003   |
|    n_updates       | 228740   |
---------------------------------
---------------------------------
| rollout/           |          |
|    ep_len_mean     | 53.2     |
|    ep_rew_mean     | -30.9    |
| time/              |          |
|    episodes        | 4572     |
|    fps             | 19       |
|    time_elapsed    | 12404    |
|    total_timesteps | 238910   |
| train/             |          |
|    actor_loss      | 0.293    |
|    critic_loss     | 0.219    |
|    ent_coef        | 0.00339  |
|    ent_coef_loss   | -0.715   |
|    learning_rate   | 0.0003   |
|    n_updates       | 228900   |
---------------------------------
---------------------------------
| rollout/           |          |
|    ep_len_mean     | 53.3     |
|    ep_rew_mean     | -29.9    |
| time/              |          |
|    episodes        | 4576     |
|    fps             | 19       |
|    time_elapsed    | 12416    |
|    total_timesteps | 239170   |
| train/             |          |
|    actor_loss      | 0.297    |
|    critic_loss     | 0.203    |
|    ent_coef        | 0.00333  |
|    ent_coef_loss   | 0.464    |
|    learning_rate   | 0.0003   |
|    n_updates       | 229160   |
---------------------------------
---------------------------------
| rollout/           |          |
|    ep_len_mean     | 52.9     |
|    ep_rew_mean     | -38      |
| time/              |          |
|    episodes        | 4580     |
|    fps             | 19       |
|    time_elapsed    | 12425    |
|    total_timesteps | 239350   |
| train/             |          |
|    actor_loss      | 0.236    |
|    critic_loss     | 0.236    |
|    ent_coef        | 0.00333  |
|    ent_coef_loss   | 0.85     |
|    learning_rate   | 0.0003   |
|    n_updates       | 229340   |
---------------------------------
---------------------------------
| rollout/           |          |
|    ep_len_mean     | 53.2     |
|    ep_rew_mean     | -33.6    |
| time/              |          |
|    episodes        | 4584     |
|    fps             | 19       |
|    time_elapsed    | 12434    |
|    total_timesteps | 239510   |
| train/             |          |
|    actor_loss      | 0.319    |
|    critic_loss     | 0.126    |
|    ent_coef        | 0.00338  |
|    ent_coef_loss   | 0.185    |
|    learning_rate   | 0.0003   |
|    n_updates       | 229500   |
---------------------------------
---------------------------------
| rollout/           |          |
|    ep_len_mean     | 53       |
|    ep_rew_mean     | -32.8    |
| time/              |          |
|    episodes        | 4588     |
|    fps             | 19       |
|    time_elapsed    | 12452    |
|    total_timesteps | 239860   |
| train/             |          |
|    actor_loss      | 0.28     |
|    critic_loss     | 0.216    |
|    ent_coef        | 0.00334  |
|    ent_coef_loss   | -0.285   |
|    learning_rate   | 0.0003   |
|    n_updates       | 229850   |
---------------------------------
---------------------------------
| rollout/           |          |
|    ep_len_mean     | 53       |
|    ep_rew_mean     | -28.2    |
| time/              |          |
|    episodes        | 4592     |
|    fps             | 19       |
|    time_elapsed    | 12458    |
|    total_timesteps | 239980   |
| train/             |          |
|    actor_loss      | 0.252    |
|    critic_loss     | 0.241    |
|    ent_coef        | 0.00337  |
|    ent_coef_loss   | 0.279    |
|    learning_rate   | 0.0003   |
|    n_updates       | 229970   |
---------------------------------
---------------------------------
| rollout/           |          |
|    ep_len_mean     | 52.6     |
|    ep_rew_mean     | -35      |
| time/              |          |
|    episodes        | 4596     |
|    fps             | 19       |
|    time_elapsed    | 12464    |
|    total_timesteps | 240100   |
| train/             |          |
|    actor_loss      | 0.27     |
|    critic_loss     | 0.14     |
|    ent_coef        | 0.00338  |
|    ent_coef_loss   | 0.548    |
|    learning_rate   | 0.0003   |
|    n_updates       | 230090   |
---------------------------------
---------------------------------
| rollout/           |          |
|    ep_len_mean     | 52.2     |
|    ep_rew_mean     | -38.9    |
| time/              |          |
|    episodes        | 4600     |
|    fps             | 19       |
|    time_elapsed    | 12482    |
|    total_timesteps | 240470   |
| train/             |          |
|    actor_loss      | 0.272    |
|    critic_loss     | 0.25     |
|    ent_coef        | 0.00343  |
|    ent_coef_loss   | -0.261   |
|    learning_rate   | 0.0003   |
|    n_updates       | 230460   |
---------------------------------
---------------------------------
| rollout/           |          |
|    ep_len_mean     | 52.4     |
|    ep_rew_mean     | -40.4    |
| time/              |          |
|    episodes        | 4604     |
|    fps             | 19       |
|    time_elapsed    | 12490    |
|    total_timesteps | 240630   |
| train/             |          |
|    actor_loss      | 0.322    |
|    critic_loss     | 0.313    |
|    ent_coef        | 0.00341  |
|    ent_coef_loss   | 0.457    |
|    learning_rate   | 0.0003   |
|    n_updates       | 230620   |
---------------------------------
---------------------------------
| rollout/           |          |
|    ep_len_mean     | 52.7     |
|    ep_rew_mean     | -37.9    |
| time/              |          |
|    episodes        | 4608     |
|    fps             | 19       |
|    time_elapsed    | 12500    |
|    total_timesteps | 240830   |
| train/             |          |
|    actor_loss      | 0.255    |
|    critic_loss     | 0.227    |
|    ent_coef        | 0.00339  |
|    ent_coef_loss   | -0.0573  |
|    learning_rate   | 0.0003   |
|    n_updates       | 230820   |
---------------------------------
---------------------------------
| rollout/           |          |
|    ep_len_mean     | 52.9     |
|    ep_rew_mean     | -39.5    |
| time/              |          |
|    episodes        | 4612     |
|    fps             | 19       |
|    time_elapsed    | 12512    |
|    total_timesteps | 241080   |
| train/             |          |
|    actor_loss      | 0.227    |
|    critic_loss     | 0.251    |
|    ent_coef        | 0.00333  |
|    ent_coef_loss   | -0.663   |
|    learning_rate   | 0.0003   |
|    n_updates       | 231070   |
---------------------------------
---------------------------------
| rollout/           |          |
|    ep_len_mean     | 52.7     |
|    ep_rew_mean     | -39.9    |
| time/              |          |
|    episodes        | 4616     |
|    fps             | 19       |
|    time_elapsed    | 12521    |
|    total_timesteps | 241270   |
| train/             |          |
|    actor_loss      | 0.267    |
|    critic_loss     | 0.157    |
|    ent_coef        | 0.0033   |
|    ent_coef_loss   | -0.0128  |
|    learning_rate   | 0.0003   |
|    n_updates       | 231260   |
---------------------------------
---------------------------------
| rollout/           |          |
|    ep_len_mean     | 52.7     |
|    ep_rew_mean     | -41.4    |
| time/              |          |
|    episodes        | 4620     |
|    fps             | 19       |
|    time_elapsed    | 12533    |
|    total_timesteps | 241520   |
| train/             |          |
|    actor_loss      | 0.316    |
|    critic_loss     | 0.253    |
|    ent_coef        | 0.00329  |
|    ent_coef_loss   | -0.439   |
|    learning_rate   | 0.0003   |
|    n_updates       | 231510   |
---------------------------------
---------------------------------
| rollout/           |          |
|    ep_len_mean     | 52.6     |
|    ep_rew_mean     | -44.4    |
| time/              |          |
|    episodes        | 4624     |
|    fps             | 19       |
|    time_elapsed    | 12544    |
|    total_timesteps | 241730   |
| train/             |          |
|    actor_loss      | 0.344    |
|    critic_loss     | 0.253    |
|    ent_coef        | 0.00332  |
|    ent_coef_loss   | 0.308    |
|    learning_rate   | 0.0003   |
|    n_updates       | 231720   |
---------------------------------
---------------------------------
| rollout/           |          |
|    ep_len_mean     | 52.5     |
|    ep_rew_mean     | -48.8    |
| time/              |          |
|    episodes        | 4628     |
|    fps             | 19       |
|    time_elapsed    | 12556    |
|    total_timesteps | 241990   |
| train/             |          |
|    actor_loss      | 0.261    |
|    critic_loss     | 0.188    |
|    ent_coef        | 0.00338  |
|    ent_coef_loss   | 0.0864   |
|    learning_rate   | 0.0003   |
|    n_updates       | 231980   |
---------------------------------
---------------------------------
| rollout/           |          |
|    ep_len_mean     | 52.3     |
|    ep_rew_mean     | -46.2    |
| time/              |          |
|    episodes        | 4632     |
|    fps             | 19       |
|    time_elapsed    | 12565    |
|    total_timesteps | 242160   |
| train/             |          |
|    actor_loss      | 0.267    |
|    critic_loss     | 0.197    |
|    ent_coef        | 0.00338  |
|    ent_coef_loss   | 0.234    |
|    learning_rate   | 0.0003   |
|    n_updates       | 232150   |
---------------------------------
---------------------------------
| rollout/           |          |
|    ep_len_mean     | 52.6     |
|    ep_rew_mean     | -46.6    |
| time/              |          |
|    episodes        | 4636     |
|    fps             | 19       |
|    time_elapsed    | 12576    |
|    total_timesteps | 242400   |
| train/             |          |
|    actor_loss      | 0.265    |
|    critic_loss     | 0.175    |
|    ent_coef        | 0.00333  |
|    ent_coef_loss   | 0.109    |
|    learning_rate   | 0.0003   |
|    n_updates       | 232390   |
---------------------------------
---------------------------------
| rollout/           |          |
|    ep_len_mean     | 53       |
|    ep_rew_mean     | -46.3    |
| time/              |          |
|    episodes        | 4640     |
|    fps             | 19       |
|    time_elapsed    | 12586    |
|    total_timesteps | 242600   |
| train/             |          |
|    actor_loss      | 0.319    |
|    critic_loss     | 0.214    |
|    ent_coef        | 0.00338  |
|    ent_coef_loss   | 0.498    |
|    learning_rate   | 0.0003   |
|    n_updates       | 232590   |
---------------------------------
---------------------------------
| rollout/           |          |
|    ep_len_mean     | 54.1     |
|    ep_rew_mean     | -34.3    |
| time/              |          |
|    episodes        | 4644     |
|    fps             | 19       |
|    time_elapsed    | 12597    |
|    total_timesteps | 242820   |
| train/             |          |
|    actor_loss      | 0.294    |
|    critic_loss     | 0.206    |
|    ent_coef        | 0.0034   |
|    ent_coef_loss   | 0.184    |
|    learning_rate   | 0.0003   |
|    n_updates       | 232810   |
---------------------------------
---------------------------------
| rollout/           |          |
|    ep_len_mean     | 53.8     |
|    ep_rew_mean     | -37.4    |
| time/              |          |
|    episodes        | 4648     |
|    fps             | 19       |
|    time_elapsed    | 12611    |
|    total_timesteps | 243120   |
| train/             |          |
|    actor_loss      | 0.254    |
|    critic_loss     | 0.271    |
|    ent_coef        | 0.00355  |
|    ent_coef_loss   | 0.185    |
|    learning_rate   | 0.0003   |
|    n_updates       | 233110   |
---------------------------------
---------------------------------
| rollout/           |          |
|    ep_len_mean     | 53.7     |
|    ep_rew_mean     | -44.2    |
| time/              |          |
|    episodes        | 4652     |
|    fps             | 19       |
|    time_elapsed    | 12620    |
|    total_timesteps | 243310   |
| train/             |          |
|    actor_loss      | 0.245    |
|    critic_loss     | 0.127    |
|    ent_coef        | 0.00354  |
|    ent_coef_loss   | -0.0573  |
|    learning_rate   | 0.0003   |
|    n_updates       | 233300   |
---------------------------------
---------------------------------
| rollout/           |          |
|    ep_len_mean     | 54.2     |
|    ep_rew_mean     | -39.6    |
| time/              |          |
|    episodes        | 4656     |
|    fps             | 19       |
|    time_elapsed    | 12626    |
|    total_timesteps | 243430   |
| train/             |          |
|    actor_loss      | 0.291    |
|    critic_loss     | 0.209    |
|    ent_coef        | 0.00354  |
|    ent_coef_loss   | 0.145    |
|    learning_rate   | 0.0003   |
|    n_updates       | 233420   |
---------------------------------
---------------------------------
| rollout/           |          |
|    ep_len_mean     | 54.2     |
|    ep_rew_mean     | -38.5    |
| time/              |          |
|    episodes        | 4660     |
|    fps             | 19       |
|    time_elapsed    | 12642    |
|    total_timesteps | 243760   |
| train/             |          |
|    actor_loss      | 0.307    |
|    critic_loss     | 0.233    |
|    ent_coef        | 0.00341  |
|    ent_coef_loss   | 0.777    |
|    learning_rate   | 0.0003   |
|    n_updates       | 233750   |
---------------------------------
---------------------------------
| rollout/           |          |
|    ep_len_mean     | 54.1     |
|    ep_rew_mean     | -38.7    |
| time/              |          |
|    episodes        | 4664     |
|    fps             | 19       |
|    time_elapsed    | 12654    |
|    total_timesteps | 244000   |
| train/             |          |
|    actor_loss      | 0.193    |
|    critic_loss     | 0.223    |
|    ent_coef        | 0.00346  |
|    ent_coef_loss   | 0.352    |
|    learning_rate   | 0.0003   |
|    n_updates       | 233990   |
---------------------------------
---------------------------------
| rollout/           |          |
|    ep_len_mean     | 54.4     |
|    ep_rew_mean     | -34.1    |
| time/              |          |
|    episodes        | 4668     |
|    fps             | 19       |
|    time_elapsed    | 12656    |
|    total_timesteps | 244040   |
| train/             |          |
|    actor_loss      | 0.269    |
|    critic_loss     | 0.196    |
|    ent_coef        | 0.00347  |
|    ent_coef_loss   | 0.139    |
|    learning_rate   | 0.0003   |
|    n_updates       | 234030   |
---------------------------------
---------------------------------
| rollout/           |          |
|    ep_len_mean     | 54       |
|    ep_rew_mean     | -26.7    |
| time/              |          |
|    episodes        | 4672     |
|    fps             | 19       |
|    time_elapsed    | 12673    |
|    total_timesteps | 244400   |
| train/             |          |
|    actor_loss      | 0.263    |
|    critic_loss     | 0.181    |
|    ent_coef        | 0.00341  |
|    ent_coef_loss   | -0.498   |
|    learning_rate   | 0.0003   |
|    n_updates       | 234390   |
---------------------------------
---------------------------------
| rollout/           |          |
|    ep_len_mean     | 54.1     |
|    ep_rew_mean     | -24      |
| time/              |          |
|    episodes        | 4676     |
|    fps             | 19       |
|    time_elapsed    | 12683    |
|    total_timesteps | 244600   |
| train/             |          |
|    actor_loss      | 0.243    |
|    critic_loss     | 0.25     |
|    ent_coef        | 0.00343  |
|    ent_coef_loss   | 0.786    |
|    learning_rate   | 0.0003   |
|    n_updates       | 234590   |
---------------------------------
---------------------------------
| rollout/           |          |
|    ep_len_mean     | 54.7     |
|    ep_rew_mean     | -21.4    |
| time/              |          |
|    episodes        | 4680     |
|    fps             | 19       |
|    time_elapsed    | 12689    |
|    total_timesteps | 244720   |
| train/             |          |
|    actor_loss      | 0.238    |
|    critic_loss     | 0.189    |
|    ent_coef        | 0.0035   |
|    ent_coef_loss   | -0.0386  |
|    learning_rate   | 0.0003   |
|    n_updates       | 234710   |
---------------------------------
---------------------------------
| rollout/           |          |
|    ep_len_mean     | 55.2     |
|    ep_rew_mean     | -19      |
| time/              |          |
|    episodes        | 4684     |
|    fps             | 19       |
|    time_elapsed    | 12708    |
|    total_timesteps | 245120   |
| train/             |          |
|    actor_loss      | 0.261    |
|    critic_loss     | 0.185    |
|    ent_coef        | 0.00351  |
|    ent_coef_loss   | 0.139    |
|    learning_rate   | 0.0003   |
|    n_updates       | 235110   |
---------------------------------
---------------------------------
| rollout/           |          |
|    ep_len_mean     | 55.5     |
|    ep_rew_mean     | -15      |
| time/              |          |
|    episodes        | 4688     |
|    fps             | 19       |
|    time_elapsed    | 12717    |
|    total_timesteps | 245300   |
| train/             |          |
|    actor_loss      | 0.225    |
|    critic_loss     | 0.137    |
|    ent_coef        | 0.0035   |
|    ent_coef_loss   | 0.317    |
|    learning_rate   | 0.0003   |
|    n_updates       | 235290   |
---------------------------------
---------------------------------
| rollout/           |          |
|    ep_len_mean     | 55.8     |
|    ep_rew_mean     | -22.4    |
| time/              |          |
|    episodes        | 4692     |
|    fps             | 19       |
|    time_elapsed    | 12732    |
|    total_timesteps | 245610   |
| train/             |          |
|    actor_loss      | 0.22     |
|    critic_loss     | 0.216    |
|    ent_coef        | 0.00353  |
|    ent_coef_loss   | -0.00717 |
|    learning_rate   | 0.0003   |
|    n_updates       | 235600   |
---------------------------------
---------------------------------
| rollout/           |          |
|    ep_len_mean     | 56.5     |
|    ep_rew_mean     | -13.3    |
| time/              |          |
|    episodes        | 4696     |
|    fps             | 19       |
|    time_elapsed    | 12740    |
|    total_timesteps | 245780   |
| train/             |          |
|    actor_loss      | 0.221    |
|    critic_loss     | 0.136    |
|    ent_coef        | 0.00347  |
|    ent_coef_loss   | -0.449   |
|    learning_rate   | 0.0003   |
|    n_updates       | 235770   |
---------------------------------
---------------------------------
| rollout/           |          |
|    ep_len_mean     | 56.7     |
|    ep_rew_mean     | -10.7    |
| time/              |          |
|    episodes        | 4700     |
|    fps             | 19       |
|    time_elapsed    | 12753    |
|    total_timesteps | 246040   |
| train/             |          |
|    actor_loss      | 0.247    |
|    critic_loss     | 0.147    |
|    ent_coef        | 0.00347  |
|    ent_coef_loss   | -0.457   |
|    learning_rate   | 0.0003   |
|    n_updates       | 236030   |
---------------------------------
---------------------------------
| rollout/           |          |
|    ep_len_mean     | 56.3     |
|    ep_rew_mean     | -9.24    |
| time/              |          |
|    episodes        | 4704     |
|    fps             | 19       |
|    time_elapsed    | 12768    |
|    total_timesteps | 246340   |
| train/             |          |
|    actor_loss      | 0.258    |
|    critic_loss     | 0.181    |
|    ent_coef        | 0.00347  |
|    ent_coef_loss   | -0.266   |
|    learning_rate   | 0.0003   |
|    n_updates       | 236330   |
---------------------------------
---------------------------------
| rollout/           |          |
|    ep_len_mean     | 56.3     |
|    ep_rew_mean     | -7.39    |
| time/              |          |
|    episodes        | 4708     |
|    fps             | 19       |
|    time_elapsed    | 12771    |
|    total_timesteps | 246400   |
| train/             |          |
|    actor_loss      | 0.268    |
|    critic_loss     | 0.292    |
|    ent_coef        | 0.00348  |
|    ent_coef_loss   | 0.286    |
|    learning_rate   | 0.0003   |
|    n_updates       | 236390   |
---------------------------------
---------------------------------
| rollout/           |          |
|    ep_len_mean     | 56.1     |
|    ep_rew_mean     | -5.86    |
| time/              |          |
|    episodes        | 4712     |
|    fps             | 19       |
|    time_elapsed    | 12785    |
|    total_timesteps | 246700   |
| train/             |          |
|    actor_loss      | 0.202    |
|    critic_loss     | 0.213    |
|    ent_coef        | 0.00353  |
|    ent_coef_loss   | -0.848   |
|    learning_rate   | 0.0003   |
|    n_updates       | 236690   |
---------------------------------
---------------------------------
| rollout/           |          |
|    ep_len_mean     | 56.3     |
|    ep_rew_mean     | -4.83    |
| time/              |          |
|    episodes        | 4716     |
|    fps             | 19       |
|    time_elapsed    | 12797    |
|    total_timesteps | 246930   |
| train/             |          |
|    actor_loss      | 0.292    |
|    critic_loss     | 0.201    |
|    ent_coef        | 0.00345  |
|    ent_coef_loss   | 0.0605   |
|    learning_rate   | 0.0003   |
|    n_updates       | 236920   |
---------------------------------
---------------------------------
| rollout/           |          |
|    ep_len_mean     | 56.2     |
|    ep_rew_mean     | -4.42    |
| time/              |          |
|    episodes        | 4720     |
|    fps             | 19       |
|    time_elapsed    | 12808    |
|    total_timesteps | 247170   |
| train/             |          |
|    actor_loss      | 0.227    |
|    critic_loss     | 0.233    |
|    ent_coef        | 0.00347  |
|    ent_coef_loss   | 0.458    |
|    learning_rate   | 0.0003   |
|    n_updates       | 237160   |
---------------------------------
---------------------------------
| rollout/           |          |
|    ep_len_mean     | 56.4     |
|    ep_rew_mean     | -1.96    |
| time/              |          |
|    episodes        | 4724     |
|    fps             | 19       |
|    time_elapsed    | 12821    |
|    total_timesteps | 247440   |
| train/             |          |
|    actor_loss      | 0.27     |
|    critic_loss     | 0.173    |
|    ent_coef        | 0.00339  |
|    ent_coef_loss   | 0.191    |
|    learning_rate   | 0.0003   |
|    n_updates       | 237430   |
---------------------------------
---------------------------------
| rollout/           |          |
|    ep_len_mean     | 56.2     |
|    ep_rew_mean     | -6       |
| time/              |          |
|    episodes        | 4728     |
|    fps             | 19       |
|    time_elapsed    | 12827    |
|    total_timesteps | 247570   |
| train/             |          |
|    actor_loss      | 0.279    |
|    critic_loss     | 0.166    |
|    ent_coef        | 0.00342  |
|    ent_coef_loss   | 0.0361   |
|    learning_rate   | 0.0003   |
|    n_updates       | 237560   |
---------------------------------
---------------------------------
| rollout/           |          |
|    ep_len_mean     | 56.3     |
|    ep_rew_mean     | -6.6     |
| time/              |          |
|    episodes        | 4732     |
|    fps             | 19       |
|    time_elapsed    | 12840    |
|    total_timesteps | 247840   |
| train/             |          |
|    actor_loss      | 0.281    |
|    critic_loss     | 0.161    |
|    ent_coef        | 0.00344  |
|    ent_coef_loss   | 0.652    |
|    learning_rate   | 0.0003   |
|    n_updates       | 237830   |
---------------------------------
---------------------------------
| rollout/           |          |
|    ep_len_mean     | 56.1     |
|    ep_rew_mean     | -4.53    |
| time/              |          |
|    episodes        | 4736     |
|    fps             | 19       |
|    time_elapsed    | 12848    |
|    total_timesteps | 247990   |
| train/             |          |
|    actor_loss      | 0.2      |
|    critic_loss     | 0.176    |
|    ent_coef        | 0.00353  |
|    ent_coef_loss   | -0.0964  |
|    learning_rate   | 0.0003   |
|    n_updates       | 237980   |
---------------------------------
---------------------------------
| rollout/           |          |
|    ep_len_mean     | 56.1     |
|    ep_rew_mean     | -4.77    |
| time/              |          |
|    episodes        | 4740     |
|    fps             | 19       |
|    time_elapsed    | 12859    |
|    total_timesteps | 248220   |
| train/             |          |
|    actor_loss      | 0.257    |
|    critic_loss     | 0.167    |
|    ent_coef        | 0.00348  |
|    ent_coef_loss   | 0.246    |
|    learning_rate   | 0.0003   |
|    n_updates       | 238210   |
---------------------------------
---------------------------------
| rollout/           |          |
|    ep_len_mean     | 55.8     |
|    ep_rew_mean     | -7.89    |
| time/              |          |
|    episodes        | 4744     |
|    fps             | 19       |
|    time_elapsed    | 12869    |
|    total_timesteps | 248440   |
| train/             |          |
|    actor_loss      | 0.317    |
|    critic_loss     | 0.161    |
|    ent_coef        | 0.00345  |
|    ent_coef_loss   | 0.0303   |
|    learning_rate   | 0.0003   |
|    n_updates       | 238430   |
---------------------------------
---------------------------------
| rollout/           |          |
|    ep_len_mean     | 56.7     |
|    ep_rew_mean     | -13.9    |
| time/              |          |
|    episodes        | 4748     |
|    fps             | 19       |
|    time_elapsed    | 12884    |
|    total_timesteps | 248730   |
| train/             |          |
|    actor_loss      | 0.276    |
|    critic_loss     | 0.172    |
|    ent_coef        | 0.00347  |
|    ent_coef_loss   | 0.119    |
|    learning_rate   | 0.0003   |
|    n_updates       | 238720   |
---------------------------------
---------------------------------
| rollout/           |          |
|    ep_len_mean     | 56.9     |
|    ep_rew_mean     | -3.07    |
| time/              |          |
|    episodes        | 4752     |
|    fps             | 19       |
|    time_elapsed    | 12895    |
|    total_timesteps | 248960   |
| train/             |          |
|    actor_loss      | 0.309    |
|    critic_loss     | 0.182    |
|    ent_coef        | 0.00343  |
|    ent_coef_loss   | -0.171   |
|    learning_rate   | 0.0003   |
|    n_updates       | 238950   |
---------------------------------
---------------------------------
| rollout/           |          |
|    ep_len_mean     | 56.3     |
|    ep_rew_mean     | -7.87    |
| time/              |          |
|    episodes        | 4756     |
|    fps             | 19       |
|    time_elapsed    | 12902    |
|    total_timesteps | 249110   |
| train/             |          |
|    actor_loss      | 0.216    |
|    critic_loss     | 0.206    |
|    ent_coef        | 0.00344  |
|    ent_coef_loss   | -0.155   |
|    learning_rate   | 0.0003   |
|    n_updates       | 239100   |
---------------------------------
---------------------------------
| rollout/           |          |
|    ep_len_mean     | 56       |
|    ep_rew_mean     | -8.4     |
| time/              |          |
|    episodes        | 4760     |
|    fps             | 19       |
|    time_elapsed    | 12913    |
|    total_timesteps | 249330   |
| train/             |          |
|    actor_loss      | 0.313    |
|    critic_loss     | 0.234    |
|    ent_coef        | 0.00352  |
|    ent_coef_loss   | 0.185    |
|    learning_rate   | 0.0003   |
|    n_updates       | 239320   |
---------------------------------
---------------------------------
| rollout/           |          |
|    ep_len_mean     | 56.1     |
|    ep_rew_mean     | -8.42    |
| time/              |          |
|    episodes        | 4764     |
|    fps             | 19       |
|    time_elapsed    | 12923    |
|    total_timesteps | 249540   |
| train/             |          |
|    actor_loss      | 0.25     |
|    critic_loss     | 0.203    |
|    ent_coef        | 0.00349  |
|    ent_coef_loss   | 0.158    |
|    learning_rate   | 0.0003   |
|    n_updates       | 239530   |
---------------------------------
---------------------------------
| rollout/           |          |
|    ep_len_mean     | 56.1     |
|    ep_rew_mean     | -8.41    |
| time/              |          |
|    episodes        | 4768     |
|    fps             | 19       |
|    time_elapsed    | 12934    |
|    total_timesteps | 249760   |
| train/             |          |
|    actor_loss      | 0.288    |
|    critic_loss     | 0.338    |
|    ent_coef        | 0.00356  |
|    ent_coef_loss   | 0.123    |
|    learning_rate   | 0.0003   |
|    n_updates       | 239750   |
---------------------------------
---------------------------------
| rollout/           |          |
|    ep_len_mean     | 55.5     |
|    ep_rew_mean     | -16.9    |
| time/              |          |
|    episodes        | 4772     |
|    fps             | 19       |
|    time_elapsed    | 12942    |
|    total_timesteps | 249940   |
| train/             |          |
|    actor_loss      | 0.261    |
|    critic_loss     | 0.224    |
|    ent_coef        | 0.00356  |
|    ent_coef_loss   | -0.164   |
|    learning_rate   | 0.0003   |
|    n_updates       | 239930   |
---------------------------------
---------------------------------
| rollout/           |          |
|    ep_len_mean     | 55.4     |
|    ep_rew_mean     | -16      |
| time/              |          |
|    episodes        | 4776     |
|    fps             | 19       |
|    time_elapsed    | 12947    |
|    total_timesteps | 250010   |
| train/             |          |
|    actor_loss      | 0.254    |
|    critic_loss     | 0.184    |
|    ent_coef        | 0.00352  |
|    ent_coef_loss   | -0.308   |
|    learning_rate   | 0.0003   |
|    n_updates       | 240000   |
---------------------------------
---------------------------------
| rollout/           |          |
|    ep_len_mean     | 54.6     |
|    ep_rew_mean     | -18.1    |
| time/              |          |
|    episodes        | 4780     |
|    fps             | 19       |
|    time_elapsed    | 12964    |
|    total_timesteps | 250350   |
| train/             |          |
|    actor_loss      | 0.288    |
|    critic_loss     | 0.226    |
|    ent_coef        | 0.00358  |
|    ent_coef_loss   | 0.263    |
|    learning_rate   | 0.0003   |
|    n_updates       | 240340   |
---------------------------------
---------------------------------
| rollout/           |          |
|    ep_len_mean     | 54.3     |
|    ep_rew_mean     | -16.9    |
| time/              |          |
|    episodes        | 4784     |
|    fps             | 19       |
|    time_elapsed    | 12975    |
|    total_timesteps | 250570   |
| train/             |          |
|    actor_loss      | 0.161    |
|    critic_loss     | 0.134    |
|    ent_coef        | 0.00369  |
|    ent_coef_loss   | -0.174   |
|    learning_rate   | 0.0003   |
|    n_updates       | 240560   |
---------------------------------
---------------------------------
| rollout/           |          |
|    ep_len_mean     | 54.4     |
|    ep_rew_mean     | -17      |
| time/              |          |
|    episodes        | 4788     |
|    fps             | 19       |
|    time_elapsed    | 12977    |
|    total_timesteps | 250610   |
| train/             |          |
|    actor_loss      | 0.295    |
|    critic_loss     | 0.121    |
|    ent_coef        | 0.0037   |
|    ent_coef_loss   | 0.146    |
|    learning_rate   | 0.0003   |
|    n_updates       | 240600   |
---------------------------------
---------------------------------
| rollout/           |          |
|    ep_len_mean     | 54.1     |
|    ep_rew_mean     | -9.25    |
| time/              |          |
|    episodes        | 4792     |
|    fps             | 19       |
|    time_elapsed    | 12997    |
|    total_timesteps | 251010   |
| train/             |          |
|    actor_loss      | 0.186    |
|    critic_loss     | 0.203    |
|    ent_coef        | 0.00364  |
|    ent_coef_loss   | -0.422   |
|    learning_rate   | 0.0003   |
|    n_updates       | 241000   |
---------------------------------
---------------------------------
| rollout/           |          |
|    ep_len_mean     | 54.2     |
|    ep_rew_mean     | -9.58    |
| time/              |          |
|    episodes        | 4796     |
|    fps             | 19       |
|    time_elapsed    | 13010    |
|    total_timesteps | 251250   |
| train/             |          |
|    actor_loss      | 0.273    |
|    critic_loss     | 0.211    |
|    ent_coef        | 0.00362  |
|    ent_coef_loss   | 0.599    |
|    learning_rate   | 0.0003   |
|    n_updates       | 241240   |
---------------------------------
---------------------------------
| rollout/           |          |
|    ep_len_mean     | 54.3     |
|    ep_rew_mean     | -16.9    |
| time/              |          |
|    episodes        | 4800     |
|    fps             | 19       |
|    time_elapsed    | 13021    |
|    total_timesteps | 251470   |
| train/             |          |
|    actor_loss      | 0.258    |
|    critic_loss     | 0.249    |
|    ent_coef        | 0.00354  |
|    ent_coef_loss   | 0.207    |
|    learning_rate   | 0.0003   |
|    n_updates       | 241460   |
---------------------------------
---------------------------------
| rollout/           |          |
|    ep_len_mean     | 55.1     |
|    ep_rew_mean     | -8.8     |
| time/              |          |
|    episodes        | 4804     |
|    fps             | 19       |
|    time_elapsed    | 13037    |
|    total_timesteps | 251790   |
| train/             |          |
|    actor_loss      | 0.269    |
|    critic_loss     | 0.296    |
|    ent_coef        | 0.00367  |
|    ent_coef_loss   | -0.135   |
|    learning_rate   | 0.0003   |
|    n_updates       | 241780   |
---------------------------------
---------------------------------
| rollout/           |          |
|    ep_len_mean     | 55       |
|    ep_rew_mean     | -10.5    |
| time/              |          |
|    episodes        | 4808     |
|    fps             | 19       |
|    time_elapsed    | 13041    |
|    total_timesteps | 251880   |
| train/             |          |
|    actor_loss      | 0.225    |
|    critic_loss     | 0.204    |
|    ent_coef        | 0.00367  |
|    ent_coef_loss   | 0.103    |
|    learning_rate   | 0.0003   |
|    n_updates       | 241870   |
---------------------------------
---------------------------------
| rollout/           |          |
|    ep_len_mean     | 55.1     |
|    ep_rew_mean     | -15.4    |
| time/              |          |
|    episodes        | 4812     |
|    fps             | 19       |
|    time_elapsed    | 13060    |
|    total_timesteps | 252230   |
| train/             |          |
|    actor_loss      | 0.232    |
|    critic_loss     | 0.222    |
|    ent_coef        | 0.00364  |
|    ent_coef_loss   | 0.0237   |
|    learning_rate   | 0.0003   |
|    n_updates       | 242220   |
---------------------------------
---------------------------------
| rollout/           |          |
|    ep_len_mean     | 55.1     |
|    ep_rew_mean     | -21.3    |
| time/              |          |
|    episodes        | 4816     |
|    fps             | 19       |
|    time_elapsed    | 13072    |
|    total_timesteps | 252470   |
| train/             |          |
|    actor_loss      | 0.218    |
|    critic_loss     | 0.158    |
|    ent_coef        | 0.00364  |
|    ent_coef_loss   | -0.13    |
|    learning_rate   | 0.0003   |
|    n_updates       | 242460   |
---------------------------------
---------------------------------
| rollout/           |          |
|    ep_len_mean     | 55.1     |
|    ep_rew_mean     | -20.2    |
| time/              |          |
|    episodes        | 4820     |
|    fps             | 19       |
|    time_elapsed    | 13078    |
|    total_timesteps | 252590   |
| train/             |          |
|    actor_loss      | 0.259    |
|    critic_loss     | 0.242    |
|    ent_coef        | 0.00366  |
|    ent_coef_loss   | -0.25    |
|    learning_rate   | 0.0003   |
|    n_updates       | 242580   |
---------------------------------
---------------------------------
| rollout/           |          |
|    ep_len_mean     | 54.2     |
|    ep_rew_mean     | -27.8    |
| time/              |          |
|    episodes        | 4824     |
|    fps             | 19       |
|    time_elapsed    | 13089    |
|    total_timesteps | 252810   |
| train/             |          |
|    actor_loss      | 0.285    |
|    critic_loss     | 0.253    |
|    ent_coef        | 0.00361  |
|    ent_coef_loss   | 0.31     |
|    learning_rate   | 0.0003   |
|    n_updates       | 242800   |
---------------------------------
---------------------------------
| rollout/           |          |
|    ep_len_mean     | 54.6     |
|    ep_rew_mean     | -19      |
| time/              |          |
|    episodes        | 4828     |
|    fps             | 19       |
|    time_elapsed    | 13103    |
|    total_timesteps | 253100   |
| train/             |          |
|    actor_loss      | 0.253    |
|    critic_loss     | 0.132    |
|    ent_coef        | 0.00351  |
|    ent_coef_loss   | -0.525   |
|    learning_rate   | 0.0003   |
|    n_updates       | 243090   |
---------------------------------
---------------------------------
| rollout/           |          |
|    ep_len_mean     | 54.9     |
|    ep_rew_mean     | -19      |
| time/              |          |
|    episodes        | 4832     |
|    fps             | 19       |
|    time_elapsed    | 13110    |
|    total_timesteps | 253250   |
| train/             |          |
|    actor_loss      | 0.271    |
|    critic_loss     | 0.189    |
|    ent_coef        | 0.00349  |
|    ent_coef_loss   | -0.342   |
|    learning_rate   | 0.0003   |
|    n_updates       | 243240   |
---------------------------------
---------------------------------
| rollout/           |          |
|    ep_len_mean     | 54.3     |
|    ep_rew_mean     | -23.2    |
| time/              |          |
|    episodes        | 4836     |
|    fps             | 19       |
|    time_elapsed    | 13120    |
|    total_timesteps | 253430   |
| train/             |          |
|    actor_loss      | 0.277    |
|    critic_loss     | 0.275    |
|    ent_coef        | 0.00349  |
|    ent_coef_loss   | -0.109   |
|    learning_rate   | 0.0003   |
|    n_updates       | 243420   |
---------------------------------
---------------------------------
| rollout/           |          |
|    ep_len_mean     | 54.7     |
|    ep_rew_mean     | -18      |
| time/              |          |
|    episodes        | 4840     |
|    fps             | 19       |
|    time_elapsed    | 13137    |
|    total_timesteps | 253800   |
| train/             |          |
|    actor_loss      | 0.24     |
|    critic_loss     | 0.187    |
|    ent_coef        | 0.00356  |
|    ent_coef_loss   | 0.234    |
|    learning_rate   | 0.0003   |
|    n_updates       | 243790   |
---------------------------------
---------------------------------
| rollout/           |          |
|    ep_len_mean     | 55.2     |
|    ep_rew_mean     | -20.6    |
| time/              |          |
|    episodes        | 4844     |
|    fps             | 19       |
|    time_elapsed    | 13140    |
|    total_timesteps | 253860   |
| train/             |          |
|    actor_loss      | 0.296    |
|    critic_loss     | 0.227    |
|    ent_coef        | 0.00359  |
|    ent_coef_loss   | 0.154    |
|    learning_rate   | 0.0003   |
|    n_updates       | 243850   |
---------------------------------
---------------------------------
| rollout/           |          |
|    ep_len_mean     | 54.2     |
|    ep_rew_mean     | -24.3    |
| time/              |          |
|    episodes        | 4848     |
|    fps             | 19       |
|    time_elapsed    | 13155    |
|    total_timesteps | 254170   |
| train/             |          |
|    actor_loss      | 0.31     |
|    critic_loss     | 0.148    |
|    ent_coef        | 0.00355  |
|    ent_coef_loss   | -0.124   |
|    learning_rate   | 0.0003   |
|    n_updates       | 244160   |
---------------------------------
---------------------------------
| rollout/           |          |
|    ep_len_mean     | 54.2     |
|    ep_rew_mean     | -23.9    |
| time/              |          |
|    episodes        | 4852     |
|    fps             | 19       |
|    time_elapsed    | 13167    |
|    total_timesteps | 254420   |
| train/             |          |
|    actor_loss      | 0.202    |
|    critic_loss     | 0.18     |
|    ent_coef        | 0.00358  |
|    ent_coef_loss   | 0.155    |
|    learning_rate   | 0.0003   |
|    n_updates       | 244410   |
---------------------------------
---------------------------------
| rollout/           |          |
|    ep_len_mean     | 54.4     |
|    ep_rew_mean     | -23.5    |
| time/              |          |
|    episodes        | 4856     |
|    fps             | 19       |
|    time_elapsed    | 13172    |
|    total_timesteps | 254510   |
| train/             |          |
|    actor_loss      | 0.227    |
|    critic_loss     | 0.201    |
|    ent_coef        | 0.00357  |
|    ent_coef_loss   | 0.0746   |
|    learning_rate   | 0.0003   |
|    n_updates       | 244500   |
---------------------------------
---------------------------------
| rollout/           |          |
|    ep_len_mean     | 54.1     |
|    ep_rew_mean     | -32.8    |
| time/              |          |
|    episodes        | 4860     |
|    fps             | 19       |
|    time_elapsed    | 13183    |
|    total_timesteps | 254740   |
| train/             |          |
|    actor_loss      | 0.342    |
|    critic_loss     | 0.217    |
|    ent_coef        | 0.00353  |
|    ent_coef_loss   | 0.221    |
|    learning_rate   | 0.0003   |
|    n_updates       | 244730   |
---------------------------------
---------------------------------
| rollout/           |          |
|    ep_len_mean     | 54       |
|    ep_rew_mean     | -38.5    |
| time/              |          |
|    episodes        | 4864     |
|    fps             | 19       |
|    time_elapsed    | 13196    |
|    total_timesteps | 254990   |
| train/             |          |
|    actor_loss      | 0.244    |
|    critic_loss     | 0.208    |
|    ent_coef        | 0.00368  |
|    ent_coef_loss   | -0.0434  |
|    learning_rate   | 0.0003   |
|    n_updates       | 244980   |
---------------------------------
---------------------------------
| rollout/           |          |
|    ep_len_mean     | 54       |
|    ep_rew_mean     | -38.4    |
| time/              |          |
|    episodes        | 4868     |
|    fps             | 19       |
|    time_elapsed    | 13203    |
|    total_timesteps | 255130   |
| train/             |          |
|    actor_loss      | 0.253    |
|    critic_loss     | 0.258    |
|    ent_coef        | 0.00374  |
|    ent_coef_loss   | 0.264    |
|    learning_rate   | 0.0003   |
|    n_updates       | 245120   |
---------------------------------
---------------------------------
| rollout/           |          |
|    ep_len_mean     | 55       |
|    ep_rew_mean     | -27.4    |
| time/              |          |
|    episodes        | 4872     |
|    fps             | 19       |
|    time_elapsed    | 13218    |
|    total_timesteps | 255430   |
| train/             |          |
|    actor_loss      | 0.295    |
|    critic_loss     | 0.247    |
|    ent_coef        | 0.00377  |
|    ent_coef_loss   | 0.102    |
|    learning_rate   | 0.0003   |
|    n_updates       | 245420   |
---------------------------------
---------------------------------
| rollout/           |          |
|    ep_len_mean     | 55.4     |
|    ep_rew_mean     | -22.4    |
| time/              |          |
|    episodes        | 4876     |
|    fps             | 19       |
|    time_elapsed    | 13229    |
|    total_timesteps | 255660   |
| train/             |          |
|    actor_loss      | 0.284    |
|    critic_loss     | 0.229    |
|    ent_coef        | 0.0037   |
|    ent_coef_loss   | -0.00735 |
|    learning_rate   | 0.0003   |
|    n_updates       | 245650   |
---------------------------------
---------------------------------
| rollout/           |          |
|    ep_len_mean     | 56       |
|    ep_rew_mean     | -19.2    |
| time/              |          |
|    episodes        | 4880     |
|    fps             | 19       |
|    time_elapsed    | 13243    |
|    total_timesteps | 255950   |
| train/             |          |
|    actor_loss      | 0.249    |
|    critic_loss     | 0.182    |
|    ent_coef        | 0.00376  |
|    ent_coef_loss   | 0.367    |
|    learning_rate   | 0.0003   |
|    n_updates       | 245940   |
---------------------------------
---------------------------------
| rollout/           |          |
|    ep_len_mean     | 56.3     |
|    ep_rew_mean     | -16.2    |
| time/              |          |
|    episodes        | 4884     |
|    fps             | 19       |
|    time_elapsed    | 13254    |
|    total_timesteps | 256180   |
| train/             |          |
|    actor_loss      | 0.284    |
|    critic_loss     | 0.236    |
|    ent_coef        | 0.00374  |
|    ent_coef_loss   | -0.397   |
|    learning_rate   | 0.0003   |
|    n_updates       | 246170   |
---------------------------------
---------------------------------
| rollout/           |          |
|    ep_len_mean     | 56.2     |
|    ep_rew_mean     | -19.5    |
| time/              |          |
|    episodes        | 4888     |
|    fps             | 19       |
|    time_elapsed    | 13264    |
|    total_timesteps | 256390   |
| train/             |          |
|    actor_loss      | 0.25     |
|    critic_loss     | 0.201    |
|    ent_coef        | 0.00372  |
|    ent_coef_loss   | -0.268   |
|    learning_rate   | 0.0003   |
|    n_updates       | 246380   |
---------------------------------
---------------------------------
| rollout/           |          |
|    ep_len_mean     | 56.2     |
|    ep_rew_mean     | -21.3    |
| time/              |          |
|    episodes        | 4892     |
|    fps             | 19       |
|    time_elapsed    | 13274    |
|    total_timesteps | 256590   |
| train/             |          |
|    actor_loss      | 0.224    |
|    critic_loss     | 0.16     |
|    ent_coef        | 0.00367  |
|    ent_coef_loss   | -0.225   |
|    learning_rate   | 0.0003   |
|    n_updates       | 246580   |
---------------------------------
---------------------------------
| rollout/           |          |
|    ep_len_mean     | 55.8     |
|    ep_rew_mean     | -25.1    |
| time/              |          |
|    episodes        | 4896     |
|    fps             | 19       |
|    time_elapsed    | 13286    |
|    total_timesteps | 256840   |
| train/             |          |
|    actor_loss      | 0.204    |
|    critic_loss     | 0.204    |
|    ent_coef        | 0.00362  |
|    ent_coef_loss   | 0.14     |
|    learning_rate   | 0.0003   |
|    n_updates       | 246830   |
---------------------------------
---------------------------------
| rollout/           |          |
|    ep_len_mean     | 55.9     |
|    ep_rew_mean     | -16.5    |
| time/              |          |
|    episodes        | 4900     |
|    fps             | 19       |
|    time_elapsed    | 13297    |
|    total_timesteps | 257060   |
| train/             |          |
|    actor_loss      | 0.292    |
|    critic_loss     | 0.221    |
|    ent_coef        | 0.00365  |
|    ent_coef_loss   | -0.4     |
|    learning_rate   | 0.0003   |
|    n_updates       | 247050   |
---------------------------------
---------------------------------
| rollout/           |          |
|    ep_len_mean     | 55.1     |
|    ep_rew_mean     | -29.3    |
| time/              |          |
|    episodes        | 4904     |
|    fps             | 19       |
|    time_elapsed    | 13307    |
|    total_timesteps | 257280   |
| train/             |          |
|    actor_loss      | 0.278    |
|    critic_loss     | 0.26     |
|    ent_coef        | 0.00358  |
|    ent_coef_loss   | -0.271   |
|    learning_rate   | 0.0003   |
|    n_updates       | 247270   |
---------------------------------
---------------------------------
| rollout/           |          |
|    ep_len_mean     | 55       |
|    ep_rew_mean     | -26.3    |
| time/              |          |
|    episodes        | 4908     |
|    fps             | 19       |
|    time_elapsed    | 13315    |
|    total_timesteps | 257440   |
| train/             |          |
|    actor_loss      | 0.285    |
|    critic_loss     | 0.274    |
|    ent_coef        | 0.00355  |
|    ent_coef_loss   | -0.0372  |
|    learning_rate   | 0.0003   |
|    n_updates       | 247430   |
---------------------------------
---------------------------------
| rollout/           |          |
|    ep_len_mean     | 55.2     |
|    ep_rew_mean     | -15.7    |
| time/              |          |
|    episodes        | 4912     |
|    fps             | 19       |
|    time_elapsed    | 13327    |
|    total_timesteps | 257690   |
| train/             |          |
|    actor_loss      | 0.22     |
|    critic_loss     | 0.258    |
|    ent_coef        | 0.00355  |
|    ent_coef_loss   | 0.643    |
|    learning_rate   | 0.0003   |
|    n_updates       | 247680   |
---------------------------------
---------------------------------
| rollout/           |          |
|    ep_len_mean     | 54.5     |
|    ep_rew_mean     | -18.2    |
| time/              |          |
|    episodes        | 4916     |
|    fps             | 19       |
|    time_elapsed    | 13337    |
|    total_timesteps | 257910   |
| train/             |          |
|    actor_loss      | 0.252    |
|    critic_loss     | 0.197    |
|    ent_coef        | 0.00359  |
|    ent_coef_loss   | 0.166    |
|    learning_rate   | 0.0003   |
|    n_updates       | 247900   |
---------------------------------
---------------------------------
| rollout/           |          |
|    ep_len_mean     | 54.2     |
|    ep_rew_mean     | -22.7    |
| time/              |          |
|    episodes        | 4920     |
|    fps             | 19       |
|    time_elapsed    | 13342    |
|    total_timesteps | 258000   |
| train/             |          |
|    actor_loss      | 0.2      |
|    critic_loss     | 0.166    |
|    ent_coef        | 0.00361  |
|    ent_coef_loss   | 0.0664   |
|    learning_rate   | 0.0003   |
|    n_updates       | 247990   |
---------------------------------
---------------------------------
| rollout/           |          |
|    ep_len_mean     | 54.5     |
|    ep_rew_mean     | -23.3    |
| time/              |          |
|    episodes        | 4924     |
|    fps             | 19       |
|    time_elapsed    | 13356    |
|    total_timesteps | 258300   |
| train/             |          |
|    actor_loss      | 0.301    |
|    critic_loss     | 0.222    |
|    ent_coef        | 0.00356  |
|    ent_coef_loss   | 0.203    |
|    learning_rate   | 0.0003   |
|    n_updates       | 248290   |
---------------------------------
---------------------------------
| rollout/           |          |
|    ep_len_mean     | 53.5     |
|    ep_rew_mean     | -35      |
| time/              |          |
|    episodes        | 4928     |
|    fps             | 19       |
|    time_elapsed    | 13361    |
|    total_timesteps | 258400   |
| train/             |          |
|    actor_loss      | 0.234    |
|    critic_loss     | 0.18     |
|    ent_coef        | 0.00357  |
|    ent_coef_loss   | 0.157    |
|    learning_rate   | 0.0003   |
|    n_updates       | 248390   |
---------------------------------
---------------------------------
| rollout/           |          |
|    ep_len_mean     | 53       |
|    ep_rew_mean     | -35.3    |
| time/              |          |
|    episodes        | 4932     |
|    fps             | 19       |
|    time_elapsed    | 13371    |
|    total_timesteps | 258600   |
| train/             |          |
|    actor_loss      | 0.217    |
|    critic_loss     | 0.206    |
|    ent_coef        | 0.00359  |
|    ent_coef_loss   | -0.383   |
|    learning_rate   | 0.0003   |
|    n_updates       | 248590   |
---------------------------------
---------------------------------
| rollout/           |          |
|    ep_len_mean     | 54.2     |
|    ep_rew_mean     | -23.7    |
| time/              |          |
|    episodes        | 4936     |
|    fps             | 19       |
|    time_elapsed    | 13387    |
|    total_timesteps | 258930   |
| train/             |          |
|    actor_loss      | 0.295    |
|    critic_loss     | 0.165    |
|    ent_coef        | 0.00352  |
|    ent_coef_loss   | 0.2      |
|    learning_rate   | 0.0003   |
|    n_updates       | 248920   |
---------------------------------
---------------------------------
| rollout/           |          |
|    ep_len_mean     | 54.1     |
|    ep_rew_mean     | -24.5    |
| time/              |          |
|    episodes        | 4940     |
|    fps             | 19       |
|    time_elapsed    | 13395    |
|    total_timesteps | 259070   |
| train/             |          |
|    actor_loss      | 0.313    |
|    critic_loss     | 0.226    |
|    ent_coef        | 0.00356  |
|    ent_coef_loss   | -0.448   |
|    learning_rate   | 0.0003   |
|    n_updates       | 249060   |
---------------------------------
---------------------------------
| rollout/           |          |
|    ep_len_mean     | 53.5     |
|    ep_rew_mean     | -32.4    |
| time/              |          |
|    episodes        | 4944     |
|    fps             | 19       |
|    time_elapsed    | 13404    |
|    total_timesteps | 259270   |
| train/             |          |
|    actor_loss      | 0.264    |
|    critic_loss     | 0.135    |
|    ent_coef        | 0.00354  |
|    ent_coef_loss   | 0.597    |
|    learning_rate   | 0.0003   |
|    n_updates       | 249260   |
---------------------------------
---------------------------------
| rollout/           |          |
|    ep_len_mean     | 53.6     |
|    ep_rew_mean     | -22.7    |
| time/              |          |
|    episodes        | 4948     |
|    fps             | 19       |
|    time_elapsed    | 13416    |
|    total_timesteps | 259510   |
| train/             |          |
|    actor_loss      | 0.269    |
|    critic_loss     | 0.278    |
|    ent_coef        | 0.00368  |
|    ent_coef_loss   | -0.292   |
|    learning_rate   | 0.0003   |
|    n_updates       | 249500   |
---------------------------------
---------------------------------
| rollout/           |          |
|    ep_len_mean     | 53.8     |
|    ep_rew_mean     | -23.4    |
| time/              |          |
|    episodes        | 4952     |
|    fps             | 19       |
|    time_elapsed    | 13431    |
|    total_timesteps | 259810   |
| train/             |          |
|    actor_loss      | 0.267    |
|    critic_loss     | 0.24     |
|    ent_coef        | 0.00354  |
|    ent_coef_loss   | -0.315   |
|    learning_rate   | 0.0003   |
|    n_updates       | 249800   |
---------------------------------
---------------------------------
| rollout/           |          |
|    ep_len_mean     | 54.2     |
|    ep_rew_mean     | -20.2    |
| time/              |          |
|    episodes        | 4956     |
|    fps             | 19       |
|    time_elapsed    | 13439    |
|    total_timesteps | 259950   |
| train/             |          |
|    actor_loss      | 0.289    |
|    critic_loss     | 0.257    |
|    ent_coef        | 0.00352  |
|    ent_coef_loss   | 0.323    |
|    learning_rate   | 0.0003   |
|    n_updates       | 249940   |
---------------------------------
---------------------------------
| rollout/           |          |
|    ep_len_mean     | 54.3     |
|    ep_rew_mean     | -14.2    |
| time/              |          |
|    episodes        | 4960     |
|    fps             | 19       |
|    time_elapsed    | 13454    |
|    total_timesteps | 260220   |
| train/             |          |
|    actor_loss      | 0.218    |
|    critic_loss     | 0.206    |
|    ent_coef        | 0.0036   |
|    ent_coef_loss   | 0.341    |
|    learning_rate   | 0.0003   |
|    n_updates       | 250210   |
---------------------------------
---------------------------------
| rollout/           |          |
|    ep_len_mean     | 54.9     |
|    ep_rew_mean     | -6.62    |
| time/              |          |
|    episodes        | 4964     |
|    fps             | 19       |
|    time_elapsed    | 13466    |
|    total_timesteps | 260480   |
| train/             |          |
|    actor_loss      | 0.254    |
|    critic_loss     | 0.15     |
|    ent_coef        | 0.00359  |
|    ent_coef_loss   | 0.541    |
|    learning_rate   | 0.0003   |
|    n_updates       | 250470   |
---------------------------------
---------------------------------
| rollout/           |          |
|    ep_len_mean     | 54.9     |
|    ep_rew_mean     | -6.85    |
| time/              |          |
|    episodes        | 4968     |
|    fps             | 19       |
|    time_elapsed    | 13470    |
|    total_timesteps | 260550   |
| train/             |          |
|    actor_loss      | 0.22     |
|    critic_loss     | 0.11     |
|    ent_coef        | 0.00361  |
|    ent_coef_loss   | -0.361   |
|    learning_rate   | 0.0003   |
|    n_updates       | 250540   |
---------------------------------
---------------------------------
| rollout/           |          |
|    ep_len_mean     | 53.9     |
|    ep_rew_mean     | -14.7    |
| time/              |          |
|    episodes        | 4972     |
|    fps             | 19       |
|    time_elapsed    | 13483    |
|    total_timesteps | 260810   |
| train/             |          |
|    actor_loss      | 0.218    |
|    critic_loss     | 0.124    |
|    ent_coef        | 0.00352  |
|    ent_coef_loss   | -0.299   |
|    learning_rate   | 0.0003   |
|    n_updates       | 250800   |
---------------------------------
---------------------------------
| rollout/           |          |
|    ep_len_mean     | 53.3     |
|    ep_rew_mean     | -19.9    |
| time/              |          |
|    episodes        | 4976     |
|    fps             | 19       |
|    time_elapsed    | 13496    |
|    total_timesteps | 261090   |
| train/             |          |
|    actor_loss      | 0.216    |
|    critic_loss     | 0.261    |
|    ent_coef        | 0.00356  |
|    ent_coef_loss   | 0.225    |
|    learning_rate   | 0.0003   |
|    n_updates       | 251080   |
---------------------------------
---------------------------------
| rollout/           |          |
|    ep_len_mean     | 53.2     |
|    ep_rew_mean     | -19.6    |
| time/              |          |
|    episodes        | 4980     |
|    fps             | 19       |
|    time_elapsed    | 13500    |
|    total_timesteps | 261150   |
| train/             |          |
|    actor_loss      | 0.257    |
|    critic_loss     | 0.218    |
|    ent_coef        | 0.00356  |
|    ent_coef_loss   | 0.0463   |
|    learning_rate   | 0.0003   |
|    n_updates       | 251140   |
---------------------------------
---------------------------------
| rollout/           |          |
|    ep_len_mean     | 53.2     |
|    ep_rew_mean     | -19.9    |
| time/              |          |
|    episodes        | 4984     |
|    fps             | 19       |
|    time_elapsed    | 13515    |
|    total_timesteps | 261430   |
| train/             |          |
|    actor_loss      | 0.338    |
|    critic_loss     | 0.244    |
|    ent_coef        | 0.00364  |
|    ent_coef_loss   | -0.576   |
|    learning_rate   | 0.0003   |
|    n_updates       | 251420   |
---------------------------------
---------------------------------
| rollout/           |          |
|    ep_len_mean     | 53.1     |
|    ep_rew_mean     | -21.3    |
| time/              |          |
|    episodes        | 4988     |
|    fps             | 19       |
|    time_elapsed    | 13530    |
|    total_timesteps | 261730   |
| train/             |          |
|    actor_loss      | 0.215    |
|    critic_loss     | 0.158    |
|    ent_coef        | 0.0036   |
|    ent_coef_loss   | -0.258   |
|    learning_rate   | 0.0003   |
|    n_updates       | 251720   |
---------------------------------
---------------------------------
| rollout/           |          |
|    ep_len_mean     | 52.7     |
|    ep_rew_mean     | -24.7    |
| time/              |          |
|    episodes        | 4992     |
|    fps             | 19       |
|    time_elapsed    | 13535    |
|    total_timesteps | 261820   |
| train/             |          |
|    actor_loss      | 0.218    |
|    critic_loss     | 0.114    |
|    ent_coef        | 0.00358  |
|    ent_coef_loss   | -0.38    |
|    learning_rate   | 0.0003   |
|    n_updates       | 251810   |
---------------------------------
---------------------------------
| rollout/           |          |
|    ep_len_mean     | 52.6     |
|    ep_rew_mean     | -24.2    |
| time/              |          |
|    episodes        | 4996     |
|    fps             | 19       |
|    time_elapsed    | 13549    |
|    total_timesteps | 262020   |
| train/             |          |
|    actor_loss      | 0.286    |
|    critic_loss     | 0.183    |
|    ent_coef        | 0.00358  |
|    ent_coef_loss   | -0.246   |
|    learning_rate   | 0.0003   |
|    n_updates       | 252010   |
---------------------------------
