[FINETUNE] sac_formulation_seed0_bl2_ftfield1 2,100,000 -> 3,000,000 steps, field share 0.8, into sac_formulation_seed0_bl2_ftfield2
[FINETUNE] replay buffer restored (sac_replay_buffer_best.pkl, 100,000 transitions)
[FIELD] building the field evaluation scenarios ...
Logging to C:\Users\hntran\OneDrive - University of Tasmania\Documents\PhD\asv-path-replanning\asv-lidar\static_dynamic_obstacles\runs\tensorboard\sac_formulation_seed0_bl2_ftfield2_0
[ENTROPY] coefficient -> 0.01, target -2.0 -> -1.0 until t=2,300,000
[EVAL] t=2,100,010 supervisor off goal 0.71 collision 0.29 | dev goal 0.94 | field goal 0.54 (NT 0.80 HO 0.36 CRP 0.60 CRS 0.40 OT 0.68 BO 0.32) (230.7 s)
[EVAL] t=2,100,010 supervisor on goal 0.71 collision 0.29 | dev goal 0.94 | field goal 0.54 (NT 0.80 HO 0.36 CRP 0.60 CRS 0.40 OT 0.68 BO 0.32) (225.3 s)
-----------------------------------
| eval_supervisor_off/ |          |
|    collision_rate    | 0.287    |
|    dev/collision     | 0.0583   |
|    dev/goal          | 0.942    |
|    episodes          | 275      |
|    eval_wall_s       | 231      |
|    field/BO/goal     | 0.32     |
|    field/CRP/goal    | 0.6      |
|    field/CRS/goal    | 0.4      |
|    field/HO/goal     | 0.36     |
|    field/NT/goal     | 0.8      |
|    field/OT/goal     | 0.68     |
|    field/collision   | 0.465    |
|    field/goal        | 0.535    |
|    goal_rate         | 0.713    |
|    intervention_rate | 0        |
|    mean_return       | -82.2    |
|    timeout_rate      | 0        |
|    timesteps         | 2100010  |
| eval_supervisor_on/  |          |
|    collision_rate    | 0.287    |
|    dev/collision     | 0.0583   |
|    dev/goal          | 0.942    |
|    episodes          | 275      |
|    eval_wall_s       | 225      |
|    field/BO/goal     | 0.32     |
|    field/CRP/goal    | 0.6      |
|    field/CRS/goal    | 0.4      |
|    field/HO/goal     | 0.36     |
|    field/NT/goal     | 0.8      |
|    field/OT/goal     | 0.68     |
|    field/collision   | 0.465    |
|    field/goal        | 0.535    |
|    goal_rate         | 0.713    |
|    intervention_rate | 0.0145   |
|    mean_return       | -83.9    |
|    timeout_rate      | 0        |
|    timesteps         | 2100010  |
| rollout/             |          |
|    ep_len_mean       | 49.7     |
|    ep_rew_mean       | -68.6    |
| time/                |          |
|    episodes          | 40900    |
|    fps               | 0        |
|    time_elapsed      | 494      |
|    total_timesteps   | 2100450  |
| train/               |          |
|    actor_loss        | 0.589    |
|    critic_loss       | 0.205    |
|    ent_coef          | 0.00906  |
|    ent_coef_loss     | -0.848   |
|    learning_rate     | 0.0003   |
|    n_updates         | 2090430  |
-----------------------------------
---------------------------------
| rollout/           |          |
|    ep_len_mean     | 49.4     |
|    ep_rew_mean     | -74.6    |
| time/              |          |
|    episodes        | 40904    |
|    fps             | 1        |
|    time_elapsed    | 502      |
|    total_timesteps | 2100550  |
| train/             |          |
|    actor_loss      | 0.572    |
|    critic_loss     | 0.132    |
|    ent_coef        | 0.00877  |
|    ent_coef_loss   | -1.36    |
|    learning_rate   | 0.0003   |
|    n_updates       | 2090530  |
---------------------------------
---------------------------------
| rollout/           |          |
|    ep_len_mean     | 50       |
|    ep_rew_mean     | -69.6    |
| time/              |          |
|    episodes        | 40908    |
|    fps             | 1        |
|    time_elapsed    | 518      |
|    total_timesteps | 2100760  |
| train/             |          |
|    actor_loss      | 0.497    |
|    critic_loss     | 0.182    |
|    ent_coef        | 0.00814  |
|    ent_coef_loss   | -1.73    |
|    learning_rate   | 0.0003   |
|    n_updates       | 2090740  |
---------------------------------
---------------------------------
| rollout/           |          |
|    ep_len_mean     | 48.7     |
|    ep_rew_mean     | -79.4    |
| time/              |          |
|    episodes        | 40912    |
|    fps             | 1        |
|    time_elapsed    | 529      |
|    total_timesteps | 2100900  |
| train/             |          |
|    actor_loss      | 0.663    |
|    critic_loss     | 0.199    |
|    ent_coef        | 0.0078   |
|    ent_coef_loss   | -1.02    |
|    learning_rate   | 0.0003   |
|    n_updates       | 2090880  |
---------------------------------
---------------------------------
| rollout/           |          |
|    ep_len_mean     | 48.5     |
|    ep_rew_mean     | -83.6    |
| time/              |          |
|    episodes        | 40916    |
|    fps             | 2        |
|    time_elapsed    | 545      |
|    total_timesteps | 2101120  |
| train/             |          |
|    actor_loss      | 0.647    |
|    critic_loss     | 0.145    |
|    ent_coef        | 0.00752  |
|    ent_coef_loss   | -0.707   |
|    learning_rate   | 0.0003   |
|    n_updates       | 2091100  |
---------------------------------
---------------------------------
| rollout/           |          |
|    ep_len_mean     | 48.5     |
|    ep_rew_mean     | -83.8    |
| time/              |          |
|    episodes        | 40920    |
|    fps             | 2        |
|    time_elapsed    | 554      |
|    total_timesteps | 2101220  |
| train/             |          |
|    actor_loss      | 0.645    |
|    critic_loss     | 0.159    |
|    ent_coef        | 0.00734  |
|    ent_coef_loss   | -0.629   |
|    learning_rate   | 0.0003   |
|    n_updates       | 2091200  |
---------------------------------
---------------------------------
| rollout/           |          |
|    ep_len_mean     | 48       |
|    ep_rew_mean     | -91.7    |
| time/              |          |
|    episodes        | 40924    |
|    fps             | 2        |
|    time_elapsed    | 567      |
|    total_timesteps | 2101360  |
| train/             |          |
|    actor_loss      | 0.62     |
|    critic_loss     | 0.149    |
|    ent_coef        | 0.00714  |
|    ent_coef_loss   | -0.665   |
|    learning_rate   | 0.0003   |
|    n_updates       | 2091340  |
---------------------------------
---------------------------------
| rollout/           |          |
|    ep_len_mean     | 47.6     |
|    ep_rew_mean     | -94.6    |
| time/              |          |
|    episodes        | 40928    |
|    fps             | 2        |
|    time_elapsed    | 581      |
|    total_timesteps | 2101580  |
| train/             |          |
|    actor_loss      | 0.597    |
|    critic_loss     | 0.253    |
|    ent_coef        | 0.00685  |
|    ent_coef_loss   | -0.924   |
|    learning_rate   | 0.0003   |
|    n_updates       | 2091560  |
---------------------------------
---------------------------------
| rollout/           |          |
|    ep_len_mean     | 47.2     |
|    ep_rew_mean     | -87.1    |
| time/              |          |
|    episodes        | 40932    |
|    fps             | 2        |
|    time_elapsed    | 589      |
|    total_timesteps | 2101720  |
| train/             |          |
|    actor_loss      | 0.657    |
|    critic_loss     | 0.187    |
|    ent_coef        | 0.00668  |
|    ent_coef_loss   | -0.304   |
|    learning_rate   | 0.0003   |
|    n_updates       | 2091700  |
---------------------------------
---------------------------------
| rollout/           |          |
|    ep_len_mean     | 46.4     |
|    ep_rew_mean     | -93.6    |
| time/              |          |
|    episodes        | 40936    |
|    fps             | 3        |
|    time_elapsed    | 602      |
|    total_timesteps | 2101820  |
| train/             |          |
|    actor_loss      | 0.635    |
|    critic_loss     | 0.183    |
|    ent_coef        | 0.00655  |
|    ent_coef_loss   | -0.0241  |
|    learning_rate   | 0.0003   |
|    n_updates       | 2091800  |
---------------------------------
---------------------------------
| rollout/           |          |
|    ep_len_mean     | 46       |
|    ep_rew_mean     | -93.2    |
| time/              |          |
|    episodes        | 40940    |
|    fps             | 3        |
|    time_elapsed    | 625      |
|    total_timesteps | 2102060  |
| train/             |          |
|    actor_loss      | 0.646    |
|    critic_loss     | 0.151    |
|    ent_coef        | 0.00635  |
|    ent_coef_loss   | -0.204   |
|    learning_rate   | 0.0003   |
|    n_updates       | 2092040  |
---------------------------------
---------------------------------
| rollout/           |          |
|    ep_len_mean     | 45.3     |
|    ep_rew_mean     | -106     |
| time/              |          |
|    episodes        | 40944    |
|    fps             | 3        |
|    time_elapsed    | 638      |
|    total_timesteps | 2102250  |
| train/             |          |
|    actor_loss      | 0.622    |
|    critic_loss     | 0.15     |
|    ent_coef        | 0.00622  |
|    ent_coef_loss   | -0.659   |
|    learning_rate   | 0.0003   |
|    n_updates       | 2092230  |
---------------------------------
---------------------------------
| rollout/           |          |
|    ep_len_mean     | 45.5     |
|    ep_rew_mean     | -108     |
| time/              |          |
|    episodes        | 40948    |
|    fps             | 3        |
|    time_elapsed    | 653      |
|    total_timesteps | 2102480  |
| train/             |          |
|    actor_loss      | 0.634    |
|    critic_loss     | 0.188    |
|    ent_coef        | 0.006    |
|    ent_coef_loss   | 0.185    |
|    learning_rate   | 0.0003   |
|    n_updates       | 2092460  |
---------------------------------
---------------------------------
| rollout/           |          |
|    ep_len_mean     | 45.6     |
|    ep_rew_mean     | -118     |
| time/              |          |
|    episodes        | 40952    |
|    fps             | 3        |
|    time_elapsed    | 661      |
|    total_timesteps | 2102590  |
| train/             |          |
|    actor_loss      | 0.611    |
|    critic_loss     | 0.125    |
|    ent_coef        | 0.00599  |
|    ent_coef_loss   | 0.3      |
|    learning_rate   | 0.0003   |
|    n_updates       | 2092570  |
---------------------------------
---------------------------------
| rollout/           |          |
|    ep_len_mean     | 45.8     |
|    ep_rew_mean     | -115     |
| time/              |          |
|    episodes        | 40956    |
|    fps             | 4        |
|    time_elapsed    | 681      |
|    total_timesteps | 2102880  |
| train/             |          |
|    actor_loss      | 0.635    |
|    critic_loss     | 0.121    |
|    ent_coef        | 0.00608  |
|    ent_coef_loss   | -0.237   |
|    learning_rate   | 0.0003   |
|    n_updates       | 2092860  |
---------------------------------
---------------------------------
| rollout/           |          |
|    ep_len_mean     | 45.3     |
|    ep_rew_mean     | -129     |
| time/              |          |
|    episodes        | 40960    |
|    fps             | 4        |
|    time_elapsed    | 695      |
|    total_timesteps | 2103040  |
| train/             |          |
|    actor_loss      | 0.621    |
|    critic_loss     | 0.165    |
|    ent_coef        | 0.00602  |
|    ent_coef_loss   | 0.181    |
|    learning_rate   | 0.0003   |
|    n_updates       | 2093020  |
---------------------------------
---------------------------------
| rollout/           |          |
|    ep_len_mean     | 45.7     |
|    ep_rew_mean     | -129     |
| time/              |          |
|    episodes        | 40964    |
|    fps             | 4        |
|    time_elapsed    | 715      |
|    total_timesteps | 2103250  |
| train/             |          |
|    actor_loss      | 0.577    |
|    critic_loss     | 0.178    |
|    ent_coef        | 0.00595  |
|    ent_coef_loss   | -0.318   |
|    learning_rate   | 0.0003   |
|    n_updates       | 2093230  |
---------------------------------
---------------------------------
| rollout/           |          |
|    ep_len_mean     | 45.4     |
|    ep_rew_mean     | -143     |
| time/              |          |
|    episodes        | 40968    |
|    fps             | 4        |
|    time_elapsed    | 729      |
|    total_timesteps | 2103430  |
| train/             |          |
|    actor_loss      | 0.676    |
|    critic_loss     | 0.131    |
|    ent_coef        | 0.00586  |
|    ent_coef_loss   | 0.605    |
|    learning_rate   | 0.0003   |
|    n_updates       | 2093410  |
---------------------------------
---------------------------------
| rollout/           |          |
|    ep_len_mean     | 45.5     |
|    ep_rew_mean     | -143     |
| time/              |          |
|    episodes        | 40972    |
|    fps             | 4        |
|    time_elapsed    | 737      |
|    total_timesteps | 2103540  |
| train/             |          |
|    actor_loss      | 0.617    |
|    critic_loss     | 0.161    |
|    ent_coef        | 0.00585  |
|    ent_coef_loss   | -0.0171  |
|    learning_rate   | 0.0003   |
|    n_updates       | 2093520  |
---------------------------------
---------------------------------
| rollout/           |          |
|    ep_len_mean     | 45.8     |
|    ep_rew_mean     | -143     |
| time/              |          |
|    episodes        | 40976    |
|    fps             | 4        |
|    time_elapsed    | 752      |
|    total_timesteps | 2103720  |
| train/             |          |
|    actor_loss      | 0.583    |
|    critic_loss     | 0.143    |
|    ent_coef        | 0.00585  |
|    ent_coef_loss   | 0.525    |
|    learning_rate   | 0.0003   |
|    n_updates       | 2093700  |
---------------------------------
---------------------------------
| rollout/           |          |
|    ep_len_mean     | 45.6     |
|    ep_rew_mean     | -143     |
| time/              |          |
|    episodes        | 40980    |
|    fps             | 5        |
|    time_elapsed    | 776      |
|    total_timesteps | 2104020  |
| train/             |          |
|    actor_loss      | 0.602    |
|    critic_loss     | 0.23     |
|    ent_coef        | 0.00601  |
|    ent_coef_loss   | 0.249    |
|    learning_rate   | 0.0003   |
|    n_updates       | 2094000  |
---------------------------------
---------------------------------
| rollout/           |          |
|    ep_len_mean     | 45.6     |
|    ep_rew_mean     | -144     |
| time/              |          |
|    episodes        | 40984    |
|    fps             | 5        |
|    time_elapsed    | 781      |
|    total_timesteps | 2104080  |
| train/             |          |
|    actor_loss      | 0.67     |
|    critic_loss     | 0.136    |
|    ent_coef        | 0.00607  |
|    ent_coef_loss   | 0.464    |
|    learning_rate   | 0.0003   |
|    n_updates       | 2094060  |
---------------------------------
---------------------------------
| rollout/           |          |
|    ep_len_mean     | 45.2     |
|    ep_rew_mean     | -144     |
| time/              |          |
|    episodes        | 40988    |
|    fps             | 5        |
|    time_elapsed    | 807      |
|    total_timesteps | 2104340  |
| train/             |          |
|    actor_loss      | 0.749    |
|    critic_loss     | 0.165    |
|    ent_coef        | 0.00618  |
|    ent_coef_loss   | -0.151   |
|    learning_rate   | 0.0003   |
|    n_updates       | 2094320  |
---------------------------------
---------------------------------
| rollout/           |          |
|    ep_len_mean     | 44.5     |
|    ep_rew_mean     | -152     |
| time/              |          |
|    episodes        | 40992    |
|    fps             | 5        |
|    time_elapsed    | 814      |
|    total_timesteps | 2104430  |
| train/             |          |
|    actor_loss      | 0.61     |
|    critic_loss     | 0.139    |
|    ent_coef        | 0.00618  |
|    ent_coef_loss   | 0.635    |
|    learning_rate   | 0.0003   |
|    n_updates       | 2094410  |
---------------------------------
---------------------------------
| rollout/           |          |
|    ep_len_mean     | 43.8     |
|    ep_rew_mean     | -165     |
| time/              |          |
|    episodes        | 40996    |
|    fps             | 5        |
|    time_elapsed    | 826      |
|    total_timesteps | 2104620  |
| train/             |          |
|    actor_loss      | 0.663    |
|    critic_loss     | 0.155    |
|    ent_coef        | 0.00611  |
|    ent_coef_loss   | -0.529   |
|    learning_rate   | 0.0003   |
|    n_updates       | 2094600  |
---------------------------------
---------------------------------
| rollout/           |          |
|    ep_len_mean     | 44.5     |
|    ep_rew_mean     | -153     |
| time/              |          |
|    episodes        | 41000    |
|    fps             | 5        |
|    time_elapsed    | 835      |
|    total_timesteps | 2104760  |
| train/             |          |
|    actor_loss      | 0.644    |
|    critic_loss     | 0.123    |
|    ent_coef        | 0.00612  |
|    ent_coef_loss   | -0.463   |
|    learning_rate   | 0.0003   |
|    n_updates       | 2094740  |
---------------------------------
---------------------------------
| rollout/           |          |
|    ep_len_mean     | 44.7     |
|    ep_rew_mean     | -149     |
| time/              |          |
|    episodes        | 41004    |
|    fps             | 5        |
|    time_elapsed    | 850      |
|    total_timesteps | 2105010  |
| train/             |          |
|    actor_loss      | 0.638    |
|    critic_loss     | 0.218    |
|    ent_coef        | 0.00611  |
|    ent_coef_loss   | 0.357    |
|    learning_rate   | 0.0003   |
|    n_updates       | 2094990  |
---------------------------------
---------------------------------
| rollout/           |          |
|    ep_len_mean     | 43.7     |
|    ep_rew_mean     | -157     |
| time/              |          |
|    episodes        | 41008    |
|    fps             | 6        |
|    time_elapsed    | 861      |
|    total_timesteps | 2105210  |
| train/             |          |
|    actor_loss      | 0.608    |
|    critic_loss     | 0.153    |
|    ent_coef        | 0.00621  |
|    ent_coef_loss   | 0.249    |
|    learning_rate   | 0.0003   |
|    n_updates       | 2095190  |
---------------------------------
---------------------------------
| rollout/           |          |
|    ep_len_mean     | 44.5     |
|    ep_rew_mean     | -147     |
| time/              |          |
|    episodes        | 41012    |
|    fps             | 6        |
|    time_elapsed    | 871      |
|    total_timesteps | 2105310  |
| train/             |          |
|    actor_loss      | 0.666    |
|    critic_loss     | 0.165    |
|    ent_coef        | 0.00626  |
|    ent_coef_loss   | 0.324    |
|    learning_rate   | 0.0003   |
|    n_updates       | 2095290  |
---------------------------------
---------------------------------
| rollout/           |          |
|    ep_len_mean     | 44.5     |
|    ep_rew_mean     | -153     |
| time/              |          |
|    episodes        | 41016    |
|    fps             | 6        |
|    time_elapsed    | 889      |
|    total_timesteps | 2105540  |
| train/             |          |
|    actor_loss      | 0.668    |
|    critic_loss     | 0.163    |
|    ent_coef        | 0.00622  |
|    ent_coef_loss   | 0.0524   |
|    learning_rate   | 0.0003   |
|    n_updates       | 2095520  |
---------------------------------
---------------------------------
| rollout/           |          |
|    ep_len_mean     | 44       |
|    ep_rew_mean     | -158     |
| time/              |          |
|    episodes        | 41020    |
|    fps             | 6        |
|    time_elapsed    | 907      |
|    total_timesteps | 2105800  |
| train/             |          |
|    actor_loss      | 0.618    |
|    critic_loss     | 0.176    |
|    ent_coef        | 0.00615  |
|    ent_coef_loss   | -0.114   |
|    learning_rate   | 0.0003   |
|    n_updates       | 2095780  |
---------------------------------
---------------------------------
| rollout/           |          |
|    ep_len_mean     | 45.5     |
|    ep_rew_mean     | -157     |
| time/              |          |
|    episodes        | 41024    |
|    fps             | 6        |
|    time_elapsed    | 924      |
|    total_timesteps | 2106020  |
| train/             |          |
|    actor_loss      | 0.701    |
|    critic_loss     | 0.13     |
|    ent_coef        | 0.00615  |
|    ent_coef_loss   | 0.123    |
|    learning_rate   | 0.0003   |
|    n_updates       | 2096000  |
---------------------------------
---------------------------------
| rollout/           |          |
|    ep_len_mean     | 46.1     |
|    ep_rew_mean     | -154     |
| time/              |          |
|    episodes        | 41028    |
|    fps             | 6        |
|    time_elapsed    | 951      |
|    total_timesteps | 2106310  |
| train/             |          |
|    actor_loss      | 0.666    |
|    critic_loss     | 0.163    |
|    ent_coef        | 0.00603  |
|    ent_coef_loss   | 0.0457   |
|    learning_rate   | 0.0003   |
|    n_updates       | 2096290  |
---------------------------------
---------------------------------
| rollout/           |          |
|    ep_len_mean     | 46.3     |
|    ep_rew_mean     | -150     |
| time/              |          |
|    episodes        | 41032    |
|    fps             | 6        |
|    time_elapsed    | 962      |
|    total_timesteps | 2106430  |
| train/             |          |
|    actor_loss      | 0.672    |
|    critic_loss     | 0.237    |
|    ent_coef        | 0.00605  |
|    ent_coef_loss   | -0.179   |
|    learning_rate   | 0.0003   |
|    n_updates       | 2096410  |
---------------------------------
---------------------------------
| rollout/           |          |
|    ep_len_mean     | 46.7     |
|    ep_rew_mean     | -143     |
| time/              |          |
|    episodes        | 41036    |
|    fps             | 6        |
|    time_elapsed    | 972      |
|    total_timesteps | 2106520  |
| train/             |          |
|    actor_loss      | 0.646    |
|    critic_loss     | 0.118    |
|    ent_coef        | 0.00607  |
|    ent_coef_loss   | -0.122   |
|    learning_rate   | 0.0003   |
|    n_updates       | 2096500  |
---------------------------------
---------------------------------
| rollout/           |          |
|    ep_len_mean     | 46.9     |
|    ep_rew_mean     | -143     |
| time/              |          |
|    episodes        | 41040    |
|    fps             | 6        |
|    time_elapsed    | 1007     |
|    total_timesteps | 2106850  |
| train/             |          |
|    actor_loss      | 0.633    |
|    critic_loss     | 0.216    |
|    ent_coef        | 0.00614  |
|    ent_coef_loss   | -0.211   |
|    learning_rate   | 0.0003   |
|    n_updates       | 2096830  |
---------------------------------
---------------------------------
| rollout/           |          |
|    ep_len_mean     | 46.7     |
|    ep_rew_mean     | -139     |
| time/              |          |
|    episodes        | 41044    |
|    fps             | 6        |
|    time_elapsed    | 1011     |
|    total_timesteps | 2106900  |
| train/             |          |
|    actor_loss      | 0.665    |
|    critic_loss     | 0.149    |
|    ent_coef        | 0.00616  |
|    ent_coef_loss   | 0.13     |
|    learning_rate   | 0.0003   |
|    n_updates       | 2096880  |
---------------------------------
---------------------------------
| rollout/           |          |
|    ep_len_mean     | 47.1     |
|    ep_rew_mean     | -139     |
| time/              |          |
|    episodes        | 41048    |
|    fps             | 6        |
|    time_elapsed    | 1031     |
|    total_timesteps | 2107100  |
| train/             |          |
|    actor_loss      | 0.696    |
|    critic_loss     | 0.207    |
|    ent_coef        | 0.00615  |
|    ent_coef_loss   | -0.402   |
|    learning_rate   | 0.0003   |
|    n_updates       | 2097080  |
---------------------------------
---------------------------------
| rollout/           |          |
|    ep_len_mean     | 46.8     |
|    ep_rew_mean     | -147     |
| time/              |          |
|    episodes        | 41052    |
|    fps             | 6        |
|    time_elapsed    | 1098     |
|    total_timesteps | 2107410  |
| train/             |          |
|    actor_loss      | 0.686    |
|    critic_loss     | 0.149    |
|    ent_coef        | 0.0058   |
|    ent_coef_loss   | -0.389   |
|    learning_rate   | 0.0003   |
|    n_updates       | 2097390  |
---------------------------------
---------------------------------
| rollout/           |          |
|    ep_len_mean     | 46.6     |
|    ep_rew_mean     | -142     |
| time/              |          |
|    episodes        | 41056    |
|    fps             | 6        |
|    time_elapsed    | 1106     |
|    total_timesteps | 2107470  |
| train/             |          |
|    actor_loss      | 0.696    |
|    critic_loss     | 0.181    |
|    ent_coef        | 0.0058   |
|    ent_coef_loss   | 0.283    |
|    learning_rate   | 0.0003   |
|    n_updates       | 2097450  |
---------------------------------
---------------------------------
| rollout/           |          |
|    ep_len_mean     | 45.9     |
|    ep_rew_mean     | -145     |
| time/              |          |
|    episodes        | 41060    |
|    fps             | 6        |
|    time_elapsed    | 1123     |
|    total_timesteps | 2107610  |
| train/             |          |
|    actor_loss      | 0.667    |
|    critic_loss     | 0.112    |
|    ent_coef        | 0.00591  |
|    ent_coef_loss   | -0.107   |
|    learning_rate   | 0.0003   |
|    n_updates       | 2097590  |
---------------------------------
---------------------------------
| rollout/           |          |
|    ep_len_mean     | 45.8     |
|    ep_rew_mean     | -148     |
| time/              |          |
|    episodes        | 41064    |
|    fps             | 6        |
|    time_elapsed    | 1139     |
|    total_timesteps | 2107760  |
| train/             |          |
|    actor_loss      | 0.685    |
|    critic_loss     | 0.151    |
|    ent_coef        | 0.00597  |
|    ent_coef_loss   | 0.462    |
|    learning_rate   | 0.0003   |
|    n_updates       | 2097740  |
---------------------------------
---------------------------------
| rollout/           |          |
|    ep_len_mean     | 46       |
|    ep_rew_mean     | -145     |
| time/              |          |
|    episodes        | 41068    |
|    fps             | 6        |
|    time_elapsed    | 1183     |
|    total_timesteps | 2108090  |
| train/             |          |
|    actor_loss      | 0.638    |
|    critic_loss     | 0.124    |
|    ent_coef        | 0.0059   |
|    ent_coef_loss   | -0.123   |
|    learning_rate   | 0.0003   |
|    n_updates       | 2098070  |
---------------------------------
---------------------------------
| rollout/           |          |
|    ep_len_mean     | 45.6     |
|    ep_rew_mean     | -148     |
| time/              |          |
|    episodes        | 41072    |
|    fps             | 6        |
|    time_elapsed    | 1186     |
|    total_timesteps | 2108120  |
| train/             |          |
|    actor_loss      | 0.69     |
|    critic_loss     | 0.199    |
|    ent_coef        | 0.00589  |
|    ent_coef_loss   | -0.304   |
|    learning_rate   | 0.0003   |
|    n_updates       | 2098100  |
---------------------------------
---------------------------------
| rollout/           |          |
|    ep_len_mean     | 45.7     |
|    ep_rew_mean     | -151     |
| time/              |          |
|    episodes        | 41076    |
|    fps             | 6        |
|    time_elapsed    | 1194     |
|    total_timesteps | 2108180  |
| train/             |          |
|    actor_loss      | 0.694    |
|    critic_loss     | 0.203    |
|    ent_coef        | 0.00587  |
|    ent_coef_loss   | 0.284    |
|    learning_rate   | 0.0003   |
|    n_updates       | 2098160  |
---------------------------------
---------------------------------
| rollout/           |          |
|    ep_len_mean     | 45       |
|    ep_rew_mean     | -158     |
| time/              |          |
|    episodes        | 41080    |
|    fps             | 6        |
|    time_elapsed    | 1231     |
|    total_timesteps | 2108550  |
| train/             |          |
|    actor_loss      | 0.684    |
|    critic_loss     | 0.167    |
|    ent_coef        | 0.00587  |
|    ent_coef_loss   | -0.115   |
|    learning_rate   | 0.0003   |
|    n_updates       | 2098530  |
---------------------------------
---------------------------------
| rollout/           |          |
|    ep_len_mean     | 45.3     |
|    ep_rew_mean     | -158     |
| time/              |          |
|    episodes        | 41084    |
|    fps             | 6        |
|    time_elapsed    | 1249     |
|    total_timesteps | 2108700  |
| train/             |          |
|    actor_loss      | 0.677    |
|    critic_loss     | 0.158    |
|    ent_coef        | 0.0059   |
|    ent_coef_loss   | 0.0644   |
|    learning_rate   | 0.0003   |
|    n_updates       | 2098680  |
---------------------------------
---------------------------------
| rollout/           |          |
|    ep_len_mean     | 45.4     |
|    ep_rew_mean     | -162     |
| time/              |          |
|    episodes        | 41088    |
|    fps             | 6        |
|    time_elapsed    | 1263     |
|    total_timesteps | 2108810  |
| train/             |          |
|    actor_loss      | 0.734    |
|    critic_loss     | 0.197    |
|    ent_coef        | 0.00591  |
|    ent_coef_loss   | 0.00176  |
|    learning_rate   | 0.0003   |
|    n_updates       | 2098790  |
---------------------------------
---------------------------------
| rollout/           |          |
|    ep_len_mean     | 45.4     |
|    ep_rew_mean     | -156     |
| time/              |          |
|    episodes        | 41092    |
|    fps             | 6        |
|    time_elapsed    | 1276     |
|    total_timesteps | 2108930  |
| train/             |          |
|    actor_loss      | 0.637    |
|    critic_loss     | 0.164    |
|    ent_coef        | 0.00588  |
|    ent_coef_loss   | 0.0557   |
|    learning_rate   | 0.0003   |
|    n_updates       | 2098910  |
---------------------------------
---------------------------------
| rollout/           |          |
|    ep_len_mean     | 45.6     |
|    ep_rew_mean     | -143     |
| time/              |          |
|    episodes        | 41096    |
|    fps             | 7        |
|    time_elapsed    | 1315     |
|    total_timesteps | 2109270  |
| train/             |          |
|    actor_loss      | 0.591    |
|    critic_loss     | 0.117    |
|    ent_coef        | 0.00594  |
|    ent_coef_loss   | 0.0236   |
|    learning_rate   | 0.0003   |
|    n_updates       | 2099250  |
---------------------------------
---------------------------------
| rollout/           |          |
|    ep_len_mean     | 45.7     |
|    ep_rew_mean     | -147     |
| time/              |          |
|    episodes        | 41100    |
|    fps             | 7        |
|    time_elapsed    | 1322     |
|    total_timesteps | 2109320  |
| train/             |          |
|    actor_loss      | 0.666    |
|    critic_loss     | 0.135    |
|    ent_coef        | 0.00596  |
|    ent_coef_loss   | 0.409    |
|    learning_rate   | 0.0003   |
|    n_updates       | 2099300  |
---------------------------------
---------------------------------
| rollout/           |          |
|    ep_len_mean     | 45.2     |
|    ep_rew_mean     | -149     |
| time/              |          |
|    episodes        | 41104    |
|    fps             | 7        |
|    time_elapsed    | 1349     |
|    total_timesteps | 2109510  |
| train/             |          |
|    actor_loss      | 0.598    |
|    critic_loss     | 0.148    |
|    ent_coef        | 0.00598  |
|    ent_coef_loss   | -0.0765  |
|    learning_rate   | 0.0003   |
|    n_updates       | 2099490  |
---------------------------------
---------------------------------
| rollout/           |          |
|    ep_len_mean     | 45.1     |
|    ep_rew_mean     | -149     |
| time/              |          |
|    episodes        | 41108    |
|    fps             | 7        |
|    time_elapsed    | 1374     |
|    total_timesteps | 2109680  |
| train/             |          |
|    actor_loss      | 0.689    |
|    critic_loss     | 0.166    |
|    ent_coef        | 0.00602  |
|    ent_coef_loss   | 0.45     |
|    learning_rate   | 0.0003   |
|    n_updates       | 2099660  |
---------------------------------
---------------------------------
| rollout/           |          |
|    ep_len_mean     | 45.5     |
|    ep_rew_mean     | -154     |
| time/              |          |
|    episodes        | 41112    |
|    fps             | 7        |
|    time_elapsed    | 1403     |
|    total_timesteps | 2109950  |
| train/             |          |
|    actor_loss      | 0.737    |
|    critic_loss     | 0.146    |
|    ent_coef        | 0.00612  |
|    ent_coef_loss   | 0.0864   |
|    learning_rate   | 0.0003   |
|    n_updates       | 2099930  |
---------------------------------
---------------------------------
| rollout/           |          |
|    ep_len_mean     | 45.9     |
|    ep_rew_mean     | -149     |
| time/              |          |
|    episodes        | 41116    |
|    fps             | 7        |
|    time_elapsed    | 1431     |
|    total_timesteps | 2110130  |
| train/             |          |
|    actor_loss      | 0.676    |
|    critic_loss     | 0.144    |
|    ent_coef        | 0.006    |
|    ent_coef_loss   | -0.205   |
|    learning_rate   | 0.0003   |
|    n_updates       | 2100110  |
---------------------------------
---------------------------------
| rollout/           |          |
|    ep_len_mean     | 46.2     |
|    ep_rew_mean     | -144     |
| time/              |          |
|    episodes        | 41120    |
|    fps             | 7        |
|    time_elapsed    | 1453     |
|    total_timesteps | 2110250  |
| train/             |          |
|    actor_loss      | 0.676    |
|    critic_loss     | 0.182    |
|    ent_coef        | 0.00603  |
|    ent_coef_loss   | 0.389    |
|    learning_rate   | 0.0003   |
|    n_updates       | 2100230  |
---------------------------------
---------------------------------
| rollout/           |          |
|    ep_len_mean     | 44.9     |
|    ep_rew_mean     | -142     |
| time/              |          |
|    episodes        | 41124    |
|    fps             | 7        |
|    time_elapsed    | 1479     |
|    total_timesteps | 2110450  |
| train/             |          |
|    actor_loss      | 0.739    |
|    critic_loss     | 0.175    |
|    ent_coef        | 0.00592  |
|    ent_coef_loss   | -0.0729  |
|    learning_rate   | 0.0003   |
|    n_updates       | 2100430  |
---------------------------------
---------------------------------
| rollout/           |          |
|    ep_len_mean     | 44.5     |
|    ep_rew_mean     | -146     |
| time/              |          |
|    episodes        | 41128    |
|    fps             | 7        |
|    time_elapsed    | 1504     |
|    total_timesteps | 2110670  |
| train/             |          |
|    actor_loss      | 0.725    |
|    critic_loss     | 0.19     |
|    ent_coef        | 0.00588  |
|    ent_coef_loss   | 0.177    |
|    learning_rate   | 0.0003   |
|    n_updates       | 2100650  |
---------------------------------
---------------------------------
| rollout/           |          |
|    ep_len_mean     | 44.6     |
|    ep_rew_mean     | -155     |
| time/              |          |
|    episodes        | 41132    |
|    fps             | 7        |
|    time_elapsed    | 1523     |
|    total_timesteps | 2110850  |
| train/             |          |
|    actor_loss      | 0.664    |
|    critic_loss     | 0.203    |
|    ent_coef        | 0.00592  |
|    ent_coef_loss   | 0.203    |
|    learning_rate   | 0.0003   |
|    n_updates       | 2100830  |
---------------------------------
---------------------------------
| rollout/           |          |
|    ep_len_mean     | 44.4     |
|    ep_rew_mean     | -158     |
| time/              |          |
|    episodes        | 41136    |
|    fps             | 7        |
|    time_elapsed    | 1545     |
|    total_timesteps | 2111040  |
| train/             |          |
|    actor_loss      | 0.71     |
|    critic_loss     | 0.218    |
|    ent_coef        | 0.00594  |
|    ent_coef_loss   | -0.48    |
|    learning_rate   | 0.0003   |
|    n_updates       | 2101020  |
---------------------------------
---------------------------------
| rollout/           |          |
|    ep_len_mean     | 44.5     |
|    ep_rew_mean     | -164     |
| time/              |          |
|    episodes        | 41140    |
|    fps             | 7        |
|    time_elapsed    | 1566     |
|    total_timesteps | 2111220  |
| train/             |          |
|    actor_loss      | 0.648    |
|    critic_loss     | 0.18     |
|    ent_coef        | 0.00585  |
|    ent_coef_loss   | -0.0399  |
|    learning_rate   | 0.0003   |
|    n_updates       | 2101200  |
---------------------------------
---------------------------------
| rollout/           |          |
|    ep_len_mean     | 44.8     |
|    ep_rew_mean     | -160     |
| time/              |          |
|    episodes        | 41144    |
|    fps             | 7        |
|    time_elapsed    | 1588     |
|    total_timesteps | 2111360  |
| train/             |          |
|    actor_loss      | 0.694    |
|    critic_loss     | 0.227    |
|    ent_coef        | 0.00583  |
|    ent_coef_loss   | 0.197    |
|    learning_rate   | 0.0003   |
|    n_updates       | 2101340  |
---------------------------------
---------------------------------
| rollout/           |          |
|    ep_len_mean     | 44.7     |
|    ep_rew_mean     | -165     |
| time/              |          |
|    episodes        | 41148    |
|    fps             | 7        |
|    time_elapsed    | 1622     |
|    total_timesteps | 2111650  |
| train/             |          |
|    actor_loss      | 0.708    |
|    critic_loss     | 0.177    |
|    ent_coef        | 0.00595  |
|    ent_coef_loss   | -0.0534  |
|    learning_rate   | 0.0003   |
|    n_updates       | 2101630  |
---------------------------------
---------------------------------
| rollout/           |          |
|    ep_len_mean     | 45.1     |
|    ep_rew_mean     | -152     |
| time/              |          |
|    episodes        | 41152    |
|    fps             | 7        |
|    time_elapsed    | 1641     |
|    total_timesteps | 2111830  |
| train/             |          |
|    actor_loss      | 0.64     |
|    critic_loss     | 0.204    |
|    ent_coef        | 0.00587  |
|    ent_coef_loss   | -0.159   |
|    learning_rate   | 0.0003   |
|    n_updates       | 2101810  |
---------------------------------
---------------------------------
| rollout/           |          |
|    ep_len_mean     | 45.4     |
|    ep_rew_mean     | -159     |
| time/              |          |
|    episodes        | 41156    |
|    fps             | 7        |
|    time_elapsed    | 1671     |
|    total_timesteps | 2112020  |
| train/             |          |
|    actor_loss      | 0.655    |
|    critic_loss     | 0.219    |
|    ent_coef        | 0.00584  |
|    ent_coef_loss   | 0.351    |
|    learning_rate   | 0.0003   |
|    n_updates       | 2102000  |
---------------------------------
---------------------------------
| rollout/           |          |
|    ep_len_mean     | 46       |
|    ep_rew_mean     | -152     |
| time/              |          |
|    episodes        | 41160    |
|    fps             | 7        |
|    time_elapsed    | 1691     |
|    total_timesteps | 2112200  |
| train/             |          |
|    actor_loss      | 0.689    |
|    critic_loss     | 0.165    |
|    ent_coef        | 0.00589  |
|    ent_coef_loss   | -0.206   |
|    learning_rate   | 0.0003   |
|    n_updates       | 2102180  |
---------------------------------
---------------------------------
| rollout/           |          |
|    ep_len_mean     | 45.8     |
|    ep_rew_mean     | -159     |
| time/              |          |
|    episodes        | 41164    |
|    fps             | 7        |
|    time_elapsed    | 1703     |
|    total_timesteps | 2112250  |
| train/             |          |
|    actor_loss      | 0.719    |
|    critic_loss     | 0.155    |
|    ent_coef        | 0.00586  |
|    ent_coef_loss   | -0.35    |
|    learning_rate   | 0.0003   |
|    n_updates       | 2102230  |
---------------------------------
---------------------------------
| rollout/           |          |
|    ep_len_mean     | 45.1     |
|    ep_rew_mean     | -163     |
| time/              |          |
|    episodes        | 41168    |
|    fps             | 7        |
|    time_elapsed    | 1738     |
|    total_timesteps | 2112530  |
| train/             |          |
|    actor_loss      | 0.683    |
|    critic_loss     | 0.165    |
|    ent_coef        | 0.00565  |
|    ent_coef_loss   | 0.295    |
|    learning_rate   | 0.0003   |
|    n_updates       | 2102510  |
---------------------------------
---------------------------------
| rollout/           |          |
|    ep_len_mean     | 46       |
|    ep_rew_mean     | -150     |
| time/              |          |
|    episodes        | 41172    |
|    fps             | 7        |
|    time_elapsed    | 1764     |
|    total_timesteps | 2112730  |
| train/             |          |
|    actor_loss      | 0.675    |
|    critic_loss     | 0.154    |
|    ent_coef        | 0.00566  |
|    ent_coef_loss   | -0.0277  |
|    learning_rate   | 0.0003   |
|    n_updates       | 2102710  |
---------------------------------
---------------------------------
| rollout/           |          |
|    ep_len_mean     | 45.9     |
|    ep_rew_mean     | -149     |
| time/              |          |
|    episodes        | 41176    |
|    fps             | 7        |
|    time_elapsed    | 1807     |
|    total_timesteps | 2113010  |
| train/             |          |
|    actor_loss      | 0.692    |
|    critic_loss     | 0.188    |
|    ent_coef        | 0.00575  |
|    ent_coef_loss   | -0.2     |
|    learning_rate   | 0.0003   |
|    n_updates       | 2102990  |
---------------------------------
---------------------------------
| rollout/           |          |
|    ep_len_mean     | 47       |
|    ep_rew_mean     | -140     |
| time/              |          |
|    episodes        | 41180    |
|    fps             | 7        |
|    time_elapsed    | 1838     |
|    total_timesteps | 2113130  |
| train/             |          |
|    actor_loss      | 0.746    |
|    critic_loss     | 0.123    |
|    ent_coef        | 0.00576  |
|    ent_coef_loss   | 0.299    |
|    learning_rate   | 0.0003   |
|    n_updates       | 2103110  |
---------------------------------
---------------------------------
| rollout/           |          |
|    ep_len_mean     | 46.4     |
|    ep_rew_mean     | -145     |
| time/              |          |
|    episodes        | 41184    |
|    fps             | 7        |
|    time_elapsed    | 1898     |
|    total_timesteps | 2113320  |
| train/             |          |
|    actor_loss      | 0.818    |
|    critic_loss     | 0.245    |
|    ent_coef        | 0.0059   |
|    ent_coef_loss   | 0.399    |
|    learning_rate   | 0.0003   |
|    n_updates       | 2103300  |
---------------------------------
---------------------------------
| rollout/           |          |
|    ep_len_mean     | 46.3     |
|    ep_rew_mean     | -143     |
| time/              |          |
|    episodes        | 41188    |
|    fps             | 6        |
|    time_elapsed    | 1952     |
|    total_timesteps | 2113490  |
| train/             |          |
|    actor_loss      | 0.714    |
|    critic_loss     | 0.149    |
|    ent_coef        | 0.00609  |
|    ent_coef_loss   | 0.13     |
|    learning_rate   | 0.0003   |
|    n_updates       | 2103470  |
---------------------------------
---------------------------------
| rollout/           |          |
|    ep_len_mean     | 46.8     |
|    ep_rew_mean     | -144     |
| time/              |          |
|    episodes        | 41192    |
|    fps             | 6        |
|    time_elapsed    | 1980     |
|    total_timesteps | 2113630  |
| train/             |          |
|    actor_loss      | 0.647    |
|    critic_loss     | 0.167    |
|    ent_coef        | 0.00598  |
|    ent_coef_loss   | -0.386   |
|    learning_rate   | 0.0003   |
|    n_updates       | 2103610  |
---------------------------------
---------------------------------
| rollout/           |          |
|    ep_len_mean     | 46.9     |
|    ep_rew_mean     | -143     |
| time/              |          |
|    episodes        | 41196    |
|    fps             | 6        |
|    time_elapsed    | 2022     |
|    total_timesteps | 2113890  |
| train/             |          |
|    actor_loss      | 0.718    |
|    critic_loss     | 0.189    |
|    ent_coef        | 0.00576  |
|    ent_coef_loss   | 0.317    |
|    learning_rate   | 0.0003   |
|    n_updates       | 2103870  |
---------------------------------
---------------------------------
| rollout/           |          |
|    ep_len_mean     | 47.1     |
|    ep_rew_mean     | -142     |
| time/              |          |
|    episodes        | 41200    |
|    fps             | 6        |
|    time_elapsed    | 2046     |
|    total_timesteps | 2114050  |
| train/             |          |
|    actor_loss      | 0.696    |
|    critic_loss     | 0.152    |
|    ent_coef        | 0.00583  |
|    ent_coef_loss   | 0.364    |
|    learning_rate   | 0.0003   |
|    n_updates       | 2104030  |
---------------------------------
---------------------------------
| rollout/           |          |
|    ep_len_mean     | 47.4     |
|    ep_rew_mean     | -140     |
| time/              |          |
|    episodes        | 41204    |
|    fps             | 6        |
|    time_elapsed    | 2081     |
|    total_timesteps | 2114280  |
| train/             |          |
|    actor_loss      | 0.691    |
|    critic_loss     | 0.16     |
|    ent_coef        | 0.00587  |
|    ent_coef_loss   | 0.223    |
|    learning_rate   | 0.0003   |
|    n_updates       | 2104260  |
---------------------------------
---------------------------------
| rollout/           |          |
|    ep_len_mean     | 47.9     |
|    ep_rew_mean     | -133     |
| time/              |          |
|    episodes        | 41208    |
|    fps             | 6        |
|    time_elapsed    | 2098     |
|    total_timesteps | 2114400  |
| train/             |          |
|    actor_loss      | 0.648    |
|    critic_loss     | 0.141    |
|    ent_coef        | 0.00594  |
|    ent_coef_loss   | -0.217   |
|    learning_rate   | 0.0003   |
|    n_updates       | 2104380  |
---------------------------------
---------------------------------
| rollout/           |          |
|    ep_len_mean     | 46.7     |
|    ep_rew_mean     | -134     |
| time/              |          |
|    episodes        | 41212    |
|    fps             | 6        |
|    time_elapsed    | 2124     |
|    total_timesteps | 2114640  |
| train/             |          |
|    actor_loss      | 0.746    |
|    critic_loss     | 0.15     |
|    ent_coef        | 0.00597  |
|    ent_coef_loss   | 0.222    |
|    learning_rate   | 0.0003   |
|    n_updates       | 2104620  |
---------------------------------
---------------------------------
| rollout/           |          |
|    ep_len_mean     | 47       |
|    ep_rew_mean     | -134     |
| time/              |          |
|    episodes        | 41216    |
|    fps             | 6        |
|    time_elapsed    | 2141     |
|    total_timesteps | 2114810  |
| train/             |          |
|    actor_loss      | 0.671    |
|    critic_loss     | 0.193    |
|    ent_coef        | 0.00596  |
|    ent_coef_loss   | -0.33    |
|    learning_rate   | 0.0003   |
|    n_updates       | 2104790  |
---------------------------------
---------------------------------
| rollout/           |          |
|    ep_len_mean     | 47.4     |
|    ep_rew_mean     | -128     |
| time/              |          |
|    episodes        | 41220    |
|    fps             | 6        |
|    time_elapsed    | 2178     |
|    total_timesteps | 2115090  |
| train/             |          |
|    actor_loss      | 0.725    |
|    critic_loss     | 0.172    |
|    ent_coef        | 0.0059   |
|    ent_coef_loss   | 0.885    |
|    learning_rate   | 0.0003   |
|    n_updates       | 2105070  |
---------------------------------
---------------------------------
| rollout/           |          |
|    ep_len_mean     | 48.2     |
|    ep_rew_mean     | -125     |
| time/              |          |
|    episodes        | 41224    |
|    fps             | 6        |
|    time_elapsed    | 2207     |
|    total_timesteps | 2115300  |
| train/             |          |
|    actor_loss      | 0.66     |
|    critic_loss     | 0.209    |
|    ent_coef        | 0.0061   |
|    ent_coef_loss   | 0.633    |
|    learning_rate   | 0.0003   |
|    n_updates       | 2105280  |
---------------------------------
---------------------------------
| rollout/           |          |
|    ep_len_mean     | 47.9     |
|    ep_rew_mean     | -124     |
| time/              |          |
|    episodes        | 41228    |
|    fps             | 6        |
|    time_elapsed    | 2223     |
|    total_timesteps | 2115420  |
| train/             |          |
|    actor_loss      | 0.643    |
|    critic_loss     | 0.195    |
|    ent_coef        | 0.00617  |
|    ent_coef_loss   | 0.245    |
|    learning_rate   | 0.0003   |
|    n_updates       | 2105400  |
---------------------------------
---------------------------------
| rollout/           |          |
|    ep_len_mean     | 47.2     |
|    ep_rew_mean     | -124     |
| time/              |          |
|    episodes        | 41232    |
|    fps             | 6        |
|    time_elapsed    | 2239     |
|    total_timesteps | 2115560  |
| train/             |          |
|    actor_loss      | 0.677    |
|    critic_loss     | 0.144    |
|    ent_coef        | 0.00619  |
|    ent_coef_loss   | -0.198   |
|    learning_rate   | 0.0003   |
|    n_updates       | 2105540  |
---------------------------------
---------------------------------
| rollout/           |          |
|    ep_len_mean     | 47.4     |
|    ep_rew_mean     | -124     |
| time/              |          |
|    episodes        | 41236    |
|    fps             | 6        |
|    time_elapsed    | 2268     |
|    total_timesteps | 2115790  |
| train/             |          |
|    actor_loss      | 0.71     |
|    critic_loss     | 0.154    |
|    ent_coef        | 0.00601  |
|    ent_coef_loss   | 0.446    |
|    learning_rate   | 0.0003   |
|    n_updates       | 2105770  |
---------------------------------
---------------------------------
| rollout/           |          |
|    ep_len_mean     | 47.8     |
|    ep_rew_mean     | -117     |
| time/              |          |
|    episodes        | 41240    |
|    fps             | 6        |
|    time_elapsed    | 2288     |
|    total_timesteps | 2115970  |
| train/             |          |
|    actor_loss      | 0.702    |
|    critic_loss     | 0.244    |
|    ent_coef        | 0.00596  |
|    ent_coef_loss   | -0.497   |
|    learning_rate   | 0.0003   |
|    n_updates       | 2105950  |
---------------------------------
---------------------------------
| rollout/           |          |
|    ep_len_mean     | 47.6     |
|    ep_rew_mean     | -116     |
| time/              |          |
|    episodes        | 41244    |
|    fps             | 6        |
|    time_elapsed    | 2303     |
|    total_timesteps | 2116120  |
| train/             |          |
|    actor_loss      | 0.746    |
|    critic_loss     | 0.121    |
|    ent_coef        | 0.00585  |
|    ent_coef_loss   | 0.117    |
|    learning_rate   | 0.0003   |
|    n_updates       | 2106100  |
---------------------------------
---------------------------------
| rollout/           |          |
|    ep_len_mean     | 47.6     |
|    ep_rew_mean     | -112     |
| time/              |          |
|    episodes        | 41248    |
|    fps             | 7        |
|    time_elapsed    | 2335     |
|    total_timesteps | 2116420  |
| train/             |          |
|    actor_loss      | 0.687    |
|    critic_loss     | 0.233    |
|    ent_coef        | 0.00586  |
|    ent_coef_loss   | 0.0982   |
|    learning_rate   | 0.0003   |
|    n_updates       | 2106400  |
---------------------------------
---------------------------------
| rollout/           |          |
|    ep_len_mean     | 47.8     |
|    ep_rew_mean     | -108     |
| time/              |          |
|    episodes        | 41252    |
|    fps             | 7        |
|    time_elapsed    | 2364     |
|    total_timesteps | 2116590  |
| train/             |          |
|    actor_loss      | 0.707    |
|    critic_loss     | 0.18     |
|    ent_coef        | 0.00585  |
|    ent_coef_loss   | -0.0541  |
|    learning_rate   | 0.0003   |
|    n_updates       | 2106570  |
---------------------------------
---------------------------------
| rollout/           |          |
|    ep_len_mean     | 47.4     |
|    ep_rew_mean     | -102     |
| time/              |          |
|    episodes        | 41256    |
|    fps             | 7        |
|    time_elapsed    | 2394     |
|    total_timesteps | 2116880  |
| train/             |          |
|    actor_loss      | 0.692    |
|    critic_loss     | 0.178    |
|    ent_coef        | 0.00589  |
|    ent_coef_loss   | -0.965   |
|    learning_rate   | 0.0003   |
|    n_updates       | 2106860  |
---------------------------------
---------------------------------
| rollout/           |          |
|    ep_len_mean     | 47.3     |
|    ep_rew_mean     | -106     |
| time/              |          |
|    episodes        | 41260    |
|    fps             | 7        |
|    time_elapsed    | 2408     |
|    total_timesteps | 2117000  |
| train/             |          |
|    actor_loss      | 0.758    |
|    critic_loss     | 0.288    |
|    ent_coef        | 0.00589  |
|    ent_coef_loss   | 0.147    |
|    learning_rate   | 0.0003   |
|    n_updates       | 2106980  |
---------------------------------
---------------------------------
| rollout/           |          |
|    ep_len_mean     | 48.1     |
|    ep_rew_mean     | -97.2    |
| time/              |          |
|    episodes        | 41264    |
|    fps             | 7        |
|    time_elapsed    | 2425     |
|    total_timesteps | 2117140  |
| train/             |          |
|    actor_loss      | 0.619    |
|    critic_loss     | 0.212    |
|    ent_coef        | 0.00586  |
|    ent_coef_loss   | 0.0573   |
|    learning_rate   | 0.0003   |
|    n_updates       | 2107120  |
---------------------------------
---------------------------------
| rollout/           |          |
|    ep_len_mean     | 49.1     |
|    ep_rew_mean     | -87.2    |
| time/              |          |
|    episodes        | 41268    |
|    fps             | 7        |
|    time_elapsed    | 2475     |
|    total_timesteps | 2117500  |
| train/             |          |
|    actor_loss      | 0.687    |
|    critic_loss     | 0.173    |
|    ent_coef        | 0.00581  |
|    ent_coef_loss   | 0.226    |
|    learning_rate   | 0.0003   |
|    n_updates       | 2107480  |
---------------------------------
---------------------------------
| rollout/           |          |
|    ep_len_mean     | 49.3     |
|    ep_rew_mean     | -87.8    |
| time/              |          |
|    episodes        | 41272    |
|    fps             | 7        |
|    time_elapsed    | 2500     |
|    total_timesteps | 2117670  |
| train/             |          |
|    actor_loss      | 0.674    |
|    critic_loss     | 0.181    |
|    ent_coef        | 0.00582  |
|    ent_coef_loss   | -0.0461  |
|    learning_rate   | 0.0003   |
|    n_updates       | 2107650  |
---------------------------------
---------------------------------
| rollout/           |          |
|    ep_len_mean     | 49.1     |
|    ep_rew_mean     | -92.3    |
| time/              |          |
|    episodes        | 41276    |
|    fps             | 7        |
|    time_elapsed    | 2517     |
|    total_timesteps | 2117760  |
| train/             |          |
|    actor_loss      | 0.612    |
|    critic_loss     | 0.173    |
|    ent_coef        | 0.00583  |
|    ent_coef_loss   | -0.226   |
|    learning_rate   | 0.0003   |
|    n_updates       | 2107740  |
---------------------------------
---------------------------------
| rollout/           |          |
|    ep_len_mean     | 48.6     |
|    ep_rew_mean     | -104     |
| time/              |          |
|    episodes        | 41280    |
|    fps             | 7        |
|    time_elapsed    | 2551     |
|    total_timesteps | 2118010  |
| train/             |          |
|    actor_loss      | 0.706    |
|    critic_loss     | 0.201    |
|    ent_coef        | 0.00564  |
|    ent_coef_loss   | 0.436    |
|    learning_rate   | 0.0003   |
|    n_updates       | 2107990  |
---------------------------------
---------------------------------
| rollout/           |          |
|    ep_len_mean     | 48.6     |
|    ep_rew_mean     | -104     |
| time/              |          |
|    episodes        | 41284    |
|    fps             | 7        |
|    time_elapsed    | 2581     |
|    total_timesteps | 2118220  |
| train/             |          |
|    actor_loss      | 0.793    |
|    critic_loss     | 0.272    |
|    ent_coef        | 0.0058   |
|    ent_coef_loss   | 1.02     |
|    learning_rate   | 0.0003   |
|    n_updates       | 2108200  |
---------------------------------
---------------------------------
| rollout/           |          |
|    ep_len_mean     | 48.7     |
|    ep_rew_mean     | -100     |
| time/              |          |
|    episodes        | 41288    |
|    fps             | 7        |
|    time_elapsed    | 2608     |
|    total_timesteps | 2118340  |
| train/             |          |
|    actor_loss      | 0.73     |
|    critic_loss     | 0.139    |
|    ent_coef        | 0.00594  |
|    ent_coef_loss   | 0.443    |
|    learning_rate   | 0.0003   |
|    n_updates       | 2108320  |
---------------------------------
---------------------------------
| rollout/           |          |
|    ep_len_mean     | 48       |
|    ep_rew_mean     | -103     |
| time/              |          |
|    episodes        | 41292    |
|    fps             | 7        |
|    time_elapsed    | 2633     |
|    total_timesteps | 2118440  |
| train/             |          |
|    actor_loss      | 0.725    |
|    critic_loss     | 0.195    |
|    ent_coef        | 0.00598  |
|    ent_coef_loss   | -0.266   |
|    learning_rate   | 0.0003   |
|    n_updates       | 2108420  |
---------------------------------
---------------------------------
| rollout/           |          |
|    ep_len_mean     | 47.9     |
|    ep_rew_mean     | -111     |
| time/              |          |
|    episodes        | 41296    |
|    fps             | 6        |
|    time_elapsed    | 2670     |
|    total_timesteps | 2118660  |
| train/             |          |
|    actor_loss      | 0.672    |
|    critic_loss     | 0.135    |
|    ent_coef        | 0.00604  |
|    ent_coef_loss   | -0.105   |
|    learning_rate   | 0.0003   |
|    n_updates       | 2108640  |
---------------------------------
---------------------------------
| rollout/           |          |
|    ep_len_mean     | 47.8     |
|    ep_rew_mean     | -113     |
| time/              |          |
|    episodes        | 41300    |
|    fps             | 6        |
|    time_elapsed    | 2699     |
|    total_timesteps | 2118890  |
| train/             |          |
|    actor_loss      | 0.637    |
|    critic_loss     | 0.141    |
|    ent_coef        | 0.00602  |
|    ent_coef_loss   | -0.445   |
|    learning_rate   | 0.0003   |
|    n_updates       | 2108870  |
---------------------------------
---------------------------------
| rollout/           |          |
|    ep_len_mean     | 47.3     |
|    ep_rew_mean     | -115     |
| time/              |          |
|    episodes        | 41304    |
|    fps             | 7        |
|    time_elapsed    | 2725     |
|    total_timesteps | 2119090  |
| train/             |          |
|    actor_loss      | 0.664    |
|    critic_loss     | 0.166    |
|    ent_coef        | 0.00584  |
|    ent_coef_loss   | -0.517   |
|    learning_rate   | 0.0003   |
|    n_updates       | 2109070  |
---------------------------------
---------------------------------
| rollout/           |          |
|    ep_len_mean     | 47.8     |
|    ep_rew_mean     | -119     |
| time/              |          |
|    episodes        | 41308    |
|    fps             | 7        |
|    time_elapsed    | 2743     |
|    total_timesteps | 2119240  |
| train/             |          |
|    actor_loss      | 0.761    |
|    critic_loss     | 0.19     |
|    ent_coef        | 0.00583  |
|    ent_coef_loss   | -0.183   |
|    learning_rate   | 0.0003   |
|    n_updates       | 2109220  |
---------------------------------
---------------------------------
| rollout/           |          |
|    ep_len_mean     | 48.5     |
|    ep_rew_mean     | -116     |
| time/              |          |
|    episodes        | 41312    |
|    fps             | 7        |
|    time_elapsed    | 2772     |
|    total_timesteps | 2119490  |
| train/             |          |
|    actor_loss      | 0.692    |
|    critic_loss     | 0.153    |
|    ent_coef        | 0.00576  |
|    ent_coef_loss   | -0.02    |
|    learning_rate   | 0.0003   |
|    n_updates       | 2109470  |
---------------------------------
---------------------------------
| rollout/           |          |
|    ep_len_mean     | 48.3     |
|    ep_rew_mean     | -111     |
| time/              |          |
|    episodes        | 41316    |
|    fps             | 7        |
|    time_elapsed    | 2795     |
|    total_timesteps | 2119680  |
| train/             |          |
|    actor_loss      | 0.69     |
|    critic_loss     | 0.156    |
|    ent_coef        | 0.00575  |
|    ent_coef_loss   | 0.111    |
|    learning_rate   | 0.0003   |
|    n_updates       | 2109660  |
---------------------------------
---------------------------------
| rollout/           |          |
|    ep_len_mean     | 48.2     |
|    ep_rew_mean     | -110     |
| time/              |          |
|    episodes        | 41320    |
|    fps             | 7        |
|    time_elapsed    | 2817     |
|    total_timesteps | 2119840  |
| train/             |          |
|    actor_loss      | 0.778    |
|    critic_loss     | 0.145    |
|    ent_coef        | 0.00581  |
|    ent_coef_loss   | 0.494    |
|    learning_rate   | 0.0003   |
|    n_updates       | 2109820  |
---------------------------------
---------------------------------
| rollout/           |          |
|    ep_len_mean     | 47.4     |
|    ep_rew_mean     | -121     |
| time/              |          |
|    episodes        | 41324    |
|    fps             | 7        |
|    time_elapsed    | 2837     |
|    total_timesteps | 2119970  |
| train/             |          |
|    actor_loss      | 0.672    |
|    critic_loss     | 0.184    |
|    ent_coef        | 0.00582  |
|    ent_coef_loss   | -0.0325  |
|    learning_rate   | 0.0003   |
|    n_updates       | 2109950  |
---------------------------------
---------------------------------
| rollout/           |          |
|    ep_len_mean     | 47.6     |
|    ep_rew_mean     | -118     |
| time/              |          |
|    episodes        | 41328    |
|    fps             | 7        |
|    time_elapsed    | 2873     |
|    total_timesteps | 2120170  |
| train/             |          |
|    actor_loss      | 0.722    |
|    critic_loss     | 0.148    |
|    ent_coef        | 0.00583  |
|    ent_coef_loss   | -0.0321  |
|    learning_rate   | 0.0003   |
|    n_updates       | 2110150  |
---------------------------------
---------------------------------
| rollout/           |          |
|    ep_len_mean     | 47.6     |
|    ep_rew_mean     | -112     |
| time/              |          |
|    episodes        | 41332    |
|    fps             | 7        |
|    time_elapsed    | 2903     |
|    total_timesteps | 2120420  |
| train/             |          |
|    actor_loss      | 0.641    |
|    critic_loss     | 0.175    |
|    ent_coef        | 0.00584  |
|    ent_coef_loss   | -0.0183  |
|    learning_rate   | 0.0003   |
|    n_updates       | 2110400  |
---------------------------------
---------------------------------
| rollout/           |          |
|    ep_len_mean     | 48.6     |
|    ep_rew_mean     | -110     |
| time/              |          |
|    episodes        | 41336    |
|    fps             | 7        |
|    time_elapsed    | 2932     |
|    total_timesteps | 2120650  |
| train/             |          |
|    actor_loss      | 0.663    |
|    critic_loss     | 0.233    |
|    ent_coef        | 0.00585  |
|    ent_coef_loss   | 0.273    |
|    learning_rate   | 0.0003   |
|    n_updates       | 2110630  |
---------------------------------
---------------------------------
| rollout/           |          |
|    ep_len_mean     | 48.1     |
|    ep_rew_mean     | -118     |
| time/              |          |
|    episodes        | 41340    |
|    fps             | 7        |
|    time_elapsed    | 2954     |
|    total_timesteps | 2120830  |
| train/             |          |
|    actor_loss      | 0.646    |
|    critic_loss     | 0.131    |
|    ent_coef        | 0.00586  |
|    ent_coef_loss   | -0.358   |
|    learning_rate   | 0.0003   |
|    n_updates       | 2110810  |
---------------------------------
---------------------------------
| rollout/           |          |
|    ep_len_mean     | 48.5     |
|    ep_rew_mean     | -113     |
| time/              |          |
|    episodes        | 41344    |
|    fps             | 7        |
|    time_elapsed    | 2982     |
|    total_timesteps | 2121070  |
| train/             |          |
|    actor_loss      | 0.654    |
|    critic_loss     | 0.19     |
|    ent_coef        | 0.00587  |
|    ent_coef_loss   | -0.296   |
|    learning_rate   | 0.0003   |
|    n_updates       | 2111050  |
---------------------------------
---------------------------------
| rollout/           |          |
|    ep_len_mean     | 47.2     |
|    ep_rew_mean     | -125     |
| time/              |          |
|    episodes        | 41348    |
|    fps             | 7        |
|    time_elapsed    | 2993     |
|    total_timesteps | 2121170  |
| train/             |          |
|    actor_loss      | 0.696    |
|    critic_loss     | 0.139    |
|    ent_coef        | 0.00589  |
|    ent_coef_loss   | 0.192    |
|    learning_rate   | 0.0003   |
|    n_updates       | 2111150  |
---------------------------------
---------------------------------
| rollout/           |          |
|    ep_len_mean     | 47.2     |
|    ep_rew_mean     | -135     |
| time/              |          |
|    episodes        | 41352    |
|    fps             | 7        |
|    time_elapsed    | 3027     |
|    total_timesteps | 2121350  |
| train/             |          |
|    actor_loss      | 0.781    |
|    critic_loss     | 0.208    |
|    ent_coef        | 0.00601  |
|    ent_coef_loss   | 0.374    |
|    learning_rate   | 0.0003   |
|    n_updates       | 2111330  |
---------------------------------
---------------------------------
| rollout/           |          |
|    ep_len_mean     | 47.2     |
|    ep_rew_mean     | -136     |
| time/              |          |
|    episodes        | 41356    |
|    fps             | 7        |
|    time_elapsed    | 3040     |
|    total_timesteps | 2121470  |
| train/             |          |
|    actor_loss      | 0.645    |
|    critic_loss     | 0.181    |
|    ent_coef        | 0.00605  |
|    ent_coef_loss   | 0.194    |
|    learning_rate   | 0.0003   |
|    n_updates       | 2111450  |
---------------------------------
---------------------------------
| rollout/           |          |
|    ep_len_mean     | 47       |
|    ep_rew_mean     | -136     |
| time/              |          |
|    episodes        | 41360    |
|    fps             | 7        |
|    time_elapsed    | 3068     |
|    total_timesteps | 2121670  |
| train/             |          |
|    actor_loss      | 0.716    |
|    critic_loss     | 0.149    |
|    ent_coef        | 0.00615  |
|    ent_coef_loss   | -0.0366  |
|    learning_rate   | 0.0003   |
|    n_updates       | 2111650  |
---------------------------------
---------------------------------
| rollout/           |          |
|    ep_len_mean     | 46.5     |
|    ep_rew_mean     | -139     |
| time/              |          |
|    episodes        | 41364    |
|    fps             | 7        |
|    time_elapsed    | 3093     |
|    total_timesteps | 2121900  |
| train/             |          |
|    actor_loss      | 0.754    |
|    critic_loss     | 0.178    |
|    ent_coef        | 0.00618  |
|    ent_coef_loss   | 0.374    |
|    learning_rate   | 0.0003   |
|    n_updates       | 2111880  |
---------------------------------
---------------------------------
| rollout/           |          |
|    ep_len_mean     | 45.9     |
|    ep_rew_mean     | -140     |
| time/              |          |
|    episodes        | 41368    |
|    fps             | 7        |
|    time_elapsed    | 3114     |
|    total_timesteps | 2122030  |
| train/             |          |
|    actor_loss      | 0.674    |
|    critic_loss     | 0.156    |
|    ent_coef        | 0.00624  |
|    ent_coef_loss   | 0.0034   |
|    learning_rate   | 0.0003   |
|    n_updates       | 2112010  |
---------------------------------
---------------------------------
| rollout/           |          |
|    ep_len_mean     | 45.2     |
|    ep_rew_mean     | -152     |
| time/              |          |
|    episodes        | 41372    |
|    fps             | 7        |
|    time_elapsed    | 3143     |
|    total_timesteps | 2122190  |
| train/             |          |
|    actor_loss      | 0.671    |
|    critic_loss     | 0.157    |
|    ent_coef        | 0.00621  |
|    ent_coef_loss   | -0.251   |
|    learning_rate   | 0.0003   |
|    n_updates       | 2112170  |
---------------------------------
---------------------------------
| rollout/           |          |
|    ep_len_mean     | 45       |
|    ep_rew_mean     | -151     |
| time/              |          |
|    episodes        | 41376    |
|    fps             | 7        |
|    time_elapsed    | 3169     |
|    total_timesteps | 2122350  |
| train/             |          |
|    actor_loss      | 0.748    |
|    critic_loss     | 0.209    |
|    ent_coef        | 0.00614  |
|    ent_coef_loss   | -0.429   |
|    learning_rate   | 0.0003   |
|    n_updates       | 2112330  |
---------------------------------
---------------------------------
| rollout/           |          |
|    ep_len_mean     | 45.6     |
|    ep_rew_mean     | -138     |
| time/              |          |
|    episodes        | 41380    |
|    fps             | 7        |
|    time_elapsed    | 3193     |
|    total_timesteps | 2122540  |
| train/             |          |
|    actor_loss      | 0.773    |
|    critic_loss     | 0.172    |
|    ent_coef        | 0.006    |
|    ent_coef_loss   | -0.0576  |
|    learning_rate   | 0.0003   |
|    n_updates       | 2112520  |
---------------------------------
---------------------------------
| rollout/           |          |
|    ep_len_mean     | 45.1     |
|    ep_rew_mean     | -141     |
| time/              |          |
|    episodes        | 41384    |
|    fps             | 7        |
|    time_elapsed    | 3200     |
|    total_timesteps | 2122620  |
| train/             |          |
|    actor_loss      | 0.655    |
|    critic_loss     | 0.177    |
|    ent_coef        | 0.006    |
|    ent_coef_loss   | 0.198    |
|    learning_rate   | 0.0003   |
|    n_updates       | 2112600  |
---------------------------------
---------------------------------
| rollout/           |          |
|    ep_len_mean     | 44.5     |
|    ep_rew_mean     | -149     |
| time/              |          |
|    episodes        | 41388    |
|    fps             | 7        |
|    time_elapsed    | 3222     |
|    total_timesteps | 2122850  |
| train/             |          |
|    actor_loss      | 0.752    |
|    critic_loss     | 0.18     |
|    ent_coef        | 0.00609  |
|    ent_coef_loss   | 0.767    |
|    learning_rate   | 0.0003   |
|    n_updates       | 2112830  |
---------------------------------
---------------------------------
| rollout/           |          |
|    ep_len_mean     | 45.5     |
|    ep_rew_mean     | -145     |
| time/              |          |
|    episodes        | 41392    |
|    fps             | 7        |
|    time_elapsed    | 3242     |
|    total_timesteps | 2123060  |
| train/             |          |
|    actor_loss      | 0.759    |
|    critic_loss     | 0.204    |
|    ent_coef        | 0.00618  |
|    ent_coef_loss   | 0.412    |
|    learning_rate   | 0.0003   |
|    n_updates       | 2113040  |
---------------------------------
---------------------------------
| rollout/           |          |
|    ep_len_mean     | 45.1     |
|    ep_rew_mean     | -142     |
| time/              |          |
|    episodes        | 41396    |
|    fps             | 7        |
|    time_elapsed    | 3256     |
|    total_timesteps | 2123190  |
| train/             |          |
|    actor_loss      | 0.708    |
|    critic_loss     | 0.185    |
|    ent_coef        | 0.00624  |
|    ent_coef_loss   | -0.157   |
|    learning_rate   | 0.0003   |
|    n_updates       | 2113170  |
---------------------------------
---------------------------------
| rollout/           |          |
|    ep_len_mean     | 45       |
|    ep_rew_mean     | -142     |
| time/              |          |
|    episodes        | 41400    |
|    fps             | 7        |
|    time_elapsed    | 3278     |
|    total_timesteps | 2123310  |
| train/             |          |
|    actor_loss      | 0.714    |
|    critic_loss     | 0.113    |
|    ent_coef        | 0.0062   |
|    ent_coef_loss   | 0.213    |
|    learning_rate   | 0.0003   |
|    n_updates       | 2113290  |
---------------------------------
---------------------------------
| rollout/           |          |
|    ep_len_mean     | 45       |
|    ep_rew_mean     | -143     |
| time/              |          |
|    episodes        | 41404    |
|    fps             | 7        |
|    time_elapsed    | 3298     |
|    total_timesteps | 2123490  |
| train/             |          |
|    actor_loss      | 0.718    |
|    critic_loss     | 0.184    |
|    ent_coef        | 0.00617  |
|    ent_coef_loss   | -0.265   |
|    learning_rate   | 0.0003   |
|    n_updates       | 2113470  |
---------------------------------
---------------------------------
| rollout/           |          |
|    ep_len_mean     | 44.2     |
|    ep_rew_mean     | -146     |
| time/              |          |
|    episodes        | 41408    |
|    fps             | 7        |
|    time_elapsed    | 3319     |
|    total_timesteps | 2123670  |
| train/             |          |
|    actor_loss      | 0.676    |
|    critic_loss     | 0.167    |
|    ent_coef        | 0.00612  |
|    ent_coef_loss   | -0.5     |
|    learning_rate   | 0.0003   |
|    n_updates       | 2113650  |
---------------------------------
---------------------------------
| rollout/           |          |
|    ep_len_mean     | 44.2     |
|    ep_rew_mean     | -150     |
| time/              |          |
|    episodes        | 41412    |
|    fps             | 7        |
|    time_elapsed    | 3338     |
|    total_timesteps | 2123790  |
| train/             |          |
|    actor_loss      | 0.826    |
|    critic_loss     | 0.146    |
|    ent_coef        | 0.00599  |
|    ent_coef_loss   | 0.137    |
|    learning_rate   | 0.0003   |
|    n_updates       | 2113770  |
---------------------------------
---------------------------------
| rollout/           |          |
|    ep_len_mean     | 44.3     |
|    ep_rew_mean     | -147     |
| time/              |          |
|    episodes        | 41416    |
|    fps             | 7        |
|    time_elapsed    | 3402     |
|    total_timesteps | 2124160  |
| train/             |          |
|    actor_loss      | 0.715    |
|    critic_loss     | 0.149    |
|    ent_coef        | 0.00607  |
|    ent_coef_loss   | 0.144    |
|    learning_rate   | 0.0003   |
|    n_updates       | 2114140  |
---------------------------------
---------------------------------
| rollout/           |          |
|    ep_len_mean     | 43.9     |
|    ep_rew_mean     | -148     |
| time/              |          |
|    episodes        | 41420    |
|    fps             | 7        |
|    time_elapsed    | 3462     |
|    total_timesteps | 2124350  |
| train/             |          |
|    actor_loss      | 0.709    |
|    critic_loss     | 0.115    |
|    ent_coef        | 0.00601  |
|    ent_coef_loss   | -0.285   |
|    learning_rate   | 0.0003   |
|    n_updates       | 2114330  |
---------------------------------
---------------------------------
| rollout/           |          |
|    ep_len_mean     | 44.7     |
|    ep_rew_mean     | -145     |
| time/              |          |
|    episodes        | 41424    |
|    fps             | 7        |
|    time_elapsed    | 3476     |
|    total_timesteps | 2124400  |
| train/             |          |
|    actor_loss      | 0.744    |
|    critic_loss     | 0.187    |
|    ent_coef        | 0.00604  |
|    ent_coef_loss   | 0.721    |
|    learning_rate   | 0.0003   |
|    n_updates       | 2114380  |
---------------------------------
---------------------------------
| rollout/           |          |
|    ep_len_mean     | 44.6     |
|    ep_rew_mean     | -149     |
| time/              |          |
|    episodes        | 41428    |
|    fps             | 6        |
|    time_elapsed    | 3530     |
|    total_timesteps | 2124650  |
| train/             |          |
|    actor_loss      | 0.632    |
|    critic_loss     | 0.188    |
|    ent_coef        | 0.00612  |
|    ent_coef_loss   | 0.172    |
|    learning_rate   | 0.0003   |
|    n_updates       | 2114630  |
---------------------------------
---------------------------------
| rollout/           |          |
|    ep_len_mean     | 44.1     |
|    ep_rew_mean     | -152     |
| time/              |          |
|    episodes        | 41432    |
|    fps             | 6        |
|    time_elapsed    | 3566     |
|    total_timesteps | 2124870  |
| train/             |          |
|    actor_loss      | 0.743    |
|    critic_loss     | 0.256    |
|    ent_coef        | 0.00623  |
|    ent_coef_loss   | 0.249    |
|    learning_rate   | 0.0003   |
|    n_updates       | 2114850  |
---------------------------------
---------------------------------
| rollout/           |          |
|    ep_len_mean     | 43.6     |
|    ep_rew_mean     | -156     |
| time/              |          |
|    episodes        | 41436    |
|    fps             | 6        |
|    time_elapsed    | 3583     |
|    total_timesteps | 2124950  |
| train/             |          |
|    actor_loss      | 0.696    |
|    critic_loss     | 0.137    |
|    ent_coef        | 0.00622  |
|    ent_coef_loss   | -0.317   |
|    learning_rate   | 0.0003   |
|    n_updates       | 2114930  |
---------------------------------
---------------------------------
| rollout/           |          |
|    ep_len_mean     | 43.5     |
|    ep_rew_mean     | -155     |
| time/              |          |
|    episodes        | 41440    |
|    fps             | 6        |
|    time_elapsed    | 3622     |
|    total_timesteps | 2125140  |
| train/             |          |
|    actor_loss      | 0.725    |
|    critic_loss     | 0.188    |
|    ent_coef        | 0.00603  |
|    ent_coef_loss   | -0.183   |
|    learning_rate   | 0.0003   |
|    n_updates       | 2115120  |
---------------------------------
---------------------------------
| rollout/           |          |
|    ep_len_mean     | 43       |
|    ep_rew_mean     | -159     |
| time/              |          |
|    episodes        | 41444    |
|    fps             | 6        |
|    time_elapsed    | 3634     |
|    total_timesteps | 2125220  |
| train/             |          |
|    actor_loss      | 0.766    |
|    critic_loss     | 0.194    |
|    ent_coef        | 0.006    |
|    ent_coef_loss   | -0.165   |
|    learning_rate   | 0.0003   |
|    n_updates       | 2115200  |
---------------------------------
---------------------------------
| rollout/           |          |
|    ep_len_mean     | 43.8     |
|    ep_rew_mean     | -152     |
| time/              |          |
|    episodes        | 41448    |
|    fps             | 6        |
|    time_elapsed    | 3662     |
|    total_timesteps | 2125450  |
| train/             |          |
|    actor_loss      | 0.742    |
|    critic_loss     | 0.149    |
|    ent_coef        | 0.00598  |
|    ent_coef_loss   | -0.226   |
|    learning_rate   | 0.0003   |
|    n_updates       | 2115430  |
---------------------------------
---------------------------------
| rollout/           |          |
|    ep_len_mean     | 43       |
|    ep_rew_mean     | -149     |
| time/              |          |
|    episodes        | 41452    |
|    fps             | 6        |
|    time_elapsed    | 3679     |
|    total_timesteps | 2125590  |
| train/             |          |
|    actor_loss      | 0.725    |
|    critic_loss     | 0.179    |
|    ent_coef        | 0.00601  |
|    ent_coef_loss   | 0.00202  |
|    learning_rate   | 0.0003   |
|    n_updates       | 2115570  |
---------------------------------
---------------------------------
| rollout/           |          |
|    ep_len_mean     | 42.8     |
|    ep_rew_mean     | -148     |
| time/              |          |
|    episodes        | 41456    |
|    fps             | 6        |
|    time_elapsed    | 3698     |
|    total_timesteps | 2125750  |
| train/             |          |
|    actor_loss      | 0.727    |
|    critic_loss     | 0.141    |
|    ent_coef        | 0.00603  |
|    ent_coef_loss   | 0.139    |
|    learning_rate   | 0.0003   |
|    n_updates       | 2115730  |
---------------------------------
---------------------------------
| rollout/           |          |
|    ep_len_mean     | 42.9     |
|    ep_rew_mean     | -148     |
| time/              |          |
|    episodes        | 41460    |
|    fps             | 6        |
|    time_elapsed    | 3721     |
|    total_timesteps | 2125980  |
| train/             |          |
|    actor_loss      | 0.756    |
|    critic_loss     | 0.139    |
|    ent_coef        | 0.00606  |
|    ent_coef_loss   | -0.172   |
|    learning_rate   | 0.0003   |
|    n_updates       | 2115960  |
---------------------------------
---------------------------------
| rollout/           |          |
|    ep_len_mean     | 42.9     |
|    ep_rew_mean     | -143     |
| time/              |          |
|    episodes        | 41464    |
|    fps             | 6        |
|    time_elapsed    | 3748     |
|    total_timesteps | 2126160  |
| train/             |          |
|    actor_loss      | 0.775    |
|    critic_loss     | 0.202    |
|    ent_coef        | 0.00601  |
|    ent_coef_loss   | 0.352    |
|    learning_rate   | 0.0003   |
|    n_updates       | 2116140  |
---------------------------------
---------------------------------
| rollout/           |          |
|    ep_len_mean     | 42.8     |
|    ep_rew_mean     | -148     |
| time/              |          |
|    episodes        | 41468    |
|    fps             | 6        |
|    time_elapsed    | 3770     |
|    total_timesteps | 2126340  |
| train/             |          |
|    actor_loss      | 0.757    |
|    critic_loss     | 0.231    |
|    ent_coef        | 0.0059   |
|    ent_coef_loss   | 0.204    |
|    learning_rate   | 0.0003   |
|    n_updates       | 2116320  |
---------------------------------
---------------------------------
| rollout/           |          |
|    ep_len_mean     | 42.7     |
|    ep_rew_mean     | -146     |
| time/              |          |
|    episodes        | 41472    |
|    fps             | 6        |
|    time_elapsed    | 3792     |
|    total_timesteps | 2126520  |
| train/             |          |
|    actor_loss      | 0.665    |
|    critic_loss     | 0.232    |
|    ent_coef        | 0.00593  |
|    ent_coef_loss   | -0.516   |
|    learning_rate   | 0.0003   |
|    n_updates       | 2116500  |
---------------------------------
---------------------------------
| rollout/           |          |
|    ep_len_mean     | 43.2     |
|    ep_rew_mean     | -138     |
| time/              |          |
|    episodes        | 41476    |
|    fps             | 7        |
|    time_elapsed    | 3806     |
|    total_timesteps | 2126650  |
| train/             |          |
|    actor_loss      | 0.603    |
|    critic_loss     | 0.116    |
|    ent_coef        | 0.00593  |
|    ent_coef_loss   | 0.291    |
|    learning_rate   | 0.0003   |
|    n_updates       | 2116630  |
---------------------------------
---------------------------------
| rollout/           |          |
|    ep_len_mean     | 42.6     |
|    ep_rew_mean     | -147     |
| time/              |          |
|    episodes        | 41480    |
|    fps             | 7        |
|    time_elapsed    | 3827     |
|    total_timesteps | 2126810  |
| train/             |          |
|    actor_loss      | 0.744    |
|    critic_loss     | 0.156    |
|    ent_coef        | 0.00605  |
|    ent_coef_loss   | 0.152    |
|    learning_rate   | 0.0003   |
|    n_updates       | 2116790  |
---------------------------------
---------------------------------
| rollout/           |          |
|    ep_len_mean     | 43.1     |
|    ep_rew_mean     | -153     |
| time/              |          |
|    episodes        | 41484    |
|    fps             | 7        |
|    time_elapsed    | 3845     |
|    total_timesteps | 2126990  |
| train/             |          |
|    actor_loss      | 0.713    |
|    critic_loss     | 0.231    |
|    ent_coef        | 0.00606  |
|    ent_coef_loss   | 0.226    |
|    learning_rate   | 0.0003   |
|    n_updates       | 2116970  |
---------------------------------
---------------------------------
| rollout/           |          |
|    ep_len_mean     | 44       |
|    ep_rew_mean     | -141     |
| time/              |          |
|    episodes        | 41488    |
|    fps             | 7        |
|    time_elapsed    | 3873     |
|    total_timesteps | 2127240  |
| train/             |          |
|    actor_loss      | 0.785    |
|    critic_loss     | 0.215    |
|    ent_coef        | 0.00615  |
|    ent_coef_loss   | 0.069    |
|    learning_rate   | 0.0003   |
|    n_updates       | 2117220  |
---------------------------------
---------------------------------
| rollout/           |          |
|    ep_len_mean     | 43.5     |
|    ep_rew_mean     | -142     |
| time/              |          |
|    episodes        | 41492    |
|    fps             | 7        |
|    time_elapsed    | 3885     |
|    total_timesteps | 2127350  |
| train/             |          |
|    actor_loss      | 0.703    |
|    critic_loss     | 0.155    |
|    ent_coef        | 0.00614  |
|    ent_coef_loss   | 0.0858   |
|    learning_rate   | 0.0003   |
|    n_updates       | 2117330  |
---------------------------------
---------------------------------
| rollout/           |          |
|    ep_len_mean     | 44.3     |
|    ep_rew_mean     | -139     |
| time/              |          |
|    episodes        | 41496    |
|    fps             | 7        |
|    time_elapsed    | 3925     |
|    total_timesteps | 2127680  |
| train/             |          |
|    actor_loss      | 0.721    |
|    critic_loss     | 0.183    |
|    ent_coef        | 0.00617  |
|    ent_coef_loss   | -0.401   |
|    learning_rate   | 0.0003   |
|    n_updates       | 2117660  |
---------------------------------
---------------------------------
| rollout/           |          |
|    ep_len_mean     | 45       |
|    ep_rew_mean     | -130     |
| time/              |          |
|    episodes        | 41500    |
|    fps             | 7        |
|    time_elapsed    | 3948     |
|    total_timesteps | 2127890  |
| train/             |          |
|    actor_loss      | 0.656    |
|    critic_loss     | 0.128    |
|    ent_coef        | 0.00605  |
|    ent_coef_loss   | -0.0526  |
|    learning_rate   | 0.0003   |
|    n_updates       | 2117870  |
---------------------------------
---------------------------------
| rollout/           |          |
|    ep_len_mean     | 45.5     |
|    ep_rew_mean     | -130     |
| time/              |          |
|    episodes        | 41504    |
|    fps             | 7        |
|    time_elapsed    | 3959     |
|    total_timesteps | 2128020  |
| train/             |          |
|    actor_loss      | 0.724    |
|    critic_loss     | 0.216    |
|    ent_coef        | 0.00601  |
|    ent_coef_loss   | -0.0206  |
|    learning_rate   | 0.0003   |
|    n_updates       | 2118000  |
---------------------------------
---------------------------------
| rollout/           |          |
|    ep_len_mean     | 45.2     |
|    ep_rew_mean     | -125     |
| time/              |          |
|    episodes        | 41508    |
|    fps             | 7        |
|    time_elapsed    | 3975     |
|    total_timesteps | 2128210  |
| train/             |          |
|    actor_loss      | 0.72     |
|    critic_loss     | 0.16     |
|    ent_coef        | 0.00604  |
|    ent_coef_loss   | 0.167    |
|    learning_rate   | 0.0003   |
|    n_updates       | 2118190  |
---------------------------------
---------------------------------
| rollout/           |          |
|    ep_len_mean     | 45.5     |
|    ep_rew_mean     | -125     |
| time/              |          |
|    episodes        | 41512    |
|    fps             | 7        |
|    time_elapsed    | 3990     |
|    total_timesteps | 2128420  |
| train/             |          |
|    actor_loss      | 0.726    |
|    critic_loss     | 0.237    |
|    ent_coef        | 0.00605  |
|    ent_coef_loss   | -0.0622  |
|    learning_rate   | 0.0003   |
|    n_updates       | 2118400  |
---------------------------------
---------------------------------
| rollout/           |          |
|    ep_len_mean     | 45.5     |
|    ep_rew_mean     | -125     |
| time/              |          |
|    episodes        | 41516    |
|    fps             | 7        |
|    time_elapsed    | 3999     |
|    total_timesteps | 2128540  |
| train/             |          |
|    actor_loss      | 0.666    |
|    critic_loss     | 0.137    |
|    ent_coef        | 0.00596  |
|    ent_coef_loss   | -0.309   |
|    learning_rate   | 0.0003   |
|    n_updates       | 2118520  |
---------------------------------
---------------------------------
| rollout/           |          |
|    ep_len_mean     | 45.3     |
|    ep_rew_mean     | -121     |
| time/              |          |
|    episodes        | 41520    |
|    fps             | 7        |
|    time_elapsed    | 4025     |
|    total_timesteps | 2128950  |
| train/             |          |
|    actor_loss      | 0.695    |
|    critic_loss     | 0.189    |
|    ent_coef        | 0.0058   |
|    ent_coef_loss   | -0.0306  |
|    learning_rate   | 0.0003   |
|    n_updates       | 2118930  |
---------------------------------
---------------------------------
| rollout/           |          |
|    ep_len_mean     | 45.7     |
|    ep_rew_mean     | -113     |
| time/              |          |
|    episodes        | 41524    |
|    fps             | 7        |
|    time_elapsed    | 4032     |
|    total_timesteps | 2129060  |
| train/             |          |
|    actor_loss      | 0.771    |
|    critic_loss     | 0.225    |
|    ent_coef        | 0.00578  |
|    ent_coef_loss   | 0.311    |
|    learning_rate   | 0.0003   |
|    n_updates       | 2119040  |
---------------------------------
---------------------------------
| rollout/           |          |
|    ep_len_mean     | 46.3     |
|    ep_rew_mean     | -110     |
| time/              |          |
|    episodes        | 41528    |
|    fps             | 7        |
|    time_elapsed    | 4040     |
|    total_timesteps | 2129180  |
| train/             |          |
|    actor_loss      | 0.716    |
|    critic_loss     | 0.203    |
|    ent_coef        | 0.00589  |
|    ent_coef_loss   | 0.153    |
|    learning_rate   | 0.0003   |
|    n_updates       | 2119160  |
---------------------------------
---------------------------------
| rollout/           |          |
|    ep_len_mean     | 46.6     |
|    ep_rew_mean     | -102     |
| time/              |          |
|    episodes        | 41532    |
|    fps             | 7        |
|    time_elapsed    | 4061     |
|    total_timesteps | 2129490  |
| train/             |          |
|    actor_loss      | 0.751    |
|    critic_loss     | 0.161    |
|    ent_coef        | 0.00588  |
|    ent_coef_loss   | 0.0947   |
|    learning_rate   | 0.0003   |
|    n_updates       | 2119470  |
---------------------------------
---------------------------------
| rollout/           |          |
|    ep_len_mean     | 45.7     |
|    ep_rew_mean     | -113     |
| time/              |          |
|    episodes        | 41536    |
|    fps             | 7        |
|    time_elapsed    | 4074     |
|    total_timesteps | 2129580  |
| train/             |          |
|    actor_loss      | 0.814    |
|    critic_loss     | 0.217    |
|    ent_coef        | 0.00589  |
|    ent_coef_loss   | 0.433    |
|    learning_rate   | 0.0003   |
|    n_updates       | 2119560  |
---------------------------------
---------------------------------
| rollout/           |          |
|    ep_len_mean     | 46.5     |
|    ep_rew_mean     | -105     |
| time/              |          |
|    episodes        | 41540    |
|    fps             | 7        |
|    time_elapsed    | 4088     |
|    total_timesteps | 2129800  |
| train/             |          |
|    actor_loss      | 0.719    |
|    critic_loss     | 0.167    |
|    ent_coef        | 0.00589  |
|    ent_coef_loss   | -0.119   |
|    learning_rate   | 0.0003   |
|    n_updates       | 2119780  |
---------------------------------
---------------------------------
| rollout/           |          |
|    ep_len_mean     | 46.4     |
|    ep_rew_mean     | -109     |
| time/              |          |
|    episodes        | 41544    |
|    fps             | 7        |
|    time_elapsed    | 4099     |
|    total_timesteps | 2129900  |
| train/             |          |
|    actor_loss      | 0.786    |
|    critic_loss     | 0.177    |
|    ent_coef        | 0.0059   |
|    ent_coef_loss   | 0.485    |
|    learning_rate   | 0.0003   |
|    n_updates       | 2119880  |
---------------------------------
---------------------------------
| rollout/           |          |
|    ep_len_mean     | 46.2     |
|    ep_rew_mean     | -111     |
| time/              |          |
|    episodes        | 41548    |
|    fps             | 7        |
|    time_elapsed    | 4113     |
|    total_timesteps | 2130070  |
| train/             |          |
|    actor_loss      | 0.743    |
|    critic_loss     | 0.229    |
|    ent_coef        | 0.0059   |
|    ent_coef_loss   | 0.0313   |
|    learning_rate   | 0.0003   |
|    n_updates       | 2120050  |
---------------------------------
---------------------------------
| rollout/           |          |
|    ep_len_mean     | 46.3     |
|    ep_rew_mean     | -111     |
| time/              |          |
|    episodes        | 41552    |
|    fps             | 7        |
|    time_elapsed    | 4119     |
|    total_timesteps | 2130160  |
| train/             |          |
|    actor_loss      | 0.759    |
|    critic_loss     | 0.158    |
|    ent_coef        | 0.00593  |
|    ent_coef_loss   | 0.522    |
|    learning_rate   | 0.0003   |
|    n_updates       | 2120140  |
---------------------------------
---------------------------------
| rollout/           |          |
|    ep_len_mean     | 45.6     |
|    ep_rew_mean     | -119     |
| time/              |          |
|    episodes        | 41556    |
|    fps             | 7        |
|    time_elapsed    | 4136     |
|    total_timesteps | 2130300  |
| train/             |          |
|    actor_loss      | 0.735    |
|    critic_loss     | 0.143    |
|    ent_coef        | 0.00603  |
|    ent_coef_loss   | -0.0724  |
|    learning_rate   | 0.0003   |
|    n_updates       | 2120280  |
---------------------------------
---------------------------------
| rollout/           |          |
|    ep_len_mean     | 45.1     |
|    ep_rew_mean     | -124     |
| time/              |          |
|    episodes        | 41560    |
|    fps             | 7        |
|    time_elapsed    | 4145     |
|    total_timesteps | 2130410  |
| train/             |          |
|    actor_loss      | 0.733    |
|    critic_loss     | 0.195    |
|    ent_coef        | 0.00603  |
|    ent_coef_loss   | 0.254    |
|    learning_rate   | 0.0003   |
|    n_updates       | 2120390  |
---------------------------------
---------------------------------
| rollout/           |          |
|    ep_len_mean     | 45.2     |
|    ep_rew_mean     | -129     |
| time/              |          |
|    episodes        | 41564    |
|    fps             | 7        |
|    time_elapsed    | 4166     |
|    total_timesteps | 2130710  |
| train/             |          |
|    actor_loss      | 0.782    |
|    critic_loss     | 0.294    |
|    ent_coef        | 0.00586  |
|    ent_coef_loss   | 0.172    |
|    learning_rate   | 0.0003   |
|    n_updates       | 2120690  |
---------------------------------
---------------------------------
| rollout/           |          |
|    ep_len_mean     | 46.3     |
|    ep_rew_mean     | -121     |
| time/              |          |
|    episodes        | 41568    |
|    fps             | 7        |
|    time_elapsed    | 4178     |
|    total_timesteps | 2130880  |
| train/             |          |
|    actor_loss      | 0.69     |
|    critic_loss     | 0.244    |
|    ent_coef        | 0.00579  |
|    ent_coef_loss   | -0.405   |
|    learning_rate   | 0.0003   |
|    n_updates       | 2120860  |
---------------------------------
---------------------------------
| rollout/           |          |
|    ep_len_mean     | 45.8     |
|    ep_rew_mean     | -123     |
| time/              |          |
|    episodes        | 41572    |
|    fps             | 7        |
|    time_elapsed    | 4188     |
|    total_timesteps | 2131010  |
| train/             |          |
|    actor_loss      | 0.727    |
|    critic_loss     | 0.145    |
|    ent_coef        | 0.00581  |
|    ent_coef_loss   | 0.139    |
|    learning_rate   | 0.0003   |
|    n_updates       | 2120990  |
---------------------------------
---------------------------------
| rollout/           |          |
|    ep_len_mean     | 45.7     |
|    ep_rew_mean     | -132     |
| time/              |          |
|    episodes        | 41576    |
|    fps             | 7        |
|    time_elapsed    | 4202     |
|    total_timesteps | 2131250  |
| train/             |          |
|    actor_loss      | 0.777    |
|    critic_loss     | 0.137    |
|    ent_coef        | 0.00586  |
|    ent_coef_loss   | 0.162    |
|    learning_rate   | 0.0003   |
|    n_updates       | 2121230  |
---------------------------------
---------------------------------
| rollout/           |          |
|    ep_len_mean     | 46.1     |
|    ep_rew_mean     | -132     |
| time/              |          |
|    episodes        | 41580    |
|    fps             | 7        |
|    time_elapsed    | 4221     |
|    total_timesteps | 2131460  |
| train/             |          |
|    actor_loss      | 0.711    |
|    critic_loss     | 0.123    |
|    ent_coef        | 0.00605  |
|    ent_coef_loss   | -0.155   |
|    learning_rate   | 0.0003   |
|    n_updates       | 2121440  |
---------------------------------
---------------------------------
| rollout/           |          |
|    ep_len_mean     | 46.5     |
|    ep_rew_mean     | -119     |
| time/              |          |
|    episodes        | 41584    |
|    fps             | 7        |
|    time_elapsed    | 4235     |
|    total_timesteps | 2131620  |
| train/             |          |
|    actor_loss      | 0.751    |
|    critic_loss     | 0.222    |
|    ent_coef        | 0.00602  |
|    ent_coef_loss   | -0.11    |
|    learning_rate   | 0.0003   |
|    n_updates       | 2121600  |
---------------------------------
---------------------------------
| rollout/           |          |
|    ep_len_mean     | 46.3     |
|    ep_rew_mean     | -123     |
| time/              |          |
|    episodes        | 41588    |
|    fps             | 7        |
|    time_elapsed    | 4261     |
|    total_timesteps | 2131910  |
| train/             |          |
|    actor_loss      | 0.82     |
|    critic_loss     | 0.141    |
|    ent_coef        | 0.00605  |
|    ent_coef_loss   | -0.13    |
|    learning_rate   | 0.0003   |
|    n_updates       | 2121890  |
---------------------------------
---------------------------------
| rollout/           |          |
|    ep_len_mean     | 46.8     |
|    ep_rew_mean     | -115     |
| time/              |          |
|    episodes        | 41592    |
|    fps             | 7        |
|    time_elapsed    | 4269     |
|    total_timesteps | 2132030  |
| train/             |          |
|    actor_loss      | 0.759    |
|    critic_loss     | 0.195    |
|    ent_coef        | 0.00593  |
|    ent_coef_loss   | -0.659   |
|    learning_rate   | 0.0003   |
|    n_updates       | 2122010  |
---------------------------------
---------------------------------
| rollout/           |          |
|    ep_len_mean     | 46.7     |
|    ep_rew_mean     | -113     |
| time/              |          |
|    episodes        | 41596    |
|    fps             | 7        |
|    time_elapsed    | 4293     |
|    total_timesteps | 2132390  |
| train/             |          |
|    actor_loss      | 0.753    |
|    critic_loss     | 0.143    |
|    ent_coef        | 0.00609  |
|    ent_coef_loss   | 0.0601   |
|    learning_rate   | 0.0003   |
|    n_updates       | 2122370  |
---------------------------------
---------------------------------
| rollout/           |          |
|    ep_len_mean     | 46.7     |
|    ep_rew_mean     | -116     |
| time/              |          |
|    episodes        | 41600    |
|    fps             | 7        |
|    time_elapsed    | 4306     |
|    total_timesteps | 2132510  |
| train/             |          |
|    actor_loss      | 0.659    |
|    critic_loss     | 0.292    |
|    ent_coef        | 0.00616  |
|    ent_coef_loss   | 0.214    |
|    learning_rate   | 0.0003   |
|    n_updates       | 2122490  |
---------------------------------
---------------------------------
| rollout/           |          |
|    ep_len_mean     | 46.8     |
|    ep_rew_mean     | -115     |
| time/              |          |
|    episodes        | 41604    |
|    fps             | 7        |
|    time_elapsed    | 4326     |
|    total_timesteps | 2132760  |
| train/             |          |
|    actor_loss      | 0.659    |
|    critic_loss     | 0.242    |
|    ent_coef        | 0.00615  |
|    ent_coef_loss   | -0.0592  |
|    learning_rate   | 0.0003   |
|    n_updates       | 2122740  |
---------------------------------
---------------------------------
| rollout/           |          |
|    ep_len_mean     | 47.5     |
|    ep_rew_mean     | -112     |
| time/              |          |
|    episodes        | 41608    |
|    fps             | 7        |
|    time_elapsed    | 4337     |
|    total_timesteps | 2132950  |
| train/             |          |
|    actor_loss      | 0.75     |
|    critic_loss     | 0.153    |
|    ent_coef        | 0.006    |
|    ent_coef_loss   | -0.318   |
|    learning_rate   | 0.0003   |
|    n_updates       | 2122930  |
---------------------------------
---------------------------------
| rollout/           |          |
|    ep_len_mean     | 47.4     |
|    ep_rew_mean     | -113     |
| time/              |          |
|    episodes        | 41612    |
|    fps             | 7        |
|    time_elapsed    | 4355     |
|    total_timesteps | 2133220  |
| train/             |          |
|    actor_loss      | 0.749    |
|    critic_loss     | 0.175    |
|    ent_coef        | 0.00596  |
|    ent_coef_loss   | 0.186    |
|    learning_rate   | 0.0003   |
|    n_updates       | 2123200  |
---------------------------------
---------------------------------
| rollout/           |          |
|    ep_len_mean     | 47.9     |
|    ep_rew_mean     | -128     |
| time/              |          |
|    episodes        | 41616    |
|    fps             | 7        |
|    time_elapsed    | 4379     |
|    total_timesteps | 2133490  |
| train/             |          |
|    actor_loss      | 0.698    |
|    critic_loss     | 0.213    |
|    ent_coef        | 0.00598  |
|    ent_coef_loss   | 0.207    |
|    learning_rate   | 0.0003   |
|    n_updates       | 2123470  |
---------------------------------
---------------------------------
| rollout/           |          |
|    ep_len_mean     | 47.9     |
|    ep_rew_mean     | -132     |
| time/              |          |
|    episodes        | 41620    |
|    fps             | 7        |
|    time_elapsed    | 4391     |
|    total_timesteps | 2133560  |
| train/             |          |
|    actor_loss      | 0.708    |
|    critic_loss     | 0.149    |
|    ent_coef        | 0.00601  |
|    ent_coef_loss   | -0.0507  |
|    learning_rate   | 0.0003   |
|    n_updates       | 2123540  |
---------------------------------
---------------------------------
| rollout/           |          |
|    ep_len_mean     | 47.8     |
|    ep_rew_mean     | -133     |
| time/              |          |
|    episodes        | 41624    |
|    fps             | 7        |
|    time_elapsed    | 4406     |
|    total_timesteps | 2133810  |
| train/             |          |
|    actor_loss      | 0.771    |
|    critic_loss     | 0.206    |
|    ent_coef        | 0.00581  |
|    ent_coef_loss   | -0.313   |
|    learning_rate   | 0.0003   |
|    n_updates       | 2123790  |
---------------------------------
---------------------------------
| rollout/           |          |
|    ep_len_mean     | 47.4     |
|    ep_rew_mean     | -137     |
| time/              |          |
|    episodes        | 41628    |
|    fps             | 7        |
|    time_elapsed    | 4430     |
|    total_timesteps | 2134080  |
| train/             |          |
|    actor_loss      | 0.761    |
|    critic_loss     | 0.128    |
|    ent_coef        | 0.00583  |
|    ent_coef_loss   | 0.018    |
|    learning_rate   | 0.0003   |
|    n_updates       | 2124060  |
---------------------------------
---------------------------------
| rollout/           |          |
|    ep_len_mean     | 47.9     |
|    ep_rew_mean     | -143     |
| time/              |          |
|    episodes        | 41632    |
|    fps             | 7        |
|    time_elapsed    | 4450     |
|    total_timesteps | 2134260  |
| train/             |          |
|    actor_loss      | 0.818    |
|    critic_loss     | 0.162    |
|    ent_coef        | 0.00589  |
|    ent_coef_loss   | 0.156    |
|    learning_rate   | 0.0003   |
|    n_updates       | 2124240  |
---------------------------------
---------------------------------
| rollout/           |          |
|    ep_len_mean     | 48.1     |
|    ep_rew_mean     | -135     |
| time/              |          |
|    episodes        | 41636    |
|    fps             | 7        |
|    time_elapsed    | 4454     |
|    total_timesteps | 2134320  |
| train/             |          |
|    actor_loss      | 0.746    |
|    critic_loss     | 0.258    |
|    ent_coef        | 0.00588  |
|    ent_coef_loss   | -0.014   |
|    learning_rate   | 0.0003   |
|    n_updates       | 2124300  |
---------------------------------
---------------------------------
| rollout/           |          |
|    ep_len_mean     | 47.4     |
|    ep_rew_mean     | -134     |
| time/              |          |
|    episodes        | 41640    |
|    fps             | 7        |
|    time_elapsed    | 4464     |
|    total_timesteps | 2134460  |
| train/             |          |
|    actor_loss      | 0.714    |
|    critic_loss     | 0.141    |
|    ent_coef        | 0.00581  |
|    ent_coef_loss   | 0.000906 |
|    learning_rate   | 0.0003   |
|    n_updates       | 2124440  |
---------------------------------
---------------------------------
| rollout/           |          |
|    ep_len_mean     | 47       |
|    ep_rew_mean     | -138     |
| time/              |          |
|    episodes        | 41644    |
|    fps             | 7        |
|    time_elapsed    | 4472     |
|    total_timesteps | 2134580  |
| train/             |          |
|    actor_loss      | 0.753    |
|    critic_loss     | 0.169    |
|    ent_coef        | 0.00575  |
|    ent_coef_loss   | -0.406   |
|    learning_rate   | 0.0003   |
|    n_updates       | 2124560  |
---------------------------------
---------------------------------
| rollout/           |          |
|    ep_len_mean     | 47.4     |
|    ep_rew_mean     | -134     |
| time/              |          |
|    episodes        | 41648    |
|    fps             | 7        |
|    time_elapsed    | 4497     |
|    total_timesteps | 2134890  |
| train/             |          |
|    actor_loss      | 0.667    |
|    critic_loss     | 0.158    |
|    ent_coef        | 0.00567  |
|    ent_coef_loss   | -0.124   |
|    learning_rate   | 0.0003   |
|    n_updates       | 2124870  |
---------------------------------
---------------------------------
| rollout/           |          |
|    ep_len_mean     | 48.2     |
|    ep_rew_mean     | -141     |
| time/              |          |
|    episodes        | 41652    |
|    fps             | 7        |
|    time_elapsed    | 4520     |
|    total_timesteps | 2135120  |
| train/             |          |
|    actor_loss      | 0.687    |
|    critic_loss     | 0.166    |
|    ent_coef        | 0.00571  |
|    ent_coef_loss   | 0.237    |
|    learning_rate   | 0.0003   |
|    n_updates       | 2125100  |
---------------------------------
---------------------------------
| rollout/           |          |
|    ep_len_mean     | 49       |
|    ep_rew_mean     | -136     |
| time/              |          |
|    episodes        | 41656    |
|    fps             | 7        |
|    time_elapsed    | 4524     |
|    total_timesteps | 2135180  |
| train/             |          |
|    actor_loss      | 0.759    |
|    critic_loss     | 0.208    |
|    ent_coef        | 0.00574  |
|    ent_coef_loss   | 0.243    |
|    learning_rate   | 0.0003   |
|    n_updates       | 2125160  |
---------------------------------
---------------------------------
| rollout/           |          |
|    ep_len_mean     | 48.8     |
|    ep_rew_mean     | -136     |
| time/              |          |
|    episodes        | 41660    |
|    fps             | 7        |
|    time_elapsed    | 4538     |
|    total_timesteps | 2135380  |
| train/             |          |
|    actor_loss      | 0.695    |
|    critic_loss     | 0.209    |
|    ent_coef        | 0.00573  |
|    ent_coef_loss   | 0.0454   |
|    learning_rate   | 0.0003   |
|    n_updates       | 2125360  |
---------------------------------
---------------------------------
| rollout/           |          |
|    ep_len_mean     | 49.1     |
|    ep_rew_mean     | -132     |
| time/              |          |
|    episodes        | 41664    |
|    fps             | 7        |
|    time_elapsed    | 4550     |
|    total_timesteps | 2135560  |
| train/             |          |
|    actor_loss      | 0.785    |
|    critic_loss     | 0.239    |
|    ent_coef        | 0.00576  |
|    ent_coef_loss   | 0.0929   |
|    learning_rate   | 0.0003   |
|    n_updates       | 2125540  |
---------------------------------
---------------------------------
| rollout/           |          |
|    ep_len_mean     | 48.6     |
|    ep_rew_mean     | -136     |
| time/              |          |
|    episodes        | 41668    |
|    fps             | 7        |
|    time_elapsed    | 4559     |
|    total_timesteps | 2135720  |
| train/             |          |
|    actor_loss      | 0.762    |
|    critic_loss     | 0.26     |
|    ent_coef        | 0.00587  |
|    ent_coef_loss   | -0.0856  |
|    learning_rate   | 0.0003   |
|    n_updates       | 2125700  |
---------------------------------
---------------------------------
| rollout/           |          |
|    ep_len_mean     | 48.9     |
|    ep_rew_mean     | -135     |
| time/              |          |
|    episodes        | 41672    |
|    fps             | 7        |
|    time_elapsed    | 4577     |
|    total_timesteps | 2136020  |
| train/             |          |
|    actor_loss      | 0.698    |
|    critic_loss     | 0.145    |
|    ent_coef        | 0.00591  |
|    ent_coef_loss   | 0.254    |
|    learning_rate   | 0.0003   |
|    n_updates       | 2126000  |
---------------------------------
---------------------------------
| rollout/           |          |
|    ep_len_mean     | 49.2     |
|    ep_rew_mean     | -127     |
| time/              |          |
|    episodes        | 41676    |
|    fps             | 7        |
|    time_elapsed    | 4595     |
|    total_timesteps | 2136260  |
| train/             |          |
|    actor_loss      | 0.677    |
|    critic_loss     | 0.185    |
|    ent_coef        | 0.00602  |
|    ent_coef_loss   | -0.311   |
|    learning_rate   | 0.0003   |
|    n_updates       | 2126240  |
---------------------------------
---------------------------------
| rollout/           |          |
|    ep_len_mean     | 49.5     |
|    ep_rew_mean     | -126     |
| time/              |          |
|    episodes        | 41680    |
|    fps             | 7        |
|    time_elapsed    | 4600     |
|    total_timesteps | 2136320  |
| train/             |          |
|    actor_loss      | 0.66     |
|    critic_loss     | 0.165    |
|    ent_coef        | 0.00595  |
|    ent_coef_loss   | -0.824   |
|    learning_rate   | 0.0003   |
|    n_updates       | 2126300  |
---------------------------------
---------------------------------
| rollout/           |          |
|    ep_len_mean     | 49.4     |
|    ep_rew_mean     | -131     |
| time/              |          |
|    episodes        | 41684    |
|    fps             | 7        |
|    time_elapsed    | 4619     |
|    total_timesteps | 2136570  |
| train/             |          |
|    actor_loss      | 0.7      |
|    critic_loss     | 0.113    |
|    ent_coef        | 0.00582  |
|    ent_coef_loss   | 0.00431  |
|    learning_rate   | 0.0003   |
|    n_updates       | 2126550  |
---------------------------------
---------------------------------
| rollout/           |          |
|    ep_len_mean     | 49.1     |
|    ep_rew_mean     | -140     |
| time/              |          |
|    episodes        | 41688    |
|    fps             | 7        |
|    time_elapsed    | 4635     |
|    total_timesteps | 2136770  |
| train/             |          |
|    actor_loss      | 0.776    |
|    critic_loss     | 0.146    |
|    ent_coef        | 0.00581  |
|    ent_coef_loss   | -0.0529  |
|    learning_rate   | 0.0003   |
|    n_updates       | 2126750  |
---------------------------------
---------------------------------
| rollout/           |          |
|    ep_len_mean     | 48.5     |
|    ep_rew_mean     | -146     |
| time/              |          |
|    episodes        | 41692    |
|    fps             | 7        |
|    time_elapsed    | 4645     |
|    total_timesteps | 2136910  |
| train/             |          |
|    actor_loss      | 0.802    |
|    critic_loss     | 0.21     |
|    ent_coef        | 0.00582  |
|    ent_coef_loss   | 0.133    |
|    learning_rate   | 0.0003   |
|    n_updates       | 2126890  |
---------------------------------
---------------------------------
| rollout/           |          |
|    ep_len_mean     | 48.2     |
|    ep_rew_mean     | -153     |
| time/              |          |
|    episodes        | 41696    |
|    fps             | 7        |
|    time_elapsed    | 4658     |
|    total_timesteps | 2137120  |
| train/             |          |
|    actor_loss      | 0.75     |
|    critic_loss     | 0.129    |
|    ent_coef        | 0.0059   |
|    ent_coef_loss   | 0.113    |
|    learning_rate   | 0.0003   |
|    n_updates       | 2127100  |
---------------------------------
---------------------------------
| rollout/           |          |
|    ep_len_mean     | 47.8     |
|    ep_rew_mean     | -154     |
| time/              |          |
|    episodes        | 41700    |
|    fps             | 7        |
|    time_elapsed    | 4676     |
|    total_timesteps | 2137340  |
| train/             |          |
|    actor_loss      | 0.666    |
|    critic_loss     | 0.139    |
|    ent_coef        | 0.006    |
|    ent_coef_loss   | 0.243    |
|    learning_rate   | 0.0003   |
|    n_updates       | 2127320  |
---------------------------------
---------------------------------
| rollout/           |          |
|    ep_len_mean     | 48.1     |
|    ep_rew_mean     | -152     |
| time/              |          |
|    episodes        | 41704    |
|    fps             | 8        |
|    time_elapsed    | 4697     |
|    total_timesteps | 2137590  |
| train/             |          |
|    actor_loss      | 0.748    |
|    critic_loss     | 0.138    |
|    ent_coef        | 0.00607  |
|    ent_coef_loss   | -0.347   |
|    learning_rate   | 0.0003   |
|    n_updates       | 2127570  |
---------------------------------
---------------------------------
| rollout/           |          |
|    ep_len_mean     | 47.9     |
|    ep_rew_mean     | -159     |
| time/              |          |
|    episodes        | 41708    |
|    fps             | 8        |
|    time_elapsed    | 4712     |
|    total_timesteps | 2137740  |
| train/             |          |
|    actor_loss      | 0.808    |
|    critic_loss     | 0.145    |
|    ent_coef        | 0.00599  |
|    ent_coef_loss   | -0.745   |
|    learning_rate   | 0.0003   |
|    n_updates       | 2127720  |
---------------------------------
---------------------------------
| rollout/           |          |
|    ep_len_mean     | 47.7     |
|    ep_rew_mean     | -155     |
| time/              |          |
|    episodes        | 41712    |
|    fps             | 8        |
|    time_elapsed    | 4720     |
|    total_timesteps | 2137830  |
| train/             |          |
|    actor_loss      | 0.754    |
|    critic_loss     | 0.139    |
|    ent_coef        | 0.00594  |
|    ent_coef_loss   | -0.335   |
|    learning_rate   | 0.0003   |
|    n_updates       | 2127810  |
---------------------------------
---------------------------------
| rollout/           |          |
|    ep_len_mean     | 46.4     |
|    ep_rew_mean     | -148     |
| time/              |          |
|    episodes        | 41716    |
|    fps             | 8        |
|    time_elapsed    | 4743     |
|    total_timesteps | 2138030  |
| train/             |          |
|    actor_loss      | 0.708    |
|    critic_loss     | 0.15     |
|    ent_coef        | 0.00586  |
|    ent_coef_loss   | -0.294   |
|    learning_rate   | 0.0003   |
|    n_updates       | 2128010  |
---------------------------------
---------------------------------
| rollout/           |          |
|    ep_len_mean     | 46.3     |
|    ep_rew_mean     | -153     |
| time/              |          |
|    episodes        | 41720    |
|    fps             | 8        |
|    time_elapsed    | 4766     |
|    total_timesteps | 2138300  |
| train/             |          |
|    actor_loss      | 0.708    |
|    critic_loss     | 0.183    |
|    ent_coef        | 0.0061   |
|    ent_coef_loss   | -0.0481  |
|    learning_rate   | 0.0003   |
|    n_updates       | 2128280  |
---------------------------------
---------------------------------
| rollout/           |          |
|    ep_len_mean     | 46.4     |
|    ep_rew_mean     | -153     |
| time/              |          |
|    episodes        | 41724    |
|    fps             | 8        |
|    time_elapsed    | 4772     |
|    total_timesteps | 2138380  |
| train/             |          |
|    actor_loss      | 0.708    |
|    critic_loss     | 0.151    |
|    ent_coef        | 0.00611  |
|    ent_coef_loss   | -0.138   |
|    learning_rate   | 0.0003   |
|    n_updates       | 2128360  |
---------------------------------
---------------------------------
| rollout/           |          |
|    ep_len_mean     | 46.4     |
|    ep_rew_mean     | -153     |
| time/              |          |
|    episodes        | 41728    |
|    fps             | 8        |
|    time_elapsed    | 4794     |
|    total_timesteps | 2138720  |
| train/             |          |
|    actor_loss      | 0.754    |
|    critic_loss     | 0.148    |
|    ent_coef        | 0.00607  |
|    ent_coef_loss   | -0.248   |
|    learning_rate   | 0.0003   |
|    n_updates       | 2128700  |
---------------------------------
---------------------------------
| rollout/           |          |
|    ep_len_mean     | 46.2     |
|    ep_rew_mean     | -148     |
| time/              |          |
|    episodes        | 41732    |
|    fps             | 8        |
|    time_elapsed    | 4802     |
|    total_timesteps | 2138840  |
| train/             |          |
|    actor_loss      | 0.785    |
|    critic_loss     | 0.272    |
|    ent_coef        | 0.00608  |
|    ent_coef_loss   | 0.187    |
|    learning_rate   | 0.0003   |
|    n_updates       | 2128820  |
---------------------------------
---------------------------------
| rollout/           |          |
|    ep_len_mean     | 47       |
|    ep_rew_mean     | -141     |
| time/              |          |
|    episodes        | 41736    |
|    fps             | 8        |
|    time_elapsed    | 4809     |
|    total_timesteps | 2138940  |
| train/             |          |
|    actor_loss      | 0.788    |
|    critic_loss     | 0.221    |
|    ent_coef        | 0.00609  |
|    ent_coef_loss   | 0.116    |
|    learning_rate   | 0.0003   |
|    n_updates       | 2128920  |
---------------------------------
---------------------------------
| rollout/           |          |
|    ep_len_mean     | 46.6     |
|    ep_rew_mean     | -150     |
| time/              |          |
|    episodes        | 41740    |
|    fps             | 8        |
|    time_elapsed    | 4832     |
|    total_timesteps | 2139240  |
| train/             |          |
|    actor_loss      | 0.744    |
|    critic_loss     | 0.145    |
|    ent_coef        | 0.0061   |
|    ent_coef_loss   | -0.0898  |
|    learning_rate   | 0.0003   |
|    n_updates       | 2129220  |
---------------------------------
---------------------------------
| rollout/           |          |
|    ep_len_mean     | 47       |
|    ep_rew_mean     | -146     |
| time/              |          |
|    episodes        | 41744    |
|    fps             | 8        |
|    time_elapsed    | 4838     |
|    total_timesteps | 2139300  |
| train/             |          |
|    actor_loss      | 0.624    |
|    critic_loss     | 0.168    |
|    ent_coef        | 0.00612  |
|    ent_coef_loss   | -0.555   |
|    learning_rate   | 0.0003   |
|    n_updates       | 2129280  |
---------------------------------
---------------------------------
| rollout/           |          |
|    ep_len_mean     | 46.9     |
|    ep_rew_mean     | -147     |
| time/              |          |
|    episodes        | 41748    |
|    fps             | 8        |
|    time_elapsed    | 4856     |
|    total_timesteps | 2139520  |
| train/             |          |
|    actor_loss      | 0.727    |
|    critic_loss     | 0.152    |
|    ent_coef        | 0.0061   |
|    ent_coef_loss   | 0.00145  |
|    learning_rate   | 0.0003   |
|    n_updates       | 2129500  |
---------------------------------
---------------------------------
| rollout/           |          |
|    ep_len_mean     | 46.5     |
|    ep_rew_mean     | -137     |
| time/              |          |
|    episodes        | 41752    |
|    fps             | 8        |
|    time_elapsed    | 4875     |
|    total_timesteps | 2139790  |
| train/             |          |
|    actor_loss      | 0.716    |
|    critic_loss     | 0.169    |
|    ent_coef        | 0.00602  |
|    ent_coef_loss   | -0.0344  |
|    learning_rate   | 0.0003   |
|    n_updates       | 2129770  |
---------------------------------
---------------------------------
| rollout/           |          |
|    ep_len_mean     | 46.9     |
|    ep_rew_mean     | -136     |
| time/              |          |
|    episodes        | 41756    |
|    fps             | 8        |
|    time_elapsed    | 4886     |
|    total_timesteps | 2139940  |
| train/             |          |
|    actor_loss      | 0.799    |
|    critic_loss     | 0.152    |
|    ent_coef        | 0.00607  |
|    ent_coef_loss   | -0.0345  |
|    learning_rate   | 0.0003   |
|    n_updates       | 2129920  |
---------------------------------
---------------------------------
| rollout/           |          |
|    ep_len_mean     | 47.6     |
|    ep_rew_mean     | -133     |
| time/              |          |
|    episodes        | 41760    |
|    fps             | 8        |
|    time_elapsed    | 4893     |
|    total_timesteps | 2140050  |
| train/             |          |
|    actor_loss      | 0.761    |
|    critic_loss     | 0.183    |
|    ent_coef        | 0.0061   |
|    ent_coef_loss   | -0.0878  |
|    learning_rate   | 0.0003   |
|    n_updates       | 2130030  |
---------------------------------
---------------------------------
| rollout/           |          |
|    ep_len_mean     | 47.3     |
|    ep_rew_mean     | -133     |
| time/              |          |
|    episodes        | 41764    |
|    fps             | 8        |
|    time_elapsed    | 4922     |
|    total_timesteps | 2140390  |
| train/             |          |
|    actor_loss      | 0.745    |
|    critic_loss     | 0.18     |
|    ent_coef        | 0.00597  |
|    ent_coef_loss   | -0.123   |
|    learning_rate   | 0.0003   |
|    n_updates       | 2130370  |
---------------------------------
---------------------------------
| rollout/           |          |
|    ep_len_mean     | 46.9     |
|    ep_rew_mean     | -137     |
| time/              |          |
|    episodes        | 41768    |
|    fps             | 8        |
|    time_elapsed    | 4928     |
|    total_timesteps | 2140500  |
| train/             |          |
|    actor_loss      | 0.641    |
|    critic_loss     | 0.145    |
|    ent_coef        | 0.00591  |
|    ent_coef_loss   | 0.192    |
|    learning_rate   | 0.0003   |
|    n_updates       | 2130480  |
---------------------------------
---------------------------------
| rollout/           |          |
|    ep_len_mean     | 47.6     |
|    ep_rew_mean     | -132     |
| time/              |          |
|    episodes        | 41772    |
|    fps             | 8        |
|    time_elapsed    | 4938     |
|    total_timesteps | 2140660  |
| train/             |          |
|    actor_loss      | 0.733    |
|    critic_loss     | 0.125    |
|    ent_coef        | 0.00596  |
|    ent_coef_loss   | -0.156   |
|    learning_rate   | 0.0003   |
|    n_updates       | 2130640  |
---------------------------------
---------------------------------
| rollout/           |          |
|    ep_len_mean     | 47.6     |
|    ep_rew_mean     | -137     |
| time/              |          |
|    episodes        | 41776    |
|    fps             | 8        |
|    time_elapsed    | 4961     |
|    total_timesteps | 2140940  |
| train/             |          |
|    actor_loss      | 0.747    |
|    critic_loss     | 0.174    |
|    ent_coef        | 0.00598  |
|    ent_coef_loss   | -0.113   |
|    learning_rate   | 0.0003   |
|    n_updates       | 2130920  |
---------------------------------
---------------------------------
| rollout/           |          |
|    ep_len_mean     | 47       |
|    ep_rew_mean     | -136     |
| time/              |          |
|    episodes        | 41780    |
|    fps             | 8        |
|    time_elapsed    | 4975     |
|    total_timesteps | 2141100  |
| train/             |          |
|    actor_loss      | 0.714    |
|    critic_loss     | 0.166    |
|    ent_coef        | 0.00603  |
|    ent_coef_loss   | 0.351    |
|    learning_rate   | 0.0003   |
|    n_updates       | 2131080  |
---------------------------------
---------------------------------
| rollout/           |          |
|    ep_len_mean     | 46.8     |
|    ep_rew_mean     | -135     |
| time/              |          |
|    episodes        | 41784    |
|    fps             | 8        |
|    time_elapsed    | 4982     |
|    total_timesteps | 2141210  |
| train/             |          |
|    actor_loss      | 0.697    |
|    critic_loss     | 0.217    |
|    ent_coef        | 0.00611  |
|    ent_coef_loss   | 0.833    |
|    learning_rate   | 0.0003   |
|    n_updates       | 2131190  |
---------------------------------
---------------------------------
| rollout/           |          |
|    ep_len_mean     | 46.5     |
|    ep_rew_mean     | -127     |
| time/              |          |
|    episodes        | 41788    |
|    fps             | 8        |
|    time_elapsed    | 4995     |
|    total_timesteps | 2141410  |
| train/             |          |
|    actor_loss      | 0.735    |
|    critic_loss     | 0.196    |
|    ent_coef        | 0.0062   |
|    ent_coef_loss   | -0.0991  |
|    learning_rate   | 0.0003   |
|    n_updates       | 2131390  |
---------------------------------
---------------------------------
| rollout/           |          |
|    ep_len_mean     | 46.4     |
|    ep_rew_mean     | -129     |
| time/              |          |
|    episodes        | 41792    |
|    fps             | 8        |
|    time_elapsed    | 5009     |
|    total_timesteps | 2141530  |
| train/             |          |
|    actor_loss      | 0.691    |
|    critic_loss     | 0.149    |
|    ent_coef        | 0.00624  |
|    ent_coef_loss   | 0.327    |
|    learning_rate   | 0.0003   |
|    n_updates       | 2131510  |
---------------------------------
---------------------------------
| rollout/           |          |
|    ep_len_mean     | 46.4     |
|    ep_rew_mean     | -128     |
| time/              |          |
|    episodes        | 41796    |
|    fps             | 8        |
|    time_elapsed    | 5025     |
|    total_timesteps | 2141790  |
| train/             |          |
|    actor_loss      | 0.746    |
|    critic_loss     | 0.173    |
|    ent_coef        | 0.00621  |
|    ent_coef_loss   | -0.0312  |
|    learning_rate   | 0.0003   |
|    n_updates       | 2131770  |
---------------------------------
---------------------------------
| rollout/           |          |
|    ep_len_mean     | 46.8     |
|    ep_rew_mean     | -133     |
| time/              |          |
|    episodes        | 41800    |
|    fps             | 8        |
|    time_elapsed    | 5045     |
|    total_timesteps | 2141970  |
| train/             |          |
|    actor_loss      | 0.716    |
|    critic_loss     | 0.161    |
|    ent_coef        | 0.00603  |
|    ent_coef_loss   | -0.682   |
|    learning_rate   | 0.0003   |
|    n_updates       | 2131950  |
---------------------------------
---------------------------------
| rollout/           |          |
|    ep_len_mean     | 46.6     |
|    ep_rew_mean     | -137     |
| time/              |          |
|    episodes        | 41804    |
|    fps             | 8        |
|    time_elapsed    | 5061     |
|    total_timesteps | 2142180  |
| train/             |          |
|    actor_loss      | 0.657    |
|    critic_loss     | 0.113    |
|    ent_coef        | 0.00595  |
|    ent_coef_loss   | 0.347    |
|    learning_rate   | 0.0003   |
|    n_updates       | 2132160  |
---------------------------------
---------------------------------
| rollout/           |          |
|    ep_len_mean     | 46.6     |
|    ep_rew_mean     | -133     |
| time/              |          |
|    episodes        | 41808    |
|    fps             | 8        |
|    time_elapsed    | 5074     |
|    total_timesteps | 2142400  |
| train/             |          |
|    actor_loss      | 0.804    |
|    critic_loss     | 0.187    |
|    ent_coef        | 0.00605  |
|    ent_coef_loss   | 0.353    |
|    learning_rate   | 0.0003   |
|    n_updates       | 2132380  |
---------------------------------
---------------------------------
| rollout/           |          |
|    ep_len_mean     | 46.8     |
|    ep_rew_mean     | -133     |
| time/              |          |
|    episodes        | 41812    |
|    fps             | 8        |
|    time_elapsed    | 5090     |
|    total_timesteps | 2142560  |
| train/             |          |
|    actor_loss      | 0.729    |
|    critic_loss     | 0.149    |
|    ent_coef        | 0.00617  |
|    ent_coef_loss   | -0.273   |
|    learning_rate   | 0.0003   |
|    n_updates       | 2132540  |
---------------------------------
---------------------------------
| rollout/           |          |
|    ep_len_mean     | 46.3     |
|    ep_rew_mean     | -135     |
| time/              |          |
|    episodes        | 41816    |
|    fps             | 8        |
|    time_elapsed    | 5097     |
|    total_timesteps | 2142640  |
| train/             |          |
|    actor_loss      | 0.731    |
|    critic_loss     | 0.21     |
|    ent_coef        | 0.00612  |
|    ent_coef_loss   | 0.201    |
|    learning_rate   | 0.0003   |
|    n_updates       | 2132620  |
---------------------------------
---------------------------------
| rollout/           |          |
|    ep_len_mean     | 46.3     |
|    ep_rew_mean     | -130     |
| time/              |          |
|    episodes        | 41820    |
|    fps             | 8        |
|    time_elapsed    | 5115     |
|    total_timesteps | 2142830  |
| train/             |          |
|    actor_loss      | 0.715    |
|    critic_loss     | 0.251    |
|    ent_coef        | 0.00618  |
|    ent_coef_loss   | 0.305    |
|    learning_rate   | 0.0003   |
|    n_updates       | 2132810  |
---------------------------------
---------------------------------
| rollout/           |          |
|    ep_len_mean     | 45.3     |
|    ep_rew_mean     | -136     |
| time/              |          |
|    episodes        | 41824    |
|    fps             | 8        |
|    time_elapsed    | 5130     |
|    total_timesteps | 2143010  |
| train/             |          |
|    actor_loss      | 0.714    |
|    critic_loss     | 0.141    |
|    ent_coef        | 0.00607  |
|    ent_coef_loss   | -0.34    |
|    learning_rate   | 0.0003   |
|    n_updates       | 2132990  |
---------------------------------
---------------------------------
| rollout/           |          |
|    ep_len_mean     | 45.1     |
|    ep_rew_mean     | -140     |
| time/              |          |
|    episodes        | 41828    |
|    fps             | 8        |
|    time_elapsed    | 5140     |
|    total_timesteps | 2143140  |
| train/             |          |
|    actor_loss      | 0.738    |
|    critic_loss     | 0.195    |
|    ent_coef        | 0.0061   |
|    ent_coef_loss   | 0.888    |
|    learning_rate   | 0.0003   |
|    n_updates       | 2133120  |
---------------------------------
---------------------------------
| rollout/           |          |
|    ep_len_mean     | 45       |
|    ep_rew_mean     | -148     |
| time/              |          |
|    episodes        | 41832    |
|    fps             | 8        |
|    time_elapsed    | 5157     |
|    total_timesteps | 2143320  |
| train/             |          |
|    actor_loss      | 0.764    |
|    critic_loss     | 0.292    |
|    ent_coef        | 0.00612  |
|    ent_coef_loss   | -0.144   |
|    learning_rate   | 0.0003   |
|    n_updates       | 2133300  |
---------------------------------
---------------------------------
| rollout/           |          |
|    ep_len_mean     | 44.6     |
|    ep_rew_mean     | -156     |
| time/              |          |
|    episodes        | 41836    |
|    fps             | 8        |
|    time_elapsed    | 5167     |
|    total_timesteps | 2143480  |
| train/             |          |
|    actor_loss      | 0.785    |
|    critic_loss     | 0.163    |
|    ent_coef        | 0.00613  |
|    ent_coef_loss   | 0.0406   |
|    learning_rate   | 0.0003   |
|    n_updates       | 2133460  |
---------------------------------
---------------------------------
| rollout/           |          |
|    ep_len_mean     | 45.4     |
|    ep_rew_mean     | -152     |
| time/              |          |
|    episodes        | 41840    |
|    fps             | 8        |
|    time_elapsed    | 5182     |
|    total_timesteps | 2143690  |
| train/             |          |
|    actor_loss      | 0.771    |
|    critic_loss     | 0.114    |
|    ent_coef        | 0.00602  |
|    ent_coef_loss   | -0.0684  |
|    learning_rate   | 0.0003   |
|    n_updates       | 2133670  |
---------------------------------
---------------------------------
| rollout/           |          |
|    ep_len_mean     | 45.4     |
|    ep_rew_mean     | -149     |
| time/              |          |
|    episodes        | 41844    |
|    fps             | 8        |
|    time_elapsed    | 5193     |
|    total_timesteps | 2143850  |
| train/             |          |
|    actor_loss      | 0.737    |
|    critic_loss     | 0.138    |
|    ent_coef        | 0.00591  |
|    ent_coef_loss   | -0.183   |
|    learning_rate   | 0.0003   |
|    n_updates       | 2133830  |
---------------------------------
---------------------------------
| rollout/           |          |
|    ep_len_mean     | 46.1     |
|    ep_rew_mean     | -144     |
| time/              |          |
|    episodes        | 41848    |
|    fps             | 8        |
|    time_elapsed    | 5221     |
|    total_timesteps | 2144140  |
| train/             |          |
|    actor_loss      | 0.673    |
|    critic_loss     | 0.173    |
|    ent_coef        | 0.00591  |
|    ent_coef_loss   | -0.197   |
|    learning_rate   | 0.0003   |
|    n_updates       | 2134120  |
---------------------------------
---------------------------------
| rollout/           |          |
|    ep_len_mean     | 46.3     |
|    ep_rew_mean     | -138     |
| time/              |          |
|    episodes        | 41852    |
|    fps             | 8        |
|    time_elapsed    | 5242     |
|    total_timesteps | 2144330  |
| train/             |          |
|    actor_loss      | 0.766    |
|    critic_loss     | 0.129    |
|    ent_coef        | 0.006    |
|    ent_coef_loss   | 0.131    |
|    learning_rate   | 0.0003   |
|    n_updates       | 2134310  |
---------------------------------
---------------------------------
| rollout/           |          |
|    ep_len_mean     | 46.4     |
|    ep_rew_mean     | -137     |
| time/              |          |
|    episodes        | 41856    |
|    fps             | 8        |
|    time_elapsed    | 5268     |
|    total_timesteps | 2144510  |
| train/             |          |
|    actor_loss      | 0.82     |
|    critic_loss     | 0.191    |
|    ent_coef        | 0.00608  |
|    ent_coef_loss   | 0.715    |
|    learning_rate   | 0.0003   |
|    n_updates       | 2134490  |
---------------------------------
---------------------------------
| rollout/           |          |
|    ep_len_mean     | 45.9     |
|    ep_rew_mean     | -140     |
| time/              |          |
|    episodes        | 41860    |
|    fps             | 8        |
|    time_elapsed    | 5282     |
|    total_timesteps | 2144720  |
| train/             |          |
|    actor_loss      | 0.755    |
|    critic_loss     | 0.162    |
|    ent_coef        | 0.00618  |
|    ent_coef_loss   | 0.105    |
|    learning_rate   | 0.0003   |
|    n_updates       | 2134700  |
---------------------------------
---------------------------------
| rollout/           |          |
|    ep_len_mean     | 45.7     |
|    ep_rew_mean     | -144     |
| time/              |          |
|    episodes        | 41864    |
|    fps             | 8        |
|    time_elapsed    | 5297     |
|    total_timesteps | 2144920  |
| train/             |          |
|    actor_loss      | 0.675    |
|    critic_loss     | 0.184    |
|    ent_coef        | 0.00617  |
|    ent_coef_loss   | -0.231   |
|    learning_rate   | 0.0003   |
|    n_updates       | 2134900  |
---------------------------------
---------------------------------
| rollout/           |          |
|    ep_len_mean     | 46.1     |
|    ep_rew_mean     | -144     |
| time/              |          |
|    episodes        | 41868    |
|    fps             | 8        |
|    time_elapsed    | 5307     |
|    total_timesteps | 2145050  |
| train/             |          |
|    actor_loss      | 0.772    |
|    critic_loss     | 0.152    |
|    ent_coef        | 0.00609  |
|    ent_coef_loss   | -0.0557  |
|    learning_rate   | 0.0003   |
|    n_updates       | 2135030  |
---------------------------------
---------------------------------
| rollout/           |          |
|    ep_len_mean     | 45.4     |
|    ep_rew_mean     | -146     |
| time/              |          |
|    episodes        | 41872    |
|    fps             | 8        |
|    time_elapsed    | 5316     |
|    total_timesteps | 2145170  |
| train/             |          |
|    actor_loss      | 0.687    |
|    critic_loss     | 0.147    |
|    ent_coef        | 0.00601  |
|    ent_coef_loss   | 0.168    |
|    learning_rate   | 0.0003   |
|    n_updates       | 2135150  |
---------------------------------
---------------------------------
| rollout/           |          |
|    ep_len_mean     | 45.3     |
|    ep_rew_mean     | -146     |
| time/              |          |
|    episodes        | 41876    |
|    fps             | 8        |
|    time_elapsed    | 5332     |
|    total_timesteps | 2145450  |
| train/             |          |
|    actor_loss      | 0.829    |
|    critic_loss     | 0.14     |
|    ent_coef        | 0.00608  |
|    ent_coef_loss   | 0.76     |
|    learning_rate   | 0.0003   |
|    n_updates       | 2135430  |
---------------------------------
---------------------------------
| rollout/           |          |
|    ep_len_mean     | 45.2     |
|    ep_rew_mean     | -151     |
| time/              |          |
|    episodes        | 41880    |
|    fps             | 8        |
|    time_elapsed    | 5362     |
|    total_timesteps | 2145590  |
| train/             |          |
|    actor_loss      | 0.747    |
|    critic_loss     | 0.128    |
|    ent_coef        | 0.00618  |
|    ent_coef_loss   | -0.357   |
|    learning_rate   | 0.0003   |
|    n_updates       | 2135570  |
---------------------------------
---------------------------------
| rollout/           |          |
|    ep_len_mean     | 45.1     |
|    ep_rew_mean     | -155     |
| time/              |          |
|    episodes        | 41884    |
|    fps             | 8        |
|    time_elapsed    | 5378     |
|    total_timesteps | 2145700  |
| train/             |          |
|    actor_loss      | 0.714    |
|    critic_loss     | 0.161    |
|    ent_coef        | 0.00609  |
|    ent_coef_loss   | -0.259   |
|    learning_rate   | 0.0003   |
|    n_updates       | 2135680  |
---------------------------------
---------------------------------
| rollout/           |          |
|    ep_len_mean     | 45.4     |
|    ep_rew_mean     | -158     |
| time/              |          |
|    episodes        | 41888    |
|    fps             | 8        |
|    time_elapsed    | 5401     |
|    total_timesteps | 2145940  |
| train/             |          |
|    actor_loss      | 0.727    |
|    critic_loss     | 0.261    |
|    ent_coef        | 0.00601  |
|    ent_coef_loss   | -0.449   |
|    learning_rate   | 0.0003   |
|    n_updates       | 2135920  |
---------------------------------
---------------------------------
| rollout/           |          |
|    ep_len_mean     | 45.9     |
|    ep_rew_mean     | -155     |
| time/              |          |
|    episodes        | 41892    |
|    fps             | 8        |
|    time_elapsed    | 5428     |
|    total_timesteps | 2146240  |
| train/             |          |
|    actor_loss      | 0.716    |
|    critic_loss     | 0.222    |
|    ent_coef        | 0.0059   |
|    ent_coef_loss   | 0.666    |
|    learning_rate   | 0.0003   |
|    n_updates       | 2136220  |
---------------------------------
---------------------------------
| rollout/           |          |
|    ep_len_mean     | 45.5     |
|    ep_rew_mean     | -156     |
| time/              |          |
|    episodes        | 41896    |
|    fps             | 8        |
|    time_elapsed    | 5435     |
|    total_timesteps | 2146290  |
| train/             |          |
|    actor_loss      | 0.729    |
|    critic_loss     | 0.164    |
|    ent_coef        | 0.00593  |
|    ent_coef_loss   | 0.136    |
|    learning_rate   | 0.0003   |
|    n_updates       | 2136270  |
---------------------------------
---------------------------------
| rollout/           |          |
|    ep_len_mean     | 45.7     |
|    ep_rew_mean     | -148     |
| time/              |          |
|    episodes        | 41900    |
|    fps             | 8        |
|    time_elapsed    | 5453     |
|    total_timesteps | 2146490  |
| train/             |          |
|    actor_loss      | 0.835    |
|    critic_loss     | 0.206    |
|    ent_coef        | 0.00595  |
|    ent_coef_loss   | 0.376    |
|    learning_rate   | 0.0003   |
|    n_updates       | 2136470  |
---------------------------------
---------------------------------
| rollout/           |          |
|    ep_len_mean     | 45.7     |
|    ep_rew_mean     | -154     |
| time/              |          |
|    episodes        | 41904    |
|    fps             | 8        |
|    time_elapsed    | 5476     |
|    total_timesteps | 2146790  |
| train/             |          |
|    actor_loss      | 0.774    |
|    critic_loss     | 0.156    |
|    ent_coef        | 0.00597  |
|    ent_coef_loss   | 0.0181   |
|    learning_rate   | 0.0003   |
|    n_updates       | 2136770  |
---------------------------------
---------------------------------
| rollout/           |          |
|    ep_len_mean     | 45.4     |
|    ep_rew_mean     | -154     |
| time/              |          |
|    episodes        | 41908    |
|    fps             | 8        |
|    time_elapsed    | 5492     |
|    total_timesteps | 2146980  |
| train/             |          |
|    actor_loss      | 0.716    |
|    critic_loss     | 0.158    |
|    ent_coef        | 0.00593  |
|    ent_coef_loss   | 0.0193   |
|    learning_rate   | 0.0003   |
|    n_updates       | 2136960  |
---------------------------------
---------------------------------
| rollout/           |          |
|    ep_len_mean     | 45.5     |
|    ep_rew_mean     | -153     |
| time/              |          |
|    episodes        | 41912    |
|    fps             | 8        |
|    time_elapsed    | 5505     |
|    total_timesteps | 2147140  |
| train/             |          |
|    actor_loss      | 0.685    |
|    critic_loss     | 0.224    |
|    ent_coef        | 0.00593  |
|    ent_coef_loss   | -0.516   |
|    learning_rate   | 0.0003   |
|    n_updates       | 2137120  |
---------------------------------
---------------------------------
| rollout/           |          |
|    ep_len_mean     | 46.3     |
|    ep_rew_mean     | -151     |
| time/              |          |
|    episodes        | 41916    |
|    fps             | 8        |
|    time_elapsed    | 5512     |
|    total_timesteps | 2147220  |
| train/             |          |
|    actor_loss      | 0.737    |
|    critic_loss     | 0.12     |
|    ent_coef        | 0.00587  |
|    ent_coef_loss   | -0.314   |
|    learning_rate   | 0.0003   |
|    n_updates       | 2137200  |
---------------------------------
---------------------------------
| rollout/           |          |
|    ep_len_mean     | 46.5     |
|    ep_rew_mean     | -147     |
| time/              |          |
|    episodes        | 41920    |
|    fps             | 8        |
|    time_elapsed    | 5531     |
|    total_timesteps | 2147510  |
| train/             |          |
|    actor_loss      | 0.697    |
|    critic_loss     | 0.161    |
|    ent_coef        | 0.0058   |
|    ent_coef_loss   | -0.0797  |
|    learning_rate   | 0.0003   |
|    n_updates       | 2137490  |
---------------------------------
---------------------------------
| rollout/           |          |
|    ep_len_mean     | 47       |
|    ep_rew_mean     | -143     |
| time/              |          |
|    episodes        | 41924    |
|    fps             | 8        |
|    time_elapsed    | 5544     |
|    total_timesteps | 2147680  |
| train/             |          |
|    actor_loss      | 0.715    |
|    critic_loss     | 0.156    |
|    ent_coef        | 0.00582  |
|    ent_coef_loss   | -0.0958  |
|    learning_rate   | 0.0003   |
|    n_updates       | 2137660  |
---------------------------------
---------------------------------
| rollout/           |          |
|    ep_len_mean     | 46.8     |
|    ep_rew_mean     | -142     |
| time/              |          |
|    episodes        | 41928    |
|    fps             | 8        |
|    time_elapsed    | 5551     |
|    total_timesteps | 2147770  |
| train/             |          |
|    actor_loss      | 0.794    |
|    critic_loss     | 0.132    |
|    ent_coef        | 0.00583  |
|    ent_coef_loss   | -0.072   |
|    learning_rate   | 0.0003   |
|    n_updates       | 2137750  |
---------------------------------
---------------------------------
| rollout/           |          |
|    ep_len_mean     | 46.7     |
|    ep_rew_mean     | -134     |
| time/              |          |
|    episodes        | 41932    |
|    fps             | 8        |
|    time_elapsed    | 5571     |
|    total_timesteps | 2148060  |
| train/             |          |
|    actor_loss      | 0.685    |
|    critic_loss     | 0.142    |
|    ent_coef        | 0.0059   |
|    ent_coef_loss   | -0.211   |
|    learning_rate   | 0.0003   |
|    n_updates       | 2138040  |
---------------------------------
---------------------------------
| rollout/           |          |
|    ep_len_mean     | 46.4     |
|    ep_rew_mean     | -136     |
| time/              |          |
|    episodes        | 41936    |
|    fps             | 8        |
|    time_elapsed    | 5585     |
|    total_timesteps | 2148240  |
| train/             |          |
|    actor_loss      | 0.8      |
|    critic_loss     | 0.212    |
|    ent_coef        | 0.00586  |
|    ent_coef_loss   | -0.164   |
|    learning_rate   | 0.0003   |
|    n_updates       | 2138220  |
---------------------------------
---------------------------------
| rollout/           |          |
|    ep_len_mean     | 46.6     |
|    ep_rew_mean     | -128     |
| time/              |          |
|    episodes        | 41940    |
|    fps             | 8        |
|    time_elapsed    | 5591     |
|    total_timesteps | 2148320  |
| train/             |          |
|    actor_loss      | 0.72     |
|    critic_loss     | 0.233    |
|    ent_coef        | 0.00585  |
|    ent_coef_loss   | -0.0787  |
|    learning_rate   | 0.0003   |
|    n_updates       | 2138300  |
---------------------------------
---------------------------------
| rollout/           |          |
|    ep_len_mean     | 46.5     |
|    ep_rew_mean     | -132     |
| time/              |          |
|    episodes        | 41944    |
|    fps             | 8        |
|    time_elapsed    | 5606     |
|    total_timesteps | 2148540  |
| train/             |          |
|    actor_loss      | 0.711    |
|    critic_loss     | 0.172    |
|    ent_coef        | 0.00585  |
|    ent_coef_loss   | -0.192   |
|    learning_rate   | 0.0003   |
|    n_updates       | 2138520  |
---------------------------------
---------------------------------
| rollout/           |          |
|    ep_len_mean     | 46.4     |
|    ep_rew_mean     | -133     |
| time/              |          |
|    episodes        | 41948    |
|    fps             | 8        |
|    time_elapsed    | 5634     |
|    total_timesteps | 2148810  |
| train/             |          |
|    actor_loss      | 0.834    |
|    critic_loss     | 0.134    |
|    ent_coef        | 0.00579  |
|    ent_coef_loss   | -0.112   |
|    learning_rate   | 0.0003   |
|    n_updates       | 2138790  |
---------------------------------
---------------------------------
| rollout/           |          |
|    ep_len_mean     | 46.2     |
|    ep_rew_mean     | -138     |
| time/              |          |
|    episodes        | 41952    |
|    fps             | 8        |
|    time_elapsed    | 5647     |
|    total_timesteps | 2148960  |
| train/             |          |
|    actor_loss      | 0.761    |
|    critic_loss     | 0.179    |
|    ent_coef        | 0.0058   |
|    ent_coef_loss   | 0.68     |
|    learning_rate   | 0.0003   |
|    n_updates       | 2138940  |
---------------------------------
---------------------------------
| rollout/           |          |
|    ep_len_mean     | 45.9     |
|    ep_rew_mean     | -139     |
| time/              |          |
|    episodes        | 41956    |
|    fps             | 8        |
|    time_elapsed    | 5667     |
|    total_timesteps | 2149150  |
| train/             |          |
|    actor_loss      | 0.807    |
|    critic_loss     | 0.171    |
|    ent_coef        | 0.00595  |
|    ent_coef_loss   | -0.00118 |
|    learning_rate   | 0.0003   |
|    n_updates       | 2139130  |
---------------------------------
---------------------------------
| rollout/           |          |
|    ep_len_mean     | 46.6     |
|    ep_rew_mean     | -136     |
| time/              |          |
|    episodes        | 41960    |
|    fps             | 8        |
|    time_elapsed    | 5686     |
|    total_timesteps | 2149460  |
| train/             |          |
|    actor_loss      | 0.739    |
|    critic_loss     | 0.171    |
|    ent_coef        | 0.00613  |
|    ent_coef_loss   | 0.00358  |
|    learning_rate   | 0.0003   |
|    n_updates       | 2139440  |
---------------------------------
---------------------------------
| rollout/           |          |
|    ep_len_mean     | 46.9     |
|    ep_rew_mean     | -135     |
| time/              |          |
|    episodes        | 41964    |
|    fps             | 8        |
|    time_elapsed    | 5693     |
|    total_timesteps | 2149550  |
| train/             |          |
|    actor_loss      | 0.797    |
|    critic_loss     | 0.156    |
|    ent_coef        | 0.00616  |
|    ent_coef_loss   | 0.257    |
|    learning_rate   | 0.0003   |
|    n_updates       | 2139530  |
---------------------------------
---------------------------------
| rollout/           |          |
|    ep_len_mean     | 47       |
|    ep_rew_mean     | -131     |
| time/              |          |
|    episodes        | 41968    |
|    fps             | 8        |
|    time_elapsed    | 5711     |
|    total_timesteps | 2149790  |
| train/             |          |
|    actor_loss      | 0.754    |
|    critic_loss     | 0.161    |
|    ent_coef        | 0.00609  |
|    ent_coef_loss   | 0.345    |
|    learning_rate   | 0.0003   |
|    n_updates       | 2139770  |
---------------------------------
---------------------------------
| rollout/           |          |
|    ep_len_mean     | 47.1     |
|    ep_rew_mean     | -137     |
| time/              |          |
|    episodes        | 41972    |
|    fps             | 8        |
|    time_elapsed    | 5734     |
|    total_timesteps | 2150040  |
| train/             |          |
|    actor_loss      | 0.756    |
|    critic_loss     | 0.17     |
|    ent_coef        | 0.00601  |
|    ent_coef_loss   | -0.112   |
|    learning_rate   | 0.0003   |
|    n_updates       | 2140020  |
---------------------------------
---------------------------------
| rollout/           |          |
|    ep_len_mean     | 47.1     |
|    ep_rew_mean     | -134     |
| time/              |          |
|    episodes        | 41976    |
|    fps             | 8        |
|    time_elapsed    | 5750     |
|    total_timesteps | 2150200  |
| train/             |          |
|    actor_loss      | 0.778    |
|    critic_loss     | 0.199    |
|    ent_coef        | 0.00591  |
|    ent_coef_loss   | 0.0191   |
|    learning_rate   | 0.0003   |
|    n_updates       | 2140180  |
---------------------------------
---------------------------------
| rollout/           |          |
|    ep_len_mean     | 47.9     |
|    ep_rew_mean     | -131     |
| time/              |          |
|    episodes        | 41980    |
|    fps             | 8        |
|    time_elapsed    | 5764     |
|    total_timesteps | 2150440  |
| train/             |          |
|    actor_loss      | 0.845    |
|    critic_loss     | 0.161    |
|    ent_coef        | 0.00604  |
|    ent_coef_loss   | 0.137    |
|    learning_rate   | 0.0003   |
|    n_updates       | 2140420  |
---------------------------------
---------------------------------
| rollout/           |          |
|    ep_len_mean     | 47.5     |
|    ep_rew_mean     | -136     |
| time/              |          |
|    episodes        | 41984    |
|    fps             | 8        |
|    time_elapsed    | 5776     |
|    total_timesteps | 2150630  |
| train/             |          |
|    actor_loss      | 0.763    |
|    critic_loss     | 0.142    |
|    ent_coef        | 0.00594  |
|    ent_coef_loss   | -0.239   |
|    learning_rate   | 0.0003   |
|    n_updates       | 2140610  |
---------------------------------
---------------------------------
| rollout/           |          |
|    ep_len_mean     | 48.2     |
|    ep_rew_mean     | -137     |
| time/              |          |
|    episodes        | 41988    |
|    fps             | 8        |
|    time_elapsed    | 5784     |
|    total_timesteps | 2150700  |
| train/             |          |
|    actor_loss      | 0.688    |
|    critic_loss     | 0.167    |
|    ent_coef        | 0.00596  |
|    ent_coef_loss   | -0.182   |
|    learning_rate   | 0.0003   |
|    n_updates       | 2140680  |
---------------------------------
---------------------------------
| rollout/           |          |
|    ep_len_mean     | 47.9     |
|    ep_rew_mean     | -140     |
| time/              |          |
|    episodes        | 41992    |
|    fps             | 8        |
|    time_elapsed    | 5804     |
|    total_timesteps | 2150890  |
| train/             |          |
|    actor_loss      | 0.828    |
|    critic_loss     | 0.204    |
|    ent_coef        | 0.00602  |
|    ent_coef_loss   | 0.404    |
|    learning_rate   | 0.0003   |
|    n_updates       | 2140870  |
---------------------------------
---------------------------------
| rollout/           |          |
|    ep_len_mean     | 47.7     |
|    ep_rew_mean     | -139     |
| time/              |          |
|    episodes        | 41996    |
|    fps             | 8        |
|    time_elapsed    | 5827     |
|    total_timesteps | 2151150  |
| train/             |          |
|    actor_loss      | 0.733    |
|    critic_loss     | 0.187    |
|    ent_coef        | 0.00611  |
|    ent_coef_loss   | 0.0456   |
|    learning_rate   | 0.0003   |
|    n_updates       | 2141130  |
---------------------------------
---------------------------------
| rollout/           |          |
|    ep_len_mean     | 47.3     |
|    ep_rew_mean     | -138     |
| time/              |          |
|    episodes        | 42000    |
|    fps             | 8        |
|    time_elapsed    | 5833     |
|    total_timesteps | 2151250  |
| train/             |          |
|    actor_loss      | 0.79     |
|    critic_loss     | 0.281    |
|    ent_coef        | 0.00613  |
|    ent_coef_loss   | 0.00405  |
|    learning_rate   | 0.0003   |
|    n_updates       | 2141230  |
---------------------------------
---------------------------------
| rollout/           |          |
|    ep_len_mean     | 46.8     |
|    ep_rew_mean     | -141     |
| time/              |          |
|    episodes        | 42004    |
|    fps             | 8        |
|    time_elapsed    | 5846     |
|    total_timesteps | 2151450  |
| train/             |          |
|    actor_loss      | 0.825    |
|    critic_loss     | 0.249    |
|    ent_coef        | 0.00621  |
|    ent_coef_loss   | -0.017   |
|    learning_rate   | 0.0003   |
|    n_updates       | 2141430  |
---------------------------------
---------------------------------
| rollout/           |          |
|    ep_len_mean     | 47       |
|    ep_rew_mean     | -146     |
| time/              |          |
|    episodes        | 42008    |
|    fps             | 8        |
|    time_elapsed    | 5860     |
|    total_timesteps | 2151650  |
| train/             |          |
|    actor_loss      | 0.787    |
|    critic_loss     | 0.272    |
|    ent_coef        | 0.00613  |
|    ent_coef_loss   | 0.257    |
|    learning_rate   | 0.0003   |
|    n_updates       | 2141630  |
---------------------------------
---------------------------------
| rollout/           |          |
|    ep_len_mean     | 47.3     |
|    ep_rew_mean     | -140     |
| time/              |          |
|    episodes        | 42012    |
|    fps             | 8        |
|    time_elapsed    | 5874     |
|    total_timesteps | 2151830  |
| train/             |          |
|    actor_loss      | 0.786    |
|    critic_loss     | 0.251    |
|    ent_coef        | 0.00612  |
|    ent_coef_loss   | -0.413   |
|    learning_rate   | 0.0003   |
|    n_updates       | 2141810  |
---------------------------------
---------------------------------
| rollout/           |          |
|    ep_len_mean     | 47       |
|    ep_rew_mean     | -139     |
| time/              |          |
|    episodes        | 42016    |
|    fps             | 8        |
|    time_elapsed    | 5891     |
|    total_timesteps | 2152100  |
| train/             |          |
|    actor_loss      | 0.861    |
|    critic_loss     | 0.295    |
|    ent_coef        | 0.00617  |
|    ent_coef_loss   | -0.42    |
|    learning_rate   | 0.0003   |
|    n_updates       | 2142080  |
---------------------------------
---------------------------------
| rollout/           |          |
|    ep_len_mean     | 47.5     |
|    ep_rew_mean     | -142     |
| time/              |          |
|    episodes        | 42020    |
|    fps             | 8        |
|    time_elapsed    | 5901     |
|    total_timesteps | 2152250  |
| train/             |          |
|    actor_loss      | 0.709    |
|    critic_loss     | 0.152    |
|    ent_coef        | 0.00601  |
|    ent_coef_loss   | -0.316   |
|    learning_rate   | 0.0003   |
|    n_updates       | 2142230  |
---------------------------------
---------------------------------
| rollout/           |          |
|    ep_len_mean     | 48       |
|    ep_rew_mean     | -137     |
| time/              |          |
|    episodes        | 42024    |
|    fps             | 8        |
|    time_elapsed    | 5920     |
|    total_timesteps | 2152560  |
| train/             |          |
|    actor_loss      | 0.712    |
|    critic_loss     | 0.194    |
|    ent_coef        | 0.00598  |
|    ent_coef_loss   | -0.401   |
|    learning_rate   | 0.0003   |
|    n_updates       | 2142540  |
---------------------------------
---------------------------------
| rollout/           |          |
|    ep_len_mean     | 47.9     |
|    ep_rew_mean     | -139     |
| time/              |          |
|    episodes        | 42028    |
|    fps             | 8        |
|    time_elapsed    | 5926     |
|    total_timesteps | 2152650  |
| train/             |          |
|    actor_loss      | 0.791    |
|    critic_loss     | 0.171    |
|    ent_coef        | 0.00595  |
|    ent_coef_loss   | 0.38     |
|    learning_rate   | 0.0003   |
|    n_updates       | 2142630  |
---------------------------------
---------------------------------
| rollout/           |          |
|    ep_len_mean     | 48.1     |
|    ep_rew_mean     | -138     |
| time/              |          |
|    episodes        | 42032    |
|    fps             | 8        |
|    time_elapsed    | 5937     |
|    total_timesteps | 2152770  |
| train/             |          |
|    actor_loss      | 0.736    |
|    critic_loss     | 0.16     |
|    ent_coef        | 0.00599  |
|    ent_coef_loss   | 0.0325   |
|    learning_rate   | 0.0003   |
|    n_updates       | 2142750  |
---------------------------------
---------------------------------
| rollout/           |          |
|    ep_len_mean     | 48       |
|    ep_rew_mean     | -143     |
| time/              |          |
|    episodes        | 42036    |
|    fps             | 8        |
|    time_elapsed    | 5958     |
|    total_timesteps | 2153090  |
| train/             |          |
|    actor_loss      | 0.828    |
|    critic_loss     | 0.183    |
|    ent_coef        | 0.006    |
|    ent_coef_loss   | 0.489    |
|    learning_rate   | 0.0003   |
|    n_updates       | 2143070  |
---------------------------------
---------------------------------
| rollout/           |          |
|    ep_len_mean     | 48       |
|    ep_rew_mean     | -150     |
| time/              |          |
|    episodes        | 42040    |
|    fps             | 8        |
|    time_elapsed    | 5963     |
|    total_timesteps | 2153170  |
| train/             |          |
|    actor_loss      | 0.724    |
|    critic_loss     | 0.18     |
|    ent_coef        | 0.00597  |
|    ent_coef_loss   | -0.477   |
|    learning_rate   | 0.0003   |
|    n_updates       | 2143150  |
---------------------------------
---------------------------------
| rollout/           |          |
|    ep_len_mean     | 48.2     |
|    ep_rew_mean     | -145     |
| time/              |          |
|    episodes        | 42044    |
|    fps             | 8        |
|    time_elapsed    | 5980     |
|    total_timesteps | 2153310  |
| train/             |          |
|    actor_loss      | 0.828    |
|    critic_loss     | 0.217    |
|    ent_coef        | 0.00592  |
|    ent_coef_loss   | -0.257   |
|    learning_rate   | 0.0003   |
|    n_updates       | 2143290  |
---------------------------------
---------------------------------
| rollout/           |          |
|    ep_len_mean     | 47.8     |
|    ep_rew_mean     | -144     |
| time/              |          |
|    episodes        | 42048    |
|    fps             | 8        |
|    time_elapsed    | 6003     |
|    total_timesteps | 2153610  |
| train/             |          |
|    actor_loss      | 0.774    |
|    critic_loss     | 0.16     |
|    ent_coef        | 0.0059   |
|    ent_coef_loss   | -0.152   |
|    learning_rate   | 0.0003   |
|    n_updates       | 2143590  |
---------------------------------
---------------------------------
| rollout/           |          |
|    ep_len_mean     | 48       |
|    ep_rew_mean     | -146     |
| time/              |          |
|    episodes        | 42052    |
|    fps             | 8        |
|    time_elapsed    | 6016     |
|    total_timesteps | 2153800  |
| train/             |          |
|    actor_loss      | 0.791    |
|    critic_loss     | 0.216    |
|    ent_coef        | 0.00585  |
|    ent_coef_loss   | 0.257    |
|    learning_rate   | 0.0003   |
|    n_updates       | 2143780  |
---------------------------------
---------------------------------
| rollout/           |          |
|    ep_len_mean     | 48.5     |
|    ep_rew_mean     | -138     |
| time/              |          |
|    episodes        | 42056    |
|    fps             | 8        |
|    time_elapsed    | 6023     |
|    total_timesteps | 2153920  |
| train/             |          |
|    actor_loss      | 0.784    |
|    critic_loss     | 0.212    |
|    ent_coef        | 0.00597  |
|    ent_coef_loss   | -0.0505  |
|    learning_rate   | 0.0003   |
|    n_updates       | 2143900  |
---------------------------------
---------------------------------
| rollout/           |          |
|    ep_len_mean     | 48.4     |
|    ep_rew_mean     | -133     |
| time/              |          |
|    episodes        | 42060    |
|    fps             | 8        |
|    time_elapsed    | 6047     |
|    total_timesteps | 2154280  |
| train/             |          |
|    actor_loss      | 0.721    |
|    critic_loss     | 0.198    |
|    ent_coef        | 0.00598  |
|    ent_coef_loss   | -0.187   |
|    learning_rate   | 0.0003   |
|    n_updates       | 2144260  |
---------------------------------
---------------------------------
| rollout/           |          |
|    ep_len_mean     | 48.1     |
|    ep_rew_mean     | -139     |
| time/              |          |
|    episodes        | 42064    |
|    fps             | 8        |
|    time_elapsed    | 6053     |
|    total_timesteps | 2154350  |
| train/             |          |
|    actor_loss      | 0.719    |
|    critic_loss     | 0.158    |
|    ent_coef        | 0.006    |
|    ent_coef_loss   | -0.00261 |
|    learning_rate   | 0.0003   |
|    n_updates       | 2144330  |
---------------------------------
---------------------------------
| rollout/           |          |
|    ep_len_mean     | 48.1     |
|    ep_rew_mean     | -133     |
| time/              |          |
|    episodes        | 42068    |
|    fps             | 8        |
|    time_elapsed    | 6067     |
|    total_timesteps | 2154540  |
| train/             |          |
|    actor_loss      | 0.735    |
|    critic_loss     | 0.194    |
|    ent_coef        | 0.00613  |
|    ent_coef_loss   | 0.173    |
|    learning_rate   | 0.0003   |
|    n_updates       | 2144520  |
---------------------------------
---------------------------------
| rollout/           |          |
|    ep_len_mean     | 48.1     |
|    ep_rew_mean     | -128     |
| time/              |          |
|    episodes        | 42072    |
|    fps             | 8        |
|    time_elapsed    | 6083     |
|    total_timesteps | 2154740  |
| train/             |          |
|    actor_loss      | 0.798    |
|    critic_loss     | 0.242    |
|    ent_coef        | 0.00618  |
|    ent_coef_loss   | -0.0772  |
|    learning_rate   | 0.0003   |
|    n_updates       | 2144720  |
---------------------------------
---------------------------------
| rollout/           |          |
|    ep_len_mean     | 47.8     |
|    ep_rew_mean     | -127     |
| time/              |          |
|    episodes        | 42076    |
|    fps             | 9        |
|    time_elapsed    | 6099     |
|    total_timesteps | 2154930  |
| train/             |          |
|    actor_loss      | 0.753    |
|    critic_loss     | 0.146    |
|    ent_coef        | 0.00612  |
|    ent_coef_loss   | -0.25    |
|    learning_rate   | 0.0003   |
|    n_updates       | 2144910  |
---------------------------------
---------------------------------
| rollout/           |          |
|    ep_len_mean     | 46.5     |
|    ep_rew_mean     | -128     |
| time/              |          |
|    episodes        | 42080    |
|    fps             | 9        |
|    time_elapsed    | 6114     |
|    total_timesteps | 2155030  |
| train/             |          |
|    actor_loss      | 0.767    |
|    critic_loss     | 0.162    |
|    ent_coef        | 0.00605  |
|    ent_coef_loss   | -0.318   |
|    learning_rate   | 0.0003   |
|    n_updates       | 2145010  |
---------------------------------
---------------------------------
| rollout/           |          |
|    ep_len_mean     | 46.6     |
|    ep_rew_mean     | -125     |
| time/              |          |
|    episodes        | 42084    |
|    fps             | 9        |
|    time_elapsed    | 6121     |
|    total_timesteps | 2155140  |
| train/             |          |
|    actor_loss      | 0.72     |
|    critic_loss     | 0.148    |
|    ent_coef        | 0.00596  |
|    ent_coef_loss   | 0.0514   |
|    learning_rate   | 0.0003   |
|    n_updates       | 2145120  |
---------------------------------
---------------------------------
| rollout/           |          |
|    ep_len_mean     | 46.2     |
|    ep_rew_mean     | -120     |
| time/              |          |
|    episodes        | 42088    |
|    fps             | 9        |
|    time_elapsed    | 6140     |
|    total_timesteps | 2155440  |
| train/             |          |
|    actor_loss      | 0.769    |
|    critic_loss     | 0.216    |
|    ent_coef        | 0.00595  |
|    ent_coef_loss   | -0.214   |
|    learning_rate   | 0.0003   |
|    n_updates       | 2145420  |
---------------------------------
---------------------------------
| rollout/           |          |
|    ep_len_mean     | 46.8     |
|    ep_rew_mean     | -112     |
| time/              |          |
|    episodes        | 42092    |
|    fps             | 9        |
|    time_elapsed    | 6156     |
|    total_timesteps | 2155700  |
| train/             |          |
|    actor_loss      | 0.626    |
|    critic_loss     | 0.197    |
|    ent_coef        | 0.00599  |
|    ent_coef_loss   | 0.502    |
|    learning_rate   | 0.0003   |
|    n_updates       | 2145680  |
---------------------------------
---------------------------------
| rollout/           |          |
|    ep_len_mean     | 47.7     |
|    ep_rew_mean     | -109     |
| time/              |          |
|    episodes        | 42096    |
|    fps             | 9        |
|    time_elapsed    | 6167     |
|    total_timesteps | 2155850  |
| train/             |          |
|    actor_loss      | 0.695    |
|    critic_loss     | 0.236    |
|    ent_coef        | 0.00599  |
|    ent_coef_loss   | 0.379    |
|    learning_rate   | 0.0003   |
|    n_updates       | 2145830  |
---------------------------------
---------------------------------
| rollout/           |          |
|    ep_len_mean     | 47.8     |
|    ep_rew_mean     | -113     |
| time/              |          |
|    episodes        | 42100    |
|    fps             | 9        |
|    time_elapsed    | 6182     |
|    total_timesteps | 2156050  |
| train/             |          |
|    actor_loss      | 0.76     |
|    critic_loss     | 0.237    |
|    ent_coef        | 0.00602  |
|    ent_coef_loss   | 0.0929   |
|    learning_rate   | 0.0003   |
|    n_updates       | 2146030  |
---------------------------------
---------------------------------
| rollout/           |          |
|    ep_len_mean     | 47.7     |
|    ep_rew_mean     | -108     |
| time/              |          |
|    episodes        | 42104    |
|    fps             | 9        |
|    time_elapsed    | 6189     |
|    total_timesteps | 2156150  |
| train/             |          |
|    actor_loss      | 0.73     |
|    critic_loss     | 0.175    |
|    ent_coef        | 0.00612  |
|    ent_coef_loss   | -0.311   |
|    learning_rate   | 0.0003   |
|    n_updates       | 2146130  |
---------------------------------
---------------------------------
| rollout/           |          |
|    ep_len_mean     | 47.9     |
|    ep_rew_mean     | -107     |
| time/              |          |
|    episodes        | 42108    |
|    fps             | 9        |
|    time_elapsed    | 6232     |
|    total_timesteps | 2156560  |
| train/             |          |
|    actor_loss      | 0.839    |
|    critic_loss     | 0.18     |
|    ent_coef        | 0.00605  |
|    ent_coef_loss   | 0.0797   |
|    learning_rate   | 0.0003   |
|    n_updates       | 2146540  |
---------------------------------
---------------------------------
| rollout/           |          |
|    ep_len_mean     | 47.6     |
|    ep_rew_mean     | -113     |
| time/              |          |
|    episodes        | 42112    |
|    fps             | 9        |
|    time_elapsed    | 6239     |
|    total_timesteps | 2156610  |
| train/             |          |
|    actor_loss      | 0.763    |
|    critic_loss     | 0.179    |
|    ent_coef        | 0.00605  |
|    ent_coef_loss   | -0.0222  |
|    learning_rate   | 0.0003   |
|    n_updates       | 2146590  |
---------------------------------
---------------------------------
| rollout/           |          |
|    ep_len_mean     | 48       |
|    ep_rew_mean     | -111     |
| time/              |          |
|    episodes        | 42116    |
|    fps             | 9        |
|    time_elapsed    | 6270     |
|    total_timesteps | 2156820  |
| train/             |          |
|    actor_loss      | 0.81     |
|    critic_loss     | 0.322    |
|    ent_coef        | 0.00618  |
|    ent_coef_loss   | -0.156   |
|    learning_rate   | 0.0003   |
|    n_updates       | 2146800  |
---------------------------------
---------------------------------
| rollout/           |          |
|    ep_len_mean     | 48.1     |
|    ep_rew_mean     | -111     |
| time/              |          |
|    episodes        | 42120    |
|    fps             | 9        |
|    time_elapsed    | 6306     |
|    total_timesteps | 2157130  |
| train/             |          |
|    actor_loss      | 0.75     |
|    critic_loss     | 0.251    |
|    ent_coef        | 0.00608  |
|    ent_coef_loss   | 0.0642   |
|    learning_rate   | 0.0003   |
|    n_updates       | 2147110  |
---------------------------------
---------------------------------
| rollout/           |          |
|    ep_len_mean     | 47.9     |
|    ep_rew_mean     | -116     |
| time/              |          |
|    episodes        | 42124    |
|    fps             | 9        |
|    time_elapsed    | 6317     |
|    total_timesteps | 2157230  |
| train/             |          |
|    actor_loss      | 0.724    |
|    critic_loss     | 0.134    |
|    ent_coef        | 0.00606  |
|    ent_coef_loss   | 0.0855   |
|    learning_rate   | 0.0003   |
|    n_updates       | 2147210  |
---------------------------------
---------------------------------
| rollout/           |          |
|    ep_len_mean     | 48.3     |
|    ep_rew_mean     | -112     |
| time/              |          |
|    episodes        | 42128    |
|    fps             | 9        |
|    time_elapsed    | 6335     |
|    total_timesteps | 2157390  |
| train/             |          |
|    actor_loss      | 0.755    |
|    critic_loss     | 0.212    |
|    ent_coef        | 0.00603  |
|    ent_coef_loss   | -0.144   |
|    learning_rate   | 0.0003   |
|    n_updates       | 2147370  |
---------------------------------
---------------------------------
| rollout/           |          |
|    ep_len_mean     | 47.7     |
|    ep_rew_mean     | -120     |
| time/              |          |
|    episodes        | 42132    |
|    fps             | 9        |
|    time_elapsed    | 6370     |
|    total_timesteps | 2157670  |
| train/             |          |
|    actor_loss      | 0.778    |
|    critic_loss     | 0.167    |
|    ent_coef        | 0.00596  |
|    ent_coef_loss   | -0.384   |
|    learning_rate   | 0.0003   |
|    n_updates       | 2147650  |
---------------------------------
---------------------------------
| rollout/           |          |
|    ep_len_mean     | 48       |
|    ep_rew_mean     | -108     |
| time/              |          |
|    episodes        | 42136    |
|    fps             | 9        |
|    time_elapsed    | 6392     |
|    total_timesteps | 2157750  |
| train/             |          |
|    actor_loss      | 0.812    |
|    critic_loss     | 0.143    |
|    ent_coef        | 0.00593  |
|    ent_coef_loss   | 0.344    |
|    learning_rate   | 0.0003   |
|    n_updates       | 2147730  |
---------------------------------
---------------------------------
| rollout/           |          |
|    ep_len_mean     | 47.8     |
|    ep_rew_mean     | -105     |
| time/              |          |
|    episodes        | 42140    |
|    fps             | 9        |
|    time_elapsed    | 6413     |
|    total_timesteps | 2157930  |
| train/             |          |
|    actor_loss      | 0.817    |
|    critic_loss     | 0.297    |
|    ent_coef        | 0.00595  |
|    ent_coef_loss   | 0.301    |
|    learning_rate   | 0.0003   |
|    n_updates       | 2147910  |
---------------------------------
---------------------------------
| rollout/           |          |
|    ep_len_mean     | 48.1     |
|    ep_rew_mean     | -111     |
| time/              |          |
|    episodes        | 42144    |
|    fps             | 9        |
|    time_elapsed    | 6436     |
|    total_timesteps | 2158250  |
| train/             |          |
|    actor_loss      | 0.729    |
|    critic_loss     | 0.144    |
|    ent_coef        | 0.00603  |
|    ent_coef_loss   | 0.238    |
|    learning_rate   | 0.0003   |
|    n_updates       | 2148230  |
---------------------------------
---------------------------------
| rollout/           |          |
|    ep_len_mean     | 48.4     |
|    ep_rew_mean     | -114     |
| time/              |          |
|    episodes        | 42148    |
|    fps             | 9        |
|    time_elapsed    | 6443     |
|    total_timesteps | 2158340  |
| train/             |          |
|    actor_loss      | 0.737    |
|    critic_loss     | 0.161    |
|    ent_coef        | 0.00609  |
|    ent_coef_loss   | -0.292   |
|    learning_rate   | 0.0003   |
|    n_updates       | 2148320  |
---------------------------------
---------------------------------
| rollout/           |          |
|    ep_len_mean     | 48       |
|    ep_rew_mean     | -121     |
| time/              |          |
|    episodes        | 42152    |
|    fps             | 9        |
|    time_elapsed    | 6456     |
|    total_timesteps | 2158470  |
| train/             |          |
|    actor_loss      | 0.856    |
|    critic_loss     | 0.226    |
|    ent_coef        | 0.00607  |
|    ent_coef_loss   | 0.306    |
|    learning_rate   | 0.0003   |
|    n_updates       | 2148450  |
---------------------------------
---------------------------------
| rollout/           |          |
|    ep_len_mean     | 46.9     |
|    ep_rew_mean     | -122     |
| time/              |          |
|    episodes        | 42156    |
|    fps             | 9        |
|    time_elapsed    | 6478     |
|    total_timesteps | 2158640  |
| train/             |          |
|    actor_loss      | 0.785    |
|    critic_loss     | 0.186    |
|    ent_coef        | 0.00617  |
|    ent_coef_loss   | 0.259    |
|    learning_rate   | 0.0003   |
|    n_updates       | 2148620  |
---------------------------------
---------------------------------
| rollout/           |          |
|    ep_len_mean     | 46.8     |
|    ep_rew_mean     | -130     |
| time/              |          |
|    episodes        | 42160    |
|    fps             | 9        |
|    time_elapsed    | 6508     |
|    total_timesteps | 2158920  |
| train/             |          |
|    actor_loss      | 0.756    |
|    critic_loss     | 0.156    |
|    ent_coef        | 0.00617  |
|    ent_coef_loss   | 0.000601 |
|    learning_rate   | 0.0003   |
|    n_updates       | 2148900  |
---------------------------------
---------------------------------
| rollout/           |          |
|    ep_len_mean     | 47.2     |
|    ep_rew_mean     | -119     |
| time/              |          |
|    episodes        | 42164    |
|    fps             | 9        |
|    time_elapsed    | 6522     |
|    total_timesteps | 2159060  |
| train/             |          |
|    actor_loss      | 0.752    |
|    critic_loss     | 0.203    |
|    ent_coef        | 0.00619  |
|    ent_coef_loss   | -0.227   |
|    learning_rate   | 0.0003   |
|    n_updates       | 2149040  |
---------------------------------
---------------------------------
| rollout/           |          |
|    ep_len_mean     | 46.4     |
|    ep_rew_mean     | -128     |
| time/              |          |
|    episodes        | 42168    |
|    fps             | 9        |
|    time_elapsed    | 6539     |
|    total_timesteps | 2159200  |
| train/             |          |
|    actor_loss      | 0.772    |
|    critic_loss     | 0.176    |
|    ent_coef        | 0.00622  |
|    ent_coef_loss   | 0.00828  |
|    learning_rate   | 0.0003   |
|    n_updates       | 2149180  |
---------------------------------
---------------------------------
| rollout/           |          |
|    ep_len_mean     | 46.6     |
|    ep_rew_mean     | -127     |
| time/              |          |
|    episodes        | 42172    |
|    fps             | 9        |
|    time_elapsed    | 6558     |
|    total_timesteps | 2159450  |
| train/             |          |
|    actor_loss      | 0.73     |
|    critic_loss     | 0.139    |
|    ent_coef        | 0.0061   |
|    ent_coef_loss   | 0.0494   |
|    learning_rate   | 0.0003   |
|    n_updates       | 2149430  |
---------------------------------
---------------------------------
| rollout/           |          |
|    ep_len_mean     | 47       |
|    ep_rew_mean     | -125     |
| time/              |          |
|    episodes        | 42176    |
|    fps             | 9        |
|    time_elapsed    | 6572     |
|    total_timesteps | 2159590  |
| train/             |          |
|    actor_loss      | 0.674    |
|    critic_loss     | 0.192    |
|    ent_coef        | 0.00602  |
|    ent_coef_loss   | -0.691   |
|    learning_rate   | 0.0003   |
|    n_updates       | 2149570  |
---------------------------------
---------------------------------
| rollout/           |          |
|    ep_len_mean     | 47.5     |
|    ep_rew_mean     | -127     |
| time/              |          |
|    episodes        | 42180    |
|    fps             | 9        |
|    time_elapsed    | 6591     |
|    total_timesteps | 2159780  |
| train/             |          |
|    actor_loss      | 0.828    |
|    critic_loss     | 0.119    |
|    ent_coef        | 0.00599  |
|    ent_coef_loss   | 0.308    |
|    learning_rate   | 0.0003   |
|    n_updates       | 2149760  |
---------------------------------
---------------------------------
| rollout/           |          |
|    ep_len_mean     | 47       |
|    ep_rew_mean     | -132     |
| time/              |          |
|    episodes        | 42184    |
|    fps             | 9        |
|    time_elapsed    | 6603     |
|    total_timesteps | 2159950  |
| train/             |          |
|    actor_loss      | 0.798    |
|    critic_loss     | 0.145    |
|    ent_coef        | 0.00602  |
|    ent_coef_loss   | 0.0929   |
|    learning_rate   | 0.0003   |
|    n_updates       | 2149930  |
---------------------------------
---------------------------------
| rollout/           |          |
|    ep_len_mean     | 47.5     |
|    ep_rew_mean     | -127     |
| time/              |          |
|    episodes        | 42188    |
|    fps             | 9        |
|    time_elapsed    | 6610     |
|    total_timesteps | 2160070  |
| train/             |          |
|    actor_loss      | 0.751    |
|    critic_loss     | 0.162    |
|    ent_coef        | 0.00601  |
|    ent_coef_loss   | -0.177   |
|    learning_rate   | 0.0003   |
|    n_updates       | 2150050  |
---------------------------------
---------------------------------
| rollout/           |          |
|    ep_len_mean     | 46.5     |
|    ep_rew_mean     | -141     |
| time/              |          |
|    episodes        | 42192    |
|    fps             | 9        |
|    time_elapsed    | 6623     |
|    total_timesteps | 2160280  |
| train/             |          |
|    actor_loss      | 0.814    |
|    critic_loss     | 0.183    |
|    ent_coef        | 0.00601  |
|    ent_coef_loss   | -0.211   |
|    learning_rate   | 0.0003   |
|    n_updates       | 2150260  |
---------------------------------
---------------------------------
| rollout/           |          |
|    ep_len_mean     | 45.8     |
|    ep_rew_mean     | -149     |
| time/              |          |
|    episodes        | 42196    |
|    fps             | 9        |
|    time_elapsed    | 6628     |
|    total_timesteps | 2160340  |
| train/             |          |
|    actor_loss      | 0.822    |
|    critic_loss     | 0.215    |
|    ent_coef        | 0.006    |
|    ent_coef_loss   | -0.169   |
|    learning_rate   | 0.0003   |
|    n_updates       | 2150320  |
---------------------------------
---------------------------------
| rollout/           |          |
|    ep_len_mean     | 45       |
|    ep_rew_mean     | -154     |
| time/              |          |
|    episodes        | 42200    |
|    fps             | 9        |
|    time_elapsed    | 6640     |
|    total_timesteps | 2160530  |
| train/             |          |
|    actor_loss      | 0.69     |
|    critic_loss     | 0.15     |
|    ent_coef        | 0.00592  |
|    ent_coef_loss   | -0.235   |
|    learning_rate   | 0.0003   |
|    n_updates       | 2150510  |
---------------------------------
---------------------------------
| rollout/           |          |
|    ep_len_mean     | 45.5     |
|    ep_rew_mean     | -151     |
| time/              |          |
|    episodes        | 42204    |
|    fps             | 9        |
|    time_elapsed    | 6664     |
|    total_timesteps | 2160850  |
| train/             |          |
|    actor_loss      | 0.774    |
|    critic_loss     | 0.138    |
|    ent_coef        | 0.006    |
|    ent_coef_loss   | -0.435   |
|    learning_rate   | 0.0003   |
|    n_updates       | 2150830  |
---------------------------------
---------------------------------
| rollout/           |          |
|    ep_len_mean     | 44.8     |
|    ep_rew_mean     | -149     |
| time/              |          |
|    episodes        | 42208    |
|    fps             | 9        |
|    time_elapsed    | 6670     |
|    total_timesteps | 2160910  |
| train/             |          |
|    actor_loss      | 0.813    |
|    critic_loss     | 0.16     |
|    ent_coef        | 0.00596  |
|    ent_coef_loss   | -0.231   |
|    learning_rate   | 0.0003   |
|    n_updates       | 2150890  |
---------------------------------
---------------------------------
| rollout/           |          |
|    ep_len_mean     | 44.6     |
|    ep_rew_mean     | -154     |
| time/              |          |
|    episodes        | 42212    |
|    fps             | 9        |
|    time_elapsed    | 6680     |
|    total_timesteps | 2161060  |
| train/             |          |
|    actor_loss      | 0.834    |
|    critic_loss     | 0.235    |
|    ent_coef        | 0.00595  |
|    ent_coef_loss   | -0.104   |
|    learning_rate   | 0.0003   |
|    n_updates       | 2151040  |
---------------------------------
---------------------------------
| rollout/           |          |
|    ep_len_mean     | 44.8     |
|    ep_rew_mean     | -154     |
| time/              |          |
|    episodes        | 42216    |
|    fps             | 9        |
|    time_elapsed    | 6693     |
|    total_timesteps | 2161280  |
| train/             |          |
|    actor_loss      | 0.757    |
|    critic_loss     | 0.214    |
|    ent_coef        | 0.00597  |
|    ent_coef_loss   | 0.00311  |
|    learning_rate   | 0.0003   |
|    n_updates       | 2151260  |
---------------------------------
---------------------------------
| rollout/           |          |
|    ep_len_mean     | 44.5     |
|    ep_rew_mean     | -154     |
| time/              |          |
|    episodes        | 42220    |
|    fps             | 9        |
|    time_elapsed    | 6712     |
|    total_timesteps | 2161530  |
| train/             |          |
|    actor_loss      | 0.701    |
|    critic_loss     | 0.315    |
|    ent_coef        | 0.0061   |
|    ent_coef_loss   | -0.62    |
|    learning_rate   | 0.0003   |
|    n_updates       | 2151510  |
---------------------------------
---------------------------------
| rollout/           |          |
|    ep_len_mean     | 44.1     |
|    ep_rew_mean     | -153     |
| time/              |          |
|    episodes        | 42224    |
|    fps             | 9        |
|    time_elapsed    | 6729     |
|    total_timesteps | 2161740  |
| train/             |          |
|    actor_loss      | 0.844    |
|    critic_loss     | 0.206    |
|    ent_coef        | 0.00611  |
|    ent_coef_loss   | -0.125   |
|    learning_rate   | 0.0003   |
|    n_updates       | 2151720  |
---------------------------------
---------------------------------
| rollout/           |          |
|    ep_len_mean     | 43.7     |
|    ep_rew_mean     | -153     |
| time/              |          |
|    episodes        | 42228    |
|    fps             | 9        |
|    time_elapsed    | 6736     |
|    total_timesteps | 2161830  |
| train/             |          |
|    actor_loss      | 0.789    |
|    critic_loss     | 0.203    |
|    ent_coef        | 0.00608  |
|    ent_coef_loss   | -0.141   |
|    learning_rate   | 0.0003   |
|    n_updates       | 2151810  |
---------------------------------
---------------------------------
| rollout/           |          |
|    ep_len_mean     | 44.6     |
|    ep_rew_mean     | -146     |
| time/              |          |
|    episodes        | 42232    |
|    fps             | 9        |
|    time_elapsed    | 6767     |
|    total_timesteps | 2162150  |
| train/             |          |
|    actor_loss      | 0.745    |
|    critic_loss     | 0.23     |
|    ent_coef        | 0.00615  |
|    ent_coef_loss   | -0.331   |
|    learning_rate   | 0.0003   |
|    n_updates       | 2152130  |
---------------------------------
---------------------------------
| rollout/           |          |
|    ep_len_mean     | 44.9     |
|    ep_rew_mean     | -152     |
| time/              |          |
|    episodes        | 42236    |
|    fps             | 9        |
|    time_elapsed    | 6785     |
|    total_timesteps | 2162280  |
| train/             |          |
|    actor_loss      | 0.725    |
|    critic_loss     | 0.271    |
|    ent_coef        | 0.00619  |
|    ent_coef_loss   | 0.042    |
|    learning_rate   | 0.0003   |
|    n_updates       | 2152260  |
---------------------------------
---------------------------------
| rollout/           |          |
|    ep_len_mean     | 44.8     |
|    ep_rew_mean     | -148     |
| time/              |          |
|    episodes        | 42240    |
|    fps             | 9        |
|    time_elapsed    | 6807     |
|    total_timesteps | 2162410  |
| train/             |          |
|    actor_loss      | 0.797    |
|    critic_loss     | 0.157    |
|    ent_coef        | 0.00617  |
|    ent_coef_loss   | 0.0976   |
|    learning_rate   | 0.0003   |
|    n_updates       | 2152390  |
---------------------------------
---------------------------------
| rollout/           |          |
|    ep_len_mean     | 43.9     |
|    ep_rew_mean     | -149     |
| time/              |          |
|    episodes        | 42244    |
|    fps             | 9        |
|    time_elapsed    | 6815     |
|    total_timesteps | 2162480  |
| train/             |          |
|    actor_loss      | 0.786    |
|    critic_loss     | 0.177    |
|    ent_coef        | 0.00608  |
|    ent_coef_loss   | -0.168   |
|    learning_rate   | 0.0003   |
|    n_updates       | 2152460  |
---------------------------------
---------------------------------
| rollout/           |          |
|    ep_len_mean     | 43.5     |
|    ep_rew_mean     | -148     |
| time/              |          |
|    episodes        | 42248    |
|    fps             | 9        |
|    time_elapsed    | 6846     |
|    total_timesteps | 2162770  |
| train/             |          |
|    actor_loss      | 0.839    |
|    critic_loss     | 0.184    |
|    ent_coef        | 0.00598  |
|    ent_coef_loss   | 0.344    |
|    learning_rate   | 0.0003   |
|    n_updates       | 2152750  |
---------------------------------
---------------------------------
| rollout/           |          |
|    ep_len_mean     | 43.6     |
|    ep_rew_mean     | -140     |
| time/              |          |
|    episodes        | 42252    |
|    fps             | 9        |
|    time_elapsed    | 6857     |
|    total_timesteps | 2162930  |
| train/             |          |
|    actor_loss      | 0.752    |
|    critic_loss     | 0.174    |
|    ent_coef        | 0.00605  |
|    ent_coef_loss   | -0.0288  |
|    learning_rate   | 0.0003   |
|    n_updates       | 2152910  |
---------------------------------
---------------------------------
| rollout/           |          |
|    ep_len_mean     | 44.2     |
|    ep_rew_mean     | -141     |
| time/              |          |
|    episodes        | 42256    |
|    fps             | 9        |
|    time_elapsed    | 6863     |
|    total_timesteps | 2163010  |
| train/             |          |
|    actor_loss      | 0.776    |
|    critic_loss     | 0.215    |
|    ent_coef        | 0.00603  |
|    ent_coef_loss   | -0.00263 |
|    learning_rate   | 0.0003   |
|    n_updates       | 2152990  |
---------------------------------
---------------------------------
| rollout/           |          |
|    ep_len_mean     | 44.4     |
|    ep_rew_mean     | -137     |
| time/              |          |
|    episodes        | 42260    |
|    fps             | 9        |
|    time_elapsed    | 6892     |
|    total_timesteps | 2163350  |
| train/             |          |
|    actor_loss      | 0.825    |
|    critic_loss     | 0.137    |
|    ent_coef        | 0.00606  |
|    ent_coef_loss   | -0.205   |
|    learning_rate   | 0.0003   |
|    n_updates       | 2153330  |
---------------------------------
---------------------------------
| rollout/           |          |
|    ep_len_mean     | 44.1     |
|    ep_rew_mean     | -141     |
| time/              |          |
|    episodes        | 42264    |
|    fps             | 9        |
|    time_elapsed    | 6903     |
|    total_timesteps | 2163530  |
| train/             |          |
|    actor_loss      | 0.751    |
|    critic_loss     | 0.159    |
|    ent_coef        | 0.00607  |
|    ent_coef_loss   | 0.15     |
|    learning_rate   | 0.0003   |
|    n_updates       | 2153510  |
---------------------------------
---------------------------------
| rollout/           |          |
|    ep_len_mean     | 44.7     |
|    ep_rew_mean     | -143     |
| time/              |          |
|    episodes        | 42268    |
|    fps             | 9        |
|    time_elapsed    | 6923     |
|    total_timesteps | 2163790  |
| train/             |          |
|    actor_loss      | 0.836    |
|    critic_loss     | 0.17     |
|    ent_coef        | 0.00619  |
|    ent_coef_loss   | 0.313    |
|    learning_rate   | 0.0003   |
|    n_updates       | 2153770  |
---------------------------------
---------------------------------
| rollout/           |          |
|    ep_len_mean     | 45.3     |
|    ep_rew_mean     | -138     |
| time/              |          |
|    episodes        | 42272    |
|    fps             | 9        |
|    time_elapsed    | 6931     |
|    total_timesteps | 2163870  |
| train/             |          |
|    actor_loss      | 0.787    |
|    critic_loss     | 0.159    |
|    ent_coef        | 0.00621  |
|    ent_coef_loss   | 0.151    |
|    learning_rate   | 0.0003   |
|    n_updates       | 2153850  |
---------------------------------
---------------------------------
| rollout/           |          |
|    ep_len_mean     | 45.1     |
|    ep_rew_mean     | -138     |
| time/              |          |
|    episodes        | 42276    |
|    fps             | 9        |
|    time_elapsed    | 6963     |
|    total_timesteps | 2164250  |
| train/             |          |
|    actor_loss      | 0.767    |
|    critic_loss     | 0.161    |
|    ent_coef        | 0.00621  |
|    ent_coef_loss   | 0.29     |
|    learning_rate   | 0.0003   |
|    n_updates       | 2154230  |
---------------------------------
---------------------------------
| rollout/           |          |
|    ep_len_mean     | 45.8     |
|    ep_rew_mean     | -126     |
| time/              |          |
|    episodes        | 42280    |
|    fps             | 9        |
|    time_elapsed    | 6973     |
|    total_timesteps | 2164410  |
| train/             |          |
|    actor_loss      | 0.88     |
|    critic_loss     | 0.213    |
|    ent_coef        | 0.00605  |
|    ent_coef_loss   | 0.15     |
|    learning_rate   | 0.0003   |
|    n_updates       | 2154390  |
---------------------------------
---------------------------------
| rollout/           |          |
|    ep_len_mean     | 46.5     |
|    ep_rew_mean     | -120     |
| time/              |          |
|    episodes        | 42284    |
|    fps             | 9        |
|    time_elapsed    | 6983     |
|    total_timesteps | 2164550  |
| train/             |          |
|    actor_loss      | 0.775    |
|    critic_loss     | 0.187    |
|    ent_coef        | 0.00606  |
|    ent_coef_loss   | -0.408   |
|    learning_rate   | 0.0003   |
|    n_updates       | 2154530  |
---------------------------------
---------------------------------
| rollout/           |          |
|    ep_len_mean     | 46       |
|    ep_rew_mean     | -127     |
| time/              |          |
|    episodes        | 42288    |
|    fps             | 9        |
|    time_elapsed    | 6994     |
|    total_timesteps | 2164710  |
| train/             |          |
|    actor_loss      | 0.84     |
|    critic_loss     | 0.182    |
|    ent_coef        | 0.00604  |
|    ent_coef_loss   | 0.113    |
|    learning_rate   | 0.0003   |
|    n_updates       | 2154690  |
---------------------------------
---------------------------------
| rollout/           |          |
|    ep_len_mean     | 45.7     |
|    ep_rew_mean     | -130     |
| time/              |          |
|    episodes        | 42292    |
|    fps             | 9        |
|    time_elapsed    | 7007     |
|    total_timesteps | 2164880  |
| train/             |          |
|    actor_loss      | 0.899    |
|    critic_loss     | 0.172    |
|    ent_coef        | 0.00614  |
|    ent_coef_loss   | 0.206    |
|    learning_rate   | 0.0003   |
|    n_updates       | 2154860  |
---------------------------------
---------------------------------
| rollout/           |          |
|    ep_len_mean     | 45.6     |
|    ep_rew_mean     | -121     |
| time/              |          |
|    episodes        | 42296    |
|    fps             | 9        |
|    time_elapsed    | 7021     |
|    total_timesteps | 2165000  |
| train/             |          |
|    actor_loss      | 0.801    |
|    critic_loss     | 0.291    |
|    ent_coef        | 0.00617  |
|    ent_coef_loss   | 0.0248   |
|    learning_rate   | 0.0003   |
|    n_updates       | 2154980  |
---------------------------------
---------------------------------
| rollout/           |          |
|    ep_len_mean     | 46.5     |
|    ep_rew_mean     | -114     |
| time/              |          |
|    episodes        | 42300    |
|    fps             | 9        |
|    time_elapsed    | 7044     |
|    total_timesteps | 2165230  |
| train/             |          |
|    actor_loss      | 0.831    |
|    critic_loss     | 0.158    |
|    ent_coef        | 0.00614  |
|    ent_coef_loss   | -0.405   |
|    learning_rate   | 0.0003   |
|    n_updates       | 2155210  |
---------------------------------
---------------------------------
| rollout/           |          |
|    ep_len_mean     | 46.6     |
|    ep_rew_mean     | -109     |
| time/              |          |
|    episodes        | 42304    |
|    fps             | 9        |
|    time_elapsed    | 7065     |
|    total_timesteps | 2165450  |
| train/             |          |
|    actor_loss      | 0.784    |
|    critic_loss     | 0.21     |
|    ent_coef        | 0.00605  |
|    ent_coef_loss   | 0.251    |
|    learning_rate   | 0.0003   |
|    n_updates       | 2155430  |
---------------------------------
---------------------------------
| rollout/           |          |
|    ep_len_mean     | 46.7     |
|    ep_rew_mean     | -109     |
| time/              |          |
|    episodes        | 42308    |
|    fps             | 9        |
|    time_elapsed    | 7074     |
|    total_timesteps | 2165560  |
| train/             |          |
|    actor_loss      | 0.814    |
|    critic_loss     | 0.126    |
|    ent_coef        | 0.00611  |
|    ent_coef_loss   | 0.572    |
|    learning_rate   | 0.0003   |
|    n_updates       | 2155540  |
---------------------------------
---------------------------------
| rollout/           |          |
|    ep_len_mean     | 46.8     |
|    ep_rew_mean     | -102     |
| time/              |          |
|    episodes        | 42312    |
|    fps             | 9        |
|    time_elapsed    | 7087     |
|    total_timesteps | 2165670  |
| train/             |          |
|    actor_loss      | 0.852    |
|    critic_loss     | 0.153    |
|    ent_coef        | 0.00616  |
|    ent_coef_loss   | 0.0396   |
|    learning_rate   | 0.0003   |
|    n_updates       | 2155650  |
---------------------------------
---------------------------------
| rollout/           |          |
|    ep_len_mean     | 45.9     |
|    ep_rew_mean     | -103     |
| time/              |          |
|    episodes        | 42316    |
|    fps             | 9        |
|    time_elapsed    | 7096     |
|    total_timesteps | 2165800  |
| train/             |          |
|    actor_loss      | 0.829    |
|    critic_loss     | 0.216    |
|    ent_coef        | 0.00608  |
|    ent_coef_loss   | -0.353   |
|    learning_rate   | 0.0003   |
|    n_updates       | 2155780  |
---------------------------------
---------------------------------
| rollout/           |          |
|    ep_len_mean     | 45.5     |
|    ep_rew_mean     | -105     |
| time/              |          |
|    episodes        | 42320    |
|    fps             | 9        |
|    time_elapsed    | 7119     |
|    total_timesteps | 2166140  |
| train/             |          |
|    actor_loss      | 0.787    |
|    critic_loss     | 0.282    |
|    ent_coef        | 0.00619  |
|    ent_coef_loss   | 0.504    |
|    learning_rate   | 0.0003   |
|    n_updates       | 2156120  |
---------------------------------
---------------------------------
| rollout/           |          |
|    ep_len_mean     | 46       |
|    ep_rew_mean     | -107     |
| time/              |          |
|    episodes        | 42324    |
|    fps             | 9        |
|    time_elapsed    | 7133     |
|    total_timesteps | 2166280  |
| train/             |          |
|    actor_loss      | 0.854    |
|    critic_loss     | 0.177    |
|    ent_coef        | 0.00608  |
|    ent_coef_loss   | -0.0166  |
|    learning_rate   | 0.0003   |
|    n_updates       | 2156260  |
---------------------------------
---------------------------------
| rollout/           |          |
|    ep_len_mean     | 46.4     |
|    ep_rew_mean     | -109     |
| time/              |          |
|    episodes        | 42328    |
|    fps             | 9        |
|    time_elapsed    | 7144     |
|    total_timesteps | 2166420  |
| train/             |          |
|    actor_loss      | 0.848    |
|    critic_loss     | 0.162    |
|    ent_coef        | 0.00609  |
|    ent_coef_loss   | 0.125    |
|    learning_rate   | 0.0003   |
|    n_updates       | 2156400  |
---------------------------------
---------------------------------
| rollout/           |          |
|    ep_len_mean     | 45.3     |
|    ep_rew_mean     | -111     |
| time/              |          |
|    episodes        | 42332    |
|    fps             | 9        |
|    time_elapsed    | 7167     |
|    total_timesteps | 2166580  |
| train/             |          |
|    actor_loss      | 0.875    |
|    critic_loss     | 0.199    |
|    ent_coef        | 0.00604  |
|    ent_coef_loss   | -0.176   |
|    learning_rate   | 0.0003   |
|    n_updates       | 2156560  |
---------------------------------
---------------------------------
| rollout/           |          |
|    ep_len_mean     | 44.5     |
|    ep_rew_mean     | -121     |
| time/              |          |
|    episodes        | 42336    |
|    fps             | 9        |
|    time_elapsed    | 7176     |
|    total_timesteps | 2166700  |
| train/             |          |
|    actor_loss      | 0.869    |
|    critic_loss     | 0.172    |
|    ent_coef        | 0.00607  |
|    ent_coef_loss   | 0.265    |
|    learning_rate   | 0.0003   |
|    n_updates       | 2156680  |
---------------------------------
---------------------------------
| rollout/           |          |
|    ep_len_mean     | 44.5     |
|    ep_rew_mean     | -125     |
| time/              |          |
|    episodes        | 42340    |
|    fps             | 9        |
|    time_elapsed    | 7192     |
|    total_timesteps | 2166930  |
| train/             |          |
|    actor_loss      | 0.789    |
|    critic_loss     | 0.18     |
|    ent_coef        | 0.00608  |
|    ent_coef_loss   | -0.493   |
|    learning_rate   | 0.0003   |
|    n_updates       | 2156910  |
---------------------------------
---------------------------------
| rollout/           |          |
|    ep_len_mean     | 45.8     |
|    ep_rew_mean     | -120     |
| time/              |          |
|    episodes        | 42344    |
|    fps             | 9        |
|    time_elapsed    | 7209     |
|    total_timesteps | 2167200  |
| train/             |          |
|    actor_loss      | 0.791    |
|    critic_loss     | 0.254    |
|    ent_coef        | 0.00597  |
|    ent_coef_loss   | -0.72    |
|    learning_rate   | 0.0003   |
|    n_updates       | 2157180  |
---------------------------------
---------------------------------
| rollout/           |          |
|    ep_len_mean     | 46.1     |
|    ep_rew_mean     | -116     |
| time/              |          |
|    episodes        | 42348    |
|    fps             | 9        |
|    time_elapsed    | 7218     |
|    total_timesteps | 2167300  |
| train/             |          |
|    actor_loss      | 0.812    |
|    critic_loss     | 0.227    |
|    ent_coef        | 0.00589  |
|    ent_coef_loss   | -0.222   |
|    learning_rate   | 0.0003   |
|    n_updates       | 2157280  |
---------------------------------
---------------------------------
| rollout/           |          |
|    ep_len_mean     | 46.3     |
|    ep_rew_mean     | -112     |
| time/              |          |
|    episodes        | 42352    |
|    fps             | 9        |
|    time_elapsed    | 7235     |
|    total_timesteps | 2167500  |
| train/             |          |
|    actor_loss      | 0.797    |
|    critic_loss     | 0.154    |
|    ent_coef        | 0.006    |
|    ent_coef_loss   | 0.171    |
|    learning_rate   | 0.0003   |
|    n_updates       | 2157480  |
---------------------------------
---------------------------------
| rollout/           |          |
|    ep_len_mean     | 46.1     |
|    ep_rew_mean     | -110     |
| time/              |          |
|    episodes        | 42356    |
|    fps             | 9        |
|    time_elapsed    | 7254     |
|    total_timesteps | 2167800  |
| train/             |          |
|    actor_loss      | 0.866    |
|    critic_loss     | 0.209    |
|    ent_coef        | 0.00594  |
|    ent_coef_loss   | 0.482    |
|    learning_rate   | 0.0003   |
|    n_updates       | 2157780  |
---------------------------------
---------------------------------
| rollout/           |          |
|    ep_len_mean     | 46.4     |
|    ep_rew_mean     | -107     |
| time/              |          |
|    episodes        | 42360    |
|    fps             | 9        |
|    time_elapsed    | 7257     |
|    total_timesteps | 2167840  |
| train/             |          |
|    actor_loss      | 0.768    |
|    critic_loss     | 0.183    |
|    ent_coef        | 0.00596  |
|    ent_coef_loss   | 0.285    |
|    learning_rate   | 0.0003   |
|    n_updates       | 2157820  |
---------------------------------
---------------------------------
| rollout/           |          |
|    ep_len_mean     | 46       |
|    ep_rew_mean     | -111     |
| time/              |          |
|    episodes        | 42364    |
|    fps             | 9        |
|    time_elapsed    | 7274     |
|    total_timesteps | 2168020  |
| train/             |          |
|    actor_loss      | 0.795    |
|    critic_loss     | 0.167    |
|    ent_coef        | 0.00598  |
|    ent_coef_loss   | 0.335    |
|    learning_rate   | 0.0003   |
|    n_updates       | 2158000  |
---------------------------------
---------------------------------
| rollout/           |          |
|    ep_len_mean     | 44.8     |
|    ep_rew_mean     | -113     |
| time/              |          |
|    episodes        | 42368    |
|    fps             | 9        |
|    time_elapsed    | 7288     |
|    total_timesteps | 2168220  |
| train/             |          |
|    actor_loss      | 0.82     |
|    critic_loss     | 0.225    |
|    ent_coef        | 0.00613  |
|    ent_coef_loss   | -0.0711  |
|    learning_rate   | 0.0003   |
|    n_updates       | 2158200  |
---------------------------------
---------------------------------
| rollout/           |          |
|    ep_len_mean     | 44.6     |
|    ep_rew_mean     | -121     |
| time/              |          |
|    episodes        | 42372    |
|    fps             | 9        |
|    time_elapsed    | 7300     |
|    total_timesteps | 2168380  |
| train/             |          |
|    actor_loss      | 0.869    |
|    critic_loss     | 0.197    |
|    ent_coef        | 0.00617  |
|    ent_coef_loss   | -0.273   |
|    learning_rate   | 0.0003   |
|    n_updates       | 2158360  |
---------------------------------
---------------------------------
| rollout/           |          |
|    ep_len_mean     | 44.2     |
|    ep_rew_mean     | -127     |
| time/              |          |
|    episodes        | 42376    |
|    fps             | 9        |
|    time_elapsed    | 7313     |
|    total_timesteps | 2168570  |
| train/             |          |
|    actor_loss      | 0.805    |
|    critic_loss     | 0.191    |
|    ent_coef        | 0.00608  |
|    ent_coef_loss   | -0.34    |
|    learning_rate   | 0.0003   |
|    n_updates       | 2158550  |
---------------------------------
---------------------------------
| rollout/           |          |
|    ep_len_mean     | 44       |
|    ep_rew_mean     | -127     |
| time/              |          |
|    episodes        | 42380    |
|    fps             | 9        |
|    time_elapsed    | 7325     |
|    total_timesteps | 2168720  |
| train/             |          |
|    actor_loss      | 0.838    |
|    critic_loss     | 0.171    |
|    ent_coef        | 0.00609  |
|    ent_coef_loss   | -0.242   |
|    learning_rate   | 0.0003   |
|    n_updates       | 2158700  |
---------------------------------
---------------------------------
| rollout/           |          |
|    ep_len_mean     | 43.4     |
|    ep_rew_mean     | -132     |
| time/              |          |
|    episodes        | 42384    |
|    fps             | 9        |
|    time_elapsed    | 7337     |
|    total_timesteps | 2168920  |
| train/             |          |
|    actor_loss      | 0.846    |
|    critic_loss     | 0.195    |
|    ent_coef        | 0.00607  |
|    ent_coef_loss   | 0.314    |
|    learning_rate   | 0.0003   |
|    n_updates       | 2158900  |
---------------------------------
---------------------------------
| rollout/           |          |
|    ep_len_mean     | 43.4     |
|    ep_rew_mean     | -128     |
| time/              |          |
|    episodes        | 42388    |
|    fps             | 9        |
|    time_elapsed    | 7347     |
|    total_timesteps | 2169040  |
| train/             |          |
|    actor_loss      | 0.766    |
|    critic_loss     | 0.136    |
|    ent_coef        | 0.00609  |
|    ent_coef_loss   | -0.631   |
|    learning_rate   | 0.0003   |
|    n_updates       | 2159020  |
---------------------------------
---------------------------------
| rollout/           |          |
|    ep_len_mean     | 44.2     |
|    ep_rew_mean     | -120     |
| time/              |          |
|    episodes        | 42392    |
|    fps             | 9        |
|    time_elapsed    | 7362     |
|    total_timesteps | 2169270  |
| train/             |          |
|    actor_loss      | 0.764    |
|    critic_loss     | 0.194    |
|    ent_coef        | 0.00596  |
|    ent_coef_loss   | -0.0987  |
|    learning_rate   | 0.0003   |
|    n_updates       | 2159250  |
---------------------------------
---------------------------------
| rollout/           |          |
|    ep_len_mean     | 44.5     |
|    ep_rew_mean     | -125     |
| time/              |          |
|    episodes        | 42396    |
|    fps             | 9        |
|    time_elapsed    | 7371     |
|    total_timesteps | 2169410  |
| train/             |          |
|    actor_loss      | 0.802    |
|    critic_loss     | 0.165    |
|    ent_coef        | 0.00595  |
|    ent_coef_loss   | -0.207   |
|    learning_rate   | 0.0003   |
|    n_updates       | 2159390  |
---------------------------------
---------------------------------
| rollout/           |          |
|    ep_len_mean     | 44.5     |
|    ep_rew_mean     | -126     |
| time/              |          |
|    episodes        | 42400    |
|    fps             | 9        |
|    time_elapsed    | 7387     |
|    total_timesteps | 2169650  |
| train/             |          |
|    actor_loss      | 0.853    |
|    critic_loss     | 0.252    |
|    ent_coef        | 0.0061   |
|    ent_coef_loss   | 0.303    |
|    learning_rate   | 0.0003   |
|    n_updates       | 2159630  |
---------------------------------
---------------------------------
| rollout/           |          |
|    ep_len_mean     | 43.7     |
|    ep_rew_mean     | -131     |
| time/              |          |
|    episodes        | 42404    |
|    fps             | 9        |
|    time_elapsed    | 7401     |
|    total_timesteps | 2169790  |
| train/             |          |
|    actor_loss      | 0.839    |
|    critic_loss     | 0.168    |
|    ent_coef        | 0.00618  |
|    ent_coef_loss   | -0.266   |
|    learning_rate   | 0.0003   |
|    n_updates       | 2159770  |
---------------------------------
---------------------------------
| rollout/           |          |
|    ep_len_mean     | 44.3     |
|    ep_rew_mean     | -127     |
| time/              |          |
|    episodes        | 42408    |
|    fps             | 9        |
|    time_elapsed    | 7421     |
|    total_timesteps | 2170010  |
| train/             |          |
|    actor_loss      | 0.831    |
|    critic_loss     | 0.223    |
|    ent_coef        | 0.00621  |
|    ent_coef_loss   | 0.278    |
|    learning_rate   | 0.0003   |
|    n_updates       | 2159990  |
---------------------------------
---------------------------------
| rollout/           |          |
|    ep_len_mean     | 44.7     |
|    ep_rew_mean     | -126     |
| time/              |          |
|    episodes        | 42412    |
|    fps             | 9        |
|    time_elapsed    | 7437     |
|    total_timesteps | 2170210  |
| train/             |          |
|    actor_loss      | 0.732    |
|    critic_loss     | 0.184    |
|    ent_coef        | 0.00631  |
|    ent_coef_loss   | 0.124    |
|    learning_rate   | 0.0003   |
|    n_updates       | 2160190  |
---------------------------------
---------------------------------
| rollout/           |          |
|    ep_len_mean     | 45.1     |
|    ep_rew_mean     | -128     |
| time/              |          |
|    episodes        | 42416    |
|    fps             | 9        |
|    time_elapsed    | 7451     |
|    total_timesteps | 2170440  |
| train/             |          |
|    actor_loss      | 0.806    |
|    critic_loss     | 0.153    |
|    ent_coef        | 0.00627  |
|    ent_coef_loss   | -0.585   |
|    learning_rate   | 0.0003   |
|    n_updates       | 2160420  |
---------------------------------
---------------------------------
| rollout/           |          |
|    ep_len_mean     | 45.7     |
|    ep_rew_mean     | -126     |
| time/              |          |
|    episodes        | 42420    |
|    fps             | 9        |
|    time_elapsed    | 7468     |
|    total_timesteps | 2170670  |
| train/             |          |
|    actor_loss      | 0.762    |
|    critic_loss     | 0.145    |
|    ent_coef        | 0.00621  |
|    ent_coef_loss   | -0.186   |
|    learning_rate   | 0.0003   |
|    n_updates       | 2160650  |
---------------------------------
---------------------------------
| rollout/           |          |
|    ep_len_mean     | 45.6     |
|    ep_rew_mean     | -119     |
| time/              |          |
|    episodes        | 42424    |
|    fps             | 9        |
|    time_elapsed    | 7482     |
|    total_timesteps | 2170870  |
| train/             |          |
|    actor_loss      | 0.873    |
|    critic_loss     | 0.213    |
|    ent_coef        | 0.00624  |
|    ent_coef_loss   | -0.12    |
|    learning_rate   | 0.0003   |
|    n_updates       | 2160850  |
---------------------------------
---------------------------------
| rollout/           |          |
|    ep_len_mean     | 45.7     |
|    ep_rew_mean     | -118     |
| time/              |          |
|    episodes        | 42428    |
|    fps             | 9        |
|    time_elapsed    | 7505     |
|    total_timesteps | 2171170  |
| train/             |          |
|    actor_loss      | 0.711    |
|    critic_loss     | 0.178    |
|    ent_coef        | 0.00608  |
|    ent_coef_loss   | -0.02    |
|    learning_rate   | 0.0003   |
|    n_updates       | 2161150  |
---------------------------------
---------------------------------
| rollout/           |          |
|    ep_len_mean     | 46.4     |
|    ep_rew_mean     | -119     |
| time/              |          |
|    episodes        | 42432    |
|    fps             | 9        |
|    time_elapsed    | 7522     |
|    total_timesteps | 2171310  |
| train/             |          |
|    actor_loss      | 0.828    |
|    critic_loss     | 0.125    |
|    ent_coef        | 0.00606  |
|    ent_coef_loss   | 0.0935   |
|    learning_rate   | 0.0003   |
|    n_updates       | 2161290  |
---------------------------------
---------------------------------
| rollout/           |          |
|    ep_len_mean     | 47.4     |
|    ep_rew_mean     | -105     |
| time/              |          |
|    episodes        | 42436    |
|    fps             | 9        |
|    time_elapsed    | 7526     |
|    total_timesteps | 2171360  |
| train/             |          |
|    actor_loss      | 0.795    |
|    critic_loss     | 0.182    |
|    ent_coef        | 0.00606  |
|    ent_coef_loss   | 0.149    |
|    learning_rate   | 0.0003   |
|    n_updates       | 2161340  |
---------------------------------
---------------------------------
| rollout/           |          |
|    ep_len_mean     | 47       |
|    ep_rew_mean     | -110     |
| time/              |          |
|    episodes        | 42440    |
|    fps             | 9        |
|    time_elapsed    | 7547     |
|    total_timesteps | 2171630  |
| train/             |          |
|    actor_loss      | 0.851    |
|    critic_loss     | 0.234    |
|    ent_coef        | 0.00606  |
|    ent_coef_loss   | 0.377    |
|    learning_rate   | 0.0003   |
|    n_updates       | 2161610  |
---------------------------------
---------------------------------
| rollout/           |          |
|    ep_len_mean     | 46.2     |
|    ep_rew_mean     | -113     |
| time/              |          |
|    episodes        | 42444    |
|    fps             | 9        |
|    time_elapsed    | 7562     |
|    total_timesteps | 2171730  |
| train/             |          |
|    actor_loss      | 0.811    |
|    critic_loss     | 0.227    |
|    ent_coef        | 0.00613  |
|    ent_coef_loss   | -0.284   |
|    learning_rate   | 0.0003   |
|    n_updates       | 2161710  |
---------------------------------
---------------------------------
| rollout/           |          |
|    ep_len_mean     | 46.1     |
|    ep_rew_mean     | -118     |
| time/              |          |
|    episodes        | 42448    |
|    fps             | 9        |
|    time_elapsed    | 7583     |
|    total_timesteps | 2171950  |
| train/             |          |
|    actor_loss      | 0.828    |
|    critic_loss     | 0.125    |
|    ent_coef        | 0.00606  |
|    ent_coef_loss   | 0.475    |
|    learning_rate   | 0.0003   |
|    n_updates       | 2161930  |
---------------------------------
---------------------------------
| rollout/           |          |
|    ep_len_mean     | 46.1     |
|    ep_rew_mean     | -123     |
| time/              |          |
|    episodes        | 42452    |
|    fps             | 9        |
|    time_elapsed    | 7598     |
|    total_timesteps | 2172200  |
| train/             |          |
|    actor_loss      | 0.765    |
|    critic_loss     | 0.114    |
|    ent_coef        | 0.00595  |
|    ent_coef_loss   | -0.135   |
|    learning_rate   | 0.0003   |
|    n_updates       | 2162180  |
---------------------------------
---------------------------------
| rollout/           |          |
|    ep_len_mean     | 46       |
|    ep_rew_mean     | -127     |
| time/              |          |
|    episodes        | 42456    |
|    fps             | 9        |
|    time_elapsed    | 7609     |
|    total_timesteps | 2172310  |
| train/             |          |
|    actor_loss      | 0.754    |
|    critic_loss     | 0.196    |
|    ent_coef        | 0.0059   |
|    ent_coef_loss   | -0.224   |
|    learning_rate   | 0.0003   |
|    n_updates       | 2162290  |
---------------------------------
---------------------------------
| rollout/           |          |
|    ep_len_mean     | 46       |
|    ep_rew_mean     | -130     |
| time/              |          |
|    episodes        | 42460    |
|    fps             | 9        |
|    time_elapsed    | 7625     |
|    total_timesteps | 2172500  |
| train/             |          |
|    actor_loss      | 0.847    |
|    critic_loss     | 0.153    |
|    ent_coef        | 0.00587  |
|    ent_coef_loss   | 0.506    |
|    learning_rate   | 0.0003   |
|    n_updates       | 2162480  |
---------------------------------
---------------------------------
| rollout/           |          |
|    ep_len_mean     | 45.9     |
|    ep_rew_mean     | -135     |
| time/              |          |
|    episodes        | 42464    |
|    fps             | 9        |
|    time_elapsed    | 7638     |
|    total_timesteps | 2172670  |
| train/             |          |
|    actor_loss      | 0.781    |
|    critic_loss     | 0.165    |
|    ent_coef        | 0.00596  |
|    ent_coef_loss   | 0.653    |
|    learning_rate   | 0.0003   |
|    n_updates       | 2162650  |
---------------------------------
---------------------------------
| rollout/           |          |
|    ep_len_mean     | 46.6     |
|    ep_rew_mean     | -135     |
| time/              |          |
|    episodes        | 42468    |
|    fps             | 9        |
|    time_elapsed    | 7660     |
|    total_timesteps | 2172980  |
| train/             |          |
|    actor_loss      | 0.726    |
|    critic_loss     | 0.216    |
|    ent_coef        | 0.00606  |
|    ent_coef_loss   | -0.285   |
|    learning_rate   | 0.0003   |
|    n_updates       | 2162960  |
---------------------------------
---------------------------------
| rollout/           |          |
|    ep_len_mean     | 46.6     |
|    ep_rew_mean     | -136     |
| time/              |          |
|    episodes        | 42472    |
|    fps             | 9        |
|    time_elapsed    | 7668     |
|    total_timesteps | 2173070  |
| train/             |          |
|    actor_loss      | 0.808    |
|    critic_loss     | 0.231    |
|    ent_coef        | 0.00613  |
|    ent_coef_loss   | -0.242   |
|    learning_rate   | 0.0003   |
|    n_updates       | 2163050  |
---------------------------------
---------------------------------
| rollout/           |          |
|    ep_len_mean     | 47.2     |
|    ep_rew_mean     | -134     |
| time/              |          |
|    episodes        | 42476    |
|    fps             | 9        |
|    time_elapsed    | 7689     |
|    total_timesteps | 2173350  |
| train/             |          |
|    actor_loss      | 0.864    |
|    critic_loss     | 0.272    |
|    ent_coef        | 0.00615  |
|    ent_coef_loss   | -0.429   |
|    learning_rate   | 0.0003   |
|    n_updates       | 2163330  |
---------------------------------
---------------------------------
| rollout/           |          |
|    ep_len_mean     | 46.6     |
|    ep_rew_mean     | -142     |
| time/              |          |
|    episodes        | 42480    |
|    fps             | 9        |
|    time_elapsed    | 7694     |
|    total_timesteps | 2173410  |
| train/             |          |
|    actor_loss      | 0.813    |
|    critic_loss     | 0.115    |
|    ent_coef        | 0.00604  |
|    ent_coef_loss   | -0.449   |
|    learning_rate   | 0.0003   |
|    n_updates       | 2163390  |
---------------------------------
---------------------------------
| rollout/           |          |
|    ep_len_mean     | 47       |
|    ep_rew_mean     | -138     |
| time/              |          |
|    episodes        | 42484    |
|    fps             | 9        |
|    time_elapsed    | 7709     |
|    total_timesteps | 2173590  |
| train/             |          |
|    actor_loss      | 0.783    |
|    critic_loss     | 0.149    |
|    ent_coef        | 0.00592  |
|    ent_coef_loss   | -0.0371  |
|    learning_rate   | 0.0003   |
|    n_updates       | 2163570  |
---------------------------------
---------------------------------
| rollout/           |          |
|    ep_len_mean     | 47.7     |
|    ep_rew_mean     | -129     |
| time/              |          |
|    episodes        | 42488    |
|    fps             | 9        |
|    time_elapsed    | 7733     |
|    total_timesteps | 2173970  |
| train/             |          |
|    actor_loss      | 0.825    |
|    critic_loss     | 0.225    |
|    ent_coef        | 0.00589  |
|    ent_coef_loss   | -0.367   |
|    learning_rate   | 0.0003   |
|    n_updates       | 2163950  |
---------------------------------
---------------------------------
| rollout/           |          |
|    ep_len_mean     | 48.1     |
|    ep_rew_mean     | -122     |
| time/              |          |
|    episodes        | 42492    |
|    fps             | 9        |
|    time_elapsed    | 7736     |
|    total_timesteps | 2174020  |
| train/             |          |
|    actor_loss      | 0.79     |
|    critic_loss     | 0.178    |
|    ent_coef        | 0.00587  |
|    ent_coef_loss   | -0.0204  |
|    learning_rate   | 0.0003   |
|    n_updates       | 2164000  |
---------------------------------
---------------------------------
| rollout/           |          |
|    ep_len_mean     | 48.1     |
|    ep_rew_mean     | -120     |
| time/              |          |
|    episodes        | 42496    |
|    fps             | 9        |
|    time_elapsed    | 7751     |
|    total_timesteps | 2174210  |
| train/             |          |
|    actor_loss      | 0.867    |
|    critic_loss     | 0.212    |
|    ent_coef        | 0.00585  |
|    ent_coef_loss   | -0.282   |
|    learning_rate   | 0.0003   |
|    n_updates       | 2164190  |
---------------------------------
---------------------------------
| rollout/           |          |
|    ep_len_mean     | 48.2     |
|    ep_rew_mean     | -115     |
| time/              |          |
|    episodes        | 42500    |
|    fps             | 9        |
|    time_elapsed    | 7776     |
|    total_timesteps | 2174570  |
| train/             |          |
|    actor_loss      | 0.793    |
|    critic_loss     | 0.196    |
|    ent_coef        | 0.00577  |
|    ent_coef_loss   | 0.196    |
|    learning_rate   | 0.0003   |
|    n_updates       | 2164550  |
---------------------------------
---------------------------------
| rollout/           |          |
|    ep_len_mean     | 49       |
|    ep_rew_mean     | -119     |
| time/              |          |
|    episodes        | 42504    |
|    fps             | 9        |
|    time_elapsed    | 7782     |
|    total_timesteps | 2174630  |
| train/             |          |
|    actor_loss      | 0.824    |
|    critic_loss     | 0.193    |
|    ent_coef        | 0.00578  |
|    ent_coef_loss   | -0.00088 |
|    learning_rate   | 0.0003   |
|    n_updates       | 2164610  |
---------------------------------
---------------------------------
| rollout/           |          |
|    ep_len_mean     | 48.5     |
|    ep_rew_mean     | -126     |
| time/              |          |
|    episodes        | 42508    |
|    fps             | 9        |
|    time_elapsed    | 7795     |
|    total_timesteps | 2174810  |
| train/             |          |
|    actor_loss      | 0.763    |
|    critic_loss     | 0.252    |
|    ent_coef        | 0.00576  |
|    ent_coef_loss   | -0.00565 |
|    learning_rate   | 0.0003   |
|    n_updates       | 2164790  |
---------------------------------
---------------------------------
| rollout/           |          |
|    ep_len_mean     | 47.9     |
|    ep_rew_mean     | -129     |
| time/              |          |
|    episodes        | 42512    |
|    fps             | 9        |
|    time_elapsed    | 7806     |
|    total_timesteps | 2175000  |
| train/             |          |
|    actor_loss      | 0.771    |
|    critic_loss     | 0.135    |
|    ent_coef        | 0.00576  |
|    ent_coef_loss   | 0.206    |
|    learning_rate   | 0.0003   |
|    n_updates       | 2164980  |
---------------------------------
---------------------------------
| rollout/           |          |
|    ep_len_mean     | 47.6     |
|    ep_rew_mean     | -133     |
| time/              |          |
|    episodes        | 42516    |
|    fps             | 9        |
|    time_elapsed    | 7822     |
|    total_timesteps | 2175210  |
| train/             |          |
|    actor_loss      | 0.803    |
|    critic_loss     | 0.178    |
|    ent_coef        | 0.00583  |
|    ent_coef_loss   | -0.0826  |
|    learning_rate   | 0.0003   |
|    n_updates       | 2165190  |
---------------------------------
---------------------------------
| rollout/           |          |
|    ep_len_mean     | 46.8     |
|    ep_rew_mean     | -135     |
| time/              |          |
|    episodes        | 42520    |
|    fps             | 9        |
|    time_elapsed    | 7829     |
|    total_timesteps | 2175300  |
| train/             |          |
|    actor_loss      | 0.748    |
|    critic_loss     | 0.171    |
|    ent_coef        | 0.00592  |
|    ent_coef_loss   | 0.379    |
|    learning_rate   | 0.0003   |
|    n_updates       | 2165280  |
---------------------------------
---------------------------------
| rollout/           |          |
|    ep_len_mean     | 46.7     |
|    ep_rew_mean     | -140     |
| time/              |          |
|    episodes        | 42524    |
|    fps             | 9        |
|    time_elapsed    | 7846     |
|    total_timesteps | 2175560  |
| train/             |          |
|    actor_loss      | 0.818    |
|    critic_loss     | 0.185    |
|    ent_coef        | 0.00587  |
|    ent_coef_loss   | -0.213   |
|    learning_rate   | 0.0003   |
|    n_updates       | 2165540  |
---------------------------------
---------------------------------
| rollout/           |          |
|    ep_len_mean     | 46.7     |
|    ep_rew_mean     | -145     |
| time/              |          |
|    episodes        | 42528    |
|    fps             | 9        |
|    time_elapsed    | 7860     |
|    total_timesteps | 2175780  |
| train/             |          |
|    actor_loss      | 0.752    |
|    critic_loss     | 0.162    |
|    ent_coef        | 0.006    |
|    ent_coef_loss   | -0.15    |
|    learning_rate   | 0.0003   |
|    n_updates       | 2165760  |
---------------------------------
---------------------------------
| rollout/           |          |
|    ep_len_mean     | 47       |
|    ep_rew_mean     | -145     |
| time/              |          |
|    episodes        | 42532    |
|    fps             | 9        |
|    time_elapsed    | 7871     |
|    total_timesteps | 2175900  |
| train/             |          |
|    actor_loss      | 0.768    |
|    critic_loss     | 0.207    |
|    ent_coef        | 0.00593  |
|    ent_coef_loss   | -0.219   |
|    learning_rate   | 0.0003   |
|    n_updates       | 2165880  |
---------------------------------
---------------------------------
| rollout/           |          |
|    ep_len_mean     | 46.6     |
|    ep_rew_mean     | -153     |
| time/              |          |
|    episodes        | 42536    |
|    fps             | 9        |
|    time_elapsed    | 7886     |
|    total_timesteps | 2176110  |
| train/             |          |
|    actor_loss      | 0.781    |
|    critic_loss     | 0.137    |
|    ent_coef        | 0.00592  |
|    ent_coef_loss   | -0.0938  |
|    learning_rate   | 0.0003   |
|    n_updates       | 2166090  |
---------------------------------
---------------------------------
| rollout/           |          |
|    ep_len_mean     | 47.1     |
|    ep_rew_mean     | -142     |
| time/              |          |
|    episodes        | 42540    |
|    fps             | 9        |
|    time_elapsed    | 7899     |
|    total_timesteps | 2176230  |
| train/             |          |
|    actor_loss      | 0.866    |
|    critic_loss     | 0.21     |
|    ent_coef        | 0.00595  |
|    ent_coef_loss   | 0.302    |
|    learning_rate   | 0.0003   |
|    n_updates       | 2166210  |
---------------------------------
---------------------------------
| rollout/           |          |
|    ep_len_mean     | 47.2     |
|    ep_rew_mean     | -140     |
| time/              |          |
|    episodes        | 42544    |
|    fps             | 9        |
|    time_elapsed    | 7919     |
|    total_timesteps | 2176530  |
| train/             |          |
|    actor_loss      | 0.796    |
|    critic_loss     | 0.175    |
|    ent_coef        | 0.00603  |
|    ent_coef_loss   | 0.0299   |
|    learning_rate   | 0.0003   |
|    n_updates       | 2166510  |
---------------------------------
---------------------------------
| rollout/           |          |
|    ep_len_mean     | 47.4     |
|    ep_rew_mean     | -139     |
| time/              |          |
|    episodes        | 42548    |
|    fps             | 9        |
|    time_elapsed    | 7929     |
|    total_timesteps | 2176680  |
| train/             |          |
|    actor_loss      | 0.738    |
|    critic_loss     | 0.251    |
|    ent_coef        | 0.00602  |
|    ent_coef_loss   | -0.552   |
|    learning_rate   | 0.0003   |
|    n_updates       | 2166660  |
---------------------------------
---------------------------------
| rollout/           |          |
|    ep_len_mean     | 47.1     |
|    ep_rew_mean     | -142     |
| time/              |          |
|    episodes        | 42552    |
|    fps             | 9        |
|    time_elapsed    | 7937     |
|    total_timesteps | 2176790  |
| train/             |          |
|    actor_loss      | 0.752    |
|    critic_loss     | 0.189    |
|    ent_coef        | 0.006    |
|    ent_coef_loss   | -0.0249  |
|    learning_rate   | 0.0003   |
|    n_updates       | 2166770  |
---------------------------------
---------------------------------
| rollout/           |          |
|    ep_len_mean     | 47.3     |
|    ep_rew_mean     | -140     |
| time/              |          |
|    episodes        | 42556    |
|    fps             | 9        |
|    time_elapsed    | 7951     |
|    total_timesteps | 2177010  |
| train/             |          |
|    actor_loss      | 0.805    |
|    critic_loss     | 0.231    |
|    ent_coef        | 0.00598  |
|    ent_coef_loss   | 0.344    |
|    learning_rate   | 0.0003   |
|    n_updates       | 2166990  |
---------------------------------
---------------------------------
| rollout/           |          |
|    ep_len_mean     | 46.7     |
|    ep_rew_mean     | -145     |
| time/              |          |
|    episodes        | 42560    |
|    fps             | 9        |
|    time_elapsed    | 7971     |
|    total_timesteps | 2177240  |
| train/             |          |
|    actor_loss      | 0.846    |
|    critic_loss     | 0.24     |
|    ent_coef        | 0.00595  |
|    ent_coef_loss   | 0.643    |
|    learning_rate   | 0.0003   |
|    n_updates       | 2167220  |
---------------------------------
---------------------------------
| rollout/           |          |
|    ep_len_mean     | 47.1     |
|    ep_rew_mean     | -136     |
| time/              |          |
|    episodes        | 42564    |
|    fps             | 9        |
|    time_elapsed    | 7979     |
|    total_timesteps | 2177330  |
| train/             |          |
|    actor_loss      | 0.869    |
|    critic_loss     | 0.22     |
|    ent_coef        | 0.00605  |
|    ent_coef_loss   | 0.0692   |
|    learning_rate   | 0.0003   |
|    n_updates       | 2167310  |
---------------------------------
---------------------------------
| rollout/           |          |
|    ep_len_mean     | 46.9     |
|    ep_rew_mean     | -133     |
| time/              |          |
|    episodes        | 42568    |
|    fps             | 9        |
|    time_elapsed    | 7994     |
|    total_timesteps | 2177570  |
| train/             |          |
|    actor_loss      | 0.801    |
|    critic_loss     | 0.235    |
|    ent_coef        | 0.00596  |
|    ent_coef_loss   | -0.224   |
|    learning_rate   | 0.0003   |
|    n_updates       | 2167550  |
---------------------------------
---------------------------------
| rollout/           |          |
|    ep_len_mean     | 46.6     |
|    ep_rew_mean     | -131     |
| time/              |          |
|    episodes        | 42572    |
|    fps             | 9        |
|    time_elapsed    | 8007     |
|    total_timesteps | 2177760  |
| train/             |          |
|    actor_loss      | 0.821    |
|    critic_loss     | 0.179    |
|    ent_coef        | 0.00587  |
|    ent_coef_loss   | 0.048    |
|    learning_rate   | 0.0003   |
|    n_updates       | 2167740  |
---------------------------------
---------------------------------
| rollout/           |          |
|    ep_len_mean     | 46.5     |
|    ep_rew_mean     | -125     |
| time/              |          |
|    episodes        | 42576    |
|    fps             | 9        |
|    time_elapsed    | 8026     |
|    total_timesteps | 2177970  |
| train/             |          |
|    actor_loss      | 0.834    |
|    critic_loss     | 0.218    |
|    ent_coef        | 0.00591  |
|    ent_coef_loss   | 0.47     |
|    learning_rate   | 0.0003   |
|    n_updates       | 2167950  |
---------------------------------
---------------------------------
| rollout/           |          |
|    ep_len_mean     | 46.7     |
|    ep_rew_mean     | -125     |
| time/              |          |
|    episodes        | 42580    |
|    fps             | 9        |
|    time_elapsed    | 8037     |
|    total_timesteps | 2178110  |
| train/             |          |
|    actor_loss      | 0.879    |
|    critic_loss     | 0.225    |
|    ent_coef        | 0.00592  |
|    ent_coef_loss   | -0.252   |
|    learning_rate   | 0.0003   |
|    n_updates       | 2168090  |
---------------------------------
---------------------------------
| rollout/           |          |
|    ep_len_mean     | 46.9     |
|    ep_rew_mean     | -128     |
| time/              |          |
|    episodes        | 42584    |
|    fps             | 9        |
|    time_elapsed    | 8053     |
|    total_timesteps | 2178330  |
| train/             |          |
|    actor_loss      | 0.826    |
|    critic_loss     | 0.149    |
|    ent_coef        | 0.00587  |
|    ent_coef_loss   | 0.609    |
|    learning_rate   | 0.0003   |
|    n_updates       | 2168310  |
---------------------------------
---------------------------------
| rollout/           |          |
|    ep_len_mean     | 46.8     |
|    ep_rew_mean     | -130     |
| time/              |          |
|    episodes        | 42588    |
|    fps             | 9        |
|    time_elapsed    | 8065     |
|    total_timesteps | 2178520  |
| train/             |          |
|    actor_loss      | 0.842    |
|    critic_loss     | 0.166    |
|    ent_coef        | 0.00611  |
|    ent_coef_loss   | 0.148    |
|    learning_rate   | 0.0003   |
|    n_updates       | 2168500  |
---------------------------------
---------------------------------
| rollout/           |          |
|    ep_len_mean     | 46.6     |
|    ep_rew_mean     | -135     |
| time/              |          |
|    episodes        | 42592    |
|    fps             | 9        |
|    time_elapsed    | 8082     |
|    total_timesteps | 2178780  |
| train/             |          |
|    actor_loss      | 0.721    |
|    critic_loss     | 0.194    |
|    ent_coef        | 0.0061   |
|    ent_coef_loss   | -0.54    |
|    learning_rate   | 0.0003   |
|    n_updates       | 2168760  |
---------------------------------
---------------------------------
| rollout/           |          |
|    ep_len_mean     | 47       |
|    ep_rew_mean     | -132     |
| time/              |          |
|    episodes        | 42596    |
|    fps             | 9        |
|    time_elapsed    | 8093     |
|    total_timesteps | 2178920  |
| train/             |          |
|    actor_loss      | 0.855    |
|    critic_loss     | 0.193    |
|    ent_coef        | 0.00608  |
|    ent_coef_loss   | 0.511    |
|    learning_rate   | 0.0003   |
|    n_updates       | 2168900  |
---------------------------------
---------------------------------
| rollout/           |          |
|    ep_len_mean     | 46.9     |
|    ep_rew_mean     | -132     |
| time/              |          |
|    episodes        | 42600    |
|    fps             | 9        |
|    time_elapsed    | 8117     |
|    total_timesteps | 2179250  |
| train/             |          |
|    actor_loss      | 0.893    |
|    critic_loss     | 0.294    |
|    ent_coef        | 0.00604  |
|    ent_coef_loss   | 0.44     |
|    learning_rate   | 0.0003   |
|    n_updates       | 2169230  |
---------------------------------
---------------------------------
| rollout/           |          |
|    ep_len_mean     | 46.7     |
|    ep_rew_mean     | -129     |
| time/              |          |
|    episodes        | 42604    |
|    fps             | 9        |
|    time_elapsed    | 8126     |
|    total_timesteps | 2179350  |
| train/             |          |
|    actor_loss      | 0.74     |
|    critic_loss     | 0.155    |
|    ent_coef        | 0.00607  |
|    ent_coef_loss   | -0.34    |
|    learning_rate   | 0.0003   |
|    n_updates       | 2169330  |
---------------------------------
---------------------------------
| rollout/           |          |
|    ep_len_mean     | 47.2     |
|    ep_rew_mean     | -126     |
| time/              |          |
|    episodes        | 42608    |
|    fps             | 9        |
|    time_elapsed    | 8135     |
|    total_timesteps | 2179440  |
| train/             |          |
|    actor_loss      | 0.824    |
|    critic_loss     | 0.202    |
|    ent_coef        | 0.00611  |
|    ent_coef_loss   | 0.146    |
|    learning_rate   | 0.0003   |
|    n_updates       | 2169420  |
---------------------------------
---------------------------------
| rollout/           |          |
|    ep_len_mean     | 47.4     |
|    ep_rew_mean     | -128     |
| time/              |          |
|    episodes        | 42612    |
|    fps             | 9        |
|    time_elapsed    | 8163     |
|    total_timesteps | 2179860  |
| train/             |          |
|    actor_loss      | 0.801    |
|    critic_loss     | 0.317    |
|    ent_coef        | 0.00603  |
|    ent_coef_loss   | 0.103    |
|    learning_rate   | 0.0003   |
|    n_updates       | 2169840  |
---------------------------------
---------------------------------
| rollout/           |          |
|    ep_len_mean     | 48.1     |
|    ep_rew_mean     | -119     |
| time/              |          |
|    episodes        | 42616    |
|    fps             | 9        |
|    time_elapsed    | 8169     |
|    total_timesteps | 2179930  |
| train/             |          |
|    actor_loss      | 0.811    |
|    critic_loss     | 0.255    |
|    ent_coef        | 0.00596  |
|    ent_coef_loss   | -0.1     |
|    learning_rate   | 0.0003   |
|    n_updates       | 2169910  |
---------------------------------
---------------------------------
| rollout/           |          |
|    ep_len_mean     | 48.3     |
|    ep_rew_mean     | -121     |
| time/              |          |
|    episodes        | 42620    |
|    fps             | 9        |
|    time_elapsed    | 8184     |
|    total_timesteps | 2180100  |
| train/             |          |
|    actor_loss      | 0.87     |
|    critic_loss     | 0.228    |
|    ent_coef        | 0.00594  |
|    ent_coef_loss   | 0.0864   |
|    learning_rate   | 0.0003   |
|    n_updates       | 2170080  |
---------------------------------
---------------------------------
| rollout/           |          |
|    ep_len_mean     | 48       |
|    ep_rew_mean     | -124     |
| time/              |          |
|    episodes        | 42624    |
|    fps             | 9        |
|    time_elapsed    | 8202     |
|    total_timesteps | 2180380  |
| train/             |          |
|    actor_loss      | 0.866    |
|    critic_loss     | 0.18     |
|    ent_coef        | 0.00606  |
|    ent_coef_loss   | 0.301    |
|    learning_rate   | 0.0003   |
|    n_updates       | 2170360  |
---------------------------------
---------------------------------
| rollout/           |          |
|    ep_len_mean     | 47.6     |
|    ep_rew_mean     | -119     |
| time/              |          |
|    episodes        | 42628    |
|    fps             | 9        |
|    time_elapsed    | 8214     |
|    total_timesteps | 2180530  |
| train/             |          |
|    actor_loss      | 0.725    |
|    critic_loss     | 0.125    |
|    ent_coef        | 0.00609  |
|    ent_coef_loss   | -0.153   |
|    learning_rate   | 0.0003   |
|    n_updates       | 2170510  |
---------------------------------
---------------------------------
| rollout/           |          |
|    ep_len_mean     | 47.7     |
|    ep_rew_mean     | -117     |
| time/              |          |
|    episodes        | 42632    |
|    fps             | 9        |
|    time_elapsed    | 8223     |
|    total_timesteps | 2180630  |
| train/             |          |
|    actor_loss      | 0.851    |
|    critic_loss     | 0.182    |
|    ent_coef        | 0.00613  |
|    ent_coef_loss   | 0.264    |
|    learning_rate   | 0.0003   |
|    n_updates       | 2170610  |
---------------------------------
---------------------------------
| rollout/           |          |
|    ep_len_mean     | 47       |
|    ep_rew_mean     | -118     |
| time/              |          |
|    episodes        | 42636    |
|    fps             | 9        |
|    time_elapsed    | 8238     |
|    total_timesteps | 2180820  |
| train/             |          |
|    actor_loss      | 0.797    |
|    critic_loss     | 0.32     |
|    ent_coef        | 0.00624  |
|    ent_coef_loss   | -0.0472  |
|    learning_rate   | 0.0003   |
|    n_updates       | 2170800  |
---------------------------------
---------------------------------
| rollout/           |          |
|    ep_len_mean     | 47       |
|    ep_rew_mean     | -122     |
| time/              |          |
|    episodes        | 42640    |
|    fps             | 9        |
|    time_elapsed    | 8251     |
|    total_timesteps | 2181000  |
| train/             |          |
|    actor_loss      | 0.911    |
|    critic_loss     | 0.293    |
|    ent_coef        | 0.00628  |
|    ent_coef_loss   | -0.212   |
|    learning_rate   | 0.0003   |
|    n_updates       | 2170980  |
---------------------------------
---------------------------------
| rollout/           |          |
|    ep_len_mean     | 47.3     |
|    ep_rew_mean     | -119     |
| time/              |          |
|    episodes        | 42644    |
|    fps             | 9        |
|    time_elapsed    | 8266     |
|    total_timesteps | 2181200  |
| train/             |          |
|    actor_loss      | 0.86     |
|    critic_loss     | 0.239    |
|    ent_coef        | 0.00624  |
|    ent_coef_loss   | -0.0394  |
|    learning_rate   | 0.0003   |
|    n_updates       | 2171180  |
---------------------------------
---------------------------------
| rollout/           |          |
|    ep_len_mean     | 47       |
|    ep_rew_mean     | -123     |
| time/              |          |
|    episodes        | 42648    |
|    fps             | 9        |
|    time_elapsed    | 8277     |
|    total_timesteps | 2181360  |
| train/             |          |
|    actor_loss      | 0.853    |
|    critic_loss     | 0.23     |
|    ent_coef        | 0.00617  |
|    ent_coef_loss   | -0.431   |
|    learning_rate   | 0.0003   |
|    n_updates       | 2171340  |
---------------------------------
---------------------------------
| rollout/           |          |
|    ep_len_mean     | 46.8     |
|    ep_rew_mean     | -122     |
| time/              |          |
|    episodes        | 42652    |
|    fps             | 9        |
|    time_elapsed    | 8290     |
|    total_timesteps | 2181510  |
| train/             |          |
|    actor_loss      | 0.807    |
|    critic_loss     | 0.236    |
|    ent_coef        | 0.00623  |
|    ent_coef_loss   | -0.192   |
|    learning_rate   | 0.0003   |
|    n_updates       | 2171490  |
---------------------------------
---------------------------------
| rollout/           |          |
|    ep_len_mean     | 46.9     |
|    ep_rew_mean     | -116     |
| time/              |          |
|    episodes        | 42656    |
|    fps             | 9        |
|    time_elapsed    | 8306     |
|    total_timesteps | 2181790  |
| train/             |          |
|    actor_loss      | 0.882    |
|    critic_loss     | 0.306    |
|    ent_coef        | 0.00614  |
|    ent_coef_loss   | -0.0642  |
|    learning_rate   | 0.0003   |
|    n_updates       | 2171770  |
---------------------------------
---------------------------------
| rollout/           |          |
|    ep_len_mean     | 47.4     |
|    ep_rew_mean     | -112     |
| time/              |          |
|    episodes        | 42660    |
|    fps             | 9        |
|    time_elapsed    | 8312     |
|    total_timesteps | 2181870  |
| train/             |          |
|    actor_loss      | 0.902    |
|    critic_loss     | 0.17     |
|    ent_coef        | 0.00607  |
|    ent_coef_loss   | -0.11    |
|    learning_rate   | 0.0003   |
|    n_updates       | 2171850  |
---------------------------------
---------------------------------
| rollout/           |          |
|    ep_len_mean     | 47.4     |
|    ep_rew_mean     | -115     |
| time/              |          |
|    episodes        | 42664    |
|    fps             | 9        |
|    time_elapsed    | 8323     |
|    total_timesteps | 2182020  |
| train/             |          |
|    actor_loss      | 0.868    |
|    critic_loss     | 0.159    |
|    ent_coef        | 0.00598  |
|    ent_coef_loss   | -0.27    |
|    learning_rate   | 0.0003   |
|    n_updates       | 2172000  |
---------------------------------
---------------------------------
| rollout/           |          |
|    ep_len_mean     | 46.6     |
|    ep_rew_mean     | -126     |
| time/              |          |
|    episodes        | 42668    |
|    fps             | 9        |
|    time_elapsed    | 8341     |
|    total_timesteps | 2182220  |
| train/             |          |
|    actor_loss      | 0.818    |
|    critic_loss     | 0.161    |
|    ent_coef        | 0.00598  |
|    ent_coef_loss   | 0.126    |
|    learning_rate   | 0.0003   |
|    n_updates       | 2172200  |
---------------------------------
---------------------------------
| rollout/           |          |
|    ep_len_mean     | 46.3     |
|    ep_rew_mean     | -122     |
| time/              |          |
|    episodes        | 42672    |
|    fps             | 9        |
|    time_elapsed    | 8350     |
|    total_timesteps | 2182360  |
| train/             |          |
|    actor_loss      | 0.843    |
|    critic_loss     | 0.169    |
|    ent_coef        | 0.00604  |
|    ent_coef_loss   | -0.157   |
|    learning_rate   | 0.0003   |
|    n_updates       | 2172340  |
---------------------------------
---------------------------------
| rollout/           |          |
|    ep_len_mean     | 46       |
|    ep_rew_mean     | -127     |
| time/              |          |
|    episodes        | 42676    |
|    fps             | 9        |
|    time_elapsed    | 8358     |
|    total_timesteps | 2182480  |
| train/             |          |
|    actor_loss      | 0.899    |
|    critic_loss     | 0.248    |
|    ent_coef        | 0.00605  |
|    ent_coef_loss   | 0.133    |
|    learning_rate   | 0.0003   |
|    n_updates       | 2172460  |
---------------------------------
---------------------------------
| rollout/           |          |
|    ep_len_mean     | 46.1     |
|    ep_rew_mean     | -128     |
| time/              |          |
|    episodes        | 42680    |
|    fps             | 9        |
|    time_elapsed    | 8371     |
|    total_timesteps | 2182630  |
| train/             |          |
|    actor_loss      | 0.894    |
|    critic_loss     | 0.215    |
|    ent_coef        | 0.00601  |
|    ent_coef_loss   | 0.0775   |
|    learning_rate   | 0.0003   |
|    n_updates       | 2172610  |
---------------------------------
---------------------------------
| rollout/           |          |
|    ep_len_mean     | 46       |
|    ep_rew_mean     | -124     |
| time/              |          |
|    episodes        | 42684    |
|    fps             | 9        |
|    time_elapsed    | 8399     |
|    total_timesteps | 2183030  |
| train/             |          |
|    actor_loss      | 0.832    |
|    critic_loss     | 0.211    |
|    ent_coef        | 0.00595  |
|    ent_coef_loss   | 0.0151   |
|    learning_rate   | 0.0003   |
|    n_updates       | 2173010  |
---------------------------------
---------------------------------
| rollout/           |          |
|    ep_len_mean     | 46.3     |
|    ep_rew_mean     | -124     |
| time/              |          |
|    episodes        | 42688    |
|    fps             | 9        |
|    time_elapsed    | 8411     |
|    total_timesteps | 2183120  |
| train/             |          |
|    actor_loss      | 0.805    |
|    critic_loss     | 0.192    |
|    ent_coef        | 0.00593  |
|    ent_coef_loss   | -0.242   |
|    learning_rate   | 0.0003   |
|    n_updates       | 2173100  |
---------------------------------
---------------------------------
| rollout/           |          |
|    ep_len_mean     | 45.8     |
|    ep_rew_mean     | -126     |
| time/              |          |
|    episodes        | 42692    |
|    fps             | 9        |
|    time_elapsed    | 8422     |
|    total_timesteps | 2183230  |
| train/             |          |
|    actor_loss      | 0.849    |
|    critic_loss     | 0.289    |
|    ent_coef        | 0.00599  |
|    ent_coef_loss   | -0.215   |
|    learning_rate   | 0.0003   |
|    n_updates       | 2173210  |
---------------------------------
---------------------------------
| rollout/           |          |
|    ep_len_mean     | 45.8     |
|    ep_rew_mean     | -123     |
| time/              |          |
|    episodes        | 42696    |
|    fps             | 9        |
|    time_elapsed    | 8446     |
|    total_timesteps | 2183620  |
| train/             |          |
|    actor_loss      | 0.746    |
|    critic_loss     | 0.169    |
|    ent_coef        | 0.00594  |
|    ent_coef_loss   | -0.568   |
|    learning_rate   | 0.0003   |
|    n_updates       | 2173600  |
---------------------------------
---------------------------------
| rollout/           |          |
|    ep_len_mean     | 45.6     |
|    ep_rew_mean     | -126     |
| time/              |          |
|    episodes        | 42700    |
|    fps             | 9        |
|    time_elapsed    | 8453     |
|    total_timesteps | 2183690  |
| train/             |          |
|    actor_loss      | 0.882    |
|    critic_loss     | 0.174    |
|    ent_coef        | 0.00589  |
|    ent_coef_loss   | 0.00431  |
|    learning_rate   | 0.0003   |
|    n_updates       | 2173670  |
---------------------------------
---------------------------------
| rollout/           |          |
|    ep_len_mean     | 45.5     |
|    ep_rew_mean     | -134     |
| time/              |          |
|    episodes        | 42704    |
|    fps             | 9        |
|    time_elapsed    | 8472     |
|    total_timesteps | 2183890  |
| train/             |          |
|    actor_loss      | 0.816    |
|    critic_loss     | 0.197    |
|    ent_coef        | 0.0059   |
|    ent_coef_loss   | 0.222    |
|    learning_rate   | 0.0003   |
|    n_updates       | 2173870  |
---------------------------------
---------------------------------
| rollout/           |          |
|    ep_len_mean     | 45.5     |
|    ep_rew_mean     | -130     |
| time/              |          |
|    episodes        | 42708    |
|    fps             | 9        |
|    time_elapsed    | 8486     |
|    total_timesteps | 2184130  |
| train/             |          |
|    actor_loss      | 0.82     |
|    critic_loss     | 0.202    |
|    ent_coef        | 0.00588  |
|    ent_coef_loss   | -0.36    |
|    learning_rate   | 0.0003   |
|    n_updates       | 2174110  |
---------------------------------
---------------------------------
| rollout/           |          |
|    ep_len_mean     | 44.9     |
|    ep_rew_mean     | -133     |
| time/              |          |
|    episodes        | 42712    |
|    fps             | 9        |
|    time_elapsed    | 8499     |
|    total_timesteps | 2184290  |
| train/             |          |
|    actor_loss      | 0.859    |
|    critic_loss     | 0.161    |
|    ent_coef        | 0.00591  |
|    ent_coef_loss   | 0.261    |
|    learning_rate   | 0.0003   |
|    n_updates       | 2174270  |
---------------------------------
---------------------------------
| rollout/           |          |
|    ep_len_mean     | 44.5     |
|    ep_rew_mean     | -139     |
| time/              |          |
|    episodes        | 42716    |
|    fps             | 9        |
|    time_elapsed    | 8502     |
|    total_timesteps | 2184320  |
| train/             |          |
|    actor_loss      | 0.919    |
|    critic_loss     | 0.147    |
|    ent_coef        | 0.00592  |
|    ent_coef_loss   | -0.00794 |
|    learning_rate   | 0.0003   |
|    n_updates       | 2174300  |
---------------------------------
---------------------------------
| rollout/           |          |
|    ep_len_mean     | 44.1     |
|    ep_rew_mean     | -144     |
| time/              |          |
|    episodes        | 42720    |
|    fps             | 9        |
|    time_elapsed    | 8517     |
|    total_timesteps | 2184540  |
| train/             |          |
|    actor_loss      | 0.857    |
|    critic_loss     | 0.204    |
|    ent_coef        | 0.00594  |
|    ent_coef_loss   | -0.0883  |
|    learning_rate   | 0.0003   |
|    n_updates       | 2174520  |
---------------------------------
---------------------------------
| rollout/           |          |
|    ep_len_mean     | 44.1     |
|    ep_rew_mean     | -135     |
| time/              |          |
|    episodes        | 42724    |
|    fps             | 9        |
|    time_elapsed    | 8527     |
|    total_timesteps | 2184710  |
| train/             |          |
|    actor_loss      | 0.86     |
|    critic_loss     | 0.139    |
|    ent_coef        | 0.00584  |
|    ent_coef_loss   | -0.352   |
|    learning_rate   | 0.0003   |
|    n_updates       | 2174690  |
---------------------------------
---------------------------------
| rollout/           |          |
|    ep_len_mean     | 43.7     |
|    ep_rew_mean     | -134     |
| time/              |          |
|    episodes        | 42728    |
|    fps             | 9        |
|    time_elapsed    | 8539     |
|    total_timesteps | 2184860  |
| train/             |          |
|    actor_loss      | 0.801    |
|    critic_loss     | 0.177    |
|    ent_coef        | 0.00586  |
|    ent_coef_loss   | 0.0766   |
|    learning_rate   | 0.0003   |
|    n_updates       | 2174840  |
---------------------------------
---------------------------------
| rollout/           |          |
|    ep_len_mean     | 43.5     |
|    ep_rew_mean     | -147     |
| time/              |          |
|    episodes        | 42732    |
|    fps             | 9        |
|    time_elapsed    | 8551     |
|    total_timesteps | 2185030  |
| train/             |          |
|    actor_loss      | 0.888    |
|    critic_loss     | 0.16     |
|    ent_coef        | 0.00587  |
|    ent_coef_loss   | -0.309   |
|    learning_rate   | 0.0003   |
|    n_updates       | 2175010  |
---------------------------------
---------------------------------
| rollout/           |          |
|    ep_len_mean     | 44.6     |
|    ep_rew_mean     | -139     |
| time/              |          |
|    episodes        | 42736    |
|    fps             | 9        |
|    time_elapsed    | 8570     |
|    total_timesteps | 2185330  |
| train/             |          |
|    actor_loss      | 0.836    |
|    critic_loss     | 0.181    |
|    ent_coef        | 0.00596  |
|    ent_coef_loss   | 0.158    |
|    learning_rate   | 0.0003   |
|    n_updates       | 2175310  |
---------------------------------
---------------------------------
| rollout/           |          |
|    ep_len_mean     | 45       |
|    ep_rew_mean     | -137     |
| time/              |          |
|    episodes        | 42740    |
|    fps             | 9        |
|    time_elapsed    | 8579     |
|    total_timesteps | 2185470  |
| train/             |          |
|    actor_loss      | 0.901    |
|    critic_loss     | 0.17     |
|    ent_coef        | 0.00602  |
|    ent_coef_loss   | 0.311    |
|    learning_rate   | 0.0003   |
|    n_updates       | 2175450  |
---------------------------------
---------------------------------
| rollout/           |          |
|    ep_len_mean     | 44.5     |
|    ep_rew_mean     | -150     |
| time/              |          |
|    episodes        | 42744    |
|    fps             | 9        |
|    time_elapsed    | 8597     |
|    total_timesteps | 2185710  |
| train/             |          |
|    actor_loss      | 0.905    |
|    critic_loss     | 0.175    |
|    ent_coef        | 0.00609  |
|    ent_coef_loss   | -0.354   |
|    learning_rate   | 0.0003   |
|    n_updates       | 2175690  |
---------------------------------
---------------------------------
| rollout/           |          |
|    ep_len_mean     | 44.4     |
|    ep_rew_mean     | -155     |
| time/              |          |
|    episodes        | 42748    |
|    fps             | 9        |
|    time_elapsed    | 8615     |
|    total_timesteps | 2185870  |
| train/             |          |
|    actor_loss      | 0.885    |
|    critic_loss     | 0.213    |
|    ent_coef        | 0.00619  |
|    ent_coef_loss   | -0.175   |
|    learning_rate   | 0.0003   |
|    n_updates       | 2175850  |
---------------------------------
---------------------------------
| rollout/           |          |
|    ep_len_mean     | 45       |
|    ep_rew_mean     | -148     |
| time/              |          |
|    episodes        | 42752    |
|    fps             | 9        |
|    time_elapsed    | 8633     |
|    total_timesteps | 2186010  |
| train/             |          |
|    actor_loss      | 0.921    |
|    critic_loss     | 0.259    |
|    ent_coef        | 0.0061   |
|    ent_coef_loss   | 0.0177   |
|    learning_rate   | 0.0003   |
|    n_updates       | 2175990  |
---------------------------------
---------------------------------
| rollout/           |          |
|    ep_len_mean     | 44.8     |
|    ep_rew_mean     | -155     |
| time/              |          |
|    episodes        | 42756    |
|    fps             | 9        |
|    time_elapsed    | 8651     |
|    total_timesteps | 2186310  |
| train/             |          |
|    actor_loss      | 0.782    |
|    critic_loss     | 0.177    |
|    ent_coef        | 0.00604  |
|    ent_coef_loss   | -0.0329  |
|    learning_rate   | 0.0003   |
|    n_updates       | 2176290  |
---------------------------------
---------------------------------
| rollout/           |          |
|    ep_len_mean     | 44.5     |
|    ep_rew_mean     | -155     |
| time/              |          |
|    episodes        | 42760    |
|    fps             | 9        |
|    time_elapsed    | 8663     |
|    total_timesteps | 2186450  |
| train/             |          |
|    actor_loss      | 0.898    |
|    critic_loss     | 0.167    |
|    ent_coef        | 0.00615  |
|    ent_coef_loss   | 0.297    |
|    learning_rate   | 0.0003   |
|    n_updates       | 2176430  |
---------------------------------
---------------------------------
| rollout/           |          |
|    ep_len_mean     | 44.7     |
|    ep_rew_mean     | -150     |
| time/              |          |
|    episodes        | 42764    |
|    fps             | 9        |
|    time_elapsed    | 8674     |
|    total_timesteps | 2186590  |
| train/             |          |
|    actor_loss      | 0.906    |
|    critic_loss     | 0.164    |
|    ent_coef        | 0.00612  |
|    ent_coef_loss   | 0.072    |
|    learning_rate   | 0.0003   |
|    n_updates       | 2176570  |
---------------------------------
---------------------------------
| rollout/           |          |
|    ep_len_mean     | 45.8     |
|    ep_rew_mean     | -145     |
| time/              |          |
|    episodes        | 42768    |
|    fps             | 9        |
|    time_elapsed    | 8691     |
|    total_timesteps | 2186830  |
| train/             |          |
|    actor_loss      | 0.832    |
|    critic_loss     | 0.135    |
|    ent_coef        | 0.00603  |
|    ent_coef_loss   | -0.694   |
|    learning_rate   | 0.0003   |
|    n_updates       | 2176810  |
---------------------------------
---------------------------------
| rollout/           |          |
|    ep_len_mean     | 46.2     |
|    ep_rew_mean     | -145     |
| time/              |          |
|    episodes        | 42772    |
|    fps             | 9        |
|    time_elapsed    | 8708     |
|    total_timesteps | 2187070  |
| train/             |          |
|    actor_loss      | 0.885    |
|    critic_loss     | 0.16     |
|    ent_coef        | 0.00588  |
|    ent_coef_loss   | 0.183    |
|    learning_rate   | 0.0003   |
|    n_updates       | 2177050  |
---------------------------------
---------------------------------
| rollout/           |          |
|    ep_len_mean     | 45.7     |
|    ep_rew_mean     | -145     |
| time/              |          |
|    episodes        | 42776    |
|    fps             | 9        |
|    time_elapsed    | 8711     |
|    total_timesteps | 2187100  |
| train/             |          |
|    actor_loss      | 0.89     |
|    critic_loss     | 0.197    |
|    ent_coef        | 0.00591  |
|    ent_coef_loss   | 0.607    |
|    learning_rate   | 0.0003   |
|    n_updates       | 2177080  |
---------------------------------
---------------------------------
| rollout/           |          |
|    ep_len_mean     | 46       |
|    ep_rew_mean     | -140     |
| time/              |          |
|    episodes        | 42780    |
|    fps             | 10       |
|    time_elapsed    | 8725     |
|    total_timesteps | 2187310  |
| train/             |          |
|    actor_loss      | 0.773    |
|    critic_loss     | 0.135    |
|    ent_coef        | 0.00594  |
|    ent_coef_loss   | -0.189   |
|    learning_rate   | 0.0003   |
|    n_updates       | 2177290  |
---------------------------------
---------------------------------
| rollout/           |          |
|    ep_len_mean     | 45.6     |
|    ep_rew_mean     | -138     |
| time/              |          |
|    episodes        | 42784    |
|    fps             | 10       |
|    time_elapsed    | 8750     |
|    total_timesteps | 2187600  |
| train/             |          |
|    actor_loss      | 0.853    |
|    critic_loss     | 0.185    |
|    ent_coef        | 0.00601  |
|    ent_coef_loss   | 0.0888   |
|    learning_rate   | 0.0003   |
|    n_updates       | 2177580  |
---------------------------------
---------------------------------
| rollout/           |          |
|    ep_len_mean     | 45.4     |
|    ep_rew_mean     | -138     |
| time/              |          |
|    episodes        | 42788    |
|    fps             | 10       |
|    time_elapsed    | 8755     |
|    total_timesteps | 2187660  |
| train/             |          |
|    actor_loss      | 0.844    |
|    critic_loss     | 0.149    |
|    ent_coef        | 0.00599  |
|    ent_coef_loss   | -0.12    |
|    learning_rate   | 0.0003   |
|    n_updates       | 2177640  |
---------------------------------
---------------------------------
| rollout/           |          |
|    ep_len_mean     | 45.2     |
|    ep_rew_mean     | -134     |
| time/              |          |
|    episodes        | 42792    |
|    fps             | 10       |
|    time_elapsed    | 8760     |
|    total_timesteps | 2187690  |
| train/             |          |
|    actor_loss      | 0.891    |
|    critic_loss     | 0.14     |
|    ent_coef        | 0.00597  |
|    ent_coef_loss   | -0.0861  |
|    learning_rate   | 0.0003   |
|    n_updates       | 2177670  |
---------------------------------
---------------------------------
| rollout/           |          |
|    ep_len_mean     | 44.5     |
|    ep_rew_mean     | -146     |
| time/              |          |
|    episodes        | 42796    |
|    fps             | 10       |
|    time_elapsed    | 8782     |
|    total_timesteps | 2188050  |
| train/             |          |
|    actor_loss      | 0.849    |
|    critic_loss     | 0.205    |
|    ent_coef        | 0.00598  |
|    ent_coef_loss   | 0.333    |
|    learning_rate   | 0.0003   |
|    n_updates       | 2178030  |
---------------------------------
---------------------------------
| rollout/           |          |
|    ep_len_mean     | 44.5     |
|    ep_rew_mean     | -146     |
| time/              |          |
|    episodes        | 42800    |
|    fps             | 10       |
|    time_elapsed    | 8792     |
|    total_timesteps | 2188190  |
| train/             |          |
|    actor_loss      | 0.792    |
|    critic_loss     | 0.219    |
|    ent_coef        | 0.00599  |
|    ent_coef_loss   | -0.319   |
|    learning_rate   | 0.0003   |
|    n_updates       | 2178170  |
---------------------------------
---------------------------------
| rollout/           |          |
|    ep_len_mean     | 44.6     |
|    ep_rew_mean     | -133     |
| time/              |          |
|    episodes        | 42804    |
|    fps             | 10       |
|    time_elapsed    | 8801     |
|    total_timesteps | 2188260  |
| train/             |          |
|    actor_loss      | 0.843    |
|    critic_loss     | 0.22     |
|    ent_coef        | 0.00595  |
|    ent_coef_loss   | 0.204    |
|    learning_rate   | 0.0003   |
|    n_updates       | 2178240  |
---------------------------------
---------------------------------
| rollout/           |          |
|    ep_len_mean     | 44.6     |
|    ep_rew_mean     | -137     |
| time/              |          |
|    episodes        | 42808    |
|    fps             | 10       |
|    time_elapsed    | 8823     |
|    total_timesteps | 2188620  |
| train/             |          |
|    actor_loss      | 0.705    |
|    critic_loss     | 0.166    |
|    ent_coef        | 0.00589  |
|    ent_coef_loss   | 0.314    |
|    learning_rate   | 0.0003   |
|    n_updates       | 2178600  |
---------------------------------
---------------------------------
| rollout/           |          |
|    ep_len_mean     | 45.5     |
|    ep_rew_mean     | -129     |
| time/              |          |
|    episodes        | 42812    |
|    fps             | 10       |
|    time_elapsed    | 8832     |
|    total_timesteps | 2188770  |
| train/             |          |
|    actor_loss      | 0.814    |
|    critic_loss     | 0.166    |
|    ent_coef        | 0.00599  |
|    ent_coef_loss   | 0.187    |
|    learning_rate   | 0.0003   |
|    n_updates       | 2178750  |
---------------------------------
---------------------------------
| rollout/           |          |
|    ep_len_mean     | 45.2     |
|    ep_rew_mean     | -128     |
| time/              |          |
|    episodes        | 42816    |
|    fps             | 10       |
|    time_elapsed    | 8840     |
|    total_timesteps | 2188900  |
| train/             |          |
|    actor_loss      | 0.874    |
|    critic_loss     | 0.248    |
|    ent_coef        | 0.00596  |
|    ent_coef_loss   | 0.409    |
|    learning_rate   | 0.0003   |
|    n_updates       | 2178880  |
---------------------------------
---------------------------------
| rollout/           |          |
|    ep_len_mean     | 45.5     |
|    ep_rew_mean     | -121     |
| time/              |          |
|    episodes        | 42820    |
|    fps             | 10       |
|    time_elapsed    | 8852     |
|    total_timesteps | 2189110  |
| train/             |          |
|    actor_loss      | 0.839    |
|    critic_loss     | 0.229    |
|    ent_coef        | 0.00605  |
|    ent_coef_loss   | -0.34    |
|    learning_rate   | 0.0003   |
|    n_updates       | 2179090  |
---------------------------------
---------------------------------
| rollout/           |          |
|    ep_len_mean     | 45.8     |
|    ep_rew_mean     | -126     |
| time/              |          |
|    episodes        | 42824    |
|    fps             | 10       |
|    time_elapsed    | 8870     |
|    total_timesteps | 2189310  |
| train/             |          |
|    actor_loss      | 0.89     |
|    critic_loss     | 0.224    |
|    ent_coef        | 0.00606  |
|    ent_coef_loss   | -0.0864  |
|    learning_rate   | 0.0003   |
|    n_updates       | 2179290  |
---------------------------------
---------------------------------
| rollout/           |          |
|    ep_len_mean     | 45.6     |
|    ep_rew_mean     | -121     |
| time/              |          |
|    episodes        | 42828    |
|    fps             | 10       |
|    time_elapsed    | 8878     |
|    total_timesteps | 2189370  |
| train/             |          |
|    actor_loss      | 0.84     |
|    critic_loss     | 0.234    |
|    ent_coef        | 0.0061   |
|    ent_coef_loss   | 0.51     |
|    learning_rate   | 0.0003   |
|    n_updates       | 2179350  |
---------------------------------
---------------------------------
| rollout/           |          |
|    ep_len_mean     | 45.8     |
|    ep_rew_mean     | -116     |
| time/              |          |
|    episodes        | 42832    |
|    fps             | 10       |
|    time_elapsed    | 8896     |
|    total_timesteps | 2189630  |
| train/             |          |
|    actor_loss      | 0.848    |
|    critic_loss     | 0.182    |
|    ent_coef        | 0.0062   |
|    ent_coef_loss   | -0.00213 |
|    learning_rate   | 0.0003   |
|    n_updates       | 2179610  |
---------------------------------
---------------------------------
| rollout/           |          |
|    ep_len_mean     | 44.9     |
|    ep_rew_mean     | -123     |
| time/              |          |
|    episodes        | 42836    |
|    fps             | 10       |
|    time_elapsed    | 8916     |
|    total_timesteps | 2189840  |
| train/             |          |
|    actor_loss      | 0.759    |
|    critic_loss     | 0.205    |
|    ent_coef        | 0.00621  |
|    ent_coef_loss   | -0.302   |
|    learning_rate   | 0.0003   |
|    n_updates       | 2179820  |
---------------------------------
---------------------------------
| rollout/           |          |
|    ep_len_mean     | 44.9     |
|    ep_rew_mean     | -123     |
| time/              |          |
|    episodes        | 42840    |
|    fps             | 10       |
|    time_elapsed    | 8921     |
|    total_timesteps | 2189900  |
| train/             |          |
|    actor_loss      | 0.849    |
|    critic_loss     | 0.203    |
|    ent_coef        | 0.00617  |
|    ent_coef_loss   | -0.185   |
|    learning_rate   | 0.0003   |
|    n_updates       | 2179880  |
---------------------------------
---------------------------------
| rollout/           |          |
|    ep_len_mean     | 44.3     |
|    ep_rew_mean     | -121     |
| time/              |          |
|    episodes        | 42844    |
|    fps             | 10       |
|    time_elapsed    | 8937     |
|    total_timesteps | 2190150  |
| train/             |          |
|    actor_loss      | 0.914    |
|    critic_loss     | 0.217    |
|    ent_coef        | 0.00614  |
|    ent_coef_loss   | 0.68     |
|    learning_rate   | 0.0003   |
|    n_updates       | 2180130  |
---------------------------------
---------------------------------
| rollout/           |          |
|    ep_len_mean     | 44.9     |
|    ep_rew_mean     | -112     |
| time/              |          |
|    episodes        | 42848    |
|    fps             | 10       |
|    time_elapsed    | 8951     |
|    total_timesteps | 2190400  |
| train/             |          |
|    actor_loss      | 0.816    |
|    critic_loss     | 0.17     |
|    ent_coef        | 0.00618  |
|    ent_coef_loss   | -0.249   |
|    learning_rate   | 0.0003   |
|    n_updates       | 2180380  |
---------------------------------
---------------------------------
| rollout/           |          |
|    ep_len_mean     | 44.7     |
|    ep_rew_mean     | -117     |
| time/              |          |
|    episodes        | 42852    |
|    fps             | 10       |
|    time_elapsed    | 8957     |
|    total_timesteps | 2190450  |
| train/             |          |
|    actor_loss      | 0.877    |
|    critic_loss     | 0.217    |
|    ent_coef        | 0.00617  |
|    ent_coef_loss   | 0.00148  |
|    learning_rate   | 0.0003   |
|    n_updates       | 2180430  |
---------------------------------
---------------------------------
| rollout/           |          |
|    ep_len_mean     | 45.1     |
|    ep_rew_mean     | -114     |
| time/              |          |
|    episodes        | 42856    |
|    fps             | 10       |
|    time_elapsed    | 8974     |
|    total_timesteps | 2190730  |
| train/             |          |
|    actor_loss      | 0.901    |
|    critic_loss     | 0.229    |
|    ent_coef        | 0.00602  |
|    ent_coef_loss   | -0.447   |
|    learning_rate   | 0.0003   |
|    n_updates       | 2180710  |
---------------------------------
---------------------------------
| rollout/           |          |
|    ep_len_mean     | 44.8     |
|    ep_rew_mean     | -118     |
| time/              |          |
|    episodes        | 42860    |
|    fps             | 10       |
|    time_elapsed    | 8994     |
|    total_timesteps | 2190910  |
| train/             |          |
|    actor_loss      | 0.803    |
|    critic_loss     | 0.169    |
|    ent_coef        | 0.00592  |
|    ent_coef_loss   | 0.467    |
|    learning_rate   | 0.0003   |
|    n_updates       | 2180890  |
---------------------------------
---------------------------------
| rollout/           |          |
|    ep_len_mean     | 44.7     |
|    ep_rew_mean     | -117     |
| time/              |          |
|    episodes        | 42864    |
|    fps             | 10       |
|    time_elapsed    | 9004     |
|    total_timesteps | 2191030  |
| train/             |          |
|    actor_loss      | 0.873    |
|    critic_loss     | 0.153    |
|    ent_coef        | 0.00596  |
|    ent_coef_loss   | -0.157   |
|    learning_rate   | 0.0003   |
|    n_updates       | 2181010  |
---------------------------------
---------------------------------
| rollout/           |          |
|    ep_len_mean     | 43.9     |
|    ep_rew_mean     | -124     |
| time/              |          |
|    episodes        | 42868    |
|    fps             | 10       |
|    time_elapsed    | 9029     |
|    total_timesteps | 2191300  |
| train/             |          |
|    actor_loss      | 0.852    |
|    critic_loss     | 0.197    |
|    ent_coef        | 0.00601  |
|    ent_coef_loss   | -0.0816  |
|    learning_rate   | 0.0003   |
|    n_updates       | 2181280  |
---------------------------------
---------------------------------
| rollout/           |          |
|    ep_len_mean     | 43.9     |
|    ep_rew_mean     | -123     |
| time/              |          |
|    episodes        | 42872    |
|    fps             | 10       |
|    time_elapsed    | 9031     |
|    total_timesteps | 2191350  |
| train/             |          |
|    actor_loss      | 0.875    |
|    critic_loss     | 0.206    |
|    ent_coef        | 0.00603  |
|    ent_coef_loss   | -0.0129  |
|    learning_rate   | 0.0003   |
|    n_updates       | 2181330  |
---------------------------------
---------------------------------
| rollout/           |          |
|    ep_len_mean     | 43.9     |
|    ep_rew_mean     | -122     |
| time/              |          |
|    episodes        | 42876    |
|    fps             | 10       |
|    time_elapsed    | 9046     |
|    total_timesteps | 2191550  |
| train/             |          |
|    actor_loss      | 0.809    |
|    critic_loss     | 0.161    |
|    ent_coef        | 0.00603  |
|    ent_coef_loss   | -0.024   |
|    learning_rate   | 0.0003   |
|    n_updates       | 2181530  |
---------------------------------
---------------------------------
| rollout/           |          |
|    ep_len_mean     | 43.5     |
|    ep_rew_mean     | -127     |
| time/              |          |
|    episodes        | 42880    |
|    fps             | 10       |
|    time_elapsed    | 9051     |
|    total_timesteps | 2191620  |
| train/             |          |
|    actor_loss      | 0.796    |
|    critic_loss     | 0.163    |
|    ent_coef        | 0.00604  |
|    ent_coef_loss   | 0.327    |
|    learning_rate   | 0.0003   |
|    n_updates       | 2181600  |
---------------------------------
---------------------------------
| rollout/           |          |
|    ep_len_mean     | 43.8     |
|    ep_rew_mean     | -128     |
| time/              |          |
|    episodes        | 42884    |
|    fps             | 10       |
|    time_elapsed    | 9072     |
|    total_timesteps | 2191870  |
| train/             |          |
|    actor_loss      | 0.771    |
|    critic_loss     | 0.211    |
|    ent_coef        | 0.00625  |
|    ent_coef_loss   | -0.31    |
|    learning_rate   | 0.0003   |
|    n_updates       | 2181850  |
---------------------------------
---------------------------------
| rollout/           |          |
|    ep_len_mean     | 43.6     |
|    ep_rew_mean     | -132     |
| time/              |          |
|    episodes        | 42888    |
|    fps             | 10       |
|    time_elapsed    | 9084     |
|    total_timesteps | 2192070  |
| train/             |          |
|    actor_loss      | 0.902    |
|    critic_loss     | 0.176    |
|    ent_coef        | 0.00617  |
|    ent_coef_loss   | 0.18     |
|    learning_rate   | 0.0003   |
|    n_updates       | 2182050  |
---------------------------------
---------------------------------
| rollout/           |          |
|    ep_len_mean     | 43.9     |
|    ep_rew_mean     | -139     |
| time/              |          |
|    episodes        | 42892    |
|    fps             | 10       |
|    time_elapsed    | 9090     |
|    total_timesteps | 2192150  |
| train/             |          |
|    actor_loss      | 0.909    |
|    critic_loss     | 0.175    |
|    ent_coef        | 0.00613  |
|    ent_coef_loss   | 0.0151   |
|    learning_rate   | 0.0003   |
|    n_updates       | 2182130  |
---------------------------------
---------------------------------
| rollout/           |          |
|    ep_len_mean     | 43.9     |
|    ep_rew_mean     | -134     |
| time/              |          |
|    episodes        | 42896    |
|    fps             | 10       |
|    time_elapsed    | 9110     |
|    total_timesteps | 2192470  |
| train/             |          |
|    actor_loss      | 0.887    |
|    critic_loss     | 0.242    |
|    ent_coef        | 0.00613  |
|    ent_coef_loss   | 0.0953   |
|    learning_rate   | 0.0003   |
|    n_updates       | 2182450  |
---------------------------------
---------------------------------
| rollout/           |          |
|    ep_len_mean     | 44.5     |
|    ep_rew_mean     | -130     |
| time/              |          |
|    episodes        | 42900    |
|    fps             | 10       |
|    time_elapsed    | 9123     |
|    total_timesteps | 2192640  |
| train/             |          |
|    actor_loss      | 0.938    |
|    critic_loss     | 0.162    |
|    ent_coef        | 0.0062   |
|    ent_coef_loss   | -0.00104 |
|    learning_rate   | 0.0003   |
|    n_updates       | 2182620  |
---------------------------------
---------------------------------
| rollout/           |          |
|    ep_len_mean     | 44.2     |
|    ep_rew_mean     | -135     |
| time/              |          |
|    episodes        | 42904    |
|    fps             | 10       |
|    time_elapsed    | 9132     |
|    total_timesteps | 2192770  |
| train/             |          |
|    actor_loss      | 0.92     |
|    critic_loss     | 0.268    |
|    ent_coef        | 0.00616  |
|    ent_coef_loss   | -0.407   |
|    learning_rate   | 0.0003   |
|    n_updates       | 2182750  |
---------------------------------
---------------------------------
| rollout/           |          |
|    ep_len_mean     | 43.2     |
|    ep_rew_mean     | -141     |
| time/              |          |
|    episodes        | 42908    |
|    fps             | 10       |
|    time_elapsed    | 9152     |
|    total_timesteps | 2192970  |
| train/             |          |
|    actor_loss      | 0.893    |
|    critic_loss     | 0.191    |
|    ent_coef        | 0.0059   |
|    ent_coef_loss   | -0.594   |
|    learning_rate   | 0.0003   |
|    n_updates       | 2182950  |
---------------------------------
---------------------------------
| rollout/           |          |
|    ep_len_mean     | 43.1     |
|    ep_rew_mean     | -145     |
| time/              |          |
|    episodes        | 42912    |
|    fps             | 10       |
|    time_elapsed    | 9170     |
|    total_timesteps | 2193150  |
| train/             |          |
|    actor_loss      | 0.834    |
|    critic_loss     | 0.191    |
|    ent_coef        | 0.00587  |
|    ent_coef_loss   | -0.0383  |
|    learning_rate   | 0.0003   |
|    n_updates       | 2183130  |
---------------------------------
---------------------------------
| rollout/           |          |
|    ep_len_mean     | 43.6     |
|    ep_rew_mean     | -145     |
| time/              |          |
|    episodes        | 42916    |
|    fps             | 10       |
|    time_elapsed    | 9177     |
|    total_timesteps | 2193230  |
| train/             |          |
|    actor_loss      | 0.783    |
|    critic_loss     | 0.16     |
|    ent_coef        | 0.00584  |
|    ent_coef_loss   | -0.253   |
|    learning_rate   | 0.0003   |
|    n_updates       | 2183210  |
---------------------------------
---------------------------------
| rollout/           |          |
|    ep_len_mean     | 43.4     |
|    ep_rew_mean     | -149     |
| time/              |          |
|    episodes        | 42920    |
|    fps             | 10       |
|    time_elapsed    | 9203     |
|    total_timesteps | 2193610  |
| train/             |          |
|    actor_loss      | 0.89     |
|    critic_loss     | 0.223    |
|    ent_coef        | 0.00573  |
|    ent_coef_loss   | 0.489    |
|    learning_rate   | 0.0003   |
|    n_updates       | 2183590  |
---------------------------------
---------------------------------
| rollout/           |          |
|    ep_len_mean     | 44.1     |
|    ep_rew_mean     | -141     |
| time/              |          |
|    episodes        | 42924    |
|    fps             | 10       |
|    time_elapsed    | 9213     |
|    total_timesteps | 2193720  |
| train/             |          |
|    actor_loss      | 0.788    |
|    critic_loss     | 0.197    |
|    ent_coef        | 0.00573  |
|    ent_coef_loss   | 0.361    |
|    learning_rate   | 0.0003   |
|    n_updates       | 2183700  |
---------------------------------
---------------------------------
| rollout/           |          |
|    ep_len_mean     | 44.6     |
|    ep_rew_mean     | -141     |
| time/              |          |
|    episodes        | 42928    |
|    fps             | 10       |
|    time_elapsed    | 9225     |
|    total_timesteps | 2193890  |
| train/             |          |
|    actor_loss      | 0.847    |
|    critic_loss     | 0.146    |
|    ent_coef        | 0.00584  |
|    ent_coef_loss   | 0.0609   |
|    learning_rate   | 0.0003   |
|    n_updates       | 2183870  |
---------------------------------
---------------------------------
| rollout/           |          |
|    ep_len_mean     | 44.4     |
|    ep_rew_mean     | -140     |
| time/              |          |
|    episodes        | 42932    |
|    fps             | 10       |
|    time_elapsed    | 9247     |
|    total_timesteps | 2194140  |
| train/             |          |
|    actor_loss      | 0.844    |
|    critic_loss     | 0.202    |
|    ent_coef        | 0.00592  |
|    ent_coef_loss   | -0.248   |
|    learning_rate   | 0.0003   |
|    n_updates       | 2184120  |
---------------------------------
---------------------------------
| rollout/           |          |
|    ep_len_mean     | 44.9     |
|    ep_rew_mean     | -134     |
| time/              |          |
|    episodes        | 42936    |
|    fps             | 10       |
|    time_elapsed    | 9256     |
|    total_timesteps | 2194220  |
| train/             |          |
|    actor_loss      | 0.81     |
|    critic_loss     | 0.189    |
|    ent_coef        | 0.00592  |
|    ent_coef_loss   | 0.316    |
|    learning_rate   | 0.0003   |
|    n_updates       | 2184200  |
---------------------------------
---------------------------------
| rollout/           |          |
|    ep_len_mean     | 44.4     |
|    ep_rew_mean     | -133     |
| time/              |          |
|    episodes        | 42940    |
|    fps             | 10       |
|    time_elapsed    | 9270     |
|    total_timesteps | 2194360  |
| train/             |          |
|    actor_loss      | 0.845    |
|    critic_loss     | 0.17     |
|    ent_coef        | 0.00598  |
|    ent_coef_loss   | -0.0267  |
|    learning_rate   | 0.0003   |
|    n_updates       | 2184340  |
---------------------------------
---------------------------------
| rollout/           |          |
|    ep_len_mean     | 45.2     |
|    ep_rew_mean     | -126     |
| time/              |          |
|    episodes        | 42944    |
|    fps             | 10       |
|    time_elapsed    | 9298     |
|    total_timesteps | 2194770  |
| train/             |          |
|    actor_loss      | 0.813    |
|    critic_loss     | 0.163    |
|    ent_coef        | 0.00611  |
|    ent_coef_loss   | 0.41     |
|    learning_rate   | 0.0003   |
|    n_updates       | 2184750  |
---------------------------------
---------------------------------
| rollout/           |          |
|    ep_len_mean     | 45.3     |
|    ep_rew_mean     | -127     |
| time/              |          |
|    episodes        | 42948    |
|    fps             | 10       |
|    time_elapsed    | 9304     |
|    total_timesteps | 2194860  |
| train/             |          |
|    actor_loss      | 0.853    |
|    critic_loss     | 0.186    |
|    ent_coef        | 0.00617  |
|    ent_coef_loss   | 0.0443   |
|    learning_rate   | 0.0003   |
|    n_updates       | 2184840  |
---------------------------------
---------------------------------
| rollout/           |          |
|    ep_len_mean     | 45.8     |
|    ep_rew_mean     | -122     |
| time/              |          |
|    episodes        | 42952    |
|    fps             | 10       |
|    time_elapsed    | 9315     |
|    total_timesteps | 2195050  |
| train/             |          |
|    actor_loss      | 0.808    |
|    critic_loss     | 0.192    |
|    ent_coef        | 0.00615  |
|    ent_coef_loss   | -0.0944  |
|    learning_rate   | 0.0003   |
|    n_updates       | 2185030  |
---------------------------------
---------------------------------
| rollout/           |          |
|    ep_len_mean     | 45       |
|    ep_rew_mean     | -130     |
| time/              |          |
|    episodes        | 42956    |
|    fps             | 10       |
|    time_elapsed    | 9331     |
|    total_timesteps | 2195240  |
| train/             |          |
|    actor_loss      | 0.802    |
|    critic_loss     | 0.285    |
|    ent_coef        | 0.00607  |
|    ent_coef_loss   | 0.0925   |
|    learning_rate   | 0.0003   |
|    n_updates       | 2185220  |
---------------------------------
---------------------------------
| rollout/           |          |
|    ep_len_mean     | 45.7     |
|    ep_rew_mean     | -126     |
| time/              |          |
|    episodes        | 42960    |
|    fps             | 10       |
|    time_elapsed    | 9346     |
|    total_timesteps | 2195410  |
| train/             |          |
|    actor_loss      | 0.918    |
|    critic_loss     | 0.221    |
|    ent_coef        | 0.00607  |
|    ent_coef_loss   | -0.264   |
|    learning_rate   | 0.0003   |
|    n_updates       | 2185390  |
---------------------------------
---------------------------------
| rollout/           |          |
|    ep_len_mean     | 45.5     |
|    ep_rew_mean     | -131     |
| time/              |          |
|    episodes        | 42964    |
|    fps             | 10       |
|    time_elapsed    | 9359     |
|    total_timesteps | 2195610  |
| train/             |          |
|    actor_loss      | 0.83     |
|    critic_loss     | 0.225    |
|    ent_coef        | 0.00603  |
|    ent_coef_loss   | 0.223    |
|    learning_rate   | 0.0003   |
|    n_updates       | 2185590  |
---------------------------------
---------------------------------
| rollout/           |          |
|    ep_len_mean     | 45.5     |
|    ep_rew_mean     | -129     |
| time/              |          |
|    episodes        | 42968    |
|    fps             | 10       |
|    time_elapsed    | 9368     |
|    total_timesteps | 2195740  |
| train/             |          |
|    actor_loss      | 0.925    |
|    critic_loss     | 0.306    |
|    ent_coef        | 0.00604  |
|    ent_coef_loss   | -0.0166  |
|    learning_rate   | 0.0003   |
|    n_updates       | 2185720  |
---------------------------------
---------------------------------
| rollout/           |          |
|    ep_len_mean     | 45.3     |
|    ep_rew_mean     | -138     |
| time/              |          |
|    episodes        | 42972    |
|    fps             | 10       |
|    time_elapsed    | 9386     |
|    total_timesteps | 2195950  |
| train/             |          |
|    actor_loss      | 0.816    |
|    critic_loss     | 0.215    |
|    ent_coef        | 0.00614  |
|    ent_coef_loss   | 0.183    |
|    learning_rate   | 0.0003   |
|    n_updates       | 2185930  |
---------------------------------
---------------------------------
| rollout/           |          |
|    ep_len_mean     | 45.9     |
|    ep_rew_mean     | -139     |
| time/              |          |
|    episodes        | 42976    |
|    fps             | 10       |
|    time_elapsed    | 9403     |
|    total_timesteps | 2196160  |
| train/             |          |
|    actor_loss      | 0.85     |
|    critic_loss     | 0.202    |
|    ent_coef        | 0.00604  |
|    ent_coef_loss   | -0.284   |
|    learning_rate   | 0.0003   |
|    n_updates       | 2186140  |
---------------------------------
---------------------------------
| rollout/           |          |
|    ep_len_mean     | 46.4     |
|    ep_rew_mean     | -132     |
| time/              |          |
|    episodes        | 42980    |
|    fps             | 10       |
|    time_elapsed    | 9414     |
|    total_timesteps | 2196290  |
| train/             |          |
|    actor_loss      | 0.82     |
|    critic_loss     | 0.168    |
|    ent_coef        | 0.00591  |
|    ent_coef_loss   | 0.211    |
|    learning_rate   | 0.0003   |
|    n_updates       | 2186270  |
---------------------------------
---------------------------------
| rollout/           |          |
|    ep_len_mean     | 46       |
|    ep_rew_mean     | -131     |
| time/              |          |
|    episodes        | 42984    |
|    fps             | 10       |
|    time_elapsed    | 9432     |
|    total_timesteps | 2196500  |
| train/             |          |
|    actor_loss      | 0.819    |
|    critic_loss     | 0.172    |
|    ent_coef        | 0.00603  |
|    ent_coef_loss   | 0.028    |
|    learning_rate   | 0.0003   |
|    n_updates       | 2186480  |
---------------------------------
---------------------------------
| rollout/           |          |
|    ep_len_mean     | 46.1     |
|    ep_rew_mean     | -134     |
| time/              |          |
|    episodes        | 42988    |
|    fps             | 10       |
|    time_elapsed    | 9454     |
|    total_timesteps | 2196680  |
| train/             |          |
|    actor_loss      | 0.985    |
|    critic_loss     | 0.22     |
|    ent_coef        | 0.00607  |
|    ent_coef_loss   | 0.321    |
|    learning_rate   | 0.0003   |
|    n_updates       | 2186660  |
---------------------------------
---------------------------------
| rollout/           |          |
|    ep_len_mean     | 45.9     |
|    ep_rew_mean     | -135     |
| time/              |          |
|    episodes        | 42992    |
|    fps             | 10       |
|    time_elapsed    | 9461     |
|    total_timesteps | 2196730  |
| train/             |          |
|    actor_loss      | 0.843    |
|    critic_loss     | 0.3      |
|    ent_coef        | 0.0061   |
|    ent_coef_loss   | 0.121    |
|    learning_rate   | 0.0003   |
|    n_updates       | 2186710  |
---------------------------------
---------------------------------
| rollout/           |          |
|    ep_len_mean     | 45.6     |
|    ep_rew_mean     | -144     |
| time/              |          |
|    episodes        | 42996    |
|    fps             | 10       |
|    time_elapsed    | 9487     |
|    total_timesteps | 2197020  |
| train/             |          |
|    actor_loss      | 0.798    |
|    critic_loss     | 0.194    |
|    ent_coef        | 0.00594  |
|    ent_coef_loss   | -0.201   |
|    learning_rate   | 0.0003   |
|    n_updates       | 2187000  |
---------------------------------
---------------------------------
| rollout/           |          |
|    ep_len_mean     | 45.4     |
|    ep_rew_mean     | -144     |
| time/              |          |
|    episodes        | 43000    |
|    fps             | 10       |
|    time_elapsed    | 9496     |
|    total_timesteps | 2197120  |
| train/             |          |
|    actor_loss      | 0.729    |
|    critic_loss     | 0.18     |
|    ent_coef        | 0.00593  |
|    ent_coef_loss   | -0.219   |
|    learning_rate   | 0.0003   |
|    n_updates       | 2187100  |
---------------------------------
---------------------------------
| rollout/           |          |
|    ep_len_mean     | 45.8     |
|    ep_rew_mean     | -144     |
| time/              |          |
|    episodes        | 43004    |
|    fps             | 10       |
|    time_elapsed    | 9511     |
|    total_timesteps | 2197350  |
| train/             |          |
|    actor_loss      | 0.845    |
|    critic_loss     | 0.199    |
|    ent_coef        | 0.006    |
|    ent_coef_loss   | 0.427    |
|    learning_rate   | 0.0003   |
|    n_updates       | 2187330  |
---------------------------------
---------------------------------
| rollout/           |          |
|    ep_len_mean     | 46.4     |
|    ep_rew_mean     | -138     |
| time/              |          |
|    episodes        | 43008    |
|    fps             | 10       |
|    time_elapsed    | 9517     |
|    total_timesteps | 2197370  |
| train/             |          |
|    actor_loss      | 0.901    |
|    critic_loss     | 0.218    |
|    ent_coef        | 0.00603  |
|    ent_coef_loss   | 0.614    |
|    learning_rate   | 0.0003   |
|    n_updates       | 2187350  |
---------------------------------
---------------------------------
| rollout/           |          |
|    ep_len_mean     | 45       |
|    ep_rew_mean     | -149     |
| time/              |          |
|    episodes        | 43012    |
|    fps             | 10       |
|    time_elapsed    | 9536     |
|    total_timesteps | 2197600  |
| train/             |          |
|    actor_loss      | 0.846    |
|    critic_loss     | 0.195    |
|    ent_coef        | 0.00619  |
|    ent_coef_loss   | 0.0383   |
|    learning_rate   | 0.0003   |
|    n_updates       | 2187580  |
---------------------------------
---------------------------------
| rollout/           |          |
|    ep_len_mean     | 44.9     |
|    ep_rew_mean     | -145     |
| time/              |          |
|    episodes        | 43016    |
|    fps             | 10       |
|    time_elapsed    | 9547     |
|    total_timesteps | 2197750  |
| train/             |          |
|    actor_loss      | 0.824    |
|    critic_loss     | 0.182    |
|    ent_coef        | 0.00619  |
|    ent_coef_loss   | 0.379    |
|    learning_rate   | 0.0003   |
|    n_updates       | 2187730  |
---------------------------------
---------------------------------
| rollout/           |          |
|    ep_len_mean     | 45.3     |
|    ep_rew_mean     | -144     |
| time/              |          |
|    episodes        | 43020    |
|    fps             | 10       |
|    time_elapsed    | 9571     |
|    total_timesteps | 2197980  |
| train/             |          |
|    actor_loss      | 0.688    |
|    critic_loss     | 0.185    |
|    ent_coef        | 0.0062   |
|    ent_coef_loss   | -0.283   |
|    learning_rate   | 0.0003   |
|    n_updates       | 2187960  |
---------------------------------
---------------------------------
| rollout/           |          |
|    ep_len_mean     | 44.6     |
|    ep_rew_mean     | -152     |
| time/              |          |
|    episodes        | 43024    |
|    fps             | 10       |
|    time_elapsed    | 9579     |
|    total_timesteps | 2198060  |
| train/             |          |
|    actor_loss      | 0.897    |
|    critic_loss     | 0.195    |
|    ent_coef        | 0.00619  |
|    ent_coef_loss   | 0.211    |
|    learning_rate   | 0.0003   |
|    n_updates       | 2188040  |
---------------------------------
---------------------------------
| rollout/           |          |
|    ep_len_mean     | 43.8     |
|    ep_rew_mean     | -162     |
| time/              |          |
|    episodes        | 43028    |
|    fps             | 10       |
|    time_elapsed    | 9598     |
|    total_timesteps | 2198260  |
| train/             |          |
|    actor_loss      | 0.897    |
|    critic_loss     | 0.15     |
|    ent_coef        | 0.00615  |
|    ent_coef_loss   | -0.131   |
|    learning_rate   | 0.0003   |
|    n_updates       | 2188240  |
---------------------------------
---------------------------------
| rollout/           |          |
|    ep_len_mean     | 44.2     |
|    ep_rew_mean     | -160     |
| time/              |          |
|    episodes        | 43032    |
|    fps             | 10       |
|    time_elapsed    | 9612     |
|    total_timesteps | 2198450  |
| train/             |          |
|    actor_loss      | 0.875    |
|    critic_loss     | 0.253    |
|    ent_coef        | 0.00609  |
|    ent_coef_loss   | 0.0982   |
|    learning_rate   | 0.0003   |
|    n_updates       | 2188430  |
---------------------------------
---------------------------------
| rollout/           |          |
|    ep_len_mean     | 43.8     |
|    ep_rew_mean     | -161     |
| time/              |          |
|    episodes        | 43036    |
|    fps             | 10       |
|    time_elapsed    | 9625     |
|    total_timesteps | 2198590  |
| train/             |          |
|    actor_loss      | 0.863    |
|    critic_loss     | 0.174    |
|    ent_coef        | 0.00607  |
|    ent_coef_loss   | 0.0955   |
|    learning_rate   | 0.0003   |
|    n_updates       | 2188570  |
---------------------------------
---------------------------------
| rollout/           |          |
|    ep_len_mean     | 43.5     |
|    ep_rew_mean     | -163     |
| time/              |          |
|    episodes        | 43040    |
|    fps             | 10       |
|    time_elapsed    | 9636     |
|    total_timesteps | 2198770  |
| train/             |          |
|    actor_loss      | 0.774    |
|    critic_loss     | 0.229    |
|    ent_coef        | 0.006    |
|    ent_coef_loss   | -0.36    |
|    learning_rate   | 0.0003   |
|    n_updates       | 2188750  |
---------------------------------
---------------------------------
| rollout/           |          |
|    ep_len_mean     | 43.7     |
|    ep_rew_mean     | -163     |
| time/              |          |
|    episodes        | 43044    |
|    fps             | 10       |
|    time_elapsed    | 9654     |
|    total_timesteps | 2199030  |
| train/             |          |
|    actor_loss      | 0.935    |
|    critic_loss     | 0.164    |
|    ent_coef        | 0.00599  |
|    ent_coef_loss   | 0.151    |
|    learning_rate   | 0.0003   |
|    n_updates       | 2189010  |
---------------------------------
---------------------------------
| rollout/           |          |
|    ep_len_mean     | 43.1     |
|    ep_rew_mean     | -162     |
| time/              |          |
|    episodes        | 43048    |
|    fps             | 10       |
|    time_elapsed    | 9663     |
|    total_timesteps | 2199140  |
| train/             |          |
|    actor_loss      | 0.87     |
|    critic_loss     | 0.244    |
|    ent_coef        | 0.00598  |
|    ent_coef_loss   | -0.262   |
|    learning_rate   | 0.0003   |
|    n_updates       | 2189120  |
---------------------------------
---------------------------------
| rollout/           |          |
|    ep_len_mean     | 42.6     |
|    ep_rew_mean     | -166     |
| time/              |          |
|    episodes        | 43052    |
|    fps             | 10       |
|    time_elapsed    | 9677     |
|    total_timesteps | 2199330  |
| train/             |          |
|    actor_loss      | 0.883    |
|    critic_loss     | 0.198    |
|    ent_coef        | 0.00601  |
|    ent_coef_loss   | 0.391    |
|    learning_rate   | 0.0003   |
|    n_updates       | 2189310  |
---------------------------------
---------------------------------
| rollout/           |          |
|    ep_len_mean     | 43.2     |
|    ep_rew_mean     | -161     |
| time/              |          |
|    episodes        | 43056    |
|    fps             | 10       |
|    time_elapsed    | 9695     |
|    total_timesteps | 2199590  |
| train/             |          |
|    actor_loss      | 0.966    |
|    critic_loss     | 0.209    |
|    ent_coef        | 0.00597  |
|    ent_coef_loss   | -0.366   |
|    learning_rate   | 0.0003   |
|    n_updates       | 2189570  |
---------------------------------
---------------------------------
| rollout/           |          |
|    ep_len_mean     | 42.8     |
|    ep_rew_mean     | -157     |
| time/              |          |
|    episodes        | 43060    |
|    fps             | 10       |
|    time_elapsed    | 9700     |
|    total_timesteps | 2199670  |
| train/             |          |
|    actor_loss      | 0.834    |
|    critic_loss     | 0.215    |
|    ent_coef        | 0.00594  |
|    ent_coef_loss   | 0.212    |
|    learning_rate   | 0.0003   |
|    n_updates       | 2189650  |
---------------------------------
---------------------------------
| rollout/           |          |
|    ep_len_mean     | 42.9     |
|    ep_rew_mean     | -152     |
| time/              |          |
|    episodes        | 43064    |
|    fps             | 10       |
|    time_elapsed    | 9716     |
|    total_timesteps | 2199880  |
| train/             |          |
|    actor_loss      | 0.875    |
|    critic_loss     | 0.208    |
|    ent_coef        | 0.00598  |
|    ent_coef_loss   | 0.107    |
|    learning_rate   | 0.0003   |
|    n_updates       | 2189860  |
---------------------------------
[EVAL] t=2,200,000 supervisor off goal 0.69 collision 0.31 | dev goal 0.94 | field goal 0.49 (NT 0.73 HO 0.32 CRP 0.64 CRS 0.28 OT 0.52 BO 0.40) (191.0 s)
[EVAL] t=2,200,000 supervisor on goal 0.68 collision 0.32 | dev goal 0.93 | field goal 0.48 (NT 0.73 HO 0.32 CRP 0.64 CRS 0.28 OT 0.48 BO 0.40) (182.6 s)
-----------------------------------
| eval_supervisor_off/ |          |
|    collision_rate    | 0.313    |
|    dev/collision     | 0.0583   |
|    dev/goal          | 0.942    |
|    episodes          | 275      |
|    eval_wall_s       | 191      |
|    field/BO/goal     | 0.4      |
|    field/CRP/goal    | 0.64     |
|    field/CRS/goal    | 0.28     |
|    field/HO/goal     | 0.32     |
|    field/NT/goal     | 0.733    |
|    field/OT/goal     | 0.52     |
|    field/collision   | 0.51     |
|    field/goal        | 0.49     |
|    goal_rate         | 0.687    |
|    intervention_rate | 0        |
|    mean_return       | -91.2    |
|    timeout_rate      | 0        |
|    timesteps         | 2200000  |
| eval_supervisor_on/  |          |
|    collision_rate    | 0.324    |
|    dev/collision     | 0.075    |
|    dev/goal          | 0.925    |
|    episodes          | 275      |
|    eval_wall_s       | 183      |
|    field/BO/goal     | 0.4      |
|    field/CRP/goal    | 0.64     |
|    field/CRS/goal    | 0.28     |
|    field/HO/goal     | 0.32     |
|    field/NT/goal     | 0.733    |
|    field/OT/goal     | 0.48     |
|    field/collision   | 0.516    |
|    field/goal        | 0.484    |
|    goal_rate         | 0.676    |
|    intervention_rate | 0.0182   |
|    mean_return       | -99.6    |
|    timeout_rate      | 0        |
|    timesteps         | 2200000  |
| rollout/             |          |
|    ep_len_mean       | 42.8     |
|    ep_rew_mean       | -151     |
| time/                |          |
|    episodes          | 43068    |
|    fps               | 9        |
|    time_elapsed      | 10110    |
|    total_timesteps   | 2200170  |
| train/               |          |
|    actor_loss        | 0.935    |
|    critic_loss       | 0.196    |
|    ent_coef          | 0.00594  |
|    ent_coef_loss     | -0.00973 |
|    learning_rate     | 0.0003   |
|    n_updates         | 2190150  |
-----------------------------------
---------------------------------
| rollout/           |          |
|    ep_len_mean     | 43.8     |
|    ep_rew_mean     | -136     |
| time/              |          |
|    episodes        | 43072    |
|    fps             | 9        |
|    time_elapsed    | 10114    |
|    total_timesteps | 2200230  |
| train/             |          |
|    actor_loss      | 0.934    |
|    critic_loss     | 0.227    |
|    ent_coef        | 0.00595  |
|    ent_coef_loss   | 0.231    |
|    learning_rate   | 0.0003   |
|    n_updates       | 2190210  |
---------------------------------
---------------------------------
| rollout/           |          |
|    ep_len_mean     | 43.4     |
|    ep_rew_mean     | -136     |
| time/              |          |
|    episodes        | 43076    |
|    fps             | 9        |
|    time_elapsed    | 10138    |
|    total_timesteps | 2200450  |
| train/             |          |
|    actor_loss      | 0.883    |
|    critic_loss     | 0.172    |
|    ent_coef        | 0.00606  |
|    ent_coef_loss   | 0.375    |
|    learning_rate   | 0.0003   |
|    n_updates       | 2190430  |
---------------------------------
---------------------------------
| rollout/           |          |
|    ep_len_mean     | 43.3     |
|    ep_rew_mean     | -138     |
| time/              |          |
|    episodes        | 43080    |
|    fps             | 9        |
|    time_elapsed    | 10156    |
|    total_timesteps | 2200710  |
| train/             |          |
|    actor_loss      | 0.88     |
|    critic_loss     | 0.195    |
|    ent_coef        | 0.00607  |
|    ent_coef_loss   | 0.175    |
|    learning_rate   | 0.0003   |
|    n_updates       | 2190690  |
---------------------------------
---------------------------------
| rollout/           |          |
|    ep_len_mean     | 43.9     |
|    ep_rew_mean     | -139     |
| time/              |          |
|    episodes        | 43084    |
|    fps             | 9        |
|    time_elapsed    | 10169    |
|    total_timesteps | 2200870  |
| train/             |          |
|    actor_loss      | 0.896    |
|    critic_loss     | 0.219    |
|    ent_coef        | 0.00601  |
|    ent_coef_loss   | -0.292   |
|    learning_rate   | 0.0003   |
|    n_updates       | 2190850  |
---------------------------------
---------------------------------
| rollout/           |          |
|    ep_len_mean     | 43.8     |
|    ep_rew_mean     | -136     |
| time/              |          |
|    episodes        | 43088    |
|    fps             | 9        |
|    time_elapsed    | 10182    |
|    total_timesteps | 2201040  |
| train/             |          |
|    actor_loss      | 0.966    |
|    critic_loss     | 0.233    |
|    ent_coef        | 0.00596  |
|    ent_coef_loss   | -0.306   |
|    learning_rate   | 0.0003   |
|    n_updates       | 2191020  |
---------------------------------
---------------------------------
| rollout/           |          |
|    ep_len_mean     | 44       |
|    ep_rew_mean     | -131     |
| time/              |          |
|    episodes        | 43092    |
|    fps             | 9        |
|    time_elapsed    | 10198    |
|    total_timesteps | 2201300  |
| train/             |          |
|    actor_loss      | 0.828    |
|    critic_loss     | 0.168    |
|    ent_coef        | 0.00604  |
|    ent_coef_loss   | 0.382    |
|    learning_rate   | 0.0003   |
|    n_updates       | 2191280  |
---------------------------------
---------------------------------
| rollout/           |          |
|    ep_len_mean     | 45.2     |
|    ep_rew_mean     | -116     |
| time/              |          |
|    episodes        | 43096    |
|    fps             | 9        |
|    time_elapsed    | 10213    |
|    total_timesteps | 2201470  |
| train/             |          |
|    actor_loss      | 0.933    |
|    critic_loss     | 0.173    |
|    ent_coef        | 0.00611  |
|    ent_coef_loss   | 0.264    |
|    learning_rate   | 0.0003   |
|    n_updates       | 2191450  |
---------------------------------
---------------------------------
| rollout/           |          |
|    ep_len_mean     | 44.5     |
|    ep_rew_mean     | -125     |
| time/              |          |
|    episodes        | 43100    |
|    fps             | 9        |
|    time_elapsed    | 10222    |
|    total_timesteps | 2201600  |
| train/             |          |
|    actor_loss      | 0.834    |
|    critic_loss     | 0.181    |
|    ent_coef        | 0.00618  |
|    ent_coef_loss   | -0.518   |
|    learning_rate   | 0.0003   |
|    n_updates       | 2191580  |
---------------------------------
---------------------------------
| rollout/           |          |
|    ep_len_mean     | 44.3     |
|    ep_rew_mean     | -123     |
| time/              |          |
|    episodes        | 43104    |
|    fps             | 9        |
|    time_elapsed    | 10239    |
|    total_timesteps | 2201840  |
| train/             |          |
|    actor_loss      | 0.732    |
|    critic_loss     | 0.245    |
|    ent_coef        | 0.00615  |
|    ent_coef_loss   | -0.184   |
|    learning_rate   | 0.0003   |
|    n_updates       | 2191820  |
---------------------------------
---------------------------------
| rollout/           |          |
|    ep_len_mean     | 45.2     |
|    ep_rew_mean     | -116     |
| time/              |          |
|    episodes        | 43108    |
|    fps             | 9        |
|    time_elapsed    | 10261    |
|    total_timesteps | 2202130  |
| train/             |          |
|    actor_loss      | 0.844    |
|    critic_loss     | 0.202    |
|    ent_coef        | 0.00612  |
|    ent_coef_loss   | 0.0369   |
|    learning_rate   | 0.0003   |
|    n_updates       | 2192110  |
---------------------------------
---------------------------------
| rollout/           |          |
|    ep_len_mean     | 46.7     |
|    ep_rew_mean     | -103     |
| time/              |          |
|    episodes        | 43112    |
|    fps             | 9        |
|    time_elapsed    | 10272    |
|    total_timesteps | 2202230  |
| train/             |          |
|    actor_loss      | 0.893    |
|    critic_loss     | 0.179    |
|    ent_coef        | 0.00608  |
|    ent_coef_loss   | -0.49    |
|    learning_rate   | 0.0003   |
|    n_updates       | 2192210  |
---------------------------------
---------------------------------
| rollout/           |          |
|    ep_len_mean     | 46.1     |
|    ep_rew_mean     | -111     |
| time/              |          |
|    episodes        | 43116    |
|    fps             | 9        |
|    time_elapsed    | 10284    |
|    total_timesteps | 2202390  |
| train/             |          |
|    actor_loss      | 0.916    |
|    critic_loss     | 0.172    |
|    ent_coef        | 0.00602  |
|    ent_coef_loss   | 0.105    |
|    learning_rate   | 0.0003   |
|    n_updates       | 2192370  |
---------------------------------
---------------------------------
| rollout/           |          |
|    ep_len_mean     | 45.8     |
|    ep_rew_mean     | -113     |
| time/              |          |
|    episodes        | 43120    |
|    fps             | 9        |
|    time_elapsed    | 10293    |
|    total_timesteps | 2202500  |
| train/             |          |
|    actor_loss      | 0.928    |
|    critic_loss     | 0.163    |
|    ent_coef        | 0.00606  |
|    ent_coef_loss   | -0.00135 |
|    learning_rate   | 0.0003   |
|    n_updates       | 2192480  |
---------------------------------
---------------------------------
| rollout/           |          |
|    ep_len_mean     | 46.5     |
|    ep_rew_mean     | -96.7    |
| time/              |          |
|    episodes        | 43124    |
|    fps             | 9        |
|    time_elapsed    | 10315    |
|    total_timesteps | 2202800  |
| train/             |          |
|    actor_loss      | 0.842    |
|    critic_loss     | 0.214    |
|    ent_coef        | 0.00593  |
|    ent_coef_loss   | -0.138   |
|    learning_rate   | 0.0003   |
|    n_updates       | 2192780  |
---------------------------------
---------------------------------
| rollout/           |          |
|    ep_len_mean     | 46.7     |
|    ep_rew_mean     | -90.8    |
| time/              |          |
|    episodes        | 43128    |
|    fps             | 9        |
|    time_elapsed    | 10330    |
|    total_timesteps | 2202980  |
| train/             |          |
|    actor_loss      | 0.977    |
|    critic_loss     | 0.221    |
|    ent_coef        | 0.00583  |
|    ent_coef_loss   | 0.632    |
|    learning_rate   | 0.0003   |
|    n_updates       | 2192960  |
---------------------------------
---------------------------------
| rollout/           |          |
|    ep_len_mean     | 46.7     |
|    ep_rew_mean     | -90.4    |
| time/              |          |
|    episodes        | 43132    |
|    fps             | 9        |
|    time_elapsed    | 10346    |
|    total_timesteps | 2203220  |
| train/             |          |
|    actor_loss      | 0.809    |
|    critic_loss     | 0.179    |
|    ent_coef        | 0.00577  |
|    ent_coef_loss   | -0.464   |
|    learning_rate   | 0.0003   |
|    n_updates       | 2193200  |
---------------------------------
---------------------------------
| rollout/           |          |
|    ep_len_mean     | 47.7     |
|    ep_rew_mean     | -94.2    |
| time/              |          |
|    episodes        | 43136    |
|    fps             | 9        |
|    time_elapsed    | 10362    |
|    total_timesteps | 2203410  |
| train/             |          |
|    actor_loss      | 0.942    |
|    critic_loss     | 0.177    |
|    ent_coef        | 0.0057   |
|    ent_coef_loss   | 0.0368   |
|    learning_rate   | 0.0003   |
|    n_updates       | 2193390  |
---------------------------------
---------------------------------
| rollout/           |          |
|    ep_len_mean     | 47.9     |
|    ep_rew_mean     | -92.1    |
| time/              |          |
|    episodes        | 43140    |
|    fps             | 9        |
|    time_elapsed    | 10375    |
|    total_timesteps | 2203600  |
| train/             |          |
|    actor_loss      | 0.862    |
|    critic_loss     | 0.194    |
|    ent_coef        | 0.00579  |
|    ent_coef_loss   | 0.312    |
|    learning_rate   | 0.0003   |
|    n_updates       | 2193580  |
---------------------------------
---------------------------------
| rollout/           |          |
|    ep_len_mean     | 48.1     |
|    ep_rew_mean     | -92.2    |
| time/              |          |
|    episodes        | 43144    |
|    fps             | 9        |
|    time_elapsed    | 10391    |
|    total_timesteps | 2203760  |
| train/             |          |
|    actor_loss      | 0.902    |
|    critic_loss     | 0.221    |
|    ent_coef        | 0.00597  |
|    ent_coef_loss   | 0.549    |
|    learning_rate   | 0.0003   |
|    n_updates       | 2193740  |
---------------------------------
---------------------------------
| rollout/           |          |
|    ep_len_mean     | 47.5     |
|    ep_rew_mean     | -102     |
| time/              |          |
|    episodes        | 43148    |
|    fps             | 9        |
|    time_elapsed    | 10411    |
|    total_timesteps | 2204030  |
| train/             |          |
|    actor_loss      | 0.892    |
|    critic_loss     | 0.202    |
|    ent_coef        | 0.00605  |
|    ent_coef_loss   | 0.254    |
|    learning_rate   | 0.0003   |
|    n_updates       | 2194010  |
---------------------------------
---------------------------------
| rollout/           |          |
|    ep_len_mean     | 47.8     |
|    ep_rew_mean     | -106     |
| time/              |          |
|    episodes        | 43152    |
|    fps             | 9        |
|    time_elapsed    | 10426    |
|    total_timesteps | 2204200  |
| train/             |          |
|    actor_loss      | 0.884    |
|    critic_loss     | 0.181    |
|    ent_coef        | 0.00623  |
|    ent_coef_loss   | 0.313    |
|    learning_rate   | 0.0003   |
|    n_updates       | 2194180  |
---------------------------------
---------------------------------
| rollout/           |          |
|    ep_len_mean     | 48.2     |
|    ep_rew_mean     | -101     |
| time/              |          |
|    episodes        | 43156    |
|    fps             | 9        |
|    time_elapsed    | 10436    |
|    total_timesteps | 2204330  |
| train/             |          |
|    actor_loss      | 0.943    |
|    critic_loss     | 0.221    |
|    ent_coef        | 0.00625  |
|    ent_coef_loss   | -0.208   |
|    learning_rate   | 0.0003   |
|    n_updates       | 2194310  |
---------------------------------
---------------------------------
| rollout/           |          |
|    ep_len_mean     | 48.2     |
|    ep_rew_mean     | -104     |
| time/              |          |
|    episodes        | 43160    |
|    fps             | 10       |
|    time_elapsed    | 10449    |
|    total_timesteps | 2204540  |
| train/             |          |
|    actor_loss      | 0.879    |
|    critic_loss     | 0.138    |
|    ent_coef        | 0.0061   |
|    ent_coef_loss   | -0.22    |
|    learning_rate   | 0.0003   |
|    n_updates       | 2194520  |
---------------------------------
---------------------------------
| rollout/           |          |
|    ep_len_mean     | 48.3     |
|    ep_rew_mean     | -105     |
| time/              |          |
|    episodes        | 43164    |
|    fps             | 10       |
|    time_elapsed    | 10467    |
|    total_timesteps | 2204740  |
| train/             |          |
|    actor_loss      | 0.835    |
|    critic_loss     | 0.115    |
|    ent_coef        | 0.00599  |
|    ent_coef_loss   | -0.496   |
|    learning_rate   | 0.0003   |
|    n_updates       | 2194720  |
---------------------------------
---------------------------------
| rollout/           |          |
|    ep_len_mean     | 48.6     |
|    ep_rew_mean     | -104     |
| time/              |          |
|    episodes        | 43168    |
|    fps             | 10       |
|    time_elapsed    | 10481    |
|    total_timesteps | 2204890  |
| train/             |          |
|    actor_loss      | 0.854    |
|    critic_loss     | 0.128    |
|    ent_coef        | 0.00592  |
|    ent_coef_loss   | 0.0114   |
|    learning_rate   | 0.0003   |
|    n_updates       | 2194870  |
---------------------------------
---------------------------------
| rollout/           |          |
|    ep_len_mean     | 49.1     |
|    ep_rew_mean     | -101     |
| time/              |          |
|    episodes        | 43172    |
|    fps             | 10       |
|    time_elapsed    | 10508    |
|    total_timesteps | 2205280  |
| train/             |          |
|    actor_loss      | 0.843    |
|    critic_loss     | 0.2      |
|    ent_coef        | 0.00608  |
|    ent_coef_loss   | 0.407    |
|    learning_rate   | 0.0003   |
|    n_updates       | 2195260  |
---------------------------------
---------------------------------
| rollout/           |          |
|    ep_len_mean     | 49.1     |
|    ep_rew_mean     | -102     |
| time/              |          |
|    episodes        | 43176    |
|    fps             | 10       |
|    time_elapsed    | 10516    |
|    total_timesteps | 2205390  |
| train/             |          |
|    actor_loss      | 0.864    |
|    critic_loss     | 0.247    |
|    ent_coef        | 0.0061   |
|    ent_coef_loss   | -0.324   |
|    learning_rate   | 0.0003   |
|    n_updates       | 2195370  |
---------------------------------
---------------------------------
| rollout/           |          |
|    ep_len_mean     | 49.8     |
|    ep_rew_mean     | -99.2    |
| time/              |          |
|    episodes        | 43180    |
|    fps             | 10       |
|    time_elapsed    | 10525    |
|    total_timesteps | 2205530  |
| train/             |          |
|    actor_loss      | 0.822    |
|    critic_loss     | 0.162    |
|    ent_coef        | 0.00602  |
|    ent_coef_loss   | 0.0924   |
|    learning_rate   | 0.0003   |
|    n_updates       | 2195510  |
---------------------------------
---------------------------------
| rollout/           |          |
|    ep_len_mean     | 49.7     |
|    ep_rew_mean     | -104     |
| time/              |          |
|    episodes        | 43184    |
|    fps             | 10       |
|    time_elapsed    | 10547    |
|    total_timesteps | 2205890  |
| train/             |          |
|    actor_loss      | 0.867    |
|    critic_loss     | 0.272    |
|    ent_coef        | 0.00607  |
|    ent_coef_loss   | 0.291    |
|    learning_rate   | 0.0003   |
|    n_updates       | 2195870  |
---------------------------------
---------------------------------
| rollout/           |          |
|    ep_len_mean     | 49.5     |
|    ep_rew_mean     | -108     |
| time/              |          |
|    episodes        | 43188    |
|    fps             | 10       |
|    time_elapsed    | 10553    |
|    total_timesteps | 2205950  |
| train/             |          |
|    actor_loss      | 0.861    |
|    critic_loss     | 0.224    |
|    ent_coef        | 0.00608  |
|    ent_coef_loss   | 0.687    |
|    learning_rate   | 0.0003   |
|    n_updates       | 2195930  |
---------------------------------
---------------------------------
| rollout/           |          |
|    ep_len_mean     | 49.2     |
|    ep_rew_mean     | -112     |
| time/              |          |
|    episodes        | 43192    |
|    fps             | 10       |
|    time_elapsed    | 10568    |
|    total_timesteps | 2206110  |
| train/             |          |
|    actor_loss      | 0.905    |
|    critic_loss     | 0.351    |
|    ent_coef        | 0.00613  |
|    ent_coef_loss   | -0.201   |
|    learning_rate   | 0.0003   |
|    n_updates       | 2196090  |
---------------------------------
---------------------------------
| rollout/           |          |
|    ep_len_mean     | 48.9     |
|    ep_rew_mean     | -111     |
| time/              |          |
|    episodes        | 43196    |
|    fps             | 10       |
|    time_elapsed    | 10590    |
|    total_timesteps | 2206400  |
| train/             |          |
|    actor_loss      | 0.903    |
|    critic_loss     | 0.214    |
|    ent_coef        | 0.00608  |
|    ent_coef_loss   | -0.174   |
|    learning_rate   | 0.0003   |
|    n_updates       | 2196380  |
---------------------------------
---------------------------------
| rollout/           |          |
|    ep_len_mean     | 49.8     |
|    ep_rew_mean     | -102     |
| time/              |          |
|    episodes        | 43200    |
|    fps             | 10       |
|    time_elapsed    | 10605    |
|    total_timesteps | 2206620  |
| train/             |          |
|    actor_loss      | 0.888    |
|    critic_loss     | 0.276    |
|    ent_coef        | 0.006    |
|    ent_coef_loss   | 0.354    |
|    learning_rate   | 0.0003   |
|    n_updates       | 2196600  |
---------------------------------
---------------------------------
| rollout/           |          |
|    ep_len_mean     | 50       |
|    ep_rew_mean     | -109     |
| time/              |          |
|    episodes        | 43204    |
|    fps             | 10       |
|    time_elapsed    | 10619    |
|    total_timesteps | 2206800  |
| train/             |          |
|    actor_loss      | 0.888    |
|    critic_loss     | 0.181    |
|    ent_coef        | 0.00605  |
|    ent_coef_loss   | 0.58     |
|    learning_rate   | 0.0003   |
|    n_updates       | 2196780  |
---------------------------------
---------------------------------
| rollout/           |          |
|    ep_len_mean     | 49.8     |
|    ep_rew_mean     | -113     |
| time/              |          |
|    episodes        | 43208    |
|    fps             | 10       |
|    time_elapsed    | 10633    |
|    total_timesteps | 2207020  |
| train/             |          |
|    actor_loss      | 0.838    |
|    critic_loss     | 0.21     |
|    ent_coef        | 0.00607  |
|    ent_coef_loss   | -0.124   |
|    learning_rate   | 0.0003   |
|    n_updates       | 2197000  |
---------------------------------
---------------------------------
| rollout/           |          |
|    ep_len_mean     | 49.7     |
|    ep_rew_mean     | -117     |
| time/              |          |
|    episodes        | 43212    |
|    fps             | 10       |
|    time_elapsed    | 10652    |
|    total_timesteps | 2207270  |
| train/             |          |
|    actor_loss      | 0.827    |
|    critic_loss     | 0.163    |
|    ent_coef        | 0.006    |
|    ent_coef_loss   | -0.0148  |
|    learning_rate   | 0.0003   |
|    n_updates       | 2197250  |
---------------------------------
---------------------------------
| rollout/           |          |
|    ep_len_mean     | 50.6     |
|    ep_rew_mean     | -114     |
| time/              |          |
|    episodes        | 43216    |
|    fps             | 10       |
|    time_elapsed    | 10668    |
|    total_timesteps | 2207490  |
| train/             |          |
|    actor_loss      | 0.933    |
|    critic_loss     | 0.216    |
|    ent_coef        | 0.00601  |
|    ent_coef_loss   | 0.573    |
|    learning_rate   | 0.0003   |
|    n_updates       | 2197470  |
---------------------------------
---------------------------------
| rollout/           |          |
|    ep_len_mean     | 51       |
|    ep_rew_mean     | -110     |
| time/              |          |
|    episodes        | 43220    |
|    fps             | 10       |
|    time_elapsed    | 10682    |
|    total_timesteps | 2207680  |
| train/             |          |
|    actor_loss      | 0.896    |
|    critic_loss     | 0.225    |
|    ent_coef        | 0.00605  |
|    ent_coef_loss   | -0.0016  |
|    learning_rate   | 0.0003   |
|    n_updates       | 2197660  |
---------------------------------
---------------------------------
| rollout/           |          |
|    ep_len_mean     | 50.8     |
|    ep_rew_mean     | -118     |
| time/              |          |
|    episodes        | 43224    |
|    fps             | 10       |
|    time_elapsed    | 10696    |
|    total_timesteps | 2207820  |
| train/             |          |
|    actor_loss      | 0.851    |
|    critic_loss     | 0.139    |
|    ent_coef        | 0.00613  |
|    ent_coef_loss   | 0.462    |
|    learning_rate   | 0.0003   |
|    n_updates       | 2197800  |
---------------------------------
---------------------------------
| rollout/           |          |
|    ep_len_mean     | 50.7     |
|    ep_rew_mean     | -127     |
| time/              |          |
|    episodes        | 43228    |
|    fps             | 10       |
|    time_elapsed    | 10716    |
|    total_timesteps | 2208160  |
| train/             |          |
|    actor_loss      | 0.822    |
|    critic_loss     | 0.187    |
|    ent_coef        | 0.00597  |
|    ent_coef_loss   | 0.0643   |
|    learning_rate   | 0.0003   |
|    n_updates       | 2198140  |
---------------------------------
---------------------------------
| rollout/           |          |
|    ep_len_mean     | 51.3     |
|    ep_rew_mean     | -123     |
| time/              |          |
|    episodes        | 43232    |
|    fps             | 10       |
|    time_elapsed    | 10727    |
|    total_timesteps | 2208330  |
| train/             |          |
|    actor_loss      | 0.902    |
|    critic_loss     | 0.141    |
|    ent_coef        | 0.00595  |
|    ent_coef_loss   | 0.135    |
|    learning_rate   | 0.0003   |
|    n_updates       | 2198310  |
---------------------------------
---------------------------------
| rollout/           |          |
|    ep_len_mean     | 50.7     |
|    ep_rew_mean     | -116     |
| time/              |          |
|    episodes        | 43236    |
|    fps             | 10       |
|    time_elapsed    | 10738    |
|    total_timesteps | 2208490  |
| train/             |          |
|    actor_loss      | 0.81     |
|    critic_loss     | 0.172    |
|    ent_coef        | 0.00602  |
|    ent_coef_loss   | 0.407    |
|    learning_rate   | 0.0003   |
|    n_updates       | 2198470  |
---------------------------------
---------------------------------
| rollout/           |          |
|    ep_len_mean     | 50.7     |
|    ep_rew_mean     | -118     |
| time/              |          |
|    episodes        | 43240    |
|    fps             | 10       |
|    time_elapsed    | 10755    |
|    total_timesteps | 2208720  |
| train/             |          |
|    actor_loss      | 0.899    |
|    critic_loss     | 0.164    |
|    ent_coef        | 0.00618  |
|    ent_coef_loss   | 0.199    |
|    learning_rate   | 0.0003   |
|    n_updates       | 2198700  |
---------------------------------
---------------------------------
| rollout/           |          |
|    ep_len_mean     | 50.8     |
|    ep_rew_mean     | -118     |
| time/              |          |
|    episodes        | 43244    |
|    fps             | 10       |
|    time_elapsed    | 10764    |
|    total_timesteps | 2208820  |
| train/             |          |
|    actor_loss      | 0.881    |
|    critic_loss     | 0.256    |
|    ent_coef        | 0.00622  |
|    ent_coef_loss   | 0.49     |
|    learning_rate   | 0.0003   |
|    n_updates       | 2198800  |
---------------------------------
---------------------------------
| rollout/           |          |
|    ep_len_mean     | 50.6     |
|    ep_rew_mean     | -112     |
| time/              |          |
|    episodes        | 43248    |
|    fps             | 10       |
|    time_elapsed    | 10791    |
|    total_timesteps | 2209040  |
| train/             |          |
|    actor_loss      | 0.887    |
|    critic_loss     | 0.189    |
|    ent_coef        | 0.00624  |
|    ent_coef_loss   | 0.217    |
|    learning_rate   | 0.0003   |
|    n_updates       | 2199020  |
---------------------------------
---------------------------------
| rollout/           |          |
|    ep_len_mean     | 50.4     |
|    ep_rew_mean     | -112     |
| time/              |          |
|    episodes        | 43252    |
|    fps             | 10       |
|    time_elapsed    | 10810    |
|    total_timesteps | 2209230  |
| train/             |          |
|    actor_loss      | 0.861    |
|    critic_loss     | 0.181    |
|    ent_coef        | 0.00623  |
|    ent_coef_loss   | 0.29     |
|    learning_rate   | 0.0003   |
|    n_updates       | 2199210  |
---------------------------------
---------------------------------
| rollout/           |          |
|    ep_len_mean     | 49.9     |
|    ep_rew_mean     | -117     |
| time/              |          |
|    episodes        | 43256    |
|    fps             | 10       |
|    time_elapsed    | 10821    |
|    total_timesteps | 2209320  |
| train/             |          |
|    actor_loss      | 0.885    |
|    critic_loss     | 0.136    |
|    ent_coef        | 0.00625  |
|    ent_coef_loss   | 0.0709   |
|    learning_rate   | 0.0003   |
|    n_updates       | 2199300  |
---------------------------------
---------------------------------
| rollout/           |          |
|    ep_len_mean     | 49.8     |
|    ep_rew_mean     | -123     |
| time/              |          |
|    episodes        | 43260    |
|    fps             | 10       |
|    time_elapsed    | 10833    |
|    total_timesteps | 2209430  |
| train/             |          |
|    actor_loss      | 0.88     |
|    critic_loss     | 0.161    |
|    ent_coef        | 0.00616  |
|    ent_coef_loss   | -0.55    |
|    learning_rate   | 0.0003   |
|    n_updates       | 2199410  |
---------------------------------
---------------------------------
| rollout/           |          |
|    ep_len_mean     | 49.2     |
|    ep_rew_mean     | -128     |
| time/              |          |
|    episodes        | 43264    |
|    fps             | 10       |
|    time_elapsed    | 10855    |
|    total_timesteps | 2209730  |
| train/             |          |
|    actor_loss      | 0.863    |
|    critic_loss     | 0.229    |
|    ent_coef        | 0.00617  |
|    ent_coef_loss   | 0.0259   |
|    learning_rate   | 0.0003   |
|    n_updates       | 2199710  |
---------------------------------
---------------------------------
| rollout/           |          |
|    ep_len_mean     | 48.8     |
|    ep_rew_mean     | -128     |
| time/              |          |
|    episodes        | 43268    |
|    fps             | 10       |
|    time_elapsed    | 10867    |
|    total_timesteps | 2209880  |
| train/             |          |
|    actor_loss      | 0.884    |
|    critic_loss     | 0.19     |
|    ent_coef        | 0.00613  |
|    ent_coef_loss   | -0.12    |
|    learning_rate   | 0.0003   |
|    n_updates       | 2199860  |
---------------------------------
---------------------------------
| rollout/           |          |
|    ep_len_mean     | 49.2     |
|    ep_rew_mean     | -131     |
| time/              |          |
|    episodes        | 43272    |
|    fps             | 10       |
|    time_elapsed    | 10880    |
|    total_timesteps | 2210020  |
| train/             |          |
|    actor_loss      | 0.833    |
|    critic_loss     | 0.17     |
|    ent_coef        | 0.0061   |
|    ent_coef_loss   | 0.133    |
|    learning_rate   | 0.0003   |
|    n_updates       | 2200000  |
---------------------------------
---------------------------------
| rollout/           |          |
|    ep_len_mean     | 48.3     |
|    ep_rew_mean     | -133     |
| time/              |          |
|    episodes        | 43276    |
|    fps             | 10       |
|    time_elapsed    | 10890    |
|    total_timesteps | 2210180  |
| train/             |          |
|    actor_loss      | 0.914    |
|    critic_loss     | 0.278    |
|    ent_coef        | 0.00609  |
|    ent_coef_loss   | 0.0242   |
|    learning_rate   | 0.0003   |
|    n_updates       | 2200160  |
---------------------------------
---------------------------------
| rollout/           |          |
|    ep_len_mean     | 47.8     |
|    ep_rew_mean     | -130     |
| time/              |          |
|    episodes        | 43280    |
|    fps             | 10       |
|    time_elapsed    | 10913    |
|    total_timesteps | 2210420  |
| train/             |          |
|    actor_loss      | 0.936    |
|    critic_loss     | 0.237    |
|    ent_coef        | 0.00602  |
|    ent_coef_loss   | 0.198    |
|    learning_rate   | 0.0003   |
|    n_updates       | 2200400  |
---------------------------------
---------------------------------
| rollout/           |          |
|    ep_len_mean     | 48       |
|    ep_rew_mean     | -126     |
| time/              |          |
|    episodes        | 43284    |
|    fps             | 10       |
|    time_elapsed    | 10930    |
|    total_timesteps | 2210650  |
| train/             |          |
|    actor_loss      | 0.925    |
|    critic_loss     | 0.216    |
|    ent_coef        | 0.00607  |
|    ent_coef_loss   | 0.0512   |
|    learning_rate   | 0.0003   |
|    n_updates       | 2200630  |
---------------------------------
---------------------------------
| rollout/           |          |
|    ep_len_mean     | 48.3     |
|    ep_rew_mean     | -122     |
| time/              |          |
|    episodes        | 43288    |
|    fps             | 10       |
|    time_elapsed    | 10934    |
|    total_timesteps | 2210720  |
| train/             |          |
|    actor_loss      | 0.892    |
|    critic_loss     | 0.23     |
|    ent_coef        | 0.00608  |
|    ent_coef_loss   | 0.233    |
|    learning_rate   | 0.0003   |
|    n_updates       | 2200700  |
---------------------------------
---------------------------------
| rollout/           |          |
|    ep_len_mean     | 48.6     |
|    ep_rew_mean     | -119     |
| time/              |          |
|    episodes        | 43292    |
|    fps             | 10       |
|    time_elapsed    | 10961    |
|    total_timesteps | 2211100  |
| train/             |          |
|    actor_loss      | 0.897    |
|    critic_loss     | 0.201    |
|    ent_coef        | 0.006    |
|    ent_coef_loss   | 0.305    |
|    learning_rate   | 0.0003   |
|    n_updates       | 2201080  |
---------------------------------
---------------------------------
| rollout/           |          |
|    ep_len_mean     | 48.6     |
|    ep_rew_mean     | -123     |
| time/              |          |
|    episodes        | 43296    |
|    fps             | 10       |
|    time_elapsed    | 10976    |
|    total_timesteps | 2211270  |
| train/             |          |
|    actor_loss      | 0.87     |
|    critic_loss     | 0.142    |
|    ent_coef        | 0.00594  |
|    ent_coef_loss   | -0.00123 |
|    learning_rate   | 0.0003   |
|    n_updates       | 2201250  |
---------------------------------
---------------------------------
| rollout/           |          |
|    ep_len_mean     | 48.2     |
|    ep_rew_mean     | -127     |
| time/              |          |
|    episodes        | 43300    |
|    fps             | 10       |
|    time_elapsed    | 10983    |
|    total_timesteps | 2211370  |
| train/             |          |
|    actor_loss      | 0.852    |
|    critic_loss     | 0.243    |
|    ent_coef        | 0.006    |
|    ent_coef_loss   | 0.105    |
|    learning_rate   | 0.0003   |
|    n_updates       | 2201350  |
---------------------------------
---------------------------------
| rollout/           |          |
|    ep_len_mean     | 47.2     |
|    ep_rew_mean     | -128     |
| time/              |          |
|    episodes        | 43304    |
|    fps             | 10       |
|    time_elapsed    | 10996    |
|    total_timesteps | 2211560  |
| train/             |          |
|    actor_loss      | 0.949    |
|    critic_loss     | 0.204    |
|    ent_coef        | 0.00602  |
|    ent_coef_loss   | 0.339    |
|    learning_rate   | 0.0003   |
|    n_updates       | 2201540  |
---------------------------------
---------------------------------
| rollout/           |          |
|    ep_len_mean     | 47.3     |
|    ep_rew_mean     | -129     |
| time/              |          |
|    episodes        | 43308    |
|    fps             | 10       |
|    time_elapsed    | 11008    |
|    total_timesteps | 2211730  |
| train/             |          |
|    actor_loss      | 0.802    |
|    critic_loss     | 0.234    |
|    ent_coef        | 0.00606  |
|    ent_coef_loss   | -0.0833  |
|    learning_rate   | 0.0003   |
|    n_updates       | 2201710  |
---------------------------------
---------------------------------
| rollout/           |          |
|    ep_len_mean     | 46.5     |
|    ep_rew_mean     | -132     |
| time/              |          |
|    episodes        | 43312    |
|    fps             | 10       |
|    time_elapsed    | 11021    |
|    total_timesteps | 2211910  |
| train/             |          |
|    actor_loss      | 0.873    |
|    critic_loss     | 0.137    |
|    ent_coef        | 0.006    |
|    ent_coef_loss   | 0.314    |
|    learning_rate   | 0.0003   |
|    n_updates       | 2201890  |
---------------------------------
---------------------------------
| rollout/           |          |
|    ep_len_mean     | 46.6     |
|    ep_rew_mean     | -124     |
| time/              |          |
|    episodes        | 43316    |
|    fps             | 10       |
|    time_elapsed    | 11044    |
|    total_timesteps | 2212130  |
| train/             |          |
|    actor_loss      | 0.831    |
|    critic_loss     | 0.161    |
|    ent_coef        | 0.00617  |
|    ent_coef_loss   | -0.31    |
|    learning_rate   | 0.0003   |
|    n_updates       | 2202110  |
---------------------------------
---------------------------------
| rollout/           |          |
|    ep_len_mean     | 46.5     |
|    ep_rew_mean     | -127     |
| time/              |          |
|    episodes        | 43320    |
|    fps             | 10       |
|    time_elapsed    | 11060    |
|    total_timesteps | 2212310  |
| train/             |          |
|    actor_loss      | 0.958    |
|    critic_loss     | 0.215    |
|    ent_coef        | 0.00616  |
|    ent_coef_loss   | -0.256   |
|    learning_rate   | 0.0003   |
|    n_updates       | 2202290  |
---------------------------------
---------------------------------
| rollout/           |          |
|    ep_len_mean     | 46.6     |
|    ep_rew_mean     | -130     |
| time/              |          |
|    episodes        | 43324    |
|    fps             | 10       |
|    time_elapsed    | 11072    |
|    total_timesteps | 2212490  |
| train/             |          |
|    actor_loss      | 0.853    |
|    critic_loss     | 0.159    |
|    ent_coef        | 0.00605  |
|    ent_coef_loss   | -0.423   |
|    learning_rate   | 0.0003   |
|    n_updates       | 2202470  |
---------------------------------
---------------------------------
| rollout/           |          |
|    ep_len_mean     | 46.5     |
|    ep_rew_mean     | -127     |
| time/              |          |
|    episodes        | 43328    |
|    fps             | 10       |
|    time_elapsed    | 11101    |
|    total_timesteps | 2212690  |
| train/             |          |
|    actor_loss      | 0.884    |
|    critic_loss     | 0.202    |
|    ent_coef        | 0.00603  |
|    ent_coef_loss   | -0.0344  |
|    learning_rate   | 0.0003   |
|    n_updates       | 2202670  |
---------------------------------
---------------------------------
| rollout/           |          |
|    ep_len_mean     | 46.1     |
|    ep_rew_mean     | -131     |
| time/              |          |
|    episodes        | 43332    |
|    fps             | 10       |
|    time_elapsed    | 11126    |
|    total_timesteps | 2213020  |
| train/             |          |
|    actor_loss      | 0.935    |
|    critic_loss     | 0.179    |
|    ent_coef        | 0.00607  |
|    ent_coef_loss   | 0.345    |
|    learning_rate   | 0.0003   |
|    n_updates       | 2203000  |
---------------------------------
---------------------------------
| rollout/           |          |
|    ep_len_mean     | 46.6     |
|    ep_rew_mean     | -128     |
| time/              |          |
|    episodes        | 43336    |
|    fps             | 10       |
|    time_elapsed    | 11135    |
|    total_timesteps | 2213150  |
| train/             |          |
|    actor_loss      | 0.884    |
|    critic_loss     | 0.152    |
|    ent_coef        | 0.00616  |
|    ent_coef_loss   | 0.435    |
|    learning_rate   | 0.0003   |
|    n_updates       | 2203130  |
---------------------------------
---------------------------------
| rollout/           |          |
|    ep_len_mean     | 46.6     |
|    ep_rew_mean     | -122     |
| time/              |          |
|    episodes        | 43340    |
|    fps             | 10       |
|    time_elapsed    | 11146    |
|    total_timesteps | 2213270  |
| train/             |          |
|    actor_loss      | 0.876    |
|    critic_loss     | 0.234    |
|    ent_coef        | 0.00624  |
|    ent_coef_loss   | 0.187    |
|    learning_rate   | 0.0003   |
|    n_updates       | 2203250  |
---------------------------------
---------------------------------
| rollout/           |          |
|    ep_len_mean     | 46.7     |
|    ep_rew_mean     | -118     |
| time/              |          |
|    episodes        | 43344    |
|    fps             | 10       |
|    time_elapsed    | 11171    |
|    total_timesteps | 2213570  |
| train/             |          |
|    actor_loss      | 0.933    |
|    critic_loss     | 0.166    |
|    ent_coef        | 0.00624  |
|    ent_coef_loss   | 0.0822   |
|    learning_rate   | 0.0003   |
|    n_updates       | 2203550  |
---------------------------------
---------------------------------
| rollout/           |          |
|    ep_len_mean     | 46.7     |
|    ep_rew_mean     | -122     |
| time/              |          |
|    episodes        | 43348    |
|    fps             | 10       |
|    time_elapsed    | 11183    |
|    total_timesteps | 2213750  |
| train/             |          |
|    actor_loss      | 0.849    |
|    critic_loss     | 0.232    |
|    ent_coef        | 0.00631  |
|    ent_coef_loss   | 0.484    |
|    learning_rate   | 0.0003   |
|    n_updates       | 2203730  |
---------------------------------
---------------------------------
| rollout/           |          |
|    ep_len_mean     | 47.3     |
|    ep_rew_mean     | -113     |
| time/              |          |
|    episodes        | 43352    |
|    fps             | 10       |
|    time_elapsed    | 11194    |
|    total_timesteps | 2213940  |
| train/             |          |
|    actor_loss      | 0.885    |
|    critic_loss     | 0.194    |
|    ent_coef        | 0.00633  |
|    ent_coef_loss   | 0.335    |
|    learning_rate   | 0.0003   |
|    n_updates       | 2203920  |
---------------------------------
---------------------------------
| rollout/           |          |
|    ep_len_mean     | 47.6     |
|    ep_rew_mean     | -110     |
| time/              |          |
|    episodes        | 43356    |
|    fps             | 10       |
|    time_elapsed    | 11206    |
|    total_timesteps | 2214110  |
| train/             |          |
|    actor_loss      | 0.903    |
|    critic_loss     | 0.196    |
|    ent_coef        | 0.00634  |
|    ent_coef_loss   | -0.338   |
|    learning_rate   | 0.0003   |
|    n_updates       | 2204090  |
---------------------------------
---------------------------------
| rollout/           |          |
|    ep_len_mean     | 47.7     |
|    ep_rew_mean     | -108     |
| time/              |          |
|    episodes        | 43360    |
|    fps             | 10       |
|    time_elapsed    | 11226    |
|    total_timesteps | 2214290  |
| train/             |          |
|    actor_loss      | 0.881    |
|    critic_loss     | 0.175    |
|    ent_coef        | 0.00624  |
|    ent_coef_loss   | -0.337   |
|    learning_rate   | 0.0003   |
|    n_updates       | 2204270  |
---------------------------------
---------------------------------
| rollout/           |          |
|    ep_len_mean     | 47.9     |
|    ep_rew_mean     | -107     |
| time/              |          |
|    episodes        | 43364    |
|    fps             | 10       |
|    time_elapsed    | 11243    |
|    total_timesteps | 2214500  |
| train/             |          |
|    actor_loss      | 0.911    |
|    critic_loss     | 0.201    |
|    ent_coef        | 0.00625  |
|    ent_coef_loss   | 0.165    |
|    learning_rate   | 0.0003   |
|    n_updates       | 2204480  |
---------------------------------
---------------------------------
| rollout/           |          |
|    ep_len_mean     | 47.4     |
|    ep_rew_mean     | -107     |
| time/              |          |
|    episodes        | 43368    |
|    fps             | 10       |
|    time_elapsed    | 11252    |
|    total_timesteps | 2214640  |
| train/             |          |
|    actor_loss      | 0.806    |
|    critic_loss     | 0.184    |
|    ent_coef        | 0.00621  |
|    ent_coef_loss   | 0.176    |
|    learning_rate   | 0.0003   |
|    n_updates       | 2204620  |
---------------------------------
---------------------------------
| rollout/           |          |
|    ep_len_mean     | 46.7     |
|    ep_rew_mean     | -112     |
| time/              |          |
|    episodes        | 43372    |
|    fps             | 10       |
|    time_elapsed    | 11255    |
|    total_timesteps | 2214680  |
| train/             |          |
|    actor_loss      | 0.89     |
|    critic_loss     | 0.189    |
|    ent_coef        | 0.00621  |
|    ent_coef_loss   | -0.273   |
|    learning_rate   | 0.0003   |
|    n_updates       | 2204660  |
---------------------------------
---------------------------------
| rollout/           |          |
|    ep_len_mean     | 47.4     |
|    ep_rew_mean     | -108     |
| time/              |          |
|    episodes        | 43376    |
|    fps             | 10       |
|    time_elapsed    | 11269    |
|    total_timesteps | 2214880  |
| train/             |          |
|    actor_loss      | 0.934    |
|    critic_loss     | 0.269    |
|    ent_coef        | 0.00607  |
|    ent_coef_loss   | -0.569   |
|    learning_rate   | 0.0003   |
|    n_updates       | 2204860  |
---------------------------------
---------------------------------
| rollout/           |          |
|    ep_len_mean     | 46.7     |
|    ep_rew_mean     | -118     |
| time/              |          |
|    episodes        | 43380    |
|    fps             | 10       |
|    time_elapsed    | 11292    |
|    total_timesteps | 2215080  |
| train/             |          |
|    actor_loss      | 0.893    |
|    critic_loss     | 0.235    |
|    ent_coef        | 0.00599  |
|    ent_coef_loss   | 0.338    |
|    learning_rate   | 0.0003   |
|    n_updates       | 2205060  |
---------------------------------
---------------------------------
| rollout/           |          |
|    ep_len_mean     | 45.9     |
|    ep_rew_mean     | -124     |
| time/              |          |
|    episodes        | 43384    |
|    fps             | 10       |
|    time_elapsed    | 11300    |
|    total_timesteps | 2215210  |
| train/             |          |
|    actor_loss      | 0.8      |
|    critic_loss     | 0.189    |
|    ent_coef        | 0.00599  |
|    ent_coef_loss   | -0.258   |
|    learning_rate   | 0.0003   |
|    n_updates       | 2205190  |
---------------------------------
---------------------------------
| rollout/           |          |
|    ep_len_mean     | 45.7     |
|    ep_rew_mean     | -123     |
| time/              |          |
|    episodes        | 43388    |
|    fps             | 10       |
|    time_elapsed    | 11315    |
|    total_timesteps | 2215390  |
| train/             |          |
|    actor_loss      | 1.04     |
|    critic_loss     | 0.2      |
|    ent_coef        | 0.00608  |
|    ent_coef_loss   | 0.436    |
|    learning_rate   | 0.0003   |
|    n_updates       | 2205370  |
---------------------------------
---------------------------------
| rollout/           |          |
|    ep_len_mean     | 45.5     |
|    ep_rew_mean     | -118     |
| time/              |          |
|    episodes        | 43392    |
|    fps             | 10       |
|    time_elapsed    | 11326    |
|    total_timesteps | 2215590  |
| train/             |          |
|    actor_loss      | 0.93     |
|    critic_loss     | 0.146    |
|    ent_coef        | 0.00605  |
|    ent_coef_loss   | 0.0743   |
|    learning_rate   | 0.0003   |
|    n_updates       | 2205570  |
---------------------------------
---------------------------------
| rollout/           |          |
|    ep_len_mean     | 45.6     |
|    ep_rew_mean     | -120     |
| time/              |          |
|    episodes        | 43396    |
|    fps             | 10       |
|    time_elapsed    | 11341    |
|    total_timesteps | 2215840  |
| train/             |          |
|    actor_loss      | 0.896    |
|    critic_loss     | 0.162    |
|    ent_coef        | 0.00608  |
|    ent_coef_loss   | -0.222   |
|    learning_rate   | 0.0003   |
|    n_updates       | 2205820  |
---------------------------------
---------------------------------
| rollout/           |          |
|    ep_len_mean     | 45.7     |
|    ep_rew_mean     | -121     |
| time/              |          |
|    episodes        | 43400    |
|    fps             | 10       |
|    time_elapsed    | 11349    |
|    total_timesteps | 2215960  |
| train/             |          |
|    actor_loss      | 0.899    |
|    critic_loss     | 0.25     |
|    ent_coef        | 0.0061   |
|    ent_coef_loss   | -0.398   |
|    learning_rate   | 0.0003   |
|    n_updates       | 2205940  |
---------------------------------
---------------------------------
| rollout/           |          |
|    ep_len_mean     | 46.8     |
|    ep_rew_mean     | -111     |
| time/              |          |
|    episodes        | 43404    |
|    fps             | 10       |
|    time_elapsed    | 11365    |
|    total_timesteps | 2216220  |
| train/             |          |
|    actor_loss      | 0.842    |
|    critic_loss     | 0.146    |
|    ent_coef        | 0.00612  |
|    ent_coef_loss   | -0.0385  |
|    learning_rate   | 0.0003   |
|    n_updates       | 2206200  |
---------------------------------
---------------------------------
| rollout/           |          |
|    ep_len_mean     | 46.4     |
|    ep_rew_mean     | -109     |
| time/              |          |
|    episodes        | 43408    |
|    fps             | 10       |
|    time_elapsed    | 11377    |
|    total_timesteps | 2216410  |
| train/             |          |
|    actor_loss      | 0.904    |
|    critic_loss     | 0.209    |
|    ent_coef        | 0.00615  |
|    ent_coef_loss   | 0.0961   |
|    learning_rate   | 0.0003   |
|    n_updates       | 2206390  |
---------------------------------
---------------------------------
| rollout/           |          |
|    ep_len_mean     | 47.2     |
|    ep_rew_mean     | -105     |
| time/              |          |
|    episodes        | 43412    |
|    fps             | 10       |
|    time_elapsed    | 11382    |
|    total_timesteps | 2216480  |
| train/             |          |
|    actor_loss      | 0.844    |
|    critic_loss     | 0.204    |
|    ent_coef        | 0.00618  |
|    ent_coef_loss   | -0.457   |
|    learning_rate   | 0.0003   |
|    n_updates       | 2206460  |
---------------------------------
---------------------------------
| rollout/           |          |
|    ep_len_mean     | 47.1     |
|    ep_rew_mean     | -107     |
| time/              |          |
|    episodes        | 43416    |
|    fps             | 10       |
|    time_elapsed    | 11414    |
|    total_timesteps | 2216920  |
| train/             |          |
|    actor_loss      | 0.869    |
|    critic_loss     | 0.205    |
|    ent_coef        | 0.00605  |
|    ent_coef_loss   | 0.351    |
|    learning_rate   | 0.0003   |
|    n_updates       | 2206900  |
---------------------------------
---------------------------------
| rollout/           |          |
|    ep_len_mean     | 47.1     |
|    ep_rew_mean     | -105     |
| time/              |          |
|    episodes        | 43420    |
|    fps             | 10       |
|    time_elapsed    | 11422    |
|    total_timesteps | 2216970  |
| train/             |          |
|    actor_loss      | 0.977    |
|    critic_loss     | 0.222    |
|    ent_coef        | 0.0061   |
|    ent_coef_loss   | 0.488    |
|    learning_rate   | 0.0003   |
|    n_updates       | 2206950  |
---------------------------------
---------------------------------
| rollout/           |          |
|    ep_len_mean     | 46.8     |
|    ep_rew_mean     | -100     |
| time/              |          |
|    episodes        | 43424    |
|    fps             | 10       |
|    time_elapsed    | 11450    |
|    total_timesteps | 2217120  |
| train/             |          |
|    actor_loss      | 0.848    |
|    critic_loss     | 0.212    |
|    ent_coef        | 0.00613  |
|    ent_coef_loss   | 0.422    |
|    learning_rate   | 0.0003   |
|    n_updates       | 2207100  |
---------------------------------
---------------------------------
| rollout/           |          |
|    ep_len_mean     | 45.9     |
|    ep_rew_mean     | -103     |
| time/              |          |
|    episodes        | 43428    |
|    fps             | 10       |
|    time_elapsed    | 11457    |
|    total_timesteps | 2217170  |
| train/             |          |
|    actor_loss      | 0.906    |
|    critic_loss     | 0.254    |
|    ent_coef        | 0.00617  |
|    ent_coef_loss   | 0.518    |
|    learning_rate   | 0.0003   |
|    n_updates       | 2207150  |
---------------------------------
---------------------------------
| rollout/           |          |
|    ep_len_mean     | 44.9     |
|    ep_rew_mean     | -106     |
| time/              |          |
|    episodes        | 43432    |
|    fps             | 10       |
|    time_elapsed    | 11478    |
|    total_timesteps | 2217320  |
| train/             |          |
|    actor_loss      | 0.952    |
|    critic_loss     | 0.221    |
|    ent_coef        | 0.0062   |
|    ent_coef_loss   | 0.0841   |
|    learning_rate   | 0.0003   |
|    n_updates       | 2207300  |
---------------------------------
---------------------------------
| rollout/           |          |
|    ep_len_mean     | 44.4     |
|    ep_rew_mean     | -116     |
| time/              |          |
|    episodes        | 43436    |
|    fps             | 10       |
|    time_elapsed    | 11492    |
|    total_timesteps | 2217560  |
| train/             |          |
|    actor_loss      | 0.909    |
|    critic_loss     | 0.23     |
|    ent_coef        | 0.00615  |
|    ent_coef_loss   | 0.0872   |
|    learning_rate   | 0.0003   |
|    n_updates       | 2207540  |
---------------------------------
---------------------------------
| rollout/           |          |
|    ep_len_mean     | 44.5     |
|    ep_rew_mean     | -117     |
| time/              |          |
|    episodes        | 43440    |
|    fps             | 10       |
|    time_elapsed    | 11502    |
|    total_timesteps | 2217730  |
| train/             |          |
|    actor_loss      | 0.916    |
|    critic_loss     | 0.294    |
|    ent_coef        | 0.00614  |
|    ent_coef_loss   | 0.186    |
|    learning_rate   | 0.0003   |
|    n_updates       | 2207710  |
---------------------------------
---------------------------------
| rollout/           |          |
|    ep_len_mean     | 44.1     |
|    ep_rew_mean     | -122     |
| time/              |          |
|    episodes        | 43444    |
|    fps             | 10       |
|    time_elapsed    | 11524    |
|    total_timesteps | 2217960  |
| train/             |          |
|    actor_loss      | 0.893    |
|    critic_loss     | 0.219    |
|    ent_coef        | 0.00615  |
|    ent_coef_loss   | 0.00618  |
|    learning_rate   | 0.0003   |
|    n_updates       | 2207940  |
---------------------------------
---------------------------------
| rollout/           |          |
|    ep_len_mean     | 44.2     |
|    ep_rew_mean     | -122     |
| time/              |          |
|    episodes        | 43448    |
|    fps             | 10       |
|    time_elapsed    | 11538    |
|    total_timesteps | 2218170  |
| train/             |          |
|    actor_loss      | 0.887    |
|    critic_loss     | 0.197    |
|    ent_coef        | 0.00612  |
|    ent_coef_loss   | -0.022   |
|    learning_rate   | 0.0003   |
|    n_updates       | 2208150  |
---------------------------------
---------------------------------
| rollout/           |          |
|    ep_len_mean     | 44.3     |
|    ep_rew_mean     | -135     |
| time/              |          |
|    episodes        | 43452    |
|    fps             | 10       |
|    time_elapsed    | 11553    |
|    total_timesteps | 2218330  |
| train/             |          |
|    actor_loss      | 0.913    |
|    critic_loss     | 0.17     |
|    ent_coef        | 0.00615  |
|    ent_coef_loss   | 0.169    |
|    learning_rate   | 0.0003   |
|    n_updates       | 2208310  |
---------------------------------
---------------------------------
| rollout/           |          |
|    ep_len_mean     | 44.2     |
|    ep_rew_mean     | -131     |
| time/              |          |
|    episodes        | 43456    |
|    fps             | 10       |
|    time_elapsed    | 11572    |
|    total_timesteps | 2218550  |
| train/             |          |
|    actor_loss      | 0.819    |
|    critic_loss     | 0.174    |
|    ent_coef        | 0.0062   |
|    ent_coef_loss   | -0.413   |
|    learning_rate   | 0.0003   |
|    n_updates       | 2208530  |
---------------------------------
---------------------------------
| rollout/           |          |
|    ep_len_mean     | 44.5     |
|    ep_rew_mean     | -129     |
| time/              |          |
|    episodes        | 43460    |
|    fps             | 10       |
|    time_elapsed    | 11585    |
|    total_timesteps | 2218750  |
| train/             |          |
|    actor_loss      | 0.896    |
|    critic_loss     | 0.139    |
|    ent_coef        | 0.00612  |
|    ent_coef_loss   | 0.0497   |
|    learning_rate   | 0.0003   |
|    n_updates       | 2208730  |
---------------------------------
---------------------------------
| rollout/           |          |
|    ep_len_mean     | 44.8     |
|    ep_rew_mean     | -125     |
| time/              |          |
|    episodes        | 43464    |
|    fps             | 10       |
|    time_elapsed    | 11597    |
|    total_timesteps | 2218920  |
| train/             |          |
|    actor_loss      | 0.815    |
|    critic_loss     | 0.204    |
|    ent_coef        | 0.00607  |
|    ent_coef_loss   | 0.242    |
|    learning_rate   | 0.0003   |
|    n_updates       | 2208900  |
---------------------------------
---------------------------------
| rollout/           |          |
|    ep_len_mean     | 44.9     |
|    ep_rew_mean     | -127     |
| time/              |          |
|    episodes        | 43468    |
|    fps             | 10       |
|    time_elapsed    | 11614    |
|    total_timesteps | 2219080  |
| train/             |          |
|    actor_loss      | 0.886    |
|    critic_loss     | 0.194    |
|    ent_coef        | 0.00614  |
|    ent_coef_loss   | -0.254   |
|    learning_rate   | 0.0003   |
|    n_updates       | 2209060  |
---------------------------------
---------------------------------
| rollout/           |          |
|    ep_len_mean     | 45.6     |
|    ep_rew_mean     | -124     |
| time/              |          |
|    episodes        | 43472    |
|    fps             | 10       |
|    time_elapsed    | 11630    |
|    total_timesteps | 2219300  |
| train/             |          |
|    actor_loss      | 0.884    |
|    critic_loss     | 0.256    |
|    ent_coef        | 0.00614  |
|    ent_coef_loss   | -0.209   |
|    learning_rate   | 0.0003   |
|    n_updates       | 2209280  |
---------------------------------
---------------------------------
| rollout/           |          |
|    ep_len_mean     | 45.2     |
|    ep_rew_mean     | -127     |
| time/              |          |
|    episodes        | 43476    |
|    fps             | 10       |
|    time_elapsed    | 11643    |
|    total_timesteps | 2219460  |
| train/             |          |
|    actor_loss      | 0.881    |
|    critic_loss     | 0.187    |
|    ent_coef        | 0.00605  |
|    ent_coef_loss   | 0.0253   |
|    learning_rate   | 0.0003   |
|    n_updates       | 2209440  |
---------------------------------
---------------------------------
| rollout/           |          |
|    ep_len_mean     | 45.7     |
|    ep_rew_mean     | -120     |
| time/              |          |
|    episodes        | 43480    |
|    fps             | 10       |
|    time_elapsed    | 11657    |
|    total_timesteps | 2219660  |
| train/             |          |
|    actor_loss      | 0.842    |
|    critic_loss     | 0.17     |
|    ent_coef        | 0.00615  |
|    ent_coef_loss   | 0.000742 |
|    learning_rate   | 0.0003   |
|    n_updates       | 2209640  |
---------------------------------
---------------------------------
| rollout/           |          |
|    ep_len_mean     | 46.2     |
|    ep_rew_mean     | -114     |
| time/              |          |
|    episodes        | 43484    |
|    fps             | 10       |
|    time_elapsed    | 11667    |
|    total_timesteps | 2219820  |
| train/             |          |
|    actor_loss      | 0.936    |
|    critic_loss     | 0.151    |
|    ent_coef        | 0.0061   |
|    ent_coef_loss   | -0.376   |
|    learning_rate   | 0.0003   |
|    n_updates       | 2209800  |
---------------------------------
---------------------------------
| rollout/           |          |
|    ep_len_mean     | 46.1     |
|    ep_rew_mean     | -121     |
| time/              |          |
|    episodes        | 43488    |
|    fps             | 10       |
|    time_elapsed    | 11678    |
|    total_timesteps | 2219970  |
| train/             |          |
|    actor_loss      | 0.919    |
|    critic_loss     | 0.216    |
|    ent_coef        | 0.00612  |
|    ent_coef_loss   | 0.0974   |
|    learning_rate   | 0.0003   |
|    n_updates       | 2209950  |
---------------------------------
---------------------------------
| rollout/           |          |
|    ep_len_mean     | 45.7     |
|    ep_rew_mean     | -128     |
| time/              |          |
|    episodes        | 43492    |
|    fps             | 10       |
|    time_elapsed    | 11692    |
|    total_timesteps | 2220170  |
| train/             |          |
|    actor_loss      | 0.939    |
|    critic_loss     | 0.191    |
|    ent_coef        | 0.00615  |
|    ent_coef_loss   | -0.0331  |
|    learning_rate   | 0.0003   |
|    n_updates       | 2210150  |
---------------------------------
---------------------------------
| rollout/           |          |
|    ep_len_mean     | 45.8     |
|    ep_rew_mean     | -122     |
| time/              |          |
|    episodes        | 43496    |
|    fps             | 10       |
|    time_elapsed    | 11716    |
|    total_timesteps | 2220430  |
| train/             |          |
|    actor_loss      | 0.909    |
|    critic_loss     | 0.258    |
|    ent_coef        | 0.00617  |
|    ent_coef_loss   | 0.119    |
|    learning_rate   | 0.0003   |
|    n_updates       | 2210410  |
---------------------------------
---------------------------------
| rollout/           |          |
|    ep_len_mean     | 45.9     |
|    ep_rew_mean     | -126     |
| time/              |          |
|    episodes        | 43500    |
|    fps             | 10       |
|    time_elapsed    | 11729    |
|    total_timesteps | 2220630  |
| train/             |          |
|    actor_loss      | 0.947    |
|    critic_loss     | 0.23     |
|    ent_coef        | 0.00619  |
|    ent_coef_loss   | 0.129    |
|    learning_rate   | 0.0003   |
|    n_updates       | 2210610  |
---------------------------------
---------------------------------
| rollout/           |          |
|    ep_len_mean     | 46       |
|    ep_rew_mean     | -130     |
| time/              |          |
|    episodes        | 43504    |
|    fps             | 10       |
|    time_elapsed    | 11740    |
|    total_timesteps | 2220790  |
| train/             |          |
|    actor_loss      | 0.938    |
|    critic_loss     | 0.196    |
|    ent_coef        | 0.00628  |
|    ent_coef_loss   | 0.523    |
|    learning_rate   | 0.0003   |
|    n_updates       | 2210770  |
---------------------------------
---------------------------------
| rollout/           |          |
|    ep_len_mean     | 46       |
|    ep_rew_mean     | -139     |
| time/              |          |
|    episodes        | 43508    |
|    fps             | 10       |
|    time_elapsed    | 11755    |
|    total_timesteps | 2220980  |
| train/             |          |
|    actor_loss      | 0.889    |
|    critic_loss     | 0.149    |
|    ent_coef        | 0.00644  |
|    ent_coef_loss   | -0.105   |
|    learning_rate   | 0.0003   |
|    n_updates       | 2210960  |
---------------------------------
---------------------------------
| rollout/           |          |
|    ep_len_mean     | 45.4     |
|    ep_rew_mean     | -138     |
| time/              |          |
|    episodes        | 43512    |
|    fps             | 10       |
|    time_elapsed    | 11765    |
|    total_timesteps | 2221120  |
| train/             |          |
|    actor_loss      | 0.922    |
|    critic_loss     | 0.158    |
|    ent_coef        | 0.00641  |
|    ent_coef_loss   | -0.0679  |
|    learning_rate   | 0.0003   |
|    n_updates       | 2211100  |
---------------------------------
---------------------------------
| rollout/           |          |
|    ep_len_mean     | 44.9     |
|    ep_rew_mean     | -140     |
| time/              |          |
|    episodes        | 43516    |
|    fps             | 10       |
|    time_elapsed    | 11783    |
|    total_timesteps | 2221350  |
| train/             |          |
|    actor_loss      | 0.912    |
|    critic_loss     | 0.193    |
|    ent_coef        | 0.00642  |
|    ent_coef_loss   | 0.0983   |
|    learning_rate   | 0.0003   |
|    n_updates       | 2211330  |
---------------------------------
---------------------------------
| rollout/           |          |
|    ep_len_mean     | 45       |
|    ep_rew_mean     | -144     |
| time/              |          |
|    episodes        | 43520    |
|    fps             | 10       |
|    time_elapsed    | 11797    |
|    total_timesteps | 2221540  |
| train/             |          |
|    actor_loss      | 0.964    |
|    critic_loss     | 0.176    |
|    ent_coef        | 0.00649  |
|    ent_coef_loss   | -0.00608 |
|    learning_rate   | 0.0003   |
|    n_updates       | 2211520  |
---------------------------------
---------------------------------
| rollout/           |          |
|    ep_len_mean     | 45.1     |
|    ep_rew_mean     | -145     |
| time/              |          |
|    episodes        | 43524    |
|    fps             | 10       |
|    time_elapsed    | 11815    |
|    total_timesteps | 2221810  |
| train/             |          |
|    actor_loss      | 0.851    |
|    critic_loss     | 0.182    |
|    ent_coef        | 0.00637  |
|    ent_coef_loss   | -0.606   |
|    learning_rate   | 0.0003   |
|    n_updates       | 2211790  |
---------------------------------
---------------------------------
| rollout/           |          |
|    ep_len_mean     | 46.1     |
|    ep_rew_mean     | -142     |
| time/              |          |
|    episodes        | 43528    |
|    fps             | 10       |
|    time_elapsed    | 11825    |
|    total_timesteps | 2221940  |
| train/             |          |
|    actor_loss      | 0.898    |
|    critic_loss     | 0.195    |
|    ent_coef        | 0.00637  |
|    ent_coef_loss   | -0.447   |
|    learning_rate   | 0.0003   |
|    n_updates       | 2211920  |
---------------------------------
---------------------------------
| rollout/           |          |
|    ep_len_mean     | 46.9     |
|    ep_rew_mean     | -133     |
| time/              |          |
|    episodes        | 43532    |
|    fps             | 10       |
|    time_elapsed    | 11832    |
|    total_timesteps | 2222030  |
| train/             |          |
|    actor_loss      | 0.934    |
|    critic_loss     | 0.234    |
|    ent_coef        | 0.00631  |
|    ent_coef_loss   | 0.169    |
|    learning_rate   | 0.0003   |
|    n_updates       | 2212010  |
---------------------------------
---------------------------------
| rollout/           |          |
|    ep_len_mean     | 46.5     |
|    ep_rew_mean     | -135     |
| time/              |          |
|    episodes        | 43536    |
|    fps             | 10       |
|    time_elapsed    | 11838    |
|    total_timesteps | 2222110  |
| train/             |          |
|    actor_loss      | 0.915    |
|    critic_loss     | 0.206    |
|    ent_coef        | 0.00629  |
|    ent_coef_loss   | -0.371   |
|    learning_rate   | 0.0003   |
|    n_updates       | 2212090  |
---------------------------------
---------------------------------
| rollout/           |          |
|    ep_len_mean     | 46.1     |
|    ep_rew_mean     | -139     |
| time/              |          |
|    episodes        | 43540    |
|    fps             | 10       |
|    time_elapsed    | 11871    |
|    total_timesteps | 2222530  |
| train/             |          |
|    actor_loss      | 0.975    |
|    critic_loss     | 0.188    |
|    ent_coef        | 0.00611  |
|    ent_coef_loss   | -0.245   |
|    learning_rate   | 0.0003   |
|    n_updates       | 2212510  |
---------------------------------
---------------------------------
| rollout/           |          |
|    ep_len_mean     | 46.7     |
|    ep_rew_mean     | -135     |
| time/              |          |
|    episodes        | 43544    |
|    fps             | 10       |
|    time_elapsed    | 11878    |
|    total_timesteps | 2222630  |
| train/             |          |
|    actor_loss      | 0.954    |
|    critic_loss     | 0.217    |
|    ent_coef        | 0.00612  |
|    ent_coef_loss   | -0.0133  |
|    learning_rate   | 0.0003   |
|    n_updates       | 2212610  |
---------------------------------
---------------------------------
| rollout/           |          |
|    ep_len_mean     | 47.2     |
|    ep_rew_mean     | -132     |
| time/              |          |
|    episodes        | 43548    |
|    fps             | 10       |
|    time_elapsed    | 11882    |
|    total_timesteps | 2222710  |
| train/             |          |
|    actor_loss      | 0.891    |
|    critic_loss     | 0.198    |
|    ent_coef        | 0.0061   |
|    ent_coef_loss   | 0.00249  |
|    learning_rate   | 0.0003   |
|    n_updates       | 2212690  |
---------------------------------
---------------------------------
| rollout/           |          |
|    ep_len_mean     | 45.9     |
|    ep_rew_mean     | -127     |
| time/              |          |
|    episodes        | 43552    |
|    fps             | 10       |
|    time_elapsed    | 11895    |
|    total_timesteps | 2222910  |
| train/             |          |
|    actor_loss      | 0.903    |
|    critic_loss     | 0.213    |
|    ent_coef        | 0.0061   |
|    ent_coef_loss   | 0.609    |
|    learning_rate   | 0.0003   |
|    n_updates       | 2212890  |
---------------------------------
---------------------------------
| rollout/           |          |
|    ep_len_mean     | 46.2     |
|    ep_rew_mean     | -126     |
| time/              |          |
|    episodes        | 43556    |
|    fps             | 10       |
|    time_elapsed    | 11915    |
|    total_timesteps | 2223220  |
| train/             |          |
|    actor_loss      | 0.854    |
|    critic_loss     | 0.179    |
|    ent_coef        | 0.00603  |
|    ent_coef_loss   | 0.0261   |
|    learning_rate   | 0.0003   |
|    n_updates       | 2213200  |
---------------------------------
---------------------------------
| rollout/           |          |
|    ep_len_mean     | 45.7     |
|    ep_rew_mean     | -127     |
| time/              |          |
|    episodes        | 43560    |
|    fps             | 10       |
|    time_elapsed    | 11920    |
|    total_timesteps | 2223270  |
| train/             |          |
|    actor_loss      | 0.932    |
|    critic_loss     | 0.204    |
|    ent_coef        | 0.00605  |
|    ent_coef_loss   | 0.353    |
|    learning_rate   | 0.0003   |
|    n_updates       | 2213250  |
---------------------------------
---------------------------------
| rollout/           |          |
|    ep_len_mean     | 45.6     |
|    ep_rew_mean     | -131     |
| time/              |          |
|    episodes        | 43564    |
|    fps             | 10       |
|    time_elapsed    | 11934    |
|    total_timesteps | 2223440  |
| train/             |          |
|    actor_loss      | 0.942    |
|    critic_loss     | 0.142    |
|    ent_coef        | 0.00614  |
|    ent_coef_loss   | 0.326    |
|    learning_rate   | 0.0003   |
|    n_updates       | 2213420  |
---------------------------------
---------------------------------
| rollout/           |          |
|    ep_len_mean     | 45.8     |
|    ep_rew_mean     | -128     |
| time/              |          |
|    episodes        | 43568    |
|    fps             | 10       |
|    time_elapsed    | 11961    |
|    total_timesteps | 2223660  |
| train/             |          |
|    actor_loss      | 0.877    |
|    critic_loss     | 0.19     |
|    ent_coef        | 0.00618  |
|    ent_coef_loss   | 0.0115   |
|    learning_rate   | 0.0003   |
|    n_updates       | 2213640  |
---------------------------------
---------------------------------
| rollout/           |          |
|    ep_len_mean     | 45.1     |
|    ep_rew_mean     | -136     |
| time/              |          |
|    episodes        | 43572    |
|    fps             | 10       |
|    time_elapsed    | 11975    |
|    total_timesteps | 2223800  |
| train/             |          |
|    actor_loss      | 0.878    |
|    critic_loss     | 0.24     |
|    ent_coef        | 0.00625  |
|    ent_coef_loss   | 0.846    |
|    learning_rate   | 0.0003   |
|    n_updates       | 2213780  |
---------------------------------
---------------------------------
| rollout/           |          |
|    ep_len_mean     | 44.9     |
|    ep_rew_mean     | -137     |
| time/              |          |
|    episodes        | 43576    |
|    fps             | 10       |
|    time_elapsed    | 11994    |
|    total_timesteps | 2224020  |
| train/             |          |
|    actor_loss      | 0.925    |
|    critic_loss     | 0.207    |
|    ent_coef        | 0.0066   |
|    ent_coef_loss   | 0.309    |
|    learning_rate   | 0.0003   |
|    n_updates       | 2214000  |
---------------------------------
---------------------------------
| rollout/           |          |
|    ep_len_mean     | 45.1     |
|    ep_rew_mean     | -141     |
| time/              |          |
|    episodes        | 43580    |
|    fps             | 10       |
|    time_elapsed    | 12000    |
|    total_timesteps | 2224110  |
| train/             |          |
|    actor_loss      | 0.848    |
|    critic_loss     | 0.141    |
|    ent_coef        | 0.0066   |
|    ent_coef_loss   | 0.357    |
|    learning_rate   | 0.0003   |
|    n_updates       | 2214090  |
---------------------------------
---------------------------------
| rollout/           |          |
|    ep_len_mean     | 45.4     |
|    ep_rew_mean     | -139     |
| time/              |          |
|    episodes        | 43584    |
|    fps             | 10       |
|    time_elapsed    | 12018    |
|    total_timesteps | 2224360  |
| train/             |          |
|    actor_loss      | 0.964    |
|    critic_loss     | 0.318    |
|    ent_coef        | 0.00643  |
|    ent_coef_loss   | 0.141    |
|    learning_rate   | 0.0003   |
|    n_updates       | 2214340  |
---------------------------------
---------------------------------
| rollout/           |          |
|    ep_len_mean     | 44.5     |
|    ep_rew_mean     | -142     |
| time/              |          |
|    episodes        | 43588    |
|    fps             | 10       |
|    time_elapsed    | 12037    |
|    total_timesteps | 2224540  |
| train/             |          |
|    actor_loss      | 0.901    |
|    critic_loss     | 0.206    |
|    ent_coef        | 0.00644  |
|    ent_coef_loss   | -0.0673  |
|    learning_rate   | 0.0003   |
|    n_updates       | 2214520  |
---------------------------------
---------------------------------
| rollout/           |          |
|    ep_len_mean     | 45.4     |
|    ep_rew_mean     | -136     |
| time/              |          |
|    episodes        | 43592    |
|    fps             | 10       |
|    time_elapsed    | 12045    |
|    total_timesteps | 2224620  |
| train/             |          |
|    actor_loss      | 0.93     |
|    critic_loss     | 0.264    |
|    ent_coef        | 0.00642  |
|    ent_coef_loss   | -0.201   |
|    learning_rate   | 0.0003   |
|    n_updates       | 2214600  |
---------------------------------
---------------------------------
| rollout/           |          |
|    ep_len_mean     | 45       |
|    ep_rew_mean     | -144     |
| time/              |          |
|    episodes        | 43596    |
|    fps             | 10       |
|    time_elapsed    | 12061    |
|    total_timesteps | 2224860  |
| train/             |          |
|    actor_loss      | 0.889    |
|    critic_loss     | 0.241    |
|    ent_coef        | 0.00662  |
|    ent_coef_loss   | -0.0726  |
|    learning_rate   | 0.0003   |
|    n_updates       | 2214840  |
---------------------------------
---------------------------------
| rollout/           |          |
|    ep_len_mean     | 44.6     |
|    ep_rew_mean     | -139     |
| time/              |          |
|    episodes        | 43600    |
|    fps             | 10       |
|    time_elapsed    | 12072    |
|    total_timesteps | 2225030  |
| train/             |          |
|    actor_loss      | 0.959    |
|    critic_loss     | 0.257    |
|    ent_coef        | 0.00659  |
|    ent_coef_loss   | -0.294   |
|    learning_rate   | 0.0003   |
|    n_updates       | 2215010  |
---------------------------------
---------------------------------
| rollout/           |          |
|    ep_len_mean     | 44.6     |
|    ep_rew_mean     | -135     |
| time/              |          |
|    episodes        | 43604    |
|    fps             | 10       |
|    time_elapsed    | 12088    |
|    total_timesteps | 2225290  |
| train/             |          |
|    actor_loss      | 0.895    |
|    critic_loss     | 0.226    |
|    ent_coef        | 0.00657  |
|    ent_coef_loss   | -0.206   |
|    learning_rate   | 0.0003   |
|    n_updates       | 2215270  |
---------------------------------
---------------------------------
| rollout/           |          |
|    ep_len_mean     | 44.9     |
|    ep_rew_mean     | -123     |
| time/              |          |
|    episodes        | 43608    |
|    fps             | 10       |
|    time_elapsed    | 12099    |
|    total_timesteps | 2225470  |
| train/             |          |
|    actor_loss      | 0.864    |
|    critic_loss     | 0.198    |
|    ent_coef        | 0.00636  |
|    ent_coef_loss   | -0.163   |
|    learning_rate   | 0.0003   |
|    n_updates       | 2215450  |
---------------------------------
---------------------------------
| rollout/           |          |
|    ep_len_mean     | 44.8     |
|    ep_rew_mean     | -127     |
| time/              |          |
|    episodes        | 43612    |
|    fps             | 10       |
|    time_elapsed    | 12114    |
|    total_timesteps | 2225620  |
| train/             |          |
|    actor_loss      | 0.881    |
|    critic_loss     | 0.2      |
|    ent_coef        | 0.0063   |
|    ent_coef_loss   | 0.00867  |
|    learning_rate   | 0.0003   |
|    n_updates       | 2215600  |
---------------------------------
---------------------------------
| rollout/           |          |
|    ep_len_mean     | 44.8     |
|    ep_rew_mean     | -125     |
| time/              |          |
|    episodes        | 43616    |
|    fps             | 10       |
|    time_elapsed    | 12127    |
|    total_timesteps | 2225840  |
| train/             |          |
|    actor_loss      | 0.946    |
|    critic_loss     | 0.129    |
|    ent_coef        | 0.00626  |
|    ent_coef_loss   | -0.338   |
|    learning_rate   | 0.0003   |
|    n_updates       | 2215820  |
---------------------------------
---------------------------------
| rollout/           |          |
|    ep_len_mean     | 44.8     |
|    ep_rew_mean     | -122     |
| time/              |          |
|    episodes        | 43620    |
|    fps             | 10       |
|    time_elapsed    | 12141    |
|    total_timesteps | 2226060  |
| train/             |          |
|    actor_loss      | 0.955    |
|    critic_loss     | 0.204    |
|    ent_coef        | 0.00631  |
|    ent_coef_loss   | 0.0928   |
|    learning_rate   | 0.0003   |
|    n_updates       | 2216040  |
---------------------------------
---------------------------------
| rollout/           |          |
|    ep_len_mean     | 45       |
|    ep_rew_mean     | -119     |
| time/              |          |
|    episodes        | 43624    |
|    fps             | 10       |
|    time_elapsed    | 12149    |
|    total_timesteps | 2226180  |
| train/             |          |
|    actor_loss      | 0.845    |
|    critic_loss     | 0.188    |
|    ent_coef        | 0.00625  |
|    ent_coef_loss   | -0.38    |
|    learning_rate   | 0.0003   |
|    n_updates       | 2216160  |
---------------------------------
---------------------------------
| rollout/           |          |
|    ep_len_mean     | 44.5     |
|    ep_rew_mean     | -123     |
| time/              |          |
|    episodes        | 43628    |
|    fps             | 10       |
|    time_elapsed    | 12162    |
|    total_timesteps | 2226360  |
| train/             |          |
|    actor_loss      | 0.88     |
|    critic_loss     | 0.286    |
|    ent_coef        | 0.0062   |
|    ent_coef_loss   | -0.359   |
|    learning_rate   | 0.0003   |
|    n_updates       | 2216340  |
---------------------------------
---------------------------------
| rollout/           |          |
|    ep_len_mean     | 43.8     |
|    ep_rew_mean     | -130     |
| time/              |          |
|    episodes        | 43632    |
|    fps             | 10       |
|    time_elapsed    | 12171    |
|    total_timesteps | 2226480  |
| train/             |          |
|    actor_loss      | 0.91     |
|    critic_loss     | 0.295    |
|    ent_coef        | 0.0061   |
|    ent_coef_loss   | 0.483    |
|    learning_rate   | 0.0003   |
|    n_updates       | 2216460  |
---------------------------------
---------------------------------
| rollout/           |          |
|    ep_len_mean     | 44.4     |
|    ep_rew_mean     | -126     |
| time/              |          |
|    episodes        | 43636    |
|    fps             | 10       |
|    time_elapsed    | 12189    |
|    total_timesteps | 2226730  |
| train/             |          |
|    actor_loss      | 0.992    |
|    critic_loss     | 0.193    |
|    ent_coef        | 0.00615  |
|    ent_coef_loss   | -0.308   |
|    learning_rate   | 0.0003   |
|    n_updates       | 2216710  |
---------------------------------
---------------------------------
| rollout/           |          |
|    ep_len_mean     | 44.9     |
|    ep_rew_mean     | -123     |
| time/              |          |
|    episodes        | 43640    |
|    fps             | 10       |
|    time_elapsed    | 12194    |
|    total_timesteps | 2226820  |
| train/             |          |
|    actor_loss      | 0.985    |
|    critic_loss     | 0.18     |
|    ent_coef        | 0.00616  |
|    ent_coef_loss   | 0.587    |
|    learning_rate   | 0.0003   |
|    n_updates       | 2216800  |
---------------------------------
---------------------------------
| rollout/           |          |
|    ep_len_mean     | 43.7     |
|    ep_rew_mean     | -129     |
| time/              |          |
|    episodes        | 43644    |
|    fps             | 10       |
|    time_elapsed    | 12203    |
|    total_timesteps | 2226960  |
| train/             |          |
|    actor_loss      | 1.01     |
|    critic_loss     | 0.194    |
|    ent_coef        | 0.00619  |
|    ent_coef_loss   | 1.05     |
|    learning_rate   | 0.0003   |
|    n_updates       | 2216940  |
---------------------------------
---------------------------------
| rollout/           |          |
|    ep_len_mean     | 43.2     |
|    ep_rew_mean     | -129     |
| time/              |          |
|    episodes        | 43648    |
|    fps             | 10       |
|    time_elapsed    | 12219    |
|    total_timesteps | 2227200  |
| train/             |          |
|    actor_loss      | 0.941    |
|    critic_loss     | 0.306    |
|    ent_coef        | 0.00633  |
|    ent_coef_loss   | 0.444    |
|    learning_rate   | 0.0003   |
|    n_updates       | 2217180  |
---------------------------------
---------------------------------
| rollout/           |          |
|    ep_len_mean     | 44       |
|    ep_rew_mean     | -124     |
| time/              |          |
|    episodes        | 43652    |
|    fps             | 10       |
|    time_elapsed    | 12228    |
|    total_timesteps | 2227270  |
| train/             |          |
|    actor_loss      | 0.949    |
|    critic_loss     | 0.176    |
|    ent_coef        | 0.00637  |
|    ent_coef_loss   | -0.273   |
|    learning_rate   | 0.0003   |
|    n_updates       | 2217250  |
---------------------------------
---------------------------------
| rollout/           |          |
|    ep_len_mean     | 43.8     |
|    ep_rew_mean     | -129     |
| time/              |          |
|    episodes        | 43656    |
|    fps             | 10       |
|    time_elapsed    | 12254    |
|    total_timesteps | 2227550  |
| train/             |          |
|    actor_loss      | 0.913    |
|    critic_loss     | 0.272    |
|    ent_coef        | 0.0063   |
|    ent_coef_loss   | -0.083   |
|    learning_rate   | 0.0003   |
|    n_updates       | 2217530  |
---------------------------------
---------------------------------
| rollout/           |          |
|    ep_len_mean     | 43.7     |
|    ep_rew_mean     | -135     |
| time/              |          |
|    episodes        | 43660    |
|    fps             | 10       |
|    time_elapsed    | 12272    |
|    total_timesteps | 2227730  |
| train/             |          |
|    actor_loss      | 0.943    |
|    critic_loss     | 0.159    |
|    ent_coef        | 0.00633  |
|    ent_coef_loss   | 0.0193   |
|    learning_rate   | 0.0003   |
|    n_updates       | 2217710  |
---------------------------------
---------------------------------
| rollout/           |          |
|    ep_len_mean     | 44       |
|    ep_rew_mean     | -136     |
| time/              |          |
|    episodes        | 43664    |
|    fps             | 10       |
|    time_elapsed    | 12280    |
|    total_timesteps | 2227830  |
| train/             |          |
|    actor_loss      | 0.874    |
|    critic_loss     | 0.206    |
|    ent_coef        | 0.00635  |
|    ent_coef_loss   | 0.143    |
|    learning_rate   | 0.0003   |
|    n_updates       | 2217810  |
---------------------------------
---------------------------------
| rollout/           |          |
|    ep_len_mean     | 44.1     |
|    ep_rew_mean     | -131     |
| time/              |          |
|    episodes        | 43668    |
|    fps             | 10       |
|    time_elapsed    | 12295    |
|    total_timesteps | 2228050  |
| train/             |          |
|    actor_loss      | 0.941    |
|    critic_loss     | 0.15     |
|    ent_coef        | 0.00633  |
|    ent_coef_loss   | -0.155   |
|    learning_rate   | 0.0003   |
|    n_updates       | 2218030  |
---------------------------------
---------------------------------
| rollout/           |          |
|    ep_len_mean     | 44.5     |
|    ep_rew_mean     | -127     |
| time/              |          |
|    episodes        | 43672    |
|    fps             | 10       |
|    time_elapsed    | 12313    |
|    total_timesteps | 2228300  |
| train/             |          |
|    actor_loss      | 0.912    |
|    critic_loss     | 0.183    |
|    ent_coef        | 0.00625  |
|    ent_coef_loss   | -0.259   |
|    learning_rate   | 0.0003   |
|    n_updates       | 2218280  |
---------------------------------
---------------------------------
| rollout/           |          |
|    ep_len_mean     | 44.7     |
|    ep_rew_mean     | -123     |
| time/              |          |
|    episodes        | 43676    |
|    fps             | 10       |
|    time_elapsed    | 12328    |
|    total_timesteps | 2228450  |
| train/             |          |
|    actor_loss      | 0.855    |
|    critic_loss     | 0.242    |
|    ent_coef        | 0.00631  |
|    ent_coef_loss   | 0.0701   |
|    learning_rate   | 0.0003   |
|    n_updates       | 2218430  |
---------------------------------
---------------------------------
| rollout/           |          |
|    ep_len_mean     | 45.1     |
|    ep_rew_mean     | -121     |
| time/              |          |
|    episodes        | 43680    |
|    fps             | 10       |
|    time_elapsed    | 12341    |
|    total_timesteps | 2228660  |
| train/             |          |
|    actor_loss      | 0.895    |
|    critic_loss     | 0.166    |
|    ent_coef        | 0.00627  |
|    ent_coef_loss   | -0.00612 |
|    learning_rate   | 0.0003   |
|    n_updates       | 2218640  |
---------------------------------
---------------------------------
| rollout/           |          |
|    ep_len_mean     | 44.7     |
|    ep_rew_mean     | -123     |
| time/              |          |
|    episodes        | 43684    |
|    fps             | 10       |
|    time_elapsed    | 12356    |
|    total_timesteps | 2228840  |
| train/             |          |
|    actor_loss      | 0.963    |
|    critic_loss     | 0.208    |
|    ent_coef        | 0.00627  |
|    ent_coef_loss   | -0.00913 |
|    learning_rate   | 0.0003   |
|    n_updates       | 2218820  |
---------------------------------
---------------------------------
| rollout/           |          |
|    ep_len_mean     | 46.2     |
|    ep_rew_mean     | -118     |
| time/              |          |
|    episodes        | 43688    |
|    fps             | 10       |
|    time_elapsed    | 12370    |
|    total_timesteps | 2229070  |
| train/             |          |
|    actor_loss      | 0.929    |
|    critic_loss     | 0.272    |
|    ent_coef        | 0.00625  |
|    ent_coef_loss   | -0.422   |
|    learning_rate   | 0.0003   |
|    n_updates       | 2219050  |
---------------------------------
---------------------------------
| rollout/           |          |
|    ep_len_mean     | 45.2     |
|    ep_rew_mean     | -124     |
| time/              |          |
|    episodes        | 43692    |
|    fps             | 10       |
|    time_elapsed    | 12382    |
|    total_timesteps | 2229220  |
| train/             |          |
|    actor_loss      | 0.909    |
|    critic_loss     | 0.278    |
|    ent_coef        | 0.00633  |
|    ent_coef_loss   | 0.147    |
|    learning_rate   | 0.0003   |
|    n_updates       | 2219200  |
---------------------------------
---------------------------------
| rollout/           |          |
|    ep_len_mean     | 45.1     |
|    ep_rew_mean     | -121     |
| time/              |          |
|    episodes        | 43696    |
|    fps             | 10       |
|    time_elapsed    | 12403    |
|    total_timesteps | 2229420  |
| train/             |          |
|    actor_loss      | 0.865    |
|    critic_loss     | 0.197    |
|    ent_coef        | 0.00635  |
|    ent_coef_loss   | -0.191   |
|    learning_rate   | 0.0003   |
|    n_updates       | 2219400  |
---------------------------------
---------------------------------
| rollout/           |          |
|    ep_len_mean     | 45.8     |
|    ep_rew_mean     | -118     |
| time/              |          |
|    episodes        | 43700    |
|    fps             | 10       |
|    time_elapsed    | 12417    |
|    total_timesteps | 2229630  |
| train/             |          |
|    actor_loss      | 0.886    |
|    critic_loss     | 0.16     |
|    ent_coef        | 0.00634  |
|    ent_coef_loss   | 0.0122   |
|    learning_rate   | 0.0003   |
|    n_updates       | 2219610  |
---------------------------------
---------------------------------
| rollout/           |          |
|    ep_len_mean     | 44.9     |
|    ep_rew_mean     | -128     |
| time/              |          |
|    episodes        | 43704    |
|    fps             | 10       |
|    time_elapsed    | 12425    |
|    total_timesteps | 2229740  |
| train/             |          |
|    actor_loss      | 0.769    |
|    critic_loss     | 0.3      |
|    ent_coef        | 0.00636  |
|    ent_coef_loss   | -0.978   |
|    learning_rate   | 0.0003   |
|    n_updates       | 2219720  |
---------------------------------
---------------------------------
| rollout/           |          |
|    ep_len_mean     | 44.4     |
|    ep_rew_mean     | -131     |
| time/              |          |
|    episodes        | 43708    |
|    fps             | 10       |
|    time_elapsed    | 12444    |
|    total_timesteps | 2229890  |
| train/             |          |
|    actor_loss      | 0.967    |
|    critic_loss     | 0.169    |
|    ent_coef        | 0.00619  |
|    ent_coef_loss   | 0.123    |
|    learning_rate   | 0.0003   |
|    n_updates       | 2219870  |
---------------------------------
---------------------------------
| rollout/           |          |
|    ep_len_mean     | 44.7     |
|    ep_rew_mean     | -127     |
| time/              |          |
|    episodes        | 43712    |
|    fps             | 10       |
|    time_elapsed    | 12452    |
|    total_timesteps | 2230000  |
| train/             |          |
|    actor_loss      | 0.903    |
|    critic_loss     | 0.141    |
|    ent_coef        | 0.00621  |
|    ent_coef_loss   | 0.0239   |
|    learning_rate   | 0.0003   |
|    n_updates       | 2219980  |
---------------------------------
---------------------------------
| rollout/           |          |
|    ep_len_mean     | 44.4     |
|    ep_rew_mean     | -126     |
| time/              |          |
|    episodes        | 43716    |
|    fps             | 10       |
|    time_elapsed    | 12472    |
|    total_timesteps | 2230320  |
| train/             |          |
|    actor_loss      | 1.02     |
|    critic_loss     | 0.27     |
|    ent_coef        | 0.00617  |
|    ent_coef_loss   | 0.242    |
|    learning_rate   | 0.0003   |
|    n_updates       | 2220300  |
---------------------------------
---------------------------------
| rollout/           |          |
|    ep_len_mean     | 43.8     |
|    ep_rew_mean     | -132     |
| time/              |          |
|    episodes        | 43720    |
|    fps             | 10       |
|    time_elapsed    | 12477    |
|    total_timesteps | 2230370  |
| train/             |          |
|    actor_loss      | 0.867    |
|    critic_loss     | 0.184    |
|    ent_coef        | 0.00617  |
|    ent_coef_loss   | -0.428   |
|    learning_rate   | 0.0003   |
|    n_updates       | 2220350  |
---------------------------------
---------------------------------
| rollout/           |          |
|    ep_len_mean     | 43.6     |
|    ep_rew_mean     | -142     |
| time/              |          |
|    episodes        | 43724    |
|    fps             | 10       |
|    time_elapsed    | 12492    |
|    total_timesteps | 2230480  |
| train/             |          |
|    actor_loss      | 0.89     |
|    critic_loss     | 0.246    |
|    ent_coef        | 0.00613  |
|    ent_coef_loss   | -0.0298  |
|    learning_rate   | 0.0003   |
|    n_updates       | 2220460  |
---------------------------------
---------------------------------
| rollout/           |          |
|    ep_len_mean     | 43.9     |
|    ep_rew_mean     | -142     |
| time/              |          |
|    episodes        | 43728    |
|    fps             | 10       |
|    time_elapsed    | 12512    |
|    total_timesteps | 2230740  |
| train/             |          |
|    actor_loss      | 0.95     |
|    critic_loss     | 0.18     |
|    ent_coef        | 0.00611  |
|    ent_coef_loss   | 0.368    |
|    learning_rate   | 0.0003   |
|    n_updates       | 2220720  |
---------------------------------
---------------------------------
| rollout/           |          |
|    ep_len_mean     | 43.9     |
|    ep_rew_mean     | -145     |
| time/              |          |
|    episodes        | 43732    |
|    fps             | 10       |
|    time_elapsed    | 12522    |
|    total_timesteps | 2230840  |
| train/             |          |
|    actor_loss      | 0.974    |
|    critic_loss     | 0.188    |
|    ent_coef        | 0.00615  |
|    ent_coef_loss   | -0.336   |
|    learning_rate   | 0.0003   |
|    n_updates       | 2220820  |
---------------------------------
---------------------------------
| rollout/           |          |
|    ep_len_mean     | 44       |
|    ep_rew_mean     | -142     |
| time/              |          |
|    episodes        | 43736    |
|    fps             | 10       |
|    time_elapsed    | 12537    |
|    total_timesteps | 2231060  |
| train/             |          |
|    actor_loss      | 0.88     |
|    critic_loss     | 0.166    |
|    ent_coef        | 0.00605  |
|    ent_coef_loss   | -0.087   |
|    learning_rate   | 0.0003   |
|    n_updates       | 2221040  |
---------------------------------
---------------------------------
| rollout/           |          |
|    ep_len_mean     | 44.1     |
|    ep_rew_mean     | -138     |
| time/              |          |
|    episodes        | 43740    |
|    fps             | 10       |
|    time_elapsed    | 12554    |
|    total_timesteps | 2231320  |
| train/             |          |
|    actor_loss      | 0.953    |
|    critic_loss     | 0.187    |
|    ent_coef        | 0.00612  |
|    ent_coef_loss   | -0.0538  |
|    learning_rate   | 0.0003   |
|    n_updates       | 2221300  |
---------------------------------
---------------------------------
| rollout/           |          |
|    ep_len_mean     | 44.6     |
|    ep_rew_mean     | -137     |
| time/              |          |
|    episodes        | 43744    |
|    fps             | 10       |
|    time_elapsed    | 12562    |
|    total_timesteps | 2231470  |
| train/             |          |
|    actor_loss      | 0.931    |
|    critic_loss     | 0.227    |
|    ent_coef        | 0.00608  |
|    ent_coef_loss   | -0.388   |
|    learning_rate   | 0.0003   |
|    n_updates       | 2221450  |
---------------------------------
---------------------------------
| rollout/           |          |
|    ep_len_mean     | 44.9     |
|    ep_rew_mean     | -137     |
| time/              |          |
|    episodes        | 43748    |
|    fps             | 10       |
|    time_elapsed    | 12574    |
|    total_timesteps | 2231620  |
| train/             |          |
|    actor_loss      | 0.913    |
|    critic_loss     | 0.211    |
|    ent_coef        | 0.00597  |
|    ent_coef_loss   | -0.378   |
|    learning_rate   | 0.0003   |
|    n_updates       | 2221600  |
---------------------------------
---------------------------------
| rollout/           |          |
|    ep_len_mean     | 45.1     |
|    ep_rew_mean     | -140     |
| time/              |          |
|    episodes        | 43752    |
|    fps             | 10       |
|    time_elapsed    | 12582    |
|    total_timesteps | 2231750  |
| train/             |          |
|    actor_loss      | 0.864    |
|    critic_loss     | 0.23     |
|    ent_coef        | 0.00599  |
|    ent_coef_loss   | 0.0677   |
|    learning_rate   | 0.0003   |
|    n_updates       | 2221730  |
---------------------------------
---------------------------------
| rollout/           |          |
|    ep_len_mean     | 44.3     |
|    ep_rew_mean     | -144     |
| time/              |          |
|    episodes        | 43756    |
|    fps             | 10       |
|    time_elapsed    | 12594    |
|    total_timesteps | 2231920  |
| train/             |          |
|    actor_loss      | 0.963    |
|    critic_loss     | 0.237    |
|    ent_coef        | 0.00602  |
|    ent_coef_loss   | 0.0808   |
|    learning_rate   | 0.0003   |
|    n_updates       | 2221900  |
---------------------------------
---------------------------------
| rollout/           |          |
|    ep_len_mean     | 44.9     |
|    ep_rew_mean     | -135     |
| time/              |          |
|    episodes        | 43760    |
|    fps             | 10       |
|    time_elapsed    | 12618    |
|    total_timesteps | 2232250  |
| train/             |          |
|    actor_loss      | 0.963    |
|    critic_loss     | 0.246    |
|    ent_coef        | 0.0059   |
|    ent_coef_loss   | -0.358   |
|    learning_rate   | 0.0003   |
|    n_updates       | 2222230  |
---------------------------------
---------------------------------
| rollout/           |          |
|    ep_len_mean     | 44.6     |
|    ep_rew_mean     | -130     |
| time/              |          |
|    episodes        | 43764    |
|    fps             | 10       |
|    time_elapsed    | 12622    |
|    total_timesteps | 2232310  |
| train/             |          |
|    actor_loss      | 0.963    |
|    critic_loss     | 0.195    |
|    ent_coef        | 0.00588  |
|    ent_coef_loss   | -0.113   |
|    learning_rate   | 0.0003   |
|    n_updates       | 2222290  |
---------------------------------
---------------------------------
| rollout/           |          |
|    ep_len_mean     | 44.5     |
|    ep_rew_mean     | -134     |
| time/              |          |
|    episodes        | 43768    |
|    fps             | 10       |
|    time_elapsed    | 12632    |
|    total_timesteps | 2232440  |
| train/             |          |
|    actor_loss      | 0.95     |
|    critic_loss     | 0.177    |
|    ent_coef        | 0.0059   |
|    ent_coef_loss   | 0.614    |
|    learning_rate   | 0.0003   |
|    n_updates       | 2222420  |
---------------------------------
---------------------------------
| rollout/           |          |
|    ep_len_mean     | 44.2     |
|    ep_rew_mean     | -137     |
| time/              |          |
|    episodes        | 43772    |
|    fps             | 10       |
|    time_elapsed    | 12657    |
|    total_timesteps | 2232780  |
| train/             |          |
|    actor_loss      | 0.937    |
|    critic_loss     | 0.213    |
|    ent_coef        | 0.00612  |
|    ent_coef_loss   | -0.506   |
|    learning_rate   | 0.0003   |
|    n_updates       | 2222760  |
---------------------------------
---------------------------------
| rollout/           |          |
|    ep_len_mean     | 44.4     |
|    ep_rew_mean     | -141     |
| time/              |          |
|    episodes        | 43776    |
|    fps             | 10       |
|    time_elapsed    | 12663    |
|    total_timesteps | 2232880  |
| train/             |          |
|    actor_loss      | 0.888    |
|    critic_loss     | 0.126    |
|    ent_coef        | 0.00606  |
|    ent_coef_loss   | -0.0255  |
|    learning_rate   | 0.0003   |
|    n_updates       | 2222860  |
---------------------------------
---------------------------------
| rollout/           |          |
|    ep_len_mean     | 44.2     |
|    ep_rew_mean     | -140     |
| time/              |          |
|    episodes        | 43780    |
|    fps             | 10       |
|    time_elapsed    | 12679    |
|    total_timesteps | 2233060  |
| train/             |          |
|    actor_loss      | 0.956    |
|    critic_loss     | 0.227    |
|    ent_coef        | 0.00602  |
|    ent_coef_loss   | 0.231    |
|    learning_rate   | 0.0003   |
|    n_updates       | 2223040  |
---------------------------------
---------------------------------
| rollout/           |          |
|    ep_len_mean     | 44.3     |
|    ep_rew_mean     | -149     |
| time/              |          |
|    episodes        | 43784    |
|    fps             | 10       |
|    time_elapsed    | 12699    |
|    total_timesteps | 2233320  |
| train/             |          |
|    actor_loss      | 0.929    |
|    critic_loss     | 0.202    |
|    ent_coef        | 0.0061   |
|    ent_coef_loss   | 0.253    |
|    learning_rate   | 0.0003   |
|    n_updates       | 2223300  |
---------------------------------
---------------------------------
| rollout/           |          |
|    ep_len_mean     | 44.3     |
|    ep_rew_mean     | -149     |
| time/              |          |
|    episodes        | 43788    |
|    fps             | 10       |
|    time_elapsed    | 12718    |
|    total_timesteps | 2233470  |
| train/             |          |
|    actor_loss      | 0.941    |
|    critic_loss     | 0.222    |
|    ent_coef        | 0.0061   |
|    ent_coef_loss   | -0.0922  |
|    learning_rate   | 0.0003   |
|    n_updates       | 2223450  |
---------------------------------
---------------------------------
| rollout/           |          |
|    ep_len_mean     | 44.7     |
|    ep_rew_mean     | -146     |
| time/              |          |
|    episodes        | 43792    |
|    fps             | 10       |
|    time_elapsed    | 12728    |
|    total_timesteps | 2233630  |
| train/             |          |
|    actor_loss      | 0.901    |
|    critic_loss     | 0.247    |
|    ent_coef        | 0.00613  |
|    ent_coef_loss   | -0.169   |
|    learning_rate   | 0.0003   |
|    n_updates       | 2223610  |
---------------------------------
---------------------------------
| rollout/           |          |
|    ep_len_mean     | 44.9     |
|    ep_rew_mean     | -148     |
| time/              |          |
|    episodes        | 43796    |
|    fps             | 10       |
|    time_elapsed    | 12748    |
|    total_timesteps | 2233930  |
| train/             |          |
|    actor_loss      | 1.01     |
|    critic_loss     | 0.169    |
|    ent_coef        | 0.0061   |
|    ent_coef_loss   | -0.0701  |
|    learning_rate   | 0.0003   |
|    n_updates       | 2223910  |
---------------------------------
---------------------------------
| rollout/           |          |
|    ep_len_mean     | 44.6     |
|    ep_rew_mean     | -152     |
| time/              |          |
|    episodes        | 43800    |
|    fps             | 10       |
|    time_elapsed    | 12764    |
|    total_timesteps | 2234100  |
| train/             |          |
|    actor_loss      | 0.999    |
|    critic_loss     | 0.175    |
|    ent_coef        | 0.00613  |
|    ent_coef_loss   | 0.316    |
|    learning_rate   | 0.0003   |
|    n_updates       | 2224080  |
---------------------------------
---------------------------------
| rollout/           |          |
|    ep_len_mean     | 45       |
|    ep_rew_mean     | -145     |
| time/              |          |
|    episodes        | 43804    |
|    fps             | 10       |
|    time_elapsed    | 12775    |
|    total_timesteps | 2234240  |
| train/             |          |
|    actor_loss      | 0.923    |
|    critic_loss     | 0.165    |
|    ent_coef        | 0.00621  |
|    ent_coef_loss   | 0.179    |
|    learning_rate   | 0.0003   |
|    n_updates       | 2224220  |
---------------------------------
---------------------------------
| rollout/           |          |
|    ep_len_mean     | 44.9     |
|    ep_rew_mean     | -146     |
| time/              |          |
|    episodes        | 43808    |
|    fps             | 10       |
|    time_elapsed    | 12790    |
|    total_timesteps | 2234420  |
| train/             |          |
|    actor_loss      | 0.918    |
|    critic_loss     | 0.205    |
|    ent_coef        | 0.00619  |
|    ent_coef_loss   | -0.201   |
|    learning_rate   | 0.0003   |
|    n_updates       | 2224400  |
---------------------------------
---------------------------------
| rollout/           |          |
|    ep_len_mean     | 44.8     |
|    ep_rew_mean     | -150     |
| time/              |          |
|    episodes        | 43812    |
|    fps             | 10       |
|    time_elapsed    | 12800    |
|    total_timesteps | 2234520  |
| train/             |          |
|    actor_loss      | 0.926    |
|    critic_loss     | 0.152    |
|    ent_coef        | 0.00621  |
|    ent_coef_loss   | 0.00991  |
|    learning_rate   | 0.0003   |
|    n_updates       | 2224500  |
---------------------------------
---------------------------------
| rollout/           |          |
|    ep_len_mean     | 44.6     |
|    ep_rew_mean     | -157     |
| time/              |          |
|    episodes        | 43816    |
|    fps             | 10       |
|    time_elapsed    | 12812    |
|    total_timesteps | 2234660  |
| train/             |          |
|    actor_loss      | 0.915    |
|    critic_loss     | 0.181    |
|    ent_coef        | 0.0062   |
|    ent_coef_loss   | -0.0452  |
|    learning_rate   | 0.0003   |
|    n_updates       | 2224640  |
---------------------------------
---------------------------------
| rollout/           |          |
|    ep_len_mean     | 44.5     |
|    ep_rew_mean     | -157     |
| time/              |          |
|    episodes        | 43820    |
|    fps             | 10       |
|    time_elapsed    | 12818    |
|    total_timesteps | 2234750  |
| train/             |          |
|    actor_loss      | 0.921    |
|    critic_loss     | 0.219    |
|    ent_coef        | 0.00619  |
|    ent_coef_loss   | 0.197    |
|    learning_rate   | 0.0003   |
|    n_updates       | 2224730  |
---------------------------------
---------------------------------
| rollout/           |          |
|    ep_len_mean     | 44.2     |
|    ep_rew_mean     | -156     |
| time/              |          |
|    episodes        | 43824    |
|    fps             | 10       |
|    time_elapsed    | 12843    |
|    total_timesteps | 2235060  |
| train/             |          |
|    actor_loss      | 0.911    |
|    critic_loss     | 0.201    |
|    ent_coef        | 0.00609  |
|    ent_coef_loss   | 0.655    |
|    learning_rate   | 0.0003   |
|    n_updates       | 2225040  |
---------------------------------
---------------------------------
| rollout/           |          |
|    ep_len_mean     | 45.2     |
|    ep_rew_mean     | -141     |
| time/              |          |
|    episodes        | 43828    |
|    fps             | 10       |
|    time_elapsed    | 12854    |
|    total_timesteps | 2235220  |
| train/             |          |
|    actor_loss      | 0.97     |
|    critic_loss     | 0.192    |
|    ent_coef        | 0.006    |
|    ent_coef_loss   | -0.272   |
|    learning_rate   | 0.0003   |
|    n_updates       | 2225200  |
---------------------------------
---------------------------------
| rollout/           |          |
|    ep_len_mean     | 44.9     |
|    ep_rew_mean     | -140     |
| time/              |          |
|    episodes        | 43832    |
|    fps             | 10       |
|    time_elapsed    | 12863    |
|    total_timesteps | 2235300  |
| train/             |          |
|    actor_loss      | 0.918    |
|    critic_loss     | 0.185    |
|    ent_coef        | 0.00596  |
|    ent_coef_loss   | -0.116   |
|    learning_rate   | 0.0003   |
|    n_updates       | 2225280  |
---------------------------------
---------------------------------
| rollout/           |          |
|    ep_len_mean     | 45.2     |
|    ep_rew_mean     | -136     |
| time/              |          |
|    episodes        | 43836    |
|    fps             | 10       |
|    time_elapsed    | 12884    |
|    total_timesteps | 2235620  |
| train/             |          |
|    actor_loss      | 0.984    |
|    critic_loss     | 0.171    |
|    ent_coef        | 0.00581  |
|    ent_coef_loss   | 0.201    |
|    learning_rate   | 0.0003   |
|    n_updates       | 2225600  |
---------------------------------
---------------------------------
| rollout/           |          |
|    ep_len_mean     | 45.2     |
|    ep_rew_mean     | -135     |
| time/              |          |
|    episodes        | 43840    |
|    fps             | 10       |
|    time_elapsed    | 12900    |
|    total_timesteps | 2235790  |
| train/             |          |
|    actor_loss      | 0.99     |
|    critic_loss     | 0.156    |
|    ent_coef        | 0.00591  |
|    ent_coef_loss   | 0.514    |
|    learning_rate   | 0.0003   |
|    n_updates       | 2225770  |
---------------------------------
---------------------------------
| rollout/           |          |
|    ep_len_mean     | 45.7     |
|    ep_rew_mean     | -131     |
| time/              |          |
|    episodes        | 43844    |
|    fps             | 10       |
|    time_elapsed    | 12924    |
|    total_timesteps | 2236110  |
| train/             |          |
|    actor_loss      | 0.945    |
|    critic_loss     | 0.142    |
|    ent_coef        | 0.00592  |
|    ent_coef_loss   | -0.213   |
|    learning_rate   | 0.0003   |
|    n_updates       | 2226090  |
---------------------------------
---------------------------------
| rollout/           |          |
|    ep_len_mean     | 45.9     |
|    ep_rew_mean     | -128     |
| time/              |          |
|    episodes        | 43848    |
|    fps             | 10       |
|    time_elapsed    | 12935    |
|    total_timesteps | 2236270  |
| train/             |          |
|    actor_loss      | 0.911    |
|    critic_loss     | 0.187    |
|    ent_coef        | 0.00597  |
|    ent_coef_loss   | -0.328   |
|    learning_rate   | 0.0003   |
|    n_updates       | 2226250  |
---------------------------------
---------------------------------
| rollout/           |          |
|    ep_len_mean     | 45.7     |
|    ep_rew_mean     | -128     |
| time/              |          |
|    episodes        | 43852    |
|    fps             | 10       |
|    time_elapsed    | 12943    |
|    total_timesteps | 2236390  |
| train/             |          |
|    actor_loss      | 0.971    |
|    critic_loss     | 0.194    |
|    ent_coef        | 0.00591  |
|    ent_coef_loss   | 0.363    |
|    learning_rate   | 0.0003   |
|    n_updates       | 2226370  |
---------------------------------
---------------------------------
| rollout/           |          |
|    ep_len_mean     | 45.9     |
|    ep_rew_mean     | -123     |
| time/              |          |
|    episodes        | 43856    |
|    fps             | 10       |
|    time_elapsed    | 12949    |
|    total_timesteps | 2236470  |
| train/             |          |
|    actor_loss      | 1.01     |
|    critic_loss     | 0.241    |
|    ent_coef        | 0.00597  |
|    ent_coef_loss   | 0.298    |
|    learning_rate   | 0.0003   |
|    n_updates       | 2226450  |
---------------------------------
---------------------------------
| rollout/           |          |
|    ep_len_mean     | 45.1     |
|    ep_rew_mean     | -133     |
| time/              |          |
|    episodes        | 43860    |
|    fps             | 10       |
|    time_elapsed    | 12966    |
|    total_timesteps | 2236590  |
| train/             |          |
|    actor_loss      | 0.813    |
|    critic_loss     | 0.14     |
|    ent_coef        | 0.00599  |
|    ent_coef_loss   | -0.481   |
|    learning_rate   | 0.0003   |
|    n_updates       | 2226570  |
---------------------------------
---------------------------------
| rollout/           |          |
|    ep_len_mean     | 44.9     |
|    ep_rew_mean     | -140     |
| time/              |          |
|    episodes        | 43864    |
|    fps             | 10       |
|    time_elapsed    | 12987    |
|    total_timesteps | 2236900  |
| train/             |          |
|    actor_loss      | 1        |
|    critic_loss     | 0.212    |
|    ent_coef        | 0.00602  |
|    ent_coef_loss   | 0.191    |
|    learning_rate   | 0.0003   |
|    n_updates       | 2226880  |
---------------------------------
---------------------------------
| rollout/           |          |
|    ep_len_mean     | 45.2     |
|    ep_rew_mean     | -133     |
| time/              |          |
|    episodes        | 43868    |
|    fps             | 10       |
|    time_elapsed    | 12997    |
|    total_timesteps | 2237020  |
| train/             |          |
|    actor_loss      | 0.932    |
|    critic_loss     | 0.194    |
|    ent_coef        | 0.00603  |
|    ent_coef_loss   | -0.206   |
|    learning_rate   | 0.0003   |
|    n_updates       | 2227000  |
---------------------------------
---------------------------------
| rollout/           |          |
|    ep_len_mean     | 45.2     |
|    ep_rew_mean     | -135     |
| time/              |          |
|    episodes        | 43872    |
|    fps             | 10       |
|    time_elapsed    | 13008    |
|    total_timesteps | 2237140  |
| train/             |          |
|    actor_loss      | 1        |
|    critic_loss     | 0.19     |
|    ent_coef        | 0.00606  |
|    ent_coef_loss   | -0.143   |
|    learning_rate   | 0.0003   |
|    n_updates       | 2227120  |
---------------------------------
---------------------------------
| rollout/           |          |
|    ep_len_mean     | 44.6     |
|    ep_rew_mean     | -138     |
| time/              |          |
|    episodes        | 43876    |
|    fps             | 10       |
|    time_elapsed    | 13031    |
|    total_timesteps | 2237490  |
| train/             |          |
|    actor_loss      | 0.948    |
|    critic_loss     | 0.157    |
|    ent_coef        | 0.00602  |
|    ent_coef_loss   | 0.0759   |
|    learning_rate   | 0.0003   |
|    n_updates       | 2227470  |
---------------------------------
---------------------------------
| rollout/           |          |
|    ep_len_mean     | 45.1     |
|    ep_rew_mean     | -134     |
| time/              |          |
|    episodes        | 43880    |
|    fps             | 10       |
|    time_elapsed    | 13038    |
|    total_timesteps | 2237580  |
| train/             |          |
|    actor_loss      | 0.936    |
|    critic_loss     | 0.136    |
|    ent_coef        | 0.00599  |
|    ent_coef_loss   | 0.353    |
|    learning_rate   | 0.0003   |
|    n_updates       | 2227560  |
---------------------------------
---------------------------------
| rollout/           |          |
|    ep_len_mean     | 45.2     |
|    ep_rew_mean     | -124     |
| time/              |          |
|    episodes        | 43884    |
|    fps             | 10       |
|    time_elapsed    | 13049    |
|    total_timesteps | 2237750  |
| train/             |          |
|    actor_loss      | 0.945    |
|    critic_loss     | 0.157    |
|    ent_coef        | 0.006    |
|    ent_coef_loss   | -0.506   |
|    learning_rate   | 0.0003   |
|    n_updates       | 2227730  |
---------------------------------
---------------------------------
| rollout/           |          |
|    ep_len_mean     | 44.4     |
|    ep_rew_mean     | -121     |
| time/              |          |
|    episodes        | 43888    |
|    fps             | 10       |
|    time_elapsed    | 13068    |
|    total_timesteps | 2238040  |
| train/             |          |
|    actor_loss      | 0.955    |
|    critic_loss     | 0.225    |
|    ent_coef        | 0.00604  |
|    ent_coef_loss   | 0.445    |
|    learning_rate   | 0.0003   |
|    n_updates       | 2228020  |
---------------------------------
---------------------------------
| rollout/           |          |
|    ep_len_mean     | 44.5     |
|    ep_rew_mean     | -119     |
| time/              |          |
|    episodes        | 43892    |
|    fps             | 10       |
|    time_elapsed    | 13080    |
|    total_timesteps | 2238150  |
| train/             |          |
|    actor_loss      | 0.928    |
|    critic_loss     | 0.222    |
|    ent_coef        | 0.00609  |
|    ent_coef_loss   | -0.114   |
|    learning_rate   | 0.0003   |
|    n_updates       | 2228130  |
---------------------------------
---------------------------------
| rollout/           |          |
|    ep_len_mean     | 44.8     |
|    ep_rew_mean     | -114     |
| time/              |          |
|    episodes        | 43896    |
|    fps             | 10       |
|    time_elapsed    | 13087    |
|    total_timesteps | 2238230  |
| train/             |          |
|    actor_loss      | 0.991    |
|    critic_loss     | 0.188    |
|    ent_coef        | 0.00611  |
|    ent_coef_loss   | 0.122    |
|    learning_rate   | 0.0003   |
|    n_updates       | 2228210  |
---------------------------------
---------------------------------
| rollout/           |          |
|    ep_len_mean     | 44.6     |
|    ep_rew_mean     | -118     |
| time/              |          |
|    episodes        | 43900    |
|    fps             | 10       |
|    time_elapsed    | 13111    |
|    total_timesteps | 2238620  |
| train/             |          |
|    actor_loss      | 0.887    |
|    critic_loss     | 0.134    |
|    ent_coef        | 0.00607  |
|    ent_coef_loss   | -0.469   |
|    learning_rate   | 0.0003   |
|    n_updates       | 2228600  |
---------------------------------
---------------------------------
| rollout/           |          |
|    ep_len_mean     | 44.8     |
|    ep_rew_mean     | -122     |
| time/              |          |
|    episodes        | 43904    |
|    fps             | 10       |
|    time_elapsed    | 13122    |
|    total_timesteps | 2238690  |
| train/             |          |
|    actor_loss      | 0.882    |
|    critic_loss     | 0.167    |
|    ent_coef        | 0.00608  |
|    ent_coef_loss   | -0.318   |
|    learning_rate   | 0.0003   |
|    n_updates       | 2228670  |
---------------------------------
---------------------------------
| rollout/           |          |
|    ep_len_mean     | 44.6     |
|    ep_rew_mean     | -124     |
| time/              |          |
|    episodes        | 43908    |
|    fps             | 10       |
|    time_elapsed    | 13142    |
|    total_timesteps | 2238810  |
| train/             |          |
|    actor_loss      | 0.87     |
|    critic_loss     | 0.13     |
|    ent_coef        | 0.006    |
|    ent_coef_loss   | -0.0833  |
|    learning_rate   | 0.0003   |
|    n_updates       | 2228790  |
---------------------------------
---------------------------------
| rollout/           |          |
|    ep_len_mean     | 44.7     |
|    ep_rew_mean     | -124     |
| time/              |          |
|    episodes        | 43912    |
|    fps             | 10       |
|    time_elapsed    | 13153    |
|    total_timesteps | 2238990  |
| train/             |          |
|    actor_loss      | 0.851    |
|    critic_loss     | 0.215    |
|    ent_coef        | 0.00605  |
|    ent_coef_loss   | -0.407   |
|    learning_rate   | 0.0003   |
|    n_updates       | 2228970  |
---------------------------------
---------------------------------
| rollout/           |          |
|    ep_len_mean     | 45       |
|    ep_rew_mean     | -119     |
| time/              |          |
|    episodes        | 43916    |
|    fps             | 10       |
|    time_elapsed    | 13173    |
|    total_timesteps | 2239230  |
| train/             |          |
|    actor_loss      | 0.888    |
|    critic_loss     | 0.161    |
|    ent_coef        | 0.00598  |
|    ent_coef_loss   | -0.212   |
|    learning_rate   | 0.0003   |
|    n_updates       | 2229210  |
---------------------------------
---------------------------------
| rollout/           |          |
|    ep_len_mean     | 45.7     |
|    ep_rew_mean     | -109     |
| time/              |          |
|    episodes        | 43920    |
|    fps             | 10       |
|    time_elapsed    | 13180    |
|    total_timesteps | 2239320  |
| train/             |          |
|    actor_loss      | 0.907    |
|    critic_loss     | 0.186    |
|    ent_coef        | 0.00598  |
|    ent_coef_loss   | 0.37     |
|    learning_rate   | 0.0003   |
|    n_updates       | 2229300  |
---------------------------------
---------------------------------
| rollout/           |          |
|    ep_len_mean     | 45.5     |
|    ep_rew_mean     | -107     |
| time/              |          |
|    episodes        | 43924    |
|    fps             | 10       |
|    time_elapsed    | 13190    |
|    total_timesteps | 2239490  |
| train/             |          |
|    actor_loss      | 0.908    |
|    critic_loss     | 0.137    |
|    ent_coef        | 0.00613  |
|    ent_coef_loss   | 0.136    |
|    learning_rate   | 0.0003   |
|    n_updates       | 2229470  |
---------------------------------
---------------------------------
| rollout/           |          |
|    ep_len_mean     | 44.8     |
|    ep_rew_mean     | -115     |
| time/              |          |
|    episodes        | 43928    |
|    fps             | 10       |
|    time_elapsed    | 13209    |
|    total_timesteps | 2239760  |
| train/             |          |
|    actor_loss      | 0.934    |
|    critic_loss     | 0.219    |
|    ent_coef        | 0.00622  |
|    ent_coef_loss   | 0.33     |
|    learning_rate   | 0.0003   |
|    n_updates       | 2229740  |
---------------------------------
---------------------------------
| rollout/           |          |
|    ep_len_mean     | 45.5     |
|    ep_rew_mean     | -108     |
| time/              |          |
|    episodes        | 43932    |
|    fps             | 10       |
|    time_elapsed    | 13217    |
|    total_timesteps | 2239860  |
| train/             |          |
|    actor_loss      | 0.966    |
|    critic_loss     | 0.182    |
|    ent_coef        | 0.00631  |
|    ent_coef_loss   | 0.148    |
|    learning_rate   | 0.0003   |
|    n_updates       | 2229840  |
---------------------------------
---------------------------------
| rollout/           |          |
|    ep_len_mean     | 45.1     |
|    ep_rew_mean     | -113     |
| time/              |          |
|    episodes        | 43936    |
|    fps             | 10       |
|    time_elapsed    | 13228    |
|    total_timesteps | 2239990  |
| train/             |          |
|    actor_loss      | 0.888    |
|    critic_loss     | 0.254    |
|    ent_coef        | 0.00631  |
|    ent_coef_loss   | 0.101    |
|    learning_rate   | 0.0003   |
|    n_updates       | 2229970  |
---------------------------------
---------------------------------
| rollout/           |          |
|    ep_len_mean     | 44.2     |
|    ep_rew_mean     | -121     |
| time/              |          |
|    episodes        | 43940    |
|    fps             | 10       |
|    time_elapsed    | 13254    |
|    total_timesteps | 2240330  |
| train/             |          |
|    actor_loss      | 0.863    |
|    critic_loss     | 0.244    |
|    ent_coef        | 0.00628  |
|    ent_coef_loss   | 0.182    |
|    learning_rate   | 0.0003   |
|    n_updates       | 2230310  |
---------------------------------
---------------------------------
| rollout/           |          |
|    ep_len_mean     | 43.9     |
|    ep_rew_mean     | -126     |
| time/              |          |
|    episodes        | 43944    |
|    fps             | 10       |
|    time_elapsed    | 13262    |
|    total_timesteps | 2240420  |
| train/             |          |
|    actor_loss      | 0.956    |
|    critic_loss     | 0.24     |
|    ent_coef        | 0.00627  |
|    ent_coef_loss   | 0.0683   |
|    learning_rate   | 0.0003   |
|    n_updates       | 2230400  |
---------------------------------
---------------------------------
| rollout/           |          |
|    ep_len_mean     | 44       |
|    ep_rew_mean     | -125     |
| time/              |          |
|    episodes        | 43948    |
|    fps             | 10       |
|    time_elapsed    | 13280    |
|    total_timesteps | 2240630  |
| train/             |          |
|    actor_loss      | 0.944    |
|    critic_loss     | 0.183    |
|    ent_coef        | 0.00624  |
|    ent_coef_loss   | 0.0877   |
|    learning_rate   | 0.0003   |
|    n_updates       | 2230610  |
---------------------------------
---------------------------------
| rollout/           |          |
|    ep_len_mean     | 43.8     |
|    ep_rew_mean     | -127     |
| time/              |          |
|    episodes        | 43952    |
|    fps             | 10       |
|    time_elapsed    | 13296    |
|    total_timesteps | 2240800  |
| train/             |          |
|    actor_loss      | 0.941    |
|    critic_loss     | 0.242    |
|    ent_coef        | 0.00616  |
|    ent_coef_loss   | -0.134   |
|    learning_rate   | 0.0003   |
|    n_updates       | 2230780  |
---------------------------------
---------------------------------
| rollout/           |          |
|    ep_len_mean     | 44.3     |
|    ep_rew_mean     | -124     |
| time/              |          |
|    episodes        | 43956    |
|    fps             | 10       |
|    time_elapsed    | 13308    |
|    total_timesteps | 2240990  |
| train/             |          |
|    actor_loss      | 0.842    |
|    critic_loss     | 0.184    |
|    ent_coef        | 0.00614  |
|    ent_coef_loss   | -0.283   |
|    learning_rate   | 0.0003   |
|    n_updates       | 2230970  |
---------------------------------
---------------------------------
| rollout/           |          |
|    ep_len_mean     | 44.9     |
|    ep_rew_mean     | -114     |
| time/              |          |
|    episodes        | 43960    |
|    fps             | 10       |
|    time_elapsed    | 13318    |
|    total_timesteps | 2241150  |
| train/             |          |
|    actor_loss      | 1.04     |
|    critic_loss     | 0.177    |
|    ent_coef        | 0.0061   |
|    ent_coef_loss   | -0.296   |
|    learning_rate   | 0.0003   |
|    n_updates       | 2231130  |
---------------------------------
---------------------------------
| rollout/           |          |
|    ep_len_mean     | 45.3     |
|    ep_rew_mean     | -107     |
| time/              |          |
|    episodes        | 43964    |
|    fps             | 10       |
|    time_elapsed    | 13335    |
|    total_timesteps | 2241430  |
| train/             |          |
|    actor_loss      | 0.955    |
|    critic_loss     | 0.164    |
|    ent_coef        | 0.00627  |
|    ent_coef_loss   | -0.0731  |
|    learning_rate   | 0.0003   |
|    n_updates       | 2231410  |
---------------------------------
---------------------------------
| rollout/           |          |
|    ep_len_mean     | 44.8     |
|    ep_rew_mean     | -115     |
| time/              |          |
|    episodes        | 43968    |
|    fps             | 10       |
|    time_elapsed    | 13343    |
|    total_timesteps | 2241560  |
| train/             |          |
|    actor_loss      | 0.919    |
|    critic_loss     | 0.208    |
|    ent_coef        | 0.00621  |
|    ent_coef_loss   | -0.507   |
|    learning_rate   | 0.0003   |
|    n_updates       | 2231540  |
---------------------------------
---------------------------------
| rollout/           |          |
|    ep_len_mean     | 45.6     |
|    ep_rew_mean     | -105     |
| time/              |          |
|    episodes        | 43972    |
|    fps             | 10       |
|    time_elapsed    | 13352    |
|    total_timesteps | 2241660  |
| train/             |          |
|    actor_loss      | 0.95     |
|    critic_loss     | 0.247    |
|    ent_coef        | 0.00618  |
|    ent_coef_loss   | -0.117   |
|    learning_rate   | 0.0003   |
|    n_updates       | 2231640  |
---------------------------------
---------------------------------
| rollout/           |          |
|    ep_len_mean     | 45.1     |
|    ep_rew_mean     | -108     |
| time/              |          |
|    episodes        | 43976    |
|    fps             | 10       |
|    time_elapsed    | 13372    |
|    total_timesteps | 2241920  |
| train/             |          |
|    actor_loss      | 0.936    |
|    critic_loss     | 0.163    |
|    ent_coef        | 0.0061   |
|    ent_coef_loss   | 0.356    |
|    learning_rate   | 0.0003   |
|    n_updates       | 2231900  |
---------------------------------
---------------------------------
| rollout/           |          |
|    ep_len_mean     | 44.2     |
|    ep_rew_mean     | -112     |
| time/              |          |
|    episodes        | 43980    |
|    fps             | 10       |
|    time_elapsed    | 13391    |
|    total_timesteps | 2242080  |
| train/             |          |
|    actor_loss      | 0.967    |
|    critic_loss     | 0.232    |
|    ent_coef        | 0.00606  |
|    ent_coef_loss   | -0.116   |
|    learning_rate   | 0.0003   |
|    n_updates       | 2232060  |
---------------------------------
---------------------------------
| rollout/           |          |
|    ep_len_mean     | 44       |
|    ep_rew_mean     | -114     |
| time/              |          |
|    episodes        | 43984    |
|    fps             | 10       |
|    time_elapsed    | 13400    |
|    total_timesteps | 2242170  |
| train/             |          |
|    actor_loss      | 0.885    |
|    critic_loss     | 0.159    |
|    ent_coef        | 0.006    |
|    ent_coef_loss   | -0.212   |
|    learning_rate   | 0.0003   |
|    n_updates       | 2232150  |
---------------------------------
---------------------------------
| rollout/           |          |
|    ep_len_mean     | 44.4     |
|    ep_rew_mean     | -115     |
| time/              |          |
|    episodes        | 43988    |
|    fps             | 10       |
|    time_elapsed    | 13408    |
|    total_timesteps | 2242280  |
| train/             |          |
|    actor_loss      | 0.921    |
|    critic_loss     | 0.206    |
|    ent_coef        | 0.00599  |
|    ent_coef_loss   | 0.31     |
|    learning_rate   | 0.0003   |
|    n_updates       | 2232260  |
---------------------------------
---------------------------------
| rollout/           |          |
|    ep_len_mean     | 44.1     |
|    ep_rew_mean     | -117     |
| time/              |          |
|    episodes        | 43992    |
|    fps             | 10       |
|    time_elapsed    | 13424    |
|    total_timesteps | 2242480  |
| train/             |          |
|    actor_loss      | 0.973    |
|    critic_loss     | 0.181    |
|    ent_coef        | 0.00616  |
|    ent_coef_loss   | -0.361   |
|    learning_rate   | 0.0003   |
|    n_updates       | 2232460  |
---------------------------------
---------------------------------
| rollout/           |          |
|    ep_len_mean     | 43.7     |
|    ep_rew_mean     | -121     |
| time/              |          |
|    episodes        | 43996    |
|    fps             | 10       |
|    time_elapsed    | 13439    |
|    total_timesteps | 2242710  |
| train/             |          |
|    actor_loss      | 0.935    |
|    critic_loss     | 0.145    |
|    ent_coef        | 0.00619  |
|    ent_coef_loss   | 0.239    |
|    learning_rate   | 0.0003   |
|    n_updates       | 2232690  |
---------------------------------
---------------------------------
| rollout/           |          |
|    ep_len_mean     | 43.8     |
|    ep_rew_mean     | -116     |
| time/              |          |
|    episodes        | 44000    |
|    fps             | 10       |
|    time_elapsed    | 13457    |
|    total_timesteps | 2242920  |
| train/             |          |
|    actor_loss      | 0.92     |
|    critic_loss     | 0.266    |
|    ent_coef        | 0.00622  |
|    ent_coef_loss   | -0.12    |
|    learning_rate   | 0.0003   |
|    n_updates       | 2232900  |
---------------------------------
---------------------------------
| rollout/           |          |
|    ep_len_mean     | 43.4     |
|    ep_rew_mean     | -116     |
| time/              |          |
|    episodes        | 44004    |
|    fps             | 10       |
|    time_elapsed    | 13463    |
|    total_timesteps | 2242990  |
| train/             |          |
|    actor_loss      | 0.991    |
|    critic_loss     | 0.159    |
|    ent_coef        | 0.00619  |
|    ent_coef_loss   | -0.299   |
|    learning_rate   | 0.0003   |
|    n_updates       | 2232970  |
---------------------------------
---------------------------------
| rollout/           |          |
|    ep_len_mean     | 43.5     |
|    ep_rew_mean     | -124     |
| time/              |          |
|    episodes        | 44008    |
|    fps             | 10       |
|    time_elapsed    | 13482    |
|    total_timesteps | 2243220  |
| train/             |          |
|    actor_loss      | 0.964    |
|    critic_loss     | 0.197    |
|    ent_coef        | 0.0062   |
|    ent_coef_loss   | 0.139    |
|    learning_rate   | 0.0003   |
|    n_updates       | 2233200  |
---------------------------------
---------------------------------
| rollout/           |          |
|    ep_len_mean     | 43.5     |
|    ep_rew_mean     | -127     |
| time/              |          |
|    episodes        | 44012    |
|    fps             | 10       |
|    time_elapsed    | 13489    |
|    total_timesteps | 2243320  |
| train/             |          |
|    actor_loss      | 0.947    |
|    critic_loss     | 0.142    |
|    ent_coef        | 0.00623  |
|    ent_coef_loss   | 0.234    |
|    learning_rate   | 0.0003   |
|    n_updates       | 2233300  |
---------------------------------
---------------------------------
| rollout/           |          |
|    ep_len_mean     | 43.4     |
|    ep_rew_mean     | -128     |
| time/              |          |
|    episodes        | 44016    |
|    fps             | 10       |
|    time_elapsed    | 13507    |
|    total_timesteps | 2243560  |
| train/             |          |
|    actor_loss      | 0.801    |
|    critic_loss     | 0.19     |
|    ent_coef        | 0.00626  |
|    ent_coef_loss   | -0.438   |
|    learning_rate   | 0.0003   |
|    n_updates       | 2233540  |
---------------------------------
---------------------------------
| rollout/           |          |
|    ep_len_mean     | 43.1     |
|    ep_rew_mean     | -130     |
| time/              |          |
|    episodes        | 44020    |
|    fps             | 10       |
|    time_elapsed    | 13525    |
|    total_timesteps | 2243810  |
| train/             |          |
|    actor_loss      | 0.999    |
|    critic_loss     | 0.171    |
|    ent_coef        | 0.0061   |
|    ent_coef_loss   | 0.129    |
|    learning_rate   | 0.0003   |
|    n_updates       | 2233790  |
---------------------------------
---------------------------------
| rollout/           |          |
|    ep_len_mean     | 43.8     |
|    ep_rew_mean     | -123     |
| time/              |          |
|    episodes        | 44024    |
|    fps             | 10       |
|    time_elapsed    | 13534    |
|    total_timesteps | 2243890  |
| train/             |          |
|    actor_loss      | 1.05     |
|    critic_loss     | 0.227    |
|    ent_coef        | 0.00612  |
|    ent_coef_loss   | 0.216    |
|    learning_rate   | 0.0003   |
|    n_updates       | 2233870  |
---------------------------------
---------------------------------
| rollout/           |          |
|    ep_len_mean     | 44       |
|    ep_rew_mean     | -123     |
| time/              |          |
|    episodes        | 44028    |
|    fps             | 10       |
|    time_elapsed    | 13549    |
|    total_timesteps | 2244080  |
| train/             |          |
|    actor_loss      | 0.939    |
|    critic_loss     | 0.17     |
|    ent_coef        | 0.00613  |
|    ent_coef_loss   | 0.0473   |
|    learning_rate   | 0.0003   |
|    n_updates       | 2234060  |
---------------------------------
---------------------------------
| rollout/           |          |
|    ep_len_mean     | 43.7     |
|    ep_rew_mean     | -126     |
| time/              |          |
|    episodes        | 44032    |
|    fps             | 10       |
|    time_elapsed    | 13572    |
|    total_timesteps | 2244400  |
| train/             |          |
|    actor_loss      | 0.961    |
|    critic_loss     | 0.215    |
|    ent_coef        | 0.00618  |
|    ent_coef_loss   | 0.253    |
|    learning_rate   | 0.0003   |
|    n_updates       | 2234380  |
---------------------------------
---------------------------------
| rollout/           |          |
|    ep_len_mean     | 44.4     |
|    ep_rew_mean     | -118     |
| time/              |          |
|    episodes        | 44036    |
|    fps             | 10       |
|    time_elapsed    | 13577    |
|    total_timesteps | 2244470  |
| train/             |          |
|    actor_loss      | 0.986    |
|    critic_loss     | 0.262    |
|    ent_coef        | 0.00617  |
|    ent_coef_loss   | -0.152   |
|    learning_rate   | 0.0003   |
|    n_updates       | 2234450  |
---------------------------------
---------------------------------
| rollout/           |          |
|    ep_len_mean     | 44.8     |
|    ep_rew_mean     | -115     |
| time/              |          |
|    episodes        | 44040    |
|    fps             | 10       |
|    time_elapsed    | 13590    |
|    total_timesteps | 2244630  |
| train/             |          |
|    actor_loss      | 1.02     |
|    critic_loss     | 0.283    |
|    ent_coef        | 0.00609  |
|    ent_coef_loss   | 0.218    |
|    learning_rate   | 0.0003   |
|    n_updates       | 2234610  |
---------------------------------
---------------------------------
| rollout/           |          |
|    ep_len_mean     | 44.4     |
|    ep_rew_mean     | -120     |
| time/              |          |
|    episodes        | 44044    |
|    fps             | 10       |
|    time_elapsed    | 13605    |
|    total_timesteps | 2244880  |
| train/             |          |
|    actor_loss      | 0.926    |
|    critic_loss     | 0.236    |
|    ent_coef        | 0.00612  |
|    ent_coef_loss   | 0.306    |
|    learning_rate   | 0.0003   |
|    n_updates       | 2234860  |
---------------------------------
---------------------------------
| rollout/           |          |
|    ep_len_mean     | 43.8     |
|    ep_rew_mean     | -119     |
| time/              |          |
|    episodes        | 44048    |
|    fps             | 10       |
|    time_elapsed    | 13613    |
|    total_timesteps | 2245010  |
| train/             |          |
|    actor_loss      | 1.01     |
|    critic_loss     | 0.202    |
|    ent_coef        | 0.00613  |
|    ent_coef_loss   | 0.212    |
|    learning_rate   | 0.0003   |
|    n_updates       | 2234990  |
---------------------------------
---------------------------------
| rollout/           |          |
|    ep_len_mean     | 44.1     |
|    ep_rew_mean     | -114     |
| time/              |          |
|    episodes        | 44052    |
|    fps             | 10       |
|    time_elapsed    | 13627    |
|    total_timesteps | 2245230  |
| train/             |          |
|    actor_loss      | 0.972    |
|    critic_loss     | 0.195    |
|    ent_coef        | 0.00622  |
|    ent_coef_loss   | 0.35     |
|    learning_rate   | 0.0003   |
|    n_updates       | 2235210  |
---------------------------------
---------------------------------
| rollout/           |          |
|    ep_len_mean     | 43.8     |
|    ep_rew_mean     | -117     |
| time/              |          |
|    episodes        | 44056    |
|    fps             | 10       |
|    time_elapsed    | 13642    |
|    total_timesteps | 2245350  |
| train/             |          |
|    actor_loss      | 0.874    |
|    critic_loss     | 0.194    |
|    ent_coef        | 0.00624  |
|    ent_coef_loss   | 0.17     |
|    learning_rate   | 0.0003   |
|    n_updates       | 2235330  |
---------------------------------
---------------------------------
| rollout/           |          |
|    ep_len_mean     | 43.6     |
|    ep_rew_mean     | -124     |
| time/              |          |
|    episodes        | 44060    |
|    fps             | 10       |
|    time_elapsed    | 13656    |
|    total_timesteps | 2245540  |
| train/             |          |
|    actor_loss      | 0.967    |
|    critic_loss     | 0.228    |
|    ent_coef        | 0.00634  |
|    ent_coef_loss   | 0.25     |
|    learning_rate   | 0.0003   |
|    n_updates       | 2235520  |
---------------------------------
---------------------------------
| rollout/           |          |
|    ep_len_mean     | 43.6     |
|    ep_rew_mean     | -127     |
| time/              |          |
|    episodes        | 44064    |
|    fps             | 10       |
|    time_elapsed    | 13670    |
|    total_timesteps | 2245660  |
| train/             |          |
|    actor_loss      | 0.959    |
|    critic_loss     | 0.233    |
|    ent_coef        | 0.00639  |
|    ent_coef_loss   | 0.0304   |
|    learning_rate   | 0.0003   |
|    n_updates       | 2235640  |
---------------------------------
---------------------------------
| rollout/           |          |
|    ep_len_mean     | 43.6     |
|    ep_rew_mean     | -127     |
| time/              |          |
|    episodes        | 44068    |
|    fps             | 10       |
|    time_elapsed    | 13690    |
|    total_timesteps | 2245900  |
| train/             |          |
|    actor_loss      | 0.972    |
|    critic_loss     | 0.239    |
|    ent_coef        | 0.00635  |
|    ent_coef_loss   | -0.0282  |
|    learning_rate   | 0.0003   |
|    n_updates       | 2235880  |
---------------------------------
---------------------------------
| rollout/           |          |
|    ep_len_mean     | 43.8     |
|    ep_rew_mean     | -124     |
| time/              |          |
|    episodes        | 44072    |
|    fps             | 10       |
|    time_elapsed    | 13706    |
|    total_timesteps | 2246150  |
| train/             |          |
|    actor_loss      | 0.957    |
|    critic_loss     | 0.186    |
|    ent_coef        | 0.00634  |
|    ent_coef_loss   | -0.192   |
|    learning_rate   | 0.0003   |
|    n_updates       | 2236130  |
---------------------------------
---------------------------------
| rollout/           |          |
|    ep_len_mean     | 44.3     |
|    ep_rew_mean     | -117     |
| time/              |          |
|    episodes        | 44076    |
|    fps             | 10       |
|    time_elapsed    | 13713    |
|    total_timesteps | 2246240  |
| train/             |          |
|    actor_loss      | 0.966    |
|    critic_loss     | 0.214    |
|    ent_coef        | 0.00638  |
|    ent_coef_loss   | 0.359    |
|    learning_rate   | 0.0003   |
|    n_updates       | 2236220  |
---------------------------------
---------------------------------
| rollout/           |          |
|    ep_len_mean     | 43.9     |
|    ep_rew_mean     | -120     |
| time/              |          |
|    episodes        | 44080    |
|    fps             | 10       |
|    time_elapsed    | 13727    |
|    total_timesteps | 2246400  |
| train/             |          |
|    actor_loss      | 1        |
|    critic_loss     | 0.24     |
|    ent_coef        | 0.00636  |
|    ent_coef_loss   | -0.476   |
|    learning_rate   | 0.0003   |
|    n_updates       | 2236380  |
---------------------------------
---------------------------------
| rollout/           |          |
|    ep_len_mean     | 43.5     |
|    ep_rew_mean     | -117     |
| time/              |          |
|    episodes        | 44084    |
|    fps             | 10       |
|    time_elapsed    | 13738    |
|    total_timesteps | 2246530  |
| train/             |          |
|    actor_loss      | 0.969    |
|    critic_loss     | 0.168    |
|    ent_coef        | 0.0064   |
|    ent_coef_loss   | 0.362    |
|    learning_rate   | 0.0003   |
|    n_updates       | 2236510  |
---------------------------------
---------------------------------
| rollout/           |          |
|    ep_len_mean     | 43.2     |
|    ep_rew_mean     | -116     |
| time/              |          |
|    episodes        | 44088    |
|    fps             | 10       |
|    time_elapsed    | 13753    |
|    total_timesteps | 2246670  |
| train/             |          |
|    actor_loss      | 0.91     |
|    critic_loss     | 0.25     |
|    ent_coef        | 0.00648  |
|    ent_coef_loss   | -0.0761  |
|    learning_rate   | 0.0003   |
|    n_updates       | 2236650  |
---------------------------------
---------------------------------
| rollout/           |          |
|    ep_len_mean     | 43.6     |
|    ep_rew_mean     | -111     |
| time/              |          |
|    episodes        | 44092    |
|    fps             | 10       |
|    time_elapsed    | 13773    |
|    total_timesteps | 2246910  |
| train/             |          |
|    actor_loss      | 0.976    |
|    critic_loss     | 0.214    |
|    ent_coef        | 0.00648  |
|    ent_coef_loss   | -0.222   |
|    learning_rate   | 0.0003   |
|    n_updates       | 2236890  |
---------------------------------
---------------------------------
| rollout/           |          |
|    ep_len_mean     | 43.9     |
|    ep_rew_mean     | -110     |
| time/              |          |
|    episodes        | 44096    |
|    fps             | 10       |
|    time_elapsed    | 13790    |
|    total_timesteps | 2247130  |
| train/             |          |
|    actor_loss      | 0.928    |
|    critic_loss     | 0.222    |
|    ent_coef        | 0.0065   |
|    ent_coef_loss   | 0.693    |
|    learning_rate   | 0.0003   |
|    n_updates       | 2237110  |
---------------------------------
---------------------------------
| rollout/           |          |
|    ep_len_mean     | 43.9     |
|    ep_rew_mean     | -109     |
| time/              |          |
|    episodes        | 44100    |
|    fps             | 10       |
|    time_elapsed    | 13797    |
|    total_timesteps | 2247220  |
| train/             |          |
|    actor_loss      | 0.943    |
|    critic_loss     | 0.203    |
|    ent_coef        | 0.00648  |
|    ent_coef_loss   | -0.52    |
|    learning_rate   | 0.0003   |
|    n_updates       | 2237200  |
---------------------------------
---------------------------------
| rollout/           |          |
|    ep_len_mean     | 44.1     |
|    ep_rew_mean     | -107     |
| time/              |          |
|    episodes        | 44104    |
|    fps             | 10       |
|    time_elapsed    | 13810    |
|    total_timesteps | 2247440  |
| train/             |          |
|    actor_loss      | 1.02     |
|    critic_loss     | 0.212    |
|    ent_coef        | 0.00644  |
|    ent_coef_loss   | -0.333   |
|    learning_rate   | 0.0003   |
|    n_updates       | 2237420  |
---------------------------------
---------------------------------
| rollout/           |          |
|    ep_len_mean     | 44       |
|    ep_rew_mean     | -102     |
| time/              |          |
|    episodes        | 44108    |
|    fps             | 10       |
|    time_elapsed    | 13827    |
|    total_timesteps | 2247720  |
| train/             |          |
|    actor_loss      | 0.923    |
|    critic_loss     | 0.149    |
|    ent_coef        | 0.00626  |
|    ent_coef_loss   | -0.264   |
|    learning_rate   | 0.0003   |
|    n_updates       | 2237700  |
---------------------------------
---------------------------------
| rollout/           |          |
|    ep_len_mean     | 44.5     |
|    ep_rew_mean     | -91.4    |
| time/              |          |
|    episodes        | 44112    |
|    fps             | 10       |
|    time_elapsed    | 13832    |
|    total_timesteps | 2247800  |
| train/             |          |
|    actor_loss      | 1.04     |
|    critic_loss     | 0.242    |
|    ent_coef        | 0.00628  |
|    ent_coef_loss   | 0.147    |
|    learning_rate   | 0.0003   |
|    n_updates       | 2237780  |
---------------------------------
---------------------------------
| rollout/           |          |
|    ep_len_mean     | 44.6     |
|    ep_rew_mean     | -88.7    |
| time/              |          |
|    episodes        | 44116    |
|    fps             | 10       |
|    time_elapsed    | 13844    |
|    total_timesteps | 2247920  |
| train/             |          |
|    actor_loss      | 0.839    |
|    critic_loss     | 0.18     |
|    ent_coef        | 0.00619  |
|    ent_coef_loss   | -0.556   |
|    learning_rate   | 0.0003   |
|    n_updates       | 2237900  |
---------------------------------
---------------------------------
| rollout/           |          |
|    ep_len_mean     | 44.4     |
|    ep_rew_mean     | -97.5    |
| time/              |          |
|    episodes        | 44120    |
|    fps             | 10       |
|    time_elapsed    | 13870    |
|    total_timesteps | 2248240  |
| train/             |          |
|    actor_loss      | 0.906    |
|    critic_loss     | 0.207    |
|    ent_coef        | 0.00614  |
|    ent_coef_loss   | -0.203   |
|    learning_rate   | 0.0003   |
|    n_updates       | 2238220  |
---------------------------------
---------------------------------
| rollout/           |          |
|    ep_len_mean     | 45       |
|    ep_rew_mean     | -96.9    |
| time/              |          |
|    episodes        | 44124    |
|    fps             | 10       |
|    time_elapsed    | 13884    |
|    total_timesteps | 2248430  |
| train/             |          |
|    actor_loss      | 0.926    |
|    critic_loss     | 0.14     |
|    ent_coef        | 0.00617  |
|    ent_coef_loss   | -0.0964  |
|    learning_rate   | 0.0003   |
|    n_updates       | 2238410  |
---------------------------------
---------------------------------
| rollout/           |          |
|    ep_len_mean     | 45.2     |
|    ep_rew_mean     | -97.7    |
| time/              |          |
|    episodes        | 44128    |
|    fps             | 10       |
|    time_elapsed    | 13893    |
|    total_timesteps | 2248530  |
| train/             |          |
|    actor_loss      | 0.896    |
|    critic_loss     | 0.168    |
|    ent_coef        | 0.00614  |
|    ent_coef_loss   | -0.376   |
|    learning_rate   | 0.0003   |
|    n_updates       | 2238510  |
---------------------------------
---------------------------------
| rollout/           |          |
|    ep_len_mean     | 44.6     |
|    ep_rew_mean     | -102     |
| time/              |          |
|    episodes        | 44132    |
|    fps             | 10       |
|    time_elapsed    | 13909    |
|    total_timesteps | 2248740  |
| train/             |          |
|    actor_loss      | 1.05     |
|    critic_loss     | 0.234    |
|    ent_coef        | 0.00611  |
|    ent_coef_loss   | 0.42     |
|    learning_rate   | 0.0003   |
|    n_updates       | 2238720  |
---------------------------------
---------------------------------
| rollout/           |          |
|    ep_len_mean     | 44.3     |
|    ep_rew_mean     | -111     |
| time/              |          |
|    episodes        | 44136    |
|    fps             | 10       |
|    time_elapsed    | 13927    |
|    total_timesteps | 2248970  |
| train/             |          |
|    actor_loss      | 0.905    |
|    critic_loss     | 0.228    |
|    ent_coef        | 0.00631  |
|    ent_coef_loss   | 0.659    |
|    learning_rate   | 0.0003   |
|    n_updates       | 2238950  |
---------------------------------
---------------------------------
| rollout/           |          |
|    ep_len_mean     | 44.4     |
|    ep_rew_mean     | -110     |
| time/              |          |
|    episodes        | 44140    |
|    fps             | 10       |
|    time_elapsed    | 13935    |
|    total_timesteps | 2249080  |
| train/             |          |
|    actor_loss      | 0.957    |
|    critic_loss     | 0.175    |
|    ent_coef        | 0.00638  |
|    ent_coef_loss   | 0.347    |
|    learning_rate   | 0.0003   |
|    n_updates       | 2239060  |
---------------------------------
---------------------------------
| rollout/           |          |
|    ep_len_mean     | 44.8     |
|    ep_rew_mean     | -104     |
| time/              |          |
|    episodes        | 44144    |
|    fps             | 10       |
|    time_elapsed    | 13958    |
|    total_timesteps | 2249300  |
| train/             |          |
|    actor_loss      | 0.969    |
|    critic_loss     | 0.25     |
|    ent_coef        | 0.00651  |
|    ent_coef_loss   | 0.688    |
|    learning_rate   | 0.0003   |
|    n_updates       | 2239280  |
---------------------------------
---------------------------------
| rollout/           |          |
|    ep_len_mean     | 45       |
|    ep_rew_mean     | -109     |
| time/              |          |
|    episodes        | 44148    |
|    fps             | 10       |
|    time_elapsed    | 13972    |
|    total_timesteps | 2249490  |
| train/             |          |
|    actor_loss      | 0.923    |
|    critic_loss     | 0.187    |
|    ent_coef        | 0.00661  |
|    ent_coef_loss   | 0.00621  |
|    learning_rate   | 0.0003   |
|    n_updates       | 2239470  |
---------------------------------
---------------------------------
| rollout/           |          |
|    ep_len_mean     | 44.7     |
|    ep_rew_mean     | -117     |
| time/              |          |
|    episodes        | 44152    |
|    fps             | 10       |
|    time_elapsed    | 13982    |
|    total_timesteps | 2249610  |
| train/             |          |
|    actor_loss      | 0.963    |
|    critic_loss     | 0.198    |
|    ent_coef        | 0.00662  |
|    ent_coef_loss   | -0.0104  |
|    learning_rate   | 0.0003   |
|    n_updates       | 2239590  |
---------------------------------
---------------------------------
| rollout/           |          |
|    ep_len_mean     | 44.8     |
|    ep_rew_mean     | -109     |
| time/              |          |
|    episodes        | 44156    |
|    fps             | 10       |
|    time_elapsed    | 14000    |
|    total_timesteps | 2249840  |
| train/             |          |
|    actor_loss      | 1.02     |
|    critic_loss     | 0.224    |
|    ent_coef        | 0.00643  |
|    ent_coef_loss   | -0.609   |
|    learning_rate   | 0.0003   |
|    n_updates       | 2239820  |
---------------------------------
---------------------------------
| rollout/           |          |
|    ep_len_mean     | 44.7     |
|    ep_rew_mean     | -110     |
| time/              |          |
|    episodes        | 44160    |
|    fps             | 10       |
|    time_elapsed    | 14015    |
|    total_timesteps | 2250050  |
| train/             |          |
|    actor_loss      | 0.91     |
|    critic_loss     | 0.197    |
|    ent_coef        | 0.00636  |
|    ent_coef_loss   | -0.278   |
|    learning_rate   | 0.0003   |
|    n_updates       | 2240030  |
---------------------------------
---------------------------------
| rollout/           |          |
|    ep_len_mean     | 44.2     |
|    ep_rew_mean     | -110     |
| time/              |          |
|    episodes        | 44164    |
|    fps             | 10       |
|    time_elapsed    | 14028    |
|    total_timesteps | 2250240  |
| train/             |          |
|    actor_loss      | 0.903    |
|    critic_loss     | 0.223    |
|    ent_coef        | 0.00643  |
|    ent_coef_loss   | 0.496    |
|    learning_rate   | 0.0003   |
|    n_updates       | 2240220  |
---------------------------------
---------------------------------
| rollout/           |          |
|    ep_len_mean     | 44.6     |
|    ep_rew_mean     | -110     |
| time/              |          |
|    episodes        | 44168    |
|    fps             | 10       |
|    time_elapsed    | 14032    |
|    total_timesteps | 2250290  |
| train/             |          |
|    actor_loss      | 0.939    |
|    critic_loss     | 0.287    |
|    ent_coef        | 0.00646  |
|    ent_coef_loss   | -0.27    |
|    learning_rate   | 0.0003   |
|    n_updates       | 2240270  |
---------------------------------
---------------------------------
| rollout/           |          |
|    ep_len_mean     | 44.1     |
|    ep_rew_mean     | -114     |
| time/              |          |
|    episodes        | 44172    |
|    fps             | 10       |
|    time_elapsed    | 14043    |
|    total_timesteps | 2250430  |
| train/             |          |
|    actor_loss      | 1.06     |
|    critic_loss     | 0.172    |
|    ent_coef        | 0.00643  |
|    ent_coef_loss   | -0.163   |
|    learning_rate   | 0.0003   |
|    n_updates       | 2240410  |
---------------------------------
---------------------------------
| rollout/           |          |
|    ep_len_mean     | 43.5     |
|    ep_rew_mean     | -121     |
| time/              |          |
|    episodes        | 44176    |
|    fps             | 10       |
|    time_elapsed    | 14057    |
|    total_timesteps | 2250640  |
| train/             |          |
|    actor_loss      | 0.828    |
|    critic_loss     | 0.165    |
|    ent_coef        | 0.00629  |
|    ent_coef_loss   | -0.348   |
|    learning_rate   | 0.0003   |
|    n_updates       | 2240620  |
---------------------------------
---------------------------------
| rollout/           |          |
|    ep_len_mean     | 44       |
|    ep_rew_mean     | -121     |
| time/              |          |
|    episodes        | 44180    |
|    fps             | 10       |
|    time_elapsed    | 14076    |
|    total_timesteps | 2250810  |
| train/             |          |
|    actor_loss      | 1.01     |
|    critic_loss     | 0.225    |
|    ent_coef        | 0.00629  |
|    ent_coef_loss   | -0.481   |
|    learning_rate   | 0.0003   |
|    n_updates       | 2240790  |
---------------------------------
---------------------------------
| rollout/           |          |
|    ep_len_mean     | 44.1     |
|    ep_rew_mean     | -125     |
| time/              |          |
|    episodes        | 44184    |
|    fps             | 10       |
|    time_elapsed    | 14086    |
|    total_timesteps | 2250900  |
| train/             |          |
|    actor_loss      | 0.986    |
|    critic_loss     | 0.249    |
|    ent_coef        | 0.00624  |
|    ent_coef_loss   | 0.163    |
|    learning_rate   | 0.0003   |
|    n_updates       | 2240880  |
---------------------------------
---------------------------------
| rollout/           |          |
|    ep_len_mean     | 44.5     |
|    ep_rew_mean     | -130     |
| time/              |          |
|    episodes        | 44188    |
|    fps             | 10       |
|    time_elapsed    | 14103    |
|    total_timesteps | 2251170  |
| train/             |          |
|    actor_loss      | 1.02     |
|    critic_loss     | 0.247    |
|    ent_coef        | 0.00643  |
|    ent_coef_loss   | 0.256    |
|    learning_rate   | 0.0003   |
|    n_updates       | 2241150  |
---------------------------------
---------------------------------
| rollout/           |          |
|    ep_len_mean     | 44.6     |
|    ep_rew_mean     | -128     |
| time/              |          |
|    episodes        | 44192    |
|    fps             | 10       |
|    time_elapsed    | 14120    |
|    total_timesteps | 2251390  |
| train/             |          |
|    actor_loss      | 0.98     |
|    critic_loss     | 0.253    |
|    ent_coef        | 0.00643  |
|    ent_coef_loss   | 0.0963   |
|    learning_rate   | 0.0003   |
|    n_updates       | 2241370  |
---------------------------------
---------------------------------
| rollout/           |          |
|    ep_len_mean     | 44.5     |
|    ep_rew_mean     | -131     |
| time/              |          |
|    episodes        | 44196    |
|    fps             | 10       |
|    time_elapsed    | 14128    |
|    total_timesteps | 2251500  |
| train/             |          |
|    actor_loss      | 0.913    |
|    critic_loss     | 0.206    |
|    ent_coef        | 0.00643  |
|    ent_coef_loss   | -0.401   |
|    learning_rate   | 0.0003   |
|    n_updates       | 2241480  |
---------------------------------
---------------------------------
| rollout/           |          |
|    ep_len_mean     | 44.3     |
|    ep_rew_mean     | -135     |
| time/              |          |
|    episodes        | 44200    |
|    fps             | 10       |
|    time_elapsed    | 14144    |
|    total_timesteps | 2251770  |
| train/             |          |
|    actor_loss      | 0.888    |
|    critic_loss     | 0.219    |
|    ent_coef        | 0.00642  |
|    ent_coef_loss   | -0.0115  |
|    learning_rate   | 0.0003   |
|    n_updates       | 2241750  |
---------------------------------
---------------------------------
| rollout/           |          |
|    ep_len_mean     | 44.9     |
|    ep_rew_mean     | -132     |
| time/              |          |
|    episodes        | 44204    |
|    fps             | 10       |
|    time_elapsed    | 14156    |
|    total_timesteps | 2251960  |
| train/             |          |
|    actor_loss      | 0.996    |
|    critic_loss     | 0.223    |
|    ent_coef        | 0.00647  |
|    ent_coef_loss   | 0.41     |
|    learning_rate   | 0.0003   |
|    n_updates       | 2241940  |
---------------------------------
---------------------------------
| rollout/           |          |
|    ep_len_mean     | 45       |
|    ep_rew_mean     | -129     |
| time/              |          |
|    episodes        | 44208    |
|    fps             | 10       |
|    time_elapsed    | 14167    |
|    total_timesteps | 2252080  |
| train/             |          |
|    actor_loss      | 1.01     |
|    critic_loss     | 0.167    |
|    ent_coef        | 0.00647  |
|    ent_coef_loss   | 0.387    |
|    learning_rate   | 0.0003   |
|    n_updates       | 2242060  |
---------------------------------
---------------------------------
| rollout/           |          |
|    ep_len_mean     | 44.6     |
|    ep_rew_mean     | -133     |
| time/              |          |
|    episodes        | 44212    |
|    fps             | 10       |
|    time_elapsed    | 14184    |
|    total_timesteps | 2252290  |
| train/             |          |
|    actor_loss      | 0.936    |
|    critic_loss     | 0.257    |
|    ent_coef        | 0.0064   |
|    ent_coef_loss   | 0.129    |
|    learning_rate   | 0.0003   |
|    n_updates       | 2242270  |
---------------------------------
---------------------------------
| rollout/           |          |
|    ep_len_mean     | 44.6     |
|    ep_rew_mean     | -140     |
| time/              |          |
|    episodes        | 44216    |
|    fps             | 10       |
|    time_elapsed    | 14198    |
|    total_timesteps | 2252440  |
| train/             |          |
|    actor_loss      | 1.07     |
|    critic_loss     | 0.181    |
|    ent_coef        | 0.00638  |
|    ent_coef_loss   | 0.206    |
|    learning_rate   | 0.0003   |
|    n_updates       | 2242420  |
---------------------------------
---------------------------------
| rollout/           |          |
|    ep_len_mean     | 44.7     |
|    ep_rew_mean     | -132     |
| time/              |          |
|    episodes        | 44220    |
|    fps             | 10       |
|    time_elapsed    | 14211    |
|    total_timesteps | 2252620  |
| train/             |          |
|    actor_loss      | 0.918    |
|    critic_loss     | 0.174    |
|    ent_coef        | 0.00643  |
|    ent_coef_loss   | -0.156   |
|    learning_rate   | 0.0003   |
|    n_updates       | 2242600  |
---------------------------------
---------------------------------
| rollout/           |          |
|    ep_len_mean     | 44.3     |
|    ep_rew_mean     | -132     |
| time/              |          |
|    episodes        | 44224    |
|    fps             | 10       |
|    time_elapsed    | 14223    |
|    total_timesteps | 2252820  |
| train/             |          |
|    actor_loss      | 1.02     |
|    critic_loss     | 0.216    |
|    ent_coef        | 0.00631  |
|    ent_coef_loss   | 0.0552   |
|    learning_rate   | 0.0003   |
|    n_updates       | 2242800  |
---------------------------------
---------------------------------
| rollout/           |          |
|    ep_len_mean     | 44.2     |
|    ep_rew_mean     | -133     |
| time/              |          |
|    episodes        | 44228    |
|    fps             | 10       |
|    time_elapsed    | 14241    |
|    total_timesteps | 2253050  |
| train/             |          |
|    actor_loss      | 0.949    |
|    critic_loss     | 0.222    |
|    ent_coef        | 0.00633  |
|    ent_coef_loss   | -0.0339  |
|    learning_rate   | 0.0003   |
|    n_updates       | 2243030  |
---------------------------------
---------------------------------
| rollout/           |          |
|    ep_len_mean     | 44.9     |
|    ep_rew_mean     | -128     |
| time/              |          |
|    episodes        | 44232    |
|    fps             | 10       |
|    time_elapsed    | 14259    |
|    total_timesteps | 2253250  |
| train/             |          |
|    actor_loss      | 0.957    |
|    critic_loss     | 0.174    |
|    ent_coef        | 0.00618  |
|    ent_coef_loss   | 0.162    |
|    learning_rate   | 0.0003   |
|    n_updates       | 2243230  |
---------------------------------
---------------------------------
| rollout/           |          |
|    ep_len_mean     | 44.7     |
|    ep_rew_mean     | -126     |
| time/              |          |
|    episodes        | 44236    |
|    fps             | 10       |
|    time_elapsed    | 14272    |
|    total_timesteps | 2253420  |
| train/             |          |
|    actor_loss      | 0.929    |
|    critic_loss     | 0.177    |
|    ent_coef        | 0.00622  |
|    ent_coef_loss   | -0.317   |
|    learning_rate   | 0.0003   |
|    n_updates       | 2243400  |
---------------------------------
---------------------------------
| rollout/           |          |
|    ep_len_mean     | 45.1     |
|    ep_rew_mean     | -122     |
| time/              |          |
|    episodes        | 44240    |
|    fps             | 10       |
|    time_elapsed    | 14288    |
|    total_timesteps | 2253680  |
| train/             |          |
|    actor_loss      | 0.876    |
|    critic_loss     | 0.142    |
|    ent_coef        | 0.0062   |
|    ent_coef_loss   | 0.236    |
|    learning_rate   | 0.0003   |
|    n_updates       | 2243660  |
---------------------------------
---------------------------------
| rollout/           |          |
|    ep_len_mean     | 45.3     |
|    ep_rew_mean     | -125     |
| time/              |          |
|    episodes        | 44244    |
|    fps             | 10       |
|    time_elapsed    | 14301    |
|    total_timesteps | 2253890  |
| train/             |          |
|    actor_loss      | 1        |
|    critic_loss     | 0.335    |
|    ent_coef        | 0.00636  |
|    ent_coef_loss   | 0.118    |
|    learning_rate   | 0.0003   |
|    n_updates       | 2243870  |
---------------------------------
---------------------------------
| rollout/           |          |
|    ep_len_mean     | 45.5     |
|    ep_rew_mean     | -125     |
| time/              |          |
|    episodes        | 44248    |
|    fps             | 10       |
|    time_elapsed    | 14310    |
|    total_timesteps | 2253990  |
| train/             |          |
|    actor_loss      | 0.94     |
|    critic_loss     | 0.16     |
|    ent_coef        | 0.00644  |
|    ent_coef_loss   | 0.363    |
|    learning_rate   | 0.0003   |
|    n_updates       | 2243970  |
---------------------------------
---------------------------------
| rollout/           |          |
|    ep_len_mean     | 45.3     |
|    ep_rew_mean     | -124     |
| time/              |          |
|    episodes        | 44252    |
|    fps             | 10       |
|    time_elapsed    | 14330    |
|    total_timesteps | 2254220  |
| train/             |          |
|    actor_loss      | 1        |
|    critic_loss     | 0.215    |
|    ent_coef        | 0.00648  |
|    ent_coef_loss   | -0.126   |
|    learning_rate   | 0.0003   |
|    n_updates       | 2244200  |
---------------------------------
---------------------------------
| rollout/           |          |
|    ep_len_mean     | 45.7     |
|    ep_rew_mean     | -134     |
| time/              |          |
|    episodes        | 44256    |
|    fps             | 10       |
|    time_elapsed    | 14350    |
|    total_timesteps | 2254410  |
| train/             |          |
|    actor_loss      | 0.866    |
|    critic_loss     | 0.192    |
|    ent_coef        | 0.00646  |
|    ent_coef_loss   | -0.114   |
|    learning_rate   | 0.0003   |
|    n_updates       | 2244390  |
---------------------------------
---------------------------------
| rollout/           |          |
|    ep_len_mean     | 45.2     |
|    ep_rew_mean     | -139     |
| time/              |          |
|    episodes        | 44260    |
|    fps             | 10       |
|    time_elapsed    | 14360    |
|    total_timesteps | 2254540  |
| train/             |          |
|    actor_loss      | 1.02     |
|    critic_loss     | 0.242    |
|    ent_coef        | 0.00639  |
|    ent_coef_loss   | -0.338   |
|    learning_rate   | 0.0003   |
|    n_updates       | 2244520  |
---------------------------------
---------------------------------
| rollout/           |          |
|    ep_len_mean     | 45.4     |
|    ep_rew_mean     | -133     |
| time/              |          |
|    episodes        | 44264    |
|    fps             | 10       |
|    time_elapsed    | 14366    |
|    total_timesteps | 2254620  |
| train/             |          |
|    actor_loss      | 0.974    |
|    critic_loss     | 0.217    |
|    ent_coef        | 0.00631  |
|    ent_coef_loss   | -0.707   |
|    learning_rate   | 0.0003   |
|    n_updates       | 2244600  |
---------------------------------
---------------------------------
| rollout/           |          |
|    ep_len_mean     | 44.6     |
|    ep_rew_mean     | -134     |
| time/              |          |
|    episodes        | 44268    |
|    fps             | 10       |
|    time_elapsed    | 14385    |
|    total_timesteps | 2254830  |
| train/             |          |
|    actor_loss      | 0.964    |
|    critic_loss     | 0.166    |
|    ent_coef        | 0.00632  |
|    ent_coef_loss   | 0.311    |
|    learning_rate   | 0.0003   |
|    n_updates       | 2244810  |
---------------------------------
---------------------------------
| rollout/           |          |
|    ep_len_mean     | 44.7     |
|    ep_rew_mean     | -139     |
| time/              |          |
|    episodes        | 44272    |
|    fps             | 10       |
|    time_elapsed    | 14391    |
|    total_timesteps | 2254920  |
| train/             |          |
|    actor_loss      | 0.942    |
|    critic_loss     | 0.208    |
|    ent_coef        | 0.00643  |
|    ent_coef_loss   | 0.344    |
|    learning_rate   | 0.0003   |
|    n_updates       | 2244900  |
---------------------------------
---------------------------------
| rollout/           |          |
|    ep_len_mean     | 44.8     |
|    ep_rew_mean     | -136     |
| time/              |          |
|    episodes        | 44276    |
|    fps             | 10       |
|    time_elapsed    | 14395    |
|    total_timesteps | 2254970  |
| train/             |          |
|    actor_loss      | 1.03     |
|    critic_loss     | 0.225    |
|    ent_coef        | 0.00645  |
|    ent_coef_loss   | 0.245    |
|    learning_rate   | 0.0003   |
|    n_updates       | 2244950  |
---------------------------------
---------------------------------
| rollout/           |          |
|    ep_len_mean     | 44.4     |
|    ep_rew_mean     | -135     |
| time/              |          |
|    episodes        | 44280    |
|    fps             | 10       |
|    time_elapsed    | 14422    |
|    total_timesteps | 2255300  |
| train/             |          |
|    actor_loss      | 0.979    |
|    critic_loss     | 0.203    |
|    ent_coef        | 0.00644  |
|    ent_coef_loss   | -0.205   |
|    learning_rate   | 0.0003   |
|    n_updates       | 2245280  |
---------------------------------
---------------------------------
| rollout/           |          |
|    ep_len_mean     | 44.1     |
|    ep_rew_mean     | -135     |
| time/              |          |
|    episodes        | 44284    |
|    fps             | 10       |
|    time_elapsed    | 14431    |
|    total_timesteps | 2255410  |
| train/             |          |
|    actor_loss      | 0.905    |
|    critic_loss     | 0.169    |
|    ent_coef        | 0.00649  |
|    ent_coef_loss   | 0.063    |
|    learning_rate   | 0.0003   |
|    n_updates       | 2245390  |
---------------------------------
---------------------------------
| rollout/           |          |
|    ep_len_mean     | 44.1     |
|    ep_rew_mean     | -135     |
| time/              |          |
|    episodes        | 44288    |
|    fps             | 10       |
|    time_elapsed    | 14442    |
|    total_timesteps | 2255540  |
| train/             |          |
|    actor_loss      | 0.986    |
|    critic_loss     | 0.181    |
|    ent_coef        | 0.00639  |
|    ent_coef_loss   | -0.208   |
|    learning_rate   | 0.0003   |
|    n_updates       | 2245520  |
---------------------------------
---------------------------------
| rollout/           |          |
|    ep_len_mean     | 43.8     |
|    ep_rew_mean     | -142     |
| time/              |          |
|    episodes        | 44292    |
|    fps             | 10       |
|    time_elapsed    | 14451    |
|    total_timesteps | 2255680  |
| train/             |          |
|    actor_loss      | 0.993    |
|    critic_loss     | 0.324    |
|    ent_coef        | 0.00637  |
|    ent_coef_loss   | -0.0193  |
|    learning_rate   | 0.0003   |
|    n_updates       | 2245660  |
---------------------------------
---------------------------------
| rollout/           |          |
|    ep_len_mean     | 42.5     |
|    ep_rew_mean     | -155     |
| time/              |          |
|    episodes        | 44296    |
|    fps             | 10       |
|    time_elapsed    | 14462    |
|    total_timesteps | 2255800  |
| train/             |          |
|    actor_loss      | 0.91     |
|    critic_loss     | 0.186    |
|    ent_coef        | 0.00641  |
|    ent_coef_loss   | -0.481   |
|    learning_rate   | 0.0003   |
|    n_updates       | 2245780  |
---------------------------------
---------------------------------
| rollout/           |          |
|    ep_len_mean     | 42.3     |
|    ep_rew_mean     | -156     |
| time/              |          |
|    episodes        | 44300    |
|    fps             | 10       |
|    time_elapsed    | 14472    |
|    total_timesteps | 2255940  |
| train/             |          |
|    actor_loss      | 0.927    |
|    critic_loss     | 0.233    |
|    ent_coef        | 0.0065   |
|    ent_coef_loss   | -0.183   |
|    learning_rate   | 0.0003   |
|    n_updates       | 2245920  |
---------------------------------
---------------------------------
| rollout/           |          |
|    ep_len_mean     | 41.9     |
|    ep_rew_mean     | -156     |
| time/              |          |
|    episodes        | 44304    |
|    fps             | 10       |
|    time_elapsed    | 14480    |
|    total_timesteps | 2256050  |
| train/             |          |
|    actor_loss      | 1.06     |
|    critic_loss     | 0.18     |
|    ent_coef        | 0.00648  |
|    ent_coef_loss   | 0.737    |
|    learning_rate   | 0.0003   |
|    n_updates       | 2246030  |
---------------------------------
---------------------------------
| rollout/           |          |
|    ep_len_mean     | 41.7     |
|    ep_rew_mean     | -159     |
| time/              |          |
|    episodes        | 44308    |
|    fps             | 10       |
|    time_elapsed    | 14492    |
|    total_timesteps | 2256230  |
| train/             |          |
|    actor_loss      | 1.04     |
|    critic_loss     | 0.295    |
|    ent_coef        | 0.0065   |
|    ent_coef_loss   | 0.124    |
|    learning_rate   | 0.0003   |
|    n_updates       | 2246210  |
---------------------------------
---------------------------------
| rollout/           |          |
|    ep_len_mean     | 41.4     |
|    ep_rew_mean     | -168     |
| time/              |          |
|    episodes        | 44312    |
|    fps             | 10       |
|    time_elapsed    | 14503    |
|    total_timesteps | 2256410  |
| train/             |          |
|    actor_loss      | 0.941    |
|    critic_loss     | 0.162    |
|    ent_coef        | 0.00643  |
|    ent_coef_loss   | -0.279   |
|    learning_rate   | 0.0003   |
|    n_updates       | 2246390  |
---------------------------------
---------------------------------
| rollout/           |          |
|    ep_len_mean     | 41.5     |
|    ep_rew_mean     | -165     |
| time/              |          |
|    episodes        | 44316    |
|    fps             | 10       |
|    time_elapsed    | 14518    |
|    total_timesteps | 2256600  |
| train/             |          |
|    actor_loss      | 0.978    |
|    critic_loss     | 0.263    |
|    ent_coef        | 0.00632  |
|    ent_coef_loss   | -0.3     |
|    learning_rate   | 0.0003   |
|    n_updates       | 2246580  |
---------------------------------
---------------------------------
| rollout/           |          |
|    ep_len_mean     | 41.4     |
|    ep_rew_mean     | -168     |
| time/              |          |
|    episodes        | 44320    |
|    fps             | 10       |
|    time_elapsed    | 14534    |
|    total_timesteps | 2256780  |
| train/             |          |
|    actor_loss      | 0.974    |
|    critic_loss     | 0.171    |
|    ent_coef        | 0.00634  |
|    ent_coef_loss   | 0.19     |
|    learning_rate   | 0.0003   |
|    n_updates       | 2246760  |
---------------------------------
---------------------------------
| rollout/           |          |
|    ep_len_mean     | 41.7     |
|    ep_rew_mean     | -168     |
| time/              |          |
|    episodes        | 44324    |
|    fps             | 10       |
|    time_elapsed    | 14551    |
|    total_timesteps | 2256930  |
| train/             |          |
|    actor_loss      | 0.968    |
|    critic_loss     | 0.163    |
|    ent_coef        | 0.00633  |
|    ent_coef_loss   | -0.326   |
|    learning_rate   | 0.0003   |
|    n_updates       | 2246910  |
---------------------------------
---------------------------------
| rollout/           |          |
|    ep_len_mean     | 40.8     |
|    ep_rew_mean     | -169     |
| time/              |          |
|    episodes        | 44328    |
|    fps             | 10       |
|    time_elapsed    | 14565    |
|    total_timesteps | 2257150  |
| train/             |          |
|    actor_loss      | 0.98     |
|    critic_loss     | 0.177    |
|    ent_coef        | 0.00635  |
|    ent_coef_loss   | -0.0537  |
|    learning_rate   | 0.0003   |
|    n_updates       | 2247130  |
---------------------------------
---------------------------------
| rollout/           |          |
|    ep_len_mean     | 41       |
|    ep_rew_mean     | -168     |
| time/              |          |
|    episodes        | 44332    |
|    fps             | 10       |
|    time_elapsed    | 14573    |
|    total_timesteps | 2257250  |
| train/             |          |
|    actor_loss      | 0.989    |
|    critic_loss     | 0.174    |
|    ent_coef        | 0.00638  |
|    ent_coef_loss   | 0.0553   |
|    learning_rate   | 0.0003   |
|    n_updates       | 2247230  |
---------------------------------
---------------------------------
| rollout/           |          |
|    ep_len_mean     | 41.6     |
|    ep_rew_mean     | -163     |
| time/              |          |
|    episodes        | 44336    |
|    fps             | 10       |
|    time_elapsed    | 14592    |
|    total_timesteps | 2257510  |
| train/             |          |
|    actor_loss      | 1.02     |
|    critic_loss     | 0.269    |
|    ent_coef        | 0.0065   |
|    ent_coef_loss   | 0.129    |
|    learning_rate   | 0.0003   |
|    n_updates       | 2247490  |
---------------------------------
---------------------------------
| rollout/           |          |
|    ep_len_mean     | 40.8     |
|    ep_rew_mean     | -169     |
| time/              |          |
|    episodes        | 44340    |
|    fps             | 10       |
|    time_elapsed    | 14612    |
|    total_timesteps | 2257760  |
| train/             |          |
|    actor_loss      | 1.01     |
|    critic_loss     | 0.167    |
|    ent_coef        | 0.00657  |
|    ent_coef_loss   | 0.0736   |
|    learning_rate   | 0.0003   |
|    n_updates       | 2247740  |
---------------------------------
---------------------------------
| rollout/           |          |
|    ep_len_mean     | 40.8     |
|    ep_rew_mean     | -165     |
| time/              |          |
|    episodes        | 44344    |
|    fps             | 10       |
|    time_elapsed    | 14623    |
|    total_timesteps | 2257820  |
| train/             |          |
|    actor_loss      | 1.04     |
|    critic_loss     | 0.318    |
|    ent_coef        | 0.0066   |
|    ent_coef_loss   | 0.256    |
|    learning_rate   | 0.0003   |
|    n_updates       | 2247800  |
---------------------------------
---------------------------------
| rollout/           |          |
|    ep_len_mean     | 40.1     |
|    ep_rew_mean     | -173     |
| time/              |          |
|    episodes        | 44348    |
|    fps             | 10       |
|    time_elapsed    | 14645    |
|    total_timesteps | 2258100  |
| train/             |          |
|    actor_loss      | 1.09     |
|    critic_loss     | 0.225    |
|    ent_coef        | 0.00675  |
|    ent_coef_loss   | 0.249    |
|    learning_rate   | 0.0003   |
|    n_updates       | 2248080  |
---------------------------------
---------------------------------
| rollout/           |          |
|    ep_len_mean     | 41       |
|    ep_rew_mean     | -167     |
| time/              |          |
|    episodes        | 44352    |
|    fps             | 10       |
|    time_elapsed    | 14659    |
|    total_timesteps | 2258300  |
| train/             |          |
|    actor_loss      | 0.935    |
|    critic_loss     | 0.153    |
|    ent_coef        | 0.00668  |
|    ent_coef_loss   | 0.416    |
|    learning_rate   | 0.0003   |
|    n_updates       | 2248280  |
---------------------------------
---------------------------------
| rollout/           |          |
|    ep_len_mean     | 40.9     |
|    ep_rew_mean     | -167     |
| time/              |          |
|    episodes        | 44356    |
|    fps             | 10       |
|    time_elapsed    | 14679    |
|    total_timesteps | 2258570  |
| train/             |          |
|    actor_loss      | 1.04     |
|    critic_loss     | 0.206    |
|    ent_coef        | 0.00676  |
|    ent_coef_loss   | 0.167    |
|    learning_rate   | 0.0003   |
|    n_updates       | 2248550  |
---------------------------------
---------------------------------
| rollout/           |          |
|    ep_len_mean     | 41.8     |
|    ep_rew_mean     | -154     |
| time/              |          |
|    episodes        | 44360    |
|    fps             | 10       |
|    time_elapsed    | 14695    |
|    total_timesteps | 2258800  |
| train/             |          |
|    actor_loss      | 0.988    |
|    critic_loss     | 0.2      |
|    ent_coef        | 0.00676  |
|    ent_coef_loss   | -0.0288  |
|    learning_rate   | 0.0003   |
|    n_updates       | 2248780  |
---------------------------------
---------------------------------
| rollout/           |          |
|    ep_len_mean     | 42       |
|    ep_rew_mean     | -156     |
| time/              |          |
|    episodes        | 44364    |
|    fps             | 10       |
|    time_elapsed    | 14699    |
|    total_timesteps | 2258840  |
| train/             |          |
|    actor_loss      | 0.945    |
|    critic_loss     | 0.165    |
|    ent_coef        | 0.00676  |
|    ent_coef_loss   | -0.599   |
|    learning_rate   | 0.0003   |
|    n_updates       | 2248820  |
---------------------------------
---------------------------------
| rollout/           |          |
|    ep_len_mean     | 42.3     |
|    ep_rew_mean     | -157     |
| time/              |          |
|    episodes        | 44368    |
|    fps             | 10       |
|    time_elapsed    | 14711    |
|    total_timesteps | 2258960  |
| train/             |          |
|    actor_loss      | 0.966    |
|    critic_loss     | 0.178    |
|    ent_coef        | 0.00666  |
|    ent_coef_loss   | -0.372   |
|    learning_rate   | 0.0003   |
|    n_updates       | 2248940  |
---------------------------------
---------------------------------
| rollout/           |          |
|    ep_len_mean     | 42.4     |
|    ep_rew_mean     | -162     |
| time/              |          |
|    episodes        | 44372    |
|    fps             | 10       |
|    time_elapsed    | 14734    |
|    total_timesteps | 2259270  |
| train/             |          |
|    actor_loss      | 1.04     |
|    critic_loss     | 0.138    |
|    ent_coef        | 0.0065   |
|    ent_coef_loss   | -0.368   |
|    learning_rate   | 0.0003   |
|    n_updates       | 2249250  |
---------------------------------
---------------------------------
| rollout/           |          |
|    ep_len_mean     | 43.3     |
|    ep_rew_mean     | -152     |
| time/              |          |
|    episodes        | 44376    |
|    fps             | 10       |
|    time_elapsed    | 14745    |
|    total_timesteps | 2259420  |
| train/             |          |
|    actor_loss      | 0.983    |
|    critic_loss     | 0.188    |
|    ent_coef        | 0.00639  |
|    ent_coef_loss   | -0.374   |
|    learning_rate   | 0.0003   |
|    n_updates       | 2249400  |
---------------------------------
---------------------------------
| rollout/           |          |
|    ep_len_mean     | 43.4     |
|    ep_rew_mean     | -151     |
| time/              |          |
|    episodes        | 44380    |
|    fps             | 10       |
|    time_elapsed    | 14750    |
|    total_timesteps | 2259500  |
| train/             |          |
|    actor_loss      | 0.946    |
|    critic_loss     | 0.182    |
|    ent_coef        | 0.00632  |
|    ent_coef_loss   | -0.0952  |
|    learning_rate   | 0.0003   |
|    n_updates       | 2249480  |
---------------------------------
---------------------------------
| rollout/           |          |
|    ep_len_mean     | 44       |
|    ep_rew_mean     | -154     |
| time/              |          |
|    episodes        | 44384    |
|    fps             | 10       |
|    time_elapsed    | 14772    |
|    total_timesteps | 2259840  |
| train/             |          |
|    actor_loss      | 1.05     |
|    critic_loss     | 0.232    |
|    ent_coef        | 0.00635  |
|    ent_coef_loss   | 0.218    |
|    learning_rate   | 0.0003   |
|    n_updates       | 2249820  |
---------------------------------
---------------------------------
| rollout/           |          |
|    ep_len_mean     | 44.1     |
|    ep_rew_mean     | -143     |
| time/              |          |
|    episodes        | 44388    |
|    fps             | 10       |
|    time_elapsed    | 14786    |
|    total_timesteps | 2260010  |
| train/             |          |
|    actor_loss      | 0.95     |
|    critic_loss     | 0.241    |
|    ent_coef        | 0.00633  |
|    ent_coef_loss   | -0.397   |
|    learning_rate   | 0.0003   |
|    n_updates       | 2249990  |
---------------------------------
---------------------------------
| rollout/           |          |
|    ep_len_mean     | 44.3     |
|    ep_rew_mean     | -138     |
| time/              |          |
|    episodes        | 44392    |
|    fps             | 10       |
|    time_elapsed    | 14794    |
|    total_timesteps | 2260130  |
| train/             |          |
|    actor_loss      | 0.93     |
|    critic_loss     | 0.196    |
|    ent_coef        | 0.00636  |
|    ent_coef_loss   | -0.197   |
|    learning_rate   | 0.0003   |
|    n_updates       | 2250110  |
---------------------------------
---------------------------------
| rollout/           |          |
|    ep_len_mean     | 45.3     |
|    ep_rew_mean     | -137     |
| time/              |          |
|    episodes        | 44396    |
|    fps             | 10       |
|    time_elapsed    | 14811    |
|    total_timesteps | 2260400  |
| train/             |          |
|    actor_loss      | 0.924    |
|    critic_loss     | 0.187    |
|    ent_coef        | 0.00622  |
|    ent_coef_loss   | -0.0115  |
|    learning_rate   | 0.0003   |
|    n_updates       | 2250380  |
---------------------------------
---------------------------------
| rollout/           |          |
|    ep_len_mean     | 46.1     |
|    ep_rew_mean     | -125     |
| time/              |          |
|    episodes        | 44400    |
|    fps             | 10       |
|    time_elapsed    | 14828    |
|    total_timesteps | 2260540  |
| train/             |          |
|    actor_loss      | 0.988    |
|    critic_loss     | 0.2      |
|    ent_coef        | 0.00621  |
|    ent_coef_loss   | 0.141    |
|    learning_rate   | 0.0003   |
|    n_updates       | 2250520  |
---------------------------------
---------------------------------
| rollout/           |          |
|    ep_len_mean     | 46.2     |
|    ep_rew_mean     | -124     |
| time/              |          |
|    episodes        | 44404    |
|    fps             | 10       |
|    time_elapsed    | 14850    |
|    total_timesteps | 2260820  |
| train/             |          |
|    actor_loss      | 0.997    |
|    critic_loss     | 0.191    |
|    ent_coef        | 0.00624  |
|    ent_coef_loss   | -0.441   |
|    learning_rate   | 0.0003   |
|    n_updates       | 2250800  |
---------------------------------
---------------------------------
| rollout/           |          |
|    ep_len_mean     | 46.4     |
|    ep_rew_mean     | -119     |
| time/              |          |
|    episodes        | 44408    |
|    fps             | 10       |
|    time_elapsed    | 14861    |
|    total_timesteps | 2260970  |
| train/             |          |
|    actor_loss      | 0.914    |
|    critic_loss     | 0.213    |
|    ent_coef        | 0.00619  |
|    ent_coef_loss   | 0.212    |
|    learning_rate   | 0.0003   |
|    n_updates       | 2250950  |
---------------------------------
---------------------------------
| rollout/           |          |
|    ep_len_mean     | 47.3     |
|    ep_rew_mean     | -107     |
| time/              |          |
|    episodes        | 44412    |
|    fps             | 10       |
|    time_elapsed    | 14874    |
|    total_timesteps | 2261200  |
| train/             |          |
|    actor_loss      | 0.978    |
|    critic_loss     | 0.2      |
|    ent_coef        | 0.00621  |
|    ent_coef_loss   | 0.41     |
|    learning_rate   | 0.0003   |
|    n_updates       | 2251180  |
---------------------------------
---------------------------------
| rollout/           |          |
|    ep_len_mean     | 48       |
|    ep_rew_mean     | -100     |
| time/              |          |
|    episodes        | 44416    |
|    fps             | 10       |
|    time_elapsed    | 14890    |
|    total_timesteps | 2261440  |
| train/             |          |
|    actor_loss      | 0.994    |
|    critic_loss     | 0.159    |
|    ent_coef        | 0.00639  |
|    ent_coef_loss   | 0.117    |
|    learning_rate   | 0.0003   |
|    n_updates       | 2251420  |
---------------------------------
---------------------------------
| rollout/           |          |
|    ep_len_mean     | 48.7     |
|    ep_rew_mean     | -93.6    |
| time/              |          |
|    episodes        | 44420    |
|    fps             | 10       |
|    time_elapsed    | 14906    |
|    total_timesteps | 2261630  |
| train/             |          |
|    actor_loss      | 0.95     |
|    critic_loss     | 0.316    |
|    ent_coef        | 0.00645  |
|    ent_coef_loss   | -0.386   |
|    learning_rate   | 0.0003   |
|    n_updates       | 2251610  |
---------------------------------
---------------------------------
| rollout/           |          |
|    ep_len_mean     | 48.7     |
|    ep_rew_mean     | -92.8    |
| time/              |          |
|    episodes        | 44424    |
|    fps             | 10       |
|    time_elapsed    | 14918    |
|    total_timesteps | 2261810  |
| train/             |          |
|    actor_loss      | 0.94     |
|    critic_loss     | 0.28     |
|    ent_coef        | 0.0064   |
|    ent_coef_loss   | 0.176    |
|    learning_rate   | 0.0003   |
|    n_updates       | 2251790  |
---------------------------------
---------------------------------
| rollout/           |          |
|    ep_len_mean     | 48.8     |
|    ep_rew_mean     | -98.6    |
| time/              |          |
|    episodes        | 44428    |
|    fps             | 10       |
|    time_elapsed    | 14928    |
|    total_timesteps | 2261900  |
| train/             |          |
|    actor_loss      | 0.935    |
|    critic_loss     | 0.292    |
|    ent_coef        | 0.00637  |
|    ent_coef_loss   | 0.163    |
|    learning_rate   | 0.0003   |
|    n_updates       | 2251880  |
---------------------------------
---------------------------------
| rollout/           |          |
|    ep_len_mean     | 48.3     |
|    ep_rew_mean     | -104     |
| time/              |          |
|    episodes        | 44432    |
|    fps             | 10       |
|    time_elapsed    | 14966    |
|    total_timesteps | 2262260  |
| train/             |          |
|    actor_loss      | 0.923    |
|    critic_loss     | 0.202    |
|    ent_coef        | 0.00651  |
|    ent_coef_loss   | -0.228   |
|    learning_rate   | 0.0003   |
|    n_updates       | 2252240  |
---------------------------------
---------------------------------
| rollout/           |          |
|    ep_len_mean     | 48.9     |
|    ep_rew_mean     | -105     |
| time/              |          |
|    episodes        | 44436    |
|    fps             | 10       |
|    time_elapsed    | 14975    |
|    total_timesteps | 2262380  |
| train/             |          |
|    actor_loss      | 0.96     |
|    critic_loss     | 0.212    |
|    ent_coef        | 0.00643  |
|    ent_coef_loss   | 0.396    |
|    learning_rate   | 0.0003   |
|    n_updates       | 2252360  |
---------------------------------
---------------------------------
| rollout/           |          |
|    ep_len_mean     | 48.6     |
|    ep_rew_mean     | -110     |
| time/              |          |
|    episodes        | 44440    |
|    fps             | 10       |
|    time_elapsed    | 14996    |
|    total_timesteps | 2262590  |
| train/             |          |
|    actor_loss      | 0.987    |
|    critic_loss     | 0.162    |
|    ent_coef        | 0.00648  |
|    ent_coef_loss   | -0.611   |
|    learning_rate   | 0.0003   |
|    n_updates       | 2252570  |
---------------------------------
---------------------------------
| rollout/           |          |
|    ep_len_mean     | 48.4     |
|    ep_rew_mean     | -114     |
| time/              |          |
|    episodes        | 44444    |
|    fps             | 10       |
|    time_elapsed    | 15011    |
|    total_timesteps | 2262790  |
| train/             |          |
|    actor_loss      | 0.999    |
|    critic_loss     | 0.238    |
|    ent_coef        | 0.00641  |
|    ent_coef_loss   | 0.378    |
|    learning_rate   | 0.0003   |
|    n_updates       | 2252770  |
---------------------------------
---------------------------------
| rollout/           |          |
|    ep_len_mean     | 48.7     |
|    ep_rew_mean     | -106     |
| time/              |          |
|    episodes        | 44448    |
|    fps             | 10       |
|    time_elapsed    | 15030    |
|    total_timesteps | 2262980  |
| train/             |          |
|    actor_loss      | 0.907    |
|    critic_loss     | 0.256    |
|    ent_coef        | 0.00659  |
|    ent_coef_loss   | 0.171    |
|    learning_rate   | 0.0003   |
|    n_updates       | 2252960  |
---------------------------------
---------------------------------
| rollout/           |          |
|    ep_len_mean     | 48.1     |
|    ep_rew_mean     | -99.2    |
| time/              |          |
|    episodes        | 44452    |
|    fps             | 10       |
|    time_elapsed    | 15042    |
|    total_timesteps | 2263100  |
| train/             |          |
|    actor_loss      | 0.907    |
|    critic_loss     | 0.165    |
|    ent_coef        | 0.00654  |
|    ent_coef_loss   | 0.192    |
|    learning_rate   | 0.0003   |
|    n_updates       | 2253080  |
---------------------------------
---------------------------------
| rollout/           |          |
|    ep_len_mean     | 48.1     |
|    ep_rew_mean     | -103     |
| time/              |          |
|    episodes        | 44456    |
|    fps             | 10       |
|    time_elapsed    | 15059    |
|    total_timesteps | 2263320  |
| train/             |          |
|    actor_loss      | 0.992    |
|    critic_loss     | 0.209    |
|    ent_coef        | 0.00656  |
|    ent_coef_loss   | 0.19     |
|    learning_rate   | 0.0003   |
|    n_updates       | 2253300  |
---------------------------------
---------------------------------
| rollout/           |          |
|    ep_len_mean     | 47.5     |
|    ep_rew_mean     | -111     |
| time/              |          |
|    episodes        | 44460    |
|    fps             | 10       |
|    time_elapsed    | 15073    |
|    total_timesteps | 2263530  |
| train/             |          |
|    actor_loss      | 1.04     |
|    critic_loss     | 0.175    |
|    ent_coef        | 0.00648  |
|    ent_coef_loss   | -0.202   |
|    learning_rate   | 0.0003   |
|    n_updates       | 2253510  |
---------------------------------
---------------------------------
| rollout/           |          |
|    ep_len_mean     | 48       |
|    ep_rew_mean     | -115     |
| time/              |          |
|    episodes        | 44464    |
|    fps             | 10       |
|    time_elapsed    | 15083    |
|    total_timesteps | 2263660  |
| train/             |          |
|    actor_loss      | 0.865    |
|    critic_loss     | 0.202    |
|    ent_coef        | 0.00644  |
|    ent_coef_loss   | 0.0971   |
|    learning_rate   | 0.0003   |
|    n_updates       | 2253640  |
---------------------------------
---------------------------------
| rollout/           |          |
|    ep_len_mean     | 48.6     |
|    ep_rew_mean     | -110     |
| time/              |          |
|    episodes        | 44468    |
|    fps             | 10       |
|    time_elapsed    | 15098    |
|    total_timesteps | 2263870  |
| train/             |          |
|    actor_loss      | 1.05     |
|    critic_loss     | 0.217    |
|    ent_coef        | 0.00649  |
|    ent_coef_loss   | 0.0996   |
|    learning_rate   | 0.0003   |
|    n_updates       | 2253850  |
---------------------------------
---------------------------------
| rollout/           |          |
|    ep_len_mean     | 48.7     |
|    ep_rew_mean     | -99.8    |
| time/              |          |
|    episodes        | 44472    |
|    fps             | 10       |
|    time_elapsed    | 15118    |
|    total_timesteps | 2264120  |
| train/             |          |
|    actor_loss      | 0.851    |
|    critic_loss     | 0.178    |
|    ent_coef        | 0.00648  |
|    ent_coef_loss   | 0.0149   |
|    learning_rate   | 0.0003   |
|    n_updates       | 2254100  |
---------------------------------
---------------------------------
| rollout/           |          |
|    ep_len_mean     | 48.5     |
|    ep_rew_mean     | -108     |
| time/              |          |
|    episodes        | 44476    |
|    fps             | 10       |
|    time_elapsed    | 15128    |
|    total_timesteps | 2264280  |
| train/             |          |
|    actor_loss      | 1.01     |
|    critic_loss     | 0.264    |
|    ent_coef        | 0.00652  |
|    ent_coef_loss   | 0.0611   |
|    learning_rate   | 0.0003   |
|    n_updates       | 2254260  |
---------------------------------
---------------------------------
| rollout/           |          |
|    ep_len_mean     | 48.8     |
|    ep_rew_mean     | -113     |
| time/              |          |
|    episodes        | 44480    |
|    fps             | 10       |
|    time_elapsed    | 15141    |
|    total_timesteps | 2264460  |
| train/             |          |
|    actor_loss      | 0.937    |
|    critic_loss     | 0.22     |
|    ent_coef        | 0.00653  |
|    ent_coef_loss   | 0.403    |
|    learning_rate   | 0.0003   |
|    n_updates       | 2254440  |
---------------------------------
---------------------------------
| rollout/           |          |
|    ep_len_mean     | 49.2     |
|    ep_rew_mean     | -106     |
| time/              |          |
|    episodes        | 44484    |
|    fps             | 10       |
|    time_elapsed    | 15163    |
|    total_timesteps | 2264780  |
| train/             |          |
|    actor_loss      | 0.972    |
|    critic_loss     | 0.206    |
|    ent_coef        | 0.00667  |
|    ent_coef_loss   | 0.435    |
|    learning_rate   | 0.0003   |
|    n_updates       | 2254760  |
---------------------------------
---------------------------------
| rollout/           |          |
|    ep_len_mean     | 49.3     |
|    ep_rew_mean     | -115     |
| time/              |          |
|    episodes        | 44488    |
|    fps             | 10       |
|    time_elapsed    | 15175    |
|    total_timesteps | 2264920  |
| train/             |          |
|    actor_loss      | 0.992    |
|    critic_loss     | 0.288    |
|    ent_coef        | 0.00674  |
|    ent_coef_loss   | -0.208   |
|    learning_rate   | 0.0003   |
|    n_updates       | 2254900  |
---------------------------------
---------------------------------
| rollout/           |          |
|    ep_len_mean     | 49.2     |
|    ep_rew_mean     | -120     |
| time/              |          |
|    episodes        | 44492    |
|    fps             | 10       |
|    time_elapsed    | 15185    |
|    total_timesteps | 2265070  |
| train/             |          |
|    actor_loss      | 0.908    |
|    critic_loss     | 0.158    |
|    ent_coef        | 0.00674  |
|    ent_coef_loss   | 0.143    |
|    learning_rate   | 0.0003   |
|    n_updates       | 2255050  |
---------------------------------
---------------------------------
| rollout/           |          |
|    ep_len_mean     | 49.8     |
|    ep_rew_mean     | -116     |
| time/              |          |
|    episodes        | 44496    |
|    fps             | 10       |
|    time_elapsed    | 15234    |
|    total_timesteps | 2265400  |
| train/             |          |
|    actor_loss      | 0.96     |
|    critic_loss     | 0.25     |
|    ent_coef        | 0.00671  |
|    ent_coef_loss   | -0.0125  |
|    learning_rate   | 0.0003   |
|    n_updates       | 2255380  |
---------------------------------
---------------------------------
| rollout/           |          |
|    ep_len_mean     | 49.9     |
|    ep_rew_mean     | -120     |
| time/              |          |
|    episodes        | 44500    |
|    fps             | 10       |
|    time_elapsed    | 15249    |
|    total_timesteps | 2265550  |
| train/             |          |
|    actor_loss      | 1.05     |
|    critic_loss     | 0.181    |
|    ent_coef        | 0.00678  |
|    ent_coef_loss   | 0.443    |
|    learning_rate   | 0.0003   |
|    n_updates       | 2255530  |
---------------------------------
---------------------------------
| rollout/           |          |
|    ep_len_mean     | 50       |
|    ep_rew_mean     | -117     |
| time/              |          |
|    episodes        | 44504    |
|    fps             | 10       |
|    time_elapsed    | 15269    |
|    total_timesteps | 2265730  |
| train/             |          |
|    actor_loss      | 0.98     |
|    critic_loss     | 0.17     |
|    ent_coef        | 0.00679  |
|    ent_coef_loss   | -0.254   |
|    learning_rate   | 0.0003   |
|    n_updates       | 2255710  |
---------------------------------
---------------------------------
| rollout/           |          |
|    ep_len_mean     | 50.4     |
|    ep_rew_mean     | -114     |
| time/              |          |
|    episodes        | 44508    |
|    fps             | 10       |
|    time_elapsed    | 15289    |
|    total_timesteps | 2266010  |
| train/             |          |
|    actor_loss      | 1.09     |
|    critic_loss     | 0.305    |
|    ent_coef        | 0.00666  |
|    ent_coef_loss   | 0.154    |
|    learning_rate   | 0.0003   |
|    n_updates       | 2255990  |
---------------------------------
---------------------------------
| rollout/           |          |
|    ep_len_mean     | 50       |
|    ep_rew_mean     | -116     |
| time/              |          |
|    episodes        | 44512    |
|    fps             | 10       |
|    time_elapsed    | 15300    |
|    total_timesteps | 2266160  |
| train/             |          |
|    actor_loss      | 1.04     |
|    critic_loss     | 0.281    |
|    ent_coef        | 0.00674  |
|    ent_coef_loss   | 0.741    |
|    learning_rate   | 0.0003   |
|    n_updates       | 2256140  |
---------------------------------
---------------------------------
| rollout/           |          |
|    ep_len_mean     | 49.3     |
|    ep_rew_mean     | -123     |
| time/              |          |
|    episodes        | 44516    |
|    fps             | 10       |
|    time_elapsed    | 15324    |
|    total_timesteps | 2266390  |
| train/             |          |
|    actor_loss      | 1.04     |
|    critic_loss     | 0.257    |
|    ent_coef        | 0.00679  |
|    ent_coef_loss   | -0.118   |
|    learning_rate   | 0.0003   |
|    n_updates       | 2256370  |
---------------------------------
---------------------------------
| rollout/           |          |
|    ep_len_mean     | 49       |
|    ep_rew_mean     | -131     |
| time/              |          |
|    episodes        | 44520    |
|    fps             | 10       |
|    time_elapsed    | 15343    |
|    total_timesteps | 2266550  |
| train/             |          |
|    actor_loss      | 1.06     |
|    critic_loss     | 0.189    |
|    ent_coef        | 0.00671  |
|    ent_coef_loss   | 0.324    |
|    learning_rate   | 0.0003   |
|    n_updates       | 2256530  |
---------------------------------
---------------------------------
| rollout/           |          |
|    ep_len_mean     | 48.9     |
|    ep_rew_mean     | -127     |
| time/              |          |
|    episodes        | 44524    |
|    fps             | 10       |
|    time_elapsed    | 15355    |
|    total_timesteps | 2266710  |
| train/             |          |
|    actor_loss      | 1.03     |
|    critic_loss     | 0.174    |
|    ent_coef        | 0.0067   |
|    ent_coef_loss   | -0.142   |
|    learning_rate   | 0.0003   |
|    n_updates       | 2256690  |
---------------------------------
---------------------------------
| rollout/           |          |
|    ep_len_mean     | 48.5     |
|    ep_rew_mean     | -127     |
| time/              |          |
|    episodes        | 44528    |
|    fps             | 10       |
|    time_elapsed    | 15360    |
|    total_timesteps | 2266750  |
| train/             |          |
|    actor_loss      | 1.09     |
|    critic_loss     | 0.253    |
|    ent_coef        | 0.00667  |
|    ent_coef_loss   | -0.491   |
|    learning_rate   | 0.0003   |
|    n_updates       | 2256730  |
---------------------------------
---------------------------------
| rollout/           |          |
|    ep_len_mean     | 48.3     |
|    ep_rew_mean     | -127     |
| time/              |          |
|    episodes        | 44532    |
|    fps             | 10       |
|    time_elapsed    | 15385    |
|    total_timesteps | 2266940  |
| train/             |          |
|    actor_loss      | 0.927    |
|    critic_loss     | 0.202    |
|    ent_coef        | 0.00656  |
|    ent_coef_loss   | 0.0531   |
|    learning_rate   | 0.0003   |
|    n_updates       | 2256920  |
---------------------------------
---------------------------------
| rollout/           |          |
|    ep_len_mean     | 47.5     |
|    ep_rew_mean     | -129     |
| time/              |          |
|    episodes        | 44536    |
|    fps             | 10       |
|    time_elapsed    | 15414    |
|    total_timesteps | 2267280  |
| train/             |          |
|    actor_loss      | 1.06     |
|    critic_loss     | 0.19     |
|    ent_coef        | 0.00642  |
|    ent_coef_loss   | -0.197   |
|    learning_rate   | 0.0003   |
|    n_updates       | 2257260  |
---------------------------------
---------------------------------
| rollout/           |          |
|    ep_len_mean     | 48.5     |
|    ep_rew_mean     | -120     |
| time/              |          |
|    episodes        | 44540    |
|    fps             | 10       |
|    time_elapsed    | 15426    |
|    total_timesteps | 2267380  |
| train/             |          |
|    actor_loss      | 0.939    |
|    critic_loss     | 0.155    |
|    ent_coef        | 0.0063   |
|    ent_coef_loss   | -0.076   |
|    learning_rate   | 0.0003   |
|    n_updates       | 2257360  |
---------------------------------
---------------------------------
| rollout/           |          |
|    ep_len_mean     | 47.4     |
|    ep_rew_mean     | -127     |
| time/              |          |
|    episodes        | 44544    |
|    fps             | 10       |
|    time_elapsed    | 15440    |
|    total_timesteps | 2267530  |
| train/             |          |
|    actor_loss      | 1.05     |
|    critic_loss     | 0.166    |
|    ent_coef        | 0.00626  |
|    ent_coef_loss   | -0.0295  |
|    learning_rate   | 0.0003   |
|    n_updates       | 2257510  |
---------------------------------
---------------------------------
| rollout/           |          |
|    ep_len_mean     | 47       |
|    ep_rew_mean     | -130     |
| time/              |          |
|    episodes        | 44548    |
|    fps             | 10       |
|    time_elapsed    | 15450    |
|    total_timesteps | 2267630  |
| train/             |          |
|    actor_loss      | 1.04     |
|    critic_loss     | 0.203    |
|    ent_coef        | 0.00623  |
|    ent_coef_loss   | -0.152   |
|    learning_rate   | 0.0003   |
|    n_updates       | 2257610  |
---------------------------------
---------------------------------
| rollout/           |          |
|    ep_len_mean     | 47       |
|    ep_rew_mean     | -139     |
| time/              |          |
|    episodes        | 44552    |
|    fps             | 10       |
|    time_elapsed    | 15465    |
|    total_timesteps | 2267820  |
| train/             |          |
|    actor_loss      | 1.01     |
|    critic_loss     | 0.205    |
|    ent_coef        | 0.00637  |
|    ent_coef_loss   | 0.382    |
|    learning_rate   | 0.0003   |
|    n_updates       | 2257800  |
---------------------------------
---------------------------------
| rollout/           |          |
|    ep_len_mean     | 46.7     |
|    ep_rew_mean     | -139     |
| time/              |          |
|    episodes        | 44556    |
|    fps             | 10       |
|    time_elapsed    | 15482    |
|    total_timesteps | 2268010  |
| train/             |          |
|    actor_loss      | 0.982    |
|    critic_loss     | 0.17     |
|    ent_coef        | 0.00638  |
|    ent_coef_loss   | 0.386    |
|    learning_rate   | 0.0003   |
|    n_updates       | 2257990  |
---------------------------------
---------------------------------
| rollout/           |          |
|    ep_len_mean     | 46.7     |
|    ep_rew_mean     | -134     |
| time/              |          |
|    episodes        | 44560    |
|    fps             | 10       |
|    time_elapsed    | 15494    |
|    total_timesteps | 2268140  |
| train/             |          |
|    actor_loss      | 1.01     |
|    critic_loss     | 0.256    |
|    ent_coef        | 0.00638  |
|    ent_coef_loss   | 0.111    |
|    learning_rate   | 0.0003   |
|    n_updates       | 2258120  |
---------------------------------
---------------------------------
| rollout/           |          |
|    ep_len_mean     | 46.2     |
|    ep_rew_mean     | -129     |
| time/              |          |
|    episodes        | 44564    |
|    fps             | 10       |
|    time_elapsed    | 15505    |
|    total_timesteps | 2268220  |
| train/             |          |
|    actor_loss      | 0.949    |
|    critic_loss     | 0.259    |
|    ent_coef        | 0.00639  |
|    ent_coef_loss   | 0.165    |
|    learning_rate   | 0.0003   |
|    n_updates       | 2258200  |
---------------------------------
---------------------------------
| rollout/           |          |
|    ep_len_mean     | 46       |
|    ep_rew_mean     | -131     |
| time/              |          |
|    episodes        | 44568    |
|    fps             | 10       |
|    time_elapsed    | 15538    |
|    total_timesteps | 2268530  |
| train/             |          |
|    actor_loss      | 0.984    |
|    critic_loss     | 0.257    |
|    ent_coef        | 0.00645  |
|    ent_coef_loss   | 0.0485   |
|    learning_rate   | 0.0003   |
|    n_updates       | 2258510  |
---------------------------------
---------------------------------
| rollout/           |          |
|    ep_len_mean     | 46.3     |
|    ep_rew_mean     | -127     |
| time/              |          |
|    episodes        | 44572    |
|    fps             | 10       |
|    time_elapsed    | 15557    |
|    total_timesteps | 2268780  |
| train/             |          |
|    actor_loss      | 0.981    |
|    critic_loss     | 0.212    |
|    ent_coef        | 0.00635  |
|    ent_coef_loss   | -0.343   |
|    learning_rate   | 0.0003   |
|    n_updates       | 2258760  |
---------------------------------
---------------------------------
| rollout/           |          |
|    ep_len_mean     | 46.7     |
|    ep_rew_mean     | -120     |
| time/              |          |
|    episodes        | 44576    |
|    fps             | 10       |
|    time_elapsed    | 15574    |
|    total_timesteps | 2268930  |
| train/             |          |
|    actor_loss      | 1.04     |
|    critic_loss     | 0.195    |
|    ent_coef        | 0.00622  |
|    ent_coef_loss   | 0.124    |
|    learning_rate   | 0.0003   |
|    n_updates       | 2258910  |
---------------------------------
---------------------------------
| rollout/           |          |
|    ep_len_mean     | 47.1     |
|    ep_rew_mean     | -112     |
| time/              |          |
|    episodes        | 44580    |
|    fps             | 10       |
|    time_elapsed    | 15608    |
|    total_timesteps | 2269200  |
| train/             |          |
|    actor_loss      | 0.947    |
|    critic_loss     | 0.133    |
|    ent_coef        | 0.00622  |
|    ent_coef_loss   | 0.491    |
|    learning_rate   | 0.0003   |
|    n_updates       | 2259180  |
---------------------------------
---------------------------------
| rollout/           |          |
|    ep_len_mean     | 46.6     |
|    ep_rew_mean     | -116     |
| time/              |          |
|    episodes        | 44584    |
|    fps             | 10       |
|    time_elapsed    | 15620    |
|    total_timesteps | 2269330  |
| train/             |          |
|    actor_loss      | 0.999    |
|    critic_loss     | 0.173    |
|    ent_coef        | 0.00631  |
|    ent_coef_loss   | 0.276    |
|    learning_rate   | 0.0003   |
|    n_updates       | 2259310  |
---------------------------------
---------------------------------
| rollout/           |          |
|    ep_len_mean     | 45.8     |
|    ep_rew_mean     | -117     |
| time/              |          |
|    episodes        | 44588    |
|    fps             | 10       |
|    time_elapsed    | 15641    |
|    total_timesteps | 2269490  |
| train/             |          |
|    actor_loss      | 1.01     |
|    critic_loss     | 0.206    |
|    ent_coef        | 0.00628  |
|    ent_coef_loss   | -0.459   |
|    learning_rate   | 0.0003   |
|    n_updates       | 2259470  |
---------------------------------
---------------------------------
| rollout/           |          |
|    ep_len_mean     | 46.2     |
|    ep_rew_mean     | -118     |
| time/              |          |
|    episodes        | 44592    |
|    fps             | 10       |
|    time_elapsed    | 15667    |
|    total_timesteps | 2269750  |
| train/             |          |
|    actor_loss      | 0.939    |
|    critic_loss     | 0.285    |
|    ent_coef        | 0.00632  |
|    ent_coef_loss   | -0.368   |
|    learning_rate   | 0.0003   |
|    n_updates       | 2259730  |
---------------------------------
---------------------------------
| rollout/           |          |
|    ep_len_mean     | 46.3     |
|    ep_rew_mean     | -110     |
| time/              |          |
|    episodes        | 44596    |
|    fps             | 10       |
|    time_elapsed    | 15694    |
|    total_timesteps | 2269980  |
| train/             |          |
|    actor_loss      | 0.98     |
|    critic_loss     | 0.16     |
|    ent_coef        | 0.00636  |
|    ent_coef_loss   | 0.303    |
|    learning_rate   | 0.0003   |
|    n_updates       | 2259960  |
---------------------------------
---------------------------------
| rollout/           |          |
|    ep_len_mean     | 45.7     |
|    ep_rew_mean     | -114     |
| time/              |          |
|    episodes        | 44600    |
|    fps             | 10       |
|    time_elapsed    | 15708    |
|    total_timesteps | 2270140  |
| train/             |          |
|    actor_loss      | 1        |
|    critic_loss     | 0.271    |
|    ent_coef        | 0.00645  |
|    ent_coef_loss   | 0.126    |
|    learning_rate   | 0.0003   |
|    n_updates       | 2260120  |
---------------------------------
---------------------------------
| rollout/           |          |
|    ep_len_mean     | 46       |
|    ep_rew_mean     | -113     |
| time/              |          |
|    episodes        | 44604    |
|    fps             | 10       |
|    time_elapsed    | 15720    |
|    total_timesteps | 2270300  |
| train/             |          |
|    actor_loss      | 1.02     |
|    critic_loss     | 0.329    |
|    ent_coef        | 0.00645  |
|    ent_coef_loss   | 0.126    |
|    learning_rate   | 0.0003   |
|    n_updates       | 2260280  |
---------------------------------
---------------------------------
| rollout/           |          |
|    ep_len_mean     | 45.6     |
|    ep_rew_mean     | -118     |
| time/              |          |
|    episodes        | 44608    |
|    fps             | 10       |
|    time_elapsed    | 15742    |
|    total_timesteps | 2270570  |
| train/             |          |
|    actor_loss      | 0.984    |
|    critic_loss     | 0.231    |
|    ent_coef        | 0.00635  |
|    ent_coef_loss   | -0.1     |
|    learning_rate   | 0.0003   |
|    n_updates       | 2260550  |
---------------------------------
---------------------------------
| rollout/           |          |
|    ep_len_mean     | 45.3     |
|    ep_rew_mean     | -119     |
| time/              |          |
|    episodes        | 44612    |
|    fps             | 10       |
|    time_elapsed    | 15765    |
|    total_timesteps | 2270830  |
| train/             |          |
|    actor_loss      | 1.08     |
|    critic_loss     | 0.169    |
|    ent_coef        | 0.00639  |
|    ent_coef_loss   | -0.329   |
|    learning_rate   | 0.0003   |
|    n_updates       | 2260810  |
---------------------------------
---------------------------------
| rollout/           |          |
|    ep_len_mean     | 46.2     |
|    ep_rew_mean     | -115     |
| time/              |          |
|    episodes        | 44616    |
|    fps             | 10       |
|    time_elapsed    | 15775    |
|    total_timesteps | 2270920  |
| train/             |          |
|    actor_loss      | 0.996    |
|    critic_loss     | 0.207    |
|    ent_coef        | 0.00637  |
|    ent_coef_loss   | -0.417   |
|    learning_rate   | 0.0003   |
|    n_updates       | 2260900  |
---------------------------------
---------------------------------
| rollout/           |          |
|    ep_len_mean     | 45.7     |
|    ep_rew_mean     | -115     |
| time/              |          |
|    episodes        | 44620    |
|    fps             | 10       |
|    time_elapsed    | 15782    |
|    total_timesteps | 2271030  |
| train/             |          |
|    actor_loss      | 1.01     |
|    critic_loss     | 0.195    |
|    ent_coef        | 0.00627  |
|    ent_coef_loss   | -0.154   |
|    learning_rate   | 0.0003   |
|    n_updates       | 2261010  |
---------------------------------
---------------------------------
| rollout/           |          |
|    ep_len_mean     | 45.5     |
|    ep_rew_mean     | -119     |
| time/              |          |
|    episodes        | 44624    |
|    fps             | 10       |
|    time_elapsed    | 15807    |
|    total_timesteps | 2271350  |
| train/             |          |
|    actor_loss      | 0.982    |
|    critic_loss     | 0.187    |
|    ent_coef        | 0.00643  |
|    ent_coef_loss   | 0.194    |
|    learning_rate   | 0.0003   |
|    n_updates       | 2261330  |
---------------------------------
---------------------------------
| rollout/           |          |
|    ep_len_mean     | 46.2     |
|    ep_rew_mean     | -115     |
| time/              |          |
|    episodes        | 44628    |
|    fps             | 10       |
|    time_elapsed    | 15822    |
|    total_timesteps | 2271540  |
| train/             |          |
|    actor_loss      | 1.05     |
|    critic_loss     | 0.171    |
|    ent_coef        | 0.00638  |
|    ent_coef_loss   | -0.395   |
|    learning_rate   | 0.0003   |
|    n_updates       | 2261520  |
---------------------------------
---------------------------------
| rollout/           |          |
|    ep_len_mean     | 47.1     |
|    ep_rew_mean     | -109     |
| time/              |          |
|    episodes        | 44632    |
|    fps             | 10       |
|    time_elapsed    | 15830    |
|    total_timesteps | 2271650  |
| train/             |          |
|    actor_loss      | 0.965    |
|    critic_loss     | 0.146    |
|    ent_coef        | 0.00632  |
|    ent_coef_loss   | -0.217   |
|    learning_rate   | 0.0003   |
|    n_updates       | 2261630  |
---------------------------------
---------------------------------
| rollout/           |          |
|    ep_len_mean     | 46.4     |
|    ep_rew_mean     | -117     |
| time/              |          |
|    episodes        | 44636    |
|    fps             | 10       |
|    time_elapsed    | 15849    |
|    total_timesteps | 2271870  |
| train/             |          |
|    actor_loss      | 0.932    |
|    critic_loss     | 0.143    |
|    ent_coef        | 0.0063   |
|    ent_coef_loss   | 0.315    |
|    learning_rate   | 0.0003   |
|    n_updates       | 2261850  |
---------------------------------
---------------------------------
| rollout/           |          |
|    ep_len_mean     | 46.1     |
|    ep_rew_mean     | -119     |
| time/              |          |
|    episodes        | 44640    |
|    fps             | 10       |
|    time_elapsed    | 15862    |
|    total_timesteps | 2272040  |
| train/             |          |
|    actor_loss      | 1.03     |
|    critic_loss     | 0.232    |
|    ent_coef        | 0.00632  |
|    ent_coef_loss   | 0.0605   |
|    learning_rate   | 0.0003   |
|    n_updates       | 2262020  |
---------------------------------
---------------------------------
| rollout/           |          |
|    ep_len_mean     | 46.9     |
|    ep_rew_mean     | -116     |
| time/              |          |
|    episodes        | 44644    |
|    fps             | 10       |
|    time_elapsed    | 15873    |
|    total_timesteps | 2272180  |
| train/             |          |
|    actor_loss      | 0.923    |
|    critic_loss     | 0.126    |
|    ent_coef        | 0.00637  |
|    ent_coef_loss   | 0.251    |
|    learning_rate   | 0.0003   |
|    n_updates       | 2262160  |
---------------------------------
---------------------------------
| rollout/           |          |
|    ep_len_mean     | 47.7     |
|    ep_rew_mean     | -113     |
| time/              |          |
|    episodes        | 44648    |
|    fps             | 10       |
|    time_elapsed    | 15891    |
|    total_timesteps | 2272430  |
| train/             |          |
|    actor_loss      | 0.933    |
|    critic_loss     | 0.21     |
|    ent_coef        | 0.00639  |
|    ent_coef_loss   | -0.0416  |
|    learning_rate   | 0.0003   |
|    n_updates       | 2262410  |
---------------------------------
---------------------------------
| rollout/           |          |
|    ep_len_mean     | 47.7     |
|    ep_rew_mean     | -109     |
| time/              |          |
|    episodes        | 44652    |
|    fps             | 10       |
|    time_elapsed    | 15906    |
|    total_timesteps | 2272630  |
| train/             |          |
|    actor_loss      | 0.949    |
|    critic_loss     | 0.147    |
|    ent_coef        | 0.00639  |
|    ent_coef_loss   | -0.081   |
|    learning_rate   | 0.0003   |
|    n_updates       | 2262610  |
---------------------------------
---------------------------------
| rollout/           |          |
|    ep_len_mean     | 47.8     |
|    ep_rew_mean     | -109     |
| time/              |          |
|    episodes        | 44656    |
|    fps             | 10       |
|    time_elapsed    | 15912    |
|    total_timesteps | 2272700  |
| train/             |          |
|    actor_loss      | 0.981    |
|    critic_loss     | 0.261    |
|    ent_coef        | 0.00639  |
|    ent_coef_loss   | 0.124    |
|    learning_rate   | 0.0003   |
|    n_updates       | 2262680  |
---------------------------------
---------------------------------
| rollout/           |          |
|    ep_len_mean     | 47.8     |
|    ep_rew_mean     | -113     |
| time/              |          |
|    episodes        | 44660    |
|    fps             | 10       |
|    time_elapsed    | 15925    |
|    total_timesteps | 2272910  |
| train/             |          |
|    actor_loss      | 0.924    |
|    critic_loss     | 0.199    |
|    ent_coef        | 0.00638  |
|    ent_coef_loss   | 0.44     |
|    learning_rate   | 0.0003   |
|    n_updates       | 2262890  |
---------------------------------
---------------------------------
| rollout/           |          |
|    ep_len_mean     | 47.9     |
|    ep_rew_mean     | -114     |
| time/              |          |
|    episodes        | 44664    |
|    fps             | 10       |
|    time_elapsed    | 15947    |
|    total_timesteps | 2273260  |
| train/             |          |
|    actor_loss      | 0.987    |
|    critic_loss     | 0.212    |
|    ent_coef        | 0.00647  |
|    ent_coef_loss   | -0.239   |
|    learning_rate   | 0.0003   |
|    n_updates       | 2263240  |
---------------------------------
---------------------------------
| rollout/           |          |
|    ep_len_mean     | 48       |
|    ep_rew_mean     | -114     |
| time/              |          |
|    episodes        | 44668    |
|    fps             | 10       |
|    time_elapsed    | 15950    |
|    total_timesteps | 2273280  |
| train/             |          |
|    actor_loss      | 0.935    |
|    critic_loss     | 0.135    |
|    ent_coef        | 0.00646  |
|    ent_coef_loss   | -0.397   |
|    learning_rate   | 0.0003   |
|    n_updates       | 2263260  |
---------------------------------
---------------------------------
| rollout/           |          |
|    ep_len_mean     | 47.8     |
|    ep_rew_mean     | -120     |
| time/              |          |
|    episodes        | 44672    |
|    fps             | 10       |
|    time_elapsed    | 15967    |
|    total_timesteps | 2273460  |
| train/             |          |
|    actor_loss      | 0.964    |
|    critic_loss     | 0.178    |
|    ent_coef        | 0.00632  |
|    ent_coef_loss   | -0.057   |
|    learning_rate   | 0.0003   |
|    n_updates       | 2263440  |
---------------------------------
---------------------------------
| rollout/           |          |
|    ep_len_mean     | 46.9     |
|    ep_rew_mean     | -131     |
| time/              |          |
|    episodes        | 44676    |
|    fps             | 10       |
|    time_elapsed    | 15978    |
|    total_timesteps | 2273640  |
| train/             |          |
|    actor_loss      | 1.03     |
|    critic_loss     | 0.164    |
|    ent_coef        | 0.00631  |
|    ent_coef_loss   | 0.469    |
|    learning_rate   | 0.0003   |
|    n_updates       | 2263620  |
---------------------------------
---------------------------------
| rollout/           |          |
|    ep_len_mean     | 46.7     |
|    ep_rew_mean     | -143     |
| time/              |          |
|    episodes        | 44680    |
|    fps             | 10       |
|    time_elapsed    | 15998    |
|    total_timesteps | 2273890  |
| train/             |          |
|    actor_loss      | 1.01     |
|    critic_loss     | 0.218    |
|    ent_coef        | 0.00626  |
|    ent_coef_loss   | -0.356   |
|    learning_rate   | 0.0003   |
|    n_updates       | 2263870  |
---------------------------------
---------------------------------
| rollout/           |          |
|    ep_len_mean     | 46.7     |
|    ep_rew_mean     | -139     |
| time/              |          |
|    episodes        | 44684    |
|    fps             | 10       |
|    time_elapsed    | 16012    |
|    total_timesteps | 2274010  |
| train/             |          |
|    actor_loss      | 0.941    |
|    critic_loss     | 0.175    |
|    ent_coef        | 0.0062   |
|    ent_coef_loss   | 0.277    |
|    learning_rate   | 0.0003   |
|    n_updates       | 2263990  |
---------------------------------
---------------------------------
| rollout/           |          |
|    ep_len_mean     | 46.8     |
|    ep_rew_mean     | -141     |
| time/              |          |
|    episodes        | 44688    |
|    fps             | 10       |
|    time_elapsed    | 16021    |
|    total_timesteps | 2274150  |
| train/             |          |
|    actor_loss      | 1.04     |
|    critic_loss     | 0.209    |
|    ent_coef        | 0.00625  |
|    ent_coef_loss   | 0.308    |
|    learning_rate   | 0.0003   |
|    n_updates       | 2264130  |
---------------------------------
---------------------------------
| rollout/           |          |
|    ep_len_mean     | 46.4     |
|    ep_rew_mean     | -135     |
| time/              |          |
|    episodes        | 44692    |
|    fps             | 10       |
|    time_elapsed    | 16038    |
|    total_timesteps | 2274440  |
| train/             |          |
|    actor_loss      | 1.01     |
|    critic_loss     | 0.182    |
|    ent_coef        | 0.00624  |
|    ent_coef_loss   | -0.42    |
|    learning_rate   | 0.0003   |
|    n_updates       | 2264420  |
---------------------------------
---------------------------------
| rollout/           |          |
|    ep_len_mean     | 45.9     |
|    ep_rew_mean     | -143     |
| time/              |          |
|    episodes        | 44696    |
|    fps             | 10       |
|    time_elapsed    | 16047    |
|    total_timesteps | 2274580  |
| train/             |          |
|    actor_loss      | 0.924    |
|    critic_loss     | 0.168    |
|    ent_coef        | 0.00625  |
|    ent_coef_loss   | 0.000123 |
|    learning_rate   | 0.0003   |
|    n_updates       | 2264560  |
---------------------------------
---------------------------------
| rollout/           |          |
|    ep_len_mean     | 45.2     |
|    ep_rew_mean     | -145     |
| time/              |          |
|    episodes        | 44700    |
|    fps             | 10       |
|    time_elapsed    | 16051    |
|    total_timesteps | 2274620  |
| train/             |          |
|    actor_loss      | 1.05     |
|    critic_loss     | 0.304    |
|    ent_coef        | 0.00629  |
|    ent_coef_loss   | 0.942    |
|    learning_rate   | 0.0003   |
|    n_updates       | 2264600  |
---------------------------------
---------------------------------
| rollout/           |          |
|    ep_len_mean     | 45       |
|    ep_rew_mean     | -149     |
| time/              |          |
|    episodes        | 44704    |
|    fps             | 10       |
|    time_elapsed    | 16059    |
|    total_timesteps | 2274710  |
| train/             |          |
|    actor_loss      | 0.997    |
|    critic_loss     | 0.172    |
|    ent_coef        | 0.00642  |
|    ent_coef_loss   | -0.098   |
|    learning_rate   | 0.0003   |
|    n_updates       | 2264690  |
---------------------------------
---------------------------------
| rollout/           |          |
|    ep_len_mean     | 44.1     |
|    ep_rew_mean     | -156     |
| time/              |          |
|    episodes        | 44708    |
|    fps             | 10       |
|    time_elapsed    | 16078    |
|    total_timesteps | 2274870  |
| train/             |          |
|    actor_loss      | 0.999    |
|    critic_loss     | 0.166    |
|    ent_coef        | 0.0064   |
|    ent_coef_loss   | 0.0486   |
|    learning_rate   | 0.0003   |
|    n_updates       | 2264850  |
---------------------------------
---------------------------------
| rollout/           |          |
|    ep_len_mean     | 43.9     |
|    ep_rew_mean     | -156     |
| time/              |          |
|    episodes        | 44712    |
|    fps             | 10       |
|    time_elapsed    | 16101    |
|    total_timesteps | 2275060  |
| train/             |          |
|    actor_loss      | 1.03     |
|    critic_loss     | 0.254    |
|    ent_coef        | 0.00648  |
|    ent_coef_loss   | 0.0436   |
|    learning_rate   | 0.0003   |
|    n_updates       | 2265040  |
---------------------------------
---------------------------------
| rollout/           |          |
|    ep_len_mean     | 43.4     |
|    ep_rew_mean     | -160     |
| time/              |          |
|    episodes        | 44716    |
|    fps             | 10       |
|    time_elapsed    | 16121    |
|    total_timesteps | 2275300  |
| train/             |          |
|    actor_loss      | 0.995    |
|    critic_loss     | 0.193    |
|    ent_coef        | 0.0064   |
|    ent_coef_loss   | -0.296   |
|    learning_rate   | 0.0003   |
|    n_updates       | 2265280  |
---------------------------------
---------------------------------
| rollout/           |          |
|    ep_len_mean     | 43.8     |
|    ep_rew_mean     | -159     |
| time/              |          |
|    episodes        | 44720    |
|    fps             | 10       |
|    time_elapsed    | 16125    |
|    total_timesteps | 2275360  |
| train/             |          |
|    actor_loss      | 0.935    |
|    critic_loss     | 0.182    |
|    ent_coef        | 0.00637  |
|    ent_coef_loss   | -0.471   |
|    learning_rate   | 0.0003   |
|    n_updates       | 2265340  |
---------------------------------
---------------------------------
| rollout/           |          |
|    ep_len_mean     | 43.6     |
|    ep_rew_mean     | -160     |
| time/              |          |
|    episodes        | 44724    |
|    fps             | 10       |
|    time_elapsed    | 16145    |
|    total_timesteps | 2275610  |
| train/             |          |
|    actor_loss      | 0.939    |
|    critic_loss     | 0.217    |
|    ent_coef        | 0.0065   |
|    ent_coef_loss   | 0.182    |
|    learning_rate   | 0.0003   |
|    n_updates       | 2265590  |
---------------------------------
---------------------------------
| rollout/           |          |
|    ep_len_mean     | 42.7     |
|    ep_rew_mean     | -167     |
| time/              |          |
|    episodes        | 44728    |
|    fps             | 10       |
|    time_elapsed    | 16158    |
|    total_timesteps | 2275750  |
| train/             |          |
|    actor_loss      | 0.986    |
|    critic_loss     | 0.264    |
|    ent_coef        | 0.00647  |
|    ent_coef_loss   | -0.00879 |
|    learning_rate   | 0.0003   |
|    n_updates       | 2265730  |
---------------------------------
---------------------------------
| rollout/           |          |
|    ep_len_mean     | 41.9     |
|    ep_rew_mean     | -178     |
| time/              |          |
|    episodes        | 44732    |
|    fps             | 10       |
|    time_elapsed    | 16163    |
|    total_timesteps | 2275840  |
| train/             |          |
|    actor_loss      | 0.987    |
|    critic_loss     | 0.213    |
|    ent_coef        | 0.00645  |
|    ent_coef_loss   | -0.168   |
|    learning_rate   | 0.0003   |
|    n_updates       | 2265820  |
---------------------------------
---------------------------------
| rollout/           |          |
|    ep_len_mean     | 43.1     |
|    ep_rew_mean     | -164     |
| time/              |          |
|    episodes        | 44736    |
|    fps             | 10       |
|    time_elapsed    | 16186    |
|    total_timesteps | 2276160  |
| train/             |          |
|    actor_loss      | 1.04     |
|    critic_loss     | 0.214    |
|    ent_coef        | 0.00641  |
|    ent_coef_loss   | 0.213    |
|    learning_rate   | 0.0003   |
|    n_updates       | 2266140  |
---------------------------------
---------------------------------
| rollout/           |          |
|    ep_len_mean     | 42.5     |
|    ep_rew_mean     | -171     |
| time/              |          |
|    episodes        | 44740    |
|    fps             | 10       |
|    time_elapsed    | 16195    |
|    total_timesteps | 2276270  |
| train/             |          |
|    actor_loss      | 1.04     |
|    critic_loss     | 0.197    |
|    ent_coef        | 0.00638  |
|    ent_coef_loss   | -0.188   |
|    learning_rate   | 0.0003   |
|    n_updates       | 2266250  |
---------------------------------
---------------------------------
| rollout/           |          |
|    ep_len_mean     | 41.7     |
|    ep_rew_mean     | -174     |
| time/              |          |
|    episodes        | 44744    |
|    fps             | 10       |
|    time_elapsed    | 16206    |
|    total_timesteps | 2276370  |
| train/             |          |
|    actor_loss      | 0.961    |
|    critic_loss     | 0.214    |
|    ent_coef        | 0.00641  |
|    ent_coef_loss   | 0.164    |
|    learning_rate   | 0.0003   |
|    n_updates       | 2266350  |
---------------------------------
---------------------------------
| rollout/           |          |
|    ep_len_mean     | 41.6     |
|    ep_rew_mean     | -175     |
| time/              |          |
|    episodes        | 44748    |
|    fps             | 10       |
|    time_elapsed    | 16220    |
|    total_timesteps | 2276530  |
| train/             |          |
|    actor_loss      | 0.98     |
|    critic_loss     | 0.171    |
|    ent_coef        | 0.00634  |
|    ent_coef_loss   | -0.322   |
|    learning_rate   | 0.0003   |
|    n_updates       | 2266510  |
---------------------------------
---------------------------------
| rollout/           |          |
|    ep_len_mean     | 41.7     |
|    ep_rew_mean     | -174     |
| time/              |          |
|    episodes        | 44752    |
|    fps             | 10       |
|    time_elapsed    | 16243    |
|    total_timesteps | 2276850  |
| train/             |          |
|    actor_loss      | 0.975    |
|    critic_loss     | 0.212    |
|    ent_coef        | 0.00627  |
|    ent_coef_loss   | -0.00769 |
|    learning_rate   | 0.0003   |
|    n_updates       | 2266830  |
---------------------------------
---------------------------------
| rollout/           |          |
|    ep_len_mean     | 42.1     |
|    ep_rew_mean     | -169     |
| time/              |          |
|    episodes        | 44756    |
|    fps             | 10       |
|    time_elapsed    | 16252    |
|    total_timesteps | 2276940  |
| train/             |          |
|    actor_loss      | 1.02     |
|    critic_loss     | 0.186    |
|    ent_coef        | 0.00627  |
|    ent_coef_loss   | -0.108   |
|    learning_rate   | 0.0003   |
|    n_updates       | 2266920  |
---------------------------------
---------------------------------
| rollout/           |          |
|    ep_len_mean     | 42.3     |
|    ep_rew_mean     | -166     |
| time/              |          |
|    episodes        | 44760    |
|    fps             | 10       |
|    time_elapsed    | 16263    |
|    total_timesteps | 2277070  |
| train/             |          |
|    actor_loss      | 1.03     |
|    critic_loss     | 0.227    |
|    ent_coef        | 0.00635  |
|    ent_coef_loss   | 0.427    |
|    learning_rate   | 0.0003   |
|    n_updates       | 2267050  |
---------------------------------
---------------------------------
| rollout/           |          |
|    ep_len_mean     | 41.8     |
|    ep_rew_mean     | -168     |
| time/              |          |
|    episodes        | 44764    |
|    fps             | 10       |
|    time_elapsed    | 16278    |
|    total_timesteps | 2277270  |
| train/             |          |
|    actor_loss      | 1.03     |
|    critic_loss     | 0.149    |
|    ent_coef        | 0.00641  |
|    ent_coef_loss   | -0.0469  |
|    learning_rate   | 0.0003   |
|    n_updates       | 2267250  |
---------------------------------
---------------------------------
| rollout/           |          |
|    ep_len_mean     | 41.4     |
|    ep_rew_mean     | -170     |
| time/              |          |
|    episodes        | 44768    |
|    fps             | 10       |
|    time_elapsed    | 16298    |
|    total_timesteps | 2277520  |
| train/             |          |
|    actor_loss      | 1.06     |
|    critic_loss     | 0.162    |
|    ent_coef        | 0.00632  |
|    ent_coef_loss   | 0.372    |
|    learning_rate   | 0.0003   |
|    n_updates       | 2267500  |
---------------------------------
---------------------------------
| rollout/           |          |
|    ep_len_mean     | 41.4     |
|    ep_rew_mean     | -166     |
| time/              |          |
|    episodes        | 44772    |
|    fps             | 10       |
|    time_elapsed    | 16303    |
|    total_timesteps | 2277590  |
| train/             |          |
|    actor_loss      | 0.986    |
|    critic_loss     | 0.16     |
|    ent_coef        | 0.00636  |
|    ent_coef_loss   | -0.0542  |
|    learning_rate   | 0.0003   |
|    n_updates       | 2267570  |
---------------------------------
---------------------------------
| rollout/           |          |
|    ep_len_mean     | 41.3     |
|    ep_rew_mean     | -166     |
| time/              |          |
|    episodes        | 44776    |
|    fps             | 10       |
|    time_elapsed    | 16311    |
|    total_timesteps | 2277720  |
| train/             |          |
|    actor_loss      | 0.885    |
|    critic_loss     | 0.207    |
|    ent_coef        | 0.00632  |
|    ent_coef_loss   | -0.359   |
|    learning_rate   | 0.0003   |
|    n_updates       | 2267700  |
---------------------------------
---------------------------------
| rollout/           |          |
|    ep_len_mean     | 41.1     |
|    ep_rew_mean     | -166     |
| time/              |          |
|    episodes        | 44780    |
|    fps             | 10       |
|    time_elapsed    | 16324    |
|    total_timesteps | 2277910  |
| train/             |          |
|    actor_loss      | 0.973    |
|    critic_loss     | 0.208    |
|    ent_coef        | 0.00624  |
|    ent_coef_loss   | 0.399    |
|    learning_rate   | 0.0003   |
|    n_updates       | 2267890  |
---------------------------------
---------------------------------
| rollout/           |          |
|    ep_len_mean     | 40.8     |
|    ep_rew_mean     | -168     |
| time/              |          |
|    episodes        | 44784    |
|    fps             | 10       |
|    time_elapsed    | 16339    |
|    total_timesteps | 2278160  |
| train/             |          |
|    actor_loss      | 0.973    |
|    critic_loss     | 0.174    |
|    ent_coef        | 0.00612  |
|    ent_coef_loss   | -0.311   |
|    learning_rate   | 0.0003   |
|    n_updates       | 2268140  |
---------------------------------
---------------------------------
| rollout/           |          |
|    ep_len_mean     | 41.2     |
|    ep_rew_mean     | -161     |
| time/              |          |
|    episodes        | 44788    |
|    fps             | 10       |
|    time_elapsed    | 16346    |
|    total_timesteps | 2278250  |
| train/             |          |
|    actor_loss      | 0.991    |
|    critic_loss     | 0.259    |
|    ent_coef        | 0.00609  |
|    ent_coef_loss   | 0.0332   |
|    learning_rate   | 0.0003   |
|    n_updates       | 2268230  |
---------------------------------
---------------------------------
| rollout/           |          |
|    ep_len_mean     | 41       |
|    ep_rew_mean     | -168     |
| time/              |          |
|    episodes        | 44792    |
|    fps             | 10       |
|    time_elapsed    | 16361    |
|    total_timesteps | 2278450  |
| train/             |          |
|    actor_loss      | 1.06     |
|    critic_loss     | 0.245    |
|    ent_coef        | 0.00607  |
|    ent_coef_loss   | -0.0709  |
|    learning_rate   | 0.0003   |
|    n_updates       | 2268430  |
---------------------------------
---------------------------------
| rollout/           |          |
|    ep_len_mean     | 40.8     |
|    ep_rew_mean     | -168     |
| time/              |          |
|    episodes        | 44796    |
|    fps             | 10       |
|    time_elapsed    | 16368    |
|    total_timesteps | 2278560  |
| train/             |          |
|    actor_loss      | 1.01     |
|    critic_loss     | 0.239    |
|    ent_coef        | 0.00605  |
|    ent_coef_loss   | 0.293    |
|    learning_rate   | 0.0003   |
|    n_updates       | 2268540  |
---------------------------------
---------------------------------
| rollout/           |          |
|    ep_len_mean     | 41       |
|    ep_rew_mean     | -168     |
| time/              |          |
|    episodes        | 44800    |
|    fps             | 10       |
|    time_elapsed    | 16388    |
|    total_timesteps | 2278810  |
| train/             |          |
|    actor_loss      | 1.01     |
|    critic_loss     | 0.264    |
|    ent_coef        | 0.00597  |
|    ent_coef_loss   | -0.104   |
|    learning_rate   | 0.0003   |
|    n_updates       | 2268790  |
---------------------------------
---------------------------------
| rollout/           |          |
|    ep_len_mean     | 41.4     |
|    ep_rew_mean     | -163     |
| time/              |          |
|    episodes        | 44804    |
|    fps             | 10       |
|    time_elapsed    | 16399    |
|    total_timesteps | 2278990  |
| train/             |          |
|    actor_loss      | 1.06     |
|    critic_loss     | 0.231    |
|    ent_coef        | 0.00595  |
|    ent_coef_loss   | 0.833    |
|    learning_rate   | 0.0003   |
|    n_updates       | 2268970  |
---------------------------------
---------------------------------
| rollout/           |          |
|    ep_len_mean     | 42.8     |
|    ep_rew_mean     | -153     |
| time/              |          |
|    episodes        | 44808    |
|    fps             | 10       |
|    time_elapsed    | 16410    |
|    total_timesteps | 2279150  |
| train/             |          |
|    actor_loss      | 1.11     |
|    critic_loss     | 0.231    |
|    ent_coef        | 0.00602  |
|    ent_coef_loss   | 0.591    |
|    learning_rate   | 0.0003   |
|    n_updates       | 2269130  |
---------------------------------
---------------------------------
| rollout/           |          |
|    ep_len_mean     | 43       |
|    ep_rew_mean     | -154     |
| time/              |          |
|    episodes        | 44812    |
|    fps             | 10       |
|    time_elapsed    | 16425    |
|    total_timesteps | 2279350  |
| train/             |          |
|    actor_loss      | 0.981    |
|    critic_loss     | 0.166    |
|    ent_coef        | 0.00603  |
|    ent_coef_loss   | -0.153   |
|    learning_rate   | 0.0003   |
|    n_updates       | 2269330  |
---------------------------------
---------------------------------
| rollout/           |          |
|    ep_len_mean     | 42.7     |
|    ep_rew_mean     | -152     |
| time/              |          |
|    episodes        | 44816    |
|    fps             | 10       |
|    time_elapsed    | 16438    |
|    total_timesteps | 2279540  |
| train/             |          |
|    actor_loss      | 1.08     |
|    critic_loss     | 0.206    |
|    ent_coef        | 0.00604  |
|    ent_coef_loss   | -0.14    |
|    learning_rate   | 0.0003   |
|    n_updates       | 2269520  |
---------------------------------
---------------------------------
| rollout/           |          |
|    ep_len_mean     | 43       |
|    ep_rew_mean     | -146     |
| time/              |          |
|    episodes        | 44820    |
|    fps             | 10       |
|    time_elapsed    | 16459    |
|    total_timesteps | 2279800  |
| train/             |          |
|    actor_loss      | 1.08     |
|    critic_loss     | 0.224    |
|    ent_coef        | 0.00607  |
|    ent_coef_loss   | 0.267    |
|    learning_rate   | 0.0003   |
|    n_updates       | 2269780  |
---------------------------------
---------------------------------
| rollout/           |          |
|    ep_len_mean     | 43.6     |
|    ep_rew_mean     | -145     |
| time/              |          |
|    episodes        | 44824    |
|    fps             | 10       |
|    time_elapsed    | 16475    |
|    total_timesteps | 2280040  |
| train/             |          |
|    actor_loss      | 0.96     |
|    critic_loss     | 0.254    |
|    ent_coef        | 0.00601  |
|    ent_coef_loss   | -0.428   |
|    learning_rate   | 0.0003   |
|    n_updates       | 2270020  |
---------------------------------
---------------------------------
| rollout/           |          |
|    ep_len_mean     | 44.6     |
|    ep_rew_mean     | -138     |
| time/              |          |
|    episodes        | 44828    |
|    fps             | 10       |
|    time_elapsed    | 16490    |
|    total_timesteps | 2280220  |
| train/             |          |
|    actor_loss      | 1.07     |
|    critic_loss     | 0.199    |
|    ent_coef        | 0.00601  |
|    ent_coef_loss   | -0.165   |
|    learning_rate   | 0.0003   |
|    n_updates       | 2270200  |
---------------------------------
---------------------------------
| rollout/           |          |
|    ep_len_mean     | 45       |
|    ep_rew_mean     | -135     |
| time/              |          |
|    episodes        | 44832    |
|    fps             | 10       |
|    time_elapsed    | 16503    |
|    total_timesteps | 2280370  |
| train/             |          |
|    actor_loss      | 1.01     |
|    critic_loss     | 0.194    |
|    ent_coef        | 0.00612  |
|    ent_coef_loss   | 0.686    |
|    learning_rate   | 0.0003   |
|    n_updates       | 2270350  |
---------------------------------
---------------------------------
| rollout/           |          |
|    ep_len_mean     | 44.4     |
|    ep_rew_mean     | -141     |
| time/              |          |
|    episodes        | 44836    |
|    fps             | 10       |
|    time_elapsed    | 16515    |
|    total_timesteps | 2280550  |
| train/             |          |
|    actor_loss      | 1.1      |
|    critic_loss     | 0.211    |
|    ent_coef        | 0.00639  |
|    ent_coef_loss   | 0.352    |
|    learning_rate   | 0.0003   |
|    n_updates       | 2270530  |
---------------------------------
---------------------------------
| rollout/           |          |
|    ep_len_mean     | 44.3     |
|    ep_rew_mean     | -141     |
| time/              |          |
|    episodes        | 44840    |
|    fps             | 10       |
|    time_elapsed    | 16520    |
|    total_timesteps | 2280610  |
| train/             |          |
|    actor_loss      | 0.961    |
|    critic_loss     | 0.206    |
|    ent_coef        | 0.00643  |
|    ent_coef_loss   | 0.344    |
|    learning_rate   | 0.0003   |
|    n_updates       | 2270590  |
---------------------------------
---------------------------------
| rollout/           |          |
|    ep_len_mean     | 44.5     |
|    ep_rew_mean     | -135     |
| time/              |          |
|    episodes        | 44844    |
|    fps             | 10       |
|    time_elapsed    | 16534    |
|    total_timesteps | 2280840  |
| train/             |          |
|    actor_loss      | 1.01     |
|    critic_loss     | 0.209    |
|    ent_coef        | 0.00643  |
|    ent_coef_loss   | -0.754   |
|    learning_rate   | 0.0003   |
|    n_updates       | 2270820  |
---------------------------------
---------------------------------
| rollout/           |          |
|    ep_len_mean     | 44.7     |
|    ep_rew_mean     | -132     |
| time/              |          |
|    episodes        | 44848    |
|    fps             | 10       |
|    time_elapsed    | 16555    |
|    total_timesteps | 2281130  |
| train/             |          |
|    actor_loss      | 1.05     |
|    critic_loss     | 0.223    |
|    ent_coef        | 0.00652  |
|    ent_coef_loss   | 0.686    |
|    learning_rate   | 0.0003   |
|    n_updates       | 2271110  |
---------------------------------
---------------------------------
| rollout/           |          |
|    ep_len_mean     | 45       |
|    ep_rew_mean     | -130     |
| time/              |          |
|    episodes        | 44852    |
|    fps             | 10       |
|    time_elapsed    | 16567    |
|    total_timesteps | 2281260  |
| train/             |          |
|    actor_loss      | 1.01     |
|    critic_loss     | 0.203    |
|    ent_coef        | 0.00653  |
|    ent_coef_loss   | -0.44    |
|    learning_rate   | 0.0003   |
|    n_updates       | 2271240  |
---------------------------------
---------------------------------
| rollout/           |          |
|    ep_len_mean     | 45.1     |
|    ep_rew_mean     | -135     |
| time/              |          |
|    episodes        | 44856    |
|    fps             | 10       |
|    time_elapsed    | 16580    |
|    total_timesteps | 2281450  |
| train/             |          |
|    actor_loss      | 1.05     |
|    critic_loss     | 0.23     |
|    ent_coef        | 0.00657  |
|    ent_coef_loss   | 0.276    |
|    learning_rate   | 0.0003   |
|    n_updates       | 2271430  |
---------------------------------
---------------------------------
| rollout/           |          |
|    ep_len_mean     | 44.9     |
|    ep_rew_mean     | -138     |
| time/              |          |
|    episodes        | 44860    |
|    fps             | 10       |
|    time_elapsed    | 16592    |
|    total_timesteps | 2281650  |
| train/             |          |
|    actor_loss      | 1.01     |
|    critic_loss     | 0.21     |
|    ent_coef        | 0.0066   |
|    ent_coef_loss   | -0.237   |
|    learning_rate   | 0.0003   |
|    n_updates       | 2271630  |
---------------------------------
---------------------------------
| rollout/           |          |
|    ep_len_mean     | 45.3     |
|    ep_rew_mean     | -133     |
| time/              |          |
|    episodes        | 44864    |
|    fps             | 10       |
|    time_elapsed    | 16608    |
|    total_timesteps | 2281870  |
| train/             |          |
|    actor_loss      | 0.97     |
|    critic_loss     | 0.235    |
|    ent_coef        | 0.00649  |
|    ent_coef_loss   | -0.291   |
|    learning_rate   | 0.0003   |
|    n_updates       | 2271850  |
---------------------------------
---------------------------------
| rollout/           |          |
|    ep_len_mean     | 46.3     |
|    ep_rew_mean     | -131     |
| time/              |          |
|    episodes        | 44868    |
|    fps             | 10       |
|    time_elapsed    | 16622    |
|    total_timesteps | 2282100  |
| train/             |          |
|    actor_loss      | 1.07     |
|    critic_loss     | 0.267    |
|    ent_coef        | 0.00635  |
|    ent_coef_loss   | -0.347   |
|    learning_rate   | 0.0003   |
|    n_updates       | 2272080  |
---------------------------------
---------------------------------
| rollout/           |          |
|    ep_len_mean     | 46.3     |
|    ep_rew_mean     | -135     |
| time/              |          |
|    episodes        | 44872    |
|    fps             | 10       |
|    time_elapsed    | 16635    |
|    total_timesteps | 2282290  |
| train/             |          |
|    actor_loss      | 1.04     |
|    critic_loss     | 0.177    |
|    ent_coef        | 0.00636  |
|    ent_coef_loss   | -0.181   |
|    learning_rate   | 0.0003   |
|    n_updates       | 2272270  |
---------------------------------
---------------------------------
| rollout/           |          |
|    ep_len_mean     | 46.6     |
|    ep_rew_mean     | -131     |
| time/              |          |
|    episodes        | 44876    |
|    fps             | 10       |
|    time_elapsed    | 16639    |
|    total_timesteps | 2282350  |
| train/             |          |
|    actor_loss      | 1.05     |
|    critic_loss     | 0.183    |
|    ent_coef        | 0.00639  |
|    ent_coef_loss   | -0.0837  |
|    learning_rate   | 0.0003   |
|    n_updates       | 2272330  |
---------------------------------
---------------------------------
| rollout/           |          |
|    ep_len_mean     | 46.4     |
|    ep_rew_mean     | -124     |
| time/              |          |
|    episodes        | 44880    |
|    fps             | 10       |
|    time_elapsed    | 16659    |
|    total_timesteps | 2282520  |
| train/             |          |
|    actor_loss      | 0.945    |
|    critic_loss     | 0.281    |
|    ent_coef        | 0.00634  |
|    ent_coef_loss   | -0.281   |
|    learning_rate   | 0.0003   |
|    n_updates       | 2272500  |
---------------------------------
---------------------------------
| rollout/           |          |
|    ep_len_mean     | 46.3     |
|    ep_rew_mean     | -133     |
| time/              |          |
|    episodes        | 44884    |
|    fps             | 10       |
|    time_elapsed    | 16684    |
|    total_timesteps | 2282840  |
| train/             |          |
|    actor_loss      | 1.03     |
|    critic_loss     | 0.195    |
|    ent_coef        | 0.00628  |
|    ent_coef_loss   | 0.205    |
|    learning_rate   | 0.0003   |
|    n_updates       | 2272820  |
---------------------------------
---------------------------------
| rollout/           |          |
|    ep_len_mean     | 47       |
|    ep_rew_mean     | -130     |
| time/              |          |
|    episodes        | 44888    |
|    fps             | 10       |
|    time_elapsed    | 16703    |
|    total_timesteps | 2282960  |
| train/             |          |
|    actor_loss      | 1.01     |
|    critic_loss     | 0.171    |
|    ent_coef        | 0.00633  |
|    ent_coef_loss   | -0.0822  |
|    learning_rate   | 0.0003   |
|    n_updates       | 2272940  |
---------------------------------
---------------------------------
| rollout/           |          |
|    ep_len_mean     | 46.9     |
|    ep_rew_mean     | -131     |
| time/              |          |
|    episodes        | 44892    |
|    fps             | 10       |
|    time_elapsed    | 16713    |
|    total_timesteps | 2283090  |
| train/             |          |
|    actor_loss      | 1.02     |
|    critic_loss     | 0.189    |
|    ent_coef        | 0.00634  |
|    ent_coef_loss   | -0.759   |
|    learning_rate   | 0.0003   |
|    n_updates       | 2273070  |
---------------------------------
---------------------------------
| rollout/           |          |
|    ep_len_mean     | 47       |
|    ep_rew_mean     | -127     |
| time/              |          |
|    episodes        | 44896    |
|    fps             | 10       |
|    time_elapsed    | 16736    |
|    total_timesteps | 2283380  |
| train/             |          |
|    actor_loss      | 1.08     |
|    critic_loss     | 0.268    |
|    ent_coef        | 0.0063   |
|    ent_coef_loss   | 0.0974   |
|    learning_rate   | 0.0003   |
|    n_updates       | 2273360  |
---------------------------------
---------------------------------
| rollout/           |          |
|    ep_len_mean     | 47.9     |
|    ep_rew_mean     | -118     |
| time/              |          |
|    episodes        | 44900    |
|    fps             | 10       |
|    time_elapsed    | 16750    |
|    total_timesteps | 2283570  |
| train/             |          |
|    actor_loss      | 0.945    |
|    critic_loss     | 0.226    |
|    ent_coef        | 0.00633  |
|    ent_coef_loss   | -0.0561  |
|    learning_rate   | 0.0003   |
|    n_updates       | 2273550  |
---------------------------------
---------------------------------
| rollout/           |          |
|    ep_len_mean     | 47.5     |
|    ep_rew_mean     | -127     |
| time/              |          |
|    episodes        | 44904    |
|    fps             | 10       |
|    time_elapsed    | 16759    |
|    total_timesteps | 2283660  |
| train/             |          |
|    actor_loss      | 1.03     |
|    critic_loss     | 0.219    |
|    ent_coef        | 0.00631  |
|    ent_coef_loss   | 0.245    |
|    learning_rate   | 0.0003   |
|    n_updates       | 2273640  |
---------------------------------
---------------------------------
| rollout/           |          |
|    ep_len_mean     | 47.2     |
|    ep_rew_mean     | -130     |
| time/              |          |
|    episodes        | 44908    |
|    fps             | 10       |
|    time_elapsed    | 16777    |
|    total_timesteps | 2283960  |
| train/             |          |
|    actor_loss      | 1.04     |
|    critic_loss     | 0.204    |
|    ent_coef        | 0.00631  |
|    ent_coef_loss   | 0.166    |
|    learning_rate   | 0.0003   |
|    n_updates       | 2273940  |
---------------------------------
---------------------------------
| rollout/           |          |
|    ep_len_mean     | 47.9     |
|    ep_rew_mean     | -132     |
| time/              |          |
|    episodes        | 44912    |
|    fps             | 10       |
|    time_elapsed    | 16795    |
|    total_timesteps | 2284210  |
| train/             |          |
|    actor_loss      | 1.05     |
|    critic_loss     | 0.166    |
|    ent_coef        | 0.00636  |
|    ent_coef_loss   | 0.471    |
|    learning_rate   | 0.0003   |
|    n_updates       | 2274190  |
---------------------------------
---------------------------------
| rollout/           |          |
|    ep_len_mean     | 48.5     |
|    ep_rew_mean     | -135     |
| time/              |          |
|    episodes        | 44916    |
|    fps             | 10       |
|    time_elapsed    | 16819    |
|    total_timesteps | 2284490  |
| train/             |          |
|    actor_loss      | 1.02     |
|    critic_loss     | 0.225    |
|    ent_coef        | 0.00648  |
|    ent_coef_loss   | 0.377    |
|    learning_rate   | 0.0003   |
|    n_updates       | 2274470  |
---------------------------------
---------------------------------
| rollout/           |          |
|    ep_len_mean     | 48.4     |
|    ep_rew_mean     | -134     |
| time/              |          |
|    episodes        | 44920    |
|    fps             | 10       |
|    time_elapsed    | 16826    |
|    total_timesteps | 2284550  |
| train/             |          |
|    actor_loss      | 1.02     |
|    critic_loss     | 0.206    |
|    ent_coef        | 0.0065   |
|    ent_coef_loss   | 0.119    |
|    learning_rate   | 0.0003   |
|    n_updates       | 2274530  |
---------------------------------
---------------------------------
| rollout/           |          |
|    ep_len_mean     | 47.5     |
|    ep_rew_mean     | -140     |
| time/              |          |
|    episodes        | 44924    |
|    fps             | 10       |
|    time_elapsed    | 16835    |
|    total_timesteps | 2284700  |
| train/             |          |
|    actor_loss      | 1.08     |
|    critic_loss     | 0.208    |
|    ent_coef        | 0.00644  |
|    ent_coef_loss   | -0.667   |
|    learning_rate   | 0.0003   |
|    n_updates       | 2274680  |
---------------------------------
---------------------------------
| rollout/           |          |
|    ep_len_mean     | 47.4     |
|    ep_rew_mean     | -139     |
| time/              |          |
|    episodes        | 44928    |
|    fps             | 10       |
|    time_elapsed    | 16853    |
|    total_timesteps | 2284930  |
| train/             |          |
|    actor_loss      | 1.12     |
|    critic_loss     | 0.237    |
|    ent_coef        | 0.0064   |
|    ent_coef_loss   | -0.157   |
|    learning_rate   | 0.0003   |
|    n_updates       | 2274910  |
---------------------------------
---------------------------------
| rollout/           |          |
|    ep_len_mean     | 47.4     |
|    ep_rew_mean     | -133     |
| time/              |          |
|    episodes        | 44932    |
|    fps             | 10       |
|    time_elapsed    | 16890    |
|    total_timesteps | 2285190  |
| train/             |          |
|    actor_loss      | 0.943    |
|    critic_loss     | 0.163    |
|    ent_coef        | 0.00641  |
|    ent_coef_loss   | 0.241    |
|    learning_rate   | 0.0003   |
|    n_updates       | 2275170  |
---------------------------------
---------------------------------
| rollout/           |          |
|    ep_len_mean     | 48.2     |
|    ep_rew_mean     | -125     |
| time/              |          |
|    episodes        | 44936    |
|    fps             | 10       |
|    time_elapsed    | 16903    |
|    total_timesteps | 2285290  |
| train/             |          |
|    actor_loss      | 0.98     |
|    critic_loss     | 0.194    |
|    ent_coef        | 0.00641  |
|    ent_coef_loss   | -0.34    |
|    learning_rate   | 0.0003   |
|    n_updates       | 2275270  |
---------------------------------
---------------------------------
| rollout/           |          |
|    ep_len_mean     | 48.4     |
|    ep_rew_mean     | -121     |
| time/              |          |
|    episodes        | 44940    |
|    fps             | 10       |
|    time_elapsed    | 16923    |
|    total_timesteps | 2285490  |
| train/             |          |
|    actor_loss      | 1.05     |
|    critic_loss     | 0.239    |
|    ent_coef        | 0.00638  |
|    ent_coef_loss   | 0.192    |
|    learning_rate   | 0.0003   |
|    n_updates       | 2275470  |
---------------------------------
---------------------------------
| rollout/           |          |
|    ep_len_mean     | 48.5     |
|    ep_rew_mean     | -127     |
| time/              |          |
|    episodes        | 44944    |
|    fps             | 10       |
|    time_elapsed    | 16943    |
|    total_timesteps | 2285770  |
| train/             |          |
|    actor_loss      | 1        |
|    critic_loss     | 0.209    |
|    ent_coef        | 0.00655  |
|    ent_coef_loss   | -0.0695  |
|    learning_rate   | 0.0003   |
|    n_updates       | 2275750  |
---------------------------------
---------------------------------
| rollout/           |          |
|    ep_len_mean     | 48.8     |
|    ep_rew_mean     | -125     |
| time/              |          |
|    episodes        | 44948    |
|    fps             | 10       |
|    time_elapsed    | 16961    |
|    total_timesteps | 2286010  |
| train/             |          |
|    actor_loss      | 1.1      |
|    critic_loss     | 0.193    |
|    ent_coef        | 0.00656  |
|    ent_coef_loss   | -0.219   |
|    learning_rate   | 0.0003   |
|    n_updates       | 2275990  |
---------------------------------
---------------------------------
| rollout/           |          |
|    ep_len_mean     | 49.1     |
|    ep_rew_mean     | -124     |
| time/              |          |
|    episodes        | 44952    |
|    fps             | 10       |
|    time_elapsed    | 16975    |
|    total_timesteps | 2286210  |
| train/             |          |
|    actor_loss      | 1.02     |
|    critic_loss     | 0.204    |
|    ent_coef        | 0.00657  |
|    ent_coef_loss   | -0.115   |
|    learning_rate   | 0.0003   |
|    n_updates       | 2276190  |
---------------------------------
---------------------------------
| rollout/           |          |
|    ep_len_mean     | 48.7     |
|    ep_rew_mean     | -123     |
| time/              |          |
|    episodes        | 44956    |
|    fps             | 10       |
|    time_elapsed    | 16986    |
|    total_timesteps | 2286330  |
| train/             |          |
|    actor_loss      | 0.97     |
|    critic_loss     | 0.163    |
|    ent_coef        | 0.00651  |
|    ent_coef_loss   | -0.405   |
|    learning_rate   | 0.0003   |
|    n_updates       | 2276310  |
---------------------------------
---------------------------------
| rollout/           |          |
|    ep_len_mean     | 48.3     |
|    ep_rew_mean     | -122     |
| time/              |          |
|    episodes        | 44960    |
|    fps             | 10       |
|    time_elapsed    | 16989    |
|    total_timesteps | 2286360  |
| train/             |          |
|    actor_loss      | 1.11     |
|    critic_loss     | 0.188    |
|    ent_coef        | 0.00647  |
|    ent_coef_loss   | -0.2     |
|    learning_rate   | 0.0003   |
|    n_updates       | 2276340  |
---------------------------------
---------------------------------
| rollout/           |          |
|    ep_len_mean     | 48.1     |
|    ep_rew_mean     | -127     |
| time/              |          |
|    episodes        | 44964    |
|    fps             | 10       |
|    time_elapsed    | 17003    |
|    total_timesteps | 2286560  |
| train/             |          |
|    actor_loss      | 0.914    |
|    critic_loss     | 0.163    |
|    ent_coef        | 0.00639  |
|    ent_coef_loss   | 0.253    |
|    learning_rate   | 0.0003   |
|    n_updates       | 2276540  |
---------------------------------
---------------------------------
| rollout/           |          |
|    ep_len_mean     | 47.5     |
|    ep_rew_mean     | -134     |
| time/              |          |
|    episodes        | 44968    |
|    fps             | 10       |
|    time_elapsed    | 17030    |
|    total_timesteps | 2286890  |
| train/             |          |
|    actor_loss      | 1.02     |
|    critic_loss     | 0.196    |
|    ent_coef        | 0.00634  |
|    ent_coef_loss   | -0.0926  |
|    learning_rate   | 0.0003   |
|    n_updates       | 2276870  |
---------------------------------
---------------------------------
| rollout/           |          |
|    ep_len_mean     | 47.5     |
|    ep_rew_mean     | -133     |
| time/              |          |
|    episodes        | 44972    |
|    fps             | 10       |
|    time_elapsed    | 17039    |
|    total_timesteps | 2287010  |
| train/             |          |
|    actor_loss      | 1.03     |
|    critic_loss     | 0.199    |
|    ent_coef        | 0.00636  |
|    ent_coef_loss   | 0.0516   |
|    learning_rate   | 0.0003   |
|    n_updates       | 2276990  |
---------------------------------
---------------------------------
| rollout/           |          |
|    ep_len_mean     | 48.1     |
|    ep_rew_mean     | -130     |
| time/              |          |
|    episodes        | 44976    |
|    fps             | 10       |
|    time_elapsed    | 17053    |
|    total_timesteps | 2287220  |
| train/             |          |
|    actor_loss      | 1.05     |
|    critic_loss     | 0.254    |
|    ent_coef        | 0.00642  |
|    ent_coef_loss   | 0.29     |
|    learning_rate   | 0.0003   |
|    n_updates       | 2277200  |
---------------------------------
---------------------------------
| rollout/           |          |
|    ep_len_mean     | 48.8     |
|    ep_rew_mean     | -124     |
| time/              |          |
|    episodes        | 44980    |
|    fps             | 10       |
|    time_elapsed    | 17070    |
|    total_timesteps | 2287510  |
| train/             |          |
|    actor_loss      | 0.983    |
|    critic_loss     | 0.23     |
|    ent_coef        | 0.00648  |
|    ent_coef_loss   | -0.218   |
|    learning_rate   | 0.0003   |
|    n_updates       | 2277490  |
---------------------------------
---------------------------------
| rollout/           |          |
|    ep_len_mean     | 49       |
|    ep_rew_mean     | -115     |
| time/              |          |
|    episodes        | 44984    |
|    fps             | 10       |
|    time_elapsed    | 17083    |
|    total_timesteps | 2287650  |
| train/             |          |
|    actor_loss      | 0.982    |
|    critic_loss     | 0.155    |
|    ent_coef        | 0.00641  |
|    ent_coef_loss   | 0.158    |
|    learning_rate   | 0.0003   |
|    n_updates       | 2277630  |
---------------------------------
---------------------------------
| rollout/           |          |
|    ep_len_mean     | 48.5     |
|    ep_rew_mean     | -118     |
| time/              |          |
|    episodes        | 44988    |
|    fps             | 10       |
|    time_elapsed    | 17093    |
|    total_timesteps | 2287810  |
| train/             |          |
|    actor_loss      | 0.984    |
|    critic_loss     | 0.241    |
|    ent_coef        | 0.00647  |
|    ent_coef_loss   | 0.357    |
|    learning_rate   | 0.0003   |
|    n_updates       | 2277790  |
---------------------------------
---------------------------------
| rollout/           |          |
|    ep_len_mean     | 48.2     |
|    ep_rew_mean     | -118     |
| time/              |          |
|    episodes        | 44992    |
|    fps             | 10       |
|    time_elapsed    | 17102    |
|    total_timesteps | 2287910  |
| train/             |          |
|    actor_loss      | 1.09     |
|    critic_loss     | 0.174    |
|    ent_coef        | 0.00648  |
|    ent_coef_loss   | -0.541   |
|    learning_rate   | 0.0003   |
|    n_updates       | 2277890  |
---------------------------------
---------------------------------
| rollout/           |          |
|    ep_len_mean     | 48.2     |
|    ep_rew_mean     | -123     |
| time/              |          |
|    episodes        | 44996    |
|    fps             | 10       |
|    time_elapsed    | 17125    |
|    total_timesteps | 2288180  |
| train/             |          |
|    actor_loss      | 0.949    |
|    critic_loss     | 0.215    |
|    ent_coef        | 0.00631  |
|    ent_coef_loss   | -0.322   |
|    learning_rate   | 0.0003   |
|    n_updates       | 2278160  |
---------------------------------
---------------------------------
| rollout/           |          |
|    ep_len_mean     | 48       |
|    ep_rew_mean     | -125     |
| time/              |          |
|    episodes        | 45000    |
|    fps             | 10       |
|    time_elapsed    | 17139    |
|    total_timesteps | 2288380  |
| train/             |          |
|    actor_loss      | 1.1      |
|    critic_loss     | 0.258    |
|    ent_coef        | 0.00625  |
|    ent_coef_loss   | 0.0274   |
|    learning_rate   | 0.0003   |
|    n_updates       | 2278360  |
---------------------------------
---------------------------------
| rollout/           |          |
|    ep_len_mean     | 48.3     |
|    ep_rew_mean     | -122     |
| time/              |          |
|    episodes        | 45004    |
|    fps             | 10       |
|    time_elapsed    | 17152    |
|    total_timesteps | 2288520  |
| train/             |          |
|    actor_loss      | 0.975    |
|    critic_loss     | 0.152    |
|    ent_coef        | 0.00639  |
|    ent_coef_loss   | 0.524    |
|    learning_rate   | 0.0003   |
|    n_updates       | 2278500  |
---------------------------------
---------------------------------
| rollout/           |          |
|    ep_len_mean     | 47.8     |
|    ep_rew_mean     | -129     |
| time/              |          |
|    episodes        | 45008    |
|    fps             | 10       |
|    time_elapsed    | 17166    |
|    total_timesteps | 2288710  |
| train/             |          |
|    actor_loss      | 0.955    |
|    critic_loss     | 0.24     |
|    ent_coef        | 0.00667  |
|    ent_coef_loss   | 0.0966   |
|    learning_rate   | 0.0003   |
|    n_updates       | 2278690  |
---------------------------------
---------------------------------
| rollout/           |          |
|    ep_len_mean     | 47       |
|    ep_rew_mean     | -130     |
| time/              |          |
|    episodes        | 45012    |
|    fps             | 10       |
|    time_elapsed    | 17184    |
|    total_timesteps | 2288940  |
| train/             |          |
|    actor_loss      | 0.981    |
|    critic_loss     | 0.167    |
|    ent_coef        | 0.00666  |
|    ent_coef_loss   | -0.268   |
|    learning_rate   | 0.0003   |
|    n_updates       | 2278920  |
---------------------------------
---------------------------------
| rollout/           |          |
|    ep_len_mean     | 47       |
|    ep_rew_mean     | -128     |
| time/              |          |
|    episodes        | 45016    |
|    fps             | 10       |
|    time_elapsed    | 17196    |
|    total_timesteps | 2289060  |
| train/             |          |
|    actor_loss      | 0.97     |
|    critic_loss     | 0.177    |
|    ent_coef        | 0.00652  |
|    ent_coef_loss   | -0.054   |
|    learning_rate   | 0.0003   |
|    n_updates       | 2279040  |
---------------------------------
---------------------------------
| rollout/           |          |
|    ep_len_mean     | 46.5     |
|    ep_rew_mean     | -129     |
| time/              |          |
|    episodes        | 45020    |
|    fps             | 10       |
|    time_elapsed    | 17221    |
|    total_timesteps | 2289320  |
| train/             |          |
|    actor_loss      | 1.03     |
|    critic_loss     | 0.164    |
|    ent_coef        | 0.00644  |
|    ent_coef_loss   | 0.0114   |
|    learning_rate   | 0.0003   |
|    n_updates       | 2279300  |
---------------------------------
---------------------------------
| rollout/           |          |
|    ep_len_mean     | 47.1     |
|    ep_rew_mean     | -127     |
| time/              |          |
|    episodes        | 45024    |
|    fps             | 10       |
|    time_elapsed    | 17233    |
|    total_timesteps | 2289460  |
| train/             |          |
|    actor_loss      | 1.08     |
|    critic_loss     | 0.225    |
|    ent_coef        | 0.00649  |
|    ent_coef_loss   | 0.116    |
|    learning_rate   | 0.0003   |
|    n_updates       | 2279440  |
---------------------------------
---------------------------------
| rollout/           |          |
|    ep_len_mean     | 46.9     |
|    ep_rew_mean     | -127     |
| time/              |          |
|    episodes        | 45028    |
|    fps             | 10       |
|    time_elapsed    | 17242    |
|    total_timesteps | 2289590  |
| train/             |          |
|    actor_loss      | 1.01     |
|    critic_loss     | 0.203    |
|    ent_coef        | 0.00651  |
|    ent_coef_loss   | 0.193    |
|    learning_rate   | 0.0003   |
|    n_updates       | 2279570  |
---------------------------------
---------------------------------
| rollout/           |          |
|    ep_len_mean     | 47       |
|    ep_rew_mean     | -128     |
| time/              |          |
|    episodes        | 45032    |
|    fps             | 10       |
|    time_elapsed    | 17261    |
|    total_timesteps | 2289840  |
| train/             |          |
|    actor_loss      | 1.02     |
|    critic_loss     | 0.173    |
|    ent_coef        | 0.00653  |
|    ent_coef_loss   | 0.335    |
|    learning_rate   | 0.0003   |
|    n_updates       | 2279820  |
---------------------------------
---------------------------------
| rollout/           |          |
|    ep_len_mean     | 46.5     |
|    ep_rew_mean     | -140     |
| time/              |          |
|    episodes        | 45036    |
|    fps             | 10       |
|    time_elapsed    | 17273    |
|    total_timesteps | 2290010  |
| train/             |          |
|    actor_loss      | 1.04     |
|    critic_loss     | 0.181    |
|    ent_coef        | 0.00659  |
|    ent_coef_loss   | -0.0933  |
|    learning_rate   | 0.0003   |
|    n_updates       | 2279990  |
---------------------------------
---------------------------------
| rollout/           |          |
|    ep_len_mean     | 46.2     |
|    ep_rew_mean     | -144     |
| time/              |          |
|    episodes        | 45040    |
|    fps             | 11       |
|    time_elapsed    | 17289    |
|    total_timesteps | 2290190  |
| train/             |          |
|    actor_loss      | 1.03     |
|    critic_loss     | 0.214    |
|    ent_coef        | 0.00653  |
|    ent_coef_loss   | -0.0928  |
|    learning_rate   | 0.0003   |
|    n_updates       | 2280170  |
---------------------------------
---------------------------------
| rollout/           |          |
|    ep_len_mean     | 46.3     |
|    ep_rew_mean     | -139     |
| time/              |          |
|    episodes        | 45044    |
|    fps             | 11       |
|    time_elapsed    | 17298    |
|    total_timesteps | 2290330  |
| train/             |          |
|    actor_loss      | 0.947    |
|    critic_loss     | 0.226    |
|    ent_coef        | 0.00663  |
|    ent_coef_loss   | 0.5      |
|    learning_rate   | 0.0003   |
|    n_updates       | 2280310  |
---------------------------------
---------------------------------
| rollout/           |          |
|    ep_len_mean     | 45.7     |
|    ep_rew_mean     | -138     |
| time/              |          |
|    episodes        | 45048    |
|    fps             | 11       |
|    time_elapsed    | 17310    |
|    total_timesteps | 2290530  |
| train/             |          |
|    actor_loss      | 1.08     |
|    critic_loss     | 0.229    |
|    ent_coef        | 0.00678  |
|    ent_coef_loss   | 0.122    |
|    learning_rate   | 0.0003   |
|    n_updates       | 2280510  |
---------------------------------
---------------------------------
| rollout/           |          |
|    ep_len_mean     | 45.6     |
|    ep_rew_mean     | -135     |
| time/              |          |
|    episodes        | 45052    |
|    fps             | 11       |
|    time_elapsed    | 17324    |
|    total_timesteps | 2290740  |
| train/             |          |
|    actor_loss      | 1.07     |
|    critic_loss     | 0.293    |
|    ent_coef        | 0.00677  |
|    ent_coef_loss   | 0.362    |
|    learning_rate   | 0.0003   |
|    n_updates       | 2280720  |
---------------------------------
---------------------------------
| rollout/           |          |
|    ep_len_mean     | 46       |
|    ep_rew_mean     | -142     |
| time/              |          |
|    episodes        | 45056    |
|    fps             | 11       |
|    time_elapsed    | 17336    |
|    total_timesteps | 2290920  |
| train/             |          |
|    actor_loss      | 1.03     |
|    critic_loss     | 0.169    |
|    ent_coef        | 0.00687  |
|    ent_coef_loss   | -0.128   |
|    learning_rate   | 0.0003   |
|    n_updates       | 2280900  |
---------------------------------
---------------------------------
| rollout/           |          |
|    ep_len_mean     | 46.1     |
|    ep_rew_mean     | -143     |
| time/              |          |
|    episodes        | 45060    |
|    fps             | 11       |
|    time_elapsed    | 17350    |
|    total_timesteps | 2291080  |
| train/             |          |
|    actor_loss      | 1.08     |
|    critic_loss     | 0.411    |
|    ent_coef        | 0.00676  |
|    ent_coef_loss   | 0.18     |
|    learning_rate   | 0.0003   |
|    n_updates       | 2281060  |
---------------------------------
---------------------------------
| rollout/           |          |
|    ep_len_mean     | 46.5     |
|    ep_rew_mean     | -134     |
| time/              |          |
|    episodes        | 45064    |
|    fps             | 11       |
|    time_elapsed    | 17368    |
|    total_timesteps | 2291310  |
| train/             |          |
|    actor_loss      | 1.04     |
|    critic_loss     | 0.245    |
|    ent_coef        | 0.00662  |
|    ent_coef_loss   | 0.139    |
|    learning_rate   | 0.0003   |
|    n_updates       | 2281290  |
---------------------------------
---------------------------------
| rollout/           |          |
|    ep_len_mean     | 45.8     |
|    ep_rew_mean     | -142     |
| time/              |          |
|    episodes        | 45068    |
|    fps             | 11       |
|    time_elapsed    | 17383    |
|    total_timesteps | 2291470  |
| train/             |          |
|    actor_loss      | 1.06     |
|    critic_loss     | 0.206    |
|    ent_coef        | 0.00658  |
|    ent_coef_loss   | 0.125    |
|    learning_rate   | 0.0003   |
|    n_updates       | 2281450  |
---------------------------------
---------------------------------
| rollout/           |          |
|    ep_len_mean     | 46.2     |
|    ep_rew_mean     | -135     |
| time/              |          |
|    episodes        | 45072    |
|    fps             | 11       |
|    time_elapsed    | 17400    |
|    total_timesteps | 2291660  |
| train/             |          |
|    actor_loss      | 1.01     |
|    critic_loss     | 0.229    |
|    ent_coef        | 0.00658  |
|    ent_coef_loss   | -0.26    |
|    learning_rate   | 0.0003   |
|    n_updates       | 2281640  |
---------------------------------
---------------------------------
| rollout/           |          |
|    ep_len_mean     | 46.3     |
|    ep_rew_mean     | -135     |
| time/              |          |
|    episodes        | 45076    |
|    fps             | 11       |
|    time_elapsed    | 17428    |
|    total_timesteps | 2291930  |
| train/             |          |
|    actor_loss      | 1.07     |
|    critic_loss     | 0.233    |
|    ent_coef        | 0.00646  |
|    ent_coef_loss   | -0.00194 |
|    learning_rate   | 0.0003   |
|    n_updates       | 2281910  |
---------------------------------
---------------------------------
| rollout/           |          |
|    ep_len_mean     | 46.2     |
|    ep_rew_mean     | -139     |
| time/              |          |
|    episodes        | 45080    |
|    fps             | 11       |
|    time_elapsed    | 17438    |
|    total_timesteps | 2292070  |
| train/             |          |
|    actor_loss      | 1.03     |
|    critic_loss     | 0.207    |
|    ent_coef        | 0.00644  |
|    ent_coef_loss   | 0.306    |
|    learning_rate   | 0.0003   |
|    n_updates       | 2282050  |
---------------------------------
---------------------------------
| rollout/           |          |
|    ep_len_mean     | 46.5     |
|    ep_rew_mean     | -138     |
| time/              |          |
|    episodes        | 45084    |
|    fps             | 11       |
|    time_elapsed    | 17466    |
|    total_timesteps | 2292340  |
| train/             |          |
|    actor_loss      | 1        |
|    critic_loss     | 0.187    |
|    ent_coef        | 0.0065   |
|    ent_coef_loss   | -0.119   |
|    learning_rate   | 0.0003   |
|    n_updates       | 2282320  |
---------------------------------
---------------------------------
| rollout/           |          |
|    ep_len_mean     | 46.8     |
|    ep_rew_mean     | -137     |
| time/              |          |
|    episodes        | 45088    |
|    fps             | 11       |
|    time_elapsed    | 17476    |
|    total_timesteps | 2292520  |
| train/             |          |
|    actor_loss      | 1.05     |
|    critic_loss     | 0.201    |
|    ent_coef        | 0.00656  |
|    ent_coef_loss   | 0.563    |
|    learning_rate   | 0.0003   |
|    n_updates       | 2282500  |
---------------------------------
---------------------------------
| rollout/           |          |
|    ep_len_mean     | 47.4     |
|    ep_rew_mean     | -130     |
| time/              |          |
|    episodes        | 45092    |
|    fps             | 11       |
|    time_elapsed    | 17492    |
|    total_timesteps | 2292720  |
| train/             |          |
|    actor_loss      | 1.01     |
|    critic_loss     | 0.254    |
|    ent_coef        | 0.00663  |
|    ent_coef_loss   | -0.693   |
|    learning_rate   | 0.0003   |
|    n_updates       | 2282700  |
---------------------------------
---------------------------------
| rollout/           |          |
|    ep_len_mean     | 48       |
|    ep_rew_mean     | -123     |
| time/              |          |
|    episodes        | 45096    |
|    fps             | 11       |
|    time_elapsed    | 17511    |
|    total_timesteps | 2292970  |
| train/             |          |
|    actor_loss      | 0.996    |
|    critic_loss     | 0.189    |
|    ent_coef        | 0.00646  |
|    ent_coef_loss   | -0.0129  |
|    learning_rate   | 0.0003   |
|    n_updates       | 2282950  |
---------------------------------
---------------------------------
| rollout/           |          |
|    ep_len_mean     | 47.9     |
|    ep_rew_mean     | -128     |
| time/              |          |
|    episodes        | 45100    |
|    fps             | 11       |
|    time_elapsed    | 17522    |
|    total_timesteps | 2293090  |
| train/             |          |
|    actor_loss      | 0.976    |
|    critic_loss     | 0.209    |
|    ent_coef        | 0.00642  |
|    ent_coef_loss   | -0.758   |
|    learning_rate   | 0.0003   |
|    n_updates       | 2283070  |
---------------------------------
---------------------------------
| rollout/           |          |
|    ep_len_mean     | 47.6     |
|    ep_rew_mean     | -132     |
| time/              |          |
|    episodes        | 45104    |
|    fps             | 11       |
|    time_elapsed    | 17538    |
|    total_timesteps | 2293330  |
| train/             |          |
|    actor_loss      | 1.02     |
|    critic_loss     | 0.181    |
|    ent_coef        | 0.00626  |
|    ent_coef_loss   | 0.294    |
|    learning_rate   | 0.0003   |
|    n_updates       | 2283310  |
---------------------------------
---------------------------------
| rollout/           |          |
|    ep_len_mean     | 48       |
|    ep_rew_mean     | -134     |
| time/              |          |
|    episodes        | 45108    |
|    fps             | 11       |
|    time_elapsed    | 17556    |
|    total_timesteps | 2293550  |
| train/             |          |
|    actor_loss      | 0.973    |
|    critic_loss     | 0.237    |
|    ent_coef        | 0.00623  |
|    ent_coef_loss   | -0.256   |
|    learning_rate   | 0.0003   |
|    n_updates       | 2283530  |
---------------------------------
---------------------------------
| rollout/           |          |
|    ep_len_mean     | 48       |
|    ep_rew_mean     | -130     |
| time/              |          |
|    episodes        | 45112    |
|    fps             | 11       |
|    time_elapsed    | 17566    |
|    total_timesteps | 2293670  |
| train/             |          |
|    actor_loss      | 1.08     |
|    critic_loss     | 0.327    |
|    ent_coef        | 0.00621  |
|    ent_coef_loss   | 0.697    |
|    learning_rate   | 0.0003   |
|    n_updates       | 2283650  |
---------------------------------
---------------------------------
| rollout/           |          |
|    ep_len_mean     | 47       |
|    ep_rew_mean     | -136     |
| time/              |          |
|    episodes        | 45116    |
|    fps             | 11       |
|    time_elapsed    | 17577    |
|    total_timesteps | 2293720  |
| train/             |          |
|    actor_loss      | 1        |
|    critic_loss     | 0.187    |
|    ent_coef        | 0.00627  |
|    ent_coef_loss   | 0.423    |
|    learning_rate   | 0.0003   |
|    n_updates       | 2283700  |
---------------------------------
---------------------------------
| rollout/           |          |
|    ep_len_mean     | 47       |
|    ep_rew_mean     | -142     |
| time/              |          |
|    episodes        | 45120    |
|    fps             | 11       |
|    time_elapsed    | 17597    |
|    total_timesteps | 2294010  |
| train/             |          |
|    actor_loss      | 0.998    |
|    critic_loss     | 0.186    |
|    ent_coef        | 0.00639  |
|    ent_coef_loss   | 0.282    |
|    learning_rate   | 0.0003   |
|    n_updates       | 2283990  |
---------------------------------
---------------------------------
| rollout/           |          |
|    ep_len_mean     | 47.6     |
|    ep_rew_mean     | -132     |
| time/              |          |
|    episodes        | 45124    |
|    fps             | 11       |
|    time_elapsed    | 17610    |
|    total_timesteps | 2294210  |
| train/             |          |
|    actor_loss      | 1.02     |
|    critic_loss     | 0.218    |
|    ent_coef        | 0.00651  |
|    ent_coef_loss   | 0.419    |
|    learning_rate   | 0.0003   |
|    n_updates       | 2284190  |
---------------------------------
---------------------------------
| rollout/           |          |
|    ep_len_mean     | 48.1     |
|    ep_rew_mean     | -127     |
| time/              |          |
|    episodes        | 45128    |
|    fps             | 11       |
|    time_elapsed    | 17624    |
|    total_timesteps | 2294410  |
| train/             |          |
|    actor_loss      | 1.1      |
|    critic_loss     | 0.23     |
|    ent_coef        | 0.00653  |
|    ent_coef_loss   | 0.35     |
|    learning_rate   | 0.0003   |
|    n_updates       | 2284390  |
---------------------------------
---------------------------------
| rollout/           |          |
|    ep_len_mean     | 47.6     |
|    ep_rew_mean     | -129     |
| time/              |          |
|    episodes        | 45132    |
|    fps             | 11       |
|    time_elapsed    | 17634    |
|    total_timesteps | 2294530  |
| train/             |          |
|    actor_loss      | 1.03     |
|    critic_loss     | 0.23     |
|    ent_coef        | 0.00659  |
|    ent_coef_loss   | -0.00466 |
|    learning_rate   | 0.0003   |
|    n_updates       | 2284510  |
---------------------------------
---------------------------------
| rollout/           |          |
|    ep_len_mean     | 47.7     |
|    ep_rew_mean     | -121     |
| time/              |          |
|    episodes        | 45136    |
|    fps             | 11       |
|    time_elapsed    | 17654    |
|    total_timesteps | 2294830  |
| train/             |          |
|    actor_loss      | 1.04     |
|    critic_loss     | 0.168    |
|    ent_coef        | 0.00657  |
|    ent_coef_loss   | -0.726   |
|    learning_rate   | 0.0003   |
|    n_updates       | 2284810  |
---------------------------------
---------------------------------
| rollout/           |          |
|    ep_len_mean     | 47.7     |
|    ep_rew_mean     | -122     |
| time/              |          |
|    episodes        | 45140    |
|    fps             | 11       |
|    time_elapsed    | 17662    |
|    total_timesteps | 2294910  |
| train/             |          |
|    actor_loss      | 1.06     |
|    critic_loss     | 0.188    |
|    ent_coef        | 0.00644  |
|    ent_coef_loss   | -0.19    |
|    learning_rate   | 0.0003   |
|    n_updates       | 2284890  |
---------------------------------
----------------------------------
| rollout/           |           |
|    ep_len_mean     | 47.4      |
|    ep_rew_mean     | -125      |
| time/              |           |
|    episodes        | 45144     |
|    fps             | 11        |
|    time_elapsed    | 17670     |
|    total_timesteps | 2294990   |
| train/             |           |
|    actor_loss      | 1         |
|    critic_loss     | 0.261     |
|    ent_coef        | 0.00644   |
|    ent_coef_loss   | -0.000934 |
|    learning_rate   | 0.0003    |
|    n_updates       | 2284970   |
----------------------------------
---------------------------------
| rollout/           |          |
|    ep_len_mean     | 47       |
|    ep_rew_mean     | -134     |
| time/              |          |
|    episodes        | 45148    |
|    fps             | 11       |
|    time_elapsed    | 17698    |
|    total_timesteps | 2295270  |
| train/             |          |
|    actor_loss      | 1.06     |
|    critic_loss     | 0.187    |
|    ent_coef        | 0.00637  |
|    ent_coef_loss   | 0.217    |
|    learning_rate   | 0.0003   |
|    n_updates       | 2285250  |
---------------------------------
---------------------------------
| rollout/           |          |
|    ep_len_mean     | 46.7     |
|    ep_rew_mean     | -133     |
| time/              |          |
|    episodes        | 45152    |
|    fps             | 11       |
|    time_elapsed    | 17708    |
|    total_timesteps | 2295420  |
| train/             |          |
|    actor_loss      | 1.13     |
|    critic_loss     | 0.226    |
|    ent_coef        | 0.00636  |
|    ent_coef_loss   | -0.212   |
|    learning_rate   | 0.0003   |
|    n_updates       | 2285400  |
---------------------------------
---------------------------------
| rollout/           |          |
|    ep_len_mean     | 46.6     |
|    ep_rew_mean     | -127     |
| time/              |          |
|    episodes        | 45156    |
|    fps             | 11       |
|    time_elapsed    | 17719    |
|    total_timesteps | 2295550  |
| train/             |          |
|    actor_loss      | 1.06     |
|    critic_loss     | 0.131    |
|    ent_coef        | 0.0063   |
|    ent_coef_loss   | -0.0705  |
|    learning_rate   | 0.0003   |
|    n_updates       | 2285530  |
---------------------------------
---------------------------------
| rollout/           |          |
|    ep_len_mean     | 47.4     |
|    ep_rew_mean     | -123     |
| time/              |          |
|    episodes        | 45160    |
|    fps             | 11       |
|    time_elapsed    | 17738    |
|    total_timesteps | 2295850  |
| train/             |          |
|    actor_loss      | 1.02     |
|    critic_loss     | 0.21     |
|    ent_coef        | 0.00627  |
|    ent_coef_loss   | -0.00853 |
|    learning_rate   | 0.0003   |
|    n_updates       | 2285830  |
---------------------------------
---------------------------------
| rollout/           |          |
|    ep_len_mean     | 47.6     |
|    ep_rew_mean     | -120     |
| time/              |          |
|    episodes        | 45164    |
|    fps             | 11       |
|    time_elapsed    | 17757    |
|    total_timesteps | 2296020  |
| train/             |          |
|    actor_loss      | 1.09     |
|    critic_loss     | 0.225    |
|    ent_coef        | 0.00632  |
|    ent_coef_loss   | 0.427    |
|    learning_rate   | 0.0003   |
|    n_updates       | 2286000  |
---------------------------------
---------------------------------
| rollout/           |          |
|    ep_len_mean     | 48.2     |
|    ep_rew_mean     | -111     |
| time/              |          |
|    episodes        | 45168    |
|    fps             | 11       |
|    time_elapsed    | 17771    |
|    total_timesteps | 2296190  |
| train/             |          |
|    actor_loss      | 1.03     |
|    critic_loss     | 0.231    |
|    ent_coef        | 0.00631  |
|    ent_coef_loss   | -0.126   |
|    learning_rate   | 0.0003   |
|    n_updates       | 2286170  |
---------------------------------
---------------------------------
| rollout/           |          |
|    ep_len_mean     | 48       |
|    ep_rew_mean     | -119     |
| time/              |          |
|    episodes        | 45172    |
|    fps             | 11       |
|    time_elapsed    | 17790    |
|    total_timesteps | 2296500  |
| train/             |          |
|    actor_loss      | 1.05     |
|    critic_loss     | 0.226    |
|    ent_coef        | 0.0064   |
|    ent_coef_loss   | -0.187   |
|    learning_rate   | 0.0003   |
|    n_updates       | 2286480  |
---------------------------------
---------------------------------
| rollout/           |          |
|    ep_len_mean     | 48.1     |
|    ep_rew_mean     | -115     |
| time/              |          |
|    episodes        | 45176    |
|    fps             | 11       |
|    time_elapsed    | 17799    |
|    total_timesteps | 2296640  |
| train/             |          |
|    actor_loss      | 0.979    |
|    critic_loss     | 0.213    |
|    ent_coef        | 0.00637  |
|    ent_coef_loss   | -0.153   |
|    learning_rate   | 0.0003   |
|    n_updates       | 2286620  |
---------------------------------
---------------------------------
| rollout/           |          |
|    ep_len_mean     | 47.6     |
|    ep_rew_mean     | -119     |
| time/              |          |
|    episodes        | 45180    |
|    fps             | 11       |
|    time_elapsed    | 17817    |
|    total_timesteps | 2296930  |
| train/             |          |
|    actor_loss      | 1.08     |
|    critic_loss     | 0.229    |
|    ent_coef        | 0.00641  |
|    ent_coef_loss   | 0.0102   |
|    learning_rate   | 0.0003   |
|    n_updates       | 2286910  |
---------------------------------
---------------------------------
| rollout/           |          |
|    ep_len_mean     | 47.6     |
|    ep_rew_mean     | -119     |
| time/              |          |
|    episodes        | 45184    |
|    fps             | 11       |
|    time_elapsed    | 17825    |
|    total_timesteps | 2297060  |
| train/             |          |
|    actor_loss      | 1.11     |
|    critic_loss     | 0.307    |
|    ent_coef        | 0.00648  |
|    ent_coef_loss   | 0.0932   |
|    learning_rate   | 0.0003   |
|    n_updates       | 2287040  |
---------------------------------
---------------------------------
| rollout/           |          |
|    ep_len_mean     | 47.7     |
|    ep_rew_mean     | -116     |
| time/              |          |
|    episodes        | 45188    |
|    fps             | 11       |
|    time_elapsed    | 17837    |
|    total_timesteps | 2297270  |
| train/             |          |
|    actor_loss      | 1.01     |
|    critic_loss     | 0.234    |
|    ent_coef        | 0.00657  |
|    ent_coef_loss   | -0.176   |
|    learning_rate   | 0.0003   |
|    n_updates       | 2287250  |
---------------------------------
---------------------------------
| rollout/           |          |
|    ep_len_mean     | 47.4     |
|    ep_rew_mean     | -127     |
| time/              |          |
|    episodes        | 45192    |
|    fps             | 11       |
|    time_elapsed    | 17859    |
|    total_timesteps | 2297490  |
| train/             |          |
|    actor_loss      | 1.11     |
|    critic_loss     | 0.172    |
|    ent_coef        | 0.00651  |
|    ent_coef_loss   | 0.0381   |
|    learning_rate   | 0.0003   |
|    n_updates       | 2287470  |
---------------------------------
---------------------------------
| rollout/           |          |
|    ep_len_mean     | 47       |
|    ep_rew_mean     | -130     |
| time/              |          |
|    episodes        | 45196    |
|    fps             | 11       |
|    time_elapsed    | 17870    |
|    total_timesteps | 2297610  |
| train/             |          |
|    actor_loss      | 1.09     |
|    critic_loss     | 0.206    |
|    ent_coef        | 0.00653  |
|    ent_coef_loss   | 0.145    |
|    learning_rate   | 0.0003   |
|    n_updates       | 2287590  |
---------------------------------
---------------------------------
| rollout/           |          |
|    ep_len_mean     | 46.8     |
|    ep_rew_mean     | -128     |
| time/              |          |
|    episodes        | 45200    |
|    fps             | 11       |
|    time_elapsed    | 17885    |
|    total_timesteps | 2297840  |
| train/             |          |
|    actor_loss      | 0.971    |
|    critic_loss     | 0.172    |
|    ent_coef        | 0.00646  |
|    ent_coef_loss   | -0.261   |
|    learning_rate   | 0.0003   |
|    n_updates       | 2287820  |
---------------------------------
---------------------------------
| rollout/           |          |
|    ep_len_mean     | 46.8     |
|    ep_rew_mean     | -122     |
| time/              |          |
|    episodes        | 45204    |
|    fps             | 11       |
|    time_elapsed    | 17894    |
|    total_timesteps | 2297930  |
| train/             |          |
|    actor_loss      | 1.07     |
|    critic_loss     | 0.312    |
|    ent_coef        | 0.00653  |
|    ent_coef_loss   | 0.417    |
|    learning_rate   | 0.0003   |
|    n_updates       | 2287910  |
---------------------------------
---------------------------------
| rollout/           |          |
|    ep_len_mean     | 46.8     |
|    ep_rew_mean     | -117     |
| time/              |          |
|    episodes        | 45208    |
|    fps             | 11       |
|    time_elapsed    | 17910    |
|    total_timesteps | 2298140  |
| train/             |          |
|    actor_loss      | 1.04     |
|    critic_loss     | 0.187    |
|    ent_coef        | 0.00657  |
|    ent_coef_loss   | 0.273    |
|    learning_rate   | 0.0003   |
|    n_updates       | 2288120  |
---------------------------------
---------------------------------
| rollout/           |          |
|    ep_len_mean     | 47.2     |
|    ep_rew_mean     | -120     |
| time/              |          |
|    episodes        | 45212    |
|    fps             | 11       |
|    time_elapsed    | 17933    |
|    total_timesteps | 2298470  |
| train/             |          |
|    actor_loss      | 1.01     |
|    critic_loss     | 0.174    |
|    ent_coef        | 0.00657  |
|    ent_coef_loss   | 0.0747   |
|    learning_rate   | 0.0003   |
|    n_updates       | 2288450  |
---------------------------------
---------------------------------
| rollout/           |          |
|    ep_len_mean     | 47.7     |
|    ep_rew_mean     | -113     |
| time/              |          |
|    episodes        | 45216    |
|    fps             | 11       |
|    time_elapsed    | 17938    |
|    total_timesteps | 2298500  |
| train/             |          |
|    actor_loss      | 1.01     |
|    critic_loss     | 0.257    |
|    ent_coef        | 0.00655  |
|    ent_coef_loss   | -0.171   |
|    learning_rate   | 0.0003   |
|    n_updates       | 2288480  |
---------------------------------
---------------------------------
| rollout/           |          |
|    ep_len_mean     | 47.9     |
|    ep_rew_mean     | -112     |
| time/              |          |
|    episodes        | 45220    |
|    fps             | 11       |
|    time_elapsed    | 17957    |
|    total_timesteps | 2298790  |
| train/             |          |
|    actor_loss      | 1        |
|    critic_loss     | 0.198    |
|    ent_coef        | 0.00646  |
|    ent_coef_loss   | 0.0148   |
|    learning_rate   | 0.0003   |
|    n_updates       | 2288770  |
---------------------------------
---------------------------------
| rollout/           |          |
|    ep_len_mean     | 47.5     |
|    ep_rew_mean     | -122     |
| time/              |          |
|    episodes        | 45224    |
|    fps             | 11       |
|    time_elapsed    | 17969    |
|    total_timesteps | 2298970  |
| train/             |          |
|    actor_loss      | 1.02     |
|    critic_loss     | 0.205    |
|    ent_coef        | 0.00646  |
|    ent_coef_loss   | 0.0233   |
|    learning_rate   | 0.0003   |
|    n_updates       | 2288950  |
---------------------------------
---------------------------------
| rollout/           |          |
|    ep_len_mean     | 47       |
|    ep_rew_mean     | -128     |
| time/              |          |
|    episodes        | 45228    |
|    fps             | 11       |
|    time_elapsed    | 17981    |
|    total_timesteps | 2299110  |
| train/             |          |
|    actor_loss      | 0.968    |
|    critic_loss     | 0.136    |
|    ent_coef        | 0.00648  |
|    ent_coef_loss   | -0.135   |
|    learning_rate   | 0.0003   |
|    n_updates       | 2289090  |
---------------------------------
---------------------------------
| rollout/           |          |
|    ep_len_mean     | 47.2     |
|    ep_rew_mean     | -132     |
| time/              |          |
|    episodes        | 45232    |
|    fps             | 11       |
|    time_elapsed    | 17997    |
|    total_timesteps | 2299370  |
| train/             |          |
|    actor_loss      | 1.09     |
|    critic_loss     | 0.214    |
|    ent_coef        | 0.00661  |
|    ent_coef_loss   | 0.263    |
|    learning_rate   | 0.0003   |
|    n_updates       | 2289350  |
---------------------------------
---------------------------------
| rollout/           |          |
|    ep_len_mean     | 47.6     |
|    ep_rew_mean     | -131     |
| time/              |          |
|    episodes        | 45236    |
|    fps             | 11       |
|    time_elapsed    | 18006    |
|    total_timesteps | 2299510  |
| train/             |          |
|    actor_loss      | 1.01     |
|    critic_loss     | 0.254    |
|    ent_coef        | 0.00665  |
|    ent_coef_loss   | -0.368   |
|    learning_rate   | 0.0003   |
|    n_updates       | 2289490  |
---------------------------------
---------------------------------
| rollout/           |          |
|    ep_len_mean     | 47.9     |
|    ep_rew_mean     | -133     |
| time/              |          |
|    episodes        | 45240    |
|    fps             | 11       |
|    time_elapsed    | 18026    |
|    total_timesteps | 2299700  |
| train/             |          |
|    actor_loss      | 1.08     |
|    critic_loss     | 0.212    |
|    ent_coef        | 0.00662  |
|    ent_coef_loss   | -0.16    |
|    learning_rate   | 0.0003   |
|    n_updates       | 2289680  |
---------------------------------
---------------------------------
| rollout/           |          |
|    ep_len_mean     | 47.9     |
|    ep_rew_mean     | -134     |
| time/              |          |
|    episodes        | 45244    |
|    fps             | 11       |
|    time_elapsed    | 18040    |
|    total_timesteps | 2299860  |
| train/             |          |
|    actor_loss      | 1.06     |
|    critic_loss     | 0.225    |
|    ent_coef        | 0.00653  |
|    ent_coef_loss   | -0.0644  |
|    learning_rate   | 0.0003   |
|    n_updates       | 2289840  |
---------------------------------
---------------------------------
| rollout/           |          |
|    ep_len_mean     | 48       |
|    ep_rew_mean     | -136     |
| time/              |          |
|    episodes        | 45248    |
|    fps             | 11       |
|    time_elapsed    | 18049    |
|    total_timesteps | 2299950  |
| train/             |          |
|    actor_loss      | 1.08     |
|    critic_loss     | 0.218    |
|    ent_coef        | 0.00653  |
|    ent_coef_loss   | 0.414    |
|    learning_rate   | 0.0003   |
|    n_updates       | 2289930  |
---------------------------------
[ENTROPY] t=2,300,000: target restored to -2.0
[EVAL] t=2,300,000 supervisor off goal 0.70 collision 0.30 | dev goal 0.93 | field goal 0.52 (NT 0.87 HO 0.28 CRP 0.64 CRS 0.32 OT 0.56 BO 0.40) (177.1 s)
[EVAL] t=2,300,000 supervisor on goal 0.69 collision 0.31 | dev goal 0.91 | field goal 0.52 (NT 0.87 HO 0.28 CRP 0.64 CRS 0.32 OT 0.52 BO 0.40) (191.5 s)
-----------------------------------
| eval_supervisor_off/ |          |
|    collision_rate    | 0.302    |
|    dev/collision     | 0.075    |
|    dev/goal          | 0.925    |
|    episodes          | 275      |
|    eval_wall_s       | 177      |
|    field/BO/goal     | 0.4      |
|    field/CRP/goal    | 0.64     |
|    field/CRS/goal    | 0.32     |
|    field/HO/goal     | 0.28     |
|    field/NT/goal     | 0.867    |
|    field/OT/goal     | 0.56     |
|    field/collision   | 0.477    |
|    field/goal        | 0.523    |
|    goal_rate         | 0.698    |
|    intervention_rate | 0        |
|    mean_return       | -91.3    |
|    timeout_rate      | 0        |
|    timesteps         | 2300000  |
| eval_supervisor_on/  |          |
|    collision_rate    | 0.313    |
|    dev/collision     | 0.0917   |
|    dev/goal          | 0.908    |
|    episodes          | 275      |
|    eval_wall_s       | 192      |
|    field/BO/goal     | 0.4      |
|    field/CRP/goal    | 0.64     |
|    field/CRS/goal    | 0.32     |
|    field/HO/goal     | 0.28     |
|    field/NT/goal     | 0.867    |
|    field/OT/goal     | 0.52     |
|    field/collision   | 0.484    |
|    field/goal        | 0.516    |
|    goal_rate         | 0.687    |
|    intervention_rate | 0.0218   |
|    mean_return       | -100     |
|    timeout_rate      | 0        |
|    timesteps         | 2300000  |
| rollout/             |          |
|    ep_len_mean       | 47.8     |
|    ep_rew_mean       | -144     |
| time/                |          |
|    episodes          | 45252    |
|    fps               | 10       |
|    time_elapsed      | 18436    |
|    total_timesteps   | 2300150  |
| train/               |          |
|    actor_loss        | 1.14     |
|    critic_loss       | 0.283    |
|    ent_coef          | 0.00562  |
|    ent_coef_loss     | -4.53    |
|    learning_rate     | 0.0003   |
|    n_updates         | 2290130  |
-----------------------------------
---------------------------------
| rollout/           |          |
|    ep_len_mean     | 47.5     |
|    ep_rew_mean     | -143     |
| time/              |          |
|    episodes        | 45256    |
|    fps             | 10       |
|    time_elapsed    | 18447    |
|    total_timesteps | 2300320  |
| train/             |          |
|    actor_loss      | 1.04     |
|    critic_loss     | 0.243    |
|    ent_coef        | 0.00509  |
|    ent_coef_loss   | -4.64    |
|    learning_rate   | 0.0003   |
|    n_updates       | 2290300  |
---------------------------------
---------------------------------
| rollout/           |          |
|    ep_len_mean     | 46.8     |
|    ep_rew_mean     | -143     |
| time/              |          |
|    episodes        | 45260    |
|    fps             | 10       |
|    time_elapsed    | 18459    |
|    total_timesteps | 2300480  |
| train/             |          |
|    actor_loss      | 1.07     |
|    critic_loss     | 0.278    |
|    ent_coef        | 0.00473  |
|    ent_coef_loss   | -4.19    |
|    learning_rate   | 0.0003   |
|    n_updates       | 2290460  |
---------------------------------
---------------------------------
| rollout/           |          |
|    ep_len_mean     | 46.8     |
|    ep_rew_mean     | -147     |
| time/              |          |
|    episodes        | 45264    |
|    fps             | 10       |
|    time_elapsed    | 18479    |
|    total_timesteps | 2300720  |
| train/             |          |
|    actor_loss      | 1.03     |
|    critic_loss     | 0.256    |
|    ent_coef        | 0.00433  |
|    ent_coef_loss   | -3.99    |
|    learning_rate   | 0.0003   |
|    n_updates       | 2290700  |
---------------------------------
---------------------------------
| rollout/           |          |
|    ep_len_mean     | 46.5     |
|    ep_rew_mean     | -148     |
| time/              |          |
|    episodes        | 45268    |
|    fps             | 10       |
|    time_elapsed    | 18488    |
|    total_timesteps | 2300860  |
| train/             |          |
|    actor_loss      | 1.07     |
|    critic_loss     | 0.207    |
|    ent_coef        | 0.00415  |
|    ent_coef_loss   | -2.53    |
|    learning_rate   | 0.0003   |
|    n_updates       | 2290840  |
---------------------------------
---------------------------------
| rollout/           |          |
|    ep_len_mean     | 46.2     |
|    ep_rew_mean     | -140     |
| time/              |          |
|    episodes        | 45272    |
|    fps             | 10       |
|    time_elapsed    | 18501    |
|    total_timesteps | 2301050  |
| train/             |          |
|    actor_loss      | 1.15     |
|    critic_loss     | 0.276    |
|    ent_coef        | 0.00395  |
|    ent_coef_loss   | -3.19    |
|    learning_rate   | 0.0003   |
|    n_updates       | 2291030  |
---------------------------------
---------------------------------
| rollout/           |          |
|    ep_len_mean     | 45.6     |
|    ep_rew_mean     | -147     |
| time/              |          |
|    episodes        | 45276    |
|    fps             | 10       |
|    time_elapsed    | 18513    |
|    total_timesteps | 2301180  |
| train/             |          |
|    actor_loss      | 1.03     |
|    critic_loss     | 0.159    |
|    ent_coef        | 0.00381  |
|    ent_coef_loss   | -2.6     |
|    learning_rate   | 0.0003   |
|    n_updates       | 2291160  |
---------------------------------
---------------------------------
| rollout/           |          |
|    ep_len_mean     | 45.7     |
|    ep_rew_mean     | -151     |
| time/              |          |
|    episodes        | 45280    |
|    fps             | 10       |
|    time_elapsed    | 18529    |
|    total_timesteps | 2301450  |
| train/             |          |
|    actor_loss      | 1.03     |
|    critic_loss     | 0.204    |
|    ent_coef        | 0.00356  |
|    ent_coef_loss   | -2.19    |
|    learning_rate   | 0.0003   |
|    n_updates       | 2291430  |
---------------------------------
---------------------------------
| rollout/           |          |
|    ep_len_mean     | 45.7     |
|    ep_rew_mean     | -151     |
| time/              |          |
|    episodes        | 45284    |
|    fps             | 10       |
|    time_elapsed    | 18544    |
|    total_timesteps | 2301640  |
| train/             |          |
|    actor_loss      | 1.04     |
|    critic_loss     | 0.161    |
|    ent_coef        | 0.00342  |
|    ent_coef_loss   | -2.11    |
|    learning_rate   | 0.0003   |
|    n_updates       | 2291620  |
---------------------------------
---------------------------------
| rollout/           |          |
|    ep_len_mean     | 45.1     |
|    ep_rew_mean     | -152     |
| time/              |          |
|    episodes        | 45288    |
|    fps             | 10       |
|    time_elapsed    | 18554    |
|    total_timesteps | 2301780  |
| train/             |          |
|    actor_loss      | 1.02     |
|    critic_loss     | 0.239    |
|    ent_coef        | 0.00334  |
|    ent_coef_loss   | -2.3     |
|    learning_rate   | 0.0003   |
|    n_updates       | 2291760  |
---------------------------------
---------------------------------
| rollout/           |          |
|    ep_len_mean     | 45.6     |
|    ep_rew_mean     | -146     |
| time/              |          |
|    episodes        | 45292    |
|    fps             | 10       |
|    time_elapsed    | 18564    |
|    total_timesteps | 2301930  |
| train/             |          |
|    actor_loss      | 1.05     |
|    critic_loss     | 0.223    |
|    ent_coef        | 0.00322  |
|    ent_coef_loss   | -1.55    |
|    learning_rate   | 0.0003   |
|    n_updates       | 2291910  |
---------------------------------
---------------------------------
| rollout/           |          |
|    ep_len_mean     | 45       |
|    ep_rew_mean     | -150     |
| time/              |          |
|    episodes        | 45296    |
|    fps             | 10       |
|    time_elapsed    | 18581    |
|    total_timesteps | 2302140  |
| train/             |          |
|    actor_loss      | 1.04     |
|    critic_loss     | 0.189    |
|    ent_coef        | 0.0031   |
|    ent_coef_loss   | -0.964   |
|    learning_rate   | 0.0003   |
|    n_updates       | 2292120  |
---------------------------------
---------------------------------
| rollout/           |          |
|    ep_len_mean     | 45.1     |
|    ep_rew_mean     | -149     |
| time/              |          |
|    episodes        | 45300    |
|    fps             | 10       |
|    time_elapsed    | 18595    |
|    total_timesteps | 2302350  |
| train/             |          |
|    actor_loss      | 1.07     |
|    critic_loss     | 0.209    |
|    ent_coef        | 0.00299  |
|    ent_coef_loss   | -1.02    |
|    learning_rate   | 0.0003   |
|    n_updates       | 2292330  |
---------------------------------
---------------------------------
| rollout/           |          |
|    ep_len_mean     | 45       |
|    ep_rew_mean     | -152     |
| time/              |          |
|    episodes        | 45304    |
|    fps             | 10       |
|    time_elapsed    | 18600    |
|    total_timesteps | 2302450  |
| train/             |          |
|    actor_loss      | 1.02     |
|    critic_loss     | 0.222    |
|    ent_coef        | 0.00294  |
|    ent_coef_loss   | -0.674   |
|    learning_rate   | 0.0003   |
|    n_updates       | 2292430  |
---------------------------------
---------------------------------
| rollout/           |          |
|    ep_len_mean     | 44.9     |
|    ep_rew_mean     | -145     |
| time/              |          |
|    episodes        | 45308    |
|    fps             | 10       |
|    time_elapsed    | 18618    |
|    total_timesteps | 2302660  |
| train/             |          |
|    actor_loss      | 1.06     |
|    critic_loss     | 0.235    |
|    ent_coef        | 0.00286  |
|    ent_coef_loss   | -1.04    |
|    learning_rate   | 0.0003   |
|    n_updates       | 2292640  |
---------------------------------
---------------------------------
| rollout/           |          |
|    ep_len_mean     | 44.1     |
|    ep_rew_mean     | -146     |
| time/              |          |
|    episodes        | 45312    |
|    fps             | 10       |
|    time_elapsed    | 18627    |
|    total_timesteps | 2302780  |
| train/             |          |
|    actor_loss      | 0.928    |
|    critic_loss     | 0.279    |
|    ent_coef        | 0.00281  |
|    ent_coef_loss   | -1       |
|    learning_rate   | 0.0003   |
|    n_updates       | 2292760  |
---------------------------------
---------------------------------
| rollout/           |          |
|    ep_len_mean     | 43.2     |
|    ep_rew_mean     | -152     |
| time/              |          |
|    episodes        | 45316    |
|    fps             | 10       |
|    time_elapsed    | 18644    |
|    total_timesteps | 2302940  |
| train/             |          |
|    actor_loss      | 0.987    |
|    critic_loss     | 0.28     |
|    ent_coef        | 0.00274  |
|    ent_coef_loss   | -0.801   |
|    learning_rate   | 0.0003   |
|    n_updates       | 2292920  |
---------------------------------
---------------------------------
| rollout/           |          |
|    ep_len_mean     | 43.6     |
|    ep_rew_mean     | -142     |
| time/              |          |
|    episodes        | 45320    |
|    fps             | 10       |
|    time_elapsed    | 18655    |
|    total_timesteps | 2303080  |
| train/             |          |
|    actor_loss      | 0.884    |
|    critic_loss     | 0.175    |
|    ent_coef        | 0.00271  |
|    ent_coef_loss   | -1.13    |
|    learning_rate   | 0.0003   |
|    n_updates       | 2293060  |
---------------------------------
---------------------------------
| rollout/           |          |
|    ep_len_mean     | 43.3     |
|    ep_rew_mean     | -140     |
| time/              |          |
|    episodes        | 45324    |
|    fps             | 10       |
|    time_elapsed    | 18675    |
|    total_timesteps | 2303350  |
| train/             |          |
|    actor_loss      | 0.935    |
|    critic_loss     | 0.179    |
|    ent_coef        | 0.00263  |
|    ent_coef_loss   | -1.54    |
|    learning_rate   | 0.0003   |
|    n_updates       | 2293330  |
---------------------------------
---------------------------------
| rollout/           |          |
|    ep_len_mean     | 43.4     |
|    ep_rew_mean     | -135     |
| time/              |          |
|    episodes        | 45328    |
|    fps             | 10       |
|    time_elapsed    | 18690    |
|    total_timesteps | 2303460  |
| train/             |          |
|    actor_loss      | 1.09     |
|    critic_loss     | 0.286    |
|    ent_coef        | 0.0026   |
|    ent_coef_loss   | -0.576   |
|    learning_rate   | 0.0003   |
|    n_updates       | 2293440  |
---------------------------------
---------------------------------
| rollout/           |          |
|    ep_len_mean     | 43.6     |
|    ep_rew_mean     | -129     |
| time/              |          |
|    episodes        | 45332    |
|    fps             | 10       |
|    time_elapsed    | 18708    |
|    total_timesteps | 2303690  |
| train/             |          |
|    actor_loss      | 1.08     |
|    critic_loss     | 0.232    |
|    ent_coef        | 0.00254  |
|    ent_coef_loss   | -0.263   |
|    learning_rate   | 0.0003   |
|    n_updates       | 2293670  |
---------------------------------
---------------------------------
| rollout/           |          |
|    ep_len_mean     | 43.4     |
|    ep_rew_mean     | -135     |
| time/              |          |
|    episodes        | 45336    |
|    fps             | 10       |
|    time_elapsed    | 18724    |
|    total_timesteps | 2303910  |
| train/             |          |
|    actor_loss      | 1.02     |
|    critic_loss     | 0.179    |
|    ent_coef        | 0.00251  |
|    ent_coef_loss   | -0.573   |
|    learning_rate   | 0.0003   |
|    n_updates       | 2293890  |
---------------------------------
---------------------------------
| rollout/           |          |
|    ep_len_mean     | 43.6     |
|    ep_rew_mean     | -128     |
| time/              |          |
|    episodes        | 45340    |
|    fps             | 10       |
|    time_elapsed    | 18734    |
|    total_timesteps | 2304090  |
| train/             |          |
|    actor_loss      | 0.944    |
|    critic_loss     | 0.209    |
|    ent_coef        | 0.00249  |
|    ent_coef_loss   | -0.374   |
|    learning_rate   | 0.0003   |
|    n_updates       | 2294070  |
---------------------------------
---------------------------------
| rollout/           |          |
|    ep_len_mean     | 44       |
|    ep_rew_mean     | -131     |
| time/              |          |
|    episodes        | 45344    |
|    fps             | 10       |
|    time_elapsed    | 18743    |
|    total_timesteps | 2304220  |
| train/             |          |
|    actor_loss      | 1.03     |
|    critic_loss     | 0.211    |
|    ent_coef        | 0.00248  |
|    ent_coef_loss   | -0.204   |
|    learning_rate   | 0.0003   |
|    n_updates       | 2294200  |
---------------------------------
---------------------------------
| rollout/           |          |
|    ep_len_mean     | 44.1     |
|    ep_rew_mean     | -125     |
| time/              |          |
|    episodes        | 45348    |
|    fps             | 10       |
|    time_elapsed    | 18756    |
|    total_timesteps | 2304400  |
| train/             |          |
|    actor_loss      | 1.05     |
|    critic_loss     | 0.231    |
|    ent_coef        | 0.00243  |
|    ent_coef_loss   | 0.652    |
|    learning_rate   | 0.0003   |
|    n_updates       | 2294380  |
---------------------------------
---------------------------------
| rollout/           |          |
|    ep_len_mean     | 44.1     |
|    ep_rew_mean     | -121     |
| time/              |          |
|    episodes        | 45352    |
|    fps             | 10       |
|    time_elapsed    | 18770    |
|    total_timesteps | 2304620  |
| train/             |          |
|    actor_loss      | 0.951    |
|    critic_loss     | 0.186    |
|    ent_coef        | 0.00249  |
|    ent_coef_loss   | -0.259   |
|    learning_rate   | 0.0003   |
|    n_updates       | 2294600  |
---------------------------------
---------------------------------
| rollout/           |          |
|    ep_len_mean     | 45       |
|    ep_rew_mean     | -118     |
| time/              |          |
|    episodes        | 45356    |
|    fps             | 10       |
|    time_elapsed    | 18784    |
|    total_timesteps | 2304830  |
| train/             |          |
|    actor_loss      | 1.02     |
|    critic_loss     | 0.206    |
|    ent_coef        | 0.0025   |
|    ent_coef_loss   | -0.027   |
|    learning_rate   | 0.0003   |
|    n_updates       | 2294810  |
---------------------------------
---------------------------------
| rollout/           |          |
|    ep_len_mean     | 45.5     |
|    ep_rew_mean     | -115     |
| time/              |          |
|    episodes        | 45360    |
|    fps             | 10       |
|    time_elapsed    | 18798    |
|    total_timesteps | 2305010  |
| train/             |          |
|    actor_loss      | 1.03     |
|    critic_loss     | 0.247    |
|    ent_coef        | 0.00252  |
|    ent_coef_loss   | -0.649   |
|    learning_rate   | 0.0003   |
|    n_updates       | 2294990  |
---------------------------------
---------------------------------
| rollout/           |          |
|    ep_len_mean     | 44.9     |
|    ep_rew_mean     | -119     |
| time/              |          |
|    episodes        | 45364    |
|    fps             | 10       |
|    time_elapsed    | 18806    |
|    total_timesteps | 2305130  |
| train/             |          |
|    actor_loss      | 1.04     |
|    critic_loss     | 0.223    |
|    ent_coef        | 0.00253  |
|    ent_coef_loss   | 0.609    |
|    learning_rate   | 0.0003   |
|    n_updates       | 2295110  |
---------------------------------
---------------------------------
| rollout/           |          |
|    ep_len_mean     | 44.2     |
|    ep_rew_mean     | -130     |
| time/              |          |
|    episodes        | 45368    |
|    fps             | 10       |
|    time_elapsed    | 18819    |
|    total_timesteps | 2305270  |
| train/             |          |
|    actor_loss      | 0.937    |
|    critic_loss     | 0.196    |
|    ent_coef        | 0.00255  |
|    ent_coef_loss   | 0.0538   |
|    learning_rate   | 0.0003   |
|    n_updates       | 2295250  |
---------------------------------
---------------------------------
| rollout/           |          |
|    ep_len_mean     | 44.2     |
|    ep_rew_mean     | -134     |
| time/              |          |
|    episodes        | 45372    |
|    fps             | 10       |
|    time_elapsed    | 18835    |
|    total_timesteps | 2305470  |
| train/             |          |
|    actor_loss      | 0.968    |
|    critic_loss     | 0.166    |
|    ent_coef        | 0.00253  |
|    ent_coef_loss   | -0.394   |
|    learning_rate   | 0.0003   |
|    n_updates       | 2295450  |
---------------------------------
---------------------------------
| rollout/           |          |
|    ep_len_mean     | 44.1     |
|    ep_rew_mean     | -134     |
| time/              |          |
|    episodes        | 45376    |
|    fps             | 10       |
|    time_elapsed    | 18849    |
|    total_timesteps | 2305690  |
| train/             |          |
|    actor_loss      | 1.03     |
|    critic_loss     | 0.332    |
|    ent_coef        | 0.00252  |
|    ent_coef_loss   | 0.107    |
|    learning_rate   | 0.0003   |
|    n_updates       | 2295670  |
---------------------------------
---------------------------------
| rollout/           |          |
|    ep_len_mean     | 44.4     |
|    ep_rew_mean     | -130     |
| time/              |          |
|    episodes        | 45380    |
|    fps             | 10       |
|    time_elapsed    | 18855    |
|    total_timesteps | 2305800  |
| train/             |          |
|    actor_loss      | 1.04     |
|    critic_loss     | 0.182    |
|    ent_coef        | 0.00252  |
|    ent_coef_loss   | 0.513    |
|    learning_rate   | 0.0003   |
|    n_updates       | 2295780  |
---------------------------------
---------------------------------
| rollout/           |          |
|    ep_len_mean     | 44.5     |
|    ep_rew_mean     | -130     |
| time/              |          |
|    episodes        | 45384    |
|    fps             | 10       |
|    time_elapsed    | 18879    |
|    total_timesteps | 2306160  |
| train/             |          |
|    actor_loss      | 0.978    |
|    critic_loss     | 0.26     |
|    ent_coef        | 0.00252  |
|    ent_coef_loss   | 0.579    |
|    learning_rate   | 0.0003   |
|    n_updates       | 2296140  |
---------------------------------
---------------------------------
| rollout/           |          |
|    ep_len_mean     | 44.7     |
|    ep_rew_mean     | -129     |
| time/              |          |
|    episodes        | 45388    |
|    fps             | 10       |
|    time_elapsed    | 18890    |
|    total_timesteps | 2306260  |
| train/             |          |
|    actor_loss      | 0.971    |
|    critic_loss     | 0.181    |
|    ent_coef        | 0.00256  |
|    ent_coef_loss   | 0.396    |
|    learning_rate   | 0.0003   |
|    n_updates       | 2296240  |
---------------------------------
---------------------------------
| rollout/           |          |
|    ep_len_mean     | 44.5     |
|    ep_rew_mean     | -127     |
| time/              |          |
|    episodes        | 45392    |
|    fps             | 10       |
|    time_elapsed    | 18902    |
|    total_timesteps | 2306330  |
| train/             |          |
|    actor_loss      | 1.08     |
|    critic_loss     | 0.23     |
|    ent_coef        | 0.00257  |
|    ent_coef_loss   | -0.2     |
|    learning_rate   | 0.0003   |
|    n_updates       | 2296310  |
---------------------------------
---------------------------------
| rollout/           |          |
|    ep_len_mean     | 44.2     |
|    ep_rew_mean     | -129     |
| time/              |          |
|    episodes        | 45396    |
|    fps             | 10       |
|    time_elapsed    | 18915    |
|    total_timesteps | 2306510  |
| train/             |          |
|    actor_loss      | 0.953    |
|    critic_loss     | 0.149    |
|    ent_coef        | 0.00256  |
|    ent_coef_loss   | 0.468    |
|    learning_rate   | 0.0003   |
|    n_updates       | 2296490  |
---------------------------------
---------------------------------
| rollout/           |          |
|    ep_len_mean     | 43.6     |
|    ep_rew_mean     | -129     |
| time/              |          |
|    episodes        | 45400    |
|    fps             | 10       |
|    time_elapsed    | 18932    |
|    total_timesteps | 2306690  |
| train/             |          |
|    actor_loss      | 0.969    |
|    critic_loss     | 0.179    |
|    ent_coef        | 0.00257  |
|    ent_coef_loss   | 0.295    |
|    learning_rate   | 0.0003   |
|    n_updates       | 2296670  |
---------------------------------
---------------------------------
| rollout/           |          |
|    ep_len_mean     | 43.5     |
|    ep_rew_mean     | -128     |
| time/              |          |
|    episodes        | 45404    |
|    fps             | 10       |
|    time_elapsed    | 18936    |
|    total_timesteps | 2306750  |
| train/             |          |
|    actor_loss      | 1.04     |
|    critic_loss     | 0.207    |
|    ent_coef        | 0.00258  |
|    ent_coef_loss   | 0.374    |
|    learning_rate   | 0.0003   |
|    n_updates       | 2296730  |
---------------------------------
---------------------------------
| rollout/           |          |
|    ep_len_mean     | 43.1     |
|    ep_rew_mean     | -143     |
| time/              |          |
|    episodes        | 45408    |
|    fps             | 10       |
|    time_elapsed    | 18961    |
|    total_timesteps | 2307080  |
| train/             |          |
|    actor_loss      | 0.89     |
|    critic_loss     | 0.232    |
|    ent_coef        | 0.00252  |
|    ent_coef_loss   | -0.616   |
|    learning_rate   | 0.0003   |
|    n_updates       | 2297060  |
---------------------------------
---------------------------------
| rollout/           |          |
|    ep_len_mean     | 44.3     |
|    ep_rew_mean     | -134     |
| time/              |          |
|    episodes        | 45412    |
|    fps             | 10       |
|    time_elapsed    | 18975    |
|    total_timesteps | 2307250  |
| train/             |          |
|    actor_loss      | 0.924    |
|    critic_loss     | 0.147    |
|    ent_coef        | 0.00248  |
|    ent_coef_loss   | 0.00872  |
|    learning_rate   | 0.0003   |
|    n_updates       | 2297230  |
---------------------------------
---------------------------------
| rollout/           |          |
|    ep_len_mean     | 44.9     |
|    ep_rew_mean     | -125     |
| time/              |          |
|    episodes        | 45416    |
|    fps             | 10       |
|    time_elapsed    | 18981    |
|    total_timesteps | 2307320  |
| train/             |          |
|    actor_loss      | 1.08     |
|    critic_loss     | 0.339    |
|    ent_coef        | 0.0025   |
|    ent_coef_loss   | -0.205   |
|    learning_rate   | 0.0003   |
|    n_updates       | 2297300  |
---------------------------------
---------------------------------
| rollout/           |          |
|    ep_len_mean     | 44.5     |
|    ep_rew_mean     | -136     |
| time/              |          |
|    episodes        | 45420    |
|    fps             | 10       |
|    time_elapsed    | 19007    |
|    total_timesteps | 2307720  |
| train/             |          |
|    actor_loss      | 0.992    |
|    critic_loss     | 0.2      |
|    ent_coef        | 0.00252  |
|    ent_coef_loss   | -0.473   |
|    learning_rate   | 0.0003   |
|    n_updates       | 2297700  |
---------------------------------
---------------------------------
| rollout/           |          |
|    ep_len_mean     | 44.9     |
|    ep_rew_mean     | -134     |
| time/              |          |
|    episodes        | 45424    |
|    fps             | 10       |
|    time_elapsed    | 19019    |
|    total_timesteps | 2307850  |
| train/             |          |
|    actor_loss      | 0.988    |
|    critic_loss     | 0.266    |
|    ent_coef        | 0.00251  |
|    ent_coef_loss   | 0.103    |
|    learning_rate   | 0.0003   |
|    n_updates       | 2297830  |
---------------------------------
---------------------------------
| rollout/           |          |
|    ep_len_mean     | 44.9     |
|    ep_rew_mean     | -143     |
| time/              |          |
|    episodes        | 45428    |
|    fps             | 10       |
|    time_elapsed    | 19035    |
|    total_timesteps | 2308050  |
| train/             |          |
|    actor_loss      | 1.01     |
|    critic_loss     | 0.175    |
|    ent_coef        | 0.00247  |
|    ent_coef_loss   | -0.0281  |
|    learning_rate   | 0.0003   |
|    n_updates       | 2298030  |
---------------------------------
---------------------------------
| rollout/           |          |
|    ep_len_mean     | 45.3     |
|    ep_rew_mean     | -154     |
| time/              |          |
|    episodes        | 45432    |
|    fps             | 10       |
|    time_elapsed    | 19043    |
|    total_timesteps | 2308170  |
| train/             |          |
|    actor_loss      | 1.01     |
|    critic_loss     | 0.277    |
|    ent_coef        | 0.00243  |
|    ent_coef_loss   | -0.0525  |
|    learning_rate   | 0.0003   |
|    n_updates       | 2298150  |
---------------------------------
---------------------------------
| rollout/           |          |
|    ep_len_mean     | 45.3     |
|    ep_rew_mean     | -149     |
| time/              |          |
|    episodes        | 45436    |
|    fps             | 10       |
|    time_elapsed    | 19059    |
|    total_timesteps | 2308360  |
| train/             |          |
|    actor_loss      | 1.01     |
|    critic_loss     | 0.17     |
|    ent_coef        | 0.00243  |
|    ent_coef_loss   | -0.00122 |
|    learning_rate   | 0.0003   |
|    n_updates       | 2298340  |
---------------------------------
---------------------------------
| rollout/           |          |
|    ep_len_mean     | 44.5     |
|    ep_rew_mean     | -161     |
| time/              |          |
|    episodes        | 45440    |
|    fps             | 10       |
|    time_elapsed    | 19072    |
|    total_timesteps | 2308590  |
| train/             |          |
|    actor_loss      | 0.958    |
|    critic_loss     | 0.184    |
|    ent_coef        | 0.00247  |
|    ent_coef_loss   | 0.446    |
|    learning_rate   | 0.0003   |
|    n_updates       | 2298570  |
---------------------------------
---------------------------------
| rollout/           |          |
|    ep_len_mean     | 44.6     |
|    ep_rew_mean     | -152     |
| time/              |          |
|    episodes        | 45444    |
|    fps             | 10       |
|    time_elapsed    | 19082    |
|    total_timesteps | 2308710  |
| train/             |          |
|    actor_loss      | 1.04     |
|    critic_loss     | 0.175    |
|    ent_coef        | 0.00251  |
|    ent_coef_loss   | 0.434    |
|    learning_rate   | 0.0003   |
|    n_updates       | 2298690  |
---------------------------------
---------------------------------
| rollout/           |          |
|    ep_len_mean     | 44.8     |
|    ep_rew_mean     | -157     |
| time/              |          |
|    episodes        | 45448    |
|    fps             | 10       |
|    time_elapsed    | 19093    |
|    total_timesteps | 2308890  |
| train/             |          |
|    actor_loss      | 0.967    |
|    critic_loss     | 0.165    |
|    ent_coef        | 0.00252  |
|    ent_coef_loss   | -0.706   |
|    learning_rate   | 0.0003   |
|    n_updates       | 2298870  |
---------------------------------
---------------------------------
| rollout/           |          |
|    ep_len_mean     | 44.5     |
|    ep_rew_mean     | -159     |
| time/              |          |
|    episodes        | 45452    |
|    fps             | 10       |
|    time_elapsed    | 19106    |
|    total_timesteps | 2309040  |
| train/             |          |
|    actor_loss      | 1.02     |
|    critic_loss     | 0.212    |
|    ent_coef        | 0.00256  |
|    ent_coef_loss   | 0.656    |
|    learning_rate   | 0.0003   |
|    n_updates       | 2299020  |
---------------------------------
---------------------------------
| rollout/           |          |
|    ep_len_mean     | 44.3     |
|    ep_rew_mean     | -159     |
| time/              |          |
|    episodes        | 45456    |
|    fps             | 10       |
|    time_elapsed    | 19124    |
|    total_timesteps | 2309310  |
| train/             |          |
|    actor_loss      | 0.97     |
|    critic_loss     | 0.229    |
|    ent_coef        | 0.00258  |
|    ent_coef_loss   | -0.393   |
|    learning_rate   | 0.0003   |
|    n_updates       | 2299290  |
---------------------------------
---------------------------------
| rollout/           |          |
|    ep_len_mean     | 44.3     |
|    ep_rew_mean     | -161     |
| time/              |          |
|    episodes        | 45460    |
|    fps             | 10       |
|    time_elapsed    | 19135    |
|    total_timesteps | 2309480  |
| train/             |          |
|    actor_loss      | 0.925    |
|    critic_loss     | 0.242    |
|    ent_coef        | 0.00253  |
|    ent_coef_loss   | -0.0553  |
|    learning_rate   | 0.0003   |
|    n_updates       | 2299460  |
---------------------------------
---------------------------------
| rollout/           |          |
|    ep_len_mean     | 44.2     |
|    ep_rew_mean     | -164     |
| time/              |          |
|    episodes        | 45464    |
|    fps             | 10       |
|    time_elapsed    | 19145    |
|    total_timesteps | 2309630  |
| train/             |          |
|    actor_loss      | 1        |
|    critic_loss     | 0.28     |
|    ent_coef        | 0.0025   |
|    ent_coef_loss   | 0.172    |
|    learning_rate   | 0.0003   |
|    n_updates       | 2299610  |
---------------------------------
---------------------------------
| rollout/           |          |
|    ep_len_mean     | 45       |
|    ep_rew_mean     | -155     |
| time/              |          |
|    episodes        | 45468    |
|    fps             | 10       |
|    time_elapsed    | 19159    |
|    total_timesteps | 2309800  |
| train/             |          |
|    actor_loss      | 1.13     |
|    critic_loss     | 0.184    |
|    ent_coef        | 0.00253  |
|    ent_coef_loss   | 0.669    |
|    learning_rate   | 0.0003   |
|    n_updates       | 2299780  |
---------------------------------
---------------------------------
| rollout/           |          |
|    ep_len_mean     | 45       |
|    ep_rew_mean     | -157     |
| time/              |          |
|    episodes        | 45472    |
|    fps             | 10       |
|    time_elapsed    | 19167    |
|    total_timesteps | 2309940  |
| train/             |          |
|    actor_loss      | 1.06     |
|    critic_loss     | 0.187    |
|    ent_coef        | 0.00254  |
|    ent_coef_loss   | 0.332    |
|    learning_rate   | 0.0003   |
|    n_updates       | 2299920  |
---------------------------------
---------------------------------
| rollout/           |          |
|    ep_len_mean     | 44.8     |
|    ep_rew_mean     | -157     |
| time/              |          |
|    episodes        | 45476    |
|    fps             | 10       |
|    time_elapsed    | 19181    |
|    total_timesteps | 2310040  |
| train/             |          |
|    actor_loss      | 0.998    |
|    critic_loss     | 0.168    |
|    ent_coef        | 0.00255  |
|    ent_coef_loss   | 0.931    |
|    learning_rate   | 0.0003   |
|    n_updates       | 2300020  |
---------------------------------
---------------------------------
| rollout/           |          |
|    ep_len_mean     | 43.7     |
|    ep_rew_mean     | -156     |
| time/              |          |
|    episodes        | 45480    |
|    fps             | 10       |
|    time_elapsed    | 19198    |
|    total_timesteps | 2310240  |
| train/             |          |
|    actor_loss      | 1.02     |
|    critic_loss     | 0.215    |
|    ent_coef        | 0.0026   |
|    ent_coef_loss   | 0.159    |
|    learning_rate   | 0.0003   |
|    n_updates       | 2300220  |
---------------------------------
---------------------------------
| rollout/           |          |
|    ep_len_mean     | 43.3     |
|    ep_rew_mean     | -156     |
| time/              |          |
|    episodes        | 45484    |
|    fps             | 10       |
|    time_elapsed    | 19212    |
|    total_timesteps | 2310370  |
| train/             |          |
|    actor_loss      | 1.04     |
|    critic_loss     | 0.257    |
|    ent_coef        | 0.0026   |
|    ent_coef_loss   | 0.192    |
|    learning_rate   | 0.0003   |
|    n_updates       | 2300350  |
---------------------------------
---------------------------------
| rollout/           |          |
|    ep_len_mean     | 43       |
|    ep_rew_mean     | -159     |
| time/              |          |
|    episodes        | 45488    |
|    fps             | 10       |
|    time_elapsed    | 19225    |
|    total_timesteps | 2310540  |
| train/             |          |
|    actor_loss      | 1.02     |
|    critic_loss     | 0.159    |
|    ent_coef        | 0.00262  |
|    ent_coef_loss   | 0.0204   |
|    learning_rate   | 0.0003   |
|    n_updates       | 2300520  |
---------------------------------
---------------------------------
| rollout/           |          |
|    ep_len_mean     | 42.5     |
|    ep_rew_mean     | -161     |
| time/              |          |
|    episodes        | 45492    |
|    fps             | 10       |
|    time_elapsed    | 19241    |
|    total_timesteps | 2310780  |
| train/             |          |
|    actor_loss      | 1.03     |
|    critic_loss     | 0.317    |
|    ent_coef        | 0.0026   |
|    ent_coef_loss   | 0.69     |
|    learning_rate   | 0.0003   |
|    n_updates       | 2300760  |
---------------------------------
---------------------------------
| rollout/           |          |
|    ep_len_mean     | 43.4     |
|    ep_rew_mean     | -154     |
| time/              |          |
|    episodes        | 45496    |
|    fps             | 10       |
|    time_elapsed    | 19249    |
|    total_timesteps | 2310920  |
| train/             |          |
|    actor_loss      | 0.976    |
|    critic_loss     | 0.226    |
|    ent_coef        | 0.00262  |
|    ent_coef_loss   | -0.262   |
|    learning_rate   | 0.0003   |
|    n_updates       | 2300900  |
---------------------------------
---------------------------------
| rollout/           |          |
|    ep_len_mean     | 44.1     |
|    ep_rew_mean     | -150     |
| time/              |          |
|    episodes        | 45500    |
|    fps             | 10       |
|    time_elapsed    | 19258    |
|    total_timesteps | 2311060  |
| train/             |          |
|    actor_loss      | 1.03     |
|    critic_loss     | 0.198    |
|    ent_coef        | 0.00262  |
|    ent_coef_loss   | 0.321    |
|    learning_rate   | 0.0003   |
|    n_updates       | 2301040  |
---------------------------------
---------------------------------
| rollout/           |          |
|    ep_len_mean     | 44.3     |
|    ep_rew_mean     | -151     |
| time/              |          |
|    episodes        | 45504    |
|    fps             | 10       |
|    time_elapsed    | 19272    |
|    total_timesteps | 2311310  |
| train/             |          |
|    actor_loss      | 0.946    |
|    critic_loss     | 0.278    |
|    ent_coef        | 0.00261  |
|    ent_coef_loss   | 0.0326   |
|    learning_rate   | 0.0003   |
|    n_updates       | 2301290  |
---------------------------------
---------------------------------
| rollout/           |          |
|    ep_len_mean     | 44.2     |
|    ep_rew_mean     | -142     |
| time/              |          |
|    episodes        | 45508    |
|    fps             | 10       |
|    time_elapsed    | 19280    |
|    total_timesteps | 2311440  |
| train/             |          |
|    actor_loss      | 1.01     |
|    critic_loss     | 0.319    |
|    ent_coef        | 0.00259  |
|    ent_coef_loss   | -0.279   |
|    learning_rate   | 0.0003   |
|    n_updates       | 2301420  |
---------------------------------
---------------------------------
| rollout/           |          |
|    ep_len_mean     | 43.8     |
|    ep_rew_mean     | -145     |
| time/              |          |
|    episodes        | 45512    |
|    fps             | 10       |
|    time_elapsed    | 19288    |
|    total_timesteps | 2311500  |
| train/             |          |
|    actor_loss      | 0.95     |
|    critic_loss     | 0.187    |
|    ent_coef        | 0.00256  |
|    ent_coef_loss   | -0.538   |
|    learning_rate   | 0.0003   |
|    n_updates       | 2301480  |
---------------------------------
---------------------------------
| rollout/           |          |
|    ep_len_mean     | 43.1     |
|    ep_rew_mean     | -157     |
| time/              |          |
|    episodes        | 45516    |
|    fps             | 10       |
|    time_elapsed    | 19301    |
|    total_timesteps | 2311700  |
| train/             |          |
|    actor_loss      | 0.918    |
|    critic_loss     | 0.164    |
|    ent_coef        | 0.00257  |
|    ent_coef_loss   | -0.169   |
|    learning_rate   | 0.0003   |
|    n_updates       | 2301680  |
---------------------------------
---------------------------------
| rollout/           |          |
|    ep_len_mean     | 43.5     |
|    ep_rew_mean     | -156     |
| time/              |          |
|    episodes        | 45520    |
|    fps             | 10       |
|    time_elapsed    | 19318    |
|    total_timesteps | 2311880  |
| train/             |          |
|    actor_loss      | 1.01     |
|    critic_loss     | 0.188    |
|    ent_coef        | 0.00253  |
|    ent_coef_loss   | 0.603    |
|    learning_rate   | 0.0003   |
|    n_updates       | 2301860  |
---------------------------------
---------------------------------
| rollout/           |          |
|    ep_len_mean     | 43.3     |
|    ep_rew_mean     | -158     |
| time/              |          |
|    episodes        | 45524    |
|    fps             | 10       |
|    time_elapsed    | 19333    |
|    total_timesteps | 2312130  |
| train/             |          |
|    actor_loss      | 0.992    |
|    critic_loss     | 0.182    |
|    ent_coef        | 0.00259  |
|    ent_coef_loss   | -0.435   |
|    learning_rate   | 0.0003   |
|    n_updates       | 2302110  |
---------------------------------
---------------------------------
| rollout/           |          |
|    ep_len_mean     | 42.9     |
|    ep_rew_mean     | -161     |
| time/              |          |
|    episodes        | 45528    |
|    fps             | 10       |
|    time_elapsed    | 19338    |
|    total_timesteps | 2312210  |
| train/             |          |
|    actor_loss      | 1.07     |
|    critic_loss     | 0.221    |
|    ent_coef        | 0.00262  |
|    ent_coef_loss   | 1.52     |
|    learning_rate   | 0.0003   |
|    n_updates       | 2302190  |
---------------------------------
---------------------------------
| rollout/           |          |
|    ep_len_mean     | 42.9     |
|    ep_rew_mean     | -152     |
| time/              |          |
|    episodes        | 45532    |
|    fps             | 10       |
|    time_elapsed    | 19352    |
|    total_timesteps | 2312410  |
| train/             |          |
|    actor_loss      | 0.933    |
|    critic_loss     | 0.203    |
|    ent_coef        | 0.00263  |
|    ent_coef_loss   | -0.0885  |
|    learning_rate   | 0.0003   |
|    n_updates       | 2302390  |
---------------------------------
---------------------------------
| rollout/           |          |
|    ep_len_mean     | 42.3     |
|    ep_rew_mean     | -151     |
| time/              |          |
|    episodes        | 45536    |
|    fps             | 10       |
|    time_elapsed    | 19366    |
|    total_timesteps | 2312620  |
| train/             |          |
|    actor_loss      | 0.983    |
|    critic_loss     | 0.222    |
|    ent_coef        | 0.00266  |
|    ent_coef_loss   | 0.248    |
|    learning_rate   | 0.0003   |
|    n_updates       | 2302600  |
---------------------------------
---------------------------------
| rollout/           |          |
|    ep_len_mean     | 42.9     |
|    ep_rew_mean     | -138     |
| time/              |          |
|    episodes        | 45540    |
|    fps             | 10       |
|    time_elapsed    | 19384    |
|    total_timesteps | 2312830  |
| train/             |          |
|    actor_loss      | 0.962    |
|    critic_loss     | 0.176    |
|    ent_coef        | 0.00264  |
|    ent_coef_loss   | -0.503   |
|    learning_rate   | 0.0003   |
|    n_updates       | 2302810  |
---------------------------------
---------------------------------
| rollout/           |          |
|    ep_len_mean     | 42.4     |
|    ep_rew_mean     | -141     |
| time/              |          |
|    episodes        | 45544    |
|    fps             | 10       |
|    time_elapsed    | 19397    |
|    total_timesteps | 2312990  |
| train/             |          |
|    actor_loss      | 1.07     |
|    critic_loss     | 0.204    |
|    ent_coef        | 0.00261  |
|    ent_coef_loss   | 0.00348  |
|    learning_rate   | 0.0003   |
|    n_updates       | 2302970  |
---------------------------------
---------------------------------
| rollout/           |          |
|    ep_len_mean     | 42.4     |
|    ep_rew_mean     | -137     |
| time/              |          |
|    episodes        | 45548    |
|    fps             | 10       |
|    time_elapsed    | 19414    |
|    total_timesteps | 2313120  |
| train/             |          |
|    actor_loss      | 1.04     |
|    critic_loss     | 0.176    |
|    ent_coef        | 0.00261  |
|    ent_coef_loss   | -0.0931  |
|    learning_rate   | 0.0003   |
|    n_updates       | 2303100  |
---------------------------------
---------------------------------
| rollout/           |          |
|    ep_len_mean     | 42.6     |
|    ep_rew_mean     | -139     |
| time/              |          |
|    episodes        | 45552    |
|    fps             | 10       |
|    time_elapsed    | 19426    |
|    total_timesteps | 2313310  |
| train/             |          |
|    actor_loss      | 1.09     |
|    critic_loss     | 0.193    |
|    ent_coef        | 0.00258  |
|    ent_coef_loss   | 0.592    |
|    learning_rate   | 0.0003   |
|    n_updates       | 2303290  |
---------------------------------
---------------------------------
| rollout/           |          |
|    ep_len_mean     | 41.6     |
|    ep_rew_mean     | -144     |
| time/              |          |
|    episodes        | 45556    |
|    fps             | 10       |
|    time_elapsed    | 19436    |
|    total_timesteps | 2313450  |
| train/             |          |
|    actor_loss      | 1.02     |
|    critic_loss     | 0.244    |
|    ent_coef        | 0.00261  |
|    ent_coef_loss   | 0.383    |
|    learning_rate   | 0.0003   |
|    n_updates       | 2303430  |
---------------------------------
---------------------------------
| rollout/           |          |
|    ep_len_mean     | 41.5     |
|    ep_rew_mean     | -146     |
| time/              |          |
|    episodes        | 45560    |
|    fps             | 10       |
|    time_elapsed    | 19448    |
|    total_timesteps | 2313500  |
| train/             |          |
|    actor_loss      | 0.936    |
|    critic_loss     | 0.238    |
|    ent_coef        | 0.00262  |
|    ent_coef_loss   | 0.254    |
|    learning_rate   | 0.0003   |
|    n_updates       | 2303480  |
---------------------------------
---------------------------------
| rollout/           |          |
|    ep_len_mean     | 41.1     |
|    ep_rew_mean     | -147     |
| time/              |          |
|    episodes        | 45564    |
|    fps             | 10       |
|    time_elapsed    | 19468    |
|    total_timesteps | 2313690  |
| train/             |          |
|    actor_loss      | 0.947    |
|    critic_loss     | 0.228    |
|    ent_coef        | 0.00264  |
|    ent_coef_loss   | -0.674   |
|    learning_rate   | 0.0003   |
|    n_updates       | 2303670  |
---------------------------------
---------------------------------
| rollout/           |          |
|    ep_len_mean     | 40.5     |
|    ep_rew_mean     | -152     |
| time/              |          |
|    episodes        | 45568    |
|    fps             | 10       |
|    time_elapsed    | 19481    |
|    total_timesteps | 2313860  |
| train/             |          |
|    actor_loss      | 0.937    |
|    critic_loss     | 0.231    |
|    ent_coef        | 0.00262  |
|    ent_coef_loss   | -0.226   |
|    learning_rate   | 0.0003   |
|    n_updates       | 2303840  |
---------------------------------
---------------------------------
| rollout/           |          |
|    ep_len_mean     | 40.9     |
|    ep_rew_mean     | -148     |
| time/              |          |
|    episodes        | 45572    |
|    fps             | 10       |
|    time_elapsed    | 19497    |
|    total_timesteps | 2314120  |
| train/             |          |
|    actor_loss      | 0.999    |
|    critic_loss     | 0.204    |
|    ent_coef        | 0.0026   |
|    ent_coef_loss   | -0.0362  |
|    learning_rate   | 0.0003   |
|    n_updates       | 2304100  |
---------------------------------
---------------------------------
| rollout/           |          |
|    ep_len_mean     | 42       |
|    ep_rew_mean     | -139     |
| time/              |          |
|    episodes        | 45576    |
|    fps             | 10       |
|    time_elapsed    | 19511    |
|    total_timesteps | 2314370  |
| train/             |          |
|    actor_loss      | 1.03     |
|    critic_loss     | 0.225    |
|    ent_coef        | 0.00266  |
|    ent_coef_loss   | 0.154    |
|    learning_rate   | 0.0003   |
|    n_updates       | 2304350  |
---------------------------------
---------------------------------
| rollout/           |          |
|    ep_len_mean     | 43       |
|    ep_rew_mean     | -134     |
| time/              |          |
|    episodes        | 45580    |
|    fps             | 10       |
|    time_elapsed    | 19522    |
|    total_timesteps | 2314540  |
| train/             |          |
|    actor_loss      | 0.995    |
|    critic_loss     | 0.244    |
|    ent_coef        | 0.00263  |
|    ent_coef_loss   | -0.876   |
|    learning_rate   | 0.0003   |
|    n_updates       | 2304520  |
---------------------------------
---------------------------------
| rollout/           |          |
|    ep_len_mean     | 43.2     |
|    ep_rew_mean     | -132     |
| time/              |          |
|    episodes        | 45584    |
|    fps             | 10       |
|    time_elapsed    | 19526    |
|    total_timesteps | 2314610  |
| train/             |          |
|    actor_loss      | 1.05     |
|    critic_loss     | 0.238    |
|    ent_coef        | 0.0026   |
|    ent_coef_loss   | -0.626   |
|    learning_rate   | 0.0003   |
|    n_updates       | 2304590  |
---------------------------------
---------------------------------
| rollout/           |          |
|    ep_len_mean     | 43.3     |
|    ep_rew_mean     | -134     |
| time/              |          |
|    episodes        | 45588    |
|    fps             | 10       |
|    time_elapsed    | 19547    |
|    total_timesteps | 2314880  |
| train/             |          |
|    actor_loss      | 1.06     |
|    critic_loss     | 0.249    |
|    ent_coef        | 0.00254  |
|    ent_coef_loss   | -0.924   |
|    learning_rate   | 0.0003   |
|    n_updates       | 2304860  |
---------------------------------
---------------------------------
| rollout/           |          |
|    ep_len_mean     | 44.1     |
|    ep_rew_mean     | -134     |
| time/              |          |
|    episodes        | 45592    |
|    fps             | 10       |
|    time_elapsed    | 19562    |
|    total_timesteps | 2315100  |
| train/             |          |
|    actor_loss      | 0.898    |
|    critic_loss     | 0.201    |
|    ent_coef        | 0.00251  |
|    ent_coef_loss   | 0.28     |
|    learning_rate   | 0.0003   |
|    n_updates       | 2305080  |
---------------------------------
---------------------------------
| rollout/           |          |
|    ep_len_mean     | 44.1     |
|    ep_rew_mean     | -134     |
| time/              |          |
|    episodes        | 45596    |
|    fps             | 10       |
|    time_elapsed    | 19590    |
|    total_timesteps | 2315410  |
| train/             |          |
|    actor_loss      | 0.943    |
|    critic_loss     | 0.199    |
|    ent_coef        | 0.00256  |
|    ent_coef_loss   | -0.24    |
|    learning_rate   | 0.0003   |
|    n_updates       | 2305390  |
---------------------------------
---------------------------------
| rollout/           |          |
|    ep_len_mean     | 44.5     |
|    ep_rew_mean     | -131     |
| time/              |          |
|    episodes        | 45600    |
|    fps             | 10       |
|    time_elapsed    | 19606    |
|    total_timesteps | 2315560  |
| train/             |          |
|    actor_loss      | 0.985    |
|    critic_loss     | 0.233    |
|    ent_coef        | 0.00257  |
|    ent_coef_loss   | -0.00956 |
|    learning_rate   | 0.0003   |
|    n_updates       | 2305540  |
---------------------------------
---------------------------------
| rollout/           |          |
|    ep_len_mean     | 44       |
|    ep_rew_mean     | -132     |
| time/              |          |
|    episodes        | 45604    |
|    fps             | 10       |
|    time_elapsed    | 19613    |
|    total_timesteps | 2315650  |
| train/             |          |
|    actor_loss      | 1.03     |
|    critic_loss     | 0.212    |
|    ent_coef        | 0.00255  |
|    ent_coef_loss   | -0.447   |
|    learning_rate   | 0.0003   |
|    n_updates       | 2305630  |
---------------------------------
---------------------------------
| rollout/           |          |
|    ep_len_mean     | 44.2     |
|    ep_rew_mean     | -132     |
| time/              |          |
|    episodes        | 45608    |
|    fps             | 10       |
|    time_elapsed    | 19627    |
|    total_timesteps | 2315880  |
| train/             |          |
|    actor_loss      | 1        |
|    critic_loss     | 0.228    |
|    ent_coef        | 0.00254  |
|    ent_coef_loss   | -0.109   |
|    learning_rate   | 0.0003   |
|    n_updates       | 2305860  |
---------------------------------
---------------------------------
| rollout/           |          |
|    ep_len_mean     | 44.4     |
|    ep_rew_mean     | -132     |
| time/              |          |
|    episodes        | 45612    |
|    fps             | 11       |
|    time_elapsed    | 19642    |
|    total_timesteps | 2316090  |
| train/             |          |
|    actor_loss      | 0.998    |
|    critic_loss     | 0.165    |
|    ent_coef        | 0.0025   |
|    ent_coef_loss   | -0.221   |
|    learning_rate   | 0.0003   |
|    n_updates       | 2306070  |
---------------------------------
---------------------------------
| rollout/           |          |
|    ep_len_mean     | 44.5     |
|    ep_rew_mean     | -133     |
| time/              |          |
|    episodes        | 45616    |
|    fps             | 11       |
|    time_elapsed    | 19646    |
|    total_timesteps | 2316150  |
| train/             |          |
|    actor_loss      | 1.06     |
|    critic_loss     | 0.227    |
|    ent_coef        | 0.00249  |
|    ent_coef_loss   | 0.332    |
|    learning_rate   | 0.0003   |
|    n_updates       | 2306130  |
---------------------------------
---------------------------------
| rollout/           |          |
|    ep_len_mean     | 43.8     |
|    ep_rew_mean     | -131     |
| time/              |          |
|    episodes        | 45620    |
|    fps             | 11       |
|    time_elapsed    | 19658    |
|    total_timesteps | 2316300  |
| train/             |          |
|    actor_loss      | 1.04     |
|    critic_loss     | 0.291    |
|    ent_coef        | 0.00252  |
|    ent_coef_loss   | -0.103   |
|    learning_rate   | 0.0003   |
|    n_updates       | 2306280  |
---------------------------------
---------------------------------
| rollout/           |          |
|    ep_len_mean     | 43.9     |
|    ep_rew_mean     | -136     |
| time/              |          |
|    episodes        | 45624    |
|    fps             | 11       |
|    time_elapsed    | 19675    |
|    total_timesteps | 2316530  |
| train/             |          |
|    actor_loss      | 0.978    |
|    critic_loss     | 0.184    |
|    ent_coef        | 0.00248  |
|    ent_coef_loss   | 0.232    |
|    learning_rate   | 0.0003   |
|    n_updates       | 2306510  |
---------------------------------
---------------------------------
| rollout/           |          |
|    ep_len_mean     | 44       |
|    ep_rew_mean     | -129     |
| time/              |          |
|    episodes        | 45628    |
|    fps             | 11       |
|    time_elapsed    | 19698    |
|    total_timesteps | 2316690  |
| train/             |          |
|    actor_loss      | 0.945    |
|    critic_loss     | 0.175    |
|    ent_coef        | 0.0025   |
|    ent_coef_loss   | 0.0978   |
|    learning_rate   | 0.0003   |
|    n_updates       | 2306670  |
---------------------------------
---------------------------------
| rollout/           |          |
|    ep_len_mean     | 44.5     |
|    ep_rew_mean     | -128     |
| time/              |          |
|    episodes        | 45632    |
|    fps             | 11       |
|    time_elapsed    | 19718    |
|    total_timesteps | 2316960  |
| train/             |          |
|    actor_loss      | 1.01     |
|    critic_loss     | 0.343    |
|    ent_coef        | 0.00252  |
|    ent_coef_loss   | 0.579    |
|    learning_rate   | 0.0003   |
|    n_updates       | 2306940  |
---------------------------------
---------------------------------
| rollout/           |          |
|    ep_len_mean     | 44.5     |
|    ep_rew_mean     | -127     |
| time/              |          |
|    episodes        | 45636    |
|    fps             | 11       |
|    time_elapsed    | 19733    |
|    total_timesteps | 2317110  |
| train/             |          |
|    actor_loss      | 0.98     |
|    critic_loss     | 0.19     |
|    ent_coef        | 0.00261  |
|    ent_coef_loss   | 1        |
|    learning_rate   | 0.0003   |
|    n_updates       | 2307090  |
---------------------------------
---------------------------------
| rollout/           |          |
|    ep_len_mean     | 45       |
|    ep_rew_mean     | -125     |
| time/              |          |
|    episodes        | 45640    |
|    fps             | 11       |
|    time_elapsed    | 19751    |
|    total_timesteps | 2317380  |
| train/             |          |
|    actor_loss      | 1.1      |
|    critic_loss     | 0.25     |
|    ent_coef        | 0.0027   |
|    ent_coef_loss   | 0.661    |
|    learning_rate   | 0.0003   |
|    n_updates       | 2307360  |
---------------------------------
---------------------------------
| rollout/           |          |
|    ep_len_mean     | 44.6     |
|    ep_rew_mean     | -132     |
| time/              |          |
|    episodes        | 45644    |
|    fps             | 11       |
|    time_elapsed    | 19759    |
|    total_timesteps | 2317500  |
| train/             |          |
|    actor_loss      | 1.05     |
|    critic_loss     | 0.148    |
|    ent_coef        | 0.00271  |
|    ent_coef_loss   | 0.335    |
|    learning_rate   | 0.0003   |
|    n_updates       | 2307480  |
---------------------------------
---------------------------------
| rollout/           |          |
|    ep_len_mean     | 45.1     |
|    ep_rew_mean     | -127     |
| time/              |          |
|    episodes        | 45648    |
|    fps             | 11       |
|    time_elapsed    | 19766    |
|    total_timesteps | 2317570  |
| train/             |          |
|    actor_loss      | 0.997    |
|    critic_loss     | 0.277    |
|    ent_coef        | 0.00272  |
|    ent_coef_loss   | 0.108    |
|    learning_rate   | 0.0003   |
|    n_updates       | 2307550  |
---------------------------------
---------------------------------
| rollout/           |          |
|    ep_len_mean     | 44.9     |
|    ep_rew_mean     | -126     |
| time/              |          |
|    episodes        | 45652    |
|    fps             | 11       |
|    time_elapsed    | 19778    |
|    total_timesteps | 2317750  |
| train/             |          |
|    actor_loss      | 1.01     |
|    critic_loss     | 0.235    |
|    ent_coef        | 0.00274  |
|    ent_coef_loss   | -0.248   |
|    learning_rate   | 0.0003   |
|    n_updates       | 2307730  |
---------------------------------
---------------------------------
| rollout/           |          |
|    ep_len_mean     | 45       |
|    ep_rew_mean     | -126     |
| time/              |          |
|    episodes        | 45656    |
|    fps             | 11       |
|    time_elapsed    | 19799    |
|    total_timesteps | 2318040  |
| train/             |          |
|    actor_loss      | 1        |
|    critic_loss     | 0.176    |
|    ent_coef        | 0.00277  |
|    ent_coef_loss   | 0.152    |
|    learning_rate   | 0.0003   |
|    n_updates       | 2308020  |
---------------------------------
---------------------------------
| rollout/           |          |
|    ep_len_mean     | 45.2     |
|    ep_rew_mean     | -121     |
| time/              |          |
|    episodes        | 45660    |
|    fps             | 11       |
|    time_elapsed    | 19810    |
|    total_timesteps | 2318130  |
| train/             |          |
|    actor_loss      | 1.06     |
|    critic_loss     | 0.179    |
|    ent_coef        | 0.00277  |
|    ent_coef_loss   | -0.473   |
|    learning_rate   | 0.0003   |
|    n_updates       | 2308110  |
---------------------------------
