[CONFIG] baseline-v3 (formulation 03a9c0c22f53ee0b): tqc seed 0
[EVAL] development evaluations with the safety layer: off
Using cpu device
[FIELD] building the field evaluation scenarios ...
Logging to C:\Users\hntran\OneDrive - University of Tasmania\Documents\PhD\asv-path-replanning\asv-lidar\static_dynamic_obstacles\runs\tensorboard\tqc_formulation_seed0_bl3_1
[CURRICULUM] t=0 -> scenario stage 1
---------------------------------
| rollout/           |          |
|    ep_len_mean     | 43.5     |
|    ep_rew_mean     | -337     |
| time/              |          |
|    episodes        | 4        |
|    fps             | 252      |
|    time_elapsed    | 2        |
|    total_timesteps | 570      |
---------------------------------
---------------------------------
| rollout/           |          |
|    ep_len_mean     | 49       |
|    ep_rew_mean     | -232     |
| time/              |          |
|    episodes        | 8        |
|    fps             | 254      |
|    time_elapsed    | 2        |
|    total_timesteps | 650      |
---------------------------------
---------------------------------
| rollout/           |          |
|    ep_len_mean     | 53.6     |
|    ep_rew_mean     | -268     |
| time/              |          |
|    episodes        | 12       |
|    fps             | 252      |
|    time_elapsed    | 3        |
|    total_timesteps | 960      |
---------------------------------
---------------------------------
| rollout/           |          |
|    ep_len_mean     | 54.3     |
|    ep_rew_mean     | -229     |
| time/              |          |
|    episodes        | 16       |
|    fps             | 253      |
|    time_elapsed    | 4        |
|    total_timesteps | 1190     |
---------------------------------
---------------------------------
| rollout/           |          |
|    ep_len_mean     | 55.5     |
|    ep_rew_mean     | -232     |
| time/              |          |
|    episodes        | 20       |
|    fps             | 254      |
|    time_elapsed    | 5        |
|    total_timesteps | 1320     |
---------------------------------
---------------------------------
| rollout/           |          |
|    ep_len_mean     | 54       |
|    ep_rew_mean     | -228     |
| time/              |          |
|    episodes        | 24       |
|    fps             | 257      |
|    time_elapsed    | 6        |
|    total_timesteps | 1600     |
---------------------------------
---------------------------------
| rollout/           |          |
|    ep_len_mean     | 54.1     |
|    ep_rew_mean     | -210     |
| time/              |          |
|    episodes        | 28       |
|    fps             | 259      |
|    time_elapsed    | 6        |
|    total_timesteps | 1810     |
---------------------------------
---------------------------------
| rollout/           |          |
|    ep_len_mean     | 54.4     |
|    ep_rew_mean     | -200     |
| time/              |          |
|    episodes        | 32       |
|    fps             | 257      |
|    time_elapsed    | 7        |
|    total_timesteps | 1930     |
---------------------------------
---------------------------------
| rollout/           |          |
|    ep_len_mean     | 54.3     |
|    ep_rew_mean     | -215     |
| time/              |          |
|    episodes        | 36       |
|    fps             | 255      |
|    time_elapsed    | 8        |
|    total_timesteps | 2270     |
---------------------------------
---------------------------------
| rollout/           |          |
|    ep_len_mean     | 54       |
|    ep_rew_mean     | -207     |
| time/              |          |
|    episodes        | 40       |
|    fps             | 253      |
|    time_elapsed    | 9        |
|    total_timesteps | 2410     |
---------------------------------
---------------------------------
| rollout/           |          |
|    ep_len_mean     | 54.2     |
|    ep_rew_mean     | -208     |
| time/              |          |
|    episodes        | 44       |
|    fps             | 254      |
|    time_elapsed    | 10       |
|    total_timesteps | 2610     |
---------------------------------
---------------------------------
| rollout/           |          |
|    ep_len_mean     | 53.9     |
|    ep_rew_mean     | -210     |
| time/              |          |
|    episodes        | 48       |
|    fps             | 251      |
|    time_elapsed    | 11       |
|    total_timesteps | 2930     |
---------------------------------
---------------------------------
| rollout/           |          |
|    ep_len_mean     | 53.8     |
|    ep_rew_mean     | -212     |
| time/              |          |
|    episodes        | 52       |
|    fps             | 257      |
|    time_elapsed    | 12       |
|    total_timesteps | 3210     |
---------------------------------
---------------------------------
| rollout/           |          |
|    ep_len_mean     | 54.7     |
|    ep_rew_mean     | -189     |
| time/              |          |
|    episodes        | 56       |
|    fps             | 256      |
|    time_elapsed    | 12       |
|    total_timesteps | 3290     |
---------------------------------
---------------------------------
| rollout/           |          |
|    ep_len_mean     | 54.2     |
|    ep_rew_mean     | -198     |
| time/              |          |
|    episodes        | 60       |
|    fps             | 255      |
|    time_elapsed    | 13       |
|    total_timesteps | 3490     |
---------------------------------
---------------------------------
| rollout/           |          |
|    ep_len_mean     | 53       |
|    ep_rew_mean     | -206     |
| time/              |          |
|    episodes        | 64       |
|    fps             | 255      |
|    time_elapsed    | 14       |
|    total_timesteps | 3710     |
---------------------------------
---------------------------------
| rollout/           |          |
|    ep_len_mean     | 54       |
|    ep_rew_mean     | -202     |
| time/              |          |
|    episodes        | 68       |
|    fps             | 255      |
|    time_elapsed    | 15       |
|    total_timesteps | 3960     |
---------------------------------
---------------------------------
| rollout/           |          |
|    ep_len_mean     | 54       |
|    ep_rew_mean     | -199     |
| time/              |          |
|    episodes        | 72       |
|    fps             | 256      |
|    time_elapsed    | 16       |
|    total_timesteps | 4220     |
---------------------------------
---------------------------------
| rollout/           |          |
|    ep_len_mean     | 53.8     |
|    ep_rew_mean     | -201     |
| time/              |          |
|    episodes        | 76       |
|    fps             | 256      |
|    time_elapsed    | 16       |
|    total_timesteps | 4350     |
---------------------------------
---------------------------------
| rollout/           |          |
|    ep_len_mean     | 53.7     |
|    ep_rew_mean     | -194     |
| time/              |          |
|    episodes        | 80       |
|    fps             | 257      |
|    time_elapsed    | 17       |
|    total_timesteps | 4570     |
---------------------------------
---------------------------------
| rollout/           |          |
|    ep_len_mean     | 53.6     |
|    ep_rew_mean     | -196     |
| time/              |          |
|    episodes        | 84       |
|    fps             | 259      |
|    time_elapsed    | 18       |
|    total_timesteps | 4810     |
---------------------------------
---------------------------------
| rollout/           |          |
|    ep_len_mean     | 53.7     |
|    ep_rew_mean     | -186     |
| time/              |          |
|    episodes        | 88       |
|    fps             | 258      |
|    time_elapsed    | 19       |
|    total_timesteps | 4960     |
---------------------------------
---------------------------------
| rollout/           |          |
|    ep_len_mean     | 53.2     |
|    ep_rew_mean     | -187     |
| time/              |          |
|    episodes        | 92       |
|    fps             | 259      |
|    time_elapsed    | 19       |
|    total_timesteps | 5180     |
---------------------------------
---------------------------------
| rollout/           |          |
|    ep_len_mean     | 53       |
|    ep_rew_mean     | -188     |
| time/              |          |
|    episodes        | 96       |
|    fps             | 261      |
|    time_elapsed    | 20       |
|    total_timesteps | 5320     |
---------------------------------
---------------------------------
| rollout/           |          |
|    ep_len_mean     | 53.5     |
|    ep_rew_mean     | -190     |
| time/              |          |
|    episodes        | 100      |
|    fps             | 260      |
|    time_elapsed    | 21       |
|    total_timesteps | 5660     |
---------------------------------
---------------------------------
| rollout/           |          |
|    ep_len_mean     | 53.7     |
|    ep_rew_mean     | -186     |
| time/              |          |
|    episodes        | 104      |
|    fps             | 259      |
|    time_elapsed    | 22       |
|    total_timesteps | 5750     |
---------------------------------
---------------------------------
| rollout/           |          |
|    ep_len_mean     | 53.5     |
|    ep_rew_mean     | -184     |
| time/              |          |
|    episodes        | 108      |
|    fps             | 260      |
|    time_elapsed    | 23       |
|    total_timesteps | 6060     |
---------------------------------
---------------------------------
| rollout/           |          |
|    ep_len_mean     | 53.2     |
|    ep_rew_mean     | -170     |
| time/              |          |
|    episodes        | 112      |
|    fps             | 261      |
|    time_elapsed    | 23       |
|    total_timesteps | 6230     |
---------------------------------
---------------------------------
| rollout/           |          |
|    ep_len_mean     | 52.8     |
|    ep_rew_mean     | -175     |
| time/              |          |
|    episodes        | 116      |
|    fps             | 259      |
|    time_elapsed    | 24       |
|    total_timesteps | 6470     |
---------------------------------
---------------------------------
| rollout/           |          |
|    ep_len_mean     | 53       |
|    ep_rew_mean     | -182     |
| time/              |          |
|    episodes        | 120      |
|    fps             | 259      |
|    time_elapsed    | 25       |
|    total_timesteps | 6630     |
---------------------------------
---------------------------------
| rollout/           |          |
|    ep_len_mean     | 54       |
|    ep_rew_mean     | -183     |
| time/              |          |
|    episodes        | 124      |
|    fps             | 261      |
|    time_elapsed    | 27       |
|    total_timesteps | 7090     |
---------------------------------
---------------------------------
| rollout/           |          |
|    ep_len_mean     | 54.6     |
|    ep_rew_mean     | -189     |
| time/              |          |
|    episodes        | 128      |
|    fps             | 261      |
|    time_elapsed    | 27       |
|    total_timesteps | 7240     |
---------------------------------
---------------------------------
| rollout/           |          |
|    ep_len_mean     | 54.5     |
|    ep_rew_mean     | -194     |
| time/              |          |
|    episodes        | 132      |
|    fps             | 259      |
|    time_elapsed    | 28       |
|    total_timesteps | 7340     |
---------------------------------
---------------------------------
| rollout/           |          |
|    ep_len_mean     | 54.4     |
|    ep_rew_mean     | -196     |
| time/              |          |
|    episodes        | 136      |
|    fps             | 258      |
|    time_elapsed    | 30       |
|    total_timesteps | 7770     |
---------------------------------
---------------------------------
| rollout/           |          |
|    ep_len_mean     | 54.6     |
|    ep_rew_mean     | -205     |
| time/              |          |
|    episodes        | 140      |
|    fps             | 259      |
|    time_elapsed    | 30       |
|    total_timesteps | 7950     |
---------------------------------
---------------------------------
| rollout/           |          |
|    ep_len_mean     | 55.2     |
|    ep_rew_mean     | -206     |
| time/              |          |
|    episodes        | 144      |
|    fps             | 257      |
|    time_elapsed    | 31       |
|    total_timesteps | 8080     |
---------------------------------
---------------------------------
| rollout/           |          |
|    ep_len_mean     | 55.4     |
|    ep_rew_mean     | -197     |
| time/              |          |
|    episodes        | 148      |
|    fps             | 258      |
|    time_elapsed    | 32       |
|    total_timesteps | 8420     |
---------------------------------
---------------------------------
| rollout/           |          |
|    ep_len_mean     | 55.6     |
|    ep_rew_mean     | -183     |
| time/              |          |
|    episodes        | 152      |
|    fps             | 257      |
|    time_elapsed    | 33       |
|    total_timesteps | 8610     |
---------------------------------
---------------------------------
| rollout/           |          |
|    ep_len_mean     | 54.9     |
|    ep_rew_mean     | -196     |
| time/              |          |
|    episodes        | 156      |
|    fps             | 258      |
|    time_elapsed    | 34       |
|    total_timesteps | 8840     |
---------------------------------
---------------------------------
| rollout/           |          |
|    ep_len_mean     | 54.6     |
|    ep_rew_mean     | -188     |
| time/              |          |
|    episodes        | 160      |
|    fps             | 256      |
|    time_elapsed    | 35       |
|    total_timesteps | 9130     |
---------------------------------
---------------------------------
| rollout/           |          |
|    ep_len_mean     | 56       |
|    ep_rew_mean     | -184     |
| time/              |          |
|    episodes        | 164      |
|    fps             | 256      |
|    time_elapsed    | 36       |
|    total_timesteps | 9290     |
---------------------------------
---------------------------------
| rollout/           |          |
|    ep_len_mean     | 55.7     |
|    ep_rew_mean     | -194     |
| time/              |          |
|    episodes        | 168      |
|    fps             | 256      |
|    time_elapsed    | 37       |
|    total_timesteps | 9490     |
---------------------------------
---------------------------------
| rollout/           |          |
|    ep_len_mean     | 55.6     |
|    ep_rew_mean     | -197     |
| time/              |          |
|    episodes        | 172      |
|    fps             | 256      |
|    time_elapsed    | 38       |
|    total_timesteps | 9770     |
---------------------------------
---------------------------------
| rollout/           |          |
|    ep_len_mean     | 56.3     |
|    ep_rew_mean     | -202     |
| time/              |          |
|    episodes        | 176      |
|    fps             | 257      |
|    time_elapsed    | 38       |
|    total_timesteps | 9940     |
---------------------------------
---------------------------------
| rollout/           |          |
|    ep_len_mean     | 55.7     |
|    ep_rew_mean     | -202     |
| time/              |          |
|    episodes        | 180      |
|    fps             | 244      |
|    time_elapsed    | 41       |
|    total_timesteps | 10050    |
| train/             |          |
|    actor_loss      | -2.58    |
|    critic_loss     | 0.092    |
|    ent_coef        | 0.99     |
|    ent_coef_loss   | -0.0349  |
|    learning_rate   | 0.0003   |
|    n_updates       | 40       |
---------------------------------
---------------------------------
| rollout/           |          |
|    ep_len_mean     | 55.6     |
|    ep_rew_mean     | -202     |
| time/              |          |
|    episodes        | 184      |
|    fps             | 177      |
|    time_elapsed    | 58       |
|    total_timesteps | 10360    |
| train/             |          |
|    actor_loss      | -3.13    |
|    critic_loss     | 0.0744   |
|    ent_coef        | 0.902    |
|    ent_coef_loss   | -0.348   |
|    learning_rate   | 0.0003   |
|    n_updates       | 350      |
---------------------------------
---------------------------------
| rollout/           |          |
|    ep_len_mean     | 55.6     |
|    ep_rew_mean     | -203     |
| time/              |          |
|    episodes        | 188      |
|    fps             | 154      |
|    time_elapsed    | 68       |
|    total_timesteps | 10550    |
| train/             |          |
|    actor_loss      | -3.69    |
|    critic_loss     | 0.0661   |
|    ent_coef        | 0.852    |
|    ent_coef_loss   | -0.54    |
|    learning_rate   | 0.0003   |
|    n_updates       | 540      |
---------------------------------
---------------------------------
| rollout/           |          |
|    ep_len_mean     | 56.1     |
|    ep_rew_mean     | -200     |
| time/              |          |
|    episodes        | 192      |
|    fps             | 137      |
|    time_elapsed    | 78       |
|    total_timesteps | 10730    |
| train/             |          |
|    actor_loss      | -4.24    |
|    critic_loss     | 0.0698   |
|    ent_coef        | 0.807    |
|    ent_coef_loss   | -0.723   |
|    learning_rate   | 0.0003   |
|    n_updates       | 720      |
---------------------------------
---------------------------------
| rollout/           |          |
|    ep_len_mean     | 56.7     |
|    ep_rew_mean     | -191     |
| time/              |          |
|    episodes        | 196      |
|    fps             | 113      |
|    time_elapsed    | 97       |
|    total_timesteps | 11080    |
| train/             |          |
|    actor_loss      | -5.16    |
|    critic_loss     | 0.0759   |
|    ent_coef        | 0.727    |
|    ent_coef_loss   | -1.07    |
|    learning_rate   | 0.0003   |
|    n_updates       | 1070     |
---------------------------------
---------------------------------
| rollout/           |          |
|    ep_len_mean     | 56.3     |
|    ep_rew_mean     | -195     |
| time/              |          |
|    episodes        | 200      |
|    fps             | 101      |
|    time_elapsed    | 111      |
|    total_timesteps | 11330    |
| train/             |          |
|    actor_loss      | -5.72    |
|    critic_loss     | 0.0531   |
|    ent_coef        | 0.674    |
|    ent_coef_loss   | -1.33    |
|    learning_rate   | 0.0003   |
|    n_updates       | 1320     |
---------------------------------
---------------------------------
| rollout/           |          |
|    ep_len_mean     | 57.2     |
|    ep_rew_mean     | -201     |
| time/              |          |
|    episodes        | 204      |
|    fps             | 95       |
|    time_elapsed    | 119      |
|    total_timesteps | 11480    |
| train/             |          |
|    actor_loss      | -5.96    |
|    critic_loss     | 0.0914   |
|    ent_coef        | 0.644    |
|    ent_coef_loss   | -1.48    |
|    learning_rate   | 0.0003   |
|    n_updates       | 1470     |
---------------------------------
---------------------------------
| rollout/           |          |
|    ep_len_mean     | 57.5     |
|    ep_rew_mean     | -197     |
| time/              |          |
|    episodes        | 208      |
|    fps             | 84       |
|    time_elapsed    | 139      |
|    total_timesteps | 11840    |
| train/             |          |
|    actor_loss      | -6.55    |
|    critic_loss     | 0.074    |
|    ent_coef        | 0.578    |
|    ent_coef_loss   | -1.84    |
|    learning_rate   | 0.0003   |
|    n_updates       | 1830     |
---------------------------------
---------------------------------
| rollout/           |          |
|    ep_len_mean     | 57.5     |
|    ep_rew_mean     | -211     |
| time/              |          |
|    episodes        | 212      |
|    fps             | 79       |
|    time_elapsed    | 151      |
|    total_timesteps | 12060    |
| train/             |          |
|    actor_loss      | -6.76    |
|    critic_loss     | 0.0831   |
|    ent_coef        | 0.542    |
|    ent_coef_loss   | -2.07    |
|    learning_rate   | 0.0003   |
|    n_updates       | 2050     |
---------------------------------
---------------------------------
| rollout/           |          |
|    ep_len_mean     | 58.1     |
|    ep_rew_mean     | -211     |
| time/              |          |
|    episodes        | 216      |
|    fps             | 75       |
|    time_elapsed    | 161      |
|    total_timesteps | 12240    |
| train/             |          |
|    actor_loss      | -6.84    |
|    critic_loss     | 0.0981   |
|    ent_coef        | 0.513    |
|    ent_coef_loss   | -2.24    |
|    learning_rate   | 0.0003   |
|    n_updates       | 2230     |
---------------------------------
---------------------------------
| rollout/           |          |
|    ep_len_mean     | 57.6     |
|    ep_rew_mean     | -208     |
| time/              |          |
|    episodes        | 220      |
|    fps             | 66       |
|    time_elapsed    | 188      |
|    total_timesteps | 12480    |
| train/             |          |
|    actor_loss      | -7       |
|    critic_loss     | 0.0809   |
|    ent_coef        | 0.477    |
|    ent_coef_loss   | -2.49    |
|    learning_rate   | 0.0003   |
|    n_updates       | 2470     |
---------------------------------
---------------------------------
| rollout/           |          |
|    ep_len_mean     | 56.9     |
|    ep_rew_mean     | -211     |
| time/              |          |
|    episodes        | 224      |
|    fps             | 59       |
|    time_elapsed    | 214      |
|    total_timesteps | 12700    |
| train/             |          |
|    actor_loss      | -6.97    |
|    critic_loss     | 0.0813   |
|    ent_coef        | 0.447    |
|    ent_coef_loss   | -2.71    |
|    learning_rate   | 0.0003   |
|    n_updates       | 2690     |
---------------------------------
---------------------------------
| rollout/           |          |
|    ep_len_mean     | 56.3     |
|    ep_rew_mean     | -215     |
| time/              |          |
|    episodes        | 228      |
|    fps             | 55       |
|    time_elapsed    | 232      |
|    total_timesteps | 12880    |
| train/             |          |
|    actor_loss      | -6.93    |
|    critic_loss     | 0.08     |
|    ent_coef        | 0.423    |
|    ent_coef_loss   | -2.89    |
|    learning_rate   | 0.0003   |
|    n_updates       | 2870     |
---------------------------------
---------------------------------
| rollout/           |          |
|    ep_len_mean     | 56.1     |
|    ep_rew_mean     | -209     |
| time/              |          |
|    episodes        | 232      |
|    fps             | 51       |
|    time_elapsed    | 254      |
|    total_timesteps | 13100    |
| train/             |          |
|    actor_loss      | -6.79    |
|    critic_loss     | 0.0933   |
|    ent_coef        | 0.396    |
|    ent_coef_loss   | -3.11    |
|    learning_rate   | 0.0003   |
|    n_updates       | 3090     |
---------------------------------
---------------------------------
| rollout/           |          |
|    ep_len_mean     | 56.5     |
|    ep_rew_mean     | -204     |
| time/              |          |
|    episodes        | 236      |
|    fps             | 47       |
|    time_elapsed    | 281      |
|    total_timesteps | 13360    |
| train/             |          |
|    actor_loss      | -6.57    |
|    critic_loss     | 0.0949   |
|    ent_coef        | 0.367    |
|    ent_coef_loss   | -3.37    |
|    learning_rate   | 0.0003   |
|    n_updates       | 3350     |
---------------------------------
---------------------------------
| rollout/           |          |
|    ep_len_mean     | 56.5     |
|    ep_rew_mean     | -195     |
| time/              |          |
|    episodes        | 240      |
|    fps             | 46       |
|    time_elapsed    | 290      |
|    total_timesteps | 13460    |
| train/             |          |
|    actor_loss      | -6.63    |
|    critic_loss     | 0.0752   |
|    ent_coef        | 0.356    |
|    ent_coef_loss   | -3.48    |
|    learning_rate   | 0.0003   |
|    n_updates       | 3450     |
---------------------------------
---------------------------------
| rollout/           |          |
|    ep_len_mean     | 55.4     |
|    ep_rew_mean     | -189     |
| time/              |          |
|    episodes        | 244      |
|    fps             | 43       |
|    time_elapsed    | 313      |
|    total_timesteps | 13690    |
| train/             |          |
|    actor_loss      | -6.58    |
|    critic_loss     | 0.0744   |
|    ent_coef        | 0.332    |
|    ent_coef_loss   | -3.71    |
|    learning_rate   | 0.0003   |
|    n_updates       | 3680     |
---------------------------------
---------------------------------
| rollout/           |          |
|    ep_len_mean     | 55.4     |
|    ep_rew_mean     | -204     |
| time/              |          |
|    episodes        | 248      |
|    fps             | 41       |
|    time_elapsed    | 338      |
|    total_timesteps | 13940    |
| train/             |          |
|    actor_loss      | -6.26    |
|    critic_loss     | 0.0659   |
|    ent_coef        | 0.308    |
|    ent_coef_loss   | -3.96    |
|    learning_rate   | 0.0003   |
|    n_updates       | 3930     |
---------------------------------
---------------------------------
| rollout/           |          |
|    ep_len_mean     | 55.8     |
|    ep_rew_mean     | -214     |
| time/              |          |
|    episodes        | 252      |
|    fps             | 38       |
|    time_elapsed    | 372      |
|    total_timesteps | 14270    |
| train/             |          |
|    actor_loss      | -6.02    |
|    critic_loss     | 0.0794   |
|    ent_coef        | 0.279    |
|    ent_coef_loss   | -4.28    |
|    learning_rate   | 0.0003   |
|    n_updates       | 4260     |
---------------------------------
---------------------------------
| rollout/           |          |
|    ep_len_mean     | 56.4     |
|    ep_rew_mean     | -210     |
| time/              |          |
|    episodes        | 256      |
|    fps             | 37       |
|    time_elapsed    | 387      |
|    total_timesteps | 14420    |
| train/             |          |
|    actor_loss      | -5.85    |
|    critic_loss     | 0.0718   |
|    ent_coef        | 0.267    |
|    ent_coef_loss   | -4.42    |
|    learning_rate   | 0.0003   |
|    n_updates       | 4410     |
---------------------------------
---------------------------------
| rollout/           |          |
|    ep_len_mean     | 55.7     |
|    ep_rew_mean     | -219     |
| time/              |          |
|    episodes        | 260      |
|    fps             | 36       |
|    time_elapsed    | 399      |
|    total_timesteps | 14550    |
| train/             |          |
|    actor_loss      | -5.73    |
|    critic_loss     | 0.0809   |
|    ent_coef        | 0.257    |
|    ent_coef_loss   | -4.56    |
|    learning_rate   | 0.0003   |
|    n_updates       | 4540     |
---------------------------------
---------------------------------
| rollout/           |          |
|    ep_len_mean     | 54.9     |
|    ep_rew_mean     | -213     |
| time/              |          |
|    episodes        | 264      |
|    fps             | 34       |
|    time_elapsed    | 425      |
|    total_timesteps | 14810    |
| train/             |          |
|    actor_loss      | -5.49    |
|    critic_loss     | 0.0828   |
|    ent_coef        | 0.238    |
|    ent_coef_loss   | -4.8     |
|    learning_rate   | 0.0003   |
|    n_updates       | 4800     |
---------------------------------
---------------------------------
| rollout/           |          |
|    ep_len_mean     | 55.2     |
|    ep_rew_mean     | -208     |
| time/              |          |
|    episodes        | 268      |
|    fps             | 34       |
|    time_elapsed    | 439      |
|    total_timesteps | 14950    |
| train/             |          |
|    actor_loss      | -5.23    |
|    critic_loss     | 0.0771   |
|    ent_coef        | 0.228    |
|    ent_coef_loss   | -4.92    |
|    learning_rate   | 0.0003   |
|    n_updates       | 4940     |
---------------------------------
---------------------------------
| rollout/           |          |
|    ep_len_mean     | 54.6     |
|    ep_rew_mean     | -204     |
| time/              |          |
|    episodes        | 272      |
|    fps             | 32       |
|    time_elapsed    | 469      |
|    total_timesteps | 15250    |
| train/             |          |
|    actor_loss      | -4.97    |
|    critic_loss     | 0.085    |
|    ent_coef        | 0.208    |
|    ent_coef_loss   | -5.21    |
|    learning_rate   | 0.0003   |
|    n_updates       | 5240     |
---------------------------------
---------------------------------
| rollout/           |          |
|    ep_len_mean     | 54.7     |
|    ep_rew_mean     | -194     |
| time/              |          |
|    episodes        | 276      |
|    fps             | 31       |
|    time_elapsed    | 492      |
|    total_timesteps | 15480    |
| train/             |          |
|    actor_loss      | -4.61    |
|    critic_loss     | 0.0841   |
|    ent_coef        | 0.195    |
|    ent_coef_loss   | -5.46    |
|    learning_rate   | 0.0003   |
|    n_updates       | 5470     |
---------------------------------
---------------------------------
| rollout/           |          |
|    ep_len_mean     | 55.8     |
|    ep_rew_mean     | -195     |
| time/              |          |
|    episodes        | 280      |
|    fps             | 30       |
|    time_elapsed    | 514      |
|    total_timesteps | 15700    |
| train/             |          |
|    actor_loss      | -4.57    |
|    critic_loss     | 0.0748   |
|    ent_coef        | 0.182    |
|    ent_coef_loss   | -5.68    |
|    learning_rate   | 0.0003   |
|    n_updates       | 5690     |
---------------------------------
---------------------------------
| rollout/           |          |
|    ep_len_mean     | 56       |
|    ep_rew_mean     | -191     |
| time/              |          |
|    episodes        | 284      |
|    fps             | 29       |
|    time_elapsed    | 536      |
|    total_timesteps | 15930    |
| train/             |          |
|    actor_loss      | -4.21    |
|    critic_loss     | 0.065    |
|    ent_coef        | 0.17     |
|    ent_coef_loss   | -5.86    |
|    learning_rate   | 0.0003   |
|    n_updates       | 5920     |
---------------------------------
---------------------------------
| rollout/           |          |
|    ep_len_mean     | 56.2     |
|    ep_rew_mean     | -196     |
| time/              |          |
|    episodes        | 288      |
|    fps             | 28       |
|    time_elapsed    | 561      |
|    total_timesteps | 16180    |
| train/             |          |
|    actor_loss      | -3.86    |
|    critic_loss     | 0.0764   |
|    ent_coef        | 0.158    |
|    ent_coef_loss   | -6.08    |
|    learning_rate   | 0.0003   |
|    n_updates       | 6170     |
---------------------------------
---------------------------------
| rollout/           |          |
|    ep_len_mean     | 56.7     |
|    ep_rew_mean     | -200     |
| time/              |          |
|    episodes        | 292      |
|    fps             | 27       |
|    time_elapsed    | 596      |
|    total_timesteps | 16540    |
| train/             |          |
|    actor_loss      | -3.6     |
|    critic_loss     | 0.0712   |
|    ent_coef        | 0.142    |
|    ent_coef_loss   | -6.45    |
|    learning_rate   | 0.0003   |
|    n_updates       | 6530     |
---------------------------------
---------------------------------
| rollout/           |          |
|    ep_len_mean     | 57.1     |
|    ep_rew_mean     | -201     |
| time/              |          |
|    episodes        | 296      |
|    fps             | 26       |
|    time_elapsed    | 623      |
|    total_timesteps | 16790    |
| train/             |          |
|    actor_loss      | -3.2     |
|    critic_loss     | 0.0651   |
|    ent_coef        | 0.132    |
|    ent_coef_loss   | -6.64    |
|    learning_rate   | 0.0003   |
|    n_updates       | 6780     |
---------------------------------
---------------------------------
| rollout/           |          |
|    ep_len_mean     | 57       |
|    ep_rew_mean     | -196     |
| time/              |          |
|    episodes        | 300      |
|    fps             | 26       |
|    time_elapsed    | 643      |
|    total_timesteps | 16980    |
| train/             |          |
|    actor_loss      | -3.06    |
|    critic_loss     | 0.064    |
|    ent_coef        | 0.124    |
|    ent_coef_loss   | -6.81    |
|    learning_rate   | 0.0003   |
|    n_updates       | 6970     |
---------------------------------
---------------------------------
| rollout/           |          |
|    ep_len_mean     | 56.5     |
|    ep_rew_mean     | -185     |
| time/              |          |
|    episodes        | 304      |
|    fps             | 25       |
|    time_elapsed    | 687      |
|    total_timesteps | 17400    |
| train/             |          |
|    actor_loss      | -2.57    |
|    critic_loss     | 0.0741   |
|    ent_coef        | 0.11     |
|    ent_coef_loss   | -7.15    |
|    learning_rate   | 0.0003   |
|    n_updates       | 7390     |
---------------------------------
---------------------------------
| rollout/           |          |
|    ep_len_mean     | 57.5     |
|    ep_rew_mean     | -197     |
| time/              |          |
|    episodes        | 308      |
|    fps             | 24       |
|    time_elapsed    | 706      |
|    total_timesteps | 17590    |
| train/             |          |
|    actor_loss      | -2.38    |
|    critic_loss     | 0.0545   |
|    ent_coef        | 0.104    |
|    ent_coef_loss   | -7.35    |
|    learning_rate   | 0.0003   |
|    n_updates       | 7580     |
---------------------------------
---------------------------------
| rollout/           |          |
|    ep_len_mean     | 58.2     |
|    ep_rew_mean     | -183     |
| time/              |          |
|    episodes        | 312      |
|    fps             | 24       |
|    time_elapsed    | 725      |
|    total_timesteps | 17770    |
| train/             |          |
|    actor_loss      | -2.3     |
|    critic_loss     | 0.0661   |
|    ent_coef        | 0.0983   |
|    ent_coef_loss   | -7.53    |
|    learning_rate   | 0.0003   |
|    n_updates       | 7760     |
---------------------------------
---------------------------------
| rollout/           |          |
|    ep_len_mean     | 58       |
|    ep_rew_mean     | -180     |
| time/              |          |
|    episodes        | 316      |
|    fps             | 23       |
|    time_elapsed    | 768      |
|    total_timesteps | 18180    |
| train/             |          |
|    actor_loss      | -1.87    |
|    critic_loss     | 0.0539   |
|    ent_coef        | 0.0871   |
|    ent_coef_loss   | -7.78    |
|    learning_rate   | 0.0003   |
|    n_updates       | 8170     |
---------------------------------
---------------------------------
| rollout/           |          |
|    ep_len_mean     | 58.5     |
|    ep_rew_mean     | -176     |
| time/              |          |
|    episodes        | 320      |
|    fps             | 23       |
|    time_elapsed    | 785      |
|    total_timesteps | 18340    |
| train/             |          |
|    actor_loss      | -1.79    |
|    critic_loss     | 0.0539   |
|    ent_coef        | 0.083    |
|    ent_coef_loss   | -8.04    |
|    learning_rate   | 0.0003   |
|    n_updates       | 8330     |
---------------------------------
---------------------------------
| rollout/           |          |
|    ep_len_mean     | 60       |
|    ep_rew_mean     | -178     |
| time/              |          |
|    episodes        | 324      |
|    fps             | 22       |
|    time_elapsed    | 843      |
|    total_timesteps | 18910    |
| train/             |          |
|    actor_loss      | -1.36    |
|    critic_loss     | 0.0502   |
|    ent_coef        | 0.0702   |
|    ent_coef_loss   | -8.4     |
|    learning_rate   | 0.0003   |
|    n_updates       | 8900     |
---------------------------------
---------------------------------
| rollout/           |          |
|    ep_len_mean     | 61.3     |
|    ep_rew_mean     | -167     |
| time/              |          |
|    episodes        | 328      |
|    fps             | 22       |
|    time_elapsed    | 867      |
|    total_timesteps | 19080    |
| train/             |          |
|    actor_loss      | -1.23    |
|    critic_loss     | 0.0573   |
|    ent_coef        | 0.0668   |
|    ent_coef_loss   | -8.37    |
|    learning_rate   | 0.0003   |
|    n_updates       | 9070     |
---------------------------------
---------------------------------
| rollout/           |          |
|    ep_len_mean     | 61.7     |
|    ep_rew_mean     | -164     |
| time/              |          |
|    episodes        | 332      |
|    fps             | 21       |
|    time_elapsed    | 895      |
|    total_timesteps | 19280    |
| train/             |          |
|    actor_loss      | -1.21    |
|    critic_loss     | 0.0423   |
|    ent_coef        | 0.0631   |
|    ent_coef_loss   | -8.5     |
|    learning_rate   | 0.0003   |
|    n_updates       | 9270     |
---------------------------------
---------------------------------
| rollout/           |          |
|    ep_len_mean     | 61.9     |
|    ep_rew_mean     | -160     |
| time/              |          |
|    episodes        | 336      |
|    fps             | 21       |
|    time_elapsed    | 914      |
|    total_timesteps | 19410    |
| train/             |          |
|    actor_loss      | -1.01    |
|    critic_loss     | 0.04     |
|    ent_coef        | 0.0608   |
|    ent_coef_loss   | -8.51    |
|    learning_rate   | 0.0003   |
|    n_updates       | 9400     |
---------------------------------
---------------------------------
| rollout/           |          |
|    ep_len_mean     | 61.2     |
|    ep_rew_mean     | -163     |
| time/              |          |
|    episodes        | 340      |
|    fps             | 20       |
|    time_elapsed    | 962      |
|    total_timesteps | 19740    |
| train/             |          |
|    actor_loss      | -0.893   |
|    critic_loss     | 0.0647   |
|    ent_coef        | 0.0552   |
|    ent_coef_loss   | -8.86    |
|    learning_rate   | 0.0003   |
|    n_updates       | 9730     |
---------------------------------
---------------------------------
| rollout/           |          |
|    ep_len_mean     | 61.7     |
|    ep_rew_mean     | -164     |
| time/              |          |
|    episodes        | 344      |
|    fps             | 20       |
|    time_elapsed    | 976      |
|    total_timesteps | 19910    |
| train/             |          |
|    actor_loss      | -0.804   |
|    critic_loss     | 0.0423   |
|    ent_coef        | 0.0526   |
|    ent_coef_loss   | -8.76    |
|    learning_rate   | 0.0003   |
|    n_updates       | 9900     |
---------------------------------
---------------------------------
| rollout/           |          |
|    ep_len_mean     | 62.2     |
|    ep_rew_mean     | -144     |
| time/              |          |
|    episodes        | 348      |
|    fps             | 20       |
|    time_elapsed    | 985      |
|    total_timesteps | 20090    |
| train/             |          |
|    actor_loss      | -0.692   |
|    critic_loss     | 0.0423   |
|    ent_coef        | 0.0499   |
|    ent_coef_loss   | -9.06    |
|    learning_rate   | 0.0003   |
|    n_updates       | 10080    |
---------------------------------
---------------------------------
| rollout/           |          |
|    ep_len_mean     | 60.9     |
|    ep_rew_mean     | -147     |
| time/              |          |
|    episodes        | 352      |
|    fps             | 20       |
|    time_elapsed    | 991      |
|    total_timesteps | 20200    |
| train/             |          |
|    actor_loss      | -0.73    |
|    critic_loss     | 0.0449   |
|    ent_coef        | 0.0484   |
|    ent_coef_loss   | -8.9     |
|    learning_rate   | 0.0003   |
|    n_updates       | 10190    |
---------------------------------
---------------------------------
| rollout/           |          |
|    ep_len_mean     | 60.1     |
|    ep_rew_mean     | -161     |
| time/              |          |
|    episodes        | 356      |
|    fps             | 20       |
|    time_elapsed    | 1006     |
|    total_timesteps | 20500    |
| train/             |          |
|    actor_loss      | -0.47    |
|    critic_loss     | 0.0377   |
|    ent_coef        | 0.0444   |
|    ent_coef_loss   | -9.34    |
|    learning_rate   | 0.0003   |
|    n_updates       | 10490    |
---------------------------------
---------------------------------
| rollout/           |          |
|    ep_len_mean     | 61.9     |
|    ep_rew_mean     | -144     |
| time/              |          |
|    episodes        | 360      |
|    fps             | 20       |
|    time_elapsed    | 1023     |
|    total_timesteps | 20860    |
| train/             |          |
|    actor_loss      | -0.368   |
|    critic_loss     | 0.0385   |
|    ent_coef        | 0.04     |
|    ent_coef_loss   | -9       |
|    learning_rate   | 0.0003   |
|    n_updates       | 10850    |
---------------------------------
---------------------------------
| rollout/           |          |
|    ep_len_mean     | 62       |
|    ep_rew_mean     | -139     |
| time/              |          |
|    episodes        | 364      |
|    fps             | 20       |
|    time_elapsed    | 1036     |
|    total_timesteps | 21110    |
| train/             |          |
|    actor_loss      | -0.334   |
|    critic_loss     | 0.0381   |
|    ent_coef        | 0.0373   |
|    ent_coef_loss   | -9.63    |
|    learning_rate   | 0.0003   |
|    n_updates       | 11100    |
---------------------------------
---------------------------------
| rollout/           |          |
|    ep_len_mean     | 62.5     |
|    ep_rew_mean     | -131     |
| time/              |          |
|    episodes        | 368      |
|    fps             | 20       |
|    time_elapsed    | 1050     |
|    total_timesteps | 21400    |
| train/             |          |
|    actor_loss      | -0.275   |
|    critic_loss     | 0.0351   |
|    ent_coef        | 0.0343   |
|    ent_coef_loss   | -9.28    |
|    learning_rate   | 0.0003   |
|    n_updates       | 11390    |
---------------------------------
---------------------------------
| rollout/           |          |
|    ep_len_mean     | 63.1     |
|    ep_rew_mean     | -137     |
| time/              |          |
|    episodes        | 372      |
|    fps             | 20       |
|    time_elapsed    | 1059     |
|    total_timesteps | 21580    |
| train/             |          |
|    actor_loss      | -0.0896  |
|    critic_loss     | 0.0406   |
|    ent_coef        | 0.0326   |
|    ent_coef_loss   | -9.51    |
|    learning_rate   | 0.0003   |
|    n_updates       | 11570    |
---------------------------------
---------------------------------
| rollout/           |          |
|    ep_len_mean     | 62.2     |
|    ep_rew_mean     | -142     |
| time/              |          |
|    episodes        | 376      |
|    fps             | 20       |
|    time_elapsed    | 1063     |
|    total_timesteps | 21660    |
| train/             |          |
|    actor_loss      | -0.0785  |
|    critic_loss     | 0.0369   |
|    ent_coef        | 0.0318   |
|    ent_coef_loss   | -9.53    |
|    learning_rate   | 0.0003   |
|    n_updates       | 11650    |
---------------------------------
---------------------------------
| rollout/           |          |
|    ep_len_mean     | 62.1     |
|    ep_rew_mean     | -148     |
| time/              |          |
|    episodes        | 380      |
|    fps             | 20       |
|    time_elapsed    | 1081     |
|    total_timesteps | 22030    |
| train/             |          |
|    actor_loss      | -0.0067  |
|    critic_loss     | 0.0332   |
|    ent_coef        | 0.0286   |
|    ent_coef_loss   | -9.9     |
|    learning_rate   | 0.0003   |
|    n_updates       | 12020    |
---------------------------------
---------------------------------
| rollout/           |          |
|    ep_len_mean     | 62       |
|    ep_rew_mean     | -147     |
| time/              |          |
|    episodes        | 384      |
|    fps             | 20       |
|    time_elapsed    | 1088     |
|    total_timesteps | 22160    |
| train/             |          |
|    actor_loss      | -0.0415  |
|    critic_loss     | 0.041    |
|    ent_coef        | 0.0276   |
|    ent_coef_loss   | -9.46    |
|    learning_rate   | 0.0003   |
|    n_updates       | 12150    |
---------------------------------
---------------------------------
| rollout/           |          |
|    ep_len_mean     | 62.1     |
|    ep_rew_mean     | -143     |
| time/              |          |
|    episodes        | 388      |
|    fps             | 20       |
|    time_elapsed    | 1098     |
|    total_timesteps | 22360    |
| train/             |          |
|    actor_loss      | 0.0495   |
|    critic_loss     | 0.0312   |
|    ent_coef        | 0.026    |
|    ent_coef_loss   | -9.95    |
|    learning_rate   | 0.0003   |
|    n_updates       | 12350    |
---------------------------------
---------------------------------
| rollout/           |          |
|    ep_len_mean     | 61.2     |
|    ep_rew_mean     | -143     |
| time/              |          |
|    episodes        | 392      |
|    fps             | 20       |
|    time_elapsed    | 1114     |
|    total_timesteps | 22640    |
| train/             |          |
|    actor_loss      | 0.143    |
|    critic_loss     | 0.0308   |
|    ent_coef        | 0.024    |
|    ent_coef_loss   | -9.93    |
|    learning_rate   | 0.0003   |
|    n_updates       | 12630    |
---------------------------------
---------------------------------
| rollout/           |          |
|    ep_len_mean     | 60.9     |
|    ep_rew_mean     | -143     |
| time/              |          |
|    episodes        | 396      |
|    fps             | 20       |
|    time_elapsed    | 1126     |
|    total_timesteps | 22810    |
| train/             |          |
|    actor_loss      | 0.182    |
|    critic_loss     | 0.0253   |
|    ent_coef        | 0.0229   |
|    ent_coef_loss   | -9.64    |
|    learning_rate   | 0.0003   |
|    n_updates       | 12800    |
---------------------------------
---------------------------------
| rollout/           |          |
|    ep_len_mean     | 61.1     |
|    ep_rew_mean     | -134     |
| time/              |          |
|    episodes        | 400      |
|    fps             | 20       |
|    time_elapsed    | 1143     |
|    total_timesteps | 23080    |
| train/             |          |
|    actor_loss      | 0.181    |
|    critic_loss     | 0.0317   |
|    ent_coef        | 0.0212   |
|    ent_coef_loss   | -10.3    |
|    learning_rate   | 0.0003   |
|    n_updates       | 13070    |
---------------------------------
---------------------------------
| rollout/           |          |
|    ep_len_mean     | 60.7     |
|    ep_rew_mean     | -128     |
| time/              |          |
|    episodes        | 404      |
|    fps             | 20       |
|    time_elapsed    | 1167     |
|    total_timesteps | 23400    |
| train/             |          |
|    actor_loss      | 0.242    |
|    critic_loss     | 0.0243   |
|    ent_coef        | 0.0194   |
|    ent_coef_loss   | -9.99    |
|    learning_rate   | 0.0003   |
|    n_updates       | 13390    |
---------------------------------
---------------------------------
| rollout/           |          |
|    ep_len_mean     | 60.9     |
|    ep_rew_mean     | -122     |
| time/              |          |
|    episodes        | 408      |
|    fps             | 20       |
|    time_elapsed    | 1178     |
|    total_timesteps | 23580    |
| train/             |          |
|    actor_loss      | 0.245    |
|    critic_loss     | 0.0333   |
|    ent_coef        | 0.0184   |
|    ent_coef_loss   | -10      |
|    learning_rate   | 0.0003   |
|    n_updates       | 13570    |
---------------------------------
---------------------------------
| rollout/           |          |
|    ep_len_mean     | 60       |
|    ep_rew_mean     | -131     |
| time/              |          |
|    episodes        | 412      |
|    fps             | 19       |
|    time_elapsed    | 1196     |
|    total_timesteps | 23850    |
| train/             |          |
|    actor_loss      | 0.321    |
|    critic_loss     | 0.0379   |
|    ent_coef        | 0.0171   |
|    ent_coef_loss   | -9.75    |
|    learning_rate   | 0.0003   |
|    n_updates       | 13840    |
---------------------------------
---------------------------------
| rollout/           |          |
|    ep_len_mean     | 60       |
|    ep_rew_mean     | -134     |
| time/              |          |
|    episodes        | 416      |
|    fps             | 19       |
|    time_elapsed    | 1215     |
|    total_timesteps | 24140    |
| train/             |          |
|    actor_loss      | 0.422    |
|    critic_loss     | 0.0337   |
|    ent_coef        | 0.0157   |
|    ent_coef_loss   | -9.24    |
|    learning_rate   | 0.0003   |
|    n_updates       | 14130    |
---------------------------------
---------------------------------
| rollout/           |          |
|    ep_len_mean     | 59.8     |
|    ep_rew_mean     | -138     |
| time/              |          |
|    episodes        | 420      |
|    fps             | 19       |
|    time_elapsed    | 1227     |
|    total_timesteps | 24310    |
| train/             |          |
|    actor_loss      | 0.406    |
|    critic_loss     | 0.0443   |
|    ent_coef        | 0.015    |
|    ent_coef_loss   | -10.1    |
|    learning_rate   | 0.0003   |
|    n_updates       | 14300    |
---------------------------------
---------------------------------
| rollout/           |          |
|    ep_len_mean     | 58.9     |
|    ep_rew_mean     | -125     |
| time/              |          |
|    episodes        | 424      |
|    fps             | 19       |
|    time_elapsed    | 1251     |
|    total_timesteps | 24670    |
| train/             |          |
|    actor_loss      | 0.455    |
|    critic_loss     | 0.0288   |
|    ent_coef        | 0.0136   |
|    ent_coef_loss   | -9.61    |
|    learning_rate   | 0.0003   |
|    n_updates       | 14660    |
---------------------------------
---------------------------------
| rollout/           |          |
|    ep_len_mean     | 58.7     |
|    ep_rew_mean     | -128     |
| time/              |          |
|    episodes        | 428      |
|    fps             | 19       |
|    time_elapsed    | 1270     |
|    total_timesteps | 24940    |
| train/             |          |
|    actor_loss      | 0.493    |
|    critic_loss     | 0.0331   |
|    ent_coef        | 0.0126   |
|    ent_coef_loss   | -10.1    |
|    learning_rate   | 0.0003   |
|    n_updates       | 14930    |
---------------------------------
---------------------------------
| rollout/           |          |
|    ep_len_mean     | 58.8     |
|    ep_rew_mean     | -127     |
| time/              |          |
|    episodes        | 432      |
|    fps             | 19       |
|    time_elapsed    | 1281     |
|    total_timesteps | 25100    |
| train/             |          |
|    actor_loss      | 0.428    |
|    critic_loss     | 0.0372   |
|    ent_coef        | 0.0121   |
|    ent_coef_loss   | -10      |
|    learning_rate   | 0.0003   |
|    n_updates       | 15090    |
---------------------------------
---------------------------------
| rollout/           |          |
|    ep_len_mean     | 58.7     |
|    ep_rew_mean     | -126     |
| time/              |          |
|    episodes        | 436      |
|    fps             | 19       |
|    time_elapsed    | 1304     |
|    total_timesteps | 25440    |
| train/             |          |
|    actor_loss      | 0.504    |
|    critic_loss     | 0.0429   |
|    ent_coef        | 0.011    |
|    ent_coef_loss   | -9.32    |
|    learning_rate   | 0.0003   |
|    n_updates       | 15430    |
---------------------------------
---------------------------------
| rollout/           |          |
|    ep_len_mean     | 60       |
|    ep_rew_mean     | -113     |
| time/              |          |
|    episodes        | 440      |
|    fps             | 19       |
|    time_elapsed    | 1320     |
|    total_timesteps | 25690    |
| train/             |          |
|    actor_loss      | 0.548    |
|    critic_loss     | 0.0385   |
|    ent_coef        | 0.0102   |
|    ent_coef_loss   | -9.39    |
|    learning_rate   | 0.0003   |
|    n_updates       | 15680    |
---------------------------------
---------------------------------
| rollout/           |          |
|    ep_len_mean     | 60.2     |
|    ep_rew_mean     | -107     |
| time/              |          |
|    episodes        | 444      |
|    fps             | 19       |
|    time_elapsed    | 1335     |
|    total_timesteps | 25910    |
| train/             |          |
|    actor_loss      | 0.566    |
|    critic_loss     | 0.0271   |
|    ent_coef        | 0.00965  |
|    ent_coef_loss   | -9.19    |
|    learning_rate   | 0.0003   |
|    n_updates       | 15900    |
---------------------------------
---------------------------------
| rollout/           |          |
|    ep_len_mean     | 59.4     |
|    ep_rew_mean     | -116     |
| time/              |          |
|    episodes        | 448      |
|    fps             | 19       |
|    time_elapsed    | 1353     |
|    total_timesteps | 26200    |
| train/             |          |
|    actor_loss      | 0.524    |
|    critic_loss     | 0.0244   |
|    ent_coef        | 0.00891  |
|    ent_coef_loss   | -9.74    |
|    learning_rate   | 0.0003   |
|    n_updates       | 16190    |
---------------------------------
---------------------------------
| rollout/           |          |
|    ep_len_mean     | 60.8     |
|    ep_rew_mean     | -98.5    |
| time/              |          |
|    episodes        | 452      |
|    fps             | 19       |
|    time_elapsed    | 1367     |
|    total_timesteps | 26410    |
| train/             |          |
|    actor_loss      | 0.512    |
|    critic_loss     | 0.0266   |
|    ent_coef        | 0.00841  |
|    ent_coef_loss   | -9.3     |
|    learning_rate   | 0.0003   |
|    n_updates       | 16400    |
---------------------------------
---------------------------------
| rollout/           |          |
|    ep_len_mean     | 61       |
|    ep_rew_mean     | -94.1    |
| time/              |          |
|    episodes        | 456      |
|    fps             | 19       |
|    time_elapsed    | 1375     |
|    total_timesteps | 26540    |
| train/             |          |
|    actor_loss      | 0.511    |
|    critic_loss     | 0.0274   |
|    ent_coef        | 0.00811  |
|    ent_coef_loss   | -9.58    |
|    learning_rate   | 0.0003   |
|    n_updates       | 16530    |
---------------------------------
---------------------------------
| rollout/           |          |
|    ep_len_mean     | 60.1     |
|    ep_rew_mean     | -97      |
| time/              |          |
|    episodes        | 460      |
|    fps             | 19       |
|    time_elapsed    | 1385     |
|    total_timesteps | 26690    |
| train/             |          |
|    actor_loss      | 0.565    |
|    critic_loss     | 0.0309   |
|    ent_coef        | 0.00778  |
|    ent_coef_loss   | -9.4     |
|    learning_rate   | 0.0003   |
|    n_updates       | 16680    |
---------------------------------
---------------------------------
| rollout/           |          |
|    ep_len_mean     | 59       |
|    ep_rew_mean     | -111     |
| time/              |          |
|    episodes        | 464      |
|    fps             | 19       |
|    time_elapsed    | 1403     |
|    total_timesteps | 26940    |
| train/             |          |
|    actor_loss      | 0.596    |
|    critic_loss     | 0.029    |
|    ent_coef        | 0.00727  |
|    ent_coef_loss   | -8.8     |
|    learning_rate   | 0.0003   |
|    n_updates       | 16930    |
---------------------------------
---------------------------------
| rollout/           |          |
|    ep_len_mean     | 58.7     |
|    ep_rew_mean     | -108     |
| time/              |          |
|    episodes        | 468      |
|    fps             | 19       |
|    time_elapsed    | 1420     |
|    total_timesteps | 27210    |
| train/             |          |
|    actor_loss      | 0.531    |
|    critic_loss     | 0.0191   |
|    ent_coef        | 0.00675  |
|    ent_coef_loss   | -8.46    |
|    learning_rate   | 0.0003   |
|    n_updates       | 17200    |
---------------------------------
---------------------------------
| rollout/           |          |
|    ep_len_mean     | 59       |
|    ep_rew_mean     | -93.9    |
| time/              |          |
|    episodes        | 472      |
|    fps             | 19       |
|    time_elapsed    | 1434     |
|    total_timesteps | 27370    |
| train/             |          |
|    actor_loss      | 0.556    |
|    critic_loss     | 0.0287   |
|    ent_coef        | 0.00646  |
|    ent_coef_loss   | -8.5     |
|    learning_rate   | 0.0003   |
|    n_updates       | 17360    |
---------------------------------
---------------------------------
| rollout/           |          |
|    ep_len_mean     | 59.7     |
|    ep_rew_mean     | -85.1    |
| time/              |          |
|    episodes        | 476      |
|    fps             | 19       |
|    time_elapsed    | 1453     |
|    total_timesteps | 27620    |
| train/             |          |
|    actor_loss      | 0.531    |
|    critic_loss     | 0.0254   |
|    ent_coef        | 0.00605  |
|    ent_coef_loss   | -8.87    |
|    learning_rate   | 0.0003   |
|    n_updates       | 17610    |
---------------------------------
---------------------------------
| rollout/           |          |
|    ep_len_mean     | 59.3     |
|    ep_rew_mean     | -74.4    |
| time/              |          |
|    episodes        | 480      |
|    fps             | 18       |
|    time_elapsed    | 1474     |
|    total_timesteps | 27880    |
| train/             |          |
|    actor_loss      | 0.581    |
|    critic_loss     | 0.0252   |
|    ent_coef        | 0.00564  |
|    ent_coef_loss   | -9.62    |
|    learning_rate   | 0.0003   |
|    n_updates       | 17870    |
---------------------------------
---------------------------------
| rollout/           |          |
|    ep_len_mean     | 59.4     |
|    ep_rew_mean     | -65.6    |
| time/              |          |
|    episodes        | 484      |
|    fps             | 18       |
|    time_elapsed    | 1490     |
|    total_timesteps | 28070    |
| train/             |          |
|    actor_loss      | 0.506    |
|    critic_loss     | 0.029    |
|    ent_coef        | 0.00536  |
|    ent_coef_loss   | -7.73    |
|    learning_rate   | 0.0003   |
|    n_updates       | 18060    |
---------------------------------
---------------------------------
| rollout/           |          |
|    ep_len_mean     | 59.5     |
|    ep_rew_mean     | -61.9    |
| time/              |          |
|    episodes        | 488      |
|    fps             | 18       |
|    time_elapsed    | 1509     |
|    total_timesteps | 28360    |
| train/             |          |
|    actor_loss      | 0.531    |
|    critic_loss     | 0.0255   |
|    ent_coef        | 0.00496  |
|    ent_coef_loss   | -8.2     |
|    learning_rate   | 0.0003   |
|    n_updates       | 18350    |
---------------------------------
---------------------------------
| rollout/           |          |
|    ep_len_mean     | 59.5     |
|    ep_rew_mean     | -58      |
| time/              |          |
|    episodes        | 492      |
|    fps             | 18       |
|    time_elapsed    | 1521     |
|    total_timesteps | 28530    |
| train/             |          |
|    actor_loss      | 0.526    |
|    critic_loss     | 0.0239   |
|    ent_coef        | 0.00475  |
|    ent_coef_loss   | -8.73    |
|    learning_rate   | 0.0003   |
|    n_updates       | 18520    |
---------------------------------
---------------------------------
| rollout/           |          |
|    ep_len_mean     | 59.5     |
|    ep_rew_mean     | -54.2    |
| time/              |          |
|    episodes        | 496      |
|    fps             | 18       |
|    time_elapsed    | 1539     |
|    total_timesteps | 28800    |
| train/             |          |
|    actor_loss      | 0.568    |
|    critic_loss     | 0.0152   |
|    ent_coef        | 0.00442  |
|    ent_coef_loss   | -7.86    |
|    learning_rate   | 0.0003   |
|    n_updates       | 18790    |
---------------------------------
---------------------------------
| rollout/           |          |
|    ep_len_mean     | 59.3     |
|    ep_rew_mean     | -55.1    |
| time/              |          |
|    episodes        | 500      |
|    fps             | 18       |
|    time_elapsed    | 1553     |
|    total_timesteps | 29010    |
| train/             |          |
|    actor_loss      | 0.445    |
|    critic_loss     | 0.028    |
|    ent_coef        | 0.0042   |
|    ent_coef_loss   | -7.3     |
|    learning_rate   | 0.0003   |
|    n_updates       | 19000    |
---------------------------------
---------------------------------
| rollout/           |          |
|    ep_len_mean     | 59.4     |
|    ep_rew_mean     | -51.8    |
| time/              |          |
|    episodes        | 504      |
|    fps             | 18       |
|    time_elapsed    | 1563     |
|    total_timesteps | 29170    |
| train/             |          |
|    actor_loss      | 0.549    |
|    critic_loss     | 0.0184   |
|    ent_coef        | 0.00404  |
|    ent_coef_loss   | -6.67    |
|    learning_rate   | 0.0003   |
|    n_updates       | 19160    |
---------------------------------
---------------------------------
| rollout/           |          |
|    ep_len_mean     | 58.5     |
|    ep_rew_mean     | -52.8    |
| time/              |          |
|    episodes        | 508      |
|    fps             | 18       |
|    time_elapsed    | 1584     |
|    total_timesteps | 29500    |
| train/             |          |
|    actor_loss      | 0.538    |
|    critic_loss     | 0.0201   |
|    ent_coef        | 0.00373  |
|    ent_coef_loss   | -6.17    |
|    learning_rate   | 0.0003   |
|    n_updates       | 19490    |
---------------------------------
---------------------------------
| rollout/           |          |
|    ep_len_mean     | 58.2     |
|    ep_rew_mean     | -48.7    |
| time/              |          |
|    episodes        | 512      |
|    fps             | 18       |
|    time_elapsed    | 1591     |
|    total_timesteps | 29580    |
| train/             |          |
|    actor_loss      | 0.5      |
|    critic_loss     | 0.0267   |
|    ent_coef        | 0.00366  |
|    ent_coef_loss   | -6.73    |
|    learning_rate   | 0.0003   |
|    n_updates       | 19570    |
---------------------------------
---------------------------------
| rollout/           |          |
|    ep_len_mean     | 57.9     |
|    ep_rew_mean     | -40.4    |
| time/              |          |
|    episodes        | 516      |
|    fps             | 18       |
|    time_elapsed    | 1603     |
|    total_timesteps | 29770    |
| train/             |          |
|    actor_loss      | 0.483    |
|    critic_loss     | 0.0274   |
|    ent_coef        | 0.0035   |
|    ent_coef_loss   | -6.3     |
|    learning_rate   | 0.0003   |
|    n_updates       | 19760    |
---------------------------------
---------------------------------
| rollout/           |          |
|    ep_len_mean     | 57.4     |
|    ep_rew_mean     | -31.1    |
| time/              |          |
|    episodes        | 520      |
|    fps             | 18       |
|    time_elapsed    | 1618     |
|    total_timesteps | 30010    |
| train/             |          |
|    actor_loss      | 0.491    |
|    critic_loss     | 0.0249   |
|    ent_coef        | 0.00331  |
|    ent_coef_loss   | -6.48    |
|    learning_rate   | 0.0003   |
|    n_updates       | 20000    |
---------------------------------
---------------------------------
| rollout/           |          |
|    ep_len_mean     | 56.6     |
|    ep_rew_mean     | -30.2    |
| time/              |          |
|    episodes        | 524      |
|    fps             | 18       |
|    time_elapsed    | 1628     |
|    total_timesteps | 30160    |
| train/             |          |
|    actor_loss      | 0.429    |
|    critic_loss     | 0.0259   |
|    ent_coef        | 0.0032   |
|    ent_coef_loss   | -5.36    |
|    learning_rate   | 0.0003   |
|    n_updates       | 20150    |
---------------------------------
---------------------------------
| rollout/           |          |
|    ep_len_mean     | 55.2     |
|    ep_rew_mean     | -23.6    |
| time/              |          |
|    episodes        | 528      |
|    fps             | 18       |
|    time_elapsed    | 1640     |
|    total_timesteps | 30350    |
| train/             |          |
|    actor_loss      | 0.438    |
|    critic_loss     | 0.0261   |
|    ent_coef        | 0.00306  |
|    ent_coef_loss   | -5.81    |
|    learning_rate   | 0.0003   |
|    n_updates       | 20340    |
---------------------------------
---------------------------------
| rollout/           |          |
|    ep_len_mean     | 54.5     |
|    ep_rew_mean     | -27.8    |
| time/              |          |
|    episodes        | 532      |
|    fps             | 18       |
|    time_elapsed    | 1655     |
|    total_timesteps | 30600    |
| train/             |          |
|    actor_loss      | 0.441    |
|    critic_loss     | 0.0213   |
|    ent_coef        | 0.00289  |
|    ent_coef_loss   | -4.63    |
|    learning_rate   | 0.0003   |
|    n_updates       | 20590    |
---------------------------------
---------------------------------
| rollout/           |          |
|    ep_len_mean     | 54.4     |
|    ep_rew_mean     | -23.3    |
| time/              |          |
|    episodes        | 536      |
|    fps             | 18       |
|    time_elapsed    | 1663     |
|    total_timesteps | 30720    |
| train/             |          |
|    actor_loss      | 0.427    |
|    critic_loss     | 0.0265   |
|    ent_coef        | 0.00281  |
|    ent_coef_loss   | -5.78    |
|    learning_rate   | 0.0003   |
|    n_updates       | 20710    |
---------------------------------
---------------------------------
| rollout/           |          |
|    ep_len_mean     | 53.3     |
|    ep_rew_mean     | -31.5    |
| time/              |          |
|    episodes        | 540      |
|    fps             | 18       |
|    time_elapsed    | 1687     |
|    total_timesteps | 31090    |
| train/             |          |
|    actor_loss      | 0.435    |
|    critic_loss     | 0.0214   |
|    ent_coef        | 0.0026   |
|    ent_coef_loss   | -4.13    |
|    learning_rate   | 0.0003   |
|    n_updates       | 21080    |
---------------------------------
---------------------------------
| rollout/           |          |
|    ep_len_mean     | 53.3     |
|    ep_rew_mean     | -27.5    |
| time/              |          |
|    episodes        | 544      |
|    fps             | 18       |
|    time_elapsed    | 1696     |
|    total_timesteps | 31230    |
| train/             |          |
|    actor_loss      | 0.373    |
|    critic_loss     | 0.0231   |
|    ent_coef        | 0.00254  |
|    ent_coef_loss   | -4.1     |
|    learning_rate   | 0.0003   |
|    n_updates       | 21220    |
---------------------------------
---------------------------------
| rollout/           |          |
|    ep_len_mean     | 53.1     |
|    ep_rew_mean     | -27.6    |
| time/              |          |
|    episodes        | 548      |
|    fps             | 18       |
|    time_elapsed    | 1714     |
|    total_timesteps | 31440    |
| train/             |          |
|    actor_loss      | 0.413    |
|    critic_loss     | 0.0249   |
|    ent_coef        | 0.00245  |
|    ent_coef_loss   | -3.09    |
|    learning_rate   | 0.0003   |
|    n_updates       | 21430    |
---------------------------------
---------------------------------
| rollout/           |          |
|    ep_len_mean     | 52.5     |
|    ep_rew_mean     | -42.5    |
| time/              |          |
|    episodes        | 552      |
|    fps             | 18       |
|    time_elapsed    | 1727     |
|    total_timesteps | 31600    |
| train/             |          |
|    actor_loss      | 0.409    |
|    critic_loss     | 0.0208   |
|    ent_coef        | 0.00239  |
|    ent_coef_loss   | -2.09    |
|    learning_rate   | 0.0003   |
|    n_updates       | 21590    |
---------------------------------
---------------------------------
| rollout/           |          |
|    ep_len_mean     | 52.8     |
|    ep_rew_mean     | -47.4    |
| time/              |          |
|    episodes        | 556      |
|    fps             | 18       |
|    time_elapsed    | 1747     |
|    total_timesteps | 31860    |
| train/             |          |
|    actor_loss      | 0.367    |
|    critic_loss     | 0.0249   |
|    ent_coef        | 0.00231  |
|    ent_coef_loss   | -3.69    |
|    learning_rate   | 0.0003   |
|    n_updates       | 21850    |
---------------------------------
---------------------------------
| rollout/           |          |
|    ep_len_mean     | 52       |
|    ep_rew_mean     | -52.4    |
| time/              |          |
|    episodes        | 560      |
|    fps             | 18       |
|    time_elapsed    | 1754     |
|    total_timesteps | 31930    |
| train/             |          |
|    actor_loss      | 0.472    |
|    critic_loss     | 0.0269   |
|    ent_coef        | 0.00229  |
|    ent_coef_loss   | -2.81    |
|    learning_rate   | 0.0003   |
|    n_updates       | 21920    |
---------------------------------
---------------------------------
| rollout/           |          |
|    ep_len_mean     | 53.2     |
|    ep_rew_mean     | -43.8    |
| time/              |          |
|    episodes        | 564      |
|    fps             | 18       |
|    time_elapsed    | 1775     |
|    total_timesteps | 32210    |
| train/             |          |
|    actor_loss      | 0.451    |
|    critic_loss     | 0.0222   |
|    ent_coef        | 0.00219  |
|    ent_coef_loss   | -2.9     |
|    learning_rate   | 0.0003   |
|    n_updates       | 22200    |
---------------------------------
---------------------------------
| rollout/           |          |
|    ep_len_mean     | 52.9     |
|    ep_rew_mean     | -43.9    |
| time/              |          |
|    episodes        | 568      |
|    fps             | 18       |
|    time_elapsed    | 1793     |
|    total_timesteps | 32490    |
| train/             |          |
|    actor_loss      | 0.335    |
|    critic_loss     | 0.0229   |
|    ent_coef        | 0.0021   |
|    ent_coef_loss   | -1.93    |
|    learning_rate   | 0.0003   |
|    n_updates       | 22480    |
---------------------------------
---------------------------------
| rollout/           |          |
|    ep_len_mean     | 52.6     |
|    ep_rew_mean     | -49.4    |
| time/              |          |
|    episodes        | 572      |
|    fps             | 18       |
|    time_elapsed    | 1799     |
|    total_timesteps | 32590    |
| train/             |          |
|    actor_loss      | 0.421    |
|    critic_loss     | 0.0309   |
|    ent_coef        | 0.00207  |
|    ent_coef_loss   | -2.8     |
|    learning_rate   | 0.0003   |
|    n_updates       | 22580    |
---------------------------------
---------------------------------
| rollout/           |          |
|    ep_len_mean     | 52.3     |
|    ep_rew_mean     | -53.5    |
| time/              |          |
|    episodes        | 576      |
|    fps             | 18       |
|    time_elapsed    | 1816     |
|    total_timesteps | 32830    |
| train/             |          |
|    actor_loss      | 0.383    |
|    critic_loss     | 0.0384   |
|    ent_coef        | 0.00198  |
|    ent_coef_loss   | -0.749   |
|    learning_rate   | 0.0003   |
|    n_updates       | 22820    |
---------------------------------
---------------------------------
| rollout/           |          |
|    ep_len_mean     | 52.2     |
|    ep_rew_mean     | -51.8    |
| time/              |          |
|    episodes        | 580      |
|    fps             | 18       |
|    time_elapsed    | 1830     |
|    total_timesteps | 33060    |
| train/             |          |
|    actor_loss      | 0.445    |
|    critic_loss     | 0.0258   |
|    ent_coef        | 0.00191  |
|    ent_coef_loss   | -1.98    |
|    learning_rate   | 0.0003   |
|    n_updates       | 23050    |
---------------------------------
---------------------------------
| rollout/           |          |
|    ep_len_mean     | 52       |
|    ep_rew_mean     | -56.9    |
| time/              |          |
|    episodes        | 584      |
|    fps             | 18       |
|    time_elapsed    | 1846     |
|    total_timesteps | 33300    |
| train/             |          |
|    actor_loss      | 0.404    |
|    critic_loss     | 0.0262   |
|    ent_coef        | 0.00185  |
|    ent_coef_loss   | -1.8     |
|    learning_rate   | 0.0003   |
|    n_updates       | 23290    |
---------------------------------
---------------------------------
| rollout/           |          |
|    ep_len_mean     | 51.3     |
|    ep_rew_mean     | -63.8    |
| time/              |          |
|    episodes        | 588      |
|    fps             | 18       |
|    time_elapsed    | 1861     |
|    total_timesteps | 33520    |
| train/             |          |
|    actor_loss      | 0.432    |
|    critic_loss     | 0.0263   |
|    ent_coef        | 0.00181  |
|    ent_coef_loss   | -1.86    |
|    learning_rate   | 0.0003   |
|    n_updates       | 23510    |
---------------------------------
---------------------------------
| rollout/           |          |
|    ep_len_mean     | 51.3     |
|    ep_rew_mean     | -64.1    |
| time/              |          |
|    episodes        | 592      |
|    fps             | 17       |
|    time_elapsed    | 1877     |
|    total_timesteps | 33760    |
| train/             |          |
|    actor_loss      | 0.331    |
|    critic_loss     | 0.0162   |
|    ent_coef        | 0.00175  |
|    ent_coef_loss   | -0.0174  |
|    learning_rate   | 0.0003   |
|    n_updates       | 23750    |
---------------------------------
---------------------------------
| rollout/           |          |
|    ep_len_mean     | 51.8     |
|    ep_rew_mean     | -70.6    |
| time/              |          |
|    episodes        | 596      |
|    fps             | 17       |
|    time_elapsed    | 1889     |
|    total_timesteps | 33970    |
| train/             |          |
|    actor_loss      | 0.315    |
|    critic_loss     | 0.0256   |
|    ent_coef        | 0.00171  |
|    ent_coef_loss   | 0.746    |
|    learning_rate   | 0.0003   |
|    n_updates       | 23960    |
---------------------------------
---------------------------------
| rollout/           |          |
|    ep_len_mean     | 52       |
|    ep_rew_mean     | -70.8    |
| time/              |          |
|    episodes        | 600      |
|    fps             | 17       |
|    time_elapsed    | 1900     |
|    total_timesteps | 34170    |
| train/             |          |
|    actor_loss      | 0.374    |
|    critic_loss     | 0.0333   |
|    ent_coef        | 0.00166  |
|    ent_coef_loss   | -1.7     |
|    learning_rate   | 0.0003   |
|    n_updates       | 24160    |
---------------------------------
---------------------------------
| rollout/           |          |
|    ep_len_mean     | 51.6     |
|    ep_rew_mean     | -73.9    |
| time/              |          |
|    episodes        | 604      |
|    fps             | 17       |
|    time_elapsed    | 1912     |
|    total_timesteps | 34380    |
| train/             |          |
|    actor_loss      | 0.392    |
|    critic_loss     | 0.0259   |
|    ent_coef        | 0.00164  |
|    ent_coef_loss   | 2.3      |
|    learning_rate   | 0.0003   |
|    n_updates       | 24370    |
---------------------------------
---------------------------------
| rollout/           |          |
|    ep_len_mean     | 51.1     |
|    ep_rew_mean     | -77      |
| time/              |          |
|    episodes        | 608      |
|    fps             | 17       |
|    time_elapsed    | 1923     |
|    total_timesteps | 34570    |
| train/             |          |
|    actor_loss      | 0.393    |
|    critic_loss     | 0.0271   |
|    ent_coef        | 0.00162  |
|    ent_coef_loss   | -0.967   |
|    learning_rate   | 0.0003   |
|    n_updates       | 24560    |
---------------------------------
---------------------------------
| rollout/           |          |
|    ep_len_mean     | 51.1     |
|    ep_rew_mean     | -76.8    |
| time/              |          |
|    episodes        | 612      |
|    fps             | 17       |
|    time_elapsed    | 1929     |
|    total_timesteps | 34670    |
| train/             |          |
|    actor_loss      | 0.406    |
|    critic_loss     | 0.0285   |
|    ent_coef        | 0.00161  |
|    ent_coef_loss   | -0.87    |
|    learning_rate   | 0.0003   |
|    n_updates       | 24660    |
---------------------------------
---------------------------------
| rollout/           |          |
|    ep_len_mean     | 51.2     |
|    ep_rew_mean     | -77.8    |
| time/              |          |
|    episodes        | 616      |
|    fps             | 17       |
|    time_elapsed    | 1945     |
|    total_timesteps | 34940    |
| train/             |          |
|    actor_loss      | 0.335    |
|    critic_loss     | 0.0231   |
|    ent_coef        | 0.00157  |
|    ent_coef_loss   | 0.0578   |
|    learning_rate   | 0.0003   |
|    n_updates       | 24930    |
---------------------------------
---------------------------------
| rollout/           |          |
|    ep_len_mean     | 51.4     |
|    ep_rew_mean     | -72.8    |
| time/              |          |
|    episodes        | 620      |
|    fps             | 17       |
|    time_elapsed    | 1958     |
|    total_timesteps | 35170    |
| train/             |          |
|    actor_loss      | 0.336    |
|    critic_loss     | 0.026    |
|    ent_coef        | 0.00156  |
|    ent_coef_loss   | -0.865   |
|    learning_rate   | 0.0003   |
|    n_updates       | 25160    |
---------------------------------
---------------------------------
| rollout/           |          |
|    ep_len_mean     | 51.7     |
|    ep_rew_mean     | -72.6    |
| time/              |          |
|    episodes        | 624      |
|    fps             | 17       |
|    time_elapsed    | 1966     |
|    total_timesteps | 35310    |
| train/             |          |
|    actor_loss      | 0.393    |
|    critic_loss     | 0.0267   |
|    ent_coef        | 0.00155  |
|    ent_coef_loss   | -1.51    |
|    learning_rate   | 0.0003   |
|    n_updates       | 25300    |
---------------------------------
---------------------------------
| rollout/           |          |
|    ep_len_mean     | 51.4     |
|    ep_rew_mean     | -78      |
| time/              |          |
|    episodes        | 628      |
|    fps             | 17       |
|    time_elapsed    | 1979     |
|    total_timesteps | 35530    |
| train/             |          |
|    actor_loss      | 0.362    |
|    critic_loss     | 0.0209   |
|    ent_coef        | 0.00152  |
|    ent_coef_loss   | -0.719   |
|    learning_rate   | 0.0003   |
|    n_updates       | 25520    |
---------------------------------
---------------------------------
| rollout/           |          |
|    ep_len_mean     | 51.4     |
|    ep_rew_mean     | -73.9    |
| time/              |          |
|    episodes        | 632      |
|    fps             | 17       |
|    time_elapsed    | 1991     |
|    total_timesteps | 35730    |
| train/             |          |
|    actor_loss      | 0.31     |
|    critic_loss     | 0.0371   |
|    ent_coef        | 0.00152  |
|    ent_coef_loss   | 1.48     |
|    learning_rate   | 0.0003   |
|    n_updates       | 25720    |
---------------------------------
---------------------------------
| rollout/           |          |
|    ep_len_mean     | 50.9     |
|    ep_rew_mean     | -77.9    |
| time/              |          |
|    episodes        | 636      |
|    fps             | 17       |
|    time_elapsed    | 1998     |
|    total_timesteps | 35850    |
| train/             |          |
|    actor_loss      | 0.367    |
|    critic_loss     | 0.0272   |
|    ent_coef        | 0.00154  |
|    ent_coef_loss   | -0.976   |
|    learning_rate   | 0.0003   |
|    n_updates       | 25840    |
---------------------------------
---------------------------------
| rollout/           |          |
|    ep_len_mean     | 51.1     |
|    ep_rew_mean     | -73.8    |
| time/              |          |
|    episodes        | 640      |
|    fps             | 17       |
|    time_elapsed    | 2010     |
|    total_timesteps | 36070    |
| train/             |          |
|    actor_loss      | 0.349    |
|    critic_loss     | 0.0282   |
|    ent_coef        | 0.00153  |
|    ent_coef_loss   | 1.81     |
|    learning_rate   | 0.0003   |
|    n_updates       | 26060    |
---------------------------------
---------------------------------
| rollout/           |          |
|    ep_len_mean     | 50.6     |
|    ep_rew_mean     | -82.6    |
| time/              |          |
|    episodes        | 644      |
|    fps             | 17       |
|    time_elapsed    | 2023     |
|    total_timesteps | 36300    |
| train/             |          |
|    actor_loss      | 0.348    |
|    critic_loss     | 0.0213   |
|    ent_coef        | 0.0016   |
|    ent_coef_loss   | 0.586    |
|    learning_rate   | 0.0003   |
|    n_updates       | 26290    |
---------------------------------
---------------------------------
| rollout/           |          |
|    ep_len_mean     | 50.9     |
|    ep_rew_mean     | -83.4    |
| time/              |          |
|    episodes        | 648      |
|    fps             | 17       |
|    time_elapsed    | 2032     |
|    total_timesteps | 36460    |
| train/             |          |
|    actor_loss      | 0.341    |
|    critic_loss     | 0.0269   |
|    ent_coef        | 0.00162  |
|    ent_coef_loss   | 0.424    |
|    learning_rate   | 0.0003   |
|    n_updates       | 26450    |
---------------------------------
---------------------------------
| rollout/           |          |
|    ep_len_mean     | 50.6     |
|    ep_rew_mean     | -78.4    |
| time/              |          |
|    episodes        | 652      |
|    fps             | 17       |
|    time_elapsed    | 2042     |
|    total_timesteps | 36630    |
| train/             |          |
|    actor_loss      | 0.287    |
|    critic_loss     | 0.0281   |
|    ent_coef        | 0.00163  |
|    ent_coef_loss   | 2.92     |
|    learning_rate   | 0.0003   |
|    n_updates       | 26620    |
---------------------------------
---------------------------------
| rollout/           |          |
|    ep_len_mean     | 50.5     |
|    ep_rew_mean     | -73.8    |
| time/              |          |
|    episodes        | 656      |
|    fps             | 17       |
|    time_elapsed    | 2064     |
|    total_timesteps | 36980    |
| train/             |          |
|    actor_loss      | 0.332    |
|    critic_loss     | 0.0245   |
|    ent_coef        | 0.00164  |
|    ent_coef_loss   | 0.382    |
|    learning_rate   | 0.0003   |
|    n_updates       | 26970    |
---------------------------------
---------------------------------
| rollout/           |          |
|    ep_len_mean     | 51.6     |
|    ep_rew_mean     | -70.4    |
| time/              |          |
|    episodes        | 660      |
|    fps             | 17       |
|    time_elapsed    | 2072     |
|    total_timesteps | 37110    |
| train/             |          |
|    actor_loss      | 0.24     |
|    critic_loss     | 0.0354   |
|    ent_coef        | 0.00166  |
|    ent_coef_loss   | -0.559   |
|    learning_rate   | 0.0003   |
|    n_updates       | 27100    |
---------------------------------
---------------------------------
| rollout/           |          |
|    ep_len_mean     | 50.6     |
|    ep_rew_mean     | -79      |
| time/              |          |
|    episodes        | 664      |
|    fps             | 17       |
|    time_elapsed    | 2085     |
|    total_timesteps | 37330    |
| train/             |          |
|    actor_loss      | 0.375    |
|    critic_loss     | 0.0289   |
|    ent_coef        | 0.00171  |
|    ent_coef_loss   | -0.16    |
|    learning_rate   | 0.0003   |
|    n_updates       | 27320    |
---------------------------------
---------------------------------
| rollout/           |          |
|    ep_len_mean     | 50.3     |
|    ep_rew_mean     | -88.9    |
| time/              |          |
|    episodes        | 668      |
|    fps             | 17       |
|    time_elapsed    | 2091     |
|    total_timesteps | 37430    |
| train/             |          |
|    actor_loss      | 0.314    |
|    critic_loss     | 0.029    |
|    ent_coef        | 0.00172  |
|    ent_coef_loss   | 0.428    |
|    learning_rate   | 0.0003   |
|    n_updates       | 27420    |
---------------------------------
---------------------------------
| rollout/           |          |
|    ep_len_mean     | 50.3     |
|    ep_rew_mean     | -103     |
| time/              |          |
|    episodes        | 672      |
|    fps             | 17       |
|    time_elapsed    | 2103     |
|    total_timesteps | 37640    |
| train/             |          |
|    actor_loss      | 0.257    |
|    critic_loss     | 0.0246   |
|    ent_coef        | 0.00175  |
|    ent_coef_loss   | -0.801   |
|    learning_rate   | 0.0003   |
|    n_updates       | 27630    |
---------------------------------
---------------------------------
| rollout/           |          |
|    ep_len_mean     | 49.9     |
|    ep_rew_mean     | -107     |
| time/              |          |
|    episodes        | 676      |
|    fps             | 17       |
|    time_elapsed    | 2117     |
|    total_timesteps | 37880    |
| train/             |          |
|    actor_loss      | 0.351    |
|    critic_loss     | 0.0279   |
|    ent_coef        | 0.00176  |
|    ent_coef_loss   | 1.75     |
|    learning_rate   | 0.0003   |
|    n_updates       | 27870    |
---------------------------------
---------------------------------
| rollout/           |          |
|    ep_len_mean     | 49.3     |
|    ep_rew_mean     | -116     |
| time/              |          |
|    episodes        | 680      |
|    fps             | 17       |
|    time_elapsed    | 2120     |
|    total_timesteps | 37940    |
| train/             |          |
|    actor_loss      | 0.332    |
|    critic_loss     | 0.0306   |
|    ent_coef        | 0.00177  |
|    ent_coef_loss   | 3.53     |
|    learning_rate   | 0.0003   |
|    n_updates       | 27930    |
---------------------------------
---------------------------------
| rollout/           |          |
|    ep_len_mean     | 49.4     |
|    ep_rew_mean     | -121     |
| time/              |          |
|    episodes        | 684      |
|    fps             | 17       |
|    time_elapsed    | 2136     |
|    total_timesteps | 38210    |
| train/             |          |
|    actor_loss      | 0.344    |
|    critic_loss     | 0.0306   |
|    ent_coef        | 0.00184  |
|    ent_coef_loss   | 1.97     |
|    learning_rate   | 0.0003   |
|    n_updates       | 28200    |
---------------------------------
---------------------------------
| rollout/           |          |
|    ep_len_mean     | 50       |
|    ep_rew_mean     | -114     |
| time/              |          |
|    episodes        | 688      |
|    fps             | 17       |
|    time_elapsed    | 2156     |
|    total_timesteps | 38570    |
| train/             |          |
|    actor_loss      | 0.363    |
|    critic_loss     | 0.0249   |
|    ent_coef        | 0.00179  |
|    ent_coef_loss   | -2.49    |
|    learning_rate   | 0.0003   |
|    n_updates       | 28560    |
---------------------------------
---------------------------------
| rollout/           |          |
|    ep_len_mean     | 50.8     |
|    ep_rew_mean     | -106     |
| time/              |          |
|    episodes        | 692      |
|    fps             | 17       |
|    time_elapsed    | 2164     |
|    total_timesteps | 38710    |
| train/             |          |
|    actor_loss      | 0.246    |
|    critic_loss     | 0.0388   |
|    ent_coef        | 0.00177  |
|    ent_coef_loss   | 0.147    |
|    learning_rate   | 0.0003   |
|    n_updates       | 28700    |
---------------------------------
---------------------------------
| rollout/           |          |
|    ep_len_mean     | 50.7     |
|    ep_rew_mean     | -115     |
| time/              |          |
|    episodes        | 696      |
|    fps             | 17       |
|    time_elapsed    | 2186     |
|    total_timesteps | 39100    |
| train/             |          |
|    actor_loss      | 0.343    |
|    critic_loss     | 0.0324   |
|    ent_coef        | 0.00172  |
|    ent_coef_loss   | -0.967   |
|    learning_rate   | 0.0003   |
|    n_updates       | 29090    |
---------------------------------
---------------------------------
| rollout/           |          |
|    ep_len_mean     | 50.7     |
|    ep_rew_mean     | -110     |
| time/              |          |
|    episodes        | 700      |
|    fps             | 17       |
|    time_elapsed    | 2193     |
|    total_timesteps | 39230    |
| train/             |          |
|    actor_loss      | 0.289    |
|    critic_loss     | 0.0361   |
|    ent_coef        | 0.00171  |
|    ent_coef_loss   | 0.938    |
|    learning_rate   | 0.0003   |
|    n_updates       | 29220    |
---------------------------------
---------------------------------
| rollout/           |          |
|    ep_len_mean     | 50.5     |
|    ep_rew_mean     | -110     |
| time/              |          |
|    episodes        | 704      |
|    fps             | 17       |
|    time_elapsed    | 2197     |
|    total_timesteps | 39290    |
| train/             |          |
|    actor_loss      | 0.318    |
|    critic_loss     | 0.0388   |
|    ent_coef        | 0.00173  |
|    ent_coef_loss   | 1.9      |
|    learning_rate   | 0.0003   |
|    n_updates       | 29280    |
---------------------------------
---------------------------------
| rollout/           |          |
|    ep_len_mean     | 50.4     |
|    ep_rew_mean     | -110     |
| time/              |          |
|    episodes        | 708      |
|    fps             | 17       |
|    time_elapsed    | 2225     |
|    total_timesteps | 39720    |
| train/             |          |
|    actor_loss      | 0.293    |
|    critic_loss     | 0.021    |
|    ent_coef        | 0.00172  |
|    ent_coef_loss   | -0.3     |
|    learning_rate   | 0.0003   |
|    n_updates       | 29710    |
---------------------------------
---------------------------------
| rollout/           |          |
|    ep_len_mean     | 51.5     |
|    ep_rew_mean     | -104     |
| time/              |          |
|    episodes        | 712      |
|    fps             | 17       |
|    time_elapsed    | 2237     |
|    total_timesteps | 39900    |
| train/             |          |
|    actor_loss      | 0.371    |
|    critic_loss     | 0.026    |
|    ent_coef        | 0.00173  |
|    ent_coef_loss   | -0.714   |
|    learning_rate   | 0.0003   |
|    n_updates       | 29890    |
---------------------------------
---------------------------------
| rollout/           |          |
|    ep_len_mean     | 52       |
|    ep_rew_mean     | -99.5    |
| time/              |          |
|    episodes        | 716      |
|    fps             | 17       |
|    time_elapsed    | 2253     |
|    total_timesteps | 40140    |
| train/             |          |
|    actor_loss      | 0.348    |
|    critic_loss     | 0.0277   |
|    ent_coef        | 0.00173  |
|    ent_coef_loss   | 0.606    |
|    learning_rate   | 0.0003   |
|    n_updates       | 30130    |
---------------------------------
---------------------------------
| rollout/           |          |
|    ep_len_mean     | 51.7     |
|    ep_rew_mean     | -105     |
| time/              |          |
|    episodes        | 720      |
|    fps             | 17       |
|    time_elapsed    | 2265     |
|    total_timesteps | 40340    |
| train/             |          |
|    actor_loss      | 0.287    |
|    critic_loss     | 0.0352   |
|    ent_coef        | 0.00182  |
|    ent_coef_loss   | -0.818   |
|    learning_rate   | 0.0003   |
|    n_updates       | 30330    |
---------------------------------
---------------------------------
| rollout/           |          |
|    ep_len_mean     | 52.1     |
|    ep_rew_mean     | -101     |
| time/              |          |
|    episodes        | 724      |
|    fps             | 17       |
|    time_elapsed    | 2279     |
|    total_timesteps | 40550    |
| train/             |          |
|    actor_loss      | 0.21     |
|    critic_loss     | 0.0262   |
|    ent_coef        | 0.00183  |
|    ent_coef_loss   | 0.182    |
|    learning_rate   | 0.0003   |
|    n_updates       | 30540    |
---------------------------------
---------------------------------
| rollout/           |          |
|    ep_len_mean     | 52.7     |
|    ep_rew_mean     | -97      |
| time/              |          |
|    episodes        | 728      |
|    fps             | 17       |
|    time_elapsed    | 2292     |
|    total_timesteps | 40760    |
| train/             |          |
|    actor_loss      | 0.325    |
|    critic_loss     | 0.0305   |
|    ent_coef        | 0.00181  |
|    ent_coef_loss   | 0.305    |
|    learning_rate   | 0.0003   |
|    n_updates       | 30750    |
---------------------------------
---------------------------------
| rollout/           |          |
|    ep_len_mean     | 52.8     |
|    ep_rew_mean     | -102     |
| time/              |          |
|    episodes        | 732      |
|    fps             | 17       |
|    time_elapsed    | 2305     |
|    total_timesteps | 40990    |
| train/             |          |
|    actor_loss      | 0.319    |
|    critic_loss     | 0.0263   |
|    ent_coef        | 0.00181  |
|    ent_coef_loss   | 1.64     |
|    learning_rate   | 0.0003   |
|    n_updates       | 30980    |
---------------------------------
---------------------------------
| rollout/           |          |
|    ep_len_mean     | 53.8     |
|    ep_rew_mean     | -93.9    |
| time/              |          |
|    episodes        | 736      |
|    fps             | 17       |
|    time_elapsed    | 2317     |
|    total_timesteps | 41200    |
| train/             |          |
|    actor_loss      | 0.296    |
|    critic_loss     | 0.0402   |
|    ent_coef        | 0.00186  |
|    ent_coef_loss   | 0.997    |
|    learning_rate   | 0.0003   |
|    n_updates       | 31190    |
---------------------------------
---------------------------------
| rollout/           |          |
|    ep_len_mean     | 53.7     |
|    ep_rew_mean     | -94.3    |
| time/              |          |
|    episodes        | 740      |
|    fps             | 17       |
|    time_elapsed    | 2331     |
|    total_timesteps | 41440    |
| train/             |          |
|    actor_loss      | 0.286    |
|    critic_loss     | 0.0297   |
|    ent_coef        | 0.00191  |
|    ent_coef_loss   | 0.911    |
|    learning_rate   | 0.0003   |
|    n_updates       | 31430    |
---------------------------------
---------------------------------
| rollout/           |          |
|    ep_len_mean     | 53.7     |
|    ep_rew_mean     | -94.2    |
| time/              |          |
|    episodes        | 744      |
|    fps             | 17       |
|    time_elapsed    | 2339     |
|    total_timesteps | 41580    |
| train/             |          |
|    actor_loss      | 0.334    |
|    critic_loss     | 0.0351   |
|    ent_coef        | 0.00192  |
|    ent_coef_loss   | -1.63    |
|    learning_rate   | 0.0003   |
|    n_updates       | 31570    |
---------------------------------
---------------------------------
| rollout/           |          |
|    ep_len_mean     | 53.3     |
|    ep_rew_mean     | -97.8    |
| time/              |          |
|    episodes        | 748      |
|    fps             | 17       |
|    time_elapsed    | 2353     |
|    total_timesteps | 41830    |
| train/             |          |
|    actor_loss      | 0.244    |
|    critic_loss     | 0.0305   |
|    ent_coef        | 0.00194  |
|    ent_coef_loss   | -2.12    |
|    learning_rate   | 0.0003   |
|    n_updates       | 31820    |
---------------------------------
---------------------------------
| rollout/           |          |
|    ep_len_mean     | 53.8     |
|    ep_rew_mean     | -89.3    |
| time/              |          |
|    episodes        | 752      |
|    fps             | 17       |
|    time_elapsed    | 2368     |
|    total_timesteps | 42080    |
| train/             |          |
|    actor_loss      | 0.273    |
|    critic_loss     | 0.0274   |
|    ent_coef        | 0.00196  |
|    ent_coef_loss   | -0.128   |
|    learning_rate   | 0.0003   |
|    n_updates       | 32070    |
---------------------------------
---------------------------------
| rollout/           |          |
|    ep_len_mean     | 53.4     |
|    ep_rew_mean     | -88      |
| time/              |          |
|    episodes        | 756      |
|    fps             | 17       |
|    time_elapsed    | 2374     |
|    total_timesteps | 42190    |
| train/             |          |
|    actor_loss      | 0.276    |
|    critic_loss     | 0.0315   |
|    ent_coef        | 0.00195  |
|    ent_coef_loss   | -0.773   |
|    learning_rate   | 0.0003   |
|    n_updates       | 32180    |
---------------------------------
---------------------------------
| rollout/           |          |
|    ep_len_mean     | 52.9     |
|    ep_rew_mean     | -92      |
| time/              |          |
|    episodes        | 760      |
|    fps             | 17       |
|    time_elapsed    | 2383     |
|    total_timesteps | 42340    |
| train/             |          |
|    actor_loss      | 0.26     |
|    critic_loss     | 0.0309   |
|    ent_coef        | 0.00195  |
|    ent_coef_loss   | -1.37    |
|    learning_rate   | 0.0003   |
|    n_updates       | 32330    |
---------------------------------
---------------------------------
| rollout/           |          |
|    ep_len_mean     | 53.9     |
|    ep_rew_mean     | -75      |
| time/              |          |
|    episodes        | 764      |
|    fps             | 17       |
|    time_elapsed    | 2407     |
|    total_timesteps | 42770    |
| train/             |          |
|    actor_loss      | 0.26     |
|    critic_loss     | 0.0264   |
|    ent_coef        | 0.00189  |
|    ent_coef_loss   | -0.351   |
|    learning_rate   | 0.0003   |
|    n_updates       | 32760    |
---------------------------------
---------------------------------
| rollout/           |          |
|    ep_len_mean     | 54.4     |
|    ep_rew_mean     | -61.5    |
| time/              |          |
|    episodes        | 768      |
|    fps             | 17       |
|    time_elapsed    | 2412     |
|    total_timesteps | 42840    |
| train/             |          |
|    actor_loss      | 0.254    |
|    critic_loss     | 0.0292   |
|    ent_coef        | 0.00187  |
|    ent_coef_loss   | 0.0358   |
|    learning_rate   | 0.0003   |
|    n_updates       | 32830    |
---------------------------------
---------------------------------
| rollout/           |          |
|    ep_len_mean     | 54.8     |
|    ep_rew_mean     | -42.9    |
| time/              |          |
|    episodes        | 772      |
|    fps             | 17       |
|    time_elapsed    | 2438     |
|    total_timesteps | 43290    |
| train/             |          |
|    actor_loss      | 0.24     |
|    critic_loss     | 0.0271   |
|    ent_coef        | 0.00182  |
|    ent_coef_loss   | -0.493   |
|    learning_rate   | 0.0003   |
|    n_updates       | 33280    |
---------------------------------
---------------------------------
| rollout/           |          |
|    ep_len_mean     | 55.9     |
|    ep_rew_mean     | -30.4    |
| time/              |          |
|    episodes        | 776      |
|    fps             | 17       |
|    time_elapsed    | 2447     |
|    total_timesteps | 43450    |
| train/             |          |
|    actor_loss      | 0.337    |
|    critic_loss     | 0.0307   |
|    ent_coef        | 0.00182  |
|    ent_coef_loss   | -0.123   |
|    learning_rate   | 0.0003   |
|    n_updates       | 33440    |
---------------------------------
---------------------------------
| rollout/           |          |
|    ep_len_mean     | 56.4     |
|    ep_rew_mean     | -21.6    |
| time/              |          |
|    episodes        | 780      |
|    fps             | 17       |
|    time_elapsed    | 2454     |
|    total_timesteps | 43570    |
| train/             |          |
|    actor_loss      | 0.314    |
|    critic_loss     | 0.0283   |
|    ent_coef        | 0.00184  |
|    ent_coef_loss   | -0.353   |
|    learning_rate   | 0.0003   |
|    n_updates       | 33560    |
---------------------------------
---------------------------------
| rollout/           |          |
|    ep_len_mean     | 55.6     |
|    ep_rew_mean     | -24.9    |
| time/              |          |
|    episodes        | 784      |
|    fps             | 17       |
|    time_elapsed    | 2466     |
|    total_timesteps | 43780    |
| train/             |          |
|    actor_loss      | 0.3      |
|    critic_loss     | 0.0346   |
|    ent_coef        | 0.00181  |
|    ent_coef_loss   | -0.538   |
|    learning_rate   | 0.0003   |
|    n_updates       | 33770    |
---------------------------------
---------------------------------
| rollout/           |          |
|    ep_len_mean     | 55.6     |
|    ep_rew_mean     | -25.6    |
| time/              |          |
|    episodes        | 788      |
|    fps             | 17       |
|    time_elapsed    | 2486     |
|    total_timesteps | 44130    |
| train/             |          |
|    actor_loss      | 0.276    |
|    critic_loss     | 0.0283   |
|    ent_coef        | 0.00183  |
|    ent_coef_loss   | -0.243   |
|    learning_rate   | 0.0003   |
|    n_updates       | 34120    |
---------------------------------
---------------------------------
| rollout/           |          |
|    ep_len_mean     | 55.7     |
|    ep_rew_mean     | -25.3    |
| time/              |          |
|    episodes        | 792      |
|    fps             | 17       |
|    time_elapsed    | 2491     |
|    total_timesteps | 44230    |
| train/             |          |
|    actor_loss      | 0.338    |
|    critic_loss     | 0.04     |
|    ent_coef        | 0.00182  |
|    ent_coef_loss   | -0.5     |
|    learning_rate   | 0.0003   |
|    n_updates       | 34220    |
---------------------------------
---------------------------------
| rollout/           |          |
|    ep_len_mean     | 55.3     |
|    ep_rew_mean     | -18.9    |
| time/              |          |
|    episodes        | 796      |
|    fps             | 17       |
|    time_elapsed    | 2505     |
|    total_timesteps | 44460    |
| train/             |          |
|    actor_loss      | 0.305    |
|    critic_loss     | 0.0295   |
|    ent_coef        | 0.0018   |
|    ent_coef_loss   | -0.0114  |
|    learning_rate   | 0.0003   |
|    n_updates       | 34450    |
---------------------------------
---------------------------------
| rollout/           |          |
|    ep_len_mean     | 54.3     |
|    ep_rew_mean     | -21.6    |
| time/              |          |
|    episodes        | 800      |
|    fps             | 17       |
|    time_elapsed    | 2521     |
|    total_timesteps | 44710    |
| train/             |          |
|    actor_loss      | 0.29     |
|    critic_loss     | 0.0304   |
|    ent_coef        | 0.00176  |
|    ent_coef_loss   | -0.184   |
|    learning_rate   | 0.0003   |
|    n_updates       | 34700    |
---------------------------------
---------------------------------
| rollout/           |          |
|    ep_len_mean     | 54.9     |
|    ep_rew_mean     | -17.3    |
| time/              |          |
|    episodes        | 804      |
|    fps             | 17       |
|    time_elapsed    | 2536     |
|    total_timesteps | 44940    |
| train/             |          |
|    actor_loss      | 0.254    |
|    critic_loss     | 0.0333   |
|    ent_coef        | 0.00176  |
|    ent_coef_loss   | 0.577    |
|    learning_rate   | 0.0003   |
|    n_updates       | 34930    |
---------------------------------
---------------------------------
| rollout/           |          |
|    ep_len_mean     | 55.9     |
|    ep_rew_mean     | -8.64    |
| time/              |          |
|    episodes        | 808      |
|    fps             | 17       |
|    time_elapsed    | 2549     |
|    total_timesteps | 45140    |
| train/             |          |
|    actor_loss      | 0.268    |
|    critic_loss     | 0.0383   |
|    ent_coef        | 0.00179  |
|    ent_coef_loss   | 1.13     |
|    learning_rate   | 0.0003   |
|    n_updates       | 35130    |
---------------------------------
---------------------------------
| rollout/           |          |
|    ep_len_mean     | 55.2     |
|    ep_rew_mean     | -16.6    |
| time/              |          |
|    episodes        | 812      |
|    fps             | 17       |
|    time_elapsed    | 2571     |
|    total_timesteps | 45470    |
| train/             |          |
|    actor_loss      | 0.217    |
|    critic_loss     | 0.0348   |
|    ent_coef        | 0.00177  |
|    ent_coef_loss   | -0.114   |
|    learning_rate   | 0.0003   |
|    n_updates       | 35460    |
---------------------------------
---------------------------------
| rollout/           |          |
|    ep_len_mean     | 54.8     |
|    ep_rew_mean     | -20.1    |
| time/              |          |
|    episodes        | 816      |
|    fps             | 17       |
|    time_elapsed    | 2577     |
|    total_timesteps | 45570    |
| train/             |          |
|    actor_loss      | 0.272    |
|    critic_loss     | 0.0302   |
|    ent_coef        | 0.00176  |
|    ent_coef_loss   | -0.18    |
|    learning_rate   | 0.0003   |
|    n_updates       | 35560    |
---------------------------------
---------------------------------
| rollout/           |          |
|    ep_len_mean     | 54.1     |
|    ep_rew_mean     | -24.1    |
| time/              |          |
|    episodes        | 820      |
|    fps             | 17       |
|    time_elapsed    | 2593     |
|    total_timesteps | 45810    |
| train/             |          |
|    actor_loss      | 0.264    |
|    critic_loss     | 0.0302   |
|    ent_coef        | 0.00177  |
|    ent_coef_loss   | 0.0693   |
|    learning_rate   | 0.0003   |
|    n_updates       | 35800    |
---------------------------------
---------------------------------
| rollout/           |          |
|    ep_len_mean     | 53.7     |
|    ep_rew_mean     | -33.4    |
| time/              |          |
|    episodes        | 824      |
|    fps             | 17       |
|    time_elapsed    | 2598     |
|    total_timesteps | 45890    |
| train/             |          |
|    actor_loss      | 0.243    |
|    critic_loss     | 0.0244   |
|    ent_coef        | 0.00177  |
|    ent_coef_loss   | 0.345    |
|    learning_rate   | 0.0003   |
|    n_updates       | 35880    |
---------------------------------
---------------------------------
| rollout/           |          |
|    ep_len_mean     | 53.5     |
|    ep_rew_mean     | -38.7    |
| time/              |          |
|    episodes        | 828      |
|    fps             | 17       |
|    time_elapsed    | 2611     |
|    total_timesteps | 46090    |
| train/             |          |
|    actor_loss      | 0.25     |
|    critic_loss     | 0.0256   |
|    ent_coef        | 0.00179  |
|    ent_coef_loss   | 0.671    |
|    learning_rate   | 0.0003   |
|    n_updates       | 36080    |
---------------------------------
---------------------------------
| rollout/           |          |
|    ep_len_mean     | 53.5     |
|    ep_rew_mean     | -34.6    |
| time/              |          |
|    episodes        | 832      |
|    fps             | 17       |
|    time_elapsed    | 2632     |
|    total_timesteps | 46400    |
| train/             |          |
|    actor_loss      | 0.26     |
|    critic_loss     | 0.0331   |
|    ent_coef        | 0.00179  |
|    ent_coef_loss   | 0.225    |
|    learning_rate   | 0.0003   |
|    n_updates       | 36390    |
---------------------------------
---------------------------------
| rollout/           |          |
|    ep_len_mean     | 52.9     |
|    ep_rew_mean     | -39.3    |
| time/              |          |
|    episodes        | 836      |
|    fps             | 17       |
|    time_elapsed    | 2641     |
|    total_timesteps | 46570    |
| train/             |          |
|    actor_loss      | 0.237    |
|    critic_loss     | 0.0242   |
|    ent_coef        | 0.00179  |
|    ent_coef_loss   | 0.578    |
|    learning_rate   | 0.0003   |
|    n_updates       | 36560    |
---------------------------------
---------------------------------
| rollout/           |          |
|    ep_len_mean     | 53       |
|    ep_rew_mean     | -43.2    |
| time/              |          |
|    episodes        | 840      |
|    fps             | 17       |
|    time_elapsed    | 2651     |
|    total_timesteps | 46730    |
| train/             |          |
|    actor_loss      | 0.207    |
|    critic_loss     | 0.0291   |
|    ent_coef        | 0.0018   |
|    ent_coef_loss   | -0.0921  |
|    learning_rate   | 0.0003   |
|    n_updates       | 36720    |
---------------------------------
---------------------------------
| rollout/           |          |
|    ep_len_mean     | 52.8     |
|    ep_rew_mean     | -43.6    |
| time/              |          |
|    episodes        | 844      |
|    fps             | 17       |
|    time_elapsed    | 2660     |
|    total_timesteps | 46890    |
| train/             |          |
|    actor_loss      | 0.222    |
|    critic_loss     | 0.0265   |
|    ent_coef        | 0.00183  |
|    ent_coef_loss   | 1.01     |
|    learning_rate   | 0.0003   |
|    n_updates       | 36880    |
---------------------------------
---------------------------------
| rollout/           |          |
|    ep_len_mean     | 53.1     |
|    ep_rew_mean     | -35.3    |
| time/              |          |
|    episodes        | 848      |
|    fps             | 17       |
|    time_elapsed    | 2672     |
|    total_timesteps | 47090    |
| train/             |          |
|    actor_loss      | 0.195    |
|    critic_loss     | 0.0371   |
|    ent_coef        | 0.00183  |
|    ent_coef_loss   | -0.276   |
|    learning_rate   | 0.0003   |
|    n_updates       | 37080    |
---------------------------------
---------------------------------
| rollout/           |          |
|    ep_len_mean     | 52.7     |
|    ep_rew_mean     | -38.2    |
| time/              |          |
|    episodes        | 852      |
|    fps             | 17       |
|    time_elapsed    | 2686     |
|    total_timesteps | 47340    |
| train/             |          |
|    actor_loss      | 0.199    |
|    critic_loss     | 0.0253   |
|    ent_coef        | 0.00185  |
|    ent_coef_loss   | 0.361    |
|    learning_rate   | 0.0003   |
|    n_updates       | 37330    |
---------------------------------
---------------------------------
| rollout/           |          |
|    ep_len_mean     | 53       |
|    ep_rew_mean     | -30.4    |
| time/              |          |
|    episodes        | 856      |
|    fps             | 17       |
|    time_elapsed    | 2698     |
|    total_timesteps | 47540    |
| train/             |          |
|    actor_loss      | 0.289    |
|    critic_loss     | 0.0248   |
|    ent_coef        | 0.00184  |
|    ent_coef_loss   | -0.68    |
|    learning_rate   | 0.0003   |
|    n_updates       | 37530    |
---------------------------------
---------------------------------
| rollout/           |          |
|    ep_len_mean     | 52.9     |
|    ep_rew_mean     | -25.8    |
| time/              |          |
|    episodes        | 860      |
|    fps             | 17       |
|    time_elapsed    | 2708     |
|    total_timesteps | 47720    |
| train/             |          |
|    actor_loss      | 0.252    |
|    critic_loss     | 0.0337   |
|    ent_coef        | 0.00184  |
|    ent_coef_loss   | 1.01     |
|    learning_rate   | 0.0003   |
|    n_updates       | 37710    |
---------------------------------
---------------------------------
| rollout/           |          |
|    ep_len_mean     | 52.9     |
|    ep_rew_mean     | -25.3    |
| time/              |          |
|    episodes        | 864      |
|    fps             | 17       |
|    time_elapsed    | 2722     |
|    total_timesteps | 47950    |
| train/             |          |
|    actor_loss      | 0.23     |
|    critic_loss     | 0.0314   |
|    ent_coef        | 0.00187  |
|    ent_coef_loss   | 0.85     |
|    learning_rate   | 0.0003   |
|    n_updates       | 37940    |
---------------------------------
---------------------------------
| rollout/           |          |
|    ep_len_mean     | 52.4     |
|    ep_rew_mean     | -29.6    |
| time/              |          |
|    episodes        | 868      |
|    fps             | 17       |
|    time_elapsed    | 2730     |
|    total_timesteps | 48100    |
| train/             |          |
|    actor_loss      | 0.203    |
|    critic_loss     | 0.0316   |
|    ent_coef        | 0.00186  |
|    ent_coef_loss   | -0.325   |
|    learning_rate   | 0.0003   |
|    n_updates       | 38090    |
---------------------------------
---------------------------------
| rollout/           |          |
|    ep_len_mean     | 52       |
|    ep_rew_mean     | -33.9    |
| time/              |          |
|    episodes        | 872      |
|    fps             | 17       |
|    time_elapsed    | 2749     |
|    total_timesteps | 48420    |
| train/             |          |
|    actor_loss      | 0.196    |
|    critic_loss     | 0.0286   |
|    ent_coef        | 0.00188  |
|    ent_coef_loss   | -0.566   |
|    learning_rate   | 0.0003   |
|    n_updates       | 38410    |
---------------------------------
---------------------------------
| rollout/           |          |
|    ep_len_mean     | 51.4     |
|    ep_rew_mean     | -38.6    |
| time/              |          |
|    episodes        | 876      |
|    fps             | 17       |
|    time_elapsed    | 2755     |
|    total_timesteps | 48530    |
| train/             |          |
|    actor_loss      | 0.163    |
|    critic_loss     | 0.0294   |
|    ent_coef        | 0.00186  |
|    ent_coef_loss   | -0.237   |
|    learning_rate   | 0.0003   |
|    n_updates       | 38520    |
---------------------------------
---------------------------------
| rollout/           |          |
|    ep_len_mean     | 51.3     |
|    ep_rew_mean     | -38.6    |
| time/              |          |
|    episodes        | 880      |
|    fps             | 17       |
|    time_elapsed    | 2768     |
|    total_timesteps | 48730    |
| train/             |          |
|    actor_loss      | 0.23     |
|    critic_loss     | 0.0356   |
|    ent_coef        | 0.00185  |
|    ent_coef_loss   | -0.199   |
|    learning_rate   | 0.0003   |
|    n_updates       | 38720    |
---------------------------------
---------------------------------
| rollout/           |          |
|    ep_len_mean     | 51.4     |
|    ep_rew_mean     | -38.6    |
| time/              |          |
|    episodes        | 884      |
|    fps             | 17       |
|    time_elapsed    | 2784     |
|    total_timesteps | 49010    |
| train/             |          |
|    actor_loss      | 0.233    |
|    critic_loss     | 0.0285   |
|    ent_coef        | 0.00183  |
|    ent_coef_loss   | -1.03    |
|    learning_rate   | 0.0003   |
|    n_updates       | 39000    |
---------------------------------
---------------------------------
| rollout/           |          |
|    ep_len_mean     | 51.4     |
|    ep_rew_mean     | -39.1    |
| time/              |          |
|    episodes        | 888      |
|    fps             | 17       |
|    time_elapsed    | 2790     |
|    total_timesteps | 49110    |
| train/             |          |
|    actor_loss      | 0.0943   |
|    critic_loss     | 0.0267   |
|    ent_coef        | 0.00181  |
|    ent_coef_loss   | 0.153    |
|    learning_rate   | 0.0003   |
|    n_updates       | 39100    |
---------------------------------
---------------------------------
| rollout/           |          |
|    ep_len_mean     | 50.9     |
|    ep_rew_mean     | -42      |
| time/              |          |
|    episodes        | 892      |
|    fps             | 17       |
|    time_elapsed    | 2812     |
|    total_timesteps | 49490    |
| train/             |          |
|    actor_loss      | 0.152    |
|    critic_loss     | 0.0319   |
|    ent_coef        | 0.00182  |
|    ent_coef_loss   | 0.804    |
|    learning_rate   | 0.0003   |
|    n_updates       | 39480    |
---------------------------------
---------------------------------
| rollout/           |          |
|    ep_len_mean     | 50.9     |
|    ep_rew_mean     | -38      |
| time/              |          |
|    episodes        | 896      |
|    fps             | 17       |
|    time_elapsed    | 2821     |
|    total_timesteps | 49640    |
| train/             |          |
|    actor_loss      | 0.192    |
|    critic_loss     | 0.038    |
|    ent_coef        | 0.00184  |
|    ent_coef_loss   | 1        |
|    learning_rate   | 0.0003   |
|    n_updates       | 39630    |
---------------------------------
---------------------------------
| rollout/           |          |
|    ep_len_mean     | 51.6     |
|    ep_rew_mean     | -29.6    |
| time/              |          |
|    episodes        | 900      |
|    fps             | 17       |
|    time_elapsed    | 2828     |
|    total_timesteps | 49760    |
| train/             |          |
|    actor_loss      | 0.137    |
|    critic_loss     | 0.0275   |
|    ent_coef        | 0.00183  |
|    ent_coef_loss   | -0.597   |
|    learning_rate   | 0.0003   |
|    n_updates       | 39750    |
---------------------------------
---------------------------------
| rollout/           |          |
|    ep_len_mean     | 50.7     |
|    ep_rew_mean     | -38.1    |
| time/              |          |
|    episodes        | 904      |
|    fps             | 17       |
|    time_elapsed    | 2843     |
|    total_timesteps | 50020    |
| train/             |          |
|    actor_loss      | 0.192    |
|    critic_loss     | 0.0302   |
|    ent_coef        | 0.00179  |
|    ent_coef_loss   | -0.565   |
|    learning_rate   | 0.0003   |
|    n_updates       | 40010    |
---------------------------------
---------------------------------
| rollout/           |          |
|    ep_len_mean     | 50.1     |
|    ep_rew_mean     | -43.5    |
| time/              |          |
|    episodes        | 908      |
|    fps             | 17       |
|    time_elapsed    | 2854     |
|    total_timesteps | 50200    |
| train/             |          |
|    actor_loss      | 0.114    |
|    critic_loss     | 0.0313   |
|    ent_coef        | 0.00175  |
|    ent_coef_loss   | -0.223   |
|    learning_rate   | 0.0003   |
|    n_updates       | 40190    |
---------------------------------
---------------------------------
| rollout/           |          |
|    ep_len_mean     | 50.6     |
|    ep_rew_mean     | -33      |
| time/              |          |
|    episodes        | 912      |
|    fps             | 17       |
|    time_elapsed    | 2867     |
|    total_timesteps | 50430    |
| train/             |          |
|    actor_loss      | 0.157    |
|    critic_loss     | 0.0301   |
|    ent_coef        | 0.00171  |
|    ent_coef_loss   | -0.547   |
|    learning_rate   | 0.0003   |
|    n_updates       | 40420    |
---------------------------------
---------------------------------
| rollout/           |          |
|    ep_len_mean     | 50.4     |
|    ep_rew_mean     | -32.3    |
| time/              |          |
|    episodes        | 916      |
|    fps             | 17       |
|    time_elapsed    | 2881     |
|    total_timesteps | 50680    |
| train/             |          |
|    actor_loss      | 0.149    |
|    critic_loss     | 0.021    |
|    ent_coef        | 0.00169  |
|    ent_coef_loss   | 0.0551   |
|    learning_rate   | 0.0003   |
|    n_updates       | 40670    |
---------------------------------
---------------------------------
| rollout/           |          |
|    ep_len_mean     | 51.9     |
|    ep_rew_mean     | -18.4    |
| time/              |          |
|    episodes        | 920      |
|    fps             | 17       |
|    time_elapsed    | 2892     |
|    total_timesteps | 50860    |
| train/             |          |
|    actor_loss      | 0.123    |
|    critic_loss     | 0.0269   |
|    ent_coef        | 0.00173  |
|    ent_coef_loss   | 0.34     |
|    learning_rate   | 0.0003   |
|    n_updates       | 40850    |
---------------------------------
---------------------------------
| rollout/           |          |
|    ep_len_mean     | 51.5     |
|    ep_rew_mean     | -17.1    |
| time/              |          |
|    episodes        | 924      |
|    fps             | 17       |
|    time_elapsed    | 2901     |
|    total_timesteps | 51020    |
| train/             |          |
|    actor_loss      | 0.0917   |
|    critic_loss     | 0.0278   |
|    ent_coef        | 0.00173  |
|    ent_coef_loss   | -0.85    |
|    learning_rate   | 0.0003   |
|    n_updates       | 41010    |
---------------------------------
---------------------------------
| rollout/           |          |
|    ep_len_mean     | 50.8     |
|    ep_rew_mean     | -19.7    |
| time/              |          |
|    episodes        | 928      |
|    fps             | 17       |
|    time_elapsed    | 2914     |
|    total_timesteps | 51250    |
| train/             |          |
|    actor_loss      | 0.153    |
|    critic_loss     | 0.0256   |
|    ent_coef        | 0.00172  |
|    ent_coef_loss   | 0.837    |
|    learning_rate   | 0.0003   |
|    n_updates       | 41240    |
---------------------------------
---------------------------------
| rollout/           |          |
|    ep_len_mean     | 50.4     |
|    ep_rew_mean     | -23.1    |
| time/              |          |
|    episodes        | 932      |
|    fps             | 17       |
|    time_elapsed    | 2918     |
|    total_timesteps | 51310    |
| train/             |          |
|    actor_loss      | 0.154    |
|    critic_loss     | 0.0295   |
|    ent_coef        | 0.00172  |
|    ent_coef_loss   | -1.6     |
|    learning_rate   | 0.0003   |
|    n_updates       | 41300    |
---------------------------------
---------------------------------
| rollout/           |          |
|    ep_len_mean     | 50.6     |
|    ep_rew_mean     | -22.8    |
| time/              |          |
|    episodes        | 936      |
|    fps             | 17       |
|    time_elapsed    | 2933     |
|    total_timesteps | 51580    |
| train/             |          |
|    actor_loss      | 0.151    |
|    critic_loss     | 0.0257   |
|    ent_coef        | 0.00168  |
|    ent_coef_loss   | -0.188   |
|    learning_rate   | 0.0003   |
|    n_updates       | 41570    |
---------------------------------
---------------------------------
| rollout/           |          |
|    ep_len_mean     | 50       |
|    ep_rew_mean     | -27.2    |
| time/              |          |
|    episodes        | 940      |
|    fps             | 17       |
|    time_elapsed    | 2942     |
|    total_timesteps | 51720    |
| train/             |          |
|    actor_loss      | 0.104    |
|    critic_loss     | 0.0327   |
|    ent_coef        | 0.00168  |
|    ent_coef_loss   | -0.508   |
|    learning_rate   | 0.0003   |
|    n_updates       | 41710    |
---------------------------------
---------------------------------
| rollout/           |          |
|    ep_len_mean     | 49.7     |
|    ep_rew_mean     | -30.7    |
| time/              |          |
|    episodes        | 944      |
|    fps             | 17       |
|    time_elapsed    | 2951     |
|    total_timesteps | 51870    |
| train/             |          |
|    actor_loss      | 0.107    |
|    critic_loss     | 0.0271   |
|    ent_coef        | 0.00168  |
|    ent_coef_loss   | -0.237   |
|    learning_rate   | 0.0003   |
|    n_updates       | 41860    |
---------------------------------
---------------------------------
| rollout/           |          |
|    ep_len_mean     | 49.6     |
|    ep_rew_mean     | -34.9    |
| time/              |          |
|    episodes        | 948      |
|    fps             | 17       |
|    time_elapsed    | 2963     |
|    total_timesteps | 52060    |
| train/             |          |
|    actor_loss      | 0.124    |
|    critic_loss     | 0.0271   |
|    ent_coef        | 0.00169  |
|    ent_coef_loss   | -0.534   |
|    learning_rate   | 0.0003   |
|    n_updates       | 42050    |
---------------------------------
---------------------------------
| rollout/           |          |
|    ep_len_mean     | 49.1     |
|    ep_rew_mean     | -43      |
| time/              |          |
|    episodes        | 952      |
|    fps             | 17       |
|    time_elapsed    | 2974     |
|    total_timesteps | 52260    |
| train/             |          |
|    actor_loss      | 0.15     |
|    critic_loss     | 0.0235   |
|    ent_coef        | 0.00164  |
|    ent_coef_loss   | 0.485    |
|    learning_rate   | 0.0003   |
|    n_updates       | 42250    |
---------------------------------
---------------------------------
| rollout/           |          |
|    ep_len_mean     | 49.2     |
|    ep_rew_mean     | -41.7    |
| time/              |          |
|    episodes        | 956      |
|    fps             | 17       |
|    time_elapsed    | 2979     |
|    total_timesteps | 52340    |
| train/             |          |
|    actor_loss      | 0.0607   |
|    critic_loss     | 0.0283   |
|    ent_coef        | 0.00165  |
|    ent_coef_loss   | 0.315    |
|    learning_rate   | 0.0003   |
|    n_updates       | 42330    |
---------------------------------
---------------------------------
| rollout/           |          |
|    ep_len_mean     | 48.9     |
|    ep_rew_mean     | -46.1    |
| time/              |          |
|    episodes        | 960      |
|    fps             | 17       |
|    time_elapsed    | 2991     |
|    total_timesteps | 52540    |
| train/             |          |
|    actor_loss      | 0.168    |
|    critic_loss     | 0.03     |
|    ent_coef        | 0.00163  |
|    ent_coef_loss   | 0.0832   |
|    learning_rate   | 0.0003   |
|    n_updates       | 42530    |
---------------------------------
---------------------------------
| rollout/           |          |
|    ep_len_mean     | 47.8     |
|    ep_rew_mean     | -58.6    |
| time/              |          |
|    episodes        | 964      |
|    fps             | 17       |
|    time_elapsed    | 3004     |
|    total_timesteps | 52760    |
| train/             |          |
|    actor_loss      | 0.119    |
|    critic_loss     | 0.0273   |
|    ent_coef        | 0.00161  |
|    ent_coef_loss   | -0.263   |
|    learning_rate   | 0.0003   |
|    n_updates       | 42750    |
---------------------------------
---------------------------------
| rollout/           |          |
|    ep_len_mean     | 47.8     |
|    ep_rew_mean     | -62.9    |
| time/              |          |
|    episodes        | 968      |
|    fps             | 17       |
|    time_elapsed    | 3014     |
|    total_timesteps | 52940    |
| train/             |          |
|    actor_loss      | 0.0771   |
|    critic_loss     | 0.0222   |
|    ent_coef        | 0.0016   |
|    ent_coef_loss   | -0.665   |
|    learning_rate   | 0.0003   |
|    n_updates       | 42930    |
---------------------------------
---------------------------------
| rollout/           |          |
|    ep_len_mean     | 47.4     |
|    ep_rew_mean     | -67.4    |
| time/              |          |
|    episodes        | 972      |
|    fps             | 17       |
|    time_elapsed    | 3021     |
|    total_timesteps | 53060    |
| train/             |          |
|    actor_loss      | 0.103    |
|    critic_loss     | 0.0337   |
|    ent_coef        | 0.00161  |
|    ent_coef_loss   | -0.698   |
|    learning_rate   | 0.0003   |
|    n_updates       | 43050    |
---------------------------------
---------------------------------
| rollout/           |          |
|    ep_len_mean     | 47.4     |
|    ep_rew_mean     | -72.3    |
| time/              |          |
|    episodes        | 976      |
|    fps             | 17       |
|    time_elapsed    | 3031     |
|    total_timesteps | 53240    |
| train/             |          |
|    actor_loss      | 0.0768   |
|    critic_loss     | 0.0306   |
|    ent_coef        | 0.0016   |
|    ent_coef_loss   | 0.693    |
|    learning_rate   | 0.0003   |
|    n_updates       | 43230    |
---------------------------------
---------------------------------
| rollout/           |          |
|    ep_len_mean     | 47.1     |
|    ep_rew_mean     | -76.7    |
| time/              |          |
|    episodes        | 980      |
|    fps             | 17       |
|    time_elapsed    | 3045     |
|    total_timesteps | 53480    |
| train/             |          |
|    actor_loss      | 0.102    |
|    critic_loss     | 0.0344   |
|    ent_coef        | 0.0016   |
|    ent_coef_loss   | 0.388    |
|    learning_rate   | 0.0003   |
|    n_updates       | 43470    |
---------------------------------
---------------------------------
| rollout/           |          |
|    ep_len_mean     | 47       |
|    ep_rew_mean     | -76.1    |
| time/              |          |
|    episodes        | 984      |
|    fps             | 17       |
|    time_elapsed    | 3058     |
|    total_timesteps | 53700    |
| train/             |          |
|    actor_loss      | 0.166    |
|    critic_loss     | 0.0271   |
|    ent_coef        | 0.00159  |
|    ent_coef_loss   | 0.0552   |
|    learning_rate   | 0.0003   |
|    n_updates       | 43690    |
---------------------------------
---------------------------------
| rollout/           |          |
|    ep_len_mean     | 47       |
|    ep_rew_mean     | -75.8    |
| time/              |          |
|    episodes        | 988      |
|    fps             | 17       |
|    time_elapsed    | 3066     |
|    total_timesteps | 53830    |
| train/             |          |
|    actor_loss      | 0.143    |
|    critic_loss     | 0.0352   |
|    ent_coef        | 0.00159  |
|    ent_coef_loss   | -0.17    |
|    learning_rate   | 0.0003   |
|    n_updates       | 43820    |
---------------------------------
---------------------------------
| rollout/           |          |
|    ep_len_mean     | 46.2     |
|    ep_rew_mean     | -84.2    |
| time/              |          |
|    episodes        | 992      |
|    fps             | 17       |
|    time_elapsed    | 3075     |
|    total_timesteps | 53990    |
| train/             |          |
|    actor_loss      | 0.197    |
|    critic_loss     | 0.0207   |
|    ent_coef        | 0.00157  |
|    ent_coef_loss   | 1.05     |
|    learning_rate   | 0.0003   |
|    n_updates       | 43980    |
---------------------------------
---------------------------------
| rollout/           |          |
|    ep_len_mean     | 46.2     |
|    ep_rew_mean     | -93.2    |
| time/              |          |
|    episodes        | 996      |
|    fps             | 17       |
|    time_elapsed    | 3090     |
|    total_timesteps | 54250    |
| train/             |          |
|    actor_loss      | 0.0664   |
|    critic_loss     | 0.0341   |
|    ent_coef        | 0.00161  |
|    ent_coef_loss   | -0.206   |
|    learning_rate   | 0.0003   |
|    n_updates       | 44240    |
---------------------------------
---------------------------------
| rollout/           |          |
|    ep_len_mean     | 46       |
|    ep_rew_mean     | -101     |
| time/              |          |
|    episodes        | 1000     |
|    fps             | 17       |
|    time_elapsed    | 3105     |
|    total_timesteps | 54470    |
| train/             |          |
|    actor_loss      | 0.0703   |
|    critic_loss     | 0.0344   |
|    ent_coef        | 0.00163  |
|    ent_coef_loss   | 0.214    |
|    learning_rate   | 0.0003   |
|    n_updates       | 44460    |
---------------------------------
---------------------------------
| rollout/           |          |
|    ep_len_mean     | 47.3     |
|    ep_rew_mean     | -88.9    |
| time/              |          |
|    episodes        | 1004     |
|    fps             | 17       |
|    time_elapsed    | 3120     |
|    total_timesteps | 54730    |
| train/             |          |
|    actor_loss      | 0.0697   |
|    critic_loss     | 0.0285   |
|    ent_coef        | 0.00162  |
|    ent_coef_loss   | 0.0883   |
|    learning_rate   | 0.0003   |
|    n_updates       | 44720    |
---------------------------------
---------------------------------
| rollout/           |          |
|    ep_len_mean     | 47.1     |
|    ep_rew_mean     | -92.2    |
| time/              |          |
|    episodes        | 1008     |
|    fps             | 17       |
|    time_elapsed    | 3131     |
|    total_timesteps | 54910    |
| train/             |          |
|    actor_loss      | 0.0327   |
|    critic_loss     | 0.0199   |
|    ent_coef        | 0.00163  |
|    ent_coef_loss   | -0.376   |
|    learning_rate   | 0.0003   |
|    n_updates       | 44900    |
---------------------------------
---------------------------------
| rollout/           |          |
|    ep_len_mean     | 46.3     |
|    ep_rew_mean     | -101     |
| time/              |          |
|    episodes        | 1012     |
|    fps             | 17       |
|    time_elapsed    | 3135     |
|    total_timesteps | 54980    |
| train/             |          |
|    actor_loss      | 0.174    |
|    critic_loss     | 0.0303   |
|    ent_coef        | 0.00162  |
|    ent_coef_loss   | 0.278    |
|    learning_rate   | 0.0003   |
|    n_updates       | 44970    |
---------------------------------
---------------------------------
| rollout/           |          |
|    ep_len_mean     | 45.9     |
|    ep_rew_mean     | -106     |
| time/              |          |
|    episodes        | 1016     |
|    fps             | 17       |
|    time_elapsed    | 3154     |
|    total_timesteps | 55300    |
| train/             |          |
|    actor_loss      | 0.107    |
|    critic_loss     | 0.0329   |
|    ent_coef        | 0.00166  |
|    ent_coef_loss   | 0.971    |
|    learning_rate   | 0.0003   |
|    n_updates       | 45290    |
---------------------------------
---------------------------------
| rollout/           |          |
|    ep_len_mean     | 45.5     |
|    ep_rew_mean     | -111     |
| time/              |          |
|    episodes        | 1020     |
|    fps             | 17       |
|    time_elapsed    | 3159     |
|    total_timesteps | 55400    |
| train/             |          |
|    actor_loss      | 0.175    |
|    critic_loss     | 0.0278   |
|    ent_coef        | 0.00168  |
|    ent_coef_loss   | -1.23    |
|    learning_rate   | 0.0003   |
|    n_updates       | 45390    |
---------------------------------
---------------------------------
| rollout/           |          |
|    ep_len_mean     | 45.7     |
|    ep_rew_mean     | -107     |
| time/              |          |
|    episodes        | 1024     |
|    fps             | 17       |
|    time_elapsed    | 3172     |
|    total_timesteps | 55620    |
| train/             |          |
|    actor_loss      | 0.0851   |
|    critic_loss     | 0.0315   |
|    ent_coef        | 0.00167  |
|    ent_coef_loss   | -0.525   |
|    learning_rate   | 0.0003   |
|    n_updates       | 45610    |
---------------------------------
---------------------------------
| rollout/           |          |
|    ep_len_mean     | 46.9     |
|    ep_rew_mean     | -91.4    |
| time/              |          |
|    episodes        | 1028     |
|    fps             | 17       |
|    time_elapsed    | 3189     |
|    total_timesteps | 55910    |
| train/             |          |
|    actor_loss      | 0.112    |
|    critic_loss     | 0.0283   |
|    ent_coef        | 0.00165  |
|    ent_coef_loss   | -0.0139  |
|    learning_rate   | 0.0003   |
|    n_updates       | 45900    |
---------------------------------
---------------------------------
| rollout/           |          |
|    ep_len_mean     | 46.8     |
|    ep_rew_mean     | -91.9    |
| time/              |          |
|    episodes        | 1032     |
|    fps             | 17       |
|    time_elapsed    | 3194     |
|    total_timesteps | 56000    |
| train/             |          |
|    actor_loss      | 0.0959   |
|    critic_loss     | 0.0431   |
|    ent_coef        | 0.00165  |
|    ent_coef_loss   | 1.28     |
|    learning_rate   | 0.0003   |
|    n_updates       | 45990    |
---------------------------------
---------------------------------
| rollout/           |          |
|    ep_len_mean     | 47       |
|    ep_rew_mean     | -87.7    |
| time/              |          |
|    episodes        | 1036     |
|    fps             | 17       |
|    time_elapsed    | 3207     |
|    total_timesteps | 56220    |
| train/             |          |
|    actor_loss      | 0.0839   |
|    critic_loss     | 0.0342   |
|    ent_coef        | 0.00167  |
|    ent_coef_loss   | 1.07     |
|    learning_rate   | 0.0003   |
|    n_updates       | 46210    |
---------------------------------
---------------------------------
| rollout/           |          |
|    ep_len_mean     | 47.3     |
|    ep_rew_mean     | -79.9    |
| time/              |          |
|    episodes        | 1040     |
|    fps             | 17       |
|    time_elapsed    | 3224     |
|    total_timesteps | 56510    |
| train/             |          |
|    actor_loss      | 0.129    |
|    critic_loss     | 0.0256   |
|    ent_coef        | 0.00166  |
|    ent_coef_loss   | -0.00696 |
|    learning_rate   | 0.0003   |
|    n_updates       | 46500    |
---------------------------------
---------------------------------
| rollout/           |          |
|    ep_len_mean     | 47.7     |
|    ep_rew_mean     | -72.6    |
| time/              |          |
|    episodes        | 1044     |
|    fps             | 17       |
|    time_elapsed    | 3231     |
|    total_timesteps | 56640    |
| train/             |          |
|    actor_loss      | 0.153    |
|    critic_loss     | 0.0258   |
|    ent_coef        | 0.00167  |
|    ent_coef_loss   | 0.63     |
|    learning_rate   | 0.0003   |
|    n_updates       | 46630    |
---------------------------------
---------------------------------
| rollout/           |          |
|    ep_len_mean     | 48       |
|    ep_rew_mean     | -73.8    |
| time/              |          |
|    episodes        | 1048     |
|    fps             | 17       |
|    time_elapsed    | 3241     |
|    total_timesteps | 56800    |
| train/             |          |
|    actor_loss      | 0.0366   |
|    critic_loss     | 0.029    |
|    ent_coef        | 0.00169  |
|    ent_coef_loss   | 0.0874   |
|    learning_rate   | 0.0003   |
|    n_updates       | 46790    |
---------------------------------
---------------------------------
| rollout/           |          |
|    ep_len_mean     | 48.5     |
|    ep_rew_mean     | -66.9    |
| time/              |          |
|    episodes        | 1052     |
|    fps             | 17       |
|    time_elapsed    | 3260     |
|    total_timesteps | 57130    |
| train/             |          |
|    actor_loss      | 0.0957   |
|    critic_loss     | 0.0329   |
|    ent_coef        | 0.00169  |
|    ent_coef_loss   | -0.00895 |
|    learning_rate   | 0.0003   |
|    n_updates       | 47120    |
---------------------------------
---------------------------------
| rollout/           |          |
|    ep_len_mean     | 48.5     |
|    ep_rew_mean     | -68.5    |
| time/              |          |
|    episodes        | 1056     |
|    fps             | 17       |
|    time_elapsed    | 3272     |
|    total_timesteps | 57330    |
| train/             |          |
|    actor_loss      | 0.0793   |
|    critic_loss     | 0.0293   |
|    ent_coef        | 0.00171  |
|    ent_coef_loss   | 0.134    |
|    learning_rate   | 0.0003   |
|    n_updates       | 47320    |
---------------------------------
---------------------------------
| rollout/           |          |
|    ep_len_mean     | 49       |
|    ep_rew_mean     | -64.8    |
| time/              |          |
|    episodes        | 1060     |
|    fps             | 17       |
|    time_elapsed    | 3281     |
|    total_timesteps | 57490    |
| train/             |          |
|    actor_loss      | 0.0823   |
|    critic_loss     | 0.0331   |
|    ent_coef        | 0.00172  |
|    ent_coef_loss   | -0.732   |
|    learning_rate   | 0.0003   |
|    n_updates       | 47480    |
---------------------------------
---------------------------------
| rollout/           |          |
|    ep_len_mean     | 49.3     |
|    ep_rew_mean     | -60.7    |
| time/              |          |
|    episodes        | 1064     |
|    fps             | 17       |
|    time_elapsed    | 3290     |
|    total_timesteps | 57640    |
| train/             |          |
|    actor_loss      | 0.129    |
|    critic_loss     | 0.0344   |
|    ent_coef        | 0.00171  |
|    ent_coef_loss   | 0.918    |
|    learning_rate   | 0.0003   |
|    n_updates       | 47630    |
---------------------------------
---------------------------------
| rollout/           |          |
|    ep_len_mean     | 48.7     |
|    ep_rew_mean     | -65.2    |
| time/              |          |
|    episodes        | 1068     |
|    fps             | 17       |
|    time_elapsed    | 3298     |
|    total_timesteps | 57790    |
| train/             |          |
|    actor_loss      | 0.0772   |
|    critic_loss     | 0.0353   |
|    ent_coef        | 0.0017   |
|    ent_coef_loss   | -0.43    |
|    learning_rate   | 0.0003   |
|    n_updates       | 47780    |
---------------------------------
---------------------------------
| rollout/           |          |
|    ep_len_mean     | 49.2     |
|    ep_rew_mean     | -61.1    |
| time/              |          |
|    episodes        | 1072     |
|    fps             | 17       |
|    time_elapsed    | 3311     |
|    total_timesteps | 58010    |
| train/             |          |
|    actor_loss      | 0.0683   |
|    critic_loss     | 0.0294   |
|    ent_coef        | 0.00173  |
|    ent_coef_loss   | 0.225    |
|    learning_rate   | 0.0003   |
|    n_updates       | 48000    |
---------------------------------
---------------------------------
| rollout/           |          |
|    ep_len_mean     | 49.1     |
|    ep_rew_mean     | -60.4    |
| time/              |          |
|    episodes        | 1076     |
|    fps             | 17       |
|    time_elapsed    | 3317     |
|    total_timesteps | 58110    |
| train/             |          |
|    actor_loss      | 0.115    |
|    critic_loss     | 0.0284   |
|    ent_coef        | 0.00173  |
|    ent_coef_loss   | -0.141   |
|    learning_rate   | 0.0003   |
|    n_updates       | 48100    |
---------------------------------
---------------------------------
| rollout/           |          |
|    ep_len_mean     | 49.3     |
|    ep_rew_mean     | -60.6    |
| time/              |          |
|    episodes        | 1080     |
|    fps             | 17       |
|    time_elapsed    | 3332     |
|    total_timesteps | 58360    |
| train/             |          |
|    actor_loss      | 0.128    |
|    critic_loss     | 0.0341   |
|    ent_coef        | 0.00171  |
|    ent_coef_loss   | -0.256   |
|    learning_rate   | 0.0003   |
|    n_updates       | 48350    |
---------------------------------
---------------------------------
| rollout/           |          |
|    ep_len_mean     | 48.9     |
|    ep_rew_mean     | -65.1    |
| time/              |          |
|    episodes        | 1084     |
|    fps             | 17       |
|    time_elapsed    | 3344     |
|    total_timesteps | 58580    |
| train/             |          |
|    actor_loss      | 0.162    |
|    critic_loss     | 0.03     |
|    ent_coef        | 0.0017   |
|    ent_coef_loss   | -0.621   |
|    learning_rate   | 0.0003   |
|    n_updates       | 48570    |
---------------------------------
---------------------------------
| rollout/           |          |
|    ep_len_mean     | 49.3     |
|    ep_rew_mean     | -56.8    |
| time/              |          |
|    episodes        | 1088     |
|    fps             | 17       |
|    time_elapsed    | 3351     |
|    total_timesteps | 58690    |
| train/             |          |
|    actor_loss      | 0.0698   |
|    critic_loss     | 0.0419   |
|    ent_coef        | 0.00168  |
|    ent_coef_loss   | 0.161    |
|    learning_rate   | 0.0003   |
|    n_updates       | 48680    |
---------------------------------
---------------------------------
| rollout/           |          |
|    ep_len_mean     | 49.8     |
|    ep_rew_mean     | -49.2    |
| time/              |          |
|    episodes        | 1092     |
|    fps             | 17       |
|    time_elapsed    | 3371     |
|    total_timesteps | 59030    |
| train/             |          |
|    actor_loss      | 0.131    |
|    critic_loss     | 0.0269   |
|    ent_coef        | 0.00166  |
|    ent_coef_loss   | -0.486   |
|    learning_rate   | 0.0003   |
|    n_updates       | 49020    |
---------------------------------
---------------------------------
| rollout/           |          |
|    ep_len_mean     | 49.7     |
|    ep_rew_mean     | -40.6    |
| time/              |          |
|    episodes        | 1096     |
|    fps             | 17       |
|    time_elapsed    | 3384     |
|    total_timesteps | 59260    |
| train/             |          |
|    actor_loss      | 0.0453   |
|    critic_loss     | 0.0281   |
|    ent_coef        | 0.00168  |
|    ent_coef_loss   | -0.376   |
|    learning_rate   | 0.0003   |
|    n_updates       | 49250    |
---------------------------------
---------------------------------
| rollout/           |          |
|    ep_len_mean     | 50.3     |
|    ep_rew_mean     | -37.4    |
| time/              |          |
|    episodes        | 1100     |
|    fps             | 17       |
|    time_elapsed    | 3393     |
|    total_timesteps | 59420    |
| train/             |          |
|    actor_loss      | 0.136    |
|    critic_loss     | 0.0378   |
|    ent_coef        | 0.00169  |
|    ent_coef_loss   | -0.317   |
|    learning_rate   | 0.0003   |
|    n_updates       | 49410    |
---------------------------------
---------------------------------
| rollout/           |          |
|    ep_len_mean     | 49.5     |
|    ep_rew_mean     | -42.2    |
| time/              |          |
|    episodes        | 1104     |
|    fps             | 17       |
|    time_elapsed    | 3407     |
|    total_timesteps | 59650    |
| train/             |          |
|    actor_loss      | 0.112    |
|    critic_loss     | 0.0277   |
|    ent_coef        | 0.00172  |
|    ent_coef_loss   | 0.818    |
|    learning_rate   | 0.0003   |
|    n_updates       | 49640    |
---------------------------------
---------------------------------
| rollout/           |          |
|    ep_len_mean     | 50       |
|    ep_rew_mean     | -34      |
| time/              |          |
|    episodes        | 1108     |
|    fps             | 17       |
|    time_elapsed    | 3421     |
|    total_timesteps | 59880    |
| train/             |          |
|    actor_loss      | 0.102    |
|    critic_loss     | 0.0257   |
|    ent_coef        | 0.00171  |
|    ent_coef_loss   | -0.672   |
|    learning_rate   | 0.0003   |
|    n_updates       | 49870    |
---------------------------------
---------------------------------
| rollout/           |          |
|    ep_len_mean     | 50.4     |
|    ep_rew_mean     | -30.5    |
| time/              |          |
|    episodes        | 1112     |
|    fps             | 17       |
|    time_elapsed    | 3430     |
|    total_timesteps | 60030    |
| train/             |          |
|    actor_loss      | 0.0671   |
|    critic_loss     | 0.0269   |
|    ent_coef        | 0.0017   |
|    ent_coef_loss   | -0.399   |
|    learning_rate   | 0.0003   |
|    n_updates       | 50020    |
---------------------------------
---------------------------------
| rollout/           |          |
|    ep_len_mean     | 49.8     |
|    ep_rew_mean     | -38.4    |
| time/              |          |
|    episodes        | 1116     |
|    fps             | 17       |
|    time_elapsed    | 3442     |
|    total_timesteps | 60240    |
| train/             |          |
|    actor_loss      | 0.159    |
|    critic_loss     | 0.0351   |
|    ent_coef        | 0.00171  |
|    ent_coef_loss   | 0.601    |
|    learning_rate   | 0.0003   |
|    n_updates       | 50230    |
---------------------------------
---------------------------------
| rollout/           |          |
|    ep_len_mean     | 49.7     |
|    ep_rew_mean     | -38.3    |
| time/              |          |
|    episodes        | 1120     |
|    fps             | 17       |
|    time_elapsed    | 3452     |
|    total_timesteps | 60410    |
| train/             |          |
|    actor_loss      | 0.127    |
|    critic_loss     | 0.0366   |
|    ent_coef        | 0.00171  |
|    ent_coef_loss   | 0.293    |
|    learning_rate   | 0.0003   |
|    n_updates       | 50400    |
---------------------------------
---------------------------------
| rollout/           |          |
|    ep_len_mean     | 50.1     |
|    ep_rew_mean     | -33.7    |
| time/              |          |
|    episodes        | 1124     |
|    fps             | 17       |
|    time_elapsed    | 3474     |
|    total_timesteps | 60780    |
| train/             |          |
|    actor_loss      | 0.0726   |
|    critic_loss     | 0.0366   |
|    ent_coef        | 0.00172  |
|    ent_coef_loss   | -0.308   |
|    learning_rate   | 0.0003   |
|    n_updates       | 50770    |
---------------------------------
---------------------------------
| rollout/           |          |
|    ep_len_mean     | 50.3     |
|    ep_rew_mean     | -33.4    |
| time/              |          |
|    episodes        | 1128     |
|    fps             | 17       |
|    time_elapsed    | 3478     |
|    total_timesteps | 60860    |
| train/             |          |
|    actor_loss      | 0.111    |
|    critic_loss     | 0.0292   |
|    ent_coef        | 0.00172  |
|    ent_coef_loss   | -0.367   |
|    learning_rate   | 0.0003   |
|    n_updates       | 50850    |
---------------------------------
---------------------------------
| rollout/           |          |
|    ep_len_mean     | 50.6     |
|    ep_rew_mean     | -34.1    |
| time/              |          |
|    episodes        | 1132     |
|    fps             | 17       |
|    time_elapsed    | 3492     |
|    total_timesteps | 61090    |
| train/             |          |
|    actor_loss      | 0.0495   |
|    critic_loss     | 0.0319   |
|    ent_coef        | 0.0017   |
|    ent_coef_loss   | -0.106   |
|    learning_rate   | 0.0003   |
|    n_updates       | 51080    |
---------------------------------
---------------------------------
| rollout/           |          |
|    ep_len_mean     | 49.8     |
|    ep_rew_mean     | -42.6    |
| time/              |          |
|    episodes        | 1136     |
|    fps             | 17       |
|    time_elapsed    | 3505     |
|    total_timesteps | 61310    |
| train/             |          |
|    actor_loss      | 0.107    |
|    critic_loss     | 0.0268   |
|    ent_coef        | 0.00172  |
|    ent_coef_loss   | 0.687    |
|    learning_rate   | 0.0003   |
|    n_updates       | 51300    |
---------------------------------
---------------------------------
| rollout/           |          |
|    ep_len_mean     | 49.9     |
|    ep_rew_mean     | -42.3    |
| time/              |          |
|    episodes        | 1140     |
|    fps             | 17       |
|    time_elapsed    | 3516     |
|    total_timesteps | 61500    |
| train/             |          |
|    actor_loss      | 0.0044   |
|    critic_loss     | 0.0276   |
|    ent_coef        | 0.00173  |
|    ent_coef_loss   | -1.17    |
|    learning_rate   | 0.0003   |
|    n_updates       | 51490    |
---------------------------------
---------------------------------
| rollout/           |          |
|    ep_len_mean     | 50.7     |
|    ep_rew_mean     | -38.2    |
| time/              |          |
|    episodes        | 1144     |
|    fps             | 17       |
|    time_elapsed    | 3533     |
|    total_timesteps | 61790    |
| train/             |          |
|    actor_loss      | 0.106    |
|    critic_loss     | 0.0243   |
|    ent_coef        | 0.00173  |
|    ent_coef_loss   | -0.97    |
|    learning_rate   | 0.0003   |
|    n_updates       | 51780    |
---------------------------------
---------------------------------
| rollout/           |          |
|    ep_len_mean     | 50.8     |
|    ep_rew_mean     | -37.9    |
| time/              |          |
|    episodes        | 1148     |
|    fps             | 17       |
|    time_elapsed    | 3541     |
|    total_timesteps | 61930    |
| train/             |          |
|    actor_loss      | 0.134    |
|    critic_loss     | 0.0284   |
|    ent_coef        | 0.00171  |
|    ent_coef_loss   | -0.134   |
|    learning_rate   | 0.0003   |
|    n_updates       | 51920    |
---------------------------------
---------------------------------
| rollout/           |          |
|    ep_len_mean     | 50.9     |
|    ep_rew_mean     | -37.1    |
| time/              |          |
|    episodes        | 1152     |
|    fps             | 17       |
|    time_elapsed    | 3550     |
|    total_timesteps | 62080    |
| train/             |          |
|    actor_loss      | 0.106    |
|    critic_loss     | 0.0312   |
|    ent_coef        | 0.00171  |
|    ent_coef_loss   | 0.56     |
|    learning_rate   | 0.0003   |
|    n_updates       | 52070    |
---------------------------------
---------------------------------
| rollout/           |          |
|    ep_len_mean     | 50.2     |
|    ep_rew_mean     | -44.4    |
| time/              |          |
|    episodes        | 1156     |
|    fps             | 17       |
|    time_elapsed    | 3564     |
|    total_timesteps | 62330    |
| train/             |          |
|    actor_loss      | 0.116    |
|    critic_loss     | 0.0325   |
|    ent_coef        | 0.00173  |
|    ent_coef_loss   | 0.831    |
|    learning_rate   | 0.0003   |
|    n_updates       | 52320    |
---------------------------------
---------------------------------
| rollout/           |          |
|    ep_len_mean     | 49.4     |
|    ep_rew_mean     | -52.2    |
| time/              |          |
|    episodes        | 1160     |
|    fps             | 17       |
|    time_elapsed    | 3575     |
|    total_timesteps | 62500    |
| train/             |          |
|    actor_loss      | 0.0566   |
|    critic_loss     | 0.0332   |
|    ent_coef        | 0.00176  |
|    ent_coef_loss   | -0.295   |
|    learning_rate   | 0.0003   |
|    n_updates       | 52490    |
---------------------------------
---------------------------------
| rollout/           |          |
|    ep_len_mean     | 50       |
|    ep_rew_mean     | -44.3    |
| time/              |          |
|    episodes        | 1164     |
|    fps             | 17       |
|    time_elapsed    | 3582     |
|    total_timesteps | 62630    |
| train/             |          |
|    actor_loss      | 0.147    |
|    critic_loss     | 0.0432   |
|    ent_coef        | 0.00174  |
|    ent_coef_loss   | 0.554    |
|    learning_rate   | 0.0003   |
|    n_updates       | 52620    |
---------------------------------
---------------------------------
| rollout/           |          |
|    ep_len_mean     | 50.9     |
|    ep_rew_mean     | -35.9    |
| time/              |          |
|    episodes        | 1168     |
|    fps             | 17       |
|    time_elapsed    | 3600     |
|    total_timesteps | 62950    |
| train/             |          |
|    actor_loss      | 0.0792   |
|    critic_loss     | 0.0299   |
|    ent_coef        | 0.00172  |
|    ent_coef_loss   | -0.471   |
|    learning_rate   | 0.0003   |
|    n_updates       | 52940    |
---------------------------------
---------------------------------
| rollout/           |          |
|    ep_len_mean     | 51.2     |
|    ep_rew_mean     | -31.3    |
| time/              |          |
|    episodes        | 1172     |
|    fps             | 17       |
|    time_elapsed    | 3611     |
|    total_timesteps | 63140    |
| train/             |          |
|    actor_loss      | 0.0929   |
|    critic_loss     | 0.031    |
|    ent_coef        | 0.0017   |
|    ent_coef_loss   | -1.57    |
|    learning_rate   | 0.0003   |
|    n_updates       | 53130    |
---------------------------------
---------------------------------
| rollout/           |          |
|    ep_len_mean     | 52       |
|    ep_rew_mean     | -22.5    |
| time/              |          |
|    episodes        | 1176     |
|    fps             | 17       |
|    time_elapsed    | 3622     |
|    total_timesteps | 63320    |
| train/             |          |
|    actor_loss      | 0.061    |
|    critic_loss     | 0.0308   |
|    ent_coef        | 0.00171  |
|    ent_coef_loss   | -0.493   |
|    learning_rate   | 0.0003   |
|    n_updates       | 53310    |
---------------------------------
---------------------------------
| rollout/           |          |
|    ep_len_mean     | 52.2     |
|    ep_rew_mean     | -18.9    |
| time/              |          |
|    episodes        | 1180     |
|    fps             | 17       |
|    time_elapsed    | 3642     |
|    total_timesteps | 63650    |
| train/             |          |
|    actor_loss      | 0.141    |
|    critic_loss     | 0.0327   |
|    ent_coef        | 0.00169  |
|    ent_coef_loss   | 0.261    |
|    learning_rate   | 0.0003   |
|    n_updates       | 53640    |
---------------------------------
---------------------------------
| rollout/           |          |
|    ep_len_mean     | 52.5     |
|    ep_rew_mean     | -15.1    |
| time/              |          |
|    episodes        | 1184     |
|    fps             | 17       |
|    time_elapsed    | 3648     |
|    total_timesteps | 63760    |
| train/             |          |
|    actor_loss      | 0.1      |
|    critic_loss     | 0.0272   |
|    ent_coef        | 0.0017   |
|    ent_coef_loss   | 1.2      |
|    learning_rate   | 0.0003   |
|    n_updates       | 53750    |
---------------------------------
---------------------------------
| rollout/           |          |
|    ep_len_mean     | 52.3     |
|    ep_rew_mean     | -19      |
| time/              |          |
|    episodes        | 1188     |
|    fps             | 17       |
|    time_elapsed    | 3656     |
|    total_timesteps | 63890    |
| train/             |          |
|    actor_loss      | 0.0673   |
|    critic_loss     | 0.0324   |
|    ent_coef        | 0.00174  |
|    ent_coef_loss   | 0.256    |
|    learning_rate   | 0.0003   |
|    n_updates       | 53880    |
---------------------------------
---------------------------------
| rollout/           |          |
|    ep_len_mean     | 52.1     |
|    ep_rew_mean     | -22.9    |
| time/              |          |
|    episodes        | 1192     |
|    fps             | 17       |
|    time_elapsed    | 3679     |
|    total_timesteps | 64270    |
| train/             |          |
|    actor_loss      | 0.096    |
|    critic_loss     | 0.034    |
|    ent_coef        | 0.00177  |
|    ent_coef_loss   | 0.66     |
|    learning_rate   | 0.0003   |
|    n_updates       | 54260    |
---------------------------------
---------------------------------
| rollout/           |          |
|    ep_len_mean     | 52.1     |
|    ep_rew_mean     | -22.5    |
| time/              |          |
|    episodes        | 1196     |
|    fps             | 17       |
|    time_elapsed    | 3689     |
|    total_timesteps | 64450    |
| train/             |          |
|    actor_loss      | 0.0265   |
|    critic_loss     | 0.032    |
|    ent_coef        | 0.00176  |
|    ent_coef_loss   | -0.689   |
|    learning_rate   | 0.0003   |
|    n_updates       | 54440    |
---------------------------------
---------------------------------
| rollout/           |          |
|    ep_len_mean     | 52       |
|    ep_rew_mean     | -22.8    |
| time/              |          |
|    episodes        | 1200     |
|    fps             | 17       |
|    time_elapsed    | 3695     |
|    total_timesteps | 64550    |
| train/             |          |
|    actor_loss      | 0.13     |
|    critic_loss     | 0.0239   |
|    ent_coef        | 0.00177  |
|    ent_coef_loss   | -0.268   |
|    learning_rate   | 0.0003   |
|    n_updates       | 54540    |
---------------------------------
---------------------------------
| rollout/           |          |
|    ep_len_mean     | 52.3     |
|    ep_rew_mean     | -21.9    |
| time/              |          |
|    episodes        | 1204     |
|    fps             | 17       |
|    time_elapsed    | 3719     |
|    total_timesteps | 64960    |
| train/             |          |
|    actor_loss      | 0.13     |
|    critic_loss     | 0.0394   |
|    ent_coef        | 0.00183  |
|    ent_coef_loss   | 1.04     |
|    learning_rate   | 0.0003   |
|    n_updates       | 54950    |
---------------------------------
---------------------------------
| rollout/           |          |
|    ep_len_mean     | 52.4     |
|    ep_rew_mean     | -21.4    |
| time/              |          |
|    episodes        | 1208     |
|    fps             | 17       |
|    time_elapsed    | 3728     |
|    total_timesteps | 65120    |
| train/             |          |
|    actor_loss      | 0.0953   |
|    critic_loss     | 0.0398   |
|    ent_coef        | 0.00186  |
|    ent_coef_loss   | 0.584    |
|    learning_rate   | 0.0003   |
|    n_updates       | 55110    |
---------------------------------
---------------------------------
| rollout/           |          |
|    ep_len_mean     | 52.4     |
|    ep_rew_mean     | -21.3    |
| time/              |          |
|    episodes        | 1212     |
|    fps             | 17       |
|    time_elapsed    | 3737     |
|    total_timesteps | 65270    |
| train/             |          |
|    actor_loss      | 0.083    |
|    critic_loss     | 0.0386   |
|    ent_coef        | 0.00189  |
|    ent_coef_loss   | 1.4      |
|    learning_rate   | 0.0003   |
|    n_updates       | 55260    |
---------------------------------
---------------------------------
| rollout/           |          |
|    ep_len_mean     | 53.3     |
|    ep_rew_mean     | -10.5    |
| time/              |          |
|    episodes        | 1216     |
|    fps             | 17       |
|    time_elapsed    | 3754     |
|    total_timesteps | 65560    |
| train/             |          |
|    actor_loss      | 0.109    |
|    critic_loss     | 0.0272   |
|    ent_coef        | 0.00197  |
|    ent_coef_loss   | 0.465    |
|    learning_rate   | 0.0003   |
|    n_updates       | 55550    |
---------------------------------
---------------------------------
| rollout/           |          |
|    ep_len_mean     | 53.5     |
|    ep_rew_mean     | -6.74    |
| time/              |          |
|    episodes        | 1220     |
|    fps             | 17       |
|    time_elapsed    | 3762     |
|    total_timesteps | 65700    |
| train/             |          |
|    actor_loss      | 0.154    |
|    critic_loss     | 0.0421   |
|    ent_coef        | 0.002    |
|    ent_coef_loss   | 0.158    |
|    learning_rate   | 0.0003   |
|    n_updates       | 55690    |
---------------------------------
---------------------------------
| rollout/           |          |
|    ep_len_mean     | 53.5     |
|    ep_rew_mean     | -7.01    |
| time/              |          |
|    episodes        | 1224     |
|    fps             | 17       |
|    time_elapsed    | 3785     |
|    total_timesteps | 66100    |
| train/             |          |
|    actor_loss      | 0.106    |
|    critic_loss     | 0.0378   |
|    ent_coef        | 0.00197  |
|    ent_coef_loss   | -0.884   |
|    learning_rate   | 0.0003   |
|    n_updates       | 56090    |
---------------------------------
---------------------------------
| rollout/           |          |
|    ep_len_mean     | 53.9     |
|    ep_rew_mean     | -8.31    |
| time/              |          |
|    episodes        | 1228     |
|    fps             | 17       |
|    time_elapsed    | 3800     |
|    total_timesteps | 66350    |
| train/             |          |
|    actor_loss      | 0.128    |
|    critic_loss     | 0.0415   |
|    ent_coef        | 0.00195  |
|    ent_coef_loss   | -0.208   |
|    learning_rate   | 0.0003   |
|    n_updates       | 56340    |
---------------------------------
---------------------------------
| rollout/           |          |
|    ep_len_mean     | 54       |
|    ep_rew_mean     | -4.04    |
| time/              |          |
|    episodes        | 1232     |
|    fps             | 17       |
|    time_elapsed    | 3809     |
|    total_timesteps | 66500    |
| train/             |          |
|    actor_loss      | 0.108    |
|    critic_loss     | 0.0284   |
|    ent_coef        | 0.002    |
|    ent_coef_loss   | 0.0818   |
|    learning_rate   | 0.0003   |
|    n_updates       | 56490    |
---------------------------------
---------------------------------
| rollout/           |          |
|    ep_len_mean     | 54.7     |
|    ep_rew_mean     | 0.145    |
| time/              |          |
|    episodes        | 1236     |
|    fps             | 17       |
|    time_elapsed    | 3825     |
|    total_timesteps | 66750    |
| train/             |          |
|    actor_loss      | 0.128    |
|    critic_loss     | 0.0367   |
|    ent_coef        | 0.00202  |
|    ent_coef_loss   | 0.915    |
|    learning_rate   | 0.0003   |
|    n_updates       | 56740    |
---------------------------------
---------------------------------
| rollout/           |          |
|    ep_len_mean     | 54.8     |
|    ep_rew_mean     | -1.4     |
| time/              |          |
|    episodes        | 1240     |
|    fps             | 17       |
|    time_elapsed    | 3839     |
|    total_timesteps | 66970    |
| train/             |          |
|    actor_loss      | 0.154    |
|    critic_loss     | 0.0373   |
|    ent_coef        | 0.00202  |
|    ent_coef_loss   | 0.0738   |
|    learning_rate   | 0.0003   |
|    n_updates       | 56960    |
---------------------------------
---------------------------------
| rollout/           |          |
|    ep_len_mean     | 54.8     |
|    ep_rew_mean     | -1.49    |
| time/              |          |
|    episodes        | 1244     |
|    fps             | 17       |
|    time_elapsed    | 3859     |
|    total_timesteps | 67300    |
| train/             |          |
|    actor_loss      | 0.144    |
|    critic_loss     | 0.0354   |
|    ent_coef        | 0.00202  |
|    ent_coef_loss   | 0.0544   |
|    learning_rate   | 0.0003   |
|    n_updates       | 57290    |
---------------------------------
---------------------------------
| rollout/           |          |
|    ep_len_mean     | 55       |
|    ep_rew_mean     | 7.66     |
| time/              |          |
|    episodes        | 1248     |
|    fps             | 17       |
|    time_elapsed    | 3864     |
|    total_timesteps | 67380    |
| train/             |          |
|    actor_loss      | 0.095    |
|    critic_loss     | 0.0369   |
|    ent_coef        | 0.00202  |
|    ent_coef_loss   | 0.676    |
|    learning_rate   | 0.0003   |
|    n_updates       | 57370    |
---------------------------------
---------------------------------
| rollout/           |          |
|    ep_len_mean     | 54.8     |
|    ep_rew_mean     | 7.54     |
| time/              |          |
|    episodes        | 1252     |
|    fps             | 17       |
|    time_elapsed    | 3875     |
|    total_timesteps | 67570    |
| train/             |          |
|    actor_loss      | 0.082    |
|    critic_loss     | 0.0353   |
|    ent_coef        | 0.00206  |
|    ent_coef_loss   | -1.02    |
|    learning_rate   | 0.0003   |
|    n_updates       | 57560    |
---------------------------------
---------------------------------
| rollout/           |          |
|    ep_len_mean     | 55.3     |
|    ep_rew_mean     | 15.3     |
| time/              |          |
|    episodes        | 1256     |
|    fps             | 17       |
|    time_elapsed    | 3893     |
|    total_timesteps | 67870    |
| train/             |          |
|    actor_loss      | 0.0663   |
|    critic_loss     | 0.0342   |
|    ent_coef        | 0.00207  |
|    ent_coef_loss   | -0.317   |
|    learning_rate   | 0.0003   |
|    n_updates       | 57860    |
---------------------------------
---------------------------------
| rollout/           |          |
|    ep_len_mean     | 56       |
|    ep_rew_mean     | 19.3     |
| time/              |          |
|    episodes        | 1260     |
|    fps             | 17       |
|    time_elapsed    | 3905     |
|    total_timesteps | 68070    |
| train/             |          |
|    actor_loss      | 0.0195   |
|    critic_loss     | 0.0342   |
|    ent_coef        | 0.00211  |
|    ent_coef_loss   | -0.767   |
|    learning_rate   | 0.0003   |
|    n_updates       | 58060    |
---------------------------------
---------------------------------
| rollout/           |          |
|    ep_len_mean     | 56.3     |
|    ep_rew_mean     | 23       |
| time/              |          |
|    episodes        | 1264     |
|    fps             | 17       |
|    time_elapsed    | 3918     |
|    total_timesteps | 68300    |
| train/             |          |
|    actor_loss      | 0.112    |
|    critic_loss     | 0.0452   |
|    ent_coef        | 0.00213  |
|    ent_coef_loss   | 1.16     |
|    learning_rate   | 0.0003   |
|    n_updates       | 58290    |
---------------------------------
---------------------------------
| rollout/           |          |
|    ep_len_mean     | 55.9     |
|    ep_rew_mean     | 18.3     |
| time/              |          |
|    episodes        | 1268     |
|    fps             | 17       |
|    time_elapsed    | 3929     |
|    total_timesteps | 68490    |
| train/             |          |
|    actor_loss      | 0.111    |
|    critic_loss     | 0.0332   |
|    ent_coef        | 0.0022   |
|    ent_coef_loss   | 0.551    |
|    learning_rate   | 0.0003   |
|    n_updates       | 58480    |
---------------------------------
---------------------------------
| rollout/           |          |
|    ep_len_mean     | 55.4     |
|    ep_rew_mean     | 13.6     |
| time/              |          |
|    episodes        | 1272     |
|    fps             | 17       |
|    time_elapsed    | 3941     |
|    total_timesteps | 68700    |
| train/             |          |
|    actor_loss      | 0.0341   |
|    critic_loss     | 0.034    |
|    ent_coef        | 0.00223  |
|    ent_coef_loss   | -0.0981  |
|    learning_rate   | 0.0003   |
|    n_updates       | 58690    |
---------------------------------
---------------------------------
| rollout/           |          |
|    ep_len_mean     | 54.9     |
|    ep_rew_mean     | 9.22     |
| time/              |          |
|    episodes        | 1276     |
|    fps             | 17       |
|    time_elapsed    | 3953     |
|    total_timesteps | 68910    |
| train/             |          |
|    actor_loss      | 0.0746   |
|    critic_loss     | 0.0329   |
|    ent_coef        | 0.00224  |
|    ent_coef_loss   | 0.156    |
|    learning_rate   | 0.0003   |
|    n_updates       | 58900    |
---------------------------------
---------------------------------
| rollout/           |          |
|    ep_len_mean     | 55.1     |
|    ep_rew_mean     | 14.1     |
| time/              |          |
|    episodes        | 1280     |
|    fps             | 17       |
|    time_elapsed    | 3965     |
|    total_timesteps | 69100    |
| train/             |          |
|    actor_loss      | 0.0935   |
|    critic_loss     | 0.0368   |
|    ent_coef        | 0.00221  |
|    ent_coef_loss   | 0.731    |
|    learning_rate   | 0.0003   |
|    n_updates       | 59090    |
---------------------------------
---------------------------------
| rollout/           |          |
|    ep_len_mean     | 55       |
|    ep_rew_mean     | 13.9     |
| time/              |          |
|    episodes        | 1284     |
|    fps             | 17       |
|    time_elapsed    | 3976     |
|    total_timesteps | 69290    |
| train/             |          |
|    actor_loss      | 0.118    |
|    critic_loss     | 0.0447   |
|    ent_coef        | 0.00219  |
|    ent_coef_loss   | 0.303    |
|    learning_rate   | 0.0003   |
|    n_updates       | 59280    |
---------------------------------
---------------------------------
| rollout/           |          |
|    ep_len_mean     | 54.5     |
|    ep_rew_mean     | 5.29     |
| time/              |          |
|    episodes        | 1288     |
|    fps             | 17       |
|    time_elapsed    | 3983     |
|    total_timesteps | 69420    |
| train/             |          |
|    actor_loss      | 0.141    |
|    critic_loss     | 0.0344   |
|    ent_coef        | 0.0022   |
|    ent_coef_loss   | 0.623    |
|    learning_rate   | 0.0003   |
|    n_updates       | 59410    |
---------------------------------
---------------------------------
| rollout/           |          |
|    ep_len_mean     | 55.1     |
|    ep_rew_mean     | 8.42     |
| time/              |          |
|    episodes        | 1292     |
|    fps             | 17       |
|    time_elapsed    | 4000     |
|    total_timesteps | 69700    |
| train/             |          |
|    actor_loss      | 0.144    |
|    critic_loss     | 0.0305   |
|    ent_coef        | 0.00219  |
|    ent_coef_loss   | -0.207   |
|    learning_rate   | 0.0003   |
|    n_updates       | 59690    |
---------------------------------
---------------------------------
| rollout/           |          |
|    ep_len_mean     | 55.2     |
|    ep_rew_mean     | 7.35     |
| time/              |          |
|    episodes        | 1296     |
|    fps             | 17       |
|    time_elapsed    | 4014     |
|    total_timesteps | 69950    |
| train/             |          |
|    actor_loss      | 0.085    |
|    critic_loss     | 0.038    |
|    ent_coef        | 0.00218  |
|    ent_coef_loss   | -0.938   |
|    learning_rate   | 0.0003   |
|    n_updates       | 59940    |
---------------------------------
---------------------------------
| rollout/           |          |
|    ep_len_mean     | 54.9     |
|    ep_rew_mean     | 12.3     |
| time/              |          |
|    episodes        | 1300     |
|    fps             | 17       |
|    time_elapsed    | 4022     |
|    total_timesteps | 70090    |
| train/             |          |
|    actor_loss      | 0.0871   |
|    critic_loss     | 0.0309   |
|    ent_coef        | 0.00215  |
|    ent_coef_loss   | -0.289   |
|    learning_rate   | 0.0003   |
|    n_updates       | 60080    |
---------------------------------
---------------------------------
| rollout/           |          |
|    ep_len_mean     | 54.5     |
|    ep_rew_mean     | 7.99     |
| time/              |          |
|    episodes        | 1304     |
|    fps             | 17       |
|    time_elapsed    | 4034     |
|    total_timesteps | 70290    |
| train/             |          |
|    actor_loss      | 0.0996   |
|    critic_loss     | 0.035    |
|    ent_coef        | 0.00214  |
|    ent_coef_loss   | -0.47    |
|    learning_rate   | 0.0003   |
|    n_updates       | 60280    |
---------------------------------
---------------------------------
| rollout/           |          |
|    ep_len_mean     | 54       |
|    ep_rew_mean     | 3.25     |
| time/              |          |
|    episodes        | 1308     |
|    fps             | 17       |
|    time_elapsed    | 4051     |
|    total_timesteps | 70580    |
| train/             |          |
|    actor_loss      | 0.0816   |
|    critic_loss     | 0.0268   |
|    ent_coef        | 0.00212  |
|    ent_coef_loss   | 0.0561   |
|    learning_rate   | 0.0003   |
|    n_updates       | 60570    |
---------------------------------
---------------------------------
| rollout/           |          |
|    ep_len_mean     | 54       |
|    ep_rew_mean     | 3.35     |
| time/              |          |
|    episodes        | 1312     |
|    fps             | 17       |
|    time_elapsed    | 4056     |
|    total_timesteps | 70670    |
| train/             |          |
|    actor_loss      | 0.0994   |
|    critic_loss     | 0.0354   |
|    ent_coef        | 0.00211  |
|    ent_coef_loss   | 0.408    |
|    learning_rate   | 0.0003   |
|    n_updates       | 60660    |
---------------------------------
---------------------------------
| rollout/           |          |
|    ep_len_mean     | 53.4     |
|    ep_rew_mean     | 0.307    |
| time/              |          |
|    episodes        | 1316     |
|    fps             | 17       |
|    time_elapsed    | 4067     |
|    total_timesteps | 70850    |
| train/             |          |
|    actor_loss      | 0.111    |
|    critic_loss     | 0.0331   |
|    ent_coef        | 0.00211  |
|    ent_coef_loss   | 0.391    |
|    learning_rate   | 0.0003   |
|    n_updates       | 60840    |
---------------------------------
---------------------------------
| rollout/           |          |
|    ep_len_mean     | 52.9     |
|    ep_rew_mean     | -7.98    |
| time/              |          |
|    episodes        | 1320     |
|    fps             | 17       |
|    time_elapsed    | 4079     |
|    total_timesteps | 71060    |
| train/             |          |
|    actor_loss      | 0.124    |
|    critic_loss     | 0.0357   |
|    ent_coef        | 0.00209  |
|    ent_coef_loss   | -0.0962  |
|    learning_rate   | 0.0003   |
|    n_updates       | 61050    |
---------------------------------
---------------------------------
| rollout/           |          |
|    ep_len_mean     | 52.6     |
|    ep_rew_mean     | -11.8    |
| time/              |          |
|    episodes        | 1324     |
|    fps             | 17       |
|    time_elapsed    | 4096     |
|    total_timesteps | 71360    |
| train/             |          |
|    actor_loss      | 0.0351   |
|    critic_loss     | 0.0322   |
|    ent_coef        | 0.00209  |
|    ent_coef_loss   | -0.286   |
|    learning_rate   | 0.0003   |
|    n_updates       | 61350    |
---------------------------------
---------------------------------
| rollout/           |          |
|    ep_len_mean     | 51.8     |
|    ep_rew_mean     | -18.7    |
| time/              |          |
|    episodes        | 1328     |
|    fps             | 17       |
|    time_elapsed    | 4101     |
|    total_timesteps | 71450    |
| train/             |          |
|    actor_loss      | 0.077    |
|    critic_loss     | 0.0378   |
|    ent_coef        | 0.00209  |
|    ent_coef_loss   | 1.11     |
|    learning_rate   | 0.0003   |
|    n_updates       | 61440    |
---------------------------------
---------------------------------
| rollout/           |          |
|    ep_len_mean     | 51.4     |
|    ep_rew_mean     | -23      |
| time/              |          |
|    episodes        | 1332     |
|    fps             | 17       |
|    time_elapsed    | 4105     |
|    total_timesteps | 71510    |
| train/             |          |
|    actor_loss      | 0.0628   |
|    critic_loss     | 0.0335   |
|    ent_coef        | 0.00212  |
|    ent_coef_loss   | 0.147    |
|    learning_rate   | 0.0003   |
|    n_updates       | 61500    |
---------------------------------
---------------------------------
| rollout/           |          |
|    ep_len_mean     | 50.6     |
|    ep_rew_mean     | -31.1    |
| time/              |          |
|    episodes        | 1336     |
|    fps             | 17       |
|    time_elapsed    | 4113     |
|    total_timesteps | 71660    |
| train/             |          |
|    actor_loss      | 0.11     |
|    critic_loss     | 0.0399   |
|    ent_coef        | 0.00216  |
|    ent_coef_loss   | 1.05     |
|    learning_rate   | 0.0003   |
|    n_updates       | 61650    |
---------------------------------
---------------------------------
| rollout/           |          |
|    ep_len_mean     | 50       |
|    ep_rew_mean     | -36.7    |
| time/              |          |
|    episodes        | 1340     |
|    fps             | 17       |
|    time_elapsed    | 4135     |
|    total_timesteps | 72030    |
| train/             |          |
|    actor_loss      | 0.123    |
|    critic_loss     | 0.0329   |
|    ent_coef        | 0.00216  |
|    ent_coef_loss   | 1.11     |
|    learning_rate   | 0.0003   |
|    n_updates       | 62020    |
---------------------------------
---------------------------------
| rollout/           |          |
|    ep_len_mean     | 49.7     |
|    ep_rew_mean     | -36.3    |
| time/              |          |
|    episodes        | 1344     |
|    fps             | 17       |
|    time_elapsed    | 4137     |
|    total_timesteps | 72070    |
| train/             |          |
|    actor_loss      | 0.118    |
|    critic_loss     | 0.0277   |
|    ent_coef        | 0.00218  |
|    ent_coef_loss   | 0.702    |
|    learning_rate   | 0.0003   |
|    n_updates       | 62060    |
---------------------------------
---------------------------------
| rollout/           |          |
|    ep_len_mean     | 49.7     |
|    ep_rew_mean     | -36.4    |
| time/              |          |
|    episodes        | 1348     |
|    fps             | 17       |
|    time_elapsed    | 4168     |
|    total_timesteps | 72600    |
| train/             |          |
|    actor_loss      | 0.103    |
|    critic_loss     | 0.0361   |
|    ent_coef        | 0.00225  |
|    ent_coef_loss   | -1       |
|    learning_rate   | 0.0003   |
|    n_updates       | 62590    |
---------------------------------
---------------------------------
| rollout/           |          |
|    ep_len_mean     | 49.7     |
|    ep_rew_mean     | -36.7    |
| time/              |          |
|    episodes        | 1352     |
|    fps             | 17       |
|    time_elapsed    | 4170     |
|    total_timesteps | 72630    |
| train/             |          |
|    actor_loss      | 0.19     |
|    critic_loss     | 0.044    |
|    ent_coef        | 0.00225  |
|    ent_coef_loss   | 1.71     |
|    learning_rate   | 0.0003   |
|    n_updates       | 62620    |
---------------------------------
---------------------------------
| rollout/           |          |
|    ep_len_mean     | 50.5     |
|    ep_rew_mean     | -38.3    |
| time/              |          |
|    episodes        | 1356     |
|    fps             | 17       |
|    time_elapsed    | 4181     |
|    total_timesteps | 72820    |
| train/             |          |
|    actor_loss      | 0.065    |
|    critic_loss     | 0.0335   |
|    ent_coef        | 0.00229  |
|    ent_coef_loss   | 1.13     |
|    learning_rate   | 0.0003   |
|    n_updates       | 62810    |
---------------------------------
---------------------------------
| rollout/           |          |
|    ep_len_mean     | 49.8     |
|    ep_rew_mean     | -46.3    |
| time/              |          |
|    episodes        | 1360     |
|    fps             | 17       |
|    time_elapsed    | 4197     |
|    total_timesteps | 73090    |
| train/             |          |
|    actor_loss      | 0.0828   |
|    critic_loss     | 0.0369   |
|    ent_coef        | 0.00233  |
|    ent_coef_loss   | -0.464   |
|    learning_rate   | 0.0003   |
|    n_updates       | 63080    |
---------------------------------
---------------------------------
| rollout/           |          |
|    ep_len_mean     | 49.1     |
|    ep_rew_mean     | -53.7    |
| time/              |          |
|    episodes        | 1364     |
|    fps             | 17       |
|    time_elapsed    | 4204     |
|    total_timesteps | 73210    |
| train/             |          |
|    actor_loss      | 0.103    |
|    critic_loss     | 0.0391   |
|    ent_coef        | 0.00232  |
|    ent_coef_loss   | -0.0337  |
|    learning_rate   | 0.0003   |
|    n_updates       | 63200    |
---------------------------------
---------------------------------
| rollout/           |          |
|    ep_len_mean     | 49       |
|    ep_rew_mean     | -53.5    |
| time/              |          |
|    episodes        | 1368     |
|    fps             | 17       |
|    time_elapsed    | 4214     |
|    total_timesteps | 73380    |
| train/             |          |
|    actor_loss      | 0.13     |
|    critic_loss     | 0.0457   |
|    ent_coef        | 0.00238  |
|    ent_coef_loss   | 0.644    |
|    learning_rate   | 0.0003   |
|    n_updates       | 63370    |
---------------------------------
---------------------------------
| rollout/           |          |
|    ep_len_mean     | 48.4     |
|    ep_rew_mean     | -61.5    |
| time/              |          |
|    episodes        | 1372     |
|    fps             | 17       |
|    time_elapsed    | 4226     |
|    total_timesteps | 73600    |
| train/             |          |
|    actor_loss      | 0.0451   |
|    critic_loss     | 0.0393   |
|    ent_coef        | 0.00237  |
|    ent_coef_loss   | -0.244   |
|    learning_rate   | 0.0003   |
|    n_updates       | 63590    |
---------------------------------
---------------------------------
| rollout/           |          |
|    ep_len_mean     | 48.9     |
|    ep_rew_mean     | -56.8    |
| time/              |          |
|    episodes        | 1376     |
|    fps             | 17       |
|    time_elapsed    | 4237     |
|    total_timesteps | 73770    |
| train/             |          |
|    actor_loss      | 0.105    |
|    critic_loss     | 0.0419   |
|    ent_coef        | 0.00237  |
|    ent_coef_loss   | 0.894    |
|    learning_rate   | 0.0003   |
|    n_updates       | 63760    |
---------------------------------
---------------------------------
| rollout/           |          |
|    ep_len_mean     | 48.8     |
|    ep_rew_mean     | -61.4    |
| time/              |          |
|    episodes        | 1380     |
|    fps             | 17       |
|    time_elapsed    | 4245     |
|    total_timesteps | 73920    |
| train/             |          |
|    actor_loss      | 0.0309   |
|    critic_loss     | 0.042    |
|    ent_coef        | 0.00239  |
|    ent_coef_loss   | 0.342    |
|    learning_rate   | 0.0003   |
|    n_updates       | 63910    |
---------------------------------
---------------------------------
| rollout/           |          |
|    ep_len_mean     | 48.7     |
|    ep_rew_mean     | -61.2    |
| time/              |          |
|    episodes        | 1384     |
|    fps             | 17       |
|    time_elapsed    | 4262     |
|    total_timesteps | 74210    |
| train/             |          |
|    actor_loss      | 0.0923   |
|    critic_loss     | 0.0409   |
|    ent_coef        | 0.00244  |
|    ent_coef_loss   | 0.597    |
|    learning_rate   | 0.0003   |
|    n_updates       | 64200    |
---------------------------------
---------------------------------
| rollout/           |          |
|    ep_len_mean     | 49.2     |
|    ep_rew_mean     | -52.3    |
| time/              |          |
|    episodes        | 1388     |
|    fps             | 17       |
|    time_elapsed    | 4271     |
|    total_timesteps | 74360    |
| train/             |          |
|    actor_loss      | 0.123    |
|    critic_loss     | 0.037    |
|    ent_coef        | 0.00244  |
|    ent_coef_loss   | -0.248   |
|    learning_rate   | 0.0003   |
|    n_updates       | 64350    |
---------------------------------
---------------------------------
| rollout/           |          |
|    ep_len_mean     | 49       |
|    ep_rew_mean     | -51.1    |
| time/              |          |
|    episodes        | 1392     |
|    fps             | 17       |
|    time_elapsed    | 4283     |
|    total_timesteps | 74570    |
| train/             |          |
|    actor_loss      | 0.181    |
|    critic_loss     | 0.0395   |
|    ent_coef        | 0.00238  |
|    ent_coef_loss   | 0.119    |
|    learning_rate   | 0.0003   |
|    n_updates       | 64560    |
---------------------------------
---------------------------------
| rollout/           |          |
|    ep_len_mean     | 48.9     |
|    ep_rew_mean     | -49.9    |
| time/              |          |
|    episodes        | 1396     |
|    fps             | 17       |
|    time_elapsed    | 4296     |
|    total_timesteps | 74790    |
| train/             |          |
|    actor_loss      | 0.106    |
|    critic_loss     | 0.0379   |
|    ent_coef        | 0.00236  |
|    ent_coef_loss   | -1.23    |
|    learning_rate   | 0.0003   |
|    n_updates       | 64780    |
---------------------------------
---------------------------------
| rollout/           |          |
|    ep_len_mean     | 48.7     |
|    ep_rew_mean     | -53.7    |
| time/              |          |
|    episodes        | 1400     |
|    fps             | 17       |
|    time_elapsed    | 4309     |
|    total_timesteps | 75020    |
| train/             |          |
|    actor_loss      | 0.0696   |
|    critic_loss     | 0.0395   |
|    ent_coef        | 0.00231  |
|    ent_coef_loss   | -0.63    |
|    learning_rate   | 0.0003   |
|    n_updates       | 65010    |
---------------------------------
---------------------------------
| rollout/           |          |
|    ep_len_mean     | 49       |
|    ep_rew_mean     | -49.8    |
| time/              |          |
|    episodes        | 1404     |
|    fps             | 17       |
|    time_elapsed    | 4319     |
|    total_timesteps | 75190    |
| train/             |          |
|    actor_loss      | 0.12     |
|    critic_loss     | 0.0398   |
|    ent_coef        | 0.0023   |
|    ent_coef_loss   | -0.659   |
|    learning_rate   | 0.0003   |
|    n_updates       | 65180    |
---------------------------------
---------------------------------
| rollout/           |          |
|    ep_len_mean     | 48.6     |
|    ep_rew_mean     | -53.3    |
| time/              |          |
|    episodes        | 1408     |
|    fps             | 17       |
|    time_elapsed    | 4330     |
|    total_timesteps | 75380    |
| train/             |          |
|    actor_loss      | 0.165    |
|    critic_loss     | 0.0337   |
|    ent_coef        | 0.00232  |
|    ent_coef_loss   | 0.608    |
|    learning_rate   | 0.0003   |
|    n_updates       | 65370    |
---------------------------------
---------------------------------
| rollout/           |          |
|    ep_len_mean     | 48.4     |
|    ep_rew_mean     | -57.5    |
| time/              |          |
|    episodes        | 1412     |
|    fps             | 17       |
|    time_elapsed    | 4343     |
|    total_timesteps | 75600    |
| train/             |          |
|    actor_loss      | 0.089    |
|    critic_loss     | 0.0363   |
|    ent_coef        | 0.00239  |
|    ent_coef_loss   | 1.23     |
|    learning_rate   | 0.0003   |
|    n_updates       | 65590    |
---------------------------------
---------------------------------
| rollout/           |          |
|    ep_len_mean     | 49       |
|    ep_rew_mean     | -53.7    |
| time/              |          |
|    episodes        | 1416     |
|    fps             | 17       |
|    time_elapsed    | 4356     |
|    total_timesteps | 75810    |
| train/             |          |
|    actor_loss      | 0.0399   |
|    critic_loss     | 0.0332   |
|    ent_coef        | 0.00248  |
|    ent_coef_loss   | 1.54     |
|    learning_rate   | 0.0003   |
|    n_updates       | 65800    |
---------------------------------
---------------------------------
| rollout/           |          |
|    ep_len_mean     | 49.4     |
|    ep_rew_mean     | -49.6    |
| time/              |          |
|    episodes        | 1420     |
|    fps             | 17       |
|    time_elapsed    | 4368     |
|    total_timesteps | 76020    |
| train/             |          |
|    actor_loss      | 0.119    |
|    critic_loss     | 0.035    |
|    ent_coef        | 0.00248  |
|    ent_coef_loss   | 0.32     |
|    learning_rate   | 0.0003   |
|    n_updates       | 66010    |
---------------------------------
---------------------------------
| rollout/           |          |
|    ep_len_mean     | 49.5     |
|    ep_rew_mean     | -49.1    |
| time/              |          |
|    episodes        | 1424     |
|    fps             | 17       |
|    time_elapsed    | 4380     |
|    total_timesteps | 76220    |
| train/             |          |
|    actor_loss      | 0.0997   |
|    critic_loss     | 0.0378   |
|    ent_coef        | 0.00246  |
|    ent_coef_loss   | -0.747   |
|    learning_rate   | 0.0003   |
|    n_updates       | 66210    |
---------------------------------
---------------------------------
| rollout/           |          |
|    ep_len_mean     | 49.5     |
|    ep_rew_mean     | -49.2    |
| time/              |          |
|    episodes        | 1428     |
|    fps             | 17       |
|    time_elapsed    | 4385     |
|    total_timesteps | 76310    |
| train/             |          |
|    actor_loss      | 0.0406   |
|    critic_loss     | 0.0284   |
|    ent_coef        | 0.00243  |
|    ent_coef_loss   | -0.127   |
|    learning_rate   | 0.0003   |
|    n_updates       | 66300    |
---------------------------------
---------------------------------
| rollout/           |          |
|    ep_len_mean     | 49.4     |
|    ep_rew_mean     | -48.3    |
| time/              |          |
|    episodes        | 1432     |
|    fps             | 17       |
|    time_elapsed    | 4399     |
|    total_timesteps | 76550    |
| train/             |          |
|    actor_loss      | 0.0396   |
|    critic_loss     | 0.0347   |
|    ent_coef        | 0.00244  |
|    ent_coef_loss   | -0.0579  |
|    learning_rate   | 0.0003   |
|    n_updates       | 66540    |
---------------------------------
---------------------------------
| rollout/           |          |
|    ep_len_mean     | 50.4     |
|    ep_rew_mean     | -36.2    |
| time/              |          |
|    episodes        | 1436     |
|    fps             | 17       |
|    time_elapsed    | 4414     |
|    total_timesteps | 76810    |
| train/             |          |
|    actor_loss      | 0.14     |
|    critic_loss     | 0.0398   |
|    ent_coef        | 0.00244  |
|    ent_coef_loss   | 0.135    |
|    learning_rate   | 0.0003   |
|    n_updates       | 66800    |
---------------------------------
---------------------------------
| rollout/           |          |
|    ep_len_mean     | 50.7     |
|    ep_rew_mean     | -32.5    |
| time/              |          |
|    episodes        | 1440     |
|    fps             | 17       |
|    time_elapsed    | 4430     |
|    total_timesteps | 77080    |
| train/             |          |
|    actor_loss      | 0.0375   |
|    critic_loss     | 0.0304   |
|    ent_coef        | 0.00242  |
|    ent_coef_loss   | -0.875   |
|    learning_rate   | 0.0003   |
|    n_updates       | 67070    |
---------------------------------
---------------------------------
| rollout/           |          |
|    ep_len_mean     | 50.5     |
|    ep_rew_mean     | -36.4    |
| time/              |          |
|    episodes        | 1444     |
|    fps             | 17       |
|    time_elapsed    | 4441     |
|    total_timesteps | 77260    |
| train/             |          |
|    actor_loss      | 0.081    |
|    critic_loss     | 0.04     |
|    ent_coef        | 0.00246  |
|    ent_coef_loss   | 0.93     |
|    learning_rate   | 0.0003   |
|    n_updates       | 67250    |
---------------------------------
---------------------------------
| rollout/           |          |
|    ep_len_mean     | 50.2     |
|    ep_rew_mean     | -40.9    |
| time/              |          |
|    episodes        | 1448     |
|    fps             | 17       |
|    time_elapsed    | 4451     |
|    total_timesteps | 77430    |
| train/             |          |
|    actor_loss      | 0.0793   |
|    critic_loss     | 0.0362   |
|    ent_coef        | 0.00245  |
|    ent_coef_loss   | 0.0983   |
|    learning_rate   | 0.0003   |
|    n_updates       | 67420    |
---------------------------------
---------------------------------
| rollout/           |          |
|    ep_len_mean     | 49.9     |
|    ep_rew_mean     | -45.4    |
| time/              |          |
|    episodes        | 1452     |
|    fps             | 17       |
|    time_elapsed    | 4462     |
|    total_timesteps | 77610    |
| train/             |          |
|    actor_loss      | 0.0831   |
|    critic_loss     | 0.0346   |
|    ent_coef        | 0.00242  |
|    ent_coef_loss   | 0.398    |
|    learning_rate   | 0.0003   |
|    n_updates       | 67600    |
---------------------------------
---------------------------------
| rollout/           |          |
|    ep_len_mean     | 48.9     |
|    ep_rew_mean     | -47.6    |
| time/              |          |
|    episodes        | 1456     |
|    fps             | 17       |
|    time_elapsed    | 4470     |
|    total_timesteps | 77740    |
| train/             |          |
|    actor_loss      | 0.0964   |
|    critic_loss     | 0.041    |
|    ent_coef        | 0.00244  |
|    ent_coef_loss   | 0.549    |
|    learning_rate   | 0.0003   |
|    n_updates       | 67730    |
---------------------------------
---------------------------------
| rollout/           |          |
|    ep_len_mean     | 49.3     |
|    ep_rew_mean     | -39.1    |
| time/              |          |
|    episodes        | 1460     |
|    fps             | 17       |
|    time_elapsed    | 4486     |
|    total_timesteps | 78010    |
| train/             |          |
|    actor_loss      | 0.0882   |
|    critic_loss     | 0.0296   |
|    ent_coef        | 0.00245  |
|    ent_coef_loss   | -0.938   |
|    learning_rate   | 0.0003   |
|    n_updates       | 68000    |
---------------------------------
---------------------------------
| rollout/           |          |
|    ep_len_mean     | 50.1     |
|    ep_rew_mean     | -31.4    |
| time/              |          |
|    episodes        | 1464     |
|    fps             | 17       |
|    time_elapsed    | 4495     |
|    total_timesteps | 78170    |
| train/             |          |
|    actor_loss      | 0.0949   |
|    critic_loss     | 0.0388   |
|    ent_coef        | 0.00239  |
|    ent_coef_loss   | -0.958   |
|    learning_rate   | 0.0003   |
|    n_updates       | 68160    |
---------------------------------
---------------------------------
| rollout/           |          |
|    ep_len_mean     | 50.2     |
|    ep_rew_mean     | -31.4    |
| time/              |          |
|    episodes        | 1468     |
|    fps             | 17       |
|    time_elapsed    | 4510     |
|    total_timesteps | 78420    |
| train/             |          |
|    actor_loss      | 0.048    |
|    critic_loss     | 0.0444   |
|    ent_coef        | 0.00232  |
|    ent_coef_loss   | -0.106   |
|    learning_rate   | 0.0003   |
|    n_updates       | 68410    |
---------------------------------
---------------------------------
| rollout/           |          |
|    ep_len_mean     | 50.4     |
|    ep_rew_mean     | -27.4    |
| time/              |          |
|    episodes        | 1472     |
|    fps             | 17       |
|    time_elapsed    | 4518     |
|    total_timesteps | 78560    |
| train/             |          |
|    actor_loss      | 0.0595   |
|    critic_loss     | 0.0386   |
|    ent_coef        | 0.00229  |
|    ent_coef_loss   | -0.937   |
|    learning_rate   | 0.0003   |
|    n_updates       | 68550    |
---------------------------------
---------------------------------
| rollout/           |          |
|    ep_len_mean     | 50.6     |
|    ep_rew_mean     | -23.9    |
| time/              |          |
|    episodes        | 1476     |
|    fps             | 17       |
|    time_elapsed    | 4538     |
|    total_timesteps | 78880    |
| train/             |          |
|    actor_loss      | 0.0545   |
|    critic_loss     | 0.0404   |
|    ent_coef        | 0.00225  |
|    ent_coef_loss   | 1.11     |
|    learning_rate   | 0.0003   |
|    n_updates       | 68870    |
---------------------------------
---------------------------------
| rollout/           |          |
|    ep_len_mean     | 50.5     |
|    ep_rew_mean     | -23.7    |
| time/              |          |
|    episodes        | 1480     |
|    fps             | 17       |
|    time_elapsed    | 4548     |
|    total_timesteps | 79030    |
| train/             |          |
|    actor_loss      | 0.0309   |
|    critic_loss     | 0.0373   |
|    ent_coef        | 0.00225  |
|    ent_coef_loss   | -0.209   |
|    learning_rate   | 0.0003   |
|    n_updates       | 69020    |
---------------------------------
---------------------------------
| rollout/           |          |
|    ep_len_mean     | 50.7     |
|    ep_rew_mean     | -23.4    |
| time/              |          |
|    episodes        | 1484     |
|    fps             | 17       |
|    time_elapsed    | 4560     |
|    total_timesteps | 79240    |
| train/             |          |
|    actor_loss      | 0.045    |
|    critic_loss     | 0.0342   |
|    ent_coef        | 0.0023   |
|    ent_coef_loss   | 0.00604  |
|    learning_rate   | 0.0003   |
|    n_updates       | 69230    |
---------------------------------
---------------------------------
| rollout/           |          |
|    ep_len_mean     | 50.4     |
|    ep_rew_mean     | -27.4    |
| time/              |          |
|    episodes        | 1488     |
|    fps             | 17       |
|    time_elapsed    | 4567     |
|    total_timesteps | 79350    |
| train/             |          |
|    actor_loss      | 0.0947   |
|    critic_loss     | 0.0411   |
|    ent_coef        | 0.00231  |
|    ent_coef_loss   | 0.392    |
|    learning_rate   | 0.0003   |
|    n_updates       | 69340    |
---------------------------------
---------------------------------
| rollout/           |          |
|    ep_len_mean     | 49.8     |
|    ep_rew_mean     | -39.9    |
| time/              |          |
|    episodes        | 1492     |
|    fps             | 17       |
|    time_elapsed    | 4579     |
|    total_timesteps | 79540    |
| train/             |          |
|    actor_loss      | 0.118    |
|    critic_loss     | 0.0346   |
|    ent_coef        | 0.00234  |
|    ent_coef_loss   | -0.552   |
|    learning_rate   | 0.0003   |
|    n_updates       | 69530    |
---------------------------------
---------------------------------
| rollout/           |          |
|    ep_len_mean     | 49.8     |
|    ep_rew_mean     | -40      |
| time/              |          |
|    episodes        | 1496     |
|    fps             | 17       |
|    time_elapsed    | 4598     |
|    total_timesteps | 79870    |
| train/             |          |
|    actor_loss      | -0.0168  |
|    critic_loss     | 0.0378   |
|    ent_coef        | 0.00234  |
|    ent_coef_loss   | -0.149   |
|    learning_rate   | 0.0003   |
|    n_updates       | 69860    |
---------------------------------
---------------------------------
| rollout/           |          |
|    ep_len_mean     | 49.5     |
|    ep_rew_mean     | -44.5    |
| time/              |          |
|    episodes        | 1500     |
|    fps             | 17       |
|    time_elapsed    | 4602     |
|    total_timesteps | 79930    |
| train/             |          |
|    actor_loss      | 0.113    |
|    critic_loss     | 0.0302   |
|    ent_coef        | 0.00235  |
|    ent_coef_loss   | -0.246   |
|    learning_rate   | 0.0003   |
|    n_updates       | 69920    |
---------------------------------
---------------------------------
| rollout/           |          |
|    ep_len_mean     | 49.8     |
|    ep_rew_mean     | -40.4    |
| time/              |          |
|    episodes        | 1504     |
|    fps             | 17       |
|    time_elapsed    | 4619     |
|    total_timesteps | 80220    |
| train/             |          |
|    actor_loss      | 0.0991   |
|    critic_loss     | 0.0383   |
|    ent_coef        | 0.00227  |
|    ent_coef_loss   | 0.0522   |
|    learning_rate   | 0.0003   |
|    n_updates       | 70210    |
---------------------------------
---------------------------------
| rollout/           |          |
|    ep_len_mean     | 49.8     |
|    ep_rew_mean     | -44.5    |
| time/              |          |
|    episodes        | 1508     |
|    fps             | 17       |
|    time_elapsed    | 4631     |
|    total_timesteps | 80440    |
| train/             |          |
|    actor_loss      | 0.0369   |
|    critic_loss     | 0.041    |
|    ent_coef        | 0.00228  |
|    ent_coef_loss   | 0.25     |
|    learning_rate   | 0.0003   |
|    n_updates       | 70430    |
---------------------------------
---------------------------------
| rollout/           |          |
|    ep_len_mean     | 50.5     |
|    ep_rew_mean     | -36.3    |
| time/              |          |
|    episodes        | 1512     |
|    fps             | 17       |
|    time_elapsed    | 4642     |
|    total_timesteps | 80630    |
| train/             |          |
|    actor_loss      | 0.0338   |
|    critic_loss     | 0.0398   |
|    ent_coef        | 0.00227  |
|    ent_coef_loss   | 0.00174  |
|    learning_rate   | 0.0003   |
|    n_updates       | 70620    |
---------------------------------
---------------------------------
| rollout/           |          |
|    ep_len_mean     | 49.9     |
|    ep_rew_mean     | -40.1    |
| time/              |          |
|    episodes        | 1516     |
|    fps             | 17       |
|    time_elapsed    | 4652     |
|    total_timesteps | 80790    |
| train/             |          |
|    actor_loss      | 0.0396   |
|    critic_loss     | 0.0375   |
|    ent_coef        | 0.00232  |
|    ent_coef_loss   | -0.289   |
|    learning_rate   | 0.0003   |
|    n_updates       | 70780    |
---------------------------------
---------------------------------
| rollout/           |          |
|    ep_len_mean     | 49.7     |
|    ep_rew_mean     | -40.1    |
| time/              |          |
|    episodes        | 1520     |
|    fps             | 17       |
|    time_elapsed    | 4664     |
|    total_timesteps | 81000    |
| train/             |          |
|    actor_loss      | 0.00741  |
|    critic_loss     | 0.0345   |
|    ent_coef        | 0.00231  |
|    ent_coef_loss   | 0.11     |
|    learning_rate   | 0.0003   |
|    n_updates       | 70990    |
---------------------------------
---------------------------------
| rollout/           |          |
|    ep_len_mean     | 50       |
|    ep_rew_mean     | -36.2    |
| time/              |          |
|    episodes        | 1524     |
|    fps             | 17       |
|    time_elapsed    | 4671     |
|    total_timesteps | 81120    |
| train/             |          |
|    actor_loss      | 0.0041   |
|    critic_loss     | 0.0482   |
|    ent_coef        | 0.00233  |
|    ent_coef_loss   | -0.256   |
|    learning_rate   | 0.0003   |
|    n_updates       | 71110    |
---------------------------------
---------------------------------
| rollout/           |          |
|    ep_len_mean     | 49.8     |
|    ep_rew_mean     | -36.6    |
| time/              |          |
|    episodes        | 1528     |
|    fps             | 17       |
|    time_elapsed    | 4686     |
|    total_timesteps | 81390    |
| train/             |          |
|    actor_loss      | -0.00926 |
|    critic_loss     | 0.0266   |
|    ent_coef        | 0.00233  |
|    ent_coef_loss   | -0.572   |
|    learning_rate   | 0.0003   |
|    n_updates       | 71380    |
---------------------------------
---------------------------------
| rollout/           |          |
|    ep_len_mean     | 50.3     |
|    ep_rew_mean     | -28.9    |
| time/              |          |
|    episodes        | 1532     |
|    fps             | 17       |
|    time_elapsed    | 4701     |
|    total_timesteps | 81640    |
| train/             |          |
|    actor_loss      | 0.0343   |
|    critic_loss     | 0.0354   |
|    ent_coef        | 0.00235  |
|    ent_coef_loss   | 0.554    |
|    learning_rate   | 0.0003   |
|    n_updates       | 71630    |
---------------------------------
---------------------------------
| rollout/           |          |
|    ep_len_mean     | 49.6     |
|    ep_rew_mean     | -36.8    |
| time/              |          |
|    episodes        | 1536     |
|    fps             | 17       |
|    time_elapsed    | 4708     |
|    total_timesteps | 81750    |
| train/             |          |
|    actor_loss      | -0.00367 |
|    critic_loss     | 0.0315   |
|    ent_coef        | 0.00236  |
|    ent_coef_loss   | 0.711    |
|    learning_rate   | 0.0003   |
|    n_updates       | 71740    |
---------------------------------
---------------------------------
| rollout/           |          |
|    ep_len_mean     | 49.7     |
|    ep_rew_mean     | -33.1    |
| time/              |          |
|    episodes        | 1540     |
|    fps             | 17       |
|    time_elapsed    | 4721     |
|    total_timesteps | 81990    |
| train/             |          |
|    actor_loss      | 0.044    |
|    critic_loss     | 0.0381   |
|    ent_coef        | 0.00237  |
|    ent_coef_loss   | -0.24    |
|    learning_rate   | 0.0003   |
|    n_updates       | 71980    |
---------------------------------
---------------------------------
| rollout/           |          |
|    ep_len_mean     | 50       |
|    ep_rew_mean     | -29.2    |
| time/              |          |
|    episodes        | 1544     |
|    fps             | 17       |
|    time_elapsed    | 4736     |
|    total_timesteps | 82230    |
| train/             |          |
|    actor_loss      | 0.0164   |
|    critic_loss     | 0.0375   |
|    ent_coef        | 0.00232  |
|    ent_coef_loss   | 0.482    |
|    learning_rate   | 0.0003   |
|    n_updates       | 72220    |
---------------------------------
---------------------------------
| rollout/           |          |
|    ep_len_mean     | 50.3     |
|    ep_rew_mean     | -25.5    |
| time/              |          |
|    episodes        | 1548     |
|    fps             | 17       |
|    time_elapsed    | 4751     |
|    total_timesteps | 82500    |
| train/             |          |
|    actor_loss      | 0.0712   |
|    critic_loss     | 0.0416   |
|    ent_coef        | 0.00243  |
|    ent_coef_loss   | 0.127    |
|    learning_rate   | 0.0003   |
|    n_updates       | 72490    |
---------------------------------
---------------------------------
| rollout/           |          |
|    ep_len_mean     | 50.8     |
|    ep_rew_mean     | -21.5    |
| time/              |          |
|    episodes        | 1552     |
|    fps             | 17       |
|    time_elapsed    | 4766     |
|    total_timesteps | 82750    |
| train/             |          |
|    actor_loss      | 0.0468   |
|    critic_loss     | 0.0423   |
|    ent_coef        | 0.00241  |
|    ent_coef_loss   | 0.313    |
|    learning_rate   | 0.0003   |
|    n_updates       | 72740    |
---------------------------------
---------------------------------
| rollout/           |          |
|    ep_len_mean     | 51.5     |
|    ep_rew_mean     | -13.3    |
| time/              |          |
|    episodes        | 1556     |
|    fps             | 17       |
|    time_elapsed    | 4774     |
|    total_timesteps | 82880    |
| train/             |          |
|    actor_loss      | 0.0214   |
|    critic_loss     | 0.0362   |
|    ent_coef        | 0.00241  |
|    ent_coef_loss   | -0.659   |
|    learning_rate   | 0.0003   |
|    n_updates       | 72870    |
---------------------------------
---------------------------------
| rollout/           |          |
|    ep_len_mean     | 51.1     |
|    ep_rew_mean     | -17.8    |
| time/              |          |
|    episodes        | 1560     |
|    fps             | 17       |
|    time_elapsed    | 4786     |
|    total_timesteps | 83070    |
| train/             |          |
|    actor_loss      | -0.007   |
|    critic_loss     | 0.0289   |
|    ent_coef        | 0.00235  |
|    ent_coef_loss   | -1.1     |
|    learning_rate   | 0.0003   |
|    n_updates       | 73060    |
---------------------------------
---------------------------------
| rollout/           |          |
|    ep_len_mean     | 50.9     |
|    ep_rew_mean     | -17.6    |
| time/              |          |
|    episodes        | 1564     |
|    fps             | 17       |
|    time_elapsed    | 4803     |
|    total_timesteps | 83360    |
| train/             |          |
|    actor_loss      | -0.00652 |
|    critic_loss     | 0.0395   |
|    ent_coef        | 0.00227  |
|    ent_coef_loss   | -0.115   |
|    learning_rate   | 0.0003   |
|    n_updates       | 73350    |
---------------------------------
---------------------------------
| rollout/           |          |
|    ep_len_mean     | 51.2     |
|    ep_rew_mean     | -13.5    |
| time/              |          |
|    episodes        | 1568     |
|    fps             | 17       |
|    time_elapsed    | 4808     |
|    total_timesteps | 83460    |
| train/             |          |
|    actor_loss      | -0.0157  |
|    critic_loss     | 0.0393   |
|    ent_coef        | 0.00226  |
|    ent_coef_loss   | -0.403   |
|    learning_rate   | 0.0003   |
|    n_updates       | 73450    |
---------------------------------
---------------------------------
| rollout/           |          |
|    ep_len_mean     | 51.3     |
|    ep_rew_mean     | -12.9    |
| time/              |          |
|    episodes        | 1572     |
|    fps             | 17       |
|    time_elapsed    | 4823     |
|    total_timesteps | 83710    |
| train/             |          |
|    actor_loss      | 0.0276   |
|    critic_loss     | 0.032    |
|    ent_coef        | 0.00224  |
|    ent_coef_loss   | -0.0716  |
|    learning_rate   | 0.0003   |
|    n_updates       | 73700    |
---------------------------------
---------------------------------
| rollout/           |          |
|    ep_len_mean     | 51.4     |
|    ep_rew_mean     | -9.42    |
| time/              |          |
|    episodes        | 1576     |
|    fps             | 17       |
|    time_elapsed    | 4838     |
|    total_timesteps | 83960    |
| train/             |          |
|    actor_loss      | -0.0137  |
|    critic_loss     | 0.0394   |
|    ent_coef        | 0.0023   |
|    ent_coef_loss   | -0.782   |
|    learning_rate   | 0.0003   |
|    n_updates       | 73950    |
---------------------------------
---------------------------------
| rollout/           |          |
|    ep_len_mean     | 51.4     |
|    ep_rew_mean     | -9.75    |
| time/              |          |
|    episodes        | 1580     |
|    fps             | 17       |
|    time_elapsed    | 4855     |
|    total_timesteps | 84240    |
| train/             |          |
|    actor_loss      | 0.0109   |
|    critic_loss     | 0.0343   |
|    ent_coef        | 0.00236  |
|    ent_coef_loss   | -0.0648  |
|    learning_rate   | 0.0003   |
|    n_updates       | 74230    |
---------------------------------
---------------------------------
| rollout/           |          |
|    ep_len_mean     | 51.5     |
|    ep_rew_mean     | -9.55    |
| time/              |          |
|    episodes        | 1584     |
|    fps             | 17       |
|    time_elapsed    | 4862     |
|    total_timesteps | 84360    |
| train/             |          |
|    actor_loss      | 0.0807   |
|    critic_loss     | 0.0314   |
|    ent_coef        | 0.00236  |
|    ent_coef_loss   | 0.406    |
|    learning_rate   | 0.0003   |
|    n_updates       | 74350    |
---------------------------------
---------------------------------
| rollout/           |          |
|    ep_len_mean     | 52.2     |
|    ep_rew_mean     | -1.63    |
| time/              |          |
|    episodes        | 1588     |
|    fps             | 17       |
|    time_elapsed    | 4878     |
|    total_timesteps | 84620    |
| train/             |          |
|    actor_loss      | -0.0492  |
|    critic_loss     | 0.032    |
|    ent_coef        | 0.00238  |
|    ent_coef_loss   | -0.364   |
|    learning_rate   | 0.0003   |
|    n_updates       | 74610    |
---------------------------------
---------------------------------
| rollout/           |          |
|    ep_len_mean     | 53       |
|    ep_rew_mean     | 13.9     |
| time/              |          |
|    episodes        | 1592     |
|    fps             | 17       |
|    time_elapsed    | 4898     |
|    total_timesteps | 84900    |
| train/             |          |
|    actor_loss      | -0.0203  |
|    critic_loss     | 0.0316   |
|    ent_coef        | 0.00237  |
|    ent_coef_loss   | -0.536   |
|    learning_rate   | 0.0003   |
|    n_updates       | 74890    |
---------------------------------
---------------------------------
| rollout/           |          |
|    ep_len_mean     | 53       |
|    ep_rew_mean     | 13.3     |
| time/              |          |
|    episodes        | 1596     |
|    fps             | 17       |
|    time_elapsed    | 4910     |
|    total_timesteps | 85060    |
| train/             |          |
|    actor_loss      | 0.0788   |
|    critic_loss     | 0.0362   |
|    ent_coef        | 0.00237  |
|    ent_coef_loss   | -0.0724  |
|    learning_rate   | 0.0003   |
|    n_updates       | 75050    |
---------------------------------
---------------------------------
| rollout/           |          |
|    ep_len_mean     | 53.2     |
|    ep_rew_mean     | 12.9     |
| time/              |          |
|    episodes        | 1600     |
|    fps             | 17       |
|    time_elapsed    | 4931     |
|    total_timesteps | 85350    |
| train/             |          |
|    actor_loss      | 0.041    |
|    critic_loss     | 0.0445   |
|    ent_coef        | 0.00239  |
|    ent_coef_loss   | 0.0668   |
|    learning_rate   | 0.0003   |
|    n_updates       | 75340    |
---------------------------------
---------------------------------
| rollout/           |          |
|    ep_len_mean     | 53.2     |
|    ep_rew_mean     | 12.5     |
| time/              |          |
|    episodes        | 1604     |
|    fps             | 17       |
|    time_elapsed    | 4945     |
|    total_timesteps | 85560    |
| train/             |          |
|    actor_loss      | -0.0192  |
|    critic_loss     | 0.0334   |
|    ent_coef        | 0.00235  |
|    ent_coef_loss   | -0.0786  |
|    learning_rate   | 0.0003   |
|    n_updates       | 75550    |
---------------------------------
---------------------------------
| rollout/           |          |
|    ep_len_mean     | 53.5     |
|    ep_rew_mean     | 19       |
| time/              |          |
|    episodes        | 1608     |
|    fps             | 17       |
|    time_elapsed    | 4959     |
|    total_timesteps | 85760    |
| train/             |          |
|    actor_loss      | 0.00813  |
|    critic_loss     | 0.0319   |
|    ent_coef        | 0.0023   |
|    ent_coef_loss   | -0.383   |
|    learning_rate   | 0.0003   |
|    n_updates       | 75750    |
---------------------------------
---------------------------------
| rollout/           |          |
|    ep_len_mean     | 53.2     |
|    ep_rew_mean     | 19.1     |
| time/              |          |
|    episodes        | 1612     |
|    fps             | 17       |
|    time_elapsed    | 4976     |
|    total_timesteps | 85980    |
| train/             |          |
|    actor_loss      | -0.0121  |
|    critic_loss     | 0.0412   |
|    ent_coef        | 0.0023   |
|    ent_coef_loss   | 0.387    |
|    learning_rate   | 0.0003   |
|    n_updates       | 75970    |
---------------------------------
---------------------------------
| rollout/           |          |
|    ep_len_mean     | 54.6     |
|    ep_rew_mean     | 30       |
| time/              |          |
|    episodes        | 1616     |
|    fps             | 17       |
|    time_elapsed    | 4990     |
|    total_timesteps | 86190    |
| train/             |          |
|    actor_loss      | -0.02    |
|    critic_loss     | 0.0332   |
|    ent_coef        | 0.00234  |
|    ent_coef_loss   | -0.555   |
|    learning_rate   | 0.0003   |
|    n_updates       | 76180    |
---------------------------------
---------------------------------
| rollout/           |          |
|    ep_len_mean     | 54.1     |
|    ep_rew_mean     | 25.5     |
| time/              |          |
|    episodes        | 1620     |
|    fps             | 17       |
|    time_elapsed    | 5006     |
|    total_timesteps | 86460    |
| train/             |          |
|    actor_loss      | -0.0188  |
|    critic_loss     | 0.0356   |
|    ent_coef        | 0.00235  |
|    ent_coef_loss   | -0.633   |
|    learning_rate   | 0.0003   |
|    n_updates       | 76450    |
---------------------------------
---------------------------------
| rollout/           |          |
|    ep_len_mean     | 54       |
|    ep_rew_mean     | 25.6     |
| time/              |          |
|    episodes        | 1624     |
|    fps             | 17       |
|    time_elapsed    | 5012     |
|    total_timesteps | 86570    |
| train/             |          |
|    actor_loss      | -0.0832  |
|    critic_loss     | 0.0307   |
|    ent_coef        | 0.00232  |
|    ent_coef_loss   | -0.0345  |
|    learning_rate   | 0.0003   |
|    n_updates       | 76560    |
---------------------------------
---------------------------------
| rollout/           |          |
|    ep_len_mean     | 54.3     |
|    ep_rew_mean     | 26.1     |
| time/              |          |
|    episodes        | 1628     |
|    fps             | 17       |
|    time_elapsed    | 5031     |
|    total_timesteps | 86890    |
| train/             |          |
|    actor_loss      | -0.0187  |
|    critic_loss     | 0.0322   |
|    ent_coef        | 0.00237  |
|    ent_coef_loss   | 0.086    |
|    learning_rate   | 0.0003   |
|    n_updates       | 76880    |
---------------------------------
---------------------------------
| rollout/           |          |
|    ep_len_mean     | 53.7     |
|    ep_rew_mean     | 17.7     |
| time/              |          |
|    episodes        | 1632     |
|    fps             | 17       |
|    time_elapsed    | 5037     |
|    total_timesteps | 86990    |
| train/             |          |
|    actor_loss      | -0.0503  |
|    critic_loss     | 0.034    |
|    ent_coef        | 0.00236  |
|    ent_coef_loss   | -0.235   |
|    learning_rate   | 0.0003   |
|    n_updates       | 76980    |
---------------------------------
---------------------------------
| rollout/           |          |
|    ep_len_mean     | 54.6     |
|    ep_rew_mean     | 26.6     |
| time/              |          |
|    episodes        | 1636     |
|    fps             | 17       |
|    time_elapsed    | 5045     |
|    total_timesteps | 87120    |
| train/             |          |
|    actor_loss      | -0.0196  |
|    critic_loss     | 0.0353   |
|    ent_coef        | 0.00238  |
|    ent_coef_loss   | 0.619    |
|    learning_rate   | 0.0003   |
|    n_updates       | 77110    |
---------------------------------
---------------------------------
| rollout/           |          |
|    ep_len_mean     | 54.5     |
|    ep_rew_mean     | 26.4     |
| time/              |          |
|    episodes        | 1640     |
|    fps             | 17       |
|    time_elapsed    | 5064     |
|    total_timesteps | 87440    |
| train/             |          |
|    actor_loss      | 0.0415   |
|    critic_loss     | 0.0346   |
|    ent_coef        | 0.00233  |
|    ent_coef_loss   | 0.279    |
|    learning_rate   | 0.0003   |
|    n_updates       | 77430    |
---------------------------------
---------------------------------
| rollout/           |          |
|    ep_len_mean     | 54.2     |
|    ep_rew_mean     | 22.2     |
| time/              |          |
|    episodes        | 1644     |
|    fps             | 17       |
|    time_elapsed    | 5076     |
|    total_timesteps | 87630    |
| train/             |          |
|    actor_loss      | -0.0154  |
|    critic_loss     | 0.0409   |
|    ent_coef        | 0.0023   |
|    ent_coef_loss   | -0.479   |
|    learning_rate   | 0.0003   |
|    n_updates       | 77620    |
---------------------------------
---------------------------------
| rollout/           |          |
|    ep_len_mean     | 53.8     |
|    ep_rew_mean     | 8.92     |
| time/              |          |
|    episodes        | 1648     |
|    fps             | 17       |
|    time_elapsed    | 5094     |
|    total_timesteps | 87860    |
| train/             |          |
|    actor_loss      | -0.0124  |
|    critic_loss     | 0.0286   |
|    ent_coef        | 0.0023   |
|    ent_coef_loss   | 0.193    |
|    learning_rate   | 0.0003   |
|    n_updates       | 77850    |
---------------------------------
---------------------------------
| rollout/           |          |
|    ep_len_mean     | 53.5     |
|    ep_rew_mean     | 5.49     |
| time/              |          |
|    episodes        | 1652     |
|    fps             | 17       |
|    time_elapsed    | 5107     |
|    total_timesteps | 88050    |
| train/             |          |
|    actor_loss      | 0.0634   |
|    critic_loss     | 0.0338   |
|    ent_coef        | 0.0023   |
|    ent_coef_loss   | -0.313   |
|    learning_rate   | 0.0003   |
|    n_updates       | 78040    |
---------------------------------
---------------------------------
| rollout/           |          |
|    ep_len_mean     | 53.1     |
|    ep_rew_mean     | 1.21     |
| time/              |          |
|    episodes        | 1656     |
|    fps             | 17       |
|    time_elapsed    | 5123     |
|    total_timesteps | 88270    |
| train/             |          |
|    actor_loss      | 0.0143   |
|    critic_loss     | 0.0384   |
|    ent_coef        | 0.00229  |
|    ent_coef_loss   | 1.27     |
|    learning_rate   | 0.0003   |
|    n_updates       | 78260    |
---------------------------------
---------------------------------
| rollout/           |          |
|    ep_len_mean     | 53.7     |
|    ep_rew_mean     | 5.86     |
| time/              |          |
|    episodes        | 1660     |
|    fps             | 17       |
|    time_elapsed    | 5136     |
|    total_timesteps | 88450    |
| train/             |          |
|    actor_loss      | -0.0152  |
|    critic_loss     | 0.0428   |
|    ent_coef        | 0.00237  |
|    ent_coef_loss   | -0.617   |
|    learning_rate   | 0.0003   |
|    n_updates       | 78440    |
---------------------------------
---------------------------------
| rollout/           |          |
|    ep_len_mean     | 53.7     |
|    ep_rew_mean     | 5.96     |
| time/              |          |
|    episodes        | 1664     |
|    fps             | 17       |
|    time_elapsed    | 5151     |
|    total_timesteps | 88650    |
| train/             |          |
|    actor_loss      | -0.0493  |
|    critic_loss     | 0.0285   |
|    ent_coef        | 0.00237  |
|    ent_coef_loss   | 0.556    |
|    learning_rate   | 0.0003   |
|    n_updates       | 78640    |
---------------------------------
---------------------------------
| rollout/           |          |
|    ep_len_mean     | 53.8     |
|    ep_rew_mean     | 6.08     |
| time/              |          |
|    episodes        | 1668     |
|    fps             | 17       |
|    time_elapsed    | 5165     |
|    total_timesteps | 88860    |
| train/             |          |
|    actor_loss      | -0.0367  |
|    critic_loss     | 0.0453   |
|    ent_coef        | 0.00239  |
|    ent_coef_loss   | 0.0807   |
|    learning_rate   | 0.0003   |
|    n_updates       | 78850    |
---------------------------------
---------------------------------
| rollout/           |          |
|    ep_len_mean     | 53.7     |
|    ep_rew_mean     | 5.52     |
| time/              |          |
|    episodes        | 1672     |
|    fps             | 17       |
|    time_elapsed    | 5177     |
|    total_timesteps | 89030    |
| train/             |          |
|    actor_loss      | -0.107   |
|    critic_loss     | 0.0302   |
|    ent_coef        | 0.00239  |
|    ent_coef_loss   | -0.96    |
|    learning_rate   | 0.0003   |
|    n_updates       | 79020    |
---------------------------------
---------------------------------
| rollout/           |          |
|    ep_len_mean     | 53.4     |
|    ep_rew_mean     | 1.27     |
| time/              |          |
|    episodes        | 1676     |
|    fps             | 17       |
|    time_elapsed    | 5195     |
|    total_timesteps | 89290    |
| train/             |          |
|    actor_loss      | -0.031   |
|    critic_loss     | 0.034    |
|    ent_coef        | 0.00239  |
|    ent_coef_loss   | -0.849   |
|    learning_rate   | 0.0003   |
|    n_updates       | 79280    |
---------------------------------
---------------------------------
| rollout/           |          |
|    ep_len_mean     | 53.4     |
|    ep_rew_mean     | 1.41     |
| time/              |          |
|    episodes        | 1680     |
|    fps             | 17       |
|    time_elapsed    | 5211     |
|    total_timesteps | 89520    |
| train/             |          |
|    actor_loss      | -0.0643  |
|    critic_loss     | 0.0371   |
|    ent_coef        | 0.00236  |
|    ent_coef_loss   | -0.764   |
|    learning_rate   | 0.0003   |
|    n_updates       | 79510    |
---------------------------------
---------------------------------
| rollout/           |          |
|    ep_len_mean     | 53.6     |
|    ep_rew_mean     | 5.2      |
| time/              |          |
|    episodes        | 1684     |
|    fps             | 17       |
|    time_elapsed    | 5232     |
|    total_timesteps | 89790    |
| train/             |          |
|    actor_loss      | -0.0716  |
|    critic_loss     | 0.0351   |
|    ent_coef        | 0.0024   |
|    ent_coef_loss   | -0.411   |
|    learning_rate   | 0.0003   |
|    n_updates       | 79780    |
---------------------------------
---------------------------------
| rollout/           |          |
|    ep_len_mean     | 53.5     |
|    ep_rew_mean     | 4.94     |
| time/              |          |
|    episodes        | 1688     |
|    fps             | 17       |
|    time_elapsed    | 5246     |
|    total_timesteps | 89970    |
| train/             |          |
|    actor_loss      | -0.00798 |
|    critic_loss     | 0.0394   |
|    ent_coef        | 0.00238  |
|    ent_coef_loss   | -0.488   |
|    learning_rate   | 0.0003   |
|    n_updates       | 79960    |
---------------------------------
---------------------------------
| rollout/           |          |
|    ep_len_mean     | 53.2     |
|    ep_rew_mean     | 1.5      |
| time/              |          |
|    episodes        | 1692     |
|    fps             | 17       |
|    time_elapsed    | 5256     |
|    total_timesteps | 90130    |
| train/             |          |
|    actor_loss      | 0.013    |
|    critic_loss     | 0.0258   |
|    ent_coef        | 0.00233  |
|    ent_coef_loss   | 0.189    |
|    learning_rate   | 0.0003   |
|    n_updates       | 80120    |
---------------------------------
---------------------------------
| rollout/           |          |
|    ep_len_mean     | 52.6     |
|    ep_rew_mean     | -6.82    |
| time/              |          |
|    episodes        | 1696     |
|    fps             | 17       |
|    time_elapsed    | 5268     |
|    total_timesteps | 90320    |
| train/             |          |
|    actor_loss      | -0.00906 |
|    critic_loss     | 0.0367   |
|    ent_coef        | 0.00233  |
|    ent_coef_loss   | -0.0922  |
|    learning_rate   | 0.0003   |
|    n_updates       | 80310    |
---------------------------------
---------------------------------
| rollout/           |          |
|    ep_len_mean     | 51.8     |
|    ep_rew_mean     | -10.5    |
| time/              |          |
|    episodes        | 1700     |
|    fps             | 17       |
|    time_elapsed    | 5281     |
|    total_timesteps | 90550    |
| train/             |          |
|    actor_loss      | -0.023   |
|    critic_loss     | 0.0399   |
|    ent_coef        | 0.00231  |
|    ent_coef_loss   | -0.275   |
|    learning_rate   | 0.0003   |
|    n_updates       | 80540    |
---------------------------------
---------------------------------
| rollout/           |          |
|    ep_len_mean     | 51.5     |
|    ep_rew_mean     | -13.4    |
| time/              |          |
|    episodes        | 1704     |
|    fps             | 17       |
|    time_elapsed    | 5289     |
|    total_timesteps | 90670    |
| train/             |          |
|    actor_loss      | -0.00305 |
|    critic_loss     | 0.0409   |
|    ent_coef        | 0.00232  |
|    ent_coef_loss   | 0.0584   |
|    learning_rate   | 0.0003   |
|    n_updates       | 80660    |
---------------------------------
---------------------------------
| rollout/           |          |
|    ep_len_mean     | 52.2     |
|    ep_rew_mean     | -18.8    |
| time/              |          |
|    episodes        | 1708     |
|    fps             | 17       |
|    time_elapsed    | 5311     |
|    total_timesteps | 91050    |
| train/             |          |
|    actor_loss      | -0.0105  |
|    critic_loss     | 0.0326   |
|    ent_coef        | 0.00232  |
|    ent_coef_loss   | -0.428   |
|    learning_rate   | 0.0003   |
|    n_updates       | 81040    |
---------------------------------
---------------------------------
| rollout/           |          |
|    ep_len_mean     | 52.4     |
|    ep_rew_mean     | -13.1    |
| time/              |          |
|    episodes        | 1712     |
|    fps             | 17       |
|    time_elapsed    | 5321     |
|    total_timesteps | 91230    |
| train/             |          |
|    actor_loss      | 0.0431   |
|    critic_loss     | 0.0372   |
|    ent_coef        | 0.00235  |
|    ent_coef_loss   | 0.0679   |
|    learning_rate   | 0.0003   |
|    n_updates       | 81220    |
---------------------------------
---------------------------------
| rollout/           |          |
|    ep_len_mean     | 52.1     |
|    ep_rew_mean     | -17.8    |
| time/              |          |
|    episodes        | 1716     |
|    fps             | 17       |
|    time_elapsed    | 5329     |
|    total_timesteps | 91360    |
| train/             |          |
|    actor_loss      | -0.078   |
|    critic_loss     | 0.0308   |
|    ent_coef        | 0.00238  |
|    ent_coef_loss   | -0.0644  |
|    learning_rate   | 0.0003   |
|    n_updates       | 81350    |
---------------------------------
---------------------------------
| rollout/           |          |
|    ep_len_mean     | 51.9     |
|    ep_rew_mean     | -21.1    |
| time/              |          |
|    episodes        | 1720     |
|    fps             | 17       |
|    time_elapsed    | 5347     |
|    total_timesteps | 91660    |
| train/             |          |
|    actor_loss      | -0.0246  |
|    critic_loss     | 0.0403   |
|    ent_coef        | 0.00238  |
|    ent_coef_loss   | -0.347   |
|    learning_rate   | 0.0003   |
|    n_updates       | 81650    |
---------------------------------
---------------------------------
| rollout/           |          |
|    ep_len_mean     | 52.3     |
|    ep_rew_mean     | -17.4    |
| time/              |          |
|    episodes        | 1724     |
|    fps             | 17       |
|    time_elapsed    | 5354     |
|    total_timesteps | 91780    |
| train/             |          |
|    actor_loss      | 0.048    |
|    critic_loss     | 0.0385   |
|    ent_coef        | 0.00239  |
|    ent_coef_loss   | 0.53     |
|    learning_rate   | 0.0003   |
|    n_updates       | 81770    |
---------------------------------
---------------------------------
| rollout/           |          |
|    ep_len_mean     | 51.3     |
|    ep_rew_mean     | -25.5    |
| time/              |          |
|    episodes        | 1728     |
|    fps             | 17       |
|    time_elapsed    | 5360     |
|    total_timesteps | 91880    |
| train/             |          |
|    actor_loss      | -0.0765  |
|    critic_loss     | 0.043    |
|    ent_coef        | 0.00239  |
|    ent_coef_loss   | -0.318   |
|    learning_rate   | 0.0003   |
|    n_updates       | 81870    |
---------------------------------
---------------------------------
| rollout/           |          |
|    ep_len_mean     | 51.9     |
|    ep_rew_mean     | -16.9    |
| time/              |          |
|    episodes        | 1732     |
|    fps             | 17       |
|    time_elapsed    | 5379     |
|    total_timesteps | 92180    |
| train/             |          |
|    actor_loss      | -0.0303  |
|    critic_loss     | 0.0449   |
|    ent_coef        | 0.00237  |
|    ent_coef_loss   | 0.128    |
|    learning_rate   | 0.0003   |
|    n_updates       | 82170    |
---------------------------------
---------------------------------
| rollout/           |          |
|    ep_len_mean     | 51.7     |
|    ep_rew_mean     | -17.6    |
| time/              |          |
|    episodes        | 1736     |
|    fps             | 17       |
|    time_elapsed    | 5391     |
|    total_timesteps | 92380    |
| train/             |          |
|    actor_loss      | -0.0375  |
|    critic_loss     | 0.0372   |
|    ent_coef        | 0.00236  |
|    ent_coef_loss   | 0.235    |
|    learning_rate   | 0.0003   |
|    n_updates       | 82370    |
---------------------------------
---------------------------------
| rollout/           |          |
|    ep_len_mean     | 51.9     |
|    ep_rew_mean     | -17.4    |
| time/              |          |
|    episodes        | 1740     |
|    fps             | 17       |
|    time_elapsed    | 5408     |
|    total_timesteps | 92670    |
| train/             |          |
|    actor_loss      | -0.0572  |
|    critic_loss     | 0.0425   |
|    ent_coef        | 0.00239  |
|    ent_coef_loss   | -0.526   |
|    learning_rate   | 0.0003   |
|    n_updates       | 82660    |
---------------------------------
---------------------------------
| rollout/           |          |
|    ep_len_mean     | 52.2     |
|    ep_rew_mean     | -13      |
| time/              |          |
|    episodes        | 1744     |
|    fps             | 17       |
|    time_elapsed    | 5423     |
|    total_timesteps | 92930    |
| train/             |          |
|    actor_loss      | -0.0475  |
|    critic_loss     | 0.0402   |
|    ent_coef        | 0.00236  |
|    ent_coef_loss   | -0.537   |
|    learning_rate   | 0.0003   |
|    n_updates       | 82920    |
---------------------------------
---------------------------------
| rollout/           |          |
|    ep_len_mean     | 52.2     |
|    ep_rew_mean     | -3.05    |
| time/              |          |
|    episodes        | 1748     |
|    fps             | 17       |
|    time_elapsed    | 5430     |
|    total_timesteps | 93050    |
| train/             |          |
|    actor_loss      | -0.0478  |
|    critic_loss     | 0.0369   |
|    ent_coef        | 0.00237  |
|    ent_coef_loss   | 0.676    |
|    learning_rate   | 0.0003   |
|    n_updates       | 83040    |
---------------------------------
---------------------------------
| rollout/           |          |
|    ep_len_mean     | 52.2     |
|    ep_rew_mean     | 1.22     |
| time/              |          |
|    episodes        | 1752     |
|    fps             | 17       |
|    time_elapsed    | 5440     |
|    total_timesteps | 93200    |
| train/             |          |
|    actor_loss      | -0.0549  |
|    critic_loss     | 0.0348   |
|    ent_coef        | 0.00238  |
|    ent_coef_loss   | -0.209   |
|    learning_rate   | 0.0003   |
|    n_updates       | 83190    |
---------------------------------
---------------------------------
| rollout/           |          |
|    ep_len_mean     | 52.4     |
|    ep_rew_mean     | 5.29     |
| time/              |          |
|    episodes        | 1756     |
|    fps             | 17       |
|    time_elapsed    | 5461     |
|    total_timesteps | 93550    |
| train/             |          |
|    actor_loss      | -0.137   |
|    critic_loss     | 0.0297   |
|    ent_coef        | 0.00225  |
|    ent_coef_loss   | -0.861   |
|    learning_rate   | 0.0003   |
|    n_updates       | 83540    |
---------------------------------
---------------------------------
| rollout/           |          |
|    ep_len_mean     | 52.6     |
|    ep_rew_mean     | 8.91     |
| time/              |          |
|    episodes        | 1760     |
|    fps             | 17       |
|    time_elapsed    | 5469     |
|    total_timesteps | 93670    |
| train/             |          |
|    actor_loss      | -0.0913  |
|    critic_loss     | 0.0318   |
|    ent_coef        | 0.00226  |
|    ent_coef_loss   | -0.238   |
|    learning_rate   | 0.0003   |
|    n_updates       | 83660    |
---------------------------------
---------------------------------
| rollout/           |          |
|    ep_len_mean     | 52.5     |
|    ep_rew_mean     | 8.92     |
| time/              |          |
|    episodes        | 1764     |
|    fps             | 17       |
|    time_elapsed    | 5485     |
|    total_timesteps | 93940    |
| train/             |          |
|    actor_loss      | -0.106   |
|    critic_loss     | 0.0402   |
|    ent_coef        | 0.00225  |
|    ent_coef_loss   | -1.11    |
|    learning_rate   | 0.0003   |
|    n_updates       | 83930    |
---------------------------------
---------------------------------
| rollout/           |          |
|    ep_len_mean     | 52.9     |
|    ep_rew_mean     | 13.5     |
| time/              |          |
|    episodes        | 1768     |
|    fps             | 17       |
|    time_elapsed    | 5501     |
|    total_timesteps | 94200    |
| train/             |          |
|    actor_loss      | 0.00565  |
|    critic_loss     | 0.0388   |
|    ent_coef        | 0.00225  |
|    ent_coef_loss   | -0.209   |
|    learning_rate   | 0.0003   |
|    n_updates       | 84190    |
---------------------------------
---------------------------------
| rollout/           |          |
|    ep_len_mean     | 53       |
|    ep_rew_mean     | 13.9     |
| time/              |          |
|    episodes        | 1772     |
|    fps             | 17       |
|    time_elapsed    | 5512     |
|    total_timesteps | 94390    |
| train/             |          |
|    actor_loss      | -0.00769 |
|    critic_loss     | 0.0362   |
|    ent_coef        | 0.00224  |
|    ent_coef_loss   | 0.17     |
|    learning_rate   | 0.0003   |
|    n_updates       | 84380    |
---------------------------------
---------------------------------
| rollout/           |          |
|    ep_len_mean     | 52.7     |
|    ep_rew_mean     | 10.8     |
| time/              |          |
|    episodes        | 1776     |
|    fps             | 17       |
|    time_elapsed    | 5521     |
|    total_timesteps | 94550    |
| train/             |          |
|    actor_loss      | -0.0159  |
|    critic_loss     | 0.0381   |
|    ent_coef        | 0.00224  |
|    ent_coef_loss   | 0.399    |
|    learning_rate   | 0.0003   |
|    n_updates       | 84540    |
---------------------------------
---------------------------------
| rollout/           |          |
|    ep_len_mean     | 52.2     |
|    ep_rew_mean     | 3.24     |
| time/              |          |
|    episodes        | 1780     |
|    fps             | 17       |
|    time_elapsed    | 5532     |
|    total_timesteps | 94740    |
| train/             |          |
|    actor_loss      | -0.0469  |
|    critic_loss     | 0.0351   |
|    ent_coef        | 0.00223  |
|    ent_coef_loss   | -0.435   |
|    learning_rate   | 0.0003   |
|    n_updates       | 84730    |
---------------------------------
---------------------------------
| rollout/           |          |
|    ep_len_mean     | 51.8     |
|    ep_rew_mean     | -0.713   |
| time/              |          |
|    episodes        | 1784     |
|    fps             | 17       |
|    time_elapsed    | 5538     |
|    total_timesteps | 94840    |
| train/             |          |
|    actor_loss      | -0.0918  |
|    critic_loss     | 0.0452   |
|    ent_coef        | 0.00223  |
|    ent_coef_loss   | -0.388   |
|    learning_rate   | 0.0003   |
|    n_updates       | 84830    |
---------------------------------
---------------------------------
| rollout/           |          |
|    ep_len_mean     | 51.1     |
|    ep_rew_mean     | -8.72    |
| time/              |          |
|    episodes        | 1788     |
|    fps             | 17       |
|    time_elapsed    | 5553     |
|    total_timesteps | 95100    |
| train/             |          |
|    actor_loss      | -0.0363  |
|    critic_loss     | 0.0319   |
|    ent_coef        | 0.00226  |
|    ent_coef_loss   | 0.0114   |
|    learning_rate   | 0.0003   |
|    n_updates       | 85090    |
---------------------------------
---------------------------------
| rollout/           |          |
|    ep_len_mean     | 51.2     |
|    ep_rew_mean     | -12.5    |
| time/              |          |
|    episodes        | 1792     |
|    fps             | 17       |
|    time_elapsed    | 5565     |
|    total_timesteps | 95300    |
| train/             |          |
|    actor_loss      | -0.0501  |
|    critic_loss     | 0.038    |
|    ent_coef        | 0.00227  |
|    ent_coef_loss   | 0.637    |
|    learning_rate   | 0.0003   |
|    n_updates       | 85290    |
---------------------------------
---------------------------------
| rollout/           |          |
|    ep_len_mean     | 51.6     |
|    ep_rew_mean     | -4.25    |
| time/              |          |
|    episodes        | 1796     |
|    fps             | 17       |
|    time_elapsed    | 5582     |
|    total_timesteps | 95570    |
| train/             |          |
|    actor_loss      | -0.0767  |
|    critic_loss     | 0.0335   |
|    ent_coef        | 0.00227  |
|    ent_coef_loss   | 0.947    |
|    learning_rate   | 0.0003   |
|    n_updates       | 85560    |
---------------------------------
---------------------------------
| rollout/           |          |
|    ep_len_mean     | 52.8     |
|    ep_rew_mean     | 8.51     |
| time/              |          |
|    episodes        | 1800     |
|    fps             | 17       |
|    time_elapsed    | 5594     |
|    total_timesteps | 95770    |
| train/             |          |
|    actor_loss      | -0.111   |
|    critic_loss     | 0.0361   |
|    ent_coef        | 0.00228  |
|    ent_coef_loss   | 0.134    |
|    learning_rate   | 0.0003   |
|    n_updates       | 85760    |
---------------------------------
---------------------------------
| rollout/           |          |
|    ep_len_mean     | 53.1     |
|    ep_rew_mean     | 12.1     |
| time/              |          |
|    episodes        | 1804     |
|    fps             | 17       |
|    time_elapsed    | 5603     |
|    total_timesteps | 95930    |
| train/             |          |
|    actor_loss      | -0.0923  |
|    critic_loss     | 0.0263   |
|    ent_coef        | 0.00228  |
|    ent_coef_loss   | -0.214   |
|    learning_rate   | 0.0003   |
|    n_updates       | 85920    |
---------------------------------
---------------------------------
| rollout/           |          |
|    ep_len_mean     | 52.5     |
|    ep_rew_mean     | 19.2     |
| time/              |          |
|    episodes        | 1808     |
|    fps             | 17       |
|    time_elapsed    | 5623     |
|    total_timesteps | 96260    |
| train/             |          |
|    actor_loss      | -0.0762  |
|    critic_loss     | 0.0297   |
|    ent_coef        | 0.00224  |
|    ent_coef_loss   | 1.44     |
|    learning_rate   | 0.0003   |
|    n_updates       | 86250    |
---------------------------------
---------------------------------
| rollout/           |          |
|    ep_len_mean     | 52.6     |
|    ep_rew_mean     | 19.2     |
| time/              |          |
|    episodes        | 1812     |
|    fps             | 17       |
|    time_elapsed    | 5636     |
|    total_timesteps | 96490    |
| train/             |          |
|    actor_loss      | -0.0538  |
|    critic_loss     | 0.0347   |
|    ent_coef        | 0.00231  |
|    ent_coef_loss   | -0.207   |
|    learning_rate   | 0.0003   |
|    n_updates       | 86480    |
---------------------------------
---------------------------------
| rollout/           |          |
|    ep_len_mean     | 52.9     |
|    ep_rew_mean     | 23.3     |
| time/              |          |
|    episodes        | 1816     |
|    fps             | 17       |
|    time_elapsed    | 5652     |
|    total_timesteps | 96740    |
| train/             |          |
|    actor_loss      | -0.123   |
|    critic_loss     | 0.0345   |
|    ent_coef        | 0.00226  |
|    ent_coef_loss   | -1.01    |
|    learning_rate   | 0.0003   |
|    n_updates       | 86730    |
---------------------------------
---------------------------------
| rollout/           |          |
|    ep_len_mean     | 53.4     |
|    ep_rew_mean     | 26       |
| time/              |          |
|    episodes        | 1820     |
|    fps             | 17       |
|    time_elapsed    | 5663     |
|    total_timesteps | 96910    |
| train/             |          |
|    actor_loss      | -0.0826  |
|    critic_loss     | 0.0282   |
|    ent_coef        | 0.00222  |
|    ent_coef_loss   | -0.787   |
|    learning_rate   | 0.0003   |
|    n_updates       | 86900    |
---------------------------------
---------------------------------
| rollout/           |          |
|    ep_len_mean     | 52.5     |
|    ep_rew_mean     | 18       |
| time/              |          |
|    episodes        | 1824     |
|    fps             | 17       |
|    time_elapsed    | 5673     |
|    total_timesteps | 97050    |
| train/             |          |
|    actor_loss      | -0.125   |
|    critic_loss     | 0.0331   |
|    ent_coef        | 0.0022   |
|    ent_coef_loss   | 0.516    |
|    learning_rate   | 0.0003   |
|    n_updates       | 87040    |
---------------------------------
---------------------------------
| rollout/           |          |
|    ep_len_mean     | 53.4     |
|    ep_rew_mean     | 26       |
| time/              |          |
|    episodes        | 1828     |
|    fps             | 17       |
|    time_elapsed    | 5693     |
|    total_timesteps | 97350    |
| train/             |          |
|    actor_loss      | -0.0875  |
|    critic_loss     | 0.036    |
|    ent_coef        | 0.00217  |
|    ent_coef_loss   | -0.405   |
|    learning_rate   | 0.0003   |
|    n_updates       | 87340    |
---------------------------------
---------------------------------
| rollout/           |          |
|    ep_len_mean     | 53.7     |
|    ep_rew_mean     | 29.7     |
| time/              |          |
|    episodes        | 1832     |
|    fps             | 17       |
|    time_elapsed    | 5705     |
|    total_timesteps | 97550    |
| train/             |          |
|    actor_loss      | -0.12    |
|    critic_loss     | 0.0289   |
|    ent_coef        | 0.00216  |
|    ent_coef_loss   | -0.191   |
|    learning_rate   | 0.0003   |
|    n_updates       | 87540    |
---------------------------------
---------------------------------
| rollout/           |          |
|    ep_len_mean     | 53.8     |
|    ep_rew_mean     | 29.9     |
| time/              |          |
|    episodes        | 1836     |
|    fps             | 17       |
|    time_elapsed    | 5722     |
|    total_timesteps | 97800    |
| train/             |          |
|    actor_loss      | -0.128   |
|    critic_loss     | 0.023    |
|    ent_coef        | 0.00217  |
|    ent_coef_loss   | -0.0183  |
|    learning_rate   | 0.0003   |
|    n_updates       | 87790    |
---------------------------------
---------------------------------
| rollout/           |          |
|    ep_len_mean     | 53.8     |
|    ep_rew_mean     | 29.8     |
| time/              |          |
|    episodes        | 1840     |
|    fps             | 17       |
|    time_elapsed    | 5737     |
|    total_timesteps | 98050    |
| train/             |          |
|    actor_loss      | -0.0806  |
|    critic_loss     | 0.0306   |
|    ent_coef        | 0.00213  |
|    ent_coef_loss   | -0.827   |
|    learning_rate   | 0.0003   |
|    n_updates       | 88040    |
---------------------------------
---------------------------------
| rollout/           |          |
|    ep_len_mean     | 53.8     |
|    ep_rew_mean     | 29.1     |
| time/              |          |
|    episodes        | 1844     |
|    fps             | 17       |
|    time_elapsed    | 5747     |
|    total_timesteps | 98210    |
| train/             |          |
|    actor_loss      | -0.136   |
|    critic_loss     | 0.0301   |
|    ent_coef        | 0.00211  |
|    ent_coef_loss   | -0.79    |
|    learning_rate   | 0.0003   |
|    n_updates       | 88200    |
---------------------------------
---------------------------------
| rollout/           |          |
|    ep_len_mean     | 53       |
|    ep_rew_mean     | 20.6     |
| time/              |          |
|    episodes        | 1848     |
|    fps             | 17       |
|    time_elapsed    | 5759     |
|    total_timesteps | 98420    |
| train/             |          |
|    actor_loss      | -0.105   |
|    critic_loss     | 0.0278   |
|    ent_coef        | 0.00214  |
|    ent_coef_loss   | -0.169   |
|    learning_rate   | 0.0003   |
|    n_updates       | 88410    |
---------------------------------
---------------------------------
| rollout/           |          |
|    ep_len_mean     | 53.6     |
|    ep_rew_mean     | 24.8     |
| time/              |          |
|    episodes        | 1852     |
|    fps             | 17       |
|    time_elapsed    | 5772     |
|    total_timesteps | 98640    |
| train/             |          |
|    actor_loss      | -0.124   |
|    critic_loss     | 0.0354   |
|    ent_coef        | 0.00215  |
|    ent_coef_loss   | 0.763    |
|    learning_rate   | 0.0003   |
|    n_updates       | 88630    |
---------------------------------
---------------------------------
| rollout/           |          |
|    ep_len_mean     | 53.9     |
|    ep_rew_mean     | 24.9     |
| time/              |          |
|    episodes        | 1856     |
|    fps             | 17       |
|    time_elapsed    | 5786     |
|    total_timesteps | 98890    |
| train/             |          |
|    actor_loss      | -0.0421  |
|    critic_loss     | 0.0349   |
|    ent_coef        | 0.00216  |
|    ent_coef_loss   | 0.176    |
|    learning_rate   | 0.0003   |
|    n_updates       | 88880    |
---------------------------------
---------------------------------
| rollout/           |          |
|    ep_len_mean     | 53.9     |
|    ep_rew_mean     | 21.3     |
| time/              |          |
|    episodes        | 1860     |
|    fps             | 17       |
|    time_elapsed    | 5797     |
|    total_timesteps | 99060    |
| train/             |          |
|    actor_loss      | -0.077   |
|    critic_loss     | 0.0352   |
|    ent_coef        | 0.00214  |
|    ent_coef_loss   | 1.02     |
|    learning_rate   | 0.0003   |
|    n_updates       | 89050    |
---------------------------------
---------------------------------
| rollout/           |          |
|    ep_len_mean     | 54.3     |
|    ep_rew_mean     | 25.4     |
| time/              |          |
|    episodes        | 1864     |
|    fps             | 17       |
|    time_elapsed    | 5817     |
|    total_timesteps | 99410    |
| train/             |          |
|    actor_loss      | -0.118   |
|    critic_loss     | 0.027    |
|    ent_coef        | 0.00216  |
|    ent_coef_loss   | -0.767   |
|    learning_rate   | 0.0003   |
|    n_updates       | 89400    |
---------------------------------
---------------------------------
| rollout/           |          |
|    ep_len_mean     | 54.2     |
|    ep_rew_mean     | 24.6     |
| time/              |          |
|    episodes        | 1868     |
|    fps             | 17       |
|    time_elapsed    | 5828     |
|    total_timesteps | 99600    |
| train/             |          |
|    actor_loss      | -0.152   |
|    critic_loss     | 0.0354   |
|    ent_coef        | 0.00217  |
|    ent_coef_loss   | -0.121   |
|    learning_rate   | 0.0003   |
|    n_updates       | 89590    |
---------------------------------
---------------------------------
| rollout/           |          |
|    ep_len_mean     | 54.3     |
|    ep_rew_mean     | 24       |
| time/              |          |
|    episodes        | 1872     |
|    fps             | 17       |
|    time_elapsed    | 5835     |
|    total_timesteps | 99700    |
| train/             |          |
|    actor_loss      | -0.167   |
|    critic_loss     | 0.0336   |
|    ent_coef        | 0.00218  |
|    ent_coef_loss   | 0.0804   |
|    learning_rate   | 0.0003   |
|    n_updates       | 89690    |
---------------------------------
---------------------------------
| rollout/           |          |
|    ep_len_mean     | 54.6     |
|    ep_rew_mean     | 27.4     |
| time/              |          |
|    episodes        | 1876     |
|    fps             | 17       |
|    time_elapsed    | 5859     |
|    total_timesteps | 100050   |
| train/             |          |
|    actor_loss      | -0.148   |
|    critic_loss     | 0.0307   |
|    ent_coef        | 0.00222  |
|    ent_coef_loss   | 0.186    |
|    learning_rate   | 0.0003   |
|    n_updates       | 90040    |
---------------------------------
---------------------------------
| rollout/           |          |
|    ep_len_mean     | 55.1     |
|    ep_rew_mean     | 34.9     |
| time/              |          |
|    episodes        | 1880     |
|    fps             | 17       |
|    time_elapsed    | 5873     |
|    total_timesteps | 100240   |
| train/             |          |
|    actor_loss      | -0.0922  |
|    critic_loss     | 0.0369   |
|    ent_coef        | 0.00222  |
|    ent_coef_loss   | 0.0567   |
|    learning_rate   | 0.0003   |
|    n_updates       | 90230    |
---------------------------------
---------------------------------
| rollout/           |          |
|    ep_len_mean     | 55.1     |
|    ep_rew_mean     | 35       |
| time/              |          |
|    episodes        | 1884     |
|    fps             | 17       |
|    time_elapsed    | 5894     |
|    total_timesteps | 100560   |
| train/             |          |
|    actor_loss      | -0.138   |
|    critic_loss     | 0.0315   |
|    ent_coef        | 0.00224  |
|    ent_coef_loss   | 0.563    |
|    learning_rate   | 0.0003   |
|    n_updates       | 90550    |
---------------------------------
---------------------------------
| rollout/           |          |
|    ep_len_mean     | 55.9     |
|    ep_rew_mean     | 42.9     |
| time/              |          |
|    episodes        | 1888     |
|    fps             | 17       |
|    time_elapsed    | 5901     |
|    total_timesteps | 100670   |
| train/             |          |
|    actor_loss      | -0.137   |
|    critic_loss     | 0.034    |
|    ent_coef        | 0.00225  |
|    ent_coef_loss   | 0.0142   |
|    learning_rate   | 0.0003   |
|    n_updates       | 90660    |
---------------------------------
---------------------------------
| rollout/           |          |
|    ep_len_mean     | 56.2     |
|    ep_rew_mean     | 50.8     |
| time/              |          |
|    episodes        | 1892     |
|    fps             | 17       |
|    time_elapsed    | 5915     |
|    total_timesteps | 100880   |
| train/             |          |
|    actor_loss      | -0.116   |
|    critic_loss     | 0.0394   |
|    ent_coef        | 0.00226  |
|    ent_coef_loss   | -1.1     |
|    learning_rate   | 0.0003   |
|    n_updates       | 90870    |
---------------------------------
---------------------------------
| rollout/           |          |
|    ep_len_mean     | 55.9     |
|    ep_rew_mean     | 47.2     |
| time/              |          |
|    episodes        | 1896     |
|    fps             | 17       |
|    time_elapsed    | 5933     |
|    total_timesteps | 101170   |
| train/             |          |
|    actor_loss      | -0.103   |
|    critic_loss     | 0.0322   |
|    ent_coef        | 0.00226  |
|    ent_coef_loss   | 0.00952  |
|    learning_rate   | 0.0003   |
|    n_updates       | 91160    |
---------------------------------
---------------------------------
| rollout/           |          |
|    ep_len_mean     | 55.9     |
|    ep_rew_mean     | 46       |
| time/              |          |
|    episodes        | 1900     |
|    fps             | 17       |
|    time_elapsed    | 5944     |
|    total_timesteps | 101370   |
| train/             |          |
|    actor_loss      | -0.114   |
|    critic_loss     | 0.0322   |
|    ent_coef        | 0.00228  |
|    ent_coef_loss   | 1.01     |
|    learning_rate   | 0.0003   |
|    n_updates       | 91360    |
---------------------------------
---------------------------------
| rollout/           |          |
|    ep_len_mean     | 55.5     |
|    ep_rew_mean     | 41.5     |
| time/              |          |
|    episodes        | 1904     |
|    fps             | 17       |
|    time_elapsed    | 5961     |
|    total_timesteps | 101640   |
| train/             |          |
|    actor_loss      | -0.0687  |
|    critic_loss     | 0.0401   |
|    ent_coef        | 0.00226  |
|    ent_coef_loss   | 0.0959   |
|    learning_rate   | 0.0003   |
|    n_updates       | 91630    |
---------------------------------
---------------------------------
| rollout/           |          |
|    ep_len_mean     | 55.7     |
|    ep_rew_mean     | 41.4     |
| time/              |          |
|    episodes        | 1908     |
|    fps             | 17       |
|    time_elapsed    | 5972     |
|    total_timesteps | 101820   |
| train/             |          |
|    actor_loss      | -0.155   |
|    critic_loss     | 0.0326   |
|    ent_coef        | 0.00226  |
|    ent_coef_loss   | -1.07    |
|    learning_rate   | 0.0003   |
|    n_updates       | 91810    |
---------------------------------
---------------------------------
| rollout/           |          |
|    ep_len_mean     | 55.5     |
|    ep_rew_mean     | 41.7     |
| time/              |          |
|    episodes        | 1912     |
|    fps             | 17       |
|    time_elapsed    | 5983     |
|    total_timesteps | 102010   |
| train/             |          |
|    actor_loss      | -0.137   |
|    critic_loss     | 0.0288   |
|    ent_coef        | 0.00226  |
|    ent_coef_loss   | 0.195    |
|    learning_rate   | 0.0003   |
|    n_updates       | 92000    |
---------------------------------
---------------------------------
| rollout/           |          |
|    ep_len_mean     | 55.3     |
|    ep_rew_mean     | 34.1     |
| time/              |          |
|    episodes        | 1916     |
|    fps             | 17       |
|    time_elapsed    | 5997     |
|    total_timesteps | 102250   |
| train/             |          |
|    actor_loss      | -0.126   |
|    critic_loss     | 0.0355   |
|    ent_coef        | 0.00223  |
|    ent_coef_loss   | 0.139    |
|    learning_rate   | 0.0003   |
|    n_updates       | 92240    |
---------------------------------
---------------------------------
| rollout/           |          |
|    ep_len_mean     | 55.4     |
|    ep_rew_mean     | 34.5     |
| time/              |          |
|    episodes        | 1920     |
|    fps             | 17       |
|    time_elapsed    | 6008     |
|    total_timesteps | 102430   |
| train/             |          |
|    actor_loss      | -0.123   |
|    critic_loss     | 0.0349   |
|    ent_coef        | 0.00222  |
|    ent_coef_loss   | 0.76     |
|    learning_rate   | 0.0003   |
|    n_updates       | 92420    |
---------------------------------
---------------------------------
| rollout/           |          |
|    ep_len_mean     | 55.8     |
|    ep_rew_mean     | 38.4     |
| time/              |          |
|    episodes        | 1924     |
|    fps             | 17       |
|    time_elapsed    | 6023     |
|    total_timesteps | 102670   |
| train/             |          |
|    actor_loss      | -0.112   |
|    critic_loss     | 0.0353   |
|    ent_coef        | 0.0022   |
|    ent_coef_loss   | -0.663   |
|    learning_rate   | 0.0003   |
|    n_updates       | 92660    |
---------------------------------
---------------------------------
| rollout/           |          |
|    ep_len_mean     | 55.1     |
|    ep_rew_mean     | 30.7     |
| time/              |          |
|    episodes        | 1928     |
|    fps             | 17       |
|    time_elapsed    | 6030     |
|    total_timesteps | 102800   |
| train/             |          |
|    actor_loss      | -0.152   |
|    critic_loss     | 0.0372   |
|    ent_coef        | 0.00219  |
|    ent_coef_loss   | 0.438    |
|    learning_rate   | 0.0003   |
|    n_updates       | 92790    |
---------------------------------
---------------------------------
| rollout/           |          |
|    ep_len_mean     | 54.9     |
|    ep_rew_mean     | 26.9     |
| time/              |          |
|    episodes        | 1932     |
|    fps             | 17       |
|    time_elapsed    | 6043     |
|    total_timesteps | 103010   |
| train/             |          |
|    actor_loss      | -0.108   |
|    critic_loss     | 0.03     |
|    ent_coef        | 0.00217  |
|    ent_coef_loss   | 0.111    |
|    learning_rate   | 0.0003   |
|    n_updates       | 93000    |
---------------------------------
---------------------------------
| rollout/           |          |
|    ep_len_mean     | 54.9     |
|    ep_rew_mean     | 22.8     |
| time/              |          |
|    episodes        | 1936     |
|    fps             | 17       |
|    time_elapsed    | 6063     |
|    total_timesteps | 103350   |
| train/             |          |
|    actor_loss      | -0.12    |
|    critic_loss     | 0.0341   |
|    ent_coef        | 0.00221  |
|    ent_coef_loss   | 0.000701 |
|    learning_rate   | 0.0003   |
|    n_updates       | 93340    |
---------------------------------
---------------------------------
| rollout/           |          |
|    ep_len_mean     | 54.8     |
|    ep_rew_mean     | 22.5     |
| time/              |          |
|    episodes        | 1940     |
|    fps             | 17       |
|    time_elapsed    | 6067     |
|    total_timesteps | 103420   |
| train/             |          |
|    actor_loss      | -0.154   |
|    critic_loss     | 0.0292   |
|    ent_coef        | 0.00222  |
|    ent_coef_loss   | -0.16    |
|    learning_rate   | 0.0003   |
|    n_updates       | 93410    |
---------------------------------
---------------------------------
| rollout/           |          |
|    ep_len_mean     | 54.5     |
|    ep_rew_mean     | 19.3     |
| time/              |          |
|    episodes        | 1944     |
|    fps             | 17       |
|    time_elapsed    | 6081     |
|    total_timesteps | 103660   |
| train/             |          |
|    actor_loss      | -0.183   |
|    critic_loss     | 0.0417   |
|    ent_coef        | 0.00227  |
|    ent_coef_loss   | 0.294    |
|    learning_rate   | 0.0003   |
|    n_updates       | 93650    |
---------------------------------
---------------------------------
| rollout/           |          |
|    ep_len_mean     | 55.7     |
|    ep_rew_mean     | 32.1     |
| time/              |          |
|    episodes        | 1948     |
|    fps             | 17       |
|    time_elapsed    | 6102     |
|    total_timesteps | 104000   |
| train/             |          |
|    actor_loss      | -0.132   |
|    critic_loss     | 0.0405   |
|    ent_coef        | 0.0023   |
|    ent_coef_loss   | -0.262   |
|    learning_rate   | 0.0003   |
|    n_updates       | 93990    |
---------------------------------
---------------------------------
| rollout/           |          |
|    ep_len_mean     | 55.6     |
|    ep_rew_mean     | 32       |
| time/              |          |
|    episodes        | 1952     |
|    fps             | 17       |
|    time_elapsed    | 6114     |
|    total_timesteps | 104210   |
| train/             |          |
|    actor_loss      | -0.141   |
|    critic_loss     | 0.0391   |
|    ent_coef        | 0.00226  |
|    ent_coef_loss   | -0.106   |
|    learning_rate   | 0.0003   |
|    n_updates       | 94200    |
---------------------------------
---------------------------------
| rollout/           |          |
|    ep_len_mean     | 55.3     |
|    ep_rew_mean     | 28.1     |
| time/              |          |
|    episodes        | 1956     |
|    fps             | 17       |
|    time_elapsed    | 6132     |
|    total_timesteps | 104510   |
| train/             |          |
|    actor_loss      | -0.122   |
|    critic_loss     | 0.031    |
|    ent_coef        | 0.00227  |
|    ent_coef_loss   | 0.985    |
|    learning_rate   | 0.0003   |
|    n_updates       | 94500    |
---------------------------------
---------------------------------
| rollout/           |          |
|    ep_len_mean     | 55.5     |
|    ep_rew_mean     | 32.6     |
| time/              |          |
|    episodes        | 1960     |
|    fps             | 17       |
|    time_elapsed    | 6139     |
|    total_timesteps | 104620   |
| train/             |          |
|    actor_loss      | -0.194   |
|    critic_loss     | 0.0394   |
|    ent_coef        | 0.00227  |
|    ent_coef_loss   | -0.596   |
|    learning_rate   | 0.0003   |
|    n_updates       | 94610    |
---------------------------------
---------------------------------
| rollout/           |          |
|    ep_len_mean     | 55.3     |
|    ep_rew_mean     | 28.5     |
| time/              |          |
|    episodes        | 1964     |
|    fps             | 17       |
|    time_elapsed    | 6154     |
|    total_timesteps | 104890   |
| train/             |          |
|    actor_loss      | -0.146   |
|    critic_loss     | 0.0228   |
|    ent_coef        | 0.00222  |
|    ent_coef_loss   | 0.0517   |
|    learning_rate   | 0.0003   |
|    n_updates       | 94880    |
---------------------------------
---------------------------------
| rollout/           |          |
|    ep_len_mean     | 55       |
|    ep_rew_mean     | 24.5     |
| time/              |          |
|    episodes        | 1968     |
|    fps             | 17       |
|    time_elapsed    | 6167     |
|    total_timesteps | 105110   |
| train/             |          |
|    actor_loss      | -0.172   |
|    critic_loss     | 0.0316   |
|    ent_coef        | 0.00228  |
|    ent_coef_loss   | 0.586    |
|    learning_rate   | 0.0003   |
|    n_updates       | 95100    |
---------------------------------
---------------------------------
| rollout/           |          |
|    ep_len_mean     | 54.3     |
|    ep_rew_mean     | 16.8     |
| time/              |          |
|    episodes        | 1972     |
|    fps             | 17       |
|    time_elapsed    | 6172     |
|    total_timesteps | 105190   |
| train/             |          |
|    actor_loss      | -0.121   |
|    critic_loss     | 0.0352   |
|    ent_coef        | 0.00231  |
|    ent_coef_loss   | 0.356    |
|    learning_rate   | 0.0003   |
|    n_updates       | 95180    |
---------------------------------
---------------------------------
| rollout/           |          |
|    ep_len_mean     | 54       |
|    ep_rew_mean     | 13.4     |
| time/              |          |
|    episodes        | 1976     |
|    fps             | 17       |
|    time_elapsed    | 6185     |
|    total_timesteps | 105410   |
| train/             |          |
|    actor_loss      | -0.171   |
|    critic_loss     | 0.0297   |
|    ent_coef        | 0.00231  |
|    ent_coef_loss   | 0.191    |
|    learning_rate   | 0.0003   |
|    n_updates       | 95400    |
---------------------------------
---------------------------------
| rollout/           |          |
|    ep_len_mean     | 53.9     |
|    ep_rew_mean     | 9.51     |
| time/              |          |
|    episodes        | 1980     |
|    fps             | 17       |
|    time_elapsed    | 6203     |
|    total_timesteps | 105720   |
| train/             |          |
|    actor_loss      | -0.118   |
|    critic_loss     | 0.032    |
|    ent_coef        | 0.00223  |
|    ent_coef_loss   | 1.08     |
|    learning_rate   | 0.0003   |
|    n_updates       | 95710    |
---------------------------------
---------------------------------
| rollout/           |          |
|    ep_len_mean     | 54.3     |
|    ep_rew_mean     | 13.8     |
| time/              |          |
|    episodes        | 1984     |
|    fps             | 17       |
|    time_elapsed    | 6211     |
|    total_timesteps | 105860   |
| train/             |          |
|    actor_loss      | -0.148   |
|    critic_loss     | 0.0352   |
|    ent_coef        | 0.00222  |
|    ent_coef_loss   | 0.276    |
|    learning_rate   | 0.0003   |
|    n_updates       | 95850    |
---------------------------------
---------------------------------
| rollout/           |          |
|    ep_len_mean     | 54.1     |
|    ep_rew_mean     | 13.8     |
| time/              |          |
|    episodes        | 1988     |
|    fps             | 17       |
|    time_elapsed    | 6228     |
|    total_timesteps | 106130   |
| train/             |          |
|    actor_loss      | -0.152   |
|    critic_loss     | 0.0357   |
|    ent_coef        | 0.00222  |
|    ent_coef_loss   | -0.502   |
|    learning_rate   | 0.0003   |
|    n_updates       | 96120    |
---------------------------------
---------------------------------
| rollout/           |          |
|    ep_len_mean     | 54.3     |
|    ep_rew_mean     | 3.51     |
| time/              |          |
|    episodes        | 1992     |
|    fps             | 17       |
|    time_elapsed    | 6241     |
|    total_timesteps | 106360   |
| train/             |          |
|    actor_loss      | -0.104   |
|    critic_loss     | 0.0325   |
|    ent_coef        | 0.00219  |
|    ent_coef_loss   | 0.0788   |
|    learning_rate   | 0.0003   |
|    n_updates       | 96350    |
---------------------------------
---------------------------------
| rollout/           |          |
|    ep_len_mean     | 54.4     |
|    ep_rew_mean     | 4.06     |
| time/              |          |
|    episodes        | 1996     |
|    fps             | 17       |
|    time_elapsed    | 6265     |
|    total_timesteps | 106560   |
| train/             |          |
|    actor_loss      | -0.164   |
|    critic_loss     | 0.0284   |
|    ent_coef        | 0.00217  |
|    ent_coef_loss   | -0.018   |
|    learning_rate   | 0.0003   |
|    n_updates       | 96550    |
---------------------------------
---------------------------------
| rollout/           |          |
|    ep_len_mean     | 54.6     |
|    ep_rew_mean     | 4.98     |
| time/              |          |
|    episodes        | 2000     |
|    fps             | 16       |
|    time_elapsed    | 6305     |
|    total_timesteps | 106850   |
| train/             |          |
|    actor_loss      | -0.138   |
|    critic_loss     | 0.0349   |
|    ent_coef        | 0.00215  |
|    ent_coef_loss   | 0.295    |
|    learning_rate   | 0.0003   |
|    n_updates       | 96840    |
---------------------------------
---------------------------------
| rollout/           |          |
|    ep_len_mean     | 54.7     |
|    ep_rew_mean     | 5.3      |
| time/              |          |
|    episodes        | 2004     |
|    fps             | 16       |
|    time_elapsed    | 6325     |
|    total_timesteps | 107000   |
| train/             |          |
|    actor_loss      | -0.17    |
|    critic_loss     | 0.034    |
|    ent_coef        | 0.00215  |
|    ent_coef_loss   | 0.879    |
|    learning_rate   | 0.0003   |
|    n_updates       | 96990    |
---------------------------------
---------------------------------
| rollout/           |          |
|    ep_len_mean     | 54.5     |
|    ep_rew_mean     | 1.53     |
| time/              |          |
|    episodes        | 2008     |
|    fps             | 16       |
|    time_elapsed    | 6371     |
|    total_timesteps | 107370   |
| train/             |          |
|    actor_loss      | -0.147   |
|    critic_loss     | 0.038    |
|    ent_coef        | 0.00214  |
|    ent_coef_loss   | 0.0922   |
|    learning_rate   | 0.0003   |
|    n_updates       | 97360    |
---------------------------------
---------------------------------
| rollout/           |          |
|    ep_len_mean     | 54.6     |
|    ep_rew_mean     | 0.713    |
| time/              |          |
|    episodes        | 2012     |
|    fps             | 16       |
|    time_elapsed    | 6379     |
|    total_timesteps | 107520   |
| train/             |          |
|    actor_loss      | -0.157   |
|    critic_loss     | 0.0328   |
|    ent_coef        | 0.00215  |
|    ent_coef_loss   | -0.612   |
|    learning_rate   | 0.0003   |
|    n_updates       | 97510    |
---------------------------------
---------------------------------
| rollout/           |          |
|    ep_len_mean     | 55       |
|    ep_rew_mean     | 4.97     |
| time/              |          |
|    episodes        | 2016     |
|    fps             | 16       |
|    time_elapsed    | 6387     |
|    total_timesteps | 107660   |
| train/             |          |
|    actor_loss      | -0.117   |
|    critic_loss     | 0.0345   |
|    ent_coef        | 0.00217  |
|    ent_coef_loss   | 0.637    |
|    learning_rate   | 0.0003   |
|    n_updates       | 97650    |
---------------------------------
---------------------------------
| rollout/           |          |
|    ep_len_mean     | 54.8     |
|    ep_rew_mean     | 1.26     |
| time/              |          |
|    episodes        | 2020     |
|    fps             | 16       |
|    time_elapsed    | 6406     |
|    total_timesteps | 108000   |
| train/             |          |
|    actor_loss      | -0.134   |
|    critic_loss     | 0.0379   |
|    ent_coef        | 0.00219  |
|    ent_coef_loss   | -0.04    |
|    learning_rate   | 0.0003   |
|    n_updates       | 97990    |
---------------------------------
---------------------------------
| rollout/           |          |
|    ep_len_mean     | 55.2     |
|    ep_rew_mean     | 1.2      |
| time/              |          |
|    episodes        | 2024     |
|    fps             | 16       |
|    time_elapsed    | 6417     |
|    total_timesteps | 108180   |
| train/             |          |
|    actor_loss      | -0.126   |
|    critic_loss     | 0.0317   |
|    ent_coef        | 0.00222  |
|    ent_coef_loss   | 0.194    |
|    learning_rate   | 0.0003   |
|    n_updates       | 98170    |
---------------------------------
---------------------------------
| rollout/           |          |
|    ep_len_mean     | 55.7     |
|    ep_rew_mean     | 4.97     |
| time/              |          |
|    episodes        | 2028     |
|    fps             | 16       |
|    time_elapsed    | 6428     |
|    total_timesteps | 108370   |
| train/             |          |
|    actor_loss      | -0.132   |
|    critic_loss     | 0.0476   |
|    ent_coef        | 0.00222  |
|    ent_coef_loss   | 0.41     |
|    learning_rate   | 0.0003   |
|    n_updates       | 98360    |
---------------------------------
---------------------------------
| rollout/           |          |
|    ep_len_mean     | 55.7     |
|    ep_rew_mean     | 5.15     |
| time/              |          |
|    episodes        | 2032     |
|    fps             | 16       |
|    time_elapsed    | 6443     |
|    total_timesteps | 108630   |
| train/             |          |
|    actor_loss      | -0.181   |
|    critic_loss     | 0.0383   |
|    ent_coef        | 0.00232  |
|    ent_coef_loss   | 0.0735   |
|    learning_rate   | 0.0003   |
|    n_updates       | 98620    |
---------------------------------
---------------------------------
| rollout/           |          |
|    ep_len_mean     | 55.9     |
|    ep_rew_mean     | 9.54     |
| time/              |          |
|    episodes        | 2036     |
|    fps             | 16       |
|    time_elapsed    | 6457     |
|    total_timesteps | 108900   |
| train/             |          |
|    actor_loss      | -0.175   |
|    critic_loss     | 0.0357   |
|    ent_coef        | 0.00233  |
|    ent_coef_loss   | -0.39    |
|    learning_rate   | 0.0003   |
|    n_updates       | 98890    |
---------------------------------
---------------------------------
| rollout/           |          |
|    ep_len_mean     | 55.6     |
|    ep_rew_mean     | 6.43     |
| time/              |          |
|    episodes        | 2040     |
|    fps             | 16       |
|    time_elapsed    | 6468     |
|    total_timesteps | 109080   |
| train/             |          |
|    actor_loss      | -0.17    |
|    critic_loss     | 0.0252   |
|    ent_coef        | 0.00233  |
|    ent_coef_loss   | -0.651   |
|    learning_rate   | 0.0003   |
|    n_updates       | 99070    |
---------------------------------
---------------------------------
| rollout/           |          |
|    ep_len_mean     | 55.1     |
|    ep_rew_mean     | 2.16     |
| time/              |          |
|    episodes        | 2044     |
|    fps             | 16       |
|    time_elapsed    | 6475     |
|    total_timesteps | 109210   |
| train/             |          |
|    actor_loss      | -0.178   |
|    critic_loss     | 0.0309   |
|    ent_coef        | 0.00234  |
|    ent_coef_loss   | -0.217   |
|    learning_rate   | 0.0003   |
|    n_updates       | 99200    |
---------------------------------
---------------------------------
| rollout/           |          |
|    ep_len_mean     | 55.2     |
|    ep_rew_mean     | 2.3      |
| time/              |          |
|    episodes        | 2048     |
|    fps             | 16       |
|    time_elapsed    | 6493     |
|    total_timesteps | 109520   |
| train/             |          |
|    actor_loss      | -0.173   |
|    critic_loss     | 0.0336   |
|    ent_coef        | 0.00235  |
|    ent_coef_loss   | -0.0266  |
|    learning_rate   | 0.0003   |
|    n_updates       | 99510    |
---------------------------------
---------------------------------
| rollout/           |          |
|    ep_len_mean     | 55.2     |
|    ep_rew_mean     | 2.73     |
| time/              |          |
|    episodes        | 2052     |
|    fps             | 16       |
|    time_elapsed    | 6507     |
|    total_timesteps | 109770   |
| train/             |          |
|    actor_loss      | -0.169   |
|    critic_loss     | 0.0289   |
|    ent_coef        | 0.00232  |
|    ent_coef_loss   | 0.987    |
|    learning_rate   | 0.0003   |
|    n_updates       | 99760    |
---------------------------------
---------------------------------
| rollout/           |          |
|    ep_len_mean     | 55.4     |
|    ep_rew_mean     | 6.92     |
| time/              |          |
|    episodes        | 2056     |
|    fps             | 16       |
|    time_elapsed    | 6513     |
|    total_timesteps | 109860   |
| train/             |          |
|    actor_loss      | -0.125   |
|    critic_loss     | 0.0288   |
|    ent_coef        | 0.00233  |
|    ent_coef_loss   | 0.804    |
|    learning_rate   | 0.0003   |
|    n_updates       | 99850    |
---------------------------------
---------------------------------
| rollout/           |          |
|    ep_len_mean     | 55.1     |
|    ep_rew_mean     | 2.61     |
| time/              |          |
|    episodes        | 2060     |
|    fps             | 16       |
|    time_elapsed    | 6531     |
|    total_timesteps | 110190   |
| train/             |          |
|    actor_loss      | -0.189   |
|    critic_loss     | 0.0307   |
|    ent_coef        | 0.00234  |
|    ent_coef_loss   | 0.174    |
|    learning_rate   | 0.0003   |
|    n_updates       | 100180   |
---------------------------------
---------------------------------
| rollout/           |          |
|    ep_len_mean     | 55.3     |
|    ep_rew_mean     | 6.5      |
| time/              |          |
|    episodes        | 2064     |
|    fps             | 16       |
|    time_elapsed    | 6541     |
|    total_timesteps | 110350   |
| train/             |          |
|    actor_loss      | -0.247   |
|    critic_loss     | 0.0253   |
|    ent_coef        | 0.00234  |
|    ent_coef_loss   | -0.257   |
|    learning_rate   | 0.0003   |
|    n_updates       | 100340   |
---------------------------------
---------------------------------
| rollout/           |          |
|    ep_len_mean     | 55.8     |
|    ep_rew_mean     | 12       |
| time/              |          |
|    episodes        | 2068     |
|    fps             | 16       |
|    time_elapsed    | 6566     |
|    total_timesteps | 110760   |
| train/             |          |
|    actor_loss      | -0.113   |
|    critic_loss     | 0.037    |
|    ent_coef        | 0.0023   |
|    ent_coef_loss   | 0.635    |
|    learning_rate   | 0.0003   |
|    n_updates       | 100750   |
---------------------------------
---------------------------------
| rollout/           |          |
|    ep_len_mean     | 56       |
|    ep_rew_mean     | 15.5     |
| time/              |          |
|    episodes        | 2072     |
|    fps             | 16       |
|    time_elapsed    | 6573     |
|    total_timesteps | 110880   |
| train/             |          |
|    actor_loss      | -0.165   |
|    critic_loss     | 0.0247   |
|    ent_coef        | 0.00227  |
|    ent_coef_loss   | 0.108    |
|    learning_rate   | 0.0003   |
|    n_updates       | 100870   |
---------------------------------
---------------------------------
| rollout/           |          |
|    ep_len_mean     | 56.6     |
|    ep_rew_mean     | 23.7     |
| time/              |          |
|    episodes        | 2076     |
|    fps             | 16       |
|    time_elapsed    | 6581     |
|    total_timesteps | 111030   |
| train/             |          |
|    actor_loss      | -0.12    |
|    critic_loss     | 0.0385   |
|    ent_coef        | 0.00228  |
|    ent_coef_loss   | -0.167   |
|    learning_rate   | 0.0003   |
|    n_updates       | 101020   |
---------------------------------
---------------------------------
| rollout/           |          |
|    ep_len_mean     | 56.8     |
|    ep_rew_mean     | 23.4     |
| time/              |          |
|    episodes        | 2080     |
|    fps             | 16       |
|    time_elapsed    | 6608     |
|    total_timesteps | 111490   |
| train/             |          |
|    actor_loss      | -0.223   |
|    critic_loss     | 0.0252   |
|    ent_coef        | 0.00228  |
|    ent_coef_loss   | 0.663    |
|    learning_rate   | 0.0003   |
|    n_updates       | 101480   |
---------------------------------
---------------------------------
| rollout/           |          |
|    ep_len_mean     | 57       |
|    ep_rew_mean     | 23.7     |
| time/              |          |
|    episodes        | 2084     |
|    fps             | 16       |
|    time_elapsed    | 6609     |
|    total_timesteps | 111510   |
| train/             |          |
|    actor_loss      | -0.189   |
|    critic_loss     | 0.0302   |
|    ent_coef        | 0.00229  |
|    ent_coef_loss   | 0.692    |
|    learning_rate   | 0.0003   |
|    n_updates       | 101500   |
---------------------------------
---------------------------------
| rollout/           |          |
|    ep_len_mean     | 56.8     |
|    ep_rew_mean     | 20.7     |
| time/              |          |
|    episodes        | 2088     |
|    fps             | 16       |
|    time_elapsed    | 6621     |
|    total_timesteps | 111720   |
| train/             |          |
|    actor_loss      | -0.148   |
|    critic_loss     | 0.0334   |
|    ent_coef        | 0.00225  |
|    ent_coef_loss   | 0.0996   |
|    learning_rate   | 0.0003   |
|    n_updates       | 101710   |
---------------------------------
---------------------------------
| rollout/           |          |
|    ep_len_mean     | 56.6     |
|    ep_rew_mean     | 31.3     |
| time/              |          |
|    episodes        | 2092     |
|    fps             | 16       |
|    time_elapsed    | 6643     |
|    total_timesteps | 112100   |
| train/             |          |
|    actor_loss      | -0.213   |
|    critic_loss     | 0.0321   |
|    ent_coef        | 0.00223  |
|    ent_coef_loss   | 0.402    |
|    learning_rate   | 0.0003   |
|    n_updates       | 102090   |
---------------------------------
---------------------------------
| rollout/           |          |
|    ep_len_mean     | 57       |
|    ep_rew_mean     | 35.7     |
| time/              |          |
|    episodes        | 2096     |
|    fps             | 16       |
|    time_elapsed    | 6651     |
|    total_timesteps | 112240   |
| train/             |          |
|    actor_loss      | -0.202   |
|    critic_loss     | 0.0319   |
|    ent_coef        | 0.00224  |
|    ent_coef_loss   | 0.186    |
|    learning_rate   | 0.0003   |
|    n_updates       | 102230   |
---------------------------------
---------------------------------
| rollout/           |          |
|    ep_len_mean     | 56.5     |
|    ep_rew_mean     | 31.9     |
| time/              |          |
|    episodes        | 2100     |
|    fps             | 16       |
|    time_elapsed    | 6658     |
|    total_timesteps | 112360   |
| train/             |          |
|    actor_loss      | -0.195   |
|    critic_loss     | 0.0261   |
|    ent_coef        | 0.00226  |
|    ent_coef_loss   | -1.16    |
|    learning_rate   | 0.0003   |
|    n_updates       | 102350   |
---------------------------------
---------------------------------
| rollout/           |          |
|    ep_len_mean     | 56.5     |
|    ep_rew_mean     | 32.4     |
| time/              |          |
|    episodes        | 2104     |
|    fps             | 16       |
|    time_elapsed    | 6678     |
|    total_timesteps | 112710   |
| train/             |          |
|    actor_loss      | -0.167   |
|    critic_loss     | 0.0276   |
|    ent_coef        | 0.00222  |
|    ent_coef_loss   | -0.0848  |
|    learning_rate   | 0.0003   |
|    n_updates       | 102700   |
---------------------------------
---------------------------------
| rollout/           |          |
|    ep_len_mean     | 56.7     |
|    ep_rew_mean     | 36.6     |
| time/              |          |
|    episodes        | 2108     |
|    fps             | 16       |
|    time_elapsed    | 6691     |
|    total_timesteps | 112930   |
| train/             |          |
|    actor_loss      | -0.295   |
|    critic_loss     | 0.0297   |
|    ent_coef        | 0.00222  |
|    ent_coef_loss   | 0.205    |
|    learning_rate   | 0.0003   |
|    n_updates       | 102920   |
---------------------------------
---------------------------------
| rollout/           |          |
|    ep_len_mean     | 56.3     |
|    ep_rew_mean     | 33.2     |
| time/              |          |
|    episodes        | 2112     |
|    fps             | 16       |
|    time_elapsed    | 6699     |
|    total_timesteps | 113070   |
| train/             |          |
|    actor_loss      | -0.212   |
|    critic_loss     | 0.0337   |
|    ent_coef        | 0.00227  |
|    ent_coef_loss   | -0.631   |
|    learning_rate   | 0.0003   |
|    n_updates       | 103060   |
---------------------------------
---------------------------------
| rollout/           |          |
|    ep_len_mean     | 56       |
|    ep_rew_mean     | 33.3     |
| time/              |          |
|    episodes        | 2116     |
|    fps             | 16       |
|    time_elapsed    | 6713     |
|    total_timesteps | 113320   |
| train/             |          |
|    actor_loss      | -0.215   |
|    critic_loss     | 0.0387   |
|    ent_coef        | 0.00228  |
|    ent_coef_loss   | -0.474   |
|    learning_rate   | 0.0003   |
|    n_updates       | 103310   |
---------------------------------
---------------------------------
| rollout/           |          |
|    ep_len_mean     | 56.6     |
|    ep_rew_mean     | 41.9     |
| time/              |          |
|    episodes        | 2120     |
|    fps             | 16       |
|    time_elapsed    | 6727     |
|    total_timesteps | 113580   |
| train/             |          |
|    actor_loss      | -0.157   |
|    critic_loss     | 0.0301   |
|    ent_coef        | 0.00237  |
|    ent_coef_loss   | 0.716    |
|    learning_rate   | 0.0003   |
|    n_updates       | 103570   |
---------------------------------
---------------------------------
| rollout/           |          |
|    ep_len_mean     | 56.6     |
|    ep_rew_mean     | 46.5     |
| time/              |          |
|    episodes        | 2124     |
|    fps             | 16       |
|    time_elapsed    | 6745     |
|    total_timesteps | 113880   |
| train/             |          |
|    actor_loss      | -0.25    |
|    critic_loss     | 0.0274   |
|    ent_coef        | 0.0024   |
|    ent_coef_loss   | 0.112    |
|    learning_rate   | 0.0003   |
|    n_updates       | 103870   |
---------------------------------
---------------------------------
| rollout/           |          |
|    ep_len_mean     | 56.8     |
|    ep_rew_mean     | 51       |
| time/              |          |
|    episodes        | 2128     |
|    fps             | 16       |
|    time_elapsed    | 6760     |
|    total_timesteps | 114150   |
| train/             |          |
|    actor_loss      | -0.18    |
|    critic_loss     | 0.0293   |
|    ent_coef        | 0.00236  |
|    ent_coef_loss   | -0.542   |
|    learning_rate   | 0.0003   |
|    n_updates       | 104140   |
---------------------------------
---------------------------------
| rollout/           |          |
|    ep_len_mean     | 57.1     |
|    ep_rew_mean     | 54.5     |
| time/              |          |
|    episodes        | 2132     |
|    fps             | 16       |
|    time_elapsed    | 6773     |
|    total_timesteps | 114370   |
| train/             |          |
|    actor_loss      | -0.241   |
|    critic_loss     | 0.0263   |
|    ent_coef        | 0.00233  |
|    ent_coef_loss   | -0.0727  |
|    learning_rate   | 0.0003   |
|    n_updates       | 104360   |
---------------------------------
---------------------------------
| rollout/           |          |
|    ep_len_mean     | 57.2     |
|    ep_rew_mean     | 54.3     |
| time/              |          |
|    episodes        | 2136     |
|    fps             | 16       |
|    time_elapsed    | 6784     |
|    total_timesteps | 114560   |
| train/             |          |
|    actor_loss      | -0.216   |
|    critic_loss     | 0.0309   |
|    ent_coef        | 0.00227  |
|    ent_coef_loss   | 0.00124  |
|    learning_rate   | 0.0003   |
|    n_updates       | 104550   |
---------------------------------
---------------------------------
| rollout/           |          |
|    ep_len_mean     | 57.5     |
|    ep_rew_mean     | 58.4     |
| time/              |          |
|    episodes        | 2140     |
|    fps             | 16       |
|    time_elapsed    | 6796     |
|    total_timesteps | 114760   |
| train/             |          |
|    actor_loss      | -0.206   |
|    critic_loss     | 0.0303   |
|    ent_coef        | 0.00229  |
|    ent_coef_loss   | -0.743   |
|    learning_rate   | 0.0003   |
|    n_updates       | 104750   |
---------------------------------
---------------------------------
| rollout/           |          |
|    ep_len_mean     | 57.8     |
|    ep_rew_mean     | 62.1     |
| time/              |          |
|    episodes        | 2144     |
|    fps             | 16       |
|    time_elapsed    | 6806     |
|    total_timesteps | 114950   |
| train/             |          |
|    actor_loss      | -0.204   |
|    critic_loss     | 0.0359   |
|    ent_coef        | 0.00225  |
|    ent_coef_loss   | -0.29    |
|    learning_rate   | 0.0003   |
|    n_updates       | 104940   |
---------------------------------
---------------------------------
| rollout/           |          |
|    ep_len_mean     | 57.4     |
|    ep_rew_mean     | 57.1     |
| time/              |          |
|    episodes        | 2148     |
|    fps             | 16       |
|    time_elapsed    | 6820     |
|    total_timesteps | 115180   |
| train/             |          |
|    actor_loss      | -0.179   |
|    critic_loss     | 0.0258   |
|    ent_coef        | 0.00224  |
|    ent_coef_loss   | 0.589    |
|    learning_rate   | 0.0003   |
|    n_updates       | 105170   |
---------------------------------
---------------------------------
| rollout/           |          |
|    ep_len_mean     | 57.4     |
|    ep_rew_mean     | 57.1     |
| time/              |          |
|    episodes        | 2152     |
|    fps             | 16       |
|    time_elapsed    | 6841     |
|    total_timesteps | 115550   |
| train/             |          |
|    actor_loss      | -0.262   |
|    critic_loss     | 0.0278   |
|    ent_coef        | 0.00226  |
|    ent_coef_loss   | -0.141   |
|    learning_rate   | 0.0003   |
|    n_updates       | 105540   |
---------------------------------
---------------------------------
| rollout/           |          |
|    ep_len_mean     | 57.5     |
|    ep_rew_mean     | 56.7     |
| time/              |          |
|    episodes        | 2156     |
|    fps             | 16       |
|    time_elapsed    | 6849     |
|    total_timesteps | 115690   |
| train/             |          |
|    actor_loss      | -0.18    |
|    critic_loss     | 0.0288   |
|    ent_coef        | 0.00226  |
|    ent_coef_loss   | 0.324    |
|    learning_rate   | 0.0003   |
|    n_updates       | 105680   |
---------------------------------
---------------------------------
| rollout/           |          |
|    ep_len_mean     | 57.5     |
|    ep_rew_mean     | 57       |
| time/              |          |
|    episodes        | 2160     |
|    fps             | 16       |
|    time_elapsed    | 6860     |
|    total_timesteps | 115890   |
| train/             |          |
|    actor_loss      | -0.194   |
|    critic_loss     | 0.023    |
|    ent_coef        | 0.00227  |
|    ent_coef_loss   | -0.229   |
|    learning_rate   | 0.0003   |
|    n_updates       | 105880   |
---------------------------------
---------------------------------
| rollout/           |          |
|    ep_len_mean     | 57.4     |
|    ep_rew_mean     | 53.4     |
| time/              |          |
|    episodes        | 2164     |
|    fps             | 16       |
|    time_elapsed    | 6878     |
|    total_timesteps | 116210   |
| train/             |          |
|    actor_loss      | -0.207   |
|    critic_loss     | 0.0321   |
|    ent_coef        | 0.00229  |
|    ent_coef_loss   | 0.176    |
|    learning_rate   | 0.0003   |
|    n_updates       | 106200   |
---------------------------------
---------------------------------
| rollout/           |          |
|    ep_len_mean     | 57.2     |
|    ep_rew_mean     | 52.9     |
| time/              |          |
|    episodes        | 2168     |
|    fps             | 16       |
|    time_elapsed    | 6888     |
|    total_timesteps | 116380   |
| train/             |          |
|    actor_loss      | -0.305   |
|    critic_loss     | 0.0312   |
|    ent_coef        | 0.00225  |
|    ent_coef_loss   | -0.249   |
|    learning_rate   | 0.0003   |
|    n_updates       | 106370   |
---------------------------------
---------------------------------
| rollout/           |          |
|    ep_len_mean     | 57.4     |
|    ep_rew_mean     | 53.7     |
| time/              |          |
|    episodes        | 2172     |
|    fps             | 16       |
|    time_elapsed    | 6898     |
|    total_timesteps | 116550   |
| train/             |          |
|    actor_loss      | -0.235   |
|    critic_loss     | 0.0315   |
|    ent_coef        | 0.00223  |
|    ent_coef_loss   | -0.0487  |
|    learning_rate   | 0.0003   |
|    n_updates       | 106540   |
---------------------------------
---------------------------------
| rollout/           |          |
|    ep_len_mean     | 57.6     |
|    ep_rew_mean     | 53.7     |
| time/              |          |
|    episodes        | 2176     |
|    fps             | 16       |
|    time_elapsed    | 6920     |
|    total_timesteps | 116930   |
| train/             |          |
|    actor_loss      | -0.235   |
|    critic_loss     | 0.026    |
|    ent_coef        | 0.00221  |
|    ent_coef_loss   | 0.053    |
|    learning_rate   | 0.0003   |
|    n_updates       | 106920   |
---------------------------------
---------------------------------
| rollout/           |          |
|    ep_len_mean     | 57.7     |
|    ep_rew_mean     | 58.7     |
| time/              |          |
|    episodes        | 2180     |
|    fps             | 16       |
|    time_elapsed    | 6931     |
|    total_timesteps | 117110   |
| train/             |          |
|    actor_loss      | -0.288   |
|    critic_loss     | 0.023    |
|    ent_coef        | 0.00219  |
|    ent_coef_loss   | 0.128    |
|    learning_rate   | 0.0003   |
|    n_updates       | 107100   |
---------------------------------
---------------------------------
| rollout/           |          |
|    ep_len_mean     | 57.7     |
|    ep_rew_mean     | 58.4     |
| time/              |          |
|    episodes        | 2184     |
|    fps             | 16       |
|    time_elapsed    | 6947     |
|    total_timesteps | 117390   |
| train/             |          |
|    actor_loss      | -0.212   |
|    critic_loss     | 0.0277   |
|    ent_coef        | 0.00215  |
|    ent_coef_loss   | -0.574   |
|    learning_rate   | 0.0003   |
|    n_updates       | 107380   |
---------------------------------
---------------------------------
| rollout/           |          |
|    ep_len_mean     | 58       |
|    ep_rew_mean     | 61.7     |
| time/              |          |
|    episodes        | 2188     |
|    fps             | 16       |
|    time_elapsed    | 6962     |
|    total_timesteps | 117660   |
| train/             |          |
|    actor_loss      | -0.22    |
|    critic_loss     | 0.0272   |
|    ent_coef        | 0.0021   |
|    ent_coef_loss   | -0.295   |
|    learning_rate   | 0.0003   |
|    n_updates       | 107650   |
---------------------------------
---------------------------------
| rollout/           |          |
|    ep_len_mean     | 58.2     |
|    ep_rew_mean     | 61.7     |
| time/              |          |
|    episodes        | 2192     |
|    fps             | 16       |
|    time_elapsed    | 6970     |
|    total_timesteps | 117790   |
| train/             |          |
|    actor_loss      | -0.172   |
|    critic_loss     | 0.023    |
|    ent_coef        | 0.00212  |
|    ent_coef_loss   | -0.54    |
|    learning_rate   | 0.0003   |
|    n_updates       | 107780   |
---------------------------------
---------------------------------
| rollout/           |          |
|    ep_len_mean     | 58.3     |
|    ep_rew_mean     | 61.5     |
| time/              |          |
|    episodes        | 2196     |
|    fps             | 16       |
|    time_elapsed    | 6992     |
|    total_timesteps | 118170   |
| train/             |          |
|    actor_loss      | -0.266   |
|    critic_loss     | 0.0278   |
|    ent_coef        | 0.00206  |
|    ent_coef_loss   | -0.0577  |
|    learning_rate   | 0.0003   |
|    n_updates       | 108160   |
---------------------------------
---------------------------------
| rollout/           |          |
|    ep_len_mean     | 58.7     |
|    ep_rew_mean     | 65.4     |
| time/              |          |
|    episodes        | 2200     |
|    fps             | 16       |
|    time_elapsed    | 7002     |
|    total_timesteps | 118340   |
| train/             |          |
|    actor_loss      | -0.212   |
|    critic_loss     | 0.0333   |
|    ent_coef        | 0.00207  |
|    ent_coef_loss   | 0.354    |
|    learning_rate   | 0.0003   |
|    n_updates       | 108330   |
---------------------------------
---------------------------------
| rollout/           |          |
|    ep_len_mean     | 58.9     |
|    ep_rew_mean     | 69.3     |
| time/              |          |
|    episodes        | 2204     |
|    fps             | 16       |
|    time_elapsed    | 7017     |
|    total_timesteps | 118610   |
| train/             |          |
|    actor_loss      | -0.248   |
|    critic_loss     | 0.0291   |
|    ent_coef        | 0.00211  |
|    ent_coef_loss   | -0.121   |
|    learning_rate   | 0.0003   |
|    n_updates       | 108600   |
---------------------------------
---------------------------------
| rollout/           |          |
|    ep_len_mean     | 59       |
|    ep_rew_mean     | 69.3     |
| time/              |          |
|    episodes        | 2208     |
|    fps             | 16       |
|    time_elapsed    | 7031     |
|    total_timesteps | 118850   |
| train/             |          |
|    actor_loss      | -0.239   |
|    critic_loss     | 0.0307   |
|    ent_coef        | 0.00215  |
|    ent_coef_loss   | 0.106    |
|    learning_rate   | 0.0003   |
|    n_updates       | 108840   |
---------------------------------
---------------------------------
| rollout/           |          |
|    ep_len_mean     | 59.2     |
|    ep_rew_mean     | 73       |
| time/              |          |
|    episodes        | 2212     |
|    fps             | 16       |
|    time_elapsed    | 7040     |
|    total_timesteps | 119000   |
| train/             |          |
|    actor_loss      | -0.281   |
|    critic_loss     | 0.0241   |
|    ent_coef        | 0.00216  |
|    ent_coef_loss   | 0.0898   |
|    learning_rate   | 0.0003   |
|    n_updates       | 108990   |
---------------------------------
---------------------------------
| rollout/           |          |
|    ep_len_mean     | 59.6     |
|    ep_rew_mean     | 76.6     |
| time/              |          |
|    episodes        | 2216     |
|    fps             | 16       |
|    time_elapsed    | 7061     |
|    total_timesteps | 119360   |
| train/             |          |
|    actor_loss      | -0.264   |
|    critic_loss     | 0.0255   |
|    ent_coef        | 0.0021   |
|    ent_coef_loss   | 0.362    |
|    learning_rate   | 0.0003   |
|    n_updates       | 109350   |
---------------------------------
---------------------------------
| rollout/           |          |
|    ep_len_mean     | 59.6     |
|    ep_rew_mean     | 75.7     |
| time/              |          |
|    episodes        | 2220     |
|    fps             | 16       |
|    time_elapsed    | 7083     |
|    total_timesteps | 119540   |
| train/             |          |
|    actor_loss      | -0.206   |
|    critic_loss     | 0.0313   |
|    ent_coef        | 0.00215  |
|    ent_coef_loss   | 0.198    |
|    learning_rate   | 0.0003   |
|    n_updates       | 109530   |
---------------------------------
---------------------------------
| rollout/           |          |
|    ep_len_mean     | 59.6     |
|    ep_rew_mean     | 76.1     |
| time/              |          |
|    episodes        | 2224     |
|    fps             | 16       |
|    time_elapsed    | 7110     |
|    total_timesteps | 119840   |
| train/             |          |
|    actor_loss      | -0.192   |
|    critic_loss     | 0.0312   |
|    ent_coef        | 0.00218  |
|    ent_coef_loss   | 0.354    |
|    learning_rate   | 0.0003   |
|    n_updates       | 109830   |
---------------------------------
---------------------------------
| rollout/           |          |
|    ep_len_mean     | 59.1     |
|    ep_rew_mean     | 71.9     |
| time/              |          |
|    episodes        | 2228     |
|    fps             | 16       |
|    time_elapsed    | 7125     |
|    total_timesteps | 120070   |
| train/             |          |
|    actor_loss      | -0.253   |
|    critic_loss     | 0.0317   |
|    ent_coef        | 0.00216  |
|    ent_coef_loss   | 1.12     |
|    learning_rate   | 0.0003   |
|    n_updates       | 110060   |
---------------------------------
---------------------------------
| rollout/           |          |
|    ep_len_mean     | 58.9     |
|    ep_rew_mean     | 68.3     |
| time/              |          |
|    episodes        | 2232     |
|    fps             | 16       |
|    time_elapsed    | 7134     |
|    total_timesteps | 120210   |
| train/             |          |
|    actor_loss      | -0.263   |
|    critic_loss     | 0.0334   |
|    ent_coef        | 0.00217  |
|    ent_coef_loss   | 0.368    |
|    learning_rate   | 0.0003   |
|    n_updates       | 110200   |
---------------------------------
---------------------------------
| rollout/           |          |
|    ep_len_mean     | 58.9     |
|    ep_rew_mean     | 68.7     |
| time/              |          |
|    episodes        | 2236     |
|    fps             | 16       |
|    time_elapsed    | 7152     |
|    total_timesteps | 120500   |
| train/             |          |
|    actor_loss      | -0.232   |
|    critic_loss     | 0.0248   |
|    ent_coef        | 0.00216  |
|    ent_coef_loss   | -0.114   |
|    learning_rate   | 0.0003   |
|    n_updates       | 110490   |
---------------------------------
---------------------------------
| rollout/           |          |
|    ep_len_mean     | 59       |
|    ep_rew_mean     | 69.1     |
| time/              |          |
|    episodes        | 2240     |
|    fps             | 16       |
|    time_elapsed    | 7169     |
|    total_timesteps | 120780   |
| train/             |          |
|    actor_loss      | -0.316   |
|    critic_loss     | 0.0327   |
|    ent_coef        | 0.00215  |
|    ent_coef_loss   | -0.145   |
|    learning_rate   | 0.0003   |
|    n_updates       | 110770   |
---------------------------------
---------------------------------
| rollout/           |          |
|    ep_len_mean     | 59.7     |
|    ep_rew_mean     | 73.1     |
| time/              |          |
|    episodes        | 2244     |
|    fps             | 16       |
|    time_elapsed    | 7177     |
|    total_timesteps | 120910   |
| train/             |          |
|    actor_loss      | -0.234   |
|    critic_loss     | 0.0294   |
|    ent_coef        | 0.00218  |
|    ent_coef_loss   | -0.301   |
|    learning_rate   | 0.0003   |
|    n_updates       | 110900   |
---------------------------------
---------------------------------
| rollout/           |          |
|    ep_len_mean     | 59.4     |
|    ep_rew_mean     | 68.7     |
| time/              |          |
|    episodes        | 2248     |
|    fps             | 16       |
|    time_elapsed    | 7189     |
|    total_timesteps | 121120   |
| train/             |          |
|    actor_loss      | -0.29    |
|    critic_loss     | 0.0276   |
|    ent_coef        | 0.00216  |
|    ent_coef_loss   | 0.437    |
|    learning_rate   | 0.0003   |
|    n_updates       | 111110   |
---------------------------------
---------------------------------
| rollout/           |          |
|    ep_len_mean     | 59.3     |
|    ep_rew_mean     | 68.7     |
| time/              |          |
|    episodes        | 2252     |
|    fps             | 16       |
|    time_elapsed    | 7210     |
|    total_timesteps | 121470   |
| train/             |          |
|    actor_loss      | -0.305   |
|    critic_loss     | 0.0244   |
|    ent_coef        | 0.00219  |
|    ent_coef_loss   | -0.201   |
|    learning_rate   | 0.0003   |
|    n_updates       | 111460   |
---------------------------------
---------------------------------
| rollout/           |          |
|    ep_len_mean     | 58.9     |
|    ep_rew_mean     | 64.6     |
| time/              |          |
|    episodes        | 2256     |
|    fps             | 16       |
|    time_elapsed    | 7218     |
|    total_timesteps | 121610   |
| train/             |          |
|    actor_loss      | -0.265   |
|    critic_loss     | 0.0271   |
|    ent_coef        | 0.00216  |
|    ent_coef_loss   | 0.257    |
|    learning_rate   | 0.0003   |
|    n_updates       | 111600   |
---------------------------------
---------------------------------
| rollout/           |          |
|    ep_len_mean     | 59.3     |
|    ep_rew_mean     | 68.4     |
| time/              |          |
|    episodes        | 2260     |
|    fps             | 16       |
|    time_elapsed    | 7233     |
|    total_timesteps | 121870   |
| train/             |          |
|    actor_loss      | -0.197   |
|    critic_loss     | 0.0241   |
|    ent_coef        | 0.0022   |
|    ent_coef_loss   | 0.955    |
|    learning_rate   | 0.0003   |
|    n_updates       | 111860   |
---------------------------------
---------------------------------
| rollout/           |          |
|    ep_len_mean     | 59.7     |
|    ep_rew_mean     | 73.4     |
| time/              |          |
|    episodes        | 2264     |
|    fps             | 16       |
|    time_elapsed    | 7250     |
|    total_timesteps | 122150   |
| train/             |          |
|    actor_loss      | -0.269   |
|    critic_loss     | 0.0272   |
|    ent_coef        | 0.00226  |
|    ent_coef_loss   | 1.33     |
|    learning_rate   | 0.0003   |
|    n_updates       | 112140   |
---------------------------------
---------------------------------
| rollout/           |          |
|    ep_len_mean     | 59.2     |
|    ep_rew_mean     | 69.3     |
| time/              |          |
|    episodes        | 2268     |
|    fps             | 16       |
|    time_elapsed    | 7258     |
|    total_timesteps | 122300   |
| train/             |          |
|    actor_loss      | -0.262   |
|    critic_loss     | 0.0339   |
|    ent_coef        | 0.00227  |
|    ent_coef_loss   | -0.416   |
|    learning_rate   | 0.0003   |
|    n_updates       | 112290   |
---------------------------------
---------------------------------
| rollout/           |          |
|    ep_len_mean     | 59.6     |
|    ep_rew_mean     | 73.7     |
| time/              |          |
|    episodes        | 2272     |
|    fps             | 16       |
|    time_elapsed    | 7274     |
|    total_timesteps | 122560   |
| train/             |          |
|    actor_loss      | -0.256   |
|    critic_loss     | 0.0284   |
|    ent_coef        | 0.00219  |
|    ent_coef_loss   | -0.0992  |
|    learning_rate   | 0.0003   |
|    n_updates       | 112550   |
---------------------------------
---------------------------------
| rollout/           |          |
|    ep_len_mean     | 59.6     |
|    ep_rew_mean     | 73.8     |
| time/              |          |
|    episodes        | 2276     |
|    fps             | 16       |
|    time_elapsed    | 7292     |
|    total_timesteps | 122860   |
| train/             |          |
|    actor_loss      | -0.255   |
|    critic_loss     | 0.0253   |
|    ent_coef        | 0.00218  |
|    ent_coef_loss   | 0.161    |
|    learning_rate   | 0.0003   |
|    n_updates       | 112850   |
---------------------------------
---------------------------------
| rollout/           |          |
|    ep_len_mean     | 59.5     |
|    ep_rew_mean     | 74.2     |
| time/              |          |
|    episodes        | 2280     |
|    fps             | 16       |
|    time_elapsed    | 7300     |
|    total_timesteps | 123000   |
| train/             |          |
|    actor_loss      | -0.305   |
|    critic_loss     | 0.0267   |
|    ent_coef        | 0.00217  |
|    ent_coef_loss   | 0.111    |
|    learning_rate   | 0.0003   |
|    n_updates       | 112990   |
---------------------------------
---------------------------------
| rollout/           |          |
|    ep_len_mean     | 59.5     |
|    ep_rew_mean     | 74.6     |
| time/              |          |
|    episodes        | 2284     |
|    fps             | 16       |
|    time_elapsed    | 7320     |
|    total_timesteps | 123350   |
| train/             |          |
|    actor_loss      | -0.336   |
|    critic_loss     | 0.0298   |
|    ent_coef        | 0.00219  |
|    ent_coef_loss   | -0.474   |
|    learning_rate   | 0.0003   |
|    n_updates       | 113340   |
---------------------------------
---------------------------------
| rollout/           |          |
|    ep_len_mean     | 59.6     |
|    ep_rew_mean     | 74.6     |
| time/              |          |
|    episodes        | 2288     |
|    fps             | 16       |
|    time_elapsed    | 7335     |
|    total_timesteps | 123600   |
| train/             |          |
|    actor_loss      | -0.322   |
|    critic_loss     | 0.0225   |
|    ent_coef        | 0.00221  |
|    ent_coef_loss   | 0.102    |
|    learning_rate   | 0.0003   |
|    n_updates       | 113590   |
---------------------------------
---------------------------------
| rollout/           |          |
|    ep_len_mean     | 59.7     |
|    ep_rew_mean     | 74.9     |
| time/              |          |
|    episodes        | 2292     |
|    fps             | 16       |
|    time_elapsed    | 7347     |
|    total_timesteps | 123810   |
| train/             |          |
|    actor_loss      | -0.33    |
|    critic_loss     | 0.0267   |
|    ent_coef        | 0.00225  |
|    ent_coef_loss   | 0.407    |
|    learning_rate   | 0.0003   |
|    n_updates       | 113800   |
---------------------------------
---------------------------------
| rollout/           |          |
|    ep_len_mean     | 59.8     |
|    ep_rew_mean     | 75.5     |
| time/              |          |
|    episodes        | 2296     |
|    fps             | 16       |
|    time_elapsed    | 7365     |
|    total_timesteps | 124100   |
| train/             |          |
|    actor_loss      | -0.272   |
|    critic_loss     | 0.0234   |
|    ent_coef        | 0.00232  |
|    ent_coef_loss   | -0.231   |
|    learning_rate   | 0.0003   |
|    n_updates       | 114090   |
---------------------------------
---------------------------------
| rollout/           |          |
|    ep_len_mean     | 59.7     |
|    ep_rew_mean     | 71.7     |
| time/              |          |
|    episodes        | 2300     |
|    fps             | 16       |
|    time_elapsed    | 7374     |
|    total_timesteps | 124260   |
| train/             |          |
|    actor_loss      | -0.358   |
|    critic_loss     | 0.0261   |
|    ent_coef        | 0.0023   |
|    ent_coef_loss   | 0.315    |
|    learning_rate   | 0.0003   |
|    n_updates       | 114250   |
---------------------------------
---------------------------------
| rollout/           |          |
|    ep_len_mean     | 59.8     |
|    ep_rew_mean     | 72.1     |
| time/              |          |
|    episodes        | 2304     |
|    fps             | 16       |
|    time_elapsed    | 7396     |
|    total_timesteps | 124620   |
| train/             |          |
|    actor_loss      | -0.328   |
|    critic_loss     | 0.0246   |
|    ent_coef        | 0.00229  |
|    ent_coef_loss   | -0.578   |
|    learning_rate   | 0.0003   |
|    n_updates       | 114610   |
---------------------------------
---------------------------------
| rollout/           |          |
|    ep_len_mean     | 59.8     |
|    ep_rew_mean     | 71.7     |
| time/              |          |
|    episodes        | 2308     |
|    fps             | 16       |
|    time_elapsed    | 7412     |
|    total_timesteps | 124890   |
| train/             |          |
|    actor_loss      | -0.288   |
|    critic_loss     | 0.0229   |
|    ent_coef        | 0.00225  |
|    ent_coef_loss   | 0.348    |
|    learning_rate   | 0.0003   |
|    n_updates       | 114880   |
---------------------------------
---------------------------------
| rollout/           |          |
|    ep_len_mean     | 60       |
|    ep_rew_mean     | 72.4     |
| time/              |          |
|    episodes        | 2312     |
|    fps             | 16       |
|    time_elapsed    | 7415     |
|    total_timesteps | 124950   |
| train/             |          |
|    actor_loss      | -0.329   |
|    critic_loss     | 0.0308   |
|    ent_coef        | 0.00225  |
|    ent_coef_loss   | 0.55     |
|    learning_rate   | 0.0003   |
|    n_updates       | 114940   |
---------------------------------
---------------------------------
| rollout/           |          |
|    ep_len_mean     | 60.1     |
|    ep_rew_mean     | 73.7     |
| time/              |          |
|    episodes        | 2316     |
|    fps             | 16       |
|    time_elapsed    | 7442     |
|    total_timesteps | 125410   |
| train/             |          |
|    actor_loss      | -0.297   |
|    critic_loss     | 0.0245   |
|    ent_coef        | 0.00226  |
|    ent_coef_loss   | 0.347    |
|    learning_rate   | 0.0003   |
|    n_updates       | 115400   |
---------------------------------
---------------------------------
| rollout/           |          |
|    ep_len_mean     | 60.2     |
|    ep_rew_mean     | 74.7     |
| time/              |          |
|    episodes        | 2320     |
|    fps             | 16       |
|    time_elapsed    | 7450     |
|    total_timesteps | 125550   |
| train/             |          |
|    actor_loss      | -0.322   |
|    critic_loss     | 0.0278   |
|    ent_coef        | 0.00228  |
|    ent_coef_loss   | -0.388   |
|    learning_rate   | 0.0003   |
|    n_updates       | 115540   |
---------------------------------
---------------------------------
| rollout/           |          |
|    ep_len_mean     | 60.4     |
|    ep_rew_mean     | 74.9     |
| time/              |          |
|    episodes        | 2324     |
|    fps             | 16       |
|    time_elapsed    | 7476     |
|    total_timesteps | 125980   |
| train/             |          |
|    actor_loss      | -0.347   |
|    critic_loss     | 0.0283   |
|    ent_coef        | 0.0023   |
|    ent_coef_loss   | 0.404    |
|    learning_rate   | 0.0003   |
|    n_updates       | 115970   |
---------------------------------
---------------------------------
| rollout/           |          |
|    ep_len_mean     | 61.1     |
|    ep_rew_mean     | 79.3     |
| time/              |          |
|    episodes        | 2328     |
|    fps             | 16       |
|    time_elapsed    | 7486     |
|    total_timesteps | 126150   |
| train/             |          |
|    actor_loss      | -0.338   |
|    critic_loss     | 0.0188   |
|    ent_coef        | 0.00227  |
|    ent_coef_loss   | -0.273   |
|    learning_rate   | 0.0003   |
|    n_updates       | 116140   |
---------------------------------
---------------------------------
| rollout/           |          |
|    ep_len_mean     | 61.4     |
|    ep_rew_mean     | 83.9     |
| time/              |          |
|    episodes        | 2332     |
|    fps             | 16       |
|    time_elapsed    | 7494     |
|    total_timesteps | 126280   |
| train/             |          |
|    actor_loss      | -0.331   |
|    critic_loss     | 0.026    |
|    ent_coef        | 0.00227  |
|    ent_coef_loss   | -0.139   |
|    learning_rate   | 0.0003   |
|    n_updates       | 116270   |
---------------------------------
---------------------------------
| rollout/           |          |
|    ep_len_mean     | 61.3     |
|    ep_rew_mean     | 84.2     |
| time/              |          |
|    episodes        | 2336     |
|    fps             | 16       |
|    time_elapsed    | 7516     |
|    total_timesteps | 126670   |
| train/             |          |
|    actor_loss      | -0.34    |
|    critic_loss     | 0.0317   |
|    ent_coef        | 0.00224  |
|    ent_coef_loss   | 0.446    |
|    learning_rate   | 0.0003   |
|    n_updates       | 116660   |
---------------------------------
---------------------------------
| rollout/           |          |
|    ep_len_mean     | 61.2     |
|    ep_rew_mean     | 84       |
| time/              |          |
|    episodes        | 2340     |
|    fps             | 16       |
|    time_elapsed    | 7523     |
|    total_timesteps | 126800   |
| train/             |          |
|    actor_loss      | -0.344   |
|    critic_loss     | 0.0226   |
|    ent_coef        | 0.0022   |
|    ent_coef_loss   | -0.156   |
|    learning_rate   | 0.0003   |
|    n_updates       | 116790   |
---------------------------------
---------------------------------
| rollout/           |          |
|    ep_len_mean     | 61.2     |
|    ep_rew_mean     | 85.5     |
| time/              |          |
|    episodes        | 2344     |
|    fps             | 16       |
|    time_elapsed    | 7548     |
|    total_timesteps | 127220   |
| train/             |          |
|    actor_loss      | -0.286   |
|    critic_loss     | 0.0232   |
|    ent_coef        | 0.00213  |
|    ent_coef_loss   | 0.308    |
|    learning_rate   | 0.0003   |
|    n_updates       | 117210   |
---------------------------------
---------------------------------
| rollout/           |          |
|    ep_len_mean     | 62       |
|    ep_rew_mean     | 94.9     |
| time/              |          |
|    episodes        | 2348     |
|    fps             | 16       |
|    time_elapsed    | 7555     |
|    total_timesteps | 127340   |
| train/             |          |
|    actor_loss      | -0.328   |
|    critic_loss     | 0.0277   |
|    ent_coef        | 0.00212  |
|    ent_coef_loss   | -0.674   |
|    learning_rate   | 0.0003   |
|    n_updates       | 117330   |
---------------------------------
---------------------------------
| rollout/           |          |
|    ep_len_mean     | 62       |
|    ep_rew_mean     | 95.4     |
| time/              |          |
|    episodes        | 2352     |
|    fps             | 16       |
|    time_elapsed    | 7568     |
|    total_timesteps | 127560   |
| train/             |          |
|    actor_loss      | -0.356   |
|    critic_loss     | 0.021    |
|    ent_coef        | 0.00215  |
|    ent_coef_loss   | 0.223    |
|    learning_rate   | 0.0003   |
|    n_updates       | 117550   |
---------------------------------
---------------------------------
| rollout/           |          |
|    ep_len_mean     | 62       |
|    ep_rew_mean     | 95.5     |
| time/              |          |
|    episodes        | 2356     |
|    fps             | 16       |
|    time_elapsed    | 7587     |
|    total_timesteps | 127870   |
| train/             |          |
|    actor_loss      | -0.341   |
|    critic_loss     | 0.0217   |
|    ent_coef        | 0.00222  |
|    ent_coef_loss   | 0.537    |
|    learning_rate   | 0.0003   |
|    n_updates       | 117860   |
---------------------------------
---------------------------------
| rollout/           |          |
|    ep_len_mean     | 61.5     |
|    ep_rew_mean     | 91.3     |
| time/              |          |
|    episodes        | 2360     |
|    fps             | 16       |
|    time_elapsed    | 7594     |
|    total_timesteps | 127980   |
| train/             |          |
|    actor_loss      | -0.267   |
|    critic_loss     | 0.0201   |
|    ent_coef        | 0.00223  |
|    ent_coef_loss   | 0.465    |
|    learning_rate   | 0.0003   |
|    n_updates       | 117970   |
---------------------------------
---------------------------------
| rollout/           |          |
|    ep_len_mean     | 61.4     |
|    ep_rew_mean     | 90.6     |
| time/              |          |
|    episodes        | 2364     |
|    fps             | 16       |
|    time_elapsed    | 7607     |
|    total_timesteps | 128210   |
| train/             |          |
|    actor_loss      | -0.319   |
|    critic_loss     | 0.0232   |
|    ent_coef        | 0.00222  |
|    ent_coef_loss   | -0.601   |
|    learning_rate   | 0.0003   |
|    n_updates       | 118200   |
---------------------------------
---------------------------------
| rollout/           |          |
|    ep_len_mean     | 61.8     |
|    ep_rew_mean     | 94.4     |
| time/              |          |
|    episodes        | 2368     |
|    fps             | 16       |
|    time_elapsed    | 7625     |
|    total_timesteps | 128520   |
| train/             |          |
|    actor_loss      | -0.361   |
|    critic_loss     | 0.0258   |
|    ent_coef        | 0.00215  |
|    ent_coef_loss   | -0.434   |
|    learning_rate   | 0.0003   |
|    n_updates       | 118510   |
---------------------------------
---------------------------------
| rollout/           |          |
|    ep_len_mean     | 61.7     |
|    ep_rew_mean     | 93.5     |
| time/              |          |
|    episodes        | 2372     |
|    fps             | 16       |
|    time_elapsed    | 7633     |
|    total_timesteps | 128640   |
| train/             |          |
|    actor_loss      | -0.395   |
|    critic_loss     | 0.0156   |
|    ent_coef        | 0.00213  |
|    ent_coef_loss   | 0.657    |
|    learning_rate   | 0.0003   |
|    n_updates       | 118630   |
---------------------------------
---------------------------------
| rollout/           |          |
|    ep_len_mean     | 61.6     |
|    ep_rew_mean     | 89.3     |
| time/              |          |
|    episodes        | 2376     |
|    fps             | 16       |
|    time_elapsed    | 7656     |
|    total_timesteps | 129050   |
| train/             |          |
|    actor_loss      | -0.386   |
|    critic_loss     | 0.0257   |
|    ent_coef        | 0.00214  |
|    ent_coef_loss   | -0.13    |
|    learning_rate   | 0.0003   |
|    n_updates       | 119040   |
---------------------------------
---------------------------------
| rollout/           |          |
|    ep_len_mean     | 61.7     |
|    ep_rew_mean     | 88.9     |
| time/              |          |
|    episodes        | 2380     |
|    fps             | 16       |
|    time_elapsed    | 7666     |
|    total_timesteps | 129210   |
| train/             |          |
|    actor_loss      | -0.317   |
|    critic_loss     | 0.0234   |
|    ent_coef        | 0.00214  |
|    ent_coef_loss   | -1.01    |
|    learning_rate   | 0.0003   |
|    n_updates       | 119200   |
---------------------------------
---------------------------------
| rollout/           |          |
|    ep_len_mean     | 61.9     |
|    ep_rew_mean     | 87.6     |
| time/              |          |
|    episodes        | 2384     |
|    fps             | 16       |
|    time_elapsed    | 7681     |
|    total_timesteps | 129460   |
| train/             |          |
|    actor_loss      | -0.316   |
|    critic_loss     | 0.0197   |
|    ent_coef        | 0.00214  |
|    ent_coef_loss   | 0.511    |
|    learning_rate   | 0.0003   |
|    n_updates       | 119450   |
---------------------------------
---------------------------------
| rollout/           |          |
|    ep_len_mean     | 61.8     |
|    ep_rew_mean     | 88.4     |
| time/              |          |
|    episodes        | 2388     |
|    fps             | 16       |
|    time_elapsed    | 7697     |
|    total_timesteps | 129740   |
| train/             |          |
|    actor_loss      | -0.335   |
|    critic_loss     | 0.025    |
|    ent_coef        | 0.00218  |
|    ent_coef_loss   | -0.0983  |
|    learning_rate   | 0.0003   |
|    n_updates       | 119730   |
---------------------------------
---------------------------------
| rollout/           |          |
|    ep_len_mean     | 61.6     |
|    ep_rew_mean     | 88.6     |
| time/              |          |
|    episodes        | 2392     |
|    fps             | 16       |
|    time_elapsed    | 7708     |
|    total_timesteps | 129910   |
| train/             |          |
|    actor_loss      | -0.402   |
|    critic_loss     | 0.0228   |
|    ent_coef        | 0.00216  |
|    ent_coef_loss   | -0.649   |
|    learning_rate   | 0.0003   |
|    n_updates       | 119900   |
---------------------------------
---------------------------------
| rollout/           |          |
|    ep_len_mean     | 61       |
|    ep_rew_mean     | 79.4     |
| time/              |          |
|    episodes        | 2396     |
|    fps             | 16       |
|    time_elapsed    | 7721     |
|    total_timesteps | 130140   |
| train/             |          |
|    actor_loss      | -0.354   |
|    critic_loss     | 0.0187   |
|    ent_coef        | 0.00216  |
|    ent_coef_loss   | 0.674    |
|    learning_rate   | 0.0003   |
|    n_updates       | 120130   |
---------------------------------
---------------------------------
| rollout/           |          |
|    ep_len_mean     | 60.6     |
|    ep_rew_mean     | 79.1     |
| time/              |          |
|    episodes        | 2400     |
|    fps             | 16       |
|    time_elapsed    | 7736     |
|    total_timesteps | 130390   |
| train/             |          |
|    actor_loss      | -0.316   |
|    critic_loss     | 0.0273   |
|    ent_coef        | 0.00215  |
|    ent_coef_loss   | 1.09     |
|    learning_rate   | 0.0003   |
|    n_updates       | 120380   |
---------------------------------
---------------------------------
| rollout/           |          |
|    ep_len_mean     | 60.7     |
|    ep_rew_mean     | 78.7     |
| time/              |          |
|    episodes        | 2404     |
|    fps             | 16       |
|    time_elapsed    | 7752     |
|    total_timesteps | 130680   |
| train/             |          |
|    actor_loss      | -0.397   |
|    critic_loss     | 0.0263   |
|    ent_coef        | 0.00218  |
|    ent_coef_loss   | 0.0677   |
|    learning_rate   | 0.0003   |
|    n_updates       | 120670   |
---------------------------------
---------------------------------
| rollout/           |          |
|    ep_len_mean     | 60.8     |
|    ep_rew_mean     | 78.9     |
| time/              |          |
|    episodes        | 2408     |
|    fps             | 16       |
|    time_elapsed    | 7766     |
|    total_timesteps | 130910   |
| train/             |          |
|    actor_loss      | -0.352   |
|    critic_loss     | 0.0223   |
|    ent_coef        | 0.00213  |
|    ent_coef_loss   | 0.204    |
|    learning_rate   | 0.0003   |
|    n_updates       | 120900   |
---------------------------------
---------------------------------
| rollout/           |          |
|    ep_len_mean     | 60.6     |
|    ep_rew_mean     | 78.3     |
| time/              |          |
|    episodes        | 2412     |
|    fps             | 16       |
|    time_elapsed    | 7781     |
|    total_timesteps | 131170   |
| train/             |          |
|    actor_loss      | -0.361   |
|    critic_loss     | 0.0201   |
|    ent_coef        | 0.00219  |
|    ent_coef_loss   | -0.0736  |
|    learning_rate   | 0.0003   |
|    n_updates       | 121160   |
---------------------------------
---------------------------------
| rollout/           |          |
|    ep_len_mean     | 60.5     |
|    ep_rew_mean     | 78.3     |
| time/              |          |
|    episodes        | 2416     |
|    fps             | 16       |
|    time_elapsed    | 7792     |
|    total_timesteps | 131350   |
| train/             |          |
|    actor_loss      | -0.348   |
|    critic_loss     | 0.026    |
|    ent_coef        | 0.0022   |
|    ent_coef_loss   | 0.174    |
|    learning_rate   | 0.0003   |
|    n_updates       | 121340   |
---------------------------------
---------------------------------
| rollout/           |          |
|    ep_len_mean     | 60.2     |
|    ep_rew_mean     | 74.4     |
| time/              |          |
|    episodes        | 2420     |
|    fps             | 16       |
|    time_elapsed    | 7808     |
|    total_timesteps | 131620   |
| train/             |          |
|    actor_loss      | -0.366   |
|    critic_loss     | 0.0257   |
|    ent_coef        | 0.00221  |
|    ent_coef_loss   | -0.52    |
|    learning_rate   | 0.0003   |
|    n_updates       | 121610   |
---------------------------------
---------------------------------
| rollout/           |          |
|    ep_len_mean     | 60.1     |
|    ep_rew_mean     | 74.5     |
| time/              |          |
|    episodes        | 2424     |
|    fps             | 16       |
|    time_elapsed    | 7824     |
|    total_timesteps | 131910   |
| train/             |          |
|    actor_loss      | -0.351   |
|    critic_loss     | 0.0242   |
|    ent_coef        | 0.00216  |
|    ent_coef_loss   | 0.195    |
|    learning_rate   | 0.0003   |
|    n_updates       | 121900   |
---------------------------------
---------------------------------
| rollout/           |          |
|    ep_len_mean     | 59.9     |
|    ep_rew_mean     | 74.6     |
| time/              |          |
|    episodes        | 2428     |
|    fps             | 16       |
|    time_elapsed    | 7836     |
|    total_timesteps | 132110   |
| train/             |          |
|    actor_loss      | -0.418   |
|    critic_loss     | 0.0267   |
|    ent_coef        | 0.00218  |
|    ent_coef_loss   | -0.612   |
|    learning_rate   | 0.0003   |
|    n_updates       | 122100   |
---------------------------------
---------------------------------
| rollout/           |          |
|    ep_len_mean     | 59.8     |
|    ep_rew_mean     | 73.8     |
| time/              |          |
|    episodes        | 2432     |
|    fps             | 16       |
|    time_elapsed    | 7846     |
|    total_timesteps | 132280   |
| train/             |          |
|    actor_loss      | -0.409   |
|    critic_loss     | 0.0267   |
|    ent_coef        | 0.00215  |
|    ent_coef_loss   | -1.19    |
|    learning_rate   | 0.0003   |
|    n_updates       | 122270   |
---------------------------------
---------------------------------
| rollout/           |          |
|    ep_len_mean     | 59.2     |
|    ep_rew_mean     | 69.4     |
| time/              |          |
|    episodes        | 2436     |
|    fps             | 16       |
|    time_elapsed    | 7862     |
|    total_timesteps | 132540   |
| train/             |          |
|    actor_loss      | -0.393   |
|    critic_loss     | 0.0216   |
|    ent_coef        | 0.00216  |
|    ent_coef_loss   | -1.02    |
|    learning_rate   | 0.0003   |
|    n_updates       | 122530   |
---------------------------------
---------------------------------
| rollout/           |          |
|    ep_len_mean     | 59.2     |
|    ep_rew_mean     | 69.6     |
| time/              |          |
|    episodes        | 2440     |
|    fps             | 16       |
|    time_elapsed    | 7877     |
|    total_timesteps | 132810   |
| train/             |          |
|    actor_loss      | -0.331   |
|    critic_loss     | 0.0204   |
|    ent_coef        | 0.00213  |
|    ent_coef_loss   | -0.242   |
|    learning_rate   | 0.0003   |
|    n_updates       | 122800   |
---------------------------------
---------------------------------
| rollout/           |          |
|    ep_len_mean     | 59.1     |
|    ep_rew_mean     | 69.4     |
| time/              |          |
|    episodes        | 2444     |
|    fps             | 16       |
|    time_elapsed    | 7884     |
|    total_timesteps | 132940   |
| train/             |          |
|    actor_loss      | -0.276   |
|    critic_loss     | 0.0278   |
|    ent_coef        | 0.0021   |
|    ent_coef_loss   | 0.436    |
|    learning_rate   | 0.0003   |
|    n_updates       | 122930   |
---------------------------------
---------------------------------
| rollout/           |          |
|    ep_len_mean     | 59       |
|    ep_rew_mean     | 69.1     |
| time/              |          |
|    episodes        | 2448     |
|    fps             | 16       |
|    time_elapsed    | 7905     |
|    total_timesteps | 133290   |
| train/             |          |
|    actor_loss      | -0.348   |
|    critic_loss     | 0.019    |
|    ent_coef        | 0.00214  |
|    ent_coef_loss   | 0.378    |
|    learning_rate   | 0.0003   |
|    n_updates       | 123280   |
---------------------------------
---------------------------------
| rollout/           |          |
|    ep_len_mean     | 59       |
|    ep_rew_mean     | 68.8     |
| time/              |          |
|    episodes        | 2452     |
|    fps             | 16       |
|    time_elapsed    | 7915     |
|    total_timesteps | 133460   |
| train/             |          |
|    actor_loss      | -0.412   |
|    critic_loss     | 0.0291   |
|    ent_coef        | 0.00214  |
|    ent_coef_loss   | 0.637    |
|    learning_rate   | 0.0003   |
|    n_updates       | 123450   |
---------------------------------
---------------------------------
| rollout/           |          |
|    ep_len_mean     | 59.2     |
|    ep_rew_mean     | 73.1     |
| time/              |          |
|    episodes        | 2456     |
|    fps             | 16       |
|    time_elapsed    | 7934     |
|    total_timesteps | 133760   |
| train/             |          |
|    actor_loss      | -0.429   |
|    critic_loss     | 0.0245   |
|    ent_coef        | 0.0021   |
|    ent_coef_loss   | -0.0199  |
|    learning_rate   | 0.0003   |
|    n_updates       | 123750   |
---------------------------------
---------------------------------
| rollout/           |          |
|    ep_len_mean     | 59.6     |
|    ep_rew_mean     | 77.9     |
| time/              |          |
|    episodes        | 2460     |
|    fps             | 16       |
|    time_elapsed    | 7952     |
|    total_timesteps | 134060   |
| train/             |          |
|    actor_loss      | -0.373   |
|    critic_loss     | 0.027    |
|    ent_coef        | 0.00211  |
|    ent_coef_loss   | 1.31     |
|    learning_rate   | 0.0003   |
|    n_updates       | 124050   |
---------------------------------
---------------------------------
| rollout/           |          |
|    ep_len_mean     | 59.6     |
|    ep_rew_mean     | 78       |
| time/              |          |
|    episodes        | 2464     |
|    fps             | 16       |
|    time_elapsed    | 7955     |
|    total_timesteps | 134120   |
| train/             |          |
|    actor_loss      | -0.378   |
|    critic_loss     | 0.0268   |
|    ent_coef        | 0.00212  |
|    ent_coef_loss   | 0.736    |
|    learning_rate   | 0.0003   |
|    n_updates       | 124110   |
---------------------------------
---------------------------------
| rollout/           |          |
|    ep_len_mean     | 59.4     |
|    ep_rew_mean     | 74.3     |
| time/              |          |
|    episodes        | 2468     |
|    fps             | 16       |
|    time_elapsed    | 7979     |
|    total_timesteps | 134520   |
| train/             |          |
|    actor_loss      | -0.36    |
|    critic_loss     | 0.0226   |
|    ent_coef        | 0.00211  |
|    ent_coef_loss   | -0.234   |
|    learning_rate   | 0.0003   |
|    n_updates       | 124510   |
---------------------------------
---------------------------------
| rollout/           |          |
|    ep_len_mean     | 59.6     |
|    ep_rew_mean     | 74.2     |
| time/              |          |
|    episodes        | 2472     |
|    fps             | 16       |
|    time_elapsed    | 7990     |
|    total_timesteps | 134710   |
| train/             |          |
|    actor_loss      | -0.392   |
|    critic_loss     | 0.0235   |
|    ent_coef        | 0.00211  |
|    ent_coef_loss   | 0.0213   |
|    learning_rate   | 0.0003   |
|    n_updates       | 124700   |
---------------------------------
---------------------------------
| rollout/           |          |
|    ep_len_mean     | 59.7     |
|    ep_rew_mean     | 78       |
| time/              |          |
|    episodes        | 2476     |
|    fps             | 16       |
|    time_elapsed    | 8008     |
|    total_timesteps | 135010   |
| train/             |          |
|    actor_loss      | -0.364   |
|    critic_loss     | 0.0242   |
|    ent_coef        | 0.00209  |
|    ent_coef_loss   | 0.608    |
|    learning_rate   | 0.0003   |
|    n_updates       | 125000   |
---------------------------------
---------------------------------
| rollout/           |          |
|    ep_len_mean     | 59.3     |
|    ep_rew_mean     | 73.8     |
| time/              |          |
|    episodes        | 2480     |
|    fps             | 16       |
|    time_elapsed    | 8016     |
|    total_timesteps | 135150   |
| train/             |          |
|    actor_loss      | -0.387   |
|    critic_loss     | 0.0213   |
|    ent_coef        | 0.0021   |
|    ent_coef_loss   | -0.249   |
|    learning_rate   | 0.0003   |
|    n_updates       | 125140   |
---------------------------------
---------------------------------
| rollout/           |          |
|    ep_len_mean     | 59.2     |
|    ep_rew_mean     | 74.2     |
| time/              |          |
|    episodes        | 2484     |
|    fps             | 16       |
|    time_elapsed    | 8027     |
|    total_timesteps | 135340   |
| train/             |          |
|    actor_loss      | -0.382   |
|    critic_loss     | 0.0233   |
|    ent_coef        | 0.00205  |
|    ent_coef_loss   | -0.264   |
|    learning_rate   | 0.0003   |
|    n_updates       | 125330   |
---------------------------------
---------------------------------
| rollout/           |          |
|    ep_len_mean     | 58.5     |
|    ep_rew_mean     | 65.6     |
| time/              |          |
|    episodes        | 2488     |
|    fps             | 16       |
|    time_elapsed    | 8044     |
|    total_timesteps | 135630   |
| train/             |          |
|    actor_loss      | -0.4     |
|    critic_loss     | 0.0284   |
|    ent_coef        | 0.00204  |
|    ent_coef_loss   | 0.0318   |
|    learning_rate   | 0.0003   |
|    n_updates       | 125620   |
---------------------------------
---------------------------------
| rollout/           |          |
|    ep_len_mean     | 58.5     |
|    ep_rew_mean     | 64.4     |
| time/              |          |
|    episodes        | 2492     |
|    fps             | 16       |
|    time_elapsed    | 8054     |
|    total_timesteps | 135800   |
| train/             |          |
|    actor_loss      | -0.382   |
|    critic_loss     | 0.0246   |
|    ent_coef        | 0.00209  |
|    ent_coef_loss   | 0.535    |
|    learning_rate   | 0.0003   |
|    n_updates       | 125790   |
---------------------------------
---------------------------------
| rollout/           |          |
|    ep_len_mean     | 59       |
|    ep_rew_mean     | 73       |
| time/              |          |
|    episodes        | 2496     |
|    fps             | 16       |
|    time_elapsed    | 8074     |
|    total_timesteps | 136110   |
| train/             |          |
|    actor_loss      | -0.459   |
|    critic_loss     | 0.0249   |
|    ent_coef        | 0.00211  |
|    ent_coef_loss   | 0.0639   |
|    learning_rate   | 0.0003   |
|    n_updates       | 126100   |
---------------------------------
---------------------------------
| rollout/           |          |
|    ep_len_mean     | 59.4     |
|    ep_rew_mean     | 76.9     |
| time/              |          |
|    episodes        | 2500     |
|    fps             | 16       |
|    time_elapsed    | 8087     |
|    total_timesteps | 136320   |
| train/             |          |
|    actor_loss      | -0.392   |
|    critic_loss     | 0.0336   |
|    ent_coef        | 0.00212  |
|    ent_coef_loss   | 0.293    |
|    learning_rate   | 0.0003   |
|    n_updates       | 126310   |
---------------------------------
---------------------------------
| rollout/           |          |
|    ep_len_mean     | 59       |
|    ep_rew_mean     | 72.9     |
| time/              |          |
|    episodes        | 2504     |
|    fps             | 16       |
|    time_elapsed    | 8101     |
|    total_timesteps | 136550   |
| train/             |          |
|    actor_loss      | -0.419   |
|    critic_loss     | 0.0239   |
|    ent_coef        | 0.00214  |
|    ent_coef_loss   | -0.262   |
|    learning_rate   | 0.0003   |
|    n_updates       | 126540   |
---------------------------------
---------------------------------
| rollout/           |          |
|    ep_len_mean     | 59.2     |
|    ep_rew_mean     | 72.6     |
| time/              |          |
|    episodes        | 2508     |
|    fps             | 16       |
|    time_elapsed    | 8117     |
|    total_timesteps | 136810   |
| train/             |          |
|    actor_loss      | -0.387   |
|    critic_loss     | 0.0246   |
|    ent_coef        | 0.00208  |
|    ent_coef_loss   | -0.306   |
|    learning_rate   | 0.0003   |
|    n_updates       | 126800   |
---------------------------------
---------------------------------
| rollout/           |          |
|    ep_len_mean     | 59.1     |
|    ep_rew_mean     | 73.2     |
| time/              |          |
|    episodes        | 2512     |
|    fps             | 16       |
|    time_elapsed    | 8129     |
|    total_timesteps | 137010   |
| train/             |          |
|    actor_loss      | -0.375   |
|    critic_loss     | 0.0278   |
|    ent_coef        | 0.00205  |
|    ent_coef_loss   | 0.412    |
|    learning_rate   | 0.0003   |
|    n_updates       | 127000   |
---------------------------------
---------------------------------
| rollout/           |          |
|    ep_len_mean     | 59       |
|    ep_rew_mean     | 73.2     |
| time/              |          |
|    episodes        | 2516     |
|    fps             | 16       |
|    time_elapsed    | 8145     |
|    total_timesteps | 137290   |
| train/             |          |
|    actor_loss      | -0.415   |
|    critic_loss     | 0.027    |
|    ent_coef        | 0.00208  |
|    ent_coef_loss   | -0.0411  |
|    learning_rate   | 0.0003   |
|    n_updates       | 127280   |
---------------------------------
---------------------------------
| rollout/           |          |
|    ep_len_mean     | 59.4     |
|    ep_rew_mean     | 76.4     |
| time/              |          |
|    episodes        | 2520     |
|    fps             | 16       |
|    time_elapsed    | 8162     |
|    total_timesteps | 137570   |
| train/             |          |
|    actor_loss      | -0.421   |
|    critic_loss     | 0.0241   |
|    ent_coef        | 0.00211  |
|    ent_coef_loss   | 0.398    |
|    learning_rate   | 0.0003   |
|    n_updates       | 127560   |
---------------------------------
---------------------------------
| rollout/           |          |
|    ep_len_mean     | 59.5     |
|    ep_rew_mean     | 75.5     |
| time/              |          |
|    episodes        | 2524     |
|    fps             | 16       |
|    time_elapsed    | 8176     |
|    total_timesteps | 137800   |
| train/             |          |
|    actor_loss      | -0.424   |
|    critic_loss     | 0.024    |
|    ent_coef        | 0.00215  |
|    ent_coef_loss   | 0.19     |
|    learning_rate   | 0.0003   |
|    n_updates       | 127790   |
---------------------------------
---------------------------------
| rollout/           |          |
|    ep_len_mean     | 59.2     |
|    ep_rew_mean     | 72       |
| time/              |          |
|    episodes        | 2528     |
|    fps             | 16       |
|    time_elapsed    | 8189     |
|    total_timesteps | 138010   |
| train/             |          |
|    actor_loss      | -0.435   |
|    critic_loss     | 0.0206   |
|    ent_coef        | 0.00213  |
|    ent_coef_loss   | -0.902   |
|    learning_rate   | 0.0003   |
|    n_updates       | 128000   |
---------------------------------
---------------------------------
| rollout/           |          |
|    ep_len_mean     | 59.3     |
|    ep_rew_mean     | 71.7     |
| time/              |          |
|    episodes        | 2532     |
|    fps             | 16       |
|    time_elapsed    | 8203     |
|    total_timesteps | 138260   |
| train/             |          |
|    actor_loss      | -0.382   |
|    critic_loss     | 0.029    |
|    ent_coef        | 0.00215  |
|    ent_coef_loss   | -0.076   |
|    learning_rate   | 0.0003   |
|    n_updates       | 128250   |
---------------------------------
---------------------------------
| rollout/           |          |
|    ep_len_mean     | 59.8     |
|    ep_rew_mean     | 75.8     |
| time/              |          |
|    episodes        | 2536     |
|    fps             | 16       |
|    time_elapsed    | 8217     |
|    total_timesteps | 138490   |
| train/             |          |
|    actor_loss      | -0.364   |
|    critic_loss     | 0.0192   |
|    ent_coef        | 0.00215  |
|    ent_coef_loss   | -0.181   |
|    learning_rate   | 0.0003   |
|    n_updates       | 128480   |
---------------------------------
---------------------------------
| rollout/           |          |
|    ep_len_mean     | 59.9     |
|    ep_rew_mean     | 75.4     |
| time/              |          |
|    episodes        | 2540     |
|    fps             | 16       |
|    time_elapsed    | 8237     |
|    total_timesteps | 138830   |
| train/             |          |
|    actor_loss      | -0.404   |
|    critic_loss     | 0.0226   |
|    ent_coef        | 0.00216  |
|    ent_coef_loss   | 0.115    |
|    learning_rate   | 0.0003   |
|    n_updates       | 128820   |
---------------------------------
---------------------------------
| rollout/           |          |
|    ep_len_mean     | 59.9     |
|    ep_rew_mean     | 74.8     |
| time/              |          |
|    episodes        | 2544     |
|    fps             | 16       |
|    time_elapsed    | 8248     |
|    total_timesteps | 139020   |
| train/             |          |
|    actor_loss      | -0.457   |
|    critic_loss     | 0.0201   |
|    ent_coef        | 0.00213  |
|    ent_coef_loss   | 0.195    |
|    learning_rate   | 0.0003   |
|    n_updates       | 129010   |
---------------------------------
---------------------------------
| rollout/           |          |
|    ep_len_mean     | 59.6     |
|    ep_rew_mean     | 70.5     |
| time/              |          |
|    episodes        | 2548     |
|    fps             | 16       |
|    time_elapsed    | 8259     |
|    total_timesteps | 139200   |
| train/             |          |
|    actor_loss      | -0.514   |
|    critic_loss     | 0.0184   |
|    ent_coef        | 0.00214  |
|    ent_coef_loss   | 0.0364   |
|    learning_rate   | 0.0003   |
|    n_updates       | 129190   |
---------------------------------
---------------------------------
| rollout/           |          |
|    ep_len_mean     | 59.6     |
|    ep_rew_mean     | 69.8     |
| time/              |          |
|    episodes        | 2552     |
|    fps             | 16       |
|    time_elapsed    | 8272     |
|    total_timesteps | 139430   |
| train/             |          |
|    actor_loss      | -0.439   |
|    critic_loss     | 0.0266   |
|    ent_coef        | 0.00216  |
|    ent_coef_loss   | 0.705    |
|    learning_rate   | 0.0003   |
|    n_updates       | 129420   |
---------------------------------
---------------------------------
| rollout/           |          |
|    ep_len_mean     | 59.6     |
|    ep_rew_mean     | 70       |
| time/              |          |
|    episodes        | 2556     |
|    fps             | 16       |
|    time_elapsed    | 8292     |
|    total_timesteps | 139750   |
| train/             |          |
|    actor_loss      | -0.401   |
|    critic_loss     | 0.0214   |
|    ent_coef        | 0.00219  |
|    ent_coef_loss   | -0.228   |
|    learning_rate   | 0.0003   |
|    n_updates       | 129740   |
---------------------------------
---------------------------------
| rollout/           |          |
|    ep_len_mean     | 59.8     |
|    ep_rew_mean     | 69.8     |
| time/              |          |
|    episodes        | 2560     |
|    fps             | 16       |
|    time_elapsed    | 8304     |
|    total_timesteps | 139950   |
| train/             |          |
|    actor_loss      | -0.402   |
|    critic_loss     | 0.0255   |
|    ent_coef        | 0.00219  |
|    ent_coef_loss   | 0.586    |
|    learning_rate   | 0.0003   |
|    n_updates       | 129940   |
---------------------------------
---------------------------------
| rollout/           |          |
|    ep_len_mean     | 59.5     |
|    ep_rew_mean     | 65.6     |
| time/              |          |
|    episodes        | 2564     |
|    fps             | 16       |
|    time_elapsed    | 8313     |
|    total_timesteps | 140110   |
| train/             |          |
|    actor_loss      | -0.34    |
|    critic_loss     | 0.0245   |
|    ent_coef        | 0.0022   |
|    ent_coef_loss   | -0.0235  |
|    learning_rate   | 0.0003   |
|    n_updates       | 130100   |
---------------------------------
---------------------------------
| rollout/           |          |
|    ep_len_mean     | 59.6     |
|    ep_rew_mean     | 69.5     |
| time/              |          |
|    episodes        | 2568     |
|    fps             | 16       |
|    time_elapsed    | 8330     |
|    total_timesteps | 140390   |
| train/             |          |
|    actor_loss      | -0.376   |
|    critic_loss     | 0.0247   |
|    ent_coef        | 0.00223  |
|    ent_coef_loss   | 0.0831   |
|    learning_rate   | 0.0003   |
|    n_updates       | 130380   |
---------------------------------
---------------------------------
| rollout/           |          |
|    ep_len_mean     | 59       |
|    ep_rew_mean     | 66.1     |
| time/              |          |
|    episodes        | 2572     |
|    fps             | 16       |
|    time_elapsed    | 8345     |
|    total_timesteps | 140640   |
| train/             |          |
|    actor_loss      | -0.489   |
|    critic_loss     | 0.0219   |
|    ent_coef        | 0.00216  |
|    ent_coef_loss   | 0.401    |
|    learning_rate   | 0.0003   |
|    n_updates       | 130630   |
---------------------------------
---------------------------------
| rollout/           |          |
|    ep_len_mean     | 59.1     |
|    ep_rew_mean     | 66.4     |
| time/              |          |
|    episodes        | 2576     |
|    fps             | 16       |
|    time_elapsed    | 8358     |
|    total_timesteps | 140860   |
| train/             |          |
|    actor_loss      | -0.428   |
|    critic_loss     | 0.0205   |
|    ent_coef        | 0.00211  |
|    ent_coef_loss   | -0.179   |
|    learning_rate   | 0.0003   |
|    n_updates       | 130850   |
---------------------------------
---------------------------------
| rollout/           |          |
|    ep_len_mean     | 59.5     |
|    ep_rew_mean     | 70.1     |
| time/              |          |
|    episodes        | 2580     |
|    fps             | 16       |
|    time_elapsed    | 8375     |
|    total_timesteps | 141140   |
| train/             |          |
|    actor_loss      | -0.467   |
|    critic_loss     | 0.0212   |
|    ent_coef        | 0.00214  |
|    ent_coef_loss   | 0.665    |
|    learning_rate   | 0.0003   |
|    n_updates       | 131130   |
---------------------------------
---------------------------------
| rollout/           |          |
|    ep_len_mean     | 59.4     |
|    ep_rew_mean     | 70.9     |
| time/              |          |
|    episodes        | 2584     |
|    fps             | 16       |
|    time_elapsed    | 8384     |
|    total_timesteps | 141300   |
| train/             |          |
|    actor_loss      | -0.447   |
|    critic_loss     | 0.0194   |
|    ent_coef        | 0.00216  |
|    ent_coef_loss   | 0.221    |
|    learning_rate   | 0.0003   |
|    n_updates       | 131290   |
---------------------------------
---------------------------------
| rollout/           |          |
|    ep_len_mean     | 59.7     |
|    ep_rew_mean     | 75.5     |
| time/              |          |
|    episodes        | 2588     |
|    fps             | 16       |
|    time_elapsed    | 8397     |
|    total_timesteps | 141510   |
| train/             |          |
|    actor_loss      | -0.431   |
|    critic_loss     | 0.0189   |
|    ent_coef        | 0.00218  |
|    ent_coef_loss   | -0.0958  |
|    learning_rate   | 0.0003   |
|    n_updates       | 131500   |
---------------------------------
---------------------------------
| rollout/           |          |
|    ep_len_mean     | 59.2     |
|    ep_rew_mean     | 71.8     |
| time/              |          |
|    episodes        | 2592     |
|    fps             | 16       |
|    time_elapsed    | 8416     |
|    total_timesteps | 141840   |
| train/             |          |
|    actor_loss      | -0.452   |
|    critic_loss     | 0.0215   |
|    ent_coef        | 0.00213  |
|    ent_coef_loss   | -0.855   |
|    learning_rate   | 0.0003   |
|    n_updates       | 131830   |
---------------------------------
---------------------------------
| rollout/           |          |
|    ep_len_mean     | 59.3     |
|    ep_rew_mean     | 71.4     |
| time/              |          |
|    episodes        | 2596     |
|    fps             | 16       |
|    time_elapsed    | 8422     |
|    total_timesteps | 141950   |
| train/             |          |
|    actor_loss      | -0.441   |
|    critic_loss     | 0.019    |
|    ent_coef        | 0.00212  |
|    ent_coef_loss   | 0.357    |
|    learning_rate   | 0.0003   |
|    n_updates       | 131940   |
---------------------------------
---------------------------------
| rollout/           |          |
|    ep_len_mean     | 58.6     |
|    ep_rew_mean     | 63.6     |
| time/              |          |
|    episodes        | 2600     |
|    fps             | 16       |
|    time_elapsed    | 8434     |
|    total_timesteps | 142150   |
| train/             |          |
|    actor_loss      | -0.406   |
|    critic_loss     | 0.014    |
|    ent_coef        | 0.00212  |
|    ent_coef_loss   | 0.788    |
|    learning_rate   | 0.0003   |
|    n_updates       | 132140   |
---------------------------------
---------------------------------
| rollout/           |          |
|    ep_len_mean     | 58.6     |
|    ep_rew_mean     | 63.2     |
| time/              |          |
|    episodes        | 2604     |
|    fps             | 16       |
|    time_elapsed    | 8453     |
|    total_timesteps | 142460   |
| train/             |          |
|    actor_loss      | -0.441   |
|    critic_loss     | 0.0181   |
|    ent_coef        | 0.00214  |
|    ent_coef_loss   | -1.1     |
|    learning_rate   | 0.0003   |
|    n_updates       | 132450   |
---------------------------------
---------------------------------
| rollout/           |          |
|    ep_len_mean     | 58.5     |
|    ep_rew_mean     | 63.1     |
| time/              |          |
|    episodes        | 2608     |
|    fps             | 16       |
|    time_elapsed    | 8462     |
|    total_timesteps | 142620   |
| train/             |          |
|    actor_loss      | -0.473   |
|    critic_loss     | 0.0249   |
|    ent_coef        | 0.00208  |
|    ent_coef_loss   | -0.395   |
|    learning_rate   | 0.0003   |
|    n_updates       | 132610   |
---------------------------------
---------------------------------
| rollout/           |          |
|    ep_len_mean     | 58.4     |
|    ep_rew_mean     | 62.5     |
| time/              |          |
|    episodes        | 2612     |
|    fps             | 16       |
|    time_elapsed    | 8484     |
|    total_timesteps | 143010   |
| train/             |          |
|    actor_loss      | -0.417   |
|    critic_loss     | 0.0197   |
|    ent_coef        | 0.00203  |
|    ent_coef_loss   | -0.856   |
|    learning_rate   | 0.0003   |
|    n_updates       | 133000   |
---------------------------------
---------------------------------
| rollout/           |          |
|    ep_len_mean     | 58.4     |
|    ep_rew_mean     | 61.9     |
| time/              |          |
|    episodes        | 2616     |
|    fps             | 16       |
|    time_elapsed    | 8489     |
|    total_timesteps | 143080   |
| train/             |          |
|    actor_loss      | -0.383   |
|    critic_loss     | 0.0172   |
|    ent_coef        | 0.00203  |
|    ent_coef_loss   | 0.025    |
|    learning_rate   | 0.0003   |
|    n_updates       | 133070   |
---------------------------------
---------------------------------
| rollout/           |          |
|    ep_len_mean     | 58.2     |
|    ep_rew_mean     | 62.4     |
| time/              |          |
|    episodes        | 2620     |
|    fps             | 16       |
|    time_elapsed    | 8499     |
|    total_timesteps | 143250   |
| train/             |          |
|    actor_loss      | -0.495   |
|    critic_loss     | 0.0206   |
|    ent_coef        | 0.00202  |
|    ent_coef_loss   | -0.46    |
|    learning_rate   | 0.0003   |
|    n_updates       | 133240   |
---------------------------------
---------------------------------
| rollout/           |          |
|    ep_len_mean     | 58.1     |
|    ep_rew_mean     | 62.2     |
| time/              |          |
|    episodes        | 2624     |
|    fps             | 16       |
|    time_elapsed    | 8525     |
|    total_timesteps | 143670   |
| train/             |          |
|    actor_loss      | -0.442   |
|    critic_loss     | 0.0181   |
|    ent_coef        | 0.002    |
|    ent_coef_loss   | 0.437    |
|    learning_rate   | 0.0003   |
|    n_updates       | 133660   |
---------------------------------
---------------------------------
| rollout/           |          |
|    ep_len_mean     | 58.4     |
|    ep_rew_mean     | 65.8     |
| time/              |          |
|    episodes        | 2628     |
|    fps             | 16       |
|    time_elapsed    | 8538     |
|    total_timesteps | 143850   |
| train/             |          |
|    actor_loss      | -0.501   |
|    critic_loss     | 0.029    |
|    ent_coef        | 0.00198  |
|    ent_coef_loss   | -0.0879  |
|    learning_rate   | 0.0003   |
|    n_updates       | 133840   |
---------------------------------
---------------------------------
| rollout/           |          |
|    ep_len_mean     | 57.8     |
|    ep_rew_mean     | 61.8     |
| time/              |          |
|    episodes        | 2632     |
|    fps             | 16       |
|    time_elapsed    | 8547     |
|    total_timesteps | 143980   |
| train/             |          |
|    actor_loss      | -0.444   |
|    critic_loss     | 0.024    |
|    ent_coef        | 0.00198  |
|    ent_coef_loss   | 0.177    |
|    learning_rate   | 0.0003   |
|    n_updates       | 133970   |
---------------------------------
---------------------------------
| rollout/           |          |
|    ep_len_mean     | 57.8     |
|    ep_rew_mean     | 61.7     |
| time/              |          |
|    episodes        | 2636     |
|    fps             | 16       |
|    time_elapsed    | 8568     |
|    total_timesteps | 144290   |
| train/             |          |
|    actor_loss      | -0.5     |
|    critic_loss     | 0.0211   |
|    ent_coef        | 0.00202  |
|    ent_coef_loss   | 0.00218  |
|    learning_rate   | 0.0003   |
|    n_updates       | 134280   |
---------------------------------
---------------------------------
| rollout/           |          |
|    ep_len_mean     | 57.8     |
|    ep_rew_mean     | 61.3     |
| time/              |          |
|    episodes        | 2640     |
|    fps             | 16       |
|    time_elapsed    | 8581     |
|    total_timesteps | 144510   |
| train/             |          |
|    actor_loss      | -0.433   |
|    critic_loss     | 0.0191   |
|    ent_coef        | 0.00206  |
|    ent_coef_loss   | -0.103   |
|    learning_rate   | 0.0003   |
|    n_updates       | 134500   |
---------------------------------
---------------------------------
| rollout/           |          |
|    ep_len_mean     | 57.3     |
|    ep_rew_mean     | 57.2     |
| time/              |          |
|    episodes        | 2644     |
|    fps             | 16       |
|    time_elapsed    | 8599     |
|    total_timesteps | 144820   |
| train/             |          |
|    actor_loss      | -0.489   |
|    critic_loss     | 0.0214   |
|    ent_coef        | 0.00205  |
|    ent_coef_loss   | -0.666   |
|    learning_rate   | 0.0003   |
|    n_updates       | 134810   |
---------------------------------
---------------------------------
| rollout/           |          |
|    ep_len_mean     | 57.1     |
|    ep_rew_mean     | 56.7     |
| time/              |          |
|    episodes        | 2648     |
|    fps             | 16       |
|    time_elapsed    | 8602     |
|    total_timesteps | 144870   |
| train/             |          |
|    actor_loss      | -0.421   |
|    critic_loss     | 0.0208   |
|    ent_coef        | 0.00207  |
|    ent_coef_loss   | -0.615   |
|    learning_rate   | 0.0003   |
|    n_updates       | 134860   |
---------------------------------
---------------------------------
| rollout/           |          |
|    ep_len_mean     | 57.1     |
|    ep_rew_mean     | 57.3     |
| time/              |          |
|    episodes        | 2652     |
|    fps             | 16       |
|    time_elapsed    | 8619     |
|    total_timesteps | 145160   |
| train/             |          |
|    actor_loss      | -0.407   |
|    critic_loss     | 0.0286   |
|    ent_coef        | 0.00204  |
|    ent_coef_loss   | 0.0804   |
|    learning_rate   | 0.0003   |
|    n_updates       | 135150   |
---------------------------------
---------------------------------
| rollout/           |          |
|    ep_len_mean     | 56.9     |
|    ep_rew_mean     | 52.9     |
| time/              |          |
|    episodes        | 2656     |
|    fps             | 16       |
|    time_elapsed    | 8636     |
|    total_timesteps | 145430   |
| train/             |          |
|    actor_loss      | -0.411   |
|    critic_loss     | 0.0226   |
|    ent_coef        | 0.00208  |
|    ent_coef_loss   | 0.521    |
|    learning_rate   | 0.0003   |
|    n_updates       | 135420   |
---------------------------------
---------------------------------
| rollout/           |          |
|    ep_len_mean     | 56.8     |
|    ep_rew_mean     | 53       |
| time/              |          |
|    episodes        | 2660     |
|    fps             | 16       |
|    time_elapsed    | 8643     |
|    total_timesteps | 145560   |
| train/             |          |
|    actor_loss      | -0.474   |
|    critic_loss     | 0.0218   |
|    ent_coef        | 0.00212  |
|    ent_coef_loss   | -0.0744  |
|    learning_rate   | 0.0003   |
|    n_updates       | 135550   |
---------------------------------
---------------------------------
| rollout/           |          |
|    ep_len_mean     | 56.9     |
|    ep_rew_mean     | 52.2     |
| time/              |          |
|    episodes        | 2664     |
|    fps             | 16       |
|    time_elapsed    | 8660     |
|    total_timesteps | 145850   |
| train/             |          |
|    actor_loss      | -0.468   |
|    critic_loss     | 0.0178   |
|    ent_coef        | 0.00216  |
|    ent_coef_loss   | 0.709    |
|    learning_rate   | 0.0003   |
|    n_updates       | 135840   |
---------------------------------
---------------------------------
| rollout/           |          |
|    ep_len_mean     | 56.9     |
|    ep_rew_mean     | 52.5     |
| time/              |          |
|    episodes        | 2668     |
|    fps             | 16       |
|    time_elapsed    | 8672     |
|    total_timesteps | 146050   |
| train/             |          |
|    actor_loss      | -0.463   |
|    critic_loss     | 0.016    |
|    ent_coef        | 0.00217  |
|    ent_coef_loss   | -0.466   |
|    learning_rate   | 0.0003   |
|    n_updates       | 136040   |
---------------------------------
---------------------------------
| rollout/           |          |
|    ep_len_mean     | 57.3     |
|    ep_rew_mean     | 56       |
| time/              |          |
|    episodes        | 2672     |
|    fps             | 16       |
|    time_elapsed    | 8691     |
|    total_timesteps | 146380   |
| train/             |          |
|    actor_loss      | -0.474   |
|    critic_loss     | 0.018    |
|    ent_coef        | 0.00215  |
|    ent_coef_loss   | 0.561    |
|    learning_rate   | 0.0003   |
|    n_updates       | 136370   |
---------------------------------
---------------------------------
| rollout/           |          |
|    ep_len_mean     | 57.3     |
|    ep_rew_mean     | 57       |
| time/              |          |
|    episodes        | 2676     |
|    fps             | 16       |
|    time_elapsed    | 8705     |
|    total_timesteps | 146620   |
| train/             |          |
|    actor_loss      | -0.403   |
|    critic_loss     | 0.0184   |
|    ent_coef        | 0.00212  |
|    ent_coef_loss   | -0.304   |
|    learning_rate   | 0.0003   |
|    n_updates       | 136610   |
---------------------------------
---------------------------------
| rollout/           |          |
|    ep_len_mean     | 57.2     |
|    ep_rew_mean     | 56.6     |
| time/              |          |
|    episodes        | 2680     |
|    fps             | 16       |
|    time_elapsed    | 8714     |
|    total_timesteps | 146770   |
| train/             |          |
|    actor_loss      | -0.478   |
|    critic_loss     | 0.0156   |
|    ent_coef        | 0.0021   |
|    ent_coef_loss   | -0.406   |
|    learning_rate   | 0.0003   |
|    n_updates       | 136760   |
---------------------------------
---------------------------------
| rollout/           |          |
|    ep_len_mean     | 56.9     |
|    ep_rew_mean     | 52       |
| time/              |          |
|    episodes        | 2684     |
|    fps             | 16       |
|    time_elapsed    | 8731     |
|    total_timesteps | 147050   |
| train/             |          |
|    actor_loss      | -0.468   |
|    critic_loss     | 0.0162   |
|    ent_coef        | 0.00205  |
|    ent_coef_loss   | -0.134   |
|    learning_rate   | 0.0003   |
|    n_updates       | 137040   |
---------------------------------
---------------------------------
| rollout/           |          |
|    ep_len_mean     | 57.2     |
|    ep_rew_mean     | 55.8     |
| time/              |          |
|    episodes        | 2688     |
|    fps             | 16       |
|    time_elapsed    | 8741     |
|    total_timesteps | 147230   |
| train/             |          |
|    actor_loss      | -0.416   |
|    critic_loss     | 0.0183   |
|    ent_coef        | 0.00203  |
|    ent_coef_loss   | -0.292   |
|    learning_rate   | 0.0003   |
|    n_updates       | 137220   |
---------------------------------
---------------------------------
| rollout/           |          |
|    ep_len_mean     | 57.7     |
|    ep_rew_mean     | 59.9     |
| time/              |          |
|    episodes        | 2692     |
|    fps             | 16       |
|    time_elapsed    | 8762     |
|    total_timesteps | 147560   |
| train/             |          |
|    actor_loss      | -0.481   |
|    critic_loss     | 0.0132   |
|    ent_coef        | 0.00196  |
|    ent_coef_loss   | 0.182    |
|    learning_rate   | 0.0003   |
|    n_updates       | 137550   |
---------------------------------
---------------------------------
| rollout/           |          |
|    ep_len_mean     | 57.6     |
|    ep_rew_mean     | 60.2     |
| time/              |          |
|    episodes        | 2696     |
|    fps             | 16       |
|    time_elapsed    | 8777     |
|    total_timesteps | 147820   |
| train/             |          |
|    actor_loss      | -0.428   |
|    critic_loss     | 0.0216   |
|    ent_coef        | 0.00199  |
|    ent_coef_loss   | 1.03     |
|    learning_rate   | 0.0003   |
|    n_updates       | 137810   |
---------------------------------
---------------------------------
| rollout/           |          |
|    ep_len_mean     | 58.3     |
|    ep_rew_mean     | 68.7     |
| time/              |          |
|    episodes        | 2700     |
|    fps             | 16       |
|    time_elapsed    | 8788     |
|    total_timesteps | 148010   |
| train/             |          |
|    actor_loss      | -0.432   |
|    critic_loss     | 0.0153   |
|    ent_coef        | 0.002    |
|    ent_coef_loss   | 0.996    |
|    learning_rate   | 0.0003   |
|    n_updates       | 138000   |
---------------------------------
---------------------------------
| rollout/           |          |
|    ep_len_mean     | 58.6     |
|    ep_rew_mean     | 72.9     |
| time/              |          |
|    episodes        | 2704     |
|    fps             | 16       |
|    time_elapsed    | 8803     |
|    total_timesteps | 148260   |
| train/             |          |
|    actor_loss      | -0.471   |
|    critic_loss     | 0.0223   |
|    ent_coef        | 0.00204  |
|    ent_coef_loss   | 0.288    |
|    learning_rate   | 0.0003   |
|    n_updates       | 138250   |
---------------------------------
---------------------------------
| rollout/           |          |
|    ep_len_mean     | 58.6     |
|    ep_rew_mean     | 73.2     |
| time/              |          |
|    episodes        | 2708     |
|    fps             | 16       |
|    time_elapsed    | 8817     |
|    total_timesteps | 148490   |
| train/             |          |
|    actor_loss      | -0.486   |
|    critic_loss     | 0.0259   |
|    ent_coef        | 0.00206  |
|    ent_coef_loss   | -0.161   |
|    learning_rate   | 0.0003   |
|    n_updates       | 138480   |
---------------------------------
---------------------------------
| rollout/           |          |
|    ep_len_mean     | 58.7     |
|    ep_rew_mean     | 73.6     |
| time/              |          |
|    episodes        | 2712     |
|    fps             | 16       |
|    time_elapsed    | 8833     |
|    total_timesteps | 148750   |
| train/             |          |
|    actor_loss      | -0.532   |
|    critic_loss     | 0.0291   |
|    ent_coef        | 0.0021   |
|    ent_coef_loss   | 0.768    |
|    learning_rate   | 0.0003   |
|    n_updates       | 138740   |
---------------------------------
---------------------------------
| rollout/           |          |
|    ep_len_mean     | 58.9     |
|    ep_rew_mean     | 74.1     |
| time/              |          |
|    episodes        | 2716     |
|    fps             | 16       |
|    time_elapsed    | 8847     |
|    total_timesteps | 148990   |
| train/             |          |
|    actor_loss      | -0.506   |
|    critic_loss     | 0.0227   |
|    ent_coef        | 0.00208  |
|    ent_coef_loss   | -0.947   |
|    learning_rate   | 0.0003   |
|    n_updates       | 138980   |
---------------------------------
---------------------------------
| rollout/           |          |
|    ep_len_mean     | 58.5     |
|    ep_rew_mean     | 69.7     |
| time/              |          |
|    episodes        | 2720     |
|    fps             | 16       |
|    time_elapsed    | 8858     |
|    total_timesteps | 149170   |
| train/             |          |
|    actor_loss      | -0.459   |
|    critic_loss     | 0.0282   |
|    ent_coef        | 0.00206  |
|    ent_coef_loss   | -0.955   |
|    learning_rate   | 0.0003   |
|    n_updates       | 139160   |
---------------------------------
---------------------------------
| rollout/           |          |
|    ep_len_mean     | 58.6     |
|    ep_rew_mean     | 70.8     |
| time/              |          |
|    episodes        | 2724     |
|    fps             | 16       |
|    time_elapsed    | 8881     |
|    total_timesteps | 149550   |
| train/             |          |
|    actor_loss      | -0.488   |
|    critic_loss     | 0.0225   |
|    ent_coef        | 0.002    |
|    ent_coef_loss   | -1.04    |
|    learning_rate   | 0.0003   |
|    n_updates       | 139540   |
---------------------------------
---------------------------------
| rollout/           |          |
|    ep_len_mean     | 58.5     |
|    ep_rew_mean     | 70.2     |
| time/              |          |
|    episodes        | 2728     |
|    fps             | 16       |
|    time_elapsed    | 8890     |
|    total_timesteps | 149710   |
| train/             |          |
|    actor_loss      | -0.487   |
|    critic_loss     | 0.0182   |
|    ent_coef        | 0.00198  |
|    ent_coef_loss   | -0.234   |
|    learning_rate   | 0.0003   |
|    n_updates       | 139700   |
---------------------------------
---------------------------------
| rollout/           |          |
|    ep_len_mean     | 59       |
|    ep_rew_mean     | 74.8     |
| time/              |          |
|    episodes        | 2732     |
|    fps             | 16       |
|    time_elapsed    | 8907     |
|    total_timesteps | 149990   |
| train/             |          |
|    actor_loss      | -0.448   |
|    critic_loss     | 0.0203   |
|    ent_coef        | 0.00197  |
|    ent_coef_loss   | 0.554    |
|    learning_rate   | 0.0003   |
|    n_updates       | 139980   |
---------------------------------
---------------------------------
| rollout/           |          |
|    ep_len_mean     | 58.6     |
|    ep_rew_mean     | 70.6     |
| time/              |          |
|    episodes        | 2736     |
|    fps             | 16       |
|    time_elapsed    | 8918     |
|    total_timesteps | 150170   |
| train/             |          |
|    actor_loss      | -0.539   |
|    critic_loss     | 0.0176   |
|    ent_coef        | 0.00198  |
|    ent_coef_loss   | 0.0999   |
|    learning_rate   | 0.0003   |
|    n_updates       | 140160   |
---------------------------------
---------------------------------
| rollout/           |          |
|    ep_len_mean     | 58.1     |
|    ep_rew_mean     | 67.1     |
| time/              |          |
|    episodes        | 2740     |
|    fps             | 16       |
|    time_elapsed    | 8929     |
|    total_timesteps | 150350   |
| train/             |          |
|    actor_loss      | -0.441   |
|    critic_loss     | 0.0223   |
|    ent_coef        | 0.00198  |
|    ent_coef_loss   | -0.176   |
|    learning_rate   | 0.0003   |
|    n_updates       | 140340   |
---------------------------------
---------------------------------
| rollout/           |          |
|    ep_len_mean     | 58.6     |
|    ep_rew_mean     | 71.6     |
| time/              |          |
|    episodes        | 2744     |
|    fps             | 16       |
|    time_elapsed    | 8946     |
|    total_timesteps | 150620   |
| train/             |          |
|    actor_loss      | -0.487   |
|    critic_loss     | 0.0177   |
|    ent_coef        | 0.00196  |
|    ent_coef_loss   | -0.513   |
|    learning_rate   | 0.0003   |
|    n_updates       | 140610   |
---------------------------------
---------------------------------
| rollout/           |          |
|    ep_len_mean     | 58.8     |
|    ep_rew_mean     | 72.1     |
| time/              |          |
|    episodes        | 2748     |
|    fps             | 16       |
|    time_elapsed    | 8955     |
|    total_timesteps | 150760   |
| train/             |          |
|    actor_loss      | -0.514   |
|    critic_loss     | 0.0297   |
|    ent_coef        | 0.00194  |
|    ent_coef_loss   | 0.612    |
|    learning_rate   | 0.0003   |
|    n_updates       | 140750   |
---------------------------------
---------------------------------
| rollout/           |          |
|    ep_len_mean     | 58.7     |
|    ep_rew_mean     | 71.7     |
| time/              |          |
|    episodes        | 2752     |
|    fps             | 16       |
|    time_elapsed    | 8970     |
|    total_timesteps | 151000   |
| train/             |          |
|    actor_loss      | -0.505   |
|    critic_loss     | 0.0213   |
|    ent_coef        | 0.00199  |
|    ent_coef_loss   | -0.0578  |
|    learning_rate   | 0.0003   |
|    n_updates       | 140990   |
---------------------------------
---------------------------------
| rollout/           |          |
|    ep_len_mean     | 59       |
|    ep_rew_mean     | 75.5     |
| time/              |          |
|    episodes        | 2756     |
|    fps             | 16       |
|    time_elapsed    | 8990     |
|    total_timesteps | 151320   |
| train/             |          |
|    actor_loss      | -0.477   |
|    critic_loss     | 0.0244   |
|    ent_coef        | 0.00204  |
|    ent_coef_loss   | -0.242   |
|    learning_rate   | 0.0003   |
|    n_updates       | 141310   |
---------------------------------
---------------------------------
| rollout/           |          |
|    ep_len_mean     | 58.7     |
|    ep_rew_mean     | 71.7     |
| time/              |          |
|    episodes        | 2760     |
|    fps             | 16       |
|    time_elapsed    | 8998     |
|    total_timesteps | 151460   |
| train/             |          |
|    actor_loss      | -0.516   |
|    critic_loss     | 0.02     |
|    ent_coef        | 0.00206  |
|    ent_coef_loss   | 0.0809   |
|    learning_rate   | 0.0003   |
|    n_updates       | 141450   |
---------------------------------
---------------------------------
| rollout/           |          |
|    ep_len_mean     | 58.5     |
|    ep_rew_mean     | 71.6     |
| time/              |          |
|    episodes        | 2764     |
|    fps             | 16       |
|    time_elapsed    | 9008     |
|    total_timesteps | 151620   |
| train/             |          |
|    actor_loss      | -0.53    |
|    critic_loss     | 0.0155   |
|    ent_coef        | 0.00206  |
|    ent_coef_loss   | 0.499    |
|    learning_rate   | 0.0003   |
|    n_updates       | 141610   |
---------------------------------
---------------------------------
| rollout/           |          |
|    ep_len_mean     | 57.7     |
|    ep_rew_mean     | 62.7     |
| time/              |          |
|    episodes        | 2768     |
|    fps             | 16       |
|    time_elapsed    | 9020     |
|    total_timesteps | 151830   |
| train/             |          |
|    actor_loss      | -0.473   |
|    critic_loss     | 0.0239   |
|    ent_coef        | 0.00206  |
|    ent_coef_loss   | -0.359   |
|    learning_rate   | 0.0003   |
|    n_updates       | 141820   |
---------------------------------
---------------------------------
| rollout/           |          |
|    ep_len_mean     | 57.9     |
|    ep_rew_mean     | 63.3     |
| time/              |          |
|    episodes        | 2772     |
|    fps             | 16       |
|    time_elapsed    | 9041     |
|    total_timesteps | 152180   |
| train/             |          |
|    actor_loss      | -0.496   |
|    critic_loss     | 0.0243   |
|    ent_coef        | 0.00202  |
|    ent_coef_loss   | 0.25     |
|    learning_rate   | 0.0003   |
|    n_updates       | 142170   |
---------------------------------
---------------------------------
| rollout/           |          |
|    ep_len_mean     | 57.4     |
|    ep_rew_mean     | 57.8     |
| time/              |          |
|    episodes        | 2776     |
|    fps             | 16       |
|    time_elapsed    | 9054     |
|    total_timesteps | 152400   |
| train/             |          |
|    actor_loss      | -0.549   |
|    critic_loss     | 0.0176   |
|    ent_coef        | 0.00204  |
|    ent_coef_loss   | 0.678    |
|    learning_rate   | 0.0003   |
|    n_updates       | 142390   |
---------------------------------
---------------------------------
| rollout/           |          |
|    ep_len_mean     | 57.4     |
|    ep_rew_mean     | 58.6     |
| time/              |          |
|    episodes        | 2780     |
|    fps             | 16       |
|    time_elapsed    | 9062     |
|    total_timesteps | 152540   |
| train/             |          |
|    actor_loss      | -0.54    |
|    critic_loss     | 0.028    |
|    ent_coef        | 0.00205  |
|    ent_coef_loss   | -0.614   |
|    learning_rate   | 0.0003   |
|    n_updates       | 142530   |
---------------------------------
---------------------------------
| rollout/           |          |
|    ep_len_mean     | 57.6     |
|    ep_rew_mean     | 62.2     |
| time/              |          |
|    episodes        | 2784     |
|    fps             | 16       |
|    time_elapsed    | 9078     |
|    total_timesteps | 152790   |
| train/             |          |
|    actor_loss      | -0.525   |
|    critic_loss     | 0.0182   |
|    ent_coef        | 0.00205  |
|    ent_coef_loss   | -0.0823  |
|    learning_rate   | 0.0003   |
|    n_updates       | 142780   |
---------------------------------
---------------------------------
| rollout/           |          |
|    ep_len_mean     | 57.8     |
|    ep_rew_mean     | 61.8     |
| time/              |          |
|    episodes        | 2788     |
|    fps             | 16       |
|    time_elapsed    | 9095     |
|    total_timesteps | 153070   |
| train/             |          |
|    actor_loss      | -0.52    |
|    critic_loss     | 0.0178   |
|    ent_coef        | 0.00204  |
|    ent_coef_loss   | 0.118    |
|    learning_rate   | 0.0003   |
|    n_updates       | 143060   |
---------------------------------
---------------------------------
| rollout/           |          |
|    ep_len_mean     | 57.8     |
|    ep_rew_mean     | 62.5     |
| time/              |          |
|    episodes        | 2792     |
|    fps             | 16       |
|    time_elapsed    | 9109     |
|    total_timesteps | 153310   |
| train/             |          |
|    actor_loss      | -0.531   |
|    critic_loss     | 0.0234   |
|    ent_coef        | 0.00206  |
|    ent_coef_loss   | -0.232   |
|    learning_rate   | 0.0003   |
|    n_updates       | 143300   |
---------------------------------
---------------------------------
| rollout/           |          |
|    ep_len_mean     | 57.8     |
|    ep_rew_mean     | 61.9     |
| time/              |          |
|    episodes        | 2796     |
|    fps             | 16       |
|    time_elapsed    | 9126     |
|    total_timesteps | 153610   |
| train/             |          |
|    actor_loss      | -0.502   |
|    critic_loss     | 0.0274   |
|    ent_coef        | 0.00205  |
|    ent_coef_loss   | -0.534   |
|    learning_rate   | 0.0003   |
|    n_updates       | 143600   |
---------------------------------
---------------------------------
| rollout/           |          |
|    ep_len_mean     | 57.4     |
|    ep_rew_mean     | 57.6     |
| time/              |          |
|    episodes        | 2800     |
|    fps             | 16       |
|    time_elapsed    | 9137     |
|    total_timesteps | 153780   |
| train/             |          |
|    actor_loss      | -0.515   |
|    critic_loss     | 0.0161   |
|    ent_coef        | 0.00204  |
|    ent_coef_loss   | -0.543   |
|    learning_rate   | 0.0003   |
|    n_updates       | 143770   |
---------------------------------
---------------------------------
| rollout/           |          |
|    ep_len_mean     | 57.5     |
|    ep_rew_mean     | 57.9     |
| time/              |          |
|    episodes        | 2804     |
|    fps             | 16       |
|    time_elapsed    | 9149     |
|    total_timesteps | 153990   |
| train/             |          |
|    actor_loss      | -0.473   |
|    critic_loss     | 0.0163   |
|    ent_coef        | 0.00205  |
|    ent_coef_loss   | -0.107   |
|    learning_rate   | 0.0003   |
|    n_updates       | 143980   |
---------------------------------
---------------------------------
| rollout/           |          |
|    ep_len_mean     | 57.4     |
|    ep_rew_mean     | 57.9     |
| time/              |          |
|    episodes        | 2808     |
|    fps             | 16       |
|    time_elapsed    | 9164     |
|    total_timesteps | 154240   |
| train/             |          |
|    actor_loss      | -0.478   |
|    critic_loss     | 0.0188   |
|    ent_coef        | 0.00207  |
|    ent_coef_loss   | 0.588    |
|    learning_rate   | 0.0003   |
|    n_updates       | 144230   |
---------------------------------
---------------------------------
| rollout/           |          |
|    ep_len_mean     | 57.2     |
|    ep_rew_mean     | 57.8     |
| time/              |          |
|    episodes        | 2812     |
|    fps             | 16       |
|    time_elapsed    | 9174     |
|    total_timesteps | 154400   |
| train/             |          |
|    actor_loss      | -0.496   |
|    critic_loss     | 0.0209   |
|    ent_coef        | 0.00204  |
|    ent_coef_loss   | 0.894    |
|    learning_rate   | 0.0003   |
|    n_updates       | 144390   |
---------------------------------
---------------------------------
| rollout/           |          |
|    ep_len_mean     | 57.1     |
|    ep_rew_mean     | 57.4     |
| time/              |          |
|    episodes        | 2816     |
|    fps             | 16       |
|    time_elapsed    | 9198     |
|    total_timesteps | 154800   |
| train/             |          |
|    actor_loss      | -0.523   |
|    critic_loss     | 0.0224   |
|    ent_coef        | 0.00201  |
|    ent_coef_loss   | 0.827    |
|    learning_rate   | 0.0003   |
|    n_updates       | 144790   |
---------------------------------
---------------------------------
| rollout/           |          |
|    ep_len_mean     | 57.4     |
|    ep_rew_mean     | 62.2     |
| time/              |          |
|    episodes        | 2820     |
|    fps             | 16       |
|    time_elapsed    | 9209     |
|    total_timesteps | 154990   |
| train/             |          |
|    actor_loss      | -0.491   |
|    critic_loss     | 0.0266   |
|    ent_coef        | 0.00203  |
|    ent_coef_loss   | -0.182   |
|    learning_rate   | 0.0003   |
|    n_updates       | 144980   |
---------------------------------
---------------------------------
| rollout/           |          |
|    ep_len_mean     | 57.5     |
|    ep_rew_mean     | 61       |
| time/              |          |
|    episodes        | 2824     |
|    fps             | 16       |
|    time_elapsed    | 9223     |
|    total_timesteps | 155230   |
| train/             |          |
|    actor_loss      | -0.494   |
|    critic_loss     | 0.0215   |
|    ent_coef        | 0.00205  |
|    ent_coef_loss   | 0.531    |
|    learning_rate   | 0.0003   |
|    n_updates       | 145220   |
---------------------------------
---------------------------------
| rollout/           |          |
|    ep_len_mean     | 57.7     |
|    ep_rew_mean     | 61.9     |
| time/              |          |
|    episodes        | 2828     |
|    fps             | 16       |
|    time_elapsed    | 9239     |
|    total_timesteps | 155490   |
| train/             |          |
|    actor_loss      | -0.468   |
|    critic_loss     | 0.0216   |
|    ent_coef        | 0.00206  |
|    ent_coef_loss   | 0.283    |
|    learning_rate   | 0.0003   |
|    n_updates       | 145480   |
---------------------------------
---------------------------------
| rollout/           |          |
|    ep_len_mean     | 57.6     |
|    ep_rew_mean     | 61.6     |
| time/              |          |
|    episodes        | 2832     |
|    fps             | 16       |
|    time_elapsed    | 9248     |
|    total_timesteps | 155650   |
| train/             |          |
|    actor_loss      | -0.541   |
|    critic_loss     | 0.0146   |
|    ent_coef        | 0.00206  |
|    ent_coef_loss   | -0.572   |
|    learning_rate   | 0.0003   |
|    n_updates       | 145640   |
---------------------------------
---------------------------------
| rollout/           |          |
|    ep_len_mean     | 57.6     |
|    ep_rew_mean     | 61.9     |
| time/              |          |
|    episodes        | 2836     |
|    fps             | 16       |
|    time_elapsed    | 9270     |
|    total_timesteps | 156020   |
| train/             |          |
|    actor_loss      | -0.536   |
|    critic_loss     | 0.019    |
|    ent_coef        | 0.00208  |
|    ent_coef_loss   | -0.352   |
|    learning_rate   | 0.0003   |
|    n_updates       | 146010   |
---------------------------------
---------------------------------
| rollout/           |          |
|    ep_len_mean     | 57.7     |
|    ep_rew_mean     | 60.5     |
| time/              |          |
|    episodes        | 2840     |
|    fps             | 16       |
|    time_elapsed    | 9276     |
|    total_timesteps | 156130   |
| train/             |          |
|    actor_loss      | -0.477   |
|    critic_loss     | 0.0184   |
|    ent_coef        | 0.00206  |
|    ent_coef_loss   | -0.0509  |
|    learning_rate   | 0.0003   |
|    n_updates       | 146120   |
---------------------------------
---------------------------------
| rollout/           |          |
|    ep_len_mean     | 57.9     |
|    ep_rew_mean     | 60.6     |
| time/              |          |
|    episodes        | 2844     |
|    fps             | 16       |
|    time_elapsed    | 9290     |
|    total_timesteps | 156340   |
| train/             |          |
|    actor_loss      | -0.496   |
|    critic_loss     | 0.0179   |
|    ent_coef        | 0.00204  |
|    ent_coef_loss   | -0.882   |
|    learning_rate   | 0.0003   |
|    n_updates       | 146330   |
---------------------------------
---------------------------------
| rollout/           |          |
|    ep_len_mean     | 58.2     |
|    ep_rew_mean     | 65.1     |
| time/              |          |
|    episodes        | 2848     |
|    fps             | 16       |
|    time_elapsed    | 9314     |
|    total_timesteps | 156710   |
| train/             |          |
|    actor_loss      | -0.513   |
|    critic_loss     | 0.0176   |
|    ent_coef        | 0.002    |
|    ent_coef_loss   | -0.573   |
|    learning_rate   | 0.0003   |
|    n_updates       | 146700   |
---------------------------------
---------------------------------
| rollout/           |          |
|    ep_len_mean     | 57.9     |
|    ep_rew_mean     | 61.3     |
| time/              |          |
|    episodes        | 2852     |
|    fps             | 16       |
|    time_elapsed    | 9318     |
|    total_timesteps | 156780   |
| train/             |          |
|    actor_loss      | -0.582   |
|    critic_loss     | 0.0196   |
|    ent_coef        | 0.002    |
|    ent_coef_loss   | 0.467    |
|    learning_rate   | 0.0003   |
|    n_updates       | 146770   |
---------------------------------
---------------------------------
| rollout/           |          |
|    ep_len_mean     | 57.9     |
|    ep_rew_mean     | 61.6     |
| time/              |          |
|    episodes        | 2856     |
|    fps             | 16       |
|    time_elapsed    | 9338     |
|    total_timesteps | 157070   |
| train/             |          |
|    actor_loss      | -0.564   |
|    critic_loss     | 0.0232   |
|    ent_coef        | 0.00199  |
|    ent_coef_loss   | -0.824   |
|    learning_rate   | 0.0003   |
|    n_updates       | 147060   |
---------------------------------
---------------------------------
| rollout/           |          |
|    ep_len_mean     | 58.2     |
|    ep_rew_mean     | 64.6     |
| time/              |          |
|    episodes        | 2860     |
|    fps             | 16       |
|    time_elapsed    | 9355     |
|    total_timesteps | 157360   |
| train/             |          |
|    actor_loss      | -0.519   |
|    critic_loss     | 0.0157   |
|    ent_coef        | 0.00198  |
|    ent_coef_loss   | -0.568   |
|    learning_rate   | 0.0003   |
|    n_updates       | 147350   |
---------------------------------
---------------------------------
| rollout/           |          |
|    ep_len_mean     | 59.1     |
|    ep_rew_mean     | 73.4     |
| time/              |          |
|    episodes        | 2864     |
|    fps             | 16       |
|    time_elapsed    | 9366     |
|    total_timesteps | 157520   |
| train/             |          |
|    actor_loss      | -0.45    |
|    critic_loss     | 0.0193   |
|    ent_coef        | 0.00199  |
|    ent_coef_loss   | 0.162    |
|    learning_rate   | 0.0003   |
|    n_updates       | 147510   |
---------------------------------
---------------------------------
| rollout/           |          |
|    ep_len_mean     | 59.3     |
|    ep_rew_mean     | 72.2     |
| time/              |          |
|    episodes        | 2868     |
|    fps             | 16       |
|    time_elapsed    | 9393     |
|    total_timesteps | 157950   |
| train/             |          |
|    actor_loss      | -0.531   |
|    critic_loss     | 0.016    |
|    ent_coef        | 0.00198  |
|    ent_coef_loss   | 0.314    |
|    learning_rate   | 0.0003   |
|    n_updates       | 147940   |
---------------------------------
---------------------------------
| rollout/           |          |
|    ep_len_mean     | 59.2     |
|    ep_rew_mean     | 72.1     |
| time/              |          |
|    episodes        | 2872     |
|    fps             | 16       |
|    time_elapsed    | 9399     |
|    total_timesteps | 158050   |
| train/             |          |
|    actor_loss      | -0.506   |
|    critic_loss     | 0.0228   |
|    ent_coef        | 0.00201  |
|    ent_coef_loss   | 0.955    |
|    learning_rate   | 0.0003   |
|    n_updates       | 148040   |
---------------------------------
---------------------------------
| rollout/           |          |
|    ep_len_mean     | 59.8     |
|    ep_rew_mean     | 76.1     |
| time/              |          |
|    episodes        | 2876     |
|    fps             | 16       |
|    time_elapsed    | 9410     |
|    total_timesteps | 158220   |
| train/             |          |
|    actor_loss      | -0.527   |
|    critic_loss     | 0.0146   |
|    ent_coef        | 0.00198  |
|    ent_coef_loss   | 0.148    |
|    learning_rate   | 0.0003   |
|    n_updates       | 148210   |
---------------------------------
---------------------------------
| rollout/           |          |
|    ep_len_mean     | 59.4     |
|    ep_rew_mean     | 72       |
| time/              |          |
|    episodes        | 2880     |
|    fps             | 16       |
|    time_elapsed    | 9433     |
|    total_timesteps | 158610   |
| train/             |          |
|    actor_loss      | -0.513   |
|    critic_loss     | 0.0179   |
|    ent_coef        | 0.00202  |
|    ent_coef_loss   | 0.275    |
|    learning_rate   | 0.0003   |
|    n_updates       | 148600   |
---------------------------------
---------------------------------
| rollout/           |          |
|    ep_len_mean     | 59.5     |
|    ep_rew_mean     | 71.5     |
| time/              |          |
|    episodes        | 2884     |
|    fps             | 16       |
|    time_elapsed    | 9440     |
|    total_timesteps | 158720   |
| train/             |          |
|    actor_loss      | -0.484   |
|    critic_loss     | 0.018    |
|    ent_coef        | 0.00201  |
|    ent_coef_loss   | -0.281   |
|    learning_rate   | 0.0003   |
|    n_updates       | 148710   |
---------------------------------
---------------------------------
| rollout/           |          |
|    ep_len_mean     | 59.1     |
|    ep_rew_mean     | 68.3     |
| time/              |          |
|    episodes        | 2888     |
|    fps             | 16       |
|    time_elapsed    | 9450     |
|    total_timesteps | 158900   |
| train/             |          |
|    actor_loss      | -0.554   |
|    critic_loss     | 0.0171   |
|    ent_coef        | 0.00198  |
|    ent_coef_loss   | -1.2     |
|    learning_rate   | 0.0003   |
|    n_updates       | 148890   |
---------------------------------
---------------------------------
| rollout/           |          |
|    ep_len_mean     | 58.6     |
|    ep_rew_mean     | 63.5     |
| time/              |          |
|    episodes        | 2892     |
|    fps             | 16       |
|    time_elapsed    | 9470     |
|    total_timesteps | 159220   |
| train/             |          |
|    actor_loss      | -0.532   |
|    critic_loss     | 0.0152   |
|    ent_coef        | 0.00196  |
|    ent_coef_loss   | 0.585    |
|    learning_rate   | 0.0003   |
|    n_updates       | 149210   |
---------------------------------
---------------------------------
| rollout/           |          |
|    ep_len_mean     | 58.2     |
|    ep_rew_mean     | 58.7     |
| time/              |          |
|    episodes        | 2896     |
|    fps             | 16       |
|    time_elapsed    | 9480     |
|    total_timesteps | 159390   |
| train/             |          |
|    actor_loss      | -0.522   |
|    critic_loss     | 0.0197   |
|    ent_coef        | 0.00197  |
|    ent_coef_loss   | 0.862    |
|    learning_rate   | 0.0003   |
|    n_updates       | 149380   |
---------------------------------
---------------------------------
| rollout/           |          |
|    ep_len_mean     | 58.3     |
|    ep_rew_mean     | 58       |
| time/              |          |
|    episodes        | 2900     |
|    fps             | 16       |
|    time_elapsed    | 9486     |
|    total_timesteps | 159480   |
| train/             |          |
|    actor_loss      | -0.555   |
|    critic_loss     | 0.0178   |
|    ent_coef        | 0.00201  |
|    ent_coef_loss   | 0.796    |
|    learning_rate   | 0.0003   |
|    n_updates       | 149470   |
---------------------------------
---------------------------------
| rollout/           |          |
|    ep_len_mean     | 58.2     |
|    ep_rew_mean     | 58.5     |
| time/              |          |
|    episodes        | 2904     |
|    fps             | 16       |
|    time_elapsed    | 9511     |
|    total_timesteps | 159880   |
| train/             |          |
|    actor_loss      | -0.509   |
|    critic_loss     | 0.0206   |
|    ent_coef        | 0.00206  |
|    ent_coef_loss   | -0.127   |
|    learning_rate   | 0.0003   |
|    n_updates       | 149870   |
---------------------------------
[CURRICULUM] t=160,000 -> scenario stage 2
---------------------------------
| rollout/           |          |
|    ep_len_mean     | 58.1     |
|    ep_rew_mean     | 58.5     |
| time/              |          |
|    episodes        | 2908     |
|    fps             | 16       |
|    time_elapsed    | 9522     |
|    total_timesteps | 160050   |
| train/             |          |
|    actor_loss      | -0.513   |
|    critic_loss     | 0.0258   |
|    ent_coef        | 0.00205  |
|    ent_coef_loss   | -0.785   |
|    learning_rate   | 0.0003   |
|    n_updates       | 150040   |
---------------------------------
---------------------------------
| rollout/           |          |
|    ep_len_mean     | 58.3     |
|    ep_rew_mean     | 59.2     |
| time/              |          |
|    episodes        | 2912     |
|    fps             | 16       |
|    time_elapsed    | 9536     |
|    total_timesteps | 160280   |
| train/             |          |
|    actor_loss      | -0.539   |
|    critic_loss     | 0.0275   |
|    ent_coef        | 0.00204  |
|    ent_coef_loss   | 0.14     |
|    learning_rate   | 0.0003   |
|    n_updates       | 150270   |
---------------------------------
---------------------------------
| rollout/           |          |
|    ep_len_mean     | 57.3     |
|    ep_rew_mean     | 46       |
| time/              |          |
|    episodes        | 2916     |
|    fps             | 16       |
|    time_elapsed    | 9548     |
|    total_timesteps | 160480   |
| train/             |          |
|    actor_loss      | -0.505   |
|    critic_loss     | 0.0219   |
|    ent_coef        | 0.00201  |
|    ent_coef_loss   | 0.523    |
|    learning_rate   | 0.0003   |
|    n_updates       | 150470   |
---------------------------------
---------------------------------
| rollout/           |          |
|    ep_len_mean     | 57       |
|    ep_rew_mean     | 41.3     |
| time/              |          |
|    episodes        | 2920     |
|    fps             | 16       |
|    time_elapsed    | 9559     |
|    total_timesteps | 160670   |
| train/             |          |
|    actor_loss      | -0.539   |
|    critic_loss     | 0.0181   |
|    ent_coef        | 0.00205  |
|    ent_coef_loss   | 0.303    |
|    learning_rate   | 0.0003   |
|    n_updates       | 150660   |
---------------------------------
---------------------------------
| rollout/           |          |
|    ep_len_mean     | 57       |
|    ep_rew_mean     | 41.3     |
| time/              |          |
|    episodes        | 2924     |
|    fps             | 16       |
|    time_elapsed    | 9577     |
|    total_timesteps | 160960   |
| train/             |          |
|    actor_loss      | -0.513   |
|    critic_loss     | 0.0235   |
|    ent_coef        | 0.00204  |
|    ent_coef_loss   | -0.12    |
|    learning_rate   | 0.0003   |
|    n_updates       | 150950   |
---------------------------------
---------------------------------
| rollout/           |          |
|    ep_len_mean     | 56.5     |
|    ep_rew_mean     | 35.7     |
| time/              |          |
|    episodes        | 2928     |
|    fps             | 16       |
|    time_elapsed    | 9586     |
|    total_timesteps | 161110   |
| train/             |          |
|    actor_loss      | -0.541   |
|    critic_loss     | 0.0167   |
|    ent_coef        | 0.00204  |
|    ent_coef_loss   | -0.413   |
|    learning_rate   | 0.0003   |
|    n_updates       | 151100   |
---------------------------------
---------------------------------
| rollout/           |          |
|    ep_len_mean     | 55.7     |
|    ep_rew_mean     | 26.4     |
| time/              |          |
|    episodes        | 2932     |
|    fps             | 16       |
|    time_elapsed    | 9597     |
|    total_timesteps | 161280   |
| train/             |          |
|    actor_loss      | -0.534   |
|    critic_loss     | 0.0166   |
|    ent_coef        | 0.002    |
|    ent_coef_loss   | -0.144   |
|    learning_rate   | 0.0003   |
|    n_updates       | 151270   |
---------------------------------
---------------------------------
| rollout/           |          |
|    ep_len_mean     | 55.6     |
|    ep_rew_mean     | 26.3     |
| time/              |          |
|    episodes        | 2936     |
|    fps             | 16       |
|    time_elapsed    | 9602     |
|    total_timesteps | 161370   |
| train/             |          |
|    actor_loss      | -0.585   |
|    critic_loss     | 0.016    |
|    ent_coef        | 0.00198  |
|    ent_coef_loss   | 0.254    |
|    learning_rate   | 0.0003   |
|    n_updates       | 151360   |
---------------------------------
---------------------------------
| rollout/           |          |
|    ep_len_mean     | 54.9     |
|    ep_rew_mean     | 18.3     |
| time/              |          |
|    episodes        | 2940     |
|    fps             | 16       |
|    time_elapsed    | 9622     |
|    total_timesteps | 161700   |
| train/             |          |
|    actor_loss      | -0.56    |
|    critic_loss     | 0.0159   |
|    ent_coef        | 0.00201  |
|    ent_coef_loss   | 0.728    |
|    learning_rate   | 0.0003   |
|    n_updates       | 151690   |
---------------------------------
---------------------------------
| rollout/           |          |
|    ep_len_mean     | 55.2     |
|    ep_rew_mean     | 21.8     |
| time/              |          |
|    episodes        | 2944     |
|    fps             | 16       |
|    time_elapsed    | 9634     |
|    total_timesteps | 161890   |
| train/             |          |
|    actor_loss      | -0.518   |
|    critic_loss     | 0.0175   |
|    ent_coef        | 0.00202  |
|    ent_coef_loss   | 0.826    |
|    learning_rate   | 0.0003   |
|    n_updates       | 151880   |
---------------------------------
---------------------------------
| rollout/           |          |
|    ep_len_mean     | 55.2     |
|    ep_rew_mean     | 19.5     |
| time/              |          |
|    episodes        | 2948     |
|    fps             | 16       |
|    time_elapsed    | 9646     |
|    total_timesteps | 162080   |
| train/             |          |
|    actor_loss      | -0.544   |
|    critic_loss     | 0.0211   |
|    ent_coef        | 0.00202  |
|    ent_coef_loss   | -0.0951  |
|    learning_rate   | 0.0003   |
|    n_updates       | 152070   |
---------------------------------
---------------------------------
| rollout/           |          |
|    ep_len_mean     | 55       |
|    ep_rew_mean     | 15.2     |
| time/              |          |
|    episodes        | 2952     |
|    fps             | 16       |
|    time_elapsed    | 9659     |
|    total_timesteps | 162300   |
| train/             |          |
|    actor_loss      | -0.473   |
|    critic_loss     | 0.0256   |
|    ent_coef        | 0.00208  |
|    ent_coef_loss   | 0.669    |
|    learning_rate   | 0.0003   |
|    n_updates       | 152290   |
---------------------------------
---------------------------------
| rollout/           |          |
|    ep_len_mean     | 54.9     |
|    ep_rew_mean     | 15.5     |
| time/              |          |
|    episodes        | 2956     |
|    fps             | 16       |
|    time_elapsed    | 9670     |
|    total_timesteps | 162480   |
| train/             |          |
|    actor_loss      | -0.552   |
|    critic_loss     | 0.0209   |
|    ent_coef        | 0.00208  |
|    ent_coef_loss   | 0.026    |
|    learning_rate   | 0.0003   |
|    n_updates       | 152470   |
---------------------------------
---------------------------------
| rollout/           |          |
|    ep_len_mean     | 54.5     |
|    ep_rew_mean     | 10.3     |
| time/              |          |
|    episodes        | 2960     |
|    fps             | 16       |
|    time_elapsed    | 9692     |
|    total_timesteps | 162820   |
| train/             |          |
|    actor_loss      | -0.511   |
|    critic_loss     | 0.0201   |
|    ent_coef        | 0.00205  |
|    ent_coef_loss   | -0.515   |
|    learning_rate   | 0.0003   |
|    n_updates       | 152810   |
---------------------------------
---------------------------------
| rollout/           |          |
|    ep_len_mean     | 53.7     |
|    ep_rew_mean     | -2.08    |
| time/              |          |
|    episodes        | 2964     |
|    fps             | 16       |
|    time_elapsed    | 9696     |
|    total_timesteps | 162900   |
| train/             |          |
|    actor_loss      | -0.54    |
|    critic_loss     | 0.0195   |
|    ent_coef        | 0.00204  |
|    ent_coef_loss   | 0.0228   |
|    learning_rate   | 0.0003   |
|    n_updates       | 152890   |
---------------------------------
---------------------------------
| rollout/           |          |
|    ep_len_mean     | 53.7     |
|    ep_rew_mean     | -0.361   |
| time/              |          |
|    episodes        | 2968     |
|    fps             | 16       |
|    time_elapsed    | 9708     |
|    total_timesteps | 163080   |
| train/             |          |
|    actor_loss      | -0.493   |
|    critic_loss     | 0.0194   |
|    ent_coef        | 0.00202  |
|    ent_coef_loss   | -0.483   |
|    learning_rate   | 0.0003   |
|    n_updates       | 153070   |
---------------------------------
---------------------------------
| rollout/           |          |
|    ep_len_mean     | 53.1     |
|    ep_rew_mean     | -10      |
| time/              |          |
|    episodes        | 2972     |
|    fps             | 16       |
|    time_elapsed    | 9730     |
|    total_timesteps | 163420   |
| train/             |          |
|    actor_loss      | -0.49    |
|    critic_loss     | 0.0198   |
|    ent_coef        | 0.00201  |
|    ent_coef_loss   | -0.358   |
|    learning_rate   | 0.0003   |
|    n_updates       | 153410   |
---------------------------------
---------------------------------
| rollout/           |          |
|    ep_len_mean     | 52.3     |
|    ep_rew_mean     | -18.8    |
| time/              |          |
|    episodes        | 2976     |
|    fps             | 16       |
|    time_elapsed    | 9742     |
|    total_timesteps | 163620   |
| train/             |          |
|    actor_loss      | -0.567   |
|    critic_loss     | 0.0171   |
|    ent_coef        | 0.002    |
|    ent_coef_loss   | 0.253    |
|    learning_rate   | 0.0003   |
|    n_updates       | 153610   |
---------------------------------
---------------------------------
| rollout/           |          |
|    ep_len_mean     | 52.9     |
|    ep_rew_mean     | -22.2    |
| time/              |          |
|    episodes        | 2980     |
|    fps             | 16       |
|    time_elapsed    | 9749     |
|    total_timesteps | 163740   |
| train/             |          |
|    actor_loss      | -0.539   |
|    critic_loss     | 0.0206   |
|    ent_coef        | 0.002    |
|    ent_coef_loss   | -0.282   |
|    learning_rate   | 0.0003   |
|    n_updates       | 153730   |
---------------------------------
---------------------------------
| rollout/           |          |
|    ep_len_mean     | 52       |
|    ep_rew_mean     | -33.7    |
| time/              |          |
|    episodes        | 2984     |
|    fps             | 16       |
|    time_elapsed    | 9755     |
|    total_timesteps | 163840   |
| train/             |          |
|    actor_loss      | -0.523   |
|    critic_loss     | 0.0113   |
|    ent_coef        | 0.00198  |
|    ent_coef_loss   | -0.14    |
|    learning_rate   | 0.0003   |
|    n_updates       | 153830   |
---------------------------------
---------------------------------
| rollout/           |          |
|    ep_len_mean     | 51.8     |
|    ep_rew_mean     | -38.9    |
| time/              |          |
|    episodes        | 2988     |
|    fps             | 16       |
|    time_elapsed    | 9773     |
|    total_timesteps | 164140   |
| train/             |          |
|    actor_loss      | -0.501   |
|    critic_loss     | 0.0194   |
|    ent_coef        | 0.00199  |
|    ent_coef_loss   | 0.34     |
|    learning_rate   | 0.0003   |
|    n_updates       | 154130   |
---------------------------------
---------------------------------
| rollout/           |          |
|    ep_len_mean     | 52.1     |
|    ep_rew_mean     | -39.9    |
| time/              |          |
|    episodes        | 2992     |
|    fps             | 16       |
|    time_elapsed    | 9787     |
|    total_timesteps | 164360   |
| train/             |          |
|    actor_loss      | -0.513   |
|    critic_loss     | 0.015    |
|    ent_coef        | 0.00207  |
|    ent_coef_loss   | -0.151   |
|    learning_rate   | 0.0003   |
|    n_updates       | 154350   |
---------------------------------
---------------------------------
| rollout/           |          |
|    ep_len_mean     | 51.5     |
|    ep_rew_mean     | -47.5    |
| time/              |          |
|    episodes        | 2996     |
|    fps             | 16       |
|    time_elapsed    | 9794     |
|    total_timesteps | 164480   |
| train/             |          |
|    actor_loss      | -0.464   |
|    critic_loss     | 0.0185   |
|    ent_coef        | 0.00204  |
|    ent_coef_loss   | 0.331    |
|    learning_rate   | 0.0003   |
|    n_updates       | 154470   |
---------------------------------
---------------------------------
| rollout/           |          |
|    ep_len_mean     | 51.6     |
|    ep_rew_mean     | -46.9    |
| time/              |          |
|    episodes        | 3000     |
|    fps             | 16       |
|    time_elapsed    | 9808     |
|    total_timesteps | 164720   |
| train/             |          |
|    actor_loss      | -0.567   |
|    critic_loss     | 0.0167   |
|    ent_coef        | 0.00203  |
|    ent_coef_loss   | -0.93    |
|    learning_rate   | 0.0003   |
|    n_updates       | 154710   |
---------------------------------
---------------------------------
| rollout/           |          |
|    ep_len_mean     | 51.6     |
|    ep_rew_mean     | -49.5    |
| time/              |          |
|    episodes        | 3004     |
|    fps             | 16       |
|    time_elapsed    | 9827     |
|    total_timesteps | 165020   |
| train/             |          |
|    actor_loss      | -0.475   |
|    critic_loss     | 0.0232   |
|    ent_coef        | 0.002    |
|    ent_coef_loss   | 0.427    |
|    learning_rate   | 0.0003   |
|    n_updates       | 155010   |
---------------------------------
---------------------------------
| rollout/           |          |
|    ep_len_mean     | 51.5     |
|    ep_rew_mean     | -54.2    |
| time/              |          |
|    episodes        | 3008     |
|    fps             | 16       |
|    time_elapsed    | 9833     |
|    total_timesteps | 165130   |
| train/             |          |
|    actor_loss      | -0.464   |
|    critic_loss     | 0.0206   |
|    ent_coef        | 0.00201  |
|    ent_coef_loss   | 0.452    |
|    learning_rate   | 0.0003   |
|    n_updates       | 155120   |
---------------------------------
---------------------------------
| rollout/           |          |
|    ep_len_mean     | 51.1     |
|    ep_rew_mean     | -59.3    |
| time/              |          |
|    episodes        | 3012     |
|    fps             | 16       |
|    time_elapsed    | 9846     |
|    total_timesteps | 165350   |
| train/             |          |
|    actor_loss      | -0.459   |
|    critic_loss     | 0.0228   |
|    ent_coef        | 0.002    |
|    ent_coef_loss   | 0.314    |
|    learning_rate   | 0.0003   |
|    n_updates       | 155340   |
---------------------------------
---------------------------------
| rollout/           |          |
|    ep_len_mean     | 51.7     |
|    ep_rew_mean     | -50.8    |
| time/              |          |
|    episodes        | 3016     |
|    fps             | 16       |
|    time_elapsed    | 9865     |
|    total_timesteps | 165660   |
| train/             |          |
|    actor_loss      | -0.554   |
|    critic_loss     | 0.0225   |
|    ent_coef        | 0.00203  |
|    ent_coef_loss   | 0.657    |
|    learning_rate   | 0.0003   |
|    n_updates       | 155650   |
---------------------------------
---------------------------------
| rollout/           |          |
|    ep_len_mean     | 52       |
|    ep_rew_mean     | -47.4    |
| time/              |          |
|    episodes        | 3020     |
|    fps             | 16       |
|    time_elapsed    | 9874     |
|    total_timesteps | 165810   |
| train/             |          |
|    actor_loss      | -0.513   |
|    critic_loss     | 0.0214   |
|    ent_coef        | 0.00205  |
|    ent_coef_loss   | -0.462   |
|    learning_rate   | 0.0003   |
|    n_updates       | 155800   |
---------------------------------
---------------------------------
| rollout/           |          |
|    ep_len_mean     | 51.1     |
|    ep_rew_mean     | -55.2    |
| time/              |          |
|    episodes        | 3024     |
|    fps             | 16       |
|    time_elapsed    | 9884     |
|    total_timesteps | 165980   |
| train/             |          |
|    actor_loss      | -0.525   |
|    critic_loss     | 0.0148   |
|    ent_coef        | 0.00206  |
|    ent_coef_loss   | -0.526   |
|    learning_rate   | 0.0003   |
|    n_updates       | 155970   |
---------------------------------
---------------------------------
| rollout/           |          |
|    ep_len_mean     | 51.1     |
|    ep_rew_mean     | -53.9    |
| time/              |          |
|    episodes        | 3028     |
|    fps             | 16       |
|    time_elapsed    | 9898     |
|    total_timesteps | 166200   |
| train/             |          |
|    actor_loss      | -0.531   |
|    critic_loss     | 0.0224   |
|    ent_coef        | 0.00207  |
|    ent_coef_loss   | -0.574   |
|    learning_rate   | 0.0003   |
|    n_updates       | 156190   |
---------------------------------
---------------------------------
| rollout/           |          |
|    ep_len_mean     | 51.4     |
|    ep_rew_mean     | -49.7    |
| time/              |          |
|    episodes        | 3032     |
|    fps             | 16       |
|    time_elapsed    | 9914     |
|    total_timesteps | 166480   |
| train/             |          |
|    actor_loss      | -0.525   |
|    critic_loss     | 0.0173   |
|    ent_coef        | 0.00201  |
|    ent_coef_loss   | 0.68     |
|    learning_rate   | 0.0003   |
|    n_updates       | 156470   |
---------------------------------
---------------------------------
| rollout/           |          |
|    ep_len_mean     | 51.7     |
|    ep_rew_mean     | -49.2    |
| time/              |          |
|    episodes        | 3036     |
|    fps             | 16       |
|    time_elapsed    | 9929     |
|    total_timesteps | 166720   |
| train/             |          |
|    actor_loss      | -0.522   |
|    critic_loss     | 0.0161   |
|    ent_coef        | 0.00206  |
|    ent_coef_loss   | 0.499    |
|    learning_rate   | 0.0003   |
|    n_updates       | 156710   |
---------------------------------
---------------------------------
| rollout/           |          |
|    ep_len_mean     | 51.9     |
|    ep_rew_mean     | -45.9    |
| time/              |          |
|    episodes        | 3040     |
|    fps             | 16       |
|    time_elapsed    | 9934     |
|    total_timesteps | 166800   |
| train/             |          |
|    actor_loss      | -0.498   |
|    critic_loss     | 0.0274   |
|    ent_coef        | 0.00206  |
|    ent_coef_loss   | -0.378   |
|    learning_rate   | 0.0003   |
|    n_updates       | 156790   |
---------------------------------
---------------------------------
| rollout/           |          |
|    ep_len_mean     | 51.1     |
|    ep_rew_mean     | -54      |
| time/              |          |
|    episodes        | 3044     |
|    fps             | 16       |
|    time_elapsed    | 9943     |
|    total_timesteps | 166940   |
| train/             |          |
|    actor_loss      | -0.53    |
|    critic_loss     | 0.0197   |
|    ent_coef        | 0.00207  |
|    ent_coef_loss   | 0.00502  |
|    learning_rate   | 0.0003   |
|    n_updates       | 156930   |
---------------------------------
---------------------------------
| rollout/           |          |
|    ep_len_mean     | 50.4     |
|    ep_rew_mean     | -60.5    |
| time/              |          |
|    episodes        | 3048     |
|    fps             | 16       |
|    time_elapsed    | 9954     |
|    total_timesteps | 167120   |
| train/             |          |
|    actor_loss      | -0.497   |
|    critic_loss     | 0.0223   |
|    ent_coef        | 0.00208  |
|    ent_coef_loss   | 0.0267   |
|    learning_rate   | 0.0003   |
|    n_updates       | 157110   |
---------------------------------
---------------------------------
| rollout/           |          |
|    ep_len_mean     | 50.9     |
|    ep_rew_mean     | -54.4    |
| time/              |          |
|    episodes        | 3052     |
|    fps             | 16       |
|    time_elapsed    | 9969     |
|    total_timesteps | 167380   |
| train/             |          |
|    actor_loss      | -0.559   |
|    critic_loss     | 0.0172   |
|    ent_coef        | 0.0021   |
|    ent_coef_loss   | -0.187   |
|    learning_rate   | 0.0003   |
|    n_updates       | 157370   |
---------------------------------
---------------------------------
| rollout/           |          |
|    ep_len_mean     | 50.7     |
|    ep_rew_mean     | -59.3    |
| time/              |          |
|    episodes        | 3056     |
|    fps             | 16       |
|    time_elapsed    | 9984     |
|    total_timesteps | 167620   |
| train/             |          |
|    actor_loss      | -0.508   |
|    critic_loss     | 0.0257   |
|    ent_coef        | 0.00208  |
|    ent_coef_loss   | 0.207    |
|    learning_rate   | 0.0003   |
|    n_updates       | 157610   |
---------------------------------
---------------------------------
| rollout/           |          |
|    ep_len_mean     | 50.7     |
|    ep_rew_mean     | -58.5    |
| time/              |          |
|    episodes        | 3060     |
|    fps             | 16       |
|    time_elapsed    | 10001    |
|    total_timesteps | 167890   |
| train/             |          |
|    actor_loss      | -0.47    |
|    critic_loss     | 0.0229   |
|    ent_coef        | 0.00209  |
|    ent_coef_loss   | -0.499   |
|    learning_rate   | 0.0003   |
|    n_updates       | 157880   |
---------------------------------
---------------------------------
| rollout/           |          |
|    ep_len_mean     | 51       |
|    ep_rew_mean     | -50.2    |
| time/              |          |
|    episodes        | 3064     |
|    fps             | 16       |
|    time_elapsed    | 10006    |
|    total_timesteps | 167980   |
| train/             |          |
|    actor_loss      | -0.547   |
|    critic_loss     | 0.0152   |
|    ent_coef        | 0.00208  |
|    ent_coef_loss   | -0.658   |
|    learning_rate   | 0.0003   |
|    n_updates       | 157970   |
---------------------------------
---------------------------------
| rollout/           |          |
|    ep_len_mean     | 50.7     |
|    ep_rew_mean     | -50.8    |
| time/              |          |
|    episodes        | 3068     |
|    fps             | 16       |
|    time_elapsed    | 10020    |
|    total_timesteps | 168210   |
| train/             |          |
|    actor_loss      | -0.554   |
|    critic_loss     | 0.0227   |
|    ent_coef        | 0.00204  |
|    ent_coef_loss   | 0.396    |
|    learning_rate   | 0.0003   |
|    n_updates       | 158200   |
---------------------------------
---------------------------------
| rollout/           |          |
|    ep_len_mean     | 50.8     |
|    ep_rew_mean     | -49.8    |
| time/              |          |
|    episodes        | 3072     |
|    fps             | 16       |
|    time_elapsed    | 10033    |
|    total_timesteps | 168440   |
| train/             |          |
|    actor_loss      | -0.465   |
|    critic_loss     | 0.0148   |
|    ent_coef        | 0.00205  |
|    ent_coef_loss   | 0.559    |
|    learning_rate   | 0.0003   |
|    n_updates       | 158430   |
---------------------------------
---------------------------------
| rollout/           |          |
|    ep_len_mean     | 51.4     |
|    ep_rew_mean     | -44.9    |
| time/              |          |
|    episodes        | 3076     |
|    fps             | 16       |
|    time_elapsed    | 10047    |
|    total_timesteps | 168680   |
| train/             |          |
|    actor_loss      | -0.495   |
|    critic_loss     | 0.0166   |
|    ent_coef        | 0.00197  |
|    ent_coef_loss   | 1.06     |
|    learning_rate   | 0.0003   |
|    n_updates       | 158670   |
---------------------------------
---------------------------------
| rollout/           |          |
|    ep_len_mean     | 51.1     |
|    ep_rew_mean     | -39.9    |
| time/              |          |
|    episodes        | 3080     |
|    fps             | 16       |
|    time_elapsed    | 10064    |
|    total_timesteps | 168960   |
| train/             |          |
|    actor_loss      | -0.51    |
|    critic_loss     | 0.0184   |
|    ent_coef        | 0.002    |
|    ent_coef_loss   | 0.143    |
|    learning_rate   | 0.0003   |
|    n_updates       | 158950   |
---------------------------------
---------------------------------
| rollout/           |          |
|    ep_len_mean     | 51.6     |
|    ep_rew_mean     | -32.2    |
| time/              |          |
|    episodes        | 3084     |
|    fps             | 16       |
|    time_elapsed    | 10075    |
|    total_timesteps | 169140   |
| train/             |          |
|    actor_loss      | -0.52    |
|    critic_loss     | 0.0193   |
|    ent_coef        | 0.00205  |
|    ent_coef_loss   | 0.27     |
|    learning_rate   | 0.0003   |
|    n_updates       | 159130   |
---------------------------------
---------------------------------
| rollout/           |          |
|    ep_len_mean     | 51.7     |
|    ep_rew_mean     | -28.3    |
| time/              |          |
|    episodes        | 3088     |
|    fps             | 16       |
|    time_elapsed    | 10085    |
|    total_timesteps | 169290   |
| train/             |          |
|    actor_loss      | -0.499   |
|    critic_loss     | 0.0218   |
|    ent_coef        | 0.00207  |
|    ent_coef_loss   | 0.677    |
|    learning_rate   | 0.0003   |
|    n_updates       | 159280   |
---------------------------------
---------------------------------
| rollout/           |          |
|    ep_len_mean     | 51       |
|    ep_rew_mean     | -35.7    |
| time/              |          |
|    episodes        | 3092     |
|    fps             | 16       |
|    time_elapsed    | 10091    |
|    total_timesteps | 169390   |
| train/             |          |
|    actor_loss      | -0.455   |
|    critic_loss     | 0.0179   |
|    ent_coef        | 0.00205  |
|    ent_coef_loss   | -0.0948  |
|    learning_rate   | 0.0003   |
|    n_updates       | 159380   |
---------------------------------
---------------------------------
| rollout/           |          |
|    ep_len_mean     | 51.8     |
|    ep_rew_mean     | -27.9    |
| time/              |          |
|    episodes        | 3096     |
|    fps             | 16       |
|    time_elapsed    | 10116    |
|    total_timesteps | 169810   |
| train/             |          |
|    actor_loss      | -0.531   |
|    critic_loss     | 0.016    |
|    ent_coef        | 0.00193  |
|    ent_coef_loss   | -0.416   |
|    learning_rate   | 0.0003   |
|    n_updates       | 159800   |
---------------------------------
---------------------------------
| rollout/           |          |
|    ep_len_mean     | 51.9     |
|    ep_rew_mean     | -29.2    |
| time/              |          |
|    episodes        | 3100     |
|    fps             | 16       |
|    time_elapsed    | 10122    |
|    total_timesteps | 169900   |
| train/             |          |
|    actor_loss      | -0.495   |
|    critic_loss     | 0.025    |
|    ent_coef        | 0.00193  |
|    ent_coef_loss   | 0.0748   |
|    learning_rate   | 0.0003   |
|    n_updates       | 159890   |
---------------------------------
---------------------------------
| rollout/           |          |
|    ep_len_mean     | 51.5     |
|    ep_rew_mean     | -32.5    |
| time/              |          |
|    episodes        | 3104     |
|    fps             | 16       |
|    time_elapsed    | 10129    |
|    total_timesteps | 170020   |
| train/             |          |
|    actor_loss      | -0.541   |
|    critic_loss     | 0.0166   |
|    ent_coef        | 0.00192  |
|    ent_coef_loss   | 0.129    |
|    learning_rate   | 0.0003   |
|    n_updates       | 160010   |
---------------------------------
---------------------------------
| rollout/           |          |
|    ep_len_mean     | 50.9     |
|    ep_rew_mean     | -36.6    |
| time/              |          |
|    episodes        | 3108     |
|    fps             | 16       |
|    time_elapsed    | 10142    |
|    total_timesteps | 170240   |
| train/             |          |
|    actor_loss      | -0.538   |
|    critic_loss     | 0.0192   |
|    ent_coef        | 0.00194  |
|    ent_coef_loss   | 1.02     |
|    learning_rate   | 0.0003   |
|    n_updates       | 160230   |
---------------------------------
---------------------------------
| rollout/           |          |
|    ep_len_mean     | 51.1     |
|    ep_rew_mean     | -36.3    |
| time/              |          |
|    episodes        | 3112     |
|    fps             | 16       |
|    time_elapsed    | 10158    |
|    total_timesteps | 170500   |
| train/             |          |
|    actor_loss      | -0.544   |
|    critic_loss     | 0.0147   |
|    ent_coef        | 0.00197  |
|    ent_coef_loss   | 0.727    |
|    learning_rate   | 0.0003   |
|    n_updates       | 160490   |
---------------------------------
---------------------------------
| rollout/           |          |
|    ep_len_mean     | 51       |
|    ep_rew_mean     | -40.2    |
| time/              |          |
|    episodes        | 3116     |
|    fps             | 16       |
|    time_elapsed    | 10172    |
|    total_timesteps | 170740   |
| train/             |          |
|    actor_loss      | -0.52    |
|    critic_loss     | 0.0171   |
|    ent_coef        | 0.002    |
|    ent_coef_loss   | 0.765    |
|    learning_rate   | 0.0003   |
|    n_updates       | 160730   |
---------------------------------
---------------------------------
| rollout/           |          |
|    ep_len_mean     | 50.5     |
|    ep_rew_mean     | -44.2    |
| time/              |          |
|    episodes        | 3120     |
|    fps             | 16       |
|    time_elapsed    | 10177    |
|    total_timesteps | 170830   |
| train/             |          |
|    actor_loss      | -0.486   |
|    critic_loss     | 0.0201   |
|    ent_coef        | 0.002    |
|    ent_coef_loss   | -0.314   |
|    learning_rate   | 0.0003   |
|    n_updates       | 160820   |
---------------------------------
---------------------------------
| rollout/           |          |
|    ep_len_mean     | 51       |
|    ep_rew_mean     | -40.1    |
| time/              |          |
|    episodes        | 3124     |
|    fps             | 16       |
|    time_elapsed    | 10197    |
|    total_timesteps | 171160   |
| train/             |          |
|    actor_loss      | -0.513   |
|    critic_loss     | 0.0188   |
|    ent_coef        | 0.00195  |
|    ent_coef_loss   | -0.609   |
|    learning_rate   | 0.0003   |
|    n_updates       | 161150   |
---------------------------------
---------------------------------
| rollout/           |          |
|    ep_len_mean     | 51       |
|    ep_rew_mean     | -39.7    |
| time/              |          |
|    episodes        | 3128     |
|    fps             | 16       |
|    time_elapsed    | 10208    |
|    total_timesteps | 171340   |
| train/             |          |
|    actor_loss      | -0.494   |
|    critic_loss     | 0.022    |
|    ent_coef        | 0.00193  |
|    ent_coef_loss   | 0.956    |
|    learning_rate   | 0.0003   |
|    n_updates       | 161330   |
---------------------------------
---------------------------------
| rollout/           |          |
|    ep_len_mean     | 50.7     |
|    ep_rew_mean     | -43.3    |
| time/              |          |
|    episodes        | 3132     |
|    fps             | 16       |
|    time_elapsed    | 10215    |
|    total_timesteps | 171470   |
| train/             |          |
|    actor_loss      | -0.499   |
|    critic_loss     | 0.0185   |
|    ent_coef        | 0.00194  |
|    ent_coef_loss   | 0.0169   |
|    learning_rate   | 0.0003   |
|    n_updates       | 161460   |
---------------------------------
---------------------------------
| rollout/           |          |
|    ep_len_mean     | 50.6     |
|    ep_rew_mean     | -44.2    |
| time/              |          |
|    episodes        | 3136     |
|    fps             | 16       |
|    time_elapsed    | 10229    |
|    total_timesteps | 171700   |
| train/             |          |
|    actor_loss      | -0.513   |
|    critic_loss     | 0.0161   |
|    ent_coef        | 0.00192  |
|    ent_coef_loss   | -0.4     |
|    learning_rate   | 0.0003   |
|    n_updates       | 161690   |
---------------------------------
---------------------------------
| rollout/           |          |
|    ep_len_mean     | 50.1     |
|    ep_rew_mean     | -47.8    |
| time/              |          |
|    episodes        | 3140     |
|    fps             | 16       |
|    time_elapsed    | 10240    |
|    total_timesteps | 171890   |
| train/             |          |
|    actor_loss      | -0.489   |
|    critic_loss     | 0.0183   |
|    ent_coef        | 0.00193  |
|    ent_coef_loss   | 0.127    |
|    learning_rate   | 0.0003   |
|    n_updates       | 161880   |
---------------------------------
---------------------------------
| rollout/           |          |
|    ep_len_mean     | 51       |
|    ep_rew_mean     | -38.7    |
| time/              |          |
|    episodes        | 3144     |
|    fps             | 16       |
|    time_elapsed    | 10246    |
|    total_timesteps | 171990   |
| train/             |          |
|    actor_loss      | -0.481   |
|    critic_loss     | 0.0208   |
|    ent_coef        | 0.00192  |
|    ent_coef_loss   | -0.187   |
|    learning_rate   | 0.0003   |
|    n_updates       | 161980   |
---------------------------------
---------------------------------
| rollout/           |          |
|    ep_len_mean     | 50.9     |
|    ep_rew_mean     | -43      |
| time/              |          |
|    episodes        | 3148     |
|    fps             | 16       |
|    time_elapsed    | 10266    |
|    total_timesteps | 172330   |
| train/             |          |
|    actor_loss      | -0.503   |
|    critic_loss     | 0.0217   |
|    ent_coef        | 0.00194  |
|    ent_coef_loss   | 0.699    |
|    learning_rate   | 0.0003   |
|    n_updates       | 162320   |
---------------------------------
---------------------------------
| rollout/           |          |
|    ep_len_mean     | 50.8     |
|    ep_rew_mean     | -45.9    |
| time/              |          |
|    episodes        | 3152     |
|    fps             | 16       |
|    time_elapsed    | 10278    |
|    total_timesteps | 172540   |
| train/             |          |
|    actor_loss      | -0.534   |
|    critic_loss     | 0.0171   |
|    ent_coef        | 0.00195  |
|    ent_coef_loss   | -0.954   |
|    learning_rate   | 0.0003   |
|    n_updates       | 162530   |
---------------------------------
---------------------------------
| rollout/           |          |
|    ep_len_mean     | 51.1     |
|    ep_rew_mean     | -42.7    |
| time/              |          |
|    episodes        | 3156     |
|    fps             | 16       |
|    time_elapsed    | 10291    |
|    total_timesteps | 172750   |
| train/             |          |
|    actor_loss      | -0.538   |
|    critic_loss     | 0.0226   |
|    ent_coef        | 0.00194  |
|    ent_coef_loss   | -0.652   |
|    learning_rate   | 0.0003   |
|    n_updates       | 162740   |
---------------------------------
---------------------------------
| rollout/           |          |
|    ep_len_mean     | 51.4     |
|    ep_rew_mean     | -42.7    |
| time/              |          |
|    episodes        | 3160     |
|    fps             | 16       |
|    time_elapsed    | 10306    |
|    total_timesteps | 173000   |
| train/             |          |
|    actor_loss      | -0.455   |
|    critic_loss     | 0.0178   |
|    ent_coef        | 0.002    |
|    ent_coef_loss   | -0.137   |
|    learning_rate   | 0.0003   |
|    n_updates       | 162990   |
---------------------------------
---------------------------------
| rollout/           |          |
|    ep_len_mean     | 51.3     |
|    ep_rew_mean     | -43.7    |
| time/              |          |
|    episodes        | 3164     |
|    fps             | 16       |
|    time_elapsed    | 10315    |
|    total_timesteps | 173160   |
| train/             |          |
|    actor_loss      | -0.499   |
|    critic_loss     | 0.0196   |
|    ent_coef        | 0.00199  |
|    ent_coef_loss   | 0.0333   |
|    learning_rate   | 0.0003   |
|    n_updates       | 163150   |
---------------------------------
---------------------------------
| rollout/           |          |
|    ep_len_mean     | 51.3     |
|    ep_rew_mean     | -43.5    |
| time/              |          |
|    episodes        | 3168     |
|    fps             | 16       |
|    time_elapsed    | 10326    |
|    total_timesteps | 173340   |
| train/             |          |
|    actor_loss      | -0.552   |
|    critic_loss     | 0.0253   |
|    ent_coef        | 0.00195  |
|    ent_coef_loss   | -1.05    |
|    learning_rate   | 0.0003   |
|    n_updates       | 163330   |
---------------------------------
---------------------------------
| rollout/           |          |
|    ep_len_mean     | 51.7     |
|    ep_rew_mean     | -36.6    |
| time/              |          |
|    episodes        | 3172     |
|    fps             | 16       |
|    time_elapsed    | 10343    |
|    total_timesteps | 173620   |
| train/             |          |
|    actor_loss      | -0.459   |
|    critic_loss     | 0.0153   |
|    ent_coef        | 0.00197  |
|    ent_coef_loss   | 0.113    |
|    learning_rate   | 0.0003   |
|    n_updates       | 163610   |
---------------------------------
---------------------------------
| rollout/           |          |
|    ep_len_mean     | 51.5     |
|    ep_rew_mean     | -36.4    |
| time/              |          |
|    episodes        | 3176     |
|    fps             | 16       |
|    time_elapsed    | 10354    |
|    total_timesteps | 173820   |
| train/             |          |
|    actor_loss      | -0.538   |
|    critic_loss     | 0.0303   |
|    ent_coef        | 0.00201  |
|    ent_coef_loss   | 0.38     |
|    learning_rate   | 0.0003   |
|    n_updates       | 163810   |
---------------------------------
---------------------------------
| rollout/           |          |
|    ep_len_mean     | 51.6     |
|    ep_rew_mean     | -33.9    |
| time/              |          |
|    episodes        | 3180     |
|    fps             | 16       |
|    time_elapsed    | 10365    |
|    total_timesteps | 173990   |
| train/             |          |
|    actor_loss      | -0.533   |
|    critic_loss     | 0.0169   |
|    ent_coef        | 0.00202  |
|    ent_coef_loss   | -0.429   |
|    learning_rate   | 0.0003   |
|    n_updates       | 163980   |
---------------------------------
---------------------------------
| rollout/           |          |
|    ep_len_mean     | 50.8     |
|    ep_rew_mean     | -42.5    |
| time/              |          |
|    episodes        | 3184     |
|    fps             | 16       |
|    time_elapsed    | 10376    |
|    total_timesteps | 174170   |
| train/             |          |
|    actor_loss      | -0.538   |
|    critic_loss     | 0.0186   |
|    ent_coef        | 0.00196  |
|    ent_coef_loss   | -0.258   |
|    learning_rate   | 0.0003   |
|    n_updates       | 164160   |
---------------------------------
---------------------------------
| rollout/           |          |
|    ep_len_mean     | 49.8     |
|    ep_rew_mean     | -51.4    |
| time/              |          |
|    episodes        | 3188     |
|    fps             | 16       |
|    time_elapsed    | 10389    |
|    total_timesteps | 174380   |
| train/             |          |
|    actor_loss      | -0.526   |
|    critic_loss     | 0.0186   |
|    ent_coef        | 0.00197  |
|    ent_coef_loss   | -0.0303  |
|    learning_rate   | 0.0003   |
|    n_updates       | 164370   |
---------------------------------
---------------------------------
| rollout/           |          |
|    ep_len_mean     | 50.9     |
|    ep_rew_mean     | -39.4    |
| time/              |          |
|    episodes        | 3192     |
|    fps             | 16       |
|    time_elapsed    | 10395    |
|    total_timesteps | 174470   |
| train/             |          |
|    actor_loss      | -0.493   |
|    critic_loss     | 0.0225   |
|    ent_coef        | 0.00198  |
|    ent_coef_loss   | 0.663    |
|    learning_rate   | 0.0003   |
|    n_updates       | 164460   |
---------------------------------
---------------------------------
| rollout/           |          |
|    ep_len_mean     | 49.7     |
|    ep_rew_mean     | -50.9    |
| time/              |          |
|    episodes        | 3196     |
|    fps             | 16       |
|    time_elapsed    | 10402    |
|    total_timesteps | 174600   |
| train/             |          |
|    actor_loss      | -0.508   |
|    critic_loss     | 0.0227   |
|    ent_coef        | 0.00199  |
|    ent_coef_loss   | -0.0196  |
|    learning_rate   | 0.0003   |
|    n_updates       | 164590   |
---------------------------------
---------------------------------
| rollout/           |          |
|    ep_len_mean     | 49.2     |
|    ep_rew_mean     | -54.5    |
| time/              |          |
|    episodes        | 3200     |
|    fps             | 16       |
|    time_elapsed    | 10417    |
|    total_timesteps | 174840   |
| train/             |          |
|    actor_loss      | -0.477   |
|    critic_loss     | 0.0212   |
|    ent_coef        | 0.00198  |
|    ent_coef_loss   | 0.0578   |
|    learning_rate   | 0.0003   |
|    n_updates       | 164830   |
---------------------------------
---------------------------------
| rollout/           |          |
|    ep_len_mean     | 49.2     |
|    ep_rew_mean     | -54.2    |
| time/              |          |
|    episodes        | 3204     |
|    fps             | 16       |
|    time_elapsed    | 10427    |
|    total_timesteps | 175010   |
| train/             |          |
|    actor_loss      | -0.515   |
|    critic_loss     | 0.0197   |
|    ent_coef        | 0.00198  |
|    ent_coef_loss   | 0.741    |
|    learning_rate   | 0.0003   |
|    n_updates       | 165000   |
---------------------------------
---------------------------------
| rollout/           |          |
|    ep_len_mean     | 49.5     |
|    ep_rew_mean     | -53.3    |
| time/              |          |
|    episodes        | 3208     |
|    fps             | 16       |
|    time_elapsed    | 10442    |
|    total_timesteps | 175260   |
| train/             |          |
|    actor_loss      | -0.531   |
|    critic_loss     | 0.0263   |
|    ent_coef        | 0.00199  |
|    ent_coef_loss   | -0.709   |
|    learning_rate   | 0.0003   |
|    n_updates       | 165250   |
---------------------------------
---------------------------------
| rollout/           |          |
|    ep_len_mean     | 49.4     |
|    ep_rew_mean     | -57.9    |
| time/              |          |
|    episodes        | 3212     |
|    fps             | 16       |
|    time_elapsed    | 10451    |
|    total_timesteps | 175410   |
| train/             |          |
|    actor_loss      | -0.553   |
|    critic_loss     | 0.0216   |
|    ent_coef        | 0.002    |
|    ent_coef_loss   | 0.22     |
|    learning_rate   | 0.0003   |
|    n_updates       | 165400   |
---------------------------------
---------------------------------
| rollout/           |          |
|    ep_len_mean     | 49.9     |
|    ep_rew_mean     | -50.7    |
| time/              |          |
|    episodes        | 3216     |
|    fps             | 16       |
|    time_elapsed    | 10476    |
|    total_timesteps | 175840   |
| train/             |          |
|    actor_loss      | -0.498   |
|    critic_loss     | 0.0201   |
|    ent_coef        | 0.00201  |
|    ent_coef_loss   | 1.16     |
|    learning_rate   | 0.0003   |
|    n_updates       | 165830   |
---------------------------------
---------------------------------
| rollout/           |          |
|    ep_len_mean     | 50.5     |
|    ep_rew_mean     | -53.1    |
| time/              |          |
|    episodes        | 3220     |
|    fps             | 16       |
|    time_elapsed    | 10484    |
|    total_timesteps | 175980   |
| train/             |          |
|    actor_loss      | -0.475   |
|    critic_loss     | 0.0185   |
|    ent_coef        | 0.00204  |
|    ent_coef_loss   | -0.341   |
|    learning_rate   | 0.0003   |
|    n_updates       | 165970   |
---------------------------------
---------------------------------
| rollout/           |          |
|    ep_len_mean     | 50.7     |
|    ep_rew_mean     | -52.5    |
| time/              |          |
|    episodes        | 3224     |
|    fps             | 16       |
|    time_elapsed    | 10491    |
|    total_timesteps | 176090   |
| train/             |          |
|    actor_loss      | -0.51    |
|    critic_loss     | 0.0199   |
|    ent_coef        | 0.00201  |
|    ent_coef_loss   | -0.816   |
|    learning_rate   | 0.0003   |
|    n_updates       | 166080   |
---------------------------------
---------------------------------
| rollout/           |          |
|    ep_len_mean     | 50.9     |
|    ep_rew_mean     | -54.3    |
| time/              |          |
|    episodes        | 3228     |
|    fps             | 16       |
|    time_elapsed    | 10514    |
|    total_timesteps | 176470   |
| train/             |          |
|    actor_loss      | -0.457   |
|    critic_loss     | 0.0189   |
|    ent_coef        | 0.00196  |
|    ent_coef_loss   | 0.102    |
|    learning_rate   | 0.0003   |
|    n_updates       | 166460   |
---------------------------------
---------------------------------
| rollout/           |          |
|    ep_len_mean     | 50.9     |
|    ep_rew_mean     | -54.4    |
| time/              |          |
|    episodes        | 3232     |
|    fps             | 16       |
|    time_elapsed    | 10521    |
|    total_timesteps | 176580   |
| train/             |          |
|    actor_loss      | -0.476   |
|    critic_loss     | 0.024    |
|    ent_coef        | 0.00196  |
|    ent_coef_loss   | 0.118    |
|    learning_rate   | 0.0003   |
|    n_updates       | 166570   |
---------------------------------
---------------------------------
| rollout/           |          |
|    ep_len_mean     | 51.3     |
|    ep_rew_mean     | -50.8    |
| time/              |          |
|    episodes        | 3236     |
|    fps             | 16       |
|    time_elapsed    | 10533    |
|    total_timesteps | 176780   |
| train/             |          |
|    actor_loss      | -0.476   |
|    critic_loss     | 0.0242   |
|    ent_coef        | 0.00195  |
|    ent_coef_loss   | -0.0454  |
|    learning_rate   | 0.0003   |
|    n_updates       | 166770   |
---------------------------------
---------------------------------
| rollout/           |          |
|    ep_len_mean     | 51.8     |
|    ep_rew_mean     | -50.6    |
| time/              |          |
|    episodes        | 3240     |
|    fps             | 16       |
|    time_elapsed    | 10553    |
|    total_timesteps | 177110   |
| train/             |          |
|    actor_loss      | -0.463   |
|    critic_loss     | 0.0199   |
|    ent_coef        | 0.00195  |
|    ent_coef_loss   | -0.149   |
|    learning_rate   | 0.0003   |
|    n_updates       | 167100   |
---------------------------------
---------------------------------
| rollout/           |          |
|    ep_len_mean     | 51.7     |
|    ep_rew_mean     | -51.5    |
| time/              |          |
|    episodes        | 3244     |
|    fps             | 16       |
|    time_elapsed    | 10559    |
|    total_timesteps | 177210   |
| train/             |          |
|    actor_loss      | -0.518   |
|    critic_loss     | 0.0268   |
|    ent_coef        | 0.00194  |
|    ent_coef_loss   | -0.583   |
|    learning_rate   | 0.0003   |
|    n_updates       | 167200   |
---------------------------------
---------------------------------
| rollout/           |          |
|    ep_len_mean     | 52.4     |
|    ep_rew_mean     | -39.8    |
| time/              |          |
|    episodes        | 3248     |
|    fps             | 16       |
|    time_elapsed    | 10581    |
|    total_timesteps | 177580   |
| train/             |          |
|    actor_loss      | -0.496   |
|    critic_loss     | 0.0209   |
|    ent_coef        | 0.00192  |
|    ent_coef_loss   | -0.513   |
|    learning_rate   | 0.0003   |
|    n_updates       | 167570   |
---------------------------------
---------------------------------
| rollout/           |          |
|    ep_len_mean     | 52.5     |
|    ep_rew_mean     | -34.1    |
| time/              |          |
|    episodes        | 3252     |
|    fps             | 16       |
|    time_elapsed    | 10592    |
|    total_timesteps | 177760   |
| train/             |          |
|    actor_loss      | -0.515   |
|    critic_loss     | 0.0141   |
|    ent_coef        | 0.00191  |
|    ent_coef_loss   | -0.157   |
|    learning_rate   | 0.0003   |
|    n_updates       | 167750   |
---------------------------------
---------------------------------
| rollout/           |          |
|    ep_len_mean     | 51.9     |
|    ep_rew_mean     | -37.7    |
| time/              |          |
|    episodes        | 3256     |
|    fps             | 16       |
|    time_elapsed    | 10601    |
|    total_timesteps | 177910   |
| train/             |          |
|    actor_loss      | -0.422   |
|    critic_loss     | 0.0247   |
|    ent_coef        | 0.0019   |
|    ent_coef_loss   | 0.31     |
|    learning_rate   | 0.0003   |
|    n_updates       | 167900   |
---------------------------------
---------------------------------
| rollout/           |          |
|    ep_len_mean     | 51.4     |
|    ep_rew_mean     | -46.1    |
| time/              |          |
|    episodes        | 3260     |
|    fps             | 16       |
|    time_elapsed    | 10608    |
|    total_timesteps | 178020   |
| train/             |          |
|    actor_loss      | -0.533   |
|    critic_loss     | 0.0156   |
|    ent_coef        | 0.00191  |
|    ent_coef_loss   | 0.293    |
|    learning_rate   | 0.0003   |
|    n_updates       | 168010   |
---------------------------------
---------------------------------
| rollout/           |          |
|    ep_len_mean     | 51       |
|    ep_rew_mean     | -53.8    |
| time/              |          |
|    episodes        | 3264     |
|    fps             | 16       |
|    time_elapsed    | 10626    |
|    total_timesteps | 178310   |
| train/             |          |
|    actor_loss      | -0.408   |
|    critic_loss     | 0.0271   |
|    ent_coef        | 0.00191  |
|    ent_coef_loss   | 0.391    |
|    learning_rate   | 0.0003   |
|    n_updates       | 168300   |
---------------------------------
---------------------------------
| rollout/           |          |
|    ep_len_mean     | 51.4     |
|    ep_rew_mean     | -53.8    |
| time/              |          |
|    episodes        | 3268     |
|    fps             | 16       |
|    time_elapsed    | 10640    |
|    total_timesteps | 178550   |
| train/             |          |
|    actor_loss      | -0.461   |
|    critic_loss     | 0.0174   |
|    ent_coef        | 0.00194  |
|    ent_coef_loss   | 0.669    |
|    learning_rate   | 0.0003   |
|    n_updates       | 168540   |
---------------------------------
---------------------------------
| rollout/           |          |
|    ep_len_mean     | 51.1     |
|    ep_rew_mean     | -56.7    |
| time/              |          |
|    episodes        | 3272     |
|    fps             | 16       |
|    time_elapsed    | 10649    |
|    total_timesteps | 178700   |
| train/             |          |
|    actor_loss      | -0.469   |
|    critic_loss     | 0.0226   |
|    ent_coef        | 0.00194  |
|    ent_coef_loss   | 0.268    |
|    learning_rate   | 0.0003   |
|    n_updates       | 168690   |
---------------------------------
---------------------------------
| rollout/           |          |
|    ep_len_mean     | 50.8     |
|    ep_rew_mean     | -61      |
| time/              |          |
|    episodes        | 3276     |
|    fps             | 16       |
|    time_elapsed    | 10657    |
|    total_timesteps | 178830   |
| train/             |          |
|    actor_loss      | -0.46    |
|    critic_loss     | 0.0153   |
|    ent_coef        | 0.00192  |
|    ent_coef_loss   | -0.0762  |
|    learning_rate   | 0.0003   |
|    n_updates       | 168820   |
---------------------------------
---------------------------------
| rollout/           |          |
|    ep_len_mean     | 50       |
|    ep_rew_mean     | -69.7    |
| time/              |          |
|    episodes        | 3280     |
|    fps             | 16       |
|    time_elapsed    | 10668    |
|    total_timesteps | 179020   |
| train/             |          |
|    actor_loss      | -0.494   |
|    critic_loss     | 0.0197   |
|    ent_coef        | 0.00192  |
|    ent_coef_loss   | 0.797    |
|    learning_rate   | 0.0003   |
|    n_updates       | 169010   |
---------------------------------
---------------------------------
| rollout/           |          |
|    ep_len_mean     | 50.8     |
|    ep_rew_mean     | -65.1    |
| time/              |          |
|    episodes        | 3284     |
|    fps             | 16       |
|    time_elapsed    | 10679    |
|    total_timesteps | 179200   |
| train/             |          |
|    actor_loss      | -0.524   |
|    critic_loss     | 0.0194   |
|    ent_coef        | 0.00195  |
|    ent_coef_loss   | -0.0293  |
|    learning_rate   | 0.0003   |
|    n_updates       | 169190   |
---------------------------------
---------------------------------
| rollout/           |          |
|    ep_len_mean     | 51.1     |
|    ep_rew_mean     | -64.2    |
| time/              |          |
|    episodes        | 3288     |
|    fps             | 16       |
|    time_elapsed    | 10695    |
|    total_timesteps | 179470   |
| train/             |          |
|    actor_loss      | -0.498   |
|    critic_loss     | 0.0191   |
|    ent_coef        | 0.00199  |
|    ent_coef_loss   | 0.366    |
|    learning_rate   | 0.0003   |
|    n_updates       | 169460   |
---------------------------------
---------------------------------
| rollout/           |          |
|    ep_len_mean     | 51.4     |
|    ep_rew_mean     | -60.3    |
| time/              |          |
|    episodes        | 3292     |
|    fps             | 16       |
|    time_elapsed    | 10703    |
|    total_timesteps | 179600   |
| train/             |          |
|    actor_loss      | -0.459   |
|    critic_loss     | 0.0183   |
|    ent_coef        | 0.00199  |
|    ent_coef_loss   | -0.461   |
|    learning_rate   | 0.0003   |
|    n_updates       | 169590   |
---------------------------------
---------------------------------
| rollout/           |          |
|    ep_len_mean     | 51.5     |
|    ep_rew_mean     | -56.9    |
| time/              |          |
|    episodes        | 3296     |
|    fps             | 16       |
|    time_elapsed    | 10717    |
|    total_timesteps | 179830   |
| train/             |          |
|    actor_loss      | -0.472   |
|    critic_loss     | 0.0219   |
|    ent_coef        | 0.00198  |
|    ent_coef_loss   | -0.699   |
|    learning_rate   | 0.0003   |
|    n_updates       | 169820   |
---------------------------------
---------------------------------
| rollout/           |          |
|    ep_len_mean     | 52       |
|    ep_rew_mean     | -52.4    |
| time/              |          |
|    episodes        | 3300     |
|    fps             | 16       |
|    time_elapsed    | 10729    |
|    total_timesteps | 180040   |
| train/             |          |
|    actor_loss      | -0.485   |
|    critic_loss     | 0.0183   |
|    ent_coef        | 0.002    |
|    ent_coef_loss   | 0.429    |
|    learning_rate   | 0.0003   |
|    n_updates       | 170030   |
---------------------------------
---------------------------------
| rollout/           |          |
|    ep_len_mean     | 52.1     |
|    ep_rew_mean     | -52.1    |
| time/              |          |
|    episodes        | 3304     |
|    fps             | 16       |
|    time_elapsed    | 10743    |
|    total_timesteps | 180260   |
| train/             |          |
|    actor_loss      | -0.473   |
|    critic_loss     | 0.0215   |
|    ent_coef        | 0.00199  |
|    ent_coef_loss   | 0.125    |
|    learning_rate   | 0.0003   |
|    n_updates       | 170250   |
---------------------------------
---------------------------------
| rollout/           |          |
|    ep_len_mean     | 52.2     |
|    ep_rew_mean     | -53.4    |
| time/              |          |
|    episodes        | 3308     |
|    fps             | 16       |
|    time_elapsed    | 10753    |
|    total_timesteps | 180440   |
| train/             |          |
|    actor_loss      | -0.477   |
|    critic_loss     | 0.0192   |
|    ent_coef        | 0.00196  |
|    ent_coef_loss   | -0.236   |
|    learning_rate   | 0.0003   |
|    n_updates       | 170430   |
---------------------------------
---------------------------------
| rollout/           |          |
|    ep_len_mean     | 52.4     |
|    ep_rew_mean     | -45.4    |
| time/              |          |
|    episodes        | 3312     |
|    fps             | 16       |
|    time_elapsed    | 10768    |
|    total_timesteps | 180690   |
| train/             |          |
|    actor_loss      | -0.465   |
|    critic_loss     | 0.0238   |
|    ent_coef        | 0.00191  |
|    ent_coef_loss   | 0.387    |
|    learning_rate   | 0.0003   |
|    n_updates       | 170680   |
---------------------------------
---------------------------------
| rollout/           |          |
|    ep_len_mean     | 51.9     |
|    ep_rew_mean     | -53      |
| time/              |          |
|    episodes        | 3316     |
|    fps             | 16       |
|    time_elapsed    | 10783    |
|    total_timesteps | 180940   |
| train/             |          |
|    actor_loss      | -0.502   |
|    critic_loss     | 0.0205   |
|    ent_coef        | 0.00194  |
|    ent_coef_loss   | 0.806    |
|    learning_rate   | 0.0003   |
|    n_updates       | 170930   |
---------------------------------
---------------------------------
| rollout/           |          |
|    ep_len_mean     | 51.6     |
|    ep_rew_mean     | -50.2    |
| time/              |          |
|    episodes        | 3320     |
|    fps             | 16       |
|    time_elapsed    | 10790    |
|    total_timesteps | 181050   |
| train/             |          |
|    actor_loss      | -0.505   |
|    critic_loss     | 0.0219   |
|    ent_coef        | 0.00197  |
|    ent_coef_loss   | 0.0535   |
|    learning_rate   | 0.0003   |
|    n_updates       | 171040   |
---------------------------------
---------------------------------
| rollout/           |          |
|    ep_len_mean     | 51.1     |
|    ep_rew_mean     | -54.3    |
| time/              |          |
|    episodes        | 3324     |
|    fps             | 16       |
|    time_elapsed    | 10807    |
|    total_timesteps | 181330   |
| train/             |          |
|    actor_loss      | -0.478   |
|    critic_loss     | 0.0255   |
|    ent_coef        | 0.002    |
|    ent_coef_loss   | 0.00824  |
|    learning_rate   | 0.0003   |
|    n_updates       | 171320   |
---------------------------------
---------------------------------
| rollout/           |          |
|    ep_len_mean     | 50.7     |
|    ep_rew_mean     | -57.5    |
| time/              |          |
|    episodes        | 3328     |
|    fps             | 16       |
|    time_elapsed    | 10816    |
|    total_timesteps | 181480   |
| train/             |          |
|    actor_loss      | -0.443   |
|    critic_loss     | 0.0191   |
|    ent_coef        | 0.00196  |
|    ent_coef_loss   | -0.639   |
|    learning_rate   | 0.0003   |
|    n_updates       | 171470   |
---------------------------------
---------------------------------
| rollout/           |          |
|    ep_len_mean     | 50.6     |
|    ep_rew_mean     | -59.5    |
| time/              |          |
|    episodes        | 3332     |
|    fps             | 16       |
|    time_elapsed    | 10828    |
|    total_timesteps | 181670   |
| train/             |          |
|    actor_loss      | -0.483   |
|    critic_loss     | 0.0245   |
|    ent_coef        | 0.00194  |
|    ent_coef_loss   | -0.175   |
|    learning_rate   | 0.0003   |
|    n_updates       | 171660   |
---------------------------------
---------------------------------
| rollout/           |          |
|    ep_len_mean     | 51.1     |
|    ep_rew_mean     | -55.2    |
| time/              |          |
|    episodes        | 3336     |
|    fps             | 16       |
|    time_elapsed    | 10846    |
|    total_timesteps | 181980   |
| train/             |          |
|    actor_loss      | -0.513   |
|    critic_loss     | 0.0222   |
|    ent_coef        | 0.00195  |
|    ent_coef_loss   | -0.452   |
|    learning_rate   | 0.0003   |
|    n_updates       | 171970   |
---------------------------------
---------------------------------
| rollout/           |          |
|    ep_len_mean     | 51.5     |
|    ep_rew_mean     | -46.7    |
| time/              |          |
|    episodes        | 3340     |
|    fps             | 16       |
|    time_elapsed    | 10856    |
|    total_timesteps | 182140   |
| train/             |          |
|    actor_loss      | -0.465   |
|    critic_loss     | 0.0197   |
|    ent_coef        | 0.00195  |
|    ent_coef_loss   | -0.0869  |
|    learning_rate   | 0.0003   |
|    n_updates       | 172130   |
---------------------------------
---------------------------------
| rollout/           |          |
|    ep_len_mean     | 50.9     |
|    ep_rew_mean     | -54.7    |
| time/              |          |
|    episodes        | 3344     |
|    fps             | 16       |
|    time_elapsed    | 10871    |
|    total_timesteps | 182390   |
| train/             |          |
|    actor_loss      | -0.506   |
|    critic_loss     | 0.015    |
|    ent_coef        | 0.00194  |
|    ent_coef_loss   | -0.651   |
|    learning_rate   | 0.0003   |
|    n_updates       | 172380   |
---------------------------------
---------------------------------
| rollout/           |          |
|    ep_len_mean     | 50.7     |
|    ep_rew_mean     | -64.2    |
| time/              |          |
|    episodes        | 3348     |
|    fps             | 16       |
|    time_elapsed    | 10884    |
|    total_timesteps | 182600   |
| train/             |          |
|    actor_loss      | -0.5     |
|    critic_loss     | 0.022    |
|    ent_coef        | 0.00189  |
|    ent_coef_loss   | 0.00831  |
|    learning_rate   | 0.0003   |
|    n_updates       | 172590   |
---------------------------------
---------------------------------
| rollout/           |          |
|    ep_len_mean     | 50.4     |
|    ep_rew_mean     | -68.4    |
| time/              |          |
|    episodes        | 3352     |
|    fps             | 16       |
|    time_elapsed    | 10893    |
|    total_timesteps | 182750   |
| train/             |          |
|    actor_loss      | -0.484   |
|    critic_loss     | 0.0203   |
|    ent_coef        | 0.00188  |
|    ent_coef_loss   | -0.868   |
|    learning_rate   | 0.0003   |
|    n_updates       | 172740   |
---------------------------------
---------------------------------
| rollout/           |          |
|    ep_len_mean     | 50.6     |
|    ep_rew_mean     | -75.6    |
| time/              |          |
|    episodes        | 3356     |
|    fps             | 16       |
|    time_elapsed    | 10908    |
|    total_timesteps | 183000   |
| train/             |          |
|    actor_loss      | -0.493   |
|    critic_loss     | 0.0145   |
|    ent_coef        | 0.00185  |
|    ent_coef_loss   | 0.0621   |
|    learning_rate   | 0.0003   |
|    n_updates       | 172990   |
---------------------------------
---------------------------------
| rollout/           |          |
|    ep_len_mean     | 50.8     |
|    ep_rew_mean     | -71.4    |
| time/              |          |
|    episodes        | 3360     |
|    fps             | 16       |
|    time_elapsed    | 10915    |
|    total_timesteps | 183120   |
| train/             |          |
|    actor_loss      | -0.436   |
|    critic_loss     | 0.0252   |
|    ent_coef        | 0.00182  |
|    ent_coef_loss   | 0.476    |
|    learning_rate   | 0.0003   |
|    n_updates       | 173110   |
---------------------------------
---------------------------------
| rollout/           |          |
|    ep_len_mean     | 51.2     |
|    ep_rew_mean     | -67.7    |
| time/              |          |
|    episodes        | 3364     |
|    fps             | 16       |
|    time_elapsed    | 10929    |
|    total_timesteps | 183350   |
| train/             |          |
|    actor_loss      | -0.521   |
|    critic_loss     | 0.0244   |
|    ent_coef        | 0.00181  |
|    ent_coef_loss   | 0.211    |
|    learning_rate   | 0.0003   |
|    n_updates       | 173340   |
---------------------------------
---------------------------------
| rollout/           |          |
|    ep_len_mean     | 51.1     |
|    ep_rew_mean     | -67.6    |
| time/              |          |
|    episodes        | 3368     |
|    fps             | 16       |
|    time_elapsed    | 10944    |
|    total_timesteps | 183610   |
| train/             |          |
|    actor_loss      | -0.481   |
|    critic_loss     | 0.0155   |
|    ent_coef        | 0.00186  |
|    ent_coef_loss   | -0.0525  |
|    learning_rate   | 0.0003   |
|    n_updates       | 173600   |
---------------------------------
---------------------------------
| rollout/           |          |
|    ep_len_mean     | 51.1     |
|    ep_rew_mean     | -72      |
| time/              |          |
|    episodes        | 3372     |
|    fps             | 16       |
|    time_elapsed    | 10955    |
|    total_timesteps | 183790   |
| train/             |          |
|    actor_loss      | -0.504   |
|    critic_loss     | 0.0249   |
|    ent_coef        | 0.00187  |
|    ent_coef_loss   | 0.638    |
|    learning_rate   | 0.0003   |
|    n_updates       | 173780   |
---------------------------------
---------------------------------
| rollout/           |          |
|    ep_len_mean     | 50.9     |
|    ep_rew_mean     | -72.7    |
| time/              |          |
|    episodes        | 3376     |
|    fps             | 16       |
|    time_elapsed    | 10966    |
|    total_timesteps | 183970   |
| train/             |          |
|    actor_loss      | -0.469   |
|    critic_loss     | 0.0185   |
|    ent_coef        | 0.0019   |
|    ent_coef_loss   | 0.0334   |
|    learning_rate   | 0.0003   |
|    n_updates       | 173960   |
---------------------------------
---------------------------------
| rollout/           |          |
|    ep_len_mean     | 50.5     |
|    ep_rew_mean     | -76.7    |
| time/              |          |
|    episodes        | 3380     |
|    fps             | 16       |
|    time_elapsed    | 10971    |
|    total_timesteps | 184060   |
| train/             |          |
|    actor_loss      | -0.438   |
|    critic_loss     | 0.0218   |
|    ent_coef        | 0.00191  |
|    ent_coef_loss   | 0.377    |
|    learning_rate   | 0.0003   |
|    n_updates       | 174050   |
---------------------------------
---------------------------------
| rollout/           |          |
|    ep_len_mean     | 50.6     |
|    ep_rew_mean     | -72.4    |
| time/              |          |
|    episodes        | 3384     |
|    fps             | 16       |
|    time_elapsed    | 10990    |
|    total_timesteps | 184370   |
| train/             |          |
|    actor_loss      | -0.447   |
|    critic_loss     | 0.0258   |
|    ent_coef        | 0.00196  |
|    ent_coef_loss   | 0.443    |
|    learning_rate   | 0.0003   |
|    n_updates       | 174360   |
---------------------------------
---------------------------------
| rollout/           |          |
|    ep_len_mean     | 50.1     |
|    ep_rew_mean     | -78.8    |
| time/              |          |
|    episodes        | 3388     |
|    fps             | 16       |
|    time_elapsed    | 10999    |
|    total_timesteps | 184500   |
| train/             |          |
|    actor_loss      | -0.475   |
|    critic_loss     | 0.0265   |
|    ent_coef        | 0.00198  |
|    ent_coef_loss   | -0.141   |
|    learning_rate   | 0.0003   |
|    n_updates       | 174490   |
---------------------------------
---------------------------------
| rollout/           |          |
|    ep_len_mean     | 50.1     |
|    ep_rew_mean     | -78.5    |
| time/              |          |
|    episodes        | 3392     |
|    fps             | 16       |
|    time_elapsed    | 11011    |
|    total_timesteps | 184710   |
| train/             |          |
|    actor_loss      | -0.439   |
|    critic_loss     | 0.0178   |
|    ent_coef        | 0.00204  |
|    ent_coef_loss   | -0.461   |
|    learning_rate   | 0.0003   |
|    n_updates       | 174700   |
---------------------------------
---------------------------------
| rollout/           |          |
|    ep_len_mean     | 50.8     |
|    ep_rew_mean     | -73.7    |
| time/              |          |
|    episodes        | 3396     |
|    fps             | 16       |
|    time_elapsed    | 11026    |
|    total_timesteps | 184970   |
| train/             |          |
|    actor_loss      | -0.507   |
|    critic_loss     | 0.0162   |
|    ent_coef        | 0.00203  |
|    ent_coef_loss   | -0.503   |
|    learning_rate   | 0.0003   |
|    n_updates       | 174960   |
---------------------------------
---------------------------------
| rollout/           |          |
|    ep_len_mean     | 50.6     |
|    ep_rew_mean     | -69.1    |
| time/              |          |
|    episodes        | 3400     |
|    fps             | 16       |
|    time_elapsed    | 11034    |
|    total_timesteps | 185110   |
| train/             |          |
|    actor_loss      | -0.469   |
|    critic_loss     | 0.0181   |
|    ent_coef        | 0.00203  |
|    ent_coef_loss   | -0.209   |
|    learning_rate   | 0.0003   |
|    n_updates       | 175100   |
---------------------------------
---------------------------------
| rollout/           |          |
|    ep_len_mean     | 51.4     |
|    ep_rew_mean     | -60.3    |
| time/              |          |
|    episodes        | 3404     |
|    fps             | 16       |
|    time_elapsed    | 11051    |
|    total_timesteps | 185390   |
| train/             |          |
|    actor_loss      | -0.439   |
|    critic_loss     | 0.0244   |
|    ent_coef        | 0.00205  |
|    ent_coef_loss   | 0.568    |
|    learning_rate   | 0.0003   |
|    n_updates       | 175380   |
---------------------------------
---------------------------------
| rollout/           |          |
|    ep_len_mean     | 51.3     |
|    ep_rew_mean     | -59.5    |
| time/              |          |
|    episodes        | 3408     |
|    fps             | 16       |
|    time_elapsed    | 11065    |
|    total_timesteps | 185630   |
| train/             |          |
|    actor_loss      | -0.478   |
|    critic_loss     | 0.0208   |
|    ent_coef        | 0.00204  |
|    ent_coef_loss   | -0.594   |
|    learning_rate   | 0.0003   |
|    n_updates       | 175620   |
---------------------------------
---------------------------------
| rollout/           |          |
|    ep_len_mean     | 51.3     |
|    ep_rew_mean     | -59.8    |
| time/              |          |
|    episodes        | 3412     |
|    fps             | 16       |
|    time_elapsed    | 11079    |
|    total_timesteps | 185860   |
| train/             |          |
|    actor_loss      | -0.489   |
|    critic_loss     | 0.0222   |
|    ent_coef        | 0.002    |
|    ent_coef_loss   | -0.825   |
|    learning_rate   | 0.0003   |
|    n_updates       | 175850   |
---------------------------------
---------------------------------
| rollout/           |          |
|    ep_len_mean     | 51.9     |
|    ep_rew_mean     | -50.7    |
| time/              |          |
|    episodes        | 3416     |
|    fps             | 16       |
|    time_elapsed    | 11090    |
|    total_timesteps | 186050   |
| train/             |          |
|    actor_loss      | -0.511   |
|    critic_loss     | 0.021    |
|    ent_coef        | 0.00194  |
|    ent_coef_loss   | -0.261   |
|    learning_rate   | 0.0003   |
|    n_updates       | 176040   |
---------------------------------
---------------------------------
| rollout/           |          |
|    ep_len_mean     | 51.9     |
|    ep_rew_mean     | -50.5    |
| time/              |          |
|    episodes        | 3420     |
|    fps             | 16       |
|    time_elapsed    | 11108    |
|    total_timesteps | 186330   |
| train/             |          |
|    actor_loss      | -0.469   |
|    critic_loss     | 0.0262   |
|    ent_coef        | 0.00192  |
|    ent_coef_loss   | -0.281   |
|    learning_rate   | 0.0003   |
|    n_updates       | 176320   |
---------------------------------
---------------------------------
| rollout/           |          |
|    ep_len_mean     | 52.3     |
|    ep_rew_mean     | -42.5    |
| time/              |          |
|    episodes        | 3424     |
|    fps             | 16       |
|    time_elapsed    | 11121    |
|    total_timesteps | 186540   |
| train/             |          |
|    actor_loss      | -0.478   |
|    critic_loss     | 0.0202   |
|    ent_coef        | 0.00188  |
|    ent_coef_loss   | -0.356   |
|    learning_rate   | 0.0003   |
|    n_updates       | 176530   |
---------------------------------
---------------------------------
| rollout/           |          |
|    ep_len_mean     | 52.9     |
|    ep_rew_mean     | -34.3    |
| time/              |          |
|    episodes        | 3428     |
|    fps             | 16       |
|    time_elapsed    | 11134    |
|    total_timesteps | 186750   |
| train/             |          |
|    actor_loss      | -0.49    |
|    critic_loss     | 0.0234   |
|    ent_coef        | 0.00189  |
|    ent_coef_loss   | 0.179    |
|    learning_rate   | 0.0003   |
|    n_updates       | 176740   |
---------------------------------
---------------------------------
| rollout/           |          |
|    ep_len_mean     | 53.1     |
|    ep_rew_mean     | -31.9    |
| time/              |          |
|    episodes        | 3432     |
|    fps             | 16       |
|    time_elapsed    | 11150    |
|    total_timesteps | 187020   |
| train/             |          |
|    actor_loss      | -0.484   |
|    critic_loss     | 0.0267   |
|    ent_coef        | 0.00187  |
|    ent_coef_loss   | -0.874   |
|    learning_rate   | 0.0003   |
|    n_updates       | 177010   |
---------------------------------
---------------------------------
| rollout/           |          |
|    ep_len_mean     | 52.5     |
|    ep_rew_mean     | -39      |
| time/              |          |
|    episodes        | 3436     |
|    fps             | 16       |
|    time_elapsed    | 11159    |
|    total_timesteps | 187160   |
| train/             |          |
|    actor_loss      | -0.483   |
|    critic_loss     | 0.0168   |
|    ent_coef        | 0.00184  |
|    ent_coef_loss   | -0.814   |
|    learning_rate   | 0.0003   |
|    n_updates       | 177150   |
---------------------------------
---------------------------------
| rollout/           |          |
|    ep_len_mean     | 52.1     |
|    ep_rew_mean     | -43.1    |
| time/              |          |
|    episodes        | 3440     |
|    fps             | 16       |
|    time_elapsed    | 11180    |
|    total_timesteps | 187520   |
| train/             |          |
|    actor_loss      | -0.46    |
|    critic_loss     | 0.0186   |
|    ent_coef        | 0.0019   |
|    ent_coef_loss   | -0.338   |
|    learning_rate   | 0.0003   |
|    n_updates       | 177510   |
---------------------------------
---------------------------------
| rollout/           |          |
|    ep_len_mean     | 52.4     |
|    ep_rew_mean     | -39.7    |
| time/              |          |
|    episodes        | 3444     |
|    fps             | 16       |
|    time_elapsed    | 11186    |
|    total_timesteps | 187610   |
| train/             |          |
|    actor_loss      | -0.488   |
|    critic_loss     | 0.0213   |
|    ent_coef        | 0.00191  |
|    ent_coef_loss   | 0.861    |
|    learning_rate   | 0.0003   |
|    n_updates       | 177600   |
---------------------------------
---------------------------------
| rollout/           |          |
|    ep_len_mean     | 52.1     |
|    ep_rew_mean     | -37.1    |
| time/              |          |
|    episodes        | 3448     |
|    fps             | 16       |
|    time_elapsed    | 11195    |
|    total_timesteps | 187750   |
| train/             |          |
|    actor_loss      | -0.51    |
|    critic_loss     | 0.0243   |
|    ent_coef        | 0.00193  |
|    ent_coef_loss   | 0.0875   |
|    learning_rate   | 0.0003   |
|    n_updates       | 177740   |
---------------------------------
---------------------------------
| rollout/           |          |
|    ep_len_mean     | 52.6     |
|    ep_rew_mean     | -33.4    |
| time/              |          |
|    episodes        | 3452     |
|    fps             | 16       |
|    time_elapsed    | 11218    |
|    total_timesteps | 188130   |
| train/             |          |
|    actor_loss      | -0.42    |
|    critic_loss     | 0.0212   |
|    ent_coef        | 0.00195  |
|    ent_coef_loss   | 0.352    |
|    learning_rate   | 0.0003   |
|    n_updates       | 178120   |
---------------------------------
---------------------------------
| rollout/           |          |
|    ep_len_mean     | 52.2     |
|    ep_rew_mean     | -31.1    |
| time/              |          |
|    episodes        | 3456     |
|    fps             | 16       |
|    time_elapsed    | 11224    |
|    total_timesteps | 188240   |
| train/             |          |
|    actor_loss      | -0.472   |
|    critic_loss     | 0.019    |
|    ent_coef        | 0.0019   |
|    ent_coef_loss   | -0.801   |
|    learning_rate   | 0.0003   |
|    n_updates       | 178230   |
---------------------------------
---------------------------------
| rollout/           |          |
|    ep_len_mean     | 52.7     |
|    ep_rew_mean     | -23.4    |
| time/              |          |
|    episodes        | 3460     |
|    fps             | 16       |
|    time_elapsed    | 11233    |
|    total_timesteps | 188380   |
| train/             |          |
|    actor_loss      | -0.446   |
|    critic_loss     | 0.028    |
|    ent_coef        | 0.0019   |
|    ent_coef_loss   | 0.0472   |
|    learning_rate   | 0.0003   |
|    n_updates       | 178370   |
---------------------------------
---------------------------------
| rollout/           |          |
|    ep_len_mean     | 52.4     |
|    ep_rew_mean     | -26.9    |
| time/              |          |
|    episodes        | 3464     |
|    fps             | 16       |
|    time_elapsed    | 11256    |
|    total_timesteps | 188770   |
| train/             |          |
|    actor_loss      | -0.457   |
|    critic_loss     | 0.0192   |
|    ent_coef        | 0.00189  |
|    ent_coef_loss   | -0.726   |
|    learning_rate   | 0.0003   |
|    n_updates       | 178760   |
---------------------------------
---------------------------------
| rollout/           |          |
|    ep_len_mean     | 52.6     |
|    ep_rew_mean     | -22.4    |
| time/              |          |
|    episodes        | 3468     |
|    fps             | 16       |
|    time_elapsed    | 11261    |
|    total_timesteps | 188840   |
| train/             |          |
|    actor_loss      | -0.446   |
|    critic_loss     | 0.0197   |
|    ent_coef        | 0.00188  |
|    ent_coef_loss   | -0.301   |
|    learning_rate   | 0.0003   |
|    n_updates       | 178830   |
---------------------------------
---------------------------------
| rollout/           |          |
|    ep_len_mean     | 52.9     |
|    ep_rew_mean     | -13.6    |
| time/              |          |
|    episodes        | 3472     |
|    fps             | 16       |
|    time_elapsed    | 11274    |
|    total_timesteps | 189070   |
| train/             |          |
|    actor_loss      | -0.489   |
|    critic_loss     | 0.0181   |
|    ent_coef        | 0.00188  |
|    ent_coef_loss   | 0.399    |
|    learning_rate   | 0.0003   |
|    n_updates       | 179060   |
---------------------------------
---------------------------------
| rollout/           |          |
|    ep_len_mean     | 53.4     |
|    ep_rew_mean     | -13.2    |
| time/              |          |
|    episodes        | 3476     |
|    fps             | 16       |
|    time_elapsed    | 11292    |
|    total_timesteps | 189370   |
| train/             |          |
|    actor_loss      | -0.477   |
|    critic_loss     | 0.0211   |
|    ent_coef        | 0.0019   |
|    ent_coef_loss   | -0.169   |
|    learning_rate   | 0.0003   |
|    n_updates       | 179360   |
---------------------------------
---------------------------------
| rollout/           |          |
|    ep_len_mean     | 54.6     |
|    ep_rew_mean     | -1.4     |
| time/              |          |
|    episodes        | 3480     |
|    fps             | 16       |
|    time_elapsed    | 11297    |
|    total_timesteps | 189450   |
| train/             |          |
|    actor_loss      | -0.419   |
|    critic_loss     | 0.0179   |
|    ent_coef        | 0.00189  |
|    ent_coef_loss   | -0.154   |
|    learning_rate   | 0.0003   |
|    n_updates       | 179440   |
---------------------------------
---------------------------------
| rollout/           |          |
|    ep_len_mean     | 54.2     |
|    ep_rew_mean     | -9.42    |
| time/              |          |
|    episodes        | 3484     |
|    fps             | 16       |
|    time_elapsed    | 11313    |
|    total_timesteps | 189720   |
| train/             |          |
|    actor_loss      | -0.444   |
|    critic_loss     | 0.0161   |
|    ent_coef        | 0.0019   |
|    ent_coef_loss   | -0.171   |
|    learning_rate   | 0.0003   |
|    n_updates       | 179710   |
---------------------------------
---------------------------------
| rollout/           |          |
|    ep_len_mean     | 53.9     |
|    ep_rew_mean     | -8.71    |
| time/              |          |
|    episodes        | 3488     |
|    fps             | 16       |
|    time_elapsed    | 11327    |
|    total_timesteps | 189950   |
| train/             |          |
|    actor_loss      | -0.541   |
|    critic_loss     | 0.0235   |
|    ent_coef        | 0.00191  |
|    ent_coef_loss   | -0.09    |
|    learning_rate   | 0.0003   |
|    n_updates       | 179940   |
---------------------------------
---------------------------------
| rollout/           |          |
|    ep_len_mean     | 53.8     |
|    ep_rew_mean     | -12.2    |
| time/              |          |
|    episodes        | 3492     |
|    fps             | 16       |
|    time_elapsed    | 11334    |
|    total_timesteps | 190070   |
| train/             |          |
|    actor_loss      | -0.489   |
|    critic_loss     | 0.017    |
|    ent_coef        | 0.00191  |
|    ent_coef_loss   | -0.186   |
|    learning_rate   | 0.0003   |
|    n_updates       | 180060   |
---------------------------------
---------------------------------
| rollout/           |          |
|    ep_len_mean     | 53.6     |
|    ep_rew_mean     | -16.4    |
| time/              |          |
|    episodes        | 3496     |
|    fps             | 16       |
|    time_elapsed    | 11348    |
|    total_timesteps | 190300   |
| train/             |          |
|    actor_loss      | -0.485   |
|    critic_loss     | 0.016    |
|    ent_coef        | 0.00189  |
|    ent_coef_loss   | 0.24     |
|    learning_rate   | 0.0003   |
|    n_updates       | 180290   |
---------------------------------
---------------------------------
| rollout/           |          |
|    ep_len_mean     | 53.8     |
|    ep_rew_mean     | -17.1    |
| time/              |          |
|    episodes        | 3500     |
|    fps             | 16       |
|    time_elapsed    | 11358    |
|    total_timesteps | 190470   |
| train/             |          |
|    actor_loss      | -0.472   |
|    critic_loss     | 0.0216   |
|    ent_coef        | 0.00186  |
|    ent_coef_loss   | 0.667    |
|    learning_rate   | 0.0003   |
|    n_updates       | 180460   |
---------------------------------
---------------------------------
| rollout/           |          |
|    ep_len_mean     | 53.3     |
|    ep_rew_mean     | -23.5    |
| time/              |          |
|    episodes        | 3504     |
|    fps             | 16       |
|    time_elapsed    | 11370    |
|    total_timesteps | 190660   |
| train/             |          |
|    actor_loss      | -0.51    |
|    critic_loss     | 0.0198   |
|    ent_coef        | 0.00189  |
|    ent_coef_loss   | -0.425   |
|    learning_rate   | 0.0003   |
|    n_updates       | 180650   |
---------------------------------
---------------------------------
| rollout/           |          |
|    ep_len_mean     | 52.7     |
|    ep_rew_mean     | -31.2    |
| time/              |          |
|    episodes        | 3508     |
|    fps             | 16       |
|    time_elapsed    | 11381    |
|    total_timesteps | 190850   |
| train/             |          |
|    actor_loss      | -0.486   |
|    critic_loss     | 0.016    |
|    ent_coef        | 0.00188  |
|    ent_coef_loss   | 0.342    |
|    learning_rate   | 0.0003   |
|    n_updates       | 180840   |
---------------------------------
---------------------------------
| rollout/           |          |
|    ep_len_mean     | 52.3     |
|    ep_rew_mean     | -35.3    |
| time/              |          |
|    episodes        | 3512     |
|    fps             | 16       |
|    time_elapsed    | 11389    |
|    total_timesteps | 190990   |
| train/             |          |
|    actor_loss      | -0.528   |
|    critic_loss     | 0.0172   |
|    ent_coef        | 0.00187  |
|    ent_coef_loss   | -0.26    |
|    learning_rate   | 0.0003   |
|    n_updates       | 180980   |
---------------------------------
---------------------------------
| rollout/           |          |
|    ep_len_mean     | 50.7     |
|    ep_rew_mean     | -54.2    |
| time/              |          |
|    episodes        | 3516     |
|    fps             | 16       |
|    time_elapsed    | 11396    |
|    total_timesteps | 191100   |
| train/             |          |
|    actor_loss      | -0.472   |
|    critic_loss     | 0.0236   |
|    ent_coef        | 0.00187  |
|    ent_coef_loss   | 0.404    |
|    learning_rate   | 0.0003   |
|    n_updates       | 181090   |
---------------------------------
---------------------------------
| rollout/           |          |
|    ep_len_mean     | 50.5     |
|    ep_rew_mean     | -59.2    |
| time/              |          |
|    episodes        | 3520     |
|    fps             | 16       |
|    time_elapsed    | 11414    |
|    total_timesteps | 191400   |
| train/             |          |
|    actor_loss      | -0.424   |
|    critic_loss     | 0.0238   |
|    ent_coef        | 0.00184  |
|    ent_coef_loss   | -0.0609  |
|    learning_rate   | 0.0003   |
|    n_updates       | 181390   |
---------------------------------
---------------------------------
| rollout/           |          |
|    ep_len_mean     | 50.7     |
|    ep_rew_mean     | -62.3    |
| time/              |          |
|    episodes        | 3524     |
|    fps             | 16       |
|    time_elapsed    | 11430    |
|    total_timesteps | 191670   |
| train/             |          |
|    actor_loss      | -0.438   |
|    critic_loss     | 0.0173   |
|    ent_coef        | 0.00181  |
|    ent_coef_loss   | -0.139   |
|    learning_rate   | 0.0003   |
|    n_updates       | 181660   |
---------------------------------
---------------------------------
| rollout/           |          |
|    ep_len_mean     | 50.7     |
|    ep_rew_mean     | -62.3    |
| time/              |          |
|    episodes        | 3528     |
|    fps             | 16       |
|    time_elapsed    | 11437    |
|    total_timesteps | 191780   |
| train/             |          |
|    actor_loss      | -0.502   |
|    critic_loss     | 0.0147   |
|    ent_coef        | 0.00181  |
|    ent_coef_loss   | -0.0588  |
|    learning_rate   | 0.0003   |
|    n_updates       | 181770   |
---------------------------------
---------------------------------
| rollout/           |          |
|    ep_len_mean     | 50.7     |
|    ep_rew_mean     | -63.8    |
| time/              |          |
|    episodes        | 3532     |
|    fps             | 16       |
|    time_elapsed    | 11456    |
|    total_timesteps | 192090   |
| train/             |          |
|    actor_loss      | -0.428   |
|    critic_loss     | 0.0212   |
|    ent_coef        | 0.0018   |
|    ent_coef_loss   | 0.417    |
|    learning_rate   | 0.0003   |
|    n_updates       | 182080   |
---------------------------------
---------------------------------
| rollout/           |          |
|    ep_len_mean     | 51.2     |
|    ep_rew_mean     | -55.4    |
| time/              |          |
|    episodes        | 3536     |
|    fps             | 16       |
|    time_elapsed    | 11471    |
|    total_timesteps | 192340   |
| train/             |          |
|    actor_loss      | -0.483   |
|    critic_loss     | 0.0212   |
|    ent_coef        | 0.00178  |
|    ent_coef_loss   | -0.0164  |
|    learning_rate   | 0.0003   |
|    n_updates       | 182330   |
---------------------------------
---------------------------------
| rollout/           |          |
|    ep_len_mean     | 51.1     |
|    ep_rew_mean     | -55.8    |
| time/              |          |
|    episodes        | 3540     |
|    fps             | 16       |
|    time_elapsed    | 11476    |
|    total_timesteps | 192410   |
| train/             |          |
|    actor_loss      | -0.454   |
|    critic_loss     | 0.0158   |
|    ent_coef        | 0.00179  |
|    ent_coef_loss   | -0.392   |
|    learning_rate   | 0.0003   |
|    n_updates       | 182400   |
---------------------------------
---------------------------------
| rollout/           |          |
|    ep_len_mean     | 50.9     |
|    ep_rew_mean     | -55.7    |
| time/              |          |
|    episodes        | 3544     |
|    fps             | 16       |
|    time_elapsed    | 11490    |
|    total_timesteps | 192640   |
| train/             |          |
|    actor_loss      | -0.446   |
|    critic_loss     | 0.0181   |
|    ent_coef        | 0.0018   |
|    ent_coef_loss   | 0.0654   |
|    learning_rate   | 0.0003   |
|    n_updates       | 182630   |
---------------------------------
---------------------------------
| rollout/           |          |
|    ep_len_mean     | 50.7     |
|    ep_rew_mean     | -59.6    |
| time/              |          |
|    episodes        | 3548     |
|    fps             | 16       |
|    time_elapsed    | 11508    |
|    total_timesteps | 192950   |
| train/             |          |
|    actor_loss      | -0.454   |
|    critic_loss     | 0.0255   |
|    ent_coef        | 0.00178  |
|    ent_coef_loss   | -0.657   |
|    learning_rate   | 0.0003   |
|    n_updates       | 182940   |
---------------------------------
---------------------------------
| rollout/           |          |
|    ep_len_mean     | 50.7     |
|    ep_rew_mean     | -60.4    |
| time/              |          |
|    episodes        | 3552     |
|    fps             | 16       |
|    time_elapsed    | 11513    |
|    total_timesteps | 193030   |
| train/             |          |
|    actor_loss      | -0.533   |
|    critic_loss     | 0.0191   |
|    ent_coef        | 0.00177  |
|    ent_coef_loss   | 0.25     |
|    learning_rate   | 0.0003   |
|    n_updates       | 183020   |
---------------------------------
---------------------------------
| rollout/           |          |
|    ep_len_mean     | 50.7     |
|    ep_rew_mean     | -60.1    |
| time/              |          |
|    episodes        | 3556     |
|    fps             | 16       |
|    time_elapsed    | 11526    |
|    total_timesteps | 193220   |
| train/             |          |
|    actor_loss      | -0.488   |
|    critic_loss     | 0.0289   |
|    ent_coef        | 0.00181  |
|    ent_coef_loss   | 0.577    |
|    learning_rate   | 0.0003   |
|    n_updates       | 183210   |
---------------------------------
---------------------------------
| rollout/           |          |
|    ep_len_mean     | 50.3     |
|    ep_rew_mean     | -67.1    |
| time/              |          |
|    episodes        | 3560     |
|    fps             | 16       |
|    time_elapsed    | 11544    |
|    total_timesteps | 193520   |
| train/             |          |
|    actor_loss      | -0.5     |
|    critic_loss     | 0.0164   |
|    ent_coef        | 0.00181  |
|    ent_coef_loss   | -0.44    |
|    learning_rate   | 0.0003   |
|    n_updates       | 183510   |
---------------------------------
---------------------------------
| rollout/           |          |
|    ep_len_mean     | 51.1     |
|    ep_rew_mean     | -54.8    |
| time/              |          |
|    episodes        | 3564     |
|    fps             | 16       |
|    time_elapsed    | 11558    |
|    total_timesteps | 193750   |
| train/             |          |
|    actor_loss      | -0.497   |
|    critic_loss     | 0.0265   |
|    ent_coef        | 0.00177  |
|    ent_coef_loss   | 0.632    |
|    learning_rate   | 0.0003   |
|    n_updates       | 183740   |
---------------------------------
---------------------------------
| rollout/           |          |
|    ep_len_mean     | 50.6     |
|    ep_rew_mean     | -59.3    |
| time/              |          |
|    episodes        | 3568     |
|    fps             | 16       |
|    time_elapsed    | 11569    |
|    total_timesteps | 193920   |
| train/             |          |
|    actor_loss      | -0.493   |
|    critic_loss     | 0.0217   |
|    ent_coef        | 0.00181  |
|    ent_coef_loss   | 0.609    |
|    learning_rate   | 0.0003   |
|    n_updates       | 183910   |
---------------------------------
---------------------------------
| rollout/           |          |
|    ep_len_mean     | 50.8     |
|    ep_rew_mean     | -59.8    |
| time/              |          |
|    episodes        | 3572     |
|    fps             | 16       |
|    time_elapsed    | 11583    |
|    total_timesteps | 194170   |
| train/             |          |
|    actor_loss      | -0.458   |
|    critic_loss     | 0.0202   |
|    ent_coef        | 0.00186  |
|    ent_coef_loss   | 0.56     |
|    learning_rate   | 0.0003   |
|    n_updates       | 184160   |
---------------------------------
---------------------------------
| rollout/           |          |
|    ep_len_mean     | 50.4     |
|    ep_rew_mean     | -59.7    |
| time/              |          |
|    episodes        | 3576     |
|    fps             | 16       |
|    time_elapsed    | 11596    |
|    total_timesteps | 194380   |
| train/             |          |
|    actor_loss      | -0.498   |
|    critic_loss     | 0.0273   |
|    ent_coef        | 0.00187  |
|    ent_coef_loss   | -0.283   |
|    learning_rate   | 0.0003   |
|    n_updates       | 184370   |
---------------------------------
---------------------------------
| rollout/           |          |
|    ep_len_mean     | 50.1     |
|    ep_rew_mean     | -63.8    |
| time/              |          |
|    episodes        | 3580     |
|    fps             | 16       |
|    time_elapsed    | 11603    |
|    total_timesteps | 194500   |
| train/             |          |
|    actor_loss      | -0.434   |
|    critic_loss     | 0.0227   |
|    ent_coef        | 0.00183  |
|    ent_coef_loss   | -0.392   |
|    learning_rate   | 0.0003   |
|    n_updates       | 184490   |
---------------------------------
---------------------------------
| rollout/           |          |
|    ep_len_mean     | 50.4     |
|    ep_rew_mean     | -59      |
| time/              |          |
|    episodes        | 3584     |
|    fps             | 16       |
|    time_elapsed    | 11616    |
|    total_timesteps | 194720   |
| train/             |          |
|    actor_loss      | -0.504   |
|    critic_loss     | 0.0192   |
|    ent_coef        | 0.00183  |
|    ent_coef_loss   | -0.519   |
|    learning_rate   | 0.0003   |
|    n_updates       | 184710   |
---------------------------------
---------------------------------
| rollout/           |          |
|    ep_len_mean     | 51       |
|    ep_rew_mean     | -50      |
| time/              |          |
|    episodes        | 3588     |
|    fps             | 16       |
|    time_elapsed    | 11634    |
|    total_timesteps | 195020   |
| train/             |          |
|    actor_loss      | -0.458   |
|    critic_loss     | 0.0171   |
|    ent_coef        | 0.00185  |
|    ent_coef_loss   | 0.327    |
|    learning_rate   | 0.0003   |
|    n_updates       | 185010   |
---------------------------------
---------------------------------
| rollout/           |          |
|    ep_len_mean     | 51.3     |
|    ep_rew_mean     | -46      |
| time/              |          |
|    episodes        | 3592     |
|    fps             | 16       |
|    time_elapsed    | 11647    |
|    total_timesteps | 195230   |
| train/             |          |
|    actor_loss      | -0.445   |
|    critic_loss     | 0.0209   |
|    ent_coef        | 0.00185  |
|    ent_coef_loss   | 0.143    |
|    learning_rate   | 0.0003   |
|    n_updates       | 185220   |
---------------------------------
---------------------------------
| rollout/           |          |
|    ep_len_mean     | 51.4     |
|    ep_rew_mean     | -41.8    |
| time/              |          |
|    episodes        | 3596     |
|    fps             | 16       |
|    time_elapsed    | 11658    |
|    total_timesteps | 195430   |
| train/             |          |
|    actor_loss      | -0.427   |
|    critic_loss     | 0.0206   |
|    ent_coef        | 0.00185  |
|    ent_coef_loss   | 0.358    |
|    learning_rate   | 0.0003   |
|    n_updates       | 185420   |
---------------------------------
---------------------------------
| rollout/           |          |
|    ep_len_mean     | 52.1     |
|    ep_rew_mean     | -34      |
| time/              |          |
|    episodes        | 3600     |
|    fps             | 16       |
|    time_elapsed    | 11674    |
|    total_timesteps | 195680   |
| train/             |          |
|    actor_loss      | -0.49    |
|    critic_loss     | 0.0218   |
|    ent_coef        | 0.00187  |
|    ent_coef_loss   | 0.172    |
|    learning_rate   | 0.0003   |
|    n_updates       | 185670   |
---------------------------------
---------------------------------
| rollout/           |          |
|    ep_len_mean     | 52.4     |
|    ep_rew_mean     | -31.2    |
| time/              |          |
|    episodes        | 3604     |
|    fps             | 16       |
|    time_elapsed    | 11689    |
|    total_timesteps | 195940   |
| train/             |          |
|    actor_loss      | -0.425   |
|    critic_loss     | 0.0167   |
|    ent_coef        | 0.00189  |
|    ent_coef_loss   | 0.182    |
|    learning_rate   | 0.0003   |
|    n_updates       | 185930   |
---------------------------------
---------------------------------
| rollout/           |          |
|    ep_len_mean     | 52.2     |
|    ep_rew_mean     | -31.7    |
| time/              |          |
|    episodes        | 3608     |
|    fps             | 16       |
|    time_elapsed    | 11697    |
|    total_timesteps | 196080   |
| train/             |          |
|    actor_loss      | -0.45    |
|    critic_loss     | 0.0147   |
|    ent_coef        | 0.0019   |
|    ent_coef_loss   | 0.454    |
|    learning_rate   | 0.0003   |
|    n_updates       | 186070   |
---------------------------------
---------------------------------
| rollout/           |          |
|    ep_len_mean     | 52.9     |
|    ep_rew_mean     | -23.3    |
| time/              |          |
|    episodes        | 3612     |
|    fps             | 16       |
|    time_elapsed    | 11713    |
|    total_timesteps | 196350   |
| train/             |          |
|    actor_loss      | -0.49    |
|    critic_loss     | 0.0217   |
|    ent_coef        | 0.00189  |
|    ent_coef_loss   | -0.376   |
|    learning_rate   | 0.0003   |
|    n_updates       | 186340   |
---------------------------------
---------------------------------
| rollout/           |          |
|    ep_len_mean     | 54.2     |
|    ep_rew_mean     | -8.5     |
| time/              |          |
|    episodes        | 3616     |
|    fps             | 16       |
|    time_elapsed    | 11727    |
|    total_timesteps | 196550   |
| train/             |          |
|    actor_loss      | -0.452   |
|    critic_loss     | 0.0157   |
|    ent_coef        | 0.00186  |
|    ent_coef_loss   | 0.516    |
|    learning_rate   | 0.0003   |
|    n_updates       | 186540   |
---------------------------------
---------------------------------
| rollout/           |          |
|    ep_len_mean     | 54.7     |
|    ep_rew_mean     | 1.07     |
| time/              |          |
|    episodes        | 3620     |
|    fps             | 16       |
|    time_elapsed    | 11750    |
|    total_timesteps | 196950   |
| train/             |          |
|    actor_loss      | -0.487   |
|    critic_loss     | 0.0195   |
|    ent_coef        | 0.00185  |
|    ent_coef_loss   | -0.425   |
|    learning_rate   | 0.0003   |
|    n_updates       | 186940   |
---------------------------------
---------------------------------
| rollout/           |          |
|    ep_len_mean     | 54.6     |
|    ep_rew_mean     | -0.941   |
| time/              |          |
|    episodes        | 3624     |
|    fps             | 16       |
|    time_elapsed    | 11754    |
|    total_timesteps | 197010   |
| train/             |          |
|    actor_loss      | -0.362   |
|    critic_loss     | 0.02     |
|    ent_coef        | 0.00184  |
|    ent_coef_loss   | 0.101    |
|    learning_rate   | 0.0003   |
|    n_updates       | 187000   |
---------------------------------
---------------------------------
| rollout/           |          |
|    ep_len_mean     | 54.5     |
|    ep_rew_mean     | -1.54    |
| time/              |          |
|    episodes        | 3628     |
|    fps             | 16       |
|    time_elapsed    | 11763    |
|    total_timesteps | 197160   |
| train/             |          |
|    actor_loss      | -0.418   |
|    critic_loss     | 0.0139   |
|    ent_coef        | 0.00183  |
|    ent_coef_loss   | 0.711    |
|    learning_rate   | 0.0003   |
|    n_updates       | 187150   |
---------------------------------
---------------------------------
| rollout/           |          |
|    ep_len_mean     | 53.4     |
|    ep_rew_mean     | -13.6    |
| time/              |          |
|    episodes        | 3632     |
|    fps             | 16       |
|    time_elapsed    | 11779    |
|    total_timesteps | 197420   |
| train/             |          |
|    actor_loss      | -0.41    |
|    critic_loss     | 0.0231   |
|    ent_coef        | 0.0018   |
|    ent_coef_loss   | 0.133    |
|    learning_rate   | 0.0003   |
|    n_updates       | 187410   |
---------------------------------
---------------------------------
| rollout/           |          |
|    ep_len_mean     | 53.3     |
|    ep_rew_mean     | -18.8    |
| time/              |          |
|    episodes        | 3636     |
|    fps             | 16       |
|    time_elapsed    | 11791    |
|    total_timesteps | 197610   |
| train/             |          |
|    actor_loss      | -0.457   |
|    critic_loss     | 0.0182   |
|    ent_coef        | 0.0018   |
|    ent_coef_loss   | -0.528   |
|    learning_rate   | 0.0003   |
|    n_updates       | 187600   |
---------------------------------
---------------------------------
| rollout/           |          |
|    ep_len_mean     | 53.6     |
|    ep_rew_mean     | -18.5    |
| time/              |          |
|    episodes        | 3640     |
|    fps             | 16       |
|    time_elapsed    | 11802    |
|    total_timesteps | 197790   |
| train/             |          |
|    actor_loss      | -0.409   |
|    critic_loss     | 0.0209   |
|    ent_coef        | 0.00179  |
|    ent_coef_loss   | -0.251   |
|    learning_rate   | 0.0003   |
|    n_updates       | 187780   |
---------------------------------
---------------------------------
| rollout/           |          |
|    ep_len_mean     | 53.5     |
|    ep_rew_mean     | -27.3    |
| time/              |          |
|    episodes        | 3644     |
|    fps             | 16       |
|    time_elapsed    | 11818    |
|    total_timesteps | 198050   |
| train/             |          |
|    actor_loss      | -0.445   |
|    critic_loss     | 0.025    |
|    ent_coef        | 0.00182  |
|    ent_coef_loss   | -0.0385  |
|    learning_rate   | 0.0003   |
|    n_updates       | 188040   |
---------------------------------
---------------------------------
| rollout/           |          |
|    ep_len_mean     | 53.5     |
|    ep_rew_mean     | -27.9    |
| time/              |          |
|    episodes        | 3648     |
|    fps             | 16       |
|    time_elapsed    | 11828    |
|    total_timesteps | 198220   |
| train/             |          |
|    actor_loss      | -0.408   |
|    critic_loss     | 0.0211   |
|    ent_coef        | 0.00182  |
|    ent_coef_loss   | 0.0646   |
|    learning_rate   | 0.0003   |
|    n_updates       | 188210   |
---------------------------------
---------------------------------
| rollout/           |          |
|    ep_len_mean     | 53.3     |
|    ep_rew_mean     | -26      |
| time/              |          |
|    episodes        | 3652     |
|    fps             | 16       |
|    time_elapsed    | 11833    |
|    total_timesteps | 198300   |
| train/             |          |
|    actor_loss      | -0.469   |
|    critic_loss     | 0.0157   |
|    ent_coef        | 0.00183  |
|    ent_coef_loss   | -0.185   |
|    learning_rate   | 0.0003   |
|    n_updates       | 188290   |
---------------------------------
---------------------------------
| rollout/           |          |
|    ep_len_mean     | 53       |
|    ep_rew_mean     | -29.6    |
| time/              |          |
|    episodes        | 3656     |
|    fps             | 16       |
|    time_elapsed    | 11850    |
|    total_timesteps | 198590   |
| train/             |          |
|    actor_loss      | -0.427   |
|    critic_loss     | 0.0238   |
|    ent_coef        | 0.00188  |
|    ent_coef_loss   | 0.171    |
|    learning_rate   | 0.0003   |
|    n_updates       | 188580   |
---------------------------------
---------------------------------
| rollout/           |          |
|    ep_len_mean     | 53.6     |
|    ep_rew_mean     | -23.7    |
| time/              |          |
|    episodes        | 3660     |
|    fps             | 16       |
|    time_elapsed    | 11865    |
|    total_timesteps | 198840   |
| train/             |          |
|    actor_loss      | -0.47    |
|    critic_loss     | 0.0217   |
|    ent_coef        | 0.00184  |
|    ent_coef_loss   | -0.634   |
|    learning_rate   | 0.0003   |
|    n_updates       | 188830   |
---------------------------------
---------------------------------
| rollout/           |          |
|    ep_len_mean     | 53.4     |
|    ep_rew_mean     | -27.5    |
| time/              |          |
|    episodes        | 3664     |
|    fps             | 16       |
|    time_elapsed    | 11879    |
|    total_timesteps | 199070   |
| train/             |          |
|    actor_loss      | -0.469   |
|    critic_loss     | 0.0218   |
|    ent_coef        | 0.00178  |
|    ent_coef_loss   | -0.131   |
|    learning_rate   | 0.0003   |
|    n_updates       | 189060   |
---------------------------------
---------------------------------
| rollout/           |          |
|    ep_len_mean     | 53.3     |
|    ep_rew_mean     | -27.6    |
| time/              |          |
|    episodes        | 3668     |
|    fps             | 16       |
|    time_elapsed    | 11888    |
|    total_timesteps | 199230   |
| train/             |          |
|    actor_loss      | -0.424   |
|    critic_loss     | 0.0221   |
|    ent_coef        | 0.00176  |
|    ent_coef_loss   | 0.644    |
|    learning_rate   | 0.0003   |
|    n_updates       | 189220   |
---------------------------------
---------------------------------
| rollout/           |          |
|    ep_len_mean     | 53.1     |
|    ep_rew_mean     | -31      |
| time/              |          |
|    episodes        | 3672     |
|    fps             | 16       |
|    time_elapsed    | 11909    |
|    total_timesteps | 199560   |
| train/             |          |
|    actor_loss      | -0.447   |
|    critic_loss     | 0.0245   |
|    ent_coef        | 0.0018   |
|    ent_coef_loss   | 0.892    |
|    learning_rate   | 0.0003   |
|    n_updates       | 189550   |
---------------------------------
---------------------------------
| rollout/           |          |
|    ep_len_mean     | 53.8     |
|    ep_rew_mean     | -33      |
| time/              |          |
|    episodes        | 3676     |
|    fps             | 16       |
|    time_elapsed    | 11919    |
|    total_timesteps | 199730   |
| train/             |          |
|    actor_loss      | -0.417   |
|    critic_loss     | 0.023    |
|    ent_coef        | 0.00181  |
|    ent_coef_loss   | 0.0337   |
|    learning_rate   | 0.0003   |
|    n_updates       | 189720   |
---------------------------------
---------------------------------
| rollout/           |          |
|    ep_len_mean     | 53.5     |
|    ep_rew_mean     | -33.2    |
| time/              |          |
|    episodes        | 3680     |
|    fps             | 16       |
|    time_elapsed    | 11932    |
|    total_timesteps | 199940   |
| train/             |          |
|    actor_loss      | -0.479   |
|    critic_loss     | 0.0178   |
|    ent_coef        | 0.0018   |
|    ent_coef_loss   | -0.166   |
|    learning_rate   | 0.0003   |
|    n_updates       | 189930   |
---------------------------------
[EVAL] t=200,000 safety off goal 0.37 collision 0.63 | dev goal 0.54 | field goal 0.23 (NT 0.40 HO 0.27 CRP 0.12 CRS 0.12 OT 0.15 BO 0.35) (163.6 s)
-----------------------------------
| eval_supervisor_off/ |          |
|    collision_rate    | 0.633    |
|    dev/collision     | 0.458    |
|    dev/goal          | 0.542    |
|    episodes          | 270      |
|    eval_wall_s       | 164      |
|    field/BO/goal     | 0.346    |
|    field/CRP/goal    | 0.115    |
|    field/CRS/goal    | 0.115    |
|    field/HO/goal     | 0.269    |
|    field/NT/goal     | 0.4      |
|    field/OT/goal     | 0.154    |
|    field/collision   | 0.773    |
|    field/goal        | 0.227    |
|    goal_rate         | 0.367    |
|    intervention_rate | 0        |
|    mean_return       | -209     |
|    timeout_rate      | 0        |
|    timesteps         | 200000   |
| rollout/             |          |
|    ep_len_mean       | 53.5     |
|    ep_rew_mean       | -34      |
| time/                |          |
|    episodes          | 3684     |
|    fps               | 16       |
|    time_elapsed      | 12106    |
|    total_timesteps   | 200070   |
| train/               |          |
|    actor_loss        | -0.404   |
|    critic_loss       | 0.0172   |
|    ent_coef          | 0.0018   |
|    ent_coef_loss     | -0.207   |
|    learning_rate     | 0.0003   |
|    n_updates         | 190060   |
-----------------------------------
---------------------------------
| rollout/           |          |
|    ep_len_mean     | 52.9     |
|    ep_rew_mean     | -42.5    |
| time/              |          |
|    episodes        | 3688     |
|    fps             | 16       |
|    time_elapsed    | 12123    |
|    total_timesteps | 200300   |
| train/             |          |
|    actor_loss      | -0.435   |
|    critic_loss     | 0.0231   |
|    ent_coef        | 0.00186  |
|    ent_coef_loss   | 0.212    |
|    learning_rate   | 0.0003   |
|    n_updates       | 190290   |
---------------------------------
---------------------------------
| rollout/           |          |
|    ep_len_mean     | 52.5     |
|    ep_rew_mean     | -46.7    |
| time/              |          |
|    episodes        | 3692     |
|    fps             | 16       |
|    time_elapsed    | 12135    |
|    total_timesteps | 200480   |
| train/             |          |
|    actor_loss      | -0.464   |
|    critic_loss     | 0.0179   |
|    ent_coef        | 0.00187  |
|    ent_coef_loss   | -0.311   |
|    learning_rate   | 0.0003   |
|    n_updates       | 190470   |
---------------------------------
---------------------------------
| rollout/           |          |
|    ep_len_mean     | 52.8     |
|    ep_rew_mean     | -44.2    |
| time/              |          |
|    episodes        | 3696     |
|    fps             | 16       |
|    time_elapsed    | 12148    |
|    total_timesteps | 200670   |
| train/             |          |
|    actor_loss      | -0.434   |
|    critic_loss     | 0.0285   |
|    ent_coef        | 0.00184  |
|    ent_coef_loss   | -0.572   |
|    learning_rate   | 0.0003   |
|    n_updates       | 190660   |
---------------------------------
---------------------------------
| rollout/           |          |
|    ep_len_mean     | 51.9     |
|    ep_rew_mean     | -51      |
| time/              |          |
|    episodes        | 3700     |
|    fps             | 16       |
|    time_elapsed    | 12166    |
|    total_timesteps | 200920   |
| train/             |          |
|    actor_loss      | -0.439   |
|    critic_loss     | 0.0232   |
|    ent_coef        | 0.0018   |
|    ent_coef_loss   | -0.597   |
|    learning_rate   | 0.0003   |
|    n_updates       | 190910   |
---------------------------------
---------------------------------
| rollout/           |          |
|    ep_len_mean     | 51.9     |
|    ep_rew_mean     | -47.2    |
| time/              |          |
|    episodes        | 3704     |
|    fps             | 16       |
|    time_elapsed    | 12178    |
|    total_timesteps | 201070   |
| train/             |          |
|    actor_loss      | -0.457   |
|    critic_loss     | 0.0208   |
|    ent_coef        | 0.00181  |
|    ent_coef_loss   | -0.0708  |
|    learning_rate   | 0.0003   |
|    n_updates       | 191060   |
---------------------------------
---------------------------------
| rollout/           |          |
|    ep_len_mean     | 52.2     |
|    ep_rew_mean     | -42.5    |
| time/              |          |
|    episodes        | 3708     |
|    fps             | 16       |
|    time_elapsed    | 12193    |
|    total_timesteps | 201280   |
| train/             |          |
|    actor_loss      | -0.486   |
|    critic_loss     | 0.0191   |
|    ent_coef        | 0.0018   |
|    ent_coef_loss   | -0.639   |
|    learning_rate   | 0.0003   |
|    n_updates       | 191270   |
---------------------------------
---------------------------------
| rollout/           |          |
|    ep_len_mean     | 52       |
|    ep_rew_mean     | -43.6    |
| time/              |          |
|    episodes        | 3712     |
|    fps             | 16       |
|    time_elapsed    | 12212    |
|    total_timesteps | 201580   |
| train/             |          |
|    actor_loss      | -0.482   |
|    critic_loss     | 0.0242   |
|    ent_coef        | 0.00182  |
|    ent_coef_loss   | 0.168    |
|    learning_rate   | 0.0003   |
|    n_updates       | 191570   |
---------------------------------
---------------------------------
| rollout/           |          |
|    ep_len_mean     | 51.7     |
|    ep_rew_mean     | -45.3    |
| time/              |          |
|    episodes        | 3716     |
|    fps             | 16       |
|    time_elapsed    | 12230    |
|    total_timesteps | 201860   |
| train/             |          |
|    actor_loss      | -0.466   |
|    critic_loss     | 0.0204   |
|    ent_coef        | 0.00181  |
|    ent_coef_loss   | 0.956    |
|    learning_rate   | 0.0003   |
|    n_updates       | 191850   |
---------------------------------
---------------------------------
| rollout/           |          |
|    ep_len_mean     | 51.8     |
|    ep_rew_mean     | -45.3    |
| time/              |          |
|    episodes        | 3720     |
|    fps             | 16       |
|    time_elapsed    | 12236    |
|    total_timesteps | 201950   |
| train/             |          |
|    actor_loss      | -0.459   |
|    critic_loss     | 0.021    |
|    ent_coef        | 0.00183  |
|    ent_coef_loss   | 0.68     |
|    learning_rate   | 0.0003   |
|    n_updates       | 191940   |
---------------------------------
---------------------------------
| rollout/           |          |
|    ep_len_mean     | 51.6     |
|    ep_rew_mean     | -43.8    |
| time/              |          |
|    episodes        | 3724     |
|    fps             | 16       |
|    time_elapsed    | 12252    |
|    total_timesteps | 202200   |
| train/             |          |
|    actor_loss      | -0.406   |
|    critic_loss     | 0.0248   |
|    ent_coef        | 0.00181  |
|    ent_coef_loss   | 0.301    |
|    learning_rate   | 0.0003   |
|    n_updates       | 192190   |
---------------------------------
---------------------------------
| rollout/           |          |
|    ep_len_mean     | 51.3     |
|    ep_rew_mean     | -49.2    |
| time/              |          |
|    episodes        | 3728     |
|    fps             | 16       |
|    time_elapsed    | 12267    |
|    total_timesteps | 202460   |
| train/             |          |
|    actor_loss      | -0.481   |
|    critic_loss     | 0.023    |
|    ent_coef        | 0.00177  |
|    ent_coef_loss   | -0.131   |
|    learning_rate   | 0.0003   |
|    n_updates       | 192450   |
---------------------------------
---------------------------------
| rollout/           |          |
|    ep_len_mean     | 52.2     |
|    ep_rew_mean     | -36.3    |
| time/              |          |
|    episodes        | 3732     |
|    fps             | 16       |
|    time_elapsed    | 12276    |
|    total_timesteps | 202610   |
| train/             |          |
|    actor_loss      | -0.466   |
|    critic_loss     | 0.0197   |
|    ent_coef        | 0.0018   |
|    ent_coef_loss   | -0.19    |
|    learning_rate   | 0.0003   |
|    n_updates       | 192600   |
---------------------------------
---------------------------------
| rollout/           |          |
|    ep_len_mean     | 51.4     |
|    ep_rew_mean     | -39.9    |
| time/              |          |
|    episodes        | 3736     |
|    fps             | 16       |
|    time_elapsed    | 12284    |
|    total_timesteps | 202730   |
| train/             |          |
|    actor_loss      | -0.462   |
|    critic_loss     | 0.0193   |
|    ent_coef        | 0.0018   |
|    ent_coef_loss   | -0.802   |
|    learning_rate   | 0.0003   |
|    n_updates       | 192720   |
---------------------------------
---------------------------------
| rollout/           |          |
|    ep_len_mean     | 51.5     |
|    ep_rew_mean     | -40.7    |
| time/              |          |
|    episodes        | 3740     |
|    fps             | 16       |
|    time_elapsed    | 12297    |
|    total_timesteps | 202950   |
| train/             |          |
|    actor_loss      | -0.391   |
|    critic_loss     | 0.0196   |
|    ent_coef        | 0.00175  |
|    ent_coef_loss   | 0.146    |
|    learning_rate   | 0.0003   |
|    n_updates       | 192940   |
---------------------------------
---------------------------------
| rollout/           |          |
|    ep_len_mean     | 51.8     |
|    ep_rew_mean     | -31.6    |
| time/              |          |
|    episodes        | 3744     |
|    fps             | 16       |
|    time_elapsed    | 12317    |
|    total_timesteps | 203280   |
| train/             |          |
|    actor_loss      | -0.424   |
|    critic_loss     | 0.0251   |
|    ent_coef        | 0.00174  |
|    ent_coef_loss   | -0.684   |
|    learning_rate   | 0.0003   |
|    n_updates       | 193270   |
---------------------------------
---------------------------------
| rollout/           |          |
|    ep_len_mean     | 52.4     |
|    ep_rew_mean     | -23.2    |
| time/              |          |
|    episodes        | 3748     |
|    fps             | 16       |
|    time_elapsed    | 12329    |
|    total_timesteps | 203480   |
| train/             |          |
|    actor_loss      | -0.479   |
|    critic_loss     | 0.0218   |
|    ent_coef        | 0.00175  |
|    ent_coef_loss   | -0.294   |
|    learning_rate   | 0.0003   |
|    n_updates       | 193470   |
---------------------------------
---------------------------------
| rollout/           |          |
|    ep_len_mean     | 52.9     |
|    ep_rew_mean     | -19.6    |
| time/              |          |
|    episodes        | 3752     |
|    fps             | 16       |
|    time_elapsed    | 12349    |
|    total_timesteps | 203810   |
| train/             |          |
|    actor_loss      | -0.403   |
|    critic_loss     | 0.0238   |
|    ent_coef        | 0.00178  |
|    ent_coef_loss   | 1.24     |
|    learning_rate   | 0.0003   |
|    n_updates       | 193800   |
---------------------------------
---------------------------------
| rollout/           |          |
|    ep_len_mean     | 53.6     |
|    ep_rew_mean     | -11.3    |
| time/              |          |
|    episodes        | 3756     |
|    fps             | 16       |
|    time_elapsed    | 12358    |
|    total_timesteps | 203950   |
| train/             |          |
|    actor_loss      | -0.498   |
|    critic_loss     | 0.0186   |
|    ent_coef        | 0.00184  |
|    ent_coef_loss   | -0.183   |
|    learning_rate   | 0.0003   |
|    n_updates       | 193940   |
---------------------------------
---------------------------------
| rollout/           |          |
|    ep_len_mean     | 53.6     |
|    ep_rew_mean     | -8.54    |
| time/              |          |
|    episodes        | 3760     |
|    fps             | 16       |
|    time_elapsed    | 12379    |
|    total_timesteps | 204280   |
| train/             |          |
|    actor_loss      | -0.481   |
|    critic_loss     | 0.0185   |
|    ent_coef        | 0.00187  |
|    ent_coef_loss   | -0.392   |
|    learning_rate   | 0.0003   |
|    n_updates       | 194270   |
---------------------------------
---------------------------------
| rollout/           |          |
|    ep_len_mean     | 53.4     |
|    ep_rew_mean     | -13.6    |
| time/              |          |
|    episodes        | 3764     |
|    fps             | 16       |
|    time_elapsed    | 12387    |
|    total_timesteps | 204420   |
| train/             |          |
|    actor_loss      | -0.427   |
|    critic_loss     | 0.0312   |
|    ent_coef        | 0.00188  |
|    ent_coef_loss   | -0.134   |
|    learning_rate   | 0.0003   |
|    n_updates       | 194410   |
---------------------------------
---------------------------------
| rollout/           |          |
|    ep_len_mean     | 53.5     |
|    ep_rew_mean     | -13.2    |
| time/              |          |
|    episodes        | 3768     |
|    fps             | 16       |
|    time_elapsed    | 12398    |
|    total_timesteps | 204590   |
| train/             |          |
|    actor_loss      | -0.409   |
|    critic_loss     | 0.0204   |
|    ent_coef        | 0.00187  |
|    ent_coef_loss   | -0.358   |
|    learning_rate   | 0.0003   |
|    n_updates       | 194580   |
---------------------------------
---------------------------------
| rollout/           |          |
|    ep_len_mean     | 53.3     |
|    ep_rew_mean     | -14.2    |
| time/              |          |
|    episodes        | 3772     |
|    fps             | 16       |
|    time_elapsed    | 12410    |
|    total_timesteps | 204800   |
| train/             |          |
|    actor_loss      | -0.486   |
|    critic_loss     | 0.0221   |
|    ent_coef        | 0.00187  |
|    ent_coef_loss   | -0.507   |
|    learning_rate   | 0.0003   |
|    n_updates       | 194790   |
---------------------------------
---------------------------------
| rollout/           |          |
|    ep_len_mean     | 53.3     |
|    ep_rew_mean     | -4.1     |
| time/              |          |
|    episodes        | 3776     |
|    fps             | 16       |
|    time_elapsed    | 12433    |
|    total_timesteps | 205170   |
| train/             |          |
|    actor_loss      | -0.455   |
|    critic_loss     | 0.0167   |
|    ent_coef        | 0.00185  |
|    ent_coef_loss   | 0.417    |
|    learning_rate   | 0.0003   |
|    n_updates       | 195160   |
---------------------------------
---------------------------------
| rollout/           |          |
|    ep_len_mean     | 53.6     |
|    ep_rew_mean     | -3.24    |
| time/              |          |
|    episodes        | 3780     |
|    fps             | 16       |
|    time_elapsed    | 12441    |
|    total_timesteps | 205300   |
| train/             |          |
|    actor_loss      | -0.456   |
|    critic_loss     | 0.0214   |
|    ent_coef        | 0.00188  |
|    ent_coef_loss   | 0.794    |
|    learning_rate   | 0.0003   |
|    n_updates       | 195290   |
---------------------------------
---------------------------------
| rollout/           |          |
|    ep_len_mean     | 54.6     |
|    ep_rew_mean     | 10.2     |
| time/              |          |
|    episodes        | 3784     |
|    fps             | 16       |
|    time_elapsed    | 12462    |
|    total_timesteps | 205660   |
| train/             |          |
|    actor_loss      | -0.455   |
|    critic_loss     | 0.0186   |
|    ent_coef        | 0.00183  |
|    ent_coef_loss   | -0.151   |
|    learning_rate   | 0.0003   |
|    n_updates       | 195650   |
---------------------------------
---------------------------------
| rollout/           |          |
|    ep_len_mean     | 55.4     |
|    ep_rew_mean     | 19.4     |
| time/              |          |
|    episodes        | 3788     |
|    fps             | 16       |
|    time_elapsed    | 12472    |
|    total_timesteps | 205820   |
| train/             |          |
|    actor_loss      | -0.446   |
|    critic_loss     | 0.0227   |
|    ent_coef        | 0.00181  |
|    ent_coef_loss   | 0.55     |
|    learning_rate   | 0.0003   |
|    n_updates       | 195810   |
---------------------------------
---------------------------------
| rollout/           |          |
|    ep_len_mean     | 55.4     |
|    ep_rew_mean     | 18.8     |
| time/              |          |
|    episodes        | 3792     |
|    fps             | 16       |
|    time_elapsed    | 12478    |
|    total_timesteps | 205920   |
| train/             |          |
|    actor_loss      | -0.424   |
|    critic_loss     | 0.0174   |
|    ent_coef        | 0.00179  |
|    ent_coef_loss   | 0.261    |
|    learning_rate   | 0.0003   |
|    n_updates       | 195910   |
---------------------------------
---------------------------------
| rollout/           |          |
|    ep_len_mean     | 54.8     |
|    ep_rew_mean     | 11.3     |
| time/              |          |
|    episodes        | 3796     |
|    fps             | 16       |
|    time_elapsed    | 12493    |
|    total_timesteps | 206160   |
| train/             |          |
|    actor_loss      | -0.409   |
|    critic_loss     | 0.015    |
|    ent_coef        | 0.0018   |
|    ent_coef_loss   | 0.8      |
|    learning_rate   | 0.0003   |
|    n_updates       | 196150   |
---------------------------------
---------------------------------
| rollout/           |          |
|    ep_len_mean     | 54.7     |
|    ep_rew_mean     | 6.56     |
| time/              |          |
|    episodes        | 3800     |
|    fps             | 16       |
|    time_elapsed    | 12508    |
|    total_timesteps | 206410   |
| train/             |          |
|    actor_loss      | -0.46    |
|    critic_loss     | 0.0262   |
|    ent_coef        | 0.0018   |
|    ent_coef_loss   | -0.0115  |
|    learning_rate   | 0.0003   |
|    n_updates       | 196400   |
---------------------------------
---------------------------------
| rollout/           |          |
|    ep_len_mean     | 55.2     |
|    ep_rew_mean     | 9.77     |
| time/              |          |
|    episodes        | 3804     |
|    fps             | 16       |
|    time_elapsed    | 12520    |
|    total_timesteps | 206620   |
| train/             |          |
|    actor_loss      | -0.391   |
|    critic_loss     | 0.0221   |
|    ent_coef        | 0.00181  |
|    ent_coef_loss   | 1.54     |
|    learning_rate   | 0.0003   |
|    n_updates       | 196610   |
---------------------------------
---------------------------------
| rollout/           |          |
|    ep_len_mean     | 55.3     |
|    ep_rew_mean     | 8.42     |
| time/              |          |
|    episodes        | 3808     |
|    fps             | 16       |
|    time_elapsed    | 12535    |
|    total_timesteps | 206850   |
| train/             |          |
|    actor_loss      | -0.389   |
|    critic_loss     | 0.023    |
|    ent_coef        | 0.00185  |
|    ent_coef_loss   | 1.17     |
|    learning_rate   | 0.0003   |
|    n_updates       | 196840   |
---------------------------------
---------------------------------
| rollout/           |          |
|    ep_len_mean     | 55.3     |
|    ep_rew_mean     | 4.33     |
| time/              |          |
|    episodes        | 3812     |
|    fps             | 16       |
|    time_elapsed    | 12549    |
|    total_timesteps | 207090   |
| train/             |          |
|    actor_loss      | -0.454   |
|    critic_loss     | 0.0208   |
|    ent_coef        | 0.0019   |
|    ent_coef_loss   | -0.044   |
|    learning_rate   | 0.0003   |
|    n_updates       | 197080   |
---------------------------------
---------------------------------
| rollout/           |          |
|    ep_len_mean     | 55       |
|    ep_rew_mean     | -0.109   |
| time/              |          |
|    episodes        | 3816     |
|    fps             | 16       |
|    time_elapsed    | 12560    |
|    total_timesteps | 207270   |
| train/             |          |
|    actor_loss      | -0.45    |
|    critic_loss     | 0.0242   |
|    ent_coef        | 0.00188  |
|    ent_coef_loss   | 0.0246   |
|    learning_rate   | 0.0003   |
|    n_updates       | 197260   |
---------------------------------
---------------------------------
| rollout/           |          |
|    ep_len_mean     | 54.5     |
|    ep_rew_mean     | -8.69    |
| time/              |          |
|    episodes        | 3820     |
|    fps             | 16       |
|    time_elapsed    | 12575    |
|    total_timesteps | 207500   |
| train/             |          |
|    actor_loss      | -0.397   |
|    critic_loss     | 0.0214   |
|    ent_coef        | 0.00182  |
|    ent_coef_loss   | -0.483   |
|    learning_rate   | 0.0003   |
|    n_updates       | 197490   |
---------------------------------
---------------------------------
| rollout/           |          |
|    ep_len_mean     | 54.8     |
|    ep_rew_mean     | -5.28    |
| time/              |          |
|    episodes        | 3824     |
|    fps             | 16       |
|    time_elapsed    | 12586    |
|    total_timesteps | 207700   |
| train/             |          |
|    actor_loss      | -0.458   |
|    critic_loss     | 0.0143   |
|    ent_coef        | 0.00184  |
|    ent_coef_loss   | -0.334   |
|    learning_rate   | 0.0003   |
|    n_updates       | 197690   |
---------------------------------
---------------------------------
| rollout/           |          |
|    ep_len_mean     | 55.1     |
|    ep_rew_mean     | -5.05    |
| time/              |          |
|    episodes        | 3828     |
|    fps             | 16       |
|    time_elapsed    | 12600    |
|    total_timesteps | 207910   |
| train/             |          |
|    actor_loss      | -0.473   |
|    critic_loss     | 0.0201   |
|    ent_coef        | 0.00184  |
|    ent_coef_loss   | -0.192   |
|    learning_rate   | 0.0003   |
|    n_updates       | 197900   |
---------------------------------
---------------------------------
| rollout/           |          |
|    ep_len_mean     | 55.2     |
|    ep_rew_mean     | -10.7    |
| time/              |          |
|    episodes        | 3832     |
|    fps             | 16       |
|    time_elapsed    | 12611    |
|    total_timesteps | 208110   |
| train/             |          |
|    actor_loss      | -0.427   |
|    critic_loss     | 0.0225   |
|    ent_coef        | 0.00182  |
|    ent_coef_loss   | 0.392    |
|    learning_rate   | 0.0003   |
|    n_updates       | 198100   |
---------------------------------
---------------------------------
| rollout/           |          |
|    ep_len_mean     | 55.7     |
|    ep_rew_mean     | -7.24    |
| time/              |          |
|    episodes        | 3836     |
|    fps             | 16       |
|    time_elapsed    | 12625    |
|    total_timesteps | 208350   |
| train/             |          |
|    actor_loss      | -0.48    |
|    critic_loss     | 0.0188   |
|    ent_coef        | 0.0018   |
|    ent_coef_loss   | -0.904   |
|    learning_rate   | 0.0003   |
|    n_updates       | 198340   |
---------------------------------
---------------------------------
| rollout/           |          |
|    ep_len_mean     | 55.9     |
|    ep_rew_mean     | -1.74    |
| time/              |          |
|    episodes        | 3840     |
|    fps             | 16       |
|    time_elapsed    | 12643    |
|    total_timesteps | 208640   |
| train/             |          |
|    actor_loss      | -0.48    |
|    critic_loss     | 0.0265   |
|    ent_coef        | 0.00181  |
|    ent_coef_loss   | -0.606   |
|    learning_rate   | 0.0003   |
|    n_updates       | 198630   |
---------------------------------
---------------------------------
| rollout/           |          |
|    ep_len_mean     | 55.9     |
|    ep_rew_mean     | -1.05    |
| time/              |          |
|    episodes        | 3844     |
|    fps             | 16       |
|    time_elapsed    | 12651    |
|    total_timesteps | 208780   |
| train/             |          |
|    actor_loss      | -0.432   |
|    critic_loss     | 0.0239   |
|    ent_coef        | 0.00182  |
|    ent_coef_loss   | 0.22     |
|    learning_rate   | 0.0003   |
|    n_updates       | 198770   |
---------------------------------
---------------------------------
| rollout/           |          |
|    ep_len_mean     | 55.8     |
|    ep_rew_mean     | -0.759   |
| time/              |          |
|    episodes        | 3848     |
|    fps             | 16       |
|    time_elapsed    | 12666    |
|    total_timesteps | 209020   |
| train/             |          |
|    actor_loss      | -0.459   |
|    critic_loss     | 0.0205   |
|    ent_coef        | 0.0018   |
|    ent_coef_loss   | 0.503    |
|    learning_rate   | 0.0003   |
|    n_updates       | 199010   |
---------------------------------
---------------------------------
| rollout/           |          |
|    ep_len_mean     | 55.2     |
|    ep_rew_mean     | -10.9    |
| time/              |          |
|    episodes        | 3852     |
|    fps             | 16       |
|    time_elapsed    | 12683    |
|    total_timesteps | 209280   |
| train/             |          |
|    actor_loss      | -0.511   |
|    critic_loss     | 0.0173   |
|    ent_coef        | 0.00182  |
|    ent_coef_loss   | -0.307   |
|    learning_rate   | 0.0003   |
|    n_updates       | 199270   |
---------------------------------
---------------------------------
| rollout/           |          |
|    ep_len_mean     | 55       |
|    ep_rew_mean     | -14.5    |
| time/              |          |
|    episodes        | 3856     |
|    fps             | 16       |
|    time_elapsed    | 12693    |
|    total_timesteps | 209440   |
| train/             |          |
|    actor_loss      | -0.493   |
|    critic_loss     | 0.017    |
|    ent_coef        | 0.00179  |
|    ent_coef_loss   | 0.00921  |
|    learning_rate   | 0.0003   |
|    n_updates       | 199430   |
---------------------------------
---------------------------------
| rollout/           |          |
|    ep_len_mean     | 54.9     |
|    ep_rew_mean     | -14.7    |
| time/              |          |
|    episodes        | 3860     |
|    fps             | 16       |
|    time_elapsed    | 12714    |
|    total_timesteps | 209790   |
| train/             |          |
|    actor_loss      | -0.444   |
|    critic_loss     | 0.0251   |
|    ent_coef        | 0.00177  |
|    ent_coef_loss   | -0.803   |
|    learning_rate   | 0.0003   |
|    n_updates       | 199780   |
---------------------------------
---------------------------------
| rollout/           |          |
|    ep_len_mean     | 55.2     |
|    ep_rew_mean     | -5.64    |
| time/              |          |
|    episodes        | 3864     |
|    fps             | 16       |
|    time_elapsed    | 12722    |
|    total_timesteps | 209930   |
| train/             |          |
|    actor_loss      | -0.473   |
|    critic_loss     | 0.0176   |
|    ent_coef        | 0.00174  |
|    ent_coef_loss   | 0.552    |
|    learning_rate   | 0.0003   |
|    n_updates       | 199920   |
---------------------------------
---------------------------------
| rollout/           |          |
|    ep_len_mean     | 55.2     |
|    ep_rew_mean     | -6.29    |
| time/              |          |
|    episodes        | 3868     |
|    fps             | 16       |
|    time_elapsed    | 12734    |
|    total_timesteps | 210120   |
| train/             |          |
|    actor_loss      | -0.479   |
|    critic_loss     | 0.0151   |
|    ent_coef        | 0.00171  |
|    ent_coef_loss   | -0.187   |
|    learning_rate   | 0.0003   |
|    n_updates       | 200110   |
---------------------------------
---------------------------------
| rollout/           |          |
|    ep_len_mean     | 54.6     |
|    ep_rew_mean     | -9.86    |
| time/              |          |
|    episodes        | 3872     |
|    fps             | 16       |
|    time_elapsed    | 12742    |
|    total_timesteps | 210260   |
| train/             |          |
|    actor_loss      | -0.454   |
|    critic_loss     | 0.0221   |
|    ent_coef        | 0.00166  |
|    ent_coef_loss   | -0.0873  |
|    learning_rate   | 0.0003   |
|    n_updates       | 200250   |
---------------------------------
---------------------------------
| rollout/           |          |
|    ep_len_mean     | 54.6     |
|    ep_rew_mean     | -9.48    |
| time/              |          |
|    episodes        | 3876     |
|    fps             | 16       |
|    time_elapsed    | 12760    |
|    total_timesteps | 210570   |
| train/             |          |
|    actor_loss      | -0.447   |
|    critic_loss     | 0.0217   |
|    ent_coef        | 0.00168  |
|    ent_coef_loss   | 0.992    |
|    learning_rate   | 0.0003   |
|    n_updates       | 200560   |
---------------------------------
---------------------------------
| rollout/           |          |
|    ep_len_mean     | 54.4     |
|    ep_rew_mean     | -13.6    |
| time/              |          |
|    episodes        | 3880     |
|    fps             | 16       |
|    time_elapsed    | 12778    |
|    total_timesteps | 210820   |
| train/             |          |
|    actor_loss      | -0.422   |
|    critic_loss     | 0.0156   |
|    ent_coef        | 0.00176  |
|    ent_coef_loss   | 0.546    |
|    learning_rate   | 0.0003   |
|    n_updates       | 200810   |
---------------------------------
---------------------------------
| rollout/           |          |
|    ep_len_mean     | 54.4     |
|    ep_rew_mean     | -19.1    |
| time/              |          |
|    episodes        | 3884     |
|    fps             | 16       |
|    time_elapsed    | 12798    |
|    total_timesteps | 211050   |
| train/             |          |
|    actor_loss      | -0.442   |
|    critic_loss     | 0.0172   |
|    ent_coef        | 0.00177  |
|    ent_coef_loss   | -0.692   |
|    learning_rate   | 0.0003   |
|    n_updates       | 201040   |
---------------------------------
---------------------------------
| rollout/           |          |
|    ep_len_mean     | 54.1     |
|    ep_rew_mean     | -23      |
| time/              |          |
|    episodes        | 3888     |
|    fps             | 16       |
|    time_elapsed    | 12810    |
|    total_timesteps | 211220   |
| train/             |          |
|    actor_loss      | -0.458   |
|    critic_loss     | 0.017    |
|    ent_coef        | 0.00177  |
|    ent_coef_loss   | -0.679   |
|    learning_rate   | 0.0003   |
|    n_updates       | 201210   |
---------------------------------
---------------------------------
| rollout/           |          |
|    ep_len_mean     | 54       |
|    ep_rew_mean     | -25.6    |
| time/              |          |
|    episodes        | 3892     |
|    fps             | 16       |
|    time_elapsed    | 12821    |
|    total_timesteps | 211390   |
| train/             |          |
|    actor_loss      | -0.462   |
|    critic_loss     | 0.0149   |
|    ent_coef        | 0.00175  |
|    ent_coef_loss   | -0.2     |
|    learning_rate   | 0.0003   |
|    n_updates       | 201380   |
---------------------------------
---------------------------------
| rollout/           |          |
|    ep_len_mean     | 54.5     |
|    ep_rew_mean     | -20.6    |
| time/              |          |
|    episodes        | 3896     |
|    fps             | 16       |
|    time_elapsed    | 12841    |
|    total_timesteps | 211720   |
| train/             |          |
|    actor_loss      | -0.418   |
|    critic_loss     | 0.0293   |
|    ent_coef        | 0.00179  |
|    ent_coef_loss   | 0.544    |
|    learning_rate   | 0.0003   |
|    n_updates       | 201710   |
---------------------------------
---------------------------------
| rollout/           |          |
|    ep_len_mean     | 55.3     |
|    ep_rew_mean     | -7.44    |
| time/              |          |
|    episodes        | 3900     |
|    fps             | 16       |
|    time_elapsed    | 12851    |
|    total_timesteps | 211880   |
| train/             |          |
|    actor_loss      | -0.444   |
|    critic_loss     | 0.032    |
|    ent_coef        | 0.0018   |
|    ent_coef_loss   | -0.831   |
|    learning_rate   | 0.0003   |
|    n_updates       | 201870   |
---------------------------------
---------------------------------
| rollout/           |          |
|    ep_len_mean     | 55       |
|    ep_rew_mean     | -10.3    |
| time/              |          |
|    episodes        | 3904     |
|    fps             | 16       |
|    time_elapsed    | 12862    |
|    total_timesteps | 212070   |
| train/             |          |
|    actor_loss      | -0.446   |
|    critic_loss     | 0.0231   |
|    ent_coef        | 0.00177  |
|    ent_coef_loss   | 0.00693  |
|    learning_rate   | 0.0003   |
|    n_updates       | 202060   |
---------------------------------
---------------------------------
| rollout/           |          |
|    ep_len_mean     | 54.3     |
|    ep_rew_mean     | -18.3    |
| time/              |          |
|    episodes        | 3908     |
|    fps             | 16       |
|    time_elapsed    | 12879    |
|    total_timesteps | 212360   |
| train/             |          |
|    actor_loss      | -0.429   |
|    critic_loss     | 0.022    |
|    ent_coef        | 0.00177  |
|    ent_coef_loss   | -0.0858  |
|    learning_rate   | 0.0003   |
|    n_updates       | 202350   |
---------------------------------
---------------------------------
| rollout/           |          |
|    ep_len_mean     | 54.5     |
|    ep_rew_mean     | -17.7    |
| time/              |          |
|    episodes        | 3912     |
|    fps             | 16       |
|    time_elapsed    | 12888    |
|    total_timesteps | 212510   |
| train/             |          |
|    actor_loss      | -0.463   |
|    critic_loss     | 0.017    |
|    ent_coef        | 0.00178  |
|    ent_coef_loss   | -0.77    |
|    learning_rate   | 0.0003   |
|    n_updates       | 202500   |
---------------------------------
---------------------------------
| rollout/           |          |
|    ep_len_mean     | 55.2     |
|    ep_rew_mean     | -7.85    |
| time/              |          |
|    episodes        | 3916     |
|    fps             | 16       |
|    time_elapsed    | 12905    |
|    total_timesteps | 212770   |
| train/             |          |
|    actor_loss      | -0.443   |
|    critic_loss     | 0.0182   |
|    ent_coef        | 0.00176  |
|    ent_coef_loss   | -0.239   |
|    learning_rate   | 0.0003   |
|    n_updates       | 202760   |
---------------------------------
---------------------------------
| rollout/           |          |
|    ep_len_mean     | 55       |
|    ep_rew_mean     | -7.39    |
| time/              |          |
|    episodes        | 3920     |
|    fps             | 16       |
|    time_elapsed    | 12922    |
|    total_timesteps | 212980   |
| train/             |          |
|    actor_loss      | -0.414   |
|    critic_loss     | 0.023    |
|    ent_coef        | 0.00181  |
|    ent_coef_loss   | 0.508    |
|    learning_rate   | 0.0003   |
|    n_updates       | 202970   |
---------------------------------
---------------------------------
| rollout/           |          |
|    ep_len_mean     | 54.5     |
|    ep_rew_mean     | -11.4    |
| time/              |          |
|    episodes        | 3924     |
|    fps             | 16       |
|    time_elapsed    | 12928    |
|    total_timesteps | 213080   |
| train/             |          |
|    actor_loss      | -0.42    |
|    critic_loss     | 0.0192   |
|    ent_coef        | 0.00182  |
|    ent_coef_loss   | 0.609    |
|    learning_rate   | 0.0003   |
|    n_updates       | 203070   |
---------------------------------
---------------------------------
| rollout/           |          |
|    ep_len_mean     | 54.7     |
|    ep_rew_mean     | -5.72    |
| time/              |          |
|    episodes        | 3928     |
|    fps             | 16       |
|    time_elapsed    | 12957    |
|    total_timesteps | 213540   |
| train/             |          |
|    actor_loss      | -0.465   |
|    critic_loss     | 0.0227   |
|    ent_coef        | 0.00185  |
|    ent_coef_loss   | 0.367    |
|    learning_rate   | 0.0003   |
|    n_updates       | 203530   |
---------------------------------
---------------------------------
| rollout/           |          |
|    ep_len_mean     | 54.8     |
|    ep_rew_mean     | -0.619   |
| time/              |          |
|    episodes        | 3932     |
|    fps             | 16       |
|    time_elapsed    | 12966    |
|    total_timesteps | 213640   |
| train/             |          |
|    actor_loss      | -0.437   |
|    critic_loss     | 0.0161   |
|    ent_coef        | 0.00184  |
|    ent_coef_loss   | -0.569   |
|    learning_rate   | 0.0003   |
|    n_updates       | 203630   |
---------------------------------
---------------------------------
| rollout/           |          |
|    ep_len_mean     | 55.3     |
|    ep_rew_mean     | 3.01     |
| time/              |          |
|    episodes        | 3936     |
|    fps             | 16       |
|    time_elapsed    | 12980    |
|    total_timesteps | 213840   |
| train/             |          |
|    actor_loss      | -0.477   |
|    critic_loss     | 0.0157   |
|    ent_coef        | 0.00182  |
|    ent_coef_loss   | -0.91    |
|    learning_rate   | 0.0003   |
|    n_updates       | 203830   |
---------------------------------
---------------------------------
| rollout/           |          |
|    ep_len_mean     | 54.4     |
|    ep_rew_mean     | -11      |
| time/              |          |
|    episodes        | 3940     |
|    fps             | 16       |
|    time_elapsed    | 13000    |
|    total_timesteps | 214020   |
| train/             |          |
|    actor_loss      | -0.45    |
|    critic_loss     | 0.0195   |
|    ent_coef        | 0.00184  |
|    ent_coef_loss   | 0.509    |
|    learning_rate   | 0.0003   |
|    n_updates       | 204010   |
---------------------------------
---------------------------------
| rollout/           |          |
|    ep_len_mean     | 54.5     |
|    ep_rew_mean     | -8.97    |
| time/              |          |
|    episodes        | 3944     |
|    fps             | 16       |
|    time_elapsed    | 13018    |
|    total_timesteps | 214270   |
| train/             |          |
|    actor_loss      | -0.421   |
|    critic_loss     | 0.0215   |
|    ent_coef        | 0.00186  |
|    ent_coef_loss   | -0.493   |
|    learning_rate   | 0.0003   |
|    n_updates       | 204260   |
---------------------------------
---------------------------------
| rollout/           |          |
|    ep_len_mean     | 54.4     |
|    ep_rew_mean     | -13.8    |
| time/              |          |
|    episodes        | 3948     |
|    fps             | 16       |
|    time_elapsed    | 13032    |
|    total_timesteps | 214500   |
| train/             |          |
|    actor_loss      | -0.474   |
|    critic_loss     | 0.0201   |
|    ent_coef        | 0.00185  |
|    ent_coef_loss   | 0.842    |
|    learning_rate   | 0.0003   |
|    n_updates       | 204490   |
---------------------------------
---------------------------------
| rollout/           |          |
|    ep_len_mean     | 54.6     |
|    ep_rew_mean     | -9.34    |
| time/              |          |
|    episodes        | 3952     |
|    fps             | 16       |
|    time_elapsed    | 13044    |
|    total_timesteps | 214710   |
| train/             |          |
|    actor_loss      | -0.485   |
|    critic_loss     | 0.0191   |
|    ent_coef        | 0.00188  |
|    ent_coef_loss   | -0.336   |
|    learning_rate   | 0.0003   |
|    n_updates       | 204700   |
---------------------------------
---------------------------------
| rollout/           |          |
|    ep_len_mean     | 55       |
|    ep_rew_mean     | -1.52    |
| time/              |          |
|    episodes        | 3956     |
|    fps             | 16       |
|    time_elapsed    | 13058    |
|    total_timesteps | 214910   |
| train/             |          |
|    actor_loss      | -0.452   |
|    critic_loss     | 0.0231   |
|    ent_coef        | 0.00188  |
|    ent_coef_loss   | 0.867    |
|    learning_rate   | 0.0003   |
|    n_updates       | 204900   |
---------------------------------
---------------------------------
| rollout/           |          |
|    ep_len_mean     | 54.7     |
|    ep_rew_mean     | -5.37    |
| time/              |          |
|    episodes        | 3960     |
|    fps             | 16       |
|    time_elapsed    | 13079    |
|    total_timesteps | 215200   |
| train/             |          |
|    actor_loss      | -0.44    |
|    critic_loss     | 0.0213   |
|    ent_coef        | 0.00186  |
|    ent_coef_loss   | -0.0622  |
|    learning_rate   | 0.0003   |
|    n_updates       | 205190   |
---------------------------------
---------------------------------
| rollout/           |          |
|    ep_len_mean     | 54.8     |
|    ep_rew_mean     | -6.25    |
| time/              |          |
|    episodes        | 3964     |
|    fps             | 16       |
|    time_elapsed    | 13098    |
|    total_timesteps | 215500   |
| train/             |          |
|    actor_loss      | -0.428   |
|    critic_loss     | 0.022    |
|    ent_coef        | 0.00185  |
|    ent_coef_loss   | 0.179    |
|    learning_rate   | 0.0003   |
|    n_updates       | 205490   |
---------------------------------
---------------------------------
| rollout/           |          |
|    ep_len_mean     | 55.1     |
|    ep_rew_mean     | -7.15    |
| time/              |          |
|    episodes        | 3968     |
|    fps             | 16       |
|    time_elapsed    | 13102    |
|    total_timesteps | 215570   |
| train/             |          |
|    actor_loss      | -0.452   |
|    critic_loss     | 0.0194   |
|    ent_coef        | 0.00185  |
|    ent_coef_loss   | 0.224    |
|    learning_rate   | 0.0003   |
|    n_updates       | 205560   |
---------------------------------
---------------------------------
| rollout/           |          |
|    ep_len_mean     | 55.9     |
|    ep_rew_mean     | -4.03    |
| time/              |          |
|    episodes        | 3972     |
|    fps             | 16       |
|    time_elapsed    | 13122    |
|    total_timesteps | 215890   |
| train/             |          |
|    actor_loss      | -0.472   |
|    critic_loss     | 0.0178   |
|    ent_coef        | 0.00182  |
|    ent_coef_loss   | -0.907   |
|    learning_rate   | 0.0003   |
|    n_updates       | 205880   |
---------------------------------
---------------------------------
| rollout/           |          |
|    ep_len_mean     | 56.3     |
|    ep_rew_mean     | 0.591    |
| time/              |          |
|    episodes        | 3976     |
|    fps             | 16       |
|    time_elapsed    | 13137    |
|    total_timesteps | 216130   |
| train/             |          |
|    actor_loss      | -0.485   |
|    critic_loss     | 0.0268   |
|    ent_coef        | 0.00181  |
|    ent_coef_loss   | -0.0658  |
|    learning_rate   | 0.0003   |
|    n_updates       | 206120   |
---------------------------------
---------------------------------
| rollout/           |          |
|    ep_len_mean     | 56       |
|    ep_rew_mean     | -4.19    |
| time/              |          |
|    episodes        | 3980     |
|    fps             | 16       |
|    time_elapsed    | 13150    |
|    total_timesteps | 216350   |
| train/             |          |
|    actor_loss      | -0.448   |
|    critic_loss     | 0.0207   |
|    ent_coef        | 0.00183  |
|    ent_coef_loss   | -0.112   |
|    learning_rate   | 0.0003   |
|    n_updates       | 206340   |
---------------------------------
---------------------------------
| rollout/           |          |
|    ep_len_mean     | 55.8     |
|    ep_rew_mean     | 0.0247   |
| time/              |          |
|    episodes        | 3984     |
|    fps             | 16       |
|    time_elapsed    | 13175    |
|    total_timesteps | 216710   |
| train/             |          |
|    actor_loss      | -0.467   |
|    critic_loss     | 0.0203   |
|    ent_coef        | 0.00186  |
|    ent_coef_loss   | 1.37     |
|    learning_rate   | 0.0003   |
|    n_updates       | 206700   |
---------------------------------
---------------------------------
| rollout/           |          |
|    ep_len_mean     | 56.2     |
|    ep_rew_mean     | 3.96     |
| time/              |          |
|    episodes        | 3988     |
|    fps             | 16       |
|    time_elapsed    | 13181    |
|    total_timesteps | 216810   |
| train/             |          |
|    actor_loss      | -0.458   |
|    critic_loss     | 0.024    |
|    ent_coef        | 0.00187  |
|    ent_coef_loss   | -0.146   |
|    learning_rate   | 0.0003   |
|    n_updates       | 206800   |
---------------------------------
---------------------------------
| rollout/           |          |
|    ep_len_mean     | 55.8     |
|    ep_rew_mean     | 2.06     |
| time/              |          |
|    episodes        | 3992     |
|    fps             | 16       |
|    time_elapsed    | 13193    |
|    total_timesteps | 217020   |
| train/             |          |
|    actor_loss      | -0.479   |
|    critic_loss     | 0.018    |
|    ent_coef        | 0.00187  |
|    ent_coef_loss   | -0.169   |
|    learning_rate   | 0.0003   |
|    n_updates       | 207010   |
---------------------------------
---------------------------------
| rollout/           |          |
|    ep_len_mean     | 55.6     |
|    ep_rew_mean     | 1.96     |
| time/              |          |
|    episodes        | 3996     |
|    fps             | 16       |
|    time_elapsed    | 13201    |
|    total_timesteps | 217150   |
| train/             |          |
|    actor_loss      | -0.471   |
|    critic_loss     | 0.0213   |
|    ent_coef        | 0.00187  |
|    ent_coef_loss   | 0.175    |
|    learning_rate   | 0.0003   |
|    n_updates       | 207140   |
---------------------------------
---------------------------------
| rollout/           |          |
|    ep_len_mean     | 55.4     |
|    ep_rew_mean     | -4.02    |
| time/              |          |
|    episodes        | 4000     |
|    fps             | 16       |
|    time_elapsed    | 13229    |
|    total_timesteps | 217550   |
| train/             |          |
|    actor_loss      | -0.413   |
|    critic_loss     | 0.0219   |
|    ent_coef        | 0.00183  |
|    ent_coef_loss   | -0.64    |
|    learning_rate   | 0.0003   |
|    n_updates       | 207540   |
---------------------------------
---------------------------------
| rollout/           |          |
|    ep_len_mean     | 55.7     |
|    ep_rew_mean     | -0.207   |
| time/              |          |
|    episodes        | 4004     |
|    fps             | 16       |
|    time_elapsed    | 13234    |
|    total_timesteps | 217620   |
| train/             |          |
|    actor_loss      | -0.426   |
|    critic_loss     | 0.0236   |
|    ent_coef        | 0.00182  |
|    ent_coef_loss   | 0.0228   |
|    learning_rate   | 0.0003   |
|    n_updates       | 207610   |
---------------------------------
---------------------------------
| rollout/           |          |
|    ep_len_mean     | 56.3     |
|    ep_rew_mean     | 8.58     |
| time/              |          |
|    episodes        | 4008     |
|    fps             | 16       |
|    time_elapsed    | 13255    |
|    total_timesteps | 217960   |
| train/             |          |
|    actor_loss      | -0.464   |
|    critic_loss     | 0.0207   |
|    ent_coef        | 0.00185  |
|    ent_coef_loss   | -0.343   |
|    learning_rate   | 0.0003   |
|    n_updates       | 207950   |
---------------------------------
---------------------------------
| rollout/           |          |
|    ep_len_mean     | 56.3     |
|    ep_rew_mean     | 12.3     |
| time/              |          |
|    episodes        | 4012     |
|    fps             | 16       |
|    time_elapsed    | 13270    |
|    total_timesteps | 218170   |
| train/             |          |
|    actor_loss      | -0.464   |
|    critic_loss     | 0.0236   |
|    ent_coef        | 0.00182  |
|    ent_coef_loss   | -0.433   |
|    learning_rate   | 0.0003   |
|    n_updates       | 208160   |
---------------------------------
---------------------------------
| rollout/           |          |
|    ep_len_mean     | 56.1     |
|    ep_rew_mean     | 10.6     |
| time/              |          |
|    episodes        | 4016     |
|    fps             | 16       |
|    time_elapsed    | 13280    |
|    total_timesteps | 218300   |
| train/             |          |
|    actor_loss      | -0.404   |
|    critic_loss     | 0.022    |
|    ent_coef        | 0.0018   |
|    ent_coef_loss   | 0.228    |
|    learning_rate   | 0.0003   |
|    n_updates       | 208290   |
---------------------------------
---------------------------------
| rollout/           |          |
|    ep_len_mean     | 56.3     |
|    ep_rew_mean     | 10.9     |
| time/              |          |
|    episodes        | 4020     |
|    fps             | 16       |
|    time_elapsed    | 13298    |
|    total_timesteps | 218560   |
| train/             |          |
|    actor_loss      | -0.448   |
|    critic_loss     | 0.0202   |
|    ent_coef        | 0.00178  |
|    ent_coef_loss   | -0.506   |
|    learning_rate   | 0.0003   |
|    n_updates       | 208550   |
---------------------------------
---------------------------------
| rollout/           |          |
|    ep_len_mean     | 56.9     |
|    ep_rew_mean     | 14.6     |
| time/              |          |
|    episodes        | 4024     |
|    fps             | 16       |
|    time_elapsed    | 13316    |
|    total_timesteps | 218820   |
| train/             |          |
|    actor_loss      | -0.41    |
|    critic_loss     | 0.0261   |
|    ent_coef        | 0.00182  |
|    ent_coef_loss   | -0.0225  |
|    learning_rate   | 0.0003   |
|    n_updates       | 208810   |
---------------------------------
---------------------------------
| rollout/           |          |
|    ep_len_mean     | 56.8     |
|    ep_rew_mean     | 14.7     |
| time/              |          |
|    episodes        | 4028     |
|    fps             | 16       |
|    time_elapsed    | 13336    |
|    total_timesteps | 219160   |
| train/             |          |
|    actor_loss      | -0.463   |
|    critic_loss     | 0.0151   |
|    ent_coef        | 0.00178  |
|    ent_coef_loss   | -0.0955  |
|    learning_rate   | 0.0003   |
|    n_updates       | 209150   |
---------------------------------
---------------------------------
| rollout/           |          |
|    ep_len_mean     | 56.9     |
|    ep_rew_mean     | 16       |
| time/              |          |
|    episodes        | 4032     |
|    fps             | 16       |
|    time_elapsed    | 13340    |
|    total_timesteps | 219230   |
| train/             |          |
|    actor_loss      | -0.415   |
|    critic_loss     | 0.0191   |
|    ent_coef        | 0.00179  |
|    ent_coef_loss   | -0.17    |
|    learning_rate   | 0.0003   |
|    n_updates       | 209220   |
---------------------------------
---------------------------------
| rollout/           |          |
|    ep_len_mean     | 56.7     |
|    ep_rew_mean     | 12.8     |
| time/              |          |
|    episodes        | 4036     |
|    fps             | 16       |
|    time_elapsed    | 13366    |
|    total_timesteps | 219670   |
| train/             |          |
|    actor_loss      | -0.438   |
|    critic_loss     | 0.0203   |
|    ent_coef        | 0.00181  |
|    ent_coef_loss   | 0.0326   |
|    learning_rate   | 0.0003   |
|    n_updates       | 209660   |
---------------------------------
---------------------------------
| rollout/           |          |
|    ep_len_mean     | 57.5     |
|    ep_rew_mean     | 21.4     |
| time/              |          |
|    episodes        | 4040     |
|    fps             | 16       |
|    time_elapsed    | 13374    |
|    total_timesteps | 219810   |
| train/             |          |
|    actor_loss      | -0.491   |
|    critic_loss     | 0.0193   |
|    ent_coef        | 0.00184  |
|    ent_coef_loss   | -0.0821  |
|    learning_rate   | 0.0003   |
|    n_updates       | 209800   |
---------------------------------
---------------------------------
| rollout/           |          |
|    ep_len_mean     | 57.4     |
|    ep_rew_mean     | 17.5     |
| time/              |          |
|    episodes        | 4044     |
|    fps             | 16       |
|    time_elapsed    | 13382    |
|    total_timesteps | 219950   |
| train/             |          |
|    actor_loss      | -0.489   |
|    critic_loss     | 0.0231   |
|    ent_coef        | 0.00184  |
|    ent_coef_loss   | 0.716    |
|    learning_rate   | 0.0003   |
|    n_updates       | 209940   |
---------------------------------
---------------------------------
| rollout/           |          |
|    ep_len_mean     | 57.1     |
|    ep_rew_mean     | 13.7     |
| time/              |          |
|    episodes        | 4048     |
|    fps             | 16       |
|    time_elapsed    | 13398    |
|    total_timesteps | 220220   |
| train/             |          |
|    actor_loss      | -0.441   |
|    critic_loss     | 0.0188   |
|    ent_coef        | 0.00185  |
|    ent_coef_loss   | -0.712   |
|    learning_rate   | 0.0003   |
|    n_updates       | 210210   |
---------------------------------
---------------------------------
| rollout/           |          |
|    ep_len_mean     | 56.9     |
|    ep_rew_mean     | 10.9     |
| time/              |          |
|    episodes        | 4052     |
|    fps             | 16       |
|    time_elapsed    | 13405    |
|    total_timesteps | 220350   |
| train/             |          |
|    actor_loss      | -0.442   |
|    critic_loss     | 0.0201   |
|    ent_coef        | 0.00186  |
|    ent_coef_loss   | 0.11     |
|    learning_rate   | 0.0003   |
|    n_updates       | 210340   |
---------------------------------
---------------------------------
| rollout/           |          |
|    ep_len_mean     | 57       |
|    ep_rew_mean     | 9.66     |
| time/              |          |
|    episodes        | 4056     |
|    fps             | 16       |
|    time_elapsed    | 13426    |
|    total_timesteps | 220710   |
| train/             |          |
|    actor_loss      | -0.43    |
|    critic_loss     | 0.0156   |
|    ent_coef        | 0.00181  |
|    ent_coef_loss   | -0.0443  |
|    learning_rate   | 0.0003   |
|    n_updates       | 210700   |
---------------------------------
---------------------------------
| rollout/           |          |
|    ep_len_mean     | 57       |
|    ep_rew_mean     | 3.17     |
| time/              |          |
|    episodes        | 4060     |
|    fps             | 16       |
|    time_elapsed    | 13440    |
|    total_timesteps | 220950   |
| train/             |          |
|    actor_loss      | -0.483   |
|    critic_loss     | 0.015    |
|    ent_coef        | 0.0018   |
|    ent_coef_loss   | 0.385    |
|    learning_rate   | 0.0003   |
|    n_updates       | 210940   |
---------------------------------
---------------------------------
| rollout/           |          |
|    ep_len_mean     | 57.1     |
|    ep_rew_mean     | 3.92     |
| time/              |          |
|    episodes        | 4064     |
|    fps             | 16       |
|    time_elapsed    | 13451    |
|    total_timesteps | 221130   |
| train/             |          |
|    actor_loss      | -0.44    |
|    critic_loss     | 0.0146   |
|    ent_coef        | 0.00184  |
|    ent_coef_loss   | 0.323    |
|    learning_rate   | 0.0003   |
|    n_updates       | 211120   |
---------------------------------
---------------------------------
| rollout/           |          |
|    ep_len_mean     | 57.2     |
|    ep_rew_mean     | 5.08     |
| time/              |          |
|    episodes        | 4068     |
|    fps             | 16       |
|    time_elapsed    | 13469    |
|    total_timesteps | 221400   |
| train/             |          |
|    actor_loss      | -0.434   |
|    critic_loss     | 0.0207   |
|    ent_coef        | 0.00185  |
|    ent_coef_loss   | -0.257   |
|    learning_rate   | 0.0003   |
|    n_updates       | 211390   |
---------------------------------
---------------------------------
| rollout/           |          |
|    ep_len_mean     | 57.1     |
|    ep_rew_mean     | 6.93     |
| time/              |          |
|    episodes        | 4072     |
|    fps             | 16       |
|    time_elapsed    | 13487    |
|    total_timesteps | 221670   |
| train/             |          |
|    actor_loss      | -0.469   |
|    critic_loss     | 0.0246   |
|    ent_coef        | 0.00183  |
|    ent_coef_loss   | -0.145   |
|    learning_rate   | 0.0003   |
|    n_updates       | 211660   |
---------------------------------
---------------------------------
| rollout/           |          |
|    ep_len_mean     | 56.9     |
|    ep_rew_mean     | -2.09    |
| time/              |          |
|    episodes        | 4076     |
|    fps             | 16       |
|    time_elapsed    | 13497    |
|    total_timesteps | 221830   |
| train/             |          |
|    actor_loss      | -0.451   |
|    critic_loss     | 0.0196   |
|    ent_coef        | 0.00181  |
|    ent_coef_loss   | -1.05    |
|    learning_rate   | 0.0003   |
|    n_updates       | 211820   |
---------------------------------
---------------------------------
| rollout/           |          |
|    ep_len_mean     | 56.7     |
|    ep_rew_mean     | -1.45    |
| time/              |          |
|    episodes        | 4080     |
|    fps             | 16       |
|    time_elapsed    | 13511    |
|    total_timesteps | 222020   |
| train/             |          |
|    actor_loss      | -0.507   |
|    critic_loss     | 0.0165   |
|    ent_coef        | 0.00183  |
|    ent_coef_loss   | -0.328   |
|    learning_rate   | 0.0003   |
|    n_updates       | 212010   |
---------------------------------
---------------------------------
| rollout/           |          |
|    ep_len_mean     | 56.1     |
|    ep_rew_mean     | -5.42    |
| time/              |          |
|    episodes        | 4084     |
|    fps             | 16       |
|    time_elapsed    | 13528    |
|    total_timesteps | 222260   |
| train/             |          |
|    actor_loss      | -0.426   |
|    critic_loss     | 0.0229   |
|    ent_coef        | 0.00183  |
|    ent_coef_loss   | 0.436    |
|    learning_rate   | 0.0003   |
|    n_updates       | 212250   |
---------------------------------
---------------------------------
| rollout/           |          |
|    ep_len_mean     | 56.2     |
|    ep_rew_mean     | -5.73    |
| time/              |          |
|    episodes        | 4088     |
|    fps             | 16       |
|    time_elapsed    | 13539    |
|    total_timesteps | 222450   |
| train/             |          |
|    actor_loss      | -0.429   |
|    critic_loss     | 0.0186   |
|    ent_coef        | 0.00185  |
|    ent_coef_loss   | -0.488   |
|    learning_rate   | 0.0003   |
|    n_updates       | 212440   |
---------------------------------
---------------------------------
| rollout/           |          |
|    ep_len_mean     | 57.2     |
|    ep_rew_mean     | 4.66     |
| time/              |          |
|    episodes        | 4092     |
|    fps             | 16       |
|    time_elapsed    | 13560    |
|    total_timesteps | 222760   |
| train/             |          |
|    actor_loss      | -0.471   |
|    critic_loss     | 0.0169   |
|    ent_coef        | 0.0018   |
|    ent_coef_loss   | -0.0477  |
|    learning_rate   | 0.0003   |
|    n_updates       | 212750   |
---------------------------------
---------------------------------
| rollout/           |          |
|    ep_len_mean     | 57.2     |
|    ep_rew_mean     | -1.39    |
| time/              |          |
|    episodes        | 4096     |
|    fps             | 16       |
|    time_elapsed    | 13570    |
|    total_timesteps | 222920   |
| train/             |          |
|    actor_loss      | -0.436   |
|    critic_loss     | 0.0168   |
|    ent_coef        | 0.00178  |
|    ent_coef_loss   | 0.172    |
|    learning_rate   | 0.0003   |
|    n_updates       | 212910   |
---------------------------------
---------------------------------
| rollout/           |          |
|    ep_len_mean     | 57.3     |
|    ep_rew_mean     | 4.47     |
| time/              |          |
|    episodes        | 4100     |
|    fps             | 16       |
|    time_elapsed    | 13590    |
|    total_timesteps | 223220   |
| train/             |          |
|    actor_loss      | -0.424   |
|    critic_loss     | 0.0186   |
|    ent_coef        | 0.00181  |
|    ent_coef_loss   | 0.72     |
|    learning_rate   | 0.0003   |
|    n_updates       | 213210   |
---------------------------------
---------------------------------
| rollout/           |          |
|    ep_len_mean     | 57.5     |
|    ep_rew_mean     | 5.52     |
| time/              |          |
|    episodes        | 4104     |
|    fps             | 16       |
|    time_elapsed    | 13606    |
|    total_timesteps | 223420   |
| train/             |          |
|    actor_loss      | -0.426   |
|    critic_loss     | 0.0264   |
|    ent_coef        | 0.00181  |
|    ent_coef_loss   | 0.526    |
|    learning_rate   | 0.0003   |
|    n_updates       | 213410   |
---------------------------------
---------------------------------
| rollout/           |          |
|    ep_len_mean     | 57.4     |
|    ep_rew_mean     | 4.83     |
| time/              |          |
|    episodes        | 4108     |
|    fps             | 16       |
|    time_elapsed    | 13619    |
|    total_timesteps | 223590   |
| train/             |          |
|    actor_loss      | -0.439   |
|    critic_loss     | 0.0243   |
|    ent_coef        | 0.0018   |
|    ent_coef_loss   | 0.302    |
|    learning_rate   | 0.0003   |
|    n_updates       | 213580   |
---------------------------------
---------------------------------
| rollout/           |          |
|    ep_len_mean     | 57       |
|    ep_rew_mean     | -4.08    |
| time/              |          |
|    episodes        | 4112     |
|    fps             | 16       |
|    time_elapsed    | 13638    |
|    total_timesteps | 223840   |
| train/             |          |
|    actor_loss      | -0.428   |
|    critic_loss     | 0.0177   |
|    ent_coef        | 0.00181  |
|    ent_coef_loss   | -0.964   |
|    learning_rate   | 0.0003   |
|    n_updates       | 213830   |
---------------------------------
---------------------------------
| rollout/           |          |
|    ep_len_mean     | 57.2     |
|    ep_rew_mean     | -6.67    |
| time/              |          |
|    episodes        | 4116     |
|    fps             | 16       |
|    time_elapsed    | 13661    |
|    total_timesteps | 224150   |
| train/             |          |
|    actor_loss      | -0.476   |
|    critic_loss     | 0.0226   |
|    ent_coef        | 0.00179  |
|    ent_coef_loss   | 0.179    |
|    learning_rate   | 0.0003   |
|    n_updates       | 214140   |
---------------------------------
---------------------------------
| rollout/           |          |
|    ep_len_mean     | 57.7     |
|    ep_rew_mean     | 1.2      |
| time/              |          |
|    episodes        | 4120     |
|    fps             | 16       |
|    time_elapsed    | 13682    |
|    total_timesteps | 224410   |
| train/             |          |
|    actor_loss      | -0.489   |
|    critic_loss     | 0.0164   |
|    ent_coef        | 0.00178  |
|    ent_coef_loss   | -0.108   |
|    learning_rate   | 0.0003   |
|    n_updates       | 214400   |
---------------------------------
---------------------------------
| rollout/           |          |
|    ep_len_mean     | 57.6     |
|    ep_rew_mean     | 1.86     |
| time/              |          |
|    episodes        | 4124     |
|    fps             | 16       |
|    time_elapsed    | 13695    |
|    total_timesteps | 224600   |
| train/             |          |
|    actor_loss      | -0.517   |
|    critic_loss     | 0.0145   |
|    ent_coef        | 0.0018   |
|    ent_coef_loss   | 0.0908   |
|    learning_rate   | 0.0003   |
|    n_updates       | 214590   |
---------------------------------
---------------------------------
| rollout/           |          |
|    ep_len_mean     | 57.7     |
|    ep_rew_mean     | 1.73     |
| time/              |          |
|    episodes        | 4128     |
|    fps             | 16       |
|    time_elapsed    | 13708    |
|    total_timesteps | 224780   |
| train/             |          |
|    actor_loss      | -0.463   |
|    critic_loss     | 0.0167   |
|    ent_coef        | 0.0018   |
|    ent_coef_loss   | -0.204   |
|    learning_rate   | 0.0003   |
|    n_updates       | 214770   |
---------------------------------
---------------------------------
| rollout/           |          |
|    ep_len_mean     | 57.8     |
|    ep_rew_mean     | 4.84     |
| time/              |          |
|    episodes        | 4132     |
|    fps             | 16       |
|    time_elapsed    | 13728    |
|    total_timesteps | 225080   |
| train/             |          |
|    actor_loss      | -0.463   |
|    critic_loss     | 0.0192   |
|    ent_coef        | 0.00182  |
|    ent_coef_loss   | -0.0927  |
|    learning_rate   | 0.0003   |
|    n_updates       | 215070   |
---------------------------------
---------------------------------
| rollout/           |          |
|    ep_len_mean     | 57.3     |
|    ep_rew_mean     | -3.62    |
| time/              |          |
|    episodes        | 4136     |
|    fps             | 16       |
|    time_elapsed    | 13745    |
|    total_timesteps | 225330   |
| train/             |          |
|    actor_loss      | -0.426   |
|    critic_loss     | 0.021    |
|    ent_coef        | 0.0018   |
|    ent_coef_loss   | -0.164   |
|    learning_rate   | 0.0003   |
|    n_updates       | 215320   |
---------------------------------
---------------------------------
| rollout/           |          |
|    ep_len_mean     | 57.1     |
|    ep_rew_mean     | -2.77    |
| time/              |          |
|    episodes        | 4140     |
|    fps             | 16       |
|    time_elapsed    | 13756    |
|    total_timesteps | 225480   |
| train/             |          |
|    actor_loss      | -0.484   |
|    critic_loss     | 0.0181   |
|    ent_coef        | 0.00179  |
|    ent_coef_loss   | -0.591   |
|    learning_rate   | 0.0003   |
|    n_updates       | 215470   |
---------------------------------
---------------------------------
| rollout/           |          |
|    ep_len_mean     | 57.4     |
|    ep_rew_mean     | 2.28     |
| time/              |          |
|    episodes        | 4144     |
|    fps             | 16       |
|    time_elapsed    | 13780    |
|    total_timesteps | 225780   |
| train/             |          |
|    actor_loss      | -0.499   |
|    critic_loss     | 0.0197   |
|    ent_coef        | 0.00175  |
|    ent_coef_loss   | 0.257    |
|    learning_rate   | 0.0003   |
|    n_updates       | 215770   |
---------------------------------
---------------------------------
| rollout/           |          |
|    ep_len_mean     | 58.2     |
|    ep_rew_mean     | 4.62     |
| time/              |          |
|    episodes        | 4148     |
|    fps             | 16       |
|    time_elapsed    | 13796    |
|    total_timesteps | 226000   |
| train/             |          |
|    actor_loss      | -0.401   |
|    critic_loss     | 0.0165   |
|    ent_coef        | 0.00179  |
|    ent_coef_loss   | 0.603    |
|    learning_rate   | 0.0003   |
|    n_updates       | 215990   |
---------------------------------
---------------------------------
| rollout/           |          |
|    ep_len_mean     | 58.5     |
|    ep_rew_mean     | 8.56     |
| time/              |          |
|    episodes        | 4152     |
|    fps             | 16       |
|    time_elapsed    | 13810    |
|    total_timesteps | 226220   |
| train/             |          |
|    actor_loss      | -0.407   |
|    critic_loss     | 0.0243   |
|    ent_coef        | 0.00181  |
|    ent_coef_loss   | 0.421    |
|    learning_rate   | 0.0003   |
|    n_updates       | 216210   |
---------------------------------
---------------------------------
| rollout/           |          |
|    ep_len_mean     | 58.2     |
|    ep_rew_mean     | 4.92     |
| time/              |          |
|    episodes        | 4156     |
|    fps             | 16       |
|    time_elapsed    | 13832    |
|    total_timesteps | 226550   |
| train/             |          |
|    actor_loss      | -0.482   |
|    critic_loss     | 0.0134   |
|    ent_coef        | 0.00183  |
|    ent_coef_loss   | 0.467    |
|    learning_rate   | 0.0003   |
|    n_updates       | 216540   |
---------------------------------
---------------------------------
| rollout/           |          |
|    ep_len_mean     | 58.4     |
|    ep_rew_mean     | 14.3     |
| time/              |          |
|    episodes        | 4160     |
|    fps             | 16       |
|    time_elapsed    | 13844    |
|    total_timesteps | 226720   |
| train/             |          |
|    actor_loss      | -0.409   |
|    critic_loss     | 0.0231   |
|    ent_coef        | 0.00182  |
|    ent_coef_loss   | -0.729   |
|    learning_rate   | 0.0003   |
|    n_updates       | 216710   |
---------------------------------
---------------------------------
| rollout/           |          |
|    ep_len_mean     | 58       |
|    ep_rew_mean     | 10.2     |
| time/              |          |
|    episodes        | 4164     |
|    fps             | 16       |
|    time_elapsed    | 13863    |
|    total_timesteps | 226960   |
| train/             |          |
|    actor_loss      | -0.459   |
|    critic_loss     | 0.0191   |
|    ent_coef        | 0.00183  |
|    ent_coef_loss   | 0.53     |
|    learning_rate   | 0.0003   |
|    n_updates       | 216950   |
---------------------------------
---------------------------------
| rollout/           |          |
|    ep_len_mean     | 58.1     |
|    ep_rew_mean     | 14.1     |
| time/              |          |
|    episodes        | 4168     |
|    fps             | 16       |
|    time_elapsed    | 13878    |
|    total_timesteps | 227190   |
| train/             |          |
|    actor_loss      | -0.469   |
|    critic_loss     | 0.0193   |
|    ent_coef        | 0.00184  |
|    ent_coef_loss   | 0.204    |
|    learning_rate   | 0.0003   |
|    n_updates       | 217180   |
---------------------------------
---------------------------------
| rollout/           |          |
|    ep_len_mean     | 57.9     |
|    ep_rew_mean     | 12.2     |
| time/              |          |
|    episodes        | 4172     |
|    fps             | 16       |
|    time_elapsed    | 13884    |
|    total_timesteps | 227280   |
| train/             |          |
|    actor_loss      | -0.462   |
|    critic_loss     | 0.0196   |
|    ent_coef        | 0.00185  |
|    ent_coef_loss   | 0.854    |
|    learning_rate   | 0.0003   |
|    n_updates       | 217270   |
---------------------------------
---------------------------------
| rollout/           |          |
|    ep_len_mean     | 57.6     |
|    ep_rew_mean     | 16.3     |
| time/              |          |
|    episodes        | 4176     |
|    fps             | 16       |
|    time_elapsed    | 13911    |
|    total_timesteps | 227690   |
| train/             |          |
|    actor_loss      | -0.421   |
|    critic_loss     | 0.019    |
|    ent_coef        | 0.00183  |
|    ent_coef_loss   | -0.901   |
|    learning_rate   | 0.0003   |
|    n_updates       | 217680   |
---------------------------------
---------------------------------
| rollout/           |          |
|    ep_len_mean     | 57.4     |
|    ep_rew_mean     | 15.2     |
| time/              |          |
|    episodes        | 4180     |
|    fps             | 16       |
|    time_elapsed    | 13917    |
|    total_timesteps | 227790   |
| train/             |          |
|    actor_loss      | -0.471   |
|    critic_loss     | 0.0186   |
|    ent_coef        | 0.0018   |
|    ent_coef_loss   | -0.736   |
|    learning_rate   | 0.0003   |
|    n_updates       | 217780   |
---------------------------------
---------------------------------
| rollout/           |          |
|    ep_len_mean     | 57.9     |
|    ep_rew_mean     | 19.5     |
| time/              |          |
|    episodes        | 4184     |
|    fps             | 16       |
|    time_elapsed    | 13923    |
|    total_timesteps | 227890   |
| train/             |          |
|    actor_loss      | -0.458   |
|    critic_loss     | 0.0218   |
|    ent_coef        | 0.00178  |
|    ent_coef_loss   | -0.125   |
|    learning_rate   | 0.0003   |
|    n_updates       | 217880   |
---------------------------------
---------------------------------
| rollout/           |          |
|    ep_len_mean     | 56.8     |
|    ep_rew_mean     | 7.57     |
| time/              |          |
|    episodes        | 4188     |
|    fps             | 16       |
|    time_elapsed    | 13943    |
|    total_timesteps | 228170   |
| train/             |          |
|    actor_loss      | -0.418   |
|    critic_loss     | 0.0217   |
|    ent_coef        | 0.00175  |
|    ent_coef_loss   | -0.642   |
|    learning_rate   | 0.0003   |
|    n_updates       | 218160   |
---------------------------------
---------------------------------
| rollout/           |          |
|    ep_len_mean     | 56.9     |
|    ep_rew_mean     | 6.54     |
| time/              |          |
|    episodes        | 4192     |
|    fps             | 16       |
|    time_elapsed    | 13965    |
|    total_timesteps | 228470   |
| train/             |          |
|    actor_loss      | -0.458   |
|    critic_loss     | 0.0146   |
|    ent_coef        | 0.00173  |
|    ent_coef_loss   | -0.27    |
|    learning_rate   | 0.0003   |
|    n_updates       | 218460   |
---------------------------------
---------------------------------
| rollout/           |          |
|    ep_len_mean     | 57.1     |
|    ep_rew_mean     | 11.6     |
| time/              |          |
|    episodes        | 4196     |
|    fps             | 16       |
|    time_elapsed    | 13979    |
|    total_timesteps | 228660   |
| train/             |          |
|    actor_loss      | -0.463   |
|    critic_loss     | 0.0196   |
|    ent_coef        | 0.00177  |
|    ent_coef_loss   | -0.167   |
|    learning_rate   | 0.0003   |
|    n_updates       | 218650   |
---------------------------------
---------------------------------
| rollout/           |          |
|    ep_len_mean     | 56.9     |
|    ep_rew_mean     | 7.49     |
| time/              |          |
|    episodes        | 4200     |
|    fps             | 16       |
|    time_elapsed    | 13995    |
|    total_timesteps | 228900   |
| train/             |          |
|    actor_loss      | -0.484   |
|    critic_loss     | 0.0199   |
|    ent_coef        | 0.0018   |
|    ent_coef_loss   | -0.11    |
|    learning_rate   | 0.0003   |
|    n_updates       | 218890   |
---------------------------------
---------------------------------
| rollout/           |          |
|    ep_len_mean     | 56.6     |
|    ep_rew_mean     | 2.07     |
| time/              |          |
|    episodes        | 4204     |
|    fps             | 16       |
|    time_elapsed    | 14006    |
|    total_timesteps | 229060   |
| train/             |          |
|    actor_loss      | -0.51    |
|    critic_loss     | 0.0155   |
|    ent_coef        | 0.00179  |
|    ent_coef_loss   | -0.519   |
|    learning_rate   | 0.0003   |
|    n_updates       | 219050   |
---------------------------------
---------------------------------
| rollout/           |          |
|    ep_len_mean     | 55.9     |
|    ep_rew_mean     | -5.3     |
| time/              |          |
|    episodes        | 4208     |
|    fps             | 16       |
|    time_elapsed    | 14019    |
|    total_timesteps | 229240   |
| train/             |          |
|    actor_loss      | -0.414   |
|    critic_loss     | 0.0198   |
|    ent_coef        | 0.00178  |
|    ent_coef_loss   | 0.0784   |
|    learning_rate   | 0.0003   |
|    n_updates       | 219230   |
---------------------------------
---------------------------------
| rollout/           |          |
|    ep_len_mean     | 56.1     |
|    ep_rew_mean     | 0.601    |
| time/              |          |
|    episodes        | 4212     |
|    fps             | 16       |
|    time_elapsed    | 14037    |
|    total_timesteps | 229500   |
| train/             |          |
|    actor_loss      | -0.485   |
|    critic_loss     | 0.0177   |
|    ent_coef        | 0.00183  |
|    ent_coef_loss   | 0.642    |
|    learning_rate   | 0.0003   |
|    n_updates       | 219490   |
---------------------------------
---------------------------------
| rollout/           |          |
|    ep_len_mean     | 55.9     |
|    ep_rew_mean     | 0.267    |
| time/              |          |
|    episodes        | 4216     |
|    fps             | 16       |
|    time_elapsed    | 14050    |
|    total_timesteps | 229680   |
| train/             |          |
|    actor_loss      | -0.433   |
|    critic_loss     | 0.02     |
|    ent_coef        | 0.00184  |
|    ent_coef_loss   | -0.625   |
|    learning_rate   | 0.0003   |
|    n_updates       | 219670   |
---------------------------------
---------------------------------
| rollout/           |          |
|    ep_len_mean     | 55.3     |
|    ep_rew_mean     | -11.1    |
| time/              |          |
|    episodes        | 4220     |
|    fps             | 16       |
|    time_elapsed    | 14063    |
|    total_timesteps | 229890   |
| train/             |          |
|    actor_loss      | -0.392   |
|    critic_loss     | 0.0191   |
|    ent_coef        | 0.00181  |
|    ent_coef_loss   | -0.801   |
|    learning_rate   | 0.0003   |
|    n_updates       | 219880   |
---------------------------------
---------------------------------
| rollout/           |          |
|    ep_len_mean     | 54.9     |
|    ep_rew_mean     | -15.6    |
| time/              |          |
|    episodes        | 4224     |
|    fps             | 16       |
|    time_elapsed    | 14079    |
|    total_timesteps | 230140   |
| train/             |          |
|    actor_loss      | -0.469   |
|    critic_loss     | 0.0155   |
|    ent_coef        | 0.00179  |
|    ent_coef_loss   | -0.693   |
|    learning_rate   | 0.0003   |
|    n_updates       | 220130   |
---------------------------------
---------------------------------
| rollout/           |          |
|    ep_len_mean     | 54.8     |
|    ep_rew_mean     | -20.9    |
| time/              |          |
|    episodes        | 4228     |
|    fps             | 16       |
|    time_elapsed    | 14092    |
|    total_timesteps | 230350   |
| train/             |          |
|    actor_loss      | -0.482   |
|    critic_loss     | 0.0147   |
|    ent_coef        | 0.00181  |
|    ent_coef_loss   | -0.663   |
|    learning_rate   | 0.0003   |
|    n_updates       | 220340   |
---------------------------------
---------------------------------
| rollout/           |          |
|    ep_len_mean     | 54.9     |
|    ep_rew_mean     | -27.5    |
| time/              |          |
|    episodes        | 4232     |
|    fps             | 16       |
|    time_elapsed    | 14111    |
|    total_timesteps | 230630   |
| train/             |          |
|    actor_loss      | -0.415   |
|    critic_loss     | 0.0185   |
|    ent_coef        | 0.00179  |
|    ent_coef_loss   | -0.238   |
|    learning_rate   | 0.0003   |
|    n_updates       | 220620   |
---------------------------------
---------------------------------
| rollout/           |          |
|    ep_len_mean     | 54.9     |
|    ep_rew_mean     | -27.8    |
| time/              |          |
|    episodes        | 4236     |
|    fps             | 16       |
|    time_elapsed    | 14114    |
|    total_timesteps | 230690   |
| train/             |          |
|    actor_loss      | -0.448   |
|    critic_loss     | 0.0269   |
|    ent_coef        | 0.00179  |
|    ent_coef_loss   | -0.0646  |
|    learning_rate   | 0.0003   |
|    n_updates       | 220680   |
---------------------------------
---------------------------------
| rollout/           |          |
|    ep_len_mean     | 54.4     |
|    ep_rew_mean     | -31.1    |
| time/              |          |
|    episodes        | 4240     |
|    fps             | 16       |
|    time_elapsed    | 14124    |
|    total_timesteps | 230850   |
| train/             |          |
|    actor_loss      | -0.511   |
|    critic_loss     | 0.0129   |
|    ent_coef        | 0.00177  |
|    ent_coef_loss   | -0.209   |
|    learning_rate   | 0.0003   |
|    n_updates       | 220840   |
---------------------------------
---------------------------------
| rollout/           |          |
|    ep_len_mean     | 53.8     |
|    ep_rew_mean     | -38.6    |
| time/              |          |
|    episodes        | 4244     |
|    fps             | 16       |
|    time_elapsed    | 14144    |
|    total_timesteps | 231170   |
| train/             |          |
|    actor_loss      | -0.401   |
|    critic_loss     | 0.0201   |
|    ent_coef        | 0.0018   |
|    ent_coef_loss   | 0.382    |
|    learning_rate   | 0.0003   |
|    n_updates       | 221160   |
---------------------------------
---------------------------------
| rollout/           |          |
|    ep_len_mean     | 52.9     |
|    ep_rew_mean     | -36.8    |
| time/              |          |
|    episodes        | 4248     |
|    fps             | 16       |
|    time_elapsed    | 14151    |
|    total_timesteps | 231280   |
| train/             |          |
|    actor_loss      | -0.42    |
|    critic_loss     | 0.0173   |
|    ent_coef        | 0.00184  |
|    ent_coef_loss   | 1.18     |
|    learning_rate   | 0.0003   |
|    n_updates       | 221270   |
---------------------------------
---------------------------------
| rollout/           |          |
|    ep_len_mean     | 52.2     |
|    ep_rew_mean     | -40.8    |
| time/              |          |
|    episodes        | 4252     |
|    fps             | 16       |
|    time_elapsed    | 14158    |
|    total_timesteps | 231400   |
| train/             |          |
|    actor_loss      | -0.45    |
|    critic_loss     | 0.0209   |
|    ent_coef        | 0.00186  |
|    ent_coef_loss   | 0.194    |
|    learning_rate   | 0.0003   |
|    n_updates       | 221390   |
---------------------------------
---------------------------------
| rollout/           |          |
|    ep_len_mean     | 52.4     |
|    ep_rew_mean     | -39.8    |
| time/              |          |
|    episodes        | 4256     |
|    fps             | 16       |
|    time_elapsed    | 14182    |
|    total_timesteps | 231780   |
| train/             |          |
|    actor_loss      | -0.435   |
|    critic_loss     | 0.0164   |
|    ent_coef        | 0.0018   |
|    ent_coef_loss   | -0.663   |
|    learning_rate   | 0.0003   |
|    n_updates       | 221770   |
---------------------------------
---------------------------------
| rollout/           |          |
|    ep_len_mean     | 52.2     |
|    ep_rew_mean     | -45.1    |
| time/              |          |
|    episodes        | 4260     |
|    fps             | 16       |
|    time_elapsed    | 14192    |
|    total_timesteps | 231930   |
| train/             |          |
|    actor_loss      | -0.436   |
|    critic_loss     | 0.0163   |
|    ent_coef        | 0.00176  |
|    ent_coef_loss   | -0.024   |
|    learning_rate   | 0.0003   |
|    n_updates       | 221920   |
---------------------------------
---------------------------------
| rollout/           |          |
|    ep_len_mean     | 51.7     |
|    ep_rew_mean     | -49.5    |
| time/              |          |
|    episodes        | 4264     |
|    fps             | 16       |
|    time_elapsed    | 14198    |
|    total_timesteps | 232020   |
| train/             |          |
|    actor_loss      | -0.459   |
|    critic_loss     | 0.0176   |
|    ent_coef        | 0.00177  |
|    ent_coef_loss   | 0.337    |
|    learning_rate   | 0.0003   |
|    n_updates       | 222010   |
---------------------------------
---------------------------------
| rollout/           |          |
|    ep_len_mean     | 50.6     |
|    ep_rew_mean     | -62      |
| time/              |          |
|    episodes        | 4268     |
|    fps             | 16       |
|    time_elapsed    | 14213    |
|    total_timesteps | 232260   |
| train/             |          |
|    actor_loss      | -0.483   |
|    critic_loss     | 0.0203   |
|    ent_coef        | 0.00177  |
|    ent_coef_loss   | -0.113   |
|    learning_rate   | 0.0003   |
|    n_updates       | 222250   |
---------------------------------
---------------------------------
| rollout/           |          |
|    ep_len_mean     | 51       |
|    ep_rew_mean     | -60.4    |
| time/              |          |
|    episodes        | 4272     |
|    fps             | 16       |
|    time_elapsed    | 14230    |
|    total_timesteps | 232510   |
| train/             |          |
|    actor_loss      | -0.392   |
|    critic_loss     | 0.0185   |
|    ent_coef        | 0.00179  |
|    ent_coef_loss   | -0.0759  |
|    learning_rate   | 0.0003   |
|    n_updates       | 222500   |
---------------------------------
---------------------------------
| rollout/           |          |
|    ep_len_mean     | 50.9     |
|    ep_rew_mean     | -63.8    |
| time/              |          |
|    episodes        | 4276     |
|    fps             | 16       |
|    time_elapsed    | 14232    |
|    total_timesteps | 232540   |
| train/             |          |
|    actor_loss      | -0.476   |
|    critic_loss     | 0.0228   |
|    ent_coef        | 0.00179  |
|    ent_coef_loss   | 0.183    |
|    learning_rate   | 0.0003   |
|    n_updates       | 222530   |
---------------------------------
---------------------------------
| rollout/           |          |
|    ep_len_mean     | 50.6     |
|    ep_rew_mean     | -67.3    |
| time/              |          |
|    episodes        | 4280     |
|    fps             | 16       |
|    time_elapsed    | 14254    |
|    total_timesteps | 232880   |
| train/             |          |
|    actor_loss      | -0.457   |
|    critic_loss     | 0.0203   |
|    ent_coef        | 0.00177  |
|    ent_coef_loss   | -0.723   |
|    learning_rate   | 0.0003   |
|    n_updates       | 222870   |
---------------------------------
---------------------------------
| rollout/           |          |
|    ep_len_mean     | 50.2     |
|    ep_rew_mean     | -73.5    |
| time/              |          |
|    episodes        | 4284     |
|    fps             | 16       |
|    time_elapsed    | 14265    |
|    total_timesteps | 233060   |
| train/             |          |
|    actor_loss      | -0.421   |
|    critic_loss     | 0.0163   |
|    ent_coef        | 0.00176  |
|    ent_coef_loss   | 0.258    |
|    learning_rate   | 0.0003   |
|    n_updates       | 223050   |
---------------------------------
---------------------------------
| rollout/           |          |
|    ep_len_mean     | 50.9     |
|    ep_rew_mean     | -64.8    |
| time/              |          |
|    episodes        | 4288     |
|    fps             | 16       |
|    time_elapsed    | 14274    |
|    total_timesteps | 233200   |
| train/             |          |
|    actor_loss      | -0.503   |
|    critic_loss     | 0.0161   |
|    ent_coef        | 0.00177  |
|    ent_coef_loss   | -0.216   |
|    learning_rate   | 0.0003   |
|    n_updates       | 223190   |
---------------------------------
---------------------------------
| rollout/           |          |
|    ep_len_mean     | 50       |
|    ep_rew_mean     | -72.9    |
| time/              |          |
|    episodes        | 4292     |
|    fps             | 16       |
|    time_elapsed    | 14288    |
|    total_timesteps | 233420   |
| train/             |          |
|    actor_loss      | -0.449   |
|    critic_loss     | 0.0237   |
|    ent_coef        | 0.00177  |
|    ent_coef_loss   | 0.315    |
|    learning_rate   | 0.0003   |
|    n_updates       | 223410   |
---------------------------------
---------------------------------
| rollout/           |          |
|    ep_len_mean     | 49.3     |
|    ep_rew_mean     | -81.4    |
| time/              |          |
|    episodes        | 4296     |
|    fps             | 16       |
|    time_elapsed    | 14296    |
|    total_timesteps | 233540   |
| train/             |          |
|    actor_loss      | -0.495   |
|    critic_loss     | 0.0227   |
|    ent_coef        | 0.00179  |
|    ent_coef_loss   | 0.317    |
|    learning_rate   | 0.0003   |
|    n_updates       | 223530   |
---------------------------------
---------------------------------
| rollout/           |          |
|    ep_len_mean     | 48.9     |
|    ep_rew_mean     | -85.4    |
| time/              |          |
|    episodes        | 4300     |
|    fps             | 16       |
|    time_elapsed    | 14306    |
|    total_timesteps | 233700   |
| train/             |          |
|    actor_loss      | -0.394   |
|    critic_loss     | 0.0212   |
|    ent_coef        | 0.00176  |
|    ent_coef_loss   | 0.035    |
|    learning_rate   | 0.0003   |
|    n_updates       | 223690   |
---------------------------------
---------------------------------
| rollout/           |          |
|    ep_len_mean     | 48       |
|    ep_rew_mean     | -93.1    |
| time/              |          |
|    episodes        | 4304     |
|    fps             | 16       |
|    time_elapsed    | 14318    |
|    total_timesteps | 233890   |
| train/             |          |
|    actor_loss      | -0.43    |
|    critic_loss     | 0.0141   |
|    ent_coef        | 0.00176  |
|    ent_coef_loss   | 0.542    |
|    learning_rate   | 0.0003   |
|    n_updates       | 223880   |
---------------------------------
---------------------------------
| rollout/           |          |
|    ep_len_mean     | 48       |
|    ep_rew_mean     | -93.1    |
| time/              |          |
|    episodes        | 4308     |
|    fps             | 16       |
|    time_elapsed    | 14326    |
|    total_timesteps | 234020   |
| train/             |          |
|    actor_loss      | -0.403   |
|    critic_loss     | 0.0219   |
|    ent_coef        | 0.00178  |
|    ent_coef_loss   | -0.0755  |
|    learning_rate   | 0.0003   |
|    n_updates       | 224010   |
---------------------------------
---------------------------------
| rollout/           |          |
|    ep_len_mean     | 47.4     |
|    ep_rew_mean     | -97.9    |
| time/              |          |
|    episodes        | 4312     |
|    fps             | 16       |
|    time_elapsed    | 14333    |
|    total_timesteps | 234130   |
| train/             |          |
|    actor_loss      | -0.404   |
|    critic_loss     | 0.0171   |
|    ent_coef        | 0.00178  |
|    ent_coef_loss   | 0.595    |
|    learning_rate   | 0.0003   |
|    n_updates       | 224120   |
---------------------------------
---------------------------------
| rollout/           |          |
|    ep_len_mean     | 46.8     |
|    ep_rew_mean     | -101     |
| time/              |          |
|    episodes        | 4316     |
|    fps             | 16       |
|    time_elapsed    | 14352    |
|    total_timesteps | 234420   |
| train/             |          |
|    actor_loss      | -0.44    |
|    critic_loss     | 0.0184   |
|    ent_coef        | 0.00183  |
|    ent_coef_loss   | 0.231    |
|    learning_rate   | 0.0003   |
|    n_updates       | 224410   |
---------------------------------
---------------------------------
| rollout/           |          |
|    ep_len_mean     | 46.7     |
|    ep_rew_mean     | -98.1    |
| time/              |          |
|    episodes        | 4320     |
|    fps             | 16       |
|    time_elapsed    | 14366    |
|    total_timesteps | 234630   |
| train/             |          |
|    actor_loss      | -0.449   |
|    critic_loss     | 0.0173   |
|    ent_coef        | 0.00185  |
|    ent_coef_loss   | -1.01    |
|    learning_rate   | 0.0003   |
|    n_updates       | 224620   |
---------------------------------
---------------------------------
| rollout/           |          |
|    ep_len_mean     | 47.2     |
|    ep_rew_mean     | -92.6    |
| time/              |          |
|    episodes        | 4324     |
|    fps             | 16       |
|    time_elapsed    | 14372    |
|    total_timesteps | 234730   |
| train/             |          |
|    actor_loss      | -0.495   |
|    critic_loss     | 0.0183   |
|    ent_coef        | 0.00187  |
|    ent_coef_loss   | -0.37    |
|    learning_rate   | 0.0003   |
|    n_updates       | 224720   |
---------------------------------
---------------------------------
| rollout/           |          |
|    ep_len_mean     | 47.3     |
|    ep_rew_mean     | -88.1    |
| time/              |          |
|    episodes        | 4328     |
|    fps             | 16       |
|    time_elapsed    | 14399    |
|    total_timesteps | 235170   |
| train/             |          |
|    actor_loss      | -0.433   |
|    critic_loss     | 0.0168   |
|    ent_coef        | 0.00186  |
|    ent_coef_loss   | -0.584   |
|    learning_rate   | 0.0003   |
|    n_updates       | 225160   |
---------------------------------
---------------------------------
| rollout/           |          |
|    ep_len_mean     | 47.2     |
|    ep_rew_mean     | -80.5    |
| time/              |          |
|    episodes        | 4332     |
|    fps             | 16       |
|    time_elapsed    | 14406    |
|    total_timesteps | 235270   |
| train/             |          |
|    actor_loss      | -0.457   |
|    critic_loss     | 0.0171   |
|    ent_coef        | 0.00184  |
|    ent_coef_loss   | -0.647   |
|    learning_rate   | 0.0003   |
|    n_updates       | 225260   |
---------------------------------
---------------------------------
| rollout/           |          |
|    ep_len_mean     | 47.2     |
|    ep_rew_mean     | -75.4    |
| time/              |          |
|    episodes        | 4336     |
|    fps             | 16       |
|    time_elapsed    | 14412    |
|    total_timesteps | 235360   |
| train/             |          |
|    actor_loss      | -0.434   |
|    critic_loss     | 0.02     |
|    ent_coef        | 0.00182  |
|    ent_coef_loss   | 0.0505   |
|    learning_rate   | 0.0003   |
|    n_updates       | 225350   |
---------------------------------
---------------------------------
| rollout/           |          |
|    ep_len_mean     | 47.5     |
|    ep_rew_mean     | -76.2    |
| time/              |          |
|    episodes        | 4340     |
|    fps             | 16       |
|    time_elapsed    | 14437    |
|    total_timesteps | 235760   |
| train/             |          |
|    actor_loss      | -0.43    |
|    critic_loss     | 0.0198   |
|    ent_coef        | 0.00182  |
|    ent_coef_loss   | 0.512    |
|    learning_rate   | 0.0003   |
|    n_updates       | 225750   |
---------------------------------
---------------------------------
| rollout/           |          |
|    ep_len_mean     | 48.3     |
|    ep_rew_mean     | -69.4    |
| time/              |          |
|    episodes        | 4344     |
|    fps             | 16       |
|    time_elapsed    | 14449    |
|    total_timesteps | 235940   |
| train/             |          |
|    actor_loss      | -0.413   |
|    critic_loss     | 0.0158   |
|    ent_coef        | 0.00183  |
|    ent_coef_loss   | 0.563    |
|    learning_rate   | 0.0003   |
|    n_updates       | 225930   |
---------------------------------
---------------------------------
| rollout/           |          |
|    ep_len_mean     | 48.1     |
|    ep_rew_mean     | -72.9    |
| time/              |          |
|    episodes        | 4348     |
|    fps             | 16       |
|    time_elapsed    | 14457    |
|    total_timesteps | 236050   |
| train/             |          |
|    actor_loss      | -0.442   |
|    critic_loss     | 0.0224   |
|    ent_coef        | 0.00183  |
|    ent_coef_loss   | -0.165   |
|    learning_rate   | 0.0003   |
|    n_updates       | 226040   |
---------------------------------
---------------------------------
| rollout/           |          |
|    ep_len_mean     | 48       |
|    ep_rew_mean     | -76.7    |
| time/              |          |
|    episodes        | 4352     |
|    fps             | 16       |
|    time_elapsed    | 14470    |
|    total_timesteps | 236260   |
| train/             |          |
|    actor_loss      | -0.394   |
|    critic_loss     | 0.0183   |
|    ent_coef        | 0.00183  |
|    ent_coef_loss   | 0.221    |
|    learning_rate   | 0.0003   |
|    n_updates       | 226250   |
---------------------------------
---------------------------------
| rollout/           |          |
|    ep_len_mean     | 47.9     |
|    ep_rew_mean     | -76.7    |
| time/              |          |
|    episodes        | 4356     |
|    fps             | 16       |
|    time_elapsed    | 14488    |
|    total_timesteps | 236540   |
| train/             |          |
|    actor_loss      | -0.436   |
|    critic_loss     | 0.0208   |
|    ent_coef        | 0.00179  |
|    ent_coef_loss   | -0.114   |
|    learning_rate   | 0.0003   |
|    n_updates       | 226530   |
---------------------------------
---------------------------------
| rollout/           |          |
|    ep_len_mean     | 47.7     |
|    ep_rew_mean     | -74.4    |
| time/              |          |
|    episodes        | 4360     |
|    fps             | 16       |
|    time_elapsed    | 14497    |
|    total_timesteps | 236670   |
| train/             |          |
|    actor_loss      | -0.438   |
|    critic_loss     | 0.021    |
|    ent_coef        | 0.00176  |
|    ent_coef_loss   | -0.153   |
|    learning_rate   | 0.0003   |
|    n_updates       | 226660   |
---------------------------------
---------------------------------
| rollout/           |          |
|    ep_len_mean     | 47.8     |
|    ep_rew_mean     | -74.4    |
| time/              |          |
|    episodes        | 4364     |
|    fps             | 16       |
|    time_elapsed    | 14514    |
|    total_timesteps | 236930   |
| train/             |          |
|    actor_loss      | -0.383   |
|    critic_loss     | 0.0323   |
|    ent_coef        | 0.00177  |
|    ent_coef_loss   | 0.297    |
|    learning_rate   | 0.0003   |
|    n_updates       | 226920   |
---------------------------------
---------------------------------
| rollout/           |          |
|    ep_len_mean     | 48.3     |
|    ep_rew_mean     | -71.2    |
| time/              |          |
|    episodes        | 4368     |
|    fps             | 16       |
|    time_elapsed    | 14517    |
|    total_timesteps | 236980   |
| train/             |          |
|    actor_loss      | -0.41    |
|    critic_loss     | 0.0149   |
|    ent_coef        | 0.00178  |
|    ent_coef_loss   | 0.797    |
|    learning_rate   | 0.0003   |
|    n_updates       | 226970   |
---------------------------------
---------------------------------
| rollout/           |          |
|    ep_len_mean     | 47.3     |
|    ep_rew_mean     | -76      |
| time/              |          |
|    episodes        | 4372     |
|    fps             | 16       |
|    time_elapsed    | 14530    |
|    total_timesteps | 237180   |
| train/             |          |
|    actor_loss      | -0.436   |
|    critic_loss     | 0.026    |
|    ent_coef        | 0.0018   |
|    ent_coef_loss   | -0.00454 |
|    learning_rate   | 0.0003   |
|    n_updates       | 227170   |
---------------------------------
---------------------------------
| rollout/           |          |
|    ep_len_mean     | 47.7     |
|    ep_rew_mean     | -71.5    |
| time/              |          |
|    episodes        | 4376     |
|    fps             | 16       |
|    time_elapsed    | 14547    |
|    total_timesteps | 237450   |
| train/             |          |
|    actor_loss      | -0.41    |
|    critic_loss     | 0.0251   |
|    ent_coef        | 0.00178  |
|    ent_coef_loss   | -0.241   |
|    learning_rate   | 0.0003   |
|    n_updates       | 227440   |
---------------------------------
---------------------------------
| rollout/           |          |
|    ep_len_mean     | 48.1     |
|    ep_rew_mean     | -67.5    |
| time/              |          |
|    episodes        | 4380     |
|    fps             | 16       |
|    time_elapsed    | 14557    |
|    total_timesteps | 237610   |
| train/             |          |
|    actor_loss      | -0.458   |
|    critic_loss     | 0.0286   |
|    ent_coef        | 0.00178  |
|    ent_coef_loss   | 0.566    |
|    learning_rate   | 0.0003   |
|    n_updates       | 227600   |
---------------------------------
---------------------------------
| rollout/           |          |
|    ep_len_mean     | 48.5     |
|    ep_rew_mean     | -60.9    |
| time/              |          |
|    episodes        | 4384     |
|    fps             | 16       |
|    time_elapsed    | 14572    |
|    total_timesteps | 237870   |
| train/             |          |
|    actor_loss      | -0.457   |
|    critic_loss     | 0.0207   |
|    ent_coef        | 0.00183  |
|    ent_coef_loss   | 0.0745   |
|    learning_rate   | 0.0003   |
|    n_updates       | 227860   |
---------------------------------
---------------------------------
| rollout/           |          |
|    ep_len_mean     | 48.8     |
|    ep_rew_mean     | -56.9    |
| time/              |          |
|    episodes        | 4388     |
|    fps             | 16       |
|    time_elapsed    | 14592    |
|    total_timesteps | 238180   |
| train/             |          |
|    actor_loss      | -0.475   |
|    critic_loss     | 0.0179   |
|    ent_coef        | 0.00183  |
|    ent_coef_loss   | -0.544   |
|    learning_rate   | 0.0003   |
|    n_updates       | 228170   |
---------------------------------
---------------------------------
| rollout/           |          |
|    ep_len_mean     | 49.6     |
|    ep_rew_mean     | -48.1    |
| time/              |          |
|    episodes        | 4392     |
|    fps             | 16       |
|    time_elapsed    | 14605    |
|    total_timesteps | 238380   |
| train/             |          |
|    actor_loss      | -0.473   |
|    critic_loss     | 0.0231   |
|    ent_coef        | 0.00181  |
|    ent_coef_loss   | -0.396   |
|    learning_rate   | 0.0003   |
|    n_updates       | 228370   |
---------------------------------
---------------------------------
| rollout/           |          |
|    ep_len_mean     | 50.2     |
|    ep_rew_mean     | -38.2    |
| time/              |          |
|    episodes        | 4396     |
|    fps             | 16       |
|    time_elapsed    | 14615    |
|    total_timesteps | 238540   |
| train/             |          |
|    actor_loss      | -0.4     |
|    critic_loss     | 0.0251   |
|    ent_coef        | 0.0018   |
|    ent_coef_loss   | -0.115   |
|    learning_rate   | 0.0003   |
|    n_updates       | 228530   |
---------------------------------
---------------------------------
| rollout/           |          |
|    ep_len_mean     | 50.9     |
|    ep_rew_mean     | -29.5    |
| time/              |          |
|    episodes        | 4400     |
|    fps             | 16       |
|    time_elapsed    | 14637    |
|    total_timesteps | 238890   |
| train/             |          |
|    actor_loss      | -0.385   |
|    critic_loss     | 0.0199   |
|    ent_coef        | 0.00179  |
|    ent_coef_loss   | 1.3      |
|    learning_rate   | 0.0003   |
|    n_updates       | 228880   |
---------------------------------
---------------------------------
| rollout/           |          |
|    ep_len_mean     | 51.4     |
|    ep_rew_mean     | -26.3    |
| time/              |          |
|    episodes        | 4404     |
|    fps             | 16       |
|    time_elapsed    | 14643    |
|    total_timesteps | 238980   |
| train/             |          |
|    actor_loss      | -0.434   |
|    critic_loss     | 0.0172   |
|    ent_coef        | 0.00181  |
|    ent_coef_loss   | -0.203   |
|    learning_rate   | 0.0003   |
|    n_updates       | 228970   |
---------------------------------
---------------------------------
| rollout/           |          |
|    ep_len_mean     | 51.8     |
|    ep_rew_mean     | -22.6    |
| time/              |          |
|    episodes        | 4408     |
|    fps             | 16       |
|    time_elapsed    | 14654    |
|    total_timesteps | 239160   |
| train/             |          |
|    actor_loss      | -0.46    |
|    critic_loss     | 0.0162   |
|    ent_coef        | 0.00178  |
|    ent_coef_loss   | -0.633   |
|    learning_rate   | 0.0003   |
|    n_updates       | 229150   |
---------------------------------
---------------------------------
| rollout/           |          |
|    ep_len_mean     | 51.6     |
|    ep_rew_mean     | -23.2    |
| time/              |          |
|    episodes        | 4412     |
|    fps             | 16       |
|    time_elapsed    | 14670    |
|    total_timesteps | 239430   |
| train/             |          |
|    actor_loss      | -0.421   |
|    critic_loss     | 0.0212   |
|    ent_coef        | 0.00178  |
|    ent_coef_loss   | 0.0896   |
|    learning_rate   | 0.0003   |
|    n_updates       | 229420   |
---------------------------------
---------------------------------
| rollout/           |          |
|    ep_len_mean     | 51.7     |
|    ep_rew_mean     | -23.5    |
| time/              |          |
|    episodes        | 4416     |
|    fps             | 16       |
|    time_elapsed    | 14680    |
|    total_timesteps | 239580   |
| train/             |          |
|    actor_loss      | -0.392   |
|    critic_loss     | 0.0224   |
|    ent_coef        | 0.00178  |
|    ent_coef_loss   | -0.232   |
|    learning_rate   | 0.0003   |
|    n_updates       | 229570   |
---------------------------------
---------------------------------
| rollout/           |          |
|    ep_len_mean     | 52.3     |
|    ep_rew_mean     | -18.9    |
| time/              |          |
|    episodes        | 4420     |
|    fps             | 16       |
|    time_elapsed    | 14685    |
|    total_timesteps | 239660   |
| train/             |          |
|    actor_loss      | -0.42    |
|    critic_loss     | 0.0226   |
|    ent_coef        | 0.00178  |
|    ent_coef_loss   | -0.324   |
|    learning_rate   | 0.0003   |
|    n_updates       | 229650   |
---------------------------------
---------------------------------
| rollout/           |          |
|    ep_len_mean     | 51.9     |
|    ep_rew_mean     | -23.3    |
| time/              |          |
|    episodes        | 4424     |
|    fps             | 16       |
|    time_elapsed    | 14710    |
|    total_timesteps | 240050   |
| train/             |          |
|    actor_loss      | -0.395   |
|    critic_loss     | 0.0159   |
|    ent_coef        | 0.00173  |
|    ent_coef_loss   | 0.102    |
|    learning_rate   | 0.0003   |
|    n_updates       | 230040   |
---------------------------------
---------------------------------
| rollout/           |          |
|    ep_len_mean     | 51.8     |
|    ep_rew_mean     | -22.8    |
| time/              |          |
|    episodes        | 4428     |
|    fps             | 16       |
|    time_elapsed    | 14721    |
|    total_timesteps | 240230   |
| train/             |          |
|    actor_loss      | -0.404   |
|    critic_loss     | 0.021    |
|    ent_coef        | 0.0017   |
|    ent_coef_loss   | 0.0207   |
|    learning_rate   | 0.0003   |
|    n_updates       | 230220   |
---------------------------------
---------------------------------
| rollout/           |          |
|    ep_len_mean     | 51.9     |
|    ep_rew_mean     | -18.7    |
| time/              |          |
|    episodes        | 4432     |
|    fps             | 16       |
|    time_elapsed    | 14733    |
|    total_timesteps | 240420   |
| train/             |          |
|    actor_loss      | -0.404   |
|    critic_loss     | 0.025    |
|    ent_coef        | 0.00172  |
|    ent_coef_loss   | 0.557    |
|    learning_rate   | 0.0003   |
|    n_updates       | 230410   |
---------------------------------
---------------------------------
| rollout/           |          |
|    ep_len_mean     | 52       |
|    ep_rew_mean     | -19.1    |
| time/              |          |
|    episodes        | 4436     |
|    fps             | 16       |
|    time_elapsed    | 14755    |
|    total_timesteps | 240740   |
| train/             |          |
|    actor_loss      | -0.42    |
|    critic_loss     | 0.0235   |
|    ent_coef        | 0.00175  |
|    ent_coef_loss   | 0.432    |
|    learning_rate   | 0.0003   |
|    n_updates       | 230730   |
---------------------------------
---------------------------------
| rollout/           |          |
|    ep_len_mean     | 52.4     |
|    ep_rew_mean     | -10.7    |
| time/              |          |
|    episodes        | 4440     |
|    fps             | 16       |
|    time_elapsed    | 14765    |
|    total_timesteps | 240890   |
| train/             |          |
|    actor_loss      | -0.479   |
|    critic_loss     | 0.0153   |
|    ent_coef        | 0.00177  |
|    ent_coef_loss   | 0.13     |
|    learning_rate   | 0.0003   |
|    n_updates       | 230880   |
---------------------------------
---------------------------------
| rollout/           |          |
|    ep_len_mean     | 51.9     |
|    ep_rew_mean     | -13.3    |
| time/              |          |
|    episodes        | 4444     |
|    fps             | 16       |
|    time_elapsed    | 14780    |
|    total_timesteps | 241140   |
| train/             |          |
|    actor_loss      | -0.448   |
|    critic_loss     | 0.0197   |
|    ent_coef        | 0.00177  |
|    ent_coef_loss   | 0.062    |
|    learning_rate   | 0.0003   |
|    n_updates       | 231130   |
---------------------------------
---------------------------------
| rollout/           |          |
|    ep_len_mean     | 52.5     |
|    ep_rew_mean     | -5.8     |
| time/              |          |
|    episodes        | 4448     |
|    fps             | 16       |
|    time_elapsed    | 14799    |
|    total_timesteps | 241430   |
| train/             |          |
|    actor_loss      | -0.426   |
|    critic_loss     | 0.0202   |
|    ent_coef        | 0.00184  |
|    ent_coef_loss   | 0.217    |
|    learning_rate   | 0.0003   |
|    n_updates       | 231420   |
---------------------------------
---------------------------------
| rollout/           |          |
|    ep_len_mean     | 53.7     |
|    ep_rew_mean     | 7.18     |
| time/              |          |
|    episodes        | 4452     |
|    fps             | 16       |
|    time_elapsed    | 14812    |
|    total_timesteps | 241640   |
| train/             |          |
|    actor_loss      | -0.39    |
|    critic_loss     | 0.0275   |
|    ent_coef        | 0.00185  |
|    ent_coef_loss   | 0.111    |
|    learning_rate   | 0.0003   |
|    n_updates       | 231630   |
---------------------------------
---------------------------------
| rollout/           |          |
|    ep_len_mean     | 53.4     |
|    ep_rew_mean     | 6.34     |
| time/              |          |
|    episodes        | 4456     |
|    fps             | 16       |
|    time_elapsed    | 14825    |
|    total_timesteps | 241820   |
| train/             |          |
|    actor_loss      | -0.456   |
|    critic_loss     | 0.0208   |
|    ent_coef        | 0.0018   |
|    ent_coef_loss   | -0.963   |
|    learning_rate   | 0.0003   |
|    n_updates       | 231810   |
---------------------------------
---------------------------------
| rollout/           |          |
|    ep_len_mean     | 53.6     |
|    ep_rew_mean     | 5.3      |
| time/              |          |
|    episodes        | 4460     |
|    fps             | 16       |
|    time_elapsed    | 14840    |
|    total_timesteps | 242050   |
| train/             |          |
|    actor_loss      | -0.47    |
|    critic_loss     | 0.0274   |
|    ent_coef        | 0.00184  |
|    ent_coef_loss   | -0.237   |
|    learning_rate   | 0.0003   |
|    n_updates       | 232040   |
---------------------------------
---------------------------------
| rollout/           |          |
|    ep_len_mean     | 53.8     |
|    ep_rew_mean     | 6.92     |
| time/              |          |
|    episodes        | 4464     |
|    fps             | 16       |
|    time_elapsed    | 14858    |
|    total_timesteps | 242330   |
| train/             |          |
|    actor_loss      | -0.434   |
|    critic_loss     | 0.0163   |
|    ent_coef        | 0.00183  |
|    ent_coef_loss   | -0.503   |
|    learning_rate   | 0.0003   |
|    n_updates       | 232320   |
---------------------------------
---------------------------------
| rollout/           |          |
|    ep_len_mean     | 54.5     |
|    ep_rew_mean     | 15.9     |
| time/              |          |
|    episodes        | 4468     |
|    fps             | 16       |
|    time_elapsed    | 14872    |
|    total_timesteps | 242560   |
| train/             |          |
|    actor_loss      | -0.45    |
|    critic_loss     | 0.0252   |
|    ent_coef        | 0.00181  |
|    ent_coef_loss   | -0.0479  |
|    learning_rate   | 0.0003   |
|    n_updates       | 232550   |
---------------------------------
---------------------------------
| rollout/           |          |
|    ep_len_mean     | 55       |
|    ep_rew_mean     | 20.9     |
| time/              |          |
|    episodes        | 4472     |
|    fps             | 16       |
|    time_elapsed    | 14878    |
|    total_timesteps | 242650   |
| train/             |          |
|    actor_loss      | -0.395   |
|    critic_loss     | 0.0239   |
|    ent_coef        | 0.0018   |
|    ent_coef_loss   | 0.0976   |
|    learning_rate   | 0.0003   |
|    n_updates       | 232640   |
---------------------------------
---------------------------------
| rollout/           |          |
|    ep_len_mean     | 54.7     |
|    ep_rew_mean     | 10       |
| time/              |          |
|    episodes        | 4476     |
|    fps             | 16       |
|    time_elapsed    | 14891    |
|    total_timesteps | 242860   |
| train/             |          |
|    actor_loss      | -0.477   |
|    critic_loss     | 0.0149   |
|    ent_coef        | 0.00176  |
|    ent_coef_loss   | -0.955   |
|    learning_rate   | 0.0003   |
|    n_updates       | 232850   |
---------------------------------
---------------------------------
| rollout/           |          |
|    ep_len_mean     | 54.1     |
|    ep_rew_mean     | 1.91     |
| time/              |          |
|    episodes        | 4480     |
|    fps             | 16       |
|    time_elapsed    | 14905    |
|    total_timesteps | 243080   |
| train/             |          |
|    actor_loss      | -0.4     |
|    critic_loss     | 0.0198   |
|    ent_coef        | 0.00172  |
|    ent_coef_loss   | 0.42     |
|    learning_rate   | 0.0003   |
|    n_updates       | 233070   |
---------------------------------
---------------------------------
| rollout/           |          |
|    ep_len_mean     | 53.9     |
|    ep_rew_mean     | -3.32    |
| time/              |          |
|    episodes        | 4484     |
|    fps             | 16       |
|    time_elapsed    | 14920    |
|    total_timesteps | 243340   |
| train/             |          |
|    actor_loss      | -0.445   |
|    critic_loss     | 0.0221   |
|    ent_coef        | 0.00173  |
|    ent_coef_loss   | -0.236   |
|    learning_rate   | 0.0003   |
|    n_updates       | 233330   |
---------------------------------
---------------------------------
| rollout/           |          |
|    ep_len_mean     | 53.7     |
|    ep_rew_mean     | -13.3    |
| time/              |          |
|    episodes        | 4488     |
|    fps             | 16       |
|    time_elapsed    | 14933    |
|    total_timesteps | 243530   |
| train/             |          |
|    actor_loss      | -0.448   |
|    critic_loss     | 0.0203   |
|    ent_coef        | 0.00172  |
|    ent_coef_loss   | 0.307    |
|    learning_rate   | 0.0003   |
|    n_updates       | 233520   |
---------------------------------
---------------------------------
| rollout/           |          |
|    ep_len_mean     | 53.1     |
|    ep_rew_mean     | -18.3    |
| time/              |          |
|    episodes        | 4492     |
|    fps             | 16       |
|    time_elapsed    | 14940    |
|    total_timesteps | 243640   |
| train/             |          |
|    actor_loss      | -0.456   |
|    critic_loss     | 0.0168   |
|    ent_coef        | 0.00171  |
|    ent_coef_loss   | -0.881   |
|    learning_rate   | 0.0003   |
|    n_updates       | 233630   |
---------------------------------
---------------------------------
| rollout/           |          |
|    ep_len_mean     | 53.2     |
|    ep_rew_mean     | -15.7    |
| time/              |          |
|    episodes        | 4496     |
|    fps             | 16       |
|    time_elapsed    | 14956    |
|    total_timesteps | 243910   |
| train/             |          |
|    actor_loss      | -0.473   |
|    critic_loss     | 0.0189   |
|    ent_coef        | 0.0017   |
|    ent_coef_loss   | -0.33    |
|    learning_rate   | 0.0003   |
|    n_updates       | 233900   |
---------------------------------
---------------------------------
| rollout/           |          |
|    ep_len_mean     | 53.4     |
|    ep_rew_mean     | -15.8    |
| time/              |          |
|    episodes        | 4500     |
|    fps             | 16       |
|    time_elapsed    | 14977    |
|    total_timesteps | 244240   |
| train/             |          |
|    actor_loss      | -0.432   |
|    critic_loss     | 0.0221   |
|    ent_coef        | 0.00166  |
|    ent_coef_loss   | 0.103    |
|    learning_rate   | 0.0003   |
|    n_updates       | 234230   |
---------------------------------
---------------------------------
| rollout/           |          |
|    ep_len_mean     | 53.3     |
|    ep_rew_mean     | -15.6    |
| time/              |          |
|    episodes        | 4504     |
|    fps             | 16       |
|    time_elapsed    | 14982    |
|    total_timesteps | 244320   |
| train/             |          |
|    actor_loss      | -0.449   |
|    critic_loss     | 0.0196   |
|    ent_coef        | 0.00168  |
|    ent_coef_loss   | 0.674    |
|    learning_rate   | 0.0003   |
|    n_updates       | 234310   |
---------------------------------
---------------------------------
| rollout/           |          |
|    ep_len_mean     | 53.4     |
|    ep_rew_mean     | -15.4    |
| time/              |          |
|    episodes        | 4508     |
|    fps             | 16       |
|    time_elapsed    | 14996    |
|    total_timesteps | 244540   |
| train/             |          |
|    actor_loss      | -0.403   |
|    critic_loss     | 0.0203   |
|    ent_coef        | 0.00169  |
|    ent_coef_loss   | 1.01     |
|    learning_rate   | 0.0003   |
|    n_updates       | 234530   |
---------------------------------
---------------------------------
| rollout/           |          |
|    ep_len_mean     | 53.8     |
|    ep_rew_mean     | -15.4    |
| time/              |          |
|    episodes        | 4512     |
|    fps             | 16       |
|    time_elapsed    | 15012    |
|    total_timesteps | 244790   |
| train/             |          |
|    actor_loss      | -0.452   |
|    critic_loss     | 0.0305   |
|    ent_coef        | 0.00173  |
|    ent_coef_loss   | -0.422   |
|    learning_rate   | 0.0003   |
|    n_updates       | 234780   |
---------------------------------
---------------------------------
| rollout/           |          |
|    ep_len_mean     | 54.1     |
|    ep_rew_mean     | -11.8    |
| time/              |          |
|    episodes        | 4516     |
|    fps             | 16       |
|    time_elapsed    | 15020    |
|    total_timesteps | 244920   |
| train/             |          |
|    actor_loss      | -0.484   |
|    critic_loss     | 0.0154   |
|    ent_coef        | 0.00173  |
|    ent_coef_loss   | -0.76    |
|    learning_rate   | 0.0003   |
|    n_updates       | 234910   |
---------------------------------
---------------------------------
| rollout/           |          |
|    ep_len_mean     | 53.5     |
|    ep_rew_mean     | -16.3    |
| time/              |          |
|    episodes        | 4520     |
|    fps             | 16       |
|    time_elapsed    | 15029    |
|    total_timesteps | 245050   |
| train/             |          |
|    actor_loss      | -0.428   |
|    critic_loss     | 0.0178   |
|    ent_coef        | 0.00174  |
|    ent_coef_loss   | 1.36     |
|    learning_rate   | 0.0003   |
|    n_updates       | 235040   |
---------------------------------
---------------------------------
| rollout/           |          |
|    ep_len_mean     | 53.6     |
|    ep_rew_mean     | -17.2    |
| time/              |          |
|    episodes        | 4524     |
|    fps             | 16       |
|    time_elapsed    | 15044    |
|    total_timesteps | 245270   |
| train/             |          |
|    actor_loss      | -0.439   |
|    critic_loss     | 0.0183   |
|    ent_coef        | 0.00175  |
|    ent_coef_loss   | -0.168   |
|    learning_rate   | 0.0003   |
|    n_updates       | 235260   |
---------------------------------
---------------------------------
| rollout/           |          |
|    ep_len_mean     | 53.4     |
|    ep_rew_mean     | -21.3    |
| time/              |          |
|    episodes        | 4528     |
|    fps             | 16       |
|    time_elapsed    | 15064    |
|    total_timesteps | 245610   |
| train/             |          |
|    actor_loss      | -0.463   |
|    critic_loss     | 0.0299   |
|    ent_coef        | 0.00176  |
|    ent_coef_loss   | 0.463    |
|    learning_rate   | 0.0003   |
|    n_updates       | 235600   |
---------------------------------
---------------------------------
| rollout/           |          |
|    ep_len_mean     | 53.1     |
|    ep_rew_mean     | -27      |
| time/              |          |
|    episodes        | 4532     |
|    fps             | 16       |
|    time_elapsed    | 15076    |
|    total_timesteps | 245800   |
| train/             |          |
|    actor_loss      | -0.418   |
|    critic_loss     | 0.0257   |
|    ent_coef        | 0.0018   |
|    ent_coef_loss   | 0.437    |
|    learning_rate   | 0.0003   |
|    n_updates       | 235790   |
---------------------------------
---------------------------------
| rollout/           |          |
|    ep_len_mean     | 53.1     |
|    ep_rew_mean     | -26.7    |
| time/              |          |
|    episodes        | 4536     |
|    fps             | 16       |
|    time_elapsed    | 15085    |
|    total_timesteps | 245950   |
| train/             |          |
|    actor_loss      | -0.431   |
|    critic_loss     | 0.0253   |
|    ent_coef        | 0.0018   |
|    ent_coef_loss   | 0.3      |
|    learning_rate   | 0.0003   |
|    n_updates       | 235940   |
---------------------------------
---------------------------------
| rollout/           |          |
|    ep_len_mean     | 52.1     |
|    ep_rew_mean     | -39.8    |
| time/              |          |
|    episodes        | 4540     |
|    fps             | 16       |
|    time_elapsed    | 15097    |
|    total_timesteps | 246130   |
| train/             |          |
|    actor_loss      | -0.397   |
|    critic_loss     | 0.0258   |
|    ent_coef        | 0.00181  |
|    ent_coef_loss   | -0.207   |
|    learning_rate   | 0.0003   |
|    n_updates       | 236120   |
---------------------------------
---------------------------------
| rollout/           |          |
|    ep_len_mean     | 52.2     |
|    ep_rew_mean     | -40.1    |
| time/              |          |
|    episodes        | 4544     |
|    fps             | 16       |
|    time_elapsed    | 15107    |
|    total_timesteps | 246290   |
| train/             |          |
|    actor_loss      | -0.385   |
|    critic_loss     | 0.0194   |
|    ent_coef        | 0.00181  |
|    ent_coef_loss   | 0.458    |
|    learning_rate   | 0.0003   |
|    n_updates       | 236280   |
---------------------------------
---------------------------------
| rollout/           |          |
|    ep_len_mean     | 51.2     |
|    ep_rew_mean     | -53.7    |
| time/              |          |
|    episodes        | 4548     |
|    fps             | 16       |
|    time_elapsed    | 15121    |
|    total_timesteps | 246510   |
| train/             |          |
|    actor_loss      | -0.412   |
|    critic_loss     | 0.0192   |
|    ent_coef        | 0.00181  |
|    ent_coef_loss   | 0.314    |
|    learning_rate   | 0.0003   |
|    n_updates       | 236500   |
---------------------------------
---------------------------------
| rollout/           |          |
|    ep_len_mean     | 50.8     |
|    ep_rew_mean     | -57.2    |
| time/              |          |
|    episodes        | 4552     |
|    fps             | 16       |
|    time_elapsed    | 15135    |
|    total_timesteps | 246710   |
| train/             |          |
|    actor_loss      | -0.421   |
|    critic_loss     | 0.0218   |
|    ent_coef        | 0.00179  |
|    ent_coef_loss   | -0.0173  |
|    learning_rate   | 0.0003   |
|    n_updates       | 236700   |
---------------------------------
---------------------------------
| rollout/           |          |
|    ep_len_mean     | 51.1     |
|    ep_rew_mean     | -56.6    |
| time/              |          |
|    episodes        | 4556     |
|    fps             | 16       |
|    time_elapsed    | 15148    |
|    total_timesteps | 246920   |
| train/             |          |
|    actor_loss      | -0.411   |
|    critic_loss     | 0.018    |
|    ent_coef        | 0.00179  |
|    ent_coef_loss   | -0.88    |
|    learning_rate   | 0.0003   |
|    n_updates       | 236910   |
---------------------------------
---------------------------------
| rollout/           |          |
|    ep_len_mean     | 50.4     |
|    ep_rew_mean     | -60.1    |
| time/              |          |
|    episodes        | 4560     |
|    fps             | 16       |
|    time_elapsed    | 15158    |
|    total_timesteps | 247080   |
| train/             |          |
|    actor_loss      | -0.477   |
|    critic_loss     | 0.0191   |
|    ent_coef        | 0.0018   |
|    ent_coef_loss   | -0.702   |
|    learning_rate   | 0.0003   |
|    n_updates       | 237070   |
---------------------------------
---------------------------------
| rollout/           |          |
|    ep_len_mean     | 50.4     |
|    ep_rew_mean     | -61.3    |
| time/              |          |
|    episodes        | 4564     |
|    fps             | 16       |
|    time_elapsed    | 15172    |
|    total_timesteps | 247300   |
| train/             |          |
|    actor_loss      | -0.46    |
|    critic_loss     | 0.0193   |
|    ent_coef        | 0.00177  |
|    ent_coef_loss   | 0.212    |
|    learning_rate   | 0.0003   |
|    n_updates       | 237290   |
---------------------------------
---------------------------------
| rollout/           |          |
|    ep_len_mean     | 50.6     |
|    ep_rew_mean     | -56.4    |
| time/              |          |
|    episodes        | 4568     |
|    fps             | 16       |
|    time_elapsed    | 15194    |
|    total_timesteps | 247640   |
| train/             |          |
|    actor_loss      | -0.453   |
|    critic_loss     | 0.0166   |
|    ent_coef        | 0.00181  |
|    ent_coef_loss   | 0.242    |
|    learning_rate   | 0.0003   |
|    n_updates       | 237630   |
---------------------------------
---------------------------------
| rollout/           |          |
|    ep_len_mean     | 50.6     |
|    ep_rew_mean     | -56.1    |
| time/              |          |
|    episodes        | 4572     |
|    fps             | 16       |
|    time_elapsed    | 15205    |
|    total_timesteps | 247810   |
| train/             |          |
|    actor_loss      | -0.455   |
|    critic_loss     | 0.0259   |
|    ent_coef        | 0.00186  |
|    ent_coef_loss   | 0.339    |
|    learning_rate   | 0.0003   |
|    n_updates       | 237800   |
---------------------------------
---------------------------------
| rollout/           |          |
|    ep_len_mean     | 50.9     |
|    ep_rew_mean     | -45.7    |
| time/              |          |
|    episodes        | 4576     |
|    fps             | 16       |
|    time_elapsed    | 15211    |
|    total_timesteps | 247910   |
| train/             |          |
|    actor_loss      | -0.44    |
|    critic_loss     | 0.0189   |
|    ent_coef        | 0.00186  |
|    ent_coef_loss   | -0.494   |
|    learning_rate   | 0.0003   |
|    n_updates       | 237900   |
---------------------------------
---------------------------------
| rollout/           |          |
|    ep_len_mean     | 51       |
|    ep_rew_mean     | -42.1    |
| time/              |          |
|    episodes        | 4580     |
|    fps             | 16       |
|    time_elapsed    | 15228    |
|    total_timesteps | 248170   |
| train/             |          |
|    actor_loss      | -0.43    |
|    critic_loss     | 0.0239   |
|    ent_coef        | 0.00181  |
|    ent_coef_loss   | -0.168   |
|    learning_rate   | 0.0003   |
|    n_updates       | 238160   |
---------------------------------
---------------------------------
| rollout/           |          |
|    ep_len_mean     | 50.9     |
|    ep_rew_mean     | -45.8    |
| time/              |          |
|    episodes        | 4584     |
|    fps             | 16       |
|    time_elapsed    | 15239    |
|    total_timesteps | 248340   |
| train/             |          |
|    actor_loss      | -0.433   |
|    critic_loss     | 0.0232   |
|    ent_coef        | 0.0018   |
|    ent_coef_loss   | -0.431   |
|    learning_rate   | 0.0003   |
|    n_updates       | 238330   |
---------------------------------
---------------------------------
| rollout/           |          |
|    ep_len_mean     | 50.8     |
|    ep_rew_mean     | -41.4    |
| time/              |          |
|    episodes        | 4588     |
|    fps             | 16       |
|    time_elapsed    | 15252    |
|    total_timesteps | 248550   |
| train/             |          |
|    actor_loss      | -0.449   |
|    critic_loss     | 0.0178   |
|    ent_coef        | 0.0018   |
|    ent_coef_loss   | 0.576    |
|    learning_rate   | 0.0003   |
|    n_updates       | 238540   |
---------------------------------
---------------------------------
| rollout/           |          |
|    ep_len_mean     | 51.4     |
|    ep_rew_mean     | -36.7    |
| time/              |          |
|    episodes        | 4592     |
|    fps             | 16       |
|    time_elapsed    | 15271    |
|    total_timesteps | 248860   |
| train/             |          |
|    actor_loss      | -0.459   |
|    critic_loss     | 0.0241   |
|    ent_coef        | 0.0018   |
|    ent_coef_loss   | -0.559   |
|    learning_rate   | 0.0003   |
|    n_updates       | 238850   |
---------------------------------
---------------------------------
| rollout/           |          |
|    ep_len_mean     | 51.4     |
|    ep_rew_mean     | -36.3    |
| time/              |          |
|    episodes        | 4596     |
|    fps             | 16       |
|    time_elapsed    | 15281    |
|    total_timesteps | 249020   |
| train/             |          |
|    actor_loss      | -0.395   |
|    critic_loss     | 0.0226   |
|    ent_coef        | 0.00178  |
|    ent_coef_loss   | 0.553    |
|    learning_rate   | 0.0003   |
|    n_updates       | 239010   |
---------------------------------
---------------------------------
| rollout/           |          |
|    ep_len_mean     | 51.2     |
|    ep_rew_mean     | -36.4    |
| time/              |          |
|    episodes        | 4600     |
|    fps             | 16       |
|    time_elapsed    | 15293    |
|    total_timesteps | 249210   |
| train/             |          |
|    actor_loss      | -0.416   |
|    critic_loss     | 0.0208   |
|    ent_coef        | 0.00179  |
|    ent_coef_loss   | -0.229   |
|    learning_rate   | 0.0003   |
|    n_updates       | 239200   |
---------------------------------
---------------------------------
| rollout/           |          |
|    ep_len_mean     | 50.6     |
|    ep_rew_mean     | -48.5    |
| time/              |          |
|    episodes        | 4604     |
|    fps             | 16       |
|    time_elapsed    | 15310    |
|    total_timesteps | 249500   |
| train/             |          |
|    actor_loss      | -0.442   |
|    critic_loss     | 0.0156   |
|    ent_coef        | 0.00179  |
|    ent_coef_loss   | 0.457    |
|    learning_rate   | 0.0003   |
|    n_updates       | 239490   |
---------------------------------
---------------------------------
| rollout/           |          |
|    ep_len_mean     | 50.9     |
|    ep_rew_mean     | -45.1    |
| time/              |          |
|    episodes        | 4608     |
|    fps             | 16       |
|    time_elapsed    | 15317    |
|    total_timesteps | 249580   |
| train/             |          |
|    actor_loss      | -0.471   |
|    critic_loss     | 0.0204   |
|    ent_coef        | 0.00178  |
|    ent_coef_loss   | 0.168    |
|    learning_rate   | 0.0003   |
|    n_updates       | 239570   |
---------------------------------
---------------------------------
| rollout/           |          |
|    ep_len_mean     | 51.4     |
|    ep_rew_mean     | -35.3    |
| time/              |          |
|    episodes        | 4612     |
|    fps             | 16       |
|    time_elapsed    | 15338    |
|    total_timesteps | 249900   |
| train/             |          |
|    actor_loss      | -0.379   |
|    critic_loss     | 0.017    |
|    ent_coef        | 0.00181  |
|    ent_coef_loss   | 0.258    |
|    learning_rate   | 0.0003   |
|    n_updates       | 239890   |
---------------------------------
---------------------------------
| rollout/           |          |
|    ep_len_mean     | 51.4     |
|    ep_rew_mean     | -39.7    |
| time/              |          |
|    episodes        | 4616     |
|    fps             | 16       |
|    time_elapsed    | 15349    |
|    total_timesteps | 250060   |
| train/             |          |
|    actor_loss      | -0.442   |
|    critic_loss     | 0.0205   |
|    ent_coef        | 0.00179  |
|    ent_coef_loss   | -0.467   |
|    learning_rate   | 0.0003   |
|    n_updates       | 240050   |
---------------------------------
---------------------------------
| rollout/           |          |
|    ep_len_mean     | 52       |
|    ep_rew_mean     | -35.6    |
| time/              |          |
|    episodes        | 4620     |
|    fps             | 16       |
|    time_elapsed    | 15370    |
|    total_timesteps | 250420   |
| train/             |          |
|    actor_loss      | -0.445   |
|    critic_loss     | 0.022    |
|    ent_coef        | 0.00179  |
|    ent_coef_loss   | 0.199    |
|    learning_rate   | 0.0003   |
|    n_updates       | 240410   |
---------------------------------
---------------------------------
| rollout/           |          |
|    ep_len_mean     | 52.3     |
|    ep_rew_mean     | -31.3    |
| time/              |          |
|    episodes        | 4624     |
|    fps             | 16       |
|    time_elapsed    | 15378    |
|    total_timesteps | 250550   |
| train/             |          |
|    actor_loss      | -0.413   |
|    critic_loss     | 0.0217   |
|    ent_coef        | 0.0018   |
|    ent_coef_loss   | 0.547    |
|    learning_rate   | 0.0003   |
|    n_updates       | 240540   |
---------------------------------
---------------------------------
| rollout/           |          |
|    ep_len_mean     | 52.2     |
|    ep_rew_mean     | -31.2    |
| time/              |          |
|    episodes        | 4628     |
|    fps             | 16       |
|    time_elapsed    | 15391    |
|    total_timesteps | 250750   |
| train/             |          |
|    actor_loss      | -0.402   |
|    critic_loss     | 0.0151   |
|    ent_coef        | 0.00178  |
|    ent_coef_loss   | 0.271    |
|    learning_rate   | 0.0003   |
|    n_updates       | 240740   |
---------------------------------
---------------------------------
| rollout/           |          |
|    ep_len_mean     | 52.5     |
|    ep_rew_mean     | -26.9    |
| time/              |          |
|    episodes        | 4632     |
|    fps             | 16       |
|    time_elapsed    | 15411    |
|    total_timesteps | 251090   |
| train/             |          |
|    actor_loss      | -0.458   |
|    critic_loss     | 0.018    |
|    ent_coef        | 0.00185  |
|    ent_coef_loss   | -0.00193 |
|    learning_rate   | 0.0003   |
|    n_updates       | 241080   |
---------------------------------
---------------------------------
| rollout/           |          |
|    ep_len_mean     | 52.4     |
|    ep_rew_mean     | -26.3    |
| time/              |          |
|    episodes        | 4636     |
|    fps             | 16       |
|    time_elapsed    | 15422    |
|    total_timesteps | 251260   |
| train/             |          |
|    actor_loss      | -0.416   |
|    critic_loss     | 0.0192   |
|    ent_coef        | 0.00183  |
|    ent_coef_loss   | 1.1      |
|    learning_rate   | 0.0003   |
|    n_updates       | 241250   |
---------------------------------
---------------------------------
| rollout/           |          |
|    ep_len_mean     | 53.1     |
|    ep_rew_mean     | -16.5    |
| time/              |          |
|    episodes        | 4640     |
|    fps             | 16       |
|    time_elapsed    | 15429    |
|    total_timesteps | 251370   |
| train/             |          |
|    actor_loss      | -0.424   |
|    critic_loss     | 0.0156   |
|    ent_coef        | 0.00184  |
|    ent_coef_loss   | 0.651    |
|    learning_rate   | 0.0003   |
|    n_updates       | 241360   |
---------------------------------
---------------------------------
| rollout/           |          |
|    ep_len_mean     | 53.2     |
|    ep_rew_mean     | -17.4    |
| time/              |          |
|    episodes        | 4644     |
|    fps             | 16       |
|    time_elapsed    | 15456    |
|    total_timesteps | 251780   |
| train/             |          |
|    actor_loss      | -0.411   |
|    critic_loss     | 0.0284   |
|    ent_coef        | 0.00188  |
|    ent_coef_loss   | -0.431   |
|    learning_rate   | 0.0003   |
|    n_updates       | 241770   |
---------------------------------
---------------------------------
| rollout/           |          |
|    ep_len_mean     | 53.8     |
|    ep_rew_mean     | -9.29    |
| time/              |          |
|    episodes        | 4648     |
|    fps             | 16       |
|    time_elapsed    | 15461    |
|    total_timesteps | 251860   |
| train/             |          |
|    actor_loss      | -0.382   |
|    critic_loss     | 0.0246   |
|    ent_coef        | 0.00189  |
|    ent_coef_loss   | 0.209    |
|    learning_rate   | 0.0003   |
|    n_updates       | 241850   |
---------------------------------
---------------------------------
| rollout/           |          |
|    ep_len_mean     | 53.8     |
|    ep_rew_mean     | -9.75    |
| time/              |          |
|    episodes        | 4652     |
|    fps             | 16       |
|    time_elapsed    | 15470    |
|    total_timesteps | 252010   |
| train/             |          |
|    actor_loss      | -0.418   |
|    critic_loss     | 0.0172   |
|    ent_coef        | 0.00191  |
|    ent_coef_loss   | 0.192    |
|    learning_rate   | 0.0003   |
|    n_updates       | 242000   |
---------------------------------
---------------------------------
| rollout/           |          |
|    ep_len_mean     | 54       |
|    ep_rew_mean     | -4.82    |
| time/              |          |
|    episodes        | 4656     |
|    fps             | 16       |
|    time_elapsed    | 15494    |
|    total_timesteps | 252410   |
| train/             |          |
|    actor_loss      | -0.412   |
|    critic_loss     | 0.0196   |
|    ent_coef        | 0.00189  |
|    ent_coef_loss   | -0.262   |
|    learning_rate   | 0.0003   |
|    n_updates       | 242400   |
---------------------------------
---------------------------------
| rollout/           |          |
|    ep_len_mean     | 54.7     |
|    ep_rew_mean     | 3.65     |
| time/              |          |
|    episodes        | 4660     |
|    fps             | 16       |
|    time_elapsed    | 15501    |
|    total_timesteps | 252540   |
| train/             |          |
|    actor_loss      | -0.399   |
|    critic_loss     | 0.0242   |
|    ent_coef        | 0.00186  |
|    ent_coef_loss   | -0.211   |
|    learning_rate   | 0.0003   |
|    n_updates       | 242530   |
---------------------------------
---------------------------------
| rollout/           |          |
|    ep_len_mean     | 54.2     |
|    ep_rew_mean     | 0.182    |
| time/              |          |
|    episodes        | 4664     |
|    fps             | 16       |
|    time_elapsed    | 15517    |
|    total_timesteps | 252800   |
| train/             |          |
|    actor_loss      | -0.38    |
|    critic_loss     | 0.0241   |
|    ent_coef        | 0.00182  |
|    ent_coef_loss   | -0.00954 |
|    learning_rate   | 0.0003   |
|    n_updates       | 242790   |
---------------------------------
---------------------------------
| rollout/           |          |
|    ep_len_mean     | 53.8     |
|    ep_rew_mean     | -3.76    |
| time/              |          |
|    episodes        | 4668     |
|    fps             | 16       |
|    time_elapsed    | 15529    |
|    total_timesteps | 253000   |
| train/             |          |
|    actor_loss      | -0.395   |
|    critic_loss     | 0.0221   |
|    ent_coef        | 0.00183  |
|    ent_coef_loss   | 0.209    |
|    learning_rate   | 0.0003   |
|    n_updates       | 242990   |
---------------------------------
---------------------------------
| rollout/           |          |
|    ep_len_mean     | 53.9     |
|    ep_rew_mean     | -3.64    |
| time/              |          |
|    episodes        | 4672     |
|    fps             | 16       |
|    time_elapsed    | 15540    |
|    total_timesteps | 253190   |
| train/             |          |
|    actor_loss      | -0.399   |
|    critic_loss     | 0.0212   |
|    ent_coef        | 0.00181  |
|    ent_coef_loss   | 0.129    |
|    learning_rate   | 0.0003   |
|    n_updates       | 243180   |
---------------------------------
---------------------------------
| rollout/           |          |
|    ep_len_mean     | 53.8     |
|    ep_rew_mean     | -3.82    |
| time/              |          |
|    episodes        | 4676     |
|    fps             | 16       |
|    time_elapsed    | 15546    |
|    total_timesteps | 253280   |
| train/             |          |
|    actor_loss      | -0.438   |
|    critic_loss     | 0.0232   |
|    ent_coef        | 0.0018   |
|    ent_coef_loss   | 0.177    |
|    learning_rate   | 0.0003   |
|    n_updates       | 243270   |
---------------------------------
---------------------------------
| rollout/           |          |
|    ep_len_mean     | 54.3     |
|    ep_rew_mean     | 1.49     |
| time/              |          |
|    episodes        | 4680     |
|    fps             | 16       |
|    time_elapsed    | 15570    |
|    total_timesteps | 253660   |
| train/             |          |
|    actor_loss      | -0.427   |
|    critic_loss     | 0.0227   |
|    ent_coef        | 0.00182  |
|    ent_coef_loss   | 0.0424   |
|    learning_rate   | 0.0003   |
|    n_updates       | 243650   |
---------------------------------
---------------------------------
| rollout/           |          |
|    ep_len_mean     | 54.6     |
|    ep_rew_mean     | 9.59     |
| time/              |          |
|    episodes        | 4684     |
|    fps             | 16       |
|    time_elapsed    | 15581    |
|    total_timesteps | 253820   |
| train/             |          |
|    actor_loss      | -0.433   |
|    critic_loss     | 0.0181   |
|    ent_coef        | 0.0018   |
|    ent_coef_loss   | 0.0116   |
|    learning_rate   | 0.0003   |
|    n_updates       | 243810   |
---------------------------------
---------------------------------
| rollout/           |          |
|    ep_len_mean     | 54.4     |
|    ep_rew_mean     | 5.71     |
| time/              |          |
|    episodes        | 4688     |
|    fps             | 16       |
|    time_elapsed    | 15588    |
|    total_timesteps | 253950   |
| train/             |          |
|    actor_loss      | -0.456   |
|    critic_loss     | 0.0186   |
|    ent_coef        | 0.00181  |
|    ent_coef_loss   | 0.379    |
|    learning_rate   | 0.0003   |
|    n_updates       | 243940   |
---------------------------------
---------------------------------
| rollout/           |          |
|    ep_len_mean     | 53.9     |
|    ep_rew_mean     | 0.712    |
| time/              |          |
|    episodes        | 4692     |
|    fps             | 16       |
|    time_elapsed    | 15607    |
|    total_timesteps | 254280   |
| train/             |          |
|    actor_loss      | -0.455   |
|    critic_loss     | 0.0204   |
|    ent_coef        | 0.0018   |
|    ent_coef_loss   | -0.942   |
|    learning_rate   | 0.0003   |
|    n_updates       | 244270   |
---------------------------------
---------------------------------
| rollout/           |          |
|    ep_len_mean     | 53.5     |
|    ep_rew_mean     | -4.5     |
| time/              |          |
|    episodes        | 4696     |
|    fps             | 16       |
|    time_elapsed    | 15614    |
|    total_timesteps | 254390   |
| train/             |          |
|    actor_loss      | -0.414   |
|    critic_loss     | 0.0221   |
|    ent_coef        | 0.00179  |
|    ent_coef_loss   | -0.379   |
|    learning_rate   | 0.0003   |
|    n_updates       | 244380   |
---------------------------------
---------------------------------
| rollout/           |          |
|    ep_len_mean     | 53.4     |
|    ep_rew_mean     | -4.61    |
| time/              |          |
|    episodes        | 4700     |
|    fps             | 16       |
|    time_elapsed    | 15622    |
|    total_timesteps | 254530   |
| train/             |          |
|    actor_loss      | -0.446   |
|    critic_loss     | 0.0177   |
|    ent_coef        | 0.0018   |
|    ent_coef_loss   | -0.329   |
|    learning_rate   | 0.0003   |
|    n_updates       | 244520   |
---------------------------------
---------------------------------
| rollout/           |          |
|    ep_len_mean     | 53.7     |
|    ep_rew_mean     | 3.62     |
| time/              |          |
|    episodes        | 4704     |
|    fps             | 16       |
|    time_elapsed    | 15633    |
|    total_timesteps | 254710   |
| train/             |          |
|    actor_loss      | -0.414   |
|    critic_loss     | 0.0192   |
|    ent_coef        | 0.00177  |
|    ent_coef_loss   | 0.199    |
|    learning_rate   | 0.0003   |
|    n_updates       | 244700   |
---------------------------------
---------------------------------
| rollout/           |          |
|    ep_len_mean     | 53.7     |
|    ep_rew_mean     | 4.45     |
| time/              |          |
|    episodes        | 4708     |
|    fps             | 16       |
|    time_elapsed    | 15655    |
|    total_timesteps | 255080   |
| train/             |          |
|    actor_loss      | -0.418   |
|    critic_loss     | 0.0235   |
|    ent_coef        | 0.00181  |
|    ent_coef_loss   | -0.0866  |
|    learning_rate   | 0.0003   |
|    n_updates       | 245070   |
---------------------------------
---------------------------------
| rollout/           |          |
|    ep_len_mean     | 53.3     |
|    ep_rew_mean     | 0.229    |
| time/              |          |
|    episodes        | 4712     |
|    fps             | 16       |
|    time_elapsed    | 15664    |
|    total_timesteps | 255240   |
| train/             |          |
|    actor_loss      | -0.43    |
|    critic_loss     | 0.0209   |
|    ent_coef        | 0.00182  |
|    ent_coef_loss   | -0.428   |
|    learning_rate   | 0.0003   |
|    n_updates       | 245230   |
---------------------------------
---------------------------------
| rollout/           |          |
|    ep_len_mean     | 53.5     |
|    ep_rew_mean     | 5.68     |
| time/              |          |
|    episodes        | 4716     |
|    fps             | 16       |
|    time_elapsed    | 15668    |
|    total_timesteps | 255300   |
| train/             |          |
|    actor_loss      | -0.404   |
|    critic_loss     | 0.0195   |
|    ent_coef        | 0.00183  |
|    ent_coef_loss   | 0.0264   |
|    learning_rate   | 0.0003   |
|    n_updates       | 245290   |
---------------------------------
---------------------------------
| rollout/           |          |
|    ep_len_mean     | 53       |
|    ep_rew_mean     | 0.518    |
| time/              |          |
|    episodes        | 4720     |
|    fps             | 16       |
|    time_elapsed    | 15688    |
|    total_timesteps | 255650   |
| train/             |          |
|    actor_loss      | -0.412   |
|    critic_loss     | 0.0193   |
|    ent_coef        | 0.00185  |
|    ent_coef_loss   | 0.0207   |
|    learning_rate   | 0.0003   |
|    n_updates       | 245640   |
---------------------------------
---------------------------------
| rollout/           |          |
|    ep_len_mean     | 52.5     |
|    ep_rew_mean     | -3.39    |
| time/              |          |
|    episodes        | 4724     |
|    fps             | 16       |
|    time_elapsed    | 15696    |
|    total_timesteps | 255780   |
| train/             |          |
|    actor_loss      | -0.395   |
|    critic_loss     | 0.0233   |
|    ent_coef        | 0.00184  |
|    ent_coef_loss   | 0.0309   |
|    learning_rate   | 0.0003   |
|    n_updates       | 245770   |
---------------------------------
---------------------------------
| rollout/           |          |
|    ep_len_mean     | 52.8     |
|    ep_rew_mean     | 0.636    |
| time/              |          |
|    episodes        | 4728     |
|    fps             | 16       |
|    time_elapsed    | 15718    |
|    total_timesteps | 256160   |
| train/             |          |
|    actor_loss      | -0.442   |
|    critic_loss     | 0.0202   |
|    ent_coef        | 0.00186  |
|    ent_coef_loss   | 0.274    |
|    learning_rate   | 0.0003   |
|    n_updates       | 246150   |
---------------------------------
---------------------------------
| rollout/           |          |
|    ep_len_mean     | 52.5     |
|    ep_rew_mean     | -2.72    |
| time/              |          |
|    episodes        | 4732     |
|    fps             | 16       |
|    time_elapsed    | 15726    |
|    total_timesteps | 256300   |
| train/             |          |
|    actor_loss      | -0.423   |
|    critic_loss     | 0.0213   |
|    ent_coef        | 0.00187  |
|    ent_coef_loss   | -0.931   |
|    learning_rate   | 0.0003   |
|    n_updates       | 246290   |
---------------------------------
---------------------------------
| rollout/           |          |
|    ep_len_mean     | 52.9     |
|    ep_rew_mean     | 1.09     |
| time/              |          |
|    episodes        | 4736     |
|    fps             | 16       |
|    time_elapsed    | 15734    |
|    total_timesteps | 256440   |
| train/             |          |
|    actor_loss      | -0.459   |
|    critic_loss     | 0.0185   |
|    ent_coef        | 0.00188  |
|    ent_coef_loss   | -0.265   |
|    learning_rate   | 0.0003   |
|    n_updates       | 246430   |
---------------------------------
---------------------------------
| rollout/           |          |
|    ep_len_mean     | 52.9     |
|    ep_rew_mean     | 0.947    |
| time/              |          |
|    episodes        | 4740     |
|    fps             | 16       |
|    time_elapsed    | 15764    |
|    total_timesteps | 256850   |
| train/             |          |
|    actor_loss      | -0.431   |
|    critic_loss     | 0.0215   |
|    ent_coef        | 0.00187  |
|    ent_coef_loss   | 0.669    |
|    learning_rate   | 0.0003   |
|    n_updates       | 246840   |
---------------------------------
---------------------------------
| rollout/           |          |
|    ep_len_mean     | 52.9     |
|    ep_rew_mean     | 1.95     |
| time/              |          |
|    episodes        | 4744     |
|    fps             | 16       |
|    time_elapsed    | 15767    |
|    total_timesteps | 256910   |
| train/             |          |
|    actor_loss      | -0.419   |
|    critic_loss     | 0.0203   |
|    ent_coef        | 0.00186  |
|    ent_coef_loss   | -0.381   |
|    learning_rate   | 0.0003   |
|    n_updates       | 246900   |
---------------------------------
---------------------------------
| rollout/           |          |
|    ep_len_mean     | 53       |
|    ep_rew_mean     | 1.28     |
| time/              |          |
|    episodes        | 4748     |
|    fps             | 16       |
|    time_elapsed    | 15778    |
|    total_timesteps | 257080   |
| train/             |          |
|    actor_loss      | -0.409   |
|    critic_loss     | 0.0239   |
|    ent_coef        | 0.00188  |
|    ent_coef_loss   | 0.424    |
|    learning_rate   | 0.0003   |
|    n_updates       | 247070   |
---------------------------------
---------------------------------
| rollout/           |          |
|    ep_len_mean     | 52.7     |
|    ep_rew_mean     | -3.45    |
| time/              |          |
|    episodes        | 4752     |
|    fps             | 16       |
|    time_elapsed    | 15801    |
|    total_timesteps | 257480   |
| train/             |          |
|    actor_loss      | -0.395   |
|    critic_loss     | 0.0202   |
|    ent_coef        | 0.00189  |
|    ent_coef_loss   | -0.395   |
|    learning_rate   | 0.0003   |
|    n_updates       | 247470   |
---------------------------------
---------------------------------
| rollout/           |          |
|    ep_len_mean     | 53.2     |
|    ep_rew_mean     | 1.59     |
| time/              |          |
|    episodes        | 4756     |
|    fps             | 16       |
|    time_elapsed    | 15806    |
|    total_timesteps | 257560   |
| train/             |          |
|    actor_loss      | -0.415   |
|    critic_loss     | 0.0146   |
|    ent_coef        | 0.00189  |
|    ent_coef_loss   | 0.157    |
|    learning_rate   | 0.0003   |
|    n_updates       | 247550   |
---------------------------------
---------------------------------
| rollout/           |          |
|    ep_len_mean     | 52.4     |
|    ep_rew_mean     | -6.61    |
| time/              |          |
|    episodes        | 4760     |
|    fps             | 16       |
|    time_elapsed    | 15826    |
|    total_timesteps | 257910   |
| train/             |          |
|    actor_loss      | -0.448   |
|    critic_loss     | 0.0191   |
|    ent_coef        | 0.0019   |
|    ent_coef_loss   | -0.547   |
|    learning_rate   | 0.0003   |
|    n_updates       | 247900   |
---------------------------------
---------------------------------
| rollout/           |          |
|    ep_len_mean     | 52.5     |
|    ep_rew_mean     | -12      |
| time/              |          |
|    episodes        | 4764     |
|    fps             | 16       |
|    time_elapsed    | 15831    |
|    total_timesteps | 257990   |
| train/             |          |
|    actor_loss      | -0.449   |
|    critic_loss     | 0.0188   |
|    ent_coef        | 0.00188  |
|    ent_coef_loss   | -0.446   |
|    learning_rate   | 0.0003   |
|    n_updates       | 247980   |
---------------------------------
---------------------------------
| rollout/           |          |
|    ep_len_mean     | 53       |
|    ep_rew_mean     | -7.3     |
| time/              |          |
|    episodes        | 4768     |
|    fps             | 16       |
|    time_elapsed    | 15841    |
|    total_timesteps | 258160   |
| train/             |          |
|    actor_loss      | -0.447   |
|    critic_loss     | 0.0243   |
|    ent_coef        | 0.00185  |
|    ent_coef_loss   | -0.224   |
|    learning_rate   | 0.0003   |
|    n_updates       | 248150   |
---------------------------------
---------------------------------
| rollout/           |          |
|    ep_len_mean     | 52.9     |
|    ep_rew_mean     | -8.59    |
| time/              |          |
|    episodes        | 4772     |
|    fps             | 16       |
|    time_elapsed    | 15864    |
|    total_timesteps | 258560   |
| train/             |          |
|    actor_loss      | -0.4     |
|    critic_loss     | 0.0187   |
|    ent_coef        | 0.00182  |
|    ent_coef_loss   | -0.281   |
|    learning_rate   | 0.0003   |
|    n_updates       | 248550   |
---------------------------------
---------------------------------
| rollout/           |          |
|    ep_len_mean     | 52.9     |
|    ep_rew_mean     | -8.22    |
| time/              |          |
|    episodes        | 4776     |
|    fps             | 16       |
|    time_elapsed    | 15873    |
|    total_timesteps | 258690   |
| train/             |          |
|    actor_loss      | -0.477   |
|    critic_loss     | 0.023    |
|    ent_coef        | 0.00184  |
|    ent_coef_loss   | -0.135   |
|    learning_rate   | 0.0003   |
|    n_updates       | 248680   |
---------------------------------
---------------------------------
| rollout/           |          |
|    ep_len_mean     | 53.1     |
|    ep_rew_mean     | -5.36    |
| time/              |          |
|    episodes        | 4780     |
|    fps             | 16       |
|    time_elapsed    | 15877    |
|    total_timesteps | 258750   |
| train/             |          |
|    actor_loss      | -0.455   |
|    critic_loss     | 0.0211   |
|    ent_coef        | 0.00185  |
|    ent_coef_loss   | 0.253    |
|    learning_rate   | 0.0003   |
|    n_updates       | 248740   |
---------------------------------
---------------------------------
| rollout/           |          |
|    ep_len_mean     | 52.2     |
|    ep_rew_mean     | -17.6    |
| time/              |          |
|    episodes        | 4784     |
|    fps             | 16       |
|    time_elapsed    | 15893    |
|    total_timesteps | 259010   |
| train/             |          |
|    actor_loss      | -0.433   |
|    critic_loss     | 0.022    |
|    ent_coef        | 0.0018   |
|    ent_coef_loss   | -0.463   |
|    learning_rate   | 0.0003   |
|    n_updates       | 249000   |
---------------------------------
---------------------------------
| rollout/           |          |
|    ep_len_mean     | 52.2     |
|    ep_rew_mean     | -16.3    |
| time/              |          |
|    episodes        | 4788     |
|    fps             | 16       |
|    time_elapsed    | 15904    |
|    total_timesteps | 259180   |
| train/             |          |
|    actor_loss      | -0.457   |
|    critic_loss     | 0.018    |
|    ent_coef        | 0.00178  |
|    ent_coef_loss   | -0.0551  |
|    learning_rate   | 0.0003   |
|    n_updates       | 249170   |
---------------------------------
---------------------------------
| rollout/           |          |
|    ep_len_mean     | 52.4     |
|    ep_rew_mean     | -15.7    |
| time/              |          |
|    episodes        | 4792     |
|    fps             | 16       |
|    time_elapsed    | 15916    |
|    total_timesteps | 259380   |
| train/             |          |
|    actor_loss      | -0.452   |
|    critic_loss     | 0.0192   |
|    ent_coef        | 0.00179  |
|    ent_coef_loss   | -0.465   |
|    learning_rate   | 0.0003   |
|    n_updates       | 249370   |
---------------------------------
---------------------------------
| rollout/           |          |
|    ep_len_mean     | 52.7     |
|    ep_rew_mean     | -10.5    |
| time/              |          |
|    episodes        | 4796     |
|    fps             | 16       |
|    time_elapsed    | 15941    |
|    total_timesteps | 259740   |
| train/             |          |
|    actor_loss      | -0.371   |
|    critic_loss     | 0.0173   |
|    ent_coef        | 0.00179  |
|    ent_coef_loss   | -0.794   |
|    learning_rate   | 0.0003   |
|    n_updates       | 249730   |
---------------------------------
---------------------------------
| rollout/           |          |
|    ep_len_mean     | 52.8     |
|    ep_rew_mean     | -15.5    |
| time/              |          |
|    episodes        | 4800     |
|    fps             | 16       |
|    time_elapsed    | 15946    |
|    total_timesteps | 259800   |
| train/             |          |
|    actor_loss      | -0.46    |
|    critic_loss     | 0.0127   |
|    ent_coef        | 0.00179  |
|    ent_coef_loss   | -0.294   |
|    learning_rate   | 0.0003   |
|    n_updates       | 249790   |
---------------------------------
---------------------------------
| rollout/           |          |
|    ep_len_mean     | 52.9     |
|    ep_rew_mean     | -11.6    |
| time/              |          |
|    episodes        | 4804     |
|    fps             | 16       |
|    time_elapsed    | 15972    |
|    total_timesteps | 260140   |
| train/             |          |
|    actor_loss      | -0.432   |
|    critic_loss     | 0.0195   |
|    ent_coef        | 0.00183  |
|    ent_coef_loss   | 0.387    |
|    learning_rate   | 0.0003   |
|    n_updates       | 250130   |
---------------------------------
---------------------------------
| rollout/           |          |
|    ep_len_mean     | 52.5     |
|    ep_rew_mean     | -16.9    |
| time/              |          |
|    episodes        | 4808     |
|    fps             | 16       |
|    time_elapsed    | 15984    |
|    total_timesteps | 260330   |
| train/             |          |
|    actor_loss      | -0.391   |
|    critic_loss     | 0.0178   |
|    ent_coef        | 0.00183  |
|    ent_coef_loss   | 0.871    |
|    learning_rate   | 0.0003   |
|    n_updates       | 250320   |
---------------------------------
---------------------------------
| rollout/           |          |
|    ep_len_mean     | 53       |
|    ep_rew_mean     | -13.4    |
| time/              |          |
|    episodes        | 4812     |
|    fps             | 16       |
|    time_elapsed    | 16000    |
|    total_timesteps | 260550   |
| train/             |          |
|    actor_loss      | -0.428   |
|    critic_loss     | 0.0247   |
|    ent_coef        | 0.00189  |
|    ent_coef_loss   | -0.303   |
|    learning_rate   | 0.0003   |
|    n_updates       | 250540   |
---------------------------------
---------------------------------
| rollout/           |          |
|    ep_len_mean     | 53.1     |
|    ep_rew_mean     | -13.7    |
| time/              |          |
|    episodes        | 4816     |
|    fps             | 16       |
|    time_elapsed    | 16019    |
|    total_timesteps | 260790   |
| train/             |          |
|    actor_loss      | -0.445   |
|    critic_loss     | 0.0229   |
|    ent_coef        | 0.00191  |
|    ent_coef_loss   | 0.345    |
|    learning_rate   | 0.0003   |
|    n_updates       | 250780   |
---------------------------------
---------------------------------
| rollout/           |          |
|    ep_len_mean     | 53.8     |
|    ep_rew_mean     | -4.42    |
| time/              |          |
|    episodes        | 4820     |
|    fps             | 16       |
|    time_elapsed    | 16033    |
|    total_timesteps | 260960   |
| train/             |          |
|    actor_loss      | -0.443   |
|    critic_loss     | 0.0214   |
|    ent_coef        | 0.00192  |
|    ent_coef_loss   | -0.768   |
|    learning_rate   | 0.0003   |
|    n_updates       | 250950   |
---------------------------------
---------------------------------
| rollout/           |          |
|    ep_len_mean     | 54.1     |
|    ep_rew_mean     | -1.18    |
| time/              |          |
|    episodes        | 4824     |
|    fps             | 16       |
|    time_elapsed    | 16052    |
|    total_timesteps | 261210   |
| train/             |          |
|    actor_loss      | -0.369   |
|    critic_loss     | 0.0178   |
|    ent_coef        | 0.00191  |
|    ent_coef_loss   | 0.108    |
|    learning_rate   | 0.0003   |
|    n_updates       | 251200   |
---------------------------------
---------------------------------
| rollout/           |          |
|    ep_len_mean     | 53.9     |
|    ep_rew_mean     | -10.1    |
| time/              |          |
|    episodes        | 4828     |
|    fps             | 16       |
|    time_elapsed    | 16076    |
|    total_timesteps | 261500   |
| train/             |          |
|    actor_loss      | -0.388   |
|    critic_loss     | 0.0252   |
|    ent_coef        | 0.00188  |
|    ent_coef_loss   | 0.243    |
|    learning_rate   | 0.0003   |
|    n_updates       | 251490   |
---------------------------------
---------------------------------
| rollout/           |          |
|    ep_len_mean     | 54.2     |
|    ep_rew_mean     | -7.48    |
| time/              |          |
|    episodes        | 4832     |
|    fps             | 16       |
|    time_elapsed    | 16093    |
|    total_timesteps | 261730   |
| train/             |          |
|    actor_loss      | -0.42    |
|    critic_loss     | 0.0186   |
|    ent_coef        | 0.00185  |
|    ent_coef_loss   | -0.351   |
|    learning_rate   | 0.0003   |
|    n_updates       | 251720   |
---------------------------------
---------------------------------
| rollout/           |          |
|    ep_len_mean     | 54.1     |
|    ep_rew_mean     | -12.5    |
| time/              |          |
|    episodes        | 4836     |
|    fps             | 16       |
|    time_elapsed    | 16107    |
|    total_timesteps | 261920   |
| train/             |          |
|    actor_loss      | -0.441   |
|    critic_loss     | 0.0231   |
|    ent_coef        | 0.00183  |
|    ent_coef_loss   | -0.866   |
|    learning_rate   | 0.0003   |
|    n_updates       | 251910   |
---------------------------------
---------------------------------
| rollout/           |          |
|    ep_len_mean     | 53.9     |
|    ep_rew_mean     | -18.8    |
| time/              |          |
|    episodes        | 4840     |
|    fps             | 16       |
|    time_elapsed    | 16123    |
|    total_timesteps | 262130   |
| train/             |          |
|    actor_loss      | -0.442   |
|    critic_loss     | 0.0228   |
|    ent_coef        | 0.00183  |
|    ent_coef_loss   | 0.135    |
|    learning_rate   | 0.0003   |
|    n_updates       | 252120   |
---------------------------------
---------------------------------
| rollout/           |          |
|    ep_len_mean     | 53.9     |
|    ep_rew_mean     | -20      |
| time/              |          |
|    episodes        | 4844     |
|    fps             | 16       |
|    time_elapsed    | 16137    |
|    total_timesteps | 262340   |
| train/             |          |
|    actor_loss      | -0.401   |
|    critic_loss     | 0.019    |
|    ent_coef        | 0.00189  |
|    ent_coef_loss   | 0.432    |
|    learning_rate   | 0.0003   |
|    n_updates       | 252330   |
---------------------------------
---------------------------------
| rollout/           |          |
|    ep_len_mean     | 53.8     |
|    ep_rew_mean     | -19.5    |
| time/              |          |
|    episodes        | 4848     |
|    fps             | 16       |
|    time_elapsed    | 16154    |
|    total_timesteps | 262600   |
| train/             |          |
|    actor_loss      | -0.446   |
|    critic_loss     | 0.0216   |
|    ent_coef        | 0.00185  |
|    ent_coef_loss   | -0.223   |
|    learning_rate   | 0.0003   |
|    n_updates       | 252590   |
---------------------------------
---------------------------------
| rollout/           |          |
|    ep_len_mean     | 54       |
|    ep_rew_mean     | -14.5    |
| time/              |          |
|    episodes        | 4852     |
|    fps             | 16       |
|    time_elapsed    | 16164    |
|    total_timesteps | 262750   |
| train/             |          |
|    actor_loss      | -0.371   |
|    critic_loss     | 0.0219   |
|    ent_coef        | 0.00183  |
|    ent_coef_loss   | -0.414   |
|    learning_rate   | 0.0003   |
|    n_updates       | 252740   |
---------------------------------
---------------------------------
| rollout/           |          |
|    ep_len_mean     | 53.6     |
|    ep_rew_mean     | -19.4    |
| time/              |          |
|    episodes        | 4856     |
|    fps             | 16       |
|    time_elapsed    | 16181    |
|    total_timesteps | 263000   |
| train/             |          |
|    actor_loss      | -0.426   |
|    critic_loss     | 0.0191   |
|    ent_coef        | 0.0018   |
|    ent_coef_loss   | -0.381   |
|    learning_rate   | 0.0003   |
|    n_updates       | 252990   |
---------------------------------
---------------------------------
| rollout/           |          |
|    ep_len_mean     | 54.3     |
|    ep_rew_mean     | -11.1    |
| time/              |          |
|    episodes        | 4860     |
|    fps             | 16       |
|    time_elapsed    | 16196    |
|    total_timesteps | 263230   |
| train/             |          |
|    actor_loss      | -0.418   |
|    critic_loss     | 0.0252   |
|    ent_coef        | 0.00179  |
|    ent_coef_loss   | -0.422   |
|    learning_rate   | 0.0003   |
|    n_updates       | 253220   |
---------------------------------
---------------------------------
| rollout/           |          |
|    ep_len_mean     | 54.7     |
|    ep_rew_mean     | -1.48    |
| time/              |          |
|    episodes        | 4864     |
|    fps             | 16       |
|    time_elapsed    | 16214    |
|    total_timesteps | 263500   |
| train/             |          |
|    actor_loss      | -0.371   |
|    critic_loss     | 0.0206   |
|    ent_coef        | 0.00179  |
|    ent_coef_loss   | -0.293   |
|    learning_rate   | 0.0003   |
|    n_updates       | 253490   |
---------------------------------
---------------------------------
| rollout/           |          |
|    ep_len_mean     | 54.7     |
|    ep_rew_mean     | -2.21    |
| time/              |          |
|    episodes        | 4868     |
|    fps             | 16       |
|    time_elapsed    | 16231    |
|    total_timesteps | 263760   |
| train/             |          |
|    actor_loss      | -0.38    |
|    critic_loss     | 0.0262   |
|    ent_coef        | 0.00182  |
|    ent_coef_loss   | -0.516   |
|    learning_rate   | 0.0003   |
|    n_updates       | 253750   |
---------------------------------
---------------------------------
| rollout/           |          |
|    ep_len_mean     | 55       |
|    ep_rew_mean     | 1.77     |
| time/              |          |
|    episodes        | 4872     |
|    fps             | 16       |
|    time_elapsed    | 16244    |
|    total_timesteps | 263970   |
| train/             |          |
|    actor_loss      | -0.451   |
|    critic_loss     | 0.0234   |
|    ent_coef        | 0.0018   |
|    ent_coef_loss   | 0.201    |
|    learning_rate   | 0.0003   |
|    n_updates       | 253960   |
---------------------------------
---------------------------------
| rollout/           |          |
|    ep_len_mean     | 54.9     |
|    ep_rew_mean     | 0.907    |
| time/              |          |
|    episodes        | 4876     |
|    fps             | 16       |
|    time_elapsed    | 16252    |
|    total_timesteps | 264090   |
| train/             |          |
|    actor_loss      | -0.479   |
|    critic_loss     | 0.0217   |
|    ent_coef        | 0.00181  |
|    ent_coef_loss   | 0.0758   |
|    learning_rate   | 0.0003   |
|    n_updates       | 254080   |
---------------------------------
---------------------------------
| rollout/           |          |
|    ep_len_mean     | 54.6     |
|    ep_rew_mean     | -3.81    |
| time/              |          |
|    episodes        | 4880     |
|    fps             | 16       |
|    time_elapsed    | 16271    |
|    total_timesteps | 264380   |
| train/             |          |
|    actor_loss      | -0.42    |
|    critic_loss     | 0.023    |
|    ent_coef        | 0.00182  |
|    ent_coef_loss   | 0.337    |
|    learning_rate   | 0.0003   |
|    n_updates       | 254370   |
---------------------------------
---------------------------------
| rollout/           |          |
|    ep_len_mean     | 54.9     |
|    ep_rew_mean     | -1.3     |
| time/              |          |
|    episodes        | 4884     |
|    fps             | 16       |
|    time_elapsed    | 16281    |
|    total_timesteps | 264540   |
| train/             |          |
|    actor_loss      | -0.39    |
|    critic_loss     | 0.0159   |
|    ent_coef        | 0.00181  |
|    ent_coef_loss   | 0.219    |
|    learning_rate   | 0.0003   |
|    n_updates       | 254530   |
---------------------------------
---------------------------------
| rollout/           |          |
|    ep_len_mean     | 55.3     |
|    ep_rew_mean     | 2.82     |
| time/              |          |
|    episodes        | 4888     |
|    fps             | 16       |
|    time_elapsed    | 16287    |
|    total_timesteps | 264640   |
| train/             |          |
|    actor_loss      | -0.439   |
|    critic_loss     | 0.0222   |
|    ent_coef        | 0.00183  |
|    ent_coef_loss   | 0.652    |
|    learning_rate   | 0.0003   |
|    n_updates       | 254630   |
---------------------------------
---------------------------------
| rollout/           |          |
|    ep_len_mean     | 55       |
|    ep_rew_mean     | 2.06     |
| time/              |          |
|    episodes        | 4892     |
|    fps             | 16       |
|    time_elapsed    | 16312    |
|    total_timesteps | 265020   |
| train/             |          |
|    actor_loss      | -0.431   |
|    critic_loss     | 0.0176   |
|    ent_coef        | 0.00182  |
|    ent_coef_loss   | 0.525    |
|    learning_rate   | 0.0003   |
|    n_updates       | 255010   |
---------------------------------
---------------------------------
| rollout/           |          |
|    ep_len_mean     | 54.9     |
|    ep_rew_mean     | 1.32     |
| time/              |          |
|    episodes        | 4896     |
|    fps             | 16       |
|    time_elapsed    | 16321    |
|    total_timesteps | 265160   |
| train/             |          |
|    actor_loss      | -0.407   |
|    critic_loss     | 0.0168   |
|    ent_coef        | 0.0018   |
|    ent_coef_loss   | -0.911   |
|    learning_rate   | 0.0003   |
|    n_updates       | 255150   |
---------------------------------
---------------------------------
| rollout/           |          |
|    ep_len_mean     | 55.2     |
|    ep_rew_mean     | 6.16     |
| time/              |          |
|    episodes        | 4900     |
|    fps             | 16       |
|    time_elapsed    | 16337    |
|    total_timesteps | 265410   |
| train/             |          |
|    actor_loss      | -0.41    |
|    critic_loss     | 0.0226   |
|    ent_coef        | 0.0018   |
|    ent_coef_loss   | -0.564   |
|    learning_rate   | 0.0003   |
|    n_updates       | 255400   |
---------------------------------
---------------------------------
| rollout/           |          |
|    ep_len_mean     | 55.7     |
|    ep_rew_mean     | 10.1     |
| time/              |          |
|    episodes        | 4904     |
|    fps             | 16       |
|    time_elapsed    | 16357    |
|    total_timesteps | 265740   |
| train/             |          |
|    actor_loss      | -0.377   |
|    critic_loss     | 0.0259   |
|    ent_coef        | 0.0018   |
|    ent_coef_loss   | -0.375   |
|    learning_rate   | 0.0003   |
|    n_updates       | 255730   |
---------------------------------
---------------------------------
| rollout/           |          |
|    ep_len_mean     | 56.2     |
|    ep_rew_mean     | 15.8     |
| time/              |          |
|    episodes        | 4908     |
|    fps             | 16       |
|    time_elapsed    | 16366    |
|    total_timesteps | 265890   |
| train/             |          |
|    actor_loss      | -0.406   |
|    critic_loss     | 0.0244   |
|    ent_coef        | 0.00181  |
|    ent_coef_loss   | -0.0648  |
|    learning_rate   | 0.0003   |
|    n_updates       | 255880   |
---------------------------------
---------------------------------
| rollout/           |          |
|    ep_len_mean     | 56.3     |
|    ep_rew_mean     | 16.1     |
| time/              |          |
|    episodes        | 4912     |
|    fps             | 16       |
|    time_elapsed    | 16386    |
|    total_timesteps | 266210   |
| train/             |          |
|    actor_loss      | -0.359   |
|    critic_loss     | 0.0252   |
|    ent_coef        | 0.00182  |
|    ent_coef_loss   | 0.48     |
|    learning_rate   | 0.0003   |
|    n_updates       | 256200   |
---------------------------------
---------------------------------
| rollout/           |          |
|    ep_len_mean     | 56.4     |
|    ep_rew_mean     | 19.1     |
| time/              |          |
|    episodes        | 4916     |
|    fps             | 16       |
|    time_elapsed    | 16397    |
|    total_timesteps | 266380   |
| train/             |          |
|    actor_loss      | -0.4     |
|    critic_loss     | 0.0301   |
|    ent_coef        | 0.00186  |
|    ent_coef_loss   | -0.262   |
|    learning_rate   | 0.0003   |
|    n_updates       | 256370   |
---------------------------------
---------------------------------
| rollout/           |          |
|    ep_len_mean     | 56.1     |
|    ep_rew_mean     | 15       |
| time/              |          |
|    episodes        | 4920     |
|    fps             | 16       |
|    time_elapsed    | 16412    |
|    total_timesteps | 266630   |
| train/             |          |
|    actor_loss      | -0.445   |
|    critic_loss     | 0.0155   |
|    ent_coef        | 0.00185  |
|    ent_coef_loss   | -0.633   |
|    learning_rate   | 0.0003   |
|    n_updates       | 256620   |
---------------------------------
---------------------------------
| rollout/           |          |
|    ep_len_mean     | 56       |
|    ep_rew_mean     | 11.9     |
| time/              |          |
|    episodes        | 4924     |
|    fps             | 16       |
|    time_elapsed    | 16425    |
|    total_timesteps | 266840   |
| train/             |          |
|    actor_loss      | -0.431   |
|    critic_loss     | 0.015    |
|    ent_coef        | 0.00185  |
|    ent_coef_loss   | 0.278    |
|    learning_rate   | 0.0003   |
|    n_updates       | 256830   |
---------------------------------
---------------------------------
| rollout/           |          |
|    ep_len_mean     | 55.8     |
|    ep_rew_mean     | 16.7     |
| time/              |          |
|    episodes        | 4928     |
|    fps             | 16       |
|    time_elapsed    | 16436    |
|    total_timesteps | 267010   |
| train/             |          |
|    actor_loss      | -0.438   |
|    critic_loss     | 0.0253   |
|    ent_coef        | 0.00185  |
|    ent_coef_loss   | -0.434   |
|    learning_rate   | 0.0003   |
|    n_updates       | 257000   |
---------------------------------
---------------------------------
| rollout/           |          |
|    ep_len_mean     | 55.7     |
|    ep_rew_mean     | 14.6     |
| time/              |          |
|    episodes        | 4932     |
|    fps             | 16       |
|    time_elapsed    | 16452    |
|    total_timesteps | 267260   |
| train/             |          |
|    actor_loss      | -0.44    |
|    critic_loss     | 0.0177   |
|    ent_coef        | 0.00183  |
|    ent_coef_loss   | 0.203    |
|    learning_rate   | 0.0003   |
|    n_updates       | 257250   |
---------------------------------
---------------------------------
| rollout/           |          |
|    ep_len_mean     | 55.7     |
|    ep_rew_mean     | 16.3     |
| time/              |          |
|    episodes        | 4936     |
|    fps             | 16       |
|    time_elapsed    | 16467    |
|    total_timesteps | 267510   |
| train/             |          |
|    actor_loss      | -0.423   |
|    critic_loss     | 0.0209   |
|    ent_coef        | 0.00183  |
|    ent_coef_loss   | -0.233   |
|    learning_rate   | 0.0003   |
|    n_updates       | 257500   |
---------------------------------
---------------------------------
| rollout/           |          |
|    ep_len_mean     | 56       |
|    ep_rew_mean     | 26       |
| time/              |          |
|    episodes        | 4940     |
|    fps             | 16       |
|    time_elapsed    | 16485    |
|    total_timesteps | 267770   |
| train/             |          |
|    actor_loss      | -0.416   |
|    critic_loss     | 0.0206   |
|    ent_coef        | 0.00182  |
|    ent_coef_loss   | -0.465   |
|    learning_rate   | 0.0003   |
|    n_updates       | 257760   |
---------------------------------
---------------------------------
| rollout/           |          |
|    ep_len_mean     | 56       |
|    ep_rew_mean     | 26.2     |
| time/              |          |
|    episodes        | 4944     |
|    fps             | 16       |
|    time_elapsed    | 16494    |
|    total_timesteps | 267910   |
| train/             |          |
|    actor_loss      | -0.473   |
|    critic_loss     | 0.0178   |
|    ent_coef        | 0.00182  |
|    ent_coef_loss   | -0.421   |
|    learning_rate   | 0.0003   |
|    n_updates       | 257900   |
---------------------------------
---------------------------------
| rollout/           |          |
|    ep_len_mean     | 56.3     |
|    ep_rew_mean     | 29.9     |
| time/              |          |
|    episodes        | 4948     |
|    fps             | 16       |
|    time_elapsed    | 16511    |
|    total_timesteps | 268190   |
| train/             |          |
|    actor_loss      | -0.462   |
|    critic_loss     | 0.0209   |
|    ent_coef        | 0.00181  |
|    ent_coef_loss   | 0.145    |
|    learning_rate   | 0.0003   |
|    n_updates       | 258180   |
---------------------------------
---------------------------------
| rollout/           |          |
|    ep_len_mean     | 55.9     |
|    ep_rew_mean     | 24.5     |
| time/              |          |
|    episodes        | 4952     |
|    fps             | 16       |
|    time_elapsed    | 16526    |
|    total_timesteps | 268440   |
| train/             |          |
|    actor_loss      | -0.413   |
|    critic_loss     | 0.0169   |
|    ent_coef        | 0.00176  |
|    ent_coef_loss   | -0.793   |
|    learning_rate   | 0.0003   |
|    n_updates       | 258430   |
---------------------------------
---------------------------------
| rollout/           |          |
|    ep_len_mean     | 56.2     |
|    ep_rew_mean     | 27.1     |
| time/              |          |
|    episodes        | 4956     |
|    fps             | 16       |
|    time_elapsed    | 16533    |
|    total_timesteps | 268570   |
| train/             |          |
|    actor_loss      | -0.401   |
|    critic_loss     | 0.0219   |
|    ent_coef        | 0.00176  |
|    ent_coef_loss   | 0.532    |
|    learning_rate   | 0.0003   |
|    n_updates       | 258560   |
---------------------------------
---------------------------------
| rollout/           |          |
|    ep_len_mean     | 56.1     |
|    ep_rew_mean     | 18.2     |
| time/              |          |
|    episodes        | 4960     |
|    fps             | 16       |
|    time_elapsed    | 16553    |
|    total_timesteps | 268920   |
| train/             |          |
|    actor_loss      | -0.385   |
|    critic_loss     | 0.0219   |
|    ent_coef        | 0.00178  |
|    ent_coef_loss   | 0.0689   |
|    learning_rate   | 0.0003   |
|    n_updates       | 258910   |
---------------------------------
---------------------------------
| rollout/           |          |
|    ep_len_mean     | 56.4     |
|    ep_rew_mean     | 21.9     |
| time/              |          |
|    episodes        | 4964     |
|    fps             | 16       |
|    time_elapsed    | 16563    |
|    total_timesteps | 269080   |
| train/             |          |
|    actor_loss      | -0.436   |
|    critic_loss     | 0.0216   |
|    ent_coef        | 0.00182  |
|    ent_coef_loss   | 0.12     |
|    learning_rate   | 0.0003   |
|    n_updates       | 259070   |
---------------------------------
---------------------------------
| rollout/           |          |
|    ep_len_mean     | 56.4     |
|    ep_rew_mean     | 21       |
| time/              |          |
|    episodes        | 4968     |
|    fps             | 16       |
|    time_elapsed    | 16588    |
|    total_timesteps | 269450   |
| train/             |          |
|    actor_loss      | -0.356   |
|    critic_loss     | 0.0187   |
|    ent_coef        | 0.00184  |
|    ent_coef_loss   | 0.477    |
|    learning_rate   | 0.0003   |
|    n_updates       | 259440   |
---------------------------------
---------------------------------
| rollout/           |          |
|    ep_len_mean     | 56.4     |
|    ep_rew_mean     | 17.4     |
| time/              |          |
|    episodes        | 4972     |
|    fps             | 16       |
|    time_elapsed    | 16600    |
|    total_timesteps | 269620   |
| train/             |          |
|    actor_loss      | -0.428   |
|    critic_loss     | 0.0194   |
|    ent_coef        | 0.00185  |
|    ent_coef_loss   | 0.0287   |
|    learning_rate   | 0.0003   |
|    n_updates       | 259610   |
---------------------------------
---------------------------------
| rollout/           |          |
|    ep_len_mean     | 57       |
|    ep_rew_mean     | 21.3     |
| time/              |          |
|    episodes        | 4976     |
|    fps             | 16       |
|    time_elapsed    | 16613    |
|    total_timesteps | 269830   |
| train/             |          |
|    actor_loss      | -0.408   |
|    critic_loss     | 0.0213   |
|    ent_coef        | 0.00188  |
|    ent_coef_loss   | 0.491    |
|    learning_rate   | 0.0003   |
|    n_updates       | 259820   |
---------------------------------
---------------------------------
| rollout/           |          |
|    ep_len_mean     | 56.9     |
|    ep_rew_mean     | 18       |
| time/              |          |
|    episodes        | 4980     |
|    fps             | 16       |
|    time_elapsed    | 16627    |
|    total_timesteps | 270020   |
| train/             |          |
|    actor_loss      | -0.413   |
|    critic_loss     | 0.0184   |
|    ent_coef        | 0.00191  |
|    ent_coef_loss   | 0.0703   |
|    learning_rate   | 0.0003   |
|    n_updates       | 260010   |
---------------------------------
---------------------------------
| rollout/           |          |
|    ep_len_mean     | 56.7     |
|    ep_rew_mean     | 19.2     |
| time/              |          |
|    episodes        | 4984     |
|    fps             | 16       |
|    time_elapsed    | 16641    |
|    total_timesteps | 270220   |
| train/             |          |
|    actor_loss      | -0.384   |
|    critic_loss     | 0.0215   |
|    ent_coef        | 0.00187  |
|    ent_coef_loss   | -0.481   |
|    learning_rate   | 0.0003   |
|    n_updates       | 260210   |
---------------------------------
---------------------------------
| rollout/           |          |
|    ep_len_mean     | 56.8     |
|    ep_rew_mean     | 15.8     |
| time/              |          |
|    episodes        | 4988     |
|    fps             | 16       |
|    time_elapsed    | 16657    |
|    total_timesteps | 270470   |
| train/             |          |
|    actor_loss      | -0.423   |
|    critic_loss     | 0.0246   |
|    ent_coef        | 0.00185  |
|    ent_coef_loss   | 0.498    |
|    learning_rate   | 0.0003   |
|    n_updates       | 260460   |
---------------------------------
---------------------------------
| rollout/           |          |
|    ep_len_mean     | 57.3     |
|    ep_rew_mean     | 19.9     |
| time/              |          |
|    episodes        | 4992     |
|    fps             | 16       |
|    time_elapsed    | 16670    |
|    total_timesteps | 270680   |
| train/             |          |
|    actor_loss      | -0.438   |
|    critic_loss     | 0.0188   |
|    ent_coef        | 0.00188  |
|    ent_coef_loss   | 0.37     |
|    learning_rate   | 0.0003   |
|    n_updates       | 260670   |
---------------------------------
---------------------------------
| rollout/           |          |
|    ep_len_mean     | 57.5     |
|    ep_rew_mean     | 21.9     |
| time/              |          |
|    episodes        | 4996     |
|    fps             | 16       |
|    time_elapsed    | 16687    |
|    total_timesteps | 270970   |
| train/             |          |
|    actor_loss      | -0.405   |
|    critic_loss     | 0.0231   |
|    ent_coef        | 0.00187  |
|    ent_coef_loss   | -0.235   |
|    learning_rate   | 0.0003   |
|    n_updates       | 260960   |
---------------------------------
---------------------------------
| rollout/           |          |
|    ep_len_mean     | 57.4     |
|    ep_rew_mean     | 21       |
| time/              |          |
|    episodes        | 5000     |
|    fps             | 16       |
|    time_elapsed    | 16697    |
|    total_timesteps | 271140   |
| train/             |          |
|    actor_loss      | -0.403   |
|    critic_loss     | 0.0176   |
|    ent_coef        | 0.00185  |
|    ent_coef_loss   | 0.699    |
|    learning_rate   | 0.0003   |
|    n_updates       | 261130   |
---------------------------------
---------------------------------
| rollout/           |          |
|    ep_len_mean     | 57.7     |
|    ep_rew_mean     | 26.8     |
| time/              |          |
|    episodes        | 5004     |
|    fps             | 16       |
|    time_elapsed    | 16712    |
|    total_timesteps | 271390   |
| train/             |          |
|    actor_loss      | -0.445   |
|    critic_loss     | 0.0154   |
|    ent_coef        | 0.00182  |
|    ent_coef_loss   | -0.715   |
|    learning_rate   | 0.0003   |
|    n_updates       | 261380   |
---------------------------------
---------------------------------
| rollout/           |          |
|    ep_len_mean     | 57.1     |
|    ep_rew_mean     | 20.3     |
| time/              |          |
|    episodes        | 5008     |
|    fps             | 16       |
|    time_elapsed    | 16724    |
|    total_timesteps | 271600   |
| train/             |          |
|    actor_loss      | -0.404   |
|    critic_loss     | 0.0208   |
|    ent_coef        | 0.00179  |
|    ent_coef_loss   | -0.253   |
|    learning_rate   | 0.0003   |
|    n_updates       | 261590   |
---------------------------------
---------------------------------
| rollout/           |          |
|    ep_len_mean     | 57.2     |
|    ep_rew_mean     | 15.8     |
| time/              |          |
|    episodes        | 5012     |
|    fps             | 16       |
|    time_elapsed    | 16745    |
|    total_timesteps | 271950   |
| train/             |          |
|    actor_loss      | -0.41    |
|    critic_loss     | 0.0211   |
|    ent_coef        | 0.00177  |
|    ent_coef_loss   | 0.318    |
|    learning_rate   | 0.0003   |
|    n_updates       | 261940   |
---------------------------------
---------------------------------
| rollout/           |          |
|    ep_len_mean     | 57.2     |
|    ep_rew_mean     | 16.3     |
| time/              |          |
|    episodes        | 5016     |
|    fps             | 16       |
|    time_elapsed    | 16754    |
|    total_timesteps | 272100   |
| train/             |          |
|    actor_loss      | -0.417   |
|    critic_loss     | 0.0186   |
|    ent_coef        | 0.00179  |
|    ent_coef_loss   | -0.0758  |
|    learning_rate   | 0.0003   |
|    n_updates       | 262090   |
---------------------------------
---------------------------------
| rollout/           |          |
|    ep_len_mean     | 57.5     |
|    ep_rew_mean     | 20.8     |
| time/              |          |
|    episodes        | 5020     |
|    fps             | 16       |
|    time_elapsed    | 16774    |
|    total_timesteps | 272440   |
| train/             |          |
|    actor_loss      | -0.388   |
|    critic_loss     | 0.0253   |
|    ent_coef        | 0.00175  |
|    ent_coef_loss   | 0.715    |
|    learning_rate   | 0.0003   |
|    n_updates       | 262430   |
---------------------------------
---------------------------------
| rollout/           |          |
|    ep_len_mean     | 57.8     |
|    ep_rew_mean     | 24.8     |
| time/              |          |
|    episodes        | 5024     |
|    fps             | 16       |
|    time_elapsed    | 16787    |
|    total_timesteps | 272650   |
| train/             |          |
|    actor_loss      | -0.421   |
|    critic_loss     | 0.0194   |
|    ent_coef        | 0.00177  |
|    ent_coef_loss   | 0.157    |
|    learning_rate   | 0.0003   |
|    n_updates       | 262640   |
---------------------------------
---------------------------------
| rollout/           |          |
|    ep_len_mean     | 58.2     |
|    ep_rew_mean     | 28.8     |
| time/              |          |
|    episodes        | 5028     |
|    fps             | 16       |
|    time_elapsed    | 16796    |
|    total_timesteps | 272800   |
| train/             |          |
|    actor_loss      | -0.471   |
|    critic_loss     | 0.0191   |
|    ent_coef        | 0.00174  |
|    ent_coef_loss   | 0.07     |
|    learning_rate   | 0.0003   |
|    n_updates       | 262790   |
---------------------------------
---------------------------------
| rollout/           |          |
|    ep_len_mean     | 58.4     |
|    ep_rew_mean     | 32.4     |
| time/              |          |
|    episodes        | 5032     |
|    fps             | 16       |
|    time_elapsed    | 16815    |
|    total_timesteps | 273120   |
| train/             |          |
|    actor_loss      | -0.439   |
|    critic_loss     | 0.0274   |
|    ent_coef        | 0.00175  |
|    ent_coef_loss   | -0.388   |
|    learning_rate   | 0.0003   |
|    n_updates       | 263110   |
---------------------------------
---------------------------------
| rollout/           |          |
|    ep_len_mean     | 58.4     |
|    ep_rew_mean     | 33.4     |
| time/              |          |
|    episodes        | 5036     |
|    fps             | 16       |
|    time_elapsed    | 16824    |
|    total_timesteps | 273270   |
| train/             |          |
|    actor_loss      | -0.43    |
|    critic_loss     | 0.0219   |
|    ent_coef        | 0.00176  |
|    ent_coef_loss   | 0.156    |
|    learning_rate   | 0.0003   |
|    n_updates       | 263260   |
---------------------------------
---------------------------------
| rollout/           |          |
|    ep_len_mean     | 58.2     |
|    ep_rew_mean     | 28.2     |
| time/              |          |
|    episodes        | 5040     |
|    fps             | 16       |
|    time_elapsed    | 16845    |
|    total_timesteps | 273610   |
| train/             |          |
|    actor_loss      | -0.409   |
|    critic_loss     | 0.0156   |
|    ent_coef        | 0.00182  |
|    ent_coef_loss   | 0.197    |
|    learning_rate   | 0.0003   |
|    n_updates       | 263600   |
---------------------------------
---------------------------------
| rollout/           |          |
|    ep_len_mean     | 58.1     |
|    ep_rew_mean     | 28.4     |
| time/              |          |
|    episodes        | 5044     |
|    fps             | 16       |
|    time_elapsed    | 16854    |
|    total_timesteps | 273770   |
| train/             |          |
|    actor_loss      | -0.381   |
|    critic_loss     | 0.0235   |
|    ent_coef        | 0.00184  |
|    ent_coef_loss   | 0.844    |
|    learning_rate   | 0.0003   |
|    n_updates       | 263760   |
---------------------------------
---------------------------------
| rollout/           |          |
|    ep_len_mean     | 58       |
|    ep_rew_mean     | 27.9     |
| time/              |          |
|    episodes        | 5048     |
|    fps             | 16       |
|    time_elapsed    | 16866    |
|    total_timesteps | 273950   |
| train/             |          |
|    actor_loss      | -0.392   |
|    critic_loss     | 0.026    |
|    ent_coef        | 0.00187  |
|    ent_coef_loss   | 0.181    |
|    learning_rate   | 0.0003   |
|    n_updates       | 263940   |
---------------------------------
---------------------------------
| rollout/           |          |
|    ep_len_mean     | 58.5     |
|    ep_rew_mean     | 33.8     |
| time/              |          |
|    episodes        | 5052     |
|    fps             | 16       |
|    time_elapsed    | 16892    |
|    total_timesteps | 274360   |
| train/             |          |
|    actor_loss      | -0.482   |
|    critic_loss     | 0.0231   |
|    ent_coef        | 0.00186  |
|    ent_coef_loss   | -1.17    |
|    learning_rate   | 0.0003   |
|    n_updates       | 264350   |
---------------------------------
---------------------------------
| rollout/           |          |
|    ep_len_mean     | 58.8     |
|    ep_rew_mean     | 33.9     |
| time/              |          |
|    episodes        | 5056     |
|    fps             | 16       |
|    time_elapsed    | 16900    |
|    total_timesteps | 274500   |
| train/             |          |
|    actor_loss      | -0.444   |
|    critic_loss     | 0.0233   |
|    ent_coef        | 0.00183  |
|    ent_coef_loss   | -0.269   |
|    learning_rate   | 0.0003   |
|    n_updates       | 264490   |
---------------------------------
---------------------------------
| rollout/           |          |
|    ep_len_mean     | 58.6     |
|    ep_rew_mean     | 38       |
| time/              |          |
|    episodes        | 5060     |
|    fps             | 16       |
|    time_elapsed    | 16913    |
|    total_timesteps | 274710   |
| train/             |          |
|    actor_loss      | -0.457   |
|    critic_loss     | 0.0205   |
|    ent_coef        | 0.00183  |
|    ent_coef_loss   | 0.15     |
|    learning_rate   | 0.0003   |
|    n_updates       | 264700   |
---------------------------------
---------------------------------
| rollout/           |          |
|    ep_len_mean     | 58.3     |
|    ep_rew_mean     | 33.9     |
| time/              |          |
|    episodes        | 5064     |
|    fps             | 16       |
|    time_elapsed    | 16929    |
|    total_timesteps | 274970   |
| train/             |          |
|    actor_loss      | -0.437   |
|    critic_loss     | 0.0167   |
|    ent_coef        | 0.00182  |
|    ent_coef_loss   | 0.0232   |
|    learning_rate   | 0.0003   |
|    n_updates       | 264960   |
---------------------------------
---------------------------------
| rollout/           |          |
|    ep_len_mean     | 58.3     |
|    ep_rew_mean     | 34.4     |
| time/              |          |
|    episodes        | 5068     |
|    fps             | 16       |
|    time_elapsed    | 16940    |
|    total_timesteps | 275150   |
| train/             |          |
|    actor_loss      | -0.394   |
|    critic_loss     | 0.0195   |
|    ent_coef        | 0.0018   |
|    ent_coef_loss   | 0.557    |
|    learning_rate   | 0.0003   |
|    n_updates       | 265140   |
---------------------------------
---------------------------------
| rollout/           |          |
|    ep_len_mean     | 58.2     |
|    ep_rew_mean     | 33       |
| time/              |          |
|    episodes        | 5072     |
|    fps             | 16       |
|    time_elapsed    | 16956    |
|    total_timesteps | 275410   |
| train/             |          |
|    actor_loss      | -0.473   |
|    critic_loss     | 0.0254   |
|    ent_coef        | 0.00182  |
|    ent_coef_loss   | 0.395    |
|    learning_rate   | 0.0003   |
|    n_updates       | 265400   |
---------------------------------
---------------------------------
| rollout/           |          |
|    ep_len_mean     | 57.6     |
|    ep_rew_mean     | 29       |
| time/              |          |
|    episodes        | 5076     |
|    fps             | 16       |
|    time_elapsed    | 16970    |
|    total_timesteps | 275650   |
| train/             |          |
|    actor_loss      | -0.446   |
|    critic_loss     | 0.0208   |
|    ent_coef        | 0.00188  |
|    ent_coef_loss   | 0.327    |
|    learning_rate   | 0.0003   |
|    n_updates       | 265640   |
---------------------------------
---------------------------------
| rollout/           |          |
|    ep_len_mean     | 57.5     |
|    ep_rew_mean     | 29.6     |
| time/              |          |
|    episodes        | 5080     |
|    fps             | 16       |
|    time_elapsed    | 16976    |
|    total_timesteps | 275760   |
| train/             |          |
|    actor_loss      | -0.428   |
|    critic_loss     | 0.0217   |
|    ent_coef        | 0.0019   |
|    ent_coef_loss   | -0.483   |
|    learning_rate   | 0.0003   |
|    n_updates       | 265750   |
---------------------------------
---------------------------------
| rollout/           |          |
|    ep_len_mean     | 57.8     |
|    ep_rew_mean     | 33.9     |
| time/              |          |
|    episodes        | 5084     |
|    fps             | 16       |
|    time_elapsed    | 16986    |
|    total_timesteps | 275920   |
| train/             |          |
|    actor_loss      | -0.442   |
|    critic_loss     | 0.0174   |
|    ent_coef        | 0.0019   |
|    ent_coef_loss   | 0.48     |
|    learning_rate   | 0.0003   |
|    n_updates       | 265910   |
---------------------------------
---------------------------------
| rollout/           |          |
|    ep_len_mean     | 57.6     |
|    ep_rew_mean     | 29.4     |
| time/              |          |
|    episodes        | 5088     |
|    fps             | 16       |
|    time_elapsed    | 17003    |
|    total_timesteps | 276210   |
| train/             |          |
|    actor_loss      | -0.4     |
|    critic_loss     | 0.0216   |
|    ent_coef        | 0.00193  |
|    ent_coef_loss   | 0.553    |
|    learning_rate   | 0.0003   |
|    n_updates       | 266200   |
---------------------------------
---------------------------------
| rollout/           |          |
|    ep_len_mean     | 57.2     |
|    ep_rew_mean     | 33.1     |
| time/              |          |
|    episodes        | 5092     |
|    fps             | 16       |
|    time_elapsed    | 17015    |
|    total_timesteps | 276390   |
| train/             |          |
|    actor_loss      | -0.42    |
|    critic_loss     | 0.0187   |
|    ent_coef        | 0.00195  |
|    ent_coef_loss   | -0.545   |
|    learning_rate   | 0.0003   |
|    n_updates       | 266380   |
---------------------------------
---------------------------------
| rollout/           |          |
|    ep_len_mean     | 57.2     |
|    ep_rew_mean     | 32.9     |
| time/              |          |
|    episodes        | 5096     |
|    fps             | 16       |
|    time_elapsed    | 17034    |
|    total_timesteps | 276630   |
| train/             |          |
|    actor_loss      | -0.429   |
|    critic_loss     | 0.0204   |
|    ent_coef        | 0.00193  |
|    ent_coef_loss   | 0.213    |
|    learning_rate   | 0.0003   |
|    n_updates       | 266620   |
---------------------------------
---------------------------------
| rollout/           |          |
|    ep_len_mean     | 57.2     |
|    ep_rew_mean     | 33.2     |
| time/              |          |
|    episodes        | 5100     |
|    fps             | 16       |
|    time_elapsed    | 17052    |
|    total_timesteps | 276870   |
| train/             |          |
|    actor_loss      | -0.406   |
|    critic_loss     | 0.0197   |
|    ent_coef        | 0.0019   |
|    ent_coef_loss   | -0.316   |
|    learning_rate   | 0.0003   |
|    n_updates       | 266860   |
---------------------------------
---------------------------------
| rollout/           |          |
|    ep_len_mean     | 56.8     |
|    ep_rew_mean     | 28.8     |
| time/              |          |
|    episodes        | 5104     |
|    fps             | 16       |
|    time_elapsed    | 17065    |
|    total_timesteps | 277060   |
| train/             |          |
|    actor_loss      | -0.411   |
|    critic_loss     | 0.0266   |
|    ent_coef        | 0.00186  |
|    ent_coef_loss   | -0.371   |
|    learning_rate   | 0.0003   |
|    n_updates       | 267050   |
---------------------------------
---------------------------------
| rollout/           |          |
|    ep_len_mean     | 57.2     |
|    ep_rew_mean     | 29.4     |
| time/              |          |
|    episodes        | 5108     |
|    fps             | 16       |
|    time_elapsed    | 17090    |
|    total_timesteps | 277410   |
| train/             |          |
|    actor_loss      | -0.402   |
|    critic_loss     | 0.0178   |
|    ent_coef        | 0.00181  |
|    ent_coef_loss   | 0.0979   |
|    learning_rate   | 0.0003   |
|    n_updates       | 267400   |
---------------------------------
---------------------------------
| rollout/           |          |
|    ep_len_mean     | 56.8     |
|    ep_rew_mean     | 28.7     |
| time/              |          |
|    episodes        | 5112     |
|    fps             | 16       |
|    time_elapsed    | 17100    |
|    total_timesteps | 277570   |
| train/             |          |
|    actor_loss      | -0.447   |
|    critic_loss     | 0.0167   |
|    ent_coef        | 0.0018   |
|    ent_coef_loss   | -0.252   |
|    learning_rate   | 0.0003   |
|    n_updates       | 267560   |
---------------------------------
---------------------------------
| rollout/           |          |
|    ep_len_mean     | 56.8     |
|    ep_rew_mean     | 29.2     |
| time/              |          |
|    episodes        | 5116     |
|    fps             | 16       |
|    time_elapsed    | 17112    |
|    total_timesteps | 277740   |
| train/             |          |
|    actor_loss      | -0.463   |
|    critic_loss     | 0.023    |
|    ent_coef        | 0.0018   |
|    ent_coef_loss   | 0.465    |
|    learning_rate   | 0.0003   |
|    n_updates       | 267730   |
---------------------------------
---------------------------------
| rollout/           |          |
|    ep_len_mean     | 56.3     |
|    ep_rew_mean     | 24.5     |
| time/              |          |
|    episodes        | 5120     |
|    fps             | 16       |
|    time_elapsed    | 17136    |
|    total_timesteps | 278080   |
| train/             |          |
|    actor_loss      | -0.446   |
|    critic_loss     | 0.025    |
|    ent_coef        | 0.00183  |
|    ent_coef_loss   | -0.344   |
|    learning_rate   | 0.0003   |
|    n_updates       | 268070   |
---------------------------------
---------------------------------
| rollout/           |          |
|    ep_len_mean     | 56.3     |
|    ep_rew_mean     | 23.7     |
| time/              |          |
|    episodes        | 5124     |
|    fps             | 16       |
|    time_elapsed    | 17145    |
|    total_timesteps | 278210   |
| train/             |          |
|    actor_loss      | -0.444   |
|    critic_loss     | 0.0234   |
|    ent_coef        | 0.00184  |
|    ent_coef_loss   | 0.378    |
|    learning_rate   | 0.0003   |
|    n_updates       | 268200   |
---------------------------------
---------------------------------
| rollout/           |          |
|    ep_len_mean     | 55.9     |
|    ep_rew_mean     | 20.1     |
| time/              |          |
|    episodes        | 5128     |
|    fps             | 16       |
|    time_elapsed    | 17158    |
|    total_timesteps | 278370   |
| train/             |          |
|    actor_loss      | -0.419   |
|    critic_loss     | 0.0187   |
|    ent_coef        | 0.00184  |
|    ent_coef_loss   | -0.449   |
|    learning_rate   | 0.0003   |
|    n_updates       | 268360   |
---------------------------------
---------------------------------
| rollout/           |          |
|    ep_len_mean     | 55.4     |
|    ep_rew_mean     | 11.7     |
| time/              |          |
|    episodes        | 5132     |
|    fps             | 16       |
|    time_elapsed    | 17185    |
|    total_timesteps | 278700   |
| train/             |          |
|    actor_loss      | -0.484   |
|    critic_loss     | 0.0227   |
|    ent_coef        | 0.00186  |
|    ent_coef_loss   | -0.567   |
|    learning_rate   | 0.0003   |
|    n_updates       | 268690   |
---------------------------------
---------------------------------
| rollout/           |          |
|    ep_len_mean     | 55.5     |
|    ep_rew_mean     | 13       |
| time/              |          |
|    episodes        | 5136     |
|    fps             | 16       |
|    time_elapsed    | 17207    |
|    total_timesteps | 278950   |
| train/             |          |
|    actor_loss      | -0.389   |
|    critic_loss     | 0.021    |
|    ent_coef        | 0.00184  |
|    ent_coef_loss   | -0.293   |
|    learning_rate   | 0.0003   |
|    n_updates       | 268940   |
---------------------------------
---------------------------------
| rollout/           |          |
|    ep_len_mean     | 55.9     |
|    ep_rew_mean     | 14       |
| time/              |          |
|    episodes        | 5140     |
|    fps             | 16       |
|    time_elapsed    | 17239    |
|    total_timesteps | 279150   |
| train/             |          |
|    actor_loss      | -0.425   |
|    critic_loss     | 0.024    |
|    ent_coef        | 0.00184  |
|    ent_coef_loss   | -0.484   |
|    learning_rate   | 0.0003   |
|    n_updates       | 269140   |
---------------------------------
---------------------------------
| rollout/           |          |
|    ep_len_mean     | 56.1     |
|    ep_rew_mean     | 13.8     |
| time/              |          |
|    episodes        | 5144     |
|    fps             | 16       |
|    time_elapsed    | 17274    |
|    total_timesteps | 279370   |
| train/             |          |
|    actor_loss      | -0.471   |
|    critic_loss     | 0.0214   |
|    ent_coef        | 0.00181  |
|    ent_coef_loss   | -0.351   |
|    learning_rate   | 0.0003   |
|    n_updates       | 269360   |
---------------------------------
---------------------------------
| rollout/           |          |
|    ep_len_mean     | 56.1     |
|    ep_rew_mean     | 13.4     |
| time/              |          |
|    episodes        | 5148     |
|    fps             | 16       |
|    time_elapsed    | 17295    |
|    total_timesteps | 279600   |
| train/             |          |
|    actor_loss      | -0.394   |
|    critic_loss     | 0.0197   |
|    ent_coef        | 0.0018   |
|    ent_coef_loss   | 0.39     |
|    learning_rate   | 0.0003   |
|    n_updates       | 269590   |
---------------------------------
---------------------------------
| rollout/           |          |
|    ep_len_mean     | 56       |
|    ep_rew_mean     | 12.4     |
| time/              |          |
|    episodes        | 5152     |
|    fps             | 16       |
|    time_elapsed    | 17310    |
|    total_timesteps | 279810   |
| train/             |          |
|    actor_loss      | -0.454   |
|    critic_loss     | 0.0222   |
|    ent_coef        | 0.00183  |
|    ent_coef_loss   | 0.104    |
|    learning_rate   | 0.0003   |
|    n_updates       | 269800   |
---------------------------------
---------------------------------
| rollout/           |          |
|    ep_len_mean     | 55.5     |
|    ep_rew_mean     | 9.27     |
| time/              |          |
|    episodes        | 5156     |
|    fps             | 16       |
|    time_elapsed    | 17326    |
|    total_timesteps | 280050   |
| train/             |          |
|    actor_loss      | -0.466   |
|    critic_loss     | 0.0247   |
|    ent_coef        | 0.0018   |
|    ent_coef_loss   | -0.695   |
|    learning_rate   | 0.0003   |
|    n_updates       | 270040   |
---------------------------------
---------------------------------
| rollout/           |          |
|    ep_len_mean     | 55.1     |
|    ep_rew_mean     | 7.87     |
| time/              |          |
|    episodes        | 5160     |
|    fps             | 16       |
|    time_elapsed    | 17337    |
|    total_timesteps | 280180   |
| train/             |          |
|    actor_loss      | -0.421   |
|    critic_loss     | 0.0229   |
|    ent_coef        | 0.0018   |
|    ent_coef_loss   | -0.229   |
|    learning_rate   | 0.0003   |
|    n_updates       | 270170   |
---------------------------------
---------------------------------
| rollout/           |          |
|    ep_len_mean     | 55.4     |
|    ep_rew_mean     | 10.7     |
| time/              |          |
|    episodes        | 5164     |
|    fps             | 16       |
|    time_elapsed    | 17364    |
|    total_timesteps | 280600   |
| train/             |          |
|    actor_loss      | -0.44    |
|    critic_loss     | 0.0203   |
|    ent_coef        | 0.00177  |
|    ent_coef_loss   | -0.132   |
|    learning_rate   | 0.0003   |
|    n_updates       | 270590   |
---------------------------------
---------------------------------
| rollout/           |          |
|    ep_len_mean     | 55.3     |
|    ep_rew_mean     | 11       |
| time/              |          |
|    episodes        | 5168     |
|    fps             | 16       |
|    time_elapsed    | 17373    |
|    total_timesteps | 280740   |
| train/             |          |
|    actor_loss      | -0.422   |
|    critic_loss     | 0.0168   |
|    ent_coef        | 0.00178  |
|    ent_coef_loss   | 0.114    |
|    learning_rate   | 0.0003   |
|    n_updates       | 270730   |
---------------------------------
---------------------------------
| rollout/           |          |
|    ep_len_mean     | 55       |
|    ep_rew_mean     | 8.31     |
| time/              |          |
|    episodes        | 5172     |
|    fps             | 16       |
|    time_elapsed    | 17379    |
|    total_timesteps | 280830   |
| train/             |          |
|    actor_loss      | -0.474   |
|    critic_loss     | 0.0178   |
|    ent_coef        | 0.00178  |
|    ent_coef_loss   | -0.0838  |
|    learning_rate   | 0.0003   |
|    n_updates       | 270820   |
---------------------------------
---------------------------------
| rollout/           |          |
|    ep_len_mean     | 54.8     |
|    ep_rew_mean     | 3.76     |
| time/              |          |
|    episodes        | 5176     |
|    fps             | 16       |
|    time_elapsed    | 17394    |
|    total_timesteps | 281070   |
| train/             |          |
|    actor_loss      | -0.441   |
|    critic_loss     | 0.0194   |
|    ent_coef        | 0.00174  |
|    ent_coef_loss   | -0.231   |
|    learning_rate   | 0.0003   |
|    n_updates       | 271060   |
---------------------------------
---------------------------------
| rollout/           |          |
|    ep_len_mean     | 55.5     |
|    ep_rew_mean     | 11.2     |
| time/              |          |
|    episodes        | 5180     |
|    fps             | 16       |
|    time_elapsed    | 17414    |
|    total_timesteps | 281380   |
| train/             |          |
|    actor_loss      | -0.43    |
|    critic_loss     | 0.0178   |
|    ent_coef        | 0.00173  |
|    ent_coef_loss   | -0.195   |
|    learning_rate   | 0.0003   |
|    n_updates       | 271370   |
---------------------------------
---------------------------------
| rollout/           |          |
|    ep_len_mean     | 55.9     |
|    ep_rew_mean     | 16.4     |
| time/              |          |
|    episodes        | 5184     |
|    fps             | 16       |
|    time_elapsed    | 17423    |
|    total_timesteps | 281540   |
| train/             |          |
|    actor_loss      | -0.441   |
|    critic_loss     | 0.0194   |
|    ent_coef        | 0.00174  |
|    ent_coef_loss   | 0.7      |
|    learning_rate   | 0.0003   |
|    n_updates       | 271530   |
---------------------------------
---------------------------------
| rollout/           |          |
|    ep_len_mean     | 55.7     |
|    ep_rew_mean     | 15.5     |
| time/              |          |
|    episodes        | 5188     |
|    fps             | 16       |
|    time_elapsed    | 17441    |
|    total_timesteps | 281790   |
| train/             |          |
|    actor_loss      | -0.395   |
|    critic_loss     | 0.0152   |
|    ent_coef        | 0.00174  |
|    ent_coef_loss   | -0.176   |
|    learning_rate   | 0.0003   |
|    n_updates       | 271780   |
---------------------------------
---------------------------------
| rollout/           |          |
|    ep_len_mean     | 55.9     |
|    ep_rew_mean     | 16.9     |
| time/              |          |
|    episodes        | 5192     |
|    fps             | 16       |
|    time_elapsed    | 17465    |
|    total_timesteps | 282010   |
| train/             |          |
|    actor_loss      | -0.441   |
|    critic_loss     | 0.0208   |
|    ent_coef        | 0.00179  |
|    ent_coef_loss   | -0.501   |
|    learning_rate   | 0.0003   |
|    n_updates       | 272000   |
---------------------------------
---------------------------------
| rollout/           |          |
|    ep_len_mean     | 56       |
|    ep_rew_mean     | 14.9     |
| time/              |          |
|    episodes        | 5196     |
|    fps             | 16       |
|    time_elapsed    | 17476    |
|    total_timesteps | 282170   |
| train/             |          |
|    actor_loss      | -0.439   |
|    critic_loss     | 0.0182   |
|    ent_coef        | 0.00181  |
|    ent_coef_loss   | 0.748    |
|    learning_rate   | 0.0003   |
|    n_updates       | 272160   |
---------------------------------
---------------------------------
| rollout/           |          |
|    ep_len_mean     | 55.4     |
|    ep_rew_mean     | 7.08     |
| time/              |          |
|    episodes        | 5200     |
|    fps             | 16       |
|    time_elapsed    | 17491    |
|    total_timesteps | 282400   |
| train/             |          |
|    actor_loss      | -0.391   |
|    critic_loss     | 0.0225   |
|    ent_coef        | 0.00181  |
|    ent_coef_loss   | 0.146    |
|    learning_rate   | 0.0003   |
|    n_updates       | 272390   |
---------------------------------
---------------------------------
| rollout/           |          |
|    ep_len_mean     | 54.8     |
|    ep_rew_mean     | -2.15    |
| time/              |          |
|    episodes        | 5204     |
|    fps             | 16       |
|    time_elapsed    | 17499    |
|    total_timesteps | 282490   |
| train/             |          |
|    actor_loss      | -0.422   |
|    critic_loss     | 0.0212   |
|    ent_coef        | 0.00182  |
|    ent_coef_loss   | 0.211    |
|    learning_rate   | 0.0003   |
|    n_updates       | 272480   |
---------------------------------
---------------------------------
| rollout/           |          |
|    ep_len_mean     | 54.3     |
|    ep_rew_mean     | -6.46    |
| time/              |          |
|    episodes        | 5208     |
|    fps             | 16       |
|    time_elapsed    | 17516    |
|    total_timesteps | 282730   |
| train/             |          |
|    actor_loss      | -0.419   |
|    critic_loss     | 0.019    |
|    ent_coef        | 0.00185  |
|    ent_coef_loss   | 0.831    |
|    learning_rate   | 0.0003   |
|    n_updates       | 272720   |
---------------------------------
---------------------------------
| rollout/           |          |
|    ep_len_mean     | 54.1     |
|    ep_rew_mean     | -7.27    |
| time/              |          |
|    episodes        | 5212     |
|    fps             | 16       |
|    time_elapsed    | 17532    |
|    total_timesteps | 282980   |
| train/             |          |
|    actor_loss      | -0.429   |
|    critic_loss     | 0.0183   |
|    ent_coef        | 0.00188  |
|    ent_coef_loss   | 0.0618   |
|    learning_rate   | 0.0003   |
|    n_updates       | 272970   |
---------------------------------
---------------------------------
| rollout/           |          |
|    ep_len_mean     | 54.1     |
|    ep_rew_mean     | -7.52    |
| time/              |          |
|    episodes        | 5216     |
|    fps             | 16       |
|    time_elapsed    | 17546    |
|    total_timesteps | 283160   |
| train/             |          |
|    actor_loss      | -0.401   |
|    critic_loss     | 0.0211   |
|    ent_coef        | 0.00185  |
|    ent_coef_loss   | 0.352    |
|    learning_rate   | 0.0003   |
|    n_updates       | 273150   |
---------------------------------
---------------------------------
| rollout/           |          |
|    ep_len_mean     | 54.2     |
|    ep_rew_mean     | -7.39    |
| time/              |          |
|    episodes        | 5220     |
|    fps             | 16       |
|    time_elapsed    | 17579    |
|    total_timesteps | 283510   |
| train/             |          |
|    actor_loss      | -0.432   |
|    critic_loss     | 0.0156   |
|    ent_coef        | 0.00188  |
|    ent_coef_loss   | -0.169   |
|    learning_rate   | 0.0003   |
|    n_updates       | 273500   |
---------------------------------
---------------------------------
| rollout/           |          |
|    ep_len_mean     | 54.4     |
|    ep_rew_mean     | -6.81    |
| time/              |          |
|    episodes        | 5224     |
|    fps             | 16       |
|    time_elapsed    | 17594    |
|    total_timesteps | 283680   |
| train/             |          |
|    actor_loss      | -0.394   |
|    critic_loss     | 0.0158   |
|    ent_coef        | 0.00184  |
|    ent_coef_loss   | -0.26    |
|    learning_rate   | 0.0003   |
|    n_updates       | 273670   |
---------------------------------
---------------------------------
| rollout/           |          |
|    ep_len_mean     | 54.3     |
|    ep_rew_mean     | -6.93    |
| time/              |          |
|    episodes        | 5228     |
|    fps             | 16       |
|    time_elapsed    | 17607    |
|    total_timesteps | 283870   |
| train/             |          |
|    actor_loss      | -0.415   |
|    critic_loss     | 0.0185   |
|    ent_coef        | 0.00186  |
|    ent_coef_loss   | 0.247    |
|    learning_rate   | 0.0003   |
|    n_updates       | 273860   |
---------------------------------
---------------------------------
| rollout/           |          |
|    ep_len_mean     | 54.8     |
|    ep_rew_mean     | 0.673    |
| time/              |          |
|    episodes        | 5232     |
|    fps             | 16       |
|    time_elapsed    | 17629    |
|    total_timesteps | 284160   |
| train/             |          |
|    actor_loss      | -0.45    |
|    critic_loss     | 0.0221   |
|    ent_coef        | 0.00189  |
|    ent_coef_loss   | 0.188    |
|    learning_rate   | 0.0003   |
|    n_updates       | 274150   |
---------------------------------
---------------------------------
| rollout/           |          |
|    ep_len_mean     | 54.7     |
|    ep_rew_mean     | -2.58    |
| time/              |          |
|    episodes        | 5236     |
|    fps             | 16       |
|    time_elapsed    | 17643    |
|    total_timesteps | 284340   |
| train/             |          |
|    actor_loss      | -0.385   |
|    critic_loss     | 0.0166   |
|    ent_coef        | 0.00187  |
|    ent_coef_loss   | 0.113    |
|    learning_rate   | 0.0003   |
|    n_updates       | 274330   |
---------------------------------
---------------------------------
| rollout/           |          |
|    ep_len_mean     | 54.3     |
|    ep_rew_mean     | -2.75    |
| time/              |          |
|    episodes        | 5240     |
|    fps             | 16       |
|    time_elapsed    | 17657    |
|    total_timesteps | 284520   |
| train/             |          |
|    actor_loss      | -0.465   |
|    critic_loss     | 0.0144   |
|    ent_coef        | 0.00187  |
|    ent_coef_loss   | 0.938    |
|    learning_rate   | 0.0003   |
|    n_updates       | 274510   |
---------------------------------
---------------------------------
| rollout/           |          |
|    ep_len_mean     | 54.1     |
|    ep_rew_mean     | -6.26    |
| time/              |          |
|    episodes        | 5244     |
|    fps             | 16       |
|    time_elapsed    | 17679    |
|    total_timesteps | 284790   |
| train/             |          |
|    actor_loss      | -0.36    |
|    critic_loss     | 0.0239   |
|    ent_coef        | 0.00186  |
|    ent_coef_loss   | -1.31    |
|    learning_rate   | 0.0003   |
|    n_updates       | 274780   |
---------------------------------
---------------------------------
| rollout/           |          |
|    ep_len_mean     | 53.6     |
|    ep_rew_mean     | -19      |
| time/              |          |
|    episodes        | 5248     |
|    fps             | 16       |
|    time_elapsed    | 17690    |
|    total_timesteps | 284920   |
| train/             |          |
|    actor_loss      | -0.408   |
|    critic_loss     | 0.021    |
|    ent_coef        | 0.00183  |
|    ent_coef_loss   | -0.873   |
|    learning_rate   | 0.0003   |
|    n_updates       | 274910   |
---------------------------------
---------------------------------
| rollout/           |          |
|    ep_len_mean     | 53.1     |
|    ep_rew_mean     | -22.8    |
| time/              |          |
|    episodes        | 5252     |
|    fps             | 16       |
|    time_elapsed    | 17712    |
|    total_timesteps | 285200   |
| train/             |          |
|    actor_loss      | -0.434   |
|    critic_loss     | 0.023    |
|    ent_coef        | 0.00177  |
|    ent_coef_loss   | -0.67    |
|    learning_rate   | 0.0003   |
|    n_updates       | 275190   |
---------------------------------
---------------------------------
| rollout/           |          |
|    ep_len_mean     | 53.3     |
|    ep_rew_mean     | -23.4    |
| time/              |          |
|    episodes        | 5256     |
|    fps             | 16       |
|    time_elapsed    | 17728    |
|    total_timesteps | 285440   |
| train/             |          |
|    actor_loss      | -0.409   |
|    critic_loss     | 0.0185   |
|    ent_coef        | 0.00177  |
|    ent_coef_loss   | -0.0602  |
|    learning_rate   | 0.0003   |
|    n_updates       | 275430   |
---------------------------------
---------------------------------
| rollout/           |          |
|    ep_len_mean     | 54       |
|    ep_rew_mean     | -17.7    |
| time/              |          |
|    episodes        | 5260     |
|    fps             | 16       |
|    time_elapsed    | 17743    |
|    total_timesteps | 285640   |
| train/             |          |
|    actor_loss      | -0.442   |
|    critic_loss     | 0.0207   |
|    ent_coef        | 0.00175  |
|    ent_coef_loss   | -0.307   |
|    learning_rate   | 0.0003   |
|    n_updates       | 275630   |
---------------------------------
---------------------------------
| rollout/           |          |
|    ep_len_mean     | 54.2     |
|    ep_rew_mean     | -21.8    |
| time/              |          |
|    episodes        | 5264     |
|    fps             | 16       |
|    time_elapsed    | 17769    |
|    total_timesteps | 286000   |
| train/             |          |
|    actor_loss      | -0.451   |
|    critic_loss     | 0.0184   |
|    ent_coef        | 0.00179  |
|    ent_coef_loss   | 0.47     |
|    learning_rate   | 0.0003   |
|    n_updates       | 275990   |
---------------------------------
---------------------------------
| rollout/           |          |
|    ep_len_mean     | 53.9     |
|    ep_rew_mean     | -27.4    |
| time/              |          |
|    episodes        | 5268     |
|    fps             | 16       |
|    time_elapsed    | 17773    |
|    total_timesteps | 286060   |
| train/             |          |
|    actor_loss      | -0.44    |
|    critic_loss     | 0.021    |
|    ent_coef        | 0.0018   |
|    ent_coef_loss   | -0.33    |
|    learning_rate   | 0.0003   |
|    n_updates       | 276050   |
---------------------------------
---------------------------------
| rollout/           |          |
|    ep_len_mean     | 54.5     |
|    ep_rew_mean     | -19.6    |
| time/              |          |
|    episodes        | 5272     |
|    fps             | 16       |
|    time_elapsed    | 17798    |
|    total_timesteps | 286390   |
| train/             |          |
|    actor_loss      | -0.425   |
|    critic_loss     | 0.0187   |
|    ent_coef        | 0.00182  |
|    ent_coef_loss   | -0.0535  |
|    learning_rate   | 0.0003   |
|    n_updates       | 276380   |
---------------------------------
---------------------------------
| rollout/           |          |
|    ep_len_mean     | 55       |
|    ep_rew_mean     | -16.3    |
| time/              |          |
|    episodes        | 5276     |
|    fps             | 16       |
|    time_elapsed    | 17812    |
|    total_timesteps | 286600   |
| train/             |          |
|    actor_loss      | -0.35    |
|    critic_loss     | 0.0291   |
|    ent_coef        | 0.00181  |
|    ent_coef_loss   | 0.267    |
|    learning_rate   | 0.0003   |
|    n_updates       | 276590   |
---------------------------------
---------------------------------
| rollout/           |          |
|    ep_len_mean     | 54.7     |
|    ep_rew_mean     | -19.5    |
| time/              |          |
|    episodes        | 5280     |
|    fps             | 16       |
|    time_elapsed    | 17822    |
|    total_timesteps | 286760   |
| train/             |          |
|    actor_loss      | -0.436   |
|    critic_loss     | 0.029    |
|    ent_coef        | 0.00181  |
|    ent_coef_loss   | -0.0405  |
|    learning_rate   | 0.0003   |
|    n_updates       | 276750   |
---------------------------------
---------------------------------
| rollout/           |          |
|    ep_len_mean     | 54.5     |
|    ep_rew_mean     | -23.5    |
| time/              |          |
|    episodes        | 5284     |
|    fps             | 16       |
|    time_elapsed    | 17843    |
|    total_timesteps | 287090   |
| train/             |          |
|    actor_loss      | -0.464   |
|    critic_loss     | 0.0195   |
|    ent_coef        | 0.0018   |
|    ent_coef_loss   | 0.27     |
|    learning_rate   | 0.0003   |
|    n_updates       | 277080   |
---------------------------------
---------------------------------
| rollout/           |          |
|    ep_len_mean     | 55.4     |
|    ep_rew_mean     | -15.9    |
| time/              |          |
|    episodes        | 5288     |
|    fps             | 16       |
|    time_elapsed    | 17853    |
|    total_timesteps | 287240   |
| train/             |          |
|    actor_loss      | -0.383   |
|    critic_loss     | 0.0213   |
|    ent_coef        | 0.00179  |
|    ent_coef_loss   | 0.635    |
|    learning_rate   | 0.0003   |
|    n_updates       | 277230   |
---------------------------------
---------------------------------
| rollout/           |          |
|    ep_len_mean     | 54.9     |
|    ep_rew_mean     | -21.1    |
| time/              |          |
|    episodes        | 5292     |
|    fps             | 16       |
|    time_elapsed    | 17865    |
|    total_timesteps | 287440   |
| train/             |          |
|    actor_loss      | -0.423   |
|    critic_loss     | 0.0187   |
|    ent_coef        | 0.00182  |
|    ent_coef_loss   | 0.388    |
|    learning_rate   | 0.0003   |
|    n_updates       | 277430   |
---------------------------------
---------------------------------
| rollout/           |          |
|    ep_len_mean     | 54.9     |
|    ep_rew_mean     | -19.5    |
| time/              |          |
|    episodes        | 5296     |
|    fps             | 16       |
|    time_elapsed    | 17889    |
|    total_timesteps | 287740   |
| train/             |          |
|    actor_loss      | -0.436   |
|    critic_loss     | 0.0177   |
|    ent_coef        | 0.00178  |
|    ent_coef_loss   | -1.01    |
|    learning_rate   | 0.0003   |
|    n_updates       | 277730   |
---------------------------------
---------------------------------
| rollout/           |          |
|    ep_len_mean     | 55.5     |
|    ep_rew_mean     | -13.9    |
| time/              |          |
|    episodes        | 5300     |
|    fps             | 16       |
|    time_elapsed    | 17905    |
|    total_timesteps | 287950   |
| train/             |          |
|    actor_loss      | -0.453   |
|    critic_loss     | 0.0236   |
|    ent_coef        | 0.00178  |
|    ent_coef_loss   | 0.0281   |
|    learning_rate   | 0.0003   |
|    n_updates       | 277940   |
---------------------------------
---------------------------------
| rollout/           |          |
|    ep_len_mean     | 56.5     |
|    ep_rew_mean     | -0.324   |
| time/              |          |
|    episodes        | 5304     |
|    fps             | 16       |
|    time_elapsed    | 17927    |
|    total_timesteps | 288310   |
| train/             |          |
|    actor_loss      | -0.381   |
|    critic_loss     | 0.0247   |
|    ent_coef        | 0.00176  |
|    ent_coef_loss   | 0.764    |
|    learning_rate   | 0.0003   |
|    n_updates       | 278300   |
---------------------------------
---------------------------------
| rollout/           |          |
|    ep_len_mean     | 57.4     |
|    ep_rew_mean     | 13.4     |
| time/              |          |
|    episodes        | 5308     |
|    fps             | 16       |
|    time_elapsed    | 17939    |
|    total_timesteps | 288500   |
| train/             |          |
|    actor_loss      | -0.449   |
|    critic_loss     | 0.0211   |
|    ent_coef        | 0.00178  |
|    ent_coef_loss   | -0.408   |
|    learning_rate   | 0.0003   |
|    n_updates       | 278490   |
---------------------------------
---------------------------------
| rollout/           |          |
|    ep_len_mean     | 57.5     |
|    ep_rew_mean     | 14.6     |
| time/              |          |
|    episodes        | 5312     |
|    fps             | 16       |
|    time_elapsed    | 17951    |
|    total_timesteps | 288680   |
| train/             |          |
|    actor_loss      | -0.42    |
|    critic_loss     | 0.0276   |
|    ent_coef        | 0.00182  |
|    ent_coef_loss   | 0.888    |
|    learning_rate   | 0.0003   |
|    n_updates       | 278670   |
---------------------------------
---------------------------------
| rollout/           |          |
|    ep_len_mean     | 56.5     |
|    ep_rew_mean     | 1.81     |
| time/              |          |
|    episodes        | 5316     |
|    fps             | 16       |
|    time_elapsed    | 17966    |
|    total_timesteps | 288910   |
| train/             |          |
|    actor_loss      | -0.432   |
|    critic_loss     | 0.02     |
|    ent_coef        | 0.00182  |
|    ent_coef_loss   | -0.357   |
|    learning_rate   | 0.0003   |
|    n_updates       | 278900   |
---------------------------------
---------------------------------
| rollout/           |          |
|    ep_len_mean     | 56.5     |
|    ep_rew_mean     | -3.02    |
| time/              |          |
|    episodes        | 5320     |
|    fps             | 16       |
|    time_elapsed    | 17975    |
|    total_timesteps | 289070   |
| train/             |          |
|    actor_loss      | -0.429   |
|    critic_loss     | 0.021    |
|    ent_coef        | 0.00181  |
|    ent_coef_loss   | -0.117   |
|    learning_rate   | 0.0003   |
|    n_updates       | 279060   |
---------------------------------
---------------------------------
| rollout/           |          |
|    ep_len_mean     | 56.2     |
|    ep_rew_mean     | -6.29    |
| time/              |          |
|    episodes        | 5324     |
|    fps             | 16       |
|    time_elapsed    | 17986    |
|    total_timesteps | 289230   |
| train/             |          |
|    actor_loss      | -0.455   |
|    critic_loss     | 0.0225   |
|    ent_coef        | 0.00179  |
|    ent_coef_loss   | -0.195   |
|    learning_rate   | 0.0003   |
|    n_updates       | 279220   |
---------------------------------
---------------------------------
| rollout/           |          |
|    ep_len_mean     | 55.7     |
|    ep_rew_mean     | -15.6    |
| time/              |          |
|    episodes        | 5328     |
|    fps             | 16       |
|    time_elapsed    | 18003    |
|    total_timesteps | 289500   |
| train/             |          |
|    actor_loss      | -0.406   |
|    critic_loss     | 0.0202   |
|    ent_coef        | 0.00179  |
|    ent_coef_loss   | 0.78     |
|    learning_rate   | 0.0003   |
|    n_updates       | 279490   |
---------------------------------
---------------------------------
| rollout/           |          |
|    ep_len_mean     | 55.8     |
|    ep_rew_mean     | -15.3    |
| time/              |          |
|    episodes        | 5332     |
|    fps             | 16       |
|    time_elapsed    | 18017    |
|    total_timesteps | 289740   |
| train/             |          |
|    actor_loss      | -0.427   |
|    critic_loss     | 0.0209   |
|    ent_coef        | 0.00177  |
|    ent_coef_loss   | -0.437   |
|    learning_rate   | 0.0003   |
|    n_updates       | 279730   |
---------------------------------
---------------------------------
| rollout/           |          |
|    ep_len_mean     | 55.8     |
|    ep_rew_mean     | -12.6    |
| time/              |          |
|    episodes        | 5336     |
|    fps             | 16       |
|    time_elapsed    | 18027    |
|    total_timesteps | 289900   |
| train/             |          |
|    actor_loss      | -0.433   |
|    critic_loss     | 0.0223   |
|    ent_coef        | 0.00176  |
|    ent_coef_loss   | 0.0907   |
|    learning_rate   | 0.0003   |
|    n_updates       | 279890   |
---------------------------------
---------------------------------
| rollout/           |          |
|    ep_len_mean     | 55.9     |
|    ep_rew_mean     | -13.4    |
| time/              |          |
|    episodes        | 5340     |
|    fps             | 16       |
|    time_elapsed    | 18046    |
|    total_timesteps | 290190   |
| train/             |          |
|    actor_loss      | -0.368   |
|    critic_loss     | 0.0242   |
|    ent_coef        | 0.00174  |
|    ent_coef_loss   | -0.318   |
|    learning_rate   | 0.0003   |
|    n_updates       | 280180   |
---------------------------------
---------------------------------
| rollout/           |          |
|    ep_len_mean     | 56.4     |
|    ep_rew_mean     | -4.82    |
| time/              |          |
|    episodes        | 5344     |
|    fps             | 16       |
|    time_elapsed    | 18059    |
|    total_timesteps | 290380   |
| train/             |          |
|    actor_loss      | -0.451   |
|    critic_loss     | 0.0178   |
|    ent_coef        | 0.00173  |
|    ent_coef_loss   | -0.439   |
|    learning_rate   | 0.0003   |
|    n_updates       | 280370   |
---------------------------------
---------------------------------
| rollout/           |          |
|    ep_len_mean     | 57       |
|    ep_rew_mean     | 9.27     |
| time/              |          |
|    episodes        | 5348     |
|    fps             | 16       |
|    time_elapsed    | 18081    |
|    total_timesteps | 290730   |
| train/             |          |
|    actor_loss      | -0.413   |
|    critic_loss     | 0.0213   |
|    ent_coef        | 0.00175  |
|    ent_coef_loss   | -0.157   |
|    learning_rate   | 0.0003   |
|    n_updates       | 280720   |
---------------------------------
---------------------------------
| rollout/           |          |
|    ep_len_mean     | 57.6     |
|    ep_rew_mean     | 13.4     |
| time/              |          |
|    episodes        | 5352     |
|    fps             | 16       |
|    time_elapsed    | 18095    |
|    total_timesteps | 290940   |
| train/             |          |
|    actor_loss      | -0.467   |
|    critic_loss     | 0.016    |
|    ent_coef        | 0.00177  |
|    ent_coef_loss   | -0.855   |
|    learning_rate   | 0.0003   |
|    n_updates       | 280930   |
---------------------------------
---------------------------------
| rollout/           |          |
|    ep_len_mean     | 57.8     |
|    ep_rew_mean     | 17.4     |
| time/              |          |
|    episodes        | 5356     |
|    fps             | 16       |
|    time_elapsed    | 18107    |
|    total_timesteps | 291130   |
| train/             |          |
|    actor_loss      | -0.41    |
|    critic_loss     | 0.0162   |
|    ent_coef        | 0.00179  |
|    ent_coef_loss   | -0.0357  |
|    learning_rate   | 0.0003   |
|    n_updates       | 281120   |
---------------------------------
---------------------------------
| rollout/           |          |
|    ep_len_mean     | 57.7     |
|    ep_rew_mean     | 17.2     |
| time/              |          |
|    episodes        | 5360     |
|    fps             | 16       |
|    time_elapsed    | 18124    |
|    total_timesteps | 291400   |
| train/             |          |
|    actor_loss      | -0.456   |
|    critic_loss     | 0.0151   |
|    ent_coef        | 0.00178  |
|    ent_coef_loss   | 0.128    |
|    learning_rate   | 0.0003   |
|    n_updates       | 281390   |
---------------------------------
---------------------------------
| rollout/           |          |
|    ep_len_mean     | 57.1     |
|    ep_rew_mean     | 17.3     |
| time/              |          |
|    episodes        | 5364     |
|    fps             | 16       |
|    time_elapsed    | 18139    |
|    total_timesteps | 291620   |
| train/             |          |
|    actor_loss      | -0.418   |
|    critic_loss     | 0.0228   |
|    ent_coef        | 0.0018   |
|    ent_coef_loss   | -0.0922  |
|    learning_rate   | 0.0003   |
|    n_updates       | 281610   |
---------------------------------
---------------------------------
| rollout/           |          |
|    ep_len_mean     | 56.6     |
|    ep_rew_mean     | 13.5     |
| time/              |          |
|    episodes        | 5368     |
|    fps             | 16       |
|    time_elapsed    | 18142    |
|    total_timesteps | 291660   |
| train/             |          |
|    actor_loss      | -0.478   |
|    critic_loss     | 0.0185   |
|    ent_coef        | 0.0018   |
|    ent_coef_loss   | -0.412   |
|    learning_rate   | 0.0003   |
|    n_updates       | 281650   |
---------------------------------
---------------------------------
| rollout/           |          |
|    ep_len_mean     | 56.5     |
|    ep_rew_mean     | 13.1     |
| time/              |          |
|    episodes        | 5372     |
|    fps             | 16       |
|    time_elapsed    | 18170    |
|    total_timesteps | 292110   |
| train/             |          |
|    actor_loss      | -0.375   |
|    critic_loss     | 0.0186   |
|    ent_coef        | 0.00186  |
|    ent_coef_loss   | 0.72     |
|    learning_rate   | 0.0003   |
|    n_updates       | 282100   |
---------------------------------
---------------------------------
| rollout/           |          |
|    ep_len_mean     | 56.7     |
|    ep_rew_mean     | 18.2     |
| time/              |          |
|    episodes        | 5376     |
|    fps             | 16       |
|    time_elapsed    | 18178    |
|    total_timesteps | 292240   |
| train/             |          |
|    actor_loss      | -0.409   |
|    critic_loss     | 0.0247   |
|    ent_coef        | 0.00188  |
|    ent_coef_loss   | -0.122   |
|    learning_rate   | 0.0003   |
|    n_updates       | 282230   |
---------------------------------
---------------------------------
| rollout/           |          |
|    ep_len_mean     | 56.5     |
|    ep_rew_mean     | 18.3     |
| time/              |          |
|    episodes        | 5380     |
|    fps             | 16       |
|    time_elapsed    | 18190    |
|    total_timesteps | 292430   |
| train/             |          |
|    actor_loss      | -0.408   |
|    critic_loss     | 0.0218   |
|    ent_coef        | 0.00184  |
|    ent_coef_loss   | -0.311   |
|    learning_rate   | 0.0003   |
|    n_updates       | 282420   |
---------------------------------
---------------------------------
| rollout/           |          |
|    ep_len_mean     | 56.6     |
|    ep_rew_mean     | 20.8     |
| time/              |          |
|    episodes        | 5384     |
|    fps             | 16       |
|    time_elapsed    | 18213    |
|    total_timesteps | 292810   |
| train/             |          |
|    actor_loss      | -0.476   |
|    critic_loss     | 0.0215   |
|    ent_coef        | 0.00187  |
|    ent_coef_loss   | -0.14    |
|    learning_rate   | 0.0003   |
|    n_updates       | 282800   |
---------------------------------
---------------------------------
| rollout/           |          |
|    ep_len_mean     | 57.3     |
|    ep_rew_mean     | 14.5     |
| time/              |          |
|    episodes        | 5388     |
|    fps             | 16       |
|    time_elapsed    | 18222    |
|    total_timesteps | 292960   |
| train/             |          |
|    actor_loss      | -0.426   |
|    critic_loss     | 0.0257   |
|    ent_coef        | 0.00187  |
|    ent_coef_loss   | -0.256   |
|    learning_rate   | 0.0003   |
|    n_updates       | 282950   |
---------------------------------
---------------------------------
| rollout/           |          |
|    ep_len_mean     | 57.2     |
|    ep_rew_mean     | 10.5     |
| time/              |          |
|    episodes        | 5392     |
|    fps             | 16       |
|    time_elapsed    | 18240    |
|    total_timesteps | 293240   |
| train/             |          |
|    actor_loss      | -0.431   |
|    critic_loss     | 0.0175   |
|    ent_coef        | 0.00188  |
|    ent_coef_loss   | 0.144    |
|    learning_rate   | 0.0003   |
|    n_updates       | 283230   |
---------------------------------
---------------------------------
| rollout/           |          |
|    ep_len_mean     | 56.5     |
|    ep_rew_mean     | 1.39     |
| time/              |          |
|    episodes        | 5396     |
|    fps             | 16       |
|    time_elapsed    | 18252    |
|    total_timesteps | 293420   |
| train/             |          |
|    actor_loss      | -0.418   |
|    critic_loss     | 0.0164   |
|    ent_coef        | 0.00187  |
|    ent_coef_loss   | -0.377   |
|    learning_rate   | 0.0003   |
|    n_updates       | 283410   |
---------------------------------
---------------------------------
| rollout/           |          |
|    ep_len_mean     | 56.5     |
|    ep_rew_mean     | 3.92     |
| time/              |          |
|    episodes        | 5400     |
|    fps             | 16       |
|    time_elapsed    | 18262    |
|    total_timesteps | 293580   |
| train/             |          |
|    actor_loss      | -0.407   |
|    critic_loss     | 0.0179   |
|    ent_coef        | 0.00189  |
|    ent_coef_loss   | 0.522    |
|    learning_rate   | 0.0003   |
|    n_updates       | 283570   |
---------------------------------
---------------------------------
| rollout/           |          |
|    ep_len_mean     | 55.8     |
|    ep_rew_mean     | -4.3     |
| time/              |          |
|    episodes        | 5404     |
|    fps             | 16       |
|    time_elapsed    | 18272    |
|    total_timesteps | 293750   |
| train/             |          |
|    actor_loss      | -0.456   |
|    critic_loss     | 0.0195   |
|    ent_coef        | 0.00188  |
|    ent_coef_loss   | -0.166   |
|    learning_rate   | 0.0003   |
|    n_updates       | 283740   |
---------------------------------
---------------------------------
| rollout/           |          |
|    ep_len_mean     | 55.8     |
|    ep_rew_mean     | -5.03    |
| time/              |          |
|    episodes        | 5408     |
|    fps             | 16       |
|    time_elapsed    | 18291    |
|    total_timesteps | 294050   |
| train/             |          |
|    actor_loss      | -0.372   |
|    critic_loss     | 0.0148   |
|    ent_coef        | 0.00183  |
|    ent_coef_loss   | -0.289   |
|    learning_rate   | 0.0003   |
|    n_updates       | 284040   |
---------------------------------
---------------------------------
| rollout/           |          |
|    ep_len_mean     | 55.5     |
|    ep_rew_mean     | -9.86    |
| time/              |          |
|    episodes        | 5412     |
|    fps             | 16       |
|    time_elapsed    | 18306    |
|    total_timesteps | 294270   |
| train/             |          |
|    actor_loss      | -0.457   |
|    critic_loss     | 0.0198   |
|    ent_coef        | 0.0018   |
|    ent_coef_loss   | -0.484   |
|    learning_rate   | 0.0003   |
|    n_updates       | 284260   |
---------------------------------
---------------------------------
| rollout/           |          |
|    ep_len_mean     | 56.2     |
|    ep_rew_mean     | -0.527   |
| time/              |          |
|    episodes        | 5416     |
|    fps             | 16       |
|    time_elapsed    | 18326    |
|    total_timesteps | 294590   |
| train/             |          |
|    actor_loss      | -0.423   |
|    critic_loss     | 0.0182   |
|    ent_coef        | 0.0018   |
|    ent_coef_loss   | 0.401    |
|    learning_rate   | 0.0003   |
|    n_updates       | 284580   |
---------------------------------
---------------------------------
| rollout/           |          |
|    ep_len_mean     | 56.6     |
|    ep_rew_mean     | 8.28     |
| time/              |          |
|    episodes        | 5420     |
|    fps             | 16       |
|    time_elapsed    | 18338    |
|    total_timesteps | 294760   |
| train/             |          |
|    actor_loss      | -0.453   |
|    critic_loss     | 0.0211   |
|    ent_coef        | 0.00177  |
|    ent_coef_loss   | -0.698   |
|    learning_rate   | 0.0003   |
|    n_updates       | 284750   |
---------------------------------
---------------------------------
| rollout/           |          |
|    ep_len_mean     | 56.7     |
|    ep_rew_mean     | 11.4     |
| time/              |          |
|    episodes        | 5424     |
|    fps             | 16       |
|    time_elapsed    | 18350    |
|    total_timesteps | 294920   |
| train/             |          |
|    actor_loss      | -0.4     |
|    critic_loss     | 0.0175   |
|    ent_coef        | 0.00175  |
|    ent_coef_loss   | 0.613    |
|    learning_rate   | 0.0003   |
|    n_updates       | 284910   |
---------------------------------
---------------------------------
| rollout/           |          |
|    ep_len_mean     | 57.5     |
|    ep_rew_mean     | 19.6     |
| time/              |          |
|    episodes        | 5428     |
|    fps             | 16       |
|    time_elapsed    | 18377    |
|    total_timesteps | 295330   |
| train/             |          |
|    actor_loss      | -0.393   |
|    critic_loss     | 0.0181   |
|    ent_coef        | 0.00174  |
|    ent_coef_loss   | 0.65     |
|    learning_rate   | 0.0003   |
|    n_updates       | 285320   |
---------------------------------
---------------------------------
| rollout/           |          |
|    ep_len_mean     | 57.5     |
|    ep_rew_mean     | 20.1     |
| time/              |          |
|    episodes        | 5432     |
|    fps             | 16       |
|    time_elapsed    | 18387    |
|    total_timesteps | 295480   |
| train/             |          |
|    actor_loss      | -0.408   |
|    critic_loss     | 0.0181   |
|    ent_coef        | 0.00176  |
|    ent_coef_loss   | 0.0136   |
|    learning_rate   | 0.0003   |
|    n_updates       | 285470   |
---------------------------------
---------------------------------
| rollout/           |          |
|    ep_len_mean     | 57.6     |
|    ep_rew_mean     | 21       |
| time/              |          |
|    episodes        | 5436     |
|    fps             | 16       |
|    time_elapsed    | 18396    |
|    total_timesteps | 295620   |
| train/             |          |
|    actor_loss      | -0.389   |
|    critic_loss     | 0.017    |
|    ent_coef        | 0.00177  |
|    ent_coef_loss   | -0.0404  |
|    learning_rate   | 0.0003   |
|    n_updates       | 285610   |
---------------------------------
---------------------------------
| rollout/           |          |
|    ep_len_mean     | 57.3     |
|    ep_rew_mean     | 17.1     |
| time/              |          |
|    episodes        | 5440     |
|    fps             | 16       |
|    time_elapsed    | 18419    |
|    total_timesteps | 295970   |
| train/             |          |
|    actor_loss      | -0.468   |
|    critic_loss     | 0.019    |
|    ent_coef        | 0.00178  |
|    ent_coef_loss   | -0.34    |
|    learning_rate   | 0.0003   |
|    n_updates       | 285960   |
---------------------------------
---------------------------------
| rollout/           |          |
|    ep_len_mean     | 57.4     |
|    ep_rew_mean     | 17.4     |
| time/              |          |
|    episodes        | 5444     |
|    fps             | 16       |
|    time_elapsed    | 18430    |
|    total_timesteps | 296130   |
| train/             |          |
|    actor_loss      | -0.44    |
|    critic_loss     | 0.0205   |
|    ent_coef        | 0.00178  |
|    ent_coef_loss   | 0.043    |
|    learning_rate   | 0.0003   |
|    n_updates       | 286120   |
---------------------------------
---------------------------------
| rollout/           |          |
|    ep_len_mean     | 57.3     |
|    ep_rew_mean     | 17.6     |
| time/              |          |
|    episodes        | 5448     |
|    fps             | 16       |
|    time_elapsed    | 18446    |
|    total_timesteps | 296380   |
| train/             |          |
|    actor_loss      | -0.404   |
|    critic_loss     | 0.0169   |
|    ent_coef        | 0.00177  |
|    ent_coef_loss   | 0.487    |
|    learning_rate   | 0.0003   |
|    n_updates       | 286370   |
---------------------------------
---------------------------------
| rollout/           |          |
|    ep_len_mean     | 57.2     |
|    ep_rew_mean     | 17.2     |
| time/              |          |
|    episodes        | 5452     |
|    fps             | 16       |
|    time_elapsed    | 18465    |
|    total_timesteps | 296690   |
| train/             |          |
|    actor_loss      | -0.415   |
|    critic_loss     | 0.0161   |
|    ent_coef        | 0.00177  |
|    ent_coef_loss   | -0.00118 |
|    learning_rate   | 0.0003   |
|    n_updates       | 286680   |
---------------------------------
---------------------------------
| rollout/           |          |
|    ep_len_mean     | 57.2     |
|    ep_rew_mean     | 17.7     |
| time/              |          |
|    episodes        | 5456     |
|    fps             | 16       |
|    time_elapsed    | 18474    |
|    total_timesteps | 296840   |
| train/             |          |
|    actor_loss      | -0.458   |
|    critic_loss     | 0.0224   |
|    ent_coef        | 0.0018   |
|    ent_coef_loss   | 0.226    |
|    learning_rate   | 0.0003   |
|    n_updates       | 286830   |
---------------------------------
---------------------------------
| rollout/           |          |
|    ep_len_mean     | 57.2     |
|    ep_rew_mean     | 18.1     |
| time/              |          |
|    episodes        | 5460     |
|    fps             | 16       |
|    time_elapsed    | 18499    |
|    total_timesteps | 297220   |
| train/             |          |
|    actor_loss      | -0.435   |
|    critic_loss     | 0.0168   |
|    ent_coef        | 0.00178  |
|    ent_coef_loss   | 0.0354   |
|    learning_rate   | 0.0003   |
|    n_updates       | 287210   |
---------------------------------
---------------------------------
| rollout/           |          |
|    ep_len_mean     | 57.6     |
|    ep_rew_mean     | 22.1     |
| time/              |          |
|    episodes        | 5464     |
|    fps             | 16       |
|    time_elapsed    | 18509    |
|    total_timesteps | 297400   |
| train/             |          |
|    actor_loss      | -0.443   |
|    critic_loss     | 0.019    |
|    ent_coef        | 0.00175  |
|    ent_coef_loss   | 0.181    |
|    learning_rate   | 0.0003   |
|    n_updates       | 287390   |
---------------------------------
---------------------------------
| rollout/           |          |
|    ep_len_mean     | 58.6     |
|    ep_rew_mean     | 30.8     |
| time/              |          |
|    episodes        | 5468     |
|    fps             | 16       |
|    time_elapsed    | 18522    |
|    total_timesteps | 297610   |
| train/             |          |
|    actor_loss      | -0.422   |
|    critic_loss     | 0.0245   |
|    ent_coef        | 0.00177  |
|    ent_coef_loss   | -0.0433  |
|    learning_rate   | 0.0003   |
|    n_updates       | 287600   |
---------------------------------
---------------------------------
| rollout/           |          |
|    ep_len_mean     | 58.3     |
|    ep_rew_mean     | 26.9     |
| time/              |          |
|    episodes        | 5472     |
|    fps             | 16       |
|    time_elapsed    | 18538    |
|    total_timesteps | 297870   |
| train/             |          |
|    actor_loss      | -0.413   |
|    critic_loss     | 0.0227   |
|    ent_coef        | 0.00182  |
|    ent_coef_loss   | 0.374    |
|    learning_rate   | 0.0003   |
|    n_updates       | 287860   |
---------------------------------
---------------------------------
| rollout/           |          |
|    ep_len_mean     | 58.3     |
|    ep_rew_mean     | 27.6     |
| time/              |          |
|    episodes        | 5476     |
|    fps             | 16       |
|    time_elapsed    | 18553    |
|    total_timesteps | 298100   |
| train/             |          |
|    actor_loss      | -0.487   |
|    critic_loss     | 0.023    |
|    ent_coef        | 0.00183  |
|    ent_coef_loss   | -0.0755  |
|    learning_rate   | 0.0003   |
|    n_updates       | 288090   |
---------------------------------
---------------------------------
| rollout/           |          |
|    ep_len_mean     | 58.6     |
|    ep_rew_mean     | 27.3     |
| time/              |          |
|    episodes        | 5480     |
|    fps             | 16       |
|    time_elapsed    | 18571    |
|    total_timesteps | 298400   |
| train/             |          |
|    actor_loss      | -0.48    |
|    critic_loss     | 0.0142   |
|    ent_coef        | 0.00184  |
|    ent_coef_loss   | -0.231   |
|    learning_rate   | 0.0003   |
|    n_updates       | 288390   |
---------------------------------
---------------------------------
| rollout/           |          |
|    ep_len_mean     | 58.8     |
|    ep_rew_mean     | 28.3     |
| time/              |          |
|    episodes        | 5484     |
|    fps             | 16       |
|    time_elapsed    | 18580    |
|    total_timesteps | 298550   |
| train/             |          |
|    actor_loss      | -0.509   |
|    critic_loss     | 0.0155   |
|    ent_coef        | 0.00185  |
|    ent_coef_loss   | -0.0203  |
|    learning_rate   | 0.0003   |
|    n_updates       | 288540   |
---------------------------------
---------------------------------
| rollout/           |          |
|    ep_len_mean     | 58.2     |
|    ep_rew_mean     | 35.9     |
| time/              |          |
|    episodes        | 5488     |
|    fps             | 16       |
|    time_elapsed    | 18599    |
|    total_timesteps | 298850   |
| train/             |          |
|    actor_loss      | -0.375   |
|    critic_loss     | 0.0191   |
|    ent_coef        | 0.00181  |
|    ent_coef_loss   | -0.46    |
|    learning_rate   | 0.0003   |
|    n_updates       | 288840   |
---------------------------------
---------------------------------
| rollout/           |          |
|    ep_len_mean     | 58.7     |
|    ep_rew_mean     | 44       |
| time/              |          |
|    episodes        | 5492     |
|    fps             | 16       |
|    time_elapsed    | 18616    |
|    total_timesteps | 299130   |
| train/             |          |
|    actor_loss      | -0.434   |
|    critic_loss     | 0.0235   |
|    ent_coef        | 0.00183  |
|    ent_coef_loss   | -0.557   |
|    learning_rate   | 0.0003   |
|    n_updates       | 289120   |
---------------------------------
---------------------------------
| rollout/           |          |
|    ep_len_mean     | 59.1     |
|    ep_rew_mean     | 49.4     |
| time/              |          |
|    episodes        | 5496     |
|    fps             | 16       |
|    time_elapsed    | 18625    |
|    total_timesteps | 299280   |
| train/             |          |
|    actor_loss      | -0.43    |
|    critic_loss     | 0.0171   |
|    ent_coef        | 0.00181  |
|    ent_coef_loss   | 0.44     |
|    learning_rate   | 0.0003   |
|    n_updates       | 289270   |
---------------------------------
---------------------------------
| rollout/           |          |
|    ep_len_mean     | 59.2     |
|    ep_rew_mean     | 49.4     |
| time/              |          |
|    episodes        | 5500     |
|    fps             | 16       |
|    time_elapsed    | 18640    |
|    total_timesteps | 299510   |
| train/             |          |
|    actor_loss      | -0.408   |
|    critic_loss     | 0.0136   |
|    ent_coef        | 0.00184  |
|    ent_coef_loss   | -0.559   |
|    learning_rate   | 0.0003   |
|    n_updates       | 289500   |
---------------------------------
---------------------------------
| rollout/           |          |
|    ep_len_mean     | 59.4     |
|    ep_rew_mean     | 52.5     |
| time/              |          |
|    episodes        | 5504     |
|    fps             | 16       |
|    time_elapsed    | 18655    |
|    total_timesteps | 299750   |
| train/             |          |
|    actor_loss      | -0.478   |
|    critic_loss     | 0.018    |
|    ent_coef        | 0.00182  |
|    ent_coef_loss   | 0.228    |
|    learning_rate   | 0.0003   |
|    n_updates       | 289740   |
---------------------------------
---------------------------------
| rollout/           |          |
|    ep_len_mean     | 59.3     |
|    ep_rew_mean     | 53.4     |
| time/              |          |
|    episodes        | 5508     |
|    fps             | 16       |
|    time_elapsed    | 18666    |
|    total_timesteps | 299940   |
| train/             |          |
|    actor_loss      | -0.38    |
|    critic_loss     | 0.0224   |
|    ent_coef        | 0.0018   |
|    ent_coef_loss   | 0.331    |
|    learning_rate   | 0.0003   |
|    n_updates       | 289930   |
---------------------------------
---------------------------------
| rollout/           |          |
|    ep_len_mean     | 59       |
|    ep_rew_mean     | 53.3     |
| time/              |          |
|    episodes        | 5512     |
|    fps             | 16       |
|    time_elapsed    | 18687    |
|    total_timesteps | 300250   |
| train/             |          |
|    actor_loss      | -0.41    |
|    critic_loss     | 0.0182   |
|    ent_coef        | 0.00179  |
|    ent_coef_loss   | -0.557   |
|    learning_rate   | 0.0003   |
|    n_updates       | 290240   |
---------------------------------
---------------------------------
| rollout/           |          |
|    ep_len_mean     | 59.3     |
|    ep_rew_mean     | 57.7     |
| time/              |          |
|    episodes        | 5516     |
|    fps             | 16       |
|    time_elapsed    | 18699    |
|    total_timesteps | 300450   |
| train/             |          |
|    actor_loss      | -0.467   |
|    critic_loss     | 0.016    |
|    ent_coef        | 0.00179  |
|    ent_coef_loss   | -1       |
|    learning_rate   | 0.0003   |
|    n_updates       | 290440   |
---------------------------------
---------------------------------
| rollout/           |          |
|    ep_len_mean     | 59.1     |
|    ep_rew_mean     | 47.6     |
| time/              |          |
|    episodes        | 5520     |
|    fps             | 16       |
|    time_elapsed    | 18711    |
|    total_timesteps | 300630   |
| train/             |          |
|    actor_loss      | -0.46    |
|    critic_loss     | 0.0224   |
|    ent_coef        | 0.00175  |
|    ent_coef_loss   | -0.0321  |
|    learning_rate   | 0.0003   |
|    n_updates       | 290620   |
---------------------------------
---------------------------------
| rollout/           |          |
|    ep_len_mean     | 59.1     |
|    ep_rew_mean     | 43.8     |
| time/              |          |
|    episodes        | 5524     |
|    fps             | 16       |
|    time_elapsed    | 18727    |
|    total_timesteps | 300890   |
| train/             |          |
|    actor_loss      | -0.407   |
|    critic_loss     | 0.0151   |
|    ent_coef        | 0.00177  |
|    ent_coef_loss   | -0.0085  |
|    learning_rate   | 0.0003   |
|    n_updates       | 290880   |
---------------------------------
---------------------------------
| rollout/           |          |
|    ep_len_mean     | 59.4     |
|    ep_rew_mean     | 49.3     |
| time/              |          |
|    episodes        | 5528     |
|    fps             | 16       |
|    time_elapsed    | 18748    |
|    total_timesteps | 301220   |
| train/             |          |
|    actor_loss      | -0.423   |
|    critic_loss     | 0.0169   |
|    ent_coef        | 0.00177  |
|    ent_coef_loss   | 0.361    |
|    learning_rate   | 0.0003   |
|    n_updates       | 291210   |
---------------------------------
---------------------------------
| rollout/           |          |
|    ep_len_mean     | 59.4     |
|    ep_rew_mean     | 51.2     |
| time/              |          |
|    episodes        | 5532     |
|    fps             | 16       |
|    time_elapsed    | 18756    |
|    total_timesteps | 301350   |
| train/             |          |
|    actor_loss      | -0.38    |
|    critic_loss     | 0.0183   |
|    ent_coef        | 0.00178  |
|    ent_coef_loss   | 0.609    |
|    learning_rate   | 0.0003   |
|    n_updates       | 291340   |
---------------------------------
---------------------------------
| rollout/           |          |
|    ep_len_mean     | 59.3     |
|    ep_rew_mean     | 47.4     |
| time/              |          |
|    episodes        | 5536     |
|    fps             | 16       |
|    time_elapsed    | 18775    |
|    total_timesteps | 301680   |
| train/             |          |
|    actor_loss      | -0.434   |
|    critic_loss     | 0.02     |
|    ent_coef        | 0.0018   |
|    ent_coef_loss   | 0.415    |
|    learning_rate   | 0.0003   |
|    n_updates       | 291670   |
---------------------------------
---------------------------------
| rollout/           |          |
|    ep_len_mean     | 59.7     |
|    ep_rew_mean     | 56.9     |
| time/              |          |
|    episodes        | 5540     |
|    fps             | 16       |
|    time_elapsed    | 18787    |
|    total_timesteps | 301870   |
| train/             |          |
|    actor_loss      | -0.418   |
|    critic_loss     | 0.0206   |
|    ent_coef        | 0.00182  |
|    ent_coef_loss   | -0.137   |
|    learning_rate   | 0.0003   |
|    n_updates       | 291860   |
---------------------------------
---------------------------------
| rollout/           |          |
|    ep_len_mean     | 59.4     |
|    ep_rew_mean     | 52.7     |
| time/              |          |
|    episodes        | 5544     |
|    fps             | 16       |
|    time_elapsed    | 18797    |
|    total_timesteps | 302040   |
| train/             |          |
|    actor_loss      | -0.454   |
|    critic_loss     | 0.0221   |
|    ent_coef        | 0.00179  |
|    ent_coef_loss   | -0.309   |
|    learning_rate   | 0.0003   |
|    n_updates       | 292030   |
---------------------------------
---------------------------------
| rollout/           |          |
|    ep_len_mean     | 59.4     |
|    ep_rew_mean     | 53.1     |
| time/              |          |
|    episodes        | 5548     |
|    fps             | 16       |
|    time_elapsed    | 18819    |
|    total_timesteps | 302420   |
| train/             |          |
|    actor_loss      | -0.44    |
|    critic_loss     | 0.0199   |
|    ent_coef        | 0.0018   |
|    ent_coef_loss   | 0.134    |
|    learning_rate   | 0.0003   |
|    n_updates       | 292410   |
---------------------------------
---------------------------------
| rollout/           |          |
|    ep_len_mean     | 59.7     |
|    ep_rew_mean     | 54.3     |
| time/              |          |
|    episodes        | 5552     |
|    fps             | 16       |
|    time_elapsed    | 18832    |
|    total_timesteps | 302620   |
| train/             |          |
|    actor_loss      | -0.431   |
|    critic_loss     | 0.0226   |
|    ent_coef        | 0.00178  |
|    ent_coef_loss   | 0.564    |
|    learning_rate   | 0.0003   |
|    n_updates       | 292610   |
---------------------------------
---------------------------------
| rollout/           |          |
|    ep_len_mean     | 59.8     |
|    ep_rew_mean     | 54.5     |
| time/              |          |
|    episodes        | 5556     |
|    fps             | 16       |
|    time_elapsed    | 18847    |
|    total_timesteps | 302870   |
| train/             |          |
|    actor_loss      | -0.441   |
|    critic_loss     | 0.0195   |
|    ent_coef        | 0.0018   |
|    ent_coef_loss   | -0.116   |
|    learning_rate   | 0.0003   |
|    n_updates       | 292860   |
---------------------------------
---------------------------------
| rollout/           |          |
|    ep_len_mean     | 59.9     |
|    ep_rew_mean     | 48.6     |
| time/              |          |
|    episodes        | 5560     |
|    fps             | 16       |
|    time_elapsed    | 18862    |
|    total_timesteps | 303120   |
| train/             |          |
|    actor_loss      | -0.448   |
|    critic_loss     | 0.0173   |
|    ent_coef        | 0.0018   |
|    ent_coef_loss   | -0.278   |
|    learning_rate   | 0.0003   |
|    n_updates       | 293110   |
---------------------------------
---------------------------------
| rollout/           |          |
|    ep_len_mean     | 60.1     |
|    ep_rew_mean     | 50.1     |
| time/              |          |
|    episodes        | 5564     |
|    fps             | 16       |
|    time_elapsed    | 18877    |
|    total_timesteps | 303370   |
| train/             |          |
|    actor_loss      | -0.453   |
|    critic_loss     | 0.0261   |
|    ent_coef        | 0.00181  |
|    ent_coef_loss   | -0.522   |
|    learning_rate   | 0.0003   |
|    n_updates       | 293360   |
---------------------------------
---------------------------------
| rollout/           |          |
|    ep_len_mean     | 59.5     |
|    ep_rew_mean     | 45.5     |
| time/              |          |
|    episodes        | 5568     |
|    fps             | 16       |
|    time_elapsed    | 18891    |
|    total_timesteps | 303590   |
| train/             |          |
|    actor_loss      | -0.433   |
|    critic_loss     | 0.0146   |
|    ent_coef        | 0.00183  |
|    ent_coef_loss   | 0.245    |
|    learning_rate   | 0.0003   |
|    n_updates       | 293580   |
---------------------------------
---------------------------------
| rollout/           |          |
|    ep_len_mean     | 60.1     |
|    ep_rew_mean     | 49.1     |
| time/              |          |
|    episodes        | 5572     |
|    fps             | 16       |
|    time_elapsed    | 18909    |
|    total_timesteps | 303880   |
| train/             |          |
|    actor_loss      | -0.458   |
|    critic_loss     | 0.0161   |
|    ent_coef        | 0.00184  |
|    ent_coef_loss   | 0.385    |
|    learning_rate   | 0.0003   |
|    n_updates       | 293870   |
---------------------------------
---------------------------------
| rollout/           |          |
|    ep_len_mean     | 60       |
|    ep_rew_mean     | 49.4     |
| time/              |          |
|    episodes        | 5576     |
|    fps             | 16       |
|    time_elapsed    | 18919    |
|    total_timesteps | 304050   |
| train/             |          |
|    actor_loss      | -0.478   |
|    critic_loss     | 0.0158   |
|    ent_coef        | 0.00181  |
|    ent_coef_loss   | -0.657   |
|    learning_rate   | 0.0003   |
|    n_updates       | 294040   |
---------------------------------
---------------------------------
| rollout/           |          |
|    ep_len_mean     | 59.8     |
|    ep_rew_mean     | 48.9     |
| time/              |          |
|    episodes        | 5580     |
|    fps             | 16       |
|    time_elapsed    | 18939    |
|    total_timesteps | 304360   |
| train/             |          |
|    actor_loss      | -0.425   |
|    critic_loss     | 0.0187   |
|    ent_coef        | 0.00183  |
|    ent_coef_loss   | -0.379   |
|    learning_rate   | 0.0003   |
|    n_updates       | 294350   |
---------------------------------
---------------------------------
| rollout/           |          |
|    ep_len_mean     | 59.7     |
|    ep_rew_mean     | 48.9     |
| time/              |          |
|    episodes        | 5584     |
|    fps             | 16       |
|    time_elapsed    | 18948    |
|    total_timesteps | 304500   |
| train/             |          |
|    actor_loss      | -0.477   |
|    critic_loss     | 0.0147   |
|    ent_coef        | 0.00183  |
|    ent_coef_loss   | 0.983    |
|    learning_rate   | 0.0003   |
|    n_updates       | 294490   |
---------------------------------
---------------------------------
| rollout/           |          |
|    ep_len_mean     | 59.6     |
|    ep_rew_mean     | 47.7     |
| time/              |          |
|    episodes        | 5588     |
|    fps             | 16       |
|    time_elapsed    | 18968    |
|    total_timesteps | 304840   |
| train/             |          |
|    actor_loss      | -0.511   |
|    critic_loss     | 0.015    |
|    ent_coef        | 0.00176  |
|    ent_coef_loss   | -0.467   |
|    learning_rate   | 0.0003   |
|    n_updates       | 294830   |
---------------------------------
---------------------------------
| rollout/           |          |
|    ep_len_mean     | 59.2     |
|    ep_rew_mean     | 39.4     |
| time/              |          |
|    episodes        | 5592     |
|    fps             | 16       |
|    time_elapsed    | 18976    |
|    total_timesteps | 304960   |
| train/             |          |
|    actor_loss      | -0.494   |
|    critic_loss     | 0.0201   |
|    ent_coef        | 0.00175  |
|    ent_coef_loss   | 0.403    |
|    learning_rate   | 0.0003   |
|    n_updates       | 294950   |
---------------------------------
---------------------------------
| rollout/           |          |
|    ep_len_mean     | 58.9     |
|    ep_rew_mean     | 39.1     |
| time/              |          |
|    episodes        | 5596     |
|    fps             | 16       |
|    time_elapsed    | 18986    |
|    total_timesteps | 305120   |
| train/             |          |
|    actor_loss      | -0.442   |
|    critic_loss     | 0.0179   |
|    ent_coef        | 0.00173  |
|    ent_coef_loss   | -0.504   |
|    learning_rate   | 0.0003   |
|    n_updates       | 295110   |
---------------------------------
---------------------------------
| rollout/           |          |
|    ep_len_mean     | 58.9     |
|    ep_rew_mean     | 38.6     |
| time/              |          |
|    episodes        | 5600     |
|    fps             | 16       |
|    time_elapsed    | 19010    |
|    total_timesteps | 305500   |
| train/             |          |
|    actor_loss      | -0.491   |
|    critic_loss     | 0.0151   |
|    ent_coef        | 0.0017   |
|    ent_coef_loss   | -0.347   |
|    learning_rate   | 0.0003   |
|    n_updates       | 295490   |
---------------------------------
---------------------------------
| rollout/           |          |
|    ep_len_mean     | 59.4     |
|    ep_rew_mean     | 44.2     |
| time/              |          |
|    episodes        | 5604     |
|    fps             | 16       |
|    time_elapsed    | 19020    |
|    total_timesteps | 305650   |
| train/             |          |
|    actor_loss      | -0.424   |
|    critic_loss     | 0.0197   |
|    ent_coef        | 0.00172  |
|    ent_coef_loss   | 0.804    |
|    learning_rate   | 0.0003   |
|    n_updates       | 295640   |
---------------------------------
---------------------------------
| rollout/           |          |
|    ep_len_mean     | 59.2     |
|    ep_rew_mean     | 39.8     |
| time/              |          |
|    episodes        | 5608     |
|    fps             | 16       |
|    time_elapsed    | 19035    |
|    total_timesteps | 305880   |
| train/             |          |
|    actor_loss      | -0.456   |
|    critic_loss     | 0.0171   |
|    ent_coef        | 0.00171  |
|    ent_coef_loss   | 0.177    |
|    learning_rate   | 0.0003   |
|    n_updates       | 295870   |
---------------------------------
---------------------------------
| rollout/           |          |
|    ep_len_mean     | 59.5     |
|    ep_rew_mean     | 40.5     |
| time/              |          |
|    episodes        | 5612     |
|    fps             | 16       |
|    time_elapsed    | 19053    |
|    total_timesteps | 306150   |
| train/             |          |
|    actor_loss      | -0.422   |
|    critic_loss     | 0.0151   |
|    ent_coef        | 0.00175  |
|    ent_coef_loss   | 0.0882   |
|    learning_rate   | 0.0003   |
|    n_updates       | 296140   |
---------------------------------
---------------------------------
| rollout/           |          |
|    ep_len_mean     | 59.6     |
|    ep_rew_mean     | 40.8     |
| time/              |          |
|    episodes        | 5616     |
|    fps             | 16       |
|    time_elapsed    | 19065    |
|    total_timesteps | 306350   |
| train/             |          |
|    actor_loss      | -0.487   |
|    critic_loss     | 0.0199   |
|    ent_coef        | 0.00177  |
|    ent_coef_loss   | -0.59    |
|    learning_rate   | 0.0003   |
|    n_updates       | 296340   |
---------------------------------
---------------------------------
| rollout/           |          |
|    ep_len_mean     | 59.6     |
|    ep_rew_mean     | 51.4     |
| time/              |          |
|    episodes        | 5620     |
|    fps             | 16       |
|    time_elapsed    | 19088    |
|    total_timesteps | 306700   |
| train/             |          |
|    actor_loss      | -0.444   |
|    critic_loss     | 0.0175   |
|    ent_coef        | 0.00174  |
|    ent_coef_loss   | 0.34     |
|    learning_rate   | 0.0003   |
|    n_updates       | 296690   |
---------------------------------
---------------------------------
| rollout/           |          |
|    ep_len_mean     | 59.6     |
|    ep_rew_mean     | 55.6     |
| time/              |          |
|    episodes        | 5624     |
|    fps             | 16       |
|    time_elapsed    | 19098    |
|    total_timesteps | 306870   |
| train/             |          |
|    actor_loss      | -0.452   |
|    critic_loss     | 0.0224   |
|    ent_coef        | 0.00178  |
|    ent_coef_loss   | 0.588    |
|    learning_rate   | 0.0003   |
|    n_updates       | 296860   |
---------------------------------
---------------------------------
| rollout/           |          |
|    ep_len_mean     | 59.4     |
|    ep_rew_mean     | 49.8     |
| time/              |          |
|    episodes        | 5628     |
|    fps             | 16       |
|    time_elapsed    | 19116    |
|    total_timesteps | 307090   |
| train/             |          |
|    actor_loss      | -0.435   |
|    critic_loss     | 0.0197   |
|    ent_coef        | 0.00178  |
|    ent_coef_loss   | 0.16     |
|    learning_rate   | 0.0003   |
|    n_updates       | 297080   |
---------------------------------
