{
    "agent": "PPO_0_5",
    "episodes": 100,
    "success_rate": 0.18,
    "avg_cross_track_error": 55.935649894761646,
    "avg_total_reward": -847.8849967869182,
    "avg_time": 41.52
}