key,who,pf,prog,exist,smooth,obs,bnd,dom,col,terminal
field_dev:DV3-CRP-CV-01,sac,-21.477412638097544,23.565958075002964,-4.745388151088368,-4.556912492944358,-7.39739018022371,0.0,0.0,-11.56439946129041,7.330786904388803
field_dev:DV3-CRP-CV-01,alt:port:1:-40:-1:4,-16.62594312698684,21.574817933850753,-5.022253005137024,-2.367782862923137,-18.13466087833358,0.0,0.0,-5.396760073830566,1.6234158618441348
field_dev:DV3-CRP-CV-01,alt:port:2:-20:-1:8,-13.577853831973556,22.87726585787849,-5.004720215816593,-2.7354369519577295,-27.97103596312009,0.0,-0.04236022550173512,-7.117213619894064,1.9848417799380111
field_dev:DV3-CRP-CV-01,alt:port:0:-70:-1:4,-19.187874050632164,20.418311742704542,-5.026112635965683,-1.4077471859383275,-13.124925663297349,0.0,0.0,-5.546287759986383,1.543852331463605
field_dev:DV3-CRP-CV-01,alt:port:3:-20:-1:4,-11.961009435852436,23.70768277825885,-5.00943912777496,-3.2323781337825204,-24.98132227040445,0.0,-0.20644976280493213,-6.403115485328821,1.8875647833468536
field_dev:DV3-CRP-CV-01,alt:speed:2:+0:-1:14,-16.957824185145995,21.340689681967138,-5.029783106480025,-1.8337166709409165,-38.63434031189645,0.0,-1.2539646137625238,-9.644939259950576,1.468188205736805
field_dev:DV3-CRP-CV-01,alt:speed:1:+0:-1:14,-18.53298358234176,20.60791300855947,-5.033273687417616,-1.5140549292124248,-38.586857162515926,0.0,-0.2720857993157754,-7.871983570905381,1.3962323750362355
field_dev:DV3-CRP-CV-01,alt:speed:0:+0:-1:14,-20.413709420040888,19.71557339413076,-5.033273687417616,-1.5948104031878119,-36.17473735026336,0.0,0.0,-8.01947568830054,1.3962323750362355
field_dev:DV3-CRP-CV-01,alt:speed:3:+0:-1:14,-17.016527128789882,21.38793206720465,-5.045607087651986,-2.1517119441634858,-34.99186793397755,0.0,-2.506686706100293,-10.824051527796176,1.1419881460399952
field_dev:DV3-CRP-CV-01,alt:port:1:-40:-1:8,-16.62594312698684,21.574817933850753,-5.022253005137024,-2.367782862923137,-18.13466087833358,0.0,0.0,-5.396760073830566,1.6234158618441348
field_dev:DV3-CRP-CV-01,alt:port:2:-20:-1:4,-13.129976012222365,23.09215808477223,-5.004720215816593,-2.833346623659912,-27.406175997749965,0.0,-0.04236022550173512,-7.117213619894064,1.9848417799380111
field_dev:DV3-CRP-CV-01,alt:port:0:-70:-1:8,-19.187874050632164,20.418311742704542,-5.026112635965683,-1.4077471859383275,-13.124925663297349,0.0,0.0,-5.546287759986383,1.543852331463605
field_dev:DV3-CRP-CV-01,alt:port:3:-20:-0.5:4,-10.709042127499997,24.3383211883355,-4.999758111366748,-3.23595570478437,-21.130102907690496,0.0,-0.10134741275186748,-6.4458970766723,2.087132015888835
field_dev:DV3-CRP-CV-01,alt:speed:2:+0:-1:4,-12.831929021859414,23.18839852329496,-5.004720215816593,-2.641603597572069,-35.13387176135599,0.0,-1.2539646137625238,-9.644939259950576,1.9848417799380111
field_dev:DV3-CRP-CV-01,alt:speed:1:+0:-1:4,-14.727787697164139,22.274861496205656,-5.004720215816593,-1.8851328893590353,-35.100714376699614,0.0,-0.2720857993157754,-7.871983570905381,1.9848417799380111
field_dev:DV3-CRP-CV-01,alt:speed:0:+0:-1:4,-16.603216316734837,21.40954557241379,-5.00943912777496,-1.7506883325837836,-31.36932994215746,0.0,0.0,-8.327913046238654,1.8875647833468536
field_dev:DV3-CRP-CV-01,alt:speed:3:+0:-1:4,-11.21777531899365,23.930721006414387,-4.999758111366748,-3.1743216180008273,-33.671325753495374,0.0,-2.506686706100293,-10.824051527796176,2.087132015888835
field_dev:DV3-CRP-CV-02,sac,-19.954905467447574,17.13027745380316,-2.9300676466682667,-2.566941554601995,-13.546865908034428,0.0,-0.0005241580997454761,-13.788435633599658,-134.25696412914309
field_dev:DV3-CRP-CV-02,alt:starboard:0:+20:-1:4,-25.935181497213538,19.342764349228336,-5.05335956119959,-1.930795693861028,-29.164631529591627,0.0,-0.8133033429022617,-18.70544505342071,0.9821764459030136
field_dev:DV3-CRP-CV-02,alt:starboard:0:+20:-1:8,-25.935181497213538,19.342764349228336,-5.05335956119959,-1.930795693861028,-29.164631529591627,0.0,-0.8133033429022617,-18.70544505342071,0.9821764459030136
field_dev:DV3-CRP-CV-02,alt:starboard:0:+20:-1:14,-25.935181497213538,19.342764349228336,-5.05335956119959,-1.930795693861028,-29.164631529591627,0.0,-0.8133033429022617,-18.70544505342071,0.9821764459030136
field_dev:DV3-CRP-CV-03,sac,-32.73404114788342,23.594268207921345,-3.971378317936393,-4.108399692893882,-33.66252402696629,0.0,0.0,-49.010579787847625,-69.8593388844017
field_dev:DV3-CRP-CV-03,alt:starboard:0:+20:+1:4,-30.55862778423943,27.668283010553285,-4.925032029898121,-2.5723123615802743,-30.351359114939374,0.0,0.0,-46.72121473168911,3.6275567655825034
field_dev:DV3-CRP-CV-03,alt:starboard:0:+40:+0:4,-22.564731590714235,23.338596963577462,-5.022253005137024,-1.2921742460832395,-27.94471852295166,0.0,0.0,-74.40720067433038,1.6234158618441348
field_dev:DV3-CRP-CV-03,alt:starboard:0:+40:+0:8,-23.121957420508643,23.278310929178463,-5.026112635965683,-1.2652442678299183,-28.439046171132176,0.0,0.0,-74.40720067433038,1.543852331463605
field_dev:DV3-CRP-CV-04,sac,-28.38299421007303,21.550673729844476,-3.648709217553374,-5.030512995508601,-10.790050006594978,0.0,0.0,-43.28693585539121,-89.81411739369929
field_dev:DV3-CRP-CV-04,alt:starboard:0:+20:+0:4,-13.59562739371075,25.50950491956175,-4.999758111366748,-2.1820898193061513,-4.734386072465379,0.0,0.0,-40.300257258916766,2.087132015888835
field_dev:DV3-CRP-CV-04,alt:speed:0:+0:+1:4,-22.61168519960668,28.635092521838665,-4.824398616842987,-4.185228515057576,-16.305613742487118,0.0,-2.683557765992269,-23.961814045562413,5.702042635437159
field_dev:DV3-CRP-CV-04,alt:port:0:-20:+1:4,-25.359573229860867,28.421588415424683,-4.810143510254394,-4.533766876160212,-11.805025009564254,0.0,-3.2894027961109207,-25.229178896385815,5.995901467146528
field_dev:DV3-CRP-CV-04,alt:starboard:0:+20:+0:8,-14.347676431568358,25.462362352875136,-5.004720215816593,-2.1078921785409266,-7.526933467836958,0.0,0.0,-40.300257258916766,1.9848417799380111
field_dev:DV3-CRP-CV-04,alt:speed:0:+0:+1:8,-27.235760202102433,28.45179605080946,-4.762816914598395,-4.054663162964899,-16.000947313455896,0.0,-2.683557765992269,-23.961814045562413,6.971505404010974
field_dev:DV3-CRP-CV-04,alt:port:0:-20:+1:8,-29.765313347630578,28.182940416506167,-4.745388151088368,-4.715667277182852,-6.700971407441163,0.0,-3.2894027961109207,-25.229178896385815,7.330786904388803
field_dev:DV3-CRP-CV-04,alt:starboard:0:+40:+0:4,-19.396827095599804,23.427907006814355,-5.026112635965683,-1.3704778553905643,-6.32843883079556,0.0,0.0,-45.10154736724058,1.543852331463605
field_dev:DV3-CRP-CV-04,alt:speed:0:+0:+1:14,-37.78624648702691,27.07928674119234,-4.5132144568653905,-4.22003833215209,-16.904849823492853,0.0,-2.683557765992269,-23.961814045562413,12.11688163570481
field_dev:DV3-CRP-CV-04,alt:port:0:-20:+1:14,-39.358450070022954,26.70641351013863,-4.451068918356438,-4.787270148308115,-7.104107301586142,0.0,-3.2894027961109207,-25.229178896385815,13.397967485796144
field_dev:DV3-CRP-CV-04,alt:port:0:-40:+1:4,-22.86506021059777,28.655765898344633,-4.824398616842987,-3.906436976565376,-15.834946916397548,0.0,-3.5308871074657517,-23.376622531422903,5.702042635437159
field_dev:DV3-CRP-CV-05,sac,-19.216321463556376,26.446212516323545,-4.687525094204378,-4.959841741806035,-15.647459459745697,-9.769552538785394,0.0,-0.631852104773003,8.523592457219156
field_dev:DV3-CRP-CV-05,alt:port:3:-70:-1:14,-22.43655100619473,20.694510445238787,-5.042752117286885,-1.7864414196478093,-27.987514167455153,0.0,-1.1456349732247488,0.0,1.200841319170563
field_dev:DV3-CRP-CV-05,alt:port:2:-70:-1:14,-22.423040219054336,20.235799381355474,-5.042752117286885,-2.026190901810484,-15.478675247312049,0.0,-0.3201854527348983,0.0,1.200841319170563
field_dev:DV3-CRP-CV-05,alt:port:1:-70:+0:4,-9.237153157802275,26.372606817111524,-4.970837725601496,-1.9876756282823826,-21.730098921410807,0.0,-0.19535069924046766,0.0,2.683305093988559
field_dev:DV3-CRP-CV-05,alt:port:0:-40:+0:4,-7.5412633702327465,26.781219512550777,-4.9641294628665245,-2.304822893478362,-24.106346471136806,0.0,0.0,-2.5704032877386798,2.8215911347029534
field_dev:DV3-CRP-CV-05,alt:port:2:-40:-0.5:14,-18.22751261718736,22.650020089114456,-5.0139267660937215,-4.375413600677491,-35.26644047696618,0.0,-0.4172241705918747,0.0,1.7950553275045067
field_dev:DV3-CRP-CV-05,alt:port:1:-70:-0.5:8,-16.3676770877935,22.817272576665985,-5.00943912777496,-1.6668457323383108,-17.723868969759977,0.0,-0.03524312700972222,0.0,1.8875647833468536
field_dev:DV3-CRP-CV-05,alt:port:0:-40:+0:14,-10.817107103623758,27.043103433190012,-4.970837725601496,-2.699714967799517,-23.212482129540646,-13.187383860375192,0.0,-2.509971664820023,2.683305093988559
field_dev:DV3-CRP-CV-05,alt:port:0:-70:-0.5:4,-15.327239278065274,23.07229129119682,-5.004720215816593,-1.277892052977846,-18.855532167149327,0.0,0.0,0.0,1.9848417799380111
field_dev:DV3-CRP-CV-06,sac,-34.634577534828175,27.416506607607932,-4.569417767934655,-4.739981264016068,-4.961601010700254,0.0,0.0,-32.52839636014875,10.958290556334791
field_dev:DV3-CRP-CV-06,alt:starboard:2:+20:+0:14,-15.793301225924896,26.445685676294822,-5.022253005137024,-2.8825393070975585,-0.026395672205373474,0.0,0.0,-37.02459768632001,1.6234158618441348
field_dev:DV3-CRP-CV-06,alt:starboard:3:+40:+1:8,-30.01217960696195,28.465851261950966,-4.915963137984165,-1.7551867251048163,-1.5304553201323325,0.0,0.0,-30.2248902996337,3.8145054892676895
field_dev:DV3-CRP-CV-06,alt:starboard:1:+20:+1:8,-38.43454052782733,28.10221973384003,-4.915963137984165,-3.155964559429922,0.0,0.0,0.0,-27.822357196707664,3.8145054892676895
field_dev:DV3-CRP-CV-06,alt:starboard:0:+20:+1:8,-39.81508783280291,27.784796459656416,-4.885854644723005,-3.308341655395156,-5.274935192190469,-0.21226333174586876,0.0,-28.62376184396662,4.435170554047622
field_dev:DV3-CRP-CV-06,alt:port:1:-20:+0:4,-4.615979769476847,28.28380280335639,-4.9641294628665245,-5.010292378464915,-13.565770264547307,-1.135013452083721,0.0,-33.21332782776439,2.8215911347029534
field_dev:DV3-CRP-CV-06,alt:port:2:-20:+0:4,-4.736358958429517,28.290246097331966,-4.9641294628665245,-5.138498550922385,-12.46385138603712,-2.7706606801334894,0.0,-32.19118185206977,2.8215911347029534
field_dev:DV3-CRP-CV-06,alt:starboard:2:+20:+1:8,-34.71911401254386,28.23753577632581,-4.906426874260996,-2.702819739698338,-0.0740487617148697,0.0,0.0,-29.32920001699847,4.011088748687537
field_dev:DV3-CRP-CV-06,alt:starboard:3:+40:+0:14,-13.814099820919573,26.41767071689459,-5.026112635965683,-1.5687127826872824,-0.9744765780363726,0.0,0.0,-35.61273733010501,1.543852331463605
field_dev:DV3-CRP-CV-06,alt:starboard:1:+20:+0:14,-17.496350954642715,26.16046579469243,-5.026112635965683,-2.3645123483238284,-0.4877908006255023,-0.09732095643971396,0.0,-36.48941513729766,1.543852331463605
field_dev:DV3-CRP-CV-06,alt:starboard:0:+20:+0:14,-14.986467318109995,26.91647075143627,-5.004720215816593,-2.6983679059062093,-12.304924478222292,-0.30638127546794947,0.0,-33.79836927789214,1.9848417799380111
field_dev:DV3-CRP-CV-06,alt:port:1:-20:+0:8,-4.615979769476847,28.28380280335639,-4.9641294628665245,-5.010292378464915,-13.565770264547307,-1.135013452083721,0.0,-33.21332782776439,2.8215911347029534
field_dev:DV3-CRP-CV-06,alt:port:2:-20:+0:8,-4.736358958429517,28.290246097331966,-4.9641294628665245,-5.138498550922385,-12.46385138603712,-2.7706606801334894,0.0,-32.19118185206977,2.8215911347029534
field_dev:DV3-CRP-CV-06,alt:starboard:3:+20:+0:14,-10.403465466158659,27.512317050555723,-4.999758111366748,-3.1453938443783733,-12.394553852723101,0.0,0.0,-35.61133914059501,2.087132015888835
field_dev:DV3-CRP-CV-06,alt:starboard:3:+20:+1:8,-27.303916023512354,28.128728260171087,-4.837955081369003,-2.6495660986506286,-18.742098881321375,0.0,0.0,-30.2248075100018,5.422585810406311
field_dev:DV3-CRP-CV-07,sac,-22.945637513517717,26.912502487037614,-4.620247035021842,-5.482224704408838,-11.589568571133627,0.0,0.0,-2.1977211775088508,9.910481551887445
field_dev:DV3-CRP-CV-07,alt:port:0:-40:-1:4,-20.66419314995497,21.053316031951077,-5.039750013988959,-1.0079689926726698,-10.111905461454594,0.0,-0.04396915320581118,0.0,1.2627275325297418
field_dev:DV3-CRP-CV-07,alt:port:1:-20:+1:4,-34.33640455953024,26.971396822196713,-5.018194465482414,-2.443612391134179,-21.31193439077855,-0.06687959461978568,0.0,-1.4337894688737185,1.7070797554767716
field_dev:DV3-CRP-CV-07,alt:port:0:-40:-1:8,-20.66419314995497,21.053316031951077,-5.039750013988959,-1.0079689926726698,-10.111905461454594,0.0,-0.04396915320581118,0.0,1.2627275325297418
field_dev:DV3-CRP-CV-07,alt:port:1:-70:-1:4,-17.875079760061855,22.4227909104911,-5.033273687417616,-1.239466060444624,-13.444313982837723,0.0,-1.0081562962154766,-4.926366468058593,1.3962323750362355
field_dev:DV3-CRP-CV-07,alt:port:0:-70:-1:4,-21.05721845520338,20.932279781145166,-5.042752117286885,-0.936910630135467,-11.315803625893661,0.0,-0.041722288415332945,0.0,1.200841319170563
field_dev:DV3-CRP-CV-07,alt:port:1:-40:-1:4,-17.875079760061855,22.4227909104911,-5.033273687417616,-1.239466060444624,-13.444313982837723,0.0,-1.0081562962154766,-4.926366468058593,1.3962323750362355
field_dev:DV3-CRP-CV-07,alt:port:0:-70:-1:8,-21.05721845520338,20.932279781145166,-5.042752117286885,-0.936910630135467,-11.315803625893661,0.0,-0.041722288415332945,0.0,1.200841319170563
field_dev:DV3-CRP-CV-07,alt:port:1:-20:-1:8,-17.75730017088906,22.416395834792933,-5.033273687417616,-1.5826465768427906,-12.509314228576189,0.0,-1.3098271800740169,-5.343997444657616,1.3962323750362355
field_dev:DV3-CRP-CV-07,alt:port:0:-20:-0.5:4,-16.571677032415117,23.102009404651078,-5.026112635965683,-2.7623691612755654,-13.232165478699317,0.0,-0.26538574885930555,-11.010959485951506,1.543852331463605
field_dev:DV3-CRP-CV-07,alt:port:1:-20:-1:4,-17.239385022523685,22.62092365708053,-5.029783106480025,-1.6375567182853599,-11.563841601587914,0.0,-1.3098271800740169,-5.343997444657616,1.468188205736805
field_dev:DV3-CRP-CV-07,alt:port:0:-20:-0.5:8,-16.571677032415117,23.102009404651078,-5.026112635965683,-2.7623691612755654,-13.232165478699317,0.0,-0.26538574885930555,-11.010959485951506,1.543852331463605
field_dev:DV3-CRP-CV-07,alt:port:1:-70:-1:8,-18.48641498521117,22.189932768720293,-5.036593195157635,-1.1595793367893563,-14.60372517545087,0.0,-1.0081562962154766,-4.926366468058593,1.327803096007705
field_dev:DV3-CRP-CV-07,alt:port:0:-40:-0.5:4,-20.970249097856215,21.452358467598387,-5.039750013988959,-1.6438565131603833,-14.060362940433262,0.0,0.0,-0.5627106469217704,1.2627275325297418
field_dev:DV3-CRP-CV-07,alt:port:1:-40:-1:8,-18.48641498521117,22.189932768720293,-5.036593195157635,-1.1595793367893563,-14.60372517545087,0.0,-1.0081562962154766,-4.926366468058593,1.327803096007705
field_dev:DV3-CRP-CV-07,alt:port:0:-40:-0.5:8,-20.970249097856215,21.452358467598387,-5.039750013988959,-1.6438565131603833,-14.060362940433262,0.0,0.0,-0.5627106469217704,1.2627275325297418
field_dev:DV3-CRP-CV-07,alt:port:1:-20:-0.5:4,-16.957094900259385,23.1773764630122,-5.029783106480025,-1.822868289216426,-16.523021692961517,0.0,-0.23206952318029667,-13.313922134462347,1.468188205736805
field_dev:DV3-CRP-CV-08,sac,-36.57194230563545,27.416506607607932,-4.569417767934655,-5.684945273282019,-17.811399538288935,0.0,0.0,-21.135397493017518,10.958290556334791
field_dev:DV3-CRP-CV-08,alt:starboard:0:+40:-1:4,-23.039869649668688,20.104709339521577,-5.029783106480025,-0.968974133478874,-8.86696953540983,0.0,0.0,-37.70026198974358,1.468188205736805
field_dev:DV3-CRP-CV-08,alt:starboard:3:+20:-1:4,-14.966157445444958,24.15201050715866,-4.999758111366748,-1.9866377879838988,-19.33220009811693,0.0,0.0,-20.413364741109383,2.087132015888835
field_dev:DV3-CRP-CV-08,alt:starboard:2:+20:-1:4,-17.930439129715527,22.800512334489834,-5.0139267660937215,-1.7201121790816878,-12.776978564703152,0.0,0.0,-27.94088079001308,1.7950553275045067
field_dev:DV3-CRP-CV-08,alt:starboard:1:+20:-1:4,-19.13568509081077,22.01764949916625,-5.018194465482414,-1.8433900691093108,-14.843677951230749,0.0,0.0,-30.310273625361617,1.7070797554767716
field_dev:DV3-CRP-CV-08,alt:speed:0:+0:-0.5:4,-15.506328618478316,23.468927254431176,-5.004720215816593,-4.237963238847332,-29.683135319321526,0.0,0.0,-16.750884610572506,1.9848417799380111
field_dev:DV3-CRP-CV-08,alt:speed:1:+0:-0.5:4,-14.590847499276801,23.961592312449437,-4.999758111366748,-4.379621962374083,-30.898548463733636,0.0,0.0,-18.376437372744444,2.087132015888835
field_dev:DV3-CRP-CV-08,alt:speed:2:+0:-0.5:4,-13.206283814482122,24.70299448207324,-4.994540281327025,-4.5484918813290705,-30.14750499183653,0.0,0.0,-18.86875720023122,2.1946938520632315
field_dev:DV3-CRP-CV-08,alt:speed:3:+0:-1:4,-13.819733544351013,24.40515306197396,-4.999758111366748,-4.821107903298354,-34.6958751330083,0.0,0.0,-17.00657425688521,2.087132015888835
field_dev:DV3-CRP-CV-08,alt:port:3:-20:-1:4,-13.70069949599059,24.393271687682827,-5.004720215816593,-4.948796848591707,-37.9286597799592,0.0,0.0,-16.283162713532892,1.9848417799380111
field_dev:DV3-CRP-CV-08,alt:starboard:0:+40:-1:8,-23.039869649668688,20.104709339521577,-5.029783106480025,-0.968974133478874,-8.86696953540983,0.0,0.0,-37.70026198974358,1.468188205736805
field_dev:DV3-CRP-CV-08,alt:starboard:3:+40:-1:4,-14.966157445444958,24.15201050715866,-4.999758111366748,-1.9866377879838988,-19.33220009811693,0.0,0.0,-20.413364741109383,2.087132015888835
field_dev:DV3-CRP-CV-08,alt:starboard:2:+40:-1:4,-18.202816345796887,22.700322957522335,-5.0139267660937215,-1.5026998154828517,-12.542451579582368,0.0,0.0,-28.02985351498222,1.7950553275045067
field_dev:DV3-CRP-CV-08,alt:starboard:1:+20:-1:8,-19.13568509081077,22.01764949916625,-5.018194465482414,-1.8433900691093108,-14.843677951230749,0.0,0.0,-30.310273625361617,1.7070797554767716
field_dev:DV3-CRP-CV-08,alt:speed:0:+0:-0.5:8,-15.506328618478316,23.468927254431176,-5.004720215816593,-4.237963238847332,-29.683135319321526,0.0,0.0,-16.750884610572506,1.9848417799380111
field_dev:DV3-CRP-CV-08,alt:speed:1:+0:-0.5:8,-14.590847499276801,23.961592312449437,-4.999758111366748,-4.379621962374083,-30.898548463733636,0.0,0.0,-18.376437372744444,2.087132015888835
field_dev:DV3-CRP-CV-08,alt:speed:2:+0:-0.5:8,-13.661553896753853,24.463476817754387,-4.999758111366748,-4.613393422766886,-31.67210071821192,0.0,0.0,-18.86875720023122,2.087132015888835
field_dev:DV3-CRP-CV-09,sac,-27.6923688640656,27.416506607607932,-4.569417767934655,-5.789944152160765,-6.694280519713446,0.0,0.0,-2.175006435592061,10.958290556334791
field_dev:DV3-CRP-CV-09,alt:port:0:-20:+1:8,-43.7846535685888,27.79678729560638,-4.837955081369003,-3.7249706596555576,-7.778238684435527,0.0,0.0,-9.208052756800122,5.422585810406311
field_dev:DV3-CRP-CV-09,alt:port:1:-20:+0:14,-18.47120950535281,26.62788823360031,-5.00943912777496,-1.2643177903772749,-0.775129362788187,0.0,0.0,-0.05723527326404249,1.8875647833468536
field_dev:DV3-CRP-CV-09,alt:port:2:-70:-0.5:14,-22.556398657289822,21.77730270124672,-5.062035463165965,-0.9503618394941846,-0.37795943765167855,0.0,-0.07816516126752952,-8.034616846096402,0.8033289290486658
field_dev:DV3-CRP-CV-09,alt:port:3:-70:-1:4,-12.014255953783685,25.528851707174162,-4.9772172167145685,-1.5699196122204169,-15.324186154440675,0.0,-3.647388939872582,-17.391845131217156,2.5517964452291038
field_dev:DV3-CRP-CV-09,alt:port:0:-20:+0:14,-15.194985727341217,27.525000969468437,-4.970837725601496,-4.077059818755006,-14.674168793806821,0.0,0.0,-7.881414949575276,2.683305093988559
field_dev:DV3-CRP-CV-09,alt:port:1:-70:-0.5:14,-25.41084572014144,20.527214973231857,-5.06394535771177,-0.5209522977918122,-0.5644302122122224,0.0,0.0,-0.07124640431086651,0.7639578183221043
field_dev:DV3-CRP-CV-09,alt:port:2:-40:-0.5:14,-21.92770426133346,22.173886524915144,-5.05335956119959,-1.1126468874871382,-2.234819696528419,0.0,-0.07816516126752952,-8.034616846096402,0.9821764459030136
field_dev:DV3-CRP-CV-09,alt:port:3:-70:-1:14,-21.733292493817128,21.478910027797156,-5.060027140843343,-0.9619036823525623,-6.705659287569569,0.0,-3.647388939872582,-17.391845131217156,0.8447290580307742
field_dev:DV3-CRP-CV-09,alt:port:0:-40:-1:4,-19.935390276739184,21.917841553770206,-5.004720215816593,-1.5640321228410843,-9.748622451609672,0.0,0.0,-1.0811489017436224,1.9848417799380111
field_dev:DV3-CRP-CV-09,alt:port:1:-20:-1:4,-15.232582981788305,24.09819401444276,-4.983284049286526,-1.3741301075415187,-11.688737892908597,0.0,0.0,-0.130815504746872,2.4267330287830675
field_dev:DV3-CRP-CV-09,alt:port:2:-20:+0:14,-18.01007939077272,26.19235821615999,-5.026112635965683,-2.552510664218043,-0.5834190599300068,-0.10639600015827255,-0.05605023951546826,-7.686269340514625,1.543852331463605
field_dev:DV3-CRP-CV-09,alt:port:3:-40:-1:4,-12.014255953783685,25.528851707174162,-4.9772172167145685,-1.5699196122204169,-15.324186154440675,0.0,-3.647388939872582,-17.391845131217156,2.5517964452291038
field_dev:DV3-CRP-CV-09,alt:port:0:-20:-0.5:4,-13.661720465855737,24.674357437761092,-4.9772172167145685,-3.3029577507414554,-11.95164116298005,0.0,0.0,-7.772913234856615,2.5517964452291038
field_dev:DV3-CRP-CV-09,alt:port:1:-20:-0.5:4,-14.323713088199806,24.916419267478528,-4.983284049286526,-1.375378790231917,-14.130263807718617,0.0,0.0,-0.11406554453219457,2.4267330287830675
field_dev:DV3-CRP-CV-09,alt:port:2:-70:+0:8,-17.909617296750078,25.507022763384473,-5.0139267660937215,-1.1603070024507862,-5.912899938646838,0.0,-0.05605023951546826,-7.686269340514625,1.7950553275045067
field_dev:DV3-CRP-CV-09,alt:port:3:-20:-1:4,-11.99911804106386,25.533620395131564,-4.9772172167145685,-1.5824626813011702,-15.2732966610085,0.0,-3.647388939872582,-17.391845131217156,2.5517964452291038
field_dev:DV3-CRP-CV-10,sac,-25.822634660705045,27.814421495551322,-4.6438089583857485,-4.792004618002817,-7.056765108217807,0.0,0.0,-2.6383079533995497,9.424769345562469
field_dev:DV3-CRP-CV-10,alt:port:1:-20:+1:4,-29.454653629151203,27.15890253304105,-4.983284049286526,-1.5228106776263386,-9.504650021656879,0.0,0.0,-2.181776638909429,2.4267330287830675
field_dev:DV3-CRP-CV-10,alt:port:2:-20:+0:8,-17.992292336394236,24.8590192650362,-5.018194465482414,-1.819818423042352,-9.121260307280945,0.0,0.0,-10.999319044011248,1.7070797554767716
field_dev:DV3-CRP-CV-10,alt:port:3:-70:-1:14,-24.713670358489473,19.871000766009537,-5.072179216345195,-0.6431487994723267,-1.1075498965320418,0.0,0.0,-17.446525596028536,0.5942227087709052
field_dev:DV3-CRP-CV-10,alt:starboard:1:+70:-1:8,-17.398061056272837,21.489967845633927,-5.004720215816593,-1.8133945483909644,-9.27710924958929,0.0,0.0,-16.153709127669696,1.9848417799380111
field_dev:DV3-CRP-CV-10,alt:starboard:0:+70:-0.5:8,-15.296622098819698,22.382570141836464,-4.994540281327025,-1.4388315597941448,-11.017315542057116,0.0,0.0,-16.006095731605374,2.1946938520632315
field_dev:DV3-CRP-CV-10,alt:port:0:-20:-1:4,-18.74525971194635,21.59863069817245,-4.999758111366748,-1.5066990924951993,-9.516862824766449,0.0,0.0,-2.1750326561678754,2.087132015888835
field_dev:DV3-CRP-CV-10,alt:speed:2:+0:-1:4,-11.132244296776694,24.36463564098772,-4.970837725601496,-3.2395443685777883,-12.265088399685071,0.0,0.0,-14.564041483424694,2.683305093988559
field_dev:DV3-CRP-CV-10,alt:starboard:2:+70:-1:4,-11.737112979505648,24.078730820106642,-4.9772172167145685,-3.0413481539993246,-11.204151334527323,0.0,0.0,-14.564041483424694,2.5517964452291038
field_dev:DV3-CRP-CV-10,alt:speed:0:+0:-0.5:4,-12.094742227789917,23.848473064832937,-4.970837725601496,-3.173830623291044,-12.15250844352382,0.0,0.0,-15.91856354008091,2.683305093988559
field_dev:DV3-CRP-CV-10,alt:speed:1:+0:-1:4,-12.686721512585674,23.607447573891054,-4.9772172167145685,-3.149516063976233,-12.130832393674122,0.0,0.0,-16.153709127669696,2.5517964452291038
field_dev:DV3-CRP-CV-10,alt:starboard:3:+20:-0.5:8,-12.477448778161161,24.01313732004288,-4.9890535466968675,-4.654112748035659,-11.03676633135216,0.0,-0.0005626347531229073,-14.648196621836794,2.3077989641363876
field_dev:DV3-CRP-CV-10,alt:speed:3:+0:-1:4,-10.974360007212274,24.510165245818904,-4.970837725601496,-3.300155629515326,-12.13116415011839,0.0,-0.0003592368706921971,-14.564041483424694,2.683305093988559
field_dev:DV3-CRP-CV-10,alt:port:1:-20:+0:8,-20.510416522662233,24.11854120187796,-5.022253005137024,-1.6747441780992272,-7.953553911532908,0.0,0.0,-2.142941836468365,1.6234158618441348
field_dev:DV3-CRP-CV-10,alt:port:2:-20:-0.5:14,-23.98940653167242,21.121397827434752,-5.060027140843343,-1.762684045194317,-0.845898514980115,0.0,0.0,-9.355753171262258,0.8447290580307742
field_dev:DV3-CRP-CV-10,alt:port:3:-40:-0.5:14,-22.15996249619084,21.58088115872846,-5.060027140843343,-1.2288170371012748,-1.5571474736522548,0.0,0.0,-17.351598021361372,0.8447290580307742
field_dev:DV3-CRP-CV-10,alt:starboard:1:+70:-1:14,-22.530299775403805,19.252807761595466,-5.039750013988959,-0.9507415922714103,-10.940750699556823,0.0,0.0,-16.153709127669696,1.2627275325297418
field_dev:DV3-CRP-CV-11,sac,-12.754200407343237,17.248260842077272,-3.137648170685011,-5.516734775704828,-11.384308123774947,0.0,0.0,0.0,-121.41959180349701
field_dev:DV3-CRP-CV-11,alt:starboard:2:+40:+1:8,-24.36118217148842,23.783665681230026,-3.971378317936393,-4.545129340548722,-12.54680012975401,0.0,0.0,0.0,23.286446294800566
field_dev:DV3-CRP-CV-11,alt:speed:3:+0:-0.5:14,-21.74556478470993,21.848632970899455,-4.8508471442450665,-1.1918173298754782,-20.18496110334256,0.0,0.0,0.0,5.1568251504253295
field_dev:DV3-CRP-CV-11,alt:speed:2:+0:-0.5:14,-22.20452396807867,21.50689651114958,-4.8508471442450665,-1.2340784923457693,-19.14827488577545,0.0,0.0,0.0,5.1568251504253295
field_dev:DV3-CRP-CV-11,alt:starboard:3:+20:+1:8,-23.586697400371918,23.783665681230026,-3.971378317936393,-4.074865051772362,-13.456032841838294,0.0,0.0,0.0,23.286446294800566
field_dev:DV3-CRP-CV-11,alt:speed:1:+0:-0.5:14,-22.230989631178925,21.11690882221767,-4.837955081369003,-1.320806437680592,-17.675191062143945,0.0,0.0,0.0,5.422585810406311
field_dev:DV3-CRP-CV-11,alt:starboard:0:+20:-1:4,-16.13430481101655,23.276497702272795,-4.707789723244923,-3.673670844801778,-23.058774213661255,0.0,0.0,0.0,8.105851616218109
field_dev:DV3-CRP-CV-11,alt:starboard:1:+70:-0.5:14,-22.179627142538052,21.198517351299458,-4.837955081369003,-1.6325497190499714,-20.054854366064763,0.0,0.0,0.0,5.422585810406311
field_dev:DV3-CRP-CV-11,alt:speed:0:+0:+1:4,-18.57307533053494,25.72122592038143,-4.417573999641948,-2.4867768901100984,-29.316480907513636,0.0,0.0,0.0,14.08844129042674
field_dev:DV3-CRP-CV-11,alt:port:2:-20:-0.5:8,-28.550576042524813,21.819692510146503,-4.896399152389277,-2.3593953181549905,-29.482745509613316,-1.2218227368229255,0.0,0.0,4.2178030665087585
field_dev:DV3-CRP-CV-11,alt:port:1:-70:+0:4,-26.75491768539682,23.68259136252959,-4.824398616842987,-1.496663220284787,-34.317309416457334,-3.4085309223664155,0.0,0.0,5.702042635437159
field_dev:DV3-CRP-CV-11,alt:port:0:-20:+0:4,-28.440990651423885,22.66956498004367,-4.8508471442450665,-1.7070241177922252,-35.174356161015396,-10.05830243202368,0.0,0.0,5.1568251504253295
field_dev:DV3-CRP-CV-11,alt:port:3:-70:-1:8,-29.229900538892498,21.18868631338069,-4.925032029898121,-1.1340486329547015,-38.871147922965335,-2.583974010824627,0.0,0.0,3.6275567655825034
field_dev:DV3-CRP-CV-11,alt:starboard:2:+40:+1:14,-28.143937260486947,23.067071038255623,-3.851945877440659,-4.38324136224656,-12.500479380552084,0.0,0.0,0.0,25.748460676394842
field_dev:DV3-CRP-CV-11,alt:speed:3:+0:-0.5:8,-18.87586285225257,22.664962095808832,-4.762816914598395,-1.3244766071490488,-19.40454640763287,0.0,0.0,0.0,6.971505404010974
field_dev:DV3-CRP-CV-11,alt:speed:2:+0:-1:14,-26.276665207665825,20.009871920166795,-4.915963137984165,-1.2247466201343578,-24.21183888859512,0.0,0.0,0.0,3.8145054892676895
field_dev:DV3-CRP-CV-11,alt:starboard:3:+20:+1:14,-25.874535413074035,23.434368986808018,-3.9131622021993913,-4.437891412906882,-13.453328129183893,0.0,0.0,0.0,24.486529903492915
field_dev:DV3-CRP-CV-13,sac,-15.095444547342321,11.134917905255998,-1.8558196508759996,-1.5816535963800331,-15.103386986306695,0.0,-0.6239988572960851,-3.0277556932561707,-200.69152757090401
field_dev:DV3-CRP-CV-14,sac,-19.80133627534353,28.484052303262168,-4.863107367762888,-5.796041892175148,-6.81190884457124,0.0,0.0,-3.0542824718297483,4.904089407128558
field_dev:DV3-CRP-CV-14,alt:port:0:-70:+0:4,-18.303876875597773,24.542438877156357,-4.999758111366748,-0.7958869412601822,-0.2645843666277416,0.0,0.0,0.0,2.087132015888835
field_dev:DV3-CRP-CV-14,alt:port:1:-40:-0.5:8,-20.488582716338012,22.644602653626595,-5.022253005137024,-0.9884517999388048,-0.15905114163703268,0.0,0.0,-0.00859471883705322,1.6234158618441348
field_dev:DV3-CRP-CV-14,alt:port:2:-70:-1:8,-19.35425922544553,22.725913925374947,-5.026112635965683,-1.306359775423076,-0.18450368343795195,0.0,0.0,-5.8670219439579245,1.543852331463605
field_dev:DV3-CRP-CV-14,alt:port:3:-70:-1:8,-17.81083641115449,23.301665648084153,-5.029783106480025,-1.2238733375291468,-0.2449744112352534,0.0,0.0,-11.770192640509787,1.468188205736805
field_dev:DV3-CRP-CV-14,alt:starboard:3:+20:+0:4,-4.308895612111666,28.4271571022131,-4.933656455871912,-4.953652158291369,-18.03239956625275,0.0,-0.16399535627619885,-16.147050299040373,3.449770389516387
field_dev:DV3-CRP-CV-14,alt:starboard:2:+40:-1:4,-10.359197355788368,25.469622663853354,-4.970837725601496,-4.495458976911693,-15.84173562083187,0.0,-0.08475847172825339,-17.779703488242955,2.683305093988559
field_dev:DV3-CRP-CV-14,alt:starboard:0:+20:-1:8,-14.616252955914902,23.30987860481507,-4.994540281327025,-3.6216472159689617,-13.860499224774548,0.0,-1.0418281790693424,-19.779814033730208,2.1946938520632315
field_dev:DV3-CRP-CV-14,alt:starboard:1:+20:-1:8,-13.521826706063694,24.046234461995535,-4.9890535466968675,-5.141996287572973,-15.090316719082828,0.0,-0.07545793840392803,-17.609435312078684,2.3077989641363876
field_dev:DV3-CRP-CV-14,alt:speed:2:+0:-1:8,-13.38956774152873,24.283517265553627,-4.994540281327025,-5.339521067654191,-14.782129283833463,0.0,-0.022166430254023442,-17.43840173901255,2.1946938520632315
field_dev:DV3-CRP-CV-14,alt:speed:3:+0:-1:8,-12.897211301553984,24.60277399350244,-4.994540281327025,-5.202721175427482,-15.440865108373545,0.0,-0.04420917666050974,-17.466631905019554,2.1946938520632315
field_dev:DV3-CRP-CV-14,alt:speed:1:+0:-1:8,-13.93040376569755,23.943764878210725,-4.994540281327025,-4.96478953247398,-13.78124773982999,0.0,-0.006048107701466316,-17.254139748738197,2.1946938520632315
field_dev:DV3-CRP-CV-14,alt:speed:0:+0:+0:4,-4.68647159756,28.37789102122821,-4.933656455871912,-5.295809135534286,-17.05949964381338,0.0,-0.08932479526514553,-15.983115641099673,3.449770389516387
field_dev:DV3-CRP-CV-14,alt:port:0:-70:-0.5:8,-23.137748432285008,21.403821434766872,-5.026112635965683,-0.6319402144887861,-0.15536513344901579,0.0,0.0,0.0,1.543852331463605
field_dev:DV3-CRP-CV-14,alt:port:1:-70:-0.5:8,-20.86580583397845,22.550625036412,-5.026112635965683,-0.8121885263269026,-0.15923863402750607,0.0,0.0,-0.00859471883705322,1.543852331463605
field_dev:DV3-CRP-CV-14,alt:port:2:-40:-1:8,-19.266029122899422,22.751020790254312,-5.026112635965683,-1.3916487815973624,-0.1849616849340619,0.0,0.0,-5.8670219439579245,1.543852331463605
field_dev:DV3-CRP-CV-14,alt:port:3:-40:-1:8,-17.109141699548818,23.472979766186324,-5.022253005137024,-1.7717108438699805,-0.6420212962218032,0.0,0.0,-11.770192640509787,1.6234158618441348
field_dev:DV3-CRP-CV-15,sac,-0.9147954901619719,10.89486320808645,-1.8558196508759996,-1.415819054328556,0.0,0.0,0.0,-17.680428763925487,-200.69152757090401
field_dev:DV3-CRP-CV-15,alt:speed:0:+0:+1:4,-23.235883556473304,28.629479308904287,-4.795153756586528,-5.462854688388962,-32.615800828107304,0.0,0.0,-31.189451044739315,6.304904523214537
field_dev:DV3-CRP-CV-15,alt:starboard:1:+20:+1:4,-18.332679307004884,28.67115094656702,-4.795153756586528,-5.67057238545604,-27.53387448939628,0.0,0.0,-39.56296590002547,6.304904523214537
field_dev:DV3-CRP-CV-15,alt:speed:1:+0:+1:4,-18.07095989992701,28.747712580149564,-4.810143510254394,-5.33863689647307,-30.961734026621237,0.0,0.0,-39.510786477786326,5.995901467146528
field_dev:DV3-CRP-CV-15,alt:starboard:2:+20:+1:4,-16.341747504643628,28.598854867897504,-4.7793914952784915,-6.257169920798245,-26.190032661154007,0.0,0.0,-44.09478047151342,6.629832272038515
field_dev:DV3-CRP-CV-15,alt:speed:2:+0:+1:8,-25.519730892879476,27.995732021221382,-4.6662161130613296,-5.34340671720096,-27.592378980325336,0.0,0.0,-44.40941771156543,8.962861870232441
field_dev:DV3-CRP-CV-15,alt:port:2:-70:+1:4,-28.677172823876802,28.17760495996485,-4.925032029898121,-1.404581462269401,-24.625565443897717,0.0,0.0,-33.82610528600025,3.6275567655825034
field_dev:DV3-CRP-CV-15,alt:speed:3:+0:+1:4,-12.204918991201266,28.73204488070443,-4.795153756586528,-5.08001579314751,-27.099632786395386,0.0,0.0,-45.09891463128589,6.304904523214537
field_dev:DV3-CRP-CV-15,alt:starboard:3:+20:+1:4,-13.455479686462509,28.757263735484816,-4.795153756586528,-3.62979262004582,-32.78276434902865,0.0,0.0,-45.12352987743699,6.304904523214537
field_dev:DV3-CRP-CV-15,alt:speed:0:+0:+1:8,-33.61203429650774,27.984606932323743,-4.6662161130613296,-4.908781603035943,-28.801668773446114,0.0,0.0,-31.189451044739315,8.962861870232441
field_dev:DV3-CRP-CV-15,alt:starboard:1:+20:+1:8,-30.601016825712733,27.860562899451562,-4.6438089583857485,-4.949291847804877,-27.34276461719791,0.0,0.0,-39.56296590002547,9.424769345562469
field_dev:DV3-CRP-CV-15,alt:speed:1:+0:+1:8,-29.61995524689584,27.989288627695295,-4.6662161130613296,-5.079370486257691,-28.334464109729982,0.0,0.0,-39.510786477786326,8.962861870232441
field_dev:DV3-CRP-CV-15,alt:starboard:2:+20:+1:8,-26.657771853339227,27.854671060914647,-4.6438089583857485,-6.270414655104304,-24.02122305902399,0.0,0.0,-44.09478047151342,9.424769345562469
field_dev:DV3-CRP-CV-15,alt:speed:2:+0:+1:14,-34.53864771491236,26.50544399785169,-4.417573999641948,-5.092798330461231,-27.26617056916833,0.0,0.0,-44.40941771156543,14.08844129042674
field_dev:DV3-CRP-CV-15,alt:port:2:-40:+1:4,-28.600100384007593,28.18335103275178,-4.925032029898121,-1.461275829661464,-25.52102912575271,0.0,0.0,-33.82610528600025,3.6275567655825034
field_dev:DV3-CRP-CV-15,alt:speed:3:+0:+1:8,-22.58474385476638,27.862853750314496,-4.6438089583857485,-5.054338317039338,-24.860444405173745,0.0,0.0,-45.09891463128589,9.424769345562469
field_dev:DV3-CRP-CV-15,alt:speed:0:+0:+1:14,-44.9813277194204,26.294117378495287,-4.382352896415881,-4.509243954812719,-26.931053669713542,0.0,0.0,-31.189451044739315,14.814499154757922
field_dev:DV3-CRP-CV-16,sac,-40.14619750628997,26.897533516656768,-4.482922252776128,-5.34870645685794,-5.770899344098474,0.0,0.0,-67.00571023977827,12.741333767875854
field_dev:DV3-CRP-CV-16,alt:starboard:0:+20:+1:8,-38.60095167212162,28.006500863354926,-4.8508471442450665,-3.679621580355343,-4.398477757657933,0.0,0.0,-65.61538229981934,5.1568251504253295
field_dev:DV3-CRP-CV-16,alt:port:0:-40:-1:14,-22.27171147642725,19.61372613477892,-5.039750013988959,-2.153516713669051,-5.6376864256898305,0.0,-4.579897785133729,-13.865155350700354,1.2627275325297418
field_dev:DV3-CRP-CV-16,alt:starboard:0:+40:+1:4,-34.83635643905827,28.01075753634646,-4.949657975417023,-2.555326659497467,-14.838280345105398,0.0,0.0,-61.62023853709264,3.1199105031747614
field_dev:DV3-CRP-CV-16,alt:port:0:-20:-1:14,-20.395877099291628,20.309487671023582,-5.033273687417616,-3.570338933590689,-6.031449519008243,0.0,-5.007881613030465,-14.12625791305579,1.3962323750362355
field_dev:DV3-CRP-CV-16,alt:port:0:-40:-0.5:4,-15.303556667501931,22.87383923944708,-5.00943912777496,-2.4042551087222543,-8.7810644200042,0.0,-5.432997817334435,-15.248493440511306,1.8875647833468536
field_dev:DV3-CRP-CV-16,alt:port:0:-40:-0.5:8,-15.303556667501931,22.87383923944708,-5.00943912777496,-2.4042551087222543,-8.7810644200042,0.0,-5.432997817334435,-15.248493440511306,1.8875647833468536
field_dev:DV3-CRP-CV-16,alt:port:0:-40:-0.5:14,-19.967034677010332,21.47753926348026,-5.036593195157635,-2.2166541899918513,-8.021444036372621,0.0,-5.432997817334435,-15.248493440511306,1.327803096007705
field_dev:DV3-CRP-CV-17,sac,-4.6618122670374,11.49832073641897,-2.3099562266705833,-2.727178000335282,0.0,0.0,-1.4264972891687304,-2.2630309757264744,-172.60642499307843
field_dev:DV3-CRP-CV-17,alt:port:3:-20:+0:4,-7.279112870059149,27.031148792187423,-4.999758111366748,-1.980981279573739,-4.6345358856565735,0.0,0.0,-31.71591029101715,2.087132015888835
field_dev:DV3-CRP-CV-17,alt:starboard:2:+20:+1:4,-17.942037748229474,28.508256928503833,-4.874766718337886,-4.283954497093974,-10.465487436704906,0.0,0.0,-32.97989338820546,4.663740229999249
field_dev:DV3-CRP-CV-17,alt:starboard:0:+20:+1:14,-41.380644473393325,27.429393549906703,-4.595470831142124,-3.9402993618497963,-9.667445626879616,0.0,0.0,-29.72160156270006,10.421225282987521
field_dev:DV3-CRP-CV-17,alt:starboard:1:+20:+1:4,-22.015987498613626,28.58994159159907,-4.863107367762888,-4.360282027367316,-12.10993500921167,0.0,0.0,-32.29624363768995,4.904089407128558
field_dev:DV3-CRP-CV-17,alt:speed:2:+0:+1:14,-30.412937883806965,27.004858444726114,-4.5132144568653905,-4.1836620937742985,-8.856167562220978,0.0,0.0,-31.506590065301364,12.11688163570481
field_dev:DV3-CRP-CV-17,alt:speed:3:+0:+1:14,-27.128121282838276,27.168275233507217,-4.542022041543818,-4.184329104960972,-8.794754417061508,0.0,0.0,-34.343214648998874,11.523033871371311
field_dev:DV3-CRP-CV-17,alt:speed:1:+0:+1:14,-34.50419674100868,27.19120811252797,-4.542022041543818,-3.883427064620456,-10.399632977384359,0.0,0.0,-29.48756550120747,11.523033871371311
field_dev:DV3-CRP-CV-17,alt:starboard:3:+20:+1:4,-16.23761450771182,28.768943223813892,-4.863107367762888,-5.279945151968217,-15.20165075147895,0.0,0.0,-34.4706855804279,4.904089407128558
field_dev:DV3-CRP-CV-17,alt:speed:0:+0:+1:8,-32.26731495920597,28.366408945250512,-4.762816914598395,-3.691921408270102,-17.532488960618796,0.0,0.0,-29.706211793323657,6.971505404010974
field_dev:DV3-CRP-CV-17,alt:port:2:-20:-1:4,-16.747447584597207,22.7700571331965,-5.042752117286885,-2.0132254853423586,-2.362275203897967,0.0,-1.6585648575476413,-16.570140923722068,1.200841319170563
field_dev:DV3-CRP-CV-17,alt:port:3:-40:+0:4,-7.749687393146583,26.840052822287515,-5.004720215816593,-1.3531342727619076,-4.294135334102583,0.0,0.0,-31.71591029101715,1.9848417799380111
field_dev:DV3-CRP-CV-17,alt:starboard:2:+20:+0:8,-5.836474006562282,27.82380999869423,-4.970837725601496,-4.276405731412569,-7.344810320299714,0.0,0.0,-35.42176311667133,2.683305093988559
field_dev:DV3-CRP-CV-17,alt:starboard:0:+40:+0:4,-8.545998498908434,27.54939568810785,-4.957075485029767,-2.63992670088498,-9.706350552580991,0.0,0.0,-36.96168353690541,2.9670038450977003
field_dev:DV3-CRP-CV-17,alt:starboard:1:+20:+0:8,-5.920855261771561,27.81740812625365,-4.9641294628665245,-4.203097239268426,-7.791844463656896,0.0,0.0,-36.49232680378346,2.8215911347029534
field_dev:DV3-CRP-CV-17,alt:speed:2:+0:+0:4,-7.547594505211066,27.78709272258001,-4.957075485029767,-4.170598715330333,-8.665480990013787,0.0,0.0,-36.62399343247488,2.9670038450977003
field_dev:DV3-CRP-CV-17,alt:speed:3:+0:+0:4,-7.547594505211066,27.78709272258001,-4.957075485029767,-4.170598715330333,-8.665480990013787,0.0,0.0,-36.62399343247488,2.9670038450977003
field_dev:DV3-CRP-CV-18,sac,-39.20651942161461,26.219612007939894,-4.382352896415881,-4.733978020598124,-14.93789578207391,0.0,0.0,-19.818177910455965,14.814499154757922
field_dev:DV3-CRP-CV-19,sac,-24.785626658582427,24.290529964803586,-4.727061183827396,-3.6066202421104205,-20.32235779700607,0.0,-0.18848754991184943,-5.520819382760721,7.708584232989255
field_dev:DV3-CRP-CV-19,alt:speed:0:+0:-1:4,-15.855815671995872,22.18301193059851,-4.994540281327025,-5.315605614314832,-17.491188354140377,0.0,-0.2562302944714103,-6.317847757803551,2.1946938520632315
field_dev:DV3-CRP-CV-19,alt:port:0:-40:-0.5:8,-12.960652880777788,23.325640634013556,-4.9772172167145685,-3.6512580688532625,-25.43906014496204,0.0,-0.28639925225529356,-6.558620146725793,2.5517964452291038
field_dev:DV3-CRP-CV-19,alt:port:1:-40:-1:4,-13.278287461299657,23.296697970419277,-4.9772172167145685,-5.100544225476067,-19.464765789149194,0.0,-0.5345935092916898,-10.588311735304469,2.5517964452291038
field_dev:DV3-CRP-CV-19,alt:port:2:-40:-1:4,-11.47353895713171,24.130482278028822,-4.970837725601496,-4.823142817411217,-21.840215956588978,0.0,-0.961880091642369,-13.989698533603024,2.683305093988559
field_dev:DV3-CRP-CV-19,alt:port:3:-40:-1:4,-10.872392595537205,24.343863754010837,-4.970837725601496,-3.5728744857720116,-29.695185902006205,0.0,-1.2855770838613683,-11.42559560783341,2.683305093988559
field_dev:DV3-CRP-CV-19,alt:speed:1:+0:-1:8,-14.955778629245305,22.65317333245761,-4.994540281327025,-5.455072583549722,-17.657450496490448,0.0,-0.6160615108487031,-9.701981211078582,2.1946938520632315
field_dev:DV3-CRP-CV-19,alt:speed:0:+0:-1:8,-15.855815671995872,22.18301193059851,-4.994540281327025,-5.315605614314832,-17.491188354140377,0.0,-0.2562302944714103,-6.317847757803551,2.1946938520632315
field_dev:DV3-CRP-CV-19,alt:port:0:-40:-1:8,-16.280026525661082,21.8695746239014,-4.994540281327025,-3.9840940749644846,-20.734469633793843,0.0,-0.18831165724664428,-6.672257145489448,2.1946938520632315
field_dev:DV3-CRP-CV-19,alt:port:1:-40:-1:8,-14.437014646052456,22.739873168435516,-4.983284049286526,-3.405746483329162,-20.368455696484258,0.0,-0.5345935092916898,-9.03110949014013,2.4267330287830675
field_dev:DV3-CRP-CV-19,alt:port:2:-40:-1:8,-13.766940478945175,23.04749535018508,-4.983284049286526,-3.642764185357391,-25.56527002924201,0.0,-0.961880091642369,-12.48839851937236,2.4267330287830675
field_dev:DV3-CRP-CV-19,alt:speed:1:+0:-1:14,-19.368939254382894,20.661640837828827,-5.026112635965683,-5.193684247033034,-19.129784459477264,0.0,-0.6160615108487031,-10.091129168929392,1.543852331463605
field_dev:DV3-CRP-CV-19,alt:speed:0:+0:-1:14,-20.80220799876236,19.948277557041134,-5.026112635965683,-5.086914033212515,-17.52686281419136,0.0,-0.2562302944714103,-6.317847757803551,1.543852331463605
field_dev:DV3-CRP-CV-19,alt:port:0:-40:-1:4,-15.811362166166116,22.063317986246563,-4.9890535466968675,-4.101834658581186,-21.111081141641055,0.0,-0.18831165724664428,-6.70792089812241,2.3077989641363876
field_dev:DV3-CRP-CV-19,alt:port:1:-40:-0.5:4,-10.537306057533362,24.4997374022085,-4.9641294628665245,-4.873783075927055,-21.678428623702466,0.0,-0.6629177621448428,-11.638268460814324,2.8215911347029534
field_dev:DV3-CRP-CV-19,alt:speed:1:+0:-1:4,-13.383360254697433,23.348986526528225,-4.983284049286526,-5.50180128332514,-18.024191342371623,0.0,-0.6160615108487031,-8.867983447872362,2.4267330287830675
field_dev:DV3-CRP-CV-19,alt:port:0:-40:-0.5:4,-12.69085302095262,23.465158377865954,-4.9772172167145685,-3.915806585589028,-25.97637504944252,0.0,-0.28639925225529356,-7.931099303370841,2.5517964452291038
field_dev:DV3-CRP-CV-20,sac,-25.46906491455151,26.744266421813936,-4.745388151088368,-3.5354412120407535,-21.559167524376583,0.0,0.0,-1.7018367261662597,7.330786904388803
field_dev:DV3-CRP-CV-20,alt:port:0:-70:+0:8,-24.67558090859079,21.536646882656644,-5.039750013988959,-0.612682637663243,-10.097581842677727,0.0,0.0,-1.6484152243435735,1.2627275325297418
field_dev:DV3-CRP-CV-20,alt:port:1:-70:+1:4,-29.968344369033574,26.678332714918223,-4.994540281327025,-0.8798168393165107,-18.067264431793344,0.0,0.0,-1.6472356200321716,2.1946938520632315
field_dev:DV3-CRP-CV-20,alt:speed:0:+0:-1:4,-18.933266686265565,21.20082448180859,-5.00943912777496,-5.242048841017349,-22.259898394631705,0.0,-1.1988785149165975,-23.570659743928886,1.8875647833468536
field_dev:DV3-CRP-CV-20,alt:speed:1:+0:-1:4,-16.899146650154684,22.20920776688607,-5.004720215816593,-5.389959227698595,-25.038393926886073,0.0,-1.7314712040476283,-21.62786018755077,1.9848417799380111
field_dev:DV3-CRP-CV-20,alt:starboard:2:+20:-1:4,-14.252999063778692,23.5211669127985,-4.994540281327025,-5.794648875032519,-26.758657288243864,0.0,-1.6692848221439907,-29.74217069126826,2.1946938520632315
field_dev:DV3-CRP-CV-20,alt:starboard:3:+20:-1:4,-12.69869997660504,24.27149269835522,-4.9890535466968675,-5.872731466467106,-29.42585288290362,0.0,-2.3693669405342814,-26.65497438887667,2.3077989641363876
field_dev:DV3-CRP-CV-20,alt:speed:3:+0:-1:4,-12.875526851494394,24.193219979618206,-4.9890535466968675,-5.8669299697356685,-30.85002382629703,0.0,-2.3887319037461974,-26.682912069172307,2.3077989641363876
field_dev:DV3-CRP-CV-20,alt:starboard:1:+20:-1:4,-16.931392779281705,22.147538891587075,-5.004720215816593,-4.683540716077872,-22.315368121919054,0.0,-2.612145515989535,-34.46446169630485,1.9848417799380111
field_dev:DV3-CRP-CV-20,alt:speed:2:+0:-1:4,-14.51043792791761,23.3698135790932,-4.994540281327025,-5.779196322880571,-27.744980371740397,0.0,-2.0673212924160973,-31.41342458660205,2.1946938520632315
field_dev:DV3-CRP-CV-20,alt:port:0:-70:-0.5:14,-31.000139250918323,17.026821973058677,-5.072179216345195,-0.2909219305763506,-9.60771310049523,0.0,0.0,-1.7675783415404278,0.5942227087709052
field_dev:DV3-CRP-CV-20,alt:port:1:-70:+0:8,-22.610408743476064,22.541441687823152,-5.039750013988959,-0.7134320683948935,-19.460348417250295,0.0,0.0,-1.6472356200321716,1.2627275325297418
field_dev:DV3-CRP-CV-20,alt:speed:0:+0:-1:8,-18.933266686265565,21.20082448180859,-5.00943912777496,-5.242048841017349,-22.259898394631705,0.0,-1.1988785149165975,-23.570659743928886,1.8875647833468536
field_dev:DV3-CRP-CV-20,alt:speed:1:+0:-1:8,-17.35355387438572,22.007442063754173,-5.00943912777496,-5.30988340168685,-24.11821608479228,0.0,-1.7314712040476283,-21.62786018755077,1.8875647833468536
field_dev:DV3-CRP-CV-20,alt:starboard:2:+20:-1:8,-15.924178851982134,22.71878630683924,-5.004720215816593,-5.361684018093878,-26.671034669444264,0.0,-1.6692848221439907,-29.74217069126826,1.9848417799380111
field_dev:DV3-CRP-CV-20,alt:starboard:3:+20:-1:8,-14.986106179136579,23.133581928910104,-4.999758111366748,-5.235150523622658,-27.6865102945335,0.0,-2.3693669405342814,-26.65497438887667,2.087132015888835
field_dev:DV3-CRP-CV-20,alt:speed:3:+0:-1:8,-15.447071667074269,22.98865939439796,-5.00943912777496,-5.741987087079729,-29.97387348616518,0.0,-2.3887319037461974,-26.682912069172307,1.8875647833468536
field_dev:DV3-CRP-VS-01,sac,-5.600865616309779,14.560515105170744,-3.03646517751543,-2.6330180017596128,-17.020849871728743,0.0,-0.9348074239759544,-1.8411852980864316,-127.67703701659627
field_dev:DV3-CRP-VS-01,alt:port:0:-20:-1:4,-11.93961807648069,24.12477093420831,-4.983284049286526,-5.294551350799662,-27.7386381220642,0.0,-0.9315702268978189,-2.275430604584147,2.4267330287830675
field_dev:DV3-CRP-VS-01,alt:speed:0:+0:-1:4,-11.940640825979003,24.168108536259624,-4.983284049286526,-5.963139513608474,-24.94622054557652,0.0,-1.1278332026534694,-2.098760308930381,2.4267330287830675
field_dev:DV3-CRP-VS-01,alt:starboard:0:+20:-1:8,-18.266675344923943,22.02974813544486,-5.004720215816593,-2.220433182538582,-12.644475407802295,0.0,-5.414621486619881,-4.275615099873287,1.9848417799380111
field_dev:DV3-CRP-VS-01,alt:port:1:-40:-1:4,-10.762603562068422,24.720719115396538,-4.9772172167145685,-6.08824661844558,-30.64527339395111,0.0,-1.6419118534277497,-6.886217228710141,2.5517964452291038
field_dev:DV3-CRP-VS-01,alt:speed:1:+0:-1:4,-10.50018062721253,24.940770949937697,-4.9772172167145685,-6.388767453821208,-25.671190264189732,0.0,-1.6936653420039067,-4.43260740145402,2.5517964452291038
field_dev:DV3-CRP-VS-01,alt:port:0:-20:-1:8,-13.582746364425196,23.33087969175267,-4.9890535466968675,-5.268660844147321,-27.817921348504534,0.0,-0.9315702268978189,-2.275430604584147,2.3077989641363876
field_dev:DV3-CRP-VS-01,alt:speed:0:+0:-1:8,-14.053061665120063,23.203632507448482,-4.994540281327025,-5.697091605676732,-23.63154642155838,0.0,-1.1278332026534694,-2.098760308930381,2.1946938520632315
field_dev:DV3-CRP-VS-01,alt:starboard:0:+20:-1:4,-17.48870254833833,22.320478409971386,-4.999758111366748,-2.290655262395072,-12.31088977434489,0.0,-5.344627988191132,-3.968202919674394,2.087132015888835
field_dev:DV3-CRP-VS-01,alt:port:1:-40:-1:8,-13.196299366183919,23.52188141554862,-4.983284049286526,-4.2888401867093044,-32.01980514947083,0.0,-1.6419118534277497,-6.946635014068601,2.4267330287830675
field_dev:DV3-CRP-VS-01,alt:speed:1:+0:-1:8,-13.571011528948118,23.53033679508651,-4.994540281327025,-6.06855696823032,-24.660852684357558,0.0,-1.6936653420039067,-4.339501613010566,2.1946938520632315
field_dev:DV3-CRP-VS-01,alt:port:0:-20:-1:14,-19.310780766181452,20.647899633576458,-5.033273687417616,-4.704010399374961,-33.29282363967361,0.0,-0.9315702268978189,-2.275430604584147,1.3962323750362355
field_dev:DV3-CRP-VS-01,alt:speed:0:+0:-1:14,-20.31903578439543,20.30156377814206,-5.039750013988959,-5.38294621650212,-26.273822124792122,0.0,-1.1278332026534694,-2.098760308930381,1.2627275325297418
field_dev:DV3-CRP-VS-01,alt:port:1:-40:-1:14,-18.005858601234124,21.312380879503905,-5.033273687417616,-4.908513542990771,-42.457529346536866,0.0,-1.6419118534277497,-6.946635014068601,1.3962323750362355
field_dev:DV3-CRP-VS-01,alt:speed:1:+0:-1:14,-18.287106913304605,21.352756253420957,-5.033273687417616,-5.833292042465503,-27.094801877608724,0.0,-1.6936653420039067,-4.339501613010566,1.3962323750362355
field_dev:DV3-CRP-VS-01,alt:port:0:-20:-0.5:4,-9.656714402942335,25.183606723318317,-4.970837725601496,-5.276973049164819,-29.64852096759011,0.0,-1.1527639537729633,-2.001937415481165,2.683305093988559
field_dev:DV3-CRP-VS-01,alt:speed:0:+0:-0.5:4,-10.110671678479669,25.017126361778068,-4.970837725601496,-5.978252310125592,-26.18811684716815,0.0,-1.4119470602549158,-4.713678659269759,2.683305093988559
field_dev:DV3-CRP-VS-02,sac,-31.16304071737853,21.778121718998918,-3.648709217553374,-3.8482491818994644,-17.530541345691745,0.0,0.0,-14.62734857237775,-89.81411739369929
field_dev:DV3-CRP-VS-03,sac,-41.65829997180886,26.70641351013863,-4.451068918356438,-4.665670770323756,-3.32173740052343,0.0,0.0,-8.8103412954279,13.397967485796144
field_dev:DV3-CRP-VS-03,alt:port:2:-20:+1:8,-36.94357647261639,26.942574696621747,-4.874766718337886,-3.0559988662033066,-3.861975861973313,0.0,-0.043089931734989186,-4.738565596351945,4.663740229999249
field_dev:DV3-CRP-VS-03,alt:port:1:-20:+1:14,-43.28775410920937,27.27726610192781,-4.837955081369003,-4.588497068091318,-16.12920748785342,0.0,-0.11425285217298975,-5.615067261405293,5.422585810406311
field_dev:DV3-CRP-VS-03,alt:port:3:-20:+1:8,-32.36180250935141,27.539653788315093,-4.906426874260996,-3.810485361742115,-1.9228109972647323,0.0,-0.00254165775700566,-6.859951823509963,4.011088748687537
field_dev:DV3-CRP-VS-03,alt:port:0:-70:-1:14,-25.490133796234343,18.77302060274418,-5.050904120084833,-0.7469858400767776,-6.330241681179842,0.0,-0.500556499763028,-4.964079101876742,1.0327936091511085
field_dev:DV3-CRP-VS-03,alt:starboard:0:+20:+1:4,-34.218763959799574,25.092574696320547,-4.933656455871912,-1.9569298110036568,-19.411601857649913,0.0,0.0,-13.498352402927136,3.449770389516387
field_dev:DV3-CRP-VS-03,alt:starboard:1:+20:+1:8,-34.00915214525815,27.05722494476518,-4.810143510254394,-3.347919084519313,-4.825831574661006,0.0,0.0,-10.504821749089771,5.995901467146528
field_dev:DV3-CRP-VS-03,alt:speed:1:+0:+1:8,-30.18035062708684,26.91355502144781,-4.7793914952784915,-4.34637020664318,-13.640278129030202,0.0,0.0,-9.196341852609706,6.629832272038515
field_dev:DV3-CRP-VS-03,alt:speed:0:+0:+1:8,-35.09582403176512,26.708886008347662,-4.795153756586528,-4.067266579482157,-14.579354411078175,0.0,0.0,-9.381085673675992,6.304904523214537
field_dev:DV3-CRP-VS-03,alt:speed:2:+0:-1:4,-14.235477442763544,24.091332866502853,-4.983284049286526,-4.33186345493457,-9.042445815321168,0.0,-0.02758191968184047,-6.163969078847964,2.4267330287830675
field_dev:DV3-CRP-VS-03,alt:starboard:3:+40:+1:8,-22.472312943846312,27.505613702649864,-4.762816914598395,-4.514922999130281,-3.0219221779139627,0.0,-0.0010116307759475986,-9.754965236527003,6.971505404010974
field_dev:DV3-CRP-VS-03,alt:speed:3:+0:-1:4,-13.185630075777231,24.54104979508112,-4.9772172167145685,-4.465744177643247,-8.99686739557021,0.0,-0.012381979500435434,-7.184571816306386,2.5517964452291038
field_dev:DV3-CRP-VS-03,alt:starboard:2:+20:+1:8,-23.28552172114344,27.570418638009624,-4.687525094204378,-4.215220063971607,-8.575810192793407,0.0,0.0,-9.037418509472245,8.523592457219156
field_dev:DV3-CRP-VS-03,alt:port:2:-20:+0:14,-15.11250795639397,25.878391555200047,-4.9890535466968675,-2.412419079379992,-11.29578791162756,0.0,-0.10778601520019052,-6.252690466418755,2.3077989641363876
field_dev:DV3-CRP-VS-03,alt:port:1:-40:+1:8,-39.986842277652414,26.875943236643177,-4.925032029898121,-3.529808919115278,-5.274423092278238,0.0,-0.38895040879448145,-4.076392257679417,3.6275567655825034
field_dev:DV3-CRP-VS-03,alt:port:3:-70:+0:4,-11.93759786959583,25.559372661751542,-4.970837725601496,-2.9846617014263326,-9.196387493226458,0.0,-0.005673918376533196,-6.150124787885524,2.683305093988559
field_dev:DV3-CRP-VS-03,alt:port:0:-40:+1:4,-30.35371437920315,25.91757450196213,-4.906426874260996,-3.600158642473046,-13.076385802318512,0.0,-0.5810016514084309,-6.01520845537959,4.011088748687537
field_dev:DV3-CRP-VS-04,sac,-44.18971685591938,26.897533516656768,-4.482922252776128,-5.7174330136929665,-23.085996951793863,0.0,0.0,-56.44092091665132,12.741333767875854
field_dev:DV3-CRP-VS-04,alt:starboard:0:+20:+1:4,-37.79722117675099,27.7611313919067,-4.896399152389277,-2.5027508269534287,-20.278925013264963,-0.04072201936104888,0.0,-55.008980760782244,4.2178030665087585
field_dev:DV3-CRP-VS-05,sac,-24.49188358278466,27.997296678367984,-4.6662161130613296,-5.2339588003975,-9.227782275222369,0.0,0.0,-2.490609284668876,8.962861870232441
field_dev:DV3-CRP-VS-05,alt:port:2:-20:-0.5:14,-21.68908132438068,22.588235518864963,-5.050904120084833,-2.1591453492089534,-2.7396941025717814,0.0,0.0,-11.449022298499566,1.0327936091511085
field_dev:DV3-CRP-VS-05,alt:port:3:-40:-0.5:14,-19.578115162799158,23.005564010598555,-5.050904120084833,-1.5586735672142993,-8.724124519259862,0.0,-0.18618234839863607,-19.330401371138358,1.0327936091511085
field_dev:DV3-CRP-VS-05,alt:port:0:-20:+0:14,-19.97255412217061,25.973979996037855,-5.004720215816593,-2.71421407626265,-1.6110329171033586,-2.43645220945893,0.0,-4.357573307496302,1.9848417799380111
field_dev:DV3-CRP-VS-05,alt:port:2:-40:+0:8,-18.424890801449582,25.141921243210344,-5.026112635965683,-1.2311839163053597,-3.363099840994599,0.0,0.0,-10.785360229639691,1.543852331463605
field_dev:DV3-CRP-VS-05,alt:port:3:-70:+0:8,-14.776261627205868,25.891520891937468,-5.018194465482414,-0.8628426093521855,-12.048193187874535,0.0,-0.22639052453083244,-18.767571124992372,1.7070797554767716
field_dev:DV3-CRP-VS-05,alt:port:2:-70:+0:8,-18.98984248747131,24.900434978314326,-5.029783106480025,-0.9047448803572673,-1.2009731849555285,0.0,0.0,-10.785360229639691,1.468188205736805
field_dev:DV3-CRP-VS-05,alt:port:3:-70:-0.5:14,-21.28454823204284,22.149562905244125,-5.062035463165965,-0.6389583201813994,-1.0468277820093834,-1.2713024809508455,-0.18618234839863607,-19.330401371138358,0.8033289290486658
field_dev:DV3-CRP-VS-05,alt:port:2:-20:+0:8,-16.56331321292807,25.990969035906,-5.048322136061955,-1.828040727717084,-23.905556934337202,0.0,0.0,-10.785360229639691,1.0860193639877835
field_dev:DV3-CRP-VS-05,alt:port:2:-40:-0.5:14,-23.05310151768258,21.760285161638254,-5.060027140843343,-0.9670341722417657,-0.10476728053464099,-4.865065539999228,0.0,-11.449022298499566,0.8447290580307742
field_dev:DV3-CRP-VS-05,alt:port:2:-70:+1:4,-25.73375014812058,27.644316693174343,-5.0139267660937215,-1.0472002525423796,-41.573652145522864,0.0,0.0,-12.658832306707586,1.7950553275045067
field_dev:DV3-CRP-VS-05,alt:port:2:-40:+1:4,-25.73375014812058,27.644316693174343,-5.0139267660937215,-1.0472002525423796,-41.573652145522864,0.0,0.0,-12.658832306707586,1.7950553275045067
field_dev:DV3-CRP-VS-06,sac,-27.026108118721712,27.721482210131057,-4.620247035021842,-6.039239165201777,-24.46917005370474,0.0,0.0,-16.539461252353316,9.910481551887445
field_dev:DV3-CRP-VS-06,alt:starboard:0:+20:-1:8,-15.434664791452727,23.500745572076738,-4.9772172167145685,-1.9584713597530414,-21.040698117862366,0.0,0.0,-22.60840046678182,2.5517964452291038
field_dev:DV3-CRP-VS-06,alt:starboard:3:+20:-1:4,-10.22755381326889,26.338385446475623,-4.957075485029767,-2.1322713876100448,-27.744899468353932,0.0,0.0,-13.95939956635804,2.9670038450977003
field_dev:DV3-CRP-VS-06,alt:starboard:1:+20:-1:4,-14.30698703343128,24.331137844111534,-4.9772172167145685,-1.6082179911409138,-23.315460813051427,0.0,0.0,-25.286680854942873,2.5517964452291038
field_dev:DV3-CRP-VS-06,alt:starboard:2:+20:-1:4,-12.221614046969732,25.437971016600684,-4.9641294628665245,-1.6005028539280353,-26.27334343530617,0.0,0.0,-16.671063486976852,2.8215911347029534
field_dev:DV3-CRP-VS-06,alt:speed:0:+0:-0.5:8,-11.290519491369185,25.29412087431525,-4.970837725601496,-4.573809609160982,-38.08843244596291,0.0,0.0,-12.49089197687265,2.683305093988559
field_dev:DV3-CRP-VS-06,alt:speed:3:+0:-1:4,-9.100659914982383,26.60803980656872,-4.957075485029767,-4.933881077256545,-38.33331621066943,0.0,0.0,-12.210392866864506,2.9670038450977003
field_dev:DV3-CRP-VS-06,alt:speed:2:+0:-0.5:8,-10.574597561235413,25.76260522750735,-4.970837725601496,-4.824790264641892,-39.00921021800312,0.0,0.0,-12.269052370937246,2.683305093988559
field_dev:DV3-CRP-VS-06,alt:speed:1:+0:-1:8,-13.54806994850725,24.20168203972155,-4.983284049286526,-4.417591720298675,-40.224102902167225,0.0,0.0,-12.633768618566029,2.4267330287830675
field_dev:DV3-CRP-VS-06,alt:port:2:-20:-1:8,-12.331931474897932,24.735294186259562,-4.9772172167145685,-4.200653395743885,-45.453600497524334,0.0,0.0,-12.299835636777333,2.5517964452291038
field_dev:DV3-CRP-VS-06,alt:starboard:0:+20:-1:4,-14.228758896003525,24.085487230061332,-4.970837725601496,-2.0027136110895425,-22.173068287298946,0.0,0.0,-22.60840046678182,2.683305093988559
field_dev:DV3-CRP-VS-06,alt:starboard:3:+40:-1:4,-10.22755381326889,26.338385446475623,-4.957075485029767,-2.1322713876100448,-27.744899468353932,0.0,0.0,-13.95939956635804,2.9670038450977003
field_dev:DV3-CRP-VS-06,alt:starboard:1:+20:-0.5:4,-12.684196726092207,25.300091926801322,-4.9641294628665245,-1.3745203039397804,-25.042133556571972,0.0,0.0,-23.736213616546504,2.8215911347029534
field_dev:DV3-CRP-VS-06,alt:starboard:2:+40:-1:4,-12.221614046969732,25.437971016600684,-4.9641294628665245,-1.6005028539280353,-26.27334343530617,0.0,0.0,-16.671063486976852,2.8215911347029534
field_dev:DV3-CRP-VS-06,alt:speed:0:+0:-0.5:14,-14.168565819526783,23.86635677611765,-4.999758111366748,-4.60168051137624,-39.60950513366598,0.0,0.0,-12.49089197687265,2.087132015888835
field_dev:DV3-CRP-VS-06,alt:speed:3:+0:-1:8,-12.260471044471823,25.022133218041493,-4.983284049286526,-4.823094123733573,-41.497091231416434,0.0,0.0,-12.210392866864506,2.4267330287830675
field_dev:DV3-CRP-VS-06,alt:speed:2:+0:-0.5:14,-13.024074913299629,24.589255344823883,-4.999758111366748,-4.803233227024148,-40.528749946110146,0.0,0.0,-12.269052370937246,2.087132015888835
field_dev:DV3-CRS-CV-01,sac,-3.4869817051526577,13.010110560036393,-2.57683051793085,-2.4604497883288174,-5.830966497924949,0.0,-2.915503777435227,-2.464415329569327,-156.10215679509182
field_dev:DV3-CRS-CV-01,alt:port:1:-20:+1:8,-36.46385868409887,27.861131595993974,-4.745388151088368,-4.245583736118155,-35.4593161407478,0.0,0.0,-64.52514494705235,7.330786904388803
field_dev:DV3-CRS-CV-01,alt:port:0:-20:+1:4,-31.120471699365904,28.520786771371746,-4.795153756586528,-4.570829860723563,-40.65590861932068,0.0,0.0,-69.84396919663524,6.304904523214537
field_dev:DV3-CRS-CV-01,alt:port:1:-20:+1:4,-26.095191341363748,28.633588269402097,-4.810143510254394,-4.007084367731389,-34.739939899881584,0.0,0.0,-64.52514494705235,5.995901467146528
field_dev:DV3-CRS-CV-01,alt:port:0:-20:+1:8,-40.625525129397154,27.874153652738183,-4.745388151088368,-4.41771273527382,-42.68291320694559,0.0,0.0,-66.85973872086231,7.330786904388803
field_dev:DV3-CRS-CV-02,sac,-3.0656520544087003,12.022736106623025,-2.3099562266705833,-2.2935055438981515,-8.199831076316606,0.0,0.0,-45.48099323599049,-172.60642499307843
field_dev:DV3-CRS-CV-02,alt:port:0:-20:+1:4,-20.142590087263095,27.555019759505168,-4.9772172167145685,-5.081342303369957,-32.16908573080088,0.0,0.0,-41.75131623539465,2.5517964452291038
field_dev:DV3-CRS-CV-02,alt:port:0:-20:+1:8,-29.780625828233106,27.82275256993566,-4.906426874260996,-5.232821578355152,-32.39649776542991,0.0,0.0,-41.75131623539465,4.011088748687537
field_dev:DV3-CRS-CV-02,alt:port:0:-20:+1:14,-39.736379641528764,27.594388102726107,-4.727061183827396,-4.469215988385712,-23.73962073201195,0.0,0.0,-41.75131623539465,7.708584232989255
field_dev:DV3-CRS-CV-03,sac,-28.05155397444542,27.397463625347523,-4.569417767934655,-6.709365333450602,-27.701817095700676,0.0,0.0,-30.870826119340396,10.958290556334791
field_dev:DV3-CRS-CV-03,alt:port:0:-40:+1:4,-35.843155563282544,28.288715884006017,-4.925032029898121,-2.1239854991752134,-17.007881121249916,0.0,0.0,-27.233631861104087,3.6275567655825034
field_dev:DV3-CRS-CV-03,alt:port:1:-70:+0:8,-16.81123293894447,24.923757444515598,-5.00943912777496,-0.7439233663242966,-27.04986987094429,0.0,0.0,-27.23951187676758,1.8875647833468536
field_dev:DV3-CRS-CV-03,alt:port:0:-70:+0:8,-21.28033561873071,23.28589783880204,-5.018194465482414,-0.3730357337120979,-18.037423363362176,0.0,0.0,-32.808060397826424,1.7070797554767716
field_dev:DV3-CRS-CV-03,alt:port:1:-70:+1:4,-29.543328102738283,28.19881737269569,-4.933656455871912,-0.9881835172215401,-23.57449579166411,0.0,0.0,-25.034433490781943,3.449770389516387
field_dev:DV3-CRS-CV-03,alt:port:0:-70:+0:4,-20.35298406291261,23.586323725754102,-5.0139267660937215,-0.44519184657108907,-14.215590222633251,0.0,0.0,-32.808060397826424,1.7950553275045067
field_dev:DV3-CRS-CV-03,alt:port:1:-40:+1:4,-29.03395964527966,28.27100503904316,-4.925032029898121,-1.3586087613332398,-23.316006523085264,0.0,0.0,-25.034433490781943,3.6275567655825034
field_dev:DV3-CRS-CV-03,alt:port:0:-20:+1:8,-39.16253388065595,28.09651161355559,-4.837955081369003,-3.6021376743963094,-22.9082061820853,-0.3725852924848246,0.0,-26.594368392924604,5.422585810406311
field_dev:DV3-CRS-CV-03,alt:port:1:-40:-0.5:14,-22.18517216246403,21.082458689515136,-5.045607087651986,-0.8254730675361305,-32.19298088382355,0.0,0.0,-24.49285693259923,1.1419881460399952
field_dev:DV3-CRS-CV-03,alt:port:1:-40:+0:8,-14.977859933127167,25.45649243949379,-4.994540281327025,-1.302860582683497,-26.83565577108388,0.0,0.0,-27.23951187676758,2.1946938520632315
field_dev:DV3-CRS-CV-04,sac,-21.1206790815479,21.93284667351415,-4.8508471442450665,-5.7569444448470835,-8.225829159442556,0.0,-1.9799500809500838,-14.970389189175945,5.1568251504253295
field_dev:DV3-CRS-CV-04,alt:starboard:0:+40:-1:4,-18.908911450867127,20.664715359267003,-5.004720215816593,-1.8856702712296367,-11.803061304561892,0.0,-1.922221690588272,-14.746437635066904,1.9848417799380111
field_dev:DV3-CRS-CV-04,alt:speed:0:+0:-1:4,-19.12978883177224,20.56318398579945,-4.999758111366748,-3.6051038550980694,-11.421234386516872,0.0,-2.5455151019022706,-16.23503723767696,2.087132015888835
field_dev:DV3-CRS-CV-04,alt:starboard:0:+40:-1:8,-19.63841491345886,20.319378878671014,-5.004720215816593,-1.7249446104878183,-11.596639114758483,0.0,-1.922221690588272,-14.746437635066904,1.9848417799380111
field_dev:DV3-CRS-CV-04,alt:speed:0:+0:-1:8,-19.12978883177224,20.56318398579945,-4.999758111366748,-3.6051038550980694,-11.421234386516872,0.0,-2.5455151019022706,-16.23503723767696,2.087132015888835
field_dev:DV3-CRS-CV-04,alt:starboard:0:+70:-1:4,-19.00537847246037,20.62395824315365,-5.004720215816593,-1.4720637424407443,-12.353755446521125,0.0,-1.922221690588272,-14.746437635066904,1.9848417799380111
field_dev:DV3-CRS-CV-04,alt:speed:0:+0:-1:14,-23.939835200587478,18.40746551028727,-5.029783106480025,-2.7457223694863817,-8.240500711462726,0.0,-2.5455151019022706,-16.23503723767696,1.468188205736805
field_dev:DV3-CRS-CV-04,alt:starboard:0:+70:-1:8,-19.855575656513857,20.26250616196883,-5.00943912777496,-1.156889117846402,-12.384244960092339,0.0,-1.922221690588272,-14.746437635066904,1.8875647833468536
field_dev:DV3-CRS-CV-04,alt:starboard:0:+20:-1:14,-23.864519086325757,18.41079239505501,-5.029783106480025,-1.8904807344907273,-8.507699334196413,0.0,-1.932266304447151,-14.746437635066904,1.468188205736805
field_dev:DV3-CRS-CV-04,alt:starboard:0:+20:-1:8,-18.806649473652982,20.695527894745098,-4.999758111366748,-3.523968661898196,-11.514884763393779,0.0,-1.932266304447151,-14.746437635066904,2.087132015888835
field_dev:DV3-CRS-CV-04,alt:starboard:0:+40:-0.5:4,-17.594193403382913,21.394026891359186,-4.999758111366748,-1.7672162596414305,-15.842601322865978,0.0,-2.074802967374578,-19.517075083707592,2.087132015888835
field_dev:DV3-CRS-CV-04,alt:starboard:0:+40:-0.5:8,-17.594193403382913,21.394026891359186,-4.999758111366748,-1.7672162596414305,-15.842601322865978,0.0,-2.074802967374578,-19.517075083707592,2.087132015888835
field_dev:DV3-CRS-CV-04,alt:starboard:0:+20:-1:4,-18.21104263664229,20.979829124401693,-4.999758111366748,-3.643634376724379,-12.472973723444234,0.0,-1.932266304447151,-16.085392157529448,2.087132015888835
field_dev:DV3-CRS-CV-04,alt:starboard:0:+40:-1:14,-25.399298151577153,17.8203849879103,-5.042752117286885,-1.2344630764795663,-10.249221338031687,0.0,-1.922221690588272,-14.746437635066904,1.200841319170563
field_dev:DV3-CRS-CV-04,alt:starboard:0:+20:-0.5:4,-15.865863540856123,22.068795073773884,-4.9890535466968675,-3.8904474898797856,-12.924604100020671,0.0,-2.1015132505181144,-19.286153018505175,2.3077989641363876
field_dev:DV3-CRS-CV-04,alt:starboard:0:+20:-0.5:8,-15.865863540856123,22.068795073773884,-4.9890535466968675,-3.8904474898797856,-12.924604100020671,0.0,-2.1015132505181144,-19.286153018505175,2.3077989641363876
field_dev:DV3-CRS-CV-04,alt:starboard:0:+20:-0.5:14,-19.061223592141978,20.648042546675004,-5.0139267660937215,-3.2698449050631435,-12.639758651111329,0.0,-2.1015132505181144,-19.286153018505175,1.7950553275045067
field_dev:DV3-CRS-CV-05,sac,-15.321796638959198,22.727349510631004,-4.177075497950919,-4.352778553376419,-5.718455456396014,0.0,0.0,-12.92943209316571,-57.13843792950813
field_dev:DV3-CRS-CV-05,alt:starboard:1:+70:-0.5:14,-21.588654484910332,20.324262081616258,-5.050904120084833,-0.8207844601846519,-7.108842337533459,0.0,0.0,-20.609632253377697,1.0327936091511085
field_dev:DV3-CRS-CV-05,alt:starboard:2:+70:-0.5:14,-19.682119989777743,21.13279419253924,-5.048322136061955,-1.4806792758331033,-8.283385681012348,0.0,0.0,-22.947860183611432,1.0860193639877835
field_dev:DV3-CRS-CV-05,alt:starboard:3:+70:+0:8,-11.271740805596052,25.270067915410742,-5.004720215816593,-1.7316783103399636,-14.966990402633003,0.0,-4.211322134118477e-05,-24.657735392756088,1.9848417799380111
field_dev:DV3-CRS-CV-05,alt:starboard:0:+40:+1:4,-25.019956571324926,28.284268680423658,-4.874766718337886,-2.500259757900052,-28.34332275734569,0.0,0.0,-25.045916801823026,4.663740229999249
field_dev:DV3-CRS-CV-05,alt:port:0:-40:-1:14,-32.623805252595055,15.562303567451485,-5.086740882599132,-0.6309592527087576,-1.5549922064065689,0.0,-1.5841026234137134,-47.2512225653413,0.2940443687121987
field_dev:DV3-CRS-CV-05,alt:starboard:2:+40:+0:14,-7.231322165890446,26.709661046537537,-4.970837725601496,-4.2041159150933485,-19.127663419842555,0.0,0.0,-26.96706664585734,2.683305093988559
field_dev:DV3-CRS-CV-06,sac,-34.337758511328644,27.586699863781398,-4.620247035021842,-4.502779102941718,-29.755513147782057,0.0,0.0,-0.7209534081013471,9.910481551887445
field_dev:DV3-CRS-CV-06,alt:starboard:1:+20:-1:4,-14.032714839468094,23.216963765079655,-4.9772172167145685,-2.0830849979541806,-21.274557037214404,0.0,0.0,-6.498480975615543,2.5517964452291038
field_dev:DV3-CRS-CV-06,alt:starboard:0:+20:-0.5:4,-14.19549570199044,23.14695410195777,-4.9772172167145685,-2.429764462880292,-18.687042352108538,0.0,0.0,-9.494376297614266,2.5517964452291038
field_dev:DV3-CRS-CV-06,alt:starboard:2:+20:-1:4,-11.830218034353159,24.22591418830017,-4.970837725601496,-2.5122815965499994,-23.2156846837192,0.0,-0.0009757705051404893,-8.130674412691839,2.683305093988559
field_dev:DV3-CRS-CV-06,alt:speed:2:+0:-1:8,-20.629077778244316,20.17091283334995,-5.042752117286885,-5.2174013735418105,-20.36725104324921,0.0,-0.9447288646012446,-15.896315330068305,1.200841319170563
field_dev:DV3-CRS-CV-06,alt:speed:1:+0:-1:8,-23.674491308384845,18.74996193315628,-5.05569466126784,-4.614086979205665,-19.32497172417128,0.0,-0.6071694378623764,-16.3104321798043,0.9340400272999115
field_dev:DV3-CRS-CV-06,alt:speed:0:+0:-0.5:4,-18.904875286536544,20.90954921064165,-5.026112635965683,-5.11049516538174,-18.164283989642897,0.0,-0.502829927877171,-15.22961727581281,1.543852331463605
field_dev:DV3-CRS-CV-06,alt:port:2:-20:-1:4,-11.578172487464297,24.209285173981552,-4.9772172167145685,-5.787371580723391,-16.689356015844865,0.0,-0.800069285884946,-15.525525848880582,2.5517964452291038
field_dev:DV3-CRS-CV-06,alt:speed:3:+0:-1:4,-17.860349415709,21.454816915866033,-5.029783106480025,-5.225760512029561,-20.608010638501174,0.0,-1.290549481935211,-15.442797296610134,1.468188205736805
field_dev:DV3-CRS-CV-06,alt:starboard:1:+40:-1:4,-14.579993314011276,23.05653303591541,-4.983284049286526,-1.4691602705957238,-23.302097277852326,0.0,0.0,-5.109351546878341,2.4267330287830675
field_dev:DV3-CRS-CV-06,alt:starboard:0:+70:+1:4,-28.942097736383946,27.276415893041165,-4.9772172167145685,-0.7076788752497841,-37.328745276498445,-0.07198126550261837,0.0,-0.9387467308627752,2.5517964452291038
field_dev:DV3-CRS-CV-06,alt:starboard:2:+40:-1:4,-11.830218034353159,24.22591418830017,-4.970837725601496,-2.5122815965499994,-23.2156846837192,0.0,-0.0009757705051404893,-8.130674412691839,2.683305093988559
field_dev:DV3-CRS-CV-06,alt:speed:2:+0:-1:14,-20.629077778244316,20.17091283334995,-5.042752117286885,-5.2174013735418105,-20.36725104324921,0.0,-0.9447288646012446,-15.896315330068305,1.200841319170563
field_dev:DV3-CRS-CV-06,alt:speed:1:+0:-1:14,-23.674491308384845,18.74996193315628,-5.05569466126784,-4.614086979205665,-19.32497172417128,0.0,-0.6071694378623764,-16.3104321798043,0.9340400272999115
field_dev:DV3-CRS-CV-06,alt:speed:0:+0:-0.5:8,-18.904875286536544,20.90954921064165,-5.026112635965683,-5.11049516538174,-18.164283989642897,0.0,-0.502829927877171,-15.22961727581281,1.543852331463605
field_dev:DV3-CRS-CV-06,alt:port:2:-20:-1:8,-20.634398502108592,20.162068299704888,-5.042752117286885,-4.905391629920183,-21.292058670215056,0.0,-0.7973576409356977,-15.601207841403923,1.200841319170563
field_dev:DV3-CRS-CV-06,alt:speed:3:+0:-1:8,-17.860349415709,21.454816915866033,-5.029783106480025,-5.225760512029561,-20.608010638501174,0.0,-1.290549481935211,-15.442797296610134,1.468188205736805
field_dev:DV3-CRS-CV-07,sac,-40.559785183631575,26.60774581624558,-4.451068918356438,-5.30157662576131,-11.348826071308798,0.0,0.0,0.0,13.397967485796144
field_dev:DV3-CRS-CV-07,alt:speed:2:+0:-0.5:4,-15.135768365676915,25.295456878265988,-4.896399152389277,-2.6947048540870178,-8.013933062753363,0.0,0.0,0.0,4.2178030665087585
field_dev:DV3-CRS-CV-07,alt:port:3:-40:+0:4,-11.696824795334214,27.165996771206927,-4.8508471442450665,-2.4364473412015,-9.472505867366946,0.0,0.0,0.0,5.1568251504253295
field_dev:DV3-CRS-CV-07,alt:port:0:-70:-1:8,-20.746272489866858,22.16748051684775,-4.941858199159086,-1.71298016237224,-6.130270860529174,0.0,0.0,0.0,3.2806973148697316
field_dev:DV3-CRS-CV-07,alt:port:1:-70:-1:4,-17.485701652259404,23.990370541263392,-4.915963137984165,-2.4343591681894363,-7.5404580903833525,0.0,0.0,0.0,3.8145054892676895
field_dev:DV3-CRS-CV-07,alt:speed:1:+0:-0.5:4,-15.845820233082847,24.752273194094744,-4.896399152389277,-3.028791548658444,-7.96317758856743,0.0,0.0,0.0,4.2178030665087585
field_dev:DV3-CRS-CV-07,alt:port:2:-70:+1:8,-27.141146551919505,27.114888999124613,-4.707789723244923,-2.744014291314336,-15.804427872844007,0.0,0.0,0.0,8.105851616218109
field_dev:DV3-CRS-CV-07,alt:speed:0:+0:-1:4,-18.321421777460678,23.308811545964165,-4.915963137984165,-2.3830778758144424,-7.241444702238676,0.0,0.0,0.0,3.8145054892676895
field_dev:DV3-CRS-CV-07,alt:speed:3:+0:-0.5:4,-15.34827051434218,25.406981938060554,-4.896399152389277,-2.486789800854248,-8.117270125050537,0.0,0.0,0.0,4.2178030665087585
field_dev:DV3-CRS-CV-07,alt:starboard:3:+20:-1:8,-26.125461114900727,22.520896555306916,-4.999758111366748,-2.3782937198096343,-7.2847615207976215,0.0,0.0,0.0,2.087132015888835
field_dev:DV3-CRS-CV-07,alt:starboard:2:+20:-1:4,-22.74862822581624,24.054301639398954,-4.949657975417023,-1.7979414952007842,-6.937852437005421,0.0,0.0,0.0,3.1199105031747614
field_dev:DV3-CRS-CV-07,alt:speed:2:+0:-1:4,-16.37847168433991,24.726802985768522,-4.906426874260996,-2.0838803724881165,-8.06623790652448,0.0,0.0,0.0,4.011088748687537
field_dev:DV3-CRS-CV-07,alt:port:3:-20:+1:8,-26.176211313742147,26.333287530667917,-4.5132144568653905,-5.10080258971033,-13.383014990581943,0.0,0.0,0.0,12.11688163570481
field_dev:DV3-CRS-CV-07,alt:port:0:-70:-1:4,-18.355573269127234,23.284032399172037,-4.915963137984165,-2.407126908043556,-7.226230217856877,0.0,0.0,0.0,3.8145054892676895
field_dev:DV3-CRS-CV-07,alt:port:1:-70:-0.5:8,-18.48899375042341,23.505447275573815,-4.925032029898121,-2.5675288070420534,-6.840136861343297,0.0,0.0,0.0,3.6275567655825034
field_dev:DV3-CRS-CV-07,alt:speed:1:+0:-1:4,-17.47829587039433,23.99583344235834,-4.915963137984165,-2.4167489221772134,-7.29881401461815,0.0,0.0,0.0,3.8145054892676895
field_dev:DV3-CRS-CV-07,alt:port:2:-70:-0.5:14,-21.668650708255377,21.940148999507123,-4.994540281327025,-1.6674278377581284,-4.508145739603802,0.0,0.0,0.0,2.1946938520632315
field_dev:DV3-CRS-CV-08,sac,-18.355846667273486,27.496563788492928,-4.874766718337886,-6.334333695007954,-19.781247380179252,-1.380574139648596,0.0,-29.16661052366169,4.663740229999249
field_dev:DV3-CRS-CV-08,alt:starboard:2:+20:+1:8,-29.153824392427886,27.27656654857151,-4.9772172167145685,-3.034093800940994,-18.801751271950398,0.0,0.0,-20.206657918926478,2.5517964452291038
field_dev:DV3-CRS-CV-08,alt:starboard:1:+20:+1:8,-34.53340536436723,27.697498668955678,-4.933656455871912,-3.5326810493177914,-7.576620689150005,0.0,0.0,-11.501056123564533,3.449770389516387
field_dev:DV3-CRS-CV-08,alt:starboard:3:+70:+1:8,-27.297783198668395,24.948503802355027,-5.042752117286885,-1.4008554026918045,-0.4144100925394279,-1.8921738678602738,0.0,-29.243974246177665,1.200841319170563
field_dev:DV3-CRS-CV-08,alt:starboard:0:+20:+1:8,-36.293907623949856,26.942964404515884,-4.9641294628665245,-3.85738401666451,-21.360861118984943,0.0,0.0,-11.65785083284079,2.8215911347029534
field_dev:DV3-CRS-CV-08,alt:starboard:2:+20:+0:14,-15.502568241484147,25.30182167476537,-5.039750013988959,-3.1785644356406326,-4.04830148475008,0.0,0.0,-20.06716618821192,1.2627275325297418
field_dev:DV3-CRS-CV-08,alt:starboard:3:+20:+1:14,-30.2854014308919,28.041008670406214,-4.9772172167145685,-3.056514231969445,-6.583638051517208,-1.671531903399437,0.0,-29.243974246177665,2.5517964452291038
field_dev:DV3-CRS-CV-08,alt:starboard:0:+20:+1:14,-42.202445698232026,27.983909260226017,-4.896399152389277,-4.820244510264202,-0.3609040137679505,0.0,0.0,-11.65785083284079,4.2178030665087585
field_dev:DV3-CRS-CV-08,alt:starboard:3:+20:+0:14,-12.273329116850201,25.6738535603176,-5.026112635965683,-2.8647206024722887,-14.925397560118281,0.0,0.0,-30.029404784650797,1.543852331463605
field_dev:DV3-CRS-CV-08,alt:starboard:3:+40:+0:14,-15.151921784933108,24.59645508704062,-5.050904120084833,-2.337881269896777,-3.642044853566229,0.0,0.0,-30.029404784650797,1.0327936091511085
field_dev:DV3-CRS-CV-08,alt:starboard:3:+40:+1:8,-26.011267237074595,27.183807589288183,-4.999758111366748,-2.1876576604468774,-4.978755953214858,0.0,0.0,-29.243974246177665,2.087132015888835
field_dev:DV3-CRS-CV-09,sac,-29.35043839348888,27.406881278409063,-4.6662161130613296,-4.187322859352108,-28.32200825099258,0.0,0.0,-0.8419833096035007,8.962861870232441
field_dev:DV3-CRS-CV-09,alt:starboard:0:+40:+1:4,-29.5988209394323,28.034400248617064,-4.941858199159086,-2.2659535403010875,-17.73588234013866,0.0,0.0,-0.6337588958380304,3.2806973148697316
field_dev:DV3-CRS-CV-09,alt:starboard:1:+70:+1:4,-27.194027364769198,27.411065550716835,-4.941858199159086,-1.193923450203524,-34.85443772594197,0.0,-0.17213368500889148,-1.112167306553527,3.2806973148697316
field_dev:DV3-CRS-CV-09,alt:starboard:0:+70:+0:8,-25.39455460930013,21.40698194281279,-5.026112635965683,-0.563373577648423,-13.182316649737315,0.0,0.0,0.0,1.543852331463605
field_dev:DV3-CRS-CV-09,alt:starboard:1:+40:+1:4,-27.152856567723678,27.4289858543934,-4.941858199159086,-1.2213729345616742,-35.07902691696802,0.0,-0.17213368500889148,-1.112167306553527,3.2806973148697316
field_dev:DV3-CRS-CV-09,alt:starboard:0:+40:+0:8,-21.829634459786035,22.96423366205602,-4.999758111366748,-1.1678952688667907,-33.29806718884516,0.0,0.0,0.0,2.087132015888835
field_dev:DV3-CRS-CV-09,alt:starboard:1:+70:+0:8,-22.467732444686803,22.671077600696478,-5.018194465482414,-0.8064863372011823,-35.76593230395159,0.0,-0.05454837908634835,-1.0648005407991066,1.7070797554767716
field_dev:DV3-CRS-CV-09,alt:starboard:0:+70:-0.5:14,-31.79605722143216,16.70065249736397,-5.065761648421189,-0.35807873899070214,-20.270409333577927,-1.5275517737331386,0.0,0.0,0.726516283767633
field_dev:DV3-CRS-CV-09,alt:starboard:1:+40:+0:8,-21.484998536200905,23.10091959053538,-5.00943912777496,-1.2871672434364934,-38.613683846764026,0.0,-0.05454837908634835,-1.0648005407991066,1.8875647833468536
field_dev:DV3-CRS-CV-09,alt:starboard:0:+70:+1:4,-31.488565987094216,26.693465279527548,-4.983284049286526,-0.806783603071422,-8.801182333386915,-5.592392285411215,0.0,-0.6337588958380304,2.4267330287830675
field_dev:DV3-CRS-CV-09,alt:starboard:1:+20:+1:4,-27.85535741356398,27.732913464837427,-4.915963137984165,-2.643801004919252,-39.63414379956134,0.0,-0.2041137414973726,-1.1708178614460938,3.8145054892676895
field_dev:DV3-CRS-CV-09,alt:starboard:0:+40:-0.5:14,-29.587668201675207,17.822635135474005,-5.048322136061955,-0.6381072451363868,-36.21193784865607,0.0,0.0,0.0,1.0860193639877835
field_dev:DV3-CRS-CV-10,sac,-6.913607260477342,10.28835523615492,-2.3099562266705833,-1.1826251822293967,0.0,0.0,-5.249027310414821,-13.671854645311997,-172.60642499307843
field_dev:DV3-CRS-CV-11,sac,-17.128055501039547,22.609671560641846,-4.222357236232411,-4.441613264101305,-16.667736439653034,-6.721138571270423,-0.364069898784721,-5.794329947055527,-54.33808593779098
field_dev:DV3-CRS-CV-11,alt:port:0:-20:+1:4,-26.008554289308183,28.34852601778894,-4.824398616842987,-3.563588858180955,-11.407796193198795,0.0,0.0,-55.676008450579175,5.702042635437159
field_dev:DV3-CRS-CV-11,alt:starboard:0:+40:-1:4,-21.042902019099433,20.177063689043177,-5.033273687417616,-0.9999456516939953,-8.86511620319016,0.0,-0.08966399118773621,-4.126075850373211,1.3962323750362355
field_dev:DV3-CRS-CV-11,alt:port:0:-20:+1:8,-34.372970260771496,27.820754443549323,-4.7793914952784915,-3.623117748984187,-15.837885082484792,0.0,0.0,-55.676008450579175,6.629832272038515
field_dev:DV3-CRS-CV-11,alt:starboard:0:+40:-1:8,-21.042902019099433,20.177063689043177,-5.033273687417616,-0.9999456516939953,-8.86511620319016,0.0,-0.08966399118773621,-4.126075850373211,1.3962323750362355
field_dev:DV3-CRS-CV-11,alt:port:0:-20:+1:14,-45.99149617150246,27.643458601220388,-4.745388151088368,-4.580473334402414,-14.31634962859939,0.0,0.0,-55.676008450579175,7.330786904388803
field_dev:DV3-CRS-CV-11,alt:port:0:-40:+1:4,-32.93432203448508,27.727209418052745,-4.906426874260996,-2.251864365626796,-22.112477822504033,0.0,0.0,-55.44830554021191,4.011088748687537
field_dev:DV3-CRS-CV-11,alt:port:0:-70:+1:4,-37.22135385283345,27.131111491473792,-4.970837725601496,-0.6742352755704966,-40.147971970748856,0.0,0.0,-55.3943966948963,2.683305093988559
field_dev:DV3-CRS-CV-12,sac,-28.523181478141073,27.626960981845773,-4.6662161130613296,-4.3455743010865655,-18.760733358354507,0.0,0.0,-8.412074941013678,8.962861870232441
field_dev:DV3-CRS-CV-13,sac,-39.72555117736173,27.25213224926291,-4.542022041543818,-4.6946878456656265,-8.524274812108963,0.0,0.0,-12.558858130845248,11.523033871371311
field_dev:DV3-CRS-CV-13,alt:starboard:0:+20:+1:4,-40.578755340237365,27.712708515251606,-4.874766718337886,-3.0000276767505114,-10.388417657984082,-17.285788805050416,0.0,-13.724892628037175,4.663740229999249
field_dev:DV3-CRS-CV-13,alt:starboard:1:+20:-1:4,-21.597333005735933,21.54094293754277,-5.042752117286885,-1.0605695492034208,-10.29449691850343,0.0,-1.5277842906039745,-2.9385452625727404,1.200841319170563
field_dev:DV3-CRS-CV-13,alt:starboard:0:+40:-1:4,-26.477414923542693,19.441091728000842,-5.060027140843343,-0.8959790013878308,-5.999837970127241,0.0,-0.12192944369488055,-1.28965483740874,0.8447290580307742
field_dev:DV3-CRS-CV-13,alt:starboard:1:+20:-1:8,-21.597333005735933,21.54094293754277,-5.042752117286885,-1.0605695492034208,-10.29449691850343,0.0,-1.5277842906039745,-2.9385452625727404,1.200841319170563
field_dev:DV3-CRS-CV-13,alt:starboard:0:+40:-1:8,-26.477414923542693,19.441091728000842,-5.060027140843343,-0.8959790013878308,-5.999837970127241,0.0,-0.12192944369488055,-1.28965483740874,0.8447290580307742
field_dev:DV3-CRS-CV-13,alt:starboard:0:+20:+0:14,-16.23762016671187,27.49302188540312,-4.9890535466968675,-3.1964086675814922,-7.312739397044186,-13.256070674148736,-1.0799616149620568,-12.129820252756804,2.3077989641363876
field_dev:DV3-CRS-CV-14,sac,-20.00374379303923,27.58526305351407,-4.824398616842987,-6.454496377409598,-5.00461076497861,0.0,0.0,-24.185433941556816,5.702042635437159
field_dev:DV3-CRS-CV-14,alt:starboard:2:+20:+0:4,-9.567954139049322,26.60272959282383,-5.026112635965683,-2.057583134021144,-2.310281774957668,0.0,0.0,-19.35371200676722,1.543852331463605
field_dev:DV3-CRS-CV-14,alt:starboard:3:+20:+0:8,-10.949560917940566,26.94571402803087,-5.00943912777496,-3.368993271684536,-2.8888659583604683,0.0,0.0,-25.91668505059291,1.8875647833468536
field_dev:DV3-CRS-CV-14,alt:starboard:1:+20:-0.5:8,-15.506158235111375,23.239820065454616,-5.048322136061955,-2.337816502131426,-1.6535841156499114,0.0,0.0,-7.99910015828038,1.0860193639877835
field_dev:DV3-CRS-CV-14,alt:starboard:0:+20:-1:14,-22.079585933931323,19.816336102925053,-5.0735919660538595,-1.663306581351391,-0.8506612959737095,0.0,0.0,-1.5032978936480683,0.5650998834657562
field_dev:DV3-CRS-CV-14,alt:port:2:-70:-1:4,-20.84167607127035,23.29488534035376,-5.029783106480025,-2.453690691441972,-3.0284202310293376,0.0,0.0,-28.69549441497181,1.468188205736805
field_dev:DV3-CRS-CV-14,alt:port:1:-40:-0.5:8,-21.10580348648705,23.17608326683072,-5.026112635965683,-3.272091985794255,-2.999409413500791,0.0,0.0,-28.238295670700833,1.543852331463605
field_dev:DV3-CRS-CV-14,alt:port:3:-40:-1:4,-19.637274549502603,24.217645628268464,-5.026112635965683,-2.876451064762722,-3.3418444182488973,0.0,0.0,-29.882652622876126,1.543852331463605
field_dev:DV3-CRS-CV-14,alt:port:0:-40:+0:4,-17.641792356724203,26.123573923896732,-5.004720215816593,-3.987721337958387,-4.195792210929578,0.0,0.0,-27.164786823034028,1.9848417799380111
field_dev:DV3-CRS-CV-14,alt:speed:0:+0:+1:14,-42.03756856598335,28.048488624953865,-4.7793914952784915,-4.435654266223497,-8.07569281181621,0.0,0.0,-21.877993731312714,6.629832272038515
field_dev:DV3-CRS-CV-14,alt:speed:1:+0:+1:4,-26.74884524929391,28.595545473364542,-4.9641294628665245,-5.2118029816948095,-7.609190184445476,0.0,0.0,-21.036654048442728,2.8215911347029534
field_dev:DV3-CRS-CV-14,alt:speed:3:+0:+1:4,-22.531245842428394,28.699359087055996,-4.9641294628665245,-4.9330012307902855,-6.762378506072576,0.0,0.0,-21.978807766139333,2.8215911347029534
field_dev:DV3-CRS-CV-14,alt:speed:2:+0:+1:4,-24.282471017947035,28.69906383355088,-4.9641294628665245,-5.371947797035221,-7.077400084632684,0.0,0.0,-22.625755301883174,2.8215911347029534
field_dev:DV3-CRS-CV-14,alt:starboard:2:+40:-0.5:4,-13.643780145979635,24.247384340484842,-5.045607087651986,-1.2326621790607484,-1.716259675231885,0.0,0.0,-19.165748133504366,1.1419881460399952
field_dev:DV3-CRS-CV-14,alt:starboard:3:+40:-1:8,-16.956541092487342,23.066068309679707,-5.050904120084833,-2.1217836380289548,-1.5427477092658965,0.0,0.0,-27.509012758278548,1.0327936091511085
field_dev:DV3-CRS-CV-14,alt:starboard:1:+20:-0.5:4,-15.08252493153452,23.46305148569593,-5.045607087651986,-2.3482204783791802,-1.7192603491698204,0.0,0.0,-7.99910015828038,1.1419881460399952
field_dev:DV3-CRS-CV-14,alt:starboard:0:+20:-1:4,-19.827546885994558,21.33847101311324,-5.05569466126784,-1.9323997592219602,-1.8661560601682563,0.0,0.0,-1.5032978936480683,0.9340400272999115
field_dev:DV3-CRS-CV-15,sac,-9.397938594650485,10.219649038764622,-2.4467453872682734,-1.3785482164789844,0.0,0.0,-5.354890935270775,-23.622446305549964,-164.14699271722827
field_dev:DV3-CRS-CV-16,sac,-14.674182176595727,23.785318953258418,-4.3453166485289865,-4.921194278389737,-5.502154263015411,0.0,0.0,-9.84816074358955,-46.73392478601344
field_dev:DV3-CRS-CV-16,alt:starboard:0:+20:-1:14,-19.232191591852217,21.069418908947206,-5.022253005137024,-4.231105802944904,-3.242979690877019,0.0,0.0,-11.341807049587606,1.6234158618441348
field_dev:DV3-CRS-CV-16,alt:starboard:3:+20:-1:14,-15.48925622633733,22.964811482318307,-5.022253005137024,-4.466728161565282,-3.4761666438549965,0.0,-0.022224199583750322,-19.8984138846448,1.6234158618441348
field_dev:DV3-CRS-CV-16,alt:starboard:1:+40:-1:14,-18.725583209596422,21.401495319524194,-5.026112635965683,-3.369271543803886,-2.9746868364796417,0.0,-0.003704038767299473,-14.26585229359145,1.543852331463605
field_dev:DV3-CRS-CV-16,alt:speed:3:+0:-1:14,-15.97945950290002,22.75780262872961,-5.026112635965683,-4.452302528228044,-3.5319013541859867,0.0,-0.022224199583750322,-19.335049964539174,1.543852331463605
field_dev:DV3-CRS-CV-16,alt:starboard:2:+40:-1:14,-17.340317666369643,22.11658315681081,-5.029783106480025,-3.934668132200599,-3.258175979348676,0.0,-0.014320705226710967,-17.73274033710686,1.468188205736805
field_dev:DV3-CRS-CV-16,alt:speed:2:+0:-1:14,-17.008936193745853,22.234723087106026,-5.026112635965683,-4.434373754697946,-3.6127228273486214,0.0,-0.014320705226710967,-17.905041980369408,1.543852331463605
field_dev:DV3-CRS-CV-16,alt:speed:1:+0:-1:14,-18.304097221231135,21.582666051282832,-5.026112635965683,-4.388954881869024,-3.5530540113605196,0.0,-0.003704038767299473,-15.122089869957696,1.543852331463605
field_dev:DV3-CRS-CV-16,alt:speed:0:+0:-1:14,-19.550987658717183,20.929351184121824,-5.026112635965683,-4.469448669020688,-3.571332233309255,0.0,0.0,-11.247670112892246,1.543852331463605
field_dev:DV3-CRS-CV-16,alt:starboard:0:+20:-0.5:14,-14.798326561206336,23.228214427056837,-5.004720215816593,-4.559533853336445,-4.451391758934098,0.0,0.0,-13.24147129826266,1.9848417799380111
field_dev:DV3-CRS-CV-16,alt:starboard:3:+20:-0.5:14,-11.91901045852359,24.640693711790295,-5.004720215816593,-5.14969398678955,-4.767919418014289,0.0,-0.021942213458076967,-20.136202387140255,1.9848417799380111
field_dev:DV3-CRS-CV-16,alt:starboard:1:+20:-0.5:14,-12.928781432643607,24.029658208917873,-4.994540281327025,-4.738458952234873,-4.724126794932745,0.0,-0.0061943259292261375,-20.204239837239786,2.1946938520632315
field_dev:DV3-CRS-CV-16,alt:speed:3:+0:-0.5:14,-12.431277748440367,24.40133514165183,-5.004720215816593,-5.033493672823977,-4.780585650955747,0.0,-0.021942213458076967,-19.440443569363527,1.9848417799380111
field_dev:DV3-CRS-CV-16,alt:starboard:2:+40:-0.5:8,-10.076856055208182,25.41093227155567,-4.9641294628665245,-3.7524909196912644,-6.093194043495972,0.0,-0.014268807649740521,-18.2015066398266,2.8215911347029534
field_dev:DV3-CRS-CV-16,alt:speed:2:+0:-0.5:14,-13.183810239533475,24.026744911938852,-5.004720215816593,-5.02661086132362,-4.780306671567865,0.0,-0.014268807649740521,-18.2015066398266,1.9848417799380111
field_dev:DV3-CRS-CV-16,alt:speed:1:+0:-0.5:14,-14.095525336291262,23.565647519332074,-5.004720215816593,-4.744842522113027,-4.598718982741521,0.0,-0.006015329052231286,-15.701072593742603,1.9848417799380111
field_dev:DV3-CRS-CV-16,alt:speed:0:+0:-0.5:14,-14.972896355015877,23.1165607385073,-5.004720215816593,-4.737383130726647,-4.670822953122457,0.0,-4.107798791918486e-05,-11.926186385272326,1.9848417799380111
field_dev:DV3-CRS-CV-17,sac,-10.8798736253908,10.188300444412722,-2.7005401828309017,-4.164533552107158,-33.453451803852936,0.0,0.0,0.0,-148.451597880062
field_dev:DV3-CRS-CV-17,alt:port:3:-20:-1:8,-31.849450473993684,14.828906026067077,-5.083565221889723,-3.2243145252643393,-72.49722390167362,0.0,0.0,0.0,0.3595083440372988
field_dev:DV3-CRS-CV-17,alt:starboard:2:+40:+1:8,-27.11914104176981,25.4864839313148,-4.885854644723005,-3.226872590590751,-39.39576382867804,0.0,0.0,0.0,4.435170554047622
field_dev:DV3-CRS-CV-17,alt:port:2:-20:+0:4,-18.38844778819283,21.652856613070977,-5.004720215816593,-5.613084351225548,-58.12992366794894,0.0,0.0,0.0,1.9848417799380111
field_dev:DV3-CRS-CV-17,alt:port:0:-40:+0:14,-18.55652526730396,21.415326436150945,-5.00943912777496,-4.715715283751032,-56.294647613878254,0.0,0.0,0.0,1.8875647833468536
field_dev:DV3-CRS-CV-17,alt:port:1:-40:-0.5:8,-31.055320153698244,15.353086608799563,-5.067488922813572,-4.125498027628023,-70.3431448739212,0.0,0.0,0.0,0.6909097569533438
field_dev:DV3-CRS-CV-17,alt:starboard:3:+70:-1:14,-29.746315388373702,16.048068030160156,-5.05569466126784,-3.021630884662266,-76.22338948838026,0.0,0.0,0.0,0.9340400272999115
field_dev:DV3-CRS-CV-17,alt:port:3:-20:-1:14,-31.849450473993684,14.828906026067077,-5.083565221889723,-3.2243145252643393,-72.49722390167362,0.0,0.0,0.0,0.3595083440372988
field_dev:DV3-CRS-CV-17,alt:starboard:2:+70:+1:4,-15.361458984933261,25.94319904688973,-4.885854644723005,-3.4172815230406646,-51.10670824111806,0.0,0.0,0.0,4.435170554047622
field_dev:DV3-CRS-CV-17,alt:port:2:-20:+0:8,-18.38844778819283,21.652856613070977,-5.004720215816593,-5.613084351225548,-58.12992366794894,0.0,0.0,0.0,1.9848417799380111
field_dev:DV3-CRS-CV-17,alt:port:0:-40:-0.5:14,-31.320766840098347,14.961746137931986,-5.06394535771177,-4.529996783428548,-61.29820359530972,0.0,0.0,0.0,0.7639578183221043
field_dev:DV3-CRS-CV-17,alt:port:1:-40:-0.5:14,-31.055320153698244,15.353086608799563,-5.067488922813572,-4.125498027628023,-70.3431448739212,0.0,0.0,0.0,0.6909097569533438
field_dev:DV3-CRS-CV-17,alt:starboard:3:+70:+0:8,-19.706529809527066,21.01994889296958,-4.994540281327025,-3.7926795138589307,-66.0967589832538,0.0,0.0,0.0,2.1946938520632315
field_dev:DV3-CRS-CV-17,alt:port:3:-70:-1:8,-33.36588516221139,14.201319874397878,-5.091462704854208,-2.404327464592624,-88.77972654383572,0.0,0.0,0.0,0.19670737843491098
field_dev:DV3-CRS-CV-17,alt:starboard:2:+40:+1:4,-15.389423116439177,25.925716076395428,-4.885854644723005,-3.52578246114117,-51.678408180046056,0.0,0.0,0.0,4.435170554047622
field_dev:DV3-CRS-CV-17,alt:port:2:-20:+0:14,-18.373884746550424,21.843738779441768,-4.999758111366748,-5.938930264895137,-57.54067667978333,0.0,0.0,0.0,2.087132015888835
field_dev:DV3-CRS-CV-17,alt:port:0:-70:-1:14,-39.597107983561166,11.057787761758393,-5.091930371753292,-0.1432736533441782,-83.85986585800798,0.0,0.0,0.0,0.18706675963351413
field_dev:DV3-CRS-CV-18,sac,-33.489321235288074,27.56845898713233,-4.595470831142124,-4.393253748541814,-5.277868017424164,0.0,0.0,-6.773814698594094,10.421225282987521
field_dev:DV3-CRS-CV-18,alt:starboard:0:+40:+1:4,-35.05365627392503,28.110197319605405,-4.949657975417023,-2.4732498746673546,-4.888774437250907,0.0,0.0,-2.250414632047764,3.1199105031747614
field_dev:DV3-CRS-CV-18,alt:starboard:1:+20:+1:4,-31.792343694216328,28.365786243156187,-4.915963137984165,-2.9490237738133147,-7.477433304172468,0.0,-0.3798037096581718,-2.481403084849477,3.8145054892676895
field_dev:DV3-CRS-CV-18,alt:starboard:0:+40:-0.5:14,-27.450214064481468,19.515165292860647,-5.045607087651986,-0.9395495901321247,-2.9828919551418087,0.0,-2.4757634175128844e-05,-0.993935784630025,1.1419881460399952
field_dev:DV3-CRS-CV-18,alt:starboard:1:+20:+0:4,-16.837992627124578,25.938785261432198,-4.9772172167145685,-1.8710008734104007,-9.509220431499035,0.0,-1.020486519675393,-2.5365620619424583,2.5517964452291038
field_dev:DV3-CRS-CV-18,alt:starboard:0:+70:-1:14,-30.30255607241447,17.422509596572556,-5.060027140843343,-0.6260701434141032,-3.0445058738162722,0.0,-0.0012565164020831444,-0.9389989897401387,0.8447290580307742
field_dev:DV3-CRS-CV-18,alt:starboard:1:+20:+0:8,-17.756416021853884,25.746335436723694,-4.983284049286526,-1.9792791898427633,-9.045621080429472,0.0,-1.020486519675393,-2.5365620619424583,2.4267330287830675
field_dev:DV3-CRS-CV-18,alt:starboard:0:+70:+0:4,-22.96614665266165,23.202437360707496,-5.00943912777496,-1.153900119761877,-5.604211940316765,0.0,0.0,-1.424930198047282,1.8875647833468536
field_dev:DV3-CRS-CV-18,alt:starboard:1:+20:-0.5:14,-24.012676819266627,21.242977842987287,-5.039750013988959,-1.3046105430914756,-3.7276816724254656,0.0,-1.433077278428749,-3.8449887952386455,1.2627275325297418
field_dev:DV3-CRS-CV-18,alt:starboard:0:+40:+0:8,-21.205214492610686,24.286350343345504,-4.999758111366748,-1.7845629865079367,-7.873043677211224,0.0,0.0,-1.424930198047282,2.087132015888835
field_dev:DV3-CRS-CV-18,alt:starboard:1:+20:-1:14,-25.738246360986892,19.723829063602413,-5.048322136061955,-1.0403541465048607,-4.267613218327769,0.0,-1.7033184455188393,-6.985872317697948,1.0860193639877835
field_dev:DV3-CRS-CV-18,alt:starboard:0:+70:+0:8,-24.198212239860165,22.46997113903693,-5.026112635965683,-0.6077344023165476,-2.233606114792454,0.0,0.0,-1.424930198047282,1.543852331463605
field_dev:DV3-CRS-CV-18,alt:starboard:1:+20:+0:14,-20.50488908475867,24.985181845399833,-5.033273687417616,-1.2807001046628088,-0.10699546927973752,-2.0809817430520643,-1.020486519675393,-2.5365620619424583,1.3962323750362355
field_dev:DV3-CRS-CV-18,alt:starboard:0:+40:-1:14,-29.078982986638753,18.046187719125435,-5.05335956119959,-0.7013657448689498,-3.82368348947779,0.0,-0.0029529667452166566,-0.9389989897401387,0.9821764459030136
field_dev:DV3-CRS-CV-18,alt:starboard:1:+40:-1:8,-23.76509745495018,21.197041491986816,-5.026112635965683,-0.9973335242747953,-5.0998207120996115,0.0,-1.2625271823926452,-9.94572559595083,1.543852331463605
field_dev:DV3-CRS-CV-18,alt:starboard:0:+40:+0:4,-20.408272518203198,24.514843011310514,-4.994540281327025,-1.6762666155495158,-8.498483278296545,0.0,0.0,-1.424930198047282,2.1946938520632315
field_dev:DV3-CRS-CV-18,alt:starboard:1:+40:-1:14,-27.571226953783317,18.819780796014253,-5.057915318198266,-0.8973402750909826,-3.246569648422791,0.0,-1.2625271823926452,-9.94572559595083,0.8882627721705401
field_dev:DV3-CRS-CV-19,sac,-11.149960384729097,18.801771187130704,-4.07939087629529,-5.151775280589573,-8.42911965710576,0.0,0.0,0.0,-63.17953385901846
field_dev:DV3-CRS-CV-19,alt:port:3:-20:-1:14,-25.556765636575275,18.586929572486863,-5.0860057716773515,-3.025433284531637,-1.64871827624373,0.0,-0.12522027404839986,0.0,0.3091981548525335
field_dev:DV3-CRS-CV-19,alt:port:0:-20:-1:14,-32.49565856679854,15.365182579458116,-5.090453824324625,-2.8808967349068917,-0.032150809626059706,0.0,0.0,0.0,0.21750472932913445
field_dev:DV3-CRS-CV-19,alt:starboard:2:+70:-0.5:8,-18.127816459462696,22.020824052418735,-5.00943912777496,-2.2448842686265835,-11.293154353506415,0.0,0.0,0.0,1.8875647833468536
field_dev:DV3-CRS-CV-19,alt:starboard:3:+70:-1:8,-20.00137071332832,21.087113817043157,-5.022253005137024,-1.7912914897888506,-10.271163137301777,0.0,0.0,0.0,1.6234158618441348
field_dev:DV3-CRS-CV-19,alt:starboard:0:+40:+1:4,-23.028732454267374,28.502752453238333,-4.824398616842987,-2.138196986027793,-20.603088020238573,0.0,0.0,0.0,5.702042635437159
field_dev:DV3-CRS-CV-19,alt:starboard:1:+70:+0:4,-11.898768631099045,25.124192593480068,-4.9772172167145685,-3.2410685713910867,-14.545008818939081,0.0,0.0,0.0,2.5517964452291038
field_dev:DV3-CRS-CV-19,alt:port:2:-20:-1:14,-28.251221080518274,17.485376532466617,-5.09097093640812,-2.4394564477915623,-0.10884158250091293,0.0,-0.18146969735487106,0.0,0.20684483339819953
field_dev:DV3-CRS-CV-19,alt:port:1:-20:-0.5:4,-23.393539602427374,20.465724531666172,-5.05569466126784,-2.186354801276496,-5.154163991087102,0.0,-0.4654709721582906,0.0,0.9340400272999115
field_dev:DV3-CRS-CV-19,alt:speed:3:+0:+1:4,-12.362689619247346,28.027523175428474,-4.885854644723005,-3.826052320317162,-19.308288851554764,0.0,0.0,0.0,4.435170554047622
field_dev:DV3-CRS-CV-19,alt:speed:0:+0:+0:4,-10.529483605815747,25.737362418787338,-4.970837725601496,-2.9515576926394367,-15.292398634243197,0.0,0.0,0.0,2.683305093988559
field_dev:DV3-CRS-CV-19,alt:speed:1:+0:+0:4,-10.529483605815747,25.737362418787338,-4.970837725601496,-2.9515576926394367,-15.292398634243197,0.0,0.0,0.0,2.683305093988559
field_dev:DV3-CRS-CV-19,alt:speed:2:+0:+0:4,-10.529483605815747,25.737362418787338,-4.970837725601496,-2.9515576926394367,-15.292398634243197,0.0,0.0,0.0,2.683305093988559
field_dev:DV3-CRS-CV-19,alt:port:3:-20:-0.5:14,-21.469743221742803,20.974736226327668,-5.06394535771177,-3.268440869695485,-1.8499052164021976,0.0,-0.3131409523351779,0.0,0.7639578183221043
field_dev:DV3-CRS-CV-19,alt:port:0:-20:-0.5:14,-27.985116379007437,18.57481849945292,-5.070693659573268,-3.1000010740648722,-0.3080351521099091,0.0,-0.08078167209346145,0.0,0.6248463996372937
field_dev:DV3-CRS-CV-19,alt:starboard:2:+70:-1:8,-20.457263847078693,20.88637821817585,-5.022253005137024,-1.873652273191109,-10.220120112446192,0.0,0.0,0.0,1.6234158618441348
field_dev:DV3-CRS-CV-19,alt:starboard:3:+70:+0:4,-12.191241398724621,25.02011775212862,-4.983284049286526,-3.093555965826383,-15.061119477560386,0.0,0.0,0.0,2.4267330287830675
field_dev:DV3-CRS-CV-20,sac,-12.097914251566344,27.504857426751013,-4.7793914952784915,-4.495519402142993,-20.363089542924605,0.0,0.0,-13.701149156285828,6.629832272038515
field_dev:DV3-CRS-CV-20,alt:speed:0:+0:+0:4,-6.739809957492197,27.531709226703178,-4.949657975417023,-3.8241650831471827,-13.795409550679398,0.0,0.0,-12.395804596888054,3.1199105031747614
field_dev:DV3-CRS-CV-20,alt:speed:1:+0:+0:4,-6.739809957492197,27.531709226703178,-4.949657975417023,-3.8241650831471827,-13.795409550679398,0.0,0.0,-12.395804596888054,3.1199105031747614
field_dev:DV3-CRS-CV-20,alt:speed:2:+0:+0:4,-6.739809957492197,27.531709226703178,-4.949657975417023,-3.8241650831471827,-13.795409550679398,0.0,0.0,-12.395804596888054,3.1199105031747614
field_dev:DV3-CRS-CV-20,alt:speed:3:+0:+0:4,-6.739809957492197,27.531709226703178,-4.949657975417023,-3.8241650831471827,-13.795409550679398,0.0,0.0,-12.395804596888054,3.1199105031747614
field_dev:DV3-CRS-CV-20,alt:starboard:1:+40:+0:4,-6.6191356106401145,27.546234616934875,-4.949657975417023,-4.730678297606215,-13.078395074772178,0.0,0.0,-12.395804596888054,3.1199105031747614
field_dev:DV3-CRS-CV-20,alt:starboard:2:+40:+0:4,-6.616693885673233,27.551148849182027,-4.949657975417023,-4.768094682585013,-13.17408837690686,0.0,0.0,-12.395804596888054,3.1199105031747614
field_dev:DV3-CRS-CV-20,alt:starboard:3:+20:+0:4,-6.764574298313483,27.491379382176607,-4.957075485029767,-4.782421194160424,-12.819067113526625,0.0,0.0,-12.395804596888054,2.9670038450977003
field_dev:DV3-CRS-CV-20,alt:starboard:0:+40:-1:4,-18.64898177466577,21.561622269186376,-5.00943912777496,-2.2297061047829483,-8.733354442277042,0.0,0.0,-10.38929714463814,1.8875647833468536
field_dev:DV3-CRS-CV-20,alt:port:3:-70:-1:14,-24.512761971878124,19.178021699617393,-5.094621470591839,-0.6109614957546052,-1.2551563698270263,0.0,-3.3302088641792644,-12.395804596888054,0.13159168087523393
field_dev:DV3-CRS-CV-20,alt:port:0:-20:+1:4,-39.14921181403079,27.83636977712679,-4.906426874260996,-2.2871822354773523,-9.95481739150848,-0.026015536216345447,0.0,-59.566686785518904,4.011088748687537
field_dev:DV3-CRS-CV-20,alt:port:2:-40:-1:14,-25.721779485504026,18.86648804388532,-5.090453824324625,-1.0250572993281941,-0.6695342231943823,-4.771904201211206e-05,-2.611828466285148,-17.286741747394256,0.21750472932913445
field_dev:DV3-CRS-CV-20,alt:port:1:-20:+1:4,-37.3451579482278,28.167999486843748,-4.941858199159086,-2.09881467641541,-0.7825972799065125,-8.138715316536478,0.0,-50.61337740111533,3.2806973148697316
field_dev:DV3-CRS-CV-20,alt:speed:0:+0:-0.5:4,-15.458474403210412,23.054756137787837,-4.999758111366748,-4.365632230971194,-9.35446965213838,0.0,0.0,-11.003983154165935,2.087132015888835
field_dev:DV3-CRS-CV-20,alt:speed:1:+0:-0.5:4,-14.055400110914068,23.788295952747507,-4.994540281327025,-4.36438924909298,-9.77514710787077,0.0,0.0,-12.154856941805745,2.1946938520632315
field_dev:DV3-CRS-CV-20,alt:speed:2:+0:+1:8,-23.96770614829562,28.286341816479354,-4.727061183827396,-4.295185841294808,-18.40176302310867,0.0,0.0,-21.40078032187468,7.708584232989255
field_dev:DV3-CRS-CV-20,alt:speed:3:+0:+1:14,-25.954049595798136,27.0393032246297,-4.5132144568653905,-4.377924455786848,-13.563128284348911,0.0,0.0,-21.457609501625456,12.11688163570481
field_dev:DV3-CRS-VS-01,sac,-25.137804489758214,27.560891667040384,-4.620247035021842,-5.271576236636459,-6.933053651195124,0.0,-0.22441270933619176,-6.240039818709595,9.910481551887445
field_dev:DV3-CRS-VS-01,alt:starboard:0:+40:+1:4,-34.25442600590684,27.60939443736499,-4.957075485029767,-2.7659140049609876,-12.54525352958143,-11.6481136478909,-0.0003954035938909575,-12.861986413872554,2.9670038450977003
field_dev:DV3-CRS-VS-01,alt:starboard:0:+40:+0:4,-18.69779114340438,24.635107065263472,-5.0139267660937215,-2.4510596463433028,-3.55636509574672,0.0,-1.9297168033059742,-6.793610574285704,1.7950553275045067
field_dev:DV3-CRS-VS-01,alt:starboard:0:+40:+0:8,-18.69779114340438,24.635107065263472,-5.0139267660937215,-2.4510596463433028,-3.55636509574672,0.0,-1.9297168033059742,-6.793610574285704,1.7950553275045067
field_dev:DV3-CRS-VS-02,sac,-36.879807948569486,27.198702460722288,-4.569417767934655,-4.597603628201344,-27.186287202125015,0.0,0.0,-0.06245420958917098,10.958290556334791
field_dev:DV3-CRS-VS-02,alt:port:2:-20:-0.5:4,-10.903089955367385,23.84378903096115,-4.9772172167145685,-5.280995187472135,-23.79290640386598,0.0,0.0,-10.605987201357719,2.5517964452291038
field_dev:DV3-CRS-VS-02,alt:port:1:-20:-1:8,-17.29252250423914,20.946240943498207,-5.004720215816593,-4.088502678004197,-26.95021351964772,0.0,0.0,-5.295658383680364,1.9848417799380111
field_dev:DV3-CRS-VS-02,alt:starboard:3:+20:-1:4,-12.446286752599997,23.378811274625605,-4.983284049286526,-2.1601227758341532,-20.2015136169987,0.0,0.0,-7.468273596583769,2.4267330287830675
field_dev:DV3-CRS-VS-02,alt:starboard:2:+20:-1:4,-13.789839723793904,22.86392953107981,-4.9890535466968675,-2.0553878523180793,-15.769490606864471,0.0,0.0,-2.4997723652428645,2.3077989641363876
field_dev:DV3-CRS-VS-02,alt:starboard:0:+20:-1:8,-21.895051246014802,19.1067497127465,-5.0139267660937215,-2.2240403003418248,-7.977431898845146,0.0,0.0,-0.05685944372141697,1.7950553275045067
field_dev:DV3-CRS-VS-02,alt:starboard:1:+20:-1:4,-16.62101306420375,21.643073858381097,-4.994540281327025,-1.5980159660834292,-11.81852105765481,0.0,0.0,-0.7818056809864229,2.1946938520632315
field_dev:DV3-CRS-VS-02,alt:port:3:-20:-1:4,-11.30595589312193,23.645631023112635,-4.9772172167145685,-4.827339799701773,-29.053199755521014,0.0,0.0,-12.389795226696997,2.5517964452291038
field_dev:DV3-CRS-VS-02,alt:speed:0:+0:-1:14,-30.390019859338473,15.151959190642998,-5.0817213613726055,-2.734806615821524,-37.85704381773768,0.0,0.0,-3.7833256791935232,0.39751821046851127
field_dev:DV3-CRS-VS-02,alt:speed:2:+0:-1:8,-25.10340776910916,17.63211656318131,-5.072179216345195,-3.4187590458991437,-38.623452624019336,0.0,0.0,-8.335617834978361,0.5942227087709052
field_dev:DV3-CRS-VS-02,alt:speed:3:+0:-1:8,-22.802749421879863,18.704970201205967,-5.06394535771177,-3.4941339318720326,-36.434715437833724,0.0,0.0,-10.762378642089281,0.7639578183221043
field_dev:DV3-CRS-VS-02,alt:speed:1:+0:-1:14,-27.726089976008645,16.40943948740354,-5.078583687460547,-2.960364722426658,-39.29451920660543,0.0,0.0,-5.421919242606638,0.4621991151220286
field_dev:DV3-CRS-VS-02,alt:port:0:-20:-1:14,-30.34793911309024,15.158655522200824,-5.082666451029629,-2.3400399920263752,-42.60983351851217,0.0,0.0,-4.4660311074637775,0.3780358628096082
field_dev:DV3-CRS-VS-02,alt:port:2:-20:-1:4,-11.895577559572672,23.35479046756338,-4.9772172167145685,-4.504326225766559,-24.690257419171378,0.0,0.0,-9.431181628342303,2.5517964452291038
field_dev:DV3-CRS-VS-02,alt:port:1:-20:-0.5:8,-14.235361393806789,22.34712818502161,-4.994540281327025,-4.724320282508702,-26.817426855122854,0.0,0.0,-8.138039507407012,2.1946938520632315
field_dev:DV3-CRS-VS-02,alt:starboard:3:+40:-1:4,-12.446286752599997,23.378811274625605,-4.983284049286526,-2.1601227758341532,-20.2015136169987,0.0,0.0,-7.468273596583769,2.4267330287830675
field_dev:DV3-CRS-VS-02,alt:starboard:2:+40:-1:4,-13.789839723793904,22.86392953107981,-4.9890535466968675,-2.0553878523180793,-15.769490606864471,0.0,0.0,-2.4997723652428645,2.3077989641363876
field_dev:DV3-CRS-VS-03,sac,-26.998570808795296,22.04226048736103,-4.595470831142124,-4.892072167507419,-24.36416663394748,-1.6468392952907085,0.0,-1.7286873304346237,-31.263675848962563
field_dev:DV3-CRS-VS-03,alt:starboard:0:+20:-1:14,-24.72622283837577,18.12920192733509,-5.05569466126784,-1.8136730168563262,-16.021191168388174,0.0,-0.0056073377845275605,-2.384804755311594,0.9340400272999115
field_dev:DV3-CRS-VS-03,alt:starboard:1:+70:-1:4,-19.787588421065657,20.771849857632443,-5.033273687417616,-1.1519142339078843,-12.196578041936197,0.0,-0.019200465027018596,-2.281174231727698,1.3962323750362355
field_dev:DV3-CRS-VS-03,alt:starboard:2:+20:-0.5:4,-15.49634940945064,22.819447402963117,-5.022253005137024,-2.054433219809478,-14.122391414147112,0.0,-0.8072607469885097,-2.281174231727698,1.6234158618441348
field_dev:DV3-CRS-VS-03,alt:speed:0:+0:-1:8,-18.893605777330627,20.790397729759977,-5.042752117286885,-2.3802574212969447,-24.797266543047854,0.0,-1.6971984487648677,-4.618711091627909,1.200841319170563
field_dev:DV3-CRS-VS-03,alt:speed:1:+0:-1:8,-18.131207759793764,21.195694199130575,-5.042752117286885,-3.0079481954790777,-27.958783690138223,0.0,-2.6371434070439768,-6.541586245623829,1.200841319170563
field_dev:DV3-CRS-VS-03,alt:starboard:0:+70:-1:4,-23.102306504503368,19.224308777076665,-5.042752117286885,-0.8458589820864244,-11.023519049471389,0.0,0.0,-1.7970091755240591,1.200841319170563
field_dev:DV3-CRS-VS-03,alt:starboard:1:+20:-0.5:8,-17.56456130942565,21.737207741011062,-5.026112635965683,-2.162847702497402,-12.645579880893022,0.0,-0.015239501896018193,-2.5831609525673467,1.543852331463605
field_dev:DV3-CRS-VS-03,alt:starboard:2:+40:-1:4,-16.2587866589697,22.310537019850525,-5.022253005137024,-1.9662721013226752,-13.176519577427952,0.0,-0.8371493348084613,-2.281174231727698,1.6234158618441348
field_dev:DV3-CRS-VS-03,alt:speed:0:+0:-1:4,-18.358324557951192,21.041220062855334,-5.039750013988959,-2.487160641214577,-25.343760973697236,0.0,-1.6971984487648677,-4.618711091627909,1.2627275325297418
field_dev:DV3-CRS-VS-03,alt:speed:1:+0:-1:14,-21.955662513718273,19.34612818522506,-5.060027140843343,-2.6350666651274284,-35.13657125074408,0.0,-2.6371434070439768,-6.556177921138424,0.8447290580307742
field_dev:DV3-CRS-VS-03,alt:starboard:0:+40:-1:8,-22.592578964576724,19.354392165980077,-5.039750013988959,-1.359554522650382,-10.869625340518224,0.0,0.0,-1.7970091755240591,1.2627275325297418
field_dev:DV3-CRS-VS-03,alt:starboard:1:+40:-1:4,-19.662689059558268,20.818300715447673,-5.033273687417616,-1.2552193387035502,-12.211161888419422,0.0,-0.019200465027018596,-2.281174231727698,1.3962323750362355
field_dev:DV3-CRS-VS-03,alt:starboard:2:+70:-1:4,-16.2587866589697,22.310537019850525,-5.022253005137024,-1.9662721013226752,-13.176519577427952,0.0,-0.8371493348084613,-2.281174231727698,1.6234158618441348
field_dev:DV3-CRS-VS-03,alt:speed:0:+0:-1:14,-23.48924162457907,18.604036720174562,-5.062035463165965,-2.094289067244121,-29.55938704368278,0.0,-1.6971984487648677,-4.778618238362135,0.8033289290486658
field_dev:DV3-CRS-VS-03,alt:speed:1:+0:-1:4,-16.600467391421798,21.91926978627951,-5.036593195157635,-3.067251078874958,-27.30235313689243,0.0,-2.6371434070439768,-6.842154519056635,1.327803096007705
field_dev:DV3-CRS-VS-03,alt:starboard:0:+40:-0.5:4,-21.510159035159308,20.14302641392479,-5.036593195157635,-1.870873682076643,-13.092001987668867,0.0,0.0,-1.7830222968892508,1.327803096007705
field_dev:DV3-CRS-VS-04,sac,-25.854979042191072,27.997296678367984,-4.6662161130613296,-5.650235773571107,-12.402231352102046,0.0,0.0,-45.099189304579845,8.962861870232441
field_dev:DV3-CRS-VS-04,alt:port:0:-20:+1:14,-44.098274289972935,27.972860638608832,-4.896399152389277,-4.174810153158582,-19.907389728333857,0.0,0.0,-48.5108089670194,4.2178030665087585
field_dev:DV3-CRS-VS-04,alt:speed:0:+0:+1:4,-29.876722420116362,28.743828359252404,-4.837955081369003,-1.4885580460059082,-14.99107375351916,0.0,0.0,-35.27684117095951,5.422585810406311
field_dev:DV3-CRS-VS-04,alt:port:1:-20:+1:8,-31.703833462089506,28.216290839697212,-4.824398616842987,-3.5420232057645666,-24.63067204915004,0.0,0.0,-49.620964163697,5.702042635437159
field_dev:DV3-CRS-VS-04,alt:speed:1:+0:+1:4,-25.479278150469877,28.82964713719837,-4.8508471442450665,-1.5038778648865836,-14.628303027487531,0.0,-0.011873416831692402,-36.80707455185045,5.1568251504253295
field_dev:DV3-CRS-VS-04,alt:port:2:-20:+1:8,-29.6711482246021,28.257714979945828,-4.8508471442450665,-3.4614145888599492,-31.39495339934075,0.0,0.0,-45.407555302326735,5.1568251504253295
field_dev:DV3-CRS-VS-04,alt:speed:2:+0:+1:4,-20.304704071095582,28.941223210635975,-4.874766718337886,-1.5476813467464103,-14.29022040558514,0.0,-0.09227235214200563,-33.031559532640784,4.663740229999249
field_dev:DV3-CRS-VS-04,alt:speed:3:+0:+1:4,-17.10912141365354,28.95761825856516,-4.885854644723005,-1.1474821081764983,-13.376272003352964,0.0,-0.3273039862501469,-37.467794999708076,4.435170554047622
field_dev:DV3-CRS-VS-04,alt:port:0:-20:+1:8,-34.50606984935348,28.24410075156237,-4.824398616842987,-3.789542359749561,-27.727620078704433,0.0,0.0,-48.5108089670194,5.702042635437159
field_dev:DV3-CRS-VS-04,alt:speed:0:+0:+1:8,-33.47061201696554,28.54460373115305,-4.795153756586528,-1.5055522059034872,-15.425865420291744,0.0,0.0,-35.27684117095951,6.304904523214537
field_dev:DV3-CRS-VS-04,alt:port:1:-20:+1:4,-23.437529768375132,28.725429635032405,-4.896399152389277,-3.5106938953693065,-22.23259192256352,0.0,0.0,-49.620964163697,4.2178030665087585
field_dev:DV3-CRS-VS-04,alt:speed:1:+0:+1:8,-29.95998516901559,28.574186088925885,-4.795153756586528,-1.4750502255541755,-15.256502140420439,0.0,-0.011873416831692402,-36.80707455185045,6.304904523214537
field_dev:DV3-CRS-VS-04,alt:port:2:-20:+1:4,-18.71724698875219,28.724935535933433,-4.915963137984165,-3.057405960212648,-26.20780132892886,0.0,0.0,-45.407555302326735,3.8145054892676895
field_dev:DV3-CRS-VS-04,alt:speed:2:+0:+1:8,-26.926126097925355,28.503036961946915,-4.7793914952784915,-1.5287017473670461,-14.833561236177852,0.0,-0.09227235214200563,-33.031559532640784,6.629832272038515
field_dev:DV3-CRS-VS-04,alt:speed:3:+0:+1:8,-24.39867078656389,28.455762556394433,-4.7793914952784915,-1.1054890586171169,-14.161508674955105,0.0,-0.3273039862501469,-37.467794999708076,6.629832272038515
field_dev:DV3-CRS-VS-04,alt:port:0:-20:+1:4,-27.382888153341625,28.652848402466383,-4.885854644723005,-4.089582602545608,-22.32632913612374,0.0,0.0,-48.5108089670194,4.435170554047622
field_dev:DV3-CRS-VS-04,alt:speed:0:+0:+1:14,-41.29457481071505,27.466161281927384,-4.595470831142124,-1.387575487454878,-15.562240903980788,0.0,0.0,-35.27684117095951,10.421225282987521
field_dev:DV3-CRS-VS-05,sac,-32.951541010936914,27.346717224994105,-4.569417767934655,-4.983260040310422,-12.053008274376497,0.0,0.0,-6.963390366646058,10.958290556334791
field_dev:DV3-CRS-VS-05,alt:starboard:0:+40:-1:4,-27.43341192048534,19.190364629639173,-5.067488922813572,-0.4552213589184713,-1.2524665183036723,0.0,0.0,0.0,0.6909097569533438
field_dev:DV3-CRS-VS-05,alt:speed:3:+0:+1:8,-22.85748513148389,27.774326710543427,-4.6438089583857485,-3.847827953415873,-16.96019475701767,0.0,0.0,-59.3145106328783,9.424769345562469
field_dev:DV3-CRS-VS-05,alt:port:2:-40:+1:4,-20.56507917066414,28.483317014634956,-4.762816914598395,-3.239060357686424,-18.52902603573654,0.0,0.0,-56.70478369577634,6.971505404010974
field_dev:DV3-CRS-VS-05,alt:port:3:-20:+1:4,-17.504184078274147,28.590411962628497,-4.7793914952784915,-4.342070706103344,-17.31425849686884,0.0,0.0,-59.52145961146387,6.629832272038515
field_dev:DV3-CRS-VS-05,alt:speed:2:+0:+1:4,-18.81480382481954,28.560271799408422,-4.7793914952784915,-3.8662088601635083,-17.43792566869389,0.0,0.0,-56.69097392950353,6.629832272038515
field_dev:DV3-CRS-VS-05,alt:port:1:-40:+1:4,-24.081219009122552,28.41416990431035,-4.762816914598395,-4.661162794315587,-11.536353410897927,0.0,0.0,-60.52147363986934,6.971505404010974
field_dev:DV3-CRS-VS-05,alt:speed:1:+0:+1:4,-23.028387652743902,28.532123563765253,-4.7793914952784915,-3.806573461197725,-19.3981623336373,0.0,0.0,-55.998224817166786,6.629832272038515
field_dev:DV3-CRS-VS-05,alt:port:0:-40:+1:4,-29.011729236460333,28.299124474994567,-4.727061183827396,-3.859036253414276,-13.388419407547921,0.0,0.0,-60.23797801230363,7.708584232989255
field_dev:DV3-CRS-VS-05,alt:starboard:1:+20:-1:4,-22.919063691592203,21.0748462787273,-5.050904120084833,-1.2791765380382307,-1.213324273775064,0.0,-3.743753964843063,-14.120911074754574,1.0327936091511085
field_dev:DV3-CRS-VS-05,alt:starboard:0:+40:-1:8,-27.43341192048534,19.190364629639173,-5.067488922813572,-0.4552213589184713,-1.2524665183036723,0.0,0.0,0.0,0.6909097569533438
field_dev:DV3-CRS-VS-05,alt:speed:3:+0:+1:14,-27.371414247229453,26.285041171334257,-4.382352896415881,-3.6355733052904524,-14.497131857436452,0.0,0.0,-59.3145106328783,14.814499154757922
field_dev:DV3-CRS-VS-05,alt:port:2:-40:+1:8,-27.761498536877454,28.101375709326184,-4.707789723244923,-3.88752199684473,-17.05769512103213,0.0,0.0,-56.70478369577634,8.105851616218109
field_dev:DV3-CRS-VS-05,alt:port:3:-20:+1:8,-25.131168658739437,28.065521513183143,-4.707789723244923,-3.793296753913985,-14.453928971616543,0.0,0.0,-59.52145961146387,8.105851616218109
field_dev:DV3-CRS-VS-05,alt:speed:2:+0:+1:8,-25.434653953049736,27.879693275509943,-4.6662161130613296,-4.059373943484105,-16.972427365724908,0.0,0.0,-56.69097392950353,8.962861870232441
field_dev:DV3-CRS-VS-05,alt:port:1:-40:+1:8,-30.167540097738403,27.711275444265016,-4.6438089583857485,-3.8483789494140908,-12.430966778356579,0.0,0.0,-60.52147363986934,9.424769345562469
field_dev:DV3-CRS-VS-05,alt:speed:1:+0:+1:8,-28.192542720630506,27.891005356207227,-4.6662161130613296,-3.8497637297073215,-18.07646832110641,0.0,0.0,-55.998224817166786,8.962861870232441
field_dev:DV3-CRS-VS-06,sac,-25.74977388907266,27.015205961442504,-4.727061183827396,-4.296176271909111,-14.563445293552794,0.0,0.0,-43.3842032547482,7.708584232989255
field_dev:DV3-CRS-VS-06,alt:port:0:-40:+1:4,-32.33053490003517,27.430926762358787,-4.994540281327025,-2.4220666955573926,-9.5053173091992,0.0,0.0,-36.05075190064605,2.1946938520632315
field_dev:DV3-CRS-VS-06,alt:port:1:-70:+0:8,-21.33659056788242,22.576686119413687,-5.048322136061955,-0.5570103456227509,-25.87172663358018,0.0,0.0,-47.52472495532355,1.0860193639877835
field_dev:DV3-CRS-VS-06,alt:port:0:-70:-0.5:14,-32.25756627591518,16.12781634789365,-5.078583687460547,-0.44182632101913993,-5.370076152632435,0.0,0.0,-61.307792171500544,0.4621991151220286
field_dev:DV3-CRS-VS-06,alt:port:1:-40:+0:8,-19.35209282815185,23.46530413290636,-5.029783106480025,-1.4860086866795197,-30.597513695043144,0.0,0.0,-47.52457513779991,1.468188205736805
field_dev:DV3-CRS-VS-06,alt:port:0:-70:+0:8,-26.230278620464333,20.286853674248864,-5.05569466126784,-0.7084496501614497,-3.787862253849273,0.0,0.0,-49.517172686051346,0.9340400272999115
field_dev:DV3-CRS-VS-06,alt:port:1:-70:+1:4,-29.22412363856881,26.198077456015223,-5.004720215816593,-0.7162818923058817,-27.61294944742513,0.0,0.0,-35.452918550499945,1.9848417799380111
field_dev:DV3-CRS-VS-06,alt:port:0:-70:+0:4,-25.691423524368528,20.557870932275343,-5.050904120084833,-0.6866289539940473,-4.7566251349649775,0.0,0.0,-49.517172686051346,1.0327936091511085
field_dev:DV3-CRS-VS-06,alt:port:1:-40:+1:4,-28.779889828716573,26.42240932535595,-4.994540281327025,-1.0797630527091484,-28.110205357477707,0.0,0.0,-35.452918550499945,2.1946938520632315
field_dev:DV3-CRS-VS-06,alt:port:0:-40:+0:14,-24.332109991117658,22.47116546004581,-5.05569466126784,-2.613155866606267,-16.968292914518507,0.0,0.0,-51.964000015959606,0.9340400272999115
field_dev:DV3-CRS-VS-06,alt:port:1:-70:+0:4,-18.627379997890337,23.551875032540256,-5.026112635965683,-0.8848498218072421,-34.14034463041101,0.0,0.0,-47.52472495532355,1.543852331463605
field_dev:DV3-CRS-VS-06,alt:port:0:-40:-0.5:14,-28.654848685743826,18.151328199468836,-5.062035463165965,-1.8189129502365804,-28.808841977672653,0.0,0.0,-62.884877951402856,0.8033289290486658
field_dev:DV3-CRS-VS-06,alt:port:1:-40:+0:4,-18.021356623264094,23.755073036980267,-5.026112635965683,-1.4962188950145763,-39.35534865681503,0.0,0.0,-47.52457513779991,1.543852331463605
field_dev:DV3-CRS-VS-06,alt:port:0:-40:+0:4,-20.105141072654078,23.304596860442327,-5.022253005137024,-2.502243852622786,-31.490571467549664,0.0,0.0,-51.964000015959606,1.6234158618441348
field_dev:DV3-CRS-VS-06,alt:port:1:-70:-0.5:14,-27.68473732734223,18.377146325111745,-5.078583687460547,-0.42227553501864623,-28.255985876558046,0.0,0.0,-50.82742308593471,0.4621991151220286
field_dev:DV3-CRS-VS-06,alt:port:0:-40:+0:8,-20.105141072654078,23.304596860442327,-5.022253005137024,-2.502243852622786,-31.490571467549664,0.0,0.0,-51.964000015959606,1.6234158618441348
field_dev:DV3-CRS-VS-06,alt:port:1:-40:-0.5:14,-25.765975380467705,19.385328690967835,-5.06394535771177,-0.8428744492333027,-37.01503040038098,0.0,0.0,-50.817156164154106,0.7639578183221043
g1_conflict:G-CRS-near-L2-01,sac,-24.851350018101062,26.379238178556832,-4.6662161130613296,-5.069891584991961,-18.003307033379215,0.0,0.0,-1.9499909914579148,8.962861870232441
g1_conflict:G-CRS-near-L2-01,alt:starboard:1:+40:-0.5:14,-21.16890072045677,21.71461905545482,-5.048322136061955,-1.688527208316224,-25.822235727852544,-0.10042742444350454,-0.1540689352189747,-6.234984647640676,1.0860193639877835
g1_conflict:G-CRS-near-L2-01,alt:port:0:-40:-1:14,-20.623330930546086,20.245651322627868,-5.042752117286885,-2.187780390469115,-30.12697250203081,0.0,-1.7710987353303025,-35.09574776920125,1.200841319170563
g1_conflict:G-CRS-near-L2-01,alt:port:1:-70:-1:14,-21.724219014199996,20.14518495064393,-5.057915318198266,-1.4949943248613393,-40.21118171213212,-0.0015600660002989882,-3.7488346922322457,-30.474617871748286,0.8882627721705401
g1_conflict:G-CRS-near-L2-01,alt:speed:0:+0:-1:4,-13.7366825144511,23.010663509443578,-5.00943912777496,-5.512710068532638,-25.96694106928586,0.0,-1.5630126653045064,-24.990136596495883,1.8875647833468536
g1_conflict:G-CRS-near-L2-01,alt:speed:1:+0:-1:4,-12.105830223097874,23.860803978170605,-5.00943912777496,-5.737652127870169,-27.674017407552512,0.0,-2.4157920934352957,-28.34749788703322,1.8875647833468536
g1_conflict:G-CRS-near-L2-01,alt:starboard:1:+70:+0:8,-16.549519828379683,25.3057325224098,-5.0139267660937215,-1.626039853663505,-15.836801468326946,-3.7796007499913413,-0.2624448367995997,-9.031423908535801,1.7950553275045067
g1_conflict:G-CRS-near-L2-01,alt:port:0:-70:-1:4,-18.788825598393743,21.232005678172804,-5.029783106480025,-1.1136880711036594,-37.34757139806696,0.0,-1.7268713990613302,-35.43708382397324,1.468188205736805
g1_conflict:G-CRS-near-L2-01,alt:port:1:-40:-1:14,-18.597086908906668,21.152414436815388,-5.042752117286885,-3.1447264561647756,-21.955255466857047,0.0,-2.9688090218089753,-30.070452293461834,1.200841319170563
g1_conflict:G-CRS-near-L2-01,alt:speed:0:+0:-1:8,-13.7366825144511,23.010663509443578,-5.00943912777496,-5.512710068532638,-25.96694106928586,0.0,-1.5630126653045064,-24.990136596495883,1.8875647833468536
g1_conflict:G-CRS-near-L2-01,alt:speed:1:+0:-1:8,-12.105830223097874,23.860803978170605,-5.00943912777496,-5.737652127870169,-27.674017407552512,0.0,-2.4157920934352957,-28.34749788703322,1.8875647833468536
g1_conflict:G-CRS-near-L2-01,alt:port:0:-70:-1:8,-18.788825598393743,21.232005678172804,-5.029783106480025,-1.1136880711036594,-37.34757139806696,0.0,-1.7268713990613302,-35.43708382397324,1.468188205736805
g1_conflict:G-CRS-near-L2-01,alt:port:1:-70:-1:4,-16.4223412363013,22.281219966960414,-5.026112635965683,-1.7136273707367669,-31.664568651105498,0.0,-3.7497047695120402,-38.360890694994666,1.543852331463605
g1_conflict:G-CRS-near-L2-01,alt:port:1:-70:-1:8,-16.4223412363013,22.281219966960414,-5.026112635965683,-1.7136273707367669,-31.664568651105498,0.0,-3.7497047695120402,-38.360890694994666,1.543852331463605
g1_conflict:G-CRS-near-L2-01,alt:port:1:-20:-1:4,-11.832230736895848,23.96979537489367,-5.004720215816593,-5.273793583094615,-26.617508448249716,0.0,-2.4024630614058737,-28.65151790227998,1.9848417799380111
g1_conflict:G-CRS-near-L2-01,alt:port:1:-20:-1:8,-11.832230736895848,23.96979537489367,-5.004720215816593,-5.273793583094615,-26.617508448249716,0.0,-2.4024630614058737,-28.65151790227998,1.9848417799380111
g1_conflict:G-CRS-near-L3-02,sac,-11.549916138689758,16.155875944831312,-3.4124035543497997,-3.8540892793407937,-11.506675577383929,0.0,0.0,-55.67840650006557,-104.4279343477325
g1_conflict:G-CRS-near-L3-02,alt:port:0:-70:+0:4,-26.3208196196544,20.10461441134288,-5.050904120084833,-0.5685023419179125,-17.65923503191257,-6.84079744613512,0.0,-66.69409839467156,1.0327936091511085
g1_conflict:G-CRS-near-L3-02,alt:port:0:-70:+0:8,-26.3208196196544,20.10461441134288,-5.050904120084833,-0.5685023419179125,-17.65923503191257,-6.84079744613512,0.0,-66.69409839467156,1.0327936091511085
g1_conflict:G-CRS-near-L3-03,sac,-19.614981135570943,24.892536438430742,-4.7793914952784915,-5.612468997554419,-16.742880227757745,0.0,0.0,-5.830304774023844,6.629832272038515
g1_conflict:G-CRS-near-L3-03,alt:starboard:1:+40:-1:4,-17.820307291909433,21.38318112312309,-5.022253005137024,-1.0913079937433872,-21.70673043255475,0.0,-0.19283080896755755,-12.469141641208061,1.6234158618441348
g1_conflict:G-CRS-near-L3-03,alt:starboard:0:+20:-1:4,-17.707120669472115,21.13166497079351,-5.0139267660937215,-3.028347242660489,-10.943912241446672,0.0,-0.03809541573191366,-4.315212324008855,1.7950553275045067
g1_conflict:G-CRS-near-L3-03,alt:starboard:2:+20:-1:4,-13.111893250936435,23.184794178044736,-4.999758111366748,-2.8462572162127375,-13.349013147780934,0.0,-4.568020642608477,-7.654540176123709,2.087132015888835
g1_conflict:G-CRS-near-L3-03,alt:starboard:1:+40:-1:8,-17.820307291909433,21.38318112312309,-5.022253005137024,-1.0913079937433872,-21.70673043255475,0.0,-0.19283080896755755,-12.469141641208061,1.6234158618441348
g1_conflict:G-CRS-near-L3-03,alt:starboard:0:+20:-1:8,-17.707120669472115,21.13166497079351,-5.0139267660937215,-3.028347242660489,-10.943912241446672,0.0,-0.03809541573191366,-4.315212324008855,1.7950553275045067
g1_conflict:G-CRS-near-L3-03,alt:starboard:2:+20:-1:8,-13.540990275959741,23.010501583534822,-5.004720215816593,-2.7742541065027058,-13.489078772087721,0.0,-4.568020642608477,-7.654540176123709,1.9848417799380111
g1_conflict:G-CRS-near-L3-03,alt:starboard:1:+20:-1:4,-15.157768155115358,22.251692091421393,-5.004720215816593,-2.598164323727882,-12.162545386207027,0.0,-0.6958279009386334,-6.17403289929651,1.9848417799380111
g1_conflict:G-CRS-near-L3-03,alt:starboard:0:+20:-1:14,-22.0158347239208,19.39335015667683,-5.039750013988959,-2.068206395909367,-14.881391455477111,0.0,-0.03809541573191366,-4.315212324008855,1.2627275325297418
g1_conflict:G-CRS-near-L3-03,alt:starboard:2:+20:-1:14,-18.30813916259945,21.12344415427012,-5.042752117286885,-2.1617478178542635,-16.375010390989612,0.0,-4.568020642608477,-7.654540176123709,1.200841319170563
g1_conflict:G-CRS-near-L3-03,alt:starboard:1:+20:-1:8,-15.157768155115358,22.251692091421393,-5.004720215816593,-2.598164323727882,-12.162545386207027,0.0,-0.6958279009386334,-6.17403289929651,1.9848417799380111
g1_conflict:G-CRS-near-L3-03,alt:starboard:0:+40:-1:4,-20.144282146599238,20.345144573843378,-5.022253005137024,-1.1499090640158862,-20.840852919416964,0.0,0.0,-2.322417706683994,1.6234158618441348
g1_conflict:G-CRS-near-L3-03,alt:starboard:2:+20:-0.5:4,-10.544629037161968,24.40691379307697,-4.9890535466968675,-2.7753553646113147,-13.822302776544126,0.0,-4.614928913246626,-7.958680990565794,2.3077989641363876
g1_conflict:G-CRS-near-L3-03,alt:starboard:1:+20:-1:14,-19.982985327792587,20.31881417494794,-5.039750013988959,-1.721807466803057,-15.527505561669544,0.0,-0.6958279009386334,-6.17403289929651,1.2627275325297418
g1_conflict:G-CRS-near-L3-03,alt:starboard:0:+40:-1:8,-20.144282146599238,20.345144573843378,-5.022253005137024,-1.1499090640158862,-20.840852919416964,0.0,0.0,-2.322417706683994,1.6234158618441348
g1_conflict:G-CRS-near-L3-03,alt:starboard:2:+20:-0.5:8,-11.226540626155238,24.14210326565179,-4.994540281327025,-2.6794660359441393,-14.103499191542967,0.0,-4.614928913246626,-7.958680990565794,2.1946938520632315
g1_conflict:G-CRS-near-L3-03,alt:starboard:1:+20:-0.5:4,-12.085102754278411,23.71933761353694,-4.9890535466968675,-2.5454116859579266,-13.4514793807874,0.0,-0.7733953801765892,-7.207316820669906,2.3077989641363876
g1_conflict:G-CRS-near-L3-04,sac,-10.028552088987738,7.136445661519387,-1.3277896941366174,-0.9011731990479184,-1.9789971880306005,0.0,-0.01107386373357918,-33.48611796342063,-233.34640781974392
g1_conflict:G-CRS-near-L3-05,sac,-7.835392013992203,9.404777049027906,-2.3099562266705833,-1.4808146486545237,0.0,0.0,-0.2609008926639912,-16.248856454380217,-172.60642499307843
g1_conflict:G-CRS-near-L3-05,alt:port:0:-20:+1:8,-34.068101823775464,28.01096998509146,-4.837955081369003,-3.373303037885191,-25.582499368905495,0.0,0.0,-44.8269262125804,5.422585810406311
g1_conflict:G-CRS-near-L3-05,alt:port:0:-20:+1:4,-23.40103395602083,28.01332944837116,-4.885854644723005,-2.7322776578815153,-41.64092155749597,0.0,0.0,-44.8269262125804,4.435170554047622
g1_conflict:G-CRS-near-L3-05,alt:port:0:-20:+0:14,-10.847664458893377,26.05910184437367,-4.983284049286526,-2.337537649991947,-32.46863628599618,0.0,-0.24330541141536027,-54.32524807231138,2.4267330287830675
g1_conflict:G-CRS-near-L1-06,sac,-23.891195590272762,23.683081304935587,-4.727061183827396,-5.2632162991046805,-15.991559582502752,0.0,-0.0027015443698354866,0.0,7.708584232989255
g1_conflict:G-CRS-near-L1-06,alt:port:0:-20:-1:14,-30.160014456769428,16.553168165257553,-5.065761648421189,-2.3551642089842377,-25.43693145961128,0.0,-0.5826942689173629,0.0,0.726516283767633
g1_conflict:G-CRS-near-L1-06,alt:port:1:-20:-1:14,-28.17158873618624,17.82433649210481,-5.06394535771177,-1.5747970452255424,-20.073506732213563,0.0,-1.534188840603283,0.0,0.7639578183221043
g1_conflict:G-CRS-near-L1-06,alt:starboard:1:+70:+0:14,-15.932767753579865,24.231994831708736,-5.022253005137024,-1.4399203801575555,-22.765997112022415,-0.12403119994333395,-0.03985651776850291,0.0,1.6234158618441348
g1_conflict:G-CRS-near-L1-06,alt:port:2:-20:-1:14,-24.780765792227918,19.516305067194534,-5.05569466126784,-1.3855370294619864,-28.557254530912413,0.0,-0.4815306022873967,0.0,0.9340400272999115
g1_conflict:G-CRS-near-L1-06,alt:port:3:-40:-0.5:8,-19.33150106793789,22.509883615322554,-5.026112635965683,-1.4166750857477237,-32.69864428521432,0.0,-0.03926345235393228,0.0,1.543852331463605
g1_conflict:G-CRS-near-L1-06,alt:starboard:2:+70:+1:8,-29.04212220578844,27.229536877967046,-4.896399152389277,-2.565642873252844,-19.05767316308535,-3.5315406018780857,-0.12627050800493506,0.0,4.2178030665087585
g1_conflict:G-CRS-near-L1-06,alt:starboard:0:+70:-0.5:14,-23.419907262069678,19.19988329808042,-5.045607087651986,-1.0164673922151728,-17.958798693243946,0.0,-0.0036261604766629836,0.0,1.1419881460399952
g1_conflict:G-CRS-near-L1-06,alt:speed:0:+0:-0.5:14,-19.977469367477863,20.489626133797657,-5.018194465482414,-2.5646946984868184,-31.198424441897096,0.0,-0.0036261604766629836,0.0,1.7070797554767716
g1_conflict:G-CRS-near-L1-06,alt:speed:1:+0:-0.5:14,-18.979917390323234,20.966828934325665,-5.018194465482414,-2.8564889372988844,-35.47227059937965,0.0,-0.02324533896616682,0.0,1.7070797554767716
g1_conflict:G-CRS-near-L1-06,alt:speed:2:+0:-0.5:14,-18.013537033123164,21.43787095675643,-5.018194465482414,-2.669387447606816,-37.79360474564709,0.0,-0.03491070181298947,0.0,1.7070797554767716
g1_conflict:G-CRS-near-L1-06,alt:speed:3:+0:-0.5:14,-17.245146593945538,21.823620397583575,-5.018194465482414,-2.5554138587971784,-40.144649824338835,0.0,-0.038583082120371925,0.0,1.7070797554767716
g1_conflict:G-CRS-near-L1-06,alt:starboard:3:+40:+0:4,-7.641291270164417,26.133884219990797,-4.941858199159086,-2.9012995826048806,-39.1689298085799,0.0,-0.03985651776850291,0.0,3.2806973148697316
g1_conflict:G-CRS-near-L1-06,alt:port:0:-20:-0.5:14,-26.90809708493215,19.027851691688692,-5.048322136061955,-3.0147392682775207,-16.44909950640925,0.0,-1.164060495860764,0.0,1.0860193639877835
g1_conflict:G-CRS-near-L1-06,alt:port:1:-20:-0.5:14,-25.698607247550992,19.89516626243055,-5.048322136061955,-1.816287105404429,-13.749686536425335,0.0,-4.063526897791878,0.0,1.0860193639877835
g1_conflict:G-CRS-near-L1-06,alt:starboard:1:+70:-0.5:14,-21.15075742418949,20.15114114919795,-5.036593195157635,-1.7739902903200784,-25.92504860397829,0.0,-0.02324533896616682,0.0,1.327803096007705
g1_conflict:G-CRS-near-L1-06,alt:port:2:-70:-0.5:8,-21.676776927503926,21.662803635529784,-5.033273687417616,-1.3683217100105938,-15.794225533261548,0.0,-1.1710006658283885,0.0,1.3962323750362355
g1_conflict:G-CRS-near-L2-07,sac,-37.07958935926296,26.897533516656768,-4.482922252776128,-4.8036213910750805,-25.506612230078524,0.0,0.0,-41.72393514904948,12.741333767875854
g1_conflict:G-CRS-near-L2-07,alt:port:0:-20:+1:14,-42.217299845160156,27.62873128135957,-4.6662161130613296,-4.562617284912615,-15.857922846241362,0.0,0.0,-41.09933258507544,8.962861870232441
g1_conflict:G-CRS-near-L2-07,alt:port:1:-20:+1:14,-36.69347982111914,27.427950669708558,-4.595470831142124,-4.999386514502102,-16.356752683245432,0.0,0.0,-42.674949833756166,10.421225282987521
g1_conflict:G-CRS-near-L2-07,alt:port:2:-20:+1:4,-15.61703123660887,28.825812196130734,-4.863107367762888,-5.923774681854834,-23.64935336370227,0.0,0.0,-48.70963144443282,4.904089407128558
g1_conflict:G-CRS-near-L2-07,alt:speed:0:+0:+1:14,-39.23807169583003,27.230831138838276,-4.542022041543818,-4.578692080207292,-22.266248609666913,0.0,0.0,-41.032094405858125,11.523033871371311
g1_conflict:G-CRS-near-L2-07,alt:speed:1:+0:+1:4,-16.640545289318098,28.71345546994748,-4.885854644723005,-5.071739746177895,-26.62406231001118,0.0,0.0,-42.568198526224684,4.435170554047622
g1_conflict:G-CRS-near-L2-07,alt:speed:2:+0:+1:4,-14.506530823480139,28.834720226650802,-4.885854644723005,-5.5905193426827395,-26.876726321197722,0.0,0.0,-48.58152568788492,4.435170554047622
g1_conflict:G-CRS-near-L2-07,alt:speed:3:+0:+1:4,-12.627180956372518,28.870624604788517,-4.885854644723005,-5.101942674118631,-25.074144659212337,0.0,0.0,-54.41781435744481,4.435170554047622
g1_conflict:G-CRS-near-L2-07,alt:port:3:-20:+1:8,-25.933962839473583,28.321352824013562,-4.837955081369003,-3.993118111292251,-21.79026083943735,0.0,0.0,-49.96846347553806,5.422585810406311
g1_conflict:G-CRS-near-L2-07,alt:port:0:-20:+1:4,-23.56443934993987,28.632284278123716,-4.8508471442450665,-5.407655110629595,-25.779684464906595,0.0,0.0,-41.09933258507544,5.1568251504253295
g1_conflict:G-CRS-near-L2-07,alt:port:1:-20:+1:4,-20.0739022428813,28.65374722719509,-4.8508471442450665,-5.615812481980691,-23.06134864801206,0.0,0.0,-42.674949833756166,5.1568251504253295
g1_conflict:G-CRS-near-L2-07,alt:port:2:-20:+1:8,-26.2469933575934,28.323863381294725,-4.7793914952784915,-5.546143918586799,-21.588825040215056,0.0,0.0,-48.70963144443282,6.629832272038515
g1_conflict:G-CRS-near-L2-07,alt:speed:0:+0:+1:4,-22.902803923748905,28.66209934064686,-4.874766718337886,-4.9913690901707115,-26.127761057111496,0.0,0.0,-41.032094405858125,4.663740229999249
g1_conflict:G-CRS-near-L2-07,alt:speed:1:+0:+1:14,-34.57104722851867,27.244859837645702,-4.542022041543818,-4.670384633488551,-23.044017485824135,0.0,0.0,-42.568198526224684,11.523033871371311
g1_conflict:G-CRS-near-L2-07,alt:speed:2:+0:+1:14,-30.738530814222337,27.408536916086284,-4.569417767934655,-5.071103285325168,-23.531370234274693,0.0,0.0,-48.58152568788492,10.958290556334791
g1_conflict:G-CRS-near-L2-07,alt:speed:3:+0:+1:14,-27.430633658722773,27.416506607607932,-4.569417767934655,-4.782073858671626,-23.261950261089968,0.0,0.0,-54.41781435744481,10.958290556334791
g1_conflict:G-CRS-near-L2-07,alt:port:0:-20:+1:8,-33.12818170890074,28.241598389629324,-4.7793914952784915,-4.8662693689106575,-24.972227229117028,0.0,0.0,-41.09933258507544,6.629832272038515
g1_conflict:G-CRS-near-L1-08,sac,-1.9089396014755287,11.319236553138685,-2.0148660223919674,-2.0333747845426338,-24.80714869064003,0.0,0.0,-23.019961618913232,-190.85564581916123
g1_conflict:G-CRS-near-L1-08,alt:starboard:0:+20:-0.5:4,-10.764189514934554,24.72597984762607,-4.9772172167145685,-4.731293660243942,-44.71242022257397,0.0,0.0,-12.287273013863674,2.5517964452291038
g1_conflict:G-CRS-near-L1-08,alt:speed:0:+0:-0.5:4,-11.03004860915538,24.62542392807836,-4.9772172167145685,-4.85548285394997,-51.024225003149475,0.0,0.0,-12.123275949436108,2.5517964452291038
g1_conflict:G-CRS-near-L1-08,alt:speed:1:+0:-0.5:4,-9.7992064323807,25.26551341270571,-4.9772172167145685,-4.916291508487905,-55.87325971788527,0.0,0.0,-13.515484542242524,2.5517964452291038
g1_conflict:G-CRS-near-L1-08,alt:starboard:1:+40:-0.5:4,-10.16493703341273,25.057376443021564,-4.9772172167145685,-4.307204503242631,-47.698452765037416,0.0,0.0,-12.037857181356067,2.5517964452291038
g1_conflict:G-CRS-near-L1-08,alt:speed:2:+0:-0.5:4,-8.512925491293837,25.868372755805435,-4.970837725601496,-5.2103267237546795,-58.20738722470259,0.0,0.0,-12.343144178327709,2.683305093988559
g1_conflict:G-CRS-near-L1-08,alt:starboard:2:+40:-0.5:4,-8.334869715823903,25.896182841277717,-4.9641294628665245,-5.234160441430998,-55.847760659567925,0.0,0.0,-11.944093698076205,2.8215911347029534
g1_conflict:G-CRS-near-L1-08,alt:starboard:3:+20:+0:4,-2.5973299637246265,28.5496703248761,-4.933656455871912,-5.041424445255392,-52.845573107489166,0.0,0.0,-13.544635072373215,3.449770389516387
g1_conflict:G-CRS-near-L1-08,alt:speed:3:+0:+0:4,-3.18096869051497,28.28289184458904,-4.941858199159086,-4.659547459910924,-46.703946748420215,0.0,0.0,-12.253716984190554,3.2806973148697316
g1_conflict:G-CRS-near-L1-08,alt:starboard:0:+20:-0.5:8,-10.764189514934554,24.72597984762607,-4.9772172167145685,-4.731293660243942,-44.71242022257397,0.0,0.0,-12.287273013863674,2.5517964452291038
g1_conflict:G-CRS-near-L1-08,alt:speed:0:+0:-0.5:8,-11.03004860915538,24.62542392807836,-4.9772172167145685,-4.85548285394997,-51.024225003149475,0.0,0.0,-12.123275949436108,2.5517964452291038
g1_conflict:G-CRS-near-L1-08,alt:speed:1:+0:-0.5:8,-10.47510084702119,24.933043473581144,-4.9772172167145685,-4.685678959778098,-56.385815626774914,0.0,0.0,-13.515484542242524,2.5517964452291038
g1_conflict:G-CRS-near-L1-08,alt:starboard:1:+40:-0.5:8,-10.542026550562182,24.86523248292266,-4.9772172167145685,-4.23003758088196,-47.276315015315845,0.0,0.0,-12.037857181356067,2.5517964452291038
g1_conflict:G-CRS-near-L1-08,alt:speed:2:+0:-0.5:8,-9.860032399359275,25.28071698040061,-4.983284049286526,-5.135274761160714,-60.38203771862823,0.0,0.0,-12.343144178327709,2.4267330287830675
g1_conflict:G-CRS-near-L1-08,alt:starboard:2:+40:-0.5:8,-9.105473780975565,25.499837502494668,-4.9641294628665245,-4.453288070409686,-52.77650495787337,0.0,0.0,-11.944093698076205,2.8215911347029534
g1_conflict:G-CRS-near-L1-08,alt:starboard:3:+20:+0:8,-2.5535941826521835,28.570209290347442,-4.933656455871912,-5.0363191908250435,-52.94744115208681,0.0,0.0,-13.544635072373215,3.449770389516387
g1_conflict:G-CRS-near-L1-08,alt:speed:3:+0:-0.5:4,-7.427235407227453,26.389704777840983,-4.9641294628665245,-5.208745062801376,-56.30772310183102,0.0,0.0,-12.57836988846697,2.8215911347029534
g1_conflict:G-CRP-near-L2-01,sac,-19.63367434901546,26.798130885331293,-4.745388151088368,-4.416660160832053,-1.3147590021529456,0.0,0.0,-45.43103162211305,7.330786904388803
g1_conflict:G-CRP-near-L2-01,alt:starboard:0:+20:-0.5:4,-19.118737995063515,20.799477734581792,-5.033273687417616,-3.2460664653883424,-4.289112616323018,0.0,0.0,-41.65597664184319,1.3962323750362355
g1_conflict:G-CRP-near-L2-01,alt:starboard:1:+20:-0.5:4,-18.09005479196217,21.485669964956585,-5.039750013988959,-1.5076598243537997,-5.87826232903617,0.0,0.0,-37.72307423249596,1.2627275325297418
g1_conflict:G-CRP-near-L2-01,alt:starboard:3:+20:-1:4,-14.582775216511019,22.754075449541062,-5.033273687417616,-1.6953157419755096,-4.662046597894284,0.0,-0.41800023821036075,-25.6559112650302,1.3962323750362355
g1_conflict:G-CRP-near-L2-01,alt:port:2:-20:-1:4,-15.6197847389381,22.313427012614813,-5.026112635965683,-4.205207524838735,-8.690436468897751,0.0,-1.4283967599674943,-20.388883054066024,1.543852331463605
g1_conflict:G-CRP-near-L2-01,alt:starboard:2:+20:-1:4,-17.607045538630498,21.537586102549582,-5.045607087651986,-1.5446527835969173,-5.72280707251507,0.0,-0.011342371308667769,-21.263832002997745,1.1419881460399952
g1_conflict:G-CRP-near-L2-01,alt:port:1:-20:-1:4,-17.9185434651549,21.25374848288123,-5.029783106480025,-3.5131305587143955,-9.929754147254984,0.0,-1.4888834444961565,-21.751524428018296,1.468188205736805
g1_conflict:G-CRP-near-L2-01,alt:speed:1:+0:-1:4,-18.390398175347578,21.091910317024567,-5.029783106480025,-2.370329854618651,-13.918303601591209,0.0,-1.6355717560577652,-22.241360383454452,1.468188205736805
g1_conflict:G-CRP-near-L2-01,alt:port:3:-20:-1:4,-14.188133266456894,23.019443859853183,-5.022253005137024,-4.521227162980114,-9.546122602636753,0.0,-2.635354685565491,-22.645245223425455,1.6234158618441348
g1_conflict:G-CRP-near-L2-01,alt:speed:2:+0:-1:4,-16.458826678094773,22.01832120457612,-5.026112635965683,-2.9904246243410206,-14.20861497559412,0.0,-2.1037592109049066,-21.19056863158634,1.543852331463605
g1_conflict:G-CRP-near-L2-01,alt:speed:0:+0:-1:4,-20.64652529653659,20.02991625002074,-5.036593195157635,-2.482103499106454,-12.956975860411395,0.0,-3.433364877152952,-12.757389089144835,1.327803096007705
g1_conflict:G-CRP-near-L2-01,alt:starboard:0:+20:-0.5:8,-19.118737995063515,20.799477734581792,-5.033273687417616,-3.2460664653883424,-4.289112616323018,0.0,0.0,-41.65597664184319,1.3962323750362355
g1_conflict:G-CRP-near-L2-01,alt:starboard:1:+20:-0.5:8,-18.852325586493837,21.20802090110815,-5.045607087651986,-1.407701571870796,-7.085374148418027,0.0,0.0,-37.72307423249596,1.1419881460399952
g1_conflict:G-CRP-near-L2-01,alt:starboard:3:+20:-1:8,-16.726149212552926,21.86032492988823,-5.050904120084833,-1.5301942990959772,-7.113686854447399,0.0,-0.41800023821036075,-25.6559112650302,1.0327936091511085
g1_conflict:G-CRP-near-L2-01,alt:port:2:-20:-1:8,-16.427559450859988,21.89552949495941,-5.029783106480025,-3.9044296586224427,-7.0807455965026165,0.0,-1.4283967599674943,-20.388883054066024,1.468188205736805
g1_conflict:G-CRP-near-L2-01,alt:starboard:2:+20:-1:8,-18.64036594262104,21.10239389972759,-5.050904120084833,-1.4950666328506061,-6.591118404362808,0.0,-0.011342371308667769,-21.263832002997745,1.0327936091511085
g1_conflict:G-CRP-near-L2-01,alt:port:1:-20:-1:8,-17.9185434651549,21.25374848288123,-5.029783106480025,-3.5131305587143955,-9.929754147254984,0.0,-1.4888834444961565,-21.751524428018296,1.468188205736805
g1_conflict:G-CRP-near-L2-02,sac,-37.18945068928039,25.062452987705512,-4.177075497950919,-6.1688426643706755,-13.914564189180092,0.0,0.0,0.0,19.04614597650271
g1_conflict:G-CRP-near-L2-02,alt:port:2:-70:+1:4,-32.15551921206063,26.494978926432335,-4.7793914952784915,-2.4069133052755394,-9.992739705812722,0.0,0.0,-1.2365877662951978,6.629832272038515
g1_conflict:G-CRP-near-L2-02,alt:port:1:-20:-1:14,-25.10890293851678,20.863132790952424,-4.9890535466968675,-2.835044398901656,-18.526443724141764,0.0,0.0,0.0,2.3077989641363876
g1_conflict:G-CRP-near-L2-02,alt:port:3:-70:+1:4,-20.896780542821617,26.679855210200643,-4.6438089583857485,-2.2947290413775123,-10.701594799854533,0.0,0.0,-4.832270546975893,9.424769345562469
g1_conflict:G-CRP-near-L2-02,alt:starboard:2:+20:+1:8,-29.480194052147954,25.41463215894446,-4.2654197187802865,-5.935741800894045,-11.929636085567632,0.0,0.0,-2.5283091458164515,17.22499301915011
g1_conflict:G-CRP-near-L2-02,alt:starboard:1:+20:+0:14,-7.904410058678703,26.920612662563528,-4.745388151088368,-5.681969202983164,-14.815874883397466,0.0,0.0,-2.4718596140090736,7.330786904388803
g1_conflict:G-CRP-near-L2-02,alt:port:0:-20:-0.5:14,-21.34925644096407,22.29019626571279,-4.933656455871912,-5.573436604584983,-25.033367162605355,0.0,0.0,0.0,3.449770389516387
g1_conflict:G-CRP-near-L2-02,alt:speed:1:+0:+1:14,-39.00336476955966,24.160447588476643,-4.026741264746108,-4.322114571186629,-19.255573010969126,0.0,0.0,-4.473837510965465,22.145178723886062
g1_conflict:G-CRP-near-L2-02,alt:speed:2:+0:+1:14,-32.690792006734995,24.160447588476643,-4.026741264746108,-4.873426867719037,-17.885617883060053,0.0,0.0,-2.5301229178059956,22.145178723886062
g1_conflict:G-CRP-near-L2-02,alt:speed:3:+0:+1:8,-23.358618433137977,25.59053285947931,-4.2654197187802865,-5.077478129502649,-18.416934138237263,0.0,0.0,-4.835256423513656,17.22499301915011
g1_conflict:G-CRP-near-L2-02,alt:starboard:0:+20:-1:8,-11.928676233093649,23.852526904694155,-4.837955081369003,-4.977938882039882,-16.62971671862452,0.0,0.0,0.0,5.422585810406311
g1_conflict:G-CRP-near-L2-02,alt:speed:0:+0:-1:8,-12.596712739419196,23.678732236052916,-4.8508471442450665,-5.750266511519848,-18.97777924120919,0.0,0.0,0.0,5.1568251504253295
g1_conflict:G-CRP-near-L2-02,alt:starboard:3:+20:-1:4,-10.468888569078674,25.252969389147232,-4.795153756586528,-6.159743083165798,-21.67420433581453,0.0,0.0,-2.458986948349593,6.304904523214537
g1_conflict:G-CRP-near-L2-02,alt:port:2:-40:+1:4,-32.15551921206063,26.494978926432335,-4.7793914952784915,-2.4069133052755394,-9.992739705812722,0.0,0.0,-1.2365877662951978,6.629832272038515
g1_conflict:G-CRP-near-L2-02,alt:port:1:-40:-0.5:8,-23.899993868431473,22.066985080418753,-4.949657975417023,-2.1108869220514928,-20.70014035288983,0.0,0.0,0.0,3.1199105031747614
g1_conflict:G-CRP-near-L2-02,alt:port:3:-40:+1:4,-20.896780542821617,26.679855210200643,-4.6438089583857485,-2.2947290413775123,-10.701594799854533,0.0,0.0,-4.832270546975893,9.424769345562469
g1_conflict:G-CRP-near-L2-02,alt:starboard:2:+20:+0:14,-9.645579486311789,26.866072787736794,-4.7793914952784915,-5.70044838081205,-11.97249849593604,0.0,0.0,-2.4717110678855976,6.629832272038515
g1_conflict:G-CRP-near-L2-03,sac,-34.270434363152575,27.558797117442474,-4.595470831142124,-4.6929342139140795,-13.32071015600694,0.0,0.0,-41.51006484135341,10.421225282987521
g1_conflict:G-CRP-near-L2-03,alt:starboard:2:+20:+1:4,-25.54908358784386,27.545487144623014,-4.941858199159086,-1.9157610754313306,-13.928864015555675,0.0,0.0,-39.85582546648853,3.2806973148697316
g1_conflict:G-CRP-near-L2-03,alt:starboard:0:+40:+0:4,-22.90325644159194,22.78632258098667,-5.022253005137024,-1.0557464502822684,-4.3114009102452595,-4.269704005244606,0.0,-57.1133760066097,1.6234158618441348
g1_conflict:G-CRP-near-L2-03,alt:starboard:2:+40:+1:4,-26.511165886030266,27.404287834793845,-4.957075485029767,-1.3355595972568675,-10.003286430360344,-12.887872832094509,0.0,-39.85582546648853,2.9670038450977003
g1_conflict:G-CRP-near-L2-03,alt:starboard:0:+40:+0:8,-22.90325644159194,22.78632258098667,-5.022253005137024,-1.0557464502822684,-4.3114009102452595,-4.269704005244606,0.0,-57.1133760066097,1.6234158618441348
g1_conflict:G-CRP-near-L2-03,alt:starboard:2:+70:+1:4,-26.511165886030266,27.404287834793845,-4.957075485029767,-1.3355595972568675,-10.003286430360344,-12.887872832094509,0.0,-39.85582546648853,2.9670038450977003
g1_conflict:G-CRP-near-L2-03,alt:starboard:0:+20:+1:4,-34.396841939771676,28.047083870782426,-4.915963137984165,-2.494382232528092,-7.505461544496216,-18.44100322975038,0.0,-39.86482460414513,3.8145054892676895
g1_conflict:G-CRP-near-L1-04,sac,-38.398558023045624,27.25213224926291,-4.542022041543818,-6.113706249373235,-28.49490401820226,0.0,0.0,-50.34349785163592,11.523033871371311
g1_conflict:G-CRP-near-L1-04,alt:starboard:0:+70:+0:4,-20.952129419675334,24.23280930185683,-5.026112635965683,-0.5829664402045515,-17.756128613318268,-0.9437118828640076,0.0,-51.037237299926375,1.543852331463605
g1_conflict:G-CRP-near-L1-04,alt:starboard:1:+70:+0:4,-14.196457490641935,26.078072498183055,-4.994540281327025,-0.9447501200215312,-43.205171746217815,0.0,0.0,-42.59522444005342,2.1946938520632315
g1_conflict:G-CRP-near-L1-04,alt:starboard:0:+40:+0:8,-16.55954262396261,25.933426988337644,-4.999758111366748,-1.955958718850489,-31.39103784804352,0.0,0.0,-53.79887718498137,2.087132015888835
g1_conflict:G-CRP-near-L1-04,alt:starboard:1:+40:+0:4,-13.285473415213467,26.27639089956708,-4.9890535466968675,-1.5617678627028428,-46.903765352982646,0.0,0.0,-42.59522444005342,2.3077989641363876
g1_conflict:G-CRP-near-L1-04,alt:starboard:0:+40:+1:4,-36.445294509167425,27.713864338846985,-4.949657975417023,-2.2600971551560356,-23.47712039738134,0.0,0.0,-42.47851612365948,3.1199105031747614
g1_conflict:G-CRP-near-L1-04,alt:starboard:1:+40:+0:8,-15.665153226634116,26.031010533701874,-5.004720215816593,-1.5432765499497432,-39.12985229799935,0.0,0.0,-42.59522444005342,1.9848417799380111
g1_conflict:G-CRP-near-L1-04,alt:starboard:0:+40:-0.5:14,-23.63232400175976,21.46858509312614,-5.048322136061955,-1.3378779188692602,-37.46105310337133,0.0,0.0,-55.3876499233132,1.0860193639877835
g1_conflict:G-CRP-near-L1-04,alt:starboard:0:+40:-1:14,-24.34788209333396,20.014703574835828,-5.050904120084833,-1.0171742256056724,-51.755053450925,0.0,-0.007724132815412992,-57.52947696434133,1.0327936091511085
g1_conflict:G-CRP-near-L2-05,sac,-9.68735440951522,12.611804869990742,-2.7005401828309017,-2.9667416927834123,-0.8274057558573709,0.0,-2.1450365138946186,0.0,-148.451597880062
g1_conflict:G-CRP-near-L2-05,alt:speed:0:+0:-1:4,-22.789338687868508,19.704738761133527,-4.999758111366748,-1.5122543955136583,-17.607064719895135,0.0,-0.1684723476192279,0.0,2.087132015888835
g1_conflict:G-CRP-near-L2-05,alt:port:0:-70:-1:4,-22.7888374748138,19.708894901179978,-4.999758111366748,-1.5718120940383495,-17.784500803089486,0.0,-0.1684723476192279,0.0,2.087132015888835
g1_conflict:G-CRP-near-L2-05,alt:speed:1:+0:-1:4,-21.74158892615539,20.452503798858004,-4.999758111366748,-1.991599001755736,-21.870587352270615,0.0,-0.410225272963938,0.0,2.087132015888835
g1_conflict:G-CRP-near-L2-05,alt:port:1:-70:-1:4,-21.742067184657664,20.47660708744936,-4.999758111366748,-2.1731606548644424,-22.403994334320974,0.0,-0.410225272963938,0.0,2.087132015888835
g1_conflict:G-CRP-near-L2-05,alt:speed:2:+0:-1:4,-20.783914198521913,21.122511892925385,-4.994540281327025,-1.9134289742774537,-26.322042849079953,0.0,-0.7587078449154865,0.0,2.1946938520632315
g1_conflict:G-CRP-near-L2-05,alt:port:2:-70:-1:4,-20.78343024221829,21.12938959675037,-4.994540281327025,-1.9400452518769205,-26.553253707597843,0.0,-0.7587078449154865,0.0,2.1946938520632315
g1_conflict:G-CRP-near-L2-05,alt:speed:0:+0:-1:8,-22.789338687868508,19.704738761133527,-4.999758111366748,-1.5122543955136583,-17.607064719895135,0.0,-0.1684723476192279,0.0,2.087132015888835
g1_conflict:G-CRP-near-L2-05,alt:port:0:-70:-1:8,-22.7888374748138,19.708894901179978,-4.999758111366748,-1.5718120940383495,-17.784500803089486,0.0,-0.1684723476192279,0.0,2.087132015888835
g1_conflict:G-CRP-near-L2-05,alt:speed:1:+0:-1:8,-22.788015164245845,20.008869519234548,-5.004720215816593,-1.9318879048922164,-22.55073255393526,0.0,-0.410225272963938,0.0,1.9848417799380111
g1_conflict:G-CRP-near-L2-05,alt:port:1:-70:-1:8,-22.789285708033685,20.055007011615547,-5.004720215816593,-2.1049289792936774,-23.88370967813759,0.0,-0.410225272963938,0.0,1.9848417799380111
g1_conflict:G-CRP-near-L2-05,alt:speed:2:+0:-0.5:4,-18.94837909896845,22.007696179388876,-4.983284049286526,-1.9441949088930255,-27.188401009947956,0.0,-0.9438502901851232,0.0,2.4267330287830675
g1_conflict:G-CRP-near-L2-05,alt:speed:0:+0:-0.5:4,-20.376673522160193,21.0035681466534,-4.9890535466968675,-1.5648372727156412,-21.727069570179392,0.0,-0.333325057818763,0.0,2.3077989641363876
g1_conflict:G-CRP-near-L2-05,alt:port:0:-70:-0.5:4,-20.37409432949524,21.009797813013456,-4.9890535466968675,-1.6098918827072266,-21.94682080579428,0.0,-0.333325057818763,0.0,2.3077989641363876
g1_conflict:G-CRP-near-L2-05,alt:speed:1:+0:-0.5:4,-19.640443979829424,21.539094300181635,-4.9890535466968675,-2.020399244251602,-24.920820919822066,0.0,-0.6043077184601763,0.0,2.3077989641363876
g1_conflict:G-CRP-near-L2-05,alt:port:1:-70:-0.5:4,-19.635248017990055,21.57141225813619,-4.9890535466968675,-2.181696713240287,-25.722748525521,0.0,-0.6043077184601763,0.0,2.3077989641363876
g1_conflict:G-CRP-near-L2-05,alt:speed:0:+0:-0.5:8,-20.376673522160193,21.0035681466534,-4.9890535466968675,-1.5648372727156412,-21.727069570179392,0.0,-0.333325057818763,0.0,2.3077989641363876
g1_conflict:G-CRP-near-L2-06,sac,-8.163549015291599,14.574757977901013,-2.4467453872682734,-1.9782210234313242,-15.365772563589434,0.0,0.0,-8.154192504695466,-164.14699271722827
g1_conflict:G-CRP-near-L2-06,alt:port:1:-70:+1:8,-35.43176864851147,28.020574491098493,-4.8508471442450665,-1.62144389768278,-8.871039640746378,0.0,0.0,-5.781531775140561,5.1568251504253295
g1_conflict:G-CRP-near-L2-06,alt:port:3:-40:+1:8,-29.065750708750706,28.403490036038736,-4.885854644723005,-1.9243520445809865,-4.40686924402227,0.0,0.0,-6.488481466904257,4.435170554047622
g1_conflict:G-CRP-near-L2-06,alt:port:2:-70:+0:14,-14.483558986379764,24.92356574071319,-5.00943912777496,-0.5577615997518405,-7.60505787059697,0.0,0.0,-6.362269708687088,1.8875647833468536
g1_conflict:G-CRP-near-L2-06,alt:port:0:-70:+0:8,-6.317339127840055,26.49234447885184,-4.925032029898121,-0.7200481181044139,-14.408794944266194,0.0,0.0,-6.362269708687088,3.6275567655825034
g1_conflict:G-CRP-near-L2-06,alt:speed:2:+0:+1:4,-12.194781758421762,28.401769978381175,-4.745388151088368,-5.193705901045456,-21.846193301119364,0.0,0.0,-6.34031576794149,7.330786904388803
g1_conflict:G-CRP-near-L2-06,alt:speed:1:+0:+1:4,-14.146770028421235,28.37225938837184,-4.745388151088368,-4.793772046009493,-25.614118401775155,0.0,0.0,-5.789500407304689,7.330786904388803
g1_conflict:G-CRP-near-L2-06,alt:speed:3:+0:+1:4,-11.107491520769017,28.430201365900896,-4.745388151088368,-4.140033905090444,-21.44049608190951,0.0,0.0,-6.517667102237727,7.330786904388803
g1_conflict:G-CRP-near-L2-06,alt:speed:0:+0:+1:4,-18.417883239070918,28.369909373605655,-4.745388151088368,-4.372692880922172,-29.062855584815317,0.0,0.0,-4.897281411233797,7.330786904388803
g1_conflict:G-CRP-near-L2-06,alt:starboard:1:+70:-1:8,-24.24296654406551,21.486392006929037,-5.026112635965683,-0.6210009385520289,-32.114686769559746,0.0,0.0,-14.768833370278298,1.543852331463605
g1_conflict:G-CRP-near-L2-06,alt:starboard:0:+20:-1:14,-28.488340434238715,19.014891375174475,-5.048322136061955,-1.1929622678715168,-33.79331754269793,-2.4288091974450055,0.0,-14.913323411108983,1.0860193639877835
g1_conflict:G-CRP-near-L2-06,alt:port:1:-70:+1:4,-13.317131955304047,28.291656264089536,-4.795153756586528,-0.9972945960356406,-18.58970760552172,0.0,0.0,-5.781531775140561,6.304904523214537
g1_conflict:G-CRP-near-L2-06,alt:port:3:-40:+0:14,-12.278498543591962,25.85948139754574,-4.983284049286526,-0.5166023519030346,-10.089309961077312,0.0,0.0,-6.362269708687088,2.4267330287830675
g1_conflict:G-CRP-near-L2-06,alt:port:2:-70:-0.5:8,-12.67056698285842,23.74624582410261,-4.970837725601496,-0.9037980362488928,-16.443002974637857,0.0,0.0,-6.251062414318725,2.683305093988559
g1_conflict:G-CRP-near-L2-06,alt:port:0:-70:+1:4,-17.339557097723535,28.386763028381846,-4.762816914598395,-2.855340472335045,-25.838063727829915,0.0,0.0,-4.896128154258504,6.971505404010974
g1_conflict:G-CRP-near-L2-06,alt:speed:2:+0:+1:8,-23.988370426168018,27.416506607607932,-4.569417767934655,-4.886466516826254,-22.790553937383404,0.0,0.0,-6.34031576794149,10.958290556334791
g1_conflict:G-CRP-near-L2-06,alt:speed:1:+0:+1:8,-26.87621110954248,27.569520185090095,-4.595470831142124,-4.6382540210273255,-24.194498711977175,0.0,0.0,-5.789500407304689,10.421225282987521
g1_conflict:G-CRP-near-L1-07,sac,-20.570174750039424,17.36841276740462,-2.9300676466682667,-3.407833300204962,-0.5707121795021273,0.0,-0.002315485196715196,-4.22747764007803,-134.25696412914309
g1_conflict:G-CRP-near-L1-07,alt:port:2:-20:-1:4,-14.799653927765613,23.4263940617703,-4.994540281327025,-5.541049186786774,-28.46580605089305,0.0,0.0,-6.088806132374922,2.1946938520632315
g1_conflict:G-CRP-near-L1-07,alt:port:1:-20:-1:4,-16.438955067708335,22.511006831878564,-4.999758111366748,-4.920409688944484,-33.46212491122876,0.0,0.0,-5.9475043637841924,2.087132015888835
g1_conflict:G-CRP-near-L1-07,alt:port:3:-20:-1:4,-12.347710589836272,24.394077145331,-4.983284049286526,-5.061631756922671,-36.69978870845141,0.0,0.0,-4.734626527055016,2.4267330287830675
g1_conflict:G-CRP-near-L1-07,alt:speed:3:+0:-1:4,-12.781315181767464,24.24713679559098,-4.9890535466968675,-5.163285355785491,-36.17624119795588,0.0,0.0,-4.951296646374641,2.3077989641363876
g1_conflict:G-CRP-near-L1-07,alt:speed:2:+0:-1:4,-14.313839864189797,23.487410904278086,-4.994540281327025,-5.1726959925157825,-36.31609348739021,0.0,0.0,-5.535025673731282,2.1946938520632315
g1_conflict:G-CRP-near-L1-07,alt:speed:1:+0:-1:4,-16.072360507796667,22.60564373514647,-4.999758111366748,-4.7040286139403,-36.77223690974887,0.0,0.0,-5.797753918923964,2.087132015888835
g1_conflict:G-CRP-near-L1-07,alt:speed:0:+0:-1:4,-17.504931077697666,21.84349711113702,-4.999758111366748,-4.711568892099624,-36.14828512512856,0.0,0.0,-5.3426445024394456,2.087132015888835
g1_conflict:G-CRP-near-L1-07,alt:port:0:-20:-1:4,-16.996117733402052,21.99549487096154,-4.994540281327025,-4.26492002868919,-37.77806010109622,0.0,0.0,-5.180767511606145,2.1946938520632315
g1_conflict:G-CRP-near-L1-07,alt:starboard:3:+20:-1:4,-16.6110341025911,23.38411504056609,-5.004720215816593,-2.028761866774219,-17.224975723359673,0.0,-0.026337569617279847,-4.370129516839535,1.9848417799380111
g1_conflict:G-CRP-near-L1-07,alt:starboard:0:+20:-1:4,-24.516749639560175,19.865196960161175,-5.026112635965683,-1.2252005994357977,-5.459624056370947,0.0,0.0,-6.373571469429514,1.543852331463605
g1_conflict:G-CRP-near-L1-07,alt:port:2:-20:-1:8,-14.799653927765613,23.4263940617703,-4.994540281327025,-5.541049186786774,-28.46580605089305,0.0,0.0,-6.088806132374922,2.1946938520632315
g1_conflict:G-CRP-near-L1-07,alt:port:1:-20:-1:8,-16.438955067708335,22.511006831878564,-4.999758111366748,-4.920409688944484,-33.46212491122876,0.0,0.0,-5.9475043637841924,2.087132015888835
g1_conflict:G-CRP-near-L1-07,alt:port:3:-20:-1:8,-13.263955085112206,23.96707106891922,-4.9890535466968675,-5.12260887555806,-37.99139055010583,0.0,0.0,-4.996514788717496,2.3077989641363876
g1_conflict:G-CRP-near-L1-07,alt:speed:3:+0:-1:8,-13.627548800342112,23.856577062762682,-4.994540281327025,-5.198699174327034,-35.948329101712794,0.0,0.0,-5.446836545575252,2.1946938520632315
g1_conflict:G-CRP-near-L1-07,alt:speed:2:+0:-1:8,-14.313839864189797,23.487410904278086,-4.994540281327025,-5.1726959925157825,-36.31609348739021,0.0,0.0,-5.535025673731282,2.1946938520632315
g1_conflict:G-CRP-near-L1-07,alt:speed:1:+0:-1:8,-16.072360507796667,22.60564373514647,-4.999758111366748,-4.7040286139403,-36.77223690974887,0.0,0.0,-5.797753918923964,2.087132015888835
g1_conflict:G-CRP-near-L1-08,sac,-16.32122884881284,15.908033146513484,-2.7005401828309017,-2.416565569180719,-6.436924585976185,0.0,0.0,-27.827041861511884,-148.451597880062
g1_conflict:G-CRP-near-L1-08,alt:starboard:0:+20:-1:4,-25.997317445060972,19.315369129015398,-5.029783106480025,-1.5590960652875643,-20.74666912266643,0.0,-2.113603543132175,-5.06213502917504,1.468188205736805
g1_conflict:G-CRP-near-L1-08,alt:speed:1:+0:-1:4,-17.81468401000969,22.475072936801407,-4.9890535466968675,-4.37968675751228,-52.95223858448739,0.0,-0.20342178858634966,-4.143348515825823,2.3077989641363876
g1_conflict:G-CRP-near-L1-08,alt:speed:0:+0:-0.5:14,-17.952973390002253,22.381193089587253,-4.994540281327025,-4.535265329228398,-49.14024947476714,0.0,-0.6480354005891049,-4.5129548909599135,2.1946938520632315
g1_conflict:G-CRP-near-L1-08,alt:port:3:-20:-1:4,-13.942639930826457,24.320264356431853,-4.970837725601496,-5.271906472272588,-53.5532125745102,0.0,-0.050332430299987685,-4.142605290642466,2.683305093988559
g1_conflict:G-CRP-near-L1-08,alt:port:2:-20:-1:14,-19.754291388717352,21.670149509816653,-5.018194465482414,-5.051914903148761,-51.03161283007899,0.0,-0.7153213606602167,-4.142605290642466,1.7070797554767716
g1_conflict:G-CRP-near-L1-08,alt:starboard:0:+20:-1:8,-25.997317445060972,19.315369129015398,-5.029783106480025,-1.5590960652875643,-20.74666912266643,0.0,-2.113603543132175,-5.06213502917504,1.468188205736805
g1_conflict:G-CRP-near-L1-08,alt:speed:1:+0:-1:8,-17.81468401000969,22.475072936801407,-4.9890535466968675,-4.37968675751228,-52.95223858448739,0.0,-0.20342178858634966,-4.143348515825823,2.3077989641363876
g1_conflict:G-CRP-near-L1-08,alt:speed:0:+0:-0.5:4,-16.37294830937431,23.182344521498628,-4.9772172167145685,-4.590179489692484,-49.35897649691113,0.0,-0.6480354005891049,-4.5129548909599135,2.5517964452291038
g1_conflict:G-CRP-near-L1-08,alt:port:3:-20:-1:8,-15.046082752683654,23.762485896666316,-4.9772172167145685,-5.171324632545013,-53.28778797793514,0.0,-0.050332430299987685,-4.142605290642466,2.5517964452291038
g1_conflict:G-CRP-near-L1-08,alt:port:2:-20:-1:4,-16.374318352227473,23.271230909824926,-4.983284049286526,-4.881236407732341,-51.58848865743089,0.0,-0.7153213606602167,-4.142605290642466,2.4267330287830675
g1_conflict:G-CRP-near-L1-08,alt:speed:1:+0:-1:14,-20.582316981465393,21.05223345056394,-5.0139267660937215,-4.400522169449191,-52.4510995957829,0.0,-0.20342178858634966,-4.143348515825823,1.7950553275045067
g1_conflict:G-CRP-near-L1-08,alt:speed:0:+0:-0.5:8,-16.37294830937431,23.182344521498628,-4.9772172167145685,-4.590179489692484,-49.35897649691113,0.0,-0.6480354005891049,-4.5129548909599135,2.5517964452291038
g1_conflict:G-CRP-near-L1-08,alt:port:3:-20:-1:14,-18.356905775400215,22.311369404209195,-5.018194465482414,-4.589464842544489,-51.143271132528774,0.0,-0.050332430299987685,-4.142605290642466,1.7070797554767716
g1_conflict:G-CRP-near-L1-08,alt:port:2:-20:-1:8,-16.374318352227473,23.271230909824926,-4.983284049286526,-4.881236407732341,-51.58848865743089,0.0,-0.7153213606602167,-4.142605290642466,2.4267330287830675
g1_conflict:G-CRP-near-L1-08,alt:speed:0:+0:-1:4,-19.676940122601348,21.49047583178264,-4.994540281327025,-4.335190558906614,-52.67823283195145,0.0,0.0,-4.659854794075408,2.1946938520632315
g1_conflict:G-CRP-near-L1-08,alt:speed:0:+0:-1:8,-19.676940122601348,21.49047583178264,-4.994540281327025,-4.335190558906614,-52.67823283195145,0.0,0.0,-4.659854794075408,2.1946938520632315
dev_v2:020,sac,-18.161239729136593,25.91621502234351,-4.762816914598395,-4.627366037928649,-1.8236907396720001,0.0,0.0,-5.122150112687811,6.971505404010974
dev_v2:020,alt:port:0:-20:-1:4,-22.655151356283923,20.209458444012235,-5.048322136061955,-1.2744027733225365,-1.7390050213329757,0.0,-0.1189248432176039,-8.997116758600782,1.0860193639877835
dev_v2:020,alt:starboard:1:+40:-1:8,-17.536194793274365,22.121856885290427,-5.0139267660937215,-2.556882894785022,-2.66652311391819,0.0,0.0,-6.894526350288848,1.7950553275045067
dev_v2:020,alt:starboard:0:+20:-1:8,-18.19390271358357,21.781975637711952,-5.00943912777496,-2.96715426501723,-2.710187629347579,0.0,0.0,-4.647256409427902,1.8875647833468536
dev_v2:020,alt:starboard:2:+40:-0.5:4,-12.493542640900678,24.64065194980603,-4.9890535466968675,-3.256200135859442,-3.4607294462661504,0.0,0.0,-7.745193367035844,2.3077989641363876
dev_v2:020,alt:speed:3:+0:-1:8,-16.375387005216513,22.7697579714633,-5.018194465482414,-1.0683491325390377,-2.664137125003945,0.0,-1.720599070844781e-05,-8.016256760457262,1.7070797554767716
dev_v2:020,alt:starboard:3:+40:-0.5:4,-11.670659593961773,25.092324862733157,-4.983284049286526,-2.2566997602980936,-3.645956072686981,0.0,-3.9884965145320394e-05,-8.016256760457262,2.4267330287830675
dev_v2:020,alt:speed:2:+0:-1:8,-17.062379108207654,22.41340433977777,-5.0139267660937215,-1.1625419750740487,-2.746646518201247,0.0,0.0,-7.750154095130663,1.7950553275045067
dev_v2:020,alt:speed:0:+0:-1:14,-23.12259262061223,19.41308286119515,-5.042752117286885,-0.6210293673939423,-1.970485635985389,0.0,0.0,-4.647256409427902,1.200841319170563
dev_v2:020,alt:speed:1:+0:-1:14,-21.896179635580012,19.992835817020563,-5.042752117286885,-0.6947200953296285,-1.881010933857462,0.0,0.0,-6.894526350288848,1.200841319170563
dev_v2:020,alt:port:1:-20:-1:4,-21.67712112765571,21.224848655930437,-5.050904120084833,-0.9559897068372192,-2.93985670263875,0.0,-1.012436803532266,-14.538706154954824,1.0327936091511085
dev_v2:020,alt:port:3:-70:-1:4,-13.685993264415398,24.296537841411695,-5.026112635965683,-1.1723555322656742,-3.132322406473707,0.0,-1.950639553339693e-05,-11.051676126446347,1.543852331463605
dev_v2:020,alt:port:2:-70:-1:4,-17.81983886963655,22.8875695576643,-5.039750013988959,-1.0424276006900508,-4.011647208597498,0.0,-0.8238370297575626,-10.93415319439143,1.2627275325297418
dev_v2:020,alt:port:0:-20:-1:8,-22.655151356283923,20.209458444012235,-5.048322136061955,-1.2744027733225365,-1.7390050213329757,0.0,-0.1189248432176039,-8.997116758600782,1.0860193639877835
dev_v2:020,alt:starboard:1:+70:+0:14,-12.265093317423833,25.438127971688164,-4.994540281327025,-0.7002128098747833,-1.2251118107184635,0.0,-0.0004924529089035756,-8.098763476944459,2.1946938520632315
dev_v2:020,alt:starboard:0:+20:-0.5:4,-14.747545011500991,23.499735424535594,-4.994540281327025,-3.288102025099301,-3.217699315330764,0.0,0.0,-5.617702740352586,2.1946938520632315
dev_v2:020,alt:starboard:2:+70:+0:14,-12.537592017157532,25.457607525208587,-5.00943912777496,-0.7692731049684963,-0.34229820691939145,0.0,-0.0004924529089035756,-8.098763476944459,1.8875647833468536
dev_v2:021,sac,-22.472820083382874,22.747904609812963,-4.970837725601496,-5.894467947847943,0.0,-0.0011665666076702422,0.0,-2.0644634050968573,2.683305093988559
dev_v2:021,alt:starboard:0:+70:-1:4,-22.41362137956607,20.033512709384063,-5.033273687417616,-0.6409156032536931,0.0,0.0,0.0,-2.0260035063548374,1.3962323750362355
dev_v2:021,alt:starboard:1:+70:-1:4,-18.83143928517993,21.53039568267914,-5.022253005137024,-0.7453594519605274,0.0,0.0,-0.10713624170302172,-7.5105092982408,1.6234158618441348
dev_v2:021,alt:port:0:-40:+1:4,-29.1468519395727,27.914967812365052,-4.925032029898121,-2.1925558808100845,0.0,0.0,0.0,-41.16765474913899,3.6275567655825034
dev_v2:021,alt:starboard:2:+70:-1:4,-17.291040627342994,22.24788316803102,-5.026112635965683,-1.0035285269964034,0.0,0.0,-1.7491751694909936,-14.695081964162684,1.543852331463605
dev_v2:021,alt:starboard:0:+70:-1:8,-22.41362137956607,20.033512709384063,-5.033273687417616,-0.6409156032536931,0.0,0.0,0.0,-2.0260035063548374,1.3962323750362355
dev_v2:021,alt:starboard:1:+70:-1:8,-19.63061913924223,21.245503411310473,-5.029783106480025,-0.7398970714359994,0.0,0.0,-0.10713624170302172,-7.5105092982408,1.468188205736805
dev_v2:021,alt:port:0:-40:+1:8,-34.73659395681963,27.944184884722713,-4.915963137984165,-2.6524683037048007,0.0,-5.01914679385364,0.0,-41.16765474913899,3.8145054892676895
dev_v2:021,alt:starboard:2:+70:-1:8,-18.017215032736235,21.97116723005192,-5.029783106480025,-0.9954876102785738,0.0,0.0,-1.7491751694909936,-14.695081964162684,1.468188205736805
dev_v2:021,alt:starboard:0:+70:-1:14,-28.133934833674132,17.732081824396047,-5.067488922813572,-0.36088028035359465,0.0,0.0,0.0,-2.0260035063548374,0.6909097569533438
dev_v2:021,alt:starboard:1:+70:-1:14,-25.50184976402389,18.90921152273741,-5.067488922813572,-0.46790209799301685,0.0,0.0,-0.10713624170302172,-7.5105092982408,0.6909097569533438
dev_v2:021,alt:port:0:-20:+1:4,-27.637198812774656,28.08217902926245,-4.810143510254394,-3.8220002184949524,0.0,0.0,0.0,-41.16765474913899,5.995901467146528
dev_v2:021,alt:starboard:2:+70:-1:14,-23.26759847506657,19.893243084244357,-5.067488922813572,-0.743466447348717,0.0,0.0,-1.7491751694909936,-14.695081964162684,0.6909097569533438
dev_v2:021,alt:starboard:0:+40:-1:4,-20.87538938608213,20.470824349318125,-5.022253005137024,-1.1238737513020851,0.0,0.0,0.0,-2.0260035063548374,1.6234158618441348
dev_v2:021,alt:starboard:1:+40:-1:4,-18.11154474551665,21.745050481324586,-5.018194465482414,-1.1527812469230387,0.0,0.0,-0.10713624170302172,-7.5105092982408,1.7070797554767716
dev_v2:021,alt:port:0:-20:+1:8,-29.6161055654668,27.94498964902263,-4.810143510254394,-3.7632718618301126,0.0,0.0,0.0,-41.16765474913899,5.995901467146528
dev_v2:021,alt:starboard:2:+40:-1:4,-16.39726945206052,22.502890645372094,-5.018194465482414,-1.5780263436444162,0.0,0.0,-1.7491898668371781,-14.695081964162684,1.7070797554767716
dev_v2:022,sac,-30.212578546057134,24.102771467739778,-4.687525094204378,-4.639041914068553,-5.876018358961976,0.0,0.0,0.0,8.523592457219156
dev_v2:022,alt:starboard:1:+20:-0.5:8,-17.235846290306732,22.235834258953496,-5.026112635965683,-3.7213189560087976,-9.258448829727563,0.0,-0.7258078653832909,-17.115230032047233,1.543852331463605
dev_v2:022,alt:port:0:-20:-1:4,-21.776184942717556,20.084528210509745,-5.036593195157635,-1.9019164154065453,-6.25716146437541,0.0,0.0,-2.8976961622541224,1.327803096007705
dev_v2:022,alt:starboard:3:+20:-1:8,-18.22516387480205,21.759093014474846,-5.033273687417616,-4.18092739244594,-7.669636391172424,0.0,-1.146773993904721,-18.69186298709766,1.3962323750362355
dev_v2:022,alt:starboard:2:+20:-0.5:4,-14.811169426792153,23.614372875542585,-5.0139267660937215,-3.843042795514198,-9.005862755888609,0.0,-0.9776638785928763,-17.854178477883938,1.7950553275045067
dev_v2:022,alt:starboard:0:+70:-1:14,-28.145303530979195,17.316197888073116,-5.05569466126784,-0.8507619266856559,-3.7541417280142313,0.0,-0.06560241134897439,-15.713334097845873,0.9340400272999115
dev_v2:022,alt:speed:3:+0:-1:14,-22.43795026276884,19.833886179575003,-5.05569466126784,-2.1021182742007896,-4.722394270401272,0.0,-1.280019014648737,-18.69186298709766,0.9340400272999115
dev_v2:022,alt:port:3:-70:-0.5:14,-21.811517487762323,20.547407303354465,-5.067488922813572,-0.7101511771949479,-2.132500336577235,0.0,-0.9062483049077136,-14.18525001034493,0.6909097569533438
dev_v2:022,alt:speed:2:+0:-1:14,-23.663891098919173,19.249725005288003,-5.05335956119959,-2.4932476919566526,-4.350608599310332,0.0,-0.7919019780203606,-17.585726352592715,0.9821764459030136
dev_v2:022,alt:speed:1:+0:-0.5:4,-17.876563584170384,22.736505266944103,-5.00943912777496,-2.974667626179848,-7.4530154470908565,0.0,-0.7967558180849906,-19.238194802596396,1.8875647833468536
dev_v2:022,alt:speed:0:+0:-0.5:4,-19.293344144210828,22.053243863798553,-5.0139267660937215,-3.031083616791747,-7.41464536148049,0.0,-0.44774217819568657,-16.25850640513146,1.7950553275045067
dev_v2:022,alt:port:1:-20:-1:4,-19.432343561306656,21.10072963891378,-5.042752117286885,-1.2794327647705666,-13.521318755379413,0.0,0.0,-0.7387861035350005,1.200841319170563
dev_v2:022,alt:starboard:1:+20:-1:14,-23.583194489113733,19.00673239231452,-5.05569466126784,-4.083387462265317,-5.249465414715981,0.0,-0.451539542148248,-16.22004135028306,0.9340400272999115
dev_v2:022,alt:port:0:-20:-1:8,-23.040602955856865,19.357657122302363,-5.045607087651986,-1.9228920606845097,-8.497518313911396,0.0,0.0,-2.503272765371026,1.1419881460399952
dev_v2:022,alt:starboard:3:+20:-1:14,-20.82841868763941,20.314565698623344,-5.05569466126784,-4.378654661874113,-7.65214903873692,0.0,-1.146773993904721,-18.69186298709766,0.9340400272999115
dev_v2:022,alt:starboard:2:+70:-1:8,-21.28546163815261,20.848680652472265,-5.029783106480025,-1.2733039615502932,-5.360071302235249,0.0,-0.8316977376140029,-17.585726352592715,1.468188205736805
dev_v2:022,alt:starboard:0:+70:-0.5:8,-20.925717498426437,21.268131831740302,-5.022253005137024,-2.3976141997826215,-6.145684362390573,0.0,-0.4137897568429529,-16.48787913015986,1.6234158618441348
dev_v2:023,sac,-39.86242501614612,26.70641351013863,-4.451068918356438,-4.388045079602512,-4.826876588252791,0.0,0.0,-13.417017111449805,13.397967485796144
dev_v2:023,alt:starboard:0:+20:+1:4,-37.24043976875018,27.938641114788478,-4.863107367762888,-2.8303533728221977,-0.25627977113121586,0.0,0.0,-14.952450686064672,4.904089407128558
dev_v2:023,alt:starboard:1:+20:+1:4,-33.131227122659425,28.014715512212742,-4.8508471442450665,-2.1962668403568677,0.0,0.0,0.0,-13.33782252235487,5.1568251504253295
dev_v2:024,sac,-7.082013848299743,9.067993647297138,-2.0148660223919674,-3.1542575626930534,-25.202883908074938,0.0,0.0,0.0,-190.85564581916123
dev_v2:024,alt:port:0:-70:-1:4,-24.594354160012696,22.283402837203457,-4.885854644723005,-3.2119109272735713,-27.81479698817217,-0.0007765226124962383,0.0,0.0,4.435170554047622
dev_v2:024,alt:speed:2:+0:-1:4,-20.41156295345825,23.4453987574072,-4.874766718337886,-5.604356758629452,-45.58659788359981,0.0,0.0,0.0,4.663740229999249
dev_v2:024,alt:speed:0:+0:-1:8,-25.829531004960373,20.341606146407234,-4.925032029898121,-5.141725085048176,-53.923411356929705,0.0,0.0,0.0,3.6275567655825034
dev_v2:024,alt:speed:1:+0:-1:4,-21.060245958851983,23.139829079525672,-4.885854644723005,-5.901621592373085,-45.46906063745583,0.0,0.0,0.0,4.435170554047622
dev_v2:024,alt:port:2:-20:-1:4,-23.061429402826978,23.012503286637994,-4.885854644723005,-3.4522188067685327,-38.342721431474544,-2.6382268587411413,0.0,0.0,4.435170554047622
dev_v2:024,alt:speed:3:+0:-1:4,-19.544532023387795,23.7745334896184,-4.874766718337886,-5.975701545710049,-44.536460011765286,0.0,0.0,0.0,4.663740229999249
dev_v2:024,alt:port:1:-70:-1:4,-24.10904452046209,22.634335111946857,-4.885854644723005,-2.7362636964914206,-37.408762047950084,-2.541139591715642,0.0,0.0,4.435170554047622
dev_v2:024,alt:port:3:-20:-1:4,-21.38866109051503,23.519304354562824,-4.885854644723005,-5.060333392234478,-39.4349913416015,-0.05645031047001057,0.0,0.0,4.435170554047622
dev_v2:024,alt:starboard:3:+20:-1:8,-20.23186931052515,21.92269975317141,-4.933656455871912,-4.1949295612732485,-75.30358355544183,0.0,0.0,0.0,3.449770389516387
dev_v2:024,alt:port:0:-40:-1:4,-24.594354160012696,22.283402837203457,-4.885854644723005,-3.2119109272735713,-27.81479698817217,-0.0007765226124962383,0.0,0.0,4.435170554047622
dev_v2:024,alt:speed:2:+0:-1:8,-23.27529681624543,21.720868452334027,-4.925032029898121,-5.642817257508861,-48.19470002727307,0.0,0.0,0.0,3.6275567655825034
dev_v2:024,alt:speed:0:+0:-1:14,-29.537058509893605,18.19092783916688,-4.983284049286526,-4.593406544724936,-60.067313447912895,0.0,0.0,0.0,2.4267330287830675
dev_v2:024,alt:speed:1:+0:-1:8,-24.610240876975162,21.052843495690375,-4.925032029898121,-5.686433900809814,-50.94901855486843,0.0,0.0,0.0,3.6275567655825034
dev_v2:024,alt:port:2:-20:-1:8,-26.34058002777304,21.17089273471215,-4.933656455871912,-3.8808180930082266,-38.61038036850515,-3.0974041744423646,0.0,0.0,3.449770389516387
dev_v2:024,alt:speed:3:+0:-1:8,-22.188425450923624,22.254688689905937,-4.925032029898121,-5.916272289364651,-46.104181720797726,0.0,0.0,0.0,3.6275567655825034
dev_v2:024,alt:port:1:-40:-1:4,-24.10904452046209,22.634335111946857,-4.885854644723005,-2.7362636964914206,-37.408762047950084,-2.541139591715642,0.0,0.0,4.435170554047622
dev_v2:025,sac,-25.373721215175106,28.35960164305403,-4.727061183827396,-4.76520229382201,0.0,0.0,0.0,-44.73144891787147,7.708584232989255
dev_v2:025,alt:port:0:-20:+1:4,-35.115843012903525,27.489688478156744,-4.925032029898121,-3.2053141100379228,0.0,0.0,0.0,-45.64195966077865,3.6275567655825034
dev_v2:025,alt:port:1:-20:+1:4,-32.81237766368433,27.680688177662113,-4.970837725601496,-2.3312705410501704,0.0,0.0,0.0,-49.83070758276831,2.683305093988559
dev_v2:025,alt:port:2:-70:+1:4,-28.84076844493792,26.983362993962626,-4.999758111366748,-1.209194058670647,0.0,0.0,0.0,-49.430921994857556,2.087132015888835
dev_v2:025,alt:port:0:-20:+1:8,-39.2838807984848,27.63647964643864,-4.925032029898121,-3.6937869607832274,0.0,0.0,0.0,-45.64195966077865,3.6275567655825034
dev_v2:025,alt:port:1:-20:+0:4,-14.97320891209033,25.73979044338276,-5.00943912777496,-1.680960800665939,0.0,0.0,0.0,-56.86679827029482,1.8875647833468536
dev_v2:025,alt:port:2:-40:+1:4,-28.73024608942269,27.06534418206087,-4.999758111366748,-1.4850763258770794,0.0,0.0,0.0,-49.430921994857556,2.087132015888835
dev_v2:025,alt:port:0:-40:+0:4,-21.40328942284544,23.82451662595365,-5.039750013988959,-1.8651381662628255,0.0,0.0,0.0,-63.592260248818356,1.2627275325297418
dev_v2:025,alt:port:1:-20:+0:8,-14.97320891209033,25.73979044338276,-5.00943912777496,-1.680960800665939,0.0,0.0,0.0,-56.86679827029482,1.8875647833468536
dev_v2:025,alt:port:2:-20:+1:4,-27.486484001867098,27.688601918192685,-4.9772172167145685,-2.138081995105742,0.0,0.0,0.0,-49.430921994857556,2.5517964452291038
dev_v2:025,alt:port:0:-40:+0:8,-21.40328942284544,23.82451662595365,-5.039750013988959,-1.8651381662628255,0.0,0.0,0.0,-63.592260248818356,1.2627275325297418
dev_v2:025,alt:port:1:-20:+0:14,-18.809900745049568,25.583008109637575,-5.039750013988959,-1.708261832788382,0.0,-4.939091245154533,0.0,-56.86679827029482,1.2627275325297418
dev_v2:025,alt:port:1:-40:+0:4,-19.848159846041096,23.98370281965753,-5.042752117286885,-1.4011827487050375,0.0,0.0,0.0,-57.6130826273917,1.200841319170563
dev_v2:025,alt:port:1:-40:+0:8,-19.848159846041096,23.98370281965753,-5.042752117286885,-1.4011827487050375,0.0,0.0,0.0,-57.6130826273917,1.200841319170563
dev_v2:025,alt:port:1:-70:+0:4,-21.369449118768987,23.258144047528972,-5.05335956119959,-0.6979216306816768,0.0,0.0,0.0,-57.60967518315045,0.9821764459030136
dev_v2:025,alt:port:1:-70:+0:8,-21.369449118768987,23.258144047528972,-5.05335956119959,-0.6979216306816768,0.0,0.0,0.0,-57.60967518315045,0.9821764459030136
dev_v2:026,sac,-18.76740775439565,28.117703524861348,-4.707789723244923,-5.064743689098331,-13.227615060464606,0.0,0.0,-6.896709328243385,8.105851616218109
dev_v2:026,alt:port:1:-70:+1:8,-35.509434523133706,28.08091215180924,-4.9641294628665245,-1.5342955258597366,-1.0402931176895527,0.0,0.0,-5.074078033446197,2.8215911347029534
dev_v2:026,alt:port:2:-70:+1:8,-31.864948111184553,28.453419230996236,-4.957075485029767,-1.9677701390586784,-1.3929540231974626,0.0,0.0,-6.698994843417342,2.9670038450977003
dev_v2:026,alt:port:0:-40:+1:8,-37.71546280179966,27.908012192746117,-4.874766718337886,-2.1718768527383294,-6.673430528593605,0.0,0.0,-3.499916926641596,4.663740229999249
dev_v2:026,alt:port:3:-70:-0.5:14,-18.617467019682504,22.42164214529404,-5.057915318198266,-0.9995819265675295,-3.1129473740147815,0.0,0.0,-9.270412655726407,0.8882627721705401
dev_v2:026,alt:speed:2:+0:+1:14,-32.42157448904274,26.70641351013863,-4.451068918356438,-5.49830212686642,-12.152009932911028,0.0,0.0,-7.2727291484132355,13.397967485796144
dev_v2:026,alt:speed:3:+0:+1:8,-21.841939070767083,28.17040679417093,-4.707789723244923,-5.487631848234237,-12.062971332848266,0.0,0.0,-8.989667589150702,8.105851616218109
dev_v2:026,alt:speed:1:+0:+1:14,-36.39588324571594,26.70641351013863,-4.451068918356438,-5.13899878912094,-13.123305038941751,0.0,0.0,-5.057843439923821,13.397967485796144
dev_v2:026,alt:speed:0:+0:+1:14,-41.09888729290992,26.70641351013863,-4.451068918356438,-5.053832534844572,-14.953386243050899,0.0,0.0,-5.127248475527063,13.397967485796144
dev_v2:026,alt:starboard:3:+20:-1:8,-17.303193007592036,24.21003943657155,-4.999758111366748,-2.5253652631204186,-8.657344704616444,-0.0023793099697985132,0.0,-20.292056855024597,2.087132015888835
dev_v2:026,alt:starboard:0:+20:-1:4,-23.98090282636939,21.562079802005176,-5.018194465482414,-1.7881546819595802,-7.271633859463176,-0.8620194798315819,0.0,-28.12107110515675,1.7070797554767716
dev_v2:026,alt:starboard:2:+20:-1:4,-20.796417015394255,23.23650733489487,-5.00943912777496,-2.2338810976455767,-6.707196520909687,-7.487750868516449,0.0,-22.651942889447092,1.8875647833468536
dev_v2:026,alt:starboard:1:+20:-1:4,-23.268592456439837,22.27483741617109,-5.018194465482414,-1.2993661880808174,-6.569594174455108,-7.1870274500343685,0.0,-29.768816763683116,1.7070797554767716
dev_v2:026,alt:port:1:-70:+0:14,-15.945545003476902,24.96531554340424,-5.042752117286885,-0.6918612172904596,-0.5040710833169243,0.0,0.0,-8.913853583394765,1.200841319170563
dev_v2:026,alt:port:2:-70:+0:14,-15.155159424349502,25.333505820271746,-5.039750013988959,-1.1500012914502198,-1.8068867968141076,0.0,0.0,-8.710242180896678,1.2627275325297418
dev_v2:026,alt:port:0:-70:+1:4,-35.46206130398936,27.45446983483328,-4.957075485029767,-0.59371830975732,-0.9591039401983563,0.0,0.0,-3.499916926641596,2.9670038450977003
dev_v2:026,alt:port:3:-70:+0:8,-12.36574385257529,25.80354562354758,-5.018194465482414,-1.2185694891815553,-6.467583727679326,0.0,0.0,-8.702686407317906,1.7070797554767716
dev_v2:027,sac,-24.857833481907694,20.97097095858032,-3.4951618264300532,-4.331933215351301,-8.026700404985032,-3.274553511633029,0.0,-15.200276054981801,-99.30992649630404
dev_v2:027,alt:port:0:-70:-1:4,-23.419018167631346,20.976719796163998,-5.022253005137024,-0.9996919604683733,-6.557108210023557,0.0,-1.0165507095790443,-7.2272621619982145,1.6234158618441348
dev_v2:027,alt:port:0:-70:-1:8,-23.419018167631346,20.976719796163998,-5.022253005137024,-0.9996919604683733,-6.557108210023557,0.0,-1.0165507095790443,-7.2272621619982145,1.6234158618441348
dev_v2:027,alt:port:0:-70:-1:14,-25.416521964741705,19.66660183110934,-5.042752117286885,-0.8106479106850326,-5.4532243350139735,0.0,-1.0165507095790443,-7.2272621619982145,1.200841319170563
dev_v2:028,sac,-21.66866032498208,27.55706237071217,-4.687525094204378,-5.556345666453877,-8.252997464712134,0.0,0.0,-4.9319143764423785,8.523592457219156
dev_v2:028,alt:port:0:-20:+0:14,-15.72565563283254,26.695984922946476,-5.00943912777496,-2.6774298551232474,-0.6114230491546921,0.0,0.0,-8.985281623111552,1.8875647833468536
dev_v2:028,alt:port:1:-20:+1:4,-30.740719330013903,27.756938952943578,-5.004720215816593,-2.0598550475674773,-5.149700367295851,0.0,0.0,-5.390721763262189,1.9848417799380111
dev_v2:028,alt:port:0:-20:+1:8,-39.85171312406911,27.80925284401939,-4.885854644723005,-3.252018632502216,0.0,-0.08102725020357902,0.0,-10.701381620676093,4.435170554047622
dev_v2:028,alt:port:1:-20:-0.5:14,-21.332678662116734,22.06917093381018,-5.065761648421189,-1.4586552187659694,-2.4192756629508674,0.0,-0.0048705656332574164,-4.491770947362919,0.726516283767633
dev_v2:028,alt:port:1:-40:+0:8,-18.25422417854128,24.945193038175095,-5.05569466126784,-0.9632941989809364,-1.6026403150642898,0.0,0.0,-5.557270452301735,0.9340400272999115
dev_v2:028,alt:port:1:-70:-1:14,-25.470688515069494,19.573588781112804,-5.080727565846434,-0.3944898638710612,-0.9644549438771941,0.0,-0.007676083738394358,-4.440163366093645,0.4180045948012934
dev_v2:028,alt:port:1:-20:+0:8,-14.807024143375042,26.081843805712193,-5.057915318198266,-1.9760851269167259,-18.155274504034647,0.0,0.0,-5.701274271688758,0.8882627721705401
dev_v2:029,sac,-31.146387735310668,27.79021959058431,-4.6438089583857485,-5.405491365408104,-6.752389177112666,0.0,0.0,-3.74617728958105,9.424769345562469
dev_v2:029,alt:starboard:0:+20:+1:8,-37.290973478979154,27.56527468078233,-4.933656455871912,-3.6812891254298585,-3.0693366057240925,0.0,0.0,-7.347727817336007,3.449770389516387
dev_v2:029,alt:starboard:1:+20:+0:14,-21.700082566647303,23.932118827680934,-5.039750013988959,-1.1768179810610173,-1.0391587852227058,0.0,0.0,0.0,1.2627275325297418
dev_v2:029,alt:starboard:3:+20:+1:8,-29.569880654360507,27.281710723894783,-4.949657975417023,-2.8929571233426925,-0.14485245561039264,0.0,0.0,-11.747898490090298,3.1199105031747614
dev_v2:029,alt:port:0:-70:-0.5:14,-26.409446410149272,18.322719828594522,-5.062035463165965,-0.6988190851756108,-11.374444705992405,0.0,-1.6606399585707914,-22.815502645108396,0.8033289290486658
dev_v2:029,alt:port:2:-70:-0.5:14,-21.757922490890774,20.15582380373388,-5.050904120084833,-1.872530492206483,-17.08269219495237,0.0,-0.4400333383254295,-17.260035439835633,1.0327936091511085
dev_v2:029,alt:starboard:3:+20:+0:14,-19.2836821223212,24.022220999062522,-5.050904120084833,-3.278695324851182,-0.13482327944857048,0.0,0.0,-10.581530853886209,1.0327936091511085
dev_v2:029,alt:starboard:3:+70:-0.5:14,-25.187070041653318,19.368336178787388,-5.082666451029629,-1.1579265314440015,-2.5627942229840572,0.0,0.0,-9.399042363479039,0.3780358628096082
dev_v2:030,sac,-8.271241471505714,12.05580353678231,-2.7005401828309017,-3.4247992082310796,0.0,0.0,-0.4709530100660718,-0.20410626826701384,-148.451597880062
dev_v2:030,alt:port:3:-40:+1:8,-29.50439652159442,27.946423045587927,-4.9772172167145685,-1.9392619177598398,-6.694300415156487,0.0,0.0,-21.023973757487756,2.5517964452291038
dev_v2:030,alt:starboard:3:+70:-1:14,-21.925529448879082,20.958966758298487,-5.045607087651986,-0.8492209348024521,-6.2801233219103985,0.0,0.0,-34.370467471873205,1.1419881460399952
dev_v2:030,alt:starboard:0:+70:+0:4,-14.755540819417956,25.71154148703972,-4.970837725601496,-1.295354226331128,-12.717944043750204,0.0,0.0,-30.291523509559614,2.683305093988559
dev_v2:030,alt:starboard:2:+70:+0:8,-13.948778286958468,26.129304662876553,-4.9641294628665245,-1.9915655465461055,-12.2484350015415,0.0,0.0,-30.95697647298686,2.8215911347029534
dev_v2:030,alt:speed:0:+0:-1:4,-19.466985347605977,22.414799417547457,-5.004720215816593,-1.7839982741179528,-10.52201973184943,0.0,0.0,-31.33946408697209,1.9848417799380111
dev_v2:030,alt:starboard:1:+40:-1:4,-17.729197747874867,23.079629390589794,-5.004720215816593,-3.129095005603336,-11.44899906672633,0.0,0.0,-33.34863373806956,1.9848417799380111
dev_v2:030,alt:speed:3:+0:+1:4,-17.813634929467643,28.736397855753804,-4.885854644723005,-3.076006808820654,-15.805972159695434,0.0,0.0,-25.2856414266051,4.435170554047622
dev_v2:030,alt:speed:2:+0:+1:4,-20.4359939700059,28.64129277568731,-4.874766718337886,-3.028053075422413,-17.01952367606838,0.0,0.0,-27.924303048157864,4.663740229999249
dev_v2:030,alt:speed:1:+0:-1:4,-18.49485001947986,22.926807579027788,-5.004720215816593,-1.7647612952966878,-11.29272467097375,0.0,0.0,-33.35030153014885,1.9848417799380111
dev_v2:030,alt:port:2:-20:-1:14,-21.351267419767012,21.341934940473852,-5.062035463165965,-1.2768822899506902,-4.353754428549324,0.0,-0.30386842050137197,-11.309158450368088,0.8033289290486658
dev_v2:030,alt:port:0:-20:-0.5:14,-21.81202407364566,21.60993453452329,-5.048322136061955,-2.754941925351415,-7.097320618635281,0.0,-1.7382424989855016,-12.105485959475146,1.0860193639877835
dev_v2:030,alt:port:3:-20:+1:4,-19.441774658165837,27.616158240182223,-4.941858199159086,-1.7702894642134357,-13.091713416923056,0.0,0.0,-21.023973757487756,3.2806973148697316
dev_v2:030,alt:starboard:3:+70:-0.5:8,-18.670994593862105,23.195820777487498,-5.00943912777496,-1.5025711841503189,-9.965482265284201,0.0,0.0,-34.675353493492096,1.8875647833468536
dev_v2:030,alt:starboard:0:+70:+0:8,-14.755540819417956,25.71154148703972,-4.970837725601496,-1.295354226331128,-12.717944043750204,0.0,0.0,-30.291523509559614,2.683305093988559
dev_v2:030,alt:starboard:2:+40:-1:4,-16.00466859708183,23.941379408498797,-4.999758111366748,-3.4754804919947055,-13.600651395890768,0.0,0.0,-35.37981931734828,2.087132015888835
dev_v2:030,alt:speed:0:+0:-1:8,-19.466985347605977,22.414799417547457,-5.004720215816593,-1.7839982741179528,-10.52201973184943,0.0,0.0,-31.33946408697209,1.9848417799380111
dev_v2:031,sac,-34.932401471906445,27.25213224926291,-4.542022041543818,-5.550443407253236,-7.496992743228421,0.0,0.0,-28.36421824377194,11.523033871371311
dev_v2:031,alt:starboard:2:+40:+1:4,-28.860590372896002,27.81156331569494,-4.941858199159086,-1.2423852535636732,-1.1978418908175983,-0.9479349877642876,0.0,-38.197812978344515,3.2806973148697316
dev_v2:031,alt:starboard:0:+20:+0:4,-20.135540553491264,25.976966111839175,-4.999758111366748,-0.9645539829378256,-7.342020535642976,-0.0010335629926783833,0.0,-44.72983124996561,2.087132015888835
dev_v2:031,alt:starboard:2:+70:+1:4,-29.000053262468732,27.764531255583666,-4.941858199159086,-0.974676602336721,-0.9386869074045334,-3.2229929157249746,0.0,-38.197812978344515,3.2806973148697316
dev_v2:031,alt:starboard:0:+20:+0:8,-20.135540553491264,25.976966111839175,-4.999758111366748,-0.9645539829378256,-7.342020535642976,-0.0010335629926783833,0.0,-44.72983124996561,2.087132015888835
dev_v2:031,alt:starboard:2:+20:+1:4,-27.17343679420185,27.85021953546912,-4.915963137984165,-1.8640728660390256,-7.959122572827976,0.0,0.0,-38.19815974047812,3.8145054892676895
dev_v2:032,sac,-20.959584906222155,28.230606459150668,-4.810143510254394,-5.578858932254394,0.0,0.0,0.0,-16.125314544336646,5.995901467146528
dev_v2:032,alt:starboard:0:+20:+1:4,-23.601860953660665,27.89179738090889,-4.896399152389277,-2.7090443305657423,0.0,0.0,0.0,-22.281653008291695,4.2178030665087585
dev_v2:032,alt:starboard:1:+20:+1:4,-23.569274508016356,27.679952036480334,-4.925032029898121,-2.3327020525425755,0.0,0.0,0.0,-17.809227757740018,3.6275567655825034
dev_v2:032,alt:starboard:2:+20:+1:4,-20.860136708439633,27.590361632380965,-4.941858199159086,-2.1118976885559673,0.0,0.0,0.0,-18.623749203044245,3.2806973148697316
dev_v2:032,alt:speed:0:+0:+1:4,-20.210004144022413,28.565563524585404,-4.8508471442450665,-4.946263510374159,0.0,0.0,0.0,-10.58350761328528,5.1568251504253295
dev_v2:032,alt:starboard:3:+20:+1:4,-14.140387692513285,27.80031389477861,-4.906426874260996,-1.8861089357096565,0.0,0.0,0.0,-15.493563385892084,4.011088748687537
dev_v2:032,alt:port:2:-20:+1:4,-12.547307291004632,28.371881260559196,-4.885854644723005,-6.180924088677245,0.0,0.0,0.0,-13.19135828095792,4.435170554047622
dev_v2:032,alt:port:1:-20:+1:4,-16.317380904738936,28.545280007345784,-4.8508471442450665,-5.3845354940653,0.0,0.0,0.0,-10.64990918040725,5.1568251504253295
dev_v2:032,alt:speed:1:+0:+1:4,-16.39852602095066,28.59261075949792,-4.863107367762888,-5.132394010171995,0.0,0.0,0.0,-10.429886451193696,4.904089407128558
dev_v2:032,alt:port:3:-20:-1:4,-11.764572614848756,24.334007050536083,-4.999758111366748,-5.228284502572781,0.0,0.0,0.0,-12.6654540131614,2.087132015888835
dev_v2:032,alt:speed:3:+0:-1:4,-12.11218195099511,24.196046068799642,-5.004720215816593,-5.52585634449186,0.0,0.0,0.0,-12.633596887876735,1.9848417799380111
dev_v2:032,alt:speed:2:+0:-1:4,-13.733019542730991,23.414598095868534,-5.00943912777496,-5.425518168492763,0.0,0.0,0.0,-12.922213715561004,1.8875647833468536
dev_v2:032,alt:port:0:-20:+1:4,-19.850967429246026,28.71720008563161,-4.824398616842987,-3.1796789539304355,0.0,0.0,0.0,-10.108833839229238,5.702042635437159
dev_v2:032,alt:starboard:0:+40:+1:4,-29.720619703341615,27.56449045279357,-4.970837725601496,-2.2476263469387154,0.0,0.0,0.0,-22.52241685132046,2.683305093988559
dev_v2:032,alt:starboard:1:+40:+1:4,-26.240083923404864,27.379747408127972,-4.970837725601496,-1.334328210006917,0.0,0.0,0.0,-18.569054924894303,2.683305093988559
dev_v2:032,alt:starboard:2:+40:+1:4,-21.434123352249426,27.549724069573532,-4.949657975417023,-1.6281596064361634,0.0,0.0,0.0,-18.623749203044245,3.1199105031747614
dev_v2:032,alt:speed:0:+0:+1:8,-25.760661167108694,28.317826621598257,-4.762816914598395,-4.6714669077719995,0.0,0.0,0.0,-10.58350761328528,6.971505404010974
dev_v2:033,sac,-17.749078152283335,25.07844431733761,-4.824398616842987,-4.588709830676458,0.0,0.0,0.0,-5.859126428576017,5.702042635437159
dev_v2:033,alt:port:0:-70:-1:4,-21.260525056350133,19.88230470013534,-5.026112635965683,-0.5772531753132571,0.0,0.0,0.0,-5.784630588873705,1.543852331463605
dev_v2:033,alt:port:1:-70:-1:4,-18.503854467662038,21.10888488677987,-5.018194465482414,-0.731947766359312,0.0,0.0,0.0,-7.911508057228887,1.7070797554767716
dev_v2:033,alt:port:2:-70:-0.5:4,-14.595562579267169,23.001365735497103,-5.004720215816593,-1.1444137781118944,0.0,0.0,0.0,-9.057439984641812,1.9848417799380111
dev_v2:033,alt:port:3:-70:-0.5:4,-12.859435393674122,23.797160584543587,-4.999758111366748,-1.1909955567484158,0.0,0.0,0.0,-9.22411114981133,2.087132015888835
dev_v2:033,alt:speed:0:+0:-1:14,-21.158805912621858,19.79764590166363,-5.033273687417616,-4.038864715884106,0.0,0.0,0.0,-6.14193774058918,1.3962323750362355
dev_v2:033,alt:speed:1:+0:-1:14,-19.570054595145525,20.57214236777377,-5.033273687417616,-4.281262930281659,0.0,0.0,0.0,-7.954423579772584,1.3962323750362355
dev_v2:033,alt:speed:2:+0:-1:8,-14.253126544518661,23.03314998557366,-5.00943912777496,-5.368807983475936,0.0,0.0,0.0,-8.946174320878853,1.8875647833468536
dev_v2:033,alt:starboard:0:+70:-1:14,-28.815333472956215,17.539997070207583,-5.06394535771177,-0.38526185005438035,0.0,0.0,-2.1040366883080828,-43.305750524142006,0.7639578183221043
dev_v2:033,alt:speed:3:+0:-1:4,-12.195398284319682,23.98069522721711,-4.999758111366748,-5.233221882018523,0.0,0.0,-0.00012410097831228517,-9.22411114981133,2.087132015888835
dev_v2:033,alt:starboard:1:+70:-1:14,-25.87924640450367,18.89409679494802,-5.06394535771177,-0.5396380990832005,0.0,0.0,-3.2072747782264557,-35.56013522324973,0.7639578183221043
dev_v2:033,alt:starboard:2:+70:-1:14,-23.781597257676648,19.783059946976657,-5.06394535771177,-0.8800170019337263,0.0,0.0,-4.343702173360402,-35.53735289904002,0.7639578183221043
dev_v2:033,alt:starboard:3:+70:-1:8,-17.38808675851091,22.221373273536766,-5.029783106480025,-1.1644667886515339,0.0,0.0,-4.648858427669464,-26.972851193053963,1.468188205736805
dev_v2:033,alt:port:0:-70:-1:8,-21.260525056350133,19.88230470013534,-5.026112635965683,-0.5772531753132571,0.0,0.0,0.0,-5.784630588873705,1.543852331463605
dev_v2:033,alt:port:1:-70:-1:8,-18.503854467662038,21.10888488677987,-5.018194465482414,-0.731947766359312,0.0,0.0,0.0,-7.911508057228887,1.7070797554767716
dev_v2:033,alt:port:2:-70:-0.5:8,-16.58033817572905,22.300322450292402,-5.022253005137024,-1.1890307550827026,0.0,0.0,0.0,-9.057439984641812,1.6234158618441348
dev_v2:033,alt:port:3:-70:-0.5:8,-16.187425761659316,22.639617618008632,-5.026112635965683,-1.1875346914509952,0.0,0.0,0.0,-9.22411114981133,1.543852331463605
dev_v2:035,sac,-21.174897152343117,25.034318786973643,-4.745388151088368,-4.46214866818759,-6.310680966403979,0.0,0.0,-10.587937944586562,7.330786904388803
dev_v2:035,alt:starboard:0:+70:+0:14,-18.45759472872597,22.828097528756505,-5.050904120084833,-0.747007476047805,0.0,0.0,-0.021011083639920537,-15.195905343273086,1.0327936091511085
dev_v2:035,alt:port:0:-40:-1:14,-30.847815526849498,16.98824664237858,-5.05569466126784,-0.7857302097649349,-2.4135351682190573,0.0,-2.0101056564416298,-18.541964765164398,0.9340400272999115
dev_v2:035,alt:starboard:1:+20:-1:14,-21.92084175456538,19.92517674457039,-5.033273687417616,-3.1009592154732606,-6.880273429463289,0.0,-0.09229783868045248,-16.873524494985876,1.3962323750362355
dev_v2:035,alt:speed:0:+0:-1:14,-23.485813693039834,19.20945023184149,-5.036593195157635,-3.6621798453591876,-6.6264122961652046,0.0,-0.026374916434707213,-12.302932032792256,1.327803096007705
dev_v2:035,alt:starboard:2:+70:+0:14,-16.030351766143315,23.967223931851635,-5.039750013988959,-1.4052513184116833,-2.7646169334904136,0.0,-0.2157023202583198,-19.058069376271494,1.2627275325297418
dev_v2:035,alt:starboard:3:+70:+0:14,-17.42486075792987,23.420360561224587,-5.050904120084833,-1.1527162736507397,-1.2045810651012097,0.0,-0.2157023202583198,-19.058069376271494,1.0327936091511085
dev_v2:035,alt:speed:1:+0:-1:14,-22.342711356952904,19.81988909505043,-5.039750013988959,-4.032891883188824,-6.624750567615628,0.0,-0.11550763573931061,-17.052472590925806,1.2627275325297418
dev_v2:035,alt:speed:2:+0:-1:14,-20.98273557174956,20.521401018293332,-5.039750013988959,-4.526935585968918,-7.078081895594885,0.0,-0.22811236442506977,-18.41715195713393,1.2627275325297418
dev_v2:035,alt:speed:3:+0:-1:8,-16.51828863170043,22.743662518939043,-5.00943912777496,-5.02389255230397,-8.963992477379678,0.0,-0.2631001636324525,-18.975332772609537,1.8875647833468536
dev_v2:035,alt:port:1:-40:-1:14,-29.430164137828,17.90720412370666,-5.062035463165965,-0.6343161238780198,-0.7188884403559513,-0.12778062727237854,-5.2274527062541765,-19.527843530277565,0.8033289290486658
dev_v2:035,alt:starboard:0:+40:+0:14,-12.453796795021148,25.03705395453552,-5.0139267660937215,-2.4234994893657476,-11.94360383798996,0.0,-0.021011083639920537,-15.195905343273086,1.7950553275045067
dev_v2:035,alt:port:0:-20:-1:14,-27.19752324071341,18.270471168711232,-5.045607087651986,-1.8871022857436237,-4.588804418329508,0.0,-1.5127015549696567,-17.99124858445861,1.1419881460399952
dev_v2:035,alt:starboard:1:+70:+0:14,-16.571976762174387,23.631171286142802,-5.039750013988959,-1.1598983022119913,-1.2447245757879346,0.0,-0.15764951293204432,-18.783871782378654,1.2627275325297418
dev_v2:035,alt:speed:0:+0:-0.5:14,-19.55837026441863,21.1524612912629,-5.026112635965683,-4.968453987463858,-8.344312520296896,0.0,-0.03835786844783231,-14.618055427037449,1.543852331463605
dev_v2:035,alt:starboard:2:+40:-0.5:8,-15.38176822436466,22.95127623311737,-4.999758111366748,-4.095544748027317,-8.30518077715424,0.0,-0.15576984032923108,-18.466205033128798,2.087132015888835
dev_v2:035,alt:starboard:3:+40:-1:8,-17.206420277100776,22.12169444044481,-5.0139267660937215,-3.1977692753467144,-8.257473748222429,0.0,-0.24304051143690444,-18.975332772609537,1.7950553275045067
dev_v2:036,sac,-22.515553759776417,25.38990273375864,-4.707789723244923,-5.086776526306208,-9.957794538816009,0.0,0.0,-5.664465439255294,8.105851616218109
dev_v2:036,alt:port:1:-70:-1:14,-29.471211823112945,17.647982117174234,-5.065761648421189,-0.4682065354411233,-0.5311514030954546,0.0,-1.8071688361033558,-13.282329683986,0.726516283767633
dev_v2:036,alt:port:0:-40:-0.5:14,-30.99641918964744,17.56108886812446,-5.060027140843343,-0.5367012400470261,-0.537038809144087,0.0,-1.4157622773096807,-28.673713485498254,0.8447290580307742
dev_v2:036,alt:port:3:-70:-1:14,-24.939531935378213,19.608456653830668,-5.065761648421189,-0.6777309656452863,-0.6654084089541478,0.0,0.0,-13.343953167615291,0.726516283767633
dev_v2:036,alt:starboard:3:+40:+1:8,-25.507638649290037,27.287072123244656,-4.8508471442450665,-2.595613245225453,-14.031814033704606,0.0,-0.00023803252547969142,-6.550001880153535,5.1568251504253295
dev_v2:036,alt:port:2:-70:-1:14,-27.302940686701188,18.6680448517387,-5.0691315435741755,-0.7215244846892283,-0.36275968172341216,0.0,-0.5386595737724721,-11.755995094813716,0.6570483042414572
dev_v2:036,alt:starboard:1:+70:+1:8,-30.283778915506563,27.75303098900721,-4.896399152389277,-1.5858683763366237,-11.733516452448077,-4.152848668912649,-0.121819613010286,-9.98613772492875,4.2178030665087585
dev_v2:036,alt:port:1:-40:-1:14,-29.286388548655676,17.718140602388992,-5.06394535771177,-0.5018839008020765,-0.7044605184162352,0.0,-1.8071688361033558,-13.282329683986,0.7639578183221043
dev_v2:036,alt:port:0:-70:-1:14,-33.09207019873744,15.837533195510508,-5.065761648421189,-0.3590869465491065,-0.8539998351372162,0.0,-0.4873323502280009,-27.616291299892012,0.726516283767633
dev_v2:036,alt:port:3:-40:-1:14,-23.61886676745148,20.103635375809425,-5.05335956119959,-1.4128254619930123,-3.9315182320062023,0.0,0.0,-13.343953167615291,0.9821764459030136
dev_v2:036,alt:port:2:-40:-1:14,-26.841412392867944,18.86858887105852,-5.06394535771177,-0.9053590765669067,-0.5548649292243208,0.0,-0.5386595737724721,-11.755995094813716,0.7639578183221043
dev_v2:036,alt:starboard:1:+70:+0:14,-15.665899801248287,24.581684432426353,-5.0139267660937215,-0.6439799209008148,-10.040430681566184,-1.8280277198221586,0.0,-6.550001880153535,1.7950553275045067
dev_v2:036,alt:port:1:-40:-0.5:14,-28.303673179637105,18.777616504540124,-5.067488922813572,-0.5152328505226627,-0.24850346249018807,0.0,-3.310201335297333,-14.356472969899329,0.6909097569533438
dev_v2:036,alt:port:0:-20:-0.5:14,-26.581656378190495,19.38460102200741,-5.036593195157635,-1.4177820073162877,-4.3262705037913305,0.0,-0.7289228013131371,-16.443052406648512,1.327803096007705
dev_v2:036,alt:port:3:-70:-0.5:8,-19.73822057442766,22.392466525342993,-5.022253005137024,-0.8966225318635792,-5.465991536959251,0.0,0.0,-13.749485356273494,1.6234158618441348
dev_v2:036,alt:port:2:-20:-1:14,-25.358806634875126,19.468854538759214,-5.050904120084833,-1.8602203713530476,-3.049028434345007,0.0,-0.5386293683544809,-11.755995094813716,1.0327936091511085
dev_v2:036,alt:port:1:-20:-0.5:14,-26.639574879049036,19.721136853445994,-5.05335956119959,-1.3216791825545502,-0.6039823154111346,0.0,-3.1156908327024833,-14.225059466986002,0.9821764459030136
dev_v2:037,sac,-4.516019114485244,8.46230169734636,-1.8558196508759996,-1.3407394831581572,0.0,0.0,-5.1167139247516245,0.0,-200.69152757090401
dev_v2:038,sac,-35.77048873256566,27.25213224926291,-4.542022041543818,-4.295587795836303,-1.2570022752645644,0.0,0.0,-11.510635524923332,11.523033871371311
dev_v2:038,alt:starboard:2:+40:+1:4,-19.08075018332175,28.291931906010173,-4.896399152389277,-1.7804444679583864,-1.8222393344071626,0.0,0.0,-10.921879510403713,4.2178030665087585
dev_v2:038,alt:starboard:3:+20:+1:4,-14.408709125415673,28.532593669064696,-4.8508471442450665,-2.554734457918316,-4.341545709004101,0.0,0.0,-12.967559016177843,5.1568251504253295
dev_v2:038,alt:starboard:1:+70:+1:4,-26.77986440108332,28.161798684245518,-4.933656455871912,-0.9219424031455448,-0.33062283290469135,0.0,0.0,-9.958015421799603,3.449770389516387
dev_v2:038,alt:starboard:0:+70:+1:4,-37.75415338920632,27.664120285238717,-4.970837725601496,-0.5841606509074979,0.0,0.0,0.0,-8.949909915289336,2.683305093988559
dev_v2:038,alt:speed:0:+0:+0:4,-0.05852562514118858,29.36838657595232,-4.896399152389277,-0.9594619561162621,-19.14011158800113,0.0,0.0,-12.212648322171328,4.2178030665087585
dev_v2:038,alt:speed:1:+0:+0:4,-0.05852562514118858,29.36838657595232,-4.896399152389277,-0.9594619561162621,-19.14011158800113,0.0,0.0,-12.212648322171328,4.2178030665087585
dev_v2:038,alt:speed:2:+0:+0:4,-0.05852562514118858,29.36838657595232,-4.896399152389277,-0.9594619561162621,-19.14011158800113,0.0,0.0,-12.212648322171328,4.2178030665087585
dev_v2:038,alt:speed:3:+0:+0:4,-0.05852562514118858,29.36838657595232,-4.896399152389277,-0.9594619561162621,-19.14011158800113,0.0,0.0,-12.212648322171328,4.2178030665087585
dev_v2:038,alt:port:2:-20:-1:4,-9.676443535687643,25.32205311716346,-4.970837725601496,-4.266144735968416,-27.615209845058846,0.0,0.0,-23.957081827111985,2.683305093988559
dev_v2:038,alt:port:3:-20:-1:14,-14.982140127707877,23.37752337280292,-5.026112635965683,-2.324231839536896,-52.64599065589814,0.0,0.0,-14.429391241334915,1.543852331463605
dev_v2:038,alt:starboard:2:+70:+1:4,-19.599356245410416,28.29321743310427,-4.906426874260996,-1.3496296301602626,-1.9053041339652,0.0,0.0,-10.921879510403713,4.011088748687537
dev_v2:038,alt:starboard:3:+20:+1:8,-27.146965781778913,28.019605259111668,-4.7793914952784915,-2.968834709594833,-4.184039269153312,0.0,0.0,-12.967559016177843,6.629832272038515
dev_v2:038,alt:starboard:1:+40:+1:4,-25.047547250371885,28.16018490620178,-4.906426874260996,-1.9997199715946836,-0.22134664638668183,0.0,0.0,-9.958015421799603,4.011088748687537
dev_v2:038,alt:starboard:0:+40:+1:4,-34.38166885929743,28.026445790199517,-4.915963137984165,-2.0036350828697707,0.0,0.0,0.0,-8.93794593547502,3.8145054892676895
dev_v2:038,alt:speed:0:+0:+1:4,-20.755386693582818,28.575981044878905,-4.762816914598395,-1.5366105670676884,-14.69465926166893,0.0,0.0,-8.773857472152194,6.971505404010974
dev_v2:038,alt:speed:1:+0:+1:4,-18.3373083518717,28.576901487590376,-4.762816914598395,-1.3400981950439441,-12.907577301869637,0.0,0.0,-12.016420326953027,6.971505404010974
dev_v2:039,sac,-26.010673429839713,25.868539836635737,-4.6438089583857485,-5.1664215906070545,-0.4439698056000574,0.0,0.0,-6.219879051346494,9.424769345562469
dev_v2:039,alt:port:0:-40:+1:4,-38.70933403360396,27.783029689703227,-4.970837725601496,-2.131793613942224,-0.02776378834680035,0.0,0.0,-3.292891831150323,2.683305093988559
dev_v2:039,alt:port:1:-20:+1:4,-35.09146778126076,27.872992640938453,-4.925032029898121,-2.2544305464292895,-0.0213745230116218,0.0,-0.19366341661573958,-4.563439812491165,3.6275567655825034
dev_v2:039,alt:port:0:-40:+0:8,-19.838453868373847,24.707803641287924,-4.994540281327025,-1.1928317445847492,-1.2457082622740496,0.0,0.0,-3.129626671822229,2.1946938520632315
dev_v2:039,alt:port:1:-40:-1:14,-26.331019541688125,19.33514953529531,-5.05335956119959,-0.5988450464923908,-0.4821472814941269,0.0,-0.4710899048368403,-7.240377335297609,0.9821764459030136
dev_v2:039,alt:port:0:-40:+0:4,-18.56862274066269,24.878738392123783,-4.9772172167145685,-1.4143103769704672,-3.2984893598517675,0.0,0.0,-3.129626671822229,2.5517964452291038
dev_v2:039,alt:port:1:-70:-1:14,-26.743040796795942,19.19446466951929,-5.057915318198266,-0.5269538428336912,-0.20346972231391605,0.0,-0.4710899048368403,-7.240377335297609,0.8882627721705401
dev_v2:039,alt:port:0:-40:-0.5:14,-26.95794419558363,19.83197277873828,-5.048322136061955,-0.5873489878932674,-0.17424964019429112,0.0,0.0,-2.8623195083436133,1.0860193639877835
dev_v2:039,alt:port:1:-20:+0:4,-14.256917842091262,26.486953076311995,-4.957075485029767,-1.7075690033036557,-4.365066706551778,0.0,-0.4825756900995926,-6.602457774187683,2.9670038450977003
dev_v2:039,alt:port:0:-40:-1:14,-28.245175196800787,18.262818627727096,-5.045607087651986,-0.748091398418892,-1.8364224071660542,0.0,0.0,-2.947562450440445,1.1419881460399952
dev_v2:039,alt:port:1:-20:+0:8,-15.201129836626254,26.43339525940322,-4.970837725601496,-1.4392971680644835,-2.047444693074404,0.0,-0.4825756900995926,-6.602457774187683,2.683305093988559
dev_v2:039,alt:port:0:-70:-1:14,-29.96265174613706,17.574638920968543,-5.057915318198266,-0.3385687493752552,-0.5505885997918673,0.0,0.0,-2.8419370157149033,0.8882627721705401
dev_v2:039,alt:port:1:-20:+0:14,-19.15799429684293,25.985012244130022,-5.022253005137024,-1.466462576501612,0.0,0.0,-0.4825756900995926,-6.602457774187683,1.6234158618441348
dev_v2:039,alt:port:0:-70:+0:4,-22.45817590294111,23.34497528184837,-5.0139267660937215,-0.5236664564532398,-0.5030945099674714,0.0,0.0,-2.8402028507971036,1.7950553275045067
dev_v2:039,alt:port:1:-40:-1:4,-21.931674072060947,21.482702438852513,-5.0139267660937215,-1.1003414586634166,-4.261522454215039,0.0,-0.4710899048368403,-7.240377335297609,1.7950553275045067
dev_v2:039,alt:port:0:-70:+0:8,-24.0244274525635,22.66764944751306,-5.036593195157635,-0.4480795440337811,-0.1056823109938269,0.0,0.0,-2.8402028507971036,1.327803096007705
dev_v2:039,alt:port:1:-40:-1:8,-21.931674072060947,21.482702438852513,-5.0139267660937215,-1.1003414586634166,-4.261522454215039,0.0,-0.4710899048368403,-7.240377335297609,1.7950553275045067
dv4x:DV4X-CRP-CV-L-01,sac,-38.19665798807708,27.56817357490129,-4.595470831142124,-5.445311694593701,-7.281713119681809,-11.923790779786149,0.0,-14.902460740418169,10.421225282987521
dv4x:DV4X-CRP-CV-L-01,alt:starboard:3:+20:+1:4,-25.86355139835935,28.958173078095527,-4.941858199159086,-2.690988153331988,-8.825354704645472,0.0,0.0,-18.824479419255358,3.2806973148697316
dv4x:DV4X-CRP-CV-L-01,alt:port:2:-70:+1:8,-30.50848801501317,28.467850465800407,-4.896399152389277,-1.6598194828091626,-6.333199968362035,-1.8683746595873014,0.0,-9.624736591052958,4.2178030665087585
dv4x:DV4X-CRP-CV-L-01,alt:starboard:2:+70:-1:4,-23.252687959861056,22.02401713640128,-5.045607087651986,-1.0291717239215366,-3.503377635672031,-0.20864547461741476,0.0,-30.772070780533138,1.1419881460399952
dv4x:DV4X-CRP-CV-L-01,alt:starboard:1:+40:-0.5:14,-24.071868300877448,21.791184180102523,-5.048322136061955,-0.9437978873180192,-2.732815408634994,-1.0327963208054636,0.0,-29.688621650477504,1.0860193639877835
dv4x:DV4X-CRP-CV-L-01,alt:starboard:0:+20:+1:4,-40.36800793771374,28.700953720061367,-4.896399152389277,-5.216321656887016,-9.925438481014785,-1.032023878096357,0.0,-14.492700696978837,4.2178030665087585
dv4x:DV4X-CRP-CV-L-01,alt:speed:3:+0:-1:14,-19.92003114920541,22.937553004404517,-5.050904120084833,-1.3485215642657504,-2.3952910083881016,-1.1623250903141868,0.0,-19.00127844435592,1.0327936091511085
dv4x:DV4X-CRP-CV-L-01,alt:speed:2:+0:-1:14,-20.84026731729999,22.364547121285455,-5.050904120084833,-1.2805184318283198,-2.363972249900302,-1.0981878466156803,0.0,-19.426676839635455,1.0327936091511085
dv4x:DV4X-CRP-CV-L-01,alt:speed:1:+0:-0.5:14,-18.907017838624494,23.77562242646825,-5.036593195157635,-1.0823981638813394,-3.105925066222217,-1.6320370646970133,0.0,-19.249714339299388,1.327803096007705
dv4x:DV4X-CRP-CV-L-01,alt:speed:0:+0:-0.5:14,-19.447868119919587,23.470611402047524,-5.036593195157635,-0.89424386599546,-3.098526727900395,-1.6014155129842922,0.0,-21.781019853602103,1.327803096007705
dv4x:DV4X-CRP-CV-L-01,alt:port:3:-70:+1:8,-25.938006299511404,28.550652048811845,-4.863107367762888,-1.7925983228604896,-15.274229030489979,0.0,0.0,-12.3711751618761,4.904089407128558
dv4x:DV4X-CRP-CV-L-01,alt:starboard:3:+20:+0:8,-16.849866038407907,27.12268793128144,-4.994540281327025,-1.9429127669126247,-5.220829510138287,0.0,0.0,-22.603882432218935,2.1946938520632315
dv4x:DV4X-CRP-CV-L-01,alt:port:2:-70:+0:14,-12.535625348359526,25.9737225848504,-5.00943912777496,-0.9183328551445438,-4.690374317301044,-0.7348404975507672,0.0,-10.125283139975448,1.8875647833468536
dv4x:DV4X-CRP-CV-L-01,alt:starboard:2:+70:-1:8,-23.252687959861056,22.02401713640128,-5.045607087651986,-1.0291717239215366,-3.503377635672031,-0.20864547461741476,0.0,-30.772070780533138,1.1419881460399952
dv4x:DV4X-CRP-CV-L-01,alt:starboard:1:+70:-1:4,-25.10479295402537,20.925085495972603,-5.05335956119959,-0.6570386137678249,-3.141902226179388,-0.18040104020460418,0.0,-31.10772820104345,0.9821764459030136
dv4x:DV4X-CRP-CV-L-01,alt:starboard:0:+20:+1:8,-42.00234797195279,28.27659597788945,-4.810143510254394,-4.403462827920529,-12.134579924972712,-3.641536298675192,0.0,-14.492700696978837,5.995901467146528
dv4x:DV4X-CRP-CV-L-01,alt:speed:3:+0:-0.5:14,-17.70928486377,24.536256283825434,-5.033273687417616,-1.4189622532685215,-3.1848853258583225,-1.9113576643983738,0.0,-18.84286984041983,1.3962323750362355
dv4x:DV4X-CRP-VS-S-02,sac,-24.091678072032487,27.572824986852744,-4.595470831142124,-6.51242702207876,-5.424530274983694,0.0,0.0,0.0,10.421225282987521
dv4x:DV4X-CRP-VS-S-02,alt:port:0:-20:+0:14,-19.688059542606844,26.81020584049109,-4.9890535466968675,-3.7142817018221876,-0.732599996333287,0.0,0.0,0.0,2.3077989641363876
dv4x:DV4X-CRP-VS-S-02,alt:port:2:-40:-0.5:14,-23.39198296051016,21.97466272469203,-5.05335956119959,-1.7450336229142371,-0.369435743146876,0.0,0.0,0.0,0.9821764459030136
dv4x:DV4X-CRP-VS-S-02,alt:port:1:-40:-0.5:14,-25.975336103524675,20.810027094108165,-5.05569466126784,-1.8311857362085,-0.7539861194866322,0.0,0.0,0.0,0.9340400272999115
dv4x:DV4X-CRP-VS-S-02,alt:port:3:-70:-1:14,-22.950241579889504,21.357909767800123,-5.060027140843343,-1.548436276102611,-2.6091966527199473,0.0,-0.2782126416881549,0.0,0.8447290580307742
dv4x:DV4X-CRP-VS-S-02,alt:starboard:2:+20:-1:4,-9.391259477705049,26.18634206275955,-4.949657975417023,-5.908617674088528,-12.242885129022948,0.0,-0.3598381274300906,0.0,3.1199105031747614
dv4x:DV4X-CRP-VS-S-02,alt:starboard:1:+20:-0.5:4,-8.583069978192293,26.43912221817352,-4.949657975417023,-6.273748439061186,-12.60498668518232,0.0,-0.38954353384449003,0.0,3.1199105031747614
dv4x:DV4X-CRP-VS-S-02,alt:port:0:-20:+1:8,-44.3598198040196,27.71681007548893,-4.885854644723005,-4.683505611806345,-0.3692277617530975,-9.50201945098991,0.0,0.0,4.435170554047622
dv4x:DV4X-CRP-VS-S-02,alt:port:2:-20:-0.5:14,-21.94175806394319,22.862013008746658,-5.036593195157635,-2.6554673753917664,-3.229899222588281,0.0,0.0,0.0,1.327803096007705
dv4x:DV4X-CRP-VS-S-02,alt:port:1:-70:+0:8,-22.744243977818588,24.091551756823257,-5.026112635965683,-1.8814282042737067,-1.6128452416432748,0.0,0.0,0.0,1.543852331463605
dv4x:DV4X-CRP-VS-S-02,alt:port:3:-70:-0.5:14,-21.668865609762427,22.373933171667936,-5.060027140843343,-1.4730718392785929,-0.13561829419720942,0.0,-0.2795429585165704,0.0,0.8447290580307742
dv4x:DV4X-CRP-VS-S-02,alt:starboard:2:+20:-0.5:4,-8.085201298360309,26.901296799662546,-4.949657975417023,-5.8887655691698955,-12.746580375266864,0.0,-0.36792267385528404,0.0,3.1199105031747614
dv4x:DV4X-CRP-VS-S-02,alt:starboard:1:+20:-1:4,-10.291217687165316,25.558067040571494,-4.957075485029767,-6.4753563323093815,-11.761095673905004,0.0,-0.3710203949157235,0.0,2.9670038450977003
dv4x:DV4X-CRP-VS-S-02,alt:port:0:-70:+0:8,-26.547154362789776,21.672183596777707,-5.042752117286885,-0.6685363908965924,-2.4789631431072223,-11.168761983079241,0.0,0.0,1.200841319170563
dv4x:DV4X-CRP-VS-S-02,alt:port:2:-70:-1:14,-24.99298907009283,20.612907108220888,-5.062035463165965,-1.6038306121967534,-1.538832762678983,0.0,0.0,0.0,0.8033289290486658
dv4x:DV4X-CRP-VS-S-02,alt:port:1:-40:+0:8,-22.085743096853186,24.505954420712722,-5.018194465482414,-2.312095317588745,-3.9970410651745323,0.0,0.0,0.0,1.7070797554767716
dv4x:DV4X-CRP-VS-S-02,alt:port:3:-40:-0.5:14,-20.20745393452911,23.177035862518867,-5.036593195157635,-2.1629352305957372,-4.094145729725562,0.0,-0.2795429585165704,0.0,1.327803096007705
dv4x:DV4X-CRP-CV-S-03,sac,-42.69345932121283,26.897533516656768,-4.482922252776128,-5.404711385849436,-7.079145718419237,0.0,0.0,-49.8773824324807,12.741333767875854
dv4x:DV4X-CRP-CV-S-03,alt:starboard:0:+20:+1:4,-33.06474145882498,28.350233355469918,-4.810143510254394,-2.2852035654937115,-13.556163335670593,0.0,0.0,-51.052275493277534,5.995901467146528
dv4x:DV4X-CRP-CV-S-03,alt:starboard:1:+20:+1:4,-28.850862971333633,28.148706152364536,-4.874766718337886,-2.389385476917294,-8.3669944787592,0.0,0.0,-55.07178750234301,4.663740229999249
dv4x:DV4X-CRP-CV-S-03,alt:speed:0:+0:+1:4,-31.065387038905243,28.34940163537373,-4.745388151088368,-4.643279599060088,-27.56679506456545,0.0,0.0,-36.97733562072605,7.330786904388803
dv4x:DV4X-CRP-CV-S-03,alt:starboard:0:+40:+1:4,-36.55370324590368,27.75810331785115,-4.925032029898121,-2.3506353586746394,-2.106339652617346,-26.713155812683475,0.0,-51.38582785171272,3.6275567655825034
dv4x:DV4X-CRP-CV-S-03,alt:speed:0:+0:+1:8,-36.87625434768655,27.84509241452074,-4.6438089583857485,-4.10052772289291,-24.11489114000701,0.0,0.0,-36.97733562072605,9.424769345562469
dv4x:DV4X-CRP-CV-S-03,alt:speed:0:+0:+1:14,-43.31074736098991,26.294117378495287,-4.382352896415881,-4.339607605982545,-18.862876575650052,0.0,0.0,-36.97733562072605,14.814499154757922
dv4x:DV4X-CRP-VS-L-04,sac,-39.62495865891072,27.416218874415907,-4.569417767934655,-5.335558420610518,-23.47486227854133,0.0,0.0,-61.60711243502916,10.958290556334791
dv4x:DV4X-CRP-CV-S-05,sac,-35.73606775490865,27.721482210131057,-4.620247035021842,-4.589313814033313,-23.414333372498454,0.0,0.0,-61.990230618783585,9.910481551887445
dv4x:DV4X-CRP-CV-S-05,alt:starboard:0:+40:+1:4,-37.62815293518118,27.98663898145808,-4.970837725601496,-2.2896968775396207,-19.326065442739097,-5.200942943879383,0.0,-56.7716515942463,2.683305093988559
dv4x:DV4X-CRP-CV-S-05,alt:port:0:-40:-1:4,-19.120587043611646,21.17108710990457,-5.026112635965683,-2.185781804314031,-4.07756684149775,0.0,-1.7447275994704141,-19.341237936002717,1.543852331463605
dv4x:DV4X-CRP-CV-S-05,alt:starboard:1:+40:+1:4,-33.39405964204607,27.554776966175055,-4.9890535466968675,-1.7214627120323067,-20.04865344211426,-7.187822414418356,0.0,-60.19789931988569,2.3077989641363876
dv4x:DV4X-CRP-CV-S-05,alt:port:0:-40:-1:8,-19.120587043611646,21.17108710990457,-5.026112635965683,-2.185781804314031,-4.07756684149775,0.0,-1.7447275994704141,-19.341237936002717,1.543852331463605
dv4x:DV4X-CRP-CV-S-05,alt:port:0:-40:-1:14,-21.904258322369312,19.953329442563494,-5.048322136061955,-2.1887106479483953,-3.579455670415171,0.0,-1.7447275994704141,-19.341237936002717,1.0860193639877835
dv4x:DV4X-CRP-CV-S-05,alt:port:0:-70:-1:4,-21.707094761718693,20.29072408104392,-5.045607087651986,-0.5513610085441153,-4.332863627795785,0.0,-1.5347384042612495,-17.951926724976243,1.1419881460399952
dv4x:DV4X-CRP-CV-S-05,alt:port:0:-70:-1:8,-21.707094761718693,20.29072408104392,-5.045607087651986,-0.5513610085441153,-4.332863627795785,0.0,-1.5347384042612495,-17.951926724976243,1.1419881460399952
dv4x:DV4X-CRP-CV-S-05,alt:port:0:-40:-0.5:4,-15.48633982701061,22.924877125144715,-5.0139267660937215,-2.1644057150688742,-4.815400514465677,0.0,-2.975781794428137,-21.46651455377828,1.7950553275045067
dv4x:DV4X-CRP-CV-S-05,alt:port:0:-40:-0.5:8,-15.48633982701061,22.924877125144715,-5.0139267660937215,-2.1644057150688742,-4.815400514465677,0.0,-2.975781794428137,-21.46651455377828,1.7950553275045067
dv4x:DV4X-CRP-CV-L-07,sac,-37.919445062674285,27.07928674119234,-4.542022041543818,-5.5416489495689225,-5.473282684322814,0.0,0.0,-46.05299411743651,11.523033871371311
dv4x:DV4X-CRP-CV-L-07,alt:starboard:0:+20:+1:4,-28.21202662839867,27.29211708247104,-4.933656455871912,-2.8495243882746846,-4.731149742553395,0.0,0.0,-43.199740112175085,3.449770389516387
dv4x:DV4X-CRP-CV-L-07,alt:starboard:1:+20:+1:4,-23.174771023025635,27.46853486910694,-4.933656455871912,-2.429780420559828,-4.935326280689644,0.0,0.0,-45.59723279947431,3.449770389516387
dv4x:DV4X-CRP-CV-L-07,alt:speed:0:+0:+1:4,-30.241967926496418,28.474614741677826,-4.7793914952784915,-5.27131508398533,-23.467374165814537,0.0,0.0,-25.22471817323381,6.629832272038515
dv4x:DV4X-CRP-CV-L-07,alt:starboard:0:+40:+1:4,-32.88983004915601,27.417432136144352,-5.004720215816593,-1.8398603712068258,-8.331722173599326,0.0,0.0,-39.311524415598235,1.9848417799380111
dv4x:DV4X-CRP-CV-L-07,alt:starboard:1:+40:+1:4,-25.01018880698003,27.506206138108634,-4.970837725601496,-1.2988669959639985,-6.622893161572715,0.0,0.0,-45.673969648789125,2.683305093988559
dv4x:DV4X-CRP-CV-L-07,alt:speed:0:+0:+1:8,-34.818702905290834,28.111001386284705,-4.707789723244923,-4.7274288601732515,-19.089814582214107,0.0,0.0,-25.22471817323381,8.105851616218109
dv4x:DV4X-CRP-CV-L-07,alt:starboard:0:+20:+1:8,-38.29281921511222,27.59044885373202,-4.824398616842987,-3.5197229549089477,-12.370779838095265,0.0,0.0,-43.199740112175085,5.702042635437159
dv4x:DV4X-CRP-CV-L-07,alt:starboard:1:+70:+1:4,-25.247634510588902,27.52952700248809,-4.9772172167145685,-0.9739848255766625,-7.0990941560743615,0.0,0.0,-45.673969648789125,2.5517964452291038
dv4x:DV4X-CRP-CV-L-07,alt:speed:0:+0:+1:14,-43.03543751796822,26.946218853969828,-4.5132144568653905,-4.010465280506635,-13.572957464128814,0.0,0.0,-25.22471817323381,12.11688163570481
dv4x:DV4X-CRP-VS-S-08,sac,-6.107106349754767,4.716132398411792,-1.3277896941366174,-1.555853412691758,0.0,0.0,-8.200821782878304,0.0,-233.34640781974392
dv4x:DV4X-CRP-CV-S-09,sac,-37.96163804176243,27.572824986852744,-4.595470831142124,-4.858158013755691,-22.542016077343355,0.0,0.0,-39.68641186291166,10.421225282987521
dv4x:DV4X-CRP-VS-S-10,sac,-32.109026203373105,27.416506607607932,-4.569417767934655,-5.2139486687750365,-17.452183439487353,0.0,0.0,-21.982388088434565,10.958290556334791
dv4x:DV4X-CRP-VS-S-10,alt:starboard:0:+40:+0:4,-15.769990833710517,25.25222319030354,-4.9772172167145685,-2.510265945143202,-5.864003578503648,0.0,0.0,-28.432629354171794,2.5517964452291038
dv4x:DV4X-CRP-VS-S-10,alt:starboard:2:+40:-0.5:4,-19.57353005836912,23.11520685966091,-5.0139267660937215,-1.609832908593509,-8.721161847423167,0.0,0.0,-27.388068467047354,1.7950553275045067
dv4x:DV4X-CRP-VS-S-10,alt:starboard:1:+20:+1:4,-21.698696306351998,28.062213246315988,-4.874766718337886,-3.9351918223115523,-10.19343974720094,0.0,0.0,-20.261038901813183,4.663740229999249
dv4x:DV4X-CRP-VS-S-10,alt:starboard:3:+40:-0.5:4,-14.767554253302762,25.03769133968782,-4.983284049286526,-1.8950666985215585,-15.393432164676303,0.0,0.0,-24.937463424992757,2.4267330287830675
dv4x:DV4X-CRP-VS-S-10,alt:speed:1:+0:+1:4,-21.756402820455666,28.563905434447843,-4.795153756586528,-3.9771885656508785,-25.39183667524358,0.0,0.0,-19.08523950045658,6.304904523214537
dv4x:DV4X-CRP-VS-S-10,alt:speed:2:+0:+1:8,-25.068336897903528,27.894809392729453,-4.6662161130613296,-3.833152732118788,-23.067322400385784,0.0,0.0,-18.55490170348149,8.962861870232441
dv4x:DV4X-CRP-VS-S-10,alt:speed:0:+0:+1:4,-25.847357837505243,28.375458113258556,-4.795153756586528,-4.929374224349145,-27.264177280934373,0.0,0.0,-19.75711526181069,6.304904523214537
dv4x:DV4X-CRP-VS-S-10,alt:speed:3:+0:+1:4,-17.568197186059546,28.656380684574447,-4.824398616842987,-4.199624595799185,-19.680373302494214,0.0,0.0,-19.55507419047797,5.702042635437159
dv4x:DV4X-CRP-VS-S-10,alt:port:0:-70:-0.5:4,-19.450325247040727,21.59680181754201,-5.045607087651986,-0.5303013089054507,-43.31429137046229,0.0,-0.07864281451909796,-5.244901451789662,1.1419881460399952
dv4x:DV4X-CRP-VS-S-10,alt:starboard:0:+40:+0:8,-16.715889789278567,25.191646892790644,-4.983284049286526,-2.5483921393287874,-4.949662175323964,0.0,0.0,-28.432629354171794,2.4267330287830675
dv4x:DV4X-CRP-VS-S-10,alt:starboard:2:+20:+0:4,-10.98535578072672,26.939140499857984,-4.957075485029767,-2.8797651350576827,-12.94559867425291,0.0,0.0,-24.137728157657637,2.9670038450977003
dv4x:DV4X-CRP-VS-S-10,alt:starboard:1:+40:-0.5:4,-19.35897950709609,22.781844666322854,-5.004720215816593,-1.857393828149051,-7.97369980172046,0.0,0.0,-29.347166854717287,1.9848417799380111
dv4x:DV4X-CRP-VS-S-10,alt:starboard:3:+70:-0.5:4,-14.767554253302762,25.03769133968782,-4.983284049286526,-1.8950666985215585,-15.393432164676303,0.0,0.0,-24.937463424992757,2.4267330287830675
dv4x:DV4X-CRP-VS-S-10,alt:speed:1:+0:+1:8,-28.92879657920878,27.894388691719254,-4.6662161130613296,-4.121753469687122,-25.87174875603099,0.0,0.0,-19.08523950045658,8.962861870232441
dv4x:DV4X-CRP-VS-S-10,alt:speed:2:+0:+1:14,-32.08478058639702,26.70611081314833,-4.451068918356438,-3.20047708946054,-21.120281226693812,0.0,0.0,-18.55490170348149,13.397967485796144
dv4x:DV4X-CRP-VS-S-10,alt:speed:0:+0:+1:8,-33.27041539181082,27.992012624901772,-4.707789723244923,-4.850436864519313,-25.20661132604175,0.0,0.0,-19.75711526181069,8.105851616218109
dv4x:DV4X-CRS-CV-L-01,sac,-17.834135946362405,23.491210602182825,-4.8508471442450665,-5.344610221272795,-18.006930982023345,0.0,-0.30816130136166403,-14.36388112173229,5.1568251504253295
dv4x:DV4X-CRS-VS-S-02,sac,-31.955466184973005,27.25213224926291,-4.542022041543818,-4.506591824826375,-5.503676841473334,0.0,0.0,-3.247658859740464,11.523033871371311
dv4x:DV4X-CRS-VS-S-02,alt:starboard:0:+20:+1:8,-37.852339522266924,27.6407785212699,-4.874766718337886,-3.5341266694234705,-8.368962430229827,0.0,0.0,-6.707186258915847,4.663740229999249
dv4x:DV4X-CRS-VS-S-02,alt:starboard:1:+20:+0:14,-17.05773452300634,26.05445396123216,-5.018194465482414,-2.152475167059616,-8.223292657297883,0.0,-0.10833838423224751,-3.1341319194156743,1.7070797554767716
dv4x:DV4X-CRS-VS-S-02,alt:starboard:0:+20:+0:14,-15.420067504395744,26.326235673625405,-4.994540281327025,-2.7455825000598217,-14.407594817384965,0.0,0.0,-6.637731410303469,2.1946938520632315
dv4x:DV4X-CRS-VS-S-02,alt:starboard:1:+20:+1:8,-36.574256719781886,27.662994021541074,-4.885854644723005,-3.2737746698688275,-4.210106772018553,-0.559082909141141,-0.4754521901951335,-4.115035759513237,4.435170554047622
dv4x:DV4X-CRS-VS-S-02,alt:starboard:0:+20:-1:4,-21.03531332873995,20.53645390821431,-5.026112635965683,-1.4165916300695756,-19.93519727287916,0.0,0.0,-2.274192856891078,1.543852331463605
dv4x:DV4X-CRS-VS-S-02,alt:starboard:1:+70:+1:4,-32.08346258279547,26.837576191104453,-4.994540281327025,-0.8794530617401252,-1.7671514769781973,0.0,-0.294249428072624,-4.058661811457982,2.1946938520632315
dv4x:DV4X-CRS-VS-S-02,alt:starboard:0:+20:-1:8,-21.03531332873995,20.53645390821431,-5.026112635965683,-1.4165916300695756,-19.93519727287916,0.0,0.0,-2.274192856891078,1.543852331463605
dv4x:DV4X-CRS-VS-S-02,alt:starboard:1:+40:+1:4,-31.58592643835008,27.230784855582147,-4.983284049286526,-1.5010816592222818,-3.682554777429616,0.0,-0.2942473920808251,-4.058661811457982,2.4267330287830675
dv4x:DV4X-CRS-CV-S-03,sac,-29.10044742131543,27.277104709549263,-4.6438089583857485,-5.976175079191669,-18.69370182047952,0.0,0.0,-52.143662039474236,9.424769345562469
dv4x:DV4X-CRS-CV-S-03,alt:starboard:0:+70:-1:4,-21.938298527199468,19.74631510760605,-5.026112635965683,-0.5332982913014197,-2.521296415112828,0.0,-0.30144787994861305,-12.730261692361697,1.543852331463605
dv4x:DV4X-CRS-CV-S-03,alt:port:1:-40:+0:4,-21.61303775483924,24.20158629067057,-5.029783106480025,-0.8415966180050095,-11.716447090636855,-12.841089176495345,0.0,-54.18573311254428,1.468188205736805
dv4x:DV4X-CRS-CV-S-03,alt:starboard:1:+70:-1:4,-19.400399196764216,20.919298474929345,-5.018194465482414,-1.4437642211683586,-2.9080993510765794,0.0,-2.3485813853106605,-18.616948026530764,1.7070797554767716
dv4x:DV4X-CRS-CV-S-03,alt:starboard:0:+70:-1:8,-21.938298527199468,19.74631510760605,-5.026112635965683,-0.5332982913014197,-2.521296415112828,0.0,-0.30144787994861305,-12.730261692361697,1.543852331463605
dv4x:DV4X-CRS-CV-S-03,alt:port:1:-40:+0:8,-21.61303775483924,24.20158629067057,-5.029783106480025,-0.8415966180050095,-11.716447090636855,-12.841089176495345,0.0,-54.18573311254428,1.468188205736805
dv4x:DV4X-CRS-CV-S-03,alt:starboard:1:+70:-1:8,-19.400399196764216,20.919298474929345,-5.018194465482414,-1.4437642211683586,-2.9080993510765794,0.0,-2.3485813853106605,-18.616948026530764,1.7070797554767716
dv4x:DV4X-CRS-CV-S-03,alt:starboard:0:+70:-1:14,-22.78381255556103,19.400709529820418,-5.033273687417616,-0.45767900234032055,-2.402972319730802,0.0,-0.30144787994861305,-12.730261692361697,1.3962323750362355
dv4x:DV4X-CRS-CV-S-03,alt:starboard:1:+70:-1:14,-21.02177194450415,20.230071241788895,-5.029783106480025,-0.985102904219906,-2.692655560492301,0.0,-2.3485813853106605,-18.616948026530764,1.468188205736805
dv4x:DV4X-CRS-CV-S-03,alt:starboard:0:+70:-0.5:4,-18.411360642509152,21.628495407309373,-5.0139267660937215,-0.5295520691789521,-3.9025450699613624,0.0,-0.9689649467112752,-16.93030212708115,1.7950553275045067
dv4x:DV4X-CRS-CV-S-03,alt:starboard:0:+70:-0.5:8,-18.411360642509152,21.628495407309373,-5.0139267660937215,-0.5295520691789521,-3.9025450699613624,0.0,-0.9689649467112752,-16.93030212708115,1.7950553275045067
dv4x:DV4X-CRS-CV-S-03,alt:starboard:0:+70:-0.5:14,-20.432715268312993,21.018096558543558,-5.029783106480025,-0.4924235096579723,-5.492943822365222,0.0,-0.9689649467112752,-16.93030212708115,1.468188205736805
dv4x:DV4X-CRS-VS-L-04,sac,-9.54798229581485,25.464913686187113,-4.6438089583857485,-4.760563634937158,-3.3787948936384806,0.0,-1.4216392633885648,-7.6331227167245155,-28.274308036687405
dv4x:DV4X-CRS-VS-L-04,alt:starboard:0:+70:-1:4,-18.728847918765542,23.39489820729175,-5.048322136061955,-0.7887720299470925,-2.3444348432961752,0.0,-1.421964021423538,-7.365092731198776,1.0860193639877835
dv4x:DV4X-CRS-VS-L-04,alt:speed:0:+0:-1:4,-20.244987093666857,23.985008441901005,-5.036593195157635,-5.138589937965829,-3.1512360596943187,0.0,-1.9018847217598163,-15.472598738069733,1.327803096007705
dv4x:DV4X-CRS-VS-L-04,alt:starboard:1:+40:-1:4,-18.868191913777842,24.371150628853314,-5.042752117286885,-3.7032337331794647,-3.569394631165234,0.0,-2.3560401114344187,-12.820210300162344,1.200841319170563
dv4x:DV4X-CRS-VS-L-04,alt:port:0:-70:-1:8,-27.43700557462619,20.90284329408765,-5.05569466126784,-0.8030669166454181,-3.4795657384832017,0.0,-5.820673650947231,-28.792132099177536,0.9340400272999115
dv4x:DV4X-CRS-VS-L-04,alt:starboard:0:+70:-1:8,-20.442880533395495,21.726988033727046,-5.057915318198266,-0.8045084614170396,-1.4435206372927663,0.0,-1.421964021423538,-7.365092731198776,0.8882627721705401
dv4x:DV4X-CRS-VS-L-04,alt:speed:0:+0:-1:8,-21.610113616266936,23.061151764474538,-5.039750013988959,-5.010180241151871,-2.8338661356266264,0.0,-1.9018847217598163,-13.16107710052538,1.2627275325297418
dv4x:DV4X-CRS-VS-L-04,alt:starboard:1:+40:-1:8,-20.865649964827217,23.111914575568555,-5.050904120084833,-3.7288495987943704,-2.933796731922913,0.0,-2.3560401114344187,-12.823489415013709,1.0327936091511085
dv4x:DV4X-CRS-VS-L-04,alt:port:0:-40:-1:8,-27.42322136180872,20.908586702365525,-5.05569466126784,-0.8191795809995044,-3.471163854951658,0.0,-5.81191515497232,-28.75893012351078,0.9340400272999115
dv4x:DV4X-CRS-VS-L-04,alt:starboard:0:+40:-1:4,-18.8458119515384,23.630816374796474,-5.042752117286885,-1.9547761880174426,-2.6947694403103992,0.0,-1.421964021423538,-7.365092731198776,1.200841319170563
dv4x:DV4X-CRS-VS-L-04,alt:speed:0:+0:-1:14,-24.965332668833653,20.523804467206215,-5.0691315435741755,-4.604056841964981,-1.863142011204963,0.0,-1.9018847217598163,-11.660736399562698,0.6570483042414572
dv4x:DV4X-CRS-VS-L-04,alt:starboard:1:+40:-1:14,-22.49299960652926,21.238402877339663,-5.0691315435741755,-3.3085707392323287,-1.2395089793480358,0.0,-2.3560401114344187,-12.823489415013709,0.6570483042414572
dv4x:DV4X-CRS-VS-L-04,alt:port:0:-20:-1:14,-30.149956247243786,18.262015891082314,-5.080727565846434,-0.8151610500795583,-1.6233679452432261,0.0,-5.695525625834546,-14.765045382711227,0.4180045948012934
dv4x:DV4X-CRS-VS-L-04,alt:starboard:0:+40:-1:8,-20.920806537262273,22.393134208378783,-5.050904120084833,-2.3408952210640406,-2.3767028172651865,0.0,-1.421964021423538,-7.365092731198776,1.0327936091511085
dv4x:DV4X-CRS-VS-L-04,alt:starboard:1:+70:-1:4,-18.476486969344887,23.893719962299954,-5.045607087651986,-1.1089743561562626,-2.5497782165791465,0.0,-2.3528581077566924,-11.842401301392023,1.1419881460399952
dv4x:DV4X-CRS-VS-L-04,alt:port:0:-20:-1:8,-24.901333598587424,22.070560997009242,-5.048322136061955,-2.281608734792005,-3.1257779399263623,0.0,-5.709192025827803,-14.765045382711227,1.0860193639877835
dv4x:DV4X-CRS-VS-L-04,alt:starboard:0:+40:-1:14,-23.053998653065438,20.45695049898605,-5.070693659573268,-2.601728567926254,-1.0880519300052887,0.0,-1.421964021423538,-7.365092731198776,0.6248463996372937
dv4x:DV4X-CRS-CV-S-05,sac,-6.015425805110321,10.117540016316283,-2.1661175391763514,-1.2447709256130808,0.0,0.0,-2.908777734948427,-26.531841008830668,-181.50182014126085
dv4x:DV4X-CRS-CV-S-05,alt:port:0:-20:+1:8,-41.14146971439297,27.862513368261983,-4.896399152389277,-2.9944144201818066,-6.635596803498057,-5.374339884847821,0.0,-62.7047142004867,4.2178030665087585
dv4x:DV4X-CRS-VS-S-06,sac,-29.995120784929114,26.10424683456349,-4.482922252776128,-5.706104144813708,-42.00455411263495,0.0,0.0,-4.250251410821026,12.741333767875854
dv4x:DV4X-CRS-VS-S-06,alt:port:0:-20:-1:4,-21.983967630780853,19.75409348012108,-4.970837725601496,-4.602698996751528,-39.90610373518837,0.0,0.0,-3.2965525358130447,2.683305093988559
dv4x:DV4X-CRS-VS-S-06,alt:starboard:1:+20:+1:8,-34.285298197743096,26.57184058078528,-4.7793914952784915,-2.683052357879158,-40.108120772028734,0.0,0.0,-6.1886349795605735,6.629832272038515
dv4x:DV4X-CRS-VS-S-06,alt:starboard:2:+20:-1:4,-18.695188590155208,21.48615425064436,-4.957075485029767,-2.9797124704484976,-43.94448235403078,0.0,0.0,-3.723659972621915,2.9670038450977003
dv4x:DV4X-CRS-VS-S-06,alt:port:1:-20:-1:4,-20.062204261019186,20.533223841100376,-4.9641294628665245,-5.358037799130182,-54.478395209157505,0.0,0.0,-3.723659972621915,2.8215911347029534
dv4x:DV4X-CRS-VS-S-06,alt:speed:0:+0:-1:4,-22.228582783608164,19.45545070911032,-4.970837725601496,-4.998188644340843,-54.75530858976481,0.0,0.0,-3.2965525358130447,2.683305093988559
dv4x:DV4X-CRS-VS-S-06,alt:speed:1:+0:-1:4,-20.13642829303878,20.49616143717735,-4.9641294628665245,-5.429949024855645,-54.76729758053716,0.0,0.0,-3.723659972621915,2.8215911347029534
dv4x:DV4X-CRS-VS-S-06,alt:speed:2:+0:-0.5:4,-15.82143805264856,22.479818245076984,-4.941858199159086,-5.689702362708906,-51.20764194410929,0.0,0.0,-3.723659972621915,3.2806973148697316
dv4x:DV4X-CRS-VS-S-06,alt:starboard:3:+20:-0.5:4,-14.649614352143415,23.11074854675167,-4.933656455871912,-4.839277649422059,-48.65031545236242,0.0,-0.0002619106577963366,-3.723659972621915,3.449770389516387
dv4x:DV4X-CRS-VS-S-06,alt:speed:3:+0:-1:4,-16.233504129174438,22.30276609430456,-4.949657975417023,-5.767075151919737,-54.84154181771724,0.0,-0.0010658168803307005,-3.723659972621915,3.1199105031747614
dv4x:DV4X-CRS-VS-S-06,alt:port:0:-20:-1:8,-21.983967630780853,19.75409348012108,-4.970837725601496,-4.602698996751528,-39.90610373518837,0.0,0.0,-3.2965525358130447,2.683305093988559
dv4x:DV4X-CRS-VS-S-06,alt:starboard:1:+20:+1:4,-24.911817457352594,26.699362212299146,-4.837955081369003,-2.090185718732112,-37.66724084070734,0.0,0.0,-6.1886349795605735,5.422585810406311
dv4x:DV4X-CRS-VS-S-06,alt:starboard:2:+40:-1:4,-19.032730589199545,21.376524334514706,-4.957075485029767,-2.2210020637876804,-44.28490932282129,0.0,0.0,-3.723659972621915,2.9670038450977003
dv4x:DV4X-CRS-VS-S-06,alt:port:1:-20:-1:8,-20.609940644943656,20.298837678909432,-4.970837725601496,-5.349196872742121,-55.52334200448626,0.0,0.0,-3.723659972621915,2.683305093988559
dv4x:DV4X-CRS-VS-S-06,alt:speed:0:+0:-1:8,-22.228582783608164,19.45545070911032,-4.970837725601496,-4.998188644340843,-54.75530858976481,0.0,0.0,-3.2965525358130447,2.683305093988559
dv4x:DV4X-CRS-VS-S-06,alt:speed:1:+0:-1:8,-20.67230803293774,20.268419864180128,-4.970837725601496,-5.415033131579305,-54.91103929555748,0.0,0.0,-3.723659972621915,2.683305093988559
dv4x:DV4X-CRS-VS-S-06,alt:speed:2:+0:-0.5:8,-19.609263510609427,20.85384829309645,-4.983284049286526,-5.827801764147454,-52.73740442518561,0.0,0.0,-3.723659972621915,2.4267330287830675
dv4x:DV4X-CRS-CV-L-07,sac,-27.037526521247877,28.606611506008868,-4.9641294628665245,-5.502654546428984,-31.91465102711682,-1.64999207247577,0.0,-22.127133007356793,-8.46477340410886
dv4x:DV4X-CRS-CV-L-07,alt:starboard:2:+20:-0.5:14,-13.93139141040751,23.10956256643689,-5.0139267660937215,-3.7291156482275567,-25.26313616232962,0.0,0.0,-10.86846696583364,1.7950553275045067
dv4x:DV4X-CRS-CV-L-07,alt:starboard:1:+20:+1:4,-20.77080645212193,28.48788052843817,-4.810143510254394,-4.7833902524531435,-24.458940975227456,0.0,0.0,-12.8448187350782,5.995901467146528
dv4x:DV4X-CRS-CV-L-07,alt:starboard:3:+20:-0.5:4,-10.387511595784435,24.78816011133587,-4.9890535466968675,-3.758550095483461,-20.32977021179838,0.0,0.0,-10.719174567812722,2.3077989641363876
dv4x:DV4X-CRS-CV-L-07,alt:starboard:0:+20:+0:4,-5.421175848262473,27.260139114160367,-4.957075485029767,-3.6390074962074466,-15.324988004405487,0.0,-0.13627039601120183,-8.533686807328664,2.9670038450977003
dv4x:DV4X-CRS-CV-L-07,alt:speed:3:+0:-0.5:14,-13.913442901026693,23.202327032001428,-5.022253005137024,-4.1432002332546025,-21.156793756256913,0.0,0.0,-10.963874627805705,1.6234158618441348
dv4x:DV4X-CRS-CV-L-07,alt:speed:0:+0:-0.5:4,-15.3017407093312,22.482379263293872,-5.00943912777496,-3.7158442772422164,-18.53446496092106,0.0,0.0,-11.751130724868577,1.8875647833468536
dv4x:DV4X-CRS-CV-L-07,alt:speed:1:+0:-0.5:4,-13.487704372354653,23.311403531763553,-4.999758111366748,-3.82799052647443,-18.883941406533257,0.0,0.0,-8.466043503096888,2.087132015888835
dv4x:DV4X-CRS-CV-L-07,alt:speed:2:+0:-0.5:14,-14.765055703852587,22.794931925375746,-5.022253005137024,-4.040794186021838,-20.867950622329325,0.0,0.0,-10.71192437345705,1.6234158618441348
dv4x:DV4X-CRS-CV-L-07,alt:port:0:-70:-0.5:4,-27.47101629729865,18.685462911121142,-5.067488922813572,-0.4561286842947825,-22.176943489744044,0.0,0.0,-33.59103223489954,0.6909097569533438
dv4x:DV4X-CRS-CV-L-07,alt:port:1:-40:+1:4,-28.33265043799978,27.03337698642627,-5.022253005137024,-1.491490847444636,-38.32782564844651,-0.06558484400575242,0.0,-17.194407848395983,1.6234158618441348
dv4x:DV4X-CRS-CV-L-07,alt:starboard:2:+20:+0:14,-3.879877807654107,27.704830195082966,-4.949657975417023,-4.405967040377849,-24.57226993762997,0.0,0.0,-13.266150292059647,3.1199105031747614
dv4x:DV4X-CRS-CV-L-07,alt:starboard:1:+20:-1:14,-19.813083071872402,20.40063259839814,-5.036593195157635,-2.963494477578692,-20.3621650576729,0.0,0.0,-9.316384195256626,1.327803096007705
dv4x:DV4X-CRS-CV-L-07,alt:starboard:3:+20:-1:4,-12.657992220704886,23.72542487492348,-4.999758111366748,-3.7146174461466006,-21.221648097024428,0.0,0.0,-10.125519521212524,2.087132015888835
dv4x:DV4X-CRS-CV-L-07,alt:starboard:0:+20:+0:8,-5.421175848262473,27.260139114160367,-4.957075485029767,-3.6390074962074466,-15.324988004405487,0.0,-0.13627039601120183,-8.533686807328664,2.9670038450977003
dv4x:DV4X-CRS-CV-L-07,alt:speed:3:+0:-1:4,-13.3564615653126,23.401828515254948,-5.004720215816593,-4.2097029017085275,-19.43893337449422,0.0,0.0,-11.11430332565811,1.9848417799380111
dv4x:DV4X-CRS-CV-L-07,alt:speed:0:+0:-0.5:8,-15.3017407093312,22.482379263293872,-5.00943912777496,-3.7158442772422164,-18.53446496092106,0.0,0.0,-11.751130724868577,1.8875647833468536
dv4x:DV4X-CRS-VS-S-08,sac,-40.68412388168111,26.897533516656768,-4.482922252776128,-4.66868688558126,-10.555237354387673,0.0,0.0,-3.1696597921565592,12.741333767875854
dv4x:DV4X-CRS-VS-S-08,alt:port:3:-40:-1:8,-25.02563698149654,20.575113609586207,-5.05335956119959,-1.6226519430720718,-2.301436811840918,-0.6134561663455299,-2.2762000447365405,-27.918121400415853,0.9821764459030136
dv4x:DV4X-CRS-VS-S-08,alt:port:1:-40:-0.5:14,-21.76711594911845,22.632309648984307,-5.033273687417616,-2.5284303483912405,-2.990197004382643,-2.6461481552817854,-1.4278712573119368,-22.360122200764224,1.3962323750362355
dv4x:DV4X-CRS-VS-S-08,alt:port:2:-40:-0.5:8,-21.66722636305579,23.07355742547668,-5.033273687417616,-2.675916207902954,-3.1767842561137214,-1.7352795897498738,-2.0009639679274533,-23.922799154756955,1.3962323750362355
dv4x:DV4X-CRS-VS-S-08,alt:port:3:-40:-1:14,-25.338164741093223,20.297843109705028,-5.05569466126784,-1.554863291352393,-2.103138846516678,-0.9087944321620244,-2.2762000447365405,-27.918121400415853,0.9340400272999115
dv4x:DV4X-CRS-VS-S-08,alt:port:2:-40:-0.5:14,-22.76776138249865,22.221863236789467,-5.039750013988959,-2.3149550914257118,-2.9480799641728836,-5.1889198093925195,-2.0009639679274533,-23.922799154756955,1.2627275325297418
dv4x:DV4X-CRS-CV-S-09,sac,-35.69739221314536,24.22965962550154,-4.482922252776128,-4.832356016507894,-7.836828939869502,0.0,0.0,-8.594588243361521,12.741333767875854
dv4x:DV4X-CRS-CV-S-09,alt:port:3:-20:+0:14,-27.56482081837647,23.78041223927078,-4.994540281327025,-3.61482943601519,-12.791481801540709,0.0,0.0,-20.86769290352662,2.1946938520632315
dv4x:DV4X-CRS-CV-S-09,alt:port:1:-40:-1:4,-27.012728664274345,19.157277681057646,-4.994540281327025,-2.3944970862481294,-19.106456509256287,0.0,0.0,-16.536663615762407,2.1946938520632315
dv4x:DV4X-CRS-CV-S-09,alt:speed:3:+0:-0.5:4,-24.599646822859103,20.69424444272131,-4.983284049286526,-1.5800005058778106,-21.663209946444542,0.0,0.0,-19.636785700960758,2.4267330287830675
dv4x:DV4X-CRS-CV-S-09,alt:port:0:-40:-0.5:4,-26.842748742673642,19.274872372316917,-4.994540281327025,-2.022690389329067,-18.865762705027862,0.0,0.0,-17.41739584085617,2.1946938520632315
dv4x:DV4X-CRS-CV-S-09,alt:port:2:-20:+0:14,-28.876689624020987,23.278771812187127,-5.018194465482414,-3.845228062975398,-6.240700642115817,-0.11995384320430164,0.0,-20.476685776040757,1.7070797554767716
dv4x:DV4X-CRS-CV-S-09,alt:speed:0:+0:-0.5:14,-31.889564072921676,16.679585087630283,-5.039750013988959,-0.4038844370058791,-14.187445275000828,0.0,0.0,-16.93050456574782,1.2627275325297418
dv4x:DV4X-CRS-CV-S-09,alt:speed:2:+0:-0.5:14,-30.16106504403571,17.86636771131092,-5.036593195157635,-0.8327495058315554,-19.226904827987322,-0.00013487808009108226,0.0,-16.44875103449641,1.327803096007705
dv4x:DV4X-CRS-CV-S-09,alt:speed:1:+0:-0.5:14,-30.905373612678726,17.320201799405016,-5.036593195157635,-0.5262886256999494,-16.779343638782667,-7.973005593397075e-06,0.0,-16.94968788143588,1.327803096007705
dv4x:DV4X-CRS-CV-S-09,alt:port:3:-70:-0.5:4,-24.599646822859103,20.69424444272131,-4.983284049286526,-1.5800005058778106,-21.663209946444542,0.0,0.0,-19.636785700960758,2.4267330287830675
dv4x:DV4X-CRS-CV-S-09,alt:port:1:-70:-0.5:4,-25.69230641447545,19.882752675127946,-4.9890535466968675,-1.4110610971407205,-17.677493722537314,0.0,0.0,-16.289518549904216,2.3077989641363876
dv4x:DV4X-CRS-CV-S-09,alt:speed:3:+0:-0.5:14,-29.435337788830616,18.38956067160687,-5.033273687417616,-0.8171828209335492,-21.744565896647718,-6.283919561154214e-05,0.0,-18.430240298081056,1.3962323750362355
dv4x:DV4X-CRS-CV-S-09,alt:port:0:-70:-1:4,-28.638117264345816,17.993940279393506,-4.999758111366748,-1.3651458417778093,-13.723831758533414,0.0,0.0,-16.10118590018172,2.087132015888835
dv4x:DV4X-CRS-CV-S-09,alt:port:2:-70:-0.5:4,-25.032330604071195,20.31906743805775,-4.983284049286526,-1.658026113500907,-19.72494929386419,0.0,0.0,-17.655296437376112,2.4267330287830675
dv4x:DV4X-CRS-CV-S-09,alt:speed:0:+0:-1:4,-28.638117264345816,17.993940279393506,-4.999758111366748,-1.3651458417778093,-13.723831758533414,0.0,0.0,-16.10118590018172,2.087132015888835
dv4x:DV4X-CRS-CV-S-09,alt:speed:2:+0:-0.5:4,-25.032330604071195,20.31906743805775,-4.983284049286526,-1.658026113500907,-19.72494929386419,0.0,0.0,-17.655296437376112,2.4267330287830675
dv4x:DV4X-CRS-CV-S-09,alt:speed:1:+0:-0.5:4,-25.69230641447545,19.882752675127946,-4.9890535466968675,-1.4110610971407205,-17.677493722537314,0.0,0.0,-16.289518549904216,2.3077989641363876
dv4x:DV4X-CRS-VS-S-10,sac,-17.632198212729808,26.137396705194725,-4.727061183827396,-4.668738103711951,-7.007956423474268,0.0,-0.00018268815077480318,-3.5221049050651914,7.708584232989255
dv4x:DV4X-CRS-VS-S-10,alt:starboard:0:+70:-1:4,-13.524722634601773,23.39869778887879,-4.925032029898121,-1.284184817495187,-3.672006191121013,0.0,0.0,-8.494290371411996,3.6275567655825034
dv4x:DV4X-CRS-VS-S-10,alt:speed:0:+0:-1:4,-11.154363517294609,24.55637419699873,-4.896399152389277,-4.164213999564437,-8.76601220850926,0.0,-9.883596203417117e-05,-9.218459971036838,4.2178030665087585
dv4x:DV4X-CRS-VS-S-10,alt:starboard:1:+70:-1:4,-12.81422789353105,23.79920122996637,-4.915963137984165,-1.4469074041923904,-3.5539221548173816,0.0,-0.01030872967770688,-11.581294789761904,3.8145054892676895
dv4x:DV4X-CRS-VS-S-10,alt:starboard:2:+70:-1:4,-12.113654672829425,24.124547729245652,-4.906426874260996,-1.7159030520111676,-3.238033091239105,0.0,-0.027847287506294657,-9.152995336963903,4.011088748687537
dv4x:DV4X-CRS-VS-S-10,alt:speed:1:+0:-1:4,-10.430066118519454,24.962023442417635,-4.885854644723005,-4.309761135919745,-9.59327068295476,0.0,-0.010454606344055404,-10.657520108338606,4.435170554047622
dv4x:DV4X-CRS-VS-S-10,alt:starboard:3:+70:-1:4,-12.235707458041098,24.13811219079102,-4.915963137984165,-1.369604327038152,-2.104991627941221,0.0,-0.050740391097477654,-7.367806915612388,3.8145054892676895
dv4x:DV4X-CRS-VS-S-10,alt:speed:2:+0:-1:4,-9.574804040128486,25.36887001905726,-4.874766718337886,-4.725935902521427,-10.474170969425222,0.0,-0.028320798552245525,-11.47331947615498,4.663740229999249
dv4x:DV4X-CRS-VS-S-10,alt:speed:3:+0:-1:4,-9.099365718387503,25.618385964479298,-4.874766718337886,-4.506686684683313,-10.39379119527627,0.0,-0.051220415310515854,-12.410093016366089,4.663740229999249
dv4x:DV4X-CRS-VS-S-10,alt:port:3:-70:-1:4,-10.618457619693498,25.454936050207884,-4.896399152389277,-2.131781795824286,-18.59234648859258,0.0,-0.05661891856180005,-12.98451186163862,4.2178030665087585
dv4x:DV4X-CRS-VS-S-10,alt:starboard:0:+70:-1:8,-16.189180474804857,22.27262818114713,-4.949657975417023,-0.8845263635180751,-2.3386938027426516,0.0,0.0,-5.938198416283111,3.1199105031747614
dv4x:DV4X-CRS-VS-S-10,alt:speed:0:+0:-1:8,-12.899527327772812,23.84997556144715,-4.915963137984165,-3.7857630854444793,-8.981395708941692,0.0,-9.883596203417117e-05,-10.035857416364474,3.8145054892676895
dv4x:DV4X-CRS-VS-S-10,alt:starboard:1:+70:-1:8,-17.296791743307647,21.960734187356387,-4.9641294628665245,-0.9993546012463149,-1.6261122805961241,0.0,-0.01030872967770688,-6.979330849349031,2.8215911347029534
dv4x:DV4X-CRS-VS-S-10,alt:starboard:2:+70:-1:8,-17.648304252753785,21.94832880387744,-4.9772172167145685,-1.087161942345675,-1.672906257423381,0.0,-0.027847287506294657,-7.6972051289152645,2.5517964452291038
dv4x:DV4X-CRS-VS-S-10,alt:speed:1:+0:-1:8,-16.724005751132914,22.33916713772405,-4.957075485029767,-3.490670552991648,-10.989001047186393,0.0,-0.010454606344055404,-12.149538965522629,2.9670038450977003
dv4x:DV4X-CRS-VS-S-10,alt:starboard:3:+70:-1:8,-18.358902762349008,21.817109910160248,-4.994540281327025,-0.8907600876264222,-1.972075205699336,0.0,-0.050740391097477654,-7.4604121262419545,2.1946938520632315
dv4x:DV4X-CRS-VS-S-10,alt:speed:2:+0:-1:8,-15.41063235555755,22.9837716123372,-4.949657975417023,-3.9205393729838547,-12.079481898843966,0.0,-0.028320798552245525,-11.330874664810551,3.1199105031747614
