policy,class,width,dcpa_m,ct_deg,crossing_side,dcpa_below_floor,crossing_escapable,outcome,collided,collided_target,steps,return,colregs_integral,frames_v_port,frames_v_bow,frames_v_side,frames_v_hold,frames_v_r8,integral_v_port,integral_v_bow,integral_v_side,integral_v_hold,integral_v_r8,mean_speed,max_speed,min_target_range,rms_cte,estops,estop_reasons,estop_then_target_collision,first_engaged_cls,engaged_frames,p_port_sense,ever_port_sense_non_overtaking,r_path_max,test_id,layout,encounter,speed
encounter_vo,crossing,9.200000000000001,0.03380985441247292,114.79649268729816,port,,False,collision:target,True,True,14,-324.3232424882657,-27.369180463284675,3,3,0,0,6,1.470658872436007,1.3502905684109805,0.0,0.0,2.9789957180204625,0.5426783564858303,0.5563944490972703,1.3908156369028843,0.34209045060055243,0,,False,crossing,6,1.0,True,0.0,P2-L1-CRP-FIX-01,L1,CRP,FIX
encounter_vo,crossing,9.200000000000001,0.03380985441247292,114.79649268729816,port,,False,collision:target,True,True,13,-311.16468696731914,-16.974399796626013,2,2,0,0,5,0.6345948154474041,0.8727423741040392,0.0,0.0,2.1140179351880817,0.5344453737071754,0.5563944490972703,1.6206002831597501,0.3055780429013299,0,,False,crossing,5,1.0,True,0.0,P2-L1-CRP-VAR-01,L1,CRP,VAR
encounter_vo,crossing,9.200000000000001,2.4440999434399604,91.19658808783723,port,,True,collision:target,True,True,31,-358.5967961943376,-9.797514278987467,7,1,0,0,1,1.5365292565406565,0.39700486724799733,0.0,0.0,0.05033785916302891,0.5410745444204897,0.5575874765349456,1.3079292508700509,1.1604405507684958,0,,False,crossing,8,1.0,True,0.0,P2-L1-CRP-FIX-02,L1,CRP,FIX
encounter_vo,crossing,9.200000000000001,2.4440999434399604,91.19658808783723,port,,True,collision:target,True,True,31,-349.78567704882227,-9.797514278987467,7,1,0,0,1,1.5365292565406565,0.39700486724799733,0.0,0.0,0.05033785916302891,0.5406814777383552,0.5575874765349456,1.4326315259233435,1.1312840950910275,0,,False,crossing,8,1.0,True,0.0,P2-L1-CRP-VAR-02,L1,CRP,VAR
encounter_vo,crossing,9.200000000000001,2.441843088872972,156.9026208915265,port,,True,goal,False,False,72,22.488832628276455,-11.552423659741377,15,0,0,0,1,2.326608054378497,0.0,0.0,0.0,0.007936397903959131,0.5350157438700202,0.5633579101593655,3.401933844467699,0.6793679983213332,0,,False,crossing,15,1.0,True,0.0,P2-L1-CRP-FIX-03,L1,CRP,FIX
encounter_vo,crossing,9.200000000000001,2.441843088872972,156.9026208915265,port,,True,goal,False,False,72,22.488832628276455,-11.552423659741377,15,0,0,0,1,2.326608054378497,0.0,0.0,0.0,0.007936397903959131,0.5350157438700202,0.5633579101593655,3.194344039181608,0.6793679983213332,0,,False,crossing,15,1.0,True,0.0,P2-L1-CRP-VAR-03,L1,CRP,VAR
encounter_vo,crossing,9.200000000000001,0.40644124157519806,104.7661286962666,port,,False,collision:target,True,True,13,-327.9646449904918,-28.36584140905299,5,5,0,0,8,1.2952839537173453,2.137831768898547,0.0,0.0,2.527093018245404,0.5083257050468245,0.555940678177788,1.5385257791498466,0.1522166895467117,0,,False,crossing,10,1.0,True,0.0,P2-L1-CRP-FIX-04,L1,CRP,FIX
encounter_vo,crossing,9.200000000000001,0.40644124157519806,104.7661286962666,port,,False,collision:target,True,True,13,-326.305328587322,-29.819574182163095,5,5,0,0,8,1.2924420086588397,2.2141030405359636,0.0,0.0,2.7693724863664038,0.5281806663374934,0.555940678177788,1.5867326206001082,0.15585619578018783,0,,False,crossing,10,1.0,True,0.0,P2-L1-CRP-VAR-04,L1,CRP,VAR
encounter_vo,crossing,9.200000000000001,2.181423550527398,115.7837675325377,port,,True,goal,False,False,72,39.17639746539118,0.0,0,0,0,0,0,0.0,0.0,0.0,0.0,0.0,0.534151927372982,0.5639207987604989,3.3890528812648846,0.8497626526600792,0,,False,never,0,0.0,False,0.0,P2-L1-CRP-FIX-05,L1,CRP,FIX
encounter_vo,crossing,9.200000000000001,2.181423550527398,115.7837675325377,port,,True,goal,False,False,72,39.17639746539118,0.0,0,0,0,0,0,0.0,0.0,0.0,0.0,0.0,0.534151927372982,0.5639207987604989,3.264113158611843,0.8497626526600792,0,,False,never,0,0.0,False,0.0,P2-L1-CRP-VAR-05,L1,CRP,VAR
encounter_vo,crossing,9.200000000000001,1.6044359338476681,94.72144402745336,port,,True,collision:target,True,True,25,-380.0711123182144,-38.307808375258,10,3,0,0,8,4.453399703171164,0.9166397294867425,0.0,0.0,2.6058029296891903,0.5425947395605497,0.5597232519578362,1.324930025765198,0.8408497251862601,0,,False,crossing,14,1.0,True,0.0,P2-L1-CRP-FIX-06,L1,CRP,FIX
encounter_vo,crossing,9.200000000000001,1.6044359338476681,94.72144402745336,port,,True,collision:target,True,True,26,-381.0628534101632,-26.798033228299246,10,2,0,0,4,4.453399703171164,0.3739967095459849,0.0,0.0,0.6449824411887461,0.5289734604654529,0.5593422850954181,1.5591113311825748,0.8495515752418841,0,,False,crossing,10,1.0,True,0.0,P2-L1-CRP-VAR-06,L1,CRP,VAR
encounter_vo,crossing,9.200000000000001,2.374436245626427,105.37486304409231,port,,True,collision:target,True,True,24,-365.10431369552083,-21.2003215829629,8,5,0,0,6,3.1447059560078436,0.809047355660248,0.0,0.0,0.3620539311568536,0.5079944207624305,0.5622408134752042,1.552496653293488,0.8138125452176443,0,,False,crossing,8,1.0,True,0.0,P2-L1-CRP-FIX-07,L1,CRP,FIX
encounter_vo,crossing,9.200000000000001,2.374436245626427,105.37486304409231,port,,True,collision:target,True,True,24,-372.9479633210286,-20.204290793041167,8,3,0,0,3,3.1446367238297444,0.6696840280603731,0.0,0.0,0.2940895713744636,0.5070933180371143,0.5622408134752042,1.3148391384961247,0.8157274779198778,0,,False,crossing,8,1.0,True,0.0,P2-L1-CRP-VAR-07,L1,CRP,VAR
encounter_vo,crossing,9.200000000000001,1.064109768090642,144.70588311728267,port,,False,goal,False,False,72,-16.071198243657065,-59.06733577553652,15,13,0,0,14,7.894643229673113,0.5132605562857981,0.0,0.0,3.87738045223109,0.539381058769173,0.5630529696255966,1.9398632373916784,0.8782607552836171,0,,False,crossing,15,1.0,True,0.0,P2-L1-CRP-FIX-08,L1,CRP,FIX
encounter_vo,crossing,9.200000000000001,1.064109768090642,144.70588311728267,port,,False,goal,False,False,72,-13.13262303277476,-58.02118028056337,15,13,0,0,14,7.799738368777943,0.5255478647241708,0.0,0.0,3.735780761050643,0.5391023620891393,0.5631694904505944,2.0460328027217,0.8021897433937781,0,,False,crossing,15,1.0,True,0.0,P2-L1-CRP-VAR-08,L1,CRP,VAR
encounter_vo,crossing,9.200000000000001,2.19745828772721,168.42086988781745,port,,True,goal,False,False,72,34.099691467107164,-18.042624165401307,13,1,0,0,1,3.488281500809788,0.037082185496625716,0.0,0.0,0.13157198181878993,0.5363925089948053,0.5576870398960433,3.0709449321582833,0.8109795803456454,0,,False,crossing,13,1.0,True,0.0,P2-L1-CRP-FIX-09,L1,CRP,FIX
encounter_vo,crossing,9.200000000000001,2.19745828772721,168.42086988781745,port,,True,goal,False,False,72,33.98014887072023,-18.16216676178823,13,1,0,0,2,3.488281500809788,0.037082185496625716,0.0,0.0,0.158137003238106,0.5363925089948053,0.5576870398960433,2.9169118996760206,0.8109795803456454,0,,False,crossing,13,1.0,True,0.0,P2-L1-CRP-VAR-09,L1,CRP,VAR
encounter_vo,crossing,9.200000000000001,1.2934028333293044,164.40023763818755,port,,True,goal,False,False,71,10.55318476691454,-37.23845270759923,14,3,0,0,5,6.694999720752766,0.021468610842511,0.0,0.0,0.8870965480450222,0.5414394730489747,0.565762818274411,2.1707094190539684,0.7796379199374547,0,,False,crossing,14,1.0,True,0.0,P2-L1-CRP-FIX-10,L1,CRP,FIX
encounter_vo,crossing,9.200000000000001,1.2934028333293044,164.40023763818755,port,,True,goal,False,False,71,12.044063009767243,-35.0873443395388,13,2,0,0,4,6.318603693830524,0.015037389145848599,0.0,0.0,0.8301824397346136,0.5414200108874365,0.5657755549748472,2.0812137897817347,0.8022373707130939,0,,False,crossing,13,1.0,True,0.0,P2-L1-CRP-VAR-10,L1,CRP,VAR
encounter_vo,crossing,9.200000000000001,1.0576817950008786,148.95068178029868,port,,False,goal,False,False,72,-5.583812802184283,-43.122762122330506,13,14,0,0,11,6.5056529150324565,0.6964518996204411,0.0,0.0,1.6605207310663697,0.5320518829990145,0.5621211561246598,1.9779245243388874,0.7066522136664367,0,,False,crossing,16,1.0,True,0.0,P2-L1-CRP-FIX-11,L1,CRP,FIX
encounter_vo,crossing,9.200000000000001,1.0576817950008786,148.95068178029868,port,,False,goal,False,False,74,-16.584135127205172,-50.529987967246385,16,15,0,0,8,8.698518816664304,0.4494892081708168,0.0,0.0,1.1660773876250072,0.5250254483337725,0.5621211561246598,2.5435470843883703,0.9951216787266215,0,,False,crossing,17,1.0,True,0.0,P2-L1-CRP-VAR-11,L1,CRP,VAR
encounter_vo,crossing,9.200000000000001,1.5408739920251886,152.25017342614643,port,,True,goal,False,False,73,-0.1950205012185222,-36.1246072978514,15,11,0,0,11,5.741499488856179,0.09555684353095902,0.0,0.0,1.6069285450077933,0.5261176895685832,0.5576365255738532,2.513314864594045,0.8590209453190859,0,,False,crossing,15,1.0,True,0.0,P2-L1-CRP-FIX-12,L1,CRP,FIX
encounter_vo,crossing,9.200000000000001,1.5408739920251886,152.25017342614643,port,,True,goal,False,False,73,-4.130484161620259,-40.060070958253135,17,10,0,0,10,6.7409498018804905,0.07773300889658262,0.0,0.0,1.401686898868138,0.5261176895685832,0.5576365255738532,2.8061381270068657,0.8590209453190859,0,,False,crossing,17,1.0,True,0.0,P2-L1-CRP-VAR-12,L1,CRP,VAR
encounter_vo,crossing,9.200000000000001,1.4351942245117044,167.78041548083337,port,,True,goal,False,False,72,7.542266254650329,-24.61131890041881,15,3,0,0,10,3.7367302034173084,0.02180556781833503,0.0,0.0,1.3347926295116384,0.5357864404470936,0.5546656901543199,2.398457457092761,0.7539362791866134,0,,False,crossing,15,1.0,True,0.0,P2-L1-CRP-FIX-13,L1,CRP,FIX
encounter_vo,crossing,9.200000000000001,1.4351942245117044,167.78041548083337,port,,True,goal,False,False,72,6.923498704233296,-25.230086450835845,15,3,0,0,10,3.7367302034173084,0.019756093624995648,0.0,0.0,1.4745509512169868,0.5357864404470936,0.5546656901543199,2.2617796356443693,0.7539362791866134,0,,False,crossing,15,1.0,True,0.0,P2-L1-CRP-VAR-13,L1,CRP,VAR
encounter_vo,crossing,9.200000000000001,1.8254532858130468,112.98787187738486,port,,True,collision:target,True,True,24,-364.81342267809777,-21.789221109837253,8,2,0,0,3,2.9754499626100213,0.96074913308092,0.0,0.0,0.5122301302593537,0.5267675914462862,0.5628538455612819,1.304616218490718,0.8610185957992199,0,,False,crossing,8,1.0,True,0.0,P2-L1-CRP-FIX-14,L1,CRP,FIX
encounter_vo,crossing,9.200000000000001,1.8254532858130468,112.98787187738486,port,,True,collision:target,True,True,23,-363.30551058659137,-21.789221109837253,8,2,0,0,3,2.9754499626100213,0.96074913308092,0.0,0.0,0.5122301302593537,0.539320803870593,0.5608400410489793,1.3731912010915455,0.8008753007924063,0,,False,crossing,8,1.0,True,0.0,P2-L1-CRP-VAR-14,L1,CRP,VAR
encounter_vo,crossing,9.200000000000001,0.7014434332234137,145.4128351198495,port,,False,goal,False,False,72,-12.365264167035193,-60.705605957780264,15,11,0,0,14,6.778396073376304,0.9807059592530454,0.0,0.0,4.955122421392218,0.5361851633211843,0.5610546934898959,1.592087147315663,0.8018746848321047,0,,False,crossing,15,1.0,True,0.0,P2-L1-CRP-FIX-15,L1,CRP,FIX
encounter_vo,crossing,9.200000000000001,0.7014434332234137,145.4128351198495,port,,False,goal,False,False,71,0.8850826082136649,-55.32159027952437,16,13,0,0,14,6.03505493977812,1.0410156284061283,0.0,0.0,4.5100091037805194,0.5398732006446337,0.5610546934898959,2.014416676867076,0.7421476739434959,0,,False,crossing,16,1.0,True,0.0,P2-L1-CRP-VAR-15,L1,CRP,VAR
encounter_vo,crossing,9.200000000000001,1.4953392071914902,97.33560667774907,port,,True,collision:target,True,True,24,-357.5766623856821,-23.143853195585816,10,2,0,0,5,3.4229334209834557,0.5545311359597423,0.0,0.0,0.76786747527044,0.5149905190909553,0.5589073985478937,1.3939185266141938,0.8687313618911721,0,,False,crossing,10,1.0,True,0.0,P2-L1-CRP-FIX-16,L1,CRP,FIX
encounter_vo,crossing,9.200000000000001,1.4953392071914902,97.33560667774907,port,,True,collision:target,True,True,24,-355.3331502151884,-23.143853195585816,10,2,0,0,5,3.4229334209834557,0.5545311359597423,0.0,0.0,0.76786747527044,0.535780984214897,0.5589073985478937,1.355747946748625,0.8672878725100757,0,,False,crossing,10,1.0,True,0.0,P2-L1-CRP-VAR-16,L1,CRP,VAR
encounter_vo,crossing,9.200000000000001,0.18050019824106867,96.9959784574685,port,,False,collision:target,True,True,19,-423.2861978081029,-114.59378488258079,16,12,0,0,15,13.099330476639707,7.241727148339122,0.0,0.0,4.233546890491843,0.5087795059438212,0.555376503548881,1.2390168281780911,0.6052452881974673,0,,False,crossing,16,1.0,True,0.0,P2-L1-CRP-FIX-17,L1,CRP,FIX
encounter_vo,crossing,9.200000000000001,0.18050019824106867,96.9959784574685,port,,False,collision:target,True,True,18,-408.58365675983623,-101.49140574778772,15,9,0,0,14,12.113726956746468,4.948008663575411,0.0,0.0,3.8791673202243246,0.4973893043513428,0.555376503548881,1.1645986544809968,0.535082505135374,0,,False,crossing,15,1.0,True,0.0,P2-L1-CRP-VAR-17,L1,CRP,VAR
encounter_vo,crossing,9.200000000000001,0.42316412535436526,94.36357564554974,port,,False,collision:target,True,True,16,-388.7988235556189,-86.35442628943571,14,4,0,0,14,9.641160200943347,2.462787615062311,0.0,0.0,6.047939796357583,0.5072087982496183,0.5566807010559346,1.2460637491607067,0.47998125739464886,0,,False,crossing,14,1.0,True,0.0,P2-L1-CRP-FIX-18,L1,CRP,FIX
encounter_vo,crossing,9.200000000000001,0.42316412535436526,94.36357564554974,port,,False,collision:target,True,True,14,-363.20830491454217,-67.31884752895735,12,3,0,0,12,7.854579873069052,1.763558542727762,0.0,0.0,4.379791637947356,0.5258775313959857,0.5566807010559346,1.3768981464374894,0.381391915920248,0,,False,crossing,12,1.0,True,0.0,P2-L1-CRP-VAR-18,L1,CRP,VAR
encounter_vo,crossing,9.200000000000001,1.2019458236533642,169.4357612192603,port,,True,collision:obstacle,True,False,17,-348.72877656021114,-29.071224073220943,12,1,0,0,12,4.231429705628315,0.0003955858313328241,0.0,0.0,1.8052641956657076,0.5378299867733776,0.5618853724151491,1.943636696608069,0.45360789953318625,0,,False,crossing,15,1.0,True,0.0,P2-L1-CRP-FIX-19,L1,CRP,FIX
encounter_vo,crossing,9.200000000000001,1.2019458236533642,169.4357612192603,port,,True,collision:obstacle,True,False,17,-348.8660583027744,-29.26044750085296,12,1,0,0,12,4.236083896865531,0.0003955858313328241,0.0,0.0,1.8421942358896621,0.5380382525696927,0.5618853724151491,1.8932950592698377,0.4536319479367469,0,,False,crossing,15,1.0,True,0.0,P2-L1-CRP-VAR-19,L1,CRP,VAR
encounter_vo,crossing,9.200000000000001,0.037613085708079474,123.33792062206732,port,,False,collision:target,True,True,15,-380.16677164186285,-81.37224473919761,13,9,0,0,12,9.10966665274619,3.07987455100707,0.0,0.0,5.036173907408791,0.5336992743407885,0.5622648072879607,1.2653802981824447,0.4437116062453497,0,,False,crossing,13,1.0,True,0.0,P2-L1-CRP-FIX-20,L1,CRP,FIX
encounter_vo,crossing,9.200000000000001,0.037613085708079474,123.33792062206732,port,,False,collision:target,True,True,17,-403.21082350760895,-96.84448244932253,15,13,0,0,15,10.381217821758591,4.505046310000183,0.0,0.0,5.3438584887312865,0.5345399578439317,0.5622648072879607,1.271026326372432,0.5450479638645204,0,,False,crossing,15,1.0,True,0.0,P2-L1-CRP-VAR-20,L1,CRP,VAR
encounter_vo,crossing,9.200000000000001,1.859445207346613,236.4375522180631,starboard,,True,goal,False,False,75,31.704541452746923,0.0,0,0,0,0,0,0.0,0.0,0.0,0.0,0.0,0.5194128805575708,0.552200857105809,3.1800275420675357,0.8889136804978105,0,,False,never,0,0.0,False,0.0,P2-L1-CRS-FIX-01,L1,CRS,FIX
encounter_vo,crossing,9.200000000000001,1.859445207346613,236.4375522180631,starboard,,True,goal,False,False,75,31.704541452746923,0.0,0,0,0,0,0,0.0,0.0,0.0,0.0,0.0,0.5194128805575708,0.552200857105809,3.0361707244920724,0.8889136804978105,0,,False,never,0,0.0,False,0.0,P2-L1-CRS-VAR-01,L1,CRS,VAR
encounter_vo,crossing,9.200000000000001,1.216377524892998,213.54721603784083,starboard,,False,collision:target,True,True,17,-324.6355513813518,-11.29092915896461,6,0,0,0,5,1.7594572189823399,0.0,0.0,0.0,0.5736924277782279,0.4847718996985763,0.5557228798071062,1.8322709796226617,0.331367448079001,0,,False,crossing,15,0.0,False,0.0,P2-L1-CRS-FIX-02,L1,CRS,FIX
encounter_vo,crossing,9.200000000000001,1.216377524892998,213.54721603784083,starboard,,False,collision:target,True,True,17,-325.81037238860216,-13.041472033946597,6,0,0,0,5,2.111564318363203,0.0,0.0,0.0,0.5753841462330536,0.4728923825021397,0.5557228798071062,1.8232924540550577,0.32824337160739514,0,,False,crossing,15,0.0,False,0.0,P2-L1-CRS-VAR-02,L1,CRS,VAR
encounter_vo,crossing,9.200000000000001,2.4496071478972232,197.52335172425865,starboard,,True,collision:obstacle,True,False,18,-334.8345675121406,-4.503631053412203,5,0,0,0,1,0.8785719677835814,0.0,0.0,0.0,0.03437773619632786,0.4954594485846384,0.5600523471642675,2.629653242296041,0.29775080626849226,0,,False,crossing,16,0.0,False,0.0,P2-L1-CRS-FIX-03,L1,CRS,FIX
encounter_vo,crossing,9.200000000000001,2.4496071478972232,197.52335172425865,starboard,,True,collision:obstacle,True,False,18,-332.2153816727787,-4.5187220694072785,4,0,0,0,0,0.9128731453348036,0.0,0.0,0.0,0.0,0.5000060417111042,0.5600523471642675,3.0363542512891906,0.2883736387461817,0,,False,crossing,16,0.0,False,0.0,P2-L1-CRS-VAR-03,L1,CRS,VAR
encounter_vo,crossing,9.200000000000001,0.9296211826374701,202.82842727208148,starboard,,False,collision:obstacle,True,False,17,-351.81704067977455,-33.95685886760408,12,12,0,0,12,3.764723672670643,0.37218701327476406,0.0,0.0,2.9953668827054054,0.5399880554531623,0.5555452533958501,1.9454501479075477,0.44870135591902693,0,,False,crossing,15,0.0,False,0.0,P2-L1-CRS-FIX-04,L1,CRS,FIX
encounter_vo,crossing,9.200000000000001,0.9296211826374701,202.82842727208148,starboard,,False,collision:obstacle,True,False,17,-354.454381749975,-36.662427890662066,12,12,0,0,14,3.9229232331039254,0.33352219564858976,0.0,0.0,3.4651162262971367,0.539940644789729,0.5555452533958501,1.5424595506060643,0.45297345052434435,0,,False,crossing,15,0.0,False,0.0,P2-L1-CRS-VAR-04,L1,CRS,VAR
encounter_vo,crossing,9.200000000000001,1.4232021252286722,197.55477009091393,starboard,,True,collision:obstacle,True,False,18,-366.8789276313397,-39.32676783682865,9,1,0,0,12,4.163885504771118,0.599603322884072,0.0,0.0,3.499444031096769,0.4999588891737185,0.5568671312919442,0.9111447860852891,0.27914391072983785,0,,False,crossing,16,0.0,False,0.0,P2-L1-CRS-FIX-05,L1,CRS,FIX
encounter_vo,crossing,9.200000000000001,1.4232021252286722,197.55477009091393,starboard,,True,collision:obstacle,True,False,18,-365.7921328936462,-39.110558658894384,9,1,0,0,12,4.163885504771118,0.6295973027125544,0.0,0.0,3.418404169300046,0.4999588891737185,0.5568671312919442,0.9597646370657871,0.27914391072983785,0,,False,crossing,16,0.0,False,0.0,P2-L1-CRS-VAR-05,L1,CRS,VAR
encounter_vo,crossing,9.200000000000001,2.489948449330967,285.01583798651507,starboard,,True,collision:obstacle,True,False,17,-328.80355273301404,-10.19636887861135,7,0,0,0,4,1.5651871484946818,0.0,0.0,0.0,0.5441538874583718,0.5319343760848971,0.5578503996107934,3.533696015820018,0.28591922995681546,0,,False,crossing,13,0.0,False,0.0,P2-L1-CRS-FIX-06,L1,CRS,FIX
encounter_vo,crossing,9.200000000000001,2.489948449330967,285.01583798651507,starboard,,True,collision:obstacle,True,False,17,-331.79191303382635,-13.774856550824294,7,0,0,0,5,2.276412688235652,0.0,0.0,0.0,0.5570252764572922,0.5323849860821718,0.5578503996107934,3.8434552290562807,0.2813249646891976,0,,False,crossing,13,0.0,False,0.0,P2-L1-CRS-VAR-06,L1,CRS,VAR
encounter_vo,crossing,9.200000000000001,2.4432540839846233,271.2465378011216,starboard,,True,collision:obstacle,True,False,17,-337.4247767269175,-15.858860056121078,6,0,0,0,6,2.182485567790288,0.0,0.0,0.0,1.1234569990131444,0.5288871920117597,0.5585571310689849,3.4644878137817217,0.31073161107442787,0,,False,crossing,12,0.0,False,0.0,P2-L1-CRS-FIX-07,L1,CRS,FIX
encounter_vo,crossing,9.200000000000001,2.4432540839846233,271.2465378011216,starboard,,True,collision:obstacle,True,False,17,-337.4247767269175,-15.858860056121078,6,0,0,0,6,2.182485567790288,0.0,0.0,0.0,1.1234569990131444,0.5288871920117597,0.5585571310689849,3.477672710631554,0.31073161107442787,0,,False,crossing,12,0.0,False,0.0,P2-L1-CRS-VAR-07,L1,CRS,VAR
encounter_vo,crossing,9.200000000000001,1.3927915131922406,240.8141022696097,starboard,,True,goal,False,False,77,41.09410779510384,-0.4090133901865973,0,0,0,0,1,0.0,0.0,0.0,0.0,0.09089186448591052,0.5071247143761103,0.5567842963497772,3.0266909521975975,0.8914473870581545,0,,False,crossing,5,0.0,False,0.0,P2-L1-CRS-FIX-08,L1,CRS,FIX
encounter_vo,crossing,9.200000000000001,1.3927915131922406,240.8141022696097,starboard,,True,goal,False,False,77,41.09410779510384,-0.4090133901865973,0,0,0,0,1,0.0,0.0,0.0,0.0,0.09089186448591052,0.5071247143761103,0.5567842963497772,3.2618110087571903,0.8914473870581545,0,,False,crossing,5,0.0,False,0.0,P2-L1-CRS-VAR-08,L1,CRS,VAR
encounter_vo,crossing,9.200000000000001,1.513172176766642,213.51074834200887,starboard,,True,collision:obstacle,True,False,17,-352.31165928090127,-28.984838255315594,7,2,0,0,14,2.2253984134039753,0.47289441549527106,0.0,0.0,3.472953056058739,0.5321189335119119,0.5650215633611213,1.1212047520232415,0.35697112519924346,0,,False,crossing,15,0.0,False,0.0,P2-L1-CRS-FIX-09,L1,CRS,FIX
encounter_vo,crossing,9.200000000000001,1.513172176766642,213.51074834200887,starboard,,True,collision:obstacle,True,False,17,-349.8118637054059,-25.584234341585574,5,4,0,0,15,0.9062362914729195,0.9069406327662003,0.0,0.0,3.6908907925782066,0.5315334000097702,0.5700455222781015,1.719864883504231,0.35111440880021405,0,,False,crossing,15,0.0,False,0.0,P2-L1-CRS-VAR-09,L1,CRS,VAR
encounter_vo,crossing,9.200000000000001,1.6715391008699279,255.98334331463377,starboard,,True,goal,False,False,73,33.52012422206711,-0.7204277030984009,1,0,0,0,1,0.019665976450194873,0.0,0.0,0.0,0.13846247103776363,0.5303422911970338,0.5622533759344418,3.036991377487916,0.9734696164008219,0,,False,crossing,6,0.0,False,0.0,P2-L1-CRS-FIX-10,L1,CRS,FIX
encounter_vo,crossing,9.200000000000001,1.6715391008699279,255.98334331463377,starboard,,True,goal,False,False,75,-4.8109778335097815,-2.571994483617714,1,0,1,0,2,0.020749765821936057,0.0,0.35897810855737633,0.0,0.2615471004427945,0.5262754040709624,0.5622533759344418,2.6655948964739453,1.2350532567579684,0,,False,crossing,7,0.0,False,0.0,P2-L1-CRS-VAR-10,L1,CRS,VAR
encounter_vo,crossing,9.200000000000001,2.3848057433751086,195.56686318722032,starboard,,True,collision:obstacle,True,False,17,-341.57480518496743,-21.86502262119931,7,0,0,0,9,2.752440617518417,0.0,0.0,0.0,1.83120923655181,0.5270516927400113,0.5568210251908514,2.1442353240126186,0.3081436439202292,0,,False,crossing,15,0.0,False,0.0,P2-L1-CRS-FIX-11,L1,CRS,FIX
encounter_vo,crossing,9.200000000000001,2.3848057433751086,195.56686318722032,starboard,,True,collision:obstacle,True,False,17,-338.4713629866758,-19.30184552824672,6,0,0,0,9,2.4300863540977353,0.0,0.0,0.0,1.6162040167695402,0.5263479484483604,0.5568210251908514,2.5145692897446232,0.31027573786783347,0,,False,crossing,15,0.0,False,0.0,P2-L1-CRS-VAR-11,L1,CRS,VAR
encounter_vo,crossing,9.200000000000001,1.8437173012072203,231.16905058578254,starboard,,True,goal,False,False,72,37.69092632037076,-0.3491631930039254,0,0,0,0,1,0.0,0.0,0.0,0.0,0.07759182066753897,0.5364268614922167,0.5621719086648292,2.967391598354049,0.864379757567083,0,,False,crossing,4,0.0,False,0.0,P2-L1-CRS-FIX-12,L1,CRS,FIX
encounter_vo,crossing,9.200000000000001,1.8437173012072203,231.16905058578254,starboard,,True,goal,False,False,72,37.69092632037076,-0.3491631930039254,0,0,0,0,1,0.0,0.0,0.0,0.0,0.07759182066753897,0.5364268614922167,0.5621719086648292,3.1149772711865538,0.864379757567083,0,,False,crossing,4,0.0,False,0.0,P2-L1-CRS-VAR-12,L1,CRS,VAR
encounter_vo,crossing,9.200000000000001,1.8453576260752678,286.1460224634829,starboard,,True,collision:target,True,True,27,-350.1677590763894,-11.381724154320201,7,3,0,0,4,1.5293300783146484,0.48933731186114454,0.0,0.0,0.3087379051000052,0.5271080833430971,0.5561950562750649,1.2619254391458279,1.0157515661901726,0,,False,crossing,9,0.0,False,0.0,P2-L1-CRS-FIX-13,L1,CRS,FIX
encounter_vo,crossing,9.200000000000001,1.8453576260752678,286.1460224634829,starboard,,True,collision:target,True,True,27,-348.07820870345256,-11.381724154320201,7,3,0,0,4,1.5293300783146484,0.48933731186114454,0.0,0.0,0.3087379051000052,0.5267913281258446,0.5561950562750649,1.2248182843922002,1.0079152704857137,0,,False,crossing,9,0.0,False,0.0,P2-L1-CRS-VAR-13,L1,CRS,VAR
encounter_vo,crossing,9.200000000000001,0.6007584804873689,212.91560800926828,starboard,,False,goal,False,False,73,-28.64651876793991,-83.88475802976612,14,12,0,0,14,9.345372695197558,1.6698999813535704,0.0,0.0,6.524257395741789,0.5304816221969043,0.5564647454108385,1.5904008299884058,0.8621457289720373,0,,False,crossing,14,0.0,False,0.0,P2-L1-CRS-FIX-14,L1,CRS,FIX
encounter_vo,crossing,9.200000000000001,0.6007584804873689,212.91560800926828,starboard,,False,goal,False,False,73,-39.16520522393711,-84.2448885526829,15,13,0,0,15,9.875650590250572,1.7437719721583271,0.0,0.0,5.939721526390853,0.5304834074219709,0.5564647454108385,1.9229916605195267,0.8030251368153151,0,,False,crossing,15,0.0,False,0.0,P2-L1-CRS-VAR-14,L1,CRS,VAR
encounter_vo,crossing,9.200000000000001,2.1842117474283236,279.74653610710357,starboard,,True,goal,False,False,77,5.614529267811193,-1.351888644060463,4,0,0,0,0,0.27310881698191164,0.0,0.0,0.0,0.0,0.5107369823381956,0.5564735710728795,3.9521634028763177,1.1834232455143736,0,,False,crossing,8,0.0,False,0.0,P2-L1-CRS-FIX-15,L1,CRS,FIX
encounter_vo,crossing,9.200000000000001,2.1842117474283236,279.74653610710357,starboard,,True,goal,False,False,77,-6.139491098137299,-7.365453662449995,4,0,6,0,0,0.27310881698191164,0.0,1.6704347273304256,0.0,0.0,0.5102681903669362,0.5564735710728795,3.4659970149819155,1.2211731776914394,0,,False,crossing,14,0.0,False,0.0,P2-L1-CRS-VAR-15,L1,CRS,VAR
encounter_vo,crossing,9.200000000000001,0.8650581245514793,274.1661521755771,starboard,,False,collision:target,True,True,12,-315.0186291072267,-19.30066927420347,0,5,0,0,4,0.0,2.8500420263801356,0.0,0.0,1.1539913874715106,0.5317842844123147,0.5633993461061415,1.5233285695944028,0.2867658895968092,0,,False,crossing,9,0.0,False,0.0,P2-L1-CRS-FIX-16,L1,CRS,FIX
encounter_vo,crossing,9.200000000000001,0.8650581245514793,274.1661521755771,starboard,,False,collision:target,True,True,12,-315.1192976047321,-19.30066927420347,0,5,0,0,4,0.0,2.8500420263801356,0.0,0.0,1.1539913874715106,0.5317842844123147,0.5633993461061415,1.5139658645322207,0.2867658895968092,0,,False,crossing,9,0.0,False,0.0,P2-L1-CRS-VAR-16,L1,CRS,VAR
encounter_vo,crossing,9.200000000000001,1.2247968943584833,194.35770046704152,starboard,,True,collision:obstacle,True,False,18,-367.34517479266344,-40.77850053015516,8,0,0,0,15,3.6519930923380066,0.0,0.0,0.0,5.0446966051293405,0.5041017206227009,0.558650580776426,1.4454436173311889,0.3200238067023392,0,,False,crossing,16,0.0,False,0.0,P2-L1-CRS-FIX-17,L1,CRS,FIX
encounter_vo,crossing,9.200000000000001,1.2247968943584833,194.35770046704152,starboard,,True,collision:target,True,True,16,-343.9143722054616,-36.27932774505784,6,2,0,0,13,2.721889706894359,0.5072733350677977,0.0,0.0,4.509993486076702,0.5226852717013708,0.558650580776426,1.718408876008841,0.2908359997692476,0,,False,crossing,14,0.0,False,0.0,P2-L1-CRS-VAR-17,L1,CRS,VAR
encounter_vo,crossing,9.200000000000001,1.9378143923257523,270.98061165836896,starboard,,True,goal,False,False,73,28.23766899161852,-8.504461270806395,9,0,0,0,1,1.6870376171543777,0.0,0.0,0.0,0.03413890353160522,0.5267610604999508,0.558626581059519,3.2026513261410705,0.795030063797987,0,,False,crossing,19,0.0,False,0.0,P2-L1-CRS-FIX-18,L1,CRS,FIX
encounter_vo,crossing,9.200000000000001,1.9378143923257523,270.98061165836896,starboard,,True,goal,False,False,75,20.926277581278896,-2.5103209184042523,2,0,1,0,2,0.048743463200802285,0.0,0.3680705591478636,0.0,0.20977483613954942,0.5232993936587652,0.558626581059519,2.7140396057290954,1.0942909313419749,0,,False,crossing,12,0.0,False,0.0,P2-L1-CRS-VAR-18,L1,CRS,VAR
encounter_vo,crossing,9.200000000000001,1.7980259916486339,240.63913195074787,starboard,,True,goal,False,False,71,53.08468013757518,0.0,0,0,0,0,0,0.0,0.0,0.0,0.0,0.0,0.5411555556495552,0.5683821081255662,3.0253027891818456,0.823501363340708,0,,False,never,0,0.0,False,0.0,P2-L1-CRS-FIX-19,L1,CRS,FIX
encounter_vo,crossing,9.200000000000001,1.7980259916486339,240.63913195074787,starboard,,True,goal,False,False,71,35.35296261288532,0.0,0,0,0,0,0,0.0,0.0,0.0,0.0,0.0,0.540305778422414,0.5704163833706869,3.295556245631384,0.7172773060361909,0,,False,never,0,0.0,False,0.0,P2-L1-CRS-VAR-19,L1,CRS,VAR
encounter_vo,crossing,9.200000000000001,2.0550688167160436,235.39274287809448,starboard,,True,goal,False,False,71,46.33248288234888,-1.135010673092578,2,0,0,0,0,0.22929508547324806,0.0,0.0,0.0,0.0,0.5403107624365714,0.5599121692477812,3.1192637330627826,0.7905784570120684,0,,False,crossing,6,0.0,False,0.0,P2-L1-CRS-FIX-20,L1,CRS,FIX
encounter_vo,crossing,9.200000000000001,2.0550688167160436,235.39274287809448,starboard,,True,goal,False,False,71,46.33248288234888,-1.135010673092578,2,0,0,0,0,0.22929508547324806,0.0,0.0,0.0,0.0,0.5403107624365714,0.5599121692477812,2.9638505111555102,0.7905784570120684,0,,False,crossing,6,0.0,False,0.0,P2-L1-CRS-VAR-20,L1,CRS,VAR
encounter_vo,crossing,9.482643773590642,1.9249034561383138,120.74103884366566,port,,True,goal,False,False,72,74.6710444071921,0.0,0,0,0,0,0,0.0,0.0,0.0,0.0,0.0,0.5441564170651394,0.5706431759772854,1.8970536534305256,0.38820112524529904,0,,False,never,0,0.0,False,0.0,P2-L2-CRP-FIX-01,L2,CRP,FIX
encounter_vo,crossing,9.482643773590642,1.9249034561383138,120.74103884366566,port,,True,collision:target,True,True,19,-303.2662751502002,-15.841314184309862,7,0,0,0,9,1.1412747396797154,0.0,0.0,0.0,2.26488982731006,0.5449235710051921,0.5706431759772854,1.4342538942463425,0.06832302090043132,0,,False,crossing,11,1.0,True,0.0,P2-L2-CRP-VAR-01,L2,CRP,VAR
encounter_vo,crossing,9.482643773590642,0.5008222409944088,132.3453452878164,port,,True,collision:target,True,True,15,-308.2484640447417,-15.031668340148107,6,1,0,0,5,1.141644178262764,0.20120633918563519,0.0,0.0,1.8632351730618957,0.5329714204279232,0.5602679032602877,1.53083395488212,0.06176630563695977,0,,False,crossing,6,1.0,True,0.0,P2-L2-CRP-FIX-02,L2,CRP,FIX
encounter_vo,crossing,9.482643773590642,0.5008222409944088,132.3453452878164,port,,True,collision:target,True,True,15,-308.4820686170492,-15.138819047136971,6,1,0,0,5,1.1416426079493802,0.2012221769393315,0.0,0.0,1.8870307470972993,0.5329714204279232,0.5602679032602877,1.5183453461084162,0.06176630563695977,0,,False,crossing,6,1.0,True,0.0,P2-L2-CRP-VAR-02,L2,CRP,VAR
encounter_vo,crossing,9.482643773590642,1.1030265371241141,107.09973753098319,port,,True,collision:target,True,True,23,-293.7994174240135,0.0,0,0,0,0,0,0.0,0.0,0.0,0.0,0.0,0.5315025831303628,0.5588356305623513,1.3980091664171022,0.10899500247630481,0,,False,never,0,0.0,False,0.0,P2-L2-CRP-FIX-03,L2,CRP,FIX
encounter_vo,crossing,9.482643773590642,1.1030265371241141,107.09973753098319,port,,True,goal,False,False,73,61.06958199847134,0.0,0,0,0,0,0,0.0,0.0,0.0,0.0,0.0,0.5393452189612198,0.566996679652639,1.5861563732022783,0.3475551953754918,0,,False,never,0,0.0,False,0.0,P2-L2-CRP-VAR-03,L2,CRP,VAR
encounter_vo,crossing,9.482643773590642,0.3703547559116577,161.2537129689516,port,,False,collision:target,True,True,15,-333.4963811039912,-42.675542386506564,9,2,0,0,11,3.150173579701516,0.756666762878987,0.0,0.0,5.185929486829569,0.5204864168963909,0.5572406357914036,1.316532771754518,0.10810508877926482,0,,False,crossing,11,1.0,True,0.0,P2-L2-CRP-FIX-04,L2,CRP,FIX
encounter_vo,crossing,9.482643773590642,0.3703547559116577,161.2537129689516,port,,False,collision:target,True,True,14,-333.4583633995512,-42.91625048178487,9,1,0,0,11,3.150173579701516,0.7892923113112967,0.0,0.0,5.203532071393656,0.5349723730426236,0.5572406357914036,1.4170616690686384,0.09560983215084772,0,,False,crossing,11,1.0,True,0.0,P2-L2-CRP-VAR-04,L2,CRP,VAR
encounter_vo,crossing,9.482643773590642,2.070125720452194,119.54723825365383,port,,True,goal,False,False,75,48.933040837830426,-1.9995353404138867,2,0,0,0,3,0.03861868095953762,0.0,0.0,0.0,0.40186063770315006,0.5237261537820158,0.561865621911935,2.161051105409025,0.2868000937791554,0,,False,crossing,9,1.0,True,0.0,P2-L2-CRP-FIX-05,L2,CRP,FIX
encounter_vo,crossing,9.482643773590642,2.070125720452194,119.54723825365383,port,,True,goal,False,False,75,43.74897578437943,-2.1089728691507243,2,0,0,0,2,0.09443041137908963,0.0,0.0,0.0,0.3647871850720512,0.523444296526384,0.561865621911935,2.2901126161471614,0.29236428751293514,0,,False,crossing,9,1.0,True,0.0,P2-L2-CRP-VAR-05,L2,CRP,VAR
encounter_vo,crossing,9.482643773590642,0.3803398616204559,139.61189542951794,port,,True,collision:target,True,True,14,-314.0789755564719,-22.279407255213663,3,0,0,0,7,0.564487607738346,0.0,0.0,0.0,4.330043021535299,0.5399879882502204,0.5551568720080824,1.7179534294561225,0.058928502230523525,0,,False,crossing,7,1.0,True,0.0,P2-L2-CRP-FIX-06,L2,CRP,FIX
encounter_vo,crossing,9.482643773590642,0.3803398616204559,139.61189542951794,port,,True,collision:target,True,True,15,-316.0982532868465,-23.506476165938047,3,0,0,0,8,0.5739423632940959,0.0,0.0,0.0,4.592324770584948,0.5256901044010805,0.5551568720080824,1.7411709444669448,0.0606216120485953,0,,False,crossing,8,1.0,True,0.0,P2-L2-CRP-VAR-06,L2,CRP,VAR
encounter_vo,crossing,9.482643773590642,0.5016775534584944,124.73220902363015,port,,True,collision:target,True,True,18,-315.35468492851606,-17.193662309604907,3,1,0,0,5,0.9633176408267339,0.23450511588631082,0.0,0.0,2.5032088141945192,0.522773239892468,0.5579580900904249,1.494870711600267,0.0997003578189292,0,,False,crossing,5,1.0,True,0.0,P2-L2-CRP-FIX-07,L2,CRP,FIX
encounter_vo,crossing,9.482643773590642,0.5016775534584944,124.73220902363015,port,,True,collision:target,True,True,18,-293.04061294820644,0.0,0,0,0,0,0,0.0,0.0,0.0,0.0,0.0,0.5468111250274786,0.5579580900904249,1.5900399648003645,0.09997833116782308,0,,False,never,0,0.0,False,0.0,P2-L2-CRP-VAR-07,L2,CRP,VAR
encounter_vo,crossing,9.482643773590642,2.1369518797039517,121.019739191256,port,,True,goal,False,False,72,65.32636809050416,0.0,0,0,0,0,0,0.0,0.0,0.0,0.0,0.0,0.5423421706945103,0.5605954441884842,2.206545707362426,0.37400215425510613,0,,False,never,0,0.0,False,0.0,P2-L2-CRP-FIX-08,L2,CRP,FIX
encounter_vo,crossing,9.482643773590642,2.1369518797039517,121.019739191256,port,,True,goal,False,False,72,69.62708150634977,0.0,0,0,0,0,0,0.0,0.0,0.0,0.0,0.0,0.5421405599720195,0.5605954441884842,2.0761529074716956,0.4106369314273838,0,,False,never,0,0.0,False,0.0,P2-L2-CRP-VAR-08,L2,CRP,VAR
encounter_vo,crossing,9.482643773590642,0.008014612812811961,139.80689517419827,port,,True,collision:target,True,True,16,-316.5754444784529,-24.491873609758333,9,5,0,0,10,1.9107234090266723,0.46689804097792714,0.0,0.0,2.827254984941236,0.5414682526700592,0.5588034506611939,1.6857167134517015,0.0660653404924925,0,,False,crossing,11,1.0,True,0.0,P2-L2-CRP-FIX-09,L2,CRP,FIX
encounter_vo,crossing,9.482643773590642,0.008014612812811961,139.80689517419827,port,,True,collision:target,True,True,16,-316.7840960201806,-23.855668026811426,9,4,0,0,10,1.9107647185702843,0.2965486892442255,0.0,0.0,2.873214812917689,0.521295763025539,0.5588034506611939,1.714372933044395,0.06430942570186522,0,,False,crossing,11,1.0,True,0.0,P2-L2-CRP-VAR-09,L2,CRP,VAR
encounter_vo,crossing,9.482643773590642,1.584989062763991,117.80379604056151,port,,True,goal,False,False,74,47.38216518325182,0.0,0,0,0,0,0,0.0,0.0,0.0,0.0,0.0,0.5285468922448932,0.5575997624606175,1.619550840944387,0.36087262200218273,0,,False,never,0,0.0,False,0.0,P2-L2-CRP-FIX-10,L2,CRP,FIX
encounter_vo,crossing,9.482643773590642,1.584989062763991,117.80379604056151,port,,True,goal,False,False,74,47.546097638334366,0.0,0,0,0,0,0,0.0,0.0,0.0,0.0,0.0,0.5285468922448932,0.5575997624606175,1.7760567286121336,0.36087262200218273,0,,False,never,0,0.0,False,0.0,P2-L2-CRP-VAR-10,L2,CRP,VAR
encounter_vo,crossing,9.482643773590642,1.7699560275226096,118.43410176077101,port,,True,goal,False,False,73,69.18591620827794,0.0,0,0,0,0,0,0.0,0.0,0.0,0.0,0.0,0.539994069501701,0.558375614564328,1.8768847649489682,0.40704537080951786,0,,False,never,0,0.0,False,0.0,P2-L2-CRP-FIX-11,L2,CRP,FIX
encounter_vo,crossing,9.482643773590642,1.7699560275226096,118.43410176077101,port,,True,goal,False,False,73,64.06650758337591,0.0,0,0,0,0,0,0.0,0.0,0.0,0.0,0.0,0.5374769146006403,0.558375614564328,2.1052228679561305,0.4378164995137484,0,,False,never,0,0.0,False,0.0,P2-L2-CRP-VAR-11,L2,CRP,VAR
encounter_vo,crossing,9.482643773590642,0.23282175329503385,150.75835462508834,port,,True,collision:target,True,True,17,-326.70239044046633,-34.86426153172358,8,1,0,0,15,1.5794696267906176,0.0387715968370891,0.0,0.0,5.967548327725873,0.5225700204084884,0.5596214901770957,1.807753536395384,0.1867098123360469,0,,False,crossing,15,1.0,True,0.0,P2-L2-CRP-FIX-12,L2,CRP,FIX
encounter_vo,crossing,9.482643773590642,0.23282175329503385,150.75835462508834,port,,True,collision:target,True,True,17,-328.1646399333559,-35.24238256984685,8,1,0,0,15,1.579397006433696,0.0387715968370891,0.0,0.0,6.051655107479215,0.5098815264412857,0.5596214901770957,1.8019834969962991,0.1879418447978888,0,,False,crossing,15,1.0,True,0.0,P2-L2-CRP-VAR-12,L2,CRP,VAR
encounter_vo,crossing,9.482643773590642,2.2066768626080195,124.78005338689107,port,,True,goal,False,False,71,69.55745440738335,0.0,0,0,0,0,0,0.0,0.0,0.0,0.0,0.0,0.5477889043399559,0.5674743113971217,2.16573973139557,0.2306843687283744,0,,False,never,0,0.0,False,0.0,P2-L2-CRP-FIX-13,L2,CRP,FIX
encounter_vo,crossing,9.482643773590642,2.2066768626080195,124.78005338689107,port,,True,goal,False,False,71,69.55745440738335,0.0,0,0,0,0,0,0.0,0.0,0.0,0.0,0.0,0.5477889043399559,0.5674743113971217,2.295450012524542,0.2306843687283744,0,,False,never,0,0.0,False,0.0,P2-L2-CRP-VAR-13,L2,CRP,VAR
encounter_vo,crossing,9.482643773590642,0.6530223495591747,162.55141456343944,port,,False,collision:boundary,True,False,99,-613.9556929901829,-62.46253278689355,15,3,0,0,14,8.936547942158102,0.05860909588565985,0.0,0.0,3.985890099683759,0.4747603430832085,0.5582813588540393,1.2805231082397706,1.7339300677069913,0,,False,crossing,18,1.0,True,0.0,P2-L2-CRP-FIX-14,L2,CRP,FIX
encounter_vo,crossing,9.482643773590642,0.6530223495591747,162.55141456343944,port,,False,collision:target,True,True,19,-350.8252459967245,-60.34250145038128,14,1,0,0,13,8.385052905380832,0.009398166128139769,0.0,0.0,4.175548588091528,0.5137248357924851,0.5582813588540393,1.1210401533851495,0.2839661938587781,0,,False,crossing,17,1.0,True,0.0,P2-L2-CRP-VAR-14,L2,CRP,VAR
encounter_vo,crossing,9.482643773590642,0.3075360656807602,152.75783560588502,port,,False,collision:target,True,True,18,-329.3364278862298,-38.02539371821388,13,5,0,0,6,4.8719235695501,0.80915297645006,0.0,0.0,2.2009032923362395,0.506141373628931,0.5572480670190202,1.0934719795940342,0.28366343380118814,0,,False,crossing,15,1.0,True,0.0,P2-L2-CRP-FIX-15,L2,CRP,FIX
encounter_vo,crossing,9.482643773590642,0.3075360656807602,152.75783560588502,port,,False,collision:boundary,True,False,99,-599.4336655344669,-44.59020698611533,14,9,0,0,8,5.59340134285344,1.0317307855510023,0.0,0.0,2.6212895445585187,0.47177020952419085,0.5572480670190202,1.1441395552016633,1.6113737469716116,0,,False,crossing,16,1.0,True,0.0,P2-L2-CRP-VAR-15,L2,CRP,VAR
encounter_vo,crossing,9.482643773590642,0.6696909918094665,143.59031409649148,port,,True,collision:obstacle,True,False,53,-460.00136688453136,-90.5837322690599,15,15,0,0,19,9.301628223377119,2.2834100732183584,0.0,0.0,7.386176155758282,0.5311302288882249,0.5577467194457246,1.5045538391626074,0.668161166718677,0,,False,crossing,19,1.0,True,0.0,P2-L2-CRP-FIX-16,L2,CRP,FIX
encounter_vo,crossing,9.482643773590642,0.6696909918094665,143.59031409649148,port,,True,collision:obstacle,True,False,53,-462.1883851305731,-92.6744238695947,15,14,0,0,18,9.311977879723063,2.223987938401826,0.0,0.0,7.904754015528113,0.5311302288882249,0.5577467194457246,1.2015220294734832,0.668161166718677,0,,False,crossing,18,1.0,True,0.0,P2-L2-CRP-VAR-16,L2,CRP,VAR
encounter_vo,crossing,9.482643773590642,2.0153703313860207,105.77380822802897,port,,True,goal,False,False,72,61.68808364421175,0.0,0,0,0,0,0,0.0,0.0,0.0,0.0,0.0,0.5424762055319273,0.5719666666684565,2.1579012517420657,0.2650535654687089,0,,False,never,0,0.0,False,0.0,P2-L2-CRP-FIX-17,L2,CRP,FIX
encounter_vo,crossing,9.482643773590642,2.0153703313860207,105.77380822802897,port,,True,goal,False,False,71,61.086687417285525,0.0,0,0,0,0,0,0.0,0.0,0.0,0.0,0.0,0.5476011507600189,0.571689357820355,2.5915151000599543,0.2887734707285725,0,,False,never,0,0.0,False,0.0,P2-L2-CRP-VAR-17,L2,CRP,VAR
encounter_vo,crossing,9.482643773590642,2.4225156492130937,116.83299426273086,port,,True,goal,False,False,73,69.35219542210704,0.0,0,0,0,0,0,0.0,0.0,0.0,0.0,0.0,0.5371981906926433,0.5655258190570607,2.388695436280899,0.31088957980481796,0,,False,never,0,0.0,False,0.0,P2-L2-CRP-FIX-18,L2,CRP,FIX
encounter_vo,crossing,9.482643773590642,2.4225156492130937,116.83299426273086,port,,True,goal,False,False,73,68.31958383964403,0.0,0,0,0,0,0,0.0,0.0,0.0,0.0,0.0,0.5345133054238372,0.5638940727177401,2.3327884864476665,0.30506775202904035,0,,False,never,0,0.0,False,0.0,P2-L2-CRP-VAR-18,L2,CRP,VAR
encounter_vo,crossing,9.482643773590642,1.2011283461133182,77.67874912295487,port,,True,collision:target,True,True,16,-307.7722580797322,-10.516162999324106,2,0,0,0,7,0.13068732899435706,0.0,0.0,0.0,2.19316904906712,0.5285669206174599,0.5616262575087407,1.4906618876212439,0.05875833972040608,0,,False,crossing,9,1.0,True,0.0,P2-L2-CRP-FIX-19,L2,CRP,FIX
encounter_vo,crossing,9.482643773590642,1.2011283461133182,77.67874912295487,port,,True,goal,False,False,73,44.99882638600378,-9.657208160396964,2,0,0,0,7,0.13931949827793388,0.0,0.0,0.0,1.992794809760265,0.5377126529558778,0.5632267433234582,1.8616575177592123,0.3649875610365035,0,,False,crossing,9,1.0,True,0.0,P2-L2-CRP-VAR-19,L2,CRP,VAR
encounter_vo,crossing,9.482643773590642,0.5716055181238291,153.95820151665663,port,,False,collision:target,True,True,16,-313.21133614789983,-19.676994582839505,6,1,0,0,10,1.2710685669864743,0.05416247053172261,0.0,0.0,2.9149113215832063,0.504235011772837,0.557050068285198,1.884380879048574,0.06236474449326075,0,,False,crossing,13,1.0,True,0.0,P2-L2-CRP-FIX-20,L2,CRP,FIX
encounter_vo,crossing,9.482643773590642,0.5716055181238291,153.95820151665663,port,,False,collision:target,True,True,15,-313.6053004139282,-21.516763012381,6,1,0,0,11,1.2500838111742658,0.02823828428241026,0.0,0.0,3.3753485866378776,0.5151469438297149,0.557050068285198,1.8693810778796944,0.0639339133638819,0,,False,crossing,12,1.0,True,0.0,P2-L2-CRP-VAR-20,L2,CRP,VAR
encounter_vo,crossing,9.482643773590642,0.9366015415637599,255.25911406301753,starboard,,True,goal,False,False,88,-20.357095747199622,-7.348728568222329,2,0,0,0,3,0.6868273591782601,0.0,0.0,0.0,0.8775406978422093,0.492939851832498,0.5626680547377271,1.558918280129188,1.436633607273455,0,,False,crossing,13,0.0,False,0.0,P2-L2-CRS-FIX-01,L2,CRS,FIX
encounter_vo,crossing,9.482643773590642,0.9366015415637599,255.25911406301753,starboard,,True,collision:target,True,True,17,-307.1700034168324,-15.068142767951874,4,0,0,0,3,2.2463049752852386,0.0,0.0,0.0,0.8775406978422093,0.520489109861215,0.5587697423167596,1.3574817709158606,0.26618986624356267,0,,False,crossing,15,0.0,False,0.0,P2-L2-CRS-VAR-01,L2,CRS,VAR
encounter_vo,crossing,9.482643773590642,0.11525342547148903,236.43372592525438,starboard,,False,collision:target,True,True,13,-337.07433519283205,-46.972932444039195,9,2,0,0,11,2.7235152515812575,0.36273665754105455,0.0,0.0,7.043552331974166,0.530110622294171,0.5593124187568648,1.6772593590475133,0.08641251205785093,0,,False,crossing,11,0.0,False,0.0,P2-L2-CRS-FIX-02,L2,CRS,FIX
encounter_vo,crossing,9.482643773590642,0.11525342547148903,236.43372592525438,starboard,,False,collision:target,True,True,13,-337.0314183654673,-46.93166863142284,9,2,0,0,11,2.7235152515812575,0.36273665754105455,0.0,0.0,7.034382595837196,0.530110622294171,0.5593124187568648,1.7078355331769968,0.08641251205785093,0,,False,crossing,11,0.0,False,0.0,P2-L2-CRS-VAR-02,L2,CRS,VAR
encounter_vo,crossing,9.482643773590642,2.064016183904765,261.93086303670316,starboard,,True,goal,False,False,72,36.00724450114971,-23.39599662134484,7,12,0,0,6,1.7092006214736806,1.9145307298646956,0.0,0.0,1.2130058738266394,0.544721911888741,0.5678708043414383,2.2662832312037775,0.32031322928616307,0,,False,crossing,12,0.0,False,0.0,P2-L2-CRS-FIX-03,L2,CRS,FIX
encounter_vo,crossing,9.482643773590642,2.064016183904765,261.93086303670316,starboard,,True,goal,False,False,72,41.69703224278114,-20.81194840873299,6,11,0,0,5,1.5864698209771058,1.5887067215568533,0.0,0.0,1.1321832273755321,0.5450938055083533,0.5682377457219002,2.5893273557803718,0.3186203039887474,0,,False,crossing,11,0.0,False,0.0,P2-L2-CRS-VAR-03,L2,CRS,VAR
encounter_vo,crossing,9.482643773590642,0.6603378256664905,287.17672466711895,starboard,,True,collision:target,True,True,32,-483.83301985696573,-91.97454792649313,23,2,0,0,5,16.209501205233128,1.3985762242734692,0.0,0.0,1.069903255652329,0.38537925089154756,0.5681450679376361,1.8053973300843003,0.49112002887888184,0,,False,crossing,24,0.0,False,0.0,P2-L2-CRS-FIX-04,L2,CRS,FIX
encounter_vo,crossing,9.482643773590642,0.6603378256664905,287.17672466711895,starboard,,True,collision:target,True,True,29,-435.7625928003199,-69.11105400426437,18,3,0,0,9,9.864910060512353,1.974797577502891,0.0,0.0,2.3343335991308747,0.40706722350247476,0.5681450679376361,1.281719869843328,0.4479646387512349,0,,False,crossing,21,0.0,False,0.0,P2-L2-CRS-VAR-04,L2,CRS,VAR
encounter_vo,crossing,9.482643773590642,1.895847915037334,250.69851662276943,starboard,,True,goal,False,False,76,-19.75685824310507,-52.48584030057508,11,13,0,0,11,5.250838901724476,2.350858568355929,0.0,0.0,3.3016528497060147,0.5156397106703635,0.5559934323225767,2.085371396607151,0.3848679869392981,0,,False,crossing,13,0.0,False,0.0,P2-L2-CRS-FIX-05,L2,CRS,FIX
encounter_vo,crossing,9.482643773590642,1.895847915037334,250.69851662276943,starboard,,True,goal,False,False,76,-20.040915242250364,-52.76989729972039,11,13,0,0,11,5.250838901724476,2.3834582954744894,0.0,0.0,3.328916927463446,0.5156397106703635,0.5559934323225767,1.9502356662670086,0.3848679869392981,0,,False,crossing,13,0.0,False,0.0,P2-L2-CRS-VAR-05,L2,CRS,VAR
encounter_vo,crossing,9.482643773590642,0.24438061665349592,286.67653581651433,starboard,,True,collision:target,True,True,28,-427.7354673646817,-82.60241215335039,23,2,0,0,3,14.956291440235713,1.244361987461244,0.0,0.0,0.5353728191667669,0.3987421086033982,0.5574421169908078,1.4937419240356853,0.2719537539350113,0,,False,crossing,25,0.0,False,0.0,P2-L2-CRS-FIX-06,L2,CRS,FIX
encounter_vo,crossing,9.482643773590642,0.24438061665349592,286.67653581651433,starboard,,True,goal,False,False,82,-58.15174501437829,-57.17420206908179,18,1,0,0,3,10.300204374830319,0.7634369146305584,0.0,0.0,0.5353728191667669,0.4807761923850316,0.5574421169908078,1.927027254677197,0.524305296004592,0,,False,crossing,20,0.0,False,0.0,P2-L2-CRS-VAR-06,L2,CRS,VAR
encounter_vo,crossing,9.482643773590642,1.7255887378642087,280.9261905791418,starboard,,False,goal,False,False,73,-3.332502694863919,-53.4414317031885,11,13,0,0,13,3.3760018518478963,4.05319284274003,0.0,0.0,3.703759547772945,0.5402821198252018,0.5638129584800878,2.037345747907325,0.42027999363727364,0,,False,crossing,13,0.0,False,0.0,P2-L2-CRS-FIX-07,L2,CRS,FIX
encounter_vo,crossing,9.482643773590642,1.7255887378642087,280.9261905791418,starboard,,False,goal,False,False,72,10.011049814952798,-46.91190449813074,10,13,0,0,13,2.9916916985747237,3.587383107813044,0.0,0.0,3.1878853792247295,0.5448210805353375,0.563730763699123,2.2953814671789297,0.40389905124760134,0,,False,crossing,13,0.0,False,0.0,P2-L2-CRS-VAR-07,L2,CRS,VAR
encounter_vo,crossing,9.482643773590642,0.8326900449382962,255.5943827769254,starboard,,True,collision:target,True,True,15,-320.68110489228945,-17.708274772669842,1,1,0,0,10,0.15648205076005242,0.6618158097210655,0.0,0.0,3.0350445251751794,0.5049473497818269,0.558920726608485,1.3178394338179342,0.08001891414404348,0,,False,crossing,12,0.0,False,0.0,P2-L2-CRS-FIX-08,L2,CRS,FIX
encounter_vo,crossing,9.482643773590642,0.8326900449382962,255.5943827769254,starboard,,True,collision:target,True,True,15,-320.806560785299,-17.389526116854476,1,1,0,0,10,0.15648205076005242,0.6493171094507088,0.0,0.0,2.977960060846934,0.5049473497818269,0.558920726608485,1.3321982959490597,0.08001891414404348,0,,False,crossing,12,0.0,False,0.0,P2-L2-CRS-VAR-08,L2,CRS,VAR
encounter_vo,crossing,9.482643773590642,0.24118705623914438,266.0954170742042,starboard,,False,collision:target,True,True,14,-319.8714464809938,-18.305195636084527,5,1,0,0,9,0.784525137063126,0.6240151907014624,0.0,0.0,2.5184268919221813,0.49702153007637356,0.555941650199261,1.2955896580598476,0.09836546351588234,0,,False,crossing,12,0.0,False,0.0,P2-L2-CRS-FIX-09,L2,CRS,FIX
encounter_vo,crossing,9.482643773590642,0.24118705623914438,266.0954170742042,starboard,,False,collision:target,True,True,14,-318.4230516286706,-18.161226323902913,5,1,0,0,9,0.784525137063126,0.6239926950447553,0.0,0.0,2.4864584566597556,0.49702153007637356,0.555941650199261,1.3299843547971455,0.09836546351588234,0,,False,crossing,12,0.0,False,0.0,P2-L2-CRS-VAR-09,L2,CRS,VAR
encounter_vo,crossing,9.482643773590642,2.386502731261455,291.6263315671504,starboard,,True,goal,False,False,75,35.348310611535425,-2.2552264371983592,3,0,0,0,5,0.08064643759898366,0.0,0.0,0.0,0.4124503491296422,0.523774626319129,0.5576157098048944,2.657399234890039,0.39734086461769097,0,,False,crossing,13,0.0,False,0.0,P2-L2-CRS-FIX-10,L2,CRS,FIX
encounter_vo,crossing,9.482643773590642,2.386502731261455,291.6263315671504,starboard,,True,goal,False,False,75,36.756868767180194,-2.2329896306827335,3,0,0,0,5,0.07615415345441273,0.0,0.0,0.0,0.4124503491296422,0.5231792605717316,0.5576157098048944,2.78386523935788,0.36496105536543283,0,,False,crossing,13,0.0,False,0.0,P2-L2-CRS-VAR-10,L2,CRS,VAR
encounter_vo,crossing,9.482643773590642,2.0181951116031684,290.6121903338544,starboard,,True,goal,False,False,90,-25.852128339139966,-11.729321057204972,7,0,0,0,2,2.286500427972325,0.0,0.0,0.0,0.09136531972043647,0.4756824419991012,0.5587871843879211,2.798991725350594,1.460442530169135,0,,False,crossing,14,0.0,False,0.0,P2-L2-CRS-FIX-11,L2,CRS,FIX
encounter_vo,crossing,9.482643773590642,2.0181951116031684,290.6121903338544,starboard,,True,goal,False,False,76,1.0092091934019152,-11.77915939321633,7,0,0,0,2,2.2965687786816904,0.0,0.0,0.0,0.09136531972043647,0.5148872246362104,0.5587871843879211,2.5777110646533266,0.47479798667864276,0,,False,crossing,14,0.0,False,0.0,P2-L2-CRS-VAR-11,L2,CRS,VAR
encounter_vo,crossing,9.482643773590642,0.8707799569340977,216.75121872173446,starboard,,False,collision:target,True,True,17,-358.7427503684765,-66.7239477911563,11,10,0,0,14,4.055186738736648,2.234078067640814,0.0,0.0,7.909352666575084,0.5358980049226524,0.5623444812670835,1.149665507162289,0.1618137010743412,0,,False,crossing,14,0.0,False,0.0,P2-L2-CRS-FIX-12,L2,CRS,FIX
encounter_vo,crossing,9.482643773590642,0.8707799569340977,216.75121872173446,starboard,,False,collision:target,True,True,15,-350.9615407781312,-60.42912963256072,10,8,0,0,13,3.716096150777279,1.6368318714248253,0.0,0.0,7.5404746494800685,0.5192435999835295,0.5623444812670835,1.0553253394523858,0.12817587914118395,0,,False,crossing,13,0.0,False,0.0,P2-L2-CRS-VAR-12,L2,CRS,VAR
encounter_vo,crossing,9.482643773590642,1.8398760487686558,261.4673614670638,starboard,,True,goal,False,False,73,22.123755849030175,-38.311959575356056,11,13,0,0,13,1.4191125231760333,2.3883930660315436,0.0,0.0,4.325512646395232,0.534746655318491,0.5589696712714638,2.0584982069077555,0.39389666312215593,0,,False,crossing,13,0.0,False,0.0,P2-L2-CRS-FIX-13,L2,CRS,FIX
encounter_vo,crossing,9.482643773590642,1.8398760487686558,261.4673614670638,starboard,,True,goal,False,False,73,7.976524744925115,-47.06972809952775,12,13,0,0,13,1.7319801862927167,2.9652034299954115,0.0,0.0,5.293037599755893,0.5341292370576961,0.5589696712714638,1.6753752679305591,0.39603198608137274,0,,False,crossing,13,0.0,False,0.0,P2-L2-CRS-VAR-13,L2,CRS,VAR
encounter_vo,crossing,9.482643773590642,0.37599950626197143,236.7647439510479,starboard,,True,collision:target,True,True,16,-312.4018573636084,-15.485527922013386,2,1,0,0,8,0.5631746437871811,0.14862482918408745,0.0,0.0,2.6582490068456903,0.4910501951639836,0.5529428054745835,1.1538742935466715,0.18972189187954247,0,,False,crossing,14,0.0,False,0.0,P2-L2-CRS-FIX-14,L2,CRS,FIX
encounter_vo,crossing,9.482643773590642,0.37599950626197143,236.7647439510479,starboard,,True,collision:target,True,True,16,-311.48074022574616,-15.524089263841443,2,1,0,0,8,0.5732413560104906,0.14862482918408745,0.0,0.0,2.6557448104729513,0.4910501951639836,0.5529428054745835,1.1349356027708228,0.18972189187954247,0,,False,crossing,14,0.0,False,0.0,P2-L2-CRS-VAR-14,L2,CRS,VAR
encounter_vo,crossing,9.482643773590642,2.3979620729113202,284.8826276243166,starboard,,True,goal,False,False,74,6.2923379503525325,-36.59808622614617,11,13,0,0,12,3.3335103884176744,1.8963531497933226,0.0,0.0,2.3800581582226097,0.5273156433345766,0.562173807572962,2.615795969265811,0.42291757799700364,0,,False,crossing,14,0.0,False,0.0,P2-L2-CRS-FIX-15,L2,CRS,FIX
encounter_vo,crossing,9.482643773590642,2.3979620729113202,284.8826276243166,starboard,,True,goal,False,False,74,-3.546393284074256,-47.30098548659393,11,14,0,0,13,3.7229857413653393,2.751529203181388,0.0,0.0,3.3893636691305846,0.5272903105772623,0.5587370812629617,2.0694154169472654,0.42993422918483404,0,,False,crossing,15,0.0,False,0.0,P2-L2-CRS-VAR-15,L2,CRS,VAR
encounter_vo,crossing,9.482643773590642,0.6841363693785383,242.41870115773122,starboard,,True,collision:target,True,True,17,-304.8978760321196,-2.867818975727295,2,0,0,0,1,0.14531643579356837,0.0,0.0,0.0,0.47744502634425146,0.45875548240508346,0.5538185965261601,1.3059770292838186,0.10331692065042956,0,,False,crossing,5,0.0,False,0.0,P2-L2-CRS-FIX-16,L2,CRS,FIX
encounter_vo,crossing,9.482643773590642,0.6841363693785383,242.41870115773122,starboard,,True,collision:target,True,True,17,-305.792837767119,-2.867818975727295,2,0,0,0,1,0.14531643579356837,0.0,0.0,0.0,0.47744502634425146,0.45875548240508346,0.5538185965261601,1.3016241220553422,0.10331692065042956,0,,False,crossing,5,0.0,False,0.0,P2-L2-CRS-VAR-16,L2,CRS,VAR
encounter_vo,crossing,9.482643773590642,1.9722718354938065,290.96022255326903,starboard,,True,collision:boundary,True,False,99,-574.467889022301,-7.6476820283953675,6,0,0,0,2,1.3713788534485254,0.0,0.0,0.0,0.1909681564055924,0.4718142618434617,0.5567863324564258,2.5996293891895177,1.6072060416590186,0,,False,crossing,17,0.0,False,0.0,P2-L2-CRS-FIX-17,L2,CRS,FIX
encounter_vo,crossing,9.482643773590642,1.9722718354938065,290.96022255326903,starboard,,True,collision:boundary,True,False,108,-627.2480969765991,-10.798869214151614,7,0,0,0,2,2.083799180682933,0.0,0.0,0.0,0.10756961550468737,0.44020543650240895,0.5567863324564258,3.003913489227267,1.4711981092350537,0,,False,crossing,15,0.0,False,0.0,P2-L2-CRS-VAR-17,L2,CRS,VAR
encounter_vo,crossing,9.482643773590642,0.8829647715552056,291.72882432592144,starboard,,True,collision:target,True,True,25,-311.09730953473354,-9.929001303345851,5,0,0,0,7,0.934144920444725,0.0,0.0,0.0,1.1788853215876582,0.46557852440639214,0.5602904318440008,1.839145484381561,0.17408563563186394,0,,False,crossing,18,0.0,False,0.0,P2-L2-CRS-FIX-18,L2,CRS,FIX
encounter_vo,crossing,9.482643773590642,0.8829647715552056,291.72882432592144,starboard,,True,collision:target,True,True,25,-319.00588431537716,-8.716109618598637,4,0,0,0,7,0.7817516631901879,0.0,0.0,0.0,1.076986419068268,0.45611611871347885,0.5602904318440008,1.3499865311979111,0.09837530850106467,0,,False,crossing,12,0.0,False,0.0,P2-L2-CRS-VAR-18,L2,CRS,VAR
encounter_vo,crossing,9.482643773590642,2.4146628912605834,288.48910521730534,starboard,,True,goal,False,False,72,61.14681252818275,-8.896741573271287,8,0,0,0,6,1.078613033464799,0.0,0.0,0.0,0.7905793461378962,0.5436007729933855,0.5666556464926886,2.6315917921542895,0.3068496149456924,0,,False,crossing,18,0.0,False,0.0,P2-L2-CRS-FIX-19,L2,CRS,FIX
encounter_vo,crossing,9.482643773590642,2.4146628912605834,288.48910521730534,starboard,,True,goal,False,False,72,60.739949869392056,-10.175008312194736,9,0,0,0,5,1.3930853132519174,0.0,0.0,0.0,0.7287191136883874,0.5441856873017479,0.5679822956300645,3.0206922809559975,0.3029263413512058,0,,False,crossing,16,0.0,False,0.0,P2-L2-CRS-VAR-19,L2,CRS,VAR
encounter_vo,crossing,9.482643773590642,1.513946669712818,218.87483562415656,starboard,,False,goal,False,False,74,27.806564495982556,-20.342577234526107,12,14,0,0,11,0.9857041563961612,0.531524192892292,0.0,0.0,2.851621534566281,0.5271836126136373,0.562512544052962,1.7373031821520322,0.35375457052999365,0,,False,crossing,16,0.0,False,0.0,P2-L2-CRS-FIX-20,L2,CRS,FIX
encounter_vo,crossing,9.482643773590642,1.513946669712818,218.87483562415656,starboard,,False,goal,False,False,74,26.651595180035514,-18.933722586055158,12,16,0,0,11,0.8410514198961967,0.6838987852190596,0.0,0.0,2.5300486823854755,0.5278193102203194,0.562744499289662,2.095418614546224,0.3703216542488373,0,,False,crossing,17,0.0,False,0.0,P2-L2-CRS-VAR-20,L2,CRS,VAR
encounter_vo,crossing,9.482643773590642,0.06780968522019926,111.2608064417906,port,,False,collision:target,True,True,14,-323.25711066133323,-24.770810019724518,2,3,0,0,12,0.06202781287813215,1.1376482602525055,0.0,0.0,4.184980768383968,0.5097152711109966,0.562656093255601,1.5032589840437742,0.1332112938209262,0,,False,crossing,12,1.0,True,0.0,P2-L3-CRP-FIX-01,L3,CRP,FIX
encounter_vo,crossing,9.482643773590642,0.06780968522019926,111.2608064417906,port,,False,collision:target,True,True,14,-323.6402081574476,-22.152419361382773,0,3,0,0,12,0.0,1.1396598616833526,0.0,0.0,3.6691340102333716,0.49599339575608326,0.562656093255601,1.5237661691777604,0.14104902505807354,0,,False,crossing,12,1.0,True,0.0,P2-L3-CRP-VAR-01,L3,CRP,VAR
encounter_vo,crossing,9.482643773590642,1.4293644322360768,161.09201884161047,port,,True,collision:obstacle,True,False,22,-386.1708942113985,-53.73986900760612,16,2,0,0,10,8.356361158896396,0.07188930549970654,0.0,0.0,2.671117601965645,0.466809953379242,0.5571258192259076,1.5697531634933248,0.12178344904793821,0,,False,crossing,19,1.0,True,0.0,P2-L3-CRP-FIX-02,L3,CRP,FIX
encounter_vo,crossing,9.482643773590642,1.4293644322360768,161.09201884161047,port,,True,collision:obstacle,True,False,22,-386.12989911083196,-52.91603473854753,16,1,0,0,10,8.038738301005345,0.0162379551298289,0.0,0.0,2.898644949039645,0.46258769785274045,0.5571258192259076,1.461406616930431,0.11593600295746885,0,,False,crossing,19,1.0,True,0.0,P2-L3-CRP-VAR-02,L3,CRP,VAR
encounter_vo,crossing,9.482643773590642,0.30751290527181063,156.50049430572818,port,,False,collision:target,True,True,14,-307.2690556662769,-12.403756449492246,0,0,0,0,9,0.0,0.0,0.0,0.0,2.7563903221093877,0.513888081858818,0.5625326803150682,1.8096733643243121,0.20320719638718743,0,,False,crossing,12,1.0,True,0.0,P2-L3-CRP-FIX-03,L3,CRP,FIX
encounter_vo,crossing,9.482643773590642,0.30751290527181063,156.50049430572818,port,,False,collision:target,True,True,15,-306.9478113893442,-12.103119844471578,1,0,0,0,9,0.010494756620636501,0.0,0.0,0.0,2.6780379553776505,0.5142450477533855,0.5625326803150682,1.8780436080226874,0.23413132181684868,0,,False,crossing,13,1.0,True,0.0,P2-L3-CRP-VAR-03,L3,CRP,VAR
encounter_vo,crossing,9.482643773590642,1.0429966961837462,92.25705738318477,port,,False,collision:target,True,True,16,-356.94406027288085,-61.955882547298415,6,10,0,0,13,2.048266599755956,4.621368745550342,0.0,0.0,6.43137501956272,0.5086738323861714,0.555712448419417,1.6161397855300834,0.19961888254676105,0,,False,crossing,13,1.0,True,0.0,P2-L3-CRP-FIX-04,L3,CRP,FIX
encounter_vo,crossing,9.482643773590642,1.0429966961837462,92.25705738318477,port,,False,collision:target,True,True,16,-355.11289655438844,-60.945479375280144,6,10,0,0,13,2.048266599755956,4.564152316627924,0.0,0.0,6.269779053151096,0.528458852257618,0.555712448419417,1.5532085382650869,0.2015631450388497,0,,False,crossing,13,1.0,True,0.0,P2-L3-CRP-VAR-04,L3,CRP,VAR
encounter_vo,crossing,9.482643773590642,2.0758690264960427,73.14715905368574,port,,True,goal,False,False,73,9.51329827202656,-36.69540062623564,7,13,0,0,8,2.597789349963113,3.2719250377551763,0.0,0.0,1.69784764600669,0.5321301033824632,0.5756058590432979,1.913108663553553,0.20228509302823663,0,,False,crossing,13,1.0,True,0.0,P2-L3-CRP-FIX-05,L3,CRP,FIX
encounter_vo,crossing,9.482643773590642,2.0758690264960427,73.14715905368574,port,,True,goal,False,False,73,7.9085827593639095,-38.30011613889828,7,14,0,0,8,2.597789349963113,3.581272133813875,0.0,0.0,1.7141692876004901,0.5321301033824632,0.5756058590432979,1.7083584983293918,0.20228509302823663,0,,False,crossing,14,1.0,True,0.0,P2-L3-CRP-VAR-05,L3,CRP,VAR
encounter_vo,crossing,9.482643773590642,0.16833571410843878,150.63698273454762,port,,False,collision:target,True,True,16,-315.9831448335118,-18.601980405514873,3,1,0,0,10,0.26231171697578615,0.1190080874425793,0.0,0.0,3.714321638587548,0.5019245992518784,0.5581804888987961,1.3783941804525917,0.26679550388260376,0,,False,crossing,14,1.0,True,0.0,P2-L3-CRP-FIX-06,L3,CRP,FIX
encounter_vo,crossing,9.482643773590642,0.16833571410843878,150.63698273454762,port,,False,collision:target,True,True,16,-315.6663434262304,-18.792776492609228,3,1,0,0,10,0.26231171697578615,0.1513704353000904,0.0,0.0,3.7211221864096986,0.5019245992518784,0.5581804888987961,1.5081102879772776,0.26679550388260376,0,,False,crossing,14,1.0,True,0.0,P2-L3-CRP-VAR-06,L3,CRP,VAR
encounter_vo,crossing,9.482643773590642,0.9914032953176644,100.93019981978733,port,,False,collision:target,True,True,13,-340.3779999635209,-48.47746682170266,6,7,0,0,10,0.8543775365810476,2.650219504208582,0.0,0.0,6.917713659954221,0.5230262156998001,0.5570047654058419,1.5103095133217617,0.17130335003703767,0,,False,crossing,10,1.0,True,0.0,P2-L3-CRP-FIX-07,L3,CRP,FIX
encounter_vo,crossing,9.482643773590642,0.9914032953176644,100.93019981978733,port,,False,collision:target,True,True,13,-344.17772181730476,-52.30055029326192,7,9,0,0,10,0.9097531008001832,3.3848190962473605,0.0,0.0,6.898315092861461,0.5065007038249499,0.5570047654058419,1.5822283591997006,0.17159196585203657,0,,False,crossing,10,1.0,True,0.0,P2-L3-CRP-VAR-07,L3,CRP,VAR
encounter_vo,crossing,9.482643773590642,0.6867168498841334,151.60978752321057,port,,False,collision:target,True,True,17,-308.0591110806384,-4.8685795464641615,5,0,0,0,2,0.2979108341743543,0.0,0.0,0.0,0.7542046482891349,0.4605766574025292,0.5654220535290858,1.873140185835273,0.2637751148433458,0,,False,crossing,15,1.0,True,0.0,P2-L3-CRP-FIX-08,L3,CRP,FIX
encounter_vo,crossing,9.482643773590642,0.6867168498841334,151.60978752321057,port,,False,collision:target,True,True,16,-305.1421198594686,-4.753903705767633,4,0,0,0,2,0.27474399767000524,0.0,0.0,0.0,0.7542046482891349,0.4831343478156665,0.5654220535290858,1.8350673275253544,0.24158287424341587,0,,False,crossing,14,1.0,True,0.0,P2-L3-CRP-VAR-08,L3,CRP,VAR
encounter_vo,crossing,9.482643773590642,1.3026131785114248,126.77597024688271,port,,False,collision:target,True,True,16,-329.3438582415386,-34.17929497187775,5,10,0,0,12,0.97587422753995,1.2815853727514295,0.0,0.0,5.112193322318983,0.5193235203919487,0.5554776741065612,1.1314143393426663,0.20575548254887463,0,,False,crossing,12,1.0,True,0.0,P2-L3-CRP-FIX-09,L3,CRP,FIX
encounter_vo,crossing,9.482643773590642,1.3026131785114248,126.77597024688271,port,,False,collision:target,True,True,18,-336.8892443819385,-37.02749296194625,5,11,0,0,13,0.9757016460841398,1.5584227564125517,0.0,0.0,5.440794926575029,0.5090930486355105,0.5554776741065612,1.0241055494619313,0.23359692568436188,0,,False,crossing,13,1.0,True,0.0,P2-L3-CRP-VAR-09,L3,CRP,VAR
encounter_vo,crossing,9.482643773590642,1.2627308817855074,104.06358042640903,port,,True,goal,False,False,76,57.091706657225366,-2.9520373133056075,1,0,0,0,3,0.15408838696610982,0.0,0.0,0.0,0.48651106618296974,0.5144084692840213,0.5589319801455707,1.9053966700872462,0.3944960484058872,0,,False,crossing,14,1.0,True,0.0,P2-L3-CRP-FIX-10,L3,CRP,FIX
encounter_vo,crossing,9.482643773590642,1.2627308817855074,104.06358042640903,port,,True,goal,False,False,76,50.802796620880095,-9.240947349650867,3,0,0,0,3,1.4245752629954551,0.0,0.0,0.0,0.48651106618296974,0.5144084692840213,0.5589319801455707,1.7331244761920734,0.3944960484058872,0,,False,crossing,16,1.0,True,0.0,P2-L3-CRP-VAR-10,L3,CRP,VAR
encounter_vo,crossing,9.482643773590642,0.5215350656481368,83.05378402824527,port,,False,collision:target,True,True,15,-345.4264645254315,-38.52989544022414,5,4,0,0,11,2.1895364183830655,2.956314577709123,0.0,0.0,3.15281061616026,0.5024348507048347,0.5581830371618198,1.2713995762064836,0.2718605511908856,0,,False,crossing,13,1.0,True,0.0,P2-L3-CRP-FIX-11,L3,CRP,FIX
encounter_vo,crossing,9.482643773590642,0.5215350656481368,83.05378402824527,port,,False,collision:target,True,True,15,-344.56521456093634,-38.71710504666927,5,4,0,0,11,2.202626920226603,3.0032095626673123,0.0,0.0,3.180302095552025,0.5024348507048347,0.5581830371618198,1.2961967965177372,0.2718605511908856,0,,False,crossing,13,1.0,True,0.0,P2-L3-CRP-VAR-11,L3,CRP,VAR
encounter_vo,crossing,9.482643773590642,0.043038904855437765,87.42749548395923,port,,False,collision:target,True,True,13,-315.2918746575298,-13.91464955264045,1,1,0,0,8,0.03211536113626395,0.6245179973292184,0.0,0.0,2.369847650719181,0.5237145265761444,0.5624979947509249,1.291428208281949,0.18131614571732266,0,,False,crossing,8,1.0,True,0.0,P2-L3-CRP-FIX-12,L3,CRP,FIX
encounter_vo,crossing,9.482643773590642,0.043038904855437765,87.42749548395923,port,,False,collision:target,True,True,13,-313.0049344948305,-13.605870149936244,1,1,0,0,8,0.03211536113626395,0.5974788226116131,0.0,0.0,2.3309730978631675,0.5237145265761444,0.5624979947509249,1.3502452285278106,0.18131614571732266,0,,False,crossing,8,1.0,True,0.0,P2-L3-CRP-VAR-12,L3,CRP,VAR
encounter_vo,crossing,9.482643773590642,1.524181868543142,167.829730551537,port,,True,goal,False,False,74,15.54393128008789,-32.996609251159754,10,0,0,0,9,4.282860861384686,0.0,0.0,0.0,2.621432886067903,0.5278869172188985,0.5737998167757814,1.4404998785628895,0.15541594985972568,0,,False,crossing,16,1.0,True,0.0,P2-L3-CRP-FIX-13,L3,CRP,FIX
encounter_vo,crossing,9.482643773590642,1.524181868543142,167.829730551537,port,,True,goal,False,False,74,3.607093129043676,-35.5357732925793,12,1,0,0,10,4.849150992191041,0.0017053897283059193,0.0,0.0,2.560896489350785,0.5277458262708788,0.5738376092255038,1.4901009154262874,0.1302078045452741,0,,False,crossing,18,1.0,True,0.0,P2-L3-CRP-VAR-13,L3,CRP,VAR
encounter_vo,crossing,9.482643773590642,2.309669714022057,109.49470251959684,port,,True,goal,False,False,73,52.23356874363792,-10.647511683514635,11,0,0,0,2,2.072544856137534,0.0,0.0,0.0,0.08631436569640917,0.5346226984343239,0.5748707014691046,2.7044580121169153,0.29297712436301626,0,,False,crossing,13,1.0,True,0.0,P2-L3-CRP-FIX-14,L3,CRP,FIX
encounter_vo,crossing,9.482643773590642,2.309669714022057,109.49470251959684,port,,True,goal,False,False,72,54.946905944451586,-13.525099377663532,11,0,0,0,4,2.427167772143811,0.0,0.0,0.0,0.3356930901225924,0.5416604154863782,0.5732791738116197,2.2385977901701275,0.3784150800556731,0,,False,crossing,13,1.0,True,0.0,P2-L3-CRP-VAR-14,L3,CRP,VAR
encounter_vo,crossing,9.482643773590642,1.006135216376819,103.94794586089405,port,,True,collision:target,True,True,15,-310.87405047001755,-18.148577985125655,4,0,0,0,10,1.3045033775051778,0.0,0.0,0.0,2.598063614772227,0.5425902131669054,0.5641924357086819,1.4396593403611064,0.20811058291216938,0,,False,crossing,11,1.0,True,0.0,P2-L3-CRP-FIX-15,L3,CRP,FIX
encounter_vo,crossing,9.482643773590642,1.006135216376819,103.94794586089405,port,,True,collision:target,True,True,15,-311.8674724658752,-18.235590503214834,4,0,0,0,11,1.3045033775051778,0.0,0.0,0.0,2.617399729903156,0.5425902131669054,0.5641924357086819,1.3768543186843583,0.20811058291216938,0,,False,crossing,11,1.0,True,0.0,P2-L3-CRP-VAR-15,L3,CRP,VAR
encounter_vo,crossing,9.482643773590642,0.38176566794680983,82.77945703865247,port,,False,collision:target,True,True,13,-345.47942098567313,-55.02397058970458,6,7,0,0,11,1.6167603437471305,3.501054628390447,0.0,0.0,6.597952550583014,0.5211337263949467,0.5577612961245109,1.4288118948903674,0.07506344453039766,0,,False,crossing,11,1.0,True,0.0,P2-L3-CRP-FIX-16,L3,CRP,FIX
encounter_vo,crossing,9.482643773590642,0.38176566794680983,82.77945703865247,port,,False,collision:target,True,True,12,-338.30177235474264,-48.1940448844373,6,6,0,0,10,1.616877535201717,3.023511202185142,0.0,0.0,5.605360140971633,0.5368644195750228,0.5577612961245109,1.458005147817873,0.07333532430609206,0,,False,crossing,10,1.0,True,0.0,P2-L3-CRP-VAR-16,L3,CRP,VAR
encounter_vo,crossing,9.482643773590642,0.7703159418092622,104.80422117867428,port,,False,collision:target,True,True,14,-344.47466317683916,-52.3069788372083,6,7,0,0,12,1.8146696701182876,1.9934810357723565,0.0,0.0,7.434807298455468,0.5237036340547894,0.5619842996877646,1.4953031354705792,0.08321241422014962,0,,False,crossing,12,1.0,True,0.0,P2-L3-CRP-FIX-17,L3,CRP,FIX
encounter_vo,crossing,9.482643773590642,0.7703159418092622,104.80422117867428,port,,False,collision:target,True,True,14,-343.8185329425905,-51.987136643813656,6,7,0,0,12,1.8147938141652125,2.0195261600134704,0.0,0.0,7.33494506036204,0.5389320169754838,0.5619842996877646,1.4691427332448572,0.08282071076774745,0,,False,crossing,12,1.0,True,0.0,P2-L3-CRP-VAR-17,L3,CRP,VAR
encounter_vo,crossing,9.482643773590642,0.6189850254128593,106.43047323159415,port,,True,collision:target,True,True,17,-298.2688319338861,-3.750431117212352,0,0,0,0,3,0.0,0.0,0.0,0.0,0.8334291371583005,0.508677655869177,0.5596892435605977,1.4154857753591397,0.3180518077086113,0,,False,crossing,6,1.0,True,0.0,P2-L3-CRP-FIX-18,L3,CRP,FIX
encounter_vo,crossing,9.482643773590642,0.6189850254128593,106.43047323159415,port,,True,collision:target,True,True,18,-302.84423281158655,-3.74993423134591,0,0,0,0,3,0.0,0.0,0.0,0.0,0.833318718076869,0.49020301225192164,0.5596892435605977,1.273781964032947,0.33522178297087973,0,,False,crossing,6,1.0,True,0.0,P2-L3-CRP-VAR-18,L3,CRP,VAR
encounter_vo,crossing,9.482643773590642,0.4486740298193312,68.7323380393795,port,,False,collision:target,True,True,12,-341.28888090231715,-50.789092745824384,5,5,0,0,10,2.0045345904206,2.8028256757452934,0.0,0.0,5.998368761845158,0.5269056355359598,0.5594861078208542,1.3493416808259406,0.13042718140141224,0,,False,crossing,10,1.0,True,0.0,P2-L3-CRP-FIX-19,L3,CRP,FIX
encounter_vo,crossing,9.482643773590642,0.4486740298193312,68.7323380393795,port,,False,collision:target,True,True,11,-336.8034909719962,-46.523737950460664,5,5,0,0,9,1.970256574066461,2.8155661102256433,0.0,0.0,5.074203480714389,0.5545528968846184,0.5594861078208542,1.3302135858736786,0.12383685007532123,0,,False,crossing,9,1.0,True,0.0,P2-L3-CRP-VAR-19,L3,CRP,VAR
encounter_vo,crossing,9.482643773590642,1.0515152735176332,169.5096574202745,port,,True,collision:obstacle,True,False,19,-373.4760514716552,-53.47047710721805,10,0,0,0,12,5.788638107786883,0.0,0.0,0.0,5.514826327482885,0.5299715802491444,0.5646457094849325,1.3175764658696605,0.15201229264936583,0,,False,crossing,12,1.0,True,0.0,P2-L3-CRP-FIX-20,L3,CRP,FIX
encounter_vo,crossing,9.482643773590642,1.0515152735176332,169.5096574202745,port,,True,collision:obstacle,True,False,19,-367.79573746439905,-48.129559397613846,9,0,0,0,12,4.229463240267633,0.0,0.0,0.0,6.043048079619792,0.5494671645823055,0.5647855091235214,1.152518456284287,0.10236557295638803,0,,False,crossing,12,1.0,True,0.0,P2-L3-CRP-VAR-20,L3,CRP,VAR
encounter_vo,crossing,9.482643773590642,2.1670686536252664,228.26194804763597,starboard,,True,goal,False,False,74,44.06506184594759,0.0,0,0,0,0,0,0.0,0.0,0.0,0.0,0.0,0.5249084753391147,0.5625192550607693,1.9568113754865537,0.23363230460030884,0,,False,never,0,0.0,False,0.0,P2-L3-CRS-FIX-01,L3,CRS,FIX
encounter_vo,crossing,9.482643773590642,2.1670686536252664,228.26194804763597,starboard,,True,goal,False,False,74,44.14421992161932,0.0,0,0,0,0,0,0.0,0.0,0.0,0.0,0.0,0.5249084753391147,0.5625192550607693,2.015971343138343,0.23363230460030884,0,,False,never,0,0.0,False,0.0,P2-L3-CRS-VAR-01,L3,CRS,VAR
encounter_vo,crossing,9.482643773590642,1.8049122155424557,205.32952562060183,starboard,,True,goal,False,False,74,21.099739186963603,-25.87121399500931,13,5,0,0,10,3.8341466844038252,0.019453139746515,0.0,0.0,1.5101988589922497,0.5244929581059511,0.5577851031008052,2.2920191504873806,0.337065943940697,0,,False,crossing,17,0.0,False,0.0,P2-L3-CRS-FIX-02,L3,CRS,FIX
encounter_vo,crossing,9.482643773590642,1.8049122155424557,205.32952562060183,starboard,,True,goal,False,False,74,20.49527934778297,-25.028667490738222,13,6,0,0,10,3.7644151748518886,0.02533077826517163,0.0,0.0,1.3932055606241722,0.5245677670239968,0.5577851031008052,2.4487863590716485,0.3248514418322451,0,,False,crossing,17,0.0,False,0.0,P2-L3-CRS-VAR-02,L3,CRS,VAR
encounter_vo,crossing,9.482643773590642,1.6194069926966033,242.76194932887125,starboard,,True,collision:target,True,True,22,-312.0502068162013,0.0,0,0,0,0,0,0.0,0.0,0.0,0.0,0.0,0.5486376565839106,0.5605662045439146,1.3295764473731977,0.36239039359750475,0,,False,never,0,0.0,False,0.0,P2-L3-CRS-FIX-03,L3,CRS,FIX
encounter_vo,crossing,9.482643773590642,1.6194069926966033,242.76194932887125,starboard,,True,collision:target,True,True,23,-312.7779115624887,0.0,0,0,0,0,0,0.0,0.0,0.0,0.0,0.0,0.5321851014806707,0.5605662045439146,1.348875842176704,0.40328557508483653,0,,False,never,0,0.0,False,0.0,P2-L3-CRS-VAR-03,L3,CRS,VAR
encounter_vo,crossing,9.482643773590642,2.4473246999089495,276.0079007966859,starboard,,True,goal,False,False,78,40.89770861854079,0.0,0,0,0,0,0,0.0,0.0,0.0,0.0,0.0,0.5081133224151448,0.5584590440854751,1.8890235755542593,0.7444856402781865,0,,False,never,0,0.0,False,0.0,P2-L3-CRS-FIX-04,L3,CRS,FIX
encounter_vo,crossing,9.482643773590642,2.4473246999089495,276.0079007966859,starboard,,True,goal,False,False,77,48.36286574131121,0.0,0,0,0,0,0,0.0,0.0,0.0,0.0,0.0,0.5119112355571602,0.5584590440854751,2.3909638264889743,0.6049697161650764,0,,False,never,0,0.0,False,0.0,P2-L3-CRS-VAR-04,L3,CRS,VAR
encounter_vo,crossing,9.482643773590642,1.287654659275197,223.2128592803457,starboard,,False,goal,False,False,72,21.415361455827764,-39.526430569068225,11,14,0,0,13,3.7768396637922104,1.463654832992712,0.0,0.0,3.019107291107304,0.5401829133272211,0.5701067722045242,1.6839835899496243,0.2935253709704435,0,,False,crossing,14,0.0,False,0.0,P2-L3-CRS-FIX-05,L3,CRS,FIX
encounter_vo,crossing,9.482643773590642,1.287654659275197,223.2128592803457,starboard,,False,goal,False,False,72,18.664163477713913,-39.60755593417924,12,15,0,0,13,4.065594003873618,1.5097828886428868,0.0,0.0,2.668764514716121,0.5393851926468077,0.5720988034870937,1.894213506183944,0.27202208901776426,0,,False,crossing,15,0.0,False,0.0,P2-L3-CRS-VAR-05,L3,CRS,VAR
encounter_vo,crossing,9.482643773590642,2.015334837761502,200.3106251070971,starboard,,True,goal,False,False,72,38.01169173040595,-15.116551330199725,13,0,0,0,10,2.047978090733218,0.0,0.0,0.0,1.1064577291267323,0.5403649283823184,0.573353118927152,2.5654447954922674,0.3153797829707573,0,,False,crossing,15,0.0,False,0.0,P2-L3-CRS-FIX-06,L3,CRS,FIX
encounter_vo,crossing,9.482643773590642,2.015334837761502,200.3106251070971,starboard,,True,goal,False,False,72,39.249882095100105,-14.287983369207488,11,0,0,0,11,1.6739589655481202,0.0,0.0,0.0,1.3337525532765089,0.5406961142273254,0.5747148902688786,2.3790314245864157,0.30128214690295035,0,,False,crossing,14,0.0,False,0.0,P2-L3-CRS-VAR-06,L3,CRS,VAR
encounter_vo,crossing,9.482643773590642,2.0515166226230304,230.1879691463317,starboard,,True,goal,False,False,73,53.00330291086837,0.0,0,0,0,0,0,0.0,0.0,0.0,0.0,0.0,0.5332991820590668,0.5704352437102801,1.704915114028826,0.22740691873294042,0,,False,never,0,0.0,False,0.0,P2-L3-CRS-FIX-07,L3,CRS,FIX
encounter_vo,crossing,9.482643773590642,2.0515166226230304,230.1879691463317,starboard,,True,collision:target,True,True,19,-305.37965838307446,0.0,0,0,0,0,0,0.0,0.0,0.0,0.0,0.0,0.5427909764339054,0.5695216779762701,1.3045991042776781,0.2666946715097656,0,,False,never,0,0.0,False,0.0,P2-L3-CRS-VAR-07,L3,CRS,VAR
encounter_vo,crossing,9.482643773590642,1.8145783333415333,284.06883540589115,starboard,,True,collision:target,True,True,29,-361.12235781531814,-28.97456918580908,5,8,0,0,10,1.1040627678358639,2.8678504591273146,0.0,0.0,2.0696886027425205,0.5131505270758566,0.558060833769654,1.5736071753427698,0.5353049034679375,0,,False,crossing,12,0.0,False,0.0,P2-L3-CRS-FIX-08,L3,CRS,FIX
encounter_vo,crossing,9.482643773590642,1.8145783333415333,284.06883540589115,starboard,,True,collision:target,True,True,28,-350.7295140634347,-29.29350409036695,5,8,0,0,10,1.1144768010376902,2.8679016514307287,0.0,0.0,2.129051277921839,0.5321826353924811,0.558060833769654,1.329277404844131,0.5161398924287958,0,,False,crossing,12,0.0,False,0.0,P2-L3-CRS-VAR-08,L3,CRS,VAR
encounter_vo,crossing,9.482643773590642,1.2281865945476336,228.03055297880738,starboard,,True,collision:target,True,True,20,-316.5207349119084,0.0,0,0,0,0,0,0.0,0.0,0.0,0.0,0.0,0.5374439420240951,0.5547117098377602,1.1825626837201522,0.2222369767041479,0,,False,never,0,0.0,False,0.0,P2-L3-CRS-FIX-09,L3,CRS,FIX
encounter_vo,crossing,9.482643773590642,1.2281865945476336,228.03055297880738,starboard,,True,goal,False,False,75,29.737354457685328,0.0,0,0,0,0,0,0.0,0.0,0.0,0.0,0.0,0.518424462006044,0.5547117098377602,1.4302440055387735,0.14128561329374625,0,,False,never,0,0.0,False,0.0,P2-L3-CRS-VAR-09,L3,CRS,VAR
encounter_vo,crossing,9.482643773590642,1.9178683530952108,274.5771498800064,starboard,,True,collision:target,True,True,30,-353.0846098930237,-24.183715524040714,2,5,0,0,4,0.6538114518604174,3.4384229055080726,0.0,0.0,0.8727012122370421,0.5377815483932947,0.5705497534183328,1.3862045908419502,0.5909189600450604,0,,False,crossing,5,0.0,False,0.0,P2-L3-CRS-FIX-10,L3,CRS,FIX
encounter_vo,crossing,9.482643773590642,1.9178683530952108,274.5771498800064,starboard,,True,goal,False,False,74,53.060020344953955,-9.407960892154362,1,2,0,0,2,0.13469858216711067,1.2798985533909417,0.0,0.0,0.5346011269204449,0.5288964534749159,0.5705497534183328,1.9516822242473346,0.6186731665131657,0,,False,crossing,4,0.0,False,0.0,P2-L3-CRS-VAR-10,L3,CRS,VAR
encounter_vo,crossing,9.482643773590642,2.016993092091529,209.36941024494863,starboard,,True,goal,False,False,73,42.52369191662022,-11.364340654436395,10,7,0,0,8,1.535603891689492,0.03949501538351981,0.0,0.0,0.7928002365388859,0.5345234398615553,0.5630522609319257,2.4983853787757404,0.2661965379988294,0,,False,crossing,16,0.0,False,0.0,P2-L3-CRS-FIX-11,L3,CRS,FIX
encounter_vo,crossing,9.482643773590642,2.016993092091529,209.36941024494863,starboard,,True,goal,False,False,73,42.11154714530221,-11.268536164560679,10,7,0,0,8,1.535603891689492,0.03853726332903248,0.0,0.0,0.7725638771597741,0.5343961367157738,0.5628967871128877,2.625555339917439,0.25945196003783566,0,,False,crossing,17,0.0,False,0.0,P2-L3-CRS-VAR-11,L3,CRS,VAR
encounter_vo,crossing,9.482643773590642,1.3072802184038224,229.30739920704087,starboard,,True,collision:target,True,True,21,-307.2834042363034,-3.0980410265304803,1,0,0,0,1,0.23247913056223937,0.0,0.0,0.0,0.4327265178327545,0.5448487910752415,0.562797632830237,1.3993542200553204,0.338956040553627,0,,False,overtaking,1,0.0,False,0.0,P2-L3-CRS-FIX-12,L3,CRS,FIX
encounter_vo,crossing,9.482643773590642,1.3072802184038224,229.30739920704087,starboard,,True,collision:target,True,True,21,-308.11245231334277,-2.9753559776819043,1,0,0,0,1,0.20285764206388776,0.0,0.0,0.0,0.43804681099236875,0.5397631058313761,0.562797632830237,1.4124651108072117,0.33716949570279564,0,,False,overtaking,1,0.0,False,0.0,P2-L3-CRS-VAR-12,L3,CRS,VAR
encounter_vo,crossing,9.482643773590642,2.445946361091128,194.40539466721341,starboard,,True,goal,False,False,73,60.05944553271435,-4.081899064011918,7,0,0,0,1,0.7951814922565743,0.0,0.0,0.0,0.032389039409305605,0.5345886817039703,0.5654056631067236,2.753671513774174,0.29662494778162857,0,,False,crossing,13,0.0,False,0.0,P2-L3-CRS-FIX-13,L3,CRS,FIX
encounter_vo,crossing,9.482643773590642,2.445946361091128,194.40539466721341,starboard,,True,goal,False,False,73,51.55393379675221,-4.102993295494192,7,0,0,0,2,0.7951814922565743,0.0,0.0,0.0,0.037076646405366454,0.534681976489959,0.5669920405113478,2.7205213916811033,0.29109010426457077,0,,False,crossing,13,0.0,False,0.0,P2-L3-CRS-VAR-13,L3,CRS,VAR
encounter_vo,crossing,9.482643773590642,1.9411590163029353,238.82812122735731,starboard,,True,goal,False,False,74,35.10842911336135,0.0,0,0,0,0,0,0.0,0.0,0.0,0.0,0.0,0.5263707366018217,0.567399302894668,1.7042615015193259,0.21359615506493806,0,,False,never,0,0.0,False,0.0,P2-L3-CRS-FIX-14,L3,CRS,FIX
encounter_vo,crossing,9.482643773590642,1.9411590163029353,238.82812122735731,starboard,,True,goal,False,False,74,36.10762230135903,0.0,0,0,0,0,0,0.0,0.0,0.0,0.0,0.0,0.5254265152416013,0.5673531630140343,2.018378953119276,0.21642567667745935,0,,False,never,0,0.0,False,0.0,P2-L3-CRS-VAR-14,L3,CRS,VAR
encounter_vo,crossing,9.482643773590642,2.106823028233486,204.192491544341,starboard,,True,goal,False,False,74,33.020945105507806,-9.442960058734485,11,1,0,0,6,1.5470760616264376,0.00047123302470587715,0.0,0.0,0.3961335444914051,0.5253559828916825,0.557631132367442,2.50236697756032,0.27261688417329205,0,,False,crossing,16,0.0,False,0.0,P2-L3-CRS-FIX-15,L3,CRS,FIX
encounter_vo,crossing,9.482643773590642,2.106823028233486,204.192491544341,starboard,,True,goal,False,False,74,32.923336874331255,-9.540568289911034,11,1,0,0,7,1.5470760616264376,0.0006203704871484984,0.0,0.0,0.4176602113219513,0.5253559828916825,0.557631132367442,2.446326014598592,0.27261688417329205,0,,False,crossing,16,0.0,False,0.0,P2-L3-CRS-VAR-15,L3,CRS,VAR
encounter_vo,crossing,9.482643773590642,0.6410023621067068,217.5006523875567,starboard,,True,collision:target,True,True,19,-297.8298475470291,0.0,0,0,0,0,0,0.0,0.0,0.0,0.0,0.0,0.5349277116171143,0.5621274973034277,1.71558612412922,0.253015807881684,0,,False,never,0,0.0,False,0.0,P2-L3-CRS-FIX-16,L3,CRS,FIX
encounter_vo,crossing,9.482643773590642,0.6410023621067068,217.5006523875567,starboard,,True,collision:target,True,True,18,-295.6212591149416,0.0,0,0,0,0,0,0.0,0.0,0.0,0.0,0.0,0.5467510481463536,0.5621274973034277,1.609790720107838,0.22906909301690376,0,,False,never,0,0.0,False,0.0,P2-L3-CRS-VAR-16,L3,CRS,VAR
encounter_vo,crossing,9.482643773590642,2.4722873925642967,284.5266620870986,starboard,,True,collision:target,True,True,32,-329.50407740697716,0.0,0,0,0,0,0,0.0,0.0,0.0,0.0,0.0,0.5022653801729996,0.5573063442009856,1.8924112284672374,0.6720519185024931,0,,False,never,0,0.0,False,0.0,P2-L3-CRS-FIX-17,L3,CRS,FIX
encounter_vo,crossing,9.482643773590642,2.4722873925642967,284.5266620870986,starboard,,True,collision:target,True,True,31,-333.64344362607557,0.0,0,0,0,0,0,0.0,0.0,0.0,0.0,0.0,0.5025894618147975,0.5573063442009856,1.6822982478737416,0.6335221756605293,0,,False,never,0,0.0,False,0.0,P2-L3-CRS-VAR-17,L3,CRS,VAR
encounter_vo,crossing,9.482643773590642,2.1343941674248414,292.2654681869026,starboard,,True,collision:target,True,True,29,-345.04251292948294,-21.688101268678615,8,5,8,0,10,2.083309581621827,0.44412664735016405,1.3824088617002541,0.0,0.9334711184769653,0.5232806132154825,0.5643309452623441,1.726535198113764,0.590158620312957,0,,False,crossing,14,0.0,False,0.0,P2-L3-CRS-FIX-18,L3,CRS,FIX
encounter_vo,crossing,9.482643773590642,2.1343941674248414,292.2654681869026,starboard,,True,goal,False,False,76,39.41118221506994,-19.819623593803815,8,5,8,0,8,1.9720512737274007,0.44412664735016405,1.3662092243491115,0.0,0.6535977059584599,0.5158231563471298,0.5648128962776554,2.1360233413353487,0.7068838709080277,0,,False,crossing,14,0.0,False,0.0,P2-L3-CRS-VAR-18,L3,CRS,VAR
encounter_vo,crossing,9.482643773590642,1.5712127141463947,286.37529651478957,starboard,,True,collision:target,True,True,16,-298.450275927423,0.0,0,0,0,0,0,0.0,0.0,0.0,0.0,0.0,0.5417595850271613,0.5616520570422608,1.484293920747458,0.2988543319756146,0,,False,never,0,0.0,False,0.0,P2-L3-CRS-FIX-19,L3,CRS,FIX
encounter_vo,crossing,9.482643773590642,1.5712127141463947,286.37529651478957,starboard,,True,collision:target,True,True,18,-302.9650132908967,0.0,0,0,0,0,0,0.0,0.0,0.0,0.0,0.0,0.5133372384321396,0.5616520570422608,1.9075649050243644,0.31265061629869795,0,,False,never,0,0.0,False,0.0,P2-L3-CRS-VAR-19,L3,CRS,VAR
encounter_vo,crossing,9.482643773590642,1.9306489181018467,191.4239081469701,starboard,,True,goal,False,False,73,49.55743082461514,-10.683514386098421,8,0,0,0,13,0.5364960141055687,0.0,0.0,0.0,1.7839686925057459,0.5339981004937641,0.5622200223126315,2.2518857594739234,0.2527164179307984,0,,False,crossing,15,0.0,False,0.0,P2-L3-CRS-FIX-20,L3,CRS,FIX
encounter_vo,crossing,9.482643773590642,1.9306489181018467,191.4239081469701,starboard,,True,goal,False,False,73,47.482277046668855,-10.638429319062775,8,0,0,0,13,0.5364960141055687,0.0,0.0,0.0,1.7739497887200468,0.5338140708377807,0.5628730709332838,2.288764333368535,0.2597427719507902,0,,False,crossing,15,0.0,False,0.0,P2-L3-CRS-VAR-20,L3,CRS,VAR
los_dwa,crossing,9.200000000000001,0.03380985441247292,114.79649268729816,port,,False,collision:target,True,True,17,-354.0215333234471,-53.03191013525371,9,8,0,0,9,1.7181952760601913,4.10370310559215,0.0,0.0,5.380780699127693,0.5026918515350354,0.5563943513549593,1.2765657878871315,0.6487637991184093,0,,False,crossing,9,1.0,True,0.0,P2-L1-CRP-FIX-01,L1,CRP,FIX
los_dwa,crossing,9.200000000000001,0.03380985441247292,114.79649268729816,port,,False,collision:target,True,True,15,-320.78548909583736,-23.417073024757023,6,3,0,0,7,0.35817105717141556,1.3536379059014059,0.0,0.0,3.320804146121457,0.5191088463092469,0.5563943513549593,1.2234175000036636,0.5238415522634496,0,,False,crossing,7,1.0,True,0.0,P2-L1-CRP-VAR-01,L1,CRP,VAR
los_dwa,crossing,9.200000000000001,2.4440999434399604,91.19658808783723,port,,True,collision:target,True,True,33,-369.66999718898717,-19.727379885628732,8,2,0,0,1,2.88085887526562,1.069731028692011,0.0,0.0,0.03821330245299053,0.5091839733966502,0.5575874765349456,1.407007939292734,1.3522385336940284,0,,False,crossing,8,1.0,True,0.0,P2-L1-CRP-FIX-02,L1,CRP,FIX
los_dwa,crossing,9.200000000000001,2.4440999434399604,91.19658808783723,port,,True,collision:target,True,True,32,-354.6802516172702,-19.727379885628732,8,2,0,0,1,2.88085887526562,1.069731028692011,0.0,0.0,0.03821330245299053,0.5380331183506535,0.5575874765349456,1.363788174370616,1.286997781278478,0,,False,crossing,8,1.0,True,0.0,P2-L1-CRP-VAR-02,L1,CRP,VAR
los_dwa,crossing,9.200000000000001,2.441843088872972,156.9026208915265,port,,True,goal,False,False,75,-13.277276967877285,-36.89550538610239,16,3,0,0,2,7.261854688512547,0.027919548201040176,0.0,0.0,0.18024953652669795,0.5180386993469096,0.5619540513233109,3.170346480279693,0.7261724301355457,0,,False,crossing,18,1.0,True,0.0,P2-L1-CRP-FIX-03,L1,CRP,FIX
los_dwa,crossing,9.200000000000001,2.441843088872972,156.9026208915265,port,,True,goal,False,False,75,-7.854522453614152,-31.472750871839256,14,4,0,0,2,6.169045547348392,0.025222726887792972,0.0,0.0,0.18024953652669795,0.5180386993469096,0.5619540513233109,2.8966473854573422,0.7261724301355457,0,,False,crossing,16,1.0,True,0.0,P2-L1-CRP-VAR-03,L1,CRP,VAR
los_dwa,crossing,9.200000000000001,0.40644124157519806,104.7661286962666,port,,False,collision:target,True,True,18,-379.43497305771336,-76.70894799962386,13,13,0,0,10,8.036848145674128,5.5760990872303955,0.0,0.0,2.072190932610325,0.5174882607140248,0.555940678177788,1.5333681966667734,0.7076960858306461,0,,False,crossing,13,1.0,True,0.0,P2-L1-CRP-FIX-04,L1,CRP,FIX
los_dwa,crossing,9.200000000000001,0.40644124157519806,104.7661286962666,port,,False,goal,False,False,76,-9.004580564776148,-69.94865816762382,13,13,0,0,6,8.497741984497248,4.5348254640265715,0.0,0.0,1.2083220660957568,0.5186936515713051,0.555940678177788,2.220037746429983,1.259142679858862,0,,False,crossing,13,1.0,True,0.0,P2-L1-CRP-VAR-04,L1,CRP,VAR
los_dwa,crossing,9.200000000000001,2.181423550527398,115.7837675325377,port,,True,goal,False,False,72,79.68309869831145,0.0,0,0,0,0,0,0.0,0.0,0.0,0.0,0.0,0.5380834736550535,0.5638546817665694,3.877520997463339,1.1799513400290074,0,,False,never,0,0.0,False,0.0,P2-L1-CRP-FIX-05,L1,CRP,FIX
los_dwa,crossing,9.200000000000001,2.181423550527398,115.7837675325377,port,,True,goal,False,False,72,79.68309869831145,0.0,0,0,0,0,0,0.0,0.0,0.0,0.0,0.0,0.5380834736550535,0.5638546817665694,3.786180947057162,1.1799513400290074,0,,False,never,0,0.0,False,0.0,P2-L1-CRP-VAR-05,L1,CRP,VAR
los_dwa,crossing,9.200000000000001,1.6044359338476681,94.72144402745336,port,,True,collision:target,True,True,28,-397.1292937626989,-70.78384328219086,14,6,0,0,8,9.231615121064657,2.6469424815899547,0.0,0.0,2.74763293526334,0.49876766283845025,0.557772405755365,1.367599610890601,1.1829609975846123,0,,False,crossing,14,1.0,True,0.0,P2-L1-CRP-FIX-06,L1,CRP,FIX
los_dwa,crossing,9.200000000000001,1.6044359338476681,94.72144402745336,port,,True,collision:target,True,True,29,-379.36189099440696,-43.630276266142616,10,3,0,0,4,7.169185054595338,1.203282874696911,0.0,0.0,0.4859022258102192,0.4996680105345619,0.557772405755365,1.5150196384601629,1.1602280412232886,0,,False,crossing,10,1.0,True,0.0,P2-L1-CRP-VAR-06,L1,CRP,VAR
los_dwa,crossing,9.200000000000001,2.374436245626427,105.37486304409231,port,,True,collision:target,True,True,30,-374.36713835285366,-31.68641592027209,9,3,0,0,0,5.767993694774313,0.6333024507351994,0.0,0.0,0.0,0.4207141059250177,0.5628679464021653,1.7163114470510952,1.2691749323856383,0,,False,crossing,9,1.0,True,0.0,P2-L1-CRP-FIX-07,L1,CRP,FIX
los_dwa,crossing,9.200000000000001,2.374436245626427,105.37486304409231,port,,True,collision:target,True,True,27,-367.6232687757016,-40.5669154542511,9,5,0,0,2,5.767819293859641,1.5079954351603364,0.0,0.0,1.0114738990227132,0.4665717482660139,0.5628679464021653,1.3801764995416206,1.273850346031095,0,,False,crossing,11,1.0,True,0.0,P2-L1-CRP-VAR-07,L1,CRP,VAR
los_dwa,crossing,9.200000000000001,1.064109768090642,144.70588311728267,port,,False,collision:obstacle,True,False,17,-361.0073173137218,-40.72438835610621,12,12,0,0,12,4.376953798928605,0.39911283549645804,0.0,0.0,3.796190781267145,0.5383976176213789,0.558805112303154,1.5927748126826755,0.37671723057147605,0,,False,crossing,15,1.0,True,0.0,P2-L1-CRP-FIX-08,L1,CRP,FIX
los_dwa,crossing,9.200000000000001,1.064109768090642,144.70588311728267,port,,False,collision:obstacle,True,False,17,-359.7664173540967,-39.94679573909309,12,12,0,0,10,4.334897456990607,0.4310557180697408,0.0,0.0,3.634517227232083,0.5347165137528045,0.558805112303154,1.6812084628203692,0.37620430246194014,0,,False,crossing,15,1.0,True,0.0,P2-L1-CRP-VAR-08,L1,CRP,VAR
los_dwa,crossing,9.200000000000001,2.19745828772721,168.42086988781745,port,,True,goal,False,False,74,3.7423159182977486,-14.17348267215199,13,1,0,0,5,2.522267754952561,0.022311329840393176,0.0,0.0,0.35062582276152526,0.5207478832699802,0.5576851498878006,2.7230079417052675,0.744238172824587,0,,False,crossing,15,1.0,True,0.0,P2-L1-CRP-FIX-09,L1,CRP,FIX
los_dwa,crossing,9.200000000000001,2.19745828772721,168.42086988781745,port,,True,goal,False,False,74,6.9162249760249495,-10.999573614424794,11,1,0,0,5,1.8484144518147954,0.022311329840393176,0.0,0.0,0.38655133227369093,0.5207478832699802,0.5576851498878006,2.59471595103167,0.744238172824587,0,,False,crossing,13,1.0,True,0.0,P2-L1-CRP-VAR-09,L1,CRP,VAR
los_dwa,crossing,9.200000000000001,1.2934028333293044,164.40023763818755,port,,True,goal,False,False,71,8.91600249085809,-43.717719879410794,14,5,0,0,5,8.023781234336546,0.026264222911383958,0.0,0.0,0.8599988591185626,0.5463312480584415,0.5656841591553962,2.2551773093655214,0.7299216686262573,0,,False,crossing,14,1.0,True,0.0,P2-L1-CRP-FIX-10,L1,CRP,FIX
los_dwa,crossing,9.200000000000001,1.2934028333293044,164.40023763818755,port,,True,goal,False,False,70,7.804562887700172,-43.12454105811657,14,3,0,0,5,7.810466777314132,0.02200205676086275,0.0,0.0,0.9675156287656291,0.5470580608709789,0.5649091087170773,2.138492076997109,0.6986266725572606,0,,False,crossing,14,1.0,True,0.0,P2-L1-CRP-VAR-10,L1,CRP,VAR
los_dwa,crossing,9.200000000000001,1.0576817950008786,148.95068178029868,port,,False,collision:target,True,True,17,-317.73768306236354,-4.133965554486389,2,0,0,0,3,0.18665818561242636,0.0,0.0,0.0,0.7133350079344174,0.4192565484012202,0.5621556036934098,1.8348260364990858,0.367830640968676,0,,False,crossing,15,1.0,True,0.0,P2-L1-CRP-FIX-11,L1,CRP,FIX
los_dwa,crossing,9.200000000000001,1.0576817950008786,148.95068178029868,port,,False,collision:target,True,True,18,-320.11840091463375,-4.02857307981576,2,0,0,0,2,0.17029598201401647,0.0,0.0,0.0,0.7079128819658619,0.4305701076505813,0.5621556036934098,1.868861914632941,0.39806213767022214,0,,False,crossing,16,1.0,True,0.0,P2-L1-CRP-VAR-11,L1,CRP,VAR
los_dwa,crossing,9.200000000000001,1.5408739920251886,152.25017342614643,port,,True,goal,False,False,73,0.033493620246886735,-45.56582891614202,16,12,0,0,10,7.993151744435579,0.07511767821551091,0.0,0.0,1.2506433942264688,0.5259252644367284,0.5576365255738532,2.6426989494175737,0.7267863832719759,0,,False,crossing,17,1.0,True,0.0,P2-L1-CRP-FIX-12,L1,CRP,FIX
los_dwa,crossing,9.200000000000001,1.5408739920251886,152.25017342614643,port,,True,goal,False,False,73,0.3981229856287598,-45.20119955076013,16,7,0,0,8,7.993151744435579,0.056823041576632156,0.0,0.0,1.1897387466665938,0.5259252644367284,0.5576365255738532,2.918295974679962,0.7267863832719759,0,,False,crossing,17,1.0,True,0.0,P2-L1-CRP-VAR-12,L1,CRP,VAR
los_dwa,crossing,9.200000000000001,1.4351942245117044,167.78041548083337,port,,True,goal,False,False,71,13.794871324046554,-31.193580332935475,15,3,0,0,9,5.4284900091230135,0.016294755210398505,0.0,0.0,0.9426434998855742,0.5393407976604504,0.5632624373640246,2.565522825240796,0.7291897429592501,0,,False,crossing,15,1.0,True,0.0,P2-L1-CRP-FIX-13,L1,CRP,FIX
los_dwa,crossing,9.200000000000001,1.4351942245117044,167.78041548083337,port,,True,goal,False,False,71,10.251733832262445,-31.65789872162417,15,3,0,0,9,5.4281587484103255,0.016617575064870604,0.0,0.0,1.0458346489826538,0.5395295482186159,0.5615964963568562,2.4259683640587766,0.7247158890326248,0,,False,crossing,15,1.0,True,0.0,P2-L1-CRP-VAR-13,L1,CRP,VAR
los_dwa,crossing,9.200000000000001,1.8254532858130468,112.98787187738486,port,,True,collision:target,True,True,23,-342.32354447826896,-21.772992413530783,6,2,0,0,2,3.2661120454991637,0.7745445812143497,0.0,0.0,0.39372046917753123,0.5467070936363645,0.5631841289745844,1.4788396404607491,0.9828206288358767,0,,False,crossing,6,1.0,True,0.0,P2-L1-CRP-FIX-14,L1,CRP,FIX
los_dwa,crossing,9.200000000000001,1.8254532858130468,112.98787187738486,port,,True,collision:target,True,True,24,-359.5260452668676,-21.772992413530783,6,2,0,0,2,3.2661120454991637,0.7745445812143497,0.0,0.0,0.39372046917753123,0.5209532189625427,0.5608749288247451,1.258508410523445,1.0376264502230028,0,,False,crossing,6,1.0,True,0.0,P2-L1-CRP-VAR-14,L1,CRP,VAR
los_dwa,crossing,9.200000000000001,0.7014434332234137,145.4128351198495,port,,False,collision:target,True,True,15,-321.5141201783132,-17.621745425525997,5,1,0,0,5,2.578950916486842,0.012552454104011923,0.0,0.0,1.0652897202447265,0.4425151970012516,0.5609909675847091,1.786249652199655,0.23841100412993765,0,,False,crossing,13,1.0,True,0.0,P2-L1-CRP-FIX-15,L1,CRP,FIX
los_dwa,crossing,9.200000000000001,0.7014434332234137,145.4128351198495,port,,False,collision:target,True,True,16,-324.1933898389222,-17.995915688984855,5,1,0,0,5,2.6421911845760215,0.012552454104011923,0.0,0.0,1.0788743727819312,0.4544615350778079,0.5609909675847091,1.82520230849466,0.2522204585177528,0,,False,crossing,14,1.0,True,0.0,P2-L1-CRP-VAR-15,L1,CRP,VAR
los_dwa,crossing,9.200000000000001,1.4953392071914902,97.33560667774907,port,,True,collision:target,True,True,26,-365.1585038821485,-44.30550238498512,10,3,0,0,4,7.39245238898411,1.1102325559220292,0.0,0.0,0.49271375726660616,0.49285860368325063,0.5589073985478937,1.4785994297922438,1.2234130847075981,0,,False,crossing,10,1.0,True,0.0,P2-L1-CRP-FIX-16,L1,CRP,FIX
los_dwa,crossing,9.200000000000001,1.4953392071914902,97.33560667774907,port,,True,collision:target,True,True,26,-361.7506659802131,-44.30550238498512,10,3,0,0,4,7.39245238898411,1.1102325559220292,0.0,0.0,0.49271375726660616,0.5085105916075426,0.5589073985478937,1.5307124690431215,1.2102488188819507,0,,False,crossing,10,1.0,True,0.0,P2-L1-CRP-VAR-16,L1,CRP,VAR
los_dwa,crossing,9.200000000000001,0.18050019824106867,96.9959784574685,port,,False,collision:target,True,True,20,-418.35617599774963,-99.19879752390392,17,8,0,0,5,14.24309663237965,4.267872873930501,0.0,0.0,1.6821107705930298,0.40599335058953356,0.5553929599203914,1.1252539225592852,0.4600039489028789,0,,False,crossing,17,1.0,True,0.0,P2-L1-CRP-FIX-17,L1,CRP,FIX
los_dwa,crossing,9.200000000000001,0.18050019824106867,96.9959784574685,port,,False,collision:target,True,True,19,-410.3726547707104,-95.53152991315773,16,8,0,0,5,13.212642184319458,4.557465178405613,0.0,0.0,1.6821107705930298,0.4248265404402106,0.5553929599203914,1.103682705291692,0.4611841954527112,0,,False,crossing,16,1.0,True,0.0,P2-L1-CRP-VAR-17,L1,CRP,VAR
los_dwa,crossing,9.200000000000001,0.42316412535436526,94.36357564554974,port,,False,collision:target,True,True,17,-362.7097979686967,-43.14140618092424,10,2,0,0,5,6.236624264235342,0.9489887023750642,0.0,0.0,1.6883295923067563,0.4178605703553375,0.5566807010559346,1.321032016740417,0.30459512275820266,0,,False,crossing,15,1.0,True,0.0,P2-L1-CRP-FIX-18,L1,CRP,FIX
los_dwa,crossing,9.200000000000001,0.42316412535436526,94.36357564554974,port,,False,collision:target,True,True,17,-359.9969075237319,-44.16080169174803,10,5,0,0,5,6.236624264235342,1.2191609268485446,0.0,0.0,1.617672481124545,0.4156639556655263,0.5566807010559346,1.3944791748636125,0.3044888533496966,0,,False,crossing,15,1.0,True,0.0,P2-L1-CRP-VAR-18,L1,CRP,VAR
los_dwa,crossing,9.200000000000001,1.2019458236533642,169.4357612192603,port,,True,collision:obstacle,True,False,19,-407.38479961143423,-79.36008055367871,13,2,0,0,14,9.819008730532529,0.6092894742326479,0.0,0.0,6.295985568666824,0.47481241775222705,0.5572577981800609,0.9910866008554147,0.18827415796110014,0,,False,crossing,14,1.0,True,0.0,P2-L1-CRP-FIX-19,L1,CRP,FIX
los_dwa,crossing,9.200000000000001,1.2019458236533642,169.4357612192603,port,,True,collision:obstacle,True,False,19,-407.41589130045287,-80.06015989001642,13,3,0,0,14,9.761582579342788,0.523761730972917,0.0,0.0,6.477267900878594,0.47682393158621855,0.5572577981800609,0.9855129623750246,0.18876062334180002,0,,False,crossing,14,1.0,True,0.0,P2-L1-CRP-VAR-19,L1,CRP,VAR
los_dwa,crossing,9.200000000000001,0.037613085708079474,123.33792062206732,port,,False,goal,False,False,76,31.32647692619348,-8.688611883178053,0,1,0,0,3,0.0,0.9710019593203245,0.0,0.0,0.8627004854538771,0.5067900224306978,0.5622735652693579,1.128401987109156,0.8288324923142053,0,,False,crossing,14,1.0,True,0.0,P2-L1-CRP-FIX-20,L1,CRP,FIX
los_dwa,crossing,9.200000000000001,0.037613085708079474,123.33792062206732,port,,False,goal,False,False,79,5.385262501465945,-10.281651911758665,1,1,0,0,4,0.27767809563660034,0.391240061734869,0.0,0.0,1.5490015628377536,0.5041446799930515,0.5622735652693579,0.9937930921956201,1.7007379055002172,0,,False,crossing,16,0.9375,True,0.0,P2-L1-CRP-VAR-20,L1,CRP,VAR
los_dwa,crossing,9.200000000000001,1.859445207346613,236.4375522180631,starboard,,True,collision:target,True,True,23,-315.4834423759402,0.0,0,0,0,0,0,0.0,0.0,0.0,0.0,0.0,0.48783199413225964,0.552200857105809,1.556252625666561,1.0294048508355016,0,,False,never,0,0.0,False,0.0,P2-L1-CRS-FIX-01,L1,CRS,FIX
los_dwa,crossing,9.200000000000001,1.859445207346613,236.4375522180631,starboard,,True,collision:target,True,True,23,-311.84958025606585,0.0,0,0,0,0,0,0.0,0.0,0.0,0.0,0.0,0.5063197934965293,0.552200857105809,1.6782925872172778,1.041217784426294,0,,False,never,0,0.0,False,0.0,P2-L1-CRS-VAR-01,L1,CRS,VAR
los_dwa,crossing,9.200000000000001,1.216377524892998,213.54721603784083,starboard,,False,collision:obstacle,True,False,20,-394.38630852505503,-62.179238748858744,14,7,0,0,4,10.331091419071134,1.2664605061921836,0.0,0.0,1.0603014930678483,0.45096872759702944,0.5557312420726194,1.2683924365501615,0.13317666403836687,0,,False,crossing,18,0.0,False,0.0,P2-L1-CRS-FIX-02,L1,CRS,FIX
los_dwa,crossing,9.200000000000001,1.216377524892998,213.54721603784083,starboard,,False,collision:target,True,True,20,-386.91512202532476,-56.190136927724915,14,6,0,0,4,9.63519414672241,1.0261567259383786,0.0,0.0,0.7592111351231122,0.4308739527760057,0.5557312420726194,1.0479824613306152,0.13369413489736476,0,,False,crossing,18,0.0,False,0.0,P2-L1-CRS-VAR-02,L1,CRS,VAR
los_dwa,crossing,9.200000000000001,2.4496071478972232,197.52335172425865,starboard,,True,collision:obstacle,True,False,22,-364.38499003277985,-7.408528726111098,8,0,0,0,1,1.4957470725055027,0.0,0.0,0.0,0.0010179371575242701,0.4114579188660655,0.5600193191197772,1.996360301593036,0.37740273758817294,0,,False,crossing,20,0.0,False,0.0,P2-L1-CRS-FIX-03,L1,CRS,FIX
los_dwa,crossing,9.200000000000001,2.4496071478972232,197.52335172425865,starboard,,True,collision:obstacle,True,False,21,-357.10354687334564,-6.620437618368076,9,1,0,0,1,1.305727015886473,0.030809731822459552,0.0,0.0,0.0010179371575242701,0.43204588194444177,0.5600193191197772,2.6996472039682797,0.3913835260013526,0,,False,crossing,19,0.0,False,0.0,P2-L1-CRS-VAR-03,L1,CRS,VAR
los_dwa,crossing,9.200000000000001,0.9296211826374701,202.82842727208148,starboard,,False,collision:obstacle,True,False,18,-363.8410314456349,-37.7589365432044,11,14,0,0,11,5.169602043133843,0.40209600675139817,0.0,0.0,2.262006932504989,0.5210010363098853,0.5555452533958501,1.945363711401186,0.5460006508899746,0,,False,crossing,16,0.0,False,0.0,P2-L1-CRS-FIX-04,L1,CRS,FIX
los_dwa,crossing,9.200000000000001,0.9296211826374701,202.82842727208148,starboard,,False,collision:obstacle,True,False,18,-366.869411737891,-40.66201086622015,12,13,0,0,12,5.312825056254799,0.3875616669748466,0.0,0.0,2.76557701916298,0.5214972938010329,0.5555452533958501,1.6225227146573327,0.5595487848677492,0,,False,crossing,16,0.0,False,0.0,P2-L1-CRS-VAR-04,L1,CRS,VAR
los_dwa,crossing,9.200000000000001,1.4232021252286722,197.55477009091393,starboard,,True,goal,False,False,72,16.21699132095553,-37.03860476186588,14,5,0,0,8,6.593540219492781,0.0106625860864033,0.0,0.0,0.9661779720553143,0.5292113766843733,0.5568671312919442,2.4535470829531616,0.8569374907372137,0,,False,crossing,14,0.0,False,0.0,P2-L1-CRS-FIX-05,L1,CRS,FIX
los_dwa,crossing,9.200000000000001,1.4232021252286722,197.55477009091393,starboard,,True,goal,False,False,72,16.62901190181178,-36.62658418100963,14,8,0,0,7,6.593540219492781,0.014500820011368513,0.0,0.0,0.8703957856586886,0.5292113766843733,0.5568671312919442,2.5681869696399784,0.8569374907372137,0,,False,crossing,14,0.0,False,0.0,P2-L1-CRS-VAR-05,L1,CRS,VAR
los_dwa,crossing,9.200000000000001,2.489948449330967,285.01583798651507,starboard,,True,collision:target,True,True,37,-393.7855119378146,-32.37040719510513,9,1,0,0,3,5.998985592424155,0.15754071812446446,0.0,0.0,0.42124487953098955,0.4544423879857115,0.5578588709900822,1.1806034250721114,1.8720208970256953,0,,False,crossing,9,0.0,False,0.0,P2-L1-CRS-FIX-06,L1,CRS,FIX
los_dwa,crossing,9.200000000000001,2.489948449330967,285.01583798651507,starboard,,True,goal,False,False,77,-0.038056388978262135,-52.63798536896969,12,3,1,0,6,7.187886541662753,1.6192342238763713,0.30303693385445724,0.0,1.7670676928166604,0.5087731715154704,0.5611152733740493,1.5452388082167676,1.3880456455627441,0,,False,crossing,12,0.0,False,0.0,P2-L1-CRS-VAR-06,L1,CRS,VAR
los_dwa,crossing,9.200000000000001,2.4432540839846233,271.2465378011216,starboard,,True,goal,False,False,75,64.71929886164065,-0.548381741948578,0,0,2,0,1,0.0,0.0,0.126434414525192,0.0,0.020715077701752634,0.5211666037237095,0.5585571310689849,3.9978020052544676,0.9912290911486121,0,,False,crossing,6,0.0,False,0.0,P2-L1-CRS-FIX-07,L1,CRS,FIX
los_dwa,crossing,9.200000000000001,2.4432540839846233,271.2465378011216,starboard,,True,goal,False,False,75,64.85709742908287,-0.4105831745063485,0,0,2,0,1,0.0,0.0,0.08815703468012825,0.0,0.020715077701752634,0.5211666037237095,0.5585571310689849,4.021071749937839,0.9912290911486121,0,,False,crossing,6,0.0,False,0.0,P2-L1-CRS-VAR-07,L1,CRS,VAR
los_dwa,crossing,9.200000000000001,1.3927915131922406,240.8141022696097,starboard,,True,goal,False,False,83,69.61738238545067,-0.41562994115725854,0,0,0,0,1,0.0,0.0,0.0,0.0,0.09236220914605746,0.49192047445756215,0.5567842963497772,3.92861381063129,1.3967550012866543,0,,False,crossing,6,0.0,False,0.0,P2-L1-CRS-FIX-08,L1,CRS,FIX
los_dwa,crossing,9.200000000000001,1.3927915131922406,240.8141022696097,starboard,,True,goal,False,False,82,72.11413075648848,-0.41562994115725854,0,0,0,0,1,0.0,0.0,0.0,0.0,0.09236220914605746,0.492164151091348,0.5567842963497772,4.02422404802168,1.3055482917057055,0,,False,crossing,6,0.0,False,0.0,P2-L1-CRS-VAR-08,L1,CRS,VAR
los_dwa,crossing,9.200000000000001,1.513172176766642,213.51074834200887,starboard,,True,collision:target,True,True,19,-341.34616592583643,-12.152782998651533,8,2,0,0,3,1.1537637976960933,0.7759070622944597,0.0,0.0,0.5779804981551768,0.4504538561475472,0.5639631890860645,0.9484501533332795,0.32648304838702,0,,False,crossing,16,0.0,False,0.0,P2-L1-CRS-FIX-09,L1,CRS,FIX
los_dwa,crossing,9.200000000000001,1.513172176766642,213.51074834200887,starboard,,True,collision:obstacle,True,False,20,-358.8526399180862,-20.43586709445618,8,5,0,0,5,1.914231554925671,1.163473514504227,0.0,0.0,1.155828222395153,0.4495533363591804,0.5639631890860645,1.4401311633251772,0.29370878010025503,0,,False,crossing,18,0.0,False,0.0,P2-L1-CRS-VAR-09,L1,CRS,VAR
los_dwa,crossing,9.200000000000001,1.6715391008699279,255.98334331463377,starboard,,True,collision:target,True,True,24,-365.8743452713741,-39.02475167703656,9,2,0,0,2,6.550419840031114,0.7993104593331795,0.0,0.0,0.5874637100407354,0.5049947310737365,0.5622962670932957,1.3994463257384022,0.9985882322841197,0,,False,crossing,9,0.0,False,0.0,P2-L1-CRS-FIX-10,L1,CRS,FIX
los_dwa,crossing,9.200000000000001,1.6715391008699279,255.98334331463377,starboard,,True,collision:target,True,True,24,-361.65306467148486,-39.02478176147351,9,2,0,0,2,6.550419840031114,0.7993165369972097,0.0,0.0,0.5874637100407354,0.5224601135444457,0.5622962670932957,1.6739894996909352,0.9823141958540504,0,,False,crossing,9,0.0,False,0.0,P2-L1-CRS-VAR-10,L1,CRS,VAR
los_dwa,crossing,9.200000000000001,2.3848057433751086,195.56686318722032,starboard,,True,collision:obstacle,True,False,20,-406.8077829955235,-64.72572844765646,16,0,0,0,4,12.635428368429551,0.0,0.0,0.0,0.4845240053178177,0.4524436929970065,0.5568795213763132,2.947323767519343,0.2748383281707933,0,,False,crossing,18,0.0,False,0.0,P2-L1-CRS-FIX-11,L1,CRS,FIX
los_dwa,crossing,9.200000000000001,2.3848057433751086,195.56686318722032,starboard,,True,collision:obstacle,True,False,20,-406.7538646873825,-64.67181013951547,16,0,0,0,3,12.635428368429551,0.0,0.0,0.0,0.47254215906426206,0.4524436929970065,0.5568795213763132,3.3040723069162303,0.2748383281707933,0,,False,crossing,18,0.0,False,0.0,P2-L1-CRS-VAR-11,L1,CRS,VAR
los_dwa,crossing,9.200000000000001,1.8437173012072203,231.16905058578254,starboard,,True,collision:target,True,True,20,-312.92870721554124,-3.0405864990637546,0,1,0,0,1,0.0,0.10310758666477773,0.0,0.0,0.5622675433495788,0.5180936394368506,0.5628510510040559,1.456373380543376,0.838471213877773,0,,False,crossing,1,0.0,False,0.0,P2-L1-CRS-FIX-12,L1,CRS,FIX
los_dwa,crossing,9.200000000000001,1.8437173012072203,231.16905058578254,starboard,,True,collision:target,True,True,20,-315.25165811980304,0.0,0,0,0,0,0,0.0,0.0,0.0,0.0,0.0,0.5068352119232317,0.5628510510040559,1.304790244104343,0.8430179764860762,0,,False,never,0,0.0,False,0.0,P2-L1-CRS-VAR-12,L1,CRS,VAR
los_dwa,crossing,9.200000000000001,1.8453576260752678,286.1460224634829,starboard,,True,collision:obstacle,True,False,20,-347.9313670959874,-4.437016775706712,0,1,0,0,3,0.0,0.7056709561386639,0.0,0.0,0.20976567618229452,0.4448162048783102,0.5554211707781692,3.3857359617815903,0.07903705063401018,0,,False,crossing,12,0.0,False,0.0,P2-L1-CRS-FIX-13,L1,CRS,FIX
los_dwa,crossing,9.200000000000001,1.8453576260752678,286.1460224634829,starboard,,True,collision:obstacle,True,False,20,-347.9313670959874,-4.437016775706712,0,1,0,0,3,0.0,0.7056709561386639,0.0,0.0,0.20976567618229452,0.4448162048783102,0.5554211707781692,3.337857813620534,0.07903705063401018,0,,False,crossing,12,0.0,False,0.0,P2-L1-CRS-VAR-13,L1,CRS,VAR
los_dwa,crossing,9.200000000000001,0.6007584804873689,212.91560800926828,starboard,,False,goal,False,False,76,-109.45291526268241,-84.2226711973652,13,13,0,0,15,9.989976480121054,1.5492262919139177,0.0,0.0,6.023026105731573,0.506795137278577,0.5571655455856754,1.5301694126051626,0.6444001618531314,0,,False,crossing,15,0.0,False,0.0,P2-L1-CRS-FIX-14,L1,CRS,FIX
los_dwa,crossing,9.200000000000001,0.6007584804873689,212.91560800926828,starboard,,False,goal,False,False,72,-37.2872955202138,-83.28312096960376,14,13,0,0,15,10.474553531535879,1.5090381790093148,0.0,0.0,5.32540933386779,0.5299348234903232,0.5566648145903282,1.9147547323323408,0.8420262023626954,0,,False,crossing,15,0.0,False,0.0,P2-L1-CRS-VAR-14,L1,CRS,VAR
los_dwa,crossing,9.200000000000001,2.1842117474283236,279.74653610710357,starboard,,True,collision:boundary,True,False,122,-693.5412705849183,0.0,0,0,0,0,0,0.0,0.0,0.0,0.0,0.0,0.38535695116902224,0.5564735710728795,4.652955386077877,2.5053145328507824,0,,False,crossing,8,0.0,False,0.0,P2-L1-CRS-FIX-15,L1,CRS,FIX
los_dwa,crossing,9.200000000000001,2.1842117474283236,279.74653610710357,starboard,,True,collision:boundary,True,False,122,-693.9413635711746,-0.5406508082194393,0,0,4,0,0,0.0,0.0,0.15018078006095537,0.0,0.0,0.38535695116902224,0.5564735710728795,4.27057427913546,2.5053145328507824,0,,False,crossing,12,0.0,False,0.0,P2-L1-CRS-VAR-15,L1,CRS,VAR
los_dwa,crossing,9.200000000000001,0.8650581245514793,274.1661521755771,starboard,,False,collision:target,True,True,13,-314.5667977221567,-11.657520765524978,0,4,0,0,4,0.0,1.7648967900109511,0.0,0.0,0.6491737011046156,0.4789551542539632,0.563398649273982,1.470807259479069,0.2527857243379922,0,,False,crossing,10,0.0,False,0.0,P2-L1-CRS-FIX-16,L1,CRS,FIX
los_dwa,crossing,9.200000000000001,0.8650581245514793,274.1661521755771,starboard,,False,collision:target,True,True,13,-314.9667213402754,-11.65250707411403,0,4,0,0,4,0.0,1.7638839230592445,0.0,0.0,0.6491737011046156,0.4789551542539632,0.563398649273982,1.4408121101512297,0.2527857243379922,0,,False,crossing,10,0.0,False,0.0,P2-L1-CRS-VAR-16,L1,CRS,VAR
los_dwa,crossing,9.200000000000001,1.2247968943584833,194.35770046704152,starboard,,True,collision:target,True,True,19,-369.25907902133815,-43.56732910159165,11,1,0,0,10,5.873624528186399,0.4987074049111005,0.0,0.0,2.6720635628353384,0.4602767933983674,0.5584749870973968,1.3652846786877753,0.41058126758690167,0,,False,crossing,17,0.0,False,0.0,P2-L1-CRS-FIX-17,L1,CRS,FIX
los_dwa,crossing,9.200000000000001,1.2247968943584833,194.35770046704152,starboard,,True,collision:target,True,True,17,-344.5754742064328,-35.2958330497171,9,0,0,0,8,4.638553298784097,0.0,0.0,0.0,2.7411098268301823,0.46219669645470346,0.5584749870973968,1.8215032759400775,0.3885780759499454,0,,False,crossing,15,0.0,False,0.0,P2-L1-CRS-VAR-17,L1,CRS,VAR
los_dwa,crossing,9.200000000000001,1.9378143923257523,270.98061165836896,starboard,,True,goal,False,False,74,55.713541077356766,-3.9896723419869655,5,0,0,0,1,0.7837060977807455,0.0,0.0,0.0,0.024517146216060957,0.5226398369557504,0.558626581059519,3.4193520210051935,0.8338420680457462,0,,False,crossing,14,0.0,False,0.0,P2-L1-CRS-FIX-18,L1,CRS,FIX
los_dwa,crossing,9.200000000000001,1.9378143923257523,270.98061165836896,starboard,,True,goal,False,False,75,49.19876107480979,-2.009992979034803,2,0,1,0,2,0.08389763337911865,0.0,0.34277956622241634,0.0,0.08015405675721483,0.5212759235357346,0.558626581059519,2.968295393451015,1.1657830183428681,0,,False,crossing,12,0.0,False,0.0,P2-L1-CRS-VAR-18,L1,CRS,VAR
los_dwa,crossing,9.200000000000001,1.7980259916486339,240.63913195074787,starboard,,True,goal,False,False,73,67.02770203160539,0.0,0,0,0,0,0,0.0,0.0,0.0,0.0,0.0,0.5334075830697981,0.5677967676647357,3.407163205629903,0.992564730838696,0,,False,never,0,0.0,False,0.0,P2-L1-CRS-FIX-19,L1,CRS,FIX
los_dwa,crossing,9.200000000000001,1.7980259916486339,240.63913195074787,starboard,,True,goal,False,False,73,69.71181290665079,0.0,0,0,0,0,0,0.0,0.0,0.0,0.0,0.0,0.5371551630859329,0.5645778509248796,3.627510357205598,1.089642731726009,0,,False,never,0,0.0,False,0.0,P2-L1-CRS-VAR-19,L1,CRS,VAR
los_dwa,crossing,9.200000000000001,2.0550688167160436,235.39274287809448,starboard,,True,collision:target,True,True,22,-354.38541991992895,-25.361830573187472,8,0,0,0,3,4.780351532657539,0.0,0.0,0.0,0.3775756636739234,0.4851006113903176,0.5562989700560431,1.2677604374426397,0.8162879416316711,0,,False,crossing,8,0.0,False,0.0,P2-L1-CRS-FIX-20,L1,CRS,FIX
los_dwa,crossing,9.200000000000001,2.0550688167160436,235.39274287809448,starboard,,True,collision:target,True,True,22,-354.3385339414971,-29.623377433781133,9,0,0,0,4,5.273500634327282,0.0,0.0,0.0,0.7821220653024641,0.4863368232880372,0.5562989700560431,1.395164197617238,0.8067940142178782,0,,False,crossing,9,0.0,False,0.0,P2-L1-CRS-VAR-20,L1,CRS,VAR
los_dwa,crossing,9.482643773590642,1.9249034561383138,120.74103884366566,port,,True,goal,False,False,80,47.86026246536997,0.0,0,0,0,0,0,0.0,0.0,0.0,0.0,0.0,0.49071481861787786,0.5706431831856503,1.9815347150696203,0.5761738768116952,0,,False,never,0,0.0,False,0.0,P2-L2-CRP-FIX-01,L2,CRP,FIX
los_dwa,crossing,9.482643773590642,1.9249034561383138,120.74103884366566,port,,True,goal,False,False,77,31.319621435767544,-13.718194680941956,5,0,0,0,7,0.9654975776615604,0.0,0.0,0.0,1.9864403714482741,0.5082604979948862,0.5706431831856503,1.6673487662999897,0.5741783450308022,0,,False,crossing,12,1.0,True,0.0,P2-L2-CRP-VAR-01,L2,CRP,VAR
los_dwa,crossing,9.482643773590642,0.5008222409944088,132.3453452878164,port,,True,goal,False,False,80,18.64387090836172,-7.059651121278664,0,0,0,0,3,0.0,0.0,0.0,0.0,1.5688113602841474,0.49933110866753516,0.5602681991495648,1.257338443420916,0.7163254248752444,0,,False,crossing,13,1.0,True,0.0,P2-L2-CRP-FIX-02,L2,CRP,FIX
los_dwa,crossing,9.482643773590642,0.5008222409944088,132.3453452878164,port,,True,goal,False,False,80,17.651794458212194,-7.059651121278664,0,0,0,0,3,0.0,0.0,0.0,0.0,1.5688113602841474,0.5001146931425264,0.5602681991495648,1.2892473016354298,0.6539381416805533,0,,False,crossing,13,1.0,True,0.0,P2-L2-CRP-VAR-02,L2,CRP,VAR
los_dwa,crossing,9.482643773590642,1.1030265371241141,107.09973753098319,port,,True,goal,False,False,76,63.07451916364997,0.0,0,0,0,0,0,0.0,0.0,0.0,0.0,0.0,0.5190664208074216,0.5620880638486361,1.6066903747024546,0.5434460126633853,0,,False,never,0,0.0,False,0.0,P2-L2-CRP-FIX-03,L2,CRP,FIX
los_dwa,crossing,9.482643773590642,1.1030265371241141,107.09973753098319,port,,True,goal,False,False,85,36.131501664946626,0.0,0,0,0,0,0,0.0,0.0,0.0,0.0,0.0,0.46323980716099394,0.5588343717230047,1.8576266884844432,0.6610319442918583,0,,False,never,0,0.0,False,0.0,P2-L2-CRP-VAR-03,L2,CRP,VAR
los_dwa,crossing,9.482643773590642,0.3703547559116577,161.2537129689516,port,,False,collision:target,True,True,14,-337.6292881370937,-41.972478177063664,9,0,0,0,12,2.506532244672134,0.0,0.0,0.0,6.570031903541465,0.4892302011644859,0.5572407906205409,1.8651826874371709,0.10066314433696388,0,,False,crossing,12,1.0,True,0.0,P2-L2-CRP-FIX-04,L2,CRP,FIX
los_dwa,crossing,9.482643773590642,0.3703547559116577,161.2537129689516,port,,False,collision:target,True,True,14,-336.57530778734656,-40.071727223913584,9,0,0,0,12,2.423839905499478,0.0,0.0,0.0,6.23860437593137,0.48025878718978804,0.5572407906205409,1.8435005951709689,0.10081078540540533,0,,False,crossing,12,1.0,True,0.0,P2-L2-CRP-VAR-04,L2,CRP,VAR
los_dwa,crossing,9.482643773590642,2.070125720452194,119.54723825365383,port,,True,goal,False,False,78,62.24684280483927,-2.0418225158358325,3,0,0,0,1,0.19119625726830347,0.0,0.0,0.0,0.2434224538572734,0.5044854761227386,0.5618580735280031,2.3073685551888823,0.5905189758342387,0,,False,crossing,9,1.0,True,0.0,P2-L2-CRP-FIX-05,L2,CRP,FIX
los_dwa,crossing,9.482643773590642,2.070125720452194,119.54723825365383,port,,True,goal,False,False,82,41.72822743555195,-2.0418225158358325,3,0,0,0,1,0.19119625726830347,0.0,0.0,0.0,0.2434224538572734,0.47791055305842134,0.5618580735280031,2.380815985749224,0.5479775771714737,0,,False,crossing,9,1.0,True,0.0,P2-L2-CRP-VAR-05,L2,CRP,VAR
los_dwa,crossing,9.482643773590642,0.3803398616204559,139.61189542951794,port,,True,collision:target,True,True,15,-322.8969569210719,-26.105715388432223,8,0,0,0,8,2.1643476026273447,0.0,0.0,0.0,3.4204877234281925,0.4936399856111375,0.5551543253215508,1.6289992681434677,0.07475758154858002,0,,False,crossing,8,1.0,True,0.0,P2-L2-CRP-FIX-06,L2,CRP,FIX
los_dwa,crossing,9.482643773590642,0.3803398616204559,139.61189542951794,port,,True,collision:target,True,True,15,-327.93378404450647,-34.32407413496475,8,0,0,0,7,4.231745758036731,0.0,0.0,0.0,2.972651696151761,0.5080188356606536,0.5551543253215508,1.7756593731680148,0.08613712215405932,0,,False,crossing,8,1.0,True,0.0,P2-L2-CRP-VAR-06,L2,CRP,VAR
los_dwa,crossing,9.482643773590642,0.5016775534584944,124.73220902363015,port,,True,collision:target,True,True,18,-310.50115511776016,-12.173400713202902,1,1,0,0,5,0.0019389609003382816,0.32101536456961777,0.0,0.0,2.349950400472582,0.5165705971510111,0.5579552006290516,1.521897671033946,0.11747230662765176,0,,False,crossing,5,1.0,True,0.0,P2-L2-CRP-FIX-07,L2,CRP,FIX
los_dwa,crossing,9.482643773590642,0.5016775534584944,124.73220902363015,port,,True,collision:target,True,True,19,-294.1918212160899,0.0,0,0,0,0,0,0.0,0.0,0.0,0.0,0.0,0.5155584634426713,0.5579552006290516,1.5928523667911858,0.11628921665015196,0,,False,never,0,0.0,False,0.0,P2-L2-CRP-VAR-07,L2,CRP,VAR
los_dwa,crossing,9.482643773590642,2.1369518797039517,121.019739191256,port,,True,goal,False,False,75,71.50417719258864,0.0,0,0,0,0,0,0.0,0.0,0.0,0.0,0.0,0.5245899141107476,0.5607999728996771,2.251491632538031,0.7608882786455117,0,,False,never,0,0.0,False,0.0,P2-L2-CRP-FIX-08,L2,CRP,FIX
los_dwa,crossing,9.482643773590642,2.1369518797039517,121.019739191256,port,,True,goal,False,False,109,-68.41079544606009,0.0,0,0,0,0,0,0.0,0.0,0.0,0.0,0.0,0.36162857934068776,0.5595099072356943,2.138253139168316,0.48434315533542965,0,,False,never,0,0.0,False,0.0,P2-L2-CRP-VAR-08,L2,CRP,VAR
los_dwa,crossing,9.482643773590642,0.008014612812811961,139.80689517419827,port,,True,collision:target,True,True,17,-320.82191681632554,-22.227419012664853,8,2,0,0,5,3.4892817191155747,0.2112995564062804,0.0,0.0,0.8687870441848162,0.48480755024646194,0.5587985587556829,1.7465842412057886,0.07108909107496433,0,,False,crossing,12,1.0,True,0.0,P2-L2-CRP-FIX-09,L2,CRP,FIX
los_dwa,crossing,9.482643773590642,0.008014612812811961,139.80689517419827,port,,True,collision:target,True,True,16,-318.96909091717157,-22.267442381184907,9,3,0,0,5,3.5111364219406127,0.18618215840997926,0.0,0.0,0.8812700907665505,0.5018806820300147,0.5587985587556829,1.7236226710131481,0.07093880352587147,0,,False,crossing,11,1.0,True,0.0,P2-L2-CRP-VAR-09,L2,CRP,VAR
los_dwa,crossing,9.482643773590642,1.584989062763991,117.80379604056151,port,,True,goal,False,False,79,66.99646419618469,0.0,0,0,0,0,0,0.0,0.0,0.0,0.0,0.0,0.49833001450824593,0.5581436676988258,1.6998121616814705,0.5863464922725339,0,,False,never,0,0.0,False,0.0,P2-L2-CRP-FIX-10,L2,CRP,FIX
los_dwa,crossing,9.482643773590642,1.584989062763991,117.80379604056151,port,,True,goal,False,False,82,61.96410943989429,0.0,0,0,0,0,0,0.0,0.0,0.0,0.0,0.0,0.4831858173228486,0.5581436676988258,1.810264697173297,0.5657178162992536,0,,False,never,0,0.0,False,0.0,P2-L2-CRP-VAR-10,L2,CRP,VAR
los_dwa,crossing,9.482643773590642,1.7699560275226096,118.43410176077101,port,,True,goal,False,False,78,59.46117629683019,0.0,0,0,0,0,0,0.0,0.0,0.0,0.0,0.0,0.5048538967839223,0.558410543387099,2.136058369989298,0.6296325260166304,0,,False,never,0,0.0,False,0.0,P2-L2-CRP-FIX-11,L2,CRP,FIX
los_dwa,crossing,9.482643773590642,1.7699560275226096,118.43410176077101,port,,True,goal,False,False,79,67.55585774097476,0.0,0,0,0,0,0,0.0,0.0,0.0,0.0,0.0,0.49939049473746744,0.558410543387099,2.2904572183324743,0.6423901938657824,0,,False,never,0,0.0,False,0.0,P2-L2-CRP-VAR-11,L2,CRP,VAR
los_dwa,crossing,9.482643773590642,0.23282175329503385,150.75835462508834,port,,True,collision:target,True,True,19,-317.9808373780504,-11.473980064893464,5,0,0,0,9,0.5489662730046426,0.0,0.0,0.0,1.9459104474489957,0.4268028196632768,0.5596088351300617,1.776529041297587,0.17996492194497873,0,,False,crossing,17,1.0,True,0.0,P2-L2-CRP-FIX-12,L2,CRP,FIX
los_dwa,crossing,9.482643773590642,0.23282175329503385,150.75835462508834,port,,True,collision:target,True,True,19,-321.1201739494495,-11.474046760630705,5,0,0,0,9,0.5489662730046426,0.0,0.0,0.0,1.9459252687239381,0.4140411600525217,0.5596088351300617,1.7079541354011467,0.18158794423578728,0,,False,crossing,17,1.0,True,0.0,P2-L2-CRP-VAR-12,L2,CRP,VAR
los_dwa,crossing,9.482643773590642,2.2066768626080195,124.78005338689107,port,,True,goal,False,False,87,-30.509814035051278,0.0,0,0,0,0,0,0.0,0.0,0.0,0.0,0.0,0.45301725293133616,0.5589896238817826,2.3040121997024943,0.35019843116226756,0,,False,never,0,0.0,False,0.0,P2-L2-CRP-FIX-13,L2,CRP,FIX
los_dwa,crossing,9.482643773590642,2.2066768626080195,124.78005338689107,port,,True,goal,False,False,73,78.31152724639466,0.0,0,0,0,0,0,0.0,0.0,0.0,0.0,0.0,0.5409642988829351,0.5616910142188517,2.4074191190121894,0.46938975158921353,0,,False,never,0,0.0,False,0.0,P2-L2-CRP-VAR-13,L2,CRP,VAR
los_dwa,crossing,9.482643773590642,0.6530223495591747,162.55141456343944,port,,False,collision:target,True,True,20,-320.14754108819795,-10.626006878045146,1,1,0,0,5,0.23048403857068234,0.43334454066447964,0.0,0.0,1.6311234246291317,0.4085124719487586,0.5582743273296044,1.2802828234331967,0.2833947239451509,0,,False,crossing,18,1.0,True,0.0,P2-L2-CRP-FIX-14,L2,CRP,FIX
los_dwa,crossing,9.482643773590642,0.6530223495591747,162.55141456343944,port,,False,collision:target,True,True,18,-312.96419492567674,-8.480951401755972,1,0,0,0,5,0.23048403857068234,0.0,0.0,0.0,1.6311234246291317,0.44010070661709594,0.5582743273296044,1.2989919051203755,0.24707106764969033,0,,False,crossing,16,1.0,True,0.0,P2-L2-CRP-VAR-14,L2,CRP,VAR
los_dwa,crossing,9.482643773590642,0.3075360656807602,152.75783560588502,port,,False,collision:target,True,True,17,-313.17098262303267,-9.619885084567853,2,0,0,0,5,0.5521614683315313,0.0,0.0,0.0,1.530374625850394,0.4324346548338088,0.5572457248559654,1.6865085544201712,0.09136399459254531,0,,False,crossing,15,1.0,True,0.0,P2-L2-CRP-FIX-15,L2,CRP,FIX
los_dwa,crossing,9.482643773590642,0.3075360656807602,152.75783560588502,port,,False,collision:target,True,True,18,-316.8430064389658,-12.572250315231969,2,1,0,0,5,0.5521614683315313,0.5964374203361851,0.0,0.0,1.530374625850394,0.4398911054778826,0.5572457248559654,1.5400031583389058,0.11939347341803337,0,,False,crossing,15,1.0,True,0.0,P2-L2-CRP-VAR-15,L2,CRP,VAR
los_dwa,crossing,9.482643773590642,0.6696909918094665,143.59031409649148,port,,True,collision:target,True,True,25,-355.1186797519052,-54.53234251605714,11,10,0,0,16,3.8028180855916265,1.4378010619822532,0.0,0.0,6.35361727457032,0.4790439139083291,0.5579755561376071,0.9106481080251162,0.25959282663019345,0,,False,crossing,18,1.0,True,0.0,P2-L2-CRP-FIX-16,L2,CRP,FIX
los_dwa,crossing,9.482643773590642,0.6696909918094665,143.59031409649148,port,,True,collision:target,True,True,20,-344.696110360974,-50.634035291267146,10,8,0,0,15,3.5083540835784492,1.108186939763943,0.0,0.0,6.173812716827178,0.488854193502693,0.5579755561376071,1.236193457640427,0.19277700811235096,0,,False,crossing,16,1.0,True,0.0,P2-L2-CRP-VAR-16,L2,CRP,VAR
los_dwa,crossing,9.482643773590642,2.0153703313860207,105.77380822802897,port,,True,goal,False,False,73,67.30463355231034,0.0,0,0,0,0,0,0.0,0.0,0.0,0.0,0.0,0.5373822203404474,0.560781810282334,2.215179784441475,0.5674338188170984,0,,False,never,0,0.0,False,0.0,P2-L2-CRP-FIX-17,L2,CRP,FIX
los_dwa,crossing,9.482643773590642,2.0153703313860207,105.77380822802897,port,,True,goal,False,False,71,69.70970501763257,-10.628747565442652,5,0,0,0,2,1.889423467359052,0.0,0.0,0.0,0.2835780893367431,0.5517946688318942,0.5662066041219516,2.611271772446996,0.6591232501803603,0,,False,crossing,10,1.0,True,0.0,P2-L2-CRP-VAR-17,L2,CRP,VAR
los_dwa,crossing,9.482643773590642,2.4225156492130937,116.83299426273086,port,,True,goal,False,False,74,84.67435222436073,0.0,0,0,0,0,0,0.0,0.0,0.0,0.0,0.0,0.5362534085506123,0.564356580694637,2.493428772562976,0.6180855224544521,0,,False,never,0,0.0,False,0.0,P2-L2-CRP-FIX-18,L2,CRP,FIX
los_dwa,crossing,9.482643773590642,2.4225156492130937,116.83299426273086,port,,True,goal,False,False,74,83.05927762073404,0.0,0,0,0,0,0,0.0,0.0,0.0,0.0,0.0,0.5339245256313543,0.564357996639157,2.426401126339262,0.6322258374171588,0,,False,never,0,0.0,False,0.0,P2-L2-CRP-VAR-18,L2,CRP,VAR
los_dwa,crossing,9.482643773590642,1.2011283461133182,77.67874912295487,port,,True,goal,False,False,80,43.587133994895346,-6.497086965078816,2,0,0,0,6,0.04970166245959551,0.0,0.0,0.0,1.389125274645293,0.4902695955467724,0.5616231476166339,1.7791038111812727,0.6828694508260996,0,,False,crossing,9,1.0,True,0.0,P2-L2-CRP-FIX-19,L2,CRP,FIX
los_dwa,crossing,9.482643773590642,1.2011283461133182,77.67874912295487,port,,True,goal,False,False,78,42.25154184913295,-5.16712459780561,2,0,0,0,5,0.04892575367979248,0.0,0.0,0.0,1.0944315815756969,0.5060036605669885,0.5616231476166339,2.137081904655779,0.6229840254948101,0,,False,crossing,9,1.0,True,0.0,P2-L2-CRP-VAR-19,L2,CRP,VAR
los_dwa,crossing,9.482643773590642,0.5716055181238291,153.95820151665663,port,,False,collision:target,True,True,22,-357.63950036572237,-58.735805305499966,13,5,0,0,16,5.9454105826851595,1.2647161055898364,0.0,0.0,5.121261821897498,0.47437871621399136,0.5570501028117111,0.8827588946778805,0.24960944970121407,0,,False,crossing,17,1.0,True,0.0,P2-L2-CRP-FIX-20,L2,CRP,FIX
los_dwa,crossing,9.482643773590642,0.5716055181238291,153.95820151665663,port,,False,collision:target,True,True,18,-350.28212477037704,-53.380034990830794,12,5,0,0,15,5.452098810611035,0.8843849796173895,0.0,0.0,4.892097828711133,0.4652378281092131,0.5570501028117111,1.1622118231075993,0.17355441898551002,0,,False,crossing,15,1.0,True,0.0,P2-L2-CRP-VAR-20,L2,CRP,VAR
los_dwa,crossing,9.482643773590642,0.9366015415637599,255.25911406301753,starboard,,True,collision:obstacle,True,False,62,-531.7284823601153,-3.536633220488669,0,0,0,0,3,0.0,0.0,0.0,0.0,0.7859184934419263,0.21903124997691772,0.5583133536328493,2.2297125329316065,1.1123661415199204,0,,False,crossing,15,0.0,False,0.0,P2-L2-CRS-FIX-01,L2,CRS,FIX
los_dwa,crossing,9.482643773590642,0.9366015415637599,255.25911406301753,starboard,,True,collision:obstacle,True,False,58,-505.28139272088225,-3.536633220488669,0,0,0,0,3,0.0,0.0,0.0,0.0,0.7859184934419263,0.23482156293918754,0.5583133536328493,2.0365756841029685,1.0954321303007217,0,,False,crossing,18,0.0,False,0.0,P2-L2-CRS-VAR-01,L2,CRS,VAR
los_dwa,crossing,9.482643773590642,0.11525342547148903,236.43372592525438,starboard,,False,collision:target,True,True,14,-325.5738176189502,-26.559276129104212,8,2,0,0,8,2.0750224129115042,0.30102131850741176,0.0,0.0,3.288413257462351,0.4529318501406289,0.5593095642627111,1.6765287892480059,0.0719361449384252,0,,False,crossing,12,0.0,False,0.0,P2-L2-CRS-FIX-02,L2,CRS,FIX
los_dwa,crossing,9.482643773590642,0.11525342547148903,236.43372592525438,starboard,,False,collision:target,True,True,14,-325.00198744684525,-26.21473020230726,8,2,0,0,8,2.0750224129115042,0.2951616584444478,0.0,0.0,3.2182931220211777,0.4586982833925806,0.5593095642627111,1.6517392858577666,0.0712931426655719,0,,False,crossing,12,0.0,False,0.0,P2-L2-CRS-VAR-02,L2,CRS,VAR
los_dwa,crossing,9.482643773590642,2.064016183904765,261.93086303670316,starboard,,True,goal,False,False,74,41.75358543186258,-14.022793680809258,2,13,0,0,5,0.17293606963834146,2.076006179340634,0.0,0.0,0.642339899636296,0.5285837850061187,0.5661772136021617,2.0133781254652905,0.6491510993099163,0,,False,crossing,13,0.0,False,0.0,P2-L2-CRS-FIX-03,L2,CRS,FIX
los_dwa,crossing,9.482643773590642,2.064016183904765,261.93086303670316,starboard,,True,goal,False,False,75,55.163746194375975,-11.869667410010385,2,12,0,0,5,0.17293606963834146,1.664383149819589,0.0,0.0,0.6166527274874725,0.5212934491491547,0.5661772136021617,2.375984380809696,0.5722700113351644,0,,False,crossing,12,0.0,False,0.0,P2-L2-CRS-VAR-03,L2,CRS,VAR
los_dwa,crossing,9.482643773590642,0.6603378256664905,287.17672466711895,starboard,,True,goal,False,False,100,-183.2491711116948,-71.53552712591399,17,2,0,0,4,12.105103882991289,1.3772200872746732,0.0,0.0,1.066227438466112,0.4047802428802594,0.5681879557936301,2.2041225698409015,0.7465226420428149,0,,False,crossing,22,0.0,False,0.0,P2-L2-CRS-FIX-04,L2,CRS,FIX
los_dwa,crossing,9.482643773590642,0.6603378256664905,287.17672466711895,starboard,,True,goal,False,False,115,-335.9431451604428,-76.12366128492867,18,2,0,0,4,13.031999672691226,1.3772200872746732,0.0,0.0,1.066227438466112,0.38748317248314995,0.5681879557936301,1.7769006489790478,2.1939082545110296,0,,False,crossing,23,0.0,False,0.0,P2-L2-CRS-VAR-04,L2,CRS,VAR
los_dwa,crossing,9.482643773590642,1.895847915037334,250.69851662276943,starboard,,True,goal,False,False,79,-11.829203632725907,-57.112728529469315,11,13,0,0,10,6.432477306226653,2.269175551773084,0.0,0.0,3.1198993071934704,0.5043143224439078,0.5559903528237089,2.1289481641877144,0.6025637729481802,0,,False,crossing,13,0.0,False,0.0,P2-L2-CRS-FIX-05,L2,CRS,FIX
los_dwa,crossing,9.482643773590642,1.895847915037334,250.69851662276943,starboard,,True,goal,False,False,79,-17.242587696203273,-62.52611259294671,12,14,0,0,11,7.110645457122319,2.427259647011921,0.0,0.0,3.4029960727738278,0.5043143224439078,0.5559903528237089,1.9756244241692524,0.6025637729481802,0,,False,crossing,14,0.0,False,0.0,P2-L2-CRS-VAR-05,L2,CRS,VAR
los_dwa,crossing,9.482643773590642,0.24438061665349592,286.67653581651433,starboard,,True,collision:obstacle,True,False,41,-611.0303414786727,-101.44962411431752,23,1,0,0,2,19.247197207938733,0.757002089088181,0.0,0.0,0.5397416875631668,0.30644000074419103,0.5574306289736894,1.990381302150371,0.6747489967180126,0,,False,crossing,24,0.0,False,0.0,P2-L2-CRS-FIX-06,L2,CRS,FIX
los_dwa,crossing,9.482643773590642,0.24438061665349592,286.67653581651433,starboard,,True,goal,False,False,95,-148.90798044770676,-98.02039356695055,24,1,4,0,6,17.025386804626535,0.757002089088181,1.4351011567151981,0.0,1.0736009730862117,0.4213335750243018,0.5574306289736894,2.3707943450123246,0.7182061536710093,0,,False,crossing,25,0.0,False,0.0,P2-L2-CRS-VAR-06,L2,CRS,VAR
los_dwa,crossing,9.482643773590642,1.7255887378642087,280.9261905791418,starboard,,False,goal,False,False,76,-18.900335562783255,-64.85364447388521,11,13,0,0,13,6.678181654346604,3.965041211070617,0.0,0.0,2.7043758422377695,0.524124014724242,0.5595842283295925,2.185361005440025,0.6520006373551804,0,,False,crossing,13,0.0,False,0.0,P2-L2-CRS-FIX-07,L2,CRS,FIX
los_dwa,crossing,9.482643773590642,1.7255887378642087,280.9261905791418,starboard,,False,goal,False,False,74,-4.802334562973186,-59.375365891374926,11,13,0,0,11,6.639835249907836,3.405672176105246,0.0,0.0,2.1444675850244814,0.5361559017248696,0.5600509006319471,2.4929842791858827,0.6080937566338261,0,,False,crossing,13,0.0,False,0.0,P2-L2-CRS-VAR-07,L2,CRS,VAR
los_dwa,crossing,9.482643773590642,0.8326900449382962,255.5943827769254,starboard,,True,goal,False,False,78,19.607458203760103,-26.892871832470085,6,2,0,0,5,2.8474379589137353,0.841768974271168,0.0,0.0,1.9180661140455135,0.499631169716074,0.5585757355230005,1.3804415878225964,0.5983020798503119,0,,False,crossing,18,0.0,False,0.0,P2-L2-CRS-FIX-08,L2,CRS,FIX
los_dwa,crossing,9.482643773590642,0.8326900449382962,255.5943827769254,starboard,,True,collision:target,True,True,17,-313.26524385211275,-10.229038293461189,1,0,0,0,5,0.32277591520330856,0.0,0.0,0.0,1.9180661140455135,0.4548755973563899,0.5585757355230005,1.2970050837021738,0.11607148076459195,0,,False,crossing,14,0.0,False,0.0,P2-L2-CRS-VAR-08,L2,CRS,VAR
los_dwa,crossing,9.482643773590642,0.24118705623914438,266.0954170742042,starboard,,False,collision:target,True,True,15,-316.53417258906575,-10.472939011768883,0,1,0,0,4,0.0,0.5861058230974192,0.0,0.0,1.6826033749859242,0.45222951110422205,0.5559416453298198,1.3168425938307167,0.08730603064656921,0,,False,crossing,13,0.0,False,0.0,P2-L2-CRS-FIX-09,L2,CRS,FIX
los_dwa,crossing,9.482643773590642,0.24118705623914438,266.0954170742042,starboard,,False,collision:target,True,True,15,-317.5260633461439,-10.547314388710486,0,1,0,0,4,0.0,0.6011311517724907,0.0,0.0,1.6826033749859242,0.45222951110422205,0.5559416453298198,1.3340018732060563,0.08730603064656921,0,,False,crossing,13,0.0,False,0.0,P2-L2-CRS-VAR-09,L2,CRS,VAR
los_dwa,crossing,9.482643773590642,2.386502731261455,291.6263315671504,starboard,,True,goal,False,False,83,34.56755330014347,-3.6869727358156683,7,0,0,0,2,0.5603180056728837,0.0,0.0,0.0,0.202977468385532,0.4720410329271169,0.5576103945311713,3.2707908385596243,0.6051102289623995,0,,False,crossing,18,0.0,False,0.0,P2-L2-CRS-FIX-10,L2,CRS,FIX
los_dwa,crossing,9.482643773590642,2.386502731261455,291.6263315671504,starboard,,True,goal,False,False,82,43.48147722475303,-4.421597385101794,6,0,4,0,2,0.42943166115224995,0.0,0.38403112629535086,0.0,0.202977468385532,0.4789749904734644,0.5576103945311713,3.324071740562649,0.5639227971698215,0,,False,crossing,19,0.0,False,0.0,P2-L2-CRS-VAR-10,L2,CRS,VAR
los_dwa,crossing,9.482643773590642,2.0181951116031684,290.6121903338544,starboard,,True,goal,False,False,84,22.378610038435056,-7.659871401683716,16,0,3,0,1,0.9936694427559655,0.0,0.6842677973048454,0.0,0.06174301994316504,0.46683839855090803,0.558763012085912,3.4850341973753114,0.5655678428583485,0,,False,crossing,19,0.0,False,0.0,P2-L2-CRS-FIX-11,L2,CRS,FIX
los_dwa,crossing,9.482643773590642,2.0181951116031684,290.6121903338544,starboard,,True,goal,False,False,84,10.119525530682992,-16.574377447165226,19,0,6,0,7,1.2518230001805946,0.0,2.0744204097766836,0.0,0.6466533602389374,0.46735059566934434,0.558763012085912,3.0633790921797623,0.6450411933848008,0,,False,crossing,22,0.0,False,0.0,P2-L2-CRS-VAR-11,L2,CRS,VAR
los_dwa,crossing,9.482643773590642,0.8707799569340977,216.75121872173446,starboard,,False,collision:target,True,True,16,-336.5713654290151,-43.3787304388259,8,5,0,0,13,1.554973621845008,0.8714314638504173,0.0,0.0,6.970672281029675,0.5077959028415915,0.5623491098206307,1.0143965264697312,0.06649362998391267,0,,False,crossing,13,0.0,False,0.0,P2-L2-CRS-FIX-12,L2,CRS,FIX
los_dwa,crossing,9.482643773590642,0.8707799569340977,216.75121872173446,starboard,,False,collision:target,True,True,14,-339.68446822827195,-45.85834213717874,7,6,0,0,12,2.270885748093994,0.7488293625056652,0.0,0.0,6.869056075491205,0.49604076477571024,0.5623491098206307,1.2351237579096264,0.06813742416978048,0,,False,crossing,12,0.0,False,0.0,P2-L2-CRS-VAR-12,L2,CRS,VAR
los_dwa,crossing,9.482643773590642,1.8398760487686558,261.4673614670638,starboard,,True,goal,False,False,74,11.907246718478547,-49.76364019120865,11,13,0,0,13,4.216909774713427,2.194647661665778,0.0,0.0,4.005873529140352,0.531136846037203,0.5589618153528597,2.223820250241524,0.6559357079112034,0,,False,crossing,13,0.0,False,0.0,P2-L2-CRS-FIX-13,L2,CRS,FIX
los_dwa,crossing,9.482643773590642,1.8398760487686558,261.4673614670638,starboard,,True,goal,False,False,77,16.903768059024344,-44.1809401380412,7,14,0,0,11,1.9496231176511845,3.0706481204233964,0.0,0.0,4.29568833546045,0.5084024256307764,0.5589618153528597,1.5638786179392572,0.6951219498871483,0,,False,crossing,14,0.0,False,0.0,P2-L2-CRS-VAR-13,L2,CRS,VAR
los_dwa,crossing,9.482643773590642,0.37599950626197143,236.7647439510479,starboard,,True,collision:obstacle,True,False,42,-420.94091162720156,-5.074301467585417,0,0,0,0,3,0.0,0.0,0.0,0.0,1.127622548352315,0.32512368737886893,0.5529240633018646,1.4699801995474826,1.0268189413522268,0,,False,crossing,16,0.0,False,0.0,P2-L2-CRS-FIX-14,L2,CRS,FIX
los_dwa,crossing,9.482643773590642,0.37599950626197143,236.7647439510479,starboard,,True,goal,False,False,101,-116.1908859501118,-5.074301467585417,0,0,0,0,3,0.0,0.0,0.0,0.0,1.127622548352315,0.39345121522050275,0.5529240633018646,1.5280379549999994,0.8736043397981035,0,,False,crossing,14,0.0,False,0.0,P2-L2-CRS-VAR-14,L2,CRS,VAR
los_dwa,crossing,9.482643773590642,2.3979620729113202,284.8826276243166,starboard,,True,goal,False,False,78,20.018441297788925,-36.2098144115051,10,13,0,0,12,3.3108309786322074,1.879135794896015,0.0,0.0,2.337661973897866,0.5033633821278354,0.5587382372119148,2.559069234992687,0.6721505203683955,0,,False,crossing,14,0.0,False,0.0,P2-L2-CRS-FIX-15,L2,CRS,FIX
los_dwa,crossing,9.482643773590642,2.3979620729113202,284.8826276243166,starboard,,True,goal,False,False,79,-16.891843523528706,-53.77562435143315,12,14,0,0,13,5.279154667692881,2.8024825311775006,0.0,0.0,3.060337826005502,0.503340861940906,0.5587382372119148,2.1368354835576953,0.6804911836400183,0,,False,crossing,15,0.0,False,0.0,P2-L2-CRS-VAR-15,L2,CRS,VAR
los_dwa,crossing,9.482643773590642,0.6841363693785383,242.41870115773122,starboard,,True,goal,False,False,81,28.1775155216759,-13.348907840468025,5,1,0,0,4,1.1722930570023937,0.03782085442496138,0.0,0.0,1.635298661978359,0.48572860073310775,0.553818683282476,1.2933783170601196,0.6919648247053999,0,,False,crossing,8,0.375,True,0.0,P2-L2-CRS-FIX-16,L2,CRS,FIX
los_dwa,crossing,9.482643773590642,0.6841363693785383,242.41870115773122,starboard,,True,collision:target,True,True,19,-312.69382723239727,-7.919638397154901,5,0,0,0,1,1.1722930570023937,0.0,0.0,0.0,0.47039728110956713,0.4266634316267228,0.553818683282476,1.2222777566203413,0.08521064542299904,0,,False,crossing,5,0.0,False,0.0,P2-L2-CRS-VAR-16,L2,CRS,VAR
los_dwa,crossing,9.482643773590642,1.9722718354938065,290.96022255326903,starboard,,True,goal,False,False,93,-0.48034524822261915,-9.567239044770846,23,0,1,0,1,1.8979449454109951,0.0,0.045250874337109726,0.0,0.0021129816384055098,0.42552126084342556,0.5567814293777608,3.3302926223399028,0.7936727140708885,0,,False,crossing,26,0.0,False,0.0,P2-L2-CRS-FIX-17,L2,CRS,FIX
los_dwa,crossing,9.482643773590642,1.9722718354938065,290.96022255326903,starboard,,True,goal,False,False,79,30.49165038218304,-9.238585676827947,15,0,4,0,1,1.5395597064826148,0.0,0.44673797565727125,0.0,0.0021129816384055098,0.4938064563508853,0.5567814293777608,3.7380740127333865,0.48195906579496345,0,,False,crossing,20,0.0,False,0.0,P2-L2-CRS-VAR-17,L2,CRS,VAR
los_dwa,crossing,9.482643773590642,0.8829647715552056,291.72882432592144,starboard,,True,goal,False,False,88,-10.137628187116448,-4.332077540816474,3,0,0,0,4,0.4071279626321759,0.0,0.0,0.0,0.514843139063823,0.4445086814143717,0.5602907845758404,2.6983479371097165,0.693452292076877,0,,False,crossing,18,0.0,False,0.0,P2-L2-CRS-FIX-18,L2,CRS,FIX
los_dwa,crossing,9.482643773590642,0.8829647715552056,291.72882432592144,starboard,,True,collision:target,True,True,28,-336.80530126711295,-15.676335637976829,7,0,0,0,9,1.463850108928559,0.0,0.0,0.0,1.8733950219512137,0.41322613830527555,0.5602907845758404,1.4345469514477516,0.09811575070899627,0,,False,crossing,16,0.0,False,0.0,P2-L2-CRS-VAR-18,L2,CRS,VAR
los_dwa,crossing,9.482643773590642,2.4146628912605834,288.48910521730534,starboard,,True,goal,False,False,78,31.127510790744424,-18.54296359652477,10,0,1,0,3,3.173656269558685,0.0,0.1782808747782908,0.0,0.48701198066831897,0.5037726555420348,0.5619849319301612,3.4140255685307457,0.43238769171255215,0,,False,crossing,18,0.0,False,0.0,P2-L2-CRS-FIX-19,L2,CRS,FIX
los_dwa,crossing,9.482643773590642,2.4146628912605834,288.48910521730534,starboard,,True,goal,False,False,78,49.953065469009765,-14.22955236151958,7,0,4,0,3,1.9092840023326363,0.0,0.7186229547126656,0.0,0.48701198066831897,0.5054976197180644,0.5619849319301612,3.632130670751849,0.5298499432756445,0,,False,crossing,18,0.0,False,0.0,P2-L2-CRS-VAR-19,L2,CRS,VAR
los_dwa,crossing,9.482643773590642,1.513946669712818,218.87483562415656,starboard,,False,goal,False,False,74,40.44755599931974,-20.779382519088532,11,14,0,0,10,1.8106088082878056,0.43651926647021055,0.0,0.0,2.145799677563634,0.5351160824160676,0.5619048420459928,1.883541954501488,0.5121526696411229,0,,False,crossing,16,0.0,False,0.0,P2-L2-CRS-FIX-20,L2,CRS,FIX
los_dwa,crossing,9.482643773590642,1.513946669712818,218.87483562415656,starboard,,False,goal,False,False,74,41.31760044185906,-19.909338076549226,11,16,0,0,10,1.8007947448447246,0.4642818171262741,0.0,0.0,1.9327131321761732,0.5351160824160676,0.5619048420459928,2.16230362616863,0.5121526696411229,0,,False,crossing,17,0.0,False,0.0,P2-L2-CRS-VAR-20,L2,CRS,VAR
los_dwa,crossing,9.482643773590642,0.06780968522019926,111.2608064417906,port,,False,collision:target,True,True,18,-315.52764396240747,-6.504822537182474,0,1,0,0,4,0.0,0.26727653158068554,0.0,0.0,1.151511934635129,0.4115767918132527,0.561697050918314,1.1785028117140464,0.28889184888330843,0,,False,crossing,16,1.0,True,0.0,P2-L3-CRP-FIX-01,L3,CRP,FIX
los_dwa,crossing,9.482643773590642,0.06780968522019926,111.2608064417906,port,,False,goal,False,False,79,77.82924872583968,-6.504822537182474,0,1,0,0,4,0.0,0.26727653158068554,0.0,0.0,1.151511934635129,0.4969637603244263,0.561697050918314,1.329545441423164,0.7482999274758073,0,,False,crossing,15,1.0,True,0.0,P2-L3-CRP-VAR-01,L3,CRP,VAR
los_dwa,crossing,9.482643773590642,1.4293644322360768,161.09201884161047,port,,True,collision:obstacle,True,False,23,-406.3435898430609,-66.0367967493969,16,6,0,0,5,12.673627969013808,0.1550161448636906,0.0,0.0,0.5633351968229525,0.4388040948285195,0.5571254914523197,1.6323750860553787,0.18894538174922276,0,,False,crossing,20,1.0,True,0.0,P2-L3-CRP-FIX-02,L3,CRP,FIX
los_dwa,crossing,9.482643773590642,1.4293644322360768,161.09201884161047,port,,True,collision:obstacle,True,False,23,-408.65676903809043,-65.24785150250426,15,6,0,0,6,12.281683141559855,0.1366631507539166,0.0,0.0,0.8393416345669096,0.44018400637590127,0.5571254914523197,1.562854275588069,0.20165040559718808,0,,False,crossing,19,1.0,True,0.0,P2-L3-CRP-VAR-02,L3,CRP,VAR
los_dwa,crossing,9.482643773590642,0.30751290527181063,156.50049430572818,port,,False,collision:target,True,True,15,-320.53927252736077,-18.8203473344295,3,0,0,0,10,0.21077383425201884,0.0,0.0,0.0,3.9504481899737787,0.4524117305069892,0.5625447195361899,1.8521266886158259,0.09359697168949739,0,,False,crossing,13,1.0,True,0.0,P2-L3-CRP-FIX-03,L3,CRP,FIX
los_dwa,crossing,9.482643773590642,0.30751290527181063,156.50049430572818,port,,False,collision:target,True,True,16,-318.405142831205,-16.986449016956648,1,0,0,0,11,0.008478017063337678,0.0,0.0,0.0,3.7654406294429164,0.468811220255393,0.5625447195361899,1.8413730770889034,0.11103843203274258,0,,False,crossing,14,1.0,True,0.0,P2-L3-CRP-VAR-03,L3,CRP,VAR
los_dwa,crossing,9.482643773590642,1.0429966961837462,92.25705738318477,port,,False,collision:target,True,True,17,-327.5092470959543,-24.082186529876154,8,4,0,0,4,2.4209255200051834,1.6520559001154795,0.0,0.0,0.8713174445064163,0.4422828777861121,0.555709143001214,1.4895785603605873,0.2654963955923111,0,,False,crossing,14,1.0,True,0.0,P2-L3-CRP-FIX-04,L3,CRP,FIX
los_dwa,crossing,9.482643773590642,1.0429966961837462,92.25705738318477,port,,False,collision:target,True,True,18,-328.38112760354994,-23.944983508047265,7,4,0,0,4,2.408224664820559,1.637038973112449,0.0,0.0,0.8713174445064163,0.42208105538500534,0.555709143001214,1.5990767904883565,0.2784261257444989,0,,False,crossing,15,1.0,True,0.0,P2-L3-CRP-VAR-04,L3,CRP,VAR
los_dwa,crossing,9.482643773590642,2.0758690264960427,73.14715905368574,port,,True,collision:obstacle,True,False,20,-379.80014941167263,-56.188625346678485,10,13,0,0,8,6.647554952676575,3.4726908256696176,0.0,0.0,1.354090831969961,0.527703786556771,0.5586329744091065,1.9939403902650918,0.11716524553346254,0,,False,crossing,13,1.0,True,0.0,P2-L3-CRP-FIX-05,L3,CRP,FIX
los_dwa,crossing,9.482643773590642,2.0758690264960427,73.14715905368574,port,,True,collision:obstacle,True,False,21,-389.75041126372207,-56.884346628552294,10,13,0,0,8,6.647554952676575,3.5703678289093177,0.0,0.0,1.401250857711584,0.5229429892147993,0.5586329744091065,1.7302790557374093,0.1180033674851275,0,,False,crossing,13,1.0,True,0.0,P2-L3-CRP-VAR-05,L3,CRP,VAR
los_dwa,crossing,9.482643773590642,0.16833571410843878,150.63698273454762,port,,False,collision:target,True,True,22,-316.97288722853637,-9.605410791620873,0,3,0,0,6,0.0,0.7394363237778483,0.0,0.0,1.321155775315672,0.466955680805543,0.5581773642563769,0.8278675211086695,0.5266766283747623,0,,False,crossing,17,1.0,True,0.0,P2-L3-CRP-FIX-06,L3,CRP,FIX
los_dwa,crossing,9.482643773590642,0.16833571410843878,150.63698273454762,port,,False,collision:target,True,True,22,-317.00491103035284,-6.016202695848329,0,1,0,0,6,0.0,0.014598241205871878,0.0,0.0,1.3208758670842808,0.462254397160477,0.5581773642563769,0.7957039168761546,0.5200034927335261,0,,False,crossing,18,1.0,True,0.0,P2-L3-CRP-VAR-06,L3,CRP,VAR
los_dwa,crossing,9.482643773590642,0.9914032953176644,100.93019981978733,port,,False,collision:target,True,True,14,-367.2642303370877,-77.37530084288655,8,11,0,0,11,6.425869543859918,4.297020984761206,0.0,0.0,7.355936916097685,0.5393736576684682,0.5569986138482497,1.2243181997996861,0.16081172059281137,0,,False,crossing,11,1.0,True,0.0,P2-L3-CRP-FIX-07,L3,CRP,FIX
los_dwa,crossing,9.482643773590642,0.9914032953176644,100.93019981978733,port,,False,collision:target,True,True,14,-367.80427551674654,-77.37530084288655,8,11,0,0,11,6.425869543859918,4.28428589552536,0.0,0.0,7.429416058247209,0.5170999475593245,0.5569986138482497,1.2456054530662066,0.16182165298684412,0,,False,crossing,11,1.0,True,0.0,P2-L3-CRP-VAR-07,L3,CRP,VAR
los_dwa,crossing,9.482643773590642,0.6867168498841334,151.60978752321057,port,,False,collision:target,True,True,19,-359.26750100021354,-52.882794936137344,14,4,0,0,8,9.083101429608575,0.6189693374609988,0.0,0.0,1.0794543642539907,0.47312519964744054,0.5654019771648197,1.2005685037795601,0.11306637520384852,0,,False,crossing,17,1.0,True,0.0,P2-L3-CRP-FIX-08,L3,CRP,FIX
los_dwa,crossing,9.482643773590642,0.6867168498841334,151.60978752321057,port,,False,collision:target,True,True,18,-352.9805076376682,-50.5485949841226,13,4,0,0,7,8.464429342967861,0.7496208915620263,0.0,0.0,1.0975658495999245,0.4728652452941638,0.5654019771648197,1.3006978039940784,0.10925754097637402,0,,False,crossing,16,1.0,True,0.0,P2-L3-CRP-VAR-08,L3,CRP,VAR
los_dwa,crossing,9.482643773590642,1.3026131785114248,126.77597024688271,port,,False,collision:target,True,True,16,-319.65006767467,-17.568439148206263,6,8,0,0,6,1.1500774416221642,1.1580704378281343,0.0,0.0,1.365134921094952,0.4371589958261889,0.5554683058223026,1.5452277492380064,0.19982235115208516,0,,False,crossing,12,1.0,True,0.0,P2-L3-CRP-FIX-09,L3,CRP,FIX
los_dwa,crossing,9.482643773590642,1.3026131785114248,126.77597024688271,port,,False,collision:target,True,True,17,-317.4047272977887,-14.728657254987855,6,7,0,0,6,1.2253637743099521,0.9068917340015783,0.0,0.0,0.9275538864101724,0.45364628295308046,0.5554683058223026,1.2611902247746738,0.20762701226104735,0,,False,crossing,11,1.0,True,0.0,P2-L3-CRP-VAR-09,L3,CRP,VAR
los_dwa,crossing,9.482643773590642,1.2627308817855074,104.06358042640903,port,,True,goal,False,False,88,48.87718577917723,-1.5494469581367936,0,0,0,0,1,0.0,0.0,0.0,0.0,0.3443215462526208,0.4509067711397513,0.5589299540676267,2.455812755312369,0.9846837584809581,0,,False,crossing,14,1.0,True,0.0,P2-L3-CRP-FIX-10,L3,CRP,FIX
los_dwa,crossing,9.482643773590642,1.2627308817855074,104.06358042640903,port,,True,goal,False,False,88,38.88140828905791,-1.5494469581367936,0,0,0,0,1,0.0,0.0,0.0,0.0,0.3443215462526208,0.44913631527398706,0.5589299540676267,2.3413934347733107,1.0557593123940139,0,,False,crossing,16,1.0,True,0.0,P2-L3-CRP-VAR-10,L3,CRP,VAR
los_dwa,crossing,9.482643773590642,0.5215350656481368,83.05378402824527,port,,False,goal,False,False,78,82.83688917321835,-3.986021469195983,0,0,0,0,3,0.0,0.0,0.0,0.0,0.8857825487102184,0.5091849046985206,0.5680517471020228,1.8839622109986514,1.0035891259889171,0,,False,crossing,14,1.0,True,0.0,P2-L3-CRP-FIX-11,L3,CRP,FIX
los_dwa,crossing,9.482643773590642,0.5215350656481368,83.05378402824527,port,,False,goal,False,False,78,76.42214831848072,-3.986021469195983,0,0,0,0,3,0.0,0.0,0.0,0.0,0.8857825487102184,0.5066800131623265,0.5671371716431306,1.9540981522976095,1.0684099969171708,0,,False,crossing,14,1.0,True,0.0,P2-L3-CRP-VAR-11,L3,CRP,VAR
los_dwa,crossing,9.482643773590642,0.043038904855437765,87.42749548395923,port,,False,collision:target,True,True,14,-317.72919702457534,-9.13398455079787,4,1,0,0,3,0.7831268595865989,0.256991169681037,0.0,0.0,0.8856445124273492,0.4853382928418833,0.5624563456198457,1.2601343380110699,0.20397793955775723,0,,False,crossing,8,1.0,True,0.0,P2-L3-CRP-FIX-12,L3,CRP,FIX
los_dwa,crossing,9.482643773590642,0.043038904855437765,87.42749548395923,port,,False,collision:target,True,True,15,-320.217583770612,-7.542822287510465,4,0,0,0,4,0.6960096400518898,0.0,0.0,0.0,0.9105721265008025,0.45694561008390544,0.5624563456198457,1.2701239619647107,0.2168547455893261,0,,False,crossing,8,1.0,True,0.0,P2-L3-CRP-VAR-12,L3,CRP,VAR
los_dwa,crossing,9.482643773590642,1.524181868543142,167.829730551537,port,,True,goal,False,False,74,17.092953571933307,-47.19557696436088,12,0,0,0,6,8.041845437913146,0.0,0.0,0.0,1.6418760103757388,0.5252455027687059,0.5735481791597192,1.3785551455528617,0.35461226087203385,0,,False,crossing,16,1.0,True,0.0,P2-L3-CRP-FIX-13,L3,CRP,FIX
los_dwa,crossing,9.482643773590642,1.524181868543142,167.829730551537,port,,True,goal,False,False,74,14.396507237094085,-44.65412358172192,12,1,0,0,7,7.40718400281924,0.03910414403909243,0.0,0.0,1.7322216121718175,0.5293287638498156,0.5735635152222178,1.468880748762619,0.3783335994740242,0,,False,crossing,18,1.0,True,0.0,P2-L3-CRP-VAR-13,L3,CRP,VAR
los_dwa,crossing,9.482643773590642,2.309669714022057,109.49470251959684,port,,True,goal,False,False,73,90.65282851887888,-2.2234896841520064,2,0,0,0,0,0.44918983518222355,0.0,0.0,0.0,0.0,0.5441425118294919,0.569163707384076,3.511761495626772,1.1048827236210996,0,,False,crossing,11,1.0,True,0.0,P2-L3-CRP-FIX-14,L3,CRP,FIX
los_dwa,crossing,9.482643773590642,2.309669714022057,109.49470251959684,port,,True,goal,False,False,72,86.22457661841159,-2.5020012742381788,3,0,0,0,0,0.5054548028763998,0.0,0.0,0.0,0.0,0.5469799919341486,0.565129428653935,3.142815539462409,1.1348194068166522,0,,False,crossing,11,1.0,True,0.0,P2-L3-CRP-VAR-14,L3,CRP,VAR
los_dwa,crossing,9.482643773590642,1.006135216376819,103.94794586089405,port,,True,goal,False,False,77,84.11611775631515,-3.049861275278502,1,0,0,0,4,0.0012715290562656926,0.0,0.0,0.0,0.6763482680999973,0.5122978953492008,0.565892743248508,1.859685812544348,0.9031832521300494,0,,False,crossing,13,1.0,True,0.0,P2-L3-CRP-FIX-15,L3,CRP,FIX
los_dwa,crossing,9.482643773590642,1.006135216376819,103.94794586089405,port,,True,goal,False,False,77,84.57745037294929,-3.049861275278502,1,0,0,0,4,0.0012715290562656926,0.0,0.0,0.0,0.6763482680999973,0.5111102482720777,0.5671825742518966,1.7259456247669374,0.6251093084127061,0,,False,crossing,14,1.0,True,0.0,P2-L3-CRP-VAR-15,L3,CRP,VAR
los_dwa,crossing,9.482643773590642,0.38176566794680983,82.77945703865247,port,,False,collision:target,True,True,13,-330.7716076477589,-37.532948486480706,4,6,0,0,10,1.4329218162262434,3.0887973970229163,0.0,0.0,3.36676408464386,0.4864482560527911,0.5577639943803644,1.5163610253394193,0.09299005152200317,0,,False,crossing,11,1.0,True,0.0,P2-L3-CRP-FIX-16,L3,CRP,FIX
los_dwa,crossing,9.482643773590642,0.38176566794680983,82.77945703865247,port,,False,collision:target,True,True,12,-325.3824340832911,-33.210939486041696,6,4,0,0,9,2.155420553656708,1.9601856702328737,0.0,0.0,2.8530419283973925,0.512078511206861,0.5577639943803644,1.4882694360679614,0.08653576589448438,0,,False,crossing,10,1.0,True,0.0,P2-L3-CRP-VAR-16,L3,CRP,VAR
los_dwa,crossing,9.482643773590642,0.7703159418092622,104.80422117867428,port,,False,collision:target,True,True,14,-315.38219174349643,-9.717789311993405,0,2,0,0,4,0.0,0.526403462048677,0.0,0.0,1.5804649277449894,0.444691479243364,0.5605813656297344,1.633613417011915,0.22424294144547666,0,,False,crossing,12,1.0,True,0.0,P2-L3-CRP-FIX-17,L3,CRP,FIX
los_dwa,crossing,9.482643773590642,0.7703159418092622,104.80422117867428,port,,False,collision:target,True,True,14,-314.95714744074235,-9.717789311993405,0,2,0,0,4,0.0,0.526403462048677,0.0,0.0,1.5804649277449894,0.4489407629628493,0.5605813656297344,1.6648581517789625,0.2263921042793778,0,,False,crossing,12,1.0,True,0.0,P2-L3-CRP-VAR-17,L3,CRP,VAR
los_dwa,crossing,9.482643773590642,0.6189850254128593,106.43047323159415,port,,True,goal,False,False,78,75.22391074874375,-1.9769941826309008,1,0,0,0,1,0.004689047089950487,0.0,0.0,0.0,0.4341740887856991,0.5053578759020358,0.565337852299046,1.9019612072767178,1.0651805136117902,0,,False,crossing,6,1.0,True,0.0,P2-L3-CRP-FIX-18,L3,CRP,FIX
los_dwa,crossing,9.482643773590642,0.6189850254128593,106.43047323159415,port,,True,goal,False,False,81,41.22779249699103,-1.9769941826309008,1,0,0,0,1,0.004689047089950487,0.0,0.0,0.0,0.4341740887856991,0.49242327582256584,0.5639298325592271,1.6135285877287344,1.275841418010486,0,,False,crossing,6,1.0,True,0.0,P2-L3-CRP-VAR-18,L3,CRP,VAR
los_dwa,crossing,9.482643773590642,0.4486740298193312,68.7323380393795,port,,False,collision:target,True,True,12,-323.67308348546646,-21.0302176960703,1,6,0,0,3,0.07342940663906239,2.906899708556045,0.0,0.0,1.3950196835232263,0.46660061737790254,0.5594931088673547,1.329283448041468,0.21840838698470852,0,,False,crossing,10,1.0,True,0.0,P2-L3-CRP-FIX-19,L3,CRP,FIX
los_dwa,crossing,9.482643773590642,0.4486740298193312,68.7323380393795,port,,False,collision:target,True,True,12,-327.6243561198203,-22.017160476222855,1,6,0,0,3,0.019644954269187057,3.1600665407547193,0.0,0.0,1.3950196835232263,0.4593390583047767,0.5594931088673547,1.29762859588071,0.21697275925447837,0,,False,crossing,10,1.0,True,0.0,P2-L3-CRP-VAR-19,L3,CRP,VAR
los_dwa,crossing,9.482643773590642,1.0515152735176332,169.5096574202745,port,,True,collision:obstacle,True,False,22,-403.9365280285064,-60.45675512456582,11,0,0,0,12,7.797534388086149,0.0,0.0,0.0,4.8575466452309755,0.49599157693613116,0.5593839366216186,1.1953262937652205,0.12960055193547818,0,,False,crossing,12,1.0,True,0.0,P2-L3-CRP-FIX-20,L3,CRP,FIX
los_dwa,crossing,9.482643773590642,1.0515152735176332,169.5096574202745,port,,True,goal,False,False,74,-7.6733666276053185,-52.33386524352278,12,0,0,0,10,6.18604392531261,0.0,0.0,0.0,4.825099514050078,0.5284142685542672,0.571401091887726,0.9942560330466972,0.2867741009676802,0,,False,crossing,13,1.0,True,0.0,P2-L3-CRP-VAR-20,L3,CRP,VAR
los_dwa,crossing,9.482643773590642,2.1670686536252664,228.26194804763597,starboard,,True,goal,False,False,75,90.8975285445645,0.0,0,0,0,0,0,0.0,0.0,0.0,0.0,0.0,0.5241697945684272,0.5603089131037127,1.7773308145922242,0.5845741508690557,0,,False,never,0,0.0,False,0.0,P2-L3-CRS-FIX-01,L3,CRS,FIX
los_dwa,crossing,9.482643773590642,2.1670686536252664,228.26194804763597,starboard,,True,goal,False,False,75,86.2621733089054,0.0,0,0,0,0,0,0.0,0.0,0.0,0.0,0.0,0.5201445574972161,0.5603089131037127,1.8805936279471347,0.605692421490412,0,,False,never,0,0.0,False,0.0,P2-L3-CRS-VAR-01,L3,CRS,VAR
los_dwa,crossing,9.482643773590642,1.8049122155424557,205.32952562060183,starboard,,True,goal,False,False,74,56.90469538941484,-33.08056977031881,14,4,0,0,8,5.793806772272952,0.010284475291681174,0.0,0.0,0.9667373544164164,0.5289576422141201,0.5577851657740812,2.4793251361015725,0.6182967563062415,0,,False,crossing,17,0.0,False,0.0,P2-L3-CRS-FIX-02,L3,CRS,FIX
los_dwa,crossing,9.482643773590642,1.8049122155424557,205.32952562060183,starboard,,True,goal,False,False,73,59.41028091980971,-31.60238340969584,14,6,0,0,8,5.585170544812548,0.011074648842458467,0.0,0.0,0.8668821558007913,0.5371907497526113,0.5577851657740812,2.6230880747370455,0.6811837190078871,0,,False,crossing,17,0.0,False,0.0,P2-L3-CRS-VAR-02,L3,CRS,VAR
los_dwa,crossing,9.482643773590642,1.6194069926966033,242.76194932887125,starboard,,True,collision:target,True,True,22,-299.3087818025574,0.0,0,0,0,0,0,0.0,0.0,0.0,0.0,0.0,0.5414414071432393,0.5582201137519502,1.3925431363176406,0.5844991635619593,0,,False,never,0,0.0,False,0.0,P2-L3-CRS-FIX-03,L3,CRS,FIX
los_dwa,crossing,9.482643773590642,1.6194069926966033,242.76194932887125,starboard,,True,collision:target,True,True,22,-294.8273193321857,0.0,0,0,0,0,0,0.0,0.0,0.0,0.0,0.0,0.551157610479117,0.5582201137519502,1.566179745833682,0.5943840835264125,0,,False,never,0,0.0,False,0.0,P2-L3-CRS-VAR-03,L3,CRS,VAR
los_dwa,crossing,9.482643773590642,2.4473246999089495,276.0079007966859,starboard,,True,collision:target,True,True,31,-333.37174667620974,0.0,0,0,0,0,0,0.0,0.0,0.0,0.0,0.0,0.500142519228954,0.5584590754734856,1.6737942739713147,0.9209314610580539,0,,False,never,0,0.0,False,0.0,P2-L3-CRS-FIX-04,L3,CRS,FIX
los_dwa,crossing,9.482643773590642,2.4473246999089495,276.0079007966859,starboard,,True,collision:target,True,True,34,-346.4644872879948,0.0,0,0,0,0,0,0.0,0.0,0.0,0.0,0.0,0.49626970106046947,0.5584590754734856,1.7206305094014687,1.0684658033180026,0,,False,never,0,0.0,False,0.0,P2-L3-CRS-VAR-04,L3,CRS,VAR
los_dwa,crossing,9.482643773590642,1.287654659275197,223.2128592803457,starboard,,False,goal,False,False,72,41.65359936114704,-37.20837757980044,12,16,0,0,7,5.055830453707646,1.4897119836955195,0.0,0.0,1.0684316699232828,0.5442802697927063,0.5702146818321868,1.6075002150740898,0.3610170005000515,0,,False,crossing,16,0.0,False,0.0,P2-L3-CRS-FIX-05,L3,CRS,FIX
los_dwa,crossing,9.482643773590642,1.287654659275197,223.2128592803457,starboard,,False,goal,False,False,76,15.7211786574006,-37.90422664796429,14,18,0,0,8,5.217878033710429,1.5038796241662657,0.0,0.0,1.0292280536610328,0.5133413329665663,0.5645999274299802,1.8539068940416397,0.3691874185633137,0,,False,crossing,18,0.0,False,0.0,P2-L3-CRS-VAR-05,L3,CRS,VAR
los_dwa,crossing,9.482643773590642,2.015334837761502,200.3106251070971,starboard,,True,goal,False,False,70,87.63175854924685,-16.512700239487472,12,1,0,0,9,2.6819423754786946,0.00202251945234717,0.0,0.0,0.7171275576841805,0.5569982434032195,0.5726640695062575,2.638242951010463,0.6203340977613331,0,,False,crossing,15,0.0,False,0.0,P2-L3-CRS-FIX-06,L3,CRS,FIX
los_dwa,crossing,9.482643773590642,2.015334837761502,200.3106251070971,starboard,,True,goal,False,False,70,84.37404236657449,-16.56682540424344,11,1,0,0,8,2.6028189429773985,0.0021726247299055693,0.0,0.0,0.8160260320205073,0.5573520735178826,0.5715582937893483,2.492244842088722,0.6120691318799154,0,,False,crossing,14,0.0,False,0.0,P2-L3-CRS-VAR-06,L3,CRS,VAR
los_dwa,crossing,9.482643773590642,2.0515166226230304,230.1879691463317,starboard,,True,collision:target,True,True,19,-301.7046981511156,0.0,0,0,0,0,0,0.0,0.0,0.0,0.0,0.0,0.5179664754301953,0.5681108586701993,1.517732052153015,0.42277414815420866,0,,False,never,0,0.0,False,0.0,P2-L3-CRS-FIX-07,L3,CRS,FIX
los_dwa,crossing,9.482643773590642,2.0515166226230304,230.1879691463317,starboard,,True,collision:target,True,True,19,-307.4912141886513,0.0,0,0,0,0,0,0.0,0.0,0.0,0.0,0.0,0.5171002182021316,0.5681108586701993,1.3096411325327737,0.4324185916059364,0,,False,never,0,0.0,False,0.0,P2-L3-CRS-VAR-07,L3,CRS,VAR
los_dwa,crossing,9.482643773590642,1.8145783333415333,284.06883540589115,starboard,,True,collision:target,True,True,32,-356.4892585717237,-18.918714165720097,7,7,0,0,8,1.1159604328839423,1.6440446000471047,0.0,0.0,1.1681531672692023,0.48297028938285386,0.5578662714269977,1.5714690962429774,0.878999847710686,0,,False,crossing,12,0.0,False,0.0,P2-L3-CRS-FIX-08,L3,CRS,FIX
los_dwa,crossing,9.482643773590642,1.8145783333415333,284.06883540589115,starboard,,True,collision:target,True,True,31,-345.1621891445759,-19.012526085194978,7,7,0,0,8,1.1159604328839423,1.64399264433466,0.0,0.0,1.1890574117695323,0.4929140278008617,0.5578662714269977,1.3110101680967712,0.8540288095996735,0,,False,crossing,12,0.0,False,0.0,P2-L3-CRS-VAR-08,L3,CRS,VAR
los_dwa,crossing,9.482643773590642,1.2281865945476336,228.03055297880738,starboard,,True,collision:obstacle,True,False,24,-348.5362719660582,0.0,0,0,0,0,0,0.0,0.0,0.0,0.0,0.0,0.4423900264482839,0.5547130201593483,1.542039776057142,0.2541589938567136,0,,False,never,0,0.0,False,0.0,P2-L3-CRS-FIX-09,L3,CRS,FIX
los_dwa,crossing,9.482643773590642,1.2281865945476336,228.03055297880738,starboard,,True,collision:obstacle,True,False,25,-360.9866896303294,0.0,0,0,0,0,0,0.0,0.0,0.0,0.0,0.0,0.42566941275310505,0.5547130201593483,1.7389792285156,0.25290575367241785,0,,False,never,0,0.0,False,0.0,P2-L3-CRS-VAR-09,L3,CRS,VAR
los_dwa,crossing,9.482643773590642,1.9178683530952108,274.5771498800064,starboard,,True,collision:target,True,True,33,-355.9920710074806,-18.282216540594547,2,5,0,0,4,0.5878237877187555,2.72909172390653,0.0,0.0,0.4141077240109726,0.5016608573761389,0.5600394867983566,1.3300604638607576,0.9900599631513484,0,,False,crossing,5,0.0,False,0.0,P2-L3-CRS-FIX-10,L3,CRS,FIX
los_dwa,crossing,9.482643773590642,1.9178683530952108,274.5771498800064,starboard,,True,goal,False,False,78,55.99277529380514,-9.268546774746238,3,2,0,0,2,0.847880960395934,0.7299759912130263,0.0,0.0,0.3240344142848633,0.5048253530717922,0.5644302965009151,1.9819386993058474,0.9577669930117222,0,,False,crossing,5,0.0,False,0.0,P2-L3-CRS-VAR-10,L3,CRS,VAR
los_dwa,crossing,9.482643773590642,2.016993092091529,209.36941024494863,starboard,,True,goal,False,False,72,83.80535940174042,-13.414221999011021,13,6,0,0,4,2.441796996451304,0.017832304995886644,0.0,0.0,0.27534599041053864,0.5472431844536589,0.5610784027291499,2.761777967815582,0.7106251465635691,0,,False,crossing,16,0.0,False,0.0,P2-L3-CRS-FIX-11,L3,CRS,FIX
los_dwa,crossing,9.482643773590642,2.016993092091529,209.36941024494863,starboard,,True,goal,False,False,72,82.8557715270617,-14.363809873689727,14,4,0,0,4,2.6339841763891796,0.017632939581541433,0.0,0.0,0.27517892214103473,0.5472431844536589,0.5610784027291499,2.905069392489369,0.7106251465635691,0,,False,crossing,18,0.0,False,0.0,P2-L3-CRS-VAR-11,L3,CRS,VAR
los_dwa,crossing,9.482643773590642,1.3072802184038224,229.30739920704087,starboard,,True,collision:target,True,True,21,-295.97768771166875,0.0,0,0,0,0,0,0.0,0.0,0.0,0.0,0.0,0.5323128417728948,0.5620358298806409,1.617407116996609,0.569902027574429,0,,False,never,0,0.0,False,0.0,P2-L3-CRS-FIX-12,L3,CRS,FIX
los_dwa,crossing,9.482643773590642,1.3072802184038224,229.30739920704087,starboard,,True,collision:target,True,True,21,-296.65907490212174,0.0,0,0,0,0,0,0.0,0.0,0.0,0.0,0.0,0.5338414809305537,0.5620358298806409,1.5218075681761598,0.5709645971048672,0,,False,never,0,0.0,False,0.0,P2-L3-CRS-VAR-12,L3,CRS,VAR
los_dwa,crossing,9.482643773590642,2.445946361091128,194.40539466721341,starboard,,True,goal,False,False,72,101.02396778740481,-5.205027745624107,11,0,0,0,0,1.0515207566917386,0.0,0.0,0.0,0.0,0.5487710490811639,0.5624159528168138,3.127354798695669,0.6878387632520728,0,,False,crossing,13,0.0,False,0.0,P2-L3-CRS-FIX-13,L3,CRS,FIX
los_dwa,crossing,9.482643773590642,2.445946361091128,194.40539466721341,starboard,,True,goal,False,False,72,101.02396778740481,-5.205027745624107,11,0,0,0,0,1.0515207566917386,0.0,0.0,0.0,0.0,0.5487710490811639,0.5624159528168138,3.0916698929229196,0.6878387632520728,0,,False,crossing,13,0.0,False,0.0,P2-L3-CRS-VAR-13,L3,CRS,VAR
los_dwa,crossing,9.482643773590642,1.9411590163029353,238.82812122735731,starboard,,True,goal,False,False,77,66.92828040680516,-4.631685122117202,1,0,1,0,1,0.32510950680422235,0.0,0.3333603069883263,0.0,0.4049546573951837,0.5079114950406795,0.557478302639578,1.7246953446914113,0.5468625295042819,0,,False,overtaking,1,0.0,False,0.0,P2-L3-CRS-FIX-14,L3,CRS,FIX
los_dwa,crossing,9.482643773590642,1.9411590163029353,238.82812122735731,starboard,,True,goal,False,False,75,76.98091514928585,0.0,0,0,0,0,0,0.0,0.0,0.0,0.0,0.0,0.5197077785607294,0.5597901241957072,2.0530403614912984,0.4962375576155162,0,,False,never,0,0.0,False,0.0,P2-L3-CRS-VAR-14,L3,CRS,VAR
los_dwa,crossing,9.482643773590642,2.106823028233486,204.192491544341,starboard,,True,goal,False,False,73,71.5487182008517,-11.896572126101248,15,1,0,0,5,2.174466123330985,0.0002552323954716645,0.0,0.0,0.25148920339006364,0.5359064155543126,0.5576357389864275,2.6564278163370982,0.5627949364889113,0,,False,crossing,16,0.0,False,0.0,P2-L3-CRS-FIX-15,L3,CRS,FIX
los_dwa,crossing,9.482643773590642,2.106823028233486,204.192491544341,starboard,,True,goal,False,False,73,71.5487182008517,-11.896572126101248,15,1,0,0,5,2.174466123330985,0.0002552323954716645,0.0,0.0,0.25148920339006364,0.5359064155543126,0.5576357389864275,2.585187108002314,0.5627949364889113,0,,False,crossing,16,0.0,False,0.0,P2-L3-CRS-VAR-15,L3,CRS,VAR
los_dwa,crossing,9.482643773590642,0.6410023621067068,217.5006523875567,starboard,,True,collision:target,True,True,20,-314.3164126529007,0.0,0,0,0,0,0,0.0,0.0,0.0,0.0,0.0,0.4868577832189235,0.5565123044053538,1.6896904329235336,0.302350785577377,0,,False,never,0,0.0,False,0.0,P2-L3-CRS-FIX-16,L3,CRS,FIX
los_dwa,crossing,9.482643773590642,0.6410023621067068,217.5006523875567,starboard,,True,collision:target,True,True,20,-323.44427333387176,-4.948846843637144,1,0,0,0,1,0.5864741269508019,0.0,0.0,0.0,0.45462220338459436,0.4906812226553209,0.5565123044053538,1.2435292534309295,0.2869137975234968,0,,False,overtaking,1,0.0,False,0.0,P2-L3-CRS-VAR-16,L3,CRS,VAR
los_dwa,crossing,9.482643773590642,2.4722873925642967,284.5266620870986,starboard,,True,collision:target,True,True,34,-358.4625996784527,0.0,0,0,0,0,0,0.0,0.0,0.0,0.0,0.0,0.48512648963104466,0.5573064963627318,1.7286592777093406,1.1367817731742573,0,,False,never,0,0.0,False,0.0,P2-L3-CRS-FIX-17,L3,CRS,FIX
los_dwa,crossing,9.482643773590642,2.4722873925642967,284.5266620870986,starboard,,True,collision:target,True,True,33,-353.1173148150452,0.0,0,0,0,0,0,0.0,0.0,0.0,0.0,0.0,0.48985803103128694,0.5573064963627318,1.477338326714675,1.090119709545078,0,,False,never,0,0.0,False,0.0,P2-L3-CRS-VAR-17,L3,CRS,VAR
los_dwa,crossing,9.482643773590642,2.1343941674248414,292.2654681869026,starboard,,True,collision:target,True,True,34,-366.64146544497146,-36.30246468702215,8,6,6,0,11,3.5712061750841846,1.5167593974137552,1.2825732659184208,0.0,1.44439363241134,0.47433481154574675,0.5591821317614037,1.8600239653603505,0.9306876820133655,0,,False,crossing,16,0.0,False,0.0,P2-L3-CRS-FIX-18,L3,CRS,FIX
los_dwa,crossing,9.482643773590642,2.1343941674248414,292.2654681869026,starboard,,True,goal,False,False,83,-5.730225212896443,-25.578956613815443,6,6,0,0,6,3.2561988073931483,1.5167593974137552,0.0,0.0,0.4339585555602825,0.48044178030527784,0.5591821317614037,1.4068227603824608,1.4596133127410824,0,,False,crossing,10,0.0,False,0.0,P2-L3-CRS-VAR-18,L3,CRS,VAR
los_dwa,crossing,9.482643773590642,1.5712127141463947,286.37529651478957,starboard,,True,collision:target,True,True,18,-298.42621095185063,0.0,0,0,0,0,0,0.0,0.0,0.0,0.0,0.0,0.5216549420788039,0.5614932133881008,1.3409246650340367,0.5419833535887808,0,,False,never,0,0.0,False,0.0,P2-L3-CRS-FIX-19,L3,CRS,FIX
los_dwa,crossing,9.482643773590642,1.5712127141463947,286.37529651478957,starboard,,True,goal,False,False,86,48.340085429349536,0.0,0,0,0,0,0,0.0,0.0,0.0,0.0,0.0,0.4643679128697599,0.5623981609864221,2.2193763078571034,0.9034801661923167,0,,False,never,0,0.0,False,0.0,P2-L3-CRS-VAR-19,L3,CRS,VAR
los_dwa,crossing,9.482643773590642,1.9306489181018467,191.4239081469701,starboard,,True,goal,False,False,71,92.27963412739084,-5.902594872531978,9,0,0,0,5,1.0119575070765483,0.0,0.0,0.0,0.19853449166734718,0.5554488962473701,0.5632825080152534,2.5671660296017955,0.7019105387343583,0,,False,crossing,13,0.0,False,0.0,P2-L3-CRS-FIX-20,L3,CRS,FIX
los_dwa,crossing,9.482643773590642,1.9306489181018467,191.4239081469701,starboard,,True,goal,False,False,71,89.96559479605318,-6.5958616337369245,10,0,0,0,5,1.1572110318056883,0.0,0.0,0.0,0.19281489473305927,0.553017663751405,0.5635411004371588,2.596620091004545,0.7127352560715202,0,,False,crossing,14,0.0,False,0.0,P2-L3-CRS-VAR-20,L3,CRS,VAR
sac_3M,crossing,9.2,0.0338098544124729,114.79649268729816,port,,False,collision:obstacle,True,False,32,-389.3098459279542,-15.95269691720632,0,5,0,0,3,0.0,2.011693143217569,0.0,0.0,1.3321813018398565,0.7849448399650076,0.9935586880096812,1.7280310724947376,1.7542732805673902,0,,False,crossing,5,1.0,True,0.0,P2-L1-CRP-FIX-01,L1,CRP,FIX
sac_3M,crossing,9.2,0.0338098544124729,114.79649268729816,port,,False,collision:target,True,True,15,-331.30450519119813,-17.281667275078213,0,5,0,0,3,0.0,2.208495180635965,0.0,0.0,1.4110258068733748,0.7077593228662981,0.9188059905887058,1.4938947978387465,0.7615612855490119,0,,False,crossing,5,1.0,True,0.0,P2-L1-CRP-VAR-01,L1,CRP,VAR
sac_3M,crossing,9.2,2.4440999434399604,91.19658808783724,port,,True,goal,False,False,48,-50.34904064176584,-14.488620890468436,5,1,0,0,1,2.6077989768893177,0.1618913661740702,0.0,0.0,0.1730341538454814,0.8343540634902791,1.0140335627995265,1.581840825654838,2.257607671960604,0,,False,crossing,7,1.0,True,0.0,P2-L1-CRP-FIX-02,L1,CRP,FIX
sac_3M,crossing,9.2,2.4440999434399604,91.19658808783724,port,,True,goal,False,False,48,-49.04135281167575,-14.488620890468436,5,1,0,0,1,2.6077989768893177,0.1618913661740702,0.0,0.0,0.1730341538454814,0.8373254160658291,1.02213436627669,2.344867700645734,2.280057853477231,0,,False,crossing,7,1.0,True,0.0,P2-L1-CRP-VAR-02,L1,CRP,VAR
sac_3M,crossing,9.2,2.441843088872972,156.9026208915265,port,,True,goal,False,False,46,-47.10365748091823,-11.115143386365324,11,0,0,0,0,2.2454835123970343,0.0,0.0,0.0,0.0,0.8754839973438504,1.0344065174643542,4.2685192773015865,2.2634494492022457,0,,False,crossing,12,1.0,True,0.0,P2-L1-CRP-FIX-03,L1,CRP,FIX
sac_3M,crossing,9.2,2.441843088872972,156.9026208915265,port,,True,collision:obstacle,True,False,32,-410.893025995182,-10.21796147349139,10,0,0,0,0,2.0642346411093717,0.0,0.0,0.0,0.0,0.8750430835741418,1.0357220293085163,4.15263591113,2.211326918091047,0,,False,crossing,11,1.0,True,0.0,P2-L1-CRP-VAR-03,L1,CRP,VAR
sac_3M,crossing,9.2,0.406441241575198,104.7661286962666,port,,False,goal,False,False,47,-70.44251949400855,-43.19726423845231,8,9,0,0,9,4.695128701385624,1.7674770934717885,0.0,0.0,2.490525678646248,0.8584184078997319,0.9878904156861096,2.445698497780157,2.4095901364092005,0,,False,crossing,9,1.0,True,0.0,P2-L1-CRP-FIX-04,L1,CRP,FIX
sac_3M,crossing,9.2,0.406441241575198,104.7661286962666,port,,False,goal,False,False,46,-68.74658970965636,-40.147216676148645,8,8,0,0,8,4.697427211546716,1.5255763266612496,0.0,0.0,2.0762998137820463,0.8888573149357317,1.0494460755846555,2.7342728231778746,2.375321189697796,0,,False,crossing,8,1.0,True,0.0,P2-L1-CRP-VAR-04,L1,CRP,VAR
sac_3M,crossing,9.2,2.181423550527398,115.7837675325377,port,,True,collision:target,True,True,18,-327.25066015138054,0.0,0,0,0,0,0,0.0,0.0,0.0,0.0,0.0,0.7559318197884402,0.952716229701684,1.302680603755421,1.0921626630919168,0,,False,never,0,0.0,False,0.0,P2-L1-CRP-FIX-05,L1,CRP,FIX
sac_3M,crossing,9.2,2.181423550527398,115.7837675325377,port,,True,collision:target,True,True,19,-329.6872540556445,0.0,0,0,0,0,0,0.0,0.0,0.0,0.0,0.0,0.7547451516182121,0.9527088986150744,1.244024251645252,1.190955311306663,0,,False,never,0,0.0,False,0.0,P2-L1-CRP-VAR-05,L1,CRP,VAR
sac_3M,crossing,9.2,1.604435933847668,94.72144402745336,port,,True,collision:target,True,True,24,-372.3938544805653,-25.86212043196029,8,2,0,0,3,3.828086522144687,0.9084780758715618,0.0,0.0,0.7034465191111158,0.7298348448659517,0.912632705184568,1.4742238213564185,1.31741076365458,0,,False,crossing,9,1.0,True,0.0,P2-L1-CRP-FIX-06,L1,CRP,FIX
sac_3M,crossing,9.2,1.604435933847668,94.72144402745336,port,,True,goal,False,False,48,-66.23014142316084,-25.86212043196029,8,2,0,0,3,3.828086522144687,0.9084780758715618,0.0,0.0,0.7034465191111158,0.8416679506999278,1.0207128479330143,2.168612359366861,2.2910155899671283,0,,False,crossing,9,1.0,True,0.0,P2-L1-CRP-VAR-06,L1,CRP,VAR
sac_3M,crossing,9.2,2.374436245626427,105.37486304409232,port,,True,collision:target,True,True,18,-361.7858918504176,-31.338925401036494,6,5,0,0,6,3.4504654635645293,1.306873231420813,0.0,0.0,1.7311330801909013,0.7033696258575911,0.9144304145655946,1.3514275815345551,0.8185510923385794,0,,False,crossing,9,1.0,True,0.0,P2-L1-CRP-FIX-07,L1,CRP,FIX
sac_3M,crossing,9.2,2.374436245626427,105.37486304409232,port,,True,collision:target,True,True,19,-353.09988979674586,-20.74488211006156,6,3,0,0,4,3.430270814956709,0.2932176752148229,0.0,0.0,0.5141364630472169,0.7286773991981192,0.9138956471910608,1.336238286130351,0.9445352524717124,0,,False,crossing,7,1.0,True,0.0,P2-L1-CRP-VAR-07,L1,CRP,VAR
sac_3M,crossing,9.2,1.064109768090642,144.70588311728267,port,,False,goal,False,False,45,-73.67410882581058,-34.7716704290902,10,7,0,0,7,5.999119597009753,0.1044040110224235,0.0,0.0,1.0131619042957578,0.9052604757142466,1.0532128158521243,2.845770793748444,2.336474057749317,0,,False,crossing,11,1.0,True,0.0,P2-L1-CRP-FIX-08,L1,CRP,FIX
sac_3M,crossing,9.2,1.064109768090642,144.70588311728267,port,,False,goal,False,False,46,-74.49466151897713,-34.740131426937225,10,7,0,0,7,5.999138689461312,0.1040106945575007,0.0,0.0,1.006564883565352,0.9006188598381274,1.045637693768383,2.872962621806383,2.3335401036484384,0,,False,crossing,11,1.0,True,0.0,P2-L1-CRP-VAR-08,L1,CRP,VAR
sac_3M,crossing,9.2,2.19745828772721,168.42086988781745,port,,True,collision:obstacle,True,False,31,-420.4666086189719,-15.384328622485617,10,1,0,0,1,3.009211908157765,0.0229237562405157,0.0,0.0,0.0833904630475833,0.8789568041385626,1.0002386888890828,3.582943346548672,2.059496253474876,0,,False,crossing,10,1.0,True,0.0,P2-L1-CRP-FIX-09,L1,CRP,FIX
sac_3M,crossing,9.2,2.19745828772721,168.42086988781745,port,,True,collision:obstacle,True,False,31,-413.56253806667735,-14.250772557667744,9,1,0,0,1,2.780210682942033,0.0229237562405157,0.0,0.0,0.0833904630475833,0.8860026843031013,1.0208748819771274,3.472177388033927,2.074780575825464,0,,False,crossing,9,1.0,True,0.0,P2-L1-CRP-VAR-09,L1,CRP,VAR
sac_3M,crossing,9.2,1.2934028333293044,164.40023763818755,port,,True,collision:obstacle,True,False,32,-436.0126340289549,-30.82132258458068,10,6,0,0,7,5.149616587562845,0.03666044215671,0.0,0.0,1.1442780638819738,0.8527370674235192,1.0166589865564206,2.705995063072551,1.988032948946559,0,,False,crossing,10,1.0,True,0.0,P2-L1-CRP-FIX-10,L1,CRP,FIX
sac_3M,crossing,9.2,1.2934028333293044,164.40023763818755,port,,True,collision:obstacle,True,False,32,-434.79445031017895,-30.88071842208454,10,6,0,0,7,5.149671870410205,0.0370352659945604,0.0,0.0,1.157004021529101,0.8569321117318813,1.0132390504636295,2.6576792840408143,1.9932891685381908,0,,False,crossing,10,1.0,True,0.0,P2-L1-CRP-VAR-10,L1,CRP,VAR
sac_3M,crossing,9.2,1.0576817950008786,148.95068178029868,port,,False,goal,False,False,45,-62.45170282388402,-33.59480797150006,10,8,0,0,8,5.451774572634369,0.2146847174315016,0.0,0.0,1.2324076634831114,0.8875147258490931,1.0604732512419526,2.9525028913868074,2.3624071181207422,0,,False,crossing,10,1.0,True,0.0,P2-L1-CRP-FIX-11,L1,CRP,FIX
sac_3M,crossing,9.2,1.0576817950008786,148.95068178029868,port,,False,goal,False,False,45,-58.54125381545677,-32.927983093149805,10,5,0,0,5,5.490544723295108,0.187283576388055,0.0,0.0,1.0717184466040328,0.8837179860362803,1.0436032826817585,3.2198368619852693,2.4095252529612043,0,,False,crossing,10,1.0,True,0.0,P2-L1-CRP-VAR-11,L1,CRP,VAR
sac_3M,crossing,9.2,1.5408739920251886,152.25017342614643,port,,True,collision:obstacle,True,False,17,-376.6624807688844,-51.676490133505325,9,6,0,0,10,7.418989263289031,0.6309224888050565,0.0,0.0,2.628761546808798,0.5264051034261246,0.6080459734282476,1.5744081423943903,0.2096501974280006,0,,False,crossing,15,1.0,True,0.0,P2-L1-CRP-FIX-12,L1,CRP,FIX
sac_3M,crossing,9.2,1.5408739920251886,152.25017342614643,port,,True,collision:obstacle,True,False,17,-378.1945634830656,-52.02408142164382,9,6,0,0,11,7.366007984964512,0.9060460963373967,0.0,0.0,2.461647493155414,0.5296393302307258,0.6080459734282476,1.8806295540990952,0.2098708484744699,0,,False,crossing,15,1.0,True,0.0,P2-L1-CRP-VAR-12,L1,CRP,VAR
sac_3M,crossing,9.2,1.4351942245117044,167.78041548083337,port,,True,goal,False,False,45,-71.96798095700281,-25.83031025718764,11,1,0,0,3,4.720211579357269,0.0246394995156703,0.0,0.0,0.5207327592814645,0.8713481216421919,1.0295730169812085,3.021607113729808,2.198336729754061,0,,False,crossing,11,1.0,True,0.0,P2-L1-CRP-FIX-13,L1,CRP,FIX
sac_3M,crossing,9.2,1.4351942245117044,167.78041548083337,port,,True,goal,False,False,46,-71.83153365412524,-25.827129820505217,11,1,0,0,3,4.719569066896174,0.0246394995156703,0.0,0.0,0.5207327592814645,0.8589899663689925,0.9636138454830908,2.945191081615259,2.249934490691536,0,,False,crossing,11,1.0,True,0.0,P2-L1-CRP-VAR-13,L1,CRP,VAR
sac_3M,crossing,9.2,1.8254532858130468,112.98787187738486,port,,True,collision:target,True,True,20,-362.9249041726099,-20.010340829011923,6,1,0,0,2,3.5479040087823126,0.0996106132587968,0.0,0.0,0.4344763222018729,0.7910484269631148,1.0038547524616863,1.258827178784359,1.1701588742450115,0,,False,crossing,6,1.0,True,0.0,P2-L1-CRP-FIX-14,L1,CRP,FIX
sac_3M,crossing,9.2,1.8254532858130468,112.98787187738486,port,,True,collision:target,True,True,17,-356.2407956833904,-20.010340829011923,6,1,0,0,2,3.5479040087823126,0.0996106132587968,0.0,0.0,0.4344763222018729,0.7905288127360661,0.988306948490317,1.535504201696096,0.9282630669700614,0,,False,crossing,6,1.0,True,0.0,P2-L1-CRP-VAR-14,L1,CRP,VAR
sac_3M,crossing,9.2,0.7014434332234137,145.4128351198495,port,,False,collision:obstacle,True,False,30,-443.8791692197445,-38.13319710208102,10,11,0,0,11,5.157741107578428,0.4312083091892632,0.0,0.0,2.326199442017989,0.8767149252280645,1.0056555024647822,2.4718436981767704,1.8544402031484648,0,,False,crossing,11,1.0,True,0.0,P2-L1-CRP-FIX-15,L1,CRP,FIX
sac_3M,crossing,9.2,0.7014434332234137,145.4128351198495,port,,False,collision:obstacle,True,False,30,-434.0781149644267,-36.002348677254226,10,11,0,0,11,5.156732629251333,0.3467132993344927,0.0,0.0,1.9467314068343085,0.8623726422234502,0.9921864564049736,2.802511160825704,1.8637962328229756,0,,False,crossing,11,1.0,True,0.0,P2-L1-CRP-VAR-15,L1,CRP,VAR
sac_3M,crossing,9.2,1.4953392071914902,97.33560667774908,port,,True,collision:target,True,True,20,-356.13879967934724,-22.985057700715743,7,2,0,0,3,3.637650676745026,0.4089515338907145,0.0,0.0,0.6565281684597393,0.6254374169285195,0.7463328548425098,1.4666710857981886,0.6739317297880605,0,,False,crossing,10,1.0,True,0.0,P2-L1-CRP-FIX-16,L1,CRP,FIX
sac_3M,crossing,9.2,1.4953392071914902,97.33560667774908,port,,True,collision:target,True,True,21,-365.39667401835806,-22.985057700715743,7,2,0,0,3,3.637650676745026,0.4089515338907145,0.0,0.0,0.6565281684597393,0.6295000693499123,0.7604123769551591,1.3670796279062367,0.7296277684499618,0,,False,crossing,10,1.0,True,0.0,P2-L1-CRP-VAR-16,L1,CRP,VAR
sac_3M,crossing,9.2,0.1805001982410686,96.9959784574685,port,,False,goal,False,False,49,-99.35993853868546,-62.06243019922723,10,10,0,0,10,7.478469027068142,2.329431419474911,0.0,0.0,3.002960664186473,0.8180645424336583,0.9495016703859548,2.6606312537168533,2.508304804140153,0,,False,crossing,10,1.0,True,0.0,P2-L1-CRP-FIX-17,L1,CRP,FIX
sac_3M,crossing,9.2,0.1805001982410686,96.9959784574685,port,,False,goal,False,False,50,-94.1245098352436,-62.268574712463575,10,10,0,0,10,7.478469027068142,2.349550483588065,0.0,0.0,3.0266395854923034,0.8069803195578368,0.9306133897039413,2.59996598630086,2.4808184657900654,0,,False,crossing,10,1.0,True,0.0,P2-L1-CRP-VAR-17,L1,CRP,VAR
sac_3M,crossing,9.2,0.4231641253543652,94.36357564554974,port,,False,goal,False,False,45,-102.46848951289518,-86.24663148633206,11,11,0,0,11,9.5641239910369,3.688581542118489,0.0,0.0,4.587942021602861,0.9183591133023954,1.0815837589194242,2.3259456467091306,2.5762572734467226,0,,False,crossing,11,1.0,True,0.0,P2-L1-CRP-FIX-18,L1,CRP,FIX
sac_3M,crossing,9.2,0.4231641253543652,94.36357564554974,port,,False,collision:obstacle,True,False,32,-479.640630690504,-92.59995236048223,11,11,0,0,11,9.634309219547804,4.349358072773735,0.0,0.0,5.259537725301447,0.8624832492961584,1.0177980595343057,1.8912621221203816,2.2403562902856136,0,,False,crossing,11,1.0,True,0.0,P2-L1-CRP-VAR-18,L1,CRP,VAR
sac_3M,crossing,9.2,1.2019458236533642,169.4357612192603,port,,True,goal,False,False,45,-55.307632557420646,-9.574595605403749,5,3,0,0,5,1.6755649628637892,0.0039920313069792,0.0,0.0,0.2801752187240984,0.879707627456345,1.0473653870940824,2.682690620378462,2.1845147925320143,0,,False,crossing,8,1.0,True,0.0,P2-L1-CRP-FIX-19,L1,CRP,FIX
sac_3M,crossing,9.2,1.2019458236533642,169.4357612192603,port,,True,goal,False,False,46,-49.20993044710767,-9.575078204558508,5,3,0,0,5,1.6755649628637892,0.003992852729825,0.0,0.0,0.2802815594155817,0.858754559104728,1.0475117461052486,2.662124927923332,2.243326379204289,0,,False,crossing,8,1.0,True,0.0,P2-L1-CRP-VAR-19,L1,CRP,VAR
sac_3M,crossing,9.2,0.0376130857080794,123.33792062206732,port,,False,collision:obstacle,True,False,31,-456.5406801538392,-60.06751329032325,10,10,0,0,10,6.784511809165775,1.9625694664153197,0.0,0.0,3.726546883599295,0.8701506686656203,0.984236951033892,2.234495798455234,2.1105183908331946,0,,False,crossing,10,1.0,True,0.0,P2-L1-CRP-FIX-20,L1,CRP,FIX
sac_3M,crossing,9.2,0.0376130857080794,123.33792062206732,port,,False,collision:obstacle,True,False,31,-455.7605175148037,-59.479252355812974,10,10,0,0,10,6.783107215645408,1.9160765290477464,0.0,0.0,3.648509515462632,0.8803669222747282,0.9825408610678596,2.375224407511345,2.120135606740891,0,,False,crossing,10,1.0,True,0.0,P2-L1-CRP-VAR-20,L1,CRP,VAR
sac_3M,crossing,9.2,1.859445207346613,236.4375522180631,starboard,,True,collision:target,True,True,22,-317.6441497066984,-3.1838776332811958,0,1,0,0,1,0.0,0.2109547652726822,0.0,0.0,0.4754781211514263,0.5016451825200503,0.5541035979858082,1.5760198887903778,0.9751138883010496,0,,False,crossing,1,0.0,False,0.0,P2-L1-CRS-FIX-01,L1,CRS,FIX
sac_3M,crossing,9.2,1.859445207346613,236.4375522180631,starboard,,True,collision:target,True,True,24,-319.4604413522408,0.0,0,0,0,0,0,0.0,0.0,0.0,0.0,0.0,0.4988790738072237,0.6361640282317932,1.450516012258991,1.1251457310050874,0,,False,never,0,0.0,False,0.0,P2-L1-CRS-VAR-01,L1,CRS,VAR
sac_3M,crossing,9.2,1.216377524892998,213.54721603784083,starboard,,False,goal,False,False,56,-17.20070510736585,-39.10658565761048,15,12,0,0,11,6.887562473177275,0.1169925397568428,0.0,0.0,0.9853418541303568,0.7043235313270618,1.0049532960232386,2.936778347972009,1.4745265864512962,0,,False,crossing,15,0.0,False,0.0,P2-L1-CRS-FIX-02,L1,CRS,FIX
sac_3M,crossing,9.2,1.216377524892998,213.54721603784083,starboard,,False,goal,False,False,57,-6.361319756713399,-39.769457459088514,15,12,0,0,11,6.886576571658792,0.1282425468472062,0.0,0.0,1.121356182774184,0.6873028197910716,1.0029115255363286,2.728296745070257,1.4676303988623849,0,,False,crossing,15,0.0,False,0.0,P2-L1-CRS-VAR-02,L1,CRS,VAR
sac_3M,crossing,9.2,2.4496071478972232,197.52335172425865,starboard,,True,goal,False,False,56,10.062104854919896,-15.2882131153129,15,0,0,0,0,3.088527902083414,0.0,0.0,0.0,0.0,0.7183522787227697,0.991527682042557,4.143793611886232,1.51330017801603,0,,False,crossing,15,0.0,False,0.0,P2-L1-CRS-FIX-03,L1,CRS,FIX
sac_3M,crossing,9.2,2.4496071478972232,197.52335172425865,starboard,,True,goal,False,False,53,10.63305456391349,-15.228451192302412,15,0,0,0,0,3.07645478632372,0.0,0.0,0.0,0.0,0.7534902376393647,1.0124445175266463,4.471286872978582,1.3094458807316167,0,,False,crossing,15,0.0,False,0.0,P2-L1-CRS-VAR-03,L1,CRS,VAR
sac_3M,crossing,9.2,0.92962118263747,202.82842727208148,starboard,,False,goal,False,False,56,-16.909940027736013,-47.2518291862548,14,14,0,0,14,7.291219679679234,0.2847339613801483,0.0,0.0,2.166857480669078,0.7147170841006888,1.0232569315556137,2.575931264715627,1.4780077555091526,0,,False,crossing,14,0.0,False,0.0,P2-L1-CRS-FIX-04,L1,CRS,FIX
sac_3M,crossing,9.2,0.92962118263747,202.82842727208148,starboard,,False,goal,False,False,55,-22.19052836552318,-50.68320677735744,14,14,0,0,14,7.32178303887114,0.3481658779642755,0.0,0.0,2.8259910308938085,0.7148739870556182,1.0391639806712103,2.217578836298072,1.4855920543747916,0,,False,crossing,14,0.0,False,0.0,P2-L1-CRS-VAR-04,L1,CRS,VAR
sac_3M,crossing,9.2,1.4232021252286722,197.55477009091396,starboard,,True,goal,False,False,58,-7.1120719756973045,-41.43620590401317,13,3,0,0,5,7.538776894555424,0.0138524580070414,0.0,0.0,0.900153468628658,0.6821109160749992,0.9537168166163892,2.813864712144164,1.5104262372887316,0,,False,crossing,13,0.0,False,0.0,P2-L1-CRS-FIX-05,L1,CRS,FIX
sac_3M,crossing,9.2,1.4232021252286722,197.55477009091396,starboard,,True,goal,False,False,64,-6.2332307091491685,-43.679060509797374,14,2,0,0,4,7.992587289854856,0.0138373057131755,0.0,0.0,0.899390835941247,0.6312950210542712,0.9080137734170768,2.9195868356429733,1.762246398807013,0,,False,crossing,14,0.0,False,0.0,P2-L1-CRS-VAR-05,L1,CRS,VAR
sac_3M,crossing,9.2,2.489948449330967,285.01583798651507,starboard,,True,collision:obstacle,True,False,22,-367.4786542972755,-21.18547069392668,6,5,0,0,4,2.191703185401552,1.7999428874018677,0.0,0.0,0.3170716963443884,0.4102980619487052,0.5524538602301353,3.8149118041519032,0.3302856490921385,0,,False,crossing,9,0.0,False,0.0,P2-L1-CRS-FIX-06,L1,CRS,FIX
sac_3M,crossing,9.2,2.489948449330967,285.01583798651507,starboard,,True,collision:obstacle,True,False,22,-370.1494568770096,-22.422941656298164,6,5,0,0,5,2.191703138380354,2.0371551791656874,0.0,0.0,0.3311317743211677,0.4068375250468352,0.5524538602301353,4.328908920448785,0.3244710298604366,0,,False,crossing,9,0.0,False,0.0,P2-L1-CRS-VAR-06,L1,CRS,VAR
sac_3M,crossing,9.2,2.4432540839846237,271.2465378011216,starboard,,True,collision:obstacle,True,False,24,-382.21210575032296,-27.644187506469024,7,4,0,0,4,3.231602022494337,2.3014289362420093,0.0,0.0,0.0568187246053578,0.3754324873806152,0.5424605297903695,3.747757607747584,0.293581083831151,0,,False,crossing,7,0.0,False,0.0,P2-L1-CRS-FIX-07,L1,CRS,FIX
sac_3M,crossing,9.2,2.4432540839846237,271.2465378011216,starboard,,True,collision:obstacle,True,False,25,-395.3923448707804,-27.644187506469024,7,4,0,0,4,3.231602022494337,2.3014289362420093,0.0,0.0,0.0568187246053578,0.3579057335198872,0.5424605297903695,4.028464720412006,0.2935255678854496,0,,False,crossing,7,0.0,False,0.0,P2-L1-CRS-VAR-07,L1,CRS,VAR
sac_3M,crossing,9.2,1.3927915131922406,240.8141022696097,starboard,,True,collision:target,True,True,23,-339.5868382019879,-16.833308678629322,8,1,0,0,3,2.999195871353288,0.1112360813822883,0.0,0.0,0.3192601139084934,0.5814598010600684,0.7384238576664408,1.2568778881086446,1.0251501685720417,0,,False,crossing,8,0.0,False,0.0,P2-L1-CRS-FIX-08,L1,CRS,FIX
sac_3M,crossing,9.2,1.3927915131922406,240.8141022696097,starboard,,True,collision:target,True,True,21,-344.0972400033339,-16.833308678629322,8,1,0,0,3,2.999195871353288,0.1112360813822883,0.0,0.0,0.3192601139084934,0.5631668606978002,0.7384238576664408,1.5604860744970304,0.8583257168025294,0,,False,crossing,8,0.0,False,0.0,P2-L1-CRS-VAR-08,L1,CRS,VAR
sac_3M,crossing,9.2,1.513172176766642,213.51074834200887,starboard,,True,goal,False,False,55,-10.823605167248544,-41.456857407072775,14,5,0,0,6,7.441410579672763,0.1062417680271445,0.0,0.0,0.9102173968796036,0.7225128062318216,1.056483918971424,3.249650326108199,1.5811515052275238,0,,False,crossing,14,0.0,False,0.0,P2-L1-CRS-FIX-09,L1,CRS,FIX
sac_3M,crossing,9.2,1.513172176766642,213.51074834200887,starboard,,True,goal,False,False,56,-19.18183908951022,-41.201319172740426,14,5,0,0,6,7.449267489868293,0.0973603771718427,0.0,0.0,0.8545580513092761,0.702399499366031,1.0041881410761857,3.6061283136382367,1.6436645836523809,0,,False,crossing,14,0.0,False,0.0,P2-L1-CRS-VAR-09,L1,CRS,VAR
sac_3M,crossing,9.2,1.671539100869928,255.98334331463377,starboard,,True,collision:obstacle,True,False,21,-351.01158887954534,-17.799753267520966,8,5,0,0,3,2.65981622100364,0.5606727126340187,0.0,0.0,0.4129628991143454,0.4314384687265001,0.5518828095937567,2.802385600774226,0.2610616124709093,0,,False,crossing,10,0.0,False,0.0,P2-L1-CRS-FIX-10,L1,CRS,FIX
sac_3M,crossing,9.2,1.671539100869928,255.98334331463377,starboard,,True,collision:obstacle,True,False,23,-374.7029711890958,-17.452819798195932,8,5,0,0,3,2.654427382770296,0.4959739813067506,0.0,0.0,0.4129628991143454,0.3891336574996851,0.5484118121066759,2.8963539756505887,0.2602029781685344,0,,False,crossing,11,0.0,False,0.0,P2-L1-CRS-VAR-10,L1,CRS,VAR
sac_3M,crossing,9.2,2.3848057433751086,195.56686318722032,starboard,,True,goal,False,False,56,-8.339584245410435,-35.40179058833417,14,2,0,0,2,6.8942564355870415,0.0304224745786623,0.0,0.0,0.2499177740030964,0.7170618125112569,0.9947441799625956,3.9025324088353335,1.5032688121346098,0,,False,crossing,14,0.0,False,0.0,P2-L1-CRS-FIX-11,L1,CRS,FIX
sac_3M,crossing,9.2,2.3848057433751086,195.56686318722032,starboard,,True,goal,False,False,56,-6.438560331819673,-35.29243235859318,14,2,0,0,2,6.872163863922195,0.0304224745786623,0.0,0.0,0.2499177740030964,0.7138925384033331,0.999584428942494,4.179030021184928,1.510930723903738,0,,False,crossing,14,0.0,False,0.0,P2-L1-CRS-VAR-11,L1,CRS,VAR
sac_3M,crossing,9.2,1.8437173012072203,231.16905058578251,starboard,,True,collision:target,True,True,19,-334.357473519017,-25.279790946630214,6,2,0,0,2,3.654347981531576,0.537836445006592,0.0,0.0,1.0063284522813964,0.5543804400094555,0.6448139373849471,1.5625440157850188,0.8129219064245811,0,,False,crossing,7,0.0,False,0.0,P2-L1-CRS-FIX-12,L1,CRS,FIX
sac_3M,crossing,9.2,1.8437173012072203,231.16905058578251,starboard,,True,collision:target,True,True,18,-329.1915342092386,-20.34976091204772,6,1,0,0,1,3.654347981531576,0.1224374838252786,0.0,0.0,0.3677050796736197,0.5755530443412797,0.6780205198705727,1.3691442165831065,0.760562121614882,0,,False,crossing,6,0.0,False,0.0,P2-L1-CRS-VAR-12,L1,CRS,VAR
sac_3M,crossing,9.2,1.845357626075268,286.1460224634829,starboard,,True,collision:obstacle,True,False,23,-376.84524138701227,-23.705323195399323,7,7,0,0,2,2.268455493320441,2.441179883201142,0.0,0.0,0.0872506848038853,0.3896096701882994,0.5468625019112654,3.532047457171205,0.341883733957481,0,,False,crossing,10,0.0,False,0.0,P2-L1-CRS-FIX-13,L1,CRS,FIX
sac_3M,crossing,9.2,1.845357626075268,286.1460224634829,starboard,,True,collision:obstacle,True,False,23,-376.8576478768726,-23.705323195399323,7,7,0,0,2,2.268455493320441,2.441179883201142,0.0,0.0,0.0872506848038853,0.3896349844885375,0.5468625019112654,3.4188906465956377,0.3418754639226513,0,,False,crossing,10,0.0,False,0.0,P2-L1-CRS-VAR-13,L1,CRS,VAR
sac_3M,crossing,9.2,0.6007584804873689,212.91560800926828,starboard,,False,goal,False,False,59,-45.08833855698192,-82.88621844291686,13,11,0,0,13,11.762976053062408,1.0497588538694125,0.0,0.0,4.325151256356522,0.6796968771351585,1.0041169250884918,2.2635500707174034,1.8909354209296927,0,,False,crossing,13,0.0,False,0.0,P2-L1-CRS-FIX-14,L1,CRS,FIX
sac_3M,crossing,9.2,0.6007584804873689,212.91560800926828,starboard,,False,goal,False,False,61,-52.14365488147608,-77.78771904627672,13,11,0,0,13,11.762976053062408,0.7608004091017313,0.0,0.0,3.510005679680941,0.681906965454714,0.9433652025648316,2.6484013397115165,2.075643775357356,0,,False,crossing,13,0.0,False,0.0,P2-L1-CRS-VAR-14,L1,CRS,VAR
sac_3M,crossing,9.2,2.184211747428324,279.7465361071036,starboard,,True,collision:target,True,True,30,-352.4049971385846,-13.527511753467548,6,2,0,0,2,2.160304760278942,0.493838386832574,0.0,0.0,0.0865562611701209,0.5550897243914329,0.7479707826988853,1.3166551164632916,1.317419763547042,0,,False,crossing,9,0.0,False,0.0,P2-L1-CRS-FIX-15,L1,CRS,FIX
sac_3M,crossing,9.2,2.184211747428324,279.7465361071036,starboard,,True,collision:target,True,True,34,-355.54798097338005,-13.527511753467548,6,2,0,0,2,2.160304760278942,0.493838386832574,0.0,0.0,0.0865562611701209,0.542721586538817,0.7479707826988853,1.17784856638683,1.5464516542107776,0,,False,crossing,9,0.0,False,0.0,P2-L1-CRS-VAR-15,L1,CRS,VAR
sac_3M,crossing,9.2,0.8650581245514793,274.1661521755771,starboard,,False,collision:target,True,True,11,-315.64019288121733,-19.51486139445617,2,6,0,0,1,0.5289638168171683,2.932083941798738,0.0,0.0,0.5294833309572081,0.6007654801306497,0.6984761317803029,1.5385752659431169,0.311733238245503,0,,False,crossing,8,0.0,False,0.0,P2-L1-CRS-FIX-16,L1,CRS,FIX
sac_3M,crossing,9.2,0.8650581245514793,274.1661521755771,starboard,,False,collision:target,True,True,11,-315.6478964531215,-19.51486139445617,2,6,0,0,1,0.5289638168171683,2.932083941798738,0.0,0.0,0.5294833309572081,0.6007654801306497,0.6984761317803029,1.5374586909525028,0.311733238245503,0,,False,crossing,8,0.0,False,0.0,P2-L1-CRS-VAR-16,L1,CRS,VAR
sac_3M,crossing,9.2,1.2247968943584833,194.35770046704152,starboard,,True,goal,False,False,56,-15.784456162511788,-47.45050141696126,15,1,0,0,5,9.0691675029448,0.0027997747307337,0.0,0.0,0.5653918649927476,0.7179331559958524,1.0180202385154202,2.9872332116319016,1.5891002879205482,0,,False,crossing,15,0.0,False,0.0,P2-L1-CRS-FIX-17,L1,CRS,FIX
sac_3M,crossing,9.2,1.2247968943584833,194.35770046704152,starboard,,True,goal,False,False,56,-6.93861684721594,-48.130057249618936,15,5,0,0,10,9.001849138049947,0.0096510936847584,0.0,0.0,0.7829180227849207,0.7045976431333436,1.024660207347342,2.7767499711012373,1.4805427492101082,0,,False,crossing,15,0.0,False,0.0,P2-L1-CRS-VAR-17,L1,CRS,VAR
sac_3M,crossing,9.2,1.9378143923257525,270.98061165836896,starboard,,True,collision:target,True,True,27,-341.2741593795431,-16.75433813341651,7,4,0,0,5,2.5178030922457126,0.5685084554477627,0.0,0.0,0.3282435494075139,0.5266047204088484,0.6441894215662776,1.3582318395851982,1.3308195874704198,0,,False,crossing,8,0.0,False,0.0,P2-L1-CRS-FIX-18,L1,CRS,FIX
sac_3M,crossing,9.2,1.9378143923257525,270.98061165836896,starboard,,True,goal,False,False,59,-33.258193332230874,-47.515641595166905,8,7,0,0,9,2.5553282603623035,3.753273605586658,0.0,0.0,3.619569413048787,0.7015390524952346,0.979798348656254,1.5016536608395945,1.8601558948397607,0,,False,crossing,14,0.0,False,0.0,P2-L1-CRS-VAR-18,L1,CRS,VAR
sac_3M,crossing,9.2,1.798025991648634,240.63913195074787,starboard,,True,collision:target,True,True,20,-311.0392985783176,0.0,0,0,0,0,0,0.0,0.0,0.0,0.0,0.0,0.577556741107484,0.6952111024584386,1.4194734345331583,0.9469364484806976,0,,False,never,0,0.0,False,0.0,P2-L1-CRS-FIX-19,L1,CRS,FIX
sac_3M,crossing,9.2,1.798025991648634,240.63913195074787,starboard,,True,collision:target,True,True,19,-308.63526696061183,0.0,0,0,0,0,0,0.0,0.0,0.0,0.0,0.0,0.5701075891228841,0.6427379233397799,1.3452006627012696,0.864414378562422,0,,False,never,0,0.0,False,0.0,P2-L1-CRS-VAR-19,L1,CRS,VAR
sac_3M,crossing,9.2,2.055068816716044,235.39274287809448,starboard,,True,collision:target,True,True,21,-372.49498981441496,-16.085849769179422,6,3,0,0,6,2.4199599435890065,0.094815841199502,0.0,0.0,0.8083799187725116,0.5232401822119963,0.5813528915294537,1.4298734891847371,0.4659574469039549,0,,False,crossing,8,0.0,False,0.0,P2-L1-CRS-FIX-20,L1,CRS,FIX
sac_3M,crossing,9.2,2.055068816716044,235.39274287809448,starboard,,True,collision:target,True,True,21,-379.75090463284505,-21.697579728635013,7,3,0,0,7,3.120108626814857,0.094815841199502,0.0,0.0,1.2852674693253174,0.5267075747469903,0.5939150611567157,1.2921859230861537,0.4742906144137452,0,,False,crossing,9,0.0,False,0.0,P2-L1-CRS-VAR-20,L1,CRS,VAR
sac_3M,crossing,9.482643773590642,1.9249034561383136,120.74103884366566,port,,True,goal,False,False,57,34.739483767334434,-1.5566217968449612,1,0,0,0,2,0.0328209150169595,0.0,0.0,0.0,0.3098129483357803,0.7403600715703973,1.059065783119295,2.177945718485501,1.6071827145243145,0,,False,crossing,11,1.0,True,0.0,P2-L2-CRP-FIX-01,L2,CRP,FIX
sac_3M,crossing,9.482643773590642,1.9249034561383136,120.74103884366566,port,,True,goal,False,False,57,24.71703300412864,-8.396084386551857,3,0,0,0,2,1.3613321299836678,0.0,0.0,0.0,0.3683311873628224,0.7103201505706968,0.979196437718322,1.830635976415244,1.644593442382806,0,,False,crossing,14,1.0,True,0.0,P2-L2-CRP-VAR-01,L2,CRP,VAR
sac_3M,crossing,9.482643773590642,0.5008222409944088,132.3453452878164,port,,True,collision:target,True,True,15,-302.7134828695113,-5.729466517607145,0,1,0,0,3,0.0,0.0400307810582334,0.0,0.0,1.22918092252642,0.512510438668142,0.5927853280431767,1.7267230830735725,0.3197608909404583,0,,False,crossing,5,1.0,True,0.0,P2-L2-CRP-FIX-02,L2,CRP,FIX
sac_3M,crossing,9.482643773590642,0.5008222409944088,132.3453452878164,port,,True,collision:target,True,True,15,-302.82606728754297,-5.729268541565794,0,1,0,0,3,0.0,0.0399842221173681,0.0,0.0,1.2291881426855162,0.5125167079820315,0.5927853280431767,1.703496160874152,0.3197597169736007,0,,False,crossing,5,1.0,True,0.0,P2-L2-CRP-VAR-02,L2,CRP,VAR
sac_3M,crossing,9.482643773590642,1.103026537124114,107.0997375309832,port,,True,goal,False,False,56,29.516432595570024,-7.024516709419115,0,0,0,0,4,0.0,0.0,0.0,0.0,1.5610037132042476,0.7454608532652863,0.9861645513074976,1.437626146019448,1.8560720529781796,0,,False,crossing,4,1.0,True,0.0,P2-L2-CRP-FIX-03,L2,CRP,FIX
sac_3M,crossing,9.482643773590642,1.103026537124114,107.0997375309832,port,,True,goal,False,False,55,34.685812732384505,-7.591521371243284,0,0,0,0,5,0.0,0.0,0.0,0.0,1.6870047491651745,0.7387327269540097,1.0264138710074335,1.6197368740435871,1.710749163523128,0,,False,crossing,6,1.0,True,0.0,P2-L2-CRP-VAR-03,L2,CRP,VAR
sac_3M,crossing,9.482643773590642,0.3703547559116577,161.2537129689516,port,,False,goal,False,False,56,-13.65454822464386,-57.27135269551799,11,11,0,0,12,5.717069892522902,1.1806182983071114,0.0,0.0,5.139510255757648,0.7368057512487027,0.9760019544296036,1.200366606190241,1.6360949352944465,0,,False,crossing,15,1.0,True,0.0,P2-L2-CRP-FIX-04,L2,CRP,FIX
sac_3M,crossing,9.482643773590642,0.3703547559116577,161.2537129689516,port,,False,goal,False,False,54,-20.703376664195787,-56.26972587512895,11,9,0,0,12,5.715508529749231,0.8657938529975635,0.0,0.0,5.26495090678496,0.7303484545800556,1.0150669320103278,1.1363153385824076,0.6264933581920163,0,,False,crossing,14,1.0,True,0.0,P2-L2-CRP-VAR-04,L2,CRP,VAR
sac_3M,crossing,9.482643773590642,2.070125720452194,119.54723825365384,port,,True,goal,False,False,61,45.62152588272654,0.0,0,0,0,0,0,0.0,0.0,0.0,0.0,0.0,0.6719971536293866,0.9745098457737332,2.4243972005886505,1.5843751056670554,0,,False,never,0,0.0,False,0.0,P2-L2-CRP-FIX-05,L2,CRP,FIX
sac_3M,crossing,9.482643773590642,2.070125720452194,119.54723825365384,port,,True,goal,False,False,60,46.53005709332718,0.0,0,0,0,0,0,0.0,0.0,0.0,0.0,0.0,0.6890720612653728,0.983081189332452,2.5423189806980173,1.6051249158653076,0,,False,never,0,0.0,False,0.0,P2-L2-CRP-VAR-05,L2,CRP,VAR
sac_3M,crossing,9.482643773590642,0.3803398616204559,139.61189542951794,port,,True,collision:target,True,True,15,-304.759044823916,-5.442907436209747,0,0,0,0,2,0.0,0.0,0.0,0.0,1.2095349858243882,0.4917986286298711,0.5896284765829273,1.689343675717444,0.2976749240101291,0,,False,crossing,6,1.0,True,0.0,P2-L2-CRP-FIX-06,L2,CRP,FIX
sac_3M,crossing,9.482643773590642,0.3803398616204559,139.61189542951794,port,,True,collision:target,True,True,16,-308.8593052419701,-8.027012182310896,0,1,0,0,3,0.0,0.0120682440603187,0.0,0.0,1.7705054164916263,0.4746141022291819,0.5896284765829273,1.7847234072216926,0.303311247499586,0,,False,crossing,8,1.0,True,0.0,P2-L2-CRP-VAR-06,L2,CRP,VAR
sac_3M,crossing,9.482643773590642,0.5016775534584944,124.73220902363016,port,,True,collision:target,True,True,21,-311.5785741660622,-4.947700074064347,0,1,0,0,4,0.0,0.0137328642096983,0.0,0.0,1.0843827547169642,0.4581830546331379,0.5913407193642917,1.062045334640065,0.2601976716431992,0,,False,crossing,8,1.0,True,0.0,P2-L2-CRP-FIX-07,L2,CRP,FIX
sac_3M,crossing,9.482643773590642,0.5016775534584944,124.73220902363016,port,,True,collision:target,True,True,22,-320.08632987804134,-6.311917533101687,0,1,0,0,3,0.0,0.2646128408380065,0.0,0.0,1.1115742157674564,0.439931515342405,0.5913407193642917,1.244502833360676,0.2595535286625802,0,,False,crossing,7,1.0,True,0.0,P2-L2-CRP-VAR-07,L2,CRP,VAR
sac_3M,crossing,9.482643773590642,2.136951879703952,121.019739191256,port,,True,goal,False,False,57,38.73314506603595,-1.3073978670601258,0,0,0,0,2,0.0,0.0,0.0,0.0,0.2905328593466946,0.7204675044351091,1.030731513783747,2.2324689521165246,1.5981274503561145,0,,False,crossing,10,1.0,True,0.0,P2-L2-CRP-FIX-08,L2,CRP,FIX
sac_3M,crossing,9.482643773590642,2.136951879703952,121.019739191256,port,,True,goal,False,False,58,39.73437620402248,-1.3062896869752565,0,0,0,0,2,0.0,0.0,0.0,0.0,0.2902865971056125,0.7156685356835141,1.0303452450325843,2.0740912022244573,1.5759298333487963,0,,False,crossing,11,1.0,True,0.0,P2-L2-CRP-VAR-08,L2,CRP,VAR
sac_3M,crossing,9.482643773590642,0.0080146128128119,139.80689517419827,port,,True,collision:target,True,True,19,-317.0589759667204,-18.45017559884073,7,11,0,0,7,0.5899619370715328,2.0791829552942542,0.0,0.0,1.1639796403622402,0.4662178999940865,0.5879198364748355,1.540200389381533,0.4944078010470547,0,,False,crossing,14,1.0,True,0.0,P2-L2-CRP-FIX-09,L2,CRP,FIX
sac_3M,crossing,9.482643773590642,0.0080146128128119,139.80689517419827,port,,True,collision:target,True,True,18,-311.97978236378543,-13.242687117463047,7,8,0,0,7,0.582720194031212,0.9864066155226052,0.0,0.0,1.216779868927034,0.4620350635230449,0.5879198364748355,1.593354665956776,0.4648476120390893,0,,False,crossing,11,1.0,True,0.0,P2-L2-CRP-VAR-09,L2,CRP,VAR
sac_3M,crossing,9.482643773590642,1.584989062763991,117.80379604056152,port,,True,goal,False,False,58,28.44723354950547,-2.045832982337464,1,0,0,0,2,0.146343985547493,0.0,0.0,0.0,0.2936511675283051,0.6944763629544786,0.9985705958531996,2.012087968216492,1.4875944829386627,0,,False,crossing,14,1.0,True,0.0,P2-L2-CRP-FIX-10,L2,CRP,FIX
sac_3M,crossing,9.482643773590642,1.584989062763991,117.80379604056152,port,,True,goal,False,False,59,34.71296887358065,-1.3214302538773732,0,0,0,0,2,0.0,0.0,0.0,0.0,0.2936511675283051,0.7004180954403387,1.040838927288191,2.164382106453528,1.5330781571105945,0,,False,crossing,13,1.0,True,0.0,P2-L2-CRP-VAR-10,L2,CRP,VAR
sac_3M,crossing,9.482643773590642,1.7699560275226096,118.434101760771,port,,True,goal,False,False,56,28.632346412312344,-3.170875370596768,1,0,0,0,2,0.1794503463857352,0.0,0.0,0.0,0.5072435902194175,0.7308561917949119,0.9652848048792644,1.8924457586416912,1.502478544670721,0,,False,crossing,10,1.0,True,0.0,P2-L2-CRP-FIX-11,L2,CRP,FIX
sac_3M,crossing,9.482643773590642,1.7699560275226096,118.434101760771,port,,True,goal,False,False,57,44.639687505171366,-2.1238371950747066,0,0,0,0,2,0.0,0.0,0.0,0.0,0.4719638211277125,0.726612704947871,1.0168809612716234,2.084396717812301,1.57968042311154,0,,False,crossing,9,1.0,True,0.0,P2-L2-CRP-VAR-11,L2,CRP,VAR
sac_3M,crossing,9.482643773590642,0.2328217532950338,150.75835462508834,port,,True,collision:obstacle,True,False,22,-423.15064596665735,-86.27784789758373,15,12,0,0,15,12.36930769453367,0.9762423945477048,0.0,0.0,4.492749990362427,0.6791187727695639,0.9120747648756152,2.4868279480326927,1.609599778719906,0,,False,crossing,15,1.0,True,0.0,P2-L2-CRP-FIX-12,L2,CRP,FIX
sac_3M,crossing,9.482643773590642,0.2328217532950338,150.75835462508834,port,,True,collision:obstacle,True,False,21,-415.1313574229165,-87.88692765172817,15,12,0,0,15,12.36930769453367,1.0702077927929838,0.0,0.0,4.746961330991386,0.7087567675448897,0.9123416872773856,2.298213721326278,1.5167860215919773,0,,False,crossing,15,1.0,True,0.0,P2-L2-CRP-VAR-12,L2,CRP,VAR
sac_3M,crossing,9.482643773590642,2.2066768626080195,124.78005338689108,port,,True,goal,False,False,60,31.97667057782354,0.0,0,0,0,0,0,0.0,0.0,0.0,0.0,0.0,0.700107935905391,1.0316004345298389,2.646699210549043,1.394042493673833,0,,False,never,0,0.0,False,0.0,P2-L2-CRP-FIX-13,L2,CRP,FIX
sac_3M,crossing,9.482643773590642,2.2066768626080195,124.78005338689108,port,,True,goal,False,False,60,39.80430911159044,0.0,0,0,0,0,0,0.0,0.0,0.0,0.0,0.0,0.7039500842109536,1.0428640389970163,2.7784311758619373,1.4914565631741863,0,,False,never,0,0.0,False,0.0,P2-L2-CRP-VAR-13,L2,CRP,VAR
sac_3M,crossing,9.482643773590642,0.6530223495591747,162.55141456343944,port,,False,collision:obstacle,True,False,22,-402.1316277762777,-66.41286079804291,14,5,0,0,8,11.391347981996914,0.0835150938598587,0.0,0.0,2.1360641272337526,0.6525057094283172,0.8014238047858002,2.894426254979723,1.463473862264016,0,,False,crossing,14,1.0,True,0.0,P2-L2-CRP-FIX-14,L2,CRP,FIX
sac_3M,crossing,9.482643773590642,0.6530223495591747,162.55141456343944,port,,False,collision:obstacle,True,False,22,-400.6700898455597,-66.9305081872197,14,10,0,0,13,11.391347981996914,0.0937127806493208,0.0,0.0,2.2398794249157445,0.6542859862009781,0.7992976276063313,2.694504955734958,1.4594012470387678,0,,False,crossing,14,1.0,True,0.0,P2-L2-CRP-VAR-14,L2,CRP,VAR
sac_3M,crossing,9.482643773590642,0.3075360656807602,152.75783560588502,port,,False,collision:obstacle,True,False,21,-403.0199431204168,-76.2480139016895,13,11,0,0,13,10.912937917255798,0.8492663530504384,0.0,0.0,4.005578391927473,0.6899495890973275,0.8776310617910923,2.418076620981618,1.420939269175243,0,,False,crossing,13,1.0,True,0.0,P2-L2-CRP-FIX-15,L2,CRP,FIX
sac_3M,crossing,9.482643773590642,0.3075360656807602,152.75783560588502,port,,False,collision:obstacle,True,False,21,-401.74474220169947,-75.18172046535884,13,11,0,0,13,10.912937917255798,0.785600047736634,0.0,0.0,3.838657230810292,0.6888620078975018,0.8737847420945655,2.599035092787712,1.418309406328892,0,,False,crossing,13,1.0,True,0.0,P2-L2-CRP-VAR-15,L2,CRP,VAR
sac_3M,crossing,9.482643773590642,0.6696909918094665,143.59031409649148,port,,True,goal,False,False,57,11.805909811279191,-31.16448041447325,9,12,0,0,11,2.149988603446773,1.222647925734781,0.0,0.0,3.215539910005456,0.7446547590085765,0.998713381923636,1.2059727175138224,1.5162200408672406,0,,False,crossing,17,1.0,True,0.0,P2-L2-CRP-FIX-16,L2,CRP,FIX
sac_3M,crossing,9.482643773590642,0.6696909918094665,143.59031409649148,port,,True,goal,False,False,49,-13.280527452277964,-39.8874703777138,11,11,0,0,12,3.7224528001925967,1.3285348187383126,0.0,0.0,3.3077959253346205,0.8005509825879104,1.0573556588168396,1.026510670306445,0.7330706706680363,0,,False,crossing,19,1.0,True,0.0,P2-L2-CRP-VAR-16,L2,CRP,VAR
sac_3M,crossing,9.482643773590642,2.0153703313860207,105.77380822802895,port,,True,goal,False,False,55,22.913982772150437,-10.659096730183231,3,0,0,0,1,1.7632948806395632,0.0,0.0,0.0,0.4290637935594203,0.7712634671922362,1.0654276505245786,2.0429076386448357,1.5299201544641314,0,,False,crossing,11,1.0,True,0.0,P2-L2-CRP-FIX-17,L2,CRP,FIX
sac_3M,crossing,9.482643773590642,2.0153703313860207,105.77380822802895,port,,True,goal,False,False,55,43.49213856932195,-1.4518202643807991,0,0,0,0,2,0.0,0.0,0.0,0.0,0.3226267254179553,0.7490083816955446,1.03479045722868,2.4764006476940903,1.6051142898290571,0,,False,crossing,9,1.0,True,0.0,P2-L2-CRP-VAR-17,L2,CRP,VAR
sac_3M,crossing,9.482643773590642,2.4225156492130937,116.83299426273086,port,,True,goal,False,False,57,29.241311475547107,-0.895497498765969,0,0,0,0,1,0.0,0.0,0.0,0.0,0.1989994441702153,0.7451578341182215,1.0518346798174536,2.4242558189081653,1.471918748476398,0,,False,crossing,10,1.0,True,0.0,P2-L2-CRP-FIX-18,L2,CRP,FIX
sac_3M,crossing,9.482643773590642,2.4225156492130937,116.83299426273086,port,,True,goal,False,False,56,17.614853645269577,-0.895497498765969,0,0,0,0,1,0.0,0.0,0.0,0.0,0.1989994441702153,0.748895306871382,1.042110076272942,2.34200892122794,1.3654558975430544,0,,False,crossing,11,1.0,True,0.0,P2-L2-CRP-VAR-18,L2,CRP,VAR
sac_3M,crossing,9.482643773590642,1.2011283461133182,77.67874912295487,port,,True,goal,False,False,55,12.619920945508923,-13.018160112560372,4,0,0,0,3,1.8809574036466636,0.0,0.0,0.0,0.8238713254465302,0.7359212293449426,1.0360637450710362,1.6780358337837675,1.6677107364708044,0,,False,crossing,15,1.0,True,0.0,P2-L2-CRP-FIX-19,L2,CRP,FIX
sac_3M,crossing,9.482643773590642,1.2011283461133182,77.67874912295487,port,,True,goal,False,False,58,20.82425313551764,-6.957891006965898,2,0,0,0,3,0.6770111299841732,0.0,0.0,0.0,0.8014857585653868,0.7063348778699874,0.99199999006978,2.0235505167493573,1.6263347824951715,0,,False,crossing,11,1.0,True,0.0,P2-L2-CRP-VAR-19,L2,CRP,VAR
sac_3M,crossing,9.482643773590642,0.5716055181238291,153.95820151665663,port,,False,collision:obstacle,True,False,21,-392.1414789097404,-61.851822648864186,13,7,0,0,8,10.215253117984556,0.3139167871901182,0.0,0.0,2.1627625818332312,0.6931034617329598,0.8667452268363577,2.8452417555899823,1.4670997303633115,0,,False,crossing,13,1.0,True,0.0,P2-L2-CRP-FIX-20,L2,CRP,FIX
sac_3M,crossing,9.482643773590642,0.5716055181238291,153.95820151665663,port,,False,collision:obstacle,True,False,21,-392.33572454771945,-63.1413789108945,13,11,0,0,12,10.215253117984556,0.3740711073067595,0.0,0.0,2.383160887933885,0.6959319892622557,0.8638433118517632,2.561287283421251,1.4565549386242826,0,,False,crossing,13,1.0,True,0.0,P2-L2-CRP-VAR-20,L2,CRP,VAR
sac_3M,crossing,9.482643773590642,0.93660154156376,255.25911406301756,starboard,,True,collision:obstacle,True,False,23,-333.84747710034634,-2.569878235728916,0,0,0,0,3,0.0,0.0,0.0,0.0,0.5710840523842035,0.664003159479842,0.9468990137001636,2.012992145445042,1.5090694631793873,0,,False,crossing,13,0.0,False,0.0,P2-L2-CRS-FIX-01,L2,CRS,FIX
sac_3M,crossing,9.482643773590642,0.93660154156376,255.25911406301756,starboard,,True,collision:obstacle,True,False,23,-332.9582041155647,-2.569878235728916,0,0,0,0,3,0.0,0.0,0.0,0.0,0.5710840523842035,0.6661203004680842,0.9520282829179908,1.8915285231330536,1.5278827390247331,0,,False,crossing,13,0.0,False,0.0,P2-L2-CRS-VAR-01,L2,CRS,VAR
sac_3M,crossing,9.482643773590642,0.115253425471489,236.4337259252544,starboard,,False,collision:obstacle,True,False,25,-343.9682199773502,-8.301705784239628,0,3,0,0,4,0.0,0.5410243104470102,0.0,0.0,1.2496967661170952,0.5671712356502477,0.7143671222486457,0.8126811013875435,1.202634413118865,0,,False,crossing,13,0.0,False,0.0,P2-L2-CRS-FIX-02,L2,CRS,FIX
sac_3M,crossing,9.482643773590642,0.115253425471489,236.4337259252544,starboard,,False,collision:target,True,True,15,-309.9366316220444,-8.307325479603405,0,3,0,0,4,0.0,0.542159602439692,0.0,0.0,1.2496967661170952,0.5262875429923934,0.6663125825997515,0.8511145719147926,0.4084096562194135,0,,False,crossing,13,0.0,False,0.0,P2-L2-CRS-VAR-02,L2,CRS,VAR
sac_3M,crossing,9.482643773590642,2.064016183904765,261.9308630367032,starboard,,True,goal,False,False,48,0.4326752345250924,-7.9803954977190035,2,6,0,0,5,0.4095562668658455,0.4825224096852594,0.0,0.0,0.7921346775091187,0.8292136284076855,0.998178104398293,2.7882831895061675,1.334586453479964,0,,False,crossing,9,0.0,False,0.0,P2-L2-CRS-FIX-03,L2,CRS,FIX
sac_3M,crossing,9.482643773590642,2.064016183904765,261.9308630367032,starboard,,True,goal,False,False,50,4.850688195863526,-7.853695056301494,2,6,0,0,5,0.4095562668658455,0.4664863485493431,0.0,0.0,0.781618691110291,0.8342793470748012,1.0270505295549297,2.9837176852189486,1.4334968054403217,0,,False,crossing,9,0.0,False,0.0,P2-L2-CRS-VAR-03,L2,CRS,VAR
sac_3M,crossing,9.482643773590642,0.6603378256664905,287.17672466711895,starboard,,True,collision:obstacle,True,False,31,-354.3302324059138,-9.679430812517076,1,2,0,0,4,0.0046599686973106,1.099831379572529,0.0,0.0,0.9360441419069708,0.4679297424747308,0.6261811721759356,2.3291297543460203,0.9813418125975398,0,,False,crossing,19,0.0,False,0.0,P2-L2-CRS-FIX-04,L2,CRS,FIX
sac_3M,crossing,9.482643773590642,0.6603378256664905,287.17672466711895,starboard,,True,collision:obstacle,True,False,29,-344.4576674315657,-11.507118010966224,2,2,0,0,4,0.3738897057577448,1.099831379572529,0.0,0.0,0.9360441419069708,0.5030419088909808,0.7554587629232661,2.1348240451730853,0.8758368559814189,0,,False,crossing,20,0.0,False,0.0,P2-L2-CRS-VAR-04,L2,CRS,VAR
sac_3M,crossing,9.482643773590642,1.895847915037334,250.69851662276943,starboard,,True,goal,False,False,52,-26.782978776892065,-28.74429985584628,5,8,0,0,8,2.647383063183407,1.1309631785558885,0.0,0.0,2.231441324274837,0.7973332462479004,0.9726654916087388,2.7923038173433787,1.86884879651473,0,,False,crossing,8,0.0,False,0.0,P2-L2-CRS-FIX-05,L2,CRS,FIX
sac_3M,crossing,9.482643773590642,1.895847915037334,250.69851662276943,starboard,,True,goal,False,False,51,-33.49097959921559,-28.74429985584628,5,8,0,0,8,2.647383063183407,1.1309631785558885,0.0,0.0,2.231441324274837,0.8103500858151159,0.9586004890031228,2.791840837402708,1.811418581830159,0,,False,crossing,8,0.0,False,0.0,P2-L2-CRS-VAR-05,L2,CRS,VAR
sac_3M,crossing,9.482643773590642,0.2443806166534959,286.6765358165144,starboard,,True,collision:obstacle,True,False,31,-340.0202638380079,-4.168130991423718,0,1,0,0,3,0.0,0.4382313962616765,0.0,0.0,0.4441967955396485,0.4479057174122037,0.7017965951565812,2.127045290710905,0.7578386451689486,0,,False,crossing,19,0.0,False,0.0,P2-L2-CRS-FIX-06,L2,CRS,FIX
sac_3M,crossing,9.482643773590642,0.2443806166534959,286.6765358165144,starboard,,True,collision:obstacle,True,False,31,-344.6704938760415,-4.168130991423718,0,1,0,0,3,0.0,0.4382313962616765,0.0,0.0,0.4441967955396485,0.448913792304326,0.6206630060562408,2.330299988015504,0.837459715097058,0,,False,crossing,17,0.0,False,0.0,P2-L2-CRS-VAR-06,L2,CRS,VAR
sac_3M,crossing,9.482643773590642,1.7255887378642087,280.9261905791418,starboard,,False,goal,False,False,45,-12.155085222434025,-8.810493408296413,6,7,0,0,4,1.1328459030044546,0.36988753005612,0.0,0.0,0.3048806476992379,0.8744760282355334,1.0123160982930866,2.8522531620413645,0.520569448078414,0,,False,crossing,10,0.0,False,0.0,P2-L2-CRS-FIX-07,L2,CRS,FIX
sac_3M,crossing,9.482643773590642,1.7255887378642087,280.9261905791418,starboard,,False,collision:obstacle,True,False,32,-381.79857058054415,-8.303334854903518,6,6,0,0,4,1.1326448089379804,0.2919004178532008,0.0,0.0,0.2781857738415934,0.8733004523033785,0.986617976072678,3.0139389261641902,0.3456876813549102,0,,False,crossing,9,0.0,False,0.0,P2-L2-CRS-VAR-07,L2,CRS,VAR
sac_3M,crossing,9.482643773590642,0.8326900449382962,255.5943827769254,starboard,,True,goal,False,False,57,-1.1618486214557322,-5.914873732632225,2,0,0,0,4,0.1220895175518353,0.0,0.0,0.0,1.1801179157223645,0.6878950336373404,1.021020969816887,1.6337241584600604,0.7823549816291772,0,,False,crossing,13,0.0,False,0.0,P2-L2-CRS-FIX-08,L2,CRS,FIX
sac_3M,crossing,9.482643773590642,0.8326900449382962,255.5943827769254,starboard,,True,goal,False,False,59,-6.810675726865313,-5.914873732632225,2,0,0,0,4,0.1220895175518353,0.0,0.0,0.0,1.1801179157223645,0.6723757498138571,1.0356177949222771,1.506343983831316,0.8065971596820966,0,,False,crossing,14,0.0,False,0.0,P2-L2-CRS-VAR-08,L2,CRS,VAR
sac_3M,crossing,9.482643773590642,0.2411870562391443,266.0954170742042,starboard,,False,collision:target,True,True,14,-308.86049440972744,-5.828370082958597,0,1,0,0,3,0.0,0.0403893592114559,0.0,0.0,1.2507650566359754,0.4935747386058936,0.6241162528013418,1.3124003790836136,0.2283578414001167,0,,False,crossing,12,0.0,False,0.0,P2-L2-CRS-FIX-09,L2,CRS,FIX
sac_3M,crossing,9.482643773590642,0.2411870562391443,266.0954170742042,starboard,,False,collision:target,True,True,14,-309.6142808391723,-5.62844275486189,0,0,0,0,3,0.0,0.0,0.0,0.0,1.2507650566359754,0.492163180318495,0.6241162528013418,1.3360217090863171,0.2271557845276912,0,,False,crossing,12,0.0,False,0.0,P2-L2-CRS-VAR-09,L2,CRS,VAR
sac_3M,crossing,9.482643773590642,2.386502731261455,291.6263315671504,starboard,,True,goal,False,False,56,-31.20591843893766,0.0,0,0,0,0,0,0.0,0.0,0.0,0.0,0.0,0.7558132447105279,0.9394971682679027,3.020519714742315,1.9025123506479935,0,,False,crossing,10,0.0,False,0.0,P2-L2-CRS-FIX-10,L2,CRS,FIX
sac_3M,crossing,9.482643773590642,2.386502731261455,291.6263315671504,starboard,,True,goal,False,False,62,-58.214444062976725,0.0,0,0,0,0,0,0.0,0.0,0.0,0.0,0.0,0.7670518019881573,0.9871963723700806,3.0246129383375533,2.1329389419553424,0,,False,crossing,10,0.0,False,0.0,P2-L2-CRS-VAR-10,L2,CRS,VAR
sac_3M,crossing,9.482643773590642,2.0181951116031684,290.6121903338544,starboard,,True,collision:boundary,True,False,28,-375.4984925990117,-0.8534129893273912,0,0,0,0,2,0.0,0.0,0.0,0.0,0.1896473309616425,0.7297416399622608,0.9446594678956972,2.919947500954508,2.3291076651855187,0,,False,crossing,10,0.0,False,0.0,P2-L2-CRS-FIX-11,L2,CRS,FIX
sac_3M,crossing,9.482643773590642,2.0181951116031684,290.6121903338544,starboard,,True,collision:boundary,True,False,28,-374.5640922245559,-0.8534129893273912,0,0,0,0,2,0.0,0.0,0.0,0.0,0.1896473309616425,0.7294971566525966,0.9446597917898965,2.919947500954508,2.329243762035311,0,,False,crossing,10,0.0,False,0.0,P2-L2-CRS-VAR-11,L2,CRS,VAR
sac_3M,crossing,9.482643773590642,0.8707799569340977,216.7512187217345,starboard,,False,collision:target,True,True,12,-302.2069695358642,-7.268156954574381,0,1,0,0,5,0.0,0.0406107686253657,0.0,0.0,1.570474144417516,0.5497262958534733,0.6278521557028162,1.883815668500743,0.3262035325940758,0,,False,crossing,10,0.0,False,0.0,P2-L2-CRS-FIX-12,L2,CRS,FIX
sac_3M,crossing,9.482643773590642,0.8707799569340977,216.7512187217345,starboard,,False,collision:target,True,True,11,-300.31575161839214,-7.0384126267859,0,0,0,0,5,0.0,0.0,0.0,0.0,1.5640916948413113,0.5766562538617174,0.6278521557028162,1.8855560370312123,0.2910648810837021,0,,False,crossing,9,0.0,False,0.0,P2-L2-CRS-VAR-12,L2,CRS,VAR
sac_3M,crossing,9.482643773590642,1.839876048768656,261.4673614670638,starboard,,True,goal,False,False,51,4.022584425298632,-15.326704222573484,6,6,0,0,6,1.4484218412381802,0.6126331081746272,0.0,0.0,1.1387738273289076,0.7867254328920067,0.9532172620584356,2.865191832065221,1.3009008113255016,0,,False,crossing,9,0.0,False,0.0,P2-L2-CRS-FIX-13,L2,CRS,FIX
sac_3M,crossing,9.482643773590642,1.839876048768656,261.4673614670638,starboard,,True,goal,False,False,48,-11.932635345649786,-16.21171055022065,6,10,0,0,7,1.4484531848365354,0.6907374102351703,0.0,0.0,1.249492689914602,0.8242858215357588,0.9871724699569048,2.5886142499156595,1.2801185330064162,0,,False,crossing,10,0.0,False,0.0,P2-L2-CRS-VAR-13,L2,CRS,VAR
sac_3M,crossing,9.482643773590642,0.3759995062619714,236.7647439510479,starboard,,True,collision:obstacle,True,False,25,-339.6673305388685,-5.856205906913198,0,1,0,0,3,0.0,0.1465551793020287,0.0,0.0,1.1401683931929236,0.636483250351074,0.8689896604730236,1.738606081972311,1.771226238502842,0,,False,crossing,12,0.0,False,0.0,P2-L2-CRS-FIX-14,L2,CRS,FIX
sac_3M,crossing,9.482643773590642,0.3759995062619714,236.7647439510479,starboard,,True,collision:obstacle,True,False,25,-338.9388910728804,-5.856205906913198,0,1,0,0,3,0.0,0.1465551793020287,0.0,0.0,1.1401683931929236,0.6357164272620937,0.8647741326787836,1.7535698899937229,1.7624922638466631,0,,False,crossing,12,0.0,False,0.0,P2-L2-CRS-VAR-14,L2,CRS,VAR
sac_3M,crossing,9.482643773590642,2.39796207291132,284.8826276243166,starboard,,True,goal,False,False,47,-6.858845822038489,-21.09067997686819,5,8,0,0,5,2.762178102559368,0.8323968007836615,0.0,0.0,0.732785378960043,0.8406543883164967,0.9884011780039084,3.185926898751548,0.6193941227297153,0,,False,crossing,9,0.0,False,0.0,P2-L2-CRS-FIX-15,L2,CRS,FIX
sac_3M,crossing,9.482643773590642,2.39796207291132,284.8826276243166,starboard,,True,goal,False,False,50,-22.1445956661302,-22.37012504124951,5,8,0,0,5,2.762178102559368,0.9373738410602828,0.0,0.0,0.9016317600738304,0.8379866486049015,0.967385365238241,3.007040166764455,1.459480716063711,0,,False,crossing,9,0.0,False,0.0,P2-L2-CRS-VAR-15,L2,CRS,VAR
sac_3M,crossing,9.482643773590642,0.6841363693785383,242.4187011577312,starboard,,True,goal,False,False,64,9.849071802708876,-3.427074013575406,2,0,0,0,1,0.3608441628475389,0.0,0.0,0.0,0.3646434238844641,0.654042328980029,0.901193210774042,1.8069241873076496,1.358789636364182,0,,False,crossing,14,0.0,False,0.0,P2-L2-CRS-FIX-16,L2,CRS,FIX
sac_3M,crossing,9.482643773590642,0.6841363693785383,242.4187011577312,starboard,,True,goal,False,False,61,12.82378206236119,-1.6408954074800886,0,0,0,0,1,0.0,0.0,0.0,0.0,0.3646434238844641,0.6494500050600198,0.938474021409347,1.779302838488159,0.8806058816436507,0,,False,crossing,11,0.0,False,0.0,P2-L2-CRS-VAR-16,L2,CRS,VAR
sac_3M,crossing,9.482643773590642,1.9722718354938065,290.96022255326903,starboard,,True,collision:boundary,True,False,33,-408.8264450633453,-0.366521167596684,0,0,0,0,1,0.0,0.0,0.0,0.0,0.0814491483548186,0.6896230303830475,0.9292956969425528,2.930880864026999,2.1394806518926925,0,,False,crossing,14,0.0,False,0.0,P2-L2-CRS-FIX-17,L2,CRS,FIX
sac_3M,crossing,9.482643773590642,1.9722718354938065,290.96022255326903,starboard,,True,collision:obstacle,True,False,25,-328.171272367823,-0.366521167596684,0,0,0,0,1,0.0,0.0,0.0,0.0,0.0814491483548186,0.6161283858468452,0.8143679324959959,3.195961384279207,1.2411004109026005,0,,False,crossing,13,0.0,False,0.0,P2-L2-CRS-VAR-17,L2,CRS,VAR
sac_3M,crossing,9.482643773590642,0.8829647715552056,291.72882432592144,starboard,,True,collision:obstacle,True,False,29,-344.99806084467207,-6.200315855639407,2,0,0,0,2,0.5348737017658098,0.0,0.0,0.0,0.7894868959774773,0.4751213619069396,0.6759526355029587,2.270930319490856,0.8241033250670883,0,,False,crossing,15,0.0,False,0.0,P2-L2-CRS-FIX-18,L2,CRS,FIX
sac_3M,crossing,9.482643773590642,0.8829647715552056,291.72882432592144,starboard,,True,collision:obstacle,True,False,27,-337.02921560594274,-6.200132553373733,2,0,0,0,2,0.5348700611329529,0.0,0.0,0.0,0.7894501668368032,0.5081701409899216,0.6759526355029587,1.599918574692203,0.7983444296319941,0,,False,crossing,11,0.0,False,0.0,P2-L2-CRS-VAR-18,L2,CRS,VAR
sac_3M,crossing,9.482643773590642,2.4146628912605834,288.48910521730534,starboard,,True,goal,False,False,51,-49.04317750682206,-1.6314391532125825,0,0,0,0,2,0.0,0.0,0.0,0.0,0.3625420340472406,0.8439312748313859,1.0378179953556164,2.947811693438122,2.056666360187637,0,,False,crossing,12,0.0,False,0.0,P2-L2-CRS-FIX-19,L2,CRS,FIX
sac_3M,crossing,9.482643773590642,2.4146628912605834,288.48910521730534,starboard,,True,collision:boundary,True,False,29,-399.6425227642216,-1.6314391532125825,0,0,0,0,2,0.0,0.0,0.0,0.0,0.3625420340472406,0.7982991872815317,0.9881185032313244,3.1083222571627616,2.3976244806503284,0,,False,crossing,11,0.0,False,0.0,P2-L2-CRS-VAR-19,L2,CRS,VAR
sac_3M,crossing,9.482643773590642,1.513946669712818,218.87483562415656,starboard,,False,goal,False,False,51,-20.72753619470845,-49.316390053455045,9,6,0,0,12,6.517626684868297,0.6168192633841588,0.0,0.0,3.1113072465789737,0.7939691891838991,1.0177088363218711,2.102266012339169,1.6167324716755906,0,,False,crossing,12,0.0,False,0.0,P2-L2-CRS-FIX-20,L2,CRS,FIX
sac_3M,crossing,9.482643773590642,1.513946669712818,218.87483562415656,starboard,,False,goal,False,False,52,-15.606153899950089,-47.1302305225848,9,6,0,0,12,6.515284104789778,0.5216255143990427,0.0,0.0,2.7327839794666966,0.7904003580787881,1.0317477609413088,2.357108392440304,1.647219870270517,0,,False,crossing,12,0.0,False,0.0,P2-L2-CRS-VAR-20,L2,CRS,VAR
sac_3M,crossing,9.482643773590642,0.0678096852201992,111.2608064417906,port,,False,collision:target,True,True,15,-354.7875278433458,-57.54035302303886,9,7,0,0,13,4.023489547793281,1.7611820787040282,0.0,0.0,6.423606327083819,0.4814926908138022,0.585135641505089,1.6187830266251142,0.2279968038317721,0,,False,crossing,13,1.0,True,0.0,P2-L3-CRP-FIX-01,L3,CRP,FIX
sac_3M,crossing,9.482643773590642,0.0678096852201992,111.2608064417906,port,,False,collision:target,True,True,14,-351.778221483667,-56.13200072077115,9,6,0,0,12,4.0232129018843805,1.44728585593624,0.0,0.0,6.456229304346463,0.4992867889690475,0.585135641505089,1.5950172165326135,0.2209730612822939,0,,False,crossing,12,1.0,True,0.0,P2-L3-CRP-VAR-01,L3,CRP,VAR
sac_3M,crossing,9.482643773590642,1.4293644322360768,161.09201884161047,port,,True,goal,False,False,48,-88.24935928379409,-40.179032010997055,14,1,0,0,4,7.660284673827314,0.0079301783235315,0.0,0.0,0.4936374428556361,0.846339647192501,1.0560063949199554,3.6893561746410826,2.27962991598071,0,,False,crossing,14,1.0,True,0.0,P2-L3-CRP-FIX-02,L3,CRP,FIX
sac_3M,crossing,9.482643773590642,1.4293644322360768,161.09201884161047,port,,True,goal,False,False,48,-80.58892301447317,-40.17898335235567,14,1,0,0,4,7.660274843798749,0.0079301783235315,0.0,0.0,0.4936374428556361,0.8607280564418511,1.0602026722483264,3.6540607112574377,2.322782519370987,0,,False,crossing,14,1.0,True,0.0,P2-L3-CRP-VAR-02,L3,CRP,VAR
sac_3M,crossing,9.482643773590642,0.3075129052718106,156.50049430572818,port,,False,goal,False,False,47,-99.70959444621502,-70.20710897286929,12,9,0,0,12,10.230575491819764,0.5540969896303577,0.0,0.0,3.738440042153597,0.8716833072356351,1.049880467600257,2.281445536875065,2.481604939890142,0,,False,crossing,12,1.0,True,0.0,P2-L3-CRP-FIX-03,L3,CRP,FIX
sac_3M,crossing,9.482643773590642,0.3075129052718106,156.50049430572818,port,,False,goal,False,False,47,-97.43398231471797,-69.69437148138677,13,10,0,0,13,10.80560845233736,0.3789882984024283,0.0,0.0,3.184581681161069,0.8773765093821787,1.051659379566535,2.6001827652508305,2.4343464307581786,0,,False,crossing,13,1.0,True,0.0,P2-L3-CRP-VAR-03,L3,CRP,VAR
sac_3M,crossing,9.482643773590642,1.0429966961837462,92.25705738318476,port,,False,collision:target,True,True,18,-328.234595920236,-17.464999153316544,2,6,0,0,6,0.2166991679954295,2.17297578846214,0.0,0.0,1.2524684708559055,0.413567308386954,0.5482216034460288,1.547849412401291,0.1159025455093202,0,,False,crossing,14,1.0,True,0.0,P2-L3-CRP-FIX-04,L3,CRP,FIX
sac_3M,crossing,9.482643773590642,1.0429966961837462,92.25705738318476,port,,False,collision:target,True,True,19,-330.20639054277035,-19.50241516748812,4,6,0,0,6,0.64314062839196,2.158133522847746,0.0,0.0,1.2524684708559055,0.4093626444983868,0.5482216034460288,1.5466227184502424,0.1409579311297318,0,,False,crossing,16,1.0,True,0.0,P2-L3-CRP-VAR-04,L3,CRP,VAR
sac_3M,crossing,9.482643773590642,2.0758690264960427,73.14715905368574,port,,True,goal,False,False,47,-54.24301753392545,-23.99559814954275,8,6,0,0,6,3.4863294523700805,0.5517307357593828,0.0,0.0,0.8904889374004233,0.8783732769337583,1.0186893819077976,3.553675009113542,2.5132633280606727,0,,False,crossing,8,1.0,True,0.0,P2-L3-CRP-FIX-05,L3,CRP,FIX
sac_3M,crossing,9.482643773590642,2.0758690264960427,73.14715905368574,port,,True,goal,False,False,47,-61.56771057151448,-23.99559814954275,8,6,0,0,6,3.4863294523700805,0.5517307357593828,0.0,0.0,0.8904889374004233,0.8811781968363769,1.0249617105316626,3.553675009113542,2.5389129149478604,0,,False,crossing,8,1.0,True,0.0,P2-L3-CRP-VAR-05,L3,CRP,VAR
sac_3M,crossing,9.482643773590642,0.1683357141084387,150.63698273454762,port,,False,goal,False,False,47,-104.81104939522452,-68.15123817837014,12,8,0,0,12,10.051245691065828,0.3912957318151492,0.0,0.0,3.657924030024292,0.8784739990963586,1.072880114146102,2.4305531266876934,2.455820643346178,0,,False,crossing,12,1.0,True,0.0,P2-L3-CRP-FIX-06,L3,CRP,FIX
sac_3M,crossing,9.482643773590642,0.1683357141084387,150.63698273454762,port,,False,goal,False,False,47,-111.4369588617154,-67.92812922231334,12,8,0,0,12,10.051245691065828,0.3816640673984349,0.0,0.0,3.618939092870057,0.8743410775960322,1.0726080794308428,2.517520501072413,2.3792615064324747,0,,False,crossing,12,1.0,True,0.0,P2-L3-CRP-VAR-06,L3,CRP,VAR
sac_3M,crossing,9.482643773590642,0.9914032953176644,100.93019981978732,port,,False,collision:obstacle,True,False,15,-376.397507458095,-51.550263645816784,8,9,0,0,9,3.612709962794876,2.963329229977798,0.0,0.0,4.221971031464901,0.6692501622020167,0.8664232041212802,2.113471256073032,0.4182017667586373,0,,False,crossing,9,1.0,True,0.0,P2-L3-CRP-FIX-07,L3,CRP,FIX
sac_3M,crossing,9.482643773590642,0.9914032953176644,100.93019981978732,port,,False,collision:obstacle,True,False,15,-376.6407553718791,-51.860282151293234,8,9,0,0,9,3.612709962794876,2.998021748607125,0.0,0.0,4.252702262189629,0.6692202411271947,0.8681098525856487,2.0117395262727227,0.4184664285938528,0,,False,crossing,9,1.0,True,0.0,P2-L3-CRP-VAR-07,L3,CRP,VAR
sac_3M,crossing,9.482643773590642,0.6867168498841334,151.60978752321057,port,,False,goal,False,False,47,-73.27049875916805,-51.70880705172599,13,5,0,0,6,8.801360724403189,0.2170614828822363,0.0,0.0,1.5705815834806984,0.8728114441548016,1.0887171171354313,2.921629189728897,2.465494312377806,0,,False,crossing,13,1.0,True,0.0,P2-L3-CRP-FIX-08,L3,CRP,FIX
sac_3M,crossing,9.482643773590642,0.6867168498841334,151.60978752321057,port,,False,goal,False,False,47,-72.86829719818255,-51.70889875590042,13,5,0,0,6,8.801379250499032,0.2170614828822363,0.0,0.0,1.5705815834806984,0.8718321576146467,1.0813692682226812,2.8507047654312494,2.4680785265924574,0,,False,crossing,13,1.0,True,0.0,P2-L3-CRP-VAR-08,L3,CRP,VAR
sac_3M,crossing,9.482643773590642,1.3026131785114248,126.77597024688272,port,,False,goal,False,False,54,-75.04993021827775,-44.760318014381575,8,7,0,0,7,5.958705939808177,1.0829792797265447,0.0,0.0,2.200883595041044,0.7694947369441353,0.98129710193009,3.1023405082831954,2.3624350485961254,0,,False,crossing,8,1.0,True,0.0,P2-L3-CRP-FIX-09,L3,CRP,FIX
sac_3M,crossing,9.482643773590642,1.3026131785114248,126.77597024688272,port,,False,goal,False,False,53,-77.14900260354598,-44.760318014381575,8,7,0,0,7,5.958705939808177,1.0829792797265447,0.0,0.0,2.200883595041044,0.7786665270170382,0.9915197657844868,3.151823546581929,2.3976871351530447,0,,False,crossing,8,1.0,True,0.0,P2-L3-CRP-VAR-09,L3,CRP,VAR
sac_3M,crossing,9.482643773590642,1.2627308817855074,104.06358042640905,port,,True,goal,False,False,54,20.776072063712647,-15.294732479449294,6,0,0,0,2,2.5701730712753736,0.0,0.0,0.0,0.5716390614747096,0.7337806883832857,0.9898850284816204,1.9141365017918692,0.8638558221666955,0,,False,crossing,16,1.0,True,0.0,P2-L3-CRP-FIX-10,L3,CRP,FIX
sac_3M,crossing,9.482643773590642,1.2627308817855074,104.06358042640905,port,,True,goal,False,False,53,15.830650740259586,-17.504418669221728,7,0,0,0,2,3.016574321734451,0.0,0.0,0.0,0.5716390614747096,0.7461023525120513,1.018725557818783,1.740655310552932,0.910021317975609,0,,False,crossing,17,1.0,True,0.0,P2-L3-CRP-VAR-10,L3,CRP,VAR
sac_3M,crossing,9.482643773590642,0.5215350656481368,83.05378402824527,port,,False,goal,False,False,56,32.289131703677015,-11.198562451061791,4,0,0,0,6,0.3191604815617277,0.0,0.0,0.0,2.1374929038513866,0.7188960368616016,1.03451146050017,1.6807739193958515,1.1417436750111436,0,,False,crossing,16,1.0,True,0.0,P2-L3-CRP-FIX-11,L3,CRP,FIX
sac_3M,crossing,9.482643773590642,0.5215350656481368,83.05378402824527,port,,False,goal,False,False,55,26.819606041528743,-10.5531034129509,3,0,0,0,6,0.1887647162868003,0.0,0.0,0.0,2.1374929038513866,0.7330020113602471,1.0421839464760023,1.7898473542996731,1.077343123686846,0,,False,crossing,14,1.0,True,0.0,P2-L3-CRP-VAR-11,L3,CRP,VAR
sac_3M,crossing,9.482643773590642,0.0430389048554377,87.42749548395923,port,,False,collision:target,True,True,15,-319.3649721934783,-11.182450850797268,0,2,0,0,4,0.0,1.0722188098578376,0.0,0.0,1.3055483871113271,0.4469811654686755,0.5557906937819606,1.3188091756838096,0.1459629570814475,0,,False,crossing,12,1.0,True,0.0,P2-L3-CRP-FIX-12,L3,CRP,FIX
sac_3M,crossing,9.482643773590642,0.0430389048554377,87.42749548395923,port,,False,collision:target,True,True,15,-320.0825258229092,-10.276018125647004,0,2,0,0,4,0.0,0.889101087605259,0.0,0.0,1.3055483871113271,0.4501351443479533,0.5557906937819606,1.3435598106642932,0.1585287681280847,0,,False,crossing,12,1.0,True,0.0,P2-L3-CRP-VAR-12,L3,CRP,VAR
sac_3M,crossing,9.482643773590642,1.524181868543142,167.829730551537,port,,True,goal,False,False,47,-74.92965443412935,-38.499133258212666,11,0,0,0,2,7.284751448086955,0.0,0.0,0.0,0.5421363533738306,0.8736871035355805,1.0639121643940768,3.2958106875335025,2.4303673503967524,0,,False,crossing,11,1.0,True,0.0,P2-L3-CRP-FIX-13,L3,CRP,FIX
sac_3M,crossing,9.482643773590642,1.524181868543142,167.829730551537,port,,True,goal,False,False,48,-70.43953433731542,-38.53705817069319,11,0,0,0,2,7.292413046567867,0.0,0.0,0.0,0.5421363533738306,0.8614600012135781,1.0728327666848516,3.489353720642088,2.4347974813973514,0,,False,crossing,11,1.0,True,0.0,P2-L3-CRP-VAR-13,L3,CRP,VAR
sac_3M,crossing,9.482643773590642,2.309669714022057,109.49470251959684,port,,True,goal,False,False,55,-14.22323014233109,-20.59325429462936,8,0,0,0,3,3.705711727107068,0.0,0.0,0.0,0.4999958323220831,0.7237476893323519,1.037326232952515,2.89028365952065,0.7580119912505401,0,,False,crossing,19,1.0,True,0.0,P2-L3-CRP-FIX-14,L3,CRP,FIX
sac_3M,crossing,9.482643773590642,2.309669714022057,109.49470251959684,port,,True,goal,False,False,54,-11.630979698676285,-13.561024256467334,6,0,0,0,4,2.056893186000811,0.0,0.0,0.0,0.7509784412807377,0.7378317612825043,1.0307322298307535,2.3668365871542965,0.7432681307620166,0,,False,crossing,7,0.8571428571428571,True,0.0,P2-L3-CRP-VAR-14,L3,CRP,VAR
sac_3M,crossing,9.482643773590642,1.006135216376819,103.94794586089404,port,,True,goal,False,False,54,11.237718932335795,-16.2227579806354,6,0,0,0,7,2.0982657582310287,0.0,0.0,0.0,1.2969649949759574,0.7420450955267633,1.0253414350675751,1.4597979368725,0.9140938995838122,0,,False,crossing,15,1.0,True,0.0,P2-L3-CRP-FIX-15,L3,CRP,FIX
sac_3M,crossing,9.482643773590642,1.006135216376819,103.94794586089404,port,,True,goal,False,False,55,14.094234831925364,-16.222551734127,6,0,0,0,7,2.0982657582310287,0.0,0.0,0.0,1.2969191624185343,0.7387405997357681,1.0356963950936973,1.2300752468352596,0.9724249873669162,0,,False,crossing,15,1.0,True,0.0,P2-L3-CRP-VAR-15,L3,CRP,VAR
sac_3M,crossing,9.482643773590642,0.3817656679468098,82.77945703865247,port,,False,collision:target,True,True,13,-320.6551581554036,-14.21387350058543,0,4,0,0,5,0.0,1.265213933232293,0.0,0.0,1.766903229130129,0.4496359501057635,0.5451344807901577,1.4175946585382115,0.1690832931844982,0,,False,crossing,11,1.0,True,0.0,P2-L3-CRP-FIX-16,L3,CRP,FIX
sac_3M,crossing,9.482643773590642,0.3817656679468098,82.77945703865247,port,,False,collision:target,True,True,13,-324.21380817807324,-16.897194207244844,0,4,0,0,5,0.0,1.8142392155352591,0.0,0.0,1.7592689089656248,0.4448351819277057,0.5451344807901577,1.3501449580485192,0.166753479375689,0,,False,crossing,11,1.0,True,0.0,P2-L3-CRP-VAR-16,L3,CRP,VAR
sac_3M,crossing,9.482643773590642,0.7703159418092622,104.80422117867428,port,,False,collision:obstacle,True,False,16,-390.5596221435612,-59.83936467768356,8,9,0,0,10,4.651697006567147,2.841676775486298,0.0,0.0,5.076717606772252,0.6853151206794569,0.8418764174935132,2.118986574073736,0.548039104843224,0,,False,crossing,10,1.0,True,0.0,P2-L3-CRP-FIX-17,L3,CRP,FIX
sac_3M,crossing,9.482643773590642,0.7703159418092622,104.80422117867428,port,,False,collision:obstacle,True,False,16,-390.0504619194345,-59.65346857707992,8,9,0,0,10,4.651697006567147,2.8238547669134704,0.0,0.0,5.053977631655337,0.6833217969284258,0.8316947968194913,2.236343999836957,0.5447916193934806,0,,False,crossing,10,1.0,True,0.0,P2-L3-CRP-VAR-17,L3,CRP,VAR
sac_3M,crossing,9.482643773590642,0.6189850254128593,106.43047323159416,port,,True,goal,False,False,55,9.826344385775895,-21.215986394702117,6,2,0,0,3,2.568933545552803,0.6866848511485794,0.0,0.0,1.1334834068956157,0.7326887070124538,1.0438671975512004,1.3731819283632751,0.9134291437292068,0,,False,crossing,17,1.0,True,0.0,P2-L3-CRP-FIX-18,L3,CRP,FIX
sac_3M,crossing,9.482643773590642,0.6189850254128593,106.43047323159416,port,,True,collision:target,True,True,19,-339.0952412113063,-21.12200525887345,6,1,0,0,4,2.5689350228095624,0.6652252852140297,0.0,0.0,1.1362026075903708,0.4313102515855982,0.5691961265819557,1.3413370708315508,0.2015389993378373,0,,False,crossing,6,1.0,True,0.0,P2-L3-CRP-VAR-18,L3,CRP,VAR
sac_3M,crossing,9.482643773590642,0.4486740298193312,68.7323380393795,port,,False,collision:target,True,True,12,-334.83396499159755,-40.72590080473546,2,6,0,0,10,0.3108294465393366,3.381255965855789,0.0,0.0,4.988906225195462,0.4911291067317752,0.5576243663361059,1.461420647382346,0.1018995292829643,0,,False,crossing,10,1.0,True,0.0,P2-L3-CRP-FIX-19,L3,CRP,FIX
sac_3M,crossing,9.482643773590642,0.4486740298193312,68.7323380393795,port,,False,collision:target,True,True,11,-331.05368428550486,-37.37938100893051,2,5,0,0,9,0.3108069323995592,2.8882269345469904,0.0,0.0,4.787591859454464,0.5178043637835029,0.5576242627793948,1.4583323993574633,0.0933270786156011,0,,False,crossing,9,1.0,True,0.0,P2-L3-CRP-VAR-19,L3,CRP,VAR
sac_3M,crossing,9.482643773590642,1.0515152735176332,169.5096574202745,port,,True,goal,False,False,46,-69.2870327851684,-17.453116291277162,8,3,0,0,2,3.327030888636045,0.0061729521849244,0.0,0.0,0.2119460620474139,0.8882243810581553,1.0581045714297783,2.807316171341222,2.3919406036537416,0,,False,crossing,8,1.0,True,0.0,P2-L3-CRP-FIX-20,L3,CRP,FIX
sac_3M,crossing,9.482643773590642,1.0515152735176332,169.5096574202745,port,,True,goal,False,False,48,-38.38775526199351,-18.08069224527737,8,7,0,0,5,3.336334768910225,0.0096214993159025,0.0,0.0,0.3373797150128972,0.8742968107343404,1.0710374249594443,2.630408952515685,2.4761492374627303,0,,False,crossing,8,1.0,True,0.0,P2-L3-CRP-VAR-20,L3,CRP,VAR
sac_3M,crossing,9.482643773590642,2.1670686536252664,228.261948047636,starboard,,True,goal,False,False,50,-27.120067994944197,0.0,0,0,0,0,0,0.0,0.0,0.0,0.0,0.0,0.825378859831942,1.04314555831837,3.405898628794136,2.361776920496805,0,,False,never,0,0.0,False,0.0,P2-L3-CRS-FIX-01,L3,CRS,FIX
sac_3M,crossing,9.482643773590642,2.1670686536252664,228.261948047636,starboard,,True,goal,False,False,50,-16.694558690958672,0.0,0,0,0,0,0,0.0,0.0,0.0,0.0,0.0,0.8330054057413718,1.0540439153513477,3.411840366307878,2.4269548631153075,0,,False,never,0,0.0,False,0.0,P2-L3-CRS-VAR-01,L3,CRS,VAR
sac_3M,crossing,9.482643773590642,1.804912215542456,205.32952562060183,starboard,,True,goal,False,False,52,3.6705685055857344,-36.587718841843895,10,6,0,0,12,5.880036258004106,0.0256221682281791,0.0,0.0,1.634379918220907,0.7508807656945579,0.944692605825391,2.6270588410063413,0.5646320880854647,0,,False,crossing,14,0.0,False,0.0,P2-L3-CRS-FIX-02,L3,CRS,FIX
sac_3M,crossing,9.482643773590642,1.804912215542456,205.32952562060183,starboard,,True,goal,False,False,57,-54.71683385471097,-35.95854081499006,10,5,0,0,11,5.879140506923871,0.0190729343661835,0.0,0.0,1.5027520623565067,0.7702246114757366,0.943426104993584,2.737126742401435,1.6095956573163774,0,,False,crossing,15,0.0,False,0.0,P2-L3-CRS-VAR-02,L3,CRS,VAR
sac_3M,crossing,9.482643773590642,1.6194069926966033,242.76194932887125,starboard,,True,goal,False,False,49,-50.70414882972268,0.0,0,0,0,0,0,0.0,0.0,0.0,0.0,0.0,0.8290712023404012,1.0493373743980337,3.49302454249644,2.2628729652626087,0,,False,never,0,0.0,False,0.0,P2-L3-CRS-FIX-03,L3,CRS,FIX
sac_3M,crossing,9.482643773590642,1.6194069926966033,242.76194932887125,starboard,,True,goal,False,False,49,-44.13709864024641,0.0,0,0,0,0,0,0.0,0.0,0.0,0.0,0.0,0.8310126997268094,1.0614371950762986,3.363841316325258,2.30125450110969,0,,False,never,0,0.0,False,0.0,P2-L3-CRS-VAR-03,L3,CRS,VAR
sac_3M,crossing,9.482643773590642,2.447324699908949,276.0079007966859,starboard,,True,goal,False,False,67,-5.653872063909645,0.0,0,0,0,0,0,0.0,0.0,0.0,0.0,0.0,0.6590901600809539,0.9494873121949576,2.4603554829085783,1.6564667697816178,0,,False,never,0,0.0,False,0.0,P2-L3-CRS-FIX-04,L3,CRS,FIX
sac_3M,crossing,9.482643773590642,2.447324699908949,276.0079007966859,starboard,,True,goal,False,False,63,37.64589446752362,-6.901367710953144,2,0,2,0,1,0.7116331337823865,0.0,0.7175881852096206,0.0,0.1767702737723771,0.6256985752356728,0.9587433751280696,2.738696639045665,0.5080567743280339,0,,False,overtaking,2,0.0,False,0.0,P2-L3-CRS-VAR-04,L3,CRS,VAR
sac_3M,crossing,9.482643773590642,1.287654659275197,223.2128592803457,starboard,,False,goal,False,False,45,-14.148094008010034,-44.10907860370577,9,11,0,0,11,5.641198448912968,0.6601226148073819,0.0,0.0,2.8705642973977867,0.8821270059871835,1.0428091376828823,2.525252674875025,0.9532326883581854,0,,False,crossing,11,0.0,False,0.0,P2-L3-CRS-FIX-05,L3,CRS,FIX
sac_3M,crossing,9.482643773590642,1.287654659275197,223.2128592803457,starboard,,False,goal,False,False,46,-15.139877112624587,-42.2750639098638,9,10,0,0,10,5.622227570064102,0.5657204086509902,0.0,0.0,2.587715870049799,0.866249927682864,1.037775537585201,2.6948609000506885,0.8568071396531106,0,,False,crossing,11,0.0,False,0.0,P2-L3-CRS-VAR-05,L3,CRS,VAR
sac_3M,crossing,9.482643773590642,2.015334837761502,200.3106251070971,starboard,,True,goal,False,False,54,23.777894963468583,-32.414334205616164,10,1,0,0,8,5.238959515265813,0.000596615166198,0.0,0.0,1.4396736355506004,0.7318168495407443,0.9476929111540072,2.80361403468387,0.5383122957660947,0,,False,crossing,13,0.0,False,0.0,P2-L3-CRS-FIX-06,L3,CRS,FIX
sac_3M,crossing,9.482643773590642,2.015334837761502,200.3106251070971,starboard,,True,goal,False,False,60,-25.38727773761336,-33.0996500969838,10,1,0,0,11,5.3034177352276,0.0006356820173536,0.0,0.0,1.521019040360283,0.7710044411257654,0.9580807176360596,2.666707115325317,1.9058518216620413,0,,False,crossing,13,0.0,False,0.0,P2-L3-CRS-VAR-06,L3,CRS,VAR
sac_3M,crossing,9.482643773590642,2.0515166226230304,230.1879691463317,starboard,,True,goal,False,False,49,-31.60403985143367,0.0,0,0,0,0,0,0.0,0.0,0.0,0.0,0.0,0.8369815315177206,1.075970985357527,3.32869690516882,2.380886644017595,0,,False,never,0,0.0,False,0.0,P2-L3-CRS-FIX-07,L3,CRS,FIX
sac_3M,crossing,9.482643773590642,2.0515166226230304,230.1879691463317,starboard,,True,goal,False,False,49,-26.871172060743262,0.0,0,0,0,0,0,0.0,0.0,0.0,0.0,0.0,0.8423918741786725,1.0736436676137762,3.2349089281394976,2.392852091947717,0,,False,never,0,0.0,False,0.0,P2-L3-CRS-VAR-07,L3,CRS,VAR
sac_3M,crossing,9.482643773590642,1.8145783333415333,284.06883540589115,starboard,,True,collision:obstacle,True,False,22,-341.5766707168413,-7.512070042565307,0,3,0,0,3,0.0,1.310700675619893,0.0,0.0,0.2275781551659639,0.4952154508619232,0.6534514381312333,3.777478575715929,0.4536248115265723,0,,False,crossing,8,0.0,False,0.0,P2-L3-CRS-FIX-08,L3,CRS,FIX
sac_3M,crossing,9.482643773590642,1.8145783333415333,284.06883540589115,starboard,,True,collision:obstacle,True,False,22,-341.5766707168413,-7.512070042565307,0,3,0,0,3,0.0,1.310700675619893,0.0,0.0,0.2275781551659639,0.4952154508619232,0.6534514381312333,3.664677846751935,0.4536248115265723,0,,False,crossing,8,0.0,False,0.0,P2-L3-CRS-VAR-08,L3,CRS,VAR
sac_3M,crossing,9.482643773590642,1.2281865945476336,228.03055297880735,starboard,,True,goal,False,False,53,-34.797091408976925,0.0,0,0,0,0,0,0.0,0.0,0.0,0.0,0.0,0.7812324739956382,0.9983602382015714,2.921286342844421,2.363783134502801,0,,False,never,0,0.0,False,0.0,P2-L3-CRS-FIX-09,L3,CRS,FIX
sac_3M,crossing,9.482643773590642,1.2281865945476336,228.03055297880735,starboard,,True,goal,False,False,53,-36.98246491610856,0.0,0,0,0,0,0,0.0,0.0,0.0,0.0,0.0,0.7806656272951736,0.9988757663426342,3.03483981125893,2.3604214536521586,0,,False,never,0,0.0,False,0.0,P2-L3-CRS-VAR-09,L3,CRS,VAR
sac_3M,crossing,9.482643773590642,1.9178683530952108,274.5771498800064,starboard,,True,collision:target,True,True,23,-385.836844723102,-29.327475364198303,4,4,0,0,2,2.9636913585807507,2.364188832199111,0.0,0.0,0.6565485377417752,0.6976932358454973,0.8965009602531375,1.19611333508001,0.2551034926677065,0,,False,crossing,4,0.0,False,0.0,P2-L3-CRS-FIX-10,L3,CRS,FIX
sac_3M,crossing,9.482643773590642,1.9178683530952108,274.5771498800064,starboard,,True,collision:target,True,True,22,-374.7162587114215,-28.966818226879656,4,3,0,0,2,2.969646566914294,2.1896753889149734,0.0,0.0,0.7618165656721726,0.723150923346764,0.8964967539501253,1.3414807592351248,0.2185684184261605,0,,False,crossing,4,0.0,False,0.0,P2-L3-CRS-VAR-10,L3,CRS,VAR
sac_3M,crossing,9.482643773590642,2.016993092091529,209.36941024494865,starboard,,True,goal,False,False,55,-33.70832980930567,-15.469436267242925,8,6,0,0,10,2.252264454310564,0.0194576556253437,0.0,0.0,0.9387581829022618,0.7985940506172013,0.961010081653154,2.6787027435966304,1.7114774127956172,0,,False,crossing,14,0.0,False,0.0,P2-L3-CRS-FIX-11,L3,CRS,FIX
sac_3M,crossing,9.482643773590642,2.016993092091529,209.36941024494865,starboard,,True,goal,False,False,55,-34.567318879564695,-15.416045797357482,8,6,0,0,10,2.2522619340944283,0.0190873180533464,0.0,0.0,0.9273037776057768,0.8035731283637388,0.9616178306024544,2.7456924492643533,1.7403139931897664,0,,False,crossing,14,0.0,False,0.0,P2-L3-CRS-VAR-11,L3,CRS,VAR
sac_3M,crossing,9.482643773590642,1.3072802184038224,229.30739920704087,starboard,,True,goal,False,False,51,-28.72329192162812,0.0,0,0,0,0,0,0.0,0.0,0.0,0.0,0.0,0.8196283124809133,1.039752385772071,3.224886989001692,2.4142846554632738,0,,False,never,0,0.0,False,0.0,P2-L3-CRS-FIX-12,L3,CRS,FIX
sac_3M,crossing,9.482643773590642,1.3072802184038224,229.30739920704087,starboard,,True,goal,False,False,51,-26.879276641582564,0.0,0,0,0,0,0,0.0,0.0,0.0,0.0,0.0,0.8201142662151485,1.0421680714529156,3.229144565974673,2.4199813047368237,0,,False,never,0,0.0,False,0.0,P2-L3-CRS-VAR-12,L3,CRS,VAR
sac_3M,crossing,9.482643773590642,2.445946361091128,194.4053946672134,starboard,,True,goal,False,False,54,-31.02886745716775,-2.6904529944068027,8,0,0,0,1,0.5056085170430863,0.0,0.0,0.0,0.0417090744541167,0.8242665775323033,0.9714200027398248,2.969241711686698,1.82997420610458,0,,False,crossing,11,0.0,False,0.0,P2-L3-CRS-FIX-13,L3,CRS,FIX
sac_3M,crossing,9.482643773590642,2.445946361091128,194.4053946672134,starboard,,True,goal,False,False,54,-30.945600696693404,-2.6904529944068027,8,0,0,0,1,0.5056085170430863,0.0,0.0,0.0,0.0417090744541167,0.8293128438077731,0.9777912626873289,2.963618920753443,1.8456035440024865,0,,False,crossing,11,0.0,False,0.0,P2-L3-CRS-VAR-13,L3,CRS,VAR
sac_3M,crossing,9.482643773590642,1.9411590163029355,238.8281212273573,starboard,,True,goal,False,False,52,-50.64737677343783,0.0,0,0,0,0,0,0.0,0.0,0.0,0.0,0.0,0.8005923873008336,1.0438682783394564,3.059718553913275,2.344810843040427,0,,False,never,0,0.0,False,0.0,P2-L3-CRS-FIX-14,L3,CRS,FIX
sac_3M,crossing,9.482643773590642,1.9411590163029355,238.8281212273573,starboard,,True,goal,False,False,52,-52.8668712460035,0.0,0,0,0,0,0,0.0,0.0,0.0,0.0,0.0,0.7996492596926165,1.0351056850958862,3.169901276541164,2.363852419526262,0,,False,never,0,0.0,False,0.0,P2-L3-CRS-VAR-14,L3,CRS,VAR
sac_3M,crossing,9.482643773590642,2.106823028233486,204.192491544341,starboard,,True,goal,False,False,53,34.20070343845711,-14.675465323629744,10,0,0,0,3,2.571619179073013,0.0,0.0,0.0,0.4324334193818512,0.7402049448429018,0.8880996225958493,2.876298120609806,0.371363267916777,0,,False,crossing,14,0.0,False,0.0,P2-L3-CRS-FIX-15,L3,CRS,FIX
sac_3M,crossing,9.482643773590642,2.106823028233486,204.192491544341,starboard,,True,collision:obstacle,True,False,39,-369.8898436035784,-14.675466396092688,10,0,0,0,3,2.5716193957321933,0.0,0.0,0.0,0.4324334193818512,0.7186666594244666,0.8880144296405954,2.8554950204976413,0.5000287469431399,0,,False,crossing,14,0.0,False,0.0,P2-L3-CRS-VAR-15,L3,CRS,VAR
sac_3M,crossing,9.482643773590642,0.6410023621067068,217.5006523875567,starboard,,True,goal,False,False,50,-27.21123386660379,0.0,0,0,0,0,0,0.0,0.0,0.0,0.0,0.0,0.8208478544486272,1.0273174419316078,2.6127775887631914,2.3989169452267327,0,,False,never,0,0.0,False,0.0,P2-L3-CRS-FIX-16,L3,CRS,FIX
sac_3M,crossing,9.482643773590642,0.6410023621067068,217.5006523875567,starboard,,True,goal,False,False,50,-51.209237556471095,0.0,0,0,0,0,0,0.0,0.0,0.0,0.0,0.0,0.8234461139033631,1.0330557555929247,2.6941516082165013,2.258009213419979,0,,False,never,0,0.0,False,0.0,P2-L3-CRS-VAR-16,L3,CRS,VAR
sac_3M,crossing,9.482643773590642,2.4722873925642967,284.5266620870986,starboard,,True,collision:obstacle,True,False,20,-320.103385126107,0.0,0,0,0,0,0,0.0,0.0,0.0,0.0,0.0,0.514628404843197,0.5859377797012713,3.6850082175917738,0.1221582808265148,0,,False,never,0,0.0,False,0.0,P2-L3-CRS-FIX-17,L3,CRS,FIX
sac_3M,crossing,9.482643773590642,2.4722873925642967,284.5266620870986,starboard,,True,collision:obstacle,True,False,20,-320.103385126107,0.0,0,0,0,0,0,0.0,0.0,0.0,0.0,0.0,0.514628404843197,0.5859377797012713,3.6850082175917738,0.1221582808265148,0,,False,never,0,0.0,False,0.0,P2-L3-CRS-VAR-17,L3,CRS,VAR
sac_3M,crossing,9.482643773590642,2.134394167424841,292.2654681869026,starboard,,True,collision:obstacle,True,False,20,-332.6295732043523,-8.393894808049478,3,5,0,0,5,0.5875526679176228,0.902317506535878,0.0,0.0,0.2264527654454771,0.5071287422359283,0.6814620638318082,3.46820717774173,0.1315933295578869,0,,False,crossing,6,0.0,False,0.0,P2-L3-CRS-FIX-18,L3,CRS,FIX
sac_3M,crossing,9.482643773590642,2.134394167424841,292.2654681869026,starboard,,True,collision:obstacle,True,False,20,-332.6285822692659,-8.393894808049478,3,5,0,0,5,0.5875526679176228,0.902317506535878,0.0,0.0,0.2264527654454771,0.5071282502382424,0.6814620638318082,3.4758726409380545,0.1315931988086577,0,,False,crossing,6,0.0,False,0.0,P2-L3-CRS-VAR-18,L3,CRS,VAR
sac_3M,crossing,9.482643773590642,1.5712127141463947,286.3752965147896,starboard,,True,collision:target,True,True,16,-302.3364410971383,0.0,0,0,0,0,0,0.0,0.0,0.0,0.0,0.0,0.5362466929918787,0.6452071879264618,1.4846727898144996,0.3268380299424233,0,,False,never,0,0.0,False,0.0,P2-L3-CRS-FIX-19,L3,CRS,FIX
sac_3M,crossing,9.482643773590642,1.5712127141463947,286.3752965147896,starboard,,True,collision:target,True,True,15,-298.1868937222619,0.0,0,0,0,0,0,0.0,0.0,0.0,0.0,0.0,0.5847607357176633,0.700936208475062,1.5940346813589976,0.3676631686734716,0,,False,never,0,0.0,False,0.0,P2-L3-CRS-VAR-19,L3,CRS,VAR
sac_3M,crossing,9.482643773590642,1.9306489181018467,191.4239081469701,starboard,,True,goal,False,False,49,-25.83428186440128,-45.81257929538552,9,0,0,0,12,6.46170266564186,0.0,0.0,0.0,3.07270024454629,0.8034849765896628,1.043049371133753,1.952544860980049,0.6778124681737148,0,,False,crossing,12,0.0,False,0.0,P2-L3-CRS-FIX-20,L3,CRS,FIX
sac_3M,crossing,9.482643773590642,1.9306489181018467,191.4239081469701,starboard,,True,goal,False,False,48,-25.58310476109493,-45.633140723770325,9,0,0,0,12,6.46170266564186,0.0,0.0,0.0,3.0328250064095794,0.8203072957546045,1.0532337331684831,2.009172056084685,0.8135125541412642,0,,False,crossing,12,0.0,False,0.0,P2-L3-CRS-VAR-20,L3,CRS,VAR
