episode_id,obstacle_count,group,seed,success,obstacle_collision,border_collision,timeout,term_reason,rms_cte,mean_cte,mean_signed_cte,max_cte,std_cte,min_obstacle_clearance,min_border_clearance,min_lateral_border_clearance,min_front_clearance,path_completion_steps,path_completion_time_s,mean_speed,mean_rpm,control_effort,control_effort_deg2s,mean_abs_rudder_rate,mean_abs_rudder_rate_achieved,mean_abs_rudder_deg,rudder_saturation_fraction,mean_abs_course_error,ep_reward,reference_path_length,actual_path_length,path_efficiency,d_end
0,0,obs_0,675974,1,0,0,0,goal,0.062099451671097296,0.055823273553023106,-0.005754964375017868,0.10743784159421921,0.061832210722997966,nan,0.9889620164570401,2.1140781974296985,16.0,173,17.3,1.0810542510281174,12.660807698189867,0.00496370571826767,7.94192914922827,1.7682628699329268,0.22389270450259932,0.5354043825884818,0.0,0.44003637911230375,104.4576330988267,20.00204771143656,18.70223854278643,0.9350161949715308,1.300359638178086
1,0,obs_0,675975,1,0,0,0,goal,0.0,0.0,0.0,0.0,0.0,nan,0.9889715388050575,3.172673918437896,16.0,173,17.3,1.0851215098675857,12.688747107982635,0.0,0.0,0.0,0.0,0.0,0.0,0.0,105.49864710889565,20.0,18.772602120709234,0.9386301060354617,1.2273978792907663
2,0,obs_0,675976,1,0,0,0,goal,0.0,0.0,0.0,0.0,0.0,nan,0.9889715388050575,3.1188859724933238,16.0,173,17.3,1.0851215098675857,12.688747107982635,0.0,0.0,0.0,0.0,0.0,0.0,0.0,105.49864710889565,20.0,18.772602120709234,0.9386301060354617,1.2273978792907663
3,0,obs_0,675977,1,0,0,0,goal,0.0,0.0,0.0,0.0,0.0,nan,0.9889715388050575,4.19704397101581,16.0,173,17.3,1.0851215098675857,12.688747107982635,0.0,0.0,0.0,0.0,0.0,0.0,0.0,105.49864710889565,20.0,18.772602120709234,0.9386301060354617,1.2273978792907663
4,0,obs_0,675978,1,0,0,0,goal,0.11393256118769803,0.10567623557819222,0.022363278094086458,0.18748359382152557,0.11171621319967441,nan,0.9889288690125174,2.081936990760821,16.0,176,17.6,1.0730277661764918,12.585058474066583,0.07092646566668158,113.48234506669053,1.115029964596033,0.6698161131243319,1.918690363818314,0.0,1.7578541986497411,104.4150023450297,20.041642581602023,18.885288684706257,0.9423024389249769,1.1659876829336808
5,0,obs_0,675979,1,0,0,0,goal,0.0,0.0,0.0,0.0,0.0,nan,0.9889715388050575,3.923475228360756,16.0,173,17.3,1.0851215098675857,12.688747107982635,0.0,0.0,0.0,0.0,0.0,0.0,0.0,105.49864710889565,20.0,18.772602120709234,0.9386301060354617,1.2273978792907663
6,0,obs_0,675980,1,0,0,0,goal,0.0,0.0,0.0,0.0,0.0,nan,0.9889715388050575,3.2506956765021555,16.0,173,17.3,1.0851215098675857,12.688747107982635,0.0,0.0,0.0,0.0,0.0,0.0,0.0,105.49864710889565,20.0,18.772602120709234,0.9386301060354617,1.2273978792907663
7,0,obs_0,675981,1,0,0,0,goal,0.0,0.0,0.0,0.0,0.0,nan,0.9889715388050575,2.9188635254665036,16.0,173,17.3,1.0851215098675857,12.688747107982635,0.0,0.0,0.0,0.0,0.0,0.0,0.0,105.49864710889565,20.0,18.772602120709234,0.9386301060354617,1.2273978792907663
8,0,obs_0,675982,1,0,0,0,goal,0.06195716927036366,0.05561246314742791,-0.005673259204641156,0.10598071664571762,0.06169687961310077,nan,0.98896227745923,3.0296682374426647,16.0,173,17.3,1.0811496370515976,12.661332280649615,0.004769791777906119,7.631666844649789,1.7799410514863814,0.22117709106734387,0.5256045008474568,0.0,0.43092545657044157,104.46506419618652,20.001936554058293,18.70388872099264,0.9351038920877747,1.2985798919848777
9,0,obs_0,675983,1,0,0,0,goal,0.0,0.0,0.0,0.0,0.0,nan,0.9889715388050575,2.1334636232709667,16.0,173,17.3,1.0851215098675857,12.688747107982635,0.0,0.0,0.0,0.0,0.0,0.0,0.0,105.49864710889565,20.0,18.772602120709234,0.9386301060354617,1.2273978792907663
10,0,obs_0,675984,1,0,0,0,goal,0.15925153651512447,0.14553736699640415,-0.03531887709801452,0.25854384899139404,0.1552856361772182,nan,0.9889066467885544,3.480170300015657,16.0,178,17.8,1.0629510321006612,12.532564321260773,0.16317540391055374,261.08064625688604,1.092351310081401,0.9941759951496123,2.8896058963224545,0.0,2.661480213234107,104.15730948567563,20.09726849216328,18.920528371391775,0.9414477583742108,1.1989963711578084
11,0,obs_0,675985,1,0,0,0,goal,0.060857700409291546,0.0540053445840459,-0.00253488840212281,0.10125966370105743,0.06080488500026842,nan,0.9889641598073792,2.8910878894171783,16.0,173,17.3,1.0818148420624385,12.66450484941116,0.003582344822544716,5.731751716071545,1.838139345856562,0.20478622413770686,0.46876743582135866,0.0,0.361185013945485,104.52048425957155,20.001228572786435,18.71539676768019,0.935712358847009,1.2862408540850934
12,0,obs_0,675986,1,0,0,0,goal,0.0,0.0,0.0,0.0,0.0,nan,0.9889715388050575,2.3707544372499347,16.0,173,17.3,1.0851215098675857,12.688747107982635,0.0,0.0,0.0,0.0,0.0,0.0,0.0,105.49864710889565,20.0,18.772602120709234,0.9386301060354617,1.2273978792907663
13,0,obs_0,675988,1,0,0,0,goal,0.14552943408328026,0.133496685521835,-0.03143923318192447,0.23881728947162628,0.14209289497203015,nan,0.9889130791937139,3.521264945289415,16.0,177,17.7,1.0650579225083547,12.547444160459404,0.13226607644245664,211.62572230793057,1.0659505750729956,0.9005865009395265,2.611010193964203,0.0,2.3994227895966658,104.07051316127067,20.078707448849617,18.851525228397882,0.9388814133789253,1.2452333820051922
14,0,obs_0,675989,1,0,0,0,goal,0.0,0.0,0.0,0.0,0.0,nan,0.9889715388050575,4.522865924283122,16.0,173,17.3,1.0851215098675857,12.688747107982635,0.0,0.0,0.0,0.0,0.0,0.0,0.0,105.49864710889565,20.0,18.772602120709234,0.9386301060354617,1.2273978792907663
15,0,obs_0,675990,1,0,0,0,goal,0.15583755865787555,0.14248444580308192,0.03443577294198671,0.2515367865562439,0.15198526978077428,nan,0.9889081988450021,2.941513754615201,16.0,178,17.8,1.064164618417868,12.536342505240038,0.15541139042986962,248.6582246877914,1.08268205602627,0.9716566875372981,2.818757831132081,0.0,2.597949357703016,104.23849263007092,20.092604871636723,18.94213020783805,0.9427413881301815,1.1717086466521338
16,0,obs_0,675991,1,0,0,0,goal,0.0,0.0,0.0,0.0,0.0,nan,0.9889715388050575,3.10763840788828,16.0,173,17.3,1.0851215098675857,12.688747107982635,0.0,0.0,0.0,0.0,0.0,0.0,0.0,105.49864710889565,20.0,18.772602120709234,0.9386301060354617,1.2273978792907663
17,0,obs_0,675992,1,0,0,0,goal,0.0,0.0,0.0,0.0,0.0,nan,0.9889715388050575,2.91197543596577,16.0,173,17.3,1.0851215098675857,12.688747107982635,0.0,0.0,0.0,0.0,0.0,0.0,0.0,105.49864710889565,20.0,18.772602120709234,0.9386301060354617,1.2273978792907663
18,0,obs_0,675993,1,0,0,0,goal,0.0,0.0,0.0,0.0,0.0,nan,0.9889715388050575,4.2548730159168535,16.0,173,17.3,1.0851215098675857,12.688747107982635,0.0,0.0,0.0,0.0,0.0,0.0,0.0,105.49864710889565,20.0,18.772602120709234,0.9386301060354617,1.2273978792907663
19,0,obs_0,675994,1,0,0,0,goal,0.0,0.0,0.0,0.0,0.0,nan,0.9889715388050575,2.2809000441623226,16.0,173,17.3,1.0851215098675857,12.688747107982635,0.0,0.0,0.0,0.0,0.0,0.0,0.0,105.49864710889565,20.0,18.772602120709234,0.9386301060354617,1.2273978792907663
20,0,obs_0,675995,1,0,0,0,goal,0.0,0.0,0.0,0.0,0.0,nan,0.9889715388050575,2.9276789093820934,16.0,173,17.3,1.0851215098675857,12.688747107982635,0.0,0.0,0.0,0.0,0.0,0.0,0.0,105.49864710889565,20.0,18.772602120709234,0.9386301060354617,1.2273978792907663
21,0,obs_0,675996,1,0,0,0,goal,0.07402133935293646,0.0690750827498991,0.011177048954213488,0.1256997436285019,0.07317261958053502,nan,0.9889510055318818,3.311520869932176,16.0,174,17.400000000000002,1.0793837253371374,12.63702010234882,0.01769509937553308,28.312159000852922,1.3351769836597962,0.3553118690415653,0.9636371197304742,0.0,0.8659911802585143,104.54129783056942,20.009558065142,18.78127682086619,0.9386152737468221,1.23045571520551
22,0,obs_0,675997,1,0,0,0,goal,0.0,0.0,0.0,0.0,0.0,nan,0.9889715388050575,3.989437469423913,16.0,173,17.3,1.0851215098675857,12.688747107982635,0.0,0.0,0.0,0.0,0.0,0.0,0.0,105.49864710889565,20.0,18.772602120709234,0.9386301060354617,1.2273978792907663
23,0,obs_0,675998,1,0,0,0,goal,0.12897380063359,0.11897789691680703,-0.026498113679487935,0.20980685949325562,0.12622238795594845,nan,0.9889211654007268,3.2265499847598593,16.0,176,17.6,1.0679792264911194,12.566468691707335,0.09831211817633279,157.29938908213245,1.064114217779466,0.7831228908898183,2.2600369703352707,0.0,2.071311280894514,104.04476336057273,20.058227338953614,18.796434386243703,0.9370934962802283,1.2751842086866245
24,0,obs_0,675999,1,0,0,0,goal,0.08456561084831662,0.07909621201166563,-0.014323224621321792,0.14196978509426117,0.08334379265785838,nan,0.9889445344422537,3.3017809621809846,16.0,174,17.400000000000002,1.076239024039711,12.621932517094859,0.029376140958494452,47.00182553359113,1.2525828603508404,0.4479006372522582,1.237195321773888,0.0,1.1239091780175834,104.25595722258568,20.016573237861092,18.72655901829097,0.9355526940480463,1.2937863588071492
25,0,obs_0,676000,1,0,0,0,goal,0.0,0.0,0.0,0.0,0.0,nan,0.9889715388050575,2.2774828719915945,16.0,173,17.3,1.0851215098675857,12.688747107982635,0.0,0.0,0.0,0.0,0.0,0.0,0.0,105.49864710889565,20.0,18.772602120709234,0.9386301060354617,1.2273978792907663
26,0,obs_0,676001,1,0,0,0,goal,0.1435089576315753,0.131701055924687,-0.030835013363068386,0.2330978363752365,0.14015713635559437,nan,0.9889140077338257,2.562287406521987,16.0,177,17.7,1.0657381227913698,12.54971390987857,0.12810796306448224,204.9727409031716,1.0755024882118132,0.8873501740451674,2.5689929617453093,0.0,2.36165408345848,104.12103087038079,20.076192519345454,18.863564773407244,0.9395987189916754,1.2301087645313962
27,0,obs_0,676002,1,0,0,0,goal,0.0,0.0,0.0,0.0,0.0,nan,0.9889715388050575,4.123056852834397,16.0,173,17.3,1.0851215098675857,12.688747107982635,0.0,0.0,0.0,0.0,0.0,0.0,0.0,105.49864710889565,20.0,18.772602120709234,0.9386301060354617,1.2273978792907663
28,0,obs_0,676003,1,0,0,0,goal,0.0,0.0,0.0,0.0,0.0,nan,0.9889715388050575,2.4291156465110624,16.0,173,17.3,1.0851215098675857,12.688747107982635,0.0,0.0,0.0,0.0,0.0,0.0,0.0,105.49864710889565,20.0,18.772602120709234,0.9386301060354617,1.2273978792907663
29,0,obs_0,676004,1,0,0,0,goal,0.1003531851794858,0.09354247343859502,0.018833806328475474,0.16422735154628754,0.09857002340899411,nan,0.9889355352861314,3.4610285268513357,16.0,175,17.5,1.07422168756997,12.600827565193176,0.05086811806388395,81.38898890221431,1.1509170571754246,0.5735781324633821,1.6258554065965913,0.0,1.4829775845346564,104.3127034531723,20.02956496813404,18.79887953247448,0.9385565568889033,1.2374402041990091
30,0,obs_0,676005,1,0,0,0,goal,0.0,0.0,0.0,0.0,0.0,nan,0.9889715388050575,4.432615108998082,16.0,173,17.3,1.0851215098675857,12.688747107982635,0.0,0.0,0.0,0.0,0.0,0.0,0.0,105.49864710889565,20.0,18.772602120709234,0.9386301060354617,1.2273978792907663
31,0,obs_0,676006,1,0,0,0,goal,0.07591599154240178,0.07091771315611985,0.011894046050635562,0.12651358544826508,0.07497845984288673,nan,0.988949738261754,3.509596249700997,16.0,174,17.400000000000002,1.0787970388888763,12.634090067497615,0.019727514653965484,31.564023446344777,1.3190086455571577,0.37253529312922345,1.0166520819294764,0.0,0.9153546446522425,104.4884285656517,20.0107794425118,18.77106847666645,0.9380478421939101,1.2421560240755323
32,0,obs_0,676007,1,0,0,0,goal,0.0,0.0,0.0,0.0,0.0,nan,0.9889715388050575,2.115593035028107,16.0,173,17.3,1.0851215098675857,12.688747107982635,0.0,0.0,0.0,0.0,0.0,0.0,0.0,105.49864710889565,20.0,18.772602120709234,0.9386301060354617,1.2273978792907663
33,0,obs_0,676009,1,0,0,0,goal,0.0,0.0,0.0,0.0,0.0,nan,0.9889715388050575,2.5666082432281745,16.0,173,17.3,1.0851215098675857,12.688747107982635,0.0,0.0,0.0,0.0,0.0,0.0,0.0,105.49864710889565,20.0,18.772602120709234,0.9386301060354617,1.2273978792907663
34,0,obs_0,676010,1,0,0,0,goal,0.0,0.0,0.0,0.0,0.0,nan,0.9889715388050575,3.733975853884794,16.0,173,17.3,1.0851215098675857,12.688747107982635,0.0,0.0,0.0,0.0,0.0,0.0,0.0,105.49864710889565,20.0,18.772602120709234,0.9386301060354617,1.2273978792907663
35,0,obs_0,676011,1,0,0,0,goal,0.13821658136638815,0.12708003500129206,0.029608916775402377,0.2265070378780365,0.13500790870167084,nan,0.9889167244284248,2.2258953156710293,16.0,177,17.7,1.067710115637738,12.556285863710663,0.11632641469444223,186.12226351110758,1.0962145223112945,0.8479147834758507,2.447472808430087,0.0,2.250070688016922,104.25204547961332,20.069082978734055,18.898469046787962,0.9416707812117515,1.18650299651505
36,0,obs_0,676012,1,0,0,0,goal,0.0,0.0,0.0,0.0,0.0,nan,0.9889715388050575,3.9777337076746306,16.0,173,17.3,1.0851215098675857,12.688747107982635,0.0,0.0,0.0,0.0,0.0,0.0,0.0,105.49864710889565,20.0,18.772602120709234,0.9386301060354617,1.2273978792907663
37,0,obs_0,676013,1,0,0,0,goal,0.07882356235958518,0.07373191198419737,0.012247862631519293,0.1332603394985199,0.0778661919193102,nan,0.9889479407847276,2.1137630699008647,16.0,174,17.400000000000002,1.0779304656681994,12.629854156796274,0.02284939011997347,36.55902419195755,1.2865528840311893,0.3988060541771059,1.09281008100942,0.0,0.9899239974459727,104.40883281032171,20.012638980527232,18.75599010262667,0.9372072379298246,1.259541975283003
38,0,obs_0,676014,1,0,0,0,goal,0.0,0.0,0.0,0.0,0.0,nan,0.9889715388050575,3.7407006461150205,16.0,173,17.3,1.0851215098675857,12.688747107982635,0.0,0.0,0.0,0.0,0.0,0.0,0.0,105.49864710889565,20.0,18.772602120709234,0.9386301060354617,1.2273978792907663
39,0,obs_0,676015,1,0,0,0,goal,0.0,0.0,0.0,0.0,0.0,nan,0.9889715388050575,3.9759069674681315,16.0,173,17.3,1.0851215098675857,12.688747107982635,0.0,0.0,0.0,0.0,0.0,0.0,0.0,105.49864710889565,20.0,18.772602120709234,0.9386301060354617,1.2273978792907663
40,0,obs_0,676016,1,0,0,0,goal,0.08001356494028415,0.07487749844661047,0.01265202581497102,0.13571886718273163,0.07900694157623353,nan,0.9889471516143906,3.989471216736457,16.0,174,17.400000000000002,1.0775473202462305,12.628033963256868,0.02428129951537186,38.850079224594964,1.2632819215600202,0.41012155601598,1.1258996715140261,0.0,1.0208305114040475,104.37529006460133,20.013502211246507,18.74932337228441,0.9368337022866645,1.2672650845866475
41,0,obs_0,676017,1,0,0,0,goal,0.0,0.0,0.0,0.0,0.0,nan,0.9889715388050575,2.1641402701495256,16.0,173,17.3,1.0851215098675857,12.688747107982635,0.0,0.0,0.0,0.0,0.0,0.0,0.0,105.49864710889565,20.0,18.772602120709234,0.9386301060354617,1.2273978792907663
42,0,obs_0,676018,1,0,0,0,goal,0.09150212670922439,0.08561603649386337,0.016370445543101856,0.15257807075977325,0.09002581688066648,nan,0.9889404106119852,3.563402785074346,16.0,175,17.5,1.0769569164534563,12.612483912706375,0.038462916273343174,61.54066603734906,1.17374048314068,0.5035070513509613,1.4101638718840799,0.0,1.2877246194418477,104.52500587698616,20.022056890392832,18.846746037935482,0.9412991952379628,1.1803562857358472
43,0,obs_0,676019,1,0,0,0,goal,0.12245964813379777,0.1131908380299468,0.02501738570969213,0.20208784937858582,0.11987700293761956,nan,0.9889244743910768,3.20611016913427,16.0,176,17.6,1.0702048985494226,12.574540086005898,0.08595429669118738,137.5268747058998,1.1054217115576777,0.7353660632913265,2.112389909809942,0.0,1.9346628882130235,104.21320214871929,20.050754897257875,18.835606214469838,0.9393963624305128,1.2268074322174745
44,0,obs_0,676020,1,0,0,0,goal,0.0,0.0,0.0,0.0,0.0,nan,0.9889715388050575,3.4155195345025358,16.0,173,17.3,1.0851215098675857,12.688747107982635,0.0,0.0,0.0,0.0,0.0,0.0,0.0,105.49864710889565,20.0,18.772602120709234,0.9386301060354617,1.2273978792907663
45,0,obs_0,676021,1,0,0,0,goal,0.0,0.0,0.0,0.0,0.0,nan,0.9889715388050575,3.1820983342814544,16.0,173,17.3,1.0851215098675857,12.688747107982635,0.0,0.0,0.0,0.0,0.0,0.0,0.0,105.49864710889565,20.0,18.772602120709234,0.9386301060354617,1.2273978792907663
46,0,obs_0,676022,1,0,0,0,goal,0.0,0.0,0.0,0.0,0.0,nan,0.9889715388050575,2.9017184572829304,16.0,173,17.3,1.0851215098675857,12.688747107982635,0.0,0.0,0.0,0.0,0.0,0.0,0.0,105.49864710889565,20.0,18.772602120709234,0.9386301060354617,1.2273978792907663
47,0,obs_0,676023,1,0,0,0,goal,0.0,0.0,0.0,0.0,0.0,nan,0.9889715388050575,2.109789016769189,16.0,173,17.3,1.0851215098675857,12.688747107982635,0.0,0.0,0.0,0.0,0.0,0.0,0.0,105.49864710889565,20.0,18.772602120709234,0.9386301060354617,1.2273978792907663
48,0,obs_0,676024,1,0,0,0,goal,0.06977060154106746,0.06458119623330903,0.009958931584788978,0.11604712903499603,0.06905618380052504,nan,0.9889545684070522,2.43626700167082,16.0,174,17.400000000000002,1.0809643825059316,12.64506602467134,0.012611106906988022,20.177771051180834,1.4691959692412888,0.31023817523483005,0.8178476005911041,0.0,0.7287911399337309,104.66979289600775,20.006520681013928,18.80878025560321,0.9401324975737853,1.1992447375122472
49,0,obs_0,676025,1,0,0,0,goal,0.09014105719849837,0.0843712893607361,-0.016031930930912496,0.15010862052440643,0.08870393104868243,nan,0.9889411920939845,2.0910918829473673,16.0,175,17.5,1.0773782664972202,12.614343006185123,0.03664128041966097,58.62604867145756,1.186549793808432,0.49268217860647173,1.3758700274113964,0.0,1.2564952957683289,104.55641932094284,20.020956942369008,18.85411966370135,0.9417192054292691,1.171631694533358
50,0,obs_0,676026,1,0,0,0,goal,0.0,0.0,0.0,0.0,0.0,nan,0.9889715388050575,3.7537793302974993,16.0,173,17.3,1.0851215098675857,12.688747107982635,0.0,0.0,0.0,0.0,0.0,0.0,0.0,105.49864710889565,20.0,18.772602120709234,0.9386301060354617,1.2273978792907663
51,0,obs_0,676027,1,0,0,0,goal,0.0,0.0,0.0,0.0,0.0,nan,0.9889715388050575,3.900740684854036,16.0,173,17.3,1.0851215098675857,12.688747107982635,0.0,0.0,0.0,0.0,0.0,0.0,0.0,105.49864710889565,20.0,18.772602120709234,0.9386301060354617,1.2273978792907663
52,0,obs_0,676028,1,0,0,0,goal,0.0,0.0,0.0,0.0,0.0,nan,0.9889715388050575,2.298949514761323,16.0,173,17.3,1.0851215098675857,12.688747107982635,0.0,0.0,0.0,0.0,0.0,0.0,0.0,105.49864710889565,20.0,18.772602120709234,0.9386301060354617,1.2273978792907663
53,0,obs_0,676029,1,0,0,0,goal,0.0,0.0,0.0,0.0,0.0,nan,0.9889715388050575,3.66084789873068,16.0,173,17.3,1.0851215098675857,12.688747107982635,0.0,0.0,0.0,0.0,0.0,0.0,0.0,105.49864710889565,20.0,18.772602120709234,0.9386301060354617,1.2273978792907663
54,0,obs_0,676030,1,0,0,0,goal,0.0,0.0,0.0,0.0,0.0,nan,0.9889715388050575,2.643088831826791,16.0,173,17.3,1.0851215098675857,12.688747107982635,0.0,0.0,0.0,0.0,0.0,0.0,0.0,105.49864710889565,20.0,18.772602120709234,0.9386301060354617,1.2273978792907663
55,0,obs_0,676031,1,0,0,0,goal,0.0,0.0,0.0,0.0,0.0,nan,0.9889715388050575,4.079387304283493,16.0,173,17.3,1.0851215098675857,12.688747107982635,0.0,0.0,0.0,0.0,0.0,0.0,0.0,105.49864710889565,20.0,18.772602120709234,0.9386301060354617,1.2273978792907663
56,0,obs_0,676032,1,0,0,0,goal,0.07534218185109436,0.07037205677265408,0.011672723760036216,0.127425879240036,0.07443246526956673,nan,0.9889500954557927,3.7269653266494815,16.0,174,17.400000000000002,1.0789636619965743,12.634922489780804,0.01914270341837704,30.628325469403265,1.3233687555029816,0.3675878068549539,1.0016518685006304,0.0,0.9014147894152491,104.50383133070248,20.01042783760445,18.773967718740394,0.9382092112723124,1.2388269589587002
57,0,obs_0,676033,1,0,0,0,goal,0.0,0.0,0.0,0.0,0.0,nan,0.9889715388050575,2.559447620220117,16.0,173,17.3,1.0851215098675857,12.688747107982635,0.0,0.0,0.0,0.0,0.0,0.0,0.0,105.49864710889565,20.0,18.772602120709234,0.9386301060354617,1.2273978792907663
58,0,obs_0,676034,1,0,0,0,goal,0.10029287611924685,0.0934879440494946,-0.01881767315523965,0.16428208351135254,0.09851170578816087,nan,0.9889355659966584,3.443017175164113,16.0,175,17.5,1.0742393635857435,12.600900688341685,0.0507848360006106,81.25573760097696,1.1510454025253354,0.5731331469461184,1.6244971438543871,0.0,1.4817534153831768,104.31419758901544,20.029514642478265,18.799188862750512,0.938574358805555,1.237069029024242
59,0,obs_0,676035,1,0,0,0,goal,0.0,0.0,0.0,0.0,0.0,nan,0.9889715388050575,2.5642143725281006,16.0,173,17.3,1.0851215098675857,12.688747107982635,0.0,0.0,0.0,0.0,0.0,0.0,0.0,105.49864710889565,20.0,18.772602120709234,0.9386301060354617,1.2273978792907663
60,0,obs_0,676036,1,0,0,0,goal,0.14334717663450972,0.13155663378620888,-0.030790314572931684,0.23318728804588318,0.14000131991372525,nan,0.9889140849649594,3.2490511181466983,16.0,177,17.7,1.0657936088808495,12.549901166204679,0.12776938183956593,204.4310109433055,1.0763809645802458,0.8862774331230888,2.56553417219028,0.0,2.358550933511278,104.12508965488081,20.07598779338475,18.864546877191035,0.9396572199255422,1.2288751407515177
61,0,obs_0,676037,1,0,0,0,goal,0.0,0.0,0.0,0.0,0.0,nan,0.9889715388050575,2.376362221932261,16.0,173,17.3,1.0851215098675857,12.688747107982635,0.0,0.0,0.0,0.0,0.0,0.0,0.0,105.49864710889565,20.0,18.772602120709234,0.9386301060354617,1.2273978792907663
62,0,obs_0,676038,1,0,0,0,goal,0.0,0.0,0.0,0.0,0.0,nan,0.9889715388050575,3.218130027238296,16.0,173,17.3,1.0851215098675857,12.688747107982635,0.0,0.0,0.0,0.0,0.0,0.0,0.0,105.49864710889565,20.0,18.772602120709234,0.9386301060354617,1.2273978792907663
63,0,obs_0,676039,1,0,0,0,goal,0.0,0.0,0.0,0.0,0.0,nan,0.9889715388050575,2.351494428333517,16.0,173,17.3,1.0851215098675857,12.688747107982635,0.0,0.0,0.0,0.0,0.0,0.0,0.0,105.49864710889565,20.0,18.772602120709234,0.9386301060354617,1.2273978792907663
64,0,obs_0,676040,1,0,0,0,goal,0.0,0.0,0.0,0.0,0.0,nan,0.9889715388050575,4.129132140359491,16.0,173,17.3,1.0851215098675857,12.688747107982635,0.0,0.0,0.0,0.0,0.0,0.0,0.0,105.49864710889565,20.0,18.772602120709234,0.9386301060354617,1.2273978792907663
65,0,obs_0,676041,1,0,0,0,goal,0.06004707807921799,0.05297670781214027,-0.0005148097393614364,0.10290012508630753,0.06004487119466541,nan,0.9889653415984476,3.8685969739332036,16.0,173,17.3,1.0822123780777337,12.666494841262095,0.002924590838053949,4.679345340886319,1.8538539415309312,0.19127499842669718,0.43117874784159915,0.0,0.31603361714284817,104.55512875413424,20.00086624199596,18.722274140744794,0.9360731637429534,1.2789372143178381
66,0,obs_0,676042,1,0,0,0,goal,0.0,0.0,0.0,0.0,0.0,nan,0.9889715388050575,3.3511364799546697,16.0,173,17.3,1.0851215098675857,12.688747107982635,0.0,0.0,0.0,0.0,0.0,0.0,0.0,105.49864710889565,20.0,18.772602120709234,0.9386301060354617,1.2273978792907663
67,0,obs_0,676043,1,0,0,0,goal,0.1235280700751908,0.11415511385580017,0.02529691738626835,0.2010742872953415,0.12091009084130887,nan,0.988923867570624,2.0821022977353367,16.0,176,17.6,1.0698065685533846,12.573077165267684,0.08814288621225126,141.02861793960204,1.0913584240313086,0.7439320567870975,2.139097322850086,0.0,1.9588604579792779,104.18474323621192,20.052087275365004,18.828595606539565,0.9389843235757028,1.2354518608516531
68,0,obs_0,676044,1,0,0,0,goal,0.0,0.0,0.0,0.0,0.0,nan,0.9889715388050575,3.8183608589324436,16.0,173,17.3,1.0851215098675857,12.688747107982635,0.0,0.0,0.0,0.0,0.0,0.0,0.0,105.49864710889565,20.0,18.772602120709234,0.9386301060354617,1.2273978792907663
69,0,obs_0,676045,1,0,0,0,goal,0.06180144746161231,0.05538846269341433,0.004821831108786898,0.10442249476909637,0.061613057488723616,nan,0.9889625593983654,3.5444331360832892,16.0,173,17.3,1.0812505784438564,12.66174866078217,0.004592459108722031,7.34793457395525,1.7687546342427214,0.2202420174871642,0.5182524749242385,0.0,0.4211502698267796,104.47319513775199,20.00182040259013,18.705635007078712,0.9351966286356831,1.2966983177991742
70,0,obs_0,676046,1,0,0,0,goal,0.0,0.0,0.0,0.0,0.0,nan,0.9889715388050575,4.536875786581836,16.0,173,17.3,1.0851215098675857,12.688747107982635,0.0,0.0,0.0,0.0,0.0,0.0,0.0,105.49864710889565,20.0,18.772602120709234,0.9386301060354617,1.2273978792907663
71,0,obs_0,676047,1,0,0,0,goal,0.0,0.0,0.0,0.0,0.0,nan,0.9889715388050575,4.145298625396469,16.0,173,17.3,1.0851215098675857,12.688747107982635,0.0,0.0,0.0,0.0,0.0,0.0,0.0,105.49864710889565,20.0,18.772602120709234,0.9386301060354617,1.2273978792907663
72,0,obs_0,676048,1,0,0,0,goal,0.0,0.0,0.0,0.0,0.0,nan,0.9889715388050575,4.074784429295242,16.0,173,17.3,1.0851215098675857,12.688747107982635,0.0,0.0,0.0,0.0,0.0,0.0,0.0,105.49864710889565,20.0,18.772602120709234,0.9386301060354617,1.2273978792907663
73,0,obs_0,676049,1,0,0,0,goal,0.0,0.0,0.0,0.0,0.0,nan,0.9889715388050575,2.7120110769826784,16.0,173,17.3,1.0851215098675857,12.688747107982635,0.0,0.0,0.0,0.0,0.0,0.0,0.0,105.49864710889565,20.0,18.772602120709234,0.9386301060354617,1.2273978792907663
74,0,obs_0,676050,1,0,0,0,goal,0.0,0.0,0.0,0.0,0.0,nan,0.9889715388050575,3.670532790053027,16.0,173,17.3,1.0851215098675857,12.688747107982635,0.0,0.0,0.0,0.0,0.0,0.0,0.0,105.49864710889565,20.0,18.772602120709234,0.9386301060354617,1.2273978792907663
75,0,obs_0,676051,1,0,0,0,goal,0.0,0.0,0.0,0.0,0.0,nan,0.9889715388050575,4.584820328474629,16.0,173,17.3,1.0851215098675857,12.688747107982635,0.0,0.0,0.0,0.0,0.0,0.0,0.0,105.49864710889565,20.0,18.772602120709234,0.9386301060354617,1.2273978792907663
76,0,obs_0,676052,1,0,0,0,goal,0.11738184569516541,0.10876422980271111,-0.023390209021851082,0.19423314929008484,0.11502780455488897,nan,0.9889270253690392,3.556567835267801,16.0,176,17.6,1.0718603633822679,12.580627606504343,0.0770449083731628,123.27185339706048,1.088231874363763,0.6972698818283399,2.0004148622022266,0.0,1.8317004661850007,104.3341834059388,20.045353669006655,18.864742395527916,0.9411029960871105,1.1910833120670972
77,0,obs_0,676053,1,0,0,0,goal,0.0,0.0,0.0,0.0,0.0,nan,0.9889715388050575,3.9076747465576176,16.0,173,17.3,1.0851215098675857,12.688747107982635,0.0,0.0,0.0,0.0,0.0,0.0,0.0,105.49864710889565,20.0,18.772602120709234,0.9386301060354617,1.2273978792907663
78,0,obs_0,676054,1,0,0,0,goal,0.0,0.0,0.0,0.0,0.0,nan,0.9889715388050575,2.3773347604312347,16.0,173,17.3,1.0851215098675857,12.688747107982635,0.0,0.0,0.0,0.0,0.0,0.0,0.0,105.49864710889565,20.0,18.772602120709234,0.9386301060354617,1.2273978792907663
79,0,obs_0,676055,1,0,0,0,goal,0.13544356077026465,0.12472211083365699,0.028825985025719734,0.22087949514389038,0.1323405483645332,nan,0.9889179595943545,2.0751252340102453,16.0,177,17.7,1.0686045995408164,12.559289962558424,0.11111723019725069,177.78756831560108,1.06121135415213,0.8280581966407916,2.392175011165798,0.0,2.1985790102758287,104.31323572321483,20.065968290344834,18.91430141187245,0.9426059653933305,1.166863102215558
80,0,obs_0,676056,1,0,0,0,goal,0.0,0.0,0.0,0.0,0.0,nan,0.9889715388050575,4.3022549260169916,16.0,173,17.3,1.0851215098675857,12.688747107982635,0.0,0.0,0.0,0.0,0.0,0.0,0.0,105.49864710889565,20.0,18.772602120709234,0.9386301060354617,1.2273978792907663
81,0,obs_0,676057,1,0,0,0,goal,0.11186049858013053,0.10385372970785413,0.02131814554333687,0.181696817278862,0.10981032653256474,nan,0.9889299747160462,2.414762416910097,16.0,175,17.5,1.0708476520539758,12.587273540752275,0.06737615474720463,107.8018475955274,1.1155617048685578,0.6565610247612866,1.8775656848081521,0.0,1.7154899371875951,104.02515452995561,20.039493359107663,18.739833910944572,0.9351450944954947,1.3087648098055416
82,0,obs_0,676058,1,0,0,0,goal,0.0,0.0,0.0,0.0,0.0,nan,0.9889715388050575,4.279945164378902,16.0,173,17.3,1.0851215098675857,12.688747107982635,0.0,0.0,0.0,0.0,0.0,0.0,0.0,105.49864710889565,20.0,18.772602120709234,0.9386301060354617,1.2273978792907663
83,0,obs_0,676059,1,0,0,0,goal,0.059533839706184054,0.05233233606690444,-0.0011336050572336755,0.1034165471792221,0.0595230460387893,nan,0.9889661983791422,2.6586765203043994,16.0,173,17.3,1.0824884231565757,12.667920393234043,0.00249513378660759,3.9922140585721433,1.8485948797565788,0.18206027081024653,0.4035610368695195,0.0,0.2815781480148048,104.57828678848053,20.000643231212408,18.72704972060876,0.9363223724416966,1.2738933400807075
84,0,obs_0,676060,1,0,0,0,goal,0.0,0.0,0.0,0.0,0.0,nan,0.9889715388050575,4.405445330408005,16.0,173,17.3,1.0851215098675857,12.688747107982635,0.0,0.0,0.0,0.0,0.0,0.0,0.0,105.49864710889565,20.0,18.772602120709234,0.9386301060354617,1.2273978792907663
85,0,obs_0,676061,1,0,0,0,goal,0.11083060926033923,0.10292712635227612,0.020993409220661435,0.1826528012752533,0.10882417340973395,nan,0.9889305257248008,2.189718772927355,16.0,175,17.5,1.0711849582174549,12.58861286350659,0.06565281138002994,105.04449820804791,1.1243880456099393,0.6488090901725522,1.8529455012641847,0.0,1.6932298821130498,104.05238673652528,20.038444304187642,18.74573676880546,0.9354886279713824,1.3015721633833368
86,0,obs_0,676062,1,0,0,0,goal,0.0,0.0,0.0,0.0,0.0,nan,0.9889715388050575,3.4579701688375337,16.0,173,17.3,1.0851215098675857,12.688747107982635,0.0,0.0,0.0,0.0,0.0,0.0,0.0,105.49864710889565,20.0,18.772602120709234,0.9386301060354617,1.2273978792907663
87,0,obs_0,676063,1,0,0,0,goal,0.0,0.0,0.0,0.0,0.0,nan,0.9889715388050575,3.6550907347216346,16.0,173,17.3,1.0851215098675857,12.688747107982635,0.0,0.0,0.0,0.0,0.0,0.0,0.0,105.49864710889565,20.0,18.772602120709234,0.9386301060354617,1.2273978792907663
88,0,obs_0,676064,1,0,0,0,goal,0.0,0.0,0.0,0.0,0.0,nan,0.9889715388050575,3.0559802812642043,16.0,173,17.3,1.0851215098675857,12.688747107982635,0.0,0.0,0.0,0.0,0.0,0.0,0.0,105.49864710889565,20.0,18.772602120709234,0.9386301060354617,1.2273978792907663
89,0,obs_0,676065,1,0,0,0,goal,0.1337719890952719,0.12327802314592357,0.027980949856679548,0.21989323198795319,0.13081288740649194,nan,0.9889188331706754,3.6542074223559142,16.0,176,17.6,1.0663756378138793,12.560825061815029,0.1075212269284097,172.03396308545553,1.0509506216538804,0.8180122981170226,2.3634939815515694,0.0,2.165390081609232,103.91848741449724,20.06381007194995,18.768211225524283,0.935426080999592,1.3102366190400603
90,0,obs_0,676066,1,0,0,0,goal,0.0,0.0,0.0,0.0,0.0,nan,0.9889715388050575,3.625501428977248,16.0,173,17.3,1.0851215098675857,12.688747107982635,0.0,0.0,0.0,0.0,0.0,0.0,0.0,105.49864710889565,20.0,18.772602120709234,0.9386301060354617,1.2273978792907663
91,0,obs_0,676067,1,0,0,0,goal,0.0,0.0,0.0,0.0,0.0,nan,0.9889715388050575,2.8597727909240316,16.0,173,17.3,1.0851215098675857,12.688747107982635,0.0,0.0,0.0,0.0,0.0,0.0,0.0,105.49864710889565,20.0,18.772602120709234,0.9386301060354617,1.2273978792907663
92,0,obs_0,676068,1,0,0,0,goal,0.0,0.0,0.0,0.0,0.0,nan,0.9889715388050575,3.8948097470312466,16.0,173,17.3,1.0851215098675857,12.688747107982635,0.0,0.0,0.0,0.0,0.0,0.0,0.0,105.49864710889565,20.0,18.772602120709234,0.9386301060354617,1.2273978792907663
93,0,obs_0,676069,1,0,0,0,goal,0.0,0.0,0.0,0.0,0.0,nan,0.9889715388050575,2.291708607789958,16.0,173,17.3,1.0851215098675857,12.688747107982635,0.0,0.0,0.0,0.0,0.0,0.0,0.0,105.49864710889565,20.0,18.772602120709234,0.9386301060354617,1.2273978792907663
94,0,obs_0,676070,1,0,0,0,goal,0.06556506914585883,0.06001916343089322,-0.009007264297969383,0.11113051325082779,0.06494341754148589,nan,0.9889584524373483,2.1082465130978507,16.0,174,17.400000000000002,1.0825791413351042,12.653702574557272,0.008098665196707242,12.957864314731587,1.5750238922772177,0.26009786832256887,0.6619793605066913,0.0,0.5789302858214843,104.78850407684055,20.00387171064272,18.83687705923082,0.9416615609071807,1.1679275454915234
95,0,obs_0,676071,1,0,0,0,goal,0.0720657971612944,0.06705888285537133,0.01042683994472455,0.12236861139535904,0.07130750401787966,nan,0.9889525362860003,3.0568452326353013,16.0,174,17.400000000000002,1.0800740047451765,12.640499916313024,0.01540086764420346,24.64138823072553,1.3715095728021178,0.33612041676665794,0.9006676951619231,0.0,0.8077432752712431,104.60032598930819,20.008181037188386,18.793287682566074,0.9392801698283197,1.2167677478424432
96,0,obs_0,676072,1,0,0,0,goal,0.0,0.0,0.0,0.0,0.0,nan,0.9889715388050575,3.075258568040102,16.0,173,17.3,1.0851215098675857,12.688747107982635,0.0,0.0,0.0,0.0,0.0,0.0,0.0,105.49864710889565,20.0,18.772602120709234,0.9386301060354617,1.2273978792907663
97,0,obs_0,676073,1,0,0,0,goal,0.0,0.0,0.0,0.0,0.0,nan,0.9889715388050575,3.782619291117538,16.0,173,17.3,1.0851215098675857,12.688747107982635,0.0,0.0,0.0,0.0,0.0,0.0,0.0,105.49864710889565,20.0,18.772602120709234,0.9386301060354617,1.2273978792907663
98,0,obs_0,676074,1,0,0,0,goal,0.06615177849478948,0.06062304075464778,0.009262189376114428,0.11208898574113846,0.06550014996917707,nan,0.9889579307445934,2.7812051691699557,16.0,174,17.400000000000002,1.0823691454906839,12.652556881308556,0.008642574730868336,13.828119569389337,1.5691270976397342,0.2676081852128494,0.6823886034308297,0.0,0.598295322337832,104.77292348185941,20.004187554910164,18.833223131537896,0.9414640349597778,1.171960486806063
99,0,obs_0,676075,1,0,0,0,goal,0.06531284124870376,0.059759310430622305,-0.008892676188214415,0.10999616235494614,0.0647046176264874,nan,0.9889586751767401,3.93051139060693,16.0,174,17.400000000000002,1.0826679937439943,12.654186540379607,0.007872622222421457,12.596195555874333,1.5773027943685447,0.2570382605595213,0.6533279828166912,0.0,0.570705413912517,104.79519009074622,20.00374050060321,18.8384230911455,0.9417450246656334,1.1662243126263652
100,1,obs_1,775974,1,0,0,0,goal,0.6846086450590875,0.48353049023033573,-0.48057363442210266,1.3100664615631104,0.4875838171924606,1.040122500213355,0.9889629303157857,3.3324924829322575,5.388607788085937,215,21.5,0.887412665140836,11.552543044523444,1.7486998682249713,2797.9197891599542,8.875821413098025,3.9386776364864593,8.211878253027884,0.0,6.794073484391048,108.64752279461703,20.00167258988487,19.07937230052798,0.953888841784996,1.230274862917928
101,1,obs_1,775975,1,0,0,0,goal,0.9467699022417847,0.7131125546409285,0.5860380017666139,1.7674362659454346,0.7435944514830063,0.7753619485119042,0.9887656531386676,2.1269986049728082,4.6213888168334964,251,25.1,0.7706883409425911,11.101206889421313,4.117783791889319,6588.45406702291,7.7757224321365355,4.6352526562605565,14.023272524034953,0.0,11.211231817721494,103.94610858304654,20.0,19.34427735765903,0.9672138678829516,1.4122597966619732
102,1,obs_1,775976,1,0,0,0,goal,0.8080654463745471,0.6544736179553596,-0.3053066643295813,1.4910023212432861,0.7481695037492778,0.999329967234613,0.988412937816822,2.348719961161333,3.852892017364502,264,26.400000000000002,0.7343687878589746,10.949438698925157,8.334463880630882,13335.142209009407,5.557310949486924,6.0110659586444015,18.563642446683705,0.14393939393939395,11.866427255099241,93.2166812455837,20.0,19.387335999476935,0.9693667999738468,1.3038449033739306
103,1,obs_1,775977,1,0,0,0,goal,1.16122758434783,0.8800440656808044,-0.6275821480338044,2.1612887382507324,0.9770312943399369,0.55091195076757,0.9889715388050575,2.12485136522061,3.6255515575408936,290,29.0,0.6849942822969063,10.958222610795678,9.904077860664065,15846.524577062504,8.290657865134902,5.81802515148517,19.439798953846612,0.06896551724137931,15.003942290090858,91.85051932185556,20.0,19.86483418661028,0.993241709330514,1.505601035006844
104,1,obs_1,775978,1,0,0,0,goal,1.4266880994839088,1.0730658062152394,-0.9112760941878424,2.6268203258514404,1.097731667289761,0.5748822557925434,0.9886611345594805,2.448858603331457,3.1085093021392822,306,30.6,0.6585412451412522,10.705249917837243,12.727404607923374,20363.847372677395,6.434494579424623,6.0192480749694,21.8605761474388,0.19934640522875818,17.106028313356184,76.61651687279198,20.0,20.151362101322317,1.0075681050661158,1.2717327286647764
105,1,obs_1,775979,1,0,0,0,goal,1.1397692746995947,0.8484869772388616,-0.6685047625433327,2.1333882808685303,0.9231334583938136,0.5876061789349339,0.9889715388050575,1.8487029049003618,3.3987433433532717,285,28.5,0.6949093292081397,10.91587105471837,9.63907132413909,15422.514118622546,6.886254209028163,5.732937223993561,18.975931025584018,0.08771929824561403,14.571000985296346,92.45781720712364,20.0,19.804915882431985,0.9902457941215992,1.5065052081953436
106,1,obs_1,775980,1,0,0,0,goal,0.920502039557227,0.7090865750173767,-0.5348872151299138,1.7142452001571655,0.749145961692099,0.9774309908125767,0.9886757802497375,1.4613822420801172,4.490546607971192,254,25.400000000000002,0.7627037828118499,11.069694266554407,4.917995129793685,7868.792207669895,6.419450162427698,5.052447182470838,15.357493086036031,0.0,11.433623416931145,98.54050724075718,20.000000295948876,19.372676083420988,0.9686337898377453,1.3183363002363235
107,1,obs_1,775981,1,0,0,0,goal,0.8809303425993901,0.7139122810933674,0.285479975883898,1.624076008796692,0.8333903358460595,0.7632877947247778,0.9882829227434806,1.628259287907877,2.8957178592681885,285,28.5,0.6862174262459094,10.759873535979146,11.240314523074714,17984.503236919543,5.88199119542686,6.454408133689633,20.926926771464775,0.2,13.556985756774727,85.75482654066889,20.0,19.55719664800842,0.9778598324004211,1.3261666528293785
108,1,obs_1,775982,1,0,0,0,goal,1.2381091464220773,0.8963677293379123,0.8290855717136074,2.2961513996124268,0.9195277990524952,0.5074480436488907,0.9889715388050575,1.4921871336887698,3.231423091888428,283,28.3,0.7026038695419685,10.900593390734374,9.960186157973878,15936.297852758202,8.143727153751021,5.901420206940595,18.85962147344654,0.127208480565371,15.144892181750809,89.30056916154832,20.0,19.88368950803771,0.9941844754018854,1.396395004414071
109,1,obs_1,775983,1,0,0,0,goal,1.110299151144911,0.8559747075025396,0.5889250111279332,2.0736336708068848,0.9412393618528041,0.6600242119270031,0.9887564500876692,1.1974374509835357,3.788620662689209,286,28.6,0.6923958052197628,10.919655561381202,8.258472124038379,13213.555398461407,7.224778836233574,5.582104732132047,18.225591648743492,0.02097902097902098,14.20066197293867,93.68469956923434,20.0,19.802520029285212,0.9901260014642606,1.384112372075267
110,1,obs_1,775984,1,0,0,0,goal,0.836912430448665,0.6045718577086053,-0.5717045996189514,1.585784912109375,0.6112088571135289,0.8483034698541195,0.9888277807554231,3.0976169219855954,4.979049396514893,235,23.5,0.8201932818506095,11.219766246563225,2.77970495098384,4447.527921574143,7.91383491964358,4.491435763198024,11.016033886585067,0.0,9.495852089959891,108.06861385685978,20.00019190257733,19.274542123489326,0.9637178591774165,1.2769276353737324
111,1,obs_1,775985,1,0,0,0,goal,0.9282549222154483,0.6647104077077671,-0.6242945293768072,1.773176908493042,0.6869596357919429,0.7611082350396798,0.9888369552036438,2.303765812668966,4.051474475860596,255,25.5,0.7609711019824447,11.054294935201623,5.01633877899624,8026.142046393984,7.854129198029285,5.359458256753002,13.9598568966675,0.011764705882352941,11.469527737410244,102.95385697991463,20.004365924090685,19.404763100552337,0.970026401945774,1.3939570289104093
112,1,obs_1,775986,1,0,0,0,goal,0.7583326225487784,0.5748599328505604,0.4563924850491078,1.4189167022705078,0.6056189115379472,1.0968104345408125,0.9889654450566173,3.4852350738733437,6.120680046081543,230,23.0,0.8348727251700415,11.280424613414747,2.6250570474116723,4200.0912758586755,6.964288555964112,4.214385387434649,11.705300695546295,0.0,9.045637275242719,107.83304998082252,20.00083757917921,19.20207267891095,0.9600634274886684,1.2782512364637018
113,1,obs_1,775987,1,0,0,0,goal,1.3828078878485823,1.0372425363596733,-0.850569219565037,2.58286190032959,1.0902704515049382,0.43744824876623556,0.9883656605886827,2.5919299970183474,2.314636468887329,311,31.1,0.6491530578294495,10.533097968632925,15.741839901789167,25186.943842862667,5.281434261029766,6.1031349966237185,24.34021502463716,0.36977491961414793,17.149496277781356,72.64649446362766,20.0,20.188660098495884,1.0094330049247942,1.2219135644695973
114,1,obs_1,775988,1,0,0,0,goal,0.9495551872513747,0.7101022362227739,-0.5900769219499103,1.7808948755264282,0.7439517993916759,0.7835864419886822,0.9887825478595251,1.9013171990068105,4.463132762908936,253,25.3,0.7660904326171876,11.087934639314884,4.368704736775076,6989.927578840121,8.0053178209161,4.750311099264446,14.121841592677379,0.0,11.316113158522203,103.95080551594964,20.0,19.38208794521485,0.9691043972607425,1.4056147138778974
115,1,obs_1,775989,1,0,0,0,goal,0.7515285716102786,0.5736843131897648,-0.468082111532314,1.4024767875671387,0.5879577627772561,1.183326060951147,0.9886442036466825,3.0367114802634774,6.299870109558105,230,23.0,0.8330057470511432,11.233151663961294,2.585633160043878,4137.013056070205,5.892719165727041,4.107261243661681,11.907013822265942,0.0,8.879286879321763,105.04548320898397,20.0,19.159132182176297,0.9579566091088149,1.287128564789706
116,1,obs_1,775990,1,0,0,0,goal,1.1582919173557935,0.8994246595883107,-0.6024622441588325,2.173614501953125,0.9892822702216308,0.7094531962766358,0.9884832383564454,2.6058926835077836,3.4003811359405516,297,29.700000000000003,0.6708659071394569,10.763104530737495,12.553093640249779,20084.949824399646,6.126901779223132,6.276684683016998,22.03043133638147,0.1717171717171717,15.809186570811564,81.30113364622198,20.0,19.924717442041874,0.9962358721020937,1.2627497486374792
117,1,obs_1,775991,1,0,0,0,goal,0.9216702589709161,0.6615469468368057,-0.6127888193383465,1.7485730648040771,0.6884518350367229,0.7362709694522569,0.9888371341807557,2.100848688104387,4.240361213684082,249,24.900000000000002,0.7774635284511867,11.1090980853229,4.187288985482373,6699.6623767717965,7.813771619393881,4.91371082824555,13.008457378832151,0.004016064257028112,10.937240019889577,105.19083249990773,20.0,19.358841858434552,0.9679420929217276,1.3767918904622691
118,1,obs_1,775992,1,0,0,0,goal,0.8241511978246627,0.5884379387944532,-0.5720626907898922,1.5589765310287476,0.593270153203458,0.8699399240962056,0.9889715388050575,3.4624934981799833,5.132090377807617,230,23.0,0.8334775458986728,11.274473374108556,2.524180702687474,4038.6891242999586,7.780138634584485,4.412456460677904,10.457010858510014,0.0,9.10902790035313,108.69410163934447,20.0,19.169983555669475,0.9584991777834737,1.3254059271166612
119,1,obs_1,775993,1,0,0,0,goal,0.75772215296838,0.5186853918022718,-0.5186853918022718,1.4344569444656372,0.5523661153890244,0.9582881995861485,0.9889715388050575,3.5504525702995986,5.379940032958984,216,21.6,0.8801709339563838,11.521962594706565,1.9345129979271467,3095.2207966834344,8.406945882841597,3.8841588998138596,8.377234112790406,0.0,6.920751187431116,108.0509608094726,20.0,19.01169217345789,0.9505846086728946,1.359577755059502
120,1,obs_1,775994,1,0,0,0,goal,1.411541086040691,1.0635768808225392,0.8852650787882698,2.6082406044006348,1.0994334804156782,0.5659224297172176,0.9886320143109072,2.006221930402602,3.03126220703125,307,30.700000000000003,0.6572820256132377,10.682161499682817,13.497407186334119,21595.851498134594,6.280862844969127,6.110980998789248,22.46387206348636,0.24429967426710097,17.261616599253983,75.61368748943994,20.0,20.178558186326395,1.0089279093163197,1.247879874902485
121,1,obs_1,775995,1,0,0,0,goal,0.9997886935849819,0.7859505281207028,0.49200004965171135,1.8663246631622314,0.870352447553908,0.833761908537851,0.9886468765171518,2.865023993537168,3.944727373123169,277,27.700000000000003,0.7096642731240485,10.961169545682036,7.889442565116923,12623.108104187077,6.701810139676799,5.919566148260575,18.195662318127034,0.04332129963898917,13.58734056755097,91.1767599073882,20.00000020533054,19.65770036553614,0.9828850081859916,1.2721881821032583
122,1,obs_1,775996,1,0,0,0,goal,0.9255362944701288,0.6477059050431433,0.6399607384840984,1.7539724111557007,0.6686312029664666,0.725547317161127,0.9888630832342173,3.0822428661542265,4.343869590759278,246,24.6,0.7868068806650277,11.14394796687161,3.8920070453483415,6227.211272557347,7.18407546208069,4.872719169183046,12.049996776279649,0.0,10.421200435618092,105.43275912225948,20.0,19.355449264359684,0.9677724632179843,1.291152135635242
123,1,obs_1,775997,1,0,0,0,goal,0.6681967020225973,0.5196927531805133,-0.458258957723939,1.2446820735931396,0.4862978102558604,1.141336027679689,0.9887635394454367,2.3907867274073538,6.707564830780029,214,21.400000000000002,0.8897457599341273,11.373347787582533,1.478109865817434,2364.975785307894,5.869167497460271,3.818704879957423,8.763541975950771,0.0,8.117133830258444,105.09281688685101,20.071706006875978,19.040559262590328,0.9486268509546518,1.3698618766838926
124,1,obs_1,775998,1,0,0,0,goal,0.7397666467718322,0.5312075568612532,0.4743462951404841,1.4118447303771973,0.5676709292913787,1.0034934386366774,0.9889436720564183,3.4947633048139273,6.384995269775391,224,22.400000000000002,0.8549401059182894,11.378330070454727,2.1155675457267087,3384.9080731627346,6.55738429371017,4.262691878925001,10.023814353168875,0.0,8.625739910149996,108.77266527007247,20.017654892076088,19.150658372569687,0.9566884070995949,1.2738479273020025
125,1,obs_1,775999,1,0,0,0,goal,1.1087024808940051,0.8492421206086874,0.5999407773412634,2.0733704566955566,0.9323584368812686,0.6437755750387998,0.9887743939116141,2.6059757421287415,3.7721341133117674,285,28.5,0.6942987222001057,10.917747603195082,8.227949147574122,13164.718636118596,7.237232890976986,5.515378040378585,18.104665385526523,0.017543859649122806,14.077030257414458,94.26179639255905,20.0,19.787513582703014,0.9893756791351507,1.4236550703161677
126,1,obs_1,776000,1,0,0,0,goal,1.087125756372916,0.7570415782927071,-0.7511101146559981,2.0382938385009766,0.7859236641244732,0.472832230221184,0.9889715388050575,2.988508912149059,3.161795425415039,267,26.700000000000003,0.7358937534481809,11.05245429980621,8.31987218402238,13311.795494435806,7.187251242479884,6.026855309737612,16.46131670942237,0.09363295880149813,13.303375175817152,92.16097379482686,20.0,19.648363217066432,0.9824181608533216,1.323429564346268
127,1,obs_1,776001,1,0,0,0,goal,0.9404838521071636,0.679504348130505,-0.6202036389325273,1.7811232805252075,0.7070058856397028,0.7690938881269196,0.9888324151971211,2.71821368628041,4.26748628616333,252,25.200000000000003,0.7703913364276109,11.088594359002032,4.429967450351014,7087.947920561623,7.204181151056432,4.956769273440089,13.404799756697482,0.0,11.218305813718985,104.52290837725911,20.0,19.413861677975795,0.9706930838987897,1.36246868294481
128,1,obs_1,776002,1,0,0,0,goal,0.9373689320757577,0.6915264700352033,-0.605916900275483,1.7672559022903442,0.7152099165849121,0.7646057147368513,0.9888142628634989,2.343006362261228,4.326191997528076,251,25.1,0.7732460945862212,11.102704172259646,4.233916045845816,6774.265673353305,6.976181096769869,4.837903334002179,13.400197303269534,0.0,11.231285826841098,104.82041226120154,20.001542628545202,19.40847697411415,0.9703490043020653,1.3659685970338606
129,1,obs_1,776003,1,0,0,0,goal,0.9819139235945308,0.7536624508575742,-0.56433953237471,1.8315094709396362,0.8035395731063278,0.8309756653460988,0.98871394633196,1.7640141247024657,4.350452041625976,262,26.200000000000003,0.7439738329377699,11.04399890167228,5.312967544528874,8500.748071246197,6.521824561773132,5.040849913032921,15.738242752281309,0.0,12.110639246643023,98.5381284069784,20.0,19.492114422969568,0.9746057211484784,1.3295956371921782
130,1,obs_1,776004,1,0,0,0,goal,0.9390879489635926,0.7253434163946155,0.5386683587452332,1.7520432472229004,0.7692350584674127,1.0372284113475374,0.9885258061659921,3.126392458133731,4.449667644500733,259,25.900000000000002,0.7513441353154737,11.015687119205388,6.463455155965836,10341.528249545338,7.204199541908825,5.56899743253595,17.101769982099995,0.015444015444015444,11.965079053821166,94.76533104102491,20.0,19.45981310467077,0.9729906552335384,1.2477280667460577
131,1,obs_1,776005,1,0,0,0,goal,1.4046412745419197,1.0395209857876804,-0.9791748758803621,2.519791841506958,1.0070916902603386,0.4326091092815885,0.9889187881166107,2.0949720102574068,3.2989251613616943,276,27.6,0.7235375844259558,10.976043259947682,9.040432235048137,14464.691576077019,8.501045896248383,5.977158296793903,17.653254430430632,0.11956521739130435,15.501043421392053,84.96076791138535,20.06391982332295,19.96963733015638,0.9953008936440738,1.265901249953014
132,1,obs_1,776006,1,0,0,0,goal,0.8064366257522201,0.568349843339435,0.568349843339435,1.5237960815429688,0.5721175464278876,0.8543815602013521,0.9889626940817899,2.5388804823433277,5.292884445190429,223,22.3,0.8585124520986283,11.422954275830849,2.28665683066738,3658.6509290678077,7.936392790797326,4.252992452245301,9.32929197856697,0.0,7.715170654838892,108.11127739920491,20.001766182030075,19.144827681799413,0.9571568584278047,1.2837955450803518
133,1,obs_1,776007,1,0,0,0,goal,0.7561105175817219,0.5429517924785614,-0.5429517924785614,1.4460539817810059,0.5262190283921863,0.9368710889756121,0.9889351492252909,1.926846618824565,4.631873512268067,228,22.8,0.8388559670546137,11.355022759068035,2.5204130727066216,4032.6609163305957,6.723552049519206,4.659342217844986,10.316490027359116,0.0,8.415533770798218,109.6539375993604,20.03020741136064,19.12591604884519,0.954853619638379,1.2990600281945466
134,1,obs_1,776008,1,0,0,0,goal,0.9265826698826127,0.6681952418359522,0.6190508031577338,1.7525076866149902,0.6894429252929903,0.7386036347284889,0.988832415197121,3.085220163181245,4.468150520324707,248,24.8,0.7807347012010661,11.118561905289573,3.9653054273296386,6344.488683727422,7.0382761621945775,4.825168648584744,12.781116128964875,0.0,10.872647734740347,105.45861426307462,20.0,19.36222058978644,0.9681110294893219,1.359916419323168
135,1,obs_1,776009,1,0,0,0,goal,0.8098458840757322,0.5781272736647063,0.5272742243483662,1.5331416130065918,0.6146806067318482,0.8920269378951918,0.9888502612901771,3.2455901004976053,6.121624755859376,225,22.5,0.8520555434619943,11.425929302455236,2.3928935674546574,3828.629707927452,7.153103804947542,4.4350767172730725,9.729600824043155,0.0044444444444444444,8.41616328329699,107.04919446313818,20.016483962604028,19.17124972789487,0.9577730916034868,1.2675596048824278
136,1,obs_1,776010,1,0,0,0,goal,0.9827313133059408,0.7876560954194698,-0.40231242159160074,1.8266915082931519,0.8966078014299905,0.8087617552969185,0.9884547849216655,2.706109581445719,3.5058009147644045,286,28.6,0.6889446776972321,10.857076728696141,10.609874763541747,16975.799621666793,7.263211367423074,6.395385792708007,20.505345404747274,0.11188811188811189,14.410669811352946,86.69469468200056,20.0,19.703817782140845,0.9851908891070422,1.2872758509476898
137,1,obs_1,776011,1,0,0,0,goal,1.2890589553967335,0.9882883561242904,-0.7400979557634637,2.3963987827301025,1.0554278783333613,0.6089633702880566,0.9887002480036932,2.4773200141177947,3.576871061325073,301,30.1,0.6669826659429036,10.82119694055581,10.972171570982354,17555.474513571768,6.968339383602142,5.9700345371620696,20.554174396930343,0.07641196013289037,16.274746996740557,82.73053917980306,20.0,20.076178244881394,1.0038089122440697,1.2687021600010524
138,1,obs_1,776012,1,0,0,0,goal,1.110785220012383,0.7728673038218403,-0.7569990448032246,2.087684154510498,0.8128937514613847,0.4143340837935454,0.9889715388050575,2.838496645367302,3.5250277519226074,272,27.200000000000003,0.7259076355924668,11.06752512393081,8.502409159989528,13603.854655983245,7.929738553247768,5.962804072666589,16.87766899512259,0.022058823529411766,14.069187186457938,90.76826964785869,20.0,19.7446876881151,0.987234384405755,1.363011917217434
139,1,obs_1,776013,1,0,0,0,goal,0.8142685820243637,0.5940133821029492,0.5185979330757012,1.5203615427017212,0.6277654876477189,0.9156066284125782,0.9889203986070619,2.117829300116533,6.406586456298829,216,21.6,0.8849902999745519,11.496468743128288,1.803900698741674,2886.2411179866785,6.370443535405535,3.9586568624869636,9.197191336080087,0.0,8.222045838420724,106.09545884778137,20.060034585202384,19.115790479450325,0.9529290888437153,1.3495351701312912
140,1,obs_1,776014,1,0,0,0,goal,1.3250302595004881,1.002390802305279,-0.8050472715925612,2.4555270671844482,1.0524277073002704,0.5505138494940619,0.9887640554726569,2.1934081823426137,3.5919026374816894,299,29.900000000000002,0.6697643604417928,10.811843189770624,10.540715164353053,16865.144262964885,8.123672778574411,5.74361983489567,20.04006826359293,0.09698996655518395,15.947714283544443,86.09921265191804,20.0,20.025954377209604,1.0012977188604801,1.378541960932705
141,1,obs_1,776015,1,0,0,0,goal,0.6907380716512352,0.47633990886109606,0.47633990886109606,1.314631462097168,0.5002193267504463,1.0705407290325248,0.9889715388050575,3.5738894723414614,6.359503936767578,213,21.3,0.8914686242335235,11.55199255127932,1.6769069601031863,2683.051136165099,6.346558371804794,3.858496472485057,7.881238406279207,0.0,6.652464814187907,108.24563792845805,20.0,18.988281696174052,0.9494140848087026,1.3137651945820552
142,1,obs_1,776016,1,0,0,0,goal,1.248644433554907,0.9098795653406111,-0.811219308397431,2.3167965412139893,0.9492292426652524,0.44803077689735726,0.9889625737346178,1.9978553368876177,3.505907726287842,284,28.400000000000002,0.701186765253574,10.921426319713953,9.915551479921902,15864.882367875043,8.893073813548778,5.937716697970068,19.024678357732547,0.09154929577464789,15.613497177796967,88.45415980159085,20.00181448888546,19.913704133201506,0.9955948818676967,1.4527390474205468
143,1,obs_1,776017,1,0,0,0,goal,0.6607951805006466,0.460214100471689,0.4585702259297799,1.2609601020812988,0.4757768578478705,1.1149630115361386,0.9889715388050575,2.9055664662649043,6.539358997344971,212,21.200000000000003,0.8997687387190199,11.547248278395273,1.4898396080606457,2383.743372897033,6.117705711256272,3.745297236424312,7.833447491591972,0.0,6.77046951141744,108.43833123458438,20.0,19.075097260843226,0.9537548630421613,1.2096474332752365
144,1,obs_1,776018,1,0,0,0,goal,1.1758823547283765,0.8698632260163625,0.6997590079250043,2.2048356533050537,0.9450061602917545,0.5673272840779054,0.9889219749287222,2.15827193005493,3.642872428894043,285,28.5,0.700033208006907,10.932088528259804,9.478517569582658,15165.628111332255,7.228590778901543,5.783303355077952,19.35026628649875,0.06666666666666667,15.631264892866813,91.42390131267642,20.056351645906588,19.95094642819685,0.9947445467864415,1.4570850439861198
145,1,obs_1,776019,1,0,0,0,goal,0.6954135717018384,0.49760360124929726,-0.4604484443531721,1.3250353336334229,0.5211403513448672,1.1443998286649812,0.9889715388050575,2.4095107959190636,6.444780445098877,221,22.1,0.8647112115841193,11.416031969400393,2.0799706455926072,3327.9530329481713,6.246402805501764,4.182296299733543,9.71158002819276,0.0,8.022866800936493,109.74725735841642,20.0,19.110117776009034,0.9555058888004517,1.2890341083970531
146,1,obs_1,776020,1,0,0,0,goal,1.3910318066281313,1.0529656426682825,0.8558376828007692,2.573514223098755,1.0965907840891846,0.656599455613483,0.9885220559363318,2.339425923925573,3.3040528774261473,306,30.6,0.6572912303846187,10.68481312137024,13.795494753979899,22072.79160636784,5.949685417237829,6.119639249814963,22.95734020729178,0.19281045751633988,17.23578255857186,75.49128455597388,20.0,20.113111649769333,1.0056555824884668,1.2997285107561374
147,1,obs_1,776021,1,0,0,0,goal,0.7962421481190498,0.6131785177470496,-0.4097057542327555,1.5059702396392822,0.6827464781233278,1.188441695732106,0.9886122155463797,2.315518526833398,4.443883419036865,252,25.200000000000003,0.7672500332900317,11.046448385519398,5.711455473001549,9138.328756802479,5.958757291277091,5.387400923233983,16.065486409864942,0.047619047619047616,10.857031914972156,97.9027888242685,20.042295438620663,19.334700838908798,0.9646949321808539,1.298229015104385
148,1,obs_1,776022,1,0,0,0,goal,0.798743560612499,0.5609552140730903,0.5500589862807893,1.5121402740478516,0.5791600704742024,0.8902687659360645,0.9889715388050575,3.0001156917906737,5.75248966217041,226,22.6,0.84740988597367,11.393653510412593,2.4499848988944026,3919.975838231044,7.548762824800279,4.386779870836699,10.15797426701581,0.0,8.780511502356347,109.01729535778671,20.0,19.151463423004937,0.9575731711502469,1.3076701298093323
149,1,obs_1,776023,1,0,0,0,goal,1.1636219802332732,0.8122314899092554,-0.8110822155548219,2.1651484966278076,0.8343630819329712,0.35517874949457495,0.9889715388050575,1.9229059277894245,3.2711253643035887,274,27.400000000000002,0.7230699272382775,11.048799763848312,8.941935291172241,14307.096465875587,7.913709843988383,5.922031742717049,16.840642389644238,0.09854014598540146,13.943069948995573,88.3778323987475,20.0,19.8121160063288,0.99060580031644,1.23370097928533
150,1,obs_1,776024,1,0,0,0,goal,0.731867436926598,0.5598779061979993,0.45054659877769554,1.3658744096755981,0.5767475249737601,1.2039993042791,0.9886937298258837,1.6206471116824108,6.527193450927735,229,22.900000000000002,0.833891227649249,11.236292572403286,2.601484355773318,4162.374969237309,5.855122339307216,4.247039055698066,11.818501380024127,0.0,8.74724395197857,104.70471066612437,20.0,19.0961091131678,0.9548054556583899,1.3338170461914989
151,1,obs_1,776025,1,0,0,0,goal,0.8742618371505139,0.715011314698495,0.2702102736403633,1.5906031131744385,0.8314566542622601,0.826258528423072,0.9883812366142827,3.0704978828306357,3.37516188621521,280,28.0,0.6981312907543211,10.851328752138736,10.346601449242682,16554.56231878829,5.808334853700412,6.363902917432302,20.2248472219622,0.17142857142857143,13.407656417272348,88.44654960292453,20.0,19.547676141120995,0.9773838070560498,1.3152069177283527
152,1,obs_1,776026,1,0,0,0,goal,1.0278148007651249,0.7170857641709034,-0.6849356929868397,1.9521949291229248,0.7663330614977348,0.5430091626197877,0.9889715388050575,2.165720066698975,3.507858228683472,267,26.700000000000003,0.7371753944691224,11.053001625609866,7.962633752114606,12740.21400338337,7.800572001396265,6.050240567936643,16.498186106231998,0.0299625468164794,13.419380424823636,94.37032355192723,20.0,19.682583032325567,0.9841291516162783,1.3812318504915222
153,1,obs_1,776027,1,0,0,0,goal,1.1481412170243797,0.8271715653486578,-0.7689422118289843,2.13092303276062,0.8526172230830042,0.5792695344586143,0.9889288639192989,2.6302563963774057,3.662266492843628,263,26.3,0.7519267825705525,11.066109697700977,7.164214610123628,11462.743376197803,8.14469871857694,5.893672055671184,16.06204743196076,0.019011406844106463,13.893257518910005,94.30317010136613,20.04165193723282,19.775674381605533,0.9867287608596195,1.2476343594566208
154,1,obs_1,776028,1,0,0,0,goal,0.9329229058795735,0.6467077148112433,0.6467077148112433,1.7582645416259766,0.6723944377509433,0.7209045224733618,0.9889715388050575,2.230789557253093,4.141380977630615,243,24.3,0.7954508418550749,11.205398848465624,4.041630715225382,6466.609144360612,7.618670995094166,4.876075132202768,11.626384739532828,0.00823045267489712,9.73431878613947,104.54294686819867,20.0,19.32945545707832,0.9664727728539161,1.2739925876957792
155,1,obs_1,776029,1,0,0,0,goal,1.040854554006811,0.7369634720738287,-0.7085969943277262,1.9757838249206543,0.7624096682403956,0.5087687203449142,0.988960476221165,1.3788392701718066,3.435398530960083,270,27.0,0.7289628220969846,11.031703887879848,8.316397602593296,13306.23616414927,10.081368766475785,6.150321144517947,17.061564357796062,0.04814814814814815,13.734586653986444,92.7007422312584,20.00276484459834,19.681996196618584,0.9839637844832048,1.3924756868563064
156,1,obs_1,776030,1,0,0,0,goal,0.837549040815208,0.5829190219252982,-0.581395193208768,1.5782665014266968,0.6028830940441224,0.8118955470047347,0.9889715388050575,3.6361417889033985,4.652764892578125,227,22.700000000000003,0.8436554823234121,11.339093264576077,2.393911902062989,3830.259043300782,8.17579272928425,4.185648275323357,9.28360363464361,0.0,8.045314237226183,108.31011563333414,20.0,19.15097944874146,0.9575489724370729,1.2962163801721895
157,1,obs_1,776031,1,0,0,0,goal,0.9394227843818626,0.6928092226719083,-0.6034072876487677,1.768782138824463,0.7200102867516052,0.7642674867659797,0.9888041563235682,2.5851530736196766,4.357669639587402,251,25.1,0.7711995649759238,11.094850727290414,4.212841565477213,6740.546504763541,6.738169533014298,4.760681400347773,13.596493539315059,0.0,11.19207273930979,104.62808521063971,20.0,19.35710908089569,0.9678554540447845,1.4134967222937598
158,1,obs_1,776032,1,0,0,0,goal,0.7830277903315116,0.6042445823113667,0.3779084848210914,1.4884207248687744,0.6857971256367853,1.1086037668486528,0.9886104488246562,2.5738527899545502,4.423302459716797,256,25.6,0.7589434744072963,11.035444883410264,5.783643047722127,9253.828876355403,5.807726219588634,5.351016181591651,16.2277925232047,0.0546875,11.168508132006412,97.97012546758384,20.08945257268814,19.428952944826783,0.9671220693808594,1.2834452233953801
159,1,obs_1,776033,1,0,0,0,goal,0.9847842111718321,0.7662315965817823,0.5681730023325356,1.822230577468872,0.8043502856304336,0.8039778055778887,0.9886956696575016,1.51951317113717,4.46830186843872,258,25.8,0.7527563326651628,11.066001491668176,5.157052525379828,8251.284040607723,6.670137184603205,5.098666618932836,15.619562372922637,0.0,12.386044628870394,97.28717509784862,20.011115234415982,19.4211133827612,0.9705162933328138,1.363996566249937
160,1,obs_1,776034,1,0,0,0,goal,0.790225977115484,0.6081249363832175,-0.41136101270094516,1.4913568496704102,0.6747141706958395,1.1770461047048837,0.9886126411815434,2.6073672989925587,4.445854568481446,250,25.0,0.7706829938125911,11.051981705121696,5.571889665143963,8915.023464230339,5.945953690862081,5.369458200353992,15.912077173665166,0.048,10.719874292730877,98.3648768984051,20.041269597622698,19.26707484531478,0.9613699746646913,1.348860296122942
161,1,obs_1,776035,1,0,0,0,goal,1.1636340909191374,0.8323574838603077,0.7965982535860731,2.1731667518615723,0.8482190282779714,0.4426410137632444,0.9889704251349155,1.4503694981167463,3.2160294532775877,276,27.6,0.718759622054384,10.980571431715203,9.171306100517658,14674.089760828252,9.75408153456043,6.041218070448737,17.70282306707552,0.10507246376811594,14.461708649030488,89.95623226577746,20.0000279249256,19.837765568701002,0.9918868935166648,1.3217406726939942
162,1,obs_1,776036,1,0,0,0,goal,0.6643053206553112,0.4777875610567424,-0.47316250296463386,1.2766400575637817,0.4662818941790458,1.1338938431101464,0.9889433271583132,2.6002419300648283,5.710488414764404,218,21.8,0.8734211365502493,11.491574090916702,1.9805044696774303,3168.807151483889,7.37711153409448,4.384287652437506,9.49720998662054,0.0,7.571494873292026,109.28689672358348,20.01809640479072,19.040580776795437,0.9511684024180568,1.2974735796783783
163,1,obs_1,776037,1,0,0,0,goal,0.7842389607524146,0.5856283795538133,-0.5322074942162325,1.4864063262939453,0.5760086203019067,0.9684129834656444,0.9889276776125553,1.650756565584286,4.867726230621338,232,23.200000000000003,0.8305838670923664,11.312989644603885,2.868017616201381,4588.82818592221,8.12874375741719,4.922215698976087,11.934901748077365,0.0,9.56642248185366,109.23745410331298,20.044021639488623,19.269545716542904,0.9613612509068575,1.3013068311513465
164,1,obs_1,776038,1,0,0,0,goal,0.7242387204563543,0.5840612705336607,-0.21256330125954553,1.3357375860214233,0.6923428104385145,0.9872377185659138,0.988535384093749,2.8388780364156405,3.735508441925049,263,26.3,0.737365496970461,10.932610650437958,7.966984259048264,12747.174814477225,5.827479769710366,5.844157450727248,18.30218045770442,0.1596958174904943,11.36280408873291,94.79693208464187,20.083375712172696,19.392712570323127,0.9656102065834006,1.3288125440174032
165,1,obs_1,776039,1,0,0,0,goal,0.768508261930173,0.6268471722393784,-0.24127319788754875,1.4094666242599487,0.7296521038385698,0.9163219264939608,0.9882433694538793,2.036167528867776,3.337983322143555,268,26.8,0.7252329432453798,10.8588846250048,8.745207354105796,13992.331766569274,5.513350740912255,6.132615158323376,18.70967763589014,0.16417910447761194,11.717904871192987,91.24435843306978,20.000657570771438,19.436242878976177,0.9717801932362422,1.2329035492048184
166,1,obs_1,776040,1,0,0,0,goal,0.9674309093797482,0.7410508487337493,0.5661601191567069,1.8030471801757812,0.7844649666491104,0.8105981228411987,0.9887139463319599,2.505283152277724,4.497464942932129,258,25.8,0.7548771438357754,11.06915829122895,4.836508564383045,7738.413703012871,7.807184703619099,4.933740487271039,15.223814655698172,0.0,11.778177925882005,99.77670544470138,20.0,19.475830310963005,0.9737915155481502,1.30566006909073
167,1,obs_1,776041,1,0,0,0,goal,0.9591018225643788,0.7279999868915183,-0.5599038515356369,1.7903988361358643,0.7787066091165995,0.7950484889354977,0.9887283781337713,3.105290308259085,4.431902980804443,256,25.6,0.7581400312509512,11.070099134075917,4.588299280386471,7341.278848618353,6.421581436606014,4.740752533951545,14.915135668197763,0.0,11.5902748514019,101.2318018683631,20.00170968738705,19.408384800024347,0.970336291415286,1.3685745768984772
168,1,obs_1,776042,1,0,0,0,goal,0.9159138844828988,0.6362103919925478,0.6330019732316335,1.7255607843399048,0.6619718616930867,0.6923461694135522,0.9889715388050575,3.1440944372771487,4.216554450988769,240,24.0,0.8040310082649982,11.227607757128135,3.6502514948051514,5840.402391688243,7.902697487208196,4.749019017113879,11.148770380761903,0.004166666666666667,9.43790129023723,105.71779612842985,20.0,19.296744198359956,0.9648372099179978,1.2730737697810954
169,1,obs_1,776043,1,0,0,0,goal,1.2470427074118444,0.9430403979495168,-0.6845886590304655,2.3356783390045166,1.0423309848776119,0.49845650139294484,0.9887229490129886,2.0277011901355584,3.700130033493042,302,30.200000000000003,0.664760184300053,10.801806786459167,10.494343705421642,16790.949928674625,7.815404409585997,5.61673160281984,20.519430335635775,0.0695364238410596,16.230631880584678,86.42256808930563,20.058957352725876,20.0757575658616,1.0008375416947302,1.4135648158814567
170,1,obs_1,776044,1,0,0,0,goal,1.1614363554688418,0.8596656521594067,-0.6778371941285266,2.1705243587493896,0.9431177795274098,0.48933646376284773,0.9889715388050575,2.651275450556141,3.6108491897583006,287,28.700000000000003,0.6918198632648357,10.950399415470166,9.809221017110133,15694.753627376213,8.42499489134008,5.741966982736453,19.18200853507875,0.03832752613240418,15.017373035901974,90.91018102367897,20.0,19.85523007570078,0.992761503785039,1.551579163945904
171,1,obs_1,776045,1,0,0,0,goal,0.9399938152656232,0.6836820777262682,-0.6233312977477908,1.7443841695785522,0.7035953851367117,0.6929102952717994,0.9889299207911166,2.970967042634795,5.033800220489502,230,23.0,0.8380318781443211,11.338880473924497,2.6330724650913013,4212.915944146082,7.9207565326357505,4.438413046926545,10.790419655912244,0.0,9.931987702181784,105.64851563456473,20.039596462305713,19.274733197319385,0.9618324018437683,1.2973079383531476
172,1,obs_1,776046,1,0,0,0,goal,0.7883756502659114,0.5618249636019269,0.5618249636019269,1.4943729639053345,0.5530722160856502,0.8843813450771937,0.988955936107458,2.477036368983695,5.234953784942627,225,22.5,0.8495676919921895,11.410542115902354,2.380576127821585,3808.9218045145353,8.058369981258043,4.527441933226907,9.908817999571976,0.0,8.344224512749943,108.73028587851707,20.005508633605583,19.115273069824266,0.9555004783889431,1.3006127106159078
173,1,obs_1,776047,1,0,0,0,goal,0.8390837460429668,0.6550639304314863,-0.37462902919934044,1.5835148096084595,0.7508093122455646,0.9966438453829727,0.9886200306048784,3.169622586339365,4.140911197662353,265,26.5,0.7348296577579203,10.996501450214692,6.5589576106395,10494.3321770232,6.163318771304507,5.583107318795231,17.16204967110787,0.06792452830188679,12.033764228120289,95.93865783838378,20.055651505362597,19.47298593058489,0.9709475618569703,1.3215451365419475
174,1,obs_1,776048,1,0,0,0,goal,0.6878648683428032,0.4553202934231486,-0.4553202934231486,1.3223973512649536,0.5155982035435344,1.0865515391862095,0.9889715388050575,2.9553682691247207,6.242125463485718,212,21.200000000000003,0.8968944404864689,11.579733685432178,1.889897705784418,3023.8363292550684,6.209230231302151,3.75108927083734,8.10206739602057,0.0047169811320754715,5.880649118629984,108.18075430988634,20.0,19.014162138313143,0.9507081069156571,1.3489645681694504
175,1,obs_1,776049,1,0,0,0,goal,0.767972400206191,0.5587453947141113,0.543227324074363,1.4621762037277222,0.5428495941395415,0.94306698383379,0.9889372705784578,2.6979760416955827,5.097180652618408,228,22.8,0.8408196801684561,11.361361459467412,2.554891114758919,4087.82578361427,8.040579076905606,4.792264417919847,10.989351009239295,0.0,8.986157445075673,109.38787675849561,20.02676431289102,19.170688707840796,0.9572534238843976,1.3054927430947778
176,1,obs_1,776050,1,0,0,0,goal,0.7055404148784075,0.4699181333054648,-0.4699181333054648,1.3483198881149292,0.5262739068370222,1.0026618647942307,0.9889715388050575,2.9750415426476313,5.319228267669677,212,21.200000000000003,0.8965134876036901,11.605174100553652,1.8030453295911522,2884.872527345844,8.222983798709524,3.6593729163503976,7.911220336824937,0.0,6.082801679659068,107.86997243555001,20.0,19.00608593719823,0.9503042968599115,1.3552422301582576
177,1,obs_1,776051,1,0,0,0,goal,1.110459408664274,0.8333090651094992,-0.626664147467982,2.0791006088256836,0.9167399547141144,0.6680117085436527,0.9889715388050575,2.164045637932598,3.624907875061035,284,28.400000000000002,0.6969381955646162,10.939878943054872,9.097090881082691,14555.345409732307,7.087075668173207,5.66194544082963,18.616347857037702,0.035211267605633804,14.272379304235455,93.84974836759025,20.0,19.7930447540351,0.989652237701755,1.485048766150123
178,1,obs_1,776052,1,0,0,0,goal,1.2439807649784018,0.9598023441401499,-0.6827132630144636,2.3095269203186035,1.039899391354949,0.5136785259533398,0.988745382590092,2.5559350640962606,3.7613718032836916,296,29.6,0.6734159900622739,10.8742114783798,9.741901545174654,15587.042472279445,8.419886180910012,5.885474326260037,19.584914861825872,0.05067567567567568,15.680735821119962,87.90897753471361,20.0,19.93311330584331,0.9966556652921655,1.4180039902719068
179,1,obs_1,776053,1,0,0,0,goal,0.6997060059074628,0.48990623948977613,-0.4719375279833188,1.340132474899292,0.5165882929219057,1.1157609264618293,0.9889715388050575,2.9428952735900666,6.348319482803345,221,22.1,0.8639048328009833,11.448656543084775,2.1501594705580835,3440.2551528929343,6.535959135402332,4.297379238369367,9.488000783656314,0.0,7.910587543257933,109.93940111166174,20.0,19.09229680490173,0.9546148402450865,1.2927564866097185
180,1,obs_1,776054,1,0,0,0,goal,0.7078832371947228,0.570031027811078,-0.21395787470615826,1.3082854747772217,0.6747745589102364,1.0092174945430326,0.988536321402562,2.3395024295518576,3.779049777984619,260,26.0,0.7463205506238603,10.954361823223566,7.552759054458676,12084.414487133881,5.749494711864869,5.763853569129461,17.890246903667084,0.15384615384615385,11.037969017337947,95.52752660420578,20.08130017113319,19.404334316220368,0.9662887437992705,1.2847741480538641
181,1,obs_1,776055,1,0,0,0,goal,0.8077366498173839,0.5488042977913706,0.5488042977913706,1.5231765508651733,0.5926654521599278,0.8490653318513864,0.9889715388050575,3.2549102323192898,5.245576477050781,220,22.0,0.8692694372154267,11.497619777376002,2.217197263526742,3547.515621642786,7.444240377373892,4.00091467106193,8.912140547001565,0.0,7.1915895847438875,107.76750374324406,20.0,19.123927618739387,0.9561963809369693,1.3247759941766901
182,1,obs_1,776056,1,0,0,0,goal,1.3552348565481254,0.9944404351585402,-0.9396778775010347,2.4858055114746094,0.9765587554971635,0.3926399648182596,0.9889627352761742,2.1236375854217764,3.0726245403289796,293,29.3,0.6811794995464782,10.809176487498519,11.228687102742933,17965.89936438869,6.6428618607659855,5.923105625356811,20.00797981310496,0.18771331058020477,16.27228285248498,83.07014444315263,20.001749568574617,19.95855933671181,0.9978406773010166,1.4183926343514606
183,1,obs_1,776057,1,0,0,0,goal,0.9199529054788808,0.7211491587809057,0.4789663696158748,1.7184096574783325,0.7854327247295111,0.972677619275591,0.988499227054433,2.98103120670363,4.172731399536133,263,26.3,0.7377091412811232,10.983238961767608,7.450867485123744,11921.387976197992,5.918225247896355,5.764156071670485,18.022621998451864,0.057034220532319393,12.320496703032058,92.9984087620006,20.0,19.401750415693538,0.9700875207846769,1.3430220820861776
184,1,obs_1,776058,1,0,0,0,goal,1.069868882152709,0.7584421486732946,0.722627731925055,2.0049803256988525,0.7889414338539572,0.5706258932994851,0.98895961729382,2.7424063913776933,3.633357572555542,261,26.1,0.7523438830205345,11.082296899552476,6.932990410359733,11092.784656575574,8.108105029051119,5.81167594983234,15.347484770405796,0.019157088122605363,12.86403301758173,95.37553776613262,20.003211995010307,19.636175346835948,0.9816511144177288,1.27054018664566
185,1,obs_1,776059,1,0,0,0,goal,0.9352736629350772,0.665852868590504,-0.6303672349806875,1.7735896110534668,0.6909225525649014,0.7519940710142149,0.9888460058704793,1.9118032963206553,4.27933349609375,250,25.0,0.7754626982316231,11.101292629934033,4.287451306739093,6859.9220907825475,7.241218818809105,4.9882101707446544,12.943079349707114,0.0,10.994898456187991,104.70054350153191,20.0,19.386567455790576,0.9693283727895288,1.3452935608608898
186,1,obs_1,776060,1,0,0,0,goal,0.7570358437250015,0.5601984125157089,0.47454954855872883,1.4291493892669678,0.5898355657699287,1.0952148025620188,0.9889715388050575,1.9661043861283147,6.370358800888061,230,23.0,0.8326528130523463,11.303617873768394,2.6936564684364668,4309.850349498346,6.4237055299584,4.4153956159664185,11.356101566034814,0.0,9.025989571408116,109.54019108080256,20.0,19.151014700203966,0.9575507350101983,1.3499336782541747
187,1,obs_1,776061,1,0,0,0,goal,1.0228621854316395,0.8026356418814623,0.576974078970538,1.889866590499878,0.8445992911328359,0.8433218598525323,0.9885372324985912,2.292085088811019,4.379221820831299,264,26.400000000000002,0.7405247583614131,11.02262421347603,6.721781145257132,10754.849832411412,6.303967365520535,5.586545643195138,17.345377161470946,0.011363636363636364,13.493369210706655,92.70442857209632,20.046833595848383,19.549853620741306,0.9752090537026257,1.313608432374615
188,1,obs_1,776062,1,0,0,0,goal,1.0583701449587741,0.8182526090870664,-0.5229494896527656,2.0158164501190186,0.920147376789158,0.5611285859685232,0.9882433694538793,2.464917025267109,2.4407402992248537,297,29.700000000000003,0.6681497137475934,10.624190572124931,13.317823737499152,21308.517979998647,5.58977111972667,6.295131686086115,22.568797649453497,0.2828282828282828,14.818587194266412,80.15254264379716,20.0,19.844046498303523,0.9922023249151761,1.2165425612482086
189,1,obs_1,776063,1,0,0,0,goal,0.9309831010047145,0.6866895891427994,0.5646684513688087,1.7536159753799438,0.7401885397553152,0.7207814952781428,0.9889299927825969,2.611468713577878,4.807019519805908,250,25.0,0.7786460734620545,11.15498877878068,4.075135183643414,6520.216293829461,7.747895231687401,4.72033829372102,14.110700586717575,0.0,11.778863999061858,106.35087166593883,20.039459569503663,19.46615183655136,0.9713910581787959,1.340018441709542
190,1,obs_1,776064,1,0,0,0,goal,0.7359212677657929,0.5239595885839465,-0.522067960204211,1.40229332447052,0.5186763511846538,0.9944061853111518,0.9889603307268067,3.100959290440748,5.414001846313477,221,22.1,0.8669604629385611,11.451078538888249,2.0610834636950033,3297.733541912005,8.822240067476574,4.277123898236548,9.360592320721546,0.0,7.880523125219283,109.37572560883365,20.002838057759114,19.1598262309422,0.9578553891011526,1.2113925757940458
191,1,obs_1,776065,1,0,0,0,goal,1.0632425095820155,0.7812469574932118,-0.6318365198468286,2.004744291305542,0.8551416528097029,0.6074315269824394,0.988966059212687,2.941482866872659,3.6237202644348145,274,27.400000000000002,0.7208135573570822,11.004118227637814,8.05398641997401,12886.378271958416,7.648528226729714,5.77372772547082,17.4914503688958,0.01824817518248175,13.924642153673439,95.65376727224944,20.000677057701594,19.750291471584053,0.9874811444934997,1.4678129081281328
192,1,obs_1,776066,1,0,0,0,goal,0.9356841070629449,0.666740546955727,-0.6298083820762113,1.7743546962738037,0.6919871025364027,0.752564192454601,0.9888460058704793,3.122589645540274,4.279902648925781,250,25.0,0.7756905021283981,11.10152516031114,4.282368579153096,6851.789726644953,7.249338253398648,4.9872758027186,12.94122020656825,0.0,10.994208272128118,104.71907083582876,20.0,19.392262553209953,0.9696131276604977,1.3398360555353914
193,1,obs_1,776067,1,0,0,0,goal,1.1002480837500603,0.8576199985125494,0.562913899283973,2.05287504196167,0.9453432116372302,0.6929965203836718,0.9887018203840641,2.499846631120514,3.8150781631469726,287,28.700000000000003,0.6903642695120298,10.928081347203882,8.499339251266349,13598.942802026162,7.05193843874898,5.821191645959434,18.607244763023605,0.017421602787456445,14.472818545620134,90.61632860771697,20.0,19.81345453499526,0.9906727267497629,1.3071306575318065
194,1,obs_1,776068,1,0,0,0,goal,0.8061187845408825,0.5943215327978166,0.5142229203568597,1.5231339931488037,0.6208077665182133,0.9865484409520391,0.9889715388050575,1.8946219646233526,5.779079437255859,234,23.400000000000002,0.8214327658468246,11.280344141876318,2.986769461097529,4778.831137756046,7.83277406585063,4.647483641752708,11.823030985716699,0.0,9.553887613125916,108.7910520398674,20.0,19.221526720815692,0.9610763360407846,1.3403945893896978
195,1,obs_1,776069,1,0,0,0,goal,1.0384847832927109,0.8109862543896806,-0.4987547433086426,1.9698408842086792,0.9108755958733544,0.5992754877252675,0.9882936787346569,2.7687848880759276,2.565751647949219,293,29.3,0.6730308322498149,10.663508253604327,12.721817901348505,20354.908642157607,5.66147404582533,6.359593325417781,22.14883018167429,0.2593856655290102,14.836836478594671,81.17525941880963,20.004816715205028,19.71980338491958,0.9857527647294655,1.314742396489136
196,1,obs_1,776070,1,0,0,0,goal,0.9854095303083606,0.7581343790126731,-0.562142129626281,1.83720064163208,0.8093381051957047,0.8355850751471586,0.9887018203840642,2.0066279433881355,4.2462750434875485,263,26.3,0.7396441797113084,11.029855393242451,5.553165455052913,8885.06472808466,6.629386271229227,5.172486531097291,16.036153111479354,0.0,12.269136713242377,97.24884580657047,20.0,19.45264192640741,0.9726320963203705,1.3704215969081823
197,1,obs_1,776071,1,0,0,0,goal,0.7673162655921917,0.5945058853228642,0.5120091927799462,1.4402278661727905,0.5715075134686988,1.0249012381641713,0.9887571652590915,1.884383785844495,6.293088293075561,228,22.8,0.8436976089812029,11.261293880230943,2.434308740088692,3894.893984141907,6.820896688011775,4.573900247237009,10.871310461631143,0.0,9.45761229350732,106.95843918008441,20.091480535803314,19.236305484771428,0.9574359366146288,1.3409332428012146
198,1,obs_1,776072,1,0,0,0,goal,0.7107547082898913,0.48276821966283023,-0.48276821966283023,1.3529651165008545,0.5216388611288749,0.9956198754942486,0.9889715388050575,3.4140201128194567,5.280289554595948,214,21.400000000000002,0.8905217488323869,11.590877720894657,1.7814176452555455,2850.268232408873,7.745596808446964,3.816164918218463,7.911482741011777,0.0,6.567485244559617,108.26517118794825,20.0,19.05716542501308,0.9528582712506539,1.2752517816872142
199,1,obs_1,776073,1,0,0,0,goal,0.6469211050162804,0.4509826269229206,-0.4479232751764357,1.235787034034729,0.4667672392860284,1.1678872648856515,0.9889715388050575,3.5473685617284323,6.569057464599609,212,21.200000000000003,0.8995195365953659,11.529537252472265,1.4994634269736378,2399.141483157821,6.00043879866035,3.7695111586297663,7.908837411449431,0.0,6.7519146904158305,108.60347718300105,20.0,19.069814175821755,0.9534907087910878,1.2117575681151116
200,2,obs_2,875974,1,0,0,0,goal,1.1111904634462695,0.8506390221942312,0.6584717040922452,2.058765411376953,0.8950750029823142,0.5740636347791613,0.988736369457264,2.164923085894375,4.381988143920898,273,27.3,0.7190910136121154,10.908310206447073,6.394480738063402,10231.169180901445,6.962668632759767,5.063956107509427,16.831159218088228,0.01098901098901099,13.445743044093673,94.57138182689553,20.0,19.631184671610747,0.9815592335805373,1.3754471860054565
201,2,obs_2,875975,1,0,0,0,goal,1.6875238475469123,1.4357260563742404,1.4226299735512757,2.611644744873047,0.9076677224585169,0.6563668075339879,0.9886848762432316,2.2968318652869177,2.616775321960449,323,32.300000000000004,0.6174281811381139,10.303430198031498,15.453488165564393,24725.581064903028,12.22552488679471,9.45136371199675,24.399174766890035,0.19814241486068113,15.174070626599681,68.52910346100697,20.00748659665573,19.94293025076108,0.996773390521454,1.3608777877846525
202,2,obs_2,875976,1,0,0,0,goal,1.061330708084134,0.8178361220052466,0.7919247650083733,1.8616656064987183,0.7065960928909827,0.8786093138290809,0.9886898634337044,2.0545694634854916,5.771232223510742,232,23.200000000000003,0.8296780297730421,11.061502565302112,3.0668082749308407,4906.893239889346,9.203675015148146,5.93910960224427,12.967275726721333,0.0,10.952407822743513,99.19791860925798,20.0,19.24853029073458,0.9624265145367289,1.3452207345419938
203,2,obs_2,875977,1,0,0,0,goal,1.4099953098784783,1.147987753486232,0.3931602901811436,2.544029951095581,1.3540722876213016,0.242631874019411,0.988301055957736,1.7030777329519537,2.0263867378234863,389,38.900000000000006,0.552685191184361,9.90355652364828,27.007426021371636,43211.881634194615,8.061292567818436,6.7700138092541895,31.179178123647265,0.39845758354755784,23.148350391511133,40.444756831960134,20.0,21.499453937071642,1.0749726968535822,1.3823651545086266
204,2,obs_2,875978,1,0,0,0,goal,1.2734568733665,0.9392665429442799,0.9094961974300819,2.3205389976501465,0.8913523855269606,0.5972164095136111,0.9888714935085539,2.9300443068389868,3.384422254562378,278,27.8,0.706844844222324,10.7486620523729,8.45758521135083,13532.136338161326,7.5540498275619115,5.676645662172854,16.934322503281475,0.12949640287769784,14.210764487029092,89.33584303079687,20.0,19.650286669380613,0.9825143334690306,1.3451748662984249
205,2,obs_2,875979,1,0,0,0,goal,1.0197396625142732,0.7843455845925195,0.6310581781714435,1.871647834777832,0.8010209454612671,0.8677364060708986,0.9886616469364105,3.0916209687986607,4.061443901062011,259,25.900000000000002,0.7495539568628163,10.905030513804363,6.090626931474756,9745.003090359609,6.951959240575169,5.48038600004464,16.254211602495214,0.023166023166023165,12.254016642058499,92.8474658342688,20.0,19.413447482746943,0.9706723741373471,1.3813137502062853
206,2,obs_2,875980,1,0,0,0,goal,1.1036320385825253,0.8694405570813615,-0.7562212676812123,1.848976492881775,0.8038240298053057,0.7569963104053739,0.9886156072036593,2.469750810987107,3.710727500915527,256,25.6,0.7594102327976235,10.818863594064169,7.610970818951306,12177.55331032209,10.35662347195195,7.834199478787947,18.861511526920367,0.08984375,11.954205843765976,90.49180450708837,20.0,19.44090195961916,0.9720450979809581,1.4033002658815277
207,2,obs_2,875981,1,0,0,0,goal,1.1170570045121,0.8306522913277149,0.8306522913277149,1.984226942062378,0.7468822679924613,0.721243239387584,0.9888673652338842,2.696590280286274,4.988050746917724,235,23.5,0.8244240376336914,11.166804633337875,3.1066737097694084,4970.6779356310535,10.991362156744442,6.167971121655422,11.387227273395832,0.0,10.422171865846966,104.68995178882511,20.0,19.37396488439175,0.9686982442195875,1.2327904322269734
208,2,obs_2,875982,1,0,0,0,goal,1.018820942917347,0.8512854127265099,0.09820558174720241,1.6136404275894165,1.0140768104244793,0.500212271508286,0.9883165795572046,2.009759237328862,3.0708300113677978,360,36.0,0.5725427559184166,10.036674325851102,22.573387791567313,36117.4204665077,7.144245729472975,7.140447017616001,29.36310262978077,0.34444444444444444,19.44775049979464,56.60350624416368,20.0,20.611539213063004,1.0305769606531503,1.5248192684628175
209,2,obs_2,875983,1,0,0,0,goal,1.4824861584137823,1.2118423140834846,1.2062587096345982,2.185389280319214,0.8618034203454566,0.7276522082038034,0.9886756804087395,2.0480277372183586,3.6489941596984865,283,28.3,0.6946213316571217,10.531496465773825,10.452231805879247,16723.570889406794,12.650797384005065,9.306556537528383,21.09562007545793,0.0989399293286219,12.94023830099631,82.49975509458159,20.0,19.657783685896547,0.9828891842948273,1.2783186711668362
210,2,obs_2,875984,1,0,0,0,goal,1.2352712293473551,1.0481676049443467,1.019731548788879,1.8244553804397583,0.6971675397334275,0.7989278168214194,0.9886127525243207,1.9636694737302136,2.887419557571411,321,32.1,0.6179246674451276,10.29908326351754,15.464876192223386,24743.80190755742,11.404691487550735,9.724885954270329,25.224101092827592,0.1557632398753894,14.511485894358694,75.0733161840225,20.010447379306004,19.8353818249886,0.9912512923374991,1.3222771011298704
211,2,obs_2,875985,1,0,0,0,goal,1.6997917210610054,1.3895552502080952,-1.3859532849152678,2.5776524543762207,0.9840860668763242,0.6624843159229152,0.9886878093924694,2.3745838307623717,3.6244226932525634,291,29.1,0.6825135367151055,10.498273646708617,11.097170036877706,17755.472059004336,11.655760325234512,9.079471694992725,21.602988485692954,0.07560137457044673,14.709371310375516,77.02764905083887,20.0,19.86114391840957,0.9930571959204786,1.305341058618412
212,2,obs_2,875986,1,0,0,0,goal,1.2467793638548332,0.9979684012353636,0.8308391371466193,2.1003355979919434,0.9296048140579541,0.7020477278193631,0.9884121254753981,1.6803717148119741,3.3627932548522947,277,27.700000000000003,0.7085644101385897,10.58573263207121,11.607100260766252,18571.360417226002,11.43516781537429,8.705411069383656,22.940496232441294,0.17328519855595667,13.828208156926614,86.82495460805777,20.0,19.62723416083894,0.9813617080419469,1.5347374905415512
213,2,obs_2,875987,1,0,0,0,goal,1.3233021389456747,1.040335983788872,1.0373511993306697,2.127305746078491,0.8216027264958529,0.6820966556518208,0.9887564500876692,2.831652292345874,3.7837339878082275,262,26.200000000000003,0.7437810562171656,10.816663115592815,6.695606274660131,10712.97003945621,10.979729365571703,7.878892423795399,16.216850781045455,0.019083969465648856,11.862559376186509,92.44113395680276,20.0,19.48706367288974,0.974353183644487,1.2872782534793168
214,2,obs_2,875988,1,0,0,0,goal,1.0646921903513478,0.798998139867628,0.6381963487438581,1.9824110269546509,0.8522176251669278,0.6704624448283448,0.988705941291621,3.046838106679787,4.337836074829101,270,27.0,0.7271830904200453,10.879217387179636,6.205958266125302,9929.533225800486,7.674358984573179,5.076025773771634,16.712075072927057,0.011111111111111112,13.260794332549601,94.5395847686204,20.052635060323833,19.633943441341223,0.9791203690825135,1.3580033360134234
215,2,obs_2,875989,1,0,0,0,goal,1.3862747054202031,1.0762597504947493,-1.0762597504947493,2.375786304473877,0.873740526903068,0.7378253495862009,0.9888791804563155,2.244977787945812,5.105727958679199,234,23.400000000000002,0.8278107475215435,11.087146324335034,2.9170821012062738,4667.331361930038,10.08661583769475,5.486387804670156,10.91977205589159,0.0,11.345225277134327,96.76594808142681,20.00478183126649,19.370771492004124,0.9683070605513208,1.4650544696522068
216,2,obs_2,875990,1,0,0,0,goal,1.403565816135114,1.1383677601578015,-1.1302643594698405,2.3866829872131348,0.8321655351763013,0.9295211317473062,0.9886207365127792,2.3559552846434215,3.7692383766174316,272,27.200000000000003,0.7222777452264652,10.58182918294059,8.47011610656684,13552.185770506949,13.006824386955627,8.664981406165229,19.731422775520887,0.058823529411764705,13.897733830129605,87.61940019814061,20.0,19.645954670159853,0.9822977335079927,1.3198299996493579
217,2,obs_2,875991,1,0,0,0,goal,1.4193962603682992,1.0841606493697178,0.9237638889514164,2.5674889087677,1.07765765501706,0.5975274809828404,0.9886068236956074,2.5821462090458933,3.30353364944458,294,29.400000000000002,0.6813809381933486,10.684402006883198,11.502306127335531,18403.689803736852,6.484935898015929,5.9025639195230655,21.44726611686503,0.17687074829931973,16.431111402186197,77.23359855097948,20.0,20.032599582884448,1.0016299791442225,1.3053449194304458
218,2,obs_2,875992,1,0,0,0,goal,1.138813291659157,0.9460046226183909,0.2367429804233079,1.9631532430648804,1.1139337837052314,0.461808175103842,0.9882951622015104,1.7336599607580698,2.5848310470581053,370,37.0,0.5629668156170882,9.939088640865442,24.95877074160374,39934.03318656598,6.97267200888657,6.987689092264891,30.51719521922437,0.43513513513513513,20.893500418541805,49.43829654945802,20.00623181524284,20.82977217783226,1.0411641917475913,1.5603731432953567
219,2,obs_2,875993,1,0,0,0,goal,1.6362153056101227,1.3507501598099956,1.3507501598099956,2.38607120513916,0.9234037752175906,0.5843973502141206,0.9889715388050575,2.60574636454652,3.692331886291504,284,28.400000000000002,0.6928297703454447,10.61360996747988,10.00564912064604,16009.038593033667,13.2758349074913,9.248739431807593,19.900390736030705,0.07746478873239436,13.152799181142369,83.98433549450081,20.0,19.676365477810627,0.9838182738905313,1.3289265909558512
220,2,obs_2,875994,1,0,0,0,goal,1.3947044487139928,1.045511304346409,-1.045511304346409,2.455846071243286,0.9230962093663223,0.5480574275852291,0.9888673652338842,2.194923736332658,4.540192699432373,248,24.8,0.7926832888000831,11.053665656679039,3.9323455045011286,6291.752807201806,12.769593606111009,6.288373905654598,12.368122078408941,0.004032258064516129,13.286135017740188,97.77095934530323,20.0,19.65854556224206,0.982927278112103,1.2729091321823498
221,2,obs_2,875995,1,0,0,0,goal,1.4043040922597874,1.0632467294263188,0.8958606711988493,2.5744407176971436,1.081435916426273,0.6018583264007294,0.9885672521704186,2.3882070865211995,3.074243593215942,300,30.0,0.6675973099853285,10.580759390188614,13.163982385378516,21062.371816605624,5.967680227796369,5.960199179283494,22.4982642930001,0.24333333333333335,16.728138821448127,74.90187569298072,20.00027165972117,20.027919299559855,1.0013823632153138,1.3153021223946617
222,2,obs_2,875996,1,0,0,0,goal,0.9584886095090905,0.6822627600430783,-0.6822627600430783,1.7353317737579346,0.6732146320580612,0.7409443824715791,0.9888973436996091,3.3467453554526436,5.343954753875733,226,22.6,0.8462883978348184,11.289778438487412,2.0919854928337434,3347.176788533989,8.223818890750408,3.7293749289916613,8.936945814704805,0.0,8.263606387441074,106.38482629154174,20.0,19.126117791066896,0.9563058895533448,1.3856634917127704
223,2,obs_2,875997,1,0,0,0,goal,1.4695764009293324,1.1027006857925683,1.0154163743397315,2.668268918991089,1.0623485232686893,0.5589390189674539,0.9884273821829459,2.8963498885265606,2.7015013694763184,299,29.900000000000002,0.6675973886370522,10.425700355810482,14.47334202091457,23157.34723346331,5.654248957765982,5.832729061446927,23.27035429554191,0.33444816053511706,16.70453264573072,70.90074928210844,20.0,19.96116192024786,0.998058096012393,1.334460374313973
224,2,obs_2,875998,1,0,0,0,goal,1.5901368723369929,1.2949933488917305,-0.4984736524213804,2.8697211742401123,1.5099865200084943,0.2675266602732724,0.5768228767016687,0.5768228767016687,2.580685043334961,400,40.0,0.5473502950790686,9.895183001579717,27.815937206190668,44505.499529905064,8.438619665035926,6.724790006094087,31.105613738216924,0.385,24.770138761866438,34.03775582623388,20.0,21.894011803162748,1.0947005901581375,1.3005940140738055
225,2,obs_2,875999,1,0,0,0,goal,1.2775838057258007,1.0188662697435011,-1.0188662697435011,2.112658977508545,0.7707995232430959,0.845287551542753,0.988756450087669,2.0643114178657025,5.303485774993897,229,22.900000000000002,0.8422458923869823,11.04795389082364,2.4495629727979633,3919.3007564767404,11.556159064435123,5.709516810055908,10.865189065855793,0.0,10.200728029755666,97.69741460972529,20.0,19.287430935661895,0.9643715467830948,1.3327756526096526
226,2,obs_2,876000,1,0,0,0,goal,1.039926091232238,0.7938105401840616,-0.7473385197368074,1.8233611583709717,0.7231399671869606,0.5111504236089366,0.9887255407406932,3.191357631117574,5.1686625480651855,235,23.5,0.8203676149521074,11.136630218401997,2.8247712039827686,4519.63392637243,7.703786464328439,4.362449075395809,12.281159758409286,0.0,10.914117705154348,101.2642047582053,20.0,19.27863895137452,0.963931947568726,1.3619243076819094
227,2,obs_2,876001,1,0,0,0,goal,1.3376252909801774,1.0368181739263078,-0.9505939449359588,2.357052803039551,0.9410699075631394,0.5632045961561788,0.9886616469364108,2.569238912888009,4.464938449859619,264,26.400000000000002,0.7452432523257868,10.8537148373011,6.891066714462241,11025.706743139584,11.185290774918327,7.70115102459183,18.431756285682432,0.022727272727272728,14.385996589552768,92.48233556253294,20.0,19.674421861400774,0.9837210930700386,1.3725074344371655
228,2,obs_2,876002,1,0,0,0,goal,0.9403013532687136,0.7290873293812513,-0.7290873293812513,1.5665925741195679,0.5937998830369444,0.9671463289406143,0.9887825478595251,3.4575762332243105,5.8727442741394045,220,22.0,0.869182848890809,11.15169198663736,1.874826273303868,2999.7220372861884,9.855840453818509,4.6432987429672945,9.246779017970601,0.0,7.915884097721689,102.36296113586286,20.0,19.122022675597798,0.9561011337798899,1.2355781644923443
229,2,obs_2,876003,1,0,0,0,goal,1.167136614192384,0.9556949695605519,-0.9531677331209981,1.9104863405227661,0.6735570864636785,0.9010252367683586,0.9887016245561042,2.462048521957585,6.67301254272461,224,22.400000000000002,0.8633047281911833,11.065163622508667,2.3647894063608095,3783.6630501772947,9.084853837308327,5.823617635027316,11.20604308189026,0.0,11.191074490867894,95.42380029862747,20.078944758285584,19.338025911482507,0.9630997118761764,1.24899090895463
230,2,obs_2,876004,1,0,0,0,goal,1.3270358926027352,1.124841977894376,1.0868314968340818,2.0548131465911865,0.7614601484945406,0.7377306465904186,0.9884121254753981,1.3644634050722164,2.7423666954040526,321,32.1,0.61805279585771,10.201320519096383,17.911169417979455,28657.871068767123,11.331589054316282,9.939141445160683,27.14063679224977,0.26791277258566976,14.951490581154829,71.55993237999459,20.0,19.839494747032493,0.9919747373516247,1.4486365685011668
231,2,obs_2,876005,1,0,0,0,goal,1.651425954015177,1.3310796429572749,1.3047009111154837,2.5757360458374023,1.0124046691562443,0.5256203326736895,0.9889419878268529,2.3913112619479104,3.7432154178619386,291,29.1,0.6840941677612769,10.58512242307368,10.81530454238153,17304.487267810444,14.00247524524557,9.369117333336446,20.782637344833297,0.07560137457044673,14.421063935571695,84.58273844641249,20.01986624158709,19.907140281853156,0.9943692950605351,1.2897970562424397
232,2,obs_2,876006,0,0,1,0,border,1.3634664486916295,1.0784947376232594,0.01186149009237332,2.760612964630127,1.3634148531391876,0.4635876462730024,-0.011658595894454393,-0.011658595894454393,2.9584275245666505,280,28.0,0.4941201362618851,9.40391677405153,24.373262456882465,38997.21993101194,7.051198136421942,7.3320054203919645,36.59118122820343,0.6535714285714286,24.349267325062577,-1036.3206106214022,20.0,13.835363815332784,0.6917681907666392,8.733452488639255
233,2,obs_2,876007,1,0,0,0,goal,1.2422520018504442,1.0055344545829445,-0.9786513999371087,2.004981279373169,0.7651349381008383,0.8905388825307544,0.9886061272396767,1.3560132050460627,3.9538825035095213,269,26.900000000000002,0.7257771848203618,10.615423364991488,8.023153350534907,12837.04536085585,11.286329867234869,8.651893731707235,19.190045369297376,0.08550185873605948,11.97991327084185,89.60920768740662,20.052916617667307,19.523406271667735,0.9735943475906614,1.2701181697350694
234,2,obs_2,876008,1,0,0,0,goal,0.8313893470213003,0.6007928301433034,-0.5998140155967333,1.5339378118515015,0.575700784291828,0.9644107536014443,0.9889715388050575,2.7579267674095016,5.406736087799072,223,22.3,0.8579548774948984,11.28526517209407,1.9670252900723906,3147.2404641158255,8.827342509411627,3.943672096882361,9.173312892543775,0.0,8.27830333687146,107.6587887785694,20.0,19.13239376813624,0.956619688406812,1.2702235425161241
235,2,obs_2,876009,1,0,0,0,goal,1.5542859435101768,1.2301869878994314,-1.2283221322996207,2.5631895065307617,0.9523809812759985,0.7076691660535904,0.9887656531386676,2.8541958442938835,3.8612548828125,278,27.8,0.714956528672165,10.660661248074804,8.945545573564791,14312.872917703668,13.03714455680296,8.791517602191844,19.07563480108025,0.04316546762589928,14.513890908037666,90.54909298459869,20.0,19.87579149708619,0.9937895748543095,1.231053479865121
236,2,obs_2,876010,1,0,0,0,goal,1.7421657537333557,1.4235727764828594,-1.4043236172151745,2.64168381690979,1.031027008187952,0.5416890414885205,0.9887062384536331,2.5243346562140125,3.532860803604126,298,29.8,0.6688242466682973,10.479999379386138,11.242046565067525,17987.27450410804,11.702315875576803,8.958037919012506,21.121392726035626,0.08053691275167785,14.786918957194754,75.50781126223491,20.019822898124534,19.930962550715257,0.9955613819432139,1.2948222460560546
237,2,obs_2,876011,1,0,0,0,goal,1.6543238131930162,1.233194380464126,-1.1343030337545927,3.005852460861206,1.204219210323689,0.33926996634096457,0.9883870392874287,1.473619314856581,2.116711711883545,318,31.8,0.6388939735526912,10.329386847563756,16.811438901911327,26898.302243058122,4.9709685032229505,5.785143754290951,25.03450292038128,0.4276729559748428,18.52235601257045,64.98538461112803,20.0,20.31682835897558,1.0158414179487791,1.321297844719636
238,2,obs_2,876012,1,0,0,0,goal,1.3557570076642123,1.0392917001652613,0.8801134779199696,2.4470791816711426,1.0312503720310766,0.5648260078752054,0.9886645682899905,2.6019571897086893,3.6116447925567625,285,28.5,0.6984886852986271,10.781725296258044,9.457726734532715,15132.36277525234,8.372447272421608,5.780781495890968,19.70019397048051,0.08771929824561403,15.551106762829706,81.85351253108101,20.0,19.906927531010872,0.9953463765505436,1.348027780626318
239,2,obs_2,876013,1,0,0,0,goal,1.0170074437728545,0.7597752509764744,-0.7301960637393462,1.8245683908462524,0.707896778625924,0.7939961546541102,0.9887825478595251,3.271569579161773,4.463082313537598,241,24.1,0.8008644183438307,11.068456477380291,3.330127989061287,5328.204782498058,8.865966858963171,4.69404933640885,12.310624702280982,0.0,10.734934014879872,104.72793783125125,20.0,19.30083248208632,0.965041624104316,1.340119137562684
240,2,obs_2,876014,1,0,0,0,goal,0.8026320125212782,0.592610991982549,-0.592610991982549,1.40162193775177,0.5413227869814985,0.917440247658787,0.9889715388050575,3.3570574599668266,6.480307769775391,211,21.1,0.8998733882503593,11.422350820136296,1.3881515682571182,2221.0425092113887,6.872751343817938,3.6012879498459083,7.470628035020843,0.0,6.728173879473667,105.29448018269873,20.0,18.987328492082582,0.9493664246041291,1.3158688067295057
241,2,obs_2,876015,1,0,0,0,goal,1.335086413807105,1.0116698640118185,1.0077216196356078,2.3415377140045166,0.875758453942241,0.5624282434126117,0.9887974049935584,2.7528977317185377,4.641699600219726,254,25.400000000000002,0.7720487643554929,10.970046155409078,4.915321329939393,7864.514127903028,11.942231472537452,7.045424534572365,14.776450223252764,0.0,13.202894344271183,99.47186950683229,20.0,19.610038614629516,0.9805019307314758,1.2879896984792591
242,2,obs_2,876016,1,0,0,0,goal,0.9393872373394501,0.6650249501920225,0.6622675837059755,1.7544125318527222,0.666220706109089,0.7350756713475405,0.988858807769945,2.5468482759763686,4.496751976013184,243,24.3,0.7959239107434062,11.097648791276079,3.3978741458106914,5436.598633297106,7.550824369392395,4.592043695772096,11.262147351722955,0.0,9.973213120408056,106.75878664589315,20.0,19.34095103106477,0.9670475515532384,1.2426739283448114
243,2,obs_2,876017,1,0,0,0,goal,1.179172816841031,0.9188175199680217,0.6933255921047862,2.1586859226226807,0.9538071897974765,0.6088154387306639,0.9884652634922139,1.3738434620859845,3.33039813041687,279,27.900000000000002,0.7074296243949971,10.728320746787734,10.881176816986926,17409.88290717908,6.53687318880781,6.045582760569251,20.92306000738001,0.18996415770609318,14.64247898243024,82.24032204080217,20.002777523985138,19.737286520620422,0.9867272930948531,1.3336387778958283
244,2,obs_2,876018,1,0,0,0,goal,1.2440166391215062,0.9728286478043316,-0.687866241754071,2.27974534034729,1.0365410902932395,0.26338378418790626,0.9884547849216655,2.0563463777346316,3.390881633758545,292,29.200000000000003,0.6823502862712396,10.712610093430195,11.607143464724416,18571.42954355907,7.345265907929935,5.988419852456782,21.624166098238312,0.1506849315068493,15.595026457625632,80.92413601419048,20.0,19.9246283591202,0.9962314179560099,1.3326286661913607
245,2,obs_2,876019,1,0,0,0,goal,1.1520591236962798,0.9058492815076492,-0.7726799949103812,2.0473198890686035,0.8545208306162778,0.7323004278168699,0.9882433694538793,1.9311248850349583,3.5749982833862304,266,26.6,0.7356328570121895,10.61318313500921,9.122220062265823,14595.552099625318,9.230931255052674,8.049477466951794,20.201642905551015,0.16541353383458646,13.05331485306471,89.57903918752704,20.0,19.567833996524243,0.9783916998262121,1.4176288708577887
246,2,obs_2,876020,1,0,0,0,goal,1.003090086236938,0.7770493382132716,-0.7176991974065701,1.6852892637252808,0.7007835494279192,0.8539536641748751,0.9889172522886924,2.3433830656273837,5.210447311401367,225,22.5,0.8549458816623966,11.187914168834686,2.1586417773841133,3453.826843814581,9.686001855880022,4.717806169516716,10.445689551532269,0.0,9.368526069731448,103.78144717699367,20.06774254723489,19.236282337403924,0.9585673272480003,1.291007568669953
247,2,obs_2,876021,1,0,0,0,goal,1.1021371718195252,0.8709017156408383,0.706725321452205,1.9349116086959839,0.8457219788586667,0.6854535579876098,0.9884121254753981,2.71574715470236,3.8118372440338133,260,26.0,0.7493230086695385,10.761713590520399,8.752873621539104,14004.597794462567,9.240204233920712,7.839765382719242,20.27242303883227,0.15384615384615385,12.663404630561532,92.83052858112357,20.0,19.482398225408005,0.9741199112704002,1.4435895935507803
248,2,obs_2,876022,1,0,0,0,goal,0.9947864683327292,0.7754386858534352,-0.7712077774053164,1.6624035835266113,0.6283619034023752,1.0054433424198417,0.9887254582141495,3.2266745021630268,5.296733856201172,223,22.3,0.8576829588567302,11.102466622687514,2.228243950213596,3565.1903203417532,10.65170095713289,5.160731414651758,10.882924768923377,0.0,9.27276156476281,99.68856167133376,20.0,19.126329982505084,0.9563164991252542,1.3044674240378233
249,2,obs_2,876023,1,0,0,0,goal,1.12105157039734,0.862127121388307,0.6844539982703807,2.0762617588043213,0.8878509715836505,0.6956329115827448,0.9884599806853892,2.740306978366596,3.2964867115020753,277,27.700000000000003,0.7066787148612456,10.646364872363801,10.960923415362867,17537.477464580585,6.49291113882825,5.974986220472532,20.51439409302245,0.20577617328519857,14.015690317280262,81.91006617852833,20.000597746054304,19.575000401656503,0.9787207687589357,1.373723234693391
250,2,obs_2,876024,1,0,0,0,goal,1.0036768603564021,0.7614790032726215,0.6545322664889944,1.8252378702163696,0.7608907622909248,0.8187523169812686,0.9887078525924904,2.0880710828154054,4.5137378692626955,249,24.900000000000002,0.779093528470195,10.997327600302475,4.18150358357128,6690.405733714051,8.212813230291488,4.784061121777683,14.27419067364201,0.0,11.362760260588509,99.70844881289418,20.001011387009846,19.399428858907854,0.9699223945998698,1.3148310446232103
251,2,obs_2,876025,1,0,0,0,goal,1.5094546172800865,1.2221254573172808,-1.2221254573172808,2.308528184890747,0.8859247192652427,0.5666190093475898,0.9887549796497744,2.8065740435379967,3.768880558013916,272,27.200000000000003,0.7209778432923766,10.67394162011581,8.148044276149774,13036.87084183964,13.192829203781606,8.311293457137495,18.14612119602423,0.03676470588235294,12.204844026838138,86.65414163060194,20.0,19.610597337552644,0.9805298668776322,1.2445014276796813
252,2,obs_2,876026,1,0,0,0,goal,1.3038581111655505,0.990955889010685,0.9453924211272073,2.290597677230835,0.8979304784488799,0.6978272758667736,0.9887693433320444,1.6638375654115287,5.843757247924804,239,23.900000000000002,0.8178599377550771,11.083856570256279,2.8061265012048437,4489.80240192775,10.0174586452982,5.230174167588597,11.382304782468717,0.0,12.127442184405036,99.50851376689056,20.044664276369666,19.546852512346344,0.9751648739455225,1.2697760049045208
253,2,obs_2,876027,1,0,0,0,goal,1.3676087488699298,1.084462125008117,0.5800101546000836,2.5689847469329834,1.2385240855737774,0.5828264901664848,0.8819615892188981,0.8819615892188981,2.926739740371704,380,38.0,0.5559739709143378,9.900820229163296,26.145531392266903,41832.850227627045,6.680120736124647,6.726326926253049,30.841121412004885,0.46842105263157896,22.141522898114403,43.95995165990902,20.0,21.127010894744835,1.0563505447372417,1.43943396772512
254,2,obs_2,876028,1,0,0,0,goal,1.2618663014103233,0.965844479847874,-0.965844479847874,2.1981303691864014,0.8120658861092236,0.6805060726484475,0.9888672080310188,2.886927571578621,5.283126640319824,232,23.200000000000003,0.8357304823041696,11.133155771387653,2.4294332642935554,3887.0932228696884,9.229675890047313,4.701869401453199,10.292464967833125,0.0,11.525965594589596,100.56610357147366,20.0,19.388947189456736,0.9694473594728368,1.2920424578231955
255,2,obs_2,876029,0,1,0,0,obstacle,1.357399244258716,1.0430525392159427,1.0430525392159427,2.2968945503234863,0.8686622524026856,0.0,0.9889715388050575,2.420322913329186,1.1221916913986205,251,25.1,0.5622018804931617,9.922757636918965,17.334066777660095,27734.506844256157,8.94849705696106,6.526842180824722,29.630981135178374,0.5139442231075697,20.975298569213216,-996.755502169276,20.0,14.11126720037836,0.7055633600189181,7.401593814193579
256,2,obs_2,876030,1,0,0,0,goal,1.2239019690214115,0.9593737731915725,-0.9567543524684562,2.01299786567688,0.7632543080829308,0.8104007358515684,0.988736369457264,2.4032803293621807,4.407391166687011,241,24.1,0.8031828790991075,10.964583611029347,3.707850383367578,5932.5606133881265,9.617313848187527,6.307454867883049,13.180486156211014,0.0,11.208166533347653,98.86381604898706,20.0,19.35670738628849,0.9678353693144246,1.2883060823774397
257,2,obs_2,876031,0,1,0,0,obstacle,1.4020040717565956,1.1366431712579559,-1.1366431712579559,2.2184317111968994,0.8207665432111194,0.0,0.9884547849216655,2.152012227193709,0.6723475217819214,213,21.3,0.47897065303842856,9.497791374653158,18.959487675939098,30335.18028150256,5.903777086509848,6.0110508829020715,37.3139521885366,0.6525821596244131,20.874437045528474,-1014.9353248374001,20.0,10.20207490971853,0.5101037454859265,10.921203382705558
258,2,obs_2,876032,1,0,0,0,goal,1.4397707144732825,1.2020277797703591,0.3396992759752861,2.4755406379699707,1.3991226222732494,0.14688026147711403,0.9884269600144413,2.0454767181809856,2.8262686252593996,355,35.5,0.5901455898473646,10.155536461603159,19.270642764300682,30833.028422881092,8.371212874344513,6.564767351381226,26.73541331100999,0.2535211267605634,21.092666467113034,57.909883282391675,20.0,20.950168439581446,1.0475084219790722,1.320457500103184
259,2,obs_2,876033,1,0,0,0,goal,1.240816469670107,0.9664267364684653,-0.9664267364684653,2.1300148963928223,0.7782318898911167,0.7918976107550398,0.9887656531386676,2.851400730485012,5.785977935791015,232,23.200000000000003,0.8365501691397603,11.083644666937069,2.5368263626991983,4058.922180318716,10.323523860263487,5.582014616833615,10.77238225552719,0.0,11.016848120867607,99.82794160496968,20.0,19.40796392404244,0.9703981962021221,1.2168767798954352
260,2,obs_2,876034,1,0,0,0,goal,1.79260675023003,1.372687941246101,-1.3441402796289472,3.0965912342071533,1.1860547498531786,0.25999641048747074,0.9883981371766396,1.676250360416919,1.9057045936584474,305,30.5,0.6638408679116511,10.291293139285484,16.623645971469223,26597.83355435076,7.879892893527683,5.742535386014778,24.910696779270886,0.43278688524590164,18.349035838624182,59.1796908924415,20.01818133752986,20.247146471305363,1.011437858910102,1.264410133353424
261,2,obs_2,876035,1,0,0,0,goal,1.3222670808112562,1.037732652076757,1.037732652076757,2.2523834705352783,0.8194517531928664,0.7586886366062227,0.9887656531386676,2.7318480845689352,5.922705078125,236,23.6,0.8225501063129729,11.036608660249316,2.9470388714650086,4715.262194344014,11.31395528925226,6.0779572594148235,11.453611034528999,0.0,11.443474124295474,98.74495358584062,20.0,19.412182508986163,0.9706091254493081,1.2847637382737365
262,2,obs_2,876036,1,0,0,0,goal,1.393638775462682,1.1178641896424266,1.1083393209717818,2.240588426589966,0.8448745386511145,0.6675702395755269,0.9886285406851603,2.2342935949069576,3.7280133724212647,271,27.1,0.7229706590727312,10.649346334440677,9.108582395164943,14573.731832263908,12.266516023212008,8.116925608680058,19.575143970851528,0.06273062730627306,12.834123982030706,82.97021135645285,20.0,19.59250486087101,0.9796252430435505,1.240032389302537
263,2,obs_2,876037,1,0,0,0,goal,1.714851132175451,1.4845677752558502,1.4845677752558502,2.4745676517486572,0.8583547787455494,0.665847574847221,0.9885371382165059,1.9929775159406322,2.822567510604858,341,34.1,0.589893510008841,10.150902776774073,18.756179568292566,30009.887309268106,10.325199295492732,9.280381990708358,27.184045311129076,0.21994134897360704,16.65875369631898,57.205104703007784,20.0,20.115368691301484,1.0057684345650741,1.3091088693684347
264,2,obs_2,876038,1,0,0,0,goal,1.0503876176412168,0.7504868843994381,-0.7098156271541477,1.9634413719177246,0.7742583049226887,0.3726537548658862,0.9888586567284381,2.436197918091806,4.461144065856933,262,26.200000000000003,0.7478699450985332,10.982219119230551,5.48708021173784,8779.328338780546,7.743506888784039,5.172472472565049,14.373727451670467,0.022900763358778626,12.480802313865366,100.64768039877293,20.0,19.594192561581572,0.9797096280790786,1.3412283547162323
265,2,obs_2,876039,1,0,0,0,goal,1.1956495092100643,0.874797605003856,-0.8478147536187383,2.1658315658569336,0.8430823758214058,0.3312128489519341,0.9889693809227309,1.9870826804972452,3.31301589012146,262,26.200000000000003,0.7471003392195883,11.063167479193151,6.808218043939338,10893.14887030294,8.655292205369792,5.823092811436093,14.982625538454824,0.08778625954198473,13.00388366749857,94.37716410971109,20.000104880812916,19.574028887553215,0.9786963120544204,1.3204714156153157
266,2,obs_2,876040,1,0,0,0,goal,1.2805112916783448,0.9922512441364931,0.888049386902214,2.2147183418273926,0.9225385924384655,0.7301366337839564,0.9885464135674712,2.391417143608413,4.016137981414795,271,27.1,0.7288180037712445,10.749930339235842,8.450940614811323,13521.504983698118,11.355886503502175,8.074767893425904,20.118785580015324,0.05904059040590406,14.253384170226449,90.39257214953156,20.04636967023684,19.750967902200724,0.9852640765936437,1.361271563194353
267,2,obs_2,876041,0,1,0,0,obstacle,1.7455805286951893,1.4175941971936137,1.4175941971936137,2.6909101009368896,1.0185666763853856,0.0,0.9884279740469369,2.9945587501660267,0.3050867021083832,222,22.200000000000003,0.4685066675088778,9.308099007687053,20.999480471804244,33599.16875488679,4.753686292139114,5.583241324119417,38.609074891150534,0.8153153153153153,21.354173152337836,-1021.4583717917019,20.0,10.400848018697086,0.5200424009348543,10.863835778803148
268,2,obs_2,876042,1,0,0,0,goal,1.0908730549396224,0.8409634837423384,0.8189641152982533,1.8931139707565308,0.7206259777769973,0.8920559804438862,0.9888704258947382,2.4639358593441694,6.376196479797363,224,22.400000000000002,0.8580494960749733,11.169727513204894,2.1637255956508596,3461.960953041375,9.570778710892917,5.342973876728306,9.904129780843505,0.0,9.600315948557133,102.00000949700475,20.00073457915391,19.2203087120794,0.9609801398050689,1.2808554578207307
269,2,obs_2,876043,1,0,0,0,goal,0.9189351021202553,0.7390885336184704,-0.382776937479897,1.6801984310150146,0.8354181815368128,0.5132827031935738,0.9882433694538793,2.2229085297898994,3.2549920082092285,273,27.3,0.7146607505216792,10.745998857200023,9.421474930673204,15074.359889077125,5.690661083687754,5.819312199218324,19.740576158267455,0.18681318681318682,12.561617951159468,88.24722463496926,20.0,19.510238489241843,0.9755119244620921,1.3503650130983864
270,2,obs_2,876044,1,0,0,0,goal,1.1419190457285169,0.8326162909887166,-0.7313854874814406,2.135984420776367,0.8769574537564876,0.4533868672441113,0.988858807769945,2.2878444667046445,3.7768342018127443,277,27.700000000000003,0.7122691136616947,10.864809166567756,7.809707597942046,12495.532156707271,8.971108801990233,5.649478457568132,16.80635093890108,0.021660649819494584,14.078421131013956,93.49194083517963,20.0,19.729854448428945,0.9864927224214473,1.4639008992292046
271,2,obs_2,876045,1,0,0,0,goal,1.216370459545275,0.9591092269066928,-0.9145924300213114,2.0218706130981445,0.8019213064896676,0.5611807802094853,0.9882433694538793,3.040453323201428,2.4407402992248537,271,27.1,0.720129508851587,10.426338947060534,11.725833333079176,18761.333332926682,8.754721897895688,8.047602850872027,21.880461340546745,0.2952029520295203,12.364216009723608,78.03378889553343,20.0,19.51550968987801,0.9757754844939004,1.2923465228866724
272,2,obs_2,876046,1,0,0,0,goal,0.8760734121208162,0.6783889890007433,-0.5123884089061093,1.5896741151809692,0.7106073049467443,0.8504236216202296,0.9884765018731264,2.9336684092121255,4.273886680603027,247,24.700000000000003,0.7820533722574647,10.953435264212722,6.502004310973513,10403.206897557622,5.742569473700795,5.319889655632355,17.007066394515366,0.10526315789473684,10.805100799615616,96.26835324772385,20.02615947250118,19.316718294759383,0.9645742770242111,1.345011962110173
273,2,obs_2,876047,1,0,0,0,goal,1.4166582880492202,1.0896670758052553,1.0636993289984016,2.3616926670074463,0.9356625687644544,0.43761400426787156,0.9889660453015338,2.4729803064600855,3.576160430908203,269,26.900000000000002,0.7348494005556618,10.89515011015497,8.34453560602886,13351.256969646172,14.58394844779995,8.105494108856833,18.473850932166147,0.055762081784386616,14.117206416793671,91.59371343606664,20.000680455769864,19.767448874947306,0.9883388177048109,1.3138169456613538
274,2,obs_2,876048,1,0,0,0,goal,1.15876870878867,0.9672345401719212,-0.9672345401719212,1.7288014888763428,0.6381240198943882,1.0517119645003004,0.9885458173917763,1.9770437151461002,4.601204776763916,240,24.0,0.8029154303061435,10.809093433385716,4.894740029022778,7831.584046436444,11.168386322683869,6.779247784804904,15.266422020814693,0.0,9.716048431383616,91.96522608967393,20.0135040851554,19.26997032734745,0.9628483970301108,1.2046416059473164
275,2,obs_2,876049,1,0,0,0,goal,1.1202822855388386,0.8071703971552618,-0.7619849768608149,2.0843846797943115,0.8212254832447342,0.5025045888585513,0.9888802505489955,2.873183569646045,3.7026339054107664,271,27.1,0.7231597227368345,10.88022829056245,7.034975224800331,11255.960359680532,8.254023370402003,5.6506564294658705,15.209586960899996,0.01845018450184502,13.27941314395897,93.9841979433388,20.0,19.597628486168215,0.9798814243084107,1.3722446678484108
276,2,obs_2,876050,1,0,0,0,goal,1.4031856541147938,1.0958052958834856,1.0523739330071424,2.451491355895996,0.9281374278848149,0.630987356828003,0.9887112719666161,1.9335428556349559,4.899016571044922,252,25.200000000000003,0.7807880530713729,10.96629043582583,4.5219356454918715,7235.097032786996,10.199150879425831,6.439289778162626,14.537370140028615,0.0,14.812808078633285,93.71637975352849,20.033340446181885,19.675858937398598,0.9821556714546116,1.3711053656150722
277,2,obs_2,876051,1,0,0,0,goal,1.1799400214963818,0.9290623062836508,-0.8168345276311112,1.982978343963623,0.8514926945068534,0.7451480644535267,0.9886316155006628,1.669601766314178,3.8225903034210207,260,26.0,0.7504449012082482,10.813234286412346,7.499663880930086,11999.462209488138,10.147569722650593,8.002860097097994,18.920269370759623,0.06923076923076923,12.79520297811012,92.53215262674766,20.0,19.511567431414456,0.9755783715707228,1.4390067081963205
278,2,obs_2,876052,1,0,0,0,goal,1.5585117264163781,1.2472760781294332,-1.2463927691064354,2.5964725017547607,0.9356622609128531,0.7016589328941577,0.98871394633196,1.9044476982371443,4.3504636764526365,265,26.5,0.742994766094278,10.743313317499915,6.238646475350382,9981.834360560611,12.067411597253699,7.907828787983782,16.935746724524027,0.0,14.379499564690585,90.80157902350564,20.0,19.689361301498366,0.9844680650749182,1.3115171362519586
279,2,obs_2,876053,1,0,0,0,goal,1.0151228756691317,0.8129278091787487,-0.4628998273816094,1.861308217048645,0.9034368835269256,0.5993614567156011,0.9884259578988333,2.463183580143996,3.3570334911346436,278,27.8,0.7051849538652833,10.803681409117731,10.136780389697241,16218.848623515585,6.188577144584931,6.038999884361205,20.53949471898109,0.1474820143884892,13.773898949804307,86.83333830098375,20.0,19.604141717454876,0.9802070858727439,1.3766835047410877
280,2,obs_2,876054,1,0,0,0,goal,1.1367783108486642,0.9141560748446124,0.8595768244717511,1.9460723400115967,0.7439036300805384,0.9342200048408738,0.9883815652658753,2.672815867739673,3.86138858795166,263,26.3,0.7398466983806964,10.55963160808662,9.19063742257257,14705.01987611611,10.726766367905011,8.878433710885215,20.873574501916256,0.1634980988593156,12.081265266499017,91.61723327106789,20.0,19.457968167412318,0.9728984083706159,1.357021937796739
281,2,obs_2,876055,1,0,0,0,goal,1.1321765926683705,0.8799031558314484,0.6309744448546346,2.0990047454833984,0.9400505767917741,0.5922684384236796,0.9886100210302393,2.8753694799418934,3.889984464645386,282,28.200000000000003,0.6984157384096653,10.789338630039563,9.346440578328416,14954.304925325465,7.547667718018501,6.052767011159856,19.56113388008894,0.05319148936170213,14.553631688581726,85.474651074332,20.0,19.69532382315256,0.984766191157628,1.3561948309512104
282,2,obs_2,876056,1,0,0,0,goal,1.426723114812628,1.1203349158885525,-1.0781204840585616,2.3848869800567627,0.9344490720172932,0.5475040762281467,0.98839621121857,2.096561011595414,2.6609425067901613,279,27.900000000000002,0.7061594013992893,10.450011236782771,13.048938911514083,20878.302258422536,8.560935498999177,7.888598635739196,22.961347523916473,0.34408602150537637,14.484800904387544,73.43979830290934,20.0,19.701847299040175,0.9850923649520087,1.3211934418363829
283,2,obs_2,876057,1,0,0,0,goal,1.2278597508975215,0.9510392038252695,-0.9131278402727935,2.068852424621582,0.8208758220296585,0.7802328946586568,0.98871394633196,2.8971389792488105,3.9036755084991457,258,25.8,0.7542560503184254,10.857045903011377,6.5026483797806,10404.23740764896,11.040568119820916,7.4354861228183005,16.83496423118004,0.01937984496124031,12.398214262128791,91.74194764156508,20.0,19.459806098215374,0.9729903049107687,1.3700254249561639
284,2,obs_2,876058,1,0,0,0,goal,1.1814017523336773,0.9456261634315346,-0.8355220428941881,1.9199782609939575,0.8352323127459845,0.8513428158057217,0.9884738196117927,1.5263717762032534,3.8376885890960692,255,25.5,0.762764881706335,10.780354207717156,8.097637914746201,12956.220663593924,9.488445848930539,7.905418710186894,19.4428361641864,0.09019607843137255,12.684054090614248,89.50672233022118,20.033264194364364,19.450504483511544,0.9709103965684854,1.4514635079570588
285,2,obs_2,876059,1,0,0,0,goal,1.239058977936195,1.0366909821995167,-1.0366909821995167,1.789732813835144,0.6786302072782268,0.7920571392118814,0.9887312865084814,2.871287671689112,4.558918190002442,238,23.8,0.8074414075276594,10.879139457868428,3.595899745945257,5753.439593512411,11.730268320956814,6.505847723506022,13.090347650523508,0.0,9.510169193621119,95.34902001561673,20.023564375952052,19.217105499158297,0.9597245095003016,1.309189765217617
286,2,obs_2,876060,1,0,0,0,goal,1.440041041300937,1.198183598385735,1.198183598385735,2.4088006019592285,0.7987955089949489,0.822783159941546,0.9886643383273641,1.8126032302788886,3.642806339263916,273,27.3,0.7204440007788349,10.602358192614801,7.465323166126945,11944.517065803113,11.961211110739146,8.17714565141757,18.364080771976134,0.014652014652014652,13.288930807257996,89.22846181044817,20.005536339442152,19.668121221262194,0.9831339129101616,1.2395845811181352
287,2,obs_2,876061,1,0,0,0,goal,1.2694475446345714,0.9663289458243646,0.9663289458243646,2.1950933933258057,0.8232286663137494,0.7673902850576714,0.988822026081944,2.999115487528267,4.508203506469727,242,24.200000000000003,0.8007541988010227,11.039260547637001,3.5779670273866255,5724.7472438186005,10.023766797793355,6.2674347444531735,12.158626098183252,0.0,11.097598831528638,101.9376273876225,20.0,19.378251610984755,0.9689125805492378,1.3535364701890729
288,2,obs_2,876062,1,0,0,0,goal,1.3841568712373329,1.0941325931547026,-1.0941325931547026,2.1647121906280518,0.8477995711193115,0.5536862775228774,0.9888759488897845,2.1014349938365715,3.75083532333374,264,26.400000000000002,0.7412256215468058,10.820970538831633,7.053870650767156,11286.193041227449,13.872957637554792,7.786552997959226,16.423174717929214,0.01893939393939394,11.678343643213516,91.94842167243415,20.0,19.568356408835676,0.9784178204417838,1.2144885324137198
289,2,obs_2,876063,1,0,0,0,goal,1.4442880697603935,1.206172659407393,1.206172659407393,2.065100908279419,0.7944278092755194,0.7101042050128274,0.9887139463319599,3.0149463039231645,3.8029932975769043,283,28.3,0.690693220488255,10.54445732111447,9.635910228469678,15417.456365551487,13.645261399289394,8.971815191800252,19.83170124106504,0.05653710247349823,12.074265345959692,85.66879119537602,20.0,19.54661813981762,0.9773309069908811,1.2883416947432682
290,2,obs_2,876064,1,0,0,0,goal,1.3516812524679824,1.025115318573648,-0.8862587779481288,2.4579954147338867,1.0205819843517243,0.47964132820650146,0.9887376466104945,2.4169373926139244,3.6526140213012694,287,28.700000000000003,0.6926594129302851,10.765277349599799,9.150768612328468,14641.229779725552,7.514473389495502,5.522669019498701,18.881483699425484,0.07665505226480836,15.474782004166814,84.72676216810015,20.0,19.879325151099184,0.9939662575549593,1.4036546012901274
291,2,obs_2,876065,1,0,0,0,goal,1.0109542969320335,0.7371506099923187,-0.703722891602115,1.8372557163238525,0.725811740274639,0.7546959976241143,0.9889573924446617,2.7189252842614575,4.468911170959473,237,23.700000000000003,0.815467504414897,11.213276999077134,3.0115741495809667,4818.518639329547,8.60777306607214,4.43346996797368,11.143788324653285,0.0,10.205763881661284,106.9805177880385,20.004526148115755,19.32657985463306,0.9661103548035528,1.26123059156784
292,2,obs_2,876066,1,0,0,0,goal,1.2734918800737736,0.9256682022384254,-0.8587721150398603,2.3444435596466064,0.9403680253197675,0.3757958845021976,0.9889325214634457,2.1816418025546165,3.796713638305664,278,27.8,0.7159729154930204,10.862118100161203,8.17344517803436,13077.512284854974,8.551739882476062,5.746195747170338,17.1750433782196,0.046762589928057555,15.332527426994117,90.36868133582098,20.034765202824815,19.90404705070597,0.9934754337874439,1.3126723143206243
293,2,obs_2,876067,1,0,0,0,goal,0.9148155133463816,0.7175855907526884,-0.44281297824768856,1.6716628074645996,0.8005023983440747,0.48634527740294026,0.988414322287557,3.278144646279806,3.5058587551116944,264,26.400000000000002,0.7364959400314681,10.794992232544287,9.032177526412113,14451.484042259377,6.085314052073221,5.704886362746389,19.58188420736626,0.1856060606060606,12.243111767988621,90.0496827884648,20.073938995324916,19.44349281683076,0.9685937982256007,1.4795047656861824
294,2,obs_2,876068,1,0,0,0,goal,1.2895564500461791,1.0023402369248295,0.9323885958064559,2.1967854499816895,0.8908464201341153,0.7935444430046239,0.9886592622145322,2.314428754505694,4.000034999847412,263,26.3,0.7457260975112858,10.800741667035053,6.848770994704967,10958.033591527947,10.322010016623343,7.734756119231459,18.07622204233712,0.026615969581749048,13.696731948024444,92.93724413962329,20.007612625814442,19.612596364546825,0.9802567018536756,1.376155350305627
295,2,obs_2,876069,1,0,0,0,goal,1.3928467475806583,1.0533623715594969,-1.0330816387349198,2.469719648361206,0.9342185985917809,0.6092284677818764,0.9887656531386676,2.9981006984945644,4.892900180816651,254,25.400000000000002,0.7768602369146438,10.984093037191926,4.350910382352196,6961.456611763513,10.923142419031015,6.138727675549001,14.137528031243114,0.0,14.174056878081537,96.75595748740582,20.0,19.732250017631955,0.9866125008815978,1.293334923762847
296,2,obs_2,876070,1,0,0,0,goal,1.5395053046574272,1.218023981556625,-1.1819551949361886,2.547731637954712,0.9864372763798588,0.6983428420489348,0.9886065255558999,2.796977437181592,4.00887098312378,272,27.200000000000003,0.7283436591918648,10.723467079330208,7.888128311283298,12621.005298053276,13.569877420404302,8.086999512362482,19.10251308020259,0.011029411764705883,15.29794360455525,87.00856715702596,20.0,19.810947530018726,0.9905473765009363,1.3633382813934078
297,2,obs_2,876071,1,0,0,0,goal,1.24660694546431,1.02087545430414,1.019656373543065,2.0139427185058594,0.7171678718214187,0.9399301363955074,0.9887058177977426,2.2770415830586748,6.293166875839233,236,23.6,0.8186076365913664,10.914463258697157,3.6441565188803566,5830.650430208571,11.295836910288383,6.9468823056080495,13.592703024840961,0.0,11.513019580656064,96.24617892528691,20.047919304069495,19.31914022355625,0.9636481437569777,1.3090909649853297
298,2,obs_2,876072,1,0,0,0,goal,0.9621029666513249,0.7382141022498465,-0.7106782538075508,1.6245046854019165,0.6485202679981025,1.053987884852432,0.9887825276306105,3.2013395718409585,6.288649845123291,220,22.0,0.8702357920108179,11.179105320132592,1.8910078676506359,3025.612588241018,9.881243332540063,4.932554513981078,9.44810046844015,0.0,8.083689375396562,102.26241706948655,20.006069341125,19.145187424237996,0.9569689626578795,1.2556997909813712
299,2,obs_2,876073,1,0,0,0,goal,1.0573194265898491,0.833614175387608,-0.7696774189043558,1.8353049755096436,0.7249283003670199,0.858159092418843,0.9885604972325872,1.937694222212944,4.666004610061646,241,24.1,0.8001361425490214,10.871538914818823,5.742032195676697,9187.251513082714,9.389181271738684,7.5645568410514175,16.414456536348027,0.0995850622406639,11.568242118858048,94.75339304427484,20.0,19.283281035431415,0.9641640517715707,1.4089611756802474
300,3,obs_3,975974,1,0,0,0,goal,1.1743006029978529,0.8756343635801126,0.8421285328437252,2.0969045162200928,0.8184139786022693,0.2819260265340929,0.9888221888931832,1.8834383159765355,4.84944715499878,252,25.200000000000003,0.7750843982787513,10.989733954832662,3.923921952576028,6278.275124121646,7.770667107872279,4.74490664316612,13.129134688381797,0.0,12.404301238033648,102.97759624851433,20.0,19.532126836624535,0.9766063418312267,1.320027542953238
301,3,obs_3,975975,1,0,0,0,goal,1.3817860341960118,1.0917202088042584,1.0917202088042584,2.3718574047088623,0.8470416931813497,0.620063700145831,0.9887272561420912,1.980459882260197,5.612859153747559,234,23.400000000000002,0.8314621487588816,10.934270318748672,2.6904069089044196,4304.651054247071,10.487518904035182,5.3324140077821145,11.46178771672038,0.0,12.083949176779265,96.15119365784392,20.001883365081294,19.45621428095783,0.9727191147871567,1.2568179532134183
302,3,obs_3,975976,1,0,0,0,goal,1.5957999274168828,1.3172174716647103,-1.2811610676872078,2.6200153827667236,0.9514219500233858,0.8142304064306783,0.9886142431315719,1.4394551463781695,3.535730075836182,304,30.400000000000002,0.6570715215845023,10.353249708092527,13.68074095829079,21889.185533265263,12.28462235368911,9.6090749762223,24.260389151596954,0.12171052631578948,16.003806027401378,76.984272877692,20.006976955236425,19.97497425616887,0.9984004230554593,1.4098252123908215
303,3,obs_3,975977,1,0,0,0,goal,1.2905570818689556,1.022109609568514,-1.0132721373250326,2.0899410247802734,0.7992603814045046,0.8624931233591822,0.9886890686047493,2.615462657264131,4.206751728057862,249,24.900000000000002,0.7835389902512964,10.863777988858502,4.870563526775712,7792.901642841138,9.895252712791965,6.896216319849899,15.02721828464643,0.008032128514056224,12.033957774265106,94.32845907974976,20.0,19.510120857257277,0.9755060428628639,1.2287956674545673
304,3,obs_3,975978,1,0,0,0,goal,1.5731557311718507,1.3286352011252094,-1.3286352011252094,2.6164541244506836,0.8423463995588834,0.641554671145781,0.9884440825632286,2.0500260308934264,2.9785110473632814,299,29.900000000000002,0.6626157720151903,10.357410224709025,13.051798938014173,20882.87830082268,12.190794492501377,9.039577759705432,22.90772166865275,0.18729096989966554,14.356926940156638,75.4945538552979,20.0,19.81221158325419,0.9906105791627094,1.288304218422469
305,3,obs_3,975979,1,0,0,0,goal,1.7085026948377202,1.4234602116950554,1.405981562976376,2.49807071685791,0.9706684824584854,0.5356004885444716,0.9885196989826289,2.6243594680557703,2.6528499603271483,320,32.0,0.6271816458497798,10.1187688869657,16.74843528447883,26797.49645516613,10.820087855886142,8.941057876506125,25.981252870049502,0.33125,15.512014259742312,64.69101609004572,20.05969661762244,20.06981266719295,1.0005042972365605,1.2360319582518062
306,3,obs_3,975980,1,0,0,0,goal,1.934602556376599,1.639466946855004,0.046790646887082246,2.908576726913452,1.9340366300829879,0.16268583766827735,0.5429872070505617,0.5429872070505617,1.592966628074646,447,44.7,0.5160558407352757,9.492790789812203,35.733609905811335,57173.77584929814,4.900231382771992,5.562686179118193,33.72371396858254,0.7136465324384788,28.33430233027955,5.4635628975444845,20.01017223581925,23.06769608086682,1.1527984771452613,1.3216039065719516
307,3,obs_3,975981,1,0,0,0,goal,1.3222018149333983,1.0757130946410927,-1.0757130946410927,2.077399492263794,0.7688036013383761,0.6576339745549258,0.9887140307176099,2.4661947408087803,4.998094081878662,229,22.900000000000002,0.8420987811580501,11.008267472079227,2.5011514384506857,4001.8423015210974,10.44431153103799,4.874149201020834,10.527879622401151,0.0,10.244456812555178,93.3926246549184,20.0,19.284062088519352,0.9642031044259676,1.3169978361468546
308,3,obs_3,975982,1,0,0,0,goal,1.291661467623677,1.029706695373746,0.8575759828123577,2.220916509628296,0.9658948082721899,0.6931395276434693,0.9884121254753981,2.785239626084134,3.3627932548522947,283,28.3,0.6985913050340434,10.53915320991048,11.831766152794145,18930.825844470633,9.408862075061663,8.582076905546531,23.092403080110362,0.1625441696113074,14.456638695436839,86.36342512323675,20.0,19.770133932463427,0.9885066966231714,1.4568467554008002
309,3,obs_3,975983,1,0,0,0,goal,1.3871274463174588,1.0813081804183329,1.070455295805495,2.232520818710327,0.8821836611551843,0.6358669662835317,0.9887564500876692,2.9026275317979913,3.7034985542297365,267,26.700000000000003,0.7366080019062504,10.745274090197649,7.040866341779921,11265.386146847872,10.983329473581529,8.135443373464307,16.990434660293747,0.026217228464419477,12.924284107463695,94.15103074192544,20.0,19.667433650896886,0.9833716825448443,1.2755558370241444
310,3,obs_3,975984,1,0,0,0,goal,1.8592752054177761,1.5786851968820164,-1.5786851968820164,2.6438252925872803,0.9821697096871312,0.58003041401361,0.9886633346261391,2.889268566245661,3.4699310779571535,306,30.6,0.6512853463608295,10.365638410380365,12.24022205487646,19584.355287802337,12.59898594168366,8.735492454885273,22.123093049565416,0.12091503267973856,15.005538709805442,69.49645969502652,20.0,19.929331598641383,0.9964665799320691,1.345720889558808
311,3,obs_3,975985,1,0,0,0,goal,1.0093860586818106,0.8060227323579146,-0.7250265146770022,1.5870648622512817,0.7022796939087151,0.8353560700779864,0.9883165795572044,2.268434793815027,3.152844762802124,255,25.5,0.7577287216845523,10.572547483314102,8.866920641532248,14187.073026451597,8.911015574387678,8.037681245168796,20.014833579972095,0.1843137254901961,10.384242687555647,88.41545005163952,20.0,19.322082402956084,0.9661041201478042,1.3810748518302312
312,3,obs_3,975986,1,0,0,0,goal,1.6491559344715414,1.3111451035507529,1.2656686750682609,2.5718514919281006,1.0572597131990118,0.5122100428582941,0.9883971204792859,2.0142624757279473,2.5716115951538088,295,29.5,0.6762242653452295,10.314843534694006,14.919380634155027,23871.009014648047,10.082064923785982,8.385990446569833,25.02052977087639,0.3593220338983051,15.567987030749132,71.78232678273764,20.0,19.948615827684268,0.9974307913842134,1.3862414842074533
313,3,obs_3,975987,1,0,0,0,goal,1.6875953873136698,1.3558016188059587,-1.338368980396215,2.5532302856445312,1.0279818401098195,0.35001101813143787,0.9883010559577362,2.0949562412782843,2.0264052391052245,299,29.900000000000002,0.6657643359000751,10.180792190085144,15.665883392044123,25065.413427270596,9.819781300205511,8.6828033097298,25.786552061778448,0.36454849498327757,15.064907248044124,67.98137400712656,20.0,19.90635364341225,0.9953176821706124,1.3334265069586841
314,3,obs_3,975988,1,0,0,0,goal,1.7333486764412853,1.4237992523030574,-1.4232163917103808,2.6000993251800537,0.9894204043214592,0.3851515937831163,0.9883010559577362,3.087865741849537,2.0717556953430174,294,29.400000000000002,0.6736544832856729,10.16162204557652,15.068879333741314,24110.206933986105,11.10856475581895,8.453561183314237,24.984089814531966,0.36054421768707484,14.321245178484249,67.31167403241854,20.0,19.805441808598783,0.9902720904299391,1.295441097562482
315,3,obs_3,975989,1,0,0,0,goal,1.2249017548185066,0.9243365925712845,-0.866893765452899,2.125030994415283,0.8653782458418692,0.7043410021006071,0.988927411292602,2.4077716090041754,4.984988021850586,234,23.400000000000002,0.8275156555278252,11.08460457267192,3.0369037648498134,4859.046023759702,10.980802416289825,5.704835100917802,12.119135015811294,0.0,10.762970750342042,102.68992822910707,20.04456300477748,19.363866339351112,0.9660408328550676,1.4424228133638648
316,3,obs_3,975990,1,0,0,0,goal,1.6694739836945096,1.3733497023656835,-1.36878236882007,2.4533042907714844,0.9558128525188045,0.6916042079780618,0.9885359363588497,1.7426676789087265,3.573574161529541,288,28.8,0.6870646570585087,10.440227236077286,11.974963727405584,19159.94196384893,10.656990614502272,8.788935993493823,22.517555605979094,0.1388888888888889,14.423104355944055,74.6448556705283,20.0,19.787462123285053,0.9893731061642527,1.3169041695517574
317,3,obs_3,975991,1,0,0,0,goal,1.5302454000208618,1.325175228804873,-1.325175228804873,2.470890522003174,0.7652199665762518,0.23827553908522303,0.9882433694538793,2.150791991008562,2.014009475708008,349,34.9,0.5736827129538337,9.985204002982737,20.99137734187624,33586.20374700199,9.965742295929068,8.993321610544257,27.82486796133583,0.3868194842406877,15.967340273452715,55.55651529579539,20.0,20.02152668208879,1.0010763341044395,1.363963680993926
318,3,obs_3,975992,0,0,1,0,border,1.791892661124253,1.4750366174505953,0.7773777892977358,2.9539783000946045,1.6144853922217823,0.26538001442977105,-0.007950227782977493,-0.007950227782977493,1.8254664421081543,343,34.300000000000004,0.47440494191641275,9.157009609760419,32.511665925474794,52018.665480759664,5.226476150646544,5.9834514077410335,38.75159144054001,0.8688046647230321,28.465007129155122,-1057.9115986226811,20.0,16.272089507732957,0.8136044753866478,7.327838213379429
319,3,obs_3,975993,0,1,0,0,obstacle,1.6744246361520039,1.3496155278343294,1.3496155278343294,2.5860707759857178,0.9910780943907675,0.0,0.9883656605886828,3.006551574559987,0.8021462321281433,216,21.6,0.4626012568629996,9.203093486527601,20.815999346067066,33305.59895370731,4.1601797591808225,5.489212382426983,39.061158669215665,0.9166666666666666,20.1766325380354,-1020.4648105286186,20.0,9.992187148240792,0.4996093574120396,11.142256933932014
320,3,obs_3,975994,1,0,0,0,goal,1.8490363973651187,1.571910408546948,-1.571910408546948,2.684346914291382,0.973669998655984,0.4151135303634017,0.9883660660540737,2.051931901510133,2.2719587802886965,307,30.700000000000003,0.6479574759454494,10.119611450025042,16.133633926436698,25813.814282298714,11.504016397825254,7.978351201808915,25.197885464755544,0.39087947882736157,14.488724153324561,61.02332195143513,20.0,19.892294511525296,0.9946147255762648,1.3010975295924014
321,3,obs_3,975995,1,0,0,0,goal,1.8401026714890942,1.3835575495351804,-1.3142022805550369,3.2587146759033203,1.2879635893165775,0.059395643565910296,0.9882810313385372,1.606336766968516,1.3698464155197143,320,32.0,0.6403338611567084,10.180712160438816,17.712234542137676,28339.57526742028,5.178025670840075,5.39213068941293,25.512585244923685,0.4625,19.441956937969497,56.26943588497415,20.032332955612038,20.49068355701467,1.022880540295444,1.3420320130673065
322,3,obs_3,975996,1,0,0,0,goal,1.2011180126142451,0.9256524326780879,0.9256524326780879,2.061112642288208,0.7654097295589676,0.8305347246644574,0.9888630832342173,2.150167366097797,5.808498573303223,229,22.900000000000002,0.8432789110108264,11.075430373755776,2.506809114982083,4010.894583971333,10.548619690694307,5.4988076102746275,10.80146561807843,0.0,10.312318481711575,100.89137171436279,20.0,19.31108706214793,0.9655543531073965,1.2725862556412069
323,3,obs_3,975997,1,0,0,0,goal,1.2627714371217784,1.0146646259508376,-0.9766310730864056,1.9619320631027222,0.8004895061727525,0.821082594103502,0.9884547849216655,2.1415038171199123,3.505794095993042,263,26.3,0.7426689918629549,10.579447410161476,9.295681762898788,14873.090820638063,11.647116955910018,8.411320052044596,20.44088213113154,0.12167300380228137,12.028594533150587,85.9310413853818,20.0,19.532194485995717,0.9766097242997859,1.3001809433327172
324,3,obs_3,975998,1,0,0,0,goal,1.5264987154358185,1.2853306637202722,0.17600366769433898,2.4402267932891846,1.51631825062727,0.030697428896481794,0.3174821747085961,0.3174821747085961,2.117646598815918,383,38.300000000000004,0.5582493834627881,9.79505839049038,26.405943768833453,42249.510030133526,9.775193137024084,8.570944937778636,30.83514368628436,0.4725848563968668,22.910381338652844,36.23878504964259,20.0,21.380951386624783,1.0690475693312391,1.2723235020000432
325,3,obs_3,975999,1,0,0,0,goal,1.3772840201332381,1.0596337768952235,-1.0596337768952235,2.2991631031036377,0.8798224428696609,0.42865475764524585,0.9888324151971211,2.7986059121408844,4.261727619171142,257,25.700000000000003,0.7624069055120175,10.943239279218474,5.116596924599441,8186.5550793591065,11.177757640689379,6.789421296147733,13.733937490789458,0.019455252918287938,12.092509351036117,99.36655438017814,20.0,19.59385747165885,0.9796928735829425,1.2631843295211893
326,3,obs_3,976000,1,0,0,0,goal,0.960912325068195,0.7521970154616425,-0.7491990075872292,1.599713683128357,0.6017086865737236,1.1861778430223573,0.9887091087214941,2.1268236536222638,6.606974792480469,221,22.1,0.8685754829857858,11.099231232969066,2.0210887075817836,3233.741932130854,8.204943293874914,4.687469426109772,10.428405439089225,0.0,8.842162481874015,99.4351563283707,20.0,19.195518173985867,0.9597759086992934,1.193499367406259
327,3,obs_3,976001,1,0,0,0,goal,1.4020915935808582,1.13114491734587,0.3838743604219393,2.5269479751586914,1.34851819127543,0.03901203529886777,0.9882433694538793,1.8781605880013554,1.4056181907653809,377,37.7,0.5615177168143072,9.849314896967904,25.09579702251408,40153.275236022535,6.258532468308793,6.695242951195183,29.976740160299865,0.5145888594164456,22.09956341367173,44.81653697317639,20.0,21.169217923899378,1.0584608961949689,1.2712377534103207
328,3,obs_3,976002,1,0,0,0,goal,1.611801316229405,1.3133715277123783,-1.310532648688941,2.636892080307007,0.9383004101668032,0.49265157226206696,0.9886422749952579,1.766801912270032,3.873774766921997,270,27.0,0.7303946729602779,10.61574082857567,8.518965325543238,13630.344520869183,12.531950910918441,8.966257375823139,19.68930324703386,0.05185185185185185,14.69927375090816,85.5790048541122,20.003292831737312,19.7206561699275,0.9858704932139284,1.2951297055253184
329,3,obs_3,976003,1,0,0,0,goal,1.1801937690632425,0.9061461307208462,-0.8692182967985772,1.9978039264678955,0.7983212918658015,0.7789067619951799,0.9889360852565608,2.282485970096575,4.499357509613037,242,24.200000000000003,0.8016453138131885,11.029992793894262,3.657011358320705,5851.218173313128,9.417285835099912,6.104529908483025,13.267008613194685,0.0,11.456560960850076,102.84854052832341,20.02866264178687,19.399816594279166,0.968602694111203,1.2813946136584171
330,3,obs_3,976004,1,0,0,0,goal,1.5898786706881363,1.2950208603117974,1.2950208603117974,2.6059067249298096,0.9222988446628172,0.6121081745008187,0.9885261531646484,2.642174760513314,4.829890537261963,243,24.3,0.805645731460851,10.869454735539348,4.5744240667627905,7319.078506820466,11.982698680078686,6.85846969404807,14.377886380754994,0.0205761316872428,13.462739073512358,87.53092678156452,20.0,19.57719127449868,0.978859563724934,1.2960245796843022
331,3,obs_3,976005,1,0,0,0,goal,1.4008282074623668,1.163221134300107,-1.1488395845179413,2.0374767780303955,0.8015530399585995,0.5614823491002263,0.9882433694538793,1.5417912223265722,2.4407402992248537,303,30.3,0.6497341906308438,10.167129606524906,14.942898392140712,23908.637427425136,11.155656986678672,9.316070142477285,25.124370832415206,0.28052805280528054,13.450296143998743,74.98807475953052,20.0,19.686945976114565,0.9843472988057282,1.3232662790635563
332,3,obs_3,976006,1,0,0,0,goal,1.3727001767055271,1.0649112036474806,1.0649112036474806,2.2399559020996094,0.866181218610436,0.5801816222497381,0.9888501316208334,3.2635499290061345,3.362731170654297,267,26.700000000000003,0.732717771850671,10.823952776641491,7.474457953352448,11959.132725363916,10.451050494846545,7.740911725384383,16.034120098486998,0.10112359550561797,11.913091777659979,91.05036309483364,20.0,19.563564508412917,0.9781782254206458,1.2464715493069853
333,3,obs_3,976007,1,0,0,0,goal,1.3397310750557585,1.0954489468058455,1.0934970523157972,2.080904006958008,0.7740436357510613,0.5557803492352865,0.9885989330090692,3.3003298696663927,3.6224520206451416,256,25.6,0.7585048385390036,10.651713332934378,8.292261549484623,13267.618479175399,12.65248358541844,8.782745425882068,18.5499537603755,0.11328125,11.71850810569164,85.06716542183372,20.0,19.417723866598493,0.9708861933299247,1.2614598439807385
334,3,obs_3,976008,1,0,0,0,goal,1.51151578908014,1.2358083538905096,1.2358083538905096,2.476417064666748,0.8703204542540565,0.6030716269686001,0.9886098248520745,3.0342267431254673,4.906480503082276,240,24.0,0.8111221996657465,10.865657393918081,4.461895002505853,7139.032004009365,12.197253880359886,7.324679329778725,14.279069450489866,0.041666666666666664,12.578141674370222,88.69059886693053,20.0,19.466932791977914,0.9733466395988957,1.3227134175351887
335,3,obs_3,976009,1,0,0,0,goal,1.3569207496378681,1.0793364051839993,-1.0076627754455554,2.3819565773010254,0.9087627037786898,0.7041080685102352,0.988358572343398,1.4822583912107348,3.7345306873321533,278,27.8,0.709816949845948,10.460165360955884,10.448912043867558,16718.25927018809,10.68461218357947,8.631453013962963,21.928116346210267,0.15467625899280577,14.708993969624345,85.58568442872854,20.004219866206135,19.732911205717357,0.9864374285873997,1.3998136963441894
336,3,obs_3,976010,0,1,0,0,obstacle,2.1545455721178635,1.7425662126778894,-1.7425662126778894,3.298137903213501,1.2670949517562313,0.0,0.9820379145904976,0.9820379145904976,0.13518209159374237,242,24.200000000000003,0.45666774437096946,9.114027990782557,23.75990898705058,38015.85437928093,3.527939566932773,4.90640643840849,39.56684695787666,0.9545454545454546,23.1442373011382,-1030.8186895927163,20.0,11.051359413777464,0.5525679706888732,10.612511316859592
337,3,obs_3,976011,1,0,0,0,goal,1.436109681347869,1.148942692524911,-1.134805486722093,2.31463885307312,0.8801292656005206,0.2839357893436657,0.9884547849216655,2.03922099355131,3.233196496963501,269,26.900000000000002,0.72971919332954,10.519144609715697,10.68220431403478,17091.526902455655,10.207152982423109,7.270414413464721,20.17385020962878,0.21561338289962825,13.737612734393165,76.01884988080994,20.0,19.62944630056463,0.9814723150282315,1.2745130344402629
338,3,obs_3,976012,1,0,0,0,goal,1.4050642477026491,1.181492905982657,-1.181492905982657,2.3633973598480225,0.7604472718636498,0.7114028619351075,0.9884136082085381,2.889307435866935,3.298291826248169,297,29.700000000000003,0.6637703367243007,10.353639133349814,12.682936984952205,20292.699175923528,12.754900330627285,9.1243707608275,22.924987643028953,0.15151515151515152,13.97402514032352,80.85623434581888,20.0,19.713979000711735,0.9856989500355867,1.3081313813693505
339,3,obs_3,976013,1,0,0,0,goal,1.1007013091108564,0.8916589635984757,0.8916589635984757,1.7362669706344604,0.6453585550008962,1.1440400629348852,0.9886937298258837,3.559265679977056,6.345510864257813,226,22.6,0.8474172706771116,10.977793703383181,2.5570406545868125,4091.2650473389003,9.094267898135714,5.544392774432709,11.17215896779424,0.0,8.955080921233247,96.66632753441124,20.0,19.151630317302725,0.9575815158651363,1.2736286785467474
340,3,obs_3,976014,1,0,0,0,goal,1.1664185843966264,0.9552460516842217,-0.9488468760396158,1.840588927268982,0.6783965800736996,0.8109049190834688,0.9884547849216655,2.2907021456672085,3.5058009147644045,261,26.1,0.7415834963616843,10.57128587377461,8.9992502818121,14398.80045089936,10.874866934923023,8.04349605780029,19.44871921481215,0.12260536398467432,10.832700265465366,84.48598443491676,20.0,19.355329255039962,0.9677664627519981,1.2374436577831014
341,3,obs_3,976015,1,0,0,0,goal,1.416678320744116,1.0931691604636262,1.0224771027121586,2.539686679840088,0.9805702620902381,0.7250809727593868,0.98833933438024,2.057530422252831,3.5550625324249268,278,27.8,0.711282528661255,10.413709476054144,10.677263892064772,17083.622227303636,11.696662022211061,8.417286843733132,21.509566233366083,0.1618705035971223,14.994540317846662,83.50462831211658,20.006653418157207,19.77365429678289,0.988353918243875,1.3503331910693805
342,3,obs_3,976016,1,0,0,0,goal,1.7351529555629954,1.380088184332904,-1.380088184332904,2.735039710998535,1.0517187754641006,0.48429898575714164,0.9888931948247863,2.426563147128064,3.3058281898498536,291,29.1,0.6840361638537424,10.546263535459017,11.01657963669215,17626.527418707436,12.365772456958377,8.481317884520111,19.84657913792072,0.16838487972508592,14.699906162059282,81.32129978792128,20.0,19.905452368143905,0.9952726184071953,1.35005411296895
343,3,obs_3,976017,1,0,0,0,goal,1.4648425315219011,1.2077426971699736,1.2077426971699736,2.3784568309783936,0.8289277529363392,0.7631966895340669,0.9887018203840641,2.695372821530399,5.403090095520019,244,24.400000000000002,0.7938208763452361,10.828942814093756,3.954462752097394,6327.140403355832,13.083100539666633,6.831624399664274,14.033400285459452,0.0,11.509818264851264,92.48205946746603,20.0,19.36922938282376,0.968461469141188,1.418208224061785
344,3,obs_3,976018,1,0,0,0,goal,1.6021495277145585,1.2802709644260755,-1.2720720662822411,2.5838215351104736,0.9740204142318641,0.6508988842650919,0.988736369457264,1.6786816043925181,3.6197409629821777,289,28.900000000000002,0.6902328390305396,10.47894717500284,10.80478486813571,17287.655789017135,12.556050303909513,9.354144080253887,20.99522086978603,0.058823529411764705,14.965226160129797,85.31732025950598,20.0,19.947729047982595,0.9973864523991297,1.262749585913786
345,3,obs_3,976019,1,0,0,0,goal,1.7864653756059483,1.5031390167167926,-1.5031390167167926,2.6535351276397705,0.9654178549532715,0.7180587934860878,0.9885609469983268,2.347672563807366,3.7719799041748048,271,27.1,0.7264310208034138,10.534526060001987,10.239193234432532,16382.70917509205,14.825154697453533,10.742235608851018,21.290761164855212,0.03690036900369004,13.448981330935695,75.19836853063123,20.0,19.686280663772514,0.9843140331886258,1.343107286795769
346,3,obs_3,976020,1,0,0,0,goal,1.4899462890533155,1.1700031831809927,1.1034090629849664,2.5614945888519287,1.0012134557557566,0.7270169481107703,0.9886469605714202,2.27632512126107,3.9442277431488035,276,27.6,0.7193722212893978,10.703135944821913,8.333768805232909,13334.030088372654,10.420743400400333,7.877407484301991,19.604492153621454,0.04710144927536232,15.733923104197125,87.05337893199649,20.0,19.85467330758738,0.992733665379369,1.3975774918591892
347,3,obs_3,976021,1,0,0,0,goal,1.4619718928853158,1.2425548296588926,-1.235528971080501,2.256171703338623,0.7815561254365749,0.711439879873949,0.9884547849216655,2.1131311261989696,2.9523980140686037,312,31.200000000000003,0.6382857967948818,10.2896842678579,15.035408597183704,24056.653755493928,12.394824595313363,9.671208628679015,24.86323164883428,0.1794871794871795,14.865985017006912,72.97906120310837,20.0,19.914516860000315,0.9957258430000158,1.2646072564927622
348,3,obs_3,976022,0,1,0,0,obstacle,1.1900353400707155,0.9292993097799881,0.8782025250667148,2.0195133686065674,0.8030843265707966,0.0,0.9882433694538794,2.6715387034795697,1.0986518621444703,237,23.700000000000003,0.47045842778424146,9.343774659724176,21.181443710050168,33890.309936080266,7.824098457724361,6.997832048459484,37.354891677446005,0.7341772151898734,24.986494433902347,-1019.8388586507981,20.0,11.149864738486523,0.5574932369243262,10.713784754130806
349,3,obs_3,976023,1,0,0,0,goal,1.3687689066281474,1.151431420781305,1.151431420781305,2.065988302230835,0.7400905370220318,0.9326945975293524,0.9885258061659921,2.235266949275723,4.449674320220947,254,25.400000000000002,0.7613894354819207,10.66314546733464,6.600774973238408,10561.239957181451,12.85792513798348,7.705310069796144,17.549104327390953,0.015748031496062992,10.844878003532468,88.30410372368902,20.0,19.339291661240786,0.9669645830620393,1.3039325235263823
350,3,obs_3,976024,1,0,0,0,goal,1.2157328266607823,0.9512615734748995,0.9074001413306244,2.1016597747802734,0.8090928805358371,0.642024297885693,0.9885513838676455,2.5029900364376516,4.114984130859375,247,24.700000000000003,0.7852426892678669,10.756115182559288,6.417102414356863,10267.363862970982,10.660160023991653,7.894186977859025,17.44326231872987,0.09716599190283401,12.710501652498644,92.44703880928574,20.0,19.395494424916315,0.9697747212458158,1.383179804944052
351,3,obs_3,976025,1,0,0,0,goal,1.9258593509949808,1.5885260884964525,-1.5885260884964525,2.952817916870117,1.088815460021105,0.5811756308080829,0.9886877953690603,1.5425225710046497,3.279025650024414,308,30.8,0.654407412942298,10.357698751589307,13.084042704268919,20934.468326830272,11.130307765271064,9.186705609305958,22.67099499654073,0.1590909090909091,16.395694200220646,68.56489506843256,20.0,20.155748318622777,1.0077874159311389,1.2724168978998893
352,3,obs_3,976026,1,0,0,0,goal,1.4617054610310276,1.2021002332783408,-1.1899136058572266,2.18068265914917,0.8489337226213728,0.8009434658531625,0.9885426013380654,3.1538385179559496,3.8978413581848144,270,27.0,0.7240538779724467,10.54734314990799,9.411276435389567,15058.04229662331,13.321649972834107,8.56789414471995,20.259439440789045,0.04814814814814815,12.201852626557951,80.7727790907731,20.009406945382796,19.54945470525606,0.9770131997723766,1.250963375563439
353,3,obs_3,976027,1,0,0,0,goal,1.218550722637677,0.9878796893819217,0.9744122770406364,1.8382614850997925,0.7317011534727049,0.8137152984531751,0.9884419914328825,2.865845879526794,3.5340561866760254,259,25.900000000000002,0.7477533503097247,10.563897508896373,9.621111665436096,15393.778664697751,10.94772340368855,8.413443763356337,19.941514971842235,0.14285714285714285,10.98414325365928,83.91877941243695,20.0,19.366811773021865,0.9683405886510933,1.2913741820639126
354,3,obs_3,976028,1,0,0,0,goal,1.463184234802799,1.2199794199722285,-1.2199794199722285,2.1932051181793213,0.8078108193257116,0.607225396129191,0.9884141957000497,3.311289850329521,3.976098155975342,244,24.400000000000002,0.7934382333271375,10.63464759058151,7.4073099383204495,11851.695901312718,12.528473923726336,8.925445014980083,18.172164182293184,0.14344262295081966,11.091228850964791,84.03161923653587,20.0,19.359892893182153,0.9679946446591077,1.3578311972202224
355,3,obs_3,976029,1,0,0,0,goal,1.3441717285006736,1.1026944725388854,-1.1026944725388854,2.1080079078674316,0.7686758328012389,0.8622375329930723,0.9886756804087398,2.622081532642424,4.6109137535095215,232,23.200000000000003,0.8305754522505286,10.921065113732013,3.4615678125773175,5538.5085001237085,12.188332542390018,5.974224085928204,12.484001127224223,0.0,10.652088203482753,90.54507591343992,20.0,19.269350492212272,0.9634675246106136,1.338497507300754
356,3,obs_3,976030,1,0,0,0,goal,1.3176343920784979,1.0294587121032153,0.9830552357792971,2.2337756156921387,0.8773612680047957,0.5276486059823273,0.9886287966224556,2.6815494715753445,3.9971250534057616,263,26.3,0.7428187532895724,10.78627562567728,7.4937824538170545,11990.051926107286,11.322829104561842,7.198929244939701,17.83893476424477,0.022813688212927757,13.516783288979667,84.56794704191255,20.0,19.53613321151575,0.9768066605757875,1.3784105953251538
357,3,obs_3,976031,1,0,0,0,goal,1.6209950732409963,1.3505847714773633,-1.3505847714773633,2.4026753902435303,0.8964071633610595,0.6481350020580777,0.988731357698451,2.1651165596740096,3.584501600265503,275,27.5,0.7159482902672523,10.608280082312625,8.512605490116085,13620.168784185735,12.59440607833166,8.256527268552269,18.129915636337618,0.09090909090909091,12.889341756920473,81.29063759015804,20.02054238125167,19.688577982349436,0.9834188109102827,1.231955906734814
358,3,obs_3,976032,1,0,0,0,goal,1.639809256449355,1.414065085829794,-1.414065085829794,2.4651007652282715,0.8302977361008299,0.6883263953261681,0.9884832383564454,1.8444195853133425,3.4479979991912844,324,32.4,0.6163820539227903,10.204404001710591,16.26814722131521,26029.035554104332,13.090625488352112,9.124869405055067,25.926025486608715,0.16358024691358025,15.241965495451902,65.31803934196589,20.0,19.970778547098405,0.9985389273549202,1.2468854832027518
359,3,obs_3,976033,1,0,0,0,goal,1.8285449937700347,1.4955358664344771,-1.4955358664344771,2.869140863418579,1.0521165650485376,0.5331341419305466,0.9887549796497744,2.1641098469648865,3.6104148387908936,299,29.900000000000002,0.6703745042046342,10.463590195844803,11.142872104319409,17828.595366911057,13.373561443498469,9.22489271451758,20.7871658312325,0.06354515050167224,15.562006125511273,77.66214446324653,20.0,20.044197675718564,1.0022098837859281,1.2886038941043194
360,3,obs_3,976034,1,0,0,0,goal,1.0892273028622501,0.8643522646898381,0.8481743986442052,1.8302346467971802,0.6833859135108894,0.7884131455910798,0.9883813187795216,2.823238817063703,3.7114444255828856,241,24.1,0.7978823426946761,10.664165342937675,7.158386553552873,11453.418485684597,9.962388792385658,7.962287413449803,17.316087388227736,0.1825726141078838,10.855073708791373,90.30590578592624,20.0,19.228964458941697,0.9614482229470849,1.317659119477776
361,3,obs_3,976035,1,0,0,0,goal,1.3480787811716202,1.0734088550653365,1.0425664116240416,2.1668994426727295,0.8546178547155039,0.7060787716078177,0.9885790951429608,2.8631605565783187,3.9217217445373533,264,26.400000000000002,0.739923163054313,10.69959520611023,8.051189675793733,12881.903481269972,10.798633750173982,7.749414461932516,18.619431517136313,0.030303030303030304,12.933044430011035,83.14714624357771,20.000955873980363,19.533971504633865,0.9766518974248622,1.3229469961339364
362,3,obs_3,976036,1,0,0,0,goal,1.654456220940527,1.3977815082812282,-1.3977815082812282,2.4704232215881348,0.8851170781969264,0.43415079039129256,0.9884937641102487,1.975823814657093,3.5360074043273926,280,28.0,0.7001134287181323,10.44687565508601,12.092161206738034,19347.457930780856,12.785602513179983,9.14567323740313,22.34922533302701,0.16785714285714284,13.193972847941666,75.18191820845226,20.003137210616224,19.603176004107706,0.9800050760889523,1.3197854357553271
363,3,obs_3,976037,1,0,0,0,goal,1.4514467686628991,1.1629938227268903,1.1614914032876087,2.3941187858581543,0.8704225653962292,0.8404277127942422,0.9887018203840641,1.854282314670531,4.458820915222168,258,25.8,0.7600028726663036,10.749387380103906,5.655480855842922,9048.769369348674,12.811444775139774,7.656396997054623,16.422642669279504,0.0,13.268057431111268,93.76668448650915,20.0,19.608074114790636,0.9804037057395318,1.2467648134834486
364,3,obs_3,976038,1,0,0,0,goal,1.1660200240643397,0.9402815187154409,0.9083814968209258,1.8297702074050903,0.7310579681204343,0.8121024770784881,0.9884419914328825,3.2695933035366362,3.5340561866760254,262,26.200000000000003,0.7377821280168281,10.575461769184384,10.213719059237611,16341.950494780176,10.591220079253915,8.235312073408013,21.104099110536676,0.14122137404580154,11.22915965767306,84.50036890896696,20.0,19.329891754040897,0.9664945877020449,1.3661943744707106
365,3,obs_3,976039,1,0,0,0,goal,1.2677181406221836,1.0313448641765923,1.0313448641765923,2.0666141510009766,0.7371818331993352,0.6656935118036038,0.9886464964425181,2.5961479791672177,5.158770179748535,229,22.900000000000002,0.8396454069935415,10.953173492705718,3.465239132344019,5544.38261175043,11.699721086443514,6.6220510593475455,12.65670449730196,0.008733624454148471,10.703311752612809,91.34813271095518,20.0,19.227879820152097,0.9613939910076048,1.302277130165431
366,3,obs_3,976040,1,0,0,0,goal,1.256680105109602,0.9779220482211842,0.9779220482211842,2.088223457336426,0.7892486010004476,0.6261087207688657,0.9887825478595249,3.1600403598637468,3.938519811630249,252,25.200000000000003,0.7700631937208884,10.892787697838642,4.821252711146071,7714.004337833713,10.168462754245772,6.291558018923542,13.331958758607803,0.011904761904761904,11.144733199819209,96.01235064504118,20.0,19.40559248176639,0.9702796240883196,1.2564973942182347
367,3,obs_3,976041,1,0,0,0,goal,1.500475811805282,1.2434497070378066,1.2288821705583526,2.477827787399292,0.8609740255643672,0.5005343320066961,0.9884419914328825,2.3123469751984,3.813671684265137,299,29.900000000000002,0.6632498910493805,10.324050633205617,13.139978266557723,21023.965226492357,13.204492143536575,9.099649962865925,23.825703593699828,0.13712374581939799,14.693933896700848,79.3113870731992,20.0,19.831171742376483,0.9915585871188242,1.342875992046298
368,3,obs_3,976042,1,0,0,0,goal,1.0760925294217474,0.8203814823149902,-0.7691909227459157,1.8568682670593262,0.7525426607459414,0.4395769092603957,0.9886571473100698,2.0391091181157455,4.723038291931152,244,24.400000000000002,0.795805241512269,10.960027505835525,3.916425565541448,6266.280904866317,7.846611278867464,4.749447784612486,13.57234342810965,0.020491803278688523,11.605116542779587,96.72033989719694,20.06829508994857,19.417647892899367,0.9675783521154676,1.2874096299931013
369,3,obs_3,976043,1,0,0,0,goal,1.5577471118406623,1.2395120429179947,-1.2157936128268434,2.4298717975616455,0.9738695782584936,0.6768672192735612,0.9886747604251802,2.1803374595841065,3.611144685745239,278,27.8,0.7139999649621306,10.595560232994796,9.743493266114744,15589.58922578359,10.766793502366928,8.151166736172097,20.432235263432492,0.08633093525179857,14.403196456467235,80.27949123151157,20.0,19.849199025947232,0.9924599512973616,1.2676753182625538
370,3,obs_3,976044,1,0,0,0,goal,1.2801686718952878,0.9970385163256327,-0.9959113796630921,2.1674201488494873,0.8043583482252805,0.7989707818526292,0.9887466946764121,2.656857661084164,4.4285026550292965,241,24.1,0.8078056123152518,10.933978437139924,3.584560199141672,5735.296318626675,9.975864688555399,6.231418760500676,13.11263618930156,0.0,11.761760464187436,98.93921660111224,20.0,19.468115256797567,0.9734057628398783,1.2155224501062718
371,3,obs_3,976045,1,0,0,0,goal,1.0080636403719256,0.834114979801973,0.8325169125159774,1.4644125699996948,0.5684258029107789,0.9729928609489595,0.9882433694538794,2.3183819897921287,3.442136859893799,252,25.200000000000003,0.7620657994078597,10.506870910963265,7.721769020724828,12354.830433159726,9.100999822654572,7.656272073489512,18.24336427123478,0.17857142857142858,8.965670674697028,89.8281927281947,20.0,19.204058145078065,0.9602029072539032,1.2270554699452887
372,3,obs_3,976046,1,0,0,0,goal,1.241671109332894,1.0279918652576974,1.0279918652576974,2.0546483993530273,0.6964049602896146,0.6879961789564735,0.9883500935580183,2.7333876107296806,3.742930269241333,265,26.5,0.7308335369676654,10.458561987770537,9.209681185641797,14735.489897026873,11.881968717683444,8.937438219649817,20.076715841494007,0.16981132075471697,10.955730820621191,89.44886528470684,20.0,19.36708872964313,0.9683544364821565,1.2552151098881479
373,3,obs_3,976047,1,0,0,0,goal,1.4319591383959724,1.0951529223146095,1.0614858276207184,2.5277347564697266,0.961121642559408,0.7144299113340935,0.988736369457264,2.6809670099165865,4.559212398529053,263,26.3,0.7526303090775365,10.872028607889273,5.565793149160072,8905.269038656115,10.83063071465674,6.898597661715697,16.217465860620425,0.0,14.886252426339892,94.0933739459087,20.0,19.79417712873921,0.9897088564369605,1.3183982648529002
374,3,obs_3,976048,1,0,0,0,goal,1.1114861474903024,0.8305067715959417,-0.8305067715959417,1.9453014135360718,0.7386879980046519,0.8994613437799883,0.9888973436996091,2.2938354886287478,5.391325283050537,225,22.5,0.8545712880701629,11.212594861934582,2.3608128221799123,3777.300515487859,11.146720977766172,5.185753440908143,9.88596247529151,0.0,9.23554830458974,103.01228336888707,20.0,19.22785398157867,0.9613926990789334,1.3384951472019262
375,3,obs_3,976049,1,0,0,0,goal,1.3484784068167874,1.08653661405087,-1.0836822414235305,2.14972186088562,0.8025128119067099,0.879302553940039,0.9886885442256251,1.7842311589614024,4.217601203918457,247,24.700000000000003,0.789247677371695,10.847875204072796,4.693515128323074,7509.624205316918,10.405634888788548,6.741861663390194,14.718049786313765,0.004048582995951417,12.210897542514722,92.75768263156309,20.004615737697794,19.494417631080868,0.9744959806623288,1.2278839095096215
376,3,obs_3,976050,1,0,0,0,goal,1.3221729213428235,1.1033851467271965,1.1033851467271965,2.0212697982788086,0.7284795480409998,0.8635385908147285,0.9885521523657749,2.7000989121828347,4.9916938781738285,234,23.400000000000002,0.8199043129222725,10.841297505662228,3.976275592443662,6362.04094790986,11.142257073406498,6.436830066300751,13.726699360333876,0.004273504273504274,10.0227557893985,89.77465567864317,20.0,19.18576092238118,0.959288046119059,1.3899197422571048
377,3,obs_3,976051,1,0,0,0,goal,1.44477615554969,1.1448597277204196,-1.1448597277204196,2.295401096343994,0.8812912932106328,0.3870719514752442,0.9888888735399861,2.399922023302206,3.851775026321411,255,25.5,0.7682210167435624,10.82715875385603,6.05809638821963,9692.954221151405,13.999776967515155,6.922661759344965,15.273345398990546,0.01568627450980392,12.57481240708395,90.37190306699375,20.0,19.589635926960838,0.9794817963480419,1.2166842456816784
378,3,obs_3,976052,1,0,0,0,goal,1.8750544758142462,1.5768919095772305,1.5677889395268885,2.756795883178711,1.0285266784912253,0.6530420700860378,0.9884446792138308,2.3820889399540173,3.1440653800964355,335,33.5,0.6063354117844744,10.077429712174544,19.56863936770966,31309.82298833545,10.233507113542386,9.471697530061043,27.78264632531956,0.3164179104477612,17.260135034040914,57.04985282814742,20.0,20.312236294779893,1.0156118147389948,1.3047411529748123
379,3,obs_3,976053,0,0,1,0,border,1.4340668715033988,1.1633710762458964,-0.743881306678245,2.3537485599517822,1.2260458366301858,0.3275464666730959,-0.0022465423881981583,-0.0022465423881981583,2.095242977142334,277,27.700000000000003,0.49729988487621457,9.308337265726461,25.65818398734955,41053.09437975928,6.7557821671168,7.184235033434582,37.95531993308222,0.8086642599277978,29.439800430785365,-1031.0192434516532,20.0,13.775206811071143,0.6887603405535572,9.44999968281714
380,3,obs_3,976054,1,0,0,0,goal,1.2982693897188027,1.1175885845710023,-1.1132122933691464,1.9021358489990234,0.6680282914462813,0.4211878635591653,0.9883388599902071,1.6656958541567435,2.922450542449951,312,31.200000000000003,0.6321205737491541,10.209783212066842,14.962416438361169,23939.86630137787,10.690495405358133,9.420517095448906,24.583975629155667,0.22756410256410256,14.109369299057533,75.85516974721614,20.019710917093057,19.722161900973603,0.9851371971677472,1.2789515135215106
381,3,obs_3,976055,0,1,0,0,obstacle,1.554729831024373,1.232305673342825,1.2160123796761932,2.4241039752960205,0.9687614463588633,0.0,0.9883484939652667,2.736395344535892,0.2906157851219177,208,20.8,0.46739134271098126,9.2601514417105,19.497134814347127,31195.415702955404,4.992260794708694,6.090130827912493,38.490378363774376,0.8317307692307693,18.494881207004227,-1018.2665690630095,20.00882716386806,9.72173992838841,0.48587255258738643,11.261571628883239
382,3,obs_3,976056,1,0,0,0,goal,1.491578867122191,1.179009088602633,-1.1778950993651038,2.4396536350250244,0.915079587651911,0.7199927929975489,0.988756450087669,2.100862821700292,3.863340950012207,268,26.8,0.735916560678422,10.733650044857788,7.220899297281498,11553.438875650398,12.903015176008703,7.8461342600821435,17.34566941746135,0.022388059701492536,13.57094874239826,93.7501606509781,20.0,19.72256382618171,0.9861281913090855,1.2392281886819367
383,3,obs_3,976057,1,0,0,0,goal,1.4453278942196142,1.109759950209161,1.104964977561429,2.471971273422241,0.9316786571409563,0.39874344324660554,0.9888106672148017,2.797152875236386,4.655528736114502,263,26.3,0.7490369850994838,10.868819646455858,5.920540028271292,9472.864045234068,11.290825512402384,7.416884358268383,15.906302715676478,0.0076045627376425855,14.133047664390093,97.00837774403493,20.0,19.699672708116424,0.9849836354058212,1.3209922700242964
384,3,obs_3,976058,1,0,0,0,goal,1.1533841161662246,0.8870980443758087,0.8870980443758087,1.9892661571502686,0.7371241273280636,0.9679481358783661,0.9888716537827624,3.058512723931586,5.907331466674805,232,23.200000000000003,0.8340391669304758,11.097498416014473,2.867816664195333,4588.506662712533,10.71020338313404,6.130122379235915,11.626376132159654,0.0,10.468653740340283,102.47637013109932,20.0,19.349708672787038,0.9674854336393519,1.2248740540247642
385,3,obs_3,976059,1,0,0,0,goal,1.1652714751029396,0.9150978376530111,0.862063939075917,1.9724078178405762,0.7840302134697964,0.607931675454213,0.9884206815772221,2.8930489068767313,4.003516578674317,250,25.0,0.7776259838736734,10.724074958902172,7.3573051726234375,11771.6882761975,10.534508879404948,7.255488357019254,18.47690900050104,0.104,12.120745846665939,91.7090455513804,20.0,19.44064959684184,0.9720324798420921,1.3128411813811836
386,3,obs_3,976060,1,0,0,0,goal,1.2204036190860812,0.9673106119758543,0.9304165278755906,2.047952890396118,0.7897531754506182,0.9409263239820994,0.9884717038899803,1.6297330966070422,4.21859769821167,249,24.900000000000002,0.7800141940050977,10.772432329797983,6.799434370198887,10879.094992318218,9.950575496881239,7.461162348685827,17.78938606630143,0.08433734939759036,12.476945186965773,91.88610903478151,20.00000040357942,19.422353430726933,0.9711176519401916,1.347204603156012
387,3,obs_3,976061,1,0,0,0,goal,1.2829832831927122,1.05316693902655,-1.05316693902655,2.023498058319092,0.7327247119439868,0.8351265397012342,0.9884434865279514,3.058776794196553,4.308522415161133,236,23.6,0.8202002374826425,10.796247499852374,6.0494914785589025,9679.186365694244,10.730037584583808,7.310380743532303,15.909590662843785,0.11864406779661017,10.955732460767202,87.85622174532831,20.0,19.356725604590366,0.9678362802295183,1.2125729386920794
388,3,obs_3,976062,1,0,0,0,goal,1.2537436382208156,0.9934928279330797,0.9934928279330797,2.014028549194336,0.7647516663758893,0.6518385440041147,0.9887564500876692,2.206168986907538,4.310674858093262,249,24.900000000000002,0.7771094513304014,10.907437241027491,4.573961611353608,7318.338578165773,10.263535380363464,6.476619854353006,13.6442605839167,0.004016064257028112,10.84625616569188,95.45511259441446,20.0,19.350025338126997,0.9675012669063499,1.2770386374272868
389,3,obs_3,976063,1,0,0,0,goal,1.5203570330429423,1.2480029977570706,1.2451521021133933,2.3615424633026123,0.8723999945700001,0.5255809871837531,0.9885821409193397,2.7953414307918782,4.405300426483154,269,26.900000000000002,0.7308198675780043,10.626566428377823,7.997110793014177,12795.377268822684,11.92348767349969,8.154180284550382,18.836937095739682,0.06691449814126393,13.391602711948444,85.06828258663796,20.0,19.65905443784832,0.9829527218924159,1.2675957628091479
390,3,obs_3,976064,1,0,0,0,goal,1.5547094596707702,1.2478379324910713,-1.2478379324910713,2.405534505844116,0.9273737101224009,0.45823649093549146,0.9888220260819437,2.158270441534908,4.073857975006104,270,27.0,0.7257008323750871,10.74058247352732,7.109058465326931,11374.49354452309,13.011526343409233,7.9005782492833285,16.709577981333023,0.011111111111111112,12.422653100163608,90.98499443938702,20.0,19.593922474127353,0.9796961237063677,1.350128692208409
391,3,obs_3,976065,1,0,0,0,goal,1.0404073197561476,0.7887538879371017,0.7817932193556542,1.8375295400619507,0.6864741460329684,0.7452676472318456,0.9889440456114652,1.8256401625915792,4.324332427978516,237,23.700000000000003,0.8144619407020602,11.112499038837674,3.125961629300864,5001.538606881382,7.890327488687836,4.880753187484466,11.394453573586883,0.0,10.544606569477228,105.15135508278345,20.017182124407654,19.30274799463883,0.9643089559095488,1.270049128294863
392,3,obs_3,976066,0,1,0,0,obstacle,1.6107414207390098,1.2984343893007164,1.2984343893007164,2.477806329727173,0.9531820713618149,0.0,0.9884269600144413,3.0473079207196347,0.21820561289787294,207,20.700000000000003,0.47052304742260737,9.326642559490342,19.366740152327324,30986.784243723716,5.13543584971752,5.8960331411084725,38.3492690699112,0.782608695652174,19.34916100719884,-1017.6584180939758,20.0,9.739827081647974,0.4869913540823987,11.285882953819144
393,3,obs_3,976067,1,0,0,0,goal,1.3030503412038479,1.1048638466396805,1.1048638466396805,1.832385778427124,0.6908082744872364,0.8096217077645499,0.9886156072036596,3.3001183109162042,3.719439697265625,267,26.700000000000003,0.7247611861395213,10.568279972592935,8.664791818730112,13863.666909968175,12.614447819559198,8.296677217793585,18.853918335447176,0.0898876404494382,10.590467810961481,84.47179913950595,20.0,19.351123669925222,0.9675561834962612,1.2678400519821575
394,3,obs_3,976068,1,0,0,0,goal,1.773690377033834,1.422847655143701,-0.635437754648381,3.2449049949645996,1.6559578537963604,0.10463675627538,0.7407357080863424,0.7407357080863424,1.4796348571777345,431,43.1,0.5203221700922286,9.594053675962414,33.96209001883704,54339.34403013927,5.142925575722096,5.805540768431429,33.22937810145267,0.7169373549883991,26.378339127559503,20.044691578860494,20.08091630199892,22.42588553097505,1.1167760073150999,1.2569523116402739
395,3,obs_3,976069,1,0,0,0,goal,1.2934164223792477,1.0435957275722332,-1.040595152994477,2.069607973098755,0.7681717055741727,0.8531704217010087,0.9887190738963673,2.727594840324145,4.511845684051513,238,23.8,0.8158957547386688,10.944529139339688,3.5966247229223436,5754.59955667575,9.783545350223653,6.1949044662823,13.03112883598176,0.0,11.873976812358357,95.14134713786859,20.02468313078901,19.41831896278032,0.9697191628927014,1.255646922094016
396,3,obs_3,976070,1,0,0,0,goal,1.1392003833708768,0.9010357596408097,-0.8441026270257957,1.8426538705825806,0.7650282795560586,0.8294731028522575,0.9886316155006628,2.5228648435399355,3.822580671310425,253,25.3,0.7662509583894288,10.7899028233385,6.847255988203489,10955.609581125584,9.67892048850892,7.63861229559717,17.501070694592983,0.07114624505928854,11.584006379222389,90.1454945273355,20.0,19.38614924725255,0.9693074623626275,1.3791035438093269
397,3,obs_3,976071,1,0,0,0,goal,1.5635891962866482,1.2459968418414005,1.2459968418414005,2.627931594848633,0.9446179359220229,0.6816177887802689,0.9887862344602025,2.133686653902232,5.1493227005004885,242,24.200000000000003,0.8121653314237393,10.997740266915105,3.1757589354729983,5081.214296756797,11.396433344242235,5.956685034997117,11.398552429577537,0.0,13.538316595532438,94.89643038495754,20.023898319459853,19.654401020454486,0.9815471846135836,1.2768836230241256
398,3,obs_3,976072,1,0,0,0,goal,1.3029430010459924,1.1009923133272144,-1.077151232399587,1.9621305465698242,0.7330795908458968,0.6366579517597634,0.9882433694538793,2.9282100612241013,2.6882044315338134,323,32.300000000000004,0.6131296397106676,10.094869118541387,17.74028496545142,28384.45594472227,10.716117644300741,9.614671861999206,26.728191258531385,0.30030959752321984,14.527214176257633,67.80602065672548,20.0,19.804087362654563,0.9902043681327282,1.3893507021070144
399,3,obs_3,976073,1,0,0,0,goal,1.2462784098549997,0.9859960666311182,-0.9859960666311182,2.049783706665039,0.7622477493956084,0.8459282764525823,0.9889288655121937,2.2519059882927794,4.152829551696778,242,24.200000000000003,0.8020740038731333,11.030178170469117,4.061359261678635,6498.174818685814,10.994949120703573,7.068830333911671,13.147967966842996,0.004132231404958678,11.020069732296513,102.4525857543323,20.041648726398034,19.410190893729833,0.9684927202702406,1.2666964170750068
400,4,obs_4,1075974,1,0,0,0,goal,1.7209060454886,1.4422896390392599,-1.4422896390392599,2.6627981662750244,0.9387854997384721,0.7765461613159748,0.9884261983894206,2.220934758101672,4.490700340270996,248,24.8,0.7913418366057935,10.648287675352842,7.283820032665374,11654.112052264598,13.986911160139902,9.723550742889467,17.91570765833791,0.10887096774193548,13.81283218088559,82.60037045032884,20.04422480916405,19.62527754782368,0.9790988543917731,1.3626337247693094
401,4,obs_4,1075975,1,0,0,0,goal,1.535512701184915,1.299073659281637,1.296386858786366,2.4394078254699707,0.8229096960579654,0.5474878506523203,0.9886156072036596,2.3971575772834495,3.674849605560303,310,31.0,0.6410083436507035,10.290064570692278,13.452084116641954,21523.33458662712,12.818100518007492,9.362946982390255,23.44749431973023,0.1064516129032258,14.855060162510767,74.88769879301569,20.0,19.871258653171807,0.9935629326585904,1.2975447704322474
402,4,obs_4,1075976,1,0,0,0,goal,1.3342248777095518,1.0762475026628724,-1.0761277257697657,2.09922456741333,0.7887364212008096,0.8714595048982097,0.9886756804087398,2.919715520240126,4.096473598480225,248,24.8,0.7850687825874645,10.811550160127808,5.046692035853818,8074.70725736611,10.24993151305658,6.92808754911273,14.76369204122391,0.016129032258064516,11.591214895405088,91.07126236517864,20.0,19.469705808169117,0.9734852904084559,1.2057709256464948
403,4,obs_4,1075977,0,1,0,0,obstacle,1.9966047970433582,1.6060678619321516,1.6060678619321516,3.2176244258880615,1.18616050281791,0.0,0.9882433694538794,1.7763968419839533,1.1112612724304198,277,27.700000000000003,0.45781997571525573,9.103347520965961,26.812545480998235,42900.072769597165,6.091988432234611,6.345492108178329,39.244804950397366,0.8989169675090253,28.324023744395742,-1038.622331354062,20.0,12.681613327312583,0.6340806663656291,9.824834442428692
404,4,obs_4,1075978,1,0,0,0,goal,1.5130088972398184,1.2164258085415458,-1.2068522283548697,2.3322482109069824,0.9125259569139592,0.7375422752434102,0.9885100452454553,1.849723793146455,3.508653259277344,270,27.0,0.7279622909186704,10.520948377812925,10.23408520043322,16374.536320693154,9.863466168424896,8.27485247828896,20.48217306855238,0.13703703703703704,13.614835307628402,78.04303711515182,20.0,19.6549818548041,0.9827490927402049,1.2867316701237277
405,4,obs_4,1075979,1,0,0,0,goal,1.728981855394233,1.401178843158887,1.401178843158887,2.765974283218384,1.0129541479091775,0.27452082967783176,0.9883013616496722,1.9649256626582225,1.85091290473938,289,28.900000000000002,0.6861680342862024,10.178447052552832,14.377114188666031,23003.382701865645,8.388522749818447,7.364738021889603,22.76952017390308,0.4117647058823529,15.39532960720766,62.00906840382681,20.0,19.830256190871253,0.9915128095435627,1.262101867364167
406,4,obs_4,1075980,1,0,0,0,goal,1.4862632801657853,1.2143242020320297,-1.2104985771663215,2.382486581802368,0.862364037195123,0.2522865854818318,0.9883961283406145,1.9640469926429294,3.1275988578796388,273,27.3,0.719904235054602,10.432710988457304,11.646416492560835,18634.266388097338,14.123557486078317,9.265190412031952,22.246761202484695,0.20512820512820512,13.171481966348178,80.25879220910963,20.0,19.653385616990636,0.9826692808495319,1.2272515626770122
407,4,obs_4,1075981,1,0,0,0,goal,1.3320480457490738,1.0396160504899372,1.039333393671424,2.1735827922821045,0.8331495021803516,0.3840311249437265,0.9888463268352112,1.8111614644626624,4.156523418426514,259,25.900000000000002,0.7539362935696642,10.878041778538739,5.739200859894838,9182.721375831743,10.252322141052217,6.921620977924384,14.577258494125255,0.023166023166023165,11.915269222698436,93.82680831654258,20.000345956726616,19.526950003454303,0.9763306117655881,1.2417309196951951
408,4,obs_4,1075982,1,0,0,0,goal,1.4498019748987556,1.1356185263168093,1.0698034568881312,2.5334315299987793,0.9784918650916502,0.7009251593710298,0.9885620970381902,1.9496856793833615,3.6189177513122557,282,28.200000000000003,0.7045621700531018,10.508255818739851,10.442547808608627,16708.076493773806,11.031660755758184,8.701618652367136,21.877050042608158,0.11702127659574468,15.59465019768162,84.91460989876201,20.0461604465369,19.868653195497473,0.9911450748130627,1.3807890201427409
409,4,obs_4,1075983,1,0,0,0,goal,1.1453792183048577,0.9184213531074118,-0.8667480897960257,1.8821035623550415,0.7487598430468791,0.8738753815830815,0.9883819603033307,3.193543709251226,3.462801456451416,259,25.900000000000002,0.749389035126842,10.546728704807899,9.443858536843079,15110.173658948923,10.266931967217793,8.515464189958019,20.776954626064015,0.18146718146718147,11.729003448020737,89.45753135142098,20.0,19.409176009785213,0.9704588004892607,1.3655818384049994
410,4,obs_4,1075984,1,0,0,0,goal,1.6152617741788904,1.3263656565086972,-1.3263656565086972,2.5626018047332764,0.921859395112828,0.39714853799204936,0.9883226193321054,1.9622167467283784,3.482425594329834,264,26.400000000000002,0.7428495600265567,10.410731612790517,10.47023766992443,16752.380271879087,14.397861658393655,10.868321677517821,21.217903149337154,0.1856060606060606,13.24406408064001,80.6753491587704,20.00020365141793,19.6112283847011,0.9805514347005535,1.2343629052525535
411,4,obs_4,1075985,1,0,0,0,goal,1.1910127530827235,0.9430890055225482,0.9014554424950528,1.9657281637191772,0.7783890179092567,0.8090890115302413,0.9884122091431095,2.7629172879416837,3.8532958030700684,252,25.200000000000003,0.7720085208001248,10.618006683686483,8.250811681404768,13201.29869024763,9.396865073428211,7.588718385150296,19.08837801525517,0.15873015873015872,12.067739709844545,88.2850069052202,20.0,19.454614724163143,0.9727307362081572,1.3044005983383034
412,4,obs_4,1075986,1,0,0,0,goal,1.4584934924791106,1.165920676601984,1.1097930240760823,2.445514440536499,0.9463417518613335,0.6757635012527934,0.9885989330090692,2.5199947330596375,3.6224520206451416,280,28.0,0.7063673061091548,10.484777276643685,10.550497708718437,16880.7963339495,11.595712831797993,8.966833732191715,21.806512034232064,0.10357142857142858,15.011616664347171,84.92147561760336,20.0,19.778284571056332,0.9889142285528166,1.3889645557592214
413,4,obs_4,1075987,1,0,0,0,goal,1.4409538687450274,1.1366721559232766,-1.0702839684190362,2.34399151802063,0.9648006419962941,0.630462644757511,0.9883870291161609,2.5964448883092857,3.1294793128967284,280,28.0,0.7038998388540951,10.427660797128919,12.6825197084342,20292.031533494723,8.441389760663432,7.891881805522073,22.98947912215122,0.32142857142857145,14.456459429061374,75.81058161059704,20.0,19.709195487914666,0.9854597743957333,1.4292241291892163
414,4,obs_4,1075988,1,0,0,0,goal,1.4195967798624889,1.1718599756761963,-0.18754181159016936,2.3945133686065674,1.4071542510689528,0.0069387655436268505,0.9882433694538794,1.46525385692793,1.301747441291809,388,38.800000000000004,0.551335500672487,9.76406117330891,26.821570322008547,42914.51251521368,6.26233927039213,6.544989901929813,30.629817010479567,0.5128865979381443,22.898136348154143,40.94439715147928,20.0,21.391817426092494,1.0695908713046247,1.2923753474495363
415,4,obs_4,1075989,1,0,0,0,goal,1.4119520322473482,1.1852716311478262,-1.1852716311478262,2.117323637008667,0.7672937519383228,0.8485487763726235,0.9883165795572044,3.0517350663751497,3.112110137939453,262,26.200000000000003,0.7386427033812226,10.346170406895228,11.011039062258737,17617.662499613976,14.061384810798469,10.365991349442922,22.304179472208933,0.20229007633587787,10.675286175346745,80.85507933573672,20.0,19.35243882858803,0.9676219414294016,1.3157573071202489
416,4,obs_4,1075990,1,0,0,0,goal,1.2712662187001496,1.0524969761215681,1.0524969761215681,1.8682304620742798,0.712999238473038,0.8236893370366257,0.9884419914328825,3.489087967854781,3.5340561866760254,253,25.3,0.7628769381844329,10.604620196757168,8.770208284564118,14032.333255302592,11.969115957017204,7.881328903086557,18.40638460544271,0.14624505928853754,10.359085425943006,82.41291051446703,20.0,19.300786536066155,0.9650393268033077,1.2704366642440472
417,4,obs_4,1075991,1,0,0,0,goal,1.3049000552246963,1.0462941150454914,1.0462941150454914,2.096165180206299,0.7797645663574276,0.7966627772123199,0.9887632743744151,2.5290493184993874,4.673344135284424,238,23.8,0.8126220836032733,10.962260885411892,3.2430419143596767,5188.867062975482,11.878326522650095,6.169971387217649,12.065094979638879,0.0,10.650922790300514,98.55957653791727,20.001220068035316,19.340405589757907,0.9669612915597343,1.2904497382020672
418,4,obs_4,1075992,1,0,0,0,goal,1.722429809626894,1.4240111227027719,-1.4224074746740076,2.5690979957580566,0.9713503101779761,0.5567094690647102,0.98839621121857,2.7255850435411073,2.6698039054870604,296,29.6,0.6724805146476669,10.22860027123219,14.832057090236322,23731.291344378114,12.527338422961153,8.75207388940529,24.565073828200333,0.34121621621621623,14.491301281234213,69.83874532844878,20.0,19.905423233570943,0.9952711616785471,1.2268636554478045
419,4,obs_4,1075993,1,0,0,0,goal,1.4635434417286488,1.2309607885356801,-1.2309607885356801,2.2114531993865967,0.7916406652734279,0.7248224317165575,0.9883961283406145,3.3475007077383587,3.1275922775268556,272,27.200000000000003,0.7146263809090944,10.29731353198226,13.105712391547051,20969.13982647528,14.08308012019224,10.706121968515367,24.182136538096103,0.24632352941176472,11.311680332841084,77.75186589854985,20.0,19.437837560727367,0.9718918780363683,1.2739261696154869
420,4,obs_4,1075994,1,0,0,0,goal,1.4239522379632492,1.1395523638930172,-1.1203207171209095,2.3613762855529785,0.8789320035078009,0.7083163477748318,0.9886806290052221,2.69960880148857,4.634702682495117,244,24.400000000000002,0.7976070770768889,10.88313500481396,4.043509071550133,6469.614514480214,12.22320766008072,6.597683239938172,13.831427990645933,0.0,12.383320741105042,92.4613348562421,20.013399014091764,19.461612680676094,0.9724291544366278,1.2961594424251142
421,4,obs_4,1075995,1,0,0,0,goal,1.3985165354041795,1.1230213741539952,1.1163634120066313,2.2457590103149414,0.8423664476531709,0.8716442673210217,0.9886469605714202,1.8644396049487177,3.944205951690674,257,25.700000000000003,0.7604808787999768,10.689978592061522,6.888817335747295,11022.107737195673,11.91382547840476,7.792926813670753,17.47396061472334,0.04669260700389105,12.87445756285985,88.62094486949275,20.0,19.544358585159408,0.9772179292579704,1.2657355846707419
422,4,obs_4,1075996,1,0,0,0,goal,1.469953378237971,1.1907508876389354,-1.1627205179406475,2.3949668407440186,0.8993575103111416,0.30396591513347604,0.9883864319997421,2.791422673451026,3.028032827377319,282,28.200000000000003,0.7002591452372611,10.350897930779228,13.144550551510974,21031.28088241756,12.58134506775391,9.455387898016673,23.895162169801743,0.24822695035460993,13.79316435737019,80.33159187725961,20.003468284749005,19.74730789569076,0.9871942012549121,1.2877426787851431
423,4,obs_4,1075997,0,1,0,0,obstacle,1.6969288775501643,1.3460640018014438,1.3252961535182635,2.67795467376709,1.0597913572648892,0.0,0.9882433694538794,2.218203858991422,0.6102031111717224,233,23.3,0.45634490416213813,9.1252965430845,22.460784763604956,35937.25562176793,4.126517012201506,5.212975541280351,39.13741809615762,0.8841201716738197,20.976444779230118,-1024.0921697589633,20.032454202669047,10.632836266977819,0.5307805104359675,10.686035385290234
424,4,obs_4,1075998,1,0,0,0,goal,1.7226280574889155,1.4089832690618544,-1.3781869755703375,2.7708849906921387,1.0334641187851272,0.7633755671333033,0.9886477246589677,1.7134808491614695,3.5359910488128663,289,28.900000000000002,0.6913053188902616,10.431090603134624,12.101733026809633,19362.77284289541,12.172924838442768,9.579123284382044,22.826693016474994,0.12110726643598616,16.618945875434555,77.86682707455196,20.06167175588912,19.97872371592856,0.9958653475657526,1.391113625240145
425,4,obs_4,1075999,1,0,0,0,goal,1.4428291859824398,1.1639312350313988,-1.162175799643232,2.3574907779693604,0.8550458880354691,0.6415541796809987,0.9882433694538793,2.5605731323551253,2.8836238861083983,273,27.3,0.71551952417406,10.283300250810878,12.548767082468368,20078.027331949394,14.686718144837547,10.054208268935042,22.97810891687515,0.2490842490842491,13.126479004323064,79.16854097233663,20.0,19.53368300995184,0.976684150497592,1.2419784954406847
426,4,obs_4,1076000,1,0,0,0,goal,1.55668082324339,1.2582681755280343,1.2532286974601448,2.4519972801208496,0.9234029550072207,0.39825049283979624,0.9885289022365182,2.3400004479781993,4.498105525970459,263,26.3,0.7483314445618536,10.684245424049006,8.361966399748681,13379.146239597892,11.551684493781954,8.04701454542197,18.87292956572182,0.06463878326996197,13.961081244022068,81.81439533747391,20.0,19.68111699197675,0.9840558495988375,1.262079807875851
427,4,obs_4,1076001,1,0,0,0,goal,1.7472677004926966,1.4461145312192716,1.4461145312192716,2.7219018936157227,0.9806616030932903,0.5132678692107076,0.9886890686047496,2.7390014900671833,3.6664698123931885,280,28.0,0.7048952933915449,10.576648927995068,9.403177248191508,15045.083597106415,13.310938667652854,8.648001949488346,19.744043136464565,0.06428571428571428,14.050612920910787,81.00429211323836,20.0,19.73706821496326,0.9868534107481629,1.3332440884334835
428,4,obs_4,1076002,1,0,0,0,goal,1.5692532459096153,1.3118690794239038,-1.3118690794239038,2.351163864135742,0.8611360335332288,0.7098999959862452,0.9884259578988333,2.317734526870669,3.1206969738006594,269,26.900000000000002,0.7254735081043727,10.375930427660176,12.396553001883579,19834.484803013725,14.5536437408248,10.336104697550505,23.135627748957077,0.241635687732342,12.399264880354464,75.23065061480861,20.0,19.515237368007625,0.9757618684003813,1.2904851106357236
429,4,obs_4,1076003,1,0,0,0,goal,1.4905349741052354,1.2411013864715836,1.2411013864715836,2.2563865184783936,0.8254464595170345,0.30025206177268965,0.988575423211335,2.6180293190696053,4.44405345916748,261,26.1,0.7465704907346407,10.674158584572718,7.2511435462395015,11601.829673983204,12.205768323933274,7.294675498038894,17.44351545007992,0.034482758620689655,12.371738962118208,81.17988897901684,20.003039246235883,19.485489808174123,0.9741264598998799,1.2831707819857692
430,4,obs_4,1076004,1,0,0,0,goal,1.5693689344909498,1.266082181329654,1.2528926819320836,2.374028444290161,0.9450813616331087,0.6576803646329508,0.9885118462174892,3.153465079745124,3.6635332107543945,277,27.700000000000003,0.712471186518304,10.515038407493016,11.052844324428467,17684.550919085545,11.159363950508228,7.915809636442731,21.74265519665413,0.1444043321299639,13.965717814875385,76.6342366019251,20.0,19.735451866557025,0.9867725933278513,1.298947472947323
431,4,obs_4,1076005,1,0,0,0,goal,1.3169784699293148,1.0599820880086026,-1.0545700416015837,2.058211088180542,0.7888690116957271,0.4481948579798505,0.9884727275573149,3.131790514274279,3.984460735321045,248,24.8,0.7820854525437233,10.676303139986796,7.18360640591353,11493.770249461646,10.38651425949475,6.872440273143566,16.672667836063475,0.125,11.925797351784409,85.53672721542429,20.0,19.395719223084342,0.9697859611542171,1.2997730523469175
432,4,obs_4,1076006,1,0,0,0,goal,1.5710665148488778,1.2372274746680085,-1.2161264512591246,2.6233298778533936,0.9946287994157861,0.4740277961929154,0.988362803299,2.116801707344813,2.4975700855255125,289,28.900000000000002,0.686745518449791,10.263681721368041,14.081686587294598,22530.69853967136,7.717295229021046,6.8939770865383165,22.918572550942432,0.4013840830449827,15.515008598692908,65.8334356955402,20.033537475663177,19.846945483198965,0.9906860187477681,1.261557081973536
433,4,obs_4,1076007,0,1,0,0,obstacle,1.804486972381482,1.4623933201488108,1.4623933201488108,2.86509108543396,1.057156095701399,0.0,0.9884253236531635,2.7699985282843222,0.20290690362453462,250,25.0,0.4617035946335298,9.24929439353943,22.960409935037475,36736.65589605995,4.783002727002983,5.405421790456537,37.866038951873776,0.82,25.04027868225373,-1028.786461967162,20.0,11.542589865838245,0.5771294932919122,10.27245408171975
434,4,obs_4,1076008,1,0,0,0,goal,1.6559291635640359,1.3524565981338323,1.3446342358765233,2.4556562900543213,0.9664678817480928,0.5890060761784367,0.9882433694538794,2.396332837647824,2.6808239936828615,303,30.3,0.6551452417672767,10.145866633438976,15.459572366465535,24735.315786344854,9.475511746690762,9.018094247457007,25.342594633392203,0.32673267326732675,14.55686843791439,68.09818677705904,20.0,19.850900825548486,0.9925450412774243,1.3078812816858998
435,4,obs_4,1076009,1,0,0,0,goal,1.693888992615813,1.44650590356778,1.44650590356778,2.545447587966919,0.8814082993985101,0.6362601100390135,0.9884320351693412,2.2108018576620863,3.532105588912964,275,27.5,0.7109357602665829,10.355473038046197,12.973040119085699,20756.86419053712,15.372733826184794,11.852734205127087,24.367320227555254,0.16727272727272727,12.723744671640826,78.76215187345318,20.01414844383957,19.550733407331034,0.9768456280911029,1.3795624653189855
436,4,obs_4,1076010,1,0,0,0,goal,1.645044092484296,1.352243973750047,-1.3434150792711739,2.6061947345733643,0.9494240311917044,0.7192345114050361,0.9886842945187199,1.656973799525945,3.7137689113616945,279,27.900000000000002,0.7107438311215798,10.56032832135116,8.860920838498258,14177.47334159721,11.638410432304408,8.821694749859596,19.62510909346069,0.025089605734767026,15.190499824000092,83.72286979086164,20.036213184006257,19.829752888292077,0.9896956428932896,1.3243941543303597
437,4,obs_4,1076011,1,0,0,0,goal,1.598786373127458,1.28329743263996,-1.261395051761607,2.653995990753174,0.9823443338714707,0.5381188334033593,0.9885263445762261,2.6502582738967755,3.982230377197266,279,27.900000000000002,0.7097022063224505,10.54086900698722,10.014632643000297,16023.41222880048,12.325615205353113,8.815331534960045,21.412131423164013,0.06810035842293907,15.190106670953554,82.28626527228596,20.03768914960053,19.800691556396373,0.9881724089322504,1.3201599688532724
438,4,obs_4,1076012,1,0,0,0,goal,1.583917628496092,1.264827551681899,-1.264827551681899,2.577023983001709,0.9534182284638036,0.5218853008399652,0.9888043397099652,2.7903444253285636,4.0539874076843265,271,27.1,0.7288067921953174,10.730317756946016,7.3773316476995126,11803.73063631922,14.032340287058442,7.994802341222089,16.965332950338226,0.02214022140221402,13.741968236613468,91.50459884245478,20.0,19.7506640684931,0.9875332034246551,1.2549016399906505
439,4,obs_4,1076013,1,0,0,0,goal,1.629118202257319,1.3531105974182973,1.3531105974182973,2.618461847305298,0.9072584130667605,0.7925078452853739,0.9886906088393171,1.9606619297565242,4.34622745513916,276,27.6,0.7137275783795868,10.55649023041453,7.547032991399579,12075.252786239327,12.429854707284406,8.224862217798966,18.260675738936804,0.0,13.738158090326468,86.49349451444242,20.000065762930152,19.698881163276596,0.9849408195341138,1.3043151427693802
440,4,obs_4,1076014,1,0,0,0,goal,1.6105123130326366,1.3751839027935109,-1.3751839027935109,2.2745163440704346,0.8382238030068943,0.6618052010669464,0.9884832383564454,2.0075338117324866,3.3986834049224854,285,28.5,0.6867060831162385,10.362272199498195,11.643882379184122,18630.211806694595,10.886552911514126,8.317544013581783,21.819776838874084,0.17543859649122806,12.678066695080505,74.33031671138528,20.0,19.5711233688128,0.97855616844064,1.3396070424455335
441,4,obs_4,1076015,0,1,0,0,obstacle,1.666924202741153,1.2582988108531004,1.227547435871348,2.6844234466552734,1.1277249622004066,0.0,0.9882433694538794,1.3921973010942243,0.551048755645752,205,20.5,0.45912671205911404,9.152074794652986,19.431079808883467,31089.72769421355,4.996735909405876,6.205875897142535,38.811567655423794,0.8439024390243902,17.82786450505325,-1021.8044987320488,20.0745574118785,9.412097597211837,0.46885704148289303,11.726864249782665
442,4,obs_4,1076016,1,0,0,0,goal,1.4910912016446343,1.1578608936201702,-1.1578608936201702,2.5346755981445312,0.9395270739298257,0.549284847346309,0.9888322633397891,2.699323658869508,5.152181243896484,238,23.8,0.8208650790565768,11.077252194045837,2.8136273037050694,4501.803685928112,10.139294295229865,5.396236002974037,10.596747681177652,0.0,12.200484348026913,97.8542247953551,20.0,19.536588881546525,0.9768294440773262,1.341983116587532
443,4,obs_4,1076017,1,0,0,0,goal,1.3745514362741278,1.0939727166742086,1.0928724065572024,2.2207279205322266,0.8336795271260631,0.3316334618025265,0.9886890686047496,3.154126057716895,4.1894715309143065,250,25.0,0.7813682288414976,10.814387950200587,5.793510154163008,9269.616246660813,12.198428842557002,6.540524387909168,15.274919134303927,0.028,12.350337197772522,89.11431563248057,20.0,19.53420572103744,0.976710286051872,1.1921342115174005
444,4,obs_4,1076018,1,0,0,0,goal,2.0827097320534036,1.710966418062746,1.710966418062746,3.310302495956421,1.1875494702333445,0.139099688251515,0.9883360176400274,2.6790739158310153,1.5638096809387207,314,31.400000000000002,0.6464069977985195,10.036634427785968,17.62516097988404,28200.25756781446,7.971597403383102,7.501348976595549,26.011320061560507,0.46178343949044587,17.978911312236875,50.68089631249464,20.0,20.297179730873513,1.0148589865436757,1.2203359016049835
445,4,obs_4,1076019,1,0,0,0,goal,1.4495488867719202,1.1247931240639204,1.0521376732645966,2.452308416366577,0.9970949260923325,0.4067033976708531,0.9882433694538794,2.633673920394786,2.1176271438598633,287,28.700000000000003,0.6913420306862273,10.34619609734858,13.747745959170226,21996.39353467236,8.926632521035787,7.725706006600378,24.03723979998341,0.3344947735191638,14.837684553763879,72.17294053319574,20.0,19.84151628069473,0.9920758140347365,1.3224216283782473
446,4,obs_4,1076020,1,0,0,0,goal,1.931681252621572,1.6454451863237893,-1.6454451863237893,2.8230082988739014,1.0118807244599117,0.38229110216028755,0.9882545460108305,2.6779245442639965,2.211495113372803,338,33.800000000000004,0.5969062119999557,9.912431216120897,19.499608149472063,31199.373039155296,9.657933857866759,8.684286065956504,27.201943422616708,0.40532544378698226,16.59196706914211,51.42925797951341,20.0,20.175429965598504,1.0087714982799252,1.3020600793376336
447,4,obs_4,1076021,1,0,0,0,goal,1.7796325047998547,1.4864677123888308,-1.4864677123888308,2.6798994541168213,0.9785221469980744,0.7324965985679937,0.9885842539654445,2.1479927698383054,3.9139830112457275,263,26.3,0.746800798656138,10.604044645104004,8.242820459800683,13188.512735681094,15.64831139932152,10.060486752091668,19.390227552220054,0.019011406844106463,13.481034194999891,78.39931274536109,20.0,19.640861004656433,0.9820430502328217,1.3909113663755277
448,4,obs_4,1076022,1,0,0,0,goal,1.4174859101693333,1.1584386918562344,1.1584386918562344,2.3361761569976807,0.8168758184320307,0.6673906639471517,0.9884357164387548,1.8529166029626918,4.214645099639893,248,24.8,0.7840484772029918,10.67130704887583,6.6828387074402915,10692.541931904467,12.068235703747764,7.990348613442709,17.36645281810554,0.0967741935483871,12.734928054367678,88.44374107320098,20.00491004520155,19.444402234634197,0.9719814880796327,1.2760556596957682
449,4,obs_4,1076023,1,0,0,0,goal,1.3482877317074542,1.0951493662214746,-1.0056645929348136,2.1566476821899414,0.8980637694451816,0.7034499818972274,0.9883379238675252,1.7678375763376797,2.92333083152771,283,28.3,0.6958012623184668,10.343703643961845,13.295062943104671,21272.10070896747,10.880475348614631,9.172498390205632,24.459500948210696,0.2332155477031802,13.772134070234625,81.96976038822996,20.01809824948248,19.691175723612613,0.9836686521468981,1.4449154605632306
450,4,obs_4,1076024,1,0,0,0,goal,1.6620215370101432,1.414680764686577,-1.414680764686577,2.5165255069732666,0.8723496566809437,0.3557083729346487,0.9883010559577362,2.3714988199263525,2.026392602920532,307,30.700000000000003,0.6422124652160168,10.100532739222238,15.252426629741032,24403.882607585652,10.334956100563597,8.229070378684664,24.533027830482112,0.33876221498371334,13.942766625753105,65.27024526194703,20.0,19.71592268213172,0.985796134106586,1.3491344105565013
451,4,obs_4,1076025,1,0,0,0,goal,1.7361609888290799,1.429914410753554,-1.429914410753554,2.696223020553589,0.9846825666433245,0.4847461974185393,0.9883812346633443,2.579202749876478,3.9447144508361816,256,25.6,0.7669481423196782,10.563647783747456,8.419779856929612,13471.647771087377,16.12870632433424,9.602526270412978,19.261596286232816,0.1640625,13.84897665237273,80.78230554806903,20.0,19.633872443383765,0.9816936221691883,1.3777199044229549
452,4,obs_4,1076026,1,0,0,0,goal,1.5653688678512252,1.238408578959809,-1.197187679198881,2.486593008041382,1.0085243443825356,0.6312370304576107,0.9883361521788029,2.160570726465426,3.187407922744751,291,29.1,0.6809007548607702,10.242915951406832,14.491635788432365,23186.61726149178,9.974319852631668,8.215995411221261,24.389223953696206,0.3745704467353952,14.864571279541925,71.3957890593382,20.0,19.81421196644841,0.9907105983224206,1.3897112688153572
453,4,obs_4,1076027,1,0,0,0,goal,1.0284900524937066,0.8559188402887872,-0.23359986263984706,1.7248021364212036,1.0016101498353303,0.498920982563078,0.988249514061391,3.1517851871128766,2.5047797679901125,340,34.0,0.5936600503534069,10.032459712216994,19.19512495451078,30712.199927217254,10.398774253407762,9.335649518098837,26.95119593163733,0.3411764705882353,16.65082997179938,67.19059251182549,20.08181636083064,20.184441712015836,1.005110361998199,1.269676847406766
454,4,obs_4,1076028,1,0,0,0,goal,1.4161653537984407,1.1560201129319345,-1.1560201129319345,2.1098570823669434,0.8180108848883979,0.6225082149873556,0.9883128030820512,2.0036468824927027,3.6049419403076173,271,27.1,0.7180021599768663,10.327523016195565,11.507642878780564,18412.228606048902,11.36904298155396,8.20873282070011,21.151134339590794,0.22878228782287824,11.76236859021794,75.68529704738577,20.0,19.45785853537308,0.972892926768654,1.2705710673294432
455,4,obs_4,1076029,1,0,0,0,goal,1.8682106544039023,1.5198836672029032,-1.5168764744952352,2.917320966720581,1.0905488573884081,0.6433783137518302,0.9886412708469035,2.2528093331657946,3.336524772644043,295,29.5,0.6813801597561928,10.410899203169649,12.49214390497561,19987.430247960976,11.296842901074156,8.792276956059343,22.571594583186304,0.18305084745762712,16.433911258691346,72.16666406930868,20.0,20.10071471280769,1.0050357356403845,1.2461383666535604
456,4,obs_4,1076030,1,0,0,0,goal,1.46125165609084,1.2229194125160574,1.2229194125160574,2.2043962478637695,0.7998278020421666,0.7437197799835368,0.9884121254753981,2.5935103965306743,3.594727802276611,250,25.0,0.7736871438204119,10.542349457859993,8.825462580368585,14120.74012858974,14.548302247342335,10.129549434772752,19.817669908865646,0.168,11.142796338540926,83.17230804847097,20.0,19.342178595510294,0.9671089297755147,1.3523612204644628
457,4,obs_4,1076031,1,0,0,0,goal,1.4951178223723984,1.164676670041316,-1.1636585243276518,2.471829652786255,0.9387630912723265,0.48319452816118164,0.9888104910479092,1.791277645575601,4.156321430206299,269,26.900000000000002,0.7358228603333146,10.793548696113536,6.559940966854677,10495.905546967482,11.604980031834607,7.546675231159333,15.852473975924367,0.01858736059479554,13.938961884640694,94.37584275296155,20.0,19.793634942966165,0.9896817471483083,1.234639529838612
458,4,obs_4,1076032,1,0,0,0,goal,1.546610669762455,1.283851363518289,-1.283851363518289,2.247025489807129,0.8623979593060846,0.5856605582938491,0.9888166067300687,2.136882010113382,3.954767036437988,269,26.900000000000002,0.7279839717935268,10.658581017223622,7.158049938836253,11452.879902138005,13.156546577255227,8.007621948198889,17.354749217421702,0.007434944237918215,11.875003119320455,85.66143217802502,20.0,19.582768841245873,0.9791384420622936,1.255711509806323
459,4,obs_4,1076033,1,0,0,0,goal,1.4545539250887554,1.1733124072705645,1.172255822836801,2.3773343563079834,0.861129146421325,0.6253365633071529,0.9884057743737811,1.8070817525073295,4.158298015594482,243,24.3,0.8043753091408017,10.70833529801292,7.060572365576903,11296.915784923047,14.488535146575328,8.954948832453635,17.657359069972127,0.1440329218106996,13.1238405161059,86.03361601639224,20.007356265102175,19.546320012121484,0.9769566629957576,1.2249399411665312
460,4,obs_4,1076034,1,0,0,0,goal,1.471281961582075,1.1782323775717811,-1.160063183397381,2.319610118865967,0.9049442087790452,0.3386754077041727,0.9884259578988333,1.6948869610180461,3.1955129623413088,274,27.400000000000002,0.7189524382322344,10.4435044638991,11.219526436198928,17951.242297918285,9.85888347248018,7.630956499849191,21.076893057864513,0.20437956204379562,13.680905035175202,75.52153425055891,20.0,19.699296807563226,0.9849648403781612,1.2694659528255308
461,4,obs_4,1076035,1,0,0,0,goal,1.5685680616609088,1.2705551852644594,0.4863728307969408,2.8538761138916016,1.4912569307551369,0.06348765979584697,0.9882433694538794,1.994420217516371,1.8096166849136353,405,40.5,0.5385369679495611,9.778001071697238,29.76695010730199,47627.12017168318,7.611177758415146,6.526558635671114,32.107488349080086,0.45185185185185184,24.553359536628964,32.7468613435771,20.0,21.81074720195722,1.090537360097861,1.3301880695035229
462,4,obs_4,1076036,1,0,0,0,goal,1.5347112222277897,1.251829229321972,-1.251829229321972,2.5143208503723145,0.8878412674837061,0.7418584709375401,0.9885414227277872,2.253029398304788,4.701917457580566,244,24.400000000000002,0.7968415650617895,10.783425668849931,5.503719218453298,8805.950749525276,13.55571452482247,7.974215004735053,15.472106477131181,0.01639344262295082,13.371444886954228,86.6674881923556,20.008295329638468,19.44293418750766,0.9717436626750839,1.3143076974931227
463,4,obs_4,1076037,1,0,0,0,goal,1.500049864236109,1.229693497719598,1.2188148548633342,2.341487407684326,0.8744369301208857,0.5689226066870203,0.9882433694538794,2.149650331334696,2.4864054203033445,294,29.400000000000002,0.6691711453477177,10.203950849646816,14.059033877999534,22494.454204799258,11.48616103995782,8.9460842035852,24.499713022667333,0.2687074829931973,13.586522575079872,75.17120266623846,20.000342967870726,19.6736316732229,0.9836647153914977,1.3394268258854547
464,4,obs_4,1076038,1,0,0,0,goal,1.413511323648521,1.11348643669472,-1.0707808376869785,2.3535869121551514,0.9227365061191449,0.4014331358169052,0.988603477370485,2.250908506084129,3.9155343055725096,265,26.5,0.7439022463364366,10.681738937449342,8.145831914787797,13033.331063660477,11.579576247569285,7.844506751589995,19.272323170325386,0.06792452830188679,14.218515173124173,87.79863106131488,20.0,19.71340952791557,0.9856704763957784,1.3050644057357847
465,4,obs_4,1076039,0,1,0,0,obstacle,1.5655033011725257,1.269572174255924,-1.269572174255924,2.4578940868377686,0.9159623793241517,0.0,0.98839621121857,2.3217249184672895,0.2640998661518097,223,22.3,0.46531420933345374,9.274235748790305,21.044411822938265,33671.05891670123,4.668557858681893,5.590878899924605,38.56596818419315,0.852017937219731,21.65788747567119,-1019.7702026272925,20.0,10.376506868136019,0.518825343406801,10.880445604742263
466,4,obs_4,1076040,1,0,0,0,goal,1.3841181805409857,1.0842001946245243,0.9385566269936843,2.426673173904419,1.0172976927283022,0.6092993303843758,0.9884331295603684,2.034995207648252,3.3644514083862305,288,28.8,0.6893431645045953,10.455564665685719,12.171024366889288,19473.63898702286,9.47025898026257,8.429091235699849,23.114879645808188,0.1527777777777778,15.545922707775029,83.54532223705992,20.017373763523484,19.853083137732344,0.9917925983831847,1.4741311369779375
467,4,obs_4,1076041,1,0,0,0,goal,1.4688951158879224,1.225542352167762,1.2191403477789429,2.2080347537994385,0.8193593069568634,0.5611624209940947,0.9882433694538794,3.126592817548363,2.4407402992248537,307,30.700000000000003,0.6425078787384919,10.085496274481379,15.520381073983026,24832.60971837284,10.895213075712615,9.388113351146075,25.32023481199524,0.2899022801302932,13.71209285450518,71.658630716294,20.0,19.724991877271705,0.9862495938635852,1.294816652251557
468,4,obs_4,1076042,1,0,0,0,goal,1.4719919791045122,1.2259322101535322,-1.2259322101535322,2.3044819831848145,0.8147702760018282,0.6395572538868994,0.9884259578988333,1.9770537440558336,2.9304551601409914,281,28.1,0.6981360000167737,10.343181748413796,12.392252177138776,19827.60348342204,9.71546951149191,8.070649699556938,21.989304822127192,0.2669039145907473,12.852988608903212,73.47088331300642,20.0,19.617621600471345,0.9808810800235672,1.1994025307634397
469,4,obs_4,1076043,1,0,0,0,goal,1.3165906683075261,1.0446724839418517,0.982156634133406,2.2700607776641846,0.8768006238034947,0.7931226189116478,0.9883812366142827,2.9629147871842436,3.590348243713379,269,26.900000000000002,0.7302683923204761,10.520848726666772,10.292304646628438,16467.687434605497,10.74997298975489,8.586067613594704,21.56339405693086,0.17100371747211895,13.891677994285605,88.10584437130422,20.0,19.644219753420813,0.9822109876710406,1.3714144185269928
470,4,obs_4,1076044,1,0,0,0,goal,1.4333392658962556,1.1393708535382865,1.104360768358722,2.359818458557129,0.9137005770328428,0.3932812376310687,0.9884419914328825,1.8486336414261935,3.5340497970581053,267,26.700000000000003,0.7349302515913472,10.547724648389254,10.29698535617248,16475.176569875966,10.779969360595357,8.492771523184171,21.374580533651823,0.13857677902621723,14.16061410377997,83.86748719082617,20.0,19.62263771748897,0.9811318858744486,1.3742782460055691
471,4,obs_4,1076045,1,0,0,0,goal,1.4610923563657234,1.2054987100185826,-1.1918182637154435,2.2341744899749756,0.8451982608268002,0.7404402310579771,0.9885127258989835,2.939838557686005,4.483028697967529,240,24.0,0.8046035944422399,10.744163416977973,6.06333507151676,9701.336114426816,13.429955458541295,8.440495487973324,16.427109368470457,0.05416666666666667,11.312913057080728,85.32744690194865,20.008662626667576,19.310486266613765,0.9651062955540427,1.4045837886984391
472,4,obs_4,1076046,1,0,0,0,goal,1.7352256493584324,1.4342555237629664,1.4213275690801355,2.7251758575439453,0.9954074520336617,0.7730726029956022,0.9885112016358022,2.723715534203318,4.476432132720947,254,25.400000000000002,0.7691989099849643,10.634915324162662,7.434766662869364,11895.62666059098,14.993314409680044,9.700008405070408,18.732631989080076,0.04330708661417323,13.254194868716592,82.88725499459603,20.008683606993376,19.537652313618096,0.9764586565199799,1.519125488241078
473,4,obs_4,1076047,1,0,0,0,goal,1.620505139569714,1.275964718774497,1.25614771821332,2.6898093223571777,1.0237821142212478,0.5824936210626633,0.9883266784045737,2.5843680551075097,2.982868719100952,292,29.200000000000003,0.6813479215705062,10.252771863280094,14.938653173830403,23901.845078128645,9.399541301006304,7.394336508149384,24.274175766614675,0.363013698630137,15.61813168907546,64.87055277910504,20.005241495701046,19.89535930985878,0.9945073301981443,1.233757678965576
474,4,obs_4,1076048,1,0,0,0,goal,1.5060931207014647,1.2424401468519741,-1.2424401468519741,2.3097362518310547,0.8512690348619064,0.5051937719601413,0.9885772531333363,2.258936410716657,4.502701187133789,240,24.0,0.8081086145148004,10.796496164659038,5.190849611192565,8305.359377908104,14.1680448187445,8.214458878381185,15.59109564020764,0.029166666666666667,11.780277192336504,86.69107580268611,20.0,19.394606748355216,0.9697303374177608,1.334703207037887
475,4,obs_4,1076049,1,0,0,0,goal,1.5865786538587052,1.2421174771007921,-1.2271923777245883,2.6918394565582275,1.0055996683247124,0.40230254286457406,0.9882433694538793,2.947356216282106,2.1416234970092773,290,29.0,0.6849972614368414,10.243294523283037,14.43476583847906,23095.625341566498,7.559237729719353,6.948262274528323,23.318282642176953,0.39655172413793105,15.808458476562075,64.56429571004308,20.0,19.8649205816684,0.99324602908342,1.2631037015417357
476,4,obs_4,1076050,1,0,0,0,goal,1.7501307619607407,1.4233456162351805,-1.4178932363508447,2.834052085876465,1.0259319930052921,0.5544861234905756,0.988365336359756,2.6726323610344274,2.592018175125122,298,29.8,0.6701379015441269,10.184017376561693,15.252601705518288,24404.16272882926,11.2696138809526,9.497955105188032,24.703835357361843,0.30201342281879195,15.721299948049959,70.35351371412787,20.0,19.970109466014982,0.9985054733007491,1.229904767146138
477,4,obs_4,1076051,1,0,0,0,goal,1.5412436597875103,1.294410629718554,-1.294410629718554,2.3612563610076904,0.8366200693904102,0.7708231929927533,0.9883493704922441,2.971294571571093,3.2448112964630127,267,26.700000000000003,0.7288155968788438,10.374957489990368,11.019132906104575,17630.61264976732,14.353686010927186,10.994586526392382,22.62586697691891,0.1797752808988764,11.527527768632329,81.53129755223657,20.0,19.45937643666513,0.9729688218332566,1.3423551039009927
478,4,obs_4,1076052,1,0,0,0,goal,1.5779193962840168,1.3023647591296161,-1.3023647591296161,2.3657138347625732,0.8908847598576222,0.6501125037578106,0.9886277485434175,2.707351061849634,3.993278217315674,262,26.200000000000003,0.7482571675781703,10.707608605294226,6.966234496165601,11145.975193864959,12.35111392320801,7.985099062966081,17.07928499797864,0.011450381679389313,12.359192269356026,82.71933472349266,20.0,19.60433779054806,0.9802168895274029,1.2276031818447426
479,4,obs_4,1076053,1,0,0,0,goal,1.584949694223133,1.3043504458142023,-1.3043504458142023,2.540257215499878,0.9004084893659622,0.6450722979012735,0.9887018203840642,2.6452199556929776,4.246286678314209,261,26.1,0.7491444522533893,10.66704873963334,5.664450361319189,9063.120578110702,11.902345715520472,7.4696407317997755,16.07660652641421,0.0,12.867956484801262,90.46949529689962,20.0,19.55267020381346,0.977633510190673,1.3505901612443656
480,4,obs_4,1076054,1,0,0,0,goal,1.5725511120622717,1.284037089906633,-1.284037089906633,2.4609808921813965,0.9078357515500218,0.7348534781556457,0.9885772531333363,3.212666575063314,4.633490943908692,243,24.3,0.8039196355482382,10.811857353891591,5.144386663908411,8231.018662253458,13.755508025815663,8.805426007708666,15.819833988093611,0.012345679012345678,12.801902562716784,87.04803494907736,20.0,19.53524714382219,0.9767623571911095,1.2821034930425241
481,4,obs_4,1076055,1,0,0,0,goal,1.6372362135944816,1.3133443846054567,-1.2948325161694985,2.711486577987671,1.0019736394613183,0.5868097619632349,0.9886726090748322,1.6105221800769873,3.7857222080230715,271,27.1,0.7337395695238229,10.637568366689766,8.617532239550341,13788.051583280543,12.586201318988092,8.428972703969427,19.33802167412471,0.05166051660516605,15.863942145084124,85.55442895733033,20.017541377909254,19.8843423340956,0.9933458839275512,1.2978743187289579
482,4,obs_4,1076056,1,0,0,0,goal,1.2802304111506806,1.0730776427593083,-1.0730776427593083,2.031369924545288,0.6982079047426829,0.5614588449253964,0.9882433694538793,3.287978255441872,2.4407402992248537,275,27.5,0.703942353338665,10.272752443118529,11.691190408041306,18705.904652866087,11.18970452977793,7.464502022127646,21.401983254504476,0.28,10.96389339185015,75.57887906502194,20.0,19.35841471681329,0.9679207358406645,1.2784695393987917
483,4,obs_4,1076057,1,0,0,0,goal,1.389607417094134,1.0937661814693642,1.036919556728374,2.2907791137695312,0.9250981604766397,0.6769850953701457,0.9883364572912985,2.299840926575081,3.3485974788665773,279,27.900000000000002,0.7041152787673824,10.413899174162877,12.770979763863751,20433.567622182003,8.517170638489208,8.039340573381368,22.924363342544403,0.32974910394265233,13.98687776757257,74.9714731478463,20.0,19.64481627760997,0.9822408138804984,1.3932689148263675
484,4,obs_4,1076058,1,0,0,0,goal,1.6988261610410917,1.423595717027936,1.423595717027936,2.5174946784973145,0.9270305064545235,0.5989898954250572,0.9882433694538794,2.969463464292101,2.3583311080932616,305,30.5,0.6474936804116217,10.099401139906135,15.556946571227627,24891.114513964207,9.721882013898146,8.43114539122694,24.6288574688503,0.3377049180327869,14.078792350309559,64.37104602562592,20.0,19.748557252554463,0.9874278626277231,1.3171180783577694
485,4,obs_4,1076059,1,0,0,0,goal,1.5299682787910538,1.1916430837690775,-1.1804059890449443,2.628798007965088,0.9733676772595681,0.695603223997433,0.98871394633196,1.886011812980068,4.3504636764526365,263,26.3,0.7509733693236841,10.758498444784957,5.57158428275086,8914.534852401373,9.85168843096449,7.0716540104524235,15.859560184003678,0.0,15.09970590477805,91.36272649612121,20.0,19.75059961321289,0.9875299806606446,1.3294075347226966
486,4,obs_4,1076060,1,0,0,0,goal,1.2945935103732784,1.0612518324787743,-1.0612518324787743,2.0639617443084717,0.7414289616416745,0.7465104714867272,0.9882433694538793,2.327945872493575,3.301285219192505,256,25.6,0.75644955635001,10.41354945770081,10.10700380362728,16171.206085803646,13.897964951454425,9.289492237932718,20.648781947274983,0.203125,10.974504846608557,83.0277164184524,20.0,19.365108642560255,0.9682554321280128,1.2112593706861934
487,4,obs_4,1076061,1,0,0,0,goal,1.6312930928738891,1.3348966750021363,-1.330050989088717,2.582768678665161,0.9445006729919173,0.7461549456685577,0.9884832383564454,2.3008083692330343,3.496557188034058,282,28.200000000000003,0.6989899280195692,10.362835603468913,12.780764936045987,20449.223897673583,11.631761093580849,9.451874500678443,23.25565805576134,0.18439716312056736,14.487370331157214,76.95776969773408,20.0,19.71151597015185,0.9855757985075926,1.3212450133537241
488,4,obs_4,1076062,1,0,0,0,goal,1.396153420517884,1.122074899688306,-1.1117751610062132,2.2664480209350586,0.8445119093259706,0.7381094613324025,0.9885989330090694,1.876571709584403,3.535974073410034,261,26.1,0.7487509509018173,10.563522354614033,8.69423654506535,13910.77847210456,12.750816848129034,8.380405157957892,19.173459123277688,0.12260536398467432,13.114261622545468,86.62123324887392,20.0,19.542399818537433,0.9771199909268716,1.2800947442163975
489,4,obs_4,1076063,1,0,0,0,goal,1.5290331145916132,1.2406678647254663,1.2371253109808122,2.361660957336426,0.8985895784218503,0.712130338804295,0.9885184950386803,1.8217790453138463,3.4989388465881346,268,26.8,0.73480681815961,10.54341732768547,9.785358256341453,15656.573210146325,9.632049238637146,7.509805600834098,19.70590940322171,0.1417910447761194,13.617691470967317,76.60492563367563,20.001469042371,19.692822726677548,0.9845688176683615,1.2032055286203422
490,4,obs_4,1076064,1,0,0,0,goal,1.5222626509228696,1.2048266579981073,-1.1616974827154714,2.4992899894714355,0.9837390594295113,0.48721045470309077,0.988295429622973,2.23503257603556,2.282726764678955,295,29.5,0.6733063614656174,10.181243432906724,15.212630454401348,24340.208727042158,10.472360516891998,8.953980885417417,25.538356819805706,0.33220338983050846,14.980663097101587,74.478647795716,20.058962302986178,19.86253766323571,0.9902076370261075,1.3667414446599933
491,4,obs_4,1076065,1,0,0,0,goal,1.5549341594042976,1.3064285508722109,1.3064285508722109,2.3755528926849365,0.8432465129179509,0.5675728742087476,0.9886469605714202,2.2155492988641177,3.944205951690674,264,26.400000000000002,0.7373713595124679,10.64815662837447,7.027176811762279,11243.482898819646,13.171436640472919,8.140072989715975,17.52049197841464,0.045454545454545456,12.040693543182401,84.9586418535188,20.0,19.466603891129154,0.9733301945564576,1.3822535290277245
492,4,obs_4,1076066,1,0,0,0,goal,1.5750203507705671,1.264915831823499,-1.2442554604823504,2.6288890838623047,0.9656694332955219,0.3505172611701115,0.9882433694538793,2.718407724138267,2.8836238861083983,287,28.700000000000003,0.6896354629262833,10.261295096397088,13.93414752683525,22294.6360429364,12.104083816488306,9.602853911791152,24.395723368336515,0.24041811846689895,14.962521191918158,76.04789640172307,20.0,19.792537785984337,0.9896268892992168,1.3557296481214887
493,4,obs_4,1076067,1,0,0,0,goal,1.4107866667921263,1.1826507078814388,1.1826507078814388,2.1629090309143066,0.7691919931629356,0.6189959302239392,0.9884121254753981,2.636473115795158,3.3627932548522947,276,27.6,0.7040468433102539,10.406250006410435,12.175910055011013,19481.45608801762,11.73693147572604,9.528887096952324,22.553712834698565,0.20652173913043478,11.791601778812462,80.41506220626155,20.0,19.43169287536301,0.9715846437681505,1.2995535381809977
494,4,obs_4,1076068,1,0,0,0,goal,1.6434576764717381,1.3896260456839467,-1.3896260456839467,2.499545097351074,0.8774352326586174,0.661275715754575,0.9883636831778546,2.3906469274638518,3.431809997558594,272,27.200000000000003,0.7172663606054313,10.297889214892434,11.903055312019475,19044.88849923116,14.890174232285839,11.736795342163502,23.49927529281772,0.17279411764705882,12.350125569972338,82.20151088920836,20.00973628776105,19.50964500846773,0.9750076026939344,1.4022575898795349
495,4,obs_4,1076069,1,0,0,0,goal,1.5004800796189894,1.1904000374558035,1.1764265273822778,2.52683162689209,0.9313759149799203,0.8291580230322401,0.9886756804087395,2.2868061902986305,4.176688385009766,268,26.8,0.7354720106082044,10.62458872258552,7.394047967192131,11830.476747507411,12.170347214191594,8.120147972278257,18.49173615582343,0.011194029850746268,14.652161300790473,89.53307215600222,20.0,19.710649884299876,0.9855324942149938,1.3104872045477087
496,4,obs_4,1076070,1,0,0,0,goal,1.6666421576024177,1.3676265941501025,-1.365518891061409,2.504441738128662,0.9555387169822385,0.5196027247612067,0.988365336359756,2.2390279118294734,2.4951038360595703,292,29.200000000000003,0.6786525689328496,10.182181190284709,14.233862474626841,22774.179959402943,10.250602240107721,8.893836351294715,24.20734009526874,0.3219178082191781,14.140370528010566,70.87894851754504,20.0,19.81665501283921,0.9908327506419605,1.2410028299383606
497,4,obs_4,1076071,1,0,0,0,goal,1.602271414177516,1.3122007457963374,1.3108056667194063,2.6249680519104004,0.9214457058268326,0.7211936729001256,0.9884419914328825,2.0462704708620842,3.5340561866760254,279,27.900000000000002,0.7058303738192955,10.380219955917358,12.474531201195672,19959.249921913077,14.813209917369505,9.8528238419283,22.821134992618127,0.14336917562724014,14.248252593003938,78.6195575617842,20.0,19.692667429558345,0.9846333714779172,1.2435494717711668
498,4,obs_4,1076072,1,0,0,0,goal,1.4310776833203702,1.1540997506104587,1.1518691781882506,2.3335485458374023,0.8492236054405943,0.763559360695411,0.9885989330090692,2.465262660251402,3.6224520206451416,253,25.3,0.771035612187899,10.657501983941675,8.171624745289451,13074.59959246312,14.228168295489416,9.003819848363877,19.184308987103492,0.11462450592885376,13.106067402680447,85.87700959013117,20.0,19.507200988353844,0.9753600494176922,1.2594839467105239
499,4,obs_4,1076073,1,0,0,0,goal,1.4263294017728745,1.1222985161131833,1.1217171825454098,2.3234670162200928,0.8810029084765574,0.3491108072231015,0.9888164374817366,2.6572964836044575,3.9475650787353516,266,26.6,0.7355117292548267,10.81220034131278,6.760517790941759,10816.828465506818,11.55917652232467,7.211905076015359,15.735797265201414,0.018796992481203006,12.733536835154144,89.14482075390646,20.0,19.564611998178393,0.9782305999089196,1.2882743032439654
