policy,class,width,dcpa_m,ct_deg,crossing_side,dcpa_below_floor,crossing_escapable,outcome,collided,collided_target,steps,return,colregs_integral,frames_v_port,frames_v_bow,frames_v_side,frames_v_hold,frames_v_r8,integral_v_port,integral_v_bow,integral_v_side,integral_v_hold,integral_v_r8,mean_speed,max_speed,min_target_range,rms_cte,estops,estop_reasons,estop_then_target_collision,first_engaged_cls,engaged_frames,p_port_sense,ever_port_sense_non_overtaking,r_path_max,set,case_id,test_id,scenario,stratum,behaviour,supervisor
model,head_on,9.201050650314883,0.3795356237898264,178.95927753168954,,,,goal,False,False,68,12.268550367348354,-96.83677866174673,24,0,27,0,26,10.080606224483633,0.0,7.207413383180917,0.0,4.664686593578103,0.5575281628061632,0.74392382096252,1.4293955894171275,1.021969868837699,0,,False,head_on,31,0.0,False,0.0,tier_b,B-00-00,BAS-HO-CV-01,0,basin,cv,off
model,head_on,9.222510656862553,1.13358741649509,180.00418128547236,,,,collision:obstacle,True,False,62,-390.62312266324324,-8.702001441960842,1,0,1,0,13,0.09519985990378092,0.0,0.002232367700856546,0.0,1.8272723581586756,0.3993311561704651,0.5499806645811585,1.3319943072836349,0.5463670925148055,0,,False,head_on,30,0.0,False,0.0,tier_b,B-00-01,BAS-HO-CV-02,1,basin,cv,off
model,head_on,9.227601416936492,0.31114950183681533,185.8184109182404,,,,collision:target,True,True,27,-316.78021937653665,-7.600406852645662,0,0,2,0,6,0.0,0.0,0.06599453073249457,0.0,1.6361836760019288,0.44470163879693747,0.5806515368347805,0.827984198663586,0.48877364124349904,0,,False,head_on,9,0.0,False,0.0,tier_b,B-00-02,BAS-HO-CV-03,2,basin,cv,off
model,head_on,9.211701876994978,0.07402184354441088,177.28911239474493,,,,collision:target,True,True,34,-329.7325382611792,-9.22558384090593,1,0,13,0,5,0.07983853675574826,0.0,2.096887684332811,0.0,0.2847972045259685,0.38471305976820375,0.546719165500746,1.2256868325239696,0.2165108624306411,0,,False,head_on,31,0.0,False,0.0,tier_b,B-00-03,BAS-HO-CV-04,3,basin,cv,off
model,head_on,9.264485118721964,0.3626861566840971,186.68262445978752,,,,goal,False,False,70,59.97848377414083,-26.01347115464685,9,0,12,0,8,0.9636877105183755,0.0,3.075760045080559,0.0,2.2601068500646395,0.5581491037659396,0.747668660576373,1.1698416459924597,1.2438569406577515,0,,False,head_on,12,0.0,False,0.0,tier_b,B-00-04,BAS-HO-CV-05,4,basin,cv,off
model,head_on,9.279173642526487,1.5737887332183131,176.16465774492912,,,,goal,False,False,62,77.56398453992561,-65.21159363565623,17,0,28,0,18,4.524093015435471,0.0,9.53138863171119,0.0,1.8898520300200816,0.6159460205504284,0.7205872986756028,2.3385766068186893,0.5840027968778557,0,,False,head_on,28,0.0,False,0.0,tier_b,B-00-05,BAS-HO-CV-06,5,basin,cv,off
model,head_on,9.263500800417557,0.3276717884184064,186.41190225033796,,,,collision:target,True,True,29,-303.9140893923667,-8.835369082577898,3,0,4,0,4,0.09658769944891123,0.0,0.32968328359856075,0.0,1.5934222554113266,0.5041193655037542,0.6097734973979901,1.8104401624932707,0.14659630712791216,0,,False,head_on,14,0.0,False,0.0,tier_b,B-00-06,BAS-HO-CV-07,6,basin,cv,off
model,head_on,9.217044165236686,1.5298989422236204,183.93190001103898,,,,goal,False,False,66,52.70797611533707,-88.91628454520882,20,0,33,0,29,6.3025177618292485,0.0,10.209482551211686,0.0,4.658818764398218,0.5754171089269947,0.6808211832449702,2.087894250391909,0.49146948524080497,0,,False,head_on,33,0.0,False,0.0,tier_b,B-00-07,BAS-HO-CV-08,7,basin,cv,off
model,head_on,9.23906371178969,1.2066477096482957,180.7054566274249,,,,collision:target,True,True,36,-398.9724314106368,-33.02920556495778,11,0,14,0,5,4.800108261599381,0.0,2.2488118883801933,0.0,0.26065486041603175,0.4413685726135361,0.5587485563847184,1.233310712891079,0.6806727327377734,0,,False,head_on,33,0.0,False,0.0,tier_b,B-00-08,BAS-HO-CV-09,8,basin,cv,off
model,head_on,9.20081860180611,0.5759708659372964,176.20715365651006,,,,collision:target,True,True,35,-328.0674689322183,-19.318188565674067,0,0,16,0,14,0.0,0.0,2.9765149325823623,0.0,1.9117188463061248,0.4282572715715925,0.551628259020326,1.8513834551963972,0.36511124878621654,0,,False,head_on,30,0.0,False,0.0,tier_b,B-00-09,BAS-HO-CV-10,9,basin,cv,off
model,head_on,9.232109315190328,1.7023597866023747,179.98883902002405,,,,goal,False,False,61,81.08677559186454,-67.51125600230634,20,0,29,0,16,4.707024093341642,0.0,9.9154640649195,0.0,1.8924035792344496,0.6244474032815285,0.7337429916398213,2.2590121521787494,0.45287318711542235,0,,False,head_on,29,0.0,False,0.0,tier_b,B-00-10,BAS-HO-CV-11,10,basin,cv,off
model,head_on,9.204527093615056,1.0939816058571048,187.4782660753667,,,,collision:target,True,True,32,-331.49217285426704,-8.949634069454424,4,0,10,0,3,0.27916928494346227,0.0,1.7125679047086102,0.0,0.31166703378517524,0.389821347897732,0.5472518719384155,1.8499014214024423,0.4404448188881348,0,,False,head_on,30,0.0,False,0.0,tier_b,B-00-11,BAS-HO-CV-12,11,basin,cv,off
model,head_on,9.204828784973326,0.5805061151729531,183.6892070283172,,,,goal,False,False,70,121.68928107434084,-7.354650781780473,3,0,4,0,9,0.11427588981523248,0.0,0.48960704540386946,0.0,1.116977725275809,0.5457035040608577,0.6557090045622693,1.2363547251893876,0.5844323898710054,0,,False,head_on,29,0.0,False,0.0,tier_b,B-00-12,BAS-HO-CV-13,12,basin,cv,off
model,head_on,9.289461395278718,0.4768490170173729,186.33136696040836,,,,collision:target,True,True,37,-393.88187831745745,-85.00988345220425,19,0,26,0,27,6.859432286077153,0.0,5.421746360652735,0.0,7.008312608393889,0.437406456285376,0.5447975889583971,0.9845259547913174,0.25709213208305176,0,,False,head_on,29,0.0,False,0.0,tier_b,B-00-13,BAS-HO-CV-14,13,basin,cv,off
model,head_on,9.214673860059685,0.41835079934497665,171.4805020485412,,,,collision:target,True,True,33,-314.91244221599453,-6.0013035006485245,4,0,2,0,4,0.7398240382598906,0.0,0.14844610989681264,0.0,0.4010596701407869,0.4266324511696597,0.5463608790478436,0.9446488343689926,0.3348439452123867,0,,False,head_on,30,0.0,False,0.0,tier_b,B-00-14,BAS-HO-CV-15,14,basin,cv,off
model,head_on,9.210984975853394,0.6800938662761706,178.68720366977095,,,,collision:target,True,True,35,-317.06906848000875,-2.3861089403659066,2,0,3,0,2,0.089231437327859,0.0,0.4111419633698548,0.0,0.10317827943589494,0.4144063565913096,0.5511257146714075,0.8227443765417092,0.08065936692506442,0,,False,head_on,29,0.0,False,0.0,tier_b,B-00-15,BAS-HO-CV-16,15,basin,cv,off
model,head_on,9.23122588458803,0.9114979333450339,172.2571361325166,,,,goal,False,False,65,127.8106361287411,-13.601937108335067,3,0,1,0,16,0.643982923158182,0.0,0.10311122385903586,0.0,2.2317824961798967,0.5868690039668482,0.658895873263268,1.4365210723029735,0.48581734043099883,0,,False,head_on,24,0.0,False,0.0,tier_b,B-00-16,BAS-HO-CV-17,16,basin,cv,off
model,head_on,9.200509195158867,0.5207322767713294,180.1240609809239,,,,collision:target,True,True,38,-330.6878002938374,-4.554684954516305,3,0,8,0,2,0.3271995846995477,0.0,0.6124312806868828,0.0,0.1622876443957258,0.39045687665654744,0.5888955277912105,0.834538635354374,0.6508908231642364,0,,False,head_on,36,0.0,False,0.0,tier_b,B-00-17,BAS-HO-CV-18,17,basin,cv,off
model,head_on,9.20975026044725,1.2616438722917735,180.06389600978335,,,,goal,False,False,59,109.82965966416751,0.0,0,0,0,0,0,0.0,0.0,0.0,0.0,0.0,0.6493926483729878,0.8343002802627595,2.660231049854545,1.2682970963855356,0,,False,never,0,0.0,False,0.0,tier_b,B-00-18,BAS-HO-CV-19,18,basin,cv,off
model,head_on,9.34114738208815,1.5877926054028224,183.08248573965346,,,,goal,False,False,65,137.1339665630795,-0.8677905760414929,3,0,0,0,3,0.03320211931709064,0.0,0.0,0.0,0.1563200189826432,0.5965206820533879,0.6633227533043047,2.581564623020804,0.79938492116706,0,,False,head_on,27,0.0,False,0.0,tier_b,B-00-19,BAS-HO-CV-20,19,basin,cv,off
model,head_on,9.27433265325314,1.1617670806769254,177.4063701601212,,,,goal,False,False,61,141.21884423200925,-4.085876128779208,2,0,0,0,6,0.2659252232054501,0.0,0.0,0.0,0.6154547275360509,0.6289896504641236,0.6956531941799802,2.1010632265390083,0.4886290792853409,0,,False,head_on,24,0.0,False,0.0,tier_b,B-01-00,BAS-HO-RE-01,20,basin,re,off
model,head_on,9.22382710589348,0.37465457934577784,182.6914241951244,,,,goal,False,False,65,134.98927738201752,-5.6887878691102,4,0,0,0,5,0.5552273799025382,0.0,0.0,0.0,0.6534249641316969,0.5884296958455936,0.6607855911850831,1.975172291495348,0.7695323811590075,0,,False,head_on,21,0.0,False,0.0,tier_b,B-01-01,BAS-HO-RE-02,21,basin,re,off
model,head_on,9.217776370165236,1.9328187521485696,182.75230721728838,,,,goal,False,False,63,135.1482033921277,-6.108672570063863,3,0,0,0,6,0.4979822659405335,0.0,0.0,0.0,0.8097023008129381,0.6055647784617894,0.6764342495187907,2.5461477996985398,0.5591020169663279,0,,False,head_on,21,0.0,False,0.0,tier_b,B-01-02,BAS-HO-RE-03,22,basin,re,off
model,head_on,9.202986195604916,0.21154417168103778,170.53448994405818,,,,goal,False,False,65,107.21122803085713,-20.132777254753684,6,0,0,0,14,1.1084276709275958,0.0,0.0,0.0,3.2546800630360186,0.5812744227951472,0.7295541331387041,1.6071355164580066,0.31923503988919016,0,,False,head_on,24,0.0,False,0.0,tier_b,B-01-03,BAS-HO-RE-04,23,basin,re,off
model,head_on,9.426943731983418,0.44407422181538103,187.3874051658495,,,,goal,False,False,68,113.00553768793513,-11.876676143484648,3,0,0,0,11,0.1456661862279008,0.0,0.0,0.0,2.4790285603681195,0.5796972083496099,0.6499252999503097,1.7640485519576417,1.1140772762163267,0,,False,head_on,12,0.0,False,0.0,tier_b,B-01-04,BAS-HO-RE-05,24,basin,re,off
model,head_on,9.200231435094338,0.7601626404654938,179.55373171964945,,,,goal,False,False,63,137.83391135382215,-4.427066390438046,4,0,0,0,3,0.48773969328057676,0.0,0.0,0.0,0.4472788685998201,0.5984406253572472,0.6527534238768234,1.9700736933093277,0.7779090930118554,0,,False,head_on,23,0.0,False,0.0,tier_b,B-01-05,BAS-HO-RE-06,25,basin,re,off
model,head_on,9.300729462140197,0.49078127628227364,180.39008287060133,,,,goal,False,False,64,126.21797843602897,-4.471624879767379,1,0,0,0,6,0.006774478803252508,0.0,0.0,0.0,0.9862424910425067,0.6051326820433421,0.6844661895248343,1.8339567273061224,1.1692705092358195,0,,False,head_on,17,0.0,False,0.0,tier_b,B-01-06,BAS-HO-RE-07,26,basin,re,off
model,head_on,9.278345624670196,0.08768468919048966,172.92675308091736,,,,goal,False,False,64,146.7574194142814,-2.343013188312726,4,0,0,0,3,0.2398136067287344,0.0,0.0,0.0,0.2568746300012201,0.6031992230065055,0.6658534235343208,1.8207982523493613,0.5252551613175884,0,,False,head_on,23,0.0,False,0.0,tier_b,B-01-07,BAS-HO-RE-08,27,basin,re,off
model,head_on,9.245518109439786,1.5604044988807242,181.07187616813061,,,,goal,False,False,65,150.61186621721387,0.0,0,0,0,0,0,0.0,0.0,0.0,0.0,0.0,0.5900745342893547,0.6577718033030534,1.689454373695223,0.27765820171750144,0,,False,never,0,0.0,False,0.0,tier_b,B-01-08,BAS-HO-RE-09,28,basin,re,off
model,head_on,9.211667837413925,0.8338205925396898,189.80490886058516,,,,goal,False,False,70,124.62537607739154,0.0,0,0,0,0,0,0.0,0.0,0.0,0.0,0.0,0.5480767395170847,0.6585201467759251,1.8580218856556006,0.7674296256725635,0,,False,never,0,0.0,False,0.0,tier_b,B-01-09,BAS-HO-RE-10,29,basin,re,off
model,head_on,9.203210751227635,1.4223699758268817,184.6129587610424,,,,goal,False,False,62,143.85612238712565,-1.752827944384217,3,0,0,0,2,0.2431302514670917,0.0,0.0,0.0,0.12207404436046959,0.6089808321216256,0.6725766450428642,2.4111301310665483,0.7442316626987663,0,,False,head_on,23,0.0,False,0.0,tier_b,B-01-10,BAS-HO-RE-11,30,basin,re,off
model,head_on,9.244515379983477,1.4868756911998968,183.60038852428104,,,,goal,False,False,66,105.47402449737555,-2.204222996842393,3,0,0,0,1,0.4324350390741911,0.0,0.0,0.0,0.014148789650032653,0.6019528879359941,0.6747464964308817,3.021679015825723,1.5706073813309622,0,,False,head_on,23,0.0,False,0.0,tier_b,B-01-11,BAS-HO-RE-12,31,basin,re,off
model,head_on,9.200225500826145,0.5899479392232831,189.23622372380476,,,,goal,False,False,66,107.43390527011812,-2.8271859049866,0,0,0,0,6,0.0,0.0,0.0,0.0,0.6282635344414667,0.5882319811208262,0.6678885668400837,1.9828275933806945,1.3161070187024078,0,,False,head_on,10,0.0,False,0.0,tier_b,B-01-12,BAS-HO-RE-13,32,basin,re,off
model,head_on,9.21591083701563,1.9692993347311831,179.1373502782262,,,,goal,False,False,66,98.51401885847227,-5.5725539325056745,6,0,2,0,1,0.6997035858351416,0.0,0.3771199760552346,0.0,0.16697539307175088,0.5826837010775907,0.677175517424295,1.6560814013702077,1.371449629719174,0,,False,head_on,26,0.0,False,0.0,tier_b,B-01-13,BAS-HO-RE-14,33,basin,re,off
model,head_on,9.286416237673734,1.0055767960112239,179.10235302222068,,,,goal,False,False,62,138.15855538978312,-2.546649347198992,4,0,0,0,3,0.36859495676877496,0.0,0.0,0.0,0.16046762470967915,0.6154323787305921,0.7017621013399665,2.033627564964969,0.569569409856356,0,,False,head_on,24,0.0,False,0.0,tier_b,B-01-14,BAS-HO-RE-15,34,basin,re,off
model,head_on,9.311066723611473,0.9411731537378314,189.52863652514128,,,,collision:target,True,True,30,-306.0589999755689,0.0,0,0,0,0,0,0.0,0.0,0.0,0.0,0.0,0.46381304064943163,0.5672628650375529,1.7119369622475347,0.46113960972017504,0,,False,never,0,0.0,False,0.0,tier_b,B-01-15,BAS-HO-RE-16,35,basin,re,off
model,head_on,9.200006265576246,1.5159147659622918,178.72341169426187,,,,goal,False,False,63,130.8188166961566,-5.333642602499019,7,0,0,0,5,0.8262623559872951,0.0,0.0,0.0,0.2763653200804241,0.6050724146586696,0.6699627999295639,2.333656730147489,0.46121313332850616,0,,False,head_on,30,0.0,False,0.0,tier_b,B-01-16,BAS-HO-RE-17,36,basin,re,off
model,head_on,9.22114650453297,0.7428668060270553,184.26874233517697,,,,goal,False,False,62,150.0666725691639,0.0,0,0,0,0,0,0.0,0.0,0.0,0.0,0.0,0.6134034570697632,0.6822946564569536,1.8145883400406142,0.3737011573678348,0,,False,never,0,0.0,False,0.0,tier_b,B-01-17,BAS-HO-RE-18,37,basin,re,off
model,head_on,9.200470430032327,0.2928937121848394,185.39955660403393,,,,goal,False,False,70,18.519048286187186,-36.04633609628541,8,0,22,0,7,1.1293915953615004,0.0,7.218838858920787,0.0,0.9928950682513639,0.5487297753770313,0.6860550724834921,1.6792217932123596,0.7334900143064109,0,,False,head_on,22,0.0,False,0.0,tier_b,B-01-18,BAS-HO-RE-19,38,basin,re,off
model,head_on,9.352939218815166,1.066486818993451,171.15925359824612,,,,goal,False,False,65,141.33974997215054,-3.0564089184128167,2,0,1,0,2,0.255314058782348,0.0,0.23093958914906135,0.0,0.2136048458896829,0.5986348789403518,0.662890309865409,1.8200025659604218,0.7545109503858529,0,,False,head_on,24,0.0,False,0.0,tier_b,B-01-19,BAS-HO-RE-20,39,basin,re,off
model,head_on,9.256330245640896,1.5474947809722523,187.2342081353497,,,,goal,False,False,71,52.7086111027385,0.0,0,0,0,0,0,0.0,0.0,0.0,0.0,0.0,0.5521883520612489,0.7470314191044792,3.3079239125413045,1.1302835581684951,0,,False,never,0,0.0,False,0.0,tier_b,B-02-00,BAS-HO-NC-01,40,basin,nc,off
model,head_on,9.281601739441284,1.3405400952264204,172.94377414042276,,,,goal,False,False,67,68.51848354125673,0.0,0,0,0,0,0,0.0,0.0,0.0,0.0,0.0,0.5883986584851362,0.7111823672741426,4.579516553752243,1.24828059658921,0,,False,never,0,0.0,False,0.0,tier_b,B-02-01,BAS-HO-NC-02,41,basin,nc,off
model,head_on,9.204720813060794,0.03807802790756809,173.94089562375711,,,,goal,False,False,69,90.54987012099411,0.0,0,0,0,0,0,0.0,0.0,0.0,0.0,0.0,0.545932465272397,0.7626352235137992,2.642617574664815,0.15211308711802524,0,,False,never,0,0.0,False,0.0,tier_b,B-02-02,BAS-HO-NC-03,42,basin,nc,off
model,head_on,9.296212422045881,0.7415014641403002,174.1759991409701,,,,goal,False,False,62,140.76293141934377,0.0,0,0,0,0,0,0.0,0.0,0.0,0.0,0.0,0.6242403097780674,0.701074926782491,3.2481309605508333,0.7242533294687027,0,,False,never,0,0.0,False,0.0,tier_b,B-02-03,BAS-HO-NC-04,43,basin,nc,off
model,head_on,9.275651035120447,0.335488764722645,182.62160393304384,,,,goal,False,False,64,109.48825279817264,0.0,0,0,0,0,0,0.0,0.0,0.0,0.0,0.0,0.595125493075433,0.712609781542354,1.7973476413593765,0.6762207012826025,0,,False,never,0,0.0,False,0.0,tier_b,B-02-04,BAS-HO-NC-05,44,basin,nc,off
model,head_on,9.229951581013863,0.17104915206589966,186.591260843747,,,,goal,False,False,63,122.0015085719292,-8.46123817052244,1,0,8,0,2,0.043508438110103895,0.0,1.9607776480808032,0.0,0.26379374861922966,0.6098373182745708,0.7191488614633759,2.151537517260347,0.4776835607811016,0,,False,head_on,9,0.0,False,0.0,tier_b,B-02-05,BAS-HO-NC-06,45,basin,nc,off
model,head_on,9.233553308203001,0.5619209417395277,187.36177101255709,,,,collision:target,True,True,33,-345.05656172988785,-29.242926039869978,4,0,16,0,13,0.34959594865147503,0.0,3.5718194191757977,0.0,3.2564169300027346,0.41817078890912507,0.5808530507128579,1.8078836025095844,0.6943899763635714,0,,False,head_on,23,0.0,False,0.0,tier_b,B-02-06,BAS-HO-NC-07,46,basin,nc,off
model,head_on,9.334546561988192,1.5897840087463606,185.567855299883,,,,goal,False,False,72,104.13478373402124,-28.55972207964862,4,1,8,0,7,1.4841672873464187,0.1382331377887763,2.3708787679189762,0.0,2.6652614246046866,0.5413830183179206,0.6818628072422208,1.200870073495557,0.28940428662491147,0,,False,head_on,16,0.0,False,0.0,tier_b,B-02-07,BAS-HO-NC-08,47,basin,nc,off
model,head_on,9.365056400865678,0.8539494126094023,172.71492502312827,,,,goal,False,False,60,136.5791671761965,0.0,0,0,0,0,0,0.0,0.0,0.0,0.0,0.0,0.6510411307575077,0.7439789387846114,2.5611356931869445,0.6580963547609642,0,,False,never,0,0.0,False,0.0,tier_b,B-02-08,BAS-HO-NC-09,48,basin,nc,off
model,head_on,9.403528215758515,1.4069194440777255,188.63191750342898,,,,goal,False,False,69,114.39116369889038,-13.97694520726962,2,0,12,0,2,0.036320335088491855,0.0,3.354587961125081,0.0,0.3823650863402873,0.5640831510110735,0.703347030812114,1.4379833657334447,0.5632236412247221,0,,False,head_on,13,0.0,False,0.0,tier_b,B-02-09,BAS-HO-NC-10,49,basin,nc,off
model,head_on,9.315026947433239,1.500484760725203,179.69860973926174,,,,goal,False,False,65,136.89351987016136,0.0,0,0,0,0,0,0.0,0.0,0.0,0.0,0.0,0.5963211065182338,0.6908592189429152,2.450633325300461,0.42551918776498615,0,,False,never,0,0.0,False,0.0,tier_b,B-02-10,BAS-HO-NC-11,50,basin,nc,off
model,head_on,9.28945567360151,0.37275701938376726,172.21756266106624,,,,goal,False,False,65,132.32583861532987,0.0,0,0,0,0,0,0.0,0.0,0.0,0.0,0.0,0.5832165777649027,0.680236498226848,1.5875972774022404,0.5512660217397299,0,,False,never,0,0.0,False,0.0,tier_b,B-02-11,BAS-HO-NC-12,51,basin,nc,off
model,head_on,9.252438644524615,1.9696612905505877,176.24305999260258,,,,goal,False,False,62,143.0171454029178,0.0,0,0,0,0,0,0.0,0.0,0.0,0.0,0.0,0.6185901264094352,0.7136239237332206,3.046599608902026,0.45342649601399093,0,,False,never,0,0.0,False,0.0,tier_b,B-02-12,BAS-HO-NC-13,52,basin,nc,off
model,head_on,9.232390648429304,0.1565344319281632,189.6379104841306,,,,goal,False,False,62,110.72250507550095,-8.913929033748351,2,0,8,0,1,0.513121885204983,0.0,1.7152470735432521,0.0,0.04424138605066167,0.6191915069142734,0.751068026753061,4.288197505677933,1.088674615912856,0,,False,head_on,8,0.0,False,0.0,tier_b,B-02-13,BAS-HO-NC-14,53,basin,nc,off
model,head_on,9.205743827437516,0.24614634529333657,170.46802077352527,,,,goal,False,False,63,141.1766748052271,0.0,0,0,0,0,0,0.0,0.0,0.0,0.0,0.0,0.6062059542418045,0.683102114502623,3.7251539862738032,0.5451892125291837,0,,False,never,0,0.0,False,0.0,tier_b,B-02-14,BAS-HO-NC-15,54,basin,nc,off
model,head_on,9.21489430307935,0.23190727494850094,183.96122822862316,,,,goal,False,False,66,102.50502666415804,-10.180044004951188,4,0,8,0,1,0.8588944121292956,0.0,1.6337497027855536,0.0,0.010448385529596012,0.5730875258402555,0.7206151064189289,2.2676638796329542,0.250996647199137,0,,False,head_on,9,0.0,False,0.0,tier_b,B-02-15,BAS-HO-NC-16,55,basin,nc,off
model,head_on,9.276960375115012,1.1226602107865504,170.36582971145847,,,,goal,False,False,60,135.71044075682772,0.0,0,0,0,0,0,0.0,0.0,0.0,0.0,0.0,0.6428801355069056,0.7181979994787433,2.9019043054260725,0.8152939383223488,0,,False,never,0,0.0,False,0.0,tier_b,B-02-16,BAS-HO-NC-17,56,basin,nc,off
model,head_on,9.309294234930904,0.147219415480909,189.8406545053813,,,,goal,False,False,61,138.5602583797393,-5.614979565812777,2,0,6,0,3,0.06633926887106015,0.0,1.2870524167788653,0.0,0.14515810766602547,0.6308072277527816,0.7362015069679756,2.5765060393119965,0.5378629183340385,0,,False,head_on,8,0.0,False,0.0,tier_b,B-02-17,BAS-HO-NC-18,57,basin,nc,off
model,head_on,9.200258425260442,1.2288990454134774,179.23971580496945,,,,goal,False,False,60,118.46980903976025,-10.026270935193782,3,0,6,0,4,0.5907969082707145,0.0,1.7250585055508527,0.0,0.1981368042823723,0.6422896915393531,0.7330934984268558,2.9560928111020255,0.9740941407687551,0,,False,head_on,6,0.0,False,0.0,tier_b,B-02-18,BAS-HO-NC-19,58,basin,nc,off
model,head_on,9.202012305050516,0.8987680832950979,177.13534794289967,,,,goal,False,False,60,130.37706140649718,0.0,0,0,0,0,0,0.0,0.0,0.0,0.0,0.0,0.6271628624135599,0.7314888826618559,2.0406453642528954,0.23935193736016955,0,,False,never,0,0.0,False,0.0,tier_b,B-02-19,BAS-HO-NC-20,59,basin,nc,off
model,crossing,9.330877499311677,2.0229818515646305,142.9733531968989,port,,True,goal,False,False,71,33.70611132138754,-9.700755415168231,0,14,0,0,8,0.0,0.3771161753196255,0.0,0.0,1.7408956327413518,0.5527904735037571,0.7096659907156015,1.7330457253442024,0.9580575689474282,0,,False,crossing,18,1.0,True,0.0,tier_b,B-03-00,BAS-CR-CV-01,60,basin,cv,off
model,crossing,9.238491441800933,1.2577009892024593,238.57996241282973,starboard,,True,goal,False,False,71,119.13961414260426,-8.610780258490628,2,0,0,0,3,0.8755054583432684,0.0,0.0,0.0,0.950450719931433,0.5441706899570918,0.6714037857862701,1.9464877264975424,0.4063067577367624,0,,False,crossing,18,0.0,False,0.0,tier_b,B-03-01,BAS-CR-CV-02,61,basin,cv,off
model,crossing,9.240093955177118,2.231034711560081,260.5896970595145,starboard,,True,goal,False,False,107,-198.1524852726911,-6.155435589657357,8,0,0,0,1,1.1831099333982535,0.0,0.0,0.0,0.06645364874133403,0.3836183611906137,0.5440153218681012,3.3838539433784485,1.9628123702584337,0,,False,crossing,17,0.0,False,0.0,tier_b,B-03-02,BAS-CR-CV-03,62,basin,cv,off
model,crossing,9.201517480454864,2.0084584574246174,275.60243456813623,starboard,,True,goal,False,False,70,106.92609728009342,-12.390954212665527,7,0,0,0,4,2.082758632775747,0.0,0.0,0.0,0.46251088453901745,0.5416788704449217,0.6767714671191842,2.974794872959224,0.3999175932798121,0,,False,crossing,15,0.0,False,0.0,tier_b,B-03-03,BAS-CR-CV-04,63,basin,cv,off
model,crossing,9.260113930250167,0.28596676308821595,138.91656669025915,port,,True,collision:target,True,True,16,-356.0981877056334,-49.21768679623207,14,0,0,0,6,8.245414573450889,0.0,0.0,0.0,1.8673077017000388,0.3875888717754302,0.5429766735058222,1.7553243856724685,0.27447759502393243,0,,False,crossing,14,1.0,True,0.0,tier_b,B-03-04,BAS-CR-CV-05,64,basin,cv,off
model,crossing,9.237840941101046,0.5502840017265848,207.7121290530307,starboard,,True,collision:target,True,True,22,-332.8852528242919,-21.545606479867846,13,1,0,0,7,2.9819950914717976,0.0019060616669280646,0.0,0.0,1.5056212826291444,0.3820346836199787,0.549188448356262,1.3818372489208073,0.14760862034719988,0,,False,crossing,19,0.0,False,0.0,tier_b,B-03-05,BAS-CR-CV-06,65,basin,cv,off
model,crossing,9.211327034375728,0.060392079949788124,260.0280844491019,starboard,,True,goal,False,False,73,97.22454251423399,-11.674601638940281,4,3,0,0,5,0.36354967206730143,1.291329300442964,0.0,0.0,0.7739890500032148,0.5200022121084155,0.6689865981868865,1.7304389158105704,0.6595139668715316,0,,False,crossing,13,0.0,False,0.0,tier_b,B-03-06,BAS-CR-CV-07,66,basin,cv,off
model,crossing,9.322534511039123,0.5930397068558804,103.58840207093462,port,,True,collision:target,True,True,17,-345.5747385204788,-35.055999319679344,13,0,0,0,5,5.974995893277956,0.0,0.0,0.0,1.2177265884341022,0.40365801013143515,0.5631360495774393,1.3276381785258025,0.220816847415165,0,,False,crossing,13,1.0,True,0.0,tier_b,B-03-07,BAS-CR-CV-08,67,basin,cv,off
model,crossing,9.38374683148518,1.4192463365211565,273.11473987217323,starboard,,True,goal,False,False,84,34.88808102744342,-0.6018526032643668,2,0,0,0,3,0.06390758095215515,0.0,0.0,0.0,0.06344668390026639,0.4896123798956226,0.6564607035219894,3.4715754876418874,1.5875971465461458,0,,False,crossing,12,0.0,False,0.0,tier_b,B-03-08,BAS-CR-CV-09,68,basin,cv,off
model,crossing,9.201593276637977,0.30736185771140484,135.28689016963023,port,,False,collision:target,True,True,19,-374.35553083375544,-63.674408176379075,17,2,0,0,7,11.755093818248103,0.04462066556359111,0.0,0.0,1.1701825514469322,0.38861116528369244,0.5542686447328494,1.3143286865273034,0.3703780987504478,0,,False,crossing,17,1.0,True,0.0,tier_b,B-03-09,BAS-CR-CV-10,69,basin,cv,off
model,crossing,9.400984724894059,2.4653912220554317,77.88933403414416,port,,True,goal,False,False,77,17.329100575060664,-36.90467224444276,22,22,0,0,1,4.047969015449052,3.380413292646982,0.0,0.0,0.029817737637195946,0.5090322063841646,0.6609655206842222,1.6633818586456648,0.9935131198396914,0,,False,crossing,22,1.0,True,0.0,tier_b,B-03-10,BAS-CR-CV-11,70,basin,cv,off
model,crossing,9.201175690895838,1.5622646265707423,123.45730483776165,port,,True,goal,False,False,70,49.556673459013425,0.0,0,0,0,0,0,0.0,0.0,0.0,0.0,0.0,0.5534779216983117,0.6747620482454536,1.6802138649066949,0.9467491920139235,0,,False,never,0,0.0,False,0.0,tier_b,B-03-11,BAS-CR-CV-12,71,basin,cv,off
model,crossing,9.314565232180996,0.6521833898558921,268.977941256137,starboard,,True,collision:target,True,True,23,-336.3453802550294,-10.017084775934663,0,1,0,0,4,0.0,0.5255655087569223,0.0,0.0,1.647896779463977,0.3872165547425342,0.5435645062999505,1.2969752550135298,0.5394310288361297,0,,False,crossing,7,0.0,False,0.0,tier_b,B-03-12,BAS-CR-CV-13,72,basin,cv,off
model,crossing,9.335227303646347,1.9554168095833968,75.85050993155522,port,,True,collision:boundary,True,False,127,-696.3479105205616,-5.500511689325261,9,0,0,0,2,0.9439732212125844,0.0,0.0,0.0,0.1839653876273261,0.3578996572484264,0.5548921584622342,2.696580868653925,1.9685942296911922,0,,False,crossing,19,1.0,True,0.0,tier_b,B-03-13,BAS-CR-CV-14,73,basin,cv,off
model,crossing,9.210022881938844,0.00571113352622582,281.6063487279274,starboard,,False,goal,False,False,80,45.929517704694725,-8.888947241117368,3,0,0,0,7,0.6029783875298826,0.0,0.0,0.0,1.3120453828543217,0.5015915701055522,0.6406221626215971,2.0614025642318703,1.6769289846077227,0,,False,crossing,22,0.0,False,0.0,tier_b,B-03-14,BAS-CR-CV-15,74,basin,cv,off
model,crossing,9.201092418652424,0.2107579181403868,68.87657035594039,port,,False,collision:target,True,True,23,-337.0009806305536,-24.449304172374443,8,1,0,0,10,0.9665005352612825,0.8157331661723229,0.0,0.0,3.472721633395133,0.3998490668694691,0.5451932921987285,1.283235961424072,0.2659575824142753,0,,False,crossing,13,1.0,True,0.0,tier_b,B-03-15,BAS-CR-CV-16,75,basin,cv,off
model,crossing,9.237973158896006,2.22153400131721,73.65372992762265,port,,True,goal,False,False,88,-44.83544078905855,-15.670767013448533,17,0,0,0,2,2.970109277845175,0.0,0.0,0.0,0.21527246402553712,0.44153589874038796,0.6471525329462038,3.242772341280233,1.5962522298772763,0,,False,crossing,17,1.0,True,0.0,tier_b,B-03-16,BAS-CR-CV-17,76,basin,cv,off
model,crossing,9.221581921103661,0.13583215283496958,277.27515777197266,starboard,,True,goal,False,False,75,63.17156736083807,-3.34297602722998,0,0,0,0,4,0.0,0.0,0.0,0.0,0.7428835616066622,0.5298353805011073,0.733036975441388,2.0278241053004904,1.460987260836155,0,,False,crossing,22,0.0,False,0.0,tier_b,B-03-17,BAS-CR-CV-18,77,basin,cv,off
model,crossing,9.237563948226011,1.2098525599380203,199.80318687283807,starboard,,True,goal,False,False,74,44.60471097824986,-9.079342691764863,8,0,0,0,1,1.3814940767552175,0.0,0.0,0.0,0.497988224850341,0.5226152919126273,0.6949486271393509,1.1675092165497114,1.052730935294036,0,,False,crossing,16,0.0,False,0.0,tier_b,B-03-18,BAS-CR-CV-19,78,basin,cv,off
model,crossing,9.266883250942996,0.53724528402496,124.07276332236594,port,,True,collision:target,True,True,15,-299.79880375573725,0.0,0,0,0,0,0,0.0,0.0,0.0,0.0,0.0,0.48999715620265555,0.5529851399991865,1.5179780708386499,0.19256225197021823,0,,False,never,0,0.0,False,0.0,tier_b,B-03-19,BAS-CR-CV-20,79,basin,cv,off
model,crossing,9.204718687799774,0.7792305127844068,86.02031430015951,port,,True,goal,False,False,80,58.72717031033752,-5.577214717795603,8,0,0,0,3,0.8254927525422161,0.0,0.0,0.0,0.33133902060258497,0.47599513976362606,0.7245461769124227,3.6633971360638258,0.5054732715831108,0,,False,crossing,26,1.0,True,0.0,tier_b,B-04-00,BAS-CR-RE-01,80,basin,re,off
model,crossing,9.470886766165224,1.2637917724747307,95.74456904742506,port,,True,collision:boundary,True,False,107,-637.2393708835268,-2.5212983231890145,8,0,0,0,3,0.4149286895266979,0.0,0.0,0.0,0.10386695778485776,0.27568979785053055,0.5498610401261653,3.8538671708810326,1.9071991534376267,0,,False,crossing,19,1.0,True,0.0,tier_b,B-04-01,BAS-CR-RE-02,81,basin,re,off
model,crossing,9.243634658067052,0.011562115699514652,136.01355255317026,port,,True,goal,False,False,80,38.9896400312724,-15.770484328025518,14,0,0,0,2,2.7135651046474467,0.0,0.0,0.0,0.5196304577823685,0.4889293834118189,0.7172510802141425,2.9495079814571707,1.446001604591652,0,,False,crossing,17,1.0,True,0.0,tier_b,B-04-02,BAS-CR-RE-03,82,basin,re,off
model,crossing,9.329433801063674,0.8176006137484946,130.0610229832874,port,,False,goal,False,False,68,87.41140423778035,-8.295222304784913,8,7,0,0,3,0.942738729717232,0.09267375400104544,0.0,0.0,0.7044290023065422,0.578614683474662,0.6590220932316284,2.2294736127786634,1.1772684558400024,0,,False,crossing,15,1.0,True,0.0,tier_b,B-04-03,BAS-CR-RE-04,83,basin,re,off
model,crossing,9.200232254515456,0.22979586676743408,222.67033261256645,starboard,,True,goal,False,False,93,-135.75481673909036,-6.329512090416785,4,1,0,0,1,0.7772579594052605,0.23315732732768887,0.0,0.0,0.29510142690859664,0.4481072280920578,0.6544055980942598,2.4457917490990932,1.9527969249299968,0,,False,crossing,8,0.0,False,0.0,tier_b,B-04-04,BAS-CR-RE-05,84,basin,re,off
model,crossing,9.356387110289646,2.269274861684816,191.85943145848017,starboard,,True,goal,False,False,66,144.60204395465925,-1.5460116504075132,6,0,0,0,1,0.2851599032468578,0.0,0.0,0.0,0.029882250963459266,0.5844687419263924,0.6539907362544183,2.420650239736548,0.31699580054752635,0,,False,crossing,16,0.0,False,0.0,tier_b,B-04-05,BAS-CR-RE-06,85,basin,re,off
model,crossing,9.200369012852647,1.7907390951500732,266.9991911382316,starboard,,True,goal,False,False,91,-61.09597502615213,-3.483001118588243,6,0,0,0,1,0.6796760076148021,0.0,0.0,0.0,0.026356640198882647,0.4441536242706789,0.6413335100687143,3.5772976371115064,1.4578610287892202,0,,False,crossing,20,0.0,False,0.0,tier_b,B-04-06,BAS-CR-RE-07,86,basin,re,off
model,crossing,9.268554645857137,0.03836451359288229,270.853364719973,starboard,,False,goal,False,False,75,66.01465258070093,-4.930583745563996,1,1,0,0,4,0.07019746632558432,0.16025263758704358,0.0,0.0,0.8421901624881082,0.5208646264483119,0.6863448002814302,1.7714778754721658,1.0116655856410837,0,,False,crossing,19,0.0,False,0.0,tier_b,B-04-07,BAS-CR-RE-08,87,basin,re,off
model,crossing,9.252381812589379,0.567675215689496,198.7491131814405,starboard,,False,goal,False,False,64,83.46227388859047,-13.395785614784568,11,0,0,0,3,2.1965238245961176,0.0,0.0,0.0,0.5606650406741737,0.6066684327881547,0.784820653952467,1.8136460169971211,1.1577247276428693,0,,False,crossing,16,0.0,False,0.0,tier_b,B-04-08,BAS-CR-RE-09,88,basin,re,off
model,crossing,9.309577280028208,1.411625274959324,73.04756165662562,port,,True,collision:boundary,True,False,114,-669.7002286699483,-72.93449652998292,22,13,36,0,2,4.160843751593832,3.976840658449724,8.715799143545311,0.0,0.28357372966759853,0.3869236372385094,0.6148490123449937,2.5641872111634734,2.4411727717793195,0,,False,overtaking,59,0.0,False,0.0,tier_b,B-04-09,BAS-CR-RE-10,89,basin,re,off
model,crossing,9.203033357494174,0.2415270902636671,217.21425503362173,starboard,,True,collision:target,True,True,27,-331.5026233343998,-6.657914416307186,4,0,0,0,4,0.7782149260825231,0.0,0.0,0.0,0.6235001182663772,0.39787421501228953,0.554951064316284,1.3283536999609058,0.49600810394815864,0,,False,overtaking,4,0.0,False,0.0,tier_b,B-04-10,BAS-CR-RE-11,90,basin,re,off
model,crossing,9.234731276653033,1.6050513917480813,72.44378390693646,port,,True,collision:boundary,True,False,71,-463.5344426164397,0.0,0,0,0,0,0,0.0,0.0,0.0,0.0,0.0,0.2999213909326321,0.5507274732039786,3.835224539123491,1.2392619889402945,0,,False,never,0,0.0,False,0.0,tier_b,B-04-11,BAS-CR-RE-12,91,basin,re,off
model,crossing,9.200004532647995,0.6368414973256759,87.17022061930312,port,,True,collision:obstacle,True,False,62,-446.854432398038,-6.248554582069045,12,0,0,0,1,1.136697079744534,0.0,0.0,0.0,0.13820089718524456,0.32421186198497925,0.5889048166747995,4.3051473346640465,0.3762973680257253,0,,False,crossing,20,1.0,True,0.0,tier_b,B-04-12,BAS-CR-RE-13,92,basin,re,off
model,crossing,9.254517564116696,1.7326145417753893,149.68982183769972,port,,True,goal,False,False,69,64.71379767307046,-18.189008340887707,17,13,0,0,14,2.64615843946872,0.058654271525759735,0.0,0.0,1.066707871436674,0.5695369055650972,0.6849394894712777,2.4769890133308987,1.1903707070510365,0,,False,crossing,19,1.0,True,0.0,tier_b,B-04-13,BAS-CR-RE-14,93,basin,re,off
model,crossing,9.200468191333485,0.5432402369499534,132.71244073314776,port,,True,goal,False,False,75,2.3856546571695674,-4.005892183427229,17,0,0,0,2,0.7161781140387744,0.0,0.0,0.0,0.10240233754117654,0.5168872326419814,0.6860701889414608,2.471323465207488,1.011760276875292,0,,False,crossing,19,1.0,True,0.0,tier_b,B-04-14,BAS-CR-RE-15,94,basin,re,off
model,crossing,9.37951772870855,1.4092468911533416,137.2759195130861,port,,False,goal,False,False,63,140.53147445647346,-10.733998408560682,9,9,0,0,6,1.27512405191644,0.0737251591166165,0.0,0.0,0.9015988475437893,0.6079992406423848,0.6733560801266367,2.2904466714388834,0.23973334014100486,0,,False,crossing,16,1.0,True,0.0,tier_b,B-04-15,BAS-CR-RE-16,95,basin,re,off
model,crossing,9.22856688450767,0.4325946293831956,132.88993822994345,port,,True,goal,False,False,70,121.70481392771022,0.0,0,0,0,0,0,0.0,0.0,0.0,0.0,0.0,0.5481031071607013,0.6778267336065408,1.6720222422944637,0.6485727592347181,0,,False,never,0,0.0,False,0.0,tier_b,B-04-16,BAS-CR-RE-17,96,basin,re,off
model,crossing,9.261168358149531,0.38007923926976467,130.2918487988835,port,,True,goal,False,False,83,-23.949356244917738,-38.02855526694599,23,0,0,0,1,7.442831648515216,0.0,0.0,0.0,0.26367524595459413,0.46994809001374177,0.6695321856434566,2.8796582520356724,1.2742369101017648,0,,False,crossing,23,1.0,True,0.0,tier_b,B-04-17,BAS-CR-RE-18,97,basin,re,off
model,crossing,9.387131015734026,0.6019081895970513,145.65391894093102,port,,True,goal,False,False,77,100.41742498961825,0.0,0,0,0,0,0,0.0,0.0,0.0,0.0,0.0,0.5215689147118289,0.6905296891030156,1.8553272280837503,1.0397566881691376,0,,False,never,0,0.0,False,0.0,tier_b,B-04-18,BAS-CR-RE-19,98,basin,re,off
model,crossing,9.411203164528796,0.3524520422006777,228.38429663272598,starboard,,True,goal,False,False,100,-124.46820829203267,-8.517403972924248,8,0,0,0,2,1.2842222873914748,0.0,0.0,0.0,0.4801119222969884,0.41953617311783203,0.6646321517472884,2.3311681244718243,1.6565121268142133,0,,False,crossing,18,0.0,False,0.0,tier_b,B-04-19,BAS-CR-RE-20,99,basin,re,off
model,crossing,9.200706279714865,0.2580893191785541,231.7080280272063,starboard,,True,collision:target,True,True,16,-312.9583868042132,-8.29004935675304,1,2,0,0,4,0.008898341447519827,0.5166782856765753,0.0,0.0,1.2640989005530598,0.4516504662443883,0.5443439192116607,1.688444272312854,0.23050856883525953,0,,False,crossing,5,0.0,False,0.0,tier_b,B-05-00,BAS-CR-NC-01,100,basin,nc,off
model,crossing,9.216210094803998,2.417752396114681,247.95272431710384,starboard,,True,goal,False,False,77,33.2841492630579,-14.049284798573428,1,16,0,0,3,0.20705543527167095,2.180681610336782,0.0,0.0,0.49555253840257507,0.5211671830634377,0.6212448710745591,1.422650822629329,2.0372990192992178,0,,False,crossing,16,0.0,False,0.0,tier_b,B-05-01,BAS-CR-NC-02,101,basin,nc,off
model,crossing,9.215623177051167,1.4873487938689043,105.29283107709941,port,,False,collision:target,True,True,23,-346.84626297829806,-35.343969420524374,16,7,0,0,3,5.19456370853564,1.571366059583522,0.0,0.0,0.41169268185211577,0.38449436971314493,0.5491463451229963,1.463890307222917,0.1893867655072496,0,,False,crossing,21,1.0,True,0.0,tier_b,B-05-02,BAS-CR-NC-03,102,basin,nc,off
model,crossing,9.213270431695067,0.3553567901759372,252.88143754819663,starboard,,True,goal,False,False,70,79.81740866399582,-12.122268990023986,6,0,0,0,2,1.8111754741165338,0.0,0.0,0.0,0.7015445318104762,0.5486121857089282,0.661780948590479,1.669698096849088,1.0105347982872788,0,,False,crossing,14,0.0,False,0.0,tier_b,B-05-03,BAS-CR-NC-04,103,basin,nc,off
model,crossing,9.211809026931432,0.9515372231990188,160.45417521803344,port,,False,goal,False,False,72,14.844677878048202,-41.109083041156836,16,11,0,0,4,7.0361423893504975,0.4169780570197247,0.0,0.0,0.9369192959164967,0.5394869386435377,0.6403732466192157,1.5714850530072364,1.766262733086466,0,,False,crossing,16,1.0,True,0.0,tier_b,B-05-04,BAS-CR-NC-05,104,basin,nc,off
model,crossing,9.21839401844697,1.8062505610752353,104.4884246730779,port,,True,collision:boundary,True,False,68,-721.8873479957256,-23.134218166000473,19,0,0,0,3,4.491338815118733,0.0,0.0,0.0,0.20046467359171957,0.3192342805450301,0.5466772391646602,2.65444318024013,1.4516033848345822,0,,False,crossing,19,1.0,True,0.0,tier_b,B-05-05,BAS-CR-NC-06,105,basin,nc,off
model,crossing,9.200720800350496,2.127250002349644,226.01222781833783,starboard,,True,goal,False,False,79,19.024097257736898,0.0,0,0,0,0,0,0.0,0.0,0.0,0.0,0.0,0.4983952623955878,0.6715848543559035,1.9365291202961707,1.019120212108623,0,,False,never,0,0.0,False,0.0,tier_b,B-05-06,BAS-CR-NC-07,106,basin,nc,off
model,crossing,9.215286445654044,0.8117411341797673,81.47856525673441,port,,True,goal,False,False,98,-284.1175522930038,-47.154751947127494,20,1,0,0,4,8.22754831699855,0.5175112556008775,0.0,0.0,0.8592682361689604,0.4008121684939984,0.6970405362866082,2.00080698291221,1.4225816291847937,0,,False,crossing,20,1.0,True,0.0,tier_b,B-05-07,BAS-CR-NC-08,107,basin,nc,off
model,crossing,9.226396066992601,1.6819854812629311,284.8234292978913,starboard,,True,goal,False,False,73,92.24359160008736,-1.596594509027069,6,0,0,0,2,0.25095448403491677,0.0,0.0,0.0,0.0787488473453847,0.5388317785397784,0.6976590993189148,3.1549304496764936,1.0194292336664315,0,,False,crossing,18,0.0,False,0.0,tier_b,B-05-08,BAS-CR-NC-09,108,basin,nc,off
model,crossing,9.32008951347376,1.135129196971054,143.31966161417364,port,,False,goal,False,False,73,-23.02910102043593,-75.860814797984,21,20,0,0,13,10.734515162271753,1.9612942590627216,0.0,0.0,2.8925684805285212,0.5425377393822619,0.7052469469159399,1.3377201145563282,1.0152391885586736,0,,False,crossing,21,1.0,True,0.0,tier_b,B-05-09,BAS-CR-NC-10,109,basin,nc,off
model,crossing,9.385721352234496,1.101512207539723,157.86281711377936,port,,False,goal,False,False,76,20.794408218540923,-45.77961979187107,18,8,0,0,16,6.214197852198884,0.2769937276240374,0.0,0.0,3.0329381048328026,0.5203433475543623,0.6622424612955623,1.6533085272942443,1.3244347304281674,0,,False,crossing,21,1.0,True,0.0,tier_b,B-05-10,BAS-CR-NC-11,110,basin,nc,off
model,crossing,9.224280439849588,2.007293642915143,279.44608599744123,starboard,,True,goal,False,False,75,76.81894674260593,-9.251175126822979,8,0,0,0,0,1.8689242680450462,0.0,0.0,0.0,0.0,0.5236351534332835,0.6972216458154237,3.349627045866556,0.8416847542039024,0,,False,crossing,19,0.0,False,0.0,tier_b,B-05-11,BAS-CR-NC-12,111,basin,nc,off
model,crossing,9.242440755971442,0.8191370874231221,80.80910659952784,port,,False,collision:target,True,True,16,-348.84202893886214,-49.7162122367607,3,9,0,0,12,0.5899038997741441,4.983708101302472,0.0,0.0,4.9170739625403215,0.45507033658481855,0.5862886737406733,1.2118265454504564,0.14100365220506617,0,,False,crossing,13,1.0,True,0.0,tier_b,B-05-12,BAS-CR-NC-13,112,basin,nc,off
model,crossing,9.200734089771071,2.42791685748975,77.60170120950792,port,,True,goal,False,False,83,-28.22994882753828,-7.117646646055382,13,0,0,0,2,1.4021649019083435,0.0,0.0,0.0,0.03931786257979586,0.4625495378955286,0.6868838990137325,4.212968272563155,0.8023147042720391,0,,False,crossing,22,1.0,True,0.0,tier_b,B-05-13,BAS-CR-NC-14,113,basin,nc,off
model,crossing,9.201922042439248,1.7448573110820977,97.97332632435779,port,,True,goal,False,False,74,99.00969578237847,-12.953441960910961,11,0,0,0,3,2.198282702420848,0.0,0.0,0.0,0.4604316853172805,0.5155935845162553,0.6630263666425623,2.635110820424246,0.42857496228912995,0,,False,crossing,18,1.0,True,0.0,tier_b,B-05-14,BAS-CR-NC-15,114,basin,nc,off
model,crossing,9.210289614228753,1.3646181904166412,240.49501663448518,starboard,,True,collision:target,True,True,18,-313.01619394969714,0.0,0,0,0,0,0,0.0,0.0,0.0,0.0,0.0,0.44796832080094173,0.5437156154086995,1.2415811399790337,0.5462249852346369,0,,False,never,0,0.0,False,0.0,tier_b,B-05-15,BAS-CR-NC-16,115,basin,nc,off
model,crossing,9.202557876894945,0.8775763774858016,205.45723389036638,starboard,,False,collision:target,True,True,21,-318.1633276874858,-3.111599080580671,0,0,0,0,2,0.0,0.0,0.0,0.0,0.6914664623512602,0.39672707417466213,0.5859863619992565,1.8127990548122046,0.3160814854480205,0,,False,crossing,19,0.0,False,0.0,tier_b,B-05-16,BAS-CR-NC-17,116,basin,nc,off
model,crossing,9.200007316122752,0.6831058562121795,131.93554503895228,port,,False,collision:target,True,True,20,-326.9223748418519,-23.731631599838686,11,9,0,0,5,2.628860642033966,1.212696816600281,0.0,0.0,1.0479827065775915,0.4286728464307209,0.5761575610161738,1.505479274775734,0.08222127992769088,0,,False,crossing,18,1.0,True,0.0,tier_b,B-05-17,BAS-CR-NC-18,117,basin,nc,off
model,crossing,9.223206685954919,0.43444335475430834,97.38973420096866,port,,True,collision:target,True,True,22,-328.9111895991329,-17.898445040363708,5,1,0,0,5,0.983383825776519,0.529983020490192,0.0,0.0,2.312728700298553,0.43225623107218253,0.5795804658015793,1.3295203773266717,0.18215446511424077,0,,False,crossing,5,1.0,True,0.0,tier_b,B-05-18,BAS-CR-NC-19,118,basin,nc,off
model,crossing,9.339982268508692,0.6058694525165631,90.87155766463691,port,,False,collision:target,True,True,26,-405.75950712311334,-78.43018326348506,22,8,0,0,10,9.600974000816066,4.325809667312198,0.0,0.0,2.1094675791666977,0.3345957351712494,0.5442392760689132,1.4341033001082775,0.46707187038759457,0,,False,crossing,22,1.0,True,0.0,tier_b,B-05-19,BAS-CR-NC-20,119,basin,nc,off
model,overtaking,9.217016676076229,0.7050661416026955,2.751896715549613,,,,goal,False,False,66,38.590924393254014,-66.51769232335424,14,0,48,0,6,1.7892522484739495,0.0,15.68326872094664,0.0,0.2669169551111782,0.5748983541410038,0.7204238297721245,1.9396973333381518,0.8653139001426338,0,,False,overtaking,49,0.0,False,0.0,tier_b,B-06-00,BAS-OT-CV-01,120,basin,cv,off
model,overtaking,9.208398649472159,1.222686384166272,-8.618763366062442,,,,goal,False,False,59,84.63868047223791,-41.041637275544794,11,0,37,0,1,0.7284082016112402,0.0,10.394978036388007,0.0,0.0031323881271851394,0.6490828329770796,0.741909048091602,2.4938549751346653,0.9920910707040255,0,,False,overtaking,38,0.0,False,0.0,tier_b,B-06-01,BAS-OT-CV-02,121,basin,cv,off
model,overtaking,9.225440673837724,0.9165861617121269,-6.456878945402444,,,,goal,False,False,126,-238.75332314311282,-182.42199794711607,67,9,8,0,6,34.02112329922811,1.7661435144656736,1.1935974145002406,0.0,0.21735033936246193,0.3035531364262123,0.5486436196978807,2.8457415132508332,0.8209464871177472,0,,False,overtaking,68,0.0,False,0.0,tier_b,B-06-02,BAS-OT-CV-03,122,basin,cv,off
model,overtaking,9.329409704326869,0.7067123366219907,8.906828243136012,,,,collision:boundary,True,False,140,-849.3419539745698,-127.4389113238609,32,14,63,0,6,7.462001886662416,4.736378996967398,17.503261612449077,0.0,0.8989298100170365,0.31473548692729,0.5917329449263075,1.195541411167201,2.251980671793335,0,,False,overtaking,69,0.0,False,0.0,tier_b,B-06-03,BAS-OT-CV-04,123,basin,cv,off
model,overtaking,9.253937805212828,0.984205361322041,-3.263816162059692,,,,goal,False,False,61,70.93115183960762,-53.65713815421691,14,0,34,0,5,2.490197049180707,0.0,11.269976172495141,0.0,0.1686107866199792,0.6276659159815056,0.7301776572606006,2.296766264238509,0.9430352794458128,0,,False,overtaking,37,0.0,False,0.0,tier_b,B-06-04,BAS-OT-CV-05,124,basin,cv,off
model,overtaking,9.403333139407776,1.8835367064658046,-6.754171342172503,,,,goal,False,False,59,97.33606920002876,-30.192610835843826,12,0,29,0,1,0.9665630858235882,0.0,7.0293373899909355,0.0,0.02277976823326536,0.6591834245214262,0.7578106673743489,2.907437647977287,0.7296065661478779,0,,False,overtaking,32,0.0,False,0.0,tier_b,B-06-05,BAS-OT-CV-06,125,basin,cv,off
model,overtaking,9.312453564977488,0.46612804954114906,-7.085673200637763,,,,goal,False,False,124,-129.54436095889747,-73.25815285344586,41,0,22,0,2,12.172963019312817,0.0,3.3937190076498425,0.0,0.1743549956239996,0.31402173078468365,0.5693016197224109,2.9462218335213306,1.5076656213396253,0,,False,overtaking,81,0.0,False,0.0,tier_b,B-06-06,BAS-OT-CV-07,126,basin,cv,off
model,overtaking,9.200000666897902,0.5433941009058441,-8.662780220701272,,,,collision:boundary,True,False,145,-922.2298307523877,-140.75887560211393,74,4,28,0,1,24.738681582644304,0.2666584339144453,4.6837268010368405,0.0,0.02689467475898933,0.3521044606344849,0.5510123929284467,3.226654635344148,1.891006413038015,0,,False,overtaking,87,0.0,False,0.0,tier_b,B-06-07,BAS-OT-CV-08,127,basin,cv,off
model,overtaking,9.220235851911836,0.3446039038499784,8.41519054387767,,,,goal,False,False,75,19.769696525691458,-86.6231994549701,25,11,54,0,15,3.8956609720774025,0.8592557122963149,16.25120388145581,0.0,1.0182284209065129,0.5337340425974532,0.6323467941666625,2.014487411936367,1.232442319639871,0,,False,overtaking,61,0.0,False,0.0,tier_b,B-06-08,BAS-OT-CV-09,128,basin,cv,off
model,overtaking,9.227401620536055,1.7604500606651974,6.019718404961015,,,,goal,False,False,63,79.94815686704797,-58.38697994110698,11,7,40,0,3,1.3275707485792692,0.8400009180771143,12.994739285749779,0.0,0.19476416943526187,0.603254698504272,0.7297435518152277,2.1691076888171823,0.27372425255920607,0,,False,overtaking,43,0.0,False,0.0,tier_b,B-06-09,BAS-OT-CV-10,129,basin,cv,off
model,overtaking,9.288292197368149,0.24483595493298105,6.581433309724179,,,,collision:boundary,True,False,112,-628.549751737362,-83.64754383359498,12,7,66,0,1,1.0501494755336003,1.8718373651776423,19.214889383450384,0.0,0.002246042589546315,0.39288980986743677,0.5694102311785373,1.457298298602589,1.8585114748043718,0,,False,overtaking,74,0.0,False,0.0,tier_b,B-06-10,BAS-OT-CV-11,130,basin,cv,off
model,overtaking,9.471422972562301,0.30574369011869007,-7.374418842022461,,,,goal,False,False,111,-104.0870649088586,-86.07545833135244,55,7,29,0,0,14.134146808481033,0.6921586132927228,3.523679581547858,0.0,0.0,0.3701085879351321,0.5463281213102096,3.259409884450654,1.4039396712848273,0,,False,overtaking,93,0.0,False,0.0,tier_b,B-06-11,BAS-OT-CV-12,131,basin,cv,off
model,overtaking,9.438920604119721,1.5253415474808054,-1.7605355360611323,,,,goal,False,False,62,81.06900343480794,-47.34189764094339,11,0,36,0,5,1.3425266920301353,0.0,11.116188691311503,0.0,0.15069138370506419,0.6390531417954376,0.7448645552431485,2.6475812986862413,0.7291680688182196,0,,False,overtaking,38,0.0,False,0.0,tier_b,B-06-12,BAS-OT-CV-13,132,basin,cv,off
model,overtaking,9.356925374869007,0.945243983198403,-3.711880853278407,,,,collision:boundary,True,False,105,-697.1770642809295,-167.93090332052859,48,8,58,0,17,20.263027222513777,1.5486913016831136,14.976981097721486,0.0,1.3435032608792357,0.4239288497447431,0.6671977839125522,2.1014810698110002,2.146261868919963,0,,False,overtaking,81,0.0,False,0.0,tier_b,B-06-13,BAS-OT-CV-14,133,basin,cv,off
model,overtaking,9.201705291610567,0.04816330016336545,6.838357024498219,,,,goal,False,False,80,6.672733031725073,-76.73732330157479,11,14,58,0,1,0.8733512572799677,1.799884454610411,17.52867194093268,0.0,0.08924167563550514,0.5016121594555496,0.6019693748481487,1.8437152240753707,1.4689162930583968,0,,False,overtaking,62,0.0,False,0.0,tier_b,B-06-14,BAS-OT-CV-15,134,basin,cv,off
model,overtaking,9.200315756528905,1.098197584734694,3.3987834475205663,,,,goal,False,False,67,35.28302816374011,-28.652419374537367,39,0,1,0,3,5.516779450198225,0.0,0.22233229214860653,0.0,0.1208810765158144,0.5701505871924745,0.9180302060541309,2.768182510080163,1.1319300863707387,0,,False,overtaking,52,0.0,False,0.0,tier_b,B-06-15,BAS-OT-CV-16,135,basin,cv,off
model,overtaking,9.209977053368092,0.46489584335204936,5.615825607046434,,,,goal,False,False,76,-17.803014762951875,-90.08561802351336,26,7,55,0,3,3.83245243266098,1.3511525352111056,17.74424578495509,0.0,0.12166413482405007,0.5013044810562987,0.5779755001956973,1.5568242420120095,1.5227289538695647,0,,False,overtaking,58,0.0,False,0.0,tier_b,B-06-16,BAS-OT-CV-17,136,basin,cv,off
model,overtaking,9.293443319164194,0.7501591541669446,3.6811135241780217,,,,goal,False,False,69,42.510772349981764,-49.45820418254075,32,1,2,0,12,8.18114920670461,0.0030271927959958644,0.5940315052306222,0.0,1.5128927969294497,0.5550319693497903,0.8578316927221951,2.238824362164453,1.0768562377107054,0,,False,overtaking,61,0.0,False,0.0,tier_b,B-06-17,BAS-OT-CV-18,137,basin,cv,off
model,overtaking,9.261088593327413,0.3967794023411553,0.942094834672746,,,,goal,False,False,65,72.81135867271132,-23.32286294076317,19,0,1,0,12,2.3996923083036936,0.0,0.15358822827222507,0.0,2.42032630952886,0.5862878325271028,0.8924831680510229,1.9984680259443415,1.1065687097859964,0,,False,overtaking,49,0.0,False,0.0,tier_b,B-06-18,BAS-OT-CV-19,138,basin,cv,off
model,overtaking,9.226408642497487,1.4114137494770642,-6.5337083014531245,,,,goal,False,False,61,94.07224630577869,-5.073071856669761,13,0,0,0,1,1.0140322296781477,0.0,0.0,0.0,0.01191384883620645,0.647015259823019,0.8451373982170379,3.4990643400843373,1.3179288248213394,0,,False,overtaking,30,0.0,False,0.0,tier_b,B-06-19,BAS-OT-CV-20,139,basin,cv,off
model,overtaking,9.237318635066163,0.6955108624999942,8.502895358359591,,,,goal,False,False,72,40.05821518869861,-69.5239292715203,16,9,53,0,9,1.2895990032858455,0.5384434000477654,16.145754298007187,0.0,0.5223119782651248,0.5290777808951794,0.6514178388285877,1.949495484170607,0.9783837133390324,0,,False,overtaking,57,0.0,False,0.0,tier_b,B-07-00,BAS-OT-RE-01,140,basin,re,off
model,overtaking,9.20862851148156,1.8700119096817152,-7.244673280696084,,,,goal,False,False,58,92.92212298515308,-9.912355742921282,18,1,0,0,0,1.9925330340807543,0.009963075600312536,0.0,0.0,0.0,0.6587527741879363,0.8606248238633885,3.7927489417838034,1.2330318623201308,0,,False,overtaking,29,0.0,False,0.0,tier_b,B-07-01,BAS-OT-RE-02,141,basin,re,off
model,overtaking,9.202335923999566,0.3265016702521537,4.755399329358097,,,,collision:boundary,True,False,119,-1044.2059350696259,-61.14377981444282,12,2,57,0,1,0.7025991996818228,0.4738155210307783,15.363283444702992,0.0,0.002823676885482839,0.3316970788204617,0.5571190464312373,2.624294502832458,1.8427167131428843,0,,False,overtaking,74,0.0,False,0.0,tier_b,B-07-02,BAS-OT-RE-03,142,basin,re,off
model,overtaking,9.293015255899277,0.9710119403809374,-4.649419898074171,,,,goal,False,False,58,66.15595246662608,-53.91256403165028,14,0,35,0,16,1.1320034043623088,0.0,11.775823595455877,0.0,1.3147071636479304,0.6582003224314723,0.7389577503933185,2.0144832938497577,0.8193779165289193,0,,False,overtaking,36,0.0,False,0.0,tier_b,B-07-03,BAS-OT-RE-04,143,basin,re,off
model,overtaking,9.283208573028874,0.590858996109658,2.166140678298074,,,,goal,False,False,64,61.204530503746085,-61.53993649689066,11,3,43,0,9,1.7081009502605728,0.1292162207979773,14.160292926446015,0.0,0.3262582144322588,0.6040444937900932,0.6851432906057041,2.205479465675392,1.0787487535295124,0,,False,overtaking,43,0.0,False,0.0,tier_b,B-07-04,BAS-OT-RE-05,144,basin,re,off
model,overtaking,9.220721747140464,1.4440943071107695,-3.2381786297647537,,,,goal,False,False,62,57.77123086720612,-30.6836360694629,28,0,0,0,0,6.198714357467252,0.0,0.0,0.0,0.0,0.6274267835422327,0.8534073930441001,3.814818890046893,1.5834284622900412,0,,False,overtaking,49,0.0,False,0.0,tier_b,B-07-05,BAS-OT-RE-06,145,basin,re,off
model,overtaking,9.235301134425187,0.47868786193385526,-2.242403672861313,,,,goal,False,False,61,66.19098069886515,-52.56863133689007,10,0,34,0,6,2.106702376040217,0.0,11.07758372634587,0.0,0.5024784801435263,0.6274295986562265,0.7350131581324855,2.2637508819540546,1.1196294718919249,0,,False,overtaking,35,0.0,False,0.0,tier_b,B-07-06,BAS-OT-RE-07,146,basin,re,off
model,overtaking,9.210772885835906,1.118854926084452,-9.379588430721498,,,,goal,False,False,57,53.52446372055111,-56.91251887336011,14,0,33,0,5,4.295656488923451,0.0,9.489733736528315,0.0,0.33021728926379745,0.6663091637285347,0.7759549974411539,2.4767225294402087,1.0487897424445678,0,,False,overtaking,34,0.0,False,0.0,tier_b,B-07-07,BAS-OT-RE-08,147,basin,re,off
model,overtaking,9.201297608530824,0.948580564783577,4.6641680010374404,,,,goal,False,False,60,73.86245735422084,-14.171532017097658,20,0,0,0,4,2.673300769259968,0.0,0.0,0.0,0.20859849094684788,0.6468468239741209,0.8958816649467922,3.3089858315806273,1.59554765539319,0,,False,overtaking,40,0.0,False,0.0,tier_b,B-07-08,BAS-OT-RE-09,148,basin,re,off
model,overtaking,9.314342443114086,1.3343859203914925,6.76369823927924,,,,goal,False,False,63,86.2156715192654,-50.51617062886644,9,8,41,0,4,0.3185864411082008,0.3988673788351261,12.967976088830032,0.0,0.062235622301967344,0.6031147822179779,0.6960595076816886,2.2900757701303114,0.6998186497159267,0,,False,overtaking,41,0.0,False,0.0,tier_b,B-07-09,BAS-OT-RE-10,149,basin,re,off
model,overtaking,9.315117655309152,0.6673426336536532,4.539541054003408,,,,goal,False,False,64,81.77713747310355,-6.44831112615049,7,0,2,0,3,0.8433571516424486,0.0,0.4447350560004847,0.0,0.14947711642636052,0.6119383440449448,0.8809919788421254,2.830849639470098,1.294815044367034,0,,False,overtaking,34,0.0,False,0.0,tier_b,B-07-10,BAS-OT-RE-11,150,basin,re,off
model,overtaking,9.22853476359556,0.7949817246542223,5.362336825936062,,,,goal,False,False,64,73.91054666356334,-14.965754779577603,20,0,0,0,1,3.0172617309257697,0.0,0.0,0.0,0.006735380332232207,0.6003574466881587,0.8922018384179479,3.0524021589360415,1.5011167386004214,0,,False,overtaking,41,0.0,False,0.0,tier_b,B-07-11,BAS-OT-RE-12,151,basin,re,off
model,overtaking,9.20887238342961,1.5936706563985252,7.086398227872522,,,,goal,False,False,61,53.58662998124904,-40.61281973397664,40,0,0,0,0,8.204610047268009,0.0,0.0,0.0,0.0,0.6320365704575962,0.8704165489711329,3.683227064172654,1.4636772740408752,0,,False,overtaking,41,0.0,False,0.0,tier_b,B-07-12,BAS-OT-RE-13,152,basin,re,off
model,overtaking,9.216839652941829,1.6016624116391511,5.262289951952228,,,,goal,False,False,61,87.49250443169036,-50.15859589502935,8,6,38,0,1,0.8677251883783277,0.2843707419215377,12.277257866248899,0.0,0.05724282701088161,0.6147152238875099,0.7165432205735045,2.1492280484739084,0.3330090100843885,0,,False,overtaking,38,0.0,False,0.0,tier_b,B-07-13,BAS-OT-RE-14,153,basin,re,off
model,overtaking,9.255519260104249,0.35298755437586804,3.1573118541693095,,,,collision:boundary,True,False,117,-655.4420930635913,-91.19997940721703,30,5,71,0,0,2.4396717076268164,1.6316857673198601,19.735211085064158,0.0,0.0,0.375434486586845,0.6073824065802164,1.9075793677987694,1.7842397095274125,0,,False,overtaking,78,0.0,False,0.0,tier_b,B-07-14,BAS-OT-RE-15,154,basin,re,off
model,overtaking,9.215509090809306,1.7752520106799483,3.50927978990223,,,,goal,False,False,62,96.75071637539656,-43.77642178813528,7,3,40,0,2,0.4671876523433408,0.15062086656179055,11.255664694715339,0.0,0.043972604128811474,0.6071734662458448,0.7171765065266881,2.7531321636765984,0.6793994465079877,0,,False,overtaking,40,0.0,False,0.0,tier_b,B-07-15,BAS-OT-RE-16,155,basin,re,off
model,overtaking,9.291005947685234,0.12063488626486807,-1.313765613830494,,,,goal,False,False,63,54.62155128106179,-62.186768952476406,19,0,33,0,15,4.126917182932276,0.0,10.489534417313267,0.0,0.8880455543630803,0.6158886767564001,0.7164554721911447,2.1212875380442404,1.2077653338166041,0,,False,overtaking,34,0.0,False,0.0,tier_b,B-07-16,BAS-OT-RE-17,156,basin,re,off
model,overtaking,9.205389690325374,0.45888945551356053,6.666781674074301,,,,collision:boundary,True,False,149,-885.8829044631303,-128.77736754353037,30,12,70,0,14,6.599679674089091,4.804591563670116,18.062042796600952,0.0,1.622860188635294,0.2979542925450443,0.5909100343128287,1.409225327245163,1.8951954149617294,0,,False,overtaking,75,0.0,False,0.0,tier_b,B-07-17,BAS-OT-RE-18,157,basin,re,off
model,overtaking,9.2228486192688,0.6437987319681227,-3.4629356248216165,,,,goal,False,False,63,72.05242383809409,-9.800655904263746,15,0,0,0,0,1.9799304857098474,0.0,0.0,0.0,0.0,0.6098172786628199,0.8858269638446342,2.9470664367243073,1.5005898094330312,0,,False,overtaking,45,0.0,False,0.0,tier_b,B-07-18,BAS-OT-RE-19,158,basin,re,off
model,overtaking,9.225994588178112,1.4726543869922135,2.14369871642881,,,,goal,False,False,63,84.283984891234,-49.60581174583896,10,3,41,0,3,0.9703898277465967,0.08658601879955569,12.305701276496297,0.0,0.01627926889974109,0.6054384770915464,0.7215640427638639,2.5180971081613945,0.755681997158466,0,,False,overtaking,42,0.0,False,0.0,tier_b,B-07-19,BAS-OT-RE-20,159,basin,re,off
model,overtaking,9.202826174856394,1.8658931692162017,-1.4134208463222802,,,,goal,False,False,59,95.72388989296648,-2.6843891434692893,12,0,0,0,0,0.5423008370645028,0.0,0.0,0.0,0.0,0.6627536610986754,0.8539494849655483,4.019869876239873,1.3935469897464898,0,,False,overtaking,26,0.0,False,0.0,tier_b,B-08-00,BAS-OT-NC-01,160,basin,nc,off
model,overtaking,9.223586837236766,0.48526308595663137,7.947943010148403,,,,collision:boundary,True,False,76,-539.794889505105,-59.74226786136371,21,1,49,0,2,2.084540522270215,0.02135371213181185,13.563961668039672,0.0,0.10840653247352537,0.36530416566629276,0.5664871385892091,2.6088462116855258,1.6065203241214399,0,,False,overtaking,57,0.0,False,0.0,tier_b,B-08-01,BAS-OT-NC-02,161,basin,nc,off
model,overtaking,9.324634189278777,1.5212132266343419,-0.10161533566932235,,,,goal,False,False,63,77.39440401427117,-5.781148210142551,14,0,0,0,0,1.1679087293217274,0.0,0.0,0.0,0.0,0.6271779567947156,0.8772137554444696,3.4222458467416788,1.240807765308828,0,,False,overtaking,38,0.0,False,0.0,tier_b,B-08-02,BAS-OT-NC-03,162,basin,nc,off
model,overtaking,9.201445899888215,1.1211468026239688,-5.499755077898718,,,,goal,False,False,61,64.65739063163522,-25.176326460617936,34,1,0,0,0,5.060622975816028,0.025503581884564065,0.0,0.0,0.0,0.632693786796888,0.8695336256480916,3.524842656937003,1.6542203147875951,0,,False,overtaking,50,0.0,False,0.0,tier_b,B-08-03,BAS-OT-NC-04,163,basin,nc,off
model,overtaking,9.21773170156655,1.7859137701757974,-4.391160300370627,,,,goal,False,False,57,88.93634321369066,-37.09838721184934,7,0,30,0,0,0.5381324069592138,0.0,9.565175499278123,0.0,0.0,0.6616355365824186,0.7592450947429007,2.550613474221718,0.62714009451053,0,,False,overtaking,31,0.0,False,0.0,tier_b,B-08-04,BAS-OT-NC-05,164,basin,nc,off
model,overtaking,9.224828604838036,1.0279798656456742,-1.0573866499295388,,,,goal,False,False,61,69.80419735417108,-58.56251305716941,13,0,39,0,10,1.9347182637530986,0.0,13.095933980318293,0.0,0.4089545160990453,0.624033364300009,0.7383913809807379,2.155379572658697,0.814774825438138,0,,False,overtaking,40,0.0,False,0.0,tier_b,B-08-05,BAS-OT-NC-06,165,basin,nc,off
model,overtaking,9.207283694138823,0.021159204588590663,-7.334374927666074,,,,collision:target,True,True,96,-525.5035940694324,-130.93024188312944,58,16,6,0,10,21.384806233094867,4.60217276178175,0.39760788595815494,0.0,0.19184610423128687,0.40836859954869037,0.5497287166574846,1.6251402728600992,1.745492313228038,0,,False,overtaking,76,0.0,False,0.0,tier_b,B-08-06,BAS-OT-NC-07,166,basin,nc,off
model,overtaking,9.249749621825773,0.3985333505421971,-6.131124078940598,,,,collision:boundary,True,False,133,-758.1706096452876,-213.72270347474029,73,8,10,0,3,41.03799793589775,0.9393220161364961,1.6140998905172075,0.0,0.027602245846411196,0.34641673361999525,0.5580032760294874,2.5264511351677013,1.8433167739848293,0,,False,overtaking,77,0.0,False,0.0,tier_b,B-08-07,BAS-OT-NC-08,167,basin,nc,off
model,overtaking,9.436169496045947,0.7878924456258161,7.165970628024571,,,,goal,False,False,68,74.80954964206451,-57.845545939932926,11,4,41,0,5,1.19202495859832,0.48504478049086713,13.362228782504811,0.0,0.32000602542758627,0.5731009935557135,0.6764378112351416,1.8494732347138971,0.8017414557824988,0,,False,overtaking,41,0.0,False,0.0,tier_b,B-08-08,BAS-OT-NC-09,168,basin,nc,off
model,overtaking,9.229515026318893,1.040478185072131,-5.885302635044216,,,,goal,False,False,79,-48.539305631307,-122.8907126614788,62,15,1,0,13,21.020378940712206,1.0276327312648519,0.04577910908501292,0.0,3.019611131663631,0.4868975242118421,0.692008956981978,1.8959301978264567,1.0746732780865513,0,,False,overtaking,67,0.0,False,0.0,tier_b,B-08-09,BAS-OT-NC-10,169,basin,nc,off
model,overtaking,9.370275779233848,0.4992216841537722,-2.8798086621817927,,,,goal,False,False,67,61.193221792428886,-17.699352553764488,25,0,0,0,9,3.232755492751268,0.0,0.0,0.0,0.3771584143657124,0.5889884185390895,0.8757973536451051,2.681780540903518,1.531414710856083,0,,False,overtaking,48,0.0,False,0.0,tier_b,B-08-10,BAS-OT-NC-11,170,basin,nc,off
model,overtaking,9.200440778044294,0.5375469357908986,2.9879215617206167,,,,goal,False,False,67,49.32742558449549,-77.78847948730723,22,0,42,0,24,3.7295279169640367,0.0,14.020763817211785,0.0,1.9672370125272893,0.5634659953150348,0.6611599950002515,1.8768160979234045,0.9563698116135376,0,,False,overtaking,44,0.0,False,0.0,tier_b,B-08-11,BAS-OT-NC-12,171,basin,nc,off
model,overtaking,9.309395668763356,0.265542389110653,9.88770235233514,,,,goal,False,False,66,56.84237202584748,-62.35346787240291,13,7,43,0,3,1.5335268992318511,0.2416579480694069,14.563509484099354,0.0,0.2528152745564413,0.5857120508908803,0.6673366133754102,1.9498762907921023,1.1191525233686344,0,,False,overtaking,43,0.0,False,0.0,tier_b,B-08-12,BAS-OT-NC-13,172,basin,nc,off
model,overtaking,9.204875415860784,1.1272047415291218,-5.371385987906487,,,,goal,False,False,68,54.31235020826562,-24.702273100533564,38,1,0,0,2,4.84948460833253,0.1003417308337567,0.0,0.0,0.04458504925787621,0.5621751743918275,0.908296545791327,2.8292964732481884,1.309574340902691,0,,False,overtaking,61,0.0,False,0.0,tier_b,B-08-13,BAS-OT-NC-14,173,basin,nc,off
model,overtaking,9.201383075582118,0.1859423402514624,-7.648081300261262,,,,goal,False,False,140,-176.43586269190592,-73.49949463297322,43,1,17,0,1,11.759024794465677,0.41131813450139537,3.67345142410214,0.0,0.007082668404117152,0.2983315899881834,0.5854776629990812,2.942748168592306,1.4225718624029655,0,,False,overtaking,88,0.0,False,0.0,tier_b,B-08-14,BAS-OT-NC-15,174,basin,nc,off
model,overtaking,9.200650409504961,0.4507784176862255,-3.998535066635336,,,,collision:target,True,True,83,-422.0528662173012,-74.29492929067756,39,7,5,0,5,12.175708133779223,1.672738446789669,0.6784898755028422,0.0,0.733901147789177,0.4639284564827119,0.5967912029836491,1.2526490237485082,1.7175558278118934,0,,False,overtaking,75,0.0,False,0.0,tier_b,B-08-15,BAS-OT-NC-16,175,basin,nc,off
model,overtaking,9.3291056655864,0.40136882412902786,-2.6412169799750984,,,,goal,False,False,67,62.30814512717026,-20.690001633473152,27,0,1,0,11,2.717916730467142,0.0,0.24172939677402727,0.0,1.414686219838733,0.5866582612185086,0.8431909393759823,2.282364893175504,1.2958213957836744,0,,False,overtaking,46,0.0,False,0.0,tier_b,B-08-16,BAS-OT-NC-17,176,basin,nc,off
model,overtaking,9.231064088505306,1.2645939764148457,-6.299085950554712,,,,goal,False,False,66,23.375124254515413,-62.85262288677462,40,2,0,0,8,12.295499715011857,0.19950189749301767,0.0,0.0,0.22274775663899207,0.5908970433562927,0.8521142171316965,2.6847489181425948,0.9490494401810702,0,,False,overtaking,42,0.0,False,0.0,tier_b,B-08-17,BAS-OT-NC-18,177,basin,nc,off
model,overtaking,9.31855498079544,1.3210319582406747,-1.6894524809757634,,,,goal,False,False,72,50.07481736399461,-20.599846193110974,34,6,0,0,9,3.4768870456259378,0.31130725944390836,0.0,0.0,0.41072986289227326,0.5429190448082305,0.8993964726517133,2.771379190136261,1.0210066941750078,0,,False,overtaking,53,0.0,False,0.0,tier_b,B-08-18,BAS-OT-NC-19,178,basin,nc,off
model,overtaking,9.229882434629188,1.089446271626464,3.540682633184913,,,,collision:boundary,True,False,125,-761.3188977477259,-67.53331882112786,9,8,52,0,3,0.5125276970379029,2.0420919238025963,14.61619343584212,0.0,0.5043678508746146,0.3546645609957812,0.5912738569741866,1.4394042197136911,2.430820517509642,0,,False,overtaking,52,0.0,False,0.0,tier_b,B-08-19,BAS-OT-NC-20,179,basin,nc,off
model,being_overtaken,9.273493236199498,1.8624143719013233,-8.902097191092933,,False,,goal,False,False,40,100.85333007378078,-21.993396637994785,0,0,0,18,0,0.0,0.0,0.0,5.430468305677724,0.0,0.6210704392380447,0.725614529712695,2.676646471814734,0.8363057026970578,0,,False,being_overtaken,23,0.0,False,0.0,tier_b,B-09-00,BAS-BO-CV-01,180,basin,cv,off
model,being_overtaken,9.217607022899784,1.5906365392492274,6.189092943004855,,False,,goal,False,False,57,44.57008157498187,-20.041895372974817,0,0,0,6,0,0.0,0.0,0.0,4.948616141475263,0.0,0.4225912223123817,0.7406593643009388,1.3144755419089311,0.3928798956052584,0,,False,being_overtaken,21,0.0,False,0.0,tier_b,B-09-01,BAS-BO-CV-02,181,basin,cv,off
model,being_overtaken,9.255587351263733,1.1613891645434418,-0.8352424648167727,,False,,goal,False,False,52,94.60364331071591,-22.020830044649365,0,0,0,10,0,0.0,0.0,0.0,5.437241986333178,0.0,0.4617235263105404,0.551706640940708,1.1139587969102476,0.1561083202375203,0,,False,being_overtaken,21,0.0,False,0.0,tier_b,B-09-02,BAS-BO-CV-03,182,basin,cv,off
model,being_overtaken,9.250348763135506,1.7977552113536805,-3.5475180180360333,,False,,goal,False,False,39,90.99895759187652,-38.55703884585566,0,0,0,17,0,0.0,0.0,0.0,9.811343464348155,0.0,0.6293353218613296,0.7529381068327758,2.3519360449697198,0.3313780588598074,0,,False,being_overtaken,26,0.0,False,0.0,tier_b,B-09-03,BAS-BO-CV-04,183,basin,cv,off
model,being_overtaken,9.22795648132154,1.9941677015431467,-2.3648618685453577,,False,,goal,False,False,38,108.90100733452027,-16.095628499197915,0,0,0,14,0,0.0,0.0,0.0,3.9742292590612136,0.0,0.634619510805566,0.7828333616644708,1.8642023180616667,0.06912389659451353,0,,False,being_overtaken,28,0.0,False,0.0,tier_b,B-09-04,BAS-BO-CV-05,184,basin,cv,off
model,being_overtaken,9.205422207041055,1.6404072407823604,-0.7485242194691732,,False,,goal,False,False,50,110.14913414072967,-14.047249208435957,0,0,0,10,0,0.0,0.0,0.0,3.468456594675545,0.0,0.48371867165573756,0.5476896705367437,1.4192729749118547,0.18495220406207816,0,,False,being_overtaken,22,0.0,False,0.0,tier_b,B-09-05,BAS-BO-CV-06,185,basin,cv,off
model,being_overtaken,9.231188874487815,1.340368245862548,4.823936508557827,,False,,collision:target,True,True,20,-315.8255310996416,-19.078916287617723,0,0,0,7,0,0.0,0.0,0.0,4.710843527806846,0.0,0.44759073368456814,0.5477783802751034,0.7166605553141425,0.2050428092764164,0,,False,being_overtaken,18,0.0,False,0.0,tier_b,B-09-06,BAS-BO-CV-07,186,basin,cv,off
model,being_overtaken,9.306570037248152,1.9931677532460892,-8.148925558501691,,False,,goal,False,False,37,71.63752933389344,-48.1481502971114,0,0,0,19,0,0.0,0.0,0.0,11.888432172126272,0.0,0.6555058671507256,0.7984459535194055,2.032035032165975,0.35211539721979374,0,,False,being_overtaken,31,0.0,False,0.0,tier_b,B-09-07,BAS-BO-CV-08,187,basin,cv,off
model,being_overtaken,9.31876586064638,1.8721708685827283,-2.6070181173307727,,False,,goal,False,False,41,115.8060158574769,-19.632313533635237,0,0,0,15,0,0.0,0.0,0.0,4.84748482311981,0.0,0.6057253709026342,0.7058098519039501,2.407729584363914,0.4176962049914465,0,,False,being_overtaken,22,0.0,False,0.0,tier_b,B-09-08,BAS-BO-CV-09,188,basin,cv,off
model,being_overtaken,9.249443229558986,1.9217608222226181,-7.380586831028621,,False,,goal,False,False,49,42.35414166864699,-11.816749891078288,0,0,0,4,0,0.0,0.0,0.0,2.9177160224884666,0.0,0.49184724341021036,0.6330771819103964,1.577484283850916,0.6300079060915383,0,,False,being_overtaken,15,0.0,False,0.0,tier_b,B-09-09,BAS-BO-CV-10,189,basin,cv,off
model,being_overtaken,9.203184269661492,1.843844839977306,-0.9619646850153014,,False,,goal,False,False,44,104.19802140854439,-25.53343519388126,0,0,0,13,0,0.0,0.0,0.0,6.304551899723767,0.0,0.5513461683290027,0.6885968417558483,1.544259717575922,0.22321279711838185,0,,False,being_overtaken,24,0.0,False,0.0,tier_b,B-09-10,BAS-BO-CV-11,190,basin,cv,off
model,being_overtaken,9.25307424643198,1.1108330766827545,1.607400018626592,,False,,collision:target,True,True,24,-322.03858082901604,-23.130950832563805,0,0,0,10,0,0.0,0.0,0.0,5.711345884583656,0.0,0.4368114602787217,0.5487677444799399,0.7778314395601551,0.14587543939294134,0,,False,being_overtaken,22,0.0,False,0.0,tier_b,B-09-11,BAS-BO-CV-12,191,basin,cv,off
model,being_overtaken,9.235632032674806,1.848583916571433,-0.2425773065007757,,False,,goal,False,False,39,118.95630113297898,-14.764736566636767,0,0,0,13,0,0.0,0.0,0.0,3.645613967070806,0.0,0.614590219954084,0.7114497163186985,2.4048531635915578,0.42686599285657434,0,,False,being_overtaken,28,0.0,False,0.0,tier_b,B-09-12,BAS-BO-CV-13,192,basin,cv,off
model,being_overtaken,9.200223992512747,1.8802471960490879,4.851620794650593,,False,,goal,False,False,38,116.02945652644061,-12.726728671968289,0,0,0,8,0,0.0,0.0,0.0,3.1424021412267376,0.0,0.6294143209491552,0.7304291060240538,1.9922159160744985,0.19692230826434295,0,,False,being_overtaken,24,0.0,False,0.0,tier_b,B-09-13,BAS-BO-CV-14,193,basin,cv,off
model,being_overtaken,9.226481771773116,1.5840743156666974,3.9745590510219593,,False,,collision:obstacle,True,False,13,-384.5422362196149,-11.987185638342762,0,0,0,4,0,0.0,0.0,0.0,2.9597989230475954,0.0,0.4000949091134706,0.5419694912093819,1.9287949464263507,0.16285588717021524,0,,False,being_overtaken,12,0.0,False,0.0,tier_b,B-09-14,BAS-BO-CV-15,194,basin,cv,off
model,being_overtaken,9.24882857954596,1.471695882073571,5.848713078592571,,False,,goal,False,False,40,113.56220985768789,-14.29643250698478,0,0,0,9,0,0.0,0.0,0.0,3.529983335057971,0.0,0.6103114391041876,0.7211597975090474,1.934910542054832,0.46570777468812186,0,,False,being_overtaken,22,0.0,False,0.0,tier_b,B-09-15,BAS-BO-CV-16,195,basin,cv,off
model,being_overtaken,9.2000557627246,1.3115357577179512,-3.336619991866976,,False,,goal,False,False,55,88.06944648777821,-18.230553213632497,0,0,0,11,0,0.0,0.0,0.0,4.501371163859877,0.0,0.44056435552562007,0.6030299682779088,1.1980242847715679,0.27380430818510537,0,,False,being_overtaken,25,0.0,False,0.0,tier_b,B-09-16,BAS-BO-CV-17,196,basin,cv,off
model,being_overtaken,9.206193309648413,1.6399952535113682,-8.767670035024747,,False,,goal,False,False,42,114.70497919643942,-11.213219636636733,0,0,0,6,0,0.0,0.0,0.0,2.768696206576971,0.0,0.5809765460022758,0.6975042594045809,1.5353339190877977,0.19962189868770996,0,,False,being_overtaken,16,0.0,False,0.0,tier_b,B-09-17,BAS-BO-CV-18,197,basin,cv,off
model,being_overtaken,9.212969204739892,1.89761480211908,5.806877306962388,,False,,goal,False,False,40,100.2682326553287,-19.340860383197633,0,0,0,10,0,0.0,0.0,0.0,4.7755210822710215,0.0,0.597410711381145,0.7966192615712206,1.6410054997906225,0.09593912192458678,0,,False,being_overtaken,22,0.0,False,0.0,tier_b,B-09-18,BAS-BO-CV-19,198,basin,cv,off
model,being_overtaken,9.241544285848647,1.3128118964065598,-3.848274730984212,,False,,goal,False,False,41,119.11948250320519,-7.870048117834159,0,0,0,6,0,0.0,0.0,0.0,1.943221757489916,0.0,0.5972844458307105,0.7438210002880516,1.5346959458927363,0.38303127907898443,0,,False,being_overtaken,18,0.0,False,0.0,tier_b,B-09-19,BAS-BO-CV-20,199,basin,cv,off
model,being_overtaken,9.299183658994504,1.773151827696595,-1.6900412891160776,,False,,goal,False,False,43,11.982530408411947,-21.244456046268354,0,0,0,9,0,0.0,0.0,0.0,5.2455447027823086,0.0,0.5937760390603825,0.7171654004284458,2.8531561997357313,1.1287320236678635,0,,False,being_overtaken,12,0.0,False,0.0,tier_b,B-10-00,BAS-BO-RE-01,200,basin,re,off
model,being_overtaken,9.208428406002529,1.8002544236295193,-7.975902988781078,,False,,goal,False,False,37,96.53284024807988,-25.677467580705343,0,0,0,15,0,0.0,0.0,0.0,6.34011545202601,0.0,0.6525079961899615,0.7903259423320278,2.3326647012712214,0.11745115923139238,0,,False,being_overtaken,27,0.0,False,0.0,tier_b,B-10-01,BAS-BO-RE-02,201,basin,re,off
model,being_overtaken,9.200097472568554,1.7443342445294665,9.875833022670356,,False,,collision:obstacle,True,False,8,-342.00024827064294,-11.910952469039445,0,0,0,6,0,0.0,0.0,0.0,2.940975918281344,0.0,0.4645401713813854,0.5462533743801264,4.243728268364286,0.09684284039235233,0,,False,being_overtaken,6,0.0,False,0.0,tier_b,B-10-02,BAS-BO-RE-03,202,basin,re,off
model,being_overtaken,9.302207649734385,1.777266012011609,-9.931571327253923,,False,,goal,False,False,42,109.30385488828018,-18.781685187607483,0,0,0,13,0,0.0,0.0,0.0,4.637453132742589,0.0,0.5854825014176382,0.7491209124162712,1.6588010885375042,0.29986033872701734,0,,False,being_overtaken,23,0.0,False,0.0,tier_b,B-10-03,BAS-BO-RE-04,203,basin,re,off
model,being_overtaken,9.444761284079842,1.3087089012898345,4.681091863494736,,False,,goal,False,False,39,103.27485541288551,-28.336844872452584,0,0,0,14,0,0.0,0.0,0.0,6.996751820358663,0.0,0.6409164058681797,0.7587954192635172,2.4501788110853098,0.07775585058804912,0,,False,being_overtaken,19,0.0,False,0.0,tier_b,B-10-04,BAS-BO-RE-05,204,basin,re,off
model,being_overtaken,9.214925193316624,1.1701787995312543,-1.3084080958413722,,False,,goal,False,False,39,112.12707879959146,-13.515607942480866,0,0,0,7,0,0.0,0.0,0.0,3.337187146291572,0.0,0.6219280155109294,0.7391617680070827,1.7279072580088288,0.2659923781246596,0,,False,being_overtaken,18,0.0,False,0.0,tier_b,B-10-05,BAS-BO-RE-06,205,basin,re,off
model,being_overtaken,9.345445770673976,1.4379363850772926,4.981252912227472,,False,,goal,False,False,39,72.90486242769961,-56.307453306169165,0,0,0,15,0,0.0,0.0,0.0,13.903074890412139,0.0,0.6361922082859497,0.7350025644577733,2.5160143130591677,0.11622048075068708,0,,False,being_overtaken,22,0.0,False,0.0,tier_b,B-10-06,BAS-BO-RE-07,206,basin,re,off
model,being_overtaken,9.322783768923756,1.5358173143953697,3.367055013572058,,False,,goal,False,False,40,104.76318369064442,-12.481308178903957,0,0,0,14,0,0.0,0.0,0.0,3.0818044886182605,0.0,0.6233715671374687,0.8303189564345085,1.7971349570452506,0.10108631112342226,0,,False,being_overtaken,22,0.0,False,0.0,tier_b,B-10-07,BAS-BO-RE-08,207,basin,re,off
model,being_overtaken,9.201314005451428,1.9971843329164898,9.00989998728025,,False,,goal,False,False,40,112.16976790685797,-9.035725954361313,0,0,0,10,0,0.0,0.0,0.0,2.231043445521312,0.0,0.6033880940519578,0.7908031084609799,1.8598919616247276,0.18509029061069684,0,,False,being_overtaken,21,0.0,False,0.0,tier_b,B-10-08,BAS-BO-RE-09,208,basin,re,off
model,being_overtaken,9.20072806159274,1.54947173218287,4.609127711992633,,False,,goal,False,False,38,102.60103266587714,-31.310781387433238,0,0,0,20,0,0.0,0.0,0.0,7.731057132699563,0.0,0.6324814366878687,0.7487740669835591,2.4306949032224927,0.19135085965875512,0,,False,being_overtaken,26,0.0,False,0.0,tier_b,B-10-09,BAS-BO-RE-10,209,basin,re,off
model,being_overtaken,9.21645897876405,1.9690709051734863,1.176519119898927,,False,,goal,False,False,40,117.55372246975278,-9.53418376094491,0,0,0,11,0,0.0,0.0,0.0,2.354119447146891,0.0,0.6027311904073049,0.7691513785517298,1.837385896383702,0.19558539464985306,0,,False,being_overtaken,25,0.0,False,0.0,tier_b,B-10-10,BAS-BO-RE-11,210,basin,re,off
model,being_overtaken,9.306207621915819,1.954788173821367,9.561566394234376,,False,,goal,False,False,43,8.8498780273882,-15.561961379008082,0,0,0,9,0,0.0,0.0,0.0,3.842459599755082,0.0,0.5790840996216599,0.8028687474415334,1.6361640555902726,0.6316337855888706,0,,False,being_overtaken,22,0.0,False,0.0,tier_b,B-10-11,BAS-BO-RE-12,211,basin,re,off
model,being_overtaken,9.201269707763343,1.7772566114764492,-9.49576632141824,,False,,goal,False,False,44,-21.597611734202502,-55.695294965619176,0,0,0,13,0,0.0,0.0,0.0,13.751924682868934,0.0,0.5631632214715298,0.7753571399564066,1.8198146513802518,0.7846952850873774,0,,False,being_overtaken,27,0.0,False,0.0,tier_b,B-10-12,BAS-BO-RE-13,212,basin,re,off
model,being_overtaken,9.20007231710936,1.5173470694376623,-5.727268467660743,,False,,goal,False,False,39,118.64308941715545,-12.459461660359954,0,0,0,8,0,0.0,0.0,0.0,3.0764102865086307,0.0,0.6153835076003036,0.7213651313735259,2.068159913005841,0.30666168618581896,0,,False,being_overtaken,16,0.0,False,0.0,tier_b,B-10-13,BAS-BO-RE-14,213,basin,re,off
model,being_overtaken,9.205150564445342,1.294253026574379,2.488002109063279,,False,,goal,False,False,44,122.76698845150598,-7.492779163373147,0,0,0,8,0,0.0,0.0,0.0,1.8500689292279375,0.0,0.5445875399127775,0.6363700330600698,1.4348309449639043,0.22704983682546243,0,,False,being_overtaken,18,0.0,False,0.0,tier_b,B-10-14,BAS-BO-RE-15,214,basin,re,off
model,being_overtaken,9.313661266320532,1.7903252631685758,-5.8123145075739835,,False,,collision:target,True,True,22,-310.8616683126371,-24.590164510053654,0,0,0,10,0,0.0,0.0,0.0,6.071645558037939,0.0,0.5078608403276331,0.5843607536324431,1.438767830512599,0.2357388069366754,0,,False,being_overtaken,21,0.0,False,0.0,tier_b,B-10-15,BAS-BO-RE-16,215,basin,re,off
model,being_overtaken,9.326073276028978,1.2655496033418419,2.743333719372105,,False,,goal,False,False,40,28.692361390794716,-13.448115509189568,0,0,0,6,0,0.0,0.0,0.0,3.320522347948042,0.0,0.6119133338997325,0.7361186909480274,2.336497693022982,0.6687051622189802,0,,False,being_overtaken,15,0.0,False,0.0,tier_b,B-10-16,BAS-BO-RE-17,216,basin,re,off
model,being_overtaken,9.205824497383704,1.8152384603032226,0.838151042915797,,False,,goal,False,False,38,108.66340667019136,-16.474612482803742,0,0,0,11,0,0.0,0.0,0.0,4.067805551309566,0.0,0.6426648510084938,0.7781763403180229,2.1334185718446013,0.11761934514297966,0,,False,being_overtaken,19,0.0,False,0.0,tier_b,B-10-17,BAS-BO-RE-18,217,basin,re,off
model,being_overtaken,9.20054983344852,1.5415350386735858,5.016089318996162,,False,,goal,False,False,41,109.86423748293605,-20.837360367220956,0,0,0,15,0,0.0,0.0,0.0,5.145027251165668,0.0,0.5932478716512637,0.7549214314950728,1.667941998208544,0.18147353178901018,0,,False,being_overtaken,24,0.0,False,0.0,tier_b,B-10-18,BAS-BO-RE-19,218,basin,re,off
model,being_overtaken,9.207597434000661,1.8315257360462056,-4.576958939054121,,False,,goal,False,False,37,24.7915709831657,-91.65458428781685,0,0,0,25,0,0.0,0.0,0.0,23.953316062993615,0.0,0.6526366031791042,0.8468487891686919,2.1866252447997754,0.33432578795119605,0,,False,being_overtaken,30,0.0,False,0.0,tier_b,B-10-19,BAS-BO-RE-20,219,basin,re,off
model,being_overtaken,9.236527995337298,1.1519614688414712,-2.2195555121721178,,False,,collision:obstacle,True,False,15,-359.0615846849159,-19.355706176236232,0,0,0,8,0,0.0,0.0,0.0,4.7791867101817855,0.0,0.40385838158883886,0.5427718880130418,2.3263174144426992,0.14734590660625377,0,,False,being_overtaken,14,0.0,False,0.0,tier_b,B-11-00,BAS-BO-NC-01,220,basin,nc,off
model,being_overtaken,9.23433805559084,1.622927630240563,-4.373363126865904,,False,,goal,False,False,42,93.12567880706486,-41.285083098427094,0,0,0,18,0,0.0,0.0,0.0,10.193847678623973,0.0,0.5746279461982908,0.7115350272023302,1.61595563423223,0.0929436326144639,0,,False,being_overtaken,30,0.0,False,0.0,tier_b,B-11-01,BAS-BO-NC-02,221,basin,nc,off
model,being_overtaken,9.201707197154533,1.4145163420230074,-5.7891424804659275,,False,,collision:target,True,True,29,-315.1609592525281,-27.38164618977563,0,0,0,13,0,0.0,0.0,0.0,6.76090029377176,0.0,0.48419304896730664,0.5467656791000208,1.2303472276444467,0.28665489510218073,0,,False,being_overtaken,28,0.0,False,0.0,tier_b,B-11-02,BAS-BO-NC-03,222,basin,nc,off
model,being_overtaken,9.322281665781562,1.755871175235038,1.8276934949897257,,False,,goal,False,False,43,124.8182313351814,-8.12280017434142,0,0,0,7,0,0.0,0.0,0.0,2.0056296726768936,0.0,0.5789275045302867,0.6834180943498598,1.6586068644392489,0.32897635474011716,0,,False,being_overtaken,18,0.0,False,0.0,tier_b,B-11-03,BAS-BO-NC-04,223,basin,nc,off
model,being_overtaken,9.233130278985481,1.5192526816727558,3.4855574671074336,,False,,goal,False,False,44,116.71717560260143,-13.143515295373133,0,0,0,6,0,0.0,0.0,0.0,3.2453124186106495,0.0,0.5514218542783973,0.6624774411330929,1.3120817391159787,0.27151811069074766,0,,False,being_overtaken,19,0.0,False,0.0,tier_b,B-11-04,BAS-BO-NC-05,224,basin,nc,off
model,being_overtaken,9.328713025918816,1.700483358405682,7.3105569812825415,,False,,goal,False,False,59,72.50853004519571,-27.887079834516488,0,0,0,14,0,0.0,0.0,0.0,6.885698724571972,0.0,0.4143841137077634,0.5503026576559817,1.0373544148633878,0.5045072143088525,0,,False,being_overtaken,24,0.0,False,0.0,tier_b,B-11-05,BAS-BO-NC-06,225,basin,nc,off
model,being_overtaken,9.452026588751458,1.680421345776952,-8.856849843423404,,False,,goal,False,False,43,109.35351501212439,-20.138804658876644,0,0,0,10,0,0.0,0.0,0.0,4.972544360216455,0.0,0.5829536722186937,0.7091554193801088,1.8872121611677626,0.5964654451059751,0,,False,being_overtaken,18,0.0,False,0.0,tier_b,B-11-06,BAS-BO-NC-07,226,basin,nc,off
model,being_overtaken,9.202024764188364,1.56702171598217,7.263154250248537,,False,,goal,False,False,41,98.59955286132133,-32.130323408238255,0,0,0,11,0,0.0,0.0,0.0,7.933413187219322,0.0,0.5850921501473968,0.6751300074443273,1.929006822265491,0.3742579848233989,0,,False,being_overtaken,23,0.0,False,0.0,tier_b,B-11-07,BAS-BO-NC-08,227,basin,nc,off
model,being_overtaken,9.205580976620242,1.9692399546351242,8.024768894352754,,False,,goal,False,False,38,102.3287987655444,-20.480644739805587,0,0,0,17,0,0.0,0.0,0.0,5.056949318470516,0.0,0.6379449826214457,0.7321289910492509,2.7396636464782684,0.841564778117183,0,,False,being_overtaken,23,0.0,False,0.0,tier_b,B-11-08,BAS-BO-NC-09,228,basin,nc,off
model,being_overtaken,9.316795130165278,1.714406399088104,-3.4209535335938774,,False,,goal,False,False,41,117.32516731152548,-7.501240260731979,0,0,0,10,0,0.0,0.0,0.0,1.8521580890696243,0.0,0.6039381620333606,0.7180192613823894,1.7382691389360527,0.2556586404179192,0,,False,being_overtaken,22,0.0,False,0.0,tier_b,B-11-09,BAS-BO-NC-10,229,basin,nc,off
model,being_overtaken,9.200443326565946,1.457454310852382,-0.08477589960005005,,False,,goal,False,False,43,112.92193138193213,-14.906440908670593,0,0,0,7,0,0.0,0.0,0.0,3.6806026934989116,0.0,0.5639751972380603,0.6887588665909751,1.636533632949995,0.29010606543293005,0,,False,being_overtaken,17,0.0,False,0.0,tier_b,B-11-10,BAS-BO-NC-11,230,basin,nc,off
model,being_overtaken,9.206488158792665,1.249139189269402,-1.8360824900204662,,False,,goal,False,False,50,108.73507553699477,-13.45503388273114,0,0,0,5,0,0.0,0.0,0.0,3.3222305883286762,0.0,0.4905610982769032,0.6394364229192449,1.181668285472268,0.19599601906683023,0,,False,being_overtaken,21,0.0,False,0.0,tier_b,B-11-11,BAS-BO-NC-12,231,basin,nc,off
model,being_overtaken,9.201817379891112,1.5868221001976754,-6.447278365339926,,False,,goal,False,False,42,95.36616501426025,-36.43372282097647,0,0,0,17,0,0.0,0.0,0.0,9.507594164527365,0.0,0.5726669552218336,0.704431159207955,1.6931645874107537,0.12682903838525902,0,,False,being_overtaken,27,0.0,False,0.0,tier_b,B-11-12,BAS-BO-NC-13,232,basin,nc,off
model,being_overtaken,9.265928733697365,1.9149018015905381,7.536306606785324,,False,,goal,False,False,41,97.70164568763818,-20.58262435821488,0,0,0,9,0,0.0,0.0,0.0,5.082129471164168,0.0,0.5973775265744229,0.7639759752143219,1.602525616524228,0.14292095976021807,0,,False,being_overtaken,19,0.0,False,0.0,tier_b,B-11-13,BAS-BO-NC-14,233,basin,nc,off
model,being_overtaken,9.207812378871468,1.6182907081800413,-6.38840641167887,,False,,goal,False,False,42,109.03137549364337,-19.507753911261062,0,0,0,11,0,0.0,0.0,0.0,4.8167293608051995,0.0,0.581506973974106,0.719589965630521,1.7807397989697853,0.34769867987825953,0,,False,being_overtaken,21,0.0,False,0.0,tier_b,B-11-14,BAS-BO-NC-15,234,basin,nc,off
model,being_overtaken,9.211086699764161,1.9390273205707047,-4.564300457657893,,False,,goal,False,False,54,64.57381397472923,-11.531228047140036,0,0,0,6,0,0.0,0.0,0.0,2.847216801762972,0.0,0.4531721699490315,0.5459919210840096,1.4293472796526787,0.3739364739644055,0,,False,being_overtaken,17,0.0,False,0.0,tier_b,B-11-15,BAS-BO-NC-16,235,basin,nc,off
model,being_overtaken,9.221168572677229,1.4296023952972596,5.560865880555664,,False,,goal,False,False,55,84.37381474709156,-21.957920574593125,0,0,0,8,0,0.0,0.0,0.0,5.421708783850153,0.0,0.43587124852473974,0.5869878226353116,1.0565769334866315,0.1987115788996174,0,,False,being_overtaken,21,0.0,False,0.0,tier_b,B-11-16,BAS-BO-NC-17,236,basin,nc,off
model,being_overtaken,9.414002768205252,1.9348715131238956,-1.7154115817046645,,False,,goal,False,False,38,81.4366409013986,-31.78748373971301,0,0,0,18,0,0.0,0.0,0.0,7.848761417213088,0.0,0.6576223009881452,0.8714853587687231,2.4592923037724286,0.4082220681101625,0,,False,being_overtaken,29,0.0,False,0.0,tier_b,B-11-17,BAS-BO-NC-18,237,basin,nc,off
model,being_overtaken,9.238161656216223,1.8510050629498667,-9.690422423163461,,False,,goal,False,False,44,124.30734922388127,-5.2251721450125235,0,0,0,4,0,0.0,0.0,0.0,1.2901659617314873,0.0,0.547742581690954,0.6318363360343129,1.825424765825032,0.37533978843966503,0,,False,being_overtaken,17,0.0,False,0.0,tier_b,B-11-18,BAS-BO-NC-19,238,basin,nc,off
model,being_overtaken,9.203283790009097,1.976876814721316,4.232526013512521,,False,,goal,False,False,39,111.69872365202006,-8.45268708122489,0,0,0,11,0,0.0,0.0,0.0,2.0870832299320714,0.0,0.6252168808854542,0.8354979531446002,1.7211803304387634,0.15777211755292178,0,,False,being_overtaken,23,0.0,False,0.0,tier_b,B-11-19,BAS-BO-NC-20,239,basin,nc,off
model,null,9.30488348176209,9.029598896143826,4.158090470612009,,,,goal,False,False,74,34.6248349639491,0.0,0,0,0,0,0,0.0,0.0,0.0,0.0,0.0,0.5285059881796473,0.6310204712957329,9.03941272159307,1.8105176766759619,0,,False,never,0,0.0,False,0.0,tier_b,B-12-00,BAS-NU-CV-01,240,basin,cv,off
model,null,9.201207339727501,12.460169344808639,8.413048248032709,,,,goal,False,False,67,55.26191978814945,0.0,0,0,0,0,0,0.0,0.0,0.0,0.0,0.0,0.5886607465283125,0.7699115798827396,12.173823079507265,1.698551630068236,0,,False,never,0,0.0,False,0.0,tier_b,B-12-01,BAS-NU-CV-02,241,basin,cv,off
model,null,9.240832309787862,8.327858718555156,-8.618871375233892,,,,goal,False,False,59,92.4560740432349,-42.37749950167293,24,6,11,0,0,6.242972493748805,0.7591367790497995,2.14362738925551,0.0,0.0,0.6492155028244161,0.7513649292239495,3.8893999181429426,0.16726505338071262,0,,False,overtaking,26,0.0,False,0.0,tier_b,B-12-02,BAS-NU-CV-03,242,basin,cv,off
model,null,9.209613430807394,0.40903770566682673,-4.006128619525182,,,,goal,False,False,62,151.9340968967627,0.0,0,0,0,0,0,0.0,0.0,0.0,0.0,0.0,0.6134680833135416,0.6615961448646295,7.624604140297754,0.09345762783321444,0,,False,never,0,0.0,False,0.0,tier_b,B-12-03,BAS-NU-CV-04,243,basin,cv,off
model,null,9.222222692405213,6.427816235372899,4.135813535926339,,,,goal,False,False,60,134.65944164413943,0.0,0,0,0,0,0,0.0,0.0,0.0,0.0,0.0,0.6310843595052301,0.6771503564696757,6.561900171966061,0.4698487560830562,0,,False,never,0,0.0,False,0.0,tier_b,B-12-04,BAS-NU-CV-05,244,basin,cv,off
model,null,9.207109273635014,8.286866095533389,-6.539628900567138,,,,goal,False,False,72,33.8726003361557,0.0,0,0,0,0,0,0.0,0.0,0.0,0.0,0.0,0.5531560097996243,0.6757846543959137,8.463890850248962,1.7017300739984063,0,,False,never,0,0.0,False,0.0,tier_b,B-12-05,BAS-NU-CV-06,245,basin,cv,off
model,null,9.211675845089818,0.5917051485899124,-0.737576121396458,,,,goal,False,False,71,48.766297662522696,0.0,0,0,0,0,0,0.0,0.0,0.0,0.0,0.0,0.553721230385213,0.7030256521370168,8.684582468461366,1.4221563010991507,0,,False,never,0,0.0,False,0.0,tier_b,B-12-06,BAS-NU-CV-07,246,basin,cv,off
model,null,9.216234127179748,5.343295000181682,-0.17925530452670024,,,,collision:obstacle,True,False,17,-341.9182470975636,0.0,0,0,0,0,0,0.0,0.0,0.0,0.0,0.0,0.42519703826680594,0.5441154050939375,8.084794416430976,0.1970297580126366,0,,False,never,0,0.0,False,0.0,tier_b,B-12-07,BAS-NU-CV-08,247,basin,cv,off
model,null,9.247723476290856,8.897409741494434,-9.370052266913786,,,,goal,False,False,66,84.56852872378181,0.0,0,0,0,0,0,0.0,0.0,0.0,0.0,0.0,0.5894165402483575,0.6911907559788576,8.679377269233482,1.0195795129207592,0,,False,never,0,0.0,False,0.0,tier_b,B-12-08,BAS-NU-CV-09,248,basin,cv,off
model,null,9.202798325012864,6.174447797492404,1.5770474796407985,,,,goal,False,False,55,126.4359189401676,0.0,0,0,0,0,0,0.0,0.0,0.0,0.0,0.0,0.6902664909736616,0.7428499021488376,6.039419151642309,0.22276806684710246,0,,False,never,0,0.0,False,0.0,tier_b,B-12-09,BAS-NU-CV-10,249,basin,cv,off
model,null,9.245421973273926,3.218655129061905,4.109816038650964,,,,goal,False,False,60,127.91777885917764,-13.890484165349793,7,0,9,0,0,0.813060105233645,0.0,2.7405101790120145,0.0,0.0,0.6401483431052811,0.7295799497051028,5.576120009143986,0.1470397568138014,0,,False,overtaking,20,0.0,False,0.0,tier_b,B-12-10,BAS-NU-CV-11,250,basin,cv,off
model,null,9.364386760114982,6.942946008668546,3.3036720105717627,,,,goal,False,False,61,91.10058465909856,0.0,0,0,0,0,0,0.0,0.0,0.0,0.0,0.0,0.6386455977031731,0.7256424578506855,9.184258337993132,1.1203774022940038,0,,False,never,0,0.0,False,0.0,tier_b,B-12-11,BAS-NU-CV-12,251,basin,cv,off
model,null,9.42218824429176,3.2108681814983844,-0.048693184906657194,,,,goal,False,False,66,108.54080105305408,-36.525481835152604,23,3,11,0,0,5.039637317038146,0.08353260632978193,3.1016085318003794,0.0,0.0,0.5902916610276707,0.6842908122675764,3.8612580001815986,0.15639946091673929,0,,False,overtaking,31,0.0,False,0.0,tier_b,B-12-12,BAS-NU-CV-13,252,basin,cv,off
model,null,9.211658850794736,9.995008443511558,-5.20652939404465,,,,goal,False,False,62,96.11792241354851,0.0,0,0,0,0,0,0.0,0.0,0.0,0.0,0.0,0.617602218530983,0.7674539757684331,9.401845460078011,1.0027598759283207,0,,False,never,0,0.0,False,0.0,tier_b,B-12-13,BAS-NU-CV-14,253,basin,cv,off
model,null,9.23773615674578,3.081336877306396,-4.5449172070392745,,,,goal,False,False,64,90.5162298160027,0.0,0,0,0,0,0,0.0,0.0,0.0,0.0,0.0,0.6026784252122551,0.7236126007135757,8.357554679462787,1.1047048427237398,0,,False,never,0,0.0,False,0.0,tier_b,B-12-14,BAS-NU-CV-15,254,basin,cv,off
model,null,9.201136240571582,4.313634398625434,-0.0067703474592111235,,,,goal,False,False,63,63.92119142874835,0.0,0,0,0,0,0,0.0,0.0,0.0,0.0,0.0,0.6161835175930253,0.708576403167096,8.916800415105161,0.9895069487859148,0,,False,never,0,0.0,False,0.0,tier_b,B-12-15,BAS-NU-CV-16,255,basin,cv,off
model,null,9.225547056701245,2.858630262586399,-5.1636294285445095,,,,goal,False,False,54,115.66578406285755,-0.8814117375657082,4,0,1,0,0,0.09107338682288714,0.0,0.11961068688678245,0.0,0.0,0.7042571206214499,0.7965594790314202,5.580884229820433,0.1540239037749914,0,,False,overtaking,4,0.0,False,0.0,tier_b,B-12-16,BAS-NU-CV-17,256,basin,cv,off
model,null,9.376183095992205,9.235585421155367,-5.118675898826918,,,,goal,False,False,66,65.43354633050285,0.0,0,0,0,0,0,0.0,0.0,0.0,0.0,0.0,0.5943076653661142,0.7838532684408519,7.964099251775325,0.8938605846438774,0,,False,never,0,0.0,False,0.0,tier_b,B-12-17,BAS-NU-CV-18,257,basin,cv,off
model,null,9.230167988731292,8.505493054128213,9.616393634029187,,,,goal,False,False,65,72.31777694526427,0.0,0,0,0,0,0,0.0,0.0,0.0,0.0,0.0,0.5976734434167095,0.7561367631985486,8.162506857732838,0.9526121649278932,0,,False,never,0,0.0,False,0.0,tier_b,B-12-18,BAS-NU-CV-19,258,basin,cv,off
model,null,9.201400279328713,4.479439535546382,-7.028370133961028,,,,goal,False,False,65,88.98477945627741,-10.97889623055449,10,0,11,0,0,0.7191396880161478,0.0,2.060876326354044,0.0,0.0,0.590413569625206,0.7080186719750767,5.502490451571879,1.3403224037136128,0,,False,overtaking,19,0.0,False,0.0,tier_b,B-12-19,BAS-NU-CV-20,259,basin,cv,off
model,head_on,10.0,0.00931436728676327,172.92164482322224,,,,collision:target,True,True,29,-323.4182723721942,-10.72456388862469,0,0,13,0,7,0.0,0.0,1.4971456806433534,0.0,1.185519875179693,0.4002411941422319,0.556451687830276,1.3054504445344295,0.21172156946056964,0,,False,head_on,25,0.0,False,0.0,tier_b,B-13-00,CH-HO-CV-01,260,channel,cv,off
model,head_on,10.059171772780646,0.3752576619067185,184.77878356541342,,,,goal,False,False,71,52.29863993313201,-4.6359300555163125,1,2,0,0,3,0.09247006037177138,0.14522718225280332,0.0,0.0,0.7687397121165929,0.5472049034875027,0.7765276371479165,1.7338575626558255,1.6724873395176398,0,,False,crossing,10,0.0,False,0.0,tier_b,B-13-01,CH-HO-CV-02,261,channel,cv,off
model,head_on,9.999834710447196,1.3278886192114847,171.2735525454521,,,,goal,False,False,67,106.46915646837981,-34.563389863532386,16,0,0,0,15,2.2137854796624823,0.0,0.0,0.0,5.2455892753784665,0.5648756849724798,0.658944136217639,1.5321046763592923,0.28393129647469995,0,,False,crossing,16,1.0,True,0.0,tier_b,B-13-02,CH-HO-CV-03,262,channel,cv,off
model,head_on,10.545877491142406,1.1416032654645767,187.85806553712405,,,,goal,False,False,64,117.36385981727729,-2.699648254862526,6,1,0,0,3,0.30265983723804835,0.003215150606211751,0.0,0.0,0.26345934778520863,0.5960943587949145,0.7329781705066072,2.440578647108964,1.230839014228127,0,,False,crossing,7,0.0,False,0.0,tier_b,B-13-03,CH-HO-CV-04,263,channel,cv,off
model,head_on,9.77535647814006,1.6290956832097379,182.12356767063324,,,,goal,False,False,74,54.02216433942162,-29.53079751224011,16,0,0,0,3,5.00872909601971,0.0,0.0,0.0,1.0527974415427876,0.5087821787268455,0.7217676390393638,1.2279458999227928,0.27737354963525734,0,,False,crossing,23,0.0,False,0.0,tier_b,B-13-04,CH-HO-CV-05,264,channel,cv,off
model,head_on,10.425028738484688,1.7045079492164315,170.20835134101517,,,,collision:target,True,True,30,-331.16669404664174,-19.90267588732699,0,0,21,0,2,0.0,0.0,5.250719832386281,0.0,0.22224099794141722,0.43769988990401704,0.5502784421088281,1.2195348150552436,0.38728775377125074,0,,False,head_on,23,0.0,False,0.0,tier_b,B-13-05,CH-HO-CV-06,265,channel,cv,off
model,head_on,10.52627095569866,1.0043922090426631,188.73896204479345,,,,goal,False,False,65,66.69165155010349,-79.50720892927309,16,0,29,0,26,4.69619673263825,0.0,9.344916511533317,0.0,5.02651903582085,0.5782730569692713,0.6733558011984537,1.6275073596256904,0.5671667034734446,0,,False,head_on,30,0.0,False,0.0,tier_b,B-13-06,CH-HO-CV-07,266,channel,cv,off
model,head_on,9.896845584859838,0.7789071391158584,177.23586641605198,,,,goal,False,False,63,83.49210940398069,-28.847218941903257,11,0,13,0,8,1.1985169742629607,0.0,4.5845475516227605,0.0,1.4244863852132579,0.6115406982976067,0.7552369164536973,1.8551089209995497,1.1394293274406715,0,,False,head_on,13,0.0,False,0.0,tier_b,B-13-07,CH-HO-CV-08,267,channel,cv,off
model,head_on,10.388198972718326,1.1385031740092308,183.54460886108745,,,,goal,False,False,64,136.7612810882215,-7.378427410290591,3,0,1,0,9,0.33123556768001144,0.0,0.12502244720432934,0.0,1.1752734534086549,0.5952288271465249,0.6644736147412146,1.987279859757107,0.7934427260787767,0,,False,head_on,25,0.0,False,0.0,tier_b,B-13-08,CH-HO-CV-09,268,channel,cv,off
model,head_on,9.999999999999998,0.13619639754887092,170.06855478210497,,,,collision:target,True,True,27,-325.88162188168906,-25.03421863664662,11,0,12,0,14,1.953927499637622,0.0,1.5788455883582857,0.0,2.15076297674457,0.45072500645824254,0.5658820674712968,1.8897812709923527,0.1220936706023197,0,,False,head_on,25,0.0,False,0.0,tier_b,B-13-09,CH-HO-CV-10,269,channel,cv,off
model,head_on,9.551854016998181,0.7728161262860731,179.09089019027329,,,,goal,False,False,66,136.72775399654688,-5.978100766047465,2,0,0,0,10,0.22949538961937926,0.0,0.0,0.0,1.0760219083181195,0.5777548528118482,0.6511392691915673,1.4012444075217991,0.5473983800147882,0,,False,head_on,26,0.0,False,0.0,tier_b,B-13-10,CH-HO-CV-11,270,channel,cv,off
model,head_on,9.999999999999998,1.1137334799026584,174.73030194178168,,,,goal,False,False,63,139.98780519237138,-4.464701065644574,3,0,0,0,6,0.20830739472911336,0.0,0.0,0.0,0.7630176581634364,0.5983863143445485,0.6595294147659153,1.9018987030105847,0.6245697865207936,0,,False,head_on,23,0.0,False,0.0,tier_b,B-13-11,CH-HO-CV-12,271,channel,cv,off
model,head_on,10.126272489585286,0.12605959202256845,188.6229728218304,,,,collision:target,True,True,31,-363.4615063128599,-68.1781431799163,13,0,20,0,20,5.45409914198496,0.0,3.3428515065624813,0.0,6.476908222992406,0.4764024431618194,0.598452676508682,1.0301267741777347,0.26567333302682455,0,,False,head_on,22,0.0,False,0.0,tier_b,B-13-12,CH-HO-CV-13,272,channel,cv,off
model,head_on,9.877943889469828,0.36515359016788373,172.88190679872173,,,,goal,False,False,68,42.034877157451525,-76.76433736335676,21,0,27,0,19,7.899622819436942,0.0,6.660039195695186,0.0,3.041125178364721,0.560306777011294,0.6877595085454716,1.3974638761652667,0.9193283114492252,0,,False,head_on,28,0.0,False,0.0,tier_b,B-13-13,CH-HO-CV-14,273,channel,cv,off
model,head_on,10.504926515687824,0.9878604659530814,182.72415701983988,,,,goal,False,False,62,85.77182023984562,-62.81259179438152,11,0,27,0,22,2.556207783985981,0.0,8.968326502967601,0.0,3.9718639673261227,0.6084863718193564,0.6926977673459543,1.9717994892214896,0.7592247246516212,0,,False,head_on,27,0.0,False,0.0,tier_b,B-13-14,CH-HO-CV-15,274,channel,cv,off
model,head_on,9.62927120424069,0.2137344018169236,176.57058070091435,,,,goal,False,False,72,112.01395472030032,-3.7170657152180673,4,0,2,0,6,0.26099416872860143,0.0,0.36458453630830356,0.0,0.2472533887336883,0.5244507331865711,0.6624000708806457,1.0434326955658184,0.7201865800948805,0,,False,head_on,33,0.0,False,0.0,tier_b,B-13-15,CH-HO-CV-16,275,channel,cv,off
model,head_on,10.0,0.7418034567997758,173.56514030665667,,,,goal,False,False,68,9.623756967517494,-91.4076577203368,18,0,26,0,21,7.718290143174265,0.0,8.004749041088331,0.0,5.418894436379151,0.5619950297994564,0.7511257872736125,1.7118053886493607,1.2490313563187867,0,,False,head_on,26,0.0,False,0.0,tier_b,B-13-16,CH-HO-CV-17,276,channel,cv,off
model,head_on,10.109883335322804,1.2897092942477535,189.37937031159942,,,,goal,False,False,106,-173.54183299112958,-5.2300497253089935,0,0,1,0,9,0.0,0.0,0.2425278345784699,0.0,0.9682110046281115,0.38856012212669383,0.5573514377118942,1.8813301083889384,2.0321363570454274,0,,False,head_on,28,0.0,False,0.0,tier_b,B-13-17,CH-HO-CV-18,277,channel,cv,off
model,head_on,9.61271260132656,1.5173877853956683,177.20450553536722,,,,collision:target,True,True,30,-330.8787308139651,-17.657239288082458,0,0,23,0,4,0.0,0.0,4.526861455177212,0.0,0.3023417887654437,0.41186807315442464,0.6114484664434955,1.7263733090414541,0.439621882309586,0,,False,head_on,27,0.0,False,0.0,tier_b,B-13-18,CH-HO-CV-19,278,channel,cv,off
model,head_on,10.2996986482426,1.9516769861004355,179.43432823982928,,,,collision:obstacle,True,False,50,-347.2478953452819,-10.400733212952778,13,0,0,0,12,0.9980787556630502,0.0,0.0,0.0,1.2133874160934843,0.4600988532340194,0.5717880293036213,2.296011298038521,0.3166780626638007,0,,False,crossing,25,1.0,True,0.0,tier_b,B-13-19,CH-HO-CV-20,279,channel,cv,off
model,head_on,9.89111560986647,1.6384062829391792,171.96719211754183,,,,goal,False,False,85,-180.93812812475295,-57.24029665515654,30,0,0,0,1,11.445798403867903,0.0,0.0,0.0,0.12968767911342766,0.4773500101851994,0.6045932290667193,2.6458109201952644,1.901585972402441,0,,False,crossing,30,1.0,True,0.0,tier_b,B-13-20,CH-HO-CV-21,280,channel,cv,off
model,head_on,9.837127223228219,0.2748247519765272,188.54068354434628,,,,collision:target,True,True,27,-326.33567102065604,-28.366616595336072,16,0,2,0,7,4.287765474403454,0.0,0.36190557269097184,0.0,1.2976260967447717,0.46431389173478194,0.557584965144229,1.832677491237548,0.08149958664038852,0,,False,head_on,23,0.0,False,0.0,tier_b,B-13-21,CH-HO-CV-22,281,channel,cv,off
model,head_on,9.85355141636039,0.19375345264545119,180.92240954271725,,,,goal,False,False,64,104.05092822407742,0.0,0,0,0,0,0,0.0,0.0,0.0,0.0,0.0,0.5963252945463864,0.7800451928846632,1.5154266551628113,1.2067198569660653,0,,False,never,0,0.0,False,0.0,tier_b,B-13-22,CH-HO-CV-23,282,channel,cv,off
model,head_on,10.09933284722603,0.20116091432609529,188.28305490068172,,,,collision:target,True,True,31,-327.2946893736942,-8.197785105424792,5,0,11,0,3,0.3465875902547912,0.0,1.2441931486581872,0.0,0.44512915522091184,0.38941485888522887,0.546452675017154,1.8608926923877347,0.049693330365353304,0,,False,head_on,25,0.0,False,0.0,tier_b,B-13-23,CH-HO-CV-24,283,channel,cv,off
model,head_on,10.0,0.7400140705542302,172.20417430658102,,,,timeout,False,False,180,-1953.9367329666088,-5.13453884353194,3,0,0,0,2,0.7812170745542013,0.0,0.0,0.0,0.28166984988636534,0.2514122772634495,0.5888975199026543,2.168776940031478,2.852531284830365,0,,False,head_on,29,0.0,False,0.0,tier_b,B-13-24,CH-HO-CV-25,284,channel,cv,off
model,head_on,10.0,1.5927217144314938,184.72977469551938,,,,goal,False,False,65,138.21881091676227,-7.248755149288443,4,0,2,0,9,0.5072183932436971,0.0,0.09253302154448637,0.0,0.9788678278159981,0.5851866627874007,0.6677899476335706,2.2697303271348264,0.622475303963313,0,,False,head_on,27,0.0,False,0.0,tier_b,B-13-25,CH-HO-CV-26,285,channel,cv,off
model,head_on,9.789901822105197,0.2400881395532386,170.4253347039182,,,,collision:target,True,True,32,-325.97329572968437,-13.587924649449725,0,0,14,0,11,0.0,0.0,1.5375805590744984,0.0,1.7894743637292285,0.405503929488489,0.5546001128048537,1.915290444157588,0.1642645989456409,0,,False,head_on,26,0.0,False,0.0,tier_b,B-13-26,CH-HO-CV-27,286,channel,cv,off
model,head_on,10.0,0.8134906703194231,175.65539839896894,,,,goal,False,False,68,132.45397945757188,-7.612888158280324,0,0,1,0,12,0.0,0.0,0.20142285995262943,0.0,1.5306146361001904,0.5548963264477605,0.6282546187350514,1.3479445511289636,0.4945090009523001,0,,False,head_on,25,0.0,False,0.0,tier_b,B-13-27,CH-HO-CV-28,287,channel,cv,off
model,head_on,10.462255750274254,0.3014580077584983,180.68642085318183,,,,collision:target,True,True,27,-329.25187392533843,-22.488474017081792,12,0,12,0,12,2.1087347922217723,0.0,0.797246015331814,0.0,2.0400335867532187,0.4139593943866057,0.5655025326430301,1.9074892424898773,0.1054669870015374,0,,False,head_on,25,0.0,False,0.0,tier_b,B-13-28,CH-HO-CV-29,288,channel,cv,off
model,head_on,9.999999999999996,1.3320291380067846,174.4490556432284,,,,goal,False,False,63,147.35205323828464,-5.65567354236366,3,0,0,0,8,0.1852532849004085,0.0,0.0,0.0,1.0530377293570308,0.6022972519701613,0.6551497246849584,1.8580894528149448,0.44192708553889454,0,,False,head_on,21,0.0,False,0.0,tier_b,B-13-29,CH-HO-CV-30,289,channel,cv,off
model,head_on,9.999999999999998,0.6746939338467137,185.0025258364978,,,,collision:target,True,True,30,-322.76466654401133,-10.688127863430774,2,0,18,0,5,0.20631679308134748,0.0,2.3792786259201093,0.0,0.24476815208126895,0.4051164299746702,0.5943044566875388,1.8191805749522345,0.29564095891432823,0,,False,head_on,28,0.0,False,0.0,tier_b,B-13-30,CH-HO-CV-31,290,channel,cv,off
model,head_on,9.547642063916367,1.5093082280190078,186.7506885289399,,,,goal,False,False,65,140.033630585775,-4.029949100479912,5,0,0,0,3,0.5174664634290458,0.0,0.0,0.0,0.3263311347791412,0.5812113114213396,0.6386870642163573,2.5274185133686644,0.7975943956068247,0,,False,head_on,26,0.0,False,0.0,tier_b,B-13-31,CH-HO-CV-32,291,channel,cv,off
model,head_on,9.999999999999998,0.3925217837318935,179.52163418133634,,,,goal,False,False,72,116.48718209666566,-7.124758136400677,4,0,7,0,5,0.1966725341782956,0.0,1.2643291089762767,0.0,0.35547651108967093,0.5239058431153274,0.6573849291686908,1.0036089662988221,0.6155099367443898,0,,False,head_on,35,0.0,False,0.0,tier_b,B-13-32,CH-HO-CV-33,292,channel,cv,off
model,head_on,9.774707882484764,1.3540380074461649,180.3743100833089,,,,goal,False,False,60,73.75590682881136,-63.41867872593154,16,0,23,0,19,4.040301217650387,0.0,7.825937273334364,0.0,3.387958558790759,0.6342999388060921,0.7438625088422463,2.083801494449496,0.6512143720301804,0,,False,head_on,23,0.0,False,0.0,tier_b,B-13-33,CH-HO-CV-34,293,channel,cv,off
model,head_on,10.0,0.876284124632446,186.91956713463986,,,,goal,False,False,67,117.01542463424062,-2.069184638133145,0,0,0,0,5,0.0,0.0,0.0,0.0,0.45981880847403217,0.5691398693290177,0.6528162563165689,2.0935160424294375,1.1819160200174212,0,,False,head_on,28,0.0,False,0.0,tier_b,B-13-34,CH-HO-CV-35,294,channel,cv,off
model,head_on,9.491601909284594,1.0382416325745052,173.87567957681418,,,,goal,False,False,64,58.958503365651524,-78.90437944421983,17,0,27,0,19,7.352300285812072,0.0,8.102749958784234,0.0,2.964576261739295,0.5909169802480306,0.6896454275505193,1.743978234570791,0.6972453845431305,0,,False,head_on,27,0.0,False,0.0,tier_b,B-13-35,CH-HO-CV-36,295,channel,cv,off
model,head_on,9.973604016721348,1.761164281720695,178.39576664146148,,,,goal,False,False,72,68.41602678729048,-2.8360713290592474,5,0,0,0,7,0.36713031726245804,0.0,0.0,0.0,0.22639472413557335,0.5649232176395967,0.6621481304232861,3.1529570342069366,1.917126335868532,0,,False,head_on,23,0.0,False,0.0,tier_b,B-13-36,CH-HO-CV-37,296,channel,cv,off
model,head_on,9.796912371246348,1.004260110081722,181.09123305597177,,,,goal,False,False,64,53.4197696953385,-86.52436805685791,19,0,26,0,27,5.206095455080652,0.0,7.727091417016431,0.0,7.319259211766562,0.5906298538274546,0.6746665075519418,1.70626379575455,0.6898134663771379,0,,False,head_on,27,0.0,False,0.0,tier_b,B-13-37,CH-HO-CV-38,297,channel,cv,off
model,head_on,9.990024249615487,1.2013282168345578,180.4566840550633,,,,goal,False,False,65,139.76852699495322,-4.5484318584451255,4,0,1,0,5,0.16657260261894483,0.0,0.1583801466239376,0.0,0.7008286550300384,0.5839677443463179,0.6671221819714175,1.7384319459260422,0.5435619812887938,0,,False,head_on,27,0.0,False,0.0,tier_b,B-13-38,CH-HO-CV-39,298,channel,cv,off
model,head_on,10.804289047760962,1.0412140617679497,188.79270201393527,,,,goal,False,False,65,63.80240741917043,-79.74327560239445,17,0,26,0,25,4.852138362030816,0.0,7.664585414643607,0.0,6.251707381694424,0.5846406350412803,0.6732124157017864,1.5717692219144352,0.6298088510885443,0,,False,head_on,26,0.0,False,0.0,tier_b,B-13-39,CH-HO-CV-40,299,channel,cv,off
model,head_on,10.257880475562652,0.4451395945221037,181.3728520836446,,,,goal,False,False,62,118.09451774972138,0.0,0,0,0,0,0,0.0,0.0,0.0,0.0,0.0,0.622888853982435,0.704660015458028,1.9720688676822011,1.106246221432728,0,,False,never,0,0.0,False,0.0,tier_b,B-14-00,CH-HO-RE-01,300,channel,re,off
model,head_on,10.0,1.557619163836761,186.13833543030512,,,,goal,False,False,64,137.75290622958906,-5.498220131118265,5,0,2,0,6,0.4248519658340182,0.0,0.48664155325553365,0.0,0.3651762907822118,0.5868747037589357,0.6898003551887372,1.8174316697545216,0.266295868992731,0,,False,head_on,13,0.0,False,0.0,tier_b,B-14-01,CH-HO-RE-02,301,channel,re,off
model,head_on,10.41632148925824,0.8560836946954598,187.63388114081306,,,,goal,False,False,71,84.60289175927211,-9.858589022143624,0,0,0,0,13,0.0,0.0,0.0,0.0,2.190797560476361,0.5454227656739478,0.6763091466680102,1.7681845233581799,1.4440143356540955,0,,False,head_on,22,0.0,False,0.0,tier_b,B-14-02,CH-HO-RE-03,302,channel,re,off
model,head_on,9.880631990256514,1.90952125055403,172.86253639642985,,,,goal,False,False,68,82.95068554723812,-8.342049555285234,2,0,0,0,7,0.1395356913444616,0.0,0.0,0.0,1.7002995295844776,0.5571092341145387,0.7228551835475558,1.7630026061195203,0.7815009078255352,0,,False,crossing,9,1.0,True,0.0,tier_b,B-14-03,CH-HO-RE-04,303,channel,re,off
model,head_on,9.999999999999998,1.9480692299567948,176.1474985629072,,,,goal,False,False,67,103.91507878679944,-6.372165399094675,8,0,0,0,3,0.5916340921257268,0.0,0.0,0.0,0.7652392540160726,0.5720655823109988,0.7236224475822319,1.830540658633739,0.8918176220510133,0,,False,crossing,13,1.0,True,0.0,tier_b,B-14-04,CH-HO-RE-05,304,channel,re,off
model,head_on,10.0,0.871152846557109,181.4597367699919,,,,goal,False,False,64,141.4173382887188,-0.7560478353186658,1,0,0,0,3,0.0456982179735491,0.0,0.0,0.0,0.11774259029991062,0.591768089043937,0.6596766293392033,2.0629316576545214,0.6967358868582876,0,,False,head_on,27,0.0,False,0.0,tier_b,B-14-05,CH-HO-RE-06,305,channel,re,off
model,head_on,10.025609414801274,1.2814564500724512,172.96623103734285,,,,goal,False,False,64,93.13338735199947,0.0,0,0,0,0,0,0.0,0.0,0.0,0.0,0.0,0.5985032906195484,0.6984866967646632,1.8613233652191146,1.0506630090572955,0,,False,never,0,0.0,False,0.0,tier_b,B-14-06,CH-HO-RE-07,306,channel,re,off
model,head_on,11.160688080313045,0.30322402551173044,189.35852085396937,,,,goal,False,False,65,47.8302880581071,0.0,0,0,0,0,0,0.0,0.0,0.0,0.0,0.0,0.5911030896510969,0.7532853241006556,2.28938747585929,1.4801613260559583,0,,False,never,0,0.0,False,0.0,tier_b,B-14-07,CH-HO-RE-08,307,channel,re,off
model,head_on,9.777982774231418,1.6634387974833196,175.3500319148207,,,,goal,False,False,61,149.13906591911146,0.0,0,0,0,0,0,0.0,0.0,0.0,0.0,0.0,0.6159956575878073,0.6974300373751763,1.75347883447854,0.31366469115539175,0,,False,never,0,0.0,False,0.0,tier_b,B-14-08,CH-HO-RE-09,308,channel,re,off
model,head_on,9.471808645160198,0.09528080616839074,189.52258483651062,,,,goal,False,False,64,147.79461141197925,0.0,0,0,0,0,0,0.0,0.0,0.0,0.0,0.0,0.5864500582843847,0.6691548315305217,1.82997810528797,0.41084716476876515,0,,False,never,0,0.0,False,0.0,tier_b,B-14-09,CH-HO-RE-10,309,channel,re,off
model,head_on,10.245852635614288,1.4075018825986154,189.3811274125535,,,,goal,False,False,63,150.15023543962943,-0.6363063471285607,1,0,0,0,2,0.03489087858238459,0.0,0.0,0.0,0.10302144403239044,0.6050595895248051,0.6632235210328324,2.326079501302457,0.5401838411766062,0,,False,head_on,24,0.0,False,0.0,tier_b,B-14-10,CH-HO-RE-11,310,channel,re,off
model,head_on,10.823093308848131,0.07940764643276266,179.28594556903266,,,,goal,False,False,62,151.6893237792039,0.0,0,0,0,0,0,0.0,0.0,0.0,0.0,0.0,0.6085294907633331,0.6846165158507683,1.7687866914680546,0.20560736221346596,0,,False,never,0,0.0,False,0.0,tier_b,B-14-11,CH-HO-RE-12,311,channel,re,off
model,head_on,9.781964341834259,1.9394827565656019,170.7891224573258,,,,goal,False,False,64,113.74040511579898,-7.61731018200874,4,0,0,0,3,0.8322663676974289,0.0,0.0,0.0,0.7772425915347702,0.6035408299657159,0.67890347153866,1.8788655589342722,1.2668622558884104,0,,False,head_on,23,0.0,False,0.0,tier_b,B-14-12,CH-HO-RE-13,312,channel,re,off
model,head_on,11.062416515045763,0.9176201637484456,179.05531621172736,,,,goal,False,False,65,147.38056331504762,-2.6423922792197208,2,0,1,0,1,0.36115682179926556,0.0,0.20003256519142246,0.0,0.02989972813871899,0.5794831765242014,0.6478912935034025,2.1790666121114084,0.7151144142834994,0,,False,head_on,30,0.0,False,0.0,tier_b,B-14-13,CH-HO-RE-14,313,channel,re,off
model,head_on,9.583273601492918,0.616774546963468,188.49498024389715,,,,goal,False,False,60,125.23095084106585,0.0,0,0,0,0,0,0.0,0.0,0.0,0.0,0.0,0.6358465168911209,0.7957679207804411,1.9723303109754666,0.32650595657757586,0,,False,never,0,0.0,False,0.0,tier_b,B-14-14,CH-HO-RE-15,314,channel,re,off
model,head_on,11.280276501371079,1.0682554610688233,173.91335742545994,,,,goal,False,False,68,124.82019733924368,-11.786802303355408,9,0,0,0,6,1.8947985484580037,0.0,0.0,0.0,0.5350109974418422,0.5574138604554717,0.7251280358318297,1.624183765840033,0.3950434858537547,0,,False,head_on,27,0.0,False,0.0,tier_b,B-14-15,CH-HO-RE-16,315,channel,re,off
model,head_on,11.00696337831171,0.8412385996831719,173.19211443302896,,,,goal,False,False,64,146.67664619607106,-4.207748131257386,4,0,0,0,4,0.6053904984574549,0.0,0.0,0.0,0.26912559197621877,0.5897855233275776,0.6558867356743496,2.0005043345925975,0.6401229430258737,0,,False,head_on,25,0.0,False,0.0,tier_b,B-14-16,CH-HO-RE-17,316,channel,re,off
model,head_on,9.999999999999998,1.3103197490672986,183.18371334804277,,,,goal,False,False,63,145.34793464828624,-3.370580635877606,3,0,0,0,7,0.042838611730484935,0.0,0.0,0.0,0.7018954461803789,0.5998581374178187,0.6643555500538645,2.155887281921529,0.5644392068991209,0,,False,head_on,24,0.0,False,0.0,tier_b,B-14-17,CH-HO-RE-18,317,channel,re,off
model,head_on,10.0,1.0768083362737235,184.25135745509164,,,,goal,False,False,61,146.05891253307604,-4.145241772660787,3,0,0,0,8,0.26599886546677604,0.0,0.0,0.0,0.6285660863556101,0.617928690862151,0.7048742378849132,2.0905938878340136,0.3919514175268358,0,,False,head_on,22,0.0,False,0.0,tier_b,B-14-18,CH-HO-RE-19,318,channel,re,off
model,head_on,9.408067398970422,0.5124768099295549,180.24962585845174,,,,collision:obstacle,True,False,58,-391.2518988813325,-6.272185437101274,4,0,0,0,11,0.17000458894199366,0.0,0.0,0.0,1.2068139381863123,0.41822808194898975,0.5962336522834665,1.6637082836661075,1.103191977635574,0,,False,head_on,23,0.0,False,0.0,tier_b,B-14-19,CH-HO-RE-20,319,channel,re,off
model,head_on,9.256643869422348,0.4307092607737204,180.5735270046813,,,,goal,False,False,62,150.0567642737505,0.0,0,0,0,0,0,0.0,0.0,0.0,0.0,0.0,0.6067277203468756,0.6733620898041198,1.7624128256937557,0.1881348771606716,0,,False,never,0,0.0,False,0.0,tier_b,B-14-20,CH-HO-RE-21,320,channel,re,off
model,head_on,10.115082563137777,1.5113889998401082,188.7156501400913,,,,goal,False,False,73,112.8240799962135,0.0,0,0,0,0,0,0.0,0.0,0.0,0.0,0.0,0.5259595762817361,0.6705026715350405,2.65559313429179,1.0402228660932646,0,,False,never,0,0.0,False,0.0,tier_b,B-14-21,CH-HO-RE-22,321,channel,re,off
model,head_on,10.0,1.0743128533388442,182.22739231275222,,,,goal,False,False,64,91.63215899585829,-55.21722321416324,13,0,22,0,16,2.813999006183628,0.0,7.9054073239994,0.0,2.850769281590321,0.5914912655783142,0.6714488791231845,1.9720000385513428,0.7059591079190795,0,,False,head_on,22,0.0,False,0.0,tier_b,B-14-22,CH-HO-RE-23,322,channel,re,off
model,head_on,10.175548630351486,1.6972738702784291,183.300979929059,,,,goal,False,False,73,100.80621815834355,-7.991048894835986,4,0,4,0,5,0.5384978585024339,0.0,1.045190166074274,0.0,0.3472888660847891,0.5306679261075816,0.6705142486648001,2.5187611600689745,1.208901857164087,0,,False,head_on,7,0.0,False,0.0,tier_b,B-14-23,CH-HO-RE-24,323,channel,re,off
model,head_on,9.999999999999996,0.6445803103198713,171.19772436410898,,,,collision:obstacle,True,False,49,-382.97016512215123,-8.093597763890186,2,0,0,0,8,0.6116334376929378,0.0,0.0,0.0,1.1257804994022538,0.45138036166615497,0.5755424838234919,1.7776707446026165,0.5005225793959975,0,,False,head_on,24,0.0,False,0.0,tier_b,B-14-24,CH-HO-RE-25,324,channel,re,off
model,head_on,10.321736514518186,0.26305794476871447,181.98454309429576,,,,goal,False,False,65,146.3405104208673,-2.3951078003535415,3,0,1,0,0,0.31028407321525936,0.0,0.23866712164944653,0.0,0.0,0.5865841217542105,0.6593364680608363,1.8510040500769436,0.4104051472542146,0,,False,head_on,6,0.0,False,0.0,tier_b,B-14-25,CH-HO-RE-26,325,channel,re,off
model,head_on,9.849830984668252,0.6756334209002757,173.92111243269915,,,,goal,False,False,64,139.97489224693135,-4.831353067703459,5,0,2,0,5,0.7674988045966353,0.0,0.0635646001567625,0.0,0.1785336498635041,0.5980209078883997,0.6800081586861703,1.8206851024701771,0.6910036160650785,0,,False,head_on,29,0.0,False,0.0,tier_b,B-14-26,CH-HO-RE-27,326,channel,re,off
model,head_on,9.58529998335348,0.6058661646940113,171.14930992117158,,,,goal,False,False,72,49.77996708037203,-2.977221780347123,0,0,0,0,5,0.0,0.0,0.0,0.0,0.6616048400771386,0.5367394325264764,0.647644482615645,1.9509000200411244,1.0885539909001654,0,,False,head_on,24,0.0,False,0.0,tier_b,B-14-27,CH-HO-RE-28,327,channel,re,off
model,head_on,10.088437090849462,0.9230601295057717,186.72472631205966,,,,goal,False,False,66,112.35010393606741,0.0,0,0,0,0,0,0.0,0.0,0.0,0.0,0.0,0.582950828044927,0.7376977889183639,2.3553606215388205,0.9778911153686121,0,,False,never,0,0.0,False,0.0,tier_b,B-14-28,CH-HO-RE-29,328,channel,re,off
model,head_on,9.876339221733241,0.26028914486023025,178.9941118782021,,,,goal,False,False,60,145.82315396437926,-3.748030485512233,3,0,0,0,4,0.24562313958481918,0.0,0.0,0.0,0.5627102099038619,0.6295143879956913,0.6873625850249683,1.8867514940368053,0.5936659959753169,0,,False,head_on,15,0.0,False,0.0,tier_b,B-14-29,CH-HO-RE-30,329,channel,re,off
model,head_on,9.999999999999998,1.5905215190816084,182.92058786514718,,,,goal,False,False,61,140.20202274511195,-3.6772925263240293,4,0,0,0,6,0.21830766740128038,0.0,0.0,0.0,0.5770376828194871,0.6209025410922361,0.6782274919572926,2.4212760198898584,0.6250639819961255,0,,False,head_on,23,0.0,False,0.0,tier_b,B-14-30,CH-HO-RE-31,330,channel,re,off
model,head_on,9.985865561011826,0.1976814378122984,177.69526895854062,,,,goal,False,False,62,144.59366203116056,-5.023568189291325,3,0,0,0,5,0.39245195196254684,0.0,0.0,0.0,0.6846513393503815,0.6086298753679175,0.6653221582565008,1.904148013538554,0.5813642882833503,0,,False,head_on,20,0.0,False,0.0,tier_b,B-14-31,CH-HO-RE-32,331,channel,re,off
model,head_on,9.855313512799158,0.8943177841019498,171.55743071966546,,,,goal,False,False,63,85.30843074310309,-5.919796772710576,7,0,0,0,3,1.0705664249379228,0.0,0.0,0.0,0.1378873265039685,0.6163713826559531,0.7113412176721832,2.4689227361222224,1.6436120244880104,0,,False,head_on,24,0.0,False,0.0,tier_b,B-14-32,CH-HO-RE-33,332,channel,re,off
model,head_on,9.999999999999996,0.0785919495309364,187.13718078519338,,,,goal,False,False,73,79.7485296248049,0.0,0,0,0,0,0,0.0,0.0,0.0,0.0,0.0,0.5249962639661556,0.7321947038188138,2.174564029247205,1.2176068788508854,0,,False,never,0,0.0,False,0.0,tier_b,B-14-33,CH-HO-RE-34,333,channel,re,off
model,head_on,9.999999999999996,0.36292822231789645,186.48644993768,,,,goal,False,False,67,85.35115531910083,0.0,0,0,0,0,0,0.0,0.0,0.0,0.0,0.0,0.5772333118423875,0.7641484582874379,2.0977728999411838,1.3263316332987138,0,,False,never,0,0.0,False,0.0,tier_b,B-14-34,CH-HO-RE-35,334,channel,re,off
model,head_on,10.235684397188408,1.0322946758393994,182.41048674369944,,,,goal,False,False,65,141.28375926135982,0.0,0,0,0,0,0,0.0,0.0,0.0,0.0,0.0,0.5793919946952406,0.6660342161081375,2.310445975021515,0.6197281384237886,0,,False,never,0,0.0,False,0.0,tier_b,B-14-35,CH-HO-RE-36,335,channel,re,off
model,head_on,10.313588885450775,0.5689599698123577,179.96943600318795,,,,goal,False,False,63,141.7969252644875,0.0,0,0,0,0,0,0.0,0.0,0.0,0.0,0.0,0.6004420429066017,0.6705419112987526,1.6879215865572443,0.5889523311790094,0,,False,never,0,0.0,False,0.0,tier_b,B-14-36,CH-HO-RE-37,336,channel,re,off
model,head_on,10.16575154201225,1.8514151594406176,175.63767878929002,,,,goal,False,False,66,105.38769542219427,-15.33619289715716,16,0,0,0,8,2.5961169674610076,0.0,0.0,0.0,0.5523142018278167,0.580189072976976,0.667336437589759,2.9146100402073043,1.1716518473421431,0,,False,crossing,18,1.0,True,0.0,tier_b,B-14-37,CH-HO-RE-38,337,channel,re,off
model,head_on,10.41001758561922,1.9177974469138577,178.4418700241513,,,,goal,False,False,70,89.52001273031935,0.0,0,0,0,0,0,0.0,0.0,0.0,0.0,0.0,0.5535242693504051,0.7558685911127424,2.3304378809666497,1.4179099886689472,0,,False,never,0,0.0,False,0.0,tier_b,B-14-38,CH-HO-RE-39,338,channel,re,off
model,head_on,10.0,0.4325030698380221,181.96376407890875,,,,goal,False,False,63,136.39873237168982,-6.367680624742609,5,0,1,0,5,0.8419485786100338,0.0,0.012531851447030099,0.0,0.47887122120302944,0.5983115118219912,0.6641607595722535,1.7171591124346068,0.6851415869928452,0,,False,head_on,21,0.0,False,0.0,tier_b,B-14-39,CH-HO-RE-40,339,channel,re,off
model,head_on,9.999999999999996,0.519023800112753,188.37778465688257,,,,goal,False,False,60,143.22939982301375,0.0,0,0,0,0,0,0.0,0.0,0.0,0.0,0.0,0.6340033911187166,0.6982350985783785,4.03322141630432,0.5723891936941049,0,,False,never,0,0.0,False,0.0,tier_b,B-15-00,CH-HO-NC-01,340,channel,nc,off
model,head_on,10.0,0.604838046659889,178.34993262325384,,,,goal,False,False,59,128.80918987209364,0.0,0,0,0,0,0,0.0,0.0,0.0,0.0,0.0,0.6491943359349933,0.7438192680275678,4.2790396223138885,0.8765979534139695,0,,False,never,0,0.0,False,0.0,tier_b,B-15-01,CH-HO-NC-02,341,channel,nc,off
model,head_on,10.259919607765926,1.1269116382224869,178.83102400407796,,,,goal,False,False,63,140.21377127971772,0.0,0,0,0,0,0,0.0,0.0,0.0,0.0,0.0,0.5998664552218115,0.6939180879282648,4.130174694260621,0.1889416585054789,0,,False,never,0,0.0,False,0.0,tier_b,B-15-02,CH-HO-NC-03,342,channel,nc,off
model,head_on,10.024216397195673,0.21994639824680506,172.62122033320705,,,,goal,False,False,71,90.95452336502831,0.0,0,0,0,0,0,0.0,0.0,0.0,0.0,0.0,0.5420169061029939,0.6870573127897723,3.2845957776035575,0.9937831561600887,0,,False,never,0,0.0,False,0.0,tier_b,B-15-03,CH-HO-NC-04,343,channel,nc,off
model,head_on,9.942375682643142,1.1922231970902744,189.96301610170923,,,,goal,False,False,68,49.851656632446144,0.0,0,0,0,0,0,0.0,0.0,0.0,0.0,0.0,0.5582141175281073,0.7679344515219773,3.892799121769303,0.35967179993587856,0,,False,never,0,0.0,False,0.0,tier_b,B-15-04,CH-HO-NC-05,344,channel,nc,off
model,head_on,10.633989863812754,1.8144001286116342,187.34728834444252,,,,goal,False,False,59,150.06136672277782,0.0,0,0,0,0,0,0.0,0.0,0.0,0.0,0.0,0.6370263191630214,0.6892515114979606,4.132758088715326,0.6157299144003666,0,,False,never,0,0.0,False,0.0,tier_b,B-15-05,CH-HO-NC-06,345,channel,nc,off
model,head_on,10.115255905834214,0.28278229538602395,176.25206878577902,,,,goal,False,False,64,129.62728917701722,0.0,0,0,0,0,0,0.0,0.0,0.0,0.0,0.0,0.5899504378289777,0.6678055673697821,4.78957416149212,0.887011551257384,0,,False,never,0,0.0,False,0.0,tier_b,B-15-06,CH-HO-NC-07,346,channel,nc,off
model,head_on,10.692334901657194,0.8592002649653392,173.97318650021955,,,,goal,False,False,65,136.3681577580334,0.0,0,0,0,0,0,0.0,0.0,0.0,0.0,0.0,0.5826679848149777,0.675888681944366,4.228039402940428,0.6383000685447279,0,,False,never,0,0.0,False,0.0,tier_b,B-15-07,CH-HO-NC-08,347,channel,nc,off
model,head_on,9.999999999999998,1.8051650223510654,187.30059723641622,,,,goal,False,False,61,113.80346109145678,0.0,0,0,0,0,0,0.0,0.0,0.0,0.0,0.0,0.6297764294737462,0.7779430455636555,4.867002230227416,1.2936213563165742,0,,False,never,0,0.0,False,0.0,tier_b,B-15-08,CH-HO-NC-09,348,channel,nc,off
model,head_on,9.08173527217586,1.7170723371184666,185.38442459579767,,,,goal,False,False,58,133.0297980584664,0.0,0,0,0,0,0,0.0,0.0,0.0,0.0,0.0,0.6507789670573051,0.7700370768705791,3.7205821151992575,0.5523711933719163,0,,False,never,0,0.0,False,0.0,tier_b,B-15-09,CH-HO-NC-10,349,channel,nc,off
model,head_on,10.534258709604911,0.30742126077348786,183.28425074756333,,,,goal,False,False,61,142.73914507016673,0.0,0,0,0,0,0,0.0,0.0,0.0,0.0,0.0,0.6240260569529379,0.6880032330177899,4.220757801571572,0.6865649106021866,0,,False,never,0,0.0,False,0.0,tier_b,B-15-10,CH-HO-NC-11,350,channel,nc,off
model,head_on,9.150434503065322,1.126447716544327,176.3075853465309,,,,goal,False,False,68,76.90378021026355,0.0,0,0,0,0,0,0.0,0.0,0.0,0.0,0.0,0.5559496734143012,0.7602871930806214,3.7079896349759354,0.18844150955474276,0,,False,never,0,0.0,False,0.0,tier_b,B-15-11,CH-HO-NC-12,351,channel,nc,off
model,head_on,9.823835147696473,1.3381262906128648,172.27865806875414,,,,goal,False,False,66,128.92484471356812,0.0,0,0,0,0,0,0.0,0.0,0.0,0.0,0.0,0.5741091796881703,0.6969533249688148,3.528775780489564,0.5322219615623481,0,,False,never,0,0.0,False,0.0,tier_b,B-15-12,CH-HO-NC-13,352,channel,nc,off
model,head_on,9.87066778074754,0.4091321738184257,185.1998700532474,,,,goal,False,False,61,107.4105709340652,0.0,0,0,0,0,0,0.0,0.0,0.0,0.0,0.0,0.6373986795596553,0.7810864299409105,4.42473839734936,1.3727047397079193,0,,False,never,0,0.0,False,0.0,tier_b,B-15-13,CH-HO-NC-14,353,channel,nc,off
model,head_on,10.050105676040541,0.8300514659476823,176.06913160172437,,,,goal,False,False,62,115.3831281085921,0.0,0,0,0,0,0,0.0,0.0,0.0,0.0,0.0,0.6175740032900585,0.7723531347789884,4.396636269872878,1.2499710242467674,0,,False,never,0,0.0,False,0.0,tier_b,B-15-14,CH-HO-NC-15,354,channel,nc,off
model,head_on,9.999999999999998,1.3034973464822712,181.02339764630273,,,,goal,False,False,64,78.4893353145064,0.0,0,0,0,0,0,0.0,0.0,0.0,0.0,0.0,0.6085634456957572,0.7527932893790782,4.846953854412711,1.4102833464487383,0,,False,never,0,0.0,False,0.0,tier_b,B-15-15,CH-HO-NC-16,355,channel,nc,off
model,head_on,10.0,0.22441869904698475,182.13052102261435,,,,goal,False,False,60,134.20523949961034,0.0,0,0,0,0,0,0.0,0.0,0.0,0.0,0.0,0.6377776522065223,0.7133251029433316,4.452212787597744,0.8302993646533089,0,,False,never,0,0.0,False,0.0,tier_b,B-15-16,CH-HO-NC-17,356,channel,nc,off
model,head_on,10.0,0.4354552237124669,173.04193159748237,,,,goal,False,False,60,125.61722241638299,0.0,0,0,0,0,0,0.0,0.0,0.0,0.0,0.0,0.6348269613708619,0.7112186739248868,4.546762285678128,0.9833876959447458,0,,False,never,0,0.0,False,0.0,tier_b,B-15-17,CH-HO-NC-18,357,channel,nc,off
model,head_on,10.973495639715704,0.8830717244367781,173.08940635934107,,,,goal,False,False,61,135.26648517254904,0.0,0,0,0,0,0,0.0,0.0,0.0,0.0,0.0,0.6283637091133327,0.7106079518663144,4.280082317598192,0.9344528010189126,0,,False,never,0,0.0,False,0.0,tier_b,B-15-18,CH-HO-NC-19,358,channel,nc,off
model,head_on,10.0,0.6214605067159544,171.10204104445222,,,,goal,False,False,69,80.49924306749807,-4.435970664464661,1,0,4,0,2,0.15037437235382461,0.0,0.8673207753741231,0.0,0.12650282888141895,0.5483068449569939,0.7178378071913928,2.578297922720051,0.8656175118437781,0,,False,head_on,6,0.0,False,0.0,tier_b,B-15-19,CH-HO-NC-20,359,channel,nc,off
model,head_on,9.999999999999998,1.8110168452154083,186.9587123837746,,,,goal,False,False,65,122.04348764276446,-8.515549160842749,2,0,9,0,3,0.08174032392504668,0.0,2.040035673772767,0.0,0.17040136262929076,0.5831439133271025,0.701846949063748,4.19754129821951,0.6151089149718477,0,,False,head_on,10,0.0,False,0.0,tier_b,B-15-20,CH-HO-NC-21,360,channel,nc,off
model,head_on,10.783506402872137,1.0439507813894948,180.5601072643203,,,,goal,False,False,66,103.5978125015112,0.0,0,0,0,0,0,0.0,0.0,0.0,0.0,0.0,0.5863366749635284,0.7283463087931152,4.75948082766726,1.6037683509387624,0,,False,never,0,0.0,False,0.0,tier_b,B-15-21,CH-HO-NC-22,361,channel,nc,off
model,head_on,10.180123451340151,1.4448588921887255,179.10490908603316,,,,goal,False,False,60,138.03690223904135,0.0,0,0,0,0,0,0.0,0.0,0.0,0.0,0.0,0.6301341077118316,0.7098456803272312,4.399765637608218,0.7202179675440786,0,,False,never,0,0.0,False,0.0,tier_b,B-15-22,CH-HO-NC-23,362,channel,nc,off
model,head_on,9.999999999999998,1.0360859281864399,173.94132518101077,,,,goal,False,False,64,112.3629279348253,0.0,0,0,0,0,0,0.0,0.0,0.0,0.0,0.0,0.6015064095358527,0.7296696788608114,4.3597221199100495,1.359682533986015,0,,False,never,0,0.0,False,0.0,tier_b,B-15-23,CH-HO-NC-24,363,channel,nc,off
model,head_on,10.0,1.320239576322837,185.5214212280775,,,,goal,False,False,60,143.56038907239454,0.0,0,0,0,0,0,0.0,0.0,0.0,0.0,0.0,0.625047148503003,0.6932183616504219,4.219430388394892,0.5213614318590296,0,,False,never,0,0.0,False,0.0,tier_b,B-15-24,CH-HO-NC-25,364,channel,nc,off
model,head_on,9.999999999999998,1.0061992614250868,177.4452008327447,,,,goal,False,False,60,119.95119647157615,0.0,0,0,0,0,0,0.0,0.0,0.0,0.0,0.0,0.6317463761943363,0.7749234854472622,4.6463990574140155,1.1188183669999963,0,,False,never,0,0.0,False,0.0,tier_b,B-15-25,CH-HO-NC-26,365,channel,nc,off
model,head_on,10.0,0.18986402780790823,175.51509535659784,,,,goal,False,False,62,139.91484751064908,0.0,0,0,0,0,0,0.0,0.0,0.0,0.0,0.0,0.6146453237073068,0.6945415868587298,4.315164321496588,0.7289258808852255,0,,False,never,0,0.0,False,0.0,tier_b,B-15-26,CH-HO-NC-27,366,channel,nc,off
model,head_on,9.886041566307677,1.1928008674080468,189.56902028044726,,,,goal,False,False,62,123.69242576987818,-8.786557799133465,0,0,7,0,5,0.0,0.0,2.067289189439238,0.0,0.29873704825604686,0.6135167170056168,0.730009331183997,4.423450858847882,0.5304219091292244,0,,False,head_on,9,0.0,False,0.0,tier_b,B-15-27,CH-HO-NC-28,367,channel,nc,off
model,head_on,10.0,1.081374661220903,182.16831201298078,,,,goal,False,False,62,120.65722866020612,-9.28984780056533,3,0,5,0,5,0.4926266836316072,0.0,1.1868968957994714,0.0,0.5730037537135062,0.6148293217443438,0.7311109100810369,3.680192937319261,0.8867884484356479,0,,False,head_on,8,0.0,False,0.0,tier_b,B-15-28,CH-HO-NC-29,368,channel,nc,off
model,head_on,9.084002786284293,1.2433297180438143,175.5453933717683,,,,goal,False,False,60,137.2339877833009,0.0,0,0,0,0,0,0.0,0.0,0.0,0.0,0.0,0.6272485666674988,0.7093971138596877,4.037515780553715,0.5546828906599763,0,,False,never,0,0.0,False,0.0,tier_b,B-15-29,CH-HO-NC-30,369,channel,nc,off
model,head_on,9.824914642857838,0.7685387194394688,189.85084064614787,,,,goal,False,False,61,140.65565540773912,-6.427441237493204,1,0,6,0,2,0.00629645544995258,0.0,1.6230211856265715,0.0,0.12297722550228454,0.6194741295592653,0.695163712575159,4.383316849731177,0.5833614771651304,0,,False,head_on,8,0.0,False,0.0,tier_b,B-15-30,CH-HO-NC-31,370,channel,nc,off
model,head_on,10.0,0.6698619473127445,176.2805431944345,,,,goal,False,False,63,135.49381729650415,0.0,0,0,0,0,0,0.0,0.0,0.0,0.0,0.0,0.602715481380095,0.7062185157897329,4.669490105465549,0.8155381454737676,0,,False,never,0,0.0,False,0.0,tier_b,B-15-31,CH-HO-NC-32,371,channel,nc,off
model,head_on,9.999999999999998,0.21563336342682904,172.34553742854337,,,,goal,False,False,61,129.32110548221107,0.0,0,0,0,0,0,0.0,0.0,0.0,0.0,0.0,0.6298168508967694,0.7331158453248114,4.423921175495912,0.8885742691255474,0,,False,never,0,0.0,False,0.0,tier_b,B-15-32,CH-HO-NC-33,372,channel,nc,off
model,head_on,10.009872619928332,0.8715995757134332,181.8762477298438,,,,goal,False,False,64,125.48482562344196,-7.9201790109272014,3,0,7,0,3,0.31862262356242027,0.0,1.5292413225132946,0.0,0.18616183627674676,0.5975457495988002,0.7105345815136522,3.8929958490095165,0.7330373109865596,0,,False,head_on,9,0.0,False,0.0,tier_b,B-15-33,CH-HO-NC-34,373,channel,nc,off
model,head_on,9.999999999999996,1.0847333430945405,185.1133159351483,,,,goal,False,False,63,105.92691218096442,-3.6044035551726017,0,0,4,0,1,0.0,0.0,0.9979708740255286,0.0,0.0026018685957107943,0.6075737199565837,0.7811183651398722,4.847156554942515,1.3253926842011954,0,,False,head_on,5,0.0,False,0.0,tier_b,B-15-34,CH-HO-NC-35,374,channel,nc,off
model,head_on,10.30632614795319,1.9538783516291471,181.9101271813121,,,,goal,False,False,64,138.31522502133012,0.0,0,0,0,0,0,0.0,0.0,0.0,0.0,0.0,0.5978710299836069,0.7009286327103841,4.7128721190715295,0.7435530553281691,0,,False,never,0,0.0,False,0.0,tier_b,B-15-35,CH-HO-NC-36,375,channel,nc,off
model,head_on,10.994498819116544,0.8621168391194356,182.02017576470513,,,,goal,False,False,60,135.14378543310025,0.0,0,0,0,0,0,0.0,0.0,0.0,0.0,0.0,0.6325680125443204,0.7151892442054353,4.2164544146815945,0.9257447570052797,0,,False,never,0,0.0,False,0.0,tier_b,B-15-36,CH-HO-NC-37,376,channel,nc,off
model,head_on,9.999999999999996,1.079412967193411,179.67387645553563,,,,goal,False,False,59,140.49260468561286,0.0,0,0,0,0,0,0.0,0.0,0.0,0.0,0.0,0.643897817542433,0.7077358153766036,3.8875554213670145,0.7489282984888431,0,,False,never,0,0.0,False,0.0,tier_b,B-15-37,CH-HO-NC-38,377,channel,nc,off
model,head_on,9.549550816876184,1.5367124565459254,170.55334569440686,,,,goal,False,False,74,64.88424128337854,0.0,0,0,0,0,0,0.0,0.0,0.0,0.0,0.0,0.5185134730102712,0.6885429487995015,2.405542967714064,1.0678278064977182,0,,False,never,0,0.0,False,0.0,tier_b,B-15-38,CH-HO-NC-39,378,channel,nc,off
model,head_on,9.585409373191311,0.37536353883474227,182.64194989049463,,,,goal,False,False,59,134.18381364018313,0.0,0,0,0,0,0,0.0,0.0,0.0,0.0,0.0,0.6478694387476609,0.7193277973794991,4.209415432749286,0.6863579878200952,0,,False,never,0,0.0,False,0.0,tier_b,B-15-39,CH-HO-NC-40,379,channel,nc,off
model,crossing,10.490193783263903,0.28316885672201364,129.78078761993967,port,,False,collision:target,True,True,14,-328.1094425138437,-27.80723766191888,6,4,0,0,10,0.9280364765920679,0.67093673491048,0.0,0.0,4.420515614440281,0.4414817409896269,0.5683852353528903,1.762426235334618,0.0607725861115783,0,,False,crossing,12,1.0,True,0.0,tier_b,B-16-00,CH-CR-CV-01,380,channel,cv,off
model,crossing,10.0,0.3636276684298667,244.67678056322285,starboard,,True,collision:target,True,True,22,-334.72948887495437,-15.808847419020521,3,5,0,0,6,0.2864346530239257,1.5278224991737597,0.0,0.0,1.5173943368093281,0.3817218945993017,0.5512090126101954,1.4625499677819318,0.02647830016575431,0,,False,crossing,15,0.0,False,0.0,tier_b,B-16-01,CH-CR-CV-02,381,channel,cv,off
model,crossing,10.268460864188306,0.7192709724502868,210.94503459620475,starboard,,False,collision:target,True,True,18,-328.0725031770618,-17.700161303364624,8,1,0,0,3,2.5785750134515255,0.031585137500926015,0.0,0.0,1.0621930124777745,0.4004829844583029,0.5465569841932378,1.8128546334438644,0.09402638004849938,0,,False,crossing,16,0.0,False,0.0,tier_b,B-16-02,CH-CR-CV-03,382,channel,cv,off
model,crossing,9.999999999999998,0.5870743235375037,289.53878618123343,starboard,,False,collision:target,True,True,14,-337.3990815472465,-33.88377991214001,4,5,0,0,8,0.8991654936527963,2.654585624998803,0.0,0.0,3.6206026388476875,0.42005606810475543,0.5439540709110953,1.4352334298098337,0.06828061372761458,0,,False,crossing,12,0.0,False,0.0,tier_b,B-16-03,CH-CR-CV-04,383,channel,cv,off
model,crossing,9.999999999999996,1.2958551853358795,76.2339399801213,port,,True,goal,False,False,98,-149.88807477998762,-21.819678692199243,16,0,0,0,3,4.141012467905636,0.0,0.0,0.0,0.29370377245918866,0.40572860869948413,0.6270832353223067,2.483298855726441,1.9011669826639817,0,,False,crossing,16,1.0,True,0.0,tier_b,B-16-04,CH-CR-CV-05,384,channel,cv,off
model,crossing,9.999999999999998,1.3015375722616729,90.42138144998697,port,,True,collision:obstacle,True,False,85,-546.1969761667049,-24.273298118226663,19,0,0,0,3,4.559632939063281,0.0,0.0,0.0,0.37847001552520154,0.2761997847236061,0.5502670382938576,2.4972979525837737,1.3627282944381582,0,,False,crossing,22,1.0,True,0.0,tier_b,B-16-05,CH-CR-CV-06,385,channel,cv,off
model,crossing,9.999999999999996,1.6408729117427223,106.21307278632884,port,,True,goal,False,False,87,-136.6349486679055,-51.57788681834292,16,0,0,0,6,9.101517667109912,0.0,0.0,0.0,1.4500831924775193,0.4636940067238295,0.6738890992544232,2.277312670153006,1.6224739833341664,0,,False,crossing,18,1.0,True,0.0,tier_b,B-16-06,CH-CR-CV-07,386,channel,cv,off
model,crossing,9.999999999999996,0.31081715289621364,224.25372018085594,starboard,,True,collision:target,True,True,20,-337.61902797152777,-25.52907462816463,8,6,0,0,11,1.1200484060464522,0.5019678171077286,0.0,0.0,3.888909849678097,0.3818279194774514,0.5459107399452576,1.7874777969858373,0.24046167349516245,0,,False,crossing,16,0.0,False,0.0,tier_b,B-16-07,CH-CR-CV-08,387,channel,cv,off
model,crossing,9.999999999999996,0.061499892646753596,105.62535710778265,port,,True,collision:target,True,True,21,-306.0872151877896,-13.719158827851228,4,0,0,0,6,1.0599824523976473,0.0,0.0,0.0,1.8827212641073052,0.4974795870342775,0.586647934141994,1.510944561501555,0.0704942945728021,0,,False,crossing,6,1.0,True,0.0,tier_b,B-16-08,CH-CR-CV-09,388,channel,cv,off
model,crossing,9.999999999999998,0.041021002757746505,215.24936235435172,starboard,,True,goal,False,False,72,90.6397010909281,-2.5451057602153004,0,0,0,0,2,0.0,0.0,0.0,0.0,0.5655790578256223,0.5372889438346997,0.6748902341615978,1.2161197704454612,1.1996055967772732,0,,False,crossing,19,0.0,False,0.0,tier_b,B-16-09,CH-CR-CV-10,389,channel,cv,off
model,crossing,9.999999999999998,1.3277278040117695,78.44407243898448,port,,True,goal,False,False,76,-1.593393658460343,-13.773437798951974,15,0,0,0,2,2.3438406654037487,0.0,0.0,0.0,0.4825392233785365,0.5127794580952172,0.7091136050914106,2.0788421611677075,1.2207633268920863,0,,False,crossing,15,1.0,True,0.0,tier_b,B-16-10,CH-CR-CV-11,390,channel,cv,off
model,crossing,9.5234860209724,1.6324019484821193,289.871672036949,starboard,,True,goal,False,False,75,63.90390780677175,-8.582114121554273,2,2,0,0,5,0.02556101348186022,1.4270101260083865,0.0,0.0,0.30930821801723385,0.5207649178342753,0.6658598088807056,3.7674909682090925,1.3128620153677817,0,,False,crossing,23,0.0,False,0.0,tier_b,B-16-11,CH-CR-CV-12,391,channel,cv,off
model,crossing,9.999999999999998,2.3886987701094444,100.2780328618511,port,,True,goal,False,False,70,117.0140434014785,-2.143593022011115,7,0,0,0,2,0.34470859320717123,0.0,0.0,0.0,0.09717455236347043,0.5357878365506645,0.6769891153012082,3.0887122753476537,0.2982963732123591,0,,False,crossing,16,1.0,True,0.0,tier_b,B-16-12,CH-CR-CV-13,392,channel,cv,off
model,crossing,10.0,0.36219504253909546,156.61221810348798,port,,False,collision:target,True,True,15,-323.49896720897476,-19.207034959975957,7,0,0,0,7,2.324273537992806,0.0,0.0,0.0,1.7115290993136814,0.42991620143514647,0.5691355236515983,1.6490887354895012,0.18153810555398583,0,,False,crossing,13,1.0,True,0.0,tier_b,B-16-13,CH-CR-CV-14,393,channel,cv,off
model,crossing,9.999999999999996,1.3156936268064654,284.64773860754264,starboard,,True,goal,False,False,83,-24.01055794827279,-15.981975976385717,6,0,0,0,1,2.8596237530782345,0.0,0.0,0.0,0.4059640885885465,0.47581433436907083,0.6699532851348793,2.2531239264560528,1.1877985090729952,0,,False,crossing,15,0.0,False,0.0,tier_b,B-16-14,CH-CR-CV-15,394,channel,cv,off
model,crossing,10.368728084886737,1.1625565062130465,131.10686901405043,port,,True,collision:target,True,True,22,-361.6594942987878,-41.74825589554719,19,1,0,0,2,7.365526851306581,0.419624548856279,0.0,0.0,0.71372365883134,0.3668678824476135,0.5442567105613768,1.4942388692604927,0.351713952856367,0,,False,crossing,19,1.0,True,0.0,tier_b,B-16-15,CH-CR-CV-16,395,channel,cv,off
model,crossing,9.999999999999998,0.5683777049578311,229.59771121561687,starboard,,False,collision:target,True,True,15,-341.13301009276586,-34.8092899664797,6,9,0,0,8,2.5519629804289257,1.512530929419599,0.0,0.0,3.264454469495446,0.4115642937128466,0.5448594162097499,1.7503959149432546,0.14632010155947547,0,,False,crossing,13,0.0,False,0.0,tier_b,B-16-16,CH-CR-CV-17,396,channel,cv,off
model,crossing,9.999999999999996,0.651668529654405,254.3887354114857,starboard,,True,collision:target,True,True,19,-342.0035040989499,-21.930916539969505,8,1,0,0,8,2.426264176991666,0.2201022812547387,0.0,0.0,1.9625339048110675,0.3773826546378343,0.5448988407037281,1.3180584697584419,0.35513984120498426,0,,False,crossing,10,0.0,False,0.0,tier_b,B-16-17,CH-CR-CV-18,397,channel,cv,off
model,crossing,11.268063446632981,1.5982201570086232,261.6558085842113,starboard,,True,goal,False,False,83,78.79253048678257,0.0,0,0,0,0,0,0.0,0.0,0.0,0.0,0.0,0.4591855583430994,0.640745428499603,2.2964261885122976,0.9913272900632799,0,,False,never,0,0.0,False,0.0,tier_b,B-16-18,CH-CR-CV-19,398,channel,cv,off
model,crossing,10.247582608522517,1.3871553703789914,254.1050792322543,starboard,,True,goal,False,False,80,-2.110428425956968,-19.354979534659133,8,0,0,0,5,3.238686536461165,0.0,0.0,0.0,0.7385513731503036,0.4885354881266467,0.6540083828228849,2.235974027405375,1.1946414571718662,0,,False,crossing,18,0.0,False,0.0,tier_b,B-16-19,CH-CR-CV-20,399,channel,cv,off
model,crossing,9.999999999999996,1.3453263960169346,119.090051028526,port,,True,collision:target,True,True,21,-310.4924287543298,0.0,0,0,0,0,0,0.0,0.0,0.0,0.0,0.0,0.4446917718966046,0.544198832886864,1.2910717298765808,0.42605097469011416,0,,False,never,0,0.0,False,0.0,tier_b,B-16-20,CH-CR-CV-21,400,channel,cv,off
model,crossing,10.006820641392181,1.2073492869807758,230.98735822922583,starboard,,True,goal,False,False,84,-2.370984524790998,-33.8702820353262,8,2,0,0,10,3.1587441022282046,1.0105972800714216,0.0,0.0,2.9404538206540116,0.46689180776441686,0.7139332065325196,1.5134415730278923,1.3391355281801725,0,,False,crossing,18,0.05555555555555555,True,0.0,tier_b,B-16-21,CH-CR-CV-22,401,channel,cv,off
model,crossing,9.999999999999998,0.26688103801279256,112.8397661250493,port,,True,collision:target,True,True,22,-356.2882907820549,-43.14079358847278,14,3,0,0,10,6.103255480462341,0.7030740799945601,0.0,0.0,2.0998805031580243,0.38769469736282236,0.5460076528526842,1.4234115815106845,0.06259886777693452,0,,False,crossing,18,1.0,True,0.0,tier_b,B-16-22,CH-CR-CV-23,402,channel,cv,off
model,crossing,10.165474974523638,0.10426642127155245,119.1068652339835,port,,False,collision:target,True,True,13,-318.7593293558288,-24.5953552558364,7,4,0,0,8,1.6087173315734695,0.772132973036568,0.0,0.0,2.8466991662259375,0.5023583960872793,0.5905566429995548,1.6251687353768458,0.05416645825860526,0,,False,crossing,11,1.0,True,0.0,tier_b,B-16-23,CH-CR-CV-24,403,channel,cv,off
model,crossing,10.178999547545232,2.238643483346335,104.73853979375738,port,,True,goal,False,False,80,-67.3870645601664,-62.96869520917485,22,22,0,0,2,9.723705049560971,2.889560543116811,0.0,0.0,0.11845122787107067,0.4820330308677665,0.6732320001393102,1.5975662155531591,1.3450727359657235,0,,False,crossing,22,1.0,True,0.0,tier_b,B-16-24,CH-CR-CV-25,404,channel,cv,off
model,crossing,10.0,1.7576794906714601,263.5374447806733,starboard,,True,goal,False,False,68,114.95260817560528,-14.902248827790897,8,0,0,0,4,2.206055636293509,0.0,0.0,0.0,0.8849496506973391,0.5604235664106774,0.6830320880070876,2.2268553243698266,0.31032338659245146,0,,False,crossing,14,0.0,False,0.0,tier_b,B-16-25,CH-CR-CV-26,405,channel,cv,off
model,crossing,9.999999999999998,0.48139351042027295,233.4705182725595,starboard,,True,collision:target,True,True,21,-345.08151462402645,-28.181065432888566,7,7,0,0,9,3.0272343703521267,0.8219673983774833,0.0,0.0,2.0283370394837776,0.36735177213227516,0.5455776506485893,1.6256526182861295,0.13379592410605262,0,,False,crossing,19,0.0,False,0.0,tier_b,B-16-26,CH-CR-CV-27,406,channel,cv,off
model,crossing,10.110082848279966,0.24469883193605102,228.4104033925705,starboard,,False,collision:target,True,True,15,-336.7118727734181,-29.324441799248063,7,3,0,0,9,2.361444040850801,0.12365436369396521,0.0,0.0,3.782934377055883,0.4111836517642613,0.5533714217568989,1.756176110716181,0.09090386962964485,0,,False,crossing,14,0.0,False,0.0,tier_b,B-16-27,CH-CR-CV-28,407,channel,cv,off
model,crossing,9.196480467698114,0.5849246910545405,259.14518372097564,starboard,,True,goal,False,False,87,7.047036586142767,-13.997618988960674,4,4,0,0,7,0.8246554338405078,1.2862838095395666,0.0,0.0,0.788548829828735,0.4420796449616324,0.7028936594824634,2.088092690355926,0.570878349574846,0,,False,crossing,15,0.0,False,0.0,tier_b,B-16-28,CH-CR-CV-29,408,channel,cv,off
model,crossing,9.999999999999998,2.1524066152019046,205.54669302046628,starboard,,True,goal,False,False,65,139.30765047306247,-8.474463698711274,7,4,0,0,2,1.5481694913737325,0.001968899754438595,0.0,0.0,0.1780619250281833,0.5809616317986954,0.6573114134543773,2.331806156291469,0.3557658391712448,0,,False,crossing,15,0.0,False,0.0,tier_b,B-16-29,CH-CR-CV-30,409,channel,cv,off
model,crossing,9.898470534491906,1.7463795832879023,271.30611762124954,starboard,,True,goal,False,False,114,-849.5322736722961,-10.324116196443942,5,1,0,0,1,1.4135340674488415,0.49306493178854727,0.0,0.0,0.19698914449308186,0.35531305838505267,0.6532669918754207,3.185653397445675,2.1067407577033,0,,False,crossing,20,0.0,False,0.0,tier_b,B-16-30,CH-CR-CV-31,410,channel,cv,off
model,crossing,10.91879480985569,2.1432384483205467,101.15541791730382,port,,True,goal,False,False,117,-209.95447136961596,-1.5686735935601481,2,0,0,0,1,0.264464169725284,0.0,0.0,0.0,0.05768354520444263,0.34051193266884294,0.6389718453522588,3.046387895479506,2.235509209694485,0,,False,crossing,5,1.0,True,0.0,tier_b,B-16-31,CH-CR-CV-32,411,channel,cv,off
model,crossing,11.094915866016438,0.2994711688082338,132.6606557363657,port,,True,collision:target,True,True,23,-353.5231964968575,-38.86750830751634,6,7,0,0,14,0.9637015897288715,1.3010163945069702,0.0,0.0,6.146034285677538,0.37279396916973573,0.5439772504288058,1.3269359804397642,0.45291396066927536,0,,False,crossing,14,1.0,True,0.0,tier_b,B-16-32,CH-CR-CV-33,412,channel,cv,off
model,crossing,10.0,1.7532649797502466,241.7818417891658,starboard,,False,collision:target,True,True,19,-325.65593263036567,-19.67777022120422,6,13,0,0,7,0.977022891094903,1.5904497210791666,0.0,0.0,1.5486179535427953,0.39873386583886994,0.5571030109792993,1.9155730076074458,0.10443120174368396,0,,False,crossing,17,0.0,False,0.0,tier_b,B-16-33,CH-CR-CV-34,413,channel,cv,off
model,crossing,10.01664309072254,1.0261492338391913,261.93636915640957,starboard,,False,collision:target,True,True,15,-327.4730618935445,-27.45378377177827,3,9,0,0,7,0.7056531119504454,3.4101818169098004,0.0,0.0,1.573422416426678,0.43247659843945674,0.5447240220431365,1.783629626833482,0.11849725364852519,0,,False,crossing,12,0.0,False,0.0,tier_b,B-16-34,CH-CR-CV-35,414,channel,cv,off
model,crossing,9.999999999999998,1.518889135394239,105.11370708903516,port,,False,collision:target,True,True,19,-347.8534086718675,-43.057700721028574,15,14,0,0,7,4.381137751112204,3.5771267736328194,0.0,0.0,0.8142869607868237,0.4207638620330658,0.5474581265040587,1.2277958770339685,0.049353420450561104,0,,False,crossing,17,1.0,True,0.0,tier_b,B-16-35,CH-CR-CV-36,415,channel,cv,off
model,crossing,9.999999999999998,1.5014576189866102,120.41661239539377,port,,True,goal,False,False,69,105.15963378613162,-16.4199896818606,7,0,0,0,9,1.9490127603364837,0.0,0.0,0.0,1.5049725595988894,0.5486901748854448,0.6623286421388199,1.816535871846205,0.5202765123997456,0,,False,crossing,13,1.0,True,0.0,tier_b,B-16-36,CH-CR-CV-37,416,channel,cv,off
model,crossing,9.999999999999996,0.7207574307825326,253.0630401790325,starboard,,True,collision:target,True,True,17,-298.021753505219,0.0,0,0,0,0,0,0.0,0.0,0.0,0.0,0.0,0.49330167619294835,0.5449382878335663,1.476585894857203,0.47257157300067737,0,,False,never,0,0.0,False,0.0,tier_b,B-16-37,CH-CR-CV-38,417,channel,cv,off
model,crossing,10.02600502475258,2.381187756434547,200.88624317815578,starboard,,True,goal,False,False,64,143.28800942941962,-9.067563725866432,9,0,0,0,2,1.656415026870743,0.0,0.0,0.0,0.19295763174583433,0.5910699990456338,0.6535184613666187,2.544792770838403,0.19182352985226353,0,,False,crossing,17,0.0,False,0.0,tier_b,B-16-38,CH-CR-CV-39,418,channel,cv,off
model,crossing,10.332651799534627,1.1017269909101186,114.68523931214582,port,,True,collision:target,True,True,23,-342.5338020317764,-24.373762971372923,8,1,0,0,8,1.7668451661304583,0.5859498052478251,0.0,0.0,2.8283173029000928,0.41051863202580346,0.5441611901355913,1.3007400335675503,0.497425483488222,0,,False,crossing,8,1.0,True,0.0,tier_b,B-16-39,CH-CR-CV-40,419,channel,cv,off
model,crossing,10.032444903732424,1.2942781848859106,151.69263570253906,port,,True,goal,False,False,62,136.05543883207997,-15.206961648567663,7,0,0,0,7,1.4339839916429273,0.0,0.0,0.0,1.8019424199855938,0.6075527259069655,0.6564325091437166,1.9327188111591467,0.14213115342165464,0,,False,crossing,13,1.0,True,0.0,tier_b,B-17-00,CH-CR-RE-01,420,channel,re,off
model,crossing,10.403832354744322,1.6530405748784907,79.9934803077295,port,,True,goal,False,False,85,18.93197594152892,-2.537641044285466,3,0,0,0,1,0.43188577168431763,0.0,0.0,0.0,0.08884588321068736,0.45896241393181225,0.7452227282904496,3.5236702935554107,1.0931207957004632,0,,False,crossing,17,0.9411764705882353,True,0.0,tier_b,B-17-01,CH-CR-RE-02,421,channel,re,off
model,crossing,9.999999999999998,0.2896347324665452,126.73482235514268,port,,False,collision:obstacle,True,False,31,-422.0548161862912,-38.12920522750622,15,0,0,0,8,7.012053221169601,0.0,0.0,0.0,0.7598981739370434,0.32522572633844116,0.5426016682638608,2.9565465507479805,0.1478445804282126,0,,False,crossing,15,1.0,True,0.0,tier_b,B-17-02,CH-CR-RE-03,422,channel,re,off
model,crossing,9.999999999999998,0.209623801767847,131.64426551627352,port,,True,goal,False,False,77,54.318947663633274,-18.204351491852506,9,2,0,0,5,1.7528427998827305,0.6798753362243469,0.0,0.0,1.3694214929161044,0.5088507242459768,0.6759473483143081,1.7066242716599593,1.0313427272485227,0,,False,crossing,21,1.0,True,0.0,tier_b,B-17-03,CH-CR-RE-04,423,channel,re,off
model,crossing,9.539793380884474,0.41129528363474,108.73690361702447,port,,True,goal,False,False,71,11.088315599534312,-38.26616478461055,20,15,0,0,12,5.6150648524219156,0.5154990961138662,0.0,0.0,1.7599718309685388,0.5479297304216416,0.6998539307880459,2.4920901883405495,1.5086844943368443,0,,False,crossing,20,1.0,True,0.0,tier_b,B-17-04,CH-CR-RE-05,424,channel,re,off
model,crossing,10.38766214327222,0.4364329695009053,97.93275583795887,port,,True,goal,False,False,85,43.7488330160662,-36.992212459141776,30,0,0,0,1,7.401568041545026,0.0,0.0,0.0,0.07876681188753365,0.4480014840785931,0.6524699360022066,3.1947195825767096,0.4708905438688024,0,,False,crossing,30,1.0,True,0.0,tier_b,B-17-05,CH-CR-RE-06,425,channel,re,off
model,crossing,9.741659449514597,0.03992098465791988,93.94729219073326,port,,False,goal,False,False,77,93.11496692488232,-6.093973010143937,6,0,0,0,3,0.8478701692013944,0.0,0.0,0.0,0.4215590383548966,0.4884641590880353,0.688493542549285,4.66387397642492,0.39176210545498824,0,,False,crossing,18,1.0,True,0.0,tier_b,B-17-06,CH-CR-RE-07,426,channel,re,off
model,crossing,10.277468321947957,2.464109586132116,83.41219642650691,port,,True,goal,False,False,63,146.96689258854647,-3.386464880768371,1,4,0,0,1,0.07002675044945891,0.36257216713321017,0.0,0.0,0.2766889419409242,0.6018476783351814,0.6625160677095334,2.7976977006054975,0.35976327345944875,0,,False,crossing,11,1.0,True,0.0,tier_b,B-17-07,CH-CR-RE-08,427,channel,re,off
model,crossing,10.0,0.5691408870417345,199.64406764820257,starboard,,False,goal,False,False,70,25.786930133005114,-22.533247872448978,9,0,0,0,10,2.2430195535738497,0.0,0.0,0.0,2.540066907168539,0.5568012955053812,0.688694085084365,1.9833949085122526,1.4426288245361518,0,,False,crossing,10,0.0,False,0.0,tier_b,B-17-08,CH-CR-RE-09,428,channel,re,off
model,crossing,9.999999999999998,0.8249627377553983,210.82299004368855,starboard,,False,collision:obstacle,True,False,61,-463.27986788177384,-21.89997013048292,15,1,0,0,3,4.232284047790698,0.0013544157310521232,0.0,0.0,0.20965771912227943,0.4323483957952677,0.5526783167462849,2.0965578033670784,1.5217212454338904,0,,False,crossing,18,0.0,False,0.0,tier_b,B-17-09,CH-CR-RE-10,429,channel,re,off
model,crossing,10.461119850872803,0.2691420095802785,158.79530086452223,port,,False,goal,False,False,62,70.19688657930008,-15.680995307886723,10,0,0,0,11,1.3272160166351235,0.0,0.0,0.0,2.0247280056761916,0.629723606629632,0.7058308810685835,2.1625332900715692,1.5133212965810539,0,,False,crossing,13,1.0,True,0.0,tier_b,B-17-10,CH-CR-RE-11,430,channel,re,off
model,crossing,9.999999999999998,1.8303027036780393,282.35571102432937,starboard,,True,goal,False,False,88,-13.787112642759013,-10.987446722207029,9,0,0,0,2,2.0798042946788198,0.0,0.0,0.0,0.15387010301041587,0.47132240213856175,0.6637426374381639,3.1692609154507845,1.7737481275634401,0,,False,crossing,15,0.0,False,0.0,tier_b,B-17-11,CH-CR-RE-12,431,channel,re,off
model,crossing,10.045656895937908,1.0561252182619496,104.19748519670226,port,,True,goal,False,False,95,-129.27997593009587,-29.613916545684976,18,0,0,0,1,5.864389233233484,0.0,0.0,0.0,0.1300421869287166,0.41519116310789467,0.6649379029311338,5.902768774018721,1.6579226782916106,0,,False,crossing,21,1.0,True,0.0,tier_b,B-17-12,CH-CR-RE-13,432,channel,re,off
model,crossing,9.341069438347098,0.5467918540043817,100.41428502966212,port,,True,goal,False,False,159,-1495.2811343394778,-33.942593162784064,25,2,0,0,3,5.989408537937474,0.5236367094294327,0.0,0.0,0.37844870851508317,0.24978530527488316,0.5756034048087434,5.4801333229998885,1.9876654574151935,0,,False,crossing,25,1.0,True,0.0,tier_b,B-17-13,CH-CR-RE-14,433,channel,re,off
model,crossing,9.999999999999996,1.7875482126561177,90.97813427056361,port,,True,goal,False,False,89,-8.639485836710264,-9.977078760604837,18,0,0,0,1,2.0142705987369616,0.0,0.0,0.0,0.0014309548570837828,0.4349075144658472,0.6853910996818271,5.265062018110758,1.102631237249053,0,,False,crossing,33,1.0,True,0.0,tier_b,B-17-14,CH-CR-RE-15,434,channel,re,off
model,crossing,9.765986862796597,1.5784101614043167,103.93702228032436,port,,True,goal,False,False,73,71.64801658374603,-46.05993699290858,14,1,0,0,2,8.353173615360962,0.6727502935375277,0.0,0.0,0.3070252541913467,0.5178213503804721,0.6721749396762514,2.4095293840720595,0.4565128199434415,0,,False,crossing,22,1.0,True,0.0,tier_b,B-17-15,CH-CR-RE-16,435,channel,re,off
model,crossing,9.556140928413907,2.123531315453154,260.4234362826908,starboard,,True,goal,False,False,70,113.83552282429612,-10.85034271665747,7,0,0,0,2,2.0024495958800226,0.0,0.0,0.0,0.20849271490030216,0.540856577253355,0.6726955214894385,3.4061257237562876,0.318721876364381,0,,False,crossing,19,0.0,False,0.0,tier_b,B-17-16,CH-CR-RE-17,436,channel,re,off
model,crossing,10.217995387733058,1.3314203302408643,83.77046926715254,port,,True,goal,False,False,79,2.421664126334349,-32.70588597979511,17,0,0,0,1,6.353490382491097,0.0,0.0,0.0,0.2791352414364837,0.4924483701476942,0.7225622319022916,4.365203502490036,1.0170552908783888,0,,False,crossing,17,1.0,True,0.0,tier_b,B-17-17,CH-CR-RE-18,437,channel,re,off
model,crossing,10.207378360449392,1.5844336201437557,125.92517244226904,port,,True,goal,False,False,77,98.74812660394002,0.0,0,0,0,0,0,0.0,0.0,0.0,0.0,0.0,0.49994710172750007,0.6781230532377847,3.8869174168120075,0.9491670004011923,0,,False,never,0,0.0,False,0.0,tier_b,B-17-18,CH-CR-RE-19,438,channel,re,off
model,crossing,9.999999999999998,0.3727159733997451,130.07046770830436,port,,False,goal,False,False,65,129.1914951097674,-19.39135387821102,7,1,0,0,8,2.3103660799400982,0.005275425187948227,0.0,0.0,1.7619840950727093,0.5824987227898942,0.6479091247176768,2.0465205638440516,0.11536302121071983,0,,False,crossing,15,1.0,True,0.0,tier_b,B-17-19,CH-CR-RE-20,439,channel,re,off
model,crossing,9.999999999999996,0.8984139093786236,98.7509455568568,port,,True,goal,False,False,82,51.421524395077,0.0,0,0,0,0,0,0.0,0.0,0.0,0.0,0.0,0.46788768637695505,0.6873057021804416,5.035829604556834,0.9391830561375447,0,,False,crossing,16,1.0,True,0.0,tier_b,B-17-20,CH-CR-RE-21,440,channel,re,off
model,crossing,9.896901076331547,0.4560571781070477,86.4935881067928,port,,True,collision:boundary,True,False,124,-568.4345070818423,-55.242916046394384,22,14,38,0,3,2.6464941546781895,2.481392168305129,8.047229677297441,0.0,0.19774486874581335,0.36743840844853615,0.578862722157492,2.7588636661972386,2.546148489737621,0,,False,overtaking,68,0.0,False,0.0,tier_b,B-17-21,CH-CR-RE-22,441,channel,re,off
model,crossing,9.805841980493193,0.5489317560852656,92.94542157554166,port,,True,goal,False,False,122,-260.8206558965535,-73.11745618772275,44,3,0,0,1,13.544987602351647,1.2008330798698108,0.0,0.0,0.027920846828113438,0.3449036145277759,0.550502598588217,2.3339293500290355,1.8351715309941865,0,,False,crossing,46,1.0,True,0.0,tier_b,B-17-22,CH-CR-RE-23,442,channel,re,off
model,crossing,9.999999999999998,0.4857658445129803,104.69842530285237,port,,True,goal,False,False,77,55.79147238595752,-13.972247167271247,15,1,0,0,7,1.0917645639008386,0.46450347681197435,0.0,0.0,1.393048970165072,0.5065446797841981,0.6769921049772092,1.8549506213789273,1.2007951263018504,0,,False,crossing,20,1.0,True,0.0,tier_b,B-17-23,CH-CR-RE-24,443,channel,re,off
model,crossing,10.03849068308839,0.580869995113466,139.7673374732422,port,,True,goal,False,False,76,89.2478783372211,0.0,0,0,0,0,0,0.0,0.0,0.0,0.0,0.0,0.5214437033459538,0.6828879924519237,1.8212518340076087,1.2711619872517699,0,,False,never,0,0.0,False,0.0,tier_b,B-17-24,CH-CR-RE-25,444,channel,re,off
model,crossing,10.011622137361226,1.345087842694265,102.32646836446386,port,,True,goal,False,False,84,72.81707744857654,-2.7881057095691757,6,0,0,0,2,0.5121045532730171,0.0,0.0,0.0,0.05626403797060913,0.4532972634073262,0.6566612783687746,3.783726164422805,0.7204905381078671,0,,False,crossing,13,1.0,True,0.0,tier_b,B-17-25,CH-CR-RE-26,445,channel,re,off
model,crossing,9.713310792946782,1.0210054724874489,256.7080465087272,starboard,,True,goal,False,False,73,116.38557485890232,-0.13972054258578404,0,0,0,0,1,0.0,0.0,0.0,0.0,0.031049009463507565,0.5252115359861075,0.6530979169938381,3.007224243677228,0.5566138638426773,0,,False,crossing,16,0.0,False,0.0,tier_b,B-17-26,CH-CR-RE-27,446,channel,re,off
model,crossing,10.0,1.4984253593144752,260.33486387927996,starboard,,True,goal,False,False,79,56.588449513767536,-3.007255574597971,3,0,0,0,3,0.44480324491972023,0.0,0.0,0.0,0.1789954471656346,0.4942059332972924,0.6384206096055954,3.268529751700991,1.3042202534967555,0,,False,crossing,14,0.0,False,0.0,tier_b,B-17-27,CH-CR-RE-28,447,channel,re,off
model,crossing,10.050330900930271,2.353396912113235,169.59944517726788,port,,True,goal,False,False,62,150.92421312725756,-4.255917631774127,7,0,0,0,1,0.8209694110519774,0.0,0.0,0.0,0.042693121570408686,0.6137420297062981,0.6826248833119762,2.657146125177601,0.2638964745639754,0,,False,crossing,14,1.0,True,0.0,tier_b,B-17-28,CH-CR-RE-29,448,channel,re,off
model,crossing,9.553583296279461,1.7550839660311657,103.50513296982905,port,,True,goal,False,False,82,45.28419186015383,-4.925891103925202,14,0,0,0,0,0.9951295159444853,0.0,0.0,0.0,0.0,0.4696165755824674,0.6586256284016716,4.375811017703333,0.9571624258742344,0,,False,crossing,27,1.0,True,0.0,tier_b,B-17-29,CH-CR-RE-30,449,channel,re,off
model,crossing,10.365636036180952,0.8420630343144048,164.96252725909488,port,,False,goal,False,False,68,54.22715049651556,-24.767234519394574,14,0,0,0,7,3.930700952552854,0.0,0.0,0.0,1.1800588453906542,0.5705203621793312,0.6851686843563116,2.0630600471274603,1.6171107831993343,0,,False,crossing,16,1.0,True,0.0,tier_b,B-17-30,CH-CR-RE-31,450,channel,re,off
model,crossing,10.0,0.655812898662872,88.91048160485042,port,,True,goal,False,False,110,-139.00304967907664,-50.639082927020745,47,1,0,0,3,9.39832801309022,0.726935233891852,0.0,0.0,0.11533996765766244,0.36132624210753206,0.651446361272479,2.260112476333651,1.5901946146407662,0,,False,crossing,53,1.0,True,0.0,tier_b,B-17-31,CH-CR-RE-32,451,channel,re,off
model,crossing,9.857950269228823,0.012513022187234657,287.72434676131627,starboard,,False,goal,False,False,83,40.64771750248274,-3.7264804091721833,5,2,0,0,0,0.2396584154335804,0.513165909651709,0.0,0.0,0.0,0.47061345144476596,0.6439365126345685,3.031654390064613,1.2855688403995704,0,,False,overtaking,8,0.0,False,0.0,tier_b,B-17-32,CH-CR-RE-33,452,channel,re,off
model,crossing,9.999999999999996,0.7575551959410318,80.79858049917256,port,,True,collision:boundary,True,False,120,-584.4742640762754,-118.26432795759571,57,5,43,0,7,13.392793714350752,1.8218272722131426,11.122302488396002,0.0,0.6470366924175133,0.37993033416332644,0.5729851738301599,2.418976212040381,1.7450727987474237,0,,False,overtaking,74,0.0,False,0.0,tier_b,B-17-33,CH-CR-RE-34,453,channel,re,off
model,crossing,9.999999999999996,0.2613821639448691,132.66302036200446,port,,True,goal,False,False,85,4.581973585764402,-1.549435735465081,6,0,0,0,1,0.29190291399027307,0.0,0.0,0.0,0.023225846936273175,0.45658973913900625,0.6929054002497097,3.4233383728584044,1.3962641475323732,0,,False,crossing,8,1.0,True,0.0,tier_b,B-17-34,CH-CR-RE-35,454,channel,re,off
model,crossing,10.143511702745936,1.705619958133799,246.1961839587313,starboard,,True,goal,False,False,67,108.71443814212132,0.0,0,0,0,0,0,0.0,0.0,0.0,0.0,0.0,0.5817012833880114,0.708415035463937,3.1504593240172136,1.1278218152385973,0,,False,never,0,0.0,False,0.0,tier_b,B-17-35,CH-CR-RE-36,455,channel,re,off
model,crossing,10.673743517747731,1.773987213896876,104.60632309410593,port,,True,goal,False,False,103,-93.77510206036196,-1.6083632705785131,3,0,0,0,3,0.173314841402107,0.0,0.0,0.0,0.1667677345862407,0.3870923905217354,0.6227153955927994,4.0966844393193975,1.9519390842112292,0,,False,crossing,6,1.0,True,0.0,tier_b,B-17-36,CH-CR-RE-37,456,channel,re,off
model,crossing,9.999999999999998,1.593544391828022,271.3226415550648,starboard,,True,goal,False,False,100,-84.37289592593737,-4.007896522560899,7,0,0,0,0,0.809676065163818,0.0,0.0,0.0,0.0,0.40565126711508703,0.588783398093711,3.3752313333197144,2.175052585927291,0,,False,crossing,24,0.0,False,0.0,tier_b,B-17-37,CH-CR-RE-38,457,channel,re,off
model,crossing,9.999999999999998,0.15663184116043033,230.76844115162385,starboard,,True,goal,False,False,70,71.25256363137792,-2.4781247817549765,0,0,0,0,2,0.0,0.0,0.0,0.0,0.5506943959455504,0.5594907927192685,0.6925178058530107,2.2469560006924953,1.7522021088350261,0,,False,crossing,17,0.0,False,0.0,tier_b,B-17-38,CH-CR-RE-39,458,channel,re,off
model,crossing,10.627674372733418,1.3693303639455499,259.10184440537046,starboard,,True,goal,False,False,73,116.24275374957008,-8.80580773761061,6,0,0,0,2,1.563576304040033,0.0,0.0,0.0,0.2369122294694323,0.5196938849725006,0.6690201468325502,2.9424417195213635,0.39399754843608886,0,,False,crossing,20,0.0,False,0.0,tier_b,B-17-39,CH-CR-RE-40,459,channel,re,off
model,crossing,10.096982588173823,2.4373061035910357,249.01169408230123,starboard,,True,goal,False,False,69,127.49275208966813,-7.4385566449494664,6,0,0,0,3,1.133574373013934,0.0,0.0,0.0,0.40608077745122084,0.5488373895439478,0.6460497816320007,2.9661439380720536,0.26253550757863575,0,,False,crossing,11,0.0,False,0.0,tier_b,B-18-00,CH-CR-NC-01,460,channel,nc,off
model,crossing,10.230458144613126,0.18862936319840817,72.27943745748438,port,,True,goal,False,False,85,-50.10103008169722,-66.60551396197135,27,1,0,0,10,11.336441689543712,0.5463023588113205,0.0,0.0,1.730206871691986,0.4489377338520115,0.6902462434475426,2.1993234280861014,0.9919593579665164,0,,False,crossing,29,1.0,True,0.0,tier_b,B-18-01,CH-CR-NC-02,461,channel,nc,off
model,crossing,9.999999999999996,0.5605275371573382,236.6996861183659,starboard,,True,goal,False,False,72,108.17086983443528,-18.194642787936395,3,2,0,0,5,1.067451097525549,1.1538830559914728,0.0,0.0,1.5997863840060305,0.5284767511862003,0.6646640555857904,1.2730735790141765,0.464413366446803,0,,False,crossing,17,0.0,False,0.0,tier_b,B-18-02,CH-CR-NC-03,462,channel,nc,off
model,crossing,10.0,1.6069779417303356,261.56184260795754,starboard,,True,goal,False,False,74,61.830261271846744,-13.37646447692709,7,0,0,0,3,2.160324605928038,0.0,0.0,0.0,0.5961905950185112,0.524261809277622,0.6828999568655091,2.7566955547766057,1.198144545305527,0,,False,crossing,18,0.0,False,0.0,tier_b,B-18-03,CH-CR-NC-04,463,channel,nc,off
model,crossing,10.120533011347693,1.6766355323311828,193.6785911758891,starboard,,True,goal,False,False,67,85.87504249054655,-15.483119936522478,14,1,0,0,4,2.5310733543522574,0.0012545228339194872,0.0,0.0,0.6551326543224217,0.5737452782407736,0.7244556025574792,2.066213680158039,1.0657092827064396,0,,False,crossing,18,0.0,False,0.0,tier_b,B-18-04,CH-CR-NC-05,464,channel,nc,off
model,crossing,9.989627893115838,2.2714383827594067,279.611928047069,starboard,,True,goal,False,False,74,47.321892471402165,-17.45765225959918,13,0,0,0,1,3.239848481601807,0.0,0.0,0.0,0.315644950148942,0.5248394697497086,0.7294752678335704,3.279872100813167,0.8510291553375474,0,,False,crossing,16,0.0,False,0.0,tier_b,B-18-05,CH-CR-NC-06,465,channel,nc,off
model,crossing,10.33517370421339,1.5488416180659428,246.68321653544996,starboard,,True,goal,False,False,72,31.20954874562267,-16.186506031189165,10,0,0,0,7,2.244294468950635,0.0,0.0,0.0,1.12827742441856,0.538574155397921,0.7600143940082704,1.7649276883250413,1.2351514421951397,0,,False,crossing,14,0.0,False,0.0,tier_b,B-18-06,CH-CR-NC-07,466,channel,nc,off
model,crossing,9.80488889893383,2.029277601006364,254.0894488282647,starboard,,True,collision:target,True,True,17,-320.34173008763827,-14.973495126100001,6,15,0,0,1,0.4049606068657654,2.4163502784040434,0.0,0.0,0.2240013875587664,0.41740382262912656,0.5845313382232394,1.107419004316794,0.28583019800264337,0,,False,crossing,15,0.0,False,0.0,tier_b,B-18-07,CH-CR-NC-08,467,channel,nc,off
model,crossing,9.999999999999996,0.8940453944354199,90.77842404716579,port,,False,collision:target,True,True,19,-334.6863411477953,-28.031721891455415,13,5,0,0,4,2.6669676293369684,2.1180486265235645,0.0,0.0,0.9657536499879495,0.4098932044624112,0.5437099252798353,1.4870912783886194,0.1739287395005836,0,,False,crossing,16,1.0,True,0.0,tier_b,B-18-08,CH-CR-NC-09,468,channel,nc,off
model,crossing,10.0,1.487359367920712,96.18257069179411,port,,False,collision:target,True,True,20,-337.5634624440976,-26.78080961274315,17,9,0,0,5,2.4306105076939146,2.1697570912835937,0.0,0.0,0.8908866661787729,0.3908307194567352,0.5846271479884798,1.2665256475390043,0.13420229329534292,0,,False,crossing,17,1.0,True,0.0,tier_b,B-18-09,CH-CR-NC-10,469,channel,nc,off
model,crossing,9.871011581374821,0.5560250340115364,105.04257827061352,port,,True,collision:target,True,True,23,-329.35595966688237,-9.330858003438113,10,2,0,0,2,1.3944594334389708,0.3085964418178654,0.0,0.0,0.20016253798150496,0.3829421954629962,0.5472310196040726,1.6066860463599462,0.1110361682395709,0,,False,crossing,17,1.0,True,0.0,tier_b,B-18-10,CH-CR-NC-11,470,channel,nc,off
model,crossing,10.0,0.3350854099220943,112.45241001005,port,,False,collision:target,True,True,15,-322.5355236615773,-17.696111100984727,6,2,0,0,3,2.049081347863476,0.5530123407539027,0.0,0.0,1.0701660760730451,0.4039598350841439,0.5445451747137472,1.5452994465950813,0.10525775788077579,0,,False,crossing,10,1.0,True,0.0,tier_b,B-18-11,CH-CR-NC-12,471,channel,nc,off
model,crossing,10.25869037419384,1.6049202117195027,75.47191122464527,port,,True,goal,False,False,82,69.61043782885324,-15.737529505682076,19,0,0,0,2,3.072459855976509,0.0,0.0,0.0,0.11752293746630102,0.462551025646687,0.6919212518677931,3.799867069813506,0.2855135463015372,0,,False,crossing,24,0.9583333333333334,True,0.0,tier_b,B-18-12,CH-CR-NC-13,472,channel,nc,off
model,crossing,10.40528420556436,2.3839008376055872,258.2686201317189,starboard,,True,goal,False,False,73,67.59309395128466,-9.497794741727171,7,0,0,0,4,1.5576180777131114,0.0,0.0,0.0,0.39724116823272637,0.5377644135915732,0.6978196099176115,2.8712333941707615,1.1270884481666268,0,,False,crossing,11,0.0,False,0.0,tier_b,B-18-13,CH-CR-NC-14,473,channel,nc,off
model,crossing,10.0,1.639282222318936,80.31698153157868,port,,True,goal,False,False,84,46.670440190896436,-29.339967225463003,16,0,0,0,2,5.81442935621462,0.0,0.0,0.0,0.12412042493347496,0.4526214435098229,0.6858722638257965,3.419750502995906,0.6552308374553159,0,,False,crossing,27,1.0,True,0.0,tier_b,B-18-14,CH-CR-NC-15,474,channel,nc,off
model,crossing,10.084663219244844,1.8966245177340153,120.89376087678897,port,,True,goal,False,False,71,75.2046450272039,0.0,0,0,0,0,0,0.0,0.0,0.0,0.0,0.0,0.5384527466742449,0.6960594200936913,1.9305061720609733,1.464929336454982,0,,False,never,0,0.0,False,0.0,tier_b,B-18-15,CH-CR-NC-16,475,channel,nc,off
model,crossing,9.170477809113882,2.199785674415092,207.75496942975678,starboard,,True,goal,False,False,70,42.41366194356833,-9.81217892698634,13,2,0,0,1,1.839646065044022,0.016254371879062417,0.0,0.0,0.1389937253815711,0.5503663972460165,0.7155508284267547,2.386956339601697,1.0207539007648743,0,,False,crossing,17,0.0,False,0.0,tier_b,B-18-16,CH-CR-NC-17,476,channel,nc,off
model,crossing,9.999999999999996,2.23788328628969,112.45113624889038,port,,True,goal,False,False,80,61.523203831367915,-5.426970505074254,2,0,0,0,4,0.5789872977670252,0.0,0.0,0.0,0.5691074180283289,0.4853638802026342,0.6924332494101234,2.5576650013100632,1.3256408925333103,0,,False,crossing,5,1.0,True,0.0,tier_b,B-18-17,CH-CR-NC-18,477,channel,nc,off
model,crossing,9.52350209495717,1.7918558631465618,277.972003869809,starboard,,True,goal,False,False,71,80.58716885200454,-2.312650746203457,0,0,0,0,4,0.0,0.0,0.0,0.0,0.5139223880452127,0.5503791501536722,0.6845088895988313,2.859382920087246,1.5775901299448476,0,,False,crossing,15,0.0,False,0.0,tier_b,B-18-18,CH-CR-NC-19,478,channel,nc,off
model,crossing,11.079880984547893,2.143370505413022,277.23846477765125,starboard,,True,goal,False,False,74,108.017525267503,-5.008060107503275,14,0,0,0,1,1.0081469042928703,0.0,0.0,0.0,0.003940651389681549,0.5103571986324505,0.6453919738929744,4.025763461416876,0.5008149863009546,0,,False,crossing,21,0.0,False,0.0,tier_b,B-18-19,CH-CR-NC-20,479,channel,nc,off
model,crossing,9.38635474088374,0.493358430148024,97.62277272816647,port,,True,collision:target,True,True,19,-359.41856232798966,-44.67571575444874,17,5,0,0,7,5.970545608839046,1.3106296600597316,0.0,0.0,1.9186440385332861,0.4065584599393046,0.5607372313640735,1.322378112838661,0.3078495701539503,0,,False,crossing,17,1.0,True,0.0,tier_b,B-18-20,CH-CR-NC-21,480,channel,nc,off
model,crossing,10.00089866026257,2.177843422527538,148.09389521242662,port,,True,goal,False,False,67,21.444283276419796,-33.22222197820642,17,5,0,0,3,6.28333961129141,0.011160484031460027,0.0,0.0,0.45876589030182363,0.5908934511519218,0.6932387325309198,2.7210624990447276,1.7491258011116433,0,,False,crossing,17,1.0,True,0.0,tier_b,B-18-21,CH-CR-NC-22,481,channel,nc,off
model,crossing,10.0,2.2532271112099638,96.55621463418686,port,,True,goal,False,False,78,98.13263713005887,-3.5549155698330526,6,0,0,0,1,0.6927823937590106,0.0,0.0,0.0,0.027920604605766595,0.48867716648134246,0.6342770822911795,3.3403195341830387,0.4500846913824521,0,,False,crossing,13,1.0,True,0.0,tier_b,B-18-22,CH-CR-NC-23,482,channel,nc,off
model,crossing,10.333495543590509,1.0785492496493168,165.4520628173031,port,,True,goal,False,False,65,130.8062859160612,-19.445482221609083,13,2,0,0,9,2.409343815439659,0.034038133313744084,0.0,0.0,1.6334981278399408,0.5781353846483944,0.6418859055613679,1.4757127876543037,0.44141758868466024,0,,False,crossing,18,1.0,True,0.0,tier_b,B-18-23,CH-CR-NC-24,483,channel,nc,off
model,crossing,10.0,2.2324311641628753,270.24292846985963,starboard,,True,goal,False,False,72,53.95969842714143,-7.353891017058828,7,0,0,0,1,1.470329470814875,0.0,0.0,0.0,0.016835585894487828,0.5260070177458707,0.6673673161538332,2.9975548999873465,0.6298829283880203,0,,False,crossing,7,0.0,False,0.0,tier_b,B-18-24,CH-CR-NC-25,484,channel,nc,off
model,crossing,10.376209911594747,1.1327718939395215,83.30150631928323,port,,False,collision:target,True,True,21,-351.2223692167956,-43.93092008251625,17,10,0,0,4,3.910042919256753,4.52918365479629,0.0,0.0,0.4792774535452617,0.4117627926769923,0.6045982617035187,1.1793448820848662,0.3501550163526724,0,,False,crossing,17,1.0,True,0.0,tier_b,B-18-25,CH-CR-NC-26,485,channel,nc,off
model,crossing,9.691830656271154,0.008491864964993157,252.82125986408926,starboard,,True,goal,False,False,77,85.52691919776174,-12.884557785237854,5,5,0,0,4,0.8485403457359268,1.5610448862297086,0.0,0.0,0.21269130822399085,0.4983827179539198,0.6336850882847931,2.0667628345801767,0.849298767886875,0,,False,crossing,14,0.0,False,0.0,tier_b,B-18-26,CH-CR-NC-27,486,channel,nc,off
model,crossing,10.0,1.4435767633251495,240.09587512844007,starboard,,True,collision:target,True,True,21,-302.7441215414521,0.0,0,0,0,0,0,0.0,0.0,0.0,0.0,0.0,0.483155392631422,0.6034625074340286,1.3743178707615378,0.6660459717106167,0,,False,never,0,0.0,False,0.0,tier_b,B-18-27,CH-CR-NC-28,487,channel,nc,off
model,crossing,10.0,0.6486183284545449,200.23095550430182,starboard,,False,collision:target,True,True,18,-348.57550302565386,-39.69246937701843,9,0,0,0,9,3.9216408172411725,0.0,0.0,0.0,4.506743851483252,0.40552219390453204,0.5435701481673723,1.093240429652017,0.31382583198610514,0,,False,crossing,9,0.0,False,0.0,tier_b,B-18-28,CH-CR-NC-29,488,channel,nc,off
model,crossing,10.0,0.15458308923405523,251.8059400117267,starboard,,True,collision:target,True,True,23,-350.3164526039121,-22.676547826041446,8,2,0,0,8,2.6128307665786896,0.6973668360594079,0.0,0.0,1.3980154873295254,0.3618660793950649,0.5449105096576629,1.3514542628927355,0.22065524098015785,0,,False,crossing,20,0.0,False,0.0,tier_b,B-18-29,CH-CR-NC-30,489,channel,nc,off
model,crossing,10.465219517731311,1.903477610200674,114.42610481038736,port,,True,collision:target,True,True,24,-315.1920853277854,0.0,0,0,0,0,0,0.0,0.0,0.0,0.0,0.0,0.43873690055207776,0.5438115524923703,1.5611667781222789,0.5902083659021224,0,,False,never,0,0.0,False,0.0,tier_b,B-18-30,CH-CR-NC-31,490,channel,nc,off
model,crossing,9.999999999999998,1.8674390403958552,142.51632143923706,port,,True,goal,False,False,83,-28.326174593012254,-3.861969100950007,0,3,0,0,3,0.0,0.0704363696314634,0.0,0.0,0.7807353491720584,0.47678815987183343,0.7338331896152773,1.4270455806361186,1.7546558200877687,0,,False,crossing,17,1.0,True,0.0,tier_b,B-18-31,CH-CR-NC-32,491,channel,nc,off
model,crossing,9.999999999999998,2.283707904880839,260.22764068647007,starboard,,True,goal,False,False,75,110.14424438412573,-9.189822831308813,9,0,0,0,2,1.7417120408495423,0.0,0.0,0.0,0.1262996064674618,0.5014859669840659,0.6187398528209668,3.179388871637496,0.28027869392637067,0,,False,crossing,17,0.0,False,0.0,tier_b,B-18-32,CH-CR-NC-33,492,channel,nc,off
model,crossing,9.999999999999998,1.826132245476665,269.43712513022115,starboard,,True,goal,False,False,77,65.77176835393959,-8.717766673884432,7,0,0,0,4,1.4897381719042728,0.0,0.0,0.0,0.29856949399072924,0.5106080161969162,0.6649158495530165,3.3047828218458246,1.2645290684079875,0,,False,crossing,23,0.0,False,0.0,tier_b,B-18-33,CH-CR-NC-34,493,channel,nc,off
model,crossing,9.999999999999998,0.7286889367192464,239.76411050547767,starboard,,True,collision:target,True,True,23,-345.13045151065853,-27.382244341740655,11,6,0,0,9,2.1217389696690585,1.1101479225421995,0.0,0.0,2.529867605621095,0.3760592462695151,0.5446092484980464,1.6755432530139687,0.10040060255320608,0,,False,crossing,21,0.0,False,0.0,tier_b,B-18-34,CH-CR-NC-35,494,channel,nc,off
model,crossing,9.760709998378125,0.6966617910576528,284.5629319061185,starboard,,True,goal,False,False,81,-13.597398982475084,-12.42202190158743,5,1,0,0,2,1.2129276617992797,0.7506072395804044,0.0,0.0,0.6005609199462207,0.4828350702771342,0.6792444204156252,2.3337731709316603,1.1325226914840103,0,,False,crossing,19,0.0,False,0.0,tier_b,B-18-35,CH-CR-NC-36,495,channel,nc,off
model,crossing,10.0,0.6328402489969476,86.54792639553591,port,,True,goal,False,False,83,39.731675143383896,-34.62975243188924,18,0,0,0,7,6.297335010525325,0.0,0.0,0.0,0.7684320288419703,0.45778134937507686,0.6922326898453764,2.4206166733807564,0.5504166175408973,0,,False,crossing,26,1.0,True,0.0,tier_b,B-18-36,CH-CR-NC-37,496,channel,nc,off
model,crossing,10.054465628799555,1.0793549328252519,133.7984218058873,port,,False,collision:target,True,True,22,-356.7256948891273,-50.61868186579999,13,9,0,0,9,5.857892274812775,2.4476466358862203,0.0,0.0,2.1125031684088813,0.40884729436217,0.5777447665691786,1.2102313948571755,0.08751968561503443,0,,False,crossing,20,1.0,True,0.0,tier_b,B-18-37,CH-CR-NC-38,497,channel,nc,off
model,crossing,10.045978558751049,2.0712282718954764,291.44065707012226,starboard,,True,goal,False,False,75,86.089162690401,-2.110238718667888,2,0,0,0,3,0.25601513055052916,0.0,0.0,0.0,0.18732529387617083,0.5138772936814148,0.6877287116462473,3.8199325328606086,0.9468370182746465,0,,False,crossing,18,0.0,False,0.0,tier_b,B-18-38,CH-CR-NC-39,498,channel,nc,off
model,crossing,10.192515747177305,0.4442953880563588,93.97645296752279,port,,True,collision:obstacle,True,False,85,-613.9816470362422,-65.62167481904537,21,5,0,0,4,9.096032375477225,3.043737942440589,0.0,0.0,1.2288470545227086,0.26682914196837015,0.5427814050574324,1.6431748521833136,1.7030239766029969,0,,False,crossing,21,1.0,True,0.0,tier_b,B-18-39,CH-CR-NC-40,499,channel,nc,off
model,overtaking,10.018472917646436,1.8890794814792784,1.5767284165258655,,,,goal,False,False,64,83.21016280053547,-9.008373683643937,18,0,0,0,0,1.8198734714432194,0.0,0.0,0.0,0.0,0.6003461613087535,0.8640284808962521,4.015228704442956,1.3916965946283386,0,,False,overtaking,48,0.0,False,0.0,tier_b,B-19-00,CH-OT-CV-01,500,channel,cv,off
model,overtaking,9.79454799711857,1.462510712415506,7.140706293694446,,,,goal,False,False,60,77.47392786378991,-8.992785354811534,16,0,0,0,0,1.8167243141033407,0.0,0.0,0.0,0.0,0.639079658017368,0.8411403618780547,3.640949464818469,1.4540903856602434,0,,False,overtaking,34,0.0,False,0.0,tier_b,B-19-01,CH-OT-CV-02,501,channel,cv,off
model,overtaking,9.7594546180176,1.5278232961066804,2.234052733317469,,,,goal,False,False,61,70.86189883234843,-18.929071484656426,30,0,0,0,1,3.8171836295900676,0.0,0.0,0.0,0.007558337374575452,0.6356064493396989,0.8492769086278011,3.769011309472348,1.4083693056193842,0,,False,overtaking,32,0.0,False,0.0,tier_b,B-19-02,CH-OT-CV-03,502,channel,cv,off
model,overtaking,10.090844011652912,1.8048767855522263,8.465492255596303,,,,goal,False,False,65,84.157896344573,-58.55050797299684,12,13,43,0,3,1.06613605346306,0.4822799448577613,14.127251100487326,0.0,0.006165515456531999,0.5792350237025956,0.6958403853283864,2.08736999159095,0.21972061229788054,0,,False,overtaking,48,0.0,False,0.0,tier_b,B-19-03,CH-OT-CV-04,503,channel,cv,off
model,overtaking,9.999999999999996,1.3109112083486332,-7.093137823178724,,,,goal,False,False,60,74.66770382755807,-19.344829109992432,13,3,1,0,0,3.5004964078251004,0.2716128634102804,0.18691339371591495,0.0,0.0,0.6425586120467474,0.8305596059412865,3.4219678461298315,1.3901348530728335,0,,False,overtaking,34,0.0,False,0.0,tier_b,B-19-04,CH-OT-CV-05,504,channel,cv,off
model,overtaking,10.067200966736781,1.79687587956281,-5.637209320017296,,,,goal,False,False,58,87.8939843058113,-38.5957363873587,9,0,34,0,1,1.0231368997403374,0.0,9.287309985229204,0.0,0.021531730404197116,0.6540627474016306,0.7701695508964969,2.7476884612024595,0.7396841890093931,0,,False,overtaking,39,0.0,False,0.0,tier_b,B-19-05,CH-OT-CV-06,505,channel,cv,off
model,overtaking,9.999999999999998,0.7259192527173752,-4.551015201288633,,,,goal,False,False,64,82.50433506440646,-8.22547239744967,16,0,0,0,2,1.6266197817547354,0.0,0.0,0.0,0.03860099505860604,0.600237537846271,0.8523398530228963,2.900646457401035,1.487585368043623,0,,False,overtaking,38,0.0,False,0.0,tier_b,B-19-06,CH-OT-CV-07,506,channel,cv,off
model,overtaking,10.318046899960208,0.012683608140338976,-9.573760891804282,,,,goal,False,False,77,8.279021826765103,-55.836226042457746,37,10,2,0,9,8.181704485937908,1.0468762209045528,0.21910847783182408,0.0,2.0813246718651084,0.511935307955836,0.8121942694981515,2.066290366797274,1.6548383830330406,0,,False,overtaking,67,0.0,False,0.0,tier_b,B-19-07,CH-OT-CV-08,507,channel,cv,off
model,overtaking,10.320612916071058,0.4651663696699002,-9.65991275970643,,,,goal,False,False,61,66.90851674415842,-26.95391972143445,29,0,0,0,0,5.445236307360494,0.0,0.0,0.0,0.0,0.6309931274485538,0.7941958214093962,3.1172251121409693,1.7454446041669471,0,,False,overtaking,40,0.0,False,0.0,tier_b,B-19-08,CH-OT-CV-09,508,channel,cv,off
model,overtaking,9.957821728324154,1.3537570074249259,-4.049082541308211,,,,goal,False,False,63,64.03371951988386,0.0,0,0,0,0,0,0.0,0.0,0.0,0.0,0.0,0.6231255680593166,0.783318571665371,3.6284655550731206,1.9125451198998364,0,,False,never,0,0.0,False,0.0,tier_b,B-19-09,CH-OT-CV-10,509,channel,cv,off
model,overtaking,10.65374766903253,1.1543837437277702,-6.952958051398117,,,,goal,False,False,72,-38.2026686651665,-25.13568415785332,22,2,0,0,2,4.9943091931423105,0.0697979507003041,0.0,0.0,0.015189732407193299,0.5636713685157415,0.8301785913146489,3.3870273245142264,1.7036279413437514,0,,False,overtaking,36,0.0,False,0.0,tier_b,B-19-10,CH-OT-CV-11,510,channel,cv,off
model,overtaking,10.0,1.4518131764187319,-9.906135129256032,,,,goal,False,False,66,54.76699738651774,-8.70102842147896,5,1,8,0,0,0.36487846504883703,0.011692195701862983,1.8991676807674984,0.0,0.0,0.5784458741274692,0.8817271940587069,2.781429981916629,0.9018309194416214,0,,False,overtaking,37,0.0,False,0.0,tier_b,B-19-11,CH-OT-CV-12,511,channel,cv,off
model,overtaking,9.003614550224231,0.38049966256705137,-7.176384964118354,,,,goal,False,False,65,-9.23053599228696,-69.18672432944153,20,0,38,0,0,4.803574362416705,0.0,12.61361978763301,0.0,0.0,0.5889643966224883,0.6970805975183512,2.19915684889007,1.502307783247153,0,,False,overtaking,53,0.0,False,0.0,tier_b,B-19-12,CH-OT-CV-13,512,channel,cv,off
model,overtaking,10.028158839058294,1.2745074657110176,-6.624315004851078,,,,goal,False,False,63,70.34109724186317,-20.25211523073247,43,0,0,0,0,4.091336410248982,0.0,0.0,0.0,0.0,0.606010033861184,0.8320406605059968,3.5750532549969893,1.6070112790017013,0,,False,overtaking,43,0.0,False,0.0,tier_b,B-19-13,CH-OT-CV-14,513,channel,cv,off
model,overtaking,10.0,1.6581162199247887,-8.155944043287045,,,,goal,False,False,61,92.18174313994805,-4.229550014981775,20,1,0,0,0,0.8490076888560897,0.005446859625076817,0.0,0.0,0.0,0.630612827123796,0.8450658617408698,3.585491022167465,1.2471971095274939,0,,False,overtaking,38,0.0,False,0.0,tier_b,B-19-14,CH-OT-CV-15,514,channel,cv,off
model,overtaking,10.277309682485887,1.7273284055189322,-0.34623539925120994,,,,goal,False,False,61,90.2044263461928,-48.59073398068141,16,1,35,0,0,1.996834703988956,0.14415593764375312,10.55356397349986,0.0,0.0,0.6243442827415331,0.738727545050052,2.280751610356716,0.3908309796083567,0,,False,overtaking,36,0.0,False,0.0,tier_b,B-19-15,CH-OT-CV-16,515,channel,cv,off
model,overtaking,9.999999999999998,1.8224471017467458,-7.213071072184238,,,,goal,False,False,60,90.45979579548538,-41.30676920688718,11,0,38,0,0,0.748826561565046,0.0,10.444466035316719,0.0,0.0,0.6348198281878209,0.7107828848155087,2.669124933307427,0.658428253886445,0,,False,overtaking,41,0.0,False,0.0,tier_b,B-19-16,CH-OT-CV-17,516,channel,cv,off
model,overtaking,10.0,0.09098296927694483,-8.734753433889221,,,,goal,False,False,69,-92.37826499638773,-180.51996257601138,42,0,45,0,26,24.561829381032275,0.0,13.01591425447339,0.0,2.684803516399408,0.5554577451555809,0.7104774946780577,2.1142974401127685,1.2843459503144228,0,,False,overtaking,52,0.0,False,0.0,tier_b,B-19-17,CH-OT-CV-18,517,channel,cv,off
model,overtaking,10.619666656868688,1.566731586021876,0.7579302778721253,,,,goal,False,False,60,87.48587019411703,-47.275447314004644,11,0,41,0,0,0.5728409693078922,0.0,12.344412365536273,0.0,0.0,0.6339559085323285,0.7363795430782555,2.6095732164500016,0.7163914558801976,0,,False,overtaking,42,0.0,False,0.0,tier_b,B-19-18,CH-OT-CV-19,518,channel,cv,off
model,overtaking,9.999999999999998,0.48198810671556247,7.277326123102064,,,,goal,False,False,76,-35.25211204819222,-17.368372233208454,18,0,1,0,9,2.577495969471355,0.0,0.10447211582524704,0.0,0.9408150149676343,0.5136818757728584,0.9026071652675437,2.2505875049974025,1.5044166879810283,0,,False,overtaking,53,0.0,False,0.0,tier_b,B-19-19,CH-OT-CV-20,519,channel,cv,off
model,overtaking,10.0,1.454351530967966,-8.993785033540698,,,,goal,False,False,56,74.6822840798413,-42.71209697613492,12,0,33,0,6,0.8955620950977247,0.0,10.442227065599482,0.0,0.15267714872067603,0.6798643544970461,0.7691728746776425,2.5293475982889047,0.9076838168344248,0,,False,overtaking,34,0.0,False,0.0,tier_b,B-19-20,CH-OT-CV-21,520,channel,cv,off
model,overtaking,9.212249108547425,1.006788268936462,6.148393717077621,,,,goal,False,False,60,84.9617011245463,-45.16199437920829,4,1,36,0,1,0.23436123173909718,0.13052622127564267,12.04095994188528,0.0,0.001854599110736881,0.6282307223710933,0.7314900973831565,2.116207112396117,0.7068748833900382,0,,False,overtaking,36,0.0,False,0.0,tier_b,B-19-21,CH-OT-CV-22,521,channel,cv,off
model,overtaking,10.0,1.5008330569192896,-5.5758845656200435,,,,goal,False,False,63,76.2859506124131,-13.502020340837172,22,0,0,0,0,2.727680876936802,0.0,0.0,0.0,0.0,0.6120761170627462,0.817395655979153,3.6999197940731317,1.4477272688955565,0,,False,overtaking,46,0.0,False,0.0,tier_b,B-19-22,CH-OT-CV-23,522,channel,cv,off
model,overtaking,9.84026391412315,1.9165334832802843,5.849159171418039,,,,goal,False,False,64,63.44002630483523,-24.26541353168858,18,0,4,0,0,4.174427787519863,0.0,1.00055443985146,0.0,0.0,0.6092621585837382,0.7212195113736675,2.8687213570344836,1.1384450342908874,0,,False,overtaking,18,0.0,False,0.0,tier_b,B-19-23,CH-OT-CV-24,523,channel,cv,off
model,overtaking,9.265552746201726,0.8423693537729262,5.509025734611868,,,,collision:target,True,True,108,-617.153579237845,-80.19037238645393,9,12,51,0,0,0.42632142209225254,5.487555991564681,14.143521996903365,0.0,0.0,0.3924893310911739,0.5889221753526489,1.0198643783644379,2.2254067848081163,0,,False,overtaking,51,0.0,False,0.0,tier_b,B-19-24,CH-OT-CV-25,524,channel,cv,off
model,overtaking,10.261758698296516,0.6442402076984224,2.0895330895289312,,,,goal,False,False,62,65.10354876193756,-55.70259274610302,16,1,44,0,2,1.6999720655355857,0.06327606276497175,12.970065175377654,0.0,0.0627288621457079,0.6098525151888431,0.7258713028654894,2.3208909521974337,1.1606280549174657,0,,False,overtaking,45,0.0,False,0.0,tier_b,B-19-25,CH-OT-CV-26,525,channel,cv,off
model,overtaking,10.50203910094581,1.2986425956862344,9.543804421208929,,,,goal,False,False,66,74.52541315133759,-59.06778668736267,10,13,42,0,5,1.1365895767173493,1.615930540737846,12.502491713671464,0.0,0.09640931927604152,0.5715097454570254,0.6590309360499285,2.206661685387183,0.6503091746868791,0,,False,overtaking,43,0.0,False,0.0,tier_b,B-19-26,CH-OT-CV-27,526,channel,cv,off
model,overtaking,9.580351545319703,1.214199711394644,2.5843228655898294,,,,goal,False,False,64,65.95308261535499,-58.153608650973226,17,1,44,0,7,1.3552789998636123,0.0406901554171265,13.747129322183854,0.0,0.3897546161048186,0.5916509574715751,0.7207952613792498,2.4051914178884894,0.8145710854830356,0,,False,overtaking,47,0.0,False,0.0,tier_b,B-19-27,CH-OT-CV-28,527,channel,cv,off
model,overtaking,10.017426577199545,1.322586299859758,-9.457127048523134,,,,goal,False,False,59,68.56848119662999,-47.78809125500496,12,0,40,0,2,1.1543489628168244,0.0,11.634252569868284,0.0,0.042389919452413945,0.6429076506140577,0.7627064722653144,2.6842218021789375,1.0773261968544312,0,,False,overtaking,42,0.0,False,0.0,tier_b,B-19-28,CH-OT-CV-29,528,channel,cv,off
model,overtaking,10.405857845822768,0.2588241570719476,-1.3307831996142188,,,,goal,False,False,66,44.60409105274827,-74.20449587275577,21,2,48,0,15,3.2848058117868244,0.1030361960334516,15.109228445775829,0.0,0.675879006500539,0.5823738156374572,0.6559267842872393,2.164257139937392,1.4252872423459593,0,,False,overtaking,53,0.0,False,0.0,tier_b,B-19-29,CH-OT-CV-30,529,channel,cv,off
model,overtaking,9.02369642050568,0.9284158721786417,-1.1488994519943247,,,,goal,False,False,64,64.04653507651858,-51.97339509831536,11,0,43,0,4,1.0739560854583112,0.0,12.829391118513866,0.0,0.1047787663659512,0.5932410040040945,0.716691111755704,2.2812961447737563,0.9186055004761555,0,,False,overtaking,47,0.0,False,0.0,tier_b,B-19-30,CH-OT-CV-31,530,channel,cv,off
model,overtaking,10.098148103748601,0.5507070873648883,-0.9613675677767866,,,,goal,False,False,63,74.55704631629405,-9.083935309589354,19,0,1,0,0,1.8035788545007625,0.0,0.04339443883627269,0.0,0.0,0.6094707583653253,0.8525702550234309,3.074987886732727,1.6733629967903088,0,,False,overtaking,39,0.0,False,0.0,tier_b,B-19-31,CH-OT-CV-32,531,channel,cv,off
model,overtaking,9.817379900740935,0.9432836209018034,-2.3555909028412643,,,,goal,False,False,64,20.067295990908832,-63.53929853520343,46,0,0,0,0,12.836221926303725,0.0,0.0,0.0,0.0,0.6080881368463678,0.8493623817541075,3.3099566741544346,1.6244484168557243,0,,False,overtaking,47,0.0,False,0.0,tier_b,B-19-32,CH-OT-CV-33,532,channel,cv,off
model,overtaking,9.949835302670753,0.1913131563942787,-1.284993550428572,,,,goal,False,False,73,43.21881684103814,-65.82467167714138,15,0,51,0,14,1.484472239513552,0.0,15.250307474985044,0.0,0.7945393736895853,0.5575330158277986,0.6743551499244428,2.261314325117301,1.3767076285078814,0,,False,overtaking,54,0.0,False,0.0,tier_b,B-19-33,CH-OT-CV-34,533,channel,cv,off
model,overtaking,10.350200333178588,1.5385594983252922,8.065759659655956,,,,goal,False,False,66,80.64923485063748,-58.38390874212287,10,9,45,0,0,1.0678974424584915,1.0353841003309288,13.325740307032008,0.0,0.0,0.5673220076944616,0.675492101048879,2.3674347447704203,0.601577491834576,0,,False,overtaking,45,0.0,False,0.0,tier_b,B-19-34,CH-OT-CV-35,534,channel,cv,off
model,overtaking,9.67973916823041,1.275433366997928,8.22815366117996,,,,goal,False,False,84,-4.546420943125526,-86.46806055928067,14,11,64,0,5,1.7858287373834134,1.578015463788105,18.935728086175327,0.0,0.36631347850010965,0.4464530955046074,0.5847625245919222,1.9790826960255234,0.6499064136340397,0,,False,overtaking,74,0.0,False,0.0,tier_b,B-19-35,CH-OT-CV-36,535,channel,cv,off
model,overtaking,10.0,0.509612498822317,2.8086927181497128,,,,goal,False,False,67,69.70174411565087,-20.23831852889237,33,0,0,0,10,3.850815462402114,0.0,0.0,0.0,0.26150710888931183,0.589861597399534,0.9101700559753108,2.6929956310198038,1.4550034797096418,0,,False,overtaking,52,0.0,False,0.0,tier_b,B-19-36,CH-OT-CV-37,536,channel,cv,off
model,overtaking,9.999999999999998,1.9146141522834663,-6.484817148340925,,,,goal,False,False,58,86.45506355341222,-14.113253364895154,14,1,0,0,0,2.5155330960857523,0.33562919985266265,0.0,0.0,0.0,0.6635658877844072,0.8316688040144069,3.9093896913173882,1.2969641020628757,0,,False,overtaking,31,0.0,False,0.0,tier_b,B-19-37,CH-OT-CV-38,537,channel,cv,off
model,overtaking,9.999999999999998,0.3652769503741655,-5.283143245496924,,,,collision:boundary,True,False,140,-729.7768007264438,-191.13095538426086,66,0,15,0,3,36.97816403874539,0.0,2.0712427195724947,0.0,0.14057102266890611,0.3338648740720704,0.5447950894453525,2.8663881645759,1.8586431700665766,0,,False,overtaking,79,0.0,False,0.0,tier_b,B-19-38,CH-OT-CV-39,538,channel,cv,off
model,overtaking,10.0,1.8154870306859228,5.479211379137263,,,,goal,False,False,64,51.10036110831975,-76.4539763107782,22,6,40,0,19,3.4677917100528224,0.8181711538720323,12.759132858088583,0.0,2.067907076718055,0.5896700169084421,0.731065380243322,2.1845737128113987,0.2508664220223844,0,,False,overtaking,43,0.0,False,0.0,tier_b,B-19-39,CH-OT-CV-40,539,channel,cv,off
model,overtaking,10.117569027847006,0.009282404639606723,-8.417555169374824,,,,goal,False,False,80,16.66337521062465,-34.883373092998895,43,1,2,0,12,5.166191892440048,0.11051930733826465,0.16513696943195746,0.0,1.8153687920313768,0.5061917415439003,0.8360319429423404,2.1071261760604,1.6661802886262185,0,,False,overtaking,60,0.0,False,0.0,tier_b,B-20-00,CH-OT-RE-01,540,channel,re,off
model,overtaking,10.046337290565305,1.8242897838971879,7.432810208940541,,,,goal,False,False,59,90.98236499859905,-2.1168051387924973,12,0,0,0,0,0.4276374017762621,0.0,0.0,0.0,0.0,0.6494959255766392,0.8499118088364399,3.915227518760769,1.4349679436881926,0,,False,overtaking,31,0.0,False,0.0,tier_b,B-20-01,CH-OT-RE-02,541,channel,re,off
model,overtaking,10.106408864776549,1.4733756542999703,-4.770921676789703,,,,goal,False,False,62,85.2662820101986,-12.156236039601579,15,1,0,0,0,1.9237226641219443,0.5320825964036271,0.0,0.0,0.0,0.6194642576234374,0.8092626928280605,3.552931821282998,1.3908876698360533,0,,False,overtaking,36,0.0,False,0.0,tier_b,B-20-02,CH-OT-RE-03,542,channel,re,off
model,overtaking,10.517920080334179,0.01767892772270785,2.092250378539708,,,,goal,False,False,62,57.78965021490239,-62.610620949177644,13,1,44,0,3,2.429666896190437,0.02199101534043848,13.942194921245484,0.0,0.0628916823591225,0.6101838261015308,0.7008119905589044,2.0926506136773324,1.4268674908503067,0,,False,overtaking,46,0.0,False,0.0,tier_b,B-20-03,CH-OT-RE-04,543,channel,re,off
model,overtaking,10.509118580933837,0.4068401753454296,8.093392708756625,,,,goal,False,False,79,13.536828281428072,-75.61555026820432,23,5,51,0,8,2.4814064177273867,0.5919496244843875,16.461893621892486,0.0,0.25324907120957024,0.5094943662271387,0.581441039476023,1.7838459187894014,1.6499185617784908,0,,False,overtaking,55,0.0,False,0.0,tier_b,B-20-04,CH-OT-RE-05,544,channel,re,off
model,overtaking,9.446961073038484,0.07306029434834516,5.44320270342617,,,,goal,False,False,67,40.60726831458621,-75.51566049269502,14,5,50,0,19,0.8585560183378926,0.47725339841696013,16.75617631864624,0.0,1.9069264739182294,0.570939635998982,0.6547943646901995,1.841956544553528,1.2357552342640628,0,,False,overtaking,50,0.0,False,0.0,tier_b,B-20-05,CH-OT-RE-06,545,channel,re,off
model,overtaking,8.893835834440619,1.243905965110267,-0.4337811643097371,,,,goal,False,False,61,68.70456023685146,-16.66251619160634,24,0,0,0,0,3.3661648871931993,0.0,0.0,0.0,0.0,0.6242313651793822,0.842381359151347,3.34088029255844,1.4174515651074509,0,,False,overtaking,44,0.0,False,0.0,tier_b,B-20-06,CH-OT-RE-07,546,channel,re,off
model,overtaking,10.0,0.5037760508122735,-6.1249791199742525,,,,collision:boundary,True,False,143,-608.5482941369567,-55.62367071133672,50,3,16,0,0,8.789871254226151,0.6781909354355435,2.4324341312531406,0.0,0.0,0.32543026898645167,0.5483650902814264,2.4564136167191695,1.9608136088580794,0,,False,overtaking,77,0.0,False,0.0,tier_b,B-20-07,CH-OT-RE-08,547,channel,re,off
model,overtaking,9.982004507443481,0.14740277244565814,8.759608913418017,,,,goal,False,False,84,-116.02237321455637,-144.97488639364695,52,4,48,0,31,13.797004473495694,0.44932698118379066,14.210338996510297,0.0,5.177405623454763,0.4628201014306454,0.5866949130045528,1.6814793368433427,1.1312209151737096,0,,False,overtaking,62,0.0,False,0.0,tier_b,B-20-08,CH-OT-RE-09,548,channel,re,off
model,overtaking,10.892975835233557,1.8639807165468096,-3.433799988439352,,,,goal,False,False,59,98.02145935937043,-32.23807394392638,10,0,32,0,0,1.0109364854442506,0.0,7.564982872493705,0.0,0.0,0.6451469388389791,0.7528029325790676,2.857690702346128,0.7559605168326877,0,,False,overtaking,36,0.0,False,0.0,tier_b,B-20-09,CH-OT-RE-10,549,channel,re,off
model,overtaking,9.999999999999998,1.0788280222360762,-8.545642428510183,,,,goal,False,False,56,82.9000156295383,-10.428232008026573,19,1,0,0,0,2.1031988466387737,0.0035146903362914166,0.0,0.0,0.0,0.6860114718237617,0.8398442983765316,3.350625634936958,1.395295189376281,0,,False,overtaking,36,0.0,False,0.0,tier_b,B-20-10,CH-OT-RE-11,550,channel,re,off
model,overtaking,10.681963900933681,0.4186494811155712,-0.30503741823826935,,,,goal,False,False,73,67.12354131328368,-14.03635938973666,22,1,2,0,8,2.249277813598567,0.020465635256417782,0.3132157022515389,0.0,0.3719006199553212,0.5521061896505033,0.867876280676644,2.65207111244764,1.4794555461254182,0,,False,overtaking,54,0.0,False,0.0,tier_b,B-20-11,CH-OT-RE-12,551,channel,re,off
model,overtaking,9.999999999999998,1.0456050888234953,-5.384105434667963,,,,goal,False,False,62,64.37034489885423,-50.810412059398345,13,0,41,0,0,1.663923849445581,0.0,11.826108056845202,0.0,0.0,0.6133504238803524,0.7590151640320392,2.5702797401788944,1.0787983204379632,0,,False,overtaking,46,0.0,False,0.0,tier_b,B-20-12,CH-OT-RE-13,552,channel,re,off
model,overtaking,10.0,1.947294773658794,-8.669662582224333,,,,goal,False,False,57,95.35155352250987,-32.98580451513382,12,0,30,0,2,1.126299816026905,0.0,7.547390176312162,0.0,0.05333684246152064,0.6682963381603888,0.7555555969784971,2.715324066444185,0.6817227555644737,0,,False,overtaking,31,0.0,False,0.0,tier_b,B-20-13,CH-OT-RE-14,553,channel,re,off
model,overtaking,10.0,0.19403695873708227,1.8708700402559835,,,,goal,False,False,67,21.74908377442472,-94.85843044523625,26,1,54,0,15,5.214333642521662,0.004137318592867746,17.360592052085632,0.0,1.4508595111580191,0.5720576222794164,0.668736359664228,2.049945669194412,1.286930792732262,0,,False,overtaking,58,0.0,False,0.0,tier_b,B-20-14,CH-OT-RE-15,554,channel,re,off
model,overtaking,11.720630560807352,1.3491242965603318,-7.756951576874453,,,,collision:boundary,True,False,157,-782.517787136885,-173.01524442366107,79,8,18,0,0,31.948006708889466,0.7315164724753437,3.125445743307013,0.0,0.0,0.3006676171860381,0.5416668770148864,5.010898288250161,1.8312137651328109,0,,False,overtaking,80,0.0,False,0.0,tier_b,B-20-15,CH-OT-RE-16,555,channel,re,off
model,overtaking,10.0,0.7058863609663593,0.5567275289904927,,,,goal,False,False,69,35.70953630163301,-43.76265219576749,43,1,0,0,6,8.711432314863591,0.011515177178357214,0.0,0.0,0.12979158003552035,0.5626511263816302,0.9192774327126693,2.6625869930452506,1.4808163781114512,0,,False,overtaking,56,0.0,False,0.0,tier_b,B-20-16,CH-OT-RE-17,556,channel,re,off
model,overtaking,9.998266728550231,1.9841873597230615,4.160351062392063,,,,goal,False,False,79,-288.5755307842967,-258.1610067943067,61,5,50,0,16,39.370099310056716,0.5078475751190815,15.3485267169211,0.0,1.2245496737267745,0.4822260681482516,0.7381282157675579,2.462551312284049,0.36333930605835235,0,,False,overtaking,64,0.0,False,0.0,tier_b,B-20-17,CH-OT-RE-18,557,channel,re,off
model,overtaking,10.147646590101504,1.0427519223353696,6.899343264938029,,,,goal,False,False,65,14.57330334788648,-63.52709175993864,22,11,34,0,5,4.657244098491402,1.0706870348556958,9.358099580781541,0.0,0.329927590901545,0.5886245346430944,0.7072895925881697,2.210761093442017,1.2756634585210713,0,,False,overtaking,42,0.0,False,0.0,tier_b,B-20-18,CH-OT-RE-19,558,channel,re,off
model,overtaking,10.0,1.7237862369603791,3.777776940546058,,,,timeout,False,False,180,-1695.3102114753751,-82.09943240030702,34,0,43,0,0,8.787270605043824,0.0,10.722900807038911,0.0,0.0,0.24039235992204158,0.5415417763353476,4.147067417718958,2.85111794994384,0,,False,overtaking,59,0.0,False,0.0,tier_b,B-20-19,CH-OT-RE-20,559,channel,re,off
model,overtaking,9.55720986742224,1.443690004243078,-5.011972251986454,,,,goal,False,False,61,81.32861624266334,-11.2849636053406,17,2,0,0,1,1.89853235897862,0.3756488178288543,0.0,0.0,0.006170395587466244,0.6292726126101055,0.8470096983976287,3.2987882121956473,1.1961532846609964,0,,False,overtaking,42,0.0,False,0.0,tier_b,B-20-20,CH-OT-RE-21,560,channel,re,off
model,overtaking,10.000000000000002,0.32179485960920395,1.6067472134731826,,,,goal,False,False,72,47.571364643632016,-23.70287841989139,17,0,3,0,0,4.409027341734572,0.0,0.5217202995292396,0.0,0.0,0.5666147985752615,0.9224696309148894,2.7951916686307756,1.3322669318064106,0,,False,overtaking,43,0.0,False,0.0,tier_b,B-20-21,CH-OT-RE-22,561,channel,re,off
model,overtaking,10.798992096205556,1.0053019119543785,5.150085728914775,,,,goal,False,False,66,79.9517101999551,-3.8530236859290627,12,0,0,0,0,0.7783886234200126,0.0,0.0,0.0,0.0,0.5862331711479354,0.8514685619165251,3.3344677818540363,1.4435301313347921,0,,False,overtaking,39,0.0,False,0.0,tier_b,B-20-22,CH-OT-RE-23,562,channel,re,off
model,overtaking,9.999999999999998,0.2050008935025016,-0.32194450709010347,,,,goal,False,False,66,52.33092018952448,-62.45524136653961,18,0,43,0,16,1.480727526191214,0.0,14.33161097125906,0.0,0.7848534700801033,0.581181415692738,0.7010373019789081,2.1084308002066474,1.269243827103175,0,,False,overtaking,45,0.0,False,0.0,tier_b,B-20-23,CH-OT-RE-24,563,channel,re,off
model,overtaking,9.999999999999998,1.5126015898427414,-7.151999297983349,,,,goal,False,False,58,86.14771605762215,-11.559121706119395,16,0,0,0,0,2.3351761022463418,0.0,0.0,0.0,0.0,0.6691931633862505,0.8183889153452372,3.78615346634443,1.4511140203238564,0,,False,overtaking,29,0.0,False,0.0,tier_b,B-20-24,CH-OT-RE-25,564,channel,re,off
model,overtaking,9.751265586431565,1.6388322752427962,3.805362302115995,,,,goal,False,False,61,86.54195609837144,-50.123121487184136,5,4,39,0,1,0.6531053203093525,0.08885606462042597,12.840715099627838,0.0,0.04974183847144515,0.6167959401321079,0.729174259005761,2.334569324667768,0.4545818174857662,0,,False,overtaking,40,0.0,False,0.0,tier_b,B-20-25,CH-OT-RE-26,565,channel,re,off
model,overtaking,9.999999999999998,0.6522251787389877,2.399625870344156,,,,goal,False,False,66,-3.175076747687527,-34.17126768692095,11,4,32,0,0,0.3424697092024731,0.038069241145561775,8.968777745193936,0.0,0.0,0.5825806774806578,0.6876509764158177,2.5164053208312787,1.5629191488893572,0,,False,overtaking,36,0.0,False,0.0,tier_b,B-20-26,CH-OT-RE-27,566,channel,re,off
model,overtaking,10.052366355096279,0.686106059199922,3.183638110852433,,,,goal,False,False,68,42.447974852781606,-74.65272101858324,20,6,40,0,21,3.1767822221040647,0.3601196769264254,12.691969777961486,0.0,2.5453256483824327,0.553252229044476,0.6984212470408342,1.815282965440576,0.8351766029657287,0,,False,overtaking,41,0.0,False,0.0,tier_b,B-20-27,CH-OT-RE-28,567,channel,re,off
model,overtaking,9.49264471915001,1.3876304619324524,-1.6471385855650738,,,,goal,False,False,60,81.27634195540485,-52.20595057063099,12,1,38,0,6,1.7139200350937374,0.01931048581393437,11.957380175159216,0.0,0.12886463590329544,0.6303366785120005,0.7208719731820483,2.493618722410604,0.7603948115151146,0,,False,overtaking,39,0.0,False,0.0,tier_b,B-20-28,CH-OT-RE-29,568,channel,re,off
model,overtaking,9.882745387012912,1.6975949344359504,1.1754396620158776,,,,goal,False,False,59,84.95826948791981,-5.9879302691575,21,0,0,0,0,1.2096828826580808,0.0,0.0,0.0,0.0,0.6490229006485898,0.8600513392602854,4.064003421351607,1.595412042621721,0,,False,overtaking,36,0.0,False,0.0,tier_b,B-20-29,CH-OT-RE-30,569,channel,re,off
model,overtaking,9.989159119316326,0.08064527647406083,-1.3595490802471915,,,,goal,False,False,66,45.4003950759128,-33.119058900800546,26,1,0,0,21,3.434007418471837,0.047689900543698614,0.0,0.0,3.5299238159274764,0.5826391323099518,0.8879421056299601,2.0485771799831953,1.483914674100927,0,,False,overtaking,46,0.0,False,0.0,tier_b,B-20-30,CH-OT-RE-31,570,channel,re,off
model,overtaking,9.999999999999998,1.2108081615075108,5.144762073436128,,,,goal,False,False,65,62.88297530296893,-18.06276371839219,32,0,0,0,0,3.649043175432764,0.0,0.0,0.0,0.0,0.6016103498937034,0.870767989321015,3.6196587114084453,1.6677219920427262,0,,False,overtaking,49,0.0,False,0.0,tier_b,B-20-31,CH-OT-RE-32,571,channel,re,off
model,overtaking,9.999999999999996,1.030775462023817,-4.885654883313231,,,,goal,False,False,66,1.536219454069311,-23.04527122115383,5,2,32,0,0,0.11225341448745618,0.0055460163029851465,6.23949001076143,0.0,0.0,0.5785960024724982,0.7047948978703803,2.8830956444602998,1.4972238204099149,0,,False,overtaking,36,0.0,False,0.0,tier_b,B-20-32,CH-OT-RE-33,572,channel,re,off
model,overtaking,9.88389469135299,1.759630366585207,8.671636641981014,,,,goal,False,False,74,15.240610155415396,-85.4656083784119,31,8,41,0,14,5.8330282418694575,1.4659450301158987,11.292455483973193,0.0,1.929522431062422,0.5151172322603127,0.7361428169274438,2.1992673825003544,0.4626010561651108,0,,False,overtaking,55,0.0,False,0.0,tier_b,B-20-33,CH-OT-RE-34,573,channel,re,off
model,overtaking,9.999999999999996,0.7146204654659294,7.628078755779665,,,,collision:target,True,True,120,-552.2157097471734,-72.44132456866993,13,5,62,0,1,1.4076555383204192,1.3378655106642814,16.304149108707822,0.0,0.0346796855216713,0.3607903002406154,0.5843721221543308,1.3601946071170257,2.0701669863208654,0,,False,overtaking,73,0.0,False,0.0,tier_b,B-20-34,CH-OT-RE-35,574,channel,re,off
model,overtaking,10.121079529493706,1.8972682040114353,-1.9648043382130567,,,,goal,False,False,61,81.12258995980717,-15.124034511131502,32,0,0,0,0,3.0553605072992926,0.0,0.0,0.0,0.0,0.6296359078891126,0.8258053096673094,3.8802854726704563,1.2738565177820464,0,,False,overtaking,34,0.0,False,0.0,tier_b,B-20-35,CH-OT-RE-36,575,channel,re,off
model,overtaking,9.92136649044575,1.6072170150568803,0.03732288185417687,,,,goal,False,False,61,96.241497266325,-45.372509387783026,9,0,39,0,1,0.8534038969248255,0.0,11.40916763166892,0.0,0.016701471999337886,0.6180726032111576,0.700602313985669,2.597855929401711,0.685878323937957,0,,False,overtaking,39,0.0,False,0.0,tier_b,B-20-36,CH-OT-RE-37,576,channel,re,off
model,overtaking,9.999999999999996,1.6355936756349658,7.877077307064301,,,,goal,False,False,63,88.87043001112245,-48.674625700807006,11,7,39,0,0,1.01066007756314,0.4736420954789048,11.479813873402463,0.0,0.0,0.6017726010723992,0.7257773756106829,2.5645509595249343,0.6260701490820892,0,,False,overtaking,40,0.0,False,0.0,tier_b,B-20-37,CH-OT-RE-38,577,channel,re,off
model,overtaking,10.99786674820269,0.8253883122365289,-2.7263768441418312,,,,goal,False,False,62,70.6194973631918,-58.447519438595855,10,0,42,0,14,0.7971013973741319,0.0,14.166487944899563,0.0,0.7783357599901095,0.6141782429756164,0.7405196160299835,2.277186788060985,0.982308205575139,0,,False,overtaking,44,0.0,False,0.0,tier_b,B-20-38,CH-OT-RE-39,578,channel,re,off
model,overtaking,10.51183667880982,1.330986806347531,8.072443907248012,,,,goal,False,False,66,91.22781729706304,-45.9642921132152,12,6,36,0,0,0.49285123801541497,0.4113260830854139,11.52461510382392,0.0,0.0,0.5671928321035029,0.6619043400801632,1.934591031320363,0.4704123248358613,0,,False,overtaking,36,0.0,False,0.0,tier_b,B-20-39,CH-OT-RE-40,579,channel,re,off
model,overtaking,10.0,1.500356931531722,6.512026887064401,,,,goal,False,False,61,98.19096156275211,-3.706744652920657,13,0,0,0,1,0.7305396157839794,0.0,0.0,0.0,0.02012745661999086,0.6279065426922065,0.8123346165680174,3.6091336783900543,1.4064623004416608,0,,False,overtaking,33,0.0,False,0.0,tier_b,B-21-00,CH-OT-NC-01,580,channel,nc,off
model,overtaking,9.999999999999998,0.6170947014340373,-9.642317684415646,,,,collision:boundary,True,False,130,-744.3616754162745,-234.28035025720834,87,1,41,0,0,42.260371703302454,0.18266948450684936,6.71869343820893,0.0,0.0,0.35630956053902946,0.5583154786820143,3.3568222218206687,2.0242465360704474,0,,False,overtaking,94,0.0,False,0.0,tier_b,B-21-01,CH-OT-NC-02,581,channel,nc,off
model,overtaking,9.461651014528128,0.9433950806873186,1.501581382284913,,,,goal,False,False,63,60.99670022224081,-20.14013232606367,23,0,0,0,1,4.065426802100763,0.0,0.0,0.0,0.00361547903664267,0.6053549088712672,0.8564986529647984,3.1149760171948224,1.4409510518386563,0,,False,overtaking,47,0.0,False,0.0,tier_b,B-21-02,CH-OT-NC-03,582,channel,nc,off
model,overtaking,9.5126561098355,0.1787226194188709,-9.3260295991365,,,,goal,False,False,68,38.31659739976112,-28.74299074820269,22,3,0,0,9,4.332835016779268,0.3964362321630398,0.0,0.0,1.185132903541836,0.5748703685947966,0.8402713350773829,2.2486203040400863,1.7003848459007052,0,,False,overtaking,48,0.0,False,0.0,tier_b,B-21-03,CH-OT-NC-04,583,channel,nc,off
model,overtaking,10.143115531809167,1.1430350725217666,4.322931523118935,,,,goal,False,False,65,89.29255854791322,-6.848831590819728,18,0,0,0,1,1.37186676728691,0.0,0.0,0.0,0.012909131722116338,0.5852780394587134,0.8365661638251266,3.2933592237944063,1.4132990256001479,0,,False,overtaking,47,0.0,False,0.0,tier_b,B-21-04,CH-OT-NC-05,584,channel,nc,off
model,overtaking,10.0,0.2913564863429998,-9.987121092706577,,,,collision:boundary,True,False,137,-635.3882396698014,-97.56492096566414,65,8,29,0,1,15.341281583907726,0.8038753068813815,4.800211967884524,0.0,0.0812513937497162,0.3464324645817238,0.5444376390958346,3.365600769924917,1.9219285209047963,0,,False,overtaking,94,0.0,False,0.0,tier_b,B-21-05,CH-OT-NC-06,585,channel,nc,off
model,overtaking,9.527761199755263,0.8560978279106035,-1.6080366736785194,,,,goal,False,False,63,48.87135258917391,-39.95954134642278,39,1,1,0,4,7.981156944102605,0.009286228722578232,0.059282557312991785,0.0,0.04298454102474411,0.6081070629688613,0.8692218573808266,2.7688463272398023,1.2831091151545535,0,,False,overtaking,44,0.0,False,0.0,tier_b,B-21-06,CH-OT-NC-07,586,channel,nc,off
model,overtaking,10.0,0.6533809699687441,-5.724143649145588,,,,collision:boundary,True,False,134,-583.2523464195324,-62.73948903684409,55,0,29,0,1,8.490998182531243,0.0,5.751966099316624,0.0,0.00043779461657857425,0.34499843952613246,0.5503014064705778,3.3716868393106467,1.8084891522149207,0,,False,overtaking,93,0.0,False,0.0,tier_b,B-21-07,CH-OT-NC-08,587,channel,nc,off
model,overtaking,9.999999999999998,0.7756114460540446,8.13760132006999,,,,collision:boundary,True,False,166,-1917.514463742149,-52.66530267620111,16,2,50,0,1,1.0602110528901703,0.23793742615674718,12.832645088789144,0.0,0.009321196728431184,0.27638737440502315,0.5629452580533727,2.8486811447523492,2.8369836150383883,0,,False,overtaking,61,0.0,False,0.0,tier_b,B-21-08,CH-OT-NC-09,588,channel,nc,off
model,overtaking,10.533720156983998,1.1382303405482792,-1.232848140727043,,,,goal,False,False,64,81.81167173662269,-57.456364128079755,16,0,38,0,7,2.0660702197112286,0.0,12.561138231461483,0.0,0.4464930904995168,0.5961617627325337,0.6868923754690449,2.175755065843446,0.7447015962435004,0,,False,overtaking,41,0.0,False,0.0,tier_b,B-21-09,CH-OT-NC-10,589,channel,nc,off
model,overtaking,9.480629327641601,0.36086448958266515,6.902361284648158,,,,goal,False,False,67,59.51400668534007,-64.81002590950118,10,4,53,0,2,0.6863368151304121,0.13718458001243122,16.865469425658528,0.0,0.003978904705198727,0.5624866572232444,0.632097706221141,1.8979368626041584,1.1179115045422998,0,,False,overtaking,54,0.0,False,0.0,tier_b,B-21-10,CH-OT-NC-11,590,channel,nc,off
model,overtaking,10.089396078213111,0.13459523139556695,-4.98515215083321,,,,goal,False,False,70,40.746875548969044,-19.419305014081246,23,0,2,0,5,3.4163023310210625,0.0,0.0764784371255642,0.0,0.49628580041665593,0.5549018055534761,0.865142006553111,2.4463683580393187,1.7227915431246406,0,,False,overtaking,47,0.0,False,0.0,tier_b,B-21-11,CH-OT-NC-12,591,channel,nc,off
model,overtaking,10.03278647843932,0.0008371971187062233,3.7955657573828674,,,,goal,False,False,64,51.961593367141624,-64.95631443726316,9,1,47,0,3,1.5985714250008431,0.006988006786187853,15.719618507358115,0.0,0.09292636076180574,0.593212319565509,0.6912103516910207,2.0650292514494373,1.4004250518709245,0,,False,overtaking,48,0.0,False,0.0,tier_b,B-21-12,CH-OT-NC-13,592,channel,nc,off
model,overtaking,8.843822039936208,1.525241379421712,-6.500071617480816,,,,goal,False,False,60,71.60596890441889,-20.906464979989998,30,1,0,0,0,4.179029077298383,0.04449920148747542,0.0,0.0,0.0,0.6437650821048208,0.8339095355051014,3.555264702325699,1.2609832447302078,0,,False,overtaking,41,0.0,False,0.0,tier_b,B-21-13,CH-OT-NC-14,593,channel,nc,off
model,overtaking,10.624901258683334,0.560584205389552,3.053956886962389,,,,collision:boundary,True,False,102,-525.3695393947464,-104.88145765438698,29,11,63,0,18,3.169724692506431,4.039555802437215,16.823133696505202,0.0,1.9182750882215935,0.4434182797266657,0.6133569288568834,1.9762724308298545,1.1639761014708812,0,,False,overtaking,77,0.0,False,0.0,tier_b,B-21-14,CH-OT-NC-15,594,channel,nc,off
model,overtaking,9.999999999999998,1.8880968108508605,3.8409567095622865,,,,goal,False,False,61,92.19834669934149,-35.24386891573204,10,1,36,0,0,0.9232282050172279,0.07860856406501787,8.41243803021525,0.0,0.0,0.6197975665313917,0.7621035653758507,2.9409445907298606,0.7207395063560694,0,,False,overtaking,42,0.0,False,0.0,tier_b,B-21-15,CH-OT-NC-16,595,channel,nc,off
model,overtaking,9.27293705003716,1.8932576976136386,-1.3394959825967163,,,,goal,False,False,58,87.89719168288153,-41.48798301435079,12,0,34,0,2,0.7178144378849136,0.0,10.461729392602066,0.0,0.06057238521178317,0.6578841604156777,0.7586869549736139,2.6064329936660053,0.49283098159645744,0,,False,overtaking,34,0.0,False,0.0,tier_b,B-21-16,CH-OT-NC-17,596,channel,nc,off
model,overtaking,9.542994658752987,0.27844333537556465,-8.300198316240529,,,,goal,False,False,70,31.578634925301785,-38.98942021309631,38,6,0,0,8,6.172720540126947,0.5257805666627129,0.0,0.0,1.2959643854416667,0.5470087921589617,0.863069782118327,2.1481145638010704,1.4930637615774793,0,,False,overtaking,56,0.0,False,0.0,tier_b,B-21-17,CH-OT-NC-18,597,channel,nc,off
model,overtaking,10.996971406346638,0.4205209528772882,0.9015131304951858,,,,collision:boundary,True,False,95,-472.88278534803396,-97.73452630840966,20,9,72,0,3,2.902297323082635,2.346970711098937,19.8181631845876,0.0,0.09005823882122287,0.47687783023128544,0.6465641483166524,2.082151843250574,1.4063735833585769,0,,False,overtaking,82,0.0,False,0.0,tier_b,B-21-18,CH-OT-NC-19,598,channel,nc,off
model,overtaking,10.0,0.7710360542284334,-4.574168504555141,,,,goal,False,False,62,82.16488741802601,-6.734415587011947,17,0,0,0,0,1.360487997376151,0.0,0.0,0.0,0.0,0.6285161049967314,0.8393416979750377,3.157867175415895,1.573258770694915,0,,False,overtaking,37,0.0,False,0.0,tier_b,B-21-19,CH-OT-NC-20,599,channel,nc,off
model,overtaking,10.421992587270866,1.288305484549835,-1.9713798553725344,,,,collision:obstacle,True,False,19,-373.2076106398905,-2.9081478738048037,0,0,4,0,0,0.0,0.0,0.8078188538346677,0.0,0.0,0.39353158609287126,0.5445892437584874,7.054280896782772,0.1052976275785057,0,,False,overtaking,10,0.0,False,0.0,tier_b,B-21-20,CH-OT-NC-21,600,channel,nc,off
model,overtaking,9.560708810285343,1.3079648195926101,1.730033214415661,,,,goal,False,False,59,86.5543299076825,-46.97990150110406,8,0,37,0,4,0.6782076108461231,0.0,11.852335268469362,0.0,0.2120815246502291,0.64311822099959,0.7341403643144608,2.3096314528599744,0.6397608059048309,0,,False,overtaking,37,0.0,False,0.0,tier_b,B-21-21,CH-OT-NC-22,601,channel,nc,off
model,overtaking,9.99667040956101,0.34661262082719,3.0093685355942235,,,,goal,False,False,72,3.473403835261152,-101.85905693115481,30,8,50,0,22,5.999007852766933,0.8989714939995284,16.04822813690286,0.0,2.208986193735664,0.5452212920095253,0.6392945186321254,1.4730730877845872,1.4397230051610688,0,,False,overtaking,51,0.0,False,0.0,tier_b,B-21-22,CH-OT-NC-23,602,channel,nc,off
model,overtaking,10.058434527389032,1.7666262880266494,-2.8253448652815987,,,,goal,False,False,59,90.5365244774764,-41.635919520019826,12,0,36,0,5,0.7735522997678198,0.0,10.251361232175121,0.0,0.20043004451971136,0.6457576537725587,0.742987681836011,2.7234161772801793,0.73114777303476,0,,False,overtaking,38,0.0,False,0.0,tier_b,B-21-23,CH-OT-NC-24,603,channel,nc,off
model,overtaking,10.0,1.0406735905836915,-3.3509133963280284,,,,goal,False,False,67,72.35195311516752,-13.913954800374814,25,0,0,0,1,2.797519534840414,0.0,0.0,0.0,0.014718467314391494,0.6015638772671771,0.7963750847732631,3.3797613334064414,1.6209784677125212,0,,False,overtaking,46,0.0,False,0.0,tier_b,B-21-24,CH-OT-NC-25,604,channel,nc,off
model,overtaking,9.999999999999996,0.6959214879117863,-2.7941650794810746,,,,goal,False,False,68,35.50819477075591,-56.74863075925197,49,1,0,0,3,11.360185338309563,0.002169150059011385,0.0,0.0,0.1122168981838942,0.5784890706160569,0.8999598207747279,2.7345494750226065,1.4114243538208633,0,,False,overtaking,49,0.0,False,0.0,tier_b,B-21-25,CH-OT-NC-26,605,channel,nc,off
model,overtaking,9.999999999999998,0.49400429691941516,-7.880299644060081,,,,goal,False,False,112,-140.38353202381404,-109.5507898970528,38,1,32,0,0,17.942265079951245,0.06301034927479293,5.673521256217749,0.0,0.0,0.33948170668539973,0.5476617086657525,3.2821106426616535,1.5458031587300682,0,,False,overtaking,86,0.0,False,0.0,tier_b,B-21-26,CH-OT-NC-27,606,channel,nc,off
model,overtaking,10.595893069794938,0.7903358895746457,-2.868773439833438,,,,goal,False,False,67,61.67254537814864,-14.798129416021272,22,0,0,0,1,2.9796867914993825,0.0,0.0,0.0,0.010817732910961851,0.5756780388622323,0.8301949935480404,3.2387273296948647,1.591967331313871,0,,False,overtaking,44,0.0,False,0.0,tier_b,B-21-27,CH-OT-NC-28,607,channel,nc,off
model,overtaking,10.339618253486943,1.836525821051705,-3.7164384413150735,,,,goal,False,False,59,79.71204839080507,-46.96692870265641,9,0,37,0,0,1.2851245489790026,0.0,11.279322829225096,0.0,0.0,0.6452347123489169,0.7733821553897061,2.4783504520032933,0.5251765908574006,0,,False,overtaking,38,0.0,False,0.0,tier_b,B-21-28,CH-OT-NC-29,608,channel,nc,off
model,overtaking,9.999999999999996,1.813418650060694,-2.4923763016363942,,,,goal,False,False,57,92.86708193654147,-39.74621627498416,6,0,30,0,0,0.7479795293131021,0.0,10.012143779134528,0.0,0.0,0.6613079632300725,0.7462460917334292,2.526501077209835,0.516186390454685,0,,False,overtaking,31,0.0,False,0.0,tier_b,B-21-29,CH-OT-NC-30,609,channel,nc,off
model,overtaking,9.876344556900458,0.4326891943254445,-7.3808846325574,,,,goal,False,False,68,-33.79973149876122,-96.33498698234075,41,3,1,0,26,16.671494523810214,0.06165558844210689,0.006430433119423267,0.0,2.9961654149915145,0.5754728194225562,0.859366107282197,2.2367369261269827,1.8965390911134838,0,,False,overtaking,52,0.0,False,0.0,tier_b,B-21-30,CH-OT-NC-31,610,channel,nc,off
model,overtaking,10.593856105586557,1.552544342259753,-2.7753450429184445,,,,goal,False,False,61,62.052295338070664,-30.556997367758072,45,0,0,0,0,6.173130781365267,0.0,0.0,0.0,0.0,0.6270188233248081,0.8613070257484661,3.8990205628173213,1.6084923937174107,0,,False,overtaking,47,0.0,False,0.0,tier_b,B-21-31,CH-OT-NC-32,611,channel,nc,off
model,overtaking,9.371564623822852,0.8034068037569972,8.027377716699068,,,,goal,False,False,68,-27.295394705771187,-42.85280631114238,9,15,30,0,1,0.6806510856959498,1.2552353542827026,9.235257812387982,0.0,0.005164513033629201,0.5744527006257377,0.6831377034214579,2.1971593637286255,1.4442730947890774,0,,False,overtaking,30,0.0,False,0.0,tier_b,B-21-32,CH-OT-NC-33,612,channel,nc,off
model,overtaking,10.12256655014938,1.7206235905161218,1.6596060457171795,,,,goal,False,False,62,94.22982571060072,-40.90360455295018,9,2,40,0,1,0.6003939407940841,0.06787125902199632,10.439076685686768,0.0,0.0033368323084914616,0.6125466843929785,0.7207074752433748,2.776636167797923,0.7372695504466755,0,,False,overtaking,42,0.0,False,0.0,tier_b,B-21-33,CH-OT-NC-34,613,channel,nc,off
model,overtaking,9.018832856177129,0.27135810743901856,-9.246778556197452,,,,goal,False,False,70,-23.78529975777161,-92.89119964989119,47,8,1,0,23,15.22053411512879,0.8841418983304167,0.11908835345655207,0.0,2.8320745135165586,0.5503882368475206,0.8334099991076624,2.180334176863769,1.4670836842153678,0,,False,overtaking,54,0.0,False,0.0,tier_b,B-21-34,CH-OT-NC-35,614,channel,nc,off
model,overtaking,9.992209172862655,0.4571656105822324,7.064018025699134,,,,goal,False,False,65,64.09272423028133,-66.2597461973248,17,4,48,0,5,1.119353088570991,0.23397307157182945,16.279276892126752,0.0,0.21230775399145554,0.5806492706222713,0.6706592473976416,1.990857086392578,1.048592806062996,0,,False,overtaking,50,0.0,False,0.0,tier_b,B-21-35,CH-OT-NC-36,615,channel,nc,off
model,overtaking,9.828223930606164,1.4277544953749524,8.148534175533921,,,,goal,False,False,63,96.83287189570207,-53.96969708773669,12,8,39,0,0,1.091456300813111,0.5599499993560795,12.720898861638668,0.0,0.0,0.6031174224401078,0.6704193654368402,2.1307577260850317,0.44846821700737405,0,,False,overtaking,39,0.0,False,0.0,tier_b,B-21-36,CH-OT-NC-37,616,channel,nc,off
model,overtaking,9.241525427746742,0.3894391128110106,-8.195538840248247,,,,collision:boundary,True,False,133,-585.2686087883479,-41.624235242436114,47,4,13,0,2,6.898011158998009,0.36051465898502705,1.5581993424382787,0.0,0.018892180142729753,0.36688251307924635,0.6286868499983781,2.561324959022151,1.947570423199271,0,,False,overtaking,72,0.0,False,0.0,tier_b,B-21-37,CH-OT-NC-38,617,channel,nc,off
model,overtaking,9.999999999999996,0.6390531787139337,9.290795576604502,,,,collision:boundary,True,False,95,-515.4676042585639,-26.676633595801803,23,1,11,0,4,2.807940610098547,0.021129107561428054,3.0220862083838878,0.0,0.398495142933983,0.5094718331192039,0.9071505404307731,2.3989931831511897,1.5757996263320184,0,,False,overtaking,63,0.0,False,0.0,tier_b,B-21-38,CH-OT-NC-39,618,channel,nc,off
model,overtaking,10.0,1.3463563240714285,3.698600319085333,,,,goal,False,False,62,84.43409554650447,-7.3972308132341755,12,0,1,0,0,1.3513632421725692,0.0,0.19666187902221022,0.0,0.0,0.6128303603081833,0.8448803258396711,3.3603920300296903,1.3231217223116594,0,,False,overtaking,37,0.0,False,0.0,tier_b,B-21-39,CH-OT-NC-40,619,channel,nc,off
model,being_overtaken,9.888808766493813,1.9876231448331292,8.304486130195926,,False,,goal,False,False,65,68.62799883164992,-20.68263230845527,2,0,3,11,1,0.13528134140893178,0.0,0.44278609144181336,4.492327283041355,0.05000760954956387,0.5810773849745995,0.7723568244398938,2.786128413585578,1.285030260526767,0,,False,being_overtaken,19,0.0,False,0.0,tier_b,B-22-00,CH-BO-CV-01,620,channel,cv,off
model,being_overtaken,9.999999999999996,1.3933317391930076,-6.344471350503635,,False,,goal,False,False,72,115.4670364662755,-10.586380340926015,0,0,0,5,0,0.0,0.0,0.0,2.613921071833584,0.0,0.5290269388027851,0.6162116202939968,1.5342572600755229,0.8316962665876799,0,,False,being_overtaken,17,0.0,False,0.0,tier_b,B-22-01,CH-BO-CV-02,621,channel,cv,off
model,being_overtaken,10.0,1.8405923958576564,-3.5662932296451055,,False,,goal,False,False,71,49.68321117630608,-9.892107895951046,0,0,0,10,0,0.0,0.0,0.0,2.4424957767780358,0.0,0.5275965725747739,0.6553692117633346,1.8935479175035508,0.3441576958915851,0,,False,being_overtaken,21,0.0,False,0.0,tier_b,B-22-02,CH-BO-CV-03,622,channel,cv,off
model,being_overtaken,9.999999999999998,1.8561415582299683,0.7076318525954228,,False,,collision:boundary,True,False,65,-316.8311148659316,-3.055168993259279,0,0,0,6,0,0.0,0.0,0.0,0.754362714385007,0.0,0.5993941862114787,0.7852556076019797,1.8097800281179621,0.9912493111081222,0,,False,being_overtaken,19,0.0,False,0.0,tier_b,B-22-03,CH-BO-CV-04,623,channel,cv,off
model,being_overtaken,10.320157313848544,1.7099442632523973,-7.750604792903937,,False,,goal,False,False,64,39.65090543329751,-89.55806824553761,0,0,0,31,0,0.0,0.0,0.0,22.113103270503114,0.0,0.5915509053549837,0.7738614254060154,1.7334930385393061,0.5755293163687681,0,,False,being_overtaken,43,0.0,False,0.0,tier_b,B-22-04,CH-BO-CV-05,624,channel,cv,off
model,being_overtaken,10.019799097825924,1.6723976105429958,-4.742870313522902,,False,,goal,False,False,58,91.70749411390113,-19.580526364342127,0,0,0,12,0,0.0,0.0,0.0,4.834697867738797,0.0,0.6539104584567307,0.8064421757047344,2.3275948533385264,1.1281625820731382,0,,False,being_overtaken,24,0.0,False,0.0,tier_b,B-22-05,CH-BO-CV-06,625,channel,cv,off
model,being_overtaken,10.095175976562537,1.916696623213205,-9.576327929902806,,False,,goal,False,False,61,40.34977858821406,-83.1316677425888,0,0,0,20,0,0.0,0.0,0.0,21.28451883248924,0.0,0.6150242251888776,0.7417263934149513,1.8860088944196514,0.8252226495184317,0,,False,being_overtaken,31,0.0,False,0.0,tier_b,B-22-06,CH-BO-CV-07,626,channel,cv,off
model,being_overtaken,9.474066178056749,1.6611901037744503,-2.8854686619446817,,False,,goal,False,False,59,97.15554184864946,-19.261274223697008,0,0,0,8,0,0.0,0.0,0.0,4.7558701786906195,0.0,0.6430242844317428,0.8030801423445397,1.896210911242991,0.9271939067567466,0,,False,being_overtaken,23,0.0,False,0.0,tier_b,B-22-07,CH-BO-CV-08,627,channel,cv,off
model,being_overtaken,9.146459456894636,1.474073368222048,5.519243872692378,,False,,collision:boundary,True,False,72,-382.525758026157,-14.633135187025896,0,0,0,4,0,0.0,0.0,0.0,3.613119799265654,0.0,0.5439719630509844,0.7617156579492629,2.392281892969978,1.495021674582584,0,,False,being_overtaken,14,0.0,False,0.0,tier_b,B-22-08,CH-BO-CV-09,628,channel,cv,off
model,being_overtaken,10.077711245109938,2.065411905633429,-9.269581231639759,,False,,goal,False,False,81,-10.004738065104277,-17.886811721797148,0,0,0,8,0,0.0,0.0,0.0,4.416496721431395,0.0,0.4772202302964506,0.6754240466238809,1.7602557769526863,1.597155248438007,0,,False,being_overtaken,16,0.0,False,0.0,tier_b,B-22-09,CH-BO-CV-10,629,channel,cv,off
model,being_overtaken,10.553908385411221,1.6445286236483643,-4.7520507615088174,,False,,collision:boundary,True,False,59,-342.8374775425135,-36.53243305581697,0,0,0,16,0,0.0,0.0,0.0,9.020353840942462,0.0,0.6588026048370635,0.8078172196167018,2.34935383286915,1.315513524389551,0,,False,being_overtaken,23,0.0,False,0.0,tier_b,B-22-10,CH-BO-CV-11,630,channel,cv,off
model,being_overtaken,10.069005081420023,1.534551817588098,9.098256866868876,,False,,collision:boundary,True,False,80,-342.6251289837446,-15.843970875394623,0,0,0,6,0,0.0,0.0,0.0,3.912091574171512,0.0,0.48707311551929633,0.6668145655024621,1.738148550562624,1.0589671149241597,0,,False,being_overtaken,18,0.0,False,0.0,tier_b,B-22-11,CH-BO-CV-12,631,channel,cv,off
model,being_overtaken,9.665706666392488,1.5343236425695819,8.13629336769647,,False,,goal,False,False,74,10.152679496496233,-31.506851541411017,0,0,0,14,0,0.0,0.0,0.0,7.779469516397782,0.0,0.5075794256108408,0.6410972499313901,1.7763125344072441,0.49123087924557707,0,,False,being_overtaken,27,0.0,False,0.0,tier_b,B-22-12,CH-BO-CV-13,632,channel,cv,off
model,being_overtaken,8.90402560213816,1.9608852618795738,-7.893296692196108,,False,,goal,False,False,75,24.376557965216122,-39.73847873559339,0,0,0,8,0,0.0,0.0,0.0,9.811970058171209,0.0,0.5118459144203461,0.6835496086364489,1.5903173093445986,1.2026279250211789,0,,False,being_overtaken,21,0.0,False,0.0,tier_b,B-22-13,CH-BO-CV-14,633,channel,cv,off
model,being_overtaken,10.020634325892036,1.5697097422529702,-6.486197967087861,,False,,goal,False,False,68,111.28288162519988,-17.05120794783953,0,0,0,13,0,0.0,0.0,0.0,4.210174801935685,0.0,0.5559385950316164,0.6631769318878996,1.6104052656875742,0.880236887618278,0,,False,being_overtaken,22,0.0,False,0.0,tier_b,B-22-14,CH-BO-CV-15,634,channel,cv,off
model,being_overtaken,9.999999999999996,1.8746514359692283,8.068747088689715,,False,,collision:boundary,True,False,75,-380.574136065478,-10.05396808013608,0,0,0,10,0,0.0,0.0,0.0,2.4824612543545874,0.0,0.5203106164177274,0.6873662655311019,2.1410247651141527,1.3992158044367156,0,,False,being_overtaken,20,0.0,False,0.0,tier_b,B-22-15,CH-BO-CV-16,635,channel,cv,off
model,being_overtaken,10.136943003424781,1.5455606303359282,7.337138630819112,,False,,collision:boundary,True,False,77,-335.35297615866534,-21.060211930968137,0,0,0,11,0,0.0,0.0,0.0,5.200052328634108,0.0,0.5048090873002605,0.6585275744680631,1.8491016852464348,0.9054159574141363,0,,False,being_overtaken,22,0.0,False,0.0,tier_b,B-22-16,CH-BO-CV-17,636,channel,cv,off
model,being_overtaken,10.33401265255224,1.8271139129257774,-5.859736971695648,,False,,collision:target,True,True,54,-340.397576881398,-57.90277086639945,0,0,0,24,0,0.0,0.0,0.0,14.389748893615053,0.0,0.6725373700890551,0.7979007894307649,1.7570958832293189,0.5503770147884354,0,,False,being_overtaken,36,0.0,False,0.0,tier_b,B-22-17,CH-BO-CV-18,637,channel,cv,off
model,being_overtaken,10.305939993402884,1.6065873276064564,-7.240453989250293,,False,,goal,False,False,63,74.62634376814151,-10.775169676097129,0,0,0,7,0,0.0,0.0,0.0,2.660535722493118,0.0,0.6099603551390206,0.7031235101270613,2.5786904947370957,1.7300683349934478,0,,False,being_overtaken,16,0.0,False,0.0,tier_b,B-22-18,CH-BO-CV-19,638,channel,cv,off
model,being_overtaken,10.402192092344807,1.9348478321623988,4.681644550689345,,False,,collision:boundary,True,False,63,-342.2973226216831,-24.551119633219937,0,0,0,23,0,0.0,0.0,0.0,6.062004847708625,0.0,0.6210028990175019,0.7286510008624816,2.888732972471586,1.520067677817504,0,,False,being_overtaken,23,0.0,False,0.0,tier_b,B-22-19,CH-BO-CV-20,639,channel,cv,off
model,being_overtaken,10.771617624924213,1.8489512021490029,4.753848680304266,,False,,goal,False,False,70,104.50430317807225,-18.952648982593225,0,0,0,9,0,0.0,0.0,0.0,4.679666415455117,0.0,0.5388633174191907,0.6728179974918765,1.8727848899333024,0.7137324077378737,0,,False,being_overtaken,21,0.0,False,0.0,tier_b,B-22-20,CH-BO-CV-21,640,channel,cv,off
model,being_overtaken,10.761885633842516,1.3904675412537058,6.190693404552974,,False,,collision:target,True,True,23,-321.23637622059096,-18.994178998225244,0,0,0,6,0,0.0,0.0,0.0,4.689920740302529,0.0,0.4556887942460154,0.5494583031913685,1.2519970227335413,0.27995564046216354,0,,False,being_overtaken,22,0.0,False,0.0,tier_b,B-22-21,CH-BO-CV-22,641,channel,cv,off
model,being_overtaken,9.773590545841863,1.5868576891860942,3.065748178758481,,False,,goal,False,False,70,122.88866999023841,-3.9498924531586233,0,0,0,3,0,0.0,0.0,0.0,0.9752820871996599,0.0,0.5361480243939386,0.6680711448283397,1.7603865188528391,0.7492105273075643,0,,False,being_overtaken,17,0.0,False,0.0,tier_b,B-22-22,CH-BO-CV-23,642,channel,cv,off
model,being_overtaken,11.504843647205808,1.8112258205705163,8.753719011218898,,False,,goal,False,False,83,2.821367669196036,-9.808255436523485,0,0,0,5,0,0.0,0.0,0.0,2.4217914658082678,0.0,0.47125824431601426,0.7279283512594236,1.727197524032545,1.434242835880248,0,,False,being_overtaken,16,0.0,False,0.0,tier_b,B-22-23,CH-BO-CV-24,643,channel,cv,off
model,being_overtaken,8.942199609814969,1.5027708350019329,9.571458498356098,,False,,collision:boundary,True,False,80,-420.16505295789204,-19.573983200011572,0,2,0,10,1,0.0,0.06535216149999801,0.0,4.578138492877152,0.15756202320758161,0.4910274938696485,0.599096623663548,2.1768343698272896,2.0261831180270553,0,,False,being_overtaken,23,0.13043478260869565,True,0.0,tier_b,B-22-24,CH-BO-CV-25,644,channel,cv,off
model,being_overtaken,9.141561037287715,1.776262939679547,7.012166169995041,,False,,goal,False,False,75,85.8320959506222,-14.26435016847243,0,0,0,9,0,0.0,0.0,0.0,3.5220617699931926,0.0,0.5027280172593527,0.7050550029532769,1.8503197924071635,0.7529511247239644,0,,False,being_overtaken,20,0.0,False,0.0,tier_b,B-22-25,CH-BO-CV-26,645,channel,cv,off
model,being_overtaken,10.538099569096866,1.8365835921259843,-5.920717294514455,,False,,goal,False,False,58,99.95137762399155,-18.631834883662115,0,0,0,11,0,0.0,0.0,0.0,4.600453057694349,0.0,0.6476572008528881,0.7918173701683684,2.0511227867007964,0.8755495307735915,0,,False,being_overtaken,24,0.0,False,0.0,tier_b,B-22-26,CH-BO-CV-27,646,channel,cv,off
model,being_overtaken,10.589335787781,1.6662506317375931,-5.438194114278652,,False,,collision:boundary,True,False,79,-397.80104563109546,-16.166327703046264,0,0,0,5,0,0.0,0.0,0.0,3.991685852604015,0.0,0.5053754339864196,0.7363286473108662,1.335015464314125,1.984685830180089,0,,False,being_overtaken,20,0.0,False,0.0,tier_b,B-22-27,CH-BO-CV-28,647,channel,cv,off
model,being_overtaken,10.211876768560817,1.6535929306824677,-0.9513842344362224,,False,,goal,False,False,65,53.26836631996715,-16.522734850920262,0,0,0,10,0,0.0,0.0,0.0,4.079687617511175,0.0,0.5969495965072276,0.7357190664731431,2.5373656071896757,1.8798365221952729,0,,False,being_overtaken,16,0.0,False,0.0,tier_b,B-22-28,CH-BO-CV-29,648,channel,cv,off
model,being_overtaken,9.887516501025393,1.757429425105202,7.8151567372981035,,False,,goal,False,False,69,51.14518948874888,-16.281276282597634,0,0,0,7,0,0.0,0.0,0.0,4.020068217925341,0.0,0.5446838742505911,0.6719524962305935,2.0232728479628896,0.6566703706586136,0,,False,being_overtaken,21,0.0,False,0.0,tier_b,B-22-29,CH-BO-CV-30,649,channel,cv,off
model,being_overtaken,10.0,1.705776679673551,7.3038059103638595,,False,,collision:obstacle,True,False,44,-359.9703658619914,-21.23769558003943,0,0,0,13,0,0.0,0.0,0.0,5.243875451861587,0.0,0.5298308328476836,0.6268159507226677,2.112974674362604,0.27170720377042795,0,,False,being_overtaken,30,0.0,False,0.0,tier_b,B-22-30,CH-BO-CV-31,650,channel,cv,off
model,being_overtaken,10.11024143081176,1.8089489002245418,-3.288459626170992,,False,,goal,False,False,62,81.64494417996984,-19.239935853064857,0,0,0,16,0,0.0,0.0,0.0,4.750601445201201,0.0,0.6187672877837406,0.7865714904586582,2.803419326967113,1.4625327220871034,0,,False,being_overtaken,18,0.0,False,0.0,tier_b,B-22-31,CH-BO-CV-32,651,channel,cv,off
model,being_overtaken,10.0,1.9153097633285976,8.970973820707705,,False,,goal,False,False,65,110.67105684567552,-22.56530127609567,0,0,0,17,0,0.0,0.0,0.0,5.571679327431029,0.0,0.5826991017808532,0.7031992294463217,1.8418159239568515,0.6783558980630409,0,,False,being_overtaken,26,0.0,False,0.0,tier_b,B-22-32,CH-BO-CV-33,652,channel,cv,off
model,being_overtaken,9.96597663517752,1.7064409511923877,-8.531636700817371,,False,,goal,False,False,80,53.20758024515987,-11.816865353621882,0,0,0,9,0,0.0,0.0,0.0,2.917744531758489,0.0,0.4702537230605069,0.70154562146475,1.8086593922951286,0.2975529408385371,0,,False,being_overtaken,20,0.0,False,0.0,tier_b,B-22-33,CH-BO-CV-34,653,channel,cv,off
model,being_overtaken,9.98970640920461,1.675976797229053,4.411715068252748,,False,,goal,False,False,58,91.5126438994568,-20.424876742856817,0,0,0,11,0,0.0,0.0,0.0,5.043179442680696,0.0,0.6576895854225986,0.7627401059306753,2.436892296382915,1.156529242528048,0,,False,being_overtaken,19,0.0,False,0.0,tier_b,B-22-34,CH-BO-CV-35,654,channel,cv,off
model,being_overtaken,10.0,1.6648231791427388,9.98942629953848,,False,,goal,False,False,73,32.90389061480214,-22.651620864085746,0,0,0,11,0,0.0,0.0,0.0,5.592992805947099,0.0,0.5160817034438965,0.6530891519893541,1.8259432990883897,0.6712263592579073,0,,False,being_overtaken,22,0.0,False,0.0,tier_b,B-22-35,CH-BO-CV-36,655,channel,cv,off
model,being_overtaken,10.657361758627347,1.5422768329665357,-7.664204667810495,,False,,goal,False,False,64,56.823505210174915,-43.34041679128907,0,0,0,12,0,0.0,0.0,0.0,10.701337479330634,0.0,0.6069235401313878,0.7135126075180591,2.3469277896999228,1.693641758586162,0,,False,being_overtaken,21,0.0,False,0.0,tier_b,B-22-36,CH-BO-CV-37,656,channel,cv,off
model,being_overtaken,10.124265293663255,1.643458977452132,-7.320117337899125,,False,,goal,False,False,65,115.9563465534031,-9.814205487083548,0,0,0,9,0,0.0,0.0,0.0,2.4232606140947026,0.0,0.5829325902828152,0.6614603611465626,1.8011167777518797,1.0354721129678515,0,,False,being_overtaken,24,0.0,False,0.0,tier_b,B-22-37,CH-BO-CV-38,657,channel,cv,off
model,being_overtaken,9.999999999999998,1.556808043792105,7.728243285575612,,False,,collision:boundary,True,False,75,-323.89097170292075,-8.39567447272028,0,0,0,12,0,0.0,0.0,0.0,2.0730060426469827,0.0,0.5185541095235373,0.6532765858934095,1.8308483473865174,0.9713305836383928,0,,False,being_overtaken,27,0.0,False,0.0,tier_b,B-22-38,CH-BO-CV-39,658,channel,cv,off
model,being_overtaken,9.817306046070476,1.5824267133975944,-4.969505331107589,,False,,collision:boundary,True,False,129,-706.4862764526753,-23.77927150470572,0,0,0,9,0,0.0,0.0,0.0,5.871425062890301,0.0,0.3056700235304587,0.5674080522803071,1.3927287559385841,2.2416041790950922,0,,False,being_overtaken,23,0.0,False,0.0,tier_b,B-22-39,CH-BO-CV-40,659,channel,cv,off
model,being_overtaken,10.125556323056118,1.8719798176796532,7.562298772641302,,False,,goal,False,False,58,115.48297064046803,-26.159090750779967,0,0,0,20,0,0.0,0.0,0.0,6.4590347532790044,0.0,0.6461224694299358,0.7266972614502389,2.6617803349531597,0.294998044836592,0,,False,being_overtaken,27,0.0,False,0.0,tier_b,B-23-00,CH-BO-RE-01,660,channel,re,off
model,being_overtaken,9.933657424465766,1.8991711810998815,7.771645627693946,,False,,collision:obstacle,True,False,32,-367.32890683678175,-12.613099565892407,0,0,0,10,0,0.0,0.0,0.0,3.1143455718252846,0.0,0.48570511958247387,0.5731657100082017,2.670778685299118,0.5614521500539492,0,,False,being_overtaken,20,0.0,False,0.0,tier_b,B-23-01,CH-BO-RE-02,661,channel,re,off
model,being_overtaken,9.889649864050995,1.9798188718970813,-7.182931447677728,,False,,goal,False,False,62,81.08260983045508,-22.94725350965986,1,1,0,13,0,0.009129281155956683,0.15038405754968237,0.0,5.471027773596777,0.0,0.6196480081367778,0.7253934244322605,2.7805735144990145,1.5879207723973825,0,,False,being_overtaken,17,0.0,False,0.0,tier_b,B-23-02,CH-BO-RE-03,662,channel,re,off
model,being_overtaken,9.838134110231913,1.6073830435301206,7.606140418726643,,False,,goal,False,False,56,84.14248242957284,-55.927991959168345,0,0,0,30,0,0.0,0.0,0.0,13.80938073065885,0.0,0.6739087013237992,0.7493645170733463,2.340682041154587,0.0977706792255287,0,,False,being_overtaken,38,0.0,False,0.0,tier_b,B-23-03,CH-BO-RE-04,663,channel,re,off
model,being_overtaken,10.4119118238532,1.8453796192107756,2.0444196991694756,,False,,goal,False,False,62,84.83781162491493,-8.074853270910657,0,0,0,4,0,0.0,0.0,0.0,1.9937909310890514,0.0,0.6121984560503445,0.7354280483465588,2.6747886145451063,1.33596884422815,0,,False,being_overtaken,11,0.0,False,0.0,tier_b,B-23-04,CH-BO-RE-05,664,channel,re,off
model,being_overtaken,9.999999999999998,2.1231303294610084,-9.909304134018297,,False,,collision:target,True,True,55,-412.1326484060349,-123.98311617629548,0,0,0,32,0,0.0,0.0,0.0,31.651420421969483,0.0,0.6830651715400914,0.8071166398345195,1.3482736207080477,0.5003121816300342,0,,False,being_overtaken,37,0.0,False,0.0,tier_b,B-23-05,CH-BO-RE-06,665,channel,re,off
model,being_overtaken,10.0,1.6410683857900301,3.8341889581250843,,False,,goal,False,False,56,78.56678371665582,-57.21312061164523,0,0,0,18,0,0.0,0.0,0.0,14.126696447319812,0.0,0.6718456438772178,0.7594334042187503,1.5544367039502962,0.1713672239852789,0,,False,being_overtaken,33,0.0,False,0.0,tier_b,B-23-06,CH-BO-RE-07,666,channel,re,off
model,being_overtaken,9.726699856298724,1.3683473913920756,-3.1107924413628973,,False,,collision:obstacle,True,False,51,-403.9618932335122,-26.241126752391157,0,0,0,9,0,0.0,0.0,0.0,6.479290556145965,0.0,0.5067039705735092,0.666358843246861,1.9974775326495773,1.1389745203673407,0,,False,being_overtaken,20,0.0,False,0.0,tier_b,B-23-07,CH-BO-RE-08,667,channel,re,off
model,being_overtaken,9.888208635212655,1.5837145631463418,5.973963034216045,,False,,goal,False,False,58,73.89244874475571,-59.97817671816351,0,0,0,18,1,0.0,0.0,0.0,14.805816563259256,0.0032488082141159413,0.650958124078593,0.7418434988077741,2.3823106235070592,0.5136270257401024,0,,False,being_overtaken,38,0.0,False,0.0,tier_b,B-23-08,CH-BO-RE-09,668,channel,re,off
model,being_overtaken,9.554009289206258,1.9771335862570683,-8.91964174148698,,False,,collision:target,True,True,56,-356.984251009734,-66.55797248601397,0,0,0,36,0,0.0,0.0,0.0,16.434067280497278,0.0,0.6482231685256709,0.7576744193666095,1.82415521690149,0.2825515129660192,0,,False,being_overtaken,43,0.0,False,0.0,tier_b,B-23-09,CH-BO-RE-10,669,channel,re,off
model,being_overtaken,9.49956345855006,1.7230386898978356,-3.4368801559108197,,False,,goal,False,False,63,80.06463360397316,-10.803399136168194,0,0,0,9,0,0.0,0.0,0.0,2.667505959547702,0.0,0.6050850490300798,0.739831803745219,2.581034511581814,1.4704224587468282,0,,False,being_overtaken,16,0.0,False,0.0,tier_b,B-23-10,CH-BO-RE-11,670,channel,re,off
model,being_overtaken,10.0,1.5351782310889264,-3.5114801933301294,,False,,goal,False,False,62,92.6741477105507,-15.750149006372872,0,4,0,9,2,0.0,0.1752237634189678,0.0,3.461479860295411,0.19195509850057035,0.6166509258712058,0.7584575359051149,2.46708450745868,1.3868312128433402,0,,False,being_overtaken,21,0.0,False,0.0,tier_b,B-23-11,CH-BO-RE-12,671,channel,re,off
model,being_overtaken,9.558087837045521,2.0782608328785757,-9.434247459104213,,False,,goal,False,False,76,-14.237931790065275,-10.610151369615998,0,0,0,13,0,0.0,0.0,0.0,2.6197904616335794,0.0,0.5254860560548913,0.7240680788852711,2.5910388983722066,1.6765524919063157,0,,False,being_overtaken,19,0.0,False,0.0,tier_b,B-23-12,CH-BO-RE-13,672,channel,re,off
model,being_overtaken,11.074172611742998,1.7482481642059218,8.79289557579705,,False,,collision:obstacle,True,False,57,-397.2000641507367,-26.18113680761013,0,0,0,29,0,0.0,0.0,0.0,6.464478224101266,0.0,0.49631268377248305,0.6168540292552498,2.8197645282221346,1.1035067978718398,0,,False,being_overtaken,30,0.0,False,0.0,tier_b,B-23-13,CH-BO-RE-14,673,channel,re,off
model,being_overtaken,10.715842148894506,1.6020027772799859,8.006497405962879,,False,,collision:boundary,True,False,76,-456.27554483640586,-15.611575574998545,0,0,1,17,0,0.0,0.0,0.1078597993680579,3.758834641302107,0.0,0.5178415691884437,0.6547348421939831,2.9965868610856132,2.3162955304414443,0,,False,being_overtaken,18,0.0,False,0.0,tier_b,B-23-14,CH-BO-RE-15,674,channel,re,off
model,being_overtaken,9.962184763865155,1.7937008923235322,7.913044103514924,,False,,goal,False,False,56,75.36950446061073,-59.26224292879759,0,0,0,24,0,0.0,0.0,0.0,14.632652575011747,0.0,0.676078298576879,0.7329995775395185,2.4942327020453057,0.4871752313231612,0,,False,being_overtaken,34,0.0,False,0.0,tier_b,B-23-15,CH-BO-RE-16,675,channel,re,off
model,being_overtaken,10.0,1.7928558818761573,7.268922183468554,,False,,goal,False,False,56,113.03613531323663,-31.080204689791433,0,0,0,26,0,0.0,0.0,0.0,7.674124614763316,0.0,0.6684162907576446,0.7276970085291908,2.1814113245944178,0.16452135531648637,0,,False,being_overtaken,39,0.0,False,0.0,tier_b,B-23-16,CH-BO-RE-17,676,channel,re,off
model,being_overtaken,10.0,1.9589682271879547,2.391148402005978,,False,,collision:obstacle,True,False,37,-343.9205889968741,-14.009801917845214,0,0,0,11,0,0.0,0.0,0.0,3.459210350085238,0.0,0.5196602456561493,0.5682692522383123,2.5775708444946304,1.0361742168960495,0,,False,being_overtaken,20,0.0,False,0.0,tier_b,B-23-17,CH-BO-RE-18,677,channel,re,off
model,being_overtaken,10.0,1.987953265588875,7.8640679000367335,,False,,collision:boundary,True,False,68,-362.64954011330644,-9.420496285912845,0,0,0,10,0,0.0,0.0,0.0,2.3260484656574927,0.0,0.5721502085859722,0.7325851238404935,2.9614879111127688,1.4111318204007255,0,,False,being_overtaken,12,0.0,False,0.0,tier_b,B-23-18,CH-BO-RE-19,678,channel,re,off
model,being_overtaken,10.161501326284435,1.516508222494266,3.3295474625973753,,False,,goal,False,False,60,78.72794097757377,-18.873462460095144,0,0,0,11,0,0.0,0.0,0.0,4.660114187677813,0.0,0.6360891329188938,0.7533838712260462,2.75015394235254,1.3775559583339223,0,,False,being_overtaken,18,0.0,False,0.0,tier_b,B-23-19,CH-BO-RE-20,679,channel,re,off
model,being_overtaken,9.977474188790042,1.9426545997283227,-2.210137242425767,,False,,goal,False,False,53,67.20718608692766,-29.435797181587724,0,0,0,11,0,0.0,0.0,0.0,7.2680980695278325,0.0,0.7137111503804042,0.8364639885954406,1.9940239324448474,0.6650247524008736,0,,False,being_overtaken,23,0.0,False,0.0,tier_b,B-23-20,CH-BO-RE-21,680,channel,re,off
model,being_overtaken,10.880211490474945,1.9775653973867169,7.279494164863138,,False,,collision:boundary,True,False,72,-348.65551967319567,-5.02935010367016,0,0,0,7,0,0.0,0.0,0.0,1.2418148404123857,0.0,0.5414187132877115,0.6823333177940516,2.673592310446396,1.3231462721022058,0,,False,being_overtaken,15,0.0,False,0.0,tier_b,B-23-21,CH-BO-RE-22,681,channel,re,off
model,being_overtaken,9.284414321247274,1.4795497654559908,8.56953374866751,,False,,collision:boundary,True,False,68,-360.25458257238154,-12.01301559330176,0,0,0,7,0,0.0,0.0,0.0,2.966176689704138,0.0,0.5732101076128195,0.69033149700276,2.5048981637174514,1.1473105443830973,0,,False,being_overtaken,17,0.0,False,0.0,tier_b,B-23-22,CH-BO-RE-23,682,channel,re,off
model,being_overtaken,10.25142389104578,1.4580395125813075,-3.7008300969021324,,False,,goal,False,False,74,-4.08180761643699,-13.009745728214153,0,0,0,7,0,0.0,0.0,0.0,3.212282895855346,0.0,0.5134044530682796,0.6766893093436287,2.1439527900362383,0.7062713219363902,0,,False,being_overtaken,19,0.0,False,0.0,tier_b,B-23-23,CH-BO-RE-24,683,channel,re,off
model,being_overtaken,9.981898815348215,1.4935568598436841,4.097460437049527,,False,,collision:boundary,True,False,88,-599.5921933891499,-14.540781205874337,0,0,0,10,0,0.0,0.0,0.0,3.590316347129466,0.0,0.44796648060933075,0.5767867060210738,2.2767772021774304,2.1278431277351326,0,,False,being_overtaken,17,0.0,False,0.0,tier_b,B-23-24,CH-BO-RE-25,684,channel,re,off
model,being_overtaken,9.87979270972011,1.9900673699684517,-7.835019907526563,,False,,goal,False,False,58,98.01786044727093,-22.392570882673937,0,0,0,10,0,0.0,0.0,0.0,5.5290298475738116,0.0,0.653416867649009,0.7874336585919601,2.221150593328865,0.8625906415032859,0,,False,being_overtaken,27,0.0,False,0.0,tier_b,B-23-25,CH-BO-RE-26,685,channel,re,off
model,being_overtaken,10.0,1.5455291523910617,5.864480973143763,,False,,collision:boundary,True,False,167,-2543.9764098894498,-7.3951394462184865,0,0,0,6,0,0.0,0.0,0.0,1.8259603570909846,0.0,0.23631305103367026,0.5733302773533508,2.247691022815077,2.7675697565491464,0,,False,being_overtaken,16,0.0,False,0.0,tier_b,B-23-26,CH-BO-RE-27,686,channel,re,off
model,being_overtaken,9.95480237902196,1.3616732610879594,-4.084079477358429,,False,,goal,False,False,57,101.7957159069083,-13.342872434967,0,0,0,6,0,0.0,0.0,0.0,3.294536403695555,0.0,0.6606367515427861,0.8113760950326738,1.938316757279792,0.7331579179972023,0,,False,being_overtaken,22,0.0,False,0.0,tier_b,B-23-27,CH-BO-RE-28,687,channel,re,off
model,being_overtaken,10.027132763967446,1.6200938680221777,-8.09526659898282,,False,,goal,False,False,57,64.00170750332833,-56.630317625020844,0,0,0,21,0,0.0,0.0,0.0,13.982794475313787,0.0,0.6650023021244402,0.8057404828465512,2.1677208005383806,0.7578544118940329,0,,False,being_overtaken,34,0.0,False,0.0,tier_b,B-23-28,CH-BO-RE-29,688,channel,re,off
model,being_overtaken,9.22375029789435,1.7961895179084084,-8.848700851483224,,False,,goal,False,False,60,89.72232644234728,-19.424656741917783,0,0,0,10,0,0.0,0.0,0.0,4.796211541214268,0.0,0.6359795521057637,0.7642884709053669,2.3144775096594423,1.2219285475707338,0,,False,being_overtaken,19,0.0,False,0.0,tier_b,B-23-29,CH-BO-RE-30,689,channel,re,off
model,being_overtaken,9.999999999999998,1.3742956050900488,-5.697823439992325,,False,,collision:boundary,True,False,63,-322.4550270964183,-14.537706581141297,0,0,0,10,0,0.0,0.0,0.0,3.589557180528715,0.0,0.6181691525939075,0.7616101829276043,2.3574744907356826,1.4485076139340805,0,,False,being_overtaken,21,0.0,False,0.0,tier_b,B-23-30,CH-BO-RE-31,690,channel,re,off
model,being_overtaken,10.318827926823985,1.676831788651854,-8.71542453543511,,False,,collision:target,True,True,55,-378.8806633742767,-101.34683537388784,0,0,0,30,0,0.0,0.0,0.0,25.55063968708444,0.0,0.6612782153157345,0.8043384602437089,1.7622834408950905,0.661986821514319,0,,False,being_overtaken,39,0.0,False,0.0,tier_b,B-23-31,CH-BO-RE-32,691,channel,re,off
model,being_overtaken,10.212307046829215,1.801196019311334,8.15192003729123,,False,,collision:boundary,True,False,82,-408.90792346288436,-20.871402041246768,0,0,0,20,0,0.0,0.0,0.0,5.15343260277698,0.0,0.475419111603738,0.6123441118380302,2.639264846230536,0.891190656405598,0,,False,being_overtaken,25,0.0,False,0.0,tier_b,B-23-32,CH-BO-RE-33,692,channel,re,off
model,being_overtaken,9.407729573279614,1.5667896801118102,-7.6081580392532455,,False,,goal,False,False,68,29.313414835468706,-18.304135890758218,0,0,0,10,0,0.0,0.0,0.0,4.519539726113139,0.0,0.5620618054736245,0.6482420807853505,2.4005936789282325,0.7702012322537929,0,,False,being_overtaken,22,0.0,False,0.0,tier_b,B-23-33,CH-BO-RE-34,693,channel,re,off
model,being_overtaken,9.999999999999996,2.0181365657865165,9.912137652137176,,False,,goal,False,False,58,111.69393912289323,-39.17615431830689,0,0,0,26,0,0.0,0.0,0.0,9.673124523038739,0.0,0.6536311926503693,0.7100465934891779,2.670470609957139,0.18871663447146586,0,,False,being_overtaken,35,0.0,False,0.0,tier_b,B-23-34,CH-BO-RE-35,694,channel,re,off
model,being_overtaken,9.547504977789275,1.9810275679813487,7.063202538945724,,False,,collision:boundary,True,False,65,-365.30704804614567,-13.147361642691644,0,0,0,10,0,0.0,0.0,0.0,3.246262133997937,0.0,0.6003445308002634,0.7467342912442853,3.066209718444486,1.3947486550955794,0,,False,being_overtaken,10,0.0,False,0.0,tier_b,B-23-35,CH-BO-RE-36,695,channel,re,off
model,being_overtaken,9.999999999999998,1.6305887707912565,2.986437825790329,,False,,goal,False,False,59,96.52873459185797,-9.387904027982866,0,0,0,5,0,0.0,0.0,0.0,2.318000994563671,0.0,0.6386938466294444,0.8056545978309329,2.637540813936151,1.1527771248253247,0,,False,being_overtaken,15,0.0,False,0.0,tier_b,B-23-36,CH-BO-RE-37,696,channel,re,off
model,being_overtaken,10.037014746982145,1.723367193249801,-6.565986321707003,,False,,goal,False,False,63,63.03828815300685,-10.12427572102389,0,0,0,6,0,0.0,0.0,0.0,2.499821165684911,0.0,0.6125269518270177,0.7198587896396867,2.4874111496805265,1.6595110051082043,0,,False,being_overtaken,15,0.0,False,0.0,tier_b,B-23-37,CH-BO-RE-38,697,channel,re,off
model,being_overtaken,10.163730454285325,1.8274880848559567,8.239057201118843,,False,,collision:boundary,True,False,84,-489.41392791923874,-11.764619719733982,0,0,0,9,0,0.0,0.0,0.0,2.9048443752429596,0.0,0.47165060355716987,0.5860118804277986,2.912730222319735,2.070281619388459,0,,False,being_overtaken,11,0.0,False,0.0,tier_b,B-23-38,CH-BO-RE-39,698,channel,re,off
model,being_overtaken,11.688836356459996,1.5431648209733326,7.1089566557592505,,False,,goal,False,False,84,41.798757291475724,-4.626118645716399,0,0,0,3,0,0.0,0.0,0.0,1.1422515174608394,0.0,0.45624901592385775,0.698572790316663,2.3103820870889824,0.9728381226275373,0,,False,being_overtaken,13,0.0,False,0.0,tier_b,B-23-39,CH-BO-RE-40,699,channel,re,off
model,being_overtaken,9.556228436019913,1.9445558297546373,6.589238433300611,,False,,collision:boundary,True,False,76,-409.3796030925689,-9.161675513861748,0,0,1,5,0,0.0,0.0,0.00039613238700719755,2.261789984510746,0.0,0.5163909980547846,0.6618314183454069,2.6392653320161785,2.1389663046277763,0,,False,being_overtaken,17,0.0,False,0.0,tier_b,B-24-00,CH-BO-NC-01,700,channel,nc,off
model,being_overtaken,9.333805905222826,1.6940804731597883,-8.336449556080606,,False,,goal,False,False,69,113.24784084125658,-13.659026898148456,0,0,0,8,0,0.0,0.0,0.0,3.3725992341107296,0.0,0.5519312436603823,0.6471171334072076,1.6992912369332869,0.9597905768636388,0,,False,being_overtaken,20,0.0,False,0.0,tier_b,B-24-01,CH-BO-NC-02,701,channel,nc,off
model,being_overtaken,9.999999999999996,1.7560676358278475,-8.64583310567923,,False,,goal,False,False,71,94.6449846871258,-30.642314248617154,0,0,0,16,0,0.0,0.0,0.0,7.566003518177075,0.0,0.5352698328125259,0.6420882323534458,1.7410261831853027,0.6078680223770916,0,,False,being_overtaken,28,0.0,False,0.0,tier_b,B-24-02,CH-BO-NC-03,702,channel,nc,off
model,being_overtaken,9.556735038222397,2.0211656078634337,-9.079366362513863,,False,,goal,False,False,63,97.11002404222947,-27.660396311067515,0,0,0,16,0,0.0,0.0,0.0,6.829727484214202,0.0,0.6017663711261412,0.7611153987214052,1.9317544789363603,0.8162592472038557,0,,False,being_overtaken,29,0.0,False,0.0,tier_b,B-24-03,CH-BO-NC-04,703,channel,nc,off
model,being_overtaken,10.629510587211447,1.692838109015696,8.671667485808129,,False,,collision:boundary,True,False,81,-347.6659822877106,-15.592695073389596,0,0,0,6,0,0.0,0.0,0.0,3.8500481662690356,0.0,0.48006046781745393,0.6068961390867497,1.9425663985485009,0.8833759077352619,0,,False,being_overtaken,20,0.0,False,0.0,tier_b,B-24-04,CH-BO-NC-05,704,channel,nc,off
model,being_overtaken,9.741503906623125,1.5280915993626074,-0.8307227561974599,,False,,collision:boundary,True,False,62,-329.49496473033525,-14.471026961800318,1,0,0,7,0,0.026421007243905642,0.0,0.0,3.540800734800737,0.0,0.6300497177686438,0.7481966517177685,1.916303449335592,1.4720924987127215,0,,False,being_overtaken,18,0.0,False,0.0,tier_b,B-24-05,CH-BO-NC-06,705,channel,nc,off
model,being_overtaken,10.0,1.5929576749405012,9.21434131609211,,False,,goal,False,False,76,64.48890420697198,-43.73796549671122,0,0,0,15,0,0.0,0.0,0.0,11.066275640528657,0.0,0.49404387786561843,0.6861102845509159,1.7366919214398526,0.6426511577677251,0,,False,being_overtaken,24,0.0,False,0.0,tier_b,B-24-06,CH-BO-NC-07,706,channel,nc,off
model,being_overtaken,9.985262345348124,1.8501007172156556,-1.5862896491925316,,False,,goal,False,False,53,-2.490402366987297,-95.07810264300402,0,0,0,19,0,0.0,0.0,0.0,23.858016747270185,0.0,0.7097753143926104,0.8700514889446063,2.096183485328711,0.5452592467821447,0,,False,being_overtaken,36,0.0,False,0.0,tier_b,B-24-07,CH-BO-NC-08,707,channel,nc,off
model,being_overtaken,9.889257288420604,1.6607810930953832,-9.20132754577124,,False,,goal,False,False,74,37.87924065662022,-20.59659183909739,0,0,0,13,0,0.0,0.0,0.0,5.085578231875899,0.0,0.5135312164554463,0.784740437464954,1.7903376721885216,0.3450847687119164,0,,False,being_overtaken,23,0.0,False,0.0,tier_b,B-24-08,CH-BO-NC-09,708,channel,nc,off
model,being_overtaken,10.0,2.115467472662786,-9.1275054579281,,False,,goal,False,False,61,41.07451131880414,-92.04127108773577,0,0,0,36,0,0.0,0.0,0.0,22.726239774749565,0.0,0.6193604850982858,0.776039461540217,1.8277175913605215,0.45909642579515186,0,,False,being_overtaken,45,0.0,False,0.0,tier_b,B-24-09,CH-BO-NC-10,709,channel,nc,off
model,being_overtaken,10.571516889607276,1.6720698118476431,5.092688321189339,,False,,collision:boundary,True,False,70,-348.44291165367525,-17.471222065573215,0,0,2,7,0,0.0,0.0,0.36323562747033733,3.991005878192593,0.0,0.5560395639214454,0.6855389955996207,1.9870977458980592,1.226403834112078,0,,False,being_overtaken,17,0.0,False,0.0,tier_b,B-24-10,CH-BO-NC-11,710,channel,nc,off
model,being_overtaken,10.157629198518656,1.98425346888397,2.554588777759557,,False,,goal,False,False,57,100.83656929005377,-36.812216589734064,0,0,0,19,0,0.0,0.0,0.0,9.089436194996066,0.0,0.6560692011282034,0.7501043695434724,1.9730187802953851,0.19485994309727328,0,,False,being_overtaken,31,0.0,False,0.0,tier_b,B-24-11,CH-BO-NC-12,711,channel,nc,off
model,being_overtaken,10.01614414099173,1.670162036801078,7.002645151168821,,False,,collision:boundary,True,False,65,-359.6587837374745,-12.500044005870246,0,0,0,7,0,0.0,0.0,0.0,3.086430618733394,0.0,0.6011251230467577,0.7833169905387779,2.5842899683877105,1.5505451995686745,0,,False,being_overtaken,14,0.0,False,0.0,tier_b,B-24-12,CH-BO-NC-13,712,channel,nc,off
model,being_overtaken,10.01027829032495,1.5468909819404986,-4.708004651273683,,False,,goal,False,False,63,79.34389754531597,-9.38665898639843,0,0,0,5,0,0.0,0.0,0.0,2.3176935768885016,0.0,0.6130264661079589,0.7830127035516711,2.325011201544777,1.6875104116729538,0,,False,being_overtaken,14,0.0,False,0.0,tier_b,B-24-13,CH-BO-NC-14,713,channel,nc,off
model,being_overtaken,9.515457717040196,1.431911418108696,7.106536495085301,,False,,collision:boundary,True,False,71,-386.96082112066824,-29.146681695201096,0,0,0,16,0,0.0,0.0,0.0,7.196711529679284,0.0,0.5484754992030773,0.7613313487179868,2.535475895429734,1.405196428178003,0,,False,being_overtaken,26,0.0,False,0.0,tier_b,B-24-14,CH-BO-NC-15,714,channel,nc,off
model,being_overtaken,10.48321116342579,1.2337767967048168,2.098308615412698,,False,,goal,False,False,77,-63.86238182413254,-14.453867933862956,0,0,0,7,0,0.0,0.0,0.0,3.5688562799661616,0.0,0.49335151080687883,0.7481935486828439,1.8367218028826897,1.2413777283563916,0,,False,being_overtaken,14,0.0,False,0.0,tier_b,B-24-15,CH-BO-NC-16,715,channel,nc,off
model,being_overtaken,10.037505965075097,1.8827285556137312,5.753849198157074,,False,,goal,False,False,72,-18.424539992078422,-38.62230086909788,0,0,0,12,0,0.0,0.0,0.0,9.536370584962437,0.0,0.5236427043893311,0.6678422659372563,1.9063963778506237,0.37639720662040954,0,,False,being_overtaken,28,0.0,False,0.0,tier_b,B-24-16,CH-BO-NC-17,716,channel,nc,off
model,being_overtaken,9.999999999999998,1.6049480744493156,7.349449477400128,,False,,collision:boundary,True,False,76,-346.0180626480923,-13.470832930803972,0,0,0,11,0,0.0,0.0,0.0,3.326131587852833,0.0,0.5111747067573336,0.7120272585765579,1.850605743161013,1.0342417850760486,0,,False,being_overtaken,25,0.0,False,0.0,tier_b,B-24-17,CH-BO-NC-18,717,channel,nc,off
model,being_overtaken,10.357781496358793,1.6807035742157463,2.570955072461821,,False,,goal,False,False,72,112.95057896103815,-7.993786908555369,0,0,0,4,0,0.0,0.0,0.0,1.9737745453223132,0.0,0.5240911245228106,0.6403011926878647,1.8156442079845228,0.7414836305259533,0,,False,being_overtaken,16,0.0,False,0.0,tier_b,B-24-18,CH-BO-NC-19,718,channel,nc,off
model,being_overtaken,9.999999999999998,1.9885671677416474,-3.813949275593207,,False,,goal,False,False,60,95.2973210657261,-18.739643887741806,0,0,0,19,0,0.0,0.0,0.0,4.62707256487452,0.0,0.6308151456856169,0.7758666012452441,2.4773654793625806,1.2306058960499526,0,,False,being_overtaken,19,0.0,False,0.0,tier_b,B-24-19,CH-BO-NC-20,719,channel,nc,off
model,being_overtaken,9.79223444759822,2.0408282049977378,-9.120097773754967,,False,,goal,False,False,61,90.54083771548295,-28.34376925059958,0,0,0,14,0,0.0,0.0,0.0,6.998461543357919,0.0,0.6262904934455064,0.7639864752169625,1.9775803607622797,0.9214651465612722,0,,False,being_overtaken,27,0.0,False,0.0,tier_b,B-24-20,CH-BO-NC-21,720,channel,nc,off
model,being_overtaken,9.999999999999998,1.5428512106804195,-1.0623783115419023,,False,,goal,False,False,61,110.09448364884112,-8.079272211183792,0,0,0,4,0,0.0,0.0,0.0,1.994882027452788,0.0,0.6289128432179752,0.76904625585978,1.4679974898795243,0.7949977881101337,0,,False,being_overtaken,17,0.0,False,0.0,tier_b,B-24-21,CH-BO-NC-22,721,channel,nc,off
model,being_overtaken,9.85976623229687,1.7152225269493724,2.855737435935005,,False,,collision:boundary,True,False,117,-665.3848602814048,-11.198123381187166,0,0,0,5,0,0.0,0.0,0.0,2.7649687360955966,0.0,0.33851228201546096,0.5756738554823914,2.068450003438189,2.560796248711962,0,,False,being_overtaken,17,0.0,False,0.0,tier_b,B-24-22,CH-BO-NC-23,722,channel,nc,off
model,being_overtaken,9.999999999999998,1.9294297197367825,-7.386223297466614,,False,,collision:boundary,True,False,92,-468.8192078369352,-13.096522881452717,0,0,0,8,0,0.0,0.0,0.0,3.2337093534451156,0.0,0.4252340597180808,0.5785642307848397,1.707454668055697,1.4027107528114817,0,,False,being_overtaken,18,0.0,False,0.0,tier_b,B-24-23,CH-BO-NC-24,723,channel,nc,off
model,being_overtaken,10.887967509919548,1.550195118269397,-8.27115703655429,,False,,goal,False,False,65,118.38511335997606,-5.350782499474176,0,0,0,3,0,0.0,0.0,0.0,1.3211808640676979,0.0,0.5851302937609865,0.6986429974805681,1.7230184329101716,1.1491106190675986,0,,False,being_overtaken,18,0.0,False,0.0,tier_b,B-24-24,CH-BO-NC-25,724,channel,nc,off
model,being_overtaken,10.663301990052519,1.3104702035229767,-3.6817098961920625,,False,,goal,False,False,68,95.24269921021414,-17.41352522867726,0,0,0,7,0,0.0,0.0,0.0,4.299635858932657,0.0,0.560933858798532,0.6856860218789788,1.5783966593751586,1.199426837963511,0,,False,being_overtaken,17,0.0,False,0.0,tier_b,B-24-25,CH-BO-NC-26,725,channel,nc,off
model,being_overtaken,9.996986108667826,1.6166228227296413,-9.557683279964767,,False,,goal,False,False,68,117.02650208023077,-14.15254996317488,0,0,0,11,0,0.0,0.0,0.0,3.4944567810308347,0.0,0.5572221112500678,0.6646264657567463,1.6480193219588157,0.7452060108091403,0,,False,being_overtaken,22,0.0,False,0.0,tier_b,B-24-26,CH-BO-NC-27,726,channel,nc,off
model,being_overtaken,9.999999999999996,1.6741295357485322,-8.85883210450535,,False,,goal,False,False,68,111.93828513680253,-16.28611648272421,0,0,0,12,0,0.0,0.0,0.0,4.021263329067706,0.0,0.5550022459039265,0.6631865574901196,1.6320249684622463,0.7238330318616055,0,,False,being_overtaken,27,0.0,False,0.0,tier_b,B-24-27,CH-BO-NC-28,727,channel,nc,off
model,being_overtaken,9.707579962186344,1.994245056227799,8.162250057336443,,False,,goal,False,False,69,94.5475370778827,-28.71843443459965,0,0,0,15,0,0.0,0.0,0.0,7.090971465333247,0.0,0.5476312200561281,0.6887343935780036,1.9186442617358068,0.6718722807388673,0,,False,being_overtaken,26,0.0,False,0.0,tier_b,B-24-28,CH-BO-NC-29,728,channel,nc,off
model,being_overtaken,10.051383457640737,1.750885488981689,8.969076940513162,,False,,collision:boundary,True,False,78,-382.99847113983975,-12.79582913640192,0,1,2,8,0,0.0,0.07867560212236799,0.5386204399435911,2.584531190641795,0.0,0.50017060804,0.684858980646434,2.1445722497217314,1.501806123669429,0,,False,being_overtaken,18,0.0,False,0.0,tier_b,B-24-29,CH-BO-NC-30,729,channel,nc,off
model,being_overtaken,9.999999999999998,1.6011268102900944,-6.681896567156205,,False,,collision:target,True,True,21,-349.26461237846735,-42.431216842176525,0,0,0,8,0,0.0,0.0,0.0,11.350355969188467,0.0,0.4387978562789534,0.5700999345846123,1.3016977400092282,0.4318574192322462,0,,False,being_overtaken,20,0.0,False,0.0,tier_b,B-24-30,CH-BO-NC-31,730,channel,nc,off
model,being_overtaken,9.949181056491254,1.6547199557512104,-9.047533260766778,,False,,goal,False,False,79,0.7209157576241836,-54.37596720665667,0,0,0,11,0,0.0,0.0,0.0,14.083610502821683,0.0,0.48657322848817586,0.6604633612651313,1.4902882336134082,1.6085384709242425,0,,False,being_overtaken,22,0.0,False,0.0,tier_b,B-24-31,CH-BO-NC-32,731,channel,nc,off
model,being_overtaken,9.79230810832228,1.9829888233706938,0.25188225340473736,,False,,goal,False,False,61,89.59397511123959,-4.129565418230936,0,0,0,4,0,0.0,0.0,0.0,1.0196457822792433,0.0,0.6292449269650964,0.7189044666346025,2.6503930145659766,1.5173278420765028,0,,False,being_overtaken,13,0.0,False,0.0,tier_b,B-24-32,CH-BO-NC-33,732,channel,nc,off
model,being_overtaken,9.99004140727738,1.8744891642944084,8.295463489419028,,False,,goal,False,False,63,115.5684313745037,-28.472905403367527,0,0,0,23,0,0.0,0.0,0.0,7.030347013177165,0.0,0.5995928282236705,0.6937488860226727,1.8851337578890976,0.5738981498629828,0,,False,being_overtaken,32,0.0,False,0.0,tier_b,B-24-33,CH-BO-NC-34,733,channel,nc,off
model,being_overtaken,9.968353619665658,1.404571500479074,-6.492741499802328,,False,,goal,False,False,74,101.19605580353472,-13.593298750634675,0,0,0,8,0,0.0,0.0,0.0,3.3563700618851056,0.0,0.5116717712545646,0.689450344582369,1.447699387393973,0.4621407529596194,0,,False,being_overtaken,23,0.0,False,0.0,tier_b,B-24-34,CH-BO-NC-35,734,channel,nc,off
model,being_overtaken,10.825345865058214,1.7784132800067367,5.254308792979863,,False,,collision:obstacle,True,False,46,-392.7086588068669,-10.758464760098612,0,0,0,5,0,0.0,0.0,0.0,2.6564110518762,0.0,0.3821399616413308,0.5449532233057702,1.6572329945742879,0.427157010548887,0,,False,being_overtaken,15,0.0,False,0.0,tier_b,B-24-35,CH-BO-NC-36,735,channel,nc,off
model,being_overtaken,10.159482289928146,1.9000685884942294,-7.83488307678728,,False,,goal,False,False,59,74.08280850042158,-43.18907051951913,0,0,0,13,0,0.0,0.0,0.0,10.663968029510894,0.0,0.6383594055008788,0.7639756851075175,2.0096948285790908,0.998692225111268,0,,False,being_overtaken,24,0.0,False,0.0,tier_b,B-24-36,CH-BO-NC-37,736,channel,nc,off
model,being_overtaken,9.876841854514625,1.7835664258841866,4.577336411332384,,False,,collision:boundary,True,False,76,-411.7682212782023,-13.095414069868838,0,0,0,9,0,0.0,0.0,0.0,3.23343557280712,0.0,0.5135295018068234,0.7058958140322743,2.313731049845088,1.6225508151667465,0,,False,being_overtaken,15,0.0,False,0.0,tier_b,B-24-37,CH-BO-NC-38,737,channel,nc,off
model,being_overtaken,10.524710135776056,1.6833444561445865,-6.688109058467406,,False,,goal,False,False,82,8.296436842776572,-39.951944292892684,0,0,0,10,0,0.0,0.0,0.0,9.86467760318338,0.0,0.464105406214374,0.641884081443518,1.3602962622003014,1.4920899965668428,0,,False,being_overtaken,24,0.0,False,0.0,tier_b,B-24-38,CH-BO-NC-39,738,channel,nc,off
model,being_overtaken,9.999999999999996,1.7358621290711596,-6.757884182900751,,False,,goal,False,False,68,99.64854903594471,-30.484227374022083,0,0,0,13,0,0.0,0.0,0.0,7.5269697219807625,0.0,0.556440197223852,0.6998693123749291,1.7324277194232813,0.6369926076227063,0,,False,being_overtaken,28,0.0,False,0.0,tier_b,B-24-39,CH-BO-NC-40,739,channel,nc,off
model,null,10.0,6.402787750407577,0.4397175180479955,,,,goal,False,False,64,54.29653038125005,0.0,0,0,0,0,0,0.0,0.0,0.0,0.0,0.0,0.5980099996046084,0.6852226540256061,8.42041553906981,1.197056273570714,0,,False,never,0,0.0,False,0.0,tier_b,B-25-00,CH-NU-CV-01,740,channel,cv,off
model,null,9.756927740359394,4.731557190491743,-5.032369587205379,,,,goal,False,False,67,52.78635930842869,-5.385179264271134,5,0,3,0,0,0.533424179200968,0.0,0.7624248825628726,0.0,0.0,0.5754940794716842,0.6639610985337577,7.144140372639887,1.5812052245532666,0,,False,overtaking,5,0.0,False,0.0,tier_b,B-25-01,CH-NU-CV-02,741,channel,cv,off
model,null,10.20609031156661,8.952642133156829,8.893581489770433,,,,goal,False,False,67,38.58034544694381,0.0,0,0,0,0,0,0.0,0.0,0.0,0.0,0.0,0.5814068017004232,0.7339538924560037,8.978854358568316,1.472136587826312,0,,False,never,0,0.0,False,0.0,tier_b,B-25-02,CH-NU-CV-03,742,channel,cv,off
model,null,9.949040465676354,6.161425379424803,1.5293254566548935,,,,goal,False,False,63,92.63027100312851,-0.93020911606401,3,0,0,0,0,0.18792103354828482,0.0,0.0,0.0,0.0,0.6144489303688895,0.7417338805512007,5.879931712837803,1.3460746898019693,0,,False,overtaking,6,0.0,False,0.0,tier_b,B-25-03,CH-NU-CV-04,743,channel,cv,off
model,null,10.024859227742311,10.962511564517294,9.142703552249934,,,,goal,False,False,76,-44.00545862803516,0.0,0,0,0,0,0,0.0,0.0,0.0,0.0,0.0,0.5138871908297997,0.6706669068742378,12.407909318889084,1.8660887779465976,0,,False,never,0,0.0,False,0.0,tier_b,B-25-04,CH-NU-CV-05,744,channel,cv,off
model,null,10.372229054893863,0.5357273963728372,-5.319813560635027,,,,goal,False,False,61,114.08260927487285,0.0,0,0,0,0,0,0.0,0.0,0.0,0.0,0.0,0.6247127449739431,0.7447575841239549,6.663591192105346,1.2997259171632807,0,,False,never,0,0.0,False,0.0,tier_b,B-25-05,CH-NU-CV-06,745,channel,cv,off
model,null,9.999999999999996,6.25032246275428,-5.682538319219743,,,,goal,False,False,83,-75.16196840569577,0.0,0,0,0,0,0,0.0,0.0,0.0,0.0,0.0,0.46545677575576294,0.6377947834731426,8.747704945567907,1.0354481282823476,0,,False,never,0,0.0,False,0.0,tier_b,B-25-06,CH-NU-CV-07,746,channel,cv,off
model,null,10.0,3.0477160080376398,2.69249906769684,,,,goal,False,False,81,-58.599546617929605,0.0,0,0,0,0,0,0.0,0.0,0.0,0.0,0.0,0.4911291381921316,0.7525390018373096,8.285605260481926,1.7879471881511075,0,,False,never,0,0.0,False,0.0,tier_b,B-25-07,CH-NU-CV-08,747,channel,cv,off
model,null,9.381865316048694,1.7450214749076207,-2.6104002958335437,,,,goal,False,False,59,93.61540965101115,0.0,0,0,0,0,0,0.0,0.0,0.0,0.0,0.0,0.6442693525940646,0.7583623580567379,9.950627984177865,0.8851643096377309,0,,False,never,0,0.0,False,0.0,tier_b,B-25-08,CH-NU-CV-09,748,channel,cv,off
model,null,9.999999999999998,8.016092314131617,5.597294768606961,,,,goal,False,False,63,91.68976909350947,-2.2973557457809446,7,0,1,0,0,0.36689926718562726,0.0,0.13366788144780262,0.0,0.0,0.6044817481182696,0.6909716865380597,6.789341310599955,1.2600070564529644,0,,False,overtaking,14,0.0,False,0.0,tier_b,B-25-09,CH-NU-CV-10,749,channel,cv,off
model,null,9.908508065113132,1.1272331582185444,-2.8770859550520544,,,,goal,False,False,71,-55.99756086634078,0.0,0,0,0,0,0,0.0,0.0,0.0,0.0,0.0,0.5405085960262451,0.7097046523713825,9.079191919997989,1.2369308037107485,0,,False,never,0,0.0,False,0.0,tier_b,B-25-10,CH-NU-CV-11,750,channel,cv,off
model,null,10.0,5.663451138824793,-0.43088964390056894,,,,goal,False,False,69,17.800981452024786,0.0,0,0,0,0,0,0.0,0.0,0.0,0.0,0.0,0.5720875700568546,0.739655649321734,12.525517839726986,2.12498000064897,0,,False,never,0,0.0,False,0.0,tier_b,B-25-11,CH-NU-CV-12,751,channel,cv,off
model,null,9.83162465245624,3.825723767036251,0.21125149968866808,,,,goal,False,False,62,105.65157737589453,-5.761396066863524,4,0,5,0,1,0.28405477145988334,0.0,1.126661031855516,0.0,0.06652116299049872,0.6126187165492282,0.7352082026824305,6.019058837624395,1.3005034551867989,0,,False,overtaking,5,0.0,False,0.0,tier_b,B-25-12,CH-NU-CV-13,752,channel,cv,off
model,null,9.692211008866842,4.65353886459703,9.684145237801992,,,,goal,False,False,65,117.50890284703055,-29.024404892714564,25,4,8,0,0,4.15658458169187,0.34292307811547573,1.87551166018561,0.0,0.0,0.5806814476417668,0.6632989228746184,5.692665176147718,0.2346045050841752,0,,False,overtaking,38,0.0,False,0.0,tier_b,B-25-13,CH-NU-CV-14,753,channel,cv,off
model,null,10.0,6.113849389044362,2.705181684143522,,,,goal,False,False,57,124.77372548416857,0.0,0,0,0,0,0,0.0,0.0,0.0,0.0,0.0,0.6708488037308139,0.7673994049674431,6.033172331364682,0.8665387731435993,0,,False,never,0,0.0,False,0.0,tier_b,B-25-14,CH-NU-CV-15,754,channel,cv,off
model,null,9.958980753787225,0.8811586963066381,4.713357731970419,,,,collision:boundary,True,False,96,-442.0864042807483,0.0,0,0,0,0,0,0.0,0.0,0.0,0.0,0.0,0.48742795584051196,0.6680435629257657,8.97303322964314,1.9396484492551787,0,,False,never,0,0.0,False,0.0,tier_b,B-25-15,CH-NU-CV-16,755,channel,cv,off
model,null,10.074317906513764,1.2697132938208866,-5.3031942083467705,,,,goal,False,False,78,7.0841219953143195,-6.287076169661475,3,0,1,0,0,1.0292474037691388,0.0,0.33119486694562156,0.0,0.0,0.5214124929484478,0.7385353038784179,8.312701741167242,2.336754519615758,0,,False,overtaking,3,0.0,False,0.0,tier_b,B-25-16,CH-NU-CV-17,756,channel,cv,off
model,null,9.59801745048957,4.908386944179392,-0.49762297187279714,,,,goal,False,False,58,138.75833159183378,0.0,0,0,0,0,0,0.0,0.0,0.0,0.0,0.0,0.6458912808436413,0.7188569995793305,5.843306411810986,0.3326058940262344,0,,False,never,0,0.0,False,0.0,tier_b,B-25-17,CH-NU-CV-18,757,channel,cv,off
model,null,9.977000651473581,7.5754217263946355,-5.412589800173107,,,,goal,False,False,62,81.92101715563973,0.0,0,0,0,0,0,0.0,0.0,0.0,0.0,0.0,0.6148830983208501,0.7055576426621567,8.333014994522008,1.4264272038101802,0,,False,never,0,0.0,False,0.0,tier_b,B-25-18,CH-NU-CV-19,758,channel,cv,off
model,null,10.22996474912472,5.836738371331988,0.15990718774490809,,,,collision:obstacle,True,False,59,-464.2782611487827,0.0,0,0,0,0,0,0.0,0.0,0.0,0.0,0.0,0.46708317648576486,0.5438697195740754,11.079223482907295,1.7795694049124517,0,,False,never,0,0.0,False,0.0,tier_b,B-25-19,CH-NU-CV-20,759,channel,cv,off
model,null,10.0,8.22832952092903,2.390414163937738,,,,goal,False,False,62,67.77208763538385,0.0,0,0,0,0,0,0.0,0.0,0.0,0.0,0.0,0.6129065967452576,0.7481164488259979,9.620810516228946,0.9796855967685991,0,,False,never,0,0.0,False,0.0,tier_b,B-25-20,CH-NU-CV-21,760,channel,cv,off
model,null,10.02106927958631,7.459647185639571,-1.232828717394895,,,,goal,False,False,65,102.4651198713896,0.0,0,0,0,0,0,0.0,0.0,0.0,0.0,0.0,0.5839569954166066,0.7058020927153111,5.130357336955649,0.8592280642017124,0,,False,never,0,0.0,False,0.0,tier_b,B-25-21,CH-NU-CV-22,761,channel,cv,off
model,null,10.0,8.119366967885577,4.449403595685155,,,,goal,False,False,60,150.91898030879537,0.0,0,0,0,0,0,0.0,0.0,0.0,0.0,0.0,0.6271115786537974,0.6781321537034908,6.535598564428394,0.08294024826142855,0,,False,never,0,0.0,False,0.0,tier_b,B-25-22,CH-NU-CV-23,762,channel,cv,off
model,null,10.13162397842656,8.230408120260428,-2.328316817257554,,,,goal,False,False,74,-32.691885030106306,0.0,0,0,0,0,0,0.0,0.0,0.0,0.0,0.0,0.530685179853437,0.7147325639010287,8.432553482465071,1.5998020224030172,0,,False,never,0,0.0,False,0.0,tier_b,B-25-23,CH-NU-CV-24,763,channel,cv,off
model,null,10.771363692807041,10.335233724332435,5.670603287866097,,,,goal,False,False,64,77.20544689185068,0.0,0,0,0,0,0,0.0,0.0,0.0,0.0,0.0,0.5999233445616461,0.7032106564416231,9.42088896897036,1.5704465701899755,0,,False,never,0,0.0,False,0.0,tier_b,B-25-24,CH-NU-CV-25,764,channel,cv,off
model,null,9.089542909358721,7.558785631470633,5.351561801379567,,,,goal,False,False,63,80.46820407092554,0.0,0,0,0,0,0,0.0,0.0,0.0,0.0,0.0,0.6037896386837633,0.6917580961687926,6.897778337337042,1.1808943570310642,0,,False,never,0,0.0,False,0.0,tier_b,B-25-25,CH-NU-CV-26,765,channel,cv,off
model,null,9.802873732046324,2.077358894770351,0.80910469022594,,,,goal,False,False,62,88.03245557788674,0.0,0,0,0,0,0,0.0,0.0,0.0,0.0,0.0,0.6224215005386563,0.723054614145811,10.045771352664657,1.0237558425571984,0,,False,never,0,0.0,False,0.0,tier_b,B-25-26,CH-NU-CV-27,766,channel,cv,off
model,null,10.0,9.473073646590532,9.307784039102255,,,,goal,False,False,73,19.18585885684439,-4.215300749328707,3,0,3,0,0,0.4268997913897826,0.0,0.5839296616525786,0.0,0.0,0.5298357866150686,0.7261416683018289,9.515300839873335,2.0168262432231456,0,,False,overtaking,3,0.0,False,0.0,tier_b,B-25-27,CH-NU-CV-28,767,channel,cv,off
model,null,9.778406845988385,3.493141033624351,0.8812177283950682,,,,goal,False,False,67,54.465039319433934,-6.979155757604743,9,0,1,0,0,1.3173079969062473,0.0,0.1273558813663382,0.0,0.0,0.574396114151177,0.7096606861245736,7.025132312276316,1.3889683018343202,0,,False,overtaking,12,0.0,False,0.0,tier_b,B-25-28,CH-NU-CV-29,768,channel,cv,off
model,null,9.999999999999998,7.247432334820122,6.017558084372293,,,,goal,False,False,72,30.620106156669124,0.0,0,0,0,0,0,0.0,0.0,0.0,0.0,0.0,0.5472981061624299,0.7435913521251252,8.144064776691064,2.028500889774299,0,,False,never,0,0.0,False,0.0,tier_b,B-25-29,CH-NU-CV-30,769,channel,cv,off
model,null,9.999999999999996,6.18858364304545,6.800726541387434,,,,goal,False,False,61,94.3096008521498,0.0,0,0,0,0,0,0.0,0.0,0.0,0.0,0.0,0.6319894981772893,0.7304097764933306,7.916957137614172,1.477978126076211,0,,False,never,0,0.0,False,0.0,tier_b,B-25-30,CH-NU-CV-31,770,channel,cv,off
model,null,9.079535388272458,8.004514340321212,9.12482964030795,,,,goal,False,False,60,150.7953341905349,0.0,0,0,0,0,0,0.0,0.0,0.0,0.0,0.0,0.6270001251159947,0.7003955518448801,5.984252146643292,0.12212548196416234,0,,False,never,0,0.0,False,0.0,tier_b,B-25-31,CH-NU-CV-32,771,channel,cv,off
model,null,9.970171557639121,0.07519202835094688,-2.4871344647512466,,,,goal,False,False,60,107.68771011799461,0.0,0,0,0,0,0,0.0,0.0,0.0,0.0,0.0,0.6336531434904881,0.7519907846807545,10.018178501416534,0.971065754243767,0,,False,never,0,0.0,False,0.0,tier_b,B-25-32,CH-NU-CV-33,772,channel,cv,off
model,null,9.999999999999996,7.76756105448373,-8.072948661226713,,,,goal,False,False,64,93.65709128070236,0.0,0,0,0,0,0,0.0,0.0,0.0,0.0,0.0,0.5923040931687551,0.6783146352211354,5.846387310162067,1.0137612911304663,0,,False,never,0,0.0,False,0.0,tier_b,B-25-33,CH-NU-CV-34,773,channel,cv,off
model,null,9.999999999999996,10.052509166605219,-2.070279882713539,,,,goal,False,False,62,109.60126938963465,-0.15376010916322622,2,0,0,0,0,0.03106264831580327,0.0,0.0,0.0,0.0,0.6081260861069894,0.7292428544096645,7.490163511350007,0.7979655284773752,0,,False,overtaking,3,0.0,False,0.0,tier_b,B-25-34,CH-NU-CV-35,774,channel,cv,off
model,null,9.999999999999998,14.321571631551773,-3.7533774084716054,,,,goal,False,False,66,61.99636771592102,0.0,0,0,0,0,0,0.0,0.0,0.0,0.0,0.0,0.5914382242772005,0.7306217231569719,12.727453155252094,1.495772684095306,0,,False,never,0,0.0,False,0.0,tier_b,B-25-35,CH-NU-CV-36,775,channel,cv,off
model,null,9.999999999999998,0.3519106261217808,3.0560925950197753,,,,goal,False,False,69,56.54264016848932,-23.047555147455686,14,4,7,0,0,3.3006363680600503,0.4345743838977512,1.2661838681290463,0.0,0.0,0.5562169116120976,0.7118907624049103,6.054025330528948,1.150721432559029,0,,False,overtaking,34,0.0,False,0.0,tier_b,B-25-36,CH-NU-CV-37,776,channel,cv,off
model,null,9.377047142590444,6.457738814062841,0.8323863808067209,,,,goal,False,False,71,-44.225963244942605,0.0,0,0,0,0,0,0.0,0.0,0.0,0.0,0.0,0.5431621506031699,0.6883538716381254,11.14770771885033,1.7255309429422379,0,,False,never,0,0.0,False,0.0,tier_b,B-25-37,CH-NU-CV-38,777,channel,cv,off
model,null,10.361656650873854,9.218664098656248,-3.5342608746129134,,,,goal,False,False,59,138.7202386242412,-3.587397893371438,7,1,1,0,0,0.44907520424230274,0.09833968446666076,0.2438039428505745,0.0,0.0,0.6343394475398051,0.7278275152176021,5.9779161714942886,0.08108372668914868,0,,False,overtaking,20,0.0,False,0.0,tier_b,B-25-38,CH-NU-CV-39,778,channel,cv,off
model,null,10.155034379281052,9.240867542182052,6.48013666828334,,,,goal,False,False,62,112.38825048460748,0.0,0,0,0,0,0,0.0,0.0,0.0,0.0,0.0,0.6166528006028982,0.6845475495706248,10.065289900023414,0.8709650414219848,0,,False,never,0,0.0,False,0.0,tier_b,B-25-39,CH-NU-CV-40,779,channel,cv,off
model,head_on,9.201050650314883,0.3795356237898264,178.95927753168954,,,,goal,False,False,68,12.268550367348354,-96.83677866174673,24,0,27,0,26,10.080606224483633,0.0,7.207413383180917,0.0,4.664686593578103,0.5575281628061632,0.74392382096252,1.4293955894171275,1.021969868837699,0,,False,head_on,31,0.0,False,0.0,tier_b,B-00-00,BAS-HO-CV-01,0,basin,cv,on
model,head_on,9.222510656862553,1.13358741649509,180.00418128547236,,,,collision:obstacle,True,False,62,-390.62312266324324,-8.702001441960842,1,0,1,0,13,0.09519985990378092,0.0,0.002232367700856546,0.0,1.8272723581586756,0.3993311561704651,0.5499806645811585,1.3319943072836349,0.5463670925148055,0,,False,head_on,30,0.0,False,0.0,tier_b,B-00-01,BAS-HO-CV-02,1,basin,cv,on
model,head_on,9.227601416936492,0.31114950183681533,185.8184109182404,,,,collision:target,True,True,27,-316.78021937653665,-7.600406852645662,0,0,2,0,6,0.0,0.0,0.06599453073249457,0.0,1.6361836760019288,0.44470163879693747,0.5806515368347805,0.827984198663586,0.48877364124349904,0,,False,head_on,9,0.0,False,0.0,tier_b,B-00-02,BAS-HO-CV-03,2,basin,cv,on
model,head_on,9.211701876994978,0.07402184354441088,177.28911239474493,,,,collision:target,True,True,34,-329.7325382611792,-9.22558384090593,1,0,13,0,5,0.07983853675574826,0.0,2.096887684332811,0.0,0.2847972045259685,0.38471305976820375,0.546719165500746,1.2256868325239696,0.2165108624306411,0,,False,head_on,31,0.0,False,0.0,tier_b,B-00-03,BAS-HO-CV-04,3,basin,cv,on
model,head_on,9.264485118721964,0.3626861566840971,186.68262445978752,,,,goal,False,False,70,59.97848377414083,-26.01347115464685,9,0,12,0,8,0.9636877105183755,0.0,3.075760045080559,0.0,2.2601068500646395,0.5581491037659396,0.747668660576373,1.1698416459924597,1.2438569406577515,0,,False,head_on,12,0.0,False,0.0,tier_b,B-00-04,BAS-HO-CV-05,4,basin,cv,on
model,head_on,9.279173642526487,1.5737887332183131,176.16465774492912,,,,goal,False,False,62,77.56398453992561,-65.21159363565623,17,0,28,0,18,4.524093015435471,0.0,9.53138863171119,0.0,1.8898520300200816,0.6159460205504284,0.7205872986756028,2.3385766068186893,0.5840027968778557,0,,False,head_on,28,0.0,False,0.0,tier_b,B-00-05,BAS-HO-CV-06,5,basin,cv,on
model,head_on,9.263500800417557,0.3276717884184064,186.41190225033796,,,,collision:target,True,True,29,-303.9140893923667,-8.835369082577898,3,0,4,0,4,0.09658769944891123,0.0,0.32968328359856075,0.0,1.5934222554113266,0.5041193655037542,0.6097734973979901,1.8104401624932707,0.14659630712791216,0,,False,head_on,14,0.0,False,0.0,tier_b,B-00-06,BAS-HO-CV-07,6,basin,cv,on
model,head_on,9.217044165236686,1.5298989422236204,183.93190001103898,,,,goal,False,False,66,52.70797611533707,-88.91628454520882,20,0,33,0,29,6.3025177618292485,0.0,10.209482551211686,0.0,4.658818764398218,0.5754171089269947,0.6808211832449702,2.087894250391909,0.49146948524080497,0,,False,head_on,33,0.0,False,0.0,tier_b,B-00-07,BAS-HO-CV-08,7,basin,cv,on
model,head_on,9.23906371178969,1.2066477096482957,180.7054566274249,,,,collision:target,True,True,36,-398.9724314106368,-33.02920556495778,11,0,14,0,5,4.800108261599381,0.0,2.2488118883801933,0.0,0.26065486041603175,0.4413685726135361,0.5587485563847184,1.233310712891079,0.6806727327377734,0,,False,head_on,33,0.0,False,0.0,tier_b,B-00-08,BAS-HO-CV-09,8,basin,cv,on
model,head_on,9.20081860180611,0.5759708659372964,176.20715365651006,,,,collision:target,True,True,35,-328.0674689322183,-19.318188565674067,0,0,16,0,14,0.0,0.0,2.9765149325823623,0.0,1.9117188463061248,0.4282572715715925,0.551628259020326,1.8513834551963972,0.36511124878621654,0,,False,head_on,30,0.0,False,0.0,tier_b,B-00-09,BAS-HO-CV-10,9,basin,cv,on
model,head_on,9.232109315190328,1.7023597866023747,179.98883902002405,,,,goal,False,False,61,81.08677559186454,-67.51125600230634,20,0,29,0,16,4.707024093341642,0.0,9.9154640649195,0.0,1.8924035792344496,0.6244474032815285,0.7337429916398213,2.2590121521787494,0.45287318711542235,0,,False,head_on,29,0.0,False,0.0,tier_b,B-00-10,BAS-HO-CV-11,10,basin,cv,on
model,head_on,9.204527093615056,1.0939816058571048,187.4782660753667,,,,collision:target,True,True,32,-331.49217285426704,-8.949634069454424,4,0,10,0,3,0.27916928494346227,0.0,1.7125679047086102,0.0,0.31166703378517524,0.389821347897732,0.5472518719384155,1.8499014214024423,0.4404448188881348,0,,False,head_on,30,0.0,False,0.0,tier_b,B-00-11,BAS-HO-CV-12,11,basin,cv,on
model,head_on,9.204828784973326,0.5805061151729531,183.6892070283172,,,,goal,False,False,70,121.68928107434084,-7.354650781780473,3,0,4,0,9,0.11427588981523248,0.0,0.48960704540386946,0.0,1.116977725275809,0.5457035040608577,0.6557090045622693,1.2363547251893876,0.5844323898710054,0,,False,head_on,29,0.0,False,0.0,tier_b,B-00-12,BAS-HO-CV-13,12,basin,cv,on
model,head_on,9.289461395278718,0.4768490170173729,186.33136696040836,,,,collision:target,True,True,37,-393.88187831745745,-85.00988345220425,19,0,26,0,27,6.859432286077153,0.0,5.421746360652735,0.0,7.008312608393889,0.437406456285376,0.5447975889583971,0.9845259547913174,0.25709213208305176,0,,False,head_on,29,0.0,False,0.0,tier_b,B-00-13,BAS-HO-CV-14,13,basin,cv,on
model,head_on,9.214673860059685,0.41835079934497665,171.4805020485412,,,,collision:target,True,True,33,-314.91244221599453,-6.0013035006485245,4,0,2,0,4,0.7398240382598906,0.0,0.14844610989681264,0.0,0.4010596701407869,0.4266324511696597,0.5463608790478436,0.9446488343689926,0.3348439452123867,0,,False,head_on,30,0.0,False,0.0,tier_b,B-00-14,BAS-HO-CV-15,14,basin,cv,on
model,head_on,9.210984975853394,0.6800938662761706,178.68720366977095,,,,collision:target,True,True,35,-317.06906848000875,-2.3861089403659066,2,0,3,0,2,0.089231437327859,0.0,0.4111419633698548,0.0,0.10317827943589494,0.4144063565913096,0.5511257146714075,0.8227443765417092,0.08065936692506442,0,,False,head_on,29,0.0,False,0.0,tier_b,B-00-15,BAS-HO-CV-16,15,basin,cv,on
model,head_on,9.23122588458803,0.9114979333450339,172.2571361325166,,,,goal,False,False,65,127.8106361287411,-13.601937108335067,3,0,1,0,16,0.643982923158182,0.0,0.10311122385903586,0.0,2.2317824961798967,0.5868690039668482,0.658895873263268,1.4365210723029735,0.48581734043099883,0,,False,head_on,24,0.0,False,0.0,tier_b,B-00-16,BAS-HO-CV-17,16,basin,cv,on
model,head_on,9.200509195158867,0.5207322767713294,180.1240609809239,,,,collision:target,True,True,38,-330.6878002938374,-4.554684954516305,3,0,8,0,2,0.3271995846995477,0.0,0.6124312806868828,0.0,0.1622876443957258,0.39045687665654744,0.5888955277912105,0.834538635354374,0.6508908231642364,0,,False,head_on,36,0.0,False,0.0,tier_b,B-00-17,BAS-HO-CV-18,17,basin,cv,on
model,head_on,9.20975026044725,1.2616438722917735,180.06389600978335,,,,goal,False,False,59,109.82965966416751,0.0,0,0,0,0,0,0.0,0.0,0.0,0.0,0.0,0.6493926483729878,0.8343002802627595,2.660231049854545,1.2682970963855356,0,,False,never,0,0.0,False,0.0,tier_b,B-00-18,BAS-HO-CV-19,18,basin,cv,on
model,head_on,9.34114738208815,1.5877926054028224,183.08248573965346,,,,goal,False,False,65,137.1339665630795,-0.8677905760414929,3,0,0,0,3,0.03320211931709064,0.0,0.0,0.0,0.1563200189826432,0.5965206820533879,0.6633227533043047,2.581564623020804,0.79938492116706,0,,False,head_on,27,0.0,False,0.0,tier_b,B-00-19,BAS-HO-CV-20,19,basin,cv,on
model,head_on,9.27433265325314,1.1617670806769254,177.4063701601212,,,,goal,False,False,61,141.21884423200925,-4.085876128779208,2,0,0,0,6,0.2659252232054501,0.0,0.0,0.0,0.6154547275360509,0.6289896504641236,0.6956531941799802,2.1010632265390083,0.4886290792853409,0,,False,head_on,24,0.0,False,0.0,tier_b,B-01-00,BAS-HO-RE-01,20,basin,re,on
model,head_on,9.22382710589348,0.37465457934577784,182.6914241951244,,,,goal,False,False,65,134.98927738201752,-5.6887878691102,4,0,0,0,5,0.5552273799025382,0.0,0.0,0.0,0.6534249641316969,0.5884296958455936,0.6607855911850831,1.975172291495348,0.7695323811590075,0,,False,head_on,21,0.0,False,0.0,tier_b,B-01-01,BAS-HO-RE-02,21,basin,re,on
model,head_on,9.217776370165236,1.9328187521485696,182.75230721728838,,,,goal,False,False,63,135.1482033921277,-6.108672570063863,3,0,0,0,6,0.4979822659405335,0.0,0.0,0.0,0.8097023008129381,0.6055647784617894,0.6764342495187907,2.5461477996985398,0.5591020169663279,0,,False,head_on,21,0.0,False,0.0,tier_b,B-01-02,BAS-HO-RE-03,22,basin,re,on
model,head_on,9.202986195604916,0.21154417168103778,170.53448994405818,,,,goal,False,False,65,107.21122803085713,-20.132777254753684,6,0,0,0,14,1.1084276709275958,0.0,0.0,0.0,3.2546800630360186,0.5812744227951472,0.7295541331387041,1.6071355164580066,0.31923503988919016,0,,False,head_on,24,0.0,False,0.0,tier_b,B-01-03,BAS-HO-RE-04,23,basin,re,on
model,head_on,9.426943731983418,0.44407422181538103,187.3874051658495,,,,goal,False,False,68,113.00553768793513,-11.876676143484648,3,0,0,0,11,0.1456661862279008,0.0,0.0,0.0,2.4790285603681195,0.5796972083496099,0.6499252999503097,1.7640485519576417,1.1140772762163267,0,,False,head_on,12,0.0,False,0.0,tier_b,B-01-04,BAS-HO-RE-05,24,basin,re,on
model,head_on,9.200231435094338,0.7601626404654938,179.55373171964945,,,,goal,False,False,63,137.83391135382215,-4.427066390438046,4,0,0,0,3,0.48773969328057676,0.0,0.0,0.0,0.4472788685998201,0.5984406253572472,0.6527534238768234,1.9700736933093277,0.7779090930118554,0,,False,head_on,23,0.0,False,0.0,tier_b,B-01-05,BAS-HO-RE-06,25,basin,re,on
model,head_on,9.300729462140197,0.49078127628227364,180.39008287060133,,,,goal,False,False,64,126.21797843602897,-4.471624879767379,1,0,0,0,6,0.006774478803252508,0.0,0.0,0.0,0.9862424910425067,0.6051326820433421,0.6844661895248343,1.8339567273061224,1.1692705092358195,0,,False,head_on,17,0.0,False,0.0,tier_b,B-01-06,BAS-HO-RE-07,26,basin,re,on
model,head_on,9.278345624670196,0.08768468919048966,172.92675308091736,,,,goal,False,False,64,146.7574194142814,-2.343013188312726,4,0,0,0,3,0.2398136067287344,0.0,0.0,0.0,0.2568746300012201,0.6031992230065055,0.6658534235343208,1.8207982523493613,0.5252551613175884,0,,False,head_on,23,0.0,False,0.0,tier_b,B-01-07,BAS-HO-RE-08,27,basin,re,on
model,head_on,9.245518109439786,1.5604044988807242,181.07187616813061,,,,goal,False,False,65,150.61186621721387,0.0,0,0,0,0,0,0.0,0.0,0.0,0.0,0.0,0.5900745342893547,0.6577718033030534,1.689454373695223,0.27765820171750144,0,,False,never,0,0.0,False,0.0,tier_b,B-01-08,BAS-HO-RE-09,28,basin,re,on
model,head_on,9.211667837413925,0.8338205925396898,189.80490886058516,,,,goal,False,False,70,124.62537607739154,0.0,0,0,0,0,0,0.0,0.0,0.0,0.0,0.0,0.5480767395170847,0.6585201467759251,1.8580218856556006,0.7674296256725635,0,,False,never,0,0.0,False,0.0,tier_b,B-01-09,BAS-HO-RE-10,29,basin,re,on
model,head_on,9.203210751227635,1.4223699758268817,184.6129587610424,,,,goal,False,False,62,143.85612238712565,-1.752827944384217,3,0,0,0,2,0.2431302514670917,0.0,0.0,0.0,0.12207404436046959,0.6089808321216256,0.6725766450428642,2.4111301310665483,0.7442316626987663,0,,False,head_on,23,0.0,False,0.0,tier_b,B-01-10,BAS-HO-RE-11,30,basin,re,on
model,head_on,9.244515379983477,1.4868756911998968,183.60038852428104,,,,goal,False,False,66,105.47402449737555,-2.204222996842393,3,0,0,0,1,0.4324350390741911,0.0,0.0,0.0,0.014148789650032653,0.6019528879359941,0.6747464964308817,3.021679015825723,1.5706073813309622,0,,False,head_on,23,0.0,False,0.0,tier_b,B-01-11,BAS-HO-RE-12,31,basin,re,on
model,head_on,9.200225500826145,0.5899479392232831,189.23622372380476,,,,goal,False,False,66,107.43390527011812,-2.8271859049866,0,0,0,0,6,0.0,0.0,0.0,0.0,0.6282635344414667,0.5882319811208262,0.6678885668400837,1.9828275933806945,1.3161070187024078,0,,False,head_on,10,0.0,False,0.0,tier_b,B-01-12,BAS-HO-RE-13,32,basin,re,on
model,head_on,9.21591083701563,1.9692993347311831,179.1373502782262,,,,goal,False,False,66,98.51401885847227,-5.5725539325056745,6,0,2,0,1,0.6997035858351416,0.0,0.3771199760552346,0.0,0.16697539307175088,0.5826837010775907,0.677175517424295,1.6560814013702077,1.371449629719174,0,,False,head_on,26,0.0,False,0.0,tier_b,B-01-13,BAS-HO-RE-14,33,basin,re,on
model,head_on,9.286416237673734,1.0055767960112239,179.10235302222068,,,,goal,False,False,62,138.15855538978312,-2.546649347198992,4,0,0,0,3,0.36859495676877496,0.0,0.0,0.0,0.16046762470967915,0.6154323787305921,0.7017621013399665,2.033627564964969,0.569569409856356,0,,False,head_on,24,0.0,False,0.0,tier_b,B-01-14,BAS-HO-RE-15,34,basin,re,on
model,head_on,9.311066723611473,0.9411731537378314,189.52863652514128,,,,collision:target,True,True,30,-306.0589999755689,0.0,0,0,0,0,0,0.0,0.0,0.0,0.0,0.0,0.46381304064943163,0.5672628650375529,1.7119369622475347,0.46113960972017504,0,,False,never,0,0.0,False,0.0,tier_b,B-01-15,BAS-HO-RE-16,35,basin,re,on
model,head_on,9.200006265576246,1.5159147659622918,178.72341169426187,,,,goal,False,False,63,130.8188166961566,-5.333642602499019,7,0,0,0,5,0.8262623559872951,0.0,0.0,0.0,0.2763653200804241,0.6050724146586696,0.6699627999295639,2.333656730147489,0.46121313332850616,0,,False,head_on,30,0.0,False,0.0,tier_b,B-01-16,BAS-HO-RE-17,36,basin,re,on
model,head_on,9.22114650453297,0.7428668060270553,184.26874233517697,,,,goal,False,False,62,150.0666725691639,0.0,0,0,0,0,0,0.0,0.0,0.0,0.0,0.0,0.6134034570697632,0.6822946564569536,1.8145883400406142,0.3737011573678348,0,,False,never,0,0.0,False,0.0,tier_b,B-01-17,BAS-HO-RE-18,37,basin,re,on
model,head_on,9.200470430032327,0.2928937121848394,185.39955660403393,,,,goal,False,False,70,18.519048286187186,-36.04633609628541,8,0,22,0,7,1.1293915953615004,0.0,7.218838858920787,0.0,0.9928950682513639,0.5487297753770313,0.6860550724834921,1.6792217932123596,0.7334900143064109,0,,False,head_on,22,0.0,False,0.0,tier_b,B-01-18,BAS-HO-RE-19,38,basin,re,on
model,head_on,9.352939218815166,1.066486818993451,171.15925359824612,,,,goal,False,False,65,141.33974997215054,-3.0564089184128167,2,0,1,0,2,0.255314058782348,0.0,0.23093958914906135,0.0,0.2136048458896829,0.5986348789403518,0.662890309865409,1.8200025659604218,0.7545109503858529,0,,False,head_on,24,0.0,False,0.0,tier_b,B-01-19,BAS-HO-RE-20,39,basin,re,on
model,head_on,9.256330245640896,1.5474947809722523,187.2342081353497,,,,goal,False,False,71,52.7086111027385,0.0,0,0,0,0,0,0.0,0.0,0.0,0.0,0.0,0.5521883520612489,0.7470314191044792,3.3079239125413045,1.1302835581684951,0,,False,never,0,0.0,False,0.0,tier_b,B-02-00,BAS-HO-NC-01,40,basin,nc,on
model,head_on,9.281601739441284,1.3405400952264204,172.94377414042276,,,,goal,False,False,67,68.51848354125673,0.0,0,0,0,0,0,0.0,0.0,0.0,0.0,0.0,0.5883986584851362,0.7111823672741426,4.579516553752243,1.24828059658921,0,,False,never,0,0.0,False,0.0,tier_b,B-02-01,BAS-HO-NC-02,41,basin,nc,on
model,head_on,9.204720813060794,0.03807802790756809,173.94089562375711,,,,goal,False,False,69,90.54987012099411,0.0,0,0,0,0,0,0.0,0.0,0.0,0.0,0.0,0.545932465272397,0.7626352235137992,2.642617574664815,0.15211308711802524,0,,False,never,0,0.0,False,0.0,tier_b,B-02-02,BAS-HO-NC-03,42,basin,nc,on
model,head_on,9.296212422045881,0.7415014641403002,174.1759991409701,,,,goal,False,False,62,140.76293141934377,0.0,0,0,0,0,0,0.0,0.0,0.0,0.0,0.0,0.6242403097780674,0.701074926782491,3.2481309605508333,0.7242533294687027,0,,False,never,0,0.0,False,0.0,tier_b,B-02-03,BAS-HO-NC-04,43,basin,nc,on
model,head_on,9.275651035120447,0.335488764722645,182.62160393304384,,,,goal,False,False,64,109.48825279817264,0.0,0,0,0,0,0,0.0,0.0,0.0,0.0,0.0,0.595125493075433,0.712609781542354,1.7973476413593765,0.6762207012826025,0,,False,never,0,0.0,False,0.0,tier_b,B-02-04,BAS-HO-NC-05,44,basin,nc,on
model,head_on,9.229951581013863,0.17104915206589966,186.591260843747,,,,goal,False,False,63,122.0015085719292,-8.46123817052244,1,0,8,0,2,0.043508438110103895,0.0,1.9607776480808032,0.0,0.26379374861922966,0.6098373182745708,0.7191488614633759,2.151537517260347,0.4776835607811016,0,,False,head_on,9,0.0,False,0.0,tier_b,B-02-05,BAS-HO-NC-06,45,basin,nc,on
model,head_on,9.233553308203001,0.5619209417395277,187.36177101255709,,,,collision:target,True,True,33,-345.05656172988785,-29.242926039869978,4,0,16,0,13,0.34959594865147503,0.0,3.5718194191757977,0.0,3.2564169300027346,0.41817078890912507,0.5808530507128579,1.8078836025095844,0.6943899763635714,0,,False,head_on,23,0.0,False,0.0,tier_b,B-02-06,BAS-HO-NC-07,46,basin,nc,on
model,head_on,9.334546561988192,1.5897840087463606,185.567855299883,,,,goal,False,False,72,104.13478373402124,-28.55972207964862,4,1,8,0,7,1.4841672873464187,0.1382331377887763,2.3708787679189762,0.0,2.6652614246046866,0.5413830183179206,0.6818628072422208,1.200870073495557,0.28940428662491147,0,,False,head_on,16,0.0,False,0.0,tier_b,B-02-07,BAS-HO-NC-08,47,basin,nc,on
model,head_on,9.365056400865678,0.8539494126094023,172.71492502312827,,,,goal,False,False,60,136.5791671761965,0.0,0,0,0,0,0,0.0,0.0,0.0,0.0,0.0,0.6510411307575077,0.7439789387846114,2.5611356931869445,0.6580963547609642,0,,False,never,0,0.0,False,0.0,tier_b,B-02-08,BAS-HO-NC-09,48,basin,nc,on
model,head_on,9.403528215758515,1.4069194440777255,188.63191750342898,,,,goal,False,False,69,114.39116369889038,-13.97694520726962,2,0,12,0,2,0.036320335088491855,0.0,3.354587961125081,0.0,0.3823650863402873,0.5640831510110735,0.703347030812114,1.4379833657334447,0.5632236412247221,0,,False,head_on,13,0.0,False,0.0,tier_b,B-02-09,BAS-HO-NC-10,49,basin,nc,on
model,head_on,9.315026947433239,1.500484760725203,179.69860973926174,,,,goal,False,False,65,136.89351987016136,0.0,0,0,0,0,0,0.0,0.0,0.0,0.0,0.0,0.5963211065182338,0.6908592189429152,2.450633325300461,0.42551918776498615,0,,False,never,0,0.0,False,0.0,tier_b,B-02-10,BAS-HO-NC-11,50,basin,nc,on
model,head_on,9.28945567360151,0.37275701938376726,172.21756266106624,,,,goal,False,False,65,132.32583861532987,0.0,0,0,0,0,0,0.0,0.0,0.0,0.0,0.0,0.5832165777649027,0.680236498226848,1.5875972774022404,0.5512660217397299,0,,False,never,0,0.0,False,0.0,tier_b,B-02-11,BAS-HO-NC-12,51,basin,nc,on
model,head_on,9.252438644524615,1.9696612905505877,176.24305999260258,,,,goal,False,False,62,143.0171454029178,0.0,0,0,0,0,0,0.0,0.0,0.0,0.0,0.0,0.6185901264094352,0.7136239237332206,3.046599608902026,0.45342649601399093,0,,False,never,0,0.0,False,0.0,tier_b,B-02-12,BAS-HO-NC-13,52,basin,nc,on
model,head_on,9.232390648429304,0.1565344319281632,189.6379104841306,,,,goal,False,False,62,110.72250507550095,-8.913929033748351,2,0,8,0,1,0.513121885204983,0.0,1.7152470735432521,0.0,0.04424138605066167,0.6191915069142734,0.751068026753061,4.288197505677933,1.088674615912856,0,,False,head_on,8,0.0,False,0.0,tier_b,B-02-13,BAS-HO-NC-14,53,basin,nc,on
model,head_on,9.205743827437516,0.24614634529333657,170.46802077352527,,,,goal,False,False,63,141.1766748052271,0.0,0,0,0,0,0,0.0,0.0,0.0,0.0,0.0,0.6062059542418045,0.683102114502623,3.7251539862738032,0.5451892125291837,0,,False,never,0,0.0,False,0.0,tier_b,B-02-14,BAS-HO-NC-15,54,basin,nc,on
model,head_on,9.21489430307935,0.23190727494850094,183.96122822862316,,,,goal,False,False,66,102.50502666415804,-10.180044004951188,4,0,8,0,1,0.8588944121292956,0.0,1.6337497027855536,0.0,0.010448385529596012,0.5730875258402555,0.7206151064189289,2.2676638796329542,0.250996647199137,0,,False,head_on,9,0.0,False,0.0,tier_b,B-02-15,BAS-HO-NC-16,55,basin,nc,on
model,head_on,9.276960375115012,1.1226602107865504,170.36582971145847,,,,goal,False,False,60,135.71044075682772,0.0,0,0,0,0,0,0.0,0.0,0.0,0.0,0.0,0.6428801355069056,0.7181979994787433,2.9019043054260725,0.8152939383223488,0,,False,never,0,0.0,False,0.0,tier_b,B-02-16,BAS-HO-NC-17,56,basin,nc,on
model,head_on,9.309294234930904,0.147219415480909,189.8406545053813,,,,goal,False,False,61,138.5602583797393,-5.614979565812777,2,0,6,0,3,0.06633926887106015,0.0,1.2870524167788653,0.0,0.14515810766602547,0.6308072277527816,0.7362015069679756,2.5765060393119965,0.5378629183340385,0,,False,head_on,8,0.0,False,0.0,tier_b,B-02-17,BAS-HO-NC-18,57,basin,nc,on
model,head_on,9.200258425260442,1.2288990454134774,179.23971580496945,,,,goal,False,False,60,118.46980903976025,-10.026270935193782,3,0,6,0,4,0.5907969082707145,0.0,1.7250585055508527,0.0,0.1981368042823723,0.6422896915393531,0.7330934984268558,2.9560928111020255,0.9740941407687551,0,,False,head_on,6,0.0,False,0.0,tier_b,B-02-18,BAS-HO-NC-19,58,basin,nc,on
model,head_on,9.202012305050516,0.8987680832950979,177.13534794289967,,,,goal,False,False,60,130.37706140649718,0.0,0,0,0,0,0,0.0,0.0,0.0,0.0,0.0,0.6271628624135599,0.7314888826618559,2.0406453642528954,0.23935193736016955,0,,False,never,0,0.0,False,0.0,tier_b,B-02-19,BAS-HO-NC-20,59,basin,nc,on
model,crossing,9.330877499311677,2.0229818515646305,142.9733531968989,port,,True,goal,False,False,71,33.70611132138754,-9.700755415168231,0,14,0,0,8,0.0,0.3771161753196255,0.0,0.0,1.7408956327413518,0.5527904735037571,0.7096659907156015,1.7330457253442024,0.9580575689474282,0,,False,crossing,18,1.0,True,0.0,tier_b,B-03-00,BAS-CR-CV-01,60,basin,cv,on
model,crossing,9.238491441800933,1.2577009892024593,238.57996241282973,starboard,,True,goal,False,False,71,119.13961414260426,-8.610780258490628,2,0,0,0,3,0.8755054583432684,0.0,0.0,0.0,0.950450719931433,0.5441706899570918,0.6714037857862701,1.9464877264975424,0.4063067577367624,0,,False,crossing,18,0.0,False,0.0,tier_b,B-03-01,BAS-CR-CV-02,61,basin,cv,on
model,crossing,9.240093955177118,2.231034711560081,260.5896970595145,starboard,,True,goal,False,False,107,-198.1524852726911,-6.155435589657357,8,0,0,0,1,1.1831099333982535,0.0,0.0,0.0,0.06645364874133403,0.3836183611906137,0.5440153218681012,3.3838539433784485,1.9628123702584337,0,,False,crossing,17,0.0,False,0.0,tier_b,B-03-02,BAS-CR-CV-03,62,basin,cv,on
model,crossing,9.201517480454864,2.0084584574246174,275.60243456813623,starboard,,True,goal,False,False,70,106.92609728009342,-12.390954212665527,7,0,0,0,4,2.082758632775747,0.0,0.0,0.0,0.46251088453901745,0.5416788704449217,0.6767714671191842,2.974794872959224,0.3999175932798121,0,,False,crossing,15,0.0,False,0.0,tier_b,B-03-03,BAS-CR-CV-04,63,basin,cv,on
model,crossing,9.260113930250167,0.28596676308821595,138.91656669025915,port,,True,collision:target,True,True,16,-356.0981877056334,-49.21768679623207,14,0,0,0,6,8.245414573450889,0.0,0.0,0.0,1.8673077017000388,0.3875888717754302,0.5429766735058222,1.7553243856724685,0.27447759502393243,0,,False,crossing,14,1.0,True,0.0,tier_b,B-03-04,BAS-CR-CV-05,64,basin,cv,on
model,crossing,9.237840941101046,0.5502840017265848,207.7121290530307,starboard,,True,collision:target,True,True,22,-332.8852528242919,-21.545606479867846,13,1,0,0,7,2.9819950914717976,0.0019060616669280646,0.0,0.0,1.5056212826291444,0.3820346836199787,0.549188448356262,1.3818372489208073,0.14760862034719988,0,,False,crossing,19,0.0,False,0.0,tier_b,B-03-05,BAS-CR-CV-06,65,basin,cv,on
model,crossing,9.211327034375728,0.060392079949788124,260.0280844491019,starboard,,True,goal,False,False,73,97.22454251423399,-11.674601638940281,4,3,0,0,5,0.36354967206730143,1.291329300442964,0.0,0.0,0.7739890500032148,0.5200022121084155,0.6689865981868865,1.7304389158105704,0.6595139668715316,0,,False,crossing,13,0.0,False,0.0,tier_b,B-03-06,BAS-CR-CV-07,66,basin,cv,on
model,crossing,9.322534511039123,0.5930397068558804,103.58840207093462,port,,True,collision:target,True,True,17,-345.5747385204788,-35.055999319679344,13,0,0,0,5,5.974995893277956,0.0,0.0,0.0,1.2177265884341022,0.40365801013143515,0.5631360495774393,1.3276381785258025,0.220816847415165,0,,False,crossing,13,1.0,True,0.0,tier_b,B-03-07,BAS-CR-CV-08,67,basin,cv,on
model,crossing,9.38374683148518,1.4192463365211565,273.11473987217323,starboard,,True,goal,False,False,84,34.88808102744342,-0.6018526032643668,2,0,0,0,3,0.06390758095215515,0.0,0.0,0.0,0.06344668390026639,0.4896123798956226,0.6564607035219894,3.4715754876418874,1.5875971465461458,0,,False,crossing,12,0.0,False,0.0,tier_b,B-03-08,BAS-CR-CV-09,68,basin,cv,on
model,crossing,9.201593276637977,0.30736185771140484,135.28689016963023,port,,False,collision:target,True,True,19,-374.35553083375544,-63.674408176379075,17,2,0,0,7,11.755093818248103,0.04462066556359111,0.0,0.0,1.1701825514469322,0.38861116528369244,0.5542686447328494,1.3143286865273034,0.3703780987504478,0,,False,crossing,17,1.0,True,0.0,tier_b,B-03-09,BAS-CR-CV-10,69,basin,cv,on
model,crossing,9.400984724894059,2.4653912220554317,77.88933403414416,port,,True,goal,False,False,77,17.329100575060664,-36.90467224444276,22,22,0,0,1,4.047969015449052,3.380413292646982,0.0,0.0,0.029817737637195946,0.5090322063841646,0.6609655206842222,1.6633818586456648,0.9935131198396914,0,,False,crossing,22,1.0,True,0.0,tier_b,B-03-10,BAS-CR-CV-11,70,basin,cv,on
model,crossing,9.201175690895838,1.5622646265707423,123.45730483776165,port,,True,goal,False,False,70,49.556673459013425,0.0,0,0,0,0,0,0.0,0.0,0.0,0.0,0.0,0.5534779216983117,0.6747620482454536,1.6802138649066949,0.9467491920139235,0,,False,never,0,0.0,False,0.0,tier_b,B-03-11,BAS-CR-CV-12,71,basin,cv,on
model,crossing,9.314565232180996,0.6521833898558921,268.977941256137,starboard,,True,collision:target,True,True,23,-336.3453802550294,-10.017084775934663,0,1,0,0,4,0.0,0.5255655087569223,0.0,0.0,1.647896779463977,0.3872165547425342,0.5435645062999505,1.2969752550135298,0.5394310288361297,0,,False,crossing,7,0.0,False,0.0,tier_b,B-03-12,BAS-CR-CV-13,72,basin,cv,on
model,crossing,9.335227303646347,1.9554168095833968,75.85050993155522,port,,True,collision:boundary,True,False,127,-696.3479105205616,-5.500511689325261,9,0,0,0,2,0.9439732212125844,0.0,0.0,0.0,0.1839653876273261,0.3578996572484264,0.5548921584622342,2.696580868653925,1.9685942296911922,0,,False,crossing,19,1.0,True,0.0,tier_b,B-03-13,BAS-CR-CV-14,73,basin,cv,on
model,crossing,9.210022881938844,0.00571113352622582,281.6063487279274,starboard,,False,goal,False,False,80,45.929517704694725,-8.888947241117368,3,0,0,0,7,0.6029783875298826,0.0,0.0,0.0,1.3120453828543217,0.5015915701055522,0.6406221626215971,2.0614025642318703,1.6769289846077227,0,,False,crossing,22,0.0,False,0.0,tier_b,B-03-14,BAS-CR-CV-15,74,basin,cv,on
model,crossing,9.201092418652424,0.2107579181403868,68.87657035594039,port,,False,collision:target,True,True,23,-337.0009806305536,-24.449304172374443,8,1,0,0,10,0.9665005352612825,0.8157331661723229,0.0,0.0,3.472721633395133,0.3998490668694691,0.5451932921987285,1.283235961424072,0.2659575824142753,0,,False,crossing,13,1.0,True,0.0,tier_b,B-03-15,BAS-CR-CV-16,75,basin,cv,on
model,crossing,9.237973158896006,2.22153400131721,73.65372992762265,port,,True,goal,False,False,88,-44.83544078905855,-15.670767013448533,17,0,0,0,2,2.970109277845175,0.0,0.0,0.0,0.21527246402553712,0.44153589874038796,0.6471525329462038,3.242772341280233,1.5962522298772763,0,,False,crossing,17,1.0,True,0.0,tier_b,B-03-16,BAS-CR-CV-17,76,basin,cv,on
model,crossing,9.221581921103661,0.13583215283496958,277.27515777197266,starboard,,True,goal,False,False,75,63.17156736083807,-3.34297602722998,0,0,0,0,4,0.0,0.0,0.0,0.0,0.7428835616066622,0.5298353805011073,0.733036975441388,2.0278241053004904,1.460987260836155,0,,False,crossing,22,0.0,False,0.0,tier_b,B-03-17,BAS-CR-CV-18,77,basin,cv,on
model,crossing,9.237563948226011,1.2098525599380203,199.80318687283807,starboard,,True,goal,False,False,74,44.60471097824986,-9.079342691764863,8,0,0,0,1,1.3814940767552175,0.0,0.0,0.0,0.497988224850341,0.5226152919126273,0.6949486271393509,1.1675092165497114,1.052730935294036,0,,False,crossing,16,0.0,False,0.0,tier_b,B-03-18,BAS-CR-CV-19,78,basin,cv,on
model,crossing,9.266883250942996,0.53724528402496,124.07276332236594,port,,True,collision:target,True,True,15,-299.79880375573725,0.0,0,0,0,0,0,0.0,0.0,0.0,0.0,0.0,0.48999715620265555,0.5529851399991865,1.5179780708386499,0.19256225197021823,0,,False,never,0,0.0,False,0.0,tier_b,B-03-19,BAS-CR-CV-20,79,basin,cv,on
model,crossing,9.204718687799774,0.7792305127844068,86.02031430015951,port,,True,goal,False,False,80,58.72717031033752,-5.577214717795603,8,0,0,0,3,0.8254927525422161,0.0,0.0,0.0,0.33133902060258497,0.47599513976362606,0.7245461769124227,3.6633971360638258,0.5054732715831108,0,,False,crossing,26,1.0,True,0.0,tier_b,B-04-00,BAS-CR-RE-01,80,basin,re,on
model,crossing,9.470886766165224,1.2637917724747307,95.74456904742506,port,,True,collision:boundary,True,False,107,-637.2393708835268,-2.5212983231890145,8,0,0,0,3,0.4149286895266979,0.0,0.0,0.0,0.10386695778485776,0.27568979785053055,0.5498610401261653,3.8538671708810326,1.9071991534376267,0,,False,crossing,19,1.0,True,0.0,tier_b,B-04-01,BAS-CR-RE-02,81,basin,re,on
model,crossing,9.243634658067052,0.011562115699514652,136.01355255317026,port,,True,goal,False,False,80,38.9896400312724,-15.770484328025518,14,0,0,0,2,2.7135651046474467,0.0,0.0,0.0,0.5196304577823685,0.4889293834118189,0.7172510802141425,2.9495079814571707,1.446001604591652,0,,False,crossing,17,1.0,True,0.0,tier_b,B-04-02,BAS-CR-RE-03,82,basin,re,on
model,crossing,9.329433801063674,0.8176006137484946,130.0610229832874,port,,False,goal,False,False,68,87.41140423778035,-8.295222304784913,8,7,0,0,3,0.942738729717232,0.09267375400104544,0.0,0.0,0.7044290023065422,0.578614683474662,0.6590220932316284,2.2294736127786634,1.1772684558400024,0,,False,crossing,15,1.0,True,0.0,tier_b,B-04-03,BAS-CR-RE-04,83,basin,re,on
model,crossing,9.200232254515456,0.22979586676743408,222.67033261256645,starboard,,True,goal,False,False,93,-135.75481673909036,-6.329512090416785,4,1,0,0,1,0.7772579594052605,0.23315732732768887,0.0,0.0,0.29510142690859664,0.4481072280920578,0.6544055980942598,2.4457917490990932,1.9527969249299968,0,,False,crossing,8,0.0,False,0.0,tier_b,B-04-04,BAS-CR-RE-05,84,basin,re,on
model,crossing,9.356387110289646,2.269274861684816,191.85943145848017,starboard,,True,goal,False,False,66,144.60204395465925,-1.5460116504075132,6,0,0,0,1,0.2851599032468578,0.0,0.0,0.0,0.029882250963459266,0.5844687419263924,0.6539907362544183,2.420650239736548,0.31699580054752635,0,,False,crossing,16,0.0,False,0.0,tier_b,B-04-05,BAS-CR-RE-06,85,basin,re,on
model,crossing,9.200369012852647,1.7907390951500732,266.9991911382316,starboard,,True,goal,False,False,91,-61.09597502615213,-3.483001118588243,6,0,0,0,1,0.6796760076148021,0.0,0.0,0.0,0.026356640198882647,0.4441536242706789,0.6413335100687143,3.5772976371115064,1.4578610287892202,0,,False,crossing,20,0.0,False,0.0,tier_b,B-04-06,BAS-CR-RE-07,86,basin,re,on
model,crossing,9.268554645857137,0.03836451359288229,270.853364719973,starboard,,False,goal,False,False,75,66.01465258070093,-4.930583745563996,1,1,0,0,4,0.07019746632558432,0.16025263758704358,0.0,0.0,0.8421901624881082,0.5208646264483119,0.6863448002814302,1.7714778754721658,1.0116655856410837,0,,False,crossing,19,0.0,False,0.0,tier_b,B-04-07,BAS-CR-RE-08,87,basin,re,on
model,crossing,9.252381812589379,0.567675215689496,198.7491131814405,starboard,,False,goal,False,False,64,83.46227388859047,-13.395785614784568,11,0,0,0,3,2.1965238245961176,0.0,0.0,0.0,0.5606650406741737,0.6066684327881547,0.784820653952467,1.8136460169971211,1.1577247276428693,0,,False,crossing,16,0.0,False,0.0,tier_b,B-04-08,BAS-CR-RE-09,88,basin,re,on
model,crossing,9.309577280028208,1.411625274959324,73.04756165662562,port,,True,collision:boundary,True,False,114,-669.7002286699483,-72.93449652998292,22,13,36,0,2,4.160843751593832,3.976840658449724,8.715799143545311,0.0,0.28357372966759853,0.3869236372385094,0.6148490123449937,2.5641872111634734,2.4411727717793195,0,,False,overtaking,59,0.0,False,0.0,tier_b,B-04-09,BAS-CR-RE-10,89,basin,re,on
model,crossing,9.203033357494174,0.2415270902636671,217.21425503362173,starboard,,True,collision:target,True,True,27,-331.5026233343998,-6.657914416307186,4,0,0,0,4,0.7782149260825231,0.0,0.0,0.0,0.6235001182663772,0.39787421501228953,0.554951064316284,1.3283536999609058,0.49600810394815864,0,,False,overtaking,4,0.0,False,0.0,tier_b,B-04-10,BAS-CR-RE-11,90,basin,re,on
model,crossing,9.234731276653033,1.6050513917480813,72.44378390693646,port,,True,collision:boundary,True,False,71,-463.5344426164397,0.0,0,0,0,0,0,0.0,0.0,0.0,0.0,0.0,0.2999213909326321,0.5507274732039786,3.835224539123491,1.2392619889402945,0,,False,never,0,0.0,False,0.0,tier_b,B-04-11,BAS-CR-RE-12,91,basin,re,on
model,crossing,9.200004532647995,0.6368414973256759,87.17022061930312,port,,True,collision:obstacle,True,False,62,-446.854432398038,-6.248554582069045,12,0,0,0,1,1.136697079744534,0.0,0.0,0.0,0.13820089718524456,0.32421186198497925,0.5889048166747995,4.3051473346640465,0.3762973680257253,0,,False,crossing,20,1.0,True,0.0,tier_b,B-04-12,BAS-CR-RE-13,92,basin,re,on
model,crossing,9.254517564116696,1.7326145417753893,149.68982183769972,port,,True,goal,False,False,69,64.71379767307046,-18.189008340887707,17,13,0,0,14,2.64615843946872,0.058654271525759735,0.0,0.0,1.066707871436674,0.5695369055650972,0.6849394894712777,2.4769890133308987,1.1903707070510365,0,,False,crossing,19,1.0,True,0.0,tier_b,B-04-13,BAS-CR-RE-14,93,basin,re,on
model,crossing,9.200468191333485,0.5432402369499534,132.71244073314776,port,,True,goal,False,False,75,2.3856546571695674,-4.005892183427229,17,0,0,0,2,0.7161781140387744,0.0,0.0,0.0,0.10240233754117654,0.5168872326419814,0.6860701889414608,2.471323465207488,1.011760276875292,0,,False,crossing,19,1.0,True,0.0,tier_b,B-04-14,BAS-CR-RE-15,94,basin,re,on
model,crossing,9.37951772870855,1.4092468911533416,137.2759195130861,port,,False,goal,False,False,63,140.53147445647346,-10.733998408560682,9,9,0,0,6,1.27512405191644,0.0737251591166165,0.0,0.0,0.9015988475437893,0.6079992406423848,0.6733560801266367,2.2904466714388834,0.23973334014100486,0,,False,crossing,16,1.0,True,0.0,tier_b,B-04-15,BAS-CR-RE-16,95,basin,re,on
model,crossing,9.22856688450767,0.4325946293831956,132.88993822994345,port,,True,goal,False,False,70,121.70481392771022,0.0,0,0,0,0,0,0.0,0.0,0.0,0.0,0.0,0.5481031071607013,0.6778267336065408,1.6720222422944637,0.6485727592347181,0,,False,never,0,0.0,False,0.0,tier_b,B-04-16,BAS-CR-RE-17,96,basin,re,on
model,crossing,9.261168358149531,0.38007923926976467,130.2918487988835,port,,True,goal,False,False,83,-23.949356244917738,-38.02855526694599,23,0,0,0,1,7.442831648515216,0.0,0.0,0.0,0.26367524595459413,0.46994809001374177,0.6695321856434566,2.8796582520356724,1.2742369101017648,0,,False,crossing,23,1.0,True,0.0,tier_b,B-04-17,BAS-CR-RE-18,97,basin,re,on
model,crossing,9.387131015734026,0.6019081895970513,145.65391894093102,port,,True,goal,False,False,77,100.41742498961825,0.0,0,0,0,0,0,0.0,0.0,0.0,0.0,0.0,0.5215689147118289,0.6905296891030156,1.8553272280837503,1.0397566881691376,0,,False,never,0,0.0,False,0.0,tier_b,B-04-18,BAS-CR-RE-19,98,basin,re,on
model,crossing,9.411203164528796,0.3524520422006777,228.38429663272598,starboard,,True,goal,False,False,100,-124.46820829203267,-8.517403972924248,8,0,0,0,2,1.2842222873914748,0.0,0.0,0.0,0.4801119222969884,0.41953617311783203,0.6646321517472884,2.3311681244718243,1.6565121268142133,0,,False,crossing,18,0.0,False,0.0,tier_b,B-04-19,BAS-CR-RE-20,99,basin,re,on
model,crossing,9.200706279714865,0.2580893191785541,231.7080280272063,starboard,,True,collision:target,True,True,16,-312.9583868042132,-8.29004935675304,1,2,0,0,4,0.008898341447519827,0.5166782856765753,0.0,0.0,1.2640989005530598,0.4516504662443883,0.5443439192116607,1.688444272312854,0.23050856883525953,0,,False,crossing,5,0.0,False,0.0,tier_b,B-05-00,BAS-CR-NC-01,100,basin,nc,on
model,crossing,9.216210094803998,2.417752396114681,247.95272431710384,starboard,,True,goal,False,False,77,33.2841492630579,-14.049284798573428,1,16,0,0,3,0.20705543527167095,2.180681610336782,0.0,0.0,0.49555253840257507,0.5211671830634377,0.6212448710745591,1.422650822629329,2.0372990192992178,0,,False,crossing,16,0.0,False,0.0,tier_b,B-05-01,BAS-CR-NC-02,101,basin,nc,on
model,crossing,9.215623177051167,1.4873487938689043,105.29283107709941,port,,False,collision:target,True,True,23,-346.84626297829806,-35.343969420524374,16,7,0,0,3,5.19456370853564,1.571366059583522,0.0,0.0,0.41169268185211577,0.38449436971314493,0.5491463451229963,1.463890307222917,0.1893867655072496,0,,False,crossing,21,1.0,True,0.0,tier_b,B-05-02,BAS-CR-NC-03,102,basin,nc,on
model,crossing,9.213270431695067,0.3553567901759372,252.88143754819663,starboard,,True,goal,False,False,70,79.81740866399582,-12.122268990023986,6,0,0,0,2,1.8111754741165338,0.0,0.0,0.0,0.7015445318104762,0.5486121857089282,0.661780948590479,1.669698096849088,1.0105347982872788,0,,False,crossing,14,0.0,False,0.0,tier_b,B-05-03,BAS-CR-NC-04,103,basin,nc,on
model,crossing,9.211809026931432,0.9515372231990188,160.45417521803344,port,,False,goal,False,False,72,14.844677878048202,-41.109083041156836,16,11,0,0,4,7.0361423893504975,0.4169780570197247,0.0,0.0,0.9369192959164967,0.5394869386435377,0.6403732466192157,1.5714850530072364,1.766262733086466,0,,False,crossing,16,1.0,True,0.0,tier_b,B-05-04,BAS-CR-NC-05,104,basin,nc,on
model,crossing,9.21839401844697,1.8062505610752353,104.4884246730779,port,,True,collision:boundary,True,False,68,-721.8873479957256,-23.134218166000473,19,0,0,0,3,4.491338815118733,0.0,0.0,0.0,0.20046467359171957,0.3192342805450301,0.5466772391646602,2.65444318024013,1.4516033848345822,0,,False,crossing,19,1.0,True,0.0,tier_b,B-05-05,BAS-CR-NC-06,105,basin,nc,on
model,crossing,9.200720800350496,2.127250002349644,226.01222781833783,starboard,,True,goal,False,False,79,19.024097257736898,0.0,0,0,0,0,0,0.0,0.0,0.0,0.0,0.0,0.4983952623955878,0.6715848543559035,1.9365291202961707,1.019120212108623,0,,False,never,0,0.0,False,0.0,tier_b,B-05-06,BAS-CR-NC-07,106,basin,nc,on
model,crossing,9.215286445654044,0.8117411341797673,81.47856525673441,port,,True,goal,False,False,98,-284.1175522930038,-47.154751947127494,20,1,0,0,4,8.22754831699855,0.5175112556008775,0.0,0.0,0.8592682361689604,0.4008121684939984,0.6970405362866082,2.00080698291221,1.4225816291847937,0,,False,crossing,20,1.0,True,0.0,tier_b,B-05-07,BAS-CR-NC-08,107,basin,nc,on
model,crossing,9.226396066992601,1.6819854812629311,284.8234292978913,starboard,,True,goal,False,False,73,92.24359160008736,-1.596594509027069,6,0,0,0,2,0.25095448403491677,0.0,0.0,0.0,0.0787488473453847,0.5388317785397784,0.6976590993189148,3.1549304496764936,1.0194292336664315,0,,False,crossing,18,0.0,False,0.0,tier_b,B-05-08,BAS-CR-NC-09,108,basin,nc,on
model,crossing,9.32008951347376,1.135129196971054,143.31966161417364,port,,False,goal,False,False,73,-23.02910102043593,-75.860814797984,21,20,0,0,13,10.734515162271753,1.9612942590627216,0.0,0.0,2.8925684805285212,0.5425377393822619,0.7052469469159399,1.3377201145563282,1.0152391885586736,0,,False,crossing,21,1.0,True,0.0,tier_b,B-05-09,BAS-CR-NC-10,109,basin,nc,on
model,crossing,9.385721352234496,1.101512207539723,157.86281711377936,port,,False,goal,False,False,76,20.794408218540923,-45.77961979187107,18,8,0,0,16,6.214197852198884,0.2769937276240374,0.0,0.0,3.0329381048328026,0.5203433475543623,0.6622424612955623,1.6533085272942443,1.3244347304281674,0,,False,crossing,21,1.0,True,0.0,tier_b,B-05-10,BAS-CR-NC-11,110,basin,nc,on
model,crossing,9.224280439849588,2.007293642915143,279.44608599744123,starboard,,True,goal,False,False,75,76.81894674260593,-9.251175126822979,8,0,0,0,0,1.8689242680450462,0.0,0.0,0.0,0.0,0.5236351534332835,0.6972216458154237,3.349627045866556,0.8416847542039024,0,,False,crossing,19,0.0,False,0.0,tier_b,B-05-11,BAS-CR-NC-12,111,basin,nc,on
model,crossing,9.242440755971442,0.8191370874231221,80.80910659952784,port,,False,collision:target,True,True,16,-348.84202893886214,-49.7162122367607,3,9,0,0,12,0.5899038997741441,4.983708101302472,0.0,0.0,4.9170739625403215,0.45507033658481855,0.5862886737406733,1.2118265454504564,0.14100365220506617,0,,False,crossing,13,1.0,True,0.0,tier_b,B-05-12,BAS-CR-NC-13,112,basin,nc,on
model,crossing,9.200734089771071,2.42791685748975,77.60170120950792,port,,True,goal,False,False,83,-28.22994882753828,-7.117646646055382,13,0,0,0,2,1.4021649019083435,0.0,0.0,0.0,0.03931786257979586,0.4625495378955286,0.6868838990137325,4.212968272563155,0.8023147042720391,0,,False,crossing,22,1.0,True,0.0,tier_b,B-05-13,BAS-CR-NC-14,113,basin,nc,on
model,crossing,9.201922042439248,1.7448573110820977,97.97332632435779,port,,True,goal,False,False,74,99.00969578237847,-12.953441960910961,11,0,0,0,3,2.198282702420848,0.0,0.0,0.0,0.4604316853172805,0.5155935845162553,0.6630263666425623,2.635110820424246,0.42857496228912995,0,,False,crossing,18,1.0,True,0.0,tier_b,B-05-14,BAS-CR-NC-15,114,basin,nc,on
model,crossing,9.210289614228753,1.3646181904166412,240.49501663448518,starboard,,True,collision:target,True,True,18,-313.01619394969714,0.0,0,0,0,0,0,0.0,0.0,0.0,0.0,0.0,0.44796832080094173,0.5437156154086995,1.2415811399790337,0.5462249852346369,0,,False,never,0,0.0,False,0.0,tier_b,B-05-15,BAS-CR-NC-16,115,basin,nc,on
model,crossing,9.202557876894945,0.8775763774858016,205.45723389036638,starboard,,False,collision:target,True,True,21,-318.1633276874858,-3.111599080580671,0,0,0,0,2,0.0,0.0,0.0,0.0,0.6914664623512602,0.39672707417466213,0.5859863619992565,1.8127990548122046,0.3160814854480205,0,,False,crossing,19,0.0,False,0.0,tier_b,B-05-16,BAS-CR-NC-17,116,basin,nc,on
model,crossing,9.200007316122752,0.6831058562121795,131.93554503895228,port,,False,collision:target,True,True,20,-326.9223748418519,-23.731631599838686,11,9,0,0,5,2.628860642033966,1.212696816600281,0.0,0.0,1.0479827065775915,0.4286728464307209,0.5761575610161738,1.505479274775734,0.08222127992769088,0,,False,crossing,18,1.0,True,0.0,tier_b,B-05-17,BAS-CR-NC-18,117,basin,nc,on
model,crossing,9.223206685954919,0.43444335475430834,97.38973420096866,port,,True,collision:target,True,True,22,-328.9111895991329,-17.898445040363708,5,1,0,0,5,0.983383825776519,0.529983020490192,0.0,0.0,2.312728700298553,0.43225623107218253,0.5795804658015793,1.3295203773266717,0.18215446511424077,0,,False,crossing,5,1.0,True,0.0,tier_b,B-05-18,BAS-CR-NC-19,118,basin,nc,on
model,crossing,9.339982268508692,0.6058694525165631,90.87155766463691,port,,False,collision:target,True,True,26,-405.75950712311334,-78.43018326348506,22,8,0,0,10,9.600974000816066,4.325809667312198,0.0,0.0,2.1094675791666977,0.3345957351712494,0.5442392760689132,1.4341033001082775,0.46707187038759457,0,,False,crossing,22,1.0,True,0.0,tier_b,B-05-19,BAS-CR-NC-20,119,basin,nc,on
model,overtaking,9.217016676076229,0.7050661416026955,2.751896715549613,,,,goal,False,False,66,38.590924393254014,-66.51769232335424,14,0,48,0,6,1.7892522484739495,0.0,15.68326872094664,0.0,0.2669169551111782,0.5748983541410038,0.7204238297721245,1.9396973333381518,0.8653139001426338,0,,False,overtaking,49,0.0,False,0.0,tier_b,B-06-00,BAS-OT-CV-01,120,basin,cv,on
model,overtaking,9.208398649472159,1.222686384166272,-8.618763366062442,,,,goal,False,False,59,84.63868047223791,-41.041637275544794,11,0,37,0,1,0.7284082016112402,0.0,10.394978036388007,0.0,0.0031323881271851394,0.6490828329770796,0.741909048091602,2.4938549751346653,0.9920910707040255,0,,False,overtaking,38,0.0,False,0.0,tier_b,B-06-01,BAS-OT-CV-02,121,basin,cv,on
model,overtaking,9.225440673837724,0.9165861617121269,-6.456878945402444,,,,goal,False,False,126,-238.75332314311282,-182.42199794711607,67,9,8,0,6,34.02112329922811,1.7661435144656736,1.1935974145002406,0.0,0.21735033936246193,0.3035531364262123,0.5486436196978807,2.8457415132508332,0.8209464871177472,0,,False,overtaking,68,0.0,False,0.0,tier_b,B-06-02,BAS-OT-CV-03,122,basin,cv,on
model,overtaking,9.329409704326869,0.7067123366219907,8.906828243136012,,,,collision:boundary,True,False,140,-849.3419539745698,-127.4389113238609,32,14,63,0,6,7.462001886662416,4.736378996967398,17.503261612449077,0.0,0.8989298100170365,0.31473548692729,0.5917329449263075,1.195541411167201,2.251980671793335,0,,False,overtaking,69,0.0,False,0.0,tier_b,B-06-03,BAS-OT-CV-04,123,basin,cv,on
model,overtaking,9.253937805212828,0.984205361322041,-3.263816162059692,,,,goal,False,False,61,70.93115183960762,-53.65713815421691,14,0,34,0,5,2.490197049180707,0.0,11.269976172495141,0.0,0.1686107866199792,0.6276659159815056,0.7301776572606006,2.296766264238509,0.9430352794458128,0,,False,overtaking,37,0.0,False,0.0,tier_b,B-06-04,BAS-OT-CV-05,124,basin,cv,on
model,overtaking,9.403333139407776,1.8835367064658046,-6.754171342172503,,,,goal,False,False,59,97.33606920002876,-30.192610835843826,12,0,29,0,1,0.9665630858235882,0.0,7.0293373899909355,0.0,0.02277976823326536,0.6591834245214262,0.7578106673743489,2.907437647977287,0.7296065661478779,0,,False,overtaking,32,0.0,False,0.0,tier_b,B-06-05,BAS-OT-CV-06,125,basin,cv,on
model,overtaking,9.312453564977488,0.46612804954114906,-7.085673200637763,,,,goal,False,False,124,-129.54436095889747,-73.25815285344586,41,0,22,0,2,12.172963019312817,0.0,3.3937190076498425,0.0,0.1743549956239996,0.31402173078468365,0.5693016197224109,2.9462218335213306,1.5076656213396253,0,,False,overtaking,81,0.0,False,0.0,tier_b,B-06-06,BAS-OT-CV-07,126,basin,cv,on
model,overtaking,9.200000666897902,0.5433941009058441,-8.662780220701272,,,,collision:boundary,True,False,145,-922.2298307523877,-140.75887560211393,74,4,28,0,1,24.738681582644304,0.2666584339144453,4.6837268010368405,0.0,0.02689467475898933,0.3521044606344849,0.5510123929284467,3.226654635344148,1.891006413038015,0,,False,overtaking,87,0.0,False,0.0,tier_b,B-06-07,BAS-OT-CV-08,127,basin,cv,on
model,overtaking,9.220235851911836,0.3446039038499784,8.41519054387767,,,,goal,False,False,75,19.769696525691458,-86.6231994549701,25,11,54,0,15,3.8956609720774025,0.8592557122963149,16.25120388145581,0.0,1.0182284209065129,0.5337340425974532,0.6323467941666625,2.014487411936367,1.232442319639871,0,,False,overtaking,61,0.0,False,0.0,tier_b,B-06-08,BAS-OT-CV-09,128,basin,cv,on
model,overtaking,9.227401620536055,1.7604500606651974,6.019718404961015,,,,goal,False,False,63,79.94815686704797,-58.38697994110698,11,7,40,0,3,1.3275707485792692,0.8400009180771143,12.994739285749779,0.0,0.19476416943526187,0.603254698504272,0.7297435518152277,2.1691076888171823,0.27372425255920607,0,,False,overtaking,43,0.0,False,0.0,tier_b,B-06-09,BAS-OT-CV-10,129,basin,cv,on
model,overtaking,9.288292197368149,0.24483595493298105,6.581433309724179,,,,collision:boundary,True,False,112,-628.549751737362,-83.64754383359498,12,7,66,0,1,1.0501494755336003,1.8718373651776423,19.214889383450384,0.0,0.002246042589546315,0.39288980986743677,0.5694102311785373,1.457298298602589,1.8585114748043718,0,,False,overtaking,74,0.0,False,0.0,tier_b,B-06-10,BAS-OT-CV-11,130,basin,cv,on
model,overtaking,9.471422972562301,0.30574369011869007,-7.374418842022461,,,,goal,False,False,111,-104.0870649088586,-86.07545833135244,55,7,29,0,0,14.134146808481033,0.6921586132927228,3.523679581547858,0.0,0.0,0.3701085879351321,0.5463281213102096,3.259409884450654,1.4039396712848273,0,,False,overtaking,93,0.0,False,0.0,tier_b,B-06-11,BAS-OT-CV-12,131,basin,cv,on
model,overtaking,9.438920604119721,1.5253415474808054,-1.7605355360611323,,,,goal,False,False,62,81.06900343480794,-47.34189764094339,11,0,36,0,5,1.3425266920301353,0.0,11.116188691311503,0.0,0.15069138370506419,0.6390531417954376,0.7448645552431485,2.6475812986862413,0.7291680688182196,0,,False,overtaking,38,0.0,False,0.0,tier_b,B-06-12,BAS-OT-CV-13,132,basin,cv,on
model,overtaking,9.356925374869007,0.945243983198403,-3.711880853278407,,,,collision:boundary,True,False,105,-697.1770642809295,-167.93090332052859,48,8,58,0,17,20.263027222513777,1.5486913016831136,14.976981097721486,0.0,1.3435032608792357,0.4239288497447431,0.6671977839125522,2.1014810698110002,2.146261868919963,0,,False,overtaking,81,0.0,False,0.0,tier_b,B-06-13,BAS-OT-CV-14,133,basin,cv,on
model,overtaking,9.201705291610567,0.04816330016336545,6.838357024498219,,,,goal,False,False,80,6.672733031725073,-76.73732330157479,11,14,58,0,1,0.8733512572799677,1.799884454610411,17.52867194093268,0.0,0.08924167563550514,0.5016121594555496,0.6019693748481487,1.8437152240753707,1.4689162930583968,0,,False,overtaking,62,0.0,False,0.0,tier_b,B-06-14,BAS-OT-CV-15,134,basin,cv,on
model,overtaking,9.200315756528905,1.098197584734694,3.3987834475205663,,,,goal,False,False,67,35.28302816374011,-28.652419374537367,39,0,1,0,3,5.516779450198225,0.0,0.22233229214860653,0.0,0.1208810765158144,0.5701505871924745,0.9180302060541309,2.768182510080163,1.1319300863707387,0,,False,overtaking,52,0.0,False,0.0,tier_b,B-06-15,BAS-OT-CV-16,135,basin,cv,on
model,overtaking,9.209977053368092,0.46489584335204936,5.615825607046434,,,,goal,False,False,76,-17.803014762951875,-90.08561802351336,26,7,55,0,3,3.83245243266098,1.3511525352111056,17.74424578495509,0.0,0.12166413482405007,0.5013044810562987,0.5779755001956973,1.5568242420120095,1.5227289538695647,0,,False,overtaking,58,0.0,False,0.0,tier_b,B-06-16,BAS-OT-CV-17,136,basin,cv,on
model,overtaking,9.293443319164194,0.7501591541669446,3.6811135241780217,,,,goal,False,False,69,42.510772349981764,-49.45820418254075,32,1,2,0,12,8.18114920670461,0.0030271927959958644,0.5940315052306222,0.0,1.5128927969294497,0.5550319693497903,0.8578316927221951,2.238824362164453,1.0768562377107054,0,,False,overtaking,61,0.0,False,0.0,tier_b,B-06-17,BAS-OT-CV-18,137,basin,cv,on
model,overtaking,9.261088593327413,0.3967794023411553,0.942094834672746,,,,goal,False,False,65,72.81135867271132,-23.32286294076317,19,0,1,0,12,2.3996923083036936,0.0,0.15358822827222507,0.0,2.42032630952886,0.5862878325271028,0.8924831680510229,1.9984680259443415,1.1065687097859964,0,,False,overtaking,49,0.0,False,0.0,tier_b,B-06-18,BAS-OT-CV-19,138,basin,cv,on
model,overtaking,9.226408642497487,1.4114137494770642,-6.5337083014531245,,,,goal,False,False,61,94.07224630577869,-5.073071856669761,13,0,0,0,1,1.0140322296781477,0.0,0.0,0.0,0.01191384883620645,0.647015259823019,0.8451373982170379,3.4990643400843373,1.3179288248213394,0,,False,overtaking,30,0.0,False,0.0,tier_b,B-06-19,BAS-OT-CV-20,139,basin,cv,on
model,overtaking,9.237318635066163,0.6955108624999942,8.502895358359591,,,,goal,False,False,72,40.05821518869861,-69.5239292715203,16,9,53,0,9,1.2895990032858455,0.5384434000477654,16.145754298007187,0.0,0.5223119782651248,0.5290777808951794,0.6514178388285877,1.949495484170607,0.9783837133390324,0,,False,overtaking,57,0.0,False,0.0,tier_b,B-07-00,BAS-OT-RE-01,140,basin,re,on
model,overtaking,9.20862851148156,1.8700119096817152,-7.244673280696084,,,,goal,False,False,58,92.92212298515308,-9.912355742921282,18,1,0,0,0,1.9925330340807543,0.009963075600312536,0.0,0.0,0.0,0.6587527741879363,0.8606248238633885,3.7927489417838034,1.2330318623201308,0,,False,overtaking,29,0.0,False,0.0,tier_b,B-07-01,BAS-OT-RE-02,141,basin,re,on
model,overtaking,9.202335923999566,0.3265016702521537,4.755399329358097,,,,collision:boundary,True,False,119,-1044.2059350696259,-61.14377981444282,12,2,57,0,1,0.7025991996818228,0.4738155210307783,15.363283444702992,0.0,0.002823676885482839,0.3316970788204617,0.5571190464312373,2.624294502832458,1.8427167131428843,0,,False,overtaking,74,0.0,False,0.0,tier_b,B-07-02,BAS-OT-RE-03,142,basin,re,on
model,overtaking,9.293015255899277,0.9710119403809374,-4.649419898074171,,,,goal,False,False,58,66.15595246662608,-53.91256403165028,14,0,35,0,16,1.1320034043623088,0.0,11.775823595455877,0.0,1.3147071636479304,0.6582003224314723,0.7389577503933185,2.0144832938497577,0.8193779165289193,0,,False,overtaking,36,0.0,False,0.0,tier_b,B-07-03,BAS-OT-RE-04,143,basin,re,on
model,overtaking,9.283208573028874,0.590858996109658,2.166140678298074,,,,goal,False,False,64,61.204530503746085,-61.53993649689066,11,3,43,0,9,1.7081009502605728,0.1292162207979773,14.160292926446015,0.0,0.3262582144322588,0.6040444937900932,0.6851432906057041,2.205479465675392,1.0787487535295124,0,,False,overtaking,43,0.0,False,0.0,tier_b,B-07-04,BAS-OT-RE-05,144,basin,re,on
model,overtaking,9.220721747140464,1.4440943071107695,-3.2381786297647537,,,,goal,False,False,62,57.77123086720612,-30.6836360694629,28,0,0,0,0,6.198714357467252,0.0,0.0,0.0,0.0,0.6274267835422327,0.8534073930441001,3.814818890046893,1.5834284622900412,0,,False,overtaking,49,0.0,False,0.0,tier_b,B-07-05,BAS-OT-RE-06,145,basin,re,on
model,overtaking,9.235301134425187,0.47868786193385526,-2.242403672861313,,,,goal,False,False,61,66.19098069886515,-52.56863133689007,10,0,34,0,6,2.106702376040217,0.0,11.07758372634587,0.0,0.5024784801435263,0.6274295986562265,0.7350131581324855,2.2637508819540546,1.1196294718919249,0,,False,overtaking,35,0.0,False,0.0,tier_b,B-07-06,BAS-OT-RE-07,146,basin,re,on
model,overtaking,9.210772885835906,1.118854926084452,-9.379588430721498,,,,goal,False,False,57,53.52446372055111,-56.91251887336011,14,0,33,0,5,4.295656488923451,0.0,9.489733736528315,0.0,0.33021728926379745,0.6663091637285347,0.7759549974411539,2.4767225294402087,1.0487897424445678,0,,False,overtaking,34,0.0,False,0.0,tier_b,B-07-07,BAS-OT-RE-08,147,basin,re,on
model,overtaking,9.201297608530824,0.948580564783577,4.6641680010374404,,,,goal,False,False,60,73.86245735422084,-14.171532017097658,20,0,0,0,4,2.673300769259968,0.0,0.0,0.0,0.20859849094684788,0.6468468239741209,0.8958816649467922,3.3089858315806273,1.59554765539319,0,,False,overtaking,40,0.0,False,0.0,tier_b,B-07-08,BAS-OT-RE-09,148,basin,re,on
model,overtaking,9.314342443114086,1.3343859203914925,6.76369823927924,,,,goal,False,False,63,86.2156715192654,-50.51617062886644,9,8,41,0,4,0.3185864411082008,0.3988673788351261,12.967976088830032,0.0,0.062235622301967344,0.6031147822179779,0.6960595076816886,2.2900757701303114,0.6998186497159267,0,,False,overtaking,41,0.0,False,0.0,tier_b,B-07-09,BAS-OT-RE-10,149,basin,re,on
model,overtaking,9.315117655309152,0.6673426336536532,4.539541054003408,,,,goal,False,False,64,81.77713747310355,-6.44831112615049,7,0,2,0,3,0.8433571516424486,0.0,0.4447350560004847,0.0,0.14947711642636052,0.6119383440449448,0.8809919788421254,2.830849639470098,1.294815044367034,0,,False,overtaking,34,0.0,False,0.0,tier_b,B-07-10,BAS-OT-RE-11,150,basin,re,on
model,overtaking,9.22853476359556,0.7949817246542223,5.362336825936062,,,,goal,False,False,64,73.91054666356334,-14.965754779577603,20,0,0,0,1,3.0172617309257697,0.0,0.0,0.0,0.006735380332232207,0.6003574466881587,0.8922018384179479,3.0524021589360415,1.5011167386004214,0,,False,overtaking,41,0.0,False,0.0,tier_b,B-07-11,BAS-OT-RE-12,151,basin,re,on
model,overtaking,9.20887238342961,1.5936706563985252,7.086398227872522,,,,goal,False,False,61,53.58662998124904,-40.61281973397664,40,0,0,0,0,8.204610047268009,0.0,0.0,0.0,0.0,0.6320365704575962,0.8704165489711329,3.683227064172654,1.4636772740408752,0,,False,overtaking,41,0.0,False,0.0,tier_b,B-07-12,BAS-OT-RE-13,152,basin,re,on
model,overtaking,9.216839652941829,1.6016624116391511,5.262289951952228,,,,goal,False,False,61,87.49250443169036,-50.15859589502935,8,6,38,0,1,0.8677251883783277,0.2843707419215377,12.277257866248899,0.0,0.05724282701088161,0.6147152238875099,0.7165432205735045,2.1492280484739084,0.3330090100843885,0,,False,overtaking,38,0.0,False,0.0,tier_b,B-07-13,BAS-OT-RE-14,153,basin,re,on
model,overtaking,9.255519260104249,0.35298755437586804,3.1573118541693095,,,,collision:boundary,True,False,117,-655.4420930635913,-91.19997940721703,30,5,71,0,0,2.4396717076268164,1.6316857673198601,19.735211085064158,0.0,0.0,0.375434486586845,0.6073824065802164,1.9075793677987694,1.7842397095274125,0,,False,overtaking,78,0.0,False,0.0,tier_b,B-07-14,BAS-OT-RE-15,154,basin,re,on
model,overtaking,9.215509090809306,1.7752520106799483,3.50927978990223,,,,goal,False,False,62,96.75071637539656,-43.77642178813528,7,3,40,0,2,0.4671876523433408,0.15062086656179055,11.255664694715339,0.0,0.043972604128811474,0.6071734662458448,0.7171765065266881,2.7531321636765984,0.6793994465079877,0,,False,overtaking,40,0.0,False,0.0,tier_b,B-07-15,BAS-OT-RE-16,155,basin,re,on
model,overtaking,9.291005947685234,0.12063488626486807,-1.313765613830494,,,,goal,False,False,63,54.62155128106179,-62.186768952476406,19,0,33,0,15,4.126917182932276,0.0,10.489534417313267,0.0,0.8880455543630803,0.6158886767564001,0.7164554721911447,2.1212875380442404,1.2077653338166041,0,,False,overtaking,34,0.0,False,0.0,tier_b,B-07-16,BAS-OT-RE-17,156,basin,re,on
model,overtaking,9.205389690325374,0.45888945551356053,6.666781674074301,,,,collision:boundary,True,False,149,-885.8829044631303,-128.77736754353037,30,12,70,0,14,6.599679674089091,4.804591563670116,18.062042796600952,0.0,1.622860188635294,0.2979542925450443,0.5909100343128287,1.409225327245163,1.8951954149617294,0,,False,overtaking,75,0.0,False,0.0,tier_b,B-07-17,BAS-OT-RE-18,157,basin,re,on
model,overtaking,9.2228486192688,0.6437987319681227,-3.4629356248216165,,,,goal,False,False,63,72.05242383809409,-9.800655904263746,15,0,0,0,0,1.9799304857098474,0.0,0.0,0.0,0.0,0.6098172786628199,0.8858269638446342,2.9470664367243073,1.5005898094330312,0,,False,overtaking,45,0.0,False,0.0,tier_b,B-07-18,BAS-OT-RE-19,158,basin,re,on
model,overtaking,9.225994588178112,1.4726543869922135,2.14369871642881,,,,goal,False,False,63,84.283984891234,-49.60581174583896,10,3,41,0,3,0.9703898277465967,0.08658601879955569,12.305701276496297,0.0,0.01627926889974109,0.6054384770915464,0.7215640427638639,2.5180971081613945,0.755681997158466,0,,False,overtaking,42,0.0,False,0.0,tier_b,B-07-19,BAS-OT-RE-20,159,basin,re,on
model,overtaking,9.202826174856394,1.8658931692162017,-1.4134208463222802,,,,goal,False,False,59,95.72388989296648,-2.6843891434692893,12,0,0,0,0,0.5423008370645028,0.0,0.0,0.0,0.0,0.6627536610986754,0.8539494849655483,4.019869876239873,1.3935469897464898,0,,False,overtaking,26,0.0,False,0.0,tier_b,B-08-00,BAS-OT-NC-01,160,basin,nc,on
model,overtaking,9.223586837236766,0.48526308595663137,7.947943010148403,,,,collision:boundary,True,False,76,-539.794889505105,-59.74226786136371,21,1,49,0,2,2.084540522270215,0.02135371213181185,13.563961668039672,0.0,0.10840653247352537,0.36530416566629276,0.5664871385892091,2.6088462116855258,1.6065203241214399,0,,False,overtaking,57,0.0,False,0.0,tier_b,B-08-01,BAS-OT-NC-02,161,basin,nc,on
model,overtaking,9.324634189278777,1.5212132266343419,-0.10161533566932235,,,,goal,False,False,63,77.39440401427117,-5.781148210142551,14,0,0,0,0,1.1679087293217274,0.0,0.0,0.0,0.0,0.6271779567947156,0.8772137554444696,3.4222458467416788,1.240807765308828,0,,False,overtaking,38,0.0,False,0.0,tier_b,B-08-02,BAS-OT-NC-03,162,basin,nc,on
model,overtaking,9.201445899888215,1.1211468026239688,-5.499755077898718,,,,goal,False,False,61,64.65739063163522,-25.176326460617936,34,1,0,0,0,5.060622975816028,0.025503581884564065,0.0,0.0,0.0,0.632693786796888,0.8695336256480916,3.524842656937003,1.6542203147875951,0,,False,overtaking,50,0.0,False,0.0,tier_b,B-08-03,BAS-OT-NC-04,163,basin,nc,on
model,overtaking,9.21773170156655,1.7859137701757974,-4.391160300370627,,,,goal,False,False,57,88.93634321369066,-37.09838721184934,7,0,30,0,0,0.5381324069592138,0.0,9.565175499278123,0.0,0.0,0.6616355365824186,0.7592450947429007,2.550613474221718,0.62714009451053,0,,False,overtaking,31,0.0,False,0.0,tier_b,B-08-04,BAS-OT-NC-05,164,basin,nc,on
model,overtaking,9.224828604838036,1.0279798656456742,-1.0573866499295388,,,,goal,False,False,61,69.80419735417108,-58.56251305716941,13,0,39,0,10,1.9347182637530986,0.0,13.095933980318293,0.0,0.4089545160990453,0.624033364300009,0.7383913809807379,2.155379572658697,0.814774825438138,0,,False,overtaking,40,0.0,False,0.0,tier_b,B-08-05,BAS-OT-NC-06,165,basin,nc,on
model,overtaking,9.207283694138823,0.021159204588590663,-7.334374927666074,,,,collision:target,True,True,96,-525.5035940694324,-130.93024188312944,58,16,6,0,10,21.384806233094867,4.60217276178175,0.39760788595815494,0.0,0.19184610423128687,0.40836859954869037,0.5497287166574846,1.6251402728600992,1.745492313228038,0,,False,overtaking,76,0.0,False,0.0,tier_b,B-08-06,BAS-OT-NC-07,166,basin,nc,on
model,overtaking,9.249749621825773,0.3985333505421971,-6.131124078940598,,,,collision:boundary,True,False,133,-758.1706096452876,-213.72270347474029,73,8,10,0,3,41.03799793589775,0.9393220161364961,1.6140998905172075,0.0,0.027602245846411196,0.34641673361999525,0.5580032760294874,2.5264511351677013,1.8433167739848293,0,,False,overtaking,77,0.0,False,0.0,tier_b,B-08-07,BAS-OT-NC-08,167,basin,nc,on
model,overtaking,9.436169496045947,0.7878924456258161,7.165970628024571,,,,goal,False,False,68,74.80954964206451,-57.845545939932926,11,4,41,0,5,1.19202495859832,0.48504478049086713,13.362228782504811,0.0,0.32000602542758627,0.5731009935557135,0.6764378112351416,1.8494732347138971,0.8017414557824988,0,,False,overtaking,41,0.0,False,0.0,tier_b,B-08-08,BAS-OT-NC-09,168,basin,nc,on
model,overtaking,9.229515026318893,1.040478185072131,-5.885302635044216,,,,goal,False,False,79,-48.539305631307,-122.8907126614788,62,15,1,0,13,21.020378940712206,1.0276327312648519,0.04577910908501292,0.0,3.019611131663631,0.4868975242118421,0.692008956981978,1.8959301978264567,1.0746732780865513,0,,False,overtaking,67,0.0,False,0.0,tier_b,B-08-09,BAS-OT-NC-10,169,basin,nc,on
model,overtaking,9.370275779233848,0.4992216841537722,-2.8798086621817927,,,,goal,False,False,67,61.193221792428886,-17.699352553764488,25,0,0,0,9,3.232755492751268,0.0,0.0,0.0,0.3771584143657124,0.5889884185390895,0.8757973536451051,2.681780540903518,1.531414710856083,0,,False,overtaking,48,0.0,False,0.0,tier_b,B-08-10,BAS-OT-NC-11,170,basin,nc,on
model,overtaking,9.200440778044294,0.5375469357908986,2.9879215617206167,,,,goal,False,False,67,49.32742558449549,-77.78847948730723,22,0,42,0,24,3.7295279169640367,0.0,14.020763817211785,0.0,1.9672370125272893,0.5634659953150348,0.6611599950002515,1.8768160979234045,0.9563698116135376,0,,False,overtaking,44,0.0,False,0.0,tier_b,B-08-11,BAS-OT-NC-12,171,basin,nc,on
model,overtaking,9.309395668763356,0.265542389110653,9.88770235233514,,,,goal,False,False,66,56.84237202584748,-62.35346787240291,13,7,43,0,3,1.5335268992318511,0.2416579480694069,14.563509484099354,0.0,0.2528152745564413,0.5857120508908803,0.6673366133754102,1.9498762907921023,1.1191525233686344,0,,False,overtaking,43,0.0,False,0.0,tier_b,B-08-12,BAS-OT-NC-13,172,basin,nc,on
model,overtaking,9.204875415860784,1.1272047415291218,-5.371385987906487,,,,goal,False,False,68,54.31235020826562,-24.702273100533564,38,1,0,0,2,4.84948460833253,0.1003417308337567,0.0,0.0,0.04458504925787621,0.5621751743918275,0.908296545791327,2.8292964732481884,1.309574340902691,0,,False,overtaking,61,0.0,False,0.0,tier_b,B-08-13,BAS-OT-NC-14,173,basin,nc,on
model,overtaking,9.201383075582118,0.1859423402514624,-7.648081300261262,,,,goal,False,False,140,-176.43586269190592,-73.49949463297322,43,1,17,0,1,11.759024794465677,0.41131813450139537,3.67345142410214,0.0,0.007082668404117152,0.2983315899881834,0.5854776629990812,2.942748168592306,1.4225718624029655,0,,False,overtaking,88,0.0,False,0.0,tier_b,B-08-14,BAS-OT-NC-15,174,basin,nc,on
model,overtaking,9.200650409504961,0.4507784176862255,-3.998535066635336,,,,collision:target,True,True,83,-422.0528662173012,-74.29492929067756,39,7,5,0,5,12.175708133779223,1.672738446789669,0.6784898755028422,0.0,0.733901147789177,0.4639284564827119,0.5967912029836491,1.2526490237485082,1.7175558278118934,0,,False,overtaking,75,0.0,False,0.0,tier_b,B-08-15,BAS-OT-NC-16,175,basin,nc,on
model,overtaking,9.3291056655864,0.40136882412902786,-2.6412169799750984,,,,goal,False,False,67,62.30814512717026,-20.690001633473152,27,0,1,0,11,2.717916730467142,0.0,0.24172939677402727,0.0,1.414686219838733,0.5866582612185086,0.8431909393759823,2.282364893175504,1.2958213957836744,0,,False,overtaking,46,0.0,False,0.0,tier_b,B-08-16,BAS-OT-NC-17,176,basin,nc,on
model,overtaking,9.231064088505306,1.2645939764148457,-6.299085950554712,,,,goal,False,False,66,23.375124254515413,-62.85262288677462,40,2,0,0,8,12.295499715011857,0.19950189749301767,0.0,0.0,0.22274775663899207,0.5908970433562927,0.8521142171316965,2.6847489181425948,0.9490494401810702,0,,False,overtaking,42,0.0,False,0.0,tier_b,B-08-17,BAS-OT-NC-18,177,basin,nc,on
model,overtaking,9.31855498079544,1.3210319582406747,-1.6894524809757634,,,,goal,False,False,72,50.07481736399461,-20.599846193110974,34,6,0,0,9,3.4768870456259378,0.31130725944390836,0.0,0.0,0.41072986289227326,0.5429190448082305,0.8993964726517133,2.771379190136261,1.0210066941750078,0,,False,overtaking,53,0.0,False,0.0,tier_b,B-08-18,BAS-OT-NC-19,178,basin,nc,on
model,overtaking,9.229882434629188,1.089446271626464,3.540682633184913,,,,collision:boundary,True,False,125,-761.3188977477259,-67.53331882112786,9,8,52,0,3,0.5125276970379029,2.0420919238025963,14.61619343584212,0.0,0.5043678508746146,0.3546645609957812,0.5912738569741866,1.4394042197136911,2.430820517509642,0,,False,overtaking,52,0.0,False,0.0,tier_b,B-08-19,BAS-OT-NC-20,179,basin,nc,on
model,being_overtaken,9.273493236199498,1.8624143719013233,-8.902097191092933,,False,,goal,False,False,40,100.85333007378078,-21.993396637994785,0,0,0,18,0,0.0,0.0,0.0,5.430468305677724,0.0,0.6210704392380447,0.725614529712695,2.676646471814734,0.8363057026970578,0,,False,being_overtaken,23,0.0,False,0.0,tier_b,B-09-00,BAS-BO-CV-01,180,basin,cv,on
model,being_overtaken,9.217607022899784,1.5906365392492274,6.189092943004855,,False,,goal,False,False,57,44.57008157498187,-20.041895372974817,0,0,0,6,0,0.0,0.0,0.0,4.948616141475263,0.0,0.4225912223123817,0.7406593643009388,1.3144755419089311,0.3928798956052584,0,,False,being_overtaken,21,0.0,False,0.0,tier_b,B-09-01,BAS-BO-CV-02,181,basin,cv,on
model,being_overtaken,9.255587351263733,1.1613891645434418,-0.8352424648167727,,False,,goal,False,False,52,94.60364331071591,-22.020830044649365,0,0,0,10,0,0.0,0.0,0.0,5.437241986333178,0.0,0.4617235263105404,0.551706640940708,1.1139587969102476,0.1561083202375203,0,,False,being_overtaken,21,0.0,False,0.0,tier_b,B-09-02,BAS-BO-CV-03,182,basin,cv,on
model,being_overtaken,9.250348763135506,1.7977552113536805,-3.5475180180360333,,False,,goal,False,False,39,90.99895759187652,-38.55703884585566,0,0,0,17,0,0.0,0.0,0.0,9.811343464348155,0.0,0.6293353218613296,0.7529381068327758,2.3519360449697198,0.3313780588598074,0,,False,being_overtaken,26,0.0,False,0.0,tier_b,B-09-03,BAS-BO-CV-04,183,basin,cv,on
model,being_overtaken,9.22795648132154,1.9941677015431467,-2.3648618685453577,,False,,goal,False,False,38,108.90100733452027,-16.095628499197915,0,0,0,14,0,0.0,0.0,0.0,3.9742292590612136,0.0,0.634619510805566,0.7828333616644708,1.8642023180616667,0.06912389659451353,0,,False,being_overtaken,28,0.0,False,0.0,tier_b,B-09-04,BAS-BO-CV-05,184,basin,cv,on
model,being_overtaken,9.205422207041055,1.6404072407823604,-0.7485242194691732,,False,,goal,False,False,50,110.14913414072967,-14.047249208435957,0,0,0,10,0,0.0,0.0,0.0,3.468456594675545,0.0,0.48371867165573756,0.5476896705367437,1.4192729749118547,0.18495220406207816,0,,False,being_overtaken,22,0.0,False,0.0,tier_b,B-09-05,BAS-BO-CV-06,185,basin,cv,on
model,being_overtaken,9.231188874487815,1.340368245862548,4.823936508557827,,False,,collision:target,True,True,20,-315.8255310996416,-19.078916287617723,0,0,0,7,0,0.0,0.0,0.0,4.710843527806846,0.0,0.44759073368456814,0.5477783802751034,0.7166605553141425,0.2050428092764164,0,,False,being_overtaken,18,0.0,False,0.0,tier_b,B-09-06,BAS-BO-CV-07,186,basin,cv,on
model,being_overtaken,9.306570037248152,1.9931677532460892,-8.148925558501691,,False,,goal,False,False,37,71.63752933389344,-48.1481502971114,0,0,0,19,0,0.0,0.0,0.0,11.888432172126272,0.0,0.6555058671507256,0.7984459535194055,2.032035032165975,0.35211539721979374,0,,False,being_overtaken,31,0.0,False,0.0,tier_b,B-09-07,BAS-BO-CV-08,187,basin,cv,on
model,being_overtaken,9.31876586064638,1.8721708685827283,-2.6070181173307727,,False,,goal,False,False,41,115.8060158574769,-19.632313533635237,0,0,0,15,0,0.0,0.0,0.0,4.84748482311981,0.0,0.6057253709026342,0.7058098519039501,2.407729584363914,0.4176962049914465,0,,False,being_overtaken,22,0.0,False,0.0,tier_b,B-09-08,BAS-BO-CV-09,188,basin,cv,on
model,being_overtaken,9.249443229558986,1.9217608222226181,-7.380586831028621,,False,,goal,False,False,49,42.35414166864699,-11.816749891078288,0,0,0,4,0,0.0,0.0,0.0,2.9177160224884666,0.0,0.49184724341021036,0.6330771819103964,1.577484283850916,0.6300079060915383,0,,False,being_overtaken,15,0.0,False,0.0,tier_b,B-09-09,BAS-BO-CV-10,189,basin,cv,on
model,being_overtaken,9.203184269661492,1.843844839977306,-0.9619646850153014,,False,,goal,False,False,44,104.19802140854439,-25.53343519388126,0,0,0,13,0,0.0,0.0,0.0,6.304551899723767,0.0,0.5513461683290027,0.6885968417558483,1.544259717575922,0.22321279711838185,0,,False,being_overtaken,24,0.0,False,0.0,tier_b,B-09-10,BAS-BO-CV-11,190,basin,cv,on
model,being_overtaken,9.25307424643198,1.1108330766827545,1.607400018626592,,False,,collision:target,True,True,24,-322.03858082901604,-23.130950832563805,0,0,0,10,0,0.0,0.0,0.0,5.711345884583656,0.0,0.4368114602787217,0.5487677444799399,0.7778314395601551,0.14587543939294134,0,,False,being_overtaken,22,0.0,False,0.0,tier_b,B-09-11,BAS-BO-CV-12,191,basin,cv,on
model,being_overtaken,9.235632032674806,1.848583916571433,-0.2425773065007757,,False,,goal,False,False,39,118.95630113297898,-14.764736566636767,0,0,0,13,0,0.0,0.0,0.0,3.645613967070806,0.0,0.614590219954084,0.7114497163186985,2.4048531635915578,0.42686599285657434,0,,False,being_overtaken,28,0.0,False,0.0,tier_b,B-09-12,BAS-BO-CV-13,192,basin,cv,on
model,being_overtaken,9.200223992512747,1.8802471960490879,4.851620794650593,,False,,goal,False,False,38,116.02945652644061,-12.726728671968289,0,0,0,8,0,0.0,0.0,0.0,3.1424021412267376,0.0,0.6294143209491552,0.7304291060240538,1.9922159160744985,0.19692230826434295,0,,False,being_overtaken,24,0.0,False,0.0,tier_b,B-09-13,BAS-BO-CV-14,193,basin,cv,on
model,being_overtaken,9.226481771773116,1.5840743156666974,3.9745590510219593,,False,,collision:obstacle,True,False,13,-384.5422362196149,-11.987185638342762,0,0,0,4,0,0.0,0.0,0.0,2.9597989230475954,0.0,0.4000949091134706,0.5419694912093819,1.9287949464263507,0.16285588717021524,0,,False,being_overtaken,12,0.0,False,0.0,tier_b,B-09-14,BAS-BO-CV-15,194,basin,cv,on
model,being_overtaken,9.24882857954596,1.471695882073571,5.848713078592571,,False,,goal,False,False,40,113.56220985768789,-14.29643250698478,0,0,0,9,0,0.0,0.0,0.0,3.529983335057971,0.0,0.6103114391041876,0.7211597975090474,1.934910542054832,0.46570777468812186,0,,False,being_overtaken,22,0.0,False,0.0,tier_b,B-09-15,BAS-BO-CV-16,195,basin,cv,on
model,being_overtaken,9.2000557627246,1.3115357577179512,-3.336619991866976,,False,,goal,False,False,55,88.06944648777821,-18.230553213632497,0,0,0,11,0,0.0,0.0,0.0,4.501371163859877,0.0,0.44056435552562007,0.6030299682779088,1.1980242847715679,0.27380430818510537,0,,False,being_overtaken,25,0.0,False,0.0,tier_b,B-09-16,BAS-BO-CV-17,196,basin,cv,on
model,being_overtaken,9.206193309648413,1.6399952535113682,-8.767670035024747,,False,,goal,False,False,42,114.70497919643942,-11.213219636636733,0,0,0,6,0,0.0,0.0,0.0,2.768696206576971,0.0,0.5809765460022758,0.6975042594045809,1.5353339190877977,0.19962189868770996,0,,False,being_overtaken,16,0.0,False,0.0,tier_b,B-09-17,BAS-BO-CV-18,197,basin,cv,on
model,being_overtaken,9.212969204739892,1.89761480211908,5.806877306962388,,False,,goal,False,False,40,100.2682326553287,-19.340860383197633,0,0,0,10,0,0.0,0.0,0.0,4.7755210822710215,0.0,0.597410711381145,0.7966192615712206,1.6410054997906225,0.09593912192458678,0,,False,being_overtaken,22,0.0,False,0.0,tier_b,B-09-18,BAS-BO-CV-19,198,basin,cv,on
model,being_overtaken,9.241544285848647,1.3128118964065598,-3.848274730984212,,False,,goal,False,False,41,119.11948250320519,-7.870048117834159,0,0,0,6,0,0.0,0.0,0.0,1.943221757489916,0.0,0.5972844458307105,0.7438210002880516,1.5346959458927363,0.38303127907898443,0,,False,being_overtaken,18,0.0,False,0.0,tier_b,B-09-19,BAS-BO-CV-20,199,basin,cv,on
model,being_overtaken,9.299183658994504,1.773151827696595,-1.6900412891160776,,False,,goal,False,False,43,11.982530408411947,-21.244456046268354,0,0,0,9,0,0.0,0.0,0.0,5.2455447027823086,0.0,0.5937760390603825,0.7171654004284458,2.8531561997357313,1.1287320236678635,0,,False,being_overtaken,12,0.0,False,0.0,tier_b,B-10-00,BAS-BO-RE-01,200,basin,re,on
model,being_overtaken,9.208428406002529,1.8002544236295193,-7.975902988781078,,False,,goal,False,False,37,96.53284024807988,-25.677467580705343,0,0,0,15,0,0.0,0.0,0.0,6.34011545202601,0.0,0.6525079961899615,0.7903259423320278,2.3326647012712214,0.11745115923139238,0,,False,being_overtaken,27,0.0,False,0.0,tier_b,B-10-01,BAS-BO-RE-02,201,basin,re,on
model,being_overtaken,9.200097472568554,1.7443342445294665,9.875833022670356,,False,,collision:obstacle,True,False,8,-342.00024827064294,-11.910952469039445,0,0,0,6,0,0.0,0.0,0.0,2.940975918281344,0.0,0.4645401713813854,0.5462533743801264,4.243728268364286,0.09684284039235233,0,,False,being_overtaken,6,0.0,False,0.0,tier_b,B-10-02,BAS-BO-RE-03,202,basin,re,on
model,being_overtaken,9.302207649734385,1.777266012011609,-9.931571327253923,,False,,goal,False,False,42,109.30385488828018,-18.781685187607483,0,0,0,13,0,0.0,0.0,0.0,4.637453132742589,0.0,0.5854825014176382,0.7491209124162712,1.6588010885375042,0.29986033872701734,0,,False,being_overtaken,23,0.0,False,0.0,tier_b,B-10-03,BAS-BO-RE-04,203,basin,re,on
model,being_overtaken,9.444761284079842,1.3087089012898345,4.681091863494736,,False,,goal,False,False,39,103.27485541288551,-28.336844872452584,0,0,0,14,0,0.0,0.0,0.0,6.996751820358663,0.0,0.6409164058681797,0.7587954192635172,2.4501788110853098,0.07775585058804912,0,,False,being_overtaken,19,0.0,False,0.0,tier_b,B-10-04,BAS-BO-RE-05,204,basin,re,on
model,being_overtaken,9.214925193316624,1.1701787995312543,-1.3084080958413722,,False,,goal,False,False,39,112.12707879959146,-13.515607942480866,0,0,0,7,0,0.0,0.0,0.0,3.337187146291572,0.0,0.6219280155109294,0.7391617680070827,1.7279072580088288,0.2659923781246596,0,,False,being_overtaken,18,0.0,False,0.0,tier_b,B-10-05,BAS-BO-RE-06,205,basin,re,on
model,being_overtaken,9.345445770673976,1.4379363850772926,4.981252912227472,,False,,goal,False,False,39,72.90486242769961,-56.307453306169165,0,0,0,15,0,0.0,0.0,0.0,13.903074890412139,0.0,0.6361922082859497,0.7350025644577733,2.5160143130591677,0.11622048075068708,0,,False,being_overtaken,22,0.0,False,0.0,tier_b,B-10-06,BAS-BO-RE-07,206,basin,re,on
model,being_overtaken,9.322783768923756,1.5358173143953697,3.367055013572058,,False,,goal,False,False,40,104.76318369064442,-12.481308178903957,0,0,0,14,0,0.0,0.0,0.0,3.0818044886182605,0.0,0.6233715671374687,0.8303189564345085,1.7971349570452506,0.10108631112342226,0,,False,being_overtaken,22,0.0,False,0.0,tier_b,B-10-07,BAS-BO-RE-08,207,basin,re,on
model,being_overtaken,9.201314005451428,1.9971843329164898,9.00989998728025,,False,,goal,False,False,40,112.16976790685797,-9.035725954361313,0,0,0,10,0,0.0,0.0,0.0,2.231043445521312,0.0,0.6033880940519578,0.7908031084609799,1.8598919616247276,0.18509029061069684,0,,False,being_overtaken,21,0.0,False,0.0,tier_b,B-10-08,BAS-BO-RE-09,208,basin,re,on
model,being_overtaken,9.20072806159274,1.54947173218287,4.609127711992633,,False,,goal,False,False,38,102.60103266587714,-31.310781387433238,0,0,0,20,0,0.0,0.0,0.0,7.731057132699563,0.0,0.6324814366878687,0.7487740669835591,2.4306949032224927,0.19135085965875512,0,,False,being_overtaken,26,0.0,False,0.0,tier_b,B-10-09,BAS-BO-RE-10,209,basin,re,on
model,being_overtaken,9.21645897876405,1.9690709051734863,1.176519119898927,,False,,goal,False,False,40,117.55372246975278,-9.53418376094491,0,0,0,11,0,0.0,0.0,0.0,2.354119447146891,0.0,0.6027311904073049,0.7691513785517298,1.837385896383702,0.19558539464985306,0,,False,being_overtaken,25,0.0,False,0.0,tier_b,B-10-10,BAS-BO-RE-11,210,basin,re,on
model,being_overtaken,9.306207621915819,1.954788173821367,9.561566394234376,,False,,goal,False,False,43,8.8498780273882,-15.561961379008082,0,0,0,9,0,0.0,0.0,0.0,3.842459599755082,0.0,0.5790840996216599,0.8028687474415334,1.6361640555902726,0.6316337855888706,0,,False,being_overtaken,22,0.0,False,0.0,tier_b,B-10-11,BAS-BO-RE-12,211,basin,re,on
model,being_overtaken,9.201269707763343,1.7772566114764492,-9.49576632141824,,False,,goal,False,False,44,-21.597611734202502,-55.695294965619176,0,0,0,13,0,0.0,0.0,0.0,13.751924682868934,0.0,0.5631632214715298,0.7753571399564066,1.8198146513802518,0.7846952850873774,0,,False,being_overtaken,27,0.0,False,0.0,tier_b,B-10-12,BAS-BO-RE-13,212,basin,re,on
model,being_overtaken,9.20007231710936,1.5173470694376623,-5.727268467660743,,False,,goal,False,False,39,118.64308941715545,-12.459461660359954,0,0,0,8,0,0.0,0.0,0.0,3.0764102865086307,0.0,0.6153835076003036,0.7213651313735259,2.068159913005841,0.30666168618581896,0,,False,being_overtaken,16,0.0,False,0.0,tier_b,B-10-13,BAS-BO-RE-14,213,basin,re,on
model,being_overtaken,9.205150564445342,1.294253026574379,2.488002109063279,,False,,goal,False,False,44,122.76698845150598,-7.492779163373147,0,0,0,8,0,0.0,0.0,0.0,1.8500689292279375,0.0,0.5445875399127775,0.6363700330600698,1.4348309449639043,0.22704983682546243,0,,False,being_overtaken,18,0.0,False,0.0,tier_b,B-10-14,BAS-BO-RE-15,214,basin,re,on
model,being_overtaken,9.313661266320532,1.7903252631685758,-5.8123145075739835,,False,,collision:target,True,True,22,-310.8616683126371,-24.590164510053654,0,0,0,10,0,0.0,0.0,0.0,6.071645558037939,0.0,0.5078608403276331,0.5843607536324431,1.438767830512599,0.2357388069366754,0,,False,being_overtaken,21,0.0,False,0.0,tier_b,B-10-15,BAS-BO-RE-16,215,basin,re,on
model,being_overtaken,9.326073276028978,1.2655496033418419,2.743333719372105,,False,,goal,False,False,40,28.692361390794716,-13.448115509189568,0,0,0,6,0,0.0,0.0,0.0,3.320522347948042,0.0,0.6119133338997325,0.7361186909480274,2.336497693022982,0.6687051622189802,0,,False,being_overtaken,15,0.0,False,0.0,tier_b,B-10-16,BAS-BO-RE-17,216,basin,re,on
model,being_overtaken,9.205824497383704,1.8152384603032226,0.838151042915797,,False,,goal,False,False,38,108.66340667019136,-16.474612482803742,0,0,0,11,0,0.0,0.0,0.0,4.067805551309566,0.0,0.6426648510084938,0.7781763403180229,2.1334185718446013,0.11761934514297966,0,,False,being_overtaken,19,0.0,False,0.0,tier_b,B-10-17,BAS-BO-RE-18,217,basin,re,on
model,being_overtaken,9.20054983344852,1.5415350386735858,5.016089318996162,,False,,goal,False,False,41,109.86423748293605,-20.837360367220956,0,0,0,15,0,0.0,0.0,0.0,5.145027251165668,0.0,0.5932478716512637,0.7549214314950728,1.667941998208544,0.18147353178901018,0,,False,being_overtaken,24,0.0,False,0.0,tier_b,B-10-18,BAS-BO-RE-19,218,basin,re,on
model,being_overtaken,9.207597434000661,1.8315257360462056,-4.576958939054121,,False,,goal,False,False,37,24.7915709831657,-91.65458428781685,0,0,0,25,0,0.0,0.0,0.0,23.953316062993615,0.0,0.6526366031791042,0.8468487891686919,2.1866252447997754,0.33432578795119605,0,,False,being_overtaken,30,0.0,False,0.0,tier_b,B-10-19,BAS-BO-RE-20,219,basin,re,on
model,being_overtaken,9.236527995337298,1.1519614688414712,-2.2195555121721178,,False,,collision:obstacle,True,False,15,-359.0615846849159,-19.355706176236232,0,0,0,8,0,0.0,0.0,0.0,4.7791867101817855,0.0,0.40385838158883886,0.5427718880130418,2.3263174144426992,0.14734590660625377,0,,False,being_overtaken,14,0.0,False,0.0,tier_b,B-11-00,BAS-BO-NC-01,220,basin,nc,on
model,being_overtaken,9.23433805559084,1.622927630240563,-4.373363126865904,,False,,goal,False,False,42,93.12567880706486,-41.285083098427094,0,0,0,18,0,0.0,0.0,0.0,10.193847678623973,0.0,0.5746279461982908,0.7115350272023302,1.61595563423223,0.0929436326144639,0,,False,being_overtaken,30,0.0,False,0.0,tier_b,B-11-01,BAS-BO-NC-02,221,basin,nc,on
model,being_overtaken,9.201707197154533,1.4145163420230074,-5.7891424804659275,,False,,collision:target,True,True,29,-315.1609592525281,-27.38164618977563,0,0,0,13,0,0.0,0.0,0.0,6.76090029377176,0.0,0.48419304896730664,0.5467656791000208,1.2303472276444467,0.28665489510218073,0,,False,being_overtaken,28,0.0,False,0.0,tier_b,B-11-02,BAS-BO-NC-03,222,basin,nc,on
model,being_overtaken,9.322281665781562,1.755871175235038,1.8276934949897257,,False,,goal,False,False,43,124.8182313351814,-8.12280017434142,0,0,0,7,0,0.0,0.0,0.0,2.0056296726768936,0.0,0.5789275045302867,0.6834180943498598,1.6586068644392489,0.32897635474011716,0,,False,being_overtaken,18,0.0,False,0.0,tier_b,B-11-03,BAS-BO-NC-04,223,basin,nc,on
model,being_overtaken,9.233130278985481,1.5192526816727558,3.4855574671074336,,False,,goal,False,False,44,116.71717560260143,-13.143515295373133,0,0,0,6,0,0.0,0.0,0.0,3.2453124186106495,0.0,0.5514218542783973,0.6624774411330929,1.3120817391159787,0.27151811069074766,0,,False,being_overtaken,19,0.0,False,0.0,tier_b,B-11-04,BAS-BO-NC-05,224,basin,nc,on
model,being_overtaken,9.328713025918816,1.700483358405682,7.3105569812825415,,False,,goal,False,False,59,72.50853004519571,-27.887079834516488,0,0,0,14,0,0.0,0.0,0.0,6.885698724571972,0.0,0.4143841137077634,0.5503026576559817,1.0373544148633878,0.5045072143088525,0,,False,being_overtaken,24,0.0,False,0.0,tier_b,B-11-05,BAS-BO-NC-06,225,basin,nc,on
model,being_overtaken,9.452026588751458,1.680421345776952,-8.856849843423404,,False,,goal,False,False,43,109.35351501212439,-20.138804658876644,0,0,0,10,0,0.0,0.0,0.0,4.972544360216455,0.0,0.5829536722186937,0.7091554193801088,1.8872121611677626,0.5964654451059751,0,,False,being_overtaken,18,0.0,False,0.0,tier_b,B-11-06,BAS-BO-NC-07,226,basin,nc,on
model,being_overtaken,9.202024764188364,1.56702171598217,7.263154250248537,,False,,goal,False,False,41,98.59955286132133,-32.130323408238255,0,0,0,11,0,0.0,0.0,0.0,7.933413187219322,0.0,0.5850921501473968,0.6751300074443273,1.929006822265491,0.3742579848233989,0,,False,being_overtaken,23,0.0,False,0.0,tier_b,B-11-07,BAS-BO-NC-08,227,basin,nc,on
model,being_overtaken,9.205580976620242,1.9692399546351242,8.024768894352754,,False,,goal,False,False,38,102.3287987655444,-20.480644739805587,0,0,0,17,0,0.0,0.0,0.0,5.056949318470516,0.0,0.6379449826214457,0.7321289910492509,2.7396636464782684,0.841564778117183,0,,False,being_overtaken,23,0.0,False,0.0,tier_b,B-11-08,BAS-BO-NC-09,228,basin,nc,on
model,being_overtaken,9.316795130165278,1.714406399088104,-3.4209535335938774,,False,,goal,False,False,41,117.32516731152548,-7.501240260731979,0,0,0,10,0,0.0,0.0,0.0,1.8521580890696243,0.0,0.6039381620333606,0.7180192613823894,1.7382691389360527,0.2556586404179192,0,,False,being_overtaken,22,0.0,False,0.0,tier_b,B-11-09,BAS-BO-NC-10,229,basin,nc,on
model,being_overtaken,9.200443326565946,1.457454310852382,-0.08477589960005005,,False,,goal,False,False,43,112.92193138193213,-14.906440908670593,0,0,0,7,0,0.0,0.0,0.0,3.6806026934989116,0.0,0.5639751972380603,0.6887588665909751,1.636533632949995,0.29010606543293005,0,,False,being_overtaken,17,0.0,False,0.0,tier_b,B-11-10,BAS-BO-NC-11,230,basin,nc,on
model,being_overtaken,9.206488158792665,1.249139189269402,-1.8360824900204662,,False,,goal,False,False,50,108.73507553699477,-13.45503388273114,0,0,0,5,0,0.0,0.0,0.0,3.3222305883286762,0.0,0.4905610982769032,0.6394364229192449,1.181668285472268,0.19599601906683023,0,,False,being_overtaken,21,0.0,False,0.0,tier_b,B-11-11,BAS-BO-NC-12,231,basin,nc,on
model,being_overtaken,9.201817379891112,1.5868221001976754,-6.447278365339926,,False,,goal,False,False,42,95.36616501426025,-36.43372282097647,0,0,0,17,0,0.0,0.0,0.0,9.507594164527365,0.0,0.5726669552218336,0.704431159207955,1.6931645874107537,0.12682903838525902,0,,False,being_overtaken,27,0.0,False,0.0,tier_b,B-11-12,BAS-BO-NC-13,232,basin,nc,on
model,being_overtaken,9.265928733697365,1.9149018015905381,7.536306606785324,,False,,goal,False,False,41,97.70164568763818,-20.58262435821488,0,0,0,9,0,0.0,0.0,0.0,5.082129471164168,0.0,0.5973775265744229,0.7639759752143219,1.602525616524228,0.14292095976021807,0,,False,being_overtaken,19,0.0,False,0.0,tier_b,B-11-13,BAS-BO-NC-14,233,basin,nc,on
model,being_overtaken,9.207812378871468,1.6182907081800413,-6.38840641167887,,False,,goal,False,False,42,109.03137549364337,-19.507753911261062,0,0,0,11,0,0.0,0.0,0.0,4.8167293608051995,0.0,0.581506973974106,0.719589965630521,1.7807397989697853,0.34769867987825953,0,,False,being_overtaken,21,0.0,False,0.0,tier_b,B-11-14,BAS-BO-NC-15,234,basin,nc,on
model,being_overtaken,9.211086699764161,1.9390273205707047,-4.564300457657893,,False,,goal,False,False,54,64.57381397472923,-11.531228047140036,0,0,0,6,0,0.0,0.0,0.0,2.847216801762972,0.0,0.4531721699490315,0.5459919210840096,1.4293472796526787,0.3739364739644055,0,,False,being_overtaken,17,0.0,False,0.0,tier_b,B-11-15,BAS-BO-NC-16,235,basin,nc,on
model,being_overtaken,9.221168572677229,1.4296023952972596,5.560865880555664,,False,,goal,False,False,55,84.37381474709156,-21.957920574593125,0,0,0,8,0,0.0,0.0,0.0,5.421708783850153,0.0,0.43587124852473974,0.5869878226353116,1.0565769334866315,0.1987115788996174,0,,False,being_overtaken,21,0.0,False,0.0,tier_b,B-11-16,BAS-BO-NC-17,236,basin,nc,on
model,being_overtaken,9.414002768205252,1.9348715131238956,-1.7154115817046645,,False,,goal,False,False,38,81.4366409013986,-31.78748373971301,0,0,0,18,0,0.0,0.0,0.0,7.848761417213088,0.0,0.6576223009881452,0.8714853587687231,2.4592923037724286,0.4082220681101625,0,,False,being_overtaken,29,0.0,False,0.0,tier_b,B-11-17,BAS-BO-NC-18,237,basin,nc,on
model,being_overtaken,9.238161656216223,1.8510050629498667,-9.690422423163461,,False,,goal,False,False,44,124.30734922388127,-5.2251721450125235,0,0,0,4,0,0.0,0.0,0.0,1.2901659617314873,0.0,0.547742581690954,0.6318363360343129,1.825424765825032,0.37533978843966503,0,,False,being_overtaken,17,0.0,False,0.0,tier_b,B-11-18,BAS-BO-NC-19,238,basin,nc,on
model,being_overtaken,9.203283790009097,1.976876814721316,4.232526013512521,,False,,goal,False,False,39,111.69872365202006,-8.45268708122489,0,0,0,11,0,0.0,0.0,0.0,2.0870832299320714,0.0,0.6252168808854542,0.8354979531446002,1.7211803304387634,0.15777211755292178,0,,False,being_overtaken,23,0.0,False,0.0,tier_b,B-11-19,BAS-BO-NC-20,239,basin,nc,on
model,null,9.30488348176209,9.029598896143826,4.158090470612009,,,,goal,False,False,74,34.6248349639491,0.0,0,0,0,0,0,0.0,0.0,0.0,0.0,0.0,0.5285059881796473,0.6310204712957329,9.03941272159307,1.8105176766759619,0,,False,never,0,0.0,False,0.0,tier_b,B-12-00,BAS-NU-CV-01,240,basin,cv,on
model,null,9.201207339727501,12.460169344808639,8.413048248032709,,,,goal,False,False,67,55.26191978814945,0.0,0,0,0,0,0,0.0,0.0,0.0,0.0,0.0,0.5886607465283125,0.7699115798827396,12.173823079507265,1.698551630068236,0,,False,never,0,0.0,False,0.0,tier_b,B-12-01,BAS-NU-CV-02,241,basin,cv,on
model,null,9.240832309787862,8.327858718555156,-8.618871375233892,,,,goal,False,False,59,92.4560740432349,-42.37749950167293,24,6,11,0,0,6.242972493748805,0.7591367790497995,2.14362738925551,0.0,0.0,0.6492155028244161,0.7513649292239495,3.8893999181429426,0.16726505338071262,0,,False,overtaking,26,0.0,False,0.0,tier_b,B-12-02,BAS-NU-CV-03,242,basin,cv,on
model,null,9.209613430807394,0.40903770566682673,-4.006128619525182,,,,goal,False,False,62,151.9340968967627,0.0,0,0,0,0,0,0.0,0.0,0.0,0.0,0.0,0.6134680833135416,0.6615961448646295,7.624604140297754,0.09345762783321444,0,,False,never,0,0.0,False,0.0,tier_b,B-12-03,BAS-NU-CV-04,243,basin,cv,on
model,null,9.222222692405213,6.427816235372899,4.135813535926339,,,,goal,False,False,60,134.65944164413943,0.0,0,0,0,0,0,0.0,0.0,0.0,0.0,0.0,0.6310843595052301,0.6771503564696757,6.561900171966061,0.4698487560830562,0,,False,never,0,0.0,False,0.0,tier_b,B-12-04,BAS-NU-CV-05,244,basin,cv,on
model,null,9.207109273635014,8.286866095533389,-6.539628900567138,,,,goal,False,False,72,33.8726003361557,0.0,0,0,0,0,0,0.0,0.0,0.0,0.0,0.0,0.5531560097996243,0.6757846543959137,8.463890850248962,1.7017300739984063,0,,False,never,0,0.0,False,0.0,tier_b,B-12-05,BAS-NU-CV-06,245,basin,cv,on
model,null,9.211675845089818,0.5917051485899124,-0.737576121396458,,,,goal,False,False,71,48.766297662522696,0.0,0,0,0,0,0,0.0,0.0,0.0,0.0,0.0,0.553721230385213,0.7030256521370168,8.684582468461366,1.4221563010991507,0,,False,never,0,0.0,False,0.0,tier_b,B-12-06,BAS-NU-CV-07,246,basin,cv,on
model,null,9.216234127179748,5.343295000181682,-0.17925530452670024,,,,collision:obstacle,True,False,17,-341.9182470975636,0.0,0,0,0,0,0,0.0,0.0,0.0,0.0,0.0,0.42519703826680594,0.5441154050939375,8.084794416430976,0.1970297580126366,0,,False,never,0,0.0,False,0.0,tier_b,B-12-07,BAS-NU-CV-08,247,basin,cv,on
model,null,9.247723476290856,8.897409741494434,-9.370052266913786,,,,goal,False,False,66,84.56852872378181,0.0,0,0,0,0,0,0.0,0.0,0.0,0.0,0.0,0.5894165402483575,0.6911907559788576,8.679377269233482,1.0195795129207592,0,,False,never,0,0.0,False,0.0,tier_b,B-12-08,BAS-NU-CV-09,248,basin,cv,on
model,null,9.202798325012864,6.174447797492404,1.5770474796407985,,,,goal,False,False,55,126.4359189401676,0.0,0,0,0,0,0,0.0,0.0,0.0,0.0,0.0,0.6902664909736616,0.7428499021488376,6.039419151642309,0.22276806684710246,0,,False,never,0,0.0,False,0.0,tier_b,B-12-09,BAS-NU-CV-10,249,basin,cv,on
model,null,9.245421973273926,3.218655129061905,4.109816038650964,,,,goal,False,False,60,127.91777885917764,-13.890484165349793,7,0,9,0,0,0.813060105233645,0.0,2.7405101790120145,0.0,0.0,0.6401483431052811,0.7295799497051028,5.576120009143986,0.1470397568138014,0,,False,overtaking,20,0.0,False,0.0,tier_b,B-12-10,BAS-NU-CV-11,250,basin,cv,on
model,null,9.364386760114982,6.942946008668546,3.3036720105717627,,,,goal,False,False,61,91.10058465909856,0.0,0,0,0,0,0,0.0,0.0,0.0,0.0,0.0,0.6386455977031731,0.7256424578506855,9.184258337993132,1.1203774022940038,0,,False,never,0,0.0,False,0.0,tier_b,B-12-11,BAS-NU-CV-12,251,basin,cv,on
model,null,9.42218824429176,3.2108681814983844,-0.048693184906657194,,,,goal,False,False,66,108.54080105305408,-36.525481835152604,23,3,11,0,0,5.039637317038146,0.08353260632978193,3.1016085318003794,0.0,0.0,0.5902916610276707,0.6842908122675764,3.8612580001815986,0.15639946091673929,0,,False,overtaking,31,0.0,False,0.0,tier_b,B-12-12,BAS-NU-CV-13,252,basin,cv,on
model,null,9.211658850794736,9.995008443511558,-5.20652939404465,,,,goal,False,False,62,96.11792241354851,0.0,0,0,0,0,0,0.0,0.0,0.0,0.0,0.0,0.617602218530983,0.7674539757684331,9.401845460078011,1.0027598759283207,0,,False,never,0,0.0,False,0.0,tier_b,B-12-13,BAS-NU-CV-14,253,basin,cv,on
model,null,9.23773615674578,3.081336877306396,-4.5449172070392745,,,,goal,False,False,64,90.5162298160027,0.0,0,0,0,0,0,0.0,0.0,0.0,0.0,0.0,0.6026784252122551,0.7236126007135757,8.357554679462787,1.1047048427237398,0,,False,never,0,0.0,False,0.0,tier_b,B-12-14,BAS-NU-CV-15,254,basin,cv,on
model,null,9.201136240571582,4.313634398625434,-0.0067703474592111235,,,,goal,False,False,63,63.92119142874835,0.0,0,0,0,0,0,0.0,0.0,0.0,0.0,0.0,0.6161835175930253,0.708576403167096,8.916800415105161,0.9895069487859148,0,,False,never,0,0.0,False,0.0,tier_b,B-12-15,BAS-NU-CV-16,255,basin,cv,on
model,null,9.225547056701245,2.858630262586399,-5.1636294285445095,,,,goal,False,False,54,115.66578406285755,-0.8814117375657082,4,0,1,0,0,0.09107338682288714,0.0,0.11961068688678245,0.0,0.0,0.7042571206214499,0.7965594790314202,5.580884229820433,0.1540239037749914,0,,False,overtaking,4,0.0,False,0.0,tier_b,B-12-16,BAS-NU-CV-17,256,basin,cv,on
model,null,9.376183095992205,9.235585421155367,-5.118675898826918,,,,goal,False,False,66,65.43354633050285,0.0,0,0,0,0,0,0.0,0.0,0.0,0.0,0.0,0.5943076653661142,0.7838532684408519,7.964099251775325,0.8938605846438774,0,,False,never,0,0.0,False,0.0,tier_b,B-12-17,BAS-NU-CV-18,257,basin,cv,on
model,null,9.230167988731292,8.505493054128213,9.616393634029187,,,,goal,False,False,65,72.31777694526427,0.0,0,0,0,0,0,0.0,0.0,0.0,0.0,0.0,0.5976734434167095,0.7561367631985486,8.162506857732838,0.9526121649278932,0,,False,never,0,0.0,False,0.0,tier_b,B-12-18,BAS-NU-CV-19,258,basin,cv,on
model,null,9.201400279328713,4.479439535546382,-7.028370133961028,,,,goal,False,False,65,88.98477945627741,-10.97889623055449,10,0,11,0,0,0.7191396880161478,0.0,2.060876326354044,0.0,0.0,0.590413569625206,0.7080186719750767,5.502490451571879,1.3403224037136128,0,,False,overtaking,19,0.0,False,0.0,tier_b,B-12-19,BAS-NU-CV-20,259,basin,cv,on
model,head_on,10.0,0.00931436728676327,172.92164482322224,,,,collision:target,True,True,29,-323.4182723721942,-10.72456388862469,0,0,13,0,7,0.0,0.0,1.4971456806433534,0.0,1.185519875179693,0.4002411941422319,0.556451687830276,1.3054504445344295,0.21172156946056964,0,,False,head_on,25,0.0,False,0.0,tier_b,B-13-00,CH-HO-CV-01,260,channel,cv,on
model,head_on,10.059171772780646,0.3752576619067185,184.77878356541342,,,,goal,False,False,71,52.29863993313201,-4.6359300555163125,1,2,0,0,3,0.09247006037177138,0.14522718225280332,0.0,0.0,0.7687397121165929,0.5472049034875027,0.7765276371479165,1.7338575626558255,1.6724873395176398,0,,False,crossing,10,0.0,False,0.0,tier_b,B-13-01,CH-HO-CV-02,261,channel,cv,on
model,head_on,9.999834710447196,1.3278886192114847,171.2735525454521,,,,goal,False,False,67,106.46915646837981,-34.563389863532386,16,0,0,0,15,2.2137854796624823,0.0,0.0,0.0,5.2455892753784665,0.5648756849724798,0.658944136217639,1.5321046763592923,0.28393129647469995,0,,False,crossing,16,1.0,True,0.0,tier_b,B-13-02,CH-HO-CV-03,262,channel,cv,on
model,head_on,10.545877491142406,1.1416032654645767,187.85806553712405,,,,goal,False,False,64,117.36385981727729,-2.699648254862526,6,1,0,0,3,0.30265983723804835,0.003215150606211751,0.0,0.0,0.26345934778520863,0.5960943587949145,0.7329781705066072,2.440578647108964,1.230839014228127,0,,False,crossing,7,0.0,False,0.0,tier_b,B-13-03,CH-HO-CV-04,263,channel,cv,on
model,head_on,9.77535647814006,1.6290956832097379,182.12356767063324,,,,goal,False,False,74,54.02216433942162,-29.53079751224011,16,0,0,0,3,5.00872909601971,0.0,0.0,0.0,1.0527974415427876,0.5087821787268455,0.7217676390393638,1.2279458999227928,0.27737354963525734,0,,False,crossing,23,0.0,False,0.0,tier_b,B-13-04,CH-HO-CV-05,264,channel,cv,on
model,head_on,10.425028738484688,1.7045079492164315,170.20835134101517,,,,collision:target,True,True,30,-331.16669404664174,-19.90267588732699,0,0,21,0,2,0.0,0.0,5.250719832386281,0.0,0.22224099794141722,0.43769988990401704,0.5502784421088281,1.2195348150552436,0.38728775377125074,0,,False,head_on,23,0.0,False,0.0,tier_b,B-13-05,CH-HO-CV-06,265,channel,cv,on
model,head_on,10.52627095569866,1.0043922090426631,188.73896204479345,,,,goal,False,False,65,66.69165155010349,-79.50720892927309,16,0,29,0,26,4.69619673263825,0.0,9.344916511533317,0.0,5.02651903582085,0.5782730569692713,0.6733558011984537,1.6275073596256904,0.5671667034734446,0,,False,head_on,30,0.0,False,0.0,tier_b,B-13-06,CH-HO-CV-07,266,channel,cv,on
model,head_on,9.896845584859838,0.7789071391158584,177.23586641605198,,,,goal,False,False,63,83.49210940398069,-28.847218941903257,11,0,13,0,8,1.1985169742629607,0.0,4.5845475516227605,0.0,1.4244863852132579,0.6115406982976067,0.7552369164536973,1.8551089209995497,1.1394293274406715,0,,False,head_on,13,0.0,False,0.0,tier_b,B-13-07,CH-HO-CV-08,267,channel,cv,on
model,head_on,10.388198972718326,1.1385031740092308,183.54460886108745,,,,goal,False,False,64,136.7612810882215,-7.378427410290591,3,0,1,0,9,0.33123556768001144,0.0,0.12502244720432934,0.0,1.1752734534086549,0.5952288271465249,0.6644736147412146,1.987279859757107,0.7934427260787767,0,,False,head_on,25,0.0,False,0.0,tier_b,B-13-08,CH-HO-CV-09,268,channel,cv,on
model,head_on,9.999999999999998,0.13619639754887092,170.06855478210497,,,,collision:target,True,True,27,-325.88162188168906,-25.03421863664662,11,0,12,0,14,1.953927499637622,0.0,1.5788455883582857,0.0,2.15076297674457,0.45072500645824254,0.5658820674712968,1.8897812709923527,0.1220936706023197,0,,False,head_on,25,0.0,False,0.0,tier_b,B-13-09,CH-HO-CV-10,269,channel,cv,on
model,head_on,9.551854016998181,0.7728161262860731,179.09089019027329,,,,goal,False,False,66,136.72775399654688,-5.978100766047465,2,0,0,0,10,0.22949538961937926,0.0,0.0,0.0,1.0760219083181195,0.5777548528118482,0.6511392691915673,1.4012444075217991,0.5473983800147882,0,,False,head_on,26,0.0,False,0.0,tier_b,B-13-10,CH-HO-CV-11,270,channel,cv,on
model,head_on,9.999999999999998,1.1137334799026584,174.73030194178168,,,,goal,False,False,63,139.98780519237138,-4.464701065644574,3,0,0,0,6,0.20830739472911336,0.0,0.0,0.0,0.7630176581634364,0.5983863143445485,0.6595294147659153,1.9018987030105847,0.6245697865207936,0,,False,head_on,23,0.0,False,0.0,tier_b,B-13-11,CH-HO-CV-12,271,channel,cv,on
model,head_on,10.126272489585286,0.12605959202256845,188.6229728218304,,,,collision:target,True,True,31,-363.4615063128599,-68.1781431799163,13,0,20,0,20,5.45409914198496,0.0,3.3428515065624813,0.0,6.476908222992406,0.4764024431618194,0.598452676508682,1.0301267741777347,0.26567333302682455,0,,False,head_on,22,0.0,False,0.0,tier_b,B-13-12,CH-HO-CV-13,272,channel,cv,on
model,head_on,9.877943889469828,0.36515359016788373,172.88190679872173,,,,goal,False,False,68,42.034877157451525,-76.76433736335676,21,0,27,0,19,7.899622819436942,0.0,6.660039195695186,0.0,3.041125178364721,0.560306777011294,0.6877595085454716,1.3974638761652667,0.9193283114492252,0,,False,head_on,28,0.0,False,0.0,tier_b,B-13-13,CH-HO-CV-14,273,channel,cv,on
model,head_on,10.504926515687824,0.9878604659530814,182.72415701983988,,,,goal,False,False,62,85.77182023984562,-62.81259179438152,11,0,27,0,22,2.556207783985981,0.0,8.968326502967601,0.0,3.9718639673261227,0.6084863718193564,0.6926977673459543,1.9717994892214896,0.7592247246516212,0,,False,head_on,27,0.0,False,0.0,tier_b,B-13-14,CH-HO-CV-15,274,channel,cv,on
model,head_on,9.62927120424069,0.2137344018169236,176.57058070091435,,,,goal,False,False,72,112.01395472030032,-3.7170657152180673,4,0,2,0,6,0.26099416872860143,0.0,0.36458453630830356,0.0,0.2472533887336883,0.5244507331865711,0.6624000708806457,1.0434326955658184,0.7201865800948805,0,,False,head_on,33,0.0,False,0.0,tier_b,B-13-15,CH-HO-CV-16,275,channel,cv,on
model,head_on,10.0,0.7418034567997758,173.56514030665667,,,,goal,False,False,68,9.623756967517494,-91.4076577203368,18,0,26,0,21,7.718290143174265,0.0,8.004749041088331,0.0,5.418894436379151,0.5619950297994564,0.7511257872736125,1.7118053886493607,1.2490313563187867,0,,False,head_on,26,0.0,False,0.0,tier_b,B-13-16,CH-HO-CV-17,276,channel,cv,on
model,head_on,10.109883335322804,1.2897092942477535,189.37937031159942,,,,goal,False,False,106,-173.54183299112958,-5.2300497253089935,0,0,1,0,9,0.0,0.0,0.2425278345784699,0.0,0.9682110046281115,0.38856012212669383,0.5573514377118942,1.8813301083889384,2.0321363570454274,0,,False,head_on,28,0.0,False,0.0,tier_b,B-13-17,CH-HO-CV-18,277,channel,cv,on
model,head_on,9.61271260132656,1.5173877853956683,177.20450553536722,,,,collision:target,True,True,30,-330.8787308139651,-17.657239288082458,0,0,23,0,4,0.0,0.0,4.526861455177212,0.0,0.3023417887654437,0.41186807315442464,0.6114484664434955,1.7263733090414541,0.439621882309586,0,,False,head_on,27,0.0,False,0.0,tier_b,B-13-18,CH-HO-CV-19,278,channel,cv,on
model,head_on,10.2996986482426,1.9516769861004355,179.43432823982928,,,,collision:obstacle,True,False,50,-347.2478953452819,-10.400733212952778,13,0,0,0,12,0.9980787556630502,0.0,0.0,0.0,1.2133874160934843,0.4600988532340194,0.5717880293036213,2.296011298038521,0.3166780626638007,0,,False,crossing,25,1.0,True,0.0,tier_b,B-13-19,CH-HO-CV-20,279,channel,cv,on
model,head_on,9.89111560986647,1.6384062829391792,171.96719211754183,,,,goal,False,False,85,-180.93812812475295,-57.24029665515654,30,0,0,0,1,11.445798403867903,0.0,0.0,0.0,0.12968767911342766,0.4773500101851994,0.6045932290667193,2.6458109201952644,1.901585972402441,0,,False,crossing,30,1.0,True,0.0,tier_b,B-13-20,CH-HO-CV-21,280,channel,cv,on
model,head_on,9.837127223228219,0.2748247519765272,188.54068354434628,,,,collision:target,True,True,27,-326.33567102065604,-28.366616595336072,16,0,2,0,7,4.287765474403454,0.0,0.36190557269097184,0.0,1.2976260967447717,0.46431389173478194,0.557584965144229,1.832677491237548,0.08149958664038852,0,,False,head_on,23,0.0,False,0.0,tier_b,B-13-21,CH-HO-CV-22,281,channel,cv,on
model,head_on,9.85355141636039,0.19375345264545119,180.92240954271725,,,,goal,False,False,64,104.05092822407742,0.0,0,0,0,0,0,0.0,0.0,0.0,0.0,0.0,0.5963252945463864,0.7800451928846632,1.5154266551628113,1.2067198569660653,0,,False,never,0,0.0,False,0.0,tier_b,B-13-22,CH-HO-CV-23,282,channel,cv,on
model,head_on,10.09933284722603,0.20116091432609529,188.28305490068172,,,,collision:target,True,True,31,-327.2946893736942,-8.197785105424792,5,0,11,0,3,0.3465875902547912,0.0,1.2441931486581872,0.0,0.44512915522091184,0.38941485888522887,0.546452675017154,1.8608926923877347,0.049693330365353304,0,,False,head_on,25,0.0,False,0.0,tier_b,B-13-23,CH-HO-CV-24,283,channel,cv,on
model,head_on,10.0,0.7400140705542302,172.20417430658102,,,,timeout,False,False,180,-1953.9367329666088,-5.13453884353194,3,0,0,0,2,0.7812170745542013,0.0,0.0,0.0,0.28166984988636534,0.2514122772634495,0.5888975199026543,2.168776940031478,2.852531284830365,0,,False,head_on,29,0.0,False,0.0,tier_b,B-13-24,CH-HO-CV-25,284,channel,cv,on
model,head_on,10.0,1.5927217144314938,184.72977469551938,,,,goal,False,False,65,138.21881091676227,-7.248755149288443,4,0,2,0,9,0.5072183932436971,0.0,0.09253302154448637,0.0,0.9788678278159981,0.5851866627874007,0.6677899476335706,2.2697303271348264,0.622475303963313,0,,False,head_on,27,0.0,False,0.0,tier_b,B-13-25,CH-HO-CV-26,285,channel,cv,on
model,head_on,9.789901822105197,0.2400881395532386,170.4253347039182,,,,collision:target,True,True,32,-325.97329572968437,-13.587924649449725,0,0,14,0,11,0.0,0.0,1.5375805590744984,0.0,1.7894743637292285,0.405503929488489,0.5546001128048537,1.915290444157588,0.1642645989456409,0,,False,head_on,26,0.0,False,0.0,tier_b,B-13-26,CH-HO-CV-27,286,channel,cv,on
model,head_on,10.0,0.8134906703194231,175.65539839896894,,,,goal,False,False,68,132.45397945757188,-7.612888158280324,0,0,1,0,12,0.0,0.0,0.20142285995262943,0.0,1.5306146361001904,0.5548963264477605,0.6282546187350514,1.3479445511289636,0.4945090009523001,0,,False,head_on,25,0.0,False,0.0,tier_b,B-13-27,CH-HO-CV-28,287,channel,cv,on
model,head_on,10.462255750274254,0.3014580077584983,180.68642085318183,,,,collision:target,True,True,27,-329.25187392533843,-22.488474017081792,12,0,12,0,12,2.1087347922217723,0.0,0.797246015331814,0.0,2.0400335867532187,0.4139593943866057,0.5655025326430301,1.9074892424898773,0.1054669870015374,0,,False,head_on,25,0.0,False,0.0,tier_b,B-13-28,CH-HO-CV-29,288,channel,cv,on
model,head_on,9.999999999999996,1.3320291380067846,174.4490556432284,,,,goal,False,False,63,147.35205323828464,-5.65567354236366,3,0,0,0,8,0.1852532849004085,0.0,0.0,0.0,1.0530377293570308,0.6022972519701613,0.6551497246849584,1.8580894528149448,0.44192708553889454,0,,False,head_on,21,0.0,False,0.0,tier_b,B-13-29,CH-HO-CV-30,289,channel,cv,on
model,head_on,9.999999999999998,0.6746939338467137,185.0025258364978,,,,collision:target,True,True,30,-322.76466654401133,-10.688127863430774,2,0,18,0,5,0.20631679308134748,0.0,2.3792786259201093,0.0,0.24476815208126895,0.4051164299746702,0.5943044566875388,1.8191805749522345,0.29564095891432823,0,,False,head_on,28,0.0,False,0.0,tier_b,B-13-30,CH-HO-CV-31,290,channel,cv,on
model,head_on,9.547642063916367,1.5093082280190078,186.7506885289399,,,,goal,False,False,65,140.033630585775,-4.029949100479912,5,0,0,0,3,0.5174664634290458,0.0,0.0,0.0,0.3263311347791412,0.5812113114213396,0.6386870642163573,2.5274185133686644,0.7975943956068247,0,,False,head_on,26,0.0,False,0.0,tier_b,B-13-31,CH-HO-CV-32,291,channel,cv,on
model,head_on,9.999999999999998,0.3925217837318935,179.52163418133634,,,,goal,False,False,72,116.48718209666566,-7.124758136400677,4,0,7,0,5,0.1966725341782956,0.0,1.2643291089762767,0.0,0.35547651108967093,0.5239058431153274,0.6573849291686908,1.0036089662988221,0.6155099367443898,0,,False,head_on,35,0.0,False,0.0,tier_b,B-13-32,CH-HO-CV-33,292,channel,cv,on
model,head_on,9.774707882484764,1.3540380074461649,180.3743100833089,,,,goal,False,False,60,73.75590682881136,-63.41867872593154,16,0,23,0,19,4.040301217650387,0.0,7.825937273334364,0.0,3.387958558790759,0.6342999388060921,0.7438625088422463,2.083801494449496,0.6512143720301804,0,,False,head_on,23,0.0,False,0.0,tier_b,B-13-33,CH-HO-CV-34,293,channel,cv,on
model,head_on,10.0,0.876284124632446,186.91956713463986,,,,goal,False,False,67,117.01542463424062,-2.069184638133145,0,0,0,0,5,0.0,0.0,0.0,0.0,0.45981880847403217,0.5691398693290177,0.6528162563165689,2.0935160424294375,1.1819160200174212,0,,False,head_on,28,0.0,False,0.0,tier_b,B-13-34,CH-HO-CV-35,294,channel,cv,on
model,head_on,9.491601909284594,1.0382416325745052,173.87567957681418,,,,goal,False,False,64,58.958503365651524,-78.90437944421983,17,0,27,0,19,7.352300285812072,0.0,8.102749958784234,0.0,2.964576261739295,0.5909169802480306,0.6896454275505193,1.743978234570791,0.6972453845431305,0,,False,head_on,27,0.0,False,0.0,tier_b,B-13-35,CH-HO-CV-36,295,channel,cv,on
model,head_on,9.973604016721348,1.761164281720695,178.39576664146148,,,,goal,False,False,72,68.41602678729048,-2.8360713290592474,5,0,0,0,7,0.36713031726245804,0.0,0.0,0.0,0.22639472413557335,0.5649232176395967,0.6621481304232861,3.1529570342069366,1.917126335868532,0,,False,head_on,23,0.0,False,0.0,tier_b,B-13-36,CH-HO-CV-37,296,channel,cv,on
model,head_on,9.796912371246348,1.004260110081722,181.09123305597177,,,,goal,False,False,64,53.4197696953385,-86.52436805685791,19,0,26,0,27,5.206095455080652,0.0,7.727091417016431,0.0,7.319259211766562,0.5906298538274546,0.6746665075519418,1.70626379575455,0.6898134663771379,0,,False,head_on,27,0.0,False,0.0,tier_b,B-13-37,CH-HO-CV-38,297,channel,cv,on
model,head_on,9.990024249615487,1.2013282168345578,180.4566840550633,,,,goal,False,False,65,139.76852699495322,-4.5484318584451255,4,0,1,0,5,0.16657260261894483,0.0,0.1583801466239376,0.0,0.7008286550300384,0.5839677443463179,0.6671221819714175,1.7384319459260422,0.5435619812887938,0,,False,head_on,27,0.0,False,0.0,tier_b,B-13-38,CH-HO-CV-39,298,channel,cv,on
model,head_on,10.804289047760962,1.0412140617679497,188.79270201393527,,,,goal,False,False,65,63.80240741917043,-79.74327560239445,17,0,26,0,25,4.852138362030816,0.0,7.664585414643607,0.0,6.251707381694424,0.5846406350412803,0.6732124157017864,1.5717692219144352,0.6298088510885443,0,,False,head_on,26,0.0,False,0.0,tier_b,B-13-39,CH-HO-CV-40,299,channel,cv,on
model,head_on,10.257880475562652,0.4451395945221037,181.3728520836446,,,,goal,False,False,62,118.09451774972138,0.0,0,0,0,0,0,0.0,0.0,0.0,0.0,0.0,0.622888853982435,0.704660015458028,1.9720688676822011,1.106246221432728,0,,False,never,0,0.0,False,0.0,tier_b,B-14-00,CH-HO-RE-01,300,channel,re,on
model,head_on,10.0,1.557619163836761,186.13833543030512,,,,goal,False,False,64,137.75290622958906,-5.498220131118265,5,0,2,0,6,0.4248519658340182,0.0,0.48664155325553365,0.0,0.3651762907822118,0.5868747037589357,0.6898003551887372,1.8174316697545216,0.266295868992731,0,,False,head_on,13,0.0,False,0.0,tier_b,B-14-01,CH-HO-RE-02,301,channel,re,on
model,head_on,10.41632148925824,0.8560836946954598,187.63388114081306,,,,goal,False,False,71,84.60289175927211,-9.858589022143624,0,0,0,0,13,0.0,0.0,0.0,0.0,2.190797560476361,0.5454227656739478,0.6763091466680102,1.7681845233581799,1.4440143356540955,0,,False,head_on,22,0.0,False,0.0,tier_b,B-14-02,CH-HO-RE-03,302,channel,re,on
model,head_on,9.880631990256514,1.90952125055403,172.86253639642985,,,,goal,False,False,68,82.95068554723812,-8.342049555285234,2,0,0,0,7,0.1395356913444616,0.0,0.0,0.0,1.7002995295844776,0.5571092341145387,0.7228551835475558,1.7630026061195203,0.7815009078255352,0,,False,crossing,9,1.0,True,0.0,tier_b,B-14-03,CH-HO-RE-04,303,channel,re,on
model,head_on,9.999999999999998,1.9480692299567948,176.1474985629072,,,,goal,False,False,67,103.91507878679944,-6.372165399094675,8,0,0,0,3,0.5916340921257268,0.0,0.0,0.0,0.7652392540160726,0.5720655823109988,0.7236224475822319,1.830540658633739,0.8918176220510133,0,,False,crossing,13,1.0,True,0.0,tier_b,B-14-04,CH-HO-RE-05,304,channel,re,on
model,head_on,10.0,0.871152846557109,181.4597367699919,,,,goal,False,False,64,141.4173382887188,-0.7560478353186658,1,0,0,0,3,0.0456982179735491,0.0,0.0,0.0,0.11774259029991062,0.591768089043937,0.6596766293392033,2.0629316576545214,0.6967358868582876,0,,False,head_on,27,0.0,False,0.0,tier_b,B-14-05,CH-HO-RE-06,305,channel,re,on
model,head_on,10.025609414801274,1.2814564500724512,172.96623103734285,,,,goal,False,False,64,93.13338735199947,0.0,0,0,0,0,0,0.0,0.0,0.0,0.0,0.0,0.5985032906195484,0.6984866967646632,1.8613233652191146,1.0506630090572955,0,,False,never,0,0.0,False,0.0,tier_b,B-14-06,CH-HO-RE-07,306,channel,re,on
model,head_on,11.160688080313045,0.30322402551173044,189.35852085396937,,,,goal,False,False,65,47.8302880581071,0.0,0,0,0,0,0,0.0,0.0,0.0,0.0,0.0,0.5911030896510969,0.7532853241006556,2.28938747585929,1.4801613260559583,0,,False,never,0,0.0,False,0.0,tier_b,B-14-07,CH-HO-RE-08,307,channel,re,on
model,head_on,9.777982774231418,1.6634387974833196,175.3500319148207,,,,goal,False,False,61,149.13906591911146,0.0,0,0,0,0,0,0.0,0.0,0.0,0.0,0.0,0.6159956575878073,0.6974300373751763,1.75347883447854,0.31366469115539175,0,,False,never,0,0.0,False,0.0,tier_b,B-14-08,CH-HO-RE-09,308,channel,re,on
model,head_on,9.471808645160198,0.09528080616839074,189.52258483651062,,,,goal,False,False,64,147.79461141197925,0.0,0,0,0,0,0,0.0,0.0,0.0,0.0,0.0,0.5864500582843847,0.6691548315305217,1.82997810528797,0.41084716476876515,0,,False,never,0,0.0,False,0.0,tier_b,B-14-09,CH-HO-RE-10,309,channel,re,on
model,head_on,10.245852635614288,1.4075018825986154,189.3811274125535,,,,goal,False,False,63,150.15023543962943,-0.6363063471285607,1,0,0,0,2,0.03489087858238459,0.0,0.0,0.0,0.10302144403239044,0.6050595895248051,0.6632235210328324,2.326079501302457,0.5401838411766062,0,,False,head_on,24,0.0,False,0.0,tier_b,B-14-10,CH-HO-RE-11,310,channel,re,on
model,head_on,10.823093308848131,0.07940764643276266,179.28594556903266,,,,goal,False,False,62,151.6893237792039,0.0,0,0,0,0,0,0.0,0.0,0.0,0.0,0.0,0.6085294907633331,0.6846165158507683,1.7687866914680546,0.20560736221346596,0,,False,never,0,0.0,False,0.0,tier_b,B-14-11,CH-HO-RE-12,311,channel,re,on
model,head_on,9.781964341834259,1.9394827565656019,170.7891224573258,,,,goal,False,False,64,113.74040511579898,-7.61731018200874,4,0,0,0,3,0.8322663676974289,0.0,0.0,0.0,0.7772425915347702,0.6035408299657159,0.67890347153866,1.8788655589342722,1.2668622558884104,0,,False,head_on,23,0.0,False,0.0,tier_b,B-14-12,CH-HO-RE-13,312,channel,re,on
model,head_on,11.062416515045763,0.9176201637484456,179.05531621172736,,,,goal,False,False,65,147.38056331504762,-2.6423922792197208,2,0,1,0,1,0.36115682179926556,0.0,0.20003256519142246,0.0,0.02989972813871899,0.5794831765242014,0.6478912935034025,2.1790666121114084,0.7151144142834994,0,,False,head_on,30,0.0,False,0.0,tier_b,B-14-13,CH-HO-RE-14,313,channel,re,on
model,head_on,9.583273601492918,0.616774546963468,188.49498024389715,,,,goal,False,False,60,125.23095084106585,0.0,0,0,0,0,0,0.0,0.0,0.0,0.0,0.0,0.6358465168911209,0.7957679207804411,1.9723303109754666,0.32650595657757586,0,,False,never,0,0.0,False,0.0,tier_b,B-14-14,CH-HO-RE-15,314,channel,re,on
model,head_on,11.280276501371079,1.0682554610688233,173.91335742545994,,,,goal,False,False,68,124.82019733924368,-11.786802303355408,9,0,0,0,6,1.8947985484580037,0.0,0.0,0.0,0.5350109974418422,0.5574138604554717,0.7251280358318297,1.624183765840033,0.3950434858537547,0,,False,head_on,27,0.0,False,0.0,tier_b,B-14-15,CH-HO-RE-16,315,channel,re,on
model,head_on,11.00696337831171,0.8412385996831719,173.19211443302896,,,,goal,False,False,64,146.67664619607106,-4.207748131257386,4,0,0,0,4,0.6053904984574549,0.0,0.0,0.0,0.26912559197621877,0.5897855233275776,0.6558867356743496,2.0005043345925975,0.6401229430258737,0,,False,head_on,25,0.0,False,0.0,tier_b,B-14-16,CH-HO-RE-17,316,channel,re,on
model,head_on,9.999999999999998,1.3103197490672986,183.18371334804277,,,,goal,False,False,63,145.34793464828624,-3.370580635877606,3,0,0,0,7,0.042838611730484935,0.0,0.0,0.0,0.7018954461803789,0.5998581374178187,0.6643555500538645,2.155887281921529,0.5644392068991209,0,,False,head_on,24,0.0,False,0.0,tier_b,B-14-17,CH-HO-RE-18,317,channel,re,on
model,head_on,10.0,1.0768083362737235,184.25135745509164,,,,goal,False,False,61,146.05891253307604,-4.145241772660787,3,0,0,0,8,0.26599886546677604,0.0,0.0,0.0,0.6285660863556101,0.617928690862151,0.7048742378849132,2.0905938878340136,0.3919514175268358,0,,False,head_on,22,0.0,False,0.0,tier_b,B-14-18,CH-HO-RE-19,318,channel,re,on
model,head_on,9.408067398970422,0.5124768099295549,180.24962585845174,,,,collision:obstacle,True,False,58,-391.2518988813325,-6.272185437101274,4,0,0,0,11,0.17000458894199366,0.0,0.0,0.0,1.2068139381863123,0.41822808194898975,0.5962336522834665,1.6637082836661075,1.103191977635574,0,,False,head_on,23,0.0,False,0.0,tier_b,B-14-19,CH-HO-RE-20,319,channel,re,on
model,head_on,9.256643869422348,0.4307092607737204,180.5735270046813,,,,goal,False,False,62,150.0567642737505,0.0,0,0,0,0,0,0.0,0.0,0.0,0.0,0.0,0.6067277203468756,0.6733620898041198,1.7624128256937557,0.1881348771606716,0,,False,never,0,0.0,False,0.0,tier_b,B-14-20,CH-HO-RE-21,320,channel,re,on
model,head_on,10.115082563137777,1.5113889998401082,188.7156501400913,,,,goal,False,False,73,112.8240799962135,0.0,0,0,0,0,0,0.0,0.0,0.0,0.0,0.0,0.5259595762817361,0.6705026715350405,2.65559313429179,1.0402228660932646,0,,False,never,0,0.0,False,0.0,tier_b,B-14-21,CH-HO-RE-22,321,channel,re,on
model,head_on,10.0,1.0743128533388442,182.22739231275222,,,,goal,False,False,64,91.63215899585829,-55.21722321416324,13,0,22,0,16,2.813999006183628,0.0,7.9054073239994,0.0,2.850769281590321,0.5914912655783142,0.6714488791231845,1.9720000385513428,0.7059591079190795,0,,False,head_on,22,0.0,False,0.0,tier_b,B-14-22,CH-HO-RE-23,322,channel,re,on
model,head_on,10.175548630351486,1.6972738702784291,183.300979929059,,,,goal,False,False,73,100.80621815834355,-7.991048894835986,4,0,4,0,5,0.5384978585024339,0.0,1.045190166074274,0.0,0.3472888660847891,0.5306679261075816,0.6705142486648001,2.5187611600689745,1.208901857164087,0,,False,head_on,7,0.0,False,0.0,tier_b,B-14-23,CH-HO-RE-24,323,channel,re,on
model,head_on,9.999999999999996,0.6445803103198713,171.19772436410898,,,,collision:obstacle,True,False,49,-382.97016512215123,-8.093597763890186,2,0,0,0,8,0.6116334376929378,0.0,0.0,0.0,1.1257804994022538,0.45138036166615497,0.5755424838234919,1.7776707446026165,0.5005225793959975,0,,False,head_on,24,0.0,False,0.0,tier_b,B-14-24,CH-HO-RE-25,324,channel,re,on
model,head_on,10.321736514518186,0.26305794476871447,181.98454309429576,,,,goal,False,False,65,146.3405104208673,-2.3951078003535415,3,0,1,0,0,0.31028407321525936,0.0,0.23866712164944653,0.0,0.0,0.5865841217542105,0.6593364680608363,1.8510040500769436,0.4104051472542146,0,,False,head_on,6,0.0,False,0.0,tier_b,B-14-25,CH-HO-RE-26,325,channel,re,on
model,head_on,9.849830984668252,0.6756334209002757,173.92111243269915,,,,goal,False,False,64,139.97489224693135,-4.831353067703459,5,0,2,0,5,0.7674988045966353,0.0,0.0635646001567625,0.0,0.1785336498635041,0.5980209078883997,0.6800081586861703,1.8206851024701771,0.6910036160650785,0,,False,head_on,29,0.0,False,0.0,tier_b,B-14-26,CH-HO-RE-27,326,channel,re,on
model,head_on,9.58529998335348,0.6058661646940113,171.14930992117158,,,,goal,False,False,72,49.77996708037203,-2.977221780347123,0,0,0,0,5,0.0,0.0,0.0,0.0,0.6616048400771386,0.5367394325264764,0.647644482615645,1.9509000200411244,1.0885539909001654,0,,False,head_on,24,0.0,False,0.0,tier_b,B-14-27,CH-HO-RE-28,327,channel,re,on
model,head_on,10.088437090849462,0.9230601295057717,186.72472631205966,,,,goal,False,False,66,112.35010393606741,0.0,0,0,0,0,0,0.0,0.0,0.0,0.0,0.0,0.582950828044927,0.7376977889183639,2.3553606215388205,0.9778911153686121,0,,False,never,0,0.0,False,0.0,tier_b,B-14-28,CH-HO-RE-29,328,channel,re,on
model,head_on,9.876339221733241,0.26028914486023025,178.9941118782021,,,,goal,False,False,60,145.82315396437926,-3.748030485512233,3,0,0,0,4,0.24562313958481918,0.0,0.0,0.0,0.5627102099038619,0.6295143879956913,0.6873625850249683,1.8867514940368053,0.5936659959753169,0,,False,head_on,15,0.0,False,0.0,tier_b,B-14-29,CH-HO-RE-30,329,channel,re,on
model,head_on,9.999999999999998,1.5905215190816084,182.92058786514718,,,,goal,False,False,61,140.20202274511195,-3.6772925263240293,4,0,0,0,6,0.21830766740128038,0.0,0.0,0.0,0.5770376828194871,0.6209025410922361,0.6782274919572926,2.4212760198898584,0.6250639819961255,0,,False,head_on,23,0.0,False,0.0,tier_b,B-14-30,CH-HO-RE-31,330,channel,re,on
model,head_on,9.985865561011826,0.1976814378122984,177.69526895854062,,,,goal,False,False,62,144.59366203116056,-5.023568189291325,3,0,0,0,5,0.39245195196254684,0.0,0.0,0.0,0.6846513393503815,0.6086298753679175,0.6653221582565008,1.904148013538554,0.5813642882833503,0,,False,head_on,20,0.0,False,0.0,tier_b,B-14-31,CH-HO-RE-32,331,channel,re,on
model,head_on,9.855313512799158,0.8943177841019498,171.55743071966546,,,,goal,False,False,63,85.30843074310309,-5.919796772710576,7,0,0,0,3,1.0705664249379228,0.0,0.0,0.0,0.1378873265039685,0.6163713826559531,0.7113412176721832,2.4689227361222224,1.6436120244880104,0,,False,head_on,24,0.0,False,0.0,tier_b,B-14-32,CH-HO-RE-33,332,channel,re,on
model,head_on,9.999999999999996,0.0785919495309364,187.13718078519338,,,,goal,False,False,73,79.7485296248049,0.0,0,0,0,0,0,0.0,0.0,0.0,0.0,0.0,0.5249962639661556,0.7321947038188138,2.174564029247205,1.2176068788508854,0,,False,never,0,0.0,False,0.0,tier_b,B-14-33,CH-HO-RE-34,333,channel,re,on
model,head_on,9.999999999999996,0.36292822231789645,186.48644993768,,,,goal,False,False,67,85.35115531910083,0.0,0,0,0,0,0,0.0,0.0,0.0,0.0,0.0,0.5772333118423875,0.7641484582874379,2.0977728999411838,1.3263316332987138,0,,False,never,0,0.0,False,0.0,tier_b,B-14-34,CH-HO-RE-35,334,channel,re,on
model,head_on,10.235684397188408,1.0322946758393994,182.41048674369944,,,,goal,False,False,65,141.28375926135982,0.0,0,0,0,0,0,0.0,0.0,0.0,0.0,0.0,0.5793919946952406,0.6660342161081375,2.310445975021515,0.6197281384237886,0,,False,never,0,0.0,False,0.0,tier_b,B-14-35,CH-HO-RE-36,335,channel,re,on
model,head_on,10.313588885450775,0.5689599698123577,179.96943600318795,,,,goal,False,False,63,141.7969252644875,0.0,0,0,0,0,0,0.0,0.0,0.0,0.0,0.0,0.6004420429066017,0.6705419112987526,1.6879215865572443,0.5889523311790094,0,,False,never,0,0.0,False,0.0,tier_b,B-14-36,CH-HO-RE-37,336,channel,re,on
model,head_on,10.16575154201225,1.8514151594406176,175.63767878929002,,,,goal,False,False,66,105.38769542219427,-15.33619289715716,16,0,0,0,8,2.5961169674610076,0.0,0.0,0.0,0.5523142018278167,0.580189072976976,0.667336437589759,2.9146100402073043,1.1716518473421431,0,,False,crossing,18,1.0,True,0.0,tier_b,B-14-37,CH-HO-RE-38,337,channel,re,on
model,head_on,10.41001758561922,1.9177974469138577,178.4418700241513,,,,goal,False,False,70,89.52001273031935,0.0,0,0,0,0,0,0.0,0.0,0.0,0.0,0.0,0.5535242693504051,0.7558685911127424,2.3304378809666497,1.4179099886689472,0,,False,never,0,0.0,False,0.0,tier_b,B-14-38,CH-HO-RE-39,338,channel,re,on
model,head_on,10.0,0.4325030698380221,181.96376407890875,,,,goal,False,False,63,136.39873237168982,-6.367680624742609,5,0,1,0,5,0.8419485786100338,0.0,0.012531851447030099,0.0,0.47887122120302944,0.5983115118219912,0.6641607595722535,1.7171591124346068,0.6851415869928452,0,,False,head_on,21,0.0,False,0.0,tier_b,B-14-39,CH-HO-RE-40,339,channel,re,on
model,head_on,9.999999999999996,0.519023800112753,188.37778465688257,,,,goal,False,False,60,143.22939982301375,0.0,0,0,0,0,0,0.0,0.0,0.0,0.0,0.0,0.6340033911187166,0.6982350985783785,4.03322141630432,0.5723891936941049,0,,False,never,0,0.0,False,0.0,tier_b,B-15-00,CH-HO-NC-01,340,channel,nc,on
model,head_on,10.0,0.604838046659889,178.34993262325384,,,,goal,False,False,59,128.80918987209364,0.0,0,0,0,0,0,0.0,0.0,0.0,0.0,0.0,0.6491943359349933,0.7438192680275678,4.2790396223138885,0.8765979534139695,0,,False,never,0,0.0,False,0.0,tier_b,B-15-01,CH-HO-NC-02,341,channel,nc,on
model,head_on,10.259919607765926,1.1269116382224869,178.83102400407796,,,,goal,False,False,63,140.21377127971772,0.0,0,0,0,0,0,0.0,0.0,0.0,0.0,0.0,0.5998664552218115,0.6939180879282648,4.130174694260621,0.1889416585054789,0,,False,never,0,0.0,False,0.0,tier_b,B-15-02,CH-HO-NC-03,342,channel,nc,on
model,head_on,10.024216397195673,0.21994639824680506,172.62122033320705,,,,goal,False,False,71,90.95452336502831,0.0,0,0,0,0,0,0.0,0.0,0.0,0.0,0.0,0.5420169061029939,0.6870573127897723,3.2845957776035575,0.9937831561600887,0,,False,never,0,0.0,False,0.0,tier_b,B-15-03,CH-HO-NC-04,343,channel,nc,on
model,head_on,9.942375682643142,1.1922231970902744,189.96301610170923,,,,goal,False,False,68,49.851656632446144,0.0,0,0,0,0,0,0.0,0.0,0.0,0.0,0.0,0.5582141175281073,0.7679344515219773,3.892799121769303,0.35967179993587856,0,,False,never,0,0.0,False,0.0,tier_b,B-15-04,CH-HO-NC-05,344,channel,nc,on
model,head_on,10.633989863812754,1.8144001286116342,187.34728834444252,,,,goal,False,False,59,150.06136672277782,0.0,0,0,0,0,0,0.0,0.0,0.0,0.0,0.0,0.6370263191630214,0.6892515114979606,4.132758088715326,0.6157299144003666,0,,False,never,0,0.0,False,0.0,tier_b,B-15-05,CH-HO-NC-06,345,channel,nc,on
model,head_on,10.115255905834214,0.28278229538602395,176.25206878577902,,,,goal,False,False,64,129.62728917701722,0.0,0,0,0,0,0,0.0,0.0,0.0,0.0,0.0,0.5899504378289777,0.6678055673697821,4.78957416149212,0.887011551257384,0,,False,never,0,0.0,False,0.0,tier_b,B-15-06,CH-HO-NC-07,346,channel,nc,on
model,head_on,10.692334901657194,0.8592002649653392,173.97318650021955,,,,goal,False,False,65,136.3681577580334,0.0,0,0,0,0,0,0.0,0.0,0.0,0.0,0.0,0.5826679848149777,0.675888681944366,4.228039402940428,0.6383000685447279,0,,False,never,0,0.0,False,0.0,tier_b,B-15-07,CH-HO-NC-08,347,channel,nc,on
model,head_on,9.999999999999998,1.8051650223510654,187.30059723641622,,,,goal,False,False,61,113.80346109145678,0.0,0,0,0,0,0,0.0,0.0,0.0,0.0,0.0,0.6297764294737462,0.7779430455636555,4.867002230227416,1.2936213563165742,0,,False,never,0,0.0,False,0.0,tier_b,B-15-08,CH-HO-NC-09,348,channel,nc,on
model,head_on,9.08173527217586,1.7170723371184666,185.38442459579767,,,,goal,False,False,58,133.0297980584664,0.0,0,0,0,0,0,0.0,0.0,0.0,0.0,0.0,0.6507789670573051,0.7700370768705791,3.7205821151992575,0.5523711933719163,0,,False,never,0,0.0,False,0.0,tier_b,B-15-09,CH-HO-NC-10,349,channel,nc,on
model,head_on,10.534258709604911,0.30742126077348786,183.28425074756333,,,,goal,False,False,61,142.73914507016673,0.0,0,0,0,0,0,0.0,0.0,0.0,0.0,0.0,0.6240260569529379,0.6880032330177899,4.220757801571572,0.6865649106021866,0,,False,never,0,0.0,False,0.0,tier_b,B-15-10,CH-HO-NC-11,350,channel,nc,on
model,head_on,9.150434503065322,1.126447716544327,176.3075853465309,,,,goal,False,False,68,76.90378021026355,0.0,0,0,0,0,0,0.0,0.0,0.0,0.0,0.0,0.5559496734143012,0.7602871930806214,3.7079896349759354,0.18844150955474276,0,,False,never,0,0.0,False,0.0,tier_b,B-15-11,CH-HO-NC-12,351,channel,nc,on
model,head_on,9.823835147696473,1.3381262906128648,172.27865806875414,,,,goal,False,False,66,128.92484471356812,0.0,0,0,0,0,0,0.0,0.0,0.0,0.0,0.0,0.5741091796881703,0.6969533249688148,3.528775780489564,0.5322219615623481,0,,False,never,0,0.0,False,0.0,tier_b,B-15-12,CH-HO-NC-13,352,channel,nc,on
model,head_on,9.87066778074754,0.4091321738184257,185.1998700532474,,,,goal,False,False,61,107.4105709340652,0.0,0,0,0,0,0,0.0,0.0,0.0,0.0,0.0,0.6373986795596553,0.7810864299409105,4.42473839734936,1.3727047397079193,0,,False,never,0,0.0,False,0.0,tier_b,B-15-13,CH-HO-NC-14,353,channel,nc,on
model,head_on,10.050105676040541,0.8300514659476823,176.06913160172437,,,,goal,False,False,62,115.3831281085921,0.0,0,0,0,0,0,0.0,0.0,0.0,0.0,0.0,0.6175740032900585,0.7723531347789884,4.396636269872878,1.2499710242467674,0,,False,never,0,0.0,False,0.0,tier_b,B-15-14,CH-HO-NC-15,354,channel,nc,on
model,head_on,9.999999999999998,1.3034973464822712,181.02339764630273,,,,goal,False,False,64,78.4893353145064,0.0,0,0,0,0,0,0.0,0.0,0.0,0.0,0.0,0.6085634456957572,0.7527932893790782,4.846953854412711,1.4102833464487383,0,,False,never,0,0.0,False,0.0,tier_b,B-15-15,CH-HO-NC-16,355,channel,nc,on
model,head_on,10.0,0.22441869904698475,182.13052102261435,,,,goal,False,False,60,134.20523949961034,0.0,0,0,0,0,0,0.0,0.0,0.0,0.0,0.0,0.6377776522065223,0.7133251029433316,4.452212787597744,0.8302993646533089,0,,False,never,0,0.0,False,0.0,tier_b,B-15-16,CH-HO-NC-17,356,channel,nc,on
model,head_on,10.0,0.4354552237124669,173.04193159748237,,,,goal,False,False,60,125.61722241638299,0.0,0,0,0,0,0,0.0,0.0,0.0,0.0,0.0,0.6348269613708619,0.7112186739248868,4.546762285678128,0.9833876959447458,0,,False,never,0,0.0,False,0.0,tier_b,B-15-17,CH-HO-NC-18,357,channel,nc,on
model,head_on,10.973495639715704,0.8830717244367781,173.08940635934107,,,,goal,False,False,61,135.26648517254904,0.0,0,0,0,0,0,0.0,0.0,0.0,0.0,0.0,0.6283637091133327,0.7106079518663144,4.280082317598192,0.9344528010189126,0,,False,never,0,0.0,False,0.0,tier_b,B-15-18,CH-HO-NC-19,358,channel,nc,on
model,head_on,10.0,0.6214605067159544,171.10204104445222,,,,goal,False,False,69,80.49924306749807,-4.435970664464661,1,0,4,0,2,0.15037437235382461,0.0,0.8673207753741231,0.0,0.12650282888141895,0.5483068449569939,0.7178378071913928,2.578297922720051,0.8656175118437781,0,,False,head_on,6,0.0,False,0.0,tier_b,B-15-19,CH-HO-NC-20,359,channel,nc,on
model,head_on,9.999999999999998,1.8110168452154083,186.9587123837746,,,,goal,False,False,65,122.04348764276446,-8.515549160842749,2,0,9,0,3,0.08174032392504668,0.0,2.040035673772767,0.0,0.17040136262929076,0.5831439133271025,0.701846949063748,4.19754129821951,0.6151089149718477,0,,False,head_on,10,0.0,False,0.0,tier_b,B-15-20,CH-HO-NC-21,360,channel,nc,on
model,head_on,10.783506402872137,1.0439507813894948,180.5601072643203,,,,goal,False,False,66,103.5978125015112,0.0,0,0,0,0,0,0.0,0.0,0.0,0.0,0.0,0.5863366749635284,0.7283463087931152,4.75948082766726,1.6037683509387624,0,,False,never,0,0.0,False,0.0,tier_b,B-15-21,CH-HO-NC-22,361,channel,nc,on
model,head_on,10.180123451340151,1.4448588921887255,179.10490908603316,,,,goal,False,False,60,138.03690223904135,0.0,0,0,0,0,0,0.0,0.0,0.0,0.0,0.0,0.6301341077118316,0.7098456803272312,4.399765637608218,0.7202179675440786,0,,False,never,0,0.0,False,0.0,tier_b,B-15-22,CH-HO-NC-23,362,channel,nc,on
model,head_on,9.999999999999998,1.0360859281864399,173.94132518101077,,,,goal,False,False,64,112.3629279348253,0.0,0,0,0,0,0,0.0,0.0,0.0,0.0,0.0,0.6015064095358527,0.7296696788608114,4.3597221199100495,1.359682533986015,0,,False,never,0,0.0,False,0.0,tier_b,B-15-23,CH-HO-NC-24,363,channel,nc,on
model,head_on,10.0,1.320239576322837,185.5214212280775,,,,goal,False,False,60,143.56038907239454,0.0,0,0,0,0,0,0.0,0.0,0.0,0.0,0.0,0.625047148503003,0.6932183616504219,4.219430388394892,0.5213614318590296,0,,False,never,0,0.0,False,0.0,tier_b,B-15-24,CH-HO-NC-25,364,channel,nc,on
model,head_on,9.999999999999998,1.0061992614250868,177.4452008327447,,,,goal,False,False,60,119.95119647157615,0.0,0,0,0,0,0,0.0,0.0,0.0,0.0,0.0,0.6317463761943363,0.7749234854472622,4.6463990574140155,1.1188183669999963,0,,False,never,0,0.0,False,0.0,tier_b,B-15-25,CH-HO-NC-26,365,channel,nc,on
model,head_on,10.0,0.18986402780790823,175.51509535659784,,,,goal,False,False,62,139.91484751064908,0.0,0,0,0,0,0,0.0,0.0,0.0,0.0,0.0,0.6146453237073068,0.6945415868587298,4.315164321496588,0.7289258808852255,0,,False,never,0,0.0,False,0.0,tier_b,B-15-26,CH-HO-NC-27,366,channel,nc,on
model,head_on,9.886041566307677,1.1928008674080468,189.56902028044726,,,,goal,False,False,62,123.69242576987818,-8.786557799133465,0,0,7,0,5,0.0,0.0,2.067289189439238,0.0,0.29873704825604686,0.6135167170056168,0.730009331183997,4.423450858847882,0.5304219091292244,0,,False,head_on,9,0.0,False,0.0,tier_b,B-15-27,CH-HO-NC-28,367,channel,nc,on
model,head_on,10.0,1.081374661220903,182.16831201298078,,,,goal,False,False,62,120.65722866020612,-9.28984780056533,3,0,5,0,5,0.4926266836316072,0.0,1.1868968957994714,0.0,0.5730037537135062,0.6148293217443438,0.7311109100810369,3.680192937319261,0.8867884484356479,0,,False,head_on,8,0.0,False,0.0,tier_b,B-15-28,CH-HO-NC-29,368,channel,nc,on
model,head_on,9.084002786284293,1.2433297180438143,175.5453933717683,,,,goal,False,False,60,137.2339877833009,0.0,0,0,0,0,0,0.0,0.0,0.0,0.0,0.0,0.6272485666674988,0.7093971138596877,4.037515780553715,0.5546828906599763,0,,False,never,0,0.0,False,0.0,tier_b,B-15-29,CH-HO-NC-30,369,channel,nc,on
model,head_on,9.824914642857838,0.7685387194394688,189.85084064614787,,,,goal,False,False,61,140.65565540773912,-6.427441237493204,1,0,6,0,2,0.00629645544995258,0.0,1.6230211856265715,0.0,0.12297722550228454,0.6194741295592653,0.695163712575159,4.383316849731177,0.5833614771651304,0,,False,head_on,8,0.0,False,0.0,tier_b,B-15-30,CH-HO-NC-31,370,channel,nc,on
model,head_on,10.0,0.6698619473127445,176.2805431944345,,,,goal,False,False,63,135.49381729650415,0.0,0,0,0,0,0,0.0,0.0,0.0,0.0,0.0,0.602715481380095,0.7062185157897329,4.669490105465549,0.8155381454737676,0,,False,never,0,0.0,False,0.0,tier_b,B-15-31,CH-HO-NC-32,371,channel,nc,on
model,head_on,9.999999999999998,0.21563336342682904,172.34553742854337,,,,goal,False,False,61,129.32110548221107,0.0,0,0,0,0,0,0.0,0.0,0.0,0.0,0.0,0.6298168508967694,0.7331158453248114,4.423921175495912,0.8885742691255474,0,,False,never,0,0.0,False,0.0,tier_b,B-15-32,CH-HO-NC-33,372,channel,nc,on
model,head_on,10.009872619928332,0.8715995757134332,181.8762477298438,,,,goal,False,False,64,125.48482562344196,-7.9201790109272014,3,0,7,0,3,0.31862262356242027,0.0,1.5292413225132946,0.0,0.18616183627674676,0.5975457495988002,0.7105345815136522,3.8929958490095165,0.7330373109865596,0,,False,head_on,9,0.0,False,0.0,tier_b,B-15-33,CH-HO-NC-34,373,channel,nc,on
model,head_on,9.999999999999996,1.0847333430945405,185.1133159351483,,,,goal,False,False,63,105.92691218096442,-3.6044035551726017,0,0,4,0,1,0.0,0.0,0.9979708740255286,0.0,0.0026018685957107943,0.6075737199565837,0.7811183651398722,4.847156554942515,1.3253926842011954,0,,False,head_on,5,0.0,False,0.0,tier_b,B-15-34,CH-HO-NC-35,374,channel,nc,on
model,head_on,10.30632614795319,1.9538783516291471,181.9101271813121,,,,goal,False,False,64,138.31522502133012,0.0,0,0,0,0,0,0.0,0.0,0.0,0.0,0.0,0.5978710299836069,0.7009286327103841,4.7128721190715295,0.7435530553281691,0,,False,never,0,0.0,False,0.0,tier_b,B-15-35,CH-HO-NC-36,375,channel,nc,on
model,head_on,10.994498819116544,0.8621168391194356,182.02017576470513,,,,goal,False,False,60,135.14378543310025,0.0,0,0,0,0,0,0.0,0.0,0.0,0.0,0.0,0.6325680125443204,0.7151892442054353,4.2164544146815945,0.9257447570052797,0,,False,never,0,0.0,False,0.0,tier_b,B-15-36,CH-HO-NC-37,376,channel,nc,on
model,head_on,9.999999999999996,1.079412967193411,179.67387645553563,,,,goal,False,False,59,140.49260468561286,0.0,0,0,0,0,0,0.0,0.0,0.0,0.0,0.0,0.643897817542433,0.7077358153766036,3.8875554213670145,0.7489282984888431,0,,False,never,0,0.0,False,0.0,tier_b,B-15-37,CH-HO-NC-38,377,channel,nc,on
model,head_on,9.549550816876184,1.5367124565459254,170.55334569440686,,,,goal,False,False,74,64.88424128337854,0.0,0,0,0,0,0,0.0,0.0,0.0,0.0,0.0,0.5185134730102712,0.6885429487995015,2.405542967714064,1.0678278064977182,0,,False,never,0,0.0,False,0.0,tier_b,B-15-38,CH-HO-NC-39,378,channel,nc,on
model,head_on,9.585409373191311,0.37536353883474227,182.64194989049463,,,,goal,False,False,59,134.18381364018313,0.0,0,0,0,0,0,0.0,0.0,0.0,0.0,0.0,0.6478694387476609,0.7193277973794991,4.209415432749286,0.6863579878200952,0,,False,never,0,0.0,False,0.0,tier_b,B-15-39,CH-HO-NC-40,379,channel,nc,on
model,crossing,10.490193783263903,0.28316885672201364,129.78078761993967,port,,False,collision:target,True,True,14,-328.1094425138437,-27.80723766191888,6,4,0,0,10,0.9280364765920679,0.67093673491048,0.0,0.0,4.420515614440281,0.4414817409896269,0.5683852353528903,1.762426235334618,0.0607725861115783,0,,False,crossing,12,1.0,True,0.0,tier_b,B-16-00,CH-CR-CV-01,380,channel,cv,on
model,crossing,10.0,0.3636276684298667,244.67678056322285,starboard,,True,collision:target,True,True,22,-334.72948887495437,-15.808847419020521,3,5,0,0,6,0.2864346530239257,1.5278224991737597,0.0,0.0,1.5173943368093281,0.3817218945993017,0.5512090126101954,1.4625499677819318,0.02647830016575431,0,,False,crossing,15,0.0,False,0.0,tier_b,B-16-01,CH-CR-CV-02,381,channel,cv,on
model,crossing,10.268460864188306,0.7192709724502868,210.94503459620475,starboard,,False,collision:target,True,True,18,-328.0725031770618,-17.700161303364624,8,1,0,0,3,2.5785750134515255,0.031585137500926015,0.0,0.0,1.0621930124777745,0.4004829844583029,0.5465569841932378,1.8128546334438644,0.09402638004849938,0,,False,crossing,16,0.0,False,0.0,tier_b,B-16-02,CH-CR-CV-03,382,channel,cv,on
model,crossing,9.999999999999998,0.5870743235375037,289.53878618123343,starboard,,False,collision:target,True,True,14,-337.3990815472465,-33.88377991214001,4,5,0,0,8,0.8991654936527963,2.654585624998803,0.0,0.0,3.6206026388476875,0.42005606810475543,0.5439540709110953,1.4352334298098337,0.06828061372761458,0,,False,crossing,12,0.0,False,0.0,tier_b,B-16-03,CH-CR-CV-04,383,channel,cv,on
model,crossing,9.999999999999996,1.2958551853358795,76.2339399801213,port,,True,goal,False,False,98,-149.88807477998762,-21.819678692199243,16,0,0,0,3,4.141012467905636,0.0,0.0,0.0,0.29370377245918866,0.40572860869948413,0.6270832353223067,2.483298855726441,1.9011669826639817,0,,False,crossing,16,1.0,True,0.0,tier_b,B-16-04,CH-CR-CV-05,384,channel,cv,on
model,crossing,9.999999999999998,1.3015375722616729,90.42138144998697,port,,True,collision:obstacle,True,False,85,-546.1969761667049,-24.273298118226663,19,0,0,0,3,4.559632939063281,0.0,0.0,0.0,0.37847001552520154,0.2761997847236061,0.5502670382938576,2.4972979525837737,1.3627282944381582,0,,False,crossing,22,1.0,True,0.0,tier_b,B-16-05,CH-CR-CV-06,385,channel,cv,on
model,crossing,9.999999999999996,1.6408729117427223,106.21307278632884,port,,True,goal,False,False,87,-136.6349486679055,-51.57788681834292,16,0,0,0,6,9.101517667109912,0.0,0.0,0.0,1.4500831924775193,0.4636940067238295,0.6738890992544232,2.277312670153006,1.6224739833341664,0,,False,crossing,18,1.0,True,0.0,tier_b,B-16-06,CH-CR-CV-07,386,channel,cv,on
model,crossing,9.999999999999996,0.31081715289621364,224.25372018085594,starboard,,True,collision:target,True,True,20,-337.61902797152777,-25.52907462816463,8,6,0,0,11,1.1200484060464522,0.5019678171077286,0.0,0.0,3.888909849678097,0.3818279194774514,0.5459107399452576,1.7874777969858373,0.24046167349516245,0,,False,crossing,16,0.0,False,0.0,tier_b,B-16-07,CH-CR-CV-08,387,channel,cv,on
model,crossing,9.999999999999996,0.061499892646753596,105.62535710778265,port,,True,collision:target,True,True,21,-306.0872151877896,-13.719158827851228,4,0,0,0,6,1.0599824523976473,0.0,0.0,0.0,1.8827212641073052,0.4974795870342775,0.586647934141994,1.510944561501555,0.0704942945728021,0,,False,crossing,6,1.0,True,0.0,tier_b,B-16-08,CH-CR-CV-09,388,channel,cv,on
model,crossing,9.999999999999998,0.041021002757746505,215.24936235435172,starboard,,True,goal,False,False,72,90.6397010909281,-2.5451057602153004,0,0,0,0,2,0.0,0.0,0.0,0.0,0.5655790578256223,0.5372889438346997,0.6748902341615978,1.2161197704454612,1.1996055967772732,0,,False,crossing,19,0.0,False,0.0,tier_b,B-16-09,CH-CR-CV-10,389,channel,cv,on
model,crossing,9.999999999999998,1.3277278040117695,78.44407243898448,port,,True,goal,False,False,76,-1.593393658460343,-13.773437798951974,15,0,0,0,2,2.3438406654037487,0.0,0.0,0.0,0.4825392233785365,0.5127794580952172,0.7091136050914106,2.0788421611677075,1.2207633268920863,0,,False,crossing,15,1.0,True,0.0,tier_b,B-16-10,CH-CR-CV-11,390,channel,cv,on
model,crossing,9.5234860209724,1.6324019484821193,289.871672036949,starboard,,True,goal,False,False,75,63.90390780677175,-8.582114121554273,2,2,0,0,5,0.02556101348186022,1.4270101260083865,0.0,0.0,0.30930821801723385,0.5207649178342753,0.6658598088807056,3.7674909682090925,1.3128620153677817,0,,False,crossing,23,0.0,False,0.0,tier_b,B-16-11,CH-CR-CV-12,391,channel,cv,on
model,crossing,9.999999999999998,2.3886987701094444,100.2780328618511,port,,True,goal,False,False,70,117.0140434014785,-2.143593022011115,7,0,0,0,2,0.34470859320717123,0.0,0.0,0.0,0.09717455236347043,0.5357878365506645,0.6769891153012082,3.0887122753476537,0.2982963732123591,0,,False,crossing,16,1.0,True,0.0,tier_b,B-16-12,CH-CR-CV-13,392,channel,cv,on
model,crossing,10.0,0.36219504253909546,156.61221810348798,port,,False,collision:target,True,True,15,-323.49896720897476,-19.207034959975957,7,0,0,0,7,2.324273537992806,0.0,0.0,0.0,1.7115290993136814,0.42991620143514647,0.5691355236515983,1.6490887354895012,0.18153810555398583,0,,False,crossing,13,1.0,True,0.0,tier_b,B-16-13,CH-CR-CV-14,393,channel,cv,on
model,crossing,9.999999999999996,1.3156936268064654,284.64773860754264,starboard,,True,goal,False,False,83,-24.01055794827279,-15.981975976385717,6,0,0,0,1,2.8596237530782345,0.0,0.0,0.0,0.4059640885885465,0.47581433436907083,0.6699532851348793,2.2531239264560528,1.1877985090729952,0,,False,crossing,15,0.0,False,0.0,tier_b,B-16-14,CH-CR-CV-15,394,channel,cv,on
model,crossing,10.368728084886737,1.1625565062130465,131.10686901405043,port,,True,collision:target,True,True,22,-361.6594942987878,-41.74825589554719,19,1,0,0,2,7.365526851306581,0.419624548856279,0.0,0.0,0.71372365883134,0.3668678824476135,0.5442567105613768,1.4942388692604927,0.351713952856367,0,,False,crossing,19,1.0,True,0.0,tier_b,B-16-15,CH-CR-CV-16,395,channel,cv,on
model,crossing,9.999999999999998,0.5683777049578311,229.59771121561687,starboard,,False,collision:target,True,True,15,-341.13301009276586,-34.8092899664797,6,9,0,0,8,2.5519629804289257,1.512530929419599,0.0,0.0,3.264454469495446,0.4115642937128466,0.5448594162097499,1.7503959149432546,0.14632010155947547,0,,False,crossing,13,0.0,False,0.0,tier_b,B-16-16,CH-CR-CV-17,396,channel,cv,on
model,crossing,9.999999999999996,0.651668529654405,254.3887354114857,starboard,,True,collision:target,True,True,19,-342.0035040989499,-21.930916539969505,8,1,0,0,8,2.426264176991666,0.2201022812547387,0.0,0.0,1.9625339048110675,0.3773826546378343,0.5448988407037281,1.3180584697584419,0.35513984120498426,0,,False,crossing,10,0.0,False,0.0,tier_b,B-16-17,CH-CR-CV-18,397,channel,cv,on
model,crossing,11.268063446632981,1.5982201570086232,261.6558085842113,starboard,,True,goal,False,False,83,78.79253048678257,0.0,0,0,0,0,0,0.0,0.0,0.0,0.0,0.0,0.4591855583430994,0.640745428499603,2.2964261885122976,0.9913272900632799,0,,False,never,0,0.0,False,0.0,tier_b,B-16-18,CH-CR-CV-19,398,channel,cv,on
model,crossing,10.247582608522517,1.3871553703789914,254.1050792322543,starboard,,True,goal,False,False,80,-2.110428425956968,-19.354979534659133,8,0,0,0,5,3.238686536461165,0.0,0.0,0.0,0.7385513731503036,0.4885354881266467,0.6540083828228849,2.235974027405375,1.1946414571718662,0,,False,crossing,18,0.0,False,0.0,tier_b,B-16-19,CH-CR-CV-20,399,channel,cv,on
model,crossing,9.999999999999996,1.3453263960169346,119.090051028526,port,,True,collision:target,True,True,21,-310.4924287543298,0.0,0,0,0,0,0,0.0,0.0,0.0,0.0,0.0,0.4446917718966046,0.544198832886864,1.2910717298765808,0.42605097469011416,0,,False,never,0,0.0,False,0.0,tier_b,B-16-20,CH-CR-CV-21,400,channel,cv,on
model,crossing,10.006820641392181,1.2073492869807758,230.98735822922583,starboard,,True,goal,False,False,84,-2.370984524790998,-33.8702820353262,8,2,0,0,10,3.1587441022282046,1.0105972800714216,0.0,0.0,2.9404538206540116,0.46689180776441686,0.7139332065325196,1.5134415730278923,1.3391355281801725,0,,False,crossing,18,0.05555555555555555,True,0.0,tier_b,B-16-21,CH-CR-CV-22,401,channel,cv,on
model,crossing,9.999999999999998,0.26688103801279256,112.8397661250493,port,,True,collision:target,True,True,22,-356.2882907820549,-43.14079358847278,14,3,0,0,10,6.103255480462341,0.7030740799945601,0.0,0.0,2.0998805031580243,0.38769469736282236,0.5460076528526842,1.4234115815106845,0.06259886777693452,0,,False,crossing,18,1.0,True,0.0,tier_b,B-16-22,CH-CR-CV-23,402,channel,cv,on
model,crossing,10.165474974523638,0.10426642127155245,119.1068652339835,port,,False,collision:target,True,True,13,-318.7593293558288,-24.5953552558364,7,4,0,0,8,1.6087173315734695,0.772132973036568,0.0,0.0,2.8466991662259375,0.5023583960872793,0.5905566429995548,1.6251687353768458,0.05416645825860526,0,,False,crossing,11,1.0,True,0.0,tier_b,B-16-23,CH-CR-CV-24,403,channel,cv,on
model,crossing,10.178999547545232,2.238643483346335,104.73853979375738,port,,True,goal,False,False,80,-67.3870645601664,-62.96869520917485,22,22,0,0,2,9.723705049560971,2.889560543116811,0.0,0.0,0.11845122787107067,0.4820330308677665,0.6732320001393102,1.5975662155531591,1.3450727359657235,0,,False,crossing,22,1.0,True,0.0,tier_b,B-16-24,CH-CR-CV-25,404,channel,cv,on
model,crossing,10.0,1.7576794906714601,263.5374447806733,starboard,,True,goal,False,False,68,114.95260817560528,-14.902248827790897,8,0,0,0,4,2.206055636293509,0.0,0.0,0.0,0.8849496506973391,0.5604235664106774,0.6830320880070876,2.2268553243698266,0.31032338659245146,0,,False,crossing,14,0.0,False,0.0,tier_b,B-16-25,CH-CR-CV-26,405,channel,cv,on
model,crossing,9.999999999999998,0.48139351042027295,233.4705182725595,starboard,,True,collision:target,True,True,21,-345.08151462402645,-28.181065432888566,7,7,0,0,9,3.0272343703521267,0.8219673983774833,0.0,0.0,2.0283370394837776,0.36735177213227516,0.5455776506485893,1.6256526182861295,0.13379592410605262,0,,False,crossing,19,0.0,False,0.0,tier_b,B-16-26,CH-CR-CV-27,406,channel,cv,on
model,crossing,10.110082848279966,0.24469883193605102,228.4104033925705,starboard,,False,collision:target,True,True,15,-336.7118727734181,-29.324441799248063,7,3,0,0,9,2.361444040850801,0.12365436369396521,0.0,0.0,3.782934377055883,0.4111836517642613,0.5533714217568989,1.756176110716181,0.09090386962964485,0,,False,crossing,14,0.0,False,0.0,tier_b,B-16-27,CH-CR-CV-28,407,channel,cv,on
model,crossing,9.196480467698114,0.5849246910545405,259.14518372097564,starboard,,True,goal,False,False,87,7.047036586142767,-13.997618988960674,4,4,0,0,7,0.8246554338405078,1.2862838095395666,0.0,0.0,0.788548829828735,0.4420796449616324,0.7028936594824634,2.088092690355926,0.570878349574846,0,,False,crossing,15,0.0,False,0.0,tier_b,B-16-28,CH-CR-CV-29,408,channel,cv,on
model,crossing,9.999999999999998,2.1524066152019046,205.54669302046628,starboard,,True,goal,False,False,65,139.30765047306247,-8.474463698711274,7,4,0,0,2,1.5481694913737325,0.001968899754438595,0.0,0.0,0.1780619250281833,0.5809616317986954,0.6573114134543773,2.331806156291469,0.3557658391712448,0,,False,crossing,15,0.0,False,0.0,tier_b,B-16-29,CH-CR-CV-30,409,channel,cv,on
model,crossing,9.898470534491906,1.7463795832879023,271.30611762124954,starboard,,True,goal,False,False,114,-849.5322736722961,-10.324116196443942,5,1,0,0,1,1.4135340674488415,0.49306493178854727,0.0,0.0,0.19698914449308186,0.35531305838505267,0.6532669918754207,3.185653397445675,2.1067407577033,0,,False,crossing,20,0.0,False,0.0,tier_b,B-16-30,CH-CR-CV-31,410,channel,cv,on
model,crossing,10.91879480985569,2.1432384483205467,101.15541791730382,port,,True,goal,False,False,117,-209.95447136961596,-1.5686735935601481,2,0,0,0,1,0.264464169725284,0.0,0.0,0.0,0.05768354520444263,0.34051193266884294,0.6389718453522588,3.046387895479506,2.235509209694485,0,,False,crossing,5,1.0,True,0.0,tier_b,B-16-31,CH-CR-CV-32,411,channel,cv,on
model,crossing,11.094915866016438,0.2994711688082338,132.6606557363657,port,,True,collision:target,True,True,23,-353.5231964968575,-38.86750830751634,6,7,0,0,14,0.9637015897288715,1.3010163945069702,0.0,0.0,6.146034285677538,0.37279396916973573,0.5439772504288058,1.3269359804397642,0.45291396066927536,0,,False,crossing,14,1.0,True,0.0,tier_b,B-16-32,CH-CR-CV-33,412,channel,cv,on
model,crossing,10.0,1.7532649797502466,241.7818417891658,starboard,,False,collision:target,True,True,19,-325.65593263036567,-19.67777022120422,6,13,0,0,7,0.977022891094903,1.5904497210791666,0.0,0.0,1.5486179535427953,0.39873386583886994,0.5571030109792993,1.9155730076074458,0.10443120174368396,0,,False,crossing,17,0.0,False,0.0,tier_b,B-16-33,CH-CR-CV-34,413,channel,cv,on
model,crossing,10.01664309072254,1.0261492338391913,261.93636915640957,starboard,,False,collision:target,True,True,15,-327.4730618935445,-27.45378377177827,3,9,0,0,7,0.7056531119504454,3.4101818169098004,0.0,0.0,1.573422416426678,0.43247659843945674,0.5447240220431365,1.783629626833482,0.11849725364852519,0,,False,crossing,12,0.0,False,0.0,tier_b,B-16-34,CH-CR-CV-35,414,channel,cv,on
model,crossing,9.999999999999998,1.518889135394239,105.11370708903516,port,,False,collision:target,True,True,19,-347.8534086718675,-43.057700721028574,15,14,0,0,7,4.381137751112204,3.5771267736328194,0.0,0.0,0.8142869607868237,0.4207638620330658,0.5474581265040587,1.2277958770339685,0.049353420450561104,0,,False,crossing,17,1.0,True,0.0,tier_b,B-16-35,CH-CR-CV-36,415,channel,cv,on
model,crossing,9.999999999999998,1.5014576189866102,120.41661239539377,port,,True,goal,False,False,69,105.15963378613162,-16.4199896818606,7,0,0,0,9,1.9490127603364837,0.0,0.0,0.0,1.5049725595988894,0.5486901748854448,0.6623286421388199,1.816535871846205,0.5202765123997456,0,,False,crossing,13,1.0,True,0.0,tier_b,B-16-36,CH-CR-CV-37,416,channel,cv,on
model,crossing,9.999999999999996,0.7207574307825326,253.0630401790325,starboard,,True,collision:target,True,True,17,-298.021753505219,0.0,0,0,0,0,0,0.0,0.0,0.0,0.0,0.0,0.49330167619294835,0.5449382878335663,1.476585894857203,0.47257157300067737,0,,False,never,0,0.0,False,0.0,tier_b,B-16-37,CH-CR-CV-38,417,channel,cv,on
model,crossing,10.02600502475258,2.381187756434547,200.88624317815578,starboard,,True,goal,False,False,64,143.28800942941962,-9.067563725866432,9,0,0,0,2,1.656415026870743,0.0,0.0,0.0,0.19295763174583433,0.5910699990456338,0.6535184613666187,2.544792770838403,0.19182352985226353,0,,False,crossing,17,0.0,False,0.0,tier_b,B-16-38,CH-CR-CV-39,418,channel,cv,on
model,crossing,10.332651799534627,1.1017269909101186,114.68523931214582,port,,True,collision:target,True,True,23,-342.5338020317764,-24.373762971372923,8,1,0,0,8,1.7668451661304583,0.5859498052478251,0.0,0.0,2.8283173029000928,0.41051863202580346,0.5441611901355913,1.3007400335675503,0.497425483488222,0,,False,crossing,8,1.0,True,0.0,tier_b,B-16-39,CH-CR-CV-40,419,channel,cv,on
model,crossing,10.032444903732424,1.2942781848859106,151.69263570253906,port,,True,goal,False,False,62,136.05543883207997,-15.206961648567663,7,0,0,0,7,1.4339839916429273,0.0,0.0,0.0,1.8019424199855938,0.6075527259069655,0.6564325091437166,1.9327188111591467,0.14213115342165464,0,,False,crossing,13,1.0,True,0.0,tier_b,B-17-00,CH-CR-RE-01,420,channel,re,on
model,crossing,10.403832354744322,1.6530405748784907,79.9934803077295,port,,True,goal,False,False,85,18.93197594152892,-2.537641044285466,3,0,0,0,1,0.43188577168431763,0.0,0.0,0.0,0.08884588321068736,0.45896241393181225,0.7452227282904496,3.5236702935554107,1.0931207957004632,0,,False,crossing,17,0.9411764705882353,True,0.0,tier_b,B-17-01,CH-CR-RE-02,421,channel,re,on
model,crossing,9.999999999999998,0.2896347324665452,126.73482235514268,port,,False,collision:obstacle,True,False,31,-422.0548161862912,-38.12920522750622,15,0,0,0,8,7.012053221169601,0.0,0.0,0.0,0.7598981739370434,0.32522572633844116,0.5426016682638608,2.9565465507479805,0.1478445804282126,0,,False,crossing,15,1.0,True,0.0,tier_b,B-17-02,CH-CR-RE-03,422,channel,re,on
model,crossing,9.999999999999998,0.209623801767847,131.64426551627352,port,,True,goal,False,False,77,54.318947663633274,-18.204351491852506,9,2,0,0,5,1.7528427998827305,0.6798753362243469,0.0,0.0,1.3694214929161044,0.5088507242459768,0.6759473483143081,1.7066242716599593,1.0313427272485227,0,,False,crossing,21,1.0,True,0.0,tier_b,B-17-03,CH-CR-RE-04,423,channel,re,on
model,crossing,9.539793380884474,0.41129528363474,108.73690361702447,port,,True,goal,False,False,71,11.088315599534312,-38.26616478461055,20,15,0,0,12,5.6150648524219156,0.5154990961138662,0.0,0.0,1.7599718309685388,0.5479297304216416,0.6998539307880459,2.4920901883405495,1.5086844943368443,0,,False,crossing,20,1.0,True,0.0,tier_b,B-17-04,CH-CR-RE-05,424,channel,re,on
model,crossing,10.38766214327222,0.4364329695009053,97.93275583795887,port,,True,goal,False,False,85,43.7488330160662,-36.992212459141776,30,0,0,0,1,7.401568041545026,0.0,0.0,0.0,0.07876681188753365,0.4480014840785931,0.6524699360022066,3.1947195825767096,0.4708905438688024,0,,False,crossing,30,1.0,True,0.0,tier_b,B-17-05,CH-CR-RE-06,425,channel,re,on
model,crossing,9.741659449514597,0.03992098465791988,93.94729219073326,port,,False,goal,False,False,77,93.11496692488232,-6.093973010143937,6,0,0,0,3,0.8478701692013944,0.0,0.0,0.0,0.4215590383548966,0.4884641590880353,0.688493542549285,4.66387397642492,0.39176210545498824,0,,False,crossing,18,1.0,True,0.0,tier_b,B-17-06,CH-CR-RE-07,426,channel,re,on
model,crossing,10.277468321947957,2.464109586132116,83.41219642650691,port,,True,goal,False,False,63,146.96689258854647,-3.386464880768371,1,4,0,0,1,0.07002675044945891,0.36257216713321017,0.0,0.0,0.2766889419409242,0.6018476783351814,0.6625160677095334,2.7976977006054975,0.35976327345944875,0,,False,crossing,11,1.0,True,0.0,tier_b,B-17-07,CH-CR-RE-08,427,channel,re,on
model,crossing,10.0,0.5691408870417345,199.64406764820257,starboard,,False,goal,False,False,70,25.786930133005114,-22.533247872448978,9,0,0,0,10,2.2430195535738497,0.0,0.0,0.0,2.540066907168539,0.5568012955053812,0.688694085084365,1.9833949085122526,1.4426288245361518,0,,False,crossing,10,0.0,False,0.0,tier_b,B-17-08,CH-CR-RE-09,428,channel,re,on
model,crossing,9.999999999999998,0.8249627377553983,210.82299004368855,starboard,,False,collision:obstacle,True,False,61,-463.27986788177384,-21.89997013048292,15,1,0,0,3,4.232284047790698,0.0013544157310521232,0.0,0.0,0.20965771912227943,0.4323483957952677,0.5526783167462849,2.0965578033670784,1.5217212454338904,0,,False,crossing,18,0.0,False,0.0,tier_b,B-17-09,CH-CR-RE-10,429,channel,re,on
model,crossing,10.461119850872803,0.2691420095802785,158.79530086452223,port,,False,goal,False,False,62,70.19688657930008,-15.680995307886723,10,0,0,0,11,1.3272160166351235,0.0,0.0,0.0,2.0247280056761916,0.629723606629632,0.7058308810685835,2.1625332900715692,1.5133212965810539,0,,False,crossing,13,1.0,True,0.0,tier_b,B-17-10,CH-CR-RE-11,430,channel,re,on
model,crossing,9.999999999999998,1.8303027036780393,282.35571102432937,starboard,,True,goal,False,False,88,-13.787112642759013,-10.987446722207029,9,0,0,0,2,2.0798042946788198,0.0,0.0,0.0,0.15387010301041587,0.47132240213856175,0.6637426374381639,3.1692609154507845,1.7737481275634401,0,,False,crossing,15,0.0,False,0.0,tier_b,B-17-11,CH-CR-RE-12,431,channel,re,on
model,crossing,10.045656895937908,1.0561252182619496,104.19748519670226,port,,True,goal,False,False,95,-129.27997593009587,-29.613916545684976,18,0,0,0,1,5.864389233233484,0.0,0.0,0.0,0.1300421869287166,0.41519116310789467,0.6649379029311338,5.902768774018721,1.6579226782916106,0,,False,crossing,21,1.0,True,0.0,tier_b,B-17-12,CH-CR-RE-13,432,channel,re,on
model,crossing,9.341069438347098,0.5467918540043817,100.41428502966212,port,,True,goal,False,False,159,-1495.2811343394778,-33.942593162784064,25,2,0,0,3,5.989408537937474,0.5236367094294327,0.0,0.0,0.37844870851508317,0.24978530527488316,0.5756034048087434,5.4801333229998885,1.9876654574151935,0,,False,crossing,25,1.0,True,0.0,tier_b,B-17-13,CH-CR-RE-14,433,channel,re,on
model,crossing,9.999999999999996,1.7875482126561177,90.97813427056361,port,,True,goal,False,False,89,-8.639485836710264,-9.977078760604837,18,0,0,0,1,2.0142705987369616,0.0,0.0,0.0,0.0014309548570837828,0.4349075144658472,0.6853910996818271,5.265062018110758,1.102631237249053,0,,False,crossing,33,1.0,True,0.0,tier_b,B-17-14,CH-CR-RE-15,434,channel,re,on
model,crossing,9.765986862796597,1.5784101614043167,103.93702228032436,port,,True,goal,False,False,73,71.64801658374603,-46.05993699290858,14,1,0,0,2,8.353173615360962,0.6727502935375277,0.0,0.0,0.3070252541913467,0.5178213503804721,0.6721749396762514,2.4095293840720595,0.4565128199434415,0,,False,crossing,22,1.0,True,0.0,tier_b,B-17-15,CH-CR-RE-16,435,channel,re,on
model,crossing,9.556140928413907,2.123531315453154,260.4234362826908,starboard,,True,goal,False,False,70,113.83552282429612,-10.85034271665747,7,0,0,0,2,2.0024495958800226,0.0,0.0,0.0,0.20849271490030216,0.540856577253355,0.6726955214894385,3.4061257237562876,0.318721876364381,0,,False,crossing,19,0.0,False,0.0,tier_b,B-17-16,CH-CR-RE-17,436,channel,re,on
model,crossing,10.217995387733058,1.3314203302408643,83.77046926715254,port,,True,goal,False,False,79,2.421664126334349,-32.70588597979511,17,0,0,0,1,6.353490382491097,0.0,0.0,0.0,0.2791352414364837,0.4924483701476942,0.7225622319022916,4.365203502490036,1.0170552908783888,0,,False,crossing,17,1.0,True,0.0,tier_b,B-17-17,CH-CR-RE-18,437,channel,re,on
model,crossing,10.207378360449392,1.5844336201437557,125.92517244226904,port,,True,goal,False,False,77,98.74812660394002,0.0,0,0,0,0,0,0.0,0.0,0.0,0.0,0.0,0.49994710172750007,0.6781230532377847,3.8869174168120075,0.9491670004011923,0,,False,never,0,0.0,False,0.0,tier_b,B-17-18,CH-CR-RE-19,438,channel,re,on
model,crossing,9.999999999999998,0.3727159733997451,130.07046770830436,port,,False,goal,False,False,65,129.1914951097674,-19.39135387821102,7,1,0,0,8,2.3103660799400982,0.005275425187948227,0.0,0.0,1.7619840950727093,0.5824987227898942,0.6479091247176768,2.0465205638440516,0.11536302121071983,0,,False,crossing,15,1.0,True,0.0,tier_b,B-17-19,CH-CR-RE-20,439,channel,re,on
model,crossing,9.999999999999996,0.8984139093786236,98.7509455568568,port,,True,goal,False,False,82,51.421524395077,0.0,0,0,0,0,0,0.0,0.0,0.0,0.0,0.0,0.46788768637695505,0.6873057021804416,5.035829604556834,0.9391830561375447,0,,False,crossing,16,1.0,True,0.0,tier_b,B-17-20,CH-CR-RE-21,440,channel,re,on
model,crossing,9.896901076331547,0.4560571781070477,86.4935881067928,port,,True,collision:boundary,True,False,124,-568.4345070818423,-55.242916046394384,22,14,38,0,3,2.6464941546781895,2.481392168305129,8.047229677297441,0.0,0.19774486874581335,0.36743840844853615,0.578862722157492,2.7588636661972386,2.546148489737621,0,,False,overtaking,68,0.0,False,0.0,tier_b,B-17-21,CH-CR-RE-22,441,channel,re,on
model,crossing,9.805841980493193,0.5489317560852656,92.94542157554166,port,,True,goal,False,False,122,-260.8206558965535,-73.11745618772275,44,3,0,0,1,13.544987602351647,1.2008330798698108,0.0,0.0,0.027920846828113438,0.3449036145277759,0.550502598588217,2.3339293500290355,1.8351715309941865,0,,False,crossing,46,1.0,True,0.0,tier_b,B-17-22,CH-CR-RE-23,442,channel,re,on
model,crossing,9.999999999999998,0.4857658445129803,104.69842530285237,port,,True,goal,False,False,77,55.79147238595752,-13.972247167271247,15,1,0,0,7,1.0917645639008386,0.46450347681197435,0.0,0.0,1.393048970165072,0.5065446797841981,0.6769921049772092,1.8549506213789273,1.2007951263018504,0,,False,crossing,20,1.0,True,0.0,tier_b,B-17-23,CH-CR-RE-24,443,channel,re,on
model,crossing,10.03849068308839,0.580869995113466,139.7673374732422,port,,True,goal,False,False,76,89.2478783372211,0.0,0,0,0,0,0,0.0,0.0,0.0,0.0,0.0,0.5214437033459538,0.6828879924519237,1.8212518340076087,1.2711619872517699,0,,False,never,0,0.0,False,0.0,tier_b,B-17-24,CH-CR-RE-25,444,channel,re,on
model,crossing,10.011622137361226,1.345087842694265,102.32646836446386,port,,True,goal,False,False,84,72.81707744857654,-2.7881057095691757,6,0,0,0,2,0.5121045532730171,0.0,0.0,0.0,0.05626403797060913,0.4532972634073262,0.6566612783687746,3.783726164422805,0.7204905381078671,0,,False,crossing,13,1.0,True,0.0,tier_b,B-17-25,CH-CR-RE-26,445,channel,re,on
model,crossing,9.713310792946782,1.0210054724874489,256.7080465087272,starboard,,True,goal,False,False,73,116.38557485890232,-0.13972054258578404,0,0,0,0,1,0.0,0.0,0.0,0.0,0.031049009463507565,0.5252115359861075,0.6530979169938381,3.007224243677228,0.5566138638426773,0,,False,crossing,16,0.0,False,0.0,tier_b,B-17-26,CH-CR-RE-27,446,channel,re,on
model,crossing,10.0,1.4984253593144752,260.33486387927996,starboard,,True,goal,False,False,79,56.588449513767536,-3.007255574597971,3,0,0,0,3,0.44480324491972023,0.0,0.0,0.0,0.1789954471656346,0.4942059332972924,0.6384206096055954,3.268529751700991,1.3042202534967555,0,,False,crossing,14,0.0,False,0.0,tier_b,B-17-27,CH-CR-RE-28,447,channel,re,on
model,crossing,10.050330900930271,2.353396912113235,169.59944517726788,port,,True,goal,False,False,62,150.92421312725756,-4.255917631774127,7,0,0,0,1,0.8209694110519774,0.0,0.0,0.0,0.042693121570408686,0.6137420297062981,0.6826248833119762,2.657146125177601,0.2638964745639754,0,,False,crossing,14,1.0,True,0.0,tier_b,B-17-28,CH-CR-RE-29,448,channel,re,on
model,crossing,9.553583296279461,1.7550839660311657,103.50513296982905,port,,True,goal,False,False,82,45.28419186015383,-4.925891103925202,14,0,0,0,0,0.9951295159444853,0.0,0.0,0.0,0.0,0.4696165755824674,0.6586256284016716,4.375811017703333,0.9571624258742344,0,,False,crossing,27,1.0,True,0.0,tier_b,B-17-29,CH-CR-RE-30,449,channel,re,on
model,crossing,10.365636036180952,0.8420630343144048,164.96252725909488,port,,False,goal,False,False,68,54.22715049651556,-24.767234519394574,14,0,0,0,7,3.930700952552854,0.0,0.0,0.0,1.1800588453906542,0.5705203621793312,0.6851686843563116,2.0630600471274603,1.6171107831993343,0,,False,crossing,16,1.0,True,0.0,tier_b,B-17-30,CH-CR-RE-31,450,channel,re,on
model,crossing,10.0,0.655812898662872,88.91048160485042,port,,True,goal,False,False,110,-139.00304967907664,-50.639082927020745,47,1,0,0,3,9.39832801309022,0.726935233891852,0.0,0.0,0.11533996765766244,0.36132624210753206,0.651446361272479,2.260112476333651,1.5901946146407662,0,,False,crossing,53,1.0,True,0.0,tier_b,B-17-31,CH-CR-RE-32,451,channel,re,on
model,crossing,9.857950269228823,0.012513022187234657,287.72434676131627,starboard,,False,goal,False,False,83,40.64771750248274,-3.7264804091721833,5,2,0,0,0,0.2396584154335804,0.513165909651709,0.0,0.0,0.0,0.47061345144476596,0.6439365126345685,3.031654390064613,1.2855688403995704,0,,False,overtaking,8,0.0,False,0.0,tier_b,B-17-32,CH-CR-RE-33,452,channel,re,on
model,crossing,9.999999999999996,0.7575551959410318,80.79858049917256,port,,True,collision:boundary,True,False,120,-584.4742640762754,-118.26432795759571,57,5,43,0,7,13.392793714350752,1.8218272722131426,11.122302488396002,0.0,0.6470366924175133,0.37993033416332644,0.5729851738301599,2.418976212040381,1.7450727987474237,0,,False,overtaking,74,0.0,False,0.0,tier_b,B-17-33,CH-CR-RE-34,453,channel,re,on
model,crossing,9.999999999999996,0.2613821639448691,132.66302036200446,port,,True,goal,False,False,85,4.581973585764402,-1.549435735465081,6,0,0,0,1,0.29190291399027307,0.0,0.0,0.0,0.023225846936273175,0.45658973913900625,0.6929054002497097,3.4233383728584044,1.3962641475323732,0,,False,crossing,8,1.0,True,0.0,tier_b,B-17-34,CH-CR-RE-35,454,channel,re,on
model,crossing,10.143511702745936,1.705619958133799,246.1961839587313,starboard,,True,goal,False,False,67,108.71443814212132,0.0,0,0,0,0,0,0.0,0.0,0.0,0.0,0.0,0.5817012833880114,0.708415035463937,3.1504593240172136,1.1278218152385973,0,,False,never,0,0.0,False,0.0,tier_b,B-17-35,CH-CR-RE-36,455,channel,re,on
model,crossing,10.673743517747731,1.773987213896876,104.60632309410593,port,,True,goal,False,False,103,-93.77510206036196,-1.6083632705785131,3,0,0,0,3,0.173314841402107,0.0,0.0,0.0,0.1667677345862407,0.3870923905217354,0.6227153955927994,4.0966844393193975,1.9519390842112292,0,,False,crossing,6,1.0,True,0.0,tier_b,B-17-36,CH-CR-RE-37,456,channel,re,on
model,crossing,9.999999999999998,1.593544391828022,271.3226415550648,starboard,,True,goal,False,False,100,-84.37289592593737,-4.007896522560899,7,0,0,0,0,0.809676065163818,0.0,0.0,0.0,0.0,0.40565126711508703,0.588783398093711,3.3752313333197144,2.175052585927291,0,,False,crossing,24,0.0,False,0.0,tier_b,B-17-37,CH-CR-RE-38,457,channel,re,on
model,crossing,9.999999999999998,0.15663184116043033,230.76844115162385,starboard,,True,goal,False,False,70,71.25256363137792,-2.4781247817549765,0,0,0,0,2,0.0,0.0,0.0,0.0,0.5506943959455504,0.5594907927192685,0.6925178058530107,2.2469560006924953,1.7522021088350261,0,,False,crossing,17,0.0,False,0.0,tier_b,B-17-38,CH-CR-RE-39,458,channel,re,on
model,crossing,10.627674372733418,1.3693303639455499,259.10184440537046,starboard,,True,goal,False,False,73,116.24275374957008,-8.80580773761061,6,0,0,0,2,1.563576304040033,0.0,0.0,0.0,0.2369122294694323,0.5196938849725006,0.6690201468325502,2.9424417195213635,0.39399754843608886,0,,False,crossing,20,0.0,False,0.0,tier_b,B-17-39,CH-CR-RE-40,459,channel,re,on
model,crossing,10.096982588173823,2.4373061035910357,249.01169408230123,starboard,,True,goal,False,False,69,127.49275208966813,-7.4385566449494664,6,0,0,0,3,1.133574373013934,0.0,0.0,0.0,0.40608077745122084,0.5488373895439478,0.6460497816320007,2.9661439380720536,0.26253550757863575,0,,False,crossing,11,0.0,False,0.0,tier_b,B-18-00,CH-CR-NC-01,460,channel,nc,on
model,crossing,10.230458144613126,0.18862936319840817,72.27943745748438,port,,True,goal,False,False,85,-50.10103008169722,-66.60551396197135,27,1,0,0,10,11.336441689543712,0.5463023588113205,0.0,0.0,1.730206871691986,0.4489377338520115,0.6902462434475426,2.1993234280861014,0.9919593579665164,0,,False,crossing,29,1.0,True,0.0,tier_b,B-18-01,CH-CR-NC-02,461,channel,nc,on
model,crossing,9.999999999999996,0.5605275371573382,236.6996861183659,starboard,,True,goal,False,False,72,108.17086983443528,-18.194642787936395,3,2,0,0,5,1.067451097525549,1.1538830559914728,0.0,0.0,1.5997863840060305,0.5284767511862003,0.6646640555857904,1.2730735790141765,0.464413366446803,0,,False,crossing,17,0.0,False,0.0,tier_b,B-18-02,CH-CR-NC-03,462,channel,nc,on
model,crossing,10.0,1.6069779417303356,261.56184260795754,starboard,,True,goal,False,False,74,61.830261271846744,-13.37646447692709,7,0,0,0,3,2.160324605928038,0.0,0.0,0.0,0.5961905950185112,0.524261809277622,0.6828999568655091,2.7566955547766057,1.198144545305527,0,,False,crossing,18,0.0,False,0.0,tier_b,B-18-03,CH-CR-NC-04,463,channel,nc,on
model,crossing,10.120533011347693,1.6766355323311828,193.6785911758891,starboard,,True,goal,False,False,67,85.87504249054655,-15.483119936522478,14,1,0,0,4,2.5310733543522574,0.0012545228339194872,0.0,0.0,0.6551326543224217,0.5737452782407736,0.7244556025574792,2.066213680158039,1.0657092827064396,0,,False,crossing,18,0.0,False,0.0,tier_b,B-18-04,CH-CR-NC-05,464,channel,nc,on
model,crossing,9.989627893115838,2.2714383827594067,279.611928047069,starboard,,True,goal,False,False,74,47.321892471402165,-17.45765225959918,13,0,0,0,1,3.239848481601807,0.0,0.0,0.0,0.315644950148942,0.5248394697497086,0.7294752678335704,3.279872100813167,0.8510291553375474,0,,False,crossing,16,0.0,False,0.0,tier_b,B-18-05,CH-CR-NC-06,465,channel,nc,on
model,crossing,10.33517370421339,1.5488416180659428,246.68321653544996,starboard,,True,goal,False,False,72,31.20954874562267,-16.186506031189165,10,0,0,0,7,2.244294468950635,0.0,0.0,0.0,1.12827742441856,0.538574155397921,0.7600143940082704,1.7649276883250413,1.2351514421951397,0,,False,crossing,14,0.0,False,0.0,tier_b,B-18-06,CH-CR-NC-07,466,channel,nc,on
model,crossing,9.80488889893383,2.029277601006364,254.0894488282647,starboard,,True,collision:target,True,True,17,-320.34173008763827,-14.973495126100001,6,15,0,0,1,0.4049606068657654,2.4163502784040434,0.0,0.0,0.2240013875587664,0.41740382262912656,0.5845313382232394,1.107419004316794,0.28583019800264337,0,,False,crossing,15,0.0,False,0.0,tier_b,B-18-07,CH-CR-NC-08,467,channel,nc,on
model,crossing,9.999999999999996,0.8940453944354199,90.77842404716579,port,,False,collision:target,True,True,19,-334.6863411477953,-28.031721891455415,13,5,0,0,4,2.6669676293369684,2.1180486265235645,0.0,0.0,0.9657536499879495,0.4098932044624112,0.5437099252798353,1.4870912783886194,0.1739287395005836,0,,False,crossing,16,1.0,True,0.0,tier_b,B-18-08,CH-CR-NC-09,468,channel,nc,on
model,crossing,10.0,1.487359367920712,96.18257069179411,port,,False,collision:target,True,True,20,-337.5634624440976,-26.78080961274315,17,9,0,0,5,2.4306105076939146,2.1697570912835937,0.0,0.0,0.8908866661787729,0.3908307194567352,0.5846271479884798,1.2665256475390043,0.13420229329534292,0,,False,crossing,17,1.0,True,0.0,tier_b,B-18-09,CH-CR-NC-10,469,channel,nc,on
model,crossing,9.871011581374821,0.5560250340115364,105.04257827061352,port,,True,collision:target,True,True,23,-329.35595966688237,-9.330858003438113,10,2,0,0,2,1.3944594334389708,0.3085964418178654,0.0,0.0,0.20016253798150496,0.3829421954629962,0.5472310196040726,1.6066860463599462,0.1110361682395709,0,,False,crossing,17,1.0,True,0.0,tier_b,B-18-10,CH-CR-NC-11,470,channel,nc,on
model,crossing,10.0,0.3350854099220943,112.45241001005,port,,False,collision:target,True,True,15,-322.5355236615773,-17.696111100984727,6,2,0,0,3,2.049081347863476,0.5530123407539027,0.0,0.0,1.0701660760730451,0.4039598350841439,0.5445451747137472,1.5452994465950813,0.10525775788077579,0,,False,crossing,10,1.0,True,0.0,tier_b,B-18-11,CH-CR-NC-12,471,channel,nc,on
model,crossing,10.25869037419384,1.6049202117195027,75.47191122464527,port,,True,goal,False,False,82,69.61043782885324,-15.737529505682076,19,0,0,0,2,3.072459855976509,0.0,0.0,0.0,0.11752293746630102,0.462551025646687,0.6919212518677931,3.799867069813506,0.2855135463015372,0,,False,crossing,24,0.9583333333333334,True,0.0,tier_b,B-18-12,CH-CR-NC-13,472,channel,nc,on
model,crossing,10.40528420556436,2.3839008376055872,258.2686201317189,starboard,,True,goal,False,False,73,67.59309395128466,-9.497794741727171,7,0,0,0,4,1.5576180777131114,0.0,0.0,0.0,0.39724116823272637,0.5377644135915732,0.6978196099176115,2.8712333941707615,1.1270884481666268,0,,False,crossing,11,0.0,False,0.0,tier_b,B-18-13,CH-CR-NC-14,473,channel,nc,on
model,crossing,10.0,1.639282222318936,80.31698153157868,port,,True,goal,False,False,84,46.670440190896436,-29.339967225463003,16,0,0,0,2,5.81442935621462,0.0,0.0,0.0,0.12412042493347496,0.4526214435098229,0.6858722638257965,3.419750502995906,0.6552308374553159,0,,False,crossing,27,1.0,True,0.0,tier_b,B-18-14,CH-CR-NC-15,474,channel,nc,on
model,crossing,10.084663219244844,1.8966245177340153,120.89376087678897,port,,True,goal,False,False,71,75.2046450272039,0.0,0,0,0,0,0,0.0,0.0,0.0,0.0,0.0,0.5384527466742449,0.6960594200936913,1.9305061720609733,1.464929336454982,0,,False,never,0,0.0,False,0.0,tier_b,B-18-15,CH-CR-NC-16,475,channel,nc,on
model,crossing,9.170477809113882,2.199785674415092,207.75496942975678,starboard,,True,goal,False,False,70,42.41366194356833,-9.81217892698634,13,2,0,0,1,1.839646065044022,0.016254371879062417,0.0,0.0,0.1389937253815711,0.5503663972460165,0.7155508284267547,2.386956339601697,1.0207539007648743,0,,False,crossing,17,0.0,False,0.0,tier_b,B-18-16,CH-CR-NC-17,476,channel,nc,on
model,crossing,9.999999999999996,2.23788328628969,112.45113624889038,port,,True,goal,False,False,80,61.523203831367915,-5.426970505074254,2,0,0,0,4,0.5789872977670252,0.0,0.0,0.0,0.5691074180283289,0.4853638802026342,0.6924332494101234,2.5576650013100632,1.3256408925333103,0,,False,crossing,5,1.0,True,0.0,tier_b,B-18-17,CH-CR-NC-18,477,channel,nc,on
model,crossing,9.52350209495717,1.7918558631465618,277.972003869809,starboard,,True,goal,False,False,71,80.58716885200454,-2.312650746203457,0,0,0,0,4,0.0,0.0,0.0,0.0,0.5139223880452127,0.5503791501536722,0.6845088895988313,2.859382920087246,1.5775901299448476,0,,False,crossing,15,0.0,False,0.0,tier_b,B-18-18,CH-CR-NC-19,478,channel,nc,on
model,crossing,11.079880984547893,2.143370505413022,277.23846477765125,starboard,,True,goal,False,False,74,108.017525267503,-5.008060107503275,14,0,0,0,1,1.0081469042928703,0.0,0.0,0.0,0.003940651389681549,0.5103571986324505,0.6453919738929744,4.025763461416876,0.5008149863009546,0,,False,crossing,21,0.0,False,0.0,tier_b,B-18-19,CH-CR-NC-20,479,channel,nc,on
model,crossing,9.38635474088374,0.493358430148024,97.62277272816647,port,,True,collision:target,True,True,19,-359.41856232798966,-44.67571575444874,17,5,0,0,7,5.970545608839046,1.3106296600597316,0.0,0.0,1.9186440385332861,0.4065584599393046,0.5607372313640735,1.322378112838661,0.3078495701539503,0,,False,crossing,17,1.0,True,0.0,tier_b,B-18-20,CH-CR-NC-21,480,channel,nc,on
model,crossing,10.00089866026257,2.177843422527538,148.09389521242662,port,,True,goal,False,False,67,21.444283276419796,-33.22222197820642,17,5,0,0,3,6.28333961129141,0.011160484031460027,0.0,0.0,0.45876589030182363,0.5908934511519218,0.6932387325309198,2.7210624990447276,1.7491258011116433,0,,False,crossing,17,1.0,True,0.0,tier_b,B-18-21,CH-CR-NC-22,481,channel,nc,on
model,crossing,10.0,2.2532271112099638,96.55621463418686,port,,True,goal,False,False,78,98.13263713005887,-3.5549155698330526,6,0,0,0,1,0.6927823937590106,0.0,0.0,0.0,0.027920604605766595,0.48867716648134246,0.6342770822911795,3.3403195341830387,0.4500846913824521,0,,False,crossing,13,1.0,True,0.0,tier_b,B-18-22,CH-CR-NC-23,482,channel,nc,on
model,crossing,10.333495543590509,1.0785492496493168,165.4520628173031,port,,True,goal,False,False,65,130.8062859160612,-19.445482221609083,13,2,0,0,9,2.409343815439659,0.034038133313744084,0.0,0.0,1.6334981278399408,0.5781353846483944,0.6418859055613679,1.4757127876543037,0.44141758868466024,0,,False,crossing,18,1.0,True,0.0,tier_b,B-18-23,CH-CR-NC-24,483,channel,nc,on
model,crossing,10.0,2.2324311641628753,270.24292846985963,starboard,,True,goal,False,False,72,53.95969842714143,-7.353891017058828,7,0,0,0,1,1.470329470814875,0.0,0.0,0.0,0.016835585894487828,0.5260070177458707,0.6673673161538332,2.9975548999873465,0.6298829283880203,0,,False,crossing,7,0.0,False,0.0,tier_b,B-18-24,CH-CR-NC-25,484,channel,nc,on
model,crossing,10.376209911594747,1.1327718939395215,83.30150631928323,port,,False,collision:target,True,True,21,-351.2223692167956,-43.93092008251625,17,10,0,0,4,3.910042919256753,4.52918365479629,0.0,0.0,0.4792774535452617,0.4117627926769923,0.6045982617035187,1.1793448820848662,0.3501550163526724,0,,False,crossing,17,1.0,True,0.0,tier_b,B-18-25,CH-CR-NC-26,485,channel,nc,on
model,crossing,9.691830656271154,0.008491864964993157,252.82125986408926,starboard,,True,goal,False,False,77,85.52691919776174,-12.884557785237854,5,5,0,0,4,0.8485403457359268,1.5610448862297086,0.0,0.0,0.21269130822399085,0.4983827179539198,0.6336850882847931,2.0667628345801767,0.849298767886875,0,,False,crossing,14,0.0,False,0.0,tier_b,B-18-26,CH-CR-NC-27,486,channel,nc,on
model,crossing,10.0,1.4435767633251495,240.09587512844007,starboard,,True,collision:target,True,True,21,-302.7441215414521,0.0,0,0,0,0,0,0.0,0.0,0.0,0.0,0.0,0.483155392631422,0.6034625074340286,1.3743178707615378,0.6660459717106167,0,,False,never,0,0.0,False,0.0,tier_b,B-18-27,CH-CR-NC-28,487,channel,nc,on
model,crossing,10.0,0.6486183284545449,200.23095550430182,starboard,,False,collision:target,True,True,18,-348.57550302565386,-39.69246937701843,9,0,0,0,9,3.9216408172411725,0.0,0.0,0.0,4.506743851483252,0.40552219390453204,0.5435701481673723,1.093240429652017,0.31382583198610514,0,,False,crossing,9,0.0,False,0.0,tier_b,B-18-28,CH-CR-NC-29,488,channel,nc,on
model,crossing,10.0,0.15458308923405523,251.8059400117267,starboard,,True,collision:target,True,True,23,-350.3164526039121,-22.676547826041446,8,2,0,0,8,2.6128307665786896,0.6973668360594079,0.0,0.0,1.3980154873295254,0.3618660793950649,0.5449105096576629,1.3514542628927355,0.22065524098015785,0,,False,crossing,20,0.0,False,0.0,tier_b,B-18-29,CH-CR-NC-30,489,channel,nc,on
model,crossing,10.465219517731311,1.903477610200674,114.42610481038736,port,,True,collision:target,True,True,24,-315.1920853277854,0.0,0,0,0,0,0,0.0,0.0,0.0,0.0,0.0,0.43873690055207776,0.5438115524923703,1.5611667781222789,0.5902083659021224,0,,False,never,0,0.0,False,0.0,tier_b,B-18-30,CH-CR-NC-31,490,channel,nc,on
model,crossing,9.999999999999998,1.8674390403958552,142.51632143923706,port,,True,goal,False,False,83,-28.326174593012254,-3.861969100950007,0,3,0,0,3,0.0,0.0704363696314634,0.0,0.0,0.7807353491720584,0.47678815987183343,0.7338331896152773,1.4270455806361186,1.7546558200877687,0,,False,crossing,17,1.0,True,0.0,tier_b,B-18-31,CH-CR-NC-32,491,channel,nc,on
model,crossing,9.999999999999998,2.283707904880839,260.22764068647007,starboard,,True,goal,False,False,75,110.14424438412573,-9.189822831308813,9,0,0,0,2,1.7417120408495423,0.0,0.0,0.0,0.1262996064674618,0.5014859669840659,0.6187398528209668,3.179388871637496,0.28027869392637067,0,,False,crossing,17,0.0,False,0.0,tier_b,B-18-32,CH-CR-NC-33,492,channel,nc,on
model,crossing,9.999999999999998,1.826132245476665,269.43712513022115,starboard,,True,goal,False,False,77,65.77176835393959,-8.717766673884432,7,0,0,0,4,1.4897381719042728,0.0,0.0,0.0,0.29856949399072924,0.5106080161969162,0.6649158495530165,3.3047828218458246,1.2645290684079875,0,,False,crossing,23,0.0,False,0.0,tier_b,B-18-33,CH-CR-NC-34,493,channel,nc,on
model,crossing,9.999999999999998,0.7286889367192464,239.76411050547767,starboard,,True,collision:target,True,True,23,-345.13045151065853,-27.382244341740655,11,6,0,0,9,2.1217389696690585,1.1101479225421995,0.0,0.0,2.529867605621095,0.3760592462695151,0.5446092484980464,1.6755432530139687,0.10040060255320608,0,,False,crossing,21,0.0,False,0.0,tier_b,B-18-34,CH-CR-NC-35,494,channel,nc,on
model,crossing,9.760709998378125,0.6966617910576528,284.5629319061185,starboard,,True,goal,False,False,81,-13.597398982475084,-12.42202190158743,5,1,0,0,2,1.2129276617992797,0.7506072395804044,0.0,0.0,0.6005609199462207,0.4828350702771342,0.6792444204156252,2.3337731709316603,1.1325226914840103,0,,False,crossing,19,0.0,False,0.0,tier_b,B-18-35,CH-CR-NC-36,495,channel,nc,on
model,crossing,10.0,0.6328402489969476,86.54792639553591,port,,True,goal,False,False,83,39.731675143383896,-34.62975243188924,18,0,0,0,7,6.297335010525325,0.0,0.0,0.0,0.7684320288419703,0.45778134937507686,0.6922326898453764,2.4206166733807564,0.5504166175408973,0,,False,crossing,26,1.0,True,0.0,tier_b,B-18-36,CH-CR-NC-37,496,channel,nc,on
model,crossing,10.054465628799555,1.0793549328252519,133.7984218058873,port,,False,collision:target,True,True,22,-356.7256948891273,-50.61868186579999,13,9,0,0,9,5.857892274812775,2.4476466358862203,0.0,0.0,2.1125031684088813,0.40884729436217,0.5777447665691786,1.2102313948571755,0.08751968561503443,0,,False,crossing,20,1.0,True,0.0,tier_b,B-18-37,CH-CR-NC-38,497,channel,nc,on
model,crossing,10.045978558751049,2.0712282718954764,291.44065707012226,starboard,,True,goal,False,False,75,86.089162690401,-2.110238718667888,2,0,0,0,3,0.25601513055052916,0.0,0.0,0.0,0.18732529387617083,0.5138772936814148,0.6877287116462473,3.8199325328606086,0.9468370182746465,0,,False,crossing,18,0.0,False,0.0,tier_b,B-18-38,CH-CR-NC-39,498,channel,nc,on
model,crossing,10.192515747177305,0.4442953880563588,93.97645296752279,port,,True,collision:obstacle,True,False,85,-613.9816470362422,-65.62167481904537,21,5,0,0,4,9.096032375477225,3.043737942440589,0.0,0.0,1.2288470545227086,0.26682914196837015,0.5427814050574324,1.6431748521833136,1.7030239766029969,0,,False,crossing,21,1.0,True,0.0,tier_b,B-18-39,CH-CR-NC-40,499,channel,nc,on
model,overtaking,10.018472917646436,1.8890794814792784,1.5767284165258655,,,,goal,False,False,64,83.21016280053547,-9.008373683643937,18,0,0,0,0,1.8198734714432194,0.0,0.0,0.0,0.0,0.6003461613087535,0.8640284808962521,4.015228704442956,1.3916965946283386,0,,False,overtaking,48,0.0,False,0.0,tier_b,B-19-00,CH-OT-CV-01,500,channel,cv,on
model,overtaking,9.79454799711857,1.462510712415506,7.140706293694446,,,,goal,False,False,60,77.47392786378991,-8.992785354811534,16,0,0,0,0,1.8167243141033407,0.0,0.0,0.0,0.0,0.639079658017368,0.8411403618780547,3.640949464818469,1.4540903856602434,0,,False,overtaking,34,0.0,False,0.0,tier_b,B-19-01,CH-OT-CV-02,501,channel,cv,on
model,overtaking,9.7594546180176,1.5278232961066804,2.234052733317469,,,,goal,False,False,61,70.86189883234843,-18.929071484656426,30,0,0,0,1,3.8171836295900676,0.0,0.0,0.0,0.007558337374575452,0.6356064493396989,0.8492769086278011,3.769011309472348,1.4083693056193842,0,,False,overtaking,32,0.0,False,0.0,tier_b,B-19-02,CH-OT-CV-03,502,channel,cv,on
model,overtaking,10.090844011652912,1.8048767855522263,8.465492255596303,,,,goal,False,False,65,84.157896344573,-58.55050797299684,12,13,43,0,3,1.06613605346306,0.4822799448577613,14.127251100487326,0.0,0.006165515456531999,0.5792350237025956,0.6958403853283864,2.08736999159095,0.21972061229788054,0,,False,overtaking,48,0.0,False,0.0,tier_b,B-19-03,CH-OT-CV-04,503,channel,cv,on
model,overtaking,9.999999999999996,1.3109112083486332,-7.093137823178724,,,,goal,False,False,60,74.66770382755807,-19.344829109992432,13,3,1,0,0,3.5004964078251004,0.2716128634102804,0.18691339371591495,0.0,0.0,0.6425586120467474,0.8305596059412865,3.4219678461298315,1.3901348530728335,0,,False,overtaking,34,0.0,False,0.0,tier_b,B-19-04,CH-OT-CV-05,504,channel,cv,on
model,overtaking,10.067200966736781,1.79687587956281,-5.637209320017296,,,,goal,False,False,58,87.8939843058113,-38.5957363873587,9,0,34,0,1,1.0231368997403374,0.0,9.287309985229204,0.0,0.021531730404197116,0.6540627474016306,0.7701695508964969,2.7476884612024595,0.7396841890093931,0,,False,overtaking,39,0.0,False,0.0,tier_b,B-19-05,CH-OT-CV-06,505,channel,cv,on
model,overtaking,9.999999999999998,0.7259192527173752,-4.551015201288633,,,,goal,False,False,64,82.50433506440646,-8.22547239744967,16,0,0,0,2,1.6266197817547354,0.0,0.0,0.0,0.03860099505860604,0.600237537846271,0.8523398530228963,2.900646457401035,1.487585368043623,0,,False,overtaking,38,0.0,False,0.0,tier_b,B-19-06,CH-OT-CV-07,506,channel,cv,on
model,overtaking,10.318046899960208,0.012683608140338976,-9.573760891804282,,,,goal,False,False,77,8.279021826765103,-55.836226042457746,37,10,2,0,9,8.181704485937908,1.0468762209045528,0.21910847783182408,0.0,2.0813246718651084,0.511935307955836,0.8121942694981515,2.066290366797274,1.6548383830330406,0,,False,overtaking,67,0.0,False,0.0,tier_b,B-19-07,CH-OT-CV-08,507,channel,cv,on
model,overtaking,10.320612916071058,0.4651663696699002,-9.65991275970643,,,,goal,False,False,61,66.90851674415842,-26.95391972143445,29,0,0,0,0,5.445236307360494,0.0,0.0,0.0,0.0,0.6309931274485538,0.7941958214093962,3.1172251121409693,1.7454446041669471,0,,False,overtaking,40,0.0,False,0.0,tier_b,B-19-08,CH-OT-CV-09,508,channel,cv,on
model,overtaking,9.957821728324154,1.3537570074249259,-4.049082541308211,,,,goal,False,False,63,64.03371951988386,0.0,0,0,0,0,0,0.0,0.0,0.0,0.0,0.0,0.6231255680593166,0.783318571665371,3.6284655550731206,1.9125451198998364,0,,False,never,0,0.0,False,0.0,tier_b,B-19-09,CH-OT-CV-10,509,channel,cv,on
model,overtaking,10.65374766903253,1.1543837437277702,-6.952958051398117,,,,goal,False,False,72,-38.2026686651665,-25.13568415785332,22,2,0,0,2,4.9943091931423105,0.0697979507003041,0.0,0.0,0.015189732407193299,0.5636713685157415,0.8301785913146489,3.3870273245142264,1.7036279413437514,0,,False,overtaking,36,0.0,False,0.0,tier_b,B-19-10,CH-OT-CV-11,510,channel,cv,on
model,overtaking,10.0,1.4518131764187319,-9.906135129256032,,,,goal,False,False,66,54.76699738651774,-8.70102842147896,5,1,8,0,0,0.36487846504883703,0.011692195701862983,1.8991676807674984,0.0,0.0,0.5784458741274692,0.8817271940587069,2.781429981916629,0.9018309194416214,0,,False,overtaking,37,0.0,False,0.0,tier_b,B-19-11,CH-OT-CV-12,511,channel,cv,on
model,overtaking,9.003614550224231,0.38049966256705137,-7.176384964118354,,,,goal,False,False,65,-9.23053599228696,-69.18672432944153,20,0,38,0,0,4.803574362416705,0.0,12.61361978763301,0.0,0.0,0.5889643966224883,0.6970805975183512,2.19915684889007,1.502307783247153,0,,False,overtaking,53,0.0,False,0.0,tier_b,B-19-12,CH-OT-CV-13,512,channel,cv,on
model,overtaking,10.028158839058294,1.2745074657110176,-6.624315004851078,,,,goal,False,False,63,70.34109724186317,-20.25211523073247,43,0,0,0,0,4.091336410248982,0.0,0.0,0.0,0.0,0.606010033861184,0.8320406605059968,3.5750532549969893,1.6070112790017013,0,,False,overtaking,43,0.0,False,0.0,tier_b,B-19-13,CH-OT-CV-14,513,channel,cv,on
model,overtaking,10.0,1.6581162199247887,-8.155944043287045,,,,goal,False,False,61,92.18174313994805,-4.229550014981775,20,1,0,0,0,0.8490076888560897,0.005446859625076817,0.0,0.0,0.0,0.630612827123796,0.8450658617408698,3.585491022167465,1.2471971095274939,0,,False,overtaking,38,0.0,False,0.0,tier_b,B-19-14,CH-OT-CV-15,514,channel,cv,on
model,overtaking,10.277309682485887,1.7273284055189322,-0.34623539925120994,,,,goal,False,False,61,90.2044263461928,-48.59073398068141,16,1,35,0,0,1.996834703988956,0.14415593764375312,10.55356397349986,0.0,0.0,0.6243442827415331,0.738727545050052,2.280751610356716,0.3908309796083567,0,,False,overtaking,36,0.0,False,0.0,tier_b,B-19-15,CH-OT-CV-16,515,channel,cv,on
model,overtaking,9.999999999999998,1.8224471017467458,-7.213071072184238,,,,goal,False,False,60,90.45979579548538,-41.30676920688718,11,0,38,0,0,0.748826561565046,0.0,10.444466035316719,0.0,0.0,0.6348198281878209,0.7107828848155087,2.669124933307427,0.658428253886445,0,,False,overtaking,41,0.0,False,0.0,tier_b,B-19-16,CH-OT-CV-17,516,channel,cv,on
model,overtaking,10.0,0.09098296927694483,-8.734753433889221,,,,goal,False,False,69,-92.37826499638773,-180.51996257601138,42,0,45,0,26,24.561829381032275,0.0,13.01591425447339,0.0,2.684803516399408,0.5554577451555809,0.7104774946780577,2.1142974401127685,1.2843459503144228,0,,False,overtaking,52,0.0,False,0.0,tier_b,B-19-17,CH-OT-CV-18,517,channel,cv,on
model,overtaking,10.619666656868688,1.566731586021876,0.7579302778721253,,,,goal,False,False,60,87.48587019411703,-47.275447314004644,11,0,41,0,0,0.5728409693078922,0.0,12.344412365536273,0.0,0.0,0.6339559085323285,0.7363795430782555,2.6095732164500016,0.7163914558801976,0,,False,overtaking,42,0.0,False,0.0,tier_b,B-19-18,CH-OT-CV-19,518,channel,cv,on
model,overtaking,9.999999999999998,0.48198810671556247,7.277326123102064,,,,goal,False,False,76,-35.25211204819222,-17.368372233208454,18,0,1,0,9,2.577495969471355,0.0,0.10447211582524704,0.0,0.9408150149676343,0.5136818757728584,0.9026071652675437,2.2505875049974025,1.5044166879810283,0,,False,overtaking,53,0.0,False,0.0,tier_b,B-19-19,CH-OT-CV-20,519,channel,cv,on
model,overtaking,10.0,1.454351530967966,-8.993785033540698,,,,goal,False,False,56,74.6822840798413,-42.71209697613492,12,0,33,0,6,0.8955620950977247,0.0,10.442227065599482,0.0,0.15267714872067603,0.6798643544970461,0.7691728746776425,2.5293475982889047,0.9076838168344248,0,,False,overtaking,34,0.0,False,0.0,tier_b,B-19-20,CH-OT-CV-21,520,channel,cv,on
model,overtaking,9.212249108547425,1.006788268936462,6.148393717077621,,,,goal,False,False,60,84.9617011245463,-45.16199437920829,4,1,36,0,1,0.23436123173909718,0.13052622127564267,12.04095994188528,0.0,0.001854599110736881,0.6282307223710933,0.7314900973831565,2.116207112396117,0.7068748833900382,0,,False,overtaking,36,0.0,False,0.0,tier_b,B-19-21,CH-OT-CV-22,521,channel,cv,on
model,overtaking,10.0,1.5008330569192896,-5.5758845656200435,,,,goal,False,False,63,76.2859506124131,-13.502020340837172,22,0,0,0,0,2.727680876936802,0.0,0.0,0.0,0.0,0.6120761170627462,0.817395655979153,3.6999197940731317,1.4477272688955565,0,,False,overtaking,46,0.0,False,0.0,tier_b,B-19-22,CH-OT-CV-23,522,channel,cv,on
model,overtaking,9.84026391412315,1.9165334832802843,5.849159171418039,,,,goal,False,False,64,63.44002630483523,-24.26541353168858,18,0,4,0,0,4.174427787519863,0.0,1.00055443985146,0.0,0.0,0.6092621585837382,0.7212195113736675,2.8687213570344836,1.1384450342908874,0,,False,overtaking,18,0.0,False,0.0,tier_b,B-19-23,CH-OT-CV-24,523,channel,cv,on
model,overtaking,9.265552746201726,0.8423693537729262,5.509025734611868,,,,collision:target,True,True,108,-617.153579237845,-80.19037238645393,9,12,51,0,0,0.42632142209225254,5.487555991564681,14.143521996903365,0.0,0.0,0.3924893310911739,0.5889221753526489,1.0198643783644379,2.2254067848081163,0,,False,overtaking,51,0.0,False,0.0,tier_b,B-19-24,CH-OT-CV-25,524,channel,cv,on
model,overtaking,10.261758698296516,0.6442402076984224,2.0895330895289312,,,,goal,False,False,62,65.10354876193756,-55.70259274610302,16,1,44,0,2,1.6999720655355857,0.06327606276497175,12.970065175377654,0.0,0.0627288621457079,0.6098525151888431,0.7258713028654894,2.3208909521974337,1.1606280549174657,0,,False,overtaking,45,0.0,False,0.0,tier_b,B-19-25,CH-OT-CV-26,525,channel,cv,on
model,overtaking,10.50203910094581,1.2986425956862344,9.543804421208929,,,,goal,False,False,66,74.52541315133759,-59.06778668736267,10,13,42,0,5,1.1365895767173493,1.615930540737846,12.502491713671464,0.0,0.09640931927604152,0.5715097454570254,0.6590309360499285,2.206661685387183,0.6503091746868791,0,,False,overtaking,43,0.0,False,0.0,tier_b,B-19-26,CH-OT-CV-27,526,channel,cv,on
model,overtaking,9.580351545319703,1.214199711394644,2.5843228655898294,,,,goal,False,False,64,65.95308261535499,-58.153608650973226,17,1,44,0,7,1.3552789998636123,0.0406901554171265,13.747129322183854,0.0,0.3897546161048186,0.5916509574715751,0.7207952613792498,2.4051914178884894,0.8145710854830356,0,,False,overtaking,47,0.0,False,0.0,tier_b,B-19-27,CH-OT-CV-28,527,channel,cv,on
model,overtaking,10.017426577199545,1.322586299859758,-9.457127048523134,,,,goal,False,False,59,68.56848119662999,-47.78809125500496,12,0,40,0,2,1.1543489628168244,0.0,11.634252569868284,0.0,0.042389919452413945,0.6429076506140577,0.7627064722653144,2.6842218021789375,1.0773261968544312,0,,False,overtaking,42,0.0,False,0.0,tier_b,B-19-28,CH-OT-CV-29,528,channel,cv,on
model,overtaking,10.405857845822768,0.2588241570719476,-1.3307831996142188,,,,goal,False,False,66,44.60409105274827,-74.20449587275577,21,2,48,0,15,3.2848058117868244,0.1030361960334516,15.109228445775829,0.0,0.675879006500539,0.5823738156374572,0.6559267842872393,2.164257139937392,1.4252872423459593,0,,False,overtaking,53,0.0,False,0.0,tier_b,B-19-29,CH-OT-CV-30,529,channel,cv,on
model,overtaking,9.02369642050568,0.9284158721786417,-1.1488994519943247,,,,goal,False,False,64,64.04653507651858,-51.97339509831536,11,0,43,0,4,1.0739560854583112,0.0,12.829391118513866,0.0,0.1047787663659512,0.5932410040040945,0.716691111755704,2.2812961447737563,0.9186055004761555,0,,False,overtaking,47,0.0,False,0.0,tier_b,B-19-30,CH-OT-CV-31,530,channel,cv,on
model,overtaking,10.098148103748601,0.5507070873648883,-0.9613675677767866,,,,goal,False,False,63,74.55704631629405,-9.083935309589354,19,0,1,0,0,1.8035788545007625,0.0,0.04339443883627269,0.0,0.0,0.6094707583653253,0.8525702550234309,3.074987886732727,1.6733629967903088,0,,False,overtaking,39,0.0,False,0.0,tier_b,B-19-31,CH-OT-CV-32,531,channel,cv,on
model,overtaking,9.817379900740935,0.9432836209018034,-2.3555909028412643,,,,goal,False,False,64,20.067295990908832,-63.53929853520343,46,0,0,0,0,12.836221926303725,0.0,0.0,0.0,0.0,0.6080881368463678,0.8493623817541075,3.3099566741544346,1.6244484168557243,0,,False,overtaking,47,0.0,False,0.0,tier_b,B-19-32,CH-OT-CV-33,532,channel,cv,on
model,overtaking,9.949835302670753,0.1913131563942787,-1.284993550428572,,,,goal,False,False,73,43.21881684103814,-65.82467167714138,15,0,51,0,14,1.484472239513552,0.0,15.250307474985044,0.0,0.7945393736895853,0.5575330158277986,0.6743551499244428,2.261314325117301,1.3767076285078814,0,,False,overtaking,54,0.0,False,0.0,tier_b,B-19-33,CH-OT-CV-34,533,channel,cv,on
model,overtaking,10.350200333178588,1.5385594983252922,8.065759659655956,,,,goal,False,False,66,80.64923485063748,-58.38390874212287,10,9,45,0,0,1.0678974424584915,1.0353841003309288,13.325740307032008,0.0,0.0,0.5673220076944616,0.675492101048879,2.3674347447704203,0.601577491834576,0,,False,overtaking,45,0.0,False,0.0,tier_b,B-19-34,CH-OT-CV-35,534,channel,cv,on
model,overtaking,9.67973916823041,1.275433366997928,8.22815366117996,,,,goal,False,False,84,-4.546420943125526,-86.46806055928067,14,11,64,0,5,1.7858287373834134,1.578015463788105,18.935728086175327,0.0,0.36631347850010965,0.4464530955046074,0.5847625245919222,1.9790826960255234,0.6499064136340397,0,,False,overtaking,74,0.0,False,0.0,tier_b,B-19-35,CH-OT-CV-36,535,channel,cv,on
model,overtaking,10.0,0.509612498822317,2.8086927181497128,,,,goal,False,False,67,69.70174411565087,-20.23831852889237,33,0,0,0,10,3.850815462402114,0.0,0.0,0.0,0.26150710888931183,0.589861597399534,0.9101700559753108,2.6929956310198038,1.4550034797096418,0,,False,overtaking,52,0.0,False,0.0,tier_b,B-19-36,CH-OT-CV-37,536,channel,cv,on
model,overtaking,9.999999999999998,1.9146141522834663,-6.484817148340925,,,,goal,False,False,58,86.45506355341222,-14.113253364895154,14,1,0,0,0,2.5155330960857523,0.33562919985266265,0.0,0.0,0.0,0.6635658877844072,0.8316688040144069,3.9093896913173882,1.2969641020628757,0,,False,overtaking,31,0.0,False,0.0,tier_b,B-19-37,CH-OT-CV-38,537,channel,cv,on
model,overtaking,9.999999999999998,0.3652769503741655,-5.283143245496924,,,,collision:boundary,True,False,140,-729.7768007264438,-191.13095538426086,66,0,15,0,3,36.97816403874539,0.0,2.0712427195724947,0.0,0.14057102266890611,0.3338648740720704,0.5447950894453525,2.8663881645759,1.8586431700665766,0,,False,overtaking,79,0.0,False,0.0,tier_b,B-19-38,CH-OT-CV-39,538,channel,cv,on
model,overtaking,10.0,1.8154870306859228,5.479211379137263,,,,goal,False,False,64,51.10036110831975,-76.4539763107782,22,6,40,0,19,3.4677917100528224,0.8181711538720323,12.759132858088583,0.0,2.067907076718055,0.5896700169084421,0.731065380243322,2.1845737128113987,0.2508664220223844,0,,False,overtaking,43,0.0,False,0.0,tier_b,B-19-39,CH-OT-CV-40,539,channel,cv,on
model,overtaking,10.117569027847006,0.009282404639606723,-8.417555169374824,,,,goal,False,False,80,16.66337521062465,-34.883373092998895,43,1,2,0,12,5.166191892440048,0.11051930733826465,0.16513696943195746,0.0,1.8153687920313768,0.5061917415439003,0.8360319429423404,2.1071261760604,1.6661802886262185,0,,False,overtaking,60,0.0,False,0.0,tier_b,B-20-00,CH-OT-RE-01,540,channel,re,on
model,overtaking,10.046337290565305,1.8242897838971879,7.432810208940541,,,,goal,False,False,59,90.98236499859905,-2.1168051387924973,12,0,0,0,0,0.4276374017762621,0.0,0.0,0.0,0.0,0.6494959255766392,0.8499118088364399,3.915227518760769,1.4349679436881926,0,,False,overtaking,31,0.0,False,0.0,tier_b,B-20-01,CH-OT-RE-02,541,channel,re,on
model,overtaking,10.106408864776549,1.4733756542999703,-4.770921676789703,,,,goal,False,False,62,85.2662820101986,-12.156236039601579,15,1,0,0,0,1.9237226641219443,0.5320825964036271,0.0,0.0,0.0,0.6194642576234374,0.8092626928280605,3.552931821282998,1.3908876698360533,0,,False,overtaking,36,0.0,False,0.0,tier_b,B-20-02,CH-OT-RE-03,542,channel,re,on
model,overtaking,10.517920080334179,0.01767892772270785,2.092250378539708,,,,goal,False,False,62,57.78965021490239,-62.610620949177644,13,1,44,0,3,2.429666896190437,0.02199101534043848,13.942194921245484,0.0,0.0628916823591225,0.6101838261015308,0.7008119905589044,2.0926506136773324,1.4268674908503067,0,,False,overtaking,46,0.0,False,0.0,tier_b,B-20-03,CH-OT-RE-04,543,channel,re,on
model,overtaking,10.509118580933837,0.4068401753454296,8.093392708756625,,,,goal,False,False,79,13.536828281428072,-75.61555026820432,23,5,51,0,8,2.4814064177273867,0.5919496244843875,16.461893621892486,0.0,0.25324907120957024,0.5094943662271387,0.581441039476023,1.7838459187894014,1.6499185617784908,0,,False,overtaking,55,0.0,False,0.0,tier_b,B-20-04,CH-OT-RE-05,544,channel,re,on
model,overtaking,9.446961073038484,0.07306029434834516,5.44320270342617,,,,goal,False,False,67,40.60726831458621,-75.51566049269502,14,5,50,0,19,0.8585560183378926,0.47725339841696013,16.75617631864624,0.0,1.9069264739182294,0.570939635998982,0.6547943646901995,1.841956544553528,1.2357552342640628,0,,False,overtaking,50,0.0,False,0.0,tier_b,B-20-05,CH-OT-RE-06,545,channel,re,on
model,overtaking,8.893835834440619,1.243905965110267,-0.4337811643097371,,,,goal,False,False,61,68.70456023685146,-16.66251619160634,24,0,0,0,0,3.3661648871931993,0.0,0.0,0.0,0.0,0.6242313651793822,0.842381359151347,3.34088029255844,1.4174515651074509,0,,False,overtaking,44,0.0,False,0.0,tier_b,B-20-06,CH-OT-RE-07,546,channel,re,on
model,overtaking,10.0,0.5037760508122735,-6.1249791199742525,,,,collision:boundary,True,False,143,-608.5482941369567,-55.62367071133672,50,3,16,0,0,8.789871254226151,0.6781909354355435,2.4324341312531406,0.0,0.0,0.32543026898645167,0.5483650902814264,2.4564136167191695,1.9608136088580794,0,,False,overtaking,77,0.0,False,0.0,tier_b,B-20-07,CH-OT-RE-08,547,channel,re,on
model,overtaking,9.982004507443481,0.14740277244565814,8.759608913418017,,,,goal,False,False,84,-116.02237321455637,-144.97488639364695,52,4,48,0,31,13.797004473495694,0.44932698118379066,14.210338996510297,0.0,5.177405623454763,0.4628201014306454,0.5866949130045528,1.6814793368433427,1.1312209151737096,0,,False,overtaking,62,0.0,False,0.0,tier_b,B-20-08,CH-OT-RE-09,548,channel,re,on
model,overtaking,10.892975835233557,1.8639807165468096,-3.433799988439352,,,,goal,False,False,59,98.02145935937043,-32.23807394392638,10,0,32,0,0,1.0109364854442506,0.0,7.564982872493705,0.0,0.0,0.6451469388389791,0.7528029325790676,2.857690702346128,0.7559605168326877,0,,False,overtaking,36,0.0,False,0.0,tier_b,B-20-09,CH-OT-RE-10,549,channel,re,on
model,overtaking,9.999999999999998,1.0788280222360762,-8.545642428510183,,,,goal,False,False,56,82.9000156295383,-10.428232008026573,19,1,0,0,0,2.1031988466387737,0.0035146903362914166,0.0,0.0,0.0,0.6860114718237617,0.8398442983765316,3.350625634936958,1.395295189376281,0,,False,overtaking,36,0.0,False,0.0,tier_b,B-20-10,CH-OT-RE-11,550,channel,re,on
model,overtaking,10.681963900933681,0.4186494811155712,-0.30503741823826935,,,,goal,False,False,73,67.12354131328368,-14.03635938973666,22,1,2,0,8,2.249277813598567,0.020465635256417782,0.3132157022515389,0.0,0.3719006199553212,0.5521061896505033,0.867876280676644,2.65207111244764,1.4794555461254182,0,,False,overtaking,54,0.0,False,0.0,tier_b,B-20-11,CH-OT-RE-12,551,channel,re,on
model,overtaking,9.999999999999998,1.0456050888234953,-5.384105434667963,,,,goal,False,False,62,64.37034489885423,-50.810412059398345,13,0,41,0,0,1.663923849445581,0.0,11.826108056845202,0.0,0.0,0.6133504238803524,0.7590151640320392,2.5702797401788944,1.0787983204379632,0,,False,overtaking,46,0.0,False,0.0,tier_b,B-20-12,CH-OT-RE-13,552,channel,re,on
model,overtaking,10.0,1.947294773658794,-8.669662582224333,,,,goal,False,False,57,95.35155352250987,-32.98580451513382,12,0,30,0,2,1.126299816026905,0.0,7.547390176312162,0.0,0.05333684246152064,0.6682963381603888,0.7555555969784971,2.715324066444185,0.6817227555644737,0,,False,overtaking,31,0.0,False,0.0,tier_b,B-20-13,CH-OT-RE-14,553,channel,re,on
model,overtaking,10.0,0.19403695873708227,1.8708700402559835,,,,goal,False,False,67,21.74908377442472,-94.85843044523625,26,1,54,0,15,5.214333642521662,0.004137318592867746,17.360592052085632,0.0,1.4508595111580191,0.5720576222794164,0.668736359664228,2.049945669194412,1.286930792732262,0,,False,overtaking,58,0.0,False,0.0,tier_b,B-20-14,CH-OT-RE-15,554,channel,re,on
model,overtaking,11.720630560807352,1.3491242965603318,-7.756951576874453,,,,collision:boundary,True,False,157,-782.517787136885,-173.01524442366107,79,8,18,0,0,31.948006708889466,0.7315164724753437,3.125445743307013,0.0,0.0,0.3006676171860381,0.5416668770148864,5.010898288250161,1.8312137651328109,0,,False,overtaking,80,0.0,False,0.0,tier_b,B-20-15,CH-OT-RE-16,555,channel,re,on
model,overtaking,10.0,0.7058863609663593,0.5567275289904927,,,,goal,False,False,69,35.70953630163301,-43.76265219576749,43,1,0,0,6,8.711432314863591,0.011515177178357214,0.0,0.0,0.12979158003552035,0.5626511263816302,0.9192774327126693,2.6625869930452506,1.4808163781114512,0,,False,overtaking,56,0.0,False,0.0,tier_b,B-20-16,CH-OT-RE-17,556,channel,re,on
model,overtaking,9.998266728550231,1.9841873597230615,4.160351062392063,,,,goal,False,False,79,-288.5755307842967,-258.1610067943067,61,5,50,0,16,39.370099310056716,0.5078475751190815,15.3485267169211,0.0,1.2245496737267745,0.4822260681482516,0.7381282157675579,2.462551312284049,0.36333930605835235,0,,False,overtaking,64,0.0,False,0.0,tier_b,B-20-17,CH-OT-RE-18,557,channel,re,on
model,overtaking,10.147646590101504,1.0427519223353696,6.899343264938029,,,,goal,False,False,65,14.57330334788648,-63.52709175993864,22,11,34,0,5,4.657244098491402,1.0706870348556958,9.358099580781541,0.0,0.329927590901545,0.5886245346430944,0.7072895925881697,2.210761093442017,1.2756634585210713,0,,False,overtaking,42,0.0,False,0.0,tier_b,B-20-18,CH-OT-RE-19,558,channel,re,on
model,overtaking,10.0,1.7237862369603791,3.777776940546058,,,,timeout,False,False,180,-1695.3102114753751,-82.09943240030702,34,0,43,0,0,8.787270605043824,0.0,10.722900807038911,0.0,0.0,0.24039235992204158,0.5415417763353476,4.147067417718958,2.85111794994384,0,,False,overtaking,59,0.0,False,0.0,tier_b,B-20-19,CH-OT-RE-20,559,channel,re,on
model,overtaking,9.55720986742224,1.443690004243078,-5.011972251986454,,,,goal,False,False,61,81.32861624266334,-11.2849636053406,17,2,0,0,1,1.89853235897862,0.3756488178288543,0.0,0.0,0.006170395587466244,0.6292726126101055,0.8470096983976287,3.2987882121956473,1.1961532846609964,0,,False,overtaking,42,0.0,False,0.0,tier_b,B-20-20,CH-OT-RE-21,560,channel,re,on
model,overtaking,10.000000000000002,0.32179485960920395,1.6067472134731826,,,,goal,False,False,72,47.571364643632016,-23.70287841989139,17,0,3,0,0,4.409027341734572,0.0,0.5217202995292396,0.0,0.0,0.5666147985752615,0.9224696309148894,2.7951916686307756,1.3322669318064106,0,,False,overtaking,43,0.0,False,0.0,tier_b,B-20-21,CH-OT-RE-22,561,channel,re,on
model,overtaking,10.798992096205556,1.0053019119543785,5.150085728914775,,,,goal,False,False,66,79.9517101999551,-3.8530236859290627,12,0,0,0,0,0.7783886234200126,0.0,0.0,0.0,0.0,0.5862331711479354,0.8514685619165251,3.3344677818540363,1.4435301313347921,0,,False,overtaking,39,0.0,False,0.0,tier_b,B-20-22,CH-OT-RE-23,562,channel,re,on
model,overtaking,9.999999999999998,0.2050008935025016,-0.32194450709010347,,,,goal,False,False,66,52.33092018952448,-62.45524136653961,18,0,43,0,16,1.480727526191214,0.0,14.33161097125906,0.0,0.7848534700801033,0.581181415692738,0.7010373019789081,2.1084308002066474,1.269243827103175,0,,False,overtaking,45,0.0,False,0.0,tier_b,B-20-23,CH-OT-RE-24,563,channel,re,on
model,overtaking,9.999999999999998,1.5126015898427414,-7.151999297983349,,,,goal,False,False,58,86.14771605762215,-11.559121706119395,16,0,0,0,0,2.3351761022463418,0.0,0.0,0.0,0.0,0.6691931633862505,0.8183889153452372,3.78615346634443,1.4511140203238564,0,,False,overtaking,29,0.0,False,0.0,tier_b,B-20-24,CH-OT-RE-25,564,channel,re,on
model,overtaking,9.751265586431565,1.6388322752427962,3.805362302115995,,,,goal,False,False,61,86.54195609837144,-50.123121487184136,5,4,39,0,1,0.6531053203093525,0.08885606462042597,12.840715099627838,0.0,0.04974183847144515,0.6167959401321079,0.729174259005761,2.334569324667768,0.4545818174857662,0,,False,overtaking,40,0.0,False,0.0,tier_b,B-20-25,CH-OT-RE-26,565,channel,re,on
model,overtaking,9.999999999999998,0.6522251787389877,2.399625870344156,,,,goal,False,False,66,-3.175076747687527,-34.17126768692095,11,4,32,0,0,0.3424697092024731,0.038069241145561775,8.968777745193936,0.0,0.0,0.5825806774806578,0.6876509764158177,2.5164053208312787,1.5629191488893572,0,,False,overtaking,36,0.0,False,0.0,tier_b,B-20-26,CH-OT-RE-27,566,channel,re,on
model,overtaking,10.052366355096279,0.686106059199922,3.183638110852433,,,,goal,False,False,68,42.447974852781606,-74.65272101858324,20,6,40,0,21,3.1767822221040647,0.3601196769264254,12.691969777961486,0.0,2.5453256483824327,0.553252229044476,0.6984212470408342,1.815282965440576,0.8351766029657287,0,,False,overtaking,41,0.0,False,0.0,tier_b,B-20-27,CH-OT-RE-28,567,channel,re,on
model,overtaking,9.49264471915001,1.3876304619324524,-1.6471385855650738,,,,goal,False,False,60,81.27634195540485,-52.20595057063099,12,1,38,0,6,1.7139200350937374,0.01931048581393437,11.957380175159216,0.0,0.12886463590329544,0.6303366785120005,0.7208719731820483,2.493618722410604,0.7603948115151146,0,,False,overtaking,39,0.0,False,0.0,tier_b,B-20-28,CH-OT-RE-29,568,channel,re,on
model,overtaking,9.882745387012912,1.6975949344359504,1.1754396620158776,,,,goal,False,False,59,84.95826948791981,-5.9879302691575,21,0,0,0,0,1.2096828826580808,0.0,0.0,0.0,0.0,0.6490229006485898,0.8600513392602854,4.064003421351607,1.595412042621721,0,,False,overtaking,36,0.0,False,0.0,tier_b,B-20-29,CH-OT-RE-30,569,channel,re,on
model,overtaking,9.989159119316326,0.08064527647406083,-1.3595490802471915,,,,goal,False,False,66,45.4003950759128,-33.119058900800546,26,1,0,0,21,3.434007418471837,0.047689900543698614,0.0,0.0,3.5299238159274764,0.5826391323099518,0.8879421056299601,2.0485771799831953,1.483914674100927,0,,False,overtaking,46,0.0,False,0.0,tier_b,B-20-30,CH-OT-RE-31,570,channel,re,on
model,overtaking,9.999999999999998,1.2108081615075108,5.144762073436128,,,,goal,False,False,65,62.88297530296893,-18.06276371839219,32,0,0,0,0,3.649043175432764,0.0,0.0,0.0,0.0,0.6016103498937034,0.870767989321015,3.6196587114084453,1.6677219920427262,0,,False,overtaking,49,0.0,False,0.0,tier_b,B-20-31,CH-OT-RE-32,571,channel,re,on
model,overtaking,9.999999999999996,1.030775462023817,-4.885654883313231,,,,goal,False,False,66,1.536219454069311,-23.04527122115383,5,2,32,0,0,0.11225341448745618,0.0055460163029851465,6.23949001076143,0.0,0.0,0.5785960024724982,0.7047948978703803,2.8830956444602998,1.4972238204099149,0,,False,overtaking,36,0.0,False,0.0,tier_b,B-20-32,CH-OT-RE-33,572,channel,re,on
model,overtaking,9.88389469135299,1.759630366585207,8.671636641981014,,,,goal,False,False,74,15.240610155415396,-85.4656083784119,31,8,41,0,14,5.8330282418694575,1.4659450301158987,11.292455483973193,0.0,1.929522431062422,0.5151172322603127,0.7361428169274438,2.1992673825003544,0.4626010561651108,0,,False,overtaking,55,0.0,False,0.0,tier_b,B-20-33,CH-OT-RE-34,573,channel,re,on
model,overtaking,9.999999999999996,0.7146204654659294,7.628078755779665,,,,collision:target,True,True,120,-552.2157097471734,-72.44132456866993,13,5,62,0,1,1.4076555383204192,1.3378655106642814,16.304149108707822,0.0,0.0346796855216713,0.3607903002406154,0.5843721221543308,1.3601946071170257,2.0701669863208654,0,,False,overtaking,73,0.0,False,0.0,tier_b,B-20-34,CH-OT-RE-35,574,channel,re,on
model,overtaking,10.121079529493706,1.8972682040114353,-1.9648043382130567,,,,goal,False,False,61,81.12258995980717,-15.124034511131502,32,0,0,0,0,3.0553605072992926,0.0,0.0,0.0,0.0,0.6296359078891126,0.8258053096673094,3.8802854726704563,1.2738565177820464,0,,False,overtaking,34,0.0,False,0.0,tier_b,B-20-35,CH-OT-RE-36,575,channel,re,on
model,overtaking,9.92136649044575,1.6072170150568803,0.03732288185417687,,,,goal,False,False,61,96.241497266325,-45.372509387783026,9,0,39,0,1,0.8534038969248255,0.0,11.40916763166892,0.0,0.016701471999337886,0.6180726032111576,0.700602313985669,2.597855929401711,0.685878323937957,0,,False,overtaking,39,0.0,False,0.0,tier_b,B-20-36,CH-OT-RE-37,576,channel,re,on
model,overtaking,9.999999999999996,1.6355936756349658,7.877077307064301,,,,goal,False,False,63,88.87043001112245,-48.674625700807006,11,7,39,0,0,1.01066007756314,0.4736420954789048,11.479813873402463,0.0,0.0,0.6017726010723992,0.7257773756106829,2.5645509595249343,0.6260701490820892,0,,False,overtaking,40,0.0,False,0.0,tier_b,B-20-37,CH-OT-RE-38,577,channel,re,on
model,overtaking,10.99786674820269,0.8253883122365289,-2.7263768441418312,,,,goal,False,False,62,70.6194973631918,-58.447519438595855,10,0,42,0,14,0.7971013973741319,0.0,14.166487944899563,0.0,0.7783357599901095,0.6141782429756164,0.7405196160299835,2.277186788060985,0.982308205575139,0,,False,overtaking,44,0.0,False,0.0,tier_b,B-20-38,CH-OT-RE-39,578,channel,re,on
model,overtaking,10.51183667880982,1.330986806347531,8.072443907248012,,,,goal,False,False,66,91.22781729706304,-45.9642921132152,12,6,36,0,0,0.49285123801541497,0.4113260830854139,11.52461510382392,0.0,0.0,0.5671928321035029,0.6619043400801632,1.934591031320363,0.4704123248358613,0,,False,overtaking,36,0.0,False,0.0,tier_b,B-20-39,CH-OT-RE-40,579,channel,re,on
model,overtaking,10.0,1.500356931531722,6.512026887064401,,,,goal,False,False,61,98.19096156275211,-3.706744652920657,13,0,0,0,1,0.7305396157839794,0.0,0.0,0.0,0.02012745661999086,0.6279065426922065,0.8123346165680174,3.6091336783900543,1.4064623004416608,0,,False,overtaking,33,0.0,False,0.0,tier_b,B-21-00,CH-OT-NC-01,580,channel,nc,on
model,overtaking,9.999999999999998,0.6170947014340373,-9.642317684415646,,,,collision:boundary,True,False,130,-744.3616754162745,-234.28035025720834,87,1,41,0,0,42.260371703302454,0.18266948450684936,6.71869343820893,0.0,0.0,0.35630956053902946,0.5583154786820143,3.3568222218206687,2.0242465360704474,0,,False,overtaking,94,0.0,False,0.0,tier_b,B-21-01,CH-OT-NC-02,581,channel,nc,on
model,overtaking,9.461651014528128,0.9433950806873186,1.501581382284913,,,,goal,False,False,63,60.99670022224081,-20.14013232606367,23,0,0,0,1,4.065426802100763,0.0,0.0,0.0,0.00361547903664267,0.6053549088712672,0.8564986529647984,3.1149760171948224,1.4409510518386563,0,,False,overtaking,47,0.0,False,0.0,tier_b,B-21-02,CH-OT-NC-03,582,channel,nc,on
model,overtaking,9.5126561098355,0.1787226194188709,-9.3260295991365,,,,goal,False,False,68,38.31659739976112,-28.74299074820269,22,3,0,0,9,4.332835016779268,0.3964362321630398,0.0,0.0,1.185132903541836,0.5748703685947966,0.8402713350773829,2.2486203040400863,1.7003848459007052,0,,False,overtaking,48,0.0,False,0.0,tier_b,B-21-03,CH-OT-NC-04,583,channel,nc,on
model,overtaking,10.143115531809167,1.1430350725217666,4.322931523118935,,,,goal,False,False,65,89.29255854791322,-6.848831590819728,18,0,0,0,1,1.37186676728691,0.0,0.0,0.0,0.012909131722116338,0.5852780394587134,0.8365661638251266,3.2933592237944063,1.4132990256001479,0,,False,overtaking,47,0.0,False,0.0,tier_b,B-21-04,CH-OT-NC-05,584,channel,nc,on
model,overtaking,10.0,0.2913564863429998,-9.987121092706577,,,,collision:boundary,True,False,137,-635.3882396698014,-97.56492096566414,65,8,29,0,1,15.341281583907726,0.8038753068813815,4.800211967884524,0.0,0.0812513937497162,0.3464324645817238,0.5444376390958346,3.365600769924917,1.9219285209047963,0,,False,overtaking,94,0.0,False,0.0,tier_b,B-21-05,CH-OT-NC-06,585,channel,nc,on
model,overtaking,9.527761199755263,0.8560978279106035,-1.6080366736785194,,,,goal,False,False,63,48.87135258917391,-39.95954134642278,39,1,1,0,4,7.981156944102605,0.009286228722578232,0.059282557312991785,0.0,0.04298454102474411,0.6081070629688613,0.8692218573808266,2.7688463272398023,1.2831091151545535,0,,False,overtaking,44,0.0,False,0.0,tier_b,B-21-06,CH-OT-NC-07,586,channel,nc,on
model,overtaking,10.0,0.6533809699687441,-5.724143649145588,,,,collision:boundary,True,False,134,-583.2523464195324,-62.73948903684409,55,0,29,0,1,8.490998182531243,0.0,5.751966099316624,0.0,0.00043779461657857425,0.34499843952613246,0.5503014064705778,3.3716868393106467,1.8084891522149207,0,,False,overtaking,93,0.0,False,0.0,tier_b,B-21-07,CH-OT-NC-08,587,channel,nc,on
model,overtaking,9.999999999999998,0.7756114460540446,8.13760132006999,,,,collision:boundary,True,False,166,-1917.514463742149,-52.66530267620111,16,2,50,0,1,1.0602110528901703,0.23793742615674718,12.832645088789144,0.0,0.009321196728431184,0.27638737440502315,0.5629452580533727,2.8486811447523492,2.8369836150383883,0,,False,overtaking,61,0.0,False,0.0,tier_b,B-21-08,CH-OT-NC-09,588,channel,nc,on
model,overtaking,10.533720156983998,1.1382303405482792,-1.232848140727043,,,,goal,False,False,64,81.81167173662269,-57.456364128079755,16,0,38,0,7,2.0660702197112286,0.0,12.561138231461483,0.0,0.4464930904995168,0.5961617627325337,0.6868923754690449,2.175755065843446,0.7447015962435004,0,,False,overtaking,41,0.0,False,0.0,tier_b,B-21-09,CH-OT-NC-10,589,channel,nc,on
model,overtaking,9.480629327641601,0.36086448958266515,6.902361284648158,,,,goal,False,False,67,59.51400668534007,-64.81002590950118,10,4,53,0,2,0.6863368151304121,0.13718458001243122,16.865469425658528,0.0,0.003978904705198727,0.5624866572232444,0.632097706221141,1.8979368626041584,1.1179115045422998,0,,False,overtaking,54,0.0,False,0.0,tier_b,B-21-10,CH-OT-NC-11,590,channel,nc,on
model,overtaking,10.089396078213111,0.13459523139556695,-4.98515215083321,,,,goal,False,False,70,40.746875548969044,-19.419305014081246,23,0,2,0,5,3.4163023310210625,0.0,0.0764784371255642,0.0,0.49628580041665593,0.5549018055534761,0.865142006553111,2.4463683580393187,1.7227915431246406,0,,False,overtaking,47,0.0,False,0.0,tier_b,B-21-11,CH-OT-NC-12,591,channel,nc,on
model,overtaking,10.03278647843932,0.0008371971187062233,3.7955657573828674,,,,goal,False,False,64,51.961593367141624,-64.95631443726316,9,1,47,0,3,1.5985714250008431,0.006988006786187853,15.719618507358115,0.0,0.09292636076180574,0.593212319565509,0.6912103516910207,2.0650292514494373,1.4004250518709245,0,,False,overtaking,48,0.0,False,0.0,tier_b,B-21-12,CH-OT-NC-13,592,channel,nc,on
model,overtaking,8.843822039936208,1.525241379421712,-6.500071617480816,,,,goal,False,False,60,71.60596890441889,-20.906464979989998,30,1,0,0,0,4.179029077298383,0.04449920148747542,0.0,0.0,0.0,0.6437650821048208,0.8339095355051014,3.555264702325699,1.2609832447302078,0,,False,overtaking,41,0.0,False,0.0,tier_b,B-21-13,CH-OT-NC-14,593,channel,nc,on
model,overtaking,10.624901258683334,0.560584205389552,3.053956886962389,,,,collision:boundary,True,False,102,-525.3695393947464,-104.88145765438698,29,11,63,0,18,3.169724692506431,4.039555802437215,16.823133696505202,0.0,1.9182750882215935,0.4434182797266657,0.6133569288568834,1.9762724308298545,1.1639761014708812,0,,False,overtaking,77,0.0,False,0.0,tier_b,B-21-14,CH-OT-NC-15,594,channel,nc,on
model,overtaking,9.999999999999998,1.8880968108508605,3.8409567095622865,,,,goal,False,False,61,92.19834669934149,-35.24386891573204,10,1,36,0,0,0.9232282050172279,0.07860856406501787,8.41243803021525,0.0,0.0,0.6197975665313917,0.7621035653758507,2.9409445907298606,0.7207395063560694,0,,False,overtaking,42,0.0,False,0.0,tier_b,B-21-15,CH-OT-NC-16,595,channel,nc,on
model,overtaking,9.27293705003716,1.8932576976136386,-1.3394959825967163,,,,goal,False,False,58,87.89719168288153,-41.48798301435079,12,0,34,0,2,0.7178144378849136,0.0,10.461729392602066,0.0,0.06057238521178317,0.6578841604156777,0.7586869549736139,2.6064329936660053,0.49283098159645744,0,,False,overtaking,34,0.0,False,0.0,tier_b,B-21-16,CH-OT-NC-17,596,channel,nc,on
model,overtaking,9.542994658752987,0.27844333537556465,-8.300198316240529,,,,goal,False,False,70,31.578634925301785,-38.98942021309631,38,6,0,0,8,6.172720540126947,0.5257805666627129,0.0,0.0,1.2959643854416667,0.5470087921589617,0.863069782118327,2.1481145638010704,1.4930637615774793,0,,False,overtaking,56,0.0,False,0.0,tier_b,B-21-17,CH-OT-NC-18,597,channel,nc,on
model,overtaking,10.996971406346638,0.4205209528772882,0.9015131304951858,,,,collision:boundary,True,False,95,-472.88278534803396,-97.73452630840966,20,9,72,0,3,2.902297323082635,2.346970711098937,19.8181631845876,0.0,0.09005823882122287,0.47687783023128544,0.6465641483166524,2.082151843250574,1.4063735833585769,0,,False,overtaking,82,0.0,False,0.0,tier_b,B-21-18,CH-OT-NC-19,598,channel,nc,on
model,overtaking,10.0,0.7710360542284334,-4.574168504555141,,,,goal,False,False,62,82.16488741802601,-6.734415587011947,17,0,0,0,0,1.360487997376151,0.0,0.0,0.0,0.0,0.6285161049967314,0.8393416979750377,3.157867175415895,1.573258770694915,0,,False,overtaking,37,0.0,False,0.0,tier_b,B-21-19,CH-OT-NC-20,599,channel,nc,on
model,overtaking,10.421992587270866,1.288305484549835,-1.9713798553725344,,,,collision:obstacle,True,False,19,-373.2076106398905,-2.9081478738048037,0,0,4,0,0,0.0,0.0,0.8078188538346677,0.0,0.0,0.39353158609287126,0.5445892437584874,7.054280896782772,0.1052976275785057,0,,False,overtaking,10,0.0,False,0.0,tier_b,B-21-20,CH-OT-NC-21,600,channel,nc,on
model,overtaking,9.560708810285343,1.3079648195926101,1.730033214415661,,,,goal,False,False,59,86.5543299076825,-46.97990150110406,8,0,37,0,4,0.6782076108461231,0.0,11.852335268469362,0.0,0.2120815246502291,0.64311822099959,0.7341403643144608,2.3096314528599744,0.6397608059048309,0,,False,overtaking,37,0.0,False,0.0,tier_b,B-21-21,CH-OT-NC-22,601,channel,nc,on
model,overtaking,9.99667040956101,0.34661262082719,3.0093685355942235,,,,goal,False,False,72,3.473403835261152,-101.85905693115481,30,8,50,0,22,5.999007852766933,0.8989714939995284,16.04822813690286,0.0,2.208986193735664,0.5452212920095253,0.6392945186321254,1.4730730877845872,1.4397230051610688,0,,False,overtaking,51,0.0,False,0.0,tier_b,B-21-22,CH-OT-NC-23,602,channel,nc,on
model,overtaking,10.058434527389032,1.7666262880266494,-2.8253448652815987,,,,goal,False,False,59,90.5365244774764,-41.635919520019826,12,0,36,0,5,0.7735522997678198,0.0,10.251361232175121,0.0,0.20043004451971136,0.6457576537725587,0.742987681836011,2.7234161772801793,0.73114777303476,0,,False,overtaking,38,0.0,False,0.0,tier_b,B-21-23,CH-OT-NC-24,603,channel,nc,on
model,overtaking,10.0,1.0406735905836915,-3.3509133963280284,,,,goal,False,False,67,72.35195311516752,-13.913954800374814,25,0,0,0,1,2.797519534840414,0.0,0.0,0.0,0.014718467314391494,0.6015638772671771,0.7963750847732631,3.3797613334064414,1.6209784677125212,0,,False,overtaking,46,0.0,False,0.0,tier_b,B-21-24,CH-OT-NC-25,604,channel,nc,on
model,overtaking,9.999999999999996,0.6959214879117863,-2.7941650794810746,,,,goal,False,False,68,35.50819477075591,-56.74863075925197,49,1,0,0,3,11.360185338309563,0.002169150059011385,0.0,0.0,0.1122168981838942,0.5784890706160569,0.8999598207747279,2.7345494750226065,1.4114243538208633,0,,False,overtaking,49,0.0,False,0.0,tier_b,B-21-25,CH-OT-NC-26,605,channel,nc,on
model,overtaking,9.999999999999998,0.49400429691941516,-7.880299644060081,,,,goal,False,False,112,-140.38353202381404,-109.5507898970528,38,1,32,0,0,17.942265079951245,0.06301034927479293,5.673521256217749,0.0,0.0,0.33948170668539973,0.5476617086657525,3.2821106426616535,1.5458031587300682,0,,False,overtaking,86,0.0,False,0.0,tier_b,B-21-26,CH-OT-NC-27,606,channel,nc,on
model,overtaking,10.595893069794938,0.7903358895746457,-2.868773439833438,,,,goal,False,False,67,61.67254537814864,-14.798129416021272,22,0,0,0,1,2.9796867914993825,0.0,0.0,0.0,0.010817732910961851,0.5756780388622323,0.8301949935480404,3.2387273296948647,1.591967331313871,0,,False,overtaking,44,0.0,False,0.0,tier_b,B-21-27,CH-OT-NC-28,607,channel,nc,on
model,overtaking,10.339618253486943,1.836525821051705,-3.7164384413150735,,,,goal,False,False,59,79.71204839080507,-46.96692870265641,9,0,37,0,0,1.2851245489790026,0.0,11.279322829225096,0.0,0.0,0.6452347123489169,0.7733821553897061,2.4783504520032933,0.5251765908574006,0,,False,overtaking,38,0.0,False,0.0,tier_b,B-21-28,CH-OT-NC-29,608,channel,nc,on
model,overtaking,9.999999999999996,1.813418650060694,-2.4923763016363942,,,,goal,False,False,57,92.86708193654147,-39.74621627498416,6,0,30,0,0,0.7479795293131021,0.0,10.012143779134528,0.0,0.0,0.6613079632300725,0.7462460917334292,2.526501077209835,0.516186390454685,0,,False,overtaking,31,0.0,False,0.0,tier_b,B-21-29,CH-OT-NC-30,609,channel,nc,on
model,overtaking,9.876344556900458,0.4326891943254445,-7.3808846325574,,,,goal,False,False,68,-33.79973149876122,-96.33498698234075,41,3,1,0,26,16.671494523810214,0.06165558844210689,0.006430433119423267,0.0,2.9961654149915145,0.5754728194225562,0.859366107282197,2.2367369261269827,1.8965390911134838,0,,False,overtaking,52,0.0,False,0.0,tier_b,B-21-30,CH-OT-NC-31,610,channel,nc,on
model,overtaking,10.593856105586557,1.552544342259753,-2.7753450429184445,,,,goal,False,False,61,62.052295338070664,-30.556997367758072,45,0,0,0,0,6.173130781365267,0.0,0.0,0.0,0.0,0.6270188233248081,0.8613070257484661,3.8990205628173213,1.6084923937174107,0,,False,overtaking,47,0.0,False,0.0,tier_b,B-21-31,CH-OT-NC-32,611,channel,nc,on
model,overtaking,9.371564623822852,0.8034068037569972,8.027377716699068,,,,goal,False,False,68,-27.295394705771187,-42.85280631114238,9,15,30,0,1,0.6806510856959498,1.2552353542827026,9.235257812387982,0.0,0.005164513033629201,0.5744527006257377,0.6831377034214579,2.1971593637286255,1.4442730947890774,0,,False,overtaking,30,0.0,False,0.0,tier_b,B-21-32,CH-OT-NC-33,612,channel,nc,on
model,overtaking,10.12256655014938,1.7206235905161218,1.6596060457171795,,,,goal,False,False,62,94.22982571060072,-40.90360455295018,9,2,40,0,1,0.6003939407940841,0.06787125902199632,10.439076685686768,0.0,0.0033368323084914616,0.6125466843929785,0.7207074752433748,2.776636167797923,0.7372695504466755,0,,False,overtaking,42,0.0,False,0.0,tier_b,B-21-33,CH-OT-NC-34,613,channel,nc,on
model,overtaking,9.018832856177129,0.27135810743901856,-9.246778556197452,,,,goal,False,False,70,-23.78529975777161,-92.89119964989119,47,8,1,0,23,15.22053411512879,0.8841418983304167,0.11908835345655207,0.0,2.8320745135165586,0.5503882368475206,0.8334099991076624,2.180334176863769,1.4670836842153678,0,,False,overtaking,54,0.0,False,0.0,tier_b,B-21-34,CH-OT-NC-35,614,channel,nc,on
model,overtaking,9.992209172862655,0.4571656105822324,7.064018025699134,,,,goal,False,False,65,64.09272423028133,-66.2597461973248,17,4,48,0,5,1.119353088570991,0.23397307157182945,16.279276892126752,0.0,0.21230775399145554,0.5806492706222713,0.6706592473976416,1.990857086392578,1.048592806062996,0,,False,overtaking,50,0.0,False,0.0,tier_b,B-21-35,CH-OT-NC-36,615,channel,nc,on
model,overtaking,9.828223930606164,1.4277544953749524,8.148534175533921,,,,goal,False,False,63,96.83287189570207,-53.96969708773669,12,8,39,0,0,1.091456300813111,0.5599499993560795,12.720898861638668,0.0,0.0,0.6031174224401078,0.6704193654368402,2.1307577260850317,0.44846821700737405,0,,False,overtaking,39,0.0,False,0.0,tier_b,B-21-36,CH-OT-NC-37,616,channel,nc,on
model,overtaking,9.241525427746742,0.3894391128110106,-8.195538840248247,,,,collision:boundary,True,False,133,-585.2686087883479,-41.624235242436114,47,4,13,0,2,6.898011158998009,0.36051465898502705,1.5581993424382787,0.0,0.018892180142729753,0.36688251307924635,0.6286868499983781,2.561324959022151,1.947570423199271,0,,False,overtaking,72,0.0,False,0.0,tier_b,B-21-37,CH-OT-NC-38,617,channel,nc,on
model,overtaking,9.999999999999996,0.6390531787139337,9.290795576604502,,,,collision:boundary,True,False,95,-515.4676042585639,-26.676633595801803,23,1,11,0,4,2.807940610098547,0.021129107561428054,3.0220862083838878,0.0,0.398495142933983,0.5094718331192039,0.9071505404307731,2.3989931831511897,1.5757996263320184,0,,False,overtaking,63,0.0,False,0.0,tier_b,B-21-38,CH-OT-NC-39,618,channel,nc,on
model,overtaking,10.0,1.3463563240714285,3.698600319085333,,,,goal,False,False,62,84.43409554650447,-7.3972308132341755,12,0,1,0,0,1.3513632421725692,0.0,0.19666187902221022,0.0,0.0,0.6128303603081833,0.8448803258396711,3.3603920300296903,1.3231217223116594,0,,False,overtaking,37,0.0,False,0.0,tier_b,B-21-39,CH-OT-NC-40,619,channel,nc,on
model,being_overtaken,9.888808766493813,1.9876231448331292,8.304486130195926,,False,,goal,False,False,65,68.62799883164992,-20.68263230845527,2,0,3,11,1,0.13528134140893178,0.0,0.44278609144181336,4.492327283041355,0.05000760954956387,0.5810773849745995,0.7723568244398938,2.786128413585578,1.285030260526767,0,,False,being_overtaken,19,0.0,False,0.0,tier_b,B-22-00,CH-BO-CV-01,620,channel,cv,on
model,being_overtaken,9.999999999999996,1.3933317391930076,-6.344471350503635,,False,,goal,False,False,72,115.4670364662755,-10.586380340926015,0,0,0,5,0,0.0,0.0,0.0,2.613921071833584,0.0,0.5290269388027851,0.6162116202939968,1.5342572600755229,0.8316962665876799,0,,False,being_overtaken,17,0.0,False,0.0,tier_b,B-22-01,CH-BO-CV-02,621,channel,cv,on
model,being_overtaken,10.0,1.8405923958576564,-3.5662932296451055,,False,,goal,False,False,71,49.68321117630608,-9.892107895951046,0,0,0,10,0,0.0,0.0,0.0,2.4424957767780358,0.0,0.5275965725747739,0.6553692117633346,1.8935479175035508,0.3441576958915851,0,,False,being_overtaken,21,0.0,False,0.0,tier_b,B-22-02,CH-BO-CV-03,622,channel,cv,on
model,being_overtaken,9.999999999999998,1.8561415582299683,0.7076318525954228,,False,,collision:boundary,True,False,65,-316.8311148659316,-3.055168993259279,0,0,0,6,0,0.0,0.0,0.0,0.754362714385007,0.0,0.5993941862114787,0.7852556076019797,1.8097800281179621,0.9912493111081222,0,,False,being_overtaken,19,0.0,False,0.0,tier_b,B-22-03,CH-BO-CV-04,623,channel,cv,on
model,being_overtaken,10.320157313848544,1.7099442632523973,-7.750604792903937,,False,,goal,False,False,64,39.65090543329751,-89.55806824553761,0,0,0,31,0,0.0,0.0,0.0,22.113103270503114,0.0,0.5915509053549837,0.7738614254060154,1.7334930385393061,0.5755293163687681,0,,False,being_overtaken,43,0.0,False,0.0,tier_b,B-22-04,CH-BO-CV-05,624,channel,cv,on
model,being_overtaken,10.019799097825924,1.6723976105429958,-4.742870313522902,,False,,goal,False,False,58,91.70749411390113,-19.580526364342127,0,0,0,12,0,0.0,0.0,0.0,4.834697867738797,0.0,0.6539104584567307,0.8064421757047344,2.3275948533385264,1.1281625820731382,0,,False,being_overtaken,24,0.0,False,0.0,tier_b,B-22-05,CH-BO-CV-06,625,channel,cv,on
model,being_overtaken,10.095175976562537,1.916696623213205,-9.576327929902806,,False,,goal,False,False,61,40.34977858821406,-83.1316677425888,0,0,0,20,0,0.0,0.0,0.0,21.28451883248924,0.0,0.6150242251888776,0.7417263934149513,1.8860088944196514,0.8252226495184317,0,,False,being_overtaken,31,0.0,False,0.0,tier_b,B-22-06,CH-BO-CV-07,626,channel,cv,on
model,being_overtaken,9.474066178056749,1.6611901037744503,-2.8854686619446817,,False,,goal,False,False,59,97.15554184864946,-19.261274223697008,0,0,0,8,0,0.0,0.0,0.0,4.7558701786906195,0.0,0.6430242844317428,0.8030801423445397,1.896210911242991,0.9271939067567466,0,,False,being_overtaken,23,0.0,False,0.0,tier_b,B-22-07,CH-BO-CV-08,627,channel,cv,on
model,being_overtaken,9.146459456894636,1.474073368222048,5.519243872692378,,False,,collision:boundary,True,False,72,-382.525758026157,-14.633135187025896,0,0,0,4,0,0.0,0.0,0.0,3.613119799265654,0.0,0.5439719630509844,0.7617156579492629,2.392281892969978,1.495021674582584,0,,False,being_overtaken,14,0.0,False,0.0,tier_b,B-22-08,CH-BO-CV-09,628,channel,cv,on
model,being_overtaken,10.077711245109938,2.065411905633429,-9.269581231639759,,False,,goal,False,False,81,-10.004738065104277,-17.886811721797148,0,0,0,8,0,0.0,0.0,0.0,4.416496721431395,0.0,0.4772202302964506,0.6754240466238809,1.7602557769526863,1.597155248438007,0,,False,being_overtaken,16,0.0,False,0.0,tier_b,B-22-09,CH-BO-CV-10,629,channel,cv,on
model,being_overtaken,10.553908385411221,1.6445286236483643,-4.7520507615088174,,False,,collision:boundary,True,False,59,-342.8374775425135,-36.53243305581697,0,0,0,16,0,0.0,0.0,0.0,9.020353840942462,0.0,0.6588026048370635,0.8078172196167018,2.34935383286915,1.315513524389551,0,,False,being_overtaken,23,0.0,False,0.0,tier_b,B-22-10,CH-BO-CV-11,630,channel,cv,on
model,being_overtaken,10.069005081420023,1.534551817588098,9.098256866868876,,False,,collision:boundary,True,False,80,-342.6251289837446,-15.843970875394623,0,0,0,6,0,0.0,0.0,0.0,3.912091574171512,0.0,0.48707311551929633,0.6668145655024621,1.738148550562624,1.0589671149241597,0,,False,being_overtaken,18,0.0,False,0.0,tier_b,B-22-11,CH-BO-CV-12,631,channel,cv,on
model,being_overtaken,9.665706666392488,1.5343236425695819,8.13629336769647,,False,,goal,False,False,74,10.152679496496233,-31.506851541411017,0,0,0,14,0,0.0,0.0,0.0,7.779469516397782,0.0,0.5075794256108408,0.6410972499313901,1.7763125344072441,0.49123087924557707,0,,False,being_overtaken,27,0.0,False,0.0,tier_b,B-22-12,CH-BO-CV-13,632,channel,cv,on
model,being_overtaken,8.90402560213816,1.9608852618795738,-7.893296692196108,,False,,goal,False,False,75,24.376557965216122,-39.73847873559339,0,0,0,8,0,0.0,0.0,0.0,9.811970058171209,0.0,0.5118459144203461,0.6835496086364489,1.5903173093445986,1.2026279250211789,0,,False,being_overtaken,21,0.0,False,0.0,tier_b,B-22-13,CH-BO-CV-14,633,channel,cv,on
model,being_overtaken,10.020634325892036,1.5697097422529702,-6.486197967087861,,False,,goal,False,False,68,111.28288162519988,-17.05120794783953,0,0,0,13,0,0.0,0.0,0.0,4.210174801935685,0.0,0.5559385950316164,0.6631769318878996,1.6104052656875742,0.880236887618278,0,,False,being_overtaken,22,0.0,False,0.0,tier_b,B-22-14,CH-BO-CV-15,634,channel,cv,on
model,being_overtaken,9.999999999999996,1.8746514359692283,8.068747088689715,,False,,collision:boundary,True,False,75,-380.574136065478,-10.05396808013608,0,0,0,10,0,0.0,0.0,0.0,2.4824612543545874,0.0,0.5203106164177274,0.6873662655311019,2.1410247651141527,1.3992158044367156,0,,False,being_overtaken,20,0.0,False,0.0,tier_b,B-22-15,CH-BO-CV-16,635,channel,cv,on
model,being_overtaken,10.136943003424781,1.5455606303359282,7.337138630819112,,False,,collision:boundary,True,False,77,-335.35297615866534,-21.060211930968137,0,0,0,11,0,0.0,0.0,0.0,5.200052328634108,0.0,0.5048090873002605,0.6585275744680631,1.8491016852464348,0.9054159574141363,0,,False,being_overtaken,22,0.0,False,0.0,tier_b,B-22-16,CH-BO-CV-17,636,channel,cv,on
model,being_overtaken,10.33401265255224,1.8271139129257774,-5.859736971695648,,False,,collision:target,True,True,54,-340.397576881398,-57.90277086639945,0,0,0,24,0,0.0,0.0,0.0,14.389748893615053,0.0,0.6725373700890551,0.7979007894307649,1.7570958832293189,0.5503770147884354,0,,False,being_overtaken,36,0.0,False,0.0,tier_b,B-22-17,CH-BO-CV-18,637,channel,cv,on
model,being_overtaken,10.305939993402884,1.6065873276064564,-7.240453989250293,,False,,goal,False,False,63,74.62634376814151,-10.775169676097129,0,0,0,7,0,0.0,0.0,0.0,2.660535722493118,0.0,0.6099603551390206,0.7031235101270613,2.5786904947370957,1.7300683349934478,0,,False,being_overtaken,16,0.0,False,0.0,tier_b,B-22-18,CH-BO-CV-19,638,channel,cv,on
model,being_overtaken,10.402192092344807,1.9348478321623988,4.681644550689345,,False,,collision:boundary,True,False,63,-342.2973226216831,-24.551119633219937,0,0,0,23,0,0.0,0.0,0.0,6.062004847708625,0.0,0.6210028990175019,0.7286510008624816,2.888732972471586,1.520067677817504,0,,False,being_overtaken,23,0.0,False,0.0,tier_b,B-22-19,CH-BO-CV-20,639,channel,cv,on
model,being_overtaken,10.771617624924213,1.8489512021490029,4.753848680304266,,False,,goal,False,False,70,104.50430317807225,-18.952648982593225,0,0,0,9,0,0.0,0.0,0.0,4.679666415455117,0.0,0.5388633174191907,0.6728179974918765,1.8727848899333024,0.7137324077378737,0,,False,being_overtaken,21,0.0,False,0.0,tier_b,B-22-20,CH-BO-CV-21,640,channel,cv,on
model,being_overtaken,10.761885633842516,1.3904675412537058,6.190693404552974,,False,,collision:target,True,True,23,-321.23637622059096,-18.994178998225244,0,0,0,6,0,0.0,0.0,0.0,4.689920740302529,0.0,0.4556887942460154,0.5494583031913685,1.2519970227335413,0.27995564046216354,0,,False,being_overtaken,22,0.0,False,0.0,tier_b,B-22-21,CH-BO-CV-22,641,channel,cv,on
model,being_overtaken,9.773590545841863,1.5868576891860942,3.065748178758481,,False,,goal,False,False,70,122.88866999023841,-3.9498924531586233,0,0,0,3,0,0.0,0.0,0.0,0.9752820871996599,0.0,0.5361480243939386,0.6680711448283397,1.7603865188528391,0.7492105273075643,0,,False,being_overtaken,17,0.0,False,0.0,tier_b,B-22-22,CH-BO-CV-23,642,channel,cv,on
model,being_overtaken,11.504843647205808,1.8112258205705163,8.753719011218898,,False,,goal,False,False,83,2.821367669196036,-9.808255436523485,0,0,0,5,0,0.0,0.0,0.0,2.4217914658082678,0.0,0.47125824431601426,0.7279283512594236,1.727197524032545,1.434242835880248,0,,False,being_overtaken,16,0.0,False,0.0,tier_b,B-22-23,CH-BO-CV-24,643,channel,cv,on
model,being_overtaken,8.942199609814969,1.5027708350019329,9.571458498356098,,False,,collision:boundary,True,False,80,-420.16505295789204,-19.573983200011572,0,2,0,10,1,0.0,0.06535216149999801,0.0,4.578138492877152,0.15756202320758161,0.4910274938696485,0.599096623663548,2.1768343698272896,2.0261831180270553,0,,False,being_overtaken,23,0.13043478260869565,True,0.0,tier_b,B-22-24,CH-BO-CV-25,644,channel,cv,on
model,being_overtaken,9.141561037287715,1.776262939679547,7.012166169995041,,False,,goal,False,False,75,85.8320959506222,-14.26435016847243,0,0,0,9,0,0.0,0.0,0.0,3.5220617699931926,0.0,0.5027280172593527,0.7050550029532769,1.8503197924071635,0.7529511247239644,0,,False,being_overtaken,20,0.0,False,0.0,tier_b,B-22-25,CH-BO-CV-26,645,channel,cv,on
model,being_overtaken,10.538099569096866,1.8365835921259843,-5.920717294514455,,False,,goal,False,False,58,99.95137762399155,-18.631834883662115,0,0,0,11,0,0.0,0.0,0.0,4.600453057694349,0.0,0.6476572008528881,0.7918173701683684,2.0511227867007964,0.8755495307735915,0,,False,being_overtaken,24,0.0,False,0.0,tier_b,B-22-26,CH-BO-CV-27,646,channel,cv,on
model,being_overtaken,10.589335787781,1.6662506317375931,-5.438194114278652,,False,,collision:boundary,True,False,79,-397.80104563109546,-16.166327703046264,0,0,0,5,0,0.0,0.0,0.0,3.991685852604015,0.0,0.5053754339864196,0.7363286473108662,1.335015464314125,1.984685830180089,0,,False,being_overtaken,20,0.0,False,0.0,tier_b,B-22-27,CH-BO-CV-28,647,channel,cv,on
model,being_overtaken,10.211876768560817,1.6535929306824677,-0.9513842344362224,,False,,goal,False,False,65,53.26836631996715,-16.522734850920262,0,0,0,10,0,0.0,0.0,0.0,4.079687617511175,0.0,0.5969495965072276,0.7357190664731431,2.5373656071896757,1.8798365221952729,0,,False,being_overtaken,16,0.0,False,0.0,tier_b,B-22-28,CH-BO-CV-29,648,channel,cv,on
model,being_overtaken,9.887516501025393,1.757429425105202,7.8151567372981035,,False,,goal,False,False,69,51.14518948874888,-16.281276282597634,0,0,0,7,0,0.0,0.0,0.0,4.020068217925341,0.0,0.5446838742505911,0.6719524962305935,2.0232728479628896,0.6566703706586136,0,,False,being_overtaken,21,0.0,False,0.0,tier_b,B-22-29,CH-BO-CV-30,649,channel,cv,on
model,being_overtaken,10.0,1.705776679673551,7.3038059103638595,,False,,collision:obstacle,True,False,44,-359.9703658619914,-21.23769558003943,0,0,0,13,0,0.0,0.0,0.0,5.243875451861587,0.0,0.5298308328476836,0.6268159507226677,2.112974674362604,0.27170720377042795,0,,False,being_overtaken,30,0.0,False,0.0,tier_b,B-22-30,CH-BO-CV-31,650,channel,cv,on
model,being_overtaken,10.11024143081176,1.8089489002245418,-3.288459626170992,,False,,goal,False,False,62,81.64494417996984,-19.239935853064857,0,0,0,16,0,0.0,0.0,0.0,4.750601445201201,0.0,0.6187672877837406,0.7865714904586582,2.803419326967113,1.4625327220871034,0,,False,being_overtaken,18,0.0,False,0.0,tier_b,B-22-31,CH-BO-CV-32,651,channel,cv,on
model,being_overtaken,10.0,1.9153097633285976,8.970973820707705,,False,,goal,False,False,65,110.67105684567552,-22.56530127609567,0,0,0,17,0,0.0,0.0,0.0,5.571679327431029,0.0,0.5826991017808532,0.7031992294463217,1.8418159239568515,0.6783558980630409,0,,False,being_overtaken,26,0.0,False,0.0,tier_b,B-22-32,CH-BO-CV-33,652,channel,cv,on
model,being_overtaken,9.96597663517752,1.7064409511923877,-8.531636700817371,,False,,goal,False,False,80,53.20758024515987,-11.816865353621882,0,0,0,9,0,0.0,0.0,0.0,2.917744531758489,0.0,0.4702537230605069,0.70154562146475,1.8086593922951286,0.2975529408385371,0,,False,being_overtaken,20,0.0,False,0.0,tier_b,B-22-33,CH-BO-CV-34,653,channel,cv,on
model,being_overtaken,9.98970640920461,1.675976797229053,4.411715068252748,,False,,goal,False,False,58,91.5126438994568,-20.424876742856817,0,0,0,11,0,0.0,0.0,0.0,5.043179442680696,0.0,0.6576895854225986,0.7627401059306753,2.436892296382915,1.156529242528048,0,,False,being_overtaken,19,0.0,False,0.0,tier_b,B-22-34,CH-BO-CV-35,654,channel,cv,on
model,being_overtaken,10.0,1.6648231791427388,9.98942629953848,,False,,goal,False,False,73,32.90389061480214,-22.651620864085746,0,0,0,11,0,0.0,0.0,0.0,5.592992805947099,0.0,0.5160817034438965,0.6530891519893541,1.8259432990883897,0.6712263592579073,0,,False,being_overtaken,22,0.0,False,0.0,tier_b,B-22-35,CH-BO-CV-36,655,channel,cv,on
model,being_overtaken,10.657361758627347,1.5422768329665357,-7.664204667810495,,False,,goal,False,False,64,56.823505210174915,-43.34041679128907,0,0,0,12,0,0.0,0.0,0.0,10.701337479330634,0.0,0.6069235401313878,0.7135126075180591,2.3469277896999228,1.693641758586162,0,,False,being_overtaken,21,0.0,False,0.0,tier_b,B-22-36,CH-BO-CV-37,656,channel,cv,on
model,being_overtaken,10.124265293663255,1.643458977452132,-7.320117337899125,,False,,goal,False,False,65,115.9563465534031,-9.814205487083548,0,0,0,9,0,0.0,0.0,0.0,2.4232606140947026,0.0,0.5829325902828152,0.6614603611465626,1.8011167777518797,1.0354721129678515,0,,False,being_overtaken,24,0.0,False,0.0,tier_b,B-22-37,CH-BO-CV-38,657,channel,cv,on
model,being_overtaken,9.999999999999998,1.556808043792105,7.728243285575612,,False,,collision:boundary,True,False,75,-323.89097170292075,-8.39567447272028,0,0,0,12,0,0.0,0.0,0.0,2.0730060426469827,0.0,0.5185541095235373,0.6532765858934095,1.8308483473865174,0.9713305836383928,0,,False,being_overtaken,27,0.0,False,0.0,tier_b,B-22-38,CH-BO-CV-39,658,channel,cv,on
model,being_overtaken,9.817306046070476,1.5824267133975944,-4.969505331107589,,False,,collision:boundary,True,False,129,-706.4862764526753,-23.77927150470572,0,0,0,9,0,0.0,0.0,0.0,5.871425062890301,0.0,0.3056700235304587,0.5674080522803071,1.3927287559385841,2.2416041790950922,0,,False,being_overtaken,23,0.0,False,0.0,tier_b,B-22-39,CH-BO-CV-40,659,channel,cv,on
model,being_overtaken,10.125556323056118,1.8719798176796532,7.562298772641302,,False,,goal,False,False,58,115.48297064046803,-26.159090750779967,0,0,0,20,0,0.0,0.0,0.0,6.4590347532790044,0.0,0.6461224694299358,0.7266972614502389,2.6617803349531597,0.294998044836592,0,,False,being_overtaken,27,0.0,False,0.0,tier_b,B-23-00,CH-BO-RE-01,660,channel,re,on
model,being_overtaken,9.933657424465766,1.8991711810998815,7.771645627693946,,False,,collision:obstacle,True,False,32,-367.32890683678175,-12.613099565892407,0,0,0,10,0,0.0,0.0,0.0,3.1143455718252846,0.0,0.48570511958247387,0.5731657100082017,2.670778685299118,0.5614521500539492,0,,False,being_overtaken,20,0.0,False,0.0,tier_b,B-23-01,CH-BO-RE-02,661,channel,re,on
model,being_overtaken,9.889649864050995,1.9798188718970813,-7.182931447677728,,False,,goal,False,False,62,81.08260983045508,-22.94725350965986,1,1,0,13,0,0.009129281155956683,0.15038405754968237,0.0,5.471027773596777,0.0,0.6196480081367778,0.7253934244322605,2.7805735144990145,1.5879207723973825,0,,False,being_overtaken,17,0.0,False,0.0,tier_b,B-23-02,CH-BO-RE-03,662,channel,re,on
model,being_overtaken,9.838134110231913,1.6073830435301206,7.606140418726643,,False,,goal,False,False,56,84.14248242957284,-55.927991959168345,0,0,0,30,0,0.0,0.0,0.0,13.80938073065885,0.0,0.6739087013237992,0.7493645170733463,2.340682041154587,0.0977706792255287,0,,False,being_overtaken,38,0.0,False,0.0,tier_b,B-23-03,CH-BO-RE-04,663,channel,re,on
model,being_overtaken,10.4119118238532,1.8453796192107756,2.0444196991694756,,False,,goal,False,False,62,84.83781162491493,-8.074853270910657,0,0,0,4,0,0.0,0.0,0.0,1.9937909310890514,0.0,0.6121984560503445,0.7354280483465588,2.6747886145451063,1.33596884422815,0,,False,being_overtaken,11,0.0,False,0.0,tier_b,B-23-04,CH-BO-RE-05,664,channel,re,on
model,being_overtaken,9.999999999999998,2.1231303294610084,-9.909304134018297,,False,,collision:target,True,True,55,-412.1326484060349,-123.98311617629548,0,0,0,32,0,0.0,0.0,0.0,31.651420421969483,0.0,0.6830651715400914,0.8071166398345195,1.3482736207080477,0.5003121816300342,0,,False,being_overtaken,37,0.0,False,0.0,tier_b,B-23-05,CH-BO-RE-06,665,channel,re,on
model,being_overtaken,10.0,1.6410683857900301,3.8341889581250843,,False,,goal,False,False,56,78.56678371665582,-57.21312061164523,0,0,0,18,0,0.0,0.0,0.0,14.126696447319812,0.0,0.6718456438772178,0.7594334042187503,1.5544367039502962,0.1713672239852789,0,,False,being_overtaken,33,0.0,False,0.0,tier_b,B-23-06,CH-BO-RE-07,666,channel,re,on
model,being_overtaken,9.726699856298724,1.3683473913920756,-3.1107924413628973,,False,,collision:obstacle,True,False,51,-403.9618932335122,-26.241126752391157,0,0,0,9,0,0.0,0.0,0.0,6.479290556145965,0.0,0.5067039705735092,0.666358843246861,1.9974775326495773,1.1389745203673407,0,,False,being_overtaken,20,0.0,False,0.0,tier_b,B-23-07,CH-BO-RE-08,667,channel,re,on
model,being_overtaken,9.888208635212655,1.5837145631463418,5.973963034216045,,False,,goal,False,False,58,73.89244874475571,-59.97817671816351,0,0,0,18,1,0.0,0.0,0.0,14.805816563259256,0.0032488082141159413,0.650958124078593,0.7418434988077741,2.3823106235070592,0.5136270257401024,0,,False,being_overtaken,38,0.0,False,0.0,tier_b,B-23-08,CH-BO-RE-09,668,channel,re,on
model,being_overtaken,9.554009289206258,1.9771335862570683,-8.91964174148698,,False,,collision:target,True,True,56,-356.984251009734,-66.55797248601397,0,0,0,36,0,0.0,0.0,0.0,16.434067280497278,0.0,0.6482231685256709,0.7576744193666095,1.82415521690149,0.2825515129660192,0,,False,being_overtaken,43,0.0,False,0.0,tier_b,B-23-09,CH-BO-RE-10,669,channel,re,on
model,being_overtaken,9.49956345855006,1.7230386898978356,-3.4368801559108197,,False,,goal,False,False,63,80.06463360397316,-10.803399136168194,0,0,0,9,0,0.0,0.0,0.0,2.667505959547702,0.0,0.6050850490300798,0.739831803745219,2.581034511581814,1.4704224587468282,0,,False,being_overtaken,16,0.0,False,0.0,tier_b,B-23-10,CH-BO-RE-11,670,channel,re,on
model,being_overtaken,10.0,1.5351782310889264,-3.5114801933301294,,False,,goal,False,False,62,92.6741477105507,-15.750149006372872,0,4,0,9,2,0.0,0.1752237634189678,0.0,3.461479860295411,0.19195509850057035,0.6166509258712058,0.7584575359051149,2.46708450745868,1.3868312128433402,0,,False,being_overtaken,21,0.0,False,0.0,tier_b,B-23-11,CH-BO-RE-12,671,channel,re,on
model,being_overtaken,9.558087837045521,2.0782608328785757,-9.434247459104213,,False,,goal,False,False,76,-14.237931790065275,-10.610151369615998,0,0,0,13,0,0.0,0.0,0.0,2.6197904616335794,0.0,0.5254860560548913,0.7240680788852711,2.5910388983722066,1.6765524919063157,0,,False,being_overtaken,19,0.0,False,0.0,tier_b,B-23-12,CH-BO-RE-13,672,channel,re,on
model,being_overtaken,11.074172611742998,1.7482481642059218,8.79289557579705,,False,,collision:obstacle,True,False,57,-397.2000641507367,-26.18113680761013,0,0,0,29,0,0.0,0.0,0.0,6.464478224101266,0.0,0.49631268377248305,0.6168540292552498,2.8197645282221346,1.1035067978718398,0,,False,being_overtaken,30,0.0,False,0.0,tier_b,B-23-13,CH-BO-RE-14,673,channel,re,on
model,being_overtaken,10.715842148894506,1.6020027772799859,8.006497405962879,,False,,collision:boundary,True,False,76,-456.27554483640586,-15.611575574998545,0,0,1,17,0,0.0,0.0,0.1078597993680579,3.758834641302107,0.0,0.5178415691884437,0.6547348421939831,2.9965868610856132,2.3162955304414443,0,,False,being_overtaken,18,0.0,False,0.0,tier_b,B-23-14,CH-BO-RE-15,674,channel,re,on
model,being_overtaken,9.962184763865155,1.7937008923235322,7.913044103514924,,False,,goal,False,False,56,75.36950446061073,-59.26224292879759,0,0,0,24,0,0.0,0.0,0.0,14.632652575011747,0.0,0.676078298576879,0.7329995775395185,2.4942327020453057,0.4871752313231612,0,,False,being_overtaken,34,0.0,False,0.0,tier_b,B-23-15,CH-BO-RE-16,675,channel,re,on
model,being_overtaken,10.0,1.7928558818761573,7.268922183468554,,False,,goal,False,False,56,113.03613531323663,-31.080204689791433,0,0,0,26,0,0.0,0.0,0.0,7.674124614763316,0.0,0.6684162907576446,0.7276970085291908,2.1814113245944178,0.16452135531648637,0,,False,being_overtaken,39,0.0,False,0.0,tier_b,B-23-16,CH-BO-RE-17,676,channel,re,on
model,being_overtaken,10.0,1.9589682271879547,2.391148402005978,,False,,collision:obstacle,True,False,37,-343.9205889968741,-14.009801917845214,0,0,0,11,0,0.0,0.0,0.0,3.459210350085238,0.0,0.5196602456561493,0.5682692522383123,2.5775708444946304,1.0361742168960495,0,,False,being_overtaken,20,0.0,False,0.0,tier_b,B-23-17,CH-BO-RE-18,677,channel,re,on
model,being_overtaken,10.0,1.987953265588875,7.8640679000367335,,False,,collision:boundary,True,False,68,-362.64954011330644,-9.420496285912845,0,0,0,10,0,0.0,0.0,0.0,2.3260484656574927,0.0,0.5721502085859722,0.7325851238404935,2.9614879111127688,1.4111318204007255,0,,False,being_overtaken,12,0.0,False,0.0,tier_b,B-23-18,CH-BO-RE-19,678,channel,re,on
model,being_overtaken,10.161501326284435,1.516508222494266,3.3295474625973753,,False,,goal,False,False,60,78.72794097757377,-18.873462460095144,0,0,0,11,0,0.0,0.0,0.0,4.660114187677813,0.0,0.6360891329188938,0.7533838712260462,2.75015394235254,1.3775559583339223,0,,False,being_overtaken,18,0.0,False,0.0,tier_b,B-23-19,CH-BO-RE-20,679,channel,re,on
model,being_overtaken,9.977474188790042,1.9426545997283227,-2.210137242425767,,False,,goal,False,False,53,67.20718608692766,-29.435797181587724,0,0,0,11,0,0.0,0.0,0.0,7.2680980695278325,0.0,0.7137111503804042,0.8364639885954406,1.9940239324448474,0.6650247524008736,0,,False,being_overtaken,23,0.0,False,0.0,tier_b,B-23-20,CH-BO-RE-21,680,channel,re,on
model,being_overtaken,10.880211490474945,1.9775653973867169,7.279494164863138,,False,,collision:boundary,True,False,72,-348.65551967319567,-5.02935010367016,0,0,0,7,0,0.0,0.0,0.0,1.2418148404123857,0.0,0.5414187132877115,0.6823333177940516,2.673592310446396,1.3231462721022058,0,,False,being_overtaken,15,0.0,False,0.0,tier_b,B-23-21,CH-BO-RE-22,681,channel,re,on
model,being_overtaken,9.284414321247274,1.4795497654559908,8.56953374866751,,False,,collision:boundary,True,False,68,-360.25458257238154,-12.01301559330176,0,0,0,7,0,0.0,0.0,0.0,2.966176689704138,0.0,0.5732101076128195,0.69033149700276,2.5048981637174514,1.1473105443830973,0,,False,being_overtaken,17,0.0,False,0.0,tier_b,B-23-22,CH-BO-RE-23,682,channel,re,on
model,being_overtaken,10.25142389104578,1.4580395125813075,-3.7008300969021324,,False,,goal,False,False,74,-4.08180761643699,-13.009745728214153,0,0,0,7,0,0.0,0.0,0.0,3.212282895855346,0.0,0.5134044530682796,0.6766893093436287,2.1439527900362383,0.7062713219363902,0,,False,being_overtaken,19,0.0,False,0.0,tier_b,B-23-23,CH-BO-RE-24,683,channel,re,on
model,being_overtaken,9.981898815348215,1.4935568598436841,4.097460437049527,,False,,collision:boundary,True,False,88,-599.5921933891499,-14.540781205874337,0,0,0,10,0,0.0,0.0,0.0,3.590316347129466,0.0,0.44796648060933075,0.5767867060210738,2.2767772021774304,2.1278431277351326,0,,False,being_overtaken,17,0.0,False,0.0,tier_b,B-23-24,CH-BO-RE-25,684,channel,re,on
model,being_overtaken,9.87979270972011,1.9900673699684517,-7.835019907526563,,False,,goal,False,False,58,98.01786044727093,-22.392570882673937,0,0,0,10,0,0.0,0.0,0.0,5.5290298475738116,0.0,0.653416867649009,0.7874336585919601,2.221150593328865,0.8625906415032859,0,,False,being_overtaken,27,0.0,False,0.0,tier_b,B-23-25,CH-BO-RE-26,685,channel,re,on
model,being_overtaken,10.0,1.5455291523910617,5.864480973143763,,False,,collision:boundary,True,False,167,-2543.9764098894498,-7.3951394462184865,0,0,0,6,0,0.0,0.0,0.0,1.8259603570909846,0.0,0.23631305103367026,0.5733302773533508,2.247691022815077,2.7675697565491464,0,,False,being_overtaken,16,0.0,False,0.0,tier_b,B-23-26,CH-BO-RE-27,686,channel,re,on
model,being_overtaken,9.95480237902196,1.3616732610879594,-4.084079477358429,,False,,goal,False,False,57,101.7957159069083,-13.342872434967,0,0,0,6,0,0.0,0.0,0.0,3.294536403695555,0.0,0.6606367515427861,0.8113760950326738,1.938316757279792,0.7331579179972023,0,,False,being_overtaken,22,0.0,False,0.0,tier_b,B-23-27,CH-BO-RE-28,687,channel,re,on
model,being_overtaken,10.027132763967446,1.6200938680221777,-8.09526659898282,,False,,goal,False,False,57,64.00170750332833,-56.630317625020844,0,0,0,21,0,0.0,0.0,0.0,13.982794475313787,0.0,0.6650023021244402,0.8057404828465512,2.1677208005383806,0.7578544118940329,0,,False,being_overtaken,34,0.0,False,0.0,tier_b,B-23-28,CH-BO-RE-29,688,channel,re,on
model,being_overtaken,9.22375029789435,1.7961895179084084,-8.848700851483224,,False,,goal,False,False,60,89.72232644234728,-19.424656741917783,0,0,0,10,0,0.0,0.0,0.0,4.796211541214268,0.0,0.6359795521057637,0.7642884709053669,2.3144775096594423,1.2219285475707338,0,,False,being_overtaken,19,0.0,False,0.0,tier_b,B-23-29,CH-BO-RE-30,689,channel,re,on
model,being_overtaken,9.999999999999998,1.3742956050900488,-5.697823439992325,,False,,collision:boundary,True,False,63,-322.4550270964183,-14.537706581141297,0,0,0,10,0,0.0,0.0,0.0,3.589557180528715,0.0,0.6181691525939075,0.7616101829276043,2.3574744907356826,1.4485076139340805,0,,False,being_overtaken,21,0.0,False,0.0,tier_b,B-23-30,CH-BO-RE-31,690,channel,re,on
model,being_overtaken,10.318827926823985,1.676831788651854,-8.71542453543511,,False,,collision:target,True,True,55,-378.8806633742767,-101.34683537388784,0,0,0,30,0,0.0,0.0,0.0,25.55063968708444,0.0,0.6612782153157345,0.8043384602437089,1.7622834408950905,0.661986821514319,0,,False,being_overtaken,39,0.0,False,0.0,tier_b,B-23-31,CH-BO-RE-32,691,channel,re,on
model,being_overtaken,10.212307046829215,1.801196019311334,8.15192003729123,,False,,collision:boundary,True,False,82,-408.90792346288436,-20.871402041246768,0,0,0,20,0,0.0,0.0,0.0,5.15343260277698,0.0,0.475419111603738,0.6123441118380302,2.639264846230536,0.891190656405598,0,,False,being_overtaken,25,0.0,False,0.0,tier_b,B-23-32,CH-BO-RE-33,692,channel,re,on
model,being_overtaken,9.407729573279614,1.5667896801118102,-7.6081580392532455,,False,,goal,False,False,68,29.313414835468706,-18.304135890758218,0,0,0,10,0,0.0,0.0,0.0,4.519539726113139,0.0,0.5620618054736245,0.6482420807853505,2.4005936789282325,0.7702012322537929,0,,False,being_overtaken,22,0.0,False,0.0,tier_b,B-23-33,CH-BO-RE-34,693,channel,re,on
model,being_overtaken,9.999999999999996,2.0181365657865165,9.912137652137176,,False,,goal,False,False,58,111.69393912289323,-39.17615431830689,0,0,0,26,0,0.0,0.0,0.0,9.673124523038739,0.0,0.6536311926503693,0.7100465934891779,2.670470609957139,0.18871663447146586,0,,False,being_overtaken,35,0.0,False,0.0,tier_b,B-23-34,CH-BO-RE-35,694,channel,re,on
model,being_overtaken,9.547504977789275,1.9810275679813487,7.063202538945724,,False,,collision:boundary,True,False,65,-365.30704804614567,-13.147361642691644,0,0,0,10,0,0.0,0.0,0.0,3.246262133997937,0.0,0.6003445308002634,0.7467342912442853,3.066209718444486,1.3947486550955794,0,,False,being_overtaken,10,0.0,False,0.0,tier_b,B-23-35,CH-BO-RE-36,695,channel,re,on
model,being_overtaken,9.999999999999998,1.6305887707912565,2.986437825790329,,False,,goal,False,False,59,96.52873459185797,-9.387904027982866,0,0,0,5,0,0.0,0.0,0.0,2.318000994563671,0.0,0.6386938466294444,0.8056545978309329,2.637540813936151,1.1527771248253247,0,,False,being_overtaken,15,0.0,False,0.0,tier_b,B-23-36,CH-BO-RE-37,696,channel,re,on
model,being_overtaken,10.037014746982145,1.723367193249801,-6.565986321707003,,False,,goal,False,False,63,63.03828815300685,-10.12427572102389,0,0,0,6,0,0.0,0.0,0.0,2.499821165684911,0.0,0.6125269518270177,0.7198587896396867,2.4874111496805265,1.6595110051082043,0,,False,being_overtaken,15,0.0,False,0.0,tier_b,B-23-37,CH-BO-RE-38,697,channel,re,on
model,being_overtaken,10.163730454285325,1.8274880848559567,8.239057201118843,,False,,collision:boundary,True,False,84,-489.41392791923874,-11.764619719733982,0,0,0,9,0,0.0,0.0,0.0,2.9048443752429596,0.0,0.47165060355716987,0.5860118804277986,2.912730222319735,2.070281619388459,0,,False,being_overtaken,11,0.0,False,0.0,tier_b,B-23-38,CH-BO-RE-39,698,channel,re,on
model,being_overtaken,11.688836356459996,1.5431648209733326,7.1089566557592505,,False,,goal,False,False,84,41.798757291475724,-4.626118645716399,0,0,0,3,0,0.0,0.0,0.0,1.1422515174608394,0.0,0.45624901592385775,0.698572790316663,2.3103820870889824,0.9728381226275373,0,,False,being_overtaken,13,0.0,False,0.0,tier_b,B-23-39,CH-BO-RE-40,699,channel,re,on
model,being_overtaken,9.556228436019913,1.9445558297546373,6.589238433300611,,False,,collision:boundary,True,False,76,-409.3796030925689,-9.161675513861748,0,0,1,5,0,0.0,0.0,0.00039613238700719755,2.261789984510746,0.0,0.5163909980547846,0.6618314183454069,2.6392653320161785,2.1389663046277763,0,,False,being_overtaken,17,0.0,False,0.0,tier_b,B-24-00,CH-BO-NC-01,700,channel,nc,on
model,being_overtaken,9.333805905222826,1.6940804731597883,-8.336449556080606,,False,,goal,False,False,69,113.24784084125658,-13.659026898148456,0,0,0,8,0,0.0,0.0,0.0,3.3725992341107296,0.0,0.5519312436603823,0.6471171334072076,1.6992912369332869,0.9597905768636388,0,,False,being_overtaken,20,0.0,False,0.0,tier_b,B-24-01,CH-BO-NC-02,701,channel,nc,on
model,being_overtaken,9.999999999999996,1.7560676358278475,-8.64583310567923,,False,,goal,False,False,71,94.6449846871258,-30.642314248617154,0,0,0,16,0,0.0,0.0,0.0,7.566003518177075,0.0,0.5352698328125259,0.6420882323534458,1.7410261831853027,0.6078680223770916,0,,False,being_overtaken,28,0.0,False,0.0,tier_b,B-24-02,CH-BO-NC-03,702,channel,nc,on
model,being_overtaken,9.556735038222397,2.0211656078634337,-9.079366362513863,,False,,goal,False,False,63,97.11002404222947,-27.660396311067515,0,0,0,16,0,0.0,0.0,0.0,6.829727484214202,0.0,0.6017663711261412,0.7611153987214052,1.9317544789363603,0.8162592472038557,0,,False,being_overtaken,29,0.0,False,0.0,tier_b,B-24-03,CH-BO-NC-04,703,channel,nc,on
model,being_overtaken,10.629510587211447,1.692838109015696,8.671667485808129,,False,,collision:boundary,True,False,81,-347.6659822877106,-15.592695073389596,0,0,0,6,0,0.0,0.0,0.0,3.8500481662690356,0.0,0.48006046781745393,0.6068961390867497,1.9425663985485009,0.8833759077352619,0,,False,being_overtaken,20,0.0,False,0.0,tier_b,B-24-04,CH-BO-NC-05,704,channel,nc,on
model,being_overtaken,9.741503906623125,1.5280915993626074,-0.8307227561974599,,False,,collision:boundary,True,False,62,-329.49496473033525,-14.471026961800318,1,0,0,7,0,0.026421007243905642,0.0,0.0,3.540800734800737,0.0,0.6300497177686438,0.7481966517177685,1.916303449335592,1.4720924987127215,0,,False,being_overtaken,18,0.0,False,0.0,tier_b,B-24-05,CH-BO-NC-06,705,channel,nc,on
model,being_overtaken,10.0,1.5929576749405012,9.21434131609211,,False,,goal,False,False,76,64.48890420697198,-43.73796549671122,0,0,0,15,0,0.0,0.0,0.0,11.066275640528657,0.0,0.49404387786561843,0.6861102845509159,1.7366919214398526,0.6426511577677251,0,,False,being_overtaken,24,0.0,False,0.0,tier_b,B-24-06,CH-BO-NC-07,706,channel,nc,on
model,being_overtaken,9.985262345348124,1.8501007172156556,-1.5862896491925316,,False,,goal,False,False,53,-2.490402366987297,-95.07810264300402,0,0,0,19,0,0.0,0.0,0.0,23.858016747270185,0.0,0.7097753143926104,0.8700514889446063,2.096183485328711,0.5452592467821447,0,,False,being_overtaken,36,0.0,False,0.0,tier_b,B-24-07,CH-BO-NC-08,707,channel,nc,on
model,being_overtaken,9.889257288420604,1.6607810930953832,-9.20132754577124,,False,,goal,False,False,74,37.87924065662022,-20.59659183909739,0,0,0,13,0,0.0,0.0,0.0,5.085578231875899,0.0,0.5135312164554463,0.784740437464954,1.7903376721885216,0.3450847687119164,0,,False,being_overtaken,23,0.0,False,0.0,tier_b,B-24-08,CH-BO-NC-09,708,channel,nc,on
model,being_overtaken,10.0,2.115467472662786,-9.1275054579281,,False,,goal,False,False,61,41.07451131880414,-92.04127108773577,0,0,0,36,0,0.0,0.0,0.0,22.726239774749565,0.0,0.6193604850982858,0.776039461540217,1.8277175913605215,0.45909642579515186,0,,False,being_overtaken,45,0.0,False,0.0,tier_b,B-24-09,CH-BO-NC-10,709,channel,nc,on
model,being_overtaken,10.571516889607276,1.6720698118476431,5.092688321189339,,False,,collision:boundary,True,False,70,-348.44291165367525,-17.471222065573215,0,0,2,7,0,0.0,0.0,0.36323562747033733,3.991005878192593,0.0,0.5560395639214454,0.6855389955996207,1.9870977458980592,1.226403834112078,0,,False,being_overtaken,17,0.0,False,0.0,tier_b,B-24-10,CH-BO-NC-11,710,channel,nc,on
model,being_overtaken,10.157629198518656,1.98425346888397,2.554588777759557,,False,,goal,False,False,57,100.83656929005377,-36.812216589734064,0,0,0,19,0,0.0,0.0,0.0,9.089436194996066,0.0,0.6560692011282034,0.7501043695434724,1.9730187802953851,0.19485994309727328,0,,False,being_overtaken,31,0.0,False,0.0,tier_b,B-24-11,CH-BO-NC-12,711,channel,nc,on
model,being_overtaken,10.01614414099173,1.670162036801078,7.002645151168821,,False,,collision:boundary,True,False,65,-359.6587837374745,-12.500044005870246,0,0,0,7,0,0.0,0.0,0.0,3.086430618733394,0.0,0.6011251230467577,0.7833169905387779,2.5842899683877105,1.5505451995686745,0,,False,being_overtaken,14,0.0,False,0.0,tier_b,B-24-12,CH-BO-NC-13,712,channel,nc,on
model,being_overtaken,10.01027829032495,1.5468909819404986,-4.708004651273683,,False,,goal,False,False,63,79.34389754531597,-9.38665898639843,0,0,0,5,0,0.0,0.0,0.0,2.3176935768885016,0.0,0.6130264661079589,0.7830127035516711,2.325011201544777,1.6875104116729538,0,,False,being_overtaken,14,0.0,False,0.0,tier_b,B-24-13,CH-BO-NC-14,713,channel,nc,on
model,being_overtaken,9.515457717040196,1.431911418108696,7.106536495085301,,False,,collision:boundary,True,False,71,-386.96082112066824,-29.146681695201096,0,0,0,16,0,0.0,0.0,0.0,7.196711529679284,0.0,0.5484754992030773,0.7613313487179868,2.535475895429734,1.405196428178003,0,,False,being_overtaken,26,0.0,False,0.0,tier_b,B-24-14,CH-BO-NC-15,714,channel,nc,on
model,being_overtaken,10.48321116342579,1.2337767967048168,2.098308615412698,,False,,goal,False,False,77,-63.86238182413254,-14.453867933862956,0,0,0,7,0,0.0,0.0,0.0,3.5688562799661616,0.0,0.49335151080687883,0.7481935486828439,1.8367218028826897,1.2413777283563916,0,,False,being_overtaken,14,0.0,False,0.0,tier_b,B-24-15,CH-BO-NC-16,715,channel,nc,on
model,being_overtaken,10.037505965075097,1.8827285556137312,5.753849198157074,,False,,goal,False,False,72,-18.424539992078422,-38.62230086909788,0,0,0,12,0,0.0,0.0,0.0,9.536370584962437,0.0,0.5236427043893311,0.6678422659372563,1.9063963778506237,0.37639720662040954,0,,False,being_overtaken,28,0.0,False,0.0,tier_b,B-24-16,CH-BO-NC-17,716,channel,nc,on
model,being_overtaken,9.999999999999998,1.6049480744493156,7.349449477400128,,False,,collision:boundary,True,False,76,-346.0180626480923,-13.470832930803972,0,0,0,11,0,0.0,0.0,0.0,3.326131587852833,0.0,0.5111747067573336,0.7120272585765579,1.850605743161013,1.0342417850760486,0,,False,being_overtaken,25,0.0,False,0.0,tier_b,B-24-17,CH-BO-NC-18,717,channel,nc,on
model,being_overtaken,10.357781496358793,1.6807035742157463,2.570955072461821,,False,,goal,False,False,72,112.95057896103815,-7.993786908555369,0,0,0,4,0,0.0,0.0,0.0,1.9737745453223132,0.0,0.5240911245228106,0.6403011926878647,1.8156442079845228,0.7414836305259533,0,,False,being_overtaken,16,0.0,False,0.0,tier_b,B-24-18,CH-BO-NC-19,718,channel,nc,on
model,being_overtaken,9.999999999999998,1.9885671677416474,-3.813949275593207,,False,,goal,False,False,60,95.2973210657261,-18.739643887741806,0,0,0,19,0,0.0,0.0,0.0,4.62707256487452,0.0,0.6308151456856169,0.7758666012452441,2.4773654793625806,1.2306058960499526,0,,False,being_overtaken,19,0.0,False,0.0,tier_b,B-24-19,CH-BO-NC-20,719,channel,nc,on
model,being_overtaken,9.79223444759822,2.0408282049977378,-9.120097773754967,,False,,goal,False,False,61,90.54083771548295,-28.34376925059958,0,0,0,14,0,0.0,0.0,0.0,6.998461543357919,0.0,0.6262904934455064,0.7639864752169625,1.9775803607622797,0.9214651465612722,0,,False,being_overtaken,27,0.0,False,0.0,tier_b,B-24-20,CH-BO-NC-21,720,channel,nc,on
model,being_overtaken,9.999999999999998,1.5428512106804195,-1.0623783115419023,,False,,goal,False,False,61,110.09448364884112,-8.079272211183792,0,0,0,4,0,0.0,0.0,0.0,1.994882027452788,0.0,0.6289128432179752,0.76904625585978,1.4679974898795243,0.7949977881101337,0,,False,being_overtaken,17,0.0,False,0.0,tier_b,B-24-21,CH-BO-NC-22,721,channel,nc,on
model,being_overtaken,9.85976623229687,1.7152225269493724,2.855737435935005,,False,,collision:boundary,True,False,117,-665.3848602814048,-11.198123381187166,0,0,0,5,0,0.0,0.0,0.0,2.7649687360955966,0.0,0.33851228201546096,0.5756738554823914,2.068450003438189,2.560796248711962,0,,False,being_overtaken,17,0.0,False,0.0,tier_b,B-24-22,CH-BO-NC-23,722,channel,nc,on
model,being_overtaken,9.999999999999998,1.9294297197367825,-7.386223297466614,,False,,collision:boundary,True,False,92,-468.8192078369352,-13.096522881452717,0,0,0,8,0,0.0,0.0,0.0,3.2337093534451156,0.0,0.4252340597180808,0.5785642307848397,1.707454668055697,1.4027107528114817,0,,False,being_overtaken,18,0.0,False,0.0,tier_b,B-24-23,CH-BO-NC-24,723,channel,nc,on
model,being_overtaken,10.887967509919548,1.550195118269397,-8.27115703655429,,False,,goal,False,False,65,118.38511335997606,-5.350782499474176,0,0,0,3,0,0.0,0.0,0.0,1.3211808640676979,0.0,0.5851302937609865,0.6986429974805681,1.7230184329101716,1.1491106190675986,0,,False,being_overtaken,18,0.0,False,0.0,tier_b,B-24-24,CH-BO-NC-25,724,channel,nc,on
model,being_overtaken,10.663301990052519,1.3104702035229767,-3.6817098961920625,,False,,goal,False,False,68,95.24269921021414,-17.41352522867726,0,0,0,7,0,0.0,0.0,0.0,4.299635858932657,0.0,0.560933858798532,0.6856860218789788,1.5783966593751586,1.199426837963511,0,,False,being_overtaken,17,0.0,False,0.0,tier_b,B-24-25,CH-BO-NC-26,725,channel,nc,on
model,being_overtaken,9.996986108667826,1.6166228227296413,-9.557683279964767,,False,,goal,False,False,68,117.02650208023077,-14.15254996317488,0,0,0,11,0,0.0,0.0,0.0,3.4944567810308347,0.0,0.5572221112500678,0.6646264657567463,1.6480193219588157,0.7452060108091403,0,,False,being_overtaken,22,0.0,False,0.0,tier_b,B-24-26,CH-BO-NC-27,726,channel,nc,on
model,being_overtaken,9.999999999999996,1.6741295357485322,-8.85883210450535,,False,,goal,False,False,68,111.93828513680253,-16.28611648272421,0,0,0,12,0,0.0,0.0,0.0,4.021263329067706,0.0,0.5550022459039265,0.6631865574901196,1.6320249684622463,0.7238330318616055,0,,False,being_overtaken,27,0.0,False,0.0,tier_b,B-24-27,CH-BO-NC-28,727,channel,nc,on
model,being_overtaken,9.707579962186344,1.994245056227799,8.162250057336443,,False,,goal,False,False,69,94.5475370778827,-28.71843443459965,0,0,0,15,0,0.0,0.0,0.0,7.090971465333247,0.0,0.5476312200561281,0.6887343935780036,1.9186442617358068,0.6718722807388673,0,,False,being_overtaken,26,0.0,False,0.0,tier_b,B-24-28,CH-BO-NC-29,728,channel,nc,on
model,being_overtaken,10.051383457640737,1.750885488981689,8.969076940513162,,False,,collision:boundary,True,False,78,-382.99847113983975,-12.79582913640192,0,1,2,8,0,0.0,0.07867560212236799,0.5386204399435911,2.584531190641795,0.0,0.50017060804,0.684858980646434,2.1445722497217314,1.501806123669429,0,,False,being_overtaken,18,0.0,False,0.0,tier_b,B-24-29,CH-BO-NC-30,729,channel,nc,on
model,being_overtaken,9.999999999999998,1.6011268102900944,-6.681896567156205,,False,,collision:target,True,True,21,-349.26461237846735,-42.431216842176525,0,0,0,8,0,0.0,0.0,0.0,11.350355969188467,0.0,0.4387978562789534,0.5700999345846123,1.3016977400092282,0.4318574192322462,0,,False,being_overtaken,20,0.0,False,0.0,tier_b,B-24-30,CH-BO-NC-31,730,channel,nc,on
model,being_overtaken,9.949181056491254,1.6547199557512104,-9.047533260766778,,False,,goal,False,False,79,0.7209157576241836,-54.37596720665667,0,0,0,11,0,0.0,0.0,0.0,14.083610502821683,0.0,0.48657322848817586,0.6604633612651313,1.4902882336134082,1.6085384709242425,0,,False,being_overtaken,22,0.0,False,0.0,tier_b,B-24-31,CH-BO-NC-32,731,channel,nc,on
model,being_overtaken,9.79230810832228,1.9829888233706938,0.25188225340473736,,False,,goal,False,False,61,89.59397511123959,-4.129565418230936,0,0,0,4,0,0.0,0.0,0.0,1.0196457822792433,0.0,0.6292449269650964,0.7189044666346025,2.6503930145659766,1.5173278420765028,0,,False,being_overtaken,13,0.0,False,0.0,tier_b,B-24-32,CH-BO-NC-33,732,channel,nc,on
model,being_overtaken,9.99004140727738,1.8744891642944084,8.295463489419028,,False,,goal,False,False,63,115.5684313745037,-28.472905403367527,0,0,0,23,0,0.0,0.0,0.0,7.030347013177165,0.0,0.5995928282236705,0.6937488860226727,1.8851337578890976,0.5738981498629828,0,,False,being_overtaken,32,0.0,False,0.0,tier_b,B-24-33,CH-BO-NC-34,733,channel,nc,on
model,being_overtaken,9.968353619665658,1.404571500479074,-6.492741499802328,,False,,goal,False,False,74,101.19605580353472,-13.593298750634675,0,0,0,8,0,0.0,0.0,0.0,3.3563700618851056,0.0,0.5116717712545646,0.689450344582369,1.447699387393973,0.4621407529596194,0,,False,being_overtaken,23,0.0,False,0.0,tier_b,B-24-34,CH-BO-NC-35,734,channel,nc,on
model,being_overtaken,10.825345865058214,1.7784132800067367,5.254308792979863,,False,,collision:obstacle,True,False,46,-392.7086588068669,-10.758464760098612,0,0,0,5,0,0.0,0.0,0.0,2.6564110518762,0.0,0.3821399616413308,0.5449532233057702,1.6572329945742879,0.427157010548887,0,,False,being_overtaken,15,0.0,False,0.0,tier_b,B-24-35,CH-BO-NC-36,735,channel,nc,on
model,being_overtaken,10.159482289928146,1.9000685884942294,-7.83488307678728,,False,,goal,False,False,59,74.08280850042158,-43.18907051951913,0,0,0,13,0,0.0,0.0,0.0,10.663968029510894,0.0,0.6383594055008788,0.7639756851075175,2.0096948285790908,0.998692225111268,0,,False,being_overtaken,24,0.0,False,0.0,tier_b,B-24-36,CH-BO-NC-37,736,channel,nc,on
model,being_overtaken,9.876841854514625,1.7835664258841866,4.577336411332384,,False,,collision:boundary,True,False,76,-411.7682212782023,-13.095414069868838,0,0,0,9,0,0.0,0.0,0.0,3.23343557280712,0.0,0.5135295018068234,0.7058958140322743,2.313731049845088,1.6225508151667465,0,,False,being_overtaken,15,0.0,False,0.0,tier_b,B-24-37,CH-BO-NC-38,737,channel,nc,on
model,being_overtaken,10.524710135776056,1.6833444561445865,-6.688109058467406,,False,,goal,False,False,82,8.296436842776572,-39.951944292892684,0,0,0,10,0,0.0,0.0,0.0,9.86467760318338,0.0,0.464105406214374,0.641884081443518,1.3602962622003014,1.4920899965668428,0,,False,being_overtaken,24,0.0,False,0.0,tier_b,B-24-38,CH-BO-NC-39,738,channel,nc,on
model,being_overtaken,9.999999999999996,1.7358621290711596,-6.757884182900751,,False,,goal,False,False,68,99.64854903594471,-30.484227374022083,0,0,0,13,0,0.0,0.0,0.0,7.5269697219807625,0.0,0.556440197223852,0.6998693123749291,1.7324277194232813,0.6369926076227063,0,,False,being_overtaken,28,0.0,False,0.0,tier_b,B-24-39,CH-BO-NC-40,739,channel,nc,on
model,null,10.0,6.402787750407577,0.4397175180479955,,,,goal,False,False,64,54.29653038125005,0.0,0,0,0,0,0,0.0,0.0,0.0,0.0,0.0,0.5980099996046084,0.6852226540256061,8.42041553906981,1.197056273570714,0,,False,never,0,0.0,False,0.0,tier_b,B-25-00,CH-NU-CV-01,740,channel,cv,on
model,null,9.756927740359394,4.731557190491743,-5.032369587205379,,,,goal,False,False,67,52.78635930842869,-5.385179264271134,5,0,3,0,0,0.533424179200968,0.0,0.7624248825628726,0.0,0.0,0.5754940794716842,0.6639610985337577,7.144140372639887,1.5812052245532666,0,,False,overtaking,5,0.0,False,0.0,tier_b,B-25-01,CH-NU-CV-02,741,channel,cv,on
model,null,10.20609031156661,8.952642133156829,8.893581489770433,,,,goal,False,False,67,38.58034544694381,0.0,0,0,0,0,0,0.0,0.0,0.0,0.0,0.0,0.5814068017004232,0.7339538924560037,8.978854358568316,1.472136587826312,0,,False,never,0,0.0,False,0.0,tier_b,B-25-02,CH-NU-CV-03,742,channel,cv,on
model,null,9.949040465676354,6.161425379424803,1.5293254566548935,,,,goal,False,False,63,92.63027100312851,-0.93020911606401,3,0,0,0,0,0.18792103354828482,0.0,0.0,0.0,0.0,0.6144489303688895,0.7417338805512007,5.879931712837803,1.3460746898019693,0,,False,overtaking,6,0.0,False,0.0,tier_b,B-25-03,CH-NU-CV-04,743,channel,cv,on
model,null,10.024859227742311,10.962511564517294,9.142703552249934,,,,goal,False,False,76,-44.00545862803516,0.0,0,0,0,0,0,0.0,0.0,0.0,0.0,0.0,0.5138871908297997,0.6706669068742378,12.407909318889084,1.8660887779465976,0,,False,never,0,0.0,False,0.0,tier_b,B-25-04,CH-NU-CV-05,744,channel,cv,on
model,null,10.372229054893863,0.5357273963728372,-5.319813560635027,,,,goal,False,False,61,114.08260927487285,0.0,0,0,0,0,0,0.0,0.0,0.0,0.0,0.0,0.6247127449739431,0.7447575841239549,6.663591192105346,1.2997259171632807,0,,False,never,0,0.0,False,0.0,tier_b,B-25-05,CH-NU-CV-06,745,channel,cv,on
model,null,9.999999999999996,6.25032246275428,-5.682538319219743,,,,goal,False,False,83,-75.16196840569577,0.0,0,0,0,0,0,0.0,0.0,0.0,0.0,0.0,0.46545677575576294,0.6377947834731426,8.747704945567907,1.0354481282823476,0,,False,never,0,0.0,False,0.0,tier_b,B-25-06,CH-NU-CV-07,746,channel,cv,on
model,null,10.0,3.0477160080376398,2.69249906769684,,,,goal,False,False,81,-58.599546617929605,0.0,0,0,0,0,0,0.0,0.0,0.0,0.0,0.0,0.4911291381921316,0.7525390018373096,8.285605260481926,1.7879471881511075,0,,False,never,0,0.0,False,0.0,tier_b,B-25-07,CH-NU-CV-08,747,channel,cv,on
model,null,9.381865316048694,1.7450214749076207,-2.6104002958335437,,,,goal,False,False,59,93.61540965101115,0.0,0,0,0,0,0,0.0,0.0,0.0,0.0,0.0,0.6442693525940646,0.7583623580567379,9.950627984177865,0.8851643096377309,0,,False,never,0,0.0,False,0.0,tier_b,B-25-08,CH-NU-CV-09,748,channel,cv,on
model,null,9.999999999999998,8.016092314131617,5.597294768606961,,,,goal,False,False,63,91.68976909350947,-2.2973557457809446,7,0,1,0,0,0.36689926718562726,0.0,0.13366788144780262,0.0,0.0,0.6044817481182696,0.6909716865380597,6.789341310599955,1.2600070564529644,0,,False,overtaking,14,0.0,False,0.0,tier_b,B-25-09,CH-NU-CV-10,749,channel,cv,on
model,null,9.908508065113132,1.1272331582185444,-2.8770859550520544,,,,goal,False,False,71,-55.99756086634078,0.0,0,0,0,0,0,0.0,0.0,0.0,0.0,0.0,0.5405085960262451,0.7097046523713825,9.079191919997989,1.2369308037107485,0,,False,never,0,0.0,False,0.0,tier_b,B-25-10,CH-NU-CV-11,750,channel,cv,on
model,null,10.0,5.663451138824793,-0.43088964390056894,,,,goal,False,False,69,17.800981452024786,0.0,0,0,0,0,0,0.0,0.0,0.0,0.0,0.0,0.5720875700568546,0.739655649321734,12.525517839726986,2.12498000064897,0,,False,never,0,0.0,False,0.0,tier_b,B-25-11,CH-NU-CV-12,751,channel,cv,on
model,null,9.83162465245624,3.825723767036251,0.21125149968866808,,,,goal,False,False,62,105.65157737589453,-5.761396066863524,4,0,5,0,1,0.28405477145988334,0.0,1.126661031855516,0.0,0.06652116299049872,0.6126187165492282,0.7352082026824305,6.019058837624395,1.3005034551867989,0,,False,overtaking,5,0.0,False,0.0,tier_b,B-25-12,CH-NU-CV-13,752,channel,cv,on
model,null,9.692211008866842,4.65353886459703,9.684145237801992,,,,goal,False,False,65,117.50890284703055,-29.024404892714564,25,4,8,0,0,4.15658458169187,0.34292307811547573,1.87551166018561,0.0,0.0,0.5806814476417668,0.6632989228746184,5.692665176147718,0.2346045050841752,0,,False,overtaking,38,0.0,False,0.0,tier_b,B-25-13,CH-NU-CV-14,753,channel,cv,on
model,null,10.0,6.113849389044362,2.705181684143522,,,,goal,False,False,57,124.77372548416857,0.0,0,0,0,0,0,0.0,0.0,0.0,0.0,0.0,0.6708488037308139,0.7673994049674431,6.033172331364682,0.8665387731435993,0,,False,never,0,0.0,False,0.0,tier_b,B-25-14,CH-NU-CV-15,754,channel,cv,on
model,null,9.958980753787225,0.8811586963066381,4.713357731970419,,,,collision:boundary,True,False,96,-442.0864042807483,0.0,0,0,0,0,0,0.0,0.0,0.0,0.0,0.0,0.48742795584051196,0.6680435629257657,8.97303322964314,1.9396484492551787,0,,False,never,0,0.0,False,0.0,tier_b,B-25-15,CH-NU-CV-16,755,channel,cv,on
model,null,10.074317906513764,1.2697132938208866,-5.3031942083467705,,,,goal,False,False,78,7.0841219953143195,-6.287076169661475,3,0,1,0,0,1.0292474037691388,0.0,0.33119486694562156,0.0,0.0,0.5214124929484478,0.7385353038784179,8.312701741167242,2.336754519615758,0,,False,overtaking,3,0.0,False,0.0,tier_b,B-25-16,CH-NU-CV-17,756,channel,cv,on
model,null,9.59801745048957,4.908386944179392,-0.49762297187279714,,,,goal,False,False,58,138.75833159183378,0.0,0,0,0,0,0,0.0,0.0,0.0,0.0,0.0,0.6458912808436413,0.7188569995793305,5.843306411810986,0.3326058940262344,0,,False,never,0,0.0,False,0.0,tier_b,B-25-17,CH-NU-CV-18,757,channel,cv,on
model,null,9.977000651473581,7.5754217263946355,-5.412589800173107,,,,goal,False,False,62,81.92101715563973,0.0,0,0,0,0,0,0.0,0.0,0.0,0.0,0.0,0.6148830983208501,0.7055576426621567,8.333014994522008,1.4264272038101802,0,,False,never,0,0.0,False,0.0,tier_b,B-25-18,CH-NU-CV-19,758,channel,cv,on
model,null,10.22996474912472,5.836738371331988,0.15990718774490809,,,,collision:obstacle,True,False,59,-464.2782611487827,0.0,0,0,0,0,0,0.0,0.0,0.0,0.0,0.0,0.46708317648576486,0.5438697195740754,11.079223482907295,1.7795694049124517,0,,False,never,0,0.0,False,0.0,tier_b,B-25-19,CH-NU-CV-20,759,channel,cv,on
model,null,10.0,8.22832952092903,2.390414163937738,,,,goal,False,False,62,67.77208763538385,0.0,0,0,0,0,0,0.0,0.0,0.0,0.0,0.0,0.6129065967452576,0.7481164488259979,9.620810516228946,0.9796855967685991,0,,False,never,0,0.0,False,0.0,tier_b,B-25-20,CH-NU-CV-21,760,channel,cv,on
model,null,10.02106927958631,7.459647185639571,-1.232828717394895,,,,goal,False,False,65,102.4651198713896,0.0,0,0,0,0,0,0.0,0.0,0.0,0.0,0.0,0.5839569954166066,0.7058020927153111,5.130357336955649,0.8592280642017124,0,,False,never,0,0.0,False,0.0,tier_b,B-25-21,CH-NU-CV-22,761,channel,cv,on
model,null,10.0,8.119366967885577,4.449403595685155,,,,goal,False,False,60,150.91898030879537,0.0,0,0,0,0,0,0.0,0.0,0.0,0.0,0.0,0.6271115786537974,0.6781321537034908,6.535598564428394,0.08294024826142855,0,,False,never,0,0.0,False,0.0,tier_b,B-25-22,CH-NU-CV-23,762,channel,cv,on
model,null,10.13162397842656,8.230408120260428,-2.328316817257554,,,,goal,False,False,74,-32.691885030106306,0.0,0,0,0,0,0,0.0,0.0,0.0,0.0,0.0,0.530685179853437,0.7147325639010287,8.432553482465071,1.5998020224030172,0,,False,never,0,0.0,False,0.0,tier_b,B-25-23,CH-NU-CV-24,763,channel,cv,on
model,null,10.771363692807041,10.335233724332435,5.670603287866097,,,,goal,False,False,64,77.20544689185068,0.0,0,0,0,0,0,0.0,0.0,0.0,0.0,0.0,0.5999233445616461,0.7032106564416231,9.42088896897036,1.5704465701899755,0,,False,never,0,0.0,False,0.0,tier_b,B-25-24,CH-NU-CV-25,764,channel,cv,on
model,null,9.089542909358721,7.558785631470633,5.351561801379567,,,,goal,False,False,63,80.46820407092554,0.0,0,0,0,0,0,0.0,0.0,0.0,0.0,0.0,0.6037896386837633,0.6917580961687926,6.897778337337042,1.1808943570310642,0,,False,never,0,0.0,False,0.0,tier_b,B-25-25,CH-NU-CV-26,765,channel,cv,on
model,null,9.802873732046324,2.077358894770351,0.80910469022594,,,,goal,False,False,62,88.03245557788674,0.0,0,0,0,0,0,0.0,0.0,0.0,0.0,0.0,0.6224215005386563,0.723054614145811,10.045771352664657,1.0237558425571984,0,,False,never,0,0.0,False,0.0,tier_b,B-25-26,CH-NU-CV-27,766,channel,cv,on
model,null,10.0,9.473073646590532,9.307784039102255,,,,goal,False,False,73,19.18585885684439,-4.215300749328707,3,0,3,0,0,0.4268997913897826,0.0,0.5839296616525786,0.0,0.0,0.5298357866150686,0.7261416683018289,9.515300839873335,2.0168262432231456,0,,False,overtaking,3,0.0,False,0.0,tier_b,B-25-27,CH-NU-CV-28,767,channel,cv,on
model,null,9.778406845988385,3.493141033624351,0.8812177283950682,,,,goal,False,False,67,54.465039319433934,-6.979155757604743,9,0,1,0,0,1.3173079969062473,0.0,0.1273558813663382,0.0,0.0,0.574396114151177,0.7096606861245736,7.025132312276316,1.3889683018343202,0,,False,overtaking,12,0.0,False,0.0,tier_b,B-25-28,CH-NU-CV-29,768,channel,cv,on
model,null,9.999999999999998,7.247432334820122,6.017558084372293,,,,goal,False,False,72,30.620106156669124,0.0,0,0,0,0,0,0.0,0.0,0.0,0.0,0.0,0.5472981061624299,0.7435913521251252,8.144064776691064,2.028500889774299,0,,False,never,0,0.0,False,0.0,tier_b,B-25-29,CH-NU-CV-30,769,channel,cv,on
model,null,9.999999999999996,6.18858364304545,6.800726541387434,,,,goal,False,False,61,94.3096008521498,0.0,0,0,0,0,0,0.0,0.0,0.0,0.0,0.0,0.6319894981772893,0.7304097764933306,7.916957137614172,1.477978126076211,0,,False,never,0,0.0,False,0.0,tier_b,B-25-30,CH-NU-CV-31,770,channel,cv,on
model,null,9.079535388272458,8.004514340321212,9.12482964030795,,,,goal,False,False,60,150.7953341905349,0.0,0,0,0,0,0,0.0,0.0,0.0,0.0,0.0,0.6270001251159947,0.7003955518448801,5.984252146643292,0.12212548196416234,0,,False,never,0,0.0,False,0.0,tier_b,B-25-31,CH-NU-CV-32,771,channel,cv,on
model,null,9.970171557639121,0.07519202835094688,-2.4871344647512466,,,,goal,False,False,60,107.68771011799461,0.0,0,0,0,0,0,0.0,0.0,0.0,0.0,0.0,0.6336531434904881,0.7519907846807545,10.018178501416534,0.971065754243767,0,,False,never,0,0.0,False,0.0,tier_b,B-25-32,CH-NU-CV-33,772,channel,cv,on
model,null,9.999999999999996,7.76756105448373,-8.072948661226713,,,,goal,False,False,64,93.65709128070236,0.0,0,0,0,0,0,0.0,0.0,0.0,0.0,0.0,0.5923040931687551,0.6783146352211354,5.846387310162067,1.0137612911304663,0,,False,never,0,0.0,False,0.0,tier_b,B-25-33,CH-NU-CV-34,773,channel,cv,on
model,null,9.999999999999996,10.052509166605219,-2.070279882713539,,,,goal,False,False,62,109.60126938963465,-0.15376010916322622,2,0,0,0,0,0.03106264831580327,0.0,0.0,0.0,0.0,0.6081260861069894,0.7292428544096645,7.490163511350007,0.7979655284773752,0,,False,overtaking,3,0.0,False,0.0,tier_b,B-25-34,CH-NU-CV-35,774,channel,cv,on
model,null,9.999999999999998,14.321571631551773,-3.7533774084716054,,,,goal,False,False,66,61.99636771592102,0.0,0,0,0,0,0,0.0,0.0,0.0,0.0,0.0,0.5914382242772005,0.7306217231569719,12.727453155252094,1.495772684095306,0,,False,never,0,0.0,False,0.0,tier_b,B-25-35,CH-NU-CV-36,775,channel,cv,on
model,null,9.999999999999998,0.3519106261217808,3.0560925950197753,,,,goal,False,False,69,56.54264016848932,-23.047555147455686,14,4,7,0,0,3.3006363680600503,0.4345743838977512,1.2661838681290463,0.0,0.0,0.5562169116120976,0.7118907624049103,6.054025330528948,1.150721432559029,0,,False,overtaking,34,0.0,False,0.0,tier_b,B-25-36,CH-NU-CV-37,776,channel,cv,on
model,null,9.377047142590444,6.457738814062841,0.8323863808067209,,,,goal,False,False,71,-44.225963244942605,0.0,0,0,0,0,0,0.0,0.0,0.0,0.0,0.0,0.5431621506031699,0.6883538716381254,11.14770771885033,1.7255309429422379,0,,False,never,0,0.0,False,0.0,tier_b,B-25-37,CH-NU-CV-38,777,channel,cv,on
model,null,10.361656650873854,9.218664098656248,-3.5342608746129134,,,,goal,False,False,59,138.7202386242412,-3.587397893371438,7,1,1,0,0,0.44907520424230274,0.09833968446666076,0.2438039428505745,0.0,0.0,0.6343394475398051,0.7278275152176021,5.9779161714942886,0.08108372668914868,0,,False,overtaking,20,0.0,False,0.0,tier_b,B-25-38,CH-NU-CV-39,778,channel,cv,on
model,null,10.155034379281052,9.240867542182052,6.48013666828334,,,,goal,False,False,62,112.38825048460748,0.0,0,0,0,0,0,0.0,0.0,0.0,0.0,0.0,0.6166528006028982,0.6845475495706248,10.065289900023414,0.8709650414219848,0,,False,never,0,0.0,False,0.0,tier_b,B-25-39,CH-NU-CV-40,779,channel,cv,on
