policy,class,width,dcpa_m,ct_deg,crossing_side,dcpa_below_floor,crossing_escapable,outcome,collided,collided_target,steps,return,colregs_integral,frames_v_port,frames_v_bow,frames_v_side,frames_v_hold,frames_v_r8,integral_v_port,integral_v_bow,integral_v_side,integral_v_hold,integral_v_r8,mean_speed,max_speed,min_target_range,rms_cte,estops,estop_reasons,estop_then_target_collision,first_engaged_cls,engaged_frames,p_port_sense,ever_port_sense_non_overtaking,r_path_max,set,case_id,test_id,scenario,stratum,behaviour,supervisor
model,head_on,9.201050650314883,0.3795356237898264,178.95927753168954,,,,goal,False,False,58,34.33645806243739,-33.41725447640741,14,0,1,0,10,4.881879722553331,0.0,0.2098737494203436,0.0,1.888089855967817,0.6782749482063113,0.8928412332405227,1.5953968503529963,1.11795700768165,0,,False,head_on,28,0.0,False,0.0,tier_b,B-00-00,BAS-HO-CV-01,0,basin,cv,off
model,head_on,9.222510656862553,1.13358741649509,180.00418128547236,,,,goal,False,False,55,23.124864952709274,-8.499426053734787,8,0,0,0,3,1.4267375965336981,0.0,0.0,0.0,0.31934998908732914,0.726592575609267,0.9973167995086312,3.4999402089836815,1.932107937030925,0,,False,head_on,25,0.0,False,0.0,tier_b,B-00-01,BAS-HO-CV-02,1,basin,cv,off
model,head_on,9.227601416936492,0.31114950183681533,185.8184109182404,,,,goal,False,False,59,46.528318532035094,-2.3744375023727935,4,3,0,0,2,0.29657857373745644,0.14495010199383723,0.0,0.0,0.041971235000642086,0.7063114374179934,0.9202530434837497,2.7713046894730557,1.7993450775651953,0,,False,crossing,13,0.0,False,0.0,tier_b,B-00-02,BAS-HO-CV-03,2,basin,cv,off
model,head_on,9.211701876994978,0.07402184354441088,177.28911239474493,,,,goal,False,False,58,-3.5172607630637174,-31.40072931649773,14,0,3,0,8,4.722805400549361,0.0,0.43381534312586884,0.0,1.4358016330056156,0.6668937088686305,0.9219922628836459,1.6249039105215806,1.0608699313066288,0,,False,head_on,28,0.0,False,0.0,tier_b,B-00-03,BAS-HO-CV-04,3,basin,cv,off
model,head_on,9.264485118721964,0.3626861566840971,186.68262445978752,,,,goal,False,False,53,37.66101493004239,-41.924307776946044,7,0,9,0,9,3.4721007556992225,0.0,2.8795496619712875,0.0,3.1935622784751696,0.7374930928419128,0.9961146551972281,1.6810554401590034,1.0154156941750982,0,,False,head_on,9,0.0,False,0.0,tier_b,B-00-04,BAS-HO-CV-05,4,basin,cv,off
model,head_on,9.279173642526487,1.5737887332183131,176.16465774492912,,,,goal,False,False,56,41.04086325392965,-49.5925100264687,12,0,4,0,10,7.140465220792857,0.0,0.9748502830630504,0.0,2.3861658143371285,0.7371356270317921,0.9411395548272887,1.342422097426182,1.4772135085039397,0,,False,head_on,25,0.0,False,0.0,tier_b,B-00-05,BAS-HO-CV-06,5,basin,cv,off
model,head_on,9.263500800417557,0.3276717884184064,186.41190225033796,,,,goal,False,False,56,-33.625930915467364,-85.07216121142932,10,0,11,0,13,9.08252961514801,0.0,2.6162693773957457,0.0,6.821126635071558,0.7563056302287097,0.9636493398620176,1.669899658054877,2.2352519281764254,0,,False,head_on,13,0.0,False,0.0,tier_b,B-00-06,BAS-HO-CV-07,6,basin,cv,off
model,head_on,9.217044165236686,1.5298989422236204,183.93190001103898,,,,goal,False,False,60,55.28423073594673,-81.9181932376418,20,0,30,0,9,8.576480060032091,0.0,9.946541571276411,0.0,0.8126816186417506,0.6366460026420987,0.8486327211121577,1.7999536109922305,0.2673486084594705,0,,False,head_on,30,0.0,False,0.0,tier_b,B-00-07,BAS-HO-CV-08,7,basin,cv,off
model,head_on,9.23906371178969,1.2066477096482957,180.7054566274249,,,,goal,False,False,58,-28.180084029625164,-88.9145614115692,14,0,20,0,22,8.914254930368553,0.0,5.39871571629041,0.0,5.63413842835542,0.7003584946946182,0.9686827409998547,1.5606060699562985,1.6082689197581908,0,,False,head_on,25,0.0,False,0.0,tier_b,B-00-08,BAS-HO-CV-09,8,basin,cv,off
model,head_on,9.20081860180611,0.5759708659372964,176.20715365651006,,,,goal,False,False,56,60.957542350059995,-25.282784723160418,8,0,9,0,1,3.153461363638751,0.0,2.6727972971959364,0.0,0.011351267387383901,0.7190858875148015,0.9266450656665793,1.619887343358632,1.4530922029254019,0,,False,head_on,24,0.0,False,0.0,tier_b,B-00-09,BAS-HO-CV-10,9,basin,cv,off
model,head_on,9.232109315190328,1.7023597866023747,179.98883902002405,,,,goal,False,False,56,43.29418342701362,-60.835158695418016,15,0,29,0,2,5.739413457470049,0.0,8.975670146569204,0.0,0.02503323406491784,0.6964854113446991,0.8977800070306351,2.301573124296593,0.6624362973937772,0,,False,head_on,29,0.0,False,0.0,tier_b,B-00-10,BAS-HO-CV-11,10,basin,cv,off
model,head_on,9.204527093615056,1.0939816058571048,187.4782660753667,,,,goal,False,False,56,61.4506327159746,-28.87980853238596,8,0,5,0,4,4.717806254899383,0.0,0.9945034553376761,0.0,0.4325455847596393,0.7185931454007024,0.8834283655833421,1.6132360653023319,1.5883494827411508,0,,False,head_on,26,0.0,False,0.0,tier_b,B-00-11,BAS-HO-CV-12,11,basin,cv,off
model,head_on,9.204828784973326,0.5805061151729531,183.6892070283172,,,,goal,False,False,58,99.57005687631617,-23.562883899071483,11,0,10,0,2,2.89323213129532,0.0,2.241250535467251,0.0,0.2606406492172316,0.6650046076638809,0.8902721329165503,1.5643509431537852,0.6134035279170962,0,,False,head_on,25,0.0,False,0.0,tier_b,B-00-12,BAS-HO-CV-13,12,basin,cv,off
model,head_on,9.289461395278718,0.4768490170173729,186.33136696040836,,,,goal,False,False,63,83.60113692284455,-34.7913457429179,10,0,9,0,2,5.422959665126743,0.0,2.0623062947912842,0.0,0.11630949762042239,0.648858327666635,0.8542776773350979,1.7938290014461213,1.1333327357198917,0,,False,head_on,27,0.0,False,0.0,tier_b,B-00-13,BAS-HO-CV-14,13,basin,cv,off
model,head_on,9.214673860059685,0.41835079934497665,171.4805020485412,,,,goal,False,False,56,88.50280232592888,-13.428589908542445,8,0,8,0,2,1.3966063303538658,0.0,1.3483599471980847,0.0,0.3691761696394887,0.6946381507984862,0.9161279245578032,1.47463955757227,0.7186130056035008,0,,False,head_on,22,0.0,False,0.0,tier_b,B-00-14,BAS-HO-CV-15,14,basin,cv,off
model,head_on,9.210984975853394,0.6800938662761706,178.68720366977095,,,,goal,False,False,53,16.090058613016353,-14.123008564483921,4,0,2,0,3,1.8631832850962966,0.0,0.32306058365120693,0.0,0.8304962671362017,0.7840756504853726,1.0314304620182488,3.436762905436225,2.220005573405007,0,,False,head_on,21,0.0,False,0.0,tier_b,B-00-15,BAS-HO-CV-16,15,basin,cv,off
model,head_on,9.23122588458803,0.9114979333450339,172.2571361325166,,,,goal,False,False,57,93.2051058419415,-25.80039990078013,10,0,2,0,2,4.5010662810696855,0.0,0.3197841767500236,0.0,0.5264219495966878,0.6790436954481608,0.901295309718915,1.8550296098118169,0.6105268889611432,0,,False,head_on,20,0.0,False,0.0,tier_b,B-00-16,BAS-HO-CV-17,16,basin,cv,off
model,head_on,9.200509195158867,0.5207322767713294,180.1240609809239,,,,goal,False,False,56,70.39698467350459,-28.45669123064404,9,0,2,0,6,5.176401902838692,0.0,0.029031039651633374,0.0,0.606442237521473,0.7078614941601921,0.910849130235875,2.2805301977384818,1.5484137235645126,0,,False,head_on,25,0.0,False,0.0,tier_b,B-00-17,BAS-HO-CV-18,17,basin,cv,off
model,head_on,9.20975026044725,1.2616438722917735,180.06389600978335,,,,goal,False,False,54,94.4004573139604,0.0,0,0,0,0,0,0.0,0.0,0.0,0.0,0.0,0.7155828848105004,0.9890740863593678,2.629433437173948,0.9538004492739888,0,,False,never,0,0.0,False,0.0,tier_b,B-00-18,BAS-HO-CV-19,18,basin,cv,off
model,head_on,9.34114738208815,1.5877926054028224,183.08248573965346,,,,goal,False,False,63,116.17804285122055,-17.184847536665586,8,0,3,0,2,3.1260460973952817,0.0,0.1929403646098401,0.0,0.22585200932522576,0.6323198479739206,0.8722302865186456,2.9104504229276884,0.7376964642110672,0,,False,head_on,27,0.0,False,0.0,tier_b,B-00-19,BAS-HO-CV-20,19,basin,cv,off
model,head_on,9.27433265325314,1.1617670806769254,177.4063701601212,,,,goal,False,False,62,114.80749988243329,-11.948389674063243,7,0,1,0,4,1.9342910614765039,0.0,0.2513788767774266,0.0,0.32637443630129126,0.6325740069968715,0.9307709790550788,3.0180538528637126,0.515968940548692,0,,False,head_on,22,0.0,False,0.0,tier_b,B-01-00,BAS-HO-RE-01,20,basin,re,off
model,head_on,9.22382710589348,0.37465457934577784,182.6914241951244,,,,goal,False,False,55,79.4612291026197,0.0,0,0,0,0,0,0.0,0.0,0.0,0.0,0.0,0.7173241299928588,0.9314761378649316,2.1886304585358363,0.9828388796616067,0,,False,never,0,0.0,False,0.0,tier_b,B-01-01,BAS-HO-RE-02,21,basin,re,off
model,head_on,9.217776370165236,1.9328187521485696,182.75230721728838,,,,goal,False,False,61,110.65335451539212,-13.17112477544008,7,0,0,0,5,2.0570952137748026,0.0,0.0,0.0,0.6641118816121795,0.6391150838538843,0.8712329106104516,2.8036143156090163,0.6678709936357068,0,,False,head_on,21,0.0,False,0.0,tier_b,B-01-02,BAS-HO-RE-03,22,basin,re,off
model,head_on,9.202986195604916,0.21154417168103778,170.53448994405818,,,,goal,False,False,50,4.712741117869356,-1.8620846867520966,4,0,0,0,1,0.29448628078866446,0.0,0.0,0.0,0.0898616881884906,0.8269415917979418,1.0121419708717165,3.168924285292292,2.273863761374936,0,,False,head_on,18,0.0,False,0.0,tier_b,B-01-03,BAS-HO-RE-04,23,basin,re,off
model,head_on,9.426943731983418,0.44407422181538103,187.3874051658495,,,,goal,False,False,57,62.46048854761344,-28.70371997772164,13,0,1,0,8,4.519282248065543,0.0,0.09389045674089048,0.0,1.332281601228888,0.6995047152371857,0.9004972358005728,2.102496306230649,0.9283815067414088,0,,False,head_on,19,0.0,False,0.0,tier_b,B-01-04,BAS-HO-RE-05,24,basin,re,off
model,head_on,9.200231435094338,0.7601626404654938,179.55373171964945,,,,goal,False,False,59,89.74265448034309,-21.435605185629207,14,0,2,0,2,3.9540282509229407,0.0,0.2300553184997155,0.0,0.2299924882137061,0.6590265535202382,0.8733040785735762,2.603741997020942,0.6661598483428496,0,,False,head_on,24,0.0,False,0.0,tier_b,B-01-05,BAS-HO-RE-06,25,basin,re,off
model,head_on,9.300729462140197,0.49078127628227364,180.39008287060133,,,,goal,False,False,56,86.41135789539995,-11.613862847311148,11,0,0,0,5,1.617007864751911,0.0,0.0,0.0,0.8021497592864866,0.7130859453837698,0.8888148987495851,2.1363947894032216,1.1350034717256055,0,,False,head_on,15,0.0,False,0.0,tier_b,B-01-06,BAS-HO-RE-07,26,basin,re,off
model,head_on,9.278345624670196,0.08768468919048966,172.92675308091736,,,,goal,False,False,56,114.0035892279235,-6.717712487512305,4,0,0,0,4,1.1642707156312606,0.0,0.0,0.0,0.21212721003056975,0.6893581970353022,0.9029605025084555,1.9162311920789095,0.5149134654395929,0,,False,head_on,14,0.0,False,0.0,tier_b,B-01-07,BAS-HO-RE-08,27,basin,re,off
model,head_on,9.245518109439786,1.5604044988807242,181.07187616813061,,,,goal,False,False,61,94.57549904911298,-36.90432996026139,7,0,16,0,8,2.7045769651414564,0.0,5.548325241502549,0.0,0.7872673585337794,0.6466487775706352,0.8270215242714739,1.8477119474295653,0.7783575518037141,0,,False,head_on,16,0.0,False,0.0,tier_b,B-01-08,BAS-HO-RE-09,28,basin,re,off
model,head_on,9.211667837413925,0.8338205925396898,189.80490886058516,,,,goal,False,False,62,59.79370877198496,-11.121306699102279,3,0,0,0,1,1.6855579683799933,0.0,0.0,0.0,0.6172877234714024,0.6609805479479401,0.9097309772581408,0.897439359302495,2.2152768828315534,0,,False,overtaking,3,0.0,False,0.0,tier_b,B-01-09,BAS-HO-RE-10,29,basin,re,off
model,head_on,9.203210751227635,1.4223699758268817,184.6129587610424,,,,goal,False,False,55,114.83521338785143,0.0,0,0,0,0,0,0.0,0.0,0.0,0.0,0.0,0.6999384528259321,0.9313686780277297,3.1753056811638456,0.9140713493896496,0,,False,never,0,0.0,False,0.0,tier_b,B-01-10,BAS-HO-RE-11,30,basin,re,off
model,head_on,9.244515379983477,1.4868756911998968,183.60038852428104,,,,goal,False,False,56,57.83173436493067,-4.225080420539118,5,0,0,0,2,0.7911926990196247,0.0,0.0,0.0,0.06859479119821676,0.704384822681077,0.8317480335724821,3.495313171531496,1.2007399259072535,0,,False,head_on,20,0.0,False,0.0,tier_b,B-01-11,BAS-HO-RE-12,31,basin,re,off
model,head_on,9.200225500826145,0.5899479392232831,189.23622372380476,,,,goal,False,False,60,84.70708481433617,-5.54583659933909,9,0,0,0,3,0.9800872509091176,0.0,0.0,0.0,0.15431215718643482,0.6545027685205879,0.8424313429823412,2.7377712568536223,1.1827034975331345,0,,False,head_on,12,0.0,False,0.0,tier_b,B-01-12,BAS-HO-RE-13,32,basin,re,off
model,head_on,9.21591083701563,1.9692993347311831,179.1373502782262,,,,goal,False,False,51,60.996540211191,-17.68463038391085,4,0,0,0,7,1.8633675990829366,0.0,0.0,0.0,1.880213504100069,0.7592591848547121,1.0110569421882982,1.840633381216696,1.2102061976349323,0,,False,head_on,7,0.0,False,0.0,tier_b,B-01-13,BAS-HO-RE-14,33,basin,re,off
model,head_on,9.286416237673734,1.0055767960112239,179.10235302222068,,,,goal,False,False,58,124.75445499484158,0.0,0,0,0,0,0,0.0,0.0,0.0,0.0,0.0,0.680134203057063,0.9487755532519608,2.6381571383355387,0.6609493862418346,0,,False,never,0,0.0,False,0.0,tier_b,B-01-14,BAS-HO-RE-15,34,basin,re,off
model,head_on,9.311066723611473,0.9411731537378314,189.52863652514128,,,,goal,False,False,57,120.3858460504246,-0.5453845290941459,0,0,0,0,1,0.0,0.0,0.0,0.0,0.12119656202092133,0.6756748248017564,0.8170358009236124,2.0775574896018116,0.6461906410117361,0,,False,crossing,7,0.0,False,0.0,tier_b,B-01-15,BAS-HO-RE-16,35,basin,re,off
model,head_on,9.200006265576246,1.5159147659622918,178.72341169426187,,,,goal,False,False,58,101.41250461856166,-19.755739171076947,7,0,6,0,5,2.2747279103321008,0.0,1.1222941239803148,0.0,0.990128259689758,0.6731512745135002,0.9089163094538637,2.3059556766975886,0.5490350177053792,0,,False,head_on,22,0.0,False,0.0,tier_b,B-01-16,BAS-HO-RE-17,36,basin,re,off
model,head_on,9.22114650453297,0.7428668060270553,184.26874233517697,,,,goal,False,False,57,43.39978630582296,-37.99409566866664,5,0,9,0,9,2.0092535502599627,0.0,2.5023224835110485,0.0,4.23109547872001,0.7075217112382228,0.9608410466877207,1.4123500020288176,2.243151055221354,0,,False,head_on,9,0.0,False,0.0,tier_b,B-01-17,BAS-HO-RE-18,37,basin,re,off
model,head_on,9.200470430032327,0.2928937121848394,185.39955660403393,,,,goal,False,False,53,39.23042887226101,0.0,0,0,0,0,0,0.0,0.0,0.0,0.0,0.0,0.7299911248898824,0.9113030222512201,2.0848412101483826,0.809870847518885,0,,False,never,0,0.0,False,0.0,tier_b,B-01-18,BAS-HO-RE-19,38,basin,re,off
model,head_on,9.352939218815166,1.066486818993451,171.15925359824612,,,,goal,False,False,60,94.47084085536343,-17.27680821470379,11,0,2,0,2,2.883926057674735,0.0,0.4332583872715793,0.0,0.32036534111914766,0.6626373763687903,0.8738646313916902,2.0126281926237777,0.8127012711615882,0,,False,head_on,24,0.0,False,0.0,tier_b,B-01-19,BAS-HO-RE-20,39,basin,re,off
model,head_on,9.256330245640896,1.5474947809722523,187.2342081353497,,,,goal,False,False,56,70.1246166808149,0.0,0,0,0,0,0,0.0,0.0,0.0,0.0,0.0,0.6982691810046351,0.9556421504887894,3.880911856940416,1.1439526755675302,0,,False,never,0,0.0,False,0.0,tier_b,B-02-00,BAS-HO-NC-01,40,basin,nc,off
model,head_on,9.281601739441284,1.3405400952264204,172.94377414042276,,,,goal,False,False,56,65.0179028511775,0.0,0,0,0,0,0,0.0,0.0,0.0,0.0,0.0,0.7127300942916076,0.888309737238472,4.532857065402469,1.2022307231882896,0,,False,never,0,0.0,False,0.0,tier_b,B-02-01,BAS-HO-NC-02,41,basin,nc,off
model,head_on,9.204720813060794,0.03807802790756809,173.94089562375711,,,,goal,False,False,54,-6.748142843548308,-49.87170295304633,7,0,0,0,9,5.177485954058589,0.0,0.0,0.0,5.387366106768068,0.7467381784513506,0.9515725819656913,0.9519908160959796,2.1723771220681973,0,,False,head_on,9,0.0,False,0.0,tier_b,B-02-02,BAS-HO-NC-03,42,basin,nc,off
model,head_on,9.296212422045881,0.7415014641403002,174.1759991409701,,,,goal,False,False,57,102.84215381643959,0.0,0,0,0,0,0,0.0,0.0,0.0,0.0,0.0,0.6974512363549082,0.9048226358835645,4.107494119844025,1.0815530991661637,0,,False,never,0,0.0,False,0.0,tier_b,B-02-03,BAS-HO-NC-04,43,basin,nc,off
model,head_on,9.275651035120447,0.335488764722645,182.62160393304384,,,,goal,False,False,59,63.86109009835169,0.0,0,0,0,0,0,0.0,0.0,0.0,0.0,0.0,0.676177974416224,0.9465478587817144,4.323188507899305,1.3365189537420328,0,,False,never,0,0.0,False,0.0,tier_b,B-02-04,BAS-HO-NC-05,44,basin,nc,off
model,head_on,9.229951581013863,0.17104915206589966,186.591260843747,,,,goal,False,False,55,44.4855303080596,-44.12297655261045,7,0,8,0,14,4.317521482393767,0.0,1.5483538253796778,0.0,3.8171492096432162,0.7514834962508812,0.9630859312415266,1.4216982522287662,1.702098363064156,0,,False,head_on,18,0.0,False,0.0,tier_b,B-02-05,BAS-HO-NC-06,45,basin,nc,off
model,head_on,9.233553308203001,0.5619209417395277,187.36177101255709,,,,goal,False,False,59,48.16665343496643,-48.366880262453996,7,0,2,0,13,5.88815759805187,0.0,0.04377069578943246,0.0,4.236205699390063,0.691045493937494,0.8736165038876436,1.4646569245461414,1.7574047544901508,0,,False,head_on,15,0.0,False,0.0,tier_b,B-02-06,BAS-HO-NC-07,46,basin,nc,off
model,head_on,9.334546561988192,1.5897840087463606,185.567855299883,,,,collision:target,True,True,26,-332.6749928621794,-43.12235718588413,9,0,10,0,8,3.6873583492858932,0.0,2.010825112518922,0.0,3.9179917670779636,0.5700282509503104,0.765060995460548,1.8425315905908188,0.6668103731603138,0,,False,head_on,13,0.0,False,0.0,tier_b,B-02-07,BAS-HO-NC-08,47,basin,nc,off
model,head_on,9.365056400865678,0.8539494126094023,172.71492502312827,,,,goal,False,False,61,110.22695735859313,0.0,0,0,0,0,0,0.0,0.0,0.0,0.0,0.0,0.6638659648577409,0.8881098192726836,3.6155166737493096,1.129434567703954,0,,False,never,0,0.0,False,0.0,tier_b,B-02-08,BAS-HO-NC-09,48,basin,nc,off
model,head_on,9.403528215758515,1.4069194440777255,188.63191750342898,,,,goal,False,False,59,36.233472453291625,-59.537051759980095,8,0,13,0,9,4.746913792942625,0.0,3.6604104804294684,0.0,5.080522390081782,0.7136126642998771,0.9192211446874862,1.158643247054215,1.6478866221521578,0,,False,head_on,20,0.0,False,0.0,tier_b,B-02-09,BAS-HO-NC-10,49,basin,nc,off
model,head_on,9.315026947433239,1.500484760725203,179.69860973926174,,,,collision:target,True,True,27,-303.32300611376246,-13.916632300799003,4,0,7,0,3,0.9927643991442276,0.0,1.8911140618629367,0.0,0.48765286718411194,0.5715885556529987,0.6284908496896644,1.804917040009638,0.8070758616524507,0,,False,head_on,7,0.0,False,0.0,tier_b,B-02-10,BAS-HO-NC-11,50,basin,nc,off
model,head_on,9.28945567360151,0.37275701938376726,172.21756266106624,,,,goal,False,False,59,110.85466384263027,0.0,0,0,0,0,0,0.0,0.0,0.0,0.0,0.0,0.6554146887673274,0.8503947513365931,1.4841748200696883,0.8434455118218831,0,,False,never,0,0.0,False,0.0,tier_b,B-02-11,BAS-HO-NC-12,51,basin,nc,off
model,head_on,9.252438644524615,1.9696612905505877,176.24305999260258,,,,goal,False,False,55,117.64724792657671,0.0,0,0,0,0,0,0.0,0.0,0.0,0.0,0.0,0.7100004184754265,0.8419409880832873,3.542838087940913,0.7621347230818183,0,,False,never,0,0.0,False,0.0,tier_b,B-02-12,BAS-HO-NC-13,52,basin,nc,off
model,head_on,9.232390648429304,0.1565344319281632,189.6379104841306,,,,collision:target,True,True,33,-309.67041405686393,-16.843878299850136,0,2,5,0,6,0.0,1.1381908340457116,1.482921570786249,0.0,1.3047368925540814,0.5816779362359734,0.6981846539952454,0.8635663725187978,1.1494709550029618,0,,False,head_on,9,0.0,False,0.0,tier_b,B-02-13,BAS-HO-NC-14,53,basin,nc,off
model,head_on,9.205743827437516,0.24614634529333657,170.46802077352527,,,,goal,False,False,60,124.22882311900419,0.0,0,0,0,0,0,0.0,0.0,0.0,0.0,0.0,0.6384773731066399,0.8439409194660911,2.9958226891638455,0.34367156193432585,0,,False,never,0,0.0,False,0.0,tier_b,B-02-14,BAS-HO-NC-15,54,basin,nc,off
model,head_on,9.21489430307935,0.23190727494850094,183.96122822862316,,,,goal,False,False,55,49.97088839199824,0.0,0,0,0,0,0,0.0,0.0,0.0,0.0,0.0,0.7331671410516046,0.9639555612497569,4.227874380504651,2.0934363045965134,0,,False,never,0,0.0,False,0.0,tier_b,B-02-15,BAS-HO-NC-16,55,basin,nc,off
model,head_on,9.276960375115012,1.1226602107865504,170.36582971145847,,,,goal,False,False,53,98.20710657074359,0.0,0,0,0,0,0,0.0,0.0,0.0,0.0,0.0,0.7348672636358179,0.9050171360355125,2.988880166728408,0.5983473140175054,0,,False,never,0,0.0,False,0.0,tier_b,B-02-16,BAS-HO-NC-17,56,basin,nc,off
model,head_on,9.309294234930904,0.147219415480909,189.8406545053813,,,,goal,False,False,65,134.078284277856,0.0,0,0,0,0,0,0.0,0.0,0.0,0.0,0.0,0.6052033434062487,0.8284581767488383,3.5067000411057814,0.8146397690666922,0,,False,never,0,0.0,False,0.0,tier_b,B-02-17,BAS-HO-NC-18,57,basin,nc,off
model,head_on,9.200258425260442,1.2288990454134774,179.23971580496945,,,,collision:target,True,True,28,-341.52132590983365,-37.28048669761785,8,1,9,0,11,2.8209146218235506,0.7571167446358208,1.8579994938794104,0.0,2.862318501261797,0.7233240803151872,0.8187302553419975,0.922990869926791,0.6132737362496167,0,,False,head_on,13,0.0,False,0.0,tier_b,B-02-18,BAS-HO-NC-19,58,basin,nc,off
model,head_on,9.202012305050516,0.8987680832950979,177.13534794289967,,,,goal,False,False,58,31.48822606239338,0.0,0,0,0,0,0,0.0,0.0,0.0,0.0,0.0,0.7332984448068809,0.977960871555546,4.384386425673419,2.102145170468675,0,,False,never,0,0.0,False,0.0,tier_b,B-02-19,BAS-HO-NC-20,59,basin,nc,off
model,crossing,9.330877499311677,2.0229818515646305,142.9733531968989,port,,True,goal,False,False,55,41.68573820559362,-19.71157424597223,11,4,0,0,4,3.248963571223512,0.12728176070346953,0.0,0.0,0.6664799673185939,0.7401175172414296,0.9548472127542504,3.309616295281171,1.0668008932363728,0,,False,crossing,11,1.0,True,0.0,tier_b,B-03-00,BAS-CR-CV-01,60,basin,cv,off
model,crossing,9.238491441800933,1.2577009892024593,238.57996241282973,starboard,,True,goal,False,False,63,106.1228616610637,-8.798583957970294,4,0,0,0,3,0.8922004684905733,0.0,0.0,0.0,0.9738203642093235,0.6225091053934785,0.87321712347062,2.0393306486225096,0.6873014669490473,0,,False,crossing,15,0.0,False,0.0,tier_b,B-03-01,BAS-CR-CV-02,61,basin,cv,off
model,crossing,9.240093955177118,2.231034711560081,260.5896970595145,starboard,,True,goal,False,False,52,6.82375585017634,-0.02740040271706749,0,0,0,0,1,0.0,0.0,0.0,0.0,0.006088978381570553,0.7772371776543748,1.030237748479664,3.4625016546329848,2.2729646645714316,0,,False,crossing,14,0.0,False,0.0,tier_b,B-03-02,BAS-CR-CV-03,62,basin,cv,off
model,crossing,9.201517480454864,2.0084584574246174,275.60243456813623,starboard,,True,goal,False,False,62,98.24331829241233,-15.32551507571275,5,0,2,0,8,1.1213069581095387,0.0,0.7368933209380827,0.0,1.5827177061540962,0.6205907164944845,0.9073867073583577,2.515282102288236,0.5622408077191462,0,,False,crossing,15,0.0,False,0.0,tier_b,B-03-03,BAS-CR-CV-04,63,basin,cv,off
model,crossing,9.260113930250167,0.28596676308821595,138.91656669025915,port,,True,collision:target,True,True,15,-366.32270595685185,-70.69346353232295,10,6,0,0,11,6.655662394540126,0.7110223382573664,0.0,0.0,7.606305356661191,0.5340639016722493,0.6890711628029774,1.4483175232963545,0.4555547192200628,0,,False,crossing,12,1.0,True,0.0,tier_b,B-03-04,BAS-CR-CV-05,64,basin,cv,off
model,crossing,9.237840941101046,0.5502840017265848,207.7121290530307,starboard,,True,goal,False,False,56,29.58070024976402,-7.586172352477639,1,0,0,0,6,0.4174521156141193,0.0,0.0,0.0,1.2266187511528328,0.7197970502653777,0.9857243189529983,1.087438680112693,1.846054637111672,0,,False,crossing,17,0.0,False,0.0,tier_b,B-03-05,BAS-CR-CV-06,65,basin,cv,off
model,crossing,9.211327034375728,0.060392079949788124,260.0280844491019,starboard,,True,goal,False,False,61,82.41370743078352,-7.063216165861778,0,2,0,0,2,0.0,0.9479924837093927,0.0,0.0,0.5268118603333967,0.6554828109578653,0.9131486870832195,1.849276995066656,1.1069309638875242,0,,False,crossing,12,0.0,False,0.0,tier_b,B-03-06,BAS-CR-CV-07,66,basin,cv,off
model,crossing,9.322534511039123,0.5930397068558804,103.58840207093462,port,,True,goal,False,False,71,15.284782051797464,-9.193461284060483,5,0,0,0,5,0.7182841784089754,0.0,0.0,0.0,1.2528788002080118,0.5844133250806107,0.9537926021342873,1.6027806084400338,1.3191328408053389,0,,False,crossing,15,1.0,True,0.0,tier_b,B-03-07,BAS-CR-CV-08,67,basin,cv,off
model,crossing,9.38374683148518,1.4192463365211565,273.11473987217323,starboard,,True,goal,False,False,56,39.30483501491162,-0.0293585968561659,1,0,0,0,0,0.005931029667912302,0.0,0.0,0.0,0.0,0.734837087359561,0.9384299359098,3.4432761158095246,1.7781897301574778,0,,False,crossing,9,0.0,False,0.0,tier_b,B-03-08,BAS-CR-CV-09,68,basin,cv,off
model,crossing,9.201593276637977,0.30736185771140484,135.28689016963023,port,,False,goal,False,False,60,28.98201314690168,-2.274874924715854,0,0,0,0,2,0.0,0.0,0.0,0.0,0.5055277610479676,0.7142143153593378,1.0426922880973784,1.4088398110844558,2.749286953178251,0,,False,crossing,17,1.0,True,0.0,tier_b,B-03-09,BAS-CR-CV-10,69,basin,cv,off
model,crossing,9.400984724894059,2.4653912220554317,77.88933403414416,port,,True,goal,False,False,49,31.057686228338696,-15.46861956576548,9,6,0,0,4,2.7734729643129366,0.1999041582869495,0.0,0.0,0.16675617975467624,0.7986567689792693,0.9309695579500374,3.9358769620385528,1.6158244282716867,0,,False,crossing,9,1.0,True,0.0,tier_b,B-03-10,BAS-CR-CV-11,70,basin,cv,off
model,crossing,9.201175690895838,1.5622646265707423,123.45730483776165,port,,True,goal,False,False,54,69.80013235510025,0.0,0,0,0,0,0,0.0,0.0,0.0,0.0,0.0,0.7310006419921985,0.9484495720817997,2.7391584058903886,1.3453988461519792,0,,False,never,0,0.0,False,0.0,tier_b,B-03-11,BAS-CR-CV-12,71,basin,cv,off
model,crossing,9.314565232180996,0.6521833898558921,268.977941256137,starboard,,True,collision:target,True,True,18,-315.51841942133456,-20.062119219081193,4,1,0,0,6,0.6180188974905501,0.5367309411363487,0.0,0.0,3.1880238928617874,0.4854661626986682,0.5484421414726394,1.3457040616944291,0.27046173326234585,0,,False,crossing,6,0.0,False,0.0,tier_b,B-03-12,BAS-CR-CV-13,72,basin,cv,off
model,crossing,9.335227303646347,1.9554168095833968,75.85050993155522,port,,True,goal,False,False,58,36.91187184890252,-2.192065486116012,4,0,0,0,1,0.34767549727512387,0.0,0.0,0.0,0.10468261657869966,0.7053725750928048,1.0317020398245156,2.8874422604983336,1.8999615734785027,0,,False,crossing,17,1.0,True,0.0,tier_b,B-03-13,BAS-CR-CV-14,73,basin,cv,off
model,crossing,9.210022881938844,0.00571113352622582,281.6063487279274,starboard,,False,goal,False,False,62,21.91246342866431,-5.4377960368470255,1,0,0,0,4,0.4980573722903632,0.0,0.0,0.0,0.6605360097799394,0.6456405039847033,0.9767022760291388,2.144251320153423,1.4848862779117022,0,,False,crossing,20,0.0,False,0.0,tier_b,B-03-14,BAS-CR-CV-15,74,basin,cv,off
model,crossing,9.201092418652424,0.2107579181403868,68.87657035594039,port,,False,goal,False,False,71,96.32910118003632,-4.8499929420000205,0,0,0,0,6,0.0,0.0,0.0,0.0,1.0777762093333378,0.5583453860947809,0.8090426777643416,1.6589127328918865,1.0361947064067503,0,,False,crossing,10,1.0,True,0.0,tier_b,B-03-15,BAS-CR-CV-16,75,basin,cv,off
model,crossing,9.237973158896006,2.22153400131721,73.65372992762265,port,,True,collision:obstacle,True,False,53,-362.41701501063335,-8.796362482502634,7,0,0,0,2,1.5754046992396709,0.0,0.0,0.0,0.22180204917028098,0.5023503471723912,0.7119233251550653,3.118813616684469,1.5839482248280954,0,,False,crossing,16,1.0,True,0.0,tier_b,B-03-16,BAS-CR-CV-17,76,basin,cv,off
model,crossing,9.221581921103661,0.13583215283496958,277.27515777197266,starboard,,True,goal,False,False,60,43.075004474607894,-6.428863882643304,2,0,0,0,2,1.0970338062095033,0.0,0.0,0.0,0.221899231534725,0.6714966750067103,0.9343692610715832,2.3580199107298574,1.6542860839851141,0,,False,crossing,19,0.0,False,0.0,tier_b,B-03-17,BAS-CR-CV-18,77,basin,cv,off
model,crossing,9.237563948226011,1.2098525599380203,199.80318687283807,starboard,,True,goal,False,False,51,17.033069444884575,-50.99368639224394,10,6,0,0,13,6.911605092897108,0.13710524956045952,0.0,0.0,3.5783489326842175,0.7851965272911169,1.024998795935551,2.1900728846327366,1.432489443696112,0,,False,crossing,13,0.0,False,0.0,tier_b,B-03-18,BAS-CR-CV-19,78,basin,cv,off
model,crossing,9.266883250942996,0.53724528402496,124.07276332236594,port,,True,collision:target,True,True,14,-291.95204126903985,0.0,0,0,0,0,0,0.0,0.0,0.0,0.0,0.0,0.5368104634767474,0.6054390266824603,1.5966589011953998,0.23386369706291096,0,,False,never,0,0.0,False,0.0,tier_b,B-03-19,BAS-CR-CV-20,79,basin,cv,off
model,crossing,9.204718687799774,0.7792305127844068,86.02031430015951,port,,True,collision:obstacle,True,False,35,-338.1535861204133,-9.831202304983183,6,0,0,0,2,1.6811758324726511,0.0,0.0,0.0,0.3354182076096798,0.5288234311476555,0.8521529552880679,3.346816244819281,0.9784319611794117,0,,False,crossing,22,1.0,True,0.0,tier_b,B-04-00,BAS-CR-RE-01,80,basin,re,off
model,crossing,9.470886766165224,1.2637917724747307,95.74456904742506,port,,True,goal,False,False,63,43.84805017795052,-8.34057751397166,9,0,0,0,2,1.578673139438165,0.0,0.0,0.0,0.1169212163894983,0.6358651946499744,1.0338031104738645,3.51939933572075,0.954289968473989,0,,False,crossing,18,0.7222222222222222,True,0.0,tier_b,B-04-01,BAS-CR-RE-02,81,basin,re,off
model,crossing,9.243634658067052,0.011562115699514652,136.01355255317026,port,,True,goal,False,False,65,31.428020737742727,-3.7590756092952655,1,0,0,0,2,0.04808176457356115,0.0,0.0,0.0,0.7824601943680307,0.6449054587446412,0.9781201872532295,1.9923735553020079,1.3342144247526646,0,,False,crossing,16,1.0,True,0.0,tier_b,B-04-02,BAS-CR-RE-03,82,basin,re,off
model,crossing,9.329433801063674,0.8176006137484946,130.0610229832874,port,,False,goal,False,False,50,20.475640827288288,-31.85063755100296,12,6,0,0,6,5.421713464815096,0.13252647377033025,0.0,0.0,0.9682555233344653,0.7941036224466295,0.9484677796455456,2.9081547162465515,1.7595112060385965,0,,False,crossing,12,1.0,True,0.0,tier_b,B-04-03,BAS-CR-RE-04,83,basin,re,off
model,crossing,9.200232254515456,0.22979586676743408,222.67033261256645,starboard,,True,goal,False,False,55,23.89567726406014,-3.4056710067317715,3,1,0,0,2,0.052520670679193984,0.23097450333567898,0.0,0.0,0.44497108785736667,0.7471898111453209,0.9973475664610242,2.3544118617293335,2.3430439646681775,0,,False,crossing,8,0.0,False,0.0,tier_b,B-04-04,BAS-CR-RE-05,84,basin,re,off
model,crossing,9.356387110289646,2.269274861684816,191.85943145848017,starboard,,True,goal,False,False,54,101.05065220268243,-0.9018466353073319,2,1,0,0,2,0.1333302533769356,7.922808571618882e-05,0.0,0.0,0.05365993379271235,0.7318623294952119,0.9354228701976894,2.2504101952261477,0.6131455393753574,0,,False,crossing,11,0.0,False,0.0,tier_b,B-04-05,BAS-CR-RE-06,85,basin,re,off
model,crossing,9.200369012852647,1.7907390951500732,266.9991911382316,starboard,,True,goal,False,False,55,25.777981351568542,-0.08029571863078783,1,0,0,0,0,0.016221357299149055,0.0,0.0,0.0,0.0,0.7439879236316526,0.9811339856661528,3.8648380885825713,1.8024699042025663,0,,False,crossing,13,0.0,False,0.0,tier_b,B-04-06,BAS-CR-RE-07,86,basin,re,off
model,crossing,9.268554645857137,0.03836451359288229,270.853364719973,starboard,,False,goal,False,False,60,52.88463463761658,-2.2131628374930927,0,0,0,0,3,0.0,0.0,0.0,0.0,0.4918139638873539,0.6630069764453901,0.9267846786286918,1.779269124043066,1.1041321239594903,0,,False,crossing,16,0.0,False,0.0,tier_b,B-04-07,BAS-CR-RE-08,87,basin,re,off
model,crossing,9.252381812589379,0.567675215689496,198.7491131814405,starboard,,False,goal,False,False,48,62.702741392642785,-3.6565725348086944,3,6,0,0,2,0.44871360024690593,0.12362932357986131,0.0,0.0,0.1829944581924882,0.8207482960355321,1.062460964655584,1.9889422639708396,1.442475217753157,0,,False,crossing,9,0.0,False,0.0,tier_b,B-04-08,BAS-CR-RE-09,88,basin,re,off
model,crossing,9.309577280028208,1.411625274959324,73.04756165662562,port,,True,goal,False,False,65,62.28960761017132,-1.5173562282700097,4,0,0,0,1,0.26062831661803537,0.0,0.0,0.0,0.050499124669052146,0.6062098524021482,0.8960056593551049,3.0339008873023365,0.8092375489957407,0,,False,overtaking,21,0.0,False,0.0,tier_b,B-04-09,BAS-CR-RE-10,89,basin,re,off
model,crossing,9.203033357494174,0.2415270902636671,217.21425503362173,starboard,,True,goal,False,False,55,68.66943573485685,0.0,0,0,0,0,0,0.0,0.0,0.0,0.0,0.0,0.709937747108665,1.010478584447184,1.4877428223675313,1.2053122216613175,0,,False,never,0,0.0,False,0.0,tier_b,B-04-10,BAS-CR-RE-11,90,basin,re,off
model,crossing,9.234731276653033,1.6050513917480813,72.44378390693646,port,,True,goal,False,False,60,53.72578906620675,-1.5809809806420536,5,0,0,0,0,0.31939009709940475,0.0,0.0,0.0,0.0,0.6576570761264258,0.9686543177789426,3.6881656784528967,1.3726081163278239,0,,False,overtaking,8,0.0,False,0.0,tier_b,B-04-11,BAS-CR-RE-12,91,basin,re,off
model,crossing,9.200004532647995,0.6368414973256759,87.17022061930312,port,,True,goal,False,False,58,78.2513865708908,-4.804214422756656,7,0,0,0,2,0.8488707277122847,0.0,0.0,0.0,0.13384540457352162,0.6766730608970511,0.9173473631259792,3.5276624678394226,1.4703587302416365,0,,False,crossing,25,0.8,True,0.0,tier_b,B-04-12,BAS-CR-RE-13,92,basin,re,off
model,crossing,9.254517564116696,1.7326145417753893,149.68982183769972,port,,True,goal,False,False,51,32.15443379258002,-27.310486796705227,14,3,0,0,6,4.907250186092739,0.007414368320688149,0.0,0.0,0.6628660560797252,0.7725869218319502,0.9287445679396452,3.036511483170214,1.1004221978224071,0,,False,crossing,15,1.0,True,0.0,tier_b,B-04-13,BAS-CR-RE-14,93,basin,re,off
model,crossing,9.200468191333485,0.5432402369499534,132.71244073314776,port,,True,goal,False,False,57,67.03507758217364,-1.226294499219496,3,0,0,0,1,0.23076446972055062,0.0,0.0,0.0,0.01866897202283782,0.6766964593033576,0.9589168712383991,2.4189921518483963,0.4315141416371363,0,,False,crossing,13,1.0,True,0.0,tier_b,B-04-14,BAS-CR-RE-15,94,basin,re,off
model,crossing,9.37951772870855,1.4092468911533416,137.2759195130861,port,,False,goal,False,False,52,69.34595886874166,-24.338438742309954,12,5,0,0,7,4.014899019110029,0.05668951582979573,0.0,0.0,0.9297945543017382,0.7554995895421883,0.9747093467677064,2.890013790719659,0.4654840395348764,0,,False,crossing,13,1.0,True,0.0,tier_b,B-04-15,BAS-CR-RE-16,95,basin,re,off
model,crossing,9.22856688450767,0.4325946293831956,132.88993822994345,port,,True,goal,False,False,65,118.71612473827311,0.0,0,0,0,0,0,0.0,0.0,0.0,0.0,0.0,0.6057665933364214,0.8450704211996766,1.6096501764844344,0.6086989060214762,0,,False,never,0,0.0,False,0.0,tier_b,B-04-16,BAS-CR-RE-17,96,basin,re,off
model,crossing,9.261168358149531,0.38007923926976467,130.2918487988835,port,,True,goal,False,False,56,75.84506736029878,0.0,0,0,0,0,0,0.0,0.0,0.0,0.0,0.0,0.7329349758991385,0.9725549352983252,2.6329823291639105,1.5908484398889753,0,,False,never,0,0.0,False,0.0,tier_b,B-04-17,BAS-CR-RE-18,97,basin,re,off
model,crossing,9.387131015734026,0.6019081895970513,145.65391894093102,port,,True,goal,False,False,61,117.45501174002109,0.0,0,0,0,0,0,0.0,0.0,0.0,0.0,0.0,0.6350948835390875,0.8404630865868566,2.0738873232333024,0.3625496269779036,0,,False,never,0,0.0,False,0.0,tier_b,B-04-18,BAS-CR-RE-19,98,basin,re,off
model,crossing,9.411203164528796,0.3524520422006777,228.38429663272598,starboard,,True,goal,False,False,59,28.56684315272848,-1.756200261407287,1,0,0,0,1,0.003518682321085402,0.0,0.0,0.0,0.3863961742039809,0.7142793119734372,0.9581746421245269,2.312428701831091,1.8379770139035687,0,,False,crossing,15,0.0,False,0.0,tier_b,B-04-19,BAS-CR-RE-20,99,basin,re,off
model,crossing,9.200706279714865,0.2580893191785541,231.7080280272063,starboard,,True,collision:target,True,True,15,-305.6193574751608,-9.316954667472547,3,0,0,0,4,0.6324834319387305,0.0,0.0,0.0,1.3747025954168515,0.5064523170597588,0.5633395249449302,1.57343662993371,0.0536700673246525,0,,False,crossing,5,0.0,False,0.0,tier_b,B-05-00,BAS-CR-NC-01,100,basin,nc,off
model,crossing,9.216210094803998,2.417752396114681,247.95272431710384,starboard,,True,goal,False,False,47,15.451500705175462,-9.004094222791574,3,9,0,0,6,0.6415462433257086,0.6706916752840245,0.0,0.0,0.55744811681631,0.8431096214543637,1.014751868454412,2.5450446306882863,1.9286824837125123,0,,False,crossing,9,0.0,False,0.0,tier_b,B-05-01,BAS-CR-NC-02,101,basin,nc,off
model,crossing,9.215623177051167,1.4873487938689043,105.29283107709941,port,,False,goal,False,False,48,36.45314642055628,-18.640273602422923,4,15,0,0,7,0.19100245837330612,2.643294272332186,0.0,0.0,1.0245566189846067,0.7998885854063164,1.037437430341258,1.8543373032070003,0.6057315978997108,0,,False,crossing,15,1.0,True,0.0,tier_b,B-05-02,BAS-CR-NC-03,102,basin,nc,off
model,crossing,9.213270431695067,0.3553567901759372,252.88143754819663,starboard,,True,goal,False,False,58,60.81947648603642,-5.234965248350756,0,2,0,0,2,0.0,0.3467073581186046,0.0,0.0,0.7819475168141474,0.6754263296683528,0.9164392204272572,1.516984783824863,0.9968099227759667,0,,False,crossing,15,0.0,False,0.0,tier_b,B-05-03,BAS-CR-NC-04,103,basin,nc,off
model,crossing,9.211809026931432,0.9515372231990188,160.45417521803344,port,,False,goal,False,False,49,2.57324965112376,-44.91925201595897,11,8,0,0,11,6.85748254753996,0.24935217307807456,0.0,0.0,2.1645378108665994,0.8056997354327152,0.9692422552981644,2.405290124355376,1.9496031874506894,0,,False,crossing,11,1.0,True,0.0,tier_b,B-05-04,BAS-CR-NC-05,104,basin,nc,off
model,crossing,9.21839401844697,1.8062505610752353,104.4884246730779,port,,True,goal,False,False,61,63.50988173952447,-0.04778247288624116,1,0,0,0,0,0.009653024825503264,0.0,0.0,0.0,0.0,0.6628861902741495,0.9685066665058134,3.0103103014137895,1.8390448029343878,0,,False,crossing,15,1.0,True,0.0,tier_b,B-05-05,BAS-CR-NC-06,105,basin,nc,off
model,crossing,9.200720800350496,2.127250002349644,226.01222781833783,starboard,,True,goal,False,False,52,72.08029968870743,0.0,0,0,0,0,0,0.0,0.0,0.0,0.0,0.0,0.7515687586432374,0.9885483788721571,1.937437297544203,1.2110135946504657,0,,False,never,0,0.0,False,0.0,tier_b,B-05-06,BAS-CR-NC-07,106,basin,nc,off
model,crossing,9.215286445654044,0.8117411341797673,81.47856525673441,port,,True,goal,False,False,62,24.860591255887954,-1.9579055579831355,0,0,0,0,2,0.0,0.0,0.0,0.0,0.43509012399625235,0.6488588832296874,1.0200941482792671,2.532864671005774,1.977817834166342,0,,False,crossing,16,1.0,True,0.0,tier_b,B-05-07,BAS-CR-NC-08,107,basin,nc,off
model,crossing,9.226396066992601,1.6819854812629311,284.8234292978913,starboard,,True,goal,False,False,58,63.87390140836243,-0.1334012299582353,0,0,0,0,1,0.0,0.0,0.0,0.0,0.029644717768496736,0.6835151403609278,0.946559338104342,3.3753249631029183,1.1332410844773855,0,,False,crossing,17,0.0,False,0.0,tier_b,B-05-08,BAS-CR-NC-09,108,basin,nc,off
model,crossing,9.32008951347376,1.135129196971054,143.31966161417364,port,,False,collision:target,True,True,17,-316.43593647818454,-9.379858026624044,0,2,0,0,8,0.0,0.11239710072911999,0.0,0.0,1.9607760840033108,0.41421304785747254,0.5480732643380017,1.8543862591205453,0.19014795187121317,0,,False,crossing,15,1.0,True,0.0,tier_b,B-05-09,BAS-CR-NC-10,109,basin,nc,off
model,crossing,9.385721352234496,1.101512207539723,157.86281711377936,port,,False,goal,False,False,50,-13.2790023219667,-64.56357612422197,10,6,0,0,15,8.597326888127606,0.3371176168084223,0.0,0.0,4.519572405508585,0.7960380017250537,0.9489997811565147,2.179888860912122,1.3402657021463609,0,,False,crossing,15,1.0,True,0.0,tier_b,B-05-10,BAS-CR-NC-11,110,basin,nc,off
model,crossing,9.224280439849588,2.007293642915143,279.44608599744123,starboard,,True,goal,False,False,56,59.26730845026435,-0.4189890080124744,1,0,0,0,0,0.08464424404292412,0.0,0.0,0.0,0.0,0.703547284568461,1.0280099854293876,3.3937187344876105,1.0529941578688609,0,,False,crossing,18,0.0,False,0.0,tier_b,B-05-11,BAS-CR-NC-12,111,basin,nc,off
model,crossing,9.242440755971442,0.8191370874231221,80.80910659952784,port,,False,collision:target,True,True,14,-351.67881825504264,-57.0958998719822,4,10,0,0,10,1.0349050776365922,5.589683813353782,0.0,0.0,5.4009299692399635,0.6624089522978791,0.8026657172677597,1.374549680261082,0.07065562071114022,0,,False,crossing,10,1.0,True,0.0,tier_b,B-05-12,BAS-CR-NC-13,112,basin,nc,off
model,crossing,9.200734089771071,2.42791685748975,77.60170120950792,port,,True,goal,False,False,64,28.286650528889723,-1.9253474238017092,4,0,0,0,1,0.362163251035753,0.0,0.0,0.0,0.02947540692771813,0.6381635935461624,0.9313320789115551,3.811509072988445,2.2555701834036905,0,,False,crossing,19,1.0,True,0.0,tier_b,B-05-13,BAS-CR-NC-14,113,basin,nc,off
model,crossing,9.201922042439248,1.7448573110820977,97.97332632435779,port,,True,goal,False,False,69,122.59063695294628,-7.748785970734815,5,0,0,0,3,0.9445571649210989,0.0,0.0,0.0,0.6829395565278613,0.5619893941837748,0.7295629300130662,2.447497725584088,0.6193846469167225,0,,False,crossing,17,1.0,True,0.0,tier_b,B-05-14,BAS-CR-NC-15,114,basin,nc,off
model,crossing,9.210289614228753,1.3646181904166412,240.49501663448518,starboard,,True,collision:target,True,True,14,-291.12278940765697,0.0,0,0,0,0,0,0.0,0.0,0.0,0.0,0.0,0.580295462135564,0.6717907244107317,1.4217582389586487,0.4294775148249525,0,,False,never,0,0.0,False,0.0,tier_b,B-05-15,BAS-CR-NC-16,115,basin,nc,off
model,crossing,9.202557876894945,0.8775763774858016,205.45723389036638,starboard,,False,collision:target,True,True,22,-316.1013567765922,-15.677654631839983,3,1,0,0,4,1.89252282266082,0.29580128226029856,0.0,0.0,1.0767667361067657,0.47868489605233006,0.5842079459211115,0.7900236080428652,0.5281352983218227,0,,False,crossing,20,0.0,False,0.0,tier_b,B-05-16,BAS-CR-NC-17,116,basin,nc,off
model,crossing,9.200007316122752,0.6831058562121795,131.93554503895228,port,,False,goal,False,False,51,13.734011448003855,-64.08772617794195,14,12,0,0,12,8.931879039563245,1.1915635654246577,0.0,0.0,3.1059300629448527,0.7716206399691675,0.9636176384295507,2.695983220453895,0.9833006323947759,0,,False,crossing,14,1.0,True,0.0,tier_b,B-05-17,BAS-CR-NC-18,117,basin,nc,off
model,crossing,9.223206685954919,0.43444335475430834,97.38973420096866,port,,True,collision:target,True,True,18,-304.4552007099271,-11.569177041927656,0,1,0,0,4,0.0,0.4351204977745478,0.0,0.0,2.092295683987476,0.5417873486670763,0.7285284984657917,1.4560296280671123,0.2304068420285039,0,,False,crossing,4,1.0,True,0.0,tier_b,B-05-18,BAS-CR-NC-19,118,basin,nc,off
model,crossing,9.339982268508692,0.6058694525165631,90.87155766463691,port,,False,goal,False,False,74,-11.282319754236838,-16.972960756671196,1,4,0,0,5,0.20391520957299047,1.9571059483111648,0.0,0.0,1.394645783365473,0.5585405773391133,0.9338267004936188,1.480601954301844,1.5593314535225986,0,,False,crossing,23,1.0,True,0.0,tier_b,B-05-19,BAS-CR-NC-20,119,basin,nc,off
model,overtaking,9.217016676076229,0.7050661416026955,2.751896715549613,,,,goal,False,False,54,62.7722094773878,-9.23088738569238,7,0,0,0,1,1.7568853272495655,0.0,0.0,0.0,0.11873444795711778,0.7744007528721532,1.0517560575853346,2.4385747084965748,2.1345145559633787,0,,False,overtaking,22,0.0,False,0.0,tier_b,B-06-00,BAS-OT-CV-01,120,basin,cv,off
model,overtaking,9.208398649472159,1.222686384166272,-8.618763366062442,,,,goal,False,False,68,70.43584042910639,-58.83731776009542,27,0,49,0,1,3.0149502963414245,0.0,12.184246775277712,0.0,0.011116756045688113,0.5671804891078637,0.7125201571452111,2.6293626940065873,1.063105859170901,0,,False,overtaking,54,0.0,False,0.0,tier_b,B-06-01,BAS-OT-CV-02,121,basin,cv,off
model,overtaking,9.225440673837724,0.9165861617121269,-6.456878945402444,,,,goal,False,False,54,73.68468312492453,-31.153786354039266,15,0,0,0,15,4.792246395358248,0.0,0.0,0.0,1.6515925993368763,0.7183408141159303,1.006023645632115,2.243538942616855,0.5878605342982575,0,,False,overtaking,29,0.0,False,0.0,tier_b,B-06-02,BAS-OT-CV-03,122,basin,cv,off
model,overtaking,9.329409704326869,0.7067123366219907,8.906828243136012,,,,goal,False,False,54,59.7298583830488,-20.115608518664175,10,0,0,0,3,3.974530230064393,0.0,0.0,0.0,0.09815197329898462,0.7481370885874952,1.0072676605880106,2.7584294604851216,1.4280588391885043,0,,False,overtaking,24,0.0,False,0.0,tier_b,B-06-03,BAS-OT-CV-04,123,basin,cv,off
model,overtaking,9.253937805212828,0.984205361322041,-3.263816162059692,,,,goal,False,False,59,56.75276515241055,-42.966491234767105,11,0,3,0,9,5.8319518864619955,0.0,0.7780834128266325,0.0,2.5104953579120775,0.6806649672155293,0.9888963361152392,1.2728549881905127,1.1179917737594511,0,,False,overtaking,31,0.0,False,0.0,tier_b,B-06-04,BAS-OT-CV-05,124,basin,cv,off
model,overtaking,9.403333139407776,1.8835367064658046,-6.754171342172503,,,,goal,False,False,57,44.616337874193874,-28.130338567421155,8,0,7,0,1,4.011243140714506,0.0,1.8999357709494542,0.0,0.31887027677029195,0.7369448590397882,1.0279925117213098,1.597354892838468,2.105679381789623,0,,False,overtaking,29,0.0,False,0.0,tier_b,B-06-05,BAS-OT-CV-06,125,basin,cv,off
model,overtaking,9.312453564977488,0.46612804954114906,-7.085673200637763,,,,goal,False,False,53,52.359826453440746,-24.1744003610768,12,0,0,0,9,3.9262492311329584,0.0,0.0,0.0,1.0532148148819227,0.7562228164041522,1.0136044797565562,2.1069937613313905,1.4337172538216694,0,,False,overtaking,25,0.0,False,0.0,tier_b,B-06-06,BAS-OT-CV-07,126,basin,cv,off
model,overtaking,9.200000666897902,0.5433941009058441,-8.662780220701272,,,,goal,False,False,53,60.46305907466929,-26.754469698253764,10,2,2,0,20,2.940905842057958,0.046236269407750316,0.06699504800108402,0.0,2.6059853497099117,0.7424808216782268,1.0008830967152462,2.0249691296360086,1.428546456866852,0,,False,overtaking,32,0.0,False,0.0,tier_b,B-06-07,BAS-OT-CV-08,127,basin,cv,off
model,overtaking,9.220235851911836,0.3446039038499784,8.41519054387767,,,,goal,False,False,59,21.909212076104836,-58.554046213501856,19,0,4,0,8,8.481464862008778,0.0,1.1913080181885627,0.0,2.72935250690657,0.6595328036100077,0.9913568692431017,1.2746536001661104,1.247176277703891,0,,False,overtaking,38,0.0,False,0.0,tier_b,B-06-08,BAS-OT-CV-09,128,basin,cv,off
model,overtaking,9.227401620536055,1.7604500606651974,6.019718404961015,,,,goal,False,False,66,1.3242976010125034,-51.644070630707525,20,1,6,0,7,8.464440410716257,0.05826391925639252,1.4841822723722071,0.0,0.9141395592895462,0.6398505479380493,0.9797135466988426,2.3229433395612986,2.2436669338654984,0,,False,overtaking,47,0.0,False,0.0,tier_b,B-06-09,BAS-OT-CV-10,129,basin,cv,off
model,overtaking,9.288292197368149,0.24483595493298105,6.581433309724179,,,,goal,False,False,52,44.448430899385606,-22.127407119568048,9,0,0,0,1,4.440135739004039,0.0,0.0,0.0,0.033052269221789325,0.7794881202912329,1.0126269490956137,3.0888704241257567,2.1037165042473083,0,,False,overtaking,22,0.0,False,0.0,tier_b,B-06-10,BAS-OT-CV-11,130,basin,cv,off
model,overtaking,9.471422972562301,0.30574369011869007,-7.374418842022461,,,,goal,False,False,59,76.24270538850966,-14.87338855731879,10,4,3,0,5,1.6418900028466556,0.566708592604161,0.5481617871062855,0.0,0.43720957250102693,0.6782079552282467,0.9418680809824058,2.2517003718215958,1.1321303115989245,0,,False,overtaking,37,0.0,False,0.0,tier_b,B-06-11,BAS-OT-CV-12,131,basin,cv,off
model,overtaking,9.438920604119721,1.5253415474808054,-1.7605355360611323,,,,goal,False,False,60,15.375827309618074,-42.19450743716484,10,0,8,0,0,6.96749747133883,0.0,2.1403874872326734,0.0,0.0,0.7025434783663786,0.987153258764169,2.0633803318137733,2.0710782197678337,0,,False,overtaking,34,0.0,False,0.0,tier_b,B-06-12,BAS-OT-CV-13,132,basin,cv,off
model,overtaking,9.356925374869007,0.945243983198403,-3.711880853278407,,,,goal,False,False,55,60.65998884741714,-5.629498402441519,4,0,0,0,0,1.1372724045336402,0.0,0.0,0.0,0.0,0.7322885454680449,0.9973563971243657,2.90637459232238,1.2852378969587737,0,,False,overtaking,17,0.0,False,0.0,tier_b,B-06-13,BAS-OT-CV-14,133,basin,cv,off
model,overtaking,9.201705291610567,0.04816330016336545,6.838357024498219,,,,goal,False,False,62,30.929154348559123,-61.14743125193783,21,5,36,0,7,3.872204695853449,0.2589614824919495,10.971430188592995,0.0,0.26689110893184537,0.6270448115192516,0.8953767292667938,2.1498219103124163,1.2969864189077522,0,,False,overtaking,42,0.0,False,0.0,tier_b,B-06-14,BAS-OT-CV-15,134,basin,cv,off
model,overtaking,9.200315756528905,1.098197584734694,3.3987834475205663,,,,goal,False,False,52,70.00178936331679,-15.705188562654985,7,0,1,0,10,2.2975501428997247,0.0,0.26043540598966264,0.0,0.7543884208307915,0.7431725331074119,1.0324040934900225,2.1616279554602644,0.8029735296520563,0,,False,overtaking,21,0.0,False,0.0,tier_b,B-06-15,BAS-OT-CV-16,135,basin,cv,off
model,overtaking,9.209977053368092,0.46489584335204936,5.615825607046434,,,,goal,False,False,54,67.94857122705747,-12.022186505388678,5,0,1,0,2,2.170468326259361,0.0,0.025462429640808058,0.0,0.26371189859954003,0.7534838630306632,1.044107632733016,3.114224270019469,1.806767706764201,0,,False,overtaking,21,0.0,False,0.0,tier_b,B-06-16,BAS-OT-CV-17,136,basin,cv,off
model,overtaking,9.293443319164194,0.7501591541669446,3.6811135241780217,,,,goal,False,False,51,55.36533025345482,-22.436179697587107,13,0,0,0,10,4.032834091364523,0.0,0.0,0.0,0.5497002100739352,0.7768515906247773,1.0489823469675505,2.4860945698852555,1.235625545326701,0,,False,overtaking,29,0.0,False,0.0,tier_b,B-06-17,BAS-OT-CV-18,137,basin,cv,off
model,overtaking,9.261088593327413,0.3967794023411553,0.942094834672746,,,,goal,False,False,51,66.9240768753717,-17.076720666470536,9,0,1,0,15,0.818770211064148,0.0,0.1406152370041588,0.0,2.7816873929973407,0.7663589809608905,1.0116075325053637,1.6744257927437705,1.0861704215871095,0,,False,overtaking,24,0.0,False,0.0,tier_b,B-06-18,BAS-OT-CV-19,138,basin,cv,off
model,overtaking,9.226408642497487,1.4114137494770642,-6.5337083014531245,,,,goal,False,False,54,81.3350793222298,-2.0109868794762233,4,0,0,0,0,0.4062599756517622,0.0,0.0,0.0,0.0,0.7323286014949287,1.0065379948972937,3.3566724961966568,1.1448060029769285,0,,False,overtaking,16,0.0,False,0.0,tier_b,B-06-19,BAS-OT-CV-20,139,basin,cv,off
model,overtaking,9.237318635066163,0.6955108624999942,8.502895358359591,,,,goal,False,False,58,1.0084968545117476,-91.45692834255307,31,6,35,0,15,8.903696231782495,0.5374511383602151,10.580535248573348,0.0,1.4740715478850173,0.6671887914800865,0.9221058289860186,1.9430013007312494,0.6294786012483969,0,,False,overtaking,39,0.0,False,0.0,tier_b,B-07-00,BAS-OT-RE-01,140,basin,re,off
model,overtaking,9.20862851148156,1.8700119096817152,-7.244673280696084,,,,goal,False,False,56,53.99478287286489,-44.442752521027806,28,3,0,0,2,8.739664132997307,0.07860016942764124,0.0,0.0,0.1760764942276216,0.6911493860253207,0.9632015709349324,3.5474953777684117,0.8740489863594949,0,,False,overtaking,33,0.0,False,0.0,tier_b,B-07-01,BAS-OT-RE-02,141,basin,re,off
model,overtaking,9.202335923999566,0.3265016702521537,4.755399329358097,,,,goal,False,False,51,54.93258545140927,-11.890431760842395,7,0,1,0,0,2.3957140422257686,0.0,0.008790903284677696,0.0,0.0,0.7877837176721011,1.0012997901272678,3.343765252427447,2.0592621480362414,0,,False,overtaking,25,0.0,False,0.0,tier_b,B-07-02,BAS-OT-RE-03,142,basin,re,off
model,overtaking,9.293015255899277,0.9710119403809374,-4.649419898074171,,,,goal,False,False,55,41.259012175776554,-37.343596824043324,13,0,2,0,1,7.084373255906561,0.0,0.6282273133168106,0.0,0.003184639858960806,0.7515332582588742,1.0751676197179771,2.404295714071055,1.8549753216611296,0,,False,overtaking,26,0.0,False,0.0,tier_b,B-07-03,BAS-OT-RE-04,143,basin,re,off
model,overtaking,9.283208573028874,0.590858996109658,2.166140678298074,,,,goal,False,False,55,45.20038399019842,-27.281073310303295,9,0,0,0,4,5.12131517985916,0.0,0.0,0.0,0.4290140377778795,0.7519497087322128,1.0080457177501365,2.4801895500725766,2.135415432729099,0,,False,overtaking,23,0.0,False,0.0,tier_b,B-07-04,BAS-OT-RE-05,144,basin,re,off
model,overtaking,9.220721747140464,1.4440943071107695,-3.2381786297647537,,,,goal,False,False,53,74.8208300258949,-16.29544475269022,10,0,0,0,0,3.292009040947519,0.0,0.0,0.0,0.0,0.7393901250823519,0.9708354807401396,3.545853268410761,1.3199489112477585,0,,False,overtaking,24,0.0,False,0.0,tier_b,B-07-05,BAS-OT-RE-06,145,basin,re,off
model,overtaking,9.235301134425187,0.47868786193385526,-2.242403672861313,,,,goal,False,False,55,63.17800460280236,-13.162585383666368,7,0,1,0,3,2.4211109417003507,0.0,0.02066376864674198,0.0,0.245265923360302,0.7460725036234235,1.029322547175452,2.167965256044205,1.6010525723737854,0,,False,overtaking,19,0.0,False,0.0,tier_b,B-07-06,BAS-OT-RE-07,146,basin,re,off
model,overtaking,9.210772885835906,1.118854926084452,-9.379588430721498,,,,goal,False,False,55,51.58856040670746,-53.29634652491319,20,0,31,0,0,4.887093592240755,0.0,8.084787012033734,0.0,0.0,0.7068439156245835,0.9606709138056749,2.5621223073402,1.0641498949051789,0,,False,overtaking,31,0.0,False,0.0,tier_b,B-07-07,BAS-OT-RE-08,147,basin,re,off
model,overtaking,9.201297608530824,0.948580564783577,4.6641680010374404,,,,goal,False,False,51,65.2877424585954,-7.47319905673864,8,0,0,0,9,1.0501045520405938,0.0,0.0,0.0,0.5055958942528223,0.7739252641771341,1.0175877677837888,2.9425512833463237,1.576602905313912,0,,False,overtaking,21,0.0,False,0.0,tier_b,B-07-08,BAS-OT-RE-09,148,basin,re,off
model,overtaking,9.314342443114086,1.3343859203914925,6.76369823927924,,,,goal,False,False,52,71.54195030854922,-27.636454418974466,9,0,22,0,6,0.45924533380748495,0.0,6.782734533076192,0.0,0.21007682167847092,0.7408144594055113,0.9430487332506151,2.590899041985241,0.5253247973664236,0,,False,overtaking,22,0.0,False,0.0,tier_b,B-07-09,BAS-OT-RE-10,149,basin,re,off
model,overtaking,9.315117655309152,0.6673426336536532,4.539541054003408,,,,goal,False,False,54,83.39867071317212,-6.38762224466621,5,0,0,0,2,1.1340903774237696,0.0,0.0,0.0,0.17197219475967762,0.7320882162529281,0.990619438655487,2.480142107602109,1.2115306690784298,0,,False,overtaking,20,0.0,False,0.0,tier_b,B-07-10,BAS-OT-RE-11,150,basin,re,off
model,overtaking,9.22853476359556,0.7949817246542223,5.362336825936062,,,,goal,False,False,54,70.26268581922965,-8.761048390052375,8,0,0,0,1,1.7075127478856846,0.0,0.0,0.0,0.06863561955960819,0.7347718537634078,0.9850808363375455,2.947717741536819,1.6104106071607949,0,,False,overtaking,23,0.0,False,0.0,tier_b,B-07-11,BAS-OT-RE-12,151,basin,re,off
model,overtaking,9.20887238342961,1.5936706563985252,7.086398227872522,,,,goal,False,False,54,85.95386808219445,-13.467264549382985,11,0,0,0,2,2.680167589132185,0.0,0.0,0.0,0.044541107373037625,0.712379332372757,0.9482284623658638,2.762075729903816,0.897600013730036,0,,False,overtaking,29,0.0,False,0.0,tier_b,B-07-12,BAS-OT-RE-13,152,basin,re,off
model,overtaking,9.216839652941829,1.6016624116391511,5.262289951952228,,,,goal,False,False,62,1.2532201189863343,-59.72743981925684,18,0,7,0,6,10.246057833881903,0.0,1.7418608169165934,0.0,0.6086121334759323,0.6837428399396762,0.9741601071000832,2.4180060287934455,2.357465424121389,0,,False,overtaking,40,0.0,False,0.0,tier_b,B-07-13,BAS-OT-RE-14,153,basin,re,off
model,overtaking,9.255519260104249,0.35298755437586804,3.1573118541693095,,,,goal,False,False,48,54.85305696941891,-7.772866393239318,8,0,1,0,3,1.3404921720539864,0.0,0.25686754727222344,0.0,0.04726821586490636,0.8150761083174113,1.0346476676299676,2.4239922290790865,1.6193567296864126,0,,False,overtaking,25,0.0,False,0.0,tier_b,B-07-14,BAS-OT-RE-15,154,basin,re,off
model,overtaking,9.215509090809306,1.7752520106799483,3.50927978990223,,,,goal,False,False,54,77.24324006379308,-28.34248351062738,8,0,25,0,4,0.5062318278706862,0.0,6.898093623632224,0.0,0.22299975946477313,0.7062824688513187,0.883099839359154,2.8992966741774246,0.6509447238106544,0,,False,overtaking,26,0.0,False,0.0,tier_b,B-07-15,BAS-OT-RE-16,155,basin,re,off
model,overtaking,9.291005947685234,0.12063488626486807,-1.313765613830494,,,,goal,False,False,55,60.90725240941395,-24.89076408202767,7,0,10,0,4,3.018037893636624,0.0,2.084295832162162,0.0,0.544002558387242,0.726052834585279,0.9457067533990055,1.6527026678048458,1.4193953787504912,0,,False,overtaking,21,0.0,False,0.0,tier_b,B-07-16,BAS-OT-RE-17,156,basin,re,off
model,overtaking,9.205389690325374,0.45888945551356053,6.666781674074301,,,,goal,False,False,53,60.46670461948078,-12.602683387766715,4,0,2,0,1,2.268256148051006,0.0,0.3770756089955958,0.0,0.0038540583400192645,0.7851241897412586,1.0316830488584992,3.1735393329093173,1.923786566680933,0,,False,overtaking,18,0.0,False,0.0,tier_b,B-07-17,BAS-OT-RE-18,157,basin,re,off
model,overtaking,9.2228486192688,0.6437987319681227,-3.4629356248216165,,,,goal,False,False,53,57.05384863083123,-20.432857709230206,9,0,0,0,0,4.1278500422687285,0.0,0.0,0.0,0.0,0.7499645622025977,1.0060214114354473,3.266291823257484,1.5439420915658464,0,,False,overtaking,22,0.0,False,0.0,tier_b,B-07-18,BAS-OT-RE-19,158,basin,re,off
model,overtaking,9.225994588178112,1.4726543869922135,2.14369871642881,,,,goal,False,False,87,-68.85261182164145,-92.50506572507354,25,0,9,0,13,13.825853021880212,0.0,2.9770149021325034,0.0,2.9666310264643285,0.48964475017104897,0.9300973300787995,2.432795205702825,1.3230996700331823,0,,False,overtaking,51,0.0,False,0.0,tier_b,B-07-19,BAS-OT-RE-20,159,basin,re,off
model,overtaking,9.202826174856394,1.8658931692162017,-1.4134208463222802,,,,goal,False,False,51,79.80997485505101,-5.359096278281763,9,0,0,0,4,0.7977283761180813,0.0,0.0,0.0,0.3134090703327244,0.7582933721218055,0.975224261678282,3.064791852283468,0.9606518970836733,0,,False,overtaking,17,0.0,False,0.0,tier_b,B-08-00,BAS-OT-NC-01,160,basin,nc,off
model,overtaking,9.223586837236766,0.48526308595663137,7.947943010148403,,,,goal,False,False,51,55.56579129198504,-15.529825780511393,7,0,0,0,8,2.603614753966091,0.0,0.0,0.0,0.5870961663064992,0.7788108718586064,0.9965510768279378,2.5458650286530613,1.6797961571601603,0,,False,overtaking,20,0.0,False,0.0,tier_b,B-08-01,BAS-OT-NC-02,161,basin,nc,off
model,overtaking,9.324634189278777,1.5212132266343419,-0.10161533566932235,,,,goal,False,False,55,99.47882077959083,-9.178823577266858,8,0,0,0,8,1.5989274742599373,0.0,0.0,0.0,0.280918351040037,0.7169879186999125,0.9758224255348605,2.699843149743925,0.8027960019292194,0,,False,overtaking,23,0.0,False,0.0,tier_b,B-08-02,BAS-OT-NC-03,162,basin,nc,off
model,overtaking,9.201445899888215,1.1211468026239688,-5.499755077898718,,,,goal,False,False,53,96.64230722733417,-14.767321277107966,11,1,0,0,9,2.069628664942006,0.15479634097819892,0.0,0.0,0.8347594439562109,0.7178519085802042,0.9251180296218727,2.531791246944203,0.7951847981422974,0,,False,overtaking,31,0.0,False,0.0,tier_b,B-08-03,BAS-OT-NC-04,163,basin,nc,off
model,overtaking,9.21773170156655,1.7859137701757974,-4.391160300370627,,,,goal,False,False,60,89.32759092038414,-21.06173944123271,8,0,27,0,0,1.1420632618151059,0.0,4.280146193124426,0.0,0.0,0.6334025775374778,0.8927758213696854,2.9519063897714664,0.8395738081919731,0,,False,overtaking,29,0.0,False,0.0,tier_b,B-08-04,BAS-OT-NC-05,164,basin,nc,off
model,overtaking,9.224828604838036,1.0279798656456742,-1.0573866499295388,,,,goal,False,False,58,17.108938315854274,-85.39711310338876,32,0,35,0,9,8.634203149571281,0.0,11.124073918786172,0.0,0.5802536456401568,0.6692342899547868,0.9524432380733431,2.3686572414961287,0.8066152195502114,0,,False,overtaking,38,0.0,False,0.0,tier_b,B-08-05,BAS-OT-NC-06,165,basin,nc,off
model,overtaking,9.207283694138823,0.021159204588590663,-7.334374927666074,,,,goal,False,False,53,66.70093098730538,-19.458473703121776,10,0,0,0,8,3.5139194955272544,0.0,0.0,0.0,0.458793822280414,0.7390382537922014,1.010646533852491,2.67850687957633,1.4703452238271637,0,,False,overtaking,25,0.0,False,0.0,tier_b,B-08-06,BAS-OT-NC-07,166,basin,nc,off
model,overtaking,9.249749621825773,0.3985333505421971,-6.131124078940598,,,,goal,False,False,54,57.769567045180246,-20.641786716839906,9,0,0,0,9,3.5813900197311366,0.0,0.0,0.0,0.6475346931490606,0.7475831611386745,1.016627262515968,2.665366669306056,1.6906880673269469,0,,False,overtaking,25,0.0,False,0.0,tier_b,B-08-07,BAS-OT-NC-08,167,basin,nc,off
model,overtaking,9.436169496045947,0.7878924456258161,7.165970628024571,,,,goal,False,False,56,51.831797761651565,-22.162200966171774,10,0,3,0,6,3.331557918635708,0.0,0.35891128364008695,0.0,0.9730908106268218,0.764029783857921,1.0517141156402474,2.1481014452964464,1.8123533469259,0,,False,overtaking,23,0.0,False,0.0,tier_b,B-08-08,BAS-OT-NC-09,168,basin,nc,off
model,overtaking,9.229515026318893,1.040478185072131,-5.885302635044216,,,,goal,False,False,57,100.8777124306853,-10.00802537465404,10,2,0,0,13,1.0777446971273408,0.1444347411765624,0.0,0.0,0.8796082566777151,0.6762256059622113,0.9715044989513179,2.269417094939572,0.682227307929154,0,,False,overtaking,33,0.0,False,0.0,tier_b,B-08-09,BAS-OT-NC-10,169,basin,nc,off
model,overtaking,9.370275779233848,0.4992216841537722,-2.8798086621817927,,,,goal,False,False,60,75.8943885369259,-3.9900629028192,5,0,0,0,0,0.8060733137008484,0.0,0.0,0.0,0.0,0.6769160272032178,0.9993446805042837,2.9488359541098705,1.3440501503495557,0,,False,overtaking,21,0.0,False,0.0,tier_b,B-08-10,BAS-OT-NC-11,170,basin,nc,off
model,overtaking,9.200440778044294,0.5375469357908986,2.9879215617206167,,,,goal,False,False,59,32.915816675181574,-55.08586136824411,19,0,4,0,12,7.05786493326303,0.0,1.2575152542891115,0.0,3.4716388962558433,0.6721682855084669,0.984023430354046,1.6286642207092565,1.2154629839624556,0,,False,overtaking,35,0.0,False,0.0,tier_b,B-08-11,BAS-OT-NC-12,171,basin,nc,off
model,overtaking,9.309395668763356,0.265542389110653,9.88770235233514,,,,goal,False,False,62,46.36117222171639,-22.700208075298058,9,0,11,0,0,2.590047579268738,0.0,2.7442979327549435,0.0,0.0,0.6533548362902121,0.9844185229138788,2.7095992282576757,1.727432115193444,0,,False,overtaking,36,0.0,False,0.0,tier_b,B-08-12,BAS-OT-NC-13,172,basin,nc,off
model,overtaking,9.204875415860784,1.1272047415291218,-5.371385987906487,,,,goal,False,False,55,54.2842600392215,-46.613692212869054,23,1,0,0,4,9.16344080228024,0.047860943438526926,0.0,0.0,0.22616634923581247,0.6946081199499424,0.9980529649842248,2.8767144195227354,0.8470661247308193,0,,False,overtaking,38,0.0,False,0.0,tier_b,B-08-13,BAS-OT-NC-14,173,basin,nc,off
model,overtaking,9.201383075582118,0.1859423402514624,-7.648081300261262,,,,goal,False,False,49,59.43586185892843,-15.700347848021215,5,0,3,0,8,2.084086336697962,0.0,0.4511044353753556,0.0,0.8355876697811158,0.7961981868162117,1.089318105841406,1.917965982887981,1.1201941431065325,0,,False,overtaking,25,0.0,False,0.0,tier_b,B-08-14,BAS-OT-NC-15,174,basin,nc,off
model,overtaking,9.200650409504961,0.4507784176862255,-3.998535066635336,,,,goal,False,False,50,57.72192417295429,-10.398180565993377,9,0,1,0,2,1.834159771935403,0.0,0.25961768951919395,0.0,0.08543689169867368,0.7981590296416935,1.0363304401083608,2.460429085490916,1.7808119518742596,0,,False,overtaking,25,0.0,False,0.0,tier_b,B-08-15,BAS-OT-NC-16,175,basin,nc,off
model,overtaking,9.3291056655864,0.40136882412902786,-2.6412169799750984,,,,goal,False,False,56,93.87317706076104,-8.313550528872664,6,0,1,0,9,0.9922426285277595,0.0,0.2473404290208439,0.0,0.5581164384856037,0.6981406149046198,0.9443435025376182,1.9175942911431563,1.2016823805431363,0,,False,overtaking,27,0.0,False,0.0,tier_b,B-08-16,BAS-OT-NC-17,176,basin,nc,off
model,overtaking,9.231064088505306,1.2645939764148457,-6.299085950554712,,,,goal,False,False,58,69.96610700864969,-32.48519257361802,14,3,0,0,13,5.49703965236552,0.11166920195136995,0.0,0.0,1.0493519432776472,0.6709610335346684,0.9732962395016712,2.530683504820061,0.595858630176882,0,,False,overtaking,26,0.0,False,0.0,tier_b,B-08-17,BAS-OT-NC-18,177,basin,nc,off
model,overtaking,9.31855498079544,1.3210319582406747,-1.6894524809757634,,,,goal,False,False,57,97.4324295807346,-13.465311201982702,12,0,0,0,10,2.2949687599826736,0.0,0.0,0.0,0.4678257422374373,0.6788828172315536,1.0046667858295155,2.442307387515453,0.7127352053800756,0,,False,overtaking,28,0.0,False,0.0,tier_b,B-08-18,BAS-OT-NC-19,178,basin,nc,off
model,overtaking,9.229882434629188,1.089446271626464,3.540682633184913,,,,goal,False,False,51,28.635845578492024,-0.48485179399166917,8,0,0,0,0,0.09794985737205436,0.0,0.0,0.0,0.0,0.792882713208064,1.0113791386118438,3.992897304917013,2.048981597103235,0,,False,overtaking,8,0.0,False,0.0,tier_b,B-08-19,BAS-OT-NC-20,179,basin,nc,off
model,being_overtaken,9.273493236199498,1.8624143719013233,-8.902097191092933,,False,,goal,False,False,35,79.79126310631167,-31.236190472562264,0,0,0,25,0,0.0,0.0,0.0,7.712639622854879,0.0,0.7019320163932566,0.7738201782274309,1.9679354927987271,0.8706140234789032,0,,False,being_overtaken,33,0.0,False,0.0,tier_b,B-09-00,BAS-BO-CV-01,180,basin,cv,off
model,being_overtaken,9.217607022899784,1.5906365392492274,6.189092943004855,,False,,goal,False,False,42,78.35846776347184,-18.708331656285416,0,0,0,9,0,0.0,0.0,0.0,4.619341149700103,0.0,0.5888051759834231,0.8359060137112168,1.9212102239772502,0.3019745767054585,0,,False,being_overtaken,20,0.0,False,0.0,tier_b,B-09-01,BAS-BO-CV-02,181,basin,cv,off
model,being_overtaken,9.255587351263733,1.1613891645434418,-0.8352424648167727,,False,,goal,False,False,35,86.12764863675507,-24.336094723128824,0,0,0,17,0,0.0,0.0,0.0,6.00891227731576,0.0,0.6894885145825433,0.8182813804681089,2.381183718907709,0.884179319648513,0,,False,being_overtaken,25,0.0,False,0.0,tier_b,B-09-02,BAS-BO-CV-03,182,basin,cv,off
model,being_overtaken,9.250348763135506,1.7977552113536805,-3.5475180180360333,,False,,goal,False,False,32,69.61905338752614,-22.141491955186133,0,0,0,12,0,0.0,0.0,0.0,5.467035050663243,0.0,0.7595194384969621,0.9515334694184125,3.7466303557469898,0.5864729902007155,0,,False,being_overtaken,12,0.0,False,0.0,tier_b,B-09-03,BAS-BO-CV-04,183,basin,cv,off
model,being_overtaken,9.22795648132154,1.9941677015431467,-2.3648618685453577,,False,,goal,False,False,34,80.78920419313565,-23.644325092683435,0,0,0,20,0,0.0,0.0,0.0,5.838104961156403,0.0,0.7225684883407644,0.8341906943790455,2.848183029544076,0.6103017065893501,0,,False,being_overtaken,22,0.0,False,0.0,tier_b,B-09-04,BAS-BO-CV-05,184,basin,cv,off
model,being_overtaken,9.205422207041055,1.6404072407823604,-0.7485242194691732,,False,,goal,False,False,37,80.11025095389338,-35.81680500878182,0,0,0,15,0,0.0,0.0,0.0,8.843655557723906,0.0,0.6579136882140654,0.8089171039684624,2.317972462852583,0.5849007209544563,0,,False,being_overtaken,25,0.0,False,0.0,tier_b,B-09-05,BAS-BO-CV-06,185,basin,cv,off
model,being_overtaken,9.231188874487815,1.340368245862548,4.823936508557827,,False,,goal,False,False,39,94.55817013844076,-21.210801669238364,0,0,0,12,0,0.0,0.0,0.0,5.237234980058855,0.0,0.628690880443176,0.780184018751031,2.01694110789495,0.6043423429070197,0,,False,being_overtaken,26,0.0,False,0.0,tier_b,B-09-06,BAS-BO-CV-07,186,basin,cv,off
model,being_overtaken,9.306570037248152,1.9931677532460892,-8.148925558501691,,False,,goal,False,False,38,102.10606780202372,-23.577864395338732,0,0,0,17,0,0.0,0.0,0.0,5.821694912429317,0.0,0.6472323965819549,0.7502827572218077,2.613050758744545,0.7236474372458129,0,,False,being_overtaken,26,0.0,False,0.0,tier_b,B-09-07,BAS-BO-CV-08,187,basin,cv,off
model,being_overtaken,9.31876586064638,1.8721708685827283,-2.6070181173307727,,False,,goal,False,False,32,58.99633192477213,-32.760463414981146,0,0,0,17,0,0.0,0.0,0.0,8.089003312341022,0.0,0.7749333802031655,0.9336076352532876,3.7636271190170754,0.2582248576560475,0,,False,being_overtaken,22,0.0,False,0.0,tier_b,B-09-08,BAS-BO-CV-09,188,basin,cv,off
model,being_overtaken,9.249443229558986,1.9217608222226181,-7.380586831028621,,False,,collision:boundary,True,False,45,-421.6589521700391,-28.051505018396306,0,0,0,23,0,0.0,0.0,0.0,6.926297535406493,0.0,0.6876463730293081,0.8651293358172742,3.2513548736530407,1.7189722249663018,0,,False,being_overtaken,26,0.0,False,0.0,tier_b,B-09-09,BAS-BO-CV-10,189,basin,cv,off
model,being_overtaken,9.203184269661492,1.843844839977306,-0.9619646850153014,,False,,goal,False,False,38,85.62607313890234,-25.999348048061563,0,0,0,22,0,0.0,0.0,0.0,6.419592110632485,0.0,0.6370709002686116,0.8565269451079681,2.710105549211585,0.6382623039900266,0,,False,being_overtaken,26,0.0,False,0.0,tier_b,B-09-10,BAS-BO-CV-11,190,basin,cv,off
model,being_overtaken,9.25307424643198,1.1108330766827545,1.607400018626592,,False,,goal,False,False,37,64.41200732193846,-52.700575818442694,0,0,0,19,0,0.0,0.0,0.0,13.012487856405606,0.0,0.6514219821309958,0.8688309933267949,1.7215331552752502,0.29916682735571337,0,,False,being_overtaken,31,0.0,False,0.0,tier_b,B-09-11,BAS-BO-CV-12,191,basin,cv,off
model,being_overtaken,9.235632032674806,1.848583916571433,-0.2425773065007757,,False,,goal,False,False,36,57.654088053497986,-46.63327256663771,0,0,0,19,0,0.0,0.0,0.0,11.579336499765185,0.0,0.681290384734766,0.8955043259829872,2.4314111771769955,0.6092315052530415,0,,False,being_overtaken,23,0.0,False,0.0,tier_b,B-09-12,BAS-BO-CV-13,192,basin,cv,off
model,being_overtaken,9.200223992512747,1.8802471960490879,4.851620794650593,,False,,goal,False,False,36,49.33225366924462,-50.616092179061376,0,0,0,13,0,0.0,0.0,0.0,12.602539045214964,0.0,0.6735873937704575,0.921299714938432,2.0505183760474703,0.6972520715283067,0,,False,being_overtaken,25,0.0,False,0.0,tier_b,B-09-13,BAS-BO-CV-14,193,basin,cv,off
model,being_overtaken,9.226481771773116,1.5840743156666974,3.9745590510219593,,False,,goal,False,False,35,0.7970025390025768,-20.285710073984838,0,0,0,9,0,0.0,0.0,0.0,5.0088173022184765,0.0,0.7409032285754786,0.9605905736557604,3.0719245551099457,1.7001558198085145,0,,False,being_overtaken,9,0.0,False,0.0,tier_b,B-09-14,BAS-BO-CV-15,194,basin,cv,off
model,being_overtaken,9.24882857954596,1.471695882073571,5.848713078592571,,False,,goal,False,False,34,47.63506098609879,-50.02334969549444,0,0,0,12,0,0.0,0.0,0.0,12.734223071427385,0.0,0.7204501303002528,0.9125892995264961,1.4133243590329108,0.7868178380573907,0,,False,being_overtaken,25,0.0,False,0.0,tier_b,B-09-15,BAS-BO-CV-16,195,basin,cv,off
model,being_overtaken,9.2000557627246,1.3115357577179512,-3.336619991866976,,False,,goal,False,False,37,73.40862795102586,-39.59268085250829,0,0,0,18,0,0.0,0.0,0.0,10.181260670138194,0.0,0.6566477108781082,0.7669437114608916,2.192246636883137,0.7646899515935582,0,,False,being_overtaken,26,0.0,False,0.0,tier_b,B-09-16,BAS-BO-CV-17,196,basin,cv,off
model,being_overtaken,9.206193309648413,1.6399952535113682,-8.767670035024747,,False,,goal,False,False,35,65.4147960084428,-37.56206574112943,0,0,0,19,0,0.0,0.0,0.0,9.274584133612203,0.0,0.6918808538409641,0.9218669978974089,2.7161166394145013,0.4209924932751064,0,,False,being_overtaken,23,0.0,False,0.0,tier_b,B-09-17,BAS-BO-CV-18,197,basin,cv,off
model,being_overtaken,9.212969204739892,1.89761480211908,5.806877306962388,,False,,goal,False,False,37,90.2620233519861,-21.87819302181353,0,0,0,21,0,0.0,0.0,0.0,5.402022968349018,0.0,0.6686860727802789,0.8068243863292517,2.887117523133823,0.7217442569702244,0,,False,being_overtaken,23,0.0,False,0.0,tier_b,B-09-18,BAS-BO-CV-19,198,basin,cv,off
model,being_overtaken,9.241544285848647,1.3128118964065598,-3.848274730984212,,False,,goal,False,False,34,65.63659591407486,-27.04880624828501,0,0,0,13,0,0.0,0.0,0.0,6.6787175921691375,0.0,0.7158322496613759,0.9269363535416483,2.6157646459663617,0.8065879222132373,0,,False,being_overtaken,21,0.0,False,0.0,tier_b,B-09-19,BAS-BO-CV-20,199,basin,cv,off
model,being_overtaken,9.299183658994504,1.773151827696595,-1.6900412891160776,,False,,goal,False,False,39,37.06608192453009,-17.06639326919735,0,0,0,17,0,0.0,0.0,0.0,4.2139242639993455,0.0,0.6493085898705384,0.9172832953683693,2.3116592583335027,0.9780561690459872,0,,False,being_overtaken,21,0.0,False,0.0,tier_b,B-10-00,BAS-BO-RE-01,200,basin,re,off
model,being_overtaken,9.208428406002529,1.8002544236295193,-7.975902988781078,,False,,goal,False,False,36,79.00412924839503,-28.69311465336449,0,0,0,15,0,0.0,0.0,0.0,7.084719667497405,0.0,0.6706457361777569,0.8731399012040105,2.3872098513661935,0.4298042209754717,0,,False,being_overtaken,29,0.0,False,0.0,tier_b,B-10-01,BAS-BO-RE-02,201,basin,re,off
model,being_overtaken,9.200097472568554,1.7443342445294665,9.875833022670356,,False,,collision:obstacle,True,False,9,-371.9605355660921,-27.750225733233762,0,0,0,7,0,0.0,0.0,0.0,7.111814673367526,0.0,0.6205318547776799,0.7199444294417825,4.529590591345758,0.2498628489578865,0,,False,being_overtaken,7,0.0,False,0.0,tier_b,B-10-02,BAS-BO-RE-03,202,basin,re,off
model,being_overtaken,9.302207649734385,1.777266012011609,-9.931571327253923,,False,,goal,False,False,41,61.74851451384493,-42.703615671745276,0,0,0,22,0,0.0,0.0,0.0,10.544102634998834,0.0,0.60554857098485,0.7699041469194003,0.9472593259663787,0.7674649088547685,0,,False,being_overtaken,34,0.0,False,0.0,tier_b,B-10-03,BAS-BO-RE-04,203,basin,re,off
model,being_overtaken,9.444761284079842,1.3087089012898345,4.681091863494736,,False,,goal,False,False,36,68.04967448004905,-34.234946240672755,0,0,0,14,0,0.0,0.0,0.0,8.453073145845128,0.0,0.6978527165669421,0.9173705669785571,2.653774656999465,0.6438687450649061,0,,False,being_overtaken,19,0.0,False,0.0,tier_b,B-10-04,BAS-BO-RE-05,204,basin,re,off
model,being_overtaken,9.214925193316624,1.1701787995312543,-1.3084080958413722,,False,,goal,False,False,36,90.3091884320703,-20.02934317443817,0,0,0,15,0,0.0,0.0,0.0,4.945516833194609,0.0,0.6836877009976078,0.8291671468103844,2.2611534239456845,0.8153769638114656,0,,False,being_overtaken,23,0.0,False,0.0,tier_b,B-10-05,BAS-BO-RE-06,205,basin,re,off
model,being_overtaken,9.345445770673976,1.4379363850772926,4.981252912227472,,False,,goal,False,False,37,56.461557359135085,-46.816778165057215,0,0,0,18,0,0.0,0.0,0.0,11.559698312359806,0.0,0.6700457799879547,0.8815703293341204,2.674073285776216,0.714571223100523,0,,False,being_overtaken,22,0.0,False,0.0,tier_b,B-10-06,BAS-BO-RE-07,206,basin,re,off
model,being_overtaken,9.322783768923756,1.5358173143953697,3.367055013572058,,False,,goal,False,False,35,86.43055481385235,-19.115583584793423,0,0,0,22,0,0.0,0.0,0.0,4.719897181430475,0.0,0.7074394729997335,0.8653320527412234,3.3990478616019235,0.8217578398192429,0,,False,being_overtaken,27,0.0,False,0.0,tier_b,B-10-07,BAS-BO-RE-08,207,basin,re,off
model,being_overtaken,9.201314005451428,1.9971843329164898,9.00989998728025,,False,,goal,False,False,39,96.07460726562758,-15.324414015579492,0,0,0,13,0,0.0,0.0,0.0,3.7838059297727136,0.0,0.6289703421812042,0.8565387447002296,2.4927364988765337,0.5035838488319455,0,,False,being_overtaken,21,0.0,False,0.0,tier_b,B-10-08,BAS-BO-RE-09,208,basin,re,off
model,being_overtaken,9.20072806159274,1.54947173218287,4.609127711992633,,False,,goal,False,False,36,76.31077572235907,-28.116003108830473,0,0,0,15,0,0.0,0.0,0.0,6.9422229898346846,0.0,0.6838759757187359,0.9027894611788666,2.702966932791989,0.7031654377823967,0,,False,being_overtaken,22,0.0,False,0.0,tier_b,B-10-09,BAS-BO-RE-10,209,basin,re,off
model,being_overtaken,9.21645897876405,1.9690709051734863,1.176519119898927,,False,,goal,False,False,37,94.22180301189341,-17.664173264483047,0,0,0,16,0,0.0,0.0,0.0,4.36152426283532,0.0,0.6669031937875818,0.830424849359529,2.7713749744699148,0.5924800263269296,0,,False,being_overtaken,25,0.0,False,0.0,tier_b,B-10-10,BAS-BO-RE-11,210,basin,re,off
model,being_overtaken,9.306207621915819,1.954788173821367,9.561566394234376,,False,,goal,False,False,36,-1.0589201708886122,-69.05519375574218,0,0,0,23,0,0.0,0.0,0.0,17.368051127498962,0.0,0.6868016269764071,0.7776843926286441,3.045178883387864,0.505302466124543,0,,False,being_overtaken,24,0.0,False,0.0,tier_b,B-10-11,BAS-BO-RE-12,211,basin,re,off
model,being_overtaken,9.201269707763343,1.7772566114764492,-9.49576632141824,,False,,goal,False,False,41,2.5610064094937712,-55.75834053206479,0,0,0,24,0,0.0,0.0,0.0,13.767491489398713,0.0,0.5978834032353266,0.7272555056473632,1.1400936328235056,0.3921307551928627,0,,False,being_overtaken,37,0.0,False,0.0,tier_b,B-10-12,BAS-BO-RE-13,212,basin,re,off
model,being_overtaken,9.20007231710936,1.5173470694376623,-5.727268467660743,,False,,goal,False,False,37,34.73036753200786,-73.34388673855821,0,0,0,19,0,0.0,0.0,0.0,18.109601663841534,0.0,0.6558559183326899,0.903272886887801,1.5951353530622092,0.7670829330693294,0,,False,being_overtaken,26,0.0,False,0.0,tier_b,B-10-13,BAS-BO-RE-14,213,basin,re,off
model,being_overtaken,9.205150564445342,1.294253026574379,2.488002109063279,,False,,goal,False,False,35,75.02111922235058,-37.80340757945629,0,0,0,15,0,0.0,0.0,0.0,9.334174710976866,0.0,0.6961837851272007,0.7765577430378419,2.03230881423166,0.4461041200650438,0,,False,being_overtaken,23,0.0,False,0.0,tier_b,B-10-14,BAS-BO-RE-15,214,basin,re,off
model,being_overtaken,9.313661266320532,1.7903252631685758,-5.8123145075739835,,False,,goal,False,False,35,49.52691826549751,-55.084530141650546,0,0,0,21,0,0.0,0.0,0.0,13.601118553493965,0.0,0.6999234827668774,0.9294898193397805,1.7585403741212167,0.32018705600814534,0,,False,being_overtaken,33,0.0,False,0.0,tier_b,B-10-15,BAS-BO-RE-16,215,basin,re,off
model,being_overtaken,9.326073276028978,1.2655496033418419,2.743333719372105,,False,,goal,False,False,36,10.534609307482782,-64.98084609978525,0,0,0,21,0,0.0,0.0,0.0,16.274374292767863,0.0,0.6980405104568397,0.8185047905742867,3.1627061673336883,0.6432649773837452,0,,False,being_overtaken,21,0.0,False,0.0,tier_b,B-10-16,BAS-BO-RE-17,216,basin,re,off
model,being_overtaken,9.205824497383704,1.8152384603032226,0.838151042915797,,False,,goal,False,False,34,18.78712447883457,-79.92312855604483,0,0,0,21,0,0.0,0.0,0.0,20.582104270285274,0.0,0.7202884197952668,0.9507779529936601,1.5634422037458036,0.4732974694467012,0,,False,being_overtaken,33,0.0,False,0.0,tier_b,B-10-17,BAS-BO-RE-18,217,basin,re,off
model,being_overtaken,9.20054983344852,1.5415350386735858,5.016089318996162,,False,,goal,False,False,34,62.888151550261114,-42.70136442059735,0,0,0,15,0,0.0,0.0,0.0,10.543546770517867,0.0,0.7175984727410591,0.880809741512884,3.1467519121915273,0.3100864173452516,0,,False,being_overtaken,15,0.0,False,0.0,tier_b,B-10-18,BAS-BO-RE-19,218,basin,re,off
model,being_overtaken,9.207597434000661,1.8315257360462056,-4.576958939054121,,False,,goal,False,False,36,86.90756082463876,-27.81505193959594,0,0,0,22,0,0.0,0.0,0.0,6.867914059159487,0.0,0.6748919317104862,0.86639909224707,2.778765886023122,0.7082075149310796,0,,False,being_overtaken,24,0.0,False,0.0,tier_b,B-10-19,BAS-BO-RE-20,219,basin,re,off
model,being_overtaken,9.236527995337298,1.1519614688414712,-2.2195555121721178,,False,,collision:obstacle,True,False,11,-356.52858770239135,-36.99213272875519,0,0,0,10,0,0.0,0.0,0.0,9.13385993302597,0.0,0.5650791851151613,0.5929083615968176,3.577945651531187,0.1971056322927365,0,,False,being_overtaken,10,0.0,False,0.0,tier_b,B-11-00,BAS-BO-NC-01,220,basin,nc,off
model,being_overtaken,9.23433805559084,1.622927630240563,-4.373363126865904,,False,,goal,False,False,36,81.68237831439896,-31.001910970657953,0,0,0,20,0,0.0,0.0,0.0,7.654792832261223,0.0,0.6748960795742047,0.8060101687652533,2.6348322709366907,0.6839491465457428,0,,False,being_overtaken,28,0.0,False,0.0,tier_b,B-11-01,BAS-BO-NC-02,221,basin,nc,off
model,being_overtaken,9.201707197154533,1.4145163420230074,-5.7891424804659275,,False,,goal,False,False,40,93.716216576697,-28.17571718901727,0,0,0,16,0,0.0,0.0,0.0,6.956967207164758,0.0,0.6051930860871428,0.695089284457374,2.0436373041560674,0.5582911462807766,0,,False,being_overtaken,28,0.0,False,0.0,tier_b,B-11-02,BAS-BO-NC-03,222,basin,nc,off
model,being_overtaken,9.322281665781562,1.755871175235038,1.8276934949897257,,False,,goal,False,False,35,85.82801844942192,-25.574367855744377,0,0,0,14,0,0.0,0.0,0.0,6.314658729813425,0.0,0.700599766296227,0.8236499468269108,2.3447729240706505,0.528453831759353,0,,False,being_overtaken,23,0.0,False,0.0,tier_b,B-11-03,BAS-BO-NC-04,223,basin,nc,off
model,being_overtaken,9.233130278985481,1.5192526816727558,3.4855574671074336,,False,,goal,False,False,35,90.25607298876254,-17.630060924363608,0,0,0,16,0,0.0,0.0,0.0,4.353101462805828,0.0,0.6947491154933946,0.8439609975684212,2.2571044111277363,0.5312881080339266,0,,False,being_overtaken,27,0.0,False,0.0,tier_b,B-11-04,BAS-BO-NC-05,224,basin,nc,off
model,being_overtaken,9.328713025918816,1.700483358405682,7.3105569812825415,,False,,goal,False,False,38,96.13513591952128,-14.967818573123088,0,0,0,14,0,0.0,0.0,0.0,3.6957576723760712,0.0,0.6617272574213403,0.8621925276578053,2.5470595600120003,0.6484582286759577,0,,False,being_overtaken,25,0.0,False,0.0,tier_b,B-11-05,BAS-BO-NC-06,225,basin,nc,off
model,being_overtaken,9.452026588751458,1.680421345776952,-8.856849843423404,,False,,goal,False,False,32,39.115847659731465,-51.25017334722167,0,0,0,24,0,0.0,0.0,0.0,12.654363789437447,0.0,0.783278005670037,0.9088520301929506,3.320800758978327,0.16881211207945815,0,,False,being_overtaken,28,0.0,False,0.0,tier_b,B-11-06,BAS-BO-NC-07,226,basin,nc,off
model,being_overtaken,9.202024764188364,1.56702171598217,7.263154250248537,,False,,goal,False,False,36,56.74375387807056,-48.85109357361904,0,0,0,21,0,0.0,0.0,0.0,12.06199841323927,0.0,0.6842993979819972,0.8881301965397231,1.259364216911781,0.5765114111806531,0,,False,being_overtaken,33,0.0,False,0.0,tier_b,B-11-07,BAS-BO-NC-08,227,basin,nc,off
model,being_overtaken,9.205580976620242,1.9692399546351242,8.024768894352754,,False,,goal,False,False,36,39.701453458266876,-60.906227707610384,0,0,0,20,0,0.0,0.0,0.0,15.038574742619849,0.0,0.6871662804786887,0.9001819076289552,2.1696680505795634,1.0047257153204399,0,,False,being_overtaken,28,0.0,False,0.0,tier_b,B-11-08,BAS-BO-NC-09,228,basin,nc,off
model,being_overtaken,9.316795130165278,1.714406399088104,-3.4209535335938774,,False,,goal,False,False,35,76.8630237766375,-30.89629293839981,0,0,0,16,0,0.0,0.0,0.0,7.62871430577773,0.0,0.7022528499204854,0.8365276727002711,2.5951255653194636,0.7415026654808407,0,,False,being_overtaken,25,0.0,False,0.0,tier_b,B-11-09,BAS-BO-NC-10,229,basin,nc,off
model,being_overtaken,9.200443326565946,1.457454310852382,-0.08477589960005005,,False,,goal,False,False,34,69.68248344678139,-26.015833597449117,0,0,0,12,0,0.0,0.0,0.0,6.423662616654101,0.0,0.7125574352182414,0.9568275765606178,1.723179894483621,0.6071064693389062,0,,False,being_overtaken,31,0.0,False,0.0,tier_b,B-11-10,BAS-BO-NC-11,230,basin,nc,off
model,being_overtaken,9.206488158792665,1.249139189269402,-1.8360824900204662,,False,,goal,False,False,35,83.52937346336537,-22.81004029634726,0,0,0,11,0,0.0,0.0,0.0,5.6321087151474725,0.0,0.7062490273953022,0.8163994536195185,2.1799924851276966,0.816536418504524,0,,False,being_overtaken,21,0.0,False,0.0,tier_b,B-11-11,BAS-BO-NC-12,231,basin,nc,off
model,being_overtaken,9.201817379891112,1.5868221001976754,-6.447278365339926,,False,,goal,False,False,36,72.83759126716413,-41.88485494249116,0,0,0,23,0,0.0,0.0,0.0,10.341939491973125,0.0,0.6784336916244189,0.8045618784286899,2.625136417373577,0.7668989110770731,0,,False,being_overtaken,28,0.0,False,0.0,tier_b,B-11-12,BAS-BO-NC-13,232,basin,nc,off
model,being_overtaken,9.265928733697365,1.9149018015905381,7.536306606785324,,False,,goal,False,False,37,70.77879354825674,-44.035311881870115,0,0,0,15,0,0.0,0.0,0.0,10.872916514042002,0.0,0.657960040676922,0.8493242046639183,2.4532654976240136,0.2932211259721456,0,,False,being_overtaken,23,0.0,False,0.0,tier_b,B-11-13,BAS-BO-NC-14,233,basin,nc,off
model,being_overtaken,9.207812378871468,1.6182907081800413,-6.38840641167887,,False,,goal,False,False,34,64.59056984200362,-37.51366853826106,0,0,0,21,0,0.0,0.0,0.0,9.262634206978039,0.0,0.7101105292317346,0.9087312672774595,2.948134858323396,0.5216763580124701,0,,False,being_overtaken,26,0.0,False,0.0,tier_b,B-11-14,BAS-BO-NC-15,234,basin,nc,off
model,being_overtaken,9.211086699764161,1.9390273205707047,-4.564300457657893,,False,,goal,False,False,39,15.124138073527277,-12.175198231339174,0,0,0,9,0,0.0,0.0,0.0,3.0062217855158453,0.0,0.727097548589839,0.870753275416907,3.2768682335340915,1.847436501078073,0,,False,being_overtaken,9,0.0,False,0.0,tier_b,B-11-15,BAS-BO-NC-16,235,basin,nc,off
model,being_overtaken,9.221168572677229,1.4296023952972596,5.560865880555664,,False,,goal,False,False,36,87.70080855988232,-21.727910802615433,0,0,0,15,0,0.0,0.0,0.0,5.364916247559366,0.0,0.6761029404356979,0.8655803082280009,2.3948789405830153,0.621610565703804,0,,False,being_overtaken,23,0.0,False,0.0,tier_b,B-11-16,BAS-BO-NC-17,236,basin,nc,off
model,being_overtaken,9.414002768205252,1.9348715131238956,-1.7154115817046645,,False,,collision:boundary,True,False,46,-352.08074299123007,-16.61102988669221,0,0,0,24,0,0.0,0.0,0.0,4.101488860911658,0.0,0.6661285233022919,0.805448521694091,3.3080785318325927,1.1763269540978674,0,,False,being_overtaken,24,0.0,False,0.0,tier_b,B-11-17,BAS-BO-NC-18,237,basin,nc,off
model,being_overtaken,9.238161656216223,1.8510050629498667,-9.690422423163461,,False,,goal,False,False,35,50.70929544804426,-62.66284972569888,0,0,0,16,0,0.0,0.0,0.0,15.796358582237948,0.0,0.6866109965823055,0.798535664835317,1.8430346222082823,0.5704385761947022,0,,False,being_overtaken,29,0.0,False,0.0,tier_b,B-11-18,BAS-BO-NC-19,238,basin,nc,off
model,being_overtaken,9.203283790009097,1.976876814721316,4.232526013512521,,False,,goal,False,False,36,91.21341782083363,-15.349946709649185,0,0,0,18,0,0.0,0.0,0.0,3.7901102986788118,0.0,0.6804514546279962,0.856571587342036,3.085173029319939,0.7584209694947622,0,,False,being_overtaken,18,0.0,False,0.0,tier_b,B-11-19,BAS-BO-NC-20,239,basin,nc,off
model,null,9.30488348176209,9.029598896143826,4.158090470612009,,,,goal,False,False,58,46.84163508681229,-7.15076894910943,2,2,2,0,0,0.6731430998593085,0.4664805486111708,0.4193421914390438,0.0,0.0,0.6909249125327283,0.9128775105843909,5.919947327225475,1.638602346910282,0,,False,overtaking,8,0.0,False,0.0,tier_b,B-12-00,BAS-NU-CV-01,240,basin,cv,off
model,null,9.201207339727501,12.460169344808639,8.413048248032709,,,,goal,False,False,55,44.29459688222923,-1.0448275770468212,1,0,0,0,0,0.21107627819127697,0.0,0.0,0.0,0.0,0.7162018071768844,0.8943535699248801,8.941121806708047,1.4322402275106922,0,,False,overtaking,1,0.0,False,0.0,tier_b,B-12-01,BAS-NU-CV-02,241,basin,cv,off
model,null,9.240832309787862,8.327858718555156,-8.618871375233892,,,,goal,False,False,60,120.32477678838195,-18.067219618351256,18,4,9,0,0,1.6588206422299479,0.6380711497913385,1.860445902179412,0.0,0.0,0.6338461338530066,0.833130462915339,4.301096432793986,0.18629283277938882,0,,False,overtaking,35,0.0,False,0.0,tier_b,B-12-02,BAS-NU-CV-03,242,basin,cv,off
model,null,9.209613430807394,0.40903770566682673,-4.006128619525182,,,,goal,False,False,63,160.49584375223034,0.0,0,0,0,0,0,0.0,0.0,0.0,0.0,0.0,0.5982854234257001,0.6332856283227589,8.052503127013905,0.29740929166610686,0,,False,never,0,0.0,False,0.0,tier_b,B-12-03,BAS-NU-CV-04,243,basin,cv,off
model,null,9.222222692405213,6.427816235372899,4.135813535926339,,,,goal,False,False,55,128.57021319942487,-5.3467198842965,0,1,3,0,1,0.0,0.7736489492047364,0.3247475825270663,0.0,0.07734806414124794,0.6944742942973192,0.8494966435516067,4.987313840148931,0.4121088735432562,0,,False,overtaking,8,0.0,False,0.0,tier_b,B-12-04,BAS-NU-CV-05,244,basin,cv,off
model,null,9.207109273635014,8.286866095533389,-6.539628900567138,,,,goal,False,False,66,45.23351945914822,-1.1640827578819386,0,0,2,0,0,0.0,0.0,0.3233563216338718,0.0,0.0,0.6258269937380853,0.8313035501687914,7.703419049035722,1.860153636611651,0,,False,overtaking,5,0.0,False,0.0,tier_b,B-12-05,BAS-NU-CV-06,245,basin,cv,off
model,null,9.211675845089818,0.5917051485899124,-0.737576121396458,,,,collision:obstacle,True,False,17,-336.1767506262118,0.0,0,0,0,0,0,0.0,0.0,0.0,0.0,0.0,0.6001000106207127,0.6865123576215074,8.395429240855027,0.5870684111219489,0,,False,never,0,0.0,False,0.0,tier_b,B-12-06,BAS-NU-CV-07,246,basin,cv,off
model,null,9.216234127179748,5.343295000181682,-0.17925530452670024,,,,goal,False,False,60,-126.08208417875795,-60.30543878621112,8,13,14,0,11,3.950286066900784,4.768272269871094,3.2080014521608673,0.0,1.2443932869802654,0.6654569423573888,0.9129900289135445,4.179391413023543,1.260661596480007,0,,False,overtaking,20,0.0,False,0.0,tier_b,B-12-07,BAS-NU-CV-08,247,basin,cv,off
model,null,9.247723476290856,8.897409741494434,-9.370052266913786,,,,goal,False,False,62,68.78461425144374,-6.391978354210557,2,0,5,0,0,0.24504327676764998,0.0,1.438615037280747,0.0,0.0,0.6605051660120853,0.7744650540256831,7.497098509885937,1.7803880118078421,0,,False,overtaking,15,0.0,False,0.0,tier_b,B-12-08,BAS-NU-CV-09,248,basin,cv,off
model,null,9.202798325012864,6.174447797492404,1.5770474796407985,,,,goal,False,False,56,120.85657461498532,0.0,0,0,0,0,0,0.0,0.0,0.0,0.0,0.0,0.6794537944715598,0.829294327193541,6.26397220068778,0.3508106144368077,0,,False,never,0,0.0,False,0.0,tier_b,B-12-09,BAS-NU-CV-10,249,basin,cv,off
model,null,9.245421973273926,3.218655129061905,4.109816038650964,,,,goal,False,False,55,116.96598201824688,-11.46355823033517,6,1,7,0,3,0.9372989320001177,0.004812746936276621,1.473727782800184,0.0,0.33215231144874563,0.6952485878937589,0.7960471922042999,4.4286023717752885,0.41397196969082845,0,,False,overtaking,15,0.0,False,0.0,tier_b,B-12-10,BAS-NU-CV-11,250,basin,cv,off
model,null,9.364386760114982,6.942946008668546,3.3036720105717627,,,,goal,False,False,56,-8.813522554601334,-17.22436468162197,6,1,0,0,0,3.3654931506233847,0.11417648202751786,0.0,0.0,0.0,0.7458497894620282,0.9670634956339138,6.968890669628642,1.7035958012918724,0,,False,overtaking,6,0.0,False,0.0,tier_b,B-12-11,BAS-NU-CV-12,251,basin,cv,off
model,null,9.42218824429176,3.2108681814983844,-0.048693184906657194,,,,goal,False,False,61,130.16062493592253,-18.129501010849758,0,5,15,0,0,0.0,1.5169263910063504,2.9501987153800906,0.0,0.0,0.6386456494751057,0.725723195911671,2.895342329258714,0.44336325402887095,0,,False,overtaking,23,0.0,False,0.0,tier_b,B-12-12,BAS-NU-CV-13,252,basin,cv,off
model,null,9.211658850794736,9.995008443511558,-5.20652939404465,,,,goal,False,False,61,98.67111022900988,0.0,0,0,0,0,0,0.0,0.0,0.0,0.0,0.0,0.6362194972955271,0.7562479515657935,8.938119498824472,0.8859433777837655,0,,False,never,0,0.0,False,0.0,tier_b,B-12-13,BAS-NU-CV-14,253,basin,cv,off
model,null,9.23773615674578,3.081336877306396,-4.5449172070392745,,,,goal,False,False,63,82.36485786228297,-6.177103501650326,4,0,4,0,0,0.8811171504928823,0.0,0.5043260018640442,0.0,0.0,0.6116455283803959,0.8212710347600034,8.083651226737105,1.1318449288854169,0,,False,overtaking,9,0.0,False,0.0,tier_b,B-12-14,BAS-NU-CV-15,254,basin,cv,off
model,null,9.201136240571582,4.313634398625434,-0.0067703474592111235,,,,goal,False,False,66,90.8487042817438,0.0,0,0,0,0,0,0.0,0.0,0.0,0.0,0.0,0.588521377867545,0.7577439318666275,9.697525562102332,1.2774638548351065,0,,False,never,0,0.0,False,0.0,tier_b,B-12-15,BAS-NU-CV-16,255,basin,cv,off
model,null,9.225547056701245,2.858630262586399,-5.1636294285445095,,,,goal,False,False,57,128.0850519435256,0.0,0,0,0,0,0,0.0,0.0,0.0,0.0,0.0,0.6738213911383625,0.7869230503520968,6.349028901423127,0.3682306485669791,0,,False,never,0,0.0,False,0.0,tier_b,B-12-16,BAS-NU-CV-17,256,basin,cv,off
model,null,9.376183095992205,9.235585421155367,-5.118675898826918,,,,collision:boundary,True,False,57,-418.68339938087973,-0.5491007761086686,0,0,0,0,2,0.0,0.0,0.0,0.0,0.12202239469081524,0.6179851169086047,0.8433736200601339,7.952940450074612,1.4534855528214963,0,,False,overtaking,5,0.0,False,0.0,tier_b,B-12-17,BAS-NU-CV-18,257,basin,cv,off
model,null,9.230167988731292,8.505493054128213,9.616393634029187,,,,goal,False,False,62,95.09951644765327,-0.057062519169233536,3,0,0,0,0,0.011527781650350209,0.0,0.0,0.0,0.0,0.6211772982885173,0.7176793452065136,7.512052812539113,0.8166516181665623,0,,False,overtaking,3,0.0,False,0.0,tier_b,B-12-18,BAS-NU-CV-19,258,basin,cv,off
model,null,9.201400279328713,4.479439535546382,-7.028370133961028,,,,goal,False,False,55,25.12765940813715,-9.551842375508446,7,0,8,0,0,1.2108536399023944,0.0,0.9883657938865539,0.0,0.0,0.718593894989452,0.8488287186480672,3.544785070869779,1.5146414602692186,0,,False,overtaking,33,0.0,False,0.0,tier_b,B-12-19,BAS-NU-CV-20,259,basin,cv,off
model,head_on,10.0,0.00931436728676327,172.92164482322224,,,,goal,False,False,66,100.58815684583628,-24.572505118344417,13,0,0,0,3,4.083610244160765,0.0,0.0,0.0,0.9685854243885849,0.6101092186413474,0.8198982905472011,1.616937836570874,0.9370866680341232,0,,False,head_on,19,0.0,False,0.0,tier_b,B-13-00,CH-HO-CV-01,260,channel,cv,off
model,head_on,10.059171772780646,0.3752576619067185,184.77878356541342,,,,goal,False,False,54,69.59256885195721,-1.015573524181872,0,2,0,0,2,0.0,0.0593677711301442,0.0,0.0,0.1603784571305907,0.7419803889633487,0.9963022223828445,2.6012415644113127,1.8309708714736495,0,,False,crossing,7,0.0,False,0.0,tier_b,B-13-01,CH-HO-CV-02,261,channel,cv,off
model,head_on,9.999834710447196,1.3278886192114847,171.2735525454521,,,,goal,False,False,58,105.06492875123335,-18.57446382122264,8,0,3,0,8,1.8935276702800934,0.0,0.6828563817192901,0.0,1.4984930842548287,0.6717898479121227,0.9141376712614419,2.159613070545799,0.6245327234956911,0,,False,head_on,22,0.0,False,0.0,tier_b,B-13-02,CH-HO-CV-03,262,channel,cv,off
model,head_on,10.545877491142406,1.1416032654645767,187.85806553712405,,,,goal,False,False,55,93.20754646788144,-4.145688037800552,4,1,0,0,2,0.5488189526758642,0.0221556815031578,0.0,0.0,0.2931919108031983,0.6889278348863778,0.973382142761042,2.2042021691154514,0.593749933679493,0,,False,crossing,6,0.0,False,0.0,tier_b,B-13-03,CH-HO-CV-04,263,channel,cv,off
model,head_on,9.77535647814006,1.6290956832097379,182.12356767063324,,,,collision:target,True,True,27,-311.77389851511225,-23.980344580353965,4,4,0,0,6,3.147305054189059,0.27082570617774254,0.0,0.0,1.5690216258974,0.6347382390608592,0.8916895222972099,1.1162092326471205,0.8177453749851262,0,,False,crossing,17,0.0,False,0.0,tier_b,B-13-04,CH-HO-CV-05,264,channel,cv,off
model,head_on,10.425028738484688,1.7045079492164315,170.20835134101517,,,,goal,False,False,49,-35.74862102489328,-15.522921887693668,2,0,9,0,6,0.9456329734527028,0.0,2.0526410259446832,0.0,0.7672291057115401,0.8169313895240559,1.0066329993904815,1.3223664988403747,2.1543111720902295,0,,False,head_on,17,0.0,False,0.0,tier_b,B-13-05,CH-HO-CV-06,265,channel,cv,off
model,head_on,10.52627095569866,1.0043922090426631,188.73896204479345,,,,goal,False,False,59,58.58183720702198,-43.39726254064881,14,0,9,0,1,6.8682517785915715,0.0,2.472735533759403,0.0,0.11057073668592679,0.6894294548374491,0.9290300207809663,1.7513842098296408,1.5036786867561749,0,,False,head_on,28,0.0,False,0.0,tier_b,B-13-06,CH-HO-CV-07,266,channel,cv,off
model,head_on,9.896845584859838,0.7789071391158584,177.23586641605198,,,,goal,False,False,56,95.52170156422987,0.0,0,0,0,0,0,0.0,0.0,0.0,0.0,0.0,0.6852973166746718,1.0066155799516128,1.7764199408654495,0.8131303708699662,0,,False,never,0,0.0,False,0.0,tier_b,B-13-07,CH-HO-CV-08,267,channel,cv,off
model,head_on,10.388198972718326,1.1385031740092308,183.54460886108745,,,,goal,False,False,61,113.7862431409465,-14.304775293309467,11,0,0,0,5,2.3269986147263335,0.0,0.0,0.0,0.6191404778698028,0.6395936828257972,0.8650984783063963,2.557593100820508,0.8942975675477927,0,,False,head_on,24,0.0,False,0.0,tier_b,B-13-08,CH-HO-CV-09,268,channel,cv,off
model,head_on,9.999999999999998,0.13619639754887092,170.06855478210497,,,,goal,False,False,51,8.919465370040356,-12.259545647067583,10,0,0,0,5,1.7020326003661648,0.0,0.0,0.0,0.8521076167233481,0.7692451910160362,0.9795769473268695,2.422292791413675,1.7444258350845456,0,,False,head_on,23,0.0,False,0.0,tier_b,B-13-09,CH-HO-CV-10,269,channel,cv,off
model,head_on,9.551854016998181,0.7728161262860731,179.09089019027329,,,,goal,False,False,61,104.34481814129792,-20.771166401746143,12,0,1,0,6,3.1435013341863107,0.0,0.03808057322305126,0.0,1.1274988297602044,0.6439950523655052,0.8718300356462388,2.301799131231606,0.8995507631207144,0,,False,head_on,24,0.0,False,0.0,tier_b,B-13-10,CH-HO-CV-11,270,channel,cv,off
model,head_on,9.999999999999998,1.1137334799026584,174.73030194178168,,,,goal,False,False,59,101.68602463656656,-22.381547172430075,11,0,0,0,7,3.894282186549402,0.0,0.0,0.0,0.6899667442245626,0.6553765237857689,0.8918606994099977,2.230067987913486,0.8717710065316729,0,,False,head_on,23,0.0,False,0.0,tier_b,B-13-11,CH-HO-CV-12,271,channel,cv,off
model,head_on,10.126272489585286,0.12605959202256845,188.6229728218304,,,,goal,False,False,61,44.035186926926,-88.61927604500298,17,0,23,0,15,9.398663991188691,0.0,6.7052066942187905,0.0,3.9904767087625137,0.6332147596744742,0.9282990269542221,1.7938387368291984,0.7935374541003641,0,,False,head_on,23,0.0,False,0.0,tier_b,B-13-12,CH-HO-CV-13,272,channel,cv,off
model,head_on,9.877943889469828,0.36515359016788373,172.88190679872173,,,,goal,False,False,59,79.60266558010638,-37.07757727849523,14,0,7,0,6,5.359378738101117,0.0,1.7919541619350339,0.0,0.910581675984128,0.677745185792929,0.9010139294449584,1.4459824922115152,0.9736365062263888,0,,False,head_on,25,0.0,False,0.0,tier_b,B-13-13,CH-HO-CV-14,273,channel,cv,off
model,head_on,10.504926515687824,0.9878604659530814,182.72415701983988,,,,goal,False,False,59,61.158098503281295,-41.56559840290348,14,0,2,0,7,6.558836076225062,0.0,0.5491307892336378,0.0,1.5827753298551843,0.6839921984874484,0.9208534635791329,1.6681951964093802,1.3593653130517933,0,,False,head_on,25,0.0,False,0.0,tier_b,B-13-14,CH-HO-CV-15,274,channel,cv,off
model,head_on,9.62927120424069,0.2137344018169236,176.57058070091435,,,,goal,False,False,60,90.29449673923361,-32.88045369654942,15,0,4,0,5,5.864877976471029,0.0,0.5424236119466745,0.0,0.4214628244466207,0.6541174276801937,0.9045589930085228,2.02253816964929,0.9009081572113163,0,,False,head_on,27,0.0,False,0.0,tier_b,B-13-15,CH-HO-CV-16,275,channel,cv,off
model,head_on,10.0,0.7418034567997758,173.56514030665667,,,,goal,False,False,54,25.68401431275028,-30.017099192158827,9,0,5,0,6,4.201442654453803,0.0,1.1774185764247656,0.0,1.1069447061074096,0.7247861678435503,0.9488311760987418,1.552723585707265,1.6543794258122448,0,,False,head_on,24,0.0,False,0.0,tier_b,B-13-16,CH-HO-CV-17,276,channel,cv,off
model,head_on,10.109883335322804,1.2897092942477535,189.37937031159942,,,,goal,False,False,56,15.187735983929727,-9.68461010448478,10,0,0,0,4,1.6564117559053766,0.0,0.0,0.0,0.330082647278481,0.7409423806418268,1.0001584974109436,3.2491688408122523,2.097427651390318,0,,False,head_on,26,0.0,False,0.0,tier_b,B-13-17,CH-HO-CV-18,277,channel,cv,off
model,head_on,9.61271260132656,1.5173877853956683,177.20450553536722,,,,goal,False,False,50,13.259475254771559,-49.58073515799345,10,0,5,0,10,6.486703381204436,0.0,1.432978785205708,0.0,2.7361843987313184,0.7899612700032654,0.985870551400571,1.0612000307383274,1.4344863130965502,0,,False,head_on,25,0.0,False,0.0,tier_b,B-13-18,CH-HO-CV-19,278,channel,cv,off
model,head_on,10.2996986482426,1.9516769861004355,179.43432823982928,,,,goal,False,False,53,19.776163226549187,-48.877731242834386,17,0,0,0,1,9.628798907402823,0.0,0.0,0.0,0.2700392558200921,0.7522862824870687,0.9909466119683675,4.739813729019938,1.9034395738282648,0,,False,crossing,19,1.0,True,0.0,tier_b,B-13-19,CH-HO-CV-20,279,channel,cv,off
model,head_on,9.89111560986647,1.6384062829391792,171.96719211754183,,,,goal,False,False,52,-58.63463767966448,-85.36355844517415,22,0,0,0,6,16.81127737077381,0.0,0.0,0.0,0.4772745466319501,0.7564600880624752,1.0007614942655114,4.05691730597258,1.9474685695552205,0,,False,crossing,25,1.0,True,0.0,tier_b,B-13-20,CH-HO-CV-21,280,channel,cv,off
model,head_on,9.837127223228219,0.2748247519765272,188.54068354434628,,,,goal,False,False,59,101.94267782420171,-19.93273615675999,9,0,5,0,3,2.752761802621741,0.0,1.4548609023524466,0.0,0.23757021895856995,0.6677678352380233,0.8751932538511141,1.5441741524818173,0.8387386152963975,0,,False,head_on,21,0.0,False,0.0,tier_b,B-13-21,CH-HO-CV-22,281,channel,cv,off
model,head_on,9.85355141636039,0.19375345264545119,180.92240954271725,,,,goal,False,False,54,80.73594775131212,-3.886777719563444,1,1,0,0,4,0.012151237869939525,0.09141534978747047,0.0,0.0,0.7498051357020589,0.7132434488409728,0.9807644197948759,1.463114766604867,0.6260612709678903,0,,False,crossing,14,0.0,False,0.0,tier_b,B-13-22,CH-HO-CV-23,282,channel,cv,off
model,head_on,10.09933284722603,0.20116091432609529,188.28305490068172,,,,collision:obstacle,True,False,39,-366.18319533332397,-16.11518673238926,9,0,0,0,2,2.927052908864045,0.0,0.0,0.0,0.361394407447164,0.622901628465451,0.9298419581390496,1.909652870309589,1.539579879376851,0,,False,head_on,23,0.0,False,0.0,tier_b,B-13-23,CH-HO-CV-24,283,channel,cv,off
model,head_on,10.0,0.7400140705542302,172.20417430658102,,,,collision:obstacle,True,False,44,-351.184677685457,-15.656687365332278,10,0,1,0,6,2.4856233200451454,0.0,0.09682967131587726,0.0,0.6676144698603667,0.6580810203629565,0.8765404933202209,2.502357356077921,1.5658014094273236,0,,False,head_on,26,0.0,False,0.0,tier_b,B-13-24,CH-HO-CV-25,284,channel,cv,off
model,head_on,10.0,1.5927217144314938,184.72977469551938,,,,goal,False,False,64,111.23047481041638,-22.869937009675102,10,0,3,0,5,3.50073695639668,0.0,0.8781842523739529,0.0,0.528850170436734,0.6012921216481557,0.8594635982437187,2.3240838037789975,0.49143422080474153,0,,False,head_on,26,0.0,False,0.0,tier_b,B-13-25,CH-HO-CV-26,285,channel,cv,off
model,head_on,9.789901822105197,0.2400881395532386,170.4253347039182,,,,goal,False,False,57,82.8343383597163,-27.228601348081675,10,0,4,0,3,4.5465574208559,0.0,0.7065912147904834,0.0,0.48431416479982636,0.6961716103781153,0.8967456283997531,1.5882729010104557,0.9105888979361058,0,,False,head_on,23,0.0,False,0.0,tier_b,B-13-26,CH-HO-CV-27,286,channel,cv,off
model,head_on,10.0,0.8134906703194231,175.65539839896894,,,,goal,False,False,64,94.71020308893492,-28.005568816912774,14,0,1,0,5,4.695846999578146,0.0,0.34552154569604104,0.0,0.7816108009989347,0.6189064710003287,0.8371204755047444,1.9746640349616968,0.9289894909598463,0,,False,head_on,26,0.0,False,0.0,tier_b,B-13-27,CH-HO-CV-28,287,channel,cv,off
model,head_on,10.462255750274254,0.3014580077584983,180.68642085318183,,,,goal,False,False,62,90.98889697502018,-28.855785547887447,9,0,3,0,7,4.436675831445398,0.0,0.30758471356720063,0.0,1.285985602975734,0.6476916280332676,0.8612263358638458,1.6148800092193831,1.1242896312272934,0,,False,head_on,23,0.0,False,0.0,tier_b,B-13-28,CH-HO-CV-29,288,channel,cv,off
model,head_on,9.999999999999996,1.3320291380067846,174.4490556432284,,,,goal,False,False,61,113.25306564468777,-16.49024715280271,9,0,0,0,5,2.8182223921343383,0.0,0.0,0.0,0.5644547359417184,0.6411009574244498,0.8673341105203308,2.290406783186176,0.7706770103299969,0,,False,head_on,21,0.0,False,0.0,tier_b,B-13-29,CH-HO-CV-30,289,channel,cv,off
model,head_on,9.999999999999998,0.6746939338467137,185.0025258364978,,,,goal,False,False,55,47.501015561568444,-27.09868183059914,9,0,6,0,7,3.1970138417811707,0.0,1.319464604352849,0.0,1.4496423862471295,0.7243943828760053,0.9250933414435786,1.298596418905548,1.1123192503217643,0,,False,head_on,21,0.0,False,0.0,tier_b,B-13-30,CH-HO-CV-31,290,channel,cv,off
model,head_on,9.547642063916367,1.5093082280190078,186.7506885289399,,,,goal,False,False,65,116.06579621837699,-15.889009352020132,7,0,1,0,3,2.6980259054701072,0.0,0.07607066739463877,0.0,0.5022059371827557,0.6019083598534113,0.8410233325066488,2.8728601685397583,0.7373567212281246,0,,False,head_on,25,0.0,False,0.0,tier_b,B-13-31,CH-HO-CV-32,291,channel,cv,off
model,head_on,9.999999999999998,0.3925217837318935,179.52163418133634,,,,goal,False,False,61,98.9867819270693,-26.21594765012276,16,0,5,0,2,4.048552123555015,0.0,1.6241272063147272,0.0,0.07305704350942602,0.6369807994758319,0.8864173895981337,2.0640564606386858,0.8856976997216256,0,,False,head_on,29,0.0,False,0.0,tier_b,B-13-32,CH-HO-CV-33,292,channel,cv,off
model,head_on,9.774707882484764,1.3540380074461649,180.3743100833089,,,,goal,False,False,52,-65.06606424391457,-31.530333187951378,6,0,4,0,7,4.79203814545184,0.0,0.8505999328727383,0.0,1.055018802138425,0.7740500109727555,0.9968630374747441,1.2224377858504691,1.3664312904872917,0,,False,head_on,19,0.0,False,0.0,tier_b,B-13-33,CH-HO-CV-34,293,channel,cv,off
model,head_on,10.0,0.876284124632446,186.91956713463986,,,,goal,False,False,59,82.10404573215583,-17.503211126511157,13,0,0,0,3,3.1146688553155975,0.0,0.0,0.0,0.46346673171087777,0.6603313677739305,0.8901902851461634,2.7782431310425113,1.0692869987485039,0,,False,head_on,27,0.0,False,0.0,tier_b,B-13-34,CH-HO-CV-35,294,channel,cv,off
model,head_on,9.491601909284594,1.0382416325745052,173.87567957681418,,,,goal,False,False,58,82.59409800234852,-42.29167411577761,12,0,24,0,1,2.8303214783653066,0.0,7.779684895686477,0.0,0.06104826075511734,0.6586778181677412,0.8534168666282912,2.120070412997006,0.6914234319033709,0,,False,head_on,24,0.0,False,0.0,tier_b,B-13-35,CH-HO-CV-36,295,channel,cv,off
model,head_on,9.973604016721348,1.761164281720695,178.39576664146148,,,,goal,False,False,51,35.62385914169664,-12.436573085269298,7,0,0,0,4,2.086734191262357,0.0,0.0,0.0,0.46827529744902957,0.7759863440197526,1.0028404363447883,3.4663701135214646,1.6970871508467045,0,,False,head_on,22,0.0,False,0.0,tier_b,B-13-36,CH-HO-CV-37,296,channel,cv,off
model,head_on,9.796912371246348,1.004260110081722,181.09123305597177,,,,goal,False,False,54,50.72518194836757,-44.135130366068324,10,0,3,0,9,6.444643579807757,0.0,0.48772650344993856,0.0,2.3285176074666993,0.740559127937556,0.9741065884971892,1.4301654283361347,1.2036156106331346,0,,False,head_on,23,0.0,False,0.0,tier_b,B-13-37,CH-HO-CV-38,297,channel,cv,off
model,head_on,9.990024249615487,1.2013282168345578,180.4566840550633,,,,goal,False,False,62,113.89822441584234,-13.864275784043745,14,0,1,0,4,2.282489754295196,0.0,0.28960075668351043,0.0,0.33853083916041854,0.6266695239354843,0.869466019727224,2.674712008822173,0.8310483406535258,0,,False,head_on,27,0.0,False,0.0,tier_b,B-13-38,CH-HO-CV-39,298,channel,cv,off
model,head_on,10.804289047760962,1.0412140617679497,188.79270201393527,,,,goal,False,False,60,70.55835957504695,-39.13965674579979,10,0,10,0,5,5.5859225495889415,0.0,2.521299498548733,0.0,0.5361470956797989,0.6781054225532087,0.906613571378047,1.2539725198938465,1.2679821512408331,0,,False,head_on,23,0.0,False,0.0,tier_b,B-13-39,CH-HO-CV-40,299,channel,cv,off
model,head_on,10.257880475562652,0.4451395945221037,181.3728520836446,,,,goal,False,False,60,78.60466390040604,0.0,0,0,0,0,0,0.0,0.0,0.0,0.0,0.0,0.6674601340894287,0.8951431343964527,1.8434039015562378,1.2615444968898328,0,,False,never,0,0.0,False,0.0,tier_b,B-14-00,CH-HO-RE-01,300,channel,re,off
model,head_on,10.0,1.557619163836761,186.13833543030512,,,,goal,False,False,63,100.00006432105424,-26.620828741929415,12,0,4,0,12,3.1830261196219194,0.0,0.7840553915631582,0.0,1.7871666755941213,0.6354068587157253,0.8807683243012853,1.9682128690780951,0.8821735930006532,0,,False,head_on,16,0.0,False,0.0,tier_b,B-14-01,CH-HO-RE-02,301,channel,re,off
model,head_on,10.41632148925824,0.8560836946954598,187.63388114081306,,,,goal,False,False,54,80.37752656125231,-1.459100509329998,0,0,2,0,4,0.0,0.0,0.233007510898009,0.0,0.13783854891048125,0.7227489118312725,0.9418562237218282,2.458314072295806,1.4823429153358891,0,,False,head_on,5,0.0,False,0.0,tier_b,B-14-02,CH-HO-RE-03,302,channel,re,off
model,head_on,9.880631990256514,1.90952125055403,172.86253639642985,,,,goal,False,False,55,44.61984955046104,-13.882849722323165,19,0,0,0,0,2.804616105519831,0.0,0.0,0.0,0.0,0.7044110296545559,0.9131109027593477,3.857509421179387,1.4108767439624885,0,,False,crossing,19,1.0,True,0.0,tier_b,B-14-03,CH-HO-RE-04,303,channel,re,off
model,head_on,9.999999999999998,1.9480692299567948,176.1474985629072,,,,goal,False,False,51,48.01291094073053,-0.1467104858627851,3,0,0,0,0,0.029638481992481838,0.0,0.0,0.0,0.0,0.75854833590212,0.9778827671011874,3.4978572529140535,1.4863668386312228,0,,False,crossing,9,1.0,True,0.0,tier_b,B-14-04,CH-HO-RE-05,304,channel,re,off
model,head_on,10.0,0.871152846557109,181.4597367699919,,,,goal,False,False,58,108.95978859891694,-16.66500843399205,12,0,0,0,4,2.841329430032208,0.0,0.0,0.0,0.5778728345183597,0.6615376702712326,0.8995323696348414,2.3954102984273575,0.46490275726108615,0,,False,head_on,15,0.0,False,0.0,tier_b,B-14-05,CH-HO-RE-06,305,channel,re,off
model,head_on,10.025609414801274,1.2814564500724512,172.96623103734285,,,,goal,False,False,60,80.79891083072339,0.0,0,0,0,0,0,0.0,0.0,0.0,0.0,0.0,0.6438404345175875,0.9029618683899057,1.7093039267166719,1.020689586828949,0,,False,never,0,0.0,False,0.0,tier_b,B-14-06,CH-HO-RE-07,306,channel,re,off
model,head_on,11.160688080313045,0.30322402551173044,189.35852085396937,,,,goal,False,False,45,16.456911687220114,-19.34144468393581,6,0,0,0,6,1.6402910761800362,0.0,0.0,0.0,2.4937786348543622,0.834852646658761,0.9568884228214884,1.7959857065066216,0.5826896148682632,0,,False,crossing,6,1.0,True,0.0,tier_b,B-14-07,CH-HO-RE-08,307,channel,re,off
model,head_on,9.777982774231418,1.6634387974833196,175.3500319148207,,,,goal,False,False,63,110.75844567787553,-28.527844502737643,1,0,21,0,7,0.07529886897041038,0.0,6.4951067633030055,0.0,1.0606068340985095,0.6149167997951256,0.8138548526661153,1.752058603805585,0.9968829409556017,0,,False,head_on,21,0.0,False,0.0,tier_b,B-14-08,CH-HO-RE-09,308,channel,re,off
model,head_on,9.471808645160198,0.09528080616839074,189.52258483651062,,,,goal,False,False,60,111.63714122820211,-10.47329645745227,12,0,0,0,8,1.3200718753934402,0.0,0.0,0.0,0.875320149834387,0.6517100230185534,0.87195002561719,2.3862266635333675,0.8527393280427447,0,,False,head_on,12,0.0,False,0.0,tier_b,B-14-09,CH-HO-RE-10,309,channel,re,off
model,head_on,10.245852635614288,1.4075018825986154,189.3811274125535,,,,goal,False,False,59,133.2689426759147,0.0,0,0,0,0,0,0.0,0.0,0.0,0.0,0.0,0.6520739235009816,0.9001227357988932,3.1331176999039254,0.5928093135270106,0,,False,never,0,0.0,False,0.0,tier_b,B-14-10,CH-HO-RE-11,310,channel,re,off
model,head_on,10.823093308848131,0.07940764643276266,179.28594556903266,,,,goal,False,False,54,103.86980354036336,0.0,0,0,0,0,0,0.0,0.0,0.0,0.0,0.0,0.7154910066842791,0.9780142322097856,2.1905492032350504,0.5827096431182409,0,,False,never,0,0.0,False,0.0,tier_b,B-14-11,CH-HO-RE-12,311,channel,re,off
model,head_on,9.781964341834259,1.9394827565656019,170.7891224573258,,,,goal,False,False,56,86.17210799295981,-11.083667361895104,9,0,2,0,5,1.2551010960808333,0.0,0.42818985909867535,0.0,0.7398740985643887,0.6954288283104029,0.9181152919949214,1.8933059723157473,0.9156630914330716,0,,False,head_on,23,0.0,False,0.0,tier_b,B-14-12,CH-HO-RE-13,312,channel,re,off
model,head_on,11.062416515045763,0.9176201637484456,179.05531621172736,,,,goal,False,False,62,130.73663660591492,-9.70387103098606,13,0,1,0,4,1.5680230282200074,0.0,0.315284768254352,0.0,0.17936263901807908,0.6200318231515785,0.8595247143796935,2.5648671282926774,0.6169398588282906,0,,False,head_on,27,0.0,False,0.0,tier_b,B-14-13,CH-HO-RE-14,313,channel,re,off
model,head_on,9.583273601492918,0.616774546963468,188.49498024389715,,,,collision:obstacle,True,False,39,-323.915622229809,0.0,0,0,0,0,0,0.0,0.0,0.0,0.0,0.0,0.6199885142187842,0.7488309183794201,2.6497221477953086,1.2433923994378482,0,,False,never,0,0.0,False,0.0,tier_b,B-14-14,CH-HO-RE-15,314,channel,re,off
model,head_on,11.280276501371079,1.0682554610688233,173.91335742545994,,,,collision:boundary,True,False,64,-400.99544755419805,-15.054035008080017,11,0,0,0,3,2.8287782625325955,0.0,0.0,0.0,0.23368502412081532,0.75216732556321,1.0342700350995924,1.9037885427797852,1.833620459515195,0,,False,head_on,24,0.0,False,0.0,tier_b,B-14-15,CH-HO-RE-16,315,channel,re,off
model,head_on,11.00696337831171,0.8412385996831719,173.19211443302896,,,,goal,False,False,64,125.95399201430007,-5.772509418411621,13,0,0,0,1,1.0925742546695973,0.0,0.0,0.0,0.08094819062158069,0.603098127083276,0.8544815350782317,2.291723336710524,0.8020599261186001,0,,False,head_on,25,0.0,False,0.0,tier_b,B-14-16,CH-HO-RE-17,316,channel,re,off
model,head_on,9.999999999999998,1.3103197490672986,183.18371334804277,,,,goal,False,False,55,116.93770039008605,0.0,0,0,0,0,0,0.0,0.0,0.0,0.0,0.0,0.6995489413166489,0.941031496087353,2.7952854864857906,0.6282179582070364,0,,False,never,0,0.0,False,0.0,tier_b,B-14-17,CH-HO-RE-18,317,channel,re,off
model,head_on,10.0,1.0768083362737235,184.25135745509164,,,,goal,False,False,63,119.18866335431242,-16.81140976525648,13,0,0,0,3,3.2320548931616004,0.0,0.0,0.0,0.18060845424590216,0.6163666768723249,0.8714293320582231,2.637471675665714,0.6262513400136521,0,,False,head_on,24,0.0,False,0.0,tier_b,B-14-18,CH-HO-RE-19,318,channel,re,off
model,head_on,9.408067398970422,0.5124768099295549,180.24962585845174,,,,goal,False,False,55,55.75328943742003,-12.905238363582082,12,0,0,0,5,2.081951036263633,0.0,0.0,0.0,0.5776846075726881,0.7016343335807368,0.938706286363821,1.8226337817820204,0.838692148984639,0,,False,head_on,21,0.0,False,0.0,tier_b,B-14-19,CH-HO-RE-20,319,channel,re,off
model,head_on,9.256643869422348,0.4307092607737204,180.5735270046813,,,,goal,False,False,60,95.61558882775775,-28.078820781678854,10,0,0,0,15,2.460165526202911,0.0,0.0,0.0,3.5335558726609864,0.6394141383990667,0.8658767722828887,1.8461892021551736,0.6262526153141669,0,,False,head_on,15,0.0,False,0.0,tier_b,B-14-20,CH-HO-RE-21,320,channel,re,off
model,head_on,10.115082563137777,1.5113889998401082,188.7156501400913,,,,goal,False,False,62,94.60954405551801,-24.751986955379543,8,0,0,0,8,3.5002152545872365,0.0,0.0,0.0,1.6502047655939374,0.6440453263302309,0.8879554593502584,2.054490786317672,1.220299550781898,0,,False,head_on,13,0.0,False,0.0,tier_b,B-14-21,CH-HO-RE-22,321,channel,re,off
model,head_on,10.0,1.0743128533388442,182.22739231275222,,,,goal,False,False,52,85.35752956347426,0.0,0,0,0,0,0,0.0,0.0,0.0,0.0,0.0,0.7450219367492432,0.9171376740710486,2.00394252502243,0.6005757074980416,0,,False,never,0,0.0,False,0.0,tier_b,B-14-22,CH-HO-RE-23,322,channel,re,off
model,head_on,10.175548630351486,1.6972738702784291,183.300979929059,,,,goal,False,False,53,48.18514771123501,-59.62731242618995,12,0,22,0,12,5.762199721384936,0.0,6.998150365088645,0.0,1.313573886892309,0.7231572064839962,0.9155466160950725,1.942586423408982,0.6295952449767703,0,,False,head_on,23,0.0,False,0.0,tier_b,B-14-23,CH-HO-RE-24,323,channel,re,off
model,head_on,9.999999999999996,0.6445803103198713,171.19772436410898,,,,goal,False,False,56,52.33796508370728,-13.045171334304198,10,0,0,0,4,2.265382064966181,0.0,0.0,0.0,0.40700669171591153,0.7017558159579115,0.9301019551310757,2.4455254993244684,1.3890696062280161,0,,False,head_on,23,0.0,False,0.0,tier_b,B-14-24,CH-HO-RE-25,324,channel,re,off
model,head_on,10.321736514518186,0.26305794476871447,181.98454309429576,,,,goal,False,False,65,85.68533161951463,-25.42725789995818,14,0,1,0,2,4.929127788723482,0.0,0.13160842718904542,0.0,0.12317444619919488,0.6231562161907384,0.8691238078501649,2.4738408447552245,1.2145478255921265,0,,False,head_on,28,0.0,False,0.0,tier_b,B-14-25,CH-HO-RE-26,325,channel,re,off
model,head_on,9.849830984668252,0.6756334209002757,173.92111243269915,,,,goal,False,False,58,99.79415056035666,-23.095800913294948,11,0,0,0,8,3.032556125483807,0.0,0.0,0.0,1.7965884649222446,0.6725750447212794,0.8900628125713895,1.9870920262153093,0.8557744248419188,0,,False,head_on,15,0.0,False,0.0,tier_b,B-14-26,CH-HO-RE-27,326,channel,re,off
model,head_on,9.58529998335348,0.6058661646940113,171.14930992117158,,,,goal,False,False,59,62.27406758584637,-10.257606799381335,10,0,0,0,3,1.7105556783373421,0.0,0.0,0.0,0.39785693146922024,0.6666630488804561,0.9320243047740798,2.580712960678453,1.155128204726374,0,,False,head_on,21,0.0,False,0.0,tier_b,B-14-27,CH-HO-RE-28,327,channel,re,off
model,head_on,10.088437090849462,0.9230601295057717,186.72472631205966,,,,goal,False,False,54,94.45165063442073,0.0,0,0,0,0,0,0.0,0.0,0.0,0.0,0.0,0.6967888563301673,0.9236509348021346,2.2192299451032893,0.10710744541201232,0,,False,never,0,0.0,False,0.0,tier_b,B-14-28,CH-HO-RE-29,328,channel,re,off
model,head_on,9.876339221733241,0.26028914486023025,178.9941118782021,,,,goal,False,False,55,112.38447930877406,0.0,0,0,0,0,0,0.0,0.0,0.0,0.0,0.0,0.7032474012990297,0.9664059194181267,2.451521681771875,0.7532570578124451,0,,False,never,0,0.0,False,0.0,tier_b,B-14-29,CH-HO-RE-30,329,channel,re,off
model,head_on,9.999999999999998,1.5905215190816084,182.92058786514718,,,,goal,False,False,63,121.03789517526192,-12.072695905133749,10,0,0,0,4,2.0429139586902356,0.0,0.0,0.0,0.43561595769268546,0.6112758746095511,0.8655011590284679,2.8599543131564555,0.7522724809314832,0,,False,head_on,24,0.0,False,0.0,tier_b,B-14-30,CH-HO-RE-31,330,channel,re,off
model,head_on,9.985865561011826,0.1976814378122984,177.69526895854062,,,,goal,False,False,56,105.60674327937681,-12.232675647318887,8,0,0,0,5,1.711393886909557,0.0,0.0,0.0,0.8358390904703512,0.6937030156046424,0.8973200453361388,2.0888743916037287,0.6647072820175634,0,,False,head_on,14,0.0,False,0.0,tier_b,B-14-31,CH-HO-RE-32,331,channel,re,off
model,head_on,9.855313512799158,0.8943177841019498,171.55743071966546,,,,goal,False,False,53,45.82133143785661,-5.529584282748292,5,0,0,0,4,0.9856650369511768,0.0,0.0,0.0,0.14456496663110385,0.7350674309707478,0.9321086086889381,3.076840876609991,1.3034270169564333,0,,False,head_on,21,0.0,False,0.0,tier_b,B-14-32,CH-HO-RE-33,332,channel,re,off
model,head_on,9.999999999999996,0.0785919495309364,187.13718078519338,,,,goal,False,False,66,100.94357476270649,0.0,0,0,0,0,0,0.0,0.0,0.0,0.0,0.0,0.6304765926643948,0.8796524041352481,1.3577020197676017,1.812678391833713,0,,False,never,0,0.0,False,0.0,tier_b,B-14-33,CH-HO-RE-34,333,channel,re,off
model,head_on,9.999999999999996,0.36292822231789645,186.48644993768,,,,goal,False,False,48,40.33036637810039,-7.864563260282598,2,0,0,0,4,1.0875031954789989,0.0,0.0,0.0,0.5514272094803453,0.7954223307243242,1.0009779705369062,1.8509506390969015,1.229091634664166,0,,False,head_on,9,0.0,False,0.0,tier_b,B-14-34,CH-HO-RE-35,334,channel,re,off
model,head_on,10.235684397188408,1.0322946758393994,182.41048674369944,,,,goal,False,False,57,89.93025834862623,-22.638417971373496,6,0,0,0,10,2.443959078862729,0.0,0.0,0.0,2.342404562445108,0.6904288153036274,0.9005745302844166,1.819607840195355,1.0625443853121697,0,,False,head_on,11,0.0,False,0.0,tier_b,B-14-35,CH-HO-RE-36,335,channel,re,off
model,head_on,10.313588885450775,0.5689599698123577,179.96943600318795,,,,goal,False,False,59,96.42353474131542,-22.40229704709237,13,0,0,0,9,2.98985166568919,0.0,0.0,0.0,1.6894514004290855,0.6686192572396962,0.8825287284556861,1.9579176590870921,1.0141309304152557,0,,False,head_on,14,0.0,False,0.0,tier_b,B-14-36,CH-HO-RE-37,336,channel,re,off
model,head_on,10.16575154201225,1.8514151594406176,175.63767878929002,,,,goal,False,False,62,86.45130868858517,-10.431067375851969,8,0,0,0,4,1.8002530281348554,0.0,0.0,0.0,0.3377366414632066,0.633729061787929,0.804119636170096,3.6336495480998305,1.0242491470839585,0,,False,head_on,25,0.0,False,0.0,tier_b,B-14-37,CH-HO-RE-38,337,channel,re,off
model,head_on,10.41001758561922,1.9177974469138577,178.4418700241513,,,,collision:obstacle,True,False,39,-295.1167935077673,0.0,0,0,0,0,0,0.0,0.0,0.0,0.0,0.0,0.6166920317905278,0.8633744955864393,1.5431610865051144,0.18246164157545156,0,,False,never,0,0.0,False,0.0,tier_b,B-14-38,CH-HO-RE-39,338,channel,re,off
model,head_on,10.0,0.4325030698380221,181.96376407890875,,,,goal,False,False,59,109.19046952104839,-14.991185431014165,6,0,0,0,4,2.507991436496101,0.0,0.0,0.0,0.5725839600796584,0.6687527343746197,0.8997726349528379,1.982260465180297,0.8872221951956056,0,,False,head_on,20,0.0,False,0.0,tier_b,B-14-39,CH-HO-RE-40,339,channel,re,off
model,head_on,9.999999999999996,0.519023800112753,188.37778465688257,,,,goal,False,False,55,109.31131197540856,0.0,0,0,0,0,0,0.0,0.0,0.0,0.0,0.0,0.7105801896895064,0.858214243597543,4.248791274424338,0.8219314109558157,0,,False,never,0,0.0,False,0.0,tier_b,B-15-00,CH-HO-NC-01,340,channel,nc,off
model,head_on,10.0,0.604838046659889,178.34993262325384,,,,goal,False,False,54,106.56118461218651,0.0,0,0,0,0,0,0.0,0.0,0.0,0.0,0.0,0.7185085829601129,0.9677687930413824,4.18154881334826,0.7927036307107949,0,,False,never,0,0.0,False,0.0,tier_b,B-15-01,CH-HO-NC-02,341,channel,nc,off
model,head_on,10.259919607765926,1.1269116382224869,178.83102400407796,,,,goal,False,False,63,36.99505364047289,0.0,0,0,0,0,0,0.0,0.0,0.0,0.0,0.0,0.6493897220634064,0.9196310126668362,4.698679906817009,2.111291701545255,0,,False,never,0,0.0,False,0.0,tier_b,B-15-02,CH-HO-NC-03,342,channel,nc,off
model,head_on,10.024216397195673,0.21994639824680506,172.62122033320705,,,,goal,False,False,65,78.27602219326072,0.0,0,0,0,0,0,0.0,0.0,0.0,0.0,0.0,0.6065163086721427,0.8336807897111567,4.986668631502822,1.1479412707232985,0,,False,never,0,0.0,False,0.0,tier_b,B-15-03,CH-HO-NC-04,343,channel,nc,off
model,head_on,9.942375682643142,1.1922231970902744,189.96301610170923,,,,goal,False,False,57,45.63168012750626,0.0,0,0,0,0,0,0.0,0.0,0.0,0.0,0.0,0.711814628053254,0.9290832069051019,4.745947411467123,1.7252484160745722,0,,False,never,0,0.0,False,0.0,tier_b,B-15-04,CH-HO-NC-05,344,channel,nc,off
model,head_on,10.633989863812754,1.8144001286116342,187.34728834444252,,,,goal,False,False,55,109.869898826774,0.0,0,0,0,0,0,0.0,0.0,0.0,0.0,0.0,0.6991645970772512,0.9110301990394103,4.362346689441581,0.5960527137158749,0,,False,never,0,0.0,False,0.0,tier_b,B-15-05,CH-HO-NC-06,345,channel,nc,off
model,head_on,10.115255905834214,0.28278229538602395,176.25206878577902,,,,goal,False,False,63,96.55509890218673,-9.785022446999537,4,0,5,0,2,0.68489462566792,0.0,1.6587001537539,0.0,0.09410522142873157,0.6169895502815103,0.8927394671243595,2.7516444362508614,1.1421556585031625,0,,False,head_on,6,0.0,False,0.0,tier_b,B-15-06,CH-HO-NC-07,346,channel,nc,off
model,head_on,10.692334901657194,0.8592002649653392,173.97318650021955,,,,goal,False,False,55,116.70140546156787,0.0,0,0,0,0,0,0.0,0.0,0.0,0.0,0.0,0.6996291757548037,0.8983337940881155,4.0995325581088204,0.5987260459551974,0,,False,never,0,0.0,False,0.0,tier_b,B-15-07,CH-HO-NC-08,347,channel,nc,off
model,head_on,9.999999999999998,1.8051650223510654,187.30059723641622,,,,goal,False,False,59,112.85690614167655,0.0,0,0,0,0,0,0.0,0.0,0.0,0.0,0.0,0.6516657041749051,0.911772884235807,4.930976156716333,0.787334532276375,0,,False,never,0,0.0,False,0.0,tier_b,B-15-08,CH-HO-NC-09,348,channel,nc,off
model,head_on,9.08173527217586,1.7170723371184666,185.38442459579767,,,,goal,False,False,50,81.78832893086451,0.0,0,0,0,0,0,0.0,0.0,0.0,0.0,0.0,0.7702018152150397,0.9700679037571596,3.7607840963519292,0.8597171232961655,0,,False,never,0,0.0,False,0.0,tier_b,B-15-09,CH-HO-NC-10,349,channel,nc,off
model,head_on,10.534258709604911,0.30742126077348786,183.28425074756333,,,,goal,False,False,59,99.78926635930613,-9.005779059748713,3,0,7,0,2,0.4721204475949322,0.0,1.7403709384857224,0.0,0.08965499235671064,0.6610404098359833,0.9196410187650179,2.8697630679820363,1.3151385961393254,0,,False,head_on,7,0.0,False,0.0,tier_b,B-15-10,CH-HO-NC-11,350,channel,nc,off
model,head_on,9.150434503065322,1.126447716544327,176.3075853465309,,,,goal,False,False,57,78.25391177080738,0.0,0,0,0,0,0,0.0,0.0,0.0,0.0,0.0,0.6638458118127456,0.9747149814370651,2.8107551551435996,0.3622559284858362,0,,False,never,0,0.0,False,0.0,tier_b,B-15-11,CH-HO-NC-12,351,channel,nc,off
model,head_on,9.823835147696473,1.3381262906128648,172.27865806875414,,,,goal,False,False,58,96.05149426439405,0.0,0,0,0,0,0,0.0,0.0,0.0,0.0,0.0,0.66662026114003,0.9256084767982942,2.4498567864662237,1.5695553400067501,0,,False,never,0,0.0,False,0.0,tier_b,B-15-12,CH-HO-NC-13,352,channel,nc,off
model,head_on,9.87066778074754,0.4091321738184257,185.1998700532474,,,,goal,False,False,55,86.27721483930512,0.0,0,0,0,0,0,0.0,0.0,0.0,0.0,0.0,0.7098572793321104,0.9841936129756279,4.3324089527753085,0.9384775781328912,0,,False,never,0,0.0,False,0.0,tier_b,B-15-13,CH-HO-NC-14,353,channel,nc,off
model,head_on,10.050105676040541,0.8300514659476823,176.06913160172437,,,,goal,False,False,58,101.38273147621766,-3.708544331581277,0,0,3,0,2,0.0,0.0,0.9304307935166176,0.0,0.07977632776032285,0.6747134950574405,0.8842115247734117,1.9790835424236355,0.8634183375969162,0,,False,head_on,5,0.0,False,0.0,tier_b,B-15-14,CH-HO-NC-15,354,channel,nc,off
model,head_on,9.999999999999998,1.3034973464822712,181.02339764630273,,,,goal,False,False,54,70.15112743731036,0.0,0,0,0,0,0,0.0,0.0,0.0,0.0,0.0,0.716139852833926,0.9677866394443347,4.954631499171596,1.4542916166057744,0,,False,never,0,0.0,False,0.0,tier_b,B-15-15,CH-HO-NC-16,355,channel,nc,off
model,head_on,10.0,0.22441869904698475,182.13052102261435,,,,goal,False,False,54,115.1772330656339,0.0,0,0,0,0,0,0.0,0.0,0.0,0.0,0.0,0.7038091658588154,0.8966667456004179,4.195245866955892,0.5386754155390093,0,,False,never,0,0.0,False,0.0,tier_b,B-15-16,CH-HO-NC-17,356,channel,nc,off
model,head_on,10.0,0.4354552237124669,173.04193159748237,,,,goal,False,False,55,108.06631799414552,0.0,0,0,0,0,0,0.0,0.0,0.0,0.0,0.0,0.7049223050153415,0.8647346755730652,4.1607365617545,0.5880213207857676,0,,False,never,0,0.0,False,0.0,tier_b,B-15-17,CH-HO-NC-18,357,channel,nc,off
model,head_on,10.973495639715704,0.8830717244367781,173.08940635934107,,,,goal,False,False,55,97.88423811778456,-5.634689788068271,2,0,3,0,1,0.5517049509769141,0.0,0.7726842437136019,0.0,0.027130445191906615,0.6980380622752517,0.9288658494915945,4.012873741112296,0.5563835679692964,0,,False,head_on,5,0.0,False,0.0,tier_b,B-15-18,CH-HO-NC-19,358,channel,nc,off
model,head_on,10.0,0.6214605067159544,171.10204104445222,,,,goal,False,False,54,75.1591958096647,-4.08440966197843,0,0,5,0,2,0.0,0.0,0.8389236205928038,0.0,0.2365076950765192,0.720770643604997,0.9814208420493401,4.512678477944509,1.3758270682821023,0,,False,head_on,6,0.0,False,0.0,tier_b,B-15-19,CH-HO-NC-20,359,channel,nc,off
model,head_on,9.999999999999998,1.8110168452154083,186.9587123837746,,,,goal,False,False,62,103.79220228086946,-10.390159949195466,4,0,6,0,4,0.7999127794069838,0.0,1.2678999941911457,0.0,0.4147003804539484,0.6215923467807363,0.7716674093783148,3.017762808622892,1.3536212513053272,0,,False,head_on,21,0.0,False,0.0,tier_b,B-15-20,CH-HO-NC-21,360,channel,nc,off
model,head_on,10.783506402872137,1.0439507813894948,180.5601072643203,,,,goal,False,False,55,89.27243445600428,0.0,0,0,0,0,0,0.0,0.0,0.0,0.0,0.0,0.709090524566826,0.9169347921012354,4.448840553103951,1.2792187018083354,0,,False,never,0,0.0,False,0.0,tier_b,B-15-21,CH-HO-NC-22,361,channel,nc,off
model,head_on,10.180123451340151,1.4448588921887255,179.10490908603316,,,,goal,False,False,56,111.72504425917222,0.0,0,0,0,0,0,0.0,0.0,0.0,0.0,0.0,0.6978928085474975,0.8890240004700264,4.366189221315875,0.8700437272137611,0,,False,never,0,0.0,False,0.0,tier_b,B-15-22,CH-HO-NC-23,362,channel,nc,off
model,head_on,9.999999999999998,1.0360859281864399,173.94132518101077,,,,goal,False,False,51,69.61515709906432,0.0,0,0,0,0,0,0.0,0.0,0.0,0.0,0.0,0.7616934660102839,0.9485157638098398,4.750417028770143,0.7479635038642994,0,,False,never,0,0.0,False,0.0,tier_b,B-15-23,CH-HO-NC-24,363,channel,nc,off
model,head_on,10.0,1.320239576322837,185.5214212280775,,,,goal,False,False,57,100.14924740053031,-3.6961065143192595,2,0,5,0,0,0.14596134445766726,0.0,0.8259994053482794,0.0,0.0,0.6743655757224528,0.8759084321268829,3.908691591257771,0.6420139926818015,0,,False,head_on,8,0.0,False,0.0,tier_b,B-15-24,CH-HO-NC-25,364,channel,nc,off
model,head_on,9.999999999999998,1.0061992614250868,177.4452008327447,,,,goal,False,False,55,109.54423248510646,0.0,0,0,0,0,0,0.0,0.0,0.0,0.0,0.0,0.6917616383888775,1.0098197418871202,4.156632630959015,0.5921888710496432,0,,False,never,0,0.0,False,0.0,tier_b,B-15-25,CH-HO-NC-26,365,channel,nc,off
model,head_on,10.0,0.18986402780790823,175.51509535659784,,,,goal,False,False,58,114.06923563004315,0.0,0,0,0,0,0,0.0,0.0,0.0,0.0,0.0,0.6649552408900111,0.9372336459624392,2.8088641705406943,0.7082063147123212,0,,False,never,0,0.0,False,0.0,tier_b,B-15-26,CH-HO-NC-27,366,channel,nc,off
model,head_on,9.886041566307677,1.1928008674080468,189.56902028044726,,,,goal,False,False,63,17.15947072988584,-21.04468658846182,4,0,17,0,5,0.7772783265892851,0.0,4.235076223295834,0.0,0.43352988177330076,0.6650886220011393,0.8484167923821023,3.256861999510783,2.1459039247430765,0,,False,head_on,27,0.0,False,0.0,tier_b,B-15-27,CH-HO-NC-28,367,channel,nc,off
model,head_on,10.0,1.081374661220903,182.16831201298078,,,,goal,False,False,56,97.54936489646704,-10.826152048365023,0,0,3,0,8,0.0,0.0,0.07733270671946102,0.0,2.3439454009277694,0.6885867189555829,0.9393862421035786,1.3386535889176125,0.8818484063421036,0,,False,head_on,8,0.0,False,0.0,tier_b,B-15-28,CH-HO-NC-29,368,channel,nc,off
model,head_on,9.084002786284293,1.2433297180438143,175.5453933717683,,,,goal,False,False,52,96.20147935290149,0.0,0,0,0,0,0,0.0,0.0,0.0,0.0,0.0,0.7408468506488444,0.9378727461616119,4.0662978086444515,0.6146545988138661,0,,False,never,0,0.0,False,0.0,tier_b,B-15-29,CH-HO-NC-30,369,channel,nc,off
model,head_on,9.824914642857838,0.7685387194394688,189.85084064614787,,,,goal,False,False,55,99.05917432689117,-6.853855739112301,3,0,5,0,2,0.44699336368333026,0.0,1.1215169358279642,0.0,0.1341728044220327,0.6914894524078894,0.9331407447074842,3.901932097656612,0.46807326719688785,0,,False,head_on,7,0.0,False,0.0,tier_b,B-15-30,CH-HO-NC-31,370,channel,nc,off
model,head_on,10.0,0.6698619473127445,176.2805431944345,,,,goal,False,False,61,89.13066180952956,-10.975777336962459,4,0,1,0,1,2.014634129625807,0.0,0.2760073124642095,0.0,0.0021582378763461514,0.6507699052844855,0.8543228618990961,2.2600244440536974,1.1745226102697068,0,,False,head_on,4,0.0,False,0.0,tier_b,B-15-31,CH-HO-NC-32,371,channel,nc,off
model,head_on,9.999999999999998,0.21563336342682904,172.34553742854337,,,,goal,False,False,54,115.22444230094203,0.0,0,0,0,0,0,0.0,0.0,0.0,0.0,0.0,0.7078815678383383,0.8645192361291053,4.1716976644269055,0.5641079167330435,0,,False,never,0,0.0,False,0.0,tier_b,B-15-32,CH-HO-NC-33,372,channel,nc,off
model,head_on,10.009872619928332,0.8715995757134332,181.8762477298438,,,,goal,False,False,65,123.01805301745432,-0.9293140150138662,0,0,1,0,1,0.0,0.0,0.24343559546088303,0.0,0.011765749189930504,0.6024047578131037,0.7121485707269928,4.7845593491903795,0.9912516349470292,0,,False,overtaking,2,0.0,False,0.0,tier_b,B-15-33,CH-HO-NC-34,373,channel,nc,off
model,head_on,9.999999999999996,1.0847333430945405,185.1133159351483,,,,goal,False,False,58,17.91512158526963,-49.34862783287022,12,0,6,0,12,6.334586975506325,0.0,0.8936312720916979,0.0,3.2834110499075093,0.6936059294907938,0.9801019815012907,2.2534744046967954,1.1961605931713282,0,,False,head_on,18,0.0,False,0.0,tier_b,B-15-34,CH-HO-NC-35,374,channel,nc,off
model,head_on,10.30632614795319,1.9538783516291471,181.9101271813121,,,,goal,False,False,65,113.98341003809792,0.0,0,0,0,0,0,0.0,0.0,0.0,0.0,0.0,0.5994442371170162,0.7592290378626965,2.0193965060293184,1.5333397553922488,0,,False,never,0,0.0,False,0.0,tier_b,B-15-35,CH-HO-NC-36,375,channel,nc,off
model,head_on,10.994498819116544,0.8621168391194356,182.02017576470513,,,,goal,False,False,63,104.10411595744843,-7.246575241683585,3,0,5,0,2,0.5928989014594213,0.0,0.9857968883448887,0.0,0.16952375142618886,0.6205225717159509,0.9454659334460788,2.776673144041238,0.990199076116035,0,,False,head_on,5,0.0,False,0.0,tier_b,B-15-36,CH-HO-NC-37,376,channel,nc,off
model,head_on,9.999999999999996,1.079412967193411,179.67387645553563,,,,goal,False,False,54,113.90621569825491,0.0,0,0,0,0,0,0.0,0.0,0.0,0.0,0.0,0.7018743120541059,0.889256581573694,3.8406523630872806,0.5377951197966516,0,,False,never,0,0.0,False,0.0,tier_b,B-15-37,CH-HO-NC-38,377,channel,nc,off
model,head_on,9.549550816876184,1.5367124565459254,170.55334569440686,,,,goal,False,False,57,56.52645992866014,0.0,0,0,0,0,0,0.0,0.0,0.0,0.0,0.0,0.7124714558254722,0.966782333991044,5.327469297429465,1.9815353576758041,0,,False,never,0,0.0,False,0.0,tier_b,B-15-38,CH-HO-NC-39,378,channel,nc,off
model,head_on,9.585409373191311,0.37536353883474227,182.64194989049463,,,,goal,False,False,52,98.07786688542946,0.0,0,0,0,0,0,0.0,0.0,0.0,0.0,0.0,0.7343571346707467,0.9599780030527667,3.5736874149047146,0.5734527019040064,0,,False,never,0,0.0,False,0.0,tier_b,B-15-39,CH-HO-NC-40,379,channel,nc,off
model,crossing,10.490193783263903,0.28316885672201364,129.78078761993967,port,,False,goal,False,False,51,51.86945041305549,-37.60977052624642,5,7,0,0,6,3.480386883050116,1.5566299683517586,0.0,0.0,2.8170082470682525,0.75668191943381,0.9323947536052073,1.6069207921058828,0.8399329743571681,0,,False,crossing,8,1.0,True,0.0,tier_b,B-16-00,CH-CR-CV-01,380,channel,cv,off
model,crossing,10.0,0.3636276684298667,244.67678056322285,starboard,,True,goal,False,False,60,50.33301823043218,-11.468213624469382,1,1,0,0,9,0.22049726360366512,0.2531978546503229,0.0,0.0,2.0274272864693645,0.6613498753400394,0.9336051860360804,1.571090657348926,1.62733816688714,0,,False,crossing,17,0.0,False,0.0,tier_b,B-16-01,CH-CR-CV-02,381,channel,cv,off
model,crossing,10.268460864188306,0.7192709724502868,210.94503459620475,starboard,,False,goal,False,False,48,4.068403618800687,-59.66966113111627,11,7,0,0,13,6.7585615017901155,0.7408013184460756,0.0,0.0,5.010625593543807,0.8146295766712578,0.9569274687482461,1.9716903846055547,0.8503928385758917,0,,False,crossing,13,0.0,False,0.0,tier_b,B-16-02,CH-CR-CV-03,382,channel,cv,off
model,crossing,9.999999999999998,0.5870743235375037,289.53878618123343,starboard,,False,collision:target,True,True,11,-339.936960418011,-38.51602014276696,2,9,0,0,7,0.7035142399878045,5.455327671341985,0.0,0.0,1.7843894848187778,0.6925638061520555,0.8857016665199954,1.3090126209808688,0.20265794967563397,0,,False,crossing,9,0.0,False,0.0,tier_b,B-16-03,CH-CR-CV-04,383,channel,cv,off
model,crossing,9.999999999999996,1.2958551853358795,76.2339399801213,port,,True,goal,False,False,62,30.971281828189532,-1.6804161486318991,0,0,0,0,1,0.0,0.0,0.0,0.0,0.3734258108070887,0.6763306396257238,0.994328590312641,2.257350788220483,2.274267193839358,0,,False,crossing,14,1.0,True,0.0,tier_b,B-16-04,CH-CR-CV-05,384,channel,cv,off
model,crossing,9.999999999999998,1.3015375722616729,90.42138144998697,port,,True,goal,False,False,69,20.402732925573204,-1.3061013590532031,0,0,0,0,3,0.0,0.0,0.0,0.0,0.29024474645626736,0.6048331947840613,0.9273979715701793,2.5260155741318355,1.6505677960400826,0,,False,crossing,18,1.0,True,0.0,tier_b,B-16-05,CH-CR-CV-06,385,channel,cv,off
model,crossing,9.999999999999996,1.6408729117427223,106.21307278632884,port,,True,goal,False,False,59,29.391240396244342,-12.008898514741883,6,0,0,0,6,1.15410014272054,0.0,0.0,0.0,1.3991339573944912,0.6611266050367475,0.9909576303710083,2.5851062325596974,0.7942653725411186,0,,False,crossing,17,1.0,True,0.0,tier_b,B-16-06,CH-CR-CV-07,386,channel,cv,off
model,crossing,9.999999999999996,0.31081715289621364,224.25372018085594,starboard,,True,goal,False,False,52,7.4829765279594085,-30.83609880274701,7,9,0,0,9,1.9875730696900886,1.4129416695452353,0.0,0.0,3.111900187451589,0.8007859328501349,1.0222588368779955,2.400253959125138,1.9388592515606882,0,,False,crossing,9,0.0,False,0.0,tier_b,B-16-07,CH-CR-CV-08,387,channel,cv,off
model,crossing,9.999999999999996,0.061499892646753596,105.62535710778265,port,,True,goal,False,False,64,93.56215235413636,-3.574196807188675,2,1,0,0,3,0.1943573860673356,0.2803115803578143,0.0,0.0,0.272130094085374,0.6223132726905998,0.8854209193048275,1.75088271618557,1.1315090636639815,0,,False,crossing,12,1.0,True,0.0,tier_b,B-16-08,CH-CR-CV-09,388,channel,cv,off
model,crossing,9.999999999999998,0.041021002757746505,215.24936235435172,starboard,,True,goal,False,False,59,67.11931187834305,-22.0889681415108,4,3,0,0,7,2.098819375715132,0.539312978583176,0.0,0.0,2.0067139972742605,0.6721159236318387,0.8783411156511594,1.0820258341611202,0.985162310769863,0,,False,crossing,18,0.0,False,0.0,tier_b,B-16-09,CH-CR-CV-10,389,channel,cv,off
model,crossing,9.999999999999998,1.3277278040117695,78.44407243898448,port,,True,goal,False,False,61,62.371861579674956,-4.144089021177264,2,0,0,0,2,0.4359475639413967,0.0,0.0,0.0,0.4413663510371888,0.6330872180039889,0.9516098197614762,2.2592979548477867,0.5877978484419696,0,,False,crossing,14,1.0,True,0.0,tier_b,B-16-10,CH-CR-CV-11,390,channel,cv,off
model,crossing,9.5234860209724,1.6324019484821193,289.871672036949,starboard,,True,goal,False,False,57,11.466174860105156,-26.328992450200644,4,2,0,0,3,3.353840698494561,1.6795457216740486,0.0,0.0,0.3141621489702271,0.6963638608526097,0.9744824886549209,3.7355480096231806,1.4504122685727143,0,,False,crossing,23,0.0,False,0.0,tier_b,B-16-11,CH-CR-CV-12,391,channel,cv,off
model,crossing,9.999999999999998,2.3886987701094444,100.2780328618511,port,,True,goal,False,False,61,109.8136799473261,-6.692881842078958,8,0,0,0,2,1.2238725738421714,0.0,0.0,0.0,0.14104724479115788,0.6195557285879191,0.7776997129073491,2.891608288281286,0.4456323568082565,0,,False,crossing,15,1.0,True,0.0,tier_b,B-16-12,CH-CR-CV-13,392,channel,cv,off
model,crossing,10.0,0.36219504253909546,156.61221810348798,port,,False,collision:target,True,True,17,-316.9136387600893,-11.476879697140523,0,3,0,0,2,0.0,1.5194737158718994,0.0,0.0,0.8789966230165824,0.4462256228932753,0.5978387897056184,0.7506297857056421,0.38670241955750567,0,,False,crossing,15,1.0,True,0.0,tier_b,B-16-13,CH-CR-CV-14,393,channel,cv,off
model,crossing,9.999999999999996,1.3156936268064654,284.64773860754264,starboard,,True,goal,False,False,57,53.50662183011835,-5.219922726617424,2,0,0,0,1,0.6022355494471386,0.0,0.0,0.0,0.49752372374535264,0.6975478707321737,0.9723888902755582,1.9925009609976103,1.1513839714754126,0,,False,crossing,15,0.0,False,0.0,tier_b,B-16-14,CH-CR-CV-15,394,channel,cv,off
model,crossing,10.368728084886737,1.1625565062130465,131.10686901405043,port,,True,goal,False,False,61,46.57271509466022,-3.520566169282743,3,0,0,0,2,0.2773520233316511,0.0,0.0,0.0,0.477260811953571,0.6957985124990897,0.9467127898033421,2.405804560674932,2.3777051483940546,0,,False,crossing,14,1.0,True,0.0,tier_b,B-16-15,CH-CR-CV-16,395,channel,cv,off
model,crossing,9.999999999999998,0.5683777049578311,229.59771121561687,starboard,,False,collision:target,True,True,12,-315.0527016005883,-19.894130131308437,2,7,0,0,7,0.026673642011008337,1.0314742154601302,0.0,0.0,3.256955163739178,0.5642545409917638,0.7125711999327565,1.7816967497771274,0.10279349831163669,0,,False,crossing,10,0.0,False,0.0,tier_b,B-16-16,CH-CR-CV-17,396,channel,cv,off
model,crossing,9.999999999999996,0.651668529654405,254.3887354114857,starboard,,True,collision:target,True,True,18,-328.3886834825746,-16.002220735750345,6,0,0,0,7,1.6406788536925885,0.0,0.0,0.0,1.751302313327119,0.4063582573328996,0.5469277861149848,1.3293380360516387,0.13676828660971296,0,,False,crossing,9,0.0,False,0.0,tier_b,B-16-17,CH-CR-CV-18,397,channel,cv,off
model,crossing,11.268063446632981,1.5982201570086232,261.6558085842113,starboard,,True,goal,False,False,61,101.29077341434414,-1.6319045402723922,0,0,0,0,4,0.0,0.0,0.0,0.0,0.36264545339386495,0.6548320265875726,0.9382223823343102,2.9408944361397373,1.5922856863159223,0,,False,crossing,9,0.0,False,0.0,tier_b,B-16-18,CH-CR-CV-19,398,channel,cv,off
model,crossing,10.247582608522517,1.3871553703789914,254.1050792322543,starboard,,True,goal,False,False,53,33.481241567265926,-1.9698537362968889,0,0,0,0,2,0.0,0.0,0.0,0.0,0.43774527473264196,0.7474828342280466,1.024761142511426,2.6103236689629155,1.6746545385020022,0,,False,crossing,15,0.0,False,0.0,tier_b,B-16-19,CH-CR-CV-20,399,channel,cv,off
model,crossing,9.999999999999996,1.3453263960169346,119.090051028526,port,,True,collision:target,True,True,20,-302.3901563418183,0.0,0,0,0,0,0,0.0,0.0,0.0,0.0,0.0,0.47007212698802414,0.5495772957603025,1.304352566772638,0.40568251305741737,0,,False,never,0,0.0,False,0.0,tier_b,B-16-20,CH-CR-CV-21,400,channel,cv,off
model,crossing,10.006820641392181,1.2073492869807758,230.98735822922583,starboard,,True,goal,False,False,55,33.15529565596297,-21.247940544139308,6,0,0,0,5,2.5409288170186084,0.0,0.0,0.0,1.926742866643821,0.7382401554655444,1.021190170527129,1.593916877032364,1.644352177072565,0,,False,crossing,14,0.0,False,0.0,tier_b,B-16-21,CH-CR-CV-22,401,channel,cv,off
model,crossing,9.999999999999998,0.26688103801279256,112.8397661250493,port,,True,goal,False,False,51,33.49324702391672,-49.52666422681845,9,15,0,0,15,1.2367398997781391,3.2755277635575024,0.0,0.0,6.042430954068226,0.752272045065607,0.9833225819008127,1.5961197013713417,0.7526917525513581,0,,False,crossing,15,1.0,True,0.0,tier_b,B-16-22,CH-CR-CV-23,402,channel,cv,off
model,crossing,10.165474974523638,0.10426642127155245,119.1068652339835,port,,False,collision:target,True,True,16,-324.45672159647336,-14.383307896706258,2,2,0,0,7,0.06903839742022551,0.40720339989525445,0.0,0.0,2.672424666665474,0.39878573623247976,0.5507512302130152,1.263482227455867,0.08640365445693154,0,,False,crossing,14,1.0,True,0.0,tier_b,B-16-23,CH-CR-CV-24,403,channel,cv,off
model,crossing,10.178999547545232,2.238643483346335,104.73853979375738,port,,True,goal,False,False,50,17.495164125013574,-32.22504410062668,10,6,0,0,5,5.239753456788039,0.5099981100128526,0.0,0.0,0.8363941877693931,0.7903821472709643,0.9838241175472812,3.8551473607224733,1.6402305243503783,0,,False,crossing,10,1.0,True,0.0,tier_b,B-16-24,CH-CR-CV-25,404,channel,cv,off
model,crossing,10.0,1.7576794906714601,263.5374447806733,starboard,,True,goal,False,False,56,89.30437923037911,-7.412743301782733,4,0,0,0,6,0.43833772000640486,0.0,0.0,0.0,1.1651047972780062,0.6845231051638784,0.9214112481283826,2.218338859587576,0.5974989781330879,0,,False,crossing,13,0.0,False,0.0,tier_b,B-16-25,CH-CR-CV-26,405,channel,cv,off
model,crossing,9.999999999999998,0.48139351042027295,233.4705182725595,starboard,,True,collision:boundary,True,False,73,-444.11005109423644,-9.722622056849703,1,3,0,0,5,0.19386927913277432,0.3501152145856998,0.0,0.0,1.5621997362096125,0.6585401924049142,0.9597480463673214,1.2516524158782016,2.234734713227728,0,,False,crossing,19,0.0,False,0.0,tier_b,B-16-26,CH-CR-CV-27,406,channel,cv,off
model,crossing,10.110082848279966,0.24469883193605102,228.4104033925705,starboard,,False,goal,False,False,57,39.385751887324254,-12.707045080558123,0,3,0,0,5,0.0,0.7366844649810134,0.0,0.0,2.013434884200468,0.7036239129049947,0.9890406616073905,0.9391899734063786,1.817683518875601,0,,False,crossing,17,0.0,False,0.0,tier_b,B-16-27,CH-CR-CV-28,407,channel,cv,off
model,crossing,9.196480467698114,0.5849246910545405,259.14518372097564,starboard,,True,collision:obstacle,True,False,39,-367.1090590250382,-17.87315037062894,3,5,0,0,7,0.6270522302909893,1.828883545205978,0.0,0.0,1.2702818404264338,0.5237255457989919,0.7950121214762246,1.7701316797724136,0.5863062000535391,0,,False,crossing,15,0.0,False,0.0,tier_b,B-16-28,CH-CR-CV-29,408,channel,cv,off
model,crossing,9.999999999999998,2.1524066152019046,205.54669302046628,starboard,,True,goal,False,False,57,97.22485318415603,-8.174048105235054,7,6,0,0,6,1.2125063380599646,0.0076773219764152065,0.0,0.0,0.47425310845666013,0.6840400065744938,0.9114023626809566,2.533489554157494,0.7745521150833446,0,,False,crossing,11,0.0,False,0.0,tier_b,B-16-29,CH-CR-CV-30,409,channel,cv,off
model,crossing,9.898470534491906,1.7463795832879023,271.30611762124954,starboard,,True,collision:obstacle,True,False,35,-357.77372230600224,-8.393406822926906,3,1,0,0,3,0.8279902891915031,0.5575165881656052,0.0,0.0,0.34114395111315976,0.6585434495754732,1.0124105769848786,2.9179681638217594,1.4725631886797501,0,,False,crossing,18,0.0,False,0.0,tier_b,B-16-30,CH-CR-CV-31,410,channel,cv,off
model,crossing,10.91879480985569,2.1432384483205467,101.15541791730382,port,,True,goal,False,False,59,35.50340674725423,-0.012996985905082975,0,0,0,0,1,0.0,0.0,0.0,0.0,0.002888219090018439,0.7211674701542788,0.9633029934340253,3.8267975150173714,2.1470568778062056,0,,False,crossing,5,1.0,True,0.0,tier_b,B-16-31,CH-CR-CV-32,411,channel,cv,off
model,crossing,11.094915866016438,0.2994711688082338,132.6606557363657,port,,True,goal,False,False,51,-9.52178507538018,-46.2376464378449,10,10,0,0,10,4.8995958793758,1.4981660599842694,0.0,0.0,3.2374944084472332,0.8090995786358715,1.0557647650960664,2.4312672862733895,2.5088506077030153,0,,False,crossing,10,1.0,True,0.0,tier_b,B-16-32,CH-CR-CV-33,412,channel,cv,off
model,crossing,10.0,1.7532649797502466,241.7818417891658,starboard,,False,goal,False,False,51,0.46000584193362215,-33.13494098346501,10,13,0,0,13,1.9841650663070065,1.621232537645855,0.0,0.0,3.3973828541996314,0.7584066880532138,0.9543278765670209,2.3435438363338945,1.0353668445516502,0,,False,crossing,13,0.0,False,0.0,tier_b,B-16-33,CH-CR-CV-34,413,channel,cv,off
model,crossing,10.01664309072254,1.0261492338391913,261.93636915640957,starboard,,False,collision:target,True,True,12,-319.6876118792927,-28.233973776937056,0,9,0,0,8,0.0,3.293857162461642,0.0,0.0,2.6509735161670944,0.5611155890522248,0.6531558580375093,1.765662039276803,0.21743682165945405,0,,False,crossing,9,0.0,False,0.0,tier_b,B-16-34,CH-CR-CV-35,414,channel,cv,off
model,crossing,9.999999999999998,1.518889135394239,105.11370708903516,port,,False,goal,False,False,51,58.8066282060121,-27.225766011457704,7,10,0,0,10,2.4585649947793087,1.0789849692756124,0.0,0.0,2.1588652643079658,0.7669205698786454,0.9847200222296745,2.8509221100225735,0.7064791838207417,0,,False,crossing,10,1.0,True,0.0,tier_b,B-16-35,CH-CR-CV-36,415,channel,cv,off
model,crossing,9.999999999999998,1.5014576189866102,120.41661239539377,port,,True,collision:boundary,True,False,73,-343.06847310379726,-7.479810977872699,5,0,0,0,6,0.4950960811918015,0.0,0.0,0.0,1.117574527994063,0.6475934902482479,0.9643992402599797,2.19684178178032,1.1454812155908616,0,,False,crossing,14,1.0,True,0.0,tier_b,B-16-36,CH-CR-CV-37,416,channel,cv,off
model,crossing,9.999999999999996,0.7207574307825326,253.0630401790325,starboard,,True,collision:target,True,True,15,-288.00552711606275,0.0,0,0,0,0,0,0.0,0.0,0.0,0.0,0.0,0.5689096906827128,0.6188867277320699,1.5240772182039286,0.33936400822866647,0,,False,never,0,0.0,False,0.0,tier_b,B-16-37,CH-CR-CV-38,417,channel,cv,off
model,crossing,10.02600502475258,2.381187756434547,200.88624317815578,starboard,,True,goal,False,False,51,68.91071084837205,-14.567402169481655,6,0,0,0,3,2.5733930369437874,0.0,0.0,0.0,0.40646814146886784,0.7531222011715304,0.9613859419640717,2.63002255417572,0.5247295722754711,0,,False,crossing,13,0.0,False,0.0,tier_b,B-16-38,CH-CR-CV-39,418,channel,cv,off
model,crossing,10.332651799534627,1.1017269909101186,114.68523931214582,port,,True,goal,False,False,57,74.3571405739882,0.0,0,0,0,0,0,0.0,0.0,0.0,0.0,0.0,0.69291439979443,0.9777565608026841,2.028604538979678,1.4108255446089666,0,,False,never,0,0.0,False,0.0,tier_b,B-16-39,CH-CR-CV-40,419,channel,cv,off
model,crossing,10.032444903732424,1.2942781848859106,151.69263570253906,port,,True,goal,False,False,54,84.90859168260187,-16.130432758888563,10,9,0,0,10,2.1317884728121173,0.1205635484825289,0.0,0.0,1.106953389662236,0.7160057267118174,0.954245654077158,2.5410496077561184,0.7772741601629571,0,,False,crossing,10,1.0,True,0.0,tier_b,B-17-00,CH-CR-RE-01,420,channel,re,off
model,crossing,10.403832354744322,1.6530405748784907,79.9934803077295,port,,True,goal,False,False,66,63.224502803377405,-12.431162931609972,11,0,0,0,6,2.2006266321367867,0.0,0.0,0.0,0.3417913561184174,0.594851725700744,0.9231079826458678,3.026698634333341,1.059873203344982,0,,False,crossing,19,0.7368421052631579,True,0.0,tier_b,B-17-01,CH-CR-RE-02,421,channel,re,off
model,crossing,9.999999999999998,0.2896347324665452,126.73482235514268,port,,False,goal,False,False,67,67.06960046868747,-1.0061238622474273,0,0,0,0,1,0.0,0.0,0.0,0.0,0.22358308049942832,0.5901763913029242,0.8790444842638565,2.090957606242203,1.409875414247269,0,,False,crossing,9,1.0,True,0.0,tier_b,B-17-02,CH-CR-RE-03,422,channel,re,off
model,crossing,9.999999999999998,0.209623801767847,131.64426551627352,port,,True,collision:obstacle,True,False,31,-354.36805558511827,-6.090485617213458,2,0,0,0,3,0.4275429375563021,0.0,0.0,0.0,0.883144016957725,0.4279720609296823,0.5592663651844608,2.0704420019047496,0.5850625214795312,0,,False,crossing,18,1.0,True,0.0,tier_b,B-17-03,CH-CR-RE-04,423,channel,re,off
model,crossing,9.539793380884474,0.41129528363474,108.73690361702447,port,,True,collision:obstacle,True,False,28,-372.13019962287837,-24.74338622495695,10,15,0,0,15,1.2987363889639023,0.953547027052628,0.0,0.0,3.0210185145944717,0.7782812796553268,0.9272645389264851,2.5012292182266442,0.4126313186771249,0,,False,crossing,15,1.0,True,0.0,tier_b,B-17-04,CH-CR-RE-05,424,channel,re,off
model,crossing,10.38766214327222,0.4364329695009053,97.93275583795887,port,,True,goal,False,False,64,102.5879212678182,-4.748096023493262,3,0,0,0,3,0.6513764493142727,0.0,0.0,0.0,0.3386183554194691,0.6142385524336242,0.8198226257824021,2.8550799295173137,1.2897481934142114,0,,False,crossing,22,1.0,True,0.0,tier_b,B-17-05,CH-CR-RE-06,425,channel,re,off
model,crossing,9.741659449514597,0.03992098465791988,93.94729219073326,port,,False,goal,False,False,60,84.30154783933526,-1.6123462858415627,1,0,0,0,1,0.006096693314832362,0.0,0.0,0.0,0.35159281198514275,0.6486534808255177,0.9050309591456279,4.072667444063717,1.184832605845111,0,,False,crossing,20,1.0,True,0.0,tier_b,B-17-06,CH-CR-RE-07,426,channel,re,off
model,crossing,10.277468321947957,2.464109586132116,83.41219642650691,port,,True,goal,False,False,56,112.42089973988091,-11.225689273190634,4,5,0,0,2,1.643617022732155,0.3581516057736406,0.0,0.0,0.2926521249082101,0.6878271278475125,0.8864859323492476,3.297557894923007,0.5329448790844652,0,,False,crossing,7,1.0,True,0.0,tier_b,B-17-07,CH-CR-RE-08,427,channel,re,off
model,crossing,10.0,0.5691408870417345,199.64406764820257,starboard,,False,goal,False,False,59,56.06667496154717,-18.469425557387453,7,7,0,0,8,2.5172496602360837,0.05840062306076091,0.0,0.0,1.271101478904016,0.6898001036221546,0.9495603712656046,2.40728571574468,1.6924959535300375,0,,False,crossing,8,0.0,False,0.0,tier_b,B-17-08,CH-CR-RE-09,428,channel,re,off
model,crossing,9.999999999999998,0.8249627377553983,210.82299004368855,starboard,,False,goal,False,False,50,-11.331819265206363,-30.531457523856517,13,4,0,0,9,5.563208105579677,0.00935596350302052,0.0,0.0,0.6549478626438135,0.7996176095115091,0.9857010422586128,2.7440483300593987,2.236510366041977,0,,False,crossing,13,0.0,False,0.0,tier_b,B-17-09,CH-CR-RE-10,429,channel,re,off
model,crossing,10.461119850872803,0.2691420095802785,158.79530086452223,port,,False,goal,False,False,53,48.52322820933192,-19.855614491817388,11,11,0,0,11,3.1684833077507744,0.13439668569927493,0.0,0.0,0.7791907831643655,0.7512069994585501,0.9751633533797681,2.6258389622461054,1.7110550669881797,0,,False,crossing,11,1.0,True,0.0,tier_b,B-17-10,CH-CR-RE-11,430,channel,re,off
model,crossing,9.999999999999998,1.8303027036780393,282.35571102432937,starboard,,True,goal,False,False,54,15.667796362194991,-0.3850190568774044,0,0,0,0,2,0.0,0.0,0.0,0.0,0.08555979041720098,0.7590860800378343,1.0306563598938365,3.0747485706937794,2.118750790907876,0,,False,crossing,15,0.0,False,0.0,tier_b,B-17-11,CH-CR-RE-12,431,channel,re,off
model,crossing,10.045656895937908,1.0561252182619496,104.19748519670226,port,,True,goal,False,False,61,50.48349897526408,-2.212868696444035,2,0,0,0,1,0.35331376015605265,0.0,0.0,0.0,0.1031034630381277,0.6689031415575161,0.9422645239770118,2.0915776780994233,1.7520706683939713,0,,False,crossing,21,1.0,True,0.0,tier_b,B-17-12,CH-CR-RE-13,432,channel,re,off
model,crossing,9.341069438347098,0.5467918540043817,100.41428502966212,port,,True,goal,False,False,57,33.90431994291687,-15.4123051312285,8,2,0,0,3,1.9300454488552274,0.8676481612781904,0.0,0.0,0.3474937246817956,0.6827661493897595,0.9482406515857348,4.651057260812057,1.2856858878742587,0,,False,crossing,25,1.0,True,0.0,tier_b,B-17-13,CH-CR-RE-14,433,channel,re,off
model,crossing,9.999999999999996,1.7875482126561177,90.97813427056361,port,,True,goal,False,False,61,60.437906097120354,-4.133072048715554,8,0,0,0,1,0.833633519065222,0.0,0.0,0.0,0.0014635842983788231,0.6527669081020221,0.9707026142700066,4.087959758403019,1.6691985252283976,0,,False,crossing,22,1.0,True,0.0,tier_b,B-17-14,CH-CR-RE-15,434,channel,re,off
model,crossing,9.765986862796597,1.5784101614043167,103.93702228032436,port,,True,goal,False,False,62,115.22170423580543,-3.126206284641412,3,0,0,0,4,0.2023770057309559,0.0,0.0,0.0,0.47209780139404006,0.6248800084245298,0.794924511510515,2.2577813095959955,0.7915246911084844,0,,False,crossing,19,1.0,True,0.0,tier_b,B-17-15,CH-CR-RE-16,435,channel,re,off
model,crossing,9.556140928413907,2.123531315453154,260.4234362826908,starboard,,True,goal,False,False,58,115.1639221252185,-1.3458887694512305,0,0,0,0,2,0.0,0.0,0.0,0.0,0.2990863932113845,0.6717410677727531,0.9130768987665909,3.2676841374014898,0.8233618282570572,0,,False,crossing,16,0.0,False,0.0,tier_b,B-17-16,CH-CR-RE-17,436,channel,re,off
model,crossing,10.217995387733058,1.3314203302408643,83.77046926715254,port,,True,goal,False,False,57,25.68634728107206,-1.0812645105044396,0,0,0,0,1,0.0,0.0,0.0,0.0,0.2402810023343199,0.7159539788782425,0.9934409135784761,4.300854940111804,2.369838544562514,0,,False,crossing,15,1.0,True,0.0,tier_b,B-17-17,CH-CR-RE-18,437,channel,re,off
model,crossing,10.207378360449392,1.5844336201437557,125.92517244226904,port,,True,goal,False,False,60,113.86047460581416,0.0,0,0,0,0,0,0.0,0.0,0.0,0.0,0.0,0.6653224244260248,0.8392160405722653,2.9125151807019987,1.2689052375547487,0,,False,never,0,0.0,False,0.0,tier_b,B-17-18,CH-CR-RE-19,438,channel,re,off
model,crossing,9.999999999999998,0.3727159733997451,130.07046770830436,port,,False,goal,False,False,53,60.912081235881224,-39.95883324106373,12,9,0,0,13,5.922841713190553,0.09084030139841379,0.0,0.0,2.2646905041885197,0.7289350227312561,0.9174309593219598,2.5188662823238115,0.7196245155762271,0,,False,crossing,13,1.0,True,0.0,tier_b,B-17-19,CH-CR-RE-20,439,channel,re,off
model,crossing,9.999999999999996,0.8984139093786236,98.7509455568568,port,,True,goal,False,False,62,76.36887288031186,-0.3809558303768854,2,0,0,0,0,0.07696077381351218,0.0,0.0,0.0,0.0,0.6494098115240593,0.8899331928301129,3.9593394139297495,1.4245944918557203,0,,False,crossing,20,1.0,True,0.0,tier_b,B-17-20,CH-CR-RE-21,440,channel,re,off
model,crossing,9.896901076331547,0.4560571781070477,86.4935881067928,port,,True,goal,False,False,61,46.67615679201286,-24.59300253065842,10,4,0,0,0,2.8942631946873947,2.0740201448395585,0.0,0.0,0.0,0.6469197755549723,0.9247111120053746,2.8644370746495422,1.5297379659105963,0,,False,crossing,30,1.0,True,0.0,tier_b,B-17-21,CH-CR-RE-22,441,channel,re,off
model,crossing,9.805841980493193,0.5489317560852656,92.94542157554166,port,,True,goal,False,False,60,29.819712117135225,-25.630903498428953,14,4,0,0,3,3.622097686973062,1.4926995869355775,0.0,0.0,0.06947933168470713,0.6531605483389125,1.0137964881627244,3.0310918582263575,1.437006612306939,0,,False,crossing,32,1.0,True,0.0,tier_b,B-17-22,CH-CR-RE-23,442,channel,re,off
model,crossing,9.999999999999998,0.4857658445129803,104.69842530285237,port,,True,goal,False,False,63,59.53345936642175,-2.778136126192825,5,0,0,0,2,0.3734170670768681,0.0,0.0,0.0,0.20660480981385043,0.6264261766819131,0.8911949159394461,2.9675134485319004,1.2819869517436198,0,,False,crossing,15,1.0,True,0.0,tier_b,B-17-23,CH-CR-RE-24,443,channel,re,off
model,crossing,10.03849068308839,0.580869995113466,139.7673374732422,port,,True,goal,False,False,62,120.56765668361169,0.0,0,0,0,0,0,0.0,0.0,0.0,0.0,0.0,0.638248482700161,0.7642219635761958,2.4826379381438404,1.2221813384539224,0,,False,never,0,0.0,False,0.0,tier_b,B-17-24,CH-CR-RE-25,444,channel,re,off
model,crossing,10.011622137361226,1.345087842694265,102.32646836446386,port,,True,goal,False,False,67,124.91620421569831,-10.69936584045426,6,0,0,0,4,1.5852145036536198,0.0,0.0,0.0,0.633900899415298,0.5750028979304952,0.745567385351225,3.30042143060073,0.4673123129712368,0,,False,crossing,15,1.0,True,0.0,tier_b,B-17-25,CH-CR-RE-26,445,channel,re,off
model,crossing,9.713310792946782,1.0210054724874489,256.7080465087272,starboard,,True,collision:target,True,True,39,-337.0709410371393,-36.42667793826142,8,10,0,0,9,3.2301506126746085,2.980480355614335,0.0,0.0,1.2631232544958124,0.7036386940934997,0.9707836666030382,1.036890676515513,1.080800504503709,0,,False,crossing,28,0.0,False,0.0,tier_b,B-17-26,CH-CR-RE-27,446,channel,re,off
model,crossing,10.0,1.4984253593144752,260.33486387927996,starboard,,True,goal,False,False,56,44.40030932022485,-1.3873532013269023,3,0,0,0,3,0.20552708841350836,0.0,0.0,0.0,0.08222091415111908,0.6997296086361068,0.9452845532374309,3.0524238002488664,1.2905661681986904,0,,False,crossing,13,0.0,False,0.0,tier_b,B-17-27,CH-CR-RE-28,447,channel,re,off
model,crossing,10.050330900930271,2.353396912113235,169.59944517726788,port,,True,goal,False,False,52,69.49063943406526,-28.927297328612564,10,0,0,0,2,5.520616102855183,0.0,0.0,0.0,0.3556105821065363,0.744774687638825,0.939061241860867,3.23943180864252,0.7403001012975795,0,,False,crossing,11,1.0,True,0.0,tier_b,B-17-28,CH-CR-RE-29,448,channel,re,off
model,crossing,9.553583296279461,1.7550839660311657,103.50513296982905,port,,True,collision:target,True,True,39,-425.44764687583097,-98.83187358208465,18,10,0,0,17,13.069320705491688,2.4356522967774565,0.0,0.0,5.099095002804306,0.6994234888198391,0.9954194628592736,1.390170849719748,1.790584523004631,0,,False,crossing,29,0.0,False,0.0,tier_b,B-17-29,CH-CR-RE-30,449,channel,re,off
model,crossing,10.365636036180952,0.8420630343144048,164.96252725909488,port,,False,goal,False,False,48,4.165499517807774,-44.688558989100045,13,5,0,0,12,7.09216151182761,0.06662370569186454,0.0,0.0,2.0561271471952556,0.8222325228207273,1.0152773290616912,2.4075337598618365,1.9527637357479546,0,,False,crossing,13,1.0,True,0.0,tier_b,B-17-30,CH-CR-RE-31,450,channel,re,off
model,crossing,10.0,0.655812898662872,88.91048160485042,port,,True,goal,False,False,67,-10.60944665040094,-29.885864393874016,13,0,0,0,2,5.930890010763019,0.0,0.0,0.0,0.11732418679934763,0.6116867651836847,0.996771317833694,3.145048028574472,1.927522696832421,0,,False,crossing,35,1.0,True,0.0,tier_b,B-17-31,CH-CR-RE-32,451,channel,re,off
model,crossing,9.857950269228823,0.012513022187234657,287.72434676131627,starboard,,False,goal,False,False,53,72.14350008999862,-0.9480898885465456,0,1,0,0,2,0.0,0.10242769380215665,0.0,0.0,0.09801617871686004,0.7312889071017077,0.954350424233217,2.555127679304181,1.3533521358402123,0,,False,overtaking,7,0.0,False,0.0,tier_b,B-17-32,CH-CR-RE-33,452,channel,re,off
model,crossing,9.999999999999996,0.7575551959410318,80.79858049917256,port,,True,goal,False,False,52,42.478447166309515,-52.03604750854856,12,24,29,0,14,1.3852430277709773,1.226614115751273,9.809998246193832,0.0,0.8425246581812514,0.7321426860248296,0.8782529635843057,2.219051306901482,0.9321581998313783,0,,False,overtaking,29,0.0,False,0.0,tier_b,B-17-33,CH-CR-RE-34,453,channel,re,off
model,crossing,9.999999999999996,0.2613821639448691,132.66302036200446,port,,True,goal,False,False,53,72.58246702618483,0.0,0,0,0,0,0,0.0,0.0,0.0,0.0,0.0,0.7507634789591029,1.0245822851574866,2.4329057027381107,1.9063606969553655,0,,False,never,0,0.0,False,0.0,tier_b,B-17-34,CH-CR-RE-35,454,channel,re,off
model,crossing,10.143511702745936,1.705619958133799,246.1961839587313,starboard,,True,goal,False,False,59,92.59896604497068,0.0,0,0,0,0,0,0.0,0.0,0.0,0.0,0.0,0.6747717358816302,0.9312747407905113,3.214549289200953,1.2687567661514108,0,,False,never,0,0.0,False,0.0,tier_b,B-17-35,CH-CR-RE-36,455,channel,re,off
model,crossing,10.673743517747731,1.773987213896876,104.60632309410593,port,,True,goal,False,False,60,63.33578449860265,-1.1696140842801168,7,0,0,0,3,0.11880647267111973,0.0,0.0,0.0,0.12922712101290532,0.6857212486661322,0.904175189530152,3.9462515918166483,2.335716427303203,0,,False,crossing,11,0.5454545454545454,True,0.0,tier_b,B-17-36,CH-CR-RE-37,456,channel,re,off
model,crossing,9.999999999999998,1.593544391828022,271.3226415550648,starboard,,True,goal,False,False,57,-3.83405242391693,-4.254441941966064,5,0,0,0,3,0.7432577562766747,0.0,0.0,0.0,0.1278480107547832,0.72928969271677,1.0109805457150003,3.019638491314965,1.8489317225376043,0,,False,crossing,22,0.0,False,0.0,tier_b,B-17-37,CH-CR-RE-38,457,channel,re,off
model,crossing,9.999999999999998,0.15663184116043033,230.76844115162385,starboard,,True,goal,False,False,56,16.207603529696513,-12.906510760170374,6,0,0,0,3,1.779227713657797,0.0,0.0,0.0,0.9109630172365064,0.6989467747602548,0.9651744706374594,2.52697636997435,1.279416089425407,0,,False,crossing,19,0.0,False,0.0,tier_b,B-17-38,CH-CR-RE-39,458,channel,re,off
model,crossing,10.627674372733418,1.3693303639455499,259.10184440537046,starboard,,True,goal,False,False,62,108.63034664504129,-4.784247658687358,4,0,0,0,5,0.3715048736580581,0.0,0.0,0.0,0.6545107853511044,0.631803463185086,0.9214558185148665,3.0714186299562813,0.6885459608917107,0,,False,crossing,16,0.0,False,0.0,tier_b,B-17-39,CH-CR-RE-40,459,channel,re,off
model,crossing,10.096982588173823,2.4373061035910357,249.01169408230123,starboard,,True,goal,False,False,55,96.56294048738424,-9.300520143257165,4,0,0,0,6,0.8912918080971013,0.0,0.0,0.0,1.0863612651503365,0.7015665461291004,0.9365437001119142,2.452179698143893,0.706853421621211,0,,False,crossing,10,0.0,False,0.0,tier_b,B-18-00,CH-CR-NC-01,460,channel,nc,off
model,crossing,10.230458144613126,0.18862936319840817,72.27943745748438,port,,True,goal,False,False,66,40.68966998833031,-5.149083764656124,0,1,0,0,5,0.0,0.5852470287480606,0.0,0.0,0.5004691049673831,0.6311057425750635,0.9992204043942601,2.5317610481887853,2.1384536185523544,0,,False,crossing,25,1.0,True,0.0,tier_b,B-18-01,CH-CR-NC-02,461,channel,nc,off
model,crossing,9.999999999999996,0.5605275371573382,236.6996861183659,starboard,,True,goal,False,False,62,91.73739101002404,-12.188977788440388,3,0,0,0,7,0.19941922225013747,0.0,0.0,0.0,2.48930058628938,0.634948903650011,0.9023121610737062,1.6749419785844695,0.8941592090853907,0,,False,crossing,16,0.0,False,0.0,tier_b,B-18-02,CH-CR-NC-03,462,channel,nc,off
model,crossing,10.0,1.6069779417303356,261.56184260795754,starboard,,True,goal,False,False,55,50.65708454911426,-2.7891545467108667,0,0,0,0,3,0.0,0.0,0.0,0.0,0.6198121214913037,0.7219792993660241,1.0130697791787249,2.7212265628313976,1.5798625703280829,0,,False,crossing,15,0.0,False,0.0,tier_b,B-18-03,CH-CR-NC-04,463,channel,nc,off
model,crossing,10.120533011347693,1.6766355323311828,193.6785911758891,starboard,,True,goal,False,False,55,45.982545291946536,-41.67691634730699,13,1,0,0,6,7.694422991712413,0.0011374480317066142,0.0,0.0,0.7964204823496879,0.7300412404367224,0.9654951800591534,2.807120039929465,1.265447277804173,0,,False,crossing,15,0.0,False,0.0,tier_b,B-18-04,CH-CR-NC-05,464,channel,nc,off
model,crossing,9.989627893115838,2.2714383827594067,279.611928047069,starboard,,True,goal,False,False,53,46.68198150804174,-2.0208553822131066,2,0,0,0,2,0.04173842931413883,0.0,0.0,0.0,0.4031667015795822,0.7283462212477352,1.0619344881752515,3.232833408058488,1.3486844783893623,0,,False,crossing,14,0.0,False,0.0,tier_b,B-18-05,CH-CR-NC-06,465,channel,nc,off
model,crossing,10.33517370421339,1.5488416180659428,246.68321653544996,starboard,,True,goal,False,False,57,70.2291335396083,-11.245783053015483,6,0,0,0,5,1.4316390561692278,0.0,0.0,0.0,0.9242599388839563,0.6912935013466432,1.0205267590040445,1.7852714321100343,1.0696537611492802,0,,False,crossing,14,0.0,False,0.0,tier_b,B-18-06,CH-CR-NC-07,466,channel,nc,off
model,crossing,9.80488889893383,2.029277601006364,254.0894488282647,starboard,,True,goal,False,False,48,45.56393799990095,-6.2547526564472715,2,10,0,0,4,0.4336673671258483,0.4633163200949672,0.0,0.0,0.40326297882316314,0.8035371909925192,1.0102850688414096,2.6463901472673186,1.0474116094246084,0,,False,crossing,10,0.0,False,0.0,tier_b,B-18-07,CH-CR-NC-08,467,channel,nc,off
model,crossing,9.999999999999996,0.8940453944354199,90.77842404716579,port,,False,collision:obstacle,True,False,20,-395.98999908714256,-67.27856359056449,10,12,0,0,12,5.709537576624374,3.73467284119339,0.0,0.0,4.56216044941479,0.6821748488937708,0.851228615515519,2.383277053497281,0.5920857376456783,0,,False,crossing,12,1.0,True,0.0,tier_b,B-18-08,CH-CR-NC-09,468,channel,nc,off
model,crossing,10.0,1.487359367920712,96.18257069179411,port,,False,collision:target,True,True,16,-320.95413829668064,-21.687193657005807,1,12,0,0,3,0.34839128710769407,3.5245051445567963,0.0,0.0,0.5591902933925739,0.6750999191438293,0.8154871567786177,1.1458826794875825,0.6012070907485779,0,,False,crossing,13,1.0,True,0.0,tier_b,B-18-09,CH-CR-NC-10,469,channel,nc,off
model,crossing,9.871011581374821,0.5560250340115364,105.04257827061352,port,,True,goal,False,False,67,107.57529490788116,-20.49803592998839,7,5,0,0,8,1.386668085289908,1.2395922591485524,0.0,0.0,1.6662327166706687,0.5783869631043118,0.7057191344165126,1.2716946020010995,0.7755875300694671,0,,False,crossing,18,1.0,True,0.0,tier_b,B-18-10,CH-CR-NC-11,470,channel,nc,off
model,crossing,10.0,0.3350854099220943,112.45241001005,port,,False,collision:target,True,True,12,-327.8657205573294,-33.70011126801841,4,8,0,0,10,0.1561116433959195,2.4601974105576723,0.0,0.0,4.610973655766251,0.575758176641372,0.757043442280149,1.7643611698539046,0.032511923973352716,0,,False,crossing,10,1.0,True,0.0,tier_b,B-18-11,CH-CR-NC-12,471,channel,nc,off
model,crossing,10.25869037419384,1.6049202117195027,75.47191122464527,port,,True,goal,False,False,66,97.22665462652631,-10.95146440529821,8,1,0,0,4,1.0268370542413539,0.8171546443698287,0.0,0.0,0.4052678882606342,0.5832886589641089,0.833400853576362,3.161339012270329,0.7857061916323188,0,,False,crossing,24,0.8333333333333334,True,0.0,tier_b,B-18-12,CH-CR-NC-13,472,channel,nc,off
model,crossing,10.40528420556436,2.3839008376055872,258.2686201317189,starboard,,True,goal,False,False,54,63.552416569879085,-11.825461832595614,5,0,0,0,6,1.2444735928216273,0.0,0.0,0.0,1.258959455139679,0.7252259859510084,1.0133306309754775,2.445607100195619,1.1853056563257023,0,,False,crossing,14,0.0,False,0.0,tier_b,B-18-13,CH-CR-NC-14,473,channel,nc,off
model,crossing,10.0,1.639282222318936,80.31698153157868,port,,True,goal,False,False,71,117.52846642906114,-7.3926923215936755,12,0,0,0,6,1.0079920883531517,0.0,0.0,0.0,0.5340292187212389,0.5499177437634521,0.7719747674086989,2.8771106451609265,0.6995807529271747,0,,False,crossing,23,0.9130434782608695,True,0.0,tier_b,B-18-14,CH-CR-NC-15,474,channel,nc,off
model,crossing,10.084663219244844,1.8966245177340153,120.89376087678897,port,,True,goal,False,False,55,79.10606287637309,0.0,0,0,0,0,0,0.0,0.0,0.0,0.0,0.0,0.7245954128915507,0.9551443025617952,2.408539121454109,1.7603780090188292,0,,False,never,0,0.0,False,0.0,tier_b,B-18-15,CH-CR-NC-16,475,channel,nc,off
model,crossing,9.170477809113882,2.199785674415092,207.75496942975678,starboard,,True,goal,False,False,54,48.54514466727951,-26.189441606743348,10,3,0,0,5,4.71238707960147,0.02124346680948349,0.0,0.0,0.6128823115575833,0.7245793489934984,0.9720465691113959,3.3341507024560957,1.1040556593685475,0,,False,crossing,13,0.0,False,0.0,tier_b,B-18-16,CH-CR-NC-17,476,channel,nc,off
model,crossing,9.999999999999996,2.23788328628969,112.45113624889038,port,,True,goal,False,False,59,61.04566865840634,-0.4977013516580257,0,0,0,0,1,0.0,0.0,0.0,0.0,0.11060030036845016,0.7077658364429295,0.928861866623596,3.433083336034697,2.49532078656364,0,,False,crossing,5,1.0,True,0.0,tier_b,B-18-17,CH-CR-NC-18,477,channel,nc,off
model,crossing,9.52350209495717,1.7918558631465618,277.972003869809,starboard,,True,goal,False,False,54,39.80194329506112,-2.5182250838736713,0,0,0,0,4,0.0,0.0,0.0,0.0,0.5596055741941492,0.7291070252383904,1.0411359859631957,2.9743601541166034,1.3220180660636316,0,,False,crossing,15,0.0,False,0.0,tier_b,B-18-18,CH-CR-NC-19,478,channel,nc,off
model,crossing,11.079880984547893,2.143370505413022,277.23846477765125,starboard,,True,goal,False,False,58,85.4011585819567,0.0,0,0,0,0,0,0.0,0.0,0.0,0.0,0.0,0.6837518915062034,0.9452979826885657,3.757640441467788,1.6071290853075497,0,,False,crossing,18,0.0,False,0.0,tier_b,B-18-19,CH-CR-NC-20,479,channel,nc,off
model,crossing,9.38635474088374,0.493358430148024,97.62277272816647,port,,True,goal,False,False,62,36.1846940292566,-6.224422135991616,0,1,0,0,4,0.0,0.3758077439350105,0.0,0.0,0.9698164007807363,0.6469431362084803,0.960245236538707,1.7570764310125586,1.5765682187561865,0,,False,crossing,16,1.0,True,0.0,tier_b,B-18-20,CH-CR-NC-21,480,channel,nc,off
model,crossing,10.00089866026257,2.177843422527538,148.09389521242662,port,,True,goal,False,False,51,11.838539148430954,-31.207786048950556,10,6,0,0,9,5.4678282444853785,0.04158348371758458,0.0,0.0,0.8747106654101975,0.7763875432049471,1.0506929954082695,2.8443464697929857,1.6560134959553112,0,,False,crossing,14,1.0,True,0.0,tier_b,B-18-21,CH-CR-NC-22,481,channel,nc,off
model,crossing,10.0,2.2532271112099638,96.55621463418686,port,,True,goal,False,False,64,96.45887875166521,-5.753236903700927,8,0,0,0,1,1.161032308598862,0.0,0.0,0.0,0.0013615502525686728,0.6031520483621331,0.8324494721940231,3.3074202625247944,0.697991450409873,0,,False,crossing,13,1.0,True,0.0,tier_b,B-18-22,CH-CR-NC-23,482,channel,nc,off
model,crossing,10.333495543590509,1.0785492496493168,165.4520628173031,port,,True,goal,False,False,55,51.173245861429635,-58.69638690387052,11,7,0,0,13,8.804978644133609,0.22198124301515132,0.0,0.0,3.113985658329808,0.7073449916241537,0.9236572345767049,2.2684463226824882,0.792519308125759,0,,False,crossing,14,1.0,True,0.0,tier_b,B-18-23,CH-CR-NC-24,483,channel,nc,off
model,crossing,10.0,2.2324311641628753,270.24292846985963,starboard,,True,collision:obstacle,True,False,23,-353.4025415648262,-5.348766020356482,5,0,0,0,3,0.7937670915907722,0.0,0.0,0.0,0.31547087044048,0.4236531693960626,0.5586362600596093,2.8983607585261613,0.18607119832452718,0,,False,crossing,11,0.0,False,0.0,tier_b,B-18-24,CH-CR-NC-25,484,channel,nc,off
model,crossing,10.376209911594747,1.1327718939395215,83.30150631928323,port,,False,goal,False,False,48,39.21077109147243,-26.64151282504794,0,9,0,0,7,0.0,3.508551073037795,0.0,0.0,2.060930003002411,0.8027920103009695,0.9965503628774769,1.4041346719187335,1.1316293403430902,0,,False,crossing,9,1.0,True,0.0,tier_b,B-18-25,CH-CR-NC-26,485,channel,nc,off
model,crossing,9.691830656271154,0.008491864964993157,252.82125986408926,starboard,,True,goal,False,False,65,112.30914688591294,-6.6428561439867675,0,2,0,0,5,0.0,0.784388446217637,0.0,0.0,0.6133629633798806,0.5999433945873837,0.8554206777755965,1.7495605889407373,0.8835235687463838,0,,False,crossing,11,0.0,False,0.0,tier_b,B-18-26,CH-CR-NC-27,486,channel,nc,off
model,crossing,10.0,1.4435767633251495,240.09587512844007,starboard,,True,collision:target,True,True,17,-286.7425443855537,0.0,0,0,0,0,0,0.0,0.0,0.0,0.0,0.0,0.6173224626865428,0.6777877700481528,1.5585157334861592,0.46393144140517784,0,,False,never,0,0.0,False,0.0,tier_b,B-18-27,CH-CR-NC-28,487,channel,nc,off
model,crossing,10.0,0.6486183284545449,200.23095550430182,starboard,,False,goal,False,False,47,-27.561302908609676,-37.52035437608606,7,3,0,0,7,5.739144722394217,0.03132871237471116,0.0,0.0,1.9903357497733052,0.8585850130407857,0.9866269854144222,2.1201867052879275,1.0436564610290258,0,,False,crossing,7,0.0,False,0.0,tier_b,B-18-28,CH-CR-NC-29,488,channel,nc,off
model,crossing,10.0,0.15458308923405523,251.8059400117267,starboard,,True,goal,False,False,61,38.545678036549944,-4.9352186860700895,1,0,0,0,3,0.07470324803727303,0.0,0.0,0.0,1.0145416907301306,0.6508650260567685,0.9320734687897058,1.5322815959870335,1.025538320644117,0,,False,crossing,19,0.0,False,0.0,tier_b,B-18-29,CH-CR-NC-30,489,channel,nc,off
model,crossing,10.465219517731311,1.903477610200674,114.42610481038736,port,,True,goal,False,False,56,72.81649158800727,0.0,0,0,0,0,0,0.0,0.0,0.0,0.0,0.0,0.7022957374518098,0.9567767717086191,2.9507002226860912,1.3840215240337073,0,,False,never,0,0.0,False,0.0,tier_b,B-18-30,CH-CR-NC-31,490,channel,nc,off
model,crossing,9.999999999999998,1.8674390403958552,142.51632143923706,port,,True,goal,False,False,45,-8.936772072894883,-27.543666788619667,11,4,0,0,5,4.652133243623052,0.04702130678891493,0.0,0.0,0.9517448364623178,0.8660747640568723,1.0444551291580535,3.1633504246048294,2.0380320789022357,0,,False,crossing,11,1.0,True,0.0,tier_b,B-18-31,CH-CR-NC-32,491,channel,nc,off
model,crossing,9.999999999999998,2.283707904880839,260.22764068647007,starboard,,True,goal,False,False,60,121.4462315887383,0.0,0,0,0,0,0,0.0,0.0,0.0,0.0,0.0,0.6545739399578893,0.8705128524061073,3.1398230523551502,0.8778955666565796,0,,False,crossing,10,0.0,False,0.0,tier_b,B-18-32,CH-CR-NC-33,492,channel,nc,off
model,crossing,9.999999999999998,1.826132245476665,269.43712513022115,starboard,,True,goal,False,False,58,55.542737961832636,-0.7994968846720651,1,0,0,0,1,0.14071916978133395,0.0,0.0,0.0,0.02287488761210268,0.6835704392599579,1.0253289342724223,3.4332382467762037,1.170237822144056,0,,False,crossing,20,0.0,False,0.0,tier_b,B-18-33,CH-CR-NC-34,493,channel,nc,off
model,crossing,9.999999999999998,0.7286889367192464,239.76411050547767,starboard,,True,goal,False,False,60,78.16504309761771,-13.38949256067889,1,6,0,0,8,0.025180316981244167,0.8817730910648975,0.0,0.0,1.9777940424112195,0.68157435946854,0.9213241973819337,0.9386995966882111,1.6702570140737059,0,,False,crossing,19,0.0,False,0.0,tier_b,B-18-34,CH-CR-NC-35,494,channel,nc,off
model,crossing,9.760709998378125,0.6966617910576528,284.5629319061185,starboard,,True,goal,False,False,63,62.32984680799882,-6.22632401014702,0,1,0,0,2,0.0,0.6483135044167725,0.0,0.0,0.6704827029519991,0.6326342415801522,0.9565360268490202,1.974445932491848,1.1184079970471474,0,,False,crossing,15,0.0,False,0.0,tier_b,B-18-35,CH-CR-NC-36,495,channel,nc,off
model,crossing,10.0,0.6328402489969476,86.54792639553591,port,,True,goal,False,False,70,106.49796577342019,-3.751989145681273,3,0,0,0,6,0.032402799250344866,0.0,0.0,0.0,0.7981322865315701,0.558633089412903,0.8071916559793474,2.442652176608682,0.8782116708949138,0,,False,crossing,22,1.0,True,0.0,tier_b,B-18-36,CH-CR-NC-37,496,channel,nc,off
model,crossing,10.054465628799555,1.0793549328252519,133.7984218058873,port,,False,goal,False,False,51,-8.065122553075014,-62.42913753566427,15,9,0,0,9,9.919868299951137,0.3867316761481269,0.0,0.0,2.5358817008828627,0.7871360428969368,0.9654350824809211,3.3232428545617116,2.017606423460856,0,,False,crossing,15,1.0,True,0.0,tier_b,B-18-37,CH-CR-NC-38,497,channel,nc,off
model,crossing,10.045978558751049,2.0712282718954764,291.44065707012226,starboard,,True,goal,False,False,60,67.41794992470832,-3.8005845200704975,3,0,0,0,0,0.7677948525394943,0.0,0.0,0.0,0.0,0.6525052779216137,0.9236984509941205,3.7130037086718044,0.9143371588161262,0,,False,crossing,20,0.0,False,0.0,tier_b,B-18-38,CH-CR-NC-39,498,channel,nc,off
model,crossing,10.192515747177305,0.4442953880563588,93.97645296752279,port,,True,goal,False,False,65,16.28891923348276,-3.512422483370444,0,0,0,0,2,0.0,0.0,0.0,0.0,0.7805383296378765,0.6445584637343758,0.943576683812253,1.6123863177926603,1.8914502795802957,0,,False,crossing,14,1.0,True,0.0,tier_b,B-18-39,CH-CR-NC-40,499,channel,nc,off
model,overtaking,10.018472917646436,1.8890794814792784,1.5767284165258655,,,,goal,False,False,55,87.17598273245649,-15.526498316387126,10,0,0,0,0,3.1366663265428536,0.0,0.0,0.0,0.0,0.7028683494428907,0.9957689919458076,3.563232650613101,1.1158929534876694,0,,False,overtaking,29,0.0,False,0.0,tier_b,B-19-00,CH-OT-CV-01,500,channel,cv,off
model,overtaking,9.79454799711857,1.462510712415506,7.140706293694446,,,,goal,False,False,57,84.22915238297458,-15.519090947961104,11,0,0,0,5,2.715252338962799,0.0,0.0,0.0,0.4619093044656093,0.6790338325058185,0.9592142081229837,2.7953120514288052,1.103753518813435,0,,False,overtaking,25,0.0,False,0.0,tier_b,B-19-01,CH-OT-CV-02,501,channel,cv,off
model,overtaking,9.7594546180176,1.5278232961066804,2.234052733317469,,,,goal,False,False,50,67.68578369114252,-4.343679860315141,6,0,0,0,1,0.8426455765317251,0.0,0.0,0.0,0.03835205699624479,0.7842108392119631,1.048209401262644,3.6683041670160157,1.590100344601773,0,,False,overtaking,16,0.0,False,0.0,tier_b,B-19-02,CH-OT-CV-03,502,channel,cv,off
model,overtaking,10.090844011652912,1.8048767855522263,8.465492255596303,,,,goal,False,False,52,63.499753502167756,-33.95406286286489,18,1,29,0,2,1.199718370870102,0.045924457915367825,7.568446598550063,0.0,0.12038291235479798,0.731758526087892,0.9491692715899203,2.9906262481875823,0.4623558267801916,0,,False,overtaking,30,0.0,False,0.0,tier_b,B-19-03,CH-OT-CV-04,503,channel,cv,off
model,overtaking,9.999999999999996,1.3109112083486332,-7.093137823178724,,,,goal,False,False,54,80.3665437218747,-6.4624205721943255,4,1,1,0,0,1.2103845867423888,0.018532906097479814,0.10535527295471565,0.0,0.0,0.7229509409274085,1.0046071752375172,3.2284921111995497,1.2368385308874212,0,,False,overtaking,16,0.0,False,0.0,tier_b,B-19-04,CH-OT-CV-05,504,channel,cv,off
model,overtaking,10.067200966736781,1.79687587956281,-5.637209320017296,,,,goal,False,False,52,46.0490643455207,-17.08953815220775,14,0,2,0,3,3.0229909892653266,0.0,0.3270791332146773,0.0,0.210721750171454,0.792711831896687,1.0301232629816026,2.1168007989487254,2.4789586716816947,0,,False,overtaking,30,0.0,False,0.0,tier_b,B-19-05,CH-OT-CV-06,505,channel,cv,off
model,overtaking,9.999999999999998,0.7259192527173752,-4.551015201288633,,,,goal,False,False,56,77.92114345829242,-9.236401315438053,6,0,0,0,6,1.610561066966519,0.0,0.0,0.0,0.28091645198972987,0.6919286348771271,0.9964354247824804,2.614328517578514,1.3022522936444385,0,,False,overtaking,19,0.0,False,0.0,tier_b,B-19-06,CH-OT-CV-07,506,channel,cv,off
model,overtaking,10.318046899960208,0.012683608140338976,-9.573760891804282,,,,goal,False,False,54,69.31987706179726,-15.85605808750372,10,0,0,0,8,2.6634453135324567,0.0,0.0,0.0,0.5937786190040132,0.7229423392666353,0.9851503853993174,2.5086950072635488,1.5468423369260098,0,,False,overtaking,23,0.0,False,0.0,tier_b,B-19-07,CH-OT-CV-08,507,channel,cv,off
model,overtaking,10.320612916071058,0.4651663696699002,-9.65991275970643,,,,goal,False,False,55,85.75862204526679,-13.493810222511103,7,1,0,0,13,1.1646008160047856,0.001664779412924779,0.0,0.0,1.7157323389318742,0.701398885196588,0.9400789348752694,2.4074816446156415,1.2933770499711061,0,,False,overtaking,21,0.0,False,0.0,tier_b,B-19-08,CH-OT-CV-09,508,channel,cv,off
model,overtaking,9.957821728324154,1.3537570074249259,-4.049082541308211,,,,goal,False,False,50,54.442520711931905,-10.319490866104152,8,1,0,0,0,2.076404640712836,0.008340988803154386,0.0,0.0,0.0,0.7787864861266443,1.0539633751307511,3.2538184956223004,1.2335346866729449,0,,False,overtaking,22,0.0,False,0.0,tier_b,B-19-09,CH-OT-CV-10,509,channel,cv,off
model,overtaking,10.65374766903253,1.1543837437277702,-6.952958051398117,,,,collision:obstacle,True,False,17,-336.4886888344031,-1.4760696883568505,1,1,1,0,0,0.027145940665196218,0.13319594216877811,0.18954926898018815,0.0,0.0,0.5331326021592656,0.6271421388934555,5.087106111317819,0.2397047797002526,0,,False,overtaking,9,0.0,False,0.0,tier_b,B-19-10,CH-OT-CV-11,510,channel,cv,off
model,overtaking,10.0,1.4518131764187319,-9.906135129256032,,,,goal,False,False,57,21.59074473207093,-39.11847756369862,20,5,1,0,7,6.070393658715961,0.680166443330047,0.16314331786206976,0.0,1.1368642476149837,0.6725115194584115,0.9687231167366093,2.631036192470797,0.6600639495736603,0,,False,overtaking,28,0.0,False,0.0,tier_b,B-19-11,CH-OT-CV-12,511,channel,cv,off
model,overtaking,9.003614550224231,0.38049966256705137,-7.176384964118354,,,,goal,False,False,51,-23.52957590332197,-20.290064949226934,17,4,0,0,5,3.5602800595254047,0.040340078518826025,0.0,0.0,0.548221170201777,0.7849307098063015,1.0340164609094447,2.5019418916659855,2.072605186918661,0,,False,overtaking,20,0.0,False,0.0,tier_b,B-19-12,CH-OT-CV-13,512,channel,cv,off
model,overtaking,10.028158839058294,1.2745074657110176,-6.624315004851078,,,,goal,False,False,54,100.74674995593612,-9.641374628534559,11,1,0,0,6,1.568975722143335,0.0016669274512672492,0.0,0.0,0.41482078067583955,0.7133558245155351,0.9509013202332841,2.8064520691827886,0.8537489011378137,0,,False,overtaking,28,0.0,False,0.0,tier_b,B-19-13,CH-OT-CV-14,513,channel,cv,off
model,overtaking,10.0,1.6581162199247887,-8.155944043287045,,,,goal,False,False,55,105.08669421447419,-3.7935782783272423,15,0,0,0,3,0.6993751499966055,0.0,0.0,0.0,0.07370473018756565,0.6958253364498325,0.9916717348160844,3.1598585365029574,0.767747000598637,0,,False,overtaking,23,0.0,False,0.0,tier_b,B-19-14,CH-OT-CV-15,514,channel,cv,off
model,overtaking,10.277309682485887,1.7273284055189322,-0.34623539925120994,,,,goal,False,False,56,14.126477772439031,-67.13262978048444,27,0,31,0,3,6.9472626099092025,0.0,8.953244810381237,0.0,0.11377745423587302,0.6835713713780971,0.952959734870066,2.4483244452051913,0.4482824087548262,0,,False,overtaking,34,0.0,False,0.0,tier_b,B-19-15,CH-OT-CV-16,515,channel,cv,off
model,overtaking,9.999999999999998,1.8224471017467458,-7.213071072184238,,,,goal,False,False,50,32.030704340249684,-26.741219152595225,12,0,5,0,2,4.735085724545833,0.0,0.824924090845082,0.0,0.07395957534467949,0.8061100899681448,0.9788120615085594,2.2069380175549447,2.3617947843080036,0,,False,overtaking,29,0.0,False,0.0,tier_b,B-19-16,CH-OT-CV-17,516,channel,cv,off
model,overtaking,10.0,0.09098296927694483,-8.734753433889221,,,,goal,False,False,54,10.761259711700404,-12.989384895333286,8,0,4,0,2,2.3563070180931565,0.0,0.34227364533508964,0.0,0.020773340570186156,0.7211382150069637,0.9956199257205258,2.548260752721495,1.5955282693725845,0,,False,overtaking,27,0.0,False,0.0,tier_b,B-19-17,CH-OT-CV-18,517,channel,cv,off
model,overtaking,10.619666656868688,1.566731586021876,0.7579302778721253,,,,goal,False,False,57,37.35563856368126,-29.111402020080337,17,0,3,0,2,5.114611521308061,0.0,0.9903530795710023,0.0,0.05084531181107015,0.7561283003328403,1.0083165122679907,2.740564397974383,2.713534087257923,0,,False,overtaking,38,0.0,False,0.0,tier_b,B-19-18,CH-OT-CV-19,518,channel,cv,off
model,overtaking,9.999999999999998,0.48198810671556247,7.277326123102064,,,,goal,False,False,64,2.763631597510667,-18.022205881526766,15,0,1,0,0,3.615474738608174,0.0,0.03489053483786273,0.0,0.0,0.6331219230518026,0.9936472932633139,3.0461427298957586,1.9386483859354577,0,,False,overtaking,39,0.0,False,0.0,tier_b,B-19-19,CH-OT-CV-20,519,channel,cv,off
model,overtaking,10.0,1.454351530967966,-8.993785033540698,,,,goal,False,False,51,50.597378125559175,-13.947021223843743,8,0,1,0,4,2.507105752868295,0.0,0.15688137222082163,0.0,0.21601662381127187,0.7909757043166137,1.0654463460630992,2.2389890438870665,2.188436756333315,0,,False,overtaking,24,0.0,False,0.0,tier_b,B-19-20,CH-OT-CV-21,520,channel,cv,off
model,overtaking,9.212249108547425,1.006788268936462,6.148393717077621,,,,collision:boundary,True,False,66,-454.17814246715636,-62.75326804430506,19,4,1,0,12,11.287520095386512,0.1186094379508871,0.027343686633509324,0.0,1.376553240534283,0.7685030963387663,0.9954861884870895,2.2478136718080397,2.2082125903726344,0,,False,overtaking,30,0.0,False,0.0,tier_b,B-19-21,CH-OT-CV-22,521,channel,cv,off
model,overtaking,10.0,1.5008330569192896,-5.5758845656200435,,,,goal,False,False,57,92.44309837169818,-5.729939972938241,10,0,0,0,5,0.9378404660896033,0.0,0.0,0.0,0.24169548128771204,0.6786794102423793,0.9683092402288629,3.230496830342168,1.1499504340139668,0,,False,overtaking,23,0.0,False,0.0,tier_b,B-19-22,CH-OT-CV-23,522,channel,cv,off
model,overtaking,9.84026391412315,1.9165334832802843,5.849159171418039,,,,collision:obstacle,True,False,37,-430.0129525475402,-8.090540498635754,9,1,4,0,0,0.8574029650377063,0.08521869552589703,0.9512675774571991,0.0,0.0,0.3872735712830325,0.5560795406467537,4.288580454009178,0.5443844749974968,0,,False,overtaking,30,0.0,False,0.0,tier_b,B-19-23,CH-OT-CV-24,523,channel,cv,off
model,overtaking,9.265552746201726,0.8423693537729262,5.509025734611868,,,,goal,False,False,50,24.048986593388776,-5.1907286780584085,12,0,0,0,0,1.0486320561734157,0.0,0.0,0.0,0.0,0.7961329904870452,1.0541703643695266,3.543659305738496,1.781183177376246,0,,False,overtaking,16,0.0,False,0.0,tier_b,B-19-24,CH-OT-CV-25,524,channel,cv,off
model,overtaking,10.261758698296516,0.6442402076984224,2.0895330895289312,,,,goal,False,False,51,37.64797642060679,-25.286454475932715,9,0,0,0,1,5.035011340297463,0.0,0.0,0.0,0.0806996314356149,0.8009687860217751,1.0123944509206841,2.7856002443621057,2.3004438658963564,0,,False,overtaking,23,0.0,False,0.0,tier_b,B-19-25,CH-OT-CV-26,525,channel,cv,off
model,overtaking,10.50203910094581,1.2986425956862344,9.543804421208929,,,,goal,False,False,51,17.652755915186177,-61.12703632513825,20,3,21,0,13,6.0044823595914885,0.07701332610856092,6.766953210406923,0.0,1.4805780274351275,0.7645620491979574,1.0348352064220603,2.7053142163526522,0.6068118782440868,0,,False,overtaking,24,0.0,False,0.0,tier_b,B-19-26,CH-OT-CV-27,526,channel,cv,off
model,overtaking,9.580351545319703,1.214199711394644,2.5843228655898294,,,,goal,False,False,65,-19.29200678754576,-76.91162349590303,22,7,4,0,11,14.211593713361447,0.18652223527431344,0.8559905059891082,0.0,0.5687519396878209,0.6516684157863193,0.9412535416287328,2.688389292098176,2.0651763921323782,0,,False,overtaking,46,0.0,False,0.0,tier_b,B-19-27,CH-OT-CV-28,527,channel,cv,off
model,overtaking,10.017426577199545,1.322586299859758,-9.457127048523134,,,,goal,False,False,49,57.57934857791705,-8.144334383703683,7,0,1,0,10,0.7520148116954988,0.0,0.29986227077810423,0.0,0.7427459757799525,0.8184751096805157,1.0457049134258305,2.0088232719931542,1.9510057369670837,0,,False,overtaking,24,0.0,False,0.0,tier_b,B-19-28,CH-OT-CV-29,528,channel,cv,off
model,overtaking,10.405857845822768,0.2588241570719476,-1.3307831996142188,,,,goal,False,False,56,31.927350630394372,-44.18299726442393,20,0,4,0,2,8.325038405483241,0.0,0.6712758159460445,0.0,0.12388093775024962,0.7066902606498581,0.9763353411598904,3.1128042842565984,2.012679163707977,0,,False,overtaking,41,0.0,False,0.0,tier_b,B-19-29,CH-OT-CV-30,529,channel,cv,off
model,overtaking,9.02369642050568,0.9284158721786417,-1.1488994519943247,,,,goal,False,False,52,35.94612378152098,-37.25887147644069,13,0,4,0,5,6.078868196196237,0.0,0.9104438866711612,0.0,0.8646390918340304,0.7669522811566465,1.0005583864735128,2.1471146774438448,1.8373563651309097,0,,False,overtaking,33,0.0,False,0.0,tier_b,B-19-30,CH-OT-CV-31,530,channel,cv,off
model,overtaking,10.098148103748601,0.5507070873648883,-0.9613675677767866,,,,goal,False,False,54,64.71466719318677,-17.784448297028376,7,0,0,0,11,2.209447281697804,0.0,0.0,0.0,1.5217076116942774,0.7259726191328589,0.9769157594470418,2.379930884132747,1.6502792504709023,0,,False,overtaking,21,0.0,False,0.0,tier_b,B-19-31,CH-OT-CV-32,531,channel,cv,off
model,overtaking,9.817379900740935,0.9432836209018034,-2.3555909028412643,,,,goal,False,False,52,68.67022886028981,-8.093093782660162,5,0,0,0,0,1.6349684409414469,0.0,0.0,0.0,0.0,0.7725101340516317,1.0492286124091956,3.8429027880101376,1.7134440472077908,0,,False,overtaking,22,0.0,False,0.0,tier_b,B-19-32,CH-OT-CV-33,532,channel,cv,off
model,overtaking,9.949835302670753,0.1913131563942787,-1.284993550428572,,,,goal,False,False,51,59.79097176283911,-13.212793786780491,9,0,0,0,0,2.6692512700566646,0.0,0.0,0.0,0.0,0.7942225349394374,1.0158315371744702,2.5226136142882836,1.798119482962688,0,,False,overtaking,31,0.0,False,0.0,tier_b,B-19-33,CH-OT-CV-34,533,channel,cv,off
model,overtaking,10.350200333178588,1.5385594983252922,8.065759659655956,,,,goal,False,False,59,26.207859859213087,-69.85147763707837,22,5,37,0,8,5.7109641764785,0.18985703106695812,10.673946824054882,0.0,0.49248979847350755,0.6419233443671212,0.8804803670626224,2.7104625166106233,0.6267216546854936,0,,False,overtaking,42,0.0,False,0.0,tier_b,B-19-34,CH-OT-CV-35,534,channel,cv,off
model,overtaking,9.67973916823041,1.275433366997928,8.22815366117996,,,,goal,False,False,57,21.86472402825369,-85.28578264044802,21,12,40,0,16,6.676103395218825,0.48438960943920595,12.36877730481291,0.0,1.1808319933476172,0.6782489489070292,0.98487171816772,2.745178337400786,0.5336143961245734,0,,False,overtaking,42,0.0,False,0.0,tier_b,B-19-35,CH-OT-CV-36,535,channel,cv,off
model,overtaking,10.0,0.509612498822317,2.8086927181497128,,,,goal,False,False,51,67.3606011638241,-11.469827483038678,7,0,0,0,11,1.2560706455728716,0.0,0.0,0.0,1.1671728416562144,0.7632790417161551,1.0070013421775335,2.589246674092157,1.4764682135950316,0,,False,overtaking,26,0.0,False,0.0,tier_b,B-19-36,CH-OT-CV-37,536,channel,cv,off
model,overtaking,9.999999999999998,1.9146141522834663,-6.484817148340925,,,,goal,False,False,57,109.3741336566157,-13.701730466243927,8,4,2,0,9,1.8664647073542546,0.39636354429816617,0.09944168573759007,0.0,0.476164567090916,0.6675377213684135,0.9614959058096741,2.7581927388377387,0.5174619126135456,0,,False,overtaking,25,0.0,False,0.0,tier_b,B-19-37,CH-OT-CV-38,537,channel,cv,off
model,overtaking,9.999999999999998,0.3652769503741655,-5.283143245496924,,,,goal,False,False,53,63.167519133848955,-17.703640072949526,8,0,0,0,10,2.187791237606907,0.0,0.0,0.0,1.52757187706563,0.7451874115259898,1.0343790950537266,1.9272095767617896,1.479132502899713,0,,False,overtaking,19,0.0,False,0.0,tier_b,B-19-38,CH-OT-CV-39,538,channel,cv,off
model,overtaking,10.0,1.8154870306859228,5.479211379137263,,,,goal,False,False,52,50.29497260706597,-35.14872540007547,16,0,27,0,2,2.643869522633675,0.0,6.000246286017872,0.0,0.10237436297209808,0.7546279851024946,1.0138643953378492,3.3726257719233024,0.7953479425339489,0,,False,overtaking,27,0.0,False,0.0,tier_b,B-19-39,CH-OT-CV-40,539,channel,cv,off
model,overtaking,10.117569027847006,0.009282404639606723,-8.417555169374824,,,,goal,False,False,56,75.00468229427142,-15.972468836355588,7,0,2,0,10,2.2640624810914716,0.0,0.14175071629180452,0.0,0.9455682169560683,0.7000954987559288,0.9694852192539757,2.2544862148540767,1.5120239181882944,0,,False,overtaking,23,0.0,False,0.0,tier_b,B-20-00,CH-OT-RE-01,540,channel,re,off
model,overtaking,10.046337290565305,1.8242897838971879,7.432810208940541,,,,goal,False,False,52,83.09787324332252,-5.416427444208203,8,0,0,0,3,0.9612428244614122,0.0,0.0,0.0,0.14628343624982498,0.7368673975571824,1.0012033493965884,3.052402577008377,1.2519954084362424,0,,False,overtaking,20,0.0,False,0.0,tier_b,B-20-01,CH-OT-RE-02,541,channel,re,off
model,overtaking,10.106408864776549,1.4733756542999703,-4.770921676789703,,,,goal,False,False,57,98.99013321011415,-8.978811645244114,7,1,0,0,9,1.1913827267124661,0.15228615214926847,0.0,0.0,0.5172557099730061,0.6784274027242483,0.9673014313042219,2.8999592570346753,0.958295759592829,0,,False,overtaking,22,0.0,False,0.0,tier_b,B-20-02,CH-OT-RE-03,542,channel,re,off
model,overtaking,10.517920080334179,0.01767892772270785,2.092250378539708,,,,goal,False,False,48,46.56603216424746,-10.230434976921181,8,0,1,0,4,1.6587631376259377,0.0,0.04557739141270363,0.0,0.41232863035267914,0.8295678934876575,1.0432842880813329,2.619390555427728,2.084383253091728,0,,False,overtaking,22,0.0,False,0.0,tier_b,B-20-03,CH-OT-RE-04,543,channel,re,off
model,overtaking,10.509118580933837,0.4068401753454296,8.093392708756625,,,,goal,False,False,52,58.97948487887564,-15.220633965304595,6,0,1,0,3,2.6623119611754413,0.0,0.28435352151476223,0.0,0.22633712889622573,0.7584201343934246,1.0242073407479066,2.773448220698095,1.946764977909097,0,,False,overtaking,21,0.0,False,0.0,tier_b,B-20-04,CH-OT-RE-05,544,channel,re,off
model,overtaking,9.446961073038484,0.07306029434834516,5.44320270342617,,,,goal,False,False,52,52.25970638443755,-14.66722123427441,8,0,1,0,3,2.615743083708501,0.0,0.033744772905748434,0.0,0.3550692861014744,0.7753667393681638,0.9792140157507867,2.801984388432452,1.9833526692226784,0,,False,overtaking,22,0.0,False,0.0,tier_b,B-20-05,CH-OT-RE-06,545,channel,re,off
model,overtaking,8.893835834440619,1.243905965110267,-0.4337811643097371,,,,goal,False,False,51,66.9496307528333,-8.099470494859077,9,0,0,0,0,1.6362566656280964,0.0,0.0,0.0,0.0,0.7809021014343712,1.0199067543715836,3.672232146088504,1.5361418127567248,0,,False,overtaking,21,0.0,False,0.0,tier_b,B-20-06,CH-OT-RE-07,546,channel,re,off
model,overtaking,10.0,0.5037760508122735,-6.1249791199742525,,,,goal,False,False,54,61.289221369280256,-18.213796416643063,8,1,1,0,13,1.6121799487004684,0.2050541899473182,0.06290803666722933,0.0,1.9982263329632224,0.727235727684556,0.9743715304448676,1.6808550536713054,1.6130529374480471,0,,False,overtaking,22,0.0,False,0.0,tier_b,B-20-07,CH-OT-RE-08,547,channel,re,off
model,overtaking,9.982004507443481,0.14740277244565814,8.759608913418017,,,,goal,False,False,61,55.49393661150731,-12.076698592136198,8,1,6,0,0,1.5213632708354337,0.03394449213303683,1.2160903237339633,0.0,0.0,0.6563501599601458,1.0125493542691066,2.659413406945296,1.7084902930811077,0,,False,overtaking,30,0.0,False,0.0,tier_b,B-20-08,CH-OT-RE-09,548,channel,re,off
model,overtaking,10.892975835233557,1.8639807165468096,-3.433799988439352,,,,goal,False,False,55,60.36148816262903,-36.347942562938115,18,0,28,0,3,1.9751996549833077,0.0,7.263728068394008,0.0,0.09361849434495997,0.6970614038741594,0.9300309538589108,2.8888841725488295,0.7422479583224836,0,,False,overtaking,33,0.0,False,0.0,tier_b,B-20-09,CH-OT-RE-10,549,channel,re,off
model,overtaking,9.999999999999998,1.0788280222360762,-8.545642428510183,,,,goal,False,False,50,75.9938457069196,-5.127726774120258,8,0,0,0,8,0.6551225394304196,0.0,0.0,0.0,0.41886004531992893,0.7759418040649588,1.0555392317134393,3.005444419848837,1.1422234875855966,0,,False,overtaking,17,0.0,False,0.0,tier_b,B-20-10,CH-OT-RE-11,550,channel,re,off
model,overtaking,10.681963900933681,0.4186494811155712,-0.30503741823826935,,,,goal,False,False,53,82.14473446323453,-10.016021551436035,7,0,0,0,8,1.3765955010043682,0.0,0.0,0.0,0.7115275158809804,0.7276646454987804,0.9785728039649874,2.3249635055312616,1.4815713920617617,0,,False,overtaking,24,0.0,False,0.0,tier_b,B-20-11,CH-OT-RE-12,551,channel,re,off
model,overtaking,9.999999999999998,1.0456050888234953,-5.384105434667963,,,,goal,False,False,48,44.076535159673476,-14.000837838917157,9,0,2,0,4,2.5792840402241417,0.0,0.2894581107043041,0.0,0.04251836472714686,0.828414038993856,1.030300660191709,2.4019614159557894,2.000070968825826,0,,False,overtaking,29,0.0,False,0.0,tier_b,B-20-12,CH-OT-RE-13,552,channel,re,off
model,overtaking,10.0,1.947294773658794,-8.669662582224333,,,,goal,False,False,56,11.24108654264073,-57.34603235446477,16,6,4,0,7,10.847149876356067,0.12153989884097996,0.2988078188167383,0.0,0.43895773766647084,0.7646185414694967,1.018360894354453,2.256998197716131,2.437016034204893,0,,False,overtaking,31,0.0,False,0.0,tier_b,B-20-13,CH-OT-RE-14,553,channel,re,off
model,overtaking,10.0,0.19403695873708227,1.8708700402559835,,,,goal,False,False,50,61.74514408527953,-11.024166626651486,9,0,1,0,1,2.0867890858037077,0.0,0.1895949120779193,0.0,0.0026708818761378037,0.782601681071665,1.0438639762636857,2.6350464303356795,1.910863884189398,0,,False,overtaking,30,0.0,False,0.0,tier_b,B-20-14,CH-OT-RE-15,554,channel,re,off
model,overtaking,11.720630560807352,1.3491242965603318,-7.756951576874453,,,,goal,False,False,53,16.412983256696705,-64.52849192507392,17,5,0,0,2,12.489347739471587,0.44165065183199514,0.0,0.0,0.11556664180471123,0.7281224398823672,1.0102758452204252,2.980108310292158,0.8325999452122109,0,,False,overtaking,39,0.0,False,0.0,tier_b,B-20-15,CH-OT-RE-16,555,channel,re,off
model,overtaking,10.0,0.7058863609663593,0.5567275289904927,,,,goal,False,False,52,83.75954224789014,-13.096283708096706,10,0,0,0,7,2.1750884417559972,0.0,0.0,0.0,0.517687982534338,0.7330549537916505,0.9996425494913109,1.993169046386225,0.9751618117316732,0,,False,overtaking,28,0.0,False,0.0,tier_b,B-20-16,CH-OT-RE-17,556,channel,re,off
model,overtaking,9.998266728550231,1.9841873597230615,4.160351062392063,,,,goal,False,False,62,-18.058329396417037,-30.19126207625074,10,3,9,0,0,4.445438105699977,0.38900141355812873,1.739107348867533,0.0,0.0,0.6914082188213869,0.9946283850031074,2.1939484711832127,2.5038614443590785,0,,False,overtaking,39,0.0,False,0.0,tier_b,B-20-17,CH-OT-RE-18,557,channel,re,off
model,overtaking,10.147646590101504,1.0427519223353696,6.899343264938029,,,,goal,False,False,55,30.623914819638316,-21.883566549848105,16,0,0,0,0,4.420922535322848,0.0,0.0,0.0,0.0,0.7504763340039525,1.0143492921260764,2.7439334296425635,2.543307399574109,0,,False,overtaking,33,0.0,False,0.0,tier_b,B-20-18,CH-OT-RE-19,558,channel,re,off
model,overtaking,10.0,1.7237862369603791,3.777776940546058,,,,goal,False,False,52,1.0301670641645728,-6.143623062310008,12,0,0,0,0,1.2411359721838395,0.0,0.0,0.0,0.0,0.7545173210597267,1.0115638950652084,4.282152505002003,1.8932926782917123,0,,False,overtaking,17,0.0,False,0.0,tier_b,B-20-19,CH-OT-RE-20,559,channel,re,off
model,overtaking,9.55720986742224,1.443690004243078,-5.011972251986454,,,,goal,False,False,51,84.76516223891414,-7.947273294921991,10,1,0,0,8,0.9137357204240438,0.016174333051979548,0.0,0.0,0.7431596733812609,0.7465261318433918,0.9810709619158919,2.9398305287795936,0.8521891874860165,0,,False,overtaking,22,0.0,False,0.0,tier_b,B-20-20,CH-OT-RE-21,560,channel,re,off
model,overtaking,10.000000000000002,0.32179485960920395,1.6067472134731826,,,,goal,False,False,53,39.53972910282469,-11.820631741651804,4,0,3,0,0,1.8766745451200355,0.0,0.7030813175854523,0.0,0.0,0.7607477302427766,1.0301147032673628,3.426879297476738,1.9517537249636756,0,,False,overtaking,24,0.0,False,0.0,tier_b,B-20-21,CH-OT-RE-22,561,channel,re,off
model,overtaking,10.798992096205556,1.0053019119543785,5.150085728914775,,,,goal,False,False,53,85.15912163182006,-0.08246074415963339,2,0,0,0,2,0.011521489423698458,0.0,0.0,0.0,0.00565097144718356,0.7400099187508772,0.9935118084411801,2.932524139358334,1.5279311835783251,0,,False,overtaking,19,0.0,False,0.0,tier_b,B-20-22,CH-OT-RE-23,562,channel,re,off
model,overtaking,9.999999999999998,0.2050008935025016,-0.32194450709010347,,,,goal,False,False,53,60.141649747680134,-8.601456151615434,7,0,0,0,0,1.7376679094172593,0.0,0.0,0.0,0.0,0.7595775389868201,0.990864527968349,2.6777396799871247,1.9538586341563926,0,,False,overtaking,20,0.0,False,0.0,tier_b,B-20-23,CH-OT-RE-24,563,channel,re,off
model,overtaking,9.999999999999998,1.5126015898427414,-7.151999297983349,,,,goal,False,False,54,64.66812995370566,-5.723406285726729,8,0,0,0,0,1.156243694086208,0.0,0.0,0.0,0.0,0.7338782260473111,1.0238561569711617,4.061478865639937,1.6519608804087087,0,,False,overtaking,16,0.0,False,0.0,tier_b,B-20-24,CH-OT-RE-25,564,channel,re,off
model,overtaking,9.751265586431565,1.6388322752427962,3.805362302115995,,,,goal,False,False,55,16.155006908161113,-78.46054264496578,27,2,24,0,16,8.475046253229555,0.3050270411819391,7.475658473902212,0.0,1.7970687403513177,0.6925740562588255,0.9746002156640986,2.5940107671933803,0.4142769535680666,0,,False,overtaking,28,0.0,False,0.0,tier_b,B-20-25,CH-OT-RE-26,565,channel,re,off
model,overtaking,9.999999999999998,0.6522251787389877,2.399625870344156,,,,goal,False,False,55,13.865126035258442,-41.42202353663671,19,0,0,0,6,8.261735476227908,0.0,0.0,0.0,0.11698509540190269,0.7240563115996881,0.9927803898539125,2.6983452109105315,2.2132785905191548,0,,False,overtaking,38,0.0,False,0.0,tier_b,B-20-26,CH-OT-RE-27,566,channel,re,off
model,overtaking,10.052366355096279,0.686106059199922,3.183638110852433,,,,goal,False,False,51,31.944898334027087,-26.61461077493293,9,0,1,0,5,4.786063213717792,0.0,0.3290166265011246,0.0,0.38647511369462495,0.7958798558467246,1.0404703949364213,2.107235543419841,2.313480046271584,0,,False,overtaking,22,0.0,False,0.0,tier_b,B-20-27,CH-OT-RE-28,567,channel,re,off
model,overtaking,9.49264471915001,1.3876304619324524,-1.6471385855650738,,,,goal,False,False,53,32.45807100386972,-42.954621321127725,11,0,2,0,12,6.400329197746154,0.0,0.07111451493874678,0.0,2.448217675223281,0.763275292664956,1.0180948113590405,1.681110367060223,1.796300204280533,0,,False,overtaking,25,0.0,False,0.0,tier_b,B-20-28,CH-OT-RE-29,568,channel,re,off
model,overtaking,9.882745387012912,1.6975949344359504,1.1754396620158776,,,,goal,False,False,52,84.30888625152117,-3.424790509635542,5,0,0,0,3,0.5858164335206926,0.0,0.0,0.0,0.11666648082402521,0.7479658333675392,1.0101448594247002,3.1893280740122285,1.147538709223597,0,,False,overtaking,18,0.0,False,0.0,tier_b,B-20-29,CH-OT-RE-30,569,channel,re,off
model,overtaking,9.989159119316326,0.08064527647406083,-1.3595490802471915,,,,goal,False,False,50,58.27814867155151,-8.954390685174786,7,0,1,0,4,1.332292163052416,0.0,0.06694634767751138,0.0,0.47078613920584184,0.7967363658223812,1.0691474613468617,2.239675244641672,1.7680940023166003,0,,False,overtaking,19,0.0,False,0.0,tier_b,B-20-30,CH-OT-RE-31,570,channel,re,off
model,overtaking,9.999999999999998,1.2108081615075108,5.144762073436128,,,,goal,False,False,54,90.95445389798884,-7.079098557642485,9,0,0,0,7,0.7527913221574027,0.0,0.0,0.0,0.7450625584362982,0.7070862928196135,0.9755530764790074,2.5563317284324065,1.134426050044536,0,,False,overtaking,28,0.0,False,0.0,tier_b,B-20-31,CH-OT-RE-32,571,channel,re,off
model,overtaking,9.999999999999996,1.030775462023817,-4.885654883313231,,,,goal,False,False,56,-46.07041495379305,-55.96181645568058,31,2,0,0,19,8.77639085067203,0.1428592989144617,0.0,0.0,2.624784047828321,0.7028287111763672,0.9794887852802265,2.1433816221073285,1.885832323490615,0,,False,overtaking,31,0.0,False,0.0,tier_b,B-20-32,CH-OT-RE-33,572,channel,re,off
model,overtaking,9.88389469135299,1.759630366585207,8.671636641981014,,,,goal,False,False,51,29.371477684109536,-57.77844947757779,23,2,30,0,0,7.468055793444413,0.09374031813020531,5.652099645912064,0.0,0.0,0.7553442685295583,1.018140168771769,3.3139438701644224,0.7125742269700743,0,,False,overtaking,32,0.0,False,0.0,tier_b,B-20-33,CH-OT-RE-34,573,channel,re,off
model,overtaking,9.999999999999996,0.7146204654659294,7.628078755779665,,,,goal,False,False,51,68.4599865543474,-9.66600631897212,7,0,0,0,4,1.6200054924758558,0.0,0.0,0.0,0.3659953624925856,0.760918687928604,1.0430265417612943,2.5973409243962635,1.6537517193360889,0,,False,overtaking,23,0.0,False,0.0,tier_b,B-20-34,CH-OT-RE-35,574,channel,re,off
model,overtaking,10.121079529493706,1.8972682040114353,-1.9648043382130567,,,,goal,False,False,58,88.68948020203075,-15.908485556812934,17,0,0,0,3,3.075756842142537,0.0,0.0,0.0,0.15188648626830512,0.6591453628174399,0.9483897112911454,3.2075991566399784,0.7593265037831579,0,,False,overtaking,27,0.0,False,0.0,tier_b,B-20-35,CH-OT-RE-36,575,channel,re,off
model,overtaking,9.92136649044575,1.6072170150568803,0.03732288185417687,,,,goal,False,False,59,39.83210478799505,-39.30915742602309,11,0,2,0,9,6.233066342131805,0.0,0.3472170001103753,0.0,1.6012217404607347,0.7061914588980348,0.9791623585137151,1.787994567180071,2.1740578690946486,0,,False,overtaking,28,0.0,False,0.0,tier_b,B-20-36,CH-OT-RE-37,576,channel,re,off
model,overtaking,9.999999999999996,1.6355936756349658,7.877077307064301,,,,goal,False,False,52,70.85064309411169,-27.837741122486324,17,0,22,0,2,2.340068064289646,0.0,4.405858814937906,0.0,0.08740277121691464,0.7439106335259473,0.9865798226885041,3.417977833028544,0.7790038283028505,0,,False,overtaking,22,0.0,False,0.0,tier_b,B-20-37,CH-OT-RE-38,577,channel,re,off
model,overtaking,10.99786674820269,0.8253883122365289,-2.7263768441418312,,,,goal,False,False,49,48.19444159994193,-13.053428114802276,6,0,1,0,7,1.8504555939823197,0.0,0.23576480397370453,0.0,0.6766488067298796,0.8113834879112167,1.0281166047079369,2.0428212896370512,2.1044419755424637,0,,False,overtaking,23,0.0,False,0.0,tier_b,B-20-38,CH-OT-RE-39,578,channel,re,off
model,overtaking,10.51183667880982,1.330986806347531,8.072443907248012,,,,goal,False,False,62,7.086969269787957,-59.06999070765364,18,2,3,0,15,9.826544929576096,0.098650454573959,0.4268692584427246,0.0,1.867454272381566,0.6850106077276379,0.9186520273510603,2.168327494016531,2.390602042391128,0,,False,overtaking,40,0.0,False,0.0,tier_b,B-20-39,CH-OT-RE-40,579,channel,re,off
model,overtaking,10.0,1.500356931531722,6.512026887064401,,,,goal,False,False,58,93.88037785914709,-10.841526112188241,12,0,0,0,2,2.097826448236441,0.0,0.0,0.0,0.1016189318706356,0.6607585673779647,0.9704142299860072,3.064542025350597,1.182950332067028,0,,False,overtaking,27,0.0,False,0.0,tier_b,B-21-00,CH-OT-NC-01,580,channel,nc,off
model,overtaking,9.999999999999998,0.6170947014340373,-9.642317684415646,,,,goal,False,False,53,59.09785820669163,-21.60407456611586,11,1,0,0,17,2.48412189072251,0.028980329188377226,0.0,0.0,2.0364930172348816,0.744690095677689,0.9884870793567033,2.2587785136952903,1.6871960578490457,0,,False,overtaking,25,0.0,False,0.0,tier_b,B-21-01,CH-OT-NC-02,581,channel,nc,off
model,overtaking,9.461651014528128,0.9433950806873186,1.501581382284913,,,,goal,False,False,54,67.34789760244706,-25.190566777271258,11,0,0,0,6,4.575829810314602,0.0,0.0,0.0,0.5644909369364384,0.7127224495030892,1.0137079651067764,2.6957204981583267,1.1641146519902408,0,,False,overtaking,26,0.0,False,0.0,tier_b,B-21-02,CH-OT-NC-03,582,channel,nc,off
model,overtaking,9.5126561098355,0.1787226194188709,-9.3260295991365,,,,goal,False,False,53,59.71170771033161,-18.438886155271245,7,0,0,0,11,2.096918234704259,0.0,0.0,0.0,1.790920198552258,0.7397886441311772,0.9878826472544963,1.8060699010724848,1.3341908749523548,0,,False,overtaking,19,0.0,False,0.0,tier_b,B-21-03,CH-OT-NC-04,583,channel,nc,off
model,overtaking,10.143115531809167,1.1430350725217666,4.322931523118935,,,,goal,False,False,58,115.39167812005596,-1.3150088273550522,0,0,1,0,4,0.0,0.0,0.2870162751709336,0.0,0.06261116371993135,0.6574498360964753,0.9300502193152926,2.2365003914383603,0.9847791480249536,0,,False,overtaking,33,0.0,False,0.0,tier_b,B-21-04,CH-OT-NC-05,584,channel,nc,off
model,overtaking,10.0,0.2913564863429998,-9.987121092706577,,,,goal,False,False,52,64.79963861906705,-15.465746784120059,6,1,0,0,12,1.551419175040208,0.03427614453389516,0.0,0.0,1.6925677671618322,0.7455233447506865,1.013288851226518,2.1004882540149055,1.435028056290163,0,,False,overtaking,23,0.0,False,0.0,tier_b,B-21-05,CH-OT-NC-06,585,channel,nc,off
model,overtaking,9.527761199755263,0.8560978279106035,-1.6080366736785194,,,,goal,False,False,54,71.76199618595149,-14.780913110356067,9,1,0,0,5,2.652259819027292,0.036431370429368365,0.0,0.0,0.3270870494545776,0.7252079193284586,1.0199621442927032,3.0732524257215807,1.3450003929021175,0,,False,overtaking,24,0.0,False,0.0,tier_b,B-21-06,CH-OT-NC-07,586,channel,nc,off
model,overtaking,10.0,0.6533809699687441,-5.724143649145588,,,,goal,False,False,51,64.5310189569357,-16.09466313063666,10,0,1,0,12,1.739277991983768,0.0,0.266651293311178,0.0,1.450064980977059,0.7630606774748757,0.9982401326663375,2.104195232412505,1.64737471160307,0,,False,overtaking,31,0.0,False,0.0,tier_b,B-21-07,CH-OT-NC-08,587,channel,nc,off
model,overtaking,9.999999999999998,0.7756114460540446,8.13760132006999,,,,goal,False,False,53,64.10417411814092,-7.968257516758476,7,0,0,0,3,1.4759208696435961,0.0,0.0,0.0,0.14721093600503882,0.7580422566339169,1.011132331456416,2.970981665081386,1.767596385518516,0,,False,overtaking,19,0.0,False,0.0,tier_b,B-21-08,CH-OT-NC-09,588,channel,nc,off
model,overtaking,10.533720156983998,1.1382303405482792,-1.232848140727043,,,,goal,False,False,56,54.710601488732564,-54.205111414911066,21,1,30,0,6,4.651317867864034,0.06856189223044463,8.12993510893035,0.0,0.34976449117647523,0.6838631017871684,0.9541237820671097,2.7353260837087334,0.854481264780655,0,,False,overtaking,32,0.0,False,0.0,tier_b,B-21-09,CH-OT-NC-10,589,channel,nc,off
model,overtaking,9.480629327641601,0.36086448958266515,6.902361284648158,,,,goal,False,False,52,30.025456341892692,-32.582579088032375,18,0,1,0,1,6.553852717697772,0.0,0.021764881062881207,0.0,0.013923236356006733,0.7840290604515705,1.0007313662123085,2.829344131287845,2.1585830642741954,0,,False,overtaking,34,0.0,False,0.0,tier_b,B-21-10,CH-OT-NC-11,590,channel,nc,off
model,overtaking,10.089396078213111,0.13459523139556695,-4.98515215083321,,,,goal,False,False,53,67.57168089178282,-13.888893964563463,6,0,3,0,4,2.009642837180541,0.0,0.474006455184908,0.0,0.49660859596758133,0.7445119713876034,0.9805800266409082,2.0434908684557334,1.6767472477029903,0,,False,overtaking,21,0.0,False,0.0,tier_b,B-21-11,CH-OT-NC-12,591,channel,nc,off
model,overtaking,10.03278647843932,0.0008371971187062233,3.7955657573828674,,,,goal,False,False,51,62.64000145237065,-9.712261365024496,7,0,0,0,3,1.7860445862380805,0.0,0.0,0.0,0.1936312584768881,0.7844315259790119,1.032192244133968,2.751918070242171,2.066619139609579,0,,False,overtaking,23,0.0,False,0.0,tier_b,B-21-12,CH-OT-NC-13,592,channel,nc,off
model,overtaking,8.843822039936208,1.525241379421712,-6.500071617480816,,,,goal,False,False,54,48.209860292302636,-42.10125155840708,18,1,0,0,3,8.47116062004432,0.004307639889361115,0.0,0.0,0.03281859371896493,0.7193827404924704,1.0075187849440397,3.5567831948657354,1.059866938229926,0,,False,overtaking,32,0.0,False,0.0,tier_b,B-21-13,CH-OT-NC-14,593,channel,nc,off
model,overtaking,10.624901258683334,0.560584205389552,3.053956886962389,,,,goal,False,False,55,41.92262801382305,-23.548625033838146,5,0,13,0,2,2.2346797500969275,0.0,3.3420965522111237,0.0,0.10120281842184624,0.7833759696299587,1.070241485795258,1.8644885381212941,1.854332770877067,0,,False,overtaking,30,0.0,False,0.0,tier_b,B-21-14,CH-OT-NC-15,594,channel,nc,off
model,overtaking,9.999999999999998,1.8880968108508605,3.8409567095622865,,,,goal,False,False,49,61.05578351446499,-23.52455114829469,13,0,27,0,1,0.9063732622525487,0.0,5.243809510917257,0.0,0.035619835742766226,0.7792409053173206,0.957646858142691,3.1626024692280565,0.6428478782111162,0,,False,overtaking,29,0.0,False,0.0,tier_b,B-21-15,CH-OT-NC-16,595,channel,nc,off
model,overtaking,9.27293705003716,1.8932576976136386,-1.3394959825967163,,,,goal,False,False,52,39.72455031744638,-50.34131168187921,11,0,24,0,14,2.8311065881939523,0.0,8.184254512712679,0.0,1.525337294345222,0.7333144560364675,1.0425345915459057,2.6483664499157,0.5154423662306442,0,,False,overtaking,24,0.0,False,0.0,tier_b,B-21-16,CH-OT-NC-17,596,channel,nc,off
model,overtaking,9.542994658752987,0.27844333537556465,-8.300198316240529,,,,goal,False,False,52,75.29829280691025,-13.861426640149833,9,0,0,0,12,2.158222143077169,0.0,0.0,0.0,0.7062726737595215,0.7512021178967098,1.0037276080359196,2.5708969169438847,1.2300014209153602,0,,False,overtaking,24,0.0,False,0.0,tier_b,B-21-17,CH-OT-NC-18,597,channel,nc,off
model,overtaking,10.996971406346638,0.4205209528772882,0.9015131304951858,,,,goal,False,False,54,45.28693335136867,-29.979638380682264,12,0,5,0,0,5.573558611753311,0.0,0.6640342368064911,0.0,0.0,0.7503145598594416,1.0182383514044635,2.4983796237084364,1.9580038724632753,0,,False,overtaking,32,0.0,False,0.0,tier_b,B-21-18,CH-OT-NC-19,598,channel,nc,off
model,overtaking,10.0,0.7710360542284334,-4.574168504555141,,,,goal,False,False,52,71.1765193777926,-4.586487852900886,4,0,0,0,2,0.9110554474161376,0.0,0.0,0.0,0.017058530709111897,0.7610096610259292,0.9610852364871337,3.0431079968305816,1.6940784172637326,0,,False,overtaking,17,0.0,False,0.0,tier_b,B-21-19,CH-OT-NC-20,599,channel,nc,off
model,overtaking,10.421992587270866,1.288305484549835,-1.9713798553725344,,,,goal,False,False,63,-16.882308161433443,-36.534422655608275,23,0,0,0,12,6.000248603242154,0.0,0.0,0.0,1.5184871265688011,0.667185540418219,1.0091140971268484,2.2266172544630436,2.173735990035847,0,,False,overtaking,48,0.0,False,0.0,tier_b,B-21-20,CH-OT-NC-21,600,channel,nc,off
model,overtaking,9.560708810285343,1.3079648195926101,1.730033214415661,,,,goal,False,False,56,44.07677396395508,-17.56728400797064,7,0,3,0,0,2.961537010226092,0.0,0.8076877242642995,0.0,0.0,0.7585844525969724,1.0300287319410177,2.487171995171137,2.450748867317397,0,,False,overtaking,25,0.0,False,0.0,tier_b,B-21-21,CH-OT-NC-22,601,channel,nc,off
model,overtaking,9.99667040956101,0.34661262082719,3.0093685355942235,,,,goal,False,False,54,73.55712367387042,-7.314935556139085,7,0,0,0,2,1.428097948186894,0.0,0.0,0.0,0.054633491691991005,0.7412171278343159,1.0389036046429487,2.3688046255434996,1.4568684798544425,0,,False,overtaking,21,0.0,False,0.0,tier_b,B-21-22,CH-OT-NC-23,602,channel,nc,off
model,overtaking,10.058434527389032,1.7666262880266494,-2.8253448652815987,,,,goal,False,False,53,49.99553662918434,-19.165412393720516,15,0,3,0,9,2.1222577005174954,0.0,0.7513388587323193,0.0,1.3234259743827919,0.7693840321832113,0.994801855983882,2.1273799296350266,2.4409032329902662,0,,False,overtaking,32,0.0,False,0.0,tier_b,B-21-23,CH-OT-NC-24,603,channel,nc,off
model,overtaking,10.0,1.0406735905836915,-3.3509133963280284,,,,goal,False,False,49,68.66866057137885,-8.27464794310323,6,0,0,0,5,1.2498035362379472,0.0,0.0,0.0,0.46402676416119837,0.7834819427390292,1.0060436180845094,2.8662936666497694,1.3317898974952722,0,,False,overtaking,19,0.0,False,0.0,tier_b,B-21-24,CH-OT-NC-25,604,channel,nc,off
model,overtaking,9.999999999999996,0.6959214879117863,-2.7941650794810746,,,,goal,False,False,54,82.94139311485182,-17.260769236639486,9,0,1,0,9,2.652605682049158,0.0,0.021737780176832967,0.0,0.9004700226354565,0.7093173809753927,1.0002450711290283,2.7290662096803286,1.2950939896214069,0,,False,overtaking,29,0.0,False,0.0,tier_b,B-21-25,CH-OT-NC-26,605,channel,nc,off
model,overtaking,9.999999999999998,0.49400429691941516,-7.880299644060081,,,,goal,False,False,53,50.67507089753726,-21.403744412272058,7,0,0,0,8,2.9123854305866583,0.0,0.0,0.0,1.5527636735262442,0.7312457199437541,1.0107148409703128,1.859737884813431,1.5458169975112317,0,,False,overtaking,23,0.0,False,0.0,tier_b,B-21-26,CH-OT-NC-27,606,channel,nc,off
model,overtaking,10.595893069794938,0.7903358895746457,-2.868773439833438,,,,goal,False,False,55,67.83275075910744,-12.194989998169138,5,0,0,0,8,1.780647029210447,0.0,0.0,0.0,0.7512860452394279,0.7134506230290605,0.9673015653829822,2.9471507511239006,1.5716710832172047,0,,False,overtaking,20,0.0,False,0.0,tier_b,B-21-27,CH-OT-NC-28,607,channel,nc,off
model,overtaking,10.339618253486943,1.836525821051705,-3.7164384413150735,,,,goal,False,False,50,49.189489844053476,-24.83663012279672,9,0,26,0,0,1.4090268452716732,0.0,4.961652010750535,0.0,0.0,0.7701701812028525,0.9211114421120294,3.023700266395265,0.979978583378743,0,,False,overtaking,29,0.0,False,0.0,tier_b,B-21-28,CH-OT-NC-29,608,channel,nc,off
model,overtaking,9.999999999999996,1.813418650060694,-2.4923763016363942,,,,goal,False,False,56,55.35987251859638,-14.642929324718045,10,0,4,0,1,2.190367602724587,0.0,1.0551539201492826,0.0,0.00045679526531682615,0.7499091964662331,1.0066224905913332,2.30442152940786,2.5643083125569968,0,,False,overtaking,27,0.0,False,0.0,tier_b,B-21-29,CH-OT-NC-30,609,channel,nc,off
model,overtaking,9.876344556900458,0.4326891943254445,-7.3808846325574,,,,goal,False,False,51,50.34952295430899,-21.288242875944707,8,0,2,0,12,2.3165279389559057,0.0,0.297867291227605,0.0,1.944246073265243,0.7805957689210985,1.0022388262735427,1.8583799604992037,1.6521609786799385,0,,False,overtaking,22,0.0,False,0.0,tier_b,B-21-30,CH-OT-NC-31,610,channel,nc,off
model,overtaking,10.593856105586557,1.552544342259753,-2.7753450429184445,,,,goal,False,False,52,95.38675828862749,-10.307188510355976,10,1,0,0,5,1.8193393890625131,0.01244324794491048,0.0,0.0,0.27552543492649495,0.7276478469806464,0.9558173180772656,2.907672978120111,0.8131775304413624,0,,False,overtaking,27,0.0,False,0.0,tier_b,B-21-31,CH-OT-NC-32,611,channel,nc,off
model,overtaking,9.371564623822852,0.8034068037569972,8.027377716699068,,,,goal,False,False,63,-15.29860946261465,-34.49803276012593,20,0,2,0,0,6.674040505975427,0.0,0.40598118209654577,0.0,0.0,0.6463928621018834,1.0250558445678086,2.521812700912125,1.8941212127515377,0,,False,overtaking,42,0.0,False,0.0,tier_b,B-21-32,CH-OT-NC-33,612,channel,nc,off
model,overtaking,10.12256655014938,1.7206235905161218,1.6596060457171795,,,,goal,False,False,52,55.08475485990797,-42.54560117533789,24,0,29,0,4,2.8967683472662227,0.0,7.608269085153582,0.0,0.1815175888482639,0.7346332838337611,0.9663731732837648,3.0461978574407618,0.6384793744134943,0,,False,overtaking,29,0.0,False,0.0,tier_b,B-21-33,CH-OT-NC-34,613,channel,nc,off
model,overtaking,9.018832856177129,0.27135810743901856,-9.246778556197452,,,,goal,False,False,55,55.48382715544252,-39.3873382640335,26,0,0,0,9,7.296184338757625,0.0,0.0,0.0,0.7269390638184985,0.7111710805979995,1.0131420141656577,2.70752881181743,1.2312351955060636,0,,False,overtaking,32,0.0,False,0.0,tier_b,B-21-34,CH-OT-NC-35,614,channel,nc,off
model,overtaking,9.992209172862655,0.4571656105822324,7.064018025699134,,,,goal,False,False,53,51.10162654006464,-13.016087810273422,8,0,1,0,0,2.5861028822436802,0.0,0.05968848421311172,0.0,0.0,0.7777416790265684,0.9832544028887611,3.1757267608019557,2.47661798292533,0,,False,overtaking,23,0.0,False,0.0,tier_b,B-21-35,CH-OT-NC-36,615,channel,nc,off
model,overtaking,9.828223930606164,1.4277544953749524,8.148534175533921,,,,goal,False,False,51,17.458153809968238,-61.19413542949081,20,2,22,0,13,6.022892169855626,0.009926029847603794,7.45377096460349,0.0,0.9995799707527221,0.750448060983677,1.025130282479681,2.6424832043328044,0.5315361680777192,0,,False,overtaking,26,0.0,False,0.0,tier_b,B-21-36,CH-OT-NC-37,616,channel,nc,off
model,overtaking,9.241525427746742,0.3894391128110106,-8.195538840248247,,,,goal,False,False,49,55.63762027441846,-16.37327817038651,8,0,1,0,7,2.3130155272677944,0.0,0.266313049277472,0.0,0.8811387406693392,0.8032152835269039,1.0187469522450197,2.198193780112115,1.4308794455336635,0,,False,overtaking,25,0.0,False,0.0,tier_b,B-21-37,CH-OT-NC-38,617,channel,nc,off
model,overtaking,9.999999999999996,0.6390531787139337,9.290795576604502,,,,goal,False,False,62,26.74932115329669,-18.248518176724225,11,0,2,0,0,3.2181926875818583,0.0,0.6440178814427845,0.0,0.0,0.6606115501200193,0.9992467254921098,3.287546583005228,2.2776531642063658,0,,False,overtaking,38,0.0,False,0.0,tier_b,B-21-38,CH-OT-NC-39,618,channel,nc,off
model,overtaking,10.0,1.3463563240714285,3.698600319085333,,,,goal,False,False,56,89.22173495506952,-13.145181039470785,8,0,1,0,10,1.5931273636522025,0.0,0.26744623697008,0.0,0.9547542525111319,0.6837798270073395,0.9750814321318241,2.5405864440178862,1.0916947899205691,0,,False,overtaking,25,0.0,False,0.0,tier_b,B-21-39,CH-OT-NC-40,619,channel,nc,off
model,being_overtaken,9.888808766493813,1.9876231448331292,8.304486130195926,,False,,collision:target,True,True,47,-349.05776845504124,-11.329242138167398,0,0,0,8,0,0.0,0.0,0.0,2.7973437378191104,0.0,0.7760213346026774,0.9017229290595618,0.8006067063219593,1.355963370436312,0,,False,being_overtaken,8,0.0,False,0.0,tier_b,B-22-00,CH-BO-CV-01,620,channel,cv,off
model,being_overtaken,9.999999999999996,1.3933317391930076,-6.344471350503635,,False,,collision:boundary,True,False,54,-406.9324484307182,-68.91513708622782,0,0,0,29,0,0.0,0.0,0.0,17.01608323116736,0.0,0.7286113358346413,0.8769208750918998,2.320422643376149,1.6165432031086837,0,,False,being_overtaken,35,0.0,False,0.0,tier_b,B-22-01,CH-BO-CV-02,621,channel,cv,off
model,being_overtaken,10.0,1.8405923958576564,-3.5662932296451055,,False,,goal,False,False,46,-6.02139028805702,-16.389779717169617,0,0,0,6,0,0.0,0.0,0.0,4.046859189424597,0.0,0.8549402746524951,1.0234959168863846,3.389345450279725,2.089743710712601,0,,False,being_overtaken,6,0.0,False,0.0,tier_b,B-22-02,CH-BO-CV-03,622,channel,cv,off
model,being_overtaken,9.999999999999998,1.8561415582299683,0.7076318525954228,,False,,collision:boundary,True,False,60,-356.9185168533698,-44.74671610933624,0,0,0,27,0,0.0,0.0,0.0,11.048571878848454,0.0,0.6601821080948854,0.7990851212150964,2.4701909332466,1.32939810866032,0,,False,being_overtaken,27,0.0,False,0.0,tier_b,B-22-03,CH-BO-CV-04,623,channel,cv,off
model,being_overtaken,10.320157313848544,1.7099442632523973,-7.750604792903937,,False,,collision:boundary,True,False,56,-422.68440269439964,-88.41323703522764,0,0,0,35,0,0.0,0.0,0.0,21.83042889758707,0.0,0.6962690590611159,0.8669406589354798,1.0294737359427888,1.195876888874371,0,,False,being_overtaken,41,0.0,False,0.0,tier_b,B-22-04,CH-BO-CV-05,624,channel,cv,off
model,being_overtaken,10.019799097825924,1.6723976105429958,-4.742870313522902,,False,,goal,False,False,51,54.281128926827684,-17.99020470426973,0,0,0,12,0,0.0,0.0,0.0,4.442025852906106,0.0,0.7675686077150302,0.9387494368255126,1.458640008049672,1.341601179309999,0,,False,being_overtaken,12,0.0,False,0.0,tier_b,B-22-05,CH-BO-CV-06,625,channel,cv,off
model,being_overtaken,10.095175976562537,1.916696623213205,-9.576327929902806,,False,,collision:boundary,True,False,57,-423.79382959840154,-89.32643078001384,0,1,0,30,2,0.0,0.05468159932068676,0.0,21.77124748152552,0.4144831267399388,0.6860367473900816,0.8875965640765495,2.0422414798954622,1.3226822794550253,0,,False,being_overtaken,40,0.0,False,0.0,tier_b,B-22-06,CH-BO-CV-07,626,channel,cv,off
model,being_overtaken,9.474066178056749,1.6611901037744503,-2.8854686619446817,,False,,collision:boundary,True,False,57,-379.96872979997977,-47.63002372276997,0,0,0,32,0,0.0,0.0,0.0,11.760499684634565,0.0,0.6867846547665575,0.8634366790053409,2.176675688588885,1.4608977854938974,0,,False,being_overtaken,32,0.0,False,0.0,tier_b,B-22-07,CH-BO-CV-08,627,channel,cv,off
model,being_overtaken,9.146459456894636,1.474073368222048,5.519243872692378,,False,,goal,False,False,54,15.331052135075254,-32.15192612932873,0,0,0,13,0,0.0,0.0,0.0,7.9387471924268445,0.0,0.7128968733669746,0.8492288282345267,1.7714513428110648,0.8177987090518267,0,,False,being_overtaken,21,0.0,False,0.0,tier_b,B-22-08,CH-BO-CV-09,628,channel,cv,off
model,being_overtaken,10.077711245109938,2.065411905633429,-9.269581231639759,,False,,collision:obstacle,True,False,28,-347.5153164476546,-19.49413370029888,0,0,0,11,0,0.0,0.0,0.0,4.8133663457528115,0.0,0.655830763121679,0.8481992053700832,2.892212819227249,1.0480983738929064,0,,False,being_overtaken,11,0.0,False,0.0,tier_b,B-22-09,CH-BO-CV-10,629,channel,cv,off
model,being_overtaken,10.553908385411221,1.6445286236483643,-4.7520507615088174,,False,,goal,False,False,51,48.294989280131404,-25.347790528660052,0,0,0,11,0,0.0,0.0,0.0,6.258713710780259,0.0,0.7740190245386412,0.9868325839239707,1.4296101276041582,1.622603380843505,0,,False,being_overtaken,11,0.0,False,0.0,tier_b,B-22-10,CH-BO-CV-11,630,channel,cv,off
model,being_overtaken,10.069005081420023,1.534551817588098,9.098256866868876,,False,,collision:target,True,True,45,-398.60797833607705,-73.08605966953755,0,0,0,15,0,0.0,0.0,0.0,18.045940659145074,0.0,0.7464099199233186,0.9741910389117442,0.821666257619145,0.5857179423776389,0,,False,being_overtaken,25,0.0,False,0.0,tier_b,B-22-11,CH-BO-CV-12,631,channel,cv,off
model,being_overtaken,9.665706666392488,1.5343236425695819,8.13629336769647,,False,,collision:obstacle,True,False,36,-405.7989321054254,-30.560473991875558,0,0,0,12,0,0.0,0.0,0.0,7.54579604737668,0.0,0.7565833355678494,0.8973697415856702,3.84311045984011,1.7620158675569824,0,,False,being_overtaken,13,0.0,False,0.0,tier_b,B-22-12,CH-BO-CV-13,632,channel,cv,off
model,being_overtaken,8.90402560213816,1.9608852618795738,-7.893296692196108,,False,,collision:target,True,True,43,-359.66638805879967,-9.04586011908536,0,0,0,9,0,0.0,0.0,0.0,2.2335457084161376,0.0,0.7739789431980238,0.978675093138869,1.4347778305115002,1.6173133316107524,0,,False,being_overtaken,10,0.0,False,0.0,tier_b,B-22-13,CH-BO-CV-14,633,channel,cv,off
model,being_overtaken,10.020634325892036,1.5697097422529702,-6.486197967087861,,False,,collision:boundary,True,False,58,-396.1017486825991,-64.61280049415123,0,0,0,28,0,0.0,0.0,0.0,15.95377789979043,0.0,0.6737942916798534,0.9130024380525799,2.1359350550545244,1.4776603765769498,0,,False,being_overtaken,39,0.0,False,0.0,tier_b,B-22-14,CH-BO-CV-15,634,channel,cv,off
model,being_overtaken,9.999999999999996,1.8746514359692283,8.068747088689715,,False,,collision:target,True,True,46,-378.37980236806163,-19.52711299047587,0,0,0,6,0,0.0,0.0,0.0,4.821509380364413,0.0,0.7999770902832716,0.9486475297923055,0.9139254088266501,1.6977408019032085,0,,False,being_overtaken,6,0.0,False,0.0,tier_b,B-22-15,CH-BO-CV-16,635,channel,cv,off
model,being_overtaken,10.136943003424781,1.5455606303359282,7.337138630819112,,False,,goal,False,False,51,21.47663884467009,-63.765573419561846,0,0,0,25,0,0.0,0.0,0.0,15.744586029521443,0.0,0.7416790913583349,0.9817088296733819,0.8228784921772299,0.6444398730899116,0,,False,being_overtaken,41,0.0,False,0.0,tier_b,B-22-16,CH-BO-CV-17,636,channel,cv,off
model,being_overtaken,10.33401265255224,1.8271139129257774,-5.859736971695648,,False,,collision:boundary,True,False,53,-418.2921304570144,-72.4263996328406,0,0,0,29,0,0.0,0.0,0.0,17.883061637738415,0.0,0.7356592424351558,0.936596187249597,2.4948288672621177,0.9827879656982107,0,,False,being_overtaken,39,0.0,False,0.0,tier_b,B-22-17,CH-BO-CV-18,637,channel,cv,off
model,being_overtaken,10.305939993402884,1.6065873276064564,-7.240453989250293,,False,,collision:target,True,True,48,-353.3116066701366,-9.605628640026406,0,0,0,6,0,0.0,0.0,0.0,2.371760158031211,0.0,0.7980966644827703,1.0156022418848345,0.9305548936459268,1.730835583587074,0,,False,being_overtaken,6,0.0,False,0.0,tier_b,B-22-18,CH-BO-CV-19,638,channel,cv,off
model,being_overtaken,10.402192092344807,1.9348478321623988,4.681644550689345,,False,,goal,False,False,48,47.846744561393585,-11.099699147639218,0,0,0,6,0,0.0,0.0,0.0,2.7406664562072143,0.0,0.8085734028908801,1.014767045801825,2.89668875587442,1.4532949687383114,0,,False,being_overtaken,6,0.0,False,0.0,tier_b,B-22-19,CH-BO-CV-20,639,channel,cv,off
model,being_overtaken,10.771617624924213,1.8489512021490029,4.753848680304266,,False,,goal,False,False,50,2.1698088645840983,-81.65785457370683,0,0,0,21,0,0.0,0.0,0.0,20.16243322807577,0.0,0.7703842320763027,0.968983660348826,1.0823049774264353,0.5542240459376858,0,,False,being_overtaken,34,0.0,False,0.0,tier_b,B-22-20,CH-BO-CV-21,640,channel,cv,off
model,being_overtaken,10.761885633842516,1.3904675412537058,6.190693404552974,,False,,goal,False,False,49,20.992842992250175,-27.831133363041403,0,0,0,10,0,0.0,0.0,0.0,6.871884780997878,0.0,0.7977179627378378,1.011174702014223,0.9439551129377725,1.5087177342212559,0,,False,being_overtaken,20,0.0,False,0.0,tier_b,B-22-21,CH-BO-CV-22,641,channel,cv,off
model,being_overtaken,9.773590545841863,1.5868576891860942,3.065748178758481,,False,,goal,False,False,49,23.547858857291544,-60.11666599221332,0,0,0,17,0,0.0,0.0,0.0,14.843621232645265,0.0,0.7799733708865146,0.9563268318135524,1.3254410004428894,0.5057105679537164,0,,False,being_overtaken,32,0.0,False,0.0,tier_b,B-22-22,CH-BO-CV-23,642,channel,cv,off
model,being_overtaken,11.504843647205808,1.8112258205705163,8.753719011218898,,False,,collision:obstacle,True,False,32,-389.6154748963946,-34.71623995907478,0,0,0,20,0,0.0,0.0,0.0,8.57191110100612,0.0,0.7203700886204332,0.9283383351835097,3.347491778433767,1.41051370287575,0,,False,being_overtaken,20,0.0,False,0.0,tier_b,B-22-23,CH-BO-CV-24,643,channel,cv,off
model,being_overtaken,8.942199609814969,1.5027708350019329,9.571458498356098,,False,,collision:obstacle,True,False,40,-468.0597390253812,-59.168741122498034,0,0,0,22,0,0.0,0.0,0.0,15.754073732548866,0.0,0.7975015384258479,0.9880682727160813,2.7453560559926022,1.90633882704116,0,,False,being_overtaken,22,0.0,False,0.0,tier_b,B-22-24,CH-BO-CV-25,644,channel,cv,off
model,being_overtaken,9.141561037287715,1.776262939679547,7.012166169995041,,False,,collision:target,True,True,42,-411.0168155139896,-89.64953403827546,0,0,0,18,0,0.0,0.0,0.0,22.21764291146157,0.0,0.76631088983483,0.9542571697452461,1.2430063491688372,0.6267937397976304,0,,False,being_overtaken,35,0.0,False,0.0,tier_b,B-22-25,CH-BO-CV-26,645,channel,cv,off
model,being_overtaken,10.538099569096866,1.8365835921259843,-5.920717294514455,,False,,collision:boundary,True,False,57,-381.75566415416233,-47.51226479151642,0,0,0,34,0,0.0,0.0,0.0,11.731423405312695,0.0,0.689068899351769,0.836442756247019,2.699923935845806,1.4096486993202146,0,,False,being_overtaken,41,0.0,False,0.0,tier_b,B-22-26,CH-BO-CV-27,646,channel,cv,off
model,being_overtaken,10.589335787781,1.6662506317375931,-5.438194114278652,,False,,collision:boundary,True,False,49,-385.5591922326425,-15.3304422836013,0,0,0,10,0,0.0,0.0,0.0,3.785294391012668,0.0,0.8301416031588098,1.0445303614955133,2.421620290659632,2.5262660007543705,0,,False,being_overtaken,10,0.0,False,0.0,tier_b,B-22-27,CH-BO-CV-28,647,channel,cv,off
model,being_overtaken,10.211876768560817,1.6535929306824677,-0.9513842344362224,,False,,goal,False,False,51,43.337839004436034,-7.603795890290879,0,0,0,4,0,0.0,0.0,0.0,1.8774804667384886,0.0,0.7856552374166549,1.0174742067006184,1.9916116262634045,2.039462578199285,0,,False,being_overtaken,4,0.0,False,0.0,tier_b,B-22-28,CH-BO-CV-29,648,channel,cv,off
model,being_overtaken,9.887516501025393,1.757429425105202,7.8151567372981035,,False,,collision:obstacle,True,False,35,-386.3641513030337,-11.892162589927759,0,0,0,8,0,0.0,0.0,0.0,2.936336441957471,0.0,0.7777876655837365,0.9258712384157903,3.683032918862811,1.993838668805143,0,,False,being_overtaken,8,0.0,False,0.0,tier_b,B-22-29,CH-BO-CV-30,649,channel,cv,off
model,being_overtaken,10.0,1.705776679673551,7.3038059103638595,,False,,goal,False,False,49,-18.549901149646175,-55.27624835459719,0,0,0,14,0,0.0,0.0,0.0,13.648456383851162,0.0,0.8018317881593606,0.970877416293399,1.9823634041138218,1.6852980319378479,0,,False,being_overtaken,17,0.0,False,0.0,tier_b,B-22-30,CH-BO-CV-31,650,channel,cv,off
model,being_overtaken,10.11024143081176,1.8089489002245418,-3.288459626170992,,False,,goal,False,False,51,63.185461889364554,-9.239629882598015,0,0,0,7,0,0.0,0.0,0.0,2.2813900944686454,0.0,0.7767399954482085,0.9661027489062765,1.6770142340333147,1.6688755598242402,0,,False,being_overtaken,7,0.0,False,0.0,tier_b,B-22-31,CH-BO-CV-32,651,channel,cv,off
model,being_overtaken,10.0,1.9153097633285976,8.970973820707705,,False,,collision:target,True,True,39,-387.77341235806534,-74.98841503866383,0,0,0,17,0,0.0,0.0,0.0,18.51565803423798,0.0,0.7754504466170229,0.992076832521279,1.3965631309627948,0.39321369126415456,0,,False,being_overtaken,23,0.0,False,0.0,tier_b,B-22-32,CH-BO-CV-33,652,channel,cv,off
model,being_overtaken,9.96597663517752,1.7064409511923877,-8.531636700817371,,False,,goal,False,False,48,-23.377696743413594,-23.21288901295608,0,0,0,9,0,0.0,0.0,0.0,5.731577534063229,0.0,0.828750465407941,1.0057235683178576,1.623725062990471,1.9440725534192498,0,,False,being_overtaken,13,0.0,False,0.0,tier_b,B-22-33,CH-BO-CV-34,653,channel,cv,off
model,being_overtaken,9.98970640920461,1.675976797229053,4.411715068252748,,False,,goal,False,False,49,34.6315172542288,-38.96337668559607,0,0,0,12,0,0.0,0.0,0.0,9.620586835949647,0.0,0.7881286863753909,1.0209150847259851,1.8434747302491121,1.260601024878693,0,,False,being_overtaken,14,0.0,False,0.0,tier_b,B-22-34,CH-BO-CV-35,654,channel,cv,off
model,being_overtaken,10.0,1.6648231791427388,9.98942629953848,,False,,collision:obstacle,True,False,34,-355.512455590903,-25.18396347688365,0,0,0,28,0,0.0,0.0,0.0,6.218262586884853,0.0,0.6801310373319446,0.8183916901084464,3.3243090484943614,1.5578167063195378,0,,False,being_overtaken,28,0.0,False,0.0,tier_b,B-22-35,CH-BO-CV-36,655,channel,cv,off
model,being_overtaken,10.657361758627347,1.5422768329665357,-7.664204667810495,,False,,goal,False,False,48,33.861785609677625,-26.146431789243124,0,0,0,7,0,0.0,0.0,0.0,6.455909083763735,0.0,0.8169242458162659,0.9717756220161327,1.2766291061445405,1.821865288389894,0,,False,being_overtaken,14,0.0,False,0.0,tier_b,B-22-36,CH-BO-CV-37,656,channel,cv,off
model,being_overtaken,10.124265293663255,1.643458977452132,-7.320117337899125,,False,,collision:boundary,True,False,56,-385.72234404895744,-65.22122277398933,0,0,0,33,0,0.0,0.0,0.0,16.10400562320724,0.0,0.6982184092533145,0.820885940855643,2.014121367321807,1.3887751757272615,0,,False,being_overtaken,44,0.0,False,0.0,tier_b,B-22-37,CH-BO-CV-38,657,channel,cv,off
model,being_overtaken,9.999999999999998,1.556808043792105,7.728243285575612,,False,,collision:target,True,True,39,-364.14372373296885,-56.79695015487949,0,0,0,19,0,0.0,0.0,0.0,14.02393830984678,0.0,0.7551607305341577,0.9655828044043541,1.7624986957374025,0.38087579578503483,0,,False,being_overtaken,25,0.0,False,0.0,tier_b,B-22-38,CH-BO-CV-39,658,channel,cv,off
model,being_overtaken,9.817306046070476,1.5824267133975944,-4.969505331107589,,False,,goal,False,False,47,20.906231179197007,-29.480024675590116,0,0,0,8,0,0.0,0.0,0.0,7.929552586590759,0.0,0.8318216866430573,0.9905719586285333,2.535159885290825,1.7654961697976101,0,,False,being_overtaken,8,0.0,False,0.0,tier_b,B-22-39,CH-BO-CV-40,659,channel,cv,off
model,being_overtaken,10.125556323056118,1.8719798176796532,7.562298772641302,,False,,collision:target,True,True,51,-378.39037893705233,-71.49450941243805,0,0,0,27,0,0.0,0.0,0.0,17.652965287021743,0.0,0.7256510996323765,0.978750507363816,1.857980172621245,0.6374509317375536,0,,False,being_overtaken,34,0.0,False,0.0,tier_b,B-23-00,CH-BO-RE-01,660,channel,re,off
model,being_overtaken,9.933657424465766,1.8991711810998815,7.771645627693946,,False,,goal,False,False,52,-61.31987669045613,-74.06546882839211,0,0,0,25,0,0.0,0.0,0.0,18.28777008108447,0.0,0.7797548077917089,0.94208549678812,1.3657188786748697,2.469928237248225,0,,False,being_overtaken,29,0.0,False,0.0,tier_b,B-23-01,CH-BO-RE-02,661,channel,re,off
model,being_overtaken,9.889649864050995,1.9798188718970813,-7.182931447677728,,False,,goal,False,False,48,49.07626428297536,-10.37834889874671,0,0,0,9,0,0.0,0.0,0.0,2.5625552836411636,0.0,0.8160517433199989,0.9521048871530821,3.5851330822073053,1.5678799654427464,0,,False,being_overtaken,9,0.0,False,0.0,tier_b,B-23-02,CH-BO-RE-03,662,channel,re,off
model,being_overtaken,9.838134110231913,1.6073830435301206,7.606140418726643,,False,,collision:target,True,True,39,-354.59595757871824,-48.645055616727966,0,0,0,16,0,0.0,0.0,0.0,12.011124843636532,0.0,0.7407832840054928,0.9706786846540398,1.3746753439876314,0.45858761031220097,0,,False,being_overtaken,24,0.0,False,0.0,tier_b,B-23-03,CH-BO-RE-04,663,channel,re,off
model,being_overtaken,10.4119118238532,1.8453796192107756,2.0444196991694756,,False,,goal,False,False,55,71.5094566641863,-13.366723586167337,0,0,0,7,2,0.0,0.0,0.0,2.9201017903824953,0.34229140780405154,0.7028562408664498,0.8821803397306759,2.8569205933618353,1.0692072594430904,0,,False,being_overtaken,12,0.0,False,0.0,tier_b,B-23-04,CH-BO-RE-05,664,channel,re,off
model,being_overtaken,9.999999999999998,2.1231303294610084,-9.909304134018297,,False,,goal,False,False,55,35.66808033977378,-65.02550841739217,0,0,0,33,0,0.0,0.0,0.0,16.055681090714113,0.0,0.6963250449505394,0.8462766595461262,1.6619531914374304,1.3724466498107974,0,,False,being_overtaken,37,0.0,False,0.0,tier_b,B-23-05,CH-BO-RE-06,665,channel,re,off
model,being_overtaken,10.0,1.6410683857900301,3.8341889581250843,,False,,collision:target,True,True,49,-349.9995025680396,-42.078074650798065,0,0,0,19,0,0.0,0.0,0.0,10.389648061925442,0.0,0.7415781208583171,0.9856251352537692,1.5354490412610955,0.4195953548002817,0,,False,being_overtaken,30,0.0,False,0.0,tier_b,B-23-06,CH-BO-RE-07,666,channel,re,off
model,being_overtaken,9.726699856298724,1.3683473913920756,-3.1107924413628973,,False,,collision:obstacle,True,False,36,-351.2263256904063,-7.402093981939939,0,0,0,9,0,0.0,0.0,0.0,1.827677526404923,0.0,0.7102983576952444,0.8739613762256325,3.2552827294251703,1.7183731534177458,0,,False,being_overtaken,9,0.0,False,0.0,tier_b,B-23-07,CH-BO-RE-08,667,channel,re,off
model,being_overtaken,9.888208635212655,1.5837145631463418,5.973963034216045,,False,,goal,False,False,51,25.62468806187931,-11.649459685293227,0,0,0,5,0,0.0,0.0,0.0,2.876409798837834,0.0,0.7897370904678905,0.9727495705746709,3.6377507837356053,2.447745224058651,0,,False,being_overtaken,5,0.0,False,0.0,tier_b,B-23-08,CH-BO-RE-09,668,channel,re,off
model,being_overtaken,9.554009289206258,1.9771335862570683,-8.91964174148698,,False,,goal,False,False,54,-5.590374213399144,-39.18940844773103,0,0,0,32,0,0.0,0.0,0.0,9.67639714758791,0.0,0.7063195926707206,0.95890560448611,2.785366327925839,0.7361418225271807,0,,False,being_overtaken,36,0.0,False,0.0,tier_b,B-23-09,CH-BO-RE-10,669,channel,re,off
model,being_overtaken,9.49956345855006,1.7230386898978356,-3.4368801559108197,,False,,goal,False,False,50,43.064655758184756,-29.975922182925203,0,0,0,18,0,0.0,0.0,0.0,7.401462267388939,0.0,0.7871004005797774,0.9180244518625533,1.9684981816038218,1.3000994942040314,0,,False,being_overtaken,19,0.0,False,0.0,tier_b,B-23-10,CH-BO-RE-11,670,channel,re,off
model,being_overtaken,10.0,1.5351782310889264,-3.5114801933301294,,False,,goal,False,False,51,57.22183570373807,-9.22721769813135,0,0,0,6,0,0.0,0.0,0.0,2.278325357563296,0.0,0.7837587061713998,0.9399027255428671,2.149838001851235,1.4302039453867428,0,,False,being_overtaken,6,0.0,False,0.0,tier_b,B-23-11,CH-BO-RE-12,671,channel,re,off
model,being_overtaken,9.558087837045521,2.0782608328785757,-9.434247459104213,,False,,collision:boundary,True,False,49,-371.99314478737944,-7.679935790866665,0,0,0,11,0,0.0,0.0,0.0,1.8962804421893003,0.0,0.8137700059679601,1.057343373011497,3.438060914159902,2.119680714819758,0,,False,being_overtaken,11,0.0,False,0.0,tier_b,B-23-12,CH-BO-RE-13,672,channel,re,off
model,being_overtaken,11.074172611742998,1.7482481642059218,8.79289557579705,,False,,collision:boundary,True,False,60,-451.55707834986447,-42.106155449602085,0,0,0,30,0,0.0,0.0,0.0,10.396581592494343,0.0,0.6657430887015813,0.8010631796216491,3.1485139898544037,1.866206042157495,0,,False,being_overtaken,30,0.0,False,0.0,tier_b,B-23-13,CH-BO-RE-14,673,channel,re,off
model,being_overtaken,10.715842148894506,1.6020027772799859,8.006497405962879,,False,,goal,False,False,52,9.706458900462025,-9.411603578101424,0,0,0,9,0,0.0,0.0,0.0,2.323852735333685,0.0,0.762324044199614,0.9273529264554663,3.3677528964342094,1.9014568967426975,0,,False,being_overtaken,9,0.0,False,0.0,tier_b,B-23-14,CH-BO-RE-15,674,channel,re,off
model,being_overtaken,9.962184763865155,1.7937008923235322,7.913044103514924,,False,,goal,False,False,53,102.31477544950619,-7.9182917218453355,0,0,0,5,0,0.0,0.0,0.0,1.9551337584803299,0.0,0.7180822802404385,0.8568805253430574,2.4678899045024045,0.7711781101400612,0,,False,being_overtaken,5,0.0,False,0.0,tier_b,B-23-15,CH-BO-RE-16,675,channel,re,off
model,being_overtaken,10.0,1.7928558818761573,7.268922183468554,,False,,collision:target,True,True,47,-387.60631831081133,-73.01987900727568,0,0,0,21,0,0.0,0.0,0.0,18.029599754882874,0.0,0.7489632266498252,1.0076786626484555,0.9642416765118649,0.5738016596259151,0,,False,being_overtaken,30,0.0,False,0.0,tier_b,B-23-16,CH-BO-RE-17,676,channel,re,off
model,being_overtaken,10.0,1.9589682271879547,2.391148402005978,,False,,goal,False,False,53,11.734030586861934,-16.03607934120819,0,0,0,7,0,0.0,0.0,0.0,3.959525763261281,0.0,0.7492523992037408,0.9231733647734435,3.415668168528935,1.777566243001585,0,,False,being_overtaken,7,0.0,False,0.0,tier_b,B-23-17,CH-BO-RE-18,677,channel,re,off
model,being_overtaken,10.0,1.987953265588875,7.8640679000367335,,False,,goal,False,False,52,25.981098637208802,-31.140906904963597,0,0,0,16,0,0.0,0.0,0.0,7.814433170455235,0.0,0.7751424148309174,1.0215063341282633,2.727215921380696,1.3398266967442072,0,,False,being_overtaken,18,0.0,False,0.0,tier_b,B-23-18,CH-BO-RE-19,678,channel,re,off
model,being_overtaken,10.161501326284435,1.516508222494266,3.3295474625973753,,False,,goal,False,False,52,40.211178670768554,-34.83262877803929,0,0,0,17,0,0.0,0.0,0.0,8.600649080997353,0.0,0.7399179796494633,0.8894391714674643,2.762745832700251,0.979939350627866,0,,False,being_overtaken,17,0.0,False,0.0,tier_b,B-23-19,CH-BO-RE-20,679,channel,re,off
model,being_overtaken,9.977474188790042,1.9426545997283227,-2.210137242425767,,False,,goal,False,False,50,65.33997749753075,-11.011781364636773,0,0,0,7,0,0.0,0.0,0.0,2.71895836163871,0.0,0.7709800309350995,0.9352746249389783,2.9324725280541255,1.208520031569669,0,,False,being_overtaken,7,0.0,False,0.0,tier_b,B-23-20,CH-BO-RE-21,680,channel,re,off
model,being_overtaken,10.880211490474945,1.9775653973867169,7.279494164863138,,False,,goal,False,False,49,55.589840795978944,-11.433220993881495,0,0,0,8,0,0.0,0.0,0.0,2.8230175293534554,0.0,0.7966074156734702,1.0166817585105927,2.0100687331059275,1.5079215963387906,0,,False,being_overtaken,8,0.0,False,0.0,tier_b,B-23-21,CH-BO-RE-22,681,channel,re,off
model,being_overtaken,9.284414321247274,1.4795497654559908,8.56953374866751,,False,,goal,False,False,49,-56.94362580317096,-71.93879558394251,0,0,0,24,0,0.0,0.0,0.0,18.13718313672768,0.0,0.818375802900754,0.9625389599031772,3.113657190974309,1.4514749924501609,0,,False,being_overtaken,24,0.0,False,0.0,tier_b,B-23-22,CH-BO-RE-23,682,channel,re,off
model,being_overtaken,10.25142389104578,1.4580395125813075,-3.7008300969021324,,False,,collision:obstacle,True,False,45,-377.8932101599472,-15.258295368509113,0,0,0,8,0,0.0,0.0,0.0,3.7674803379034847,0.0,0.6674606616752916,0.8748952858955955,3.4689612379471724,2.265921809429941,0,,False,being_overtaken,8,0.0,False,0.0,tier_b,B-23-23,CH-BO-RE-24,683,channel,re,off
model,being_overtaken,9.981898815348215,1.4935568598436841,4.097460437049527,,False,,goal,False,False,56,23.220448532125985,-26.710606025458187,0,0,0,14,0,0.0,0.0,0.0,6.595211364310664,0.0,0.7019193205492854,0.8322625312478277,2.4353515883443206,1.357463153250255,0,,False,being_overtaken,14,0.0,False,0.0,tier_b,B-23-24,CH-BO-RE-25,684,channel,re,off
model,being_overtaken,9.87979270972011,1.9900673699684517,-7.835019907526563,,False,,collision:boundary,True,False,55,-381.37917609747836,-52.031296981431844,0,0,0,37,0,0.0,0.0,0.0,12.847233822575763,0.0,0.7133766280015588,0.8648327699107279,2.6672726112160916,1.5434308512389812,0,,False,being_overtaken,43,0.0,False,0.0,tier_b,B-23-25,CH-BO-RE-26,685,channel,re,off
model,being_overtaken,10.0,1.5455291523910617,5.864480973143763,,False,,collision:obstacle,True,False,35,-374.1500173195408,-12.242816437032058,0,0,0,8,0,0.0,0.0,0.0,3.022917638773348,0.0,0.7780582132974218,0.9520208123597242,3.427403307411569,1.6698745042687313,0,,False,being_overtaken,8,0.0,False,0.0,tier_b,B-23-26,CH-BO-RE-27,686,channel,re,off
model,being_overtaken,9.95480237902196,1.3616732610879594,-4.084079477358429,,False,,collision:boundary,True,False,56,-370.95277586085626,-34.069721033812556,1,0,0,23,0,0.13101186650484864,0.0,0.0,8.252151183855199,0.0,0.6993789998301533,0.8285232919198394,2.4235129513876714,1.4049590222387538,0,,False,being_overtaken,29,0.0,False,0.0,tier_b,B-23-27,CH-BO-RE-28,687,channel,re,off
model,being_overtaken,10.027132763967446,1.6200938680221777,-8.09526659898282,,False,,collision:boundary,True,False,55,-382.0511202399732,-52.9754937055604,0,0,0,35,0,0.0,0.0,0.0,13.080368816187748,0.0,0.7134113910286425,0.8761965524506415,2.5255450981499865,1.4920514939885314,0,,False,being_overtaken,45,0.0,False,0.0,tier_b,B-23-28,CH-BO-RE-29,688,channel,re,off
model,being_overtaken,9.22375029789435,1.7961895179084084,-8.848700851483224,,False,,goal,False,False,47,22.674728300849395,-28.79481300602449,0,0,0,15,0,0.0,0.0,0.0,7.109830371857898,0.0,0.8347355742993937,1.0075711795976336,3.10938238860214,1.2266202387194753,0,,False,being_overtaken,15,0.0,False,0.0,tier_b,B-23-29,CH-BO-RE-30,689,channel,re,off
model,being_overtaken,9.999999999999998,1.3742956050900488,-5.697823439992325,,False,,goal,False,False,50,61.008633796999774,-19.087930517979753,0,0,0,19,0,0.0,0.0,0.0,4.713069263698704,0.0,0.7695346474284374,0.9720049522243828,2.787042647127431,1.390529968065524,0,,False,being_overtaken,21,0.0,False,0.0,tier_b,B-23-30,CH-BO-RE-31,690,channel,re,off
model,being_overtaken,10.318827926823985,1.676831788651854,-8.71542453543511,,False,,collision:boundary,True,False,59,-403.1166394761252,-66.34007731235478,0,0,0,32,0,0.0,0.0,0.0,16.380266003050558,0.0,0.6638969250212844,0.883968499478168,1.8006888467089637,1.7087227816752426,0,,False,being_overtaken,38,0.0,False,0.0,tier_b,B-23-31,CH-BO-RE-32,691,channel,re,off
model,being_overtaken,10.212307046829215,1.801196019311334,8.15192003729123,,False,,collision:obstacle,True,False,38,-339.61987083508336,-8.281190638102325,0,0,0,17,0,0.0,0.0,0.0,2.0447384291610673,0.0,0.5605311990521035,0.6975917032699569,3.8097025221460377,1.5146252689454935,0,,False,being_overtaken,17,0.0,False,0.0,tier_b,B-23-32,CH-BO-RE-33,692,channel,re,off
model,being_overtaken,9.407729573279614,1.5667896801118102,-7.6081580392532455,,False,,collision:obstacle,True,False,35,-390.7213867332965,-49.03778559152574,0,0,0,25,0,0.0,0.0,0.0,12.623572641635619,0.0,0.6724230102374132,0.9190558532994054,3.37500921449689,1.4947832838904709,0,,False,being_overtaken,26,0.0,False,0.0,tier_b,B-23-33,CH-BO-RE-34,693,channel,re,off
model,being_overtaken,9.999999999999996,2.0181365657865165,9.912137652137176,,False,,goal,False,False,52,35.2628614604844,-57.07261141746487,0,0,0,24,0,0.0,0.0,0.0,14.092002819127126,0.0,0.7379185482399312,0.9926720293613337,2.532800168678167,0.688662828635525,0,,False,being_overtaken,26,0.0,False,0.0,tier_b,B-23-34,CH-BO-RE-35,694,channel,re,off
model,being_overtaken,9.547504977789275,1.9810275679813487,7.063202538945724,,False,,collision:target,True,True,54,-359.7491779679817,-18.19863873580386,0,0,0,12,0,0.0,0.0,0.0,4.493491045877496,0.0,0.7587110009772101,0.9855126226203857,0.8662109058609103,1.4164756045830438,0,,False,being_overtaken,20,0.0,False,0.0,tier_b,B-23-35,CH-BO-RE-36,695,channel,re,off
model,being_overtaken,9.999999999999998,1.6305887707912565,2.986437825790329,,False,,goal,False,False,51,11.907973953546701,-60.05119381865998,0,0,0,16,0,0.0,0.0,0.0,14.82745526386666,0.0,0.7623815318883318,0.9753894820194069,1.6406337639092696,0.6619879954948181,0,,False,being_overtaken,16,0.0,False,0.0,tier_b,B-23-36,CH-BO-RE-37,696,channel,re,off
model,being_overtaken,10.037014746982145,1.723367193249801,-6.565986321707003,,False,,goal,False,False,49,37.982533807379575,-10.072956359052515,0,0,0,7,0,0.0,0.0,0.0,2.487149718284572,0.0,0.8067957457360392,1.0112937868070029,2.9782001154548032,1.4607996682032607,0,,False,being_overtaken,7,0.0,False,0.0,tier_b,B-23-37,CH-BO-RE-38,697,channel,re,off
model,being_overtaken,10.163730454285325,1.8274880848559567,8.239057201118843,,False,,goal,False,False,51,-1.7211961826570246,-13.2656865545826,0,0,0,8,0,0.0,0.0,0.0,3.275478161625334,0.0,0.7676219649270412,0.995751128184631,3.48425123895237,1.891109322245963,0,,False,being_overtaken,8,0.0,False,0.0,tier_b,B-23-38,CH-BO-RE-39,698,channel,re,off
model,being_overtaken,11.688836356459996,1.5431648209733326,7.1089566557592505,,False,,collision:boundary,True,False,60,-339.2814412462909,-14.941543478518449,0,0,0,12,0,0.0,0.0,0.0,3.6892699946959135,0.0,0.6634388051955687,0.8831794331773566,2.3795654322200375,1.7341262933737889,0,,False,being_overtaken,20,0.0,False,0.0,tier_b,B-23-39,CH-BO-RE-40,699,channel,re,off
model,being_overtaken,9.556228436019913,1.9445558297546373,6.589238433300611,,False,,goal,False,False,49,-105.94728257786258,-14.451422269066688,0,0,0,9,0,0.0,0.0,0.0,3.5682524121152315,0.0,0.8004519153572541,0.9821895348597679,1.564074433350216,1.8328639850089512,0,,False,being_overtaken,9,0.0,False,0.0,tier_b,B-24-00,CH-BO-NC-01,700,channel,nc,off
model,being_overtaken,9.333805905222826,1.6940804731597883,-8.336449556080606,,False,,collision:boundary,True,False,57,-405.02886649824336,-89.64408090062766,0,0,0,28,0,0.0,0.0,0.0,22.134340963117932,0.0,0.6890943636828616,0.8491304203421731,1.9047584900150358,1.4040057344029024,0,,False,being_overtaken,37,0.0,False,0.0,tier_b,B-24-01,CH-BO-NC-02,701,channel,nc,off
model,being_overtaken,9.999999999999996,1.7560676358278475,-8.64583310567923,,False,,collision:boundary,True,False,58,-412.09846832447715,-93.87916364794054,0,0,0,36,0,0.0,0.0,0.0,23.460196139225303,0.0,0.6745845536491556,0.7919920229769069,1.7353112609027714,1.1884897383309923,0,,False,being_overtaken,40,0.0,False,0.0,tier_b,B-24-02,CH-BO-NC-03,702,channel,nc,off
model,being_overtaken,9.556735038222397,2.0211656078634337,-9.079366362513863,,False,,collision:boundary,True,False,58,-381.2645791770136,-57.65304378246044,0,0,0,26,0,0.0,0.0,0.0,14.235319452459365,0.0,0.6753333746239032,0.8849573563754662,2.2416501157079285,1.4133289157771287,0,,False,being_overtaken,39,0.0,False,0.0,tier_b,B-24-03,CH-BO-NC-04,703,channel,nc,off
model,being_overtaken,10.629510587211447,1.692838109015696,8.671667485808129,,False,,collision:target,True,True,46,-407.19613847253527,-80.53434974739498,0,0,0,23,0,0.0,0.0,0.0,19.885024628986407,0.0,0.7281689762858136,0.9599331722306166,1.1642420550259434,1.342904954493365,0,,False,being_overtaken,34,0.0,False,0.0,tier_b,B-24-04,CH-BO-NC-05,704,channel,nc,off
model,being_overtaken,9.741503906623125,1.5280915993626074,-0.8307227561974599,,False,,goal,False,False,51,38.50966809105248,-32.34210798059056,0,0,0,12,0,0.0,0.0,0.0,7.985705674219892,0.0,0.7838095881130946,0.9337025437733089,1.6592088287356714,1.6676645792069487,0,,False,being_overtaken,15,0.0,False,0.0,tier_b,B-24-05,CH-BO-NC-06,705,channel,nc,off
model,being_overtaken,10.0,1.5929576749405012,9.21434131609211,,False,,collision:target,True,True,41,-399.09172664797984,-89.11602577395848,0,0,0,21,0,0.0,0.0,0.0,22.00395698122431,0.0,0.7297587744809011,0.9491563905482032,1.0068189824270033,0.5022078813112411,0,,False,being_overtaken,29,0.0,False,0.0,tier_b,B-24-06,CH-BO-NC-07,706,channel,nc,off
model,being_overtaken,9.985262345348124,1.8501007172156556,-1.5862896491925316,,False,,goal,False,False,53,56.90428561876566,-37.024272458305454,0,0,0,27,0,0.0,0.0,0.0,9.141795668717394,0.0,0.7282760786060547,0.908825542430647,2.6131185227404194,1.3674447584196525,0,,False,being_overtaken,29,0.0,False,0.0,tier_b,B-24-07,CH-BO-NC-08,707,channel,nc,off
model,being_overtaken,9.889257288420604,1.6607810930953832,-9.20132754577124,,False,,collision:target,True,True,49,-376.600246360769,-10.463898344560231,0,0,0,8,0,0.0,0.0,0.0,2.5836786035951196,0.0,0.8299712970131662,0.9996635478545217,1.38862593059301,2.1884366078846478,0,,False,being_overtaken,10,0.0,False,0.0,tier_b,B-24-08,CH-BO-NC-09,708,channel,nc,off
model,being_overtaken,10.0,2.115467472662786,-9.1275054579281,,False,,collision:boundary,True,False,57,-428.69878486091807,-89.67708610914458,0,0,0,34,0,0.0,0.0,0.0,22.142490397319662,0.0,0.6849322965062732,0.926696399867452,1.4501778747533762,1.1553499199960626,0,,False,being_overtaken,44,0.0,False,0.0,tier_b,B-24-09,CH-BO-NC-10,709,channel,nc,off
model,being_overtaken,10.571516889607276,1.6720698118476431,5.092688321189339,,False,,goal,False,False,50,59.91250680900945,-9.701464600299678,0,0,0,6,0,0.0,0.0,0.0,2.3954233580986855,0.0,0.7761787457157648,0.9615094797670458,1.576909313601131,1.6440136138732715,0,,False,being_overtaken,6,0.0,False,0.0,tier_b,B-24-10,CH-BO-NC-11,710,channel,nc,off
model,being_overtaken,10.157629198518656,1.98425346888397,2.554588777759557,,False,,goal,False,False,52,27.21850881411237,-73.72797485223987,0,0,0,21,0,0.0,0.0,0.0,18.204438235120957,0.0,0.7272824302655988,0.9139359955895348,1.2955094688645186,0.41543627382910675,0,,False,being_overtaken,33,0.0,False,0.0,tier_b,B-24-11,CH-BO-NC-12,711,channel,nc,off
model,being_overtaken,10.01614414099173,1.670162036801078,7.002645151168821,,False,,collision:target,True,True,46,-364.63514527195525,-19.018484005910935,0,0,0,8,0,0.0,0.0,0.0,4.695921976768132,0.0,0.776927246461601,0.9507017835798345,0.866898701114467,1.3359480187099662,0,,False,being_overtaken,8,0.0,False,0.0,tier_b,B-24-12,CH-BO-NC-13,712,channel,nc,off
model,being_overtaken,10.01027829032495,1.5468909819404986,-4.708004651273683,,False,,goal,False,False,48,36.48255622685665,-22.23233682346622,0,0,0,7,0,0.0,0.0,0.0,5.489465882337338,0.0,0.8242115615272065,1.0376396324402841,1.287012325631032,1.7220182162968192,0,,False,being_overtaken,11,0.0,False,0.0,tier_b,B-24-13,CH-BO-NC-14,713,channel,nc,off
model,being_overtaken,9.515457717040196,1.431911418108696,7.106536495085301,,False,,collision:target,True,True,43,-353.6086013264169,-27.198192873171628,0,0,0,16,0,0.0,0.0,0.0,6.715603178560893,0.0,0.7735923586001531,0.975101446053339,1.1877431619770304,1.281046199006667,0,,False,being_overtaken,21,0.0,False,0.0,tier_b,B-24-14,CH-BO-NC-15,714,channel,nc,off
model,being_overtaken,10.48321116342579,1.2337767967048168,2.098308615412698,,False,,goal,False,False,48,-29.615312024582565,-31.288483432273654,0,0,0,11,0,0.0,0.0,0.0,7.725551464758927,0.0,0.817679781354756,0.9668332479039126,2.4493229706176556,1.3574203459523202,0,,False,being_overtaken,13,0.0,False,0.0,tier_b,B-24-15,CH-BO-NC-16,715,channel,nc,off
model,being_overtaken,10.037505965075097,1.8827285556137312,5.753849198157074,,False,,goal,False,False,48,-0.5167919356864275,-40.98778919310644,0,0,0,10,0,0.0,0.0,0.0,10.60761975758279,0.0,0.8158652676243806,1.0156817403534832,2.054017567560763,1.8281085639898103,0,,False,being_overtaken,14,0.0,False,0.0,tier_b,B-24-16,CH-BO-NC-17,716,channel,nc,off
model,being_overtaken,9.999999999999998,1.6049480744493156,7.349449477400128,,False,,goal,False,False,51,11.092073401093998,-70.82996925155025,0,0,0,21,0,0.0,0.0,0.0,17.488881296679075,0.0,0.7543009126400776,0.9430007120406176,0.7312554686799854,0.5749995336804613,0,,False,being_overtaken,34,0.0,False,0.0,tier_b,B-24-17,CH-BO-NC-18,717,channel,nc,off
model,being_overtaken,10.357781496358793,1.6807035742157463,2.570955072461821,,False,,goal,False,False,49,11.108010558185683,-76.14421703124799,0,0,0,19,0,0.0,0.0,0.0,18.801041242283453,0.0,0.7697328141943448,0.9772427291265444,1.22313178843945,0.4749342458810744,0,,False,being_overtaken,34,0.0,False,0.0,tier_b,B-24-18,CH-BO-NC-19,718,channel,nc,off
model,being_overtaken,9.999999999999998,1.9885671677416474,-3.813949275593207,,False,,goal,False,False,51,70.56668265902195,-5.797300579041472,0,0,0,6,0,0.0,0.0,0.0,1.431432241738635,0.0,0.7705094589728312,0.928739129495597,1.1752010130670774,1.3231863270850035,0,,False,being_overtaken,6,0.0,False,0.0,tier_b,B-24-19,CH-BO-NC-20,719,channel,nc,off
model,being_overtaken,9.79223444759822,2.0408282049977378,-9.120097773754967,,False,,collision:boundary,True,False,55,-387.4927582472987,-59.572553849376135,0,0,0,28,0,0.0,0.0,0.0,14.709272555401512,0.0,0.7143927450544436,0.8486269381492044,2.0796104697866475,1.2658553642635486,0,,False,being_overtaken,42,0.0,False,0.0,tier_b,B-24-20,CH-BO-NC-21,720,channel,nc,off
model,being_overtaken,9.999999999999998,1.5428512106804195,-1.0623783115419023,,False,,goal,False,False,48,37.20738258381581,-31.43390351533593,0,0,0,21,0,0.0,0.0,0.0,7.761457658107637,0.0,0.7920797156081706,0.9806891015887921,2.091621470907225,1.169577734539039,0,,False,being_overtaken,21,0.0,False,0.0,tier_b,B-24-21,CH-BO-NC-22,721,channel,nc,off
model,being_overtaken,9.85976623229687,1.7152225269493724,2.855737435935005,,False,,goal,False,False,54,-19.14660304086661,-11.252033745322057,0,0,0,7,0,0.0,0.0,0.0,2.7782799371165567,0.0,0.7633830426371817,0.9330405004585208,2.2401346480812907,2.598417383898948,0,,False,being_overtaken,7,0.0,False,0.0,tier_b,B-24-22,CH-BO-NC-23,722,channel,nc,off
model,being_overtaken,9.999999999999998,1.9294297197367825,-7.386223297466614,,False,,goal,False,False,51,56.9597798123938,-10.934065762105012,0,0,0,8,0,0.0,0.0,0.0,2.6997693239765463,0.0,0.7794313989275844,1.0233419743760408,1.2335669223999977,1.7756341228368382,0,,False,being_overtaken,8,0.0,False,0.0,tier_b,B-24-23,CH-BO-NC-24,723,channel,nc,off
model,being_overtaken,10.887967509919548,1.550195118269397,-8.27115703655429,,False,,collision:target,True,True,48,-354.5452529311103,-22.516913318443848,0,0,0,10,0,0.0,0.0,0.0,5.559731683566383,0.0,0.7687733340095413,0.9573332649920984,0.8807819324296159,1.3612048292676413,0,,False,being_overtaken,11,0.0,False,0.0,tier_b,B-24-24,CH-BO-NC-25,724,channel,nc,off
model,being_overtaken,10.663301990052519,1.3104702035229767,-3.6817098961920625,,False,,collision:boundary,True,False,55,-408.383282127577,-61.99581427436232,0,0,0,21,0,0.0,0.0,0.0,15.30760846280551,0.0,0.7116038379268106,0.976793794041539,1.3951327944382073,1.4711518488974977,0,,False,being_overtaken,31,0.0,False,0.0,tier_b,B-24-25,CH-BO-NC-26,725,channel,nc,off
model,being_overtaken,9.996986108667826,1.6166228227296413,-9.557683279964767,,False,,collision:boundary,True,False,58,-373.7307536726245,-48.434004510891796,0,0,0,26,1,0.0,0.0,0.0,11.3857780044929,0.5159119094878969,0.6796136063439129,0.8659040846761595,1.5726730685204386,1.4402114110602489,0,,False,being_overtaken,42,0.0,False,0.0,tier_b,B-24-26,CH-BO-NC-27,726,channel,nc,off
model,being_overtaken,9.999999999999996,1.6741295357485322,-8.85883210450535,,False,,collision:boundary,True,False,58,-401.35741061532235,-82.81852075013357,0,0,0,37,0,0.0,0.0,0.0,20.44901746916878,0.0,0.6723248929735179,0.7757991583352389,1.8591097772467102,1.3218472921415743,0,,False,being_overtaken,47,0.0,False,0.0,tier_b,B-24-27,CH-BO-NC-28,727,channel,nc,off
model,being_overtaken,9.707579962186344,1.994245056227799,8.162250057336443,,False,,collision:target,True,True,43,-388.9623501451239,-84.04615343011187,0,0,0,25,0,0.0,0.0,0.0,20.965502771072508,0.0,0.6970996766826383,0.9068289679032551,1.2776482955636774,0.6460740978749606,0,,False,being_overtaken,37,0.0,False,0.0,tier_b,B-24-28,CH-BO-NC-29,728,channel,nc,off
model,being_overtaken,10.051383457640737,1.750885488981689,8.969076940513162,,False,,collision:target,True,True,44,-438.3532630086835,-101.00908166294829,0,0,0,23,0,0.0,0.0,0.0,26.43944565413901,0.0,0.795991272580784,0.9403047625633569,0.863787181739349,1.584456672266218,0,,False,being_overtaken,23,0.0,False,0.0,tier_b,B-24-29,CH-BO-NC-30,729,channel,nc,off
model,being_overtaken,9.999999999999998,1.6011268102900944,-6.681896567156205,,False,,collision:obstacle,True,False,30,-366.60995826408794,-32.921847684603975,0,0,0,12,0,0.0,0.0,0.0,8.128851280149128,0.0,0.7207248608926057,0.9086933185857632,2.7143721972370085,1.115994891248428,0,,False,being_overtaken,12,0.0,False,0.0,tier_b,B-24-30,CH-BO-NC-31,730,channel,nc,off
model,being_overtaken,9.949181056491254,1.6547199557512104,-9.047533260766778,,False,,collision:boundary,True,False,50,-384.41159113574224,-12.328006101274532,0,0,0,6,0,0.0,0.0,0.0,3.0439521237714895,0.0,0.8149071648280849,1.0204990918254981,1.8566893517002998,2.3928886308140647,0,,False,being_overtaken,6,0.0,False,0.0,tier_b,B-24-31,CH-BO-NC-32,731,channel,nc,off
model,being_overtaken,9.79230810832228,1.9829888233706938,0.25188225340473736,,False,,goal,False,False,48,46.69780468053393,-8.445942209699378,0,0,0,5,0,0.0,0.0,0.0,2.0854178295554022,0.0,0.8159881192890297,1.0032387549231976,2.2367927827292537,1.4144507942970215,0,,False,being_overtaken,5,0.0,False,0.0,tier_b,B-24-32,CH-BO-NC-33,732,channel,nc,off
model,being_overtaken,9.99004140727738,1.8744891642944084,8.295463489419028,,False,,collision:target,True,True,47,-378.1798540281646,-68.22983781898942,0,0,0,24,0,0.0,0.0,0.0,16.846873535552945,0.0,0.7495955667331481,0.98313605396058,1.3441613486283044,0.45642879843421413,0,,False,being_overtaken,30,0.0,False,0.0,tier_b,B-24-33,CH-BO-NC-34,733,channel,nc,off
model,being_overtaken,9.968353619665658,1.404571500479074,-6.492741499802328,,False,,collision:boundary,True,False,57,-399.14684378302724,-72.00662442077514,0,0,0,30,0,0.0,0.0,0.0,17.779413437228428,0.0,0.6876057919038674,0.8171545949161192,1.8329167476366395,1.3049911934534792,0,,False,being_overtaken,41,0.0,False,0.0,tier_b,B-24-34,CH-BO-NC-35,734,channel,nc,off
model,being_overtaken,10.825345865058214,1.7784132800067367,5.254308792979863,,False,,collision:target,True,True,47,-376.8590387120332,-16.848063357806343,0,0,0,7,0,0.0,0.0,0.0,4.160015643902801,0.0,0.8101892868686724,0.9290323278912141,0.7772479764588273,1.6740277871724978,0,,False,being_overtaken,7,0.0,False,0.0,tier_b,B-24-35,CH-BO-NC-36,735,channel,nc,off
model,being_overtaken,10.159482289928146,1.9000685884942294,-7.83488307678728,,False,,collision:boundary,True,False,56,-383.2501646192055,-59.332163687086734,0,0,0,27,0,0.0,0.0,0.0,14.649916959774503,0.0,0.6994141923752475,0.8957894691722834,2.2631642185196585,1.4304548587094421,0,,False,being_overtaken,37,0.0,False,0.0,tier_b,B-24-36,CH-BO-NC-37,736,channel,nc,off
model,being_overtaken,9.876841854514625,1.7835664258841866,4.577336411332384,,False,,goal,False,False,49,15.783904578019133,-41.666270055253285,0,0,0,15,0,0.0,0.0,0.0,10.287967914877353,0.0,0.8073622902049914,1.0340454112356265,1.1593105372974295,1.3460176856533719,0,,False,being_overtaken,23,0.0,False,0.0,tier_b,B-24-37,CH-BO-NC-38,737,channel,nc,off
model,being_overtaken,10.524710135776056,1.6833444561445865,-6.688109058467406,,False,,goal,False,False,50,45.3908163048042,-8.973558282473256,0,0,0,8,0,0.0,0.0,0.0,2.2156934030798165,0.0,0.7936099818188768,1.014596564211723,1.4818799569921381,1.7056017722528058,0,,False,being_overtaken,14,0.0,False,0.0,tier_b,B-24-38,CH-BO-NC-39,738,channel,nc,off
model,being_overtaken,9.999999999999996,1.7358621290711596,-6.757884182900751,,False,,collision:boundary,True,False,58,-372.3077156195221,-54.18398981059123,0,0,0,28,0,0.0,0.0,0.0,13.378762916195363,0.0,0.6734502112777774,0.7977224222877481,2.236495429778385,1.2922878643637814,0,,False,being_overtaken,34,0.0,False,0.0,tier_b,B-24-39,CH-BO-NC-40,739,channel,nc,off
model,null,10.0,6.402787750407577,0.4397175180479955,,,,goal,False,False,58,87.09884767879751,0.0,0,0,0,0,0,0.0,0.0,0.0,0.0,0.0,0.6715316837574647,0.9260832541233802,6.73627780167255,1.327178068420014,0,,False,never,0,0.0,False,0.0,tier_b,B-25-00,CH-NU-CV-01,740,channel,cv,off
model,null,9.756927740359394,4.731557190491743,-5.032369587205379,,,,goal,False,False,62,103.6725005371013,-7.22694303967102,3,0,6,0,1,0.6464213412082119,0.0,1.1114672619156578,0.0,0.005750057287556128,0.624797287825491,0.7880657863164712,5.860051303535553,1.1013025440185658,0,,False,overtaking,23,0.0,False,0.0,tier_b,B-25-01,CH-NU-CV-02,741,channel,cv,off
model,null,10.20609031156661,8.952642133156829,8.893581489770433,,,,goal,False,False,59,69.79743061409266,-0.6423541466987863,9,0,1,0,0,0.09299801315342754,0.0,0.05055943933036666,0.0,0.0,0.6630603386839711,0.8556358836166332,6.871109717512422,1.4430996191899133,0,,False,overtaking,10,0.0,False,0.0,tier_b,B-25-02,CH-NU-CV-03,742,channel,cv,off
model,null,9.949040465676354,6.161425379424803,1.5293254566548935,,,,goal,False,False,55,58.49835138634859,-17.024840278036805,10,0,0,0,4,2.8856741575254463,0.0,0.0,0.0,0.6090562662857433,0.7146252555304221,0.887127906632376,4.570617996124872,1.295111483457398,0,,False,overtaking,17,0.0,False,0.0,tier_b,B-25-03,CH-NU-CV-04,743,channel,cv,off
model,null,10.024859227742311,10.962511564517294,9.142703552249934,,,,goal,False,False,59,22.422637647560222,0.0,0,0,0,0,0,0.0,0.0,0.0,0.0,0.0,0.6775522214086744,0.8523179523870885,8.798150501304168,1.9298279013207111,0,,False,never,0,0.0,False,0.0,tier_b,B-25-04,CH-NU-CV-05,744,channel,cv,off
model,null,10.372229054893863,0.5357273963728372,-5.319813560635027,,,,goal,False,False,56,67.3551461147358,-2.296409718088401,7,0,0,0,2,0.40383456197917256,0.0,0.0,0.0,0.06609525250922148,0.7015790174172672,0.8629443704999186,5.22064089410574,1.4042621948229144,0,,False,overtaking,12,0.0,False,0.0,tier_b,B-25-05,CH-NU-CV-06,745,channel,cv,off
model,null,9.999999999999996,6.25032246275428,-5.682538319219743,,,,goal,False,False,64,101.48663119046373,-5.528333429774241,4,0,4,0,0,0.38981188855275406,0.0,0.9996568281772524,0.0,0.0,0.5999275670492965,0.8471723226653879,6.4386290575522835,1.069815870390356,0,,False,overtaking,16,0.0,False,0.0,tier_b,B-25-06,CH-NU-CV-07,746,channel,cv,off
model,null,10.0,3.0477160080376398,2.69249906769684,,,,goal,False,False,52,33.189746621608535,-14.304717568388696,7,4,4,0,2,1.7738956555951222,0.4282555314940958,0.7962688194470426,0.0,0.11944476495282537,0.7554318374548562,1.0037894499405224,4.9398307672290365,1.8759019004113429,0,,False,overtaking,18,0.0,False,0.0,tier_b,B-25-07,CH-NU-CV-08,747,channel,cv,off
model,null,9.381865316048694,1.7450214749076207,-2.6104002958335437,,,,goal,False,False,59,86.36189481731657,0.0,0,0,0,0,0,0.0,0.0,0.0,0.0,0.0,0.6499519604343675,0.7440626931814331,9.796027914663656,0.6461997188731108,0,,False,never,0,0.0,False,0.0,tier_b,B-25-08,CH-NU-CV-09,748,channel,cv,off
model,null,9.999999999999998,8.016092314131617,5.597294768606961,,,,goal,False,False,55,37.29990529907466,-17.515136562078986,8,1,1,0,1,3.108213038250443,0.12194074714813592,0.34313675803841287,0.0,0.06457399898171845,0.7195161313050864,0.9096883972825381,4.395051006310572,1.3501459458464191,0,,False,overtaking,19,0.0,False,0.0,tier_b,B-25-09,CH-NU-CV-10,749,channel,cv,off
model,null,9.908508065113132,1.1272331582185444,-2.8770859550520544,,,,goal,False,False,61,6.0058896903360335,0.0,0,0,0,0,0,0.0,0.0,0.0,0.0,0.0,0.6529677010567623,0.9472676457315221,8.01782492700795,1.7998441192391657,0,,False,never,0,0.0,False,0.0,tier_b,B-25-10,CH-NU-CV-11,750,channel,cv,off
model,null,10.0,5.663451138824793,-0.43088964390056894,,,,goal,False,False,60,15.58409117567767,0.0,0,0,0,0,0,0.0,0.0,0.0,0.0,0.0,0.644038840097902,0.8773091735673894,11.224492294240246,2.0128022846607596,0,,False,never,0,0.0,False,0.0,tier_b,B-25-11,CH-NU-CV-12,751,channel,cv,off
model,null,9.83162465245624,3.825723767036251,0.21125149968866808,,,,goal,False,False,55,58.37520724382538,-15.14872975896912,15,6,3,0,0,1.9330912015527337,0.8978298308101036,0.31546406910363145,0.0,0.0,0.6905574420331448,0.9144179630748323,5.047242161940826,0.30591471060832637,0,,False,overtaking,33,0.0,False,0.0,tier_b,B-25-12,CH-NU-CV-13,752,channel,cv,off
model,null,9.692211008866842,4.65353886459703,9.684145237801992,,,,goal,False,False,54,73.05479548341499,-47.867688463572335,11,19,28,0,1,1.2262752453088426,2.749037145750848,7.7683477916055095,0.0,0.04974223956600598,0.70461690111623,0.8083265360218286,3.6411391281180285,0.4535019150114761,0,,False,overtaking,34,0.0,False,0.0,tier_b,B-25-13,CH-NU-CV-14,753,channel,cv,off
model,null,10.0,6.113849389044362,2.705181684143522,,,,goal,False,False,61,144.0726272170456,-0.2597504230413763,4,0,1,0,0,0.03813159337649178,0.0,0.019721954396594993,0.0,0.0,0.6138841924266734,0.7887727894836944,6.121302903383923,0.2541866570545533,0,,False,overtaking,24,0.0,False,0.0,tier_b,B-25-14,CH-NU-CV-15,754,channel,cv,off
model,null,9.958980753787225,0.8811586963066381,4.713357731970419,,,,goal,False,False,55,43.423315734698036,-6.394579432591231,0,3,3,0,1,0.0,0.8187182903436854,0.6358224099986589,0.0,0.01176960430995913,0.7117887750937172,0.9561316795116347,5.2838874527644295,1.7753903345853466,0,,False,overtaking,7,0.0,False,0.0,tier_b,B-25-15,CH-NU-CV-16,755,channel,cv,off
model,null,10.074317906513764,1.2697132938208866,-5.3031942083467705,,,,goal,False,False,61,53.8065012984721,-17.273434261562638,4,0,8,0,2,1.9342171023497055,0.0,2.070901297758725,0.0,0.05418109622226394,0.636685745676403,0.853059171395519,5.0438324343899,1.190588121022226,0,,False,overtaking,20,0.0,False,0.0,tier_b,B-25-16,CH-NU-CV-17,756,channel,cv,off
model,null,9.59801745048957,4.908386944179392,-0.49762297187279714,,,,goal,False,False,62,147.17649256177583,0.0,0,0,0,0,0,0.0,0.0,0.0,0.0,0.0,0.6072929382782439,0.7338472605028936,4.650170143053922,0.23147751613897635,0,,False,never,0,0.0,False,0.0,tier_b,B-25-17,CH-NU-CV-18,757,channel,cv,off
model,null,9.977000651473581,7.5754217263946355,-5.412589800173107,,,,goal,False,False,53,53.336923797998935,-0.0545356267114387,0,0,1,0,0,0.0,0.0,0.015148785197621861,0.0,0.0,0.7179202029615755,0.8791482990252316,5.580230666822724,1.4600844009185656,0,,False,overtaking,1,0.0,False,0.0,tier_b,B-25-18,CH-NU-CV-19,758,channel,cv,off
model,null,10.22996474912472,5.836738371331988,0.15990718774490809,,,,goal,False,False,62,13.41667978976767,-0.4288210315457072,0,0,1,0,0,0.0,0.0,0.11911695320714089,0.0,0.0,0.6394095584327342,0.8327807567730628,9.309501099257812,2.2144937102590494,0,,False,overtaking,1,0.0,False,0.0,tier_b,B-25-19,CH-NU-CV-20,759,channel,cv,off
model,null,10.0,8.22832952092903,2.390414163937738,,,,goal,False,False,64,93.12281674075005,0.0,0,0,0,0,0,0.0,0.0,0.0,0.0,0.0,0.5991223216564285,0.6893090790961355,10.11200369288417,0.8780362435632404,0,,False,never,0,0.0,False,0.0,tier_b,B-25-20,CH-NU-CV-21,760,channel,cv,off
model,null,10.02106927958631,7.459647185639571,-1.232828717394895,,,,goal,False,False,62,32.95736563456272,-39.35958335591168,12,3,3,0,0,6.41734628748435,1.3430224940799889,0.26271052421338686,0.0,0.0,0.6410179133534244,0.9090421850532399,4.895316194313272,1.1801743415270434,0,,False,overtaking,12,0.0,False,0.0,tier_b,B-25-21,CH-NU-CV-22,761,channel,cv,off
model,null,10.0,8.119366967885577,4.449403595685155,,,,goal,False,False,62,148.6492959010642,0.0,0,0,0,0,0,0.0,0.0,0.0,0.0,0.0,0.6042558398821304,0.7327800925795868,6.961666979778992,0.330009331519646,0,,False,never,0,0.0,False,0.0,tier_b,B-25-22,CH-NU-CV-23,762,channel,cv,off
model,null,10.13162397842656,8.230408120260428,-2.328316817257554,,,,goal,False,False,59,-19.270774985849457,-15.404479836177062,6,0,6,0,0,2.187360018971524,0.0,1.2714021506300042,0.0,0.0,0.6678248688992412,0.8520193673651976,4.993406076930616,1.7168561006339658,0,,False,overtaking,24,0.0,False,0.0,tier_b,B-25-23,CH-NU-CV-24,763,channel,cv,off
model,null,10.771363692807041,10.335233724332435,5.670603287866097,,,,goal,False,False,58,71.60056003889616,-1.1645302993722155,0,0,1,0,0,0.0,0.0,0.3234806387145043,0.0,0.0,0.674731290059439,0.9112274622524047,7.539915061816117,1.3849574998148302,0,,False,overtaking,11,0.0,False,0.0,tier_b,B-25-24,CH-NU-CV-25,764,channel,cv,off
model,null,9.089542909358721,7.558785631470633,5.351561801379567,,,,goal,False,False,58,78.15288899052989,-10.029846296493805,8,2,3,0,0,1.0813772963581048,0.38418850260664833,0.7709154421161885,0.0,0.0,0.6807519676792799,0.9388869322369213,5.467467038469204,1.4355964536620236,0,,False,overtaking,26,0.0,False,0.0,tier_b,B-25-25,CH-NU-CV-26,765,channel,cv,off
model,null,9.802873732046324,2.077358894770351,0.80910469022594,,,,goal,False,False,55,-30.57826170963972,-28.83476818563251,11,0,2,0,0,5.363894110291966,0.0,0.6343034276909116,0.0,0.0,0.7192660980485355,0.9037594489498654,8.239390037400264,2.0359444964762057,0,,False,overtaking,13,0.0,False,0.0,tier_b,B-25-26,CH-NU-CV-27,766,channel,cv,off
model,null,10.0,9.473073646590532,9.307784039102255,,,,goal,False,False,60,35.11388976793154,0.0,0,0,0,0,0,0.0,0.0,0.0,0.0,0.0,0.6635284998058181,0.7952164470275616,6.05795155289042,1.571690579393596,0,,False,overtaking,3,0.0,False,0.0,tier_b,B-25-27,CH-NU-CV-28,767,channel,cv,off
model,null,9.778406845988385,3.493141033624351,0.8812177283950682,,,,goal,False,False,65,49.04476804691026,0.0,0,0,0,0,0,0.0,0.0,0.0,0.0,0.0,0.5901348526187655,0.7999865469578974,6.220454374803882,0.8829328493315468,0,,False,never,0,0.0,False,0.0,tier_b,B-25-28,CH-NU-CV-29,768,channel,cv,off
model,null,9.999999999999998,7.247432334820122,6.017558084372293,,,,goal,False,False,58,31.032057471312328,-15.070076391384037,8,2,1,0,0,2.5176112373323787,0.3807973416084032,0.20082053489643353,0.0,0.0,0.6747758259325881,0.9881993942718381,5.002811724831857,1.8740678718971084,0,,False,overtaking,8,0.0,False,0.0,tier_b,B-25-29,CH-NU-CV-30,769,channel,cv,off
model,null,9.999999999999996,6.18858364304545,6.800726541387434,,,,goal,False,False,53,79.54913182295459,-3.184989464476377,0,0,4,0,1,0.0,0.0,0.8801086799060396,0.0,0.003688492625474479,0.7248160141730348,0.9153341546600123,5.374728946190394,0.6479009382611575,0,,False,overtaking,4,0.0,False,0.0,tier_b,B-25-30,CH-NU-CV-31,770,channel,cv,off
model,null,9.079535388272458,8.004514340321212,9.12482964030795,,,,goal,False,False,60,143.2688944487574,0.0,0,0,0,0,0,0.0,0.0,0.0,0.0,0.0,0.6300179979891302,0.7625714618600241,5.9328235063562555,0.300941498633007,0,,False,never,0,0.0,False,0.0,tier_b,B-25-31,CH-NU-CV-32,771,channel,cv,off
model,null,9.970171557639121,0.07519202835094688,-2.4871344647512466,,,,goal,False,False,62,106.67690173532534,0.0,0,0,0,0,0,0.0,0.0,0.0,0.0,0.0,0.6244948204824116,0.8537964448653573,10.250426302586614,0.9007876016247572,0,,False,never,0,0.0,False,0.0,tier_b,B-25-32,CH-NU-CV-33,772,channel,cv,off
model,null,9.999999999999996,7.76756105448373,-8.072948661226713,,,,goal,False,False,60,87.0287494695632,0.0,0,0,0,0,0,0.0,0.0,0.0,0.0,0.0,0.6579767353003432,0.9170030811653106,4.780992055384711,1.4692283042006187,0,,False,never,0,0.0,False,0.0,tier_b,B-25-33,CH-NU-CV-34,773,channel,cv,off
model,null,9.999999999999996,10.052509166605219,-2.070279882713539,,,,goal,False,False,61,117.64027698468723,0.0,0,0,0,0,0,0.0,0.0,0.0,0.0,0.0,0.632726944758583,0.895484298303913,7.004556715194053,0.9481675437076739,0,,False,overtaking,3,0.0,False,0.0,tier_b,B-25-34,CH-NU-CV-35,774,channel,cv,off
model,null,9.999999999999998,14.321571631551773,-3.7533774084716054,,,,goal,False,False,53,24.70194011904296,-6.036375493044588,2,0,1,0,0,0.9703919912056345,0.0,0.34248198238241573,0.0,0.0,0.7402028302130463,1.0017201695681308,9.324168368594714,1.9696441063153474,0,,False,overtaking,2,0.0,False,0.0,tier_b,B-25-35,CH-NU-CV-36,775,channel,cv,off
model,null,9.999999999999998,0.3519106261217808,3.0560925950197753,,,,goal,False,False,64,-54.23170776953863,-116.02052754097983,32,2,5,0,0,21.87848934578829,0.45605815330940663,1.517921505679487,0.0,0.0,0.6172976927028859,0.847829223223993,4.890518012831723,2.034589315268259,0,,False,overtaking,44,0.0,False,0.0,tier_b,B-25-36,CH-NU-CV-37,776,channel,cv,off
model,null,9.377047142590444,6.457738814062841,0.8323863808067209,,,,goal,False,False,63,11.101647653718288,0.0,0,0,0,0,0,0.0,0.0,0.0,0.0,0.0,0.6143970362407826,0.7385555979607262,10.444362701799854,1.4970325314540613,0,,False,never,0,0.0,False,0.0,tier_b,B-25-37,CH-NU-CV-38,777,channel,cv,off
model,null,10.361656650873854,9.218664098656248,-3.5342608746129134,,,,goal,False,False,59,138.88020013366742,-2.1336944204444737,0,1,2,0,2,0.0,0.22918123212917654,0.18969748654527954,0.0,0.07029697107600964,0.642815186411538,0.8736717868385219,5.709765688342799,0.5029085522716361,0,,False,overtaking,10,0.0,False,0.0,tier_b,B-25-38,CH-NU-CV-39,778,channel,cv,off
model,null,10.155034379281052,9.240867542182052,6.48013666828334,,,,goal,False,False,62,119.27533029911984,0.0,0,0,0,0,0,0.0,0.0,0.0,0.0,0.0,0.6177058596439916,0.8348669031380476,10.260029807043578,1.0870707034785803,0,,False,never,0,0.0,False,0.0,tier_b,B-25-39,CH-NU-CV-40,779,channel,cv,off
model,head_on,9.201050650314883,0.3795356237898264,178.95927753168954,,,,goal,False,False,58,34.33645806243739,-33.41725447640741,14,0,1,0,10,4.881879722553331,0.0,0.2098737494203436,0.0,1.888089855967817,0.6782749482063113,0.8928412332405227,1.5953968503529963,1.11795700768165,0,,False,head_on,28,0.0,False,0.0,tier_b,B-00-00,BAS-HO-CV-01,0,basin,cv,on
model,head_on,9.222510656862553,1.13358741649509,180.00418128547236,,,,goal,False,False,55,23.124864952709274,-8.499426053734787,8,0,0,0,3,1.4267375965336981,0.0,0.0,0.0,0.31934998908732914,0.726592575609267,0.9973167995086312,3.4999402089836815,1.932107937030925,0,,False,head_on,25,0.0,False,0.0,tier_b,B-00-01,BAS-HO-CV-02,1,basin,cv,on
model,head_on,9.227601416936492,0.31114950183681533,185.8184109182404,,,,goal,False,False,59,46.528318532035094,-2.3744375023727935,4,3,0,0,2,0.29657857373745644,0.14495010199383723,0.0,0.0,0.041971235000642086,0.7063114374179934,0.9202530434837497,2.7713046894730557,1.7993450775651953,0,,False,crossing,13,0.0,False,0.0,tier_b,B-00-02,BAS-HO-CV-03,2,basin,cv,on
model,head_on,9.211701876994978,0.07402184354441088,177.28911239474493,,,,goal,False,False,58,-3.5172607630637174,-31.40072931649773,14,0,3,0,8,4.722805400549361,0.0,0.43381534312586884,0.0,1.4358016330056156,0.6668937088686305,0.9219922628836459,1.6249039105215806,1.0608699313066288,0,,False,head_on,28,0.0,False,0.0,tier_b,B-00-03,BAS-HO-CV-04,3,basin,cv,on
model,head_on,9.264485118721964,0.3626861566840971,186.68262445978752,,,,goal,False,False,53,37.66101493004239,-41.924307776946044,7,0,9,0,9,3.4721007556992225,0.0,2.8795496619712875,0.0,3.1935622784751696,0.7374930928419128,0.9961146551972281,1.6810554401590034,1.0154156941750982,0,,False,head_on,9,0.0,False,0.0,tier_b,B-00-04,BAS-HO-CV-05,4,basin,cv,on
model,head_on,9.279173642526487,1.5737887332183131,176.16465774492912,,,,goal,False,False,56,41.04086325392965,-49.5925100264687,12,0,4,0,10,7.140465220792857,0.0,0.9748502830630504,0.0,2.3861658143371285,0.7371356270317921,0.9411395548272887,1.342422097426182,1.4772135085039397,0,,False,head_on,25,0.0,False,0.0,tier_b,B-00-05,BAS-HO-CV-06,5,basin,cv,on
model,head_on,9.263500800417557,0.3276717884184064,186.41190225033796,,,,goal,False,False,56,-33.625930915467364,-85.07216121142932,10,0,11,0,13,9.08252961514801,0.0,2.6162693773957457,0.0,6.821126635071558,0.7563056302287097,0.9636493398620176,1.669899658054877,2.2352519281764254,0,,False,head_on,13,0.0,False,0.0,tier_b,B-00-06,BAS-HO-CV-07,6,basin,cv,on
model,head_on,9.217044165236686,1.5298989422236204,183.93190001103898,,,,goal,False,False,60,55.28423073594673,-81.9181932376418,20,0,30,0,9,8.576480060032091,0.0,9.946541571276411,0.0,0.8126816186417506,0.6366460026420987,0.8486327211121577,1.7999536109922305,0.2673486084594705,0,,False,head_on,30,0.0,False,0.0,tier_b,B-00-07,BAS-HO-CV-08,7,basin,cv,on
model,head_on,9.23906371178969,1.2066477096482957,180.7054566274249,,,,goal,False,False,58,-28.180084029625164,-88.9145614115692,14,0,20,0,22,8.914254930368553,0.0,5.39871571629041,0.0,5.63413842835542,0.7003584946946182,0.9686827409998547,1.5606060699562985,1.6082689197581908,0,,False,head_on,25,0.0,False,0.0,tier_b,B-00-08,BAS-HO-CV-09,8,basin,cv,on
model,head_on,9.20081860180611,0.5759708659372964,176.20715365651006,,,,goal,False,False,56,60.957542350059995,-25.282784723160418,8,0,9,0,1,3.153461363638751,0.0,2.6727972971959364,0.0,0.011351267387383901,0.7190858875148015,0.9266450656665793,1.619887343358632,1.4530922029254019,0,,False,head_on,24,0.0,False,0.0,tier_b,B-00-09,BAS-HO-CV-10,9,basin,cv,on
model,head_on,9.232109315190328,1.7023597866023747,179.98883902002405,,,,goal,False,False,56,43.29418342701362,-60.835158695418016,15,0,29,0,2,5.739413457470049,0.0,8.975670146569204,0.0,0.02503323406491784,0.6964854113446991,0.8977800070306351,2.301573124296593,0.6624362973937772,0,,False,head_on,29,0.0,False,0.0,tier_b,B-00-10,BAS-HO-CV-11,10,basin,cv,on
model,head_on,9.204527093615056,1.0939816058571048,187.4782660753667,,,,goal,False,False,56,61.4506327159746,-28.87980853238596,8,0,5,0,4,4.717806254899383,0.0,0.9945034553376761,0.0,0.4325455847596393,0.7185931454007024,0.8834283655833421,1.6132360653023319,1.5883494827411508,0,,False,head_on,26,0.0,False,0.0,tier_b,B-00-11,BAS-HO-CV-12,11,basin,cv,on
model,head_on,9.204828784973326,0.5805061151729531,183.6892070283172,,,,goal,False,False,58,99.57005687631617,-23.562883899071483,11,0,10,0,2,2.89323213129532,0.0,2.241250535467251,0.0,0.2606406492172316,0.6650046076638809,0.8902721329165503,1.5643509431537852,0.6134035279170962,0,,False,head_on,25,0.0,False,0.0,tier_b,B-00-12,BAS-HO-CV-13,12,basin,cv,on
model,head_on,9.289461395278718,0.4768490170173729,186.33136696040836,,,,goal,False,False,63,83.60113692284455,-34.7913457429179,10,0,9,0,2,5.422959665126743,0.0,2.0623062947912842,0.0,0.11630949762042239,0.648858327666635,0.8542776773350979,1.7938290014461213,1.1333327357198917,0,,False,head_on,27,0.0,False,0.0,tier_b,B-00-13,BAS-HO-CV-14,13,basin,cv,on
model,head_on,9.214673860059685,0.41835079934497665,171.4805020485412,,,,goal,False,False,56,88.50280232592888,-13.428589908542445,8,0,8,0,2,1.3966063303538658,0.0,1.3483599471980847,0.0,0.3691761696394887,0.6946381507984862,0.9161279245578032,1.47463955757227,0.7186130056035008,0,,False,head_on,22,0.0,False,0.0,tier_b,B-00-14,BAS-HO-CV-15,14,basin,cv,on
model,head_on,9.210984975853394,0.6800938662761706,178.68720366977095,,,,goal,False,False,53,16.090058613016353,-14.123008564483921,4,0,2,0,3,1.8631832850962966,0.0,0.32306058365120693,0.0,0.8304962671362017,0.7840756504853726,1.0314304620182488,3.436762905436225,2.220005573405007,0,,False,head_on,21,0.0,False,0.0,tier_b,B-00-15,BAS-HO-CV-16,15,basin,cv,on
model,head_on,9.23122588458803,0.9114979333450339,172.2571361325166,,,,goal,False,False,57,93.2051058419415,-25.80039990078013,10,0,2,0,2,4.5010662810696855,0.0,0.3197841767500236,0.0,0.5264219495966878,0.6790436954481608,0.901295309718915,1.8550296098118169,0.6105268889611432,0,,False,head_on,20,0.0,False,0.0,tier_b,B-00-16,BAS-HO-CV-17,16,basin,cv,on
model,head_on,9.200509195158867,0.5207322767713294,180.1240609809239,,,,goal,False,False,56,70.39698467350459,-28.45669123064404,9,0,2,0,6,5.176401902838692,0.0,0.029031039651633374,0.0,0.606442237521473,0.7078614941601921,0.910849130235875,2.2805301977384818,1.5484137235645126,0,,False,head_on,25,0.0,False,0.0,tier_b,B-00-17,BAS-HO-CV-18,17,basin,cv,on
model,head_on,9.20975026044725,1.2616438722917735,180.06389600978335,,,,goal,False,False,54,94.4004573139604,0.0,0,0,0,0,0,0.0,0.0,0.0,0.0,0.0,0.7155828848105004,0.9890740863593678,2.629433437173948,0.9538004492739888,0,,False,never,0,0.0,False,0.0,tier_b,B-00-18,BAS-HO-CV-19,18,basin,cv,on
model,head_on,9.34114738208815,1.5877926054028224,183.08248573965346,,,,goal,False,False,63,116.17804285122055,-17.184847536665586,8,0,3,0,2,3.1260460973952817,0.0,0.1929403646098401,0.0,0.22585200932522576,0.6323198479739206,0.8722302865186456,2.9104504229276884,0.7376964642110672,0,,False,head_on,27,0.0,False,0.0,tier_b,B-00-19,BAS-HO-CV-20,19,basin,cv,on
model,head_on,9.27433265325314,1.1617670806769254,177.4063701601212,,,,goal,False,False,62,114.80749988243329,-11.948389674063243,7,0,1,0,4,1.9342910614765039,0.0,0.2513788767774266,0.0,0.32637443630129126,0.6325740069968715,0.9307709790550788,3.0180538528637126,0.515968940548692,0,,False,head_on,22,0.0,False,0.0,tier_b,B-01-00,BAS-HO-RE-01,20,basin,re,on
model,head_on,9.22382710589348,0.37465457934577784,182.6914241951244,,,,goal,False,False,55,79.4612291026197,0.0,0,0,0,0,0,0.0,0.0,0.0,0.0,0.0,0.7173241299928588,0.9314761378649316,2.1886304585358363,0.9828388796616067,0,,False,never,0,0.0,False,0.0,tier_b,B-01-01,BAS-HO-RE-02,21,basin,re,on
model,head_on,9.217776370165236,1.9328187521485696,182.75230721728838,,,,goal,False,False,61,110.65335451539212,-13.17112477544008,7,0,0,0,5,2.0570952137748026,0.0,0.0,0.0,0.6641118816121795,0.6391150838538843,0.8712329106104516,2.8036143156090163,0.6678709936357068,0,,False,head_on,21,0.0,False,0.0,tier_b,B-01-02,BAS-HO-RE-03,22,basin,re,on
model,head_on,9.202986195604916,0.21154417168103778,170.53448994405818,,,,goal,False,False,50,4.712741117869356,-1.8620846867520966,4,0,0,0,1,0.29448628078866446,0.0,0.0,0.0,0.0898616881884906,0.8269415917979418,1.0121419708717165,3.168924285292292,2.273863761374936,0,,False,head_on,18,0.0,False,0.0,tier_b,B-01-03,BAS-HO-RE-04,23,basin,re,on
model,head_on,9.426943731983418,0.44407422181538103,187.3874051658495,,,,goal,False,False,57,62.46048854761344,-28.70371997772164,13,0,1,0,8,4.519282248065543,0.0,0.09389045674089048,0.0,1.332281601228888,0.6995047152371857,0.9004972358005728,2.102496306230649,0.9283815067414088,0,,False,head_on,19,0.0,False,0.0,tier_b,B-01-04,BAS-HO-RE-05,24,basin,re,on
model,head_on,9.200231435094338,0.7601626404654938,179.55373171964945,,,,goal,False,False,59,89.74265448034309,-21.435605185629207,14,0,2,0,2,3.9540282509229407,0.0,0.2300553184997155,0.0,0.2299924882137061,0.6590265535202382,0.8733040785735762,2.603741997020942,0.6661598483428496,0,,False,head_on,24,0.0,False,0.0,tier_b,B-01-05,BAS-HO-RE-06,25,basin,re,on
model,head_on,9.300729462140197,0.49078127628227364,180.39008287060133,,,,goal,False,False,56,86.41135789539995,-11.613862847311148,11,0,0,0,5,1.617007864751911,0.0,0.0,0.0,0.8021497592864866,0.7130859453837698,0.8888148987495851,2.1363947894032216,1.1350034717256055,0,,False,head_on,15,0.0,False,0.0,tier_b,B-01-06,BAS-HO-RE-07,26,basin,re,on
model,head_on,9.278345624670196,0.08768468919048966,172.92675308091736,,,,goal,False,False,56,114.0035892279235,-6.717712487512305,4,0,0,0,4,1.1642707156312606,0.0,0.0,0.0,0.21212721003056975,0.6893581970353022,0.9029605025084555,1.9162311920789095,0.5149134654395929,0,,False,head_on,14,0.0,False,0.0,tier_b,B-01-07,BAS-HO-RE-08,27,basin,re,on
model,head_on,9.245518109439786,1.5604044988807242,181.07187616813061,,,,goal,False,False,61,94.57549904911298,-36.90432996026139,7,0,16,0,8,2.7045769651414564,0.0,5.548325241502549,0.0,0.7872673585337794,0.6466487775706352,0.8270215242714739,1.8477119474295653,0.7783575518037141,0,,False,head_on,16,0.0,False,0.0,tier_b,B-01-08,BAS-HO-RE-09,28,basin,re,on
model,head_on,9.211667837413925,0.8338205925396898,189.80490886058516,,,,goal,False,False,62,59.79370877198496,-11.121306699102279,3,0,0,0,1,1.6855579683799933,0.0,0.0,0.0,0.6172877234714024,0.6609805479479401,0.9097309772581408,0.897439359302495,2.2152768828315534,0,,False,overtaking,3,0.0,False,0.0,tier_b,B-01-09,BAS-HO-RE-10,29,basin,re,on
model,head_on,9.203210751227635,1.4223699758268817,184.6129587610424,,,,goal,False,False,55,114.83521338785143,0.0,0,0,0,0,0,0.0,0.0,0.0,0.0,0.0,0.6999384528259321,0.9313686780277297,3.1753056811638456,0.9140713493896496,0,,False,never,0,0.0,False,0.0,tier_b,B-01-10,BAS-HO-RE-11,30,basin,re,on
model,head_on,9.244515379983477,1.4868756911998968,183.60038852428104,,,,goal,False,False,56,57.83173436493067,-4.225080420539118,5,0,0,0,2,0.7911926990196247,0.0,0.0,0.0,0.06859479119821676,0.704384822681077,0.8317480335724821,3.495313171531496,1.2007399259072535,0,,False,head_on,20,0.0,False,0.0,tier_b,B-01-11,BAS-HO-RE-12,31,basin,re,on
model,head_on,9.200225500826145,0.5899479392232831,189.23622372380476,,,,goal,False,False,60,84.70708481433617,-5.54583659933909,9,0,0,0,3,0.9800872509091176,0.0,0.0,0.0,0.15431215718643482,0.6545027685205879,0.8424313429823412,2.7377712568536223,1.1827034975331345,0,,False,head_on,12,0.0,False,0.0,tier_b,B-01-12,BAS-HO-RE-13,32,basin,re,on
model,head_on,9.21591083701563,1.9692993347311831,179.1373502782262,,,,goal,False,False,51,60.996540211191,-17.68463038391085,4,0,0,0,7,1.8633675990829366,0.0,0.0,0.0,1.880213504100069,0.7592591848547121,1.0110569421882982,1.840633381216696,1.2102061976349323,0,,False,head_on,7,0.0,False,0.0,tier_b,B-01-13,BAS-HO-RE-14,33,basin,re,on
model,head_on,9.286416237673734,1.0055767960112239,179.10235302222068,,,,goal,False,False,58,124.75445499484158,0.0,0,0,0,0,0,0.0,0.0,0.0,0.0,0.0,0.680134203057063,0.9487755532519608,2.6381571383355387,0.6609493862418346,0,,False,never,0,0.0,False,0.0,tier_b,B-01-14,BAS-HO-RE-15,34,basin,re,on
model,head_on,9.311066723611473,0.9411731537378314,189.52863652514128,,,,goal,False,False,57,120.3858460504246,-0.5453845290941459,0,0,0,0,1,0.0,0.0,0.0,0.0,0.12119656202092133,0.6756748248017564,0.8170358009236124,2.0775574896018116,0.6461906410117361,0,,False,crossing,7,0.0,False,0.0,tier_b,B-01-15,BAS-HO-RE-16,35,basin,re,on
model,head_on,9.200006265576246,1.5159147659622918,178.72341169426187,,,,goal,False,False,58,101.41250461856166,-19.755739171076947,7,0,6,0,5,2.2747279103321008,0.0,1.1222941239803148,0.0,0.990128259689758,0.6731512745135002,0.9089163094538637,2.3059556766975886,0.5490350177053792,0,,False,head_on,22,0.0,False,0.0,tier_b,B-01-16,BAS-HO-RE-17,36,basin,re,on
model,head_on,9.22114650453297,0.7428668060270553,184.26874233517697,,,,goal,False,False,57,43.39978630582296,-37.99409566866664,5,0,9,0,9,2.0092535502599627,0.0,2.5023224835110485,0.0,4.23109547872001,0.7075217112382228,0.9608410466877207,1.4123500020288176,2.243151055221354,0,,False,head_on,9,0.0,False,0.0,tier_b,B-01-17,BAS-HO-RE-18,37,basin,re,on
model,head_on,9.200470430032327,0.2928937121848394,185.39955660403393,,,,goal,False,False,53,39.23042887226101,0.0,0,0,0,0,0,0.0,0.0,0.0,0.0,0.0,0.7299911248898824,0.9113030222512201,2.0848412101483826,0.809870847518885,0,,False,never,0,0.0,False,0.0,tier_b,B-01-18,BAS-HO-RE-19,38,basin,re,on
model,head_on,9.352939218815166,1.066486818993451,171.15925359824612,,,,goal,False,False,60,94.47084085536343,-17.27680821470379,11,0,2,0,2,2.883926057674735,0.0,0.4332583872715793,0.0,0.32036534111914766,0.6626373763687903,0.8738646313916902,2.0126281926237777,0.8127012711615882,0,,False,head_on,24,0.0,False,0.0,tier_b,B-01-19,BAS-HO-RE-20,39,basin,re,on
model,head_on,9.256330245640896,1.5474947809722523,187.2342081353497,,,,goal,False,False,56,70.1246166808149,0.0,0,0,0,0,0,0.0,0.0,0.0,0.0,0.0,0.6982691810046351,0.9556421504887894,3.880911856940416,1.1439526755675302,0,,False,never,0,0.0,False,0.0,tier_b,B-02-00,BAS-HO-NC-01,40,basin,nc,on
model,head_on,9.281601739441284,1.3405400952264204,172.94377414042276,,,,goal,False,False,56,65.0179028511775,0.0,0,0,0,0,0,0.0,0.0,0.0,0.0,0.0,0.7127300942916076,0.888309737238472,4.532857065402469,1.2022307231882896,0,,False,never,0,0.0,False,0.0,tier_b,B-02-01,BAS-HO-NC-02,41,basin,nc,on
model,head_on,9.204720813060794,0.03807802790756809,173.94089562375711,,,,goal,False,False,54,-6.748142843548308,-49.87170295304633,7,0,0,0,9,5.177485954058589,0.0,0.0,0.0,5.387366106768068,0.7467381784513506,0.9515725819656913,0.9519908160959796,2.1723771220681973,0,,False,head_on,9,0.0,False,0.0,tier_b,B-02-02,BAS-HO-NC-03,42,basin,nc,on
model,head_on,9.296212422045881,0.7415014641403002,174.1759991409701,,,,goal,False,False,57,102.84215381643959,0.0,0,0,0,0,0,0.0,0.0,0.0,0.0,0.0,0.6974512363549082,0.9048226358835645,4.107494119844025,1.0815530991661637,0,,False,never,0,0.0,False,0.0,tier_b,B-02-03,BAS-HO-NC-04,43,basin,nc,on
model,head_on,9.275651035120447,0.335488764722645,182.62160393304384,,,,goal,False,False,59,63.86109009835169,0.0,0,0,0,0,0,0.0,0.0,0.0,0.0,0.0,0.676177974416224,0.9465478587817144,4.323188507899305,1.3365189537420328,0,,False,never,0,0.0,False,0.0,tier_b,B-02-04,BAS-HO-NC-05,44,basin,nc,on
model,head_on,9.229951581013863,0.17104915206589966,186.591260843747,,,,goal,False,False,55,44.4855303080596,-44.12297655261045,7,0,8,0,14,4.317521482393767,0.0,1.5483538253796778,0.0,3.8171492096432162,0.7514834962508812,0.9630859312415266,1.4216982522287662,1.702098363064156,0,,False,head_on,18,0.0,False,0.0,tier_b,B-02-05,BAS-HO-NC-06,45,basin,nc,on
model,head_on,9.233553308203001,0.5619209417395277,187.36177101255709,,,,goal,False,False,59,48.16665343496643,-48.366880262453996,7,0,2,0,13,5.88815759805187,0.0,0.04377069578943246,0.0,4.236205699390063,0.691045493937494,0.8736165038876436,1.4646569245461414,1.7574047544901508,0,,False,head_on,15,0.0,False,0.0,tier_b,B-02-06,BAS-HO-NC-07,46,basin,nc,on
model,head_on,9.334546561988192,1.5897840087463606,185.567855299883,,,,collision:target,True,True,26,-332.6749928621794,-43.12235718588413,9,0,10,0,8,3.6873583492858932,0.0,2.010825112518922,0.0,3.9179917670779636,0.5700282509503104,0.765060995460548,1.8425315905908188,0.6668103731603138,0,,False,head_on,13,0.0,False,0.0,tier_b,B-02-07,BAS-HO-NC-08,47,basin,nc,on
model,head_on,9.365056400865678,0.8539494126094023,172.71492502312827,,,,goal,False,False,61,110.22695735859313,0.0,0,0,0,0,0,0.0,0.0,0.0,0.0,0.0,0.6638659648577409,0.8881098192726836,3.6155166737493096,1.129434567703954,0,,False,never,0,0.0,False,0.0,tier_b,B-02-08,BAS-HO-NC-09,48,basin,nc,on
model,head_on,9.403528215758515,1.4069194440777255,188.63191750342898,,,,goal,False,False,59,36.233472453291625,-59.537051759980095,8,0,13,0,9,4.746913792942625,0.0,3.6604104804294684,0.0,5.080522390081782,0.7136126642998771,0.9192211446874862,1.158643247054215,1.6478866221521578,0,,False,head_on,20,0.0,False,0.0,tier_b,B-02-09,BAS-HO-NC-10,49,basin,nc,on
model,head_on,9.315026947433239,1.500484760725203,179.69860973926174,,,,collision:target,True,True,27,-303.32300611376246,-13.916632300799003,4,0,7,0,3,0.9927643991442276,0.0,1.8911140618629367,0.0,0.48765286718411194,0.5715885556529987,0.6284908496896644,1.804917040009638,0.8070758616524507,0,,False,head_on,7,0.0,False,0.0,tier_b,B-02-10,BAS-HO-NC-11,50,basin,nc,on
model,head_on,9.28945567360151,0.37275701938376726,172.21756266106624,,,,goal,False,False,59,110.85466384263027,0.0,0,0,0,0,0,0.0,0.0,0.0,0.0,0.0,0.6554146887673274,0.8503947513365931,1.4841748200696883,0.8434455118218831,0,,False,never,0,0.0,False,0.0,tier_b,B-02-11,BAS-HO-NC-12,51,basin,nc,on
model,head_on,9.252438644524615,1.9696612905505877,176.24305999260258,,,,goal,False,False,55,117.64724792657671,0.0,0,0,0,0,0,0.0,0.0,0.0,0.0,0.0,0.7100004184754265,0.8419409880832873,3.542838087940913,0.7621347230818183,0,,False,never,0,0.0,False,0.0,tier_b,B-02-12,BAS-HO-NC-13,52,basin,nc,on
model,head_on,9.232390648429304,0.1565344319281632,189.6379104841306,,,,collision:target,True,True,33,-309.67041405686393,-16.843878299850136,0,2,5,0,6,0.0,1.1381908340457116,1.482921570786249,0.0,1.3047368925540814,0.5816779362359734,0.6981846539952454,0.8635663725187978,1.1494709550029618,0,,False,head_on,9,0.0,False,0.0,tier_b,B-02-13,BAS-HO-NC-14,53,basin,nc,on
model,head_on,9.205743827437516,0.24614634529333657,170.46802077352527,,,,goal,False,False,60,124.22882311900419,0.0,0,0,0,0,0,0.0,0.0,0.0,0.0,0.0,0.6384773731066399,0.8439409194660911,2.9958226891638455,0.34367156193432585,0,,False,never,0,0.0,False,0.0,tier_b,B-02-14,BAS-HO-NC-15,54,basin,nc,on
model,head_on,9.21489430307935,0.23190727494850094,183.96122822862316,,,,goal,False,False,55,49.97088839199824,0.0,0,0,0,0,0,0.0,0.0,0.0,0.0,0.0,0.7331671410516046,0.9639555612497569,4.227874380504651,2.0934363045965134,0,,False,never,0,0.0,False,0.0,tier_b,B-02-15,BAS-HO-NC-16,55,basin,nc,on
model,head_on,9.276960375115012,1.1226602107865504,170.36582971145847,,,,goal,False,False,53,98.20710657074359,0.0,0,0,0,0,0,0.0,0.0,0.0,0.0,0.0,0.7348672636358179,0.9050171360355125,2.988880166728408,0.5983473140175054,0,,False,never,0,0.0,False,0.0,tier_b,B-02-16,BAS-HO-NC-17,56,basin,nc,on
model,head_on,9.309294234930904,0.147219415480909,189.8406545053813,,,,goal,False,False,65,134.078284277856,0.0,0,0,0,0,0,0.0,0.0,0.0,0.0,0.0,0.6052033434062487,0.8284581767488383,3.5067000411057814,0.8146397690666922,0,,False,never,0,0.0,False,0.0,tier_b,B-02-17,BAS-HO-NC-18,57,basin,nc,on
model,head_on,9.200258425260442,1.2288990454134774,179.23971580496945,,,,collision:target,True,True,28,-341.52132590983365,-37.28048669761785,8,1,9,0,11,2.8209146218235506,0.7571167446358208,1.8579994938794104,0.0,2.862318501261797,0.7233240803151872,0.8187302553419975,0.922990869926791,0.6132737362496167,0,,False,head_on,13,0.0,False,0.0,tier_b,B-02-18,BAS-HO-NC-19,58,basin,nc,on
model,head_on,9.202012305050516,0.8987680832950979,177.13534794289967,,,,goal,False,False,58,31.48822606239338,0.0,0,0,0,0,0,0.0,0.0,0.0,0.0,0.0,0.7332984448068809,0.977960871555546,4.384386425673419,2.102145170468675,0,,False,never,0,0.0,False,0.0,tier_b,B-02-19,BAS-HO-NC-20,59,basin,nc,on
model,crossing,9.330877499311677,2.0229818515646305,142.9733531968989,port,,True,goal,False,False,55,41.68573820559362,-19.71157424597223,11,4,0,0,4,3.248963571223512,0.12728176070346953,0.0,0.0,0.6664799673185939,0.7401175172414296,0.9548472127542504,3.309616295281171,1.0668008932363728,0,,False,crossing,11,1.0,True,0.0,tier_b,B-03-00,BAS-CR-CV-01,60,basin,cv,on
model,crossing,9.238491441800933,1.2577009892024593,238.57996241282973,starboard,,True,goal,False,False,63,106.1228616610637,-8.798583957970294,4,0,0,0,3,0.8922004684905733,0.0,0.0,0.0,0.9738203642093235,0.6225091053934785,0.87321712347062,2.0393306486225096,0.6873014669490473,0,,False,crossing,15,0.0,False,0.0,tier_b,B-03-01,BAS-CR-CV-02,61,basin,cv,on
model,crossing,9.240093955177118,2.231034711560081,260.5896970595145,starboard,,True,goal,False,False,52,6.82375585017634,-0.02740040271706749,0,0,0,0,1,0.0,0.0,0.0,0.0,0.006088978381570553,0.7772371776543748,1.030237748479664,3.4625016546329848,2.2729646645714316,0,,False,crossing,14,0.0,False,0.0,tier_b,B-03-02,BAS-CR-CV-03,62,basin,cv,on
model,crossing,9.201517480454864,2.0084584574246174,275.60243456813623,starboard,,True,goal,False,False,62,98.24331829241233,-15.32551507571275,5,0,2,0,8,1.1213069581095387,0.0,0.7368933209380827,0.0,1.5827177061540962,0.6205907164944845,0.9073867073583577,2.515282102288236,0.5622408077191462,0,,False,crossing,15,0.0,False,0.0,tier_b,B-03-03,BAS-CR-CV-04,63,basin,cv,on
model,crossing,9.260113930250167,0.28596676308821595,138.91656669025915,port,,True,collision:target,True,True,15,-366.32270595685185,-70.69346353232295,10,6,0,0,11,6.655662394540126,0.7110223382573664,0.0,0.0,7.606305356661191,0.5340639016722493,0.6890711628029774,1.4483175232963545,0.4555547192200628,0,,False,crossing,12,1.0,True,0.0,tier_b,B-03-04,BAS-CR-CV-05,64,basin,cv,on
model,crossing,9.237840941101046,0.5502840017265848,207.7121290530307,starboard,,True,goal,False,False,56,29.58070024976402,-7.586172352477639,1,0,0,0,6,0.4174521156141193,0.0,0.0,0.0,1.2266187511528328,0.7197970502653777,0.9857243189529983,1.087438680112693,1.846054637111672,0,,False,crossing,17,0.0,False,0.0,tier_b,B-03-05,BAS-CR-CV-06,65,basin,cv,on
model,crossing,9.211327034375728,0.060392079949788124,260.0280844491019,starboard,,True,goal,False,False,61,82.41370743078352,-7.063216165861778,0,2,0,0,2,0.0,0.9479924837093927,0.0,0.0,0.5268118603333967,0.6554828109578653,0.9131486870832195,1.849276995066656,1.1069309638875242,0,,False,crossing,12,0.0,False,0.0,tier_b,B-03-06,BAS-CR-CV-07,66,basin,cv,on
model,crossing,9.322534511039123,0.5930397068558804,103.58840207093462,port,,True,goal,False,False,71,15.284782051797464,-9.193461284060483,5,0,0,0,5,0.7182841784089754,0.0,0.0,0.0,1.2528788002080118,0.5844133250806107,0.9537926021342873,1.6027806084400338,1.3191328408053389,0,,False,crossing,15,1.0,True,0.0,tier_b,B-03-07,BAS-CR-CV-08,67,basin,cv,on
model,crossing,9.38374683148518,1.4192463365211565,273.11473987217323,starboard,,True,goal,False,False,56,39.30483501491162,-0.0293585968561659,1,0,0,0,0,0.005931029667912302,0.0,0.0,0.0,0.0,0.734837087359561,0.9384299359098,3.4432761158095246,1.7781897301574778,0,,False,crossing,9,0.0,False,0.0,tier_b,B-03-08,BAS-CR-CV-09,68,basin,cv,on
model,crossing,9.201593276637977,0.30736185771140484,135.28689016963023,port,,False,goal,False,False,60,28.98201314690168,-2.274874924715854,0,0,0,0,2,0.0,0.0,0.0,0.0,0.5055277610479676,0.7142143153593378,1.0426922880973784,1.4088398110844558,2.749286953178251,0,,False,crossing,17,1.0,True,0.0,tier_b,B-03-09,BAS-CR-CV-10,69,basin,cv,on
model,crossing,9.400984724894059,2.4653912220554317,77.88933403414416,port,,True,goal,False,False,49,31.057686228338696,-15.46861956576548,9,6,0,0,4,2.7734729643129366,0.1999041582869495,0.0,0.0,0.16675617975467624,0.7986567689792693,0.9309695579500374,3.9358769620385528,1.6158244282716867,0,,False,crossing,9,1.0,True,0.0,tier_b,B-03-10,BAS-CR-CV-11,70,basin,cv,on
model,crossing,9.201175690895838,1.5622646265707423,123.45730483776165,port,,True,goal,False,False,54,69.80013235510025,0.0,0,0,0,0,0,0.0,0.0,0.0,0.0,0.0,0.7310006419921985,0.9484495720817997,2.7391584058903886,1.3453988461519792,0,,False,never,0,0.0,False,0.0,tier_b,B-03-11,BAS-CR-CV-12,71,basin,cv,on
model,crossing,9.314565232180996,0.6521833898558921,268.977941256137,starboard,,True,goal,False,False,74,8.490939283643584,-7.072562618034815,2,1,0,0,2,0.22307418575809151,0.06231075770243799,0.0,0.0,1.257757143978932,0.534893560620106,0.8539797053104609,2.0440748803883624,0.9389113977169539,1,"8(e) in extremis: crossing, compliant alteration inadmissible (DCPA 0.10 m, TCPA 4.0 s)",False,crossing,7,0.0,False,0.0,tier_b,B-03-12,BAS-CR-CV-13,72,basin,cv,on
model,crossing,9.335227303646347,1.9554168095833968,75.85050993155522,port,,True,goal,False,False,58,36.91187184890252,-2.192065486116012,4,0,0,0,1,0.34767549727512387,0.0,0.0,0.0,0.10468261657869966,0.7053725750928048,1.0317020398245156,2.8874422604983336,1.8999615734785027,0,,False,crossing,17,1.0,True,0.0,tier_b,B-03-13,BAS-CR-CV-14,73,basin,cv,on
model,crossing,9.210022881938844,0.00571113352622582,281.6063487279274,starboard,,False,goal,False,False,62,21.91246342866431,-5.4377960368470255,1,0,0,0,4,0.4980573722903632,0.0,0.0,0.0,0.6605360097799394,0.6456405039847033,0.9767022760291388,2.144251320153423,1.4848862779117022,0,,False,crossing,20,0.0,False,0.0,tier_b,B-03-14,BAS-CR-CV-15,74,basin,cv,on
model,crossing,9.201092418652424,0.2107579181403868,68.87657035594039,port,,False,goal,False,False,71,96.32910118003632,-4.8499929420000205,0,0,0,0,6,0.0,0.0,0.0,0.0,1.0777762093333378,0.5583453860947809,0.8090426777643416,1.6589127328918865,1.0361947064067503,0,,False,crossing,10,1.0,True,0.0,tier_b,B-03-15,BAS-CR-CV-16,75,basin,cv,on
model,crossing,9.237973158896006,2.22153400131721,73.65372992762265,port,,True,collision:obstacle,True,False,53,-362.41701501063335,-8.796362482502634,7,0,0,0,2,1.5754046992396709,0.0,0.0,0.0,0.22180204917028098,0.5023503471723912,0.7119233251550653,3.118813616684469,1.5839482248280954,0,,False,crossing,16,1.0,True,0.0,tier_b,B-03-16,BAS-CR-CV-17,76,basin,cv,on
model,crossing,9.221581921103661,0.13583215283496958,277.27515777197266,starboard,,True,goal,False,False,60,43.075004474607894,-6.428863882643304,2,0,0,0,2,1.0970338062095033,0.0,0.0,0.0,0.221899231534725,0.6714966750067103,0.9343692610715832,2.3580199107298574,1.6542860839851141,0,,False,crossing,19,0.0,False,0.0,tier_b,B-03-17,BAS-CR-CV-18,77,basin,cv,on
model,crossing,9.237563948226011,1.2098525599380203,199.80318687283807,starboard,,True,goal,False,False,51,17.033069444884575,-50.99368639224394,10,6,0,0,13,6.911605092897108,0.13710524956045952,0.0,0.0,3.5783489326842175,0.7851965272911169,1.024998795935551,2.1900728846327366,1.432489443696112,0,,False,crossing,13,0.0,False,0.0,tier_b,B-03-18,BAS-CR-CV-19,78,basin,cv,on
model,crossing,9.266883250942996,0.53724528402496,124.07276332236594,port,,True,collision:target,True,True,14,-291.95204126903985,0.0,0,0,0,0,0,0.0,0.0,0.0,0.0,0.0,0.5368104634767474,0.6054390266824603,1.5966589011953998,0.23386369706291096,0,,False,never,0,0.0,False,0.0,tier_b,B-03-19,BAS-CR-CV-20,79,basin,cv,on
model,crossing,9.204718687799774,0.7792305127844068,86.02031430015951,port,,True,collision:obstacle,True,False,35,-338.1535861204133,-9.831202304983183,6,0,0,0,2,1.6811758324726511,0.0,0.0,0.0,0.3354182076096798,0.5288234311476555,0.8521529552880679,3.346816244819281,0.9784319611794117,0,,False,crossing,22,1.0,True,0.0,tier_b,B-04-00,BAS-CR-RE-01,80,basin,re,on
model,crossing,9.470886766165224,1.2637917724747307,95.74456904742506,port,,True,goal,False,False,63,43.84805017795052,-8.34057751397166,9,0,0,0,2,1.578673139438165,0.0,0.0,0.0,0.1169212163894983,0.6358651946499744,1.0338031104738645,3.51939933572075,0.954289968473989,0,,False,crossing,18,0.7222222222222222,True,0.0,tier_b,B-04-01,BAS-CR-RE-02,81,basin,re,on
model,crossing,9.243634658067052,0.011562115699514652,136.01355255317026,port,,True,goal,False,False,65,31.428020737742727,-3.7590756092952655,1,0,0,0,2,0.04808176457356115,0.0,0.0,0.0,0.7824601943680307,0.6449054587446412,0.9781201872532295,1.9923735553020079,1.3342144247526646,0,,False,crossing,16,1.0,True,0.0,tier_b,B-04-02,BAS-CR-RE-03,82,basin,re,on
model,crossing,9.329433801063674,0.8176006137484946,130.0610229832874,port,,False,goal,False,False,50,20.475640827288288,-31.85063755100296,12,6,0,0,6,5.421713464815096,0.13252647377033025,0.0,0.0,0.9682555233344653,0.7941036224466295,0.9484677796455456,2.9081547162465515,1.7595112060385965,0,,False,crossing,12,1.0,True,0.0,tier_b,B-04-03,BAS-CR-RE-04,83,basin,re,on
model,crossing,9.200232254515456,0.22979586676743408,222.67033261256645,starboard,,True,goal,False,False,55,23.89567726406014,-3.4056710067317715,3,1,0,0,2,0.052520670679193984,0.23097450333567898,0.0,0.0,0.44497108785736667,0.7471898111453209,0.9973475664610242,2.3544118617293335,2.3430439646681775,0,,False,crossing,8,0.0,False,0.0,tier_b,B-04-04,BAS-CR-RE-05,84,basin,re,on
model,crossing,9.356387110289646,2.269274861684816,191.85943145848017,starboard,,True,goal,False,False,54,101.05065220268243,-0.9018466353073319,2,1,0,0,2,0.1333302533769356,7.922808571618882e-05,0.0,0.0,0.05365993379271235,0.7318623294952119,0.9354228701976894,2.2504101952261477,0.6131455393753574,0,,False,crossing,11,0.0,False,0.0,tier_b,B-04-05,BAS-CR-RE-06,85,basin,re,on
model,crossing,9.200369012852647,1.7907390951500732,266.9991911382316,starboard,,True,goal,False,False,55,25.777981351568542,-0.08029571863078783,1,0,0,0,0,0.016221357299149055,0.0,0.0,0.0,0.0,0.7439879236316526,0.9811339856661528,3.8648380885825713,1.8024699042025663,0,,False,crossing,13,0.0,False,0.0,tier_b,B-04-06,BAS-CR-RE-07,86,basin,re,on
model,crossing,9.268554645857137,0.03836451359288229,270.853364719973,starboard,,False,goal,False,False,60,52.88463463761658,-2.2131628374930927,0,0,0,0,3,0.0,0.0,0.0,0.0,0.4918139638873539,0.6630069764453901,0.9267846786286918,1.779269124043066,1.1041321239594903,0,,False,crossing,16,0.0,False,0.0,tier_b,B-04-07,BAS-CR-RE-08,87,basin,re,on
model,crossing,9.252381812589379,0.567675215689496,198.7491131814405,starboard,,False,goal,False,False,48,62.702741392642785,-3.6565725348086944,3,6,0,0,2,0.44871360024690593,0.12362932357986131,0.0,0.0,0.1829944581924882,0.8207482960355321,1.062460964655584,1.9889422639708396,1.442475217753157,0,,False,crossing,9,0.0,False,0.0,tier_b,B-04-08,BAS-CR-RE-09,88,basin,re,on
model,crossing,9.309577280028208,1.411625274959324,73.04756165662562,port,,True,goal,False,False,65,62.28960761017132,-1.5173562282700097,4,0,0,0,1,0.26062831661803537,0.0,0.0,0.0,0.050499124669052146,0.6062098524021482,0.8960056593551049,3.0339008873023365,0.8092375489957407,0,,False,overtaking,21,0.0,False,0.0,tier_b,B-04-09,BAS-CR-RE-10,89,basin,re,on
model,crossing,9.203033357494174,0.2415270902636671,217.21425503362173,starboard,,True,goal,False,False,55,68.66943573485685,0.0,0,0,0,0,0,0.0,0.0,0.0,0.0,0.0,0.709937747108665,1.010478584447184,1.4877428223675313,1.2053122216613175,0,,False,never,0,0.0,False,0.0,tier_b,B-04-10,BAS-CR-RE-11,90,basin,re,on
model,crossing,9.234731276653033,1.6050513917480813,72.44378390693646,port,,True,goal,False,False,60,53.72578906620675,-1.5809809806420536,5,0,0,0,0,0.31939009709940475,0.0,0.0,0.0,0.0,0.6576570761264258,0.9686543177789426,3.6881656784528967,1.3726081163278239,0,,False,overtaking,8,0.0,False,0.0,tier_b,B-04-11,BAS-CR-RE-12,91,basin,re,on
model,crossing,9.200004532647995,0.6368414973256759,87.17022061930312,port,,True,goal,False,False,58,78.2513865708908,-4.804214422756656,7,0,0,0,2,0.8488707277122847,0.0,0.0,0.0,0.13384540457352162,0.6766730608970511,0.9173473631259792,3.5276624678394226,1.4703587302416365,0,,False,crossing,25,0.8,True,0.0,tier_b,B-04-12,BAS-CR-RE-13,92,basin,re,on
model,crossing,9.254517564116696,1.7326145417753893,149.68982183769972,port,,True,goal,False,False,51,32.15443379258002,-27.310486796705227,14,3,0,0,6,4.907250186092739,0.007414368320688149,0.0,0.0,0.6628660560797252,0.7725869218319502,0.9287445679396452,3.036511483170214,1.1004221978224071,0,,False,crossing,15,1.0,True,0.0,tier_b,B-04-13,BAS-CR-RE-14,93,basin,re,on
model,crossing,9.200468191333485,0.5432402369499534,132.71244073314776,port,,True,goal,False,False,57,67.03507758217364,-1.226294499219496,3,0,0,0,1,0.23076446972055062,0.0,0.0,0.0,0.01866897202283782,0.6766964593033576,0.9589168712383991,2.4189921518483963,0.4315141416371363,0,,False,crossing,13,1.0,True,0.0,tier_b,B-04-14,BAS-CR-RE-15,94,basin,re,on
model,crossing,9.37951772870855,1.4092468911533416,137.2759195130861,port,,False,goal,False,False,52,69.34595886874166,-24.338438742309954,12,5,0,0,7,4.014899019110029,0.05668951582979573,0.0,0.0,0.9297945543017382,0.7554995895421883,0.9747093467677064,2.890013790719659,0.4654840395348764,0,,False,crossing,13,1.0,True,0.0,tier_b,B-04-15,BAS-CR-RE-16,95,basin,re,on
model,crossing,9.22856688450767,0.4325946293831956,132.88993822994345,port,,True,goal,False,False,65,118.71612473827311,0.0,0,0,0,0,0,0.0,0.0,0.0,0.0,0.0,0.6057665933364214,0.8450704211996766,1.6096501764844344,0.6086989060214762,0,,False,never,0,0.0,False,0.0,tier_b,B-04-16,BAS-CR-RE-17,96,basin,re,on
model,crossing,9.261168358149531,0.38007923926976467,130.2918487988835,port,,True,goal,False,False,56,75.84506736029878,0.0,0,0,0,0,0,0.0,0.0,0.0,0.0,0.0,0.7329349758991385,0.9725549352983252,2.6329823291639105,1.5908484398889753,0,,False,never,0,0.0,False,0.0,tier_b,B-04-17,BAS-CR-RE-18,97,basin,re,on
model,crossing,9.387131015734026,0.6019081895970513,145.65391894093102,port,,True,goal,False,False,61,117.45501174002109,0.0,0,0,0,0,0,0.0,0.0,0.0,0.0,0.0,0.6350948835390875,0.8404630865868566,2.0738873232333024,0.3625496269779036,0,,False,never,0,0.0,False,0.0,tier_b,B-04-18,BAS-CR-RE-19,98,basin,re,on
model,crossing,9.411203164528796,0.3524520422006777,228.38429663272598,starboard,,True,goal,False,False,59,28.56684315272848,-1.756200261407287,1,0,0,0,1,0.003518682321085402,0.0,0.0,0.0,0.3863961742039809,0.7142793119734372,0.9581746421245269,2.312428701831091,1.8379770139035687,0,,False,crossing,15,0.0,False,0.0,tier_b,B-04-19,BAS-CR-RE-20,99,basin,re,on
model,crossing,9.200706279714865,0.2580893191785541,231.7080280272063,starboard,,True,collision:target,True,True,15,-305.6193574751608,-9.316954667472547,3,0,0,0,4,0.6324834319387305,0.0,0.0,0.0,1.3747025954168515,0.5064523170597588,0.5633395249449302,1.57343662993371,0.0536700673246525,0,,False,crossing,5,0.0,False,0.0,tier_b,B-05-00,BAS-CR-NC-01,100,basin,nc,on
model,crossing,9.216210094803998,2.417752396114681,247.95272431710384,starboard,,True,goal,False,False,47,15.451500705175462,-9.004094222791574,3,9,0,0,6,0.6415462433257086,0.6706916752840245,0.0,0.0,0.55744811681631,0.8431096214543637,1.014751868454412,2.5450446306882863,1.9286824837125123,0,,False,crossing,9,0.0,False,0.0,tier_b,B-05-01,BAS-CR-NC-02,101,basin,nc,on
model,crossing,9.215623177051167,1.4873487938689043,105.29283107709941,port,,False,goal,False,False,48,36.45314642055628,-18.640273602422923,4,15,0,0,7,0.19100245837330612,2.643294272332186,0.0,0.0,1.0245566189846067,0.7998885854063164,1.037437430341258,1.8543373032070003,0.6057315978997108,0,,False,crossing,15,1.0,True,0.0,tier_b,B-05-02,BAS-CR-NC-03,102,basin,nc,on
model,crossing,9.213270431695067,0.3553567901759372,252.88143754819663,starboard,,True,goal,False,False,58,60.81947648603642,-5.234965248350756,0,2,0,0,2,0.0,0.3467073581186046,0.0,0.0,0.7819475168141474,0.6754263296683528,0.9164392204272572,1.516984783824863,0.9968099227759667,0,,False,crossing,15,0.0,False,0.0,tier_b,B-05-03,BAS-CR-NC-04,103,basin,nc,on
model,crossing,9.211809026931432,0.9515372231990188,160.45417521803344,port,,False,goal,False,False,49,2.57324965112376,-44.91925201595897,11,8,0,0,11,6.85748254753996,0.24935217307807456,0.0,0.0,2.1645378108665994,0.8056997354327152,0.9692422552981644,2.405290124355376,1.9496031874506894,0,,False,crossing,11,1.0,True,0.0,tier_b,B-05-04,BAS-CR-NC-05,104,basin,nc,on
model,crossing,9.21839401844697,1.8062505610752353,104.4884246730779,port,,True,goal,False,False,61,63.50988173952447,-0.04778247288624116,1,0,0,0,0,0.009653024825503264,0.0,0.0,0.0,0.0,0.6628861902741495,0.9685066665058134,3.0103103014137895,1.8390448029343878,0,,False,crossing,15,1.0,True,0.0,tier_b,B-05-05,BAS-CR-NC-06,105,basin,nc,on
model,crossing,9.200720800350496,2.127250002349644,226.01222781833783,starboard,,True,goal,False,False,52,72.08029968870743,0.0,0,0,0,0,0,0.0,0.0,0.0,0.0,0.0,0.7515687586432374,0.9885483788721571,1.937437297544203,1.2110135946504657,0,,False,never,0,0.0,False,0.0,tier_b,B-05-06,BAS-CR-NC-07,106,basin,nc,on
model,crossing,9.215286445654044,0.8117411341797673,81.47856525673441,port,,True,goal,False,False,62,24.860591255887954,-1.9579055579831355,0,0,0,0,2,0.0,0.0,0.0,0.0,0.43509012399625235,0.6488588832296874,1.0200941482792671,2.532864671005774,1.977817834166342,0,,False,crossing,16,1.0,True,0.0,tier_b,B-05-07,BAS-CR-NC-08,107,basin,nc,on
model,crossing,9.226396066992601,1.6819854812629311,284.8234292978913,starboard,,True,goal,False,False,58,63.87390140836243,-0.1334012299582353,0,0,0,0,1,0.0,0.0,0.0,0.0,0.029644717768496736,0.6835151403609278,0.946559338104342,3.3753249631029183,1.1332410844773855,0,,False,crossing,17,0.0,False,0.0,tier_b,B-05-08,BAS-CR-NC-09,108,basin,nc,on
model,crossing,9.32008951347376,1.135129196971054,143.31966161417364,port,,False,collision:target,True,True,17,-316.43593647818454,-9.379858026624044,0,2,0,0,8,0.0,0.11239710072911999,0.0,0.0,1.9607760840033108,0.41421304785747254,0.5480732643380017,1.8543862591205453,0.19014795187121317,0,,False,crossing,15,1.0,True,0.0,tier_b,B-05-09,BAS-CR-NC-10,109,basin,nc,on
model,crossing,9.385721352234496,1.101512207539723,157.86281711377936,port,,False,goal,False,False,50,-13.2790023219667,-64.56357612422197,10,6,0,0,15,8.597326888127606,0.3371176168084223,0.0,0.0,4.519572405508585,0.7960380017250537,0.9489997811565147,2.179888860912122,1.3402657021463609,0,,False,crossing,15,1.0,True,0.0,tier_b,B-05-10,BAS-CR-NC-11,110,basin,nc,on
model,crossing,9.224280439849588,2.007293642915143,279.44608599744123,starboard,,True,goal,False,False,56,59.26730845026435,-0.4189890080124744,1,0,0,0,0,0.08464424404292412,0.0,0.0,0.0,0.0,0.703547284568461,1.0280099854293876,3.3937187344876105,1.0529941578688609,0,,False,crossing,18,0.0,False,0.0,tier_b,B-05-11,BAS-CR-NC-12,111,basin,nc,on
model,crossing,9.242440755971442,0.8191370874231221,80.80910659952784,port,,False,collision:target,True,True,14,-351.67881825504264,-57.0958998719822,4,10,0,0,10,1.0349050776365922,5.589683813353782,0.0,0.0,5.4009299692399635,0.6624089522978791,0.8026657172677597,1.374549680261082,0.07065562071114022,0,,False,crossing,10,1.0,True,0.0,tier_b,B-05-12,BAS-CR-NC-13,112,basin,nc,on
model,crossing,9.200734089771071,2.42791685748975,77.60170120950792,port,,True,goal,False,False,64,28.286650528889723,-1.9253474238017092,4,0,0,0,1,0.362163251035753,0.0,0.0,0.0,0.02947540692771813,0.6381635935461624,0.9313320789115551,3.811509072988445,2.2555701834036905,0,,False,crossing,19,1.0,True,0.0,tier_b,B-05-13,BAS-CR-NC-14,113,basin,nc,on
model,crossing,9.201922042439248,1.7448573110820977,97.97332632435779,port,,True,goal,False,False,69,122.59063695294628,-7.748785970734815,5,0,0,0,3,0.9445571649210989,0.0,0.0,0.0,0.6829395565278613,0.5619893941837748,0.7295629300130662,2.447497725584088,0.6193846469167225,0,,False,crossing,17,1.0,True,0.0,tier_b,B-05-14,BAS-CR-NC-15,114,basin,nc,on
model,crossing,9.210289614228753,1.3646181904166412,240.49501663448518,starboard,,True,collision:target,True,True,14,-291.12278940765697,0.0,0,0,0,0,0,0.0,0.0,0.0,0.0,0.0,0.580295462135564,0.6717907244107317,1.4217582389586487,0.4294775148249525,0,,False,never,0,0.0,False,0.0,tier_b,B-05-15,BAS-CR-NC-16,115,basin,nc,on
model,crossing,9.202557876894945,0.8775763774858016,205.45723389036638,starboard,,False,collision:target,True,True,22,-316.1013567765922,-15.677654631839983,3,1,0,0,4,1.89252282266082,0.29580128226029856,0.0,0.0,1.0767667361067657,0.47868489605233006,0.5842079459211115,0.7900236080428652,0.5281352983218227,0,,False,crossing,20,0.0,False,0.0,tier_b,B-05-16,BAS-CR-NC-17,116,basin,nc,on
model,crossing,9.200007316122752,0.6831058562121795,131.93554503895228,port,,False,goal,False,False,51,13.734011448003855,-64.08772617794195,14,12,0,0,12,8.931879039563245,1.1915635654246577,0.0,0.0,3.1059300629448527,0.7716206399691675,0.9636176384295507,2.695983220453895,0.9833006323947759,0,,False,crossing,14,1.0,True,0.0,tier_b,B-05-17,BAS-CR-NC-18,117,basin,nc,on
model,crossing,9.223206685954919,0.43444335475430834,97.38973420096866,port,,True,collision:target,True,True,18,-304.4552007099271,-11.569177041927656,0,1,0,0,4,0.0,0.4351204977745478,0.0,0.0,2.092295683987476,0.5417873486670763,0.7285284984657917,1.4560296280671123,0.2304068420285039,0,,False,crossing,4,1.0,True,0.0,tier_b,B-05-18,BAS-CR-NC-19,118,basin,nc,on
model,crossing,9.339982268508692,0.6058694525165631,90.87155766463691,port,,False,goal,False,False,74,-11.282319754236838,-16.972960756671196,1,4,0,0,5,0.20391520957299047,1.9571059483111648,0.0,0.0,1.394645783365473,0.5585405773391133,0.9338267004936188,1.480601954301844,1.5593314535225986,0,,False,crossing,23,1.0,True,0.0,tier_b,B-05-19,BAS-CR-NC-20,119,basin,nc,on
model,overtaking,9.217016676076229,0.7050661416026955,2.751896715549613,,,,goal,False,False,54,62.7722094773878,-9.23088738569238,7,0,0,0,1,1.7568853272495655,0.0,0.0,0.0,0.11873444795711778,0.7744007528721532,1.0517560575853346,2.4385747084965748,2.1345145559633787,0,,False,overtaking,22,0.0,False,0.0,tier_b,B-06-00,BAS-OT-CV-01,120,basin,cv,on
model,overtaking,9.208398649472159,1.222686384166272,-8.618763366062442,,,,goal,False,False,68,70.43584042910639,-58.83731776009542,27,0,49,0,1,3.0149502963414245,0.0,12.184246775277712,0.0,0.011116756045688113,0.5671804891078637,0.7125201571452111,2.6293626940065873,1.063105859170901,0,,False,overtaking,54,0.0,False,0.0,tier_b,B-06-01,BAS-OT-CV-02,121,basin,cv,on
model,overtaking,9.225440673837724,0.9165861617121269,-6.456878945402444,,,,goal,False,False,54,73.68468312492453,-31.153786354039266,15,0,0,0,15,4.792246395358248,0.0,0.0,0.0,1.6515925993368763,0.7183408141159303,1.006023645632115,2.243538942616855,0.5878605342982575,0,,False,overtaking,29,0.0,False,0.0,tier_b,B-06-02,BAS-OT-CV-03,122,basin,cv,on
model,overtaking,9.329409704326869,0.7067123366219907,8.906828243136012,,,,goal,False,False,54,59.7298583830488,-20.115608518664175,10,0,0,0,3,3.974530230064393,0.0,0.0,0.0,0.09815197329898462,0.7481370885874952,1.0072676605880106,2.7584294604851216,1.4280588391885043,0,,False,overtaking,24,0.0,False,0.0,tier_b,B-06-03,BAS-OT-CV-04,123,basin,cv,on
model,overtaking,9.253937805212828,0.984205361322041,-3.263816162059692,,,,collision:boundary,True,False,120,-589.0682262279304,-68.86909839033834,19,4,23,0,11,8.342361692104156,0.1901051870350209,4.435619677156988,0.0,2.3700347779631654,0.39820017529604723,0.7489689842641108,2.4672048444010466,1.6131363058625574,2,"8(e) in extremis: overtaking, compliant alteration inadmissible (DCPA 1.12 m, TCPA 4.6 s) | 8(e) in extremis: overtaking, compliant alteration inadmissible (DCPA 1.11 m, TCPA 4.5 s)",False,overtaking,53,0.0,False,0.0,tier_b,B-06-04,BAS-OT-CV-05,124,basin,cv,on
model,overtaking,9.403333139407776,1.8835367064658046,-6.754171342172503,,,,goal,False,False,57,44.616337874193874,-28.130338567421155,8,0,7,0,1,4.011243140714506,0.0,1.8999357709494542,0.0,0.31887027677029195,0.7369448590397882,1.0279925117213098,1.597354892838468,2.105679381789623,0,,False,overtaking,29,0.0,False,0.0,tier_b,B-06-05,BAS-OT-CV-06,125,basin,cv,on
model,overtaking,9.312453564977488,0.46612804954114906,-7.085673200637763,,,,goal,False,False,53,52.359826453440746,-24.1744003610768,12,0,0,0,9,3.9262492311329584,0.0,0.0,0.0,1.0532148148819227,0.7562228164041522,1.0136044797565562,2.1069937613313905,1.4337172538216694,0,,False,overtaking,25,0.0,False,0.0,tier_b,B-06-06,BAS-OT-CV-07,126,basin,cv,on
model,overtaking,9.200000666897902,0.5433941009058441,-8.662780220701272,,,,goal,False,False,53,60.46305907466929,-26.754469698253764,10,2,2,0,20,2.940905842057958,0.046236269407750316,0.06699504800108402,0.0,2.6059853497099117,0.7424808216782268,1.0008830967152462,2.0249691296360086,1.428546456866852,0,,False,overtaking,32,0.0,False,0.0,tier_b,B-06-07,BAS-OT-CV-08,127,basin,cv,on
model,overtaking,9.220235851911836,0.3446039038499784,8.41519054387767,,,,goal,False,False,83,-36.88967510164903,-81.68644910400221,23,8,35,0,6,7.3973875327442995,0.7757768183780921,10.836165138562185,0.0,0.49313134824944116,0.515211730011164,0.8199451651646913,1.264802752990051,1.4874655942962478,1,"8(e) in extremis: overtaking, compliant alteration inadmissible (DCPA 2.16 m, TCPA 3.4 s)",False,overtaking,63,0.0,False,0.0,tier_b,B-06-08,BAS-OT-CV-09,128,basin,cv,on
model,overtaking,9.227401620536055,1.7604500606651974,6.019718404961015,,,,goal,False,False,66,1.3242976010125034,-51.644070630707525,20,1,6,0,7,8.464440410716257,0.05826391925639252,1.4841822723722071,0.0,0.9141395592895462,0.6398505479380493,0.9797135466988426,2.3229433395612986,2.2436669338654984,0,,False,overtaking,47,0.0,False,0.0,tier_b,B-06-09,BAS-OT-CV-10,129,basin,cv,on
model,overtaking,9.288292197368149,0.24483595493298105,6.581433309724179,,,,goal,False,False,52,44.448430899385606,-22.127407119568048,9,0,0,0,1,4.440135739004039,0.0,0.0,0.0,0.033052269221789325,0.7794881202912329,1.0126269490956137,3.0888704241257567,2.1037165042473083,0,,False,overtaking,22,0.0,False,0.0,tier_b,B-06-10,BAS-OT-CV-11,130,basin,cv,on
model,overtaking,9.471422972562301,0.30574369011869007,-7.374418842022461,,,,goal,False,False,59,76.24270538850966,-14.87338855731879,10,4,3,0,5,1.6418900028466556,0.566708592604161,0.5481617871062855,0.0,0.43720957250102693,0.6782079552282467,0.9418680809824058,2.2517003718215958,1.1321303115989245,0,,False,overtaking,37,0.0,False,0.0,tier_b,B-06-11,BAS-OT-CV-12,131,basin,cv,on
model,overtaking,9.438920604119721,1.5253415474808054,-1.7605355360611323,,,,goal,False,False,60,15.375827309618074,-42.19450743716484,10,0,8,0,0,6.96749747133883,0.0,2.1403874872326734,0.0,0.0,0.7025434783663786,0.987153258764169,2.0633803318137733,2.0710782197678337,0,,False,overtaking,34,0.0,False,0.0,tier_b,B-06-12,BAS-OT-CV-13,132,basin,cv,on
model,overtaking,9.356925374869007,0.945243983198403,-3.711880853278407,,,,goal,False,False,55,60.65998884741714,-5.629498402441519,4,0,0,0,0,1.1372724045336402,0.0,0.0,0.0,0.0,0.7322885454680449,0.9973563971243657,2.90637459232238,1.2852378969587737,0,,False,overtaking,17,0.0,False,0.0,tier_b,B-06-13,BAS-OT-CV-14,133,basin,cv,on
model,overtaking,9.201705291610567,0.04816330016336545,6.838357024498219,,,,goal,False,False,62,30.929154348559123,-61.14743125193783,21,5,36,0,7,3.872204695853449,0.2589614824919495,10.971430188592995,0.0,0.26689110893184537,0.6270448115192516,0.8953767292667938,2.1498219103124163,1.2969864189077522,0,,False,overtaking,42,0.0,False,0.0,tier_b,B-06-14,BAS-OT-CV-15,134,basin,cv,on
model,overtaking,9.200315756528905,1.098197584734694,3.3987834475205663,,,,goal,False,False,52,70.00178936331679,-15.705188562654985,7,0,1,0,10,2.2975501428997247,0.0,0.26043540598966264,0.0,0.7543884208307915,0.7431725331074119,1.0324040934900225,2.1616279554602644,0.8029735296520563,0,,False,overtaking,21,0.0,False,0.0,tier_b,B-06-15,BAS-OT-CV-16,135,basin,cv,on
model,overtaking,9.209977053368092,0.46489584335204936,5.615825607046434,,,,goal,False,False,54,67.94857122705747,-12.022186505388678,5,0,1,0,2,2.170468326259361,0.0,0.025462429640808058,0.0,0.26371189859954003,0.7534838630306632,1.044107632733016,3.114224270019469,1.806767706764201,0,,False,overtaking,21,0.0,False,0.0,tier_b,B-06-16,BAS-OT-CV-17,136,basin,cv,on
model,overtaking,9.293443319164194,0.7501591541669446,3.6811135241780217,,,,goal,False,False,51,55.36533025345482,-22.436179697587107,13,0,0,0,10,4.032834091364523,0.0,0.0,0.0,0.5497002100739352,0.7768515906247773,1.0489823469675505,2.4860945698852555,1.235625545326701,0,,False,overtaking,29,0.0,False,0.0,tier_b,B-06-17,BAS-OT-CV-18,137,basin,cv,on
model,overtaking,9.261088593327413,0.3967794023411553,0.942094834672746,,,,goal,False,False,51,66.9240768753717,-17.076720666470536,9,0,1,0,15,0.818770211064148,0.0,0.1406152370041588,0.0,2.7816873929973407,0.7663589809608905,1.0116075325053637,1.6744257927437705,1.0861704215871095,0,,False,overtaking,24,0.0,False,0.0,tier_b,B-06-18,BAS-OT-CV-19,138,basin,cv,on
model,overtaking,9.226408642497487,1.4114137494770642,-6.5337083014531245,,,,goal,False,False,54,81.3350793222298,-2.0109868794762233,4,0,0,0,0,0.4062599756517622,0.0,0.0,0.0,0.0,0.7323286014949287,1.0065379948972937,3.3566724961966568,1.1448060029769285,0,,False,overtaking,16,0.0,False,0.0,tier_b,B-06-19,BAS-OT-CV-20,139,basin,cv,on
model,overtaking,9.237318635066163,0.6955108624999942,8.502895358359591,,,,goal,False,False,58,1.0084968545117476,-91.45692834255307,31,6,35,0,15,8.903696231782495,0.5374511383602151,10.580535248573348,0.0,1.4740715478850173,0.6671887914800865,0.9221058289860186,1.9430013007312494,0.6294786012483969,0,,False,overtaking,39,0.0,False,0.0,tier_b,B-07-00,BAS-OT-RE-01,140,basin,re,on
model,overtaking,9.20862851148156,1.8700119096817152,-7.244673280696084,,,,goal,False,False,56,53.99478287286489,-44.442752521027806,28,3,0,0,2,8.739664132997307,0.07860016942764124,0.0,0.0,0.1760764942276216,0.6911493860253207,0.9632015709349324,3.5474953777684117,0.8740489863594949,0,,False,overtaking,33,0.0,False,0.0,tier_b,B-07-01,BAS-OT-RE-02,141,basin,re,on
model,overtaking,9.202335923999566,0.3265016702521537,4.755399329358097,,,,goal,False,False,51,54.93258545140927,-11.890431760842395,7,0,1,0,0,2.3957140422257686,0.0,0.008790903284677696,0.0,0.0,0.7877837176721011,1.0012997901272678,3.343765252427447,2.0592621480362414,0,,False,overtaking,25,0.0,False,0.0,tier_b,B-07-02,BAS-OT-RE-03,142,basin,re,on
model,overtaking,9.293015255899277,0.9710119403809374,-4.649419898074171,,,,goal,False,False,55,41.259012175776554,-37.343596824043324,13,0,2,0,1,7.084373255906561,0.0,0.6282273133168106,0.0,0.003184639858960806,0.7515332582588742,1.0751676197179771,2.404295714071055,1.8549753216611296,0,,False,overtaking,26,0.0,False,0.0,tier_b,B-07-03,BAS-OT-RE-04,143,basin,re,on
model,overtaking,9.283208573028874,0.590858996109658,2.166140678298074,,,,goal,False,False,55,45.20038399019842,-27.281073310303295,9,0,0,0,4,5.12131517985916,0.0,0.0,0.0,0.4290140377778795,0.7519497087322128,1.0080457177501365,2.4801895500725766,2.135415432729099,0,,False,overtaking,23,0.0,False,0.0,tier_b,B-07-04,BAS-OT-RE-05,144,basin,re,on
model,overtaking,9.220721747140464,1.4440943071107695,-3.2381786297647537,,,,goal,False,False,53,74.8208300258949,-16.29544475269022,10,0,0,0,0,3.292009040947519,0.0,0.0,0.0,0.0,0.7393901250823519,0.9708354807401396,3.545853268410761,1.3199489112477585,0,,False,overtaking,24,0.0,False,0.0,tier_b,B-07-05,BAS-OT-RE-06,145,basin,re,on
model,overtaking,9.235301134425187,0.47868786193385526,-2.242403672861313,,,,goal,False,False,55,63.17800460280236,-13.162585383666368,7,0,1,0,3,2.4211109417003507,0.0,0.02066376864674198,0.0,0.245265923360302,0.7460725036234235,1.029322547175452,2.167965256044205,1.6010525723737854,0,,False,overtaking,19,0.0,False,0.0,tier_b,B-07-06,BAS-OT-RE-07,146,basin,re,on
model,overtaking,9.210772885835906,1.118854926084452,-9.379588430721498,,,,goal,False,False,55,51.58856040670746,-53.29634652491319,20,0,31,0,0,4.887093592240755,0.0,8.084787012033734,0.0,0.0,0.7068439156245835,0.9606709138056749,2.5621223073402,1.0641498949051789,0,,False,overtaking,31,0.0,False,0.0,tier_b,B-07-07,BAS-OT-RE-08,147,basin,re,on
model,overtaking,9.201297608530824,0.948580564783577,4.6641680010374404,,,,goal,False,False,51,65.2877424585954,-7.47319905673864,8,0,0,0,9,1.0501045520405938,0.0,0.0,0.0,0.5055958942528223,0.7739252641771341,1.0175877677837888,2.9425512833463237,1.576602905313912,0,,False,overtaking,21,0.0,False,0.0,tier_b,B-07-08,BAS-OT-RE-09,148,basin,re,on
model,overtaking,9.314342443114086,1.3343859203914925,6.76369823927924,,,,goal,False,False,52,71.54195030854922,-27.636454418974466,9,0,22,0,6,0.45924533380748495,0.0,6.782734533076192,0.0,0.21007682167847092,0.7408144594055113,0.9430487332506151,2.590899041985241,0.5253247973664236,0,,False,overtaking,22,0.0,False,0.0,tier_b,B-07-09,BAS-OT-RE-10,149,basin,re,on
model,overtaking,9.315117655309152,0.6673426336536532,4.539541054003408,,,,goal,False,False,54,83.39867071317212,-6.38762224466621,5,0,0,0,2,1.1340903774237696,0.0,0.0,0.0,0.17197219475967762,0.7320882162529281,0.990619438655487,2.480142107602109,1.2115306690784298,0,,False,overtaking,20,0.0,False,0.0,tier_b,B-07-10,BAS-OT-RE-11,150,basin,re,on
model,overtaking,9.22853476359556,0.7949817246542223,5.362336825936062,,,,goal,False,False,54,70.26268581922965,-8.761048390052375,8,0,0,0,1,1.7075127478856846,0.0,0.0,0.0,0.06863561955960819,0.7347718537634078,0.9850808363375455,2.947717741536819,1.6104106071607949,0,,False,overtaking,23,0.0,False,0.0,tier_b,B-07-11,BAS-OT-RE-12,151,basin,re,on
model,overtaking,9.20887238342961,1.5936706563985252,7.086398227872522,,,,goal,False,False,54,85.95386808219445,-13.467264549382985,11,0,0,0,2,2.680167589132185,0.0,0.0,0.0,0.044541107373037625,0.712379332372757,0.9482284623658638,2.762075729903816,0.897600013730036,0,,False,overtaking,29,0.0,False,0.0,tier_b,B-07-12,BAS-OT-RE-13,152,basin,re,on
model,overtaking,9.216839652941829,1.6016624116391511,5.262289951952228,,,,goal,False,False,62,1.2532201189863343,-59.72743981925684,18,0,7,0,6,10.246057833881903,0.0,1.7418608169165934,0.0,0.6086121334759323,0.6837428399396762,0.9741601071000832,2.4180060287934455,2.357465424121389,0,,False,overtaking,40,0.0,False,0.0,tier_b,B-07-13,BAS-OT-RE-14,153,basin,re,on
model,overtaking,9.255519260104249,0.35298755437586804,3.1573118541693095,,,,goal,False,False,48,54.85305696941891,-7.772866393239318,8,0,1,0,3,1.3404921720539864,0.0,0.25686754727222344,0.0,0.04726821586490636,0.8150761083174113,1.0346476676299676,2.4239922290790865,1.6193567296864126,0,,False,overtaking,25,0.0,False,0.0,tier_b,B-07-14,BAS-OT-RE-15,154,basin,re,on
model,overtaking,9.215509090809306,1.7752520106799483,3.50927978990223,,,,goal,False,False,54,77.24324006379308,-28.34248351062738,8,0,25,0,4,0.5062318278706862,0.0,6.898093623632224,0.0,0.22299975946477313,0.7062824688513187,0.883099839359154,2.8992966741774246,0.6509447238106544,0,,False,overtaking,26,0.0,False,0.0,tier_b,B-07-15,BAS-OT-RE-16,155,basin,re,on
model,overtaking,9.291005947685234,0.12063488626486807,-1.313765613830494,,,,goal,False,False,55,60.90725240941395,-24.89076408202767,7,0,10,0,4,3.018037893636624,0.0,2.084295832162162,0.0,0.544002558387242,0.726052834585279,0.9457067533990055,1.6527026678048458,1.4193953787504912,0,,False,overtaking,21,0.0,False,0.0,tier_b,B-07-16,BAS-OT-RE-17,156,basin,re,on
model,overtaking,9.205389690325374,0.45888945551356053,6.666781674074301,,,,goal,False,False,53,60.46670461948078,-12.602683387766715,4,0,2,0,1,2.268256148051006,0.0,0.3770756089955958,0.0,0.0038540583400192645,0.7851241897412586,1.0316830488584992,3.1735393329093173,1.923786566680933,0,,False,overtaking,18,0.0,False,0.0,tier_b,B-07-17,BAS-OT-RE-18,157,basin,re,on
model,overtaking,9.2228486192688,0.6437987319681227,-3.4629356248216165,,,,goal,False,False,53,57.05384863083123,-20.432857709230206,9,0,0,0,0,4.1278500422687285,0.0,0.0,0.0,0.0,0.7499645622025977,1.0060214114354473,3.266291823257484,1.5439420915658464,0,,False,overtaking,22,0.0,False,0.0,tier_b,B-07-18,BAS-OT-RE-19,158,basin,re,on
model,overtaking,9.225994588178112,1.4726543869922135,2.14369871642881,,,,goal,False,False,87,-68.85261182164145,-92.50506572507354,25,0,9,0,13,13.825853021880212,0.0,2.9770149021325034,0.0,2.9666310264643285,0.48964475017104897,0.9300973300787995,2.432795205702825,1.3230996700331823,0,,False,overtaking,51,0.0,False,0.0,tier_b,B-07-19,BAS-OT-RE-20,159,basin,re,on
model,overtaking,9.202826174856394,1.8658931692162017,-1.4134208463222802,,,,goal,False,False,51,79.80997485505101,-5.359096278281763,9,0,0,0,4,0.7977283761180813,0.0,0.0,0.0,0.3134090703327244,0.7582933721218055,0.975224261678282,3.064791852283468,0.9606518970836733,0,,False,overtaking,17,0.0,False,0.0,tier_b,B-08-00,BAS-OT-NC-01,160,basin,nc,on
model,overtaking,9.223586837236766,0.48526308595663137,7.947943010148403,,,,goal,False,False,51,55.56579129198504,-15.529825780511393,7,0,0,0,8,2.603614753966091,0.0,0.0,0.0,0.5870961663064992,0.7788108718586064,0.9965510768279378,2.5458650286530613,1.6797961571601603,0,,False,overtaking,20,0.0,False,0.0,tier_b,B-08-01,BAS-OT-NC-02,161,basin,nc,on
model,overtaking,9.324634189278777,1.5212132266343419,-0.10161533566932235,,,,goal,False,False,55,99.47882077959083,-9.178823577266858,8,0,0,0,8,1.5989274742599373,0.0,0.0,0.0,0.280918351040037,0.7169879186999125,0.9758224255348605,2.699843149743925,0.8027960019292194,0,,False,overtaking,23,0.0,False,0.0,tier_b,B-08-02,BAS-OT-NC-03,162,basin,nc,on
model,overtaking,9.201445899888215,1.1211468026239688,-5.499755077898718,,,,goal,False,False,53,96.64230722733417,-14.767321277107966,11,1,0,0,9,2.069628664942006,0.15479634097819892,0.0,0.0,0.8347594439562109,0.7178519085802042,0.9251180296218727,2.531791246944203,0.7951847981422974,0,,False,overtaking,31,0.0,False,0.0,tier_b,B-08-03,BAS-OT-NC-04,163,basin,nc,on
model,overtaking,9.21773170156655,1.7859137701757974,-4.391160300370627,,,,goal,False,False,60,89.32759092038414,-21.06173944123271,8,0,27,0,0,1.1420632618151059,0.0,4.280146193124426,0.0,0.0,0.6334025775374778,0.8927758213696854,2.9519063897714664,0.8395738081919731,0,,False,overtaking,29,0.0,False,0.0,tier_b,B-08-04,BAS-OT-NC-05,164,basin,nc,on
model,overtaking,9.224828604838036,1.0279798656456742,-1.0573866499295388,,,,goal,False,False,58,17.108938315854274,-85.39711310338876,32,0,35,0,9,8.634203149571281,0.0,11.124073918786172,0.0,0.5802536456401568,0.6692342899547868,0.9524432380733431,2.3686572414961287,0.8066152195502114,0,,False,overtaking,38,0.0,False,0.0,tier_b,B-08-05,BAS-OT-NC-06,165,basin,nc,on
model,overtaking,9.207283694138823,0.021159204588590663,-7.334374927666074,,,,goal,False,False,53,66.70093098730538,-19.458473703121776,10,0,0,0,8,3.5139194955272544,0.0,0.0,0.0,0.458793822280414,0.7390382537922014,1.010646533852491,2.67850687957633,1.4703452238271637,0,,False,overtaking,25,0.0,False,0.0,tier_b,B-08-06,BAS-OT-NC-07,166,basin,nc,on
model,overtaking,9.249749621825773,0.3985333505421971,-6.131124078940598,,,,goal,False,False,54,57.769567045180246,-20.641786716839906,9,0,0,0,9,3.5813900197311366,0.0,0.0,0.0,0.6475346931490606,0.7475831611386745,1.016627262515968,2.665366669306056,1.6906880673269469,0,,False,overtaking,25,0.0,False,0.0,tier_b,B-08-07,BAS-OT-NC-08,167,basin,nc,on
model,overtaking,9.436169496045947,0.7878924456258161,7.165970628024571,,,,goal,False,False,56,51.831797761651565,-22.162200966171774,10,0,3,0,6,3.331557918635708,0.0,0.35891128364008695,0.0,0.9730908106268218,0.764029783857921,1.0517141156402474,2.1481014452964464,1.8123533469259,0,,False,overtaking,23,0.0,False,0.0,tier_b,B-08-08,BAS-OT-NC-09,168,basin,nc,on
model,overtaking,9.229515026318893,1.040478185072131,-5.885302635044216,,,,goal,False,False,57,100.8777124306853,-10.00802537465404,10,2,0,0,13,1.0777446971273408,0.1444347411765624,0.0,0.0,0.8796082566777151,0.6762256059622113,0.9715044989513179,2.269417094939572,0.682227307929154,0,,False,overtaking,33,0.0,False,0.0,tier_b,B-08-09,BAS-OT-NC-10,169,basin,nc,on
model,overtaking,9.370275779233848,0.4992216841537722,-2.8798086621817927,,,,goal,False,False,60,75.8943885369259,-3.9900629028192,5,0,0,0,0,0.8060733137008484,0.0,0.0,0.0,0.0,0.6769160272032178,0.9993446805042837,2.9488359541098705,1.3440501503495557,0,,False,overtaking,21,0.0,False,0.0,tier_b,B-08-10,BAS-OT-NC-11,170,basin,nc,on
model,overtaking,9.200440778044294,0.5375469357908986,2.9879215617206167,,,,goal,False,False,111,-249.93187065158094,-105.51886483647075,39,6,4,0,22,12.95200513841792,1.3389394713935825,1.2575152542891115,0.0,6.722585356102895,0.35796028252940254,0.8327233383096125,1.625589930231862,1.86890242764615,5,"8(e) in extremis: overtaking, compliant alteration inadmissible (DCPA 1.56 m, TCPA 3.4 s) | 8(e) in extremis: overtaking, compliant alteration inadmissible (DCPA 0.70 m, TCPA 4.6 s) | 8(e) in extremis: overtaking, compliant alteration inadmissible (DCPA 1.45 m, TCPA 3.5 s) | 8(e) in extremis: overtaking, compliant alteration inadmissible (DCPA 0.90 m, TCPA 3.8 s) | 8(e) in extremis: overtaking, compliant alteration inadmissible (DCPA 0.68 m, TCPA 5.0 s)",False,overtaking,58,0.0,False,0.0,tier_b,B-08-11,BAS-OT-NC-12,171,basin,nc,on
model,overtaking,9.309395668763356,0.265542389110653,9.88770235233514,,,,goal,False,False,62,46.36117222171639,-22.700208075298058,9,0,11,0,0,2.590047579268738,0.0,2.7442979327549435,0.0,0.0,0.6533548362902121,0.9844185229138788,2.7095992282576757,1.727432115193444,0,,False,overtaking,36,0.0,False,0.0,tier_b,B-08-12,BAS-OT-NC-13,172,basin,nc,on
model,overtaking,9.204875415860784,1.1272047415291218,-5.371385987906487,,,,goal,False,False,55,54.2842600392215,-46.613692212869054,23,1,0,0,4,9.16344080228024,0.047860943438526926,0.0,0.0,0.22616634923581247,0.6946081199499424,0.9980529649842248,2.8767144195227354,0.8470661247308193,0,,False,overtaking,38,0.0,False,0.0,tier_b,B-08-13,BAS-OT-NC-14,173,basin,nc,on
model,overtaking,9.201383075582118,0.1859423402514624,-7.648081300261262,,,,goal,False,False,49,59.43586185892843,-15.700347848021215,5,0,3,0,8,2.084086336697962,0.0,0.4511044353753556,0.0,0.8355876697811158,0.7961981868162117,1.089318105841406,1.917965982887981,1.1201941431065325,0,,False,overtaking,25,0.0,False,0.0,tier_b,B-08-14,BAS-OT-NC-15,174,basin,nc,on
model,overtaking,9.200650409504961,0.4507784176862255,-3.998535066635336,,,,goal,False,False,50,57.72192417295429,-10.398180565993377,9,0,1,0,2,1.834159771935403,0.0,0.25961768951919395,0.0,0.08543689169867368,0.7981590296416935,1.0363304401083608,2.460429085490916,1.7808119518742596,0,,False,overtaking,25,0.0,False,0.0,tier_b,B-08-15,BAS-OT-NC-16,175,basin,nc,on
model,overtaking,9.3291056655864,0.40136882412902786,-2.6412169799750984,,,,goal,False,False,56,93.87317706076104,-8.313550528872664,6,0,1,0,9,0.9922426285277595,0.0,0.2473404290208439,0.0,0.5581164384856037,0.6981406149046198,0.9443435025376182,1.9175942911431563,1.2016823805431363,0,,False,overtaking,27,0.0,False,0.0,tier_b,B-08-16,BAS-OT-NC-17,176,basin,nc,on
model,overtaking,9.231064088505306,1.2645939764148457,-6.299085950554712,,,,goal,False,False,58,69.96610700864969,-32.48519257361802,14,3,0,0,13,5.49703965236552,0.11166920195136995,0.0,0.0,1.0493519432776472,0.6709610335346684,0.9732962395016712,2.530683504820061,0.595858630176882,0,,False,overtaking,26,0.0,False,0.0,tier_b,B-08-17,BAS-OT-NC-18,177,basin,nc,on
model,overtaking,9.31855498079544,1.3210319582406747,-1.6894524809757634,,,,goal,False,False,57,97.4324295807346,-13.465311201982702,12,0,0,0,10,2.2949687599826736,0.0,0.0,0.0,0.4678257422374373,0.6788828172315536,1.0046667858295155,2.442307387515453,0.7127352053800756,0,,False,overtaking,28,0.0,False,0.0,tier_b,B-08-18,BAS-OT-NC-19,178,basin,nc,on
model,overtaking,9.229882434629188,1.089446271626464,3.540682633184913,,,,goal,False,False,51,28.635845578492024,-0.48485179399166917,8,0,0,0,0,0.09794985737205436,0.0,0.0,0.0,0.0,0.792882713208064,1.0113791386118438,3.992897304917013,2.048981597103235,0,,False,overtaking,8,0.0,False,0.0,tier_b,B-08-19,BAS-OT-NC-20,179,basin,nc,on
model,being_overtaken,9.273493236199498,1.8624143719013233,-8.902097191092933,,False,,goal,False,False,35,79.79126310631167,-31.236190472562264,0,0,0,25,0,0.0,0.0,0.0,7.712639622854879,0.0,0.7019320163932566,0.7738201782274309,1.9679354927987271,0.8706140234789032,0,,False,being_overtaken,33,0.0,False,0.0,tier_b,B-09-00,BAS-BO-CV-01,180,basin,cv,on
model,being_overtaken,9.217607022899784,1.5906365392492274,6.189092943004855,,False,,goal,False,False,42,78.35846776347184,-18.708331656285416,0,0,0,9,0,0.0,0.0,0.0,4.619341149700103,0.0,0.5888051759834231,0.8359060137112168,1.9212102239772502,0.3019745767054585,0,,False,being_overtaken,20,0.0,False,0.0,tier_b,B-09-01,BAS-BO-CV-02,181,basin,cv,on
model,being_overtaken,9.255587351263733,1.1613891645434418,-0.8352424648167727,,False,,goal,False,False,35,86.12764863675507,-24.336094723128824,0,0,0,17,0,0.0,0.0,0.0,6.00891227731576,0.0,0.6894885145825433,0.8182813804681089,2.381183718907709,0.884179319648513,0,,False,being_overtaken,25,0.0,False,0.0,tier_b,B-09-02,BAS-BO-CV-03,182,basin,cv,on
model,being_overtaken,9.250348763135506,1.7977552113536805,-3.5475180180360333,,False,,goal,False,False,32,69.61905338752614,-22.141491955186133,0,0,0,12,0,0.0,0.0,0.0,5.467035050663243,0.0,0.7595194384969621,0.9515334694184125,3.7466303557469898,0.5864729902007155,0,,False,being_overtaken,12,0.0,False,0.0,tier_b,B-09-03,BAS-BO-CV-04,183,basin,cv,on
model,being_overtaken,9.22795648132154,1.9941677015431467,-2.3648618685453577,,False,,goal,False,False,34,80.78920419313565,-23.644325092683435,0,0,0,20,0,0.0,0.0,0.0,5.838104961156403,0.0,0.7225684883407644,0.8341906943790455,2.848183029544076,0.6103017065893501,0,,False,being_overtaken,22,0.0,False,0.0,tier_b,B-09-04,BAS-BO-CV-05,184,basin,cv,on
model,being_overtaken,9.205422207041055,1.6404072407823604,-0.7485242194691732,,False,,goal,False,False,37,80.11025095389338,-35.81680500878182,0,0,0,15,0,0.0,0.0,0.0,8.843655557723906,0.0,0.6579136882140654,0.8089171039684624,2.317972462852583,0.5849007209544563,0,,False,being_overtaken,25,0.0,False,0.0,tier_b,B-09-05,BAS-BO-CV-06,185,basin,cv,on
model,being_overtaken,9.231188874487815,1.340368245862548,4.823936508557827,,False,,goal,False,False,39,94.55817013844076,-21.210801669238364,0,0,0,12,0,0.0,0.0,0.0,5.237234980058855,0.0,0.628690880443176,0.780184018751031,2.01694110789495,0.6043423429070197,0,,False,being_overtaken,26,0.0,False,0.0,tier_b,B-09-06,BAS-BO-CV-07,186,basin,cv,on
model,being_overtaken,9.306570037248152,1.9931677532460892,-8.148925558501691,,False,,goal,False,False,38,102.10606780202372,-23.577864395338732,0,0,0,17,0,0.0,0.0,0.0,5.821694912429317,0.0,0.6472323965819549,0.7502827572218077,2.613050758744545,0.7236474372458129,0,,False,being_overtaken,26,0.0,False,0.0,tier_b,B-09-07,BAS-BO-CV-08,187,basin,cv,on
model,being_overtaken,9.31876586064638,1.8721708685827283,-2.6070181173307727,,False,,goal,False,False,32,58.99633192477213,-32.760463414981146,0,0,0,17,0,0.0,0.0,0.0,8.089003312341022,0.0,0.7749333802031655,0.9336076352532876,3.7636271190170754,0.2582248576560475,0,,False,being_overtaken,22,0.0,False,0.0,tier_b,B-09-08,BAS-BO-CV-09,188,basin,cv,on
model,being_overtaken,9.249443229558986,1.9217608222226181,-7.380586831028621,,False,,collision:boundary,True,False,45,-421.6589521700391,-28.051505018396306,0,0,0,23,0,0.0,0.0,0.0,6.926297535406493,0.0,0.6876463730293081,0.8651293358172742,3.2513548736530407,1.7189722249663018,0,,False,being_overtaken,26,0.0,False,0.0,tier_b,B-09-09,BAS-BO-CV-10,189,basin,cv,on
model,being_overtaken,9.203184269661492,1.843844839977306,-0.9619646850153014,,False,,goal,False,False,38,85.62607313890234,-25.999348048061563,0,0,0,22,0,0.0,0.0,0.0,6.419592110632485,0.0,0.6370709002686116,0.8565269451079681,2.710105549211585,0.6382623039900266,0,,False,being_overtaken,26,0.0,False,0.0,tier_b,B-09-10,BAS-BO-CV-11,190,basin,cv,on
model,being_overtaken,9.25307424643198,1.1108330766827545,1.607400018626592,,False,,goal,False,False,37,64.41200732193846,-52.700575818442694,0,0,0,19,0,0.0,0.0,0.0,13.012487856405606,0.0,0.6514219821309958,0.8688309933267949,1.7215331552752502,0.29916682735571337,0,,False,being_overtaken,31,0.0,False,0.0,tier_b,B-09-11,BAS-BO-CV-12,191,basin,cv,on
model,being_overtaken,9.235632032674806,1.848583916571433,-0.2425773065007757,,False,,goal,False,False,36,57.654088053497986,-46.63327256663771,0,0,0,19,0,0.0,0.0,0.0,11.579336499765185,0.0,0.681290384734766,0.8955043259829872,2.4314111771769955,0.6092315052530415,0,,False,being_overtaken,23,0.0,False,0.0,tier_b,B-09-12,BAS-BO-CV-13,192,basin,cv,on
model,being_overtaken,9.200223992512747,1.8802471960490879,4.851620794650593,,False,,goal,False,False,36,49.33225366924462,-50.616092179061376,0,0,0,13,0,0.0,0.0,0.0,12.602539045214964,0.0,0.6735873937704575,0.921299714938432,2.0505183760474703,0.6972520715283067,0,,False,being_overtaken,25,0.0,False,0.0,tier_b,B-09-13,BAS-BO-CV-14,193,basin,cv,on
model,being_overtaken,9.226481771773116,1.5840743156666974,3.9745590510219593,,False,,goal,False,False,35,0.7970025390025768,-20.285710073984838,0,0,0,9,0,0.0,0.0,0.0,5.0088173022184765,0.0,0.7409032285754786,0.9605905736557604,3.0719245551099457,1.7001558198085145,0,,False,being_overtaken,9,0.0,False,0.0,tier_b,B-09-14,BAS-BO-CV-15,194,basin,cv,on
model,being_overtaken,9.24882857954596,1.471695882073571,5.848713078592571,,False,,goal,False,False,34,47.63506098609879,-50.02334969549444,0,0,0,12,0,0.0,0.0,0.0,12.734223071427385,0.0,0.7204501303002528,0.9125892995264961,1.4133243590329108,0.7868178380573907,0,,False,being_overtaken,25,0.0,False,0.0,tier_b,B-09-15,BAS-BO-CV-16,195,basin,cv,on
model,being_overtaken,9.2000557627246,1.3115357577179512,-3.336619991866976,,False,,goal,False,False,37,73.40862795102586,-39.59268085250829,0,0,0,18,0,0.0,0.0,0.0,10.181260670138194,0.0,0.6566477108781082,0.7669437114608916,2.192246636883137,0.7646899515935582,0,,False,being_overtaken,26,0.0,False,0.0,tier_b,B-09-16,BAS-BO-CV-17,196,basin,cv,on
model,being_overtaken,9.206193309648413,1.6399952535113682,-8.767670035024747,,False,,goal,False,False,35,65.4147960084428,-37.56206574112943,0,0,0,19,0,0.0,0.0,0.0,9.274584133612203,0.0,0.6918808538409641,0.9218669978974089,2.7161166394145013,0.4209924932751064,0,,False,being_overtaken,23,0.0,False,0.0,tier_b,B-09-17,BAS-BO-CV-18,197,basin,cv,on
model,being_overtaken,9.212969204739892,1.89761480211908,5.806877306962388,,False,,goal,False,False,37,90.2620233519861,-21.87819302181353,0,0,0,21,0,0.0,0.0,0.0,5.402022968349018,0.0,0.6686860727802789,0.8068243863292517,2.887117523133823,0.7217442569702244,0,,False,being_overtaken,23,0.0,False,0.0,tier_b,B-09-18,BAS-BO-CV-19,198,basin,cv,on
model,being_overtaken,9.241544285848647,1.3128118964065598,-3.848274730984212,,False,,goal,False,False,34,65.63659591407486,-27.04880624828501,0,0,0,13,0,0.0,0.0,0.0,6.6787175921691375,0.0,0.7158322496613759,0.9269363535416483,2.6157646459663617,0.8065879222132373,0,,False,being_overtaken,21,0.0,False,0.0,tier_b,B-09-19,BAS-BO-CV-20,199,basin,cv,on
model,being_overtaken,9.299183658994504,1.773151827696595,-1.6900412891160776,,False,,goal,False,False,39,37.06608192453009,-17.06639326919735,0,0,0,17,0,0.0,0.0,0.0,4.2139242639993455,0.0,0.6493085898705384,0.9172832953683693,2.3116592583335027,0.9780561690459872,0,,False,being_overtaken,21,0.0,False,0.0,tier_b,B-10-00,BAS-BO-RE-01,200,basin,re,on
model,being_overtaken,9.208428406002529,1.8002544236295193,-7.975902988781078,,False,,goal,False,False,36,79.00412924839503,-28.69311465336449,0,0,0,15,0,0.0,0.0,0.0,7.084719667497405,0.0,0.6706457361777569,0.8731399012040105,2.3872098513661935,0.4298042209754717,0,,False,being_overtaken,29,0.0,False,0.0,tier_b,B-10-01,BAS-BO-RE-02,201,basin,re,on
model,being_overtaken,9.200097472568554,1.7443342445294665,9.875833022670356,,False,,collision:obstacle,True,False,9,-371.9605355660921,-27.750225733233762,0,0,0,7,0,0.0,0.0,0.0,7.111814673367526,0.0,0.6205318547776799,0.7199444294417825,4.529590591345758,0.2498628489578865,0,,False,being_overtaken,7,0.0,False,0.0,tier_b,B-10-02,BAS-BO-RE-03,202,basin,re,on
model,being_overtaken,9.302207649734385,1.777266012011609,-9.931571327253923,,False,,goal,False,False,41,61.74851451384493,-42.703615671745276,0,0,0,22,0,0.0,0.0,0.0,10.544102634998834,0.0,0.60554857098485,0.7699041469194003,0.9472593259663787,0.7674649088547685,0,,False,being_overtaken,34,0.0,False,0.0,tier_b,B-10-03,BAS-BO-RE-04,203,basin,re,on
model,being_overtaken,9.444761284079842,1.3087089012898345,4.681091863494736,,False,,goal,False,False,36,68.04967448004905,-34.234946240672755,0,0,0,14,0,0.0,0.0,0.0,8.453073145845128,0.0,0.6978527165669421,0.9173705669785571,2.653774656999465,0.6438687450649061,0,,False,being_overtaken,19,0.0,False,0.0,tier_b,B-10-04,BAS-BO-RE-05,204,basin,re,on
model,being_overtaken,9.214925193316624,1.1701787995312543,-1.3084080958413722,,False,,goal,False,False,36,90.3091884320703,-20.02934317443817,0,0,0,15,0,0.0,0.0,0.0,4.945516833194609,0.0,0.6836877009976078,0.8291671468103844,2.2611534239456845,0.8153769638114656,0,,False,being_overtaken,23,0.0,False,0.0,tier_b,B-10-05,BAS-BO-RE-06,205,basin,re,on
model,being_overtaken,9.345445770673976,1.4379363850772926,4.981252912227472,,False,,goal,False,False,37,56.461557359135085,-46.816778165057215,0,0,0,18,0,0.0,0.0,0.0,11.559698312359806,0.0,0.6700457799879547,0.8815703293341204,2.674073285776216,0.714571223100523,0,,False,being_overtaken,22,0.0,False,0.0,tier_b,B-10-06,BAS-BO-RE-07,206,basin,re,on
model,being_overtaken,9.322783768923756,1.5358173143953697,3.367055013572058,,False,,goal,False,False,35,86.43055481385235,-19.115583584793423,0,0,0,22,0,0.0,0.0,0.0,4.719897181430475,0.0,0.7074394729997335,0.8653320527412234,3.3990478616019235,0.8217578398192429,0,,False,being_overtaken,27,0.0,False,0.0,tier_b,B-10-07,BAS-BO-RE-08,207,basin,re,on
model,being_overtaken,9.201314005451428,1.9971843329164898,9.00989998728025,,False,,goal,False,False,39,96.07460726562758,-15.324414015579492,0,0,0,13,0,0.0,0.0,0.0,3.7838059297727136,0.0,0.6289703421812042,0.8565387447002296,2.4927364988765337,0.5035838488319455,0,,False,being_overtaken,21,0.0,False,0.0,tier_b,B-10-08,BAS-BO-RE-09,208,basin,re,on
model,being_overtaken,9.20072806159274,1.54947173218287,4.609127711992633,,False,,goal,False,False,36,76.31077572235907,-28.116003108830473,0,0,0,15,0,0.0,0.0,0.0,6.9422229898346846,0.0,0.6838759757187359,0.9027894611788666,2.702966932791989,0.7031654377823967,0,,False,being_overtaken,22,0.0,False,0.0,tier_b,B-10-09,BAS-BO-RE-10,209,basin,re,on
model,being_overtaken,9.21645897876405,1.9690709051734863,1.176519119898927,,False,,goal,False,False,37,94.22180301189341,-17.664173264483047,0,0,0,16,0,0.0,0.0,0.0,4.36152426283532,0.0,0.6669031937875818,0.830424849359529,2.7713749744699148,0.5924800263269296,0,,False,being_overtaken,25,0.0,False,0.0,tier_b,B-10-10,BAS-BO-RE-11,210,basin,re,on
model,being_overtaken,9.306207621915819,1.954788173821367,9.561566394234376,,False,,goal,False,False,36,-1.0589201708886122,-69.05519375574218,0,0,0,23,0,0.0,0.0,0.0,17.368051127498962,0.0,0.6868016269764071,0.7776843926286441,3.045178883387864,0.505302466124543,0,,False,being_overtaken,24,0.0,False,0.0,tier_b,B-10-11,BAS-BO-RE-12,211,basin,re,on
model,being_overtaken,9.201269707763343,1.7772566114764492,-9.49576632141824,,False,,goal,False,False,41,2.5610064094937712,-55.75834053206479,0,0,0,24,0,0.0,0.0,0.0,13.767491489398713,0.0,0.5978834032353266,0.7272555056473632,1.1400936328235056,0.3921307551928627,0,,False,being_overtaken,37,0.0,False,0.0,tier_b,B-10-12,BAS-BO-RE-13,212,basin,re,on
model,being_overtaken,9.20007231710936,1.5173470694376623,-5.727268467660743,,False,,goal,False,False,37,34.73036753200786,-73.34388673855821,0,0,0,19,0,0.0,0.0,0.0,18.109601663841534,0.0,0.6558559183326899,0.903272886887801,1.5951353530622092,0.7670829330693294,0,,False,being_overtaken,26,0.0,False,0.0,tier_b,B-10-13,BAS-BO-RE-14,213,basin,re,on
model,being_overtaken,9.205150564445342,1.294253026574379,2.488002109063279,,False,,goal,False,False,35,75.02111922235058,-37.80340757945629,0,0,0,15,0,0.0,0.0,0.0,9.334174710976866,0.0,0.6961837851272007,0.7765577430378419,2.03230881423166,0.4461041200650438,0,,False,being_overtaken,23,0.0,False,0.0,tier_b,B-10-14,BAS-BO-RE-15,214,basin,re,on
model,being_overtaken,9.313661266320532,1.7903252631685758,-5.8123145075739835,,False,,goal,False,False,35,49.52691826549751,-55.084530141650546,0,0,0,21,0,0.0,0.0,0.0,13.601118553493965,0.0,0.6999234827668774,0.9294898193397805,1.7585403741212167,0.32018705600814534,0,,False,being_overtaken,33,0.0,False,0.0,tier_b,B-10-15,BAS-BO-RE-16,215,basin,re,on
model,being_overtaken,9.326073276028978,1.2655496033418419,2.743333719372105,,False,,goal,False,False,36,10.534609307482782,-64.98084609978525,0,0,0,21,0,0.0,0.0,0.0,16.274374292767863,0.0,0.6980405104568397,0.8185047905742867,3.1627061673336883,0.6432649773837452,0,,False,being_overtaken,21,0.0,False,0.0,tier_b,B-10-16,BAS-BO-RE-17,216,basin,re,on
model,being_overtaken,9.205824497383704,1.8152384603032226,0.838151042915797,,False,,goal,False,False,34,18.78712447883457,-79.92312855604483,0,0,0,21,0,0.0,0.0,0.0,20.582104270285274,0.0,0.7202884197952668,0.9507779529936601,1.5634422037458036,0.4732974694467012,0,,False,being_overtaken,33,0.0,False,0.0,tier_b,B-10-17,BAS-BO-RE-18,217,basin,re,on
model,being_overtaken,9.20054983344852,1.5415350386735858,5.016089318996162,,False,,goal,False,False,34,62.888151550261114,-42.70136442059735,0,0,0,15,0,0.0,0.0,0.0,10.543546770517867,0.0,0.7175984727410591,0.880809741512884,3.1467519121915273,0.3100864173452516,0,,False,being_overtaken,15,0.0,False,0.0,tier_b,B-10-18,BAS-BO-RE-19,218,basin,re,on
model,being_overtaken,9.207597434000661,1.8315257360462056,-4.576958939054121,,False,,goal,False,False,36,86.90756082463876,-27.81505193959594,0,0,0,22,0,0.0,0.0,0.0,6.867914059159487,0.0,0.6748919317104862,0.86639909224707,2.778765886023122,0.7082075149310796,0,,False,being_overtaken,24,0.0,False,0.0,tier_b,B-10-19,BAS-BO-RE-20,219,basin,re,on
model,being_overtaken,9.236527995337298,1.1519614688414712,-2.2195555121721178,,False,,collision:obstacle,True,False,11,-356.52858770239135,-36.99213272875519,0,0,0,10,0,0.0,0.0,0.0,9.13385993302597,0.0,0.5650791851151613,0.5929083615968176,3.577945651531187,0.1971056322927365,0,,False,being_overtaken,10,0.0,False,0.0,tier_b,B-11-00,BAS-BO-NC-01,220,basin,nc,on
model,being_overtaken,9.23433805559084,1.622927630240563,-4.373363126865904,,False,,goal,False,False,36,81.68237831439896,-31.001910970657953,0,0,0,20,0,0.0,0.0,0.0,7.654792832261223,0.0,0.6748960795742047,0.8060101687652533,2.6348322709366907,0.6839491465457428,0,,False,being_overtaken,28,0.0,False,0.0,tier_b,B-11-01,BAS-BO-NC-02,221,basin,nc,on
model,being_overtaken,9.201707197154533,1.4145163420230074,-5.7891424804659275,,False,,goal,False,False,40,93.716216576697,-28.17571718901727,0,0,0,16,0,0.0,0.0,0.0,6.956967207164758,0.0,0.6051930860871428,0.695089284457374,2.0436373041560674,0.5582911462807766,0,,False,being_overtaken,28,0.0,False,0.0,tier_b,B-11-02,BAS-BO-NC-03,222,basin,nc,on
model,being_overtaken,9.322281665781562,1.755871175235038,1.8276934949897257,,False,,goal,False,False,35,85.82801844942192,-25.574367855744377,0,0,0,14,0,0.0,0.0,0.0,6.314658729813425,0.0,0.700599766296227,0.8236499468269108,2.3447729240706505,0.528453831759353,0,,False,being_overtaken,23,0.0,False,0.0,tier_b,B-11-03,BAS-BO-NC-04,223,basin,nc,on
model,being_overtaken,9.233130278985481,1.5192526816727558,3.4855574671074336,,False,,goal,False,False,35,90.25607298876254,-17.630060924363608,0,0,0,16,0,0.0,0.0,0.0,4.353101462805828,0.0,0.6947491154933946,0.8439609975684212,2.2571044111277363,0.5312881080339266,0,,False,being_overtaken,27,0.0,False,0.0,tier_b,B-11-04,BAS-BO-NC-05,224,basin,nc,on
model,being_overtaken,9.328713025918816,1.700483358405682,7.3105569812825415,,False,,goal,False,False,38,96.13513591952128,-14.967818573123088,0,0,0,14,0,0.0,0.0,0.0,3.6957576723760712,0.0,0.6617272574213403,0.8621925276578053,2.5470595600120003,0.6484582286759577,0,,False,being_overtaken,25,0.0,False,0.0,tier_b,B-11-05,BAS-BO-NC-06,225,basin,nc,on
model,being_overtaken,9.452026588751458,1.680421345776952,-8.856849843423404,,False,,goal,False,False,32,39.115847659731465,-51.25017334722167,0,0,0,24,0,0.0,0.0,0.0,12.654363789437447,0.0,0.783278005670037,0.9088520301929506,3.320800758978327,0.16881211207945815,0,,False,being_overtaken,28,0.0,False,0.0,tier_b,B-11-06,BAS-BO-NC-07,226,basin,nc,on
model,being_overtaken,9.202024764188364,1.56702171598217,7.263154250248537,,False,,goal,False,False,36,56.74375387807056,-48.85109357361904,0,0,0,21,0,0.0,0.0,0.0,12.06199841323927,0.0,0.6842993979819972,0.8881301965397231,1.259364216911781,0.5765114111806531,0,,False,being_overtaken,33,0.0,False,0.0,tier_b,B-11-07,BAS-BO-NC-08,227,basin,nc,on
model,being_overtaken,9.205580976620242,1.9692399546351242,8.024768894352754,,False,,goal,False,False,36,39.701453458266876,-60.906227707610384,0,0,0,20,0,0.0,0.0,0.0,15.038574742619849,0.0,0.6871662804786887,0.9001819076289552,2.1696680505795634,1.0047257153204399,0,,False,being_overtaken,28,0.0,False,0.0,tier_b,B-11-08,BAS-BO-NC-09,228,basin,nc,on
model,being_overtaken,9.316795130165278,1.714406399088104,-3.4209535335938774,,False,,goal,False,False,35,76.8630237766375,-30.89629293839981,0,0,0,16,0,0.0,0.0,0.0,7.62871430577773,0.0,0.7022528499204854,0.8365276727002711,2.5951255653194636,0.7415026654808407,0,,False,being_overtaken,25,0.0,False,0.0,tier_b,B-11-09,BAS-BO-NC-10,229,basin,nc,on
model,being_overtaken,9.200443326565946,1.457454310852382,-0.08477589960005005,,False,,goal,False,False,34,69.68248344678139,-26.015833597449117,0,0,0,12,0,0.0,0.0,0.0,6.423662616654101,0.0,0.7125574352182414,0.9568275765606178,1.723179894483621,0.6071064693389062,0,,False,being_overtaken,31,0.0,False,0.0,tier_b,B-11-10,BAS-BO-NC-11,230,basin,nc,on
model,being_overtaken,9.206488158792665,1.249139189269402,-1.8360824900204662,,False,,goal,False,False,35,83.52937346336537,-22.81004029634726,0,0,0,11,0,0.0,0.0,0.0,5.6321087151474725,0.0,0.7062490273953022,0.8163994536195185,2.1799924851276966,0.816536418504524,0,,False,being_overtaken,21,0.0,False,0.0,tier_b,B-11-11,BAS-BO-NC-12,231,basin,nc,on
model,being_overtaken,9.201817379891112,1.5868221001976754,-6.447278365339926,,False,,goal,False,False,36,72.83759126716413,-41.88485494249116,0,0,0,23,0,0.0,0.0,0.0,10.341939491973125,0.0,0.6784336916244189,0.8045618784286899,2.625136417373577,0.7668989110770731,0,,False,being_overtaken,28,0.0,False,0.0,tier_b,B-11-12,BAS-BO-NC-13,232,basin,nc,on
model,being_overtaken,9.265928733697365,1.9149018015905381,7.536306606785324,,False,,goal,False,False,37,70.77879354825674,-44.035311881870115,0,0,0,15,0,0.0,0.0,0.0,10.872916514042002,0.0,0.657960040676922,0.8493242046639183,2.4532654976240136,0.2932211259721456,0,,False,being_overtaken,23,0.0,False,0.0,tier_b,B-11-13,BAS-BO-NC-14,233,basin,nc,on
model,being_overtaken,9.207812378871468,1.6182907081800413,-6.38840641167887,,False,,goal,False,False,34,64.59056984200362,-37.51366853826106,0,0,0,21,0,0.0,0.0,0.0,9.262634206978039,0.0,0.7101105292317346,0.9087312672774595,2.948134858323396,0.5216763580124701,0,,False,being_overtaken,26,0.0,False,0.0,tier_b,B-11-14,BAS-BO-NC-15,234,basin,nc,on
model,being_overtaken,9.211086699764161,1.9390273205707047,-4.564300457657893,,False,,goal,False,False,39,15.124138073527277,-12.175198231339174,0,0,0,9,0,0.0,0.0,0.0,3.0062217855158453,0.0,0.727097548589839,0.870753275416907,3.2768682335340915,1.847436501078073,0,,False,being_overtaken,9,0.0,False,0.0,tier_b,B-11-15,BAS-BO-NC-16,235,basin,nc,on
model,being_overtaken,9.221168572677229,1.4296023952972596,5.560865880555664,,False,,goal,False,False,36,87.70080855988232,-21.727910802615433,0,0,0,15,0,0.0,0.0,0.0,5.364916247559366,0.0,0.6761029404356979,0.8655803082280009,2.3948789405830153,0.621610565703804,0,,False,being_overtaken,23,0.0,False,0.0,tier_b,B-11-16,BAS-BO-NC-17,236,basin,nc,on
model,being_overtaken,9.414002768205252,1.9348715131238956,-1.7154115817046645,,False,,collision:boundary,True,False,46,-352.08074299123007,-16.61102988669221,0,0,0,24,0,0.0,0.0,0.0,4.101488860911658,0.0,0.6661285233022919,0.805448521694091,3.3080785318325927,1.1763269540978674,0,,False,being_overtaken,24,0.0,False,0.0,tier_b,B-11-17,BAS-BO-NC-18,237,basin,nc,on
model,being_overtaken,9.238161656216223,1.8510050629498667,-9.690422423163461,,False,,goal,False,False,35,50.70929544804426,-62.66284972569888,0,0,0,16,0,0.0,0.0,0.0,15.796358582237948,0.0,0.6866109965823055,0.798535664835317,1.8430346222082823,0.5704385761947022,0,,False,being_overtaken,29,0.0,False,0.0,tier_b,B-11-18,BAS-BO-NC-19,238,basin,nc,on
model,being_overtaken,9.203283790009097,1.976876814721316,4.232526013512521,,False,,goal,False,False,36,91.21341782083363,-15.349946709649185,0,0,0,18,0,0.0,0.0,0.0,3.7901102986788118,0.0,0.6804514546279962,0.856571587342036,3.085173029319939,0.7584209694947622,0,,False,being_overtaken,18,0.0,False,0.0,tier_b,B-11-19,BAS-BO-NC-20,239,basin,nc,on
model,null,9.30488348176209,9.029598896143826,4.158090470612009,,,,goal,False,False,58,46.84163508681229,-7.15076894910943,2,2,2,0,0,0.6731430998593085,0.4664805486111708,0.4193421914390438,0.0,0.0,0.6909249125327283,0.9128775105843909,5.919947327225475,1.638602346910282,0,,False,overtaking,8,0.0,False,0.0,tier_b,B-12-00,BAS-NU-CV-01,240,basin,cv,on
model,null,9.201207339727501,12.460169344808639,8.413048248032709,,,,goal,False,False,55,44.29459688222923,-1.0448275770468212,1,0,0,0,0,0.21107627819127697,0.0,0.0,0.0,0.0,0.7162018071768844,0.8943535699248801,8.941121806708047,1.4322402275106922,0,,False,overtaking,1,0.0,False,0.0,tier_b,B-12-01,BAS-NU-CV-02,241,basin,cv,on
model,null,9.240832309787862,8.327858718555156,-8.618871375233892,,,,goal,False,False,60,120.32477678838195,-18.067219618351256,18,4,9,0,0,1.6588206422299479,0.6380711497913385,1.860445902179412,0.0,0.0,0.6338461338530066,0.833130462915339,4.301096432793986,0.18629283277938882,0,,False,overtaking,35,0.0,False,0.0,tier_b,B-12-02,BAS-NU-CV-03,242,basin,cv,on
model,null,9.209613430807394,0.40903770566682673,-4.006128619525182,,,,goal,False,False,63,160.49584375223034,0.0,0,0,0,0,0,0.0,0.0,0.0,0.0,0.0,0.5982854234257001,0.6332856283227589,8.052503127013905,0.29740929166610686,0,,False,never,0,0.0,False,0.0,tier_b,B-12-03,BAS-NU-CV-04,243,basin,cv,on
model,null,9.222222692405213,6.427816235372899,4.135813535926339,,,,goal,False,False,55,128.57021319942487,-5.3467198842965,0,1,3,0,1,0.0,0.7736489492047364,0.3247475825270663,0.0,0.07734806414124794,0.6944742942973192,0.8494966435516067,4.987313840148931,0.4121088735432562,0,,False,overtaking,8,0.0,False,0.0,tier_b,B-12-04,BAS-NU-CV-05,244,basin,cv,on
model,null,9.207109273635014,8.286866095533389,-6.539628900567138,,,,goal,False,False,66,45.23351945914822,-1.1640827578819386,0,0,2,0,0,0.0,0.0,0.3233563216338718,0.0,0.0,0.6258269937380853,0.8313035501687914,7.703419049035722,1.860153636611651,0,,False,overtaking,5,0.0,False,0.0,tier_b,B-12-05,BAS-NU-CV-06,245,basin,cv,on
model,null,9.211675845089818,0.5917051485899124,-0.737576121396458,,,,collision:obstacle,True,False,17,-336.1767506262118,0.0,0,0,0,0,0,0.0,0.0,0.0,0.0,0.0,0.6001000106207127,0.6865123576215074,8.395429240855027,0.5870684111219489,0,,False,never,0,0.0,False,0.0,tier_b,B-12-06,BAS-NU-CV-07,246,basin,cv,on
model,null,9.216234127179748,5.343295000181682,-0.17925530452670024,,,,goal,False,False,60,-126.08208417875795,-60.30543878621112,8,13,14,0,11,3.950286066900784,4.768272269871094,3.2080014521608673,0.0,1.2443932869802654,0.6654569423573888,0.9129900289135445,4.179391413023543,1.260661596480007,0,,False,overtaking,20,0.0,False,0.0,tier_b,B-12-07,BAS-NU-CV-08,247,basin,cv,on
model,null,9.247723476290856,8.897409741494434,-9.370052266913786,,,,goal,False,False,62,68.78461425144374,-6.391978354210557,2,0,5,0,0,0.24504327676764998,0.0,1.438615037280747,0.0,0.0,0.6605051660120853,0.7744650540256831,7.497098509885937,1.7803880118078421,0,,False,overtaking,15,0.0,False,0.0,tier_b,B-12-08,BAS-NU-CV-09,248,basin,cv,on
model,null,9.202798325012864,6.174447797492404,1.5770474796407985,,,,goal,False,False,56,120.85657461498532,0.0,0,0,0,0,0,0.0,0.0,0.0,0.0,0.0,0.6794537944715598,0.829294327193541,6.26397220068778,0.3508106144368077,0,,False,never,0,0.0,False,0.0,tier_b,B-12-09,BAS-NU-CV-10,249,basin,cv,on
model,null,9.245421973273926,3.218655129061905,4.109816038650964,,,,goal,False,False,55,116.96598201824688,-11.46355823033517,6,1,7,0,3,0.9372989320001177,0.004812746936276621,1.473727782800184,0.0,0.33215231144874563,0.6952485878937589,0.7960471922042999,4.4286023717752885,0.41397196969082845,0,,False,overtaking,15,0.0,False,0.0,tier_b,B-12-10,BAS-NU-CV-11,250,basin,cv,on
model,null,9.364386760114982,6.942946008668546,3.3036720105717627,,,,goal,False,False,56,-8.813522554601334,-17.22436468162197,6,1,0,0,0,3.3654931506233847,0.11417648202751786,0.0,0.0,0.0,0.7458497894620282,0.9670634956339138,6.968890669628642,1.7035958012918724,0,,False,overtaking,6,0.0,False,0.0,tier_b,B-12-11,BAS-NU-CV-12,251,basin,cv,on
model,null,9.42218824429176,3.2108681814983844,-0.048693184906657194,,,,goal,False,False,61,130.16062493592253,-18.129501010849758,0,5,15,0,0,0.0,1.5169263910063504,2.9501987153800906,0.0,0.0,0.6386456494751057,0.725723195911671,2.895342329258714,0.44336325402887095,0,,False,overtaking,23,0.0,False,0.0,tier_b,B-12-12,BAS-NU-CV-13,252,basin,cv,on
model,null,9.211658850794736,9.995008443511558,-5.20652939404465,,,,goal,False,False,61,98.67111022900988,0.0,0,0,0,0,0,0.0,0.0,0.0,0.0,0.0,0.6362194972955271,0.7562479515657935,8.938119498824472,0.8859433777837655,0,,False,never,0,0.0,False,0.0,tier_b,B-12-13,BAS-NU-CV-14,253,basin,cv,on
model,null,9.23773615674578,3.081336877306396,-4.5449172070392745,,,,goal,False,False,63,82.36485786228297,-6.177103501650326,4,0,4,0,0,0.8811171504928823,0.0,0.5043260018640442,0.0,0.0,0.6116455283803959,0.8212710347600034,8.083651226737105,1.1318449288854169,0,,False,overtaking,9,0.0,False,0.0,tier_b,B-12-14,BAS-NU-CV-15,254,basin,cv,on
model,null,9.201136240571582,4.313634398625434,-0.0067703474592111235,,,,goal,False,False,66,90.8487042817438,0.0,0,0,0,0,0,0.0,0.0,0.0,0.0,0.0,0.588521377867545,0.7577439318666275,9.697525562102332,1.2774638548351065,0,,False,never,0,0.0,False,0.0,tier_b,B-12-15,BAS-NU-CV-16,255,basin,cv,on
model,null,9.225547056701245,2.858630262586399,-5.1636294285445095,,,,goal,False,False,57,128.0850519435256,0.0,0,0,0,0,0,0.0,0.0,0.0,0.0,0.0,0.6738213911383625,0.7869230503520968,6.349028901423127,0.3682306485669791,0,,False,never,0,0.0,False,0.0,tier_b,B-12-16,BAS-NU-CV-17,256,basin,cv,on
model,null,9.376183095992205,9.235585421155367,-5.118675898826918,,,,collision:boundary,True,False,57,-418.68339938087973,-0.5491007761086686,0,0,0,0,2,0.0,0.0,0.0,0.0,0.12202239469081524,0.6179851169086047,0.8433736200601339,7.952940450074612,1.4534855528214963,0,,False,overtaking,5,0.0,False,0.0,tier_b,B-12-17,BAS-NU-CV-18,257,basin,cv,on
model,null,9.230167988731292,8.505493054128213,9.616393634029187,,,,goal,False,False,62,95.09951644765327,-0.057062519169233536,3,0,0,0,0,0.011527781650350209,0.0,0.0,0.0,0.0,0.6211772982885173,0.7176793452065136,7.512052812539113,0.8166516181665623,0,,False,overtaking,3,0.0,False,0.0,tier_b,B-12-18,BAS-NU-CV-19,258,basin,cv,on
model,null,9.201400279328713,4.479439535546382,-7.028370133961028,,,,goal,False,False,55,25.12765940813715,-9.551842375508446,7,0,8,0,0,1.2108536399023944,0.0,0.9883657938865539,0.0,0.0,0.718593894989452,0.8488287186480672,3.544785070869779,1.5146414602692186,0,,False,overtaking,33,0.0,False,0.0,tier_b,B-12-19,BAS-NU-CV-20,259,basin,cv,on
model,head_on,10.0,0.00931436728676327,172.92164482322224,,,,goal,False,False,66,100.58815684583628,-24.572505118344417,13,0,0,0,3,4.083610244160765,0.0,0.0,0.0,0.9685854243885849,0.6101092186413474,0.8198982905472011,1.616937836570874,0.9370866680341232,0,,False,head_on,19,0.0,False,0.0,tier_b,B-13-00,CH-HO-CV-01,260,channel,cv,on
model,head_on,10.059171772780646,0.3752576619067185,184.77878356541342,,,,goal,False,False,54,69.59256885195721,-1.015573524181872,0,2,0,0,2,0.0,0.0593677711301442,0.0,0.0,0.1603784571305907,0.7419803889633487,0.9963022223828445,2.6012415644113127,1.8309708714736495,0,,False,crossing,7,0.0,False,0.0,tier_b,B-13-01,CH-HO-CV-02,261,channel,cv,on
model,head_on,9.999834710447196,1.3278886192114847,171.2735525454521,,,,goal,False,False,58,105.06492875123335,-18.57446382122264,8,0,3,0,8,1.8935276702800934,0.0,0.6828563817192901,0.0,1.4984930842548287,0.6717898479121227,0.9141376712614419,2.159613070545799,0.6245327234956911,0,,False,head_on,22,0.0,False,0.0,tier_b,B-13-02,CH-HO-CV-03,262,channel,cv,on
model,head_on,10.545877491142406,1.1416032654645767,187.85806553712405,,,,goal,False,False,55,93.20754646788144,-4.145688037800552,4,1,0,0,2,0.5488189526758642,0.0221556815031578,0.0,0.0,0.2931919108031983,0.6889278348863778,0.973382142761042,2.2042021691154514,0.593749933679493,0,,False,crossing,6,0.0,False,0.0,tier_b,B-13-03,CH-HO-CV-04,263,channel,cv,on
model,head_on,9.77535647814006,1.6290956832097379,182.12356767063324,,,,collision:target,True,True,27,-311.77389851511225,-23.980344580353965,4,4,0,0,6,3.147305054189059,0.27082570617774254,0.0,0.0,1.5690216258974,0.6347382390608592,0.8916895222972099,1.1162092326471205,0.8177453749851262,0,,False,crossing,17,0.0,False,0.0,tier_b,B-13-04,CH-HO-CV-05,264,channel,cv,on
model,head_on,10.425028738484688,1.7045079492164315,170.20835134101517,,,,goal,False,False,49,-35.74862102489328,-15.522921887693668,2,0,9,0,6,0.9456329734527028,0.0,2.0526410259446832,0.0,0.7672291057115401,0.8169313895240559,1.0066329993904815,1.3223664988403747,2.1543111720902295,0,,False,head_on,17,0.0,False,0.0,tier_b,B-13-05,CH-HO-CV-06,265,channel,cv,on
model,head_on,10.52627095569866,1.0043922090426631,188.73896204479345,,,,goal,False,False,59,58.58183720702198,-43.39726254064881,14,0,9,0,1,6.8682517785915715,0.0,2.472735533759403,0.0,0.11057073668592679,0.6894294548374491,0.9290300207809663,1.7513842098296408,1.5036786867561749,0,,False,head_on,28,0.0,False,0.0,tier_b,B-13-06,CH-HO-CV-07,266,channel,cv,on
model,head_on,9.896845584859838,0.7789071391158584,177.23586641605198,,,,goal,False,False,56,95.52170156422987,0.0,0,0,0,0,0,0.0,0.0,0.0,0.0,0.0,0.6852973166746718,1.0066155799516128,1.7764199408654495,0.8131303708699662,0,,False,never,0,0.0,False,0.0,tier_b,B-13-07,CH-HO-CV-08,267,channel,cv,on
model,head_on,10.388198972718326,1.1385031740092308,183.54460886108745,,,,goal,False,False,61,113.7862431409465,-14.304775293309467,11,0,0,0,5,2.3269986147263335,0.0,0.0,0.0,0.6191404778698028,0.6395936828257972,0.8650984783063963,2.557593100820508,0.8942975675477927,0,,False,head_on,24,0.0,False,0.0,tier_b,B-13-08,CH-HO-CV-09,268,channel,cv,on
model,head_on,9.999999999999998,0.13619639754887092,170.06855478210497,,,,goal,False,False,51,8.919465370040356,-12.259545647067583,10,0,0,0,5,1.7020326003661648,0.0,0.0,0.0,0.8521076167233481,0.7692451910160362,0.9795769473268695,2.422292791413675,1.7444258350845456,0,,False,head_on,23,0.0,False,0.0,tier_b,B-13-09,CH-HO-CV-10,269,channel,cv,on
model,head_on,9.551854016998181,0.7728161262860731,179.09089019027329,,,,goal,False,False,61,104.34481814129792,-20.771166401746143,12,0,1,0,6,3.1435013341863107,0.0,0.03808057322305126,0.0,1.1274988297602044,0.6439950523655052,0.8718300356462388,2.301799131231606,0.8995507631207144,0,,False,head_on,24,0.0,False,0.0,tier_b,B-13-10,CH-HO-CV-11,270,channel,cv,on
model,head_on,9.999999999999998,1.1137334799026584,174.73030194178168,,,,goal,False,False,59,101.68602463656656,-22.381547172430075,11,0,0,0,7,3.894282186549402,0.0,0.0,0.0,0.6899667442245626,0.6553765237857689,0.8918606994099977,2.230067987913486,0.8717710065316729,0,,False,head_on,23,0.0,False,0.0,tier_b,B-13-11,CH-HO-CV-12,271,channel,cv,on
model,head_on,10.126272489585286,0.12605959202256845,188.6229728218304,,,,goal,False,False,61,44.035186926926,-88.61927604500298,17,0,23,0,15,9.398663991188691,0.0,6.7052066942187905,0.0,3.9904767087625137,0.6332147596744742,0.9282990269542221,1.7938387368291984,0.7935374541003641,0,,False,head_on,23,0.0,False,0.0,tier_b,B-13-12,CH-HO-CV-13,272,channel,cv,on
model,head_on,9.877943889469828,0.36515359016788373,172.88190679872173,,,,goal,False,False,59,79.60266558010638,-37.07757727849523,14,0,7,0,6,5.359378738101117,0.0,1.7919541619350339,0.0,0.910581675984128,0.677745185792929,0.9010139294449584,1.4459824922115152,0.9736365062263888,0,,False,head_on,25,0.0,False,0.0,tier_b,B-13-13,CH-HO-CV-14,273,channel,cv,on
model,head_on,10.504926515687824,0.9878604659530814,182.72415701983988,,,,goal,False,False,59,61.158098503281295,-41.56559840290348,14,0,2,0,7,6.558836076225062,0.0,0.5491307892336378,0.0,1.5827753298551843,0.6839921984874484,0.9208534635791329,1.6681951964093802,1.3593653130517933,0,,False,head_on,25,0.0,False,0.0,tier_b,B-13-14,CH-HO-CV-15,274,channel,cv,on
model,head_on,9.62927120424069,0.2137344018169236,176.57058070091435,,,,goal,False,False,60,90.29449673923361,-32.88045369654942,15,0,4,0,5,5.864877976471029,0.0,0.5424236119466745,0.0,0.4214628244466207,0.6541174276801937,0.9045589930085228,2.02253816964929,0.9009081572113163,0,,False,head_on,27,0.0,False,0.0,tier_b,B-13-15,CH-HO-CV-16,275,channel,cv,on
model,head_on,10.0,0.7418034567997758,173.56514030665667,,,,goal,False,False,54,25.68401431275028,-30.017099192158827,9,0,5,0,6,4.201442654453803,0.0,1.1774185764247656,0.0,1.1069447061074096,0.7247861678435503,0.9488311760987418,1.552723585707265,1.6543794258122448,0,,False,head_on,24,0.0,False,0.0,tier_b,B-13-16,CH-HO-CV-17,276,channel,cv,on
model,head_on,10.109883335322804,1.2897092942477535,189.37937031159942,,,,goal,False,False,56,15.187735983929727,-9.68461010448478,10,0,0,0,4,1.6564117559053766,0.0,0.0,0.0,0.330082647278481,0.7409423806418268,1.0001584974109436,3.2491688408122523,2.097427651390318,0,,False,head_on,26,0.0,False,0.0,tier_b,B-13-17,CH-HO-CV-18,277,channel,cv,on
model,head_on,9.61271260132656,1.5173877853956683,177.20450553536722,,,,goal,False,False,50,13.259475254771559,-49.58073515799345,10,0,5,0,10,6.486703381204436,0.0,1.432978785205708,0.0,2.7361843987313184,0.7899612700032654,0.985870551400571,1.0612000307383274,1.4344863130965502,0,,False,head_on,25,0.0,False,0.0,tier_b,B-13-18,CH-HO-CV-19,278,channel,cv,on
model,head_on,10.2996986482426,1.9516769861004355,179.43432823982928,,,,goal,False,False,53,19.776163226549187,-48.877731242834386,17,0,0,0,1,9.628798907402823,0.0,0.0,0.0,0.2700392558200921,0.7522862824870687,0.9909466119683675,4.739813729019938,1.9034395738282648,0,,False,crossing,19,1.0,True,0.0,tier_b,B-13-19,CH-HO-CV-20,279,channel,cv,on
model,head_on,9.89111560986647,1.6384062829391792,171.96719211754183,,,,goal,False,False,52,-58.63463767966448,-85.36355844517415,22,0,0,0,6,16.81127737077381,0.0,0.0,0.0,0.4772745466319501,0.7564600880624752,1.0007614942655114,4.05691730597258,1.9474685695552205,0,,False,crossing,25,1.0,True,0.0,tier_b,B-13-20,CH-HO-CV-21,280,channel,cv,on
model,head_on,9.837127223228219,0.2748247519765272,188.54068354434628,,,,goal,False,False,59,101.94267782420171,-19.93273615675999,9,0,5,0,3,2.752761802621741,0.0,1.4548609023524466,0.0,0.23757021895856995,0.6677678352380233,0.8751932538511141,1.5441741524818173,0.8387386152963975,0,,False,head_on,21,0.0,False,0.0,tier_b,B-13-21,CH-HO-CV-22,281,channel,cv,on
model,head_on,9.85355141636039,0.19375345264545119,180.92240954271725,,,,goal,False,False,54,80.73594775131212,-3.886777719563444,1,1,0,0,4,0.012151237869939525,0.09141534978747047,0.0,0.0,0.7498051357020589,0.7132434488409728,0.9807644197948759,1.463114766604867,0.6260612709678903,0,,False,crossing,14,0.0,False,0.0,tier_b,B-13-22,CH-HO-CV-23,282,channel,cv,on
model,head_on,10.09933284722603,0.20116091432609529,188.28305490068172,,,,collision:obstacle,True,False,39,-366.18319533332397,-16.11518673238926,9,0,0,0,2,2.927052908864045,0.0,0.0,0.0,0.361394407447164,0.622901628465451,0.9298419581390496,1.909652870309589,1.539579879376851,0,,False,head_on,23,0.0,False,0.0,tier_b,B-13-23,CH-HO-CV-24,283,channel,cv,on
model,head_on,10.0,0.7400140705542302,172.20417430658102,,,,collision:obstacle,True,False,44,-351.184677685457,-15.656687365332278,10,0,1,0,6,2.4856233200451454,0.0,0.09682967131587726,0.0,0.6676144698603667,0.6580810203629565,0.8765404933202209,2.502357356077921,1.5658014094273236,0,,False,head_on,26,0.0,False,0.0,tier_b,B-13-24,CH-HO-CV-25,284,channel,cv,on
model,head_on,10.0,1.5927217144314938,184.72977469551938,,,,goal,False,False,64,111.23047481041638,-22.869937009675102,10,0,3,0,5,3.50073695639668,0.0,0.8781842523739529,0.0,0.528850170436734,0.6012921216481557,0.8594635982437187,2.3240838037789975,0.49143422080474153,0,,False,head_on,26,0.0,False,0.0,tier_b,B-13-25,CH-HO-CV-26,285,channel,cv,on
model,head_on,9.789901822105197,0.2400881395532386,170.4253347039182,,,,goal,False,False,57,82.8343383597163,-27.228601348081675,10,0,4,0,3,4.5465574208559,0.0,0.7065912147904834,0.0,0.48431416479982636,0.6961716103781153,0.8967456283997531,1.5882729010104557,0.9105888979361058,0,,False,head_on,23,0.0,False,0.0,tier_b,B-13-26,CH-HO-CV-27,286,channel,cv,on
model,head_on,10.0,0.8134906703194231,175.65539839896894,,,,goal,False,False,64,94.71020308893492,-28.005568816912774,14,0,1,0,5,4.695846999578146,0.0,0.34552154569604104,0.0,0.7816108009989347,0.6189064710003287,0.8371204755047444,1.9746640349616968,0.9289894909598463,0,,False,head_on,26,0.0,False,0.0,tier_b,B-13-27,CH-HO-CV-28,287,channel,cv,on
model,head_on,10.462255750274254,0.3014580077584983,180.68642085318183,,,,goal,False,False,62,90.98889697502018,-28.855785547887447,9,0,3,0,7,4.436675831445398,0.0,0.30758471356720063,0.0,1.285985602975734,0.6476916280332676,0.8612263358638458,1.6148800092193831,1.1242896312272934,0,,False,head_on,23,0.0,False,0.0,tier_b,B-13-28,CH-HO-CV-29,288,channel,cv,on
model,head_on,9.999999999999996,1.3320291380067846,174.4490556432284,,,,goal,False,False,61,113.25306564468777,-16.49024715280271,9,0,0,0,5,2.8182223921343383,0.0,0.0,0.0,0.5644547359417184,0.6411009574244498,0.8673341105203308,2.290406783186176,0.7706770103299969,0,,False,head_on,21,0.0,False,0.0,tier_b,B-13-29,CH-HO-CV-30,289,channel,cv,on
model,head_on,9.999999999999998,0.6746939338467137,185.0025258364978,,,,goal,False,False,55,47.501015561568444,-27.09868183059914,9,0,6,0,7,3.1970138417811707,0.0,1.319464604352849,0.0,1.4496423862471295,0.7243943828760053,0.9250933414435786,1.298596418905548,1.1123192503217643,0,,False,head_on,21,0.0,False,0.0,tier_b,B-13-30,CH-HO-CV-31,290,channel,cv,on
model,head_on,9.547642063916367,1.5093082280190078,186.7506885289399,,,,goal,False,False,65,116.06579621837699,-15.889009352020132,7,0,1,0,3,2.6980259054701072,0.0,0.07607066739463877,0.0,0.5022059371827557,0.6019083598534113,0.8410233325066488,2.8728601685397583,0.7373567212281246,0,,False,head_on,25,0.0,False,0.0,tier_b,B-13-31,CH-HO-CV-32,291,channel,cv,on
model,head_on,9.999999999999998,0.3925217837318935,179.52163418133634,,,,goal,False,False,61,98.9867819270693,-26.21594765012276,16,0,5,0,2,4.048552123555015,0.0,1.6241272063147272,0.0,0.07305704350942602,0.6369807994758319,0.8864173895981337,2.0640564606386858,0.8856976997216256,0,,False,head_on,29,0.0,False,0.0,tier_b,B-13-32,CH-HO-CV-33,292,channel,cv,on
model,head_on,9.774707882484764,1.3540380074461649,180.3743100833089,,,,goal,False,False,52,-65.06606424391457,-31.530333187951378,6,0,4,0,7,4.79203814545184,0.0,0.8505999328727383,0.0,1.055018802138425,0.7740500109727555,0.9968630374747441,1.2224377858504691,1.3664312904872917,0,,False,head_on,19,0.0,False,0.0,tier_b,B-13-33,CH-HO-CV-34,293,channel,cv,on
model,head_on,10.0,0.876284124632446,186.91956713463986,,,,goal,False,False,59,82.10404573215583,-17.503211126511157,13,0,0,0,3,3.1146688553155975,0.0,0.0,0.0,0.46346673171087777,0.6603313677739305,0.8901902851461634,2.7782431310425113,1.0692869987485039,0,,False,head_on,27,0.0,False,0.0,tier_b,B-13-34,CH-HO-CV-35,294,channel,cv,on
model,head_on,9.491601909284594,1.0382416325745052,173.87567957681418,,,,goal,False,False,58,82.59409800234852,-42.29167411577761,12,0,24,0,1,2.8303214783653066,0.0,7.779684895686477,0.0,0.06104826075511734,0.6586778181677412,0.8534168666282912,2.120070412997006,0.6914234319033709,0,,False,head_on,24,0.0,False,0.0,tier_b,B-13-35,CH-HO-CV-36,295,channel,cv,on
model,head_on,9.973604016721348,1.761164281720695,178.39576664146148,,,,goal,False,False,51,35.62385914169664,-12.436573085269298,7,0,0,0,4,2.086734191262357,0.0,0.0,0.0,0.46827529744902957,0.7759863440197526,1.0028404363447883,3.4663701135214646,1.6970871508467045,0,,False,head_on,22,0.0,False,0.0,tier_b,B-13-36,CH-HO-CV-37,296,channel,cv,on
model,head_on,9.796912371246348,1.004260110081722,181.09123305597177,,,,goal,False,False,54,50.72518194836757,-44.135130366068324,10,0,3,0,9,6.444643579807757,0.0,0.48772650344993856,0.0,2.3285176074666993,0.740559127937556,0.9741065884971892,1.4301654283361347,1.2036156106331346,0,,False,head_on,23,0.0,False,0.0,tier_b,B-13-37,CH-HO-CV-38,297,channel,cv,on
model,head_on,9.990024249615487,1.2013282168345578,180.4566840550633,,,,goal,False,False,62,113.89822441584234,-13.864275784043745,14,0,1,0,4,2.282489754295196,0.0,0.28960075668351043,0.0,0.33853083916041854,0.6266695239354843,0.869466019727224,2.674712008822173,0.8310483406535258,0,,False,head_on,27,0.0,False,0.0,tier_b,B-13-38,CH-HO-CV-39,298,channel,cv,on
model,head_on,10.804289047760962,1.0412140617679497,188.79270201393527,,,,goal,False,False,60,70.55835957504695,-39.13965674579979,10,0,10,0,5,5.5859225495889415,0.0,2.521299498548733,0.0,0.5361470956797989,0.6781054225532087,0.906613571378047,1.2539725198938465,1.2679821512408331,0,,False,head_on,23,0.0,False,0.0,tier_b,B-13-39,CH-HO-CV-40,299,channel,cv,on
model,head_on,10.257880475562652,0.4451395945221037,181.3728520836446,,,,goal,False,False,60,78.60466390040604,0.0,0,0,0,0,0,0.0,0.0,0.0,0.0,0.0,0.6674601340894287,0.8951431343964527,1.8434039015562378,1.2615444968898328,0,,False,never,0,0.0,False,0.0,tier_b,B-14-00,CH-HO-RE-01,300,channel,re,on
model,head_on,10.0,1.557619163836761,186.13833543030512,,,,goal,False,False,63,100.00006432105424,-26.620828741929415,12,0,4,0,12,3.1830261196219194,0.0,0.7840553915631582,0.0,1.7871666755941213,0.6354068587157253,0.8807683243012853,1.9682128690780951,0.8821735930006532,0,,False,head_on,16,0.0,False,0.0,tier_b,B-14-01,CH-HO-RE-02,301,channel,re,on
model,head_on,10.41632148925824,0.8560836946954598,187.63388114081306,,,,goal,False,False,54,80.37752656125231,-1.459100509329998,0,0,2,0,4,0.0,0.0,0.233007510898009,0.0,0.13783854891048125,0.7227489118312725,0.9418562237218282,2.458314072295806,1.4823429153358891,0,,False,head_on,5,0.0,False,0.0,tier_b,B-14-02,CH-HO-RE-03,302,channel,re,on
model,head_on,9.880631990256514,1.90952125055403,172.86253639642985,,,,goal,False,False,55,44.61984955046104,-13.882849722323165,19,0,0,0,0,2.804616105519831,0.0,0.0,0.0,0.0,0.7044110296545559,0.9131109027593477,3.857509421179387,1.4108767439624885,0,,False,crossing,19,1.0,True,0.0,tier_b,B-14-03,CH-HO-RE-04,303,channel,re,on
model,head_on,9.999999999999998,1.9480692299567948,176.1474985629072,,,,goal,False,False,51,48.01291094073053,-0.1467104858627851,3,0,0,0,0,0.029638481992481838,0.0,0.0,0.0,0.0,0.75854833590212,0.9778827671011874,3.4978572529140535,1.4863668386312228,0,,False,crossing,9,1.0,True,0.0,tier_b,B-14-04,CH-HO-RE-05,304,channel,re,on
model,head_on,10.0,0.871152846557109,181.4597367699919,,,,goal,False,False,58,108.95978859891694,-16.66500843399205,12,0,0,0,4,2.841329430032208,0.0,0.0,0.0,0.5778728345183597,0.6615376702712326,0.8995323696348414,2.3954102984273575,0.46490275726108615,0,,False,head_on,15,0.0,False,0.0,tier_b,B-14-05,CH-HO-RE-06,305,channel,re,on
model,head_on,10.025609414801274,1.2814564500724512,172.96623103734285,,,,goal,False,False,60,80.79891083072339,0.0,0,0,0,0,0,0.0,0.0,0.0,0.0,0.0,0.6438404345175875,0.9029618683899057,1.7093039267166719,1.020689586828949,0,,False,never,0,0.0,False,0.0,tier_b,B-14-06,CH-HO-RE-07,306,channel,re,on
model,head_on,11.160688080313045,0.30322402551173044,189.35852085396937,,,,goal,False,False,45,16.456911687220114,-19.34144468393581,6,0,0,0,6,1.6402910761800362,0.0,0.0,0.0,2.4937786348543622,0.834852646658761,0.9568884228214884,1.7959857065066216,0.5826896148682632,0,,False,crossing,6,1.0,True,0.0,tier_b,B-14-07,CH-HO-RE-08,307,channel,re,on
model,head_on,9.777982774231418,1.6634387974833196,175.3500319148207,,,,goal,False,False,63,110.75844567787553,-28.527844502737643,1,0,21,0,7,0.07529886897041038,0.0,6.4951067633030055,0.0,1.0606068340985095,0.6149167997951256,0.8138548526661153,1.752058603805585,0.9968829409556017,0,,False,head_on,21,0.0,False,0.0,tier_b,B-14-08,CH-HO-RE-09,308,channel,re,on
model,head_on,9.471808645160198,0.09528080616839074,189.52258483651062,,,,goal,False,False,60,111.63714122820211,-10.47329645745227,12,0,0,0,8,1.3200718753934402,0.0,0.0,0.0,0.875320149834387,0.6517100230185534,0.87195002561719,2.3862266635333675,0.8527393280427447,0,,False,head_on,12,0.0,False,0.0,tier_b,B-14-09,CH-HO-RE-10,309,channel,re,on
model,head_on,10.245852635614288,1.4075018825986154,189.3811274125535,,,,goal,False,False,59,133.2689426759147,0.0,0,0,0,0,0,0.0,0.0,0.0,0.0,0.0,0.6520739235009816,0.9001227357988932,3.1331176999039254,0.5928093135270106,0,,False,never,0,0.0,False,0.0,tier_b,B-14-10,CH-HO-RE-11,310,channel,re,on
model,head_on,10.823093308848131,0.07940764643276266,179.28594556903266,,,,goal,False,False,54,103.86980354036336,0.0,0,0,0,0,0,0.0,0.0,0.0,0.0,0.0,0.7154910066842791,0.9780142322097856,2.1905492032350504,0.5827096431182409,0,,False,never,0,0.0,False,0.0,tier_b,B-14-11,CH-HO-RE-12,311,channel,re,on
model,head_on,9.781964341834259,1.9394827565656019,170.7891224573258,,,,goal,False,False,56,86.17210799295981,-11.083667361895104,9,0,2,0,5,1.2551010960808333,0.0,0.42818985909867535,0.0,0.7398740985643887,0.6954288283104029,0.9181152919949214,1.8933059723157473,0.9156630914330716,0,,False,head_on,23,0.0,False,0.0,tier_b,B-14-12,CH-HO-RE-13,312,channel,re,on
model,head_on,11.062416515045763,0.9176201637484456,179.05531621172736,,,,goal,False,False,62,130.73663660591492,-9.70387103098606,13,0,1,0,4,1.5680230282200074,0.0,0.315284768254352,0.0,0.17936263901807908,0.6200318231515785,0.8595247143796935,2.5648671282926774,0.6169398588282906,0,,False,head_on,27,0.0,False,0.0,tier_b,B-14-13,CH-HO-RE-14,313,channel,re,on
model,head_on,9.583273601492918,0.616774546963468,188.49498024389715,,,,collision:obstacle,True,False,39,-323.915622229809,0.0,0,0,0,0,0,0.0,0.0,0.0,0.0,0.0,0.6199885142187842,0.7488309183794201,2.6497221477953086,1.2433923994378482,0,,False,never,0,0.0,False,0.0,tier_b,B-14-14,CH-HO-RE-15,314,channel,re,on
model,head_on,11.280276501371079,1.0682554610688233,173.91335742545994,,,,collision:boundary,True,False,64,-400.99544755419805,-15.054035008080017,11,0,0,0,3,2.8287782625325955,0.0,0.0,0.0,0.23368502412081532,0.75216732556321,1.0342700350995924,1.9037885427797852,1.833620459515195,0,,False,head_on,24,0.0,False,0.0,tier_b,B-14-15,CH-HO-RE-16,315,channel,re,on
model,head_on,11.00696337831171,0.8412385996831719,173.19211443302896,,,,goal,False,False,64,125.95399201430007,-5.772509418411621,13,0,0,0,1,1.0925742546695973,0.0,0.0,0.0,0.08094819062158069,0.603098127083276,0.8544815350782317,2.291723336710524,0.8020599261186001,0,,False,head_on,25,0.0,False,0.0,tier_b,B-14-16,CH-HO-RE-17,316,channel,re,on
model,head_on,9.999999999999998,1.3103197490672986,183.18371334804277,,,,goal,False,False,55,116.93770039008605,0.0,0,0,0,0,0,0.0,0.0,0.0,0.0,0.0,0.6995489413166489,0.941031496087353,2.7952854864857906,0.6282179582070364,0,,False,never,0,0.0,False,0.0,tier_b,B-14-17,CH-HO-RE-18,317,channel,re,on
model,head_on,10.0,1.0768083362737235,184.25135745509164,,,,goal,False,False,63,119.18866335431242,-16.81140976525648,13,0,0,0,3,3.2320548931616004,0.0,0.0,0.0,0.18060845424590216,0.6163666768723249,0.8714293320582231,2.637471675665714,0.6262513400136521,0,,False,head_on,24,0.0,False,0.0,tier_b,B-14-18,CH-HO-RE-19,318,channel,re,on
model,head_on,9.408067398970422,0.5124768099295549,180.24962585845174,,,,goal,False,False,55,55.75328943742003,-12.905238363582082,12,0,0,0,5,2.081951036263633,0.0,0.0,0.0,0.5776846075726881,0.7016343335807368,0.938706286363821,1.8226337817820204,0.838692148984639,0,,False,head_on,21,0.0,False,0.0,tier_b,B-14-19,CH-HO-RE-20,319,channel,re,on
model,head_on,9.256643869422348,0.4307092607737204,180.5735270046813,,,,goal,False,False,60,95.61558882775775,-28.078820781678854,10,0,0,0,15,2.460165526202911,0.0,0.0,0.0,3.5335558726609864,0.6394141383990667,0.8658767722828887,1.8461892021551736,0.6262526153141669,0,,False,head_on,15,0.0,False,0.0,tier_b,B-14-20,CH-HO-RE-21,320,channel,re,on
model,head_on,10.115082563137777,1.5113889998401082,188.7156501400913,,,,goal,False,False,62,94.60954405551801,-24.751986955379543,8,0,0,0,8,3.5002152545872365,0.0,0.0,0.0,1.6502047655939374,0.6440453263302309,0.8879554593502584,2.054490786317672,1.220299550781898,0,,False,head_on,13,0.0,False,0.0,tier_b,B-14-21,CH-HO-RE-22,321,channel,re,on
model,head_on,10.0,1.0743128533388442,182.22739231275222,,,,goal,False,False,52,85.35752956347426,0.0,0,0,0,0,0,0.0,0.0,0.0,0.0,0.0,0.7450219367492432,0.9171376740710486,2.00394252502243,0.6005757074980416,0,,False,never,0,0.0,False,0.0,tier_b,B-14-22,CH-HO-RE-23,322,channel,re,on
model,head_on,10.175548630351486,1.6972738702784291,183.300979929059,,,,goal,False,False,53,48.18514771123501,-59.62731242618995,12,0,22,0,12,5.762199721384936,0.0,6.998150365088645,0.0,1.313573886892309,0.7231572064839962,0.9155466160950725,1.942586423408982,0.6295952449767703,0,,False,head_on,23,0.0,False,0.0,tier_b,B-14-23,CH-HO-RE-24,323,channel,re,on
model,head_on,9.999999999999996,0.6445803103198713,171.19772436410898,,,,goal,False,False,56,52.33796508370728,-13.045171334304198,10,0,0,0,4,2.265382064966181,0.0,0.0,0.0,0.40700669171591153,0.7017558159579115,0.9301019551310757,2.4455254993244684,1.3890696062280161,0,,False,head_on,23,0.0,False,0.0,tier_b,B-14-24,CH-HO-RE-25,324,channel,re,on
model,head_on,10.321736514518186,0.26305794476871447,181.98454309429576,,,,goal,False,False,65,85.68533161951463,-25.42725789995818,14,0,1,0,2,4.929127788723482,0.0,0.13160842718904542,0.0,0.12317444619919488,0.6231562161907384,0.8691238078501649,2.4738408447552245,1.2145478255921265,0,,False,head_on,28,0.0,False,0.0,tier_b,B-14-25,CH-HO-RE-26,325,channel,re,on
model,head_on,9.849830984668252,0.6756334209002757,173.92111243269915,,,,goal,False,False,58,99.79415056035666,-23.095800913294948,11,0,0,0,8,3.032556125483807,0.0,0.0,0.0,1.7965884649222446,0.6725750447212794,0.8900628125713895,1.9870920262153093,0.8557744248419188,0,,False,head_on,15,0.0,False,0.0,tier_b,B-14-26,CH-HO-RE-27,326,channel,re,on
model,head_on,9.58529998335348,0.6058661646940113,171.14930992117158,,,,goal,False,False,59,62.27406758584637,-10.257606799381335,10,0,0,0,3,1.7105556783373421,0.0,0.0,0.0,0.39785693146922024,0.6666630488804561,0.9320243047740798,2.580712960678453,1.155128204726374,0,,False,head_on,21,0.0,False,0.0,tier_b,B-14-27,CH-HO-RE-28,327,channel,re,on
model,head_on,10.088437090849462,0.9230601295057717,186.72472631205966,,,,goal,False,False,54,94.45165063442073,0.0,0,0,0,0,0,0.0,0.0,0.0,0.0,0.0,0.6967888563301673,0.9236509348021346,2.2192299451032893,0.10710744541201232,0,,False,never,0,0.0,False,0.0,tier_b,B-14-28,CH-HO-RE-29,328,channel,re,on
model,head_on,9.876339221733241,0.26028914486023025,178.9941118782021,,,,goal,False,False,55,112.38447930877406,0.0,0,0,0,0,0,0.0,0.0,0.0,0.0,0.0,0.7032474012990297,0.9664059194181267,2.451521681771875,0.7532570578124451,0,,False,never,0,0.0,False,0.0,tier_b,B-14-29,CH-HO-RE-30,329,channel,re,on
model,head_on,9.999999999999998,1.5905215190816084,182.92058786514718,,,,goal,False,False,63,121.03789517526192,-12.072695905133749,10,0,0,0,4,2.0429139586902356,0.0,0.0,0.0,0.43561595769268546,0.6112758746095511,0.8655011590284679,2.8599543131564555,0.7522724809314832,0,,False,head_on,24,0.0,False,0.0,tier_b,B-14-30,CH-HO-RE-31,330,channel,re,on
model,head_on,9.985865561011826,0.1976814378122984,177.69526895854062,,,,goal,False,False,56,105.60674327937681,-12.232675647318887,8,0,0,0,5,1.711393886909557,0.0,0.0,0.0,0.8358390904703512,0.6937030156046424,0.8973200453361388,2.0888743916037287,0.6647072820175634,0,,False,head_on,14,0.0,False,0.0,tier_b,B-14-31,CH-HO-RE-32,331,channel,re,on
model,head_on,9.855313512799158,0.8943177841019498,171.55743071966546,,,,goal,False,False,53,45.82133143785661,-5.529584282748292,5,0,0,0,4,0.9856650369511768,0.0,0.0,0.0,0.14456496663110385,0.7350674309707478,0.9321086086889381,3.076840876609991,1.3034270169564333,0,,False,head_on,21,0.0,False,0.0,tier_b,B-14-32,CH-HO-RE-33,332,channel,re,on
model,head_on,9.999999999999996,0.0785919495309364,187.13718078519338,,,,goal,False,False,66,100.94357476270649,0.0,0,0,0,0,0,0.0,0.0,0.0,0.0,0.0,0.6304765926643948,0.8796524041352481,1.3577020197676017,1.812678391833713,0,,False,never,0,0.0,False,0.0,tier_b,B-14-33,CH-HO-RE-34,333,channel,re,on
model,head_on,9.999999999999996,0.36292822231789645,186.48644993768,,,,goal,False,False,48,40.33036637810039,-7.864563260282598,2,0,0,0,4,1.0875031954789989,0.0,0.0,0.0,0.5514272094803453,0.7954223307243242,1.0009779705369062,1.8509506390969015,1.229091634664166,0,,False,head_on,9,0.0,False,0.0,tier_b,B-14-34,CH-HO-RE-35,334,channel,re,on
model,head_on,10.235684397188408,1.0322946758393994,182.41048674369944,,,,goal,False,False,57,89.93025834862623,-22.638417971373496,6,0,0,0,10,2.443959078862729,0.0,0.0,0.0,2.342404562445108,0.6904288153036274,0.9005745302844166,1.819607840195355,1.0625443853121697,0,,False,head_on,11,0.0,False,0.0,tier_b,B-14-35,CH-HO-RE-36,335,channel,re,on
model,head_on,10.313588885450775,0.5689599698123577,179.96943600318795,,,,goal,False,False,59,96.42353474131542,-22.40229704709237,13,0,0,0,9,2.98985166568919,0.0,0.0,0.0,1.6894514004290855,0.6686192572396962,0.8825287284556861,1.9579176590870921,1.0141309304152557,0,,False,head_on,14,0.0,False,0.0,tier_b,B-14-36,CH-HO-RE-37,336,channel,re,on
model,head_on,10.16575154201225,1.8514151594406176,175.63767878929002,,,,goal,False,False,62,86.45130868858517,-10.431067375851969,8,0,0,0,4,1.8002530281348554,0.0,0.0,0.0,0.3377366414632066,0.633729061787929,0.804119636170096,3.6336495480998305,1.0242491470839585,0,,False,head_on,25,0.0,False,0.0,tier_b,B-14-37,CH-HO-RE-38,337,channel,re,on
model,head_on,10.41001758561922,1.9177974469138577,178.4418700241513,,,,collision:obstacle,True,False,39,-295.1167935077673,0.0,0,0,0,0,0,0.0,0.0,0.0,0.0,0.0,0.6166920317905278,0.8633744955864393,1.5431610865051144,0.18246164157545156,0,,False,never,0,0.0,False,0.0,tier_b,B-14-38,CH-HO-RE-39,338,channel,re,on
model,head_on,10.0,0.4325030698380221,181.96376407890875,,,,goal,False,False,59,109.19046952104839,-14.991185431014165,6,0,0,0,4,2.507991436496101,0.0,0.0,0.0,0.5725839600796584,0.6687527343746197,0.8997726349528379,1.982260465180297,0.8872221951956056,0,,False,head_on,20,0.0,False,0.0,tier_b,B-14-39,CH-HO-RE-40,339,channel,re,on
model,head_on,9.999999999999996,0.519023800112753,188.37778465688257,,,,goal,False,False,55,109.31131197540856,0.0,0,0,0,0,0,0.0,0.0,0.0,0.0,0.0,0.7105801896895064,0.858214243597543,4.248791274424338,0.8219314109558157,0,,False,never,0,0.0,False,0.0,tier_b,B-15-00,CH-HO-NC-01,340,channel,nc,on
model,head_on,10.0,0.604838046659889,178.34993262325384,,,,goal,False,False,54,106.56118461218651,0.0,0,0,0,0,0,0.0,0.0,0.0,0.0,0.0,0.7185085829601129,0.9677687930413824,4.18154881334826,0.7927036307107949,0,,False,never,0,0.0,False,0.0,tier_b,B-15-01,CH-HO-NC-02,341,channel,nc,on
model,head_on,10.259919607765926,1.1269116382224869,178.83102400407796,,,,goal,False,False,63,36.99505364047289,0.0,0,0,0,0,0,0.0,0.0,0.0,0.0,0.0,0.6493897220634064,0.9196310126668362,4.698679906817009,2.111291701545255,0,,False,never,0,0.0,False,0.0,tier_b,B-15-02,CH-HO-NC-03,342,channel,nc,on
model,head_on,10.024216397195673,0.21994639824680506,172.62122033320705,,,,goal,False,False,65,78.27602219326072,0.0,0,0,0,0,0,0.0,0.0,0.0,0.0,0.0,0.6065163086721427,0.8336807897111567,4.986668631502822,1.1479412707232985,0,,False,never,0,0.0,False,0.0,tier_b,B-15-03,CH-HO-NC-04,343,channel,nc,on
model,head_on,9.942375682643142,1.1922231970902744,189.96301610170923,,,,goal,False,False,57,45.63168012750626,0.0,0,0,0,0,0,0.0,0.0,0.0,0.0,0.0,0.711814628053254,0.9290832069051019,4.745947411467123,1.7252484160745722,0,,False,never,0,0.0,False,0.0,tier_b,B-15-04,CH-HO-NC-05,344,channel,nc,on
model,head_on,10.633989863812754,1.8144001286116342,187.34728834444252,,,,goal,False,False,55,109.869898826774,0.0,0,0,0,0,0,0.0,0.0,0.0,0.0,0.0,0.6991645970772512,0.9110301990394103,4.362346689441581,0.5960527137158749,0,,False,never,0,0.0,False,0.0,tier_b,B-15-05,CH-HO-NC-06,345,channel,nc,on
model,head_on,10.115255905834214,0.28278229538602395,176.25206878577902,,,,goal,False,False,63,96.55509890218673,-9.785022446999537,4,0,5,0,2,0.68489462566792,0.0,1.6587001537539,0.0,0.09410522142873157,0.6169895502815103,0.8927394671243595,2.7516444362508614,1.1421556585031625,0,,False,head_on,6,0.0,False,0.0,tier_b,B-15-06,CH-HO-NC-07,346,channel,nc,on
model,head_on,10.692334901657194,0.8592002649653392,173.97318650021955,,,,goal,False,False,55,116.70140546156787,0.0,0,0,0,0,0,0.0,0.0,0.0,0.0,0.0,0.6996291757548037,0.8983337940881155,4.0995325581088204,0.5987260459551974,0,,False,never,0,0.0,False,0.0,tier_b,B-15-07,CH-HO-NC-08,347,channel,nc,on
model,head_on,9.999999999999998,1.8051650223510654,187.30059723641622,,,,goal,False,False,59,112.85690614167655,0.0,0,0,0,0,0,0.0,0.0,0.0,0.0,0.0,0.6516657041749051,0.911772884235807,4.930976156716333,0.787334532276375,0,,False,never,0,0.0,False,0.0,tier_b,B-15-08,CH-HO-NC-09,348,channel,nc,on
model,head_on,9.08173527217586,1.7170723371184666,185.38442459579767,,,,goal,False,False,50,81.78832893086451,0.0,0,0,0,0,0,0.0,0.0,0.0,0.0,0.0,0.7702018152150397,0.9700679037571596,3.7607840963519292,0.8597171232961655,0,,False,never,0,0.0,False,0.0,tier_b,B-15-09,CH-HO-NC-10,349,channel,nc,on
model,head_on,10.534258709604911,0.30742126077348786,183.28425074756333,,,,goal,False,False,59,99.78926635930613,-9.005779059748713,3,0,7,0,2,0.4721204475949322,0.0,1.7403709384857224,0.0,0.08965499235671064,0.6610404098359833,0.9196410187650179,2.8697630679820363,1.3151385961393254,0,,False,head_on,7,0.0,False,0.0,tier_b,B-15-10,CH-HO-NC-11,350,channel,nc,on
model,head_on,9.150434503065322,1.126447716544327,176.3075853465309,,,,goal,False,False,57,78.25391177080738,0.0,0,0,0,0,0,0.0,0.0,0.0,0.0,0.0,0.6638458118127456,0.9747149814370651,2.8107551551435996,0.3622559284858362,0,,False,never,0,0.0,False,0.0,tier_b,B-15-11,CH-HO-NC-12,351,channel,nc,on
model,head_on,9.823835147696473,1.3381262906128648,172.27865806875414,,,,goal,False,False,58,96.05149426439405,0.0,0,0,0,0,0,0.0,0.0,0.0,0.0,0.0,0.66662026114003,0.9256084767982942,2.4498567864662237,1.5695553400067501,0,,False,never,0,0.0,False,0.0,tier_b,B-15-12,CH-HO-NC-13,352,channel,nc,on
model,head_on,9.87066778074754,0.4091321738184257,185.1998700532474,,,,goal,False,False,55,86.27721483930512,0.0,0,0,0,0,0,0.0,0.0,0.0,0.0,0.0,0.7098572793321104,0.9841936129756279,4.3324089527753085,0.9384775781328912,0,,False,never,0,0.0,False,0.0,tier_b,B-15-13,CH-HO-NC-14,353,channel,nc,on
model,head_on,10.050105676040541,0.8300514659476823,176.06913160172437,,,,goal,False,False,58,101.38273147621766,-3.708544331581277,0,0,3,0,2,0.0,0.0,0.9304307935166176,0.0,0.07977632776032285,0.6747134950574405,0.8842115247734117,1.9790835424236355,0.8634183375969162,0,,False,head_on,5,0.0,False,0.0,tier_b,B-15-14,CH-HO-NC-15,354,channel,nc,on
model,head_on,9.999999999999998,1.3034973464822712,181.02339764630273,,,,goal,False,False,54,70.15112743731036,0.0,0,0,0,0,0,0.0,0.0,0.0,0.0,0.0,0.716139852833926,0.9677866394443347,4.954631499171596,1.4542916166057744,0,,False,never,0,0.0,False,0.0,tier_b,B-15-15,CH-HO-NC-16,355,channel,nc,on
model,head_on,10.0,0.22441869904698475,182.13052102261435,,,,goal,False,False,54,115.1772330656339,0.0,0,0,0,0,0,0.0,0.0,0.0,0.0,0.0,0.7038091658588154,0.8966667456004179,4.195245866955892,0.5386754155390093,0,,False,never,0,0.0,False,0.0,tier_b,B-15-16,CH-HO-NC-17,356,channel,nc,on
model,head_on,10.0,0.4354552237124669,173.04193159748237,,,,goal,False,False,55,108.06631799414552,0.0,0,0,0,0,0,0.0,0.0,0.0,0.0,0.0,0.7049223050153415,0.8647346755730652,4.1607365617545,0.5880213207857676,0,,False,never,0,0.0,False,0.0,tier_b,B-15-17,CH-HO-NC-18,357,channel,nc,on
model,head_on,10.973495639715704,0.8830717244367781,173.08940635934107,,,,goal,False,False,55,97.88423811778456,-5.634689788068271,2,0,3,0,1,0.5517049509769141,0.0,0.7726842437136019,0.0,0.027130445191906615,0.6980380622752517,0.9288658494915945,4.012873741112296,0.5563835679692964,0,,False,head_on,5,0.0,False,0.0,tier_b,B-15-18,CH-HO-NC-19,358,channel,nc,on
model,head_on,10.0,0.6214605067159544,171.10204104445222,,,,goal,False,False,54,75.1591958096647,-4.08440966197843,0,0,5,0,2,0.0,0.0,0.8389236205928038,0.0,0.2365076950765192,0.720770643604997,0.9814208420493401,4.512678477944509,1.3758270682821023,0,,False,head_on,6,0.0,False,0.0,tier_b,B-15-19,CH-HO-NC-20,359,channel,nc,on
model,head_on,9.999999999999998,1.8110168452154083,186.9587123837746,,,,goal,False,False,62,103.79220228086946,-10.390159949195466,4,0,6,0,4,0.7999127794069838,0.0,1.2678999941911457,0.0,0.4147003804539484,0.6215923467807363,0.7716674093783148,3.017762808622892,1.3536212513053272,0,,False,head_on,21,0.0,False,0.0,tier_b,B-15-20,CH-HO-NC-21,360,channel,nc,on
model,head_on,10.783506402872137,1.0439507813894948,180.5601072643203,,,,goal,False,False,55,89.27243445600428,0.0,0,0,0,0,0,0.0,0.0,0.0,0.0,0.0,0.709090524566826,0.9169347921012354,4.448840553103951,1.2792187018083354,0,,False,never,0,0.0,False,0.0,tier_b,B-15-21,CH-HO-NC-22,361,channel,nc,on
model,head_on,10.180123451340151,1.4448588921887255,179.10490908603316,,,,goal,False,False,56,111.72504425917222,0.0,0,0,0,0,0,0.0,0.0,0.0,0.0,0.0,0.6978928085474975,0.8890240004700264,4.366189221315875,0.8700437272137611,0,,False,never,0,0.0,False,0.0,tier_b,B-15-22,CH-HO-NC-23,362,channel,nc,on
model,head_on,9.999999999999998,1.0360859281864399,173.94132518101077,,,,goal,False,False,51,69.61515709906432,0.0,0,0,0,0,0,0.0,0.0,0.0,0.0,0.0,0.7616934660102839,0.9485157638098398,4.750417028770143,0.7479635038642994,0,,False,never,0,0.0,False,0.0,tier_b,B-15-23,CH-HO-NC-24,363,channel,nc,on
model,head_on,10.0,1.320239576322837,185.5214212280775,,,,goal,False,False,57,100.14924740053031,-3.6961065143192595,2,0,5,0,0,0.14596134445766726,0.0,0.8259994053482794,0.0,0.0,0.6743655757224528,0.8759084321268829,3.908691591257771,0.6420139926818015,0,,False,head_on,8,0.0,False,0.0,tier_b,B-15-24,CH-HO-NC-25,364,channel,nc,on
model,head_on,9.999999999999998,1.0061992614250868,177.4452008327447,,,,goal,False,False,55,109.54423248510646,0.0,0,0,0,0,0,0.0,0.0,0.0,0.0,0.0,0.6917616383888775,1.0098197418871202,4.156632630959015,0.5921888710496432,0,,False,never,0,0.0,False,0.0,tier_b,B-15-25,CH-HO-NC-26,365,channel,nc,on
model,head_on,10.0,0.18986402780790823,175.51509535659784,,,,goal,False,False,58,114.06923563004315,0.0,0,0,0,0,0,0.0,0.0,0.0,0.0,0.0,0.6649552408900111,0.9372336459624392,2.8088641705406943,0.7082063147123212,0,,False,never,0,0.0,False,0.0,tier_b,B-15-26,CH-HO-NC-27,366,channel,nc,on
model,head_on,9.886041566307677,1.1928008674080468,189.56902028044726,,,,goal,False,False,63,17.15947072988584,-21.04468658846182,4,0,17,0,5,0.7772783265892851,0.0,4.235076223295834,0.0,0.43352988177330076,0.6650886220011393,0.8484167923821023,3.256861999510783,2.1459039247430765,0,,False,head_on,27,0.0,False,0.0,tier_b,B-15-27,CH-HO-NC-28,367,channel,nc,on
model,head_on,10.0,1.081374661220903,182.16831201298078,,,,goal,False,False,56,97.54936489646704,-10.826152048365023,0,0,3,0,8,0.0,0.0,0.07733270671946102,0.0,2.3439454009277694,0.6885867189555829,0.9393862421035786,1.3386535889176125,0.8818484063421036,0,,False,head_on,8,0.0,False,0.0,tier_b,B-15-28,CH-HO-NC-29,368,channel,nc,on
model,head_on,9.084002786284293,1.2433297180438143,175.5453933717683,,,,goal,False,False,52,96.20147935290149,0.0,0,0,0,0,0,0.0,0.0,0.0,0.0,0.0,0.7408468506488444,0.9378727461616119,4.0662978086444515,0.6146545988138661,0,,False,never,0,0.0,False,0.0,tier_b,B-15-29,CH-HO-NC-30,369,channel,nc,on
model,head_on,9.824914642857838,0.7685387194394688,189.85084064614787,,,,goal,False,False,55,99.05917432689117,-6.853855739112301,3,0,5,0,2,0.44699336368333026,0.0,1.1215169358279642,0.0,0.1341728044220327,0.6914894524078894,0.9331407447074842,3.901932097656612,0.46807326719688785,0,,False,head_on,7,0.0,False,0.0,tier_b,B-15-30,CH-HO-NC-31,370,channel,nc,on
model,head_on,10.0,0.6698619473127445,176.2805431944345,,,,goal,False,False,61,89.13066180952956,-10.975777336962459,4,0,1,0,1,2.014634129625807,0.0,0.2760073124642095,0.0,0.0021582378763461514,0.6507699052844855,0.8543228618990961,2.2600244440536974,1.1745226102697068,0,,False,head_on,4,0.0,False,0.0,tier_b,B-15-31,CH-HO-NC-32,371,channel,nc,on
model,head_on,9.999999999999998,0.21563336342682904,172.34553742854337,,,,goal,False,False,54,115.22444230094203,0.0,0,0,0,0,0,0.0,0.0,0.0,0.0,0.0,0.7078815678383383,0.8645192361291053,4.1716976644269055,0.5641079167330435,0,,False,never,0,0.0,False,0.0,tier_b,B-15-32,CH-HO-NC-33,372,channel,nc,on
model,head_on,10.009872619928332,0.8715995757134332,181.8762477298438,,,,goal,False,False,65,123.01805301745432,-0.9293140150138662,0,0,1,0,1,0.0,0.0,0.24343559546088303,0.0,0.011765749189930504,0.6024047578131037,0.7121485707269928,4.7845593491903795,0.9912516349470292,0,,False,overtaking,2,0.0,False,0.0,tier_b,B-15-33,CH-HO-NC-34,373,channel,nc,on
model,head_on,9.999999999999996,1.0847333430945405,185.1133159351483,,,,goal,False,False,58,17.91512158526963,-49.34862783287022,12,0,6,0,12,6.334586975506325,0.0,0.8936312720916979,0.0,3.2834110499075093,0.6936059294907938,0.9801019815012907,2.2534744046967954,1.1961605931713282,0,,False,head_on,18,0.0,False,0.0,tier_b,B-15-34,CH-HO-NC-35,374,channel,nc,on
model,head_on,10.30632614795319,1.9538783516291471,181.9101271813121,,,,goal,False,False,65,113.98341003809792,0.0,0,0,0,0,0,0.0,0.0,0.0,0.0,0.0,0.5994442371170162,0.7592290378626965,2.0193965060293184,1.5333397553922488,0,,False,never,0,0.0,False,0.0,tier_b,B-15-35,CH-HO-NC-36,375,channel,nc,on
model,head_on,10.994498819116544,0.8621168391194356,182.02017576470513,,,,goal,False,False,63,104.10411595744843,-7.246575241683585,3,0,5,0,2,0.5928989014594213,0.0,0.9857968883448887,0.0,0.16952375142618886,0.6205225717159509,0.9454659334460788,2.776673144041238,0.990199076116035,0,,False,head_on,5,0.0,False,0.0,tier_b,B-15-36,CH-HO-NC-37,376,channel,nc,on
model,head_on,9.999999999999996,1.079412967193411,179.67387645553563,,,,goal,False,False,54,113.90621569825491,0.0,0,0,0,0,0,0.0,0.0,0.0,0.0,0.0,0.7018743120541059,0.889256581573694,3.8406523630872806,0.5377951197966516,0,,False,never,0,0.0,False,0.0,tier_b,B-15-37,CH-HO-NC-38,377,channel,nc,on
model,head_on,9.549550816876184,1.5367124565459254,170.55334569440686,,,,goal,False,False,57,56.52645992866014,0.0,0,0,0,0,0,0.0,0.0,0.0,0.0,0.0,0.7124714558254722,0.966782333991044,5.327469297429465,1.9815353576758041,0,,False,never,0,0.0,False,0.0,tier_b,B-15-38,CH-HO-NC-39,378,channel,nc,on
model,head_on,9.585409373191311,0.37536353883474227,182.64194989049463,,,,goal,False,False,52,98.07786688542946,0.0,0,0,0,0,0,0.0,0.0,0.0,0.0,0.0,0.7343571346707467,0.9599780030527667,3.5736874149047146,0.5734527019040064,0,,False,never,0,0.0,False,0.0,tier_b,B-15-39,CH-HO-NC-40,379,channel,nc,on
model,crossing,10.490193783263903,0.28316885672201364,129.78078761993967,port,,False,goal,False,False,51,51.86945041305549,-37.60977052624642,5,7,0,0,6,3.480386883050116,1.5566299683517586,0.0,0.0,2.8170082470682525,0.75668191943381,0.9323947536052073,1.6069207921058828,0.8399329743571681,0,,False,crossing,8,1.0,True,0.0,tier_b,B-16-00,CH-CR-CV-01,380,channel,cv,on
model,crossing,10.0,0.3636276684298667,244.67678056322285,starboard,,True,goal,False,False,60,50.33301823043218,-11.468213624469382,1,1,0,0,9,0.22049726360366512,0.2531978546503229,0.0,0.0,2.0274272864693645,0.6613498753400394,0.9336051860360804,1.571090657348926,1.62733816688714,0,,False,crossing,17,0.0,False,0.0,tier_b,B-16-01,CH-CR-CV-02,381,channel,cv,on
model,crossing,10.268460864188306,0.7192709724502868,210.94503459620475,starboard,,False,goal,False,False,48,4.068403618800687,-59.66966113111627,11,7,0,0,13,6.7585615017901155,0.7408013184460756,0.0,0.0,5.010625593543807,0.8146295766712578,0.9569274687482461,1.9716903846055547,0.8503928385758917,0,,False,crossing,13,0.0,False,0.0,tier_b,B-16-02,CH-CR-CV-03,382,channel,cv,on
model,crossing,9.999999999999998,0.5870743235375037,289.53878618123343,starboard,,False,collision:target,True,True,11,-339.936960418011,-38.51602014276696,2,9,0,0,7,0.7035142399878045,5.455327671341985,0.0,0.0,1.7843894848187778,0.6925638061520555,0.8857016665199954,1.3090126209808688,0.20265794967563397,0,,False,crossing,9,0.0,False,0.0,tier_b,B-16-03,CH-CR-CV-04,383,channel,cv,on
model,crossing,9.999999999999996,1.2958551853358795,76.2339399801213,port,,True,goal,False,False,62,30.971281828189532,-1.6804161486318991,0,0,0,0,1,0.0,0.0,0.0,0.0,0.3734258108070887,0.6763306396257238,0.994328590312641,2.257350788220483,2.274267193839358,0,,False,crossing,14,1.0,True,0.0,tier_b,B-16-04,CH-CR-CV-05,384,channel,cv,on
model,crossing,9.999999999999998,1.3015375722616729,90.42138144998697,port,,True,goal,False,False,69,20.402732925573204,-1.3061013590532031,0,0,0,0,3,0.0,0.0,0.0,0.0,0.29024474645626736,0.6048331947840613,0.9273979715701793,2.5260155741318355,1.6505677960400826,0,,False,crossing,18,1.0,True,0.0,tier_b,B-16-05,CH-CR-CV-06,385,channel,cv,on
model,crossing,9.999999999999996,1.6408729117427223,106.21307278632884,port,,True,goal,False,False,59,29.391240396244342,-12.008898514741883,6,0,0,0,6,1.15410014272054,0.0,0.0,0.0,1.3991339573944912,0.6611266050367475,0.9909576303710083,2.5851062325596974,0.7942653725411186,0,,False,crossing,17,1.0,True,0.0,tier_b,B-16-06,CH-CR-CV-07,386,channel,cv,on
model,crossing,9.999999999999996,0.31081715289621364,224.25372018085594,starboard,,True,goal,False,False,52,7.4829765279594085,-30.83609880274701,7,9,0,0,9,1.9875730696900886,1.4129416695452353,0.0,0.0,3.111900187451589,0.8007859328501349,1.0222588368779955,2.400253959125138,1.9388592515606882,0,,False,crossing,9,0.0,False,0.0,tier_b,B-16-07,CH-CR-CV-08,387,channel,cv,on
model,crossing,9.999999999999996,0.061499892646753596,105.62535710778265,port,,True,goal,False,False,64,93.56215235413636,-3.574196807188675,2,1,0,0,3,0.1943573860673356,0.2803115803578143,0.0,0.0,0.272130094085374,0.6223132726905998,0.8854209193048275,1.75088271618557,1.1315090636639815,0,,False,crossing,12,1.0,True,0.0,tier_b,B-16-08,CH-CR-CV-09,388,channel,cv,on
model,crossing,9.999999999999998,0.041021002757746505,215.24936235435172,starboard,,True,goal,False,False,59,67.11931187834305,-22.0889681415108,4,3,0,0,7,2.098819375715132,0.539312978583176,0.0,0.0,2.0067139972742605,0.6721159236318387,0.8783411156511594,1.0820258341611202,0.985162310769863,0,,False,crossing,18,0.0,False,0.0,tier_b,B-16-09,CH-CR-CV-10,389,channel,cv,on
model,crossing,9.999999999999998,1.3277278040117695,78.44407243898448,port,,True,goal,False,False,61,62.371861579674956,-4.144089021177264,2,0,0,0,2,0.4359475639413967,0.0,0.0,0.0,0.4413663510371888,0.6330872180039889,0.9516098197614762,2.2592979548477867,0.5877978484419696,0,,False,crossing,14,1.0,True,0.0,tier_b,B-16-10,CH-CR-CV-11,390,channel,cv,on
model,crossing,9.5234860209724,1.6324019484821193,289.871672036949,starboard,,True,goal,False,False,57,11.466174860105156,-26.328992450200644,4,2,0,0,3,3.353840698494561,1.6795457216740486,0.0,0.0,0.3141621489702271,0.6963638608526097,0.9744824886549209,3.7355480096231806,1.4504122685727143,0,,False,crossing,23,0.0,False,0.0,tier_b,B-16-11,CH-CR-CV-12,391,channel,cv,on
model,crossing,9.999999999999998,2.3886987701094444,100.2780328618511,port,,True,goal,False,False,61,109.8136799473261,-6.692881842078958,8,0,0,0,2,1.2238725738421714,0.0,0.0,0.0,0.14104724479115788,0.6195557285879191,0.7776997129073491,2.891608288281286,0.4456323568082565,0,,False,crossing,15,1.0,True,0.0,tier_b,B-16-12,CH-CR-CV-13,392,channel,cv,on
model,crossing,10.0,0.36219504253909546,156.61221810348798,port,,False,collision:target,True,True,17,-316.9136387600893,-11.476879697140523,0,3,0,0,2,0.0,1.5194737158718994,0.0,0.0,0.8789966230165824,0.4462256228932753,0.5978387897056184,0.7506297857056421,0.38670241955750567,0,,False,crossing,15,1.0,True,0.0,tier_b,B-16-13,CH-CR-CV-14,393,channel,cv,on
model,crossing,9.999999999999996,1.3156936268064654,284.64773860754264,starboard,,True,goal,False,False,57,53.50662183011835,-5.219922726617424,2,0,0,0,1,0.6022355494471386,0.0,0.0,0.0,0.49752372374535264,0.6975478707321737,0.9723888902755582,1.9925009609976103,1.1513839714754126,0,,False,crossing,15,0.0,False,0.0,tier_b,B-16-14,CH-CR-CV-15,394,channel,cv,on
model,crossing,10.368728084886737,1.1625565062130465,131.10686901405043,port,,True,goal,False,False,61,46.57271509466022,-3.520566169282743,3,0,0,0,2,0.2773520233316511,0.0,0.0,0.0,0.477260811953571,0.6957985124990897,0.9467127898033421,2.405804560674932,2.3777051483940546,0,,False,crossing,14,1.0,True,0.0,tier_b,B-16-15,CH-CR-CV-16,395,channel,cv,on
model,crossing,9.999999999999998,0.5683777049578311,229.59771121561687,starboard,,False,collision:target,True,True,12,-315.0527016005883,-19.894130131308437,2,7,0,0,7,0.026673642011008337,1.0314742154601302,0.0,0.0,3.256955163739178,0.5642545409917638,0.7125711999327565,1.7816967497771274,0.10279349831163669,0,,False,crossing,10,0.0,False,0.0,tier_b,B-16-16,CH-CR-CV-17,396,channel,cv,on
model,crossing,9.999999999999996,0.651668529654405,254.3887354114857,starboard,,True,collision:target,True,True,18,-328.3886834825746,-16.002220735750345,6,0,0,0,7,1.6406788536925885,0.0,0.0,0.0,1.751302313327119,0.4063582573328996,0.5469277861149848,1.3293380360516387,0.13676828660971296,0,,False,crossing,9,0.0,False,0.0,tier_b,B-16-17,CH-CR-CV-18,397,channel,cv,on
model,crossing,11.268063446632981,1.5982201570086232,261.6558085842113,starboard,,True,goal,False,False,61,101.29077341434414,-1.6319045402723922,0,0,0,0,4,0.0,0.0,0.0,0.0,0.36264545339386495,0.6548320265875726,0.9382223823343102,2.9408944361397373,1.5922856863159223,0,,False,crossing,9,0.0,False,0.0,tier_b,B-16-18,CH-CR-CV-19,398,channel,cv,on
model,crossing,10.247582608522517,1.3871553703789914,254.1050792322543,starboard,,True,goal,False,False,53,33.481241567265926,-1.9698537362968889,0,0,0,0,2,0.0,0.0,0.0,0.0,0.43774527473264196,0.7474828342280466,1.024761142511426,2.6103236689629155,1.6746545385020022,0,,False,crossing,15,0.0,False,0.0,tier_b,B-16-19,CH-CR-CV-20,399,channel,cv,on
model,crossing,9.999999999999996,1.3453263960169346,119.090051028526,port,,True,collision:target,True,True,20,-302.3901563418183,0.0,0,0,0,0,0,0.0,0.0,0.0,0.0,0.0,0.47007212698802414,0.5495772957603025,1.304352566772638,0.40568251305741737,0,,False,never,0,0.0,False,0.0,tier_b,B-16-20,CH-CR-CV-21,400,channel,cv,on
model,crossing,10.006820641392181,1.2073492869807758,230.98735822922583,starboard,,True,goal,False,False,55,33.15529565596297,-21.247940544139308,6,0,0,0,5,2.5409288170186084,0.0,0.0,0.0,1.926742866643821,0.7382401554655444,1.021190170527129,1.593916877032364,1.644352177072565,0,,False,crossing,14,0.0,False,0.0,tier_b,B-16-21,CH-CR-CV-22,401,channel,cv,on
model,crossing,9.999999999999998,0.26688103801279256,112.8397661250493,port,,True,goal,False,False,51,33.49324702391672,-49.52666422681845,9,15,0,0,15,1.2367398997781391,3.2755277635575024,0.0,0.0,6.042430954068226,0.752272045065607,0.9833225819008127,1.5961197013713417,0.7526917525513581,0,,False,crossing,15,1.0,True,0.0,tier_b,B-16-22,CH-CR-CV-23,402,channel,cv,on
model,crossing,10.165474974523638,0.10426642127155245,119.1068652339835,port,,False,collision:target,True,True,16,-324.45672159647336,-14.383307896706258,2,2,0,0,7,0.06903839742022551,0.40720339989525445,0.0,0.0,2.672424666665474,0.39878573623247976,0.5507512302130152,1.263482227455867,0.08640365445693154,0,,False,crossing,14,1.0,True,0.0,tier_b,B-16-23,CH-CR-CV-24,403,channel,cv,on
model,crossing,10.178999547545232,2.238643483346335,104.73853979375738,port,,True,goal,False,False,50,17.495164125013574,-32.22504410062668,10,6,0,0,5,5.239753456788039,0.5099981100128526,0.0,0.0,0.8363941877693931,0.7903821472709643,0.9838241175472812,3.8551473607224733,1.6402305243503783,0,,False,crossing,10,1.0,True,0.0,tier_b,B-16-24,CH-CR-CV-25,404,channel,cv,on
model,crossing,10.0,1.7576794906714601,263.5374447806733,starboard,,True,goal,False,False,56,89.30437923037911,-7.412743301782733,4,0,0,0,6,0.43833772000640486,0.0,0.0,0.0,1.1651047972780062,0.6845231051638784,0.9214112481283826,2.218338859587576,0.5974989781330879,0,,False,crossing,13,0.0,False,0.0,tier_b,B-16-25,CH-CR-CV-26,405,channel,cv,on
model,crossing,9.999999999999998,0.48139351042027295,233.4705182725595,starboard,,True,collision:boundary,True,False,73,-444.11005109423644,-9.722622056849703,1,3,0,0,5,0.19386927913277432,0.3501152145856998,0.0,0.0,1.5621997362096125,0.6585401924049142,0.9597480463673214,1.2516524158782016,2.234734713227728,0,,False,crossing,19,0.0,False,0.0,tier_b,B-16-26,CH-CR-CV-27,406,channel,cv,on
model,crossing,10.110082848279966,0.24469883193605102,228.4104033925705,starboard,,False,goal,False,False,57,39.385751887324254,-12.707045080558123,0,3,0,0,5,0.0,0.7366844649810134,0.0,0.0,2.013434884200468,0.7036239129049947,0.9890406616073905,0.9391899734063786,1.817683518875601,0,,False,crossing,17,0.0,False,0.0,tier_b,B-16-27,CH-CR-CV-28,407,channel,cv,on
model,crossing,9.196480467698114,0.5849246910545405,259.14518372097564,starboard,,True,collision:obstacle,True,False,39,-367.1090590250382,-17.87315037062894,3,5,0,0,7,0.6270522302909893,1.828883545205978,0.0,0.0,1.2702818404264338,0.5237255457989919,0.7950121214762246,1.7701316797724136,0.5863062000535391,0,,False,crossing,15,0.0,False,0.0,tier_b,B-16-28,CH-CR-CV-29,408,channel,cv,on
model,crossing,9.999999999999998,2.1524066152019046,205.54669302046628,starboard,,True,goal,False,False,57,97.22485318415603,-8.174048105235054,7,6,0,0,6,1.2125063380599646,0.0076773219764152065,0.0,0.0,0.47425310845666013,0.6840400065744938,0.9114023626809566,2.533489554157494,0.7745521150833446,0,,False,crossing,11,0.0,False,0.0,tier_b,B-16-29,CH-CR-CV-30,409,channel,cv,on
model,crossing,9.898470534491906,1.7463795832879023,271.30611762124954,starboard,,True,collision:obstacle,True,False,35,-357.77372230600224,-8.393406822926906,3,1,0,0,3,0.8279902891915031,0.5575165881656052,0.0,0.0,0.34114395111315976,0.6585434495754732,1.0124105769848786,2.9179681638217594,1.4725631886797501,0,,False,crossing,18,0.0,False,0.0,tier_b,B-16-30,CH-CR-CV-31,410,channel,cv,on
model,crossing,10.91879480985569,2.1432384483205467,101.15541791730382,port,,True,goal,False,False,59,35.50340674725423,-0.012996985905082975,0,0,0,0,1,0.0,0.0,0.0,0.0,0.002888219090018439,0.7211674701542788,0.9633029934340253,3.8267975150173714,2.1470568778062056,0,,False,crossing,5,1.0,True,0.0,tier_b,B-16-31,CH-CR-CV-32,411,channel,cv,on
model,crossing,11.094915866016438,0.2994711688082338,132.6606557363657,port,,True,goal,False,False,51,-9.52178507538018,-46.2376464378449,10,10,0,0,10,4.8995958793758,1.4981660599842694,0.0,0.0,3.2374944084472332,0.8090995786358715,1.0557647650960664,2.4312672862733895,2.5088506077030153,0,,False,crossing,10,1.0,True,0.0,tier_b,B-16-32,CH-CR-CV-33,412,channel,cv,on
model,crossing,10.0,1.7532649797502466,241.7818417891658,starboard,,False,goal,False,False,51,0.46000584193362215,-33.13494098346501,10,13,0,0,13,1.9841650663070065,1.621232537645855,0.0,0.0,3.3973828541996314,0.7584066880532138,0.9543278765670209,2.3435438363338945,1.0353668445516502,0,,False,crossing,13,0.0,False,0.0,tier_b,B-16-33,CH-CR-CV-34,413,channel,cv,on
model,crossing,10.01664309072254,1.0261492338391913,261.93636915640957,starboard,,False,collision:target,True,True,12,-319.6876118792927,-28.233973776937056,0,9,0,0,8,0.0,3.293857162461642,0.0,0.0,2.6509735161670944,0.5611155890522248,0.6531558580375093,1.765662039276803,0.21743682165945405,0,,False,crossing,9,0.0,False,0.0,tier_b,B-16-34,CH-CR-CV-35,414,channel,cv,on
model,crossing,9.999999999999998,1.518889135394239,105.11370708903516,port,,False,goal,False,False,51,58.8066282060121,-27.225766011457704,7,10,0,0,10,2.4585649947793087,1.0789849692756124,0.0,0.0,2.1588652643079658,0.7669205698786454,0.9847200222296745,2.8509221100225735,0.7064791838207417,0,,False,crossing,10,1.0,True,0.0,tier_b,B-16-35,CH-CR-CV-36,415,channel,cv,on
model,crossing,9.999999999999998,1.5014576189866102,120.41661239539377,port,,True,collision:boundary,True,False,73,-343.06847310379726,-7.479810977872699,5,0,0,0,6,0.4950960811918015,0.0,0.0,0.0,1.117574527994063,0.6475934902482479,0.9643992402599797,2.19684178178032,1.1454812155908616,0,,False,crossing,14,1.0,True,0.0,tier_b,B-16-36,CH-CR-CV-37,416,channel,cv,on
model,crossing,9.999999999999996,0.7207574307825326,253.0630401790325,starboard,,True,collision:target,True,True,15,-288.00552711606275,0.0,0,0,0,0,0,0.0,0.0,0.0,0.0,0.0,0.5689096906827128,0.6188867277320699,1.5240772182039286,0.33936400822866647,0,,False,never,0,0.0,False,0.0,tier_b,B-16-37,CH-CR-CV-38,417,channel,cv,on
model,crossing,10.02600502475258,2.381187756434547,200.88624317815578,starboard,,True,goal,False,False,51,68.91071084837205,-14.567402169481655,6,0,0,0,3,2.5733930369437874,0.0,0.0,0.0,0.40646814146886784,0.7531222011715304,0.9613859419640717,2.63002255417572,0.5247295722754711,0,,False,crossing,13,0.0,False,0.0,tier_b,B-16-38,CH-CR-CV-39,418,channel,cv,on
model,crossing,10.332651799534627,1.1017269909101186,114.68523931214582,port,,True,goal,False,False,57,74.3571405739882,0.0,0,0,0,0,0,0.0,0.0,0.0,0.0,0.0,0.69291439979443,0.9777565608026841,2.028604538979678,1.4108255446089666,0,,False,never,0,0.0,False,0.0,tier_b,B-16-39,CH-CR-CV-40,419,channel,cv,on
model,crossing,10.032444903732424,1.2942781848859106,151.69263570253906,port,,True,goal,False,False,54,84.90859168260187,-16.130432758888563,10,9,0,0,10,2.1317884728121173,0.1205635484825289,0.0,0.0,1.106953389662236,0.7160057267118174,0.954245654077158,2.5410496077561184,0.7772741601629571,0,,False,crossing,10,1.0,True,0.0,tier_b,B-17-00,CH-CR-RE-01,420,channel,re,on
model,crossing,10.403832354744322,1.6530405748784907,79.9934803077295,port,,True,goal,False,False,66,63.224502803377405,-12.431162931609972,11,0,0,0,6,2.2006266321367867,0.0,0.0,0.0,0.3417913561184174,0.594851725700744,0.9231079826458678,3.026698634333341,1.059873203344982,0,,False,crossing,19,0.7368421052631579,True,0.0,tier_b,B-17-01,CH-CR-RE-02,421,channel,re,on
model,crossing,9.999999999999998,0.2896347324665452,126.73482235514268,port,,False,goal,False,False,67,67.06960046868747,-1.0061238622474273,0,0,0,0,1,0.0,0.0,0.0,0.0,0.22358308049942832,0.5901763913029242,0.8790444842638565,2.090957606242203,1.409875414247269,0,,False,crossing,9,1.0,True,0.0,tier_b,B-17-02,CH-CR-RE-03,422,channel,re,on
model,crossing,9.999999999999998,0.209623801767847,131.64426551627352,port,,True,collision:obstacle,True,False,31,-354.36805558511827,-6.090485617213458,2,0,0,0,3,0.4275429375563021,0.0,0.0,0.0,0.883144016957725,0.4279720609296823,0.5592663651844608,2.0704420019047496,0.5850625214795312,0,,False,crossing,18,1.0,True,0.0,tier_b,B-17-03,CH-CR-RE-04,423,channel,re,on
model,crossing,9.539793380884474,0.41129528363474,108.73690361702447,port,,True,collision:obstacle,True,False,28,-372.13019962287837,-24.74338622495695,10,15,0,0,15,1.2987363889639023,0.953547027052628,0.0,0.0,3.0210185145944717,0.7782812796553268,0.9272645389264851,2.5012292182266442,0.4126313186771249,0,,False,crossing,15,1.0,True,0.0,tier_b,B-17-04,CH-CR-RE-05,424,channel,re,on
model,crossing,10.38766214327222,0.4364329695009053,97.93275583795887,port,,True,goal,False,False,64,102.5879212678182,-4.748096023493262,3,0,0,0,3,0.6513764493142727,0.0,0.0,0.0,0.3386183554194691,0.6142385524336242,0.8198226257824021,2.8550799295173137,1.2897481934142114,0,,False,crossing,22,1.0,True,0.0,tier_b,B-17-05,CH-CR-RE-06,425,channel,re,on
model,crossing,9.741659449514597,0.03992098465791988,93.94729219073326,port,,False,goal,False,False,60,84.30154783933526,-1.6123462858415627,1,0,0,0,1,0.006096693314832362,0.0,0.0,0.0,0.35159281198514275,0.6486534808255177,0.9050309591456279,4.072667444063717,1.184832605845111,0,,False,crossing,20,1.0,True,0.0,tier_b,B-17-06,CH-CR-RE-07,426,channel,re,on
model,crossing,10.277468321947957,2.464109586132116,83.41219642650691,port,,True,goal,False,False,56,112.42089973988091,-11.225689273190634,4,5,0,0,2,1.643617022732155,0.3581516057736406,0.0,0.0,0.2926521249082101,0.6878271278475125,0.8864859323492476,3.297557894923007,0.5329448790844652,0,,False,crossing,7,1.0,True,0.0,tier_b,B-17-07,CH-CR-RE-08,427,channel,re,on
model,crossing,10.0,0.5691408870417345,199.64406764820257,starboard,,False,goal,False,False,59,56.06667496154717,-18.469425557387453,7,7,0,0,8,2.5172496602360837,0.05840062306076091,0.0,0.0,1.271101478904016,0.6898001036221546,0.9495603712656046,2.40728571574468,1.6924959535300375,0,,False,crossing,8,0.0,False,0.0,tier_b,B-17-08,CH-CR-RE-09,428,channel,re,on
model,crossing,9.999999999999998,0.8249627377553983,210.82299004368855,starboard,,False,goal,False,False,50,-11.331819265206363,-30.531457523856517,13,4,0,0,9,5.563208105579677,0.00935596350302052,0.0,0.0,0.6549478626438135,0.7996176095115091,0.9857010422586128,2.7440483300593987,2.236510366041977,0,,False,crossing,13,0.0,False,0.0,tier_b,B-17-09,CH-CR-RE-10,429,channel,re,on
model,crossing,10.461119850872803,0.2691420095802785,158.79530086452223,port,,False,goal,False,False,53,48.52322820933192,-19.855614491817388,11,11,0,0,11,3.1684833077507744,0.13439668569927493,0.0,0.0,0.7791907831643655,0.7512069994585501,0.9751633533797681,2.6258389622461054,1.7110550669881797,0,,False,crossing,11,1.0,True,0.0,tier_b,B-17-10,CH-CR-RE-11,430,channel,re,on
model,crossing,9.999999999999998,1.8303027036780393,282.35571102432937,starboard,,True,goal,False,False,54,15.667796362194991,-0.3850190568774044,0,0,0,0,2,0.0,0.0,0.0,0.0,0.08555979041720098,0.7590860800378343,1.0306563598938365,3.0747485706937794,2.118750790907876,0,,False,crossing,15,0.0,False,0.0,tier_b,B-17-11,CH-CR-RE-12,431,channel,re,on
model,crossing,10.045656895937908,1.0561252182619496,104.19748519670226,port,,True,goal,False,False,61,50.48349897526408,-2.212868696444035,2,0,0,0,1,0.35331376015605265,0.0,0.0,0.0,0.1031034630381277,0.6689031415575161,0.9422645239770118,2.0915776780994233,1.7520706683939713,0,,False,crossing,21,1.0,True,0.0,tier_b,B-17-12,CH-CR-RE-13,432,channel,re,on
model,crossing,9.341069438347098,0.5467918540043817,100.41428502966212,port,,True,goal,False,False,57,33.90431994291687,-15.4123051312285,8,2,0,0,3,1.9300454488552274,0.8676481612781904,0.0,0.0,0.3474937246817956,0.6827661493897595,0.9482406515857348,4.651057260812057,1.2856858878742587,0,,False,crossing,25,1.0,True,0.0,tier_b,B-17-13,CH-CR-RE-14,433,channel,re,on
model,crossing,9.999999999999996,1.7875482126561177,90.97813427056361,port,,True,goal,False,False,61,60.437906097120354,-4.133072048715554,8,0,0,0,1,0.833633519065222,0.0,0.0,0.0,0.0014635842983788231,0.6527669081020221,0.9707026142700066,4.087959758403019,1.6691985252283976,0,,False,crossing,22,1.0,True,0.0,tier_b,B-17-14,CH-CR-RE-15,434,channel,re,on
model,crossing,9.765986862796597,1.5784101614043167,103.93702228032436,port,,True,goal,False,False,62,115.22170423580543,-3.126206284641412,3,0,0,0,4,0.2023770057309559,0.0,0.0,0.0,0.47209780139404006,0.6248800084245298,0.794924511510515,2.2577813095959955,0.7915246911084844,0,,False,crossing,19,1.0,True,0.0,tier_b,B-17-15,CH-CR-RE-16,435,channel,re,on
model,crossing,9.556140928413907,2.123531315453154,260.4234362826908,starboard,,True,goal,False,False,58,115.1639221252185,-1.3458887694512305,0,0,0,0,2,0.0,0.0,0.0,0.0,0.2990863932113845,0.6717410677727531,0.9130768987665909,3.2676841374014898,0.8233618282570572,0,,False,crossing,16,0.0,False,0.0,tier_b,B-17-16,CH-CR-RE-17,436,channel,re,on
model,crossing,10.217995387733058,1.3314203302408643,83.77046926715254,port,,True,goal,False,False,57,25.68634728107206,-1.0812645105044396,0,0,0,0,1,0.0,0.0,0.0,0.0,0.2402810023343199,0.7159539788782425,0.9934409135784761,4.300854940111804,2.369838544562514,0,,False,crossing,15,1.0,True,0.0,tier_b,B-17-17,CH-CR-RE-18,437,channel,re,on
model,crossing,10.207378360449392,1.5844336201437557,125.92517244226904,port,,True,goal,False,False,60,113.86047460581416,0.0,0,0,0,0,0,0.0,0.0,0.0,0.0,0.0,0.6653224244260248,0.8392160405722653,2.9125151807019987,1.2689052375547487,0,,False,never,0,0.0,False,0.0,tier_b,B-17-18,CH-CR-RE-19,438,channel,re,on
model,crossing,9.999999999999998,0.3727159733997451,130.07046770830436,port,,False,goal,False,False,53,60.912081235881224,-39.95883324106373,12,9,0,0,13,5.922841713190553,0.09084030139841379,0.0,0.0,2.2646905041885197,0.7289350227312561,0.9174309593219598,2.5188662823238115,0.7196245155762271,0,,False,crossing,13,1.0,True,0.0,tier_b,B-17-19,CH-CR-RE-20,439,channel,re,on
model,crossing,9.999999999999996,0.8984139093786236,98.7509455568568,port,,True,goal,False,False,62,76.36887288031186,-0.3809558303768854,2,0,0,0,0,0.07696077381351218,0.0,0.0,0.0,0.0,0.6494098115240593,0.8899331928301129,3.9593394139297495,1.4245944918557203,0,,False,crossing,20,1.0,True,0.0,tier_b,B-17-20,CH-CR-RE-21,440,channel,re,on
model,crossing,9.896901076331547,0.4560571781070477,86.4935881067928,port,,True,goal,False,False,61,46.67615679201286,-24.59300253065842,10,4,0,0,0,2.8942631946873947,2.0740201448395585,0.0,0.0,0.0,0.6469197755549723,0.9247111120053746,2.8644370746495422,1.5297379659105963,0,,False,crossing,30,1.0,True,0.0,tier_b,B-17-21,CH-CR-RE-22,441,channel,re,on
model,crossing,9.805841980493193,0.5489317560852656,92.94542157554166,port,,True,goal,False,False,60,29.819712117135225,-25.630903498428953,14,4,0,0,3,3.622097686973062,1.4926995869355775,0.0,0.0,0.06947933168470713,0.6531605483389125,1.0137964881627244,3.0310918582263575,1.437006612306939,0,,False,crossing,32,1.0,True,0.0,tier_b,B-17-22,CH-CR-RE-23,442,channel,re,on
model,crossing,9.999999999999998,0.4857658445129803,104.69842530285237,port,,True,goal,False,False,63,59.53345936642175,-2.778136126192825,5,0,0,0,2,0.3734170670768681,0.0,0.0,0.0,0.20660480981385043,0.6264261766819131,0.8911949159394461,2.9675134485319004,1.2819869517436198,0,,False,crossing,15,1.0,True,0.0,tier_b,B-17-23,CH-CR-RE-24,443,channel,re,on
model,crossing,10.03849068308839,0.580869995113466,139.7673374732422,port,,True,goal,False,False,62,120.56765668361169,0.0,0,0,0,0,0,0.0,0.0,0.0,0.0,0.0,0.638248482700161,0.7642219635761958,2.4826379381438404,1.2221813384539224,0,,False,never,0,0.0,False,0.0,tier_b,B-17-24,CH-CR-RE-25,444,channel,re,on
model,crossing,10.011622137361226,1.345087842694265,102.32646836446386,port,,True,goal,False,False,67,124.91620421569831,-10.69936584045426,6,0,0,0,4,1.5852145036536198,0.0,0.0,0.0,0.633900899415298,0.5750028979304952,0.745567385351225,3.30042143060073,0.4673123129712368,0,,False,crossing,15,1.0,True,0.0,tier_b,B-17-25,CH-CR-RE-26,445,channel,re,on
model,crossing,9.713310792946782,1.0210054724874489,256.7080465087272,starboard,,True,collision:target,True,True,39,-337.0709410371393,-36.42667793826142,8,10,0,0,9,3.2301506126746085,2.980480355614335,0.0,0.0,1.2631232544958124,0.7036386940934997,0.9707836666030382,1.036890676515513,1.080800504503709,0,,False,crossing,28,0.0,False,0.0,tier_b,B-17-26,CH-CR-RE-27,446,channel,re,on
model,crossing,10.0,1.4984253593144752,260.33486387927996,starboard,,True,goal,False,False,56,44.40030932022485,-1.3873532013269023,3,0,0,0,3,0.20552708841350836,0.0,0.0,0.0,0.08222091415111908,0.6997296086361068,0.9452845532374309,3.0524238002488664,1.2905661681986904,0,,False,crossing,13,0.0,False,0.0,tier_b,B-17-27,CH-CR-RE-28,447,channel,re,on
model,crossing,10.050330900930271,2.353396912113235,169.59944517726788,port,,True,goal,False,False,52,69.49063943406526,-28.927297328612564,10,0,0,0,2,5.520616102855183,0.0,0.0,0.0,0.3556105821065363,0.744774687638825,0.939061241860867,3.23943180864252,0.7403001012975795,0,,False,crossing,11,1.0,True,0.0,tier_b,B-17-28,CH-CR-RE-29,448,channel,re,on
model,crossing,9.553583296279461,1.7550839660311657,103.50513296982905,port,,True,goal,False,False,85,-108.3866491092813,-77.33030894390143,15,9,0,0,14,10.09244120788555,2.0217969821378787,0.0,0.0,3.8588510896189874,0.4830999854275202,0.9954194628592736,2.1627849761565554,2.530507288483625,1,"8(e) in extremis: crossing, compliant alteration inadmissible (DCPA 0.67 m, TCPA 3.6 s)",False,crossing,26,0.0,False,0.0,tier_b,B-17-29,CH-CR-RE-30,449,channel,re,on
model,crossing,10.365636036180952,0.8420630343144048,164.96252725909488,port,,False,goal,False,False,48,4.165499517807774,-44.688558989100045,13,5,0,0,12,7.09216151182761,0.06662370569186454,0.0,0.0,2.0561271471952556,0.8222325228207273,1.0152773290616912,2.4075337598618365,1.9527637357479546,0,,False,crossing,13,1.0,True,0.0,tier_b,B-17-30,CH-CR-RE-31,450,channel,re,on
model,crossing,10.0,0.655812898662872,88.91048160485042,port,,True,goal,False,False,67,-10.60944665040094,-29.885864393874016,13,0,0,0,2,5.930890010763019,0.0,0.0,0.0,0.11732418679934763,0.6116867651836847,0.996771317833694,3.145048028574472,1.927522696832421,0,,False,crossing,35,1.0,True,0.0,tier_b,B-17-31,CH-CR-RE-32,451,channel,re,on
model,crossing,9.857950269228823,0.012513022187234657,287.72434676131627,starboard,,False,goal,False,False,53,72.14350008999862,-0.9480898885465456,0,1,0,0,2,0.0,0.10242769380215665,0.0,0.0,0.09801617871686004,0.7312889071017077,0.954350424233217,2.555127679304181,1.3533521358402123,0,,False,overtaking,7,0.0,False,0.0,tier_b,B-17-32,CH-CR-RE-33,452,channel,re,on
model,crossing,9.999999999999996,0.7575551959410318,80.79858049917256,port,,True,goal,False,False,52,42.478447166309515,-52.03604750854856,12,24,29,0,14,1.3852430277709773,1.226614115751273,9.809998246193832,0.0,0.8425246581812514,0.7321426860248296,0.8782529635843057,2.219051306901482,0.9321581998313783,0,,False,overtaking,29,0.0,False,0.0,tier_b,B-17-33,CH-CR-RE-34,453,channel,re,on
model,crossing,9.999999999999996,0.2613821639448691,132.66302036200446,port,,True,goal,False,False,53,72.58246702618483,0.0,0,0,0,0,0,0.0,0.0,0.0,0.0,0.0,0.7507634789591029,1.0245822851574866,2.4329057027381107,1.9063606969553655,0,,False,never,0,0.0,False,0.0,tier_b,B-17-34,CH-CR-RE-35,454,channel,re,on
model,crossing,10.143511702745936,1.705619958133799,246.1961839587313,starboard,,True,goal,False,False,59,92.59896604497068,0.0,0,0,0,0,0,0.0,0.0,0.0,0.0,0.0,0.6747717358816302,0.9312747407905113,3.214549289200953,1.2687567661514108,0,,False,never,0,0.0,False,0.0,tier_b,B-17-35,CH-CR-RE-36,455,channel,re,on
model,crossing,10.673743517747731,1.773987213896876,104.60632309410593,port,,True,goal,False,False,60,63.33578449860265,-1.1696140842801168,7,0,0,0,3,0.11880647267111973,0.0,0.0,0.0,0.12922712101290532,0.6857212486661322,0.904175189530152,3.9462515918166483,2.335716427303203,0,,False,crossing,11,0.5454545454545454,True,0.0,tier_b,B-17-36,CH-CR-RE-37,456,channel,re,on
model,crossing,9.999999999999998,1.593544391828022,271.3226415550648,starboard,,True,goal,False,False,57,-3.83405242391693,-4.254441941966064,5,0,0,0,3,0.7432577562766747,0.0,0.0,0.0,0.1278480107547832,0.72928969271677,1.0109805457150003,3.019638491314965,1.8489317225376043,0,,False,crossing,22,0.0,False,0.0,tier_b,B-17-37,CH-CR-RE-38,457,channel,re,on
model,crossing,9.999999999999998,0.15663184116043033,230.76844115162385,starboard,,True,goal,False,False,56,16.207603529696513,-12.906510760170374,6,0,0,0,3,1.779227713657797,0.0,0.0,0.0,0.9109630172365064,0.6989467747602548,0.9651744706374594,2.52697636997435,1.279416089425407,0,,False,crossing,19,0.0,False,0.0,tier_b,B-17-38,CH-CR-RE-39,458,channel,re,on
model,crossing,10.627674372733418,1.3693303639455499,259.10184440537046,starboard,,True,goal,False,False,62,108.63034664504129,-4.784247658687358,4,0,0,0,5,0.3715048736580581,0.0,0.0,0.0,0.6545107853511044,0.631803463185086,0.9214558185148665,3.0714186299562813,0.6885459608917107,0,,False,crossing,16,0.0,False,0.0,tier_b,B-17-39,CH-CR-RE-40,459,channel,re,on
model,crossing,10.096982588173823,2.4373061035910357,249.01169408230123,starboard,,True,goal,False,False,55,96.56294048738424,-9.300520143257165,4,0,0,0,6,0.8912918080971013,0.0,0.0,0.0,1.0863612651503365,0.7015665461291004,0.9365437001119142,2.452179698143893,0.706853421621211,0,,False,crossing,10,0.0,False,0.0,tier_b,B-18-00,CH-CR-NC-01,460,channel,nc,on
model,crossing,10.230458144613126,0.18862936319840817,72.27943745748438,port,,True,goal,False,False,66,40.68966998833031,-5.149083764656124,0,1,0,0,5,0.0,0.5852470287480606,0.0,0.0,0.5004691049673831,0.6311057425750635,0.9992204043942601,2.5317610481887853,2.1384536185523544,0,,False,crossing,25,1.0,True,0.0,tier_b,B-18-01,CH-CR-NC-02,461,channel,nc,on
model,crossing,9.999999999999996,0.5605275371573382,236.6996861183659,starboard,,True,goal,False,False,62,91.73739101002404,-12.188977788440388,3,0,0,0,7,0.19941922225013747,0.0,0.0,0.0,2.48930058628938,0.634948903650011,0.9023121610737062,1.6749419785844695,0.8941592090853907,0,,False,crossing,16,0.0,False,0.0,tier_b,B-18-02,CH-CR-NC-03,462,channel,nc,on
model,crossing,10.0,1.6069779417303356,261.56184260795754,starboard,,True,goal,False,False,55,50.65708454911426,-2.7891545467108667,0,0,0,0,3,0.0,0.0,0.0,0.0,0.6198121214913037,0.7219792993660241,1.0130697791787249,2.7212265628313976,1.5798625703280829,0,,False,crossing,15,0.0,False,0.0,tier_b,B-18-03,CH-CR-NC-04,463,channel,nc,on
model,crossing,10.120533011347693,1.6766355323311828,193.6785911758891,starboard,,True,goal,False,False,55,45.982545291946536,-41.67691634730699,13,1,0,0,6,7.694422991712413,0.0011374480317066142,0.0,0.0,0.7964204823496879,0.7300412404367224,0.9654951800591534,2.807120039929465,1.265447277804173,0,,False,crossing,15,0.0,False,0.0,tier_b,B-18-04,CH-CR-NC-05,464,channel,nc,on
model,crossing,9.989627893115838,2.2714383827594067,279.611928047069,starboard,,True,goal,False,False,53,46.68198150804174,-2.0208553822131066,2,0,0,0,2,0.04173842931413883,0.0,0.0,0.0,0.4031667015795822,0.7283462212477352,1.0619344881752515,3.232833408058488,1.3486844783893623,0,,False,crossing,14,0.0,False,0.0,tier_b,B-18-05,CH-CR-NC-06,465,channel,nc,on
model,crossing,10.33517370421339,1.5488416180659428,246.68321653544996,starboard,,True,goal,False,False,57,70.2291335396083,-11.245783053015483,6,0,0,0,5,1.4316390561692278,0.0,0.0,0.0,0.9242599388839563,0.6912935013466432,1.0205267590040445,1.7852714321100343,1.0696537611492802,0,,False,crossing,14,0.0,False,0.0,tier_b,B-18-06,CH-CR-NC-07,466,channel,nc,on
model,crossing,9.80488889893383,2.029277601006364,254.0894488282647,starboard,,True,goal,False,False,48,45.56393799990095,-6.2547526564472715,2,10,0,0,4,0.4336673671258483,0.4633163200949672,0.0,0.0,0.40326297882316314,0.8035371909925192,1.0102850688414096,2.6463901472673186,1.0474116094246084,0,,False,crossing,10,0.0,False,0.0,tier_b,B-18-07,CH-CR-NC-08,467,channel,nc,on
model,crossing,9.999999999999996,0.8940453944354199,90.77842404716579,port,,False,collision:obstacle,True,False,20,-395.98999908714256,-67.27856359056449,10,12,0,0,12,5.709537576624374,3.73467284119339,0.0,0.0,4.56216044941479,0.6821748488937708,0.851228615515519,2.383277053497281,0.5920857376456783,0,,False,crossing,12,1.0,True,0.0,tier_b,B-18-08,CH-CR-NC-09,468,channel,nc,on
model,crossing,10.0,1.487359367920712,96.18257069179411,port,,False,collision:target,True,True,16,-320.95413829668064,-21.687193657005807,1,12,0,0,3,0.34839128710769407,3.5245051445567963,0.0,0.0,0.5591902933925739,0.6750999191438293,0.8154871567786177,1.1458826794875825,0.6012070907485779,0,,False,crossing,13,1.0,True,0.0,tier_b,B-18-09,CH-CR-NC-10,469,channel,nc,on
model,crossing,9.871011581374821,0.5560250340115364,105.04257827061352,port,,True,goal,False,False,67,107.57529490788116,-20.49803592998839,7,5,0,0,8,1.386668085289908,1.2395922591485524,0.0,0.0,1.6662327166706687,0.5783869631043118,0.7057191344165126,1.2716946020010995,0.7755875300694671,0,,False,crossing,18,1.0,True,0.0,tier_b,B-18-10,CH-CR-NC-11,470,channel,nc,on
model,crossing,10.0,0.3350854099220943,112.45241001005,port,,False,collision:target,True,True,12,-327.8657205573294,-33.70011126801841,4,8,0,0,10,0.1561116433959195,2.4601974105576723,0.0,0.0,4.610973655766251,0.575758176641372,0.757043442280149,1.7643611698539046,0.032511923973352716,0,,False,crossing,10,1.0,True,0.0,tier_b,B-18-11,CH-CR-NC-12,471,channel,nc,on
model,crossing,10.25869037419384,1.6049202117195027,75.47191122464527,port,,True,goal,False,False,66,97.22665462652631,-10.95146440529821,8,1,0,0,4,1.0268370542413539,0.8171546443698287,0.0,0.0,0.4052678882606342,0.5832886589641089,0.833400853576362,3.161339012270329,0.7857061916323188,0,,False,crossing,24,0.8333333333333334,True,0.0,tier_b,B-18-12,CH-CR-NC-13,472,channel,nc,on
model,crossing,10.40528420556436,2.3839008376055872,258.2686201317189,starboard,,True,goal,False,False,54,63.552416569879085,-11.825461832595614,5,0,0,0,6,1.2444735928216273,0.0,0.0,0.0,1.258959455139679,0.7252259859510084,1.0133306309754775,2.445607100195619,1.1853056563257023,0,,False,crossing,14,0.0,False,0.0,tier_b,B-18-13,CH-CR-NC-14,473,channel,nc,on
model,crossing,10.0,1.639282222318936,80.31698153157868,port,,True,goal,False,False,71,117.52846642906114,-7.3926923215936755,12,0,0,0,6,1.0079920883531517,0.0,0.0,0.0,0.5340292187212389,0.5499177437634521,0.7719747674086989,2.8771106451609265,0.6995807529271747,0,,False,crossing,23,0.9130434782608695,True,0.0,tier_b,B-18-14,CH-CR-NC-15,474,channel,nc,on
model,crossing,10.084663219244844,1.8966245177340153,120.89376087678897,port,,True,goal,False,False,55,79.10606287637309,0.0,0,0,0,0,0,0.0,0.0,0.0,0.0,0.0,0.7245954128915507,0.9551443025617952,2.408539121454109,1.7603780090188292,0,,False,never,0,0.0,False,0.0,tier_b,B-18-15,CH-CR-NC-16,475,channel,nc,on
model,crossing,9.170477809113882,2.199785674415092,207.75496942975678,starboard,,True,goal,False,False,54,48.54514466727951,-26.189441606743348,10,3,0,0,5,4.71238707960147,0.02124346680948349,0.0,0.0,0.6128823115575833,0.7245793489934984,0.9720465691113959,3.3341507024560957,1.1040556593685475,0,,False,crossing,13,0.0,False,0.0,tier_b,B-18-16,CH-CR-NC-17,476,channel,nc,on
model,crossing,9.999999999999996,2.23788328628969,112.45113624889038,port,,True,goal,False,False,59,61.04566865840634,-0.4977013516580257,0,0,0,0,1,0.0,0.0,0.0,0.0,0.11060030036845016,0.7077658364429295,0.928861866623596,3.433083336034697,2.49532078656364,0,,False,crossing,5,1.0,True,0.0,tier_b,B-18-17,CH-CR-NC-18,477,channel,nc,on
model,crossing,9.52350209495717,1.7918558631465618,277.972003869809,starboard,,True,goal,False,False,54,39.80194329506112,-2.5182250838736713,0,0,0,0,4,0.0,0.0,0.0,0.0,0.5596055741941492,0.7291070252383904,1.0411359859631957,2.9743601541166034,1.3220180660636316,0,,False,crossing,15,0.0,False,0.0,tier_b,B-18-18,CH-CR-NC-19,478,channel,nc,on
model,crossing,11.079880984547893,2.143370505413022,277.23846477765125,starboard,,True,goal,False,False,58,85.4011585819567,0.0,0,0,0,0,0,0.0,0.0,0.0,0.0,0.0,0.6837518915062034,0.9452979826885657,3.757640441467788,1.6071290853075497,0,,False,crossing,18,0.0,False,0.0,tier_b,B-18-19,CH-CR-NC-20,479,channel,nc,on
model,crossing,9.38635474088374,0.493358430148024,97.62277272816647,port,,True,goal,False,False,62,36.1846940292566,-6.224422135991616,0,1,0,0,4,0.0,0.3758077439350105,0.0,0.0,0.9698164007807363,0.6469431362084803,0.960245236538707,1.7570764310125586,1.5765682187561865,0,,False,crossing,16,1.0,True,0.0,tier_b,B-18-20,CH-CR-NC-21,480,channel,nc,on
model,crossing,10.00089866026257,2.177843422527538,148.09389521242662,port,,True,goal,False,False,51,11.838539148430954,-31.207786048950556,10,6,0,0,9,5.4678282444853785,0.04158348371758458,0.0,0.0,0.8747106654101975,0.7763875432049471,1.0506929954082695,2.8443464697929857,1.6560134959553112,0,,False,crossing,14,1.0,True,0.0,tier_b,B-18-21,CH-CR-NC-22,481,channel,nc,on
model,crossing,10.0,2.2532271112099638,96.55621463418686,port,,True,goal,False,False,64,96.45887875166521,-5.753236903700927,8,0,0,0,1,1.161032308598862,0.0,0.0,0.0,0.0013615502525686728,0.6031520483621331,0.8324494721940231,3.3074202625247944,0.697991450409873,0,,False,crossing,13,1.0,True,0.0,tier_b,B-18-22,CH-CR-NC-23,482,channel,nc,on
model,crossing,10.333495543590509,1.0785492496493168,165.4520628173031,port,,True,goal,False,False,55,51.173245861429635,-58.69638690387052,11,7,0,0,13,8.804978644133609,0.22198124301515132,0.0,0.0,3.113985658329808,0.7073449916241537,0.9236572345767049,2.2684463226824882,0.792519308125759,0,,False,crossing,14,1.0,True,0.0,tier_b,B-18-23,CH-CR-NC-24,483,channel,nc,on
model,crossing,10.0,2.2324311641628753,270.24292846985963,starboard,,True,collision:obstacle,True,False,23,-353.4025415648262,-5.348766020356482,5,0,0,0,3,0.7937670915907722,0.0,0.0,0.0,0.31547087044048,0.4236531693960626,0.5586362600596093,2.8983607585261613,0.18607119832452718,0,,False,crossing,11,0.0,False,0.0,tier_b,B-18-24,CH-CR-NC-25,484,channel,nc,on
model,crossing,10.376209911594747,1.1327718939395215,83.30150631928323,port,,False,goal,False,False,48,39.21077109147243,-26.64151282504794,0,9,0,0,7,0.0,3.508551073037795,0.0,0.0,2.060930003002411,0.8027920103009695,0.9965503628774769,1.4041346719187335,1.1316293403430902,0,,False,crossing,9,1.0,True,0.0,tier_b,B-18-25,CH-CR-NC-26,485,channel,nc,on
model,crossing,9.691830656271154,0.008491864964993157,252.82125986408926,starboard,,True,goal,False,False,65,112.30914688591294,-6.6428561439867675,0,2,0,0,5,0.0,0.784388446217637,0.0,0.0,0.6133629633798806,0.5999433945873837,0.8554206777755965,1.7495605889407373,0.8835235687463838,0,,False,crossing,11,0.0,False,0.0,tier_b,B-18-26,CH-CR-NC-27,486,channel,nc,on
model,crossing,10.0,1.4435767633251495,240.09587512844007,starboard,,True,collision:target,True,True,17,-286.7425443855537,0.0,0,0,0,0,0,0.0,0.0,0.0,0.0,0.0,0.6173224626865428,0.6777877700481528,1.5585157334861592,0.46393144140517784,0,,False,never,0,0.0,False,0.0,tier_b,B-18-27,CH-CR-NC-28,487,channel,nc,on
model,crossing,10.0,0.6486183284545449,200.23095550430182,starboard,,False,goal,False,False,47,-27.561302908609676,-37.52035437608606,7,3,0,0,7,5.739144722394217,0.03132871237471116,0.0,0.0,1.9903357497733052,0.8585850130407857,0.9866269854144222,2.1201867052879275,1.0436564610290258,0,,False,crossing,7,0.0,False,0.0,tier_b,B-18-28,CH-CR-NC-29,488,channel,nc,on
model,crossing,10.0,0.15458308923405523,251.8059400117267,starboard,,True,goal,False,False,61,38.545678036549944,-4.9352186860700895,1,0,0,0,3,0.07470324803727303,0.0,0.0,0.0,1.0145416907301306,0.6508650260567685,0.9320734687897058,1.5322815959870335,1.025538320644117,0,,False,crossing,19,0.0,False,0.0,tier_b,B-18-29,CH-CR-NC-30,489,channel,nc,on
model,crossing,10.465219517731311,1.903477610200674,114.42610481038736,port,,True,goal,False,False,56,72.81649158800727,0.0,0,0,0,0,0,0.0,0.0,0.0,0.0,0.0,0.7022957374518098,0.9567767717086191,2.9507002226860912,1.3840215240337073,0,,False,never,0,0.0,False,0.0,tier_b,B-18-30,CH-CR-NC-31,490,channel,nc,on
model,crossing,9.999999999999998,1.8674390403958552,142.51632143923706,port,,True,goal,False,False,45,-8.936772072894883,-27.543666788619667,11,4,0,0,5,4.652133243623052,0.04702130678891493,0.0,0.0,0.9517448364623178,0.8660747640568723,1.0444551291580535,3.1633504246048294,2.0380320789022357,0,,False,crossing,11,1.0,True,0.0,tier_b,B-18-31,CH-CR-NC-32,491,channel,nc,on
model,crossing,9.999999999999998,2.283707904880839,260.22764068647007,starboard,,True,goal,False,False,60,121.4462315887383,0.0,0,0,0,0,0,0.0,0.0,0.0,0.0,0.0,0.6545739399578893,0.8705128524061073,3.1398230523551502,0.8778955666565796,0,,False,crossing,10,0.0,False,0.0,tier_b,B-18-32,CH-CR-NC-33,492,channel,nc,on
model,crossing,9.999999999999998,1.826132245476665,269.43712513022115,starboard,,True,goal,False,False,58,55.542737961832636,-0.7994968846720651,1,0,0,0,1,0.14071916978133395,0.0,0.0,0.0,0.02287488761210268,0.6835704392599579,1.0253289342724223,3.4332382467762037,1.170237822144056,0,,False,crossing,20,0.0,False,0.0,tier_b,B-18-33,CH-CR-NC-34,493,channel,nc,on
model,crossing,9.999999999999998,0.7286889367192464,239.76411050547767,starboard,,True,goal,False,False,60,78.16504309761771,-13.38949256067889,1,6,0,0,8,0.025180316981244167,0.8817730910648975,0.0,0.0,1.9777940424112195,0.68157435946854,0.9213241973819337,0.9386995966882111,1.6702570140737059,0,,False,crossing,19,0.0,False,0.0,tier_b,B-18-34,CH-CR-NC-35,494,channel,nc,on
model,crossing,9.760709998378125,0.6966617910576528,284.5629319061185,starboard,,True,goal,False,False,63,62.32984680799882,-6.22632401014702,0,1,0,0,2,0.0,0.6483135044167725,0.0,0.0,0.6704827029519991,0.6326342415801522,0.9565360268490202,1.974445932491848,1.1184079970471474,0,,False,crossing,15,0.0,False,0.0,tier_b,B-18-35,CH-CR-NC-36,495,channel,nc,on
model,crossing,10.0,0.6328402489969476,86.54792639553591,port,,True,goal,False,False,70,106.49796577342019,-3.751989145681273,3,0,0,0,6,0.032402799250344866,0.0,0.0,0.0,0.7981322865315701,0.558633089412903,0.8071916559793474,2.442652176608682,0.8782116708949138,0,,False,crossing,22,1.0,True,0.0,tier_b,B-18-36,CH-CR-NC-37,496,channel,nc,on
model,crossing,10.054465628799555,1.0793549328252519,133.7984218058873,port,,False,goal,False,False,51,-8.065122553075014,-62.42913753566427,15,9,0,0,9,9.919868299951137,0.3867316761481269,0.0,0.0,2.5358817008828627,0.7871360428969368,0.9654350824809211,3.3232428545617116,2.017606423460856,0,,False,crossing,15,1.0,True,0.0,tier_b,B-18-37,CH-CR-NC-38,497,channel,nc,on
model,crossing,10.045978558751049,2.0712282718954764,291.44065707012226,starboard,,True,goal,False,False,60,67.41794992470832,-3.8005845200704975,3,0,0,0,0,0.7677948525394943,0.0,0.0,0.0,0.0,0.6525052779216137,0.9236984509941205,3.7130037086718044,0.9143371588161262,0,,False,crossing,20,0.0,False,0.0,tier_b,B-18-38,CH-CR-NC-39,498,channel,nc,on
model,crossing,10.192515747177305,0.4442953880563588,93.97645296752279,port,,True,goal,False,False,65,16.28891923348276,-3.512422483370444,0,0,0,0,2,0.0,0.0,0.0,0.0,0.7805383296378765,0.6445584637343758,0.943576683812253,1.6123863177926603,1.8914502795802957,0,,False,crossing,14,1.0,True,0.0,tier_b,B-18-39,CH-CR-NC-40,499,channel,nc,on
model,overtaking,10.018472917646436,1.8890794814792784,1.5767284165258655,,,,goal,False,False,55,87.17598273245649,-15.526498316387126,10,0,0,0,0,3.1366663265428536,0.0,0.0,0.0,0.0,0.7028683494428907,0.9957689919458076,3.563232650613101,1.1158929534876694,0,,False,overtaking,29,0.0,False,0.0,tier_b,B-19-00,CH-OT-CV-01,500,channel,cv,on
model,overtaking,9.79454799711857,1.462510712415506,7.140706293694446,,,,goal,False,False,57,84.22915238297458,-15.519090947961104,11,0,0,0,5,2.715252338962799,0.0,0.0,0.0,0.4619093044656093,0.6790338325058185,0.9592142081229837,2.7953120514288052,1.103753518813435,0,,False,overtaking,25,0.0,False,0.0,tier_b,B-19-01,CH-OT-CV-02,501,channel,cv,on
model,overtaking,9.7594546180176,1.5278232961066804,2.234052733317469,,,,goal,False,False,50,67.68578369114252,-4.343679860315141,6,0,0,0,1,0.8426455765317251,0.0,0.0,0.0,0.03835205699624479,0.7842108392119631,1.048209401262644,3.6683041670160157,1.590100344601773,0,,False,overtaking,16,0.0,False,0.0,tier_b,B-19-02,CH-OT-CV-03,502,channel,cv,on
model,overtaking,10.090844011652912,1.8048767855522263,8.465492255596303,,,,goal,False,False,52,63.499753502167756,-33.95406286286489,18,1,29,0,2,1.199718370870102,0.045924457915367825,7.568446598550063,0.0,0.12038291235479798,0.731758526087892,0.9491692715899203,2.9906262481875823,0.4623558267801916,0,,False,overtaking,30,0.0,False,0.0,tier_b,B-19-03,CH-OT-CV-04,503,channel,cv,on
model,overtaking,9.999999999999996,1.3109112083486332,-7.093137823178724,,,,goal,False,False,54,80.3665437218747,-6.4624205721943255,4,1,1,0,0,1.2103845867423888,0.018532906097479814,0.10535527295471565,0.0,0.0,0.7229509409274085,1.0046071752375172,3.2284921111995497,1.2368385308874212,0,,False,overtaking,16,0.0,False,0.0,tier_b,B-19-04,CH-OT-CV-05,504,channel,cv,on
model,overtaking,10.067200966736781,1.79687587956281,-5.637209320017296,,,,goal,False,False,52,46.0490643455207,-17.08953815220775,14,0,2,0,3,3.0229909892653266,0.0,0.3270791332146773,0.0,0.210721750171454,0.792711831896687,1.0301232629816026,2.1168007989487254,2.4789586716816947,0,,False,overtaking,30,0.0,False,0.0,tier_b,B-19-05,CH-OT-CV-06,505,channel,cv,on
model,overtaking,9.999999999999998,0.7259192527173752,-4.551015201288633,,,,goal,False,False,56,77.92114345829242,-9.236401315438053,6,0,0,0,6,1.610561066966519,0.0,0.0,0.0,0.28091645198972987,0.6919286348771271,0.9964354247824804,2.614328517578514,1.3022522936444385,0,,False,overtaking,19,0.0,False,0.0,tier_b,B-19-06,CH-OT-CV-07,506,channel,cv,on
model,overtaking,10.318046899960208,0.012683608140338976,-9.573760891804282,,,,goal,False,False,54,69.31987706179726,-15.85605808750372,10,0,0,0,8,2.6634453135324567,0.0,0.0,0.0,0.5937786190040132,0.7229423392666353,0.9851503853993174,2.5086950072635488,1.5468423369260098,0,,False,overtaking,23,0.0,False,0.0,tier_b,B-19-07,CH-OT-CV-08,507,channel,cv,on
model,overtaking,10.320612916071058,0.4651663696699002,-9.65991275970643,,,,goal,False,False,55,85.75862204526679,-13.493810222511103,7,1,0,0,13,1.1646008160047856,0.001664779412924779,0.0,0.0,1.7157323389318742,0.701398885196588,0.9400789348752694,2.4074816446156415,1.2933770499711061,0,,False,overtaking,21,0.0,False,0.0,tier_b,B-19-08,CH-OT-CV-09,508,channel,cv,on
model,overtaking,9.957821728324154,1.3537570074249259,-4.049082541308211,,,,goal,False,False,50,54.442520711931905,-10.319490866104152,8,1,0,0,0,2.076404640712836,0.008340988803154386,0.0,0.0,0.0,0.7787864861266443,1.0539633751307511,3.2538184956223004,1.2335346866729449,0,,False,overtaking,22,0.0,False,0.0,tier_b,B-19-09,CH-OT-CV-10,509,channel,cv,on
model,overtaking,10.65374766903253,1.1543837437277702,-6.952958051398117,,,,collision:obstacle,True,False,17,-336.4886888344031,-1.4760696883568505,1,1,1,0,0,0.027145940665196218,0.13319594216877811,0.18954926898018815,0.0,0.0,0.5331326021592656,0.6271421388934555,5.087106111317819,0.2397047797002526,0,,False,overtaking,9,0.0,False,0.0,tier_b,B-19-10,CH-OT-CV-11,510,channel,cv,on
model,overtaking,10.0,1.4518131764187319,-9.906135129256032,,,,goal,False,False,57,21.59074473207093,-39.11847756369862,20,5,1,0,7,6.070393658715961,0.680166443330047,0.16314331786206976,0.0,1.1368642476149837,0.6725115194584115,0.9687231167366093,2.631036192470797,0.6600639495736603,0,,False,overtaking,28,0.0,False,0.0,tier_b,B-19-11,CH-OT-CV-12,511,channel,cv,on
model,overtaking,9.003614550224231,0.38049966256705137,-7.176384964118354,,,,goal,False,False,51,-23.52957590332197,-20.290064949226934,17,4,0,0,5,3.5602800595254047,0.040340078518826025,0.0,0.0,0.548221170201777,0.7849307098063015,1.0340164609094447,2.5019418916659855,2.072605186918661,0,,False,overtaking,20,0.0,False,0.0,tier_b,B-19-12,CH-OT-CV-13,512,channel,cv,on
model,overtaking,10.028158839058294,1.2745074657110176,-6.624315004851078,,,,goal,False,False,54,100.74674995593612,-9.641374628534559,11,1,0,0,6,1.568975722143335,0.0016669274512672492,0.0,0.0,0.41482078067583955,0.7133558245155351,0.9509013202332841,2.8064520691827886,0.8537489011378137,0,,False,overtaking,28,0.0,False,0.0,tier_b,B-19-13,CH-OT-CV-14,513,channel,cv,on
model,overtaking,10.0,1.6581162199247887,-8.155944043287045,,,,goal,False,False,55,105.08669421447419,-3.7935782783272423,15,0,0,0,3,0.6993751499966055,0.0,0.0,0.0,0.07370473018756565,0.6958253364498325,0.9916717348160844,3.1598585365029574,0.767747000598637,0,,False,overtaking,23,0.0,False,0.0,tier_b,B-19-14,CH-OT-CV-15,514,channel,cv,on
model,overtaking,10.277309682485887,1.7273284055189322,-0.34623539925120994,,,,goal,False,False,56,14.126477772439031,-67.13262978048444,27,0,31,0,3,6.9472626099092025,0.0,8.953244810381237,0.0,0.11377745423587302,0.6835713713780971,0.952959734870066,2.4483244452051913,0.4482824087548262,0,,False,overtaking,34,0.0,False,0.0,tier_b,B-19-15,CH-OT-CV-16,515,channel,cv,on
model,overtaking,9.999999999999998,1.8224471017467458,-7.213071072184238,,,,goal,False,False,50,32.030704340249684,-26.741219152595225,12,0,5,0,2,4.735085724545833,0.0,0.824924090845082,0.0,0.07395957534467949,0.8061100899681448,0.9788120615085594,2.2069380175549447,2.3617947843080036,0,,False,overtaking,29,0.0,False,0.0,tier_b,B-19-16,CH-OT-CV-17,516,channel,cv,on
model,overtaking,10.0,0.09098296927694483,-8.734753433889221,,,,goal,False,False,54,10.761259711700404,-12.989384895333286,8,0,4,0,2,2.3563070180931565,0.0,0.34227364533508964,0.0,0.020773340570186156,0.7211382150069637,0.9956199257205258,2.548260752721495,1.5955282693725845,0,,False,overtaking,27,0.0,False,0.0,tier_b,B-19-17,CH-OT-CV-18,517,channel,cv,on
model,overtaking,10.619666656868688,1.566731586021876,0.7579302778721253,,,,goal,False,False,57,37.35563856368126,-29.111402020080337,17,0,3,0,2,5.114611521308061,0.0,0.9903530795710023,0.0,0.05084531181107015,0.7561283003328403,1.0083165122679907,2.740564397974383,2.713534087257923,0,,False,overtaking,38,0.0,False,0.0,tier_b,B-19-18,CH-OT-CV-19,518,channel,cv,on
model,overtaking,9.999999999999998,0.48198810671556247,7.277326123102064,,,,goal,False,False,64,2.763631597510667,-18.022205881526766,15,0,1,0,0,3.615474738608174,0.0,0.03489053483786273,0.0,0.0,0.6331219230518026,0.9936472932633139,3.0461427298957586,1.9386483859354577,0,,False,overtaking,39,0.0,False,0.0,tier_b,B-19-19,CH-OT-CV-20,519,channel,cv,on
model,overtaking,10.0,1.454351530967966,-8.993785033540698,,,,goal,False,False,51,50.597378125559175,-13.947021223843743,8,0,1,0,4,2.507105752868295,0.0,0.15688137222082163,0.0,0.21601662381127187,0.7909757043166137,1.0654463460630992,2.2389890438870665,2.188436756333315,0,,False,overtaking,24,0.0,False,0.0,tier_b,B-19-20,CH-OT-CV-21,520,channel,cv,on
model,overtaking,9.212249108547425,1.006788268936462,6.148393717077621,,,,collision:boundary,True,False,66,-454.17814246715636,-62.75326804430506,19,4,1,0,12,11.287520095386512,0.1186094379508871,0.027343686633509324,0.0,1.376553240534283,0.7685030963387663,0.9954861884870895,2.2478136718080397,2.2082125903726344,0,,False,overtaking,30,0.0,False,0.0,tier_b,B-19-21,CH-OT-CV-22,521,channel,cv,on
model,overtaking,10.0,1.5008330569192896,-5.5758845656200435,,,,goal,False,False,57,92.44309837169818,-5.729939972938241,10,0,0,0,5,0.9378404660896033,0.0,0.0,0.0,0.24169548128771204,0.6786794102423793,0.9683092402288629,3.230496830342168,1.1499504340139668,0,,False,overtaking,23,0.0,False,0.0,tier_b,B-19-22,CH-OT-CV-23,522,channel,cv,on
model,overtaking,9.84026391412315,1.9165334832802843,5.849159171418039,,,,collision:obstacle,True,False,37,-430.0129525475402,-8.090540498635754,9,1,4,0,0,0.8574029650377063,0.08521869552589703,0.9512675774571991,0.0,0.0,0.3872735712830325,0.5560795406467537,4.288580454009178,0.5443844749974968,0,,False,overtaking,30,0.0,False,0.0,tier_b,B-19-23,CH-OT-CV-24,523,channel,cv,on
model,overtaking,9.265552746201726,0.8423693537729262,5.509025734611868,,,,goal,False,False,50,24.048986593388776,-5.1907286780584085,12,0,0,0,0,1.0486320561734157,0.0,0.0,0.0,0.0,0.7961329904870452,1.0541703643695266,3.543659305738496,1.781183177376246,0,,False,overtaking,16,0.0,False,0.0,tier_b,B-19-24,CH-OT-CV-25,524,channel,cv,on
model,overtaking,10.261758698296516,0.6442402076984224,2.0895330895289312,,,,goal,False,False,51,37.64797642060679,-25.286454475932715,9,0,0,0,1,5.035011340297463,0.0,0.0,0.0,0.0806996314356149,0.8009687860217751,1.0123944509206841,2.7856002443621057,2.3004438658963564,0,,False,overtaking,23,0.0,False,0.0,tier_b,B-19-25,CH-OT-CV-26,525,channel,cv,on
model,overtaking,10.50203910094581,1.2986425956862344,9.543804421208929,,,,goal,False,False,51,17.652755915186177,-61.12703632513825,20,3,21,0,13,6.0044823595914885,0.07701332610856092,6.766953210406923,0.0,1.4805780274351275,0.7645620491979574,1.0348352064220603,2.7053142163526522,0.6068118782440868,0,,False,overtaking,24,0.0,False,0.0,tier_b,B-19-26,CH-OT-CV-27,526,channel,cv,on
model,overtaking,9.580351545319703,1.214199711394644,2.5843228655898294,,,,goal,False,False,65,-19.29200678754576,-76.91162349590303,22,7,4,0,11,14.211593713361447,0.18652223527431344,0.8559905059891082,0.0,0.5687519396878209,0.6516684157863193,0.9412535416287328,2.688389292098176,2.0651763921323782,0,,False,overtaking,46,0.0,False,0.0,tier_b,B-19-27,CH-OT-CV-28,527,channel,cv,on
model,overtaking,10.017426577199545,1.322586299859758,-9.457127048523134,,,,goal,False,False,49,57.57934857791705,-8.144334383703683,7,0,1,0,10,0.7520148116954988,0.0,0.29986227077810423,0.0,0.7427459757799525,0.8184751096805157,1.0457049134258305,2.0088232719931542,1.9510057369670837,0,,False,overtaking,24,0.0,False,0.0,tier_b,B-19-28,CH-OT-CV-29,528,channel,cv,on
model,overtaking,10.405857845822768,0.2588241570719476,-1.3307831996142188,,,,goal,False,False,56,31.927350630394372,-44.18299726442393,20,0,4,0,2,8.325038405483241,0.0,0.6712758159460445,0.0,0.12388093775024962,0.7066902606498581,0.9763353411598904,3.1128042842565984,2.012679163707977,0,,False,overtaking,41,0.0,False,0.0,tier_b,B-19-29,CH-OT-CV-30,529,channel,cv,on
model,overtaking,9.02369642050568,0.9284158721786417,-1.1488994519943247,,,,goal,False,False,52,35.94612378152098,-37.25887147644069,13,0,4,0,5,6.078868196196237,0.0,0.9104438866711612,0.0,0.8646390918340304,0.7669522811566465,1.0005583864735128,2.1471146774438448,1.8373563651309097,0,,False,overtaking,33,0.0,False,0.0,tier_b,B-19-30,CH-OT-CV-31,530,channel,cv,on
model,overtaking,10.098148103748601,0.5507070873648883,-0.9613675677767866,,,,goal,False,False,54,64.71466719318677,-17.784448297028376,7,0,0,0,11,2.209447281697804,0.0,0.0,0.0,1.5217076116942774,0.7259726191328589,0.9769157594470418,2.379930884132747,1.6502792504709023,0,,False,overtaking,21,0.0,False,0.0,tier_b,B-19-31,CH-OT-CV-32,531,channel,cv,on
model,overtaking,9.817379900740935,0.9432836209018034,-2.3555909028412643,,,,goal,False,False,52,68.67022886028981,-8.093093782660162,5,0,0,0,0,1.6349684409414469,0.0,0.0,0.0,0.0,0.7725101340516317,1.0492286124091956,3.8429027880101376,1.7134440472077908,0,,False,overtaking,22,0.0,False,0.0,tier_b,B-19-32,CH-OT-CV-33,532,channel,cv,on
model,overtaking,9.949835302670753,0.1913131563942787,-1.284993550428572,,,,goal,False,False,51,59.79097176283911,-13.212793786780491,9,0,0,0,0,2.6692512700566646,0.0,0.0,0.0,0.0,0.7942225349394374,1.0158315371744702,2.5226136142882836,1.798119482962688,0,,False,overtaking,31,0.0,False,0.0,tier_b,B-19-33,CH-OT-CV-34,533,channel,cv,on
model,overtaking,10.350200333178588,1.5385594983252922,8.065759659655956,,,,goal,False,False,59,26.207859859213087,-69.85147763707837,22,5,37,0,8,5.7109641764785,0.18985703106695812,10.673946824054882,0.0,0.49248979847350755,0.6419233443671212,0.8804803670626224,2.7104625166106233,0.6267216546854936,0,,False,overtaking,42,0.0,False,0.0,tier_b,B-19-34,CH-OT-CV-35,534,channel,cv,on
model,overtaking,9.67973916823041,1.275433366997928,8.22815366117996,,,,goal,False,False,57,21.86472402825369,-85.28578264044802,21,12,40,0,16,6.676103395218825,0.48438960943920595,12.36877730481291,0.0,1.1808319933476172,0.6782489489070292,0.98487171816772,2.745178337400786,0.5336143961245734,0,,False,overtaking,42,0.0,False,0.0,tier_b,B-19-35,CH-OT-CV-36,535,channel,cv,on
model,overtaking,10.0,0.509612498822317,2.8086927181497128,,,,goal,False,False,51,67.3606011638241,-11.469827483038678,7,0,0,0,11,1.2560706455728716,0.0,0.0,0.0,1.1671728416562144,0.7632790417161551,1.0070013421775335,2.589246674092157,1.4764682135950316,0,,False,overtaking,26,0.0,False,0.0,tier_b,B-19-36,CH-OT-CV-37,536,channel,cv,on
model,overtaking,9.999999999999998,1.9146141522834663,-6.484817148340925,,,,goal,False,False,57,109.3741336566157,-13.701730466243927,8,4,2,0,9,1.8664647073542546,0.39636354429816617,0.09944168573759007,0.0,0.476164567090916,0.6675377213684135,0.9614959058096741,2.7581927388377387,0.5174619126135456,0,,False,overtaking,25,0.0,False,0.0,tier_b,B-19-37,CH-OT-CV-38,537,channel,cv,on
model,overtaking,9.999999999999998,0.3652769503741655,-5.283143245496924,,,,goal,False,False,53,63.167519133848955,-17.703640072949526,8,0,0,0,10,2.187791237606907,0.0,0.0,0.0,1.52757187706563,0.7451874115259898,1.0343790950537266,1.9272095767617896,1.479132502899713,0,,False,overtaking,19,0.0,False,0.0,tier_b,B-19-38,CH-OT-CV-39,538,channel,cv,on
model,overtaking,10.0,1.8154870306859228,5.479211379137263,,,,goal,False,False,52,50.29497260706597,-35.14872540007547,16,0,27,0,2,2.643869522633675,0.0,6.000246286017872,0.0,0.10237436297209808,0.7546279851024946,1.0138643953378492,3.3726257719233024,0.7953479425339489,0,,False,overtaking,27,0.0,False,0.0,tier_b,B-19-39,CH-OT-CV-40,539,channel,cv,on
model,overtaking,10.117569027847006,0.009282404639606723,-8.417555169374824,,,,goal,False,False,56,75.00468229427142,-15.972468836355588,7,0,2,0,10,2.2640624810914716,0.0,0.14175071629180452,0.0,0.9455682169560683,0.7000954987559288,0.9694852192539757,2.2544862148540767,1.5120239181882944,0,,False,overtaking,23,0.0,False,0.0,tier_b,B-20-00,CH-OT-RE-01,540,channel,re,on
model,overtaking,10.046337290565305,1.8242897838971879,7.432810208940541,,,,goal,False,False,52,83.09787324332252,-5.416427444208203,8,0,0,0,3,0.9612428244614122,0.0,0.0,0.0,0.14628343624982498,0.7368673975571824,1.0012033493965884,3.052402577008377,1.2519954084362424,0,,False,overtaking,20,0.0,False,0.0,tier_b,B-20-01,CH-OT-RE-02,541,channel,re,on
model,overtaking,10.106408864776549,1.4733756542999703,-4.770921676789703,,,,goal,False,False,57,98.99013321011415,-8.978811645244114,7,1,0,0,9,1.1913827267124661,0.15228615214926847,0.0,0.0,0.5172557099730061,0.6784274027242483,0.9673014313042219,2.8999592570346753,0.958295759592829,0,,False,overtaking,22,0.0,False,0.0,tier_b,B-20-02,CH-OT-RE-03,542,channel,re,on
model,overtaking,10.517920080334179,0.01767892772270785,2.092250378539708,,,,goal,False,False,48,46.56603216424746,-10.230434976921181,8,0,1,0,4,1.6587631376259377,0.0,0.04557739141270363,0.0,0.41232863035267914,0.8295678934876575,1.0432842880813329,2.619390555427728,2.084383253091728,0,,False,overtaking,22,0.0,False,0.0,tier_b,B-20-03,CH-OT-RE-04,543,channel,re,on
model,overtaking,10.509118580933837,0.4068401753454296,8.093392708756625,,,,goal,False,False,52,58.97948487887564,-15.220633965304595,6,0,1,0,3,2.6623119611754413,0.0,0.28435352151476223,0.0,0.22633712889622573,0.7584201343934246,1.0242073407479066,2.773448220698095,1.946764977909097,0,,False,overtaking,21,0.0,False,0.0,tier_b,B-20-04,CH-OT-RE-05,544,channel,re,on
model,overtaking,9.446961073038484,0.07306029434834516,5.44320270342617,,,,goal,False,False,52,52.25970638443755,-14.66722123427441,8,0,1,0,3,2.615743083708501,0.0,0.033744772905748434,0.0,0.3550692861014744,0.7753667393681638,0.9792140157507867,2.801984388432452,1.9833526692226784,0,,False,overtaking,22,0.0,False,0.0,tier_b,B-20-05,CH-OT-RE-06,545,channel,re,on
model,overtaking,8.893835834440619,1.243905965110267,-0.4337811643097371,,,,goal,False,False,51,66.9496307528333,-8.099470494859077,9,0,0,0,0,1.6362566656280964,0.0,0.0,0.0,0.0,0.7809021014343712,1.0199067543715836,3.672232146088504,1.5361418127567248,0,,False,overtaking,21,0.0,False,0.0,tier_b,B-20-06,CH-OT-RE-07,546,channel,re,on
model,overtaking,10.0,0.5037760508122735,-6.1249791199742525,,,,goal,False,False,54,61.289221369280256,-18.213796416643063,8,1,1,0,13,1.6121799487004684,0.2050541899473182,0.06290803666722933,0.0,1.9982263329632224,0.727235727684556,0.9743715304448676,1.6808550536713054,1.6130529374480471,0,,False,overtaking,22,0.0,False,0.0,tier_b,B-20-07,CH-OT-RE-08,547,channel,re,on
model,overtaking,9.982004507443481,0.14740277244565814,8.759608913418017,,,,goal,False,False,61,55.49393661150731,-12.076698592136198,8,1,6,0,0,1.5213632708354337,0.03394449213303683,1.2160903237339633,0.0,0.0,0.6563501599601458,1.0125493542691066,2.659413406945296,1.7084902930811077,0,,False,overtaking,30,0.0,False,0.0,tier_b,B-20-08,CH-OT-RE-09,548,channel,re,on
model,overtaking,10.892975835233557,1.8639807165468096,-3.433799988439352,,,,goal,False,False,55,60.36148816262903,-36.347942562938115,18,0,28,0,3,1.9751996549833077,0.0,7.263728068394008,0.0,0.09361849434495997,0.6970614038741594,0.9300309538589108,2.8888841725488295,0.7422479583224836,0,,False,overtaking,33,0.0,False,0.0,tier_b,B-20-09,CH-OT-RE-10,549,channel,re,on
model,overtaking,9.999999999999998,1.0788280222360762,-8.545642428510183,,,,goal,False,False,50,75.9938457069196,-5.127726774120258,8,0,0,0,8,0.6551225394304196,0.0,0.0,0.0,0.41886004531992893,0.7759418040649588,1.0555392317134393,3.005444419848837,1.1422234875855966,0,,False,overtaking,17,0.0,False,0.0,tier_b,B-20-10,CH-OT-RE-11,550,channel,re,on
model,overtaking,10.681963900933681,0.4186494811155712,-0.30503741823826935,,,,goal,False,False,53,82.14473446323453,-10.016021551436035,7,0,0,0,8,1.3765955010043682,0.0,0.0,0.0,0.7115275158809804,0.7276646454987804,0.9785728039649874,2.3249635055312616,1.4815713920617617,0,,False,overtaking,24,0.0,False,0.0,tier_b,B-20-11,CH-OT-RE-12,551,channel,re,on
model,overtaking,9.999999999999998,1.0456050888234953,-5.384105434667963,,,,goal,False,False,48,44.076535159673476,-14.000837838917157,9,0,2,0,4,2.5792840402241417,0.0,0.2894581107043041,0.0,0.04251836472714686,0.828414038993856,1.030300660191709,2.4019614159557894,2.000070968825826,0,,False,overtaking,29,0.0,False,0.0,tier_b,B-20-12,CH-OT-RE-13,552,channel,re,on
model,overtaking,10.0,1.947294773658794,-8.669662582224333,,,,goal,False,False,56,11.24108654264073,-57.34603235446477,16,6,4,0,7,10.847149876356067,0.12153989884097996,0.2988078188167383,0.0,0.43895773766647084,0.7646185414694967,1.018360894354453,2.256998197716131,2.437016034204893,0,,False,overtaking,31,0.0,False,0.0,tier_b,B-20-13,CH-OT-RE-14,553,channel,re,on
model,overtaking,10.0,0.19403695873708227,1.8708700402559835,,,,goal,False,False,50,61.74514408527953,-11.024166626651486,9,0,1,0,1,2.0867890858037077,0.0,0.1895949120779193,0.0,0.0026708818761378037,0.782601681071665,1.0438639762636857,2.6350464303356795,1.910863884189398,0,,False,overtaking,30,0.0,False,0.0,tier_b,B-20-14,CH-OT-RE-15,554,channel,re,on
model,overtaking,11.720630560807352,1.3491242965603318,-7.756951576874453,,,,goal,False,False,53,16.412983256696705,-64.52849192507392,17,5,0,0,2,12.489347739471587,0.44165065183199514,0.0,0.0,0.11556664180471123,0.7281224398823672,1.0102758452204252,2.980108310292158,0.8325999452122109,0,,False,overtaking,39,0.0,False,0.0,tier_b,B-20-15,CH-OT-RE-16,555,channel,re,on
model,overtaking,10.0,0.7058863609663593,0.5567275289904927,,,,goal,False,False,52,83.75954224789014,-13.096283708096706,10,0,0,0,7,2.1750884417559972,0.0,0.0,0.0,0.517687982534338,0.7330549537916505,0.9996425494913109,1.993169046386225,0.9751618117316732,0,,False,overtaking,28,0.0,False,0.0,tier_b,B-20-16,CH-OT-RE-17,556,channel,re,on
model,overtaking,9.998266728550231,1.9841873597230615,4.160351062392063,,,,goal,False,False,62,-18.058329396417037,-30.19126207625074,10,3,9,0,0,4.445438105699977,0.38900141355812873,1.739107348867533,0.0,0.0,0.6914082188213869,0.9946283850031074,2.1939484711832127,2.5038614443590785,0,,False,overtaking,39,0.0,False,0.0,tier_b,B-20-17,CH-OT-RE-18,557,channel,re,on
model,overtaking,10.147646590101504,1.0427519223353696,6.899343264938029,,,,goal,False,False,55,30.623914819638316,-21.883566549848105,16,0,0,0,0,4.420922535322848,0.0,0.0,0.0,0.0,0.7504763340039525,1.0143492921260764,2.7439334296425635,2.543307399574109,0,,False,overtaking,33,0.0,False,0.0,tier_b,B-20-18,CH-OT-RE-19,558,channel,re,on
model,overtaking,10.0,1.7237862369603791,3.777776940546058,,,,goal,False,False,52,1.0301670641645728,-6.143623062310008,12,0,0,0,0,1.2411359721838395,0.0,0.0,0.0,0.0,0.7545173210597267,1.0115638950652084,4.282152505002003,1.8932926782917123,0,,False,overtaking,17,0.0,False,0.0,tier_b,B-20-19,CH-OT-RE-20,559,channel,re,on
model,overtaking,9.55720986742224,1.443690004243078,-5.011972251986454,,,,goal,False,False,51,84.76516223891414,-7.947273294921991,10,1,0,0,8,0.9137357204240438,0.016174333051979548,0.0,0.0,0.7431596733812609,0.7465261318433918,0.9810709619158919,2.9398305287795936,0.8521891874860165,0,,False,overtaking,22,0.0,False,0.0,tier_b,B-20-20,CH-OT-RE-21,560,channel,re,on
model,overtaking,10.000000000000002,0.32179485960920395,1.6067472134731826,,,,goal,False,False,53,39.53972910282469,-11.820631741651804,4,0,3,0,0,1.8766745451200355,0.0,0.7030813175854523,0.0,0.0,0.7607477302427766,1.0301147032673628,3.426879297476738,1.9517537249636756,0,,False,overtaking,24,0.0,False,0.0,tier_b,B-20-21,CH-OT-RE-22,561,channel,re,on
model,overtaking,10.798992096205556,1.0053019119543785,5.150085728914775,,,,goal,False,False,53,85.15912163182006,-0.08246074415963339,2,0,0,0,2,0.011521489423698458,0.0,0.0,0.0,0.00565097144718356,0.7400099187508772,0.9935118084411801,2.932524139358334,1.5279311835783251,0,,False,overtaking,19,0.0,False,0.0,tier_b,B-20-22,CH-OT-RE-23,562,channel,re,on
model,overtaking,9.999999999999998,0.2050008935025016,-0.32194450709010347,,,,goal,False,False,53,60.141649747680134,-8.601456151615434,7,0,0,0,0,1.7376679094172593,0.0,0.0,0.0,0.0,0.7595775389868201,0.990864527968349,2.6777396799871247,1.9538586341563926,0,,False,overtaking,20,0.0,False,0.0,tier_b,B-20-23,CH-OT-RE-24,563,channel,re,on
model,overtaking,9.999999999999998,1.5126015898427414,-7.151999297983349,,,,goal,False,False,54,64.66812995370566,-5.723406285726729,8,0,0,0,0,1.156243694086208,0.0,0.0,0.0,0.0,0.7338782260473111,1.0238561569711617,4.061478865639937,1.6519608804087087,0,,False,overtaking,16,0.0,False,0.0,tier_b,B-20-24,CH-OT-RE-25,564,channel,re,on
model,overtaking,9.751265586431565,1.6388322752427962,3.805362302115995,,,,goal,False,False,55,16.155006908161113,-78.46054264496578,27,2,24,0,16,8.475046253229555,0.3050270411819391,7.475658473902212,0.0,1.7970687403513177,0.6925740562588255,0.9746002156640986,2.5940107671933803,0.4142769535680666,0,,False,overtaking,28,0.0,False,0.0,tier_b,B-20-25,CH-OT-RE-26,565,channel,re,on
model,overtaking,9.999999999999998,0.6522251787389877,2.399625870344156,,,,goal,False,False,55,13.865126035258442,-41.42202353663671,19,0,0,0,6,8.261735476227908,0.0,0.0,0.0,0.11698509540190269,0.7240563115996881,0.9927803898539125,2.6983452109105315,2.2132785905191548,0,,False,overtaking,38,0.0,False,0.0,tier_b,B-20-26,CH-OT-RE-27,566,channel,re,on
model,overtaking,10.052366355096279,0.686106059199922,3.183638110852433,,,,goal,False,False,51,31.944898334027087,-26.61461077493293,9,0,1,0,5,4.786063213717792,0.0,0.3290166265011246,0.0,0.38647511369462495,0.7958798558467246,1.0404703949364213,2.107235543419841,2.313480046271584,0,,False,overtaking,22,0.0,False,0.0,tier_b,B-20-27,CH-OT-RE-28,567,channel,re,on
model,overtaking,9.49264471915001,1.3876304619324524,-1.6471385855650738,,,,goal,False,False,53,32.45807100386972,-42.954621321127725,11,0,2,0,12,6.400329197746154,0.0,0.07111451493874678,0.0,2.448217675223281,0.763275292664956,1.0180948113590405,1.681110367060223,1.796300204280533,0,,False,overtaking,25,0.0,False,0.0,tier_b,B-20-28,CH-OT-RE-29,568,channel,re,on
model,overtaking,9.882745387012912,1.6975949344359504,1.1754396620158776,,,,goal,False,False,52,84.30888625152117,-3.424790509635542,5,0,0,0,3,0.5858164335206926,0.0,0.0,0.0,0.11666648082402521,0.7479658333675392,1.0101448594247002,3.1893280740122285,1.147538709223597,0,,False,overtaking,18,0.0,False,0.0,tier_b,B-20-29,CH-OT-RE-30,569,channel,re,on
model,overtaking,9.989159119316326,0.08064527647406083,-1.3595490802471915,,,,goal,False,False,50,58.27814867155151,-8.954390685174786,7,0,1,0,4,1.332292163052416,0.0,0.06694634767751138,0.0,0.47078613920584184,0.7967363658223812,1.0691474613468617,2.239675244641672,1.7680940023166003,0,,False,overtaking,19,0.0,False,0.0,tier_b,B-20-30,CH-OT-RE-31,570,channel,re,on
model,overtaking,9.999999999999998,1.2108081615075108,5.144762073436128,,,,goal,False,False,54,90.95445389798884,-7.079098557642485,9,0,0,0,7,0.7527913221574027,0.0,0.0,0.0,0.7450625584362982,0.7070862928196135,0.9755530764790074,2.5563317284324065,1.134426050044536,0,,False,overtaking,28,0.0,False,0.0,tier_b,B-20-31,CH-OT-RE-32,571,channel,re,on
model,overtaking,9.999999999999996,1.030775462023817,-4.885654883313231,,,,goal,False,False,56,-46.07041495379305,-55.96181645568058,31,2,0,0,19,8.77639085067203,0.1428592989144617,0.0,0.0,2.624784047828321,0.7028287111763672,0.9794887852802265,2.1433816221073285,1.885832323490615,0,,False,overtaking,31,0.0,False,0.0,tier_b,B-20-32,CH-OT-RE-33,572,channel,re,on
model,overtaking,9.88389469135299,1.759630366585207,8.671636641981014,,,,goal,False,False,51,29.371477684109536,-57.77844947757779,23,2,30,0,0,7.468055793444413,0.09374031813020531,5.652099645912064,0.0,0.0,0.7553442685295583,1.018140168771769,3.3139438701644224,0.7125742269700743,0,,False,overtaking,32,0.0,False,0.0,tier_b,B-20-33,CH-OT-RE-34,573,channel,re,on
model,overtaking,9.999999999999996,0.7146204654659294,7.628078755779665,,,,goal,False,False,51,68.4599865543474,-9.66600631897212,7,0,0,0,4,1.6200054924758558,0.0,0.0,0.0,0.3659953624925856,0.760918687928604,1.0430265417612943,2.5973409243962635,1.6537517193360889,0,,False,overtaking,23,0.0,False,0.0,tier_b,B-20-34,CH-OT-RE-35,574,channel,re,on
model,overtaking,10.121079529493706,1.8972682040114353,-1.9648043382130567,,,,goal,False,False,58,88.68948020203075,-15.908485556812934,17,0,0,0,3,3.075756842142537,0.0,0.0,0.0,0.15188648626830512,0.6591453628174399,0.9483897112911454,3.2075991566399784,0.7593265037831579,0,,False,overtaking,27,0.0,False,0.0,tier_b,B-20-35,CH-OT-RE-36,575,channel,re,on
model,overtaking,9.92136649044575,1.6072170150568803,0.03732288185417687,,,,goal,False,False,59,39.83210478799505,-39.30915742602309,11,0,2,0,9,6.233066342131805,0.0,0.3472170001103753,0.0,1.6012217404607347,0.7061914588980348,0.9791623585137151,1.787994567180071,2.1740578690946486,0,,False,overtaking,28,0.0,False,0.0,tier_b,B-20-36,CH-OT-RE-37,576,channel,re,on
model,overtaking,9.999999999999996,1.6355936756349658,7.877077307064301,,,,goal,False,False,52,70.85064309411169,-27.837741122486324,17,0,22,0,2,2.340068064289646,0.0,4.405858814937906,0.0,0.08740277121691464,0.7439106335259473,0.9865798226885041,3.417977833028544,0.7790038283028505,0,,False,overtaking,22,0.0,False,0.0,tier_b,B-20-37,CH-OT-RE-38,577,channel,re,on
model,overtaking,10.99786674820269,0.8253883122365289,-2.7263768441418312,,,,goal,False,False,49,48.19444159994193,-13.053428114802276,6,0,1,0,7,1.8504555939823197,0.0,0.23576480397370453,0.0,0.6766488067298796,0.8113834879112167,1.0281166047079369,2.0428212896370512,2.1044419755424637,0,,False,overtaking,23,0.0,False,0.0,tier_b,B-20-38,CH-OT-RE-39,578,channel,re,on
model,overtaking,10.51183667880982,1.330986806347531,8.072443907248012,,,,goal,False,False,62,7.086969269787957,-59.06999070765364,18,2,3,0,15,9.826544929576096,0.098650454573959,0.4268692584427246,0.0,1.867454272381566,0.6850106077276379,0.9186520273510603,2.168327494016531,2.390602042391128,0,,False,overtaking,40,0.0,False,0.0,tier_b,B-20-39,CH-OT-RE-40,579,channel,re,on
model,overtaking,10.0,1.500356931531722,6.512026887064401,,,,goal,False,False,58,93.88037785914709,-10.841526112188241,12,0,0,0,2,2.097826448236441,0.0,0.0,0.0,0.1016189318706356,0.6607585673779647,0.9704142299860072,3.064542025350597,1.182950332067028,0,,False,overtaking,27,0.0,False,0.0,tier_b,B-21-00,CH-OT-NC-01,580,channel,nc,on
model,overtaking,9.999999999999998,0.6170947014340373,-9.642317684415646,,,,goal,False,False,53,59.09785820669163,-21.60407456611586,11,1,0,0,17,2.48412189072251,0.028980329188377226,0.0,0.0,2.0364930172348816,0.744690095677689,0.9884870793567033,2.2587785136952903,1.6871960578490457,0,,False,overtaking,25,0.0,False,0.0,tier_b,B-21-01,CH-OT-NC-02,581,channel,nc,on
model,overtaking,9.461651014528128,0.9433950806873186,1.501581382284913,,,,goal,False,False,54,67.34789760244706,-25.190566777271258,11,0,0,0,6,4.575829810314602,0.0,0.0,0.0,0.5644909369364384,0.7127224495030892,1.0137079651067764,2.6957204981583267,1.1641146519902408,0,,False,overtaking,26,0.0,False,0.0,tier_b,B-21-02,CH-OT-NC-03,582,channel,nc,on
model,overtaking,9.5126561098355,0.1787226194188709,-9.3260295991365,,,,goal,False,False,53,59.71170771033161,-18.438886155271245,7,0,0,0,11,2.096918234704259,0.0,0.0,0.0,1.790920198552258,0.7397886441311772,0.9878826472544963,1.8060699010724848,1.3341908749523548,0,,False,overtaking,19,0.0,False,0.0,tier_b,B-21-03,CH-OT-NC-04,583,channel,nc,on
model,overtaking,10.143115531809167,1.1430350725217666,4.322931523118935,,,,goal,False,False,58,115.39167812005596,-1.3150088273550522,0,0,1,0,4,0.0,0.0,0.2870162751709336,0.0,0.06261116371993135,0.6574498360964753,0.9300502193152926,2.2365003914383603,0.9847791480249536,0,,False,overtaking,33,0.0,False,0.0,tier_b,B-21-04,CH-OT-NC-05,584,channel,nc,on
model,overtaking,10.0,0.2913564863429998,-9.987121092706577,,,,goal,False,False,52,64.79963861906705,-15.465746784120059,6,1,0,0,12,1.551419175040208,0.03427614453389516,0.0,0.0,1.6925677671618322,0.7455233447506865,1.013288851226518,2.1004882540149055,1.435028056290163,0,,False,overtaking,23,0.0,False,0.0,tier_b,B-21-05,CH-OT-NC-06,585,channel,nc,on
model,overtaking,9.527761199755263,0.8560978279106035,-1.6080366736785194,,,,goal,False,False,54,71.76199618595149,-14.780913110356067,9,1,0,0,5,2.652259819027292,0.036431370429368365,0.0,0.0,0.3270870494545776,0.7252079193284586,1.0199621442927032,3.0732524257215807,1.3450003929021175,0,,False,overtaking,24,0.0,False,0.0,tier_b,B-21-06,CH-OT-NC-07,586,channel,nc,on
model,overtaking,10.0,0.6533809699687441,-5.724143649145588,,,,goal,False,False,51,64.5310189569357,-16.09466313063666,10,0,1,0,12,1.739277991983768,0.0,0.266651293311178,0.0,1.450064980977059,0.7630606774748757,0.9982401326663375,2.104195232412505,1.64737471160307,0,,False,overtaking,31,0.0,False,0.0,tier_b,B-21-07,CH-OT-NC-08,587,channel,nc,on
model,overtaking,9.999999999999998,0.7756114460540446,8.13760132006999,,,,goal,False,False,53,64.10417411814092,-7.968257516758476,7,0,0,0,3,1.4759208696435961,0.0,0.0,0.0,0.14721093600503882,0.7580422566339169,1.011132331456416,2.970981665081386,1.767596385518516,0,,False,overtaking,19,0.0,False,0.0,tier_b,B-21-08,CH-OT-NC-09,588,channel,nc,on
model,overtaking,10.533720156983998,1.1382303405482792,-1.232848140727043,,,,goal,False,False,56,54.710601488732564,-54.205111414911066,21,1,30,0,6,4.651317867864034,0.06856189223044463,8.12993510893035,0.0,0.34976449117647523,0.6838631017871684,0.9541237820671097,2.7353260837087334,0.854481264780655,0,,False,overtaking,32,0.0,False,0.0,tier_b,B-21-09,CH-OT-NC-10,589,channel,nc,on
model,overtaking,9.480629327641601,0.36086448958266515,6.902361284648158,,,,goal,False,False,52,30.025456341892692,-32.582579088032375,18,0,1,0,1,6.553852717697772,0.0,0.021764881062881207,0.0,0.013923236356006733,0.7840290604515705,1.0007313662123085,2.829344131287845,2.1585830642741954,0,,False,overtaking,34,0.0,False,0.0,tier_b,B-21-10,CH-OT-NC-11,590,channel,nc,on
model,overtaking,10.089396078213111,0.13459523139556695,-4.98515215083321,,,,goal,False,False,53,67.57168089178282,-13.888893964563463,6,0,3,0,4,2.009642837180541,0.0,0.474006455184908,0.0,0.49660859596758133,0.7445119713876034,0.9805800266409082,2.0434908684557334,1.6767472477029903,0,,False,overtaking,21,0.0,False,0.0,tier_b,B-21-11,CH-OT-NC-12,591,channel,nc,on
model,overtaking,10.03278647843932,0.0008371971187062233,3.7955657573828674,,,,goal,False,False,51,62.64000145237065,-9.712261365024496,7,0,0,0,3,1.7860445862380805,0.0,0.0,0.0,0.1936312584768881,0.7844315259790119,1.032192244133968,2.751918070242171,2.066619139609579,0,,False,overtaking,23,0.0,False,0.0,tier_b,B-21-12,CH-OT-NC-13,592,channel,nc,on
model,overtaking,8.843822039936208,1.525241379421712,-6.500071617480816,,,,goal,False,False,54,48.209860292302636,-42.10125155840708,18,1,0,0,3,8.47116062004432,0.004307639889361115,0.0,0.0,0.03281859371896493,0.7193827404924704,1.0075187849440397,3.5567831948657354,1.059866938229926,0,,False,overtaking,32,0.0,False,0.0,tier_b,B-21-13,CH-OT-NC-14,593,channel,nc,on
model,overtaking,10.624901258683334,0.560584205389552,3.053956886962389,,,,goal,False,False,55,41.92262801382305,-23.548625033838146,5,0,13,0,2,2.2346797500969275,0.0,3.3420965522111237,0.0,0.10120281842184624,0.7833759696299587,1.070241485795258,1.8644885381212941,1.854332770877067,0,,False,overtaking,30,0.0,False,0.0,tier_b,B-21-14,CH-OT-NC-15,594,channel,nc,on
model,overtaking,9.999999999999998,1.8880968108508605,3.8409567095622865,,,,goal,False,False,49,61.05578351446499,-23.52455114829469,13,0,27,0,1,0.9063732622525487,0.0,5.243809510917257,0.0,0.035619835742766226,0.7792409053173206,0.957646858142691,3.1626024692280565,0.6428478782111162,0,,False,overtaking,29,0.0,False,0.0,tier_b,B-21-15,CH-OT-NC-16,595,channel,nc,on
model,overtaking,9.27293705003716,1.8932576976136386,-1.3394959825967163,,,,goal,False,False,52,39.72455031744638,-50.34131168187921,11,0,24,0,14,2.8311065881939523,0.0,8.184254512712679,0.0,1.525337294345222,0.7333144560364675,1.0425345915459057,2.6483664499157,0.5154423662306442,0,,False,overtaking,24,0.0,False,0.0,tier_b,B-21-16,CH-OT-NC-17,596,channel,nc,on
model,overtaking,9.542994658752987,0.27844333537556465,-8.300198316240529,,,,goal,False,False,52,75.29829280691025,-13.861426640149833,9,0,0,0,12,2.158222143077169,0.0,0.0,0.0,0.7062726737595215,0.7512021178967098,1.0037276080359196,2.5708969169438847,1.2300014209153602,0,,False,overtaking,24,0.0,False,0.0,tier_b,B-21-17,CH-OT-NC-18,597,channel,nc,on
model,overtaking,10.996971406346638,0.4205209528772882,0.9015131304951858,,,,goal,False,False,54,45.28693335136867,-29.979638380682264,12,0,5,0,0,5.573558611753311,0.0,0.6640342368064911,0.0,0.0,0.7503145598594416,1.0182383514044635,2.4983796237084364,1.9580038724632753,0,,False,overtaking,32,0.0,False,0.0,tier_b,B-21-18,CH-OT-NC-19,598,channel,nc,on
model,overtaking,10.0,0.7710360542284334,-4.574168504555141,,,,goal,False,False,52,71.1765193777926,-4.586487852900886,4,0,0,0,2,0.9110554474161376,0.0,0.0,0.0,0.017058530709111897,0.7610096610259292,0.9610852364871337,3.0431079968305816,1.6940784172637326,0,,False,overtaking,17,0.0,False,0.0,tier_b,B-21-19,CH-OT-NC-20,599,channel,nc,on
model,overtaking,10.421992587270866,1.288305484549835,-1.9713798553725344,,,,goal,False,False,63,-16.882308161433443,-36.534422655608275,23,0,0,0,12,6.000248603242154,0.0,0.0,0.0,1.5184871265688011,0.667185540418219,1.0091140971268484,2.2266172544630436,2.173735990035847,0,,False,overtaking,48,0.0,False,0.0,tier_b,B-21-20,CH-OT-NC-21,600,channel,nc,on
model,overtaking,9.560708810285343,1.3079648195926101,1.730033214415661,,,,goal,False,False,56,44.07677396395508,-17.56728400797064,7,0,3,0,0,2.961537010226092,0.0,0.8076877242642995,0.0,0.0,0.7585844525969724,1.0300287319410177,2.487171995171137,2.450748867317397,0,,False,overtaking,25,0.0,False,0.0,tier_b,B-21-21,CH-OT-NC-22,601,channel,nc,on
model,overtaking,9.99667040956101,0.34661262082719,3.0093685355942235,,,,goal,False,False,54,73.55712367387042,-7.314935556139085,7,0,0,0,2,1.428097948186894,0.0,0.0,0.0,0.054633491691991005,0.7412171278343159,1.0389036046429487,2.3688046255434996,1.4568684798544425,0,,False,overtaking,21,0.0,False,0.0,tier_b,B-21-22,CH-OT-NC-23,602,channel,nc,on
model,overtaking,10.058434527389032,1.7666262880266494,-2.8253448652815987,,,,goal,False,False,53,49.99553662918434,-19.165412393720516,15,0,3,0,9,2.1222577005174954,0.0,0.7513388587323193,0.0,1.3234259743827919,0.7693840321832113,0.994801855983882,2.1273799296350266,2.4409032329902662,0,,False,overtaking,32,0.0,False,0.0,tier_b,B-21-23,CH-OT-NC-24,603,channel,nc,on
model,overtaking,10.0,1.0406735905836915,-3.3509133963280284,,,,goal,False,False,49,68.66866057137885,-8.27464794310323,6,0,0,0,5,1.2498035362379472,0.0,0.0,0.0,0.46402676416119837,0.7834819427390292,1.0060436180845094,2.8662936666497694,1.3317898974952722,0,,False,overtaking,19,0.0,False,0.0,tier_b,B-21-24,CH-OT-NC-25,604,channel,nc,on
model,overtaking,9.999999999999996,0.6959214879117863,-2.7941650794810746,,,,goal,False,False,54,82.94139311485182,-17.260769236639486,9,0,1,0,9,2.652605682049158,0.0,0.021737780176832967,0.0,0.9004700226354565,0.7093173809753927,1.0002450711290283,2.7290662096803286,1.2950939896214069,0,,False,overtaking,29,0.0,False,0.0,tier_b,B-21-25,CH-OT-NC-26,605,channel,nc,on
model,overtaking,9.999999999999998,0.49400429691941516,-7.880299644060081,,,,goal,False,False,53,50.67507089753726,-21.403744412272058,7,0,0,0,8,2.9123854305866583,0.0,0.0,0.0,1.5527636735262442,0.7312457199437541,1.0107148409703128,1.859737884813431,1.5458169975112317,0,,False,overtaking,23,0.0,False,0.0,tier_b,B-21-26,CH-OT-NC-27,606,channel,nc,on
model,overtaking,10.595893069794938,0.7903358895746457,-2.868773439833438,,,,goal,False,False,55,67.83275075910744,-12.194989998169138,5,0,0,0,8,1.780647029210447,0.0,0.0,0.0,0.7512860452394279,0.7134506230290605,0.9673015653829822,2.9471507511239006,1.5716710832172047,0,,False,overtaking,20,0.0,False,0.0,tier_b,B-21-27,CH-OT-NC-28,607,channel,nc,on
model,overtaking,10.339618253486943,1.836525821051705,-3.7164384413150735,,,,goal,False,False,50,49.189489844053476,-24.83663012279672,9,0,26,0,0,1.4090268452716732,0.0,4.961652010750535,0.0,0.0,0.7701701812028525,0.9211114421120294,3.023700266395265,0.979978583378743,0,,False,overtaking,29,0.0,False,0.0,tier_b,B-21-28,CH-OT-NC-29,608,channel,nc,on
model,overtaking,9.999999999999996,1.813418650060694,-2.4923763016363942,,,,goal,False,False,56,55.35987251859638,-14.642929324718045,10,0,4,0,1,2.190367602724587,0.0,1.0551539201492826,0.0,0.00045679526531682615,0.7499091964662331,1.0066224905913332,2.30442152940786,2.5643083125569968,0,,False,overtaking,27,0.0,False,0.0,tier_b,B-21-29,CH-OT-NC-30,609,channel,nc,on
model,overtaking,9.876344556900458,0.4326891943254445,-7.3808846325574,,,,goal,False,False,51,50.34952295430899,-21.288242875944707,8,0,2,0,12,2.3165279389559057,0.0,0.297867291227605,0.0,1.944246073265243,0.7805957689210985,1.0022388262735427,1.8583799604992037,1.6521609786799385,0,,False,overtaking,22,0.0,False,0.0,tier_b,B-21-30,CH-OT-NC-31,610,channel,nc,on
model,overtaking,10.593856105586557,1.552544342259753,-2.7753450429184445,,,,goal,False,False,52,95.38675828862749,-10.307188510355976,10,1,0,0,5,1.8193393890625131,0.01244324794491048,0.0,0.0,0.27552543492649495,0.7276478469806464,0.9558173180772656,2.907672978120111,0.8131775304413624,0,,False,overtaking,27,0.0,False,0.0,tier_b,B-21-31,CH-OT-NC-32,611,channel,nc,on
model,overtaking,9.371564623822852,0.8034068037569972,8.027377716699068,,,,goal,False,False,63,-15.29860946261465,-34.49803276012593,20,0,2,0,0,6.674040505975427,0.0,0.40598118209654577,0.0,0.0,0.6463928621018834,1.0250558445678086,2.521812700912125,1.8941212127515377,0,,False,overtaking,42,0.0,False,0.0,tier_b,B-21-32,CH-OT-NC-33,612,channel,nc,on
model,overtaking,10.12256655014938,1.7206235905161218,1.6596060457171795,,,,goal,False,False,52,55.08475485990797,-42.54560117533789,24,0,29,0,4,2.8967683472662227,0.0,7.608269085153582,0.0,0.1815175888482639,0.7346332838337611,0.9663731732837648,3.0461978574407618,0.6384793744134943,0,,False,overtaking,29,0.0,False,0.0,tier_b,B-21-33,CH-OT-NC-34,613,channel,nc,on
model,overtaking,9.018832856177129,0.27135810743901856,-9.246778556197452,,,,goal,False,False,55,55.48382715544252,-39.3873382640335,26,0,0,0,9,7.296184338757625,0.0,0.0,0.0,0.7269390638184985,0.7111710805979995,1.0131420141656577,2.70752881181743,1.2312351955060636,0,,False,overtaking,32,0.0,False,0.0,tier_b,B-21-34,CH-OT-NC-35,614,channel,nc,on
model,overtaking,9.992209172862655,0.4571656105822324,7.064018025699134,,,,goal,False,False,53,51.10162654006464,-13.016087810273422,8,0,1,0,0,2.5861028822436802,0.0,0.05968848421311172,0.0,0.0,0.7777416790265684,0.9832544028887611,3.1757267608019557,2.47661798292533,0,,False,overtaking,23,0.0,False,0.0,tier_b,B-21-35,CH-OT-NC-36,615,channel,nc,on
model,overtaking,9.828223930606164,1.4277544953749524,8.148534175533921,,,,goal,False,False,51,17.458153809968238,-61.19413542949081,20,2,22,0,13,6.022892169855626,0.009926029847603794,7.45377096460349,0.0,0.9995799707527221,0.750448060983677,1.025130282479681,2.6424832043328044,0.5315361680777192,0,,False,overtaking,26,0.0,False,0.0,tier_b,B-21-36,CH-OT-NC-37,616,channel,nc,on
model,overtaking,9.241525427746742,0.3894391128110106,-8.195538840248247,,,,goal,False,False,49,55.63762027441846,-16.37327817038651,8,0,1,0,7,2.3130155272677944,0.0,0.266313049277472,0.0,0.8811387406693392,0.8032152835269039,1.0187469522450197,2.198193780112115,1.4308794455336635,0,,False,overtaking,25,0.0,False,0.0,tier_b,B-21-37,CH-OT-NC-38,617,channel,nc,on
model,overtaking,9.999999999999996,0.6390531787139337,9.290795576604502,,,,goal,False,False,62,26.74932115329669,-18.248518176724225,11,0,2,0,0,3.2181926875818583,0.0,0.6440178814427845,0.0,0.0,0.6606115501200193,0.9992467254921098,3.287546583005228,2.2776531642063658,0,,False,overtaking,38,0.0,False,0.0,tier_b,B-21-38,CH-OT-NC-39,618,channel,nc,on
model,overtaking,10.0,1.3463563240714285,3.698600319085333,,,,goal,False,False,56,89.22173495506952,-13.145181039470785,8,0,1,0,10,1.5931273636522025,0.0,0.26744623697008,0.0,0.9547542525111319,0.6837798270073395,0.9750814321318241,2.5405864440178862,1.0916947899205691,0,,False,overtaking,25,0.0,False,0.0,tier_b,B-21-39,CH-OT-NC-40,619,channel,nc,on
model,being_overtaken,9.888808766493813,1.9876231448331292,8.304486130195926,,False,,collision:target,True,True,47,-349.05776845504124,-11.329242138167398,0,0,0,8,0,0.0,0.0,0.0,2.7973437378191104,0.0,0.7760213346026774,0.9017229290595618,0.8006067063219593,1.355963370436312,0,,False,being_overtaken,8,0.0,False,0.0,tier_b,B-22-00,CH-BO-CV-01,620,channel,cv,on
model,being_overtaken,9.999999999999996,1.3933317391930076,-6.344471350503635,,False,,collision:boundary,True,False,54,-406.9324484307182,-68.91513708622782,0,0,0,29,0,0.0,0.0,0.0,17.01608323116736,0.0,0.7286113358346413,0.8769208750918998,2.320422643376149,1.6165432031086837,0,,False,being_overtaken,35,0.0,False,0.0,tier_b,B-22-01,CH-BO-CV-02,621,channel,cv,on
model,being_overtaken,10.0,1.8405923958576564,-3.5662932296451055,,False,,goal,False,False,46,-6.02139028805702,-16.389779717169617,0,0,0,6,0,0.0,0.0,0.0,4.046859189424597,0.0,0.8549402746524951,1.0234959168863846,3.389345450279725,2.089743710712601,0,,False,being_overtaken,6,0.0,False,0.0,tier_b,B-22-02,CH-BO-CV-03,622,channel,cv,on
model,being_overtaken,9.999999999999998,1.8561415582299683,0.7076318525954228,,False,,collision:boundary,True,False,60,-356.9185168533698,-44.74671610933624,0,0,0,27,0,0.0,0.0,0.0,11.048571878848454,0.0,0.6601821080948854,0.7990851212150964,2.4701909332466,1.32939810866032,0,,False,being_overtaken,27,0.0,False,0.0,tier_b,B-22-03,CH-BO-CV-04,623,channel,cv,on
model,being_overtaken,10.320157313848544,1.7099442632523973,-7.750604792903937,,False,,collision:boundary,True,False,56,-422.68440269439964,-88.41323703522764,0,0,0,35,0,0.0,0.0,0.0,21.83042889758707,0.0,0.6962690590611159,0.8669406589354798,1.0294737359427888,1.195876888874371,0,,False,being_overtaken,41,0.0,False,0.0,tier_b,B-22-04,CH-BO-CV-05,624,channel,cv,on
model,being_overtaken,10.019799097825924,1.6723976105429958,-4.742870313522902,,False,,goal,False,False,51,54.281128926827684,-17.99020470426973,0,0,0,12,0,0.0,0.0,0.0,4.442025852906106,0.0,0.7675686077150302,0.9387494368255126,1.458640008049672,1.341601179309999,0,,False,being_overtaken,12,0.0,False,0.0,tier_b,B-22-05,CH-BO-CV-06,625,channel,cv,on
model,being_overtaken,10.095175976562537,1.916696623213205,-9.576327929902806,,False,,collision:boundary,True,False,57,-423.79382959840154,-89.32643078001384,0,1,0,30,2,0.0,0.05468159932068676,0.0,21.77124748152552,0.4144831267399388,0.6860367473900816,0.8875965640765495,2.0422414798954622,1.3226822794550253,0,,False,being_overtaken,40,0.0,False,0.0,tier_b,B-22-06,CH-BO-CV-07,626,channel,cv,on
model,being_overtaken,9.474066178056749,1.6611901037744503,-2.8854686619446817,,False,,collision:boundary,True,False,57,-379.96872979997977,-47.63002372276997,0,0,0,32,0,0.0,0.0,0.0,11.760499684634565,0.0,0.6867846547665575,0.8634366790053409,2.176675688588885,1.4608977854938974,0,,False,being_overtaken,32,0.0,False,0.0,tier_b,B-22-07,CH-BO-CV-08,627,channel,cv,on
model,being_overtaken,9.146459456894636,1.474073368222048,5.519243872692378,,False,,goal,False,False,54,15.331052135075254,-32.15192612932873,0,0,0,13,0,0.0,0.0,0.0,7.9387471924268445,0.0,0.7128968733669746,0.8492288282345267,1.7714513428110648,0.8177987090518267,0,,False,being_overtaken,21,0.0,False,0.0,tier_b,B-22-08,CH-BO-CV-09,628,channel,cv,on
model,being_overtaken,10.077711245109938,2.065411905633429,-9.269581231639759,,False,,collision:obstacle,True,False,28,-347.5153164476546,-19.49413370029888,0,0,0,11,0,0.0,0.0,0.0,4.8133663457528115,0.0,0.655830763121679,0.8481992053700832,2.892212819227249,1.0480983738929064,0,,False,being_overtaken,11,0.0,False,0.0,tier_b,B-22-09,CH-BO-CV-10,629,channel,cv,on
model,being_overtaken,10.553908385411221,1.6445286236483643,-4.7520507615088174,,False,,goal,False,False,51,48.294989280131404,-25.347790528660052,0,0,0,11,0,0.0,0.0,0.0,6.258713710780259,0.0,0.7740190245386412,0.9868325839239707,1.4296101276041582,1.622603380843505,0,,False,being_overtaken,11,0.0,False,0.0,tier_b,B-22-10,CH-BO-CV-11,630,channel,cv,on
model,being_overtaken,10.069005081420023,1.534551817588098,9.098256866868876,,False,,collision:target,True,True,45,-398.60797833607705,-73.08605966953755,0,0,0,15,0,0.0,0.0,0.0,18.045940659145074,0.0,0.7464099199233186,0.9741910389117442,0.821666257619145,0.5857179423776389,0,,False,being_overtaken,25,0.0,False,0.0,tier_b,B-22-11,CH-BO-CV-12,631,channel,cv,on
model,being_overtaken,9.665706666392488,1.5343236425695819,8.13629336769647,,False,,collision:obstacle,True,False,36,-405.7989321054254,-30.560473991875558,0,0,0,12,0,0.0,0.0,0.0,7.54579604737668,0.0,0.7565833355678494,0.8973697415856702,3.84311045984011,1.7620158675569824,0,,False,being_overtaken,13,0.0,False,0.0,tier_b,B-22-12,CH-BO-CV-13,632,channel,cv,on
model,being_overtaken,8.90402560213816,1.9608852618795738,-7.893296692196108,,False,,collision:target,True,True,43,-359.66638805879967,-9.04586011908536,0,0,0,9,0,0.0,0.0,0.0,2.2335457084161376,0.0,0.7739789431980238,0.978675093138869,1.4347778305115002,1.6173133316107524,0,,False,being_overtaken,10,0.0,False,0.0,tier_b,B-22-13,CH-BO-CV-14,633,channel,cv,on
model,being_overtaken,10.020634325892036,1.5697097422529702,-6.486197967087861,,False,,collision:boundary,True,False,58,-396.1017486825991,-64.61280049415123,0,0,0,28,0,0.0,0.0,0.0,15.95377789979043,0.0,0.6737942916798534,0.9130024380525799,2.1359350550545244,1.4776603765769498,0,,False,being_overtaken,39,0.0,False,0.0,tier_b,B-22-14,CH-BO-CV-15,634,channel,cv,on
model,being_overtaken,9.999999999999996,1.8746514359692283,8.068747088689715,,False,,collision:target,True,True,46,-378.37980236806163,-19.52711299047587,0,0,0,6,0,0.0,0.0,0.0,4.821509380364413,0.0,0.7999770902832716,0.9486475297923055,0.9139254088266501,1.6977408019032085,0,,False,being_overtaken,6,0.0,False,0.0,tier_b,B-22-15,CH-BO-CV-16,635,channel,cv,on
model,being_overtaken,10.136943003424781,1.5455606303359282,7.337138630819112,,False,,goal,False,False,51,21.47663884467009,-63.765573419561846,0,0,0,25,0,0.0,0.0,0.0,15.744586029521443,0.0,0.7416790913583349,0.9817088296733819,0.8228784921772299,0.6444398730899116,0,,False,being_overtaken,41,0.0,False,0.0,tier_b,B-22-16,CH-BO-CV-17,636,channel,cv,on
model,being_overtaken,10.33401265255224,1.8271139129257774,-5.859736971695648,,False,,collision:boundary,True,False,53,-418.2921304570144,-72.4263996328406,0,0,0,29,0,0.0,0.0,0.0,17.883061637738415,0.0,0.7356592424351558,0.936596187249597,2.4948288672621177,0.9827879656982107,0,,False,being_overtaken,39,0.0,False,0.0,tier_b,B-22-17,CH-BO-CV-18,637,channel,cv,on
model,being_overtaken,10.305939993402884,1.6065873276064564,-7.240453989250293,,False,,collision:target,True,True,48,-353.3116066701366,-9.605628640026406,0,0,0,6,0,0.0,0.0,0.0,2.371760158031211,0.0,0.7980966644827703,1.0156022418848345,0.9305548936459268,1.730835583587074,0,,False,being_overtaken,6,0.0,False,0.0,tier_b,B-22-18,CH-BO-CV-19,638,channel,cv,on
model,being_overtaken,10.402192092344807,1.9348478321623988,4.681644550689345,,False,,goal,False,False,48,47.846744561393585,-11.099699147639218,0,0,0,6,0,0.0,0.0,0.0,2.7406664562072143,0.0,0.8085734028908801,1.014767045801825,2.89668875587442,1.4532949687383114,0,,False,being_overtaken,6,0.0,False,0.0,tier_b,B-22-19,CH-BO-CV-20,639,channel,cv,on
model,being_overtaken,10.771617624924213,1.8489512021490029,4.753848680304266,,False,,goal,False,False,50,2.1698088645840983,-81.65785457370683,0,0,0,21,0,0.0,0.0,0.0,20.16243322807577,0.0,0.7703842320763027,0.968983660348826,1.0823049774264353,0.5542240459376858,0,,False,being_overtaken,34,0.0,False,0.0,tier_b,B-22-20,CH-BO-CV-21,640,channel,cv,on
model,being_overtaken,10.761885633842516,1.3904675412537058,6.190693404552974,,False,,goal,False,False,49,20.992842992250175,-27.831133363041403,0,0,0,10,0,0.0,0.0,0.0,6.871884780997878,0.0,0.7977179627378378,1.011174702014223,0.9439551129377725,1.5087177342212559,0,,False,being_overtaken,20,0.0,False,0.0,tier_b,B-22-21,CH-BO-CV-22,641,channel,cv,on
model,being_overtaken,9.773590545841863,1.5868576891860942,3.065748178758481,,False,,goal,False,False,49,23.547858857291544,-60.11666599221332,0,0,0,17,0,0.0,0.0,0.0,14.843621232645265,0.0,0.7799733708865146,0.9563268318135524,1.3254410004428894,0.5057105679537164,0,,False,being_overtaken,32,0.0,False,0.0,tier_b,B-22-22,CH-BO-CV-23,642,channel,cv,on
model,being_overtaken,11.504843647205808,1.8112258205705163,8.753719011218898,,False,,collision:obstacle,True,False,32,-389.6154748963946,-34.71623995907478,0,0,0,20,0,0.0,0.0,0.0,8.57191110100612,0.0,0.7203700886204332,0.9283383351835097,3.347491778433767,1.41051370287575,0,,False,being_overtaken,20,0.0,False,0.0,tier_b,B-22-23,CH-BO-CV-24,643,channel,cv,on
model,being_overtaken,8.942199609814969,1.5027708350019329,9.571458498356098,,False,,collision:obstacle,True,False,40,-468.0597390253812,-59.168741122498034,0,0,0,22,0,0.0,0.0,0.0,15.754073732548866,0.0,0.7975015384258479,0.9880682727160813,2.7453560559926022,1.90633882704116,0,,False,being_overtaken,22,0.0,False,0.0,tier_b,B-22-24,CH-BO-CV-25,644,channel,cv,on
model,being_overtaken,9.141561037287715,1.776262939679547,7.012166169995041,,False,,collision:target,True,True,42,-411.0168155139896,-89.64953403827546,0,0,0,18,0,0.0,0.0,0.0,22.21764291146157,0.0,0.76631088983483,0.9542571697452461,1.2430063491688372,0.6267937397976304,0,,False,being_overtaken,35,0.0,False,0.0,tier_b,B-22-25,CH-BO-CV-26,645,channel,cv,on
model,being_overtaken,10.538099569096866,1.8365835921259843,-5.920717294514455,,False,,collision:boundary,True,False,57,-381.75566415416233,-47.51226479151642,0,0,0,34,0,0.0,0.0,0.0,11.731423405312695,0.0,0.689068899351769,0.836442756247019,2.699923935845806,1.4096486993202146,0,,False,being_overtaken,41,0.0,False,0.0,tier_b,B-22-26,CH-BO-CV-27,646,channel,cv,on
model,being_overtaken,10.589335787781,1.6662506317375931,-5.438194114278652,,False,,collision:boundary,True,False,49,-385.5591922326425,-15.3304422836013,0,0,0,10,0,0.0,0.0,0.0,3.785294391012668,0.0,0.8301416031588098,1.0445303614955133,2.421620290659632,2.5262660007543705,0,,False,being_overtaken,10,0.0,False,0.0,tier_b,B-22-27,CH-BO-CV-28,647,channel,cv,on
model,being_overtaken,10.211876768560817,1.6535929306824677,-0.9513842344362224,,False,,goal,False,False,51,43.337839004436034,-7.603795890290879,0,0,0,4,0,0.0,0.0,0.0,1.8774804667384886,0.0,0.7856552374166549,1.0174742067006184,1.9916116262634045,2.039462578199285,0,,False,being_overtaken,4,0.0,False,0.0,tier_b,B-22-28,CH-BO-CV-29,648,channel,cv,on
model,being_overtaken,9.887516501025393,1.757429425105202,7.8151567372981035,,False,,collision:obstacle,True,False,35,-386.3641513030337,-11.892162589927759,0,0,0,8,0,0.0,0.0,0.0,2.936336441957471,0.0,0.7777876655837365,0.9258712384157903,3.683032918862811,1.993838668805143,0,,False,being_overtaken,8,0.0,False,0.0,tier_b,B-22-29,CH-BO-CV-30,649,channel,cv,on
model,being_overtaken,10.0,1.705776679673551,7.3038059103638595,,False,,goal,False,False,49,-18.549901149646175,-55.27624835459719,0,0,0,14,0,0.0,0.0,0.0,13.648456383851162,0.0,0.8018317881593606,0.970877416293399,1.9823634041138218,1.6852980319378479,0,,False,being_overtaken,17,0.0,False,0.0,tier_b,B-22-30,CH-BO-CV-31,650,channel,cv,on
model,being_overtaken,10.11024143081176,1.8089489002245418,-3.288459626170992,,False,,goal,False,False,51,63.185461889364554,-9.239629882598015,0,0,0,7,0,0.0,0.0,0.0,2.2813900944686454,0.0,0.7767399954482085,0.9661027489062765,1.6770142340333147,1.6688755598242402,0,,False,being_overtaken,7,0.0,False,0.0,tier_b,B-22-31,CH-BO-CV-32,651,channel,cv,on
model,being_overtaken,10.0,1.9153097633285976,8.970973820707705,,False,,collision:target,True,True,39,-387.77341235806534,-74.98841503866383,0,0,0,17,0,0.0,0.0,0.0,18.51565803423798,0.0,0.7754504466170229,0.992076832521279,1.3965631309627948,0.39321369126415456,0,,False,being_overtaken,23,0.0,False,0.0,tier_b,B-22-32,CH-BO-CV-33,652,channel,cv,on
model,being_overtaken,9.96597663517752,1.7064409511923877,-8.531636700817371,,False,,goal,False,False,48,-23.377696743413594,-23.21288901295608,0,0,0,9,0,0.0,0.0,0.0,5.731577534063229,0.0,0.828750465407941,1.0057235683178576,1.623725062990471,1.9440725534192498,0,,False,being_overtaken,13,0.0,False,0.0,tier_b,B-22-33,CH-BO-CV-34,653,channel,cv,on
model,being_overtaken,9.98970640920461,1.675976797229053,4.411715068252748,,False,,goal,False,False,49,34.6315172542288,-38.96337668559607,0,0,0,12,0,0.0,0.0,0.0,9.620586835949647,0.0,0.7881286863753909,1.0209150847259851,1.8434747302491121,1.260601024878693,0,,False,being_overtaken,14,0.0,False,0.0,tier_b,B-22-34,CH-BO-CV-35,654,channel,cv,on
model,being_overtaken,10.0,1.6648231791427388,9.98942629953848,,False,,collision:obstacle,True,False,34,-355.512455590903,-25.18396347688365,0,0,0,28,0,0.0,0.0,0.0,6.218262586884853,0.0,0.6801310373319446,0.8183916901084464,3.3243090484943614,1.5578167063195378,0,,False,being_overtaken,28,0.0,False,0.0,tier_b,B-22-35,CH-BO-CV-36,655,channel,cv,on
model,being_overtaken,10.657361758627347,1.5422768329665357,-7.664204667810495,,False,,goal,False,False,48,33.861785609677625,-26.146431789243124,0,0,0,7,0,0.0,0.0,0.0,6.455909083763735,0.0,0.8169242458162659,0.9717756220161327,1.2766291061445405,1.821865288389894,0,,False,being_overtaken,14,0.0,False,0.0,tier_b,B-22-36,CH-BO-CV-37,656,channel,cv,on
model,being_overtaken,10.124265293663255,1.643458977452132,-7.320117337899125,,False,,collision:boundary,True,False,56,-385.72234404895744,-65.22122277398933,0,0,0,33,0,0.0,0.0,0.0,16.10400562320724,0.0,0.6982184092533145,0.820885940855643,2.014121367321807,1.3887751757272615,0,,False,being_overtaken,44,0.0,False,0.0,tier_b,B-22-37,CH-BO-CV-38,657,channel,cv,on
model,being_overtaken,9.999999999999998,1.556808043792105,7.728243285575612,,False,,collision:target,True,True,39,-364.14372373296885,-56.79695015487949,0,0,0,19,0,0.0,0.0,0.0,14.02393830984678,0.0,0.7551607305341577,0.9655828044043541,1.7624986957374025,0.38087579578503483,0,,False,being_overtaken,25,0.0,False,0.0,tier_b,B-22-38,CH-BO-CV-39,658,channel,cv,on
model,being_overtaken,9.817306046070476,1.5824267133975944,-4.969505331107589,,False,,goal,False,False,47,20.906231179197007,-29.480024675590116,0,0,0,8,0,0.0,0.0,0.0,7.929552586590759,0.0,0.8318216866430573,0.9905719586285333,2.535159885290825,1.7654961697976101,0,,False,being_overtaken,8,0.0,False,0.0,tier_b,B-22-39,CH-BO-CV-40,659,channel,cv,on
model,being_overtaken,10.125556323056118,1.8719798176796532,7.562298772641302,,False,,collision:target,True,True,51,-378.39037893705233,-71.49450941243805,0,0,0,27,0,0.0,0.0,0.0,17.652965287021743,0.0,0.7256510996323765,0.978750507363816,1.857980172621245,0.6374509317375536,0,,False,being_overtaken,34,0.0,False,0.0,tier_b,B-23-00,CH-BO-RE-01,660,channel,re,on
model,being_overtaken,9.933657424465766,1.8991711810998815,7.771645627693946,,False,,goal,False,False,52,-61.31987669045613,-74.06546882839211,0,0,0,25,0,0.0,0.0,0.0,18.28777008108447,0.0,0.7797548077917089,0.94208549678812,1.3657188786748697,2.469928237248225,0,,False,being_overtaken,29,0.0,False,0.0,tier_b,B-23-01,CH-BO-RE-02,661,channel,re,on
model,being_overtaken,9.889649864050995,1.9798188718970813,-7.182931447677728,,False,,goal,False,False,48,49.07626428297536,-10.37834889874671,0,0,0,9,0,0.0,0.0,0.0,2.5625552836411636,0.0,0.8160517433199989,0.9521048871530821,3.5851330822073053,1.5678799654427464,0,,False,being_overtaken,9,0.0,False,0.0,tier_b,B-23-02,CH-BO-RE-03,662,channel,re,on
model,being_overtaken,9.838134110231913,1.6073830435301206,7.606140418726643,,False,,collision:target,True,True,39,-354.59595757871824,-48.645055616727966,0,0,0,16,0,0.0,0.0,0.0,12.011124843636532,0.0,0.7407832840054928,0.9706786846540398,1.3746753439876314,0.45858761031220097,0,,False,being_overtaken,24,0.0,False,0.0,tier_b,B-23-03,CH-BO-RE-04,663,channel,re,on
model,being_overtaken,10.4119118238532,1.8453796192107756,2.0444196991694756,,False,,goal,False,False,55,71.5094566641863,-13.366723586167337,0,0,0,7,2,0.0,0.0,0.0,2.9201017903824953,0.34229140780405154,0.7028562408664498,0.8821803397306759,2.8569205933618353,1.0692072594430904,0,,False,being_overtaken,12,0.0,False,0.0,tier_b,B-23-04,CH-BO-RE-05,664,channel,re,on
model,being_overtaken,9.999999999999998,2.1231303294610084,-9.909304134018297,,False,,goal,False,False,55,35.66808033977378,-65.02550841739217,0,0,0,33,0,0.0,0.0,0.0,16.055681090714113,0.0,0.6963250449505394,0.8462766595461262,1.6619531914374304,1.3724466498107974,0,,False,being_overtaken,37,0.0,False,0.0,tier_b,B-23-05,CH-BO-RE-06,665,channel,re,on
model,being_overtaken,10.0,1.6410683857900301,3.8341889581250843,,False,,collision:target,True,True,49,-349.9995025680396,-42.078074650798065,0,0,0,19,0,0.0,0.0,0.0,10.389648061925442,0.0,0.7415781208583171,0.9856251352537692,1.5354490412610955,0.4195953548002817,0,,False,being_overtaken,30,0.0,False,0.0,tier_b,B-23-06,CH-BO-RE-07,666,channel,re,on
model,being_overtaken,9.726699856298724,1.3683473913920756,-3.1107924413628973,,False,,collision:obstacle,True,False,36,-351.2263256904063,-7.402093981939939,0,0,0,9,0,0.0,0.0,0.0,1.827677526404923,0.0,0.7102983576952444,0.8739613762256325,3.2552827294251703,1.7183731534177458,0,,False,being_overtaken,9,0.0,False,0.0,tier_b,B-23-07,CH-BO-RE-08,667,channel,re,on
model,being_overtaken,9.888208635212655,1.5837145631463418,5.973963034216045,,False,,goal,False,False,51,25.62468806187931,-11.649459685293227,0,0,0,5,0,0.0,0.0,0.0,2.876409798837834,0.0,0.7897370904678905,0.9727495705746709,3.6377507837356053,2.447745224058651,0,,False,being_overtaken,5,0.0,False,0.0,tier_b,B-23-08,CH-BO-RE-09,668,channel,re,on
model,being_overtaken,9.554009289206258,1.9771335862570683,-8.91964174148698,,False,,goal,False,False,54,-5.590374213399144,-39.18940844773103,0,0,0,32,0,0.0,0.0,0.0,9.67639714758791,0.0,0.7063195926707206,0.95890560448611,2.785366327925839,0.7361418225271807,0,,False,being_overtaken,36,0.0,False,0.0,tier_b,B-23-09,CH-BO-RE-10,669,channel,re,on
model,being_overtaken,9.49956345855006,1.7230386898978356,-3.4368801559108197,,False,,goal,False,False,50,43.064655758184756,-29.975922182925203,0,0,0,18,0,0.0,0.0,0.0,7.401462267388939,0.0,0.7871004005797774,0.9180244518625533,1.9684981816038218,1.3000994942040314,0,,False,being_overtaken,19,0.0,False,0.0,tier_b,B-23-10,CH-BO-RE-11,670,channel,re,on
model,being_overtaken,10.0,1.5351782310889264,-3.5114801933301294,,False,,goal,False,False,51,57.22183570373807,-9.22721769813135,0,0,0,6,0,0.0,0.0,0.0,2.278325357563296,0.0,0.7837587061713998,0.9399027255428671,2.149838001851235,1.4302039453867428,0,,False,being_overtaken,6,0.0,False,0.0,tier_b,B-23-11,CH-BO-RE-12,671,channel,re,on
model,being_overtaken,9.558087837045521,2.0782608328785757,-9.434247459104213,,False,,collision:boundary,True,False,49,-371.99314478737944,-7.679935790866665,0,0,0,11,0,0.0,0.0,0.0,1.8962804421893003,0.0,0.8137700059679601,1.057343373011497,3.438060914159902,2.119680714819758,0,,False,being_overtaken,11,0.0,False,0.0,tier_b,B-23-12,CH-BO-RE-13,672,channel,re,on
model,being_overtaken,11.074172611742998,1.7482481642059218,8.79289557579705,,False,,collision:boundary,True,False,60,-451.55707834986447,-42.106155449602085,0,0,0,30,0,0.0,0.0,0.0,10.396581592494343,0.0,0.6657430887015813,0.8010631796216491,3.1485139898544037,1.866206042157495,0,,False,being_overtaken,30,0.0,False,0.0,tier_b,B-23-13,CH-BO-RE-14,673,channel,re,on
model,being_overtaken,10.715842148894506,1.6020027772799859,8.006497405962879,,False,,goal,False,False,52,9.706458900462025,-9.411603578101424,0,0,0,9,0,0.0,0.0,0.0,2.323852735333685,0.0,0.762324044199614,0.9273529264554663,3.3677528964342094,1.9014568967426975,0,,False,being_overtaken,9,0.0,False,0.0,tier_b,B-23-14,CH-BO-RE-15,674,channel,re,on
model,being_overtaken,9.962184763865155,1.7937008923235322,7.913044103514924,,False,,goal,False,False,53,102.31477544950619,-7.9182917218453355,0,0,0,5,0,0.0,0.0,0.0,1.9551337584803299,0.0,0.7180822802404385,0.8568805253430574,2.4678899045024045,0.7711781101400612,0,,False,being_overtaken,5,0.0,False,0.0,tier_b,B-23-15,CH-BO-RE-16,675,channel,re,on
model,being_overtaken,10.0,1.7928558818761573,7.268922183468554,,False,,collision:target,True,True,47,-387.60631831081133,-73.01987900727568,0,0,0,21,0,0.0,0.0,0.0,18.029599754882874,0.0,0.7489632266498252,1.0076786626484555,0.9642416765118649,0.5738016596259151,0,,False,being_overtaken,30,0.0,False,0.0,tier_b,B-23-16,CH-BO-RE-17,676,channel,re,on
model,being_overtaken,10.0,1.9589682271879547,2.391148402005978,,False,,goal,False,False,53,11.734030586861934,-16.03607934120819,0,0,0,7,0,0.0,0.0,0.0,3.959525763261281,0.0,0.7492523992037408,0.9231733647734435,3.415668168528935,1.777566243001585,0,,False,being_overtaken,7,0.0,False,0.0,tier_b,B-23-17,CH-BO-RE-18,677,channel,re,on
model,being_overtaken,10.0,1.987953265588875,7.8640679000367335,,False,,goal,False,False,52,25.981098637208802,-31.140906904963597,0,0,0,16,0,0.0,0.0,0.0,7.814433170455235,0.0,0.7751424148309174,1.0215063341282633,2.727215921380696,1.3398266967442072,0,,False,being_overtaken,18,0.0,False,0.0,tier_b,B-23-18,CH-BO-RE-19,678,channel,re,on
model,being_overtaken,10.161501326284435,1.516508222494266,3.3295474625973753,,False,,goal,False,False,52,40.211178670768554,-34.83262877803929,0,0,0,17,0,0.0,0.0,0.0,8.600649080997353,0.0,0.7399179796494633,0.8894391714674643,2.762745832700251,0.979939350627866,0,,False,being_overtaken,17,0.0,False,0.0,tier_b,B-23-19,CH-BO-RE-20,679,channel,re,on
model,being_overtaken,9.977474188790042,1.9426545997283227,-2.210137242425767,,False,,goal,False,False,50,65.33997749753075,-11.011781364636773,0,0,0,7,0,0.0,0.0,0.0,2.71895836163871,0.0,0.7709800309350995,0.9352746249389783,2.9324725280541255,1.208520031569669,0,,False,being_overtaken,7,0.0,False,0.0,tier_b,B-23-20,CH-BO-RE-21,680,channel,re,on
model,being_overtaken,10.880211490474945,1.9775653973867169,7.279494164863138,,False,,goal,False,False,49,55.589840795978944,-11.433220993881495,0,0,0,8,0,0.0,0.0,0.0,2.8230175293534554,0.0,0.7966074156734702,1.0166817585105927,2.0100687331059275,1.5079215963387906,0,,False,being_overtaken,8,0.0,False,0.0,tier_b,B-23-21,CH-BO-RE-22,681,channel,re,on
model,being_overtaken,9.284414321247274,1.4795497654559908,8.56953374866751,,False,,goal,False,False,49,-56.94362580317096,-71.93879558394251,0,0,0,24,0,0.0,0.0,0.0,18.13718313672768,0.0,0.818375802900754,0.9625389599031772,3.113657190974309,1.4514749924501609,0,,False,being_overtaken,24,0.0,False,0.0,tier_b,B-23-22,CH-BO-RE-23,682,channel,re,on
model,being_overtaken,10.25142389104578,1.4580395125813075,-3.7008300969021324,,False,,collision:obstacle,True,False,45,-377.8932101599472,-15.258295368509113,0,0,0,8,0,0.0,0.0,0.0,3.7674803379034847,0.0,0.6674606616752916,0.8748952858955955,3.4689612379471724,2.265921809429941,0,,False,being_overtaken,8,0.0,False,0.0,tier_b,B-23-23,CH-BO-RE-24,683,channel,re,on
model,being_overtaken,9.981898815348215,1.4935568598436841,4.097460437049527,,False,,goal,False,False,56,23.220448532125985,-26.710606025458187,0,0,0,14,0,0.0,0.0,0.0,6.595211364310664,0.0,0.7019193205492854,0.8322625312478277,2.4353515883443206,1.357463153250255,0,,False,being_overtaken,14,0.0,False,0.0,tier_b,B-23-24,CH-BO-RE-25,684,channel,re,on
model,being_overtaken,9.87979270972011,1.9900673699684517,-7.835019907526563,,False,,collision:boundary,True,False,55,-381.37917609747836,-52.031296981431844,0,0,0,37,0,0.0,0.0,0.0,12.847233822575763,0.0,0.7133766280015588,0.8648327699107279,2.6672726112160916,1.5434308512389812,0,,False,being_overtaken,43,0.0,False,0.0,tier_b,B-23-25,CH-BO-RE-26,685,channel,re,on
model,being_overtaken,10.0,1.5455291523910617,5.864480973143763,,False,,collision:obstacle,True,False,35,-374.1500173195408,-12.242816437032058,0,0,0,8,0,0.0,0.0,0.0,3.022917638773348,0.0,0.7780582132974218,0.9520208123597242,3.427403307411569,1.6698745042687313,0,,False,being_overtaken,8,0.0,False,0.0,tier_b,B-23-26,CH-BO-RE-27,686,channel,re,on
model,being_overtaken,9.95480237902196,1.3616732610879594,-4.084079477358429,,False,,collision:boundary,True,False,56,-370.95277586085626,-34.069721033812556,1,0,0,23,0,0.13101186650484864,0.0,0.0,8.252151183855199,0.0,0.6993789998301533,0.8285232919198394,2.4235129513876714,1.4049590222387538,0,,False,being_overtaken,29,0.0,False,0.0,tier_b,B-23-27,CH-BO-RE-28,687,channel,re,on
model,being_overtaken,10.027132763967446,1.6200938680221777,-8.09526659898282,,False,,collision:boundary,True,False,55,-382.0511202399732,-52.9754937055604,0,0,0,35,0,0.0,0.0,0.0,13.080368816187748,0.0,0.7134113910286425,0.8761965524506415,2.5255450981499865,1.4920514939885314,0,,False,being_overtaken,45,0.0,False,0.0,tier_b,B-23-28,CH-BO-RE-29,688,channel,re,on
model,being_overtaken,9.22375029789435,1.7961895179084084,-8.848700851483224,,False,,goal,False,False,47,22.674728300849395,-28.79481300602449,0,0,0,15,0,0.0,0.0,0.0,7.109830371857898,0.0,0.8347355742993937,1.0075711795976336,3.10938238860214,1.2266202387194753,0,,False,being_overtaken,15,0.0,False,0.0,tier_b,B-23-29,CH-BO-RE-30,689,channel,re,on
model,being_overtaken,9.999999999999998,1.3742956050900488,-5.697823439992325,,False,,goal,False,False,50,61.008633796999774,-19.087930517979753,0,0,0,19,0,0.0,0.0,0.0,4.713069263698704,0.0,0.7695346474284374,0.9720049522243828,2.787042647127431,1.390529968065524,0,,False,being_overtaken,21,0.0,False,0.0,tier_b,B-23-30,CH-BO-RE-31,690,channel,re,on
model,being_overtaken,10.318827926823985,1.676831788651854,-8.71542453543511,,False,,collision:boundary,True,False,59,-403.1166394761252,-66.34007731235478,0,0,0,32,0,0.0,0.0,0.0,16.380266003050558,0.0,0.6638969250212844,0.883968499478168,1.8006888467089637,1.7087227816752426,0,,False,being_overtaken,38,0.0,False,0.0,tier_b,B-23-31,CH-BO-RE-32,691,channel,re,on
model,being_overtaken,10.212307046829215,1.801196019311334,8.15192003729123,,False,,collision:obstacle,True,False,38,-339.61987083508336,-8.281190638102325,0,0,0,17,0,0.0,0.0,0.0,2.0447384291610673,0.0,0.5605311990521035,0.6975917032699569,3.8097025221460377,1.5146252689454935,0,,False,being_overtaken,17,0.0,False,0.0,tier_b,B-23-32,CH-BO-RE-33,692,channel,re,on
model,being_overtaken,9.407729573279614,1.5667896801118102,-7.6081580392532455,,False,,collision:obstacle,True,False,35,-390.7213867332965,-49.03778559152574,0,0,0,25,0,0.0,0.0,0.0,12.623572641635619,0.0,0.6724230102374132,0.9190558532994054,3.37500921449689,1.4947832838904709,0,,False,being_overtaken,26,0.0,False,0.0,tier_b,B-23-33,CH-BO-RE-34,693,channel,re,on
model,being_overtaken,9.999999999999996,2.0181365657865165,9.912137652137176,,False,,goal,False,False,52,35.2628614604844,-57.07261141746487,0,0,0,24,0,0.0,0.0,0.0,14.092002819127126,0.0,0.7379185482399312,0.9926720293613337,2.532800168678167,0.688662828635525,0,,False,being_overtaken,26,0.0,False,0.0,tier_b,B-23-34,CH-BO-RE-35,694,channel,re,on
model,being_overtaken,9.547504977789275,1.9810275679813487,7.063202538945724,,False,,collision:target,True,True,54,-359.7491779679817,-18.19863873580386,0,0,0,12,0,0.0,0.0,0.0,4.493491045877496,0.0,0.7587110009772101,0.9855126226203857,0.8662109058609103,1.4164756045830438,0,,False,being_overtaken,20,0.0,False,0.0,tier_b,B-23-35,CH-BO-RE-36,695,channel,re,on
model,being_overtaken,9.999999999999998,1.6305887707912565,2.986437825790329,,False,,goal,False,False,51,11.907973953546701,-60.05119381865998,0,0,0,16,0,0.0,0.0,0.0,14.82745526386666,0.0,0.7623815318883318,0.9753894820194069,1.6406337639092696,0.6619879954948181,0,,False,being_overtaken,16,0.0,False,0.0,tier_b,B-23-36,CH-BO-RE-37,696,channel,re,on
model,being_overtaken,10.037014746982145,1.723367193249801,-6.565986321707003,,False,,goal,False,False,49,37.982533807379575,-10.072956359052515,0,0,0,7,0,0.0,0.0,0.0,2.487149718284572,0.0,0.8067957457360392,1.0112937868070029,2.9782001154548032,1.4607996682032607,0,,False,being_overtaken,7,0.0,False,0.0,tier_b,B-23-37,CH-BO-RE-38,697,channel,re,on
model,being_overtaken,10.163730454285325,1.8274880848559567,8.239057201118843,,False,,goal,False,False,51,-1.7211961826570246,-13.2656865545826,0,0,0,8,0,0.0,0.0,0.0,3.275478161625334,0.0,0.7676219649270412,0.995751128184631,3.48425123895237,1.891109322245963,0,,False,being_overtaken,8,0.0,False,0.0,tier_b,B-23-38,CH-BO-RE-39,698,channel,re,on
model,being_overtaken,11.688836356459996,1.5431648209733326,7.1089566557592505,,False,,collision:boundary,True,False,60,-339.2814412462909,-14.941543478518449,0,0,0,12,0,0.0,0.0,0.0,3.6892699946959135,0.0,0.6634388051955687,0.8831794331773566,2.3795654322200375,1.7341262933737889,0,,False,being_overtaken,20,0.0,False,0.0,tier_b,B-23-39,CH-BO-RE-40,699,channel,re,on
model,being_overtaken,9.556228436019913,1.9445558297546373,6.589238433300611,,False,,goal,False,False,49,-105.94728257786258,-14.451422269066688,0,0,0,9,0,0.0,0.0,0.0,3.5682524121152315,0.0,0.8004519153572541,0.9821895348597679,1.564074433350216,1.8328639850089512,0,,False,being_overtaken,9,0.0,False,0.0,tier_b,B-24-00,CH-BO-NC-01,700,channel,nc,on
model,being_overtaken,9.333805905222826,1.6940804731597883,-8.336449556080606,,False,,collision:boundary,True,False,57,-405.02886649824336,-89.64408090062766,0,0,0,28,0,0.0,0.0,0.0,22.134340963117932,0.0,0.6890943636828616,0.8491304203421731,1.9047584900150358,1.4040057344029024,0,,False,being_overtaken,37,0.0,False,0.0,tier_b,B-24-01,CH-BO-NC-02,701,channel,nc,on
model,being_overtaken,9.999999999999996,1.7560676358278475,-8.64583310567923,,False,,collision:boundary,True,False,58,-412.09846832447715,-93.87916364794054,0,0,0,36,0,0.0,0.0,0.0,23.460196139225303,0.0,0.6745845536491556,0.7919920229769069,1.7353112609027714,1.1884897383309923,0,,False,being_overtaken,40,0.0,False,0.0,tier_b,B-24-02,CH-BO-NC-03,702,channel,nc,on
model,being_overtaken,9.556735038222397,2.0211656078634337,-9.079366362513863,,False,,collision:boundary,True,False,58,-381.2645791770136,-57.65304378246044,0,0,0,26,0,0.0,0.0,0.0,14.235319452459365,0.0,0.6753333746239032,0.8849573563754662,2.2416501157079285,1.4133289157771287,0,,False,being_overtaken,39,0.0,False,0.0,tier_b,B-24-03,CH-BO-NC-04,703,channel,nc,on
model,being_overtaken,10.629510587211447,1.692838109015696,8.671667485808129,,False,,collision:target,True,True,46,-407.19613847253527,-80.53434974739498,0,0,0,23,0,0.0,0.0,0.0,19.885024628986407,0.0,0.7281689762858136,0.9599331722306166,1.1642420550259434,1.342904954493365,0,,False,being_overtaken,34,0.0,False,0.0,tier_b,B-24-04,CH-BO-NC-05,704,channel,nc,on
model,being_overtaken,9.741503906623125,1.5280915993626074,-0.8307227561974599,,False,,goal,False,False,51,38.50966809105248,-32.34210798059056,0,0,0,12,0,0.0,0.0,0.0,7.985705674219892,0.0,0.7838095881130946,0.9337025437733089,1.6592088287356714,1.6676645792069487,0,,False,being_overtaken,15,0.0,False,0.0,tier_b,B-24-05,CH-BO-NC-06,705,channel,nc,on
model,being_overtaken,10.0,1.5929576749405012,9.21434131609211,,False,,collision:target,True,True,41,-399.09172664797984,-89.11602577395848,0,0,0,21,0,0.0,0.0,0.0,22.00395698122431,0.0,0.7297587744809011,0.9491563905482032,1.0068189824270033,0.5022078813112411,0,,False,being_overtaken,29,0.0,False,0.0,tier_b,B-24-06,CH-BO-NC-07,706,channel,nc,on
model,being_overtaken,9.985262345348124,1.8501007172156556,-1.5862896491925316,,False,,goal,False,False,53,56.90428561876566,-37.024272458305454,0,0,0,27,0,0.0,0.0,0.0,9.141795668717394,0.0,0.7282760786060547,0.908825542430647,2.6131185227404194,1.3674447584196525,0,,False,being_overtaken,29,0.0,False,0.0,tier_b,B-24-07,CH-BO-NC-08,707,channel,nc,on
model,being_overtaken,9.889257288420604,1.6607810930953832,-9.20132754577124,,False,,collision:target,True,True,49,-376.600246360769,-10.463898344560231,0,0,0,8,0,0.0,0.0,0.0,2.5836786035951196,0.0,0.8299712970131662,0.9996635478545217,1.38862593059301,2.1884366078846478,0,,False,being_overtaken,10,0.0,False,0.0,tier_b,B-24-08,CH-BO-NC-09,708,channel,nc,on
model,being_overtaken,10.0,2.115467472662786,-9.1275054579281,,False,,collision:boundary,True,False,57,-428.69878486091807,-89.67708610914458,0,0,0,34,0,0.0,0.0,0.0,22.142490397319662,0.0,0.6849322965062732,0.926696399867452,1.4501778747533762,1.1553499199960626,0,,False,being_overtaken,44,0.0,False,0.0,tier_b,B-24-09,CH-BO-NC-10,709,channel,nc,on
model,being_overtaken,10.571516889607276,1.6720698118476431,5.092688321189339,,False,,goal,False,False,50,59.91250680900945,-9.701464600299678,0,0,0,6,0,0.0,0.0,0.0,2.3954233580986855,0.0,0.7761787457157648,0.9615094797670458,1.576909313601131,1.6440136138732715,0,,False,being_overtaken,6,0.0,False,0.0,tier_b,B-24-10,CH-BO-NC-11,710,channel,nc,on
model,being_overtaken,10.157629198518656,1.98425346888397,2.554588777759557,,False,,goal,False,False,52,27.21850881411237,-73.72797485223987,0,0,0,21,0,0.0,0.0,0.0,18.204438235120957,0.0,0.7272824302655988,0.9139359955895348,1.2955094688645186,0.41543627382910675,0,,False,being_overtaken,33,0.0,False,0.0,tier_b,B-24-11,CH-BO-NC-12,711,channel,nc,on
model,being_overtaken,10.01614414099173,1.670162036801078,7.002645151168821,,False,,collision:target,True,True,46,-364.63514527195525,-19.018484005910935,0,0,0,8,0,0.0,0.0,0.0,4.695921976768132,0.0,0.776927246461601,0.9507017835798345,0.866898701114467,1.3359480187099662,0,,False,being_overtaken,8,0.0,False,0.0,tier_b,B-24-12,CH-BO-NC-13,712,channel,nc,on
model,being_overtaken,10.01027829032495,1.5468909819404986,-4.708004651273683,,False,,goal,False,False,48,36.48255622685665,-22.23233682346622,0,0,0,7,0,0.0,0.0,0.0,5.489465882337338,0.0,0.8242115615272065,1.0376396324402841,1.287012325631032,1.7220182162968192,0,,False,being_overtaken,11,0.0,False,0.0,tier_b,B-24-13,CH-BO-NC-14,713,channel,nc,on
model,being_overtaken,9.515457717040196,1.431911418108696,7.106536495085301,,False,,collision:target,True,True,43,-353.6086013264169,-27.198192873171628,0,0,0,16,0,0.0,0.0,0.0,6.715603178560893,0.0,0.7735923586001531,0.975101446053339,1.1877431619770304,1.281046199006667,0,,False,being_overtaken,21,0.0,False,0.0,tier_b,B-24-14,CH-BO-NC-15,714,channel,nc,on
model,being_overtaken,10.48321116342579,1.2337767967048168,2.098308615412698,,False,,goal,False,False,48,-29.615312024582565,-31.288483432273654,0,0,0,11,0,0.0,0.0,0.0,7.725551464758927,0.0,0.817679781354756,0.9668332479039126,2.4493229706176556,1.3574203459523202,0,,False,being_overtaken,13,0.0,False,0.0,tier_b,B-24-15,CH-BO-NC-16,715,channel,nc,on
model,being_overtaken,10.037505965075097,1.8827285556137312,5.753849198157074,,False,,goal,False,False,48,-0.5167919356864275,-40.98778919310644,0,0,0,10,0,0.0,0.0,0.0,10.60761975758279,0.0,0.8158652676243806,1.0156817403534832,2.054017567560763,1.8281085639898103,0,,False,being_overtaken,14,0.0,False,0.0,tier_b,B-24-16,CH-BO-NC-17,716,channel,nc,on
model,being_overtaken,9.999999999999998,1.6049480744493156,7.349449477400128,,False,,goal,False,False,51,11.092073401093998,-70.82996925155025,0,0,0,21,0,0.0,0.0,0.0,17.488881296679075,0.0,0.7543009126400776,0.9430007120406176,0.7312554686799854,0.5749995336804613,0,,False,being_overtaken,34,0.0,False,0.0,tier_b,B-24-17,CH-BO-NC-18,717,channel,nc,on
model,being_overtaken,10.357781496358793,1.6807035742157463,2.570955072461821,,False,,goal,False,False,49,11.108010558185683,-76.14421703124799,0,0,0,19,0,0.0,0.0,0.0,18.801041242283453,0.0,0.7697328141943448,0.9772427291265444,1.22313178843945,0.4749342458810744,0,,False,being_overtaken,34,0.0,False,0.0,tier_b,B-24-18,CH-BO-NC-19,718,channel,nc,on
model,being_overtaken,9.999999999999998,1.9885671677416474,-3.813949275593207,,False,,goal,False,False,51,70.56668265902195,-5.797300579041472,0,0,0,6,0,0.0,0.0,0.0,1.431432241738635,0.0,0.7705094589728312,0.928739129495597,1.1752010130670774,1.3231863270850035,0,,False,being_overtaken,6,0.0,False,0.0,tier_b,B-24-19,CH-BO-NC-20,719,channel,nc,on
model,being_overtaken,9.79223444759822,2.0408282049977378,-9.120097773754967,,False,,collision:boundary,True,False,55,-387.4927582472987,-59.572553849376135,0,0,0,28,0,0.0,0.0,0.0,14.709272555401512,0.0,0.7143927450544436,0.8486269381492044,2.0796104697866475,1.2658553642635486,0,,False,being_overtaken,42,0.0,False,0.0,tier_b,B-24-20,CH-BO-NC-21,720,channel,nc,on
model,being_overtaken,9.999999999999998,1.5428512106804195,-1.0623783115419023,,False,,goal,False,False,48,37.20738258381581,-31.43390351533593,0,0,0,21,0,0.0,0.0,0.0,7.761457658107637,0.0,0.7920797156081706,0.9806891015887921,2.091621470907225,1.169577734539039,0,,False,being_overtaken,21,0.0,False,0.0,tier_b,B-24-21,CH-BO-NC-22,721,channel,nc,on
model,being_overtaken,9.85976623229687,1.7152225269493724,2.855737435935005,,False,,goal,False,False,54,-19.14660304086661,-11.252033745322057,0,0,0,7,0,0.0,0.0,0.0,2.7782799371165567,0.0,0.7633830426371817,0.9330405004585208,2.2401346480812907,2.598417383898948,0,,False,being_overtaken,7,0.0,False,0.0,tier_b,B-24-22,CH-BO-NC-23,722,channel,nc,on
model,being_overtaken,9.999999999999998,1.9294297197367825,-7.386223297466614,,False,,goal,False,False,51,56.9597798123938,-10.934065762105012,0,0,0,8,0,0.0,0.0,0.0,2.6997693239765463,0.0,0.7794313989275844,1.0233419743760408,1.2335669223999977,1.7756341228368382,0,,False,being_overtaken,8,0.0,False,0.0,tier_b,B-24-23,CH-BO-NC-24,723,channel,nc,on
model,being_overtaken,10.887967509919548,1.550195118269397,-8.27115703655429,,False,,collision:target,True,True,48,-354.5452529311103,-22.516913318443848,0,0,0,10,0,0.0,0.0,0.0,5.559731683566383,0.0,0.7687733340095413,0.9573332649920984,0.8807819324296159,1.3612048292676413,0,,False,being_overtaken,11,0.0,False,0.0,tier_b,B-24-24,CH-BO-NC-25,724,channel,nc,on
model,being_overtaken,10.663301990052519,1.3104702035229767,-3.6817098961920625,,False,,collision:boundary,True,False,55,-408.383282127577,-61.99581427436232,0,0,0,21,0,0.0,0.0,0.0,15.30760846280551,0.0,0.7116038379268106,0.976793794041539,1.3951327944382073,1.4711518488974977,0,,False,being_overtaken,31,0.0,False,0.0,tier_b,B-24-25,CH-BO-NC-26,725,channel,nc,on
model,being_overtaken,9.996986108667826,1.6166228227296413,-9.557683279964767,,False,,collision:boundary,True,False,58,-373.7307536726245,-48.434004510891796,0,0,0,26,1,0.0,0.0,0.0,11.3857780044929,0.5159119094878969,0.6796136063439129,0.8659040846761595,1.5726730685204386,1.4402114110602489,0,,False,being_overtaken,42,0.0,False,0.0,tier_b,B-24-26,CH-BO-NC-27,726,channel,nc,on
model,being_overtaken,9.999999999999996,1.6741295357485322,-8.85883210450535,,False,,collision:boundary,True,False,58,-401.35741061532235,-82.81852075013357,0,0,0,37,0,0.0,0.0,0.0,20.44901746916878,0.0,0.6723248929735179,0.7757991583352389,1.8591097772467102,1.3218472921415743,0,,False,being_overtaken,47,0.0,False,0.0,tier_b,B-24-27,CH-BO-NC-28,727,channel,nc,on
model,being_overtaken,9.707579962186344,1.994245056227799,8.162250057336443,,False,,collision:target,True,True,43,-388.9623501451239,-84.04615343011187,0,0,0,25,0,0.0,0.0,0.0,20.965502771072508,0.0,0.6970996766826383,0.9068289679032551,1.2776482955636774,0.6460740978749606,0,,False,being_overtaken,37,0.0,False,0.0,tier_b,B-24-28,CH-BO-NC-29,728,channel,nc,on
model,being_overtaken,10.051383457640737,1.750885488981689,8.969076940513162,,False,,collision:target,True,True,44,-438.3532630086835,-101.00908166294829,0,0,0,23,0,0.0,0.0,0.0,26.43944565413901,0.0,0.795991272580784,0.9403047625633569,0.863787181739349,1.584456672266218,0,,False,being_overtaken,23,0.0,False,0.0,tier_b,B-24-29,CH-BO-NC-30,729,channel,nc,on
model,being_overtaken,9.999999999999998,1.6011268102900944,-6.681896567156205,,False,,collision:obstacle,True,False,30,-366.60995826408794,-32.921847684603975,0,0,0,12,0,0.0,0.0,0.0,8.128851280149128,0.0,0.7207248608926057,0.9086933185857632,2.7143721972370085,1.115994891248428,0,,False,being_overtaken,12,0.0,False,0.0,tier_b,B-24-30,CH-BO-NC-31,730,channel,nc,on
model,being_overtaken,9.949181056491254,1.6547199557512104,-9.047533260766778,,False,,collision:boundary,True,False,50,-384.41159113574224,-12.328006101274532,0,0,0,6,0,0.0,0.0,0.0,3.0439521237714895,0.0,0.8149071648280849,1.0204990918254981,1.8566893517002998,2.3928886308140647,0,,False,being_overtaken,6,0.0,False,0.0,tier_b,B-24-31,CH-BO-NC-32,731,channel,nc,on
model,being_overtaken,9.79230810832228,1.9829888233706938,0.25188225340473736,,False,,goal,False,False,48,46.69780468053393,-8.445942209699378,0,0,0,5,0,0.0,0.0,0.0,2.0854178295554022,0.0,0.8159881192890297,1.0032387549231976,2.2367927827292537,1.4144507942970215,0,,False,being_overtaken,5,0.0,False,0.0,tier_b,B-24-32,CH-BO-NC-33,732,channel,nc,on
model,being_overtaken,9.99004140727738,1.8744891642944084,8.295463489419028,,False,,collision:target,True,True,47,-378.1798540281646,-68.22983781898942,0,0,0,24,0,0.0,0.0,0.0,16.846873535552945,0.0,0.7495955667331481,0.98313605396058,1.3441613486283044,0.45642879843421413,0,,False,being_overtaken,30,0.0,False,0.0,tier_b,B-24-33,CH-BO-NC-34,733,channel,nc,on
model,being_overtaken,9.968353619665658,1.404571500479074,-6.492741499802328,,False,,collision:boundary,True,False,57,-399.14684378302724,-72.00662442077514,0,0,0,30,0,0.0,0.0,0.0,17.779413437228428,0.0,0.6876057919038674,0.8171545949161192,1.8329167476366395,1.3049911934534792,0,,False,being_overtaken,41,0.0,False,0.0,tier_b,B-24-34,CH-BO-NC-35,734,channel,nc,on
model,being_overtaken,10.825345865058214,1.7784132800067367,5.254308792979863,,False,,collision:target,True,True,47,-376.8590387120332,-16.848063357806343,0,0,0,7,0,0.0,0.0,0.0,4.160015643902801,0.0,0.8101892868686724,0.9290323278912141,0.7772479764588273,1.6740277871724978,0,,False,being_overtaken,7,0.0,False,0.0,tier_b,B-24-35,CH-BO-NC-36,735,channel,nc,on
model,being_overtaken,10.159482289928146,1.9000685884942294,-7.83488307678728,,False,,collision:boundary,True,False,56,-383.2501646192055,-59.332163687086734,0,0,0,27,0,0.0,0.0,0.0,14.649916959774503,0.0,0.6994141923752475,0.8957894691722834,2.2631642185196585,1.4304548587094421,0,,False,being_overtaken,37,0.0,False,0.0,tier_b,B-24-36,CH-BO-NC-37,736,channel,nc,on
model,being_overtaken,9.876841854514625,1.7835664258841866,4.577336411332384,,False,,goal,False,False,49,15.783904578019133,-41.666270055253285,0,0,0,15,0,0.0,0.0,0.0,10.287967914877353,0.0,0.8073622902049914,1.0340454112356265,1.1593105372974295,1.3460176856533719,0,,False,being_overtaken,23,0.0,False,0.0,tier_b,B-24-37,CH-BO-NC-38,737,channel,nc,on
model,being_overtaken,10.524710135776056,1.6833444561445865,-6.688109058467406,,False,,goal,False,False,50,45.3908163048042,-8.973558282473256,0,0,0,8,0,0.0,0.0,0.0,2.2156934030798165,0.0,0.7936099818188768,1.014596564211723,1.4818799569921381,1.7056017722528058,0,,False,being_overtaken,14,0.0,False,0.0,tier_b,B-24-38,CH-BO-NC-39,738,channel,nc,on
model,being_overtaken,9.999999999999996,1.7358621290711596,-6.757884182900751,,False,,collision:boundary,True,False,58,-372.3077156195221,-54.18398981059123,0,0,0,28,0,0.0,0.0,0.0,13.378762916195363,0.0,0.6734502112777774,0.7977224222877481,2.236495429778385,1.2922878643637814,0,,False,being_overtaken,34,0.0,False,0.0,tier_b,B-24-39,CH-BO-NC-40,739,channel,nc,on
model,null,10.0,6.402787750407577,0.4397175180479955,,,,goal,False,False,58,87.09884767879751,0.0,0,0,0,0,0,0.0,0.0,0.0,0.0,0.0,0.6715316837574647,0.9260832541233802,6.73627780167255,1.327178068420014,0,,False,never,0,0.0,False,0.0,tier_b,B-25-00,CH-NU-CV-01,740,channel,cv,on
model,null,9.756927740359394,4.731557190491743,-5.032369587205379,,,,goal,False,False,62,103.6725005371013,-7.22694303967102,3,0,6,0,1,0.6464213412082119,0.0,1.1114672619156578,0.0,0.005750057287556128,0.624797287825491,0.7880657863164712,5.860051303535553,1.1013025440185658,0,,False,overtaking,23,0.0,False,0.0,tier_b,B-25-01,CH-NU-CV-02,741,channel,cv,on
model,null,10.20609031156661,8.952642133156829,8.893581489770433,,,,goal,False,False,59,69.79743061409266,-0.6423541466987863,9,0,1,0,0,0.09299801315342754,0.0,0.05055943933036666,0.0,0.0,0.6630603386839711,0.8556358836166332,6.871109717512422,1.4430996191899133,0,,False,overtaking,10,0.0,False,0.0,tier_b,B-25-02,CH-NU-CV-03,742,channel,cv,on
model,null,9.949040465676354,6.161425379424803,1.5293254566548935,,,,goal,False,False,55,58.49835138634859,-17.024840278036805,10,0,0,0,4,2.8856741575254463,0.0,0.0,0.0,0.6090562662857433,0.7146252555304221,0.887127906632376,4.570617996124872,1.295111483457398,0,,False,overtaking,17,0.0,False,0.0,tier_b,B-25-03,CH-NU-CV-04,743,channel,cv,on
model,null,10.024859227742311,10.962511564517294,9.142703552249934,,,,goal,False,False,59,22.422637647560222,0.0,0,0,0,0,0,0.0,0.0,0.0,0.0,0.0,0.6775522214086744,0.8523179523870885,8.798150501304168,1.9298279013207111,0,,False,never,0,0.0,False,0.0,tier_b,B-25-04,CH-NU-CV-05,744,channel,cv,on
model,null,10.372229054893863,0.5357273963728372,-5.319813560635027,,,,goal,False,False,56,67.3551461147358,-2.296409718088401,7,0,0,0,2,0.40383456197917256,0.0,0.0,0.0,0.06609525250922148,0.7015790174172672,0.8629443704999186,5.22064089410574,1.4042621948229144,0,,False,overtaking,12,0.0,False,0.0,tier_b,B-25-05,CH-NU-CV-06,745,channel,cv,on
model,null,9.999999999999996,6.25032246275428,-5.682538319219743,,,,goal,False,False,64,101.48663119046373,-5.528333429774241,4,0,4,0,0,0.38981188855275406,0.0,0.9996568281772524,0.0,0.0,0.5999275670492965,0.8471723226653879,6.4386290575522835,1.069815870390356,0,,False,overtaking,16,0.0,False,0.0,tier_b,B-25-06,CH-NU-CV-07,746,channel,cv,on
model,null,10.0,3.0477160080376398,2.69249906769684,,,,goal,False,False,52,33.189746621608535,-14.304717568388696,7,4,4,0,2,1.7738956555951222,0.4282555314940958,0.7962688194470426,0.0,0.11944476495282537,0.7554318374548562,1.0037894499405224,4.9398307672290365,1.8759019004113429,0,,False,overtaking,18,0.0,False,0.0,tier_b,B-25-07,CH-NU-CV-08,747,channel,cv,on
model,null,9.381865316048694,1.7450214749076207,-2.6104002958335437,,,,goal,False,False,59,86.36189481731657,0.0,0,0,0,0,0,0.0,0.0,0.0,0.0,0.0,0.6499519604343675,0.7440626931814331,9.796027914663656,0.6461997188731108,0,,False,never,0,0.0,False,0.0,tier_b,B-25-08,CH-NU-CV-09,748,channel,cv,on
model,null,9.999999999999998,8.016092314131617,5.597294768606961,,,,goal,False,False,55,37.29990529907466,-17.515136562078986,8,1,1,0,1,3.108213038250443,0.12194074714813592,0.34313675803841287,0.0,0.06457399898171845,0.7195161313050864,0.9096883972825381,4.395051006310572,1.3501459458464191,0,,False,overtaking,19,0.0,False,0.0,tier_b,B-25-09,CH-NU-CV-10,749,channel,cv,on
model,null,9.908508065113132,1.1272331582185444,-2.8770859550520544,,,,goal,False,False,61,6.0058896903360335,0.0,0,0,0,0,0,0.0,0.0,0.0,0.0,0.0,0.6529677010567623,0.9472676457315221,8.01782492700795,1.7998441192391657,0,,False,never,0,0.0,False,0.0,tier_b,B-25-10,CH-NU-CV-11,750,channel,cv,on
model,null,10.0,5.663451138824793,-0.43088964390056894,,,,goal,False,False,60,15.58409117567767,0.0,0,0,0,0,0,0.0,0.0,0.0,0.0,0.0,0.644038840097902,0.8773091735673894,11.224492294240246,2.0128022846607596,0,,False,never,0,0.0,False,0.0,tier_b,B-25-11,CH-NU-CV-12,751,channel,cv,on
model,null,9.83162465245624,3.825723767036251,0.21125149968866808,,,,goal,False,False,55,58.37520724382538,-15.14872975896912,15,6,3,0,0,1.9330912015527337,0.8978298308101036,0.31546406910363145,0.0,0.0,0.6905574420331448,0.9144179630748323,5.047242161940826,0.30591471060832637,0,,False,overtaking,33,0.0,False,0.0,tier_b,B-25-12,CH-NU-CV-13,752,channel,cv,on
model,null,9.692211008866842,4.65353886459703,9.684145237801992,,,,goal,False,False,54,73.05479548341499,-47.867688463572335,11,19,28,0,1,1.2262752453088426,2.749037145750848,7.7683477916055095,0.0,0.04974223956600598,0.70461690111623,0.8083265360218286,3.6411391281180285,0.4535019150114761,0,,False,overtaking,34,0.0,False,0.0,tier_b,B-25-13,CH-NU-CV-14,753,channel,cv,on
model,null,10.0,6.113849389044362,2.705181684143522,,,,goal,False,False,61,144.0726272170456,-0.2597504230413763,4,0,1,0,0,0.03813159337649178,0.0,0.019721954396594993,0.0,0.0,0.6138841924266734,0.7887727894836944,6.121302903383923,0.2541866570545533,0,,False,overtaking,24,0.0,False,0.0,tier_b,B-25-14,CH-NU-CV-15,754,channel,cv,on
model,null,9.958980753787225,0.8811586963066381,4.713357731970419,,,,goal,False,False,55,43.423315734698036,-6.394579432591231,0,3,3,0,1,0.0,0.8187182903436854,0.6358224099986589,0.0,0.01176960430995913,0.7117887750937172,0.9561316795116347,5.2838874527644295,1.7753903345853466,0,,False,overtaking,7,0.0,False,0.0,tier_b,B-25-15,CH-NU-CV-16,755,channel,cv,on
model,null,10.074317906513764,1.2697132938208866,-5.3031942083467705,,,,goal,False,False,61,53.8065012984721,-17.273434261562638,4,0,8,0,2,1.9342171023497055,0.0,2.070901297758725,0.0,0.05418109622226394,0.636685745676403,0.853059171395519,5.0438324343899,1.190588121022226,0,,False,overtaking,20,0.0,False,0.0,tier_b,B-25-16,CH-NU-CV-17,756,channel,cv,on
model,null,9.59801745048957,4.908386944179392,-0.49762297187279714,,,,goal,False,False,62,147.17649256177583,0.0,0,0,0,0,0,0.0,0.0,0.0,0.0,0.0,0.6072929382782439,0.7338472605028936,4.650170143053922,0.23147751613897635,0,,False,never,0,0.0,False,0.0,tier_b,B-25-17,CH-NU-CV-18,757,channel,cv,on
model,null,9.977000651473581,7.5754217263946355,-5.412589800173107,,,,goal,False,False,53,53.336923797998935,-0.0545356267114387,0,0,1,0,0,0.0,0.0,0.015148785197621861,0.0,0.0,0.7179202029615755,0.8791482990252316,5.580230666822724,1.4600844009185656,0,,False,overtaking,1,0.0,False,0.0,tier_b,B-25-18,CH-NU-CV-19,758,channel,cv,on
model,null,10.22996474912472,5.836738371331988,0.15990718774490809,,,,goal,False,False,62,13.41667978976767,-0.4288210315457072,0,0,1,0,0,0.0,0.0,0.11911695320714089,0.0,0.0,0.6394095584327342,0.8327807567730628,9.309501099257812,2.2144937102590494,0,,False,overtaking,1,0.0,False,0.0,tier_b,B-25-19,CH-NU-CV-20,759,channel,cv,on
model,null,10.0,8.22832952092903,2.390414163937738,,,,goal,False,False,64,93.12281674075005,0.0,0,0,0,0,0,0.0,0.0,0.0,0.0,0.0,0.5991223216564285,0.6893090790961355,10.11200369288417,0.8780362435632404,0,,False,never,0,0.0,False,0.0,tier_b,B-25-20,CH-NU-CV-21,760,channel,cv,on
model,null,10.02106927958631,7.459647185639571,-1.232828717394895,,,,goal,False,False,62,32.95736563456272,-39.35958335591168,12,3,3,0,0,6.41734628748435,1.3430224940799889,0.26271052421338686,0.0,0.0,0.6410179133534244,0.9090421850532399,4.895316194313272,1.1801743415270434,0,,False,overtaking,12,0.0,False,0.0,tier_b,B-25-21,CH-NU-CV-22,761,channel,cv,on
model,null,10.0,8.119366967885577,4.449403595685155,,,,goal,False,False,62,148.6492959010642,0.0,0,0,0,0,0,0.0,0.0,0.0,0.0,0.0,0.6042558398821304,0.7327800925795868,6.961666979778992,0.330009331519646,0,,False,never,0,0.0,False,0.0,tier_b,B-25-22,CH-NU-CV-23,762,channel,cv,on
model,null,10.13162397842656,8.230408120260428,-2.328316817257554,,,,goal,False,False,59,-19.270774985849457,-15.404479836177062,6,0,6,0,0,2.187360018971524,0.0,1.2714021506300042,0.0,0.0,0.6678248688992412,0.8520193673651976,4.993406076930616,1.7168561006339658,0,,False,overtaking,24,0.0,False,0.0,tier_b,B-25-23,CH-NU-CV-24,763,channel,cv,on
model,null,10.771363692807041,10.335233724332435,5.670603287866097,,,,goal,False,False,58,71.60056003889616,-1.1645302993722155,0,0,1,0,0,0.0,0.0,0.3234806387145043,0.0,0.0,0.674731290059439,0.9112274622524047,7.539915061816117,1.3849574998148302,0,,False,overtaking,11,0.0,False,0.0,tier_b,B-25-24,CH-NU-CV-25,764,channel,cv,on
model,null,9.089542909358721,7.558785631470633,5.351561801379567,,,,goal,False,False,58,78.15288899052989,-10.029846296493805,8,2,3,0,0,1.0813772963581048,0.38418850260664833,0.7709154421161885,0.0,0.0,0.6807519676792799,0.9388869322369213,5.467467038469204,1.4355964536620236,0,,False,overtaking,26,0.0,False,0.0,tier_b,B-25-25,CH-NU-CV-26,765,channel,cv,on
model,null,9.802873732046324,2.077358894770351,0.80910469022594,,,,goal,False,False,55,-30.57826170963972,-28.83476818563251,11,0,2,0,0,5.363894110291966,0.0,0.6343034276909116,0.0,0.0,0.7192660980485355,0.9037594489498654,8.239390037400264,2.0359444964762057,0,,False,overtaking,13,0.0,False,0.0,tier_b,B-25-26,CH-NU-CV-27,766,channel,cv,on
model,null,10.0,9.473073646590532,9.307784039102255,,,,goal,False,False,60,35.11388976793154,0.0,0,0,0,0,0,0.0,0.0,0.0,0.0,0.0,0.6635284998058181,0.7952164470275616,6.05795155289042,1.571690579393596,0,,False,overtaking,3,0.0,False,0.0,tier_b,B-25-27,CH-NU-CV-28,767,channel,cv,on
model,null,9.778406845988385,3.493141033624351,0.8812177283950682,,,,goal,False,False,65,49.04476804691026,0.0,0,0,0,0,0,0.0,0.0,0.0,0.0,0.0,0.5901348526187655,0.7999865469578974,6.220454374803882,0.8829328493315468,0,,False,never,0,0.0,False,0.0,tier_b,B-25-28,CH-NU-CV-29,768,channel,cv,on
model,null,9.999999999999998,7.247432334820122,6.017558084372293,,,,goal,False,False,58,31.032057471312328,-15.070076391384037,8,2,1,0,0,2.5176112373323787,0.3807973416084032,0.20082053489643353,0.0,0.0,0.6747758259325881,0.9881993942718381,5.002811724831857,1.8740678718971084,0,,False,overtaking,8,0.0,False,0.0,tier_b,B-25-29,CH-NU-CV-30,769,channel,cv,on
model,null,9.999999999999996,6.18858364304545,6.800726541387434,,,,goal,False,False,53,79.54913182295459,-3.184989464476377,0,0,4,0,1,0.0,0.0,0.8801086799060396,0.0,0.003688492625474479,0.7248160141730348,0.9153341546600123,5.374728946190394,0.6479009382611575,0,,False,overtaking,4,0.0,False,0.0,tier_b,B-25-30,CH-NU-CV-31,770,channel,cv,on
model,null,9.079535388272458,8.004514340321212,9.12482964030795,,,,goal,False,False,60,143.2688944487574,0.0,0,0,0,0,0,0.0,0.0,0.0,0.0,0.0,0.6300179979891302,0.7625714618600241,5.9328235063562555,0.300941498633007,0,,False,never,0,0.0,False,0.0,tier_b,B-25-31,CH-NU-CV-32,771,channel,cv,on
model,null,9.970171557639121,0.07519202835094688,-2.4871344647512466,,,,goal,False,False,62,106.67690173532534,0.0,0,0,0,0,0,0.0,0.0,0.0,0.0,0.0,0.6244948204824116,0.8537964448653573,10.250426302586614,0.9007876016247572,0,,False,never,0,0.0,False,0.0,tier_b,B-25-32,CH-NU-CV-33,772,channel,cv,on
model,null,9.999999999999996,7.76756105448373,-8.072948661226713,,,,goal,False,False,60,87.0287494695632,0.0,0,0,0,0,0,0.0,0.0,0.0,0.0,0.0,0.6579767353003432,0.9170030811653106,4.780992055384711,1.4692283042006187,0,,False,never,0,0.0,False,0.0,tier_b,B-25-33,CH-NU-CV-34,773,channel,cv,on
model,null,9.999999999999996,10.052509166605219,-2.070279882713539,,,,goal,False,False,61,117.64027698468723,0.0,0,0,0,0,0,0.0,0.0,0.0,0.0,0.0,0.632726944758583,0.895484298303913,7.004556715194053,0.9481675437076739,0,,False,overtaking,3,0.0,False,0.0,tier_b,B-25-34,CH-NU-CV-35,774,channel,cv,on
model,null,9.999999999999998,14.321571631551773,-3.7533774084716054,,,,goal,False,False,53,24.70194011904296,-6.036375493044588,2,0,1,0,0,0.9703919912056345,0.0,0.34248198238241573,0.0,0.0,0.7402028302130463,1.0017201695681308,9.324168368594714,1.9696441063153474,0,,False,overtaking,2,0.0,False,0.0,tier_b,B-25-35,CH-NU-CV-36,775,channel,cv,on
model,null,9.999999999999998,0.3519106261217808,3.0560925950197753,,,,goal,False,False,64,-54.23170776953863,-116.02052754097983,32,2,5,0,0,21.87848934578829,0.45605815330940663,1.517921505679487,0.0,0.0,0.6172976927028859,0.847829223223993,4.890518012831723,2.034589315268259,0,,False,overtaking,44,0.0,False,0.0,tier_b,B-25-36,CH-NU-CV-37,776,channel,cv,on
model,null,9.377047142590444,6.457738814062841,0.8323863808067209,,,,goal,False,False,63,11.101647653718288,0.0,0,0,0,0,0,0.0,0.0,0.0,0.0,0.0,0.6143970362407826,0.7385555979607262,10.444362701799854,1.4970325314540613,0,,False,never,0,0.0,False,0.0,tier_b,B-25-37,CH-NU-CV-38,777,channel,cv,on
model,null,10.361656650873854,9.218664098656248,-3.5342608746129134,,,,goal,False,False,59,138.88020013366742,-2.1336944204444737,0,1,2,0,2,0.0,0.22918123212917654,0.18969748654527954,0.0,0.07029697107600964,0.642815186411538,0.8736717868385219,5.709765688342799,0.5029085522716361,0,,False,overtaking,10,0.0,False,0.0,tier_b,B-25-38,CH-NU-CV-39,778,channel,cv,on
model,null,10.155034379281052,9.240867542182052,6.48013666828334,,,,goal,False,False,62,119.27533029911984,0.0,0,0,0,0,0,0.0,0.0,0.0,0.0,0.0,0.6177058596439916,0.8348669031380476,10.260029807043578,1.0870707034785803,0,,False,never,0,0.0,False,0.0,tier_b,B-25-39,CH-NU-CV-40,779,channel,cv,on
