#{"t_start": 1787420832.5397766, "env_id": "None"}
r,l,t
-980.0461,98,40.167524
-979.2589,99,40.393859
-974.2961,113,43.049617
-973.00433,114,43.183254
-973.09845,119,43.802552
-968.8379,129,45.619104
-961.5702,152,50.73678
-990.3429,78,56.248558
95.973595,185,58.390141
-991.79565,68,58.797474
-978.46155,101,61.683956
-990.886,70,65.858612
-975.3733,109,68.801874
-993.40936,64,69.253884
-993.3927,64,71.249398
-992.11414,68,75.361955
-984.58026,89,77.045622
99.08883,182,81.431559
-983.24994,99,86.619223
-985.3061,86,87.178054
-983.52704,211,87.427648
-997.88196,135,98.669934
-978.6344,109,102.944489
-995.0908,129,103.182392
-995.8893,142,104.060878
-973.9883,174,104.530915
-986.8162,120,110.580381
-988.6841,136,113.133556
-981.295,148,116.143376
-992.15955,145,126.964327
-1000.09515,129,128.00783
-994.0803,144,130.790263
-1000.6412,147,132.449751
-999.59125,119,133.674788
-1007.7118,164,136.884706
-1006.9162,160,144.12306
-1015.8331,152,145.810537
-999.5761,112,154.33168
-993.20593,150,156.416052
-994.9205,129,158.952513
-1015.77814,165,160.313163
-995.0668,90,161.649557
-1005.6912,140,163.915231
-1003.2429,170,164.05659
-988.4289,109,167.219193
-990.26776,101,179.528501
-991.4627,150,183.765505
-995.8837,145,184.670079
-991.57935,106,184.670079
-1013.66205,163,190.7021
-1004.03503,156,191.722282
-1019.57434,157,193.599217
-1014.1921,161,197.556756
-996.3937,92,201.011187
-1002.792,96,203.004195
-997.0037,146,207.283626
-980.3868,131,209.373438
-999.5633,146,220.25336
-1011.8112,156,220.538806
-964.826,161,224.763503
-988.47565,147,225.83815
-985.4265,122,230.735255
-979.8078,160,231.675863
-972.2368,175,236.163179
-994.4186,101,239.32001
-1008.8261,157,239.32001
-1001.0225,126,243.430669
-988.37115,152,253.9942
-999.0402,161,256.339026
-994.107,151,259.398533
-997.1698,147,259.398533
-1002.4171,124,262.998141
-978.99524,130,264.260692
-1003.99384,152,265.253577
-985.78986,153,273.928659
-986.0764,133,280.322709
-1001.4532,126,281.743918
-1004.42065,149,289.340197
-1010.967,152,289.803923
-990.1128,135,290.834022
-969.836,151,293.017867
-993.7747,151,295.461078
-995.7099,119,297.042698
-995.5736,105,301.688641
-1013.5869,151,309.680754
-979.93304,128,314.720016
-996.83344,132,317.266391
-993.4778,134,320.064711
-985.13513,158,321.013831
-988.09247,143,326.938789
105.740135,183,334.090253
104.118,187,342.021482
-995.28656,124,343.663424
-973.91876,153,347.796239
-992.8329,136,348.801834
-992.868,184,348.801834
-987.02606,142,350.704806
-995.27386,137,355.01459
-987.0241,145,370.515469
-1003.3512,125,373.225207
-993.92224,133,374.81808
-985.90137,163,376.060009
-985.8659,141,378.715411
112.09034,238,380.403746
-983.91833,171,387.647476
-973.39386,230,392.828688
-981.25494,119,393.657762
-1002.5628,146,401.223092
-982.1075,137,402.268588
-970.78766,163,405.850052
-967.8238,169,411.85339
-989.1639,147,415.434277
112.09721,204,416.888431
106.2361,184,427.444566
-970.5218,189,427.657439
-991.01764,154,430.4122
-1004.724,136,431.537519
-980.32404,172,434.161839
-1000.8385,88,444.563937
-988.77155,202,450.163532
-993.053,109,451.769972
108.47149,200,453.033701
-991.0519,104,453.645106
-975.1827,148,458.402007
-988.12573,235,461.812778
-966.013,189,463.876498
-990.5166,134,475.731653
-994.25543,133,476.655463
-988.06866,183,478.815344
-993.34076,127,482.430256
-980.4653,133,488.894468
-973.3417,235,497.90667
105.5555,197,498.699827
-985.1846,239,499.263575
-986.17316,131,501.864347
-996.81885,189,512.312779
-1005.726,155,518.370875
99.26829,192,519.200355
-958.0042,236,525.466004
-1005.36456,145,527.303956
-988.3279,151,528.552224
-1008.01294,199,536.631746
-991.1435,210,542.601283
-981.3045,201,550.003744
-989.2997,182,553.273041
-990.4553,132,553.977863
101.19769,183,554.225761
-1000.78546,181,560.085217
-977.6104,179,561.894504
-1021.0359,166,569.322839
-1013.4572,160,574.831287
-998.9019,130,581.131988
-983.5396,149,581.363239
-983.53973,143,583.058752
-982.6427,166,587.776112
-967.1292,147,589.516087
-995.17645,161,595.165512
100.47757,182,607.365829
-992.6067,182,612.024053
-992.32825,144,612.825597
-979.55524,139,615.89128
102.82754,183,618.364387
101.603165,184,626.215356
-971.9226,261,632.714837
-971.76514,244,642.065298
-973.8089,193,643.134149
-988.5312,161,646.484125
-992.49066,102,652.809137
107.7228,203,656.977117
-979.54504,235,657.125427
-980.6744,169,658.9723
-979.74524,246,660.170407
-990.86597,138,669.022957
-991.55615,144,674.029933
-987.24506,188,678.946553
106.30101,182,686.542867
-987.3473,91,696.14957
92.91125,203,696.630382
101.32896,202,697.923691
-980.81213,224,698.970931
98.50873,183,703.905997
-985.5779,276,709.83071
-992.03107,69,716.712915
-979.72186,110,718.409657
-977.7119,105,718.409657
-975.1425,258,723.051151
-963.777,140,726.666983
-988.69257,234,732.846399
-991.2491,270,748.830444
-958.2935,221,752.034372
101.31003,194,754.60306
-997.7994,196,756.545007
104.14359,182,761.653483
-983.588,245,766.387027
104.863464,182,768.38306
-979.00867,115,774.248725
-987.8167,163,780.768889
-983.1192,296,780.768889
-979.3527,116,784.639644
101.83527,198,792.785583
-990.4833,73,794.641096
-989.80347,240,802.850744
105.36383,214,807.32867
-984.32684,88,809.888335
-978.896,100,813.525138
-976.71545,175,817.723852
-988.79584,272,819.306543
-966.0062,253,823.343028
-972.03296,134,828.515904
-992.6563,66,830.781766
-985.73486,84,835.289756
-986.9203,290,835.694565
103.30641,182,841.447796
-979.6391,98,841.447796
-986.583,82,843.283818
103.98902,191,845.381737
-973.14166,114,851.027056
-987.28735,81,856.421481
101.47688,241,859.136718
-969.1115,127,859.346945
-966.95074,153,863.707679
-965.6914,134,865.725008
-964.7783,134,870.24437
-994.86487,176,876.018878
-971.1006,122,878.481021
-977.3998,114,879.876121
-974.4057,145,886.170705
104.99687,214,892.06566
-978.8324,100,895.368621
104.521164,181,898.91382
-976.19855,106,899.808152
-980.7434,96,904.883558
100.08857,203,905.28768
-967.163,130,905.667699
106.185295,189,906.719848
-978.28766,101,910.981279
-992.99884,65,912.236602
-967.8779,126,919.350074
-1001.10504,91,921.675977
-966.9357,131,923.000954
-984.0157,87,927.006846
-970.54535,122,927.312529
-971.5068,119,934.256456
-989.69244,78,937.622522
104.31363,182,939.352366
-992.2117,68,940.2233
-973.3994,113,940.437753
-970.8813,121,944.810543
-991.1858,71,948.099388
102.858505,234,951.123878
-961.86975,142,954.966833
-972.99866,118,961.406969
-971.7509,118,963.500573
-982.4243,91,965.021679
-982.05493,93,968.867397
106.631386,182,974.94503
106.40483,184,976.37405
102.57188,182,980.646438
-977.5755,105,981.776217
-974.4804,112,985.223361
-979.71234,98,988.126504
106.3456,181,989.925792
104.306465,184,1001.123219
-980.8496,96,1007.618306
-974.6579,170,1008.943352
-969.1878,126,1009.657777
97.60901,197,1013.402924
105.48898,181,1015.926723
102.58155,182,1017.26487
100.51306,184,1024.026077
-970.0988,126,1033.736657
-973.03455,118,1035.858327
106.81494,184,1037.042185
-985.7164,86,1040.241573
105.30696,181,1042.692207
-992.79877,67,1048.468349
-989.94336,76,1051.331445
105.32739,181,1051.331445
-978.92694,110,1054.496834
-991.2837,70,1056.186546
85.92959,258,1064.83332
-985.0783,319,1071.25076
-982.2831,92,1072.531547
-972.6039,115,1073.786755
-975.31793,108,1077.06473
101.384705,181,1083.032795
-987.72437,85,1086.871539
98.66088,195,1088.506534
-965.78375,278,1092.204354
-973.1111,114,1092.734537
-968.6342,126,1096.536885
101.81763,182,1098.879429
-995.36237,69,1105.813236
-981.6549,95,1106.073372
-973.7158,125,1106.361967
-984.81335,87,1109.881836
105.75638,181,1110.921321
-992.95416,67,1111.607151
-975.6269,134,1111.745587
-981.0539,97,1115.035352
-979.0615,100,1125.556151
-994.60223,67,1128.123981
-978.54205,113,1132.073884
-968.6984,134,1132.967243
-969.67334,123,1136.354747
-965.7483,132,1137.000647
103.44461,181,1141.532405
105.053665,181,1146.64825
-987.5387,79,1147.485283
-967.36066,128,1149.794399
-977.2714,106,1152.408134
-975.3851,108,1157.543736
102.6846,198,1168.213604
-977.08307,104,1168.625039
-974.94183,109,1171.943621
97.77357,195,1175.083403
102.499306,182,1177.422161
-969.34766,126,1177.630525
104.41029,184,1184.630142
-973.3466,115,1190.296697
-980.37854,96,1190.558707
-980.6985,96,1194.701164
-964.5817,136,1194.835671
-979.2518,99,1197.361613
-986.212,82,1201.118102
99.299255,231,1203.783444
104.239136,187,1214.556716
-981.01526,97,1219.764173
-975.8809,138,1221.383051
106.065254,181,1225.298369
105.523415,182,1228.918156
101.74253,202,1229.28349
106.224144,181,1231.381497
106.158775,181,1276.399577
-966.78253,129,1292.375732
-959.4143,179,1293.003662
93.94463,214,1293.003662
101.44524,181,1298.318808
97.003586,207,1306.656444
-959.3773,263,1307.336759
-978.7053,101,1311.550681
99.50162,225,1312.580773
93.78244,204,1314.546539
-967.39545,128,1318.11025
-981.76495,104,1334.216828
100.51652,218,1336.425355
105.92923,220,1341.846619
105.098045,181,1343.075847
-962.3831,225,1351.08264
100.399765,214,1353.417179
100.27854,198,1356.36902
-978.5971,101,1359.788035
90.442635,253,1363.721862
102.36306,182,1368.103757
98.083755,197,1373.03374
-975.13776,110,1373.780824
-979.4583,99,1374.282665
99.67298,199,1380.983678
-982.9269,91,1381.16429
97.15924,194,1387.824242
-983.7271,118,1390.843117
-981.7522,93,1392.541954
105.21453,181,1395.415182
98.14114,187,1408.757503
96.393005,221,1417.774798
102.43271,181,1421.679126
92.658844,234,1425.47714
100.27679,192,1426.958222
-966.818,261,1431.04247
100.779655,212,1434.50372
89.4744,231,1435.570195
91.737114,236,1453.372381
94.81403,183,1456.958544
80.0012,220,1459.294261
103.93755,182,1460.74074
99.24405,200,1474.085695
99.21558,242,1476.248496
-963.1904,266,1477.254385
99.16586,230,1478.269862
101.74142,185,1492.318347
90.808334,213,1494.11499
-977.1014,105,1499.427454
91.782455,212,1501.670033
100.53567,181,1509.859555
96.949974,182,1514.33236
-993.1015,74,1514.999513
-968.89874,134,1519.049405
-981.8152,318,1520.799393
82.40456,266,1529.371661
100.69279,202,1541.15464
-969.6502,266,1548.07702
100.86013,187,1551.382796
102.99386,182,1556.582666
88.72538,228,1561.136225
91.243645,252,1561.340774
99.31101,232,1567.936889
80.83544,249,1579.920501
100.78097,207,1583.114713
101.18159,183,1584.419654
-977.18024,174,1586.050447
99.54554,201,1599.216116
90.10911,244,1602.988079
-968.2821,133,1604.256801
92.93675,255,1609.606109
90.869934,246,1615.283198
106.18653,206,1624.209716
94.214584,233,1628.34043
93.49628,246,1629.641745
100.53415,182,1633.61168
94.019646,200,1641.326937
99.38434,205,1647.769049
102.625565,181,1648.342238
84.699036,261,1653.874234
94.22961,192,1661.166292
-972.3487,173,1662.239645
94.90933,209,1668.461519
104.69885,182,1668.974816
100.419136,198,1687.818876
99.32716,245,1698.8373
106.01617,182,1701.04499
100.98536,234,1702.774383
-975.2762,332,1709.497086
93.90932,233,1711.003312
100.13459,206,1713.70531
-989.14124,134,1718.642515
-972.6525,344,1742.191648
-974.29193,184,1748.546751
98.934235,184,1749.733118
100.45046,223,1750.081545
103.604225,246,1753.459789
75.67108,263,1754.605296
-963.6751,191,1759.085828
101.95168,245,1765.21956
-982.3103,94,1768.773685
106.13797,222,1790.906421
-974.1439,183,1790.906421
98.348785,188,1797.250602
102.799995,218,1799.049737
-963.89636,177,1799.498066
87.87217,242,1809.334738
90.15696,230,1824.135345
96.36156,269,1829.620913
-997.19824,101,1834.228171
104.39752,199,1845.813056
97.95825,229,1846.652678
100.11431,200,1847.928376
106.46745,211,1849.891001
104.30159,259,1853.103473
97.103004,186,1868.628308
-983.0417,108,1872.509218
91.79228,221,1886.585381
96.28012,278,1895.91737
99.63953,182,1898.008599
97.08534,227,1900.633802
103.58582,239,1906.577053
-1007.695,138,1906.847818
105.8254,243,1909.896045
-977.6147,151,1925.624061
91.72694,274,1936.685946
99.41208,188,1944.503717
-974.6458,166,1946.259776
96.617645,185,1953.126662
98.50168,220,1958.311815
80.847664,277,1961.357916
-979.0339,163,1961.357916
69.92722,262,1962.090175
-990.09735,83,1979.333375
99.10432,211,1990.198824
90.30274,270,1993.074893
85.80455,249,1996.429577
106.32604,238,2004.024803
105.61328,216,2004.171285
-982.05914,137,2008.004746
83.720695,242,2012.276992
67.128975,250,2014.144294
99.52592,182,2028.817594
104.31751,183,2034.6813
99.86051,198,2034.6813
-983.07465,139,2042.188756
103.13879,182,2049.214802
95.06854,227,2049.531069
96.77122,229,2050.176014
107.554634,235,2056.572769
86.474625,230,2076.896528
101.895805,205,2077.335024
-983.3498,132,2077.479366
96.98596,195,2082.681446
68.31092,257,2087.734735
102.10412,186,2096.239855
99.542625,222,2096.798772
98.65269,264,2106.414028
97.26545,184,2115.106236
97.750046,187,2115.982166
97.444,204,2130.661216
83.60463,265,2131.480824
90.724915,247,2134.785944
97.73111,187,2135.788135
96.390366,184,2145.743156
-978.4042,142,2146.557867
103.251434,239,2146.930279
89.68929,205,2162.130785
100.07011,190,2171.835336
-981.21063,133,2173.721848
100.70534,220,2182.835472
98.0247,190,2185.302719
93.057976,262,2187.108678
88.61182,248,2187.108678
91.233604,263,2200.416962
99.95154,232,2207.404683
96.34152,196,2210.571443
102.227585,209,2214.990802
100.57516,185,2222.062914
101.29894,212,2223.700634
104.03528,198,2225.705052
94.02766,218,2230.372891
98.98387,218,2249.929608
95.05788,217,2253.354331
-977.2353,146,2255.199467
82.57279,298,2258.83051
-981.41815,169,2262.998268
92.97228,255,2264.503593
95.48256,211,2265.043005
96.112114,277,2276.015471
-980.80994,127,2278.99872
-990.58606,131,2287.987856
94.309525,227,2293.030714
103.33133,206,2298.161771
96.789825,251,2300.477851
104.08474,207,2304.232157
-981.3206,165,2307.405632
78.538826,255,2329.295514
-984.9052,363,2335.719635
93.18213,253,2338.070722
93.14054,228,2338.64186
91.405334,224,2342.356967
99.773605,195,2343.573806
97.76638,220,2344.645035
92.39945,285,2364.968974
-977.03674,143,2366.998886
-973.9813,144,2373.544689
96.37734,218,2378.993314
91.005,256,2380.318886
94.1021,211,2386.029865
93.4955,218,2386.246729
103.36476,243,2387.103853
98.66416,189,2403.72035
83.67064,230,2410.181803
98.359764,208,2415.1955
97.24501,198,2419.40153
96.69916,204,2419.402518
99.81882,193,2424.518156
95.46557,239,2433.253748
80.552124,277,2440.418472
101.86671,210,2444.914606
-972.8967,142,2446.773599
91.6717,239,2456.273828
93.58057,248,2467.427877
-974.11597,303,2473.916834
-971.948,143,2483.911046
95.69384,198,2484.72904
84.67858,269,2484.96223
-983.9292,333,2489.33682
-978.50824,330,2503.975454
77.84739,328,2508.281748
91.50358,230,2512.576221
103.62907,216,2517.616128
95.52079,206,2526.603007
95.36949,202,2526.820045
102.49049,208,2532.391373
82.66871,266,2538.859769
99.16043,195,2548.696557
96.98804,211,2606.415962
85.46896,234,2614.745396
-983.1705,327,2621.817888
71.953545,223,2628.116304
-959.18823,189,2628.249279
76.29895,267,2631.111423
-965.3746,300,2637.668967
98.4238,204,2641.110724
-986.99384,114,2645.303633
98.512596,210,2648.875808
100.02141,185,2652.63343
98.38461,190,2667.141869
98.34104,200,2669.676156
99.221664,201,2673.198648
100.92105,206,2689.277042
87.05155,212,2693.744925
-973.48083,301,2703.624909
70.85084,322,2704.025722
100.39831,188,2706.908166
87.4405,193,2711.495011
-970.12646,149,2717.617637
-994.5683,67,2720.613428
-996.8951,360,2726.324665
-973.9533,307,2728.678014
94.83461,188,2730.383972
-1003.0948,127,2736.422989
-980.4196,139,2744.933575
95.16412,243,2750.402408
86.29211,260,2754.642243
95.95889,191,2757.91421
100.31308,191,2765.899963
88.18051,211,2770.951049
95.45195,192,2782.000074
100.33355,184,2789.574323
95.80159,190,2793.589095
87.944405,242,2796.699646
66.81817,319,2797.539593
-991.68146,388,2799.864219
99.11567,205,2810.456199
101.76339,201,2819.773642
99.179756,213,2830.051212
-991.40656,340,2830.279892
100.03272,214,2834.584054
100.32055,203,2836.248307
86.7331,237,2844.757118
87.91364,256,2844.951978
95.472565,208,2849.268775
-997.89703,113,2866.918512
93.77323,193,2866.919519
96.85045,187,2871.341747
97.751274,199,2872.32827
100.49154,230,2873.877126
88.891365,297,2876.770895
99.7094,203,2888.315504
107.07159,231,2889.595045
106.44523,218,2908.530317
86.58129,243,2913.005228
100.83152,218,2915.277118
103.95888,232,2916.829916
88.63519,238,2917.277748
90.78443,245,2922.89033
94.04913,188,2925.330394
96.98897,195,2925.575654
85.54192,226,2951.686634
99.46298,197,2953.024922
-964.5541,237,2959.484072
90.5875,196,2961.72064
82.58439,232,2962.960012
98.83619,200,2964.651397
87.87237,283,2972.147901
64.746,272,2978.804731
96.51426,205,2992.559378
97.1627,226,2997.515067
95.10091,205,2999.288986
92.37017,190,2999.288986
103.219536,183,2999.71105
96.116066,209,3001.753605
-971.26697,161,3009.963188
84.291885,266,3023.222823
-977.3907,167,3024.64294
102.7684,188,3037.646871
95.3533,201,3038.083076
91.86184,214,3040.150023
96.46841,218,3041.090345
97.78602,234,3042.98249
92.650276,203,3049.868804
93.93301,192,3063.035917
-974.2696,138,3065.747076
91.17327,229,3068.569215
90.9958,194,3077.536311
92.66129,189,3078.344821
96.25877,277,3095.989366
84.90165,296,3100.979541
79.34629,282,3104.455597
102.767006,219,3110.776104
85.83079,275,3115.893154
97.266525,202,3117.502507
95.89299,210,3118.358575
83.6512,283,3121.408872
-982.33057,137,3132.238536
98.098015,202,3136.2152
94.83379,201,3141.602134
94.036026,231,3156.538709
84.5205,208,3158.29944
-995.76514,125,3160.049607
93.23344,221,3161.594711
87.03432,224,3165.006437
92.22153,254,3166.111763
95.01308,201,3170.730215
88.96376,208,3182.357774
-965.40485,168,3190.497672
-974.58636,137,3192.258824
96.96988,194,3196.320596
93.570305,220,3203.23982
95.830574,221,3204.994839
91.84547,197,3209.443146
94.49471,247,3214.38252
92.80576,232,3226.438745
95.48608,211,3229.812704
93.564255,215,3232.769149
90.18469,230,3240.558263
88.72876,200,3241.62478
101.48404,229,3249.142479
-976.7246,133,3252.338541
102.07688,200,3252.731936
83.341774,243,3256.715503
-978.96075,129,3266.553047
-978.27924,149,3269.563565
102.49302,228,3274.513178
100.355774,219,3276.094842
-981.7235,101,3286.600214
97.29801,195,3286.854702
98.72039,201,3291.36436
92.74522,205,3292.538669
87.29505,229,3300.557382
-997.77625,97,3305.529594
92.06199,201,3314.931998
90.607956,229,3315.523269
-983.3112,276,3330.456932
94.32998,224,3330.843523
93.34674,214,3333.18177
93.56863,227,3337.207917
93.67749,204,3341.119451
85.97792,216,3355.827595
-984.67566,309,3366.570667
95.77947,202,3369.608819
92.40329,202,3370.107542
98.66381,192,3371.04137
-986.5549,322,3377.15467
98.583725,212,3382.437112
82.40224,260,3387.386892
99.79031,219,3397.986054
91.57122,211,3408.966649
84.833626,232,3410.174903
96.34394,216,3410.679681
91.89506,196,3414.440988
92.59978,232,3414.895589
86.81722,221,3425.013338
94.50665,200,3426.452616
-993.0715,78,3441.224347
-964.8619,245,3446.017405
102.04296,185,3450.377728
99.02566,220,3452.222601
70.49798,225,3454.495903
86.57951,244,3457.412085
-993.9997,208,3465.175307
69.9318,295,3472.165036
101.701744,183,3476.763227
97.68621,190,3489.212166
95.45742,231,3490.643616
95.57359,217,3492.839256
84.16551,231,3499.357841
-974.3478,156,3502.205942
88.95904,233,3502.850133
98.044464,204,3515.353886
68.97796,280,3518.738986
96.960655,194,3525.656796
93.58891,196,3527.343375
91.72785,222,3534.443834
-969.3271,193,3538.858178
96.54163,217,3539.976576
86.63393,233,3547.087114
-1000.829,149,3555.188285
95.03291,211,3556.750432
91.47086,216,3561.055602
92.614334,206,3568.774257
92.15928,222,3579.572708
92.59874,216,3583.498952
93.73154,245,3588.533901
95.64155,192,3593.410578
90.55534,270,3600.659267
100.75555,245,3605.037232
76.104645,236,3606.688881
85.38211,244,3617.651869
94.69798,214,3621.143832
97.67387,201,3628.854374
86.70023,233,3630.420247
93.09121,221,3636.908268
86.04745,221,3643.847779
92.14812,214,3647.371945
96.54067,205,3647.654313
96.590965,210,3657.626248
96.20381,199,3660.389333
84.91553,212,3670.854122
100.93346,223,3671.530154
93.36911,205,3677.347152
97.55925,220,3687.609628
92.545364,202,3687.609628
81.98333,231,3692.908473
101.91133,184,3694.055045
93.65214,211,3702.138064
97.10889,200,3710.95375
-983.42694,152,3717.193065
82.051956,231,3717.193065
-975.8637,147,3722.140135
96.75669,241,3724.9465
93.37033,202,3733.710488
88.57383,253,3737.053695
83.732376,231,3746.593095
84.359344,218,3752.876264
97.07346,215,3758.934044
101.331665,237,3762.748146
87.55607,215,3765.97847
98.58343,254,3770.977521
91.390305,214,3777.868133
95.54558,247,3780.869935
90.66477,195,3784.582709
93.31604,213,3794.084312
-977.1679,269,3810.92118
79.51813,247,3814.196894
99.16291,186,3817.163511
65.39111,283,3817.991911
89.576675,234,3870.097791
93.47866,281,3872.019838
87.89349,229,3875.759321
-984.07184,123,3881.627407
84.4672,216,3882.968153
-998.5449,86,3892.987075
91.864746,205,3901.905611
94.73825,216,3907.654699
-999.07916,241,3912.272553
86.68354,213,3914.345161
92.481316,222,3914.576036
90.25445,240,3931.131491
85.67664,254,3932.105579
87.493385,216,3935.92514
95.039215,206,3941.832348
95.46425,187,3943.748465
98.28942,186,3950.46373
98.83778,213,3956.808734
-963.084,235,3959.427142
85.7158,204,3972.939921
99.45905,184,3974.042413
86.110985,230,3980.168691
97.59022,189,3981.807588
86.88955,215,3988.06017
91.99989,197,3999.418136
75.0202,248,4007.038498
-964.92883,287,4008.611537
-987.252,149,4009.751682
98.38523,203,4012.494049
74.490906,225,4017.586168
97.52193,197,4017.78828
90.169075,231,4033.241669
-985.32745,128,4034.546832
-968.49536,143,4035.488953
-1004.7269,146,4039.148772
99.50187,211,4041.513428
105.05925,182,4049.223844
94.624245,199,4057.88864
84.50694,225,4063.094531
99.06431,188,4070.775948
91.84404,218,4078.0103
86.803085,216,4078.302517
92.56504,223,4084.983493
92.52643,248,4087.710933
85.346275,231,4093.678323
97.21349,211,4098.115428
90.02075,196,4100.318869
92.59111,208,4112.059657
102.04434,184,4114.688604
97.66947,201,4117.923229
93.03964,191,4122.748916
98.011215,198,4126.852839
93.392815,201,4133.613039
103.7972,226,4143.183282
86.52741,209,4154.369277
83.27654,279,4155.013495
94.45169,231,4156.204715
102.469284,183,4158.35708
92.52893,211,4158.35708
100.89677,184,4163.290966
90.97283,199,4172.957336
-980.72253,146,4186.038616
85.72445,246,4192.782172
94.63508,203,4196.828541
72.1898,225,4202.942452
91.90725,203,4203.174517
86.19287,246,4203.774445
82.19182,257,4209.760779
93.30073,198,4211.728523
-974.8031,131,4217.92599
94.5621,200,4235.990398
89.69481,270,4239.553416
95.02861,190,4240.640505
96.43999,221,4246.639595
91.7577,217,4246.639595
91.50868,214,4252.071435
83.26439,247,4260.250499
-984.744,158,4266.318081
-971.2921,258,4268.697292
96.18361,208,4279.149609
69.03189,221,4283.291741
98.12464,193,4283.563142
94.994934,214,4287.882851
88.438705,211,4291.648601
97.98742,189,4296.960773
96.91679,229,4312.735821
95.152695,253,4315.194973
98.45942,187,4315.652633
-981.1069,131,4317.939873
92.29112,199,4321.755655
94.04741,219,4329.896931
92.757935,209,4336.67816
51.7931,301,4341.519745
97.23351,190,4353.700297
96.83045,225,4355.565572
92.99842,237,4359.835653
92.8877,239,4360.602484
92.99758,212,4362.17044
92.71796,215,4372.367704
87.05398,216,4384.219176
80.31857,246,4384.972158
98.677086,184,4390.431886
96.84441,203,4395.926592
93.24942,197,4401.771674
86.73023,230,4406.14053
-974.6797,122,4408.543341
85.01305,257,4411.052473
83.32884,236,4418.875412
100.27463,183,4420.094787
94.10341,197,4429.165911
88.79592,219,4438.172776
84.07057,219,4444.133077
97.44021,189,4445.728434
97.30455,185,4447.057677
87.51251,218,4448.162053
97.27553,198,4457.917551
99.15358,220,4460.679023
89.76398,217,4469.60808
85.06803,222,4480.65931
90.81673,198,4481.848156
89.62995,219,4487.215189
90.68277,202,4487.216218
94.14711,212,4487.216218
95.87927,231,4504.541074
90.92594,211,4510.491634
83.17975,280,4511.191571
92.50389,195,4517.995797
90.99794,210,4521.732895
97.85722,189,4523.386899
91.567406,201,4525.381579
95.32576,204,4525.82307
-970.34357,125,4535.132761
-984.6329,121,4541.086111
-982.64276,169,4542.641765
84.49457,231,4548.772789
95.99392,186,4561.869424
88.925514,227,4567.026933
85.58254,251,4570.739057
107.92685,228,4570.739057
95.4853,186,4571.888089
91.97021,195,4579.410889
90.18625,216,4584.797997
82.19987,234,4595.489586
91.82997,193,4600.329092
89.06238,203,4610.687235
99.20804,224,4611.825377
92.27678,208,4612.922965
95.72041,222,4614.984756
99.004906,197,4618.349693
92.02927,214,4627.753988
-976.4241,110,4632.56684
98.67906,204,4635.329576
98.35733,202,4639.592124
88.69916,191,4649.348893
99.75462,185,4654.567082
96.83449,210,4655.755733
96.21321,225,4656.954604
-993.187,126,4659.383932
97.38439,184,4663.723142
-983.55164,216,4673.864323
92.88271,219,4681.715645
83.73237,218,4690.613928
92.539536,208,4693.666349
87.92262,201,4697.488107
88.71217,219,4697.813227
94.229225,251,4702.763794
76.79879,216,4703.751378
97.40849,201,4711.808235
-980.12665,101,4716.590494
97.40637,201,4719.381045
94.79474,195,4727.409599
90.551636,197,4731.676065
97.08881,235,4741.950076
83.60906,226,4745.470174
90.263985,240,4749.222484
91.64004,228,4755.369766
89.493004,204,4755.586009
75.53369,238,4765.425174
87.85328,218,4769.515095
-973.427,126,4770.391218
-966.17114,233,4776.802164
91.16447,211,4784.547348
91.73714,215,4792.103339
100.78763,191,4792.856962
90.85978,198,4794.454612
-973.32117,145,4798.594119
96.226234,190,4807.615407
88.63509,222,4808.623416
95.03912,222,4819.971904
84.40332,224,4827.957113
85.597404,208,4833.938323
95.81468,215,4834.160633
-990.266,135,4835.256043
79.60861,239,4841.117542
100.49318,186,4844.015675
78.46354,269,4851.171684
91.59443,188,4856.775327
93.32314,191,4871.280845
96.61286,191,4871.417431
103.22297,185,4877.21189
85.3211,256,4877.629272
86.25696,219,4877.857656
93.30337,195,4881.823732
-982.5592,132,4881.823732
99.09625,183,4886.001833
-977.0946,140,4903.925115
94.59937,202,4908.942421
97.95693,183,4912.294411
100.657295,182,4916.01357
95.68435,245,4917.099861
89.31873,218,4923.147605
86.13269,252,4925.177363
81.71373,278,4939.746916
95.04707,194,4942.187243
98.22805,185,4945.117667
94.11581,192,4949.03475
97.8116,184,4952.258838
95.081535,199,4956.479937
99.03088,183,4961.144006
81.87198,232,4968.21085
-988.51953,130,4974.504597
-988.65247,118,4984.390406
97.348175,204,4984.92943
81.697,235,4987.673215
73.01657,271,4991.974398
91.492584,195,4994.626521
101.02505,222,4995.593132
93.48742,205,5008.452595
97.88362,186,5010.188097
-982.09937,136,5014.107475
85.517876,225,5028.176352
79.45537,241,5031.311112
100.653496,189,5032.160077
84.68459,231,5037.066113
84.75424,245,5042.3592
92.17691,201,5047.901502
97.28401,190,5047.901502
97.34134,224,5057.50218
85.080475,217,5070.418196
93.864944,211,5071.339417
85.927475,233,5076.631314
-987.1245,166,5078.826839
81.79843,241,5133.19611
93.0691,217,5134.386762
75.29201,273,5134.611116
94.56886,204,5141.859283
-985.9762,113,5144.197484
97.73864,195,5155.027184
93.92895,206,5155.769496
86.41498,217,5167.66414
93.4315,201,5172.92764
-983.6081,146,5172.92764
90.441505,220,5177.393413
97.33559,217,5184.201221
-978.90564,285,5189.945833
92.42538,199,5193.61397
-967.5577,140,5198.92963
96.69327,189,5203.132447
91.758545,256,5204.094367
-973.44763,125,5208.158834
84.50066,220,5214.747162
87.51546,246,5225.115218
101.964516,183,5225.495482
100.30763,184,5235.109978
96.909615,220,5236.606852
103.51453,183,5239.693023
91.652245,208,5243.105701
100.24289,184,5243.296258
98.02097,215,5255.43003
-981.99445,132,5261.25042
94.59667,204,5264.17173
75.5584,239,5270.697026
93.12469,224,5277.846688
99.85052,183,5278.608436
99.783356,187,5279.368431
93.11596,211,5280.325777
99.802704,183,5292.438789
90.78447,191,5302.545093
93.118744,223,5305.735866
87.68371,202,5310.380463
-981.52966,128,5317.096547
95.263504,201,5317.792385
90.07813,212,5320.180202
97.15037,211,5320.677888
83.812706,229,5325.151201
92.97697,197,5340.528926
86.95198,237,5351.890714
99.82348,182,5353.081054
91.433235,191,5354.268676
93.31025,238,5357.144245
100.54393,184,5357.145227
94.032585,191,5358.322404
102.1105,182,5361.539295
94.29488,191,5377.709615
91.66525,204,5391.379266
95.613174,197,5392.829187
90.10562,194,5394.648684
92.58072,196,5395.05439
95.39511,200,5396.913943
97.68508,239,5400.044815
-984.90857,317,5422.44803
92.685005,256,5427.209585
101.177216,183,5432.417639
88.26261,212,5432.64899
92.36202,225,5435.944718
94.77497,225,5438.194351
91.00322,228,5438.421849
92.52096,228,5443.517588
98.794136,190,5458.170086
-992.18915,118,5460.612536
94.492836,214,5468.056077
98.76596,190,5472.791662
99.104904,217,5473.759341
96.360596,231,5476.45512
102.05385,182,5477.983253
89.65937,218,5479.737216
100.39759,185,5495.948962
95.7979,219,5500.93561
-975.73724,112,5502.184995
100.17256,186,5504.560465
99.04788,185,5514.755634
96.31599,215,5515.755069
103.20799,212,5518.752661
91.73418,235,5519.058307
102.89115,184,5533.455734
95.452484,191,5542.466636
84.53661,239,5549.539047
96.27546,202,5554.429691
93.87144,200,5557.276338
94.422844,219,5558.105672
-1005.6488,309,5561.096481
79.06383,262,5568.926872
92.037674,197,5579.877511
88.97473,261,5583.452415
-986.319,143,5589.991138
101.96501,228,5594.364405
94.446434,192,5596.378948
93.7004,219,5597.167788
-969.45416,244,5605.896471
-980.36694,128,5609.236914
94.342064,209,5610.347228
92.63594,210,5620.971848
103.20769,184,5628.540752
88.88673,226,5633.179761
94.60982,196,5634.599617
86.79214,224,5638.844296
-984.9654,113,5642.387307
92.33852,209,5644.787934
95.597206,209,5649.22676
-975.4862,115,5650.679131
92.180244,250,5656.480257
-986.9149,106,5665.125065
100.76135,183,5669.498338
99.42434,228,5675.895236
91.165436,215,5683.064876
102.97816,186,5685.772076
94.697136,192,5685.906553
84.96769,253,5686.350028
87.07065,213,5697.142796
94.710655,211,5705.205237
81.86079,234,5713.749873
102.51588,182,5718.207562
97.46209,225,5719.568993
101.854675,182,5721.543734
98.33822,220,5728.418681
85.78615,219,5729.02888
96.57456,196,5734.703473
98.02503,199,5743.884478
-981.19415,136,5744.518849
-978.7472,110,5750.915893
100.474884,182,5755.36598
81.791275,211,5755.628293
93.539345,212,5771.182884
82.11253,267,5775.413898
-976.63965,113,5779.62235
97.02211,185,5784.041695
86.648384,245,5786.000584
91.441154,194,5792.833517
76.683235,228,5793.074174
95.17046,201,5798.383303
95.55034,187,5810.513947
-990.9797,128,5811.335147
-982.7985,126,5816.437605
102.599915,182,5819.592959
95.38627,229,5821.481772
98.9767,231,5825.752766
99.83941,185,5828.833914
-989.8202,116,5832.404986
98.30708,223,5841.966975
102.345825,181,5846.690063
98.67308,206,5856.606153
94.64686,199,5858.586206
105.31999,182,5860.238416
83.8608,238,5867.461877
98.00421,206,5867.863246
96.75141,193,5869.752309
84.68853,214,5887.263189
77.511765,244,5887.975118
100.55537,183,5891.622144
97.463135,208,5898.553748
93.768776,214,5902.232331
102.72701,182,5905.251822
96.27737,211,5908.906214
96.05492,222,5910.663114
99.36129,186,5923.275684
88.75817,208,5928.558087
104.55993,183,5933.712792
105.44364,182,5937.066661
61.49174,238,5937.436799
-980.3077,159,5940.927813
92.3734,219,5947.179945
95.76691,226,5952.050187
93.12392,202,5963.599966
99.94321,185,5970.544088
101.42069,182,5973.512442
98.891754,241,5976.663587
89.46535,213,5979.729127
85.55094,230,5987.216755
90.74502,253,5997.6831
94.74034,234,5998.732478
98.16964,206,6004.054495
-974.69995,129,6012.398265
87.2296,212,6017.720814
92.82924,229,6018.124619
98.749466,214,6021.400848
86.35665,271,6023.748328
92.1358,215,6040.31154
102.26929,183,6040.312556
94.88865,210,6040.688022
-975.51196,141,6050.023201
99.50644,218,6054.876185
93.744064,200,6056.927165
96.05842,218,6061.258233
91.749725,191,6061.499395
-967.61224,146,6069.059968
-972.6736,154,6079.813408
80.50779,236,6085.876623
91.050896,250,6088.926606
99.50003,182,6091.207714
100.401535,188,6094.224587
102.85769,182,6104.27033
99.88248,225,6104.963265
-989.5846,134,6112.060615
81.559425,285,6116.428787
96.63028,236,6126.086147
102.778564,188,6127.87177
99.09526,222,6133.962578
88.45201,253,6145.728649
95.15866,208,6148.226388
-976.9636,124,6154.327764
-983.73,124,6155.951465
92.824776,205,6156.400652
86.47424,254,6158.725943
94.47683,193,6158.725943
92.118324,230,6183.368155
101.1892,185,6192.464505
94.78089,218,6193.580678
-973.58496,207,6198.557697
95.50215,212,6199.10437
95.98594,203,6200.862313
-995.1111,95,6202.097551
74.86005,271,6202.99514
83.51507,213,6202.99514
-995.4004,104,6214.112776
-968.1499,144,6229.849605
100.51028,184,6233.543849
97.96709,201,6246.702442
92.144066,214,6247.821659
96.96294,205,6248.059134
87.28799,222,6248.059134
93.59823,213,6249.983417
87.43811,221,6263.619055
97.3331,193,6273.179262
-980.87964,132,6278.185626
96.932365,226,6283.742718
94.56249,202,6290.990245
85.23006,235,6300.705929
-994.23987,105,6301.188368
69.71144,248,6305.158561
-985.3588,158,6307.292536
84.66125,242,6316.406636
-983.24615,125,6318.394663
-979.16315,323,6319.063387
81.035934,260,6339.118153
94.39296,215,6344.646652
86.16743,221,6345.10236
96.89032,203,6345.487071
93.98403,194,6357.245757
85.18137,202,6357.245757
91.46813,206,6359.571148
71.34426,294,6366.651781
96.912476,194,6421.194386
102.694984,182,6425.958209
-966.59937,145,6429.694907
79.39428,203,6430.588656
92.09763,214,6431.446071
97.66928,200,6442.766264
92.001045,221,6443.821215
97.08472,186,6447.809005
95.24066,194,6459.2862
85.31509,201,6465.204962
-980.03613,190,6467.423954
97.5673,226,6474.259784
104.126305,181,6483.362537
71.32708,282,6486.39094
73.174706,222,6488.031702
93.93502,231,6488.747614
104.360085,182,6500.669372
104.015816,211,6508.642752
82.64436,281,6514.379727
96.667625,208,6514.650359
-973.15594,146,6516.728298
102.77565,182,6521.940129
100.71157,198,6521.940129
81.30378,229,6545.298152
80.26948,295,6545.449898
95.66138,205,6548.662655
100.7828,185,6550.588064
67.76156,217,6556.907453
94.89808,203,6557.13582
99.07112,183,6558.281613
105.236664,185,6558.778455
88.21719,195,6587.734362
91.83744,226,6590.875502
83.358734,231,6591.759617
102.48589,182,6594.935764
98.168755,218,6594.935764
96.26134,194,6596.099143
98.17672,213,6599.47605
92.68905,220,6602.079566
-971.36096,122,6617.36169
-976.57855,144,6619.0901
-986.0269,112,6620.591207
103.72375,182,6625.890669
-983.2401,130,6627.1747
92.00228,195,6631.900375
89.25619,234,6633.302244
94.8711,200,6634.310933
98.23084,223,6661.098846
94.00333,219,6663.269308
88.48273,246,6666.311983
-988.6385,224,6668.85372
94.49192,212,6672.996545
96.14316,212,6675.76307
89.057304,249,6675.76307
96.45677,217,6675.76307
97.92141,207,6705.568447
-975.71027,180,6708.902564
90.31464,212,6708.902564
99.16907,183,6714.508296
102.09425,183,6717.520619
78.31176,231,6718.799903
95.666176,218,6725.384074
75.92377,261,6735.905146
-972.56116,136,6737.496296
95.77518,207,6758.830855
81.83615,232,6759.512495
88.684135,236,6760.375798
94.275116,212,6761.935292
94.633286,210,6762.269374
97.570984,183,6762.633857
97.42792,185,6774.505624
96.59905,218,6779.201317
-974.99994,170,6792.259144
104.08166,181,6798.078
96.8303,187,6800.034955
95.56435,220,6806.622463
101.57173,236,6806.974845
103.44372,181,6809.595348
86.28006,274,6813.495154
89.31849,214,6820.906822
102.45717,182,6835.803767
95.96738,241,6838.872792
102.04297,242,6844.672718
92.3615,208,6846.308096
93.34984,211,6847.490339
-988.74835,169,6852.174772
85.60986,239,6854.7652
95.19039,220,6854.976115
100.27876,184,6870.477905
-975.94836,167,6879.001427
85.817215,211,6879.221802
99.18359,183,6879.436572
-967.0895,181,6880.57321
-982.0668,165,6886.840111
98.45157,208,6895.880795
98.620316,228,6897.110723
-987.2125,131,6905.128157
104.38435,218,6912.041726
-962.71747,185,6914.75136
87.05114,212,6920.88511
84.840195,223,6929.777506
101.95763,184,6932.077509
83.57335,269,6932.360915
102.69486,182,6939.731373
85.7304,255,6945.259722
93.3346,217,6955.028429
95.397865,216,6957.472875
92.71698,200,6960.101462
87.94043,201,6971.788121
99.32935,216,6972.54156
105.85155,214,6974.532169
-987.9632,105,6978.193007
98.99782,211,6981.579058
95.526306,202,6994.009668
-981.3827,134,6998.371934
94.847206,210,7000.454873
72.01477,296,7002.230789
95.5193,214,7016.117554
89.3211,206,7017.950269
91.96039,244,7019.231738
87.79654,224,7024.549264
95.11772,209,7035.269637
99.91235,182,7036.319423
94.87336,203,7038.392476
93.50533,196,7040.868988
-982.02875,111,7056.64514
94.61948,213,7058.298615
91.952934,209,7058.931323
92.66755,236,7061.607266
97.92948,202,7063.449396
104.43524,182,7073.616412
104.14457,181,7076.040985
90.653305,239,7081.888135
99.201584,183,7094.379796
-982.8658,127,7100.121703
83.863434,217,7101.54359
85.47369,236,7102.985354
77.88324,236,7107.958544
88.64459,229,7108.257978
-976.7879,216,7115.426426
-977.24445,110,7122.84835
84.35344,229,7125.125606
97.63388,192,7131.783998
103.19487,183,7145.46282
95.35736,192,7147.788349
-981.47174,95,7153.137438
94.114624,252,7155.231913
97.63163,222,7163.766364
74.27797,300,7164.006233
100.27517,182,7167.300776
95.52892,205,7169.586849
-968.8107,164,7183.506798
97.87962,205,7201.093156
-974.1289,153,7201.943284
102.64894,182,7203.281913
84.64214,253,7208.289338
94.71924,202,7208.880731
89.36095,223,7210.255576
100.45301,186,7221.115518
-982.5386,348,7222.856521
99.382996,187,7236.879839
104.427155,183,7238.133764
-983.786,117,7242.639937
104.24015,182,7245.552006
97.505295,232,7246.151511
86.23733,205,7248.500604
104.2017,212,7249.219666
95.75752,224,7265.532565
90.756004,199,7280.801804
91.29504,226,7281.214365
83.26396,253,7285.228428
99.71598,230,7290.234047
76.90873,236,7290.553648
74.537094,220,7291.181115
94.36706,232,7293.281852
96.945435,220,7307.102611
91.062195,198,7319.248047
94.215,205,7319.945964
95.17018,200,7323.880286
101.963394,184,7326.278994
97.58989,214,7332.50009
98.609795,222,7334.689649
95.27621,218,7335.748512
101.001114,182,7342.810346
-979.9725,146,7348.688157
-975.15857,130,7349.31144
-968.9487,141,7359.932718
-964.33636,141,7369.794719
91.39518,262,7370.517769
93.047295,243,7373.929184
78.24217,231,7380.629793
-968.3429,251,7383.078701
-984.88525,97,7389.515237
86.04029,213,7390.938796
69.20714,235,7394.781115
87.24307,224,7402.692358
93.06552,218,7412.155108
94.32249,211,7414.213236
-998.52136,90,7420.0363
95.70338,217,7422.319543
96.161705,208,7423.619176
95.77163,238,7434.21081
90.51132,221,7436.766932
72.035515,241,7436.960302
91.940315,199,7451.111423
95.69118,205,7453.368185
103.55179,183,7458.483824
-977.7545,147,7462.729553
88.97677,232,7464.575168
99.96446,234,7466.794587
91.25271,236,7481.474205
77.94116,242,7482.834325
105.29451,181,7488.053665
103.52935,182,7497.369407
103.33299,184,7499.890867
95.28695,217,7500.107097
62.63596,258,7500.623585
96.109436,210,7507.268493
88.7155,221,7525.127732
93.784195,219,7525.931258
85.01822,197,7526.803387
103.23913,182,7535.94363
93.88445,192,7536.755619
95.74357,222,7540.89
84.73165,231,7545.077154
98.87998,223,7550.791756
88.490265,198,7564.53193
96.083885,209,7565.844015
92.433304,231,7571.179166
-973.68506,115,7573.151069
-983.0038,175,7579.336059
95.27689,243,7583.375015
86.12651,261,7592.05589
74.641624,291,7594.279121
104.04533,181,7602.270493
-982.8544,136,7607.413558
-993.8341,163,7616.288852
82.782326,226,7617.050902
95.143,235,7620.308648
57.82568,281,7620.447294
96.512314,191,7632.625988
93.95168,212,7634.482989
98.70752,209,7643.62255
93.73507,206,7689.158419
87.37944,228,7705.235199
70.91557,233,7712.702633
81.65436,233,7713.308256
90.88893,257,7714.102148
78.11922,226,7727.581756
98.89696,183,7730.535426
86.27937,228,7730.710462
88.80133,234,7743.770689
-980.9868,138,7743.972579
89.261284,193,7754.03296
84.79843,221,7759.862627
78.62484,259,7763.805439
99.842636,187,7767.394387
83.27637,201,7767.797929
93.24556,210,7770.433265
99.08242,198,7782.620155
96.58879,212,7785.082374
92.86252,218,7802.729437
92.52382,256,7804.707586
89.29119,212,7807.898193
-973.70734,138,7809.671201
84.807846,237,7809.671201
85.83202,199,7809.89719
94.15375,228,7811.347158
104.26038,182,7820.823784
-978.5574,180,7836.417363
105.73281,181,7843.21727
87.09029,208,7844.308137
95.84983,191,7845.308672
95.79142,218,7848.429202
94.92809,200,7848.429202
98.58593,213,7849.122243
76.919495,255,7868.093107
93.06281,210,7875.114523
93.502045,215,7883.450363
104.65186,212,7884.540528
83.38414,224,7886.000078
93.79704,208,7888.335975
101.055626,223,7889.747602
-983.0661,122,7890.145673
85.18208,270,7898.572197
95.70442,198,7912.212966
90.41924,214,7922.388827
104.40519,182,7923.334211
91.33177,219,7924.851721
-974.9234,142,7924.851721
98.62827,186,7924.851721
92.97023,219,7928.883146
79.58256,254,7933.860812
94.25222,217,7952.953401
96.660934,184,7956.633981
103.98868,183,7957.383532
-963.5094,165,7959.224805
90.430405,194,7961.68447
96.574646,198,7962.595266
97.369804,205,7964.241737
96.127495,185,7969.076519
96.22356,213,7999.513746
94.68192,191,8003.110244
91.87676,202,8003.895097
95.0255,212,8004.950377
89.030785,195,8005.804886
94.832405,197,8007.051515
84.61267,196,8013.476778
80.634224,267,8024.003295
101.68581,182,8042.178907
97.167114,204,8049.290837
83.33072,229,8049.782402
89.244545,219,8051.410928
94.28154,204,8051.889088
88.91542,211,8052.161979
95.71829,194,8065.968798
92.673874,261,8069.472787
-990.4733,117,8074.337534
-980.41437,173,8088.691201
92.17825,234,8092.748574
91.26826,212,8094.489882
96.96891,223,8099.33104
-984.7253,128,8102.053064
101.11643,184,8105.286884
104.74088,183,8108.921508
87.84246,280,8110.33727
96.96009,215,8136.086858
-982.5904,138,8141.581584
91.73071,196,8142.331497
88.14918,226,8144.176054
93.32327,196,8148.49518
66.99847,276,8153.332797
75.21155,286,8164.353271
66.04337,289,8171.252332
102.048645,184,8180.117518
99.76594,215,8180.998424
89.12026,205,8186.781575
98.72695,221,8188.35363
93.8769,196,8188.880446
104.63185,182,8190.512599
98.25709,203,8206.575477
93.081055,197,8213.007365
106.0307,192,8222.039227
-987.191,178,8228.178843
89.44269,199,8230.721411
100.26897,205,8233.491948
89.872505,216,8238.246196
91.395386,266,8239.231051
104.07363,187,8254.003537
96.68302,192,8262.910608
71.10423,267,8264.518413
86.521286,228,8277.196186
97.566055,225,8281.888768
101.22151,204,8281.888768
99.3025,244,8282.670449
102.73302,217,8284.818086
101.394035,202,8296.871543
99.73945,209,8307.174113
86.80182,220,8312.214758
92.742165,208,8321.46291
99.59049,185,8322.160088
-982.00995,133,8326.204236
92.6299,212,8327.197323
95.952835,202,8328.412662
79.41492,226,8329.768667
-996.287,107,8344.677041
101.81738,184,8347.253918
-981.5806,100,8348.549594
77.22396,214,8357.817098
104.57398,183,8360.593191
100.32077,182,8368.774749
96.98531,211,8370.371905
76.03015,223,8376.080877
95.85296,183,8386.096497
93.492584,227,8393.373139
-986.0046,127,8397.873044
93.60677,236,8398.405163
95.53587,206,8401.345252
80.661674,236,8410.905785
82.63242,251,8421.321273
104.70084,181,8424.136316
87.604095,238,8425.82557
-981.8592,192,8437.875221
76.01232,221,8440.195623
79.42842,230,8446.488087
60.427082,245,8452.46177
91.72274,217,8466.553442
90.39821,272,8467.013475
85.64259,223,8470.517935
94.2383,253,8478.481387
90.206894,210,8482.967427
82.053566,225,8484.361655
98.687546,217,8491.350157
99.08036,217,8496.8617
96.73687,184,8505.770233
96.35092,203,8509.337353
92.838844,197,8511.791377
-984.8936,186,8517.490092
77.28106,245,8536.888762
104.88575,183,8537.08269
87.10344,258,8537.887213
90.21378,224,8539.009831
101.33251,182,8543.564272
-978.7666,144,8547.191935
99.414055,207,8553.769918
95.18199,243,8557.776304
93.55079,194,8572.843934
94.99868,189,8574.29954
91.44308,202,8575.831835
90.259735,243,8581.967811
95.018135,191,8582.845099
95.721115,214,8583.066995
96.198,197,8590.325384
93.637856,209,8597.407165
95.1195,208,8611.511351
95.23647,213,8614.834788
100.74625,183,8616.73562
75.096634,242,8618.893024
91.29671,202,8620.744303
92.636856,221,8623.182524
84.899475,219,8631.340892
88.4917,208,8636.343644
94.86374,184,8651.174739
84.71147,230,8654.415895
94.28216,201,8657.180467
87.08235,199,8659.785143
94.68647,251,8662.059073
98.82592,232,8664.503933
96.74241,194,8672.642078
87.117004,226,8673.264889
103.389,181,8685.028784
92.924934,209,8696.051069
85.62794,203,8702.069819
79.686,271,8705.6617
87.30236,236,8706.746118
94.92128,190,8709.248974
67.33575,277,8711.856445
91.80118,212,8712.092512
87.349495,220,8726.233518
-976.7499,143,8738.266618
98.93074,250,8741.661978
103.44869,182,8742.075533
88.79353,220,8742.235437
98.00937,183,8745.603871
90.658585,237,8750.640536
94.42357,256,8752.873426
-965.628,139,8771.615572
80.94787,254,8773.011917
87.636604,200,8775.713108
104.891914,182,8776.109081
94.42634,195,8778.990844
94.24601,204,8780.832886
81.2628,239,8793.756125
62.880016,229,8794.595846
93.24002,194,8811.74419
83.307205,212,8815.135329
100.6229,189,8815.377984
84.06003,232,8815.621015
88.845566,217,8818.965728
84.52754,289,8825.293759
101.86744,184,8828.513051
98.14122,201,8833.111308
-981.8509,144,8838.885752
104.94727,183,8850.353129
95.56283,209,8854.088894
91.0371,202,8856.269027
89.14469,194,8861.270519
90.654305,254,8862.537178
95.6633,221,8869.689698
81.368355,218,8878.984344
93.26518,252,8879.451398
95.898285,194,8886.481901
94.42864,195,8893.291161
97.342995,211,8893.796549
90.50079,218,8904.411711
91.278915,238,8906.305467
93.84747,196,8906.876009
99.37347,182,8913.786205
100.761696,181,8913.922503
98.686966,216,8927.273792
-986.46545,180,8928.014507
-984.47327,125,8930.181169
-989.91644,107,8934.835992
90.00541,241,8938.810771
93.99619,184,8941.4742
-972.05133,150,8941.89484
84.709145,222,8990.311887
-983.4541,136,9000.025012
97.29758,184,9006.347099
100.65256,185,9013.405257
84.664406,220,9014.190517
93.25956,189,9022.324585
85.93012,244,9029.428457
86.518425,236,9030.257758
95.15376,223,9032.242852
96.37026,197,9036.893475
93.44044,214,9045.992312
90.47344,207,9052.759573
103.87404,182,9056.985875
91.83306,230,9057.466788
104.62521,182,9064.248045
96.42035,199,9068.100597
91.536865,213,9072.583425
82.31555,202,9075.260602
89.28902,211,9086.030829
95.323456,184,9087.146924
94.56693,222,9098.021261
85.91458,225,9105.01107
97.55608,206,9105.933892
93.357834,270,9106.403172
95.561844,186,9108.689087
-961.488,207,9110.745023
104.49417,183,9121.278093
98.09424,185,9122.200528
-970.96967,134,9123.456
-975.5565,151,9136.219976
103.570694,181,9140.881714
103.67993,212,9152.237294
66.47163,241,9152.917153
68.81817,253,9158.304798
93.603455,193,9158.91569
88.16127,203,9159.426938
96.766396,184,9170.64696
84.184685,275,9175.425807
93.16808,204,9178.926171
96.244644,184,9186.612366
96.69555,187,9187.714264
77.94224,222,9200.589456
89.6066,243,9204.42101
90.888214,207,9208.28138
82.880066,276,9208.986598
96.09516,195,9211.252349
105.22513,181,9211.78542
104.84219,184,9220.569201
95.45543,200,9224.431413
106.152115,181,9242.621922
97.99243,234,9243.109849
104.80263,183,9245.161
85.11417,226,9245.83184
97.072105,203,9249.347591
97.73708,189,9254.9529
92.14744,206,9262.245721
-983.9397,116,9263.229007
64.0229,334,9269.343101
-972.78595,143,9271.970142
103.86841,182,9276.465617
97.76614,245,9290.580769
91.37731,213,9293.692455
104.39126,184,9296.195
88.54211,275,9299.757985
94.21251,206,9301.989736
101.64567,181,9303.90592
94.58497,231,9315.916935
93.11898,209,9316.109517
93.28769,188,9327.277762
90.7332,197,9331.309651
88.61563,198,9334.069684
83.24757,211,9339.57697
96.02922,219,9343.065452
88.12353,229,9346.154597
96.644485,189,9351.3706
93.648926,199,9353.535305
-973.07715,151,9363.861499
89.385895,194,9364.615273
93.67901,198,9370.79976
103.705315,181,9379.665767
97.99399,225,9384.066773
92.06262,203,9387.027522
88.34118,202,9391.291267
101.743866,181,9397.791561
90.61829,228,9397.791561
-989.26764,117,9400.944299
101.09399,219,9405.896541
83.775246,244,9417.733964
96.80522,187,9423.177197
97.27104,229,9429.185727
81.77664,238,9438.819841
89.23581,201,9438.819841
97.97146,219,9441.92114
103.73317,181,9442.627869
74.22084,244,9449.710892
92.851494,189,9454.428949
94.44427,204,9462.347924
97.34485,184,9463.251162
-983.48224,129,9465.494423
103.55129,184,9472.010078
90.42378,211,9476.779972
101.832306,211,9481.062339
93.04799,200,9485.774486
-1001.50757,113,9492.502142
105.10414,181,9495.469674
91.65759,198,9500.196419
87.391785,254,9501.212707
-971.6525,136,9505.795891
85.28884,241,9510.061615
92.80717,234,9520.03186
104.883385,184,9526.317675
-978.51825,174,9526.721803
89.246284,248,9531.777867
-984.0592,134,9534.741595
92.56598,197,9535.724531
105.03081,183,9539.881223
89.46448,223,9541.503764
105.753,181,9562.365383
97.74891,219,9562.764639
86.17257,229,9571.035376
99.59912,203,9573.423074
82.70923,220,9573.849528
89.19282,198,9573.990795
104.67662,184,9577.729057
93.69467,206,9580.139483
104.00239,181,9598.276823
-970.15497,142,9600.489767
-974.9326,193,9600.489767
-981.89496,137,9602.305695
-978.24316,151,9604.664274
84.0568,209,9616.263005
90.21509,200,9617.565229
95.620285,200,9620.137569
-969.2368,147,9628.75782
92.63715,194,9635.272276
90.35918,199,9637.712854
95.23871,212,9642.56067
89.23534,231,9647.706709
95.667656,183,9649.896284
101.321915,181,9651.595611
94.273315,190,9655.563557
95.01741,233,9671.716059
-995.3078,91,9672.15067
93.771774,199,9674.785492
97.7863,216,9683.025544
88.180786,217,9688.602647
93.05617,205,9690.394433
-985.3215,299,9691.422314
65.807556,229,9693.349648
-984.4452,115,9704.554994
87.16834,197,9708.678371
92.55045,201,9709.769342
93.22992,189,9710.549458
-982.4265,144,9716.964095
89.434654,196,9724.554051
89.650276,200,9728.267678
93.73272,193,9729.207511
101.727875,181,9742.978525
94.55586,207,9743.548824
90.14245,202,9748.647492
-988.17615,132,9753.812792
81.153015,262,9758.619635
90.30533,198,9762.296521
77.91935,200,9766.223785
65.80423,314,9780.024048
98.836716,200,9784.976249
86.60895,228,9790.075968
71.88987,214,9793.68237
-972.04706,162,9802.938952
76.64847,208,9804.757929
-968.907,135,9808.501591
-993.88165,103,9812.126827
74.96471,299,9818.564095
69.907364,200,9826.238359
-979.93384,336,9835.266526
97.87065,221,9838.947124
104.55013,182,9839.713804
94.608864,210,9850.404625
77.16087,237,9851.849761
88.27103,194,9855.862244
76.14303,254,9862.890018
87.544,200,9865.210206
102.19851,182,9869.008921
91.68803,209,9878.759884
101.01552,242,9884.287225
103.65471,181,9885.549904
80.44312,223,9891.12633
94.26634,191,9891.12633
101.47766,183,9898.217819
91.12947,196,9898.431563
101.813705,221,9909.680764
93.67939,191,9914.58524
97.00952,189,9921.117216
90.69859,205,9926.692646
94.902466,191,9930.83213
89.23765,194,9938.46407
89.60621,204,9940.874519
69.31187,254,9942.796225
82.42642,202,9952.002922
97.657936,207,9957.478493
104.16124,183,9962.936444
84.8108,219,9964.597763
83.45898,216,9971.051054
95.58814,184,9974.897509
-974.5435,147,9984.784713
89.14827,231,9986.143631
99.00797,259,9987.582262
92.93769,196,9988.595999
90.43628,198,9999.38397
-983.2569,191,10001.043499
90.66316,202,10010.088828
97.7364,183,10010.334774
93.190605,194,10021.642406
95.551796,184,10023.650218
91.37973,195,10024.710683
90.28635,204,10025.342717
-985.60614,108,10030.101577
97.444305,188,10035.824176
83.90754,225,10041.514491
92.814545,188,10044.836711
-981.2932,128,10045.558952
92.93306,189,10057.844638
95.16448,198,10060.94568
94.227135,205,10068.039173
79.9511,236,10068.338639
100.50955,183,10079.405616
88.66509,242,10081.364133
101.232216,211,10084.203279
82.71256,229,10084.431999
-978.91895,150,10096.530953
84.62426,208,10097.15986
-995.5995,70,10097.300881
95.768265,186,10102.538724
100.105225,230,10103.698356
-961.9492,162,10109.295849
-972.3594,150,10112.195855
93.782524,192,10116.695352
97.74477,183,10131.094234
89.726875,193,10133.142336
85.99792,211,10135.68293
98.39249,189,10138.986745
68.72137,206,10141.643883
103.493645,182,10143.550051
99.08671,181,10146.17282
90.5754,210,10155.92154
92.00595,205,10169.763665
92.61561,207,10172.189583
-968.813,163,10172.189583
104.36213,183,10174.029216
93.97281,185,10223.903193
91.9379,194,10226.805887
79.83297,279,10233.646772
73.62256,200,10239.448813
-988.7261,137,10240.677224
94.921455,186,10254.273156
95.69695,216,10257.787667
91.03282,224,10259.478203
91.00619,201,10265.349245
89.74264,224,10265.753905
94.06206,211,10272.503091
94.42687,211,10278.679802
95.360245,204,10279.312504
97.081604,204,10291.902354
106.63967,182,10293.736411
-983.3917,154,10294.743344
84.81096,227,10300.713719
88.259445,199,10303.631249
101.941345,184,10308.603326
102.47807,181,10313.37942
88.29857,218,10322.008106
104.41658,183,10328.868127
93.871376,224,10335.831828
-980.11426,189,10337.906358
104.47908,182,10339.014709
76.986084,243,10341.316562
93.820946,188,10344.441321
-984.21765,118,10357.844432
85.1147,219,10363.005754
80.46832,264,10363.779119
95.14626,194,10366.243255
99.839676,188,10375.109397
90.967735,197,10375.559997
80.69556,212,10382.240547
99.64391,210,10384.569718
96.58834,222,10399.800479
92.02478,203,10401.263513
89.099785,196,10402.524158
89.11873,220,10405.139936
86.876015,209,10414.067953
87.82159,215,10415.469248
91.83145,213,10424.715377
83.85528,235,10425.959658
-970.5111,142,10426.866981
106.419785,181,10436.98441
104.961296,181,10439.70821
-967.4318,155,10444.001629
93.46138,243,10446.457165
106.11474,181,10447.386045
-985.1909,121,10448.797632
-995.33673,74,10457.888111
104.38866,184,10458.640262
-984.1329,120,10459.042952
-981.7185,107,10459.042952
80.06097,223,10467.107827
96.13289,188,10482.409161
94.379326,197,10483.375938
92.71057,222,10490.00576
104.236755,183,10492.788331
95.32295,209,10496.227319
89.98996,210,10497.345215
72.992004,222,10500.392109
-975.08295,142,10508.011651
-969.43555,151,10510.313924
85.792595,259,10515.226966
-996.8029,122,10520.592081
91.58438,200,10527.290598
102.22908,182,10530.264846
86.49621,210,10531.673001
92.60974,224,10553.536306
76.90865,289,10554.782462
83.53627,245,10555.038518
91.431625,197,10557.744841
-976.3497,144,10558.022479
82.85386,228,10558.289632
96.260826,237,10571.963185
85.35865,223,10573.908163
95.945145,184,10587.408147
-984.9828,113,10591.847737
87.4709,212,10593.305514
88.29461,198,10594.145191
99.81771,206,10595.535287
-990.2261,237,10598.281154
74.682495,295,10612.440418
88.71696,244,10619.707468
-972.7686,124,10621.649488
98.35745,184,10621.876892
98.86042,181,10628.319004
81.57269,201,10633.698841
-988.08496,117,10634.087592
85.94995,225,10637.237183
59.685253,270,10643.248815
91.12911,197,10655.909467
93.48278,200,10658.282988
96.33783,213,10661.313035
94.74875,208,10667.165317
105.952354,181,10668.069589
101.03731,183,10671.754657
92.05168,208,10672.662094
-988.16895,108,10679.665012
88.897194,197,10680.237561
-977.08844,145,10684.358919
92.14851,194,10698.263861
-960.3152,169,10698.718878
-983.7549,115,10700.818274
103.60125,182,10701.701353
103.759865,183,10704.83613
98.43118,192,10707.789065
98.4417,216,10721.044552
97.90252,219,10724.263231
-1002.9774,155,10727.319521
-976.8786,134,10730.631703
89.79544,193,10735.295093
99.89649,207,10739.807338
76.953415,279,10754.154022
88.70442,246,10754.391846
-982.11066,125,10763.464126
68.06572,231,10768.106688
95.26624,253,10768.335994
93.02473,226,10769.567377
91.64316,211,10770.252987
91.43753,206,10773.379049
-995.9448,72,10781.791392
93.85555,197,10792.618015
-1004.5241,148,10798.595972
84.821434,230,10798.821063
84.48696,250,10811.211309
87.79609,227,10813.797977
93.81414,234,10818.90992
82.04324,272,10820.850015
91.7512,225,10825.535974
98.15505,230,10835.815938
-979.73914,117,10842.113987
80.91493,247,10844.002886
99.71371,182,10847.803818
88.37194,270,10849.656213
93.27665,210,10851.165024
87.97544,200,10856.553358
90.17101,192,10861.190267
-972.07996,139,10871.308511
86.20753,198,10873.008259
105.21805,181,10876.051295
95.37778,199,10884.770492
89.19175,196,10885.882911
75.256584,224,10898.057579
80.1061,277,10902.95772
94.90934,228,10903.820954
87.03802,197,10910.80788
-977.29675,140,10913.308516
94.66491,200,10914.181601
97.19372,184,10920.247255
75.41845,302,10927.915952
91.32627,194,10934.418417
93.472176,190,10939.633046
91.07514,226,10944.442962
85.03678,215,10950.616436
91.64746,204,10951.515469
100.45663,221,10955.473545
93.2112,189,10955.866369
98.01658,185,10961.860421
90.78562,201,10972.322997
101.65623,181,10973.576851
103.618034,181,10978.09882
96.71762,184,10984.811407
87.03573,219,10990.809133
94.51826,238,10999.023573
88.27033,201,10999.023573
87.13673,277,11005.901984
94.858505,183,11006.445204
89.639244,222,11012.681028
93.02983,203,11015.793725
91.792786,199,11021.610087
84.98977,225,11032.100685
-985.4934,117,11037.350486
100.46037,182,11039.642591
92.12078,223,11040.491504
93.48986,188,11041.432663
86.07046,230,11041.559429
95.2734,189,11047.459525
-973.7907,117,11053.774272
92.27171,199,11057.958351
87.46824,190,11075.46996
96.06555,202,11075.878012
93.9058,223,11081.221351
95.90989,241,11081.951166
96.302605,251,11087.665204
85.485,228,11089.605049
64.91894,239,11098.962776
93.94322,217,11099.365627
-988.53644,118,11099.687756
100.25518,182,11116.088847
93.4911,185,11116.088847
95.72097,229,11119.847717
83.767845,197,11125.231293
88.9337,199,11127.090857
92.273125,192,11134.104373
91.56022,196,11135.03062
87.900215,201,11136.448765
-975.06226,133,11140.796352
-988.94604,120,11141.333578
-984.2284,129,11148.916078
95.84037,196,11152.578822
90.91303,205,11164.287237
92.80808,199,11170.731532
89.77733,212,11175.795625
90.080284,205,11178.386889
86.470375,242,11178.744329
86.75852,219,11180.373624
96.88388,191,11183.528486
88.90663,194,11187.534316
96.21939,213,11202.852352
101.28574,207,11206.941039
106.05455,181,11211.833809
100.93684,181,11212.120601
-985.5566,151,11214.512673
92.08244,197,11216.245933
97.39115,246,11220.372792
91.207214,212,11222.111465
-992.7082,98,11230.074191
-976.4423,145,11239.309979
-986.146,93,11239.742511
99.184975,189,11242.190763
88.57436,249,11248.682297
94.44901,194,11252.603228
93.48069,192,11255.425863
81.97073,219,11255.565813
88.21314,195,11265.976607
-974.5248,150,11267.248146
-983.2918,119,11274.812769
88.13799,213,11277.855872
94.02307,200,11279.620162
84.7241,220,11290.07066
93.38922,190,11290.882665
90.98887,196,11291.735542
-975.381,137,11301.376935
100.656624,182,11302.592717
93.84064,230,11310.634138
96.340096,185,11314.656349
95.2737,183,11315.690996
-967.8572,150,11319.436963
-995.6646,102,11321.717134
79.04784,204,11331.819415
81.8325,243,11338.186417
88.133125,200,11339.391629
-964.1786,156,11346.139192
-972.8399,133,11348.461505
104.96495,181,11350.005995
100.34069,216,11352.848875
-990.1004,124,11364.92323
85.03575,231,11365.405786
93.853226,186,11368.82878
-988.8114,126,11377.160509
-973.13116,166,11382.062775
101.88449,232,11384.354961
95.36183,205,11387.134132
90.872154,245,11393.530899
-982.1592,139,11395.758485
96.74692,193,11445.905215
89.37766,206,11448.023538
104.008644,182,11460.529607
73.10112,238,11466.453803
95.9947,185,11467.111831
92.95078,230,11471.163076
93.908264,197,11476.295651
102.01585,207,11476.295651
98.55944,201,11484.167349
96.97979,194,11484.590049
95.833336,199,11498.5121
95.85415,198,11503.807544
104.124794,183,11505.913877
87.97969,221,11507.639216
92.616425,220,11517.792838
95.962814,239,11521.484768
95.111145,205,11523.156523
80.75991,239,11528.925026
101.660286,188,11533.380965
93.59896,189,11539.631645
99.92226,182,11540.184108
103.98282,181,11541.512516
-972.6629,126,11552.436321
89.87322,195,11553.935637
91.52882,201,11558.743125
-975.7577,157,11561.843159
-968.28564,137,11564.711364
103.010925,181,11575.399714
82.93599,282,11575.607807
-975.32214,136,11577.87851
91.34714,229,11583.361305
-962.4159,162,11585.564414
99.328384,181,11597.080479
97.59249,217,11600.247086
94.91026,194,11601.403237
-965.42065,137,11603.238788
-967.66095,153,11612.451505
101.755264,205,11614.950358
78.120125,238,11620.545778
91.44306,225,11627.4723
103.767296,182,11633.77855
98.95692,182,11637.47099
87.64858,232,11639.680314
87.03432,236,11646.057299
87.960236,196,11648.449531
90.39825,195,11650.955324
90.00313,221,11661.826686
82.21571,209,11666.340175
-982.85516,140,11666.596018
-965.91925,157,11674.900337
94.3043,207,11675.851429
104.303154,230,11676.398852
-967.359,166,11681.308235
100.086525,182,11682.353331
-979.3433,144,11692.874303
89.778435,196,11698.402964
100.899574,184,11700.257564
-986.7727,150,11710.182237
97.93493,192,11711.97406
87.80241,214,11714.635668
88.98869,205,11714.833514
-976.9426,139,11718.843802
86.60446,218,11721.334731
94.05453,194,11734.485266
87.842354,221,11741.812861
102.46041,181,11743.839994
103.64229,183,11749.020715
100.41231,186,11753.461515
94.79982,224,11753.738679
95.26595,216,11755.242435
88.21911,196,11758.852966
-976.92847,139,11769.8001
87.788216,195,11770.535366
-970.4624,130,11778.092875
91.30578,196,11778.372075
90.65985,208,11787.909879
103.60167,183,11789.354506
92.87151,197,11790.482816
94.99652,189,11793.872176
-978.4979,139,11796.971058
98.54798,202,11808.170019
-984.907,127,11814.216372
89.797295,206,11817.163734
100.10339,205,11817.415166
-986.1522,159,11818.519573
95.12118,187,11824.688646
95.79346,195,11831.757678
-994.2181,119,11839.136944
99.69093,213,11849.416389
72.9972,281,11851.098876
102.049126,182,11852.833655
95.110374,192,11854.900106
90.77715,224,11861.933801
92.074875,212,11865.85753
-997.67096,108,11871.991928
99.21229,182,11872.488363
87.4877,225,11874.660996
96.661476,207,11888.038946
95.33772,204,11891.019945
89.82009,196,11891.268799
97.03694,187,11896.387227
85.17671,199,11903.315249
96.59298,184,11906.830113
85.6356,200,11909.287531
92.42454,207,11913.462931
97.45047,192,11926.187564
84.67174,209,11926.461852
91.18305,198,11927.016651
95.24521,192,11932.470239
95.59279,184,11940.144227
100.24356,203,11940.144227
94.74319,195,11948.902834
97.85653,236,11952.856471
101.63603,181,11960.569537
87.97438,213,11968.486462
87.106,227,11969.660567
104.24985,181,11974.840178
90.10294,234,11976.277983
95.21278,252,11988.190778
97.5235,213,11989.061594
95.07738,201,11990.412413
97.44308,194,11997.915933
95.777756,187,12004.771976
103.020485,183,12009.153215
91.59951,235,12011.959043
94.351944,201,12013.808675
94.48759,193,12025.061911
87.82757,204,12028.421256
-979.68744,100,12028.554737
90.16241,205,12029.34803
89.8675,195,12034.805683
88.59356,203,12043.120559
103.30452,184,12046.838384
101.88335,207,12053.06491
91.3243,199,12062.059512
95.75571,201,12065.669599
84.11555,210,12067.741959
103.54554,184,12069.12552
80.543724,242,12075.117501
92.404015,197,12079.868656
99.930504,182,12080.934959
-965.064,163,12083.860743
95.10302,201,12099.933881
90.84026,194,12104.111839
95.8614,191,12104.840609
86.98338,244,12111.55945
95.85928,187,12114.007068
93.32611,199,12117.805072
89.76242,248,12121.420047
-963.89355,139,12125.20598
95.22808,226,12125.444943
97.26753,181,12137.63923
91.880325,190,12140.305365
94.662094,214,12154.014911
95.459625,190,12156.196978
103.70878,216,12157.637104
88.14042,256,12158.682184
96.898506,201,12162.806973
93.9508,219,12165.438026
104.70511,183,12171.271162
90.2361,200,12176.918991
-985.7968,132,12180.314964
-979.2152,125,12180.747945
93.66863,203,12192.348419
99.442894,191,12198.221483
97.35283,184,12200.321393
83.138596,247,12204.948679
85.87646,214,12211.619136
103.52777,181,12215.380999
94.420845,204,12215.513766
77.46593,235,12225.348083
94.42514,200,12236.22757
97.162186,239,12237.295012
98.639786,211,12239.642949
-985.2002,139,12241.020542
97.534,207,12244.028377
95.87109,206,12249.880361
-983.6031,138,12250.578288
87.148346,209,12254.144976
-973.67224,143,12263.819063
106.42158,181,12269.73471
104.145,183,12274.045073
97.13655,183,12278.067342
94.190674,222,12282.429825
87.016785,231,12294.748091
88.99543,240,12295.553054
-974.6323,143,12297.016835
105.86362,181,12298.082865
86.950966,259,12303.628935
94.56653,187,12309.746089
96.386566,221,12320.093497
89.889366,205,12321.754783
-983.8841,145,12324.042661
94.882416,212,12334.262327
83.08082,214,12335.780298
92.17681,201,12336.002694
97.92664,219,12344.318792
97.54706,214,12350.213725
91.85477,202,12359.793009
98.259346,212,12359.995352
90.40547,218,12365.363953
99.14415,182,12369.355869
93.12429,224,12377.95746
99.40591,181,12378.366836
80.882286,266,12383.855808
91.74091,193,12385.947142
91.13531,198,12396.31319
93.253235,206,12398.173079
71.9635,205,12402.988262
87.87906,214,12408.721979
103.97029,184,12412.421371
90.06324,195,12413.895154
90.48581,204,12421.119475
92.3522,214,12424.551515
95.13602,207,12435.611967
96.92697,226,12437.686095
-973.1242,145,12440.234875
90.40789,210,12441.686312
101.1164,182,12442.688199
-969.9313,139,12447.233366
93.29348,213,12451.259872
84.061905,196,12462.820718
-971.0914,144,12475.154324
95.59941,206,12475.407845
89.185814,200,12475.941661
95.90638,188,12476.364566
97.2952,217,12483.223373
90.991875,225,12485.762331
99.17293,192,12489.060815
84.60287,204,12500.568776
103.69878,181,12508.790429
97.20799,192,12510.913772
80.32035,234,12520.280455
87.04788,234,12520.587477
94.88763,214,12524.072614
92.89337,198,12526.583032
-978.7218,224,12528.460433
89.12375,198,12537.751173
100.248634,182,12543.43779
85.16141,221,12552.349898
98.07792,182,12554.278105
104.71679,181,12554.53627
90.142204,201,12564.11389
97.09114,238,12569.120656
84.886894,239,12573.199194
90.88581,203,12576.572689
-961.7386,153,12581.821063
94.76346,214,12584.259699
94.55926,195,12591.364543
79.816734,196,12591.364543
97.94079,188,12598.545138
91.67594,211,12607.672678
-996.69324,92,12608.141441
104.13843,183,12610.036766
102.75009,181,12657.750425
87.493576,240,12660.921327
86.74373,215,12666.600623
-980.6402,105,12671.122895
99.489655,182,12676.55562
87.65005,235,12678.923073
-962.19727,170,12683.524085
75.227005,209,12693.380001
-983.2783,128,12695.594594
84.34419,213,12698.556973
98.661865,212,12700.752935
99.36745,215,12708.242661
97.63295,183,12711.005018
99.73386,186,12713.758504
90.73018,199,12721.109423
98.967766,185,12729.762557
98.41788,183,12733.104916
87.04735,215,12733.857216
95.84782,190,12737.310845
-978.21045,135,12739.67283
104.91402,182,12743.097122
98.53596,193,12748.171984
99.584946,187,12756.743423
-975.37085,141,12769.466139
86.81113,192,12770.173046
94.74675,216,12772.242959
103.98217,183,12772.716049
97.293976,205,12773.773976
93.14611,215,12780.885789
98.52736,182,12782.886334
-991.7755,112,12793.218998
91.99832,207,12796.161453
-969.15753,175,12803.178295
105.21203,182,12805.741597
98.53824,209,12808.98172
85.05836,242,12817.627543
71.59187,203,12819.152071
92.96763,215,12819.395964
-968.05725,149,12822.616778
97.05767,211,12832.438606
93.937614,205,12841.111472
102.60842,181,12842.013751
78.72019,202,12842.843371
-984.06525,136,12845.129636
103.880516,183,12852.09976
90.67331,194,12855.827815
-994.7887,72,12858.072126
95.81249,202,12860.016194
95.64816,197,12868.334197
90.84668,195,12877.200172
90.055,199,12878.346395
85.48137,224,12880.653584
89.40468,208,12890.208146
93.94146,191,12890.82207
92.85898,212,12899.204317
87.294556,241,12902.455199
94.1015,192,12903.563767
99.02627,189,12913.797444
93.083626,207,12915.442615
92.48018,189,12916.217857
97.488716,181,12923.472758
-970.68036,135,12923.666557
-973.64136,127,12925.521288
92.85034,205,12940.154968
-989.1286,318,12948.245672
99.59917,200,12951.288887
82.57896,211,12955.257098
-983.99664,161,12955.660206
103.027824,183,12958.041559
100.72806,187,12959.310481
94.128494,247,12962.272703
-995.372,73,12965.777927
-983.1988,122,12972.253602
100.11757,193,12978.122405
-976.4351,143,12988.879014
104.65344,181,12990.355533
94.64396,204,12995.497246
89.20465,222,13000.733922
93.797386,194,13008.516891
77.143906,268,13008.709161
90.974396,258,13014.276947
87.04139,212,13018.017267
93.541046,194,13026.666471
92.329605,208,13027.893155
103.71171,183,13036.804566
-983.3487,146,13037.492524
92.319695,249,13043.11438
93.28909,196,13046.714809
93.944626,194,13053.068509
-981.211,126,13054.749711
98.80819,220,13062.609664
89.45969,199,13067.716706
103.68368,181,13074.785043
-981.21844,123,13078.186277
92.82223,204,13078.395747
92.226746,193,13085.922123
89.563065,240,13090.903399
101.23468,187,13091.08813
81.52532,213,13103.190543
97.91872,192,13103.713769
-992.86127,80,13105.216033
-981.63104,143,13112.128479
95.118576,217,13114.15578
94.993614,222,13118.807701
81.68213,252,13124.422076
90.52503,210,13129.698154
99.59178,182,13137.428509
72.68495,211,13144.645146
101.55466,224,13144.645803
96.7584,192,13147.320388
-975.8444,136,13149.340356
96.175156,241,13160.110052
93.65393,227,13161.927842
92.39758,202,13168.368836
96.01704,187,13179.46923
-981.7932,109,13179.46923
93.18522,189,13179.915845
86.62369,234,13181.624492
97.70466,186,13183.063833
101.333694,183,13196.38713
84.55648,246,13196.6116
-990.57104,106,13199.976261
87.963776,192,13204.111442
-987.71643,126,13207.594563
105.65548,182,13215.781647
103.675514,183,13216.481268
89.156876,200,13220.23342
-979.71436,142,13224.015031
-976.89166,145,13224.29307
98.59552,183,13235.234852
102.67314,188,13240.330275
-967.07294,152,13248.79984
88.85685,229,13251.196289
88.21181,213,13256.052737
91.10842,218,13256.415803
96.01528,212,13263.961667
89.104706,216,13265.154668
-970.9621,136,13275.032826
93.44259,188,13275.960416
82.07076,221,13276.977624
99.03986,207,13290.311609
-963.19775,157,13294.694203
96.08309,207,13295.307503
89.46225,216,13296.446777
88.4854,194,13300.589821
-971.56433,144,13303.563653
-975.09155,177,13308.330835
87.091354,209,13317.259114
94.0328,184,13325.211639
99.350296,194,13332.253294
91.234886,210,13333.827834
97.68984,212,13335.879804
93.2189,196,13336.80326
72.839035,193,13338.984278
-992.0519,82,13339.725822
93.96212,234,13351.281196
90.99763,215,13355.736244
97.2912,192,13366.785554
88.274734,205,13371.741047
98.0774,199,13375.379513
100.39845,223,13376.866178
101.488266,240,13380.84155
87.867645,231,13382.266045
96.724915,195,13387.942925
97.42356,195,13392.403341
96.65297,183,13411.9245
96.54353,213,13414.365884
99.31053,182,13418.57558
87.102745,263,13419.48737
95.24392,214,13421.314292
97.67819,195,13423.391882
83.50562,204,13431.337609
96.02087,199,13435.984453
-975.92255,142,13444.347016
-963.1365,159,13457.623453
101.92297,183,13460.672038
87.66818,213,13465.805885
80.790115,243,13468.145266
88.50331,215,13470.373518
102.54035,183,13471.429733
94.76284,190,13476.620763
95.88309,187,13492.872107
-977.4004,135,13494.847595
-974.91376,142,13497.212953
100.106026,196,13497.862317
68.61223,281,13499.970102
93.67391,195,13503.756902
97.024704,224,13507.846082
90.970436,209,13515.412845
-982.5668,120,13530.446592
89.970894,209,13534.650411
90.5448,197,13536.65108
95.32125,220,13539.202795
78.18056,249,13539.600112
97.611755,249,13543.840909
94.35927,219,13545.052662
94.48676,188,13551.184669
-971.9946,140,13567.029431
95.98336,186,13572.297035
88.33362,220,13574.776307
97.7907,197,13579.977994
103.21552,182,13580.98801
95.0115,222,13581.197156
78.53912,196,13584.799171
95.38868,218,13594.1905
96.15187,184,13602.602829
99.550186,182,13605.386432
101.8283,187,13615.405498
96.10789,205,13617.415385
96.923874,236,13618.009669
101.39134,203,13618.241393
90.732834,188,13619.377113
94.76987,223,13636.247306
-981.251,124,13641.597985
98.56099,210,13642.671827
96.249695,198,13643.587965
103.82117,183,13653.75614
86.78376,205,13654.40497
93.995605,191,13654.537887
97.602875,187,13655.070721
97.72845,188,13675.968797
96.64722,185,13676.386272
97.38776,220,13676.806863
97.75339,189,13678.724028
102.450195,182,13687.313917
104.43042,182,13688.402807
91.62746,203,13693.719665
-980.854,127,13700.980501
-973.9235,124,13701.716707
93.72937,258,13702.444321
95.24599,182,13710.442473
97.21142,194,13712.368251
95.98326,188,13721.989999
-995.14813,72,13722.959064
-972.90985,127,13724.288066
92.092354,205,13729.984305
94.20787,230,13729.984305
94.96298,182,13734.143525
88.339485,212,13741.3311
-971.7426,144,13748.554973
99.38576,182,13757.213661
83.79012,246,13757.629779
101.932434,183,13759.184278
101.00101,182,13768.533622
88.44191,225,13773.484856
86.545,241,13776.924317
-980.96234,113,13779.118033
86.099434,215,13782.226808
90.51423,200,13786.662061
-976.553,145,13786.662061
-969.8596,162,13788.838486
90.2057,196,13805.595419
-969.49756,128,13810.451155
96.646774,186,13810.837063
98.64022,191,13814.689031
97.87607,248,13819.657743
94.66075,205,13820.714017
103.64234,184,13822.993182
85.45639,219,13828.38348
-989.01337,82,13838.488582
90.414986,194,13887.121003
90.50805,206,13889.26542
101.543076,239,13890.114255
97.7703,195,13891.252447
95.399315,195,13895.967053
96.38786,221,13902.25093
-996.3869,71,13903.62002
87.60813,211,13906.897897
94.26439,190,13913.821485
-984.1819,100,13914.840702
102.128525,182,13921.321139
99.84824,190,13924.934126
83.65331,203,13929.016036
96.71075,182,13936.879344
98.55864,186,13942.886693
94.57003,223,13946.454647
95.1865,182,13950.121102
90.41406,222,13956.462845
89.36193,196,13959.187013
89.51793,213,13965.015657
-973.4748,139,13971.839103
82.244545,230,13973.453578
82.70539,208,13976.316511
90.78761,196,13979.424649
-976.097,115,13987.489331
91.08515,229,13992.784733
98.2341,182,13993.066525
88.96561,211,13995.902913
-974.21655,140,14003.460749
87.55145,193,14010.026399
92.270096,228,14014.341948
92.6034,191,14015.191141
-983.4499,122,14019.218749
102.555336,242,14032.817807
95.56465,215,14033.972243
99.670265,183,14036.574021
97.158424,236,14036.877194
91.09175,202,14047.569515
95.41175,181,14048.906732
89.88098,195,14054.846527
96.58917,230,14057.997756
103.457405,184,14068.211148
98.74443,189,14068.211148
95.0822,191,14071.904459
91.96304,207,14075.393671
-971.68604,134,14083.90655
90.21279,208,14087.700504
92.30437,232,14090.713389
86.40249,206,14093.667945
-972.1856,143,14098.951714
95.42299,191,14103.872209
91.79283,217,14107.83045
88.49423,218,14116.295427
98.70631,182,14117.535746
-980.6085,122,14126.335317
93.386505,193,14126.595313
103.29003,184,14127.682395
92.674286,267,14136.746008
102.40837,181,14142.086353
-962.8441,141,14142.837506
92.407234,241,14144.5776
-975.4414,126,14150.69781
87.31076,211,14157.544273
97.11274,183,14161.024885
89.44156,193,14164.588462
-974.2589,142,14170.491804
100.71553,182,14171.287102
104.00042,183,14176.238172
97.83096,184,14177.09847
-977.4891,137,14182.658148
95.30288,201,14188.20839
-976.41956,135,14195.473592
90.39447,200,14197.858176
88.782974,214,14203.826783
103.61019,183,14210.67591
96.86831,190,14218.458021
98.19298,254,14219.348039
97.90777,231,14220.618625
-982.92944,109,14225.679468
98.144135,214,14228.335927
-983.1821,100,14229.413731
100.01957,186,14233.244674
89.89876,215,14236.688204
-973.8572,148,14245.624503
98.21525,189,14255.214845
93.76,189,14257.034121
90.34572,193,14261.293818
-976.0431,169,14261.525517
-965.722,155,14262.400631
98.310135,192,14264.984033
-973.9576,142,14273.344812
-979.12787,119,14277.891979
96.020134,232,14280.675846
-981.32275,133,14282.116166
-979.75543,128,14297.104679
104.28369,183,14299.205276
99.92604,207,14301.573797
-991.6178,112,14301.573797
98.08397,215,14301.956792
96.118774,224,14303.890204
-972.21594,140,14307.948009
92.37677,203,14316.122905
-971.62634,143,14326.101443
-974.9368,139,14328.319564
88.52579,190,14333.774661
-970.61615,143,14335.784406
101.917,185,14339.523625
97.29065,200,14340.310089
92.35334,221,14343.608469
104.16002,181,14349.893993
92.02774,207,14365.938854
-969.7811,144,14366.811928
86.585594,211,14368.548743
97.0024,206,14375.114815
85.70378,225,14377.144193
91.96782,201,14382.471479
91.71315,222,14382.910266
94.91221,208,14390.660629
92.80674,204,14404.84201
90.80586,196,14405.517795
87.88618,224,14410.374914
97.23085,185,14410.78826
91.318245,194,14413.807477
102.42649,182,14417.690391
103.74374,183,14418.636145
106.251595,183,14425.893126
-979.8615,138,14436.492952
-971.51764,178,14439.22243
95.67159,184,14444.728903
93.12597,208,14445.609435
97.77486,182,14448.538494
102.75614,182,14458.596499
87.79823,228,14460.122831
95.849266,239,14461.96192
92.793945,205,14475.000123
94.307884,191,14480.519083
68.76701,223,14480.763201
91.395515,195,14481.92632
99.880974,182,14482.205256
92.143616,227,14501.930356
84.80016,217,14502.798618
-968.44586,152,14508.92942
86.48865,260,14509.309535
87.084526,213,14514.169309
89.952705,193,14518.056909
95.63276,226,14521.817844
90.14568,218,14521.817844
96.14401,192,14537.033331
-974.3074,183,14542.387399
84.0784,233,14544.493424
92.318375,185,14547.191093
81.53059,221,14547.860128
103.48079,182,14550.233686
89.40094,198,14558.365414
78.038574,203,14559.475993
-975.28503,190,14572.169766
-983.11804,139,14573.397353
-983.9718,122,14573.397353
93.67414,190,14576.297879
95.030365,236,14591.087428
67.59606,278,14594.524605
97.38711,200,14594.919892
83.80854,219,14597.830544
102.52034,182,14605.766258
98.91094,190,14606.18393
94.45057,189,14607.279135
97.98125,217,14616.846277
104.68322,181,14628.794227
-970.01,130,14631.012515
99.385185,192,14631.328374
-963.2124,155,14636.426795
-964.07214,162,14636.682588
88.73172,222,14638.590775
86.944885,256,14638.719831
92.15683,212,14654.848687
97.27008,199,14664.300922
90.15882,193,14665.507291
100.53436,186,14669.553514
95.72442,221,14670.64475
97.0904,189,14672.903897
94.45779,211,14676.916811
98.031006,238,14680.327437
-981.95306,96,14688.980323
93.836876,193,14690.828046
-970.7056,139,14691.10657
105.33061,181,14704.323632
102.06228,228,14707.087885
85.499,220,14714.945356
91.186714,215,14718.025273
96.25755,210,14720.047606
92.465256,208,14728.486511
91.47283,204,14729.638965
90.09952,206,14730.264252
-983.2672,124,14743.575907
93.223885,214,14747.565645
88.33969,234,14748.392004
91.61448,193,14750.805058
-975.5707,128,14754.598396
93.68027,201,14765.177154
83.29721,258,14765.451611
98.84715,205,14767.158138
-985.5411,99,14768.987782
-976.8347,136,14772.657033
100.31824,188,14777.80495
104.02302,181,14787.373753
89.859215,221,14787.972465
99.73399,182,14798.913726
87.50187,233,14808.902348
88.25582,227,14809.380239
95.495766,221,14813.714306
85.91056,251,14815.639609
94.23154,210,14816.229651
98.653435,182,14822.093413
89.87495,240,14831.287126
91.877235,188,14833.421652
-968.59845,132,14839.286061
-970.35913,146,14840.039354
104.010544,182,14842.772779
90.4374,214,14848.153088
96.70949,225,14857.244339
97.3864,211,14859.678274
-979.9134,134,14863.956556
-980.9522,138,14866.135156
94.05339,189,14868.537669
97.80889,224,14873.903596
98.48454,182,14878.163868
88.60528,209,14889.010942
-971.2573,139,14893.008685
100.38882,182,14894.552243
104.370026,181,14896.487676
93.82412,205,14908.394368
92.23528,200,14909.527465
102.17821,205,14914.773058
-985.26086,105,14917.498281
95.85181,226,14922.620393
104.7038,182,14926.670268
97.47904,222,14937.163902
96.22927,251,14937.905601
-975.723,141,14940.604451
101.21928,184,14943.627066
95.65146,210,14946.971186
93.625175,200,14954.2511
94.23837,191,14959.055291
103.96653,186,14963.083822
96.95122,187,14973.174466
99.979004,212,14976.617212
93.34128,190,14979.505341
95.70175,216,14981.63896
87.16454,212,14987.398713
94.6364,183,14997.018664
87.22873,229,14997.618615
86.56167,211,14997.833773
101.207794,182,15007.041276
-968.61755,164,15012.537468
91.07733,193,15012.750216
97.587364,182,15013.841013
95.63529,206,15025.815221
97.16887,190,15033.614454
-978.09393,136,15037.222855
96.99657,220,15038.281056
99.30295,244,15042.124364
93.04303,225,15048.561283
85.99592,200,15049.563295
98.57377,185,15098.929994
93.2862,252,15099.522038
-994.86957,76,15101.866481
95.991066,195,15113.623724
76.55946,226,15115.039443
101.27042,182,15116.422956
87.602615,218,15118.92595
94.81939,198,15126.75197
101.39675,182,15133.185102
99.71998,182,15136.12948
-979.875,118,15137.11428
97.75489,199,15137.3181
99.09338,184,15149.515279
100.21408,214,15153.14448
95.384,215,15158.40478
71.778915,228,15168.441761
93.86909,195,15169.331516
95.69491,211,15176.546535
86.057205,212,15176.546535
94.652565,254,15183.77545
97.52039,189,15185.95453
-990.7323,107,15189.578761
-973.6523,120,15191.299767
82.46194,210,15192.645522
98.56603,219,15200.620946
-977.64825,136,15201.94464
93.59493,205,15214.85825
84.40642,209,15222.876824
103.89464,182,15223.889944
102.40655,221,15227.119706
86.32438,195,15228.103747
98.4961,189,15240.059497
87.513405,221,15243.732248
-964.7237,144,15244.4077
-978.0188,272,15246.179538
-975.4008,138,15255.230489
104.0947,182,15258.889651
97.085945,196,15262.938437
-971.96704,170,15276.253731
88.5357,256,15278.616819
102.6332,218,15281.177647
102.95239,187,15281.606293
98.05638,220,15285.029482
91.409874,193,15292.152565
92.24214,206,15297.451799
-981.42975,121,15304.292435
88.768906,245,15309.142064
97.062096,198,15313.335155
93.353004,194,15316.682223
95.50013,216,15318.521966
102.41842,239,15329.075469
92.74763,209,15329.70647
-982.9171,98,15330.812792
96.29377,189,15332.873785
101.43404,185,15338.492048
100.54944,184,15342.714265
-979.954,128,15355.463837
93.97822,206,15357.239629
92.34695,241,15363.052363
96.13668,189,15367.026215
104.69159,182,15368.037152
91.948845,202,15368.272442
102.93161,182,15373.685268
-972.2092,126,15381.756152
83.88566,232,15387.202446
-975.5343,113,15389.19339
96.08543,193,15392.346944
-976.965,143,15393.613448
92.804085,216,15403.219551
71.24021,209,15407.030998
-995.0266,83,15407.698788
103.24279,182,15415.738561
93.90207,236,15417.545467
98.36165,191,15424.407391
86.40774,211,15430.611216
96.60887,210,15434.006435
104.32137,181,15442.647215
86.567314,227,15446.312855
98.51215,217,15448.818922
98.90821,182,15452.755779
-984.64844,198,15454.18502
97.21642,188,15460.715333
85.816086,213,15470.01136
97.384476,211,15473.644921
-975.8903,143,15479.165446
91.38625,217,15483.778337
97.734215,210,15486.755728
97.88833,190,15490.458667
74.036194,241,15494.629232
87.4623,215,15501.164322
-969.61896,136,15506.648836
94.28707,196,15507.809074
101.76037,182,15508.983865
98.80428,182,15522.93311
95.47639,191,15527.942455
100.06284,230,15529.612385
97.01929,225,15540.492693
96.04092,197,15540.787967
93.02407,189,15544.090641
94.482765,187,15545.816132
89.387474,208,15551.101022
92.48342,210,15567.072989
100.92892,182,15568.05978
87.66733,215,15573.345883
-976.19196,138,15580.79016
99.10227,193,15581.558792
93.54299,219,15586.073847
97.4843,211,15589.096486
100.77762,249,15597.825104
99.63971,182,15604.568218
97.37398,188,15606.605781
98.741295,182,15610.650277
99.043365,207,15623.104369
99.176285,182,15626.73971
97.484375,198,15627.198818
100.302,228,15628.089235
93.85775,187,15635.881036
88.45749,217,15648.593364
93.84267,210,15649.285154
97.29111,191,15649.286159
-979.4242,142,15651.655206
90.5865,197,15666.336138
86.35692,212,15672.029843
97.66869,222,15672.871619
100.16414,241,15685.616951
91.53966,200,15693.362722
99.977295,225,15695.662641
99.108444,231,15695.895888
97.98492,249,15701.42134
90.49527,207,15709.110878
90.09041,197,15713.618337
95.2575,234,15719.249527
-972.17676,138,15723.747409
-969.9007,141,15730.360515
93.770065,229,15733.628808
93.821785,194,15734.032374
99.8017,188,15735.604095
99.090805,182,15751.587744
-973.58234,140,15753.871008
94.97046,214,15753.871008
92.11352,186,15758.531954
87.54034,197,15775.454208
94.215645,224,15776.127151
93.92074,224,15779.076033
84.70656,226,15780.069391
-978.3162,110,15780.946157
99.02027,182,15787.4325
88.20676,210,15796.230579
94.38098,215,15797.262709
97.00274,207,15817.394442
94.41854,223,15822.309628
85.42217,205,15822.475416
97.47749,185,15825.646209
91.18154,239,15829.788374
93.42345,260,15832.603129
93.02535,217,15842.253507
88.553276,233,15844.288384
-976.3618,138,15850.286438
-970.4703,194,15861.997743
94.64259,224,15863.790289
94.32943,185,15870.486462
91.26708,219,15871.067879
86.62288,209,15873.310261
91.78515,196,15882.309026
96.555565,189,15882.951425
97.835014,182,15888.044753
-980.18256,103,15893.890932
97.11687,182,15901.648788
93.733734,215,15905.647013
91.24069,195,15910.91169
-977.0019,142,15916.850252
96.18923,228,15917.981579
101.18992,184,15921.537188
83.44984,233,15930.687057
87.63245,217,15938.457554
94.74357,196,15941.364563
106.09424,182,15943.197395
-967.57904,151,15952.330362
94.408226,214,15954.996418
82.902435,226,15963.008062
-985.0923,112,15966.238382
95.35496,242,15967.560333
96.56158,218,15975.385284
91.44017,218,15986.54476
96.86205,195,15992.444719
-970.89996,131,15993.492148
-971.37115,155,15995.155156
97.214195,218,16000.328186
-988.0156,313,16002.925433
92.88167,200,16008.807878
96.7092,232,16022.917176
97.199936,183,16023.64302
103.17532,183,16030.931309
96.23729,184,16032.674858
93.66343,191,16038.699379
94.9046,186,16041.875345
84.77696,239,16042.182418
103.86577,182,16046.469556
-986.5385,118,16062.565187
96.45874,225,16068.627074
89.38159,221,16068.763721
91.655426,185,16078.819816
87.51343,226,16079.064548
95.091965,244,16080.657152
92.05055,198,16081.207329
101.42263,182,16082.56394
90.27087,219,16107.841621
92.45184,204,16110.68661
83.288246,209,16112.163071
99.06946,201,16123.3325
85.22221,224,16125.125847
93.66434,214,16127.730331
93.96729,241,16128.830165
-984.2925,290,16140.89731
93.99212,190,16149.604301
95.79427,228,16153.617817
93.89465,228,16158.602531
90.747734,194,16162.911311
97.5388,188,16163.62097
87.913506,211,16171.281738
77.33964,247,16180.41995
-979.7947,120,16184.662309
93.55301,226,16188.381559
97.41778,182,16188.514175
97.47027,187,16194.374066
93.7026,202,16205.672739
85.529854,215,16208.105446
104.08532,181,16208.847564
-984.0773,138,16212.012189
96.76458,204,16222.349493
98.51182,182,16225.339887
97.25738,182,16231.654086
89.566216,215,16232.711684
-964.7734,139,16234.505122
-973.4566,163,16241.935784
-971.88245,167,16242.057055
96.71016,189,16250.675195
99.79735,182,16262.250015
91.82878,204,16263.740439
-965.02673,151,16264.989865
92.85481,192,16270.719516
98.56607,222,16276.560007
-974.8871,136,16279.707114
94.78327,205,16284.422608
89.17307,228,16288.695109
-979.85626,127,16298.497235
92.67854,200,16305.190833
97.00637,194,16305.428046
82.67691,212,16306.326371
-980.3411,169,16314.749454
-989.1548,105,16319.94321
87.379684,227,16323.817562
96.56005,193,16324.260947
82.31737,199,16330.477523
-985.28394,142,16343.423524
97.80685,223,16396.048686
85.77899,232,16397.814878
92.40793,229,16398.176422
101.66194,183,16402.389395
-996.73395,72,16403.659487
106.57638,182,16406.759991
95.81963,195,16409.449588
87.331345,230,16423.06636
-981.8762,132,16429.24122
-975.386,134,16437.475967
-970.1943,159,16438.792521
95.93826,238,16448.082456
75.725,250,16448.310721
81.95184,230,16451.915454
96.355415,256,16452.180748
98.21977,207,16466.395232
92.71523,203,16472.824082
85.92135,206,16483.567738
97.35713,182,16487.549797
97.385155,188,16488.231001
95.991714,186,16491.624146
84.27288,254,16491.892868
93.86483,201,16495.788872
100.104294,182,16506.739293
81.05241,202,16516.688207
-972.898,147,16523.458696
94.67166,205,16528.081879
101.78177,182,16528.210561
88.45168,197,16529.634731
96.1971,220,16538.337141
86.00232,215,16540.937426
94.72902,214,16551.0912
90.91374,196,16558.464628
95.28768,182,16561.808693
89.18771,192,16569.588969
101.79053,190,16571.362546
-975.9529,147,16573.471732
98.98601,212,16573.804308
96.65833,215,16584.13501
95.74012,211,16600.96743
88.12722,248,16602.017321
88.42711,218,16604.889859
103.61249,182,16607.98376
87.29468,191,16609.645463
82.86112,211,16609.860965
98.94795,221,16613.528885
97.69611,194,16621.168726
-986.58105,90,16631.232074
94.40599,192,16637.294113
93.91438,191,16638.128595
99.17598,183,16643.562778
98.13592,182,16644.783505
95.04308,196,16647.157566
103.8984,227,16648.798764
-971.5039,126,16654.090016
-989.15186,105,16656.972374
100.86583,211,16661.114022
97.12197,182,16672.564878
64.371414,210,16682.90704
92.9355,194,16684.740617
88.09478,217,16687.517963
87.12866,256,16690.594143
102.88417,183,16690.839053
88.24002,228,16696.472564
-972.94385,141,16698.120692
99.03182,243,16706.394291
-982.1702,125,16707.010599
101.92201,182,16720.594383
97.81718,205,16732.216039
97.18471,236,16734.667284
102.58011,182,16735.729363
97.11129,221,16735.730357
-975.6608,140,16736.282458
89.07918,224,16742.471546
87.22657,234,16753.364265
-983.9392,111,16757.893828
-970.7801,137,16759.122509
91.138084,203,16761.299444
-976.9525,142,16762.994884
97.85253,210,16775.678463
-977.2966,133,16779.022516
91.32785,233,16779.852147
88.05392,216,16783.231859
97.47894,182,16795.459965
93.23591,202,16796.137958
96.106,205,16797.546807
99.39872,215,16803.295754
95.4496,191,16812.620821
88.25692,221,16821.411961
99.10076,219,16822.194768
-994.46674,120,16825.595218
82.50116,244,16829.645833
95.43646,221,16836.936696
85.64879,247,16841.88993
99.15338,256,16845.46088
96.925285,182,16845.720738
85.25873,199,16857.780473
87.03069,228,16863.498695
94.72528,220,16870.171019
99.1441,191,16872.587226
94.2758,257,16873.609526
101.99266,182,16876.492906
93.74451,191,16881.643591
96.699615,196,16882.260074
-972.7802,172,16889.910784
-972.45544,151,16897.889029
74.14984,241,16908.792591
96.12653,198,16909.265332
91.66433,215,16914.031198
97.976456,182,16915.639311
96.64346,182,16916.308419
90.053986,215,16916.505582
97.212845,182,16923.918853
89.93063,209,16937.982236
97.28637,188,16944.62869
-975.3323,186,16948.745729
87.413536,210,16948.745729
99.257095,182,16949.766705
93.683846,189,16951.502704
90.44668,231,16959.252599
88.07412,199,16961.344873
-994.3151,79,16963.457083
102.33871,182,16978.776188
-970.65344,170,16980.449383
89.92673,253,16985.057141
88.32018,210,16990.60991
98.24352,249,16996.101507
80.83186,207,16998.524967
97.745445,218,17003.788841
92.38841,236,17005.53429
-972.41235,141,17006.867166
-976.97437,146,17012.122422
-982.2888,118,17012.706539
86.004364,214,17018.51347
-982.20245,123,17028.936643
95.32112,188,17034.775829
93.78961,217,17043.867974
98.29029,182,17045.12259
97.973724,204,17048.780861
99.19438,216,17059.028835
85.2296,216,17059.755901
95.87016,199,17063.450371
-973.6539,130,17072.240432
-964.18677,161,17080.534434
92.86229,212,17080.995502
101.535706,239,17081.74584
102.45875,203,17093.117276
-986.61597,164,17094.987659
-982.1766,174,17100.329726
97.24056,228,17107.240325
98.84829,192,17110.669939
101.762794,182,17116.76154
100.738266,185,17117.904533
-979.214,131,17118.134799
-982.35266,136,17126.317584
98.51101,227,17126.526518
100.58109,182,17129.568853
98.55712,182,17142.351429
98.042816,201,17148.984647
97.80945,182,17151.309985
102.52473,182,17152.539881
95.47208,196,17155.760747
100.08308,182,17161.756314
98.420906,184,17165.469621
-971.3828,147,17170.471564
93.50275,239,17171.564832
102.72813,182,17188.169981
102.76214,182,17189.820937
81.57604,242,17196.713626
99.95119,182,17196.835699
82.77521,224,17198.873571
95.59095,200,17205.023584
99.29821,182,17208.08917
100.68976,208,17212.126313
87.89117,195,17226.344925
98.7019,199,17228.336722
97.717575,182,17232.678115
-967.4216,149,17240.553971
91.01597,227,17240.675229
95.55954,228,17247.898124
92.16107,259,17248.59895
87.1387,214,17248.599984
-975.00305,137,17251.148001
94.18575,185,17261.901781
96.45169,195,17277.458178
84.67593,251,17279.72549
94.84494,225,17283.105255
103.25332,182,17283.380745
92.3964,192,17287.681206
82.27908,229,17291.286816
102.00016,242,17294.932393
89.060684,213,17302.530061
-988.9145,84,17303.435938
-985.6234,137,17305.010906
-994.84393,82,17309.763767
103.31616,182,17311.161866
87.45621,223,17324.302312
94.753746,230,17325.117915
102.5451,201,17327.827909
102.05901,182,17335.716776
89.09068,210,17340.761723
93.44521,197,17341.191214
89.20125,230,17352.073519
94.03744,221,17352.073519
97.29759,190,17364.200864
85.15846,217,17365.009787
-977.1658,145,17368.586526
76.57909,232,17369.032513
95.67998,193,17372.872109
94.29805,185,17376.261704
86.551796,210,17391.641517
98.69686,222,17393.893657
102.619446,182,17399.5825
94.83744,232,17407.60991
105.42955,212,17408.904977
94.30027,247,17414.838258
94.8366,227,17415.689496
83.68407,211,17416.343597
98.82206,182,17425.926335
100.826614,182,17428.578258
-979.3431,116,17436.213588
91.26334,226,17440.994521
95.65282,199,17446.292082
89.10657,190,17450.949735
87.75588,236,17451.802006
93.75044,190,17461.789531
87.99949,271,17467.099972
87.44801,231,17471.670551
89.012726,215,17476.841892
87.529495,225,17483.755387
88.55443,210,17485.484389
103.43681,182,17486.155533
98.58596,234,17495.445143
97.85856,212,17501.499281
99.31702,190,17502.358643
101.13058,183,17505.912662
91.89878,199,17514.395048
89.282295,197,17523.013699
98.78009,208,17523.013699
-985.615,149,17531.374245
85.34714,247,17532.275241
98.7738,215,17535.826491
-978.8881,137,17540.694975
94.199265,196,17544.092573
87.29219,228,17545.431362
92.95813,207,17562.134145
101.32056,182,17564.843988
101.07844,182,17566.500854
97.90397,242,17568.74664
-964.25,178,17569.05767
97.683975,182,17575.512159
98.79691,184,17578.181652
87.98618,227,17588.351075
98.54183,183,17601.303365
90.52347,212,17603.00641
87.44549,223,17652.033556
89.09936,203,17652.492586
96.278755,215,17654.697852
-987.55756,118,17654.88379
99.0085,211,17659.196063
99.48361,218,17663.852612
103.00756,182,17679.357308
88.17321,210,17690.94331
96.87541,200,17691.413944
93.495125,213,17692.125714
100.26613,242,17692.288574
87.26181,228,17697.677532
97.02316,194,17700.081845
-978.5509,137,17705.429113
101.09996,251,17705.782768
-989.2071,107,17719.61558
-976.2991,156,17726.558475
95.01307,210,17731.157872
99.33952,218,17732.511649
86.24903,229,17735.545924
80.83005,230,17736.024467
92.434265,183,17741.164274
94.444855,191,17741.890354
88.945625,192,17756.613799
-974.1631,140,17757.545389
-970.15674,150,17761.256494
101.70689,182,17761.460913
102.5187,182,17770.356522
95.14195,196,17778.579516
88.747856,223,17778.800629
-986.6489,128,17782.701165
97.91156,237,17786.688193
96.449814,193,17797.636113
93.22965,221,17798.496235
95.84275,204,17799.442012
95.400215,196,17807.166791
-976.9411,142,17809.418269
93.108696,189,17813.514912
95.59747,216,17818.316333
100.75777,181,17819.722092
98.46345,184,17832.763248
101.37888,181,17833.444543
-999.00775,226,17839.849531
98.95315,202,17846.873356
105.66698,225,17849.504289
95.12568,195,17850.240945
-976.7016,185,17853.476977
93.82674,186,17855.794239
94.57816,190,17869.363902
97.23127,215,17872.71651
97.66134,183,17886.732585
96.18064,220,17886.875551
78.61819,257,17886.875551
99.30955,207,17887.913331
97.429955,214,17888.388911
94.36734,189,17890.380115
96.525246,187,17908.459946
95.143005,208,17908.459946
-978.1296,127,17913.340952
100.39799,182,17921.68604
92.73506,201,17925.325877
100.2447,219,17929.454053
100.47636,228,17930.300866
94.88529,229,17933.95316
98.628075,218,17948.170015
97.02824,195,17948.632174
98.706856,196,17958.307332
101.12629,181,17959.192929
57.033596,308,17966.238243
92.1673,216,17969.593323
97.66392,222,17971.639656
92.71535,208,17972.273377
-976.2696,137,17974.569869
87.22634,208,17988.945348
97.78978,198,17996.732108
101.84207,213,18000.083849
90.35722,218,18007.953509
89.45264,200,18009.541461
96.482185,215,18014.872124
93.94532,221,18015.698662
94.41226,224,18018.089615
-963.53284,180,18024.941705
101.83972,198,18035.076967
102.81228,182,18035.542838
-981.5992,128,18042.695951
96.42227,202,18046.435829
94.448425,204,18047.492569
98.69777,182,18048.794667
76.30227,218,18056.622957
95.84315,196,18061.183305
98.09352,209,18073.506191
102.591736,225,18076.746348
101.20023,227,18085.368879
91.828804,197,18086.520348
87.15376,209,18087.331728
85.698326,231,18089.966131
-971.61536,155,18090.184793
97.96208,205,18095.116481
96.88613,198,18110.610378
102.95364,182,18111.100966
-971.4392,149,18113.72138
-977.0337,139,18116.165783
97.69438,182,18119.217504
102.96933,182,18123.819031
85.26315,205,18125.681477
84.370285,217,18135.644419
94.31989,207,18150.345319
-968.91315,142,18150.57081
-975.4432,141,18152.360378
97.848625,227,18153.950453
85.98907,218,18157.2651
95.85505,215,18159.796255
76.18352,296,18170.139906
93.164566,184,18170.765165
-980.46985,131,18176.150805
-978.37744,138,18186.794688
95.99876,197,18189.934602
90.03002,197,18191.372913
90.43564,203,18196.078068
86.280815,243,18196.735691
94.844955,182,18204.223941
96.92932,198,18208.353042
101.93204,182,18223.938894
89.71091,211,18225.374981
76.04535,284,18227.956192
89.13267,233,18234.949684
92.41879,210,18234.949684
100.61049,185,18239.290432
98.03135,182,18241.710986
76.62153,291,18251.444119
92.49682,199,18260.63547
92.534904,199,18262.070862
105.507935,185,18269.566709
96.199394,222,18270.08653
99.52431,182,18275.821856
86.49495,232,18278.272011
97.741104,199,18288.645056
83.16744,278,18290.681822
-971.81854,127,18293.120134
98.0994,185,18298.207059
101.33883,210,18310.277059
-994.05566,80,18312.707223
81.36688,277,18312.991234
85.25444,235,18320.15738
78.78892,233,18322.681026
98.61288,212,18333.144829
100.82133,228,18333.765034
99.68081,251,18335.93653
-981.2489,119,18344.848296
87.10882,202,18347.558165
94.254974,188,18355.117749
102.098915,229,18355.272895
99.265236,239,18357.902676
96.60722,197,18370.607042
84.85969,213,18373.242165
88.76637,221,18376.913585
96.82557,195,18383.808793
95.47368,229,18386.658874
95.624466,196,18391.10852
93.93689,213,18394.903039
-993.94684,78,18401.859091
98.934944,182,18404.127897
89.484375,265,18406.730356
92.9533,195,18409.434242
94.31053,185,18411.534412
92.456566,198,18421.372341
96.79387,193,18432.044014
91.49738,211,18432.044014
85.60537,223,18444.062407
94.0158,215,18445.448222
89.940674,206,18446.474376
95.76649,197,18447.113727
-978.0753,143,18448.91368
89.36007,199,18449.754903
100.21094,182,18465.947859
84.1253,225,18474.606087
99.39651,184,18479.659672
102.856285,182,18480.419022
97.61443,182,18482.172637
92.94517,198,18486.358931
93.620926,212,18486.909241
92.53113,198,18487.352122
104.36765,208,18505.988557
101.60745,182,18509.117369
102.30652,184,18515.217498
98.32529,182,18516.199732
84.931404,226,18521.898427
92.53494,190,18522.505233
79.67318,211,18526.572879
88.58553,213,18527.638979
102.586624,182,18540.091436
-994.2086,123,18545.963684
85.89314,210,18550.027295
98.720375,182,18550.682736
104.042534,215,18559.2265
-972.949,167,18561.869652
99.57831,205,18565.217587
93.2312,197,18567.413275
-964.0111,137,18578.775849
103.18256,182,18583.529885
100.16828,222,18585.79345
97.54574,198,18590.093779
-965.66486,164,18594.145362
101.15255,184,18595.731051
93.91044,196,18602.275363
-972.1293,145,18605.674319
97.53907,212,18606.563708
-975.02234,143,18610.529125
-982.97546,109,18611.117109
-977.1951,144,18612.985223
99.36741,200,18631.645938
106.30783,227,18635.714425
95.5786,209,18640.843019
88.46987,201,18643.220618
94.38038,190,18645.734598
89.26976,210,18648.842477
85.67671,251,18653.478873
87.05409,225,18654.283094
-966.10504,186,18667.363034
101.71923,182,18676.796622
88.72052,226,18677.986531
99.39208,207,18679.574875
97.777855,197,18682.625738
103.3455,182,18687.043082
102.21676,225,18690.429959
95.05644,196,18690.637998
-982.9237,100,18697.45594
-989.40393,95,18700.038805
93.13473,203,18705.045768
99.842224,182,18710.99619
97.41577,182,18711.797892
101.91719,182,18725.517883
-967.97614,149,18728.114504
93.62676,225,18729.359616
102.12771,187,18733.263729
101.54872,244,18735.699524
101.71109,182,18738.39482
101.44429,182,18743.964863
76.98289,213,18750.735285
-983.4487,140,18755.020289
104.08698,209,18763.617074
95.036705,192,18763.617074
99.514755,182,18769.837995
94.932884,203,18770.322289
100.09836,185,18772.876222
-974.4441,140,18789.773461
93.37934,223,18793.065556
82.874985,278,18795.944402
98.2677,223,18796.678955
101.76134,182,18797.785628
104.249405,186,18805.080995
99.508575,193,18806.90972
90.037926,207,18812.11439
-982.604,141,18823.297536
92.09248,197,18827.70263
91.181854,192,18829.717598
98.90501,182,18872.546821
-969.4227,142,18875.953588
92.5665,223,18881.425291
94.132614,194,18883.93617
89.19254,223,18897.41379
92.88844,210,18906.212771
86.63786,212,18909.583309
92.11177,205,18912.304255
94.58417,192,18912.859594
86.631615,243,18919.22101
-965.8142,180,18919.766897
87.22245,213,18923.184445
102.081955,181,18932.522017
-985.86847,132,18938.619847
-977.5989,133,18944.358551
96.66915,181,18949.278485
98.761154,213,18952.982466
83.631905,245,18954.781221
95.38627,182,18959.463871
99.72629,235,18965.394551
-983.7964,126,18969.140943
91.87872,191,18969.290083
100.715546,182,18973.712191
-980.2941,137,18978.046187
102.117134,181,18983.102708
95.88231,188,18989.768352
86.33528,196,19001.325727
-975.0203,150,19001.325727
86.002495,233,19002.421485
102.01517,188,19003.554738
99.894356,210,19008.064497
96.47959,196,19015.047073
103.13975,182,19017.184711
-974.35974,147,19017.307215
-981.75586,95,19020.938875
97.94937,198,19039.149779
94.773636,198,19041.080904
84.98569,213,19041.494562
-975.70184,145,19048.245141
87.10311,219,19049.173367
80.46463,206,19053.575092
97.65301,198,19054.181443
98.386116,210,19056.526375
-964.2777,147,19065.818721
-976.0049,124,19077.033217
94.66491,194,19077.834672
-971.32227,145,19080.965315
90.74077,225,19083.504111
92.98238,210,19087.873497
92.0426,219,19091.2483
98.31329,182,19091.387405
82.034904,241,19111.787558
102.9046,182,19112.4054
-977.96704,143,19114.433662
90.29704,204,19115.111504
94.875534,205,19121.869664
87.999886,226,19124.107317
97.55679,213,19130.776814
-985.8511,121,19134.62709
95.245674,258,19139.584371
-977.1431,136,19149.275397
92.3482,193,19150.321555
95.078224,199,19152.131582
92.36681,223,19154.011028
101.04373,182,19156.036726
100.69624,183,19165.50522
101.09768,182,19173.42068
98.66248,228,19177.607345
96.873436,182,19183.94144
99.30571,182,19186.128938
99.43459,193,19190.383175
90.79206,231,19194.279937
91.69806,224,19198.922724
93.96973,198,19203.009436
98.05602,182,19207.228751
-979.11554,128,19207.448199
92.12338,253,19225.003927
103.12547,210,19226.112222
98.53525,222,19231.533726
102.22641,182,19232.000604
85.508995,229,19236.15357
86.32475,218,19242.806359
100.923454,201,19244.42644
98.81462,202,19244.902855
88.06986,199,19263.279394
84.92211,221,19266.065433
95.19833,193,19268.426913
104.19717,220,19273.174967
104.76923,181,19277.342338
95.29707,215,19277.484039
100.47181,182,19279.792745
92.438225,236,19289.417385
-981.91473,137,19291.774611
-988.193,100,19291.895966
99.57233,182,19301.866935
90.541855,215,19302.658357
102.23575,182,19310.913186
93.22848,198,19314.429934
-970.78064,146,19316.168931
96.501,202,19316.683177
97.29126,200,19329.652852
105.06795,223,19333.17384
91.035545,195,19339.116614
93.29464,227,19344.8074
104.16839,181,19347.703401
97.233795,209,19350.012761
96.67836,194,19352.474146
97.62837,202,19354.511587
95.21934,208,19367.541294
104.25234,204,19370.239318
-981.39233,123,19372.643196
87.96932,199,19376.194896
101.690765,183,19378.575726
101.89207,182,19381.979725
91.449005,226,19396.258406
82.90698,240,19396.720926
89.93934,227,19409.04669
100.98155,182,19409.584023
89.92287,243,19415.395048
94.08515,206,19416.314208
84.554085,240,19417.031973
92.33715,206,19418.882644
-985.5786,133,19420.675213
-966.34247,184,19431.809537
-988.684,95,19433.973774
98.10389,181,19450.613929
99.40909,218,19451.022559
100.897736,182,19451.47068
83.24265,231,19452.683078
99.470146,193,19455.093035
91.22238,214,19461.189942
101.06937,182,19465.304766
-978.2431,115,19472.056643
97.245346,227,19475.973523
-968.2393,163,19484.937919
90.69628,194,19488.420091
93.69581,214,19490.774422
85.3343,220,19491.138218
94.1784,183,19498.443698
88.62825,225,19502.948753
96.88646,202,19510.30088
92.88044,197,19522.128057
86.27845,270,19525.866445
90.74996,194,19526.764439
92.20239,199,19527.149381
89.20451,217,19528.302391
77.97084,193,19534.292089
99.59327,185,19536.591789
92.10736,198,19558.286598
66.19237,266,19558.286598
103.30091,182,19558.895874
96.347855,193,19564.324719
103.78924,235,19571.17146
85.15779,244,19572.232482
94.762146,195,19572.75193
86.6583,237,19578.714111
102.76579,182,19593.323344
95.20016,196,19594.895225
91.19714,239,19602.787899
101.70868,184,19605.338131
98.651665,233,19607.985188
90.13884,201,19610.530152
86.48503,217,19612.78774
75.48413,270,19628.857607
95.26993,198,19630.411268
101.85775,191,19630.985486
-981.2978,124,19635.506224
94.7629,190,19638.424511
102.53525,202,19642.909812
92.603,211,19647.611547
89.26166,236,19654.026615
-964.6098,161,19660.443431
93.637314,234,19672.423713
90.94245,207,19674.843769
92.19836,209,19677.410621
90.167114,253,19677.761719
94.30112,215,19683.276148
91.72584,199,19684.268862
100.22202,183,19689.536728
-988.017,105,19694.820822
-965.5879,158,19702.396407
99.03076,237,19704.83783
-978.82245,149,19711.298588
103.32395,182,19711.887987
97.294235,195,19714.29171
99.2749,194,19720.78305
-976.65027,136,19726.897398
103.764565,210,19727.383799
91.23341,192,19729.899754
-975.8668,145,19741.951716
100.16775,182,19746.2826
84.79389,237,19749.063092
93.119194,217,19753.880027
96.78913,197,19759.060922
101.20383,229,19771.095065
86.13672,227,19773.689272
91.32119,239,19773.917392
101.75037,185,19776.938896
91.40314,196,19783.110479
-972.6342,164,19784.058869
-986.316,143,19784.74044
81.70345,210,19789.991135
103.6327,182,19808.401324
-978.2535,144,19810.979964
82.95402,232,19815.962012
94.32709,213,19818.23887
102.54838,240,19819.567009
93.51776,199,19827.497632
100.76989,227,19828.550804
86.50632,241,19830.423462
95.969215,201,19846.284388
92.79647,197,19847.849468
-982.18536,115,19851.714966
97.09577,204,19854.112727
93.17591,196,19854.805812
-975.6853,145,19854.99668
100.27873,184,19862.99612
84.13067,243,19865.043038
-980.46,118,19877.394018
100.67925,182,19886.614765
95.74558,213,19888.388973
103.57304,182,19888.830939
100.66737,240,19892.01826
81.264915,206,19893.916037
104.39999,221,19907.494495
88.298035,232,19907.619096
104.01047,182,19923.170927
70.365456,253,19924.702264
99.301544,182,19925.96164
93.61829,203,19926.474871
92.358444,225,19929.643323
89.44919,197,19931.451902
93.616844,196,19945.084333
98.7414,202,19946.011203
-974.46625,139,19951.618107
102.044106,181,19957.436677
98.64152,184,19960.906909
103.36269,182,19963.152582
97.59421,199,19963.359836
88.14858,244,19977.016781
79.16356,205,19982.258021
96.894745,200,19982.55367
103.04679,181,19985.104469
106.195496,181,19991.177206
-990.1109,80,19997.382836
98.23888,197,20000.564403
94.35312,204,20001.731907
-989.68756,90,20002.013497
87.07311,226,20003.312905
86.72775,211,20015.895229
89.36724,200,20019.782708
-981.7774,138,20023.453735
95.390816,227,20032.74489
84.31816,214,20039.309967
90.93456,227,20043.240047
84.450134,237,20045.037018
97.06068,242,20090.55556
91.741394,196,20099.858559
87.65876,217,20099.858559
-979.9987,114,20104.825967
101.313354,232,20109.632984
85.49993,210,20115.361652
102.78892,181,20124.654593
92.77393,219,20127.31077
-984.60175,127,20128.039323
85.390144,216,20129.281031
-979.1234,127,20133.667751
83.03855,214,20139.409778
-983.2575,118,20148.244929
100.44509,181,20149.924367
81.10328,280,20151.926116
-964.1916,146,20155.971832
95.96872,203,20167.770982
101.368225,198,20171.692133
86.608315,233,20173.786974
100.059074,201,20178.591187
102.199165,220,20189.707041
95.8974,210,20192.748346
85.57926,224,20192.748346
90.868355,212,20196.618743
91.615746,213,20207.49751
97.832275,191,20207.860996
103.543785,182,20213.218332
94.29924,213,20214.921873
91.110466,211,20230.467445
92.712105,203,20231.434079
88.03989,222,20234.437048
-982.9092,114,20236.154449
92.70203,223,20238.890054
-976.4901,146,20241.167092
95.1237,197,20245.750611
91.58883,200,20245.910264
102.58639,182,20264.07127
99.1196,187,20269.952371
99.03365,219,20271.889442
100.158226,182,20272.44247
102.53766,182,20279.638451
88.01463,214,20280.675638
98.44963,247,20282.793528
86.73905,239,20290.184041
93.51721,206,20302.134864
100.43797,182,20305.887927
97.53459,214,20309.467844
103.60139,220,20313.514715
-965.66425,191,20314.696058
97.52515,204,20318.696669
87.475975,196,20319.124734
-975.2031,143,20328.387222
90.76161,239,20334.363797
-975.7907,119,20335.394333
102.11501,183,20342.544751
94.25635,213,20344.859868
100.895874,182,20350.955173
-962.7177,192,20353.546376
87.7212,212,20353.546376
90.46299,198,20367.775756
86.454796,194,20375.17646
100.79848,218,20379.297385
98.92227,182,20381.790303
90.6203,213,20389.360307
88.51644,196,20393.768437
92.71583,198,20396.160883
72.290955,218,20399.720077
-986.1392,113,20400.804006
85.52324,215,20411.209618
94.06072,203,20414.584257
90.810265,217,20422.987949
103.67865,182,20424.159152
103.46977,181,20427.450408
103.71577,182,20434.150362
88.97664,209,20435.354926
78.603355,201,20438.78408
99.9484,182,20448.606519
92.03175,210,20450.267673
103.29086,182,20457.195637
-981.0415,140,20462.470941
103.74613,212,20467.623334
87.34927,244,20469.908365
95.927505,190,20474.730204
80.880066,235,20478.436774
104.690704,182,20484.473615
97.457634,196,20485.53557
96.49746,199,20498.830616
87.29848,234,20500.81044
103.57927,181,20504.334472
101.35077,221,20509.119308
105.63086,181,20512.552303
92.01078,208,20513.366547
90.41792,217,20526.149771
87.3856,217,20527.087694
103.16383,181,20538.421146
102.32924,182,20543.324384
97.31208,227,20543.740064
93.31207,243,20545.014558
92.92408,199,20549.916319
94.71478,198,20550.560917
91.17259,195,20563.452989
95.415245,216,20566.140464
100.22644,182,20572.100474
-975.7431,138,20576.389216
-979.38336,136,20577.029854
97.94802,182,20578.239425
95.95343,210,20582.683625
92.59703,241,20590.459496
102.98901,182,20599.531559
98.01196,203,20600.210261
96.85783,195,20608.169137
91.12464,194,20611.719093
94.50528,198,20614.821959
-978.11774,146,20616.737851
101.759186,220,20616.737851
81.782555,233,20627.053813
-966.8086,171,20633.617234
95.43343,210,20640.022829
-976.232,138,20643.71804
88.92844,198,20646.048894
99.55183,182,20651.422783
92.87235,213,20651.817872
95.5445,199,20652.207722
98.69762,189,20661.991335
87.07341,214,20676.359641
-976.1827,139,20680.846301
103.28587,230,20691.578441
-996.7142,71,20691.578441
87.53332,254,20692.114699
88.49589,198,20693.675803
89.826996,194,20693.676807
88.88585,248,20698.737014
102.79411,197,20707.113484
-991.32416,109,20715.631673
93.87407,197,20724.481087
103.42964,182,20731.31658
97.732124,206,20735.740793
102.14456,224,20741.513491
82.557884,227,20742.122617
103.17895,182,20743.438219
80.551674,237,20747.089338
97.15812,224,20759.060207
96.13447,206,20763.418095
-972.8634,122,20765.378896
97.48981,185,20765.496445
103.110825,182,20774.191316
90.092804,224,20776.038554
92.38075,213,20780.520283
95.888054,203,20784.609513
-973.48145,144,20785.701462
102.7924,181,20795.650131
92.92651,201,20802.485293
84.58904,214,20805.781381
104.539986,181,20812.657863
96.59833,204,20815.299114
102.66146,182,20816.898577
94.91261,186,20822.367505
82.54519,236,20832.304993
96.04766,201,20837.801498
93.096176,204,20844.464764
96.18946,207,20848.05783
101.38644,185,20848.937776
101.092545,195,20851.559184
96.60895,206,20856.622195
82.290016,212,20871.594533
105.68016,182,20872.096565
-974.0809,132,20873.394694
-969.86847,149,20876.079767
91.82271,206,20883.871388
63.858345,328,20886.110522
101.11524,182,20891.689957
84.196465,216,20893.939991
96.928535,215,20913.013605
100.20712,233,20915.770916
102.44161,229,20916.706055
97.56308,227,20918.678059
99.53238,200,20920.504965
97.22421,210,20925.443025
104.6717,194,20930.169543
89.36433,226,20934.141757
-965.3827,155,20945.812444
102.31884,181,20947.546553
93.22865,198,20953.977177
95.11212,187,20956.078145
100.38307,182,20959.733084
99.77919,228,20962.225962
99.71971,182,20965.065347
-973.5897,175,20967.554316
106.048195,181,20979.945854
95.21372,219,20988.809385
99.12505,182,20991.055904
91.51493,201,20992.843713
94.05165,196,21004.80495
93.77654,212,21005.09664
79.992195,235,21006.722107
92.045494,249,21007.028522
-986.58105,101,21011.100491
-975.02136,164,21011.526325
86.78311,216,21029.105203
94.69553,224,21034.122916
105.754265,182,21038.599919
104.38037,181,21040.048513
88.21255,203,21043.570291
73.35475,216,21044.479388
95.809326,199,21047.001718
86.4923,220,21052.336425
101.87744,182,21063.314555
98.200676,182,21068.299622
97.717896,194,21074.365375
-978.0508,123,21074.510473
94.70892,205,21078.689343
100.1167,182,21081.968569
92.33697,198,21082.563518
95.50111,213,21084.780576
-980.7959,138,21094.945273
87.17637,215,21104.172688
-988.65234,119,21105.024687
95.16787,200,21117.417282
95.813255,236,21119.685685
100.73888,246,21121.617203
95.56666,219,21123.72339
-977.25214,141,21131.736465
89.770134,264,21134.985816
103.812355,181,21139.801581
90.53715,255,21143.587278
104.82818,182,21152.808411
100.956955,187,21156.287983
-980.31586,133,21157.132789
94.43731,199,21161.53945
94.62961,213,21162.536437
86.32637,227,21178.326907
103.15753,206,21178.847398
76.79344,220,21185.4724
-976.16504,152,21189.925946
98.53791,187,21190.867791
94.59911,199,21194.722048
94.21939,229,21195.597602
98.6853,208,21201.430131
-982.3397,147,21205.028088
86.71614,216,21218.867581
-971.0585,165,21220.820702
-967.3486,158,21224.212171
92.45491,214,21224.475259
91.422295,217,21230.641039
88.38867,236,21238.143249
101.74324,227,21243.625024
89.40183,242,21250.715976
97.526146,199,21256.546395
94.18952,199,21261.82755
91.55722,201,21262.280371
82.560936,239,21265.080744
87.97678,232,21274.146062
88.98029,228,21279.881162
96.905464,218,21325.425911
-995.40247,70,21328.72855
-978.1181,144,21333.501287
97.60088,198,21334.551071
87.26524,233,21335.613109
100.74508,197,21339.776084
86.905785,230,21346.807177
-979.5363,132,21358.908052
100.18296,215,21361.951186
103.32879,182,21363.063094
96.96234,201,21363.311993
87.51027,209,21374.309894
101.208786,182,21374.774706
102.41575,225,21378.517602
89.65094,233,21391.894114
104.23831,183,21393.888692
96.935974,210,21404.258304
89.52271,217,21404.380175
98.002075,223,21406.451845
98.652504,182,21409.742589
91.74214,199,21413.611206
99.905594,182,21414.066178
101.90407,199,21430.247891
93.4018,228,21438.659651
102.97707,182,21439.835928
100.72298,185,21440.087479
90.568504,194,21444.196528
92.38338,196,21451.806066
99.468376,221,21452.515459
86.82179,248,21460.159862
91.98288,195,21467.471098
-982.8197,125,21467.772058
83.43489,216,21478.629654
95.90474,219,21481.276488
90.90819,236,21484.597321
104.2918,182,21485.646296
80.4541,236,21496.502534
-969.8428,155,21496.757232
94.482124,198,21497.926825
96.2775,204,21505.795918
98.326065,182,21513.137953
96.21354,204,21519.661214
91.11797,207,21523.639599
90.1694,241,21530.629222
93.579025,194,21533.027951
97.3876,207,21536.866445
83.34294,217,21537.609339
99.09314,208,21545.638362
89.684296,196,21550.24608
-972.6831,164,21550.514379
-985.2844,116,21552.703102
95.16062,196,21561.43588
95.42695,202,21576.007769
92.05915,199,21576.123681
97.01637,252,21582.522204
100.48413,182,21586.571834
104.80228,182,21589.99228
78.305984,251,21595.583524
96.07243,222,21595.583524
97.09077,210,21604.770942
97.8759,210,21619.262336
104.82833,226,21621.678524
97.79864,199,21621.91151
101.13045,182,21625.987445
91.42374,199,21626.438932
96.0699,200,21634.083479
93.592636,201,21634.217541
-990.6945,77,21636.260621
99.229576,248,21650.672291
92.78117,197,21659.062981
102.69273,183,21659.929204
-994.75543,128,21660.469842
101.720116,228,21661.278533
95.73111,212,21665.782469
88.96411,206,21672.917295
87.11544,269,21684.238557
-967.96344,208,21689.974175
-982.1847,147,21693.453252
99.5255,182,21694.301584
100.00018,182,21696.001179
88.02004,206,21698.905593
87.88155,220,21700.426749
94.02905,198,21709.821661
-975.058,151,21721.315225
89.437004,211,21723.999257
89.424995,213,21729.18397
100.598076,182,21729.18397
96.30123,216,21734.411744
89.75672,195,21737.184464
96.53298,217,21739.481109
-979.8176,131,21748.01653
94.94923,220,21750.642266
94.57961,199,21757.640213
99.40704,182,21762.404445
94.22613,215,21768.489825
91.302956,192,21768.722168
95.05656,201,21775.691193
88.83813,230,21778.549397
91.141205,202,21784.955614
92.529945,194,21785.732854
102.71348,182,21791.86202
91.087746,209,21802.096052
99.380585,207,21808.319879
89.192085,228,21811.548492
92.26251,209,21815.334308
89.73185,220,21819.210346
101.96385,181,21819.210346
101.35696,193,21821.061727
93.114914,212,21830.875234
80.93426,239,21845.421279
94.623055,203,21848.358656
89.67855,225,21849.120788
101.2797,181,21853.547349
101.81497,182,21853.790322
97.33072,226,21857.486286
99.343735,222,21862.621334
98.53963,198,21868.241943
102.753395,182,21882.554413
91.97763,213,21885.446485
102.34755,181,21887.127124
92.34609,219,21889.982471
94.9692,205,21891.291553
89.32829,234,21901.403114
92.38447,223,21903.958323
98.63646,196,21904.204122
-979.33167,148,21913.098589
-970.50134,148,21914.917071
-973.89136,144,21918.570655
87.776054,206,21921.795577
101.83138,228,21932.704415
99.118004,198,21941.24141
84.68337,237,21944.20647
103.47937,182,21947.032181
-986.9281,235,21947.379309
103.60314,182,21947.862894
96.82568,197,21955.967943
97.87483,203,21960.004689
89.25754,210,21971.83634
-962.8154,170,21972.752424
105.84683,182,21983.081636
94.4731,188,21983.396394
83.60337,215,21985.054523
86.83433,220,21988.546834
94.28567,187,21990.62825
94.369385,202,21997.036425
103.277084,182,22006.232421
-992.6795,75,22010.160339
86.948265,209,22010.384407
103.3679,182,22016.551823
100.33475,182,22023.432056
89.12136,226,22024.02359
98.12646,232,22028.380828
99.77317,234,22032.556057
99.769714,182,22041.972359
84.14022,202,22049.995965
95.82105,211,22051.050593
100.8736,216,22057.798822
101.108574,182,22058.506761
93.726295,212,22064.8673
97.520515,195,22065.262621
89.325676,195,22069.078343
103.19097,182,22075.893624
97.50022,195,22086.107265
93.17477,221,22092.088096
89.485,203,22095.430616
98.179985,201,22096.119135
103.112404,182,22099.146634
68.93068,244,22110.64465
72.580025,223,22110.873427
91.447266,199,22113.282015
102.83279,181,22126.186925
87.68025,228,22128.325801
102.39346,181,22128.996672
89.07174,202,22133.903936
-977.8816,135,22135.243982
85.83701,228,22142.139504
90.79956,211,22150.032591
96.83689,203,22150.364273
93.08304,215,22166.37413
95.01907,199,22167.0228
89.58273,212,22168.555017
102.397026,182,22168.555017
-974.31274,192,22171.584064
92.48935,201,22180.623666
102.00945,182,22186.148123
83.57328,196,22189.683656
-973.35876,146,22197.170256
100.576035,204,22208.24814
94.6654,199,22208.4881
-981.0589,127,22210.930179
90.98792,196,22211.437341
94.6833,222,22213.123651
93.04605,212,22222.77763
67.03796,221,22238.055086
80.32498,259,22239.100257
101.48356,182,22246.964665
107.56178,211,22249.083799
89.402885,224,22251.010426
100.51394,200,22251.257387
-970.55054,150,22251.501862
93.315544,227,22254.93374
-974.8223,146,22273.51905
99.99794,191,22275.556785
85.814445,223,22280.602575
90.26666,200,22285.628446
93.00983,198,22287.923409
66.62177,225,22293.862903
88.3961,232,22294.660595
85.242195,214,22294.80481
100.88086,182,22307.629413
97.883385,198,22317.443643
96.62548,231,22318.88042
102.77164,182,22322.356369
101.25722,182,22327.730437
97.07383,225,22328.499266
101.45913,182,22328.630746
91.53373,195,22330.821575
96.3858,184,22342.308214
-971.425,132,22343.280764
104.28894,182,22351.654965
95.81545,210,22361.593358
102.918816,182,22362.655753
105.77889,182,22362.807297
104.00899,192,22366.519452
95.54939,211,22366.748693
-965.31714,159,22381.144546
97.89218,211,22381.372679
90.41581,211,22382.879012
-977.69965,145,22393.334563
104.6763,181,22395.418299
87.50445,209,22400.358548
97.262505,217,22402.921702
90.56634,200,22404.107269
-979.13086,170,22413.210797
91.122375,200,22419.363365
86.397,234,22425.94523
103.610435,182,22427.483141
103.332275,182,22429.703418
-977.2533,144,22430.179137
100.26924,182,22436.488881
104.37745,220,22441.410124
85.66354,232,22455.696242
100.10604,224,22459.743719
-979.27545,158,22465.110674
87.84131,215,22465.239174
92.64776,211,22465.602706
-981.79065,202,22466.886448
100.29985,218,22469.513945
104.86424,228,22483.18777
92.2729,199,22495.964364
96.422615,233,22498.476184
102.46167,182,22499.785296
94.304535,214,22548.133173
98.37631,215,22550.326599
80.580925,215,22552.952946
100.543465,250,22555.238569
98.59692,198,22563.019211
99.59841,195,22575.970435
91.668945,198,22579.859392
79.57379,253,22589.081176
99.84294,195,22589.081176
86.20137,213,22590.31952
96.59232,196,22591.306977
81.22865,244,22593.686451
93.573746,196,22599.582196
-975.0571,178,22608.580073
91.635124,211,22619.460062
99.28073,182,22623.783107
83.44178,225,22631.477583
90.65116,201,22631.960334
100.19971,186,22634.452798
86.71876,242,22634.578864
91.91662,234,22635.244153
105.509544,183,22644.191546
97.10411,206,22659.678226
91.38087,195,22662.664059
96.96202,182,22666.558187
99.42209,182,22667.045819
94.22841,195,22671.884547
94.87801,197,22672.605256
99.71238,229,22678.663357
99.402405,188,22679.009147
101.76804,181,22695.302093
87.529076,200,22696.242034
-981.23804,205,22704.205975
92.08412,210,22710.298712
95.25596,248,22711.747295
96.94795,205,22716.803284
94.08612,216,22719.40958
83.05545,278,22724.075055
94.40293,194,22732.403345
90.94292,206,22735.045132
93.824936,229,22747.411384
99.32352,198,22747.582073
95.67085,198,22755.134667
98.77339,231,22756.61721
88.524704,198,22758.031348
94.98807,197,22762.100593
-981.0364,156,22765.462657
87.05237,220,22774.849925
100.87111,189,22785.04307
97.20868,209,22788.571067
88.77233,206,22795.336149
97.95656,206,22797.427924
90.3489,195,22799.500419
102.37708,182,22799.888972
95.20643,227,22800.063955
-985.69293,87,22805.308354
103.28982,182,22809.622519
-994.67377,65,22812.443058
-991.12396,74,22814.691571
89.14369,195,22823.12879
105.23972,182,22835.094892
97.70173,212,22835.413011
86.06895,210,22837.960933
95.62634,197,22843.171958
95.32776,208,22849.495437
89.9395,216,22853.147906
83.20705,210,22854.142027
107.59883,214,22862.868846
100.68414,182,22872.195598
-997.3023,126,22873.017656
102.54078,228,22879.010015
94.28746,230,22879.010015
100.237946,201,22881.024309
105.818375,182,22888.404734
89.929535,220,22894.70144
103.266975,195,22899.469844
94.39565,196,22908.980087
-982.0029,157,22910.964841
91.65183,201,22917.432829
86.7154,251,22920.804493
84.6904,228,22922.139215
87.400314,223,22931.183477
95.48056,200,22932.380248
-993.4819,78,22936.783966
93.52231,201,22938.426806
84.62791,202,22949.020911
90.95898,203,22951.316426
100.924614,181,22957.193057
-988.16565,125,22957.193057
92.68843,229,22963.19912
80.65781,234,22981.366027
94.25689,214,22982.485735
101.12305,235,22985.206887
93.24415,200,22989.37952
-979.69073,148,22992.114927
94.10568,213,22993.651211
95.448814,197,22995.820646
94.81631,225,23000.643474
-977.5621,151,23012.3252
102.284454,182,23015.94364
88.75839,226,23021.991158
98.89033,197,23026.842606
86.039925,212,23026.842606
92.988144,214,23032.299078
-993.59985,81,23037.431354
97.36795,247,23040.931359
86.98579,232,23043.770096
78.76021,214,23055.473264
85.72713,270,23061.929109
88.27157,191,23062.76511
96.87878,196,23063.798984
104.47064,185,23066.69596
94.93032,212,23076.938953
95.271545,197,23077.748538
94.50961,199,23080.58496
91.47313,199,23093.437961
101.18824,181,23097.183196
91.43239,201,23100.732158
101.08041,201,23101.62617
96.77195,210,23106.423751
102.809875,181,23111.799664
83.33842,205,23114.907089
99.31837,212,23119.813445
102.859764,182,23133.85481
86.9933,231,23134.71905
94.97123,228,23139.079647
99.512184,201,23139.604529
103.137794,182,23147.270409
82.61646,220,23149.16555
91.29307,202,23154.645969
98.91715,206,23160.439888
-992.9579,71,23167.369397
100.25811,182,23170.617655
100.34937,190,23172.435882
92.82491,197,23177.927663
96.83375,203,23179.196193
87.40691,193,23182.667035
89.496704,210,23187.777403
89.947914,216,23200.392919
100.750435,182,23204.651543
88.535645,206,23206.379661
106.30381,190,23208.734134
100.73746,231,23221.885371
97.011536,201,23221.885371
91.12789,225,23222.22754
101.99942,182,23222.886414
-968.2506,145,23228.252597
101.366234,183,23240.243217
94.614174,213,23244.329932
101.76563,195,23244.750535
100.1173,182,23254.10279
-978.0028,146,23254.23959
98.90198,204,23258.335273
93.34546,221,23261.045728
96.45112,216,23261.296479
-972.68585,126,23267.616787
102.10016,182,23278.689201
-973.64484,142,23285.020885
95.6399,248,23285.944418
-979.92523,175,23286.808146
102.251015,182,23295.626014
86.376396,225,23296.233779
95.02515,199,23304.375976
80.82366,249,23307.749923
106.28304,181,23311.213033
106.396126,181,23318.201763
103.242744,182,23319.541068
98.587456,197,23322.852993
-994.4106,124,23327.122023
98.53206,194,23331.574292
96.179924,202,23332.774047
100.50164,182,23347.260589
87.581276,212,23348.779577
-975.19775,149,23357.033355
86.703094,210,23361.640956
96.74651,222,23362.485499
95.86332,200,23362.994356
91.916046,201,23371.434012
72.39888,206,23373.43806
-964.57654,149,23375.874837
-981.583,124,23380.27983
99.74046,182,23383.986495
102.029854,182,23399.340843
96.62117,195,23401.139495
98.32187,235,23407.046172
96.49185,197,23410.65861
91.91756,198,23415.464215
90.58168,214,23416.012061
94.62743,193,23418.884854
102.06569,182,23420.098989
-974.9927,141,23426.149494
106.17903,181,23441.227736
100.04181,182,23444.068959
103.3145,182,23448.060396
-978.01575,126,23448.214479
99.36504,192,23454.616203
98.40585,226,23458.115296
91.278145,204,23458.246579
73.58943,313,23459.762938
-981.8424,120,23467.923744
100.287125,182,23482.970423
98.311455,240,23485.451236
83.39056,213,23488.761634
101.79921,183,23488.761634
95.17449,193,23494.075456
95.76513,199,23495.731658
77.04844,240,23504.675647
97.8608,228,23510.401211
93.62083,211,23525.921047
86.04852,230,23526.365388
97.613144,210,23528.575929
95.62985,200,23533.674322
94.64258,213,23534.559204
85.720116,240,23534.559204
-975.0803,135,23535.822825
84.11551,265,23554.026809
89.06644,195,23561.597163
102.266685,196,23561.954145
101.62139,181,23565.505146
102.81298,181,23566.814204
103.22728,182,23567.022032
86.514404,218,23568.250861
88.5247,212,23574.535396
-967.2457,132,23586.483664
102.28351,188,23588.362036
-984.7269,92,23591.120461
-967.0778,139,23594.220392
88.75843,195,23598.173609
100.333885,183,23601.271941
101.03989,197,23602.914705
104.00266,217,23608.268932
-981.0666,153,23625.643131
75.5018,213,23626.905179
92.418236,225,23627.498375
86.62322,220,23631.695357
89.797005,205,23639.016018
90.43644,216,23642.053531
88.60169,263,23642.445956
94.37836,231,23651.121385
90.197365,203,23663.250246
96.41212,201,23664.758373
79.53676,215,23671.439029
91.82681,237,23671.93989
100.336716,182,23672.649585
100.43299,182,23675.991721
100.80224,221,23683.344933
106.27806,181,23683.344933
99.93157,182,23697.039565
99.53966,215,23703.484667
102.215614,182,23705.004457
104.83715,214,23711.183252
87.34777,224,23717.248657
91.04412,248,23717.484542
86.04481,211,23722.37517
93.30789,219,23723.725907
93.10694,209,23777.349087
89.76925,210,23784.365505
97.38302,222,23788.872724
94.75048,208,23791.000746
102.96476,182,23792.708892
102.42476,182,23793.095353
102.88586,182,23797.534822
96.53414,191,23800.696729
-967.07764,134,23802.179286
-977.61096,113,23811.914249
97.149315,182,23822.894282
90.21215,213,23824.925156
94.98381,192,23828.918037
100.20701,182,23836.188379
89.146126,231,23837.191688
86.011246,213,23839.488144
94.87527,201,23841.256717
-983.6344,102,23848.885271
101.62272,230,23855.830186
99.39106,182,23857.391091
102.25981,182,23859.592365
-976.8765,115,23860.251575
104.741035,183,23869.589833
94.54221,221,23881.890592
93.84215,250,23883.284641
-978.9346,133,23884.203995
94.52884,228,23890.601768
100.18028,182,23890.733945
92.19762,232,23898.857101
96.07936,238,23902.965414
-986.015,104,23903.362201
88.8981,211,23908.776577
-974.73615,137,23915.63457
89.86407,205,23918.932839
90.39195,197,23918.932839
-994.58453,112,23919.198984
104.36533,212,23928.669542
100.93824,225,23943.035677
84.4092,248,23948.28623
90.100174,223,23948.933204
92.47073,200,23952.141708
89.71521,201,23955.882394
96.253624,221,23959.917674
101.93629,224,23960.526206
-994.25745,79,23965.553656
93.51282,202,23968.441016
-990.1117,78,23975.216871
-993.5686,71,23978.215621
99.03374,192,23981.626251
-980.05927,142,23986.726554
90.24933,202,23987.127421
102.56458,182,23991.07336
-969.7478,138,23994.346878
95.39795,217,23995.037622
93.587204,197,24018.535498
98.82387,205,24023.219105
89.65702,199,24024.587908
102.27397,192,24030.817476
90.736244,211,24033.182916
99.776024,183,24034.714381
82.76179,228,24040.273573
103.01102,217,24041.637558
-978.2346,142,24045.984765
-966.3586,138,24051.228913
99.55362,195,24060.103814
96.89343,184,24068.680026
91.942764,213,24069.656156
90.51622,196,24069.656156
106.032425,181,24075.331106
93.53765,199,24083.011527
98.65872,245,24086.563188
93.73408,201,24088.704292
-984.67926,99,24088.832379
87.29974,193,24096.084613
-978.5387,117,24104.465776
96.144295,192,24104.465776
-991.6417,109,24108.008594
99.628746,182,24108.847328
-976.5853,137,24113.816696
82.189064,265,24119.766179
-994.58057,80,24124.785774
99.62538,213,24126.236735
101.958664,190,24131.763104
103.65799,182,24139.880188
99.62717,191,24145.202425
-985.7726,109,24145.439301
94.07138,192,24155.51817
91.04644,236,24158.479641
100.85906,182,24160.84383
-975.964,295,24160.84383
-981.85626,122,24168.042722
-975.1874,144,24171.454626
101.91858,181,24173.379913
63.656246,227,24174.683487
101.30832,201,24192.171407
101.65265,185,24193.853434
86.69539,215,24198.104129
106.86706,225,24201.489604
102.24895,181,24205.98839
90.556885,215,24207.107913
102.23467,208,24209.324719
105.52701,205,24211.852327
90.63222,194,24229.180224
-979.6044,127,24230.184724
-973.766,139,24236.073292
95.496605,218,24239.100888
96.11885,241,24239.474725
103.117226,218,24243.206717
-989.7096,76,24243.814928
102.44314,195,24248.850002
99.40017,222,24249.254145
99.62997,184,24270.413587
97.360115,221,24271.726742
93.07301,194,24274.36422
99.541534,182,24275.704108
97.037285,203,24276.552511
94.96054,211,24282.243811
94.12184,194,24284.908975
98.01042,199,24286.555592
-983.32245,108,24299.032711
-973.913,142,24304.213061
-993.3897,110,24306.04533
98.842094,184,24309.316892
90.86669,204,24311.584694
86.63885,221,24325.02097
95.71295,205,24330.775422
-990.40845,107,24330.907243
90.00023,216,24333.911442
97.52732,220,24346.593937
98.2698,201,24347.41115
98.104576,182,24350.924807
94.95218,206,24353.286162
-988.309,80,24363.172966
87.15802,215,24367.62475
94.420235,215,24371.683945
92.76613,220,24372.810399
88.09394,223,24376.91637
-975.69336,142,24377.87025
102.294586,238,24391.730128
94.845604,224,24395.005224
98.20788,204,24401.137801
92.11916,208,24406.582935
83.50059,212,24412.456869
92.36185,221,24413.166076
100.269104,202,24414.664527
100.96209,214,24417.985988
-972.76434,166,24422.374182
100.38195,182,24429.347441
82.60415,217,24444.837831
97.9308,228,24451.922158
100.48795,199,24453.537522
99.14774,198,24455.167737
93.142494,205,24460.32581
102.516266,243,24462.551733
98.30846,206,24464.402893
82.06161,233,24476.849722
105.89461,181,24479.803583
97.096054,198,24489.597155
98.79323,188,24490.473397
93.67438,204,24492.25201
96.4858,191,24495.284417
97.86899,195,24498.341391
102.97679,182,24498.563546
-979.7037,144,24518.42436
88.26478,230,24520.319751
87.616585,230,24522.75651
103.18169,182,24524.591434
-996.2497,70,24531.509038
82.82528,204,24534.287591
96.66591,222,24534.464329
98.002525,193,24534.845626
92.260155,260,24547.884015
-992.9474,135,24556.269622
92.67253,199,24556.886085
97.892166,186,24559.630569
80.84182,217,24563.539558
100.092896,182,24568.096726
102.76477,182,24568.871051
102.95951,216,24575.193363
103.36109,182,24581.916687
-976.35187,151,24592.029654
96.07635,206,24595.895263
93.45675,221,24598.614455
92.49381,209,24599.182701
86.738045,212,24610.536361
94.05303,211,24611.233805
96.949425,193,24614.156936
89.66371,204,24623.894419
98.923546,196,24633.174567
101.52852,182,24637.873458
96.98266,206,24640.440911
-976.58966,143,24641.873295
86.76785,217,24646.221776
-994.66504,75,24650.045526
90.43795,201,24657.080356
81.61608,233,24659.990786
99.29122,205,24667.319273
-963.212,179,24678.085547
98.47055,199,24679.54076
101.47046,198,24683.087574
102.5264,182,24687.384021
87.095,216,24690.812598
98.14354,182,24697.573368
91.0896,207,24700.027611
90.34554,207,24712.749856
102.44202,181,24718.628182
-974.3827,119,24718.850704
106.40961,182,24720.648
88.033844,217,24731.386574
101.72488,207,24734.196513
-989.46844,80,24736.127219
90.86008,192,24741.677248
102.16033,201,24745.571817
103.9005,181,24757.106288
102.91571,181,24759.030463
-984.72925,140,24764.76892
84.120476,240,24765.525847
-973.0327,143,24772.365553
100.19677,182,24774.433289
97.044754,229,24780.585245
80.63682,215,24789.251421
105.13884,215,24800.194484
96.24979,195,24801.940665
100.224495,227,24804.094593
79.09503,219,24808.383434
97.666794,197,24810.361338
-979.46606,144,24817.157795
77.18323,242,24821.491504
97.918686,224,24823.402231
-978.8074,127,24831.852581
-973.0704,139,24836.32362
-962.13007,169,24836.32362
92.69068,191,24836.549065
95.401115,214,24843.40903
102.1538,181,24854.67917
103.74095,184,24856.568129
101.83472,239,24862.150173
101.53073,186,24870.031326
99.438576,190,24870.906815
93.28696,228,24873.890188
97.32729,226,24878.246963
-984.0243,92,24878.645005
90.12022,204,24880.841686
74.731316,196,24894.54756
101.26,235,24900.324957
-971.0946,158,24902.414875
100.52704,182,24915.653355
103.275955,221,24918.585699
94.57907,239,24919.155168
94.45952,209,24920.761429
-976.1582,132,24926.977367
72.49798,271,24935.189867
94.8639,237,24941.623476
91.94755,209,24942.770078
-975.04724,151,24949.245108
-974.07153,161,24949.741723
100.57466,182,24953.383819
91.469,200,24954.258533
91.649574,218,24967.852481
100.96186,181,24969.242459
