#{"t_start": 1787072221.770387, "env_id": "None"}
r,l,t
-984.65247,86,0.883317
-980.9278,97,1.005578
-974.6077,110,1.14743
-972.0019,117,1.206932
-974.3028,133,1.358449
-982.592,154,1.555183
-987.65497,78,1.662504
-988.7844,80,1.971429
-986.04926,201,2.013164
-970.28906,216,2.143681
-972.3771,120,2.151808
-990.6127,72,2.226713
-990.2684,72,2.323537
-976.8788,105,2.346354
-990.0043,72,2.675138
-991.7825,68,2.788653
-982.8506,176,2.799846
-988.16016,126,3.207387
-974.6174,111,3.244398
-981.22394,94,3.273348
-979.95,97,3.641716
-980.4784,189,4.174081
-974.19556,111,4.2384
-976.91943,214,4.291261
-965.0879,134,4.48319
-978.9429,200,4.719025
100.15294,203,4.757069
-965.42126,134,4.909806
-976.2125,106,5.29222
-956.63525,221,5.323485
-979.48206,98,5.392968
-985.37054,85,5.658987
-979.5656,101,5.67099
-992.0319,68,5.936763
-989.79205,76,5.967664
-968.7069,157,6.141253
91.7584,208,6.142284
-967.1873,217,6.159441
-987.68384,84,6.427462
-980.13257,97,6.53795
-965.3012,140,6.655103
-990.0196,72,6.788969
-975.5306,114,7.016523
-972.79535,124,7.079717
-981.25397,94,7.308795
-977.31274,104,7.499043
-971.0306,159,7.600834
-982.56573,91,7.645236
-980.202,174,7.754549
-990.602,78,7.778775
-993.68225,63,7.872305
-972.7169,151,8.056436
-972.7054,116,8.077633
-993.3002,66,8.292555
-980.6039,99,8.455213
-973.7909,112,8.875031
-992.00714,68,8.927674
-980.2977,141,8.953651
-982.95026,91,8.963639
-988.23346,80,9.193751
-970.83844,120,9.204936
-967.8243,145,9.254019
98.54082,185,9.490967
-989.61786,74,9.61153
-983.03674,93,10.011244
-973.3161,151,10.299441
-970.7341,122,10.352408
-978.12366,108,10.506964
102.258156,190,10.653183
-985.5712,198,10.671376
-984.1961,138,10.913041
-983.95996,95,10.931246
-988.44434,76,11.103925
-989.4779,75,11.208112
-960.79645,226,11.2887
-990.9355,70,11.314908
-990.37274,72,11.346812
-976.91815,104,11.816296
-983.9928,88,11.848801
-973.45386,113,11.926924
-979.20355,100,12.066794
-977.0562,210,12.224277
-990.40204,74,12.491066
-976.81866,180,12.833838
-967.1944,128,12.872301
-970.79614,206,12.989535
-992.692,66,12.989535
-967.5437,134,13.006068
-969.4975,213,13.06882
-965.532,139,13.195689
-987.34467,79,13.791727
97.58814,188,13.875323
-990.13306,77,13.986485
-971.97614,118,14.184249
-975.8521,109,14.201586
-968.5347,150,14.32588
-976.4448,188,14.72261
-988.8341,76,14.754399
-976.24194,108,14.878554
-992.69727,66,14.957227
-984.1324,88,15.054072
-956.64813,223,15.248256
-981.9243,154,15.725705
-982.0344,96,15.856468
-971.4946,196,15.856468
-985.7172,83,16.105268
-970.3511,135,16.135731
-963.5856,142,16.48487
-993.4553,64,16.766422
-992.4638,66,16.766422
-962.4585,216,16.927012
88.58507,200,17.05432
-971.2632,128,17.104716
-976.4261,148,17.269386
-977.8235,103,17.372104
-959.29425,199,17.693815
-967.4694,127,18.575434
-987.4464,123,18.627369
101.324844,190,18.792363
-995.68555,213,18.822353
-971.1697,224,18.930086
98.73951,189,18.989336
-960.8491,212,19.128896
-986.34375,82,19.342175
104.27483,186,78.901278
-981.70123,93,78.92259
-979.001,102,79.415841
-978.1159,108,79.919768
-978.07666,151,80.417338
-987.153,80,80.45741
-987.1667,187,81.334465
-980.51874,96,81.795184
-983.37054,91,82.24656
-966.5951,212,82.34772
-979.1669,178,82.424855
-970.50824,211,82.808261
-973.24146,175,82.949112
-973.7446,118,84.330961
-982.42975,91,84.377457
-984.9513,85,84.62168
-973.7144,113,84.751809
-962.6885,207,84.776415
-977.61633,106,85.227811
99.90086,187,85.34969
-993.7529,63,86.180879
95.51428,185,86.308977
-992.0823,73,86.463385
-984.8494,85,86.595969
-974.1334,111,86.954316
-979.6632,99,87.787388
-991.79083,68,87.928785
-990.83606,76,88.249827
-979.65186,98,88.888393
-978.2078,102,89.090056
-983.2712,220,89.516587
-978.5169,102,90.082864
-967.9308,212,90.211508
-980.90094,102,90.483018
-978.65936,162,90.675556
-977.94727,103,91.085599
-988.51276,76,91.10689
104.590935,185,91.9264
-991.7468,68,92.074265
-982.2868,92,92.392419
-988.18555,165,92.554666
-969.8988,138,93.071174
-973.366,113,93.446241
-973.27576,114,93.446241
-986.72253,194,94.260078
-975.99365,108,94.339836
-978.0628,105,95.01155
-985.8912,87,95.579003
-977.4594,106,95.956205
-987.8127,78,96.108839
-988.6289,168,96.20163
101.56457,184,96.229677
-981.39825,185,97.36239
-987.60535,79,97.79445
-955.44684,167,98.123682
-981.18884,94,98.327359
-978.40607,135,98.651462
-989.002,175,98.988875
-965.88586,133,99.274858
-981.492,99,99.616531
-982.44,91,99.837116
-976.7977,176,100.208419
-993.4641,64,100.632751
-988.51373,83,100.759696
-977.01373,105,100.908485
-984.36237,139,101.143736
-975.6277,134,101.199055
-974.84814,113,102.229423
-988.0945,78,102.430148
-979.21375,100,103.099822
-968.5224,199,104.047736
-989.58936,186,104.369029
98.3565,183,104.746185
-963.9431,178,105.177507
-977.6669,176,105.204755
-968.83234,133,105.518194
-989.6914,76,106.106342
-977.70215,183,106.518291
-989.58905,74,106.979835
-980.8001,107,107.292995
-992.4255,161,107.822087
-992.6482,206,107.999424
-990.9839,70,108.662682
-975.4573,108,108.727201
-978.3526,105,108.997957
-989.6755,77,109.08281
96.664566,185,109.494447
-987.7865,78,109.551427
86.171906,193,109.94169
-967.3422,129,110.613631
-976.7972,115,110.91196
-969.7643,123,111.006696
-989.1827,74,112.445779
-973.5212,182,112.478055
-981.802,198,112.849231
-989.24664,159,112.94101
-973.67914,119,113.230984
-964.45984,210,113.532313
-954.411,213,113.532313
-988.581,76,114.322936
-957.5284,199,114.432495
-992.55585,66,114.49102
-993.02203,65,114.752285
-968.488,126,114.85932
96.16395,191,115.93708
-984.0519,113,116.269077
-977.0798,106,116.537225
-964.82947,213,116.699524
-960.79016,207,117.074096
-990.5401,176,117.334327
-966.6877,184,117.502026
-981.7364,93,117.722412
-956.061,184,117.859218
-973.3323,113,118.52174
-982.077,92,118.583928
100.67397,187,118.968791
-979.1129,100,119.176949
103.05088,190,119.609562
-991.0197,70,119.744354
-990.0804,183,120.35888
-964.13684,136,120.724152
-970.0357,178,120.755915
-990.97864,70,120.836551
-973.0794,205,167.633333
-987.99976,78,168.000097
-972.47003,130,168.086975
-992.77325,166,168.201692
-986.83246,80,168.447776
-966.51843,219,168.707943
-980.76733,95,169.41601
-990.26575,72,169.63897
-972.2085,123,169.652715
-976.9017,179,169.862068
-977.80945,203,169.900038
-982.03644,205,169.944762
-964.4526,211,170.571451
-987.8129,179,170.609871
-977.6733,105,171.030534
-966.14075,131,171.129262
-990.53064,75,171.401515
97.05695,184,171.497874
106.18816,183,171.692662
-966.47736,130,172.091833
81.01724,199,172.165736
-962.1254,211,172.365766
-962.744,142,172.86079
-980.8733,99,172.951314
-986.73505,80,173.118903
-983.23694,173,173.131163
-971.35,132,173.157898
-982.4576,94,173.434819
97.96727,195,173.866333
-985.42694,84,174.166439
-973.4082,149,174.222124
-981.4678,94,174.269201
-990.16376,72,175.020277
-989.04535,186,175.214903
-963.0998,211,175.434341
-978.70764,100,175.481483
-976.83246,206,175.647915
-972.8816,120,175.668098
-959.31885,208,175.857751
95.01356,184,176.029714
-985.46783,106,176.306858
-978.2078,108,176.725892
-979.3407,99,176.871094
-978.00885,103,176.904356
-990.8535,70,177.143595
-977.27924,165,177.209706
-980.92236,98,177.225801
-963.2385,138,177.550276
-980.5796,97,177.92133
-960.9956,215,178.096616
-982.8296,91,178.411877
-985.53986,84,178.754054
-995.9656,139,178.792105
-994.1754,65,178.952379
-987.0319,81,179.418634
-984.0571,167,179.588676
-985.8925,191,179.588676
-977.5302,104,180.09093
-986.4409,210,180.325929
-978.26154,105,180.566816
-992.6965,66,181.275278
-974.1294,118,181.747797
-983.5505,217,181.933071
-966.8225,218,181.970031
-977.2276,180,182.106812
104.76713,182,182.131853
-962.1667,210,182.347897
-981.912,151,183.09554
-981.31287,206,183.156004
-981.56744,94,183.194799
-980.03564,146,183.677496
-983.3366,153,183.730549
-980.3252,142,183.801095
102.49098,187,183.975854
-988.6951,76,184.088261
-976.62823,107,184.495772
-972.4226,116,184.510965
-988.2756,77,184.689778
-974.1278,215,184.93311
-1001.7212,135,185.743299
-991.38477,175,185.956589
-966.0,142,186.262632
99.654785,188,186.291024
-967.52747,212,186.30822
-973.158,180,186.709166
100.33211,192,187.044963
-979.36786,101,187.197585
-980.8126,96,187.443749
-979.21655,99,187.510127
-982.5873,214,187.564379
-985.8283,83,188.282585
-962.19586,206,188.346196
-993.34174,72,188.401136
-988.0724,166,188.8374
-976.7517,105,188.875394
-997.175,164,189.140523
-966.64417,229,189.189418
-992.583,66,189.212731
-984.3431,168,189.673966
-979.1161,125,189.865737
-971.3334,118,190.270668
-978.9979,127,190.69767
-989.52795,151,190.728771
-966.1152,131,190.833435
-974.1302,213,190.923575
-978.00525,102,190.972278
-988.3723,80,191.302057
95.369774,188,191.548684
-993.5806,64,191.755327
-986.5241,81,191.875859
-974.5568,170,192.03298
-981.0956,96,192.178146
-979.1125,101,192.578772
-962.2021,149,192.630261
-965.9353,178,192.958668
-990.9701,70,257.291442
-991.37085,70,257.380344
-989.6171,157,257.405879
-972.2217,118,257.405879
-992.5546,66,257.978092
-972.65643,167,258.311327
82.836815,201,258.868327
-991.9907,71,259.181034
-980.7922,99,329.567026
-976.25037,106,329.749441
-981.98846,92,329.871006
-978.0783,230,330.025899
-970.08936,152,330.475215
-979.37866,99,330.75665
-992.5974,66,330.790184
-971.2509,163,331.183716
-980.508,98,331.379783
-983.7568,197,332.08627
-963.96783,138,332.166198
-993.3105,64,332.18544
-981.62946,105,332.427442
103.14016,188,332.506262
-983.23694,89,332.832466
-969.9477,188,333.422598
-985.34424,86,333.486439
-985.109,86,333.564891
-999.0154,182,333.623952
-976.99054,112,334.216215
-972.0378,117,334.356761
-986.8321,133,334.84389
-978.4272,186,335.056086
-973.70197,120,335.322811
-994.4417,142,335.554947
-982.5258,91,335.625094
-990.1572,72,336.272359
-961.76105,213,336.480889
-973.4651,212,336.642927
-997.45123,129,336.830492
-984.4407,133,337.356399
-978.12305,187,337.398863
-980.3249,133,337.44122
-957.91,240,337.53875
-986.5502,82,337.631364
-981.32666,97,337.683728
-980.5076,96,338.321905
-972.33093,137,338.74082
-982.09406,92,338.883831
-978.966,105,339.342412
-983.3631,91,339.729715
-968.26166,140,339.78993
-968.0633,152,339.876026
-988.1132,78,340.069279
-978.07874,192,340.417544
-986.1024,199,340.745456
-989.52924,76,340.823069
-993.8716,63,341.367549
-967.4867,181,341.473806
-973.4785,113,341.473806
-983.92224,133,341.875276
-988.5728,76,341.933958
-991.2698,89,342.209031
-969.8616,197,342.306864
-979.6525,211,343.34962
-986.3497,125,343.389706
-988.57886,76,343.478134
-965.7331,136,343.652356
-990.71564,137,344.117533
-967.3739,142,344.133772
-984.8582,174,344.234471
-986.8282,94,344.826387
-981.7839,96,344.903714
-977.54333,176,345.134861
-981.6185,95,345.653591
-981.26337,97,345.69451
-970.89764,129,346.298634
-984.67554,172,346.384668
-980.92847,99,346.476299
105.66655,208,346.791443
-966.6956,132,347.237048
-979.52124,99,347.267502
-974.9085,110,348.017003
83.14309,204,348.043513
-992.44934,66,348.274075
-986.3083,82,348.476076
94.565384,189,348.606939
-990.39764,148,348.690234
-990.2705,72,349.190992
-989.4869,74,349.190992
103.18443,192,349.470396
-985.2401,203,349.907552
-968.444,128,350.249371
-976.7633,107,350.331612
-992.6015,66,350.484161
-979.235,136,350.612482
-990.1647,72,351.586253
-990.97375,70,351.683074
-979.04974,100,351.842839
-967.40735,218,352.016174
90.20874,194,352.197816
-987.4025,155,352.327632
97.58741,221,352.594471
-984.7411,86,352.991021
-976.3373,107,353.209584
-981.1809,94,353.223811
91.44971,191,353.266767
-978.5651,108,353.782801
-992.90686,67,354.227565
-980.5882,96,354.735991
-977.18036,105,354.933097
-963.3976,213,355.27231
-991.8561,68,355.329507
92.66148,202,355.417614
-1003.68036,176,355.684952
-958.95404,212,355.805232
-986.65265,176,356.493707
-982.6382,91,357.075318
-992.73096,156,357.244277
-964.16394,138,357.787718
-979.7876,99,357.857897
-977.4005,173,357.870141
-981.01385,221,357.913392
-979.4197,185,357.943764
-969.1932,214,358.272845
-985.78455,83,358.305636
-990.16675,72,358.839418
-992.69586,66,419.489215
-977.1159,115,419.937572
102.118904,182,419.957409
-978.01984,103,420.280787
-985.91095,83,420.811701
-954.52783,206,421.865724
94.57123,199,422.010269
-960.81726,217,422.26823
-986.8802,82,422.26823
-982.00494,126,422.965769
-973.77216,154,423.806317
-991.1498,70,424.229949
93.91624,204,424.805517
103.40226,191,425.844306
-979.8854,144,426.759413
93.181274,193,426.925067
-975.30225,212,427.206856
-994.47327,136,427.432299
-987.6289,233,428.003625
-970.3994,209,428.781681
-990.4834,72,428.817002
98.6363,188,429.050839
-993.6683,63,429.590688
-996.2405,186,430.106021
-980.2142,184,431.142198
-993.4624,66,431.255031
-975.13635,162,431.40589
-979.11365,104,431.454038
-972.04315,228,432.324663
-972.9242,118,432.864354
-984.2961,172,433.166536
101.32279,188,433.359585
-978.5324,102,433.479747
-983.22296,89,435.054394
-992.7759,166,435.36806
-976.23914,169,435.509702
-973.62115,181,435.607056
-986.92896,157,437.465108
-959.8061,209,437.529658
-995.5733,180,437.757688
-980.7512,95,437.963241
-972.83,117,438.15803
-986.34235,122,438.540024
94.758125,205,438.638034
-991.65454,68,439.887243
-974.31226,111,440.460442
92.146545,192,440.61114
-977.96265,113,441.567403
-999.5541,183,442.724974
93.946075,195,442.838276
-981.20013,214,443.066258
-973.4284,114,443.385111
-973.4289,125,443.752265
-969.5678,158,443.888538
-967.37256,225,444.408093
-964.8682,134,444.950089
-985.6988,84,445.039771
-993.8402,63,445.065091
-985.9923,88,445.470322
-991.72516,68,445.982708
-988.30225,81,446.903921
-984.4721,90,447.642529
-993.7286,63,447.672112
-978.16455,102,447.859105
99.804695,189,447.882718
88.738914,196,449.11974
-981.19855,95,449.264008
100.380066,199,450.461957
-973.895,201,450.842345
-988.36365,77,451.150131
-975.2107,137,451.172407
-984.43756,87,451.523819
-989.0731,162,451.804796
-998.0596,173,452.323535
-967.60297,199,452.895406
-980.7528,103,453.014255
-979.10315,100,453.522495
-973.1213,122,453.963075
-992.62305,66,454.270922
-979.2119,99,454.439219
-982.0036,93,454.927449
-960.4476,190,455.106688
-989.5687,75,455.49877
103.026245,185,455.562588
-976.8616,105,455.695508
-989.3802,74,455.813787
85.36751,198,456.049175
-980.4012,99,456.471113
-992.62213,66,456.922884
-983.0149,96,457.052087
-967.65356,141,458.311184
-964.5255,136,458.375675
-984.7782,185,459.382392
-992.2868,133,459.578917
99.02753,183,459.578917
-989.9217,163,459.601718
-986.5192,81,459.889695
-980.3657,263,460.049665
-981.66675,96,460.0991
103.661545,190,460.522162
-977.9796,103,461.411651
-992.6166,66,461.620039
-979.627,98,461.731998
-963.14124,181,462.432594
-990.9639,168,462.658405
95.9474,198,462.872096
-980.3414,101,462.970932
-963.7724,204,462.990167
-983.38947,94,463.079469
88.9927,188,463.17525
-982.16626,131,463.928283
-989.57324,74,464.241603
-976.3886,106,464.575865
-970.80475,124,464.652055
-982.3979,131,465.474709
-980.8308,97,465.666558
104.46865,184,515.232339
-963.6992,173,515.232339
-980.1316,97,515.277548
-970.45056,123,515.320022
-974.5269,116,515.50094
-961.54504,212,515.639557
-991.85315,69,516.309652
-987.91833,78,516.350599
-979.56226,98,516.85393
-975.73956,110,517.129716
100.10219,187,517.160279
-993.3735,64,517.160279
94.36835,193,517.388791
-1007.90784,180,517.722702
-973.57043,113,517.876897
-952.828,207,518.132846
-977.5262,103,518.252276
-990.3606,72,518.379048
-981.4632,95,518.432927
-974.2445,116,518.739574
-975.5276,110,519.928519
-978.88824,205,519.958741
97.89503,186,520.299174
100.75972,194,520.945271
98.24502,188,521.130494
100.17966,211,521.333921
-971.09717,248,521.476965
-977.8374,102,521.579811
86.00103,194,521.623211
-985.20557,97,521.816728
-995.9182,169,522.486093
-982.179,92,522.771805
-968.88116,149,523.063891
-993.57697,65,523.375269
-966.2871,131,523.590056
-987.88153,155,523.672562
98.21214,189,523.721218
-978.27826,162,523.800197
100.10321,184,523.838623
-983.9277,88,524.743633
-971.76556,162,525.062328
-969.43353,123,525.090619
104.2198,195,525.198386
-971.67114,137,525.470309
90.58711,188,525.704705
-982.0988,155,525.773575
-985.43555,178,525.959762
-985.98145,86,526.24564
-965.6389,135,526.86622
-969.76904,127,526.910379
94.31551,198,527.367732
-981.81366,128,527.494236
99.32602,183,527.953696
-975.0932,176,528.077208
-979.9989,98,528.229079
-993.76697,170,528.256322
-987.04004,83,528.469857
-986.2189,175,528.575563
-980.42236,135,528.675733
-981.60693,94,529.516536
-981.426,119,529.690273
-989.05066,169,529.789818
-985.37634,171,530.29274
-971.6719,121,530.351918
-990.1586,72,530.538569
-976.99445,153,530.606288
98.32879,198,530.962662
-1017.933,197,531.303944
-985.0181,85,531.51164
97.83564,186,532.256629
95.92587,190,532.407587
-981.3544,158,532.470027
-985.56104,84,532.66059
-964.28906,139,532.824034
-990.0328,176,532.91777
96.67127,184,533.075002
-969.15985,160,533.44126
-982.5914,92,533.467657
-985.1877,84,533.562228
-969.80963,124,534.049858
-990.79724,127,534.813193
-984.3333,146,534.813193
-977.1069,104,535.016047
97.63699,188,535.544241
-964.35406,228,535.828445
-989.9583,74,535.901314
-1000.49255,174,535.943321
-986.57996,81,535.999499
92.89079,200,536.284383
102.4835,206,536.951574
-984.2078,89,537.094321
-993.2619,66,537.150436
-960.9024,178,537.538132
-966.6214,171,537.949474
-975.3514,156,538.034333
-980.63336,97,538.639636
95.262054,188,538.652832
-995.97986,188,538.708598
-976.3231,159,539.330882
-983.78906,90,539.388082
-993.4357,64,539.57537
-985.241,88,540.601213
95.864006,185,540.6311
-977.26514,104,540.764695
-992.0164,231,540.865602
-987.2047,266,540.942961
99.75774,186,541.221885
-992.84235,66,541.452702
-985.79297,201,541.466698
-975.5808,109,542.209686
-963.8541,219,542.52597
-977.78406,103,542.627226
-964.7808,150,542.911808
-980.2459,181,608.218396
-990.3456,72,608.628989
-970.7593,236,608.939337
-964.3237,182,609.177852
102.56096,191,609.406462
-981.29626,94,609.544165
-979.8952,97,610.39511
102.10197,186,610.468255
-974.10785,180,610.816121
-977.7325,104,611.219238
-970.87225,121,611.263961
103.82632,184,657.119835
95.059845,195,657.161902
-965.73834,153,657.201102
101.665184,211,657.218927
-982.9919,146,657.52259
98.97502,198,657.654194
93.61654,185,657.698358
-987.91534,78,657.864983
103.19921,190,657.923529
-979.26324,101,658.119452
-989.3464,74,658.58597
-970.85895,133,658.869275
-971.29663,118,659.193716
-999.53864,164,659.204037
-963.43506,237,659.394186
102.33347,214,659.490686
-971.70465,255,659.582273
-972.4848,221,659.929078
-993.8836,63,660.107195
-994.9386,218,660.646758
93.04173,190,660.684409
-1009.2017,165,660.77912
-978.5019,159,661.103023
-958.30304,236,661.423282
-967.2349,221,661.481349
-988.86475,164,661.621694
-976.40753,111,661.701747
-986.5875,208,661.857633
-979.339,149,662.006908
-986.8181,80,662.321937
101.39898,202,662.58088
-970.2481,132,662.58088
-978.8824,105,662.771407
-985.1414,160,662.907444
87.84655,209,662.97474
-991.3776,145,663.302838
-981.124,108,663.569263
80.37843,213,663.612638
-984.1564,141,663.873039
-982.46826,138,664.024305
-986.5535,86,664.077993
78.227264,243,664.559162
103.61172,204,664.873462
-982.0253,94,664.979574
-963.73706,239,665.122
91.12917,214,665.547827
95.03743,215,665.586612
-980.3395,99,665.74517
102.070755,191,665.777256
-976.0544,137,665.798065
-983.49115,235,666.014412
-986.5314,81,666.290998
-989.8297,79,666.432819
-987.69226,83,666.518474
98.27439,189,666.813137
-984.9288,215,666.892306
93.94515,193,667.221365
-976.7968,106,667.421556
96.907455,192,667.430563
-981.28284,95,667.660222
-1003.66614,174,667.797427
93.22139,208,667.819072
100.07662,201,668.190267
-983.65546,90,668.490745
-972.82495,243,668.885597
-1011.5236,176,668.979272
-975.6609,216,669.090988
-984.49896,200,669.161366
-997.3456,159,669.187937
-991.3813,159,669.520775
-979.98486,97,669.69253
-957.30206,224,669.727559
-974.8148,149,669.737557
-987.45984,80,669.851439
-988.66473,105,670.108106
-967.3025,138,670.17143
-985.6349,85,670.473818
-993.7937,64,670.706073
100.504395,190,670.725073
-988.4302,76,670.755646
-972.59735,123,670.773619
-997.2877,166,671.17616
-987.921,78,671.426502
-986.34076,82,671.498681
-974.3898,225,671.524664
90.24395,197,671.591732
-965.0806,138,671.716921
-967.4553,132,672.063346
-993.62805,64,672.416316
100.354095,195,672.631695
-976.341,115,672.72519
-984.3051,124,672.796473
-969.1163,145,673.118319
104.689766,190,673.130324
-990.8692,71,673.143332
102.9978,190,673.388266
-977.652,141,673.480323
-973.8521,116,701.208688
-970.589,123,701.274719
-976.77466,106,701.446115
100.67009,191,701.531258
103.094124,198,701.642941
96.42837,223,701.729475
-991.841,68,701.898102
-998.4519,194,701.937613
96.03611,202,702.278706
-977.8572,109,702.499613
-990.58,91,702.626198
-988.81396,76,702.644079
-981.06866,122,702.704567
-989.506,160,702.714088
-990.3534,72,703.375264
-990.4023,182,703.669698
-972.86926,139,703.795746
-988.387,165,703.823295
82.087456,245,703.990111
103.95147,186,704.382297
106.217964,188,704.425848
-970.5113,124,704.888036
-976.4739,130,705.112681
-966.963,251,705.133197
99.91253,191,705.26082
-971.9003,128,705.650746
98.28602,198,705.699878
-965.85474,144,705.763389
101.58004,202,705.907471
-966.1227,166,706.362983
-981.3715,95,706.518012
-987.7982,177,706.677818
-991.585,182,706.704832
-983.40753,98,706.751364
106.276344,189,706.900394
-993.3636,66,706.954964
-990.16974,74,707.196278
102.437805,183,707.377255
104.639404,209,707.504687
-975.93115,116,707.768492
-977.22565,113,707.790346
-969.5225,127,708.077093
-985.2188,85,708.29436
104.88685,189,708.415617
-989.38446,74,708.468137
-984.3008,91,708.861685
-963.5857,223,708.95021
98.67011,207,709.015618
-991.2171,70,709.041135
96.81375,192,709.068161
101.10358,198,709.520262
-977.36993,111,709.875674
-975.1131,110,710.074099
-970.4558,140,710.231908
101.25947,212,710.290456
-948.3868,240,710.413532
101.87724,185,710.693916
-1009.1031,196,710.837983
100.58845,203,711.359439
-985.5562,173,711.425895
-998.63434,154,711.705395
-975.72076,109,711.715388
106.852455,211,711.982832
-992.56934,66,712.061084
-969.4614,132,712.103277
-982.50494,96,712.298691
-991.8301,68,712.37509
-991.5543,70,712.406994
87.65574,224,712.532273
-967.0326,268,712.764081
-983.7483,89,712.969766
-985.03796,101,713.348092
-979.01605,107,713.51373
-969.03516,161,713.650682
101.98732,199,714.07541
101.38401,189,714.420567
97.09527,185,714.589515
-960.10187,249,714.888536
-980.288,156,715.079607
-979.77814,153,715.180243
102.573456,219,715.189185
95.71584,188,715.232785
-971.5434,119,715.327884
-992.8758,67,715.931299
-984.7123,86,716.085577
-1007.2248,167,716.162058
-982.3885,98,716.190497
-981.14453,154,716.215686
-973.6013,114,716.441446
99.589905,196,716.803551
-982.5625,91,716.980644
-992.92633,66,717.057074
98.81956,210,717.099624
-965.8578,147,717.399036
94.20967,194,717.685401
-978.41797,112,717.805402
103.007065,190,717.87028
-975.6057,108,717.989349
97.754715,211,718.073189
-979.0567,99,718.254152
99.84246,196,718.638505
104.83381,186,718.658696
-972.7178,126,718.71421
-968.71454,132,719.044965
105.748886,193,719.349835
103.637535,186,719.359501
-980.26373,101,719.51695
105.481224,197,746.018719
-980.791,109,746.29633
-992.66736,164,746.320523
98.984245,229,746.45506
106.72495,197,746.621716
-970.7121,132,746.835032
-990.0382,161,747.249266
99.65542,209,747.475257
100.39195,207,747.725614
101.469345,199,747.941571
75.65206,203,748.086404
-988.6935,229,748.13955
97.650185,204,748.247063
-988.56354,112,748.575288
101.6332,191,748.704538
-974.2339,247,748.765452
95.82438,199,748.979682
-991.022,70,749.247462
98.495125,192,749.434505
90.59922,204,749.712453
92.57436,194,749.806376
-980.38196,129,749.823399
-990.86285,70,750.039437
-980.7302,132,750.088135
-983.31116,243,750.106668
95.60955,218,750.372078
-990.048,72,750.423674
-994.82166,100,750.568324
96.58852,221,751.154068
-986.7604,153,751.356418
96.26026,212,751.639168
95.046005,197,751.771244
-994.1051,170,751.822118
89.305115,213,751.921743
99.25692,198,752.099979
95.83701,232,752.539565
-975.8665,117,752.618623
-987.5456,80,752.769122
92.06627,199,752.809343
-961.6008,229,753.265478
-991.08307,70,753.403245
95.4217,194,753.446845
106.98707,216,753.585862
95.35133,199,753.596423
-969.45905,137,753.769406
-993.7877,143,753.979478
-977.08527,177,754.021042
-990.6466,135,754.426041
-982.9935,143,754.637067
-980.402,138,754.637067
-987.2465,131,754.900126
-989.2013,112,754.95084
-988.4173,123,755.079288
98.59436,192,755.211138
98.291626,213,755.411001
-996.82385,173,755.886327
-978.5258,146,756.243477
103.88201,195,756.343153
92.253654,204,756.420851
-983.1259,135,756.431125
-991.0427,70,756.557846
105.38541,189,756.747589
-996.2623,164,756.857672
-993.90857,64,756.95373
-962.07007,258,757.116507
-983.6812,134,757.341533
-982.67535,92,757.483721
-982.0315,160,757.662296
-991.76624,70,757.927223
97.42918,214,758.182578
97.20358,204,758.218572
-997.4257,161,758.270916
-989.6888,78,758.576144
-990.7587,225,758.711061
-995.4579,163,758.847104
89.393234,231,759.030241
-991.30023,175,759.111675
-988.6894,79,759.361438
-982.6036,150,759.470108
-982.39294,100,759.681726
107.43312,206,759.983594
92.20058,233,760.118599
-982.4328,147,760.236709
-986.8062,138,760.246709
94.56825,214,760.330725
-984.33484,88,760.809786
103.23126,198,760.945697
97.7045,208,761.122941
104.316216,201,761.254056
99.93723,193,761.493356
-985.6132,181,761.651991
98.81692,188,761.723311
-986.0093,116,761.723311
-978.3419,115,761.857674
107.6533,203,761.931557
-987.64594,115,762.037616
-993.6352,63,762.1507
-979.43585,115,762.167871
-990.3865,146,786.574891
-979.18524,179,786.613517
-981.121,163,786.706408
-984.6003,150,787.038861
94.08587,193,787.062757
-985.87274,185,787.070758
91.569084,187,787.193502
91.053345,189,787.33888
-978.7304,101,787.40046
100.543816,226,788.325538
97.708374,214,788.36564
92.52844,187,788.529951
98.69704,201,788.608614
-964.93134,218,788.768317
95.326126,201,788.912484
99.741974,213,830.22014
-979.0471,247,830.281438
-976.46515,109,830.360877
-985.27136,143,830.737744
98.29951,192,830.887803
-978.4257,116,831.054428
93.25368,191,831.1116
-992.7898,66,831.379069
92.06287,188,831.404254
-972.7793,229,831.613103
-984.5421,137,831.78645
96.21716,206,831.910595
-977.73,111,832.078606
72.00244,255,832.186617
98.671585,187,832.704748
-979.5857,111,832.806755
-1005.2639,171,832.933568
86.518654,215,833.278753
97.29835,216,833.507943
-989.0077,76,833.563327
99.06214,201,833.879359
93.65876,229,833.964896
-987.0797,217,834.107275
-979.6708,168,834.17192
-984.2182,89,834.833198
-989.52625,112,834.888244
95.95074,191,834.913747
105.20276,248,834.922747
-979.54584,104,835.020382
97.042725,192,835.156829
99.63357,198,835.270009
-996.93274,170,835.294786
-975.473,140,836.187381
-986.2261,105,836.247124
-988.10284,117,836.377442
-984.92255,168,836.410344
94.06057,196,836.684145
82.23703,222,836.817759
-971.60394,210,836.906393
93.36902,202,836.969318
-968.9368,152,837.546372
-1010.87933,175,837.886432
98.194595,204,837.926891
-977.217,200,838.073181
99.19874,188,838.490276
81.94408,204,838.534197
86.28335,229,838.614022
93.00419,197,838.649163
-974.29877,139,838.758697
-984.6821,132,839.096232
-988.24567,81,839.234282
94.89304,215,839.783795
95.90501,205,839.886457
99.503456,192,840.248782
102.40412,192,840.359498
94.910286,198,840.383469
-986.60187,231,840.775545
86.59735,206,840.896423
96.83534,202,840.992866
-980.2015,103,841.147139
92.922615,188,841.545998
97.252754,204,841.584305
-986.7833,177,841.940539
-984.35767,117,842.039882
-989.46606,74,842.229433
89.0424,233,842.412039
99.42292,200,842.558789
103.82334,226,842.890664
-995.1571,178,843.100016
96.185616,233,843.194217
-990.82434,135,843.611224
97.37324,197,843.877815
-993.0706,190,844.031483
-980.7322,96,844.087511
-993.9286,241,844.197943
-980.27405,103,844.252606
-980.85956,145,844.316524
97.086975,193,844.390955
-985.17,88,844.883619
99.878,227,878.488723
94.68641,220,878.592937
93.88338,203,878.719644
100.3286,190,878.719644
97.083534,208,878.808693
98.49447,202,878.886753
-962.08105,257,879.034253
96.827736,191,879.284302
-990.56494,73,879.359695
-991.9288,70,879.42884
82.5538,210,880.190774
-976.7939,121,880.343678
94.47803,186,880.37668
101.166145,208,880.396258
88.37601,228,880.426994
-970.46936,171,880.605666
107.117386,205,880.653075
95.136444,189,880.82085
-988.7809,78,881.281263
-982.66724,154,881.579754
99.33022,195,881.734621
-964.974,165,881.745419
-988.0308,143,881.75918
93.29357,188,881.927839
101.25871,198,881.998118
-992.99567,65,882.304388
-970.83105,128,882.345698
-979.24945,104,882.448636
90.81591,211,882.549493
-969.2296,151,883.007093
-981.492,139,883.070314
-976.6036,109,883.19603
-983.83264,185,883.302193
97.960266,185,883.519382
-987.5055,166,883.734328
-967.9389,143,883.759301
-989.66943,75,883.84917
-990.1118,72,883.92668
-992.97003,66,884.098601
99.611206,196,884.108081
96.73422,207,884.857049
92.86314,216,884.867484
-985.2349,158,885.103652
-969.2888,137,885.277547
-984.7284,147,885.373992
95.09027,208,885.55526
95.779564,204,885.604851
98.36737,211,885.740607
-986.00696,121,885.8801
-983.35736,101,885.957029
-994.0217,65,886.274179
-982.93787,113,886.321195
86.29587,213,886.740452
-976.9609,162,887.019106
-974.70685,116,887.036652
94.71904,202,887.086807
-971.1309,136,887.581372
100.879715,193,887.614716
82.69401,232,887.668434
-981.2096,110,887.704176
-1021.94025,172,887.843517
-991.5532,71,888.437038
-979.9944,107,888.556872
92.7032,191,888.63718
98.61876,190,888.678272
100.191475,217,888.826397
94.87483,188,889.135817
97.09095,200,889.197685
-982.40436,100,889.323664
96.70393,220,889.4533
-974.7291,122,889.604395
93.87297,195,889.910336
98.87724,204,890.150169
-993.41876,151,890.236866
90.35784,192,890.236866
101.25137,196,890.646247
101.43319,204,890.949064
106.607895,223,890.966283
97.80976,193,891.018466
-969.156,139,891.197392
97.78559,191,891.343001
-966.2665,153,891.419581
97.859566,197,891.78176
-982.119,94,892.12291
-982.3562,96,892.202373
98.18433,185,892.513611
97.99795,198,892.564768
99.95229,203,892.589182
95.236374,248,892.613889
-980.28406,190,892.751951
-991.83844,68,893.080538
101.45782,210,893.500602
-993.957,63,893.608283
95.11559,190,893.763085
-970.6135,154,893.845848
-978.9359,155,893.902187
-963.5475,230,894.00659
78.87802,224,894.450688
-984.45874,91,894.648929
-979.7403,234,894.681963
-982.8225,122,922.550014
-1006.1915,157,922.573148
-967.5201,136,922.817345
-992.2027,68,922.87883
94.69051,212,922.979142
92.31829,193,923.041218
-979.53674,102,923.108387
-993.02734,66,923.511739
93.79874,198,923.518895
96.24886,197,923.747685
-972.80273,145,923.759899
93.28412,211,923.848666
88.48454,213,924.155004
90.057625,189,924.18224
98.52921,197,924.324432
-977.5836,133,924.7436
97.45708,194,924.92651
-967.46326,147,924.994262
103.02882,204,925.003247
94.611565,216,925.440431
97.970566,189,925.700683
76.26456,198,925.804135
-981.4236,132,925.839332
86.88581,195,925.933412
91.04826,197,926.58625
93.726166,198,926.658374
101.30261,228,926.945886
95.21972,212,927.240863
98.13439,194,927.3507
92.826454,188,927.434256
94.20321,191,927.55458
-959.9383,230,927.758709
-989.9239,76,928.077528
-971.55493,142,928.135679
92.90555,190,928.205246
-982.524,142,928.559516
-988.7399,76,928.783334
90.3347,195,928.902829
63.32687,275,929.00402
-976.58417,173,929.029233
93.36761,191,929.368779
96.69025,199,929.748652
-991.152,75,929.987337
-969.431,145,930.091758
101.06039,195,930.176477
84.94096,246,930.248122
98.861404,195,930.389214
95.87384,196,930.617042
88.480095,221,930.77761
-991.27423,70,930.78564
-984.02,95,930.830488
-992.99,66,931.265968
92.44803,204,931.328261
94.87324,196,931.488985
96.31553,203,931.72054
98.6777,190,931.857469
-978.00226,104,932.116448
-996.6906,168,932.154786
95.005325,198,932.162786
96.28137,193,932.32361
-976.26086,128,932.838713
95.97173,192,932.954227
-977.8023,131,932.98142
99.10071,204,933.235455
-988.4771,84,933.553346
93.33758,214,933.949188
95.49295,227,934.106687
80.36876,230,934.12486
-988.2109,113,934.189477
99.99079,227,934.265744
-972.71844,133,934.664361
94.48463,201,934.664361
91.82595,204,934.664361
-990.9857,78,934.774071
93.73322,194,935.53663
94.42061,186,935.627411
-984.2795,126,935.684005
91.364525,193,935.756811
94.77558,194,936.210381
88.21128,243,936.210381
99.920425,195,936.218623
96.57125,211,936.456538
-989.2249,78,937.178661
98.730865,194,937.262167
99.54226,192,937.309025
91.86436,212,937.326247
98.43391,201,937.45597
98.03059,186,937.829327
93.636826,188,937.839349
82.13525,216,938.081455
91.16446,190,938.916963
82.540886,201,938.967674
96.20331,194,963.456022
94.114525,218,963.523477
88.71738,239,963.548092
96.59754,186,963.761191
-993.5043,64,963.857741
101.88497,218,964.029119
94.78335,191,964.039431
-984.05365,131,964.821908
-986.55884,124,964.855473
98.1194,198,964.891124
95.79754,198,965.136826
-995.5657,161,965.333625
85.72449,232,965.342787
86.59925,235,965.464648
71.22121,229,965.917618
-975.50867,148,966.055643
89.76924,197,966.496801
-992.06134,69,966.629419
-989.3838,90,966.669599
96.51162,188,966.704093
94.34224,224,966.75588
89.605736,194,1006.373035
95.6758,201,1006.423122
-993.9478,66,1006.66895
97.9455,223,1006.757289
100.04721,203,1007.702955
-966.0836,143,1007.727734
94.0568,199,1007.928627
97.62625,212,1007.953163
83.10479,221,1007.985719
96.67754,188,1008.053669
-966.2095,159,1008.094571
-995.0665,162,1008.191252
-990.7554,73,1008.586493
-983.97974,131,1009.284508
94.555145,188,1009.380835
95.536865,199,1009.528946
92.106445,206,1009.830152
86.23006,203,1009.830152
89.675186,192,1009.838685
95.03357,191,1009.969225
-985.26385,85,1010.524517
74.65549,213,1010.531473
-980.42255,111,1010.731591
89.87955,200,1011.039098
91.045006,202,1011.143032
96.282326,204,1011.286436
83.90091,201,1011.532448
-977.2864,108,1011.677594
86.37821,223,1011.851429
-988.2796,114,1012.145333
-1009.5842,163,1012.441128
92.09941,232,1012.533528
79.01559,253,1012.718412
93.678894,201,1013.025612
-990.2779,172,1013.352055
98.032326,215,1013.392437
99.35632,202,1013.436372
94.519936,198,1013.94509
-984.3458,96,1013.955356
91.776634,195,1014.239442
93.415794,197,1014.527858
-972.3684,218,1014.536059
-983.13824,95,1014.829779
-992.1022,83,1015.105631
-1013.30255,172,1015.130403
98.06361,197,1015.33987
96.039825,206,1015.511063
-988.2213,172,1016.297681
75.045525,253,1016.430757
88.64218,196,1016.514081
-990.45764,171,1016.530778
94.69687,199,1017.025627
94.46518,204,1017.056811
-993.4114,65,1017.140543
93.05207,198,1017.418098
101.10454,219,1017.455583
-982.5238,139,1017.76739
-992.8718,66,1017.785738
92.02482,196,1018.150483
95.221085,190,1018.351056
-990.45087,72,1018.425868
91.963844,196,1018.827173
-993.77893,64,1018.873808
93.572876,212,1018.981531
97.91677,187,1019.11198
92.492615,197,1019.171098
-993.6558,93,1019.211712
-985.3265,160,1019.511949
91.35682,215,1019.623527
96.83424,194,1020.493431
85.91197,211,1020.688176
91.16845,187,1020.707346
93.03756,207,1020.764863
95.561806,191,1020.799652
-990.0494,72,1046.993825
94.26452,195,1047.077792
83.10343,239,1047.137201
95.72693,203,1047.271619
-980.0017,145,1047.920264
-985.64777,132,1048.244974
95.93187,203,1048.284879
93.357506,187,1048.549378
-979.0779,240,1048.599107
85.90332,257,1048.79549
97.09419,188,1048.827725
92.168526,213,1048.845503
-968.297,144,1049.443634
-991.0499,72,1049.462699
92.89733,188,1049.480988
91.63689,214,1050.076872
-963.38934,173,1050.283845
92.158936,199,1050.300598
94.03761,216,1050.392002
93.3087,197,1050.514007
91.0603,191,1051.080547
92.17112,193,1051.080547
95.59317,193,1051.11442
97.63693,194,1051.689993
93.717545,192,1051.86653
84.66037,212,1052.011443
93.46448,207,1052.193419
-992.0013,69,1052.243064
96.4885,233,1052.283078
-980.7666,176,1052.489347
91.873184,193,1052.659475
89.37927,198,1052.666947
-993.0859,67,1052.744132
-988.95917,105,1053.551924
96.268234,189,1053.569632
-988.3155,144,1053.696323
92.73832,227,1053.743861
95.556984,195,1053.862921
92.16867,195,1053.90407
-982.3865,178,1054.15189
-988.8302,81,1054.366853
96.4428,197,1054.38368
-992.17267,100,1054.732998
-989.2773,108,1054.765214
92.98984,194,1055.353611
-988.528,78,1055.390658
91.558716,234,1055.517478
-976.84265,252,1055.644109
90.77992,187,1055.930753
81.12369,217,1055.949386
-989.6514,74,1056.123981
88.891106,235,1056.306062
90.81492,212,1056.502199
-984.0794,109,1056.53472
-985.8647,86,1056.634832
-968.56085,154,1056.645064
-988.2538,113,1056.878043
-990.13995,72,1056.902432
86.12137,198,1056.97464
-992.4573,71,1057.23229
-988.7347,82,1057.311788
-990.5402,77,1057.52438
92.02443,192,1057.681368
-990.6446,75,1057.831428
90.35819,190,1058.048196
-986.6349,140,1058.105082
92.05514,199,1058.158453
94.6174,202,1058.510065
93.359085,192,1058.843398
-981.8339,106,1058.946819
94.08842,201,1059.123104
91.80067,205,1059.309304
90.09839,192,1059.557596
-968.886,228,1059.62429
96.67524,204,1059.745819
92.52872,200,1060.065782
93.17115,189,1060.426749
-992.035,164,1060.517858
91.431175,203,1060.64295
-988.95215,78,1060.804639
76.41059,204,1061.038115
-992.10785,69,1061.079671
90.93128,189,1061.175567
82.59072,211,1061.549776
-973.8831,230,1061.574162
90.97049,193,1061.98123
95.062874,193,1062.194848
-990.7403,127,1062.590592
95.2229,190,1062.598604
78.4302,231,1062.655225
97.11345,223,1062.822029
100.35776,220,1062.941717
95.940094,198,1063.146285
-990.06384,72,1063.417548
91.82854,191,1063.530257
86.20474,190,1089.328399
-965.58325,150,1089.355818
-969.044,254,1089.455239
96.19393,198,1089.466447
-973.95844,251,1089.843619
93.35395,199,1089.968349
-982.322,185,1090.129465
-988.78894,81,1090.140669
93.85058,185,1090.252698
-980.8081,98,1091.001292
94.37446,199,1091.039631
97.156685,216,1091.216541
93.13528,205,1091.225547
94.587326,190,1091.642673
93.604256,238,1091.936272
99.53624,204,1091.936272
94.53346,193,1091.96197
-977.0665,135,1092.436862
92.392235,191,1092.733591
91.86597,197,1092.827294
97.70054,226,1093.265606
96.18211,188,1093.646377
-988.6919,105,1093.67389
92.80773,226,1093.692643
84.09307,236,1094.06907
89.52918,247,1094.188999
97.27988,212,1094.340018
93.36463,185,1094.462499
95.347275,206,1095.058825
92.33597,192,1095.296053
89.602005,190,1095.30742
102.41598,229,1095.663233
92.99421,189,1096.001031
87.09769,225,1096.045012
91.964096,192,1096.150274
97.39173,231,1096.221577
-980.11115,101,1096.221577
91.902214,199,1096.825632
94.52808,218,1097.247458
98.04096,196,1097.405941
93.34678,193,1097.657992
89.60432,209,1097.826139
97.16667,200,1097.851107
-991.91736,75,1097.860443
97.34938,200,1097.916213
85.990166,202,1097.932314
-984.9527,98,1098.192556
91.409386,227,1098.680798
95.10152,194,1099.208151
96.0372,191,1099.351017
97.279755,190,1099.367208
94.05715,191,1099.386418
99.03997,184,1099.404717
96.159676,220,1099.684626
-985.70447,138,1099.796577
95.88463,207,1099.866989
97.79853,201,1100.886449
92.62626,191,1100.953486
92.898285,189,1100.971649
-963.8778,152,1101.082335
89.423706,201,1101.092588
92.2974,240,1101.399389
79.44474,207,1101.445839
94.81739,190,1101.490342
-989.4594,76,1101.648731
-972.03656,155,1102.487531
-975.8731,120,1102.487531
-983.3555,123,1102.560027
90.57031,227,1102.992175
85.93114,253,1103.148341
84.23859,233,1103.175756
94.04655,190,1103.339076
92.196396,231,1103.534039
95.02384,196,1104.119578
95.45198,214,1104.332538
94.96606,188,1104.507409
95.20093,187,1104.643848
91.45987,262,1104.652842
96.68608,194,1104.898278
-990.3728,72,1104.923553
89.903015,219,1104.941307
95.08638,191,1105.09004
-999.471,204,1105.93029
-996.8679,90,1105.947975
-970.20166,135,1106.158422
93.819595,190,1106.222811
81.06408,210,1106.533731
-988.28796,85,1131.379278
93.726875,193,1131.394417
89.22721,228,1131.417841
89.11031,201,1131.473258
90.53386,193,1132.269514
-985.38995,106,1132.280756
96.00983,186,1132.414934
85.437706,197,1132.562991
-990.06256,148,1132.594806
92.834656,188,1132.772036
-986.65094,84,1132.931087
89.74252,202,1132.996605
-974.34485,191,1133.005602
-961.3954,171,1133.769395
93.04791,191,1133.80299
-967.95264,156,1133.836624
95.51227,191,1134.094436
94.39402,193,1134.346431
92.3555,185,1134.525947
95.27755,194,1134.592299
86.06016,219,1134.730189
-992.5807,72,1135.113034
96.525955,188,1135.356579
93.64864,223,1176.319195
-988.2303,173,1176.421127
93.0886,210,1176.488757
79.38221,280,1176.757799
89.871994,205,1176.952188
90.32619,193,1176.995609
-988.3053,79,1177.173556
-973.8632,145,1177.616931
92.64021,215,1177.627158
-972.0894,147,1177.74221
87.142296,250,1178.289158
87.535805,200,1178.662799
94.06691,209,1178.986372
92.37616,214,1178.986372
85.38887,209,1179.168595
-992.6305,66,1179.578938
85.927155,212,1179.631557
-987.8372,82,1179.736036
95.74892,235,1179.859009
91.60997,191,1180.049278
90.14479,252,1180.133272
92.21809,213,1180.595325
-981.114,176,1180.77801
-977.8281,172,1181.277658
94.92972,211,1181.504011
97.84877,208,1181.526321
93.75623,205,1181.720454
88.72029,199,1181.866437
-991.9944,89,1182.326659
92.40924,246,1182.343359
95.869545,211,1182.495027
92.84524,223,1182.789221
94.23648,202,1183.195986
93.84539,196,1183.578305
80.85004,249,1183.829809
-992.64813,103,1184.09945
90.73825,200,1184.170665
93.57719,203,1184.208098
-970.13367,259,1184.216098
91.3372,205,1184.36332
88.920296,191,1184.518381
-988.977,125,1185.249388
97.92618,196,1185.501305
-989.3765,112,1185.501305
97.14043,242,1185.624435
98.016624,200,1185.899221
86.16772,200,1185.907217
93.74656,215,1185.907217
94.90792,191,1185.979196
-973.12317,144,1186.837812
92.74252,204,1186.960462
94.86693,192,1187.100754
85.95125,196,1187.133555
-979.1195,151,1187.263226
79.14243,197,1187.546597
90.521706,240,1187.89533
81.24983,252,1187.99444
91.47977,193,1188.379168
96.88745,205,1188.620623
93.55153,198,1188.712244
89.5642,193,1188.866116
86.2082,209,1188.866116
95.381035,224,1189.467482
-980.3892,148,1217.604166
64.33106,217,1217.685283
-970.9911,143,1217.889713
86.43983,248,1218.040026
-987.5678,154,1218.093326
89.70232,213,1218.562391
81.12964,245,1218.619094
93.0394,190,1218.928405
-984.6618,119,1219.04826
96.680916,195,1219.186334
94.753075,195,1219.245184
93.18042,190,1219.40102
88.45539,259,1220.102829
97.22198,208,1220.282013
97.64546,220,1220.325992
93.83523,199,1220.510287
92.57049,192,1220.572415
86.70144,192,1220.722013
-963.2117,169,1220.754647
94.50969,195,1220.805508
-989.3007,77,1220.905763
-982.4464,132,1221.683164
-978.0195,112,1221.903876
89.65991,186,1221.921108
-968.5577,136,1221.921108
76.13596,228,1222.043873
-968.50507,157,1222.174604
94.16143,193,1222.415825
88.80019,234,1222.567246
-991.3042,74,1222.640305
97.35296,194,1223.237903
92.52705,192,1223.471835
94.596176,203,1223.565659
93.46366,195,1223.760881
-968.1192,239,1223.859498
90.94115,189,1224.210663
84.40337,223,1224.265484
79.7019,215,1224.370876
-971.47925,146,1224.504851
-991.167,72,1225.131721
-980.4641,111,1225.248181
94.71637,218,1225.378146
92.76283,189,1225.416743
87.87317,231,1225.569352
96.07211,208,1225.661067
91.65834,203,1225.972381
92.457,194,1226.038589
-986.179,98,1226.072498
79.92224,208,1226.857769
-969.4438,161,1226.899488
75.057175,193,1226.96032
96.15235,206,1227.108049
92.780136,201,1227.31728
-993.6923,64,1227.382257
94.669334,191,1227.603693
96.176956,191,1227.637598
93.415565,231,1227.868618
-984.4974,136,1228.02277
-974.85406,179,1228.44653
93.31344,191,1228.689466
93.93359,196,1228.966123
96.673134,207,1229.124233
95.056145,200,1229.309004
92.34192,206,1229.326272
-982.90045,113,1229.407788
94.71676,197,1229.527236
90.981285,192,1229.641167
-981.3269,104,1229.990578
-985.6534,96,1230.128819
93.173546,196,1230.338461
88.86647,195,1230.580961
-970.1395,158,1230.619917
92.34295,217,1231.376347
-972.1399,249,1231.407472
91.98693,194,1231.531231
-975.54596,255,1231.569844
-970.66644,141,1231.680936
94.35612,203,1231.735932
88.46194,192,1231.860884
91.571106,194,1232.145299
90.753845,199,1233.015573
102.764244,222,1233.16219
93.04561,190,1233.2642
95.302475,217,1233.273631
88.9874,200,1233.288994
98.67659,224,1233.366081
87.93063,216,1233.585343
91.16845,190,1233.663773
-993.7236,64,1234.111194
99.850525,205,1261.646007
94.31265,197,1261.734515
94.30841,192,1261.829522
88.91218,198,1261.857392
87.51736,217,1262.117398
95.24896,247,1262.26461
87.91933,219,1262.445817
96.51488,194,1262.678375
-981.62146,112,1262.771098
-970.9155,161,1262.972136
93.73227,187,1263.283779
95.71637,189,1263.388937
94.00055,204,1263.843987
93.73883,189,1263.876827
-987.90607,81,1264.010318
94.36473,196,1264.132819
93.71973,189,1264.416471
89.24519,200,1264.416471
88.86752,192,1264.643589
93.86243,198,1265.167459
96.89008,201,1265.657475
95.89562,200,1265.674745
89.4222,201,1265.826162
90.76279,191,1266.186069
83.949936,234,1266.271641
-990.44556,73,1266.34032
94.0694,225,1266.475724
92.938126,186,1266.833515
-985.3559,89,1266.933591
89.36832,264,1267.037295
98.342514,199,1267.435771
93.98365,200,1267.589462
93.81556,189,1267.935733
95.06186,192,1268.080052
-991.88995,87,1268.139438
101.374695,227,1268.174409
-969.919,149,1268.183602
93.91311,204,1268.523835
96.87682,204,1268.712365
92.89353,193,1269.20855
-973.3427,142,1269.40156
94.575005,204,1269.662284
94.542366,192,1269.771864
92.44433,198,1269.861176
94.831955,212,1269.877497
-987.11743,89,1269.937538
93.958694,192,1270.194752
95.69447,193,1270.405781
89.235245,206,1271.191539
-968.5856,143,1271.224028
-982.33026,127,1271.336819
90.20403,208,1271.485802
94.44185,192,1271.57362
92.38296,209,1271.606898
90.67892,228,1271.857004
91.03066,187,1272.042845
-987.51,94,1272.170574
-973.06494,149,1272.570489
-981.9475,99,1272.795479
96.67212,190,1272.900932
96.33908,195,1273.340286
91.235664,211,1273.348236
89.88079,210,1273.428031
-976.28955,140,1273.730395
97.34657,195,1273.766162
94.77639,209,1273.978884
96.659904,195,1274.421928
93.87144,188,1274.459812
93.4347,194,1274.908457
96.019905,200,1274.949833
96.89426,202,1275.05029
97.634384,197,1275.329564
94.60701,210,1275.454225
94.926285,207,1275.647547
92.66571,197,1276.038667
95.244064,193,1276.050083
-974.93134,146,1276.214433
92.26122,234,1276.927701
98.629486,218,1276.946648
94.1653,195,1277.161001
92.23535,191,1277.350103
98.02325,232,1277.388296
-965.6351,159,1277.481902
-970.24817,170,1277.575681
-976.1552,153,1277.605468
-982.3311,97,1277.880213
-977.0727,129,1278.395788
-990.48846,72,1278.536738
-972.44794,141,1278.658842
-977.60486,125,1278.730623
-993.2797,66,1279.008938
92.36243,251,1305.679781
96.64089,196,1305.704427
95.64848,210,1305.750599
95.980484,200,1305.852707
-994.57056,67,1306.000592
-982.148,121,1306.024696
-980.889,149,1306.31166
93.47033,200,1306.566273
-975.4565,130,1306.655992
94.37458,205,1307.008338
92.01847,202,1307.04116
99.64134,210,1307.06496
96.55309,196,1307.260641
84.33303,228,1307.509367
91.302795,195,1307.74158
-970.22205,231,1308.492161
95.566826,195,1308.656845
65.21869,276,1308.743446
90.77963,199,1308.752444
100.12669,221,1308.909399
-992.9649,71,1309.091037
92.273964,215,1309.101719
89.96791,201,1309.220895
-992.27563,73,1309.27901
88.48505,210,1309.466351
-983.25446,131,1310.223127
87.47561,193,1310.412024
91.47022,199,1310.478302
92.30964,187,1310.548134
94.6587,198,1353.624207
93.320366,196,1353.656689
-987.14014,111,1353.810833
91.99018,203,1353.843133
85.78824,268,1353.983443
-970.2106,153,1354.249166
95.109955,201,1354.718171
92.14903,228,1354.838595
89.63608,195,1355.134598
94.853226,201,1355.143869
92.55207,208,1355.507358
86.97413,206,1355.68268
95.547874,243,1355.768593
91.76821,208,1356.041981
94.55178,192,1356.384715
98.1263,204,1356.886259
87.72216,222,1357.048807
89.07918,266,1357.1317
91.92315,196,1357.179361
-985.85065,100,1357.246323
91.044334,198,1357.356561
-993.04926,67,1357.600118
-962.35657,234,1357.732518
96.63924,218,1357.896256
-990.69727,73,1358.417157
89.865944,196,1358.59805
92.13602,200,1358.876213
90.4599,201,1358.927984
88.86212,212,1359.101289
90.58418,201,1359.125865
83.53302,206,1359.403896
-993.1204,68,1359.494665
91.735405,195,1359.607377
89.04016,193,1360.085839
-991.33624,72,1360.271747
94.765205,201,1360.345842
95.97327,202,1360.620026
94.48028,195,1360.791104
94.28672,199,1360.801561
86.55163,201,1361.249455
-992.92755,80,1361.310769
-984.8883,132,1361.394638
88.24531,232,1361.43157
95.310295,195,1361.781885
92.12126,195,1362.044068
89.61232,206,1362.583925
90.2765,212,1362.641228
90.98499,197,1362.944016
91.48415,198,1363.024616
90.80618,190,1363.067285
85.46389,233,1363.421195
95.053535,196,1363.736565
75.7292,258,1364.007441
90.9915,190,1364.23339
89.36273,200,1364.374167
91.28766,193,1364.723964
83.04777,240,1365.036008
-986.99506,93,1365.036008
99.56859,234,1365.054182
92.94149,206,1365.201313
-995.10254,68,1365.34574
90.33461,199,1392.342776
84.11995,233,1392.351958
93.69813,210,1392.798174
89.50065,208,1393.414976
85.90737,196,1393.464494
91.33245,222,1393.54577
89.69902,231,1393.603104
92.10804,206,1393.678933
86.69204,220,1394.202532
93.81612,224,1394.243955
88.686325,200,1394.484472
-991.7086,108,1394.59218
91.1092,197,1395.041565
85.68805,214,1395.294793
77.04437,230,1395.340662
87.53183,225,1395.435322
91.68863,199,1395.765113
86.15245,195,1395.773112
-994.6515,166,1395.898935
-989.6207,123,1396.011279
92.509895,199,1396.051901
-982.5764,172,1396.723365
-990.847,120,1396.881475
86.083206,205,1396.956688
82.10559,233,1397.329776
99.246635,223,1397.591493
94.559555,197,1397.664021
91.50767,235,1397.697496
86.341125,206,1397.697496
-998.5456,149,1398.085418
90.7129,190,1398.265739
84.202644,227,1398.792435
-979.7067,151,1398.895457
65.70043,225,1399.15897
68.79244,199,1399.306453
-987.35693,127,1399.306453
89.658775,214,1399.321792
89.53499,205,1399.353963
84.74167,209,1399.770403
-991.51825,109,1400.223938
92.574356,196,1400.4562
80.77919,220,1400.561562
93.96097,199,1400.751916
90.51378,204,1400.95574
89.624084,209,1401.018923
-993.66437,74,1401.086122
-994.70166,145,1401.466863
90.12376,204,1401.494743
69.05348,267,1401.530306
91.80877,195,1402.294078
94.15624,195,1402.497483
94.83406,201,1402.883889
89.63152,216,1402.893723
92.02183,221,1403.000785
92.29447,207,1403.314618
-990.82294,132,1403.624726
81.22344,248,1403.631726
75.13288,274,1403.999103
-989.8139,113,1404.033027
96.13346,209,1404.170572
-992.4322,72,1404.317538
-994.5036,112,1404.343401
-992.3699,85,1404.700248
87.21499,226,1404.820904
-983.3764,243,1404.941413
-985.7525,142,1405.118808
87.54912,200,1405.314005
-991.54645,73,1405.40306
-991.9996,105,1405.528037
90.52233,213,1405.825682
81.63137,203,1405.917014
95.94338,213,1405.975052
91.709755,200,1406.573466
86.45572,214,1406.855313
89.832565,197,1406.923241
91.63015,202,1407.184341
-984.2924,232,1407.29598
91.43668,190,1407.481854
84.19018,232,1407.722347
89.20525,229,1407.835111
92.4915,189,1408.059601
90.80916,201,1408.414312
80.09751,199,1408.459277
93.43681,207,1408.773516
86.79177,199,1408.823943
-989.64197,134,1436.030918
89.332855,222,1436.13568
95.52537,197,1436.186415
85.71363,219,1436.490228
88.656265,202,1437.042454
-990.3897,72,1437.093645
92.22885,235,1437.271418
90.04675,197,1437.383
84.40747,218,1437.503897
-988.6199,79,1437.740059
88.29824,196,1437.805706
91.60439,225,1437.895238
88.40184,237,1438.09501
-990.50256,138,1438.645875
95.11545,204,1438.736712
94.98724,199,1438.922167
89.28644,196,1439.010268
89.79196,195,1439.418361
90.39412,204,1439.426374
90.92466,192,1439.664064
83.724815,247,1439.909015
92.80163,196,1440.192052
93.88451,206,1440.507297
77.26333,246,1440.644671
94.29067,213,1440.644671
91.34033,200,1440.955357
86.69994,234,1441.21323
-972.69745,216,1441.328654
93.036964,197,1441.430363
91.996025,191,1441.704861
91.09063,202,1442.312652
82.50893,242,1442.501029
90.85296,196,1442.593059
87.665825,244,1442.674373
-989.56146,124,1442.770179
93.99185,211,1443.131678
-994.2791,72,1443.212456
85.87388,248,1443.320755
89.48018,229,1443.378611
-990.2923,82,1443.892832
-989.8117,74,1443.989265
91.11453,200,1444.170711
81.37202,232,1444.248826
89.576035,216,1444.461416
85.65797,207,1444.478788
94.6612,215,1444.884828
93.98572,201,1444.956396
92.431015,190,1445.396478
90.4479,195,1445.52897
97.57082,220,1445.990782
94.73159,193,1445.99983
81.27409,238,1446.054701
91.092865,242,1446.369599
87.13921,195,1446.408832
94.85244,216,1446.635316
-986.128,91,1446.697908
90.81549,199,1447.083748
87.98626,230,1447.190675
-986.3517,150,1447.214347
92.07168,214,1447.644182
89.38564,189,1447.853873
92.23795,195,1447.86309
93.60064,214,1448.292514
87.621704,211,1448.331421
92.72986,216,1448.86289
-975.5908,237,1448.918216
93.31403,231,1449.010037
89.696945,201,1449.218154
87.68696,198,1449.410732
88.66932,249,1449.814145
87.806435,199,1449.849072
89.9825,203,1449.923624
90.01462,205,1450.540458
95.83419,215,1450.563885
92.719215,203,1450.608964
-989.37726,121,1450.770793
91.970024,197,1450.770793
93.05481,216,1451.125943
-989.37854,79,1451.430208
86.472336,213,1451.569726
89.44098,208,1451.605608
-986.4645,148,1451.778213
90.24094,199,1479.550819
90.39808,196,1479.678997
91.96087,235,1479.738118
93.71639,210,1480.041467
74.87254,216,1480.329159
91.1906,203,1480.39099
91.03565,196,1480.496667
88.62595,236,1480.612428
92.22166,206,1481.016425
85.398964,197,1481.085824
-993.1856,99,1481.093348
92.36725,208,1481.244428
92.64248,200,1481.558648
86.06297,195,1481.928479
88.88895,188,1481.985234
-984.36487,181,1482.051996
-988.4504,111,1482.142136
94.95259,208,1482.767648
88.99028,227,1482.846237
83.13486,234,1482.988053
90.61799,210,1483.258712
-998.1339,156,1483.307724
90.01083,203,1483.560675
86.59926,214,1483.72124
87.37886,201,1483.786904
-1004.0398,154,1484.148763
89.7467,192,1484.38952
-989.92865,106,1484.515505
85.88461,218,1484.84016
87.72574,193,1484.92024
91.46101,223,1485.208931
-977.53186,138,1485.295799
87.27353,214,1530.111297
-994.583,133,1530.120748
-997.1295,177,1530.375976
88.883514,255,1530.410514
-997.22314,142,1531.028096
89.28234,201,1531.047332
79.060844,214,1531.267921
84.51955,218,1531.656222
90.929214,201,1531.92386
93.46358,204,1532.306845
96.440475,240,1532.314909
75.65032,258,1532.721749
-995.3972,91,1532.758603
91.2742,204,1532.912981
84.880585,223,1533.1181
91.49218,201,1533.128381
90.21615,196,1533.43123
89.0486,191,1533.976337
92.56659,194,1534.000769
86.06957,221,1534.664778
81.10296,218,1534.676895
89.55836,195,1534.819801
96.324326,227,1534.909957
-991.4417,109,1534.940354
92.94331,222,1535.067863
91.41602,198,1535.182722
-998.57666,105,1535.780014
90.48603,205,1535.835892
90.004715,192,1536.401916
84.948715,214,1536.614488
85.48493,203,1536.754582
92.10274,194,1536.939184
78.33869,237,1537.1038
69.748146,225,1537.112493
-982.8814,97,1537.285451
90.69917,200,1537.611511
85.77093,227,1537.784528
91.34816,197,1538.317006
92.936554,194,1538.424755
93.098206,204,1538.669899
84.437515,208,1538.865807
90.422325,194,1538.921618
-972.3866,248,1539.186205
87.59268,193,1539.233142
90.95586,200,1539.458983
88.91169,202,1540.124948
-982.13336,158,1540.194315
83.38591,222,1540.194315
88.89578,203,1540.396188
89.65926,214,1540.744957
92.029755,206,1541.002711
74.42858,218,1541.063015
92.06423,211,1541.29497
89.15318,196,1569.913325
86.73909,217,1570.160338
90.36917,200,1570.210958
-983.2848,171,1570.624523
-979.90546,279,1570.706042
93.059975,224,1570.783182
92.0243,205,1570.874358
79.20609,232,1571.370082
92.886536,221,1571.796466
91.811165,200,1571.862499
90.44967,222,1572.080029
89.53923,203,1572.402912
93.97357,203,1572.468846
91.04182,207,1572.588836
-997.1586,148,1572.599833
-969.7474,264,1572.84594
-992.206,119,1572.864974
-1002.7126,130,1573.756191
82.843315,227,1573.756191
92.38435,201,1573.832582
93.40368,217,1574.331681
83.80077,234,1574.41184
92.6308,219,1574.47946
92.054054,200,1574.577553
91.98017,212,1574.660596
89.70664,194,1575.343196
90.30051,197,1575.368042
90.10032,223,1575.636721
-996.34845,146,1575.653219
92.05814,209,1576.007596
92.414,191,1576.08918
83.99042,220,1576.161082
91.52048,196,1576.208043
88.75004,193,1576.823395
87.8664,196,1576.869295
85.069466,195,1577.143459
91.82124,221,1577.329536
-984.21735,159,1577.377758
94.74369,197,1577.515463
-989.8241,87,1577.539887
-993.0293,101,1577.93209
91.549255,243,1577.962203
87.26903,240,1578.05356
-990.4926,101,1578.114646
86.938774,198,1578.358373
-990.6504,100,1578.841392
88.788445,198,1579.179441
89.79497,214,1579.336013
72.964455,239,1579.369439
90.86306,208,1579.693454
97.33159,215,1579.884165
86.74221,252,1580.253164
-976.73083,233,1580.351976
92.39934,203,1580.504327
93.138115,207,1581.023356
76.93858,240,1581.131829
91.05595,220,1581.156608
91.96723,210,1581.396767
89.125694,207,1581.561183
-974.363,157,1581.618835
-992.2091,82,1581.687511
85.841835,229,1582.125103
87.92163,205,1582.187402
-987.4961,135,1582.644953
-995.79675,128,1582.99694
93.16119,201,1583.05949
88.75729,208,1583.15438
-988.88745,171,1583.279505
-990.33417,76,1583.904354
-986.8016,102,1584.03603
86.7019,255,1584.131455
90.81176,203,1584.248578
89.147285,233,1584.424612
79.79852,213,1584.662109
96.86827,225,1585.016126
87.42082,206,1585.097207
90.58881,201,1585.77519
-973.3767,140,1585.942895
88.88403,208,1585.964127
84.79954,241,1586.017303
84.59064,227,1586.278094
69.589134,212,1586.346393
89.866425,189,1586.80459
87.25396,210,1586.914456
-990.2154,127,1621.422844
-991.048,151,1621.595398
90.25676,193,1621.888099
88.46364,219,1621.900286
95.445335,205,1622.141947
85.71295,211,1622.229725
90.50561,189,1622.577743
91.21927,192,1622.746732
-994.69714,69,1622.787745
92.56593,231,1622.828473
93.83448,198,1623.000622
-980.1498,155,1623.048611
92.467415,202,1623.395519
92.12804,201,1623.695177
92.7506,199,1624.118529
92.62134,197,1624.347238
93.14479,206,1624.37989
89.87332,224,1624.479214
85.7204,195,1624.503858
87.62914,227,1624.805908
87.595604,214,1625.054485
93.03815,248,1625.692586
93.1596,211,1625.856503
92.468735,192,1625.970987
90.96956,211,1626.105222
93.78015,203,1626.183907
86.75908,232,1626.468843
95.57548,198,1626.503541
85.64192,200,1626.813116
-988.2802,136,1627.066723
-991.5356,71,1627.103486
90.0857,197,1627.438894
92.14876,192,1627.669627
89.41425,191,1627.79457
86.744675,205,1628.30816
80.68193,269,1628.544061
72.64499,229,1628.805552
92.508224,202,1628.85571
88.10317,200,1629.154122
85.10919,256,1629.268972
90.103455,201,1629.38987
-986.47986,105,1629.434841
91.59069,226,1629.728396
83.42042,238,1630.331211
91.87991,223,1630.660986
90.079544,189,1630.742945
90.729225,229,1630.774771
91.32224,202,1630.961166
92.819626,190,1631.289887
92.94177,224,1631.289887
70.91007,256,1631.514132
89.515396,197,1631.925864
89.57851,198,1632.36263
-972.09564,233,1632.598686
-989.7914,80,1632.606688
88.53922,200,1632.617216
87.279045,192,1632.892639
85.70625,259,1632.919154
89.913216,201,1632.97155
90.482895,197,1633.167152
-993.4372,93,1633.379689
-984.4921,139,1633.773311
92.75706,212,1634.181575
88.90588,195,1634.287467
89.773155,197,1634.530907
-986.23126,147,1634.600425
89.409225,226,1634.829372
89.2372,209,1634.882295
86.490845,243,1634.928797
92.116585,196,1635.451168
91.512215,188,1635.903215
90.65207,209,1635.986034
-975.67395,163,1636.315423
89.80476,204,1636.33847
90.17422,201,1636.379022
90.94218,192,1636.586517
88.81857,197,1636.65994
-985.506,117,1636.85079
90.348434,225,1637.307127
91.293846,194,1637.515752
87.7424,199,1637.864929
89.770645,201,1637.904758
90.79155,203,1637.961583
90.33442,198,1665.178858
91.75457,215,1665.402714
90.35203,196,1665.445438
91.12006,204,1666.064528
90.85998,199,1666.256586
91.370125,188,1666.580172
91.79792,199,1666.631919
94.27185,206,1666.801649
-996.22845,102,1667.12624
88.366974,225,1667.143851
90.00368,202,1667.179144
91.52863,208,1667.269747
-988.4254,114,1667.540982
-994.1229,64,1667.676654
84.454666,215,1667.876954
89.75377,190,1668.21484
75.80273,201,1668.459013
88.06623,192,1668.701993
91.99902,210,1668.903404
-989.36017,78,1669.156074
82.460175,232,1669.226601
90.60658,196,1669.329788
90.23399,193,1669.506762
65.600685,241,1669.564353
90.17525,218,1670.059619
-989.77606,127,1670.624508
94.01125,204,1670.642402
91.81038,189,1670.714226
81.177635,242,1670.75972
78.50646,194,1670.831608
89.5357,207,1671.036413
89.954254,193,1671.100507
-992.2771,72,1671.294786
93.54587,200,1671.683777
91.2452,187,1672.132193
89.24643,206,1715.648478
89.18852,204,1715.716195
74.42019,229,1715.732533
89.39008,200,1715.894787
87.65652,193,1715.904202
90.27802,193,1716.087185
93.37731,208,1716.615437
-990.29614,89,1716.870367
90.682274,195,1717.335451
90.05969,196,1717.409337
88.632286,201,1717.469823
-972.03143,256,1717.566797
88.52052,198,1717.630575
91.4575,227,1717.901903
89.928116,203,1718.509992
-981.0871,241,1719.110055
87.423775,207,1719.265116
90.28466,193,1719.276112
83.68018,220,1719.459493
84.54216,219,1719.683501
91.945526,198,1719.746361
-974.1758,266,1720.057184
-985.40826,89,1720.107205
93.2803,195,1720.334857
86.27926,193,1720.892953
89.970116,193,1721.040784
91.58635,205,1721.314641
92.8361,209,1721.647502
90.63743,229,1721.930567
-979.72534,173,1721.985581
90.10962,224,1722.198195
-965.79443,220,1722.213397
-992.9888,156,1722.649926
90.05189,207,1722.94165
91.20127,191,1723.263847
90.54024,208,1723.686807
89.38192,192,1723.784616
92.15324,187,1723.793809
90.46166,193,1724.079591
66.82768,201,1724.152788
90.745804,201,1724.463784
-988.6311,93,1724.621577
92.46295,197,1724.741789
89.56189,195,1725.060145
90.85006,197,1725.458222
92.379105,200,1725.857913
-979.65936,229,1725.857913
-987.49005,93,1725.880056
91.21835,209,1726.000633
-986.7985,83,1726.227876
93.44739,200,1726.58042
-989.06305,242,1755.340768
85.30222,228,1755.35817
-987.5891,99,1756.168951
94.21971,198,1756.26669
92.44771,205,1756.310205
89.67774,210,1756.482162
78.68767,258,1756.741375
94.82488,206,1756.930271
79.81765,246,1756.955235
89.46607,196,1756.970466
90.802055,195,1757.750387
-988.95636,130,1757.790796
84.75443,211,1758.016637
91.4126,195,1758.06163
83.17701,242,1758.241338
88.94655,192,1758.510787
92.151695,197,1758.58583
86.563614,200,1758.630651
-985.3405,94,1758.831811
-982.4839,99,1758.913057
89.149635,200,1759.459937
85.746956,224,1759.616663
87.76806,219,1760.035815
89.57226,195,1760.203341
-984.9674,162,1760.203341
90.1523,210,1760.222268
90.97135,195,1760.391648
92.78607,239,1760.527484
95.18036,198,1761.139723
-972.98804,132,1761.202091
89.610275,204,1761.354136
92.715706,196,1761.887175
90.47742,199,1761.926662
89.0598,197,1762.073173
93.229485,238,1762.215629
-988.43384,137,1762.242288
93.3068,208,1762.288913
90.57173,201,1762.841439
89.928185,203,1762.994191
90.095604,198,1763.481067
89.73376,198,1763.521978
90.227,202,1763.705582
90.6501,201,1763.834688
-985.8826,127,1763.834688
93.42272,200,1763.849689
92.060074,201,1763.898388
-988.8636,85,1764.333487
92.56939,202,1764.539101
91.40914,192,1764.940078
89.22501,190,1764.963529
90.6353,193,1765.314655
88.80936,195,1765.314655
92.07057,189,1765.338796
91.21153,227,1765.576411
-989.222,96,1765.73939
88.62025,191,1765.856112
94.10954,202,1766.187462
90.5466,200,1766.622159
87.86546,192,1767.005713
91.89148,196,1767.013983
90.10178,204,1767.075101
-994.06104,63,1767.165709
90.02286,206,1767.356509
83.6871,195,1767.527943
81.955925,223,1767.647446
88.238045,195,1767.829106
92.06213,193,1768.535179
93.21464,195,1768.558493
91.043884,191,1768.592236
90.62552,196,1768.898796
89.35125,221,1768.914352
88.862366,189,1769.00828
90.32878,197,1769.194916
91.47533,193,1769.351203
94.271965,202,1770.334657
92.483154,227,1770.508212
90.1421,191,1770.583078
92.659515,200,1770.640888
-970.69055,248,1770.65825
91.24808,196,1770.916749
79.99425,241,1771.089246
91.56282,225,1771.289604
91.145035,210,1772.012557
92.74535,192,1800.800163
84.28935,203,1800.816351
90.5773,192,1800.872053
89.32895,195,1800.881271
-981.6065,138,1801.0708
86.09588,209,1801.253615
91.17917,190,1801.27885
-990.5518,81,1801.978939
93.31161,203,1802.387859
90.43582,193,1802.489143
91.62591,202,1802.55337
93.934395,215,1802.586133
84.16028,230,1802.724173
93.7862,199,1802.731171
93.266914,193,1802.864163
-988.9469,153,1803.76168
-984.7804,231,1803.823743
88.6354,190,1804.090659
84.900696,215,1804.098663
88.14373,205,1804.116172
91.42888,194,1804.267623
88.61433,199,1804.299464
91.49348,200,1804.459664
-968.2828,165,1805.506148
79.7586,237,1805.772105
92.85414,196,1805.7811
84.58737,239,1805.861514
94.760796,213,1805.942221
79.459435,205,1806.070925
92.30657,214,1806.111403
89.73591,216,1806.3256
-989.0934,89,1806.840218
-991.3439,71,1806.94286
91.64343,209,1807.289834
91.71117,188,1807.455245
91.77024,204,1807.503312
92.413704,199,1807.635902
91.81293,198,1807.791443
76.48189,264,1808.007302
-1003.772,191,1808.408566
94.472305,196,1808.539367
91.47385,195,1808.981717
86.141174,219,1809.013361
94.45521,196,1809.035709
89.239334,206,1809.382082
97.26259,232,1809.438992
92.48245,197,1809.525423
90.40328,190,1809.867081
93.65139,201,1810.097329
89.83498,198,1810.568355
92.30324,192,1810.582886
88.826256,197,1810.605307
90.491585,188,1810.982695
91.00634,199,1811.015594
93.95184,195,1811.135036
90.11297,221,1811.693508
93.07313,210,1811.829823
-991.9775,119,1811.945573
92.361664,196,1812.176099
93.63254,207,1812.282156
84.85645,244,1812.560179
92.37631,193,1812.568066
91.800415,206,1812.789157
92.04331,196,1813.33748
90.39288,188,1813.414725
91.00067,190,1813.553661
93.68799,218,1814.019063
80.587524,220,1814.139182
91.92915,193,1814.196059
-978.3563,138,1814.466569
93.56947,200,1814.493142
93.221596,233,1814.543925
-984.99817,92,1814.792709
90.44642,191,1815.119
92.805374,209,1815.128083
-973.24695,147,1815.728422
90.47642,199,1815.815103
80.55593,235,1816.1838
89.16184,194,1816.1838
92.44306,204,1816.193089
-994.35706,76,1816.379467
86.93067,233,1816.77562
90.97575,206,1816.899322
95.4515,218,1817.008645
91.36161,196,1817.507309
-985.80273,93,1843.290124
90.23302,211,1843.540332
-985.80444,138,1843.62043
87.35626,221,1843.641183
82.74386,233,1843.739789
92.11264,217,1843.803511
-994.4709,67,1843.936988
89.02032,198,1844.034434
-990.80695,83,1844.393675
-993.0838,80,1844.462976
89.556206,190,1844.708682
-974.03326,143,1844.87828
-993.8747,122,1845.080774
93.3392,198,1845.255897
92.090904,190,1845.443688
-987.8141,86,1845.603228
69.08267,235,1845.940974
93.308624,202,1846.071107
95.95255,210,1846.192637
85.29687,213,1846.456734
89.77458,192,1846.640578
92.22994,193,1846.809076
90.36245,188,1846.939471
-990.64185,112,1846.947472
-979.61945,144,1847.340305
90.07544,186,1847.42392
-990.1167,88,1847.54002
92.373665,245,1847.574194
-989.1575,79,1847.599787
-986.1203,93,1848.17788
74.6265,217,1848.212265
94.46341,202,1848.286874
89.64318,191,1848.561732
74.32627,226,1849.225328
75.43243,207,1849.260566
88.66948,205,1849.302129
91.22231,211,1849.325032
-989.48145,126,1849.354863
-981.67065,121,1849.540839
91.26496,192,1849.775007
-991.39246,86,1850.043835
61.349255,278,1850.512252
92.357086,193,1850.78279
89.874176,193,1850.853603
90.62409,191,1850.862729
-969.0297,235,1894.100536
88.0397,222,1894.345122
90.30959,199,1894.421562
-995.5865,73,1894.500651
95.23459,199,1894.675153
-985.3086,90,1894.881181
92.81096,193,1895.017071
89.60903,201,1895.282357
87.6988,197,1895.313972
-984.7978,160,1895.518927
92.80494,209,1895.895949
89.80677,195,1895.912975
85.8929,224,1896.365286
92.382416,199,1896.398372
90.167786,200,1896.587013
91.358116,194,1896.8978
91.97351,192,1896.928931
84.41616,195,1897.219798
95.88855,222,1897.883404
-991.2071,121,1898.065125
85.00578,243,1898.065125
93.30003,209,1898.261675
89.58928,206,1898.271779
90.0424,200,1898.40953
94.50982,193,1898.652018
91.737526,213,1899.089674
91.49441,209,1899.644602
90.124954,198,1899.719287
90.539444,202,1899.754765
92.54945,190,1899.833129
90.13287,192,1899.860502
92.38457,196,1900.061471
91.53047,192,1900.312269
90.04553,193,1900.91626
-972.6233,148,1901.5282
90.695816,192,1901.65736
88.358925,202,1901.715575
91.25559,198,1901.841023
92.415,204,1901.86925
-968.38873,254,1902.137066
93.15395,192,1902.216613
-990.1977,78,1902.287383
91.9096,191,1902.740462
88.8177,198,1903.56629
92.57465,192,1903.56629
93.194305,201,1903.777139
-967.85596,230,1931.337979
90.70101,201,1931.358873
92.87402,193,1931.366863
90.11661,192,1931.721112
93.49288,240,1931.738472
91.183,194,1932.450095
86.32339,195,1932.461424
89.38829,195,1932.909927
90.095535,229,1932.963612
87.207466,215,1933.084281
85.97126,245,1933.361397
91.70865,195,1933.394289
90.600555,199,1933.444842
80.697754,200,1934.1855
92.412544,200,1934.194589
-996.49005,116,1934.385798
85.77648,213,1934.727167
93.92661,224,1934.933589
89.44914,192,1934.941592
84.04683,251,1935.05588
91.06893,211,1935.172666
79.943275,217,1935.889212
91.98915,220,1935.90455
90.368904,229,1936.163909
91.597275,203,1936.31034
92.458954,200,1936.502606
87.89191,207,1936.551372
88.666534,195,1936.576787
89.76658,204,1936.776878
-989.14795,144,1937.356219
92.42525,205,1937.586068
87.312096,190,1937.909611
-971.5429,242,1937.920075
90.421104,201,1938.26171
88.744484,200,1938.325322
86.644615,208,1938.36855
90.15167,190,1938.440817
86.36823,217,1939.196196
89.603226,198,1939.551913
88.068146,218,1939.693616
73.10716,257,1939.70406
90.156906,192,1939.831941
92.01844,200,1939.831941
92.417244,197,1939.908878
90.554695,208,1940.062576
89.900734,189,1940.648907
91.832146,201,1941.102522
89.82353,193,1941.19858
90.497894,195,1941.35235
83.24,215,1941.371659
91.43008,202,1941.410954
89.26537,200,1941.475298
67.26858,209,1941.701187
92.031845,202,1942.243604
92.77074,186,1942.685644
75.61442,211,1942.79379
91.01462,192,1942.948509
91.991196,206,1943.026899
88.13753,210,1943.045061
87.65095,199,1943.077915
-988.2169,121,1943.243875
89.440605,207,1943.390176
-988.75116,79,1943.608628
-991.5949,139,1944.159502
90.71802,204,1944.459387
90.67437,219,1944.476279
-991.8631,126,1944.62184
91.19275,201,1944.675355
86.559074,205,1944.738136
90.705956,215,1944.978061
91.798416,199,1944.987366
-986.16943,117,1945.582332
89.73975,194,1945.749162
-991.9065,107,1945.8804
91.113884,195,1946.071783
62.80461,205,1946.173499
92.48088,187,1946.229877
88.72159,196,1946.372283
91.28369,193,1946.61212
88.02505,199,1947.425297
73.21906,221,1947.441506
80.39161,211,1947.634785
90.37027,198,1947.711771
90.54842,192,1947.760522
89.99437,210,1975.596811
91.78664,198,1975.640815
84.6181,205,1975.946127
92.379944,196,1976.716151
90.11748,199,1976.725152
-992.5939,143,1976.872117
92.85402,195,1977.006798
86.40982,215,1977.088237
95.91029,210,1977.176451
92.33436,211,1977.384238
91.40695,197,1977.593748
-988.6788,158,1978.012991
-970.5621,155,1978.135387
92.8347,196,1978.340007
90.41473,190,1978.571176
92.38607,192,1978.681684
-969.8035,162,1978.74486
89.33001,222,1979.024129
-989.3345,95,1979.140447
95.48229,205,1979.306374
93.29937,195,1979.748021
90.18876,219,1979.826542
92.86335,193,1980.236395
93.42006,194,1980.306511
94.06427,221,1980.373175
92.09104,192,1980.568609
93.30886,193,1980.701674
87.49023,198,1980.915905
-986.84766,115,1981.204808
91.58602,198,1981.464265
-972.2942,247,1981.786579
92.57911,195,1981.920643
92.89649,198,1982.012422
-988.31,142,1982.081811
88.47082,213,1982.333699
87.9644,214,1982.463061
88.53067,192,1982.757329
89.40608,209,1983.147087
90.62646,192,1983.317982
89.33658,194,1983.468686
89.94688,196,1983.571182
92.09713,193,1983.623356
-976.82336,179,1983.88867
85.99198,234,1984.208753
93.0656,205,1984.419994
92.9909,191,1984.702335
96.02423,216,1985.082918
79.76703,204,1985.140759
92.22533,198,1985.202683
93.42953,206,1985.316101
94.690315,199,1985.522265
94.637344,208,1985.916322
88.03372,209,1986.12857
93.3044,193,1986.28574
93.386955,198,1986.697896
91.1479,201,1986.777508
90.7353,191,1986.863613
90.129974,207,1987.185959
77.00013,270,1987.375608
-984.0259,94,1987.517766
95.12578,208,1987.574274
95.66288,205,1987.753536
92.78128,199,1987.856701
-970.619,152,1987.898794
-992.2246,70,1988.124817
90.70914,190,1988.376369
93.45475,198,1988.978204
-971.617,150,1989.084707
86.579384,237,1989.10016
91.92056,213,1989.243921
90.295784,195,1989.343729
91.35577,213,1989.638273
92.14779,204,1989.798601
92.38914,209,1990.073928
91.887474,195,1990.562659
-972.0941,137,1990.757109
97.79992,205,1990.757109
94.035194,201,1990.896647
91.30964,190,1990.905644
85.90908,256,1991.227287
93.635826,190,1991.405405
93.47668,192,1991.742775
93.77341,189,2018.779717
94.9422,189,2018.779717
70.078064,228,2018.927382
94.33706,205,2019.070974
92.345436,208,2019.089188
-991.45624,74,2019.428823
95.07001,207,2019.566276
91.88969,196,2019.781401
-975.744,292,2020.127368
89.894714,190,2020.413983
89.93954,195,2020.599123
91.03125,192,2020.721871
94.96741,206,2020.863792
-984.66254,128,2020.909263
93.9482,191,2021.080031
86.61825,195,2021.265354
92.98882,209,2021.946726
92.970406,204,2022.190603
96.32723,188,2022.232109
93.12878,215,2022.575766
95.36818,214,2022.698182
85.76949,211,2022.706795
94.292175,191,2022.879991
90.75666,231,2023.041585
-991.1079,85,2023.404522
91.522316,196,2023.610763
95.735435,189,2023.858904
-966.50366,164,2023.998781
93.860985,203,2024.426819
92.70001,191,2024.50944
73.903854,276,2024.526819
92.062706,191,2024.659987
95.08674,194,2025.026409
94.89465,189,2025.343047
88.604,229,2025.444243
89.10228,190,2025.477207
95.57259,192,2025.904123
92.96957,195,2026.016565
-985.23126,96,2026.083398
97.77629,206,2026.09368
93.08956,199,2026.180899
-991.01587,82,2026.634994
83.77274,227,2026.748879
92.41762,189,2026.912916
95.70631,224,2027.165875
93.38462,194,2027.401052
92.503365,190,2066.201012
91.964035,199,2066.285368
93.137215,192,2066.329221
93.519104,190,2067.033172
96.043884,213,2067.103391
-990.15955,87,2067.147035
93.01531,192,2067.232613
94.92257,193,2067.507137
-968.38434,165,2067.677414
92.39382,202,2067.825753
92.1386,221,2068.240138
91.965614,197,2068.719086
-983.55096,123,2068.87117
91.43859,207,2068.896298
92.46709,213,2068.905595
93.64016,199,2068.913593
92.140274,198,2069.181268
91.86724,193,2069.312919
95.068375,195,2069.90171
94.51536,198,2070.440106
94.7048,195,2070.586234
88.85402,195,2070.629096
94.066284,200,2070.662893
83.81233,237,2070.973652
89.97648,227,2071.161898
85.75034,255,2071.515934
93.52542,221,2071.817972
94.268326,188,2072.043425
93.57809,196,2072.306561
92.71948,192,2072.306561
95.22037,196,2072.622126
71.93779,244,2072.647618
92.7815,198,2072.822928
94.81305,216,2073.344289
-979.9601,128,2073.354286
-989.5074,128,2073.354286
92.83816,199,2073.500193
84.86053,237,2074.081054
93.44575,196,2074.345158
-982.72534,115,2074.380723
90.795166,198,2074.546674
85.923225,235,2102.552615
-974.3411,134,2102.573448
-987.6331,91,2102.706923
96.40018,188,2102.819165
95.427,193,2102.844633
-978.0545,139,2103.588088
95.7058,196,2103.781362
93.442535,203,2103.804867
96.06879,206,2104.014846
91.93378,207,2104.136573
95.5323,192,2104.178088
96.284966,190,2104.294615
-991.6463,75,2104.358209
92.48771,196,2104.373448
-982.2381,103,2104.980095
90.633484,188,2105.050039
-985.84955,92,2105.097071
-984.6075,116,2105.209658
94.49211,193,2105.305011
93.29811,202,2105.582111
92.824745,190,2105.613731
-988.47534,79,2105.918828
-981.059,113,2105.975975
97.47975,223,2106.101027
94.73346,189,2106.451192
95.82582,192,2106.548487
94.79535,191,2106.702453
94.1879,192,2107.115692
94.75633,202,2107.226366
93.28654,186,2107.470009
95.78774,199,2107.521337
-982.1254,107,2107.581775
96.6045,190,2107.641776
-976.3297,138,2107.683911
-987.9164,82,2107.9117
94.92092,196,2108.050892
-979.8543,116,2108.058909
-976.8832,122,2108.447433
-975.06445,126,2108.518622
-976.18835,133,2108.905782
92.19371,196,2109.091015
94.35821,190,2109.100537
97.269356,195,2109.184523
-970.18146,159,2109.281867
-985.32214,104,2109.323631
94.41622,192,2109.54517
-972.76447,159,2109.691223
-992.512,82,2109.775362
-988.05664,109,2110.209263
96.4677,196,2110.502451
95.27797,199,2110.724094
95.300705,196,2110.871292
95.23417,227,2111.029904
95.1586,195,2111.11472
96.68373,209,2111.381009
-980.8469,124,2111.503732
95.87173,217,2111.528172
-988.9629,84,2111.554608
94.25884,206,2111.881938
-985.95105,86,2112.252061
93.301,201,2112.364153
97.21973,193,2112.598531
95.630646,198,2112.72763
92.669014,192,2112.938487
96.34784,188,2113.025748
92.38219,191,2113.075593
-970.29553,151,2113.593638
94.88166,213,2113.619124
98.19612,202,2113.906062
-974.1471,148,2113.951162
-977.5089,126,2114.16317
-975.69073,159,2114.300707
-969.2559,156,2114.377034
90.64339,221,2114.484794
-981.41046,112,2114.584982
-975.6878,137,2115.134837
-982.9155,102,2115.19575
-989.1279,86,2115.231741
-977.1409,125,2115.257013
94.196976,190,2115.290678
93.04429,194,2115.669707
94.55737,191,2116.232246
-992.4344,76,2116.322801
93.14034,227,2116.341561
93.11006,188,2116.788338
91.69392,204,2116.857172
97.11049,191,2116.895617
93.66738,202,2116.928964
94.98232,208,2117.006544
94.43641,192,2117.796145
93.9149,187,2117.853391
94.481415,192,2117.878623
-987.5402,115,2117.936786
92.24353,205,2118.457564
93.00775,188,2118.467721
91.70218,205,2118.534276
100.96894,217,2118.674744
-995.2843,67,2119.025353
-967.13605,157,2148.229016
95.50741,192,2148.461384
95.32668,194,2148.569954
-985.71405,102,2148.602741
-976.0987,135,2148.667052
98.298325,207,2148.730453
-992.2839,70,2149.203185
-974.654,132,2149.347656
95.94616,209,2149.363765
96.930145,187,2149.661605
-967.4038,166,2150.050293
95.79648,195,2150.09174
92.27063,191,2150.160311
93.1551,193,2150.337535
-971.709,133,2150.454355
95.61314,191,2150.749943
94.6244,191,2150.892375
94.92918,196,2151.232461
95.148224,188,2151.59411
94.74736,194,2151.606454
91.919716,193,2151.712044
-971.8288,134,2151.84264
96.96845,201,2151.969145
97.15844,193,2152.019509
-984.8459,95,2152.02849
95.16729,199,2152.573812
-977.9617,135,2152.906353
95.25464,188,2153.260011
-972.7092,141,2153.277308
97.46163,192,2153.528673
93.32358,230,2153.621522
93.50216,197,2153.700712
99.26315,227,2154.008598
-986.20557,92,2154.051389
97.6227,196,2154.35786
91.83182,206,2154.759646
-981.4311,124,2154.768946
94.82809,188,2154.937803
-970.39716,157,2154.948045
-971.3275,154,2155.09182
-974.97833,145,2155.333262
-991.96045,74,2155.391934
94.17012,191,2155.772033
91.56156,202,2156.066085
-975.8286,123,2156.427603
95.11166,209,2156.515586
94.65061,189,2156.54845
95.02718,190,2156.54845
95.45619,202,2156.800296
-971.19257,151,2157.036679
-986.2617,88,2157.169542
92.15284,230,2157.273548
-974.07513,131,2157.631903
95.245865,192,2157.664867
97.397285,190,2158.106876
94.1526,195,2158.122086
-962.2682,166,2158.156608
-981.56885,101,2158.444145
93.73224,192,2158.585675
96.5304,191,2158.703613
97.48803,192,2158.80958
94.855865,187,2159.162572
-990.9571,95,2159.20319
-983.5406,101,2159.397124
97.252716,191,2159.646924
97.2701,187,2159.646924
96.39807,199,2159.691845
92.00968,191,2160.222085
-981.43994,129,2160.222085
92.023766,191,2160.327523
-984.97064,106,2160.484881
-978.2869,122,2160.608129
92.865135,189,2160.656256
95.33084,192,2160.904542
-988.6751,83,2161.260133
-969.6186,151,2161.516993
86.00772,237,2161.566652
92.16061,193,2161.751068
92.45285,198,2161.794067
-995.7143,69,2162.151773
97.147675,210,2162.188792
96.99055,191,2162.216233
-990.9184,87,2162.561311
95.77584,199,2162.572627
-990.8994,74,2162.829499
92.19497,198,2162.940553
94.462944,188,2163.118276
-972.2261,150,2163.482904
93.89177,204,2163.490895
96.16204,192,2163.758604
95.521545,186,2164.079942
95.86325,189,2164.11234
96.30348,193,2164.395587
97.21097,197,2164.709301
96.93588,232,2164.819065
93.666954,191,2165.03035
-982.29877,118,2165.081002
93.01321,198,2165.098241
96.3047,199,2191.335431
95.265434,198,2191.636556
92.167076,189,2191.89544
-978.793,132,2192.061754
-971.5267,141,2192.208077
95.11557,198,2192.413477
-980.23096,130,2192.413477
94.62158,217,2192.46808
96.49632,189,2192.598632
-984.6419,94,2193.209204
93.23898,198,2193.317457
94.93182,192,2193.514778
95.18686,200,2193.738413
94.20858,200,2193.882338
97.494446,192,2194.014872
96.1076,191,2194.056793
-995.3598,75,2194.128703
91.52342,204,2194.289272
-987.34937,90,2194.741684
94.672714,194,2194.79682
95.84535,198,2194.93422
97.41634,205,2195.417035
93.86237,196,2195.479542
-986.4103,97,2195.59114
93.20987,191,2195.61478
95.556656,206,2195.798597
94.34554,189,2195.822817
91.51757,193,2196.274557
91.21877,209,2196.58861
94.11114,185,2196.854288
95.75542,193,2196.981096
95.78946,190,2197.05714
96.765,188,2197.06641
96.25072,193,2197.293917
92.65807,218,2197.512519
94.00511,206,2197.887282
94.13331,202,2198.159479
96.110466,189,2198.328175
-977.8349,135,2198.344781
91.16322,188,2198.534451
97.365814,203,2198.651433
96.922554,223,2198.736924
97.318665,190,2199.043005
-986.41547,90,2199.300813
-987.7393,89,2199.480255
95.63323,204,2199.545759
93.64169,209,2199.871475
96.28742,191,2199.904138
93.55276,206,2200.038811
93.50173,196,2200.249999
94.703285,196,2232.169863
96.51642,200,2232.467139
92.302216,196,2232.681757
93.62052,219,2232.798187
94.25183,188,2232.931846
96.43774,193,2233.00505
-994.4964,71,2233.030445
96.71047,187,2233.1003
94.36767,201,2233.433849
93.458595,186,2233.703924
-984.5691,107,2233.936666
93.711334,199,2234.379657
94.87149,198,2234.492415
95.93102,190,2234.566093
94.9721,195,2234.695612
92.31288,190,2234.747915
95.29703,192,2235.135149
-990.45526,78,2235.1812
-971.9567,143,2235.209812
92.61128,193,2235.419538
-981.3508,120,2235.44166
-987.92145,90,2236.010486
93.08388,196,2236.310417
-976.7325,134,2236.32764
-987.32733,111,2236.39706
95.64909,201,2236.465032
95.82321,199,2236.499607
94.13408,188,2236.858644
97.393295,197,2237.129142
-970.5557,145,2237.547886
96.359276,186,2237.564737
-979.4193,144,2237.714401
93.134476,187,2237.864902
96.83974,190,2237.962121
94.28182,203,2238.131362
-985.53723,104,2238.365979
93.998924,192,2238.388212
95.805435,186,2238.602937
94.92752,193,2239.047116
95.393555,189,2239.218287
-971.60486,145,2239.307895
94.97555,193,2239.417075
93.93209,190,2239.49886
93.674095,189,2270.370439
93.45119,210,2270.530905
95.30938,195,2270.618222
-986.1625,113,2270.714366
93.09212,194,2270.97397
90.47787,196,2271.102063
-991.54535,92,2271.155936
97.78559,192,2271.164979
91.045006,197,2271.398953
-983.0182,126,2272.114461
93.93771,192,2272.168578
91.74305,217,2272.252665
86.6586,261,2272.311306
93.386444,195,2272.523576
92.85593,187,2272.657581
95.945854,189,2272.667094
92.37517,189,2272.909287
-991.4435,117,2273.222614
-994.9091,94,2273.46011
-972.15533,140,2273.480124
96.116684,198,2273.739309
93.74932,199,2273.803311
-984.4526,126,2273.948891
-965.64813,166,2274.032892
92.66128,191,2274.102332
-981.1556,106,2274.407202
95.5993,200,2274.942441
93.70408,193,2275.126839
-975.5312,135,2275.136841
92.94877,193,2275.403676
96.707466,189,2275.440142
96.67191,200,2275.758184
92.1992,204,2275.851634
93.00453,195,2276.002118
-973.42163,141,2276.273854
96.89785,192,2276.485889
95.49447,226,2276.929791
96.48254,193,2276.96078
94.70116,209,2277.049493
-973.1756,141,2277.087082
95.17358,203,2277.332197
95.31383,216,2277.511844
91.63372,195,2277.752998
92.85868,189,2277.905056
96.24512,198,2278.389519
92.75919,196,2278.404924
94.15708,189,2278.440801
95.98041,197,2278.538811
93.298035,187,2278.699736
94.788376,193,2278.929297
93.09253,190,2279.154067
99.151115,193,2279.35703
94.97619,188,2279.844326
94.21238,192,2279.862535
95.10032,190,2279.90451
96.48911,205,2280.120313
95.56237,192,2280.193501
-988.49097,116,2280.273644
90.762024,223,2280.71509
96.658516,207,2280.825391
-986.0245,101,2280.963612
-967.5245,152,2281.103973
89.64328,192,2281.403642
94.4867,193,2281.465292
94.03164,196,2281.783157
96.18683,197,2281.862314
-995.00287,73,2282.068115
-986.1332,96,2282.19256
97.64501,210,2282.553901
96.22085,206,2282.662858
-992.11957,74,2282.704491
95.22147,241,2282.704491
96.909966,197,2282.736066
-977.7648,125,2283.230069
93.99233,190,2283.370113
89.969894,232,2283.800447
-971.6392,150,2283.8815
-967.6332,159,2284.021875
93.20098,190,2284.100506
94.663414,194,2284.28025
94.13879,206,2284.37895
-990.3831,76,2284.638061
-987.1695,105,2284.721834
96.17552,205,2284.884131
-974.97577,136,2284.884131
96.08957,202,2284.993012
-994.3641,66,2285.403386
94.27397,184,2285.566128
98.01725,198,2285.846174
96.84521,201,2285.966499
94.762825,187,2286.120792
95.04854,196,2314.095427
95.60253,204,2314.397884
94.54736,192,2314.418242
92.94368,196,2314.882302
-981.04944,133,2314.950438
-995.33545,69,2315.005227
100.82135,240,2315.44256
91.40075,210,2315.480962
94.42491,190,2315.593995
-985.9406,90,2315.702488
91.56253,187,2315.725754
96.53476,192,2316.014679
-986.8952,88,2316.198859
93.40425,195,2316.497027
92.76818,188,2316.545421
-972.4504,161,2316.746058
-973.15436,127,2316.764208
-994.05194,65,2317.090667
94.41489,189,2317.139994
94.79863,213,2317.447076
96.76863,206,2317.689433
96.75194,189,2317.739376
-991.27075,80,2317.788987
-967.84766,150,2318.306356
97.434235,194,2318.331273
92.34135,192,2318.331273
77.294846,232,2318.394985
-985.6565,91,2318.4761
95.48188,203,2319.085424
95.37877,189,2319.309137
-978.3127,128,2319.333337
94.58841,231,2319.53718
97.662384,195,2319.861434
91.142975,199,2319.893839
95.43974,198,2320.020635
-995.12134,67,2320.049074
96.605774,212,2320.057107
-973.2183,152,2320.260302
-993.43353,73,2320.620034
-985.67084,94,2320.77286
93.966805,189,2320.78186
92.57751,198,2320.830524
-973.6215,150,2321.031519
95.1476,190,2321.393147
95.259415,191,2321.540752
-982.6615,110,2321.688722
-984.272,132,2321.866124
94.98687,201,2321.883508
95.43941,191,2322.206415
97.69969,190,2322.438106
95.44749,195,2322.701552
-979.5517,140,2322.766634
-991.4866,84,2322.945992
-976.8522,140,2323.084752
89.238556,207,2323.178112
93.606674,195,2323.368046
96.216415,187,2323.485925
-981.1629,100,2324.00367
97.74436,202,2324.14004
94.846436,196,2324.433442
91.096924,195,2324.588853
90.00037,235,2324.682348
94.72189,203,2324.7891
-967.2451,163,2324.864049
97.22108,199,2325.037829
-992.7342,90,2325.449867
-994.4718,70,2325.467137
90.49466,207,2325.754056
94.056076,201,2325.839522
95.16265,186,2325.981475
94.48632,187,2326.167466
-973.9344,150,2326.320267
94.50958,209,2326.547611
94.73971,190,2327.039926
94.76114,194,2327.059655
-988.2187,92,2327.320245
95.35384,197,2327.410256
95.765724,191,2327.444977
93.264786,188,2327.556129
-992.21814,75,2327.684331
95.54172,202,2327.84965
91.57899,196,2328.023588
-968.27716,161,2328.532774
-972.4978,137,2328.724279
95.01009,190,2329.163586
95.13404,206,2329.246695
-973.7383,138,2329.315449
94.05867,192,2329.379037
96.94188,204,2329.611654
92.96374,194,2329.705311
-977.39325,133,2329.954994
-987.5592,85,2329.965198
-992.5337,69,2330.218172
81.42203,263,2330.858862
96.038536,189,2330.869172
-983.4639,117,2330.929777
92.60465,193,2330.953034
96.35906,191,2330.992372
89.25165,196,2356.535752
91.93136,189,2356.704857
-988.6178,88,2356.919844
94.4838,188,2356.963861
-984.19885,102,2357.56165
-972.796,125,2357.578895
94.99198,191,2357.634913
91.88838,196,2357.75037
99.325645,204,2357.75037
95.0045,194,2357.759568
-969.66925,146,2358.141464
95.76586,192,2358.587289
-985.4419,103,2358.644523
-975.47974,130,2358.765642
-984.42236,98,2359.01358
96.76172,194,2359.314744
97.836174,200,2359.408549
96.032875,189,2359.494268
93.00376,194,2359.546772
-984.46405,101,2359.736361
-974.09955,133,2359.913463
-991.3984,84,2360.134321
98.011185,197,2360.375591
-972.6202,140,2360.64961
97.857254,189,2360.680924
95.99271,194,2360.931116
-977.8388,146,2361.069676
93.1823,198,2361.155093
92.99218,187,2361.24506
-973.3341,151,2361.5788
96.65349,191,2361.654522
-991.79626,70,2361.72811
-981.92175,109,2361.816926
97.60825,187,2362.150338
95.68469,188,2362.188769
97.19898,198,2362.645071
98.31889,193,2362.771846
94.90207,195,2363.174266
93.60624,189,2363.198323
93.88221,208,2363.206566
94.381256,193,2363.318966
96.267555,191,2363.647597
96.914375,194,2363.711461
98.13346,185,2364.150889
-987.84406,119,2364.215456
-974.6349,136,2364.384575
94.68724,201,2364.457371
93.45904,200,2364.873791
-978.00867,139,2364.9139
91.857765,205,2365.068868
91.75733,192,2365.305186
-990.2576,77,2365.589905
92.43641,189,2365.795417
96.62742,193,2365.890157
96.37522,193,2366.05918
90.646935,195,2366.155065
-980.3532,124,2366.186999
93.70116,200,2366.641019
98.97799,193,2367.003949
-982.7331,133,2367.049103
96.9771,188,2367.221853
95.21721,201,2401.72497
95.02071,191,2401.841492
95.85038,190,2401.901447
-973.41956,139,2401.933748
-993.3436,74,2401.964189
95.94929,208,2402.03021
-993.1441,66,2402.541812
94.118385,190,2402.638394
93.04781,188,2402.663269
-992.0549,101,2402.698077
-972.5808,147,2402.821484
97.99974,195,2403.37112
97.059586,191,2403.426265
95.880455,200,2403.576354
98.251114,187,2404.114783
95.19639,187,2404.218348
97.73628,192,2404.286198
93.91431,192,2404.317201
97.34706,190,2404.405663
97.63733,192,2404.951772
97.49202,193,2405.004616
-985.6667,119,2405.225988
98.31028,207,2405.255473
-969.5386,149,2405.297877
-974.7982,132,2405.444166
-967.7167,151,2405.507801
95.410225,207,2405.876575
-971.8233,132,2406.079273
-981.2728,122,2406.340922
-973.9023,136,2406.419466
-970.57776,151,2406.523002
94.438286,191,2406.561248
94.48779,187,2407.088888
-971.26746,139,2407.12146
96.19446,211,2407.360337
95.79941,198,2407.804953
-967.86084,157,2435.185865
95.3157,189,2435.323978
95.900536,197,2435.466968
92.63089,191,2435.542794
-991.1206,84,2435.936327
94.07327,186,2436.012407
91.05422,191,2436.089135
-970.8556,131,2436.280739
95.12831,192,2436.340624
-965.61707,159,2436.687738
-990.13165,138,2436.72412
-988.3297,87,2437.0177
94.0945,193,2437.115543
93.43238,189,2437.54806
96.76514,199,2437.716243
95.01165,191,2437.725755
95.45269,206,2438.110419
-986.6899,120,2438.154735
-993.937,75,2438.381938
95.18758,198,2438.408775
-987.4978,107,2438.499061
91.23,196,2438.75496
81.98644,247,2438.892372
-970.9131,132,2439.297002
94.91809,214,2439.636491
97.75438,199,2439.937546
-972.62555,142,2440.150494
97.100204,207,2440.254697
96.02239,198,2440.263697
94.55752,191,2440.442751
79.228165,248,2440.598002
-974.8324,160,2440.722358
-987.9262,100,2440.825069
-984.5008,97,2441.004888
92.26748,199,2441.376607
-995.4527,68,2441.404044
-984.44073,139,2441.465144
-975.2612,145,2441.696326
92.4118,189,2441.889428
95.30763,186,2442.164263
96.88475,189,2442.311425
96.316216,188,2442.594979
-968.98376,152,2442.751156
94.01764,191,2442.976786
93.885025,206,2443.121843
97.05225,188,2443.264264
-974.5499,131,2443.273593
-996.2226,94,2443.373414
91.53279,191,2443.490912
97.156654,188,2443.875787
-977.6354,126,2444.148607
-991.3963,90,2444.203806
97.615746,191,2444.320734
-990.91925,77,2444.505781
94.963646,190,2444.535203
95.006645,194,2444.826776
94.03548,200,2444.866305
83.217606,227,2445.180545
95.54542,190,2445.6491
94.93385,185,2445.666471
-977.219,129,2445.855308
98.59009,199,2445.879783
96.710304,196,2446.090989
97.11677,200,2446.090989
-986.023,86,2446.584617
93.738464,191,2446.770182
-973.539,147,2446.943998
64.25231,283,2447.224732
95.30033,196,2447.334649
-989.3979,84,2447.491785
92.29084,200,2447.585559
94.56215,188,2447.692236
95.869675,192,2447.728215
-986.7799,89,2448.067583
92.01819,185,2448.148828
95.66055,191,2448.518463
-978.57043,123,2448.742691
94.263824,196,2448.844446
-975.3263,146,2448.909671
95.60565,188,2449.05178
96.36132,197,2449.224804
-991.39355,80,2449.599751
96.671295,188,2449.655978
-994.4104,73,2449.68012
92.88251,187,2449.729057
-975.6351,143,2450.061713
94.906624,205,2450.242101
-989.7004,89,2450.45883
94.93712,225,2450.635463
97.32945,186,2450.785597
-972.21515,146,2450.803876
92.77053,195,2451.262719
98.15869,194,2451.280107
-969.8446,149,2451.288587
-989.8041,92,2451.395857
97.44542,193,2451.828514
-993.8444,68,2451.943242
-971.55817,143,2451.972204
96.306496,218,2452.263115
96.62879,187,2452.334647
-972.4156,135,2452.42033
92.60485,186,2481.270053
93.87082,195,2481.365462
96.02428,201,2481.989034
95.55134,192,2482.056028
92.428444,196,2482.066248
97.03407,192,2482.404028
92.818054,204,2482.437295
93.17887,198,2482.51742
94.981224,216,2483.018955
96.642265,220,2483.132961
95.758354,188,2483.451598
95.32736,190,2483.53178
95.89904,195,2483.562283
94.452866,191,2483.855187
97.00229,188,2483.864728
93.36882,192,2483.979459
-987.6658,89,2484.252008
93.78137,188,2484.464642
-987.1159,101,2484.645754
93.52374,206,2484.721122
92.35778,193,2484.947202
94.79622,197,2485.065123
92.47815,193,2485.361545
94.723854,186,2485.436591
-979.9824,121,2485.685623
94.89683,199,2485.82844
94.921936,195,2486.014816
87.6731,199,2486.24431
-984.1823,101,2486.262664
94.21974,188,2486.471911
97.574394,194,2486.651484
94.38443,204,2487.053711
-991.4608,78,2487.298613
91.24586,190,2487.399214
88.73316,209,2487.409489
-972.1498,140,2487.42829
94.048546,195,2487.630798
95.08231,211,2487.989345
96.228386,216,2488.241991
-973.69684,135,2488.389209
95.75883,207,2488.73391
96.68705,190,2488.953007
95.367035,200,2489.060806
99.10687,205,2489.085539
-972.81177,136,2489.104716
98.61067,191,2489.192547
-992.354,70,2489.315167
-971.8394,134,2489.347658
97.69921,191,2489.928597
-982.32587,105,2490.010641
-975.02386,128,2490.0683
-974.3864,126,2490.092472
98.6831,188,2490.420358
91.88804,189,2490.55023
94.24104,194,2490.804182
95.05269,193,2490.831612
94.37172,189,2491.38216
-981.359,130,2491.431133
97.19116,192,2491.580047
91.18462,202,2491.635022
-991.89124,85,2492.068683
76.490974,266,2492.0915
98.16791,206,2492.175939
96.83975,186,2492.277415
95.72507,210,2492.492181
92.814,189,2492.930679
98.33991,194,2493.113634
94.68685,195,2493.180713
-976.5301,138,2493.275813
97.26828,187,2493.59934
94.89978,194,2493.633734
95.92368,189,2493.823186
93.400734,206,2494.206789
94.679924,184,2494.689749
89.31853,225,2494.827385
95.76393,196,2494.932166
97.451584,207,2494.932166
93.76631,190,2495.208272
94.16095,195,2495.216271
93.335724,198,2495.440364
-992.7694,72,2495.489133
95.20259,189,2495.722132
-974.40906,124,2495.906185
92.64349,188,2496.169755
93.221085,184,2496.283836
-973.2969,152,2496.67114
94.3383,203,2496.847071
88.866776,208,2496.879003
-979.1265,127,2496.939758
-982.7802,107,2497.148268
98.40029,195,2497.282238
80.26826,227,2497.306593
94.87573,192,2526.640877
-976.77985,142,2526.725599
-983.3741,106,2527.074506
-979.71936,118,2527.144821
94.19327,185,2527.233389
94.65948,190,2527.305326
94.8135,195,2527.406935
-979.01556,113,2527.538001
92.847565,193,2527.621495
-979.0044,133,2527.808929
-984.20074,104,2528.026748
-994.3769,70,2528.22818
-974.61,127,2528.501267
-970.6265,158,2528.59258
93.796165,190,2528.697303
92.64428,189,2528.938132
-966.43994,154,2529.372626
89.14248,221,2529.466367
96.9543,192,2529.484846
-989.29254,84,2529.675006
94.3496,204,2529.986441
94.88207,190,2530.136473
-982.3282,99,2530.313848
73.281105,219,2530.462767
89.590775,209,2530.480172
-977.85364,120,2530.679259
95.81649,186,2531.052635
97.861046,205,2531.129064
-971.99945,137,2531.176136
-972.4122,142,2531.379494
-984.29645,127,2531.593402
-982.4834,130,2531.637281
96.3325,196,2532.045649
90.87695,189,2532.360615
90.14437,195,2532.783789
94.29956,188,2532.793139
-987.70886,91,2532.844484
93.299644,193,2532.878797
94.22939,197,2533.300178
95.90896,227,2533.350929
93.63645,201,2533.379316
93.87841,194,2533.975113
92.38587,190,2534.375688
-973.45935,128,2534.375688
95.868645,189,2534.375688
90.53826,196,2534.516721
95.70436,210,2534.604964
-983.66895,104,2534.902405
94.83623,185,2534.953991
98.08573,189,2534.964262
95.43147,189,2536.003187
93.000595,193,2536.036755
96.41795,198,2536.075467
94.63871,189,2536.142949
-970.66315,145,2536.183666
100.997154,206,2536.328582
92.61323,191,2536.473422
-982.9953,111,2536.765746
87.468834,257,2536.84497
-973.31757,129,2536.853506
-986.8692,100,2536.949972
-980.2948,136,2537.039376
-966.85864,156,2537.147971
96.38933,197,2537.438884
-973.68115,152,2537.580695
95.73006,188,2575.579494
96.966515,200,2575.69027
94.10175,194,2575.773838
93.20197,190,2575.857642
79.739136,246,2575.972581
97.99075,192,2576.008
96.440834,188,2576.265936
-988.18115,96,2576.557028
97.73251,207,2576.583551
-975.5957,135,2577.210991
-970.7939,148,2577.210991
-979.09436,181,2577.218988
92.22725,187,2577.451637
94.86797,186,2577.657638
-983.4168,140,2577.804831
95.63938,196,2577.98464
-988.0766,80,2578.364081
73.2758,212,2578.414069
-978.21124,120,2578.491107
95.08787,188,2578.837912
97.05766,192,2578.861781
91.71085,194,2578.877996
93.00865,196,2579.481367
93.43801,191,2579.612001
91.122215,192,2579.95127
88.29184,196,2580.099372
91.85493,209,2580.144092
97.39399,189,2580.39061
95.842384,189,2580.417262
94.545105,197,2580.511618
92.88764,188,2609.163814
-989.2384,122,2609.23726
96.50964,187,2609.270783
-992.5413,95,2609.277551
-974.519,132,2609.33601
95.91758,191,2609.550785
-994.6368,77,2609.709853
93.765915,189,2609.932239
94.231926,202,2609.954656
91.17049,202,2610.602211
94.419136,188,2610.627983
93.34609,193,2610.665872
93.6222,191,2610.748316
95.27403,219,2611.278081
-963.9282,155,2611.287103
92.538445,223,2611.509053
97.00157,189,2611.526228
92.835945,195,2612.182269
98.13585,186,2612.207231
93.73205,194,2612.207231
-985.8151,95,2612.248753
87.1727,217,2612.337908
92.8112,192,2612.789548
94.91715,194,2612.800973
93.098076,186,2612.995133
-987.9167,115,2613.220684
-969.541,142,2613.372536
-981.2139,117,2613.772036
90.24017,191,2613.796259
99.80259,209,2613.942918
85.550934,209,2614.07558
-993.59155,76,2614.410445
93.169624,209,2614.528255
95.83481,192,2614.779009
95.83554,218,2614.779009
93.798965,186,2614.886631
-993.53033,72,2615.357347
93.90742,202,2615.406949
93.86042,184,2615.431392
96.653366,194,2615.639555
-966.94006,158,2615.799778
93.98935,209,2616.089769
95.92071,192,2616.311324
95.60531,186,2616.366842
-983.2986,139,2616.743611
-984.5314,96,2616.853648
93.74619,196,2616.919876
92.46054,191,2616.951227
-982.01636,151,2616.999754
-989.18787,96,2617.078714
94.611946,212,2617.095121
97.53522,186,2617.873684
-969.9719,146,2618.199117
92.74536,205,2618.413952
91.88439,194,2618.437061
97.86193,191,2618.476314
90.49583,198,2618.566858
94.88252,188,2618.616947
96.46547,191,2618.661118
-994.5707,66,2618.979647
-974.5278,153,2619.129316
-980.1538,131,2619.264307
-991.2094,75,2619.273602
97.998985,199,2620.015548
92.38358,197,2620.157703
94.99171,212,2620.193976
93.292336,203,2620.260305
-975.0818,142,2620.412011
94.88867,190,2620.517343
94.640076,200,2620.759743
100.037346,225,2621.128506
-979.14355,149,2621.279962
-972.24036,146,2621.395311
92.84904,190,2621.844217
94.42128,205,2621.901301
94.64685,193,2622.018604
98.09846,202,2622.197116
92.06217,194,2622.362102
-970.8665,136,2622.495574
-991.4755,84,2622.58216
-985.3439,97,2622.630337
94.07874,191,2622.823575
97.13636,216,2622.879655
-991.8492,82,2623.238463
-992.7745,82,2623.47655
93.3906,189,2623.531869
96.041405,192,2623.736635
95.10825,190,2624.018795
93.93647,199,2624.226639
-979.6635,106,2624.329618
79.361244,251,2624.378928
-971.1746,145,2624.473349
-985.5593,278,2625.179668
89.03433,210,2625.285815
94.2658,189,2625.316745
96.850914,196,2652.361281
-970.4343,157,2652.433348
95.30436,195,2652.556793
96.98019,187,2652.595468
95.00801,206,2652.779282
-969.02325,142,2653.005239
-980.7585,128,2653.367476
97.10728,198,2653.585136
-981.1337,142,2653.670037
85.223656,234,2653.828048
93.241425,189,2654.049957
97.96623,227,2654.17555
96.3856,199,2654.299513
93.99626,191,2654.54489
95.19139,205,2654.9917
96.64235,190,2655.088615
-985.07196,104,2655.167651
92.68276,195,2655.205804
93.65869,190,2655.325685
96.496796,196,2655.616283
95.267975,198,2655.775998
93.80921,194,2656.040462
97.23507,192,2656.509614
94.88261,189,2656.59482
-971.1938,140,2656.765332
94.7958,187,2656.84531
92.865974,206,2656.869721
87.37415,223,2656.96737
89.92047,224,2657.584442
94.205826,191,2657.584442
-980.4209,142,2657.656459
97.02193,202,2658.192528
94.00298,191,2658.261566
94.118454,188,2658.318872
93.64679,193,2658.481644
88.191864,216,2658.568133
-976.0108,144,2658.783746
94.70271,196,2659.128413
94.38408,199,2659.153313
-983.27356,121,2659.784193
94.16089,191,2659.825651
95.09517,191,2659.88084
95.46204,221,2659.987452
95.70307,192,2660.051892
95.248184,189,2660.115622
91.788734,197,2660.749776
91.87655,196,2660.764854
-973.9639,136,2661.134825
96.49994,189,2661.285601
87.47939,201,2661.414556
95.40099,196,2661.540191
96.331825,215,2661.579686
94.464,188,2661.596833
90.939896,191,2662.224449
94.62417,193,2662.224449
-979.7741,125,2662.531824
96.05082,187,2662.568527
92.39073,186,2662.72581
96.21022,191,2662.90503
95.564766,188,2663.01008
97.00099,198,2663.15398
-987.46545,86,2663.244534
95.179886,213,2663.992662
92.95444,198,2664.233133
75.08786,256,2664.34493
92.99187,197,2664.379822
-971.12897,137,2664.409318
96.609024,190,2664.532914
93.78204,190,2664.646633
92.24533,186,2664.754244
-990.052,85,2665.100437
-974.75183,162,2665.395313
89.04941,196,2666.111269
94.15894,196,2666.144712
73.35595,233,2666.287485
95.48147,191,2666.32232
94.52125,194,2666.456948
84.6244,237,2666.591619
96.07662,189,2666.743994
-990.2928,82,2667.150908
91.977646,202,2667.150908
-981.0988,125,2667.662037
-986.80475,114,2667.720525
95.37338,190,2667.759761
91.95342,201,2667.82711
95.368004,196,2667.944432
97.115845,201,2668.01927
-975.58405,129,2668.237572
-989.55115,80,2668.389502
97.69124,205,2696.087224
-970.29785,157,2696.253921
-983.4566,124,2696.413096
94.20665,196,2696.678171
-970.365,145,2696.695418
93.066925,191,2696.714447
93.0998,220,2696.767847
90.442055,262,2696.959276
91.92877,195,2697.842692
-975.796,132,2697.842692
-981.85406,117,2697.971883
69.10014,235,2697.980895
96.26895,190,2698.006801
93.56133,189,2698.323009
91.60157,192,2698.380515
96.90233,194,2698.446341
-986.23236,97,2698.808301
-992.38824,100,2699.298985
-973.53436,136,2699.50665
97.746925,191,2699.507651
92.53252,197,2699.755822
95.58648,195,2699.765824
77.4033,230,2699.907361
-973.38293,134,2700.054415
91.236755,188,2700.093154
-988.4898,85,2700.530038
-988.8692,98,2700.654238
94.908485,192,2701.245009
94.94897,195,2701.271031
96.993935,193,2701.574793
87.47904,254,2701.584919
92.34795,191,2701.682346
87.20918,212,2701.876145
97.35098,192,2702.087626
-992.5757,79,2702.18668
95.96121,191,2702.194692
92.940384,192,2702.746267
92.83077,191,2702.761453
94.51032,204,2703.158098
80.85639,215,2703.355302
95.46445,205,2703.482911
96.51007,189,2703.583485
-984.11426,107,2703.608628
73.702934,230,2704.025516
81.50134,239,2704.109525
-988.42236,85,2704.2875
-989.91736,90,2704.353826
93.506004,201,2704.407808
93.28889,186,2704.889131
96.681335,213,2704.915663
93.76759,195,2705.088128
-980.99774,121,2705.348705
92.462654,186,2705.559163
95.26192,192,2705.693262
-990.0029,85,2705.800952
94.48004,193,2705.886028
93.61237,204,2706.098808
-983.128,106,2706.239507
95.601654,192,2706.508755
87.41511,231,2706.857225
-969.45734,143,2707.099686
94.08826,202,2707.271946
97.55758,202,2707.413954
-978.5609,141,2707.449353
92.42049,206,2707.580433
94.71269,191,2707.752411
92.68645,190,2708.137099
-968.3636,159,2708.233096
-975.24097,148,2745.150004
93.40087,189,2745.370882
93.02401,185,2745.68403
-971.00037,158,2745.735445
89.718834,190,2745.832188
-995.0251,65,2745.921465
86.57504,219,2745.932828
91.07951,189,2746.388417
84.24209,194,2746.53669
-979.9088,170,2746.666123
89.30611,189,2747.382751
91.55241,188,2747.473877
93.06727,179,2747.491182
85.48853,208,2747.491182
89.838,179,2747.500264
87.2088,179,2747.942298
90.72096,178,2748.172874
81.8695,195,2748.211123
-977.6037,138,2748.675098
89.99978,172,2748.940104
89.93145,184,2749.034269
89.8567,198,2749.130022
85.26791,226,2749.272648
90.958534,191,2749.626787
91.68573,174,2749.715834
-987.0676,92,2749.773281
88.35345,187,2749.859744
92.26761,215,2778.831644
-976.7207,129,2779.029896
89.92603,192,2779.042573
91.85029,193,2779.152766
88.197266,228,2779.191618
89.4203,192,2779.417794
-993.7773,67,2779.544694
92.62852,179,2779.544694
90.61788,194,2779.585591
-994.4661,64,2779.973253
-980.85724,141,2780.205781
-990.6784,83,2780.262995
88.34584,183,2780.274076
-967.2292,153,2780.469667
-990.05914,76,2780.624272
92.586586,182,2780.758502
90.11495,181,2781.095017
87.02989,186,2781.176748
-987.68726,89,2781.499175
-977.79004,135,2781.587616
-980.4446,122,2781.637769
92.555244,177,2781.747628
94.13353,201,2781.875887
88.57399,202,2781.941872
93.83254,181,2782.57176
86.25079,181,2782.65483
-972.8388,153,2782.838623
90.5956,191,2783.06596
90.804794,182,2783.143469
90.2608,188,2783.334487
91.82257,191,2783.614523
80.58993,199,2783.614523
-990.2379,122,2784.280935
-979.4196,125,2784.39219
89.3371,195,2784.427355
83.84912,210,2784.619813
92.022064,192,2784.655712
88.11115,201,2785.213413
92.046455,175,2785.223575
-994.5024,78,2785.334343
94.52424,189,2785.344138
-985.5151,131,2785.525191
90.304665,175,2785.784795
91.903694,189,2786.011777
91.6045,176,2786.107063
-980.1103,105,2786.20308
-988.86224,121,2786.348121
91.61552,178,2786.713044
88.57335,180,2786.722229
89.626076,190,2787.086154
93.999916,180,2787.296388
-976.20575,132,2787.463763
93.96089,176,2787.497226
90.30424,192,2787.730049
89.74308,189,2787.798393
90.04129,183,2788.256182
90.47968,186,2788.289532
-994.789,69,2788.823733
85.81979,209,2788.850292
88.593094,188,2788.86663
92.16872,176,2788.932143
87.56956,186,2789.046544
92.14985,197,2789.443565
80.14775,220,2789.565319
-985.84973,95,2789.723241
87.471565,192,2789.880718
-972.4249,129,2790.122503
91.40184,175,2790.30822
89.80168,180,2790.326627
-987.10156,93,2790.344571
88.3459,189,2790.442749
-977.0243,139,2790.88316
91.48787,180,2790.942031
-983.0034,120,2791.337041
88.56264,198,2791.516746
92.42785,194,2791.703794
93.42089,177,2791.743508
90.36311,188,2791.847607
90.99545,181,2791.90246
-997.32544,73,2792.350458
91.40731,179,2792.398077
88.62396,187,2792.407525
88.18971,191,2792.886845
-972.4398,156,2792.997666
90.07561,184,2793.024503
89.933,187,2793.403863
-976.125,152,2793.605723
-985.72974,87,2793.710545
75.874275,228,2793.788931
90.29015,190,2793.961992
89.314186,193,2793.994403
-981.5512,104,2794.252479
92.385284,192,2794.578653
86.1091,213,2794.615986
90.00141,194,2795.125675
90.66959,183,2795.143783
91.229225,177,2795.176006
91.25651,191,2821.437132
87.071,200,2821.543866
92.03366,181,2821.651061
-982.8379,99,2821.926972
93.93028,179,2821.98437
93.17113,195,2822.162244
-993.99097,65,2822.198647
-976.3439,132,2822.255788
-969.2422,146,2822.339659
-993.6511,67,2822.731996
-977.57275,122,2822.957297
89.55444,190,2823.035173
92.393684,183,2823.084635
91.61556,182,2823.51031
91.29393,184,2823.730704
92.461006,176,2823.805535
89.02625,193,2823.864442
-991.44366,96,2824.34704
92.818596,192,2824.366779
92.57492,175,2824.584112
90.09269,194,2824.625739
91.30774,195,2824.715623
-982.8831,113,2824.835318
-983.7932,99,2825.273262
90.09957,188,2825.42768
76.547424,229,2825.906605
91.18648,175,2826.116585
95.39602,217,2826.232978
93.489136,182,2826.28095
89.63248,200,2826.343565
91.3049,182,2826.37669
86.32975,195,2826.840376
89.30327,181,2826.875781
93.29846,176,2827.270971
92.094536,180,2827.494811
92.97891,180,2827.605182
89.95281,175,2827.613344
92.73602,177,2827.688573
92.06375,175,2827.703345
93.016914,179,2828.186677
92.97186,183,2828.246245
-982.2103,109,2828.425864
90.75959,187,2828.660154
89.843765,188,2828.893977
89.585884,179,2828.939767
92.818756,175,2828.995672
88.575615,182,2829.067154
90.51608,178,2829.548529
91.3571,178,2829.611563
93.27723,193,2829.911842
88.12774,182,2830.082009
95.41468,175,2830.311952
90.88576,184,2830.338411
92.005646,192,2830.517165
90.94996,184,2830.52718
92.13071,175,2831.030089
91.67019,187,2831.069513
-987.14844,93,2831.104013
90.31721,183,2831.605328
92.57976,233,2831.841229
88.55641,188,2831.915773
89.6646,179,2832.012594
87.20828,195,2832.158945
-978.62573,110,2832.495569
91.05088,183,2832.567183
90.830124,189,2832.584937
91.676414,182,2832.59357
-992.44257,75,2832.762433
-984.57776,89,2833.307662
93.033134,179,2833.307662
90.507065,185,2833.424874
-979.5601,119,2833.56466
-980.87524,100,2833.57403
89.92787,194,2833.590688
90.31334,189,2834.105721
72.61773,211,2834.199852
89.80426,186,2834.778576
92.12299,187,2834.786563
90.04833,184,2834.871589
87.83575,177,2834.951529
91.603355,181,2835.004637
93.70256,186,2835.028173
90.23279,188,2835.571378
90.260345,188,2835.656105
-970.4979,158,2835.992109
-977.544,133,2836.031056
93.36724,179,2836.142905
87.331505,187,2836.305073
90.747894,185,2836.376685
89.72345,181,2836.422515
-992.96515,68,2836.829694
88.58752,183,2836.993916
93.32423,174,2837.023153
87.45525,183,2837.464509
93.4535,182,2837.613638
-992.94885,83,2837.703105
91.30529,181,2863.810597
94.06259,191,2863.91224
81.25646,248,2863.95386
-979.9107,129,2863.980168
91.35491,195,2864.286838
-983.8827,94,2864.306515
-994.6948,69,2864.367504
-984.22955,120,2864.406524
-979.064,104,2864.639917
87.85436,193,2864.756753
90.23997,180,2865.239809
75.441376,213,2865.29542
92.180824,177,2865.66816
90.11416,186,2865.66816
88.19854,196,2865.724413
90.79362,197,2865.876618
-988.5359,86,2865.910168
92.91946,173,2865.973232
93.513145,174,2866.141596
-984.40515,120,2866.667723
87.56513,184,2866.801576
-975.6424,153,2866.948302
91.672134,204,2867.425265
87.096855,188,2867.447631
90.21192,197,2867.554781
88.684265,193,2867.58312
92.28753,179,2867.632868
-975.82355,136,2868.082905
91.70397,175,2868.135555
-988.98065,82,2868.282521
92.22179,179,2868.300699
93.57917,180,2868.982578
-988.10345,99,2869.16936
89.09421,203,2869.203747
87.72527,196,2869.253941
88.52981,187,2869.253941
-975.8328,141,2869.490276
90.79661,190,2869.712192
89.03245,198,2869.814403
89.4727,179,2870.375619
92.02163,174,2870.503664
90.69663,188,2870.638656
90.74567,199,2870.765903
91.325005,201,2870.781094
93.56064,173,2871.099301
89.800224,189,2871.115521
92.66986,227,2871.20515
-983.7399,100,2871.258626
-979.8754,124,2871.31028
-998.23834,73,2871.319483
-996.5145,82,2871.816118
91.75353,187,2872.04059
84.85177,200,2872.278623
90.615654,182,2872.472085
90.506294,184,2872.472085
91.992714,181,2872.607708
90.62904,188,2872.723069
89.332085,204,2872.845949
90.84661,189,2873.260631
89.19392,183,2873.453262
90.70965,189,2873.756838
91.950714,179,2873.883744
87.66609,180,2873.893887
90.25563,189,2874.128536
90.02946,191,2874.399426
75.932755,240,2874.680007
-985.90204,106,2874.78811
89.72349,190,2874.83178
93.57434,175,2874.900558
-977.2203,138,2874.909842
89.55028,185,2875.402802
91.850334,192,2875.675277
89.6679,178,2875.821364
-976.8342,117,2875.821364
-988.3113,144,2875.96414
-983.42035,138,2876.0015
88.72395,186,2876.151767
89.93252,180,2876.206816
87.61826,197,2910.51256
88.09905,194,2910.792323
89.48432,182,2910.845344
90.18207,184,2911.025772
91.924706,185,2911.075097
90.19375,211,2911.113023
93.89748,205,2911.440064
-988.1445,91,2911.902438
78.33887,259,2911.951626
90.62444,187,2912.145713
91.39459,188,2912.443369
87.88861,196,2912.552307
89.358795,187,2912.640184
87.82359,210,2912.88674
89.28622,199,2913.147897
92.52856,175,2913.444283
-978.8407,151,2913.485675
-984.5634,98,2913.53088
95.14405,201,2913.711945
89.45537,186,2941.002581
87.54507,185,2941.117655
82.97855,218,2941.73306
92.94248,174,2941.870211
83.36955,216,2941.970657
86.93604,200,2942.13232
90.14926,189,2942.266291
81.41816,239,2942.485872
90.49691,189,2942.684186
-987.1199,94,2943.008936
67.329185,268,2943.210192
-988.76935,102,2943.298412
91.33159,193,2943.299418
92.02305,178,2943.392727
91.80357,206,2943.524792
87.73334,180,2943.565324
90.266525,193,2944.233073
-992.36273,107,2944.250971
92.03535,173,2944.409377
90.07383,183,2944.794254
90.626434,194,2944.804702
-969.80536,150,2944.804702
89.95573,185,2944.813969
90.797165,186,2945.057466
-984.42694,99,2945.616441
92.126396,176,2945.717797
93.89497,191,2945.823352
-987.39655,128,2945.848055
77.752,226,2946.303972
90.49083,182,2946.331189
87.73372,185,2946.372589
-993.9758,66,2946.408156
89.27261,184,2946.628174
-981.6618,118,2947.362807
92.27734,198,2947.362807
-975.632,132,2947.513305
94.804344,234,2947.774464
74.553505,226,2947.84384
86.05864,193,2948.099227
87.40966,198,2948.108267
91.26293,189,2948.278772
91.67612,179,2948.873053
89.472206,185,2948.922337
-982.6669,150,2949.096792
90.57334,203,2949.206956
89.68366,182,2949.290998
88.80166,197,2949.725023
88.61303,208,2949.972391
-974.41254,249,2950.132967
-983.5127,138,2950.402712
89.33614,184,2950.412994
91.23041,204,2950.5366
90.7256,174,2950.630426
93.18148,205,2950.77504
90.407074,180,2951.234396
-993.3146,84,2951.260833
-996.0505,72,2951.409206
91.02159,185,2951.552804
90.843895,183,2951.69526
-979.95264,135,2951.785939
92.914375,189,2952.033885
77.98777,207,2952.184895
91.01413,179,2952.801624
92.44115,183,2952.809848
92.56657,178,2952.926586
95.204506,180,2953.106552
87.76624,202,2953.452809
87.40196,200,2953.536749
90.99134,176,2953.58115
89.06401,192,2953.867938
-986.0194,94,2954.378566
91.93715,177,2954.707157
91.40803,211,2954.707157
80.9885,218,2954.77439
87.89411,214,2954.856709
89.07486,190,2955.168463
89.57459,185,2955.234488
86.65313,205,2955.687917
92.12063,180,2955.944607
-992.78784,88,2955.977784
90.20352,177,2956.199731
89.487495,180,2956.223969
92.78092,178,2956.275034
90.60836,180,2956.383301
91.80024,190,2956.76345
92.82883,179,2957.196401
-974.8003,125,2957.344665
-980.77264,139,2957.413756
92.26594,177,2957.447157
89.625244,207,2957.747878
89.37476,186,2957.796302
91.52038,192,2958.026025
84.47613,232,2987.462184
91.186005,201,2987.570892
90.91993,183,2987.608762
89.65109,199,2987.655809
89.32984,192,2987.700687
92.11461,180,2987.865366
92.78679,185,2987.949497
90.97574,177,2988.094101
-974.8875,135,2988.735034
92.055145,178,2988.759542
-982.5703,113,2988.82176
94.009285,174,2988.996354
92.50924,184,2989.012587
91.89118,194,2989.037465
93.56035,175,2989.225234
91.90214,182,2989.54052
-998.06757,98,2989.849604
-974.8165,139,2989.929687
-971.32745,170,2990.152068
-978.48444,130,2990.333593
91.60271,199,2990.470676
90.37606,184,2990.5516
90.30247,195,2990.674353
90.63544,179,2991.02841
-996.00665,71,2991.237695
90.21843,184,2991.333227
90.51525,183,2991.404637
94.02905,188,2991.681543
90.93526,184,2991.831836
88.85186,188,2992.00505
90.59412,219,2992.341699
-979.5072,135,2992.35073
91.082275,195,2992.61584
-980.614,130,2992.740326
90.86682,182,2992.825776
91.8127,181,2992.893131
68.960266,216,2993.610787
91.046646,197,2993.635653
90.68929,185,2993.878
-982.6421,144,2993.936888
78.09121,234,2994.277726
88.89823,204,2994.312844
90.30801,182,2994.340543
-993.9259,76,2994.577716
89.436325,204,2994.593555
89.47215,178,2995.100477
93.25422,184,2995.126913
94.523506,179,2995.361123
-985.6114,133,2995.687913
92.73823,172,2995.706095
93.1737,179,2995.822237
88.51062,194,2995.923381
90.81446,182,2996.081076
-984.8586,151,2996.355825
90.3913,197,2996.747907
87.4194,197,2996.972972
89.26601,190,2997.239239
86.74804,205,2997.343712
90.136696,203,2997.46271
90.17934,187,2997.596049
-991.0599,74,2997.954516
89.8056,189,2997.988492
-980.3154,140,2998.21374
67.39777,277,2998.272918
89.47827,217,2998.599172
-974.28424,145,2998.727033
90.28432,187,2998.934861
-974.1745,133,2999.019344
93.46795,178,2999.084581
92.91643,175,2999.307447
87.744896,184,2999.690144
91.89798,195,2999.722632
92.0423,176,2999.964009
-989.8872,129,3000.105815
92.01019,178,3000.114921
-988.97266,80,3000.357619
89.148384,190,3000.513583
90.89279,204,3000.537863
89.62281,202,3000.909552
90.574,190,3001.192383
-991.71075,90,3001.222888
86.44618,188,3001.579872
90.93075,200,3001.680248
89.19844,231,3001.778284
89.27799,198,3001.91731
93.64296,212,3002.231382
87.60998,196,3002.495458
-991.51355,79,3002.592695
93.88851,176,3002.648242
88.297226,192,3002.831522
88.95981,211,3003.364414
90.235016,199,3003.373727
91.73905,190,3003.397712
89.739204,197,3030.892415
89.45496,200,3031.168643
91.66858,197,3031.234622
90.99571,202,3031.312573
-980.6076,119,3031.364465
87.20372,207,3031.521858
-992.44055,77,3031.796482
91.888794,184,3031.865771
90.15339,187,3031.883417
-986.06366,122,3031.883417
-992.567,83,3032.037793
-990.8764,88,3032.605536
90.97076,184,3032.732287
90.984,188,3032.844873
94.61103,177,3032.952521
91.785866,181,3033.255323
88.371895,178,3033.30304
87.28174,189,3033.406452
90.516624,200,3033.64239
94.4304,180,3034.262398
88.966736,195,3034.271433
84.16999,213,3034.287221
90.619286,199,3034.523465
91.08196,193,3034.798902
90.44345,184,3034.888933
89.100075,200,3034.915338
93.31224,190,3035.25307
92.21647,179,3035.806279
88.27347,190,3035.870115
89.894585,196,3035.931778
90.072685,182,3036.073124
-991.3343,174,3036.366861
91.564384,188,3036.375931
94.39643,177,3036.664661
79.382286,242,3036.910266
-989.8048,76,3037.002298
91.79827,175,3037.311393
93.6844,176,3037.380048
93.15953,192,3037.391034
91.108246,189,3037.649225
-978.4251,111,3037.926659
86.11923,208,3038.101302
-987.48773,94,3038.147106
87.39736,197,3038.293087
91.28698,186,3038.428303
92.892845,184,3038.799163
-970.81476,152,3038.854278
92.51107,182,3038.854278
-980.0444,120,3039.098767
90.24161,187,3039.39722
-970.4525,154,3039.494658
90.64959,180,3039.510781
-989.8758,92,3039.564334
-985.9828,130,3039.845014
93.05777,187,3039.875726
94.56183,178,3040.144611
91.151535,182,3040.463185
92.08546,173,3040.860019
91.984055,183,3040.883505
91.39721,188,3040.908708
85.49947,215,3041.017208
91.83245,189,3041.313783
94.10812,194,3041.327697
89.90186,176,3041.512703
-994.8104,83,3041.973478
90.23265,195,3041.989173
-984.41296,147,3042.175411
94.04664,179,3042.267099
91.25348,190,3042.402923
87.587395,198,3042.440969
91.231445,191,3042.815431
92.163765,181,3042.915687
90.299965,188,3043.416359
91.48317,190,3043.4488
91.01973,185,3043.693568
90.5089,199,3043.709079
91.718544,188,3043.852491
91.28919,194,3043.938126
91.537926,193,3081.349546
92.194244,182,3081.3667
-983.3834,131,3081.530546
90.04574,179,3081.920923
91.866035,185,3082.318043
90.88638,179,3082.429829
89.02077,199,3082.429829
-977.9325,128,3082.501455
90.84833,187,3082.602431
90.43028,178,3082.960245
90.54153,183,3083.15477
91.36923,189,3083.602036
-996.55865,77,3083.63443
90.607735,183,3083.956841
91.0714,179,3084.045729
-984.57135,109,3113.566544
89.69454,195,3113.659081
87.584885,205,3113.678261
93.7221,206,3113.841306
92.61715,185,3114.594733
88.63544,195,3114.704178
92.69365,178,3115.133817
88.80223,210,3115.133817
91.231186,206,3115.170149
92.94128,200,3115.234678
91.305046,190,3115.252159
91.662415,190,3115.413592
-982.8938,127,3115.668642
-995.4424,92,3115.886735
-988.30176,93,3115.932153
92.28148,180,3116.201564
89.64296,185,3116.616274
93.69216,190,3116.765552
91.71569,196,3116.798238
91.949684,191,3116.935202
87.17376,199,3117.268833
91.175644,182,3117.390226
91.878654,199,3117.484739
91.152245,184,3117.68282
-972.95435,130,3117.68282
-992.4942,92,3117.700428
-1000.8173,130,3117.866852
90.084465,213,3118.495019
88.4792,189,3118.793642
93.85023,176,3118.810043
91.67084,181,3119.148369
90.77525,184,3119.175296
-987.5343,93,3119.266125
90.286514,195,3119.281686
86.22556,223,3119.296532
92.40287,185,3119.365396
-991.99316,72,3119.95461
-993.8106,89,3120.01457
-978.2622,117,3120.11713
93.19869,175,3120.218511
92.702286,194,3120.379111
-981.8901,143,3120.426129
95.37777,177,3120.562203
89.6294,203,3120.886077
-985.8284,96,3120.978168
91.547935,185,3121.428372
92.96901,184,3121.48436
90.63485,203,3121.735749
93.277466,177,3121.788413
91.857735,191,3121.939884
89.87276,184,3122.022692
89.572495,187,3122.352268
90.36531,186,3122.426723
95.48743,171,3122.735213
-988.67786,95,3122.742725
88.77849,200,3123.008799
93.14891,181,3123.111955
90.37429,190,3123.242088
94.314514,200,3123.47666
-986.1943,116,3123.643271
92.39836,175,3123.782008
85.65735,213,3124.003153
94.264046,173,3124.097721
91.126564,184,3124.470171
-989.15533,102,3124.596841
86.55704,192,3124.636119
90.71453,188,3124.732753
91.92673,183,3124.929746
-977.83075,125,3125.093626
89.22612,199,3125.225429
90.00253,184,3125.467968
-982.3165,114,3125.53824
91.84002,191,3125.972312
93.47247,177,3125.990134
91.98766,199,3126.307108
89.75074,186,3126.404579
-992.3157,70,3126.557386
91.59425,187,3126.581835
91.104126,175,3126.611326
91.853874,184,3126.992869
87.96485,195,3127.010618
91.975815,183,3127.432816
95.04424,179,3127.724912
92.13427,171,3127.908853
91.1415,199,3127.981469
92.346886,191,3128.095659
-981.00256,142,3128.145911
87.470085,210,3128.290859
88.63759,189,3128.518881
-989.86633,66,3128.527417
-984.5172,111,3128.825622
91.58937,174,3128.850186
-975.8489,129,3129.193673
91.46183,195,3129.30689
90.647804,195,3129.672046
90.00133,195,3159.068874
81.57666,231,3159.124654
92.036476,176,3159.203633
93.72906,219,3159.252586
89.26317,203,3159.451142
88.380775,203,3159.820055
91.87301,202,3159.936857
91.05684,203,3160.32539
95.49608,175,3160.523156
88.84199,181,3160.633153
90.62362,195,3160.853201
85.23035,205,3160.994796
94.18282,182,3161.006029
91.96648,184,3161.474939
96.77206,204,3161.535811
89.77899,186,3161.863001
-974.7763,167,3161.910826
89.38945,186,3162.161938
-978.5611,167,3162.201123
89.938446,181,3162.43695
96.80861,197,3162.557998
95.18648,174,3162.858373
91.532555,177,3162.944495
95.28859,176,3163.279281
88.52234,202,3163.538072
92.72616,184,3163.649035
94.188095,186,3163.709126
91.78755,195,3164.041676
93.14624,180,3164.041676
93.48683,177,3164.41928
83.42331,231,3164.839194
90.785126,199,3165.007522
94.38438,168,3165.187461
95.02967,190,3165.196475
91.53679,203,3165.436777
90.6051,184,3165.683922
90.61793,197,3165.807336
95.88488,180,3166.065842
-988.8531,105,3166.152377
94.68836,180,3166.463251
95.76907,173,3166.763328
-979.68317,120,3166.779135
-987.0334,94,3166.897044
81.62239,225,3167.020983
90.73545,196,3167.190898
93.189766,180,3167.396025
90.47898,177,3167.68527
-994.78754,95,3167.845323
90.25151,185,3168.091334
-987.3982,98,3168.295754
92.78127,188,3168.42377
93.910484,180,3168.493309
87.146996,194,3168.493309
94.59479,185,3168.830138
-974.2723,148,3169.169745
-987.8265,93,3169.325247
93.58645,183,3169.345716
-984.5148,110,3169.411433
-975.5179,135,3169.499166
-980.4062,114,3169.932102
94.94998,219,3170.116506
90.15255,190,3170.250565
92.46571,181,3170.801475
94.53719,180,3170.920181
95.40817,178,3170.920181
93.94191,173,3170.935599
91.45284,206,3171.327834
91.4753,176,3171.422684
-989.43585,91,3171.732811
91.333145,194,3171.765261
92.586,179,3171.773446
-986.0896,133,3172.066157
91.7419,193,3172.413415
-990.99677,90,3172.436826
96.28749,203,3172.608222
93.0135,183,3172.812493
89.67879,200,3173.063942
95.252556,177,3173.208726
89.33439,198,3173.40697
80.81782,204,3173.773667
-973.80896,171,3173.87762
89.48626,199,3174.098792
93.09034,179,3174.143084
-986.685,157,3174.174381
92.36213,183,3174.640234
92.94103,179,3174.767909
-992.01227,74,3174.767909
91.21736,207,3175.26258
93.64698,193,3175.499324
90.937874,186,3175.547175
91.81318,171,3175.676312
91.905075,189,3175.841899
91.81797,181,3176.240041
90.95336,173,3176.275463
92.85481,174,3176.285738
-979.4552,113,3176.541757
94.07831,178,3204.293564
91.13562,184,3204.605203
90.54128,183,3204.781693
-971.2348,145,3205.098962
-975.8652,151,3205.10916
94.372696,197,3205.10916
93.76004,184,3205.650167
-995.5122,76,3205.769645
93.37748,188,3205.941313
69.75008,267,3206.139829
92.81491,186,3206.237353
87.59081,191,3206.459281
91.90321,193,3206.767155
90.191956,193,3206.778411
95.21294,176,3207.27079
94.39546,211,3207.465698
90.307495,194,3207.582332
94.662834,177,3207.638979
-968.774,146,3207.679527
94.67835,173,3207.696225
91.73908,197,3208.357091
-982.9903,95,3208.423898
-978.55383,227,3208.563434
94.73354,199,3208.795643
92.005684,191,3208.900656
92.29728,183,3208.963531
92.92394,173,3208.980819
97.14933,199,3209.144089
-982.0209,134,3209.586647
94.728905,195,3209.83083
91.52116,198,3209.92397
93.532585,186,3210.243949
92.07454,180,3210.369639
91.77445,191,3210.401405
91.40748,189,3210.455516
94.38621,173,3210.493989
93.7313,184,3211.041369
93.11272,189,3211.424591
93.2988,209,3211.49244
-982.57074,158,3211.716412
92.27131,191,3211.769679
91.32716,177,3211.824192
95.115135,182,3211.832562
-998.2917,72,3212.036913
93.2465,189,3212.036913
94.40558,172,3212.459122
-999.0981,78,3212.490823
93.343864,187,3213.046753
93.38922,180,3213.307485
90.655266,205,3213.409881
90.1301,199,3213.409881
91.29282,186,3213.542336
-982.6126,147,3213.661043
92.987465,188,3213.929581
97.54296,241,3213.94453
91.655464,189,3214.482854
-976.05347,143,3214.6099
93.303116,174,3214.713874
92.789894,198,3214.797911
90.61091,194,3214.87069
94.34881,170,3214.940497
94.060585,173,3215.277552
95.35858,174,3215.303752
-992.93726,65,3215.80468
-984.8633,145,3215.890916
92.06783,198,3216.060225
90.7036,186,3216.382098
90.97561,198,3216.407866
92.48881,181,3216.418122
77.597084,234,3216.495352
95.51469,172,3216.679164
-976.31165,133,3217.108709
95.920135,180,3217.221247
-985.2807,107,3217.332131
93.594635,194,3217.435379
93.90364,191,3217.946778
91.0112,195,3217.993641
88.23258,202,3218.020844
93.42452,199,3218.349743
-973.8471,154,3218.459433
91.83149,192,3254.774905
-984.8091,114,3254.915449
94.643814,187,3254.948497
85.28105,201,3254.962704
-988.2491,143,3255.093598
-978.41235,113,3255.20877
94.57602,182,3255.302807
94.293076,192,3255.673496
-978.8112,108,3255.684704
-998.7089,92,3255.730789
92.80935,186,3256.222231
93.03159,195,3256.457865
92.735504,210,3287.933527
88.17791,179,3288.004675
91.938446,192,3288.199656
-991.29694,67,3288.266253
92.39216,180,3288.484102
95.06435,188,3288.570244
-985.66943,100,3288.624568
89.46253,206,3288.668549
91.22233,188,3288.963133
-994.75916,69,3289.103374
-988.51666,83,3289.112304
-995.3238,88,3289.377853
91.86694,194,3289.458365
91.15665,191,3289.661875
86.35968,199,3289.803955
-992.0439,73,3290.044346
91.971054,191,3290.155859
-983.71796,97,3290.155859
94.79898,179,3290.559146
94.38841,181,3290.567137
97.671036,201,3290.593044
-994.6829,76,3290.658518
-997.56866,91,3290.903752
92.40483,183,3291.144688
-986.1059,92,3291.325827
82.95879,220,3291.600195
-1003.08685,78,3291.801421
88.72423,227,3292.031549
93.01365,182,3292.105091
97.58291,187,3292.116487
-992.8982,87,3292.3398
89.45792,229,3292.569456
92.75663,188,3292.89375
-993.4089,76,3292.96346
84.78026,259,3293.051237
94.028,175,3293.247818
95.278824,179,3293.585093
92.02138,182,3293.603523
92.227905,191,3293.603523
-982.9166,115,3293.99299
91.94904,185,3294.18146
-980.1193,130,3294.216845
-987.5714,107,3294.225961
-970.0752,177,3294.464814
96.38641,180,3295.25143
-973.51666,151,3295.3161
93.183365,190,3295.341036
-977.134,136,3295.377762
-984.2872,131,3295.377762
-966.3721,150,3295.526355
90.502304,229,3295.649285
92.89403,200,3296.157149
94.54014,182,3296.83081
94.683784,193,3296.871915
90.15277,189,3296.89654
-968.7041,166,3296.979992
93.93708,182,3296.988992
94.11695,214,3297.06951
95.53059,225,3297.077509
94.05285,173,3297.546874
96.33084,189,3298.38377
92.737854,187,3298.423796
91.16927,208,3298.563687
94.77362,188,3298.594262
91.42002,208,3298.662674
88.9273,210,3298.768874
78.65069,231,3298.857207
91.79628,179,3299.019983
-983.39197,120,3299.545628
95.29263,182,3299.84107
-989.231,137,3299.84107
96.11039,178,3299.944877
93.01654,211,3300.015439
94.30265,184,3300.249107
92.31305,190,3300.429956
91.95412,233,3300.44668
96.04802,167,3300.784625
-972.32135,157,3301.1689
93.261024,189,3301.237267
96.946655,179,3301.268364
97.086845,196,3301.292767
92.31118,180,3301.608755
89.81313,208,3302.020485
93.24981,220,3302.128553
97.187546,181,3302.179146
93.08683,186,3302.762926
-992.8579,71,3302.762926
90.81181,203,3302.802588
92.18945,195,3302.862175
70.69881,265,3303.393676
-986.2478,93,3303.53763
93.133224,194,3303.618139
-989.07043,104,3303.723606
71.14733,273,3303.849223
-978.5354,162,3304.155705
92.87557,244,3304.197179
93.42473,178,3304.31951
-990.8833,87,3335.763392
93.97534,183,3336.113161
95.36824,186,3336.26895
92.963036,194,3336.420871
-975.93976,149,3336.53336
91.03961,182,3336.981774
77.99943,239,3337.023983
93.11012,204,3337.032066
95.20591,185,3337.175126
95.57627,183,3337.617316
93.33691,189,3337.847383
-975.7529,145,3338.198225
87.44318,206,3338.258799
89.61392,220,3338.258799
90.02747,203,3338.713824
95.18167,192,3338.760902
72.788414,268,3339.224718
90.871,203,3339.271559
90.13961,201,3339.467944
91.80611,177,3339.665542
-980.8307,127,3339.720999
89.14624,196,3339.817772
77.840996,247,3340.178574
93.772644,179,3340.196837
-981.0814,127,3340.248686
-982.19073,102,3340.508521
92.12809,187,3340.805081
91.54098,180,3340.9548
94.694534,202,3341.411415
88.635506,201,3341.501889
93.79045,188,3341.812483
92.41991,207,3341.917
84.62328,212,3341.942183
93.016106,188,3342.3187
92.786255,180,3342.395905
81.28208,249,3342.52126
92.686584,200,3342.959507
92.42382,191,3342.976765
-984.7069,119,3343.311425
90.04672,196,3343.320762
91.94573,194,3343.433661
90.08419,201,3343.46744
89.97881,198,3343.898593
-992.24524,71,3343.927332
95.72905,176,3343.93631
-986.2256,97,3344.287694
92.38718,182,3344.515076
95.17779,195,3344.642933
-968.35114,167,3344.970576
92.087685,189,3344.998738
-981.55817,120,3345.024096
-981.1094,139,3345.166079
95.32215,182,3345.55388
-983.5533,103,3345.88641
-984.8876,102,3346.037156
91.317856,194,3346.21667
81.21954,242,3346.406846
87.02962,225,3346.590632
92.49938,188,3346.616284
87.987144,214,3346.780366
92.981125,214,3347.312556
91.17205,177,3347.312556
87.09432,198,3347.622137
-990.4081,134,3347.648309
92.8071,192,3347.743088
93.55537,198,3347.984243
-981.02045,106,3348.180289
86.08578,205,3348.263598
91.3455,200,3348.390007
-970.6994,152,3348.881186
93.982574,183,3349.16334
79.07982,256,3349.434771
-977.5314,143,3349.461383
94.247284,182,3349.515461
-988.0292,114,3349.859818
78.5885,259,3350.00094
90.9841,215,3350.287858
84.130646,242,3350.304751
-969.29205,142,3350.458992
92.321144,185,3351.053799
91.667206,192,3351.085508
93.753,192,3351.156179
93.021095,185,3351.416382
89.03633,204,3351.627712
92.97991,181,3351.720299
94.59086,189,3351.769123
92.8172,186,3351.912326
92.95751,173,3352.431315
94.873604,176,3378.033331
95.72252,190,3378.08089
-973.0176,156,3378.148486
-981.56647,139,3378.36684
94.32711,182,3378.568704
89.282555,200,3378.82153
95.37602,179,3378.848621
94.63968,175,3379.455634
93.259895,192,3379.46462
91.05645,184,3379.571119
90.93433,198,3379.753924
91.104675,182,3379.860353
91.69851,178,3380.113777
95.80376,180,3380.383442
91.68833,193,3380.521231
93.05665,188,3381.126311
91.42833,193,3381.159471
92.26916,191,3381.256836
92.60554,182,3381.365672
89.96895,196,3381.746653
74.36459,224,3381.803545
91.03913,203,3382.06618
-977.5393,130,3382.308275
-971.1962,163,3382.468998
94.3918,242,3382.494277
93.15521,205,3382.778049
93.28614,181,3382.817854
92.29327,198,3383.400245
-980.91205,120,3383.45467
93.844154,180,3383.524744
-989.88544,152,3383.553251
-985.6024,88,3383.553251
88.194916,236,3383.672913
-997.00574,80,3384.09517
91.18123,210,3384.257872
91.806526,198,3384.467656
92.601555,178,3385.145533
92.571014,193,3385.180338
93.7949,185,3385.207239
90.40618,187,3385.342505
88.390015,234,3385.612152
93.95361,186,3385.783009
93.38399,184,3385.933175
-974.83514,134,3386.523235
62.793938,256,3386.759046
87.89214,203,3386.922213
-993.07336,76,3387.170498
94.553185,181,3387.179758
81.7135,237,3387.233606
89.55045,242,3387.296959
92.61603,181,3387.320184
91.921585,191,3387.532338
93.597145,177,3388.205753
94.00584,180,3388.388649
95.11699,175,3388.595903
90.92554,179,3388.620294
92.230606,179,3388.749695
88.12479,198,3388.935885
92.4072,189,3389.090752
85.28351,231,3389.123275
-980.25616,126,3389.232696
-967.27576,137,3389.488819
-975.9836,126,3389.747854
92.153465,197,3390.156008
92.06637,201,3390.16639
94.49906,172,3390.255261
93.81434,177,3390.453058
93.510216,183,3390.596494
81.62874,215,3390.701201
92.24773,195,3390.947767
92.88901,190,3391.179666
-993.3101,66,3391.221404
-976.8405,147,3391.283539
-985.111,123,3391.546829
94.56593,173,3391.570935
90.42414,195,3391.640337
92.192116,200,3391.982696
92.8058,183,3392.385281
92.73813,177,3392.606089
90.22942,187,3392.646593
91.1383,197,3392.828562
95.90143,177,3392.946159
94.50899,172,3392.999098
-979.46405,139,3393.097966
-980.9936,94,3393.368132
81.35508,245,3393.521824
93.218796,173,3434.158704
92.48951,185,3434.438832
90.9496,177,3434.53372
93.931595,173,3434.603662
-979.9672,108,3434.837104
-990.8339,74,3434.912448
90.20226,219,3434.949491
89.673874,192,3462.119422
89.37036,218,3462.172111
82.76691,260,3462.258112
-986.9308,76,3462.319023
93.83965,167,3462.689528
92.533875,170,3462.811306
90.57169,189,3463.42037
95.18427,197,3463.447991
-983.1971,137,3463.488641
95.28315,168,3463.557586
94.18817,178,3463.777677
90.63039,190,3463.795025
-994.61835,64,3463.98347
95.58158,172,3464.255026
91.1999,211,3464.494799
95.17993,184,3464.991047
-974.7933,123,3465.050479
90.40274,196,3465.170046
-988.09314,81,3465.188333
89.91519,198,3465.253682
91.7528,184,3465.369957
97.05279,195,3465.442202
94.31507,183,3465.806701
95.70169,171,3466.358549
92.83109,188,3466.536912
91.05551,181,3466.607826
93.03815,187,3466.64624
93.405685,195,3466.808605
92.60871,187,3466.862694
91.7866,173,3467.223633
88.179375,230,3467.320911
-986.9314,84,3467.394693
93.64947,164,3467.776628
-973.0926,115,3467.818297
-976.3227,140,3467.844718
95.11506,178,3468.080435
94.76509,189,3468.44583
93.51271,167,3468.725914
94.35641,181,3468.777997
91.36344,192,3468.779029
92.92176,173,3469.119889
92.3932,172,3469.176347
92.01291,189,3469.28792
94.61078,189,3469.572691
-981.2766,107,3469.604128
94.37551,192,3469.977497
90.918495,176,3470.20514
90.87788,196,3470.364342
91.65748,178,3470.575717
91.43395,192,3470.750039
90.375114,189,3470.847268
96.2794,179,3471.027898
-970.4026,149,3471.212623
-979.8146,127,3471.266316
-996.85583,84,3471.476435
58.43243,250,3471.685696
-991.50543,69,3471.824428
92.193306,175,3471.864227
-989.6462,85,3472.005093
91.58942,196,3472.248688
94.42107,190,3472.455786
92.19827,190,3472.635459
-986.5897,123,3472.866264
-990.2821,151,3472.932622
92.60442,179,3472.965933
-976.24884,111,3473.370532
92.72055,204,3473.502578
95.391846,176,3473.700851
89.65927,208,3473.718899
-981.6135,104,3473.737025
-968.07477,161,3473.991947
-975.9005,130,3474.036195
-981.8607,99,3474.542929
89.246,192,3474.584831
-986.01855,142,3474.700785
91.06521,186,3474.945368
90.16679,203,3475.428632
92.091995,175,3475.477201
93.39925,230,3475.635971
77.20928,242,3475.997076
92.76568,189,3476.141862
90.96657,200,3476.187745
-989.028,96,3476.268447
90.09847,176,3476.382464
92.20541,206,3476.392239
-971.4452,146,3476.63002
-990.3068,97,3477.179489
91.43682,195,3477.227281
-970.16974,143,3477.421572
94.15275,181,3477.450927
95.8204,193,3477.674184
96.08624,189,3477.690481
91.67649,180,3477.806387
89.03585,185,3478.080927
-992.8105,82,3478.310329
95.34819,170,3478.526419
88.05354,198,3478.696246
91.83997,179,3505.844527
92.2756,185,3505.862181
91.896164,175,3506.215782
88.5484,197,3506.275013
91.32284,207,3506.794922
91.8761,190,3506.90876
94.350975,184,3507.106833
94.17132,213,3507.529727
91.43814,201,3507.564383
-992.89056,64,3507.638812
92.32173,175,3507.757889
91.787964,200,3507.904028
57.219566,260,3508.055715
95.46293,169,3508.298622
86.38085,206,3508.527717
91.61775,175,3508.990546
93.54899,171,3508.990546
89.961494,189,3509.478599
90.90734,242,3509.65094
81.20047,241,3509.772936
88.1653,193,3509.93352
91.14878,185,3510.069267
55.49068,251,3510.170489
-973.8054,154,3510.279032
-992.3766,81,3510.343538
88.96235,200,3510.674864
-974.4013,133,3511.068397
88.81205,192,3511.121951
90.05126,183,3511.33422
-989.3264,133,3511.48206
92.4036,172,3511.544943
91.558464,176,3511.689567
90.238556,194,3511.952503
92.13527,186,3512.279505
-968.97266,156,3512.416292
93.49431,191,3512.754458
97.844345,186,3512.916599
93.60066,172,3512.996734
87.97108,194,3513.124024
91.665085,180,3513.199838
-973.7349,157,3513.267378
-978.1821,138,3513.426558
-990.5698,67,3513.689733
94.90082,164,3513.786375
-992.81836,59,3514.176345
93.340965,184,3514.28346
87.73799,198,3514.56577
91.858826,197,3514.642128
-972.59406,153,3514.702853
96.03982,194,3514.839557
92.73108,188,3514.858873
-974.949,137,3515.46582
92.14193,184,3515.756081
68.761505,258,3515.980563
96.36972,168,3516.095297
-977.03864,111,3516.397828
77.69857,219,3516.436955
86.83763,212,3516.512607
83.29151,237,3516.834889
67.78754,286,3517.253527
93.04967,200,3517.407688
91.57413,166,3517.458408
91.818306,185,3517.504674
-977.0417,133,3517.616059
-978.7635,114,3517.782183
94.66503,170,3517.808114
91.80646,201,3518.09057
-980.7142,105,3518.355499
91.86014,172,3518.857826
90.50636,201,3518.890888
-977.1085,146,3518.977769
90.43788,197,3519.012019
93.172264,174,3519.177515
90.50599,199,3519.217929
-1001.7913,109,3519.233462
-991.2967,82,3519.506045
92.3774,184,3519.560807
-975.14606,126,3520.260368
92.8291,169,3520.396979
96.460075,199,3520.612529
94.9033,167,3520.612529
-983.8293,133,3520.622102
93.85008,179,3520.656658
90.773155,222,3520.714489
88.4982,182,3521.123711
-1001.0532,111,3521.218143
-989.0866,90,3521.403307
-987.36053,106,3521.577784
93.113205,179,3521.928165
-990.55475,99,3521.952899
89.37827,172,3522.080223
90.28687,184,3522.182423
94.50916,179,3522.230053
91.428505,190,3522.751858
94.23633,179,3522.837591
92.90316,169,3552.233374
-973.43115,149,3552.430001
90.79989,188,3552.763382
94.65796,176,3552.796811
-976.79504,158,3552.807322
91.88829,181,3552.942036
-989.6617,70,3553.355981
92.360054,178,3553.590522
92.94849,191,3553.609933
-993.6936,100,3553.609933
96.21801,183,3553.727222
95.380226,192,3553.992023
93.410835,191,3554.345282
-1000.63513,89,3554.37302
-983.50555,125,3554.417311
91.07275,189,3554.525218
93.45095,182,3555.135293
91.18074,180,3555.288846
92.20965,195,3555.300528
94.50003,175,3555.501261
90.30374,176,3555.890184
89.36969,194,3556.009218
-988.27594,94,3556.07556
92.70757,214,3556.242613
85.1968,206,3556.276173
-986.9617,93,3556.285192
88.13251,207,3557.037485
88.8168,227,3557.080428
93.04856,193,3557.604427
95.29767,215,3557.659719
95.68028,179,3557.712677
92.719795,175,3557.720706
90.12565,201,3557.728827
91.49471,188,3557.815523
-989.5628,69,3558.199715
93.02325,173,3558.45612
93.84172,180,3558.471822
-979.0049,137,3558.7089
90.92652,182,3559.205194
92.868164,190,3559.282766
97.20628,205,3559.422394
-977.72156,123,3559.49784
90.36417,209,3559.547626
-984.2029,154,3559.772321
-985.9018,147,3559.943989
84.64068,222,3560.06169
-982.49634,105,3560.087621
-989.0129,103,3560.149108
93.95415,172,3560.856728
92.29808,188,3561.064119
92.021164,175,3561.239931
-969.97217,144,3561.281079
93.1981,232,3561.589587
94.78785,169,3561.606305
93.63849,187,3561.617317
90.65505,186,3561.829734
-987.40466,84,3562.102267
-980.4324,116,3562.594887
-988.54266,132,3562.733436
91.925735,188,3562.758348
95.35177,175,3562.813782
68.05902,277,3563.259284
84.91104,219,3563.397036
91.477936,194,3563.405088
94.63185,175,3563.985694
79.29844,246,3564.078061
91.97549,168,3564.094738
92.866104,186,3564.298178
89.32057,203,3564.358338
-992.097,67,3564.651239
-986.5398,88,3564.721755
95.639465,200,3565.032734
-974.70825,229,3565.133614
83.63269,240,3565.370322
95.84978,177,3565.546952
91.36672,176,3565.829927
-979.21246,148,3565.937786
95.68678,206,3566.004586
95.699875,169,3566.045026
-980.95416,140,3566.591368
92.24008,182,3566.602549
-993.4245,72,3566.710793
-985.8063,137,3566.745238
-992.3286,88,3566.810151
-972.0167,218,3567.004201
-996.84235,78,3567.437167
93.46606,204,3567.56028
87.205055,214,3567.760171
93.8581,183,3568.092664
89.3258,198,3568.223104
95.803055,187,3568.240244
92.982,196,3568.351714
86.81981,197,3568.625908
-990.5911,99,3569.098441
90.85039,198,3569.107582
91.07614,189,3609.166921
92.55638,172,3637.196153
86.86261,219,3637.244452
92.46589,174,3637.310285
-986.9728,86,3637.442266
91.387886,186,3637.501623
92.41196,181,3637.725669
-992.77014,83,3637.812043
95.520905,166,3638.039689
91.49262,195,3638.281045
95.52846,166,3638.877668
-976.4176,132,3638.914083
92.7603,201,3638.952183
88.8637,224,3639.060635
86.92922,194,3639.072924
92.26221,186,3639.312599
-975.96204,159,3639.451071
-973.6513,157,3639.701229
94.537636,177,3640.645422
92.670166,176,3640.796509
91.42658,197,3640.796509
91.54758,180,3640.829867
92.37768,217,3641.088123
93.868004,177,3641.188126
89.6667,229,3641.525361
84.15256,203,3641.652809
-983.15234,105,3641.773491
-974.2531,131,3641.865703
-982.9492,109,3642.081649
-976.69543,131,3642.406076
93.50024,195,3642.619322
-974.4939,128,3642.725513
-975.06177,147,3643.002203
78.857925,239,3643.028388
-975.52124,142,3643.071559
-972.91895,138,3643.120913
93.92266,172,3643.882087
-981.64404,108,3643.988251
81.12117,238,3644.163894
93.78893,214,3644.465834
94.4129,189,3644.666453
-990.10077,93,3644.709466
92.42577,202,3644.752078
65.47123,216,3644.98828
73.39295,272,3645.071553
-979.61237,102,3646.008984
91.095764,207,3646.017992
91.288704,192,3646.179602
93.14459,180,3646.353434
89.42329,187,3646.371161
52.153435,274,3646.428139
91.41706,187,3646.650042
82.96354,241,3646.786446
-972.8337,136,3647.497863
90.01547,179,3647.522088
92.304306,184,3647.569733
-978.2911,136,3647.786857
93.718956,191,3647.967208
-975.94916,151,3648.039597
86.6724,223,3648.048232
94.800735,196,3648.058377
93.9397,171,3648.865692
93.77273,173,3648.90673
89.2657,210,3649.256001
89.85019,185,3649.265524
94.55831,184,3649.426053
93.29674,182,3649.50111
94.46934,188,3649.539739
88.344086,198,3649.609133
-984.75195,98,3649.689939
-992.50244,82,3649.901433
89.53185,201,3650.491104
92.4005,168,3650.614617
93.07979,170,3650.876883
90.90815,203,3651.083585
88.16547,205,3651.23354
87.29259,196,3651.318083
91.48814,221,3651.441365
94.225815,188,3651.473889
-984.6529,97,3651.724741
-986.0746,92,3652.040494
92.3924,169,3652.08251
-991.95197,82,3652.424427
82.57521,235,3652.486678
93.140434,179,3652.828423
85.24633,209,3652.860832
-992.44714,102,3652.86903
94.43201,176,3652.923986
-986.42926,77,3653.050304
90.93166,193,3653.100619
-993.8478,67,3653.375005
-996.2485,77,3653.48746
94.64185,175,3653.503399
93.73225,169,3653.850239
-995.8009,118,3654.052356
86.55312,182,3654.340949
91.7584,189,3654.456862
94.14065,182,3654.522606
-992.93286,79,3682.513408
95.03354,170,3682.675922
88.88849,206,3682.864921
91.58281,196,3682.914943
-990.59534,98,3683.069626
91.39532,200,3683.29011
93.68412,169,3683.690363
89.170074,196,3683.72918
93.0234,172,3683.886136
89.28015,179,3684.094548
93.988556,175,3684.280274
89.37116,184,3684.304406
94.741325,173,3684.424864
-978.87317,111,3684.762503
89.09081,192,3684.811373
93.23458,179,3685.118145
91.351814,190,3685.25133
-976.6417,133,3685.364139
89.501305,191,3685.651197
90.47143,200,3685.960526
90.476295,188,3686.388631
94.14156,180,3686.646204
77.54389,281,3686.790253
94.236435,182,3686.808495
87.28689,242,3686.808495
93.32284,184,3686.952281
92.916306,174,3687.156667
-993.5977,67,3687.392709
93.26997,190,3687.613219
-983.40265,149,3688.070138
95.11893,217,3688.257021
92.15281,190,3688.284629
88.89846,207,3688.590838
91.84923,189,3688.774506
93.56982,169,3688.833943
92.14357,220,3688.833943
95.28262,175,3689.09557
91.81103,207,3689.793664
86.64643,189,3689.827905
89.7115,190,3689.859192
90.34573,199,3690.206681
89.4502,189,3690.306306
92.8621,190,3690.373945
-994.8501,71,3690.411004
87.13171,238,3690.801463
-975.55035,136,3691.003896
91.78802,177,3691.271625
76.41327,264,3691.271625
91.194244,178,3691.690137
89.82318,193,3691.898802
90.02647,186,3691.929966
92.78588,181,3692.23342
87.39003,231,3692.24926
92.51542,170,3692.337365
93.44408,168,3692.575801
-999.1283,98,3692.692614
89.21856,198,3692.822065
-986.2968,84,3692.907518
91.25575,187,3693.161961
89.261536,195,3693.448742
94.17915,172,3693.729695
88.458984,189,3693.780301
91.39592,180,3694.046197
93.90596,176,3694.126617
92.15393,180,3694.282306
89.08147,193,3694.469377
96.48397,233,3695.0288
93.05291,171,3695.127414
93.36211,180,3695.153946
92.41,218,3695.184082
94.004906,173,3695.487574
91.10337,184,3695.49658
93.07851,186,3695.754605
90.90421,195,3696.026571
91.17521,183,3696.558928
87.50387,191,3696.761894
90.62689,198,3696.7953
92.279816,193,3696.81449
91.41888,186,3697.087144
85.73023,204,3697.248735
91.59635,177,3697.290599
-997.92255,91,3697.339518
94.01665,215,3697.868943
-984.73224,108,3698.141622
91.88644,175,3698.28599
-996.1194,68,3698.450484
84.46562,197,3698.468783
85.1253,210,3698.547651
94.13714,175,3698.564942
88.879166,182,3698.899114
-987.63983,91,3699.101393
89.10647,212,3699.112907
-980.2267,117,3699.185165
94.92874,174,3727.014232
94.16549,174,3727.10581
93.45676,178,3727.126539
90.9888,202,3727.237439
91.223404,184,3727.506737
93.32653,173,3727.612256
90.084755,188,3727.824501
-989.98486,74,3727.875634
-992.4651,69,3728.118766
75.82592,243,3728.239797
93.71306,172,3728.60102
92.90979,176,3728.652703
88.19493,191,3728.669401
-986.3037,84,3728.837971
-981.847,147,3729.154061
-977.645,111,3729.198189
92.588,183,3729.209493
91.29755,208,3729.692595
92.79329,179,3730.279798
89.55306,188,3730.305026
90.10093,191,3730.404108
89.959496,195,3730.596854
89.921165,183,3730.793227
-985.82434,182,3730.827825
90.44732,193,3730.924268
93.07532,176,3731.191408
94.418175,173,3731.801694
86.86926,194,3731.859222
88.388535,211,3732.016675
89.71708,187,3732.110515
92.79956,168,3732.184916
90.21857,181,3732.258574
91.89624,175,3732.343616
91.47174,188,3732.724005
-991.8014,117,3732.776365
-990.33984,81,3732.793604
-984.8862,142,3733.216027
94.5325,182,3733.380877
-990.2324,84,3733.494797
-987.595,104,3733.592703
90.217354,193,3733.79192
92.22156,186,3733.885856
89.05793,204,3733.952411
93.65279,168,3734.607673
-968.49896,241,3734.777221
87.76212,180,3734.865948
93.18508,169,3734.8911
92.760284,201,3735.250478
91.81993,172,3735.316013
90.87677,189,3735.519223
95.14624,219,3735.600933
-978.8014,146,3735.960695
-984.0847,138,3735.987531
91.03926,192,3736.156734
96.25362,193,3736.446316
91.79834,174,3736.637519
92.29758,183,3736.765807
95.022575,170,3736.866383
93.725784,178,3737.004957
88.60168,184,3737.406436
89.635895,191,3737.491338
-981.0763,101,3737.814591
95.87649,179,3737.860142
-994.85254,87,3738.115811
90.66823,190,3738.154255
68.453575,268,3738.289282
85.96457,192,3738.304289
91.651245,187,3738.356575
-987.7292,87,3738.553571
88.087395,177,3738.883634
93.8202,190,3739.298361
94.30663,172,3739.514637
94.54833,177,3739.514637
94.22029,170,3739.628907
92.89653,203,3739.904336
89.978615,191,3740.065079
77.16205,248,3740.332938
92.17899,182,3740.358552
91.447754,176,3740.944717
91.049255,176,3740.944717
94.18753,202,3740.963251
91.88327,181,3741.111147
-987.88385,105,3741.232372
86.691284,193,3741.522919
-990.2202,72,3741.566894
91.99269,179,3741.577853
-996.5389,86,3741.700564
90.48689,195,3741.972046
-988.06757,95,3742.320407
91.582,186,3742.69072
91.572044,189,3742.833546
71.02155,257,3743.110202
-984.8302,137,3743.118131
91.79352,191,3743.166965
92.405846,192,3743.166965
88.36798,193,3743.302328
-992.92694,71,3771.308552
-985.2954,106,3771.308552
93.97232,174,3771.355704
-989.31683,76,3771.397126
92.67514,199,3812.026453
-994.08594,69,3812.058816
-971.4968,167,3812.242449
-980.0575,114,3812.391163
94.85555,197,3812.423848
83.91833,219,3812.822856
90.47802,174,3812.855078
89.75474,191,3813.023089
91.71614,173,3813.553504
-976.52374,152,3813.600513
-977.8164,137,3813.641112
-978.82776,129,3814.084268
-974.1491,138,3814.147061
88.52333,198,3814.271436
60.332848,246,3814.300096
92.40983,180,3814.695297
-989.89716,84,3814.889625
95.198364,172,3815.223831
93.102,181,3815.223831
83.78624,221,3815.645207
88.77368,182,3815.939695
95.08704,206,3815.972244
89.79172,184,3816.350387
73.53207,240,3816.437973
86.695656,197,3816.625442
-973.491,166,3816.675415
95.27541,173,3816.739707
-979.491,114,3816.902474
89.76613,191,3817.28054
92.9813,200,3817.658559
-977.6607,134,3817.879787
89.88155,194,3818.179739
92.8663,185,3818.20543
90.413216,179,3818.4419
91.895035,188,3818.600778
-988.4761,88,3818.619579
92.94681,177,3818.680088
92.17352,219,3819.490413
91.7574,168,3819.564463
-985.837,120,3819.595181
93.5593,171,3819.837979
92.37113,183,3819.925619
-972.5554,138,3819.97911
93.91509,213,3820.62336
89.862404,215,3820.62336
-985.3592,137,3820.800931
-982.9552,114,3820.860691
92.52754,175,3821.050225
88.76774,189,3821.244416
87.42468,199,3821.579255
94.345566,201,3821.640118
92.84223,167,3821.956813
-979.9626,142,3822.005633
93.06413,188,3822.164053
93.9915,188,3822.383385
93.47267,172,3822.530063
89.498726,181,3822.804949
-993.0895,67,3822.953994
-977.42957,123,3823.059429
-976.05615,126,3823.12162
87.81577,189,3823.266572
92.89081,191,3823.360213
89.74782,182,3823.770244
89.49847,177,3824.095529
-981.03424,129,3824.142312
-995.4614,75,3824.453951
92.8075,194,3824.516625
91.83458,188,3824.734056
91.19096,185,3824.78265
92.801765,177,3824.86445
90.210655,230,3825.446203
-997.0068,72,3825.456452
95.54725,183,3825.723398
-990.90063,98,3825.750916
90.595345,205,3825.928892
93.2159,176,3826.068834
94.97808,174,3826.252251
88.62309,208,3826.261444
90.80231,165,3826.77936
92.728615,187,3827.037416
94.27179,161,3827.082316
91.13932,177,3827.255266
95.61577,192,3827.587367
89.5798,172,3827.757397
87.146965,182,3827.822081
92.55146,215,3827.905687
-994.94183,77,3828.409469
-982.3014,103,3828.454051
91.496895,168,3828.52662
90.21458,195,3828.715663
89.13149,205,3829.01852
-998.65906,262,3829.100628
-980.891,145,3829.172113
-987.5644,161,3829.232985
