#{"t_start": 1787085748.2040324, "env_id": "None"}
r,l,t
-980.22797,97,6.436245
-980.16205,98,6.531815
-979.91296,101,6.754533
-978.6797,114,7.562067
-972.85455,115,7.66407
-971.69196,117,7.82997
-966.7323,129,8.747097
-990.0059,78,11.855706
105.13826,184,12.549004
-991.81274,68,12.635708
-979.49,99,13.322355
-979.3693,102,13.707596
-975.26074,109,16.175
-993.8714,63,16.263587
-993.322,64,16.946423
-991.98224,68,18.621563
-978.80524,106,20.085285
102.97724,189,20.807878
104.082146,191,20.970917
-976.2356,119,21.688651
-985.8831,86,22.226006
-982.55914,97,23.854755
-975.02155,110,24.148566
-981.99115,100,28.174505
-980.5324,98,28.244307
-990.9559,70,29.360783
-979.73413,98,29.6102
-963.91364,137,29.970102
-966.6402,176,31.433891
-975.3591,114,32.405176
-987.2195,80,34.144684
-990.9686,70,34.823321
-978.2332,181,35.129079
-978.7068,100,35.756991
-987.34863,142,39.93622
-972.43036,119,40.352789
-970.9348,124,43.044694
-968.7471,132,44.101142
-970.089,189,45.857472
-974.53827,220,45.857472
-985.7168,83,45.924725
96.508316,189,48.258064
106.22699,186,48.638505
-977.0776,104,50.110364
-981.7825,93,50.586478
-991.9793,68,53.364854
-963.3861,214,55.063436
-966.72345,132,55.447992
-965.9319,136,55.866891
-966.3491,166,58.042782
-982.7444,121,59.700042
-992.3034,68,60.085507
-983.16345,143,60.922485
96.906075,185,62.479656
-985.65796,84,64.378454
-959.69543,182,91.925873
-999.3816,157,92.682626
-980.7272,106,96.673275
-999.3217,175,99.385776
-968.2865,138,104.733807
-988.9483,139,107.537363
-981.6019,93,109.441535
-986.1857,196,109.918585
-975.77594,109,111.006158
-977.1553,115,113.107077
-992.1915,175,114.069273
-978.22437,103,116.241946
-993.86816,63,116.451124
-990.34503,72,118.35235
-977.8808,132,121.261363
-972.63184,190,121.63615
-983.16534,91,122.122075
-978.6689,110,124.654516
-995.0379,112,126.827009
-984.9152,186,127.638194
-990.18,72,127.818711
-978.81635,107,128.318184
-989.8587,175,132.557557
-980.49194,100,133.513824
-994.0645,135,133.691678
-981.9878,154,135.753072
-980.4357,99,136.828542
-989.5744,74,139.789578
-984.92914,152,140.677617
-992.91406,157,141.257988
-994.7645,174,141.781934
-981.3881,131,144.616677
-985.67413,145,144.696688
-978.4282,109,145.859455
-982.50977,158,148.671715
-980.9364,106,149.224162
-972.7207,138,150.855453
-991.99225,133,151.879282
-997.80225,103,152.802894
-1002.7191,154,154.01291
-998.7649,131,155.035722
-1000.24854,120,155.300633
-985.6176,117,158.4881
-1009.0927,149,160.466632
-1000.7215,127,160.930688
-994.833,119,163.393951
-995.09875,147,164.295903
-996.3583,159,164.383414
-1000.2487,139,166.153617
-986.2718,146,166.496602
-991.2333,103,168.538575
-992.112,132,168.835623
-1003.7549,115,172.4278
-1001.1446,151,172.768573
-991.7735,108,175.131934
-988.4444,147,176.045996
-1008.1823,169,177.924961
-996.5852,154,178.592762
-1002.0867,159,193.241648
-1001.0703,116,198.166269
-1006.357,168,198.947231
-996.4143,119,208.884327
-990.49664,97,211.229918
-1012.96344,173,212.695009
-998.9038,133,213.325694
-994.97437,122,216.066604
-995.2828,98,217.321284
-997.3078,148,224.2462
-995.67456,97,224.627438
-995.6157,107,225.248131
-1003.2451,164,225.641001
-1008.39935,159,229.552577
-998.5376,176,230.009783
-1000.25116,140,230.907304
-998.9637,160,233.589156
-998.7324,129,237.656917
-992.78894,97,239.313453
-1008.12054,160,239.806476
-1012.13574,166,239.806476
-1012.2125,180,240.643861
-1001.2292,150,243.113948
-1022.6665,167,244.143927
-1000.71564,157,247.083646
-992.25604,95,247.488295
-994.9035,97,248.140131
-997.3923,95,248.860701
-993.2986,109,249.227962
-1011.4304,170,252.052416
-997.1444,118,254.046179
-1009.3168,132,254.237061
-989.7172,111,256.697955
-998.6347,129,257.724072
-1002.08466,140,259.673866
-995.4574,95,259.765278
-1002.484,138,260.158289
-1000.12006,139,260.617844
-996.4478,99,262.143374
-993.1415,77,263.942683
-1005.0829,147,266.02632
-1003.2092,120,266.274753
-992.42114,74,266.449209
-994.6698,93,267.180505
-1008.95483,133,270.228005
-1006.61145,153,272.282397
-1005.6905,136,272.811667
-994.92377,149,275.62717
-1005.2084,137,277.248566
-1016.5469,157,278.725767
-1000.82587,148,278.887232
-1003.5952,166,279.204905
-1001.21,153,282.328243
-998.106,164,285.1744
-999.0031,135,286.284089
-1017.04474,175,286.622569
-996.7055,100,290.073241
-1013.9115,170,290.58687
-1009.39386,154,290.909908
-1002.85156,156,299.911124
-1014.40173,163,303.831275
-991.9493,102,317.313608
-994.63464,120,318.332931
-998.49774,129,323.66286
-996.0131,105,328.812515
-999.415,119,329.786178
-996.46844,142,331.769778
-997.8158,149,331.917119
-997.45056,112,333.630763
-992.1752,151,333.927849
-991.4824,115,334.338571
-989.41235,96,335.224345
-1001.9531,108,340.717553
-992.31726,101,341.958599
-1003.9121,145,343.434933
-991.43427,135,346.484454
-999.6709,138,347.027091
-997.2824,138,347.372291
-1003.7927,172,348.31958
-1001.31116,147,348.963203
-993.7734,65,352.874618
-997.0947,145,353.748469
-1004.14233,156,355.943755
-999.6572,120,357.208972
-991.6896,120,358.957382
-995.938,183,359.667779
-992.7967,132,360.527672
-1019.32556,164,361.811105
-990.2888,108,362.193259
-991.3877,108,363.067654
-996.308,127,366.622644
-989.8264,80,368.416713
-993.52264,133,369.964729
-1002.51373,156,370.221373
-991.48395,128,371.125928
-996.63,148,371.962177
-991.6187,132,374.207853
-994.1351,151,374.961322
-994.0226,118,378.609581
-1003.8827,161,380.468911
-992.1265,72,380.468911
-1000.5931,129,381.137635
-993.5304,138,383.134943
-1000.56915,151,383.365221
-992.5143,69,386.3984
-1007.3487,178,387.401796
-991.28973,77,387.719826
-989.10406,116,388.493088
-1003.2254,163,388.916713
-990.2922,99,391.568974
-997.1333,167,394.650937
-990.87634,105,395.249306
-990.86816,161,396.979921
-987.8606,102,397.561172
-997.28876,139,399.478951
-1004.49097,165,401.352196
-992.60333,158,401.844966
-986.06335,137,406.294333
-999.29205,174,406.294333
-992.82306,67,407.203024
-997.1951,126,410.438474
-993.9437,160,412.092708
-980.4022,148,413.977531
-991.2626,111,419.719687
-992.91327,66,421.549562
-987.98816,191,432.170748
-977.0428,115,433.084295
-985.83344,109,440.340238
-980.53455,119,440.766109
-996.0715,145,441.90385
-1000.4701,144,445.117335
-991.21655,71,448.550541
-991.39105,157,454.009252
-992.5247,163,455.627739
-998.0052,109,458.672551
-997.0376,104,458.900727
-985.0203,120,460.09111
-990.541,170,461.802898
-991.29315,70,463.264941
-977.1604,118,463.387184
-988.315,80,467.010335
-980.78015,148,469.685792
-988.01697,133,472.294995
-977.1645,226,472.509665
-987.8395,114,473.063385
-991.45886,134,476.232647
-980.11975,170,476.769563
-979.58484,158,478.551401
-988.95557,108,483.068751
-987.63293,144,483.157897
-993.57214,179,483.755607
-991.4262,130,484.295599
-990.1547,75,485.368802
-989.1515,104,485.692208
-993.57513,146,485.855499
-986.9759,81,489.914337
-1001.3013,158,490.671745
-992.34155,99,492.051686
-990.1518,108,492.206107
-988.95355,127,496.238707
-992.0165,69,496.238707
-993.17926,66,497.369707
-982.6157,146,497.625579
-978.6097,166,497.965938
-999.30994,171,499.327767
-996.52313,146,501.663399
-989.37415,76,503.63352
-988.1401,165,505.414281
-988.24054,122,507.104533
-990.81195,135,508.679684
-994.3578,164,509.301071
-986.5292,164,509.301071
-986.295,130,509.631181
-989.2303,102,509.793065
-993.051,66,515.236524
-993.0475,161,516.896374
-991.7256,172,519.569333
-999.27704,152,519.656799
-990.3262,133,519.740409
-994.2712,143,521.173016
-988.2322,150,522.229456
-991.2447,162,522.698485
-996.1541,117,526.408303
-988.006,104,528.25422
-987.00183,163,528.601833
-990.74896,99,530.468485
-998.8582,149,531.941622
-991.9224,148,531.941622
-997.5081,132,533.808629
-1001.06696,164,534.852968
-989.68555,77,536.914582
-990.9669,134,539.596244
-996.22797,157,539.68192
-1003.27496,96,540.031663
-986.1737,151,541.357542
-976.18195,116,541.749755
-993.0065,72,543.169453
-989.9019,111,543.268898
-988.1796,120,545.318007
-985.91205,91,548.341813
-986.0898,147,553.649093
-982.9462,131,554.615657
-999.89355,118,554.979069
-992.55975,144,555.696135
-992.75085,167,556.071373
-987.93854,179,565.756088
-990.17303,174,568.645006
-980.5295,96,573.105385
-987.012,168,573.682002
-979.8712,99,574.42409
-978.7066,129,578.658389
-978.07263,146,583.360945
-983.6454,171,586.485788
-994.13654,65,593.180031
-1000.21155,130,597.273218
99.32775,185,605.535131
-1001.15094,105,606.382067
-980.58264,151,606.774652
-981.07336,158,608.401797
-980.2389,166,610.383608
-965.5727,134,613.272072
-983.0574,116,615.19695
-989.8876,78,618.088617
-984.0135,93,619.47503
-991.75745,73,622.39572
-993.2407,170,623.85435
-983.9269,135,626.870517
-981.68713,161,627.363742
-979.4723,151,627.363742
-990.77545,111,627.729538
-986.3818,117,631.430046
-987.68,93,636.17487
-971.6523,190,636.847573
-975.68335,114,637.624608
-981.4075,123,637.994622
-990.8462,175,638.891674
-974.0276,166,639.240237
-977.62695,150,640.844109
-986.63916,111,641.198169
-983.77106,126,647.316107
-985.7588,124,647.882146
-986.98315,119,648.245372
-993.36444,96,649.42398
-991.4539,124,649.889988
-991.6765,127,650.547549
-988.74725,187,654.73684
-979.6564,99,656.752751
106.620155,186,657.793447
-1003.1101,118,660.443625
-985.4887,141,660.913959
-987.63745,129,661.001659
-996.18494,123,661.54316
-988.55634,168,662.397786
-992.12946,69,662.929696
-998.0572,110,664.467156
-981.70184,93,668.880095
-984.73883,91,670.104658
-997.8542,122,670.822292
-996.135,158,671.368655
-985.0276,90,671.981058
-979.21204,113,672.430247
-995.38727,167,675.302821
-993.7839,162,675.407824
-987.49976,89,676.472886
-985.68634,87,680.020259
-976.08075,142,682.823008
-959.479,157,683.290977
-979.1738,102,683.70829
-981.46045,151,775.055892
-983.9885,87,778.910028
-981.3468,128,778.910028
-963.6826,204,781.409596
-990.11163,75,782.963015
-981.38464,174,783.318211
-982.15906,101,785.085078
-969.6517,164,792.144134
-973.1475,130,792.675344
-981.4342,127,795.225206
106.65355,206,796.75164
-982.6572,129,796.871537
104.37859,185,797.384015
-975.7472,170,798.71869
-972.70874,190,799.390513
-988.0971,137,803.821537
-984.0137,102,803.901015
-987.8391,81,804.218427
-987.82135,78,805.260286
-975.692,117,806.729418
-977.7029,135,808.361634
-976.42194,197,809.502158
-973.35596,124,814.537453
-984.57263,130,814.712752
-967.0924,132,814.791338
-976.98,107,815.52073
-977.81934,197,815.780536
-988.91504,178,820.401645
-987.5952,130,820.492071
-979.39496,156,821.640419
-976.545,142,827.313049
-975.26624,156,828.373752
-980.79535,153,829.270107
-974.07776,192,831.361141
-984.9782,181,831.451457
-989.3932,158,834.175702
-986.54065,179,836.090415
-960.40454,205,839.627505
-981.7195,142,839.829112
-996.2208,96,840.025988
-988.4547,136,841.347283
-977.9978,153,841.99216
-980.1,133,845.969048
-981.71826,144,848.913771
-986.0444,127,851.000026
-984.75665,140,851.858169
-980.01215,245,852.812643
-996.3061,136,853.094942
-975.6131,130,853.188512
-966.9657,162,854.028616
-982.92615,139,860.913324
-980.873,110,861.498616
-975.39734,110,862.876554
-978.5876,209,864.174205
-983.33234,135,864.709214
-978.2959,163,865.164124
-990.22485,157,867.842043
-978.54663,207,871.091794
-995.20667,109,872.25065
-981.662,136,872.685321
-979.0765,162,875.380147
-985.20807,141,877.223728
-989.25793,170,879.308363
-998.2118,177,879.418409
-994.0444,97,880.795199
-993.12396,151,881.012402
-997.7426,155,887.830356
-998.1195,174,888.013261
-992.7968,122,890.653703
-975.5498,159,893.192435
-992.3942,131,896.660881
-977.94324,148,899.940409
-968.78156,159,904.982874
-995.96405,119,908.919966
-984.578,182,909.058681
-999.6429,111,914.409137
-991.0978,172,919.220491
-1006.478,162,920.936937
-980.36725,113,926.279853
-989.5974,160,930.635527
-958.3973,209,935.773499
-990.26105,97,937.952788
-985.164,163,938.461995
-981.45374,129,940.68119
-992.37897,198,942.811598
106.51855,183,944.029565
-988.6806,136,945.631266
-989.05206,117,945.890752
-991.1295,149,952.509998
-982.9134,150,954.465129
-996.55066,162,955.294158
-998.8602,101,955.819119
-982.4875,147,956.004051
-977.66504,109,956.74094
-967.44495,176,961.431689
-967.48096,198,962.518923
-1000.0176,125,966.246514
-980.6525,133,968.088299
-980.8435,152,969.451052
-984.8589,188,969.629695
-986.36316,107,970.748902
-991.9114,178,971.296886
-998.5946,170,971.930506
-995.68,99,974.832127
-984.4294,170,977.429296
-982.9663,115,978.239387
-981.6576,121,982.300958
-997.3002,151,983.126843
-973.00006,156,983.746107
-986.81177,139,984.554192
-962.022,177,986.84807
-993.6129,153,988.694946
-988.00586,128,989.157847
-987.84644,127,989.859642
-988.3424,85,990.841326
-980.27185,99,993.569468
-991.904,79,995.738568
-995.2798,137,996.06613
-989.71075,76,996.577322
-978.787,110,998.989601
104.22745,197,1000.026386
-972.23444,154,1000.657375
-964.7947,135,1002.86733
-975.0236,109,1006.26743
-976.639,166,1008.176331
-979.1583,139,1008.361622
-980.4895,172,1010.850871
-990.75336,107,1012.256218
-978.6807,152,1013.45374
-985.931,98,1014.972758
-980.69836,186,1015.441167
101.22202,185,1017.019543
-990.57806,114,1018.525042
-979.2392,125,1022.389676
-997.4825,172,1023.796643
-972.477,117,1026.139444
-998.9157,166,1027.371253
-978.47296,115,1027.562377
-978.5763,153,1028.849065
-970.73834,187,1030.454162
-985.6541,157,1032.933753
-979.17914,129,1034.00614
-978.438,112,1036.273828
-1003.3103,107,1037.29511
-975.4366,160,1038.319491
-984.5372,91,1041.297624
-982.9058,156,1041.651643
-973.076,139,1043.288561
-992.0991,182,1045.856306
-998.14276,131,1046.336173
-992.62,163,1052.424114
-1001.3531,166,1056.211302
-974.5414,145,1058.574695
-983.5102,142,1058.760534
-972.7395,221,1064.821359
-994.84924,165,1066.194798
-1001.885,137,1066.799698
-982.25854,173,1072.735163
-969.6586,126,1075.517707
-992.6914,88,1082.586688
-965.00073,133,1085.176955
-990.7716,149,1086.224397
-978.4376,170,1091.549428
-967.8699,141,1093.771784
-969.7973,146,1094.107412
-971.21533,119,1095.213299
-985.7534,130,1099.020883
-978.46936,103,1101.112641
-974.9525,110,1102.565753
-995.085,160,1106.623971
-990.18335,110,1108.429028
-991.7539,129,1108.803368
-969.29456,124,1109.796467
-988.9856,123,1113.183652
-994.3612,156,1113.862706
-975.1109,111,1114.810283
-987.93884,78,1116.387363
-989.66205,74,1117.127206
-992.4926,173,1119.489945
-967.95514,129,1119.608813
-992.2276,68,1119.70745
-999.30225,167,1124.632314
-968.62396,158,1128.921502
-980.12604,169,1129.101447
-977.1366,145,1129.184673
-986.7551,156,1130.868889
-994.9449,138,1131.567455
-999.29553,155,1133.441538
-989.26935,179,1135.473132
-997.8172,169,1139.804274
-978.3612,102,1140.290244
-986.2116,141,1142.345011
-996.62146,148,1142.756212
-990.1458,84,1143.572376
-974.78394,171,1145.192691
-984.9453,170,1147.913217
-998.9259,164,1149.119603
-984.2242,133,1153.09984
-981.3887,147,1155.964276
-1000.2822,175,1156.240176
-987.9278,131,1157.163035
-997.7378,158,1157.365934
-1009.7191,162,1158.431373
-976.5106,135,1160.042597
-1003.3451,174,1164.761071
-1002.025,95,1164.924297
-982.23706,93,1165.603106
-986.778,152,1166.644351
-977.5849,104,1169.368716
-976.1721,164,1170.698239
-970.4158,138,1170.791354
-993.6412,64,1171.267419
-980.49646,164,1172.094072
-970.4597,135,1176.676675
-959.55505,150,1179.72455
-968.61945,180,1180.598591
-981.44507,118,1182.472731
-987.3366,159,1185.103905
-975.82196,189,1186.201428
-993.42914,180,1186.835781
-970.59485,120,1187.460495
-972.50586,187,1187.975625
-993.59784,64,1190.922304
-967.3516,130,1192.67065
-969.2562,146,1193.234748
-982.8346,91,1195.786834
-983.8445,90,1196.241215
-975.49255,174,1198.417685
-982.9302,135,1198.507401
-977.9684,102,1202.090683
-991.8928,171,1202.553849
-973.63464,129,1205.175715
-977.96765,103,1205.777019
-976.3467,172,1206.701363
-988.76794,78,1209.328332
-969.0289,144,1211.879801
103.61998,182,1212.726039
-972.8659,117,1213.456451
-978.8641,173,1214.605999
-969.5234,123,1217.363147
-981.2786,95,1221.103883
-983.4744,173,1221.753924
-988.61127,76,1222.354116
-975.32074,108,1223.704787
103.41989,190,1226.176187
-986.7913,162,1226.176187
-983.62823,89,1228.195328
-992.3136,68,1233.844362
-984.93134,86,1235.137639
-988.91174,182,1238.719707
-991.20575,70,1239.867958
-991.92163,76,1243.704869
-995.3264,140,1250.445667
-993.7045,169,1252.622959
-976.89795,186,1261.760246
-999.72375,160,1264.487056
-988.4954,163,1266.197204
-989.8606,163,1268.790559
105.03158,182,1271.983416
-988.7035,78,1273.44851
-992.82263,68,1273.824785
-990.6308,180,1273.943849
-972.0479,179,1278.008904
104.720505,182,1279.719846
-993.9822,64,1280.934033
-983.46106,93,1283.081979
-981.86694,167,1286.184945
-992.0896,150,1286.292105
-987.8613,80,1286.669523
-964.52594,136,1288.842807
-978.69464,138,1289.146137
-979.56354,168,1296.931156
-976.38257,170,1298.168348
-981.2462,119,1298.358759
-995.4169,168,1299.515029
-977.75006,130,1301.750319
-988.35443,170,1302.750798
-975.611,175,1303.345346
-987.40717,166,1305.010791
-982.20264,102,1308.331605
-975.19165,140,1311.717434
-981.0511,130,1312.2041
-969.21985,168,1313.194572
-991.09894,126,1314.084596
-968.3839,151,1318.281176
-1000.45917,158,1318.390308
-971.4649,120,1320.314133
-984.66156,163,1321.386695
-982.8404,97,1321.719805
-989.8959,141,1326.802718
-989.56525,155,1329.160822
-982.04407,115,1330.343377
-975.4548,135,1332.276629
-994.39545,105,1332.469299
-973.12244,193,1334.066349
-984.3016,162,1337.019078
-998.43274,161,1337.921965
-991.6808,70,1339.39783
-992.86475,140,1341.0292
-979.2982,109,1341.466308
-998.09625,141,1343.594352
-982.67426,136,1346.395542
-978.1805,111,1349.16526
-990.6746,163,1350.577049
-993.2504,111,1350.684905
-976.9087,136,1350.792162
-986.15247,116,1352.897913
-996.9361,157,1357.557305
-987.7906,145,1358.396514
-992.3706,160,1362.344117
-979.747,129,1363.337282
-981.34717,151,1364.125419
-975.48456,140,1364.613335
-998.0847,156,1366.009077
-980.9021,146,1367.054806
-993.9308,65,1371.954076
-982.5689,99,1372.465186
-984.2422,113,1372.717135
-970.0215,186,1374.645007
-973.5411,182,1375.1343
-976.4123,123,1375.728831
-993.39343,67,1377.841309
-968.35657,157,1378.289692
-991.8549,69,1378.606874
-991.3005,170,1382.388703
-990.51416,74,1385.519181
-987.60425,172,1389.162015
-995.44745,126,1392.012945
-980.3696,161,1392.458469
-985.9395,173,1393.205515
102.344734,191,1395.884307
-979.09985,174,1400.244268
-974.73004,111,1403.690408
-974.3214,142,1403.883041
-982.60626,162,1422.383288
-983.9916,97,1424.360973
-966.1606,155,1425.170153
-972.7844,141,1425.841278
-1005.36707,156,1426.118295
-977.6756,111,1426.656922
104.353035,184,1430.231992
-991.40533,157,1432.498672
-983.5074,89,1436.882045
-967.4184,156,1446.607646
-960.2014,150,1447.086185
-990.4275,164,1448.014204
-967.4582,161,1448.132558
-989.93256,126,1448.132558
-972.82385,156,1448.132558
-985.76733,158,1450.092383
-975.02704,118,1450.764437
-985.20056,97,1457.343707
-984.09326,98,1457.536928
-983.0109,106,1460.066465
-987.7517,148,1461.025887
-992.5497,157,1462.315779
-982.9193,150,1537.687851
-989.6164,141,1539.241867
103.82332,182,1540.633
-974.5085,165,1548.294906
-980.9478,130,1549.938731
104.524895,181,1550.039444
-971.66113,201,1555.055815
-979.9376,178,1555.32694
-985.5189,171,1556.502734
-966.99744,173,1558.696203
-993.38776,232,1560.71532
-978.9754,102,1563.469462
-973.98914,155,1571.335578
-994.8226,114,1575.165557
-983.8853,176,1577.367063
-995.60443,155,1582.988667
-995.85626,126,1582.989667
-993.5082,166,1587.425067
-975.5512,169,1592.476856
-975.6605,181,1596.311441
-993.30426,160,1598.410091
-997.8142,144,1601.125197
-980.35693,99,1601.578238
-1009.4414,163,1601.842458
-990.94507,131,1602.596323
-982.5073,151,1604.89447
-981.0399,153,1610.762532
-990.34753,138,1611.752838
-994.9276,102,1612.352667
-997.69495,132,1612.636908
-995.0478,113,1613.565673
-983.76556,157,1618.613207
104.11437,183,1620.05233
-993.70654,68,1620.461509
-994.0517,157,1620.758393
-976.7843,134,1624.308965
-984.74896,151,1626.848575
-987.3018,150,1627.345142
-987.4933,84,1628.410777
-987.37354,94,1629.664793
-961.12146,175,1629.954634
-985.84045,154,1633.779928
-986.9933,106,1634.344724
-994.0631,65,1636.230551
-984.1365,116,1640.815216
-974.6928,210,1641.094716
-991.3996,78,1641.289162
-963.8764,151,1642.917194
-989.1071,183,1644.61022
-969.54443,184,1645.285622
-979.17004,128,1647.000558
-989.9002,79,1648.752876
-983.01056,124,1653.692185
-989.0172,81,1654.888708
-974.58704,158,1658.242161
-974.7093,146,1658.633252
-1015.2319,244,1659.8433
-988.4157,108,1663.697491
-996.0931,248,1664.92203
-989.5032,175,1665.218868
-975.2551,223,1666.337489
-975.3339,134,1667.287919
-981.1146,127,1670.051282
-997.98975,175,1674.760425
-979.5126,137,1676.184358
-980.7565,154,1679.305098
-991.92883,223,1680.306417
99.55287,190,1684.798167
-992.72144,68,1685.680414
-981.9889,229,1687.433915
101.67013,189,1687.433915
-975.45935,117,1691.419111
89.49609,196,1693.120781
-978.5534,180,1693.120781
-980.4134,125,1697.502685
-995.741,118,1698.660452
-988.2678,154,1702.08969
-987.8027,132,1703.910827
-983.8065,226,1706.257541
-975.74603,156,1708.057385
-992.0812,133,1710.425675
-991.39496,73,1711.056772
-972.32245,129,1711.155846
-994.07416,65,1714.350491
-975.5044,140,1715.666395
-1022.0038,252,1717.229731
-975.76154,132,1718.907499
-1080.564,600,1721.478461
-979.10223,123,1722.071481
-990.673,139,1731.551964
-984.28314,91,1731.945829
-963.64014,216,1733.201976
-964.304,221,1734.303163
-987.19556,154,1737.305174
-967.60785,210,1738.796121
-981.7131,235,1748.13851
104.27113,186,1751.587809
-991.8803,99,1762.116264
-968.06976,169,1767.826671
-968.83295,152,1767.998699
106.51094,182,1770.248743
-1004.41284,153,1770.395832
103.6308,184,1771.710381
-988.69727,79,1780.016821
-980.95337,97,1780.223084
102.83382,191,1782.143478
-986.5975,240,1786.053468
-988.5224,158,1788.6888
-994.1832,193,1790.675285
-987.43335,169,1790.896325
-970.88153,235,1791.898055
-971.2295,146,1795.730075
-987.79034,151,1796.457829
-986.12726,144,1805.447181
-992.5819,137,1805.646163
-990.8917,270,1809.601769
-961.20496,225,1811.08742
-961.9217,211,1811.540668
-988.48553,264,1812.361763
-971.8419,197,1815.258788
-982.0018,247,1819.18681
-983.4694,154,1819.721247
-991.6203,125,1821.055021
101.79621,182,1822.409958
-965.1521,179,1828.109458
-981.26666,97,1828.785777
102.901886,182,1829.259712
-989.45575,98,1831.954634
-972.4108,137,1832.262942
-979.3538,261,1835.541199
-985.2396,169,1837.127797
-989.5631,83,1837.264969
-966.5098,259,1839.667027
-978.31995,131,1844.31311
101.88943,185,1845.760576
102.03488,188,1846.71796
-970.4225,181,1849.228902
-990.12463,118,1850.746799
-987.6801,111,1854.470845
-977.6678,186,1854.579403
-998.56036,114,1856.25406
-988.57477,230,1857.022737
-991.15247,74,1861.311512
-985.0992,166,1861.975913
-993.2649,70,1862.783374
-997.9235,295,1864.851361
-987.892,116,1865.69309
102.81008,195,1867.611489
-992.4162,75,1872.791508
-970.2902,241,1873.415859
-979.38763,130,1875.233517
-992.94037,145,1875.234519
-964.157,148,1876.173197
-984.8883,127,1879.486485
-974.5736,261,1881.623495
-972.1012,125,1884.293519
88.89668,243,1887.524014
-975.3425,143,1888.430107
-971.49445,201,1892.092468
-987.5503,123,1893.22831
-995.0688,150,1893.555908
-970.2474,227,1896.786226
-969.3021,241,1899.276328
-981.42004,129,1900.63627
-977.4741,135,1902.69143
95.83641,183,1903.122952
-993.06946,68,1913.755172
-985.8769,91,1914.94321
105.920784,181,1918.909738
86.39222,220,1923.846513
103.35287,186,1926.048529
-983.9734,195,1932.529632
-958.6536,254,1933.11932
-992.994,76,1933.11932
-980.2504,128,1938.427301
-998.6368,152,1941.214268
-980.7888,125,1945.049458
-976.92957,263,1947.41799
-985.4157,151,1953.329286
102.655945,185,1953.454681
103.0789,186,1957.251049
104.17462,189,1957.554568
-976.61115,166,1959.982099
-988.15076,165,1962.606464
-984.67065,103,1963.615837
-969.6371,226,1964.245799
-990.2044,179,1965.728508
92.533516,190,1971.885868
-976.3455,169,1973.352174
-980.5887,144,1973.714993
-994.63965,189,1975.518947
-984.6909,163,1978.975153
-972.6534,172,1978.975153
-995.11005,144,1979.343713
102.52906,183,1981.521474
-984.42285,89,1982.276715
-979.6856,102,1983.123774
-982.02,107,1989.305711
-979.526,107,1993.512873
-960.8439,231,1994.092045
-984.8935,154,1994.272018
-979.6565,176,1996.012027
-966.67535,220,1996.852066
-1003.1668,169,1998.855815
-988.5907,91,2003.297979
-994.3122,161,2005.397261
-985.4702,106,2006.805719
-991.6655,81,2007.029876
-976.8242,113,2008.392786
-991.45294,155,2009.156004
-997.4086,147,2009.156004
-996.7879,297,2011.178268
-994.6928,108,2019.934729
-981.60455,121,2020.407924
-986.3658,121,2021.1858
-983.08307,175,2022.779555
-967.5489,269,2029.73209
96.492485,193,2029.823486
-982.4616,267,2032.890558
-983.59937,279,2033.841695
-956.29846,218,2040.92745
-969.23,128,2041.737509
-991.548,258,2045.350112
-985.09955,299,2048.04319
45.625576,276,2048.675074
-978.33295,164,2049.24504
-969.7565,159,2055.851857
-986.8515,292,2057.052157
-978.8857,281,2059.363376
103.95539,196,2060.248107
-974.4077,126,2061.154793
-971.0364,142,2061.437802
-969.8153,138,2068.762291
-970.107,251,2068.934418
-959.1792,224,2069.664439
-975.2425,158,2074.186033
-997.075,185,2074.474481
-991.1017,93,2077.65624
103.14304,183,2078.473445
88.69834,218,2081.581234
-969.08276,239,2087.424285
98.04433,228,2102.414515
104.31581,191,2104.674715
69.3707,261,2107.057022
103.361916,182,2109.044226
-969.01306,139,2113.044536
91.81995,245,2113.574895
-988.7791,78,2115.974062
99.934296,211,2118.90014
-961.2506,253,2120.874585
-987.2215,82,2127.41712
101.60821,182,2129.902259
105.44856,182,2133.713237
-986.58636,86,2135.903076
84.02057,261,2136.571082
97.05954,196,2136.571082
-969.5037,159,2136.695204
99.42024,221,2137.423275
82.7393,263,2139.140783
-975.6573,116,2141.459494
-992.53125,71,2142.94847
-975.57404,124,2149.340114
-970.08624,135,2149.693404
101.85015,184,2151.718654
99.28832,184,2154.546174
-973.0468,125,2155.018015
-965.6093,144,2155.394743
-993.92584,65,2155.788342
93.96509,224,2158.318649
68.46608,262,2164.550576
-980.65326,154,2166.554722
-989.91956,129,2167.389522
-974.80444,123,2167.591859
-974.9384,112,2169.091406
103.53923,185,2172.215076
79.405,263,2175.241623
-991.26855,86,2175.952219
-987.3285,108,2177.891273
87.773766,234,2177.984548
-978.45496,157,2179.880507
-983.0704,149,2183.702763
-984.33624,152,2187.24283
70.8652,273,2193.184596
-993.12585,85,2195.355452
106.13996,182,2195.576005
103.36592,184,2195.964163
-975.1759,240,2198.856718
93.45405,204,2199.87108
-956.00525,245,2200.08374
101.14631,184,2201.902456
-975.2066,145,2210.293919
104.5452,182,2211.590214
-963.8878,168,2216.951828
101.78546,183,2218.567907
-957.2782,229,2219.128044
91.22801,225,2221.520446
83.74132,257,2221.641228
85.519325,241,2339.912123
105.33755,181,2343.619326
97.27005,201,2344.420607
105.97938,181,2348.839977
103.96368,182,2350.516397
-977.85046,183,2351.156089
-966.7826,164,2351.798784
104.48588,181,2353.331215
-985.5731,89,2357.507955
-968.1051,150,2358.95678
98.2492,246,2364.120993
-974.44244,137,2364.493095
97.860504,223,2365.309471
103.95514,183,2370.834355
100.128494,203,2371.219879
92.7572,238,2373.369563
-987.2428,166,2374.807952
98.94378,204,2376.974458
-970.8916,168,2381.626434
-964.0039,143,2388.070042
87.20902,247,2388.755303
73.807175,259,2390.413146
81.06022,263,2397.769157
91.464134,273,2399.168244
100.56381,184,2400.771359
87.311226,256,2401.083867
83.60185,256,2403.381633
91.12354,224,2410.759086
-954.4127,235,2411.249807
85.80832,239,2413.678082
-972.62524,143,2414.515446
102.92016,182,2415.073988
102.05261,184,2421.177253
-972.8097,156,2426.292283
102.78985,182,2429.256042
-968.84485,312,2429.537151
-1002.2629,359,2435.591263
98.8904,216,2435.866384
-992.58167,72,2436.159076
99.12177,226,2437.381416
91.99965,242,2437.490921
97.24725,226,2443.240561
103.036156,182,2447.625122
-971.13965,146,2450.726362
-991.5599,144,2450.827121
87.2074,257,2451.835864
101.58626,186,2454.616884
-981.9246,134,2457.062304
-985.676,84,2459.399952
85.35657,255,2463.463642
74.12743,270,2465.015019
94.67921,239,2471.459124
101.84838,209,2472.449763
95.040726,239,2474.283092
101.30023,183,2474.875538
-964.4022,165,2475.4002
99.089294,216,2475.733533
-992.00995,70,2483.004419
84.38445,236,2487.13781
92.1891,242,2489.265065
101.76641,182,2491.08271
102.855354,182,2494.798482
100.97513,202,2495.590739
82.58342,249,2498.027594
96.25184,252,2505.727898
-974.90204,150,2508.349047
-987.7191,130,2508.760469
98.813194,218,2513.567657
-993.8276,77,2522.355544
-988.972,85,2523.971936
82.587746,242,2531.044257
102.02382,188,2531.312159
83.873375,231,2533.855317
-972.9718,170,2533.977118
98.390884,227,2534.147444
103.75959,182,2544.458696
70.564476,263,2547.6706
77.83843,271,2554.065578
95.7616,232,2554.761117
98.19142,239,2557.878108
93.30927,243,2558.081297
90.58901,250,2558.876825
-997.9272,367,2568.35726
103.61999,214,2568.548259
-984.1755,98,2568.548259
85.97584,249,2568.926936
101.45119,182,2572.763539
-993.149,73,2575.606258
106.22739,216,2579.040466
85.02784,297,2583.714633
-965.78723,168,2585.388456
97.64602,185,2586.971466
68.96236,309,2589.036316
105.135765,182,2594.056677
-986.5827,151,2594.486273
98.26443,228,2595.644719
-965.5968,276,2596.58005
-986.696,84,2604.17296
-981.8681,97,2604.290268
95.27479,211,2604.857088
99.41676,218,2607.370084
100.007996,185,2607.570593
96.822815,240,2611.406741
95.399185,223,2616.982333
-972.4449,129,2620.805727
86.56776,256,2622.626815
102.33612,182,2622.7503
102.366455,191,2623.723619
88.81624,228,2628.035017
-969.3132,135,2630.274559
91.71873,259,2633.448686
101.469124,225,2633.75129
104.68271,182,2640.575278
-981.39594,108,2644.327941
91.69184,239,2646.338735
88.34997,260,2646.564274
103.67449,233,2646.863646
104.29838,205,2648.405206
101.33672,183,2648.534008
-977.06555,106,2651.518786
100.82105,183,2651.808203
-971.79724,141,2661.21643
99.33102,185,2665.924381
104.07979,186,2666.54898
81.28888,227,2668.29897
-978.6071,112,2673.110964
91.54161,240,2673.669192
95.58403,252,2675.076844
89.36402,225,2675.64334
85.15341,257,2678.969646
-992.6594,76,2681.697271
-981.7648,108,2687.056016
-964.136,142,2689.184801
-978.4226,106,2690.316849
80.582756,229,2690.443649
-978.1476,103,2692.444542
90.28364,254,2693.582794
98.21076,247,2694.617825
84.85352,252,2702.072437
-980.7514,97,2703.243003
-984.08813,123,2704.721714
102.85288,182,2705.318653
101.07468,182,2707.464304
100.51432,184,2708.793298
94.34007,228,2713.493917
-972.13153,118,2714.06869
-990.976,93,2714.289904
104.864716,212,2716.009909
-969.1802,146,2720.204649
-978.47345,161,2725.073826
104.16678,219,2729.675875
-967.4454,284,2731.873703
102.427895,182,2732.454474
105.29559,181,2733.998538
101.949554,222,2735.715401
-991.5722,70,2736.607607
-971.45953,277,2742.04994
100.52846,250,2746.161771
-973.7587,117,2749.287573
80.585785,247,2754.030202
87.51696,216,2760.658128
-963.016,172,2761.279701
100.34697,219,2762.476245
-972.914,130,2763.509319
102.86008,220,2766.080367
-975.3763,122,2772.111223
-976.1684,117,2775.279384
-993.6346,73,2776.170342
-974.93463,116,2783.372404
76.14984,251,2786.051536
104.39336,185,2787.732044
-970.77045,127,2788.056381
104.92344,183,2788.498528
94.60551,228,2792.36708
103.22526,204,2798.179668
101.472404,222,2799.330336
105.85997,182,2801.520788
101.74934,182,2805.930761
105.86247,183,2806.338736
101.22075,208,2806.817064
-972.3017,123,2812.120779
96.189514,237,2812.523825
97.636604,201,2812.873924
-993.2962,76,2814.001384
99.29641,184,2817.148609
-985.6311,84,2820.678062
98.76546,225,2824.750611
100.6924,218,2834.454951
83.183044,277,2834.55385
101.25027,221,2835.023059
103.64197,216,2835.629988
103.479416,200,2837.250096
-968.05725,306,2838.076507
96.14822,208,2841.476952
103.3817,182,2842.878445
-961.362,158,2850.836686
-972.21906,147,2851.801876
100.63519,183,2852.705804
99.24632,184,2852.94094
-977.48456,136,2855.120075
88.3614,255,2861.404997
101.47485,184,2861.507334
101.31858,238,2862.055932
-983.4002,97,2862.975223
-986.2455,83,2870.548067
-976.926,174,2870.652017
-989.4087,80,2871.15395
104.64027,222,2874.713715
103.14441,236,2875.11501
-986.66327,86,2879.481794
89.85123,258,2881.620375
99.26823,199,2881.921059
99.95975,232,2885.074345
-975.1443,130,2887.740799
-992.47314,71,2888.976009
-989.0648,76,2892.751345
102.74719,185,2893.769731
101.79435,230,2894.474536
95.085846,236,2894.474536
104.53638,195,2901.477028
-980.4566,102,2905.045681
88.945984,257,2905.636037
103.100945,195,2907.767971
103.389175,205,2909.962478
101.86199,188,2912.873307
103.59056,214,2914.411541
102.179535,228,2917.528113
-975.83307,144,2919.348978
-997.46155,73,2921.764207
99.95044,246,2926.15412
93.42879,210,2926.663337
102.17172,228,2930.653136
92.743835,236,2933.610612
-973.04755,122,2934.08515
92.110275,227,2935.714056
95.25951,225,2940.330774
-983.927,97,2940.433658
95.01944,219,2941.491049
-962.58765,150,2941.809589
-979.7988,124,2946.19927
103.28064,221,2948.463831
-980.69006,122,2953.48377
-967.1813,137,2955.316929
96.08147,246,2958.682302
98.74116,185,2958.780237
100.72086,190,2959.18746
92.92709,248,2960.534636
94.62838,243,2970.555712
96.57381,250,2973.694418
104.68766,221,2976.114564
100.62657,210,2976.828074
100.3549,183,2977.926787
100.20892,212,2980.497101
99.41711,228,2982.139078
89.265495,241,2985.800946
-971.8249,130,2987.580875
99.530716,221,2993.914738
-970.99243,133,2994.798409
-970.5118,166,2995.702345
-978.6929,110,2997.321446
99.36185,214,2998.97566
-963.4869,162,2999.628913
-983.4628,89,3104.274626
-989.69415,77,3104.578439
86.55688,272,3104.874713
97.84571,204,3108.199878
-966.22845,136,3108.593744
-992.94965,66,3115.983305
96.68678,222,3117.525979
101.30924,202,3120.870916
-977.53754,116,3122.660023
104.26623,182,3126.56428
99.55876,183,3127.076019
-984.931,86,3127.454639
102.05618,193,3128.679022
90.71343,269,3131.357856
-976.682,108,3137.146118
-967.47424,151,3139.742675
-971.78595,132,3142.640304
-985.7932,103,3143.327668
99.97542,183,3154.562355
96.83442,223,3157.401365
-981.2422,143,3157.547878
100.76756,232,3157.968543
104.96729,182,3164.132769
84.87905,254,3164.245535
99.76505,183,3164.822594
85.85654,259,3169.080769
100.47613,185,3177.562087
99.8893,209,3179.930405
95.49628,244,3180.624833
88.77523,225,3181.991065
99.36916,183,3183.424871
105.75663,181,3183.877806
100.08558,235,3189.072809
96.207695,229,3192.410614
-979.0749,101,3193.781164
102.85981,183,3199.108153
104.76191,230,3200.601244
99.46185,183,3202.254597
-979.0372,109,3203.221653
86.98917,249,3205.49217
98.03058,232,3205.8598
-983.0427,91,3210.821738
91.31735,246,3214.797106
100.48719,248,3219.757852
-970.6815,126,3223.938169
99.205284,235,3224.269475
101.88788,209,3225.517238
100.226906,251,3228.730105
89.807,254,3232.13074
99.05334,183,3233.410778
88.30949,264,3233.520835
103.48092,217,3242.053639
104.023224,209,3245.397135
100.191826,216,3246.454163
-974.12384,145,3248.303025
102.35073,238,3249.994687
99.19836,239,3253.523115
108.39422,221,3255.008385
-973.1165,118,3258.406423
96.1524,246,3258.70505
97.864876,230,3266.225485
-985.46735,85,3267.860053
103.031136,183,3269.598024
104.55638,233,3270.124744
101.02131,209,3270.665462
100.86701,183,3273.297944
-966.6212,158,3276.139656
-994.85126,72,3277.218507
99.58033,238,3280.568618
-967.85486,136,3280.890216
-976.75134,110,3282.441576
-979.8216,98,3286.424093
102.10896,182,3287.345638
104.672424,207,3292.248211
96.27813,247,3299.558721
95.99739,211,3299.753519
98.40857,184,3300.151649
99.15385,183,3300.345594
-987.28345,89,3301.60446
-965.269,141,3302.378021
103.92351,200,3303.733238
96.9233,235,3311.155198
-972.4934,120,3313.745375
-967.9491,148,3314.518248
-992.60864,70,3318.212825
98.72523,183,3320.905978
98.723526,224,3322.409547
99.31873,222,3322.612792
98.88815,221,3325.849295
96.22816,253,3325.95257
103.35763,206,3335.69095
-966.5126,154,3338.191622
98.21832,184,3339.578602
-969.2311,134,3339.688993
88.586876,257,3339.918846
98.87778,183,3341.382765
103.57446,236,3342.258533
98.82205,220,3348.630404
-984.16693,97,3350.004088
-979.8845,105,3350.493292
-965.87384,155,3354.173396
-968.1147,142,3356.030172
103.52377,225,3358.822577
98.388664,184,3358.822577
-964.831,162,3359.067557
-976.65704,120,3362.842739
-978.1164,133,3368.716716
-992.7504,66,3369.860532
102.38733,232,3373.274878
103.64575,225,3374.683085
102.32887,183,3375.98392
99.34904,185,3378.886401
101.72285,224,3383.332279
-973.2784,136,3384.492778
94.94634,241,3384.871065
-980.1795,101,3385.356715
98.70174,184,3393.311395
105.337395,229,3393.423198
106.7583,225,3400.181344
99.639694,238,3404.047214
-975.99884,124,3405.979513
-974.6439,135,3406.999481
99.11718,215,3407.383671
107.099815,232,3408.857639
96.829666,249,3409.480777
100.864944,244,3411.01939
-979.8065,113,3419.026234
107.02533,206,3421.060895
103.61615,201,3427.025182
98.67416,184,3428.059727
-990.5635,72,3428.750858
100.15446,221,3430.201366
97.71655,260,3431.317806
104.47171,203,3432.437736
105.84366,238,3434.539134
-979.79803,108,3441.216583
106.77091,215,3441.538457
-981.4375,94,3441.830443
-980.38336,97,3444.241069
100.56044,183,3447.678586
101.26088,232,3451.35181
107.82083,230,3452.239141
99.194275,238,3456.23877
-970.8576,145,3456.791186
-972.1898,148,3457.461907
-977.5629,126,3461.693772
99.905815,183,3461.804445
-961.13666,171,3463.01069
98.35097,185,3471.888723
-972.8705,155,3472.659014
100.502144,182,3476.379941
-966.5068,151,3477.094193
96.90662,262,3478.769705
106.376686,217,3479.432518
102.65423,210,3484.43414
102.0498,236,3485.788708
-986.2158,101,3487.528197
-969.2914,140,3493.633247
-964.05994,174,3494.123769
-967.50305,151,3494.123769
103.96034,220,3494.917806
103.222534,233,3495.420068
-979.14276,126,3497.195768
102.696495,206,3507.204554
-978.1195,114,3507.627307
-969.691,149,3509.95085
-967.4805,155,3510.543425
104.20573,221,3510.543425
98.43684,183,3516.596564
-982.7804,96,3517.361744
107.83829,228,3519.102588
96.70809,252,3520.161605
-978.7106,123,3520.48585
-965.1143,156,3526.825375
-964.1378,162,3527.397916
106.46535,232,3533.676008
104.797966,184,3535.939967
99.26364,183,3537.589478
-980.38245,117,3538.595163
106.087906,228,3539.785388
104.11935,216,3542.713208
108.051636,229,3543.831272
102.807724,234,3551.753377
-970.8875,138,3552.404201
99.25784,184,3553.255163
105.99141,218,3559.338256
100.088135,213,3561.443955
104.81222,207,3562.090389
101.09801,183,3563.438616
106.72919,235,3568.297336
-984.3799,88,3571.55736
105.97361,185,3573.095301
100.746994,204,3574.466667
-975.51514,136,3574.694825
-989.1507,81,3577.635988
100.868515,242,3580.524621
98.5708,211,3586.888203
105.00167,209,3588.007176
-964.37427,176,3592.352048
-974.39844,128,3592.892194
-974.3734,154,3593.036865
-955.85913,186,3594.974849
-957.51385,175,3600.486761
106.26417,228,3600.587433
-981.42975,95,3603.012057
99.43673,183,3606.78268
103.26955,207,3609.99228
-975.0829,179,3612.987748
103.23757,224,3615.245744
104.75332,219,3615.246733
107.703094,231,3624.167514
103.39562,249,3626.000841
108.16955,230,3626.52226
103.49962,229,3630.211627
-973.8231,142,3630.318324
101.39856,234,3634.243065
99.7562,184,3634.656106
104.60114,225,3636.657948
104.9859,207,3647.904947
101.68824,231,3648.13385
105.69436,217,3648.496901
99.529785,184,3649.12977
100.9748,183,3649.12977
-976.83215,134,3650.582313
-965.5222,158,3650.713791
-962.19226,171,3652.669276
-986.70264,88,3658.337295
-968.1648,152,3666.53766
-973.7074,139,3667.052535
-958.8511,175,3667.622418
98.99433,183,3669.865801
107.081604,210,3670.424948
100.09114,236,3673.159267
104.096214,248,3675.693472
107.78054,225,3681.41747
-966.96155,146,3681.700877
-968.10315,165,3690.29881
106.88376,223,3690.517778
99.63421,210,3692.057601
99.45185,234,3692.385767
102.571045,221,3693.855006
99.73615,182,3694.704077
99.70412,183,3701.004252
-981.26935,116,3702.282483
106.726036,210,3703.457232
103.58853,209,3713.706662
110.09268,234,3714.768048
-973.39233,124,3716.225406
107.46542,221,3716.470228
109.46037,235,3716.564801
108.73581,225,3717.686553
107.64167,226,3725.568028
-974.7982,137,3727.638441
-986.4855,97,3727.638441
83.16106,280,3729.690901
-970.5119,142,3730.949971
99.93921,183,3734.961436
98.74153,183,3735.291587
105.20496,227,3737.889862
-975.6002,128,3740.502623
-995.41547,73,3747.959361
107.21122,229,3748.782083
106.49842,214,3749.30693
101.53473,200,3750.064558
-965.2524,158,3751.363725
105.74621,215,3753.051221
98.906166,183,3753.949787
106.302185,213,3760.24773
-976.92365,137,3762.703398
-969.342,158,3765.893569
-974.1136,140,3856.802351
-976.8272,143,3857.794239
106.55189,185,3858.083162
99.01206,183,3858.691401
99.39758,211,3863.157653
-995.1048,80,3865.89332
-967.4789,155,3866.033283
-958.3169,177,3871.282911
104.91778,184,3875.294186
-967.0028,156,3876.209713
99.870674,217,3882.031251
-970.62976,154,3882.636929
-972.736,155,3882.837169
106.805374,231,3883.320053
108.02405,212,3886.053419
-978.3744,112,3887.764847
106.79313,227,3895.353331
-966.1489,135,3897.114282
110.426506,228,3899.254441
102.561424,209,3904.893556
108.42396,222,3905.676026
99.58513,185,3907.776939
105.99691,224,3910.599364
-975.2158,130,3911.649477
91.24366,266,3912.320608
99.041664,183,3915.598792
-983.2635,91,3918.237678
-976.03284,126,3919.342031
101.48048,215,3923.47905
-974.8901,132,3926.301495
-967.98926,153,3929.14271
99.548035,220,3930.232854
-982.17377,150,3931.900334
105.243416,204,3932.89087
-966.6086,153,3934.657259
-990.9353,84,3935.114938
107.12123,222,3942.506455
105.825066,187,3942.723052
-985.67053,91,3943.936205
-971.7043,152,3947.858957
99.12122,184,3948.476188
104.23389,227,3954.243799
102.92863,199,3956.233575
106.67192,220,3956.233575
-979.39984,125,3957.716743
-970.3071,149,3959.010743
-970.60693,157,3960.056583
-968.3312,173,3967.02202
102.05024,184,3967.657962
-965.4142,170,3972.272779
-971.17316,153,3972.526551
-968.14813,155,3974.28537
99.17702,183,3975.968045
103.405525,204,3980.9967
105.3023,206,3982.368559
-992.99567,73,3982.481661
-960.4546,169,3985.538242
-987.8191,97,3986.509773
96.91363,206,3989.952149
99.79354,183,3992.540937
104.213806,215,3995.47407
-978.6602,130,3995.846465
-976.2217,108,3996.76473
-968.7143,148,3997.952669
100.468216,218,4003.757684
102.71587,213,4008.481318
105.15003,184,4008.980464
107.31653,219,4015.005306
100.589714,184,4015.748001
95.548294,205,4016.726923
105.50449,222,4019.005117
103.073494,208,4019.587336
105.546616,201,4024.903574
102.99105,182,4027.810524
-977.22485,127,4028.53777
-971.7998,132,4032.892029
97.10154,231,4033.316249
102.23255,183,4034.983223
106.17383,213,4038.976614
102.06297,236,4044.329738
-981.21356,212,4047.108357
98.2134,210,4050.000097
108.313065,225,4052.576476
-980.7378,128,4053.108967
103.0955,194,4054.171451
100.81324,183,4054.808581
105.46726,208,4055.283701
-981.2481,129,4066.36058
-971.70264,147,4067.687768
102.18044,203,4068.454819
-978.66956,132,4068.682818
104.48519,231,4068.682818
91.79889,239,4075.190003
108.32131,226,4078.597453
90.39803,237,4079.193327
-974.59753,121,4079.53484
100.953476,203,4089.511404
104.25865,199,4090.090595
94.49901,210,4090.975065
101.5693,216,4091.827567
-968.8609,159,4095.301285
103.216965,201,4096.426207
105.365265,205,4100.505511
104.84484,233,4103.626666
100.32165,183,4107.878496
106.4416,214,4111.44934
-976.97595,119,4115.125375
91.551285,244,4115.326515
104.317276,205,4116.810896
99.10222,256,4117.423603
99.44028,238,4119.034323
103.867035,204,4120.782695
106.4758,220,4129.855167
99.31885,183,4129.855167
100.43632,204,4135.83099
107.06375,222,4137.997614
106.14981,202,4137.997614
103.40064,212,4138.458966
92.6869,219,4143.821676
99.932724,260,4146.558048
-983.103,126,4152.444748
-973.818,153,4152.750822
-971.31445,144,4153.894742
103.80781,230,4154.760439
108.84604,240,4155.840927
100.02323,201,4159.937395
104.00929,199,4167.354152
107.058975,238,4168.858844
100.29286,183,4173.444493
97.107796,200,4173.730589
101.26722,216,4175.824383
100.080505,205,4176.736478
105.07301,221,4179.662526
98.12792,213,4183.464221
-974.6143,147,4190.002565
101.343544,215,4191.513556
99.877464,183,4194.145743
107.06463,243,4195.952111
99.049385,183,4196.929003
102.15386,196,4197.445061
101.15733,207,4202.153986
94.16582,201,4204.932609
-974.0298,136,4205.801897
100.7363,214,4212.796684
-986.8605,104,4213.482344
96.10594,207,4216.209231
98.92841,183,4216.530487
98.92476,225,4219.808892
105.450836,215,4220.366591
-997.97656,77,4224.02496
101.25124,183,4225.034718
105.4019,205,4226.46999
-990.78,86,4228.718996
104.89589,223,4236.004972
99.21783,219,4236.247379
104.52806,188,4240.374867
-974.60754,143,4240.508858
-974.72534,148,4242.626486
87.901695,258,4244.211562
104.59215,236,4250.217482
-970.0877,166,4255.145633
-976.9219,157,4257.828087
103.93094,210,4259.339228
100.64108,187,4260.827
70.871544,308,4262.390038
99.98011,186,4262.932481
103.975876,226,4268.798919
92.400505,220,4273.951308
95.971375,203,4277.310617
-961.7207,173,4279.844261
97.09834,211,4280.840639
101.44805,212,4282.462673
100.90032,184,4282.462673
105.680855,240,4288.573591
99.674385,215,4291.405186
102.05062,197,4294.307696
102.05584,183,4298.341884
104.086235,217,4299.108775
104.634995,209,4303.614082
105.92478,222,4305.118255
80.372025,240,4305.328314
-982.0707,141,4306.019509
104.9964,244,4314.288837
-977.1135,125,4317.416215
86.52434,245,4320.564296
100.314476,217,4322.93886
101.12402,225,4322.93886
-966.7911,170,4324.852772
86.630745,228,4330.086769
79.55957,233,4330.786459
97.09054,201,4339.584114
91.634834,248,4341.568611
102.05976,213,4345.877027
91.60557,256,4348.309805
100.81784,222,4348.747685
83.96323,242,4349.103901
103.27017,197,4351.600888
90.62976,227,4355.551493
99.21465,183,4359.131926
102.47698,202,4363.13336
-982.1339,131,4363.243198
102.161,205,4367.736206
104.46959,185,4368.346354
100.37508,198,4369.256965
101.03002,183,4375.086171
88.1193,254,4378.707772
101.39516,201,4380.69011
100.23038,183,4382.756314
104.12499,228,4387.714058
103.35308,188,4388.257034
100.3283,212,4391.59275
101.5771,204,4391.703894
99.98133,202,4397.042143
101.39384,184,4400.2979
104.0463,204,4404.403133
86.594055,244,4404.739498
98.33319,183,4407.106857
107.77689,228,4412.121446
98.82186,209,4413.363306
98.53416,224,4414.890297
102.581696,183,4415.759797
-972.099,155,4416.440792
103.790344,201,4425.744316
90.05809,240,4429.890046
107.613144,228,4430.982336
102.76003,205,4433.961807
102.07568,198,4437.136737
102.56633,210,4437.455448
97.79494,226,4437.682369
93.81275,206,4438.576149
97.50703,213,4447.964668
101.91213,188,4449.603904
-973.0177,199,4451.669408
99.630684,183,4452.84281
100.77095,183,4455.877966
101.74385,184,4456.571671
95.30067,242,4462.305295
97.62077,260,4465.28571
100.22593,183,4466.812399
100.24548,182,4468.644307
102.290565,183,4471.028228
102.084854,184,4475.502974
98.938446,214,4475.771698
101.38294,213,4479.158435
-984.3084,142,4480.673095
-967.4027,182,4481.875221
100.971825,200,4488.31338
102.60739,187,4488.602882
-977.1923,117,4491.369886
102.47154,197,4491.899549
-976.06854,119,4493.005284
102.58245,207,4497.43723
92.207634,238,4500.635069
97.886536,225,4505.544805
101.8005,203,4509.767184
-986.2721,158,4509.890473
98.40567,220,4511.774011
-961.1417,202,4512.657549
104.40433,223,4515.498794
101.76572,183,4516.71241
-970.4574,162,4517.656138
-988.81494,128,4643.850816
101.35545,198,4644.461278
97.540794,208,4645.467824
102.2496,204,4648.224546
83.25834,287,4649.771996
99.567024,230,4650.169812
99.56297,228,4656.189384
78.76688,255,4656.939343
98.27663,194,4665.315377
-977.55634,156,4665.316377
-991.5911,100,4667.466689
99.95432,202,4667.46769
103.1802,182,4669.459321
97.23657,234,4669.915506
102.91766,183,4669.915506
100.86339,222,4679.0797
101.9065,183,4687.459698
100.68848,204,4687.667853
100.81382,232,4688.327198
93.327484,237,4688.813759
100.46916,224,4689.679372
99.21755,213,4690.95823
88.1422,226,4692.391572
102.88332,183,4697.298854
102.33718,184,4706.347067
102.71948,197,4709.025806
104.11558,222,4711.114054
97.28294,223,4713.71201
97.45362,262,4714.254434
96.19461,250,4715.40133
93.809685,243,4717.761446
105.00188,228,4721.763162
100.04746,205,4732.807595
102.24091,185,4732.807595
93.45254,251,4735.433655
102.522804,182,4735.675081
-967.2589,177,4736.863136
99.82667,200,4738.527128
95.54799,205,4742.579416
-975.4281,181,4743.757598
-982.61725,118,4749.373312
-971.3527,189,4755.502929
-989.4703,146,4755.891155
95.443695,223,4760.067753
102.24647,201,4760.227515
102.919205,184,4769.511317
89.26487,254,4771.563483
99.148964,231,4775.452499
101.44407,182,4776.99
100.150085,198,4788.052908
99.12453,209,4789.405514
-983.6887,120,4791.001207
96.762566,194,4792.905148
85.326454,253,4804.0388
100.22606,212,4805.290688
101.94856,183,4806.571573
103.03994,218,4813.580664
-998.8864,84,4819.680562
-987.32745,102,4821.50245
102.09003,183,4823.641071
93.230576,206,4824.266587
97.834656,222,4825.513877
97.251076,217,4828.022544
99.46854,219,4839.239783
-977.6734,131,4847.95308
102.130646,183,4848.654907
-972.2243,163,4850.898306
91.54231,243,4851.977844
102.327286,211,4856.131449
101.049286,220,4857.980106
105.630424,239,4858.27133
101.4214,183,4874.652952
-970.2146,202,4876.47423
99.86531,197,4878.530389
80.8382,276,4878.530389
102.98129,218,4882.309349
100.87166,209,4885.033021
100.712814,198,4885.339336
93.814766,214,4887.860156
102.05626,196,4903.655319
101.94977,216,4904.451619
98.28478,225,4909.650275
105.94914,185,4910.769765
100.81255,211,4911.587185
102.85727,201,4913.185932
91.23685,257,4913.96095
100.15097,220,4917.140293
97.844795,211,4928.053652
102.97396,183,4929.082387
104.05106,183,4931.804782
86.84435,263,4932.785078
92.21906,228,4934.495118
99.29994,223,4936.407113
99.81446,211,4938.363032
92.129395,275,4939.924745
98.568146,228,4951.472557
104.04735,183,4953.224133
100.53348,238,4956.126086
88.57466,264,4956.126086
93.788315,236,4956.983564
98.36082,205,4957.502727
102.77339,187,4959.142729
95.77449,218,4960.81433
-993.0875,72,4963.6142
102.59996,182,4974.157941
85.12929,219,4975.037717
95.31429,242,4975.535904
101.0917,187,4976.002779
100.339584,202,4977.019697
100.726494,219,4981.133954
83.05207,260,4986.910514
78.116455,257,4989.345812
102.02973,183,4992.948061
98.41096,211,4997.098799
99.85341,202,4997.098799
100.95192,251,5008.779583
91.52393,214,5008.928998
84.18435,269,5009.382414
104.19475,183,5012.520548
-973.23346,140,5014.860525
96.99199,201,5018.68116
97.08432,204,5026.45419
97.24261,204,5033.350267
102.09922,212,5034.132653
87.178825,276,5034.663781
100.68041,219,5035.278225
99.63358,210,5036.770629
86.92071,247,5045.451829
80.91347,279,5046.526188
-979.26025,129,5048.285616
101.086105,206,5051.124232
103.14527,182,5062.03345
98.24327,214,5064.892721
84.80488,261,5070.555258
80.03086,279,5074.696869
103.35442,182,5074.987861
103.3826,212,5082.38739
97.73367,204,5083.016021
88.62992,266,5094.803798
95.42181,210,5099.131143
103.86675,183,5100.411161
98.27846,240,5100.944527
104.176094,183,5110.376449
93.18821,230,5111.143769
99.88388,198,5112.216473
88.284065,259,5115.632544
98.09479,227,5128.791984
102.12165,189,5128.956429
-975.53265,143,5132.066732
98.27191,225,5133.581648
99.38288,214,5133.790984
98.26419,195,5141.55705
-985.21027,118,5148.167315
101.57625,235,5149.015772
92.94077,246,5154.601171
-979.08325,135,5155.361107
99.85172,203,5165.803901
98.87158,240,5167.289793
102.0528,184,5170.479286
88.78131,271,5175.22964
99.718895,208,5181.000939
99.13551,216,5183.103296
84.080826,206,5187.88678
95.204185,248,5193.803383
102.09406,183,5196.303171
-978.2983,156,5205.836571
85.39387,260,5211.909992
77.4806,292,5212.25325
98.01015,238,5213.228516
94.29376,202,5215.287892
102.88288,183,5217.027836
99.317894,211,5227.149543
94.5491,212,5229.947392
100.02765,211,5239.315381
106.17774,184,5241.468739
-971.8026,213,5246.978893
91.43206,222,5252.151353
99.69821,246,5254.169884
75.60781,295,5258.649717
101.078575,199,5261.543224
86.66961,267,5269.819755
103.037224,185,5271.006041
96.229416,220,5274.393585
100.14804,204,5279.384285
87.71558,226,5290.353341
101.58386,184,5291.056487
82.04484,246,5291.544519
-981.6431,130,5291.718221
100.17371,247,5298.278282
98.21571,210,5303.40082
100.433815,214,5308.689323
94.16293,225,5315.559022
101.415474,200,5323.151889
97.910835,206,5324.184643
100.827866,224,5325.606933
92.561165,228,5326.836372
104.27342,185,5327.136609
104.36727,182,5331.665315
101.797775,194,5338.811464
75.48793,263,5356.359547
95.38424,221,5358.769992
100.26973,228,5358.769992
98.48988,224,5362.101866
99.55069,241,5365.058547
88.507614,251,5365.058547
95.7459,240,5376.740966
72.5752,306,5380.119824
101.74094,197,5388.267098
95.45152,220,5394.352372
-987.5295,111,5395.047102
100.25994,211,5396.373571
100.01405,207,5398.7026
94.65321,214,5399.784857
83.68173,255,5400.007881
104.182396,184,5409.478709
-1012.3291,115,5417.64883
-979.067,149,5418.134403
103.016754,183,5422.80932
96.25448,249,5427.311881
101.87416,213,5429.576394
-969.0567,168,5436.121768
100.775955,248,5437.595355
75.10653,278,5443.355206
102.762886,183,5447.16768
-978.30597,162,5448.624386
104.304886,184,5456.271167
85.27155,269,5460.082895
103.49764,182,5465.98965
92.61919,215,5469.713355
88.15476,273,5472.436607
104.14062,182,5475.577217
98.96784,199,5479.725371
91.95398,261,5484.380319
103.976746,183,5485.233354
100.937,194,5490.787143
-973.39026,187,5495.741534
-969.414,161,5498.178802
98.106895,208,5500.624493
100.37478,197,5505.344253
104.4184,182,5747.96199
-980.6472,162,5764.973841
84.73966,273,5770.720634
76.931526,279,5770.925613
93.0871,240,5771.128854
99.00526,226,5774.209571
104.21185,182,5774.441064
-999.2806,157,5774.6436
91.99256,202,5784.97623
95.99641,201,5807.611339
102.284996,187,5808.782257
97.25743,196,5810.225235
89.76903,213,5810.225235
96.315186,213,5813.713593
81.08363,274,5815.593973
97.610146,198,5821.131166
63.764095,315,5828.667557
105.18676,182,5840.995454
104.881775,182,5843.562303
105.46655,182,5846.881955
91.97095,229,5850.463645
89.73681,247,5855.184057
95.23238,230,5857.413728
79.88427,214,5860.141659
104.20064,182,5861.780402
97.50503,195,5876.280958
105.23957,182,5883.512693
88.924835,247,5888.153713
92.16606,240,5890.294142
100.24352,199,5893.274742
80.10865,231,5901.715315
75.375305,272,5904.217711
94.36266,245,5905.858626
104.52936,183,5909.151788
100.79376,218,5922.868117
105.19567,182,5923.248774
105.1429,183,5926.554405
90.23834,226,5929.138006
102.34428,195,5937.340586
98.809326,222,5946.481825
80.86166,251,5950.242211
-970.20715,162,5953.052286
89.43638,252,5955.435899
-971.51776,162,5958.850744
98.30771,209,5961.272938
97.2119,199,5963.151342
93.21542,238,5980.85307
90.66151,219,5986.902011
99.474075,205,5987.988106
-1000.2077,167,5989.64929
98.508606,205,5993.094053
88.20882,264,6001.774775
-986.643,215,6002.875449
78.87742,238,6005.269233
103.73114,186,6015.511801
98.0937,199,6023.739552
99.31317,202,6027.09467
80.26088,217,6028.243909
98.46305,204,6030.962752
99.57952,213,6044.48595
86.70377,229,6045.030278
85.91275,258,6049.163076
92.1701,196,6051.55427
-987.6067,130,6051.960452
105.07695,182,6060.456997
95.28283,245,6068.606242
-973.2238,123,6074.097661
104.755974,183,6077.981295
80.89954,273,6080.806364
91.63546,200,6081.532553
95.52497,208,6087.208617
104.3499,182,6093.613769
-972.51794,171,6099.980252
68.56078,309,6108.625653
98.576485,194,6113.545062
97.17342,215,6113.545062
104.172585,184,6115.425133
-970.9816,172,6118.966293
-990.09784,151,6121.590923
83.75098,240,6125.06571
91.3797,239,6143.948575
-992.9443,138,6144.341691
91.01673,208,6146.865126
98.18583,199,6150.026786
99.70556,198,6151.563829
95.27693,214,6152.615009
98.57421,196,6160.489159
-983.3698,115,6164.965567
83.44721,261,6168.969498
-969.49805,169,6177.181687
96.092255,216,6182.571147
98.660736,193,6186.078982
66.01892,255,6195.606173
80.367966,269,6200.856739
97.974785,205,6201.608237
87.97235,241,6203.6761
97.86294,215,6207.229867
-994.4552,105,6214.267936
100.92453,195,6220.692644
87.55729,254,6222.102012
94.59518,228,6222.992487
101.20491,186,6233.664049
93.53414,200,6236.893074
-991.55054,92,6237.133027
76.7818,214,6241.458173
97.19046,208,6251.032294
80.87484,249,6251.267421
-968.6053,177,6253.554971
-976.8185,113,6256.889562
96.24565,211,6260.654858
-977.2713,128,6264.514288
95.85029,200,6269.524035
90.45362,237,6279.981941
98.101265,197,6289.879557
90.02984,242,6295.695461
97.61108,196,6296.751163
105.2813,182,6298.011771
86.3803,235,6300.169668
77.39635,273,6301.113693
104.469154,182,6303.097773
94.94271,202,6316.525516
97.62202,204,6326.618524
97.72135,203,6332.138553
91.082924,207,6337.369544
94.940125,228,6339.028237
81.22391,212,6341.170601
84.67131,238,6343.855342
84.19333,264,6344.23585
105.68913,182,6349.333483
102.285934,190,6360.685812
-982.6262,162,6361.263785
-976.5367,118,6364.971318
96.81124,199,6373.170424
-971.0603,178,6376.267533
95.75239,214,6379.714843
83.09386,266,6386.863442
99.19455,212,6387.571975
-974.0818,145,6391.105022
97.919624,193,6395.310019
85.92519,209,6398.555172
103.210785,184,6405.894238
-971.1154,151,6414.544398
97.65677,217,6418.428745
79.49858,255,6421.727758
97.28692,211,6424.285304
100.148415,212,6428.829604
98.21132,192,6429.571087
102.92953,196,6433.623104
105.18459,183,6438.522956
-980.00653,106,6448.528286
105.26218,183,6451.113259
96.94218,211,6452.215738
104.03034,183,6457.177841
100.74376,199,6457.371261
100.61056,210,6466.574194
100.14743,203,6470.359886
-1002.7976,124,6471.12693
99.0692,199,6474.910389
93.278854,204,6495.141234
99.78006,210,6496.052959
-968.15466,155,6499.162738
77.66581,292,6506.170207
94.8475,218,6507.376424
102.36242,194,6507.376424
61.641563,323,6510.82752
99.64429,196,6511.41331
-988.7072,96,6514.048694
90.09732,212,6534.763854
99.394135,223,6540.865002
98.09162,191,6542.905454
81.10493,209,6545.096215
99.492165,199,6547.723104
95.88944,232,6550.192913
90.63642,233,6554.376134
87.9476,259,6561.413663
-996.6549,82,6564.87571
104.35913,183,6575.699958
106.09512,182,6577.697214
80.01771,254,6580.583313
100.22239,232,6583.08592
105.86564,182,6587.555411
94.10298,233,6590.096004
-966.22107,140,6608.429696
86.54986,263,6609.541893
101.06511,198,6612.122985
85.8432,270,6614.333815
98.90547,200,6614.576587
93.14768,200,6617.453659
93.838936,201,6624.025229
-997.24274,76,6628.243492
81.98647,267,6637.861619
-972.52747,163,6638.965347
94.09012,210,6640.928592
99.44175,192,6641.375118
102.98049,186,6642.024627
90.56177,236,6642.087044
105.4413,183,6644.295826
104.930824,184,6645.951663
-997.6158,71,6646.114885
-986.82874,115,6648.327707
106.31283,182,6654.038324
106.19962,187,6654.54271
88.08898,268,6656.600556
74.30105,290,6656.877606
-978.30194,127,6656.996934
99.35687,197,6657.524028
104.79788,182,6658.096799
99.02198,189,6658.629097
-963.6849,172,6664.907786
98.20413,188,6666.422714
105.31773,183,6668.027352
98.2184,192,6668.874508
98.8047,194,6670.147848
91.82586,219,6670.617883
100.075226,218,6671.089498
92.27677,224,6672.481313
-973.66504,169,6675.366205
98.23511,201,6678.375127
-969.2545,163,6679.957238
106.1867,183,6680.695772
96.092224,219,6681.56785
86.88125,251,6682.680753
98.43328,213,6683.415396
98.707634,232,6686.0778
94.945625,223,6688.439443
97.54966,198,6691.958169
101.27905,226,6691.958169
-974.1505,172,6693.17955
94.95654,227,6694.649139
102.037994,197,6695.606967
94.57002,240,6696.390001
98.839005,218,6699.383818
95.492584,225,6702.217178
84.12408,223,6705.365605
93.00908,226,6705.54392
94.23982,209,6705.664286
99.24129,196,6707.046429
92.8854,209,6708.46624
91.28856,252,6709.302664
-991.491,84,6710.5225
94.68313,215,6711.902026
90.23299,219,6714.912925
105.14481,182,6717.743116
-989.3025,157,6717.800007
99.21927,211,6717.91378
-994.6551,93,6806.950911
78.00024,260,6807.369076
-996.04834,85,6810.295595
93.235374,218,6810.818418
100.24245,200,6811.351583
74.686165,290,6815.034675
-997.42096,83,6816.266641
99.35191,204,6818.162309
105.49805,182,6819.490289
100.33101,230,6819.624799
98.95474,188,6820.057506
101.97216,203,6823.908942
98.61109,210,6824.97199
103.95017,184,6826.315095
104.65906,184,6827.608773
96.0078,200,6832.432473
95.057755,209,6833.077369
82.73998,205,6833.546266
91.42542,243,6834.007014
101.5864,203,6837.9405
99.49139,194,6838.710458
86.173874,237,6839.264781
96.38709,222,6841.667266
102.25952,186,6843.960262
98.0348,205,6846.445229
90.15126,237,6847.941983
105.845924,183,6849.285166
67.13246,272,6850.045511
97.61232,202,6851.452078
96.994576,229,6853.99023
90.92714,219,6855.693773
98.32085,204,6860.337308
97.81529,198,6862.104705
80.30783,261,6862.104705
97.331726,205,6864.007406
99.00243,196,6864.179469
104.42388,185,6864.726023
102.63255,187,6867.311763
103.21974,185,6869.586098
-976.8396,128,6871.464014
98.14218,202,6877.09163
97.84263,213,6879.363589
81.31868,268,6879.743908
98.94396,213,6879.857904
104.72876,182,6880.265329
94.99898,240,6880.75142
-1000.6945,100,6883.645748
93.73306,219,6886.783606
-997.68884,99,6886.937414
73.803986,253,6887.563688
97.98534,200,6894.674988
94.44947,215,6895.369023
85.84144,247,6896.503057
92.255165,247,6896.913915
100.509926,216,6898.300848
92.63937,204,6900.267414
97.83255,240,6902.515884
101.25287,189,6906.350677
67.04712,301,6906.646791
96.98129,222,6908.779539
100.203835,218,6909.554523
79.49184,258,6912.418341
104.285286,184,6913.597549
72.3134,259,6913.844547
75.159035,252,6915.396242
-967.4253,131,6916.625985
100.735794,211,6919.305212
88.889,246,6921.061736
97.35297,200,6921.397625
-974.8371,118,6923.527637
98.17718,201,6924.167051
98.59506,203,6925.474685
-976.08234,114,6925.898845
97.64948,209,6927.651099
82.16799,256,6928.879884
-979.9982,148,6929.705614
-978.4222,110,6929.976214
105.826,181,6931.951692
85.16967,216,6936.802068
96.731575,201,6937.227751
101.150345,194,6938.987092
105.0093,181,6939.439378
86.10591,246,6940.306327
105.49285,181,6942.599597
90.83066,258,6945.123091
61.92732,283,6946.263712
98.17173,199,6948.454535
103.129684,187,6949.775867
104.62462,182,6949.982575
91.17616,231,6950.646462
97.17558,192,6951.402031
-966.4084,169,6952.381224
97.94097,230,6958.224125
100.50401,231,6959.471062
94.92052,201,6959.931671
102.219986,189,6960.64802
99.37258,194,6961.774892
99.987595,186,6962.074605
102.03409,224,6962.883867
89.33122,237,6965.997283
-974.3741,154,6968.504818
101.119225,199,6969.910669
95.19133,192,6971.979217
98.22165,214,6972.545895
102.47323,190,6972.983015
105.04594,183,6973.59689
-966.50916,162,6975.449127
103.88258,182,6979.321342
66.9956,295,6979.597357
-968.6663,140,6980.271393
93.58383,215,6982.575683
104.80844,181,6983.583574
105.81951,184,6984.372046
-983.55664,91,6985.3819
83.62458,222,6988.552665
75.009056,302,6990.096378
98.94232,191,6990.509667
-983.7209,117,6991.111533
91.293526,211,6991.37655
104.755714,182,6992.946307
-981.2416,127,6997.181847
95.61529,218,6997.74274
81.34761,287,6999.858182
95.23301,203,7001.80168
85.91411,246,7002.24688
99.79864,197,7002.375517
86.117744,224,7003.623365
97.24485,226,7005.672336
-989.55804,108,7005.994998
-981.50226,103,7008.212446
95.89324,194,7008.212446
98.43745,188,7008.44251
-984.9842,108,7012.229176
104.3178,182,7012.941759
-980.2269,100,7014.008841
102.5813,189,7016.495202
83.726814,262,7016.996542
83.203674,243,7018.003691
104.79209,181,7019.442688
97.44828,195,7020.104574
105.17639,181,7023.802576
98.81872,199,7026.126911
-969.95294,130,7026.230988
97.782684,203,7027.86253
101.54835,189,7030.187272
103.843346,190,7031.746255
102.730484,190,7033.380071
103.34218,210,7035.671418
96.853294,199,7039.469419
100.338844,193,7041.34367
-974.3331,125,7043.601412
94.96583,208,7044.446146
95.19379,233,7044.603529
103.402534,187,7046.978873
82.84968,222,7048.224056
106.35299,182,7056.110438
97.09207,220,7056.829069
71.94309,278,7057.971349
103.46313,186,7058.234944
99.611465,190,7059.579433
100.28428,207,7061.068662
97.291626,212,7063.684906
99.92978,223,7065.737453
102.771255,193,7070.501537
93.28133,216,7073.313381
100.12745,213,7074.381921
92.92834,218,7074.889419
105.52466,215,7075.684134
98.1771,197,7075.778109
99.24151,202,7078.437345
92.08439,235,7082.047123
-988.0427,99,7082.116285
96.227325,195,7086.943566
93.93284,199,7088.236035
97.511406,193,7088.369843
105.04721,181,7088.432741
75.915054,273,7090.353612
98.39826,204,7093.123574
-977.229,117,7097.417944
94.73403,208,7098.27315
-992.95654,102,7098.377781
-994.84076,77,7099.409549
86.69511,262,7102.47646
99.04343,199,7102.754437
97.52743,197,7103.945269
96.88875,210,7105.3509
103.252716,189,7111.333633
102.44728,189,7112.884451
98.967476,203,7112.982906
82.416595,236,7115.551927
98.36513,219,7117.47403
92.87456,209,7117.808221
94.640915,229,7118.214896
94.267685,202,7118.343617
-992.61505,122,7121.156424
105.07155,183,7124.454148
97.879364,220,7128.35355
93.56477,203,7132.155356
98.62711,204,7132.595018
-1000.105,124,7133.099428
74.771,260,7134.030189
100.00192,215,7134.267299
95.26735,198,7135.859585
90.886894,243,7136.259883
-988.991,83,7138.621217
-993.0795,109,7139.414264
104.684616,181,7140.512321
96.77361,191,7145.911144
95.94389,211,7146.222228
98.59521,195,7146.34629
96.070045,205,7148.576118
98.18795,212,7148.576118
-980.3792,169,7150.844032
101.7953,189,7150.995096
77.404625,269,7155.123774
-973.38916,169,7156.493541
94.29934,189,7157.438781
105.19897,184,7157.558981
104.41499,182,7159.80857
-975.2663,149,7160.033705
97.28971,191,7160.315639
91.923615,208,7163.426046
98.30815,199,7166.726668
96.58981,192,7167.597259
93.82227,216,7169.972717
94.79016,232,7170.764263
99.58138,201,7171.283782
99.13419,195,7171.461492
92.332405,205,7171.748883
83.148415,226,7176.280694
95.141266,222,7179.295622
104.39041,181,7181.657378
99.34895,186,7181.965534
94.82268,205,7183.018079
61.374317,266,7183.35721
86.2696,201,7183.754817
88.44405,259,7185.335212
100.10179,184,7187.542111
-982.5955,129,7189.983199
104.80302,184,7190.593419
93.29902,198,7193.868661
98.39124,189,7194.044304
97.451294,187,7194.747908
98.9148,202,7195.218857
90.9119,194,7196.752798
92.490944,210,7199.851547
-985.4625,93,7200.182254
-993.50775,110,7200.518162
94.46989,217,7202.675708
93.87281,244,7204.890831
99.524635,187,7206.145715
-972.01465,125,7207.800403
77.38236,241,7207.961513
79.27687,240,7297.960731
102.46195,190,7298.188047
101.75841,190,7298.569939
-978.3036,108,7302.231214
104.93649,181,7305.411223
-974.3326,153,7305.482897
92.283516,242,7305.545223
92.558685,209,7305.841815
-989.5631,111,7306.159511
106.270546,188,7312.096627
-998.11633,103,7313.221893
89.20292,226,7314.933791
98.702774,194,7316.113436
-968.3719,166,7317.974031
105.02695,181,7318.352729
100.47385,185,7319.134535
-965.7353,192,7319.257053
103.891594,182,7324.997441
92.731026,203,7325.293936
97.20498,185,7327.552407
90.39077,215,7331.443804
103.48636,187,7331.574289
97.176056,189,7332.57193
85.33318,221,7334.171473
99.08268,213,7334.722957
104.74048,186,7340.096299
97.50814,227,7343.285156
74.24501,265,7348.276851
105.286804,219,7348.623414
90.9251,212,7348.848753
89.96617,203,7349.766091
79.16372,254,7350.650797
79.67381,249,7352.529343
96.29467,189,7353.462124
-966.4864,152,7353.462124
-999.4345,143,7358.248074
98.423386,187,7360.918344
97.35249,187,7361.507213
-967.33765,192,7362.75865
95.33391,187,7363.250946
96.40312,193,7365.471262
98.42009,184,7366.037382
-978.187,109,7369.418183
89.63168,235,7370.429004
100.35051,197,7372.618211
-975.27515,161,7372.801526
103.90817,192,7377.418775
-989.70355,84,7378.565957
91.62997,211,7379.014453
105.41668,182,7379.198365
-977.3022,157,7380.608409
97.29457,201,7380.806762
-966.22577,138,7381.956733
97.112885,212,7384.408087
96.55104,188,7388.54477
-994.44934,79,7389.087294
-983.63763,146,7389.371261
97.96703,186,7390.014798
98.70565,196,7390.247123
95.59705,210,7391.634944
99.282326,205,7392.722729
98.552475,201,7393.790019
102.7033,188,7399.464879
96.81111,198,7400.533781
89.79127,211,7402.3243
99.24238,214,7402.769876
82.804016,234,7403.155076
95.73183,224,7404.857337
92.62714,226,7406.073107
96.957016,212,7406.367779
-977.06165,185,7410.391503
100.62874,195,7412.187775
104.04491,183,7413.526946
104.06155,181,7413.773027
97.20633,202,7414.312621
99.15796,191,7415.940819
98.262245,198,7417.861253
84.79856,229,7419.35389
-999.6522,78,7420.468733
-972.038,167,7423.328445
88.503456,234,7424.002829
93.77605,220,7426.906329
68.16839,239,7427.2527
79.18263,263,7427.321943
-998.3265,80,7428.583708
103.98243,182,7429.712876
103.00552,220,7430.409075
89.85224,209,7432.360896
96.8713,195,7434.467813
-993.65424,81,7434.960269
97.94161,200,7438.552614
105.94017,185,7438.972536
104.17619,183,7440.04207
95.07185,227,7440.108662
-983.1508,100,7440.108662
77.11974,250,7441.134389
102.72442,189,7445.909609
95.61882,237,7446.019047
-977.86505,159,7447.977283
-985.83484,130,7448.746953
96.765526,188,7450.01878
104.62383,182,7450.752437
-972.6878,123,7453.194284
93.45957,247,7454.625903
67.05854,284,7456.707394
98.60241,196,7457.381871
97.28217,190,7458.947059
90.60465,202,7460.336135
94.507645,202,7461.579238
93.36827,196,7461.981193
96.66164,213,7465.363716
-992.28357,121,7465.80511
98.08353,207,7466.395477
100.47426,188,7467.375404
98.127014,195,7468.466145
101.8901,211,7473.90622
90.4543,244,7474.542823
-975.8734,123,7474.596488
93.300766,222,7474.961197
99.35728,201,7477.609499
96.683685,212,7478.838542
87.90555,235,7479.118729
98.61659,192,7479.701711
103.16487,183,7485.141886
96.934685,201,7485.528963
101.85066,189,7485.528963
97.81462,186,7485.751527
-993.5069,120,7486.653216
98.51054,184,7488.287802
-975.2693,178,7489.422958
98.67765,199,7490.410436
-993.33,88,7495.61056
-975.7127,169,7497.130547
100.2398,209,7499.991808
92.04903,210,7500.073136
98.50883,206,7501.105131
105.4967,189,7505.045222
81.5263,280,7505.245443
88.741844,258,7507.680907
98.077675,187,7510.653221
93.72582,206,7513.479054
98.53036,186,7515.847383
96.38774,216,7516.946848
106.85355,216,7517.027146
-967.0139,175,7518.844623
91.899704,203,7521.043468
96.22338,218,7525.012361
92.20482,194,7526.004892
104.83087,182,7530.514175
102.156006,219,7530.98161
99.032,202,7533.549792
81.15061,218,7534.878834
99.746506,196,7534.878834
95.67185,228,7539.768501
101.148384,188,7541.562806
92.70739,208,7542.176934
-992.1172,96,7543.106678
95.862495,201,7547.56954
65.36351,213,7548.068991
74.10978,224,7553.367036
72.726875,263,7555.018849
-980.516,192,7555.284134
104.634605,186,7557.326316
98.98214,211,7558.82882
96.78147,202,7559.332772
-975.586,127,7565.126415
97.064804,235,7566.697113
81.702484,266,7568.480361
92.24525,245,7571.344355
97.67428,200,7571.533774
84.48351,248,7573.077063
84.13983,228,7574.846195
78.14939,247,7576.853717
99.97557,184,7578.926252
-967.56854,133,7580.193796
104.63569,183,7580.268938
92.09944,241,7581.477426
-975.7898,145,7583.026085
97.136826,201,7585.637366
105.47288,191,7588.467269
94.622154,194,7590.450578
87.21644,217,7594.888452
98.33528,197,7595.055969
98.748634,204,7595.397607
92.01968,221,7597.372782
96.6729,202,7599.858838
-972.047,155,7600.986162
81.524055,273,7602.29109
94.624756,206,7602.526391
-985.0085,138,7604.476626
-991.5261,102,7607.404523
93.2226,201,7607.814526
-987.5071,167,7610.816905
79.740685,253,7611.397346
93.0045,238,7613.744096
105.057205,183,7615.555799
100.99286,194,7616.012583
-977.0963,112,7619.184319
-992.3877,86,7619.24523
104.63731,185,7620.488056
96.241684,207,7621.43312
81.08259,264,7621.719325
99.83045,196,7623.457891
-976.7198,114,7625.688049
104.960495,186,7626.502379
-978.0935,105,7629.578322
81.00114,246,7629.638041
97.06639,209,7631.255811
104.80121,192,7631.655749
104.367424,184,7632.47449
96.207085,223,7634.35783
-995.00653,75,7636.830412
97.677315,196,7637.186145
-967.9388,150,7639.972118
101.24337,197,7641.055357
90.16701,257,7641.549743
98.39692,221,7642.530548
90.17089,223,7644.58272
104.25281,183,7645.090065
93.013405,194,7648.260208
-985.4726,98,7648.464869
101.62647,193,7651.564685
93.339935,249,7652.040781
88.5657,197,7652.994703
-995.02454,83,7653.505722
105.030594,189,7655.997097
73.344864,268,7657.511467
99.43672,242,7659.465694
99.91184,200,7660.126841
-977.9664,134,7660.66031
95.175896,203,7663.743211
95.37435,213,7663.861874
98.867065,196,7664.732569
95.68692,191,7666.891312
98.52696,198,7668.867318
104.7541,186,7670.081067
96.8494,195,7671.167569
99.93442,189,7674.553269
77.699135,254,7675.037402
102.24278,208,7675.470203
96.63513,233,7677.871807
98.62308,201,7678.255995
97.91967,203,7680.387643
95.747665,190,7680.983977
103.57112,192,7682.263812
97.49264,199,7686.299089
96.25918,192,7686.886533
-961.9069,145,7686.993556
96.70878,207,7687.274768
104.72785,188,7691.885892
96.560974,198,7691.951153
83.80642,250,7692.458701
104.51981,190,7693.245041
90.087776,202,7697.837759
102.378975,194,7697.985913
103.99734,192,7698.290506
85.22889,257,7701.946821
96.588104,197,7703.487177
99.83973,199,7703.648342
94.46954,192,7703.76245
94.253494,204,7705.142474
104.305786,186,7803.002919
91.390854,197,7803.524369
96.82186,190,7803.524369
98.1838,200,7808.41455
-966.6366,156,7809.710124
101.11805,197,7810.342961
95.27425,203,7810.944813
-996.1969,71,7814.556675
78.71374,278,7815.287576
95.751045,198,7816.426727
96.72526,201,7816.614544
80.310646,263,7819.784233
104.433945,187,7819.955679
95.998055,207,7822.193276
102.01446,204,7823.28009
-986.3542,143,7823.99
104.69038,185,7825.869564
-984.13654,91,7828.712348
105.703735,205,7829.173911
88.79688,216,7829.790982
97.72171,189,7831.955008
-989.2768,139,7833.544078
96.75771,204,7836.252912
82.123566,264,7838.043708
-975.0113,123,7838.699931
104.24792,187,7839.263401
-985.40106,90,7842.356914
97.628006,196,7843.42678
101.39719,196,7844.230606
104.75152,188,7846.713658
94.13578,233,7848.934326
-970.73914,141,7851.799966
97.366295,197,7851.799966
101.712585,193,7852.104129
97.81505,221,7853.000128
95.90566,198,7856.215091
94.30389,213,7857.758846
102.54038,193,7858.872846
98.6191,186,7859.980101
104.07337,188,7863.109308
92.46416,204,7864.072178
93.99394,220,7865.98216
86.4569,235,7866.203418
105.66724,187,7867.099146
-980.77185,185,7869.750558
93.61371,212,7870.248916
93.91197,246,7874.543302
96.61933,201,7875.839795
85.83302,256,7878.088005
101.4205,209,7879.421833
69.81296,236,7879.836661
105.103386,182,7880.517217
83.3175,245,7880.631765
91.37396,205,7882.261126
-967.17084,139,7882.650526
-972.1007,160,7885.149305
-993.48456,128,7887.902683
90.47038,200,7889.729681
96.04761,189,7891.359565
97.35355,215,7891.898646
94.17781,200,7894.307291
91.5697,200,7897.054784
72.87974,261,7897.678692
-982.2687,103,7897.678692
74.4608,304,7897.768618
104.86796,191,7899.464943
105.05121,186,7901.023811
-980.0382,177,7902.632174
101.15204,194,7905.94173
103.321335,186,7908.67532
100.01741,200,7908.898562
-965.0304,143,7909.35959
98.51145,218,7910.535109
97.418884,193,7910.763681
89.89613,243,7911.94444
90.734634,232,7916.199752
-977.14325,111,7917.145454
103.41686,205,7918.113203
-976.8489,147,7919.562969
93.491585,200,7920.811928
101.37413,210,7921.203065
105.87316,190,7923.351598
77.80874,266,7925.097298
96.43275,196,7927.722373
94.158585,200,7928.771894
95.51,196,7929.443331
101.529526,189,7930.558463
-978.56036,123,7932.148145
82.562,229,7934.129488
103.60325,187,7934.183378
90.727806,227,7934.466065
-969.1064,202,7939.561728
101.488495,193,7940.202766
-985.16394,165,7940.265363
96.931496,190,7940.836305
-979.5399,163,7943.957626
96.61054,213,7944.89112
97.22335,191,7945.7225
101.47656,206,7946.272072
-988.1556,115,7946.991894
-971.23804,128,7947.813969
91.90043,208,7952.034021
96.815125,198,7952.56162
105.601204,183,7956.37526
98.614456,202,7956.542318
97.19311,190,7958.201165
97.28994,193,7959.292459
99.34343,204,7961.191696
93.00947,203,7962.1423
-994.8045,76,7965.058021
97.76471,189,7966.176768
102.021095,191,7967.138165
99.05656,195,7973.397832
-991.3786,103,7975.078056
91.48843,251,7976.037133
74.66906,265,7976.985366
-984.7767,212,7977.432687
100.23371,212,7978.432218
96.454124,205,7981.040524
91.54399,197,7981.573611
-995.93884,70,7983.991343
98.400696,186,7987.984755
-971.9333,170,7989.555472
-966.68896,195,7990.422363
103.2756,191,7992.074201
91.897316,217,7994.66299
100.97244,200,7997.641948
91.96805,220,7998.675538
97.10906,208,8000.716829
103.69012,186,8002.944406
97.600716,214,8006.524198
-964.2739,203,8006.62235
103.72794,189,8007.191015
101.59291,187,8009.532842
98.809814,199,8013.665242
93.24487,211,8017.135625
86.743355,252,8018.277534
79.28866,240,8021.40517
-973.24347,163,8022.173584
96.27301,216,8023.45057
-987.286,97,8024.55541
86.87058,237,8025.317604
73.87486,280,8027.927171
96.50962,200,8028.167377
-977.28577,109,8032.237908
99.67505,199,8032.937692
97.26876,205,8036.250949
99.69774,203,8039.647872
84.27576,252,8039.921203
81.04071,256,8041.315089
90.77497,201,8041.958693
-975.1129,144,8042.962602
105.039825,188,8044.999268
89.66612,255,8045.627505
-990.5983,79,8046.811849
98.76546,216,8050.875202
-981.495,160,8052.46056
99.3784,204,8054.219338
98.70588,229,8056.680907
97.204094,195,8057.363232
-982.01154,165,8057.805107
-973.1766,124,8061.023464
93.00357,206,8061.740771
91.18847,205,8062.94069
104.50854,187,8067.839306
101.85344,211,8068.095547
98.39243,202,8072.155252
97.82548,227,8073.584069
99.39122,188,8075.136036
98.77692,198,8075.196966
67.391624,270,8076.794585
-995.11957,100,8078.813597
-969.3327,164,8080.064842
92.59587,245,8080.367653
97.97204,229,8084.919339
-993.387,148,8085.859892
-981.61145,97,8087.547296
-987.10767,117,8087.547296
-977.0022,148,8087.912575
99.22694,209,8088.250045
97.30212,199,8089.163161
104.832436,183,8093.368581
-973.0196,145,8097.731416
97.800964,212,8099.312666
-978.2433,105,8100.160468
105.02718,221,8100.659628
104.910645,188,8100.71827
93.71187,200,8102.31461
74.24873,246,8103.781543
-992.3757,100,8106.033665
75.98868,305,8107.099583
97.85945,194,8109.198632
91.33315,209,8111.506063
101.867676,191,8111.902534
94.69023,221,8113.514261
105.167046,192,8113.514261
-968.17126,157,8116.151476
100.90639,215,8116.317586
104.189316,188,8116.89409
-960.67035,159,8118.221344
-972.3019,164,8122.939572
97.00448,203,8123.103689
-975.14465,171,8123.325475
97.83442,201,8123.402827
-973.20215,118,8125.245501
101.677216,193,8127.706836
101.64903,200,8127.936987
-982.01874,99,8129.403333
98.35246,217,8129.64311
101.50788,191,8134.31736
103.35531,196,8134.809522
89.56519,209,8135.177794
-977.9022,114,8135.842756
104.0307,187,8135.906753
-974.5623,177,8137.695231
100.71947,207,8141.353577
87.96266,241,8141.596124
-975.40656,114,8142.371183
100.95479,184,8144.903124
90.906044,208,8147.161629
106.65212,224,8147.724418
95.63593,209,8147.949266
97.71714,236,8151.313825
96.48561,185,8152.334635
105.60287,192,8152.502967
97.43176,198,8153.797758
104.26833,190,8155.872366
104.96866,190,8158.097885
100.828354,194,8158.880882
92.97605,193,8159.069645
95.881226,188,8162.184718
-991.36383,122,8162.887726
-1002.22046,89,8163.243299
98.059456,202,8165.507483
96.722374,229,8165.568548
92.56814,232,8165.91055
105.75348,190,8169.876181
104.37027,190,8170.084848
-966.7731,140,8173.967153
96.96926,191,8174.299675
-975.15063,211,8174.42802
91.30483,214,8175.398181
104.872826,186,8176.510211
-973.4727,128,8177.742598
87.48871,256,8180.624125
-982.42896,114,8181.349
-963.4251,148,8183.237441
85.24877,242,8184.380002
-971.5707,138,8184.856188
101.137054,194,8185.841786
97.26297,196,8187.313555
81.01636,238,8191.981284
99.35969,220,8193.689117
-986.93646,142,8194.094021
96.66757,191,8195.919163
79.975494,250,8196.633854
98.206764,236,8198.050779
91.12464,223,8199.013626
98.78854,213,8201.216577
-976.3443,115,8202.759274
103.41285,189,8205.605865
96.72799,189,8310.924235
87.93005,229,8312.27221
94.99963,241,8313.937555
96.0952,218,8314.433411
65.39027,293,8314.676192
-977.08203,182,8315.496917
83.28331,269,8319.467463
94.509125,216,8319.665864
-977.9509,108,8321.703831
93.20982,199,8325.446592
105.02354,189,8327.627627
88.586426,199,8327.796868
-977.4591,107,8329.279798
90.97448,231,8330.832448
68.15114,284,8331.486218
96.95314,184,8332.085712
103.66038,186,8332.567556
-998.8541,84,8334.767969
97.75267,195,8337.936001
-992.20544,108,8338.576568
96.04808,198,8340.151234
91.210144,218,8341.184324
104.43384,189,8344.178863
92.73195,204,8344.734982
75.0691,239,8345.602941
94.798515,212,8347.495744
-986.3114,168,8347.917978
-986.62213,136,8348.216412
103.55475,187,8349.671289
-978.10223,117,8351.071224
87.750465,238,8355.101124
-968.64526,137,8355.856994
102.21266,215,8357.378984
99.329185,201,8357.438707
98.71884,208,8359.547964
93.004585,213,8360.56317
97.72966,195,8362.603573
83.446915,242,8363.909206
-978.3181,112,8364.152165
94.76246,207,8367.948946
99.89145,185,8368.174606
90.56186,241,8369.109133
100.15885,197,8371.013841
103.740135,189,8371.516634
-974.0126,115,8374.693577
89.49273,226,8375.452835
100.36288,216,8376.394564
97.238785,234,8377.282785
-993.95197,71,8378.858393
-987.1773,82,8380.194777
82.65198,240,8382.228345
103.64197,188,8382.537767
89.35089,250,8384.289258
96.265434,209,8384.346644
-979.9326,105,8387.005092
96.85724,187,8388.770116
89.50775,203,8388.883162
93.07929,208,8391.644662
-974.5576,157,8391.71977
-980.5995,172,8392.47945
99.873,185,8395.255881
100.91371,221,8397.236834
105.48559,222,8400.149818
104.06527,192,8400.151823
81.21979,235,8402.84569
101.45857,190,8403.031028
95.41499,208,8404.048175
94.622314,212,8405.114413
103.82237,187,8406.285857
97.63286,194,8408.715417
-980.7585,98,8408.807553
-993.934,74,8410.583985
103.79818,190,8411.326113
93.51785,214,8412.742462
98.2987,199,8415.655044
83.95181,225,8416.001798
104.85618,195,8416.515898
89.29861,228,8422.109059
92.85945,209,8422.942289
96.98205,198,8423.124068
80.75288,246,8423.359409
99.74295,218,8425.601544
98.892876,192,8426.946817
97.11137,195,8427.456913
101.32445,195,8427.904177
-982.29114,96,8431.0882
-961.2451,159,8432.111357
95.038765,215,8434.622808
99.570145,196,8434.622808
92.698265,200,8434.622808
-966.99744,174,8437.589682
-969.2043,189,8437.99879
101.149666,208,8440.611229
97.5662,201,8444.181557
-986.9282,91,8444.791837
99.92927,202,8445.542935
94.92797,191,8448.189578
97.82966,195,8448.495844
95.532486,196,8448.599678
100.8604,193,8452.266514
104.446365,190,8455.307777
-975.49335,154,8456.226085
92.416824,197,8460.385192
96.98688,194,8461.0495
94.22958,209,8464.800667
91.79915,207,8465.03312
78.417274,213,8465.48786
-975.5644,116,8465.722448
-972.60315,198,8468.127558
-995.44995,71,8470.646267
-980.9683,132,8471.17209
95.406784,196,8471.334126
93.2525,198,8478.08492
-977.3883,160,8480.00185
-981.59485,142,8480.939557
96.76508,189,8482.101032
104.83876,197,8482.339048
101.22461,193,8487.680162
103.006676,204,8488.140486
101.11847,207,8488.955667
-982.0376,100,8489.810144
96.85368,193,8493.572972
97.09597,196,8495.372916
102.85691,187,8495.739453
-992.02844,76,8502.066088
85.79484,251,8502.391185
101.98008,191,8503.120866
104.95832,190,8503.370638
98.505455,190,8504.103112
104.10741,189,8504.908139
-962.5978,162,8508.556544
105.39132,187,8508.745531
-970.1107,149,8515.003295
94.91705,198,8517.623965
104.55925,189,8517.810888
80.95579,257,8523.276659
96.95361,238,8524.109562
87.222466,247,8525.540163
-968.28284,130,8526.346354
98.015396,218,8526.544387
78.176926,244,8528.504703
-984.429,95,8531.995966
91.84216,203,8533.466352
-967.0167,149,8533.523366
89.95436,208,8533.817205
105.381966,187,8536.928749
104.23681,192,8539.397836
-983.89355,94,8539.928992
88.286865,215,8542.579672
78.84687,259,8543.393424
79.07379,222,8546.298589
93.66911,205,8547.203029
104.4288,226,8548.179784
100.711075,209,8550.363165
-971.8782,136,8551.43293
94.28457,199,8552.886142
-982.204,100,8553.148327
79.910355,240,8555.315582
-970.1778,130,8556.215333
95.37969,225,8558.498136
96.29336,195,8561.547074
94.54713,205,8564.07963
-972.4585,196,8564.538194
98.8102,196,8565.82172
99.87162,208,8566.818324
99.94609,185,8567.233638
95.93353,208,8569.952313
105.30715,190,8571.156594
-975.89355,145,8574.359061
98.42895,198,8574.582496
-976.60297,111,8578.134363
96.78107,227,8578.914841
101.74087,213,8579.684523
93.532555,211,8580.481413
104.47309,189,8581.701996
73.45126,287,8585.341478
96.72281,187,8585.509374
79.9063,222,8587.769732
104.317696,211,8590.472776
97.65154,197,8591.144603
98.390976,212,8591.267051
100.52079,208,8592.621182
98.572105,185,8596.421447
97.46557,190,8596.538185
81.55743,270,8597.620093
102.94485,189,8598.83113
-969.2338,151,8599.338985
-970.2264,146,8601.303966
-972.29626,176,8601.726079
96.9803,198,8602.936051
104.5435,187,8611.122791
81.40492,220,8612.019047
91.716354,248,8612.767156
66.37602,255,8613.794201
89.20417,224,8615.349717
95.38378,213,8616.966577
92.4164,209,8617.18968
99.56937,210,8618.771457
-972.0625,121,8626.185812
96.94819,194,8628.012064
99.9762,208,8628.557362
86.1996,243,8630.254661
99.044815,211,8631.294199
103.10755,186,8632.87845
59.870106,284,8635.876721
90.46743,242,8635.968854
-980.65753,109,8637.389662
90.87025,223,8644.192823
95.7302,228,8646.311335
99.729774,211,8647.272032
96.15513,199,8648.83931
101.11617,191,8650.76161
92.934425,255,8651.517964
97.43551,206,8651.944139
85.58795,221,8654.263529
97.73615,205,8658.911211
97.50398,186,8659.625055
106.283646,183,8660.419674
104.76401,190,8664.818524
101.94995,190,8665.728924
90.40705,246,8667.617799
-968.3972,179,8668.140278
91.70583,234,8670.266901
-992.9918,87,8676.163786
-985.15466,136,8677.398981
94.71786,214,8678.41222
93.87157,229,8678.798701
87.930824,209,8678.876949
-995.8749,90,8685.351289
97.30923,202,8685.970136
102.13901,189,8687.832756
89.641426,247,8689.071595
98.606865,196,8695.533725
101.79784,189,8696.957103
95.58798,197,8698.006201
-991.62036,107,8698.511466
87.11726,225,8700.071987
96.97755,186,8702.488434
97.408844,196,8705.653384
80.54938,264,8708.924399
98.14154,186,8709.520349
102.473045,192,8712.027283
94.41088,251,8715.059283
82.55165,244,8715.866512
102.89338,188,8715.866512
89.78533,225,8716.142123
-968.5573,175,8718.125029
-977.00903,119,8720.384964
94.42075,191,8722.182553
103.61999,189,8722.613426
-974.52985,139,8724.753979
103.772354,186,8728.76899
104.1404,190,8729.051934
-970.10736,139,8729.815845
97.04128,205,8732.196066
88.391525,229,8732.196066
-995.433,69,8734.301013
99.82253,187,8737.059347
97.80788,222,8737.197701
87.91541,255,8739.157758
100.84614,190,8832.310972
94.02797,195,8832.369678
-982.1307,192,8837.251939
97.04887,230,8837.360239
84.22337,236,8837.708903
90.407555,201,8840.275798
-971.5143,142,8840.771657
104.801506,192,8841.401075
105.741,189,8843.521505
69.95145,258,8843.815465
-987.9727,125,8844.710067
-991.98267,80,8848.542441
74.59961,206,8849.260801
89.07461,220,8850.50683
-978.16016,138,8852.71422
103.19301,220,8853.218208
102.458015,215,8853.398845
92.64795,212,8853.845361
102.93531,190,8854.576916
104.70578,186,8859.220676
-973.36975,161,8859.847209
103.78011,189,8860.188411
97.467896,198,8864.810915
96.88963,201,8865.148721
98.81889,200,8865.536446
64.52907,277,8868.814202
79.07806,252,8869.337555
92.45421,203,8871.212814
86.22689,220,8872.764365
98.2121,215,8872.817852
97.14135,198,8876.253891
105.771194,192,8876.253891
93.091965,228,8878.766032
-972.36755,125,8879.978292
99.95362,188,8880.154897
103.71951,188,8882.11552
79.663956,246,8883.161524
102.73228,188,8883.803104
-981.91864,127,8887.722513
93.91945,213,8888.930806
-970.2206,149,8889.211567
82.86112,238,8890.369093
92.5445,205,8890.971209
99.149414,184,8892.998855
97.81114,195,8895.200686
90.28867,207,8895.379551
-977.04553,124,8898.301846
-967.12744,181,8898.360403
95.85774,186,8900.039512
97.19625,198,8900.4951
93.78396,211,8902.717169
-971.63696,188,8904.172935
-972.10474,179,8908.803616
94.788414,230,8909.055003
102.78362,187,8909.352227
82.450096,240,8909.486243
103.71639,203,8912.115045
92.27422,203,8912.606912
-992.37775,77,8913.464272
102.375336,187,8915.47732
94.0482,229,8916.682041
-980.1247,102,8918.659361
-960.54596,174,8920.004985
92.453674,224,8924.138022
82.92156,236,8924.843894
81.53527,221,8928.682534
81.03172,250,8929.765826
102.43831,189,8932.301195
-968.4481,181,8933.32184
77.21489,263,8934.218916
82.83286,252,8934.839275
-985.4221,143,8939.944474
96.29284,220,8940.849962
-972.3329,136,8943.208103
87.88463,247,8944.211657
-968.2432,150,8946.113953
93.6203,204,8946.811968
101.28836,191,8950.756369
96.08809,216,8953.386539
-963.447,155,8953.475776
98.08428,197,8957.874196
96.46187,198,8960.949925
91.89201,219,8961.867743
-966.74457,190,8962.307787
94.30398,230,8964.960784
103.96138,190,8965.873997
104.128525,189,8968.498811
102.35012,185,8972.723117
75.79146,283,8975.929671
95.06073,196,8977.213418
-961.2173,155,8978.004241
95.92009,186,8979.292757
79.30848,239,8979.600028
98.78338,239,8981.09027
-989.10345,89,8983.399988
87.43182,199,8984.656779
71.93576,245,8991.354394
97.31784,194,8991.897626
98.35383,200,8993.972343
100.2691,194,8994.82092
86.03911,240,8995.230533
105.10805,191,8995.88876
96.48926,193,8997.247687
80.39334,264,8998.264619
-992.21606,75,9000.041784
95.93798,186,9003.125069
98.61253,205,9004.837256
102.220314,213,9007.44579
95.92408,190,9008.111552
93.68894,209,9008.180806
101.65322,190,9009.475316
101.956505,190,9010.739048
-972.30884,122,9011.237077
102.885826,196,9013.345772
-973.81915,114,9015.981287
-996.5251,71,9016.139989
101.97085,188,9018.506236
-969.03107,145,9022.924927
103.80693,189,9023.122924
96.24536,201,9024.065189
93.26205,193,9024.793512
103.6739,190,9031.69013
104.05134,190,9031.885851
-972.03625,126,9033.196716
89.256874,249,9033.54591
97.15636,194,9034.474228
103.58981,188,9037.626373
97.705025,190,9038.347048
96.72591,186,9038.735116
-989.05316,84,9043.571445
-986.4301,174,9044.323477
103.51831,190,9045.358345
96.19428,200,9046.979689
96.58661,200,9047.315086
98.77847,214,9048.800202
99.58769,204,9053.358616
95.07088,223,9054.353757
98.12917,199,9057.852046
102.64829,186,9057.921199
90.03089,220,9058.61598
-969.6826,160,9059.994395
98.60706,195,9060.689739
98.89246,201,9060.690749
-996.4548,74,9064.536855
101.69827,215,9066.788706
94.094315,210,9067.188578
103.9541,192,9069.505225
97.05828,191,9069.510525
97.15913,198,9070.587826
94.818665,189,9071.876097
90.953476,205,9072.819239
100.56485,212,9076.91601
99.8675,208,9079.456614
92.73332,216,9079.519342
96.18708,200,9081.241066
92.1668,201,9081.331313
-985.4444,168,9082.781439
100.15352,210,9084.24951
-994.94086,67,9085.078088
91.10089,256,9085.56628
-974.6017,119,9086.513475
96.58532,188,9088.128132
-997.7204,75,9088.77747
96.57935,197,9091.197182
-980.4669,98,9091.49512
93.949936,216,9094.065722
91.88896,200,9094.612557
-975.5581,116,9094.992809
103.75749,199,9096.964917
87.31401,221,9099.805
95.94053,186,9099.923968
-973.26996,118,9102.201913
98.34785,197,9103.07241
102.29757,214,9104.390987
101.51451,188,9105.975459
104.62201,210,9106.707659
-995.4695,71,9110.291687
95.61884,224,9110.631567
103.93458,189,9111.270479
103.47586,189,9111.32839
-996.1195,129,9112.174353
103.79324,186,9114.290035
90.75952,211,9114.995269
-966.4581,139,9118.846254
-970.7044,131,9119.008961
96.684654,210,9119.274889
96.12941,202,9122.053793
104.208916,191,9123.274904
92.03402,215,9123.931948
97.18835,184,9125.929183
-974.502,119,9126.068188
97.2674,197,9126.068188
103.59168,188,9130.459853
-978.1457,126,9131.852281
94.47857,212,9132.262918
95.0754,225,9137.312927
83.340935,246,9137.371253
103.22133,190,9137.551498
103.37222,190,9137.697948
95.96116,195,9137.988236
103.77079,187,9141.694982
-970.7378,123,9144.582869
-975.2993,125,9144.994607
93.87922,225,9145.426035
-963.51965,138,9145.591145
83.51699,260,9147.926383
102.90336,187,9148.939112
103.194626,189,9149.384144
96.10718,208,9154.834967
100.84516,196,9157.296926
103.31299,191,9157.386284
103.138626,186,9157.530805
101.05817,217,9160.062195
103.93563,192,9162.291538
96.98154,225,9163.690823
96.58914,220,9165.132119
-976.035,133,9167.542311
94.82771,193,9169.456066
-978.9834,112,9171.130161
97.54078,199,9172.822899
99.137,202,9173.232777
103.47606,191,9175.136438
-978.6295,111,9176.436729
99.191185,207,9180.294135
95.74169,208,9181.891325
-972.4281,152,9185.316695
-965.454,149,9185.489132
98.15015,204,9187.808191
90.86599,230,9188.217476
103.277435,191,9190.748701
96.52692,193,9192.341693
-992.75214,96,9193.369195
-981.66064,126,9195.539107
99.49771,199,9197.901746
-975.38403,131,9198.386931
82.50226,241,9199.688331
-988.65314,83,9199.85228
97.534874,197,9204.159312
-972.15796,130,9208.281293
91.42495,230,9209.395088
89.75063,214,9209.61607
101.00835,192,9211.179414
-979.7814,116,9213.419499
94.182106,205,9214.898661
89.79671,197,9215.708551
94.70003,208,9216.934803
-966.0395,169,9222.052358
103.53976,197,9224.613455
96.85539,199,9224.836278
105.17214,198,9225.868576
103.8099,190,9227.570857
104.08677,191,9228.707862
102.42307,191,9229.259896
100.04894,196,9230.264466
-986.37415,128,9233.099012
-970.69257,129,9234.383064
94.503624,203,9235.473334
93.25221,210,9239.253052
92.71564,202,9244.071719
99.006836,212,9244.071719
73.52824,247,9245.335673
95.58843,228,9247.802898
97.111435,210,9249.169578
96.97448,185,9249.60789
96.01031,220,9251.021895
95.67105,192,9253.309277
-988.39966,146,9334.257128
101.330025,193,9336.110137
102.76743,213,9337.177153
94.8779,199,9338.765194
102.7601,190,9339.613784
92.14812,200,9340.529774
-991.1874,79,9341.502832
95.69177,215,9342.50837
-995.06335,72,9343.514727
-987.9503,87,9343.582259
87.65033,223,9344.716887
97.39993,195,9345.076607
97.5712,197,9346.968162
-973.45624,118,9347.092458
-993.2333,74,9351.289918
87.57163,196,9352.424044
-979.5452,183,9353.750849
90.92854,202,9353.804118
92.21123,223,9355.983798
102.25706,215,9356.987395
103.2827,192,9357.524558
-993.0371,76,9360.21412
69.841484,287,9360.762382
-968.6879,134,9361.255316
90.5619,206,9362.821727
96.616264,184,9362.821727
101.526764,188,9364.422848
-962.414,148,9365.526477
-970.1963,145,9365.943468
89.13097,198,9371.726715
96.97642,184,9371.887171
96.88551,186,9373.448405
85.23473,224,9373.68153
92.94121,214,9376.623017
102.836754,190,9376.739743
81.54606,252,9377.104614
99.064545,212,9377.525658
-975.8647,132,9380.70347
98.45345,186,9382.246717
101.793015,210,9383.406563
-995.4529,73,9386.168129
80.95484,253,9387.451604
95.68511,211,9388.187844
105.463776,196,9388.187844
92.21799,208,9388.434501
100.60886,217,9388.434501
103.463615,192,9391.549627
-991.9233,75,9391.939419
102.5232,187,9394.176122
-976.51495,112,9395.238951
87.01632,214,9400.844185
86.965675,226,9401.729681
98.79786,190,9402.495229
48.346382,298,9403.286649
85.695496,229,9405.016488
92.012436,200,9405.34444
100.44498,213,9407.079454
-992.0077,323,9407.206331
102.02493,185,9412.803837
-982.83746,135,9412.916187
101.57628,209,9413.420883
90.59639,234,9413.89752
96.64784,206,9414.816126
102.74329,187,9415.4428
102.57636,191,9417.808781
92.92024,205,9418.797537
-995.84705,83,9420.016763
-981.0949,168,9424.701932
101.78939,191,9424.94402
102.914215,190,9425.547462
93.510574,208,9426.263025
96.164764,225,9430.824687
106.132675,195,9431.448127
94.65249,198,9432.258207
-979.6525,124,9433.098011
-974.16394,121,9433.178891
87.0254,237,9436.175343
-972.72076,142,9440.652981
99.84185,223,9442.037325
83.18144,241,9442.703922
98.14854,196,9446.344974
100.31686,224,9447.425186
93.43061,214,9447.59613
89.18189,249,9448.0168
95.73412,198,9449.533097
-969.31323,149,9452.035051
-995.46606,69,9452.31737
102.88927,191,9453.213763
-978.69574,106,9453.879659
99.47428,194,9454.806969
-964.00916,157,9458.730881
-979.6354,103,9460.090294
91.30786,221,9464.300064
97.208374,185,9465.900528
-980.8662,98,9467.12701
78.4135,260,9468.502208
92.11056,209,9469.170451
96.76577,201,9469.514789
72.66834,254,9471.904535
-976.8152,112,9472.390883
-985.1556,89,9473.734066
95.47741,206,9473.884543
-994.4642,70,9476.895677
101.54083,214,9481.661069
100.740875,192,9483.419498
88.3583,199,9484.114595
-978.9829,104,9484.695568
91.99853,222,9484.822509
102.60649,186,9485.947392
102.44174,188,9487.64975
94.423546,200,9488.493882
-974.63983,121,9492.243229
-977.60803,107,9492.662354
-990.56323,89,9493.934042
-989.0067,85,9494.290684
98.44295,185,9497.553703
87.58795,207,9498.484343
67.27988,267,9499.78249
-984.3594,116,9499.962276
97.721054,217,9500.558124
103.71976,193,9504.042064
96.36793,185,9505.571439
-979.0255,112,9506.605526
88.50454,207,9506.717783
-967.02155,145,9507.2562
-997.3265,72,9509.99357
79.9515,242,9512.13848
103.24095,195,9512.32184
-976.4835,109,9513.499229
90.36511,241,9515.068645
88.79083,223,9518.88868
94.12413,199,9521.042557
-983.5187,104,9521.376113
103.84035,192,9523.965576
77.98289,267,9525.013987
102.07265,190,9526.704701
96.41501,212,9528.064853
91.288246,213,9531.084791
-981.83154,96,9532.568595
98.68599,203,9534.300758
104.4704,194,9535.444802
98.10102,199,9536.126543
94.274536,212,9538.790782
101.1706,189,9539.478908
92.39063,208,9541.551961
-988.23694,119,9542.112476
103.9398,194,9542.956229
-978.82465,178,9543.066136
96.039635,228,9547.374153
92.717545,205,9547.635126
96.58649,202,9550.279607
-968.2609,153,9550.382434
100.59678,195,9550.606027
102.2811,217,9554.517138
97.95475,202,9554.574774
-989.8412,80,9554.777595
97.78149,206,9554.953053
-967.41626,140,9555.673625
-992.5635,110,9556.849205
102.02399,208,9559.423367
97.942955,203,9562.025604
-967.3291,148,9565.292711
96.93215,189,9565.809566
98.56283,201,9566.338565
92.58909,208,9566.555382
89.814674,228,9567.699068
-980.0668,100,9567.761511
91.96193,213,9567.922307
102.647255,187,9570.133317
-991.49023,75,9570.662708
-995.4264,68,9571.523095
-965.3783,154,9575.254581
102.88194,186,9575.942966
-976.89636,110,9576.346001
86.372856,221,9578.342499
96.254196,202,9579.095714
98.88075,206,9579.569166
102.88816,191,9583.034169
99.16351,212,9583.314324
-968.1128,132,9583.481751
-975.29065,130,9587.156753
101.58807,189,9587.587762
88.15724,197,9587.702319
93.976204,208,9590.878483
-975.0658,144,9591.469629
93.022514,199,9591.523332
101.080635,190,9593.615422
101.65259,189,9593.999436
-977.3321,109,9597.348291
102.23851,192,9597.777365
-965.35693,140,9598.465364
102.18214,194,9598.465364
88.21599,208,9599.171146
101.69943,191,9601.894267
-963.5691,149,9602.16508
-992.2718,76,9603.255312
102.544495,191,9604.073249
-985.91394,92,9607.367865
97.75744,197,9609.578454
98.774345,218,9609.664161
96.34211,218,9610.152273
97.11524,214,9610.614786
93.26217,209,9613.875647
103.198235,190,9614.202375
-986.39056,97,9615.137423
101.528824,209,9616.185494
97.292534,216,9619.880687
97.07785,184,9621.207719
99.8211,195,9621.391385
96.407936,204,9621.391385
102.90857,187,9624.756437
96.92796,189,9626.256607
100.12727,208,9626.371385
101.341644,189,9627.278187
-981.2011,110,9627.677525
-971.9889,125,9631.771265
93.39708,211,9633.366017
-973.0887,125,9634.482132
80.290955,267,9635.04485
80.98558,275,9636.779673
106.24005,196,9637.024937
86.240685,219,9638.503579
81.0143,250,9641.210294
101.79374,188,9642.461514
-983.30176,147,9642.981072
96.6342,198,9644.693333
-964.6798,162,9646.608899
94.34974,227,9648.830074
-972.29663,204,9649.780901
102.933685,220,9652.547258
101.95265,188,9655.684037
97.81357,227,9656.376543
97.68641,215,9657.092669
100.53873,207,9659.432292
-977.18274,170,9662.265682
97.153244,222,9662.75383
-988.3739,98,9663.831103
100.46493,225,9665.250421
95.28399,201,9667.35997
103.708565,188,9669.629839
103.2339,194,9671.468849
-963.04895,150,9676.168596
101.47905,195,9676.476271
85.49935,245,9677.494722
98.69496,206,9677.767138
96.44065,204,9678.896979
-969.5186,146,9680.560941
-994.20715,69,9681.683259
-981.3782,100,9685.31881
87.09786,240,9685.31881
-981.28217,97,9686.108366
-975.7361,122,9686.771154
100.052574,217,9687.749745
-971.4321,135,9690.441405
95.615974,210,9691.618494
-975.88696,109,9693.142115
101.339294,196,9695.959124
-982.67175,96,9697.266781
-971.7405,199,9700.354318
96.53207,218,9701.009638
95.81152,203,9701.291455
101.36188,193,9701.656377
-970.4984,140,9707.745862
93.44672,230,9708.591486
103.91426,195,9710.33569
-970.5358,130,9710.690157
80.21166,258,9712.081029
-974.2385,147,9712.348697
104.43061,195,9714.852315
103.98123,206,9716.510064
94.26519,202,9722.849
-970.983,137,9722.849
93.81831,219,9724.508335
94.327034,220,9726.023307
-965.0807,161,9726.216122
94.41826,218,9726.216122
90.63614,216,9727.435607
-970.44714,178,9728.957631
-995.4767,72,9809.4905
-962.6812,149,9810.030195
-968.914,130,9810.495037
103.400085,196,9811.206859
92.026566,208,9811.926543
96.1141,187,9814.145025
87.44829,211,9816.367342
86.76227,235,9816.732609
-977.70514,130,9817.558716
-973.9394,138,9819.75953
99.659744,178,9819.75953
87.13987,188,9821.240845
99.83253,212,9823.275037
83.23999,211,9825.694854
99.79601,179,9826.235761
92.4431,180,9827.574231
-967.89136,149,9827.969067
92.994774,211,9828.462075
71.69596,247,9833.847266
88.245384,236,9834.777028
85.03146,203,9834.93742
-970.31146,165,9835.441132
-977.75635,120,9835.605498
-969.401,164,9837.352648
92.04892,195,9837.808715
-995.59863,74,9838.320726
92.02678,182,9838.86834
-991.5032,85,9840.071426
-988.3154,90,9840.820908
-988.34564,91,9843.36333
-970.7248,136,9844.987191
71.22159,218,9847.048252
83.757835,223,9848.221344
-981.2022,89,9848.279574
93.84445,203,9849.211502
100.93055,192,9850.764267
96.35552,195,9851.752715
83.19989,248,9852.882692
-966.5304,139,9856.527917
-990.8319,88,9856.956048
62.570335,233,9858.610083
-974.96014,103,9858.988397
94.63499,185,9859.215457
95.47396,212,9859.556275
88.02357,209,9862.873891
-982.5086,127,9863.731168
65.893585,296,9866.32303
93.73204,186,9867.562337
-990.2485,76,9868.10756
96.17338,180,9869.593847
-996.0455,185,9869.661357
85.117676,203,9870.314995
87.30531,236,9873.136431
95.237885,184,9873.498834
96.46952,166,9875.910088
-997.58435,120,9877.149086
-978.1085,135,9877.333559
-990.572,80,9877.797755
88.5084,191,9878.803728
101.12765,188,9879.148175
100.826485,209,9881.527858
-988.87415,77,9882.024266
-985.6707,87,9883.563266
-975.3051,116,9883.728429
94.733955,189,9884.312167
-968.79175,132,9884.908607
90.88215,171,9885.852991
-990.97705,81,9888.459963
-969.06683,140,9889.917283
100.411606,193,9890.417128
93.609566,183,9893.236199
80.687386,193,9896.205017
79.10908,209,9896.423042
-967.8349,173,9896.590454
98.38212,193,9896.913488
-984.0549,82,9901.227078
100.79177,221,9901.642169
100.198814,203,9901.800707
-978.7118,101,9902.016942
102.56503,221,9903.129352
97.736084,187,9903.736418
81.5632,196,9908.109628
89.81041,236,9910.065377
-985.0349,167,9911.813762
94.75382,176,9913.062305
96.07692,180,9913.062305
91.32009,169,9914.737678
95.12642,219,9914.910376
98.6375,185,9915.021383
-971.24915,149,9916.926727
-969.6248,129,9919.925158
-979.9208,98,9920.517319
-983.84247,117,9921.942884
99.60553,205,9922.815623
96.169716,178,9924.170457
99.82329,206,9926.266629
-974.63245,153,9927.151012
97.47922,192,9927.399813
-998.3867,76,9929.76061
-975.7904,157,9933.338198
88.07002,213,9935.14947
97.575005,190,9935.823421
97.521454,193,9938.983308
95.803055,181,9939.199951
73.17357,291,9939.256654
92.55166,198,9939.9812
91.60072,185,9941.178676
-978.9993,112,9941.83005
-969.725,151,9945.523404
-966.1695,154,9949.083071
75.67117,253,9949.252503
-968.58716,171,9951.747078
-984.9034,96,9952.422473
92.50474,217,9954.081051
98.91787,182,9954.191517
84.57513,236,9955.61836
84.45321,212,9956.924068
-982.95013,85,9957.878239
-975.9572,118,9957.878239
-984.59985,100,9961.476394
98.916336,204,9963.731841
96.54985,207,9966.822369
101.64277,196,9967.51077
-979.19653,98,9967.669029
89.22985,187,9970.418187
97.353004,201,9970.480705
82.21852,233,9971.380102
81.85718,253,9974.919092
-993.992,104,9977.757055
101.131165,220,9978.758901
90.010574,175,9979.944575
76.52703,236,9982.898694
88.407135,194,9983.799515
72.547485,261,9985.815883
-978.17267,122,9986.429413
93.516556,196,9988.981378
68.45626,266,9990.195328
-979.1616,98,9993.802411
74.98053,213,9994.207125
81.200966,247,9997.700459
104.942215,205,9999.214089
61.419815,282,10003.063174
96.486,200,10004.126196
98.049904,228,10004.889813
64.87842,287,10006.030429
85.630554,210,10008.21229
89.97952,221,10008.582164
98.187035,176,10009.147557
-972.82806,128,10012.30407
81.54717,239,10014.417381
-979.24603,102,10014.815372
86.44326,190,10017.22137
83.125656,223,10017.460502
84.98714,205,10019.077525
-983.08276,88,10019.90355
94.86427,188,10020.482567
82.28749,197,10021.442683
79.69339,254,10027.646355
72.533394,221,10027.766165
87.34139,199,10028.582051
94.50304,169,10028.690974
99.91281,216,10029.770222
91.14304,179,10030.484886
94.4544,215,10031.993026
99.31262,200,10032.546151
-987.94617,105,10036.162382
97.66127,187,10037.845539
82.733574,186,10038.807393
94.75478,186,10038.941391
97.50802,222,10039.989538
99.587616,195,10040.633993
83.4293,211,10044.263976
95.07177,222,10044.32443
-995.1564,78,10044.954472
98.96368,179,10046.43802
-972.54193,144,10047.253144
99.057274,182,10048.439356
95.895065,176,10049.123875
-988.00836,188,10051.015924
-987.34686,100,10055.119868
91.94938,184,10055.464383
-967.4925,164,10056.343163
100.21238,187,10058.608559
72.688156,245,10059.154872
76.81242,243,10059.583454
-990.85535,80,10060.121709
81.21552,201,10060.395247
106.41228,205,10063.143193
100.86658,191,10066.452795
-976.51953,108,10066.893893
100.51594,184,10067.21473
-966.44006,139,10067.349907
-991.26996,79,10067.953285
92.13172,179,10069.025308
95.58921,184,10070.772233
-984.38934,98,10071.807975
89.690895,236,10072.987859
89.27563,175,10076.651767
96.59042,201,10077.605217
86.71984,189,10077.924234
85.083824,224,10079.159949
92.377846,209,10080.098773
90.03034,177,10081.364393
98.48705,213,10082.325547
-974.93225,109,10082.786673
81.21213,183,10083.001379
-990.6162,90,10085.212104
79.92763,220,10090.283941
91.53267,216,10090.412024
-970.6532,141,10090.544853
92.86938,206,10091.277395
90.18505,180,10091.995038
97.60453,172,10092.842922
93.884926,185,10093.790137
-994.3576,77,10094.990724
95.62021,185,10096.045872
-977.12354,98,10098.123952
-977.89026,95,10100.081085
90.87002,177,10100.14997
97.68255,180,10101.226186
98.42456,198,10101.539113
96.75445,187,10104.081496
86.42195,234,10104.862879
84.35922,208,10107.703813
102.85556,174,10108.074177
97.84346,174,10110.352396
-978.12274,95,10110.69003
100.26969,195,10111.621973
81.77755,210,10113.897253
97.56749,199,10116.039465
65.86884,291,10118.22582
-970.6468,140,10118.503616
93.95658,187,10118.784082
-968.9766,150,10119.321167
89.48068,198,10119.709033
-964.06665,169,10121.151767
78.95477,200,10125.048995
88.14463,203,10127.389751
90.26796,185,10129.644402
94.86487,198,10129.826281
90.70193,226,10132.214368
84.98749,216,10133.320979
63.851124,273,10133.856134
74.85057,278,10133.857953
96.68066,189,10136.103798
-985.9053,94,10138.209562
-973.6586,144,10138.504373
-995.5803,75,10138.566658
82.33943,222,10140.465905
99.33026,184,10140.759362
-969.59143,147,10142.774346
-998.3552,78,10143.610543
-978.2472,176,10145.26862
83.09963,204,10149.716664
-984.46344,88,10149.799206
94.742775,176,10153.014951
-971.36774,118,10153.392506
84.812706,245,10154.82548
73.281235,256,10155.202739
-966.04065,186,10155.202739
102.08581,222,10155.462675
88.68239,182,10161.374724
-983.9144,102,10161.741999
100.16093,194,10162.266427
96.68846,165,10163.637104
94.90496,184,10167.554499
97.75263,183,10167.921457
81.91423,215,10168.002312
-997.4646,82,10168.380404
-979.9088,101,10168.954508
103.5568,215,10170.481609
-977.4633,193,10176.311097
86.77907,213,10179.481134
92.60826,188,10182.462449
87.78156,190,10182.627305
101.120224,218,10184.451776
105.1642,214,10185.617313
102.12948,193,10185.617313
85.84131,256,10188.000346
-982.3072,98,10189.711459
84.6205,219,10272.341291
-981.87,105,10272.51406
101.87752,192,10273.443392
101.30461,198,10278.190763
-983.4459,97,10278.461341
83.48729,242,10278.519275
84.41185,226,10279.018851
96.42441,188,10279.785937
-968.85846,124,10281.116885
80.72392,208,10284.753309
68.11929,256,10284.985542
96.23629,169,10288.091011
-988.43933,80,10289.131871
93.87433,170,10289.243348
96.171524,193,10289.477877
94.73985,215,10290.432831
99.94336,206,10290.652674
-975.08246,175,10290.765533
-979.5262,109,10296.45226
93.50913,178,10297.825774
70.823204,258,10299.024219
97.48956,208,10300.395968
90.18946,185,10300.626187
93.031685,220,10301.17219
88.50365,224,10301.587128
102.53431,211,10302.13184
100.34917,186,10306.530066
-970.5784,120,10307.047135
-976.67975,110,10308.19221
93.85396,201,10308.76257
91.06363,187,10309.276691
100.194786,169,10310.919495
-975.8343,111,10312.55186
72.94422,234,10313.44675
67.521164,237,10314.142781
-980.2781,98,10318.976538
104.87735,217,10319.059283
92.2185,195,10320.077815
91.39554,219,10320.335744
88.69735,238,10321.849494
94.80975,214,10322.600662
88.05969,219,10324.456958
-974.0862,111,10325.824502
101.44454,229,10326.499873
-979.77673,107,10328.167672
98.968666,188,10328.766804
93.21012,195,10329.245245
93.591446,197,10330.609491
95.658485,186,10331.536569
-988.0223,110,10331.595883
-976.4559,119,10335.127686
98.64844,213,10335.709753
-995.69055,82,10335.978347
80.99088,204,10337.544708
96.95996,181,10338.071224
-970.7409,175,10338.841941
76.17332,203,10342.811472
88.66414,229,10343.295445
-965.9599,129,10345.297528
102.34441,203,10347.40676
98.73762,210,10347.509609
85.51128,233,10348.18835
95.07885,219,10349.620366
97.451546,221,10350.975607
-967.13,143,10353.117427
103.807144,197,10353.825646
96.89558,218,10355.371537
95.29074,188,10357.885308
84.435715,205,10358.939935
84.11097,192,10360.515571
-981.01056,142,10361.252735
97.78405,180,10361.305449
-975.5951,106,10361.50287
67.68088,255,10362.688543
-976.01324,106,10364.000698
97.36779,200,10365.31854
-980.2864,105,10367.22347
-980.1662,113,10367.806483
79.822784,189,10369.999887
-976.6348,161,10370.90838
81.80989,210,10372.913126
91.81226,223,10375.760583
90.71626,217,10376.739192
97.99621,164,10376.96231
-979.6755,213,10377.75561
101.67658,188,10379.138033
97.01888,175,10380.786368
-977.2614,104,10383.76818
83.282295,209,10384.035936
-980.0924,97,10387.762802
87.82186,228,10388.059827
-973.1002,130,10388.401547
-980.25555,91,10390.261376
92.82627,221,10390.686929
80.81796,207,10391.119215
88.12848,206,10391.800407
-969.67505,120,10395.487369
94.85032,177,10395.843391
-979.13477,92,10398.027663
95.060135,173,10398.994647
91.17458,167,10399.28307
89.415,198,10403.462333
95.4459,195,10404.542864
94.35232,205,10404.675433
-982.69275,131,10407.585974
-997.43195,79,10410.446198
99.9499,212,10410.9153
-980.60626,95,10411.461585
88.324715,227,10412.332603
103.30886,194,10413.273482
102.65717,212,10414.974417
-984.3446,89,10419.419764
77.71724,236,10421.60376
94.94336,187,10421.955774
83.62663,188,10425.350302
85.318344,186,10425.791048
97.78839,202,10425.965539
101.21151,179,10427.12452
93.975136,193,10429.55554
-983.8547,85,10432.165566
-980.5094,94,10432.220412
90.90585,207,10434.443871
97.667816,179,10434.735041
67.355705,239,10439.021884
101.009,191,10439.876679
-968.2835,123,10441.306459
89.94461,198,10444.035351
98.82941,175,10445.050557
76.36667,254,10445.55179
-973.8716,102,10447.238765
95.9842,217,10450.807566
94.843346,231,10452.196765
-977.62036,102,10452.711013
-982.57245,107,10453.67881
90.302605,231,10456.245368
97.074196,173,10457.116501
65.29129,214,10457.191271
-979.66486,143,10457.966341
-983.0138,154,10462.223019
-976.56635,118,10465.741402
106.94005,206,10468.141663
99.25816,170,10468.779723
90.27035,214,10469.270503
100.58495,200,10471.358757
65.45817,273,10471.674372
-977.7561,183,10474.23324
69.081345,252,10475.027796
-973.3829,110,10475.249334
91.91212,168,10476.207112
83.0552,220,10481.445245
98.09791,211,10482.119618
100.12476,205,10484.436845
91.24065,212,10484.537038
96.905075,177,10486.957844
-963.60345,199,10487.41615
96.094406,204,10490.14691
-977.4264,111,10492.71192
-969.2028,137,10494.452176
52.311638,302,10495.384876
100.70766,208,10496.427754
78.06447,247,10497.99436
92.715744,177,10500.896528
96.422005,218,10501.097401
-977.4787,106,10501.255721
81.69734,234,10501.614914
82.236015,214,10504.818277
96.19729,166,10507.251621
74.72883,208,10507.992718
85.191826,255,10508.615609
100.40418,180,10511.50063
-979.5204,195,10512.235797
80.40819,219,10513.488943
-979.4444,99,10514.034828
94.96517,217,10514.25861
82.123,222,10517.770795
87.97332,202,10519.189032
-988.4211,91,10519.46325
79.54087,203,10520.697003
-977.5683,116,10520.843709
-1001.2804,86,10522.79632
100.9876,195,10523.577616
96.18763,210,10523.753535
88.441185,202,10525.196373
-965.6412,128,10526.40688
98.37305,203,10530.675102
96.73289,190,10531.108263
-998.4258,92,10531.43338
91.89716,219,10532.808007
97.14063,185,10532.8821
102.54112,206,10534.859891
84.06473,216,10535.555822
-1002.15283,78,10535.663496
-985.3401,78,10537.239741
85.634254,245,10538.53848
98.80297,181,10540.806243
-988.7409,121,10541.815883
-971.6933,127,10542.924887
85.89828,212,10543.200533
105.25944,209,10544.792773
103.63678,209,10547.78597
92.39365,186,10549.452779
97.18132,213,10549.582117
-985.91583,87,10549.808923
97.371765,193,10552.177971
94.146866,181,10552.390274
88.02625,202,10554.72078
96.32444,199,10554.784777
-1000.1135,76,10559.07692
-968.3582,125,10559.59634
100.99509,183,10560.145962
86.04103,197,10561.301428
81.18271,242,10561.872886
101.66285,214,10562.032786
-981.2028,91,10564.25932
90.00202,216,10564.594146
93.25298,194,10565.777895
-992.0787,113,10566.423604
-1000.71515,83,10569.020677
-972.3981,142,10569.774798
-976.9823,110,10570.276028
96.14252,172,10570.805551
102.86321,207,10571.132007
93.032005,181,10575.923477
66.69002,260,10576.338414
-978.60046,116,10576.41586
97.03203,191,10577.193504
101.52201,180,10581.522106
95.31401,218,10581.638847
-977.3818,112,10583.066823
89.54731,222,10583.23313
82.43351,226,10583.932996
100.3825,175,10586.199133
99.554306,176,10587.425869
84.32044,201,10588.048709
99.18267,206,10592.993606
98.10045,202,10594.339546
97.75941,215,10595.850459
77.92348,269,10596.891223
95.04751,220,10598.516556
99.149414,210,10599.88689
-995.8772,340,10601.992723
66.94188,263,10602.045695
-988.5881,171,10602.705429
85.557144,189,10605.005003
76.65118,188,10607.443467
101.32967,209,10607.750948
-978.701,112,10608.49219
-993.65405,126,10609.991756
84.1259,208,10610.207404
92.422714,198,10611.019937
-975.7688,118,10614.14166
-966.72845,218,10614.470885
103.04121,196,10616.959985
-982.4109,111,10617.312604
-972.6041,112,10618.616844
96.813065,185,10622.014254
81.63152,221,10622.802714
88.92579,238,10623.106039
-974.3201,104,10625.845376
90.68837,186,10627.883346
-986.05054,108,10631.003006
104.30193,199,10631.24112
84.574394,199,10631.547349
74.87442,260,10633.071266
-968.68317,164,10634.223021
87.154335,190,10636.864402
98.128006,202,10640.57122
-967.7028,135,10641.231338
-979.5608,112,10641.316889
92.07462,198,10642.655852
77.393654,181,10644.537518
79.90316,207,10647.027489
95.652664,212,10652.437029
98.45059,171,10653.796943
-978.3626,175,10654.158036
73.991684,204,10655.584465
100.104195,181,10655.871951
61.20908,311,10657.15156
91.81919,180,10657.685673
100.84668,212,10748.592241
-971.3543,125,10749.316356
-977.8017,93,10749.723524
96.21789,161,10751.319259
82.242584,182,10753.956625
67.478485,234,10754.38048
100.314186,213,10755.729625
87.471634,214,10757.036953
91.5964,181,10758.879971
93.39026,171,10759.461691
91.83695,187,10759.960081
-991.7816,78,10761.591122
89.391136,205,10762.768317
-976.8673,180,10763.931903
-974.81616,115,10765.829938
78.66563,235,10767.378284
86.62262,221,10768.03349
91.34778,199,10770.116422
-993.71063,61,10771.000283
-995.0338,114,10772.420649
92.5406,184,10773.129392
92.169106,171,10773.580084
85.06211,217,10773.745896
84.57515,245,10773.818767
-977.38654,94,10775.3834
-983.17944,93,10777.636582
-981.56287,104,10779.872694
80.510056,180,10781.31261
-979.105,158,10782.953068
76.04482,252,10783.316778
88.694305,202,10786.004065
-974.3758,134,10786.076498
-982.46313,109,10786.67078
-979.7075,89,10786.942388
80.03404,235,10787.816355
99.25039,213,10788.445084
-997.5993,88,10791.063854
-999.56586,93,10792.134898
81.12161,222,10795.852499
92.208565,226,10796.458856
81.403656,193,10797.374038
97.841125,181,10797.65237
98.790215,171,10798.455791
69.52342,207,10799.911809
82.880165,197,10803.61286
67.193245,239,10804.997365
-973.14343,144,10805.717457
-974.54315,149,10805.717457
96.94253,181,10806.547038
85.665535,241,10809.383901
92.22794,183,10810.077694
87.11548,212,10810.302667
-985.6109,122,10811.851394
-985.44965,115,10813.177409
98.32565,181,10813.744994
-967.5526,142,10813.814194
102.73826,176,10815.603636
-971.786,127,10818.807334
82.547714,195,10820.383611
100.56835,180,10820.459714
-1002.9604,87,10820.526965
89.68126,188,10820.731864
-982.3318,167,10822.585199
77.692894,194,10824.71329
100.64127,198,10824.863563
-983.43243,139,10826.777567
-997.29474,78,10826.893102
87.80669,174,10830.561171
76.709885,193,10831.547594
94.355446,195,10831.614204
97.67744,210,10832.512668
-971.9392,113,10833.398882
92.02361,165,10834.298175
75.94847,228,10837.785882
86.693665,199,10838.591396
-973.2716,104,10839.579159
73.649185,201,10842.486588
86.73835,192,10842.876035
82.931015,192,10842.939552
94.64706,186,10843.383799
-995.30914,82,10843.383799
95.81366,186,10845.210486
-974.08386,107,10845.674207
-969.7712,119,10849.42732
77.184715,217,10850.113842
94.42875,189,10853.322994
90.3664,220,10854.82029
95.96633,208,10855.043296
86.1456,230,10856.382151
84.5936,197,10856.858525
88.28481,231,10858.233985
-972.03064,109,10859.624809
93.20383,185,10859.993285
-975.5236,103,10860.642972
95.123695,184,10860.717225
92.591606,169,10866.723004
98.67549,200,10867.265102
95.491714,184,10868.012892
92.60311,182,10869.287548
-974.4259,145,10869.632939
92.41015,177,10870.591086
96.72596,193,10872.329419
-987.3775,98,10872.786076
90.059975,196,10873.368832
-983.7685,83,10873.434018
-983.42096,113,10876.660789
-980.90704,98,10878.610851
-985.8914,110,10878.878671
97.958466,219,10881.07652
80.447655,215,10884.940371
90.33525,231,10885.104345
93.036064,181,10885.238904
83.790054,191,10886.125272
-982.6361,107,10886.834611
100.53694,197,10891.010913
82.03475,196,10895.573821
-989.2981,132,10896.598871
78.60313,254,10897.361388
97.00316,190,10898.826352
93.41259,175,10898.826352
78.647125,211,10900.532651
74.232445,212,10900.770372
91.22879,209,10905.851015
89.430115,181,10909.808856
90.526344,206,10910.485054
96.06034,165,10910.961794
94.38617,213,10912.805458
80.167,199,10913.36947
87.967926,180,10913.667389
-976.525,111,10913.863161
85.092575,194,10915.055729
-973.48663,125,10920.031933
-984.9409,103,10920.928808
90.2975,206,10924.506872
82.134415,206,10925.330132
86.80832,184,10926.990206
93.01354,180,10927.987356
-979.0955,105,10928.472195
92.85621,222,10928.809365
89.1604,210,10928.956413
-971.37354,113,10935.121455
-973.4896,129,10937.429145
73.84666,262,10939.005521
96.6637,202,10939.299241
90.97546,159,10940.522217
97.04104,180,10941.238689
93.52432,177,10941.397233
80.65302,235,10941.906213
-1003.2689,94,10943.242512
97.98932,186,10948.323981
-967.8787,117,10948.761263
-984.1289,95,10949.03173
-980.8102,107,10949.03173
91.97523,178,10951.386155
77.80228,191,10952.334069
-970.84045,144,10953.438164
-978.07916,104,10955.423812
-980.07446,113,10956.24315
91.92973,224,10956.636238
93.95283,188,10960.9385
100.0582,189,10962.866218
80.84787,250,10963.796182
92.24859,178,10964.417626
-1003.23627,133,10964.613962
87.45294,217,10965.634362
98.045265,191,10967.428489
-984.9299,114,10971.512671
82.60046,265,10971.602214
88.81446,171,10973.861521
95.07616,219,10974.853046
96.12543,179,10976.522683
99.11527,199,10977.042016
89.97184,180,10977.595664
-984.11816,87,10981.673522
-993.9483,141,10982.746032
85.693665,194,10984.029027
-993.2676,123,10984.299928
61.22159,302,10986.624132
100.831345,208,10987.178271
70.29607,254,10987.512312
90.70154,236,10991.321647
-978.86383,90,10991.963809
-984.1237,159,10991.963809
-983.9327,147,10992.946627
-973.53577,228,10994.841455
89.04157,204,10995.657803
100.27702,185,10997.744503
99.88849,183,11001.553228
92.09034,171,11002.275335
89.35359,201,11003.11607
67.11443,288,11003.691391
73.77442,215,11003.887726
91.989334,165,11003.956794
-968.4561,192,11006.401678
-973.5389,184,11008.214252
-969.6895,116,11009.014084
-986.30096,92,11009.378349
85.761536,200,11013.271734
-986.1541,85,11013.271734
-964.9658,191,11014.361221
85.331696,193,11015.298495
87.74261,235,11017.567895
96.65815,193,11017.840079
-996.7577,77,11018.752271
93.16359,165,11018.974946
79.98867,198,11020.483056
-991.08264,85,11022.331214
91.39212,171,11022.990408
88.45015,179,11023.445261
79.26814,189,11026.005051
-985.45764,103,11026.390104
102.80269,190,11028.798883
93.72926,191,11029.866976
-975.8998,132,11030.097207
87.47499,209,11031.119232
-978.8565,102,11032.198736
99.87987,172,11033.118705
-987.9079,117,11035.435425
86.23383,213,11035.778963
101.466896,194,11037.668478
-983.8495,145,11040.17172
-980.9443,94,11040.671507
93.06397,206,11041.678581
86.58281,189,11041.748815
80.1342,226,11042.545358
-984.2019,92,11042.791285
90.811035,200,11044.432004
99.09379,174,11045.780308
-970.76514,111,11048.287041
89.27425,168,11050.641366
-974.29553,106,11050.714916
96.60303,190,11052.855439
68.74763,224,11053.328343
78.15043,197,11054.472746
85.38431,237,11056.429652
85.1627,194,11056.988196
-976.5322,96,11058.421553
-971.25256,115,11060.855886
84.82474,229,11061.370927
82.1608,209,11062.748532
87.57338,223,11063.576937
80.62498,187,11064.089971
-967.53766,139,11065.032863
-978.58813,172,11066.247213
99.75299,192,11069.265167
-997.30896,87,11069.806503
93.380585,182,11073.188913
85.18314,176,11074.258729
85.06746,228,11074.728302
84.605255,241,11074.958934
77.37764,197,11074.958934
77.287605,213,11078.66222
-984.8339,85,11079.726782
85.70663,222,11082.315901
79.22436,195,11084.364286
74.105896,271,11085.748291
102.56307,201,11086.232668
91.67537,220,11086.858114
87.33717,240,11088.480244
93.28393,197,11089.907685
87.78566,182,11090.123418
-974.6593,102,11090.123418
-977.7697,96,11092.323901
94.32391,220,11094.835453
-972.35657,130,11095.917222
90.62349,180,11096.283395
103.60632,192,11096.4417
-998.69586,124,11097.018603
-967.6569,136,11097.462726
-983.8806,82,11099.458853
95.23161,212,11102.852919
-974.5537,146,11105.622449
82.812546,229,11106.458873
-986.90753,150,11109.856994
93.93365,212,11109.927823
79.090965,215,11110.817751
81.34189,208,11111.492142
78.2118,254,11114.122811
-979.3983,99,11116.95251
90.05935,215,11118.083903
80.353966,176,11118.414441
-998.1361,130,11119.998961
-1007.23846,88,11120.533041
89.236244,238,11123.409279
-980.7016,103,11125.835255
102.70407,201,11126.16417
-982.35236,131,11126.371244
93.3483,178,11220.427319
44.915436,329,11220.799242
-975.192,114,11221.116102
81.961044,230,11221.539289
91.25607,210,11222.611497
110.43313,208,11224.572314
78.72968,183,11225.223552
-998.04767,103,11226.169431
-968.5194,115,11227.708063
60.3767,219,11227.708063
-1005.0734,129,11228.209495
-968.8428,138,11229.491333
98.25304,179,11232.743216
-979.952,132,11235.208027
72.28039,214,11237.690824
84.563736,199,11237.690824
80.01654,195,11238.891263
-984.7009,169,11239.207851
100.016075,215,11240.563689
71.139534,296,11241.715409
89.244736,184,11245.557294
90.56089,233,11245.980885
-978.00134,153,11246.196887
96.0954,202,11250.433985
94.90716,210,11251.271604
101.715614,191,11251.507593
97.914764,182,11252.223127
-989.9561,275,11253.360309
-967.5763,142,11253.87587
88.45996,181,11256.505854
-970.9272,112,11257.514309
-987.1001,89,11258.370864
-982.46844,118,11258.871387
87.7386,226,11259.320712
100.984795,180,11261.554024
93.33266,203,11261.882427
95.59291,180,11264.010896
95.857956,170,11266.257221
-966.5517,132,11266.774567
96.380196,185,11268.10478
-962.9712,178,11268.659625
-976.66846,224,11271.595321
85.69979,187,11272.316338
74.372284,196,11273.105846
-972.1587,128,11275.638836
102.91217,213,11276.01067
95.58495,182,11276.40271
87.149315,176,11276.688357
88.821686,221,11280.374681
-996.2191,144,11281.0223
-983.07935,103,11282.134731
100.91629,215,11283.548232
101.02478,209,11283.900938
87.75478,184,11285.970554
94.769485,190,11287.319715
92.41494,207,11287.717198
96.77318,217,11292.822046
95.08903,219,11293.642946
91.628784,180,11294.26948
73.02207,233,11295.679676
-964.3741,168,11297.157502
-968.93933,165,11297.394257
80.386765,208,11298.097799
59.651768,276,11299.377669
-974.40875,145,11303.956085
90.59247,195,11305.47525
-979.91547,146,11305.727796
86.11294,234,11306.237089
82.51313,187,11307.833991
88.28261,218,11310.706184
65.685005,298,11310.912048
99.968956,210,11311.628372
-986.31805,109,11311.883059
-987.8586,145,11312.367967
91.76629,209,11317.484013
97.230484,211,11318.114731
72.989914,196,11318.794027
73.59428,189,11321.044832
-981.5382,205,11322.041356
101.85093,201,11323.282319
86.84818,219,11323.585969
82.99598,215,11323.585969
-961.9736,146,11326.215971
99.526505,191,11328.146932
93.8637,181,11328.997166
94.25612,166,11330.504998
96.39782,178,11332.274822
-985.6721,156,11332.559325
94.074066,177,11333.388299
99.00549,196,11337.556952
-982.8192,173,11338.125808
70.20758,269,11338.984685
94.879456,199,11340.381978
86.5577,205,11344.439956
83.268074,217,11344.899107
77.619415,254,11345.400101
65.690155,268,11349.204693
88.43745,190,11349.373933
93.26854,202,11349.487905
71.75876,207,11351.106797
99.74368,204,11352.453253
95.610214,154,11353.693432
98.47752,206,11357.796988
63.652355,237,11359.860376
-987.9191,98,11360.570286
93.877106,183,11361.565717
-970.3063,137,11361.990408
91.76815,210,11363.182134
72.61572,216,11363.837787
81.9244,215,11366.074285
77.7683,185,11370.33962
95.0524,172,11372.11691
88.58572,183,11372.393094
-984.1098,144,11373.489684
74.10184,225,11376.286927
74.00725,204,11376.344033
85.42572,226,11376.678569
100.54066,170,11376.732425
-977.79333,107,11379.48235
95.705215,179,11382.581554
99.45611,176,11383.566258
73.56881,231,11387.267203
95.5214,176,11388.257996
87.89336,202,11389.991185
94.52755,214,11390.437249
92.58163,171,11391.327545
74.40462,246,11392.561849
-979.1883,92,11394.796276
83.536514,187,11395.075094
-970.1936,118,11395.601026
79.62827,226,11399.215361
-970.7908,125,11399.63166
-983.2881,109,11403.493936
98.608315,204,11405.105386
90.33265,192,11406.812587
89.95163,211,11406.875796
78.676445,229,11411.760429
93.408226,178,11412.147691
-985.6063,97,11413.855401
72.28552,197,11413.992554
-963.715,126,11414.269787
94.10207,172,11419.663284
-1001.1921,372,11422.465606
-970.1096,115,11422.685706
65.34513,294,11425.322591
80.18707,188,11425.977377
93.91399,207,11427.392849
86.05456,186,11427.668407
-988.0942,92,11428.961388
84.635345,188,11433.152288
-973.1258,124,11434.038311
-1000.8117,273,11434.20413
95.698746,210,11437.13418
101.80752,176,11437.909128
96.58123,187,11442.010873
85.00137,214,11442.348854
87.065636,216,11442.811479
104.88344,193,11446.732114
99.321495,212,11447.113098
80.550964,212,11448.049847
92.422386,207,11451.995433
72.63922,230,11452.529658
86.188774,180,11454.925271
88.167915,191,11455.01599
103.55882,220,11456.993743
75.71991,192,11459.486534
85.605255,197,11460.820908
72.52418,215,11461.024428
85.61278,192,11463.532135
91.454575,198,11464.330569
97.8584,160,11466.039397
92.44457,200,11466.433364
-986.6051,92,11468.851457
-980.8309,90,11469.580948
101.9224,201,11470.730106
-986.66656,178,11471.092559
78.27315,204,11472.487998
-1020.11383,345,11474.696028
-962.46405,131,11476.474539
96.893486,187,11476.856481
-1004.75195,89,11477.769989
84.06486,208,11478.528292
95.81276,183,11480.445547
82.80527,195,11483.027757
-978.5366,127,11484.606193
95.52325,164,11484.669922
77.01233,245,11485.4671
-976.1778,139,11486.94495
100.789764,197,11488.305425
89.48469,188,11489.108696
-997.7013,82,11489.459736
95.26811,189,11491.921886
-986.01086,85,11493.506483
83.81375,191,11494.35481
-968.0144,168,11494.734036
-989.9691,135,11495.062342
85.080795,192,11500.366028
83.06665,256,11500.566128
78.7786,208,11501.68793
96.58168,174,11501.954962
-971.6556,161,11503.795977
85.97178,177,11503.852285
-968.44293,164,11504.568981
89.156456,190,11505.650182
-971.6593,123,11507.394763
-978.2247,120,11507.394763
-965.36383,152,11510.388189
-965.2702,125,11510.851816
98.73326,193,11513.089506
-983.0604,151,11513.24428
102.658966,179,11513.984234
-970.5153,114,11514.049677
103.748085,209,11517.801886
-969.10583,234,11520.897889
93.982735,192,11521.714447
102.69149,213,11522.431316
95.00045,182,11523.198488
83.60237,202,11525.265803
101.56422,204,11525.420382
86.84537,231,11526.02582
88.89912,178,11527.316441
82.086754,207,11532.481817
101.80748,193,11533.330471
93.69799,168,11534.783734
81.71357,244,11535.513154
76.19782,224,11535.914481
90.78022,208,11537.150878
-967.2584,174,11537.316484
70.19775,259,11540.794269
-973.15515,112,11542.218451
83.280556,179,11543.477538
103.21458,196,11543.526949
88.229095,203,11546.164552
102.41959,198,11546.489602
92.59239,190,11547.797822
101.54348,195,11548.210546
83.65433,192,11551.675476
85.72254,181,11553.634077
94.72005,187,11553.991559
88.13984,211,11554.050669
-988.753,115,11554.791569
-973.5045,196,11557.21677
102.467674,198,11557.739628
86.1997,189,11558.551922
-979.59436,113,11560.105389
98.68717,206,11563.169864
86.617615,205,11565.808982
79.29822,207,11565.990528
80.09747,205,11566.703669
88.1177,198,11568.724553
82.86447,190,11568.726567
102.82072,190,11569.532629
89.47935,228,11573.468757
83.73536,232,11577.846431
101.851036,188,11577.922781
99.64104,195,11578.262722
97.72346,188,11581.582574
91.73685,176,11581.766697
74.120224,237,11582.501578
87.38771,214,11583.576108
90.92886,203,11588.457558
-976.6476,100,11589.028165
80.67774,200,11591.803219
100.447716,215,11592.674565
60.735374,215,11593.136719
-980.5338,102,11595.364618
77.10172,218,11596.619541
85.88269,209,11596.709494
81.935585,204,11597.238266
97.75532,173,11696.986818
91.55659,212,11703.026395
101.1376,169,11704.418541
70.89346,231,11704.860422
71.19326,205,11705.39886
83.29957,187,11705.513707
56.56712,239,11705.572452
82.910324,190,11708.069842
59.655872,299,11712.638357
-967.7385,162,11715.263865
90.44432,176,11715.331315
75.384026,196,11716.088986
92.1696,196,11719.724205
80.204414,255,11720.361465
60.1472,264,11720.735942
54.818623,322,11721.588965
-982.05096,136,11722.830938
-976.3815,92,11725.915644
-1000.807,129,11726.973307
69.341805,263,11727.678074
75.85498,224,11727.979738
80.10107,223,11728.633472
86.61445,166,11731.122719
-981.152,179,11733.334543
-977.0006,231,11733.779481
-964.59674,121,11735.150459
-971.1697,149,11735.781601
103.37788,186,11738.636043
86.84268,220,11738.957319
-984.0638,80,11740.384296
74.26725,257,11743.638033
70.211006,220,11743.999805
79.569534,170,11745.030576
80.01915,217,11745.876757
85.17197,223,11746.59651
86.970375,191,11749.332757
86.20608,181,11750.485257
-995.2799,160,11752.389952
73.00797,244,11752.44126
84.549225,171,11753.323756
-965.7542,151,11754.828375
99.6779,185,11755.040748
82.218285,246,11759.505553
91.33542,208,11762.409737
94.488976,170,11763.253919
80.4549,197,11763.824132
75.10638,176,11765.033328
79.28739,246,11766.675587
-966.24963,130,11767.056172
83.47703,216,11767.60088
-1035.8411,346,11769.102233
-978.4586,169,11773.67219
-973.05084,156,11774.155217
73.19682,210,11774.596626
-996.59924,140,11775.170193
78.664444,250,11777.524469
82.80665,180,11777.974704
87.69023,206,11778.495844
-979.39087,99,11779.783361
-990.86237,115,11781.207232
-969.8091,108,11781.422827
93.83406,173,11783.392572
-972.6904,121,11784.416788
-1001.5858,286,11785.452461
-988.46265,152,11786.599036
-986.57086,145,11788.104789
82.541664,173,11788.483865
-971.2411,133,11792.438439
83.806206,224,11794.201707
76.66341,226,11794.52918
100.821045,198,11795.030613
71.12678,201,11798.424042
-972.9078,224,11798.581378
94.07261,184,11798.789449
80.28506,178,11798.844403
-982.6049,135,11800.020547
-972.6827,165,11804.377999
-993.61816,110,11805.0149
85.87912,200,11805.879607
78.98366,235,11807.589236
86.74645,180,11808.736539
86.18549,184,11809.218944
73.85562,217,11810.59132
91.22144,199,11811.228261
-1003.3137,147,11813.165694
-967.915,142,11813.778391
98.405594,171,11818.068289
67.7124,229,11818.34629
88.941444,181,11820.405959
89.56471,177,11820.803518
-971.34924,109,11821.032707
85.192154,177,11823.314435
-991.1449,159,11825.123826
81.673805,240,11827.061542
-969.6175,113,11829.341709
94.922585,171,11830.492134
86.96039,208,11833.044869
94.19237,210,11834.652405
76.4789,224,11835.898129
97.76597,178,11837.204015
100.87615,167,11838.003426
-962.3972,149,11838.577239
-997.00287,265,11840.51015
-972.15564,103,11843.415051
89.922455,215,11843.677567
-996.67566,130,11844.115523
75.803085,234,11848.338871
-963.171,147,11848.706207
96.147644,182,11850.46931
72.67953,245,11851.529333
-975.0687,110,11851.863985
-969.2257,116,11853.064502
-969.8562,147,11855.02614
-977.5087,94,11855.794794
79.72318,234,11858.062375
92.11373,166,11860.897222
84.48604,195,11865.11958
84.38357,196,11866.167133
95.40106,167,11868.022679
90.95345,222,11869.056365
72.47566,242,11869.324383
96.91699,184,11870.622299
-984.0515,239,11871.489095
-1000.20264,127,11873.076865
83.50199,216,11875.134405
95.20787,158,11876.265501
-1012.94525,131,11876.348178
-983.637,136,11877.993665
-1006.495,111,11880.282073
88.32073,183,11880.898838
93.32606,176,11882.102245
88.95755,175,11887.843802
66.51739,247,11887.992958
86.34718,188,11890.12827
90.04586,232,11891.226709
94.602325,149,11891.693851
104.308945,182,11892.643634
101.427055,209,11893.834073
-1032.2808,349,11898.16259
-988.14386,123,11901.148323
58.78106,221,11902.101705
97.62279,201,11902.915325
-991.8661,184,11903.729573
69.87014,269,11905.071896
78.86326,196,11907.003269
66.76085,261,11908.735931
85.781204,232,11914.471015
90.64446,183,11915.853935
66.71797,205,11916.080167
75.768875,185,11916.926549
81.62387,185,11917.823363
90.0722,223,11921.773377
95.569244,208,11922.7371
87.263466,206,11924.639844
94.68921,162,11929.378135
84.858475,190,11929.386096
80.590996,206,11929.469319
97.63598,203,11930.777505
95.757034,195,11931.002452
-980.1183,116,11932.410028
95.61154,197,11936.031604
91.403725,210,11936.086859
-987.9597,112,11937.677742
96.412865,188,11940.808458
-961.6021,199,11941.424212
-984.0014,100,11943.301237
98.87918,199,11943.869464
77.797554,241,11944.734567
76.035095,264,11945.090132
83.38834,182,11946.396765
-986.5754,90,11949.011144
76.53552,234,11949.289958
93.27157,220,11953.326708
76.30632,249,11955.727044
89.14301,186,11955.834005
81.36575,236,11956.907678
93.94696,225,11957.660871
59.377323,233,11962.170209
62.351437,303,11963.465894
77.55672,255,11963.639035
105.09367,203,11964.674927
86.55603,181,11965.731599
77.058556,185,11965.855185
105.58885,189,11968.084645
87.0206,209,11968.436515
-999.95355,135,11969.806695
79.071724,179,11973.708941
96.73676,162,11974.067469
63.499664,212,11975.834141
83.42435,189,11976.720322
83.22922,212,11978.223647
-979.27356,181,11979.058395
98.96344,175,11980.079493
-973.56085,144,11982.757939
95.18558,146,11984.706933
58.534496,290,11985.279646
80.32922,190,11985.388481
101.800804,168,11986.748189
-973.5115,138,11987.361979
101.61026,189,11989.527702
-1004.4568,131,11990.109588
103.94159,187,11991.114419
-984.29895,144,11992.904663
-973.5535,127,11994.504718
83.3867,172,11995.168497
83.460396,185,11995.745404
96.55304,181,11996.990423
93.22598,158,11999.861483
96.58894,187,12000.381938
85.8855,229,12002.228606
89.54258,172,12002.494132
90.04385,190,12005.189031
85.13311,192,12005.95541
78.93458,228,12008.761989
-994.84454,152,12009.271188
-970.85803,165,12009.454819
79.41662,188,12013.482521
-963.86774,125,12013.589129
-975.50195,90,12014.418715
100.20546,171,12015.649847
70.384155,228,12016.197082
-1039.6437,349,12017.628995
84.54125,181,12020.169665
-987.0971,82,12020.344178
88.90164,183,12020.455561
-987.57324,146,12022.865709
91.56213,177,12023.882335
84.05563,177,12024.014939
-983.00867,158,12025.327934
94.44988,152,12026.290367
-985.9994,101,12031.092029
98.545815,191,12031.156497
79.16333,193,12031.554469
92.95914,196,12031.604164
-962.866,145,12032.112391
89.88436,194,12033.771886
101.7494,197,12035.016518
95.08284,162,12035.34214
-990.15796,110,12037.491664
-974.32715,131,12041.328013
96.93944,183,12041.457788
94.14877,203,12043.084797
-976.8749,206,12043.836573
79.17914,242,12044.866833
96.6026,179,12045.703843
93.634766,203,12049.544642
72.83311,255,12049.931637
84.82362,169,12051.162999
-965.8805,136,12053.547015
71.4409,225,12054.479951
96.402,191,12054.862601
88.85845,210,12055.187685
-992.7947,126,12056.929335
78.79452,188,12061.294117
92.401115,183,12063.214641
61.34697,320,12064.756461
86.01498,193,12066.045179
90.71411,197,12067.520199
69.44229,240,12069.924549
98.07549,155,12071.0903
64.75041,245,12071.274872
71.43208,221,12071.776359
-973.7811,124,12076.436965
78.20073,191,12077.384204
96.620766,199,12177.445337
89.86649,168,12179.524956
96.715324,161,12180.620486
82.02699,215,12183.159959
86.16994,234,12184.500266
90.571785,172,12185.036802
-1033.2577,376,12185.113444
95.17098,198,12187.439958
89.308685,192,12188.878157
-966.85657,116,12191.108888
76.3622,237,12193.299145
71.94023,238,12194.448416
93.87087,206,12195.045897
87.88677,181,12195.315919
-1000.5679,98,12196.817554
88.01421,225,12198.032894
-968.4693,199,12200.477263
-990.4703,97,12201.109704
-963.42773,142,12202.816555
84.74832,267,12202.961564
-985.1724,137,12205.067062
97.88476,208,12205.70235
95.08687,184,12206.157534
-974.92535,117,12212.017529
76.70431,236,12212.135498
109.44943,221,12213.565445
108.89207,214,12213.79076
-966.80096,142,12214.321435
95.74364,182,12216.205481
82.27827,244,12217.163206
74.07414,305,12220.519183
82.87866,186,12222.575738
105.77629,199,12223.196549
88.68453,212,12225.667113
81.28733,217,12226.633651
86.99216,195,12227.298128
80.42314,247,12227.563926
53.23507,255,12231.817052
99.28152,155,12232.172731
106.958305,207,12232.493707
-1008.2304,94,12233.144934
98.806885,217,12235.340708
86.776436,171,12235.901659
99.66245,171,12236.721859
76.60494,226,12240.308497
97.163704,187,12242.49389
86.01209,176,12242.49389
86.96044,187,12243.764648
97.751305,169,12244.781907
102.1429,226,12245.102401
93.985466,193,12246.691079
75.172714,243,12250.205952
84.50722,177,12250.205952
92.56967,161,12251.481205
91.96034,174,12252.163691
101.115585,170,12253.998945
82.50872,211,12255.409752
86.34327,167,12255.835858
-974.36456,122,12258.320472
84.42042,181,12260.354205
100.39044,172,12261.925118
-1035.2902,329,12263.39911
-1007.318,184,12264.37721
73.34411,272,12265.306063
89.834595,190,12266.042826
-1018.9339,110,12266.409788
72.19123,192,12266.57654
102.43462,189,12269.055932
-978.2142,95,12272.352359
91.56886,163,12273.264198
83.74327,165,12274.737187
79.74898,223,12275.515769
100.53277,179,12277.778262
104.33985,190,12279.465157
90.40505,183,12281.846638
-984.61957,88,12282.014802
76.69606,256,12282.653591
-964.13983,170,12284.61091
99.68666,192,12287.233314
-999.3441,86,12289.017132
76.21284,217,12290.720831
92.07778,158,12291.114367
99.14609,186,12291.672955
94.886375,163,12294.070187
76.62803,208,12297.849074
-991.78754,175,12298.171184
-974.49774,155,12299.500717
-975.3614,122,12301.543431
-988.319,137,12302.093417
101.90887,180,12304.908079
78.17259,225,12306.577508
96.24006,187,12308.638725
-974.60583,198,12313.407933
-979.17004,91,12313.490727
96.06638,153,12313.621014
78.52769,185,12315.442177
-974.1934,144,12315.75203
78.06897,236,12315.875998
88.70619,247,12318.117877
-970.7174,114,12321.919621
84.35614,206,12324.298488
92.73263,187,12327.559169
91.75476,192,12328.158063
102.47166,187,12329.866187
101.40499,206,12331.349829
103.09724,200,12331.443404
91.292854,196,12334.184124
100.80644,162,12335.417392
-978.0008,176,12341.950459
61.42327,247,12343.937386
88.32169,176,12345.358723
88.723175,177,12345.358723
82.37815,218,12345.602234
84.06376,177,12347.241936
70.73381,241,12348.72376
84.061775,244,12353.121948
100.33212,162,12356.501376
88.73596,179,12357.461951
67.50494,211,12358.230542
73.35719,195,12358.618477
78.42976,259,12359.57305
65.76113,229,12362.268026
74.14039,241,12364.295166
99.31082,146,12365.28534
82.92794,211,12370.42063
71.965744,205,12371.546154
87.8097,192,12371.641442
-968.37427,143,12375.202555
64.745705,260,12375.267437
-1012.7991,344,12375.537802
87.46357,226,12377.785701
88.04399,193,12377.959049
-989.0838,87,12378.579965
-977.8425,158,12382.433851
90.193634,173,12384.545199
86.40504,197,12389.893491
92.38211,212,12390.650179
84.24118,236,12392.766993
84.421455,211,12393.524275
95.72276,251,12395.262731
63.520123,278,12397.124571
82.2439,194,12397.755087
-980.4198,115,12398.369419
69.58929,240,12399.066766
-981.16907,98,12401.589632
101.88775,166,12402.773569
76.435356,227,12404.487381
-976.95374,121,12404.674332
-967.8363,133,12407.033796
98.305145,210,12407.13365
96.340225,146,12408.752819
106.82145,188,12410.250573
79.15786,195,12415.616133
-990.8463,105,12416.37857
92.791885,160,12416.814866
71.879875,220,12418.728486
86.98006,170,12419.130179
80.40223,224,12419.207085
-999.71094,276,12419.45419
73.319984,214,12420.535302
90.01582,173,12426.640764
-995.6142,128,12426.693819
-965.35565,161,12427.973522
99.55414,212,12429.260995
90.97572,185,12429.609494
92.363014,192,12431.248108
81.4843,239,12432.987976
38.416286,311,12434.192743
90.24965,184,12437.496575
-991.58795,178,12438.489145
90.984764,202,12438.551802
98.192375,157,12438.937611
-966.3151,158,12440.668586
84.4749,203,12441.259218
-979.4701,142,12442.280137
-986.42694,131,12445.940551
68.40068,252,12447.451217
76.93904,185,12448.936239
84.17267,220,12449.753033
77.30096,204,12450.313917
87.91674,176,12450.931345
87.85016,207,12452.132972
75.851295,184,12452.360878
103.21061,176,12455.641883
84.58638,173,12456.876028
98.04113,147,12456.979467
95.28684,140,12458.085685
-1006.91644,151,12459.424072
84.85203,201,12460.993935
105.02592,195,12463.097531
79.86502,218,12464.697338
85.14582,174,12465.582886
96.75777,150,12465.718726
89.292145,187,12467.709023
-980.0276,143,12467.709023
-995.737,97,12468.793176
73.80333,202,12469.739739
96.46499,156,12474.016647
79.72239,231,12474.781095
84.7198,185,12476.608619
-967.9511,157,12478.291288
114.55449,212,12478.36895
78.35938,181,12478.603604
-993.4799,147,12478.725726
-973.37305,103,12480.851798
81.567604,222,12481.035321
-979.9061,120,12481.153267
-975.94794,100,12484.537189
85.233284,178,12488.598193
-991.6203,136,12488.940823
-994.49115,78,12489.010364
105.07003,192,12489.509472
99.25514,224,12489.790684
107.19121,200,12490.544354
-980.191,169,12491.272274
85.33597,226,12494.977778
-983.3582,86,12495.566029
98.74273,144,12499.601391
-974.10394,108,12502.87531
74.79393,208,12502.967488
71.13487,227,12504.601334
98.15027,212,12505.787412
70.76093,234,12506.682254
-997.9926,126,12508.614376
74.88156,237,12511.387803
55.012825,323,12511.532992
101.8675,151,12515.166402
-970.023,137,12518.080843
80.95058,239,12519.642875
81.40664,205,12521.020647
75.259026,205,12525.674213
85.921814,218,12526.723938
-1027.568,309,12527.414956
90.237915,180,12527.874646
83.69705,189,12531.610345
-1050.3103,419,12532.63444
88.808136,191,12533.344369
-995.0446,105,12533.34638
72.73592,215,12536.426126
-964.1448,124,12536.522225
-979.77435,92,12538.137222
86.24437,186,12540.324591
-975.7878,108,12541.339581
-975.4664,126,12542.042747
97.11263,194,12542.347989
99.27438,215,12549.435486
-963.71606,120,12551.21726
93.236084,202,12551.742426
-983.67456,198,12553.051496
74.61041,250,12554.688418
71.17648,212,12556.30351
92.21829,228,12558.08396
68.896736,257,12558.68537
-1004.85913,95,12562.280565
82.09536,200,12562.280565
90.03054,187,12562.911207
92.24472,196,12563.960001
76.414185,223,12566.510555
65.65195,218,12567.862925
95.30513,188,12569.663548
80.24815,205,12570.093967
-971.61523,141,12571.083003
-970.08154,132,12571.409877
85.54212,188,12573.374821
76.48262,199,12574.060226
-964.55115,123,12575.396502
98.53996,167,12577.063874
-1014.38837,106,12578.46972
